tree
version=v4
num_class=1
num_tree_per_iteration=1
label_index=0
max_feature_idx=59
objective=binary sigmoid:1
feature_names=Column_0 Column_1 Column_2 Column_3 Column_4 Column_5 Column_6 Column_7 Column_8 Column_9 Column_10 Column_11 Column_12 Column_13 Column_14 Column_15 Column_16 Column_17 Column_18 Column_19 Column_20 Column_21 Column_22 Column_23 Column_24 Column_25 Column_26 Column_27 Column_28 Column_29 Column_30 Column_31 Column_32 Column_33 Column_34 Column_35 Column_36 Column_37 Column_38 Column_39 Column_40 Column_41 Column_42 Column_43 Column_44 Column_45 Column_46 Column_47 Column_48 Column_49 Column_50 Column_51 Column_52 Column_53 Column_54 Column_55 Column_56 Column_57 Column_58 Column_59
feature_infos=[1:16] [0:76] [1:30] [0:6] [0:5] [-5:6] [0:1] [0:1] [0:1] [0:3] [1:16] [0:74] [1:30] [0:5] [0:6] [-6:5] [0:1] [0:1] [0:1] [0:3] [-15:15] [-51:53] [-1:1] [-5:6] [0:12] [339:351] [0.10199999999999999:0.73899999999999999] [0.13400000000000001:0.35199999999999998] [0.10199999999999999:0.73899999999999999] [1.6220000000000001:3.4279999999999999] [1.226:1.7410000000000001] [0.504:0.90800000000000003] [0.23300000000000001:0.68300000000000005] [0.071999999999999995:0.46800000000000003] [0.317:0.76700000000000002] [0.53200000000000003:0.92800000000000005] [0.32000000000000001:0.65000000000000002] [0.34999999999999998:0.68000000000000005] none [2.2829999999999999:2.8450000000000002] [0.65000000000000002:0.81399999999999995] [0.39700000000000002:0.56200000000000006] [0.19600000000000001:0.33800000000000002] [0.66200000000000003:0.80400000000000005] [0.38200000000000001:0.57099999999999995] none none none none none none none none none none none none none none [1:30]
tree_sizes=3444 3442 3456 3459 3455 3434 3360 3441 3458 3450 3444 3442 3452 3457 3465 3458 3442 3438 3442 3441 3451 3444 3452 3341 3464 3477 3455 3450 3467 3467 3457 3456 3472 3450 3453 3347 3430 3458 3444 3355 3464 3445 3455 3243 3025 3453 3448 3471 3138 3449 3449 3470 3251 3348 3251 3453 3470 3232 3469 3353 3469 3238 3137 3351 3171 3144 3353 3249 2921 3465 3087 3136 3256 3264 3022 3151 3146 3252 2903 3375 2828 2911 2715 3044 3055 3098 3141 3048 3143 3241 3213 3141 3122 3364 2825 2926 3014 3478 3457 2504 3004 3133 2818 2805 2940 2718 3168 3352 3347 3012 3488 3057 2715 2924 3017 2919 3005 3455 3041 3261 3366 3458 3232 2718 1956 2817 3045 3026 2611 2067 2902 3021 2710 3357 3146 2061 3062 3340 2498 3469 3459 3472 3240 2075 2726 2281 3136 3128 3477 3021 2937 3136 2925 2081 2935 2806 2832 3252 2826 2705 3022 2823 3490 3227 2930 2394 3494 2607 3152 2831 3128 2923 2607 3259 2815 3465 3255 2200 2698 3369 2685 2944 3143 2718 3468 2825 2803 2410 3333 1846 3365 2804 3028 3324 2778 2284 3147 2810 2706 2694 2397 2711 3330 3222 2501 2490 2945 2829 2598 1013 1978 2612 2717 2932 2927 2692 2614 3115 3036 2073 2791 2511 2898 3365 2906 1002 3160 3467 3030 2712 2521 2092 2924 2607 2497 3025 3015 2493 2925 1762 2393 1540 3126 3144 2500 3168 2510 2577 3122 3449 1632 2798 2278 1851 2802 2613 1540 3231 1744 3487 3368 2925 2720 2921 2589 2904 2483 2827 2419 2621 2395 3125 2599 2487 1545 2610 2632 3132 3356 2921 1975 1632 2495 2918 3115 2281 3348 2937 2936 3370 2282 2624 2817 3059 2591 1857 1537 3256 2586 2932

Tree=0
num_leaves=31
num_cat=0
split_feature=24 13 24 24 24 13 13 24 20 13 20 5 24 22 11 1 13 13 24 3 13 15 24 13 30 2 13 3 40 1
split_gain=1836.88 805.311 300.096 260.014 229.331 207.914 202.133 160.893 111.38 101.077 100.396 76.6847 73.1076 70.0192 56.3919 51.1318 50.0729 40.2129 31.4247 28.7297 24.7761 24.7278 13.8628 11.3996 9.60481 5.8584 4.28516 1.16488 1.14302 3.13886
threshold=2.9475000000000007 1.1635000000000002 4.0015000000000009 2.0395000000000008 2.3485000000000005 0.54000000000000015 1.8545000000000003 3.4310000000000005 1.5000000000000002 2.6835000000000004 -1.4999999999999998 -0.38299999999999995 2.6895000000000002 0.87777777777777788 4.5000000000000009 3.5000000000000004 1.9665000000000001 0.68600000000000005 2.7335000000000007 1.1805000000000001 0.7875000000000002 -1.0409999999999997 4.8335000000000008 1.2830000000000001 1.6180000000000001 1.5000000000000002 1.0000000180025095e-35 1.7925000000000002 0.71650000000000003 5.5000000000000009
decision_type=2 2 2 2 2 2 2 2 2 2 2 2 2 2 2 2 2 2 2 2 2 2 2 2 2 2 2 2 2 2
left_child=1 3 5 14 6 13 11 10 18 -8 -7 -3 17 19 25 -9 -10 -5 -6 -2 -16 -14 23 24 -4 -1 -15 -25 29 -24
right_child=2 4 22 12 8 7 9 15 16 -11 -12 -13 21 26 20 -17 -18 -19 -20 -21 -22 -23 28 27 -26 -27 -28 -29 -30 -31
leaf_value=-0.16228589720905351 -0.14083436704432239 -0.077075321529716287 -0.0044145838296224954 -0.1212781527977603 -0.074206192042378452 -0.04788418840362535 -0.058885461588519969 0.030315674003817419 -0.044071201929604134 0.011351267310185889 -0.013329554929476968 -0.099853486837147926 -0.11102330338544487 -0.16228589720905351 -0.14472324093383504 -0.016081032747603918 -0.011791495586706606 -0.096915313509430751 -0.052926556086161203 -0.064221759313139878 -0.1138764222022698 -0.074472615832961261 0.037928384328436829 0.0078962420978132691 0.035185722937512307 -0.14588178590661208 -0.11223232682468093 0.033378059748039313 0.036673122375223716 0.0058940992824383642
leaf_weight=100.39243876934052 13.985016345977781 899.53622996807098 95.647522509098053 207.27792084217072 411.55905246734619 1107.0638832449913 554.15627270936966 65.67963033914566 606.10061913728714 56.439530253410339 259.4719997048378 627.07814365625381 51.694613993167877 29.718159735202789 85.408492684364319 619.33643817901611 149.83946084976196 926.25760048627853 299.92865413427353 97.895114421844482 273.70674848556519 441.27721220254898 19.728862345218658 4.9946486949920645 18.230467736721039 118.87263894081116 4.9946486949920645 43.952908515930176 79.664646685123444 12.486621737480162
leaf_count=402 56 3602 383 830 1648 4433 2219 263 2427 226 1039 2511 207 119 342 2480 600 3709 1201 392 1096 1767 79 20 73 476 20 176 319 50
internal_value=-0.0654538 -0.0808163 -0.0293624 -0.104619 -0.0662568 -0.0355199 -0.076707 -0.0314094 -0.0510368 -0.0523932 -0.0413231 -0.0864318 -0.0943797 -0.0930465 -0.133412 -0.0116325 -0.0376728 -0.10137 -0.0652357 -0.0737983 -0.121213 -0.0783054 0.0199091 0.0105985 0.00192494 -0.153393 -0.155084 0.0307779 0.0334593 0.025512
internal_weight=8282.38 5809.53 2472.85 2204.89 3604.64 2198.14 2137.21 2051.55 1467.43 610.596 1366.54 1526.61 1626.51 146.593 578.38 685.016 755.94 1133.54 711.488 111.88 359.115 492.972 274.706 162.826 113.878 219.265 34.7128 48.9476 111.88 32.2155
internal_count=33165 23263 9902 8829 14434 8802 8558 8215 5876 2445 5472 6113 6513 587 2316 2743 3027 4539 2849 448 1438 1974 1100 652 456 878 139 196 448 129
is_linear=0
shrinkage=1


Tree=1
num_leaves=31
num_cat=0
split_feature=24 13 4 24 24 24 4 4 3 11 13 4 24 24 4 4 24 24 24 13 3 13 21 4 36 4 1 27 24 19
split_gain=1658.01 727.147 370.382 274.933 268.342 231.766 224.221 129.487 134.657 118.904 103.69 77.7446 74.9337 74.9208 60.9655 60.0434 58.6157 44.6943 43.8939 31.337 29.3796 26.5989 17.5378 10.971 8.082 7.08885 6.4941 2.8604 1.765 2.67156
threshold=2.9555000000000007 1.1345000000000003 1.5210000000000001 2.1010000000000004 4.0015000000000009 2.0010000000000003 0.93550000000000011 2.1455000000000006 0.95350000000000013 1.0000000180025095e-35 0.98350000000000015 1.3655000000000002 2.5215000000000001 3.5025000000000004 1.0850000000000002 1.2365000000000002 3.9185000000000003 3.1115000000000008 2.6895000000000002 0.7965000000000001 0.90250000000000019 1.6830000000000001 5.5000000000000009 0.45850000000000007 0.5375000000000002 0.88700000000000012 5.5000000000000009 0.19050000000000003 4.3335000000000008 1.0850000000000002
decision_type=2 2 2 2 2 2 2 2 2 2 2 2 2 2 2 2 2 2 2 2 2 2 2 2 2 2 2 2 2 2
left_child=1 5 3 15 6 14 9 8 -4 23 17 18 -5 -11 26 -3 -12 -8 -7 -16 -13 -9 28 -2 25 -24 -1 -26 29 -6
right_child=4 2 7 12 22 11 10 21 -10 13 16 20 -14 -15 19 -17 -18 -19 -20 -21 -22 -23 24 -25 27 -27 -28 -29 -30 -31
leaf_value=-0.090434604571483779 -0.088757381278818603 -0.050008011484036385 -0.0049160447214534192 -0.011271135806204651 0.060545167006743554 -0.045582095877003778 -0.0018671860371022933 0.03596175068754396 0.030251016351863669 -0.0018018656624553362 0.044524729446963243 -0.031229311490986674 0.010171385730541513 0.037565714366468182 -0.075869631556882811 -0.022896572357068292 0.086751723032905501 0.030190160254711586 -0.022337145292283877 -0.041126068285534972 -0.0081656554215569829 0.077481051054333325 0.045913801600215798 -0.028042620523080639 0.056624288493206665 0.072965888558700329 -0.072420446708914232 0.091272468039249599 0.096712474462557499 0.098812310864610425
leaf_weight=165.50659991800785 34.547441467642784 401.96890076994896 491.62800146639347 826.25551584362984 8.9989671707153338 595.18077093362808 152.13411112129688 61.425231710076332 609.89552511274815 421.26798795163631 920.71532107889652 196.99042822420597 803.82016585767269 169.47464720904827 92.016318097710609 415.125886246562 90.23566360771656 381.06806568801403 308.28237204253674 220.23908807337284 461.72107934951782 103.6943494528532 43.746073573827744 9.4826763272285444 6.9992483854293814 54.245495736598969 71.705597370862961 39.991052478551865 111.7185967862606 9.2481000423431379
leaf_count=666 139 1611 1969 3310 36 2387 609 246 2442 1686 3684 790 3218 678 370 1663 361 1525 1235 884 1851 415 175 38 28 217 288 160 447 37
internal_value=-1.17386e-06 -0.0145232 -0.00120283 -0.0125629 0.0344739 -0.0379502 0.0286004 0.0207449 0.0145554 0.00358413 0.0388842 -0.0281261 -0.000697436 0.00949207 -0.0658807 -0.036234 0.0482938 0.0210435 -0.0376504 -0.0513644 -0.0150629 0.0620357 0.0810201 -0.0756814 0.069064 0.0608891 -0.0849892 0.0861116 0.0943576 0.07994
internal_weight=8279.33 5825.46 3713.81 2447.17 2453.87 2111.64 2178.93 1266.64 1101.52 634.773 1544.15 1562.17 1630.08 590.743 549.468 817.095 1010.95 533.202 903.463 312.255 658.712 165.12 274.948 44.0301 144.982 97.9916 237.212 46.9903 129.966 18.2471
internal_count=33165 23345 14874 9802 9820 8471 8720 5072 4411 2541 6179 6263 6528 2364 2208 3274 4045 2134 3622 1254 2641 661 1100 177 580 392 954 188 520 73
is_linear=0
shrinkage=0.05


Tree=2
num_leaves=31
num_cat=0
split_feature=24 13 4 24 24 24 4 4 4 24 4 24 13 13 4 13 4 4 21 13 13 24 16 11 4 13 14 21 11 30
split_gain=1499.92 684.267 296.503 265.725 265.021 173.763 137.21 115.779 100.028 113.458 96.74 91.992 206.25 82.2201 77.9099 50.8521 48.1768 44.8612 43.4029 40.4968 36.4012 35.9243 27.0972 21.3191 20.3517 15.356 10.4595 7.95364 4.55839 0.583895
threshold=2.8975000000000004 1.3390000000000002 1.5210000000000001 3.5295000000000001 2.1115000000000008 2.3545000000000003 0.93550000000000011 1.3585000000000003 2.1455000000000006 1.8895000000000002 1.2620000000000002 4.2580000000000009 1.0000000180025095e-35 1.1695000000000002 1.2365000000000002 0.94850000000000001 0.95350000000000013 1.4190000000000003 3.5000000000000004 0.7875000000000002 1.0680000000000003 3.1115000000000008 0.51950000000000018 4.5000000000000009 0.34500000000000003 2.6835000000000004 0.91850000000000021 5.5000000000000009 3.5000000000000004 1.4675000000000002
decision_type=2 2 2 2 2 2 2 2 2 2 2 2 2 2 2 2 2 2 2 2 2 2 2 2 2 2 2 2 2 2
left_child=1 4 5 6 10 14 22 15 9 -4 23 12 -5 21 -3 -6 -7 -15 -14 -12 -9 -8 24 -1 -2 -10 -24 29 -29 -13
right_child=3 2 8 11 7 16 13 20 25 -11 19 27 18 17 -16 -17 -18 -19 -20 -21 -22 -23 26 -25 -26 -27 -28 28 -30 -31
leaf_value=-0.085711499527402646 -0.054707880424718504 -0.03615899717254132 -0.0084561212237304027 -0.085936975598506382 -0.043711312604679031 -0.011909959426473563 0.0049688737893420661 -0.015303202242614614 0.054248523898527072 0.031048454508812346 -0.071266784816125195 0.085214049827154331 0.075527443299058458 0.033562254298271518 -0.0084326599716331805 -0.022326757191254903 0.016391354951654891 0.064082639420735069 0.043734114081750652 -0.033108490064876615 0.0062621364252248724 0.027245662978783267 -0.025358899698796664 -0.062429063227930161 -0.0038923763041133807 0.09172423461675569 0.049385804066419438 0.061565642263795586 0.084008972939012438 0.093520690215514457
leaf_weight=170.46443581581116 20.68045961856842 517.57201646268368 264.92662493884563 28.818481996655464 498.37144289910793 204.56089654564857 320.96102210879326 521.82703086733818 105.22242426872253 578.92133830487728 83.298204943537712 27.643793687224388 138.77099561691284 396.19811993837357 496.33571290969849 628.70957577228546 567.63710343837738 172.96352706849575 474.04000775516033 420.72218576073647 313.07932823896408 414.9516683369875 5.4976809173822394 232.32639083266258 417.2055985480547 36.928216710686684 31.488239884376526 49.15875081717968 41.914904803037643 90.134686067700386
leaf_count=692 83 2078 1061 117 2003 819 1285 2094 421 2317 337 111 556 1585 1990 2522 2272 692 1897 1690 1254 1660 22 936 1670 148 126 197 168 362
internal_value=-2.25566e-06 -0.0145419 0.00317356 0.0311778 -0.0316603 -0.00897611 0.0201928 -0.0213287 0.0251823 0.018646 -0.0540141 0.0541681 0.0447862 0.0285667 -0.0225862 -0.0317826 0.00889413 0.0428371 0.0509337 -0.0394148 -0.00721647 0.0175299 -0.00282107 -0.0722824 -0.00629229 0.063984 0.0382756 0.0829908 0.0718948 0.091571
internal_weight=8271.33 5640.9 2772.1 2630.43 2868.8 1786.11 1779.95 1961.99 985.999 843.848 906.811 850.482 641.629 1305.07 1013.91 1127.08 772.198 569.162 612.811 504.02 834.906 735.913 474.872 402.791 437.886 142.151 36.9859 208.852 91.0737 117.778
internal_count=33165 22634 11106 10531 11528 7159 7123 7873 3947 3378 3655 3408 2570 5222 4068 4525 3091 2277 2453 2027 3348 2945 1901 1628 1753 569 148 838 365 473
is_linear=0
shrinkage=0.05


Tree=3
num_leaves=31
num_cat=0
split_feature=24 13 24 24 13 24 5 24 13 13 13 24 11 21 3 21 24 1 24 13 24 21 5 30 14 8 2 44 21 13
split_gain=1356.08 606.208 266.506 223.604 166.661 161.515 127.684 116.617 99.4882 81.9742 74.5493 72.0381 71.6554 69.3854 63.1287 59.5712 51.2914 39.269 35.7054 33.0697 26.7224 14.7643 11.0842 9.53741 8.51602 4.38592 2.50162 1.56687 0.641917 0.160178
threshold=2.9555000000000007 1.3390000000000002 2.1115000000000008 4.0015000000000009 0.67300000000000015 1.9675000000000002 -0.74549999999999994 3.4310000000000005 2.6835000000000004 0.91850000000000021 1.0000000180025095e-35 2.5215000000000001 3.5000000000000004 -1.0000000180025095e-35 0.98350000000000015 -3.4999999999999996 2.6895000000000002 3.5000000000000004 2.5835000000000004 0.7875000000000002 3.1255000000000002 5.5000000000000009 -1.0164999999999997 1.6180000000000001 1.6380000000000001 0.76388888888888895 1.5000000000000002 0.44450000000000006 4.5000000000000009 0.74550000000000016
decision_type=2 2 2 2 2 2 2 2 2 2 2 2 2 2 2 2 2 2 2 2 2 2 2 2 2 2 2 2 2 2
left_child=1 2 12 4 10 8 14 13 15 18 25 -8 26 -6 -7 -3 -11 -9 -4 -14 -12 27 -10 24 -23 -2 -1 -5 -29 -25
right_child=3 5 9 21 7 6 11 17 22 16 20 -13 19 -15 -16 -17 -18 -19 -20 -21 -22 23 -24 29 -26 -27 -28 28 -30 -31
leaf_value=-0.085644364227785874 -0.034193983739931842 -0.014416655953384329 -0.040830441387933944 0.06389418922516836 0.053417643622566291 0.018110154594256498 -0.0023279239909267473 0.085570386270966248 0.08499615103843855 -0.017678292273853695 -0.027276116655372853 0.018643041558820465 -0.069207958821462023 0.01787320174143886 0.065290333413840856 -0.062486174983082614 0.0043752450918551657 0.044349396611856128 -0.020173669670546068 -0.040053161768215703 0.0099869351131015166 0.0068562927304229348 0.023268058913168251 0.081710214603909689 0.060385414152444694 -0.084765479685946832 -0.073614185701178655 0.088936350477937798 0.077917694215939026 0.091665260431213064
leaf_weight=97.676331996917725 4.9772492349147788 731.6567562520504 444.44969326257706 7.4210883975028983 156.76293356716633 138.90993659198284 1034.1496810168028 64.21843945980072 25.075509458780289 852.22028067708015 66.891102507710457 677.98421736061573 115.68678478896618 1105.7506626993418 144.81379440426826 70.678074643015862 381.75284178555012 575.98746433854103 395.21322685480118 610.75908109545708 171.38194546103477 7.9711182117462149 10.243141204118727 4.9592660665512112 109.47797150909901 30.930874913930893 77.500643745064735 106.0107259452343 15.100696340203283 21.81499582529068
leaf_count=402 20 2936 1791 30 628 556 4147 259 101 3422 268 2713 472 4425 580 284 1530 2307 1589 2464 686 32 41 20 440 127 317 429 61 88
internal_value=-3.11999e-06 -0.0131607 -0.0289237 0.0311968 0.0258496 0.00339088 0.0111245 0.0311013 -0.0150358 -0.0190561 -0.0105952 0.00597632 -0.0516179 0.0222867 0.0421911 -0.0186511 -0.0108556 0.0484842 -0.0311077 -0.0446961 -0.000474032 0.0738734 0.0670937 0.0628915 0.0567525 -0.0777557 -0.0803221 0.086196 0.0875625 0.0898213
internal_weight=8258.43 5808.77 2975.26 2449.66 2176.9 2833.51 1995.86 1902.72 837.653 2073.64 274.181 1712.13 901.623 1262.51 283.724 802.335 1233.97 640.206 839.663 726.446 238.273 272.756 35.3187 144.223 117.449 35.9081 175.177 128.533 121.111 26.7743
internal_count=33165 23345 11987 9820 8720 11358 7996 7619 3362 8332 1101 6860 3655 5053 1136 3220 4952 2566 3380 2936 954 1100 142 580 472 147 719 520 490 108
is_linear=0
shrinkage=0.05


Tree=4
num_leaves=31
num_cat=0
split_feature=32 14 13 14 14 4 14 4 4 13 14 15 59 13 7 8 7 4 15 11 4 14 4 13 5 13 18 4 5 13
split_gain=617.21 362.78 252.24 193.573 141.511 106.723 108.141 86.3662 85.989 81.7861 76.9562 90.0426 71.3572 62.4344 54.7649 48.446 45.0454 42.9822 33.9721 27.9179 24.1667 23.3379 21.5472 17.8486 14.5071 16.9683 14.3643 7.99254 6.4394 6.33755
threshold=0.45500000000000007 1.5965000000000003 1.5085000000000002 1.0365000000000002 1.0930000000000002 2.2290000000000005 0.96350000000000013 1.0725000000000002 1.2545000000000002 0.86850000000000016 2.2545000000000006 -1.6199999999999999 3.5000000000000004 1.7350000000000003 0.078500000000000014 0.36666666666666675 0.26500000000000007 0.94850000000000001 -2.1834999999999996 7.5000000000000009 1.1455000000000002 1.9835000000000003 2.0930000000000004 0.72900000000000009 0.92450000000000021 1.3965000000000003 1.0000000180025095e-35 0.89850000000000019 1.2245000000000001 1.7020000000000002
decision_type=2 2 2 2 2 2 2 2 2 2 2 2 2 2 2 2 2 2 2 2 2 2 2 2 2 2 2 2 2 2
left_child=4 2 3 7 8 6 -4 -2 19 15 11 26 21 23 -13 20 -14 -5 -17 28 -6 -11 -15 -10 25 -12 -3 -21 -1 -7
right_child=1 10 5 17 9 29 -8 -9 13 12 24 14 16 22 -16 18 -18 -19 -20 27 -22 -23 -24 -25 -26 -27 -28 -29 -30 -31
leaf_value=-0.074197172143515219 -0.051042529804767894 -0.075455170672622862 -0.0029574910589916918 -0.014494373577357106 -0.076764831890201668 0.031969542485578609 0.022691108302925606 -0.015558706600839392 -0.062168225817259386 0.010821328734448132 0.032773342793163164 0.057401070006145999 0.0019942759256498456 0.0067740155866008178 0.025663858389271061 0.068535539039195695 -0.018081630991117065 0.0055844832134244703 -0.017554230234244444 -0.054912947108052938 -0.035673274913310925 0.067423956955861938 0.072327535806660223 -0.025163860818111835 0.076697040559008015 0.082626006046705835 0.0014629220373312654 -0.038273917439113715 -0.021892019706636699 0.075873727219153975
leaf_weight=111.22608008980751 298.39075611531734 23.394267976284031 643.8705813139677 343.83435901999474 43.622101709246635 9.2332976758480054 1136.0989109277725 403.20231914520264 36.317914545536041 31.276055380702019 56.547973096370697 157.9169005304575 651.88307045400143 73.818533763289452 976.12154030799866 11.772136017680166 489.00572516024113 1185.5329681783915 431.27796667814255 102.64417436718941 199.05957579612732 43.593393489718437 15.099512562155722 317.17086467146873 93.945799544453621 24.448324725031853 8.1962302476167661 243.1087416857481 6.2130163460969916 74.866782546043396
leaf_count=459 1215 97 2583 1380 177 37 4552 1624 149 126 228 637 2618 296 3916 48 1966 4758 1739 415 805 177 61 1278 383 99 33 982 25 302
internal_value=-3.63589e-06 0.00982869 0.00243801 -0.00890513 -0.0190428 0.0160137 0.0134132 -0.0306501 -0.0353101 -0.0112953 0.0324049 0.0277639 -0.00350752 -0.0195451 0.0300833 -0.0251027 -0.00661062 0.00107033 -0.0152668 -0.0503677 -0.0430595 0.0437787 0.0179059 -0.0289657 0.0633278 0.0478211 -0.0554986 -0.0432136 -0.07143 0.0710535
internal_weight=8242.69 5435.6 4095.03 2230.96 2807.09 1864.07 1779.97 701.593 905.599 1901.49 1340.57 1165.63 1215.76 442.407 1134.04 685.732 1140.89 1529.37 443.05 463.192 242.682 74.8694 88.918 353.489 174.942 80.9963 31.5905 345.753 117.439 84.1001
internal_count=33165 21844 16451 8977 11321 7474 7135 2839 3665 7656 5393 4683 4887 1784 4553 2769 4584 6138 1787 1881 982 303 357 1427 710 327 130 1397 484 339
is_linear=0
shrinkage=0.05


Tree=5
num_leaves=31
num_cat=0
split_feature=3 4 14 13 13 59 3 4 4 14 3 1 4 3 3 14 3 4 13 14 13 13 14 13 3 7 22 4 13 14
split_gain=836.607 449.495 377.549 203.062 174.683 134.79 132.946 129.376 104.054 98.1636 87.7375 87.2745 76.3861 75.8723 63.2319 44.0507 40.2395 40.1642 36.3588 19.8435 19.8027 19.4927 19.2231 19.0827 19.7588 17.5927 15.2026 13.1179 13.0592 3.32505
threshold=1.2195000000000003 1.4820000000000004 1.4750000000000003 1.1960000000000002 1.5580000000000003 3.5000000000000004 2.1015000000000006 0.26150000000000007 2.1455000000000006 0.90250000000000019 0.77100000000000013 3.5000000000000004 1.2620000000000002 1.6830000000000001 0.96100000000000008 0.95350000000000013 0.82700000000000007 0.87250000000000016 1.3020000000000003 1.8985000000000001 0.7965000000000001 2.4310000000000005 1.768 1.3270000000000002 0.98350000000000015 0.30600000000000005 0.8500000000000002 1.2195000000000003 2.6835000000000004 1.6610000000000003
decision_type=2 2 2 2 2 2 2 2 2 2 2 2 2 2 2 2 2 2 2 2 2 2 2 2 2 2 2 2 2 2
left_child=1 5 4 16 9 23 7 26 10 25 -5 -9 15 -11 18 -6 20 -16 -7 27 -3 -14 -18 29 -25 -2 -4 -8 -10 -1
right_child=2 3 6 8 12 14 19 11 28 13 -12 -13 21 -15 17 -17 22 -19 -20 -21 -22 -23 -24 24 -26 -27 -28 -29 -30 -31
leaf_value=-0.077877834499623572 -0.023765845356717712 -0.057630370433476054 -0.001938543648959288 -0.013963517972315639 -0.010185239004346395 -0.045437523254451884 0.040009827399705676 0.078181772949706366 0.047479723672811246 -0.0092656385397775869 0.019692654384771271 0.026558306868487643 0.035316248211107654 0.014251990446567653 -0.041761591501722831 0.019562612275149341 -0.014835710003640557 -0.013806862567866288 -0.026285540668969078 0.077110979751114653 -0.026549887399676043 0.082905538250955021 0.015558134343158395 -0.066929489353804314 -0.0059874055682793128 -0.050177232805412003 -0.082047434173128417 0.075225002387240197 0.083056506062701763 -0.055749832232590515
leaf_weight=161.45064908266068 224.61951169371605 73.533940210938454 7.4473665654659262 275.19783931970596 192.8608799725771 526.39216160774231 89.286546304821968 87.592083692550659 101.8047444075346 897.52664561569691 653.39752627909184 1253.6017048060894 360.28384324908257 555.04071675240993 153.44293788075447 350.8141355663538 336.16026231646538 790.11760050058365 468.25261543691158 154.88332198560238 169.11046932637691 22.884361431002617 61.54743592441082 32.38086399435997 22.571839824318886 87.655641183257103 28.922366619110107 37.573582962155342 34.547771990299225 18.971584141254425
leaf_count=680 907 302 30 1104 774 2138 360 358 409 3608 2618 5030 1444 2224 620 1405 1357 3183 1884 637 684 92 247 131 91 355 122 152 142 77
internal_value=-4.013e-06 -0.016888 0.015048 0.00232816 0.0034838 -0.0319642 0.033807 0.0274065 0.0157073 -0.00574687 0.00971834 0.0299298 0.0210603 -0.000279314 -0.0276252 0.00900999 -0.0199223 -0.0183529 -0.0364213 0.0651018 -0.0359689 0.0381585 -0.0101321 -0.067694 -0.0418975 -0.0311795 -0.0656437 0.0504399 0.0564938 -0.0755511
internal_weight=8229.87 3878.88 4350.99 1705.3 2691.69 2173.58 1659.31 1377.56 1064.95 1764.84 928.595 1341.19 926.843 1452.57 1938.21 543.675 640.352 943.561 994.645 281.743 242.644 383.168 397.708 235.375 54.9527 312.275 36.3697 126.86 136.353 180.422
internal_count=33165 15667 17498 6863 10809 8804 6689 5540 4273 7094 3722 5388 3715 5832 7825 2179 2590 3803 4022 1149 986 1536 1604 979 222 1262 152 512 551 757
is_linear=0
shrinkage=0.05


Tree=6
num_leaves=30
num_cat=0
split_feature=24 32 24 21 20 24 23 24 24 20 20 24 24 24 24 24 24 11 21 20 19 21 30 14 18 44 36 40 42
split_gain=1077.4 320.482 169.444 163.857 157.528 138.1 114.477 82.3537 65.0464 63.4051 47.8733 73.3179 59.8311 46.1899 45.7611 40.665 37.4293 28.6004 25.8216 16.6845 15.679 12.9949 8.95066 7.07608 5.65911 1.49348 0.772237 0.607975 0.158191
threshold=3.0930000000000004 0.43750000000000006 2.2515000000000005 -2.4999999999999996 1.0000000180025095e-35 4.0015000000000009 1.9705000000000001 2.6895000000000002 1.4140000000000001 -8.4999999999999982 2.5000000000000004 1.9335000000000002 2.0010000000000003 2.7975000000000008 3.4310000000000005 3.3650000000000007 2.5455000000000005 2.5000000000000004 -1.4999999999999998 -7.4999999999999991 0.34050000000000008 5.5000000000000009 1.6180000000000001 1.6380000000000001 0.48333333333333339 0.44450000000000006 0.43800000000000006 0.78000000000000014 0.24350000000000002
decision_type=2 2 2 2 2 2 2 2 2 2 2 2 2 2 2 2 2 2 2 2 2 2 2 2 2 2 2 2 2
left_child=1 7 3 8 13 6 9 10 -3 15 12 -12 -1 -4 -11 -2 -6 -5 24 -20 26 25 23 -23 -9 -7 -8 -27 -24
right_child=5 2 4 17 16 21 20 18 -10 14 11 -13 -14 -15 -16 -17 -18 -19 19 -21 -22 22 28 -25 -26 27 -28 -29 -30
leaf_value=-0.065294839195262133 0.00038328827712797776 -0.03471472707213337 -0.015053539716274364 -0.076119096879865608 0.011227475449487939 0.056241460008077983 -0.062058104720370572 0.01716339797257636 -0.0024029390212696564 0.028816400588945447 -0.036348446599781578 -0.0073936502912138394 -0.03198268135480941 0.003900402494571611 0.050959122318698383 0.027013859543702667 0.029047594666053972 -0.039228669254545517 -0.026992074253632366 -0.0030656319094328217 0.0024707561439372273 0.0046557180194332134 0.074459032554002422 0.053554214308740369 0.055777320609833064 0.080772829158903131 -0.080445842287660774 0.067766657769145797 0.084482123446780133
leaf_weight=164.48093159496784 228.56718607246876 179.58899024128914 636.55445159971714 68.179206818342209 611.48873466253281 7.2141143679618827 7.753570660948756 22.427234083414078 1173.5962460041046 587.65844973921776 429.81041917204857 444.97054034471512 746.74457329511642 649.29728309810162 386.98726139962673 384.49489864706993 568.72606883943081 229.03591877222061 98.489364758133888 280.00809276103973 8.2304696887731534 7.9446249455213538 4.8320680260658291 107.62046656012535 16.447004303336143 107.16582545638084 21.664089635014534 9.8074727356433851 21.241708964109421
leaf_count=690 915 731 2563 292 2453 30 33 90 4723 2356 1752 1795 3028 2602 1566 1546 2281 936 396 1125 33 32 20 440 66 449 93 41 88
internal_value=-4.46208e-06 -0.00991216 -0.00167456 -0.0140748 0.0066242 0.0331045 0.0276404 -0.0253021 -0.00669122 0.0296837 -0.029975 -0.0216202 -0.0379957 -0.00548265 0.0376083 0.0170852 0.0198147 -0.0476911 -0.00530591 -0.00929157 -0.0585321 0.0665145 0.0561629 0.0501926 0.0335003 0.0783207 -0.0755994 0.0796823 0.0826246
internal_weight=8211.03 6319.85 4116.47 1650.4 2466.07 1891.18 1625.36 2203.38 1353.19 1587.71 1786.01 874.781 911.226 1285.85 974.646 613.062 1180.21 297.215 417.372 378.497 37.6481 265.826 141.639 115.565 38.8742 124.187 29.4177 116.973 26.0738
internal_count=33165 25523 16581 6682 9899 7642 6542 8942 5454 6383 7265 3547 3718 5165 3922 2461 4734 1228 1677 1521 159 1100 580 472 156 520 126 490 108
is_linear=0
shrinkage=0.05


Tree=7
num_leaves=31
num_cat=0
split_feature=24 13 4 24 24 24 4 13 24 4 13 4 22 24 24 13 4 15 24 4 13 21 2 30 14 4 44 44 40 4
split_gain=976.474 463.045 270.697 191.993 176.741 141.832 133.539 100.022 113.354 84.5694 71.0611 68.5554 68.3484 59.2128 42.2796 38.4227 35.8315 33.4535 26.4425 24.9881 21.4206 12.5216 10.6809 8.46924 6.5014 6.12344 1.74539 1.4286 0.583072 0.154903
threshold=3.0015000000000005 1.1635000000000002 1.4820000000000004 2.1010000000000004 2.3545000000000003 4.0015000000000009 0.85950000000000004 2.3770000000000002 1.9675000000000002 1.0680000000000003 1.4565000000000003 1.2195000000000003 0.96666666666666667 2.5215000000000001 3.9545000000000008 0.7965000000000001 1.1225000000000003 -1.0409999999999997 3.5295000000000001 1.3390000000000002 0.50850000000000006 5.5000000000000009 2.5000000000000004 1.6180000000000001 1.6380000000000001 2.6125000000000003 0.51500000000000012 0.44450000000000006 0.78000000000000014 0.67300000000000015
decision_type=2 2 2 2 2 2 2 2 2 2 2 2 2 2 2 2 2 2 2 2 2 2 2 2 2 2 2 2 2 2
left_child=1 4 3 16 9 6 12 8 -4 22 14 20 18 -5 -8 -11 -3 -13 -2 -12 -6 27 -1 24 -23 -9 -14 -7 -29 -25
right_child=5 2 7 13 11 21 10 25 -10 15 19 17 26 -15 -16 -17 -18 -19 -20 -21 -22 23 -24 29 -26 -27 -28 28 -30 -31
leaf_value=-0.075942770675120119 -0.0043991879868977516 -0.046043307810223276 -0.0060309258579327521 -0.010403360233182826 -0.056130945781704716 0.054066200538576081 0.023718731428924607 0.056525113168604424 0.0246194253712478 -0.05270215164754341 0.042587401263616667 -0.037564081372247114 -0.077915709658110135 0.0087985673854158002 0.065586613146965553 -0.026182654009587893 -0.022792648160278775 -0.0013793654240050598 0.023601138334995858 0.072547640972310132 -0.024601169897477272 0.0044246187088631886 -0.057206679931078488 0.072376720866337674 0.051317150843598405 0.082125008765184471 -0.047410300121492652 0.078209198034558947 0.065374526631395716 0.081876163007499933
leaf_weight=127.16713804006577 243.7521685063839 262.51037837564945 456.53815068304539 754.88245877623558 59.377574622631073 7.1312555223703376 1038.3899391740561 63.48465733230114 889.13359721004963 188.44420556724072 188.78909270465374 70.935548335313797 25.039611354470257 857.58721728622913 64.016158059239388 496.29445615410805 449.34303620457649 641.74986566603184 128.90864628553391 110.23215076327324 580.51789252460003 7.9416730701923361 189.29453206062317 5.4498606026172665 106.71925319731236 36.958012163639069 5.7693918943405142 105.194350913167 9.6617176532745344 20.189621910452843
leaf_count=558 976 1072 1834 3035 242 30 4172 256 3566 785 761 287 109 3436 264 2023 1816 2587 520 451 2348 32 789 23 440 153 25 449 41 85
internal_value=-4.66418e-06 -0.0100343 0.000828531 -0.0097389 -0.0274351 0.0297091 0.0247164 0.0178134 0.0142209 -0.04336 0.0320138 -0.0156473 -0.000630601 -0.000190872 0.02615 -0.033481 -0.0313668 -0.00498093 0.00528652 0.053632 -0.0275269 0.0640652 -0.0647356 0.0538784 0.0480693 0.0659446 -0.0722032 0.0757813 0.0771295 0.079857
internal_weight=8191.4 6124.22 3770.44 2324.32 2353.78 2067.18 1804.9 1446.11 1345.67 1001.2 1401.43 1352.58 403.47 1612.47 1102.41 684.739 711.853 712.685 372.661 299.021 639.895 262.288 316.462 140.3 114.661 100.443 30.809 121.987 114.856 25.6395
internal_count=33165 24787 15168 9359 9619 8378 7278 5809 5400 4155 5648 5464 1630 6471 4436 2808 2888 2874 1496 1212 2590 1100 1347 580 472 409 134 520 490 108
is_linear=0
shrinkage=0.05


Tree=8
num_leaves=31
num_cat=0
split_feature=24 4 24 24 18 4 24 16 24 4 4 15 24 23 19 2 15 4 21 4 24 19 18 4 19 24 17 21 4 24
split_gain=894.109 392.323 180.863 177.51 139.594 108.263 101.386 88.1553 81.622 68.6319 64.5063 59.4939 58.7755 119.01 51.9657 45.1742 34.2679 31.94 31.6613 29.306 28.8129 22.7828 22.0369 19.6596 16.8572 15.2472 12.7733 6.2564 4.43482 0.628308
threshold=2.8755000000000006 1.2620000000000002 2.1115000000000008 3.5295000000000001 0.56944444444444453 0.93550000000000011 1.9675000000000002 0.44900000000000007 2.2015000000000007 1.9110000000000003 2.0785000000000005 -0.45249999999999996 4.2580000000000009 1.9705000000000001 0.91850000000000021 2.5000000000000004 0.26800000000000007 1.4790000000000003 3.5000000000000004 0.72900000000000009 2.6665000000000005 1.2545000000000002 0.78888888888888908 1.6035000000000001 0.25650000000000006 3.1255000000000002 0.41550000000000004 5.5000000000000009 0.54750000000000021 1.4960000000000002
decision_type=2 2 2 2 2 2 2 2 2 2 2 2 2 2 2 2 2 2 2 2 2 2 2 2 2 2 2 2 2 2
left_child=1 2 15 5 8 21 10 19 16 -8 -6 -10 13 18 23 29 -3 -16 -5 -4 -9 25 -17 -7 -15 -2 -23 -14 -29 -1
right_child=3 4 7 12 6 14 9 20 11 -11 -12 -13 27 24 17 22 -18 -19 -20 -21 -22 26 -24 -25 -26 -27 -28 28 -30 -31
leaf_value=-0.076596054189281698 -0.027168449493513609 -0.031443036576998561 -0.048118208830151457 0.06266542314904204 -0.010837634948025877 0.0039991545597787056 0.016961885697377572 -0.009419059389235377 -0.014794626937315354 0.055590411343760429 0.038964503333679477 0.0088445769047105962 0.075022030825093011 -0.073895445876116225 0.024290547755801056 -0.0461709846823741 -0.0092941858132782294 0.046727041394840213 0.034821751398096776 -0.023382439235134913 0.014931230639122162 0.011833013137396077 -0.020991055067629619 0.0314737715666559 0.00088387225377063749 -0.0044208959816180856 -0.057087941943277855 0.034648260613035588 0.062722148971655386 -0.069936310795610065
leaf_weight=61.805790558457375 118.96513967216015 416.39321357011795 138.90118286013603 131.32238987088203 477.97907611727715 378.36002534627914 635.40804517269135 436.92505103349686 440.83743353188038 140.39387057721615 75.257187366485596 671.72993743419647 108.47693181037903 25.816267237067223 690.6091098934412 474.6832420527935 300.77660365402699 205.91872647404671 458.78202183544636 868.10102261602879 168.27001550793648 174.74917854368687 106.36255241930485 78.644078776240349 10.64340630173683 193.45427402853966 6.9915945380926123 17.657787322998047 69.182487666606903 82.944486007094383
leaf_count=274 478 1712 566 548 1928 1519 2552 1758 1785 569 307 2699 473 116 2776 1970 1212 834 1863 3522 674 700 434 316 43 775 28 74 291 369
internal_value=-4.99559e-06 -0.0115347 -0.0270613 0.0237352 -4.25896e-05 0.0151361 0.0122904 -0.0177304 -0.00900075 0.0239523 -0.00406301 -0.000522088 0.0430669 0.0356016 0.0224491 -0.0477878 -0.0221539 0.0294439 0.0410181 -0.0267944 -0.00264864 -0.0048945 -0.0415617 0.00872716 -0.0520657 -0.0130829 0.00918161 0.0670153 0.0570137 -0.0727799
internal_weight=8166.34 5496.77 2337.99 2669.57 3158.78 1847.69 1329.04 1612.2 1829.74 775.802 553.236 1112.57 821.881 626.564 1353.53 725.796 717.17 896.528 590.104 1007 605.195 494.16 581.046 457.004 36.4597 312.419 181.741 195.317 86.8403 144.75
internal_count=33165 22331 9567 10834 12764 7426 5356 6520 7408 3121 2235 4484 3408 2570 5445 3047 2924 3610 2411 4088 2432 1981 2404 1835 159 1253 728 838 365 643
is_linear=0
shrinkage=0.05


Tree=9
num_leaves=31
num_cat=0
split_feature=24 13 24 24 13 13 24 8 13 13 13 24 5 13 13 2 24 5 2 24 13 13 30 5 2 27 40 13 42 29
split_gain=815.863 403.218 256.155 109.973 96.3764 94.3839 89.692 79.3722 77.6167 63.2112 60.0333 49.5177 47.0697 45.5016 40.3524 32.8445 26.2112 21.3722 14.9207 8.88462 9.06165 8.86139 7.67647 6.80658 2.2185 1.60397 1.14499 2.12922 0.243439 0.00475106
threshold=3.1010000000000004 1.5250000000000001 2.3485000000000005 4.0015000000000009 1.0000000180025095e-35 0.7875000000000002 1.9675000000000002 1.0000000180025095e-35 1.1405000000000001 2.6835000000000004 1.4565000000000003 1.4140000000000001 -0.054499999999999993 1.9665000000000001 0.59200000000000008 1.5000000000000002 2.8005000000000009 0.30200000000000005 8.5000000000000018 4.8335000000000008 1.2830000000000001 1.9665000000000001 1.6180000000000001 -1.0164999999999997 1.5000000000000002 0.18650000000000003 0.71650000000000003 0.84400000000000008 0.29150000000000004 2.4495000000000005
decision_type=2 2 2 2 2 2 2 2 2 2 2 2 2 2 2 2 2 2 2 2 2 2 2 2 2 2 2 2 2 2
left_child=1 2 5 4 24 18 9 21 14 11 15 -3 -7 -9 -4 -6 -10 -12 -1 20 22 -8 -5 -11 29 -22 27 -21 -28 -2
right_child=3 6 8 19 10 12 7 13 16 23 17 -13 -14 -15 -16 -17 -18 -19 -20 26 25 -23 -24 -25 -26 -27 28 -29 -30 -31
leaf_value=-0.06594912505689475 -0.073916585020028389 -0.038741783821735182 -0.039269777852447924 0.038659786300631535 0.077700297116043593 -0.021992045970232521 0.036003344934627014 0.0077864538653936825 -0.001749892331504056 0.074056262608017551 0.067180072934492172 -0.0032565461756496016 -0.043724040098740286 0.027322570563645433 -0.011381079313151451 0.019801406787419335 0.015831734423109731 0.037707465452220992 -0.043737918779761298 0.046028658030477725 0.047125385500954929 0.084662525884214301 0.075404986380098404 0.025246323037117598 -0.038824940959794017 0.074729046732125506 0.076106417705402732 0.073746846364601479 0.068559330932770932 -0.072380994057253512
leaf_weight=185.0745293200016 7.4410623610019746 123.56476970016956 144.50438052415848 91.355741426348686 25.004378125071526 1162.4954345375299 11.911272183060644 1050.5526893436909 613.70449601113796 23.902396082878113 81.739221200346947 481.04370610415936 317.13519087433815 416.10266114771366 1266.3717253953218 1200.3205905109644 323.85189060866833 248.55721575021744 127.83810143172741 11.326506271958353 6.0791755318641654 43.622868835926056 16.832306981086731 10.186457797884939 6.0367411971092215 39.180190831422806 58.685326978564262 17.8425652384758 13.063369631767271 15.591354116797445
leaf_count=817 34 501 591 383 109 4751 48 4222 2464 101 342 1945 1329 1676 5124 4843 1300 1010 539 50 26 180 73 41 25 170 261 79 58 73
internal_value=-5.16876e-06 -0.00855593 -0.0176922 0.0292956 0.024397 -0.0319261 0.00895224 0.0155507 -0.00682758 -0.00677374 0.0260826 -0.0105087 -0.02665 0.013329 -0.0142375 0.0209829 0.00432318 0.0450011 -0.0568749 0.0598138 0.0522356 0.0742258 0.0443767 0.0594708 -0.0658055 0.0710214 0.0713365 0.0629837 0.0747323 -0.0728771
internal_weight=8140.92 6301.86 4140.98 1839.06 1584.69 1792.54 2160.89 1522.19 2348.43 638.697 1555.62 604.608 1479.63 1466.66 1410.88 1225.32 937.556 330.296 312.913 254.365 153.447 55.5341 108.188 34.0889 29.0692 45.2594 100.918 29.1691 71.7487 23.0324
internal_count=33165 25629 16915 7536 6436 7436 8714 6126 9479 2588 6304 2446 6080 5898 5715 4952 3764 1352 1356 1100 652 228 456 142 132 196 448 129 319 107
is_linear=0
shrinkage=0.05


Tree=10
num_leaves=31
num_cat=0
split_feature=24 13 4 24 24 4 13 24 4 24 13 4 24 13 4 21 13 4 24 13 13 15 4 4 4 18 1 21 32 32
split_gain=742.897 391.867 201.536 173.741 132.996 98.199 91.0488 92.908 80.8411 73.8124 64.2614 53.71 52.0219 106.269 32.4969 28.804 28.0549 27.344 25.8713 24.7966 24.1167 21.1273 19.17 14.0579 9.96392 8.27518 7.93556 6.26599 4.98596 0.543711
threshold=2.8135000000000008 1.3550000000000002 1.2620000000000002 3.5295000000000001 2.0010000000000003 0.9425 2.2745000000000002 1.8185000000000002 1.3585000000000003 2.4190000000000005 1.1835000000000002 1.0605000000000002 4.2580000000000009 1.0000000180025095e-35 1.4190000000000003 3.5000000000000004 0.84400000000000008 0.87750000000000006 3.1115000000000008 1.5895000000000004 0.7965000000000001 -1.0409999999999997 0.87750000000000006 0.34500000000000003 2.6835000000000004 0.56944444444444453 5.5000000000000009 5.5000000000000009 0.38000000000000006 0.48350000000000004
decision_type=2 2 2 2 2 2 2 2 2 2 2 2 2 2 2 2 2 2 2 2 2 2 2 2 2 2 2 2 2 2
left_child=1 4 9 5 11 19 7 -4 16 17 18 26 13 -5 -12 -15 -6 -3 -7 23 -13 -10 -11 -2 -8 -21 -1 29 -29 -14
right_child=3 2 6 12 8 10 24 -9 21 22 14 20 27 15 -16 -17 -18 -19 -20 25 -22 -23 -24 -25 -26 -27 -28 28 -30 -31
leaf_value=-0.068959294389467671 -0.050425298204454773 -0.045543637998532588 -0.012467747671653718 -0.068524919377487017 -0.039954579354912048 0.0021023067045613311 0.044319517885685548 0.016818921991494096 -0.045347620128692229 -0.016875311152798476 0.023604056635339585 -0.057726331079372743 0.066338202747696473 0.057989513984534613 0.047611050506019902 0.031354711461023359 -0.021884479388099575 -0.020346670464076108 0.01933162686629647 0.0040296591593096493 -0.028369148707940568 -0.0046738308919135382 0.008295319502021975 -0.0079581221661073256 0.075693426548619699 0.033803600379753662 -0.050676000467966942 0.00028630449330219795 0.055680983925134576 0.073907560786177412
leaf_weight=152.22718292474747 20.364241302013397 139.75377494096756 358.60957969725132 24.765070706605911 306.65664713084698 457.87813207507133 108.69526463747025 1105.9777900874615 33.258629098534584 102.4871840775013 461.93456175923347 84.340790659189224 36.766925200819969 129.9765041321516 202.87181456387043 463.417699187994 717.05457717180252 469.05100433528423 415.68823751807213 48.359655976295471 410.18573418259621 797.21908049285412 288.80542951822281 452.58296997845173 32.986517325043678 45.10184620320797 97.271208077669144 4.2789811044931403 80.151160106062889 66.876989558339119
leaf_count=706 83 573 1446 117 1274 1839 440 4443 137 411 1864 372 167 556 830 1897 2924 1910 1674 194 1691 3227 1157 1816 143 181 422 18 347 306
internal_value=-4.99245e-06 -0.0113187 0.00237963 0.0202226 -0.0250599 0.0126625 0.0133505 0.00964797 -0.0178941 -0.0152408 0.0192158 -0.0429181 0.0399592 0.0329536 0.03093 0.0371888 -0.0272974 -0.0261307 0.0103009 -0.00513605 -0.033376 -0.00630272 0.00170264 -0.00978668 0.051624 0.0183977 -0.0618312 0.0629852 0.0528735 0.0712224
internal_weight=8115.6 5204.58 2606.37 2911.01 2598.21 2104.78 1606.27 1464.59 1854.19 1000.1 1538.37 744.025 806.233 618.159 664.806 593.394 1023.71 608.805 873.566 566.409 494.527 830.478 391.293 472.947 141.682 93.4615 249.498 188.074 84.4301 103.644
internal_count=33165 21276 10523 11889 10753 8481 6472 5889 7562 4051 6207 3191 3408 2570 2694 2453 4198 2483 3513 2274 2063 3364 1568 1899 583 375 1128 838 365 473
is_linear=0
shrinkage=0.05


Tree=11
num_leaves=31
num_cat=0
split_feature=24 13 4 24 24 24 4 4 4 24 4 4 4 4 13 13 24 24 24 4 13 12 7 21 32 30 31 24 33 25
split_gain=677.566 339.591 201.873 171.009 157.156 95.3324 101.65 71.3388 70.354 81.0817 60.4952 58.3427 51.1913 45.0237 39.3 31.6299 29.5167 29.3547 21.102 20.8524 19.4093 10.9975 9.16578 6.49474 5.79029 3.68185 2.94432 1.02777 0.371799 0.357927
threshold=3.1115000000000008 1.1890000000000003 1.5660000000000001 2.2515000000000005 2.3485000000000005 4.205000000000001 0.93550000000000011 1.0680000000000003 2.1455000000000006 1.2070000000000003 1.2195000000000003 1.0000000180025095e-35 1.1520000000000001 0.95350000000000013 1.4565000000000003 0.7875000000000002 3.9185000000000003 2.6895000000000002 3.5025000000000004 1.3470000000000002 0.50850000000000006 2.5000000000000004 0.10400000000000001 4.5000000000000009 0.38000000000000006 1.6180000000000001 0.81300000000000006 4.3335000000000008 0.31950000000000006 342.50000000000006
decision_type=2 2 2 2 2 2 2 2 2 2 2 2 2 2 2 2 2 2 2 2 2 2 2 2 2 2 2 2 2 2
left_child=1 4 3 12 7 6 11 21 9 -4 20 26 -3 -5 16 -9 -8 -12 -13 -16 -6 -1 -10 27 -25 -26 -2 28 -7 -29
right_child=5 2 8 13 10 23 14 15 22 -11 17 18 -14 -15 19 -17 -18 -19 -20 -21 -22 -23 -24 24 25 -27 -28 29 -30 -31
leaf_value=-0.069454312473029925 -0.071807485692025816 -0.035070044060348721 -0.053090072882106612 -0.0095268181454482917 -0.048753231058169394 0.043064319139785714 0.023433149606479589 -0.046716336946705871 0.061036228510118223 0.01763030882953906 -0.012000145531281436 -0.00018217490388778882 -0.012606204047490584 0.01038913199737173 0.03738626904476449 -0.022288786639002828 0.053885081550996354 0.00703944012058021 0.021564174559289925 0.067546360719945506 -0.019515773803909023 -0.049832420729638519 0.037643431059119464 0.0019694883118326094 0.049434850091186998 0.073858807297021573 -0.029883139737839487 0.061804497727809854 0.063479808738551538 0.072156794708454389
leaf_weight=115.56269037723541 23.96424108743668 391.87083832919598 42.426419734954834 379.96251435577869 61.845219880342484 4.5052546709775907 760.95429985225201 176.14907038211823 85.722891733050346 906.60110159218311 394.56551261246204 276.99650034308434 718.81204141676426 1121.0222024470568 141.34606005251408 535.02165175974369 88.868516832590103 415.75967860221863 186.77687826752663 96.393991872668266 690.8563925921917 186.89706303179264 81.862214773893356 5.6397193372249594 82.071909844875336 19.003048971295357 5.0746959894895545 9.3886674195528013 4.4161297231912613 75.436222702264786
leaf_count=558 113 1624 172 1528 258 20 3086 765 362 3649 1604 1110 2912 4506 582 2210 381 1672 766 414 2813 814 334 24 358 87 24 44 20 355
internal_value=-5.23983e-06 -0.00769755 0.00194921 -0.00565838 -0.0216559 0.0272289 0.0231087 -0.0369897 0.0197428 0.0144687 -0.0117118 0.00427093 -0.0205319 0.00534757 0.0316448 -0.0283392 0.0266176 -0.00223136 0.0085758 0.049615 -0.021918 -0.0573295 0.0496093 0.0597109 0.0512756 0.0540268 -0.064481 0.0693131 0.0531701 0.071011
internal_weight=8085.77 6304.94 3728.28 2611.67 2576.66 1780.84 1580.38 1013.63 1116.61 949.028 1563.03 492.812 1110.68 1500.98 1087.56 711.171 849.823 810.325 463.773 237.74 752.702 302.46 167.585 200.461 106.715 101.075 29.0389 93.7463 8.92138 84.8249
internal_count=33165 25781 15087 10570 10694 7384 6476 4347 4517 3821 6347 2013 4536 6034 4463 2975 3467 3276 1876 996 3071 1372 696 908 469 445 137 439 40 399
is_linear=0
shrinkage=0.05


Tree=12
num_leaves=31
num_cat=0
split_feature=24 4 24 3 23 24 20 17 28 24 4 4 16 4 11 4 24 4 19 4 4 15 15 33 4 31 2 21 11 31
split_gain=623.65 312.927 169.743 125.068 129.179 101.672 84.5057 62.7562 61.5067 55.0458 89.8888 52.7421 48.5199 43.2705 38.7806 32.8538 32.2376 27.6792 24.6257 22.3152 20.1596 16.6372 15.78 11.1596 10.2 9.88769 6.97927 6.24978 4.63508 3.31409
threshold=2.7335000000000007 1.2620000000000002 3.4310000000000005 0.96350000000000013 -0.28549999999999998 2.0780000000000007 1.5000000000000002 0.072500000000000009 0.38150000000000006 4.2580000000000009 1.0000000180025095e-35 0.9425 0.43650000000000005 2.1455000000000006 8.5000000000000018 1.6170000000000002 3.0455000000000005 1.9025000000000001 1.2365000000000002 0.87250000000000016 0.95750000000000013 0.55800000000000016 -0.47699999999999992 0.35700000000000004 1.6610000000000003 0.79950000000000021 2.5000000000000004 5.5000000000000009 3.5000000000000004 0.81300000000000006
decision_type=2 2 2 2 2 2 2 2 2 2 2 2 2 2 2 2 2 2 2 2 2 2 2 2 2 2 2 2 2 2
left_child=1 5 6 8 7 14 11 -5 23 10 29 18 19 -10 26 -12 -13 -6 -2 -7 -14 -16 25 -3 -24 -8 -1 -11 -29 -4
right_child=2 3 9 4 17 12 22 -9 13 27 15 16 20 -15 21 -17 -18 -19 -20 -21 -22 -23 24 -25 -26 -27 -28 28 -30 -31
leaf_value=-0.066830443353533803 -0.015727107644677229 -0.032248681755428055 -0.068695635544534783 0.061190149900349766 -0.0073999076428870993 -0.041383929088832483 -0.0045461595209565315 0.018946252706478331 -0.0088223668632378613 0.067954372855349929 0.028408471529334619 0.0040252971055680827 -0.020027976154751985 0.029263153033854239 -0.045640077990069958 0.061822434721708466 0.01915569074876633 0.019866203152622084 0.0052104162934146639 -0.021841339331164278 -0.00041182136979860763 -0.025452044681382791 0.033629157386649601 0.028522373247041419 0.056213808458848873 0.061554070368920105 -0.049377214230629157 0.038330846117682421 0.062216779921068992 -0.024479656264968411
leaf_weight=132.0704647898674 329.92982493340969 316.74514262378216 22.114338561892513 104.37014265358448 732.4814083725214 200.89575381577015 32.762364536523819 557.66572234034538 974.2971171438694 98.303562209010124 680.1089808344841 747.28756946325302 207.82688382267952 80.760148659348488 174.54787662625313 82.486944228410721 665.62578675150871 106.62751960754395 244.51421745121479 535.30485254526138 354.20324803888798 245.72479365766048 151.4652746617794 7.7388582229614249 74.624194130301476 6.83845131099224 101.14722302556038 44.428690016269684 37.413243010640144 5.2424962371587744
leaf_count=643 1330 1320 108 431 2974 837 133 2246 3961 473 2821 3008 843 337 749 357 2694 434 981 2207 1429 1022 615 32 310 28 452 197 168 25
internal_value=-5.35475e-06 -0.0113673 0.0170294 -0.000894267 0.00909312 -0.0268251 0.00950016 0.025606 -0.011762 0.0345159 0.0288282 0.00595955 -0.0187285 -0.00590708 -0.04291 0.0320227 0.0111533 -0.00393514 -0.00681497 -0.0271742 -0.00766546 -0.0338365 0.0359838 -0.0307993 0.0410836 0.00686833 -0.0592609 0.0594568 0.0492501 -0.0602224
internal_weight=8055.55 4832.41 3223.15 2880.69 1501.14 1951.72 2253.05 662.036 1379.54 970.098 789.953 1987.36 1298.23 1055.06 653.49 762.596 1412.91 839.109 574.444 736.201 562.03 420.273 265.69 324.484 226.089 39.6008 233.218 180.145 81.8419 27.3568
internal_count=33165 19917 13248 11735 6085 8182 9099 2677 5650 4149 3311 8013 5316 4298 2866 3178 5702 3408 2311 3044 2272 1771 1086 1352 925 161 1095 838 365 133
is_linear=0
shrinkage=0.05


Tree=13
num_leaves=31
num_cat=0
split_feature=24 13 24 4 4 20 24 3 24 13 3 4 4 4 24 13 13 13 11 13 16 16 2 3 41 4 23 24 4 40
split_gain=566.617 313.646 165.605 134.659 127.825 85.3212 76.4476 58.7916 52.6453 85.4923 50.9899 50.7449 49.5796 45.612 39.6717 38.8966 34.3073 34.1093 31.736 22.2316 18.4535 17.1486 14.9991 12.6658 11.9244 11.8447 4.88847 3.67562 6.12892 1.22988
threshold=2.6935000000000007 1.5310000000000001 3.4310000000000005 1.2545000000000002 1.5210000000000001 1.0000000180025095e-35 2.0780000000000007 0.70200000000000007 4.2580000000000009 1.0000000180025095e-35 0.95350000000000013 0.9425 0.87750000000000006 2.2290000000000005 2.1115000000000008 0.95350000000000013 0.81950000000000001 0.89600000000000013 7.5000000000000009 1.2245000000000001 0.36750000000000005 0.64850000000000019 3.5000000000000004 0.34150000000000008 0.42600000000000005 1.6860000000000002 -0.51449999999999985 4.8335000000000008 0.54750000000000021 0.71650000000000003
decision_type=2 2 2 2 2 2 2 2 2 2 2 2 2 2 2 2 2 2 2 2 2 2 2 2 2 2 2 2 2 2
left_child=1 3 5 6 12 11 22 23 9 -4 13 20 24 -6 -14 -9 -11 -13 -12 -8 -2 25 -1 -5 -3 -7 -23 28 -10 -29
right_child=2 4 8 7 10 21 19 15 27 16 18 17 14 -15 -16 -17 -18 -19 -20 -21 -22 26 -24 -25 -26 -27 -28 29 -30 -31
leaf_value=-0.064457005392145231 -0.014644365360610978 0.021560276933200562 -0.062935607202881924 -0.060760124954439693 0.00017099971496536246 0.019132207275103418 -0.031275605286361037 -0.021335289039497111 0.017177734734761134 0.011901163838452231 0.068659967669398594 -0.0016555116640712582 -0.012526704406153827 0.054164887873797619 0.0082017415408079022 -0.0025462686962395733 0.036634665216297727 0.014968285300830853 0.028449460366556507 -0.01374716025422777 0.0038517180045347442 0.078029314366700339 -0.044572679477150733 -0.028487833987402934 -0.036344568732866171 0.038137876293048129 0.044949613980206582 0.055725724059238924 0.055788822668680439 0.068500057139414025
leaf_weight=147.86853063106537 383.79804407060146 9.5087691247463209 25.246814757585526 34.224767953157425 280.87026827037334 282.36755460500717 521.0215780287981 383.7695706486702 11.970829889178274 185.54371647536755 58.472414672374725 465.79946161806583 425.18640629947186 45.44196629524231 504.96463215351105 975.91032418608665 573.73071584105492 914.14582787454128 305.14536988735199 277.10137106478214 207.90215656161308 15.974609494209288 264.44493971765041 272.23867252469063 136.83474972844124 115.51516790688038 37.120506256818771 26.559151858091354 72.670515134930611 64.844969034194946
leaf_count=739 1549 39 127 147 1130 1146 2188 1600 54 762 249 1880 1736 194 2028 3953 2422 3692 1234 1127 834 67 1159 1135 562 476 152 129 336 319
internal_value=-5.40235e-06 -0.0113457 0.0155577 -0.0215292 0.005238 0.00859202 -0.0342214 -0.0123085 0.0331257 0.0275808 0.0220389 0.00410437 -0.00552978 0.00769014 -0.00127355 -0.00784947 0.0305905 0.00935694 0.0349156 -0.0251899 -0.00814551 0.0282117 -0.0517038 -0.0320919 -0.0325822 0.02465 0.0549022 0.0578359 0.0503281 0.0647882
internal_weight=8026.19 4643 3383.19 2876.58 1766.42 2422.62 1210.44 1666.14 960.567 784.521 689.93 1971.65 1076.49 326.312 930.151 1359.68 759.274 1379.95 363.618 798.123 591.7 450.978 412.313 306.463 146.344 397.883 53.0951 176.045 84.6413 91.4041
internal_count=33165 19220 13945 12048 7172 9796 5213 6835 4149 3311 2807 7955 4365 1324 3764 5553 3184 5572 1483 3315 2383 1841 1898 1282 601 1622 219 838 390 448
is_linear=0
shrinkage=0.05


Tree=14
num_leaves=31
num_cat=0
split_feature=24 13 24 24 4 4 4 4 24 3 13 32 13 13 24 13 4 4 4 13 13 16 4 1 1 2 3 4 14 21
split_gain=520.503 285.877 138.28 108.959 107.884 86.9872 71.8274 68.1422 58.3474 49.5173 45.5706 43.7475 42.5894 37.4707 36.768 54.465 35.7221 31.2503 30.7032 27.4187 27.0091 21.9563 21.5589 19.0342 17.7108 15.7345 15.5303 11.1444 7.02201 4.09305
threshold=2.8975000000000004 1.5310000000000001 2.0010000000000003 3.6665000000000005 1.5660000000000001 1.2195000000000003 0.93550000000000011 1.2545000000000002 2.1665000000000005 0.95350000000000013 0.83650000000000013 0.41000000000000003 2.3395000000000006 0.98350000000000015 4.3335000000000008 1.0000000180025095e-35 0.89850000000000019 1.4915000000000003 1.8165000000000002 1.9665000000000001 1.0165000000000002 0.51950000000000018 0.87750000000000006 5.5000000000000009 12.500000000000002 3.5000000000000004 1.0975000000000004 0.62750000000000006 0.91850000000000021 5.5000000000000009
decision_type=2 2 2 2 2 2 2 2 2 2 2 2 2 2 2 2 2 2 2 2 2 2 2 2 2 2 2 2 2 2
left_child=1 2 7 6 8 20 21 25 22 12 26 -7 -6 14 15 -5 -10 -12 -9 -11 -4 24 -3 -15 -2 -1 -8 -25 -23 -16
right_child=3 4 5 13 9 11 10 18 16 19 17 -13 -14 23 29 -17 -18 -19 -20 -21 -22 28 -24 27 -26 -27 -28 -29 -30 -31
leaf_value=-0.063097393243994951 -0.027997592504575303 -0.041930816440187854 -0.031021472309502543 -0.062852124878762572 0.00064776380491079913 -0.014097440479517718 -0.033687173447919765 -0.029522479858967856 -0.015449688429460554 0.024051740724656944 0.018992436604040683 0.0033920755463179783 0.056820461254271495 0.066908021603361109 0.066933029463046065 0.020670683608697133 0.01276709268679873 0.038901763027720776 -0.0028756917446473205 0.052067088135190932 -0.014971542481390205 -0.017574833033261905 -0.010408247466071018 0.013291600011991176 -0.0016131221033825747 -0.042077171582031288 0.0055136031166746593 0.044438363668378084 0.041110200312479132 0.041630344788949704
leaf_weight=143.61030514538288 75.198897749185562 60.70907087624073 476.54491999745369 22.460943773388863 259.04158641397953 588.69170743227005 27.747343719005585 417.2790549248457 137.81066398322582 213.72754457592964 827.24448359012604 910.64320436120033 38.797398522496223 92.98698902130127 31.651611551642418 148.99525898694992 602.76721672713757 258.74555443227291 145.89916022121906 147.68573112785816 582.55427294969559 5.9722052514553061 509.05043494701385 32.624752134084702 412.49330525100231 234.22853754460812 282.49429482221603 239.90203738212585 34.798495575785637 32.286108374595642
leaf_count=739 306 257 2010 118 1044 2418 112 1748 556 865 3370 3681 168 454 161 622 2422 1078 608 619 2380 24 2076 143 1661 1043 1141 1052 141 148
internal_value=-5.54128e-06 -0.00867534 -0.0172515 0.0187684 0.00656224 -0.0112236 0.0129655 -0.03364 -0.00173806 0.02306 0.0189079 -0.00347492 0.00796499 0.0373548 0.0217964 0.00972911 0.00751636 0.023736 -0.0226193 0.0354998 -0.0221933 -0.00273468 -0.013767 0.0473746 -0.00568143 -0.0500666 0.00200757 0.0407097 0.0325139 0.0541561
internal_weight=7994.64 5469.04 3499.45 2525.6 1969.59 2558.43 1924.69 941.017 1310.34 659.252 1396.23 1499.33 297.839 600.908 235.394 171.456 740.578 1085.99 563.178 361.413 1059.1 528.463 569.76 365.514 487.692 377.839 310.242 272.527 40.7707 63.9377
internal_count=33165 22634 14627 10531 8007 10489 7833 4138 5311 2696 5701 6099 1212 2698 1049 740 2978 4448 2356 1484 4390 2132 2333 1649 1967 1782 1253 1195 165 309
is_linear=0
shrinkage=0.05


Tree=15
num_leaves=31
num_cat=0
split_feature=3 13 14 3 13 13 3 5 13 14 36 13 13 3 14 14 5 5 5 14 14 40 16 9 14 16 2 36 3 13
split_gain=366.224 194.801 162.181 96.3366 94.9211 93.9909 60.685 100.98 47.8361 46.9079 43.022 40.3704 35.8258 29.2736 27.7386 27.2697 26.145 24.0578 22.3471 22.0347 21.9574 24.7998 20.7584 19.8814 18.0604 16.297 5.37732 8.52301 4.016 3.40485
threshold=1.1060000000000001 1.0680000000000003 1.3585000000000003 1.9510000000000003 2.0165000000000002 1.6380000000000001 0.71100000000000008 -0.92149999999999987 0.50850000000000006 0.81350000000000011 0.5505000000000001 0.98350000000000015 0.96100000000000008 0.50850000000000006 1.0000000180025095e-35 2.1865000000000006 -0.45999999999999996 -0.45249999999999996 -1.5119999999999998 1.9110000000000003 0.96350000000000013 0.79000000000000015 0.46900000000000003 1.6035000000000001 0.62750000000000006 0.64150000000000007 6.5000000000000009 0.42300000000000004 0.34150000000000008 2.6835000000000004
decision_type=2 2 2 2 2 2 2 2 2 2 2 2 2 2 2 2 2 2 2 2 2 2 2 2 2 2 2 2 2 2
left_child=1 8 5 10 6 9 14 -8 26 17 23 15 -11 28 -3 -5 -15 -2 29 -13 21 -7 -12 -4 -20 -22 -1 -28 -10 -6
right_child=2 4 3 11 18 20 7 -9 13 12 22 19 -14 16 -16 -17 -18 -19 24 -21 25 -23 -24 -25 -26 -27 27 -29 -30 -31
leaf_value=-0.062917851199573702 0.021346236442669614 -0.077320901919974927 0.014235912757831837 0.0087171433927509777 0.037006753757430136 0.0067401360304069919 0.027116899924321633 -0.0092632953579256921 -0.064054148716786885 -0.01565047681172407 0.021394765595201322 0.036700035645527422 0.0015391310775320936 -0.015416037290706903 -0.021681831582905584 0.0522131086876799 -0.033269176953095454 -0.031342086086419613 -0.021996133685941874 0.063158180837561695 0.016659891153855213 -0.073564125992672633 0.053308474278974366 0.0014546599312192433 0.024027643112768171 0.040489921610757262 -0.066446348694196966 -0.015562688992057722 -0.043114337047381691 0.068083679483408335
leaf_weight=110.7789364606142 23.950866237282753 23.718313351273537 593.40591104328632 145.88902749121189 12.667790010571478 330.23919920623302 228.99520687758923 1141.8321022689342 45.154947355389595 412.53837636113167 450.62130562961102 178.01191756129265 1142.7473387122154 444.95863910019398 403.28201182186604 47.85505998134613 380.37138117849827 227.04812353849411 24.36016309261322 141.03929084539413 394.87471008300781 9.9024395793676359 57.450197711586952 624.41016551852226 170.56532962620258 87.676460400223732 15.785012319684027 17.193361014127731 46.453437507152557 28.970110401511192
leaf_count=555 98 99 2425 642 54 1340 933 4676 221 1706 1851 765 4637 1864 1668 239 1664 958 100 697 1603 40 238 2546 694 362 71 75 205 139
internal_value=-5.42085e-06 -0.0134527 0.00854501 0.0184353 -0.00439525 0.000123048 -0.00831298 -0.00318602 -0.0308248 -0.00625731 0.0127815 0.0374637 -0.0030204 -0.0266204 -0.0247724 0.0194607 -0.023644 -0.0263145 0.0253786 0.0483961 0.0141316 0.00440226 0.0250034 0.00768259 0.018276 0.0209897 -0.0576416 -0.039918 -0.0534358 0.0586289
internal_weight=7962.75 3095.09 4867.66 2238.68 2034.39 2628.98 1797.83 1370.83 1060.7 1806.28 1725.89 512.795 1555.29 916.938 427 193.744 825.33 250.999 236.563 319.051 822.693 340.142 508.072 1217.82 194.925 482.551 143.757 32.9784 91.6084 41.6379
internal_count=33165 13018 20147 9403 8363 10744 7376 5609 4655 7399 7060 2343 6343 3954 1767 881 3528 1056 987 1462 3345 1380 2089 4971 794 1965 701 146 426 193
is_linear=0
shrinkage=0.05


Tree=16
num_leaves=31
num_cat=0
split_feature=3 4 3 4 13 13 4 32 3 3 4 4 3 3 2 17 59 17 1 3 4 13 13 17 13 29 40 22 36 2
split_gain=331.889 218.37 134.925 136.127 93.5491 63.0776 52.392 47.8106 46.2559 40.4929 39.0459 37.292 53.5271 33.1889 31.4385 30.0274 28.951 28.6524 27.4708 26.7202 24.7897 21.004 14.6333 14.0683 12.4146 11.6704 9.36889 8.85589 4.11048 2.43086
threshold=1.1060000000000001 1.413 1.9300000000000004 1.2245000000000001 1.7965000000000002 1.0850000000000002 0.98350000000000015 0.54950000000000021 0.54000000000000015 1.5895000000000004 1.8040000000000003 2.2040000000000006 0.26150000000000007 2.0930000000000004 1.5000000000000002 0.32700000000000007 3.5000000000000004 0.044000000000000004 3.5000000000000004 0.7380000000000001 0.87750000000000006 1.8545000000000003 1.4105000000000001 0.08900000000000001 0.72900000000000009 2.9930000000000008 0.7400000000000001 -0.25833333333333325 0.45350000000000007 2.5000000000000004
decision_type=2 2 2 2 2 2 2 2 2 2 2 2 2 2 2 2 2 2 2 2 2 2 2 2 2 2 2 2 2 2
left_child=1 5 3 9 8 16 13 17 27 20 -10 12 -6 14 -4 -11 29 -5 -8 26 -2 -21 -20 -15 -9 -18 -7 -3 -13 -1
right_child=2 4 6 7 11 19 18 24 10 15 -12 28 -14 23 -16 -17 25 -19 22 21 -22 -23 -24 -25 -26 -27 -28 -29 -30 -31
leaf_value=-0.062992676977421502 -0.020091862873456139 -0.02601261118462897 -0.065582741087448021 0.038666127396872835 -0.058884676032824983 -0.042131600001357183 0.06252908923208042 -0.0092779952244174055 -0.0095988534531074154 0.0089812426513290067 0.01063064008013472 0.036706016225323497 0.020762640892607601 0.045356793548893257 0.0022590237069628673 -0.013146009217108885 -0.034554274827074453 0.0063973061984564997 0.024075189081872679 -0.017402771615509998 -0.0051785518655439603 0.0059802465286304951 0.042593856842449401 0.015601535749265403 0.026888937719882162 0.016446387774666175 -0.021116029206160795 -0.054062348588396619 0.065397297786235278 -0.048073492836693939
leaf_weight=105.28096780180931 409.93030877411366 83.387461438775063 19.36644221842289 73.330935642123222 22.804354190826416 127.19515296816826 79.995139673352242 24.699666455388069 795.27266918122768 679.63383287191391 340.72807639837265 17.339303031563759 281.35898837447166 58.978754177689552 144.44203728437424 197.9854790866375 441.2718191742897 1111.2839597016573 294.16240666806698 522.98850305378437 870.12627592682838 117.63977301120758 167.37072932720184 121.67827440798283 602.74216790497303 11.509477674961088 90.956509619951248 42.47157484292984 44.575304612517357 36.862637042999268
leaf_count=580 1701 350 107 305 94 540 411 102 3263 2769 1397 79 1141 283 598 810 1923 4526 1257 2172 3564 480 727 518 2469 48 383 186 205 177
internal_value=-5.31397e-06 -0.0128394 0.00813971 0.00420219 -0.000261863 -0.0269244 0.025782 0.0143056 -0.00671769 -0.00428286 -0.00353129 0.0219912 0.0147912 0.010537 -0.00576165 0.00398947 -0.0394379 0.00839484 0.0354792 -0.0182556 -0.00995445 -0.0131089 0.0307908 0.0253157 0.0254652 -0.0332579 -0.0333693 -0.0354781 0.0573623 -0.0591236
internal_weight=7937.37 3081.64 4855.73 3969.73 1627.94 1453.7 885.994 1812.06 1261.86 2157.68 1136 366.078 304.163 344.466 163.808 877.619 594.925 1184.61 541.528 858.78 1280.06 640.628 461.533 180.657 627.442 452.781 218.152 125.859 61.9146 142.144
internal_count=33165 13018 20147 16246 6715 6303 3901 7402 5196 8844 4660 1519 1235 1506 705 3579 2728 4831 2395 3575 5265 2652 1984 801 2571 1971 923 536 284 757
is_linear=0
shrinkage=0.05


Tree=17
num_leaves=31
num_cat=0
split_feature=24 13 4 24 24 24 4 13 24 4 24 11 4 13 20 2 3 24 3 13 4 16 24 13 30 25 4 40 1 4
split_gain=424.761 219.256 150.822 129.358 105.596 63.178 69.4496 59.9074 56.2295 43.5974 42.112 40.2084 36.855 33.1273 25.2852 24.2978 23.9798 21.2161 18.0148 17.6343 13.9113 11.4515 4.65816 7.0794 4.92654 4.08352 1.91325 1.35281 3.00849 1.34765
threshold=3.1680000000000006 1.0545000000000002 1.4790000000000003 2.5215000000000001 2.1255000000000002 4.205000000000001 0.85950000000000004 1.9665000000000001 2.1440000000000006 1.2195000000000003 1.7870000000000001 1.0000000180025095e-35 0.87750000000000006 1.4565000000000003 1.5000000000000002 2.5000000000000004 0.96350000000000013 3.9545000000000008 1.0165000000000002 0.75450000000000006 1.6610000000000003 0.62300000000000011 4.8335000000000008 1.0545000000000002 1.6180000000000001 347.50000000000006 1.4915000000000003 0.71650000000000003 5.5000000000000009 0.85450000000000015
decision_type=2 2 2 2 2 2 2 2 2 2 2 2 2 2 2 2 2 2 2 2 2 2 2 2 2 2 2 2 2 2
left_child=1 4 3 12 15 6 11 8 -4 18 -9 25 -3 17 -5 26 -11 -8 -6 -17 -15 -13 23 24 -7 -2 -1 28 -24 -25
right_child=5 2 7 14 9 22 13 10 -10 16 -12 21 -14 20 -16 19 -18 -19 -20 -21 -22 -23 27 29 -26 -27 -28 -29 -30 -31
leaf_value=-0.062645011634937242 -0.063375909744220277 -0.034678506056191424 -0.0036519792942754786 0.0019904901976763711 -0.037775262653870267 0.025936351420349654 0.019027821378738905 0.00762206127308079 0.017469650468103993 -0.018751966197498748 0.045041666997785529 0.0039298364224263308 -0.01283920115537205 0.037234174034380965 0.019503156174013585 -0.049706570059148011 0.00014350571350632617 0.045984395864218541 -0.018028767413913547 -0.025878870900006592 0.068751487821676047 0.064408314967489902 0.065158179991310725 0.045318980183383512 0.068697861126405108 -0.018668222768912869 -0.046226687693635526 0.06436945221164922 0.029273574321842501 0.065484319455329884
leaf_weight=96.017132967710495 24.70125371217728 226.15199992060661 577.00330139696598 920.54602007567883 144.75227421522141 46.299625545740128 747.27467221021652 116.27423857152462 694.20617914199829 233.78263127803802 212.78097753226757 294.28059995174408 1324.946206048131 168.93119584023952 265.57322187721729 113.71074438095093 595.88497748970985 80.893863186240196 571.59728559851646 244.83929200470448 44.164440795779228 8.0409904867410642 14.08420377969742 11.57753901183605 7.882290467619895 6.4389151483774176 21.766541853547096 58.249623745679855 9.9792521297931653 29.135810479521751
leaf_count=558 127 967 2339 3716 632 216 3080 491 2818 979 902 1205 5460 727 1076 554 2424 373 2373 1077 215 34 79 56 40 32 98 319 50 148
internal_value=-5.60083e-06 -0.00572854 0.000610627 -0.0065183 -0.0193246 0.023447 0.019825 0.0128045 0.00788252 -0.0129828 0.0318192 -3.38457e-05 -0.0160234 0.0261848 0.00591159 -0.039908 -0.00518084 0.0216609 -0.0220189 -0.0334356 0.0437662 0.00553841 0.0515455 0.0439955 0.0321572 -0.0541316 -0.0596109 0.0602495 0.0502766 0.05975
internal_weight=7911.77 6359.83 4337.48 2737.22 2022.35 1551.93 1374.73 1600.26 1271.21 1546.02 329.055 333.462 1551.1 1041.26 1186.12 476.334 829.668 828.169 716.35 358.55 213.096 302.322 177.208 94.8953 54.1819 31.1402 117.784 82.3131 24.0635 40.7133
internal_count=33165 26464 17769 11219 8695 6701 5793 6550 5157 6408 1393 1398 6427 4395 4792 2287 3403 3453 3005 1631 942 1239 908 460 256 159 656 448 129 204
is_linear=0
shrinkage=0.05


Tree=18
num_leaves=31
num_cat=0
split_feature=3 4 14 4 13 3 3 14 1 13 3 4 13 1 2 7 3 16 13 21 17 15 3 22 33 13 21 36 16 17
split_gain=278.026 185.498 137.384 97.0772 79.2421 64.3716 60.1101 57.6667 57.1718 55.71 51.1119 48.0954 45.7408 44.689 27.6502 24.4695 24.3227 22.6075 19.2836 19.2481 16.989 11.8534 11.7508 8.94674 8.41879 10.7819 7.70871 11.7748 2.14827 1.16515
threshold=1.1060000000000001 1.413 1.5965000000000003 1.2620000000000002 2.3395000000000006 2.0605000000000007 0.54000000000000015 0.81350000000000011 1.0000000180025095e-35 1.0850000000000002 1.5895000000000004 0.26150000000000007 1.5345000000000002 3.5000000000000004 2.5000000000000004 0.29300000000000004 0.7380000000000001 0.53450000000000009 1.8545000000000003 -3.4999999999999996 0.044000000000000004 -0.60349999999999981 0.81950000000000001 0.8500000000000002 0.28250000000000003 2.7750000000000004 4.5000000000000009 0.46450000000000008 0.6795000000000001 0.24550000000000002
decision_type=2 2 2 2 2 2 2 2 2 2 2 2 2 2 2 2 2 2 2 2 2 2 2 2 2 2 2 2 2 2
left_child=1 9 3 7 6 11 19 17 -8 14 -9 23 15 -13 -1 -5 21 -2 -18 -3 -14 -11 -16 -4 25 -6 29 -28 -26 -7
right_child=2 4 5 12 24 26 8 10 -10 16 -12 13 20 -15 22 -17 18 -19 -20 -21 -22 -23 -24 -25 28 -27 27 -29 -30 -31
leaf_value=-0.060620683848720248 -0.046331129764821288 -0.018632731384284052 0.0038902394223798301 0.01048377249708691 0.0053444724486536614 0.063613405825550057 0.062012452004913191 -0.0099048666553332651 -0.00087823571618155069 0.036380173013363597 0.006520607536353161 0.060295202846167732 0.053181264287298705 0.015761617901670768 -0.042095911290221201 -0.0087637123993105307 -0.016021853729686394 -0.014982480210876918 0.0064071822929650541 -0.054199552756338448 0.021513605860202831 -0.03334218648680258 -0.025855991914262594 -0.06592252630707704 0.085050284232322582 0.062259326381021274 0.014267640097589266 0.048825374934825895 0.058916143749398756 0.046542896268483958
leaf_weight=101.2912272810936 95.309096932411194 111.6700691729784 5.9236362874507931 654.82869258522987 17.811471402645111 58.352566137909889 37.137929677963257 916.51051227748394 1340.445951834321 6.2786541581153861 980.08393378555775 59.675187632441521 46.502323016524315 1005.9438344240189 176.75643920898438 220.80762968957424 520.06310865283012 145.01863849163055 117.47866824269295 57.692343205213547 474.57127296924591 209.42004610598087 301.19657737016678 20.371300995349884 10.731998801231383 15.617096275091169 32.861383616924286 98.634152695536613 29.418866842985153 12.062393993139265
leaf_count=595 418 468 25 2662 75 331 160 3769 5499 26 4000 307 201 4182 814 900 2172 602 480 254 1950 897 1319 117 46 77 151 467 136 65
internal_value=-5.34727e-06 -0.0118149 0.0074633 0.00235935 -0.000227286 0.021403 -0.00263864 -0.00434068 0.000817218 -0.0249235 -0.00141684 0.0166071 0.0126102 0.0182555 -0.0368908 0.00563017 -0.0167992 -0.0274147 -0.0118889 -0.0307484 0.0243397 -0.0313127 -0.0318618 -0.0501953 0.0504694 0.0319338 0.0473384 0.0401892 0.0659016 0.0606892
internal_weight=7880.47 3053.01 4827.46 3533.63 1620.53 1293.82 1546.95 2136.92 1377.58 1432.48 1896.59 1091.91 1396.71 1065.62 579.244 875.636 853.24 240.328 637.542 169.362 521.074 215.699 477.953 26.2949 73.5794 33.4286 201.91 131.496 40.1509 70.415
internal_count=33165 13018 20147 14502 6715 5645 6381 8789 5659 6303 7769 4631 5713 4489 2728 3562 3575 1020 2652 722 2151 923 2133 142 334 152 1014 618 182 396
is_linear=0
shrinkage=0.05


Tree=19
num_leaves=31
num_cat=0
split_feature=24 13 24 13 24 13 13 24 13 19 24 22 1 32 13 24 13 14 59 3 2 21 11 36 13 44 24 6 30 22
split_gain=360.141 196.767 137.688 63.2975 61.3974 51.315 51.0766 65.9604 47.0526 44.2176 34.9141 32.2147 31.7569 29.7789 24.4915 16.2241 15.2244 22.1394 13.586 12.6255 11.1861 6.68611 4.88338 5.94192 4.62751 4.23126 2.44075 1.97352 0.783284 1.69416
threshold=3.1255000000000002 1.5580000000000003 2.3485000000000005 0.7875000000000002 4.2580000000000009 0.68600000000000005 2.2040000000000006 1.4140000000000001 0.68600000000000005 2.8225000000000002 1.3335000000000004 0.8500000000000002 3.5000000000000004 0.52350000000000019 1.4035000000000002 1.0000000180025095e-35 2.7750000000000004 0.57400000000000007 9.5000000000000018 1.1805000000000001 26.500000000000004 5.5000000000000009 3.5000000000000004 0.51300000000000012 0.40350000000000003 0.47650000000000003 3.6665000000000005 0.78450000000000009 1.4675000000000002 0.54444444444444462
decision_type=2 2 2 2 2 2 2 2 2 2 2 2 2 2 2 2 2 2 2 2 2 2 2 2 2 2 2 2 2 2
left_child=1 2 3 18 5 11 7 15 20 -9 -5 19 26 -10 -14 -3 17 -8 -1 -2 -4 28 23 -23 -13 -18 -7 -24 29 -6
right_child=4 6 8 10 21 12 16 9 13 -11 -12 24 14 -15 -16 -17 25 -19 -20 -21 -22 22 27 -25 -26 -27 -28 -29 -30 -31
leaf_value=-0.054037426186894721 -0.053148291767657278 -0.082237551873339448 -0.0264797391539855 -0.046721260095081846 0.033999249318205547 0.04119869130712419 -0.021406490573909628 0.0055478993974001425 -0.0058152199817242132 0.068169445507336585 -0.016275146969824541 -0.065223585664288403 0.015615042256466601 0.0065107552403262164 0.031879321055112569 -0.026990617448662046 0.033953198371851866 0.028509957772024197 -0.031172812462914142 0.0057146345606932537 0.01298393464569653 0.013883623647489147 0.062270748637463548 0.054236674554832803 -0.019126229423229758 0.064630191357803263 0.0648615955125251 0.036044795038047445 0.063368858710884921 0.064155246254825812
leaf_weight=159.37264066934586 9.6357321292161924 16.009479850530624 252.01633311808109 101.06017702817917 7.8805174678564081 14.961644321680067 25.336782738566399 1621.651423856616 1428.1277722269297 28.688191577792168 1379.571902140975 22.279425442218784 936.17479541897774 745.96108062565327 307.49185691773891 78.195337608456612 17.659677669405937 180.20564188063145 109.68030744791031 166.87507490813732 19.334094136953354 26.021168410778046 22.664497345685959 14.047146677970884 7.204788625240325 30.923140972852707 40.117865324020386 10.494947940111159 61.75700244307518 11.387584298849106
leaf_count=852 39 68 1062 478 44 70 106 6615 5838 125 5881 128 3890 3024 1328 327 84 746 504 683 80 125 115 72 30 150 219 53 362 67
internal_value=-5.38985e-06 -0.00554703 -0.0116983 -0.0224072 0.0206841 0.0176044 0.00736427 0.00431362 -0.00403625 0.00663646 -0.0183532 -0.00557993 0.0212817 -0.001586 0.0196363 -0.0363795 0.0283067 0.0223569 -0.0447166 0.00250131 -0.0236679 0.0507267 0.0397767 0.0280306 -0.0539592 0.0534792 0.0584339 0.0539702 0.0606229 0.0518217
internal_weight=7852.79 6193.79 4195.12 1749.69 1658.99 1504.74 1998.67 1744.54 2445.44 1650.34 1480.63 205.995 1298.75 2174.09 1243.67 94.2048 254.125 205.542 269.053 176.511 271.35 154.253 73.2278 40.0683 29.4842 48.5828 55.0795 33.1594 81.0251 19.2681
internal_count=33165 25940 17719 7715 7225 6387 8221 7135 10004 6740 6359 880 5507 8862 5218 395 1086 852 1356 722 1142 838 365 197 158 234 289 168 473 111
is_linear=0
shrinkage=0.05


Tree=20
num_leaves=31
num_cat=0
split_feature=24 13 4 24 21 4 4 24 2 24 13 4 24 4 13 24 24 4 9 4 4 13 15 7 14 7 21 13 16 2
split_gain=330.315 195.648 119.277 102.826 62.1225 61.6242 57.2761 55.6013 45.8505 41.8211 54.8628 38.3534 34.8187 33.1549 27.0828 23.1383 21.3182 14.9996 14.602 13.3283 13.3091 10.6641 10.651 9.40263 8.46726 8.45342 6.71196 4.78078 3.21802 0.968415
threshold=2.6935000000000007 1.2980000000000003 1.2365000000000002 3.3650000000000007 -1.4999999999999998 1.5210000000000001 2.0930000000000004 1.8025000000000002 2.5000000000000004 4.2580000000000009 0.34300000000000003 0.77550000000000019 2.1665000000000005 1.6170000000000002 1.0545000000000002 2.3485000000000005 1.9675000000000002 0.87750000000000006 1.5540000000000003 0.60350000000000004 1.7925000000000002 2.1705000000000001 -0.34699999999999992 0.10400000000000001 1.0465000000000002 0.057500000000000002 5.5000000000000009 1.0545000000000002 0.70200000000000007 1.5000000000000002
decision_type=2 2 2 2 2 2 2 2 2 2 2 2 2 2 2 2 2 2 2 2 2 2 2 2 2 2 2 2 2 2
left_child=1 5 12 4 21 8 7 -4 29 10 18 24 19 -12 -13 -10 20 -14 -5 -3 -7 25 -18 -8 -6 -2 -11 -28 -23 -1
right_child=3 2 6 9 11 16 23 -9 15 26 13 14 17 -15 -16 -17 22 -19 -20 -21 -22 28 -24 -25 -26 -27 27 -29 -30 -31
leaf_value=-0.061896827352590181 0.055378848824873962 -0.059228899432824667 -0.011556920073625241 0.052490470848510412 -0.038378082316804285 -0.037438586019382498 0.051285137369482627 0.010576064319598389 -0.03041423242682418 0.059663101745048921 0.020281562068704705 -0.00098603469070153243 -0.020541157895850912 0.053513362391373859 0.011614076184042973 -0.01660355830753182 -0.0095029386924291442 -0.0011453514462296944 -0.050285550296147001 -0.023731983966060053 -0.0083218559724328907 0.041083979877021309 0.0055158324378903473 0.026097347763920892 -0.011908152884907271 0.021268577154025716 0.029528672620122338 0.057022131019177615 0.074047716264118671 -0.052386379407990125
leaf_weight=62.331770434975624 19.4798693805933 28.720570877194405 374.828846976161 3.8697015494108191 35.262347221374512 83.491061583161354 68.373188868165016 1167.8586115688086 653.04109980165958 78.283298879861832 757.81135495007038 839.99552853405476 135.64387467503548 83.305853322148323 866.27249033749104 566.25082398951054 254.072574660182 375.94648353755474 32.323661357164383 333.65757551789284 74.060350298881531 18.02873727679253 220.49617305397987 80.882471784949303 210.93734043836594 268.810386672616 48.433562189340591 23.475683495402336 12.563075229525564 46.912515968084335
leaf_count=402 85 131 1535 16 143 367 320 4735 2956 473 3254 3408 557 397 3528 2386 1062 1519 172 1432 322 79 899 339 857 1112 242 123 56 258
internal_value=-5.09487e-06 -0.00877465 0.000311979 0.0120282 0.00609085 -0.0206663 0.00805986 0.00519838 -0.0267808 0.0251529 0.0209792 0.00274909 -0.0146874 0.0235729 0.00541104 -0.0240004 -0.00781548 -0.00628799 -0.039297 -0.0265453 -0.0237517 0.026552 -0.00252485 0.0376357 -0.0156994 0.0235734 0.0495327 0.0385043 0.0546211 -0.0578128
internal_weight=7825.42 4526.57 2565.91 3298.85 2271.35 1960.66 1691.94 1542.69 1328.54 1027.5 877.311 1952.47 873.969 841.117 1706.27 1219.29 632.12 511.59 36.1934 362.378 157.551 318.882 474.569 149.256 246.2 288.29 150.193 71.9092 30.5918 109.244
internal_count=33165 19220 10568 13945 9268 8652 6929 6270 6002 4677 3839 7936 3639 3651 6936 5342 2650 2076 188 1563 689 1332 1961 659 1000 1197 838 365 135 660
is_linear=0
shrinkage=0.05


Tree=21
num_leaves=31
num_cat=0
split_feature=24 13 24 13 24 13 13 14 19 7 13 14 13 3 14 2 22 5 24 2 27 59 24 13 28 2 25 40 1 36
split_gain=302.346 166.908 123.593 52.1741 51.7967 46.8178 46.156 46.1402 45.9111 35.7493 32.6952 33.0071 31.5078 26.8977 24.7121 19.4947 16.8019 15.1151 11.5128 10.2933 6.48299 5.01872 3.76006 5.95184 3.77438 2.67109 1.85284 1.49386 3.09873 0.724559
threshold=3.1680000000000006 1.5580000000000003 2.1010000000000004 0.68600000000000005 4.2580000000000009 0.34300000000000003 0.7875000000000002 0.96350000000000013 2.5475000000000003 0.18900000000000003 2.0165000000000002 1.0000000180025095e-35 1.4035000000000002 0.96100000000000008 0.34850000000000009 1.5000000000000002 0.56944444444444453 0.30200000000000005 2.6010000000000004 1.5000000000000002 0.22750000000000004 9.5000000000000018 4.8335000000000008 1.0545000000000002 0.37300000000000005 2.5000000000000004 347.50000000000006 0.71650000000000003 5.5000000000000009 0.47150000000000003
decision_type=2 2 2 2 2 2 2 2 2 2 2 2 2 2 2 2 2 2 2 2 2 2 2 2 2 2 2 2 2 2
left_child=1 2 6 18 5 16 21 10 13 -5 11 -3 15 -9 -8 -7 20 -14 -4 -12 -2 -1 23 24 -6 -10 -18 28 -24 -25
right_child=4 7 3 9 22 12 14 8 25 -11 19 -13 17 -15 -16 -17 26 -19 -20 -21 -22 -23 27 29 -26 -27 -28 -29 -30 -31
leaf_value=-0.055815020870275289 -0.034039849708072549 -0.072890360671898358 -0.034311567999346711 0.0049426233044858455 0.02284668211364355 0.064626509523076067 -0.056100147040809692 2.6455950424721549e-05 0.069128786660286184 -0.0070960189744339293 0.065812768940144789 -0.0064334666433258862 0.05487515008504569 0.016183032227719212 -0.018952833211609427 0.013613801072371296 -0.063384143967133294 0.027235478074506034 -0.015895389940802609 0.012418159287851116 0.034823320906236056 -0.035673116364721452 0.06187085484637616 0.041736031925431877 0.068258766473107677 0.034619670706657814 -0.033894946159673117 0.061043933975824839 0.023523483644493196 0.061085870278382262
leaf_weight=113.78398019075394 5.4032073616981497 19.342425942420959 150.28225228190422 896.35061402618885 37.653371974825859 19.084794923663139 47.250152483582497 373.544299736619 36.286567911505699 1976.3678013831377 9.486364081501959 548.80406320095062 62.630032539367676 829.98718070983887 853.2341138869524 1002.7118476629257 21.760111376643184 235.28600622713566 194.95362965762615 186.03789700567722 9.3010880351066572 42.46996796131134 12.22225144505501 6.0299406349658993 5.2084715515375128 6.6322902441024771 7.0531688630580893 51.380291640758514 9.2588901221752149 24.473103478550911
leaf_count=672 22 84 675 3668 191 109 245 1528 177 8131 52 2253 314 3409 3751 4195 124 1025 809 771 38 211 79 33 27 28 36 319 50 139
internal_value=-5.12267e-06 -0.00483125 -0.0104188 -0.00554679 0.0200891 0.0170556 -0.0252549 0.00705113 0.0129806 -0.0033397 -0.00262681 -0.00869598 0.0187382 0.0111685 -0.020902 0.0145666 -0.0339712 0.0330461 -0.023912 0.0150087 0.00951901 -0.0503404 0.0483693 0.0403791 0.0283651 0.0637961 -0.0561655 0.0564147 0.0453422 0.0572607
internal_weight=7794.27 6284.81 4274.69 3217.95 1509.46 1363.23 1056.74 2010.12 1246.45 2872.72 763.671 568.146 1319.71 1203.53 900.484 1021.8 43.5176 297.916 345.236 195.524 14.7043 156.254 146.226 73.3649 42.8618 42.9189 28.8133 72.8614 21.4811 30.503
internal_count=33165 26464 18162 13283 6701 5863 4879 8302 5142 11799 3160 2337 5643 4937 3996 4304 220 1339 1484 823 60 883 838 390 218 205 160 448 129 172
is_linear=0
shrinkage=0.05


Tree=22
num_leaves=31
num_cat=0
split_feature=24 13 24 13 2 13 24 24 13 5 5 9 13 13 24 24 9 24 16 30 13 3 59 5 1 3 33 2 24 3
split_gain=278.953 161.979 81.4184 63.0715 59.1531 53.5287 40.2442 36.1786 32.3778 32.2469 31.2732 30.5707 30.3715 27.7869 33.2687 25.4223 23.1341 28.4706 22.195 20.4281 20.0601 19.8836 12.9433 11.5655 8.84973 7.44387 3.45764 3.07272 4.7767 1.38177
threshold=2.7645000000000004 1.2830000000000001 3.9185000000000003 1.9665000000000001 2.5000000000000004 1.0930000000000002 2.0885000000000002 1.7510000000000001 0.68600000000000005 -0.28899999999999992 -0.61299999999999988 0.40450000000000003 2.5120000000000005 0.76350000000000018 4.3335000000000008 1.9675000000000002 1.5965000000000003 3.2320000000000007 0.53100000000000014 1.6030000000000002 0.25850000000000006 1.3190000000000002 7.5000000000000009 0.33900000000000002 5.5000000000000009 1.6940000000000002 0.28400000000000003 1.5000000000000002 1.9675000000000002 1.5965000000000003
decision_type=2 2 2 2 2 2 2 2 2 2 2 2 2 2 2 2 2 2 2 2 2 2 2 2 2 2 2 2 2 2
left_child=1 4 5 6 27 16 10 12 22 -8 -3 -9 -5 14 20 -10 21 -18 19 -7 -4 -2 -6 -20 29 -26 -16 -1 -29 -15
right_child=2 3 13 7 8 18 9 11 15 -11 -12 -13 -14 24 26 -17 17 -19 23 -21 -22 -23 -24 -25 25 -27 -28 28 -30 -31
leaf_value=-0.060714125609429875 -0.00027343347097666848 -0.0024299551504278231 -0.054423890702272486 -0.015741216317020149 -0.046487138468308341 0.0090487359374836311 0.012584854848890874 0.063891254832692798 -0.0264466946353215 -0.0038641668759186207 -0.021519359849897685 0.018241340326535245 0.036020169903262664 0.031043105976633359 0.031726162055195822 -0.010489121348255784 -0.013396613957639348 0.0056934257876955158 0.056637995724261453 0.02393875794198554 0.0094150376623273139 0.019309724897701691 -0.023682386662088811 0.025684773386303685 0.0033083220968425755 0.041548987473118734 0.059676456997204752 -0.05771688512334381 -0.029170339564888015 0.061307163959700199
leaf_weight=58.287540629506111 245.42513486742973 431.93668399751186 19.31591659784317 133.37539260089397 99.321145698428154 795.96061111986637 465.32053990662098 40.491476833820343 305.58761848509312 828.37956500053406 426.29906083643436 389.06904488801956 35.985899150371552 4.0010012835264197 23.55622810125351 1361.9588823914528 378.17704930901527 403.90561763942242 36.512997761368752 324.15146036446095 33.906228959560394 274.69889891147614 166.56916500627995 173.94286516308784 13.889328539371489 151.92392775416374 20.866235256195068 31.710652649402618 27.244378641247749 65.767984002828598
leaf_count=402 999 1766 123 558 502 3300 1887 199 1389 3363 1820 1601 171 21 136 5740 1537 1672 165 1366 148 1127 756 728 64 766 124 188 135 412
internal_value=-4.77775e-06 -0.00745192 0.0120511 0.000477176 -0.0180883 0.00910389 -0.00351696 0.0148282 -0.0159971 0.00205225 -0.011912 0.0225444 -0.00474295 0.0353364 0.0129096 -0.0134134 0.00189722 -0.00353759 0.016157 0.0133578 -0.013754 0.0100692 -0.0322009 0.031055 0.0446319 0.0383458 0.044855 -0.0525734 -0.0445249 0.0595716
internal_weight=7767.54 4801.54 2966 2750.86 2050.68 2632.77 2151.94 598.922 1933.44 1293.7 858.236 429.561 169.361 333.227 97.6446 1667.55 1302.21 782.083 1330.57 1120.11 53.2221 520.124 265.89 210.456 235.582 165.813 44.4225 117.243 58.955 69.769
internal_count=33165 20477 12688 11365 9112 10894 8836 2529 8387 5250 3586 1800 729 1794 531 7129 5335 3209 5559 4666 271 2126 1258 893 1263 830 260 725 323 433
is_linear=0
shrinkage=0.05


Tree=23
num_leaves=30
num_cat=0
split_feature=24 4 24 13 13 24 4 13 3 17 22 13 3 4 7 14 12 4 13 4 24 14 16 21 34 30 44 44 3
split_gain=254.653 168.322 110.294 75.847 63.4191 51.8995 56.6227 45.3097 38.464 35.9481 26.9943 26.758 26.2695 26.0835 23.2607 22.7313 21.7147 21.6223 21.537 19.4472 18.4934 14.4222 14.1021 7.01086 5.70375 4.37467 2.0306 1.30022 0.903292
threshold=3.0930000000000004 1.5210000000000001 2.1010000000000004 1.1635000000000002 1.7290000000000003 4.205000000000001 0.85950000000000004 1.3585000000000003 0.82700000000000007 0.20350000000000004 0.96666666666666667 1.4565000000000003 0.89100000000000013 2.2290000000000005 0.12250000000000001 0.93550000000000011 3.5000000000000004 1.1635000000000002 0.50850000000000006 1.3470000000000002 3.9545000000000008 0.55800000000000016 0.62300000000000011 4.5000000000000009 0.62000000000000011 1.6180000000000001 0.51500000000000012 0.44450000000000006 1.6610000000000003
decision_type=2 2 2 2 2 2 2 2 2 2 2 2 2 2 2 2 2 2 2 2 2 2 2 2 2 2 2 2 2
left_child=1 2 7 18 8 6 10 16 21 -5 22 20 13 -6 -14 -10 -1 -9 -4 -13 -8 -3 -2 27 25 -25 -12 -7 -29
right_child=5 4 3 9 12 23 11 17 15 -11 26 19 14 -15 -16 -17 -18 -19 -20 -21 -22 -23 -24 24 -26 -27 -28 28 -30
leaf_value=-0.054222098682183299 -0.0011375452237325997 -0.050538175173166368 -0.038387219827996838 0.0098325195652059459 -0.00056266785673007066 0.03146708981003405 0.013798513269317534 -0.027703473690426379 -0.0086143290845423336 -0.004755917440029022 -0.065168791325046369 0.024064418411930542 0.052385321816407593 0.048433971561550354 0.022645982094983402 0.010833189898909221 -0.02956267274327247 -0.0080353445185638583 -0.012983043077119767 0.054043886053019199 0.039741198043380513 -0.0088984898385119412 0.062586181508100053 0.033297776608883799 -0.016352026791518936 0.063578030391255896 -0.02607881647001721 0.03229821151201024 0.060387081953950185
leaf_weight=118.82332776486874 339.66835823655128 22.055974990129471 89.554048717021942 713.11312261223793 150.82557463645935 4.6092210859060279 882.93268571794033 218.23165172338486 183.76815183460712 1035.407058596611 17.109315142035488 154.55039136111736 97.105024799704552 33.129082500934601 203.6307460963726 823.98076485097408 358.99522405862808 388.50899556279182 1219.7243651896715 83.22297640144825 74.490782678127289 363.6921968460083 8.9097503125667554 67.909225210547447 5.0060435533523551 14.469475924968718 4.1228326857089987 3.0102897286415091 58.180842861533165
leaf_count=777 1401 98 404 2897 616 28 3682 962 756 4209 109 679 448 162 853 3370 1692 1603 5132 426 373 1544 39 358 24 87 25 17 394
internal_value=-4.52225e-06 -0.0048499 -0.0104794 -0.00562041 0.00756598 0.0169737 0.0142549 -0.0241788 0.00214735 0.0011938 -0.00284274 0.0195452 0.0231447 0.00826132 0.0322486 0.00728684 -0.0356949 -0.0151096 -0.0147207 0.0345575 0.0158169 -0.0112793 0.00049125 0.0447494 0.0354674 0.0386164 -0.0575783 0.0570762 0.0590053
internal_weight=7738.74 6020.55 4142.36 3057.8 1878.19 1718.19 1565.01 1084.56 1393.5 1748.52 369.81 1195.2 484.69 183.955 300.736 1007.75 477.819 606.741 1309.28 237.773 957.423 385.748 348.578 153.185 87.3847 82.3787 21.2321 65.8004 61.1911
internal_count=33165 25523 17676 12642 7847 7642 6734 5034 5768 7106 1574 5160 2079 778 1301 4126 2469 2565 5536 1105 4055 1642 1440 908 469 445 134 439 411
is_linear=0
shrinkage=0.05


Tree=24
num_leaves=31
num_cat=0
split_feature=24 4 24 13 13 4 12 4 3 17 13 24 15 3 4 4 24 15 7 5 9 24 7 32 39 13 11 21 11 30
split_gain=236.943 158.314 78.619 68.9603 65.7919 58.9202 38.8026 37.3513 32.1668 31.6465 29.8419 26.7475 43.5218 26.2947 25.8282 25.0004 24.4533 44.7403 28.7526 23.5962 17.4339 17.173 17.0477 14.7319 14.0445 11.8607 9.73304 7.18841 4.88996 0.881434
threshold=2.6935000000000007 1.4790000000000003 3.5295000000000001 1.3020000000000003 1.7965000000000002 1.2245000000000001 2.5000000000000004 0.87750000000000006 0.69400000000000006 0.33900000000000002 0.90250000000000019 4.2580000000000009 -1.6199999999999999 0.74550000000000016 0.72900000000000009 1.9025000000000001 0.55000000000000016 2.5500000000000003 0.11300000000000002 0.22450000000000003 2.2745000000000002 2.3485000000000005 0.37700000000000006 0.53100000000000014 2.6950000000000007 0.71100000000000008 25.500000000000004 5.5000000000000009 3.5000000000000004 1.4675000000000002
decision_type=2 2 2 2 2 2 2 2 2 2 2 2 2 2 2 2 2 2 2 2 2 2 2 2 2 2 2 2 2 2
left_child=1 3 5 6 8 9 -1 26 25 14 24 12 20 -9 -2 -10 17 -6 -18 -14 -4 -8 -11 -12 -7 -3 -5 29 -29 -13
right_child=2 4 11 7 16 10 21 13 15 22 23 27 19 -15 -16 -17 18 -19 -20 -21 -22 -23 -24 -25 -26 -27 -28 28 -30 -31
leaf_value=-0.056416875508384479 -0.014134226949740328 -0.050482786087043832 -0.0003605850139104666 -0.035782173172800517 -0.06552497087803226 0.0060758275761307167 -0.027468948340512053 -0.023035779471895574 -0.0017750245395036801 -0.010716844842950048 0.013453794491383465 0.04651812679356207 0.054518357687028229 -0.0016290910288163656 0.0060649151352982237 0.016197871789145873 0.046093123140604861 0.061278790668490214 0.016050797506858915 0.0205498317967273 -0.065866307185069389 -0.015083698210724476 -0.046534642632421082 0.027560178737383197 -0.027332444005655349 -0.01417010543362286 -0.014198431810817253 0.021347553985855555 0.048601065074955097 0.059771838386359813
leaf_weight=86.102813810110092 185.34723843634129 25.087141081690788 23.227538734674454 128.80635261535645 20.202091813087467 267.40186356008053 589.41184939444065 165.80749921500683 887.59895391762257 206.71930183470249 356.94098402559757 16.537977024912834 57.58088792860508 1064.0002342760563 1082.8646688312292 247.42150875926018 110.1671533882618 10.609392717480658 287.45029205083847 455.95093593001366 18.050669476389885 532.95902787148952 39.581607356667519 384.40922749042511 35.653042122721672 216.98208859562874 87.85936327278614 36.903769388794899 29.708932816982269 51.95066125690937
leaf_count=608 758 131 100 562 89 1087 2767 709 3653 843 1481 111 295 4358 4428 1020 503 61 1190 2053 122 2276 162 1633 145 924 369 197 168 362
internal_value=-4.17543e-06 -0.00748515 0.0102668 -0.0152532 0.00393749 0.00622812 -0.0240693 -0.00788766 -0.00138621 -7.2335e-05 0.0153645 0.0252465 0.0203883 -0.00451522 0.00311284 0.00214286 0.0210493 -0.0218623 0.0243746 0.0243586 -0.0290058 -0.0215878 -0.0164729 0.0207683 0.0021455 -0.0179334 -0.0270298 0.0451971 0.0335025 0.0565715
internal_weight=7709.3 4460.47 3248.83 2654.95 1805.52 2558.92 1208.47 1446.47 1377.09 1514.51 1044.41 689.911 554.81 1229.81 1268.21 1135.02 428.429 30.8115 397.617 513.532 41.2782 1122.37 246.301 741.35 303.055 242.069 216.666 135.101 66.6127 68.4886
internal_count=33165 19220 13945 11649 7571 10537 5651 5998 5728 6191 4346 3408 2570 5067 5186 4673 1843 150 1693 2348 222 5043 1005 3114 1232 1055 931 838 365 473
is_linear=0
shrinkage=0.05


Tree=25
num_leaves=31
num_cat=0
split_feature=32 14 4 4 7 6 13 22 32 7 7 5 4 4 13 13 14 14 14 2 4 6 13 4 40 23 17 13 15 32
split_gain=148.937 75.6476 61.2451 51.4389 66.1622 50.2495 39.4742 38.6874 29.9281 26.8092 25.5032 25.4028 22.7449 22.1712 20.9048 19.2338 19.0845 18.1652 16.7001 16.185 15.7832 32.2394 14.9243 14.6637 9.19731 9.08899 8.23022 3.66591 3.24791 2.57656
threshold=0.48750000000000004 0.93550000000000011 1.4190000000000003 0.95750000000000013 0.078500000000000014 0.10150000000000002 1.7400000000000004 0.29999999999999999 0.56350000000000011 0.37700000000000006 0.27450000000000008 -1.0000000180025095e-35 1.8195000000000003 0.72900000000000009 1.2245000000000001 0.86850000000000016 0.55800000000000016 0.98350000000000015 2.0170000000000003 2.5000000000000004 2.2545000000000006 0.12250000000000001 0.67300000000000015 2.1910000000000003 0.75500000000000012 -0.95249999999999979 0.29300000000000004 2.1835000000000004 -1.7099999999999997 0.51050000000000006
decision_type=2 2 2 2 2 2 2 2 2 2 2 2 2 2 2 2 2 2 2 2 2 2 2 2 2 2 2 2 2 2
left_child=2 6 5 9 19 27 12 15 -6 18 14 22 16 -9 17 -7 -2 -4 -3 -5 21 -8 -12 -16 -11 -14 -13 28 -1 -22
right_child=1 3 10 4 8 7 20 13 -10 24 11 26 25 -15 23 -17 -18 -19 -20 -21 29 -23 -24 -25 -26 -27 -28 -29 -30 -31
leaf_value=0.037802112052405544 -0.045698322053398542 -0.00072584618819069083 -0.026324918855284141 0.055326807506309951 0.0054501268560480688 -0.026992264077281326 -0.0405527040701276 -0.017508152933120028 0.017062322710268748 -0.021560210074114863 -0.043508346068696052 0.0049698610028278264 -0.042217664934460386 0.003961789260782579 0.01196904326937096 -0.012642089762568507 -0.016337432410027029 0.002974531136490547 0.029397191504103522 0.028489050076269402 0.011394486070213107 0.0090375821114474682 -0.0096188061264868823 0.04594376222921142 -0.068368419728814536 0.017950900621242449 0.057281426978107966 -0.0031585426551334222 -0.053039964261033239 0.056595211802860847
leaf_weight=0.99590201675891776 66.29218165576458 606.93775047361851 59.708544045686722 75.207459837198257 1354.2321421355009 288.34583739936352 37.310274720191956 156.35089392960072 940.02459271252155 72.23555001616478 36.061040863394737 13.331885606050493 7.0731741338968268 520.70664191246033 322.48959322273731 1227.6453969329596 335.16678123176098 463.97241972386837 49.785041704773903 222.01157641410828 3.880240440368655 269.58375853300095 327.73845174908638 35.228828296065331 12.278154119849203 55.723522067070007 17.244486421346664 4.0373052954673758 81.942711964249611 16.816030517220497
leaf_count=5 347 2598 264 434 5675 1319 158 761 3992 315 166 57 30 2240 1341 5236 1413 1961 263 981 19 1107 1368 175 53 229 84 17 471 86
internal_value=-4.17593e-06 0.0064607 -0.00750312 0.00976135 0.0130835 -0.0124117 -0.00743106 -0.0109335 0.010208 -0.00185346 0.00126931 -0.00929916 -0.0168087 -0.000996201 0.00599809 -0.0153715 -0.0211857 -0.000366105 0.00155773 0.03528 0.00585876 0.0030087 -0.0129781 0.0153149 -0.0283605 0.0111737 0.0344726 -0.0496844 -0.0519492 0.0481208
internal_weight=7680.36 4124.56 3555.8 3332.71 2591.48 2280.02 791.846 2193.05 2294.26 741.236 1275.78 394.376 464.256 677.058 881.399 1515.99 401.459 523.681 656.723 297.219 327.59 306.894 363.799 357.718 84.5137 62.7967 30.5764 86.9759 82.9386 20.6963
internal_count=33165 17700 15465 14311 11082 10049 3389 9556 9667 3229 5416 1675 2019 3001 3741 6555 1760 2225 2861 1415 1370 1265 1534 1516 368 259 141 493 476 105
is_linear=0
shrinkage=0.05


Tree=26
num_leaves=31
num_cat=0
split_feature=24 4 24 3 17 32 24 4 16 2 18 10 4 2 16 14 4 7 8 24 3 3 21 7 36 41 3 14 40 33
split_gain=208.493 133.482 92.5409 80.2486 58.3895 45.4536 41.3323 44.0468 40.552 34.3184 29.1534 26.9275 25.1514 22.9734 21.808 15.3492 14.5708 14.3337 12.1989 12.1821 11.5272 10.6496 7.19916 4.93694 9.76097 3.96655 3.20881 0.937044 0.883464 0.701217
threshold=3.1680000000000006 1.2365000000000002 2.3485000000000005 0.89600000000000013 0.044000000000000004 0.55900000000000016 4.2580000000000009 0.85950000000000004 0.27900000000000008 2.5000000000000004 0.36666666666666675 11.500000000000002 2.2040000000000006 2.5000000000000004 0.63250000000000017 0.46900000000000003 1.4035000000000002 0.62000000000000011 0.74166666666666681 2.0780000000000007 1.1805000000000001 1.0440000000000003 5.5000000000000009 0.17300000000000001 0.51550000000000018 0.52300000000000013 1.9185000000000001 0.98350000000000015 0.78200000000000014 0.22850000000000004
decision_type=2 2 2 2 2 2 2 2 2 2 2 2 2 2 2 2 2 2 2 2 2 2 2 2 2 2 2 2 2 2
left_child=1 2 9 10 15 -6 7 13 21 27 19 16 -12 25 -10 -5 -9 -11 -15 -3 -13 -4 28 24 -24 -2 -25 -1 29 -8
right_child=6 3 8 4 5 -7 22 11 14 17 12 20 -14 18 -16 -17 -18 -19 -20 -21 -22 -23 23 26 -26 -27 -28 -29 -30 -31
leaf_value=-0.060222439190071669 -0.051205423911701312 -0.03507371932468089 -0.030759763519910985 -0.034599380149161717 0.001158270119393482 0.017509187121059349 0.04731954012192241 0.024314232718068748 -0.0023485861394931529 -0.021190654352302787 -0.0060610308970836645 -0.014506334406425424 0.027679187338520646 -0.0078422594433029177 0.024426285258067199 0.038796400178766281 0.046849287039544801 -0.060923530453479091 0.012328069455772854 -0.01434606725170904 0.014571456042437959 -0.013447302682896057 -0.0028218378329347852 0.0066828757747399688 0.048847445421773057 0.0074031501571949826 0.054845592660089232 -0.049942589641763312 0.029988956201470431 0.059866765744920086
leaf_weight=44.285960808396339 25.195034161210064 108.83542987704277 111.74436056613922 7.44740206003189 1675.4512948840857 569.5092925876379 14.552854731678961 311.75700286030769 1075.3993135392666 793.80446974933147 803.26910562813282 36.275131568312645 59.312514677643776 145.93855208158493 81.837547063827515 163.7103673517704 93.167668074369431 23.366755247116089 154.12846453487873 203.29461438953876 564.09264561533928 433.17970837652683 20.60254593193531 4.0401590615510967 16.429539665579796 3.2604866772890082 24.01243394613266 44.386144891381264 3.2026072442531577 47.414822787046432
leaf_count=320 151 508 496 32 6906 2352 101 1383 4398 3608 3376 152 279 602 333 739 478 123 648 863 2430 1808 109 21 98 19 137 323 22 350
internal_value=-4.25723e-06 -0.00401241 -0.0126218 0.00224052 0.00745244 0.00530623 0.0169662 0.0143408 -0.00575093 -0.0255327 -0.00847924 0.019535 -0.003741 -0.00155352 -0.000455119 0.0356028 0.0294992 -0.0223268 0.00251817 -0.0215735 0.0128145 -0.0169975 0.0438496 0.0320871 0.0201016 -0.0444899 0.0479092 -0.0550767 0.0555966 0.0569201
internal_weight=7662.9 6198.83 2608 3590.83 2416.12 2244.96 1464.07 1333.81 1702.16 905.843 1174.71 1005.29 862.582 328.523 1157.24 171.158 404.925 817.171 300.067 312.13 600.368 544.924 130.255 65.0847 37.0321 28.4555 28.0526 88.6721 65.1703 61.9677
internal_count=33165 26464 11409 15055 10029 9258 6701 5863 7035 4374 5026 4443 3655 1420 4731 771 1861 3731 1250 1371 2582 2304 838 365 207 170 158 643 473 451
is_linear=0
shrinkage=0.05


Tree=27
num_leaves=31
num_cat=0
split_feature=3 4 14 4 3 4 13 4 13 3 14 7 13 13 13 14 15 4 13 14 33 15 14 13 0 14 27 21 7 40
split_gain=147.984 118.033 88.0112 75.4901 63.7736 52.1795 47.9363 43.3037 32.2694 33.7638 30.6194 28.5397 23.3391 23.0548 15.7867 12.1306 12.0642 10.8081 10.6706 6.78145 6.47295 7.51693 6.20572 4.06304 3.97229 3.53781 2.40692 4.15984 2.2176 1.10125
threshold=0.96100000000000008 1.9185000000000001 1.0890000000000002 1.4365000000000003 1.9300000000000004 0.66100000000000014 1.9395000000000002 0.85950000000000004 2.3395000000000006 0.26150000000000007 0.55800000000000016 0.060500000000000005 1.0410000000000001 0.96100000000000008 1.8110000000000002 1.9835000000000003 -0.81649999999999989 1.0725000000000002 0.7380000000000001 1.0515000000000001 0.28250000000000003 2.5500000000000003 1.0000000180025095e-35 0.54000000000000015 13.500000000000002 0.64500000000000013 0.30000000000000004 -4.4999999999999991 0.17300000000000001 0.75350000000000017
decision_type=2 2 2 2 2 2 2 2 2 2 2 2 2 2 2 2 2 2 2 2 2 2 2 2 2 2 2 2 2 2
left_child=3 2 5 10 7 19 -7 -4 9 22 26 23 -11 -6 18 16 -13 -16 -12 -2 21 -10 -5 -3 -17 -25 29 -28 -22 -1
right_child=1 11 4 8 13 6 -8 -9 20 12 14 15 -14 -15 17 24 -18 -19 -20 -21 28 -23 -24 25 -26 -27 27 -29 -30 -31
leaf_value=-0.063590945160739931 -0.044148255191650609 0.012259711141759805 -0.0096346612591138529 -0.072459512202261503 0.0084422575509000043 -0.0090918791907034849 0.015284167398883768 0.0061507205364094639 -0.0010102074671349249 -0.01534865114065339 -0.039654135744878562 -0.034105577594656752 0.0021357821212346921 0.028983942652038304 -0.027559775051859928 0.066314657703969354 0.021271527707154344 0.0064441317834838495 -0.020725175026843703 0.016592026258777762 0.046998406138272268 0.065612108772346078 -0.032561002835218823 0.029850281148699771 0.01925244512306714 0.058768547623759618 0.020114497241015647 -0.058983194990455547 0.080161619952711205 -0.047209490081876811
leaf_weight=42.939859479665756 101.74555172026157 5.7330887839198104 519.16596095263958 17.173504769802094 215.16090773046017 1262.1535184979439 240.04531070590019 2663.0268796831369 13.464388087391855 264.97442854940891 84.634170047938824 10.344630524516104 682.3982642441988 374.06762371957302 32.466024175286293 19.226076588034633 199.66034689545631 83.396193593740463 618.84631252288818 4.8126022368669501 13.132016211748125 6.1759409457445136 22.533347278833389 11.930932372808455 5.8473525196313849 93.143010169267654 2.6960155814886093 4.3348867595195761 8.1815392524003965 13.480122290551661
leaf_count=275 529 28 2167 80 1066 5393 993 11061 59 1181 457 43 2794 1846 141 114 851 344 2764 20 69 37 103 54 27 500 13 35 35 86
internal_value=-4.05706e-06 0.00401665 0.00219648 -0.0120527 0.00637318 -0.00759499 -0.00519669 0.00357538 -0.00284329 -0.00464769 -0.0227772 0.032329 -0.00275451 0.021483 -0.0201859 0.0224683 0.0185437 -0.00308418 -0.0230025 -0.041405 0.0406468 0.0199393 -0.0498174 0.0532485 0.0553393 0.0554849 -0.0562393 -0.028653 0.0597286 -0.059677
internal_weight=7636.89 5726.06 5380.18 1910.83 3771.42 1608.76 1502.2 3182.19 1028.03 987.08 882.794 345.885 947.373 589.229 819.343 235.078 210.005 115.862 703.48 106.558 40.9539 19.6403 39.7069 110.807 25.0734 105.074 63.4509 7.0309 21.3136 56.42
internal_count=33165 24692 23075 8473 16140 6935 6386 13228 4358 4158 4115 1617 3975 2912 3706 1035 894 485 3221 549 200 96 183 582 141 554 409 48 104 361
is_linear=0
shrinkage=0.05


Tree=28
num_leaves=31
num_cat=0
split_feature=24 32 24 14 22 16 11 22 15 14 29 26 24 5 24 9 24 5 18 1 22 15 5 5 24 36 5 17 40 1
split_gain=180.666 73.5276 60.2739 59.8834 64.9788 36.1446 32.7431 24.4388 23.1024 22.9925 21.5716 21.2988 21.3797 17.1357 15.2089 13.9928 13.2203 32.2116 18.8569 13.5913 13.1786 10.9622 9.97039 9.78655 7.18828 6.03071 2.8624 2.34608 1.76723 3.31765
threshold=2.7645000000000004 0.41000000000000003 3.9185000000000003 0.60350000000000004 -0.43055555555555552 0.53100000000000014 2.5000000000000004 -0.96666666666666645 2.5500000000000003 0.26150000000000007 2.7295000000000003 0.37100000000000005 1.9475000000000002 0.7965000000000001 1.7145000000000004 1.6130000000000002 4.8335000000000008 1.9665000000000001 0.14999999999999999 5.5000000000000009 -0.074999999999999942 -0.98349999999999993 -0.064499999999999988 0.33900000000000002 3.1680000000000006 0.48600000000000004 -1.5119999999999998 0.15200000000000002 0.71650000000000003 5.5000000000000009
decision_type=2 2 2 2 2 2 2 2 2 2 2 2 2 2 2 2 2 2 2 2 2 2 2 2 2 2 2 2 2 2
left_child=1 11 5 8 7 10 -6 -5 9 -3 15 12 22 -12 27 -2 17 19 -19 -4 -14 -16 -1 25 -25 -7 -10 -13 29 -18
right_child=2 3 16 4 6 23 -8 -9 26 -11 13 14 20 -15 21 -17 28 18 -20 -21 -22 -23 -24 24 -26 -27 -28 -29 -30 -31
leaf_value=-0.01752704861268153 0.0073633152677205068 -0.05847644689524259 0.057479986717895927 0.064883362932051727 -0.042251033069130084 0.012950483208495921 -0.002496206407361598 0.01348705634394894 0.0619569905621212 -0.020680777630726621 0.015384615203999251 -0.037127519313871378 0.0037924754305876142 0.0014315432657222224 -0.043175594725085635 -0.002885076644972086 0.058506851992117706 -0.053095834463964542 0.021223798843043512 0.026413495528313027 -0.011569010610434189 -0.018511573075518414 -0.046556880870808282 0.016085867560625064 0.03867283239313371 0.062485127514957821 0.0088968796202669297 -0.064815752537918922 0.057448905672107399 0.015420946372848875
leaf_weight=316.86096484959126 579.49885667860508 52.084903813898563 44.901395052671432 24.211441457271576 52.939913250505924 7.936574473977088 2392.900740839541 517.29997073113918 7.4668328315019608 176.91693625599146 710.46765571832657 11.651774570345877 259.04884278774261 318.76556697487831 49.639307089149952 783.23494203388691 9.7399697154760378 18.667507782578468 15.724360987544058 163.04410991817713 302.83896517008543 487.43835027515888 32.622810944914818 126.20321817696095 48.863207310438156 27.213332489132881 3.853527680039404 22.278814412653446 42.321366988122463 8.2541997134685499
leaf_count=1457 2399 303 299 138 339 37 10002 2151 49 801 3008 66 1094 1342 247 3233 79 133 81 833 1327 2172 174 523 221 131 17 140 319 50
internal_value=-4.06915e-06 -0.00605225 0.00980277 -0.00181858 0.000113088 0.00734649 -0.00335669 0.015785 -0.0258304 -0.0292771 0.00559955 -0.0152705 -0.0105265 0.0110632 -0.0228422 0.00147302 0.0309216 0.0257082 -0.019116 0.0331216 -0.00448686 -0.0207911 -0.0202369 0.0272242 0.0223902 0.0513006 0.043895 -0.0553076 0.0518682 0.0387427
internal_weight=7614.89 4710.05 2904.84 3227.67 2987.35 2602.18 2445.84 541.511 240.322 229.002 2391.97 1482.38 911.372 1029.23 571.008 1362.73 302.653 242.337 34.3919 207.946 561.888 537.078 349.484 210.216 175.066 35.1499 11.3204 33.9306 60.3155 17.9942
internal_count=33165 20477 12688 13800 12630 10894 10341 2289 1170 1104 9982 6677 4052 4350 2625 5632 1794 1346 214 1132 2421 2419 1631 912 744 168 66 206 448 129
is_linear=0
shrinkage=0.05


Tree=29
num_leaves=31
num_cat=0
split_feature=24 4 24 13 24 24 4 16 2 32 13 24 13 19 10 19 13 7 4 22 8 7 21 7 10 25 21 40 14 33
split_gain=165.783 112.828 76.2868 65.4703 45.6711 36.72 37.0785 35.8743 31.9398 29.2494 28.0381 25.6645 32.259 25.3337 23.4903 22.3362 19.8137 13.4749 13.4541 10.0526 9.85373 9.19232 7.26219 4.83049 6.73475 4.58547 3.25607 0.930115 0.88786 0.765048
threshold=3.1680000000000006 1.2365000000000002 2.3485000000000005 1.9395000000000002 2.2515000000000005 4.2580000000000009 0.85950000000000004 0.27900000000000008 2.5000000000000004 0.55650000000000011 0.7965000000000001 1.2565000000000002 2.5955000000000008 2.6570000000000005 11.500000000000002 1.0000000180025095e-35 2.1705000000000001 0.62000000000000011 1.4035000000000002 0.29999999999999999 0.74166666666666681 0.10900000000000001 5.5000000000000009 0.17300000000000001 15.500000000000002 347.50000000000006 6.5000000000000009 0.78200000000000014 0.98350000000000015 0.22850000000000004
decision_type=2 2 2 2 2 2 2 2 2 2 2 2 2 2 2 2 2 2 2 2 2 2 2 2 2 2 2 2 2 2
left_child=1 2 8 4 10 6 15 19 28 -6 -3 12 -5 -13 18 25 -9 -10 -8 -4 -17 -16 27 24 -24 -2 -25 29 -1 -7
right_child=5 3 7 11 9 22 14 16 17 -11 -12 13 -14 -15 21 20 -18 -19 -20 -21 -22 -23 23 26 -26 -27 -28 -29 -30 -31
leaf_value=-0.05864933331658323 -0.058011860713730545 -0.032421390528592477 -0.022828160611004289 -0.038535205693292572 0.0014426431049109761 0.045009736585947771 0.022130594587998063 -0.0015694235797741975 -0.019331578624127349 0.016936586779093068 -0.0052042972391442106 0.019153753594288132 0.044407852687141237 0.055894415629314277 0.025640975549363912 -0.0073103854993790103 0.034999679433343013 -0.058809810366090912 0.044206760398685027 -0.0092006189636023496 0.010799132575782223 0.0086730309746128383 0.03144954136962385 0.0050408527261038014 -0.016396606793106932 -0.0078598753954876067 0.053211973198454401 0.026844233134327891 -0.048191429137396269 0.058671742507217628
leaf_weight=39.879712209105492 19.816522598266605 102.19830805063248 268.31380923092365 37.380591958761215 1335.4310191273689 13.434166267514227 306.62067320942879 1116.891463547945 781.40288023650646 394.61068658530712 1276.8688436597586 354.50305190682411 17.078778862953186 54.075422421097755 94.974388852715492 145.24132797122002 38.311030685901642 22.229665376245975 89.061728037893772 273.03603525459766 155.57374313473701 500.20615661144257 25.345932319760323 4.1563331484794643 10.361344963312147 5.9190901443362227 22.489212423563004 2.9960548281669608 41.327242523431778 43.193118162453175
leaf_count=320 128 531 1143 166 5494 101 1383 4574 3608 1629 5352 1502 97 284 437 600 157 123 478 1161 658 2145 148 24 59 34 134 22 323 350
internal_value=-3.72238e-06 -0.00357696 -0.0115414 0.00217848 -0.000433792 0.0152723 0.0128422 -0.00533388 -0.0234434 0.00497671 -0.00722127 0.0197188 -0.0125238 0.0240164 0.0176577 -0.00176948 -0.000356649 -0.0204236 0.0270996 -0.015955 0.00205539 0.0113806 0.0415178 0.0295877 0.0175658 -0.0464771 0.045698 0.0539941 -0.0533272 0.0554306
internal_weight=7592.93 6153.54 2581.39 3572.15 3109.11 1439.39 1317.41 1696.55 884.84 1730.04 1379.07 463.038 54.4594 408.578 990.863 326.551 1155.2 803.633 395.682 541.35 300.815 595.181 121.976 62.3528 35.7073 25.7356 26.6455 59.6233 81.207 56.6273
internal_count=33165 26464 11409 15055 13006 6701 5863 7035 4374 7123 5883 2049 263 1786 4443 1420 4731 3731 1861 2304 1258 2582 838 365 207 162 158 473 643 451
is_linear=0
shrinkage=0.05


Tree=30
num_leaves=31
num_cat=0
split_feature=24 4 24 13 13 4 2 4 24 22 13 4 16 8 9 24 15 7 24 13 17 13 22 29 3 6 21 5 21 14
split_gain=153.155 108.939 56.7685 52.8812 47.3514 42.1774 33.0803 29.1842 26.9039 27.3778 25.9544 25.7255 24.4962 27.094 21.395 18.647 33.0683 22.687 18.2451 19.5027 16.4835 13.5855 12.7577 12.5049 12.0912 9.33038 7.28191 11.5511 5.80746 3.73974
threshold=2.6935000000000007 1.4790000000000003 3.9185000000000003 1.3020000000000003 1.7965000000000002 1.2245000000000001 2.5000000000000004 0.87750000000000006 1.7475000000000003 -0.25833333333333325 0.89600000000000013 0.88700000000000012 0.36200000000000004 0.36666666666666675 1.0605000000000002 0.55000000000000016 2.5500000000000003 0.11900000000000001 4.205000000000001 0.44600000000000006 0.38000000000000006 0.75450000000000006 -0.25833333333333325 2.7295000000000003 1.2320000000000004 0.6130000000000001 10.500000000000002 0.62750000000000006 4.5000000000000009 1.5580000000000003
decision_type=2 2 2 2 2 2 2 2 2 2 2 2 2 2 2 2 2 2 2 2 2 2 2 2 2 2 2 2 2 2
left_child=1 3 5 6 8 12 -1 25 22 -10 24 18 13 -2 -9 16 -6 -17 19 -4 -14 -8 -3 -12 -7 -5 29 -28 -20 -13
right_child=2 4 11 7 15 10 21 14 9 -11 23 26 20 -15 -16 17 -18 -19 28 -21 -22 -23 -24 -25 -26 -27 27 -29 -30 -31
leaf_value=-0.053356562380560427 -0.030117434549769225 -0.010294908060099297 -0.052109861227624704 -0.028302422375289404 -0.059066492359241829 -0.013039748886589715 -0.029861636402032866 -0.014318086932022031 0.011418036931846513 -0.0043249770603325877 0.011917241885261623 0.019588350998075283 0.010910930820224334 -0.00081039897673561951 0.00074006333829593749 0.04069013548682212 0.057212467524447967 0.013604906886084995 0.055583078024071135 0.010666206389586269 -0.031036512411118346 -0.01566096567306649 -0.038456045809372091 0.024363588577521203 0.0080683370483657472 -0.0010085630693904217 -0.037932847797053297 0.03400399928608145 0.020218601121986951 0.049821914332173395
leaf_weight=72.024847239255905 85.272785559296608 166.33800493180752 18.133288718760014 172.66728182137012 18.823436990380291 96.603677406907082 208.13120330125093 319.75008936226368 461.87327571213245 686.82396423816681 380.4758527725935 11.187249906361101 604.94173777103424 1049.0271684229374 899.42185062170029 106.55559162050486 9.0559493452310544 281.71439102292061 16.87064354121685 38.941719487309456 24.362772434949875 882.74653807282448 53.041447058320045 429.74871851503849 227.88786748051643 38.247841998934746 6.4023904204368582 43.460291601717472 37.221618548035622 119.32267069071531
leaf_count=608 353 715 131 767 89 394 1075 1353 1899 2871 1604 61 2513 4353 3714 515 61 1178 138 175 100 3968 243 1894 940 164 31 230 214 814
internal_value=-3.43184e-06 -0.00607581 0.00832926 -0.012619 0.00343327 0.00621375 -0.0205372 -0.00618008 -0.00105916 0.00200504 0.0137333 0.0293604 0.0013756 -0.0030136 -0.00320921 0.018202 -0.0212961 0.0210381 0.0104413 -0.00927836 0.00928699 -0.0183703 -0.0171037 0.0185189 0.00178429 -0.0233529 0.0410206 0.0247673 0.0312483 0.0472303
internal_weight=7567.08 4377.22 3189.86 2592.99 1784.23 2898.32 1162.9 1430.09 1368.08 1148.7 1134.72 291.54 1763.6 1134.3 1219.17 416.149 27.8794 388.27 111.167 57.075 629.305 1090.88 219.379 810.225 324.492 210.915 180.373 49.8627 54.0923 130.51
internal_count=33165 19220 13945 11649 7571 12151 5651 5998 5728 4770 4832 1794 7319 4706 5067 1843 150 1693 658 306 2613 5043 958 3498 1334 931 1136 261 352 875
is_linear=0
shrinkage=0.05


Tree=31
num_leaves=31
num_cat=0
split_feature=24 4 24 16 13 24 4 13 24 2 13 13 15 17 2 24 1 13 18 7 16 9 13 21 13 40 4 18 3 44
split_gain=141.924 105.746 63.6261 51.6953 39.965 37.3865 37.3985 32.9656 26.6267 29.1111 26.2854 25.522 23.6719 21.2887 20.5038 19.5123 19.1592 19.1187 17.3377 16.4839 9.33348 9.25519 8.55797 7.32143 4.93755 5.79828 1.76354 1.44812 1.24927 0.919328
threshold=3.0015000000000005 1.5210000000000001 2.1010000000000004 0.43650000000000005 1.4915000000000003 4.2580000000000009 0.88700000000000012 1.5250000000000001 1.4470000000000003 5.5000000000000009 2.6835000000000004 0.84400000000000008 -1.0604999999999998 0.20350000000000004 3.5000000000000004 2.8575000000000004 3.5000000000000004 0.25850000000000006 0.78888888888888908 0.29300000000000004 0.65100000000000013 1.5345000000000002 0.7965000000000001 5.5000000000000009 1.0545000000000002 0.71650000000000003 0.83650000000000013 0.074999999999999969 1.5965000000000003 0.44450000000000006
decision_type=2 2 2 2 2 2 2 2 2 2 2 2 2 2 2 2 2 2 2 2 2 2 2 2 2 2 2 2 2 2
left_child=1 2 7 12 15 6 17 14 10 -10 -6 21 -4 -5 -1 19 -13 27 -9 -3 -19 -8 -17 28 25 -25 -26 -2 -7 -30
right_child=5 4 3 13 8 23 11 18 9 -11 -12 16 -14 -15 -16 22 -18 20 -20 -21 -22 -23 -24 24 26 -27 -28 -29 29 -31
leaf_value=-0.046423024197043306 -0.057536601657373676 0.0011219093279173527 -0.037686226053680542 0.010429611692934451 -0.023123720719646901 0.01578818414228295 0.014120438821108678 -0.016284124295854775 0.041559619691519792 0.013416238257429759 0.053931713932254967 0.05225661213670605 -0.0087946273767767324 -0.0035411537586710015 -0.02253509299189084 -0.0078562249575048846 0.017126505721624895 -0.001277308892037739 0.0043062361623840157 -0.014393704931898652 0.052762435272392827 -0.0039122260506979801 0.028807397833745571 -0.013802378299429261 0.029926055835291107 0.028948351077446862 0.061237584676500284 -0.017477827008700052 0.028417590522799838 0.055947761605325191
leaf_weight=111.37719458341599 16.066171146929268 720.05478325486183 73.995292082428932 576.83421130478382 73.7685856372118 2.1952202022075644 108.00176648795605 292.61313559114933 108.84559331089258 589.68548442423344 13.020976379513739 40.514566339552402 1693.4419884681702 517.13388918340206 464.30321827530861 20.149982750415802 923.19487161934376 405.7942523509264 157.13803021609783 224.57274313271046 8.1506730467081052 208.56307837367058 75.750954017043114 10.682208508253096 7.4482676908373859 30.800548888742924 11.348957955837248 2.6246161460876456 3.2283249124884597 49.97783749550581
leaf_count=857 126 3013 338 2368 319 15 452 1254 546 2446 83 282 7173 2116 2258 81 4073 1685 665 955 37 874 315 60 46 182 77 11 25 433
internal_value=-3.27021e-06 -0.003884 -0.00854647 -0.00471687 0.00604139 0.0121205 0.0102625 -0.0192327 0.0145563 0.0178016 -0.0115631 0.0145573 -0.0100042 0.00382544 -0.0271567 -0.000385105 0.0186034 -0.00244673 -0.00909008 -0.00256672 -0.000213254 0.00223994 0.0211039 0.0396314 0.0275724 0.0179396 0.0488306 -0.0519114 0.0527523 0.0542773
internal_weight=7541.28 5712.69 3886.84 2861.41 1825.85 1828.59 1712.91 1025.43 785.321 698.531 86.7896 1280.27 1767.44 1093.97 575.68 1040.53 963.709 432.636 449.751 944.628 413.945 316.565 95.9009 115.681 60.28 41.4828 18.7972 18.6908 55.4014 53.2062
internal_count=33165 24787 17029 11995 7758 8378 7540 5034 3394 2992 402 5681 7511 4484 3115 4364 4355 1859 1919 3968 1722 1326 396 838 365 242 123 137 473 458
is_linear=0
shrinkage=0.05


Tree=32
num_leaves=31
num_cat=0
split_feature=24 13 24 13 13 7 20 14 13 7 13 14 22 24 13 7 9 3 17 22 5 28 10 28 5 9 1 5 42 10
split_gain=132.795 79.0082 59.1671 51.4215 51.2322 37.1839 26.5536 25.5395 23.3626 21.8848 20.4278 33.5214 23.692 18.2825 23.0287 17.7892 17.5464 18.3293 13.0775 12.845 10.1301 4.79792 8.20538 3.712 4.20376 3.62579 2.93578 2.53369 1.73094 0.742395
threshold=2.5215000000000001 1.7110000000000001 3.5295000000000001 0.50850000000000006 1.0930000000000002 0.28900000000000003 1.5000000000000002 0.26150000000000007 1.6545000000000003 0.20350000000000004 2.5120000000000005 1.0000000180025095e-35 -0.96666666666666645 4.8335000000000008 1.0000000180025095e-35 0.62000000000000011 1.5965000000000003 1.0680000000000003 0.14900000000000002 0.29999999999999999 0.24550000000000002 0.32450000000000007 13.500000000000002 0.29200000000000004 1.0725000000000002 0.34050000000000008 1.0000000180025095e-35 -1.2094999999999998 0.30650000000000005 4.5000000000000009
decision_type=2 2 2 2 2 2 2 2 2 2 2 2 2 2 2 2 2 2 2 2 2 2 2 2 2 2 2 2 2 2
left_child=1 3 4 21 16 7 9 -5 13 -6 11 26 -13 14 -4 -7 17 -2 -8 -18 25 27 -23 29 -25 -12 -3 -1 -15 -10
right_child=2 10 8 5 6 15 18 -9 23 -11 20 12 -14 28 -16 -17 19 -19 -20 -21 -22 22 -24 24 -26 -27 -28 -29 -30 -31
leaf_value=-0.0068692339917564189 -0.011035943804364534 -0.072801924823216693 -0.04496315393106496 -0.058833038235942839 0.013224119869464923 -0.016769614428596105 0.031520591637339189 -0.0048115155373554992 0.041772624584470272 -3.4249929773656873e-05 0.055690262350465237 0.055485702795895646 0.0033593784544025404 0.050387474568823788 0.016045132248486978 -0.050919289534194348 -0.017738613818497766 0.0065973886625140593 0.013880067395451282 -0.00381450777597566 -0.032754449364292747 -0.052536758049505396 -0.013130901532932407 0.051536962581657957 0.021880730112738323 0.029358630977838193 -0.027304490307159354 -0.058763317335184084 0.011956751715610267 0.065338470409734645
leaf_weight=2.4678979218006125 198.8822116702795 14.700065940618517 15.956431083381174 22.183557190001011 532.23898980021477 843.95805793255568 146.93747018277645 1591.4393791258335 3.9356089904904392 749.59422667324543 21.552789755165577 22.347388699650764 887.5178936123848 41.108021132647991 505.20599111169577 39.939575240015984 259.24982953071594 569.02372200787067 368.64450763165951 458.66464444994926 5.2871104925870887 29.79636312276125 23.73234024643898 26.954359866678715 21.465445585548878 33.229419872164726 4.6726154685020438 50.135161906480789 3.1548477411270133 22.158261820673943
leaf_count=14 848 73 130 157 2214 3787 652 6890 23 3097 150 123 3698 342 2436 266 1076 2345 1558 1903 22 233 137 190 119 149 22 343 25 143
internal_value=-2.91806e-06 -0.00694765 0.00635728 -0.0115181 0.0036464 -0.0100695 0.0093251 -0.00555419 0.0202655 0.00547085 0.00508069 0.00325395 0.00463966 0.0167974 0.0141772 -0.0183127 -0.0032232 0.00203048 0.0189075 -0.00884271 0.0333394 -0.0456046 -0.0350659 0.0465822 0.0383898 0.0397182 -0.0618281 -0.0563287 0.0476483 0.0617842
internal_weight=7516.13 3592.96 3923.17 2603.65 3283.24 2497.52 1797.42 1613.62 639.939 1281.83 989.307 929.238 909.865 565.425 521.162 883.898 1485.82 767.906 515.582 717.914 60.0693 106.132 53.5287 74.5137 48.4198 54.7822 19.3727 52.6031 44.2629 26.0939
internal_count=33165 16064 17101 11827 13693 11100 7521 7047 3408 5311 4237 3916 3821 2933 2566 4053 6172 3193 2210 2979 321 727 370 475 309 299 95 357 367 166
is_linear=0
shrinkage=0.05


Tree=33
num_leaves=31
num_cat=0
split_feature=24 13 24 7 13 17 13 3 5 14 24 15 24 7 13 2 9 24 5 8 3 14 3 34 36 1 26 14 18 17
split_gain=121.584 79.7053 53.5821 46.6575 31.1217 30.5692 30.2079 26.1947 32.603 26.1848 21.3532 24.7346 20.5629 20.4011 16.267 13.5335 9.06627 9.01632 8.6558 14.8516 11.9536 11.021 4.73747 5.87437 4.51241 5.55111 3.79131 5.57977 2.13176 2.11929
threshold=3.2855000000000003 1.0165000000000002 1.6980000000000002 0.21550000000000002 0.50850000000000006 0.21550000000000002 1.4035000000000002 0.90250000000000019 -0.93199999999999994 0.87250000000000016 4.3335000000000008 -1.6199999999999999 2.4190000000000005 0.39650000000000007 2.3395000000000006 1.5000000000000002 2.2745000000000002 2.6010000000000004 0.76800000000000013 0.56944444444444453 1.8195000000000003 1.4790000000000003 1.8040000000000003 0.37250000000000005 0.51050000000000006 3.5000000000000004 0.23200000000000004 0.51000000000000012 0.36666666666666675 0.24550000000000002
decision_type=2 2 2 2 2 2 2 2 2 2 2 2 2 2 2 2 2 2 2 2 2 2 2 2 2 2 2 2 2 2
left_child=1 2 26 7 17 12 10 14 -9 -7 11 16 -5 -6 -3 -13 -2 -4 22 21 -21 -20 23 -8 25 -12 27 -1 -28 -26
right_child=6 3 4 5 13 9 18 8 -10 -11 24 15 -14 -15 -16 -17 -18 -19 19 20 -22 -23 -24 -25 29 -27 28 -29 -30 -31
leaf_value=-0.05192941803784934 -0.010585898506371231 -0.005935114843292265 -0.041924205118509146 -0.0032044782020857277 -0.0049199906044082049 -0.021671913034863467 -0.0042926702415564382 0.03863440993053778 0.0082802259127632023 -0.0047704848345270258 0.053372874754995858 0.059162459537563265 0.010880094315234068 -0.022062093884383464 0.034866310277017004 0.0099833473587892761 -0.055281479327594335 -0.017841554943154883 -0.059331466646395506 -0.019321249628133665 0.034981109062626463 0.016350252305806189 0.055759531024786674 0.040775840780705126 0.058921453720027953 0.01563209880545011 -0.06077775450711459 -0.014555580230047348 -0.043662926022861814 0.028733763362493045
leaf_weight=17.588643878698349 36.834497049450874 421.61660891771317 80.946723394095898 567.82248955965042 1448.4734949916601 280.7171802520752 8.7606634795665723 94.716385237872601 1339.8603942245245 1247.7687253654003 13.637372851371763 14.259614154696463 476.69567689299583 197.19592773169279 25.930896110832691 737.19178032875061 16.396389588713646 74.759845897555351 8.599403992295267 11.159551769495009 110.33255140483379 10.917372725903986 41.373602777719498 41.389546431601048 22.405875794589523 34.119794584810734 27.337120480835438 23.106149680912495 54.400532923638821 7.8511666506528845
leaf_count=128 161 1788 502 2414 6249 1226 45 476 5583 5224 129 109 1977 960 145 3231 131 322 40 48 583 57 274 211 186 211 216 125 357 57
internal_value=-2.8716e-06 -0.00266577 -0.011171 0.00100698 -0.00899562 -0.0033693 0.0152285 0.00698967 0.0102843 -0.00787455 0.0110049 0.00858343 0.00322342 -0.00697408 -0.00357108 0.0109166 -0.0243532 -0.0303613 0.0312613 0.0234895 0.0299932 -0.0169963 0.0432353 0.0329029 0.0359808 0.0264092 -0.0431786 -0.0307089 -0.049387 0.0510883
internal_weight=7494.17 6378.94 1923.81 4455.13 1801.38 2573 1115.23 1882.12 1434.58 1528.49 882.696 804.682 1044.52 1645.67 447.548 751.451 53.2309 155.707 232.533 141.009 121.492 19.5168 91.5238 50.1502 78.0142 47.7572 122.432 40.6948 81.7377 30.257
internal_count=33165 27692 8859 18833 8033 10841 5473 7992 6059 6450 4215 3632 4391 7209 1933 3340 292 824 1258 728 631 97 530 256 583 340 826 253 573 243
is_linear=0
shrinkage=0.05


Tree=34
num_leaves=31
num_cat=0
split_feature=24 4 24 4 13 13 4 2 5 4 24 17 4 1 32 4 13 24 24 24 19 13 21 40 26 9 13 40 3 40
split_gain=112.196 90.6956 50.9009 47.9988 46.9656 38.736 32.2906 30.2008 26.7758 25.196 21.9634 20.2608 16.9832 17.2878 15.9 15.1396 14.5365 15.2746 13.9316 13.762 20.818 10.6076 7.51878 6.87134 6.67954 6.45589 3.65893 6.54181 2.65284 2.22106
threshold=2.5215000000000001 1.2365000000000002 3.6010000000000004 0.95750000000000013 1.3550000000000002 0.91850000000000021 2.0930000000000004 2.5000000000000004 -1.6604999999999996 1.8110000000000002 1.7475000000000003 0.37700000000000006 0.90250000000000019 5.5000000000000009 0.58950000000000002 0.40600000000000008 1.7110000000000001 1.6665000000000003 2.5835000000000004 4.8335000000000008 0.44600000000000006 0.57400000000000007 10.500000000000002 0.77450000000000008 0.12850000000000003 2.4320000000000004 1.9665000000000001 0.74400000000000011 1.5965000000000003 0.71650000000000003
decision_type=2 2 2 2 2 2 2 2 2 2 2 2 2 2 2 2 2 2 2 2 2 2 2 2 2 2 2 2 2 2
left_child=1 7 3 11 10 18 8 26 -6 -7 24 15 19 28 -12 -2 21 -18 -5 20 -4 -9 -15 -8 -3 -13 -1 -28 -14 -21
right_child=2 4 12 5 6 9 23 16 -10 -11 14 25 13 22 -16 -17 17 -19 -20 29 -22 -23 -24 -25 -26 -27 27 -29 -30 -31
leaf_value=-0.050247795088386019 -0.035775468720310039 0.0074766699367259069 -0.02639642644377398 -0.028950129997191439 -0.056706438642901737 0.0092013699177590485 0.034601201455709822 -0.046198547552387725 0.0038042832428833656 0.030105380734861478 -0.0074828639927114783 -0.030856921718061599 0.025257991977083574 0.030052625595745383 0.022853917911256013 -0.0021083166060993606 -0.036464209813611446 -0.0011791112193107883 -0.00092867910350739522 0.019592892471978575 0.013889273136843631 -0.017672125226904211 0.013740638787041884 -0.0025335423372156943 -0.030238080045707091 0.01224493577909171 0.014860276316921729 -0.065942251643636304 0.055735161103309151 0.05497599875902625
leaf_weight=74.897172644734383 34.960400491952896 12.881843268871306 43.732831008732319 47.604501530528069 18.55844222009182 1633.8645874261856 104.68759091198444 33.9992396235466 1226.1607089936733 158.09760675579309 833.84279480576515 96.037351921200752 8.3036364540457708 138.98553258925676 45.550831869244576 744.26141923666 35.097455009818077 243.18945167958736 650.19736456871033 6.1385757699608829 120.23307149112225 785.38402683287859 143.66693452745676 14.139746271073816 132.43293310701847 9.5517609864473325 6.065672814846037 4.2669836729764938 50.953479617834091 15.982932060956953
leaf_count=673 151 59 258 208 92 6855 521 211 5057 719 3633 402 48 763 189 3068 161 1017 2694 48 570 3686 688 70 647 40 28 20 449 140
internal_value=-2.5548e-06 -0.00640669 0.00585772 0.003599 -0.000798888 0.00715385 0.00527945 -0.0177287 0.00290208 0.0110456 -0.00888713 -0.00640399 0.0202939 0.0269094 -0.00591148 -0.00361882 -0.0155025 -0.00562926 -0.00284032 0.0081387 0.00314431 -0.0188558 0.0217615 0.0301824 -0.0268947 -0.0269579 -0.0463999 -0.018508 0.0514644 0.0451574
internal_weight=7473.73 3571.15 3902.57 3374.57 2388.25 2489.76 1363.55 1182.9 1244.72 1791.96 1024.71 884.811 527.997 341.91 879.394 779.222 1097.67 278.287 697.802 186.087 163.966 819.383 282.652 118.827 145.315 105.589 85.2298 10.3327 59.2571 22.1215
internal_count=33165 16064 17101 14137 10268 10476 5740 5796 5149 7574 4528 3661 2964 1948 3822 3219 5075 1178 2902 1016 828 3897 1451 591 706 442 721 48 497 188
is_linear=0
shrinkage=0.05


Tree=35
num_leaves=30
num_cat=0
split_feature=24 4 24 3 17 32 4 24 17 15 12 16 22 17 8 16 14 8 9 36 5 9 4 15 24 34 23 4 24
split_gain=103.991 81.7561 54.0433 48.3423 42.6973 27.868 26.7251 24.8624 24.8536 24.4636 21.8214 21.472 19.4807 18.2712 16.8406 16.1602 12.6958 11.2246 10.2224 9.42145 4.10748 8.27229 4.52678 3.55811 3.65578 2.01632 1.70188 1.10088 0.869824
threshold=3.1680000000000006 1.2365000000000002 2.1665000000000005 0.86850000000000016 0.044000000000000004 0.56350000000000011 1.9185000000000001 4.2580000000000009 0.20350000000000004 -1.6199999999999999 2.5000000000000004 0.42200000000000004 -0.19999999999999993 0.39650000000000007 0.18333333333333332 0.55400000000000016 0.46900000000000003 0.18333333333333332 2.2745000000000002 0.42300000000000004 0.69400000000000006 1.6545000000000003 0.89850000000000019 -1.1634999999999998 3.6665000000000005 0.53050000000000008 1.1255000000000002 0.98350000000000015 3.2680000000000007
decision_type=2 2 2 2 2 2 2 2 2 2 2 2 2 2 2 2 2 2 2 2 2 2 2 2 2 2 2 2 2
left_child=1 2 10 12 16 -6 7 9 11 18 27 -4 13 -3 -10 -11 -5 -14 -2 -12 21 -9 -22 24 -8 -26 28 -1 -25
right_child=6 3 8 4 5 -7 23 20 14 15 19 -13 17 -15 -16 -17 -18 -19 -20 -21 22 -23 -24 26 25 -27 -28 -29 -30
leaf_value=-0.057226056535195052 -0.0105015318596578 0.0010523370875646749 -0.0079325211638739766 -0.034450984265863065 0.0011162301480063543 0.014072099877884069 -0.004333507384675148 0.050595288066072497 -0.055001469191324884 0.0092627112449120298 -0.029391553974864107 0.0092132256557101097 -0.039791184030378568 -0.025831999858920297 -0.0093732428207969429 0.039762672487865733 0.033520187828931791 -0.012900974008279834 -0.060500528279924741 -0.014813084786590283 0.027803412122613232 -0.037148335691236219 0.050725746060085501 0.039943347413346465 0.063001793577023554 0.011033684296529261 0.016476998297404951 -0.044343613674460505 0.060378951652360395
leaf_weight=30.155724972486496 32.62983050942421 594.20757428556681 332.86173786222935 7.1849659979343405 1783.058703020215 540.99366492033005 6.0604437440633765 5.3038270920515043 20.566147908568382 1145.6586024835706 167.38013970851898 404.49619401991367 43.92201392352581 70.720459595322609 1209.5744649618864 45.141030512750149 156.67370694130659 333.31837040930986 14.886862397193907 327.98845934122801 44.338972702622414 5.4426710531115532 41.884174630045891 6.2475388348102561 5.8392679542303068 2.7433975636959076 2.7867991849780074 36.848093830049038 31.267324686050415
leaf_count=310 138 2580 1429 32 7419 2268 27 41 90 5086 863 1666 209 317 5124 223 751 1479 127 1594 327 34 348 31 43 18 16 333 242
internal_value=-2.6767e-06 -0.00283208 -0.0096923 0.00208438 0.00587136 0.0041321 0.0123305 0.0109243 -0.00578528 0.00901507 -0.0233613 0.00147321 -0.00695606 -0.00180703 -0.0101361 0.0104189 0.0305398 -0.0160318 -0.0261661 -0.019739 0.0353053 0.00615666 0.0389383 0.0465057 0.025397 0.0463905 0.0541753 -0.0501415 0.0569757
internal_weight=7450.18 6059.95 2529.87 3530.08 2487.91 2324.05 1390.23 1335.29 1967.5 1238.32 562.372 737.358 1042.17 664.928 1230.14 1190.8 163.859 377.24 47.5167 495.369 96.9696 10.7465 86.2231 54.9448 14.6431 8.58267 40.3017 67.0038 37.5149
internal_count=33165 26464 11409 15055 10470 9687 6701 6324 8309 5574 3100 3095 4585 2897 5214 5309 783 1688 265 2457 750 75 675 377 88 61 289 643 273
is_linear=0
shrinkage=0.05


Tree=36
num_leaves=31
num_cat=0
split_feature=24 4 13 4 6 4 24 13 13 24 24 13 8 7 13 23 22 30 21 26 23 4 40 13 42 2 13 13 41 8
split_gain=96.4831 78.1601 47.1209 41.2093 38.2859 36.4289 30.5154 30.3609 30.2157 29.4012 26.2355 23.6368 21.5664 17.0569 14.9482 14.5499 9.40296 8.57282 9.80307 8.54581 7.83967 7.75542 6.64946 6.3137 5.00438 4.87193 4.79123 4.34995 1.17765 0.625834
threshold=2.8755000000000006 1.2245000000000001 1.3585000000000003 1.6035000000000001 0.14550000000000002 0.72900000000000009 4.0015000000000009 2.5120000000000005 0.57400000000000007 1.4140000000000001 1.7750000000000001 1.7020000000000002 0.78888888888888908 0.28900000000000003 1.3390000000000002 0.50200000000000022 0.87777777777777788 1.6180000000000001 4.5000000000000009 0.36850000000000005 0.3755 1.8165000000000002 0.78000000000000014 1.1060000000000001 0.26250000000000007 7.5000000000000009 1.2195000000000003 1.6275000000000002 0.52550000000000019 0.36666666666666675
decision_type=2 2 2 2 2 2 2 2 2 2 2 2 2 2 2 2 2 2 2 2 2 2 2 2 2 2 2 2 2 2
left_child=1 4 10 6 23 15 8 9 16 -4 21 -7 -10 -12 19 -6 -2 18 -8 20 -5 -3 -9 29 -21 28 -25 -27 -16 -1
right_child=3 2 7 14 5 11 17 22 12 -11 13 -13 -14 -15 25 -17 -18 -19 -20 24 -22 -23 -24 26 -26 27 -28 -29 -30 -31
leaf_value=-0.056994052963323043 -0.013148563313228452 -0.031348015196266364 -0.019684015287564166 0.018087389073192319 -0.021624079697698473 -0.010819953648738348 0.047753572960745262 0.050989876270250027 0.0031162862880244335 0.00733801264561718 0.00037028673052634325 0.0040752787550656479 0.015636402501086975 -0.011935541697372693 0.05945695063665888 -0.050700015179309471 -0.05276493235392285 0.057993969897488451 0.01483550675920761 0.026302429277392788 0.060157748251629645 -0.0071300327812517097 -0.010478098558390355 0.032437657897725035 0.0051024294001582714 0.045811532268458549 -0.033869059368749163 0.0076198631634662416 0.034359855092037782 -0.033017374257243735
leaf_weight=47.067439049482346 121.0428361594677 116.25329175591469 107.93766155838966 23.187283128499985 203.6849594861269 1179.8226706758142 30.696726702153683 45.292901396751404 1402.0265206322074 1493.5329545065761 968.84102459251881 343.99404436349869 455.76549738645554 396.96977488696575 40.105873696506023 54.54887892305851 17.093185313045979 21.302933439612389 85.925939619541168 42.940458990633488 21.196100957691669 46.192654073238373 4.8731313720345488 2.9354542642831793 79.140953168272972 19.092550083994869 37.893317058682442 12.232460081577299 5.2908452600240699 2.8886065930128089
leaf_count=459 504 581 474 102 993 5296 295 264 5967 6206 4095 1431 1998 1723 303 342 141 167 503 195 102 217 27 15 361 93 192 64 39 16
internal_value=-2.60969e-06 -0.00391069 0.00086178 0.00830455 -0.0120139 -0.0104003 0.00608208 0.00671657 0.00451028 0.00551675 -0.00546568 -0.00745743 0.0061878 -0.00320637 0.0278058 -0.027766 -0.0180508 0.0288277 0.0235 0.01939 0.0381789 -0.0244615 0.0450189 -0.0436872 0.0125592 0.0460656 -0.0291018 0.0308976 0.056532 -0.0556077
internal_weight=7429.77 5052.73 3179.89 2377.04 1872.84 1782.05 2133.85 1651.64 1995.93 1601.47 1528.26 1523.82 1857.79 1365.81 243.187 258.234 138.136 137.926 116.623 166.465 44.3834 162.446 50.166 90.7848 122.081 76.7217 40.8288 31.325 45.3967 49.956
internal_count=33165 22331 13587 10834 8744 8062 9575 6971 8610 6680 6616 6727 7965 5818 1259 1335 645 965 798 760 204 798 291 682 556 499 207 157 342 475
is_linear=0
shrinkage=0.05


Tree=37
num_leaves=31
num_cat=0
split_feature=24 4 24 13 13 4 13 6 4 4 4 13 26 24 4 13 4 5 8 24 13 1 21 42 3 37 10 6 40 41
split_gain=90.0126 72.3838 42.2783 39.3306 36.8738 30.5816 27.7802 27.2851 22.1669 19.72 19.2214 19.1133 18.2698 17.8523 17.1113 16.7675 15.4998 27.8207 15.4816 13.1135 13.6399 8.20153 7.6932 5.94417 5.85116 5.68522 2.58452 4.84722 2.30162 1.43382
threshold=2.5215000000000001 1.4820000000000004 3.9185000000000003 1.0930000000000002 0.57400000000000007 1.3390000000000002 1.7965000000000002 0.10150000000000002 0.87750000000000006 0.88700000000000012 0.98350000000000015 1.9665000000000001 0.45850000000000007 1.4140000000000001 1.8040000000000003 0.68600000000000005 2.2290000000000005 -1.9644999999999999 0.54444444444444462 4.8335000000000008 0.44600000000000006 5.5000000000000009 -4.4999999999999991 0.22750000000000004 1.6940000000000002 0.55550000000000022 14.500000000000002 0.30600000000000005 0.71650000000000003 0.43150000000000005
decision_type=2 2 2 2 2 2 2 2 2 2 2 2 2 2 2 2 2 2 2 2 2 2 2 2 2 2 2 2 2 2
left_child=1 4 3 10 26 18 13 22 -9 19 12 -7 -2 23 -15 -12 17 -8 -5 20 -4 29 -6 -3 -23 -18 -1 -28 -21 -11
right_child=2 6 9 5 7 11 16 8 -10 21 15 -13 -14 14 -16 -17 25 -19 -20 28 -22 24 -24 -25 -26 -27 27 -29 -30 -31
leaf_value=-0.051693739669084353 -0.033817195463769191 0.015452831798199002 -0.03917157862190096 -0.0020300504572323542 -0.023742145119868632 0.01515634970586863 -0.061931126420468996 -0.02224054529789668 -0.0068806796977917877 0.014952523635414303 -0.010205415372237833 0.044577052040077079 -0.0061571395304486388 -0.0042832555259248147 0.0090195061965937795 0.0046392100123036203 0.051026015358951106 0.013270888723123578 0.0089126500864038956 0.016630924984398283 0.0097121759071657557 -0.010745771409556366 -0.050829301497434171 -0.029975522787833012 0.031774752001215524 0.014152294973792987 -0.006807437894162386 -0.054444111089095582 0.053833431178511838 0.055315551512618494
leaf_weight=55.343144223093987 69.724577844142914 8.0755446851253492 18.579360745847225 535.15427181124687 62.452407270669937 525.01183088868856 12.806455969810484 276.79571963846684 1551.6479869931936 2.3141693472862235 237.68381054699421 61.690545603632927 415.18493238091469 709.88123765587807 366.55984583497047 952.71080951392651 35.41304200142622 310.01917915046215 816.20742981135845 5.8098139464855221 61.522108823060989 8.7870490103960019 45.174201801419258 66.472431227564812 102.08982630074024 14.831217668950556 10.418941594660284 10.954933032393454 14.618058912456034 44.686750002205372
leaf_count=489 302 37 149 2225 297 2290 69 1362 6818 22 1001 320 1750 2995 1541 3985 223 1326 3434 48 321 46 371 313 632 87 63 73 140 436
internal_value=-2.60008e-06 -0.00576893 0.00526492 0.00386768 -0.0119931 0.00871768 0.00245123 -0.010646 -0.00920591 0.0248028 -0.00174301 0.0182499 -0.0101343 -0.00139199 0.000246726 0.00167521 0.0143083 0.0102876 0.00457922 0.00749327 -0.0016263 0.0358247 -0.0351115 -0.0250544 0.028405 0.0401415 -0.0459905 -0.0312231 0.0432528 0.0533282
internal_weight=7408.62 3536.85 3871.78 3613.37 2012.79 1938.06 1524.06 1936.07 1828.44 258.407 1675.3 586.702 484.91 1150.99 1076.44 1190.39 373.07 322.826 1351.36 100.529 80.1015 157.878 107.627 74.548 110.877 50.2443 76.717 21.3739 20.4279 47.0009
internal_count=33165 16064 17101 15307 9473 8269 6591 8848 8180 1794 7038 2610 2052 4886 4536 4986 1705 1395 5659 658 470 1136 668 350 678 310 625 136 188 458
is_linear=0
shrinkage=0.05


Tree=38
num_leaves=31
num_cat=0
split_feature=24 4 24 13 13 4 13 13 24 7 4 22 24 4 4 22 22 14 8 27 15 14 28 3 14 7 40 21 0 43
split_gain=83.8378 65.4634 61.5133 42.8207 35.8883 27.0617 25.5661 25.0632 23.1553 36.8486 24.275 20.3918 16.6338 18.0272 14.9361 14.6468 14.5513 13.9089 13.3753 11.3215 8.63765 8.33644 8.09248 7.05201 4.81756 3.36952 2.80365 7.07253 1.92303 0.779912
threshold=3.2855000000000003 1.8165000000000002 2.1010000000000004 1.1835000000000002 1.8545000000000003 1.3470000000000002 0.7875000000000002 1.4035000000000002 1.2565000000000002 0.10150000000000002 2.5145000000000004 0.19999999999999998 4.8335000000000008 0.71700000000000008 1.0680000000000003 0.8500000000000002 0.96666666666666667 0.57400000000000007 0.56944444444444453 0.25650000000000006 0.39000000000000007 1.0815000000000003 0.34650000000000003 0.26150000000000007 1.8685000000000003 0.26200000000000007 0.71650000000000003 5.5000000000000009 15.500000000000002 0.70850000000000002
decision_type=2 2 2 2 2 2 2 2 2 2 2 2 2 2 2 2 2 2 2 2 2 2 2 2 2 2 2 2 2 2
left_child=1 2 4 11 6 -5 -1 12 10 20 23 -4 13 15 18 -2 -15 -6 24 -11 -10 -16 -20 -3 -9 -23 27 -14 -12 -28
right_child=7 8 3 5 17 -7 -8 14 9 19 28 -13 26 16 21 -17 -18 -19 22 -21 -22 25 -24 -25 -26 -27 29 -29 -30 -31
leaf_value=-0.041790714799580603 -0.0018190517842176512 -0.056803916774678137 -0.011690939831053968 -0.00031166800070310031 -0.02446231284585508 0.011236927768861121 -0.014913310740578055 -0.049472157290388577 0.02335255728911801 0.012413153329497759 0.017033970124469746 -0.0014224396770075019 0.055652249106755924 0.0096410214481794446 -0.029503379017572662 -0.046124935530678639 0.059657733406360616 0.0073006417006328626 0.031730229896247776 -0.0040542780457064817 0.04577007510467359 0.050102621962921007 0.0008407811993558674 -0.017683258091372465 0.013988050243188308 0.031299038720761972 0.032649326475888349 -0.025972608979468095 0.057117026106738591 0.056603138765861843
leaf_weight=97.033794559538364 101.92680062353611 20.491370245814323 956.70360884070396 1482.508449986577 40.233953014016151 771.11866547167301 1003.3103926926851 9.9277135878801328 87.050961315631866 358.91170102357864 4.6981357708573315 977.45668801665306 6.4213211238384229 686.09138715267181 4.0420258939266196 22.831930339336395 14.856444045901297 240.41774715483189 64.746333457529545 147.17323960363865 84.855152733623981 69.551886901259422 31.528002038598061 26.311005674302578 4.2799362689256659 36.237725771963596 4.1040311157703426 4.5231368914246559 8.241212323307991 19.755313478410244
leaf_count=791 449 109 4116 6119 179 3219 4762 45 381 1528 32 4190 72 3126 22 171 122 1004 327 629 457 449 155 121 23 237 41 29 55 205
internal_value=-2.49778e-06 -0.0022076 -0.00406175 -0.00104403 -0.0132128 0.00363989 -0.0172835 0.0128641 0.0117884 0.0144179 -0.0180529 -0.0065016 0.00901149 0.00758428 0.0279117 -0.00992741 0.0107011 0.00274714 0.0149314 0.0076243 0.0344181 0.0409689 0.0216145 -0.0348114 -0.0303553 0.0436615 0.0428715 0.0219182 0.0425633 0.0524829
internal_weight=7387.34 6306.52 5568.78 4187.79 1381 2253.63 1100.34 1080.82 737.733 677.991 59.7417 1934.16 860.51 825.707 220.314 124.759 700.948 280.652 110.482 506.085 171.906 109.832 96.2743 46.8024 14.2076 105.79 34.8038 10.9445 12.9393 23.8593
internal_count=33165 27692 24380 17644 6736 9338 5553 5473 3312 2995 317 8306 4215 3868 1258 620 3248 1183 550 2157 838 708 482 230 68 686 347 101 87 246
is_linear=0
shrinkage=0.05


Tree=39
num_leaves=30
num_cat=0
split_feature=3 32 9 14 3 18 7 22 14 15 7 15 7 5 5 14 3 3 8 6 11 14 15 14 17 5 32 5 14
split_gain=69.8729 51.8387 47.822 33.0107 31.0302 27.725 24.657 21.4103 16.4645 20.6043 14.9324 15.4247 12.6238 15.5133 12.5243 9.5364 8.33533 8.00328 7.87035 8.67396 8.60764 6.4703 5.59529 5.05017 4.7398 1.80844 1.07473 0.384849 0.181282
threshold=0.71700000000000008 0.55900000000000016 0.34050000000000008 0.94850000000000001 1.5895000000000004 0.78888888888888908 0.15900000000000003 -1.0000000180025095e-35 0.55800000000000016 2.5500000000000003 0.43650000000000005 0.40350000000000003 0.38000000000000006 0.42200000000000004 -0.75449999999999984 2.1455000000000006 1.4630000000000003 0.89100000000000013 0.25833333333333336 0.37250000000000005 17.500000000000004 0.34850000000000009 -0.78449999999999986 0.40600000000000008 0.15600000000000003 -2.6334999999999993 0.46950000000000003 0.32050000000000006 1.8365000000000002
decision_type=2 2 2 2 2 2 2 2 2 2 2 2 2 2 2 2 2 2 2 2 2 2 2 2 2 2 2 2 2
left_child=7 2 21 5 -5 -4 14 8 9 23 11 -10 15 -14 17 -8 -16 -3 26 20 -20 -2 -23 -1 -12 -11 28 -21 -9
right_child=1 6 3 4 -6 -7 12 18 10 25 24 -13 13 -15 16 -17 -18 -19 19 27 -22 22 -24 -25 -26 -27 -28 -29 -30
leaf_value=-0.049523770261240052 -0.023628790453952969 0.0078408037486940863 -0.015030712693713054 -0.0021096195829848163 0.0076116953427663205 0.0060583541096786778 0.0069150349017094506 -0.066549253117814608 -0.012468112935410801 0.057575965542592068 -0.0040989695144295233 0.0067143581687720034 0.0032106669006974628 -0.030921786724537544 0.0063307824543637359 0.039831554431154576 0.021717453648641683 0.053390116092903887 -0.011256378762281419 -0.066797125380736122 -0.040354828131086901 -0.012150866236576732 0.058828554842419944 -0.023589978415212688 -0.043660404397533055 0.0080714383354244697 -0.043052468135924421 -0.047709145700267352 -0.079282960784838027
leaf_weight=45.848804540932178 2.8547549545764914 12.712140366435049 674.85736570507288 3047.778438962996 1123.4534158632159 202.64348537474871 957.16233026981354 9.5328611955046672 241.14756061881781 6.0059258788824081 9.7463389188051206 185.34092782437801 103.19245602935553 49.142926037311554 134.26379866153002 22.521490052342415 255.54271736741066 39.952901117503643 64.068667531013489 12.269545100629328 42.124585866928101 2.9773015826940528 41.167935371398926 31.786826863884926 33.921774409711361 2.6627214178442937 4.9547114446759215 3.364822529256343 3.9544520378112784
leaf_count=318 13 55 3039 13172 5221 867 4107 58 1124 54 48 801 476 226 590 126 1285 214 400 77 196 14 250 168 176 15 30 25 20
internal_value=-1.99083e-06 0.00157178 -0.000878372 -0.00134572 0.000508658 -0.0101606 0.00950155 -0.0150687 -0.0106681 -0.030742 -0.0069832 -0.0041319 0.00558966 -0.00780036 0.0195097 0.00767174 0.0164177 0.0423956 -0.0325263 -0.0279183 -0.0227991 0.0493238 0.0540415 -0.0389055 -0.0348306 0.0423698 -0.0629669 -0.062689 -0.0702827
internal_weight=7366.95 6670.22 5095.73 5048.73 4171.23 877.501 1574.49 696.731 556.461 86.3043 470.157 426.488 1132.02 152.335 442.472 979.684 389.807 52.665 140.27 121.828 106.193 47 44.1452 77.6356 43.6681 8.66865 18.442 15.6344 13.4873
internal_count=33165 29655 22576 22299 18393 3906 7079 3510 2704 555 2149 1925 4935 702 2144 4233 1875 269 806 698 596 277 264 486 224 69 108 102 78
is_linear=0
shrinkage=0.05


Tree=40
num_leaves=31
num_cat=0
split_feature=24 13 13 24 18 24 7 7 5 5 17 13 24 1 24 13 5 59 17 19 31 28 23 42 13 27 13 44 3 40
split_gain=72.1754 49.7997 46.8379 36.826 28.6878 35.4097 31.1779 24.5659 23.7163 22.0545 21.7855 21.5597 19.3728 17.7104 14.5433 16.9205 12.1459 10.0453 9.32679 8.68294 8.17212 7.65401 6.35545 6.30921 6.12973 5.13439 4.82334 10.1424 4.72577 2.59429
threshold=2.3485000000000005 0.7965000000000001 1.9665000000000001 3.3650000000000007 0.74166666666666681 1.2565000000000002 0.097500000000000017 0.31100000000000005 0.45650000000000007 0.30200000000000005 0.070000000000000021 2.6835000000000004 1.6980000000000002 1.0000000180025095e-35 4.8335000000000008 0.68600000000000005 0.30200000000000005 9.5000000000000018 0.044000000000000004 0.7380000000000001 0.59900000000000009 0.63050000000000017 -1.1114999999999997 0.26600000000000007 2.1705000000000001 0.25850000000000006 0.66100000000000014 0.44250000000000006 1.5965000000000003 0.71650000000000003
decision_type=2 2 2 2 2 2 2 2 2 2 2 2 2 2 2 2 2 2 2 2 2 2 2 2 2 2 2 2 2 2
left_child=1 17 3 7 6 11 12 8 -2 -8 -9 -6 -3 -7 15 -5 21 26 28 20 -19 24 -20 -23 -4 -21 -1 -28 -18 -16
right_child=2 4 16 14 5 13 9 10 -10 -11 -12 -13 -14 -15 29 -17 18 19 22 25 -22 23 -24 -25 -26 -27 27 -29 -30 -31
leaf_value=-0.048812499538342241 0.0061169043647888704 -0.015788120158783246 0.031366548136017712 -0.0054188980489066826 -0.035642291103289564 0.053196397617419428 -0.0079376814679382613 0.022115042030778589 -0.0037629244487040487 -0.030009719270188591 -0.0092765949682133576 0.034036959048581401 0.020787950445068957 0.0086876220537160133 0.023325372585463827 0.013840880973754447 -0.01033134835437724 -0.053111343461011609 -0.065459606274813148 -0.046882424523068726 0.026184709093322302 0.042726134841238828 0.0099753738356209744 -0.0096259101447073378 0.056455329475139406 -0.01818248076148057 0.048099733583698713 -0.035392730449143241 0.04809586899239441 0.052183397376795684
leaf_weight=67.825127258896828 1720.2343804836273 48.206073231995106 65.629728525876999 137.72280019521713 69.656433381140232 23.542315453290939 1645.4955243766308 59.379804015159607 938.97460086643696 121.53439556062222 798.28048354387283 13.206046134233473 145.38724743574858 441.3153907135129 11.404959276318548 663.10938419401646 4.0280905663967159 4.0542235076427486 2.8556072562932959 21.649613849818707 16.362582199275494 9.1284765526652354 125.67049361020327 15.572981782257555 38.702686488628387 55.617430053651333 4.0516289547085753 35.575590774416924 24.575993344187737 24.55691759288311
leaf_count=605 7205 231 330 685 409 172 7306 255 3906 593 3373 92 635 1877 108 3251 17 23 12 112 87 47 562 75 224 295 26 221 165 266
internal_value=-2.08563e-06 -0.00647964 0.00378614 0.00249819 -0.00454255 0.00557424 -0.00736879 0.000255079 0.00262831 -0.00945577 -0.00710321 -0.0245373 0.0116803 0.0109417 0.0119255 0.0105287 0.0233808 -0.0301657 0.0140461 -0.0185612 0.0104387 0.034748 0.00829935 0.0097209 0.0406734 -0.026224 -0.0407152 -0.0268562 0.039868 0.0430314
internal_weight=7353.31 2713.48 4639.83 4353.66 2508.34 547.72 1960.62 3516.87 2659.21 1767.03 857.66 82.8625 193.593 464.858 836.794 800.832 286.164 205.136 157.13 97.6838 20.4168 129.034 128.526 24.7015 104.332 77.267 107.452 39.6272 28.6041 35.9619
internal_count=33165 12684 20481 19049 11315 2550 8765 14739 11111 7899 3628 501 866 2049 4310 3936 1432 1369 756 517 110 676 574 122 554 407 852 247 182 374
is_linear=0
shrinkage=0.05


Tree=41
num_leaves=31
num_cat=0
split_feature=24 13 13 14 32 13 14 19 24 5 22 15 21 24 5 18 15 10 39 39 5 3 1 30 17 24 8 19 40 10
split_gain=67.1138 57.5726 44.0413 35.7061 25.9726 23.556 21.4604 19.6918 17.3075 17.0531 12.9706 12.0087 10.8604 9.14164 10.1907 12.7752 8.2114 7.46094 7.02457 6.62717 6.09299 6.5344 5.17579 4.9077 5.74131 4.89534 4.93368 3.64846 3.01209 2.82139
threshold=3.0015000000000005 0.59200000000000008 1.9665000000000001 0.55800000000000016 0.41000000000000003 1.4565000000000003 0.64500000000000013 2.6285000000000003 4.205000000000001 1.9665000000000001 0.25833333333333336 2.5500000000000003 6.5000000000000009 3.4685000000000006 0.92450000000000021 0.18333333333333332 -1.0974999999999999 3.5000000000000004 2.6105000000000005 2.4655000000000005 0.78050000000000008 1.8545000000000003 15.500000000000002 1.6180000000000001 0.23900000000000002 2.0715000000000008 0.18333333333333332 0.85100000000000009 0.72050000000000003 14.500000000000002
decision_type=2 2 2 2 2 2 2 2 2 2 2 2 2 2 2 2 2 2 2 2 2 2 2 2 2 2 2 2 2 2
left_child=1 12 3 17 -5 8 11 -8 9 10 -2 -4 25 14 15 -7 28 -3 -16 -18 27 -22 -11 24 -10 29 -27 -15 -14 -1
right_child=5 2 6 4 -6 13 7 -9 23 22 -12 -13 16 20 18 -17 19 -19 -20 -21 21 -23 -24 -25 -26 26 -28 -29 -30 -31
leaf_value=-0.054071520564323829 -0.0017259547606045017 -0.019114286460561271 -0.018252331383324116 -0.0081888058484321635 -6.394574019638983e-05 -0.048005795142377225 0.011846054951373117 0.04704351435749838 0.031289611409491019 -0.047842017475341371 0.0087034960809213493 0.036812257707707428 -0.076247117924322871 0.0056874161295102105 0.012327318084105619 0.025624533929603406 -0.042397628568637935 -0.042648853259603603 -0.01963370488433212 0.0061509368902152167 -0.022278883909474575 0.027015140151648204 0.017628155297644551 0.057295950238763597 0.00036084603391535865 -0.071153514651690383 -0.026036070213850189 0.04989034515422261 -0.02918001482319792 -0.021412735412022165
leaf_weight=43.809395760297775 456.31426138430834 91.343878179788589 80.397197246551514 1421.2653543204069 3194.2463196218014 6.1860952973365775 483.22114486992359 43.298422366380692 53.812675580382347 19.907862603664402 859.84886790812016 11.291980452835558 4.7984150052070644 5.243281051516532 39.558535918593407 123.53208021074533 8.4782200455665571 53.341673120856285 30.405622377991676 41.133197963237762 7.3787246048450461 75.640391811728477 3.5583437979221335 11.856336563825606 20.806010611355305 6.5743447244167319 77.343637317419052 42.560826309025288 11.656708210706709 7.7887830585241309
leaf_count=460 1978 442 379 6406 13520 27 2083 268 444 155 3755 86 22 38 169 588 43 353 131 194 33 469 15 117 144 34 380 315 54 63
internal_value=-2.10075e-06 -0.00268528 -0.00170204 -0.00333256 -0.00256585 0.00852119 0.010853 0.0147405 0.00573381 0.00433434 0.0050876 -0.0114709 -0.0289191 0.0205485 0.0138177 0.0221132 -0.0122976 -0.0277908 -0.00156258 -0.00214565 0.0308221 0.0226339 -0.0379143 0.0274138 0.0226657 -0.0370224 -0.0295707 0.0450421 -0.0429051 -0.0491417
internal_weight=7336.6 5579.99 5378.41 4760.2 4615.51 1756.61 618.209 526.52 1426.1 1339.63 1316.16 91.6892 201.583 330.506 199.682 129.718 66.0665 144.686 69.9642 49.6114 130.823 83.0191 23.4662 86.475 74.6187 135.516 83.918 47.8041 16.4551 51.5982
internal_count=33165 24787 23537 20721 19926 8378 2816 2351 6608 5903 5733 465 1250 1770 915 615 313 795 300 237 855 502 170 705 588 937 414 353 76 523
is_linear=0
shrinkage=0.05


Tree=42
num_leaves=31
num_cat=0
split_feature=24 4 4 13 7 13 13 14 24 17 59 4 8 24 4 33 17 36 42 41 10 26 27 4 19 5 36 14 28 2
split_gain=62.0113 55.6587 43.7011 44.8308 34.5409 30.8695 26.7344 25.9021 21.9146 20.8952 18.5082 16.7423 16.2097 13.8375 18.9005 10.4335 9.9741 9.64356 9.24964 8.20671 7.11634 6.59337 9.57688 6.14344 5.34624 3.90597 2.36169 1.63863 1.18071 2.3739
threshold=2.3485000000000005 1.1130000000000002 0.95750000000000013 1.9300000000000004 0.20350000000000004 2.2745000000000002 0.7965000000000001 0.34850000000000009 3.4190000000000005 0.37700000000000006 2.5000000000000004 2.1910000000000003 0.74166666666666681 4.8335000000000008 1.0000000180025095e-35 0.26450000000000007 0.041000000000000009 0.58250000000000013 0.25300000000000006 0.46050000000000008 14.500000000000002 0.20600000000000002 0.23150000000000004 1.3390000000000002 1.6940000000000002 -0.13149999999999998 0.45750000000000007 2.3780000000000006 0.60550000000000004 1.5000000000000002
decision_type=2 2 2 2 2 2 2 2 2 2 2 2 2 2 2 2 2 2 2 2 2 2 2 2 2 2 2 2 2 2
left_child=1 10 9 4 11 6 20 -8 -6 13 28 -4 24 14 -2 -14 26 18 -12 -19 -3 22 -7 -18 -11 -23 -5 -15 -1 -30
right_child=2 5 3 16 8 21 7 -9 -10 12 17 -13 15 27 -16 -17 23 19 -20 -21 -22 25 -24 -25 -26 -27 -28 -29 29 -31
leaf_value=-0.050683110850774517 -0.051005033170599338 -0.032502194322243702 0.00997421418037793 0.022939814240619208 -0.0015346932036073777 0.022795600995619097 -0.041989137422008195 -0.0013333533906567351 0.015929477453352891 -0.030674504959915135 -0.01112312434810815 0.043430147052995118 -0.022174389018280713 0.0079987260065590184 -0.0020621737310855173 0.025370920161162408 0.015235386659309336 -0.028305160737365893 -0.02570113227440898 0.013145337874911324 -0.0063327676835635595 0.046212705393686417 -0.030305169267093313 0.032971826170018627 -0.070933592528302919 -0.0030965422082762373 0.056086293376756718 0.04931918997556059 -0.054600083370439881 0.0053756535576526326
leaf_weight=47.210816025733948 20.112085841596127 96.487037099897861 1302.5370344668627 6.449095018208026 1636.7465614676476 54.022375486791134 40.019412502646446 1860.7922167927027 201.77385254204273 86.01801548153162 187.01442515850067 38.499989986419678 23.098716758191586 2.886676229536536 1026.956440910697 23.05600718408823 114.20294366776943 16.465990610420704 260.20268335193396 43.455425545573235 35.549511753022671 34.610199585556984 10.074560262262819 85.280050545930862 9.1207147985696775 4.543385609984397 32.232389181852341 14.212059952318667 3.75539631769061 2.9426997750997543
leaf_count=547 165 557 5808 45 6854 268 205 7997 1020 378 959 191 103 23 4403 104 501 78 1340 200 191 196 51 454 38 19 238 156 50 26
internal_value=-1.96748e-06 -0.00602699 0.003513 0.00640005 0.00483278 -0.00234592 -0.00370054 -0.00218931 0.000381964 -0.00467235 -0.0200421 0.0109347 -0.0227383 -0.00227367 -0.00300227 0.00157627 0.0273236 -0.0170812 -0.019605 0.00175503 -0.0254563 0.0243246 0.0144494 0.0228178 -0.034534 0.0404909 0.05056 0.0423433 -0.0478959 -0.0282507
internal_weight=7320.33 2697.15 4623.18 3417.72 3179.56 2136.1 2032.85 1900.81 1838.52 1205.46 561.047 1341.04 141.293 1064.17 1047.07 46.1547 238.164 507.139 447.217 59.9214 132.037 103.251 64.0969 199.483 95.1387 39.1536 38.6815 17.0987 53.9089 6.6981
internal_count=33165 12684 20481 15111 13873 9484 8950 8202 7874 5370 3200 5999 623 4747 4568 207 1238 2577 2299 278 748 534 319 955 416 215 283 179 623 76
is_linear=0
shrinkage=0.05


Tree=43
num_leaves=29
num_cat=0
split_feature=24 4 13 7 4 24 13 3 24 4 39 17 59 2 42 11 13 21 24 3 11 25 36 5 3 25 23 24
split_gain=58.2386 64.0178 48.666 30.649 30.0107 22.6994 22.7527 22.7212 20.9278 19.6873 19.3892 18.3489 15.3761 11.2141 8.48453 7.91699 7.5635 7.2168 6.59075 6.56543 5.67671 5.07592 4.96334 3.77635 1.59411 1.34275 0.236618 0.266323
threshold=2.7645000000000004 0.87750000000000006 1.7110000000000001 0.28300000000000008 1.9625000000000001 4.2580000000000009 0.68600000000000005 0.74550000000000016 1.9675000000000002 2.2290000000000005 2.5845000000000007 0.23400000000000001 2.5000000000000004 3.5000000000000004 0.25050000000000006 45.500000000000007 0.67300000000000015 5.5000000000000009 3.2680000000000007 0.96350000000000013 3.5000000000000004 345.50000000000006 0.45350000000000007 -0.95099999999999985 1.5965000000000003 349.50000000000006 -1.0414999999999996 2.4825000000000004
decision_type=2 2 2 2 2 2 2 2 2 2 2 2 2 2 2 2 2 2 2 2 2 2 2 2 2 2 2 2
left_child=1 12 3 8 5 6 13 -8 -3 10 -4 -5 26 -2 15 -14 23 24 21 -16 -19 -18 -11 -6 -7 -20 -1 -28
right_child=4 2 9 11 16 17 7 -9 -10 22 -12 -13 14 -15 19 -17 18 20 25 -21 -22 -23 -24 -25 -26 -27 27 -29
leaf_value=-0.039052465503670163 -0.030420043969752442 -0.010706403234052102 0.01360008702456183 -0.003161427454911379 -0.041538299433852989 0.0017994341359117872 -0.07436843504403072 0.0059038671625877073 0.0017992687030843415 0.012347880708045919 -0.00038062336646753825 -0.016623163352411662 -0.013138985135970907 -0.0046586385512133689 -0.039388533621775496 0.029614339379506346 0.0091437003155526563 0.0037530666376342434 0.057721602940039279 -0.020267429695095193 0.037443048106101134 0.040484294254793274 0.046144894137987266 0.019140987264120068 0.050892629815825666 0.017483572478133185 -0.055112999055507851 -0.067156274170290728
leaf_weight=1.8075595349073434 50.583135560154915 429.82537291944027 466.29655560851097 408.54678930342197 4.525163009762764 1.7447894439101208 8.8495559692382795 2280.9995206445456 1509.096043266356 14.92839404940605 529.7188206911087 665.42006829380989 164.26785092055798 256.23754039406776 57.919069744646549 11.592461138963698 22.925915315747261 28.755933821201324 31.670249480754137 199.60894910246134 22.123137034475803 29.599315285682678 39.892271041870117 5.9165761023759824 31.617790374904871 2.2185329943895331 21.040752779692415 5.8714808672666541
leaf_count=11 293 2074 1984 1809 19 14 37 9923 6423 91 2244 3134 800 1073 336 51 112 194 285 930 168 146 264 31 374 19 292 34
internal_value=-2.20298e-06 -0.00350009 -0.00149478 -0.00472623 0.00569692 0.00470909 0.00388041 0.00559364 -0.000973023 0.0077702 0.00616461 -0.0115022 -0.0211345 -0.00890572 -0.0187867 -0.0103207 0.0330395 0.0302526 0.0378964 -0.0245678 0.0184021 0.0268049 0.0369415 -0.00715575 0.0483252 0.0550874 -0.0565643 -0.0577405
internal_weight=7303.6 4525.83 4063.72 3012.89 2777.77 2680.91 2596.67 2289.85 1938.92 1050.84 996.015 1073.97 462.108 306.821 433.388 175.86 96.8558 84.2417 86.414 257.528 50.8791 52.5252 54.8207 10.4417 33.3626 33.8888 28.7198 26.9122
internal_count=33165 20477 18023 13440 12688 12076 11326 9960 8497 4583 4228 4943 2454 1366 2117 851 612 750 562 1266 362 258 355 50 388 304 337 326
is_linear=0
shrinkage=0.05


Tree=44
num_leaves=27
num_cat=0
split_feature=24 13 7 17 13 14 20 3 24 8 14 15 24 24 2 13 7 39 39 39 36 13 5 2 27 26
split_gain=53.9988 47.5786 36.4384 28.8718 27.6495 21.9579 21.0209 19.8886 18.4789 16.7235 16.5397 15.401 14.4284 11.5151 7.57347 7.92945 7.1464 6.45931 6.15395 5.5551 5.33425 4.944 6.56365 2.12605 1.47418 1.02826
threshold=3.2855000000000003 0.59200000000000008 0.27450000000000008 0.21550000000000002 1.9665000000000001 0.26150000000000007 -3.4999999999999996 0.26150000000000007 4.2580000000000009 0.23611111111111113 0.62750000000000006 -1.6199999999999999 2.4190000000000005 2.0395000000000008 22.500000000000004 0.69400000000000006 0.28900000000000003 2.4395000000000002 2.6625000000000001 2.6930000000000005 0.61350000000000005 1.0545000000000002 0.69400000000000006 10.500000000000002 0.17450000000000002 0.35500000000000004
decision_type=2 2 2 2 2 2 2 2 2 2 2 2 2 2 2 2 2 2 2 2 2 2 2 2 2 2
left_child=1 13 4 12 5 -3 8 -6 9 -2 -5 -11 -4 23 15 -8 19 -17 -18 -15 -16 22 -10 25 -23 -1
right_child=6 2 3 10 7 -7 14 -9 21 11 -12 -13 -14 16 20 17 18 -19 -20 -21 -22 24 -24 -25 -26 -27
leaf_value=-0.040904975890086993 -0.084599760485988357 -0.05242555876458576 -0.005249176790537647 -0.035576735015366297 -0.029921662413472373 0.00091188391147753337 -0.027715141241319314 0.017443988188990369 -0.023457541272713052 -0.024485281942032047 -0.0093155585208840545 0.0074076903852827274 0.0077043263264726485 -0.0079324796100443736 -0.037548421019693246 -0.028535408067367176 -0.039614002189674827 0.03528210249704368 0.0037132257164475407 -0.04652014524264475 0.034125772114989114 0.0047179204285671336 0.027879735972950001 -0.017000399203514996 0.051229301507870598 -0.056535378836664457
leaf_weight=18.687797706574202 5.1442518383264533 19.406979084014893 433.60865842550993 62.853715620934963 23.574506893754005 3374.386307798326 5.5374583154916754 369.99882870912552 7.0668976604938498 39.81256328523159 1300.8740290403366 768.99767519533634 426.34588311612606 107.8859591037035 7.1997566372156125 4.0895828306674948 49.883491642773151 130.18880324810743 9.8065766021609289 10.209465131163595 4.0596070736646652 1.8332322984933878 52.33372301235795 5.6223579421639434 24.094277154654264 24.080630898475647
leaf_count=211 23 165 1944 334 155 14395 25 1721 53 245 5809 3531 1793 500 34 25 250 776 47 48 20 15 485 38 241 282
internal_value=-2.07516e-06 -0.00176829 -0.000921201 -0.0060017 0.00206172 0.00060688 0.010486 0.0146069 0.00758686 0.00526623 -0.0105259 0.0058378 0.00117288 -0.0242812 0.0277436 0.0309204 -0.0183953 0.0333385 -0.0324957 -0.0112684 -0.011706 0.0297236 0.0217721 -0.0459057 0.0479407 -0.0497056
internal_weight=7287.58 6237.23 6011.05 2223.68 3787.37 3393.79 1050.36 393.573 899.283 813.954 1363.73 808.81 859.955 226.176 151.075 139.816 177.785 134.278 59.6901 118.095 11.2594 85.3281 59.4006 48.3908 25.9275 42.7684
internal_count=33165 27692 26316 9880 16436 14560 5473 1876 4593 3799 6143 3776 3737 1376 880 826 845 801 297 548 54 794 538 531 256 493
is_linear=0
shrinkage=0.05


Tree=45
num_leaves=31
num_cat=0
split_feature=4 24 4 4 13 8 18 3 7 13 17 24 14 9 59 8 4 3 24 4 14 23 43 36 28 41 29 17 21 6
split_gain=55.4908 62.1848 31.4202 28.6684 26.6844 26.9239 23.2793 21.6806 18.9912 18.4096 18.2717 17.0338 16.764 16.1511 15.7187 14.3691 13.4832 20.8267 11.7174 10.931 10.853 12.0343 10.2219 9.3287 8.57199 6.98533 6.9089 6.29732 3.79867 1.28524
threshold=1.8165000000000002 2.3485000000000005 1.0425000000000002 0.95750000000000013 1.9300000000000004 0.76388888888888895 0.76388888888888895 0.89100000000000013 0.054500000000000007 1.0490000000000002 0.37700000000000006 2.1010000000000004 0.40600000000000008 0.76600000000000013 2.5000000000000004 0.74166666666666681 2.2290000000000005 0.26150000000000007 4.8335000000000008 1.9455000000000002 1.2745000000000002 -0.22349999999999995 0.73250000000000004 0.5375000000000002 0.52550000000000019 0.42300000000000004 2.6425000000000005 0.041000000000000009 -13.499999999999998 0.23400000000000001
decision_type=2 2 2 2 2 2 2 2 2 2 2 2 2 2 2 2 2 2 2 2 2 2 2 2 2 2 2 2 2 2
left_child=1 2 14 10 5 -5 11 9 19 13 18 -4 -8 23 -1 -12 17 -11 -3 26 21 -10 -16 -2 -22 -21 -9 -6 -18 -15
right_child=7 3 6 4 27 -7 12 8 20 16 15 -13 -14 29 22 -17 28 -19 -20 25 24 -23 -24 -25 -26 -27 -28 -29 -30 -31
leaf_value=-0.046654009111740412 0.0024595509212838344 -0.0029425900332963099 -0.012641577564092699 0.0015921949664543208 0.048369645979519288 0.016496996413886366 -0.03622001250911229 -0.049619391794453183 0.016745353800519648 -0.053172294605908992 -0.03270218334309901 -0.0016578412105645252 0.009740188780556859 -0.049372979076886356 -0.027804366414251838 0.0014464385736024273 -0.0077718204330750025 0.0081765063613894375 0.040520518995206256 -0.029170892956311475 0.017265527501719356 -0.0083719242109044963 -0.011005504643148527 -0.05150720746008465 0.043898654892887301 0.047692897660182469 0.024001089416628259 0.019397024902182425 0.038181893362215467 -0.076842924208602295
leaf_weight=49.524171534925699 46.472296804189682 1042.8821425139904 837.69489880651236 2542.1853839866817 21.043275449424982 343.98568868637085 21.217352464795113 5.0349863767623892 109.37225148826838 15.186185404658316 94.100089907646179 610.0300442352891 305.76032178103924 9.0044807344675082 138.18576215207577 45.797929994761944 5.0486313998699179 155.36674992740154 15.741189148277043 3.0634431540966025 148.17038389667869 84.557697281241417 262.71398977935314 9.6747883185744268 37.949771121144295 84.166438385844231 8.6815652251243574 172.48398537188768 41.163839355111122 8.0779327154159528
leaf_count=623 224 4568 3847 10934 125 1660 99 22 478 88 416 2624 1281 41 730 207 24 644 179 22 703 357 1381 47 187 565 40 786 225 38
internal_value=-1.97761e-06 -0.0015056 -0.00828511 0.00202045 0.0045738 0.00336861 -0.00529184 0.0126812 0.0191915 0.00188286 -0.00454057 -0.00801334 0.00675786 -0.0197916 -0.0200788 -0.0215231 0.00920511 0.00271395 -0.00229632 0.038469 0.0140712 0.00579367 -0.0167959 -0.00683954 0.022696 0.0449935 -0.00302306 0.0225474 0.0331615 -0.062363
internal_weight=7274.34 6503.35 2225.13 4278.22 3079.7 2886.17 1774.7 770.991 480.997 289.995 1198.52 1447.72 326.978 73.2295 450.424 139.898 216.765 170.553 1058.62 100.946 380.05 193.93 400.9 56.1471 186.12 87.2299 13.7166 193.527 46.2125 17.0824
internal_count=33165 29460 10585 18875 13505 12594 7851 3705 2374 1331 5370 6471 1380 350 2734 623 981 732 4747 649 1725 835 2111 271 890 587 62 911 249 79
is_linear=0
shrinkage=0.05


Tree=46
num_leaves=31
num_cat=0
split_feature=4 24 4 3 23 4 8 3 8 7 59 24 21 22 3 4 7 4 24 33 24 22 29 26 41 21 59 1 25 37
split_gain=50.3714 56.4321 36.0096 26.4744 22.3457 20.5543 25.1291 19.7758 17.5605 15.1522 14.4773 13.3188 11.3963 11.027 10.962 18.3306 14.1657 10.0507 9.32724 9.29963 8.09926 7.66133 7.24156 6.58832 6.37484 6.08219 3.81598 3.0847 1.29563 0.439457
threshold=1.8165000000000002 2.6935000000000007 0.87750000000000006 0.71700000000000008 0.12549999999999997 0.71700000000000008 0.76388888888888895 0.93550000000000011 0.23611111111111113 0.054500000000000007 2.5000000000000004 4.205000000000001 -1.0000000180025095e-35 0.96666666666666667 0.26150000000000007 2.5145000000000004 0.10900000000000001 1.9455000000000002 2.8665000000000007 0.34900000000000003 3.6665000000000005 -0.5166666666666665 2.6425000000000005 0.12950000000000003 0.42300000000000004 5.5000000000000009 6.5000000000000009 13.500000000000002 342.50000000000006 0.5465000000000001
decision_type=2 2 2 2 2 2 2 2 2 2 2 2 2 2 2 2 2 2 2 2 2 2 2 2 2 2 2 2 2 2
left_child=1 2 10 19 -5 11 8 12 -7 17 -1 18 14 -8 15 -2 -16 22 -3 -4 21 -11 -9 -12 -19 -13 29 -28 -22 -14
right_child=7 5 3 4 -6 6 13 9 -10 20 23 25 26 -15 16 -17 -18 24 -20 -21 28 -23 -24 -25 -26 -27 27 -29 -30 -31
leaf_value=-0.055789132573746264 -0.048582208221931315 -0.032372205587416603 -0.01677934980407584 0.00038770380118198218 -0.010657100402569994 -0.017692132472109198 0.013879157828276227 -0.054885977973953531 0.0038788176966579068 0.031868001355608411 -0.06268180577201217 0.051083393434934392 -0.048836010959638305 0.051410418880569131 0.028646261617814556 0.041294651122279466 0.0019868976971771234 -0.02729062370897721 -0.0076807476905677921 0.012255442309010078 0.015440843579768292 0.0095192511439679672 0.022947784241722016 -0.016241920218507962 0.045675769482289352 0.005732791890970243 0.001856029522843361 -0.044041729999583216 0.056963157838791273 -0.073303726396497598
leaf_weight=25.974798399955034 20.852902121841911 45.388005256652832 431.32666086032987 2148.687093295157 581.9877800270915 99.050585612654686 468.708601038903 4.5720503330230704 1987.8264057785273 44.26279141753912 7.798016019165515 11.773261796683075 3.6256863623857525 20.423694707453251 65.545532986521721 7.7932889237999907 207.80249547213316 3.1095507405698291 243.10416346788406 29.46210839599371 2.2166114859282962 286.94936384260654 8.6274551227688772 370.25447092577815 80.130930323153734 19.87248757481575 8.7906284034252149 6.2730968296527854 12.323640167713164 3.7159863635897636
leaf_count=337 121 195 2169 9234 2666 421 2112 20 8673 201 42 150 20 214 298 66 888 22 1105 143 21 1257 40 1866 555 133 40 27 109 20
internal_value=-2.0168e-06 -0.00143339 -0.00561734 -0.00383697 -0.00196627 0.00376089 0.00524582 0.0121191 0.00285498 0.0189975 -0.0196807 -0.00818769 0.00274302 0.0154463 0.00529566 -0.0241309 0.00837949 0.0365224 -0.0115654 -0.0149229 0.0141093 0.0125059 -0.00401231 -0.0171998 0.04295 0.0226047 -0.031663 -0.0172575 0.0506332 -0.0612203
internal_weight=7258.23 6491.64 3595.49 3191.46 2730.67 2896.15 2576.01 766.592 2086.88 442.192 404.027 320.138 324.4 489.132 301.994 28.6462 273.348 96.44 288.492 460.789 345.752 331.212 13.1995 378.052 83.2405 31.6457 22.4054 15.0637 14.5403 7.34167
internal_count=33165 29460 16457 14212 11900 13003 11420 3705 9094 2225 2245 1583 1480 2326 1373 187 1186 637 1300 2312 1588 1458 60 1908 577 283 107 67 130 40
is_linear=0
shrinkage=0.05


Tree=47
num_leaves=31
num_cat=0
split_feature=32 4 6 22 17 4 4 7 3 13 14 18 7 4 14 10 13 28 30 3 20 13 23 13 42 16 14 42 14 16
split_gain=45.8114 36.2453 37.3588 29.3122 29.5929 25.7099 22.4475 21.1263 20.1346 21.572 15.2906 14.845 14.5068 13.0819 12.1898 13.0645 11.1628 11.1131 8.97155 8.67514 8.64733 7.86768 7.55821 6.44274 6.68644 5.35259 8.73729 4.70962 3.75932 3.2587
threshold=0.56350000000000011 1.4790000000000003 0.093000000000000013 0.29999999999999999 0.15600000000000003 0.34500000000000003 1.1835000000000002 0.39000000000000007 1.2245000000000001 0.71100000000000008 1.1130000000000002 0.76388888888888895 0.068000000000000019 2.2040000000000006 0.90250000000000019 3.5000000000000004 1.2095000000000002 0.36850000000000005 1.5445000000000002 2.4310000000000005 4.5000000000000009 0.34300000000000003 0.42099999999999999 1.0975000000000004 0.26000000000000006 0.16350000000000003 1.3725000000000003 0.22750000000000004 1.6380000000000001 0.16350000000000003
decision_type=2 2 2 2 2 2 2 2 2 2 2 2 2 2 2 2 2 2 2 2 2 2 2 2 2 2 2 2 2 2
left_child=1 2 25 4 -4 -5 7 19 9 22 11 18 27 -11 15 -10 -14 -16 -8 21 -13 -2 -3 29 -25 -1 -27 -12 -21 -9
right_child=6 8 3 5 -6 -7 10 23 14 13 12 20 16 -15 17 -17 -18 -19 -20 28 -22 -23 -24 24 -26 26 -28 -29 -30 -31
leaf_value=-0.057518170266774138 -0.044957512701108197 -0.033029049648793364 0.0027895811783891244 -0.029766832096676576 -0.0098535363282197912 0.0042024818012808569 0.02359660939845282 -0.031922219847464572 0.013034032014006837 0.0010129300158172353 -0.0048888450959961097 0.053394442009376424 0.0050204239422552248 0.021733648767967975 0.0083132161847256063 -0.029041392694513102 0.020932113634959473 0.024867385927798816 -0.0058736342528682853 0.015691300357962994 0.014059651227874146 0.0030177397671962876 -0.0045047004361169719 0.0033147602596037711 -0.034449445288181273 -0.039192287110912438 0.0027709497126732672 0.047490401994413511 0.05252685959024344 -0.073448655862557777
leaf_weight=22.435297545045614 8.6755606792867166 59.996225006878376 599.77292121574283 58.609749529510736 2027.0089029408991 1122.5406914763153 29.434122033417225 10.478886175900699 40.642410904169083 1121.0120806097984 4.7073496580123892 16.538789980113506 169.32101851701736 81.726149827241898 220.12839236855507 33.785555675625801 315.81892267987132 187.9388577491045 210.61346077173948 17.381890848279003 90.040057569742203 571.32203969731927 37.890053048729897 22.697613812983036 24.237986512482166 53.310359705239534 16.166079312562943 48.576914001256227 11.515216492116449 8.6026848554611188
leaf_count=264 73 318 2670 481 9062 5090 125 76 176 4790 27 74 743 436 1035 143 1454 895 897 85 428 2531 174 100 111 365 81 288 129 44
internal_value=-1.92913e-06 -0.00208531 -0.00478539 -0.00402509 -0.00696673 0.00251689 0.00758787 0.000719441 0.00381998 0.000583883 0.0128255 0.00463464 0.0180986 0.0024209 0.0125433 -0.00606553 0.0153787 0.0159374 -0.00226006 0.00363227 0.0201636 0.00230013 -0.0219878 -0.0261464 -0.016187 -0.0362848 -0.0294281 0.042863 0.0303699 -0.0506439
internal_weight=7242.93 5682.96 3899.84 3807.93 2626.78 1181.15 1559.96 674.912 1783.12 1300.62 885.051 346.626 538.424 1202.74 482.495 74.428 485.14 408.067 240.048 608.895 106.579 579.998 97.8863 66.0172 46.9356 91.9117 69.4764 53.2843 28.8971 19.0816
internal_count=33165 25980 18013 17303 11732 5571 7185 3149 7967 5718 4036 1524 2512 5226 2249 319 2197 1930 1022 2818 502 2604 492 331 211 710 446 315 214 120
is_linear=0
shrinkage=0.05


Tree=48
num_leaves=28
num_cat=0
split_feature=14 4 3 13 4 17 7 13 4 11 17 4 14 3 13 13 13 14 40 21 7 44 36 13 35 26 15
split_gain=44.7853 46.5342 44.7096 31.533 26.3985 26.0796 24.0624 21.9942 17.2203 14.927 13.4856 9.677 11.974 9.58114 11.3058 9.13578 8.82423 7.35899 5.69902 4.21275 3.37354 2.39084 3.55741 2.30061 0.87013 0.795003 0.104835
threshold=0.60350000000000004 1.8165000000000002 1.1060000000000001 0.81950000000000001 0.95750000000000013 0.046500000000000007 0.10150000000000002 2.0165000000000002 2.5145000000000004 5.5000000000000009 0.37700000000000006 0.89850000000000019 0.40600000000000008 0.98350000000000015 1.0410000000000001 1.4155000000000002 0.50850000000000006 1.2745000000000002 0.71650000000000003 -22.499999999999996 0.075500000000000012 0.49900000000000005 0.50950000000000017 1.9110000000000003 0.72950000000000015 0.19150000000000003 2.3665000000000007
decision_type=2 2 2 2 2 2 2 2 2 2 2 2 2 2 2 2 2 2 2 2 2 2 2 2 2 2 2
left_child=8 2 3 16 10 -6 15 -5 9 21 -4 20 -13 14 -8 18 -2 -15 -3 -17 -11 25 -23 -10 26 -1 -25
right_child=1 6 4 7 5 -7 13 -9 23 11 -12 12 -14 17 -16 19 -18 -19 -20 -21 -22 22 -24 24 -26 -27 -28
leaf_value=-0.040997971177403086 -0.03987818622243524 -0.0042822843938895841 -0.0018477534113012205 -0.0055624830330879187 0.023736044197423138 0.0038479111438899666 -0.01822039573297923 0.015411228588401377 -0.0049478256252137144 -0.0081870820966482034 -0.018381922690696235 -0.031000992665929483 -0.0037813113010306712 0.0055740032613845452 0.0067953455322862085 -0.0084177361667563174 -0.017593532196347874 0.021649425162301422 0.02523004425744331 0.042740256554310484 -0.050844615134203623 -0.014690108058791371 -0.059407779444143251 0.069566339028879709 0.03117190181719165 -0.060414401408894813 0.055647815975751871
leaf_weight=6.7948681451380279 55.015949930995703 22.319650430232286 1055.1783246695995 1729.0671736821532 175.37177320197225 2743.7723566219211 61.521690659224987 134.73697562515736 2.553662657737731 5.699006617069247 139.6437076702714 59.436613023281097 126.1664761826396 138.45512842386961 169.89287693798542 4.2232074737548819 230.70978540927172 146.54405156895518 61.243813924491405 85.393559273332357 24.821178607642651 10.750135913491251 7.5858980342745772 2.1798098310828191 4.2919079586863518 23.521719228476286 3.5662253275513649
leaf_count=63 457 107 4759 7734 1003 11874 285 565 11 35 632 304 578 602 707 18 1189 728 283 583 146 113 65 12 34 238 40
internal_value=-1.96744e-06 0.000783981 -0.000573256 -0.00641739 0.00248028 0.00504272 0.0131116 -0.00404626 -0.0197042 -0.0224211 -0.00378017 -0.0167883 -0.012498 0.00770288 0.000144897 0.02924 -0.0218844 0.0138398 0.0173474 0.0403294 -0.0428792 -0.0474426 -0.0331905 0.0374254 0.0482052 -0.0560626 0.0609279
internal_weight=7230.46 6953.09 6263.5 2149.53 4113.97 2919.14 689.594 1863.8 277.368 264.776 1194.82 216.123 185.603 516.414 231.415 173.18 285.726 284.999 83.5635 89.6168 30.5202 48.6526 18.336 12.5916 10.0379 30.3166 5.74604
internal_count=33165 31526 28213 9945 18268 12877 3313 8299 1639 1542 5391 1063 882 2322 992 991 1646 1330 390 601 181 479 178 97 86 301 52
is_linear=0
shrinkage=0.05


Tree=49
num_leaves=31
num_cat=0
split_feature=3 4 24 13 4 7 7 20 4 59 13 24 15 18 24 13 3 4 33 41 13 24 7 24 1 27 42 30 13 18
split_gain=41.9294 40.7054 33.3429 29.0098 21.8128 20.9163 18.5962 18.7472 16.1638 14.7387 14.2221 12.1576 11.9992 10.878 9.24031 8.99646 7.711 7.57906 7.20541 7.10413 5.96989 5.93979 5.64628 6.06718 5.22597 5.09585 3.41536 5.98211 1.90257 1.44929
threshold=0.71700000000000008 1.8165000000000002 3.0015000000000005 0.68600000000000005 1.2245000000000001 0.060500000000000005 0.37700000000000006 -8.4999999999999982 1.1455000000000002 27.500000000000004 2.0645000000000002 1.0000000180025095e-35 -1.1634999999999998 0.14999999999999999 3.6665000000000005 1.3390000000000002 0.58950000000000002 1.8910000000000002 0.28250000000000003 0.47000000000000003 2.5120000000000005 1.6665000000000003 0.24550000000000002 2.1365000000000003 7.5000000000000009 0.26450000000000007 0.26950000000000007 1.3785000000000001 0.84400000000000008 0.48333333333333339
decision_type=2 2 2 2 2 2 2 2 2 2 2 2 2 2 2 2 2 2 2 2 2 2 2 2 2 2 2 2 2 2
left_child=8 2 3 9 -5 17 7 -4 16 -2 11 -10 -13 -8 15 -7 26 19 20 -3 -12 -19 25 -24 -20 -18 27 -1 -16 -28
right_child=1 5 6 4 -6 14 13 -9 10 -11 18 12 -14 -15 28 -17 22 21 24 -21 -22 -23 23 -25 -26 -27 29 -29 -30 -31
leaf_value=0.01831220038616729 -0.021315883939000579 -0.054589883091320714 0.0014081251430995091 -0.0053223422336624937 0.0020612825093185359 0.0010367354428561714 0.012018996778170303 0.012633839260949801 -0.062291815153639879 0.026323020761694061 -0.01602244375594334 -0.053439464068549047 -0.0083038585010004658 -0.019682307791949672 0.01238272661534809 0.014754306622178297 -0.063756139374090373 0.0037476691056526693 0.024013820724306446 0.021779311462224442 0.031062471688682848 0.042674825336257848 0.0091809454974655993 -0.032375622303841868 0.08042524596144858 -0.004721452086653 -0.063518495116376417 -0.037678159535389874 0.058636850294934088 -0.04165363620859474
leaf_weight=5.585786771029233 251.99235315993428 4.2657429724931708 670.9167854078114 1835.3668031841516 2198.3337834328413 236.13815507292747 36.623592838644981 834.54774021729827 11.272542431950567 17.354033067822456 20.366898074746135 15.213154375553129 458.85827345401049 103.63194537162781 2.7802547663450232 242.03275043517351 9.1669809222221357 11.064254090189932 19.496095277369026 10.642731152474878 10.055759869515894 85.730161663144827 26.797885932028294 13.065299019217489 5.2007554322481147 6.079917646944522 14.326669149100782 32.686174586415291 11.096053373068569 16.091030180454254
leaf_count=51 1388 19 3273 8151 9245 1003 176 3916 79 82 87 79 2138 480 16 1088 50 56 110 49 66 598 164 68 21 33 125 303 115 136
internal_value=-2.18613e-06 0.00121127 -4.42029e-05 -0.00235919 -0.00129833 0.0135815 0.00600876 0.00763105 -0.0119721 -0.0182465 -0.0082392 -0.0109726 -0.00975228 -0.0114044 0.0091473 0.00798007 -0.0282686 0.0331138 0.0158288 -7.21102e-05 -0.000459221 0.0382252 -0.0143372 -0.00443937 0.0358932 -0.0402152 -0.0394459 -0.0295064 0.0493694 -0.0519519
internal_weight=7216.78 6552.52 5948.77 4303.05 4033.7 603.75 1645.72 1505.46 664.263 269.346 540.463 485.344 474.071 140.256 492.047 478.171 123.8 111.703 55.1195 14.9085 30.4227 96.7944 55.1101 39.8632 24.6969 15.2469 68.6897 38.272 13.8763 30.4177
internal_count=33165 29655 26711 18866 17396 2944 7845 7189 3510 1470 2580 2296 2217 656 2222 2091 930 722 284 68 153 654 315 232 131 83 615 354 131 261
is_linear=0
shrinkage=0.05


Tree=50
num_leaves=31
num_cat=0
split_feature=14 13 24 7 32 11 10 24 13 3 13 2 14 15 18 3 13 29 40 14 19 29 14 25 40 21 7 21 30 41
split_gain=39.8759 41.8115 33.153 26.7473 26.89 16.7354 12.3819 11.0768 12.1969 10.8001 10.3767 9.88591 7.41161 11.6817 10.1064 9.57143 6.93873 5.25726 5.23208 7.58959 9.59024 6.19851 5.82637 4.14462 3.06853 2.84362 2.50534 1.94761 1.98094 0.711653
threshold=0.60350000000000004 1.9665000000000001 3.3650000000000007 0.62000000000000011 0.41000000000000003 3.5000000000000004 2.5000000000000004 4.8335000000000008 1.0000000180025095e-35 1.4390000000000003 2.4905000000000004 29.500000000000004 0.40600000000000008 2.5500000000000003 0.78888888888888908 1.4310000000000003 1.3965000000000003 3.1085000000000007 0.74900000000000011 0.26150000000000007 1.8545000000000003 3.0045000000000006 0.51000000000000012 341.50000000000006 0.71650000000000003 -5.4999999999999991 0.27100000000000007 -1.4999999999999998 1.5545000000000002 0.52750000000000019
decision_type=2 2 2 2 2 2 2 2 2 2 2 2 2 2 2 2 2 2 2 2 2 2 2 2 2 2 2 2 2 2
left_child=6 2 3 4 -2 27 12 8 -4 -5 11 -7 13 17 15 -14 -16 -1 21 29 -21 22 -8 -12 -9 -15 -23 -3 -29 -20
right_child=1 5 7 9 -6 10 18 24 -10 -11 23 -13 14 25 16 -17 -18 -19 19 20 -22 26 -24 -25 -26 -27 -28 28 -30 -31
leaf_value=-0.038811046579108679 -0.0069293896399288601 0.058980484358850227 -0.038448659830661654 -0.047164134474723965 0.00076114800817193092 0.0079606247828352423 -0.050657648983658481 0.015823347801727585 0.0087296419783995972 0.021572592385204981 -0.018713475942608165 0.061511521315339691 -0.0029774654094419685 -0.0061301873695022383 0.07272121297247347 -0.057682769067536277 0.0083598988495330682 0.019738774504537974 -0.057014710717384044 -0.035656261102929375 0.018969645708852016 0.028213899276193388 -0.020460539019987158 0.033798279361334185 0.050079248732739071 0.055897726924805102 -0.02927978393489851 0.050253333512347322 0.016263321039926847 -0.022870126343816667
leaf_weight=40.974463805556297 1607.3655288927257 17.389497652649879 13.950185418128966 43.614969458431005 3881.0725750885904 479.3305175229907 53.76029684022069 9.6850951872766036 762.21054964885116 6.576350435614585 4.0125433579087249 8.7761292010545713 25.625516071915627 2.9569678157567978 4.5774526447057715 11.622075945138929 49.175416938960552 4.2297375649213782 9.463137321174143 13.864342533051966 19.108795899897814 4.6793485544621936 22.726446740329266 59.14300050213933 20.114010080695152 4.9255791231989852 3.1841993741691113 9.7571386583149451 7.6453572809696189 1.8194406256079663
leaf_count=222 7373 181 141 328 16611 2142 429 108 3794 29 21 37 118 16 21 51 228 20 105 88 101 32 117 317 266 50 19 91 87 22
internal_value=-2.26235e-06 0.000735657 -0.000444659 -0.00182341 -0.00149113 0.0135137 -0.0187569 0.00903023 0.00788169 -0.0381579 0.011391 0.00892347 -0.00869115 -0.0235383 -2.98151e-05 -0.0200467 0.0138407 -0.0333326 -0.0300343 -0.0161112 -0.00399912 -0.0373392 -0.0416852 0.030462 0.0389456 0.0326293 0.00493289 0.0471462 0.0353207 -0.0515085
internal_weight=7203.34 6930.64 6344.59 5538.63 5488.44 586.054 272.693 805.96 776.161 50.1913 551.262 488.107 144.087 53.0867 91.0005 37.2476 53.7529 45.2042 128.606 44.2557 32.9731 84.3503 76.4867 63.1555 29.7991 7.88255 7.86355 34.792 17.4025 11.2826
internal_count=33165 31526 28650 24341 23984 2876 1639 4309 3935 357 2517 2179 726 308 418 169 249 242 913 316 189 597 546 338 374 66 51 359 178 127
is_linear=0
shrinkage=0.05


Tree=51
num_leaves=31
num_cat=0
split_feature=32 4 24 13 4 7 24 16 24 22 22 24 17 39 26 13 24 24 13 39 13 13 17 9 13 5 7 21 21 27
split_gain=37.0563 29.8477 33.3723 19.0282 18.7677 18.0046 17.1757 16.9146 15.8483 14.7593 14.1592 20.1171 14.0381 11.8996 11.1303 10.4091 10.2061 9.97791 15.2295 9.08604 8.63153 5.93212 6.13082 5.52372 5.44382 7.50018 4.6944 4.11753 3.35818 1.78816
threshold=0.56350000000000011 1.4790000000000003 2.6935000000000007 0.60350000000000004 1.1835000000000002 0.39000000000000007 2.9725000000000006 0.63250000000000017 3.4190000000000005 0.36666666666666664 -0.25833333333333325 1.9675000000000002 0.15600000000000003 2.7015000000000007 0.41650000000000004 1.3585000000000003 4.3335000000000008 2.1425000000000005 2.2745000000000002 2.6600000000000006 0.34300000000000003 1.0975000000000004 0.14050000000000004 0.70200000000000007 1.1520000000000001 0.98350000000000015 0.12750000000000003 5.5000000000000009 11.500000000000002 0.20250000000000004
decision_type=2 2 2 2 2 2 2 2 2 2 2 2 2 2 2 2 2 2 2 2 2 2 2 2 2 2 2 2 2 2
left_child=1 2 3 27 5 16 10 9 17 -4 13 -12 -5 -3 23 -16 20 18 -6 -19 -2 28 -23 -8 25 -10 -9 -1 -7 -26
right_child=4 6 7 12 8 21 14 26 24 -11 11 -13 -14 -15 15 -17 -18 19 -20 -21 -22 22 -24 -25 29 -27 -28 -29 -30 -31
leaf_value=-0.041669489629316929 -0.046137350655443499 0.0087412981540455608 -0.0038291725668775181 0.00039894821181082646 -0.0046881729109450061 -0.057314019861785595 0.0013703726171894624 0.01005736505960886 0.027036895644461163 0.0053874433385506246 -0.021425453901562686 0.00044006373414913968 -0.0099197219758426769 -0.012796059861146545 -0.00018287816860592117 0.044161853408351895 0.045733535298348657 0.016148604174733554 0.036561059014789198 0.00090564402531809825 0.0030078657667385127 0.02063337208632389 -0.024135585723083757 0.033310175394471987 0.031543947381974163 -0.041759782377229035 0.052758636506615587 -0.018796794337012954 0.002064765675347845 0.052280686272652144
leaf_weight=48.41931939125061 9.0735365152358991 666.76264747604728 1052.0210972242057 418.38624578714371 186.89927656948566 15.734236322343351 15.982228878885506 9.6608518883585948 31.433545790612698 739.85042641311884 124.12260999530554 689.74793840944767 1553.3866189494729 70.959318939596415 98.097700443118811 15.296904698014258 13.812001455575226 459.79341194033623 25.420048911124468 124.16353090852499 582.6354728192091 9.6349432915449125 37.068089708685875 88.458542339503765 16.595687337219715 4.5329560413956633 19.28365358710289 33.145714618265629 2.8057177811861029 27.828478123992682
leaf_count=519 76 2982 4472 1962 812 108 96 47 168 3474 582 2920 7254 318 466 124 158 1995 141 567 2584 46 165 479 115 29 90 195 12 209
internal_value=-2.35809e-06 -0.00188182 -0.00433922 -0.00870918 0.00685217 0.000557087 0.00349864 0.000588788 0.0116687 -2.37004e-05 0.00165283 -0.00289463 -0.00773023 0.00666968 0.0166459 0.00579922 0.00324602 0.00953267 0.000250414 0.0129076 0.00225425 -0.0243989 -0.0148996 0.0284225 0.0328266 0.0183663 0.0385062 -0.0323747 -0.048328 0.044534
internal_weight=7191.01 5643.58 3874.15 2053.34 1547.43 670.764 1769.43 1820.82 876.667 1791.87 1551.59 813.871 1971.77 737.722 217.835 113.395 605.521 796.276 212.319 583.957 591.709 65.243 46.703 104.441 80.3907 35.9665 28.9445 81.565 18.54 44.4242
internal_count=33165 25980 18013 9930 7185 3149 7967 8083 4036 7946 6802 3502 9216 3300 1165 590 2818 3515 953 2562 2660 331 211 575 521 197 137 714 120 324
is_linear=0
shrinkage=0.05


Tree=52
num_leaves=29
num_cat=0
split_feature=14 13 32 7 24 11 16 14 15 24 15 44 13 2 7 0 18 44 21 24 7 16 25 5 5 1 25 5
split_gain=36.1635 36.7837 28.3435 27.572 18.7079 15.6701 14.1649 12.5629 16.3542 10.0812 13.4454 9.97935 9.30835 9.01455 8.59256 8.44346 7.42415 12.1986 7.14376 6.98144 5.59318 5.26273 3.78782 3.41159 2.77698 2.05753 1.90718 0.220338
threshold=0.60350000000000004 1.9665000000000001 0.41000000000000003 0.41900000000000004 3.4310000000000005 3.5000000000000004 0.53700000000000014 0.26150000000000007 2.5500000000000003 2.8975000000000004 -1.0409999999999997 0.47450000000000003 2.4905000000000004 29.500000000000004 0.62000000000000011 15.500000000000002 0.76388888888888895 0.52150000000000019 -8.4999999999999982 2.4565000000000006 0.27100000000000007 0.47700000000000004 341.50000000000006 -1.5119999999999998 -1.4904999999999997 2.5000000000000004 343.50000000000006 -0.50849999999999984
decision_type=2 2 2 2 2 2 2 2 2 2 2 2 2 2 2 2 2 2 2 2 2 2 2 2 2 2 2 2
left_child=6 2 9 4 -4 25 15 8 18 10 -2 -11 13 -7 -5 20 19 -18 -8 -9 21 -1 -14 -10 -22 27 -27 -3
right_child=1 5 3 14 -6 12 7 16 23 11 -12 -13 22 -15 -16 -17 17 -19 -20 -21 24 -23 -24 -25 -26 26 -28 -29
leaf_value=-0.0043523945009927723 -0.033522874090969448 0.058508151990972146 0.0013957419434114354 -0.0098511629113728436 0.011185546994648493 0.0074566803858834869 0.0052427737070465576 -0.011725499723258584 0.056374390078106754 -0.012920572415408969 -0.0068710482180949096 0.0063692380581110907 -0.018119934245107203 0.058881450195318687 -0.036192977070262131 0.028140471621363145 0.00055330006202077258 0.068922082243017824 -0.056710959310904356 -0.075640747524482299 -0.0074132739840726478 -0.042172729109799752 0.032137395877120771 -0.015416036765085579 -0.056712607783518158 0.062112774166211859 0.019538535220580456 0.044130736505696926
leaf_weight=16.288258232176304 49.082885269075632 16.726061061024666 3732.0637388192117 270.94731515273452 561.40487865358591 477.88569277152419 5.4660294502973512 55.505719892680645 5.1277919411659241 89.175069950520992 1318.8234924301505 270.21350158751011 4.0069288909435263 8.6766854375600797 34.951369632035494 4.9083539657294741 76.247717715799809 7.1348020955920211 31.281719025224451 4.6287307590246192 3.1039693728089324 21.131095342338085 58.271219309419394 2.4434280768036833 35.824244137853384 3.587782707065343 9.8588311970233899 3.1698457337915924
leaf_count=102 256 183 15952 1240 3113 2142 27 267 59 404 6209 1225 21 37 251 30 357 34 262 19 16 130 317 12 324 30 93 53
internal_value=-2.08462e-06 0.000698326 -0.000408392 0.0016425 0.00267584 0.0127252 -0.0179849 -0.0104398 -0.0337091 -0.00586943 -0.00782736 0.00158286 0.0107033 0.00837372 -0.0128609 -0.0354266 -0.00325411 0.00640342 -0.0474957 -0.0166452 -0.0395133 -0.0257099 0.0289039 0.0332058 -0.0527817 0.0460065 0.0308981 0.0562175
internal_weight=7177.94 6908.85 6326.66 4599.37 4293.47 582.183 269.092 187.836 44.319 1727.29 1367.91 359.389 548.841 486.562 305.899 81.2559 143.517 83.3825 36.7477 60.1345 76.3476 37.4194 62.2781 7.57122 38.9282 33.3425 13.4466 19.8959
internal_count=33165 31526 28650 20556 19065 2876 1639 1037 360 8094 6465 1629 2517 2179 1491 602 677 391 289 286 572 232 338 71 340 359 123 236
is_linear=0
shrinkage=0.05


Tree=53
num_leaves=30
num_cat=0
split_feature=3 24 13 1 32 7 22 10 13 15 7 3 5 5 24 1 5 6 6 6 2 3 21 15 6 11 3 5 13
split_gain=34.8311 27.6342 27.8918 30.1461 21.0091 20.1189 15.0523 11.2117 10.9728 10.6239 10.064 11.7953 12.6432 9.89487 8.72226 7.871 7.63445 6.45243 8.03948 14.966 6.20701 5.73424 5.42469 5.0887 4.91978 4.68609 1.93638 0.419155 0.0599868
threshold=0.71700000000000008 3.9185000000000003 0.68600000000000005 3.5000000000000004 0.55900000000000016 0.63950000000000007 -1.0000000180025095e-35 12.500000000000002 0.76350000000000018 -0.46899999999999992 0.43650000000000005 0.26150000000000007 -2.6334999999999993 -0.77099999999999991 4.3335000000000008 5.5000000000000009 -1.3954999999999997 0.37250000000000005 0.10600000000000001 0.12750000000000003 1.5000000000000002 1.6940000000000002 5.5000000000000009 -0.39649999999999996 0.14050000000000004 22.500000000000004 1.5965000000000003 0.32050000000000006 0.7965000000000001
decision_type=2 2 2 2 2 2 2 2 2 2 2 2 2 2 2 2 2 2 2 2 2 2 2 2 2 2 2 2 2
left_child=6 2 7 5 -5 -4 10 23 14 -9 11 12 -1 -13 20 26 -12 18 25 -20 -3 -17 -16 -2 -18 -8 -10 28 -19
right_child=1 8 3 4 -6 -7 17 9 15 -11 16 13 -14 -15 22 21 24 27 19 -21 -22 -23 -24 -25 -26 -27 -28 -29 -30
leaf_value=0.035677438238833951 -0.019593392075915084 -0.054068496235412544 0.028102697331711075 -0.000920283885635893 0.0062064983685322529 -0.023158642179766299 -0.059408588780995891 -0.0093924683436106115 0.0075950199219325795 0.034425024229988603 0.022725562711435176 0.00260786430039815 -0.038836171897539379 -0.014244967716271879 0.050401316965112325 -0.012771259656232922 -0.040556613938208731 -0.057748821787822251 0.048818516778390803 -0.022428770505288881 -0.0035825612258104491 0.023604586920681819 0.0042737890497668634 -0.046953090672106366 0.005887395809710946 0.0064641613583306225 0.051666117292327743 -0.041983876695945208 -0.066346767829106965
leaf_weight=6.6095149517059317 50.962090190500021 7.4154720306396475 154.95270980149508 4277.6903159320354 1363.7763120606542 21.838733002543449 18.689858868718151 382.08433883264661 2.7249033078551319 14.353029072284697 6.6750800907611838 301.23405633866787 41.046030573546886 122.52280244603753 11.289336182177069 12.0134155228734 42.228505663573742 2.7474482916295511 8.0850626900792104 83.424460843205452 34.01152078807354 110.35636259615421 14.638157710433005 25.498469837009907 6.5920945629477492 3.1557040810585013 29.214583866298199 2.6922788880765429 7.7540240995585918
leaf_count=65 295 107 859 18504 5955 191 197 1796 21 86 35 1364 309 622 156 64 273 31 40 452 164 766 103 176 36 15 412 25 46
internal_value=-2.2661e-06 0.00110189 0.000490539 0.00143968 0.000802555 0.0217705 -0.0110071 -0.0111871 0.018453 -0.00780605 -0.00728809 -0.00491717 -0.0285016 -0.00226487 0.00161483 0.0258027 -0.0274281 -0.0264917 -0.0226399 -0.0161339 -0.0126196 0.0200335 0.0243586 -0.0287174 -0.0342854 -0.0498929 0.0479062 -0.0595849 -0.0640973
internal_weight=7166.28 6512.82 6291.16 5818.26 5641.47 176.791 653.457 472.898 221.664 396.437 526.908 471.412 47.6555 423.757 67.3545 154.309 55.4957 126.549 113.355 91.5095 41.427 122.37 25.9275 76.4606 48.8206 21.8456 31.9395 13.1938 10.5015
internal_count=33165 29655 27862 25509 24459 1050 3510 2353 1793 1882 2704 2360 374 1986 530 1263 344 806 704 492 271 830 259 471 309 212 433 102 77
is_linear=0
shrinkage=0.05


Tree=54
num_leaves=29
num_cat=0
split_feature=4 24 13 22 13 24 24 17 17 41 44 14 4 1 24 4 22 4 26 14 37 4 13 44 13 40 39 39
split_gain=34.3637 34.4573 27.1811 28.6821 30.9427 20.9912 13.4422 14.4345 13.3667 12.9439 9.64093 12.0971 9.57626 9.28357 8.89717 15.2492 8.71677 7.60289 6.94237 6.81283 6.4527 8.85785 5.90031 5.5017 3.44983 3.41638 2.10038 0.640217
threshold=0.85950000000000004 3.9185000000000003 1.9395000000000002 0.25833333333333336 0.84400000000000008 2.2880000000000007 1.6980000000000002 0.070000000000000021 0.34900000000000003 0.45100000000000007 0.44800000000000006 1.2455000000000003 2.5145000000000004 5.5000000000000009 4.8335000000000008 1.0000000180025095e-35 0.63333333333333353 0.88700000000000012 0.27750000000000008 1.2390000000000001 0.43450000000000005 0.7965000000000001 1.5895000000000004 0.49150000000000005 0.85450000000000015 0.71650000000000003 2.4510000000000005 2.7475000000000005
decision_type=2 2 2 2 2 2 2 2 2 2 2 2 2 2 2 2 2 2 2 2 2 2 2 2 2 2 2 2
left_child=5 2 3 4 -2 10 12 -8 14 -5 11 22 -4 26 15 -7 18 -15 -10 -18 21 -12 -1 -19 -22 -16 -3 -28
right_child=1 13 6 9 -6 8 7 -9 16 -11 20 -13 -14 17 25 -17 19 23 -20 -21 24 -23 -24 -25 -26 -27 27 -29
leaf_value=-0.029404290066020095 -0.01442207633089408 -0.0068288055420640259 -0.0078957884569356984 -0.0059134088245648316 -0.00080375187735992582 -0.048464729766000303 0.033186990095054464 0.010607926755422346 0.019602160254029388 0.0080440880819332219 -0.020976261771184574 0.10428355312124987 0.043266137494557176 -0.073925625572307432 0.0013102939882706222 -0.0020780248214446557 0.059362639685855492 0.0092498936892522164 -0.027789759991015153 -0.0057255627628306424 -0.050835684011599415 0.051385840700558433 0.047531533817547503 0.033051838540344013 -0.029823578647373495 0.054694023369860047 0.054011231714009358 0.019291068053699147
leaf_weight=9.3116076141595823 471.74707241356373 1.5678055994212616 114.40733104944229 194.05196480453014 3601.4371139630675 18.209410175681114 86.102024585008621 397.85309085249901 8.2920977324247342 1153.5126141570508 22.632565852254633 2.9044759869575492 9.9409584626555425 2.1529171019792548 4.4337554909288874 655.69533784687519 5.2022612988948849 48.885129377245903 113.49155839532614 17.695696912705898 24.695292133837938 5.2009108439087859 3.4027210399508467 48.231108717620373 93.472392827272415 9.2487014643847925 29.966933175921444 1.3892645724117745
leaf_count=84 2344 20 537 850 15817 167 528 1774 38 5021 148 16 92 14 47 2876 25 339 515 82 333 25 18 339 547 131 419 19
internal_value=-2.42768e-06 0.00138927 0.000835595 -0.000289035 -0.002381 -0.00862976 0.0108575 0.014625 -0.00542765 0.00603418 -0.0251191 0.0122176 -0.00380568 0.0266413 -0.002521 -0.00333143 -0.0192413 0.0190105 -0.0245629 0.00906204 -0.0291133 -0.00745482 -0.00881404 0.0210707 -0.0342148 0.0373952 0.049649 0.0524729
internal_weight=7155.13 6161.25 6029.05 5420.75 4073.18 993.889 608.303 483.955 832.269 1347.56 161.62 15.6188 124.348 132.193 687.587 673.905 144.682 99.2692 121.784 22.898 146.001 27.8335 12.7143 97.1162 118.168 13.6825 32.924 31.3562
internal_count=33165 28113 26963 24032 18161 5052 2931 2302 3881 5871 1171 118 629 1150 3221 3043 660 692 553 107 1053 173 102 678 880 178 458 438
is_linear=0
shrinkage=0.05


Tree=55
num_leaves=31
num_cat=0
split_feature=4 24 13 22 18 14 4 4 14 18 24 4 18 24 7 4 4 24 15 13 27 13 17 29 12 39 14 44 35 35
split_gain=32.486 38.4607 21.8435 25.1615 21.2444 24.3789 20.2222 16.2745 14.5906 14.6172 14.5354 14.4332 14.2832 13.7084 21.9586 13.3123 11.4615 9.58636 9.95275 7.51515 6.16426 5.83853 8.2041 5.78813 5.46427 4.70114 4.34029 2.91415 2.16655 3.69912
threshold=1.8165000000000002 2.1010000000000004 1.1835000000000002 0.19999999999999998 0.76388888888888895 0.40600000000000008 1.3470000000000002 0.87250000000000016 0.55800000000000016 0.36666666666666675 3.1115000000000008 0.45850000000000007 0.23611111111111113 1.2565000000000002 0.10150000000000002 2.5145000000000004 0.98350000000000015 2.9725000000000006 -0.29799999999999993 0.57400000000000007 0.22400000000000003 1.0605000000000002 0.28900000000000003 3.1160000000000001 6.5000000000000009 2.544 1.3620000000000003 0.51500000000000012 0.80150000000000021 0.72950000000000015
decision_type=2 2 2 2 2 2 2 2 2 2 2 2 2 2 2 2 2 2 2 2 2 2 2 2 2 2 2 2 2 2
left_child=1 4 3 12 8 23 11 -5 24 -10 -8 -4 -3 15 21 20 -7 18 -16 -19 25 22 -15 -6 -1 -2 -23 -22 29 -17
right_child=13 2 6 7 5 16 10 -9 9 -11 -12 -13 -14 14 17 28 -18 19 -20 -21 27 26 -24 -25 -26 -27 -28 -29 -30 -31
leaf_value=-0.047267271381676385 0.033774132432590545 -0.026036238722873774 -0.034605388230841957 -0.0068741988878140885 -0.04203369787256591 -0.027229102183652279 0.0083492454447248766 0.004855346926090208 -0.023617949912075817 -0.0076546955838779135 0.030517893061487653 0.0016213516481064746 -0.0064842344735238731 -0.002073197162291139 -0.0082842800875274816 0.044416112649899961 0.011503519878558417 -0.043018064574349479 0.0085113245594277895 0.029612594090201255 -0.051459352487146552 0.027272115356088419 0.039716233913023771 0.037058609677641297 -0.018600295596760179 -0.022744432969941591 0.048284472440371609 -0.005107556078098853 0.069250311365344291 -0.035103483976074011
leaf_weight=37.882099203765392 5.4546325281262424 103.70277731865644 27.943008482456207 405.3369994983077 32.095343910157681 20.777427978813648 729.36854201555252 1093.5511791631579 176.21937749534845 770.09470558911562 82.283014219254255 1712.5238819383085 940.90128530934453 32.408395264297724 119.17261255532503 4.7803665995597822 236.54496782273054 3.7950687333941451 339.43521738797426 57.878586437553167 20.337657973170284 85.938193708658218 18.419831562787294 2.4928481876850119 29.620828673243523 11.304183818399904 34.418684799224138 4.0694337040185919 3.3219193965196609 2.1071207821369171
leaf_count=382 30 473 128 2033 244 108 3065 5000 1185 3632 486 7406 4133 158 519 47 1011 18 1465 363 115 506 88 16 158 60 271 25 25 15
internal_value=-2.31024e-06 -0.00115087 0.000811003 -0.0024682 -0.0088071 0.00307849 0.00407912 0.00168338 -0.0122293 -0.0106273 0.0105966 0.00103974 -0.00842525 0.00989526 0.0117467 -0.0150233 0.00837606 0.00663576 0.00414686 0.0251433 -0.0276984 0.0272803 0.013071 -0.0363333 -0.034688 -0.00434886 0.0332811 -0.043731 0.0360846 0.0200883
internal_weight=7144.18 6401.34 5095.61 2543.49 1305.73 291.911 2552.12 1498.89 1013.82 946.314 811.652 1740.47 1044.6 742.842 691.467 51.3753 257.322 520.281 458.608 61.6737 41.1659 171.185 50.8282 34.5882 67.5029 16.7588 120.357 24.4071 10.2094 6.88749
internal_count=33165 29460 22724 11639 6736 1379 11085 7033 5357 4817 3551 7534 4606 3705 3388 317 1119 2365 1984 381 230 1023 246 260 540 90 777 140 87 62
is_linear=0
shrinkage=0.05


Tree=56
num_leaves=31
num_cat=0
split_feature=7 4 32 9 22 13 18 39 13 5 4 23 15 7 0 7 23 41 26 18 13 40 7 16 30 5 4 37 10 18
split_gain=30.654 25.7566 19.0694 15.455 14.8376 23.5915 16.1226 13.9276 12.6872 10.9727 12.0308 10.699 9.96165 9.35987 13.4074 9.22027 8.91375 12.4511 12.0274 8.77051 8.30866 8.23911 8.189 8.13571 8.06472 7.97052 7.70489 7.61912 7.47499 6.71083
threshold=0.27450000000000008 0.95750000000000013 0.6080000000000001 2.1345000000000005 0.25833333333333336 0.81950000000000001 0.78888888888888908 2.7295000000000003 2.1835000000000004 0.60350000000000004 0.40600000000000008 0.74950000000000028 -2.1834999999999996 0.39200000000000007 11.500000000000002 0.097500000000000017 0.55150000000000021 0.45100000000000007 0.71550000000000014 0.81666666666666676 0.78050000000000008 0.7400000000000001 0.26800000000000007 0.16350000000000003 1.6575000000000002 0.56900000000000006 0.54750000000000021 0.5375000000000002 12.500000000000002 0.23611111111111113
decision_type=2 2 2 2 2 2 2 2 2 2 2 2 2 2 2 2 2 2 2 2 2 2 2 2 2 2 2 2 2 2
left_child=1 9 3 7 5 11 8 -3 -7 25 12 29 -11 16 28 21 17 -6 -18 -8 -5 -4 -17 -13 -12 26 -1 -16 -15 -2
right_child=4 2 15 20 13 6 19 -9 -10 10 24 23 -14 14 27 22 18 -19 -20 -21 -22 -23 -24 -25 -26 -27 -28 -29 -30 -31
leaf_value=-0.054723000387221048 -0.050479688467938856 0.0031392217506216874 0.040548947526644646 -0.009539949467434276 -0.012905972044597442 -0.0075611114519997004 0.020228139040294274 -0.011239995170734799 0.017027395127053278 0.03591605920865084 -0.00094260442176536535 -0.029683352146436932 -0.02865089936530393 -0.024865738255464783 0.093847892725301627 0.0088222615363189368 -0.0052765017921790284 0.016897301784780983 0.045322716932062031 -0.00011533624544035964 0.02952762162694731 0.010209745703706972 0.049311587456841909 0.019313766877137414 0.028896261428454962 -0.041337894293377739 -0.0091854434460751158 0.01040045513519282 -0.0021985995381564342 -0.024429193998444669
leaf_weight=9.7736127339303476 32.449507314711809 2975.5820239372551 53.965766940265894 16.453461423516273 41.78809742629528 1470.2469115369022 85.870829679071903 178.50410218164325 54.402787502855062 6.6370730623602858 578.89738222211599 13.910861916840075 59.777134098112583 64.62906651198864 4.6073344796895963 350.57221654802561 183.67426482960582 217.15854485332966 12.54645788669586 138.32142756506801 78.73248104378581 38.230015456676483 12.949179425835608 21.669705290347338 23.56644032895565 25.141418464481831 187.31997258961201 6.7324795126914978 83.185112662613392 103.81407724693418
leaf_count=75 209 13387 313 78 189 6747 369 808 262 101 2553 64 470 310 20 1595 837 959 56 623 539 226 58 100 111 111 877 33 419 666
internal_value=-2.40397e-06 0.00243221 0.00426787 0.00292448 -0.00441648 -0.00657986 -0.00484281 0.00232544 -0.00668374 -0.00519994 -0.00200183 -0.0242576 -0.0221984 0.00234735 -0.00808984 0.0138462 0.00599683 0.0120877 -0.00204116 0.00767669 0.0227746 0.0279685 0.0102646 0.000157463 0.000224596 -0.0148255 -0.0114436 0.0443049 -0.0121094 -0.0306328
internal_weight=7131.11 4596.1 3704.99 3249.27 2535.01 1920.69 1748.84 3154.09 1524.65 891.113 668.878 171.844 66.4142 614.321 159.154 455.717 455.167 258.947 196.221 224.192 95.1859 92.1958 363.521 35.5806 602.464 222.235 197.094 11.3398 147.814 136.264
internal_count=33165 21302 17004 14812 11863 9040 8001 14195 7009 4298 3235 1039 571 2823 782 2192 2041 1148 893 992 617 539 1653 164 2664 1063 952 53 729 875
is_linear=0
shrinkage=0.05


Tree=57
num_leaves=29
num_cat=0
split_feature=14 4 3 13 4 7 22 13 16 7 14 13 24 19 4 0 18 13 0 13 39 24 7 16 7 4 9 14
split_gain=29.9807 31.4523 28.2601 22.0668 19.4604 17.1305 15.1273 14.843 12.205 12.1211 11.3533 12.9003 8.80578 8.9435 8.77378 9.67467 7.77849 7.7036 7.66365 6.85877 6.13565 5.75683 5.374 5.02868 4.56752 3.0552 1.79872 1.22734
threshold=0.60350000000000004 1.8165000000000002 1.1060000000000001 0.81950000000000001 1.2245000000000001 0.10150000000000002 0.36666666666666664 2.0165000000000002 0.53700000000000014 0.28900000000000003 0.26150000000000007 2.6075000000000004 2.9725000000000006 0.71100000000000008 1.4750000000000003 12.500000000000002 0.81666666666666676 0.50850000000000006 15.500000000000002 0.57400000000000007 2.4395000000000002 1.2565000000000002 0.27100000000000007 0.47700000000000004 0.24550000000000002 2.4870000000000005 0.95350000000000013 0.78050000000000008
decision_type=2 2 2 2 2 2 2 2 2 2 2 2 2 2 2 2 2 2 2 2 2 2 2 2 2 2 2 2
left_child=8 2 3 17 6 16 -4 -5 18 -6 11 24 13 -7 15 -12 21 -2 22 -14 -16 -3 23 -1 -10 -13 -24 -18
right_child=1 5 4 7 9 12 -8 -9 10 -11 14 25 19 -15 20 -17 27 -19 -20 -21 -22 -23 26 -25 -26 -27 -28 -29
leaf_value=-0.0027387060734870763 -0.036268334289061656 -0.038114344277623204 -0.0036016454663702537 -0.0044648018493233799 0.0089955213484158806 -0.026497803578239443 0.0045355683782371953 0.012829484661596639 -0.057026095245482446 -0.00098955568209034821 -0.0074364259577246105 -0.012482614920753837 -0.040621079106236489 0.0055943620665373376 0.070412804234331869 -0.059694424836301545 0.079025715047286685 -0.014487918596059517 0.027744501020496873 0.028552756321309283 0.0066042482020882342 0.022315290632040172 -0.037310162237954289 -0.040301942312602312 -0.016798088067803651 0.054717750716096837 -0.060105544225133645 0.046983903172255856
leaf_weight=15.905401859432457 49.656449340283871 4.0587065666913977 1640.6413939781487 1711.1114630810916 1143.6946296915412 22.878640986979008 876.16921033710241 133.7664217799902 24.370826441794634 413.93836813792586 66.350551210343838 2.7672984451055518 3.8233270533382884 424.82181895524263 4.0132375359535208 10.221010275185106 3.5268828049302128 222.53958967328072 4.8141649030148974 57.118319187313318 61.503776691854 136.07399006187916 14.363000653684137 20.257576208561659 9.9315708689391595 4.350168265402317 21.771195771172643 19.582699861377478
leaf_count=102 457 21 7129 7734 5045 108 4278 565 224 1816 324 13 18 1833 18 55 19 1189 30 363 280 730 109 130 64 59 231 221
internal_value=-2.45243e-06 0.000629614 -0.000485387 -0.00517162 0.00194957 0.0109045 -0.000768863 -0.00321085 -0.0166479 0.006342 -0.00963386 -0.0326683 0.0063816 0.00395437 -0.00291916 -0.014412 0.0249973 -0.0184613 -0.0333397 0.024213 0.0105128 0.020565 -0.0374072 -0.0237807 -0.0453789 0.02859 -0.0510446 0.051874
internal_weight=7124.02 6863.4 6191.52 2117.07 4074.44 671.884 2516.81 1844.88 260.62 1557.63 183.508 41.4199 508.642 447.7 142.089 76.5716 163.242 272.196 77.1113 60.9416 65.517 140.133 72.2972 36.163 34.3024 7.11747 36.1342 23.1096
internal_count=33165 31526 28213 9945 18268 3313 11407 8299 1639 6861 1037 360 2322 1941 677 379 991 1646 602 381 298 751 572 232 288 72 340 240
is_linear=0
shrinkage=0.05


Tree=58
num_leaves=31
num_cat=0
split_feature=3 4 1 24 24 7 13 4 14 16 22 13 17 22 4 14 44 20 17 25 24 13 6 11 6 7 42 41 4 13
split_gain=27.8963 28.969 23.9596 21.3808 19.1037 16.972 16.0645 15.8839 15.6084 14.2789 14.7298 13.816 12.962 12.8006 9.49717 10.0146 11.6144 9.3904 9.24726 10.7318 7.75875 7.38459 6.28357 7.66376 14.5315 6.16886 4.33074 3.98361 0.443066 0.0494477
threshold=0.71700000000000008 1.2245000000000001 3.5000000000000004 3.1010000000000004 2.7975000000000008 0.28900000000000003 0.69400000000000006 0.60350000000000004 0.7965000000000001 0.55400000000000016 0.36666666666666664 1.2890000000000004 0.20350000000000004 -1.0000000180025095e-35 1.4915000000000003 0.55800000000000016 0.5465000000000001 -2.4999999999999996 0.37700000000000006 342.50000000000006 2.2965000000000004 2.6835000000000004 0.37250000000000005 17.500000000000004 0.10600000000000001 0.38000000000000006 0.28600000000000003 0.51650000000000007 0.45850000000000007 0.82700000000000007
decision_type=2 2 2 2 2 2 2 2 2 2 2 2 2 2 2 2 2 2 2 2 2 2 2 2 2 2 2 2 2 2
left_child=13 4 6 5 7 -4 17 20 -8 10 -6 -5 -9 14 15 27 -17 -3 21 -20 -2 -16 23 24 -15 -11 -25 -1 -24 -30
right_child=1 2 3 11 9 -7 8 12 -10 25 -12 -13 -14 22 18 16 -18 -19 19 -21 -22 -23 28 26 -26 -27 -28 -29 29 -31
leaf_value=-0.053740004948837308 -0.043282054945218106 0.017807150139233497 0.0040363284930318597 0.0082037313824452375 -0.004634908451437123 -0.0047604829524872947 0.00033929031238967761 0.0011772249777497884 0.036855785735638108 0.023207658840531886 0.0050393124232719086 0.02855168964352639 -0.0090034351490269494 -0.055022855470057835 0.0012994258754666923 -0.013083755579041623 0.055056056563006495 -0.054651346318346644 0.03126096146090937 -0.032165785332905018 -0.014580683120555589 0.046830640578145337 -0.039471716728474202 -0.043809592683091647 0.0020633548429389009 -0.019733568782076161 0.00023812468946590823 0.0082344864109836057 -0.058037992901130153 -0.065612010338800056
leaf_weight=20.01291132345796 39.423378672450781 8.0933032706379908 1993.6308374330401 310.24135076627135 825.08655817806721 756.31423722952604 39.224717956036329 492.93067096918821 115.22445986792445 92.374815367162228 752.13907836377621 114.10418643802404 854.8729312159121 14.158170506358145 246.22521891444921 187.28982274234295 6.4697234258055678 9.9916488751769048 8.0573432818055135 38.706806927919388 58.467561535537243 9.239449203014372 2.4710611850023261 36.668822899460793 52.429257288575172 9.196294352412222 6.5819132775068274 2.9788809716701499 3.1895576715469343 6.643233023583889
leaf_count=216 358 45 8473 1469 3553 3253 192 2204 811 423 3715 707 4065 183 1132 963 32 57 40 193 289 91 25 183 307 41 31 37 36 41
internal_value=-2.71762e-06 0.0009829 0.00421522 0.00322892 -0.00247942 0.00161695 0.0223611 -0.00669251 0.0275819 0.00114867 -2.15168e-05 0.0136752 -0.00528007 -0.00995128 -0.00652382 -0.0145107 -0.0108085 -0.022225 -0.0007958 -0.0212375 -0.0261395 0.00294616 -0.0245145 -0.0207189 -0.0100746 0.0193197 -0.0371064 -0.0457104 -0.0583987 -0.0631552
internal_weight=7112.44 6471.32 3346.82 3174.29 3124.49 2749.95 172.534 1445.69 154.449 1678.8 1577.23 424.346 1347.8 641.122 518.98 216.751 193.76 18.085 302.229 46.7642 97.8909 255.465 122.142 109.838 66.5874 101.571 43.2507 22.9918 12.3039 9.83279
internal_count=33165 29655 15007 13902 14648 11726 1105 6916 1003 7732 7268 2176 6269 3510 2704 1248 995 102 1456 233 647 1223 806 704 490 464 214 253 102 77
is_linear=0
shrinkage=0.05


Tree=59
num_leaves=30
num_cat=0
split_feature=13 17 7 4 29 8 3 10 29 4 11 23 15 40 3 9 13 19 59 3 16 9 15 3 19 36 36 44 28
split_gain=26.3234 25.0126 27.5679 19.2452 17.8996 17.4254 15.4268 15.0265 12.867 11.8426 10.789 11.4115 9.20858 8.63786 8.34584 11.1951 7.60476 8.72144 7.45225 6.34002 9.90407 6.93465 5.85238 5.65776 3.60164 2.76752 4.84699 1.28643 0.408953
threshold=0.68600000000000005 0.20350000000000004 0.41900000000000004 1.1060000000000001 3.1160000000000001 0.43055555555555564 1.9425000000000001 12.500000000000002 2.8515000000000006 0.84800000000000009 1.0000000180025095e-35 0.49999999999999989 -0.46899999999999992 0.75700000000000012 1.2320000000000004 1.2830000000000001 0.60350000000000004 0.88700000000000012 9.5000000000000018 1.7805000000000002 0.23200000000000004 1.4565000000000003 -0.39649999999999996 2.0605000000000007 0.9425 0.46650000000000008 0.50750000000000017 0.52350000000000019 0.14450000000000002
decision_type=2 2 2 2 2 2 2 2 2 2 2 2 2 2 2 2 2 2 2 2 2 2 2 2 2 2 2 2 2
left_child=7 6 3 5 -5 -3 8 22 9 -2 28 -12 14 -10 18 -16 17 -14 -9 21 -21 -4 23 24 -1 27 -27 -24 -8
right_child=1 2 19 4 -6 -7 10 12 13 -11 11 -13 16 -15 15 -17 -18 -19 -20 20 -22 -23 25 -25 -26 26 -28 -29 -30
leaf_value=-0.045471573296262537 -0.010593118812808083 -0.019620702747347191 -0.013423427335320152 0.0010521610354844743 0.018702934516198123 -0.0029589189032538307 0.031786241298238885 -0.029538387049003873 0.012347561096203101 0.0026106477407621745 0.032378720100952836 0.0070035412285536728 0.039188737991669567 -0.0022009202907669889 0.02820732254248225 -0.0059659876456091372 0.070394998455302171 -0.065656222230732655 -0.0080516277804368024 0.0471540071275224 -0.014231563085923585 -0.03163646459391134 -0.061649449198499552 0.020180671047805313 -0.016786805653804856 0.010820539602093206 -0.050958614201723151 -0.022628289883952313 0.055119919052151446
leaf_weight=15.473119622096418 190.35758288577199 188.15223953127861 248.02370819821954 2245.777795240283 153.44745174050331 945.33945761248469 2.1118051670491722 68.592962428927422 513.62978911027312 1574.0683840550482 59.286416862159967 175.34535159170628 5.2524864710867387 127.31568456441164 26.374993056058884 262.37768592685461 6.8889268450438967 3.187023738399148 98.020196601748466 10.097014937549831 18.815296649932861 66.216932691633701 17.761971406638626 7.900123316794633 37.377320025116205 5.0805685501545659 8.4642839562147838 2.3972157314419738 16.945561230182648
leaf_count=153 880 879 1287 9819 704 4218 29 479 2321 7081 364 954 39 585 116 1346 38 23 503 100 88 321 179 39 203 53 96 23 245
internal_value=-2.921e-06 0.000892383 -0.00166979 -0.000355541 0.00218105 -0.00572467 0.00462703 -0.0103555 0.00339021 0.00118614 0.016354 0.0134153 -0.00670326 0.00945769 -0.00798637 -0.00284456 0.0314146 -0.000404007 -0.0168975 -0.0151998 0.00720605 -0.0172613 -0.0285557 -0.0192855 -0.0251849 -0.045265 -0.0277857 -0.0570093 0.0525342
internal_weight=7100.08 6534.93 3875.87 3532.72 2399.23 1133.49 2659.06 565.149 2405.37 1764.43 253.689 234.632 470.694 640.945 455.366 288.753 15.3284 8.43951 166.613 343.153 28.9123 314.241 94.4546 60.7506 52.8504 33.704 13.5449 20.1592 19.0574
internal_count=33165 29875 17416 15620 10523 5097 12459 3290 10867 7961 1592 1318 2544 2906 2444 1462 100 62 982 1796 188 1608 746 395 356 351 149 202 274
is_linear=0
shrinkage=0.05


Tree=60
num_leaves=31
num_cat=0
split_feature=24 13 13 7 7 22 17 20 39 22 18 7 24 44 17 39 10 23 0 7 16 13 44 42 13 36 22 10 59 17
split_gain=24.9722 24.8627 19.9021 15.1079 13.8814 16.2185 17.4549 16.0903 18.6017 15.789 13.2527 18.83 17.1781 12.152 12.1299 11.4545 9.38268 8.11687 8.01082 7.59438 7.37 7.32985 6.30025 5.84038 5.26778 3.96029 3.94766 3.88157 3.48477 1.01584
threshold=2.3485000000000005 1.6325000000000001 0.7965000000000001 0.63050000000000017 0.20350000000000004 0.25833333333333336 0.19100000000000003 -8.4999999999999982 2.7390000000000003 0.19999999999999998 0.74166666666666681 0.081500000000000017 0.97050000000000003 0.42400000000000004 0.041000000000000009 2.5780000000000007 14.500000000000002 -0.22199999999999984 13.500000000000002 0.38300000000000006 0.14050000000000004 0.62750000000000006 0.44800000000000006 0.23100000000000004 2.3270000000000004 0.48150000000000004 -0.25833333333333325 13.500000000000002 6.5000000000000009 0.27100000000000007
decision_type=2 2 2 2 2 2 2 2 2 2 2 2 2 2 2 2 2 2 2 2 2 2 2 2 2 2 2 2 2 2
left_child=2 4 16 10 7 6 -6 9 -9 -2 11 -4 -12 -7 23 17 21 -16 -17 20 -18 27 -23 26 28 -25 -3 -1 -5 -21
right_child=1 14 3 24 5 13 -8 8 -10 -11 12 -13 -14 -15 15 18 19 -19 -20 29 -22 22 -24 25 -26 -27 -28 -29 -30 -31
leaf_value=-0.050135683495711049 -0.028303765210961097 0.032314976902702845 0.012184324221829017 -0.049802966413187794 0.0032040778432646504 0.048905859823006347 -0.0096239625330588642 0.0086180054261244549 -0.022362302145953819 -0.00030683772711414815 -0.0296138271353617 -0.0057895885827287177 0.00724558908151475 0.0023268000148301158 0.024272600069913705 0.001891434071806127 0.029172023440307511 0.0061072249069821479 0.032024873416192999 -0.020490614767385538 -0.018642171950708171 0.022531170171548782 -0.022641719593945134 0.013314126132164737 0.025535561415143626 0.042731180101506311 -0.044744408449037563 -0.018098045637825102 0.0043534528371644123 -0.060611737611415875
leaf_weight=37.632873708382249 57.849062629044056 2.8184747993946075 159.27952530607581 25.550903588533409 381.22071933746338 14.225224725902079 871.15348467975855 1097.9863356426358 50.68991694226861 388.91406052932143 33.842441208660603 1711.0692311711609 479.06736766919494 894.27852018177509 151.86916489899158 404.68295864760876 20.323170941323042 103.33929801732302 23.326980628073215 2.3928089700639239 13.35536068677902 8.6983430311083776 68.53239307180047 15.182656258344648 3.0545741617679587 46.426490994170308 4.0504569336771956 12.62621386349201 3.361139900982379 4.6312639787793159
leaf_count=492 257 22 743 237 1646 63 3752 4890 232 2053 320 7781 2200 3967 666 1868 139 480 115 18 75 56 438 107 14 338 25 115 20 36
internal_value=-3.03168e-06 0.0022431 -0.00392249 -0.00276439 0.000582018 -0.00202972 -0.00571913 0.00411939 0.00725088 -0.00393202 -0.0023064 -0.00425892 0.00481356 0.00305613 0.0105437 0.00853292 -0.0205527 0.0169171 0.00353374 0.000347791 0.0102111 -0.0272254 -0.017554 0.0306061 -0.0369097 0.0354818 -0.0131252 -0.0420871 -0.0435071 -0.0469441
internal_weight=7091.43 4508.01 2583.42 2415.23 3756.32 2160.88 1252.37 1595.44 1148.68 446.763 2383.26 1870.35 512.91 908.504 751.696 683.218 168.192 255.208 428.01 40.7026 33.6785 127.49 77.2307 68.4781 31.9666 61.6091 6.86893 50.2591 28.912 7.02407
internal_count=33165 20481 12684 11315 16860 9428 5398 7432 5122 2310 11044 8524 2520 4030 3621 3129 1369 1146 1983 268 214 1101 494 492 271 445 47 607 257 54
is_linear=0
shrinkage=0.05


Tree=61
num_leaves=29
num_cat=0
split_feature=4 24 4 24 7 18 17 12 24 4 24 7 4 36 44 7 22 25 16 36 21 5 24 10 24 4 15 7
split_gain=24.8462 27.1078 19.0518 20.734 16.3265 15.8776 13.869 12.64 10.8402 17.5004 10.0849 16.4093 11.5987 9.99257 9.99255 9.29395 6.58285 7.65407 6.38016 5.52791 7.90145 5.08326 7.29213 3.37702 0.0337151 0.0053405 0.00512584 0.000114126
threshold=0.72900000000000009 3.4310000000000005 1.8165000000000002 1.9675000000000002 0.20350000000000004 0.76388888888888895 0.38700000000000007 1.5000000000000002 4.205000000000001 1.0000000180025095e-35 1.2565000000000002 0.10900000000000001 2.5145000000000004 0.5375000000000002 0.42400000000000004 0.14900000000000002 0.63333333333333353 344.50000000000006 0.22900000000000004 0.52950000000000019 5.5000000000000009 1.9665000000000001 3.1365000000000007 15.500000000000002 4.7215000000000007 1.9835000000000003 -1.0409999999999997 0.8660000000000001
decision_type=2 2 2 2 2 2 2 2 2 2 2 2 2 2 2 2 2 2 2 2 2 2 2 2 2 2 2 2
left_child=6 2 3 5 -5 -2 8 25 9 23 12 -12 -4 18 -11 -15 21 -18 -9 20 -10 22 -8 -1 -21 26 -3 -27
right_child=1 7 10 4 -6 -7 16 13 19 14 11 -13 -14 15 -16 -17 17 -19 -20 24 -22 -23 -24 -25 -26 27 -28 -29
leaf_value=-0.058283361024603721 -0.012499666256666798 0.052567649665331388 -0.026074811210878575 0.0040912312712581963 -0.0021641388233130106 0.0032860071418063502 -0.041195037539883739 -0.0001381855675940616 0.054640253383720465 0.036786660043608234 0.023185824835453277 0.0047208739671246716 0.034835484119192149 0.035094989640963817 -0.0082153715535846182 0.011521557981709186 0.052602216638124567 -0.029778203093398178 0.013523799180216301 0.060828872907153546 -0.014204600502516714 -0.1012135939718655 0.0061167997285092278 0.0068566958451100101 0.054424050256174389 0.051939579540123161 0.05480482656597524 0.052429894825786728
leaf_weight=20.449004121124748 618.50576957501471 3.6270785592496404 39.919521674513817 1658.8652800247073 2810.1277631632984 214.55022734031081 51.12460844963789 224.36620542779565 6.2209487929940286 12.758495789021252 159.19313565641642 492.71607499569654 9.7183907143771631 62.08352068811655 371.94845788553357 128.04771949723363 4.7927168086171132 6.8487039692699909 138.02823608368635 4.1464365720748884 12.62795680016279 2.9182130992412558 9.6875878870487195 2.2041076682507983 4.0730428658425808 2.476601554080843 8.7060035169124603 2.2787835858762264
leaf_count=269 3119 79 230 7134 12259 1031 420 1136 93 61 882 2176 87 415 1756 724 24 36 748 32 80 16 41 25 61 70 109 52
internal_value=-3.25355e-06 0.000821458 -0.00016758 -0.00119214 0.00015782 -0.00843413 -0.0106368 0.0112457 -0.00720174 -0.00923771 0.00757572 0.00922993 -0.0141494 0.00993581 -0.00672292 0.019219 -0.030436 0.00413742 0.00506537 0.0234382 0.00851716 -0.0367515 -0.0336581 -0.0519453 0.0576551 0.053598 0.0541469 0.0521745
internal_weight=7083.01 6573.21 6003.6 5302.05 4468.99 833.056 509.8 569.614 434.428 407.36 701.547 651.909 49.6379 552.526 384.707 190.131 75.3718 11.6414 362.394 27.0684 18.8489 63.7304 60.8122 22.6531 8.21948 17.0885 12.3331 4.75539
internal_count=33165 30251 26918 23543 19393 4150 2914 3333 2377 2111 3375 3058 317 3023 1817 1139 537 60 1884 266 173 477 461 294 93 310 188 122
is_linear=0
shrinkage=0.05


Tree=62
num_leaves=28
num_cat=0
split_feature=14 13 13 24 39 22 18 14 8 15 30 2 13 14 14 30 34 44 32 10 44 39 7 13 39 21 3
split_gain=24.8331 21.938 17.8205 20.8275 17.3909 13.1632 12.0335 16.8557 11.2288 10.9113 10.6087 8.63317 9.13877 8.24477 6.83763 5.63132 6.44486 7.00384 5.03353 5.97484 2.69266 2.5566 3.7235 2.55231 0.642775 0.562915 0.238509
threshold=0.55800000000000016 1.9665000000000001 0.68600000000000005 3.2855000000000003 2.7315000000000005 -0.96666666666666645 0.76388888888888895 0.40600000000000008 0.18333333333333332 2.5500000000000003 1.6200000000000003 29.500000000000004 2.4905000000000004 1.4565000000000003 1.0000000180025095e-35 1.5885000000000002 0.39200000000000007 0.49900000000000005 0.38250000000000006 1.5000000000000002 0.47650000000000003 2.5780000000000007 0.28300000000000008 0.57400000000000007 2.4895000000000005 -6.4999999999999991 0.7965000000000001
decision_type=2 2 2 2 2 2 2 2 2 2 2 2 2 2 2 2 2 2 2 2 2 2 2 2 2 2 2
left_child=6 2 8 4 -4 24 15 9 23 14 -5 12 -7 -10 -8 16 -1 -18 -9 -20 -11 25 -23 -2 -3 -17 -26
right_child=1 5 3 10 -6 11 7 18 13 20 -12 -13 -14 -15 -16 21 17 -19 19 -21 -22 22 -24 -25 26 -27 -28
leaf_value=0.055201556332680826 -0.060025471641332401 0.026820246085423924 -0.0001863237149655465 0.0055160747474054849 -0.016971144923107095 0.0054827638910094978 -0.052971903338796304 -0.032394963634370291 -0.014753034734508636 -0.004464909039837513 0.021430137193023543 0.057277742458315441 0.025772586157246608 -0.0020474343765505159 -0.015559328538347808 -0.085828173889414355 -0.036207761044187742 -0.0030269306637489349 0.0033626378981300832 0.041006931008059543 0.056179136572260868 0.0060156375170752965 -0.063684514753645435 -0.02764851118118828 0.071395775065796571 -0.061903332097876566 0.055228571419927097
leaf_weight=2.4878174047917119 10.878287497907879 1.8011212050914753 4800.5475105084479 660.71486838907003 159.44840329512954 489.43001641146839 22.044059991836548 4.6764301583170882 220.90130384452641 3.0453507788479319 124.44740764796734 8.9533959627151471 62.594983398914337 302.5646132491529 27.383344225585461 3.7219107598066339 54.709412232041359 22.42175318300724 20.975143790245056 21.188571982085705 4.587979931384325 3.4669087156653395 4.2836732119321823 13.820003561675547 2.873445536941289 7.24324705451727 11.069311585277317
leaf_count=17 90 27 20985 3401 686 2318 229 23 1295 26 706 39 360 1609 138 16 400 183 101 102 51 21 31 82 17 52 160
internal_value=-2.99174e-06 0.000505349 -0.000349978 0.000471876 -0.000725903 0.00983887 -0.0172716 -0.00540624 -0.0089636 -0.0236525 0.00803844 0.0085734 0.00778346 -0.00740917 -0.0322449 -0.0298086 -0.0240074 -0.0265622 0.0168214 0.0222801 0.0319849 -0.0544875 -0.032507 -0.0419088 0.0549293 -0.0700242 0.0585605
internal_weight=7072.28 6870.04 6293.32 5745.16 4960 576.722 202.236 103.901 548.164 57.0607 785.162 560.978 552.025 523.466 49.4274 98.3347 79.619 77.1312 46.8401 42.1637 7.63333 18.7157 7.75058 24.6983 15.7439 10.9652 13.9428
internal_count=33165 31775 28854 25778 21671 2921 1390 670 3076 444 4107 2717 2678 2904 367 720 600 583 226 203 77 120 52 172 204 68 177
is_linear=0
shrinkage=0.05


Tree=63
num_leaves=30
num_cat=0
split_feature=14 4 3 28 4 17 7 14 34 4 39 4 14 44 26 3 22 26 3 33 14 4 9 15 3 37 3 39 11
split_gain=22.9072 23.8899 21.0406 19.4929 15.3064 15.4445 15.1187 11.8209 11.3105 10.6219 9.10118 8.14749 10.6644 12.6903 7.9123 6.21325 6.14553 5.44426 5.3623 3.51228 2.86574 7.6184 7.30036 2.51181 1.67181 1.72977 1.14811 0.659184 0.0365938
threshold=0.60350000000000004 1.7925000000000002 1.1060000000000001 0.37100000000000005 0.95750000000000013 0.046500000000000007 0.064500000000000016 0.82500000000000007 0.35950000000000004 0.89850000000000019 2.3810000000000007 2.5145000000000004 0.26150000000000007 0.51900000000000013 0.20600000000000002 1.8440000000000003 -0.81666666666666654 0.21850000000000003 0.54000000000000015 0.24150000000000002 0.46900000000000003 0.66100000000000014 1.9110000000000003 1.4900000000000002 1.8305000000000002 0.43450000000000005 1.0000000180025095e-35 2.4895000000000005 7.5000000000000009
decision_type=2 2 2 2 2 2 2 2 2 2 2 2 2 2 2 2 2 2 2 2 2 2 2 2 2 2 2 2 2
left_child=9 2 3 10 7 -6 16 -4 -5 20 -2 12 14 -14 -11 17 27 -8 -18 -17 21 28 -23 -13 25 -22 -25 -3 -1
right_child=1 6 4 8 5 -7 15 -9 -10 11 -12 23 13 -15 -16 19 18 -19 -20 -21 24 22 -24 26 -26 -27 -28 -29 -30
leaf_value=-0.052654321948960248 0.034992781336248384 0.026071957018248146 -0.023576856040172588 0.021904294832870506 0.018584971327979836 0.0026940263928985904 0.010580169400026512 -0.0019487653798731818 -0.0024577545553013157 -0.0073085006071502536 -0.013535063633114694 -0.012431709344163301 -0.012119671444201346 0.033847688107648197 -0.054644577052076204 -0.0013580780731754529 -0.0049912160319829568 0.0008848260100311478 0.025320092748495612 0.055516158933987973 -0.018077764400102555 -0.031379637446514612 0.077849529561728414 0.029018106513693548 -0.079667562562821273 -0.055690554946816975 0.06711805468832667 0.058638402010967178 -0.059486372950035449
leaf_weight=3.7040827553719264 9.8379905968904477 1.7612038627266873 66.988550528883934 49.254004962742329 162.1334587931633 2685.6620377711952 251.90234358608723 1110.0705181509256 1456.0800801683217 14.081315353512762 539.32736987061799 2.4111135751008979 152.2979005407542 16.65673465654254 23.662542391568422 3.7834905721247187 17.215577438473701 340.53729718923569 95.703484075143933 9.6080686189234239 4.2398707941174534 3.3890899047255516 2.7881790772080421 4.4987599514424783 4.5762567818164817 10.953959520906208 3.5279314257204533 13.19720392860472 4.1624333560466766
leaf_count=109 52 27 318 213 988 11765 1101 5073 6710 111 2778 11 768 86 229 36 86 1535 565 102 28 27 18 59 22 111 27 177 33
internal_value=-3.04363e-06 0.00054341 -0.000485173 -0.00460228 0.00161642 0.00359875 0.00906603 -0.00317966 -0.00166064 -0.0148387 -0.0126657 -0.0107794 -0.0129558 -0.00758789 -0.0369846 0.00576852 0.0246883 0.00500724 0.0206988 0.0394476 -0.0409061 -0.0236357 0.0179222 0.0323209 -0.0531742 -0.0451946 0.045764 0.054804 -0.0562694
internal_weight=7064.01 6813.06 6079.35 2054.5 4024.85 2847.8 733.709 1177.06 1505.33 250.95 549.165 217.136 206.698 168.955 37.7439 605.831 127.877 592.44 112.919 13.3916 33.8139 14.0438 6.17727 10.4378 19.7701 15.1938 8.02669 14.9584 7.86652
internal_count=33165 31526 27897 9753 18144 12753 3629 5391 6923 1639 2830 1291 1194 854 340 2774 855 2636 651 138 348 187 45 97 161 139 86 204 142
is_linear=0
shrinkage=0.05


Tree=64
num_leaves=28
num_cat=0
split_feature=3 4 8 1 24 21 4 22 13 15 40 17 13 59 5 6 33 3 9 24 22 18 15 8 17 44 13
split_gain=21.6494 23.0741 20.3114 20.2726 16.8966 15.9799 15.6763 14.7961 13.3219 12.8545 12.5775 12.2677 12.2323 11.249 10.9872 10.8224 9.67986 8.75436 8.65102 8.32221 6.0484 5.78789 5.54059 8.74084 2.91673 1.78986 0.865389
threshold=0.71700000000000008 1.2245000000000001 0.36666666666666675 3.5000000000000004 3.1010000000000004 1.0000000180025095e-35 0.72900000000000009 0.36666666666666664 0.69400000000000006 -1.1634999999999998 0.77450000000000008 0.38700000000000007 1.2890000000000004 27.500000000000004 -0.59649999999999992 0.14900000000000002 0.16950000000000004 0.34150000000000008 1.0425000000000002 1.6665000000000003 0.29999999999999999 1.0000000180025095e-35 1.0000000180025095e-35 0.12222222222222222 0.28300000000000008 0.51150000000000018 0.89600000000000013
decision_type=2 2 2 2 2 2 2 2 2 2 2 2 2 2 2 2 2 2 2 2 2 2 2 2 2 2 2
left_child=9 2 5 8 10 15 11 -8 20 21 -5 -4 -6 14 17 -2 -7 -11 -16 -10 -3 -1 24 -24 -15 26 -23
right_child=1 3 6 4 12 16 7 -9 19 13 -12 -13 -14 22 18 -17 -18 -19 -20 -21 -22 25 23 -25 -26 -27 -28
leaf_value=0.01170718070998439 -0.043104576132508531 -0.040978217813838452 -0.0057434715114117151 0.0025530724824378505 0.0071055623668758797 -0.048061800745597898 -0.0016834354836025263 0.0070981405928777679 -0.00073228005146583992 -0.019174581417650386 -0.0088152105669609699 -0.029108140355521894 0.0265224847093668 -0.068006834425610604 -0.032250355786599738 -0.0010936413496072082 -0.018378679234222952 0.00034229754869035745 -0.0033189492501665705 0.030917619739991999 0.021708212712468714 -0.059894071404075148 0.045352084767841992 -0.034096089912703693 -0.023637741730017935 -0.027926239956958511 -0.088172940661210786
leaf_weight=3.4397608749568489 16.528839901089668 11.782524928450586 404.94921538792551 2471.0794360861182 307.20076386258006 34.466369308531284 1535.3175254203379 697.62470173090696 24.949967991560698 67.16700554266572 269.87292890995741 65.230139195919037 110.21217425167561 12.247468441724779 62.463135631754994 211.34396136552095 135.22050642967224 397.45094692707062 44.067580411210656 123.97045209631324 5.7141349464654914 10.021017432212831 4.4884347170591381 15.13854645937681 5.309920258820056 3.6017326004803172 3.7058389633893958
leaf_count=21 174 68 2181 10572 1469 184 6856 3309 123 531 1154 375 707 62 490 971 598 1882 303 880 34 69 19 68 28 21 16
internal_value=-3.09903e-06 0.000863596 -0.00223906 0.00375712 0.00286091 -0.0127913 -0.000687099 0.00106014 0.020766 -0.00885528 0.00143376 -0.00898496 0.0122323 -0.00753469 -0.00579984 -0.00414092 -0.0244078 -0.00247914 -0.0202826 0.025615 -0.0205058 -0.0475371 -0.0341819 -0.0159273 -0.0545882 -0.0592972 -0.0675285
internal_weight=7054.57 6425.46 3100.68 3324.78 3158.37 397.56 2703.12 2232.94 166.417 629.101 2740.95 470.179 417.413 608.333 571.149 227.873 169.687 464.618 106.531 148.92 17.4967 20.7683 37.1844 19.627 17.5574 17.3286 13.7269
internal_count=33165 29655 14648 15007 13902 1927 12721 10165 1105 3510 11726 2556 2176 3383 3206 1145 782 2413 793 1003 102 127 177 87 90 106 85
is_linear=0
shrinkage=0.05


Tree=65
num_leaves=28
num_cat=0
split_feature=14 13 8 4 4 4 4 10 15 3 11 10 28 33 40 3 11 7 43 43 3 43 2 2 43 36 2
split_gain=21.1829 22.7586 18.3413 32.2688 18.2831 15.1468 13.3124 13.3924 12.6025 12.4606 12.4312 11.4344 12.4252 10.842 10.2595 9.94911 9.55872 9.42443 9.12036 8.38167 7.88059 7.37589 4.31798 7.25881 4.22968 2.40725 1.41893
threshold=0.95350000000000013 1.4565000000000003 0.36666666666666675 1.2455000000000003 0.66100000000000014 1.7290000000000003 0.88700000000000012 7.5000000000000009 0.37700000000000006 0.95350000000000013 1.0000000180025095e-35 3.5000000000000004 0.73850000000000005 0.16600000000000004 0.79000000000000015 1.268 3.5000000000000004 0.39650000000000007 0.74950000000000017 0.7875000000000002 1.1960000000000002 0.73050000000000004 16.500000000000004 5.5000000000000009 0.71150000000000013 0.36350000000000005 2.5000000000000004
decision_type=2 2 2 2 2 2 2 2 2 2 2 2 2 2 2 2 2 2 2 2 2 2 2 2 2 2 2
left_child=4 2 3 13 22 9 7 -4 -5 19 -8 14 18 -2 15 -6 26 -11 -13 -3 -16 -18 23 25 -25 -1 -7
right_child=1 5 6 8 11 16 10 -9 -10 17 -12 12 -14 -15 20 -17 21 -19 -20 -21 -22 -23 -24 24 -26 -27 -28
leaf_value=0.010779856301102347 -0.040503564077816016 -0.0056904032485390749 0.016177350484514595 -0.0022092711249637026 -0.0044760790269853887 0.054303366180451652 0.034794463045732069 -0.007307760263282676 0.050487897421784146 0.0082980751832894602 0.0028891920449273375 -0.015527547841678794 0.078893723517105496 -0.016006741598068662 -0.0010136929749009072 0.0074038006171981662 0.005086538053526846 -0.0062654997748441965 -0.0020037094511195729 0.043302816197748943 -0.070574332859467667 0.02208718590928219 -0.073556098794467215 -0.062222733495691178 -0.0014502471006024339 -0.056238262999570278 0.0083006770807193386
leaf_weight=1.4423213656991745 57.906171541661024 325.31856842339039 67.835720494389534 913.85580394044518 430.0698549747467 18.235115775838498 30.97484290972352 577.36458813771605 11.488127574324606 977.84831364452839 2126.6706192865968 346.39557907171547 3.9011416360735884 205.32836225070059 7.3575235828757313 298.60242003947496 118.30804829671979 125.32294745743275 194.76145019009709 8.9704051464796049 9.1170435249805433 138.4779862947762 6.4651741236448279 3.3567969873547581 19.466278344392776 18.870907107368112 1.8459176756441582
leaf_count=25 351 1397 302 4090 2016 301 323 2962 48 4397 9476 1752 19 1061 35 1298 591 565 981 41 38 685 33 17 108 237 16
internal_value=-3.28382e-06 0.00132524 -0.000744274 -0.00594911 -0.00566099 0.00614364 0.0014629 -0.00483856 -0.00155504 0.00408102 0.00334722 -0.00451577 -0.0100194 -0.0213955 -0.000489999 0.000392174 0.0168526 0.00664362 -0.0106603 -0.00437571 -0.0395086 0.0142545 -0.03545 -0.0297387 -0.0103886 -0.0514797 0.0500746
internal_weight=7045.56 5705.75 3991.42 1188.58 1339.81 1714.33 2802.85 645.2 925.344 1437.46 2157.65 1290.21 545.058 263.235 745.147 728.672 276.867 1103.17 541.157 334.289 16.4746 256.786 49.6015 43.1363 22.8231 20.3132 20.081
internal_count=33165 26606 18613 5550 6559 7993 13063 3264 4138 6400 9799 6139 2752 1412 3387 3314 1593 4962 2733 1438 73 1276 420 387 125 262 317
is_linear=0
shrinkage=0.05


Tree=66
num_leaves=30
num_cat=0
split_feature=13 14 4 8 15 4 2 39 8 3 4 14 14 22 3 14 5 10 23 41 40 40 2 2 20 59 28 32 41
split_gain=20.2218 20.1211 17.7538 28.1886 22.2284 16.6826 14.3494 16.5847 13.2216 11.9294 9.18268 12.7182 7.36442 9.59502 6.4246 6.41087 6.05973 8.50462 6.4767 5.85789 5.69043 4.50362 3.931 5.79393 2.68888 2.57182 4.3746 0.95027 0.497303
threshold=0.50850000000000006 0.95350000000000013 1.4790000000000003 0.36666666666666675 0.26800000000000007 0.66100000000000014 2.5000000000000004 2.6930000000000005 0.76388888888888895 1.2405000000000002 2.0785000000000005 0.26150000000000007 2.2035000000000005 0.8500000000000002 0.98350000000000015 1.5965000000000003 -0.71699999999999986 13.500000000000002 0.42099999999999999 0.46450000000000008 0.77350000000000019 0.71650000000000003 16.500000000000004 5.5000000000000009 -13.499999999999998 3.5000000000000004 0.39050000000000007 0.32200000000000006 0.46450000000000008
decision_type=2 2 2 2 2 2 2 2 2 2 2 2 2 2 2 2 2 2 2 2 2 2 2 2 2 2 2 2 2
left_child=9 5 3 4 -3 22 14 -8 -5 16 11 -7 13 15 -4 -11 17 28 -19 -14 -12 -21 23 -2 -15 27 -27 -18 -1
right_child=1 2 6 8 -6 10 7 -9 -10 12 20 -13 19 24 -16 -17 25 18 -20 21 -22 -23 -24 -25 -26 26 -28 -29 -30
leaf_value=-0.031935744471840243 -0.052891026699450797 -0.01350176685361122 -0.00037764482484261533 0.00052813724421191645 0.0040800348598587673 -0.036365935547352672 0.0073384666640867319 -0.0072139566923037114 0.0087285636184928472 -0.015068692772222524 0.018911336174401439 -0.0041771235763154299 -0.036973890056900383 -0.015118877882440089 0.039470362133321654 0.0099064719544680671 -0.010394852900256739 -0.020650899123557904 0.041432749848628353 -0.0032273939863131764 -0.028657460654209599 0.049024206543930825 -0.072043500782915812 -0.012903887292249214 -0.061030973338736375 -0.038154025090526823 0.020168674014183305 -0.058333534673679091 -0.060854542274126115
leaf_weight=2.005167011171582 15.344845326617358 586.24195473268628 13.037193339318035 2367.8495883792639 259.28058839589357 31.507554601877928 1368.9393826313317 228.45714883506298 620.29754304513335 70.124740561470389 60.329405933618546 1178.4863587468863 3.7431533113122013 4.4751193113625041 45.130821269005537 40.553951367735863 1.1008026022464061 8.5295823253691214 8.2776860371232015 6.1877450905740288 7.018347591161727 12.363660573959349 6.2756765410304061 22.113655567169189 11.096558403223751 31.431038031354547 3.5815316997468463 16.970758330076933 5.7486279495060444
leaf_count=25 133 2831 70 10526 1123 297 6100 1040 3010 345 329 5348 37 32 499 181 21 62 39 51 37 127 33 121 127 210 27 330 54
internal_value=-3.35847e-06 0.00048513 0.00181841 -5.02318e-05 -0.00811028 -0.00505481 0.00614548 0.0052572 0.00223043 -0.0147112 -0.00401514 -0.0050153 -0.00640941 -0.0110878 0.0305392 -0.0059175 -0.0305935 -0.0100583 0.00992569 0.0200833 0.0139542 0.0315959 -0.0354203 -0.0292846 -0.0478364 -0.0400947 -0.032188 -0.0554134 -0.053376
internal_weight=7036.5 6810.31 5489.23 3833.67 845.523 1321.08 1655.56 1597.4 2988.15 226.19 1277.34 1209.99 148.545 126.25 58.168 110.679 77.6452 24.5611 16.8073 22.2946 67.3478 18.5514 43.7342 37.4585 15.5717 53.0841 35.0126 18.0716 7.75379
internal_count=33165 31497 25199 17490 3954 6298 7709 7140 13536 1668 6011 5645 900 685 569 526 768 180 101 215 366 178 287 254 159 588 237 351 79
is_linear=0
shrinkage=0.05


Tree=67
num_leaves=29
num_cat=0
split_feature=24 13 4 8 7 39 22 24 4 24 13 22 1 8 42 4 26 44 27 13 30 42 27 39 15 24 30 40
split_gain=19.5482 21.9973 17.5824 21.2794 15.7488 15.3996 13.788 13.3257 9.11413 8.90844 8.10454 8.19755 7.22819 7.20952 6.74786 9.16532 8.79329 5.37872 4.86625 4.4848 4.32171 4.11743 3.62351 2.52342 2.21312 1.09329 0.876468 0.791968
threshold=3.9185000000000003 0.50850000000000006 1.4790000000000003 0.23611111111111113 0.63050000000000017 2.6930000000000005 -0.19999999999999993 2.9180000000000006 0.88700000000000012 3.3650000000000007 1.0000000180025095e-35 0.23611111111111108 5.5000000000000009 0.51666666666666672 0.27550000000000008 0.83650000000000013 0.66400000000000015 0.50300000000000011 0.27350000000000008 1.0000000180025095e-35 1.4395000000000002 0.28450000000000003 0.17450000000000002 2.4510000000000005 -2.1834999999999996 3.3285000000000005 1.3475000000000004 0.79000000000000015
decision_type=2 2 2 2 2 2 2 2 2 2 2 2 2 2 2 2 2 2 2 2 2 2 2 2 2 2 2 2
left_child=1 10 3 6 -5 7 -3 -4 14 -7 25 21 23 -13 15 16 -2 18 -14 24 -19 -12 -21 -10 -16 26 -1 -25
right_child=8 2 5 4 -6 9 -8 -9 12 -11 11 13 17 -15 19 -17 -18 20 -20 22 -22 -23 -24 27 -26 -27 -28 -29
leaf_value=-0.0083174142345851295 0.0082499433220671586 -0.0084836713993847353 0.003885316858587218 -0.00043156825064763076 -0.034365037191460023 -0.008717778325380959 -0.032833678044494538 0.017000648873518615 -0.020428111847750504 0.036301662876178413 -0.036940707278749665 0.013432940540356772 0.012963787537836668 -0.014374876112983529 0.023982904825548951 -0.089302439683449475 -0.040967813400574503 -0.014659496997910214 -0.046837067218781163 -0.016129504846014685 0.043353975006978338 0.00079860810769369339 0.039366648244570229 0.052907000390928563 -0.053426251923174323 -0.024868324861588617 -0.058660615695712473 0.010158516589382799
leaf_weight=0.92374644801020878 43.386705536395311 304.58552665263414 1614.4632892645895 4102.7909734211862 34.479768104851246 278.508534938097 71.849461454898119 220.07464119046926 1.3024093303829456 11.439936276525257 42.9013283085078 32.313591400161386 59.625912811607122 83.6384122595191 1.437396492809057 3.1840586885809889 11.475261449813841 3.6921511292457607 3.6077154576778403 3.4374362379312542 24.59540618956089 8.6915407963097078 20.380054224282503 23.816134890541438 2.5818104892969158 3.6700726449489585 13.49323779158294 1.1350797433406103
leaf_count=20 351 1513 7186 18283 285 1259 355 1134 20 68 330 170 438 417 20 19 77 24 26 18 190 67 128 419 45 19 265 19
internal_value=-3.66269e-06 -0.000459237 1.54873e-05 -0.00174992 -0.000714368 0.00376629 -0.0131313 0.00545866 0.015261 -0.00694153 -0.0174354 -0.0140028 0.0242934 -0.00662537 0.00287443 -0.00683118 -0.00204474 0.0176592 0.00955192 0.0231129 0.0357819 -0.030583 0.0313572 0.0474207 -0.0257423 -0.0492326 -0.055435 0.0509623
internal_weight=7027.48 6823.82 6638.19 4513.71 4137.27 2124.49 376.435 1834.54 203.658 289.948 185.632 167.545 117.775 115.952 85.8827 58.046 54.862 91.5212 63.2336 27.8367 28.2876 51.5929 23.8175 26.2536 4.01921 18.0871 14.417 24.9512
internal_count=33165 31371 30083 20436 18568 9647 1868 8320 1794 1327 1288 984 1136 587 658 447 428 678 464 211 214 397 146 458 65 304 285 438
is_linear=0
shrinkage=0.05


Tree=68
num_leaves=26
num_cat=0
split_feature=4 24 13 17 22 10 24 13 40 1 44 30 44 37 24 41 26 21 33 40 37 26 35 24 44
split_gain=18.2861 22.9621 17.0809 16.6661 21.2786 12.301 11.7858 11.0417 9.67138 8.63412 7.97431 9.06342 6.44888 7.75112 7.6803 7.38031 6.54426 4.77383 4.77367 4.06559 2.66333 2.50941 1.99714 0.0169578 0.000400718
threshold=0.40600000000000008 3.9185000000000003 0.68600000000000005 0.20350000000000004 0.25833333333333336 12.500000000000002 4.666500000000001 2.2040000000000006 0.7400000000000001 5.5000000000000009 0.50100000000000011 1.6245000000000001 0.44250000000000006 0.51950000000000018 3.1255000000000002 0.51300000000000012 0.34350000000000008 11.500000000000002 0.19300000000000003 0.71500000000000008 0.66300000000000014 0.54800000000000015 0.60300000000000009 5.5360000000000005 0.47450000000000003
decision_type=2 2 2 2 2 2 2 2 2 2 2 2 2 2 2 2 2 2 2 2 2 2 2 2 2
left_child=6 2 5 7 -5 17 12 -4 -7 20 11 -11 16 15 -15 -14 -1 -2 -12 -8 22 -18 -3 -21 -25
right_child=1 9 3 4 -6 8 19 -9 -10 10 18 -13 13 14 -16 -17 21 -19 -20 23 -22 -23 -24 24 -26
leaf_value=-0.060180608950438599 -0.031416017674541198 -0.0074633325745722861 0.0028609495657957625 -0.0037413494083655546 0.0049639897908129215 0.00043777573772856406 -0.020395539974631283 0.017157258078735568 -0.015569576685034095 0.00067819502591559588 -0.021557805684001684 0.047842002543603546 -0.056456563102951066 -0.035393971379758311 0.0075184251963360859 0.0025064260659301246 0.08647177684452545 0.019986104279091248 0.036825534542628734 0.058938332336909476 -0.032803747619507627 0.016793398309165614 0.050059656528840715 0.053944953212785307 0.052934029822639665
leaf_weight=1.9342599920928467 69.240447908639908 1.6040159352123797 2371.8800045996904 2830.0046416092664 933.50756760686636 239.8222092371434 2.498272377997635 143.21535135060549 155.57129940204322 92.637310411781073 3.8490824438631526 11.444695066660641 32.987698048353195 23.194414846599102 18.942080970853567 6.3245813529938451 2.3054062277078629 4.8321760296821585 38.735848482698202 1.8704081736505029 1.0975205153226841 2.940009031444788 25.451955769211054 1.4571744501590727 2.9951216205954552
leaf_count=22 504 32 10688 12749 4075 1194 27 798 751 604 23 98 273 240 119 60 22 23 290 17 14 21 438 24 59
internal_value=-3.31484e-06 0.000299444 -0.000164043 0.000523826 -0.00158206 -0.00936356 -0.0215116 0.00367501 -0.00586047 0.0181901 0.0133217 0.00586425 -0.0269973 -0.0310017 -0.0161031 -0.0469706 0.0184299 -0.0280628 0.0315485 0.0336058 0.043552 0.0474177 0.0466494 0.0549432 0.0532649
internal_weight=7020.34 6922.89 6748.07 6278.61 3763.51 469.466 97.4494 2515.1 395.394 174.82 146.667 104.082 88.6285 81.4488 42.1365 39.3123 7.17968 74.0726 42.5849 8.82098 28.1535 5.24542 27.056 6.3227 4.4523
internal_count=33165 32281 30782 28310 16824 2472 884 11486 1945 1499 1015 702 757 692 359 333 65 527 313 127 484 43 470 100 83
is_linear=0
shrinkage=0.05


Tree=69
num_leaves=31
num_cat=0
split_feature=14 32 24 7 17 8 16 14 15 9 15 24 19 8 17 14 14 22 35 33 7 44 33 21 7 5 34 36 27 44
split_gain=18.4152 17.0511 16.0607 15.4417 15.257 12.7844 8.51953 8.27247 9.61236 8.25907 11.759 11.4688 9.0167 8.48474 12.1385 7.23088 6.40274 5.24664 7.39189 5.35746 5.24613 7.92446 6.75015 4.94575 5.60087 4.69691 3.43514 2.8732 0.975807 0.753173
threshold=0.55800000000000016 0.39650000000000007 4.3335000000000008 0.44200000000000006 0.15200000000000002 1.0000000180025095e-35 0.53700000000000014 0.40600000000000008 2.5500000000000003 0.89100000000000013 -1.0409999999999997 2.5335000000000005 0.31000000000000005 0.25833333333333336 0.070000000000000021 0.98350000000000015 1.0000000180025095e-35 -0.49166666666666659 0.68050000000000022 0.33850000000000008 0.27100000000000007 0.49550000000000005 0.28250000000000003 5.5000000000000009 0.17300000000000001 -1.4904999999999997 0.39200000000000007 0.5465000000000001 0.29550000000000004 0.5445000000000001
decision_type=2 2 2 2 2 2 2 2 2 2 2 2 2 2 2 2 2 2 2 2 2 2 2 2 2 2 2 2 2 2
left_child=6 9 3 5 -5 -3 20 8 16 10 12 -12 -2 14 -11 -15 -8 19 -19 -9 21 26 -23 29 -25 -22 -1 -10 -27 -4
right_child=1 2 23 4 -6 -7 7 17 27 13 11 -13 -14 15 -16 -17 -18 18 -20 -21 25 22 -24 24 -26 28 -28 -29 -30 -31
leaf_value=0.016623485258022829 0.046439421187601804 0.021415407709794734 0.051056851437995203 0.013180875364509246 -0.015406709243734716 0.0017585045985879209 -0.051140563408325457 0.0055760920531970626 0.04882340665505 0.057852607855043287 0.0012297176639851496 0.028927350141357101 -0.038183894157484868 -0.016699767301882436 -0.024576738885733623 -0.0035956577734587063 -0.016362529626310244 -0.053713655417890832 0.0013843179610492239 0.050133904170454428 0.0077077480983996118 0.053646510053166702 -0.034955200428278869 -0.00042767680401781141 0.04130519517481205 -0.060527747976831192 -0.043977810471360929 -0.024605890479116963 -0.031745353372595549 0.0088039529501262662
leaf_weight=2.7251964770257535 3.5794139504432705 84.115206774324179 18.909793511033062 58.256642734631896 234.69528337009251 4971.8942969832569 20.068298127502203 30.417133770883083 5.7725586704909793 4.6898337900638571 282.63807094097137 43.069705797359347 26.105280200019479 120.28623114898801 93.680534884333611 843.43977384082973 38.861603647470474 7.9159895330667487 26.350524194538593 8.6686558052897436 3.2946646139025715 5.8315565995872003 3.4047231581062078 19.039080299437046 13.916044265031813 19.370022680610422 16.475689582526684 1.7318738363683222 3.4727071449160567 1.1169808972626913
leaf_count=17 19 516 358 281 1233 22194 231 149 57 20 1406 191 140 620 440 4052 208 37 128 45 19 43 25 162 122 235 122 21 53 21
internal_value=-3.04952e-06 0.000429477 0.0017102 0.00143887 -0.00972176 0.00208553 -0.0151788 -0.00863797 -0.021419 -0.00445128 0.00214659 0.00489229 -0.0279799 -0.00665902 -0.0206469 -0.00523123 -0.028206 0.00293765 -0.011344 0.0154584 -0.0319325 -0.0170704 0.0209857 0.0291037 0.017195 -0.0481024 -0.0353766 0.0318774 -0.0561521 0.0487002
internal_weight=7013.79 6819.43 5401.94 5348.96 292.952 5056.01 194.361 139.787 66.4343 1417.49 355.392 325.708 29.6847 1062.1 98.3704 963.726 58.9299 73.3523 34.2665 39.0858 54.5746 28.4372 9.23628 52.9819 32.9551 26.1374 19.2009 7.50443 22.8427 20.0268
internal_count=33165 31775 24887 24224 1514 22710 1390 876 517 6888 1756 1597 159 5132 460 4672 439 359 165 194 514 207 68 663 284 307 139 78 288 379
is_linear=0
shrinkage=0.05


Tree=70
num_leaves=28
num_cat=0
split_feature=4 24 13 14 7 14 36 24 23 1 40 24 23 16 4 8 22 41 22 14 24 39 24 36 17 39 34
split_gain=17.3173 18.5717 16.836 19.3016 16.9726 11.8834 8.58285 8.33747 10.1527 7.89304 7.59129 7.57143 6.99648 6.51138 6.09207 5.8532 5.79443 4.35657 3.67259 2.84756 7.78501 2.51372 1.32304 1.53869 1.17288 0.823379 0.797914
threshold=0.85950000000000004 3.9185000000000003 2.5120000000000005 0.34850000000000009 0.27450000000000008 0.60350000000000004 0.56150000000000022 4.0015000000000009 0.3755 5.5000000000000009 0.75500000000000012 2.2880000000000007 0.15399999999999997 0.64500000000000013 0.88700000000000012 0.14999999999999999 -0.92499999999999982 0.52750000000000019 -0.40833333333333327 0.46900000000000003 1.651 2.4510000000000005 2.3745000000000007 0.5655 0.23650000000000002 2.7475000000000005 0.42650000000000005
decision_type=2 2 2 2 2 2 2 2 2 2 2 2 2 2 2 2 2 2 2 2 2 2 2 2 2 2 2
left_child=5 2 3 16 -5 19 11 8 -8 21 18 12 -7 -13 -11 -12 -2 -16 -4 20 26 -3 23 -21 -9 -23 -1
right_child=1 9 10 4 -6 6 7 24 -10 14 15 13 -14 -15 17 -17 -18 -19 -20 22 -22 25 -24 -25 -26 -27 -28
leaf_value=-0.0090824075327624564 -0.059068492109450303 -0.022062569231987232 0.027982895444488998 0.0026206784264544789 -0.0030195895839023787 -0.015210728151919367 0.009972527471194495 0.058240178261869835 -0.011992741904753742 -0.06750421181779917 0.049024680997733827 -0.0066985916858169174 -0.052362617007631729 0.028131029224173085 0.01290894155850417 -0.032179078006800893 -0.020409284507660927 0.053460592390549268 0.059609935303467657 -0.054314984030715469 0.031269731277445083 0.052258643263002807 -0.076949426959213363 -0.018174247912625469 0.016094439264135712 0.0070424283443304234 -0.05652929393737445
leaf_weight=1.0228738300502316 13.051677837967871 1.2720249462872768 25.434371434152123 3763.3310584016144 2066.032582918182 81.354722427204251 131.4053033683449 7.4364340119063836 87.729582566767931 2.2289025783538809 3.1525620333850366 592.63739231973886 15.010499032214282 13.729733448475598 81.99957923963666 7.4947816208004951 37.661957694217563 7.2051576599478713 14.36215538531542 9.5571950674057025 4.757976159453392 21.713183453306559 3.6707789003849021 4.2568483948707572 2.1217707693576813 1.0557734984904517 6.6265177950263023
leaf_count=18 174 20 212 16747 9424 513 585 84 435 14 39 2817 195 64 621 44 251 57 72 109 36 419 19 29 16 19 132
internal_value=-3.2305e-06 0.000987906 0.00060122 0.00035447 0.000621665 -0.00623677 -0.00524088 0.00317269 0.00117884 0.0208473 0.029364 -0.00797894 -0.0209978 -0.00590996 0.0141442 -0.00813553 -0.0303586 0.0161843 0.0393968 -0.0372683 -0.0189486 0.0463406 -0.0502681 -0.0431781 0.0488845 0.050162 -0.0501847
internal_weight=7007.31 6046 5930.52 5880.08 5829.36 961.318 931.425 228.693 219.135 115.475 50.4439 702.732 96.3652 606.367 91.4336 10.6473 50.7136 89.2047 39.7965 29.8922 12.4074 24.041 17.4848 13.814 9.5582 22.769 7.64939
internal_count=33165 28113 26963 26596 26171 5052 4709 1120 1020 1150 367 3589 708 2881 692 83 425 678 284 343 186 458 157 138 100 438 150
is_linear=0
shrinkage=0.05


Tree=71
num_leaves=28
num_cat=0
split_feature=4 24 13 39 14 14 39 24 24 1 44 30 4 4 13 28 25 39 21 33 37 39 21 34 30 44 10
split_gain=16.3324 18.8447 15.2366 17.537 16.1604 16.1528 12.9014 11.1485 10.101 7.91057 7.32206 8.523 6.04202 5.95904 8.13763 10.5951 9.75531 5.18536 5.58931 4.44221 2.57975 2.06825 2.00554 1.7857 0.000218494 8.17653e-05 3.13651e-05
threshold=0.40600000000000008 3.9185000000000003 1.5250000000000001 2.5845000000000007 0.92450000000000021 0.70500000000000007 2.7315000000000005 2.7335000000000007 4.666500000000001 5.5000000000000009 0.50100000000000011 1.6245000000000001 1.8365000000000002 1.0000000180025095e-35 0.81350000000000011 0.21050000000000002 343.50000000000006 2.6730000000000005 3.5000000000000004 0.19300000000000003 0.66300000000000014 2.6970000000000005 5.5000000000000009 0.39200000000000007 1.5255000000000003 0.48650000000000004 15.500000000000002
decision_type=2 2 2 2 2 2 2 2 2 2 2 2 2 2 2 2 2 2 2 2 2 2 2 2 2 2 2
left_child=8 2 5 4 -4 12 -7 -5 13 20 11 -11 -2 17 15 -15 -16 23 -19 -12 21 -3 24 -1 25 -10 -26
right_child=1 9 3 7 -6 6 -8 -9 22 10 19 -13 -14 14 16 -17 -18 18 -20 -21 -22 -23 -24 -25 26 -27 -28
leaf_value=-0.00066066549469196768 -0.020669925349106041 0.050826817463331057 -0.00064488109873875289 -0.0037524993113343275 0.012792227579795274 -0.00064556371328820914 -0.015561288962082582 0.0078607457551996725 0.053539592930564178 4.2039136289182016e-05 -0.021130132470010748 0.046736340183591796 0.0035990792801488601 0.035307418888865565 0.023002945030531366 -0.03521619339208415 -0.042660227940925347 -0.052595025994402446 0.060634067415402497 0.035253771801391894 -0.033144494995799571 0.0065458589398222347 0.0031585327433243746 -0.059303560103115396 0.052803864978078568 0.052981033368174738 0.052421257519523368
leaf_weight=1.3865011893212855 148.0514490287751 21.814537124708302 339.59930429235101 845.43855630233884 655.97006422653794 4292.3632901906967 150.04074419662356 273.51419814676046 1.2872667089104637 91.788346685469151 3.8541970662772647 10.936898976564406 31.019130408763885 13.311449427157642 6.8878347650170317 8.8774393536150438 31.636961694806814 2.1736522410064927 2.1859355177730322 37.299856342375278 1.089244209229945 2.9995972216129294 3.4809905774891376 20.367242749780416 0.91573340445756923 1.334355868399143 1.2905338667333126
leaf_count=24 1026 414 1543 3753 2944 19347 670 1345 22 604 23 98 154 68 39 59 166 58 14 290 14 56 30 329 19 26 30
internal_value=-3.07098e-06 0.000280384 -0.000134287 0.0033813 0.00820869 -0.00174282 -0.00114934 -0.000913785 -0.0205786 0.0167321 0.0121528 0.00501346 -0.016466 -0.0256186 -0.0170281 0.00709199 -0.0309203 -0.0455915 0.00417903 0.0299733 0.0421681 0.045474 0.0320881 -0.0555659 0.0529467 0.0532553 0.0525801
internal_weight=7000.92 6905.78 6736 2114.52 995.569 4621.47 4442.4 1118.95 95.1359 169.783 143.879 102.725 179.071 86.827 60.7137 22.1889 38.5248 26.1133 4.35959 41.1541 25.9034 24.8141 8.30888 21.7537 4.82789 2.62162 2.20627
internal_count=33165 32281 30782 9585 4487 21197 20017 5098 884 1499 1015 702 1180 757 332 127 205 425 72 313 484 470 127 353 97 48 49
is_linear=0
shrinkage=0.05


Tree=72
num_leaves=29
num_cat=0
split_feature=7 17 32 14 8 9 18 33 5 24 11 14 24 36 10 39 1 6 24 40 11 8 59 41 31 13 21 10
split_gain=16.0752 24.3612 15.0833 11.7252 13.1577 11.6747 11.2658 11.7019 11.1496 10.1945 9.56312 9.45936 9.38977 9.26109 7.61265 7.2456 7.23808 6.77261 10.4005 10.3992 7.14352 6.80834 9.17695 7.30006 6.71995 5.44066 4.95669 3.21933
threshold=0.41300000000000003 0.12750000000000003 0.41000000000000003 0.94850000000000001 1.0000000180025095e-35 1.4460000000000002 0.54444444444444462 0.34900000000000003 -1.2454999999999998 4.205000000000001 4.5000000000000009 0.67300000000000015 2.7975000000000008 0.46250000000000008 1.5000000000000002 2.5810000000000008 38.500000000000007 0.18900000000000003 1.7475000000000003 0.79000000000000015 17.500000000000004 0.59166666666666679 11.500000000000002 0.49900000000000005 0.71850000000000003 2.0465000000000004 -7.4999999999999991 2.5000000000000004
decision_type=2 2 2 2 2 2 2 2 2 2 2 2 2 2 2 2 2 2 2 2 2 2 2 2 2 2 2 2
left_child=2 8 17 6 26 10 14 -8 -2 -6 12 27 -3 -12 -4 24 -17 18 20 -20 -1 22 -19 -23 -7 -13 -5 -10
right_child=1 5 3 4 9 15 7 -9 11 -11 13 25 -14 -15 -16 16 -18 21 19 -21 -22 23 -24 -25 -26 -27 -28 -29
leaf_value=-0.028089323948148212 0.10275359457499145 -0.037202214934245366 -0.037894813666800781 0.010705681194051311 0.0026292064524272014 0.011317293483103633 -0.0029328639524415457 0.01308251851854907 -0.056692564869105601 0.023408503664190981 -0.014035846596379501 0.013330504578530756 0.003992858205811192 0.0045127212280373146 -0.0086171945545622155 -0.042504673205363164 0.022791743683210894 0.00092250193644254595 0.011570307416742875 -0.047389377458937863 0.0026846835506976778 -0.0040425570306048602 -0.010430378577065875 0.010080674406360242 -0.023223084415637876 0.057528525832501842 0.038730221819858746 -0.00073411415957770252
leaf_weight=36.784479675814509 3.4932705536484709 45.978514660149813 24.202928066253662 29.110794678330421 3745.0405394341797 18.820428794249892 487.62554537691176 148.88009703531861 6.0398324914276582 59.971606206148863 119.3139108158648 73.218628706410527 19.784895271062851 154.35076256096363 268.64256243780255 57.240855803713202 4.5839685350656501 243.00320193916559 199.69199203141034 7.7697312608361235 38.6938132122159 303.37049330584705 665.45702692866325 131.00598919764161 55.925600213930011 7.6945553403347722 34.450183402746916 4.4742632806301117
leaf_count=265 19 500 103 129 16731 105 2267 686 38 698 608 376 143 719 1251 298 20 1234 958 36 189 1469 3058 626 272 41 293 33
internal_value=-2.84511e-06 -0.00804314 0.000711752 0.00212211 0.00333359 -0.0126553 -0.00292088 0.00081317 0.0150857 0.00295671 -0.00768833 0.0117361 -0.0248087 -0.00357419 -0.0110369 -0.0250002 -0.0376633 -0.00345044 0.00358 0.00936218 -0.0123131 -0.00493177 -0.00739361 0.000216946 -0.0145261 0.0175336 0.025895 -0.0328795
internal_weight=6994.62 570.919 6423.7 4797.92 3868.57 475.999 929.351 636.506 94.9206 3805.01 339.428 91.4273 65.7634 273.665 292.845 136.571 61.8248 1625.78 282.94 207.462 75.4783 1342.84 908.46 434.376 74.746 80.9132 63.561 10.5141
internal_count=33165 3172 29993 22158 17851 2665 4307 2953 507 17429 1970 488 643 1327 1354 695 318 7835 1448 994 454 6387 4292 2095 377 417 422 71
is_linear=0
shrinkage=0.05


Tree=73
num_leaves=29
num_cat=0
split_feature=3 4 1 39 8 17 24 15 59 27 42 7 14 39 21 21 14 25 7 29 18 15 8 41 17 15 27 14
split_gain=16.9151 18.0397 16.8466 15.1283 14.4581 14.4645 12.0036 11.5392 10.5967 10.1192 10.0515 8.16058 9.05988 7.88742 7.73506 8.53598 7.48774 11.0382 5.80086 5.52651 5.43213 5.17944 7.74439 4.17336 2.83311 1.56901 1.44751 0.438719
threshold=0.71700000000000008 1.2245000000000001 3.5000000000000004 2.5845000000000007 0.23611111111111113 0.70700000000000007 2.2515000000000005 -1.1634999999999998 27.500000000000004 0.26150000000000007 0.22300000000000003 0.43400000000000005 0.40600000000000008 2.4010000000000002 -13.499999999999998 -16.499999999999996 0.7965000000000001 342.50000000000006 0.24550000000000002 2.7580000000000005 1.0000000180025095e-35 1.0000000180025095e-35 0.12222222222222222 0.44800000000000006 0.28300000000000008 -1.3944999999999996 0.26950000000000007 2.1455000000000006
decision_type=2 2 2 2 2 2 2 2 2 2 2 2 2 2 2 2 2 2 2 2 2 2 2 2 2 2 2 2
left_child=7 4 16 9 14 10 -5 20 11 -4 -6 12 -9 -13 15 -2 23 -18 -7 -16 -1 24 -23 -3 -10 26 -22 -27
right_child=1 2 3 6 5 18 -8 8 21 -11 -12 13 -14 -15 19 -17 17 -19 -20 -21 25 22 -24 -25 -26 27 -28 -29
leaf_value=0.012369239283178608 -0.015628793365470718 -0.043194286108214991 0.0088200174512352708 -0.0070509399543699476 0.0080026737366778126 0.036240997788673998 0.0021015303031791514 -0.030244840392683436 -0.066399717857775806 -0.00054580842940418967 -0.0020705864890679109 0.060452615748098765 -0.0011850971080033111 -0.025991527081356925 -0.018954085391552317 0.069387786850248864 -0.0071772736428825507 0.032421301751350169 -0.060492551220099812 -0.048115515565208294 -0.063007173371391556 0.042209439540286539 -0.032479924790322572 0.0063421059509942528 -0.022128934455616436 -0.062192377180779329 -0.016044751621731398 -0.084359982446086293
leaf_weight=3.3791493289172676 8.4210529476404172 4.8514744564890853 1056.5795448999852 515.90186856687069 272.75373776257038 1.7467805966734875 1172.233776345849 28.441238751634955 11.84040927141905 396.67259295471013 2690.2055214773864 2.7625329885631791 470.88363602384925 58.907260354608297 55.370456844568253 4.5465115681290618 21.411007223650813 98.837196409702301 13.744071116670964 22.993970915675163 3.117528479546313 4.5200134962797192 14.949275165796278 34.400859151035547 5.2013718113303176 6.5205993950366938 3.4639811236411333 3.3935834020376205
leaf_count=21 38 24 4624 2232 1286 8 5289 330 62 1757 12752 25 2341 510 269 21 155 744 175 99 22 19 68 182 28 47 22 15
internal_value=-2.89951e-06 0.000762895 0.00332874 0.00252386 -0.00199612 -0.00139524 -0.000695506 -0.00790504 -0.00665834 0.00626357 -0.0011433 -0.00495964 -0.00284032 -0.0221192 -0.0215916 0.0141786 0.019181 0.0253705 -0.0495847 -0.0275107 -0.0453851 -0.032759 -0.01514 0.000219552 -0.0528877 -0.0572161 -0.0382899 -0.0697803
internal_weight=6988.05 6370.67 3300.89 3141.39 3069.78 2978.45 1688.14 617.381 597.506 1453.25 2962.96 560.995 499.325 61.6698 91.332 12.9676 159.501 120.248 15.4909 78.3644 19.8748 36.5111 19.4693 39.2523 17.0418 16.4957 6.58151 9.91418
internal_count=33165 29655 15007 13902 14648 14221 7521 3510 3383 6381 14038 3206 2671 535 427 59 1105 899 183 368 127 177 87 206 90 106 44 62
is_linear=0
shrinkage=0.05


Tree=74
num_leaves=27
num_cat=0
split_feature=13 4 8 17 7 4 24 14 24 15 24 7 28 22 5 28 6 24 28 59 44 24 13 5 12 31
split_gain=15.7233 15.518 17.6347 16.7696 15.18 14.2018 12.5691 10.8028 9.63184 9.08486 7.97698 7.76808 6.69715 6.75214 9.84423 5.90758 5.37411 5.72649 10.9054 6.15825 4.67989 8.69592 5.17185 3.23933 2.16631 2.03215
threshold=0.50850000000000006 1.8165000000000002 0.78888888888888908 0.14900000000000002 0.41900000000000004 1.175 3.2855000000000003 0.7875000000000002 2.9725000000000006 -1.0409999999999997 2.6010000000000004 0.10150000000000002 0.37300000000000005 0.12222222222222222 -0.87249999999999994 0.11200000000000002 0.19600000000000004 2.7145000000000006 0.19800000000000004 26.500000000000004 0.53100000000000014 3.3335000000000004 1.3270000000000002 -1.0164999999999997 6.5000000000000009 0.65000000000000013
decision_type=2 2 2 2 2 2 2 2 2 2 2 2 2 2 2 2 2 2 2 2 2 2 2 2 2 2
left_child=10 2 3 7 -5 6 -4 -2 9 -3 12 -11 23 24 -15 -7 -12 18 -18 -19 22 -22 -10 -1 -14 -25
right_child=1 8 5 4 -6 15 -8 -9 20 11 16 -13 13 14 -16 -17 17 19 -20 -21 21 -23 -24 25 -26 -27
leaf_value=0.0045702708128481919 -0.0096269441335403161 -0.045845713497259105 -0.0028599022201482747 -0.0019109465539771759 -0.012642797724986506 -0.060358204577900247 0.012359206746363906 0.0056806040023286986 0.018330104197662855 0.016016034281088443 -0.069458564630896127 0.0029009106745900943 -0.056075391381986431 0.092314943319054141 -0.0082724699517987537 0.022181427218678371 -0.033003509289361486 -0.0065536519098596049 0.075123549619939001 -0.071309176925561449 -0.042238948390149182 0.04815783503321195 0.047169007405957704 -0.060015933546833856 -0.0073841735637803253 -0.035750681226846596
leaf_weight=3.6368345580995074 129.80666315555573 8.5215890258550626 328.66566367447376 3849.3214227221906 360.35099036246538 2.2010256350040427 231.02698138915002 1028.201247645542 41.361445358023047 149.95648142136633 3.3825162872672072 456.93729691952467 6.0696513978764433 3.272794969379901 9.4725744277238828 143.71997655183077 3.9115189015865308 137.33382157236338 5.774421252310276 3.7723523527383795 6.6268592439591867 4.4448388554155827 24.908642677590251 13.849775455892084 3.6628680974245071 22.886329796165228
leaf_count=30 716 38 1410 17195 1908 10 1320 4683 226 916 17 2000 121 18 120 670 21 829 30 16 36 59 310 145 28 293
internal_value=-3.15572e-06 0.000421764 -0.000386958 -0.00136382 -0.0028296 0.00704411 0.00342216 0.00396471 0.0075117 0.00542165 -0.0132506 0.00614151 -0.0282642 -0.00639024 0.0175567 0.0209364 -0.00713013 -0.005732 0.0314581 -0.00828484 0.0241424 -0.0059483 0.0291697 -0.0404426 -0.0377503 -0.0448989
internal_weight=6983.08 6766.05 6073.29 5367.68 4209.67 705.614 559.693 1158.01 692.757 615.415 217.025 606.894 62.8508 22.4779 12.7454 145.921 154.175 150.792 9.68594 141.106 77.3418 11.0717 66.2701 40.3729 9.73252 36.7361
internal_count=33165 31497 27912 24502 19103 3410 2730 5399 3585 2954 1668 2916 755 287 138 680 913 896 51 845 631 95 536 468 149 438
is_linear=0
shrinkage=0.05


Tree=75
num_leaves=28
num_cat=0
split_feature=3 4 4 22 17 14 15 13 1 12 13 14 18 4 44 25 13 6 59 6 22 1 18 1 13 44 13
split_gain=15.4013 16.5796 13.2041 14.1314 16.2343 12.7877 11.9126 10.7007 9.35361 9.21597 8.79767 8.34853 11.4714 9.28692 7.0866 5.94513 6.02537 5.68495 9.98748 6.78494 5.4326 4.90273 4.73301 3.90536 3.85101 3.17293 1.09809
threshold=0.75450000000000006 1.8165000000000002 0.72900000000000009 0.29999999999999999 0.15600000000000003 1.1190000000000004 -1.1634999999999998 0.86850000000000016 3.5000000000000004 27.500000000000004 2.2040000000000006 0.55800000000000016 0.56944444444444453 2.6125000000000003 0.46650000000000008 341.50000000000006 1.4915000000000003 0.14050000000000004 16.500000000000004 0.18900000000000003 -0.40833333333333327 23.500000000000004 1.0000000180025095e-35 17.500000000000004 0.66100000000000014 0.51150000000000018 0.80400000000000016
decision_type=2 2 2 2 2 2 2 2 2 2 2 2 2 2 2 2 2 2 2 2 2 2 2 2 2 2 2
left_child=6 2 5 4 -4 14 22 -5 15 11 -7 13 -13 -8 -2 16 -3 18 -10 -19 21 -11 -1 -22 -17 26 -24
right_child=1 8 3 7 -6 10 9 -9 17 20 -12 12 -14 -15 -16 24 -18 19 -20 -21 23 -23 25 -25 -26 -27 -28
leaf_value=0.011920807022494427 -0.0019738020289699369 -0.077557075167469555 0.0051863485886633077 -0.00067279304071388071 -0.0024923844968908968 -0.0038650952422438637 -0.026951314588530256 0.0087584772033708746 -0.024108088498063847 -0.025676470231255744 0.065503303165431681 -0.0082253286819517421 0.005412574853595498 0.032788642822381857 -0.028483453553645149 -0.012674849325752495 0.020574565012513694 0.020770507548782152 0.013776599158214765 0.0050929477845722843 0.0027752081245161595 0.040503307130155292 -0.053882812699483452 -0.04835773382125582 0.031569665033822074 -0.014434424359339155 -0.083125128900383552
leaf_weight=3.3899019546806839 34.363198261708021 2.7491034418344489 890.91710166446865 476.25425658002496 3027.0336329527199 332.50028098002076 62.29565732832998 816.15003136359155 37.845561631023884 7.2864934056997281 4.6344237625598899 364.88501060009003 267.03343573212624 7.2641068249940863 94.641902507282794 5.2821190170943728 3.6293769534677267 90.399765379726887 32.197006970643997 291.70655422285199 4.4109007418155697 4.5435466021299362 10.107233595103027 24.341098502278328 71.359809976071119 4.311690090224146 4.7047184109687796
leaf_count=21 224 15 3994 2164 13487 1737 634 3905 167 31 27 1941 1231 78 602 31 40 393 137 1389 21 20 75 125 630 25 21
internal_value=-3.09578e-06 0.000821124 2.79673e-05 0.000749255 -0.000746289 -0.00803435 -0.00669935 0.00528303 0.00923407 -0.00561226 -0.00291152 -0.00427202 -0.00246228 -0.0207127 -0.0214221 0.0246604 -0.0217198 0.0064016 -0.00669334 0.00880199 -0.0287788 -0.000258897 -0.0425305 -0.0405133 0.0285204 -0.0521827 -0.063171
internal_weight=6976.24 6211.66 5676.49 5210.36 3917.95 466.14 764.574 1292.4 535.169 742.06 337.135 701.478 631.918 69.5598 129.005 83.0204 6.37848 452.149 70.0426 382.106 40.582 11.83 22.5135 28.752 76.6419 19.1236 14.812
internal_count=33165 28942 26140 23550 17481 2590 4223 6069 2802 4081 1764 3884 3172 712 826 716 55 2086 304 1782 197 51 142 146 661 121 96
is_linear=0
shrinkage=0.05


Tree=76
num_leaves=28
num_cat=0
split_feature=4 3 17 13 4 22 18 28 2 37 43 13 30 15 19 5 40 25 22 40 26 17 41 14 16 40 25
split_gain=14.2475 13.5949 18.0781 13.8743 13.868 15.1165 11.9288 10.5618 9.80751 7.59073 7.99241 7.42011 9.04955 7.14125 18.6774 7.72458 6.22281 7.16024 6.21483 5.75222 5.6193 5.15237 5.09533 4.36638 4.0589 3.86456 2.14059
threshold=0.40600000000000008 0.82700000000000007 0.03500000000000001 0.84400000000000008 1.5845000000000002 0.25833333333333336 0.54444444444444462 0.37850000000000006 1.5000000000000002 0.62900000000000011 0.79550000000000021 0.66100000000000014 1.4395000000000002 -0.75449999999999984 0.50850000000000006 2.3665000000000007 0.70200000000000007 344.50000000000006 0.8500000000000002 0.73550000000000015 0.46750000000000008 0.19600000000000004 0.48400000000000004 1.9835000000000003 0.66100000000000014 0.71500000000000008 345.50000000000006
decision_type=2 2 2 2 2 2 2 2 2 2 2 2 2 2 2 2 2 2 2 2 2 2 2 2 2 2 2
left_child=13 7 3 19 5 -4 -6 9 -5 10 -2 26 -13 14 15 18 20 21 -1 -3 -15 -18 -11 -16 -19 -17 -9
right_child=1 2 4 8 6 -7 -8 11 -10 22 -12 12 -14 16 23 25 17 24 -20 -21 -22 -23 -24 -25 -26 -27 -28
leaf_value=-0.0066470617504909403 -0.012934102833540946 0.0056856649570873035 -0.0029703145977148723 0.053038330673436974 0.0017660559520338418 0.0031394062790913177 0.012941110010410803 -0.017684176639531712 0.014293971163883201 -0.058776362064870427 0.050543325735749524 0.0060438767131932303 -0.0053794893095142245 -0.031586950252878193 0.10258283060210856 -0.033152109383356533 0.033158940787960708 -0.057890177692672455 -0.055068252567106526 -0.021896429167717057 0.06931557686767334 -0.029332690792569428 -0.016008433389113945 0.026247467453723951 0.00024659258943280363 0.050788645514646007 -0.058284081058667218
leaf_weight=12.61673335544765 183.84807823970914 39.81842446513474 2817.8386295326054 17.317810405045748 696.87497662752867 1580.0876140734181 363.2924512848258 5.9687283691018802 287.39975724741817 15.138937188312413 5.0962896458804599 252.00488403812051 555.62615483812988 2.7845894759520879 4.0485580936074248 1.8976184055209149 4.7937273588031521 27.645665897987787 13.957799062132835 35.985632684081793 2.7350799357518554 10.573998079635201 12.897378141991792 3.4866002313792706 3.3680061027407637 4.9425974600017071 7.1185396164655685
leaf_count=74 1087 220 12597 380 3162 7139 1639 64 1582 104 33 1270 2648 22 20 23 29 213 254 193 20 94 82 23 23 89 81
internal_value=-3.13403e-06 0.000259568 0.00119683 0.011734 0.000462212 -0.000775213 0.00559546 -0.00501393 0.0164959 -0.0148244 -0.011222 -0.00242026 -0.00181506 -0.0194582 -0.00384741 -0.0198828 -0.0317751 -0.0377477 -0.0320794 -0.00740808 0.0184118 -0.00983938 -0.0391021 0.0672616 -0.0515767 0.0275017 -0.0397676
internal_weight=6969.17 6876.31 5838.62 380.522 5458.09 4397.93 1060.17 1037.7 304.718 216.981 188.944 820.718 807.631 92.851 40.9499 33.4147 51.9011 46.3814 26.5745 75.8041 5.51967 15.3677 28.0363 7.53516 31.0137 6.84022 13.0873
internal_count=33165 32281 26912 2375 24537 19736 4801 5369 1962 1306 1120 4063 3918 884 483 440 401 359 328 413 42 123 186 43 236 112 145
is_linear=0
shrinkage=0.05


Tree=77
num_leaves=29
num_cat=0
split_feature=4 13 14 7 40 22 24 59 22 7 23 19 14 4 15 19 40 44 21 22 5 13 40 4 20 13 41 24
split_gain=13.8851 15.5595 16.6743 14.0995 16.4622 11.3903 10.7679 10.6202 10.0923 13.2161 9.35382 8.88251 10.0619 9.79952 8.11126 8.10076 6.25729 7.02807 5.87751 5.72696 7.79758 5.2893 3.78699 3.54576 2.72563 0.612511 0.386346 0.084734
threshold=0.95750000000000013 2.5120000000000005 0.34850000000000009 0.27450000000000008 0.76450000000000007 0.25833333333333336 2.7645000000000004 2.5000000000000004 0.63333333333333353 0.21250000000000002 0.52500000000000024 1.9185000000000001 1.0465000000000002 0.92450000000000021 0.84800000000000009 1.2405000000000002 0.75500000000000012 0.49250000000000005 1.0000000180025095e-35 -0.92499999999999982 -1.3954999999999997 2.2040000000000006 0.76450000000000007 1.1275000000000002 13.500000000000002 2.4905000000000004 0.45100000000000007 2.4825000000000004
decision_type=2 2 2 2 2 2 2 2 2 2 2 2 2 2 2 2 2 2 2 2 2 2 2 2 2 2 2 2
left_child=6 2 19 4 -4 -5 7 25 10 -10 -9 12 13 -8 18 -14 23 -18 -13 26 -21 -16 -19 -3 -25 27 -2 -1
right_child=1 16 3 5 -6 -7 11 8 9 -11 -12 14 15 -15 21 -17 17 22 -20 20 -22 -23 -24 24 -26 -27 -28 -29
leaf_value=-0.053060088911441095 -0.033261636582976949 0.00036032656627361465 0.0044582967863569826 -0.0042284251447497929 -0.0048417257353355666 0.0055648918208570028 -0.030934725667503091 -0.007450330267110632 -0.017636334376116086 0.090042708917148453 -0.028835302775130189 0.013310926964594866 -0.0039127194266428723 0.043777217456004186 -0.018675958656087864 0.0074985571952674301 -0.048341699331542601 -0.025571003647697928 0.068821354422318223 0.038413313163516365 -0.027925443891244156 0.039422569909758835 0.061690904780094473 0.051921618589959355 0.01797373923247338 -0.010725574059040663 -0.061681621981594929 -0.061673054377629745
leaf_weight=8.6884093396365589 1.3484590351581562 5.3370908536016932 2994.837404821068 1542.8459342643619 565.72589832544327 367.65626230090857 45.274001404643059 474.0883034626022 5.5376563221216184 5.87040651217103 57.316240740939975 8.2949163764715212 528.47834962233901 4.8601481169462195 12.867635607719423 220.37816765531898 4.9804249797016364 1.8480318039655683 11.216710574924944 5.1603896170854524 31.279540088027719 5.6321846395730963 3.7997144106775522 26.068228704854846 7.6470995135605326 0.79688256233930665 10.564800448715685 4.2535607367753991
leaf_count=298 22 26 13799 7212 2593 1694 191 2428 32 30 323 36 2529 20 55 957 37 15 56 34 217 27 46 214 83 5 152 34
internal_value=-3.20788e-06 0.00111372 0.000862984 0.00112134 0.00298065 -0.0023438 -0.00446683 -0.00985678 -0.00875794 0.0377736 -0.00975687 -0.000882868 -0.00200634 -0.0236919 0.0227322 -0.000554538 0.0289704 -0.00504418 0.0452224 -0.0283699 -0.018531 -0.000988131 0.0331374 0.0382275 0.0442218 -0.0532712 -0.0584648 -0.0558909
internal_weight=6962.65 5569.1 5519.42 5471.07 3560.56 1910.5 1393.55 556.551 542.813 11.4081 531.405 837.002 798.991 50.1341 38.0114 748.857 49.6806 10.6282 19.5116 48.3532 36.4399 18.4998 5.64775 39.0524 33.7153 13.7389 11.9133 12.942
internal_count=33165 26144 25723 25298 16392 8906 7021 3150 2813 62 2751 3871 3697 211 174 3486 421 98 92 425 251 82 61 323 297 337 174 332
is_linear=0
shrinkage=0.05


Tree=78
num_leaves=26
num_cat=0
split_feature=13 4 8 39 4 20 19 21 28 4 41 37 14 10 39 9 3 8 3 42 14 40 3 18 5
split_gain=13.2336 13.2746 15.0208 15.7957 14.817 14.7611 14.1893 9.97268 9.809 9.00553 8.45586 7.23063 6.21236 6.07139 5.90609 5.61396 7.89445 6.68814 5.26627 5.20998 4.03104 5.5251 4.01718 3.32168 1.86546
threshold=0.68600000000000005 0.66100000000000014 0.76388888888888895 2.7295000000000003 1.5210000000000001 -12.499999999999998 0.40450000000000003 2.5000000000000004 0.70950000000000013 1.175 0.46750000000000008 0.35250000000000004 0.85450000000000015 15.500000000000002 2.7950000000000004 1.6035000000000001 1.1695000000000002 0.70000000000000007 0.98350000000000015 0.28200000000000008 1.5965000000000003 0.74900000000000011 1.1060000000000001 0.074999999999999969 0.69400000000000006
decision_type=2 2 2 2 2 2 2 2 2 2 2 2 2 2 2 2 2 2 2 2 2 2 2 2 2
left_child=7 5 3 4 -3 20 24 10 -5 -8 13 -7 -13 18 15 17 -17 -9 -1 23 -2 -22 -21 -12 -4
right_child=1 2 6 8 -6 11 9 14 -10 -11 19 12 -14 -15 -16 16 -18 -19 -20 22 21 -23 -24 -25 -26
leaf_value=-0.029550317004548257 -0.011799698458501011 -0.00085634108337140618 0.10384815482105712 -0.013021911171156454 0.0048683235019655307 0.040811494546314081 0.0037623888064114313 -0.00087881755608589483 0.053530310553914918 0.01842485911701609 0.0092835843990135124 -0.037484422510769722 -0.012468688125223313 0.064575367190184529 0.045969500156346092 -0.043913445125559031 -0.0076923611624225719 0.040238938102390896 0.013496325976119848 -0.031725316506767624 0.067613436413360609 -0.00079737535479530936 0.012671982618217007 -0.048621955216017095 0.049264596532063464
leaf_weight=14.836446889676159 3.8553462028503445 3716.4132755901664 1.7590699717402447 260.07772834971547 1624.3516994025558 5.8076959103345862 413.8447035998106 178.2771062925458 5.6569815538823596 140.19758225791156 2.660338580608367 28.512405779212713 191.54909402877092 3.1162445023655883 5.731312531977891 16.069175087846816 235.60115407221019 10.470620363950728 13.634336734190581 12.570966440252962 9.3776277564465982 4.3069382384419432 8.5674722371622902 35.85996038839221 14.21121742390096
leaf_count=181 17 16956 9 1217 7585 28 1899 915 27 666 14 219 921 16 33 218 1288 46 91 128 46 22 47 313 263
internal_value=-3.2696e-06 0.000627644 0.00107899 0.000292779 0.000884771 -0.0108253 0.008812 -0.0075404 -0.0116051 0.00747265 -0.0226017 -0.0142566 -0.0157099 -0.00168346 -0.00446008 -0.00511634 -0.0100051 0.00140216 -0.00893577 -0.0336771 0.0333598 0.0460825 -0.013731 -0.0446228 0.0552768
internal_weight=6957.32 6419.92 6176.51 5606.5 5340.76 243.409 570.013 537.395 265.735 554.042 91.2458 225.869 220.061 31.587 446.149 440.418 251.67 188.748 28.4708 59.6587 17.5399 13.6846 21.1384 38.5203 15.9703
internal_count=33165 29875 28622 25785 24541 1253 2837 3290 1244 2565 790 1168 1140 288 2500 2467 1506 961 272 502 85 68 175 327 272
is_linear=0
shrinkage=0.05


Tree=79
num_leaves=30
num_cat=0
split_feature=13 14 21 4 22 3 4 8 26 15 13 36 41 43 4 12 14 17 23 14 44 17 17 13 18 8 24 36 4
split_gain=12.9509 15.2507 12.0806 13.5236 11.951 11.2138 12.7877 21.5946 9.96431 9.95619 9.40547 8.95727 8.48851 8.38441 8.36109 8.11733 7.92065 8.39318 7.65645 7.5983 7.55843 7.286 7.13679 6.31663 4.45321 4.19978 3.87097 2.72677 0.561159
threshold=1.7110000000000001 0.91850000000000021 -24.499999999999996 0.83050000000000013 -0.14999999999999997 0.75450000000000006 1.2195000000000003 0.36666666666666675 0.18450000000000003 -1.1634999999999998 1.2890000000000004 0.49250000000000005 0.43900000000000006 0.7400000000000001 1.9025000000000001 27.500000000000004 0.26150000000000007 0.53100000000000014 -1.2394999999999998 1.0465000000000002 0.44250000000000006 0.15600000000000003 0.41550000000000004 0.98350000000000015 1.0000000180025095e-35 0.29999999999999999 1.9235000000000002 0.37100000000000005 0.70200000000000007
decision_type=2 2 2 2 2 2 2 2 2 2 2 2 2 2 2 2 2 2 2 2 2 2 2 2 2 2 2 2 2
left_child=1 14 4 8 13 9 7 -7 28 24 -8 12 -5 18 16 -11 27 -18 -2 -15 -10 -13 23 -16 -3 -24 -6 -1 -4
right_child=2 5 3 11 26 6 10 -9 20 15 -12 21 -14 19 22 -17 17 -19 -20 -21 -22 -23 25 -25 -26 -27 -28 -29 -30
leaf_value=0.025852192119717784 0.0084979025663918257 0.012186441999647217 -0.052408128563475626 -0.026267215039729414 -0.030569973997111411 -0.015889653238650148 0.0010660914646245224 -0.00022878011045001772 0.046420624511087236 -0.0040868303506314497 0.0079706079611157679 0.018444081865980663 0.0036268868445476113 0.00078165902971299842 -0.047270478952190408 -0.031995070492655105 -0.0097673099040550271 0.023645522810131936 -0.025902848046616595 0.051553541484184201 -0.0092651784663190222 0.0075504941526049092 -0.035213906402878657 0.021290088284796459 -0.050289981659543105 0.02231167227368408 -0.086237616175673437 -0.052838964864923781 -0.080750415326754199
leaf_weight=1.2011409569531668 23.652340590953827 3.3744851350784328 3.2701341509819022 25.355957997962832 6.6703769713640195 247.51917916536331 1455.4875257667154 1988.2911429796368 6.4461973235011092 388.41082224994898 746.05916526168585 228.32880817167461 374.12341144308448 29.381832748651505 3.590446136891841 27.92827120423317 623.31498608831316 19.379253480583429 51.160161703824997 9.8358811438083631 111.44340567663312 468.31311413273215 12.354794133454563 52.23338009417057 18.428205689415336 4.2691658809781066 5.8719277381896973 13.187483751215039 3.7482321038842201
leaf_count=29 101 21 20 125 28 1254 6449 9461 31 2018 3315 1283 1810 123 20 144 3085 154 217 42 528 2159 66 227 121 19 25 270 20
internal_value=-3.30214e-06 -0.00106143 0.00439772 0.00592191 -0.010306 -5.25515e-05 0.000700947 -0.00196254 -0.00966599 -0.00768374 0.00340589 0.00769822 0.00172943 -0.00521053 -0.00780381 -0.00595893 -0.00958119 -0.00875981 -0.0150269 0.0135153 -0.00622028 0.0111209 0.00831665 0.0168804 -0.0406203 -0.0204409 -0.0566319 -0.0462699 -0.0675446
internal_weight=6952.63 5605.03 1347.6 1221.03 126.573 4875.5 4437.36 2235.81 124.908 438.142 2201.55 1096.12 399.479 114.03 729.531 416.339 657.083 642.694 74.8125 39.2177 117.89 696.642 72.4478 55.8238 21.8027 16.624 12.5423 14.3886 7.01837
internal_count=33165 26653 6512 5976 536 22783 20479 10715 599 2304 9764 5377 1935 483 3870 2162 3538 3239 318 165 559 3442 332 247 142 85 53 299 40
is_linear=0
shrinkage=0.05


Tree=80
num_leaves=25
num_cat=0
split_feature=3 13 14 20 22 16 39 14 9 12 11 40 42 59 17 24 17 42 42 20 17 59 20 22
split_gain=12.4394 13.2002 14.0974 11.0151 10.1308 9.38794 18.058 11.3306 8.42107 7.8267 7.93874 7.65264 7.47952 6.91397 6.54694 10.6889 4.44303 4.16633 6.05522 6.79897 4.2129 2.03908 1.92785 0.986848
threshold=0.54000000000000015 1.9665000000000001 0.93550000000000011 4.5000000000000009 -0.40833333333333327 0.41900000000000004 2.5780000000000007 1.6230000000000002 1.6940000000000002 29.500000000000004 3.5000000000000004 0.78000000000000014 0.31700000000000006 27.500000000000004 0.26000000000000006 0.97050000000000003 0.27700000000000008 0.26950000000000007 0.25300000000000006 2.5000000000000004 0.24050000000000002 18.500000000000004 1.5000000000000002 -0.29999999999999988
decision_type=2 2 2 2 2 2 2 2 2 2 2 2 2 2 2 2 2 2 2 2 2 2 2 2
left_child=3 2 4 17 8 7 -7 -4 -2 10 22 -6 14 -12 15 -5 -16 18 20 -20 -1 23 -3 -19
right_child=1 9 5 12 11 6 -8 -9 -10 -11 13 -13 -14 -15 16 -17 -18 21 19 -21 -22 -23 -24 -25
leaf_value=-0.013625496755523667 0.0023457791892976276 0.02112288744840814 -0.0025367751227212639 -0.02424152226575264 -0.0075427192673815854 0.010211845163896269 -0.0010980402521152208 0.0032327183623039701 0.067219713423429542 0.05456018695852563 0.0071959068220471475 -0.033550905921932932 -0.078109542967122012 -0.017321317106919785 -0.078512083392301091 0.011507008731026605 -0.014708075242817607 -0.029379653713269938 0.038180048787984366 -0.034754351916580814 -0.06007624195634699 -0.015820111770938502 0.052338648303263069 -0.062633128458259898
leaf_weight=9.253513518720867 200.46860722824931 9.1705934107303637 2486.4071653112769 27.561856847256422 720.70520131010562 665.03828494809568 752.04073985293508 1293.7679475210607 5.1302834823727599 8.7693355679512006 506.94186455011368 29.438661443069577 3.4732200521975747 30.484976626932621 2.8759380280971518 86.642317164689302 53.221973343752325 2.6683372836560055 7.227174303494392 5.727768394164741 10.3309562029317 3.6466417880728832 10.737204706296323 13.615250047296286
leaf_count=67 898 155 11332 312 3486 2911 3309 6489 23 39 2445 138 23 134 14 431 322 21 82 45 126 20 192 151
internal_value=-3.45066e-06 0.000384839 -0.000287377 -0.011535 -0.00586838 0.000738934 0.00420971 -0.000562161 0.00396457 0.00769117 0.00695372 -0.00856339 -0.00547274 0.00580519 -0.00399136 0.00287951 -0.0179791 -0.0316128 -0.0205861 0.00593356 -0.0381286 -0.0496156 0.037959 -0.057184
internal_weight=6945.35 6719.1 6153 226.245 955.743 5197.25 1417.08 3780.18 205.599 566.104 557.335 750.144 173.775 537.427 170.302 114.204 56.0979 52.4696 32.5394 12.9549 19.5845 19.9302 19.9078 16.2836
internal_count=33165 31551 28586 1614 4545 24041 6220 17821 921 2965 2926 3624 1102 2579 1079 743 336 512 320 127 193 192 347 172
is_linear=0
shrinkage=0.05


Tree=81
num_leaves=26
num_cat=0
split_feature=4 24 7 39 41 28 24 1 40 44 30 44 36 41 24 26 4 33 40 15 36 6 33 24 21
split_gain=11.6787 14.2673 12.4829 12.398 11.2937 9.91362 8.14976 7.03719 6.93681 6.84629 8.01754 5.88586 7.19012 6.88407 6.21456 5.73041 5.05876 4.09056 3.92381 3.76962 3.10147 2.63204 2.35268 0.0143687 0.00265425
threshold=0.40600000000000008 3.9185000000000003 0.63050000000000017 2.7295000000000003 0.51450000000000007 0.12950000000000003 4.666500000000001 5.5000000000000009 0.70850000000000002 0.50100000000000011 1.6245000000000001 0.44250000000000006 0.48050000000000004 0.51300000000000012 3.1255000000000002 0.34350000000000008 1.2195000000000003 0.19300000000000003 0.71500000000000008 -1.0409999999999997 0.33450000000000008 0.77550000000000019 0.39700000000000008 5.0500000000000007 4.5000000000000009
decision_type=2 2 2 2 2 2 2 2 2 2 2 2 2 2 2 2 2 2 2 2 2 2 2 2 2
left_child=6 2 3 4 -2 -5 11 20 16 10 -9 15 14 -14 -13 -1 -4 -11 -8 -10 -3 -17 -22 -20 -25
right_child=1 7 8 5 -6 -7 18 9 19 17 -12 12 13 -15 -16 21 -18 -19 23 -21 22 -23 -24 24 -26
leaf_value=-0.058142570709274824 -0.00033774039744203501 -0.050026390815627833 -0.023072933069774412 -0.057982392956506507 0.0056088971561442545 -0.0080927688316701739 -0.021975744249725662 -0.0010779451275921711 -0.082942258841709651 -0.020678070202613506 0.045392139418499927 -0.030538845179158211 -0.052131248526615465 0.0067029183160033064 0.0093578439203925792 0.086231248375533073 0.059105926274925516 0.033507242293802697 0.059637872596520959 -0.027567475443599429 0.048244890657110892 0.01436988346367778 -0.020146148426309237 0.052330485275495525 0.055046101851197328
leaf_weight=1.6764070466160763 5390.9981923662126 0.91072698496282356 3.5514909196645013 10.30582734197378 937.23186261951923 294.63619741238654 2.4383083879947653 90.391197275370359 3.3140071257948867 3.8589612878859034 10.344016864895819 20.624771649949253 30.457997617311776 5.9418919906020156 18.529718264937401 2.4195387810468674 3.9616291224956512 35.755327839404345 1.0438808798789976 42.323613389395177 20.842350972816352 2.6918066553771496 1.3382296822965134 3.128130842000246 1.2631325908005235
leaf_count=22 24703 11 39 46 4262 1356 27 604 17 23 98 240 273 60 119 17 19 290 9 340 441 26 32 75 16
internal_value=-3.54843e-06 0.000231843 -0.000124929 6.8459e-05 0.000542976 -0.00977884 -0.017876 0.0148273 -0.0242596 0.010619 0.00369385 -0.022523 -0.0265298 -0.0425272 -0.0116579 0.0220766 0.0202596 0.0282289 0.0307233 -0.0315886 0.0404055 0.0483866 0.0441186 0.0543651 0.0531116
internal_weight=6939.98 6849.76 6686.32 6633.17 6328.23 304.942 90.2156 163.441 53.1507 140.35 100.735 82.3421 75.5544 36.3999 39.1545 6.78775 7.51312 39.6143 7.87345 45.6376 23.0913 5.11135 22.1806 5.43514 4.39126
internal_count=33165 32281 30782 30367 28965 1402 884 1499 415 1015 702 757 692 333 359 65 58 313 127 357 484 43 473 100 91
is_linear=0
shrinkage=0.05


Tree=82
num_leaves=24
num_cat=0
split_feature=13 24 4 14 18 22 31 24 13 8 11 24 13 28 21 28 25 28 24 24 21 29 1
split_gain=11.8758 12.1357 11.6622 12.717 12.2989 6.98795 5.65131 6.90019 11.5675 5.61909 5.54592 5.3157 5.3526 4.12516 3.44008 1.51256 1.38484 0.789273 0.328641 0.0297634 0.0139523 0.00282539 0.00126375
threshold=0.50850000000000006 4.8335000000000008 2.1910000000000003 0.40600000000000008 0.78888888888888908 -0.066666666666666638 0.61650000000000016 4.1465000000000014 1.0000000180025095e-35 0.12222222222222222 1.0000000180025095e-35 3.1365000000000007 1.1960000000000002 0.25250000000000006 5.5000000000000009 0.12950000000000003 342.50000000000006 0.44300000000000006 2.4390000000000005 1.8335000000000001 5.5000000000000009 2.7790000000000004 3.5000000000000004
decision_type=2 2 2 2 2 2 2 2 2 2 2 2 2 2 2 2 2 2 2 2 2 2 2
left_child=5 2 3 9 -5 17 10 8 -8 -2 -7 12 -4 -12 -9 -3 -13 18 19 -1 22 -22 -17
right_child=1 15 11 4 -6 6 7 14 -10 -11 13 16 -14 -15 -16 20 -18 -19 -20 -21 21 -23 -24
leaf_value=-0.053739583782774492 -0.050578617199098508 0.007328402788215495 -0.003499093123396366 -0.00053567993140460769 0.0068958138437202766 0.020176434563831079 -0.046859599293734511 0.047559256945722023 -0.0054031985571649128 -0.014491213166389664 0.006909626024873515 0.0081006816609545378 0.017915127970562387 -0.057705017256281715 0.0032534049453461032 0.051433476486544838 0.055594773108951147 -0.027047498356890562 -0.082374533842737241 -0.061745085962262074 0.056456911113455459 0.054223879813604048 0.052883178348845795
leaf_weight=2.4273204924538714 13.908906588330863 2.0529442075639954 41.852721929550171 5885.5932564549148 614.90619876235723 3.8124384935945299 19.033280742354691 7.7608772385865477 145.13655037246644 48.055829653516412 2.9896498443558839 1.8454536888748396 96.380212301388383 14.214484056457875 10.060329537838696 3.1922675222158414 9.1186565402895194 1.7706703580915926 1.8726154789328573 2.2255617547780275 3.4573775939643383 2.3997532725334167 2.8413181230425835
leaf_count=48 196 30 187 26978 2759 33 376 144 801 320 24 25 635 117 67 128 107 32 9 17 36 36 60
internal_value=-3.23046e-06 0.000363466 0.000266658 -4.76035e-05 0.000167292 -0.0116748 -0.00983672 -0.00700178 -0.0102095 -0.0225916 -0.0343856 0.0140895 0.0114316 -0.0464766 0.022548 0.046961 0.0476007 -0.0566537 -0.0646873 -0.0575688 0.0538037 0.055542 0.0521162
internal_weight=6936.91 6725.6 6711.66 6562.46 6500.5 211.304 203.008 181.991 164.17 61.9647 21.0166 149.197 138.233 17.2041 17.8212 13.9437 10.9641 8.29617 6.5255 4.65288 11.8907 5.85713 6.03359
internal_count=33165 31497 31207 30253 29737 1668 1562 1388 1177 516 174 954 822 141 211 290 132 106 74 65 260 72 188
is_linear=0
shrinkage=0.05


Tree=83
num_leaves=27
num_cat=0
split_feature=24 16 7 4 8 16 13 24 18 18 7 24 3 14 15 36 42 44 26 19 20 24 30 12 25 42
split_gain=11.4107 16.0488 12.2091 12.1506 17.11 15.4247 13.1277 12.0643 11.7712 9.9211 10.9871 14.7123 11.6809 10.6599 8.51922 8.05472 7.43236 7.50491 6.45405 5.72044 4.80078 6.28485 4.49899 2.63321 2.53136 0.517341
threshold=2.3485000000000005 0.63250000000000017 0.63050000000000017 1.3205000000000002 0.36666666666666675 0.43650000000000005 1.1890000000000003 3.4685000000000006 0.8500000000000002 0.76388888888888895 0.081500000000000017 1.6980000000000002 1.3390000000000002 0.26150000000000007 2.5500000000000003 0.48150000000000004 0.32150000000000006 0.48200000000000004 0.25600000000000006 2.1635000000000004 6.5000000000000009 1.4960000000000002 1.6245000000000001 6.5000000000000009 346.50000000000006 0.21900000000000003
decision_type=2 2 2 2 2 2 2 2 2 2 2 2 2 2 2 2 2 2 2 2 2 2 2 2 2 2
left_child=2 3 9 4 5 -2 18 -8 -6 10 11 -1 -12 14 -11 -15 17 22 -5 -19 23 -22 -3 25 -23 -4
right_child=1 16 20 6 8 -7 7 -9 -10 13 12 -13 -14 15 -16 -17 -18 19 -20 -21 21 24 -24 -25 -26 -27
leaf_value=-0.015878248564949158 -0.018194122281889394 -0.0037016745373569583 -0.029137331370431004 0.01694769729351555 0.00075086949899102573 0.0086486673534589917 0.008094499808333341 0.036364892531657964 -0.031617075307962199 -0.039418140731996877 -0.0039777621677495774 0.016116929627765519 -0.020038302987297366 -0.00034611210772881831 0.027883369192598151 0.013005473897160303 -0.041299690914341561 0.043021326529660217 -0.00083847390044318709 0.018036014325943883 -0.063203862036090033 0.04514335758194097 0.031129620782213759 0.023246090775883646 -0.012077336484459611 -0.056842425967644154
leaf_weight=48.716890473850071 237.41929951682687 40.746843285858631 1.8801836380735135 54.654430210590363 2448.6241839528084 69.093118794262409 629.53274328634143 40.144305844791234 28.41453492641449 22.683281244710091 1687.1752907913178 136.88402598723769 121.35570215061307 237.668243303895 5.9316733591258517 215.27872910909355 5.2202519085258237 37.283620476722717 763.72208395786583 59.417008833028376 3.5580314490944129 3.9426844567060471 12.001332156360148 1.1759092360734928 3.7914739772677422 16.230553670786321
leaf_count=302 1070 204 34 236 11301 289 2854 434 120 265 8145 777 592 1100 71 1025 30 190 3366 323 31 19 64 9 21 293
internal_value=-3.14426e-06 0.00152328 -0.00269893 0.000950379 -0.000999392 -0.0121433 0.00459762 0.00978919 0.000379571 -0.00231108 -0.00386651 0.00771877 -0.00505545 0.0041299 -0.025467 0.00599969 0.0173455 0.0193939 0.000349357 0.0276693 -0.0340994 -0.00820799 0.00422319 -0.0492586 0.0170924 -0.0539662
internal_weight=6932.55 4426.27 2506.27 4271.6 2783.55 306.512 1488.05 669.677 2477.04 2475.69 1994.13 185.601 1808.53 481.562 28.615 452.947 154.669 149.449 818.377 96.7006 30.5788 11.2922 52.7482 19.2866 7.73416 18.1107
internal_count=33165 20481 12684 19670 12780 1359 6890 3288 11421 12277 9816 1079 8737 2461 336 2125 811 781 3602 513 407 71 268 336 40 327
is_linear=0
shrinkage=0.05


Tree=84
num_leaves=27
num_cat=0
split_feature=4 8 40 3 22 7 23 4 1 2 14 22 19 7 40 44 2 22 7 44 22 27 15 44 4 14
split_gain=10.7615 13.9775 11.9737 14.7554 12.2839 11.8679 11.9946 9.21073 8.34652 8.02057 7.70721 11.3537 9.1649 8.54274 8.47875 5.66953 6.55924 10.6624 6.65094 5.83641 8.05477 6.89654 4.2412 0.768003 0.475584 0.270191
threshold=0.95750000000000013 0.18333333333333332 0.75850000000000006 0.96100000000000008 -0.19999999999999993 0.078500000000000014 -1.1114999999999997 1.4365000000000003 2.5000000000000004 1.5000000000000002 0.82500000000000007 -0.45555555555555544 1.9300000000000004 0.44200000000000006 0.69400000000000006 0.50550000000000017 3.5000000000000004 0.63333333333333353 0.48200000000000004 0.47350000000000003 0.70000000000000018 0.17450000000000002 0.83050000000000013 0.52350000000000019 0.83650000000000013 0.98350000000000015
decision_type=2 2 2 2 2 2 2 2 2 2 2 2 2 2 2 2 2 2 2 2 2 2 2 2 2 2
left_child=1 24 3 4 7 9 -7 -2 -6 -5 13 22 -13 14 -3 19 18 -18 -17 21 -21 -4 -12 -15 25 -1
right_child=2 10 15 5 8 6 -8 -9 -10 -11 11 12 -14 23 -16 16 17 -19 -20 20 -22 -23 -24 -25 -26 -27
leaf_value=-0.034953962168331715 -0.0057511386958130663 -0.055881490445173092 -0.059688990104057815 0.052640003220926629 -0.053861489419559129 0.032961110257543107 0.0025931450192268222 0.0059507360447693582 -0.0070325011531827729 0.011459942516312936 -0.027245667826014452 -0.003034827954444212 0.014407406500935058 -0.060932472826233555 -0.0065759027010593623 0.034115870853419931 -0.0010352832537968218 -0.048398098078911711 -0.017790046585234157 -0.012564259672828114 0.057698847580546497 0.0041286128922165188 -0.085478783365952368 -0.019738789851603381 -0.071317111103807992 -0.061275175444424262
leaf_weight=1.8231287654489263 256.46103438921273 9.6606657411903125 4.4065231680870047 12.284323409199713 9.6792939715087396 32.902120988816023 2769.4248443385586 488.40442606806755 561.12497607991099 315.66598699986935 8.9541409611701948 1167.7935432670638 80.503611266613007 10.474083369597791 89.47640230320394 24.459124212153256 621.86393509060144 12.114344410598276 8.2541530374437553 312.97256060317159 4.1327165085822335 107.76144511625171 4.8043585419654837 1.2684964584186662 6.1503971144556999 2.0957995783537626
leaf_count=24 1355 55 20 312 90 160 12428 2242 2735 1686 44 5724 368 171 532 197 2791 59 77 1463 32 497 21 30 33 19
internal_value=-3.09116e-06 -0.00394872 0.000981556 0.00213546 -0.00230759 0.0040029 0.0029497 0.00192172 -0.00782659 0.0130025 -0.00351825 -0.00240785 -0.00190997 -0.0161571 -0.0113806 -0.00369943 -0.000813741 -0.00194031 0.0210191 -0.00818111 -0.0116485 0.00162154 -0.0475802 -0.0564825 -0.0626432 -0.0490303
internal_weight=6924.92 1383 5541.91 4445.95 1315.67 3130.28 2802.33 744.865 570.804 327.95 1372.94 1262.06 1248.3 110.88 99.1371 1095.96 666.692 633.978 32.7133 429.273 317.105 112.168 13.7585 11.7426 10.0693 3.91893
internal_count=33165 7021 26144 21008 6422 14586 12588 3597 2825 1998 6945 6157 6092 788 587 5136 3124 2850 274 2012 1495 517 65 201 76 43
is_linear=0
shrinkage=0.05


Tree=85
num_leaves=28
num_cat=0
split_feature=13 24 4 8 4 4 17 3 34 5 2 22 14 14 40 7 8 40 18 2 59 28 28 34 59 29 2
split_gain=10.7397 11.1815 10.7364 11.216 12.7671 8.72326 8.51732 8.07311 6.91505 5.9423 7.66782 4.59673 8.72911 7.2832 5.98462 4.29207 4.01765 3.65055 3.57013 2.73914 2.68379 4.28641 1.51934 1.21938 0.00782866 0.00296284 0.0014468
threshold=0.50850000000000006 4.8335000000000008 0.34500000000000003 0.76388888888888895 1.8165000000000002 1.175 0.19600000000000004 1.2405000000000002 0.59400000000000008 -0.71699999999999986 9.5000000000000018 0.8500000000000002 2.5915000000000004 1.768 0.71500000000000008 0.37250000000000005 0.25833333333333336 0.73550000000000015 0.29999999999999999 1.5000000000000002 3.5000000000000004 0.39050000000000007 0.12950000000000003 0.67800000000000016 2.5000000000000004 2.7220000000000004 1.5000000000000002
decision_type=2 2 2 2 2 2 2 2 2 2 2 2 2 2 2 2 2 2 2 2 2 2 2 2 2 2 2
left_child=7 2 6 4 -4 -5 8 9 -2 10 16 13 17 15 -15 -9 -1 -13 -8 -14 23 -22 -3 -11 26 -26 -24
right_child=1 22 3 5 -6 -7 18 11 -10 20 -12 12 19 14 -16 -17 -18 -19 -20 -21 21 -23 24 -25 25 -27 -28
leaf_value=-0.053734756397320421 -0.017021356668410551 0.0064707367816826573 -0.0011070209705363572 0.0035157878655156074 0.0061870885877881015 0.017232024352178698 -0.076321176447957897 -0.003891086332340614 0.052283113784884511 -0.058372234953657169 0.043382879366385553 -0.072060499946089457 0.052457514454221747 0.048283142000021921 0.004649707939357749 -0.034548724226764346 -0.0021840975612214056 -0.023476820647103193 -0.032850793764132739 -0.041527703923245542 -0.034131999330890617 0.025329344639919572 0.051234589048396131 0.0044626278826873341 0.055855661424117777 0.05368977301368362 0.052965252881357089
leaf_weight=6.223034554161134 16.118120525032285 2.0193929038941851 5292.4777706582099 537.65060326084495 676.6069914996624 147.77842201292515 6.7763333395123508 69.730361239984632 4.6340693309903136 12.562209648080167 6.1417328789830199 6.7087413780391243 3.7805803995579472 11.165323242545126 26.533485388383269 13.65143829025328 9.6259257569909078 9.1263195574283582 15.588870128616689 0.97521207109093655 28.750681261532009 3.3880095705389968 2.4422668106853944 0.82267325930297452 3.1334658861160278 3.1828238815069199 2.3887140899896622
leaf_count=81 92 30 24192 2545 3511 696 40 333 24 330 37 73 90 64 151 80 62 101 107 8 210 27 112 21 37 56 55
internal_value=-3.04269e-06 0.000344728 0.000254236 0.000415377 -0.00028022 0.00647301 -0.0246154 -0.0111597 -0.00154532 -0.0253885 -0.00404585 -0.00437892 -0.026219 -0.00066482 0.0175727 -0.00891042 -0.0224253 -0.04406 -0.0460217 0.0331851 -0.0356983 -0.0278637 0.0463763 -0.0545102 0.0536054 0.0547643 0.0520903
internal_weight=6919.98 6710.8 6697.63 6654.51 5969.08 685.429 43.1174 209.186 20.7522 67.5143 21.9907 141.671 20.5909 121.081 37.6988 83.3818 15.849 15.8351 22.3652 4.75579 45.5236 32.1387 13.1667 13.3849 11.1473 6.31629 4.83098
internal_count=33165 31497 31207 30944 27703 3241 263 1668 116 768 180 900 272 628 215 413 143 174 147 98 588 237 290 351 260 93 167
is_linear=0
shrinkage=0.05


Tree=86
num_leaves=28
num_cat=0
split_feature=14 18 22 18 59 20 14 22 3 18 18 14 24 30 9 41 42 15 11 59 27 10 36 30 7 36 7
split_gain=10.5365 11.8252 15.6361 14.825 14.2605 11.1252 12.0528 11.883 10.6339 10.4206 9.58674 10.5092 9.05442 8.03048 7.94717 7.99372 6.94823 6.62594 6.6135 7.58726 6.36197 6.24288 6.09488 5.9662 4.21701 3.17446 1.33989
threshold=0.55800000000000016 0.59166666666666679 0.25833333333333336 0.18333333333333332 10.500000000000002 -8.4999999999999982 1.0890000000000002 -0.96666666666666645 0.89100000000000013 0.70000000000000007 0.76388888888888895 0.40600000000000008 3.7485000000000004 1.4780000000000002 0.65450000000000019 0.51550000000000018 0.24150000000000002 2.5500000000000003 28.500000000000004 11.500000000000002 0.25500000000000006 1.5000000000000002 0.51550000000000018 1.5995000000000001 0.24550000000000002 0.55800000000000016 0.26200000000000007
decision_type=2 2 2 2 2 2 2 2 2 2 2 2 2 2 2 2 2 2 2 2 2 2 2 2 2 2 2
left_child=10 2 3 8 -5 12 7 -7 -2 -8 18 17 13 -3 -4 -16 20 23 19 22 -13 -18 -1 -12 -21 -19 -20
right_child=1 5 14 4 -6 6 9 -9 -10 -11 11 16 -14 -15 15 -17 21 25 26 24 -22 -23 -24 -25 -26 -27 -28
leaf_value=-0.012167314234475564 -0.042400467853010611 0.015313458093346499 0.068576847398621202 0.0032931642446817483 -0.0049069719423525601 0.054598629767677744 0.012067764089859857 -1.0917020082188578e-05 -0.010380311347104758 0.00042034409050233936 -0.034006366162571751 0.019432848408204528 0.036553850692302249 -0.055650278679389556 0.00088646271171030134 0.0098383567054550307 -0.018699634806429916 0.046698898118689568 -0.076377448895172617 -0.0050580828507754399 0.096672283128360917 0.024234208501518657 -0.042786950530642472 0.013424799792484336 0.072445867451036844 -0.035631699735176735 -0.040696543359529151
leaf_weight=42.868159459438175 38.359375910833478 5.0893909782171312 4.5278378427028647 728.48370001465082 1947.7946996483952 10.053155004978178 598.19967612810433 1093.6737096905708 80.014542788267136 282.82190547697246 33.270587593317032 6.5327660739421827 4.5832490921020499 18.399330362677574 1628.4885264914483 294.47276533860713 15.112894628196953 5.3255809508264056 6.0002262741327268 3.8117805030196896 4.5039983317255974 19.253720786422491 26.175397168844938 8.279910705983637 3.2527699898928404 1.500749424099922 4.6858553066849709
leaf_count=411 243 22 21 3841 8679 163 2699 4871 369 1308 308 34 25 78 7993 1463 76 59 31 23 21 95 209 59 21 18 25
internal_value=-3.05057e-06 0.000316519 -0.00105134 -0.00344078 -0.00267489 0.00352555 0.00396764 0.000486487 -0.0207565 0.00832876 -0.0119222 -0.00083894 -0.0277307 -0.0402743 0.0024131 0.00225731 0.0164383 -0.0170543 -0.0238975 -0.0187258 0.0509535 0.00535383 -0.0237757 -0.0245546 0.0306275 0.0285987 -0.0607313
internal_weight=6915.54 6734.96 4722.14 2794.65 2676.28 2012.82 1984.75 1103.73 118.374 881.022 180.574 93.7802 28.072 23.4887 1927.49 1922.96 45.4034 48.3768 86.7942 76.1081 11.0368 34.3666 69.0436 41.5505 7.06455 6.82633 10.6861
internal_count=33165 31775 22609 13132 12520 9166 9041 5034 612 4007 1390 670 125 100 9477 9456 226 444 720 664 55 171 620 367 44 77 56
is_linear=0
shrinkage=0.05


Tree=87
num_leaves=27
num_cat=0
split_feature=3 4 20 14 44 15 10 40 16 7 34 43 44 17 14 41 24 6 24 13 42 43 20 17 21 22
split_gain=10.2124 10.9984 9.57568 9.36849 11.2728 12.6718 9.91192 10.3618 9.42605 8.73882 8.12137 7.08202 6.18842 6.5165 6.44222 5.96417 5.20842 5.1471 4.87162 4.65497 4.08992 5.82225 6.37149 4.09689 2.38647 0.838141
threshold=0.54000000000000015 1.8165000000000002 4.5000000000000009 0.95750000000000013 0.42400000000000004 -0.040999999999999995 3.5000000000000004 0.79000000000000015 0.41900000000000004 0.097500000000000017 0.33750000000000008 0.68300000000000016 0.49400000000000005 0.26000000000000006 1.5965000000000003 0.42300000000000004 3.6665000000000005 0.15200000000000002 1.4140000000000001 0.66100000000000014 0.26950000000000007 0.74700000000000011 2.5000000000000004 0.24050000000000002 -9.4999999999999982 -0.29999999999999988
decision_type=2 2 2 2 2 2 2 2 2 2 2 2 2 2 2 2 2 2 2 2 2 2 2 2 2 2
left_child=2 3 20 6 5 -5 7 -2 -6 15 -8 -4 14 -14 -13 -3 18 -17 -11 -18 21 22 -1 -23 -22 -26
right_child=1 9 11 4 8 -7 10 -9 -10 16 -12 12 13 -15 -16 17 19 -19 -20 -21 24 23 -24 -25 25 -27
leaf_value=0.038556710542623912 0.00057462378629982757 -0.053260496598232544 -0.076900464924086573 0.0045047206345102987 -0.0011512605939693226 0.045413886285775931 -0.0681832569748171 -0.043775253642121995 0.0036199336688908105 -0.027558480052964515 -0.0092808811556185002 -0.012597554128993414 0.02407142593911819 -0.012417202773686624 0.043933985359349025 0.038577635842387339 -0.043666960302285167 0.014382126614482718 0.0037262309115083333 0.057511408809534717 0.0054088808640516094 -0.012355239358825234 -0.032967577032996007 -0.059194343946281626 -0.027922636653810163 -0.058817850578193824
leaf_weight=7.1601551361382025 609.03442415222526 2.8703429400920859 3.3518011253327122 53.880123859271407 3399.9440203383565 29.181478217244148 5.9274979457259169 13.461168944835661 1488.3307340331376 12.777106687426565 459.39087421540171 109.70720775518566 33.369147984310985 19.320593635551631 5.2822196409106246 28.032101083546877 1.3440966084599475 101.8130693603307 476.86368868127465 7.370649004355073 1.8705137968063379 9.0747659113258141 5.5095938267186284 9.6148541267029923 2.5908710118383214 14.374419030267742
leaf_count=82 2732 25 23 262 16123 126 26 57 6607 60 2345 697 235 121 26 306 8 602 2153 119 9 67 45 126 21 162
internal_value=-3.14283e-06 0.000346357 -0.0105725 -0.0003079 0.000611786 0.0188771 -0.00451089 -0.000384421 0.000301423 0.00662812 -0.0100312 -0.00493708 -0.00349858 0.0106916 -0.0100007 0.0180297 0.00359179 0.0196057 0.00290986 0.0419064 -0.0297744 -0.0187131 0.00745351 -0.0364516 -0.0481901 -0.0540997
internal_weight=6911.45 6690.22 221.226 6059.15 4971.34 83.0616 1087.81 622.496 4888.27 631.071 465.318 171.031 167.679 52.6897 114.989 132.716 498.356 129.845 489.641 8.71475 50.1952 31.3594 12.6697 18.6896 18.8358 16.9653
internal_count=33165 31551 1614 28278 23118 388 5160 2789 22730 3273 2371 1102 1079 356 723 933 2340 908 2213 127 512 320 127 193 192 183
is_linear=0
shrinkage=0.05


Tree=88
num_leaves=28
num_cat=0
split_feature=32 4 24 42 40 4 32 21 40 4 24 13 7 30 28 41 18 14 14 30 25 10 23 5 35 21 37
split_gain=9.93277 10.1848 10.5611 9.41347 10.3343 9.88334 11.8453 11.681 8.46691 8.43106 12.1242 10.4934 9.8092 8.2774 8.10645 7.74286 6.85496 11.683 10.7892 6.14772 5.94943 5.01232 4.98391 3.81219 2.44228 1.81282 0.00118793
threshold=0.56350000000000011 1.0000000180025095e-35 4.4055000000000009 0.22300000000000003 0.74900000000000011 1.3470000000000002 0.39450000000000007 -24.499999999999996 0.79000000000000015 1.1805000000000001 2.1425000000000005 2.2745000000000002 0.39000000000000007 1.6780000000000002 0.11650000000000002 0.41900000000000004 0.36666666666666675 1.2125000000000001 1.6035000000000001 1.6200000000000003 346.50000000000006 15.500000000000002 -0.09299999999999993 0.46550000000000008 0.67250000000000021 5.5000000000000009 0.60550000000000004
decision_type=2 2 2 2 2 2 2 2 2 2 2 2 2 2 2 2 2 2 2 2 2 2 2 2 2 2 2
left_child=1 2 21 4 20 6 -5 -7 9 12 11 -11 13 -2 -6 -12 18 23 -10 -19 -3 24 -14 -18 -1 26 -4
right_child=8 3 25 5 14 7 -8 -9 16 10 15 -13 22 -15 -16 -17 17 19 -20 -21 -22 -23 -24 -25 -26 -27 -28
leaf_value=0.020991199328661607 0.00047139189604300785 0.0047094464681964382 0.052466078654550066 -0.0093582994374393855 0.099207190207852583 -0.013745962281257844 -0.0016432674905783136 0.0020011546725716331 -0.094100872902727561 -0.0070992915938521521 -0.03686118006971225 0.029386539659615109 -0.0013335304631777675 0.027672176506767423 -0.012156457034794215 0.011731817638606541 -0.019645010226487014 0.057236373012806888 0.0038081650546327945 -0.010657939061444362 0.018251872142414537 0.036365563123941166 -0.031299379378275864 -0.075002206627335907 -0.064027873403496138 -0.019049545119603776 0.054611852560269972
leaf_weight=0.89274703152478707 535.95641609653831 199.67733806744218 2.4358478635549541 644.306326742284 1.6691039726138104 124.99555391073227 2183.826684391126 2035.9232382504269 6.5138816833496076 178.60589256882668 8.3098966404795629 22.150410825386643 22.715828906744719 29.508515356108546 77.961540865711868 607.38750095851719 9.6652308665215987 7.5886993743479234 4.9534031040966511 5.9470706582069397 136.56860748492181 1.4872211609035719 35.655727374367416 4.5855651944875708 15.695251100696622 1.1838678568601606 0.87731424346566189
leaf_count=12 2576 965 58 3362 8 524 10213 9445 28 802 39 139 115 150 361 2965 45 38 31 30 665 19 206 21 324 8 16
internal_value=-3.17495e-06 -0.000993147 -0.0345092 -0.000853176 0.00637413 -0.00145563 -0.00340091 0.00109028 0.0036284 0.00425283 0.00759675 -0.00307363 -0.000123564 0.00189085 -0.00982221 0.011076 -0.019283 -0.0058602 -0.0518081 0.0274064 0.0102098 -0.0515684 -0.0196379 -0.0374576 -0.0594522 0.0340578 0.0530343
internal_weight=6907.04 5427.5 22.5722 5404.93 415.877 4989.05 2828.13 2160.92 1479.54 1440.29 816.454 200.756 623.836 565.465 79.6306 615.697 39.2539 27.7866 11.4673 13.5358 336.246 18.0752 58.3716 14.2508 16.588 4.49703 3.31316
internal_count=33165 25980 437 25543 1999 23544 13575 9969 7185 6992 3945 941 3047 2726 369 3004 193 134 59 68 1630 355 321 66 336 82 74
is_linear=0
shrinkage=0.05


Tree=89
num_leaves=29
num_cat=0
split_feature=40 41 24 8 32 11 29 24 16 24 7 44 3 19 2 7 8 2 0 11 39 20 5 36 32 30 27 27
split_gain=9.70772 12.105 12.5859 14.0903 12.1073 8.44865 9.35008 8.27147 7.81596 9.84505 15.5923 11.3988 7.82989 8.33051 7.31508 7.13622 6.75177 6.545 6.51642 6.40931 6.03405 4.92858 4.64975 4.8664 3.69573 3.58488 2.9172 1.27217
threshold=0.75850000000000006 0.50700000000000012 1.2565000000000002 1.0000000180025095e-35 0.55900000000000016 49.500000000000007 2.8895000000000004 3.9185000000000003 0.26000000000000006 2.8845000000000005 0.38300000000000006 0.52550000000000019 1.8775000000000002 0.81350000000000011 19.500000000000004 0.59400000000000008 0.14999999999999999 28.500000000000004 5.5000000000000009 18.500000000000004 2.6730000000000005 7.5000000000000009 -2.6334999999999993 0.56300000000000006 0.49950000000000006 1.4070000000000003 0.17450000000000002 0.23250000000000004
decision_type=2 2 2 2 2 2 2 2 2 2 2 2 2 2 2 2 2 2 2 2 2 2 2 2 2 2 2 2
left_child=1 2 22 19 -5 15 17 8 12 11 -11 -10 16 -14 24 18 -2 -7 -3 -4 -17 -8 27 -24 25 -9 -26 -1
right_child=7 5 3 4 -6 6 21 14 9 10 -12 -13 13 -15 -16 20 -18 -19 -20 -21 -22 -23 23 -25 26 -27 -28 -29
leaf_value=0.0083989790734385148 -0.03693777272114028 0.0014716356070907574 0.03717796994712616 -0.0014405485654019241 0.0046772072537200598 -0.053609912628522938 0.04545151494779362 0.045171945387851249 -0.010477948634385954 0.011122690077289468 -0.032897062714955703 0.00261452382874871 -0.0058589965292099424 -0.054269026087554788 -0.040098223163273938 1.4334625185602562e-05 -0.0065355205589291577 0.0014782407529374299 0.011229491020287381 0.0057767888589019753 -0.071601540064567995 -0.016249787685643901 -0.017469037190810412 -0.056746104839919077 -0.0029595542701202899 -0.0098881501552207374 0.045874375954912963 0.06302009300849043
leaf_weight=2.5646509602665892 19.493748653680086 251.26427239365876 36.620972459204495 3563.4697486702353 1046.1568096848205 16.12994180619717 7.0952622443437559 4.1285012774169436 410.71588888764381 205.40406861528754 22.300639539957047 279.30250946246088 15.811912670731543 20.290522009134293 4.809761516749858 6.8522656280547363 288.99280628468841 8.0991062074899656 536.25152509566396 29.213398195803165 5.1531565356999636 5.951025202870369 72.733116191346198 8.8453086004592461 3.64300025161356 10.411407314240931 19.050111659802496 1.82430038228631
leaf_count=26 92 1227 301 16790 4950 70 31 42 1831 965 102 1263 71 93 30 49 1366 34 2554 129 41 26 625 81 31 102 221 22
internal_value=-3.07145e-06 0.000902027 -7.26698e-05 0.000275907 -5.21211e-05 0.00644812 -0.0168198 -0.00388771 -0.00461436 -0.00220349 0.00681154 -0.00517844 -0.0110351 -0.0330667 0.0179296 0.00753292 -0.00845669 -0.0351955 0.00811616 0.023244 -0.0307258 0.0173066 -0.0190305 -0.0217277 0.0254256 0.00574576 0.0380349 0.0311027
internal_weight=6902.58 5598.22 4761.43 4675.46 4609.63 836.797 37.2753 1304.35 1262.31 917.723 227.705 690.018 344.589 36.1024 42.0428 799.521 308.487 24.229 787.516 65.8344 12.0054 13.0463 85.9674 81.5784 37.233 14.5399 22.6931 4.38895
internal_count=33165 26956 22924 22170 21740 4032 161 6209 5783 4161 1067 3094 1622 164 426 3871 1458 104 3781 430 90 57 754 706 396 144 252 48
is_linear=0
shrinkage=0.05


Tree=90
num_leaves=29
num_cat=0
split_feature=13 24 4 8 39 17 4 3 4 5 10 23 22 14 14 40 39 40 16 59 28 1 26 31 36 21 40 1
split_gain=9.45738 10.4009 9.35437 9.90786 12.5846 7.85572 7.76986 7.28998 5.71776 5.50473 6.99031 4.64434 4.32976 7.63586 6.5623 5.55045 4.25166 3.43827 3.4358 2.67683 3.94622 2.52173 1.53422 1.17568 0.527432 0.0104738 0.00223635 0.00102673
threshold=0.50850000000000006 4.8335000000000008 0.34500000000000003 0.76388888888888895 2.7295000000000003 0.19600000000000004 1.175 1.2405000000000002 1.0000000180025095e-35 -0.71699999999999986 13.500000000000002 0.42099999999999999 0.8500000000000002 2.5915000000000004 1.768 0.71500000000000008 2.5985000000000005 0.73550000000000015 0.16350000000000003 3.5000000000000004 0.39050000000000007 5.5000000000000009 0.6695000000000001 0.6070000000000001 0.51050000000000006 5.5000000000000009 0.71500000000000008 3.5000000000000004
decision_type=2 2 2 2 2 2 2 2 2 2 2 2 2 2 2 2 2 2 2 2 2 2 2 2 2 2 2 2
left_child=7 2 5 4 -4 8 -5 9 -2 10 24 -12 14 17 16 -16 -9 -14 -7 23 -21 -15 25 -11 -1 27 -27 -3
right_child=1 22 3 6 -6 18 -8 12 -10 19 11 -13 13 21 15 -17 -18 -19 -20 20 -22 -23 -24 -25 -26 26 -28 -29
leaf_value=-0.058412014929890524 -0.050589847799799276 0.051233292064683314 0.00024302907709774233 0.0032993495567497314 -0.010606999626034896 -0.074974354417646424 0.016278824760489554 0.00095273678294972213 0.012991970920968815 0.0025745626096937597 -0.014662720994555158 0.039589819016975523 -0.070076898873851365 0.05222301449233771 0.046659721848461511 0.0044110679415270302 -0.022094216043377551 -0.022287140103410111 -0.031334449992430756 -0.032865120040278382 0.02394690876301165 -0.037704743851079373 0.0058917803603110771 -0.058179515950091958 -0.023528629800338815 0.056493507501251254 0.054325522888714554 0.052631807429552625
leaf_weight=4.4989303322508958 4.5329845324158695 2.6808283738791925 5674.0520734358579 536.69788167998195 280.46023900993168 6.3565126359462765 146.85170925967395 49.395092140883207 16.07501458376646 0.85473792022094031 7.5556458905339232 8.2543985024094564 6.4866169653832939 3.4528950229287139 11.008152658119796 26.460015937685966 33.639131123200059 8.9657643511891347 15.528412957675753 28.105969707481567 3.4295949563384047 1.0068897828459737 2.0171553371474138 11.648145063780246 1.4274006038904188 1.8171246610581873 3.4439516812562943 2.5709961336106062
leaf_count=59 31 126 26381 2545 1322 40 696 247 85 26 62 39 73 90 64 151 166 101 107 210 27 8 34 325 20 19 51 60
internal_value=-2.77691e-06 0.000322141 0.00023678 0.000386475 -0.000268012 -0.023148 0.00608782 -0.0105499 -0.000993637 -0.0242864 -0.00369761 0.0136624 -0.00411526 -0.0257143 -0.000546175 0.0168237 -0.00838413 -0.0423484 -0.0440097 -0.0344486 -0.0266866 0.0319199 0.0458337 -0.0540262 -0.0500101 0.0534975 0.0550743 0.0519179
internal_weight=6899.27 6693.08 6680.55 6638.06 5954.51 42.4929 683.55 206.189 20.608 65.7748 21.7364 15.81 140.415 19.9122 120.502 37.4682 83.0342 15.4524 21.8849 44.0384 31.5356 4.45978 12.5301 12.5029 5.92633 10.5129 5.26108 5.25182
internal_count=33165 31497 31207 30944 27703 263 3241 1668 116 768 180 101 900 272 628 215 413 174 147 588 237 98 290 351 79 256 70 186
is_linear=0
shrinkage=0.05


Tree=91
num_leaves=28
num_cat=0
split_feature=3 1 40 4 21 15 14 26 8 12 44 4 24 7 4 5 14 15 26 26 40 18 18 11 40 44 14
split_gain=9.16026 10.6965 8.64937 9.59822 9.44838 8.37804 7.62972 7.5761 7.17812 7.09262 6.77531 7.57217 7.0881 6.39063 7.19729 6.18021 15.948 8.86296 5.55956 8.07491 5.33349 4.9894 4.70877 4.01658 2.24114 1.95831 0.425922
threshold=0.71700000000000008 3.5000000000000004 0.75850000000000006 0.95750000000000013 36.500000000000007 -1.1634999999999998 2.2545000000000006 0.69000000000000006 0.18333333333333332 27.500000000000004 0.49400000000000005 1.4630000000000003 2.5665000000000004 0.42600000000000005 1.4915000000000003 0.32050000000000006 1.3270000000000002 -1.3389999999999997 0.18850000000000003 0.15500000000000003 0.76800000000000013 0.54444444444444462 1.0000000180025095e-35 7.5000000000000009 0.72050000000000003 0.51150000000000018 2.2545000000000006
decision_type=2 2 2 2 2 2 2 2 2 2 2 2 2 2 2 2 2 2 2 2 2 2 2 2 2 2 2
left_child=5 13 3 8 -5 22 7 -4 -3 10 11 -7 -12 15 21 17 -17 -2 19 -11 -16 -15 -1 -8 -20 26 -24
right_child=1 2 6 4 -6 9 23 -9 -10 18 12 -13 -14 14 20 16 -18 -19 24 -21 -22 -23 25 -25 -26 -27 -28
leaf_value=0.014262800210506917 -0.035939448656985389 -0.061302783952583095 -0.0035078264228147883 0.0023941269443539396 -0.069942791000861135 -0.016209352559973134 0.015653308293545234 -0.028182825095602011 -0.0026813323960817878 -0.036361588333772912 0.002240619352753949 -0.0015067949157522506 0.058062630312374602 -0.050597240928610489 -0.001046257633678645 -0.063032143017625331 0.019391588163538448 0.026254999817266412 -0.026181261319860608 0.045633513615728948 0.045022477030080915 0.015595416372617358 -0.056278620470276867 0.071372570488401427 -0.065286182280763119 -0.017493903265743582 -0.078900123255682297
leaf_weight=3.289898186922076 6.0528058651834717 5.2465572580695143 1125.6234179846942 3800.23166109249 4.5195327550172797 151.09931058390066 16.031912554055456 31.992099780589342 1115.9727941658348 7.8485271781682986 186.11953692045063 208.29991938173771 5.865904923528432 10.601497344672678 30.018680036999285 8.0068899523466843 21.976539010182023 106.80059277545661 6.0826356038451186 4.8631267696619034 7.9455028390511862 3.892019545659422 8.5282486565411073 4.0517534725368014 9.2141254320740682 3.2022597594186655 2.7523140460252753
leaf_count=21 41 28 5052 17109 22 1048 123 148 5269 35 1119 1046 27 155 194 154 486 772 37 23 53 24 72 25 48 21 13
internal_value=-2.77548e-06 0.000558317 0.000189758 0.00111008 0.0023082 -0.00592123 -0.00365966 -0.00418975 -0.00295564 -0.00488398 -0.00363716 -0.00768807 0.0039462 0.0120771 -0.00284782 0.0175584 -0.00261916 0.0229192 -0.0294294 -0.00499253 0.00859544 -0.0328222 -0.0397358 0.0268943 -0.0497364 -0.052002 -0.061798
internal_weight=6896.13 6298.96 6103.67 4925.97 3804.75 597.166 1177.7 1157.62 1121.22 579.393 551.385 359.399 191.985 195.295 52.4577 142.837 29.9834 112.853 28.0084 12.7117 37.9642 14.4935 17.7727 20.0837 15.2968 14.4828 11.2806
internal_count=33165 29655 27776 22428 17131 3510 5348 5200 5297 3383 3240 2094 1146 1879 426 1453 640 813 143 58 247 179 127 148 85 106 85
is_linear=0
shrinkage=0.05


Tree=92
num_leaves=28
num_cat=0
split_feature=14 15 40 4 8 11 44 7 16 24 28 2 5 59 26 4 14 29 33 42 4 14 42 44 6 4 8
split_gain=9.05016 10.7353 8.4272 9.61046 11.2994 10.6165 7.80639 7.5523 7.826 7.11536 7.30524 6.43285 6.25619 5.62362 5.24927 5.21613 6.11267 7.68113 5.00399 9.06556 4.32684 3.72868 2.63239 2.3561 2.15795 0.006992 0.000191041
threshold=0.60350000000000004 1.5810000000000002 0.75850000000000006 1.5895000000000004 0.23611111111111113 58.500000000000007 0.51900000000000013 0.29800000000000004 0.66100000000000014 3.9185000000000003 0.18450000000000003 19.500000000000004 0.44600000000000006 11.500000000000002 0.21050000000000002 0.7965000000000001 0.26150000000000007 2.8280000000000007 0.34900000000000003 0.27750000000000008 2.7640000000000007 0.74550000000000016 0.29150000000000004 0.50950000000000017 0.28300000000000008 0.59550000000000003 0.56944444444444453
decision_type=2 2 2 2 2 2 2 2 2 2 2 2 2 2 2 2 2 2 2 2 2 2 2 2 2 2 2
left_child=6 2 3 4 -2 -5 7 18 14 10 -4 -11 21 -10 -9 25 22 -18 20 -20 -1 24 -17 -23 -3 26 -8
right_child=1 12 9 5 -6 -7 15 8 13 11 -12 -13 -14 -15 -16 16 17 -19 19 -21 -22 23 -24 -25 -26 -27 -28
leaf_value=-0.013051933903371799 -0.0080651594685375722 -0.01128596687808789 -0.013813140429198921 0.0055181925498581884 0.00078076942109492049 -0.063290111289693488 -0.052777680775564009 -0.014971818450215765 -0.018909472069118523 0.024235481062518011 -0.0026403090876638575 -0.036560615321761601 -0.017242707107927448 0.035003013228940831 -0.056809125566370036 -0.051540811437780269 0.057262305065099044 -0.023353473844277939 -0.0045201834698901646 0.06308356124120669 0.031763359203777153 0.035633033187781042 0.029895884507874074 0.071109205149159999 0.03259215175656531 -0.059043198059247119 -0.054033095005504329
leaf_weight=105.03099082224071 398.36228643357754 5.7906015664339048 169.95729239098728 1107.7273861030117 3849.1502223964781 5.6343147456645957 0.63474905909970691 11.045129636302589 27.053290646523237 36.236793798394501 1051.106844781898 4.9447612911462775 7.2082373015582553 5.8901476338505736 23.341793376486748 3.171252345666292 12.976852228865029 3.8259277492761603 18.041706437245015 6.8386886678636065 5.6770155802369109 18.217636829242114 1.4442302398383615 6.2981607066467395 5.429491750895977 0.98678059875965107 0.57986967638134956
leaf_count=694 1901 28 754 5250 18141 24 29 92 160 394 4746 30 37 28 256 42 71 19 114 37 60 148 18 45 28 8 11
internal_value=-2.86237e-06 0.000331135 0.000169564 0.001035 -4.88654e-05 0.00516998 -0.00983098 -0.0129976 -0.0266861 -0.00350602 -0.00419543 0.0169356 0.0252496 -0.00927015 -0.0433709 0.017374 0.0249069 0.0389064 -0.00620023 0.0140616 -0.0107538 0.0338207 -0.0260585 0.0447469 0.009947 -0.0559169 -0.053377
internal_weight=6892.6 6666.06 6623.12 5360.87 4247.51 1113.36 226.538 202.919 67.3304 1262.25 1221.06 41.1816 42.9441 32.9434 34.3869 23.6197 21.4183 16.8028 135.588 24.8804 110.708 35.7359 4.61548 24.5158 11.2201 2.2014 1.21462
internal_count=33165 31526 31240 25316 20042 5274 1639 1441 536 5924 5500 424 286 188 348 198 150 90 905 151 754 249 60 193 56 48 40
is_linear=0
shrinkage=0.05


Tree=93
num_leaves=30
num_cat=0
split_feature=24 13 7 18 39 18 41 3 13 17 3 7 41 40 31 13 5 20 17 28 23 40 20 39 24 26 39 12 42
split_gain=8.95181 13.9084 10.3753 8.18057 9.8476 10.7228 9.76054 8.67166 8.02119 10.524 9.47761 9.37439 9.03236 7.08726 7.05983 7.05584 5.93726 11.3804 6.68148 6.13684 5.70562 4.87898 4.46176 7.08205 4.49994 3.8383 2.99912 2.54566 0.550719
threshold=2.3485000000000005 2.1705000000000001 0.63050000000000017 0.74166666666666681 2.5845000000000007 0.36666666666666675 0.46050000000000008 0.40450000000000003 1.0930000000000002 0.03500000000000001 0.71700000000000008 0.37700000000000006 0.42300000000000004 0.75850000000000006 0.65350000000000008 2.5590000000000006 0.30900000000000005 3.5000000000000004 0.21550000000000002 0.64400000000000013 -0.18749999999999992 0.74900000000000011 6.5000000000000009 2.5995000000000004 1.8185000000000002 0.28200000000000008 2.7475000000000005 6.5000000000000009 0.21900000000000003
decision_type=2 2 2 2 2 2 2 2 2 2 2 2 2 2 2 2 2 2 2 2 2 2 2 2 2 2 2 2 2
left_child=2 8 3 4 5 -1 -6 15 10 12 25 -11 -10 -12 -9 -5 19 20 -19 26 -18 -21 27 24 -24 -2 -3 28 -4
right_child=1 16 22 7 6 -7 -8 14 9 11 13 -13 -14 -15 -16 -17 17 18 -20 21 -22 -23 23 -25 -26 -27 -28 -29 -30
leaf_value=-0.0095266142338509587 -0.075398500065624777 0.052756671304013181 -0.02620900066573283 -0.036533278507521333 -0.050612644365389529 0.0022806097664908888 -0.0068465224154745548 -0.016454756826735889 -0.068777610663897634 0.0032529036221092943 0.00046039050430651178 -0.0074731089610345185 0.018733589364543026 -0.0073939805877973781 0.0070912661805878976 0.025465617674725688 0.031092005119863847 -0.00035217391705647297 -0.076031184217193237 0.038398388742485384 -0.024352454270871834 -0.042548851440443992 -0.016728875703068889 -0.056557571625439153 0.065854790461940121 -0.022080141482733018 -0.00030571529451459232 0.023003983347089068 -0.056231313460485148
leaf_weight=247.96819451916963 3.8464957475662258 25.610572964884344 1.7049059364944792 21.81673447415233 12.933312466368077 856.33257920388132 848.23141542263329 34.387492889538407 3.0180568397045127 1952.5475124735385 1627.0911403503269 227.43524928204715 128.09724059794098 348.77084030769765 428.80941805057228 5.8114354833960524 33.1719626840204 6.8573620952665788 5.0749021582305431 3.5800819583237162 5.3947054138407102 3.8778446018695831 3.2368761422112566 4.3960939217358828 3.3636584058403969 27.560384880751371 2.9719542022794476 1.1775586381554592 14.679885905236004
leaf_count=1432 19 209 34 242 65 4122 4127 177 20 8683 7600 1049 748 1657 2043 69 164 38 23 26 49 23 25 29 17 154 19 9 293
internal_value=-2.85344e-06 0.00135079 -0.00240247 -0.00205409 -0.00349605 -0.000370675 -0.00750382 0.0037201 0.000953064 0.00296134 -0.00135919 0.00213387 0.0167192 -0.00092603 0.00534322 -0.0234921 0.0211977 0.0101337 -0.0325392 0.0367002 0.0233364 -0.00369117 -0.0323658 -0.00739033 0.0253561 -0.0286102 0.0472394 -0.0480041 -0.0531074
internal_weight=6889.76 4404.91 2484.85 2456.29 1965.47 1104.3 861.165 490.825 4318.37 2311.1 2007.27 2179.98 131.115 1975.86 463.197 27.6282 86.5394 50.4989 11.9323 36.0405 38.5667 7.45793 28.559 10.9966 6.60053 31.4069 28.5825 17.5624 16.3848
internal_count=33165 20481 12684 12277 9746 5554 4192 2531 19930 10500 9430 9732 768 9257 2220 311 551 274 61 277 213 49 407 71 42 173 228 336 327
is_linear=0
shrinkage=0.05


Tree=94
num_leaves=25
num_cat=0
split_feature=4 6 40 7 44 27 59 15 9 5 3 5 23 28 27 4 31 4 35 40 9 24 35 26
split_gain=8.384 11.1761 8.59822 12.6948 7.95969 10.5419 8.17446 8.49226 8.46779 8.0938 7.92868 11.641 9.60172 8.11052 8.62143 7.82449 7.79766 6.94368 6.94153 6.2981 6.16273 5.68043 4.97346 3.26678
threshold=0.85950000000000004 0.70200000000000007 0.71350000000000013 0.10600000000000001 0.42400000000000004 0.26950000000000007 14.500000000000002 -1.3389999999999997 2.4220000000000002 0.42200000000000004 0.89600000000000013 -0.8909999999999999 -0.99999999999999978 0.37850000000000006 0.20850000000000002 1.0000000180025095e-35 0.79050000000000009 0.89100000000000013 0.62650000000000017 0.68900000000000006 1.6380000000000001 3.7485000000000004 0.72950000000000015 0.60400000000000009
decision_type=2 2 2 2 2 2 2 2 2 2 2 2 2 2 2 2 2 2 2 2 2 2 2 2
left_child=4 10 3 22 5 16 8 -8 20 -9 13 19 -13 18 -15 -10 23 -4 -2 -12 -6 -19 -3 -1
right_child=1 2 17 -5 6 -7 7 9 15 -11 11 12 -14 14 -16 -17 -18 21 -20 -21 -22 -23 -24 -25
leaf_value=0.071782358945418054 0.036586459027973708 0.032527874778657533 0.079844486082459684 -0.099567055697723658 -0.0014590442492994034 -0.038579746971503091 0.090031382494799583 -0.020431762382168886 -0.025411942700419906 0.002614589541438608 0.070884955205892261 0.013799653893292638 0.0004656616214668486 -0.0078039812326192396 0.0020634938568651054 0.0088712577534902567 -0.0070570551536258998 0.0095064135754422876 -0.012136963730133087 0.012209642100794092 -0.015754449732398482 0.040126704287425687 -0.033583779929458976 0.020899980336214569
leaf_weight=10.979575566016143 7.5212186397984615 8.0090404013171774 5.5769566148519507 3.4341708645224562 98.248596981633455 5.7340564900077871 2.6312406659126273 43.221708524040878 20.177721560001373 321.29337007179856 4.6925044106319538 139.44962831027806 4241.4515035292134 321.29820330068469 711.70758032798767 95.007366070523858 6.8187099415808907 38.199980802834034 260.35124009009451 180.17323859035969 324.05562667548656 25.097070464864373 4.4117504283785811 4.4260849468410006
leaf_count=58 43 72 27 19 738 36 13 226 376 1399 28 646 19213 1478 3492 501 33 175 1489 1050 1649 337 44 23
internal_value=-2.77384e-06 0.000687965 0.0187176 -0.0144798 -0.00441074 0.0218648 -0.00522281 0.000527988 -0.00915104 -0.000118089 0.000427573 0.00140873 0.000890099 -0.00301604 -0.00100561 0.00286565 0.03746 0.0263597 -0.0107689 0.013699 -0.0124286 0.0216473 0.00904562 0.0571637
internal_weight=6883.97 5951.37 84.729 15.855 932.594 27.9584 904.636 367.146 537.489 364.515 5866.65 4565.77 4380.9 1300.88 1033.01 115.185 22.2244 68.874 267.872 184.866 422.304 63.2971 12.4208 15.4057
internal_count=33165 28113 674 135 5052 150 4902 1638 3264 1625 27439 20937 19859 6502 4970 877 114 539 1532 1078 2387 512 116 81
is_linear=0
shrinkage=0.05


Tree=95
num_leaves=26
num_cat=0
split_feature=13 24 42 24 20 4 16 8 59 15 24 13 16 32 21 26 35 16 2 24 24 24 21 36 1
split_gain=8.27906 9.47772 8.83255 9.96326 11.4864 10.3859 9.04711 7.46934 6.76082 5.31771 5.0458 9.27862 6.73324 5.80808 2.77103 1.55695 1.39805 0.862232 2.06133 0.10035 0.0248267 0.0237733 0.0086544 0.00167549 0.000889921
threshold=0.59200000000000008 4.8335000000000008 0.22750000000000004 3.2855000000000003 -3.4999999999999996 1.3470000000000002 0.54750000000000021 0.18333333333333332 12.500000000000002 0.76800000000000013 4.0015000000000009 1.0000000180025095e-35 0.15600000000000003 0.39150000000000007 7.5000000000000009 0.6695000000000001 0.84650000000000014 0.08900000000000001 8.5000000000000018 2.3335000000000004 1.9475000000000002 2.4825000000000004 5.5000000000000009 0.52400000000000013 3.5000000000000004
decision_type=2 2 2 2 2 2 2 2 2 2 2 2 2 2 2 2 2 2 2 2 2 2 2 2 2
left_child=7 2 6 5 -5 -4 9 17 -8 -2 11 16 -13 -12 -15 22 -9 18 21 20 -19 -1 24 -24 -3
right_child=1 15 3 4 -6 -7 8 10 -10 -11 13 12 -14 14 -16 -17 -18 19 -20 -21 -22 -23 23 -25 -26
leaf_value=-0.052845059329839794 0.0040948236868867212 0.051120632979338658 -0.0032231233344553545 0.002418879403751106 0.01944212534599031 0.00125806312181 0.0055868716051052682 -0.049230704420601581 0.030246274066840991 -0.024333722424005715 -0.046994903070704724 -0.00074140718782349105 -0.01949892922270699 0.046204816341723416 0.0069522778643254617 0.004567310448217423 -0.010719676635939026 -0.054020589473057767 0.024136922654226109 -0.071260710094202276 -0.061494870142260565 -0.062926657282535547 0.055554906956116062 0.053696563989964689 0.052475434162275895
leaf_weight=1.6669649323448528 481.07450084388256 2.4276941483840329 2734.0070161428303 671.10999733395875 116.258714213036 2453.1982881594449 51.64129673410207 15.28576352633536 60.194832384586334 17.031967684626579 3.0607035458087948 167.16337897349149 67.025100608356297 9.4359323959797639 8.5886847451329213 1.9675867119804014 2.7861768575385204 2.3113368144258857 1.1512681469321249 1.9315512478351591 2.1393769942224026 0.90071053057909001 2.8599576242268085 2.1061382181942463 2.4207389242947102
leaf_count=49 2218 126 12656 3431 806 11079 281 356 261 84 30 876 408 155 51 34 46 45 8 11 16 8 34 36 60
internal_value=-2.58792e-06 0.000356963 0.000276791 -0.000308325 0.00493244 -0.00110382 0.00600818 -0.00836995 0.0188596 0.00312275 -0.00680966 -0.00877367 -0.00610984 0.0166874 0.0275011 0.0451615 -0.0432934 -0.0505925 -0.0314556 -0.0617436 -0.0576133 -0.0563816 0.0532997 0.0547668 0.0517971
internal_weight=6879.75 6596.3 6584.52 5974.57 787.369 5187.21 609.943 283.447 111.836 498.106 273.346 252.26 234.188 21.0853 18.0246 11.7821 18.0719 10.1012 3.71894 6.38227 4.45071 2.56768 9.81453 4.9661 4.84843
internal_count=33165 31106 30816 27972 4237 23735 2844 2059 542 2302 1922 1686 1284 236 206 290 402 137 65 72 61 57 256 70 186
is_linear=0
shrinkage=0.05


Tree=96
num_leaves=27
num_cat=0
split_feature=14 13 18 14 16 24 16 7 4 41 11 59 28 4 43 6 37 28 7 0 33 31 4 28 7 21
split_gain=8.25731 10.2821 8.10723 9.21619 7.93441 7.6003 10.7283 10.1241 7.42127 9.32944 6.46997 6.72969 6.29809 6.16531 5.86492 5.85094 5.82342 3.86988 3.76559 3.41229 3.17212 3.56286 2.62239 1.55178 1.31246 1.01816
threshold=0.55800000000000016 2.4905000000000004 0.76388888888888895 0.40600000000000008 0.90450000000000019 2.3485000000000005 0.63250000000000017 0.62000000000000011 1.2830000000000001 0.50100000000000011 28.500000000000004 11.500000000000002 0.27900000000000008 2.5145000000000004 0.75850000000000006 0.59650000000000014 0.50500000000000012 0.33700000000000008 0.24550000000000002 6.5000000000000009 0.16100000000000003 0.76000000000000012 0.91850000000000021 0.64000000000000012 0.26200000000000007 -8.4999999999999982
decision_type=2 2 2 2 2 2 2 2 2 2 2 2 2 2 2 2 2 2 2 2 2 2 2 2 2 2
left_child=2 4 10 13 5 7 -7 -2 9 22 11 16 -5 15 -14 -4 -1 -6 -13 -11 -10 -22 -3 -15 -12 -19
right_child=1 8 3 12 17 6 -8 -9 20 19 24 18 14 23 -16 -17 -18 25 -20 -21 21 -23 -24 -25 -26 -27
leaf_value=-0.037572558986371678 -0.0019888862995548185 -0.00051482682277987268 -0.027527620467625271 0.08589918409135372 -0.0026676473950999835 0.00079576920665945972 0.015254384383292572 -0.034553476614944616 -0.022206247602487808 -0.0092399298037699699 -0.074714242643682635 -0.0046682229075710171 -0.00012557299829677205 0.060405020626983268 0.042831560691742342 0.037784504841970643 -0.007882922524020267 0.080514345240892127 0.068233072237310274 -0.073907688264103946 0.061703541336653858 0.027381003279881244 0.039192372207716854 -0.0086632247744992934 -0.038864871275476491 0.045055993297009864
leaf_weight=30.853676993399858 2240.778493380174 7.5803287401795449 38.648945543915033 2.9817484691739073 3.9270089007914057 4228.5861311051995 132.31208299845457 24.124281410127878 2.2331768404692403 3.8167638219892961 5.7995788380503637 3.7802188824862233 31.515099588781595 3.055852133780717 10.624318860471247 3.7629441656172267 35.541855550836772 3.0022593289613715 3.3332304852083325 4.3817933201789856 11.610231259837745 21.6794309373945 9.2104958184063417 1.1081271134316919 4.5608267784118652 6.2164099030196658
leaf_count=258 10696 38 358 15 36 19550 639 288 21 21 31 23 158 48 53 22 362 14 21 20 108 220 44 16 25 80
internal_value=-2.46188e-06 0.000278051 -0.0107066 -0.000430932 9.10419e-05 1.40491e-05 0.00123445 -0.00233574 0.0207953 -8.14834e-05 -0.0219413 -0.0167277 0.015674 -0.0160328 0.0107049 -0.0217329 -0.0216796 0.0388976 0.029492 -0.0438022 0.0354816 0.0393515 0.0212663 0.0420244 -0.0589327 0.0566038
internal_weight=6875.03 6699.46 175.566 91.697 6638.95 6625.8 4360.9 2264.9 60.5122 24.9894 83.8694 73.509 45.1212 46.5759 42.1394 42.4119 66.3955 13.1457 7.11345 8.19856 35.5228 33.2897 16.7908 4.16398 10.3604 9.21867
internal_count=33165 31775 1390 670 31303 31173 20189 10984 472 123 720 664 226 444 211 380 620 130 44 41 349 328 82 64 56 94
is_linear=0
shrinkage=0.05


Tree=97
num_leaves=31
num_cat=0
split_feature=17 22 4 18 13 41 23 3 41 18 28 41 24 13 4 13 4 15 28 9 3 1 29 2 24 28 22 3 19 21
split_gain=7.72163 15.8443 16.2208 16.2497 10.0854 9.93881 10.8809 11.0782 9.48853 9.26154 9.14345 8.56106 8.48314 10.9761 9.81063 9.05647 8.30404 9.15754 8.09119 9.89636 7.38809 6.63215 6.41193 6.35892 7.68573 6.24837 6.0138 5.51311 5.20839 4.75959
threshold=0.20350000000000004 0.25833333333333336 1.0425000000000002 0.25833333333333336 0.88350000000000006 0.48800000000000004 1.4025000000000001 2.2245000000000004 0.47400000000000003 0.76388888888888895 0.51900000000000013 0.51550000000000018 2.2515000000000005 2.1705000000000001 2.1910000000000003 2.0975000000000006 0.34500000000000003 -0.8869999999999999 0.17500000000000002 0.59650000000000014 0.89100000000000013 24.500000000000004 2.9695000000000005 15.500000000000002 2.5385000000000004 0.14100000000000004 -0.43055555555555552 1.1190000000000004 2.3270000000000004 5.5000000000000009
decision_type=2 2 2 2 2 2 2 2 2 2 2 2 2 2 2 2 2 2 2 2 2 2 2 2 2 2 2 2 2 2
left_child=4 2 8 20 11 16 10 -8 26 -5 -7 18 14 15 21 -14 -3 -18 25 -20 -4 -6 -10 29 -25 -1 -2 -15 -16 -13
right_child=1 5 3 9 12 6 7 -9 22 -11 -12 23 13 27 28 -17 17 -19 19 -21 -22 -23 -24 24 -26 -27 -28 -29 -30 -31
leaf_value=-0.007927206487123464 -0.036280914849079179 -0.041316799679301498 -0.032792439658403595 -0.0014536963279910512 0.00015860727284989812 0.0089676752073426982 -0.052471957825422348 0.0070858374492493428 -0.013773725499105339 0.0094580922624526893 0.040209372502062253 0.009105509167180165 0.0053023707531560304 0.065367407178872156 0.040531240103334115 -0.025249963624471228 0.01160663036874862 -0.0027940642291177605 0.0288553439566471 -0.014694183235731868 -0.0095554073899051743 -0.012307531332293262 -0.034889842729857394 -0.062409531414394509 0.0059168786741987901 0.012317748243285132 -0.001781708160530466 0.020633193832058971 0.0016334775408827042 0.04456408080640728
leaf_weight=77.64315021596849 13.325061635114251 12.240197136998175 50.494783908128738 1963.3528118301183 618.24795770552009 460.10975527577102 14.211390525102617 17.327974008396268 288.68468788079917 215.83810976147652 24.6756835822016 20.442359061911702 1402.3623334970325 7.9162354953587046 21.308075591921806 24.682416185736656 139.92264817841351 523.1436452306807 13.757619781419633 251.89562247786671 106.04407275468111 128.94358109682798 41.06386857572943 4.9157079607248333 25.290724024176598 74.85973107162863 242.85054761823267 52.995971888303757 14.436422470957039 17.621931172907352
leaf_count=399 85 78 296 8950 3061 2129 67 106 1569 954 114 151 6646 51 108 122 675 2359 83 1445 486 567 200 24 110 376 1326 356 185 87
internal_value=-2.41664e-06 -0.0013748 -0.00335664 -0.00149069 0.00204487 0.0034843 0.00870652 -0.0197504 -0.0107951 -0.000372938 0.0105579 -0.00448888 0.0034444 0.00566115 -0.00076851 0.00477393 -0.000508498 0.000244822 -0.00716912 -0.0124388 -0.017051 -0.00199269 -0.0164033 0.0119275 -0.00520237 0.00201052 -0.0035762 0.0264469 0.0248213 0.0255211
internal_weight=6870.61 4113.29 2921.65 2335.73 2757.32 1191.63 516.325 31.5394 585.924 2179.19 484.785 486.427 2270.89 1487.96 782.936 1427.04 675.306 663.066 418.156 265.653 156.539 747.192 329.749 68.2707 30.2064 152.503 256.176 60.9122 35.7445 38.0643
internal_count=33165 19394 13866 10686 13771 5528 2416 173 3180 9904 2243 2675 11096 7175 3921 6768 3112 3034 2303 1528 782 3628 1769 372 134 775 1411 407 293 238
is_linear=0
shrinkage=0.05


Tree=98
num_leaves=31
num_cat=0
split_feature=14 13 13 25 21 3 1 13 17 40 22 4 33 0 9 32 1 15 13 26 31 29 4 7 40 21 11 43 31 31
split_gain=7.80257 10.4171 9.76508 9.09991 7.8335 7.754 10.0546 11.5444 8.76164 8.62435 7.96986 7.41769 6.62968 6.51915 6.36877 6.26205 6.22074 5.80762 13.7165 5.73288 5.23902 4.59346 4.4635 3.88852 4.38789 5.07808 2.80598 1.82575 3.97912 0.968356
threshold=0.7965000000000001 2.1835000000000004 1.1635000000000002 341.50000000000006 -21.499999999999996 0.54000000000000015 8.5000000000000018 0.71100000000000008 0.23200000000000004 0.71650000000000003 0.23611111111111108 0.89850000000000019 0.22850000000000004 11.500000000000002 1.5965000000000003 0.55550000000000022 24.500000000000004 1.2545000000000002 2.0815000000000006 0.11900000000000001 0.86050000000000015 2.2070000000000003 1.0465000000000002 0.44200000000000006 0.70200000000000007 -13.499999999999998 15.500000000000002 0.75850000000000006 0.69000000000000006 0.7835000000000002
decision_type=2 2 2 2 2 2 2 2 2 2 2 2 2 2 2 2 2 2 2 2 2 2 2 2 2 2 2 2 2 2
left_child=2 5 23 13 17 8 7 -7 12 -10 -8 14 -2 22 -6 16 -5 21 -19 -13 -17 -4 -3 24 26 -26 -1 29 -29 -25
right_child=1 3 4 15 11 6 10 -9 9 -11 -12 19 -14 -15 -16 20 -18 18 -20 -21 -22 -23 -24 27 25 -27 -28 28 -30 -31
leaf_value=-0.062677944747315126 0.016321240236230061 -0.049066683417792273 0.020438658447357681 0.013430377583587352 -0.053236372401043258 -0.007906353507590896 -0.0017153204605734225 0.0086143547498984101 -0.055920773246233992 -0.014278675363516919 0.0024304164694092904 0.025558512469049929 -0.014296184289120313 -0.079923513922804904 -0.0092310467910441171 0.033356576451564472 -0.02338929528707118 0.048242223819567956 -0.044564164577245782 0.00069680929962425591 -0.016809139535215116 -0.034547487076951822 0.027874018413368312 -0.059280963700875815 -0.049629613146087326 -0.0068799171857550669 -0.019716278703241923 0.10614029583554252 -0.059423493564476904 -0.024230969474896811
leaf_weight=7.2297056373208752 34.910085290670395 3.1029101163148862 4.2117992788553229 76.805379592813551 10.139558700844644 127.05802983045578 3452.7763788104057 630.34695318061858 16.389659377746284 51.513504168018699 1745.2478110622615 24.783016804605722 35.823785798624158 4.116022271104157 43.479723934084177 55.45240421500057 13.485774159431456 8.768274277448656 7.2926217615604392 360.13333825953305 5.743524841964244 38.674137368798256 4.8022443912923336 8.8747285148128849 7.6632615104317656 74.282222696579993 8.0133251473307592 0.60602961434051283 0.90462081972509623 2.5330615057609966
leaf_count=73 201 14 20 460 80 1051 15337 3544 105 348 7945 125 181 28 245 348 60 37 32 1780 32 165 28 175 41 582 46 17 26 39
internal_value=-2.36381e-06 0.000522886 -0.00541192 0.0129773 -0.00242982 0.000188723 0.000460845 0.00584293 -0.0115008 -0.0243298 -0.00032338 -0.000129511 0.000814779 -0.0288956 -0.0175526 0.0163001 0.00793104 -0.019543 0.00610249 0.00229754 0.0286483 -0.0291473 -0.00232654 -0.0188855 -0.0154598 -0.0108777 -0.0400928 -0.0446581 0.00699595 -0.0514982
internal_weight=6865.16 6257.57 607.589 163.508 497.482 6094.07 5955.43 757.405 138.637 67.9032 5198.02 438.536 70.7339 12.0212 53.6193 151.487 90.2912 58.9468 16.0609 384.916 61.1959 42.8859 7.90515 110.107 97.1885 81.9455 15.243 12.9184 1.51065 11.4078
internal_count=33165 29682 3483 970 2484 28712 27877 4595 835 453 23282 2230 382 70 325 900 520 254 69 1905 380 185 42 999 742 623 119 257 43 214
is_linear=0
shrinkage=0.05


Tree=99
num_leaves=22
num_cat=0
split_feature=39 41 13 39 13 14 28 27 14 24 24 13 9 10 22 30 5 8 28 59 28
split_gain=7.45768 9.53955 11.065 10.1066 13.4528 11.7076 8.08355 10.0288 7.8274 7.76368 7.70079 11.3589 8.01012 6.9816 6.60982 6.02025 5.82224 5.76754 5.21005 5.01707 5.00732
threshold=2.7295000000000003 0.51450000000000007 2.2745000000000002 2.5845000000000007 1.7110000000000001 1.3470000000000002 0.70950000000000013 0.16900000000000001 0.57400000000000007 3.7485000000000004 2.7335000000000007 1.0440000000000003 1.7400000000000004 14.500000000000002 0.097222222222222168 1.6640000000000001 -1.2094999999999998 0.59166666666666679 0.24700000000000003 27.500000000000004 0.6755000000000001
decision_type=2 2 2 2 2 2 2 2 2 2 2 2 2 2 2 2 2 2 2 2 2
left_child=1 2 3 4 -1 -5 7 -2 16 19 11 13 -13 -3 -11 18 -4 -17 -12 -9 -10
right_child=6 10 8 5 -6 -7 -8 9 20 14 15 12 -14 -15 -16 17 -18 -19 -20 -21 -22
leaf_value=-0.00035047703085402336 -0.069484695417134354 -0.018064108518707898 0.02219840108123998 -0.0066167158198818053 0.0086117792140537781 0.00067856138618595273 0.052344360564221107 -0.012091203135383343 0.024723646699734585 -0.051343666457090723 0.0026309179158099873 0.0072629589317946153 -0.014779012720332184 0.012163525961167345 0.027757620093585553 0.0060928326271625314 -0.031353781113212825 0.067546425762126702 0.014147299324648969 0.007672964626212875 -0.0097724196268772941
leaf_weight=2727.0036897901446 6.589452262967824 99.749948345590383 7.8711163662374046 1230.4377306033857 494.668576143682 994.40150027163327 5.5647975737228981 249.28614517813548 86.858892287127674 2.977442177943888 179.50894667208195 387.5754109621048 46.122051671147346 23.626959973946214 23.369400282390416 6.7838600734248748 14.289872117340563 8.7329909401014429 216.8426445312798 36.856808193027973 11.969426088966427
leaf_count=13163 33 581 81 5802 2318 4852 28 1172 550 26 855 1745 208 124 180 34 74 48 1054 165 72
internal_value=-2.53663e-06 0.000364837 -0.000432023 -0.000764245 0.00102562 -0.00335606 -0.00739931 -0.00844125 0.0145235 -0.00715403 0.00494356 0.0011108 0.00491888 -0.0122754 0.0188184 0.0101276 -0.0123332 0.0406793 0.00893149 -0.00954547 0.0205457
internal_weight=6861.09 6536.44 5567.5 5446.51 3221.67 2224.84 324.644 319.079 120.989 312.49 968.943 557.074 433.697 123.377 26.3468 411.868 22.161 15.5169 396.352 286.143 98.8283
internal_count=33165 31561 26912 26135 15481 10654 1604 1576 777 1543 4649 2658 1953 705 206 1991 155 82 1909 1337 622
is_linear=0
shrinkage=0.05


Tree=100
num_leaves=27
num_cat=0
split_feature=4 6 13 14 40 7 17 44 27 59 15 2 40 4 24 22 14 4 20 44 27 19 33 22 13 7
split_gain=7.28308 9.68488 9.00267 9.63356 7.99889 10.9686 7.7112 7.19861 9.41773 7.33309 7.61225 7.3019 6.81697 6.50446 5.91594 5.84526 5.71288 7.28494 5.6576 5.50747 5.25457 6.35513 4.5773 3.3613 2.85236 1.15201
threshold=0.85950000000000004 0.70200000000000007 2.5120000000000005 0.34850000000000009 0.71350000000000013 0.10600000000000001 0.081500000000000017 0.42400000000000004 0.26950000000000007 14.500000000000002 -1.3389999999999997 12.500000000000002 0.75500000000000012 0.91100000000000014 3.645 -0.92499999999999982 1.0725000000000002 0.83650000000000013 -4.4999999999999991 0.49250000000000005 0.23750000000000002 1.2125000000000001 0.27050000000000007 -0.40833333333333327 1.3270000000000002 0.12250000000000001
decision_type=2 2 2 2 2 2 2 2 2 2 2 2 2 2 2 2 2 2 2 2 2 2 2 2 2 2
left_child=7 2 3 15 5 22 -5 8 20 16 -11 -12 23 25 -15 -2 17 -9 -18 -14 21 -1 -3 -4 -22 -6
right_child=1 4 12 6 13 -7 -8 9 -10 10 11 -13 19 14 -16 -17 18 -19 -20 -21 24 -23 -24 -25 -26 -27
leaf_value=0.040599768504214859 -0.057588231251691185 -0.032646728935813427 0.02097216627877458 0.0064096539631471119 0.083229231398890713 -0.092062459375456845 -0.00015322073129276205 -0.020551029882138395 -0.03699337436289795 0.085442985319549067 0.058643372130535103 -0.00092002401308899015 -0.052971178150158484 0.0057299059109859165 0.03782235449387808 -0.013428723507497254 -0.0090548116326340349 0.022656160183841784 0.0047265961437059703 0.022102035347119912 0.096416045936279185 -0.031317263533764315 0.03099351882963048 0.05284428453918464 0.038832357589702715 0.046218420216982109
leaf_weight=9.0446288287639671 9.6558993328362686 4.4303239556029421 22.193606612272557 489.12306505069137 4.5402273982763273 3.5344805568456641 5270.1856771446764 129.76965392800048 5.6185956993140271 2.6216031759977332 5.2203599903732529 358.20950650423765 4.7436968600377423 34.215953029692173 24.745665249414742 33.465003854595125 292.70971984416246 10.548596978187559 99.882507753558457 5.0370824886485934 4.0696379020810109 4.6517437100410453 7.7997025744989514 13.187803137116136 4.560380682349205 3.9159407690167427
leaf_count=49 174 44 239 2549 22 19 24046 1067 36 13 26 1599 36 157 340 251 1634 56 507 61 22 23 72 83 20 20
internal_value=-2.2444e-06 0.000641927 0.000400942 0.000227861 0.0175827 -0.0144812 0.000404147 -0.00412394 0.0208677 -0.00490083 0.000547944 -6.44466e-05 0.0226384 0.0250804 0.0191988 -0.0233172 -0.00864355 -0.0173029 -0.00554857 -0.0143086 0.0354289 0.0161744 0.00793986 0.0328519 0.065987 0.06609
internal_weight=6857.68 5930.77 5847.59 5802.43 83.1823 15.7645 5759.31 926.907 27.945 898.962 366.051 363.43 45.1622 67.4178 58.9616 43.1209 532.91 140.318 392.592 9.78078 22.3264 13.6964 12.23 35.3814 8.63002 8.45617
internal_count=33165 28113 27439 27020 674 135 26595 5052 150 4902 1638 1625 419 539 497 425 3264 1123 2141 97 114 72 116 322 42 42
is_linear=0
shrinkage=0.05


Tree=101
num_leaves=28
num_cat=0
split_feature=7 17 9 5 5 9 13 24 6 31 42 20 4 14 4 27 36 39 31 1 30 27 1 26 23 14 32
split_gain=7.23288 18.4238 10.3489 10.2207 9.35795 8.05052 8.0459 8.46964 10.2501 9.29208 8.81543 12.1241 8.69788 7.9716 7.22343 6.72491 6.66912 6.45868 6.71639 6.31427 5.27399 4.72878 2.70184 2.37336 3.14345 2.38424 0.000186875
threshold=0.41300000000000003 0.12750000000000003 1.4460000000000002 -1.2454999999999998 -0.88099999999999989 0.85450000000000015 1.0000000180025095e-35 3.3125000000000004 0.48200000000000004 0.6070000000000001 0.22750000000000004 12.500000000000002 0.94850000000000001 2.6835000000000004 0.91100000000000014 0.22750000000000004 0.46450000000000008 2.5810000000000008 0.71850000000000003 38.500000000000007 1.2675000000000003 0.28950000000000004 5.5000000000000009 0.61550000000000005 1.9705000000000001 2.3140000000000005 0.45950000000000008
decision_type=2 2 2 2 2 2 2 2 2 2 2 2 2 2 2 2 2 2 2 2 2 2 2 2 2 2 2
left_child=6 3 4 -2 15 21 13 10 14 -10 11 -8 -12 23 -9 -3 -7 18 -4 -19 -6 -5 26 25 -25 -1 -15
right_child=1 2 17 5 20 16 7 8 9 -11 12 -13 -14 22 -16 -17 -18 19 -20 -21 -22 -23 -24 24 -26 -27 -28
leaf_value=-0.048418938704308551 0.10239597525426709 0.0021316740875707957 0.015070225550133768 -0.004926398200727343 -0.045037826520227371 0.041034647276451237 0.0046672894356553493 0.056226459313838607 -0.065116660432441811 0.0029278434823530805 -0.0057453573648674388 0.048993637847280815 0.00010182253191952205 0.052703905032565626 0.013452817344245133 -0.0441509501727681 0.0082794185524476659 -0.038301749750425738 -0.02017317488601874 0.022945060007787971 -0.00075858816901885028 -0.069807309895190461 -0.043326594019105547 -0.06317970474462585 0.017449418574074959 -0.12073082442734209 0.051921278893558589
leaf_weight=11.701714378781622 3.2258501872420302 11.673023455776272 18.008117524906993 17.613437713123862 6.8899928126484147 24.471267033368349 514.69455011468381 10.494277216494082 5.0570605192333451 637.57565737795085 749.93488528486341 15.90308630466461 4186.4379886547104 1.1580578386783593 166.00783143658191 23.955456239171326 42.577802794985473 55.062414590734988 54.21941726282239 4.556428298354148 280.46954497369006 3.3410938736051312 0.94706810265779484 2.0226166490465394 3.0044332761317492 1.2629367671906937 2.2344979923218489
leaf_count=247 19 64 105 110 56 129 2368 45 34 3593 3522 77 19003 26 938 150 227 298 272 20 1700 22 7 29 31 7 66
internal_value=-2.08896e-06 -0.00552257 -0.00963576 0.0149842 -0.00481703 0.01178 0.000475769 0.000582198 0.00532361 0.00239238 -0.000128223 0.00599584 -0.000786482 -0.0294834 0.015996 -0.0289873 0.0202343 -0.0214403 -0.0113861 -0.0336209 -0.00182027 -0.0152713 0.0313435 -0.044155 -0.0149914 -0.0554631 0.0521884
internal_weight=6854.5 546.064 454.834 91.2295 322.988 88.0036 6308.44 6286.11 819.135 642.633 5466.97 530.598 4936.37 22.3313 176.502 35.6285 67.0491 131.846 72.2275 59.6188 287.36 20.9545 4.33962 17.9917 5.02705 12.9647 3.39256
internal_count=33165 3172 2665 507 1970 488 29993 29580 4610 3627 24970 2445 22525 413 983 214 356 695 377 318 1756 132 99 314 60 254 92
is_linear=0
shrinkage=0.05


Tree=102
num_leaves=25
num_cat=0
split_feature=3 8 20 18 14 18 40 31 40 32 36 16 40 13 14 40 26 42 14 5 14 5 34 16
split_gain=6.97944 9.98849 7.91796 6.78977 12.908 10.0142 7.93128 7.55328 9.77304 6.42626 8.12955 6.95917 5.75505 5.671 6.63418 8.23824 6.35209 2.69116 2.62447 1.93419 2.51099 1.84458 1.03891 0.41337
threshold=0.34150000000000008 1.0000000180025095e-35 6.5000000000000009 0.78888888888888908 0.55800000000000016 0.70000000000000007 0.74900000000000011 0.6605000000000002 0.76450000000000007 0.32700000000000007 0.41450000000000004 0.74550000000000016 0.75700000000000012 2.0645000000000002 1.1520000000000001 0.72750000000000015 0.21850000000000003 0.24050000000000002 0.76800000000000013 -1.0164999999999997 2.3140000000000005 -0.90699999999999992 0.37550000000000006 0.24550000000000002
decision_type=2 2 2 2 2 2 2 2 2 2 2 2 2 2 2 2 2 2 2 2 2 2 2 2
left_child=2 13 19 4 6 -6 -3 8 -5 -4 18 -12 -9 14 15 -2 -16 -15 -11 23 21 -21 -19 -1
right_child=1 3 9 7 5 -7 -8 12 -10 10 11 -13 -14 17 16 -17 -18 22 -20 20 -22 -23 -24 -25
leaf_value=-0.048552597091194548 0.027761108931348644 -0.032373697612818268 0.062317342875590924 -0.026984113606571436 9.4900192520848536e-05 -0.010081651363828754 0.0015248866845756681 0.0091178274063176586 0.038432502455933715 -0.026827215062820816 0.022384049329527578 -0.023804799421598234 -0.0027800956247902254 -0.01432210297775504 0.051169305371587662 -0.014921156509334767 0.011885650782754291 0.013880050640473049 -0.074392298142962124 -0.0051834006305903815 0.05729532364096878 -0.055840008041112603 0.067243741769450277 -0.071512689347428535
leaf_weight=3.1460176780819911 16.903675671666861 51.068835622631013 3.2152752075344315 33.756031423807144 5734.049775657244 252.38282465934753 26.060573377646506 442.98309206217527 6.8717079162597647 7.1956890560686571 18.450858226977289 14.614233093336223 131.89773377589881 1.3712399769574393 15.733703244477509 34.134431734681129 29.744249455630779 1.0333368824794869 4.8579194098711014 2.8143600290641189 0.76690126955509175 4.9716710392385703 7.7714272029697895 5.2014624588191509
leaf_count=32 112 386 34 160 27252 1144 188 2005 31 75 109 183 592 28 76 193 144 19 27 61 4 159 118 33
internal_value=-2.09351e-06 0.000154381 -0.0162787 -8.80729e-05 -0.00059599 -0.000334134 -0.02092 0.00491557 -0.0159197 -0.00597817 -0.0108451 0.00196933 0.00638803 0.0153323 0.0115893 -0.000784912 0.0254764 0.0508337 -0.0459972 -0.0457376 -0.029027 -0.0375295 0.0609809 -0.0628594
internal_weight=6851 6785.76 65.2344 6679.07 6063.56 5986.43 77.1294 615.509 40.6277 48.334 45.1187 33.0651 574.881 106.692 96.5161 51.0381 45.478 10.176 12.0536 16.9004 8.55293 7.78603 8.80476 8.34748
internal_count=33165 32448 717 31758 28970 28396 574 2788 191 428 394 292 2597 690 525 305 220 165 102 289 224 220 137 65
is_linear=0
shrinkage=0.05


Tree=103
num_leaves=25
num_cat=0
split_feature=7 3 4 14 18 18 13 26 7 1 15 13 3 15 40 19 1 22 2 31 27 43 6 31
split_gain=6.88111 7.74879 7.29734 8.06926 7.36951 13.9331 6.77821 5.67875 6.41523 5.48889 5.14928 4.88177 11.368 8.84104 4.67513 4.0986 7.39745 5.80315 3.40411 3.28908 2.65983 2.65439 1.97082 1.74623
threshold=0.63050000000000017 1.4390000000000003 2.1275000000000004 0.26150000000000007 0.76388888888888895 0.70000000000000007 2.3270000000000004 0.20600000000000002 0.24550000000000002 1.0000000180025095e-35 0.65450000000000019 1.0680000000000003 0.82700000000000007 -0.55399999999999994 0.71150000000000013 1.9355000000000002 3.5000000000000004 -0.45555555555555544 3.5000000000000004 0.66350000000000009 0.25750000000000006 0.72000000000000008 0.24550000000000002 0.74250000000000005
decision_type=2 2 2 2 2 2 2 2 2 2 2 2 2 2 2 2 2 2 2 2 2 2 2 2
left_child=2 6 3 7 5 -5 14 8 -1 -6 19 12 21 -14 18 17 -17 -13 -2 -3 -16 -4 -21 -9
right_child=1 10 11 4 9 -7 -8 23 -10 -11 -12 15 13 -15 20 16 -18 -19 -20 22 -22 -23 -24 -25
leaf_value=-0.027960639059889259 -0.037512100423734936 -0.015760801440272403 -0.076216776356060612 -5.3164075623542165e-05 0.04456065586989285 -0.011949501573352526 0.043451506715437321 -0.028946260432646382 0.060352828324227774 0.0045782157947908617 -0.032969311265752255 0.044561063342070842 0.032677628793015633 -0.013847105901106355 -0.054845808626973649 0.019138637835217791 -0.020501697404531474 0.0140123606298489 0.038446724873738625 0.073261943796654724 -0.025393737117552106 -0.027696177167199722 0.020518412333033191 -0.061830507570383067
leaf_weight=5.769089341163637 2.58830109424889 2.4515461307018978 3.8852806463837615 5704.1346496269107 8.7048418857157213 257.22638007998466 3.0054583549499503 7.7424298617988851 3.1953003900125623 617.94238259270787 4.0151756927371016 21.809041667729616 21.868168946355578 19.155856471508745 18.051567140966657 31.636410463601351 18.741243727505207 54.133695773780346 3.4291278161108494 4.2342168372124434 13.324215815868227 10.268129669129847 3.044664528220892 8.4355053855106217
leaf_count=71 48 19 21 27040 105 1167 16 124 30 2753 21 120 112 83 219 349 100 310 21 62 173 61 22 118
internal_value=-2.20568e-06 -0.0177563 0.000139271 -0.000132186 -2.42888e-05 -0.000566478 -0.0287897 -0.0284042 0.00351814 0.00513362 0.0146711 0.0100302 -0.00237715 0.0109533 -0.0345961 0.0154498 0.00439184 0.0227853 0.00577425 0.0343295 -0.0423385 -0.0410157 0.0512 -0.0460928
internal_weight=6848.79 54.1443 6794.65 6613.15 6588.01 5961.36 40.3987 25.1423 8.96439 626.647 13.7456 181.498 55.1774 41.024 37.3932 126.32 50.3777 75.9427 6.01743 9.73043 31.3758 14.1534 7.27888 16.1779
internal_count=33165 601 32564 31408 31065 28207 477 343 101 2858 124 1156 277 195 461 879 449 430 69 103 392 82 84 242
is_linear=0
shrinkage=0.05


Tree=104
num_leaves=26
num_cat=0
split_feature=13 4 20 22 18 2 40 5 14 14 14 8 17 42 9 40 44 42 8 30 30 59 28 44 28
split_gain=6.8371 8.4251 12.3695 11.1578 10.806 11.9254 9.88564 11.0027 8.38252 7.48315 7.44814 6.95111 6.89443 6.34202 6.20505 5.6789 4.56232 4.42575 3.36364 2.87695 6.19125 2.27346 0.799599 0.763657 0.682181
threshold=0.68600000000000005 0.66100000000000014 -12.499999999999998 0.36666666666666664 0.59166666666666679 7.5000000000000009 0.68550000000000011 0.54350000000000021 1.0890000000000002 0.81350000000000011 1.7875000000000003 0.18333333333333332 0.58950000000000002 0.20000000000000004 0.57400000000000007 0.7400000000000001 0.46500000000000008 0.25150000000000006 1.0000000180025095e-35 1.3980000000000001 1.3910000000000002 12.500000000000002 0.46150000000000008 0.44250000000000006 0.12450000000000001
decision_type=2 2 2 2 2 2 2 2 2 2 2 2 2 2 2 2 2 2 2 2 2 2 2 2 2
left_child=9 2 16 4 5 -3 7 -5 -6 19 -8 18 13 -4 -13 -16 -2 -18 -11 20 22 -20 -1 -21 -25
right_child=1 3 12 6 8 -7 10 -9 -10 11 -12 14 -14 -15 15 -17 17 -19 21 23 -22 -23 -24 24 -26
leaf_value=-0.057075450942372014 0.07769319703301597 0.0053037919356818536 0.050614507280054545 -0.058781482483974939 6.0352511376310242e-05 -0.003184579932356968 0.0044992846758900177 0.0057906082430901826 0.0065085470474360863 0.022657809449498842 0.015809897602343678 0.069348018309564927 -0.078127056120340127 -0.01203486728410439 0.00081590967065394652 -0.010287414530499462 -0.024584579480607827 0.037690431725715366 -0.024560267185466788 -0.0097489920196279969 0.083140745454995557 -0.061120094587337838 -0.0033592129520267828 -0.011626852690341034 -0.057389135404885397
leaf_weight=2.3933915006928177 4.1506783589720753 488.99527700152248 4.1184715107083312 12.200561791658403 1202.4659048747271 2689.9334258660674 626.29021113552153 14.363782433792947 867.70309708639979 2.3297404944896725 189.61899552168325 2.9280020743608466 3.8749255724251261 210.82479119673371 285.55729478411376 192.9863754818216 4.2223810777068129 8.7968474067747575 9.2434649569913763 1.0691061429679383 1.413925831671804 7.87497255206108 0.97501655668020237 0.88134778523817559 10.716900386381893
leaf_count=51 20 2693 20 54 5819 11995 2772 73 3979 18 1237 19 28 1120 1650 1123 20 45 95 20 20 50 18 10 216
internal_value=-2.21595e-06 0.000450048 -0.00881951 0.000809151 -4.81455e-05 -0.00187887 0.00615061 -0.0238663 0.00276309 -0.00552284 0.00712789 -0.00440159 -0.0120261 -0.0108345 -0.00321782 -0.00366182 0.0320462 0.0174935 -0.0337077 -0.03771 -0.00466808 -0.0413788 -0.0415268 -0.0501844 -0.0539117
internal_weight=6845.93 6327.56 235.988 6091.57 5249.1 3178.93 842.474 26.5643 2070.17 518.37 815.909 500.92 218.818 214.943 481.472 478.544 17.1699 13.0192 19.4482 17.4497 4.78233 17.1184 3.36841 12.6674 11.5982
internal_count=33165 29875 1253 28622 24486 14688 4136 127 9798 3290 4009 2955 1168 1140 2792 2773 85 65 163 335 89 145 69 246 226
is_linear=0
shrinkage=0.05


Tree=105
num_leaves=24
num_cat=0
split_feature=39 41 13 39 13 26 28 15 24 13 30 10 8 28 31 22 13 26 42 30 8 19 24
split_gain=6.8221 8.68732 9.16241 9.00486 11.8985 8.42559 7.32984 7.06817 6.69502 9.88872 6.47838 6.33172 6.20239 13.2155 6.57048 10.1182 9.90682 6.01374 5.90524 5.5039 5.46454 5.3929 2.78096
threshold=2.7295000000000003 0.51450000000000007 2.2745000000000002 2.5845000000000007 1.7110000000000001 0.15500000000000003 0.70950000000000013 1.2545000000000002 2.7335000000000007 1.0440000000000003 1.4260000000000004 14.500000000000002 0.76388888888888895 0.12850000000000003 0.75150000000000017 0.45555555555555566 1.1635000000000002 0.16950000000000004 0.32650000000000007 1.6640000000000001 0.59166666666666679 1.9185000000000001 2.2145000000000006
decision_type=2 2 2 2 2 2 2 2 2 2 2 2 2 2 2 2 2 2 2 2 2 2 2
left_child=1 2 3 4 -1 -5 12 22 9 11 -11 -3 14 -14 15 -2 -16 -9 -15 21 -21 -10 -4
right_child=6 8 7 5 -6 -7 -8 17 19 10 -12 -13 13 18 16 -17 -18 -19 -20 20 -22 -23 -24
leaf_value=-0.00031607968313897224 -0.0073031012281570542 -0.01698400832453615 0.0093104032260145457 -0.013091982439055986 0.0081238516976807115 -0.0022061006717431627 0.050113399980345488 -0.013037016179819443 0.0072720084604195644 0.017127011985314241 0.0016858751887090979 0.011821729791343723 -0.069179836576256148 0.03691154339992344 -0.045442556415000362 0.042972231209982135 -0.011581162564041028 0.014982298557000832 -0.0081179507807431443 0.0055528264567501415 0.065847950302801703 0.037768771241287941 0.04599534409911589
leaf_weight=2721.5730132486206 147.54328720085323 98.576585192233324 7.0566851198673275 194.8642559312284 493.28299424145371 2024.0644167056307 5.5056139333173624 27.026434910483658 379.68688077479601 84.370832087472081 348.54687600396574 23.654329093173146 4.5146090993657699 22.051264303736389 27.991919942200184 10.735905934125183 94.602690304629505 65.710055051371455 10.869874694384633 6.75870725698769 8.4632022706791741 15.071662275120614 19.282152411527932
leaf_count=13163 699 581 34 881 2318 9773 28 168 1819 392 1561 124 26 138 137 51 464 408 61 34 48 90 167
internal_value=-2.32948e-06 0.000349584 -0.000411426 -0.000712087 0.000978932 -0.00316209 -0.0070859 0.0133087 0.00472805 0.00114931 0.00469518 -0.0114095 -0.00807524 0.0110425 -0.0106233 -0.00389298 -0.0193127 0.00681656 0.0220437 0.00957397 0.0390762 0.00843636 0.0361667
internal_weight=6841.8 6517.99 5552.86 5433.78 3214.86 2218.93 323.815 119.075 965.129 555.149 432.918 122.231 318.31 37.4357 280.874 158.279 122.595 92.7365 32.9211 409.98 15.2219 394.759 26.3388
internal_count=33165 31561 26912 26135 15481 10654 1604 777 4649 2658 1953 705 1576 225 1351 750 601 576 199 1991 82 1909 201
is_linear=0
shrinkage=0.05


Tree=106
num_leaves=28
num_cat=0
split_feature=4 17 24 18 59 13 14 2 3 5 17 7 4 40 33 7 18 17 14 36 41 6 7 13 27 15 14
split_gain=6.513 9.30174 9.25673 11.2364 10.9748 9.56561 9.10052 10.7365 10.5469 8.82634 8.05425 7.33908 13.6209 7.07231 7.00594 6.82603 6.80594 6.65115 9.25121 6.76673 6.25143 5.58987 5.49804 5.18525 1.55995 0.460887 0.32932
threshold=1.1060000000000001 0.70700000000000007 2.9475000000000007 0.59166666666666679 11.500000000000002 1.1695000000000002 1.0930000000000002 29.500000000000004 0.96100000000000008 -0.19599999999999998 0.39000000000000007 0.39650000000000007 1.4035000000000002 0.71850000000000003 0.37000000000000005 0.085000000000000006 0.70000000000000007 0.20350000000000004 1.5740000000000001 0.56150000000000022 0.46450000000000008 0.36200000000000004 0.24550000000000002 1.1520000000000001 0.27050000000000007 0.19600000000000004 1.2455000000000003
decision_type=2 2 2 2 2 2 2 2 2 2 2 2 2 2 2 2 2 2 2 2 2 2 2 2 2 2 2
left_child=1 9 3 4 14 10 7 -5 -8 21 13 16 -13 -4 -2 -6 -7 19 -19 -11 -12 23 -3 -1 -23 26 -24
right_child=2 22 5 6 15 11 8 -9 -10 17 20 12 -14 -15 -16 -17 -18 18 -20 -21 -22 24 25 -25 -26 -27 -28
leaf_value=-0.028982715272082932 0.0019994498743990986 0.042210151263112783 -0.0099296330986040886 -0.00042921488074216982 0.0086927589704575824 0.01694850289655684 0.00062755611294220922 0.038496035868856734 0.014837378448614727 -0.00076978335653654249 -0.018645830836210357 -0.039249692309828527 0.021951684451936643 0.0033136695140555889 0.021344201810992721 -0.0051485614998813363 -0.010470350339106097 -0.0058847535614132982 0.0041259256504075931 0.0086958727802549009 0.028648575060275308 -0.032689334654821864 -0.053960567325826561 -0.0024257900135470039 -0.066968425848145455 -0.020542747081794738 -0.073732609748912298
leaf_weight=28.46593948546797 500.84000156074762 1.6067615300416935 138.05873457156122 880.77949026506394 94.554754473268986 281.30163357174024 232.39533679187298 18.078527048230171 298.0671431273222 647.8419873341918 8.3909386545419675 18.402922607958317 17.967169537208974 373.65860017202795 51.628379661589861 1536.8588342443109 24.61258453130722 1000.7616859464906 299.96168830431998 266.46522618737072 41.764417825266719 8.4432884845882636 7.6416430883109534 51.877468083053827 5.4684124439954749 0.82218638807535249 2.907189354300499
leaf_count=348 2437 7 636 4172 408 1646 1009 76 1326 3432 38 88 174 1738 236 6774 187 4770 1408 1380 199 57 248 316 33 5 17
internal_value=-1.99566e-06 -0.00215394 0.00110427 -2.79573e-05 -0.00228369 0.00562887 0.00341861 0.00035368 0.00861206 -0.00191672 0.00161486 0.012218 -0.00901563 -0.000259306 0.00380722 -0.00434634 0.0147425 -0.00127906 -0.00357618 0.00198888 0.0207363 -0.0169018 -0.0443659 -0.011835 -0.0461638 -0.0565993 -0.0594096
internal_weight=6839.62 2322.26 4517.36 3613.2 2183.88 904.157 1429.32 898.858 530.462 2309.29 561.873 342.284 36.3701 511.717 552.468 1631.41 305.914 2215.03 1300.72 914.307 50.1554 94.2551 12.9778 80.3434 13.9117 11.371 10.5488
internal_count=33165 12021 21144 16438 9855 4706 6583 4248 2335 11744 2611 2095 262 2374 2673 7182 1833 10990 6178 4812 237 754 277 664 90 270 265
is_linear=0
shrinkage=0.05


Tree=107
num_leaves=30
num_cat=0
split_feature=40 40 7 13 41 44 37 33 33 3 17 4 21 3 7 11 8 4 4 25 30 3 26 25 27 42 13 39 24
split_gain=6.71924 10.4341 9.06171 8.50637 8.26115 7.9722 7.96598 7.17749 8.02966 6.98246 9.9515 8.47411 6.3683 11.4337 10.443 11.0191 10.436 8.44475 10.8138 8.84378 5.82808 7.61009 7.88116 7.03318 5.61304 5.25801 4.36924 4.90793 2.52466
threshold=0.75850000000000006 0.71500000000000008 0.63050000000000017 2.2040000000000006 0.50700000000000012 0.42400000000000004 0.62900000000000011 0.27550000000000008 0.28700000000000003 0.74550000000000016 0.39650000000000007 1.1275000000000002 17.500000000000004 1.5895000000000004 0.18050000000000002 16.500000000000004 0.63333333333333341 0.89100000000000013 0.91850000000000021 348.50000000000006 1.5445000000000002 1.3655000000000002 0.50650000000000006 348.50000000000006 0.24500000000000002 0.27550000000000008 1.2830000000000001 2.6355000000000004 3.1665000000000005
decision_type=2 2 2 2 2 2 2 2 2 2 2 2 2 2 2 2 2 2 2 2 2 2 2 2 2 2 2 2 2
left_child=1 5 3 4 -3 7 -5 24 -9 10 -7 -11 13 17 15 -15 -16 19 -19 -2 21 -14 -23 25 -1 -22 28 -28 -4
right_child=12 2 26 6 -6 9 -8 8 -10 11 -12 -13 20 14 16 -17 -18 18 -20 -21 23 22 -24 -25 -26 -27 27 -29 -30
leaf_value=-0.022439274141723586 -0.028507096873613209 0.00085271969502350863 -0.057456246653530829 0.018996385050937731 0.0068554922894921173 -0.0093076154051772442 -0.051392662938413915 0.069438487564173659 0.015038852332533967 -0.0072502241578129402 -0.051075639118643101 0.00074183070910761146 -0.053998067425513635 0.0023604463238560114 -0.013922853945111731 0.031933117344534682 0.011170921689753484 0.058107600857183653 -0.0042652424894655053 0.048775380903473331 -0.0099218395720378424 0.050095521925595826 -0.0061060372377239082 -0.087857664657339296 0.0087089141087359576 -0.048946765267223247 0.014534693665116186 -0.047191786678413471 -0.0071519641670575998
leaf_weight=21.946185510605574 55.053687365725636 3029.352834683843 10.782723302720116 103.27748188003898 706.91053405078128 139.88183651119471 4.182242499664425 7.8090430349111548 51.645569403655827 546.76133668702096 15.879589712712912 843.1576302330941 6.762668937444686 62.728646912612021 86.338805976323783 63.271606355905533 79.660400986671448 7.0074412375688544 834.78442867659032 3.96868120599538 27.533807285130024 7.4001134783029547 39.715253986418247 4.5335805118083945 42.420169946737587 12.572601426392792 9.4248604625463468 4.8916938966140142 3.2447847351431838
leaf_count=112 320 14449 207 616 3385 762 27 36 242 2710 129 3924 31 449 430 292 399 33 3810 29 125 32 176 21 226 62 74 40 17
internal_value=-1.86509e-06 0.00075502 0.00217965 0.00238737 0.00198846 -0.00254913 0.0162569 0.00965842 0.022184 -0.00352705 -0.0135658 -0.00240206 -0.00324993 -0.00224083 0.00635729 0.0172105 -0.00188075 -0.00502792 -0.00374602 -0.0233106 -0.0154677 -0.00439811 0.00272119 -0.0288281 -0.00191129 -0.0221554 -0.0259879 -0.00655607 -0.0458201
internal_weight=6832.9 5541.57 3872.07 3843.72 3736.26 1669.5 107.46 123.821 59.4546 1545.68 155.761 1389.92 1291.33 1192.81 291.999 126 165.999 900.814 841.792 59.0224 98.518 53.878 47.1154 44.64 64.3664 40.1064 28.3441 14.3166 14.0275
internal_count=33165 26956 18815 18477 17834 8141 643 616 278 7525 891 6634 6209 5762 1570 741 829 4192 3843 349 447 239 208 208 338 187 338 114 224
is_linear=0
shrinkage=0.05


Tree=108
num_leaves=30
num_cat=0
split_feature=43 7 17 9 5 14 24 41 11 1 13 32 27 43 11 16 1 25 13 14 5 29 15 9 11 14 20 25 27
split_gain=6.41108 8.50044 18.1427 10.6976 9.62811 8.77576 7.32236 9.17569 11.6206 7.30107 9.87816 7.55687 7.19888 6.34258 9.25397 8.92271 6.89198 9.65086 6.22506 7.53323 10.278 6.35391 8.13276 7.11447 5.05869 4.81719 4.52085 4.14702 2.84932
threshold=0.77700000000000014 0.37700000000000006 0.12750000000000003 1.6545000000000003 -1.2094999999999998 0.67300000000000015 1.9675000000000002 0.45300000000000007 45.500000000000007 8.5000000000000018 0.72900000000000009 0.39450000000000007 0.22850000000000004 0.78100000000000014 25.500000000000004 0.39650000000000007 20.500000000000004 344.50000000000006 1.5310000000000001 0.92450000000000021 0.62750000000000006 3.0985000000000005 -0.10399999999999998 1.5580000000000003 4.5000000000000009 1.0365000000000002 -11.499999999999998 345.50000000000006 0.23050000000000004
decision_type=2 2 2 2 2 2 2 2 2 2 2 2 2 2 2 2 2 2 2 2 2 2 2 2 2 2 2 2 2
left_child=1 6 4 24 -3 -6 7 12 -9 10 -8 -11 -1 14 16 -16 17 -2 21 27 -21 23 -23 -15 -4 -17 -5 -20 -18
right_child=13 2 3 26 5 -7 9 8 -10 11 -12 -13 -14 18 15 25 28 -19 19 20 -22 22 -24 -25 -26 -27 -28 -29 -30
leaf_value=-0.031660241042697837 -0.024251139162006604 0.094075551102762028 -0.019139438466199671 0.0055234034550494544 -0.033961112091388995 0.014517321770886132 -0.0077541573703442616 0.00062134928464440775 -0.017474217603741762 -0.0042171906358105986 0.0097329100194610968 0.0012579771319517149 -0.0055176776228150308 -0.0040063541483413472 -0.04583050231234459 -0.010455115237210403 0.048136632743452624 0.048947347077424319 -0.01299098982303778 0.033859797179104326 -0.020336359891326539 -0.0015557616448370797 -0.060301024971597464 0.010709671285799029 -0.0038806129213232185 0.054980603190712574 -0.026189107237683491 0.01395290634643309 0.1015923114833079
leaf_weight=50.220873281359673 7.0134358424693408 3.518453821539878 62.045274887233973 12.62534975260496 10.276416432112454 101.93354096729308 99.252326231449842 584.78843383304775 104.58810887485743 770.07873504981399 433.38087528850883 3469.8458663206547 55.363549002446234 199.50229577440768 7.7935539335012463 5.3811808526515943 5.1964574456214887 12.580075922422109 29.341916684061289 53.908510302193463 10.442643973045049 15.34331636875868 9.5640039965510351 139.59944240003824 436.07824775017798 5.8922929614782333 102.2910559521988 27.822059452533722 4.7913022041320801
leaf_count=244 39 21 650 60 73 520 845 3118 451 3521 2604 15482 303 996 34 23 22 75 138 261 48 77 46 674 2116 25 551 126 22
internal_value=-1.86256e-06 -0.000448042 -0.00552595 -0.00895364 0.0126313 0.0100776 0.000216638 -0.00422627 -0.002124 0.00095669 0.00647432 0.000263547 -0.0179523 0.00525725 0.0224693 -0.004693 0.0399772 0.0227462 0.00353264 0.0133315 0.0250651 0.000261525 -0.024113 0.00205185 -0.00578122 0.0237461 -0.022705 0.00012277 0.0737803
internal_weight=6830.46 6296.29 728.768 613.04 115.728 112.21 5567.52 794.961 689.377 4772.56 532.633 4239.92 105.584 534.172 48.6483 19.067 29.5813 19.5935 485.524 121.515 64.3512 364.009 24.9073 339.102 498.124 11.2735 114.916 57.164 9.98776
internal_count=33165 30559 3991 3377 614 593 26568 4116 3569 22452 3449 19003 547 2606 240 82 158 114 2366 573 309 1793 123 1670 2766 48 611 264 44
is_linear=0
shrinkage=0.05


Tree=109
num_leaves=27
num_cat=0
split_feature=24 4 39 23 7 3 18 28 21 7 37 10 31 10 21 44 4 37 25 27 21 34 4 1 34 3
split_gain=6.20905 11.1515 7.24872 8.12129 7.3007 9.68001 9.2489 6.596 6.36863 8.62995 10.713 7.63399 5.76311 4.94768 4.49447 3.47768 4.13023 2.76806 1.32608 3.14947 0.861362 1.58105 0.449531 0.256454 0.0357217 0.00810372
threshold=4.3335000000000008 1.0000000180025095e-35 2.7295000000000003 1.4025000000000001 0.19100000000000003 0.85450000000000015 0.78888888888888908 0.70950000000000013 5.5000000000000009 0.17300000000000001 0.48950000000000005 15.500000000000002 0.81300000000000006 15.500000000000002 4.5000000000000009 0.50950000000000017 0.98350000000000015 0.40450000000000008 342.50000000000006 0.24350000000000002 4.5000000000000009 0.51550000000000018 1.1635000000000002 5.5000000000000009 0.38100000000000006 1.9835000000000003
decision_type=2 2 2 2 2 2 2 2 2 2 2 2 2 2 2 2 2 2 2 2 2 2 2 2 2 2
left_child=1 12 4 7 5 -3 -6 -4 18 10 17 -12 13 23 24 22 -17 -10 19 -2 25 -22 -11 -1 -14 -20
right_child=8 2 3 -5 6 -7 -8 -9 9 15 11 -13 14 -15 -16 16 -18 -19 20 -21 21 -23 -24 -25 -26 -27
leaf_value=-0.051935159424476164 0.054071120370640227 -0.0052740836082008887 -0.007208705517077009 -0.061740144417755029 -0.001606815609474857 0.0041027283058644604 0.006402494479592344 0.04831123175606012 -0.011849103290848447 0.059785165465824366 -0.015802433482362901 -0.096740971991973582 -0.051757928521558173 0.035253101374674613 0.09723994224815119 -0.044555606616695692 0.055824567491786395 0.056319313929692506 0.056601751683450253 -0.074563755933220524 0.054542764269912773 -0.017874402598262892 0.033392884340478185 -0.065758402201777158 -0.033395445379408015 0.05240352588230314
leaf_weight=5.6586350926663735 1.2132252119481588 323.61987261660397 304.52936094999313 6.7329563125967971 3880.0170209342614 1840.9405734892935 397.3595632109791 5.4452757071703664 2.1825034618377712 6.883521839976309 8.9013033099472505 4.3306248709559432 0.51463209977373414 1.5068806093186147 1.2658073157072065 2.3933284357190123 1.792054548859596 4.6878506056964397 1.2830969933420409 0.78290111199021328 1.743909373879432 1.3273973912000654 2.1073505505919456 8.2429547216743213 0.54570066463202238 11.036188597325234
leaf_count=283 28 1769 1453 32 18187 8731 1789 27 27 62 69 28 22 23 6 23 22 57 16 22 28 14 23 67 18 339
internal_value=-1.95327e-06 -0.000132337 -2.84357e-05 -0.00741343 0.000334636 0.00270082 -0.000862767 -0.0062334 0.0174366 0.00462317 -0.015991 -0.0422925 -0.0397289 -0.0508034 0.0336295 0.036073 -0.00157585 0.0346643 0.0419617 0.00361921 0.0469346 0.0232446 0.0535991 -0.0601317 -0.0423077 0.0528408
internal_weight=6827.04 6776.38 6758.64 316.708 6441.94 2164.56 4277.38 309.975 50.6653 33.2785 20.1023 13.2319 17.7346 15.4085 2.32614 13.1763 4.18538 6.87035 17.3867 1.99613 15.3906 3.07131 8.99087 13.9016 1.06033 12.3193
internal_count=33165 32407 31988 1512 30476 10500 19976 1480 758 311 181 97 419 373 46 130 45 84 447 50 397 42 85 350 40 355
is_linear=0
shrinkage=0.05


Tree=110
num_leaves=31
num_cat=0
split_feature=14 39 13 14 30 41 16 41 41 30 24 4 21 8 6 8 6 4 40 11 27 9 25 31 7 20 13 14 20 39
split_gain=6.25639 8.0127 13.924 10.5685 8.6631 8.13959 7.59853 13.1211 13.0544 9.60627 8.76034 7.45164 7.2856 7.24946 8.39764 6.99133 19.2582 11.5485 10.2389 7.6821 12.6335 7.45041 6.8665 6.80567 6.64417 6.43144 6.34893 5.53734 4.50125 4.22015
threshold=1.2155000000000002 2.5845000000000007 1.7110000000000001 0.92450000000000021 1.5485000000000002 0.48400000000000004 0.43100000000000005 0.43900000000000006 0.46050000000000008 1.5295000000000003 1.7870000000000001 0.40600000000000008 -20.499999999999996 0.29999999999999999 0.58100000000000007 0.36666666666666675 0.47700000000000004 1.3620000000000003 0.72250000000000003 32.500000000000007 0.20450000000000002 1.5845000000000002 345.50000000000006 0.76150000000000018 0.63050000000000017 -2.4999999999999996 1.4260000000000004 0.62750000000000006 11.500000000000002 2.5065000000000004
decision_type=2 2 2 2 2 2 2 2 2 2 2 2 2 2 2 2 2 2 2 2 2 2 2 2 2 2 2 2 2 2
left_child=1 2 11 4 -4 13 15 22 9 -9 -10 -1 28 23 -15 16 17 -2 -18 21 -21 -17 26 -3 -14 -5 -8 -13 -7 -24
right_child=6 5 3 25 -6 12 7 8 10 -11 -12 27 24 14 -16 19 18 -19 -20 20 -22 -23 29 -25 -26 -27 -28 -29 -30 -31
leaf_value=-0.039248681985899578 -0.010191205347358817 0.011945434945538631 0.010751014329193051 -0.026701589685625738 -0.0091315899065114291 -0.022348828862781556 0.029628299987746822 0.010555337345261227 -0.05111894456026278 0.049333288037574419 0.0065932160037606227 -0.014770030268451606 -0.00075335898356046927 -0.022179003510929496 0.0063446294452888354 0.0043356059799206891 -0.0033434907068719735 0.0020314702569791789 -0.059322301936698407 0.041775357878058819 0.0055172281511305299 -0.0016109193760458201 0.020166651817302313 -0.016329387825431713 -0.045720607428769398 0.017038092706767004 -0.049285773714693573 -0.00086388656840079596 -0.0030593642613131761 -0.025327000687659192
leaf_weight=13.415111938491462 282.7950225295499 49.64019085559994 103.18875443376601 8.7264222726225835 116.79540018364787 70.142624273896217 2.9282691031694439 32.125217284075916 6.6653662845492354 31.759825973771513 487.51689680945128 76.584185421001166 969.27998591866344 160.50242612254806 30.747279639355838 969.08407962601632 12.701637029647825 610.36923777870834 22.888549797236919 30.118647232651711 118.73276445269585 1153.9608002481982 11.935780767351391 37.253363338299096 8.2848494902718794 227.61008924245834 19.667047107592225 1096.8430651966482 53.168190591037273 8.8976921280845982
leaf_count=219 1414 256 505 39 549 302 15 152 35 155 2397 566 4733 754 149 4429 56 2831 102 137 507 5858 62 177 143 1082 97 5169 229 46
internal_value=-1.58106e-06 -0.00169965 0.00065889 0.00808179 0.000194814 -0.00450996 0.00134815 0.00650427 0.00856436 0.0298334 0.00581481 -0.00219509 -0.0025791 -0.0121522 -0.0175932 0.000379166 -0.00327573 -0.00183849 -0.0393443 0.00187329 0.0128537 0.00110343 -0.0199682 -0.000176664 -0.00113446 0.0154231 -0.0390588 -0.00177148 -0.0140317 0.000736933
internal_weight=6824.33 3022.18 1643.16 456.321 219.984 1379.02 3802.15 601.496 558.067 63.885 494.182 1186.84 1100.88 278.143 191.25 3200.65 928.754 893.164 35.5902 2271.9 148.851 2123.04 43.4288 86.8936 977.565 236.337 22.5953 1173.43 123.311 20.8335
internal_count=33165 14872 8129 2175 1054 6743 18293 2959 2739 307 2432 5954 5407 1336 903 15334 4403 4245 158 10931 644 10287 220 433 4876 1121 112 5735 531 108
is_linear=0
shrinkage=0.05


Tree=111
num_leaves=27
num_cat=0
split_feature=13 42 14 4 4 8 39 59 16 14 22 22 23 4 9 31 31 19 28 59 7 13 13 28 23 3
split_gain=5.8486 6.58067 7.87101 8.87487 7.55184 12.1288 10.0306 7.25557 7.04141 11.4494 7.73146 6.1151 5.47165 6.45358 5.71333 5.06868 5.02656 5.2271 4.21063 4.12719 3.54267 3.96008 1.77998 0.897621 0.210793 0.0243469
threshold=0.50850000000000006 0.22750000000000004 0.95350000000000013 0.66100000000000014 1.4790000000000003 0.54444444444444462 2.6230000000000007 17.500000000000004 0.54750000000000021 0.91100000000000014 0.16666666666666669 -0.066666666666666638 0.95200000000000018 0.87750000000000006 2.1960000000000006 0.79750000000000021 0.61650000000000016 1.0000000180025095e-35 0.25250000000000006 16.500000000000004 0.56350000000000011 1.0000000180025095e-35 1.0000000180025095e-35 0.44300000000000006 0.6665000000000002 0.65100000000000013
decision_type=2 2 2 2 2 2 2 2 2 2 2 2 2 2 2 2 2 2 2 2 2 2 2 2 2 2
left_child=11 8 3 19 5 -4 -6 -5 12 10 -10 23 14 -14 -2 -11 17 -13 -19 -3 21 -18 -22 24 25 -1
right_child=1 2 4 7 6 -7 -8 -9 9 15 -12 16 13 -15 -16 -17 20 18 -20 -21 22 -23 -24 -25 -26 -27
leaf_value=-0.053361069495396256 0.0023320215960444994 -0.021798877025070908 -0.0034485009011984155 6.6670331266892251e-05 0.0067017368348412307 0.0025350228190052014 -0.0018347867762372315 -0.00828725017546314 7.482854279996594e-05 0.050217378922258506 0.068759928005357435 0.022385216795695606 0.001319748725271759 0.046213968407566225 -0.028274530779575386 0.012874346730330123 -0.023662809637319912 0.012119525000929941 -0.055425142306282441 -0.069439035999260157 0.022303094183531776 -0.00013092046899546643 -0.066836358487013178 -0.01924097296113584 -0.078933219669744703 -0.061437563872395774
leaf_weight=1.774795047938823 455.96675446908921 26.793897433206439 1833.8428011853248 650.17900503985584 943.22083271900192 1573.7049513496459 541.77035544347018 433.0167378038168 65.846908419393003 27.0463757365942 4.368939906358718 3.7299851616844562 16.854266658425331 15.246185573749242 15.775084048509596 13.684548606164752 20.344517909456044 2.8058150913566342 12.986438903724773 5.4751795381307593 0.67849845089949612 147.49323727376759 3.207547415047884 1.3953160829842088 1.6784121785312889 1.9676221814006565
leaf_count=46 2112 221 8490 3367 4512 7431 2624 1919 321 135 21 33 80 93 74 66 411 24 117 31 80 865 32 32 10 18
internal_value=-1.49698e-06 0.000251699 -0.000252477 -0.00404265 0.000611657 -0.000685135 0.00358735 -0.00327288 0.00517874 0.0165819 0.00434852 -0.00846785 0.00266774 0.0226424 0.00130854 0.0376711 -0.00680924 -0.0308506 -0.0434245 -0.0298821 -0.00407612 -0.00298335 -0.0512727 -0.0550048 -0.0642103 -0.0576074
internal_weight=6820.86 6622.79 6008 1115.46 4892.54 3407.55 1484.99 1083.2 614.789 110.947 70.2158 198.062 503.842 32.1005 471.742 40.7309 191.246 19.5222 15.7923 32.2691 171.724 167.838 3.88605 6.81615 5.42083 3.74242
internal_count=33165 31497 28595 5538 23057 15921 7136 5286 2902 543 342 1668 2359 173 2186 201 1562 174 141 252 1388 1276 112 106 74 64
is_linear=0
shrinkage=0.05


Tree=112
num_leaves=24
num_cat=0
split_feature=24 4 31 10 40 40 29 40 21 3 1 40 21 17 44 8 3 21 36 1 21 1 4
split_gain=5.92499 9.36891 6.43677 6.14695 5.89602 9.38112 9.73437 8.45679 5.63089 9.68149 6.17537 3.57437 6.94381 2.05672 1.26235 3.21513 0.991466 0.00768402 0.0028681 0.0018738 0.000592549 0.000430557 0.000344861
threshold=4.8335000000000008 1.0000000180025095e-35 0.81300000000000006 15.500000000000002 0.75850000000000006 0.71500000000000008 3.0045000000000006 0.72750000000000015 17.500000000000004 1.5895000000000004 60.500000000000007 0.71650000000000003 5.5000000000000009 0.32700000000000007 0.47200000000000003 0.81666666666666676 2.4890000000000003 5.5000000000000009 0.51300000000000012 5.5000000000000009 3.5000000000000004 3.5000000000000004 0.98350000000000015
decision_type=2 2 2 2 2 2 2 2 2 2 2 2 2 2 2 2 2 2 2 2 2 2 2
left_child=1 2 3 16 5 6 -3 -7 9 -6 -10 12 21 -4 15 -13 -1 20 -19 -17 -16 22 -2
right_child=11 4 13 -5 8 7 -8 -9 10 -11 -12 14 -14 -15 17 19 -18 18 -20 -21 -22 -23 -24
leaf_value=-0.05474659223135301 0.052602169231275621 -0.0038553923587477433 0.0014815804996311608 0.040231166919893327 -0.004630853754076218 0.0063582168702865207 0.0078348730380161605 0.00079725011691274663 -0.017319648807497635 0.0059322496043898989 0.041072173440369134 -0.068430283050477284 -0.047351858335086705 0.092801284397843187 0.051511842732363582 0.051471490969494209 -0.10125923141693081 0.05565665729138225 0.052931510114944062 0.054875918182448614 0.052783423054017065 0.053094929445824605 0.051249441892033835
leaf_weight=12.69393930560909 0.96296507120132735 1450.3715925193392 1.5732007604092353 1.7593876291066415 897.77970434259623 889.44990880228579 202.99705164413899 2955.0046560666524 93.987155169248581 286.02976562827826 4.7571003586053839 0.81356498040258807 3.6989683173596859 1.0139795183204112 4.0043360642157477 0.74908247031271458 1.2593805938959128 2.6927462257444859 1.5052058808505533 0.87782659567892551 1.1879725418984888 1.4121102187782524 0.92252350226044655
leaf_count=347 21 6931 34 24 4150 4311 982 14028 424 1443 22 15 33 14 171 30 7 33 31 13 26 29 46
internal_value=-1.63722e-06 -7.92053e-05 -0.0358069 -0.0478397 1.72219e-05 0.000729361 -0.00242009 0.00208383 -0.00303545 -0.00207862 -0.0145066 0.0280088 -0.000320767 0.037272 0.0447625 0.0127252 -0.0589447 0.0530888 0.0546795 0.0533084 0.0518028 0.0524347 0.0519403
internal_weight=6817.5 6798.68 18.2999 15.7127 6780.38 5497.82 1653.37 3844.45 1282.55 1183.81 98.7443 18.8273 6.99657 2.58718 11.8307 2.44047 13.9533 9.39026 4.19795 1.62691 5.19231 3.2976 1.88549
internal_count=33165 32717 426 378 32291 26252 7913 18339 6039 5593 446 448 129 48 319 58 354 261 64 43 197 96 67
is_linear=0
shrinkage=0.05


Tree=113
num_leaves=26
num_cat=0
split_feature=3 20 9 32 33 44 9 10 26 39 14 18 39 26 18 20 3 15 17 44 14 4 4 14 16
split_gain=5.80241 7.1889 6.83862 8.73407 10.3862 6.26443 8.24292 8.10419 5.95976 5.78846 5.62932 7.23459 10.4546 8.37056 6.96608 10.6536 7.48111 5.29317 4.63514 3.75146 3.59572 1.99693 4.06202 3.52399 0.400575
threshold=0.34150000000000008 6.5000000000000009 0.25850000000000006 0.55550000000000022 0.34400000000000003 0.49400000000000005 0.32550000000000007 5.5000000000000009 0.36100000000000004 2.6060000000000003 1.2155000000000002 0.74166666666666681 2.5650000000000008 0.59100000000000008 0.59166666666666679 -8.4999999999999982 1.5895000000000004 -0.57399999999999984 0.42600000000000005 0.48950000000000005 1.1405000000000001 1.3965000000000003 1.3270000000000002 2.3140000000000005 0.24550000000000002
decision_type=2 2 2 2 2 2 2 2 2 2 2 2 2 2 2 2 2 2 2 2 2 2 2 2 2
left_child=1 21 3 17 -5 19 7 -7 -6 -8 11 12 -4 -13 16 -16 -12 -2 -19 20 -3 22 23 -1 -23
right_child=2 5 10 4 8 6 9 -9 -10 -11 14 13 -14 -15 15 -17 -18 18 -20 -21 -22 24 -24 -25 -26
leaf_value=-0.055834364360943092 -0.022172161579419401 -0.017680533555231928 0.00074501800889020082 -0.086959030382222233 -0.011973690618254726 -0.037280401525459916 0.11432783352998538 0.080495692820277895 0.078080763788620194 0.022370506545844958 -0.0012160625232792001 0.0041923288132010338 -0.0059042062809923686 -0.052694843018439387 -0.024832140592677847 0.0078980178097540384 0.004077971646444415 0.039441428198583872 -0.00049036967709076111 -0.059810178146310344 0.038720464618281075 -0.047345405006684771 0.054206464952934179 0.058937023285035472 -0.070454397679588623
leaf_weight=5.7341661581303915 5.1116004511713973 24.019035012461252 1092.3596638147719 3.9573500067926934 8.3506232472136599 6.8359605912119132 2.9324345393106332 1.8574971538037059 2.3554189959540954 4.1096104085445404 2243.410668278113 542.39234047196805 1288.4247540710494 6.5444727502763262 26.066671296954155 538.06543356738985 949.85960819665343 36.480597636662424 9.074953153729437 4.6120210103690615 3.2026665769517413 2.9960243087261897 1.3056736523285506 0.75712566077709187 5.0129665061831474
leaf_count=206 30 218 5287 35 75 91 19 18 27 29 10143 2476 6142 34 116 2494 5233 306 50 35 18 32 14 4 33
internal_value=-1.4845e-06 -0.0150601 0.000139849 0.0162383 -0.017745 -0.00535305 0.0204548 -0.0121156 0.00783904 0.0606632 -1.74273e-05 -0.00166032 -0.00285339 0.00351411 0.00126357 0.00638567 0.000358683 0.0260733 0.0314868 -0.0181099 -0.0110449 -0.0442743 -0.0262621 -0.0424478 -0.0618097
internal_weight=6815.83 63.3752 6752.45 65.3305 14.6634 47.5692 15.7355 8.69346 10.706 7.04204 6687.12 2929.72 2380.78 548.937 3757.4 564.132 3193.27 50.6672 45.5556 31.8337 27.2217 15.806 7.79697 6.49129 8.00899
internal_count=33165 717 32448 523 137 428 157 109 102 48 31925 13939 11429 2510 17986 2610 15376 386 356 271 236 289 224 210 65
is_linear=0
shrinkage=0.05


Tree=114
num_leaves=27
num_cat=0
split_feature=3 1 3 20 43 13 32 15 36 7 13 7 39 14 41 36 9 11 4 42 39 4 17 9 21 39
split_gain=5.66726 7.48024 9.06397 7.20495 6.3954 6.29327 7.95001 6.2703 5.63366 6.32275 11.9015 10.014 5.76732 7.12652 6.53728 4.6476 6.98038 5.4789 4.54362 4.18257 5.85917 6.75444 3.96032 3.7655 2.18967 0.874374
threshold=0.54000000000000015 5.5000000000000009 0.57400000000000007 4.5000000000000009 0.68300000000000016 0.74550000000000016 0.28500000000000003 -2.8999999999999995 0.32300000000000006 0.23900000000000002 0.81950000000000001 0.26800000000000007 2.7295000000000003 1.9485000000000003 0.50700000000000012 0.40800000000000008 0.7875000000000002 18.500000000000004 1.9835000000000003 0.26950000000000007 2.5650000000000008 1.8110000000000002 0.23400000000000001 1.1635000000000002 -9.4999999999999982 2.6650000000000005
decision_type=2 2 2 2 2 2 2 2 2 2 2 2 2 2 2 2 2 2 2 2 2 2 2 2 2 2
left_child=3 2 18 19 -5 7 -7 -4 9 10 -3 -11 14 -14 -10 16 -6 -17 22 20 23 -22 -2 -1 -21 -26
right_child=1 8 5 4 15 6 -8 -9 12 11 -12 -13 13 -15 -16 17 -18 -19 -20 24 21 -23 -24 -25 25 -27
leaf_value=-0.041764318298481887 0.03532398103280452 -0.015656098272300866 0.052350932601559534 -0.07365601343140471 -0.024004472729348095 -0.048340845952813384 0.0085157807508548181 -0.014055270895382263 -0.000810193244855101 -0.068344850232536433 0.062836337791801519 0.016116662711802732 -0.0097504464954471584 0.01810716818721449 0.0034312252749473049 0.0097278676478273693 0.031606319428589068 -0.015253960450457791 0.0067583955672376964 0.0056353408877090755 0.032372665456908867 -0.064383559960293754 0.10227185828575849 0.02706056772619175 -0.060803735973547081 -0.035509676435463856
leaf_weight=14.894667669199412 4.546104393899439 7.2311875633895424 3.7951196637004605 3.1596083221957079 37.499081048183143 6.2507885303348294 374.49264415586367 56.129022934474051 4695.4908762127161 4.4421211332082775 14.539234280586241 16.712795540690422 259.13963205739856 25.189357547089458 1126.416530540213 86.923139763064682 6.6424408843740812 29.360950000584126 4.6396817862987509 1.8615359961986566 9.2602860121987742 2.2400503493845454 4.2969309464097023 2.2933260039426377 9.6721382027026248 5.282763344468548
leaf_count=157 21 39 108 23 260 36 2532 604 21505 25 68 90 1178 149 5155 639 44 136 21 9 110 18 20 35 123 60
internal_value=-1.54439e-06 0.000255077 0.00644742 -0.00810594 -0.00321069 0.00521186 0.00758235 -0.00984963 -0.000202263 0.0178482 0.0367646 -0.00161861 -0.000329153 -0.00728248 1.0432e-05 -0.00182325 -0.0156361 0.00342012 0.0468302 -0.0257039 -0.014098 0.0135264 0.0678547 -0.0325813 -0.0455032 -0.0518687
internal_weight=6812.4 6603.31 454.15 209.09 163.585 440.668 380.743 59.9241 6149.16 42.9253 21.7704 21.1549 6106.24 284.329 5821.91 160.426 44.1415 116.284 13.4827 45.5048 28.6883 11.5003 8.84304 17.188 16.8164 14.9549
internal_count=33165 31551 3342 1614 1102 3280 2568 712 28209 222 107 115 27987 1327 26660 1079 304 775 62 512 320 128 41 192 192 183
is_linear=0
shrinkage=0.05


Tree=115
num_leaves=26
num_cat=0
split_feature=13 14 24 27 4 3 7 39 4 28 40 23 21 11 3 13 4 1 15 17 41 24 4 40 34
split_gain=5.57047 6.35345 6.17648 8.05627 7.90295 10.0679 7.42086 6.16916 7.09336 6.6721 5.52531 4.65683 6.88709 4.79162 4.13234 3.94187 3.94155 2.1942 1.84331 6.06425 1.53921 0.118455 0.0105005 0.000266349 3.48752e-05
threshold=1.0000000180025095e-35 2.6835000000000004 3.9185000000000003 0.18150000000000002 1.2620000000000002 1.5690000000000002 0.63050000000000017 2.7315000000000005 1.0000000180025095e-35 0.70950000000000013 0.70850000000000002 0.95200000000000018 10.500000000000002 17.500000000000004 1.4390000000000003 0.71100000000000008 1.2195000000000003 5.5000000000000009 -1.4899999999999998 0.19600000000000004 0.50700000000000012 2.3325000000000005 1.5965000000000003 0.72050000000000003 0.59400000000000008
decision_type=2 2 2 2 2 2 2 2 2 2 2 2 2 2 2 2 2 2 2 2 2 2 2 2 2
left_child=1 18 6 11 5 -5 7 8 -2 -9 16 12 -4 -13 -12 -6 -8 23 19 20 -1 22 -20 -3 -25
right_child=2 17 3 4 15 -7 10 9 -10 -11 14 13 -14 -15 -16 -17 -18 -19 21 -21 -22 -23 -24 24 -26
leaf_value=-0.055555911444324535 -0.04941072309124328 0.052522174132026755 -0.0093140065634159525 -0.050477130219514471 0.004288570027275832 0.012479421695099954 -0.019332196383712519 -0.0086966610664395896 0.00035398304713698815 0.052035108364675668 -0.035432796572853975 0.005733089898468372 -0.11874077133146875 -0.061221820668117356 0.0014972802109236572 0.048029104423889024 0.055882563796036594 -0.032277660304523052 -0.051069515507573798 0.042608269171791828 -0.0079853604732875918 -0.065928844265014469 -0.059154939765247508 0.051414146198633742 0.051859710555381945
leaf_weight=7.2274494245648402 7.1687283627688876 1.1129127200692885 3.5078133912757066 6.7889666035771361 6.7010698094964054 98.283418715000153 3.215855724643915 252.21579272020608 6314.4364458685741 4.6049902271479359 31.555142793804407 18.16163952276111 2.4367589727044106 3.133106216788291 9.9676244985312206 22.264221772551537 3.8000317327678204 1.0293338522315023 2.6652868597302599 2.5437227766960868 2.2235974073410034 3.2289813682436943 0.47278618253767479 1.360732685774565 0.64846405386924733
leaf_count=120 71 26 35 37 52 879 43 1177 29354 22 330 137 14 18 51 387 19 7 235 22 30 23 5 52 19
internal_value=-1.85767e-06 -0.0248319 8.04914e-05 0.00974841 0.0147862 0.00841166 -0.000154792 -1.10699e-05 0.00029755 -0.00760769 -0.0196334 -0.015041 -0.0541695 -0.00411802 -0.0265677 0.0379098 0.0214066 0.0310297 -0.0374617 -0.0259196 -0.0443637 -0.0592056 -0.0522877 0.0519017 0.051558
internal_weight=6810.75 22.5133 6788.24 161.277 134.038 105.072 6626.96 6578.43 6321.61 256.821 48.5387 27.2393 5.94457 21.2947 41.5228 28.9653 7.01589 4.15144 18.3618 11.9948 9.45105 6.36705 3.13807 3.12211 2.0092
internal_count=33165 539 32626 1559 1355 916 31067 30624 29425 1199 443 204 49 155 381 439 62 104 435 172 150 263 240 97 71
is_linear=0
shrinkage=0.05


Tree=116
num_leaves=27
num_cat=0
split_feature=4 14 26 7 17 13 1 23 8 8 20 14 8 7 6 17 7 20 25 10 4 17 44 20 5 14
split_gain=5.50879 7.78162 5.542 5.59667 5.28359 6.82354 5.19564 6.97203 6.69826 5.09282 3.98663 8.48079 9.28712 5.69449 5.22063 5.33442 6.67084 5.13674 4.97181 4.93977 3.89064 3.59691 3.38626 1.69761 1.01997 0.953643
threshold=2.1275000000000004 0.26150000000000007 0.20600000000000002 0.37250000000000005 0.7320000000000001 1.7965000000000002 1.0000000180025095e-35 -0.33499999999999985 0.18333333333333332 0.25833333333333336 7.5000000000000009 1.0815000000000003 0.4555555555555556 0.19600000000000004 0.32700000000000007 0.41550000000000004 0.14050000000000004 10.500000000000002 342.50000000000006 7.5000000000000009 1.2455000000000003 0.19600000000000004 0.47650000000000003 11.500000000000002 0.74550000000000016 1.9835000000000003
decision_type=2 2 2 2 2 2 2 2 2 2 2 2 2 2 2 2 2 2 2 2 2 2 2 2 2 2
left_child=1 2 3 9 6 20 7 -3 -8 -1 11 13 18 22 15 17 -17 -12 -13 -15 -6 -14 -2 24 -4 -7
right_child=10 4 23 -5 5 25 8 -9 -10 -11 14 12 21 19 -16 16 -18 -19 -20 -21 -22 -23 -24 -25 -26 -27
leaf_value=-0.053489397723470222 -0.024230265443185944 0.012624741259904411 -0.058734346362515268 0.086185135287503267 -0.052504857530660615 0.10461649626760997 -0.0054214535690164838 0.092588741694543744 0.00035182204946856814 0.030637266480542991 0.033592144751494482 -0.026363645731123486 0.019221775908292348 -0.035189574521927842 0.069726817634806371 0.028993723882702743 -0.058124817511903938 0.0067777177077827508 0.0091222098327563231 0.035296109421059846 -0.0078774779429171844 0.076965712574439557 -0.079562550517180544 -0.015627463592867222 -0.005952210891687907 0.034374390638179
leaf_weight=3.9817130193114298 5.6757215261459368 18.852017773315314 11.400950704934075 1.6638097609393296 11.422142487019306 0.83089445531368133 548.23339779255912 3.1866770554333916 6010.7685501798987 3.281745582818985 30.706237263046205 12.346972285769878 4.762354960665105 4.8492798432707769 4.3489147610962382 3.7108148261904699 5.3876059874892235 42.692774028517306 49.214265367016196 5.0997456908226013 8.5317426305264217 6.2180155934765935 5.3917520847171545 3.6321156322956076 0.99517179792746979 1.1547407899051905
leaf_count=61 35 162 265 33 191 4 2595 21 28486 23 185 74 44 25 32 24 27 348 285 26 50 37 33 37 15 47
internal_value=-1.64352e-06 -0.000236289 -0.0281041 0.00346802 -0.000130965 -0.0246271 -4.93005e-05 0.0241871 -0.000130737 -0.0154796 0.00861907 0.00145789 0.00956067 -0.0265101 0.0163337 0.013519 -0.0225933 0.0179954 0.00200502 0.000940503 -0.0334234 0.0519213 -0.0511865 -0.0456888 -0.0544969 0.0637674
internal_weight=6808.34 6627.94 24.9555 8.92727 6602.98 21.9395 6581.04 22.0387 6559 7.26346 180.404 93.5581 72.5416 21.0165 86.8463 82.4974 9.09842 73.399 61.5612 9.94903 19.9539 10.9804 11.0675 16.0282 12.3961 1.98564
internal_count=33165 31990 434 117 31556 292 31264 183 31081 84 1175 559 440 119 616 584 51 533 359 51 241 81 68 317 280 51
is_linear=0
shrinkage=0.05


Tree=117
num_leaves=31
num_cat=0
split_feature=4 8 26 33 3 13 14 13 13 40 36 8 41 40 28 17 19 26 14 11 37 8 42 22 34 5 6 1 3 44
split_gain=5.39026 12.083 8.33478 11.2845 8.25882 8.044 7.64037 8.99215 10.5623 7.8368 7.55634 6.9736 7.31963 6.83363 6.69594 9.1778 7.2109 6.6151 5.72677 6.20301 5.6504 5.19495 5.06167 5.02151 4.49642 3.13699 4.38611 0.981067 0.45696 0.438978
threshold=1.2245000000000001 0.36666666666666675 0.37100000000000005 0.16250000000000003 1.7400000000000004 2.5120000000000005 0.81950000000000001 1.5810000000000002 1.4310000000000003 0.76050000000000006 0.43500000000000005 0.76388888888888895 0.52750000000000019 0.75500000000000012 0.56850000000000012 0.26200000000000007 2.2245000000000004 0.16500000000000004 0.34850000000000009 10.500000000000002 0.35900000000000004 0.14999999999999999 0.29150000000000004 -0.92499999999999982 0.46900000000000003 -0.55399999999999994 0.16350000000000003 30.500000000000004 1.4915000000000003 0.49900000000000005
decision_type=2 2 2 2 2 2 2 2 2 2 2 2 2 2 2 2 2 2 2 2 2 2 2 2 2 2 2 2 2 2
left_child=1 2 4 22 20 11 7 8 -3 -9 -5 18 17 25 16 -16 -8 -13 23 -20 -1 29 -4 -2 -23 26 -7 -14 -27 -15
right_child=5 6 3 10 -6 13 14 9 -10 -11 -12 12 27 21 15 -17 -18 -19 19 -21 -22 24 -24 -25 -26 28 -28 -29 -30 -31
leaf_value=-0.060566967295256485 -0.058207543859898007 -0.010804828249045001 -0.052496860420883806 0.0087298467361102833 0.064184440986965449 0.043600454477186835 0.00071272989909964375 0.0070467033121830785 -0.048038799217214379 -0.031412901783962381 -0.01698300747805714 0.071588421499541616 0.040896252248963733 0.020869501971474327 -0.027126276797991136 0.0054260983099631947 0.026117506969695461 0.0074429687830766134 0.0050551671618904934 -0.00019365970439769002 -0.0031366526782236649 -0.0030252001453413622 0.002929828379337415 -0.0098661074629754122 -0.091794993228857646 0.06970230670105812 -0.010865830748363397 0.078263405939294428 0.046691320413892345 0.06261698444688707
leaf_weight=4.3619946725666514 6.9634152799844768 76.8527468056418 26.87883378635161 36.230342151364312 4.5006161928176871 10.865462729241701 2341.6523251589388 84.736757094040513 25.322565171867609 15.699585221707819 135.18412036006339 4.1807198300957671 3.0920716137625268 1.0720040397718533 49.955883232876658 38.217807590030134 28.268965102732182 104.06396351708099 703.65619802474976 2813.5708522982895 236.16710566380061 3.4742684047669172 4.8644928638823322 23.50566428899765 2.4202654436230659 5.9478512853384036 5.6019842475652686 4.0668182969093323 3.3855282627046108 1.5260963509790597
leaf_count=20 85 567 208 220 19 174 11296 403 143 74 750 20 23 20 261 182 129 540 3811 12416 1412 29 34 155 14 32 38 19 42 29
internal_value=-1.68532e-06 -0.00153618 -0.00913111 -0.0166193 -0.00292249 0.00128857 -0.000256836 -0.00958929 -0.0200327 0.00103494 -0.0115483 0.00106292 0.0131588 0.0253919 0.000512404 -0.0130168 0.00101576 0.00992045 0.000669446 0.00085642 -0.00417815 -0.0135113 -0.044003 -0.0209141 -0.0394736 0.0381973 0.0250718 0.0621238 0.0613555 0.0453915
internal_weight=6806.29 3108.89 448.188 203.158 245.03 3697.39 2660.71 202.612 102.175 100.436 171.414 3663.1 115.404 34.2935 2458.09 88.1737 2369.92 108.245 3547.7 3517.23 240.529 8.49263 31.7433 30.4691 5.89453 25.8008 16.4674 7.15889 9.33338 2.5981
internal_count=33165 15718 2663 1212 1451 17447 13055 1187 710 477 970 17069 602 378 11868 443 11425 560 16467 16227 1432 92 242 240 43 286 212 42 74 49
is_linear=0
shrinkage=0.05


Tree=118
num_leaves=27
num_cat=0
split_feature=13 4 36 8 4 7 20 8 8 20 18 19 14 39 17 8 31 9 13 7 3 9 24 16 5 36
split_gain=5.19975 11.5405 9.07487 9.28292 8.3084 8.05492 9.87897 7.0886 10.5109 10.7578 8.53079 6.90393 6.89916 9.89403 10.6903 9.54498 12.9347 5.83488 5.23098 5.20186 4.97962 11.5606 4.95244 4.64124 3.64677 5.97464
threshold=0.84400000000000008 0.40600000000000008 0.32300000000000006 0.76388888888888895 0.95750000000000013 0.24550000000000002 6.5000000000000009 0.36666666666666675 0.29999999999999999 -9.4999999999999982 0.63333333333333341 0.40450000000000003 1.4565000000000003 2.4185000000000003 0.22450000000000003 0.43055555555555564 0.65000000000000013 1.5475000000000001 1.0000000180025095e-35 0.27700000000000008 1.3965000000000003 1.3770000000000002 2.8905000000000007 0.66100000000000014 1.8395000000000004 0.58750000000000002
decision_type=2 2 2 2 2 2 2 2 2 2 2 2 2 2 2 2 2 2 2 2 2 2 2 2 2 2
left_child=7 23 5 4 -4 6 -3 8 9 -1 -11 -5 15 14 -14 16 -9 -15 -17 -7 22 -22 -10 24 25 -2
right_child=1 2 3 11 -6 19 -8 12 20 10 -12 -13 13 17 -16 18 -18 -19 -20 -21 21 -23 -24 -25 -26 -27
leaf_value=-0.078713039582850974 -0.03307521420144862 0.077633805202134296 -0.0048983437805915145 0.044411207934703011 0.00082312629112836543 -0.044012051546284972 -0.0066875086789230298 0.053433755843311941 -0.024925061399169834 0.00021045868837294378 -0.07027247447951189 0.0060012658339522809 -0.023439347679582515 0.0083909133024222451 0.056802864152862488 -0.05915868679926857 -0.0041622918085779583 -0.0030649649773572454 -0.0082238391392299073 0.020484530693053293 0.04583294655607989 -0.032572060632665302 -0.060784754231223773 0.019525511854840812 -0.066846899666200485 0.040109541494368163
leaf_weight=4.6296263486146918 25.267859229352329 11.369060418568557 743.70164261478931 11.96075484389439 4321.8718684655614 4.4799582064151755 5.0017584413290015 15.045874522998927 53.650855953339487 175.07282662764192 4.4009181945584706 534.6070918943733 5.597912801429632 184.28391410596669 16.055553190410137 5.1224262393079689 27.683627745136619 280.08640469610691 316.03531078342348 10.346150688827036 7.5743837282061603 12.395177379250525 11.734026677906511 4.8537673139944664 6.3739402722567311 3.1347312070429316
leaf_count=20 164 53 3514 272 20266 23 25 89 422 1043 36 2549 35 869 73 163 145 1499 1617 54 35 55 52 37 39 16
internal_value=-1.75218e-06 0.000611771 0.000800588 0.000651097 -1.68707e-05 0.027693 0.0518712 -0.00311657 -0.0101831 -0.00345909 -0.00151787 0.00684181 -0.000876191 0.00302176 0.0360584 -0.00608246 0.0161184 0.00148126 -0.00903624 0.000995803 -0.0246862 -0.00283332 -0.0313605 -0.0262757 -0.0326682 -0.024998
internal_weight=6802.34 5682.97 5643.34 5612.14 5065.57 31.1969 16.3708 1119.37 269.458 184.103 179.474 546.568 849.911 486.024 21.6535 363.887 42.7295 464.37 321.158 14.8261 85.3544 19.9696 65.3849 39.6303 34.7765 28.4026
internal_count=33165 27012 26756 26601 23780 155 78 6153 1663 1099 1079 2821 4490 2476 108 2014 234 2368 1780 77 564 90 474 256 219 180
is_linear=0
shrinkage=0.05


Tree=119
num_leaves=29
num_cat=0
split_feature=3 1 13 14 14 59 15 33 44 36 42 23 3 7 17 14 14 22 15 26 39 36 14 15 16 15 25 23
split_gain=5.10097 8.56132 8.30757 7.71804 7.32054 7.14224 8.42974 5.89132 5.71957 5.68571 5.5156 7.19404 9.06927 6.31988 12.863 6.0658 5.87049 4.9794 4.02382 7.20599 7.84532 3.95837 3.84648 3.51239 2.77298 2.03165 1.50295 0.0129765
threshold=0.71700000000000008 3.5000000000000004 0.69400000000000006 0.7965000000000001 2.8660000000000005 27.500000000000004 -1.1634999999999998 0.11550000000000001 0.49400000000000005 0.44200000000000006 0.22300000000000003 -0.54549999999999976 0.85450000000000015 0.37700000000000006 0.19600000000000004 1.1190000000000004 1.8835000000000002 0.29999999999999999 1.0000000180025095e-35 0.15050000000000002 2.5810000000000008 0.49500000000000005 1.7400000000000004 -1.5109999999999999 0.29500000000000004 -0.61299999999999988 343.50000000000006 1.9705000000000001
decision_type=2 2 2 2 2 2 2 2 2 2 2 2 2 2 2 2 2 2 2 2 2 2 2 2 2 2 2 2
left_child=5 2 4 21 22 6 23 -5 9 -8 11 12 -3 15 -15 -12 -13 -10 24 -20 -21 -4 -2 -1 25 -7 -25 -6
right_child=1 10 3 7 27 18 8 -9 17 -11 13 16 -14 14 -16 -17 -18 -19 19 20 -22 -23 -24 26 -26 -27 -28 -29
leaf_value=0.00073071596081881616 -0.0074347456513184822 0.050636930792037932 0.014965550497263677 -0.058682361273853484 0.059488629221437467 -0.046590580101898982 -0.012760958184688823 0.023721555048344251 0.0038261264898419335 0.00015707060874860072 -0.0022722903471784589 0.0013448343178065136 0.0086304009263335219 0.0060855212870088143 -0.0099727352677814671 0.0014533250968241061 0.026126438817196312 0.059377626492004842 -0.04544948603291208 -0.031510551363973009 0.055729884704031056 -0.017404650867128845 -0.048428307074030619 -0.02765039333334748 -0.069482311966677077 0.0016449714799727747 -0.065354619382766585 0.051682422114957674
leaf_weight=4.1531853191554573 13.827602524310356 18.437056571245193 16.392363335937262 2.2115187700837842 0.65524581819772665 5.4014653488993618 158.95459167589433 112.78219395363703 181.44814500352368 183.5234725791961 1618.8317872686312 377.30538060516119 42.396614380180836 177.42106530629098 419.71207648934796 3360.4477848848328 25.513660354539752 4.1256226375699034 8.3716025352478045 4.6504544168710691 5.7798442542552948 22.281136212870479 9.7622641082853061 3.9779807794839126 6.7185136452317229 3.6636679917573938 7.8760147206485271 2.8390578106045723
leaf_count=30 211 81 92 14 9 33 976 1186 1111 1089 7342 1722 188 844 2075 15391 133 30 38 23 26 127 144 30 37 23 64 96
internal_value=-1.95548e-06 0.000415722 0.0111382 0.0156385 -0.0143946 -0.00449227 -0.0030917 0.0221368 -0.00200809 -0.00583858 9.48466e-05 0.00533479 0.0213615 -0.00034083 -0.00520148 0.000242077 0.00291445 0.00506113 -0.0265244 -0.0108985 0.0168329 -0.00368404 -0.0243992 -0.0388383 -0.0451384 -0.0270962 -0.0527018 0.0531462
internal_weight=6799.46 6220.82 180.751 153.667 27.0842 578.645 544.059 114.994 528.052 342.478 6040.07 463.653 60.8337 5576.41 597.133 4979.28 402.819 185.574 34.5855 18.8019 10.4303 38.6735 23.5899 16.0072 15.7836 9.06513 11.854 3.4943
internal_count=33165 29655 1879 1419 460 3510 3330 1200 3206 2065 27776 2124 269 25652 2919 22733 1855 1141 180 87 49 219 355 124 93 56 94 105
is_linear=0
shrinkage=0.05


Tree=120
num_leaves=30
num_cat=0
split_feature=40 40 44 29 4 6 3 11 23 24 8 8 40 7 7 14 33 41 8 15 13 27 7 40 17 4 44 34 41
split_gain=4.99938 11.1705 10.1808 9.56711 9.33778 9.39351 9.09966 9.04132 8.87231 12.2148 10.0979 8.75339 8.65215 8.37767 8.89688 7.6742 9.07616 7.42278 7.14904 6.59837 6.47861 6.26684 6.16673 6.94409 6.08952 5.65835 5.59124 3.92522 3.80692
threshold=0.71500000000000008 0.72750000000000015 0.49900000000000005 3.0045000000000006 0.88700000000000012 0.75450000000000006 0.40450000000000003 48.500000000000007 -0.23700000000000002 2.4565000000000006 0.63333333333333341 1.0000000180025095e-35 0.69800000000000006 0.40350000000000003 0.16350000000000003 0.90250000000000019 0.35700000000000004 0.41900000000000004 0.36666666666666675 0.50850000000000006 2.0815000000000006 0.22750000000000004 0.097500000000000017 0.68100000000000016 0.34900000000000003 1.1805000000000001 0.48650000000000004 0.50350000000000017 0.46650000000000008
decision_type=2 2 2 2 2 2 2 2 2 2 2 2 2 2 2 2 2 2 2 2 2 2 2 2 2 2 2 2 2
left_child=3 2 6 12 18 7 28 -6 10 -10 -4 -8 15 14 -14 16 -1 26 21 -17 -15 -3 25 -24 -20 -19 -5 -7 -2
right_child=1 4 8 17 5 27 11 -9 9 -11 -12 -13 13 20 -16 19 -18 22 24 -21 -22 -23 23 -25 -26 -27 -28 -29 -30
leaf_value=-0.014928040204076599 0.017146598434405816 -0.068133622006627134 0.004277544199256098 -0.064800704802722028 0.0010540759194779183 0.0537438328485247 0.058189859308531378 -0.0099102760085532527 -0.043058230178811913 -0.0043043390142301343 0.073729828776925868 0.008800749086448156 -0.013651686333401525 -0.025887058630210971 -0.0020658931022812838 0.0015972733374568855 0.05606794683801513 0.0074028425737058968 -0.0024153873605354103 0.019772676131613477 0.029729806763216696 -0.01645858695565083 -0.026515124780882506 0.0094922856828199877 -0.016134324272807098 0.049824072294817959 0.0030983680785041596 0.0051943654731921723 -0.047598356670752559
leaf_weight=93.60479681333527 2.9380825455300501 7.8519907128065851 64.908758486621082 5.943950451910494 3445.1394883310422 11.715947107411923 9.0919355037622136 198.87455435097218 25.647190675605088 98.125456546898931 5.692536048591136 675.9759377958253 229.74588292557746 76.233182697091252 594.41857491247356 393.75321538606659 4.7291136570274821 14.546139784157278 452.58513103611767 57.187931365333498 5.6222823234274975 23.210276115918532 14.750104695558546 145.17939992668107 98.490065474063158 17.103411103133112 6.188751082867384 6.4581989478319874 9.9907145760953409
leaf_count=502 39 60 312 30 16306 152 65 857 141 471 28 3277 1238 438 2724 1905 22 92 2359 269 30 207 69 682 560 111 29 93 97
internal_value=-2.09232e-06 0.000768621 0.00585369 -0.00238841 -0.000300516 0.000634523 0.00867195 0.000455689 -0.00426666 -0.0123346 0.00987744 0.00945622 -0.003809 -0.00681081 -0.00529557 0.00114242 -0.0115137 0.00776013 -0.00618279 0.00390226 -0.022067 -0.0295211 0.010162 0.00617137 -0.00486728 0.0303273 -0.0301662 0.0364917 -0.032885
internal_weight=6795.7 5136.7 892.371 1659.01 4244.33 3662.19 697.997 3644.01 194.374 123.773 70.6013 685.068 1455.29 906.02 824.164 549.275 98.3339 203.712 582.137 450.941 81.8555 31.0623 191.579 159.93 551.075 31.6496 12.1327 18.1741 12.9288
internal_count=33165 25024 4430 8141 20594 17408 3478 17163 952 612 340 3342 7128 4430 3962 2698 524 1013 3186 2174 468 267 954 751 2919 203 59 245 136
is_linear=0
shrinkage=0.05


Tree=121
num_leaves=31
num_cat=0
split_feature=40 41 42 7 42 13 18 14 32 32 4 1 32 19 21 30 30 1 3 13 5 8 4 4 25 7 14 17 24 0
split_gain=4.94413 8.14457 9.64306 8.41344 8.11755 7.94219 8.79141 7.88144 7.47978 7.88822 6.83139 6.15843 5.93523 6.33399 5.17003 6.53125 6.59914 6.53079 6.49153 6.95786 8.62335 7.1844 6.1601 11.1658 9.97698 6.03397 5.4098 5.21678 4.53411 4.47953
threshold=0.75850000000000006 0.50700000000000012 0.28850000000000003 0.36200000000000004 0.32150000000000006 1.7110000000000001 0.59166666666666679 1.5965000000000003 0.37750000000000006 0.36300000000000004 1.8110000000000002 26.500000000000004 0.58950000000000002 2.0490000000000004 22.500000000000004 1.5445000000000002 1.5865000000000002 52.500000000000007 1.5895000000000004 1.2095000000000002 0.35500000000000004 0.56944444444444453 0.89100000000000013 0.91850000000000021 348.50000000000006 0.15600000000000003 1.8365000000000002 0.24550000000000002 3.1455000000000006 2.5000000000000004
decision_type=2 2 2 2 2 2 2 2 2 2 2 2 2 2 2 2 2 2 2 2 2 2 2 2 2 2 2 2 2 2
left_child=1 2 5 11 8 7 -7 -1 9 -3 -10 -4 13 -6 18 17 25 26 22 20 -20 -21 24 -24 -2 -17 -16 -19 -14 -5
right_child=14 4 3 29 12 6 -8 -9 10 -11 -12 -13 28 -15 15 16 -18 27 19 21 -22 -23 23 -25 -26 -27 -28 -29 -30 -31
leaf_value=-0.0017343553698874041 -0.025344648151407023 0.013393602749998441 -0.0090663857650921578 0.020859875834292843 -0.0090284706965965602 -0.0028071600811720278 0.0089470571432343979 0.0038566876194314433 0.0032341291605395579 0.05105536491596372 0.020266448406737608 0.0031967463480744628 -0.0045733291004586615 -0.056866061747720201 -0.038337111613581394 -0.022868675454505397 -0.010872798719782334 -0.0043557678542055145 0.024516544948922366 -0.0032819262205549373 -0.010399322740542439 0.017128878732622702 0.055465217345368301 -0.0037871440629509939 0.052685452317224872 -0.096403508306076399 0.02719140838666545 0.07070392556101858 0.06001869350651258 -0.029229035505671942
leaf_weight=2621.0917779938318 56.501725128619 81.165096285985783 270.26196588762105 4.8849968165159217 71.921160346129909 230.47372345207259 513.52659069886431 829.88931341841817 568.32521462300792 16.777151563204825 65.673960700631142 164.80999511480331 5.7980833537876588 7.6561656994745126 11.795095399022108 4.8430713862180728 10.925838761031626 4.7996971160173398 21.011400177143514 66.014238089788705 111.6515880599618 124.27732476172969 8.0265188664197904 844.54995080176741 4.4167446300853035 6.5797413140535355 4.2970899343490592 4.4714472591876984 5.1125947153195739 51.748820662265643
leaf_count=12631 333 420 1341 21 351 1145 2563 4221 2700 87 369 722 29 41 50 22 52 21 104 355 633 635 37 3867 31 28 21 20 35 280
internal_value=-2.05226e-06 0.000649192 -0.000156148 -0.0067807 0.00523849 0.000620335 0.00530588 -0.000389826 0.00698508 0.0198449 0.00499845 -0.00442098 -0.00888935 -0.0136309 -0.00279592 -0.0189462 -0.0386538 -0.00158116 -0.00217272 0.00392038 -0.00486929 0.0100481 -0.00432685 -0.00322932 -0.0196873 -0.065226 -0.0208391 0.0318453 0.0256936 -0.0249086
internal_weight=6793.28 5509.12 4686.69 491.706 822.429 4194.98 744 3450.98 731.941 97.9422 633.999 435.072 90.488 79.5773 1284.16 47.712 22.3487 25.3633 1236.45 322.955 132.663 190.292 913.495 852.576 60.9185 11.4228 16.0922 9.27114 10.9107 56.6338
internal_count=33165 26956 22924 2364 4032 20560 3708 16852 3576 507 3069 2063 456 392 6209 214 102 112 5995 1727 737 990 4268 3904 364 50 71 41 64 301
is_linear=0
shrinkage=0.05


Tree=122
num_leaves=29
num_cat=0
split_feature=14 22 18 2 32 30 40 19 40 40 39 2 42 24 22 2 28 14 4 43 17 3 14 3 25 59 4 2
split_gain=4.99842 6.60819 5.876 6.7207 6.65497 6.42001 7.25477 6.68792 5.31632 7.9833 9.24526 8.88799 5.06734 4.92004 6.39846 5.40122 4.84235 4.21782 4.14233 3.04396 1.80967 1.66948 1.60821 2.29272 1.06853 0.349007 0.15521 0.00204387
threshold=0.55800000000000016 -0.96666666666666645 0.76388888888888895 9.5000000000000018 0.38250000000000006 1.5885000000000002 0.74900000000000011 1.8545000000000003 0.75850000000000006 0.71650000000000003 2.5780000000000007 11.500000000000002 0.26600000000000007 3.9185000000000003 0.63333333333333353 19.500000000000004 0.57900000000000007 0.26150000000000007 1.7230000000000001 0.70600000000000007 0.24550000000000002 1.3020000000000003 1.1060000000000001 0.98350000000000015 342.50000000000006 13.500000000000002 1.2710000000000001 1.5000000000000002
decision_type=2 2 2 2 2 2 2 2 2 2 2 2 2 2 2 2 2 2 2 2 2 2 2 2 2 2 2 2
left_child=2 22 5 4 20 6 19 -8 9 10 -3 -11 26 14 -10 -15 21 -6 -14 -1 -4 -5 24 -24 -2 -26 -7 -25
right_child=1 8 3 16 17 12 7 -9 13 11 -12 -13 18 15 -16 -17 -18 -19 -20 -21 -22 -23 23 27 25 -27 -28 -29
leaf_value=-0.070355684451271439 0.005767098142708902 -0.00021381063928365232 -0.063537230793155527 0.076476235741157181 -0.019138308271382347 -0.061340374431912807 -0.029732603082157458 0.031308234396920383 -0.0026865888545196757 0.0059343871815689857 -0.0096485996447344333 0.00054981282943517614 -0.049601937516244546 0.022167352068020198 -0.023870956455006032 -0.033358840003234087 -0.0024474271165756158 0.0081891341274245629 0.037350681346027037 -0.019550758743300839 -0.010383204514395989 0.033435777803908655 -0.094855294170688734 0.050482837760948779 0.055050653949236861 0.087132656931263971 -0.074285305363611984 0.056442683902010272
leaf_weight=3.1870499493088564 1.05432914663106 1384.0079929330386 5.8402234213426691 4.2831238955259305 20.958235789090395 3.7870581720489991 6.4821985671296742 14.581557632889597 1181.3129354016855 1093.4233534974046 319.61724109807983 2562.2157638035715 2.9518139041028908 33.30014107003808 36.752758786082268 5.0428506433963767 6.621882051229476 43.274285115301609 2.5554344654083252 39.351214244961739 2.2061734357848763 4.7534845620393753 0.47593235969543435 0.31796324532479048 5.398815119639039 1.0056196898221967 5.9594785831868649 0.26271227467805147
leaf_count=24 25 6620 68 20 285 45 98 101 5369 6027 1568 11387 28 387 179 30 29 231 13 377 16 21 2 36 133 5 34 7
internal_value=-1.8901e-06 0.00021336 -0.00855053 0.000336399 -0.00609728 -0.0184609 -0.0114742 0.0125234 0.000156702 0.000842982 -0.00198387 0.00216037 -0.0475928 -0.00277065 -0.00332579 0.0148646 0.030034 -0.000727455 -0.0092548 -0.0233572 -0.0489634 0.0538359 0.0442313 -0.0135006 0.0524096 0.0600881 -0.0692555 0.0531792
internal_weight=6790.98 6624.19 166.793 87.9374 72.2789 78.8558 63.602 21.0638 6615.67 5359.26 1703.63 3655.64 15.2538 1256.41 1218.07 38.343 15.6585 64.2325 5.50725 42.5383 8.0464 9.03661 8.51537 1.05661 7.45876 6.40443 9.74654 0.580676
internal_count=33165 31775 1390 670 600 720 600 199 31567 25602 8188 17414 120 5965 5548 417 70 516 41 401 84 41 208 45 163 138 79 43
is_linear=0
shrinkage=0.05


Tree=123
num_leaves=24
num_cat=0
split_feature=13 14 24 27 4 42 4 39 28 4 23 40 13 42 1 15 19 41 24 24 4 40 29
split_gain=4.89433 5.47537 4.92819 7.27927 7.3737 9.95503 5.47537 5.35947 6.01193 4.80714 4.30754 5.07859 3.84624 2.76535 2.05094 1.77811 4.96049 1.71774 0.0890345 0.0636436 0.00658032 0.000215747 2.47808e-05
threshold=1.0000000180025095e-35 2.6835000000000004 3.9185000000000003 0.18150000000000002 1.2620000000000002 0.29050000000000004 1.0000000180025095e-35 2.7315000000000005 0.70950000000000013 1.2245000000000001 0.73450000000000026 0.77450000000000008 0.71100000000000008 0.27750000000000008 5.5000000000000009 -1.4899999999999998 0.25650000000000006 0.49700000000000005 2.3325000000000005 3.2415000000000007 1.5965000000000003 0.72050000000000003 2.4050000000000002
decision_type=2 2 2 2 2 2 2 2 2 2 2 2 2 2 2 2 2 2 2 2 2 2 2
left_child=1 15 6 10 5 -5 13 9 -9 -8 -4 -12 -6 19 21 16 17 -1 20 -2 -17 -3 -23
right_child=2 14 3 4 12 -7 7 8 -10 -11 11 -13 -14 -15 -16 18 -18 -19 -20 -21 -22 22 -24
leaf_value=-0.05579935003741987 -0.056850278422012845 0.052311505119179175 -0.067184617896843588 -0.0002349604306089955 0.0034345965307052495 0.038429675476138042 -0.0013120279774293568 -0.0081578724191188872 0.049648436832605905 0.0014529444139421298 0.0022602605771274912 -0.06358302116250962 0.047136284737533063 0.0094579559585561083 -0.030169305641383089 -0.051006753666088422 0.047450785426117734 -0.01222149902745789 -0.064426452675780121 -0.067802693012556481 -0.05773666692394526 0.051663745551692501 0.051273160999410372
leaf_weight=6.0127663910388964 3.0843831300735465 1.0269950702786443 3.4215922560542849 82.628495168872178 6.625492567196491 20.848121660761535 2874.2537371120416 254.52148468326777 4.5787480641156426 3469.4955474985763 20.404434759169821 3.4193771481513968 20.970225939527154 1.8357065166346727 1.0453216731548307 2.3656417527236058 1.9816489135846502 3.6244490146636963 3.0169651210308075 2.3271714970469475 0.4291026648133992 0.612659242004156 1.2044338248670099
leaf_count=103 49 26 32 731 52 185 13715 1196 23 16049 150 22 387 22 7 235 19 50 23 13 5 20 51
internal_value=-1.92865e-06 -0.0239208 7.34139e-05 0.00879126 0.0136794 0.00755506 -0.000135386 -8.77111e-05 -0.00713634 0.000200179 -0.0147244 -0.00719007 0.0366439 -0.0435716 0.0297203 -0.0358901 -0.0245957 -0.0394102 -0.0584701 -0.0615602 -0.0520401 0.0517322 0.0514049
internal_weight=6789.73 21.32 6768.41 158.318 131.072 103.477 6610.1 6602.85 259.1 6343.75 27.2454 23.8238 27.5957 7.24726 3.88941 17.4306 11.6189 9.63722 5.81171 5.41155 2.79474 2.84409 1.81709
internal_count=33165 539 32626 1559 1355 916 31067 30983 1219 29764 204 172 439 84 104 435 172 153 263 62 240 97 71
is_linear=0
shrinkage=0.05


Tree=124
num_leaves=17
num_cat=0
split_feature=13 14 19 41 44 43 39 13 40 39 0 43 28 41 40 20
split_gain=4.85738 5.52028 5.87268 8.33198 5.12276 6.94111 4.85794 12.7103 8.80321 4.25839 4.50372 4.16036 3.71807 2.95084 1.03224 0.140815
threshold=3.4165000000000005 0.55800000000000016 2.6570000000000005 0.44800000000000006 0.51900000000000013 0.69000000000000006 2.5845000000000007 1.7110000000000001 0.71650000000000003 2.6625000000000001 14.500000000000002 0.70200000000000007 0.34350000000000008 0.53650000000000009 0.73150000000000015 10.500000000000002
decision_type=2 2 2 2 2 2 2 2 2 2 2 2 2 2 2 2
left_child=1 4 6 -4 5 -1 7 -3 -8 10 -6 -7 -5 -11 -2 -16
right_child=14 2 3 12 9 11 8 -9 -10 13 -12 -13 -14 -15 15 -17
leaf_value=0.049119663008686282 0.020726781733850928 8.7788442240136771e-05 -0.05586213642927456 -0.0059101327123179583 0.017807257517608085 -0.05244748754824903 -0.0099523936847933248 0.008522181698520646 -0.0005040700472420767 -0.034863279069913808 0.093610601155952766 -0.012233280656945589 0.042170774153302282 0.033029361448821772 0.080355613336739018 0.058460979511209668
leaf_weight=4.4711372505407772 1.800631740130483 2804.6797183053568 2.9880263791419592 5.0354890315793481 7.968463876750322 6.7546736891381434 268.71129526384175 531.28160379827023 2986.6867472636513 4.9949935502372673 2.5984013415873051 134.41946552356239 19.953554020728916 2.3550068745389581 1.3885580785572531 1.5587395783513782
leaf_count=34 38 13407 33 62 78 54 1320 2483 14228 51 21 1099 195 22 10 30
internal_value=-1.67629e-06 -3.70643e-05 0.000187157 0.0230467 -0.00911127 -0.0122149 9.01296e-05 0.00143104 -0.00128397 0.0161176 0.0364474 -0.0141574 0.0324821 -0.0131099 0.0505537 0.0687762
internal_weight=6787.65 6782.9 6619.34 27.9771 163.562 145.645 6591.36 3335.96 3255.4 17.9169 10.5669 141.174 24.989 7.35 4.74793 2.9473
internal_count=33165 33087 31728 290 1359 1187 31438 15890 15548 172 99 1153 257 73 78 40
is_linear=0
shrinkage=0.05


Tree=125
num_leaves=25
num_cat=0
split_feature=3 1 24 13 34 12 24 26 15 26 19 26 43 23 14 24 5 24 12 41 14 21 29 24
split_gain=4.72215 8.06608 7.74192 7.73337 7.24972 6.73066 6.46204 6.35486 10.4638 8.19668 5.69304 5.5583 5.18819 7.40828 6.99782 4.56121 4.4451 5.70639 4.40857 4.31732 3.85405 2.64184 2.03824 0.00149695
threshold=0.75450000000000006 3.5000000000000004 2.8335000000000004 0.69400000000000006 0.33750000000000008 27.500000000000004 4.4055000000000009 0.16750000000000004 0.39000000000000007 0.37700000000000006 2.6570000000000005 0.10700000000000001 0.77250000000000008 -0.54549999999999976 1.1695000000000002 1.8755000000000002 0.10150000000000002 2.3020000000000005 29.500000000000004 0.49400000000000005 1.7400000000000004 -2.4999999999999996 2.6000000000000005 5.0500000000000007
decision_type=2 2 2 2 2 2 2 2 2 2 2 2 2 2 2 2 2 2 2 2 2 2 2 2
left_child=2 3 5 6 -5 7 20 8 -1 -9 12 -6 14 -14 -3 18 22 -18 -7 -4 -2 -17 -12 -8
right_child=1 10 19 4 11 15 23 9 -10 -11 16 -13 13 -15 -16 21 17 -19 -20 -21 -22 -23 -24 -25
leaf_value=-0.026675641687460616 -0.0056389634262559675 -0.0027667306766450341 -0.077287940682365316 -0.053093618527636471 -0.054804295817440368 -0.02037885532626443 0.054147322630153538 0.0048286524674481315 -0.0023090819745837576 -0.011661183353599752 0.012609827664099467 0.019758602727830709 0.021089405028578499 0.0026327374874392912 0.0009778393450470609 -0.051395678152557481 -0.046232786857494351 0.034482593914325003 0.035379957468034372 -0.011893660963021658 -0.04746033582536776 -0.011369502682945858 0.05611985584882459 0.051522422445162475
leaf_weight=60.702152966987342 13.339563515968626 1985.140663362341 5.4791121855378133 3.6551012252457431 2.5491729006171218 13.123927958309652 0.68636123090982382 357.01517018303275 160.70632089721039 95.52472557569854 3.7553466632962254 128.01446734555066 61.366384088993073 476.80776344332844 3358.4906129250303 14.41099449247122 3.993664585053919 4.8477285504341125 4.8568568453192702 4.6794857382774353 9.3842690382152778 5.7742984369397155 9.5026540234684926 2.6031640898436308
leaf_count=332 204 9086 26 34 19 63 12 2079 808 755 18 1280 271 2184 15503 73 20 25 24 25 140 38 49 97
internal_value=-1.58596e-06 0.000453597 -0.00382326 0.0115227 0.0163585 -0.00320498 -0.0134283 -0.0020482 -0.00898951 0.00134788 0.000153182 0.0183028 5.80102e-05 0.0047373 -0.000413256 -0.0236317 0.0254833 -0.00197661 -0.00531763 -0.0471645 -0.02291 -0.0399456 0.0437956 0.0520701
internal_weight=6786.41 6064.14 722.273 160.232 134.219 712.114 26.0134 673.948 221.408 452.54 5903.9 130.564 5881.81 538.174 5343.63 38.1661 22.0994 8.84139 17.9808 10.1586 22.7238 20.1853 13.258 3.28953
internal_count=33165 28942 4223 1786 1333 4172 453 3974 1140 2834 27156 1299 27044 2455 24589 198 112 45 87 51 344 111 67 109
is_linear=0
shrinkage=0.05


Tree=126
num_leaves=27
num_cat=0
split_feature=7 3 23 40 40 44 23 29 4 11 3 26 40 7 25 7 0 14 40 24 15 31 34 27 40 43
split_gain=4.64375 6.2098 4.93144 4.93117 9.65213 9.20813 8.21696 8.0151 7.68599 8.4381 7.54011 7.45166 7.25364 8.9278 6.89225 9.82601 6.85285 6.63197 4.57135 6.81227 4.45052 5.12785 3.41778 6.27213 2.70899 2.41391
threshold=0.63050000000000017 1.4390000000000003 -0.38049999999999989 0.71500000000000008 0.72750000000000015 0.49900000000000005 -0.23700000000000002 3.0045000000000006 0.88700000000000012 48.500000000000007 0.40450000000000003 0.16950000000000004 0.69800000000000006 0.43650000000000005 343.50000000000006 0.30200000000000005 13.500000000000002 0.90250000000000019 0.77000000000000013 1.4960000000000002 0.65450000000000019 0.6605000000000002 0.6140000000000001 0.28500000000000003 0.69400000000000006 0.70200000000000007
decision_type=2 2 2 2 2 2 2 2 2 2 2 2 2 2 2 2 2 2 2 2 2 2 2 2 2 2
left_child=3 2 18 7 5 10 -7 12 11 -10 -5 -6 17 -14 15 -9 -16 -1 19 -2 21 -3 24 -24 -4 -23
right_child=1 20 22 4 8 6 -8 14 9 -11 -12 -13 13 -15 16 -17 -18 -19 -20 -21 -22 25 23 -25 -26 -27
leaf_value=-0.010821974518221658 -0.059470580299680269 -0.045925453288931876 0.013860136038599048 -0.030806627535791692 -0.049061346681741835 0.0096516242203681726 -0.011793092717069574 0.0021378510723797104 0.0013109315731032552 -0.0092789087793320648 0.0090167661276394605 -0.0047527639416316885 -0.0051075587167269329 -0.026589856370270171 0.0074778782210289593 -0.056797935203634402 0.037018371239799647 0.0035621373375295203 -0.066653766010702095 0.021304851340704641 -0.029701786421177673 -0.0034195993189030088 0.072501284495340768 -0.051292527779005927 -0.061465049997488842 0.065776485742613147
leaf_weight=97.659222436603159 3.3358471719548097 1.6642608642578105 1.3098973990418077 12.097636389546095 9.6513948244973999 70.055606993380934 123.26961814984679 30.236708887852728 3432.6741210292093 199.01312429457903 679.89808732597157 563.72191320126876 846.49755180068314 51.294808647595346 138.65725373150781 9.2314869561232609 22.870778298005462 446.54429335100576 2.7151323002763084 11.999181468039749 3.9969801530241957 1.6008443357422946 1.6486390745267261 2.6970719887176529 13.44677451206371 5.9259812929667532
leaf_count=516 44 14 19 111 69 338 608 149 16291 858 3297 2990 4076 280 686 44 115 2136 16 75 21 15 27 58 238 74
internal_value=-1.58142e-06 -0.0151312 -0.0255939 0.000111532 0.000880257 0.00562532 -0.00402213 -0.00227016 -0.000118755 0.000730618 0.00832056 -0.0054986 -0.00357398 -0.00633494 0.00708378 -0.011647 0.0116605 0.000980858 -0.00685411 0.00373367 0.0143438 0.0334981 -0.0433015 -0.00432868 -0.0547787 0.0510595
internal_weight=6783.71 50.3406 37.1525 6733.37 5090.38 885.321 193.325 1642.99 4205.06 3631.69 691.996 573.373 1442 897.792 200.996 39.4682 161.528 544.204 18.0502 15.335 13.1881 9.19109 19.1024 4.34571 14.7567 7.52683
internal_count=33165 601 477 32564 24562 4354 946 8002 20208 17149 3408 3059 7008 4356 994 193 801 2652 135 119 124 103 342 85 257 89
is_linear=0
shrinkage=0.05


Tree=127
num_leaves=27
num_cat=0
split_feature=13 24 8 44 44 23 10 44 33 33 32 44 36 40 8 0 24 26 17 2 3 24 3 21 40 2
split_gain=4.52361 7.03093 6.32124 5.39445 7.23216 5.83424 5.78438 5.14006 6.91311 6.652 6.63448 5.68871 8.31259 6.56755 5.03789 6.89348 6.45167 1.7051 0.995909 3.24088 0.0714356 0.0242495 0.00763752 0.00629121 0.00238438 0.000409631
threshold=0.59200000000000008 4.8335000000000008 0.18333333333333332 0.51150000000000018 0.49150000000000005 1.329 14.500000000000002 0.42400000000000004 0.27550000000000008 0.28700000000000003 0.49450000000000005 0.51500000000000012 0.53400000000000014 0.77250000000000008 0.59166666666666679 9.5000000000000018 3.7020000000000004 0.6695000000000001 0.41550000000000004 7.5000000000000009 0.98350000000000015 2.3335000000000004 0.65100000000000013 5.5000000000000009 0.71500000000000008 1.5000000000000002
decision_type=2 2 2 2 2 2 2 2 2 2 2 2 2 2 2 2 2 2 2 2 2 2 2 2 2 2
left_child=2 7 18 4 6 -6 -4 8 10 -10 -2 13 -13 -9 15 -5 -16 23 20 21 22 -20 -1 25 -25 -3
right_child=1 17 3 14 5 -7 -8 11 9 -11 -12 12 -14 -15 16 -17 -18 -19 19 -21 -22 -23 -24 24 -26 -27
leaf_value=-0.053977632360003969 0.0050118563587540242 0.050749683471947998 -0.021286291009587927 0.021307049489663665 0.0028698835555505588 0.036614120817993576 -0.00063821267964761551 -0.00020667143100038042 0.066453315993977233 0.016339171525304601 -0.045909900339564436 0.006053463351681815 -0.0030001428587324453 -0.0071461949278044147 -0.050992427869212043 -0.03497424520046357 0.0066037878707430157 -0.0016685702188827226 -0.052034206033029752 0.057914948622457552 -0.068151586717598647 -0.06243874912141744 -0.058767068398321798 0.05576522867482632 0.053336165312039011 0.051846529792103947
leaf_weight=1.5824904162436708 49.594373318366706 1.4143130825832471 50.18366698094178 12.632112703984605 42.673305815318599 18.303461028262973 104.65087186545134 4852.9970306241885 7.6580776162445536 48.93120886432007 7.3436105968430629 795.16700859554112 372.20744182867929 366.70765943173319 18.300086927367378 9.5567097652237845 6.6212950218468896 1.7455650577321646 1.4874342242255814 0.84668848663568486 2.1689262613654137 0.89816753193736065 1.7560709156095979 1.6233371868729589 2.6750797815620899 2.137993685901165
leaf_count=31 248 112 510 89 305 141 622 23031 34 224 36 3743 1777 1723 120 69 66 34 61 7 13 8 17 19 51 74
internal_value=-1.73311e-06 0.000262055 -0.00632325 -0.00493268 -0.00158648 0.0129989 -0.00733049 0.000198922 0.0107447 0.023121 -0.00155581 1.14761e-05 0.0031668 -0.000694204 -0.0202616 -0.00293326 -0.0356898 0.0430286 -0.0481564 -0.0261245 -0.0610867 -0.0559515 -0.0564969 0.0529668 0.0542535 0.0514098
internal_weight=6781.86 6510.2 271.661 262.922 215.811 60.9768 154.835 6500.61 113.527 56.5893 56.938 6387.08 1167.37 5219.7 47.1102 22.1888 24.9214 9.59629 8.73978 3.23229 5.50749 2.3856 3.33856 7.85072 4.29842 3.55231
internal_count=33165 31106 2059 1922 1578 446 1132 30816 542 258 284 30274 5520 24754 344 158 186 290 137 76 61 69 48 256 70 186
is_linear=0
shrinkage=0.05


Tree=128
num_leaves=23
num_cat=0
split_feature=13 22 18 28 4 26 3 31 39 17 5 30 25 13 5 28 7 15 40 41 42 2
split_gain=4.48807 4.90925 13.4603 10.1224 8.70895 8.66705 8.59995 8.70684 8.17618 6.26212 7.66444 6.94971 5.03364 4.3723 4.07704 2.2155 2.28171 4.18825 2.01511 1.85184 0.0897971 0.0345616
threshold=1.0000000180025095e-35 0.25833333333333336 0.18333333333333332 0.25600000000000006 1.7805000000000002 0.14100000000000004 0.89100000000000013 0.78250000000000008 2.5845000000000007 0.18050000000000002 0.43100000000000005 1.6370000000000002 343.50000000000006 1.5580000000000003 2.3665000000000007 0.11900000000000001 0.48200000000000004 -1.5109999999999999 0.71500000000000008 0.49700000000000005 0.25050000000000006 1.5000000000000002
decision_type=2 2 2 2 2 2 2 2 2 2 2 2 2 2 2 2 2 2 2 2 2 2
left_child=14 2 6 4 -4 13 12 -8 -5 11 -11 -7 -2 -3 15 -1 19 -18 -16 -17 -20 -22
right_child=1 5 3 8 -6 9 7 -9 -10 10 -12 -13 -14 -15 18 16 17 -19 20 -21 21 -23
leaf_value=0.038696249730005489 -0.0079513164629733211 0.064258274107512434 -0.0068223203110759929 0.0028537875997471235 0.02215557297133227 -0.0042138326232241804 0.0016215950497857582 -0.036049704595586561 -0.0016634644777660833 0.0080890898484197293 0.00045276717943219076 0.01646681632685883 -0.05018304922180971 0.010347144675493639 -0.031415404378594962 -0.057957801192388782 0.10640240280998413 -0.052584324916678728 0.035303279281957888 -0.019903686906459467 0.051216226653533925 0.065733917215334337
leaf_weight=0.99425336020067945 9.78667971678078 8.3069829232990724 708.41194830508903 2025.9393278737552 26.913240101654083 508.27489583520219 56.687954001128674 21.028060803189874 1981.394503348507 580.55158577673137 757.10414842236787 44.152454313822091 25.285569835454226 6.8722649179399005 1.0795874074101441 9.2502232575789076 0.73465681448578835 0.94976842845789977 0.68749143555760417 4.8854383965954176 1.1007975889369843 0.65323491394519795
leaf_count=16 56 39 3398 9768 177 2675 266 98 9442 2637 3596 263 177 34 20 214 10 114 25 86 49 5
internal_value=-1.74957e-06 6.8798e-05 -0.000775205 -0.000369226 -0.00576172 0.00221969 -0.0178463 -0.00857134 0.000620268 0.00191748 0.00376698 -0.00256094 -0.0383986 0.0398505 -0.0234559 -0.033701 -0.038251 0.0167572 0.0254674 -0.0448059 0.0506197 0.0566229
internal_weight=6781.05 6760.71 4855.45 4742.66 735.325 1905.26 112.788 77.716 4007.33 1890.08 1337.66 552.427 35.0722 15.1792 20.3355 16.8143 15.8201 1.68443 3.52111 14.1357 2.44152 1.75403
internal_count=33165 32626 23382 22785 3575 9244 597 364 19210 9171 6233 2938 233 73 539 440 424 124 99 300 79 54
is_linear=0
shrinkage=0.05


Tree=129
num_leaves=18
num_cat=0
split_feature=13 14 18 21 22 8 13 26 15 44 43 43 39 0 43 44 5
split_gain=4.43994 5.10983 5.62358 9.54793 8.88797 10.512 8.41915 7.17862 7.15891 4.56345 6.34133 3.81856 3.80826 3.85171 2.6959 0.921492 0.158075
threshold=3.4165000000000005 0.55800000000000016 0.59166666666666679 17.500000000000004 0.25833333333333336 1.0000000180025095e-35 0.93000000000000016 0.14100000000000004 -0.71099999999999985 0.51900000000000013 0.69000000000000006 0.70200000000000007 2.6625000000000001 14.500000000000002 0.72000000000000008 0.47200000000000003 -0.50849999999999984
decision_type=2 2 2 2 2 2 2 2 2 2 2 2 2 2 2 2 2
left_child=1 9 4 6 5 -3 -4 -6 -5 10 -1 -12 13 -11 -14 -2 -17
right_child=15 2 3 8 7 -7 -8 -9 -10 12 11 -13 14 -15 -16 16 -18
leaf_value=0.04661034770319894 0.020734000853632587 0.020865744894604549 -0.016537785193955799 0.029525986425134376 0.035736245101897303 -0.0029953228356934623 0.0033593147565640991 0.0015867373188047853 -0.041446763228917528 0.016647656467801853 -0.050793696933525173 -0.011788971878603373 0.007264001084266199 0.085960862959122988 -0.058617955037088026 0.056298347920312519 0.080082630593797666
leaf_weight=4.5105629498139015 1.7643034080974747 46.960766011849046 54.698658656328917 4.3250513449311283 15.516408259514717 2699.9338944782503 1896.5898177549243 1875.1353559908457 19.906181268393993 8.0279300850816089 6.5840985082322723 133.60749492817558 5.0870265036355695 2.6712010223418465 2.2350052907131612 1.5885334233753381 1.2469677217304709
leaf_count=34 32 241 270 20 80 12890 8744 9396 87 78 54 1099 44 21 29 37 9
internal_value=-1.82328e-06 -3.51599e-05 0.000180226 0.0024142 -0.000771412 -0.0025874 0.00280156 0.001867 -0.0287788 -0.00878842 -0.0117433 -0.0136208 0.0149383 0.0339528 -0.0128461 0.049105 0.066758
internal_weight=6780.39 6775.79 6613.07 1975.52 4637.55 2746.89 1951.29 1890.65 24.2312 162.723 144.702 140.192 18.0212 10.6991 7.32203 4.5998 2.8355
internal_count=33165 33087 31728 9121 22607 13131 9014 9476 107 1359 1187 1153 172 99 73 78 46
is_linear=0
shrinkage=0.05


Tree=130
num_leaves=26
num_cat=0
split_feature=4 14 26 42 17 13 22 22 25 7 24 22 17 2 27 13 4 18 26 0 13 31 0 14 39
split_gain=4.40789 6.15265 5.33725 5.05289 4.8751 6.0452 4.3483 4.78638 3.73584 7.96713 4.80011 6.22367 5.21286 4.37638 4.30596 3.78314 3.5349 3.37952 3.34978 2.87558 2.47975 1.72851 2.87123 0.880642 0.163906
threshold=2.1275000000000004 0.26150000000000007 0.20600000000000002 0.27350000000000008 0.7320000000000001 1.7965000000000002 -0.96666666666666645 -0.84999999999999998 341.50000000000006 0.29300000000000004 2.9725000000000006 -0.45555555555555544 0.15200000000000002 5.5000000000000009 0.23250000000000004 0.59200000000000008 1.2455000000000003 0.40833333333333338 0.17250000000000001 15.500000000000002 1.5965000000000003 0.74250000000000005 15.500000000000002 1.9835000000000003 2.4790000000000005
decision_type=2 2 2 2 2 2 2 2 2 2 2 2 2 2 2 2 2 2 2 2 2 2 2 2 2
left_child=1 2 3 18 6 16 19 -8 9 13 11 14 -13 20 -10 -12 -6 -17 -1 -3 -2 22 -4 -7 -23
right_child=8 4 21 -5 5 23 7 -9 10 -11 15 12 -14 -15 -16 17 -18 -19 -20 -21 -22 24 -24 -25 -26
leaf_value=-0.05021782757532342 -0.061875248126362969 0.050179592102324436 -0.03816381249360349 0.052635654935413168 -0.051245055209601376 0.10140983558280009 -0.023181825881789644 -9.9130042007307105e-06 0.0083480091639575611 -0.090234837838125484 -0.027263063862117312 -0.025505007064205859 0.0043297461291719862 0.04242703311941648 0.036567726474650376 0.054330996666194543 -0.0081017917661231117 0.011373824743784053 0.041140076981643646 -0.024378955209080316 0.011543091678633655 -0.072110330463823855 0.0601591024718304 0.031607442190982035 -0.056082645021317094
leaf_weight=3.761428238591181 2.5387760847806913 6.7792577128857356 6.3939663267228735 3.4167567251715809 10.837074570357805 0.8166767507791507 22.361940570175648 6525.7153690122068 35.317959539592266 2.9728075973689547 2.4496984370052841 18.66600027307868 67.898202620446682 4.0675723925232887 21.89979833830148 12.515447816811504 8.4495963379740697 7.2196609880775204 1.3684037635102866 1.5980591699481008 2.1026341798715293 2.3104732790961862 0.84005477931350458 1.0115053905174136 5.1519478851696476
leaf_count=59 16 101 166 39 191 4 100 31055 264 16 13 102 328 20 161 109 50 115 19 8 31 24 11 47 116
internal_value=-1.80998e-06 -0.000210981 -0.0258906 0.00552837 -0.000120238 -0.0241069 -4.29895e-05 -8.9046e-05 0.00777028 -0.0195597 0.00969394 0.00635383 -0.00210358 0.00456523 0.019149 0.0313415 -0.0323438 0.038616 -0.0258477 0.0359568 -0.0286155 -0.0441621 -0.026746 0.0627892 -0.061045
internal_weight=6778.46 6600.81 23.243 8.54659 6577.57 21.1149 6556.45 6548.08 177.649 11.6818 165.967 143.782 86.5642 8.70898 57.2178 22.1848 19.2867 19.7351 5.12983 8.37732 4.64141 14.6964 7.23402 1.82818 7.46242
internal_count=33165 31990 434 117 31556 292 31264 31155 1175 83 1092 855 430 67 425 237 241 224 78 109 47 317 177 51 140
is_linear=0
shrinkage=0.05


Tree=131
num_leaves=27
num_cat=0
split_feature=3 17 40 14 27 8 14 40 10 44 10 3 8 42 24 59 29 16 3 42 28 13 22 19 28 23
split_gain=4.33299 6.39122 6.92308 8.07999 6.50095 5.62839 5.02712 7.90908 8.49877 7.29914 10.6176 6.82347 6.58197 4.93038 5.13208 4.27123 6.42231 5.83843 3.90941 4.96039 5.84514 4.89585 5.33407 3.84726 1.60177 1.03228
threshold=0.54000000000000015 0.21250000000000002 0.72050000000000003 0.92450000000000021 0.25050000000000006 1.0000000180025095e-35 0.96350000000000013 0.79000000000000015 3.5000000000000004 0.42400000000000004 7.5000000000000009 1.0440000000000003 0.14999999999999999 0.31400000000000006 1.4960000000000002 13.500000000000002 1.8960000000000001 0.20350000000000004 0.26150000000000007 0.29800000000000004 0.51900000000000013 2.6835000000000004 -0.92499999999999982 1.0365000000000002 0.51400000000000012 -1.0665
decision_type=2 2 2 2 2 2 2 2 2 2 2 2 2 2 2 2 2 2 2 2 2 2 2 2 2 2
left_child=1 18 3 4 -3 13 7 8 -7 10 -8 -9 -11 14 -2 16 -4 -17 21 20 -20 22 -1 -16 -23 -5
right_child=5 2 15 25 -6 6 9 11 -10 12 -12 -13 -14 -15 23 17 -18 -19 19 -21 -22 24 -24 -25 -26 -27
leaf_value=-0.05965381975023698 -0.031307209052097516 0.020155598849009589 0.089844625482867979 -0.07496157457654877 -0.065050862204592899 0.0014326857916539823 0.045648961707360158 0.015860538571912521 -0.0070794948798941736 -0.0064593691907917613 0.0049653066844797863 -0.043401986544686903 0.00094843164229296286 -0.041484549083471933 0.04837235215751047 0.037075824910889434 -0.0036742238175776773 -0.039306960571757484 -0.0044782734689132299 -0.042942767471886016 0.023326794424846062 -0.00076346932134512425 -0.0069626185930082686 0.015036854676322814 0.062590411482427735 -0.049365169524622186
leaf_weight=7.4159230142831847 5.2759610228240481 8.0401812889613229 1.9079924621619273 5.9150486700236824 3.1023420689161858 682.84160087257624 21.491818144917488 6.3405903466045883 513.9339850267861 319.55588179081678 63.187192446552217 20.76138368062675 4864.8561883806251 3.8867924953810862 10.105197086930273 2.9490723554044989 48.541027378523722 16.493578262627125 36.64549635630101 4.7249064669013014 39.034304477274418 1.7902999557554711 13.632642381824553 60.319982613436878 2.2534865811467171 11.790253880433736
leaf_count=169 26 64 23 30 40 3121 95 30 2638 1460 307 94 23245 29 48 20 458 88 235 30 208 24 97 458 38 90
internal_value=-1.72613e-06 -0.00717392 -0.0163165 -0.0369243 -0.0035679 0.000221144 5.91504e-05 -0.00282758 -0.00222272 0.000729666 0.015291 -0.0295373 0.000491831 0.0134369 0.0162568 -0.00781067 -0.000137321 -0.0277212 0.00138306 0.00676 0.00986309 -0.0158466 -0.025527 0.0198201 0.0345418 -0.0579165
internal_weight=6776.79 204.237 98.7395 28.8478 11.1425 6572.56 6492.97 1223.88 1196.78 5269.09 84.679 27.102 5184.41 79.5879 75.7011 69.8917 50.449 19.4427 105.497 80.4047 75.6798 25.0924 21.0486 70.4252 4.04379 17.7053
internal_count=33165 1614 813 224 104 31551 30990 5883 5759 25107 402 124 24705 561 532 589 481 108 801 473 443 328 266 506 62 120
is_linear=0
shrinkage=0.05


Tree=132
num_leaves=24
num_cat=0
split_feature=13 14 7 3 13 1 44 24 8 36 7 3 4 40 20 1 14 17 40 24 4 40 34
split_gain=4.18726 4.48506 4.42433 5.75425 5.29141 4.71757 8.48259 10.6824 6.44542 4.55963 6.20147 4.90213 4.15693 4.12035 2.40927 1.89879 1.78864 4.99495 1.3521 0.068889 0.00458678 0.00019456 1.58949e-05
threshold=1.0000000180025095e-35 2.6835000000000004 0.63050000000000017 1.4390000000000003 2.3270000000000004 5.5000000000000009 0.49250000000000005 1.7475000000000003 0.097222222222222224 0.32300000000000006 0.23900000000000002 1.5895000000000004 1.4105000000000001 0.71150000000000013 3.5000000000000004 5.5000000000000009 1.4820000000000004 0.19600000000000004 0.77450000000000008 2.3325000000000005 1.5965000000000003 0.72050000000000003 0.59400000000000008
decision_type=2 2 2 2 2 2 2 2 2 2 2 2 2 2 2 2 2 2 2 2 2 2 2
left_child=1 16 5 4 13 6 7 -2 -8 10 -7 -11 -5 -4 -14 21 19 18 -18 20 -1 -3 -23
right_child=2 15 3 12 -6 9 8 -9 -10 11 -12 -13 14 -15 -16 -17 17 -19 -20 -21 -22 22 -24
leaf_value=-0.050913989111389293 -0.012920751828250174 0.052109064481258287 0.0080982804296050523 -0.014045248224653792 0.040278554762532975 0.034011281930013966 -0.0041345962405465618 0.0063824681162566455 0.016494360152274453 -0.001217057615465947 -0.0033141353918956732 0.001926516918031339 0.067613728333420206 -0.038996291309357778 0.0046330712684820924 -0.028425458012955054 -0.049710241037659843 0.039633338869549652 0.0037282503317310534 -0.063297312215976703 -0.05683112248337624 0.051090126127610526 0.051430823993064256
leaf_weight=2.0716722754295982 113.17154502496123 0.94399957545101632 5.5980219868943086 6.661250736564396 2.8300016261637202 22.716018110513687 48.196088991127908 195.45206472277641 176.64373345533386 4401.0373238623142 21.815027341246605 1726.7289497675374 3.8120880322530866 27.264920875430107 2.5237988382577896 1.0541781261563299 7.0968239624053222 2.495990525931119 1.4206491336226461 2.8203464820981026 0.38900837302207936 1.0594594189897177 0.50576854310929764
leaf_count=235 833 26 60 38 16 110 401 1325 1119 19956 122 8249 71 312 14 7 129 22 21 23 5 52 19
internal_value=-1.94996e-06 -0.0229281 6.54523e-05 -0.0149522 -0.0253246 0.000174495 0.00468553 -0.000695977 0.0120724 -0.000215388 0.0157262 -0.000331237 0.0135325 -0.030974 0.0425264 0.027885 -0.0340403 -0.0225691 -0.0407971 -0.0579632 -0.0518494 0.0515421 0.0512002
internal_weight=6774.31 19.8579 6754.45 48.6901 35.6929 6705.76 533.463 308.624 224.84 6172.3 44.531 6127.77 12.9971 32.8629 6.33589 3.56341 16.2945 11.0135 8.51747 5.28103 2.46068 2.50923 1.56523
internal_count=33165 539 32626 511 388 32115 3678 2158 1520 28437 232 28205 123 372 85 104 435 172 150 263 240 97 71
is_linear=0
shrinkage=0.05


Tree=133
num_leaves=30
num_cat=0
split_feature=41 30 27 6 22 4 5 22 13 28 21 39 31 41 13 25 4 14 28 16 33 1 40 21 20 4 19 1 7
split_gain=4.19867 8.52433 9.91667 7.82759 8.2258 7.33622 7.21901 8.64163 9.21664 8.10491 7.32662 6.65972 9.0853 6.9949 10.6416 6.82695 6.04533 6.04988 9.41322 8.18945 5.8022 5.41763 5.55988 4.52848 5.70973 3.97354 5.02434 2.04873 1.32731
threshold=0.45300000000000007 1.4685000000000004 0.29550000000000004 0.64500000000000013 0.51666666666666683 1.2195000000000003 0.19600000000000004 0.083333333333333273 0.69400000000000006 0.22900000000000004 28.500000000000004 2.5190000000000006 0.61250000000000016 0.48200000000000004 1.4565000000000003 343.50000000000006 2.1275000000000004 1.3470000000000002 0.17250000000000001 0.46300000000000008 0.13150000000000003 12.500000000000002 0.73150000000000015 3.5000000000000004 7.5000000000000009 1.0890000000000002 0.91850000000000021 6.5000000000000009 0.27100000000000007
decision_type=2 2 2 2 2 2 2 2 2 2 2 2 2 2 2 2 2 2 2 2 2 2 2 2 2 2 2 2 2
left_child=1 6 3 5 -5 -3 7 9 -9 -1 20 12 25 15 -15 -14 17 18 -13 -19 -8 27 -23 24 -18 28 -27 -4 -2
right_child=11 2 21 4 -6 -7 10 8 -10 -11 -12 16 13 14 -16 -17 23 19 -20 -21 -22 22 -24 -25 -26 26 -28 -29 -30
leaf_value=-0.04677630637618066 -0.074015178196459461 -0.0084698358960193891 0.021802265310075449 0.031289701044778316 -0.0080176458588611371 0.0025635116675902939 0.050112916899680483 0.0025320466165270751 -0.03848291669947701 -0.00471325629573728 -0.062572095923548801 -0.012790588437230813 -0.0011624645472390538 -0.032401951514794518 0.015831286473042012 0.010277791744130613 -0.0015859381158625811 0.00065034930196204244 -0.0012109709451915401 0.012299375889468785 0.0024794615654308381 0.025466909610566742 0.083527999376711029 0.061275979966748911 0.018588122803784381 0.018446802456615057 -0.025825265069098775 -0.032183651073932333 -0.030536627034308639
leaf_weight=12.346642374992369 3.6849637897685161 287.01170980895404 3.3465263843536404 35.861223675310612 21.165133148431778 317.12924348469824 7.0557243051007381 18.227889824192971 55.104705981910229 158.07302984339185 3.9905747175216666 188.63679554639384 175.29288237239234 27.782711400650442 19.434985591098666 509.25164371402934 70.818602624349296 1976.6870788233355 2521.1256298765074 163.34183398634195 68.069244447164237 12.270535714924337 6.2098753228783599 4.1704445257782927 69.484866910148412 9.4889419414103049 19.741107985377312 3.7007759436964989 3.3521580940578133
leaf_count=67 26 1374 20 178 151 1479 39 102 260 812 17 930 851 131 95 2493 431 9607 12057 870 357 56 27 23 496 56 107 21 32
internal_value=-1.99486e-06 -0.00297642 0.000173969 -0.00100668 0.0167009 -0.00267815 -0.00967686 -0.0139363 -0.028288 -0.00776066 0.00344634 0.000519129 0.00485371 0.00606437 -0.012549 0.00734826 -0.000147453 -0.000447699 -0.00201707 0.00153948 0.00695319 0.0307528 0.0449769 0.00993139 0.0084052 -0.0195738 -0.0114532 -0.00654756 -0.053304
internal_weight=6771.86 1009.56 686.695 661.167 57.0264 604.141 322.868 243.752 73.3326 170.42 79.1155 5762.29 768.029 731.762 47.2177 684.545 4994.27 4849.79 2709.76 2140.03 75.125 25.5277 18.4804 144.474 140.303 36.2672 29.23 7.0473 7.03712
internal_count=33165 4960 3306 3182 329 2853 1654 1241 362 879 413 28205 3791 3570 226 3344 24414 23464 12987 10477 396 124 83 950 927 221 163 41 58
is_linear=0
shrinkage=0.05


Tree=134
num_leaves=28
num_cat=0
split_feature=13 4 36 8 15 13 25 24 7 21 8 8 20 18 14 8 27 39 17 15 19 14 9 24 18 8 39
split_gain=4.04188 10.2568 7.92341 7.83765 13.1513 8.34337 6.73523 6.57086 7.94262 5.94483 5.76017 9.57454 9.77845 7.8488 5.47721 8.65747 11.164 8.54689 9.59157 5.90533 5.30765 5.06556 5.05794 4.49612 5.352 3.59034 2.86463
threshold=0.84400000000000008 0.40600000000000008 0.32300000000000006 0.76388888888888895 -0.89399999999999991 0.84800000000000009 343.50000000000006 1.7475000000000003 0.24550000000000002 6.5000000000000009 0.36666666666666675 0.29999999999999999 -9.4999999999999982 0.63333333333333341 1.4565000000000003 0.43055555555555564 0.30800000000000005 2.4185000000000003 0.22450000000000003 -0.72299999999999986 1.8685000000000003 1.9835000000000003 1.5475000000000001 3.3335000000000004 0.25833333333333336 0.76388888888888895 2.5610000000000004
decision_type=2 2 2 2 2 2 2 2 2 2 2 2 2 2 2 2 2 2 2 2 2 2 2 2 2 2 2
left_child=10 6 7 5 -5 -4 9 26 -9 -2 11 12 -1 -14 15 16 -12 18 -16 -17 21 -8 -19 24 -13 -22 -3
right_child=1 2 3 4 -6 -7 20 8 -10 -11 14 23 13 -15 17 19 -18 22 -20 -21 25 -23 -24 -25 -26 -27 -28
leaf_value=-0.075160843133785057 -0.016977892777034927 0.016645626027763896 0.028511621108182391 0.035353576571506944 0.0042006501977083976 -0.00018320552189847187 -0.057357912317225125 0.065985954866586857 0.0078799144943037212 0.07673583566137028 0.0049188879790694846 -0.042285659910722487 0.00074125571342427031 -0.068839361385541017 -0.023336424755660889 -0.02208309637134041 0.076113794638670185 0.0077433245228359458 0.053208027131896166 -0.0048861849329997122 -0.040603595382604801 -0.0058088700950458061 -0.0029445618605453564 0.016763727822893773 -0.015553885423673506 0.038521305685686902 -0.044427425822228472
leaf_weight=4.5443811416625968 4.4401485584676257 3.7804705649614361 25.460783489048481 36.304054788779467 506.85908818989992 5019.3628414156847 19.486579896882184 12.597574782557787 11.030850917100905 2.7344818115234375 36.280315313488245 31.710228784708306 173.49853977374732 4.1498497985303393 5.5037270002067116 61.988785372115672 6.4915441684424868 183.85810011811554 15.962513171136377 256.42900851648301 2.3619184717535964 6.3085346650332204 278.17920120153576 6.5097271576523772 45.721442289999686 3.6479487866163254 3.9015761241316795
leaf_count=20 34 20 115 434 2387 23665 118 57 56 15 195 188 1043 36 35 423 39 869 73 1357 29 38 1499 32 344 22 22
internal_value=-2.05752e-06 0.000539291 0.000716592 0.000576052 0.00628286 -3.83852e-05 -0.0250204 0.0257989 0.0388593 0.0187394 -0.00275955 -0.00917407 -0.0027368 -0.000884141 -0.000738559 -0.00539691 0.0157242 0.00274135 0.0335828 -0.00823404 -0.0348918 -0.0447509 0.00130846 -0.023146 -0.0265012 0.00742468 -0.0143723
internal_weight=6769.1 5658.28 5619.3 5587.99 543.163 5044.82 38.9796 31.3105 23.6284 7.17463 1110.83 266.134 182.193 177.648 844.693 361.19 42.7719 483.504 21.4662 318.418 31.805 25.7951 462.037 83.9414 77.4317 6.00987 7.68205
internal_count=33165 27012 26756 26601 2821 23780 256 155 113 49 6153 1663 1099 1079 4490 2014 234 2476 108 1780 207 156 2368 564 532 51 42
is_linear=0
shrinkage=0.05


Tree=135
num_leaves=18
num_cat=0
split_feature=13 3 20 24 8 8 9 21 13 19 32 42 4 4 44 19 5
split_gain=3.98346 4.34815 5.98725 7.10816 5.59519 5.07402 14.0361 6.61236 4.63986 5.12267 4.60182 2.94686 2.0309 3.70547 0.906345 0.380364 0.122889
threshold=3.4165000000000005 0.34150000000000008 6.5000000000000009 1.6665000000000003 1.0000000180025095e-35 0.18333333333333332 1.3725000000000003 -24.499999999999996 2.0645000000000002 1.0365000000000002 0.32700000000000007 0.24050000000000002 1.3965000000000003 1.3270000000000002 0.47200000000000003 0.93000000000000016 -0.50849999999999984
decision_type=2 2 2 2 2 2 2 2 2 2 2 2 2 2 2 2 2
left_child=1 2 12 10 8 6 -6 -7 9 -3 -4 -10 13 -1 -2 -14 -16
right_child=14 4 3 -5 5 7 -8 -9 11 -11 -12 -13 15 -15 16 -17 -18
leaf_value=-0.039906498707513977 0.01921700495009461 0.038323942872398008 0.05376667453758998 0.083633408508441198 -0.0030959414239146769 -0.010817646341871101 -0.043359314354728645 0.00055092817475615508 -0.029365125582429687 0.0039940084534644772 -0.013447251180757257 0.059849548048374328 -0.0441213953613699 0.053825153154761607 0.056089930468630013 -0.068048105006404777 0.07762325877596836
leaf_weight=5.5788274139631522 1.7139070816338051 12.541846316307781 2.7235524635761967 2.1746777296066275 487.97148505179211 130.70887335389853 22.650112472474575 5960.5280926248524 1.0663919951766709 81.349608993157744 39.182094780728221 7.0110940421000123 2.5152507685124874 1.3001445736736057 1.471704250667244 4.8907748088240623 1.2051223739981654
leaf_count=210 32 61 32 11 2343 564 103 28726 20 464 364 110 29 14 37 36 9
internal_value=-2.22995e-06 -3.31429e-05 -0.0136214 -0.00450494 8.51597e-05 -9.43619e-05 -0.00488194 0.000306975 0.0117081 0.00857974 -0.00907885 0.0480714 -0.0417526 -0.022191 0.047607 -0.0599221 0.0657844
internal_weight=6766.58 6762.19 58.3653 44.0803 6703.83 6601.86 510.622 6091.24 101.969 93.8915 41.9056 8.07749 14.285 6.87897 4.39073 7.40603 2.67683
internal_count=33165 33087 696 407 32391 31736 2446 29290 655 525 396 130 289 224 78 65 46
is_linear=0
shrinkage=0.05


Tree=136
num_leaves=27
num_cat=0
split_feature=18 21 14 18 18 13 22 18 59 6 32 40 30 43 28 13 17 2 2 4 39 41 30 7 11 1
split_gain=4.03379 8.44385 8.08806 9.70252 16.8096 12.884 7.88283 11.8451 9.06482 13.6203 6.70966 9.44776 10.0328 7.69632 6.60125 6.46791 7.47463 7.35599 6.26618 6.19993 8.67196 6.63362 6.07427 5.83454 5.23476 4.05255
threshold=0.59166666666666679 17.500000000000004 1.0890000000000002 0.70000000000000007 0.78888888888888908 0.91850000000000021 0.19999999999999998 0.18333333333333332 9.5000000000000018 0.44200000000000006 0.39450000000000007 0.71150000000000013 1.4055000000000002 0.78100000000000014 0.20300000000000004 1.1275000000000002 0.23200000000000004 24.500000000000004 29.500000000000004 0.85950000000000004 2.6085000000000007 0.45100000000000007 1.6565000000000001 0.26200000000000007 30.500000000000004 15.500000000000002
decision_type=2 2 2 2 2 2 2 2 2 2 2 2 2 2 2 2 2 2 2 2 2 2 2 2 2 2
left_child=6 2 14 5 -5 -4 7 22 9 -9 11 13 -13 -8 24 16 -3 -17 -16 20 -12 -21 25 -10 -2 -1
right_child=1 15 3 4 -6 -7 10 8 23 -11 19 12 -14 -15 18 17 -18 -19 -20 21 -22 -23 -24 -25 -26 -27
leaf_value=-0.0066110650058743116 -0.015669848160380386 0.03710276692049088 -0.02209303064714821 -0.019387316355850576 0.0068334164078037571 0.011157370756543515 -0.02855899547760625 0.0076537563432245818 -0.001335572319908631 -0.010651442519376842 -0.0069812910300056669 0.0059342222212560337 -0.011275310151497714 0.018136581312405069 -0.00042731356135777441 -0.1005544090341394 -0.040207657265175972 -0.020334930712099544 0.025125819853569622 -0.0042324754215645874 0.0081688282148814264 0.0060587991200852639 -0.075796486699066981 -0.0069902988700623839 -0.077812152845113336 -0.029021648026214555
leaf_weight=40.507303396007046 24.75049114506692 6.095715135335924 30.724551402032375 91.80761026404798 182.88325896905735 562.65780467540026 57.244365031830966 440.06842627888545 1059.8693022169173 132.13049472169951 305.52715571131557 211.24348404910415 141.35928198508918 10.432240757159887 1169.0710740815848 4.9508213959634286 6.4184615612030029 6.7594325020909309 24.494007632136345 182.93591529596597 136.72370082838461 1087.0908849630505 4.7773174569010726 800.85343410423957 3.9265632778406134 40.184398628771305
leaf_count=261 150 27 145 422 879 2584 294 2626 4706 732 1650 1079 697 59 5810 22 28 30 106 860 751 5299 22 3715 18 193
internal_value=-2.18624e-06 0.00180849 0.00214862 0.00583914 -0.00193012 0.00943571 -0.000825403 -0.00271962 -0.0020769 0.00342677 0.00141152 -0.00424941 -0.00096512 -0.0213609 -0.000472491 -0.0275417 -0.00254938 -0.0542498 9.70807e-05 0.002801 -0.00229757 0.00457643 -0.0210148 -0.00376936 -0.0241786 -0.0177715
internal_weight=6765.49 2114.54 2090.32 868.073 274.691 593.382 4650.95 2518.39 2432.92 572.199 2132.56 420.279 352.603 67.6766 1222.24 24.2244 12.5142 11.7103 1193.57 1712.28 442.251 1270.03 85.469 1860.72 28.6771 80.6917
internal_count=33165 10221 10114 4030 1301 2729 22944 12255 11779 3358 10689 2129 1776 353 6084 107 55 52 5916 8560 2401 6159 476 8421 168 454
is_linear=0
shrinkage=0.05


Tree=137
num_leaves=30
num_cat=0
split_feature=4 8 26 30 16 9 19 12 25 23 7 31 24 25 20 23 23 44 42 23 28 24 19 15 26 8 14 10 26
split_gain=3.87741 11.8042 8.51038 8.66906 7.06568 6.82391 10.4396 7.91336 8.38854 6.71218 7.73149 8.00599 6.84772 8.31074 7.94237 6.56029 6.26335 5.77878 7.40835 4.85846 4.15359 6.84309 4.76937 3.27584 2.75692 2.7448 2.72973 5.04362 1.61487
threshold=1.1060000000000001 0.21111111111111114 0.17150000000000001 1.6575000000000002 0.63450000000000017 1.9245000000000003 2.0575000000000006 19.500000000000004 344.50000000000006 1.2540000000000002 0.097500000000000017 0.66900000000000015 3.4685000000000006 348.50000000000006 -8.4999999999999982 0.75150000000000017 0.26400000000000001 0.44450000000000006 0.22550000000000003 -0.27799999999999986 0.28400000000000003 2.4300000000000006 1.5580000000000003 1.2245000000000001 0.5525000000000001 0.18333333333333332 1.7805000000000002 12.500000000000002 0.13350000000000004
decision_type=2 2 2 2 2 2 2 2 2 2 2 2 2 2 2 2 2 2 2 2 2 2 2 2 2 2 2 2 2
left_child=1 20 17 4 -4 9 7 8 -7 12 24 -12 14 -14 -2 -9 23 28 -19 -5 26 22 -22 -8 -11 -23 27 -1 -3
right_child=5 2 3 19 -6 6 16 15 -10 10 11 -13 13 -15 -16 -17 -18 18 -20 -21 21 25 -24 -25 -26 -27 -28 -29 -30
leaf_value=-0.056743376634536824 -0.013308380584399869 -0.030093586043303439 -0.0018643907022496112 0.060391807127681843 0.010215433219386442 0.0056052028225169991 0.027037592491120289 0.020589298382472452 0.034507447626506781 -0.0023405104844010237 -0.088469588125080559 -0.020170717875411182 0.016808748104156553 -0.017599818414934975 0.00065285027489128959 -0.019102991090504805 -0.082267787670703377 0.03859229688059182 -0.019229616541494941 0.012708717393012015 -0.057291510775971027 -0.0076248407824576541 -0.015358560422187823 -0.0374305459342089 0.058201539345900902 0.045071980938409577 -0.083452051045332598 0.011862502756196229 -0.074973856542760314
leaf_weight=8.0686104544438404 104.5076216571033 3.293659706367178 1959.7380922737066 5.8149132989346972 129.02176026254892 43.466164420824498 3.7212214767932874 17.387936092913151 59.431764488108456 4.2607825081795445 5.1907869167625931 24.744424091652036 116.86337014380842 20.649601796176285 4034.8862197529525 25.940148398280144 4.265985481441021 6.1993622842710456 52.049786280142143 65.696713528246619 8.9829165851697308 4.534462131559847 27.662850310560316 4.1882946081459522 3.3658227231353521 5.4302617907524109 3.6222564540803424 4.0104693970642975 5.1201017096173018
leaf_count=69 446 20 10078 27 641 263 19 84 382 31 27 128 830 143 18598 126 22 37 332 348 91 25 250 21 24 24 19 26 34
internal_value=-2.13898e-06 -0.00167572 -0.00107513 -0.00053216 -0.00111823 0.00085441 0.0110468 0.0147508 0.0222986 0.000480205 -0.0205639 -0.0320138 0.000665024 0.0116418 0.00030037 -0.00317413 -0.0334369 -0.0186707 -0.0130757 0.016586 -0.0231397 -0.0156473 -0.0256375 -0.00709996 0.0243783 0.0210922 -0.0453815 -0.033965 -0.057405
internal_weight=6762.12 2289.25 2226.93 2160.27 2088.76 4472.87 158.402 146.226 102.898 4314.47 37.5618 29.9352 4276.91 137.513 4139.39 43.3281 12.1755 66.6629 58.2491 71.5116 62.3118 46.6105 36.6458 7.90952 7.62661 9.96472 15.7013 12.0791 8.41376
internal_count=33165 12021 11517 11094 10719 21144 917 855 645 20227 210 155 20017 973 19044 210 62 423 369 375 504 390 341 40 55 49 114 95 54
is_linear=0
shrinkage=0.05


Tree=138
num_leaves=22
num_cat=0
split_feature=24 13 7 3 23 40 40 7 15 15 17 14 40 21 24 21 4 1 4 2 4
split_gain=3.86228 5.74958 4.1507 5.07558 4.9086 4.34301 9.09267 6.93859 3.89513 2.1515 4.28909 1.58155 1.54792 3.24238 0.0514217 0.00504966 0.00367115 0.000260841 0.00010026 0.00010593 5.16268e-05
threshold=5.5360000000000005 1.0000000180025095e-35 0.63050000000000017 1.4390000000000003 -0.38049999999999989 0.71500000000000008 0.72750000000000015 0.41050000000000003 0.65450000000000019 -1.4899999999999998 0.19600000000000004 2.4335000000000004 0.71500000000000008 5.5000000000000009 2.3325000000000005 5.5000000000000009 1.5965000000000003 3.5000000000000004 0.98350000000000015 1.5000000000000002 0.98350000000000015
decision_type=2 2 2 2 2 2 2 2 2 2 2 2 2 2 2 2 2 2 2 2 2
left_child=1 9 5 4 -4 7 -7 -3 -5 10 11 -1 13 18 16 17 -11 20 -2 -20 -14
right_child=12 2 3 8 -6 6 -8 -9 -10 14 -12 -13 15 -15 -16 -17 -18 -19 19 -21 -22
leaf_value=-0.044615428641104751 0.052088161245339083 -0.0012051094225954777 -0.0058190515978973727 0.031105636279576868 -0.043188569563028023 0.0054813756985332964 -0.00011458314896961938 -0.013864473910509515 -0.028596637796899072 -0.050863385714913383 0.038587507204896898 0.0098178318098569028 0.051116170068696558 -0.054122137511991901 -0.061974082944054744 0.05450065364721815 -0.056354333014929175 0.052086191907747638 0.05082966607915327 0.051962524130411261 0.050654454154674948
leaf_weight=7.14252074994147 0.85451078787445955 1512.818488036748 17.640480647562068 8.7355324756354076 17.50976359797642 878.48179164156318 4179.6476932330988 116.58112973393872 3.9752371907234183 1.914654697873629 2.6069811079651108 1.6410123035311697 1.496102659963072 1.2628601565957067 2.6591963693499565 1.7648328002542255 0.36194567568600167 0.60443846322596062 0.47758607170544565 0.3633427657186985 1.0169743504375217
leaf_count=142 23 7225 135 92 253 4264 19827 612 21 235 23 15 72 12 23 30 5 19 35 11 91
internal_value=-1.99304e-06 -4.27218e-05 2.91144e-05 -0.014643 -0.0244343 0.000134119 0.000857307 -0.00211087 0.012434 -0.0296786 -0.0177304 -0.0344458 0.0350703 0.00652975 -0.057252 0.0523635 -0.0517364 0.0511536 0.0517067 0.0513191 0.0509293
internal_weight=6759.56 6751.72 6735.39 47.861 35.1502 6687.53 5058.13 1629.4 12.7108 16.3263 11.3905 8.78353 7.84065 2.9583 4.9358 4.88235 2.2766 3.11752 1.69544 0.840929 2.51308
internal_count=33165 32872 32429 501 388 31928 24091 7837 113 443 180 157 293 81 263 212 240 182 69 46 163
is_linear=0
shrinkage=0.05


Tree=139
num_leaves=31
num_cat=0
split_feature=40 40 29 40 17 7 13 17 7 14 7 13 1 44 6 27 7 3 6 26 17 24 9 42 43 9 5 28 5 3
split_gain=3.81358 6.02641 6.91149 6.88342 6.46868 6.30872 6.18042 6.97882 6.60571 6.13744 5.87339 6.30139 5.03584 4.70119 10.4451 8.34663 9.25922 8.42396 8.11314 6.57123 5.85966 5.84945 5.58825 8.21509 5.80384 5.48052 5.17623 3.84535 3.23696 1.63219
threshold=0.75850000000000006 0.71500000000000008 3.0045000000000006 0.69800000000000006 0.7320000000000001 0.40350000000000003 2.2745000000000002 0.36200000000000004 0.63050000000000017 0.90250000000000019 0.097500000000000017 1.6380000000000001 26.500000000000004 0.52150000000000019 0.6100000000000001 0.18150000000000002 0.081500000000000017 0.98350000000000015 0.58950000000000002 0.38050000000000006 0.26800000000000007 3.3335000000000004 2.1590000000000003 0.26250000000000007 0.74700000000000011 1.1835000000000002 0.24550000000000002 0.45200000000000007 -0.20349999999999999 1.9835000000000003
decision_type=2 2 2 2 2 2 2 2 2 2 2 2 2 2 2 2 2 2 2 2 2 2 2 2 2 2 2 2 2 2
left_child=1 2 3 9 6 -5 8 -8 -3 -1 12 -12 -4 15 18 16 -2 -18 20 -20 -15 25 24 -24 -16 -17 -23 29 -29 -6
right_child=13 4 10 5 27 -7 7 -9 -10 -11 11 -13 -14 14 22 21 17 -19 19 -21 -22 26 23 -25 -26 -27 -28 28 -30 -31
leaf_value=-0.010139457832483727 -0.086843539586590981 0.0016262531941488231 0.039036182563376105 -0.004544061525286496 -0.061969944660632763 -0.01923512773837744 0.019620735225969372 -0.036551590542933707 -0.027131954827450996 0.0037313278812235646 -0.004558529961284306 0.015259284968878073 -0.0048710009834697999 0.0045994107167294483 0.027165603589680329 -0.00014861885216422278 0.018562002815973526 -0.031678456558024988 -0.09394069225053929 -0.018378179218316564 -0.0063300161457059819 0.037066967734602996 -0.037825428016623378 0.021350995654840197 0.088757595506243181 -0.010018636700549198 0.0031299565188105945 0.10210942965754591 -0.024193931014701561 -0.0025105922358429206
leaf_weight=96.99841816816479 5.4538416583091012 3721.8028178913519 22.704696404747668 819.86302345525473 7.1368551483610627 80.226739384233952 74.678726600948721 5.9715339615941039 20.07578121102415 448.44933936838061 104.94137760484591 64.928320472128689 9.1670902632176858 276.27318288525566 21.829140622168783 253.46886952978093 11.617835471872239 29.604254808276892 3.8170683607459059 11.685528306290506 220.52613710099831 13.1214043055661 7.7721167481504407 23.89884462300688 4.6373119056224814 315.97451053699479 78.189909716136754 0.79949338315054808 1.387917939107864 1.3768350724130867
leaf_count=524 35 17889 163 3962 132 468 497 37 174 2174 498 304 48 1306 107 1205 51 141 18 56 1068 98 51 153 22 1408 490 11 52 23
internal_value=-1.97297e-06 0.000571546 -0.00195768 -0.0031676 0.00165845 -0.0058535 0.00176712 0.0154616 0.00147196 0.00126465 0.00671172 0.00301632 0.0264074 -0.00246167 0.000915614 -0.00518496 -0.0256192 -0.0175189 -0.0013636 -0.0369833 -0.000252094 -0.00374148 0.0209999 0.00682898 0.0379574 -0.00562532 0.00800669 -0.0371616 0.0219696 -0.0523542
internal_weight=6758.38 5480.51 1647.28 1445.54 3833.23 900.09 3822.53 80.6503 3741.88 545.448 201.741 169.87 31.8718 1277.87 570.439 707.431 46.6759 41.2221 512.302 15.5026 496.799 660.755 58.1374 31.671 26.4665 569.443 91.3113 10.7011 2.18741 8.51369
internal_count=33165 26956 8141 7128 18815 4430 18597 534 18063 2698 1013 802 211 6209 2781 3428 227 192 2448 74 2374 3201 333 204 129 2613 588 218 63 155
is_linear=0
shrinkage=0.05


Tree=140
num_leaves=31
num_cat=0
split_feature=3 26 33 5 27 6 41 5 40 6 44 8 28 40 26 21 7 16 30 8 13 27 41 41 28 39 39 39 23 23
split_gain=3.84032 9.13723 10.7067 7.76981 7.6562 12.583 7.54885 7.4473 7.42587 7.20014 6.54398 5.40081 13.8081 12.7289 6.99322 6.26667 7.68625 5.62762 5.09287 7.69932 5.76088 4.63164 7.42951 7.09153 6.34722 8.88711 6.48749 2.54312 3.13836 2.01039
threshold=0.96100000000000008 0.38400000000000006 0.37350000000000005 -0.90699999999999992 0.22250000000000003 0.32700000000000007 0.46050000000000008 -0.93199999999999994 0.68550000000000011 0.31100000000000005 0.44800000000000006 0.23611111111111113 0.45650000000000007 0.78000000000000014 0.39050000000000007 -24.499999999999996 0.29500000000000004 0.63250000000000017 1.4925000000000004 0.14999999999999999 1.2830000000000001 0.20250000000000004 0.49150000000000005 0.51650000000000007 0.56500000000000006 2.5235000000000003 2.6015000000000006 2.544 -0.47799999999999981 -0.71499999999999986
decision_type=2 2 2 2 2 2 2 2 2 2 2 2 2 2 2 2 2 2 2 2 2 2 2 2 2 2 2 2 2 2
left_child=1 4 18 21 6 9 7 -1 -7 -6 -8 12 14 -14 -5 16 -13 -17 19 -3 -20 22 29 -24 26 -26 -23 -4 -29 -2
right_child=3 2 27 11 5 8 10 -9 -10 -11 -12 15 13 -15 -16 17 -18 -19 20 -21 -22 24 23 -25 25 -27 -28 28 -30 -31
leaf_value=0.0031560250487981199 0.023081048697325166 -0.036179124395808851 0.0002621022821276664 -0.026211711513447467 0.0035159237962189491 0.051147633699364405 0.029514202680964993 -0.026069999819264444 -0.016246390629011075 0.03477136979388297 -0.0037472314306830068 -0.0044064265832853581 0.0077375453503199633 -0.044643247073088865 -0.0065499087050638399 0.00051412237425736706 -0.056088789056656076 0.0075245079940627737 -0.03386506317059803 -0.0029383243790666747 -0.0049359258244703989 0.029584676164110375 -0.029310501093192772 0.040858577667419266 -0.092914087861238615 -0.002708546788525789 0.00052735059566310922 0.019070397708501833 0.08558858445636458 0.066584515997500926
leaf_weight=30.811126243788749 3.5138904042541972 20.599870969541371 3.044548358069731 80.52524464763701 787.51946430769749 4.2493973020464173 15.394330266863106 74.505603370722383 107.19988442072645 18.867383189499378 375.24728501820937 22.649857312440872 171.84097666293383 12.43751350417733 103.16070131585002 4287.5986825258005 10.542449772357939 306.75448114797473 51.484687339281663 112.85270671069156 25.849439434707165 36.438905161805451 7.3289744555950147 7.0782367708161473 3.2516456618905094 17.034783179871738 40.624560056254268 3.296908781863749 3.8368307156488299 10.873120062053205
leaf_count=154 44 142 18 363 4079 25 69 354 611 94 1754 97 767 55 470 20541 44 1497 308 684 137 266 59 48 27 106 251 23 21 57
internal_value=-1.79939e-06 -0.00211176 -0.0115672 0.000671669 -0.000633946 0.00207078 -0.0056394 -0.0175197 -0.0136768 0.00424722 -0.00243647 0.000362203 -0.00546798 0.00420221 -0.0151694 0.000825796 -0.0208216 0.00098219 -0.0139857 -0.00806941 -0.0241953 0.012927 0.0305435 0.00516344 0.00771643 -0.0171673 0.0142669 0.0385193 0.0548467 0.0559592
internal_weight=6756.41 1634.76 220.965 5121.65 1413.79 917.836 495.958 105.317 111.449 806.387 390.642 4995.51 367.964 184.278 183.686 4627.55 33.1923 4594.35 210.787 133.453 77.3341 126.144 28.7942 14.4072 97.3499 20.2864 77.0635 10.1783 7.13374 14.387
internal_count=33165 8473 1333 24692 7140 4809 2331 508 636 4173 1823 23834 1655 822 833 22179 141 22038 1271 826 445 858 208 107 650 133 517 62 44 101
is_linear=0
shrinkage=0.05


Tree=141
num_leaves=31
num_cat=0
split_feature=14 22 8 6 18 23 39 24 30 28 18 20 18 18 40 24 32 24 30 8 24 23 27 4 1 39 41 39 0 25
split_gain=3.78281 6.21152 12.2038 7.55275 10.3436 7.3794 7.37039 8.23614 7.08725 7.0543 5.63893 8.6645 10.4668 11.3184 7.42135 7.38302 7.21046 6.70121 6.61452 5.90794 5.82142 5.79124 5.5377 5.22487 5.04233 4.47856 4.21248 4.05603 2.1329 0.836505
threshold=1.2155000000000002 -0.23611111111111102 0.14999999999999999 0.12250000000000001 0.18333333333333332 -1.1654999999999998 2.5845000000000007 1.4960000000000002 1.6640000000000001 0.70950000000000013 0.59166666666666679 -8.4999999999999982 0.70000000000000007 0.78888888888888908 0.79000000000000015 3.7485000000000004 0.39650000000000007 1.7475000000000003 1.4870000000000003 1.0000000180025095e-35 3.2855000000000003 0.52500000000000024 0.23250000000000004 0.87750000000000006 35.500000000000007 2.5995000000000004 0.50700000000000012 2.6535000000000006 13.500000000000002 345.50000000000006
decision_type=2 2 2 2 2 2 2 2 2 2 2 2 2 2 2 2 2 2 2 2 2 2 2 2 2 2 2 2 2 2
left_child=1 6 25 4 -4 -5 7 9 -9 -1 14 15 16 -14 17 18 -13 29 -12 -19 22 -22 -16 26 -25 28 -8 -27 -3 -2
right_child=10 2 3 5 -6 -7 23 8 -10 -11 11 12 13 -15 20 -17 -18 19 -20 -21 21 -23 -24 24 -26 27 -28 -29 -30 -31
leaf_value=-0.0039540506999164509 -0.066029728468447776 -0.032173040485484083 0.1005836188079605 0.023033679882027099 -0.034668503023786192 -0.0027768078350130774 -0.0094172033020916788 0.0088861870513094604 -0.018951933958568527 -0.051179571710963781 0.017912242916386989 -0.0031312610738226027 -0.022564893663245097 0.0058648828403712657 -0.042235464140996055 0.035798555683421898 0.014586378230304229 0.024150024048549212 -0.049267072400956763 0.00056186138321914834 0.034223886059438012 -0.011382405079854356 -0.011493633646459216 -0.00062803789530594973 -0.02025857775475759 0.024956051700520926 -0.06211717283447498 -0.049784489837931059 -0.080344119129850622 -0.028838203496823228
leaf_weight=89.567098732572049 3.7319791307672849 3.3680372424423712 1.4885995690710867 28.148607779294252 28.055023653316312 1710.5486850517336 9.1945172902196628 508.17237968556583 23.940357469022274 8.6732500623911601 4.6805039793253007 70.102048180997372 53.644815597683191 100.77485170308501 22.079075619578362 4.4901450872421256 317.51165922079235 26.777030883356929 16.873074382543564 3067.2451491481625 10.704603597521784 19.90327725186944 43.531192490831017 522.77667172811925 34.895499169826508 3.4740078821778289 6.4533022409304968 3.8016151823103428 7.2325092386454344 2.5414970298297703
leaf_count=616 33 22 28 134 374 8248 67 2380 109 47 20 318 255 511 96 25 1503 143 71 14918 64 118 194 2576 150 19 39 22 41 24
internal_value=-1.80851e-06 -0.00132958 -0.00320047 -0.00278491 -0.0278536 -0.00235895 0.00144661 0.00517798 0.00763372 -0.0081234 0.00105269 0.00564302 0.00699658 -0.00401152 0.000236906 -0.0225278 0.011382 0.00066133 -0.0346786 0.000766004 -0.0134387 0.00456765 -0.0218388 -0.00265594 -0.00185639 -0.0443056 -0.0311511 -0.0140969 -0.0650391 -0.0509628
internal_weight=6754.38 2989.79 1786.12 1768.24 29.5436 1738.7 1203.67 630.353 532.113 98.2403 3764.59 568.077 542.033 154.42 3196.51 26.0437 387.614 3100.3 21.5536 3094.02 96.2181 30.6079 65.6103 573.32 557.672 17.8762 15.6478 7.27562 10.6005 6.27348
internal_count=33165 14872 8888 8784 402 8382 5984 3152 2489 663 18293 2703 2587 766 15590 116 1821 15118 91 15061 472 182 290 2832 2726 104 106 41 63 57
is_linear=0
shrinkage=0.05


Tree=142
num_leaves=29
num_cat=0
split_feature=42 11 24 15 2 26 21 24 5 7 41 42 17 16 42 4 4 8 15 32 9 7 18 4 59 24 26 24
split_gain=3.62693 6.66142 7.42612 7.08985 7.08581 6.13578 9.9933 10.0681 5.60428 5.36741 4.92387 6.80302 7.86383 8.26144 7.47191 7.10359 5.79255 5.52915 9.13997 6.87971 10.1195 6.29645 6.21474 4.8587 4.25004 4.05436 3.34233 3.13358
threshold=0.32150000000000006 15.500000000000002 3.2680000000000007 -0.36199999999999993 8.5000000000000018 0.55750000000000022 8.5000000000000018 2.7395000000000005 0.24550000000000002 0.21250000000000002 0.50700000000000012 0.28850000000000003 0.43650000000000005 0.36200000000000004 0.29150000000000004 2.5145000000000004 0.34500000000000003 0.074999999999999969 0.33900000000000002 0.37750000000000006 0.72900000000000009 0.23900000000000002 0.51666666666666672 1.6170000000000002 14.500000000000002 2.5835000000000004 0.20850000000000002 3.8575000000000004
decision_type=2 2 2 2 2 2 2 2 2 2 2 2 2 2 2 2 2 2 2 2 2 2 2 2 2 2 2 2
left_child=10 2 3 25 -5 6 7 -3 -8 -7 11 15 14 -14 -13 16 -1 18 22 20 -19 -21 -12 -20 27 -2 -17 -4
right_child=1 5 24 4 -6 9 8 -9 -10 -11 17 12 13 -15 -16 26 -18 19 23 21 -22 -23 -24 -25 -26 -27 -28 -29
leaf_value=-0.017623152594366906 -0.015373154454241325 -0.0090190782340859501 0.043408152407398821 -0.030621511982981121 0.045936191559507081 0.0063243522164510239 -0.094486554168481202 0.036330604526257117 -0.020980759519090449 0.075047905839919854 -0.012481848636648422 -0.017757914811018051 -0.0132261823372848 -0.069805843351324712 -0.001614057230921436 0.0063660616128151104 0.00012540282108873131 0.044183817122908857 -0.019301250236512742 0.0057864414177016474 0.0081938541040269125 -0.0017960205604626795 -0.056676085668978832 0.024004142297102425 -0.035809659675522847 -0.077230005679083599 0.045447585734417539 -0.0094388883770933508
leaf_weight=46.426829061238095 3.4926543319597831 47.762181386351585 6.7846134081482905 16.089528760872785 3.7214701920747748 7.1118080914020521 4.1890608072280866 16.455381497740746 6.8062504678964615 4.7312729060649872 20.947515686973929 86.464594858698547 21.027583002694886 9.3074314212426525 418.97357994364575 9.7512167603708821 4681.6759170363657 22.545745319221169 9.872530724853279 572.16069791419432 146.08960582851432 525.01913862267975 12.825239136815069 18.832236749585718 4.4782982915639868 10.967082709074019 12.462737017776815 4.7821936774998903
leaf_count=612 22 213 37 92 18 34 18 77 34 21 103 433 135 53 1976 98 22493 125 60 2790 742 2506 57 149 22 49 145 51
internal_value=-1.90413e-06 -0.00804322 -0.022526 -0.0356694 -0.0162402 0.000327405 -0.00493994 0.00260152 -0.0489854 0.0337792 0.000165103 -0.000518743 -0.00585977 -0.030586 -0.00437576 8.36547e-05 -4.88762e-05 0.00288654 -0.0116338 0.00360323 0.0130055 0.0021581 -0.0292647 0.00910997 0.00554703 -0.0622889 0.028292 0.021559
internal_weight=6751.75 137.372 50.3158 34.2707 19.811 87.056 75.2129 64.2176 10.9953 11.8431 6614.38 5286.09 535.773 30.335 505.438 4750.32 4728.1 1328.29 62.4775 1265.82 168.635 1097.18 33.7728 28.7048 16.0451 14.4597 22.214 11.5668
internal_count=33165 688 291 181 110 397 342 290 52 55 32477 25945 2597 188 2409 23348 23105 6532 369 6163 867 5296 160 209 110 71 243 88
is_linear=0
shrinkage=0.05


Tree=143
num_leaves=18
num_cat=0
split_feature=13 14 22 18 14 11 11 59 29 40 1 1 14 7 40 44 5
split_gain=3.67958 4.27541 4.75353 4.35687 6.89567 6.37395 6.71981 5.20503 5.19226 3.96759 6.79549 4.53159 1.95117 1.26752 0.950186 0.840029 0.0958349
threshold=3.4165000000000005 0.55800000000000016 -0.96666666666666645 0.76388888888888895 0.40600000000000008 28.500000000000004 25.500000000000004 8.5000000000000018 3.1135000000000006 0.75850000000000006 9.5000000000000018 60.500000000000007 1.1060000000000001 0.26200000000000007 0.73150000000000015 0.46000000000000008 -0.75449999999999984
decision_type=2 2 2 2 2 2 2 2 2 2 2 2 2 2 2 2 2
left_child=1 3 12 5 8 6 -1 -6 -5 10 -4 -11 15 -7 -2 -3 -16
right_child=14 2 9 4 7 13 -8 -9 -10 11 -12 -13 -14 -15 16 -17 -18
leaf_value=-0.01409468109543603 0.016703916545961518 0.0036541033697021471 0.0046144110397482061 -0.021417524031084201 -0.00070696319188864052 -0.071056063051441576 0.078223438570568501 0.034378452318444837 0.037974411264437784 -0.0026234172784519458 -0.00010160347319914807 0.040781436813025131 -0.031703470824822493 -0.034384043574362387 0.055656703666353939 0.058121565503702677 0.074878727527153979
leaf_weight=64.643024862394668 1.6264834743924428 0.815489262342452 924.07372206333093 35.737517273984849 26.252957448363304 5.3576364517211896 2.0331632792949668 17.696356236934662 4.1023749737069002 1244.1507974965498 4405.5794406775385 6.0425185412168494 0.80764778377488244 4.2061017751693726 1.2729486618191002 5.3645039768889546 1.3217006018385293
leaf_count=652 38 20 5589 385 142 31 12 79 33 5936 19997 28 32 25 30 126 10
internal_value=-1.79612e-06 -3.09936e-05 0.000165193 -0.00810607 -0.000236431 -0.016755 -0.0112796 0.0134203 -0.0153018 0.000121421 0.000716075 -0.00241363 0.0413828 -0.0549278 0.0466662 0.0509342 0.0654483
internal_weight=6751.08 6746.86 6586.83 160.029 83.7892 76.2399 66.6762 43.9493 39.8399 6579.85 5329.65 1250.19 6.98764 9.56374 4.22113 6.17999 2.59465
internal_count=33165 33087 31728 1359 639 720 664 221 418 31550 25586 5964 178 56 78 146 40
is_linear=0
shrinkage=0.05


Tree=144
num_leaves=24
num_cat=0
split_feature=3 1 24 59 29 30 43 8 7 5 23 36 20 22 8 40 15 6 15 8 16 41 43
split_gain=3.75249 6.47862 6.27419 6.21455 5.97611 5.81658 5.61784 4.77176 11.4887 7.14879 4.45159 4.38725 7.48899 9.58982 6.45469 4.13262 12.8681 4.39456 3.50448 6.31185 2.79142 2.75435 0.976127
threshold=0.71700000000000008 3.5000000000000004 2.8005000000000009 27.500000000000004 3.2725000000000004 1.3785000000000001 0.73750000000000016 0.36666666666666675 0.25450000000000006 -0.71099999999999985 0.49999999999999989 0.32300000000000006 -2.4999999999999996 1.0000000180025095e-35 0.43055555555555564 0.79000000000000015 0.75450000000000006 0.19100000000000003 1.0000000180025095e-35 0.12222222222222222 0.29500000000000004 0.49400000000000005 0.73050000000000004
decision_type=2 2 2 2 2 2 2 2 2 2 2 2 2 2 2 2 2 2 2 2 2 2 2
left_child=2 4 3 7 5 6 -2 9 -9 -1 -7 12 14 -14 -3 17 -17 -13 20 -20 -5 -4 -6
right_child=1 11 21 18 22 10 -8 8 -10 -11 -12 15 13 -15 -16 16 -18 -19 19 -21 -22 -23 -24
leaf_value=-0.00085841941999742163 0.0050599162793247589 -0.049724553810794658 -0.071850642278832144 -0.023570140173204763 -0.079797739717048385 0.018304619668247129 -0.066651406936782398 -0.0085462799166291983 0.027454437868953682 -0.016823120159437484 -0.0021393571444304404 0.0047095977988898877 0.017002640089098797 0.096427855229329826 0.012915375737707022 -0.0017312838848883624 -0.038949401322675548 -0.00021988745125411021 0.042179524735242988 -0.026055891539111066 -0.067427944755812583 -0.015227558845316484 -0.029365828829293974
leaf_weight=350.84624112490565 6.9704505056142789 5.6014757864177254 4.7251119837164861 8.5107354000210744 1.6917535625398152 122.57033452624455 4.4904839303344488 46.367436422500759 42.448965239804238 87.636942667071708 34.016922952840105 494.28255278244615 13.22798039019108 5.332474783062934 15.472031651064752 147.22075874172151 27.574506349861622 5300.1217342091259 4.4596929997205761 14.116736076772211 6.3237897828221312 3.9373158179223537 2.2166588888503611
leaf_count=1999 74 31 23 55 16 1038 45 283 287 717 682 2208 68 26 77 683 121 24562 19 68 37 22 24
internal_value=-1.75767e-06 0.000356049 -0.00388591 -0.00323353 0.00992523 0.0113468 -0.0230371 -0.00190851 0.00865993 -0.00404919 0.0138634 8.2205e-05 0.0166626 0.0398217 -0.00373473 -2.78848e-05 -0.00760256 0.000200615 -0.0241452 -0.00967443 -0.0422662 -0.0461139 -0.0511952
internal_weight=6750.16 6180.79 569.373 560.711 171.957 168.048 11.4609 527.3 88.8164 438.483 156.587 6008.83 39.634 18.5605 21.0735 5969.2 174.795 5794.4 33.411 18.5764 14.8345 8.66243 3.90841
internal_count=33165 29655 3510 3465 1879 1839 119 3286 570 2716 1720 27776 202 94 108 27574 804 26770 179 87 92 45 40
is_linear=0
shrinkage=0.05


Tree=145
num_leaves=20
num_cat=0
split_feature=24 13 4 33 8 32 8 10 26 7 24 23 21 23 14 1 13 30 4
split_gain=3.64898 5.27952 3.51289 4.6874 3.99545 6.61419 6.40917 2.60609 2.20337 2.49388 4.5499 2.34573 1.2969 2.65388 1.10312 0.000316806 0.000142832 2.69928e-05 1.391e-05
threshold=5.5360000000000005 1.0000000180025095e-35 1.0000000180025095e-35 0.32900000000000007 0.76388888888888895 0.37550000000000006 0.70000000000000007 13.500000000000002 0.61550000000000005 0.48200000000000004 3.3285000000000005 1.9705000000000001 5.5000000000000009 2.5500000000000003 2.1865000000000006 3.5000000000000004 0.98350000000000015 1.5520000000000003 1.9835000000000003
decision_type=2 2 2 2 2 2 2 2 2 2 2 2 2 2 2 2 2 2 2
left_child=1 8 3 7 6 -6 -4 -3 9 14 -11 -10 15 -14 -1 16 17 -2 -18
right_child=12 2 4 -5 5 -7 -8 -9 11 10 -12 -13 13 -15 -16 -17 18 -19 -20
leaf_value=-0.042676661970648788 0.051444358608316303 -0.063568694144629345 1.371904119386448e-05 0.040883031198528166 -0.015473185412690806 0.0047821430178822946 -0.0076570754899429831 -0.00045133667008198994 -0.047100198526599968 -0.052264463094806993 0.13263464956018398 0.02578613931992936 0.05424629550745419 -0.040045832464773438 -0.088745734517402822 0.052064865945140683 0.050754805960703531 0.051066009132948786 0.050361176714405535
leaf_weight=8.1725059370510262 1.4676153212785719 5.8856616101693344 5706.7158883134834 1.9159848578274239 42.841159556061029 680.28804831393063 285.95352633297443 2.2647183984518051 1.72573010646738 0.83192288177087792 0.55446389317512512 3.0635063033550978 1.554985633119941 1.4347562342882154 1.5450607389211644 1.0223944280296562 1.1402838844805954 0.69449051097035397 0.27943518850952376
leaf_count=246 58 69 27452 15 211 3345 1317 20 34 114 5 35 27 15 9 31 82 36 44
internal_value=-1.90302e-06 -4.09217e-05 2.70945e-05 -0.0294878 7.13345e-05 0.00358213 -0.00035231 -0.0460305 -0.0288248 -0.0410513 0.0216831 -0.000477368 0.034638 0.00899616 -0.0500015 0.0512886 0.051067 0.0513228 0.0506773
internal_weight=6749.35 6741.76 6725.86 10.0664 6715.8 723.129 5992.67 8.15038 15.8932 11.104 1.38639 4.78924 7.59396 2.98974 9.71757 4.60422 3.58182 2.16211 1.41972
internal_count=33165 32872 32429 104 32325 3556 28769 89 443 374 119 69 293 42 255 251 220 94 126
is_linear=0
shrinkage=0.05


Tree=146
num_leaves=28
num_cat=0
split_feature=3 28 31 28 18 39 30 3 16 20 5 39 30 14 9 8 5 30 27 18 14 28 39 28 13 43 19
split_gain=3.58323 7.78876 10.2086 9.51603 9.12916 8.82729 8.64003 8.34273 7.4064 6.59356 6.51553 5.31216 5.34849 5.03168 4.9937 8.82242 7.66824 4.74212 4.34704 6.14681 8.78096 5.69303 7.80133 6.02329 2.7245 2.43955 0.615998
threshold=0.96100000000000008 0.37850000000000006 0.83450000000000013 0.45950000000000008 0.36666666666666675 2.5915000000000004 1.5665000000000002 0.92450000000000021 0.44600000000000006 12.500000000000002 -0.90699999999999992 2.4010000000000002 1.4055000000000002 0.26150000000000007 0.90250000000000019 0.25833333333333336 -0.85449999999999993 1.4925000000000004 0.20250000000000004 0.63333333333333341 1.1060000000000001 0.56500000000000006 2.5235000000000003 0.5525000000000001 2.1130000000000009 0.71800000000000008 2.3585000000000007
decision_type=2 2 2 2 2 2 2 2 2 2 2 2 2 2 2 2 2 2 2 2 2 2 2 2 2 2 2
left_child=1 2 11 5 6 9 -5 -7 -6 -3 18 12 -1 24 16 -16 -15 -13 19 25 -21 23 -23 -20 26 -2 -12
right_child=10 3 -4 4 8 7 -8 -9 -10 -11 13 17 -14 14 15 -17 -18 -19 21 20 -22 22 -24 -25 -26 -27 -28
leaf_value=-0.016698004164114374 0.024775538195476062 -0.0014074808489290759 0.060609996714682396 -0.018317719789077407 0.0065856311638935808 0.014233993714843844 0.014241974247740929 0.059149235818468121 -0.0035156497092214581 0.0616607355837136 -0.029407180896595622 -0.0072675159053794819 0.051936230328537017 -0.022458867055301878 -0.0087798513805724763 0.00060887458544638129 0.010432472262269711 -0.020812035902969483 0.01027302135436998 0.034618497173971516 -0.051362206424983063 -0.086489985197355082 -0.00289602649368306 0.081907357534661385 0.012126319338979973 0.065893874503098318 -0.063236621175230115
leaf_weight=4.8313093706965429 5.7676449995487955 147.84085912315641 5.269295696867629 135.05636664107442 264.47981589753181 101.7656182347564 23.99474252818618 11.507656447589396 578.14132377039641 4.2636997811496249 1.8881098553538302 261.98053429927677 6.8815918824402615 19.358694091439247 264.98609574511647 4488.9404168780893 209.38450232055038 85.782661838806234 73.236443237867206 8.2570523731410486 4.6371227395720771 3.3403613897971836 16.970303877722472 3.0569710452109566 2.081282451748848 9.630437854677437 4.6836384031921625
leaf_count=32 32 789 31 703 1250 533 123 52 2788 24 34 1600 41 87 1173 21531 959 507 498 77 43 27 106 19 13 56 37
internal_value=-1.84206e-06 -0.00204199 -0.00848032 -0.000188586 -0.00241892 0.00822985 -0.0134057 0.018797 -0.000345085 0.000360408 0.000648853 -0.00949306 0.0236261 0.000366601 0.000432757 8.55426e-05 0.00764886 -0.0106085 0.0119287 0.0291655 0.00369732 0.0068806 -0.0166442 0.0131433 -0.0377282 0.0504922 -0.0535172
internal_weight=6748.01 1631.8 364.745 1267.05 1001.67 265.378 159.051 113.273 842.621 152.105 5116.22 359.476 11.7129 4991.32 4982.67 4753.93 228.743 347.763 124.896 28.2923 12.8942 96.6041 20.3107 76.2934 8.65303 15.3981 6.57175
internal_count=33165 8473 2211 6262 4864 1398 826 585 4038 813 24692 2180 73 23834 23750 22704 1046 2107 858 208 120 650 133 517 84 88 71
is_linear=0
shrinkage=0.05


Tree=147
num_leaves=28
num_cat=0
split_feature=44 27 2 2 7 37 40 40 44 2 30 4 9 8 29 25 9 42 21 1 22 37 2 23 25 32 18
split_gain=3.52313 5.1924 7.54177 6.47751 7.65388 5.45679 5.09682 7.39546 8.46531 7.51664 7.46416 6.92835 6.97799 5.81494 5.54161 6.26537 6.77618 5.28235 7.77412 6.03616 4.72553 4.43976 4.06343 3.83667 3.50074 3.21693 2.80934
threshold=0.42400000000000004 0.27550000000000008 22.500000000000004 7.5000000000000009 0.32050000000000006 0.60550000000000004 0.71500000000000008 0.72750000000000015 0.49900000000000005 25.500000000000004 1.3785000000000001 0.88700000000000012 2.3390000000000009 0.56944444444444453 3.0045000000000006 343.50000000000006 1.4805000000000004 0.21450000000000002 27.500000000000004 46.500000000000007 1.0000000180025095e-35 0.38650000000000007 15.500000000000002 0.33300000000000002 345.50000000000006 0.50800000000000012 0.4555555555555556
decision_type=2 2 2 2 2 2 2 2 2 2 2 2 2 2 2 2 2 2 2 2 2 2 2 2 2 2 2
left_child=1 3 22 23 5 -5 14 8 10 -10 -8 13 -13 -9 17 16 -16 19 -19 -2 -6 -17 26 24 -1 -25 -3
right_child=6 2 -4 4 20 -7 7 11 9 -11 -12 12 -14 -15 15 21 -18 18 -20 -21 -22 -23 -24 25 -26 -27 -28
leaf_value=0.075127490784617793 0.0048319364547162215 -0.046646194463163988 0.04402215474142615 0.003340004574075016 0.010775334014061831 -0.049392441549742969 0.027674213210828337 -0.01359988509676615 -0.0090952567111386422 0.016805516331648063 0.0060050473125113878 0.00035815383014068042 0.027852840681021247 -0.0022993402635545263 -0.03369368529365116 -0.0050249140077659451 0.0094660271789142637 -0.0041613516459925422 -0.038777736417619155 0.058367565241867349 0.065461926538573037 0.014945860101641749 -0.074366709001465039 0.036005118839871529 0.022931392963269695 -0.031844736104385804 0.0071560568006846419
leaf_weight=7.8791519261430967 74.814603598322719 4.2423999927705172 4.0444059669971457 61.534173212945461 7.9857715964317304 5.3309487141668788 42.322453807923011 156.36362111917697 158.6067465870874 34.019883826375008 651.48836508544628 3617.7417153839488 23.224801410688087 418.57034581131302 19.117214332567528 37.074302642606199 17.345912484452128 1239.9402737796772 16.434107564389706 5.6638014614582053 7.8171705454587936 111.60875418246724 4.2395915016531935 4.3342965254560104 5.4235497182235122 2.9265028368681669 5.6678137620911002
leaf_count=48 391 26 20 277 36 29 232 934 800 152 3246 17123 285 2252 94 190 89 6102 72 24 35 563 22 30 37 22 34
internal_value=-1.82876e-06 0.00843801 -0.0161905 0.0127787 0.00653205 -0.00086419 -0.000156533 0.000600947 0.00475229 -0.00452091 0.00732687 -0.000271918 0.000533535 -0.00537273 -0.0026959 0.00541119 -0.0131621 -0.00381869 -0.00461415 0.0085996 0.0378269 0.00996612 -0.033401 0.0378911 0.053847 0.00865788 -0.0158758
internal_weight=6745.76 121.426 18.1942 103.232 82.6681 66.8651 6624.34 5102.34 886.437 192.627 693.811 4215.9 3640.97 574.934 1522 185.146 36.4631 1336.85 1256.37 80.4784 15.8029 148.683 14.1498 20.5635 13.3027 7.2608 9.91021
internal_count=33165 616 102 514 377 306 32549 25024 4430 952 3478 20594 17408 3186 7525 936 183 6589 6174 415 71 753 82 137 85 52 60
is_linear=0
shrinkage=0.05


Tree=148
num_leaves=31
num_cat=0
split_feature=41 30 27 6 22 5 22 19 28 9 17 21 28 3 13 44 27 21 5 30 17 17 26 27 22 41 10 26 43 14
split_gain=3.58223 7.39516 9.18582 7.02567 7.50115 6.72991 7.76935 10.1309 8.87763 6.71445 11.0526 6.81207 5.99214 5.97043 5.5031 7.46669 14.0842 7.09912 8.74719 7.07291 7.13687 6.86064 6.44152 5.94991 5.76392 5.68587 6.29577 5.37468 5.17416 4.48489
threshold=0.45300000000000007 1.4685000000000004 0.29550000000000004 0.64500000000000013 0.51666666666666683 0.19600000000000004 0.16666666666666669 0.96500000000000008 0.22900000000000004 1.6275000000000002 0.18350000000000002 28.500000000000004 0.12650000000000003 0.85450000000000015 0.68600000000000005 0.44800000000000006 0.27250000000000008 2.5000000000000004 -0.72549999999999992 1.4965000000000004 0.21550000000000002 0.18650000000000003 0.20850000000000002 0.24500000000000002 0.36666666666666664 0.46750000000000008 12.500000000000002 0.64000000000000012 0.77450000000000008 1.5845000000000002
decision_type=2 2 2 2 2 2 2 2 2 2 2 2 2 2 2 2 2 2 2 2 2 2 2 2 2 2 2 2 2 2
left_child=1 5 3 12 -5 6 8 -8 -1 10 -7 -11 -3 -4 17 16 23 25 29 24 -21 -18 -20 -16 -17 26 -2 -27 -15 -19
right_child=14 2 13 4 -6 9 7 -9 -10 11 -12 -13 -14 28 15 19 21 18 22 20 -22 -23 -24 -25 -26 27 -28 -29 -30 -31
leaf_value=-0.044553851295669689 -0.026713559179568282 -0.025062056998103835 -0.024998466186122007 0.029894168574015813 -0.0077872164525668143 -0.036004009447111095 -0.011893792257936041 -0.054149400610948445 -0.0047449818793817745 -0.00076117952389160887 0.047534380996453074 -0.070786833794223097 -0.0014364279257139652 0.056442123341151333 0.0092759296516650696 0.001690609432201097 -0.042881732016990803 0.061767248640786948 -0.065199123680870483 0.0016014590840972348 -0.0033115546592443175 -0.00032019797420652051 -0.0031798593887161219 0.028167892171017752 0.0093090082539472874 -0.03176404228368037 0.03814383335350785 0.041120118229032554 0.0026170210899043953 0.0094619295871708545
leaf_weight=15.280908434768206 7.191014865995383 28.155207306146622 4.1805306486785438 35.538403120823205 21.018515725620091 5.2175044305622604 35.155049502849579 23.77925069630146 167.7036963616265 53.494668842293322 16.420509170740843 3.7141325473785392 573.79626130114775 14.937803256325425 132.28235695743933 1825.0754827414639 15.958575497381387 7.5305739417672184 4.2402581223286679 1366.5760381754953 1610.0727745569311 23.280804235488176 331.64832476293668 60.847679336089641 287.3653815491125 48.611676156520844 7.8005967414937913 2.6682948034722349 6.3683852553367606 8.9916986078023893
leaf_count=83 99 128 25 178 151 25 174 114 870 290 82 16 2725 68 619 8726 81 39 42 6778 7471 117 1954 288 1385 475 58 27 31 46
internal_value=-1.84435e-06 -0.002756 0.000181509 -0.000958422 0.0158905 -0.00901991 -0.0131545 -0.0289434 -0.00806939 0.00366606 0.027391 -0.00530741 -0.00254147 0.0296343 0.000480247 0.000914496 0.00967944 -0.00503907 -0.00221569 0.000514286 -0.001056 -0.0176299 -0.00396279 0.015228 0.00272698 -0.0200529 0.00703374 -0.0279716 0.0403539 0.0333018
internal_weight=6744.9 1004.76 683.995 658.508 56.5569 320.766 241.919 58.9343 182.985 78.8468 21.638 57.2088 601.951 25.4867 5740.14 5321.46 232.369 418.682 352.411 5089.09 2976.65 39.2394 335.889 193.13 2112.44 66.2716 14.9916 51.28 21.3062 16.5223
internal_count=33165 4960 3306 3182 329 1654 1241 288 953 413 107 306 2853 124 28205 25465 1105 2740 2081 24360 14249 198 1996 907 10111 659 157 502 99 85
is_linear=0
shrinkage=0.05


Tree=149
num_leaves=27
num_cat=0
split_feature=24 13 21 7 37 18 40 7 37 44 13 40 4 44 13 37 44 33 31 21 24 35 31 4 59 24
split_gain=3.45794 6.33808 4.94572 7.58391 8.62342 5.95874 5.13966 3.85241 5.36248 3.99896 8.65761 5.2262 3.95003 3.52553 4.27522 2.75064 1.6148 4.26608 1.34528 0.950193 2.36516 0.885904 3.2919 0.48823 0.481612 0.00717928
threshold=4.3335000000000008 1.0000000180025095e-35 5.5000000000000009 0.17300000000000001 0.48950000000000005 0.14999999999999999 0.79000000000000015 0.63050000000000017 0.37150000000000005 0.51500000000000012 0.6170000000000001 0.77250000000000008 1.4420000000000002 0.50950000000000017 0.98350000000000015 0.40450000000000008 0.49550000000000005 0.16250000000000003 0.79950000000000021 2.5000000000000004 3.3335000000000004 0.8005000000000001 0.66900000000000015 1.1635000000000002 2.5000000000000004 4.8335000000000008
decision_type=2 2 2 2 2 2 2 2 2 2 2 2 2 2 2 2 2 2 2 2 2 2 2 2 2 2
left_child=1 16 6 4 15 -6 21 9 -9 11 -11 -3 -10 23 -15 -4 19 -18 -19 20 -1 25 -23 -5 -21 -2
right_child=2 7 3 13 5 -7 -8 8 12 10 -12 -13 -14 14 -16 -17 17 18 -20 24 -22 22 -24 -25 -26 -27
leaf_value=-0.057533009388779116 0.054214213636430655 -8.1454082410020102e-05 -0.014604127781262716 0.059104414102178288 -0.067233504955461362 0.00038655618742451799 -0.09752724608607316 0.072056542330022968 -0.027017283890720667 -0.019070224183998438 0.0035545872100971616 -0.006242072811330197 0.0063742196378065649 0.057035166210868182 -0.048943331934035286 0.055736498749320552 0.063083086983774614 -0.056570153658571612 0.031147778398464984 -0.042258896879340445 0.080747549361935886 0.055576402879991174 -0.059462364585316375 0.030163689629374293 -0.06843916246660163 0.051538948929783682
leaf_weight=0.8982615884160603 4.7568610785528964 5090.3047357678879 2.0883367545902791 6.3587483875453454 7.7881088107824308 5.600947193801403 0.65798359271138984 1.7248230595141638 32.099071768345311 43.918319517746568 1135.7041650235187 369.22310881037265 12.231463878415523 1.6230063252151006 2.3004292286932468 4.155200419947505 1.3616367542417709 2.7109721319284295 0.5211167539237066 3.486108211800456 0.47156280279159546 2.1211352739483131 0.87980654137209047 1.8905639592558143 3.5409781206399202 5.3039623121730983
leaf_count=66 90 24232 27 62 55 42 15 13 370 242 5296 1724 110 19 26 57 19 119 14 168 2 53 25 23 32 264
internal_value=-2.1155e-06 -9.54571e-05 0.0137314 0.00290755 -0.0163177 -0.0389465 0.0388235 -2.76574e-05 -0.0144387 7.2311e-05 0.00271225 -0.000498091 -0.0178041 0.0339146 -0.00510324 0.032209 -0.0349864 -0.0111527 -0.0424272 -0.0480251 -0.00992985 0.0456921 0.0218497 0.0524718 -0.0554512 0.0528038
internal_weight=6743.72 6698.2 45.5251 31.8053 19.6326 13.3891 13.7197 6685.21 46.0554 6639.15 1179.62 5459.53 44.3305 12.1727 3.92344 6.24354 12.9906 4.59373 3.23209 8.39691 1.36982 13.0618 3.00094 8.24931 7.02709 10.0608
internal_count=33165 32407 758 311 181 97 447 31987 493 31494 5538 25956 480 130 45 84 420 152 133 268 68 432 78 85 200 354
is_linear=0
shrinkage=0.05


Tree=150
num_leaves=26
num_cat=0
split_feature=24 23 43 13 16 6 13 8 1 17 24 1 11 26 1 16 24 23 7 17 5 40 22 12 20
split_gain=3.4204 8.2715 11.4995 10.0887 9.98804 12.4054 9.1665 7.02133 12.4487 9.06649 6.33672 6.00241 6.13825 5.61137 5.0321 6.8041 5.95957 7.03809 5.39843 5.26224 4.92736 8.00558 5.28224 3.57015 3.45727
threshold=2.3485000000000005 -0.33399999999999991 0.73750000000000016 1.0890000000000002 0.12250000000000001 0.12250000000000001 1.2620000000000002 0.14999999999999999 25.500000000000004 0.23650000000000002 2.9475000000000007 5.5000000000000009 21.500000000000004 0.13900000000000004 18.500000000000004 0.14050000000000004 2.3335000000000004 0.27650000000000002 0.63050000000000017 0.15600000000000003 0.45650000000000007 0.74900000000000011 0.29999999999999999 6.5000000000000009 6.5000000000000009
decision_type=2 2 2 2 2 2 2 2 2 2 2 2 2 2 2 2 2 2 2 2 2 2 2 2 2
left_child=14 2 4 -4 -2 -6 -5 8 9 -3 -10 13 -13 -9 18 -16 17 -17 20 -18 22 -22 -1 24 -20
right_child=1 7 3 6 5 -7 -8 11 10 -11 -12 12 -14 -15 15 16 19 -19 23 -21 21 -23 -24 -25 -26
leaf_value=0.0007213499010973747 -0.06904429931178066 0.014382705999766505 -0.062237042269652036 0.05934839743970232 0.041260851419652765 -0.00071779985189151683 0.014469060264397593 0.081804442686031154 -0.054320316338917624 -0.018844863147197702 0.0057921671943477124 -0.0017574159897629554 0.002453967529955671 0.0096434611761565901 0.050585333012766513 -0.0030260186092103966 0.025999785732106619 -0.025059506052256687 -0.050107292935420211 -0.034663797541793322 -0.031394948620081305 0.015950406049538471 0.020416491343087342 0.031062892348573613 -0.0068793627081907092
leaf_weight=1362.2452853620052 5.061408892273902 39.645160492509604 4.0937094688415518 12.059013232588766 18.698906371369958 299.26642960868776 201.34856860758737 2.7560504069551817 21.395875878632072 42.578131455928087 5.5138441920280448 2062.0757443243638 1490.746210962534 119.73678266583011 5.6084398142993441 883.43826471269131 4.1372044384479549 37.793874524533749 11.02018770051655 26.298414573073387 28.074493131134659 13.092180111678315 34.916575087234378 2.5483692921698085 7.9708536891266695
leaf_count=7153 28 182 21 52 137 1392 966 25 97 195 23 9731 6479 1153 37 4063 18 214 327 120 314 140 218 21 59
internal_value=-1.80469e-06 0.000840113 0.0066259 0.0155136 0.000641612 0.00175088 0.0170051 1.37362e-05 -0.0124845 -0.00282371 -0.0420032 0.000384852 9.65934e-06 0.0112671 -0.00150824 -0.00432553 -0.00464914 -0.00392995 0.000339134 -0.0264176 0.000711213 -0.0163378 0.00121355 -0.024507 -0.0319638
internal_weight=6742.12 4324.98 540.528 217.501 323.027 317.965 213.408 3784.45 109.133 82.2233 26.9097 3675.31 3552.82 122.493 2417.14 957.276 951.668 921.232 1459.87 30.4356 1438.33 41.1667 1397.16 21.5394 18.991
internal_count=33165 20481 2596 1039 1557 1529 1018 17885 497 377 120 17388 16210 1178 12684 4452 4415 4277 8232 138 7825 454 7371 407 386
is_linear=0
shrinkage=0.05


Tree=151
num_leaves=28
num_cat=0
split_feature=14 21 8 24 21 40 5 6 7 17 16 39 28 25 44 4 44 33 30 5 39 41 31 28 20 4 5
split_gain=3.39973 6.92388 10.865 13.5686 9.18317 8.92474 8.42924 7.44186 7.38578 5.43821 5.3363 8.18787 5.62337 6.60751 5.25121 4.79512 4.1219 5.36843 6.52091 6.15381 3.6591 7.7083 4.84541 3.36884 3.35999 3.09909 0.313232
threshold=0.7965000000000001 -2.4999999999999996 0.63333333333333341 1.7290000000000003 -19.499999999999996 0.70200000000000007 0.44600000000000006 0.35150000000000003 0.27900000000000008 0.12250000000000001 0.75500000000000012 2.4630000000000005 0.5335000000000002 344.50000000000006 0.44800000000000006 1.8165000000000002 0.42400000000000004 0.27550000000000008 1.6565000000000001 0.76800000000000013 2.7270000000000008 0.51450000000000007 0.85550000000000004 0.43300000000000005 -1.4999999999999998 0.98350000000000015 0.74550000000000016
decision_type=2 2 2 2 2 2 2 2 2 2 2 2 2 2 2 2 2 2 2 2 2 2 2 2 2 2 2
left_child=1 2 4 -4 9 24 -6 -5 15 -1 16 -12 23 -14 -10 -7 17 19 -19 -2 21 -18 -22 -13 25 -3 -26
right_child=10 5 3 7 6 8 -8 -9 14 -11 11 12 13 -15 -16 -17 20 18 -20 -21 22 -23 -24 -25 26 -27 -28
leaf_value=-0.055855969664602351 -0.006893986702478855 -0.05199925546933562 0.12126205625143989 -0.040628196564180284 0.0027203768808686875 -0.0034263911007609777 -0.02269182414106365 0.025241680099600056 0.051660240500688875 -0.014302442265560045 -0.056515192030815592 0.026296977479731434 0.044295786547215991 -0.014329430426031398 -0.033473182006850837 0.050126333210427747 -0.00041660273912026816 0.028352296786128391 -0.026713128492193525 0.044143404196674854 -0.0059953463662397715 0.0048247434473338837 0.032911637304191978 0.067353203067018627 -0.063109377715079518 0.019991794228231722 -0.083307569851174823
leaf_weight=9.0291787385940534 49.042329020798206 3.5023866924457243 3.3310564681887618 5.0284290909767142 319.5666642752476 67.345991855021566 36.343108603730798 29.117726638913155 1.9220265896292392 61.528599612414837 3.4909770600497714 13.863591832807289 7.1863681473769274 14.511953606735913 31.451934414799325 4.4566113855689755 4847.2117288117297 44.669162907637656 6.1120230853557578 6.7148583373054853 326.15589396841824 820.16951725375839 8.2035850314423424 7.8118862523697308 6.4588767287787032 2.6081434655934572 2.7311054468154907
leaf_count=41 244 28 18 23 1883 406 184 130 22 274 36 140 57 114 359 26 23197 206 27 39 1592 3907 51 72 60 16 13
internal_value=-1.98899e-06 -0.00364644 -0.000873115 0.0249382 -0.00314137 -0.0143262 0.000125454 0.0155416 -0.00913572 -0.01962 0.000344046 0.0171517 0.0230808 0.00508693 -0.0285703 -0.000102505 0.000215092 0.00996375 0.0217246 -0.000747535 4.20414e-05 0.000341912 -0.00504075 0.0410937 -0.050006 -0.0212715 -0.0691119
internal_weight=6739.57 584.422 463.945 37.4772 426.468 120.477 355.91 34.1462 105.177 70.5578 6155.14 46.8648 43.3738 21.6983 33.374 71.8026 6108.28 106.538 50.7812 55.7572 6001.74 5667.38 334.359 21.6755 15.3005 6.11053 9.18998
internal_count=33165 3483 2553 171 2382 930 2067 153 813 315 29682 419 383 171 381 432 29263 516 233 283 28747 27104 1643 212 117 44 73
is_linear=0
shrinkage=0.05


Tree=152
num_leaves=26
num_cat=0
split_feature=3 22 43 6 17 41 40 27 39 17 24 1 3 26 41 41 42 6 9 6 4 6 17 7 14
split_gain=3.41188 5.90252 6.59653 5.74333 8.83836 5.56143 5.55694 4.83378 5.25904 4.87326 4.73353 6.04894 9.52832 7.12541 5.22465 4.4799 5.00528 4.33892 10.3338 6.00964 3.39015 4.54496 2.63585 2.51637 1.28301
threshold=0.54000000000000015 -0.21111111111111108 0.68300000000000016 0.11300000000000002 0.44900000000000007 0.50100000000000011 0.69400000000000006 0.31150000000000005 2.5610000000000004 0.26000000000000006 1.2565000000000002 5.5000000000000009 0.57400000000000007 0.19350000000000003 0.43150000000000005 0.50500000000000012 0.27750000000000008 0.075500000000000012 0.43900000000000006 0.085000000000000006 1.6230000000000002 0.27100000000000007 0.081500000000000017 0.24550000000000002 0.40600000000000008
decision_type=2 2 2 2 2 2 2 2 2 2 2 2 2 2 2 2 2 2 2 2 2 2 2 2 2
left_child=1 2 -1 22 6 -6 -5 9 -9 -4 15 12 13 -12 -14 20 -17 18 -13 -19 21 -2 -3 -24 -22
right_child=10 3 7 4 5 -7 -8 8 -10 -11 11 17 14 -15 -16 16 -18 19 -20 -21 24 -23 23 -25 -26
leaf_value=-0.071004384422909864 0.0027077984947307559 0.030533240316430201 0.0043345218249454896 0.041479817538357222 0.098941855108242882 -0.013592299441643125 -0.028107015535352914 -0.0015458299216943936 0.094290287376103024 -0.015725471758768393 0.0063427647074381817 -0.018178510256606134 -0.018967510767475763 0.081072962422242295 0.0061087952548765818 -0.026990929331906562 0.053464909206461908 -0.027806722034489195 0.035121105232848567 -0.00012957055462857226 -0.034859613769805411 -0.059218388907934141 -0.0039313259455318137 -0.061115642867786306 -0.071941734140264363
leaf_weight=3.3450326155871144 10.514515398535883 1.0329220518469799 98.794764760416001 3.2371725812554386 2.7823202272411427 1.813471990637481 25.221370390150696 2.9459122386761001 2.7845894212368876 43.653757544001564 5.6798281595110875 14.044195100665091 21.959093121811748 7.2758130729198456 384.11123514710926 3.793501636479049 3.9417268894612789 19.677100971341133 25.800365105271339 6027.6562754157931 4.6887660846114141 4.1254564546979955 2.2824457027018061 12.243236712994984 4.6419089399278164
leaf_count=26 74 7 724 21 38 16 192 24 25 285 25 63 176 34 2985 24 24 88 117 27839 30 47 14 242 25
internal_value=-2.04498e-06 -0.00643271 -0.00156908 -0.0215924 -0.00980148 0.0545366 -0.0201915 -1.63323e-06 0.0450233 -0.00181292 0.000194809 0.000288727 0.00609949 0.0483108 0.00475274 -0.0190776 0.0140079 -0.000111271 0.0163343 -0.000219628 -0.0297542 -0.0147426 -0.0466422 -0.0521302 -0.0533076
internal_weight=6738.05 200.137 151.524 48.6129 33.0543 4.59579 28.4585 148.179 5.7305 142.449 6537.91 6506.2 419.026 12.9556 406.07 31.7059 7.73523 6087.18 39.8446 6047.33 23.9706 14.64 15.5586 14.5257 9.33068
internal_count=33165 1614 1084 530 267 54 213 1058 49 1009 31551 31327 3220 59 3161 224 48 28107 180 27927 176 121 263 256 55
is_linear=0
shrinkage=0.05


Tree=153
num_leaves=18
num_cat=0
split_feature=13 14 4 22 44 40 1 21 44 24 14 4 1 4 40 5 24
split_gain=3.30685 3.69269 4.22227 4.18905 4.17734 3.48399 5.75079 4.46855 3.44687 3.16934 1.82455 1.56123 6.83672 1.18243 0.932257 0.0744518 0.00983289
threshold=3.4165000000000005 0.55800000000000016 0.66100000000000014 -0.96666666666666645 0.51900000000000013 0.75850000000000006 9.5000000000000018 22.500000000000004 0.52550000000000019 2.3745000000000007 1.1060000000000001 0.26150000000000007 7.5000000000000009 2.4870000000000005 0.73150000000000015 -0.75449999999999984 2.2405000000000004
decision_type=2 2 2 2 2 2 2 2 2 2 2 2 2 2 2 2 2
left_child=1 2 11 10 9 6 -5 -7 -6 -4 13 12 -1 -3 -2 -16 -13
right_child=14 3 4 5 8 7 -8 -9 -10 -11 -12 16 -14 -15 15 -17 -18
leaf_value=-0.051601085504995141 0.015054510015219312 0.060009536380840646 -0.0070286546598504101 0.0042653871598402806 0.067917291257420784 -0.0016684280498318164 -8.1639470022418903e-05 -0.017265709729873468 0.0074084871005917641 -0.041182116067944717 -0.030527743763153606 -0.054674337072414071 0.37084096640868514 -0.0011401384339838273 0.05536411430738411 0.072694851510652678 -0.059981590764203202
leaf_weight=0.51362853543832798 1.5754395890980948 4.8069033287465563 127.70132811600342 919.88255421584472 2.8241192102432278 1200.6489028020296 4399.9933630861342 47.746881946921349 14.125783967785535 7.1742571368813506 0.80245566647499789 4.6653148264158517 0.11772782914340496 0.94615250732749689 1.2102350140921769 1.2700038719922306 1.0735635533928869
leaf_count=106 38 96 968 5589 23 5750 19997 214 110 35 32 105 3 50 30 10 9
internal_value=-2.38753e-06 -2.95749e-05 -0.00757843 0.000152057 -0.00590522 0.000112185 0.000670024 -0.00226497 0.0174902 -0.00884533 0.0401012 -0.047457 0.0271709 0.0499528 0.0451327 0.0642383 -0.0556672
internal_weight=6737.08 6733.02 158.196 6574.83 151.825 6568.27 5319.88 1248.4 16.9499 134.876 6.55551 6.37023 0.631356 5.75306 4.05568 2.48024 5.73888
internal_count=33165 33087 1359 31728 1136 31550 25586 5964 133 1003 178 223 109 146 78 40 114
is_linear=0
shrinkage=0.05


Tree=154
num_leaves=26
num_cat=0
split_feature=3 6 9 5 17 1 27 36 15 9 21 4 8 25 22 4 40 15 19 1 19 35 4 15 43
split_gain=3.36652 7.81895 8.46861 7.99873 8.95238 8.00734 7.01241 12.1189 8.50143 6.65736 11.1178 8.52832 8.14609 8.08222 6.60773 6.55985 6.16837 5.92496 5.85656 8.20679 7.18363 5.27022 4.05142 8.42178 3.15402
threshold=0.89600000000000013 0.36750000000000005 1.0785000000000002 -0.38299999999999995 0.28900000000000003 25.500000000000004 0.20850000000000002 0.52550000000000019 0.44600000000000006 0.90250000000000019 -24.499999999999996 1.9455000000000002 0.25833333333333336 347.50000000000006 -0.19999999999999993 1.7070000000000001 0.68900000000000006 0.12250000000000001 2.2545000000000006 2.5000000000000004 2.0165000000000002 0.62650000000000017 1.1635000000000002 0.32050000000000006 0.78500000000000014
decision_type=2 2 2 2 2 2 2 2 2 2 2 2 2 2 2 2 2 2 2 2 2 2 2 2 2
left_child=1 2 6 4 -4 -5 8 -8 -1 16 14 12 -12 -13 15 -11 17 -2 20 -20 -18 -3 24 -24 -23
right_child=9 21 3 5 -6 -7 7 -9 -10 10 11 13 -14 -15 -16 -17 18 -19 19 -21 -22 22 23 -25 -26
leaf_value=-0.021299711540591126 0.097294754990658899 0.040998475664555611 0.032343630112777334 0.0077458029042746807 -0.0041376642630234174 -0.026674959422733888 0.001958159231225891 -0.015664995752290332 -0.0033367901757141273 -0.0056879831011212413 -0.0083675281503015914 0.006252025420058583 0.00045513320770212322 0.03771922662098641 -0.069084428597151873 -0.058833815710939201 0.0055342192396011609 0.010831289387232551 0.014588678845959517 -0.037898741188677192 0.03222893354967088 -0.034609845549772679 -0.032958173619268991 0.028182727296978155 0.0206386148520223
leaf_weight=101.48468095785938 3.6297298893332473 3.5088642388582221 53.294018605723977 65.26301662158221 24.569283656775951 22.798494905233383 684.54705206397921 113.76397100667236 187.68600836955011 28.52779395878315 277.54021652415395 82.036347521468997 4564.3450507952366 27.162185059860349 7.1716491729021064 7.2899737060070029 354.99128792434931 4.3629064317792654 13.046444068662824 17.353183656930923 27.127790095284581 39.717720269691199 12.247676465660335 10.427360728383062 2.7629365380853406
leaf_count=495 16 19 252 408 127 125 3709 615 907 122 1234 562 21768 175 31 32 1653 28 243 90 127 293 66 49 19
internal_value=-2.34161e-06 -0.00226435 -0.00136436 0.00915733 0.0208322 -0.00116549 -0.00296973 -0.000553243 -0.00964089 0.000549969 4.12244e-05 0.000261052 -5.05879e-05 0.0140792 -0.0252763 -0.0165047 0.00659192 0.0500973 0.00574899 -0.015373 0.00742936 -0.0186928 -0.0219074 -0.00484187 -0.0310165
internal_weight=6736.66 1322.07 1253.41 165.925 77.8633 88.0615 1087.48 798.311 289.171 5414.58 4994.07 4951.08 4841.89 109.199 42.9894 35.8178 420.511 7.99264 412.519 30.3996 382.119 68.6646 65.1557 22.675 42.4807
internal_count=33165 7084 6638 912 379 533 5726 4324 1402 26081 23924 23739 23002 737 185 154 2157 44 2113 333 1780 446 427 115 312
is_linear=0
shrinkage=0.05


Tree=155
num_leaves=25
num_cat=0
split_feature=42 11 24 15 12 11 27 14 13 27 23 24 4 10 31 24 13 22 24 43 13 40 10 5
split_gain=3.25042 6.11633 6.7318 6.33923 6.49316 5.59944 5.09056 5.29614 4.46432 3.82428 3.7394 3.69996 6.21771 5.36263 4.947 3.62618 3.52739 3.82265 2.89537 2.64475 3.51711 4.67941 1.74031 1.39977
threshold=0.32150000000000006 15.500000000000002 3.2680000000000007 -0.36199999999999993 8.5000000000000018 51.500000000000007 0.22550000000000003 1.7110000000000001 0.82700000000000007 0.20250000000000004 0.6665000000000002 4.8335000000000008 1.0000000180025095e-35 15.500000000000002 0.81300000000000006 2.5835000000000004 1.0000000180025095e-35 0.25833333333333336 3.7165000000000004 0.69350000000000012 0.40350000000000003 0.72950000000000015 15.500000000000002 0.74550000000000016
decision_type=2 2 2 2 2 2 2 2 2 2 2 2 2 2 2 2 2 2 2 2 2 2 2 2
left_child=11 2 3 15 -5 6 9 -8 18 -3 -10 12 13 14 -1 -2 22 -18 -4 -13 21 -21 -14 -22
right_child=1 5 8 4 -6 -7 7 -9 10 -11 -12 19 16 -15 -16 -17 17 -19 -20 20 23 -23 -24 -25
leaf_value=-0.05670050837914075 -0.014779825394569179 0.0021870635333838878 0.062560897927738543 -0.029632682416137191 0.043638275851117181 -0.051076183913075647 -0.011512457595202259 0.035585982763258493 0.0052759562953568657 0.039064570612923351 -0.06409792280956704 -0.059038436154676965 -0.054389980201282911 0.049460661752105575 0.038077842442360614 -0.073636277082905571 -0.00053959760899281316 0.0021471585216709427 0.00054255774225865888 -0.048549870705405854 -0.022990384856051871 0.053103041361528817 -0.010588317833293266 0.053411737630177751
leaf_weight=10.786956810683472 3.4469193676486602 13.961118422448637 3.965954214334487 15.933478088583799 3.7318356931209555 4.9813462793827048 46.806523613631725 6.8411775454878798 5.3657745379023236 14.161020845174788 3.0446337759494781 0.87833296181633969 4.2296408107504231 1.7267917860299355 1.5782078022602952 10.869016289710997 4720.4854640946724 1839.8827339750715 3.5813586516305804 2.6549785314127794 0.64405324030667443 1.9737501293420789 4.888805391266942 8.6656695774290693
leaf_count=350 22 66 18 92 18 22 211 33 39 65 29 18 67 26 43 49 22840 8682 24 48 28 68 36 271
internal_value=-2.37218e-06 -0.00763403 -0.0215741 -0.0341541 -0.0157282 0.000390678 0.00352599 -0.00550644 0.00521451 0.0207569 -0.0198379 0.000155723 9.95538e-05 -0.0330772 -0.0446036 -0.0594651 0.00017072 0.000213914 0.0331319 0.0251134 0.0304162 -0.00520375 -0.030906 0.0481262
internal_weight=6735.09 136.69 49.939 33.9812 19.6653 86.7512 81.7698 53.6477 15.9577 28.1221 8.41041 6598.4 6583.58 14.092 12.3652 14.3159 6569.49 6560.37 7.54731 14.8168 13.9385 4.62873 9.11845 9.30972
internal_count=33165 688 291 181 110 397 375 244 110 131 68 32477 32044 419 393 71 31625 31522 42 433 415 116 103 299
is_linear=0
shrinkage=0.05


Tree=156
num_leaves=25
num_cat=0
split_feature=18 21 8 8 19 6 30 17 14 14 18 18 13 19 13 17 2 28 2 5 9 11 34 36
split_gain=3.30156 7.48339 6.93362 11.9472 8.6199 8.26319 9.76878 8.30505 7.29778 6.62273 7.96849 13.8869 11.1795 6.22529 6.04057 6.80016 6.24385 5.92759 5.71839 5.29574 5.08771 4.7474 4.23406 4.00851
threshold=0.59166666666666679 17.500000000000004 1.0000000180025095e-35 0.18333333333333332 2.1275000000000004 0.20750000000000002 1.3475000000000004 0.29800000000000004 0.81950000000000001 1.0890000000000002 0.70000000000000007 0.78888888888888908 0.91850000000000021 2.1835000000000004 1.1275000000000002 0.23200000000000004 24.500000000000004 0.20300000000000004 29.500000000000004 -0.77099999999999991 0.7400000000000001 30.500000000000004 0.60650000000000015 0.52550000000000019
decision_type=2 2 2 2 2 2 2 2 2 2 2 2 2 2 2 2 2 2 2 2 2 2 2 2
left_child=2 9 19 5 8 7 -7 -4 -5 17 12 -12 -11 -6 15 -3 -16 21 -19 20 23 -2 -21 -1
right_child=1 14 3 4 13 6 -8 -9 -10 10 11 -13 -14 -15 16 -17 -18 18 -20 22 -22 -23 -24 -25
leaf_value=0.027175823484758256 -0.014929699384547232 0.036157363156781482 0.0037014919203337011 -0.010573449587167043 -0.058542494500946507 0.04321490126490718 -0.027026850779865809 -0.017411149716902243 0.00029425130265822881 -0.020930840429871034 -0.017599602451620604 0.0062573373811052437 0.010184448856067471 -0.008550121510461561 -0.094038172494342792 -0.037769843256154553 -0.020331514329785291 -0.00038167947544581613 0.024040001729164744 0.086279998886825596 -0.044251751852113996 -0.074767451785677605 0.019394348016687171 -0.0099083702417487162
leaf_weight=24.208108155056834 24.394196142908189 6.0690738558769244 113.88165417779237 160.50679023691919 10.594330616295339 5.2451724931597701 87.904899545013905 78.817625087453052 4109.9534731821623 30.437764119356871 91.771202180534601 181.90563679230399 559.71200750675052 15.106655463576315 5.003569230437277 6.3813346475362778 6.7487260177731514 1162.8602515999228 24.474182710051537 4.5687056705355626 3.8961362540721884 3.8359346836805335 4.9077783674001694 10.42498682066798
leaf_count=131 150 27 569 1064 48 29 410 461 20041 145 422 879 2584 68 22 28 30 5810 106 21 17 18 22 63
internal_value=-2.21438e-06 0.00164033 -0.000748483 -0.000946534 -0.000287963 -0.0108445 -0.0230716 -0.00493398 -0.000114215 0.00196206 0.00530937 -0.00174254 0.00857964 -0.0291577 -0.026002 -0.0017333 -0.0517123 -0.000416664 0.000121718 0.0181549 0.00991896 -0.0230605 0.0516406 0.016013
internal_weight=6733.61 2103.59 4630.02 4582.01 4296.16 285.849 93.1501 192.699 4270.46 2079.39 863.827 273.677 590.15 25.701 24.2027 12.4504 11.7523 1215.56 1187.33 48.0057 38.5292 28.2301 9.47648 34.6331
internal_count=33165 10221 22944 22690 21221 1469 439 1030 21105 10114 4030 1301 2729 116 107 55 52 6084 5916 254 211 168 43 194
is_linear=0
shrinkage=0.05


Tree=157
num_leaves=29
num_cat=0
split_feature=41 3 8 17 22 18 41 6 2 8 39 31 40 36 13 22 9 3 5 30 30 5 22 14 4 19 43 7
split_gain=3.16841 6.76706 9.59002 6.60382 6.5917 7.86417 7.55543 6.09166 11.1866 7.55864 6.07039 7.99489 6.20475 10.2395 7.3217 5.62595 4.90407 10.8086 10.2706 8.17489 8.04163 6.89347 6.21909 4.24188 3.69855 4.56914 3.67191 1.28473
threshold=0.45300000000000007 1.268 0.63333333333333341 0.12250000000000001 -0.56944444444444431 0.81666666666666676 0.44100000000000006 0.43900000000000006 17.500000000000004 0.29999999999999999 2.5190000000000006 0.61250000000000016 0.72050000000000003 0.42650000000000005 1.5345000000000002 1.0000000180025095e-35 1.6035000000000001 1.5895000000000004 0.35500000000000004 1.4965000000000004 1.6285000000000001 0.64850000000000019 0.19999999999999998 1.5310000000000001 1.0890000000000002 0.91850000000000021 0.73750000000000016 0.27100000000000007
decision_type=2 2 2 2 2 2 2 2 2 2 2 2 2 2 2 2 2 2 2 2 2 2 2 2 2 2 2 2
left_child=1 2 7 23 -3 15 -7 9 -9 -1 11 24 14 -14 -13 -6 17 19 -19 -12 21 -18 -22 -4 27 -26 -5 -2
right_child=10 4 3 26 5 6 -8 8 -10 -11 16 12 13 -15 -16 -17 20 18 -20 -21 22 -23 -24 -25 25 -27 -28 -29
leaf_value=0.00069087374655190834 -0.072880172052940825 0.057113236971820427 0.043862169454818953 -0.067419856573593548 0.01124539894872556 -0.001683256865819948 -0.0739621992644212 -0.001086968180528357 0.068257955811950086 -0.012211162617011335 0.002758767480773262 -0.0025433450661334627 0.031394777044425067 0.0070301308675130708 0.012122307674925378 -0.0011826330895370806 -0.0074936048480327803 0.021619251440817479 9.1057079044199875e-05 -0.002445964895022155 -0.0014159412338032901 -0.00068958346971873549 0.016100180920759037 -0.034033212019998045 0.017659270299401491 -0.024693998050661019 -0.028839693670405925 -0.029160209826626118
leaf_weight=224.89758029789664 3.5033808797597876 5.3174344552680841 4.6919075893238178 7.6853742338716975 126.39518633857369 7.8302676696330291 6.7171412706375122 21.563426353968683 7.9636098667979232 229.21823348867474 1520.164294444432 293.50407885445748 51.593189612205606 262.62377360498067 119.85735610919073 325.73457908909768 648.16518416255713 118.938066116767 103.70898364996538 1497.7659297515638 105.36245565116405 874.52512176893651 97.630667138844728 2.785232275724411 9.4927967097610253 19.344967495650053 31.22584081068635 3.2290687008062378
leaf_count=1150 26 36 47 39 588 36 31 119 40 1150 7417 1442 273 1277 578 1564 2993 720 525 7081 503 4607 568 12 56 107 148 32
internal_value=-2.19516e-06 -0.00259609 -0.00647356 -0.0281899 0.00175816 0.00112743 -0.0350574 -0.00439065 0.0176158 -0.00582152 0.000451455 0.00460323 0.00573478 0.0110307 0.00170907 0.00229169 -0.000186534 0.000960043 0.0115914 0.000175715 -0.00233963 -0.00358586 0.00700853 0.0148462 -0.0185424 -0.0107522 -0.0364597 -0.0519109
internal_weight=6731.44 1002.03 530.031 46.3884 471.995 466.677 14.5474 483.643 29.527 454.116 5729.41 763.149 727.578 314.217 413.361 452.13 4966.26 3240.58 222.647 3017.93 1725.68 1522.69 202.993 7.47714 35.5702 28.8378 38.9112 6.73245
internal_count=33165 4960 2705 246 2255 2219 67 2459 159 2300 28205 3791 3570 1550 2020 2152 24414 15743 1245 14498 8671 7600 1071 59 221 163 187 58
is_linear=0
shrinkage=0.05


Tree=158
num_leaves=25
num_cat=0
split_feature=3 15 12 15 8 22 1 13 10 28 30 23 24 18 24 12 43 20 43 44 25 21 7 24
split_gain=3.09878 6.57508 5.65374 6.39674 7.7649 7.71687 5.54047 5.32815 6.45008 6.89183 5.1506 4.81123 4.79789 4.39735 4.1326 3.92243 3.89667 8.17308 5.40937 3.10923 3.01335 2.50461 1.06545 0.00118745
threshold=0.75450000000000006 -1.1634999999999998 27.500000000000004 -0.55399999999999994 0.36666666666666675 -1.0000000180025095e-35 3.5000000000000004 0.69400000000000006 9.5000000000000018 0.33700000000000008 1.4665000000000001 -1.6664999999999996 4.4055000000000009 1.0000000180025095e-35 1.8755000000000002 29.500000000000004 0.77250000000000008 12.500000000000002 0.76600000000000013 0.51150000000000018 342.50000000000006 -2.4999999999999996 0.12250000000000001 4.8335000000000008
decision_type=2 2 2 2 2 2 2 2 2 2 2 2 2 2 2 2 2 2 2 2 2 2 2 2
left_child=1 13 3 4 -3 -5 7 12 9 -9 -10 -8 20 -1 15 -4 18 -18 -13 22 -2 -16 -15 -14
right_child=6 2 14 5 -6 -7 11 8 10 -11 -12 16 23 19 21 -17 17 -19 -20 -21 -22 -23 -24 -25
leaf_value=0.022156426833032889 -0.056815713907116663 0.0018808536749439391 -0.018332450135191181 -0.0010664881802318483 0.034455245729846116 -0.018935569833574306 0.041777936670143831 -0.017691930826640324 0.0058433587250159786 0.014509709902197894 0.045833246417004425 -8.4281375131393751e-05 0.054029781111616916 -0.028367598444214895 -0.048708860568668223 0.034477087389056825 0.0033699721946103961 0.053835644485954098 -0.010455074901173429 -0.0045802464145111785 -0.010211988435998291 -0.0088526849462381516 -0.064895163812260709 0.051272604256927923
leaf_weight=3.046018214896324 4.3798469188623192 64.644296183250844 12.862204819917681 496.36016638274305 25.515637474134564 68.793265741609503 6.9239022731780997 21.782915325835347 12.329922309610991 70.044999924022704 23.206630725413561 5196.6669818439987 0.47726292535662596 2.5760550014674655 13.812665462493898 4.8390282690525046 528.01078556850553 8.1467239856719953 128.85464753769338 3.8200505138374856 16.670507166069001 5.5158066153526297 8.8709365082904679 2.1482349904254079
leaf_count=21 52 388 63 2790 157 549 37 234 131 652 316 24076 8 18 73 24 2424 35 584 25 292 37 78 101
internal_value=-2.23976e-06 -0.00312475 -0.00234256 -0.0012685 0.0110995 -0.0032416 0.000366392 0.00982177 0.0138707 0.00687101 0.0319582 0.000123039 -0.0119595 -0.0326961 -0.0213501 -0.00389578 7.38353e-05 0.00413678 -0.00033521 -0.04364 -0.0199086 -0.037335 -0.0566749 0.0517738
internal_weight=6730.3 710.656 692.343 655.313 90.1599 565.153 6019.64 151.04 127.364 91.8279 35.5366 5868.6 23.6759 18.3131 37.0297 17.7012 5861.68 536.158 5325.52 15.267 21.0504 19.3285 11.447 2.6255
internal_count=33165 4223 4081 3884 545 3339 28942 1786 1333 886 447 27156 453 142 197 87 27119 2459 24660 121 344 110 96 109
is_linear=0
shrinkage=0.05


Tree=159
num_leaves=24
num_cat=0
split_feature=4 9 12 1 4 17 9 31 32 9 23 23 23 17 24 40 42 13 37 24 42 41 28
split_gain=3.08077 6.19523 5.76477 10.0631 8.63875 6.51721 6.19509 5.76422 7.56544 8.99727 7.03898 4.47061 7.39339 5.45787 8.71507 5.83271 5.22804 4.41647 4.53788 4.34271 3.67361 8.09889 3.47234
threshold=0.72900000000000009 2.4460000000000002 21.500000000000004 46.500000000000007 0.70200000000000007 0.35150000000000003 1.5475000000000001 0.65350000000000008 0.46400000000000008 1.9185000000000001 0.55700000000000016 1.2320000000000004 1.1670000000000005 0.36900000000000005 3.6725000000000003 0.71350000000000013 0.24050000000000002 0.85450000000000015 0.52700000000000014 3.4310000000000005 0.25450000000000006 0.49400000000000005 0.38050000000000006
decision_type=2 2 2 2 2 2 2 2 2 2 2 2 2 2 2 2 2 2 2 2 2 2 2
left_child=2 11 3 4 6 -6 -1 -4 10 -10 -9 12 19 15 -15 -13 -14 18 -3 -2 21 -19 -22
right_child=1 17 7 -5 5 -7 -8 8 9 -11 -12 13 16 14 -16 -17 -18 20 -20 -21 22 -23 -24
leaf_value=0.018232453961456185 -0.00011865801932059131 0.033378225204995969 -0.041823592938024526 -0.095218526170216533 -0.016789923752402191 -0.066268126006882103 -0.0049720240375275828 0.067816363787754158 -0.045605074497499148 0.017460768575982791 -0.0042135583276061723 0.0079843208672288942 0.07197282305447826 -0.0059051153460660784 0.056400627418543708 -0.018620074276570517 0.015393033256167752 0.026552000069805098 -0.034581307086718742 0.0055417493472671485 0.045758967251688161 -0.071689100205446096 -0.0032025455403408448
leaf_weight=31.549440649629105 5682.0792812751606 3.8431570604443532 4.591434232890605 3.1384452730417243 29.333083108067513 8.6086018830537778 325.7510999199003 10.792386244982479 7.3748712390661266 24.255956545472145 4.9462076276540747 26.221983620896935 4.6466516181826583 19.921688096597794 7.8138463031500569 96.119805242866278 33.644592016935349 8.8249575153458846 6.8072083666920662 360.3369124410674 20.786944358842451 2.7521045138128093 4.3851150390692046
leaf_count=386 26537 22 23 14 143 49 2088 52 34 103 22 148 22 95 55 532 161 113 34 2206 225 30 71
internal_value=-2.2727e-06 0.000284273 -0.00399698 -0.00604003 -0.00533191 -0.028016 -0.00292308 0.011667 0.0168517 0.00275668 0.0451793 0.00014728 0.000357688 -0.00837786 0.0116481 -0.0129179 0.022259 0.0182923 -0.0100583 0.000218898 0.0265087 0.00319808 0.0372296
internal_weight=6728.53 6278.18 450.342 398.381 395.242 37.9417 357.301 51.9609 47.3694 31.6308 15.7386 6230.78 6080.71 150.077 27.7355 122.342 38.2912 47.3995 10.6504 6042.42 36.7491 11.5771 25.1721
internal_count=33165 30251 2914 2680 2666 192 2474 234 211 137 74 29756 28926 830 150 680 183 495 56 28743 439 143 296
is_linear=0
shrinkage=0.05


Tree=160
num_leaves=27
num_cat=0
split_feature=3 20 44 25 19 8 13 14 33 28 44 18 8 9 22 21 9 44 18 15 43 4 4 14 15 16
split_gain=3.008 5.55009 4.95266 7.18461 7.00209 4.09624 4.78267 5.09215 8.08308 6.22403 3.57903 3.61596 3.46308 10.8256 11.1448 4.93471 8.42778 4.81111 3.15024 2.78385 2.56155 2.09649 3.39316 4.10221 0.745254 0.339435
threshold=0.34150000000000008 6.5000000000000009 0.49400000000000005 345.50000000000006 2.4900000000000007 1.0000000180025095e-35 2.0645000000000002 1.1520000000000001 0.29350000000000004 0.59100000000000008 0.48950000000000005 0.48333333333333339 0.18333333333333332 1.3725000000000003 -0.36666666666666653 -24.499999999999996 0.76600000000000013 0.51500000000000012 0.76388888888888895 0.82250000000000012 0.75950000000000017 1.3965000000000003 1.3270000000000002 2.3140000000000005 1.1090000000000002 0.21950000000000003
decision_type=2 2 2 2 2 2 2 2 2 2 2 2 2 2 2 2 2 2 2 2 2 2 2 2 2 2
left_child=1 21 10 18 -5 6 7 8 -2 -9 11 -3 13 14 -7 16 -14 -17 -4 -15 24 22 23 -1 -8 -23
right_child=5 2 3 4 -6 12 20 9 -10 -11 -12 -13 15 19 -16 17 -18 -19 -20 -21 -22 25 -24 -25 -26 -27
leaf_value=-0.055496112334506201 0.011635427416980784 -0.065920738032036352 -0.058150716331362276 0.082257254072119257 -0.019223305197518286 0.0034926601545979662 0.02178162556645042 0.0079961742395886805 -0.030416873732572049 0.050748408189356081 -0.057205715583208694 -0.0014750489223597002 0.0074898453041794908 -0.048039183066417745 -0.012123836924940963 -0.00017519148784940003 -0.018971032378391109 0.003553708392721486 0.011198760945528642 -0.0058351958281352874 -0.02244011295278641 -0.043180615079193019 0.053157727677288151 0.077696661456474761 0.065499160449171687 -0.066554496244629655
leaf_weight=4.3072990895016101 30.153652692213655 2.4061637297272744 2.7989699840545645 5.7354749189689738 2.4157794518396258 299.17465191520751 1.1706944145262221 32.573054179549217 18.400093963369727 11.525494981557129 4.2535307873040429 22.81276191631332 47.259540386497974 16.95088201016188 184.82923309202306 4881.2017275029793 82.835303261876106 1051.3231632269453 3.9464901415631175 5.0777831971645346 1.146556371822953 2.3401239849627018 1.2979733850806949 0.6677056998014449 5.826970407506451 4.619090186432004
leaf_count=206 194 15 19 33 47 1405 36 162 111 58 35 221 204 81 942 23675 360 5069 58 22 28 30 14 4 101 35
internal_value=-2.06468e-06 -0.011379 -0.00290322 0.0205937 0.0521816 9.61933e-05 0.0100993 0.00687018 -0.00430086 0.0191698 -0.0147796 -0.00762388 -5.73046e-05 -0.00403109 -0.0024709 0.000274377 -0.00935859 0.00048562 -0.0175772 -0.0383108 0.0468347 -0.0397993 -0.0188368 -0.03762 0.0581853 -0.0586947
internal_weight=6727.05 57.6014 44.3692 14.8967 8.15125 6669.45 100.797 92.6523 48.5537 44.0985 29.4725 25.2189 6568.65 506.033 484.004 6062.62 130.095 5932.52 6.74546 22.0287 8.14422 13.2322 6.27298 4.975 6.99766 6.95921
internal_count=33165 717 428 157 80 32448 690 525 305 220 271 236 31758 2450 2347 29308 564 28744 77 103 165 289 224 210 137 65
is_linear=0
shrinkage=0.05


Tree=161
num_leaves=25
num_cat=0
split_feature=4 8 28 30 16 9 19 1 25 9 20 24 18 3 24 32 3 22 14 39 42 42 6 27
split_gain=3.0332 8.83588 7.11282 7.2926 6.03545 5.88711 9.40826 7.27262 7.10584 6.57272 5.33162 7.59635 5.47952 5.26736 5.06048 4.80479 8.99965 4.72087 3.98918 3.85258 3.22177 3.18408 2.26131 0.483062
threshold=1.1060000000000001 0.21111111111111114 0.62700000000000011 1.6575000000000002 0.63450000000000017 1.9245000000000003 2.0575000000000006 40.500000000000007 344.50000000000006 1.9185000000000001 -8.4999999999999982 2.9475000000000007 0.51666666666666672 1.4915000000000003 2.6435000000000004 0.48450000000000004 1.4310000000000003 0.36666666666666664 0.89100000000000013 2.7065000000000006 0.28850000000000003 0.27350000000000008 0.24550000000000002 0.23250000000000004
decision_type=2 2 2 2 2 2 2 2 2 2 2 2 2 2 2 2 2 2 2 2 2 2 2 2
left_child=1 19 3 4 -3 9 7 8 -7 10 12 -12 -2 -5 -8 22 -17 -9 -16 20 21 -1 -4 -22
right_child=5 2 15 13 -6 6 14 17 -10 -11 11 -13 -14 -15 18 16 -18 -19 -20 -21 23 -23 -24 -25
leaf_value=-0.02658859499301483 -0.0064305814099707807 -0.0017769142216309695 -0.0085698479995029893 -0.0027625832778645108 0.0093587451850239319 0.0054942421991400195 0.017521540234080746 -0.019604854405604555 0.032105881934047634 -0.057041115962872195 -6.8526532464200187e-05 0.0059542561293613799 -0.052431207665599555 0.025546745357000106 -0.092148872389319555 0.0038503131593845205 -0.065556435258887574 0.014209545108329391 -0.023230765771606904 0.023796965000405033 -0.07718388675156157 0.0044009050645760243 -0.052607351175534056 -0.046633367326122221
leaf_weight=39.963457944337279 159.83970378804952 1964.9093317241059 3.8145160138374221 25.871419821633026 129.71218450646847 43.184350895462558 3.6387389302253714 22.143632240593433 59.851112364558503 4.9727293923497191 3508.5519232773222 615.36453140899539 6.7469979822635642 45.031870563514531 3.683142386376856 25.820261457585733 5.7018703836947671 19.334183186292648 4.8839795514941216 4.5580694265663615 2.532714568078517 10.457940016407518 12.363293924368916 2.6453948263078928
leaf_count=334 752 10184 31 130 652 263 16 106 389 23 16178 3245 29 245 17 168 32 97 29 32 17 95 75 26
internal_value=-2.1252e-06 -0.00148808 -0.000974169 -0.000553485 -0.00108732 0.000756636 0.0102754 0.0138357 0.0209524 0.000409348 0.000475933 0.000830184 -0.00829367 0.0152171 -0.0318781 -0.0200727 -0.0087043 -0.00384284 -0.0528598 -0.0203952 -0.0240181 -0.020161 -0.0422239 -0.0615762
internal_weight=6725.58 2273.38 2213.22 2165.52 2094.62 4452.2 156.719 144.513 103.035 4295.48 4290.5 4123.92 166.587 70.9033 12.2059 47.6999 31.5221 41.4778 8.56712 60.1576 55.5995 50.4214 16.1778 5.17811
internal_count=33165 12021 11517 11211 10836 21144 917 855 652 20227 20204 19423 781 375 62 306 200 203 46 504 472 429 106 43
is_linear=0
shrinkage=0.05


Tree=162
num_leaves=31
num_cat=0
split_feature=39 13 44 13 32 41 26 40 39 2 40 6 32 14 13 30 17 22 22 1 4 35 22 40 23 27 20 26 5 4
split_gain=3.09938 8.75135 8.81425 8.74287 8.01159 7.5231 7.04168 6.65821 8.26061 8.64094 8.11325 7.60007 6.29385 5.95789 10.5471 8.32247 5.77091 7.7541 5.3729 5.27555 7.4036 8.17377 6.25277 8.62201 6.16681 5.14648 4.97341 6.12302 5.63959 4.85648
threshold=2.5845000000000007 1.7110000000000001 0.49150000000000005 1.7170000000000003 0.48350000000000004 0.48800000000000004 0.17500000000000002 0.71650000000000003 2.6560000000000001 25.500000000000004 0.76050000000000006 0.74550000000000016 0.48750000000000004 1.1275000000000002 1.1960000000000002 1.5665000000000002 0.29300000000000004 -0.36666666666666653 0.25833333333333336 11.500000000000002 0.59550000000000003 0.84650000000000014 0.63333333333333353 0.75200000000000011 -0.7274999999999997 0.26950000000000007 5.5000000000000009 0.15500000000000003 0.49150000000000005 0.96500000000000008
decision_type=2 2 2 2 2 2 2 2 2 2 2 2 2 2 2 2 2 2 2 2 2 2 2 2 2 2 2 2 2 2
left_child=1 19 3 6 -5 13 -3 8 9 -7 11 -9 -10 14 -2 -16 25 -18 -12 20 21 -1 29 -24 -22 -4 28 -28 -15 -21
right_child=5 2 16 4 -6 7 -8 10 12 -11 18 -13 -14 26 15 -17 17 -19 -20 22 24 -23 23 -25 -26 -27 27 -29 -30 -31
leaf_value=-0.023264972311991265 -0.03095378677665335 -0.0056555712407934961 0.016140240421452123 -0.010134272228463357 0.0058021642607770253 -0.020888715240684728 0.072229978408454548 0.0031082295135665336 -0.010417689401345931 0.013680769495987056 -0.0045806068761321877 0.026274267235045501 0.01601127210672041 -0.0080767357356063135 0.00078122008104210142 -0.019100947451598547 -0.0066730160696285186 0.047008593621518144 0.0036158090743986905 -0.005986755762401352 -0.0087082033343418557 0.06071311995817278 0.015256532695544174 -0.042896752833910437 0.0073114674695431816 -0.013160518578113907 -0.018155150390808752 0.017974186149461328 0.0031219253978274665 -0.00043045618773360851
leaf_weight=37.201693100156263 54.091555486083962 4.5424181073904029 93.999987732386217 105.33360269386321 313.82611544243991 116.68914566375315 8.0360785871744138 1224.9736157006701 41.617018673219718 21.390131041407585 709.95156645856332 36.457845801953226 49.108081961981952 307.23920739395544 145.78333857562393 82.374288006685674 8.8287473134696466 28.257566236425191 278.32376249786466 522.79721534997225 68.076947215013206 3.1422895282739765 90.430424146354198 6.8571393042802802 511.08778829011135 17.828607399016619 14.899550229310988 55.073763133957982 177.29932033736259 1587.3080280255526
leaf_count=484 340 20 473 550 1586 600 37 5926 210 96 3417 306 246 1441 693 373 44 133 1440 2433 392 49 416 30 2927 89 67 258 929 7160
internal_value=-1.94079e-06 0.00105699 0.00664791 0.00302995 0.00179738 -0.00109035 0.0441035 0.000293578 -0.00783256 -0.0155335 0.00112004 0.00377777 0.0038879 -0.00518959 -0.0111032 -0.00639706 0.0171372 0.0342292 -0.00227229 -9.13949e-05 0.00398583 -0.0167241 -0.00123567 0.0111577 0.00542846 0.0114689 -0.00217952 0.0102811 -0.00397899 -0.00180708
internal_weight=6722.83 3407.55 580.653 431.738 419.16 3315.27 12.5785 2478.51 228.804 138.079 2249.71 1261.43 90.7251 836.761 282.249 228.158 148.915 37.0863 988.275 2826.9 619.509 40.344 2207.39 97.2876 579.165 111.829 554.512 69.9733 484.539 2110.11
internal_count=33165 16823 2932 2193 2136 16342 57 12241 1152 696 11089 6232 456 4101 1406 1066 739 177 4857 13891 3852 533 10039 446 3319 562 2695 325 2370 9593
is_linear=0
shrinkage=0.05


Tree=163
num_leaves=29
num_cat=0
split_feature=42 11 1 26 1 14 36 23 8 32 59 30 14 19 0 6 29 27 30 23 23 8 43 3 4 8 17 27
split_gain=3.03345 5.58212 9.18448 17.1493 7.38713 7.35052 6.10912 5.25125 8.40127 8.80686 5.00738 3.7306 3.50586 7.17618 6.89103 8.90107 8.32216 4.9666 6.0749 5.51538 5.12935 6.24418 4.34873 3.72727 3.72338 6.94975 6.9073 2.87277
threshold=0.32150000000000006 15.500000000000002 33.500000000000007 0.56500000000000006 38.500000000000007 1.7110000000000001 0.39600000000000007 0.83350000000000013 0.63333333333333341 0.49950000000000006 13.500000000000002 1.4350000000000003 0.64500000000000013 2.4045000000000001 10.500000000000002 0.26800000000000007 2.2300000000000004 0.26800000000000007 1.3825000000000001 0.62500000000000022 0.33299999999999991 0.63333333333333341 0.71400000000000008 0.87250000000000016 1.2245000000000001 0.76388888888888895 0.70700000000000007 0.20450000000000002
decision_type=2 2 2 2 2 2 2 2 2 2 2 2 2 2 2 2 2 2 2 2 2 2 2 2 2 2 2 2
left_child=12 7 5 4 -4 6 -3 10 -9 -10 11 -2 17 24 16 -16 -15 20 23 -20 21 -1 -22 -19 26 -26 -14 -5
right_child=1 2 3 27 -6 -7 -8 8 9 -11 -12 -13 13 14 15 -17 -18 18 19 -21 22 -23 -24 -25 25 -27 -28 -29
leaf_value=-0.009771287850144009 -0.052452862715775261 -0.034417599879218309 -0.099588791016161388 0.00025462527715727079 -0.030197315935458515 0.062759160333803396 0.012239176548590342 0.072523133294648254 -0.064759513908018373 0.042643023458169969 -0.066914217147235083 -0.011324840284007563 -0.00097130131423109236 -0.050790364885247345 0.010077429772438683 -0.062377061461802087 0.036587788638218093 0.0084821650039635377 0.0079170082588672069 0.071648926980508426 0.012269628906944869 0.026225754161280597 -0.04443868471154365 -0.070785464406315612 0.00091694325442552831 0.013899015822391177 -0.04247353098168824 0.056507664623535007
leaf_weight=147.27901973022381 7.1759599228389588 8.2808732315897924 5.889363229274756 4.2021623849868757 10.99677864462137 6.1579187810420981 45.93211729824543 3.5761576499789935 4.5735457520931959 3.2757393326610327 7.2881886363029471 23.80247626081109 2900.4259780957364 2.9441398438066235 28.214816443389282 4.9883077535778275 36.614496302325279 2.4308800958096972 49.27812670764979 3.645861748373135 4.2291983754839775 13.120282691903411 16.850922145880759 3.8031858243048191 3254.1958679230884 106.46373746590689 10.060267284512518 4.9350199848413467
leaf_count=1061 42 40 25 20 52 30 208 20 27 29 34 139 14333 16 287 25 212 46 372 28 30 88 143 31 15059 570 176 22
internal_value=-1.86556e-06 -0.00739092 0.000289116 -0.0245415 -0.0543989 0.0109925 0.00511249 -0.0207434 0.0090028 -0.0199373 -0.0296248 -0.0208519 0.000150848 0.000375551 0.0159876 -0.00080785 0.0300847 -0.00577297 0.00680831 0.0123074 -0.00987417 -0.00682682 -0.0330616 -0.0398762 0.00019441 0.00132821 -0.00111476 0.0306371
internal_weight=6720.63 136.086 86.3942 26.0233 16.8861 60.3709 54.213 49.6921 11.4254 7.84929 38.2666 30.9784 6584.55 6343.91 72.7618 33.2031 39.5586 240.637 59.1581 52.924 181.479 160.399 21.0801 6.23407 6271.15 3360.66 2910.49 9.13718
internal_count=33165 688 397 119 77 278 248 291 76 56 215 181 32477 30678 540 312 228 1799 477 400 1322 1149 173 77 30138 15629 14509 42
is_linear=0
shrinkage=0.05


Tree=164
num_leaves=26
num_cat=0
split_feature=7 17 5 9 5 9 36 27 39 31 0 5 7 43 22 44 27 44 44 7 40 2 29 41 21
split_gain=2.94893 13.1828 8.32527 8.03674 8.83101 6.74442 6.22846 6.17176 5.42843 6.75086 5.33455 4.95759 4.6416 10.9627 6.00693 5.55337 4.24714 4.15107 6.29221 9.10041 6.25148 5.9425 6.39635 4.66594 2.12151
threshold=0.41300000000000003 0.12750000000000003 -1.2454999999999998 1.4460000000000002 -0.88099999999999989 0.85450000000000015 0.46450000000000008 0.22750000000000004 2.5810000000000008 0.71850000000000003 2.5000000000000004 0.12750000000000003 0.40350000000000003 0.75150000000000017 0.066666666666666666 0.48950000000000005 0.28950000000000004 0.51500000000000012 0.51250000000000007 0.16350000000000003 0.77250000000000008 3.5000000000000004 2.9800000000000009 0.49400000000000005 2.5000000000000004
decision_type=2 2 2 2 2 2 2 2 2 2 2 2 2 2 2 2 2 2 2 2 2 2 2 2 2
left_child=12 2 -2 4 7 16 -7 -3 9 -5 -10 -6 17 14 15 -14 -4 18 20 -20 -1 23 -23 -19 -15
right_child=1 3 5 8 11 6 -8 -9 10 -11 -12 -13 13 24 -16 -17 -18 21 19 -21 -22 22 -24 -25 -26
leaf_value=0.00023761717867297135 0.096469749091759358 0.0032263073491772577 -0.0046264097363817895 0.018684852449364756 -0.0028554347264517603 0.039106192489650117 0.0071202813898039799 -0.042466306999381163 0.018533776825623443 -0.017306343816885866 -0.033982976968837335 0.015201674066114626 -0.053433812068272829 0.039292635104222595 0.037367158840304407 0.0085956541364701523 -0.069126467679590339 0.059830142290761314 -0.049523121412105589 0.0012765133229833843 -0.0066927909526530638 0.0038641766798631228 -0.0076610478572228793 0.014248266180330531 0.088469219100193411
leaf_weight=4707.4612536814529 2.9613224826753131 11.106787490891291 16.529371203389022 17.337495695333928 230.73677756934194 24.072173511609435 41.385659968480468 22.085313641699031 5.3296881075948468 52.426932604517788 52.150736600160599 45.50846660323441 6.2537101134657922 3.9579911679029447 7.4698099717497817 8.5298680663108808 3.018237328156828 6.7811501109972587 15.871515349484978 19.832602642476559 349.55295769916847 891.58981873653829 139.17759331688285 32.627032260643318 4.9185599610209465
leaf_count=22847 19 64 110 105 1530 129 227 150 29 272 289 226 31 19 35 39 22 71 90 99 1681 4043 684 330 24
internal_value=-1.83881e-06 -0.00360109 0.0140578 -0.00715835 -0.00280864 0.0111868 0.0188831 -0.0271766 -0.0177361 -0.008362 -0.0291135 0.000119282 0.000303027 0.0195615 0.000821709 -0.0176439 -0.0145855 0.000205749 -0.000389105 -0.0213054 -0.000241429 0.00303652 0.002308 0.0220918 0.0665417
internal_weight=6718.67 524.649 87.9668 436.682 309.437 85.0054 65.4578 33.1921 127.245 69.7644 57.4804 276.245 6194.02 31.1299 22.2534 14.7836 19.5476 6162.89 5092.72 35.7041 5057.01 1070.18 1030.77 39.4082 8.87655
internal_count=33165 3172 507 2665 1970 488 356 214 695 377 318 1756 29993 148 105 70 132 29845 24717 189 24528 5128 4727 401 43
is_linear=0
shrinkage=0.05


Tree=165
num_leaves=21
num_cat=0
split_feature=24 13 7 40 28 3 41 24 18 15 18 10 40 43 24 21 5 21 1 13
split_gain=2.97455 4.06913 3.06199 4.5101 5.83511 3.89211 3.10766 7.31527 4.41908 2.06752 2.46294 2.02729 1.5211 2.91007 0.0271781 0.00462975 0.00300226 0.000616686 0.000132893 3.29353e-05
threshold=5.5360000000000005 1.0000000180025095e-35 0.63050000000000017 0.71500000000000008 0.43850000000000006 1.4390000000000003 0.45300000000000007 3.6665000000000005 0.76388888888888895 -1.4899999999999998 0.097222222222222224 15.500000000000002 0.71500000000000008 0.7360000000000001 2.3325000000000005 5.5000000000000009 -1.0164999999999997 3.5000000000000004 3.5000000000000004 0.98350000000000015
decision_type=2 2 2 2 2 2 2 2 2 2 2 2 2 2 2 2 2 2 2 2
left_child=1 9 6 4 -4 -5 7 -3 -8 10 11 -1 13 -2 16 18 -11 -15 19 -14
right_child=12 2 3 5 -6 -7 8 -9 -10 14 -12 -13 15 17 -16 -17 -18 -19 -20 -21
leaf_value=-0.054418680897409692 -0.05193479298160926 -0.0032919081498547181 -0.025795369048961004 -0.032741561879005676 0.045794869545385579 0.0049059467245765563 9.7869749304296515e-05 0.020102231869713879 0.00475988305591722 -0.058093652572393954 0.040385137476230168 -0.0057703854980505551 0.050916025824012806 0.051462594046621006 -0.059863248804873252 0.054377374846485138 -0.051049285122097623 0.053539406255528083 0.05167654210670905 0.05049683865783882
leaf_weight=3.5544029874727112 1.2492552923504257 955.36649354221299 5.1092758810846117 24.312171065015718 6.426308992318809 9.566575735807417 5097.1120486753061 34.62732246844098 564.61125724599697 0.1664882767945518 1.7099981023930002 5.3873827699571848 1.2262944430112841 0.76007676403969504 2.31162403896451 1.6184913031756876 1.652885790041182 0.67477644328027964 0.48837951384484757 0.7583592771552502
leaf_count=108 29 4527 63 293 59 86 24205 237 2959 3 18 54 72 38 23 30 237 14 19 91
internal_value=-1.88854e-06 -3.5315e-05 2.25254e-05 -0.0129164 0.0140865 -0.0221108 0.000110865 -0.00247364 0.000562786 -0.0262391 -0.0145942 -0.0251083 0.0331102 0.00386081 -0.0562653 0.0522983 -0.0516939 0.0524393 0.0509377 0.0507558
internal_weight=6718.69 6711.91 6697.13 45.4143 11.5356 33.8787 6651.72 989.994 5661.72 14.7828 10.6518 8.94179 6.77563 2.68411 4.131 4.09152 1.81937 1.43485 2.47303 1.98465
internal_count=33165 32872 32429 501 122 379 31928 4764 27164 443 180 162 293 81 263 212 240 52 182 163
is_linear=0
shrinkage=0.05


Tree=166
num_leaves=31
num_cat=0
split_feature=14 10 30 39 40 42 16 10 16 7 15 12 19 3 26 10 40 41 14 27 15 9 5 11 31 32 14 41 42 15
split_gain=2.849 4.77936 6.20841 8.05801 7.32839 6.04948 8.66783 5.32871 6.49931 9.33054 6.9777 5.05353 4.77186 8.89658 9.85007 10.874 7.06901 5.48848 11.7568 5.24499 9.51468 6.97237 13.7371 7.00152 6.28898 4.86933 4.66613 4.78096 4.28952 3.87052
threshold=1.2155000000000002 8.5000000000000018 1.6640000000000001 2.6900000000000008 0.75200000000000011 0.22750000000000004 0.30200000000000005 12.500000000000002 0.14050000000000004 0.39000000000000007 -0.46899999999999992 17.500000000000004 1.2035000000000002 0.7380000000000001 0.16950000000000004 6.5000000000000009 0.77350000000000019 0.42850000000000005 1.2545000000000002 0.28250000000000003 -0.14049999999999999 1.5845000000000002 1.0000000180025095e-35 32.500000000000007 0.6775000000000001 0.6755000000000001 0.76800000000000013 0.42300000000000004 0.28200000000000008 -1.0000000180025095e-35
decision_type=2 2 2 2 2 2 2 2 2 2 2 2 2 2 2 2 2 2 2 2 2 2 2 2 2 2 2 2 2 2
left_child=1 2 5 4 -4 6 -1 26 9 -9 -10 -7 19 14 15 -14 -16 18 -15 21 24 22 -2 -23 -21 -19 -3 -28 -5 -22
right_child=12 7 3 28 -6 11 -8 8 10 -11 -12 -13 13 17 16 -17 -18 25 -20 20 29 23 -24 -25 -26 -27 27 -29 -30 -31
leaf_value=0.096999508388174893 -6.2299181248472022e-05 -0.035567676412745323 -0.011571787814431833 -0.0029942611587976727 -0.052599788576529027 0.0016161599738367329 0.0066082713806690733 0.036132523194587617 -0.025828107522589613 -0.049094054991552165 0.009188829391884706 -0.0032637134925499762 -0.0087324865107621524 0.058463619173099529 -0.0045174699512684985 -0.060871910698121201 0.041765510865360671 0.0048178975630574121 -0.020940661771327418 -7.022055710892825e-06 -0.080607524228691038 -0.0030371232538320414 0.012968272857138322 0.036553843491285085 -0.013129782903071575 0.032945293232686988 0.018458599819095894 -0.0080839506157802995 0.071331189206858783 -0.022527895702674994
leaf_weight=2.6809472199529401 741.12886763201095 14.732913841085972 58.554231902584434 3.8568399157375088 13.368991401046513 1143.4840351750609 246.89708686387166 24.937651508953426 22.524463679641485 3.6861062143580048 38.616737637668848 989.75145677477121 25.580892201513052 5.2410709485411635 80.45151442848146 16.418012291193008 9.1927269175648672 1197.6930759539828 42.16747865639627 284.77914771996439 5.5012456476688385 891.02924971119501 278.17389444727451 11.308823250234125 134.38268019119278 15.587102483958004 17.742210877127945 387.60897511197254 3.9083623290061951 5.9940523128025216
leaf_count=22 3511 250 278 22 60 5971 1180 229 129 54 201 4337 114 23 397 80 43 5654 210 1475 24 4654 1292 50 643 82 93 2028 18 41
internal_value=-1.83263e-06 -0.00115764 -0.000245337 -0.0139737 -0.019198 0.000213782 0.00757925 -0.00556392 0.00549404 0.0251572 -0.00371144 -0.000647942 0.000915602 0.00323558 -0.00913286 -0.0291146 0.0002287 0.00452711 -0.0121624 -0.0004576 -0.00544491 0.000660102 0.00349382 -0.00254094 -0.00421416 0.00517925 -0.00792682 -0.00692218 0.034415 -0.0503228
internal_weight=6716.98 2972.35 2462.5 79.6884 71.9232 2382.81 249.578 509.849 89.765 28.6238 61.1412 2133.24 3744.63 1392.33 131.643 41.9989 89.6442 1260.69 47.4085 2352.3 430.657 1921.64 1019.3 902.338 419.162 1213.28 420.084 405.351 7.7652 11.4953
internal_count=33165 14872 11888 378 338 11510 1202 2984 613 283 330 10308 18293 6603 634 194 440 5969 233 11690 2183 9507 4803 4704 2118 5736 2371 2121 40 65
is_linear=0
shrinkage=0.05


Tree=167
num_leaves=23
num_cat=0
split_feature=13 22 24 31 11 15 27 19 3 4 27 22 24 4 29 25 44 42 16 24 24 21
split_gain=2.85653 5.4097 5.16163 4.55742 5.05895 4.39677 6.55517 5.03111 7.22188 4.01755 3.98624 5.2686 4.80992 3.2564 3.18601 2.28738 1.52044 1.12288 0.922913 0.222249 0.0155802 0.00566708
threshold=0.50850000000000006 -0.066666666666666638 4.8335000000000008 0.61650000000000016 1.0000000180025095e-35 -1.6199999999999999 0.21000000000000002 0.44600000000000006 0.74550000000000016 1.0000000180025095e-35 0.25350000000000006 0.45555555555555566 4.1465000000000014 0.7965000000000001 2.8895000000000004 345.50000000000006 0.44250000000000006 0.30650000000000005 0.15600000000000003 2.6665000000000005 1.8335000000000001 5.5000000000000009
decision_type=2 2 2 2 2 2 2 2 2 2 2 2 2 2 2 2 2 2 2 2 2 2
left_child=1 18 5 4 -3 6 14 8 -7 -9 12 -12 -5 -8 -2 -6 -4 21 -1 20 -20 -18
right_child=2 3 16 10 15 7 13 9 -10 -11 11 -13 -14 -15 -16 -17 17 -19 19 -21 -22 -23
leaf_value=-0.011806647818889066 0.044885839062357408 0.025373647114419185 -0.043667785440239998 -0.01091330523593952 -0.0059760297307978319 -0.041886754628367245 0.0031529212368559532 -0.043102749854932405 0.014835283358130192 6.7329192235967479e-05 0.022979709826676218 -0.0092624627417995913 0.02294568755369647 -0.04924552279712982 -0.020851795567737284 -0.05202779441491856 0.051156197745588695 -0.010434355620471689 -0.052812135750790558 -0.080587831942904753 -0.059535439295776621 0.054167851589891951
leaf_weight=1.0821342796552915 4.4835778214037445 3.5577514632605043 0.50130973011255164 98.186382127227262 3.5434249426471061 5.9729066789150229 3.7949680387973812 5.3938936884514979 92.767141577322036 6391.8441477862652 30.299793822923675 21.776431402890012 11.743388719856737 13.559513708576558 3.1297470740973949 11.280241871543693 2.5340144922956824 0.7796483093407004 1.644198202993721 1.3001900166273115 1.8105373764410613 4.0722982380539179
leaf_count=28 29 33 12 748 33 42 21 56 557 30406 255 218 167 76 20 108 179 25 54 6 18 74
internal_value=-1.96016e-06 -0.00610806 0.000172206 -0.00457509 -0.0281691 0.000123313 -0.0208185 0.000203804 0.0114041 3.09299e-05 -0.00189808 0.00949718 -0.00729627 -0.0377874 0.0178619 -0.0410197 0.040596 0.0463153 -0.0534825 -0.0629672 -0.0563356 0.0530127
internal_weight=6715.06 186.224 6528.83 180.387 18.3814 6520.95 24.9678 6495.98 98.74 6397.24 162.006 52.0762 109.93 17.3545 7.61332 14.8237 7.88727 7.38596 5.83706 4.75493 3.45474 6.60631
internal_count=33165 1668 31497 1562 174 31207 146 31061 599 30462 1388 473 915 97 49 141 290 278 106 78 72 253
is_linear=0
shrinkage=0.05


Tree=168
num_leaves=28
num_cat=0
split_feature=44 1 1 22 22 27 40 40 44 23 3 4 4 40 4 22 5 13 17 14 27 37 13 20 4 21 17
split_gain=2.85143 4.31175 5.97471 6.31171 8.6899 5.87361 4.01102 6.81898 7.83956 7.11283 6.22399 5.80311 5.83524 5.36308 4.48812 9.26889 7.94703 7.21572 8.40626 5.29364 3.75438 5.27257 3.42286 8.49601 3.20723 2.2035 1.52223
threshold=0.42400000000000004 11.500000000000002 18.500000000000004 -0.29999999999999988 0.19999999999999998 0.27350000000000008 0.71500000000000008 0.72750000000000015 0.49900000000000005 -0.23700000000000002 0.40450000000000003 0.88700000000000012 0.91100000000000014 0.7400000000000001 1.1275000000000002 -0.29999999999999988 -0.088999999999999982 2.5120000000000005 0.17500000000000002 1.0425000000000002 0.25500000000000006 0.55550000000000022 1.0680000000000003 4.5000000000000009 1.4915000000000003 -15.499999999999998 0.18900000000000003
decision_type=2 2 2 2 2 2 2 2 2 2 2 2 2 2 2 2 2 2 2 2 2 2 2 2 2 2 2
left_child=1 5 22 -4 -5 20 14 8 10 -10 -8 13 -13 -9 15 19 -17 18 -16 -2 21 -1 26 -24 -7 -19 -3
right_child=6 2 3 4 -6 24 7 11 9 -11 -12 12 -14 -15 17 16 -18 25 -20 -21 -22 -23 23 -25 -26 -27 -28
leaf_value=0.038216826947790258 -0.013649310552498376 -0.061072082101528695 0.052421799026688531 -0.014805865175912184 0.024684401688121114 -0.062049829449558114 -0.029055036965576677 -0.012803423705615928 0.008361437072625922 -0.01166768339094878 0.0076331769236306322 0.013926470251550345 0.00013123823016463572 -0.0019858565971699869 -0.0080407808146393308 -0.029416161769511104 -0.0025385591125286133 -0.006474232047541501 0.0022911361303464043 -0.048829468945132203 0.077480458144205205 -0.023844356501958149 0.029853686278943626 -0.04131343743011489 0.014099523689482321 0.057824517853754899 -0.020314846985722827
leaf_weight=16.668107876554142 26.401086719706655 5.0361821725964564 7.8184566944837561 28.568110771477222 27.188996076583862 2.6835477151907972 11.760085741349029 158.73869323823601 69.490136788459495 122.40524034260307 679.2697601870168 78.347582615911961 3548.3939110457432 411.83661572996061 278.60470579587854 29.168079773429781 481.47230249299901 1.6514835245907304 671.06702077481896 17.972044754773378 4.1583209284581235 4.3065633610822251 8.6525739207863825 8.1379479765892011 2.8525418825447559 6.8972441614605469 4.2027228474617004
leaf_count=105 172 24 35 137 121 23 136 875 340 612 3342 354 17054 2311 1373 196 2468 10 3127 86 29 27 39 38 17 93 21
internal_value=-1.88464e-06 0.00762751 0.00208898 0.0103503 0.00445089 0.0238093 -0.000141055 0.000532001 0.00452603 -0.00441464 0.00700881 -0.000308163 0.000429253 -0.00499539 -0.00240064 -0.00597856 -0.00407382 -0.000328271 -0.000739933 -0.027898 0.0340789 0.0254743 -0.0180889 -0.00463925 -0.0228129 0.045403 -0.0425319
internal_weight=6713.75 120.274 89.605 63.5756 55.7571 30.6691 6593.48 5080.24 882.925 191.895 691.03 4197.32 3626.74 570.575 1513.23 555.014 510.64 958.22 949.672 44.3731 25.133 20.9747 26.0294 16.7905 5.53609 8.54873 9.23891
internal_count=33165 616 415 293 258 201 32549 25024 4430 952 3478 20594 17408 3186 7525 2922 2664 4603 4500 258 161 132 122 77 40 103 45
is_linear=0
shrinkage=0.05


Tree=169
num_leaves=25
num_cat=0
split_feature=42 59 0 18 11 13 6 10 41 39 40 40 15 40 8 34 32 32 23 36 13 28 29 34
split_gain=2.75106 5.17184 5.75779 3.97921 3.9679 5.86065 4.20704 4.06485 3.58386 6.71362 6.42008 10.52 9.17136 6.3701 7.15031 6.60659 6.52135 6.90595 6.44982 5.67473 5.36028 6.07464 5.15292 3.26573
threshold=0.32150000000000006 8.5000000000000018 2.5000000000000004 0.78888888888888908 51.500000000000007 1.4915000000000003 0.16350000000000003 2.5000000000000004 0.50700000000000012 2.5985000000000005 0.72400000000000009 0.72750000000000015 0.19600000000000004 0.76050000000000006 0.14999999999999999 0.32450000000000007 0.37750000000000006 0.36300000000000004 0.87550000000000006 0.5505000000000001 1.7110000000000001 0.48200000000000004 3.3680000000000003 0.42150000000000004
decision_type=2 2 2 2 2 2 2 2 2 2 2 2 2 2 2 2 2 2 2 2 2 2 2 2
left_child=8 2 -2 23 5 6 -3 -7 9 20 12 -12 -11 16 19 -16 17 -10 -18 -15 22 -22 -1 -4
right_child=1 4 3 -5 -6 7 -8 -9 13 10 11 -13 -14 14 15 -17 18 -19 -20 -21 21 -23 -24 -25
leaf_value=5.8406672882481948e-05 0.037678447933978496 -0.049453839820977119 0.0020923193937608842 0.013143518608892554 -0.046268608230701225 -0.012265029896657079 -0.005837970209873488 0.023403577557349259 0.011553073925224297 -0.0027179067372000861 0.021441592065339299 -0.0028695084147163045 -0.029134450299169602 -0.011177791589432664 0.065705083831808356 -0.0001191506666012529 0.0019798297747371462 0.04667263979152568 0.01832874285807545 -0.053626171800455702 0.010537094902394344 0.00051038943859961386 -0.02758547860184617 -0.057305578805503979
leaf_weight=2963.8726650623139 2.8678759569302228 6.0898572504520407 2.7630825433880153 3.1974986572749904 4.9787613302469245 10.798190604895352 60.005634594708681 30.687096051871777 81.224681923631579 80.712975007947534 45.875273284502327 1482.7105311928317 55.414631162770092 42.852343353908509 3.8390105925500384 540.55586563365068 559.08810004789848 16.912623975425959 67.623427383834496 9.645639250520615 275.84768430003896 333.91487345704809 16.954009062494151 14.240263779298401
leaf_count=14557 22 29 17 26 22 50 281 146 420 421 240 7272 273 226 21 2651 2657 87 412 58 1442 1647 93 95
internal_value=-1.93049e-06 -0.00705069 -0.028618 -0.03803 -0.00263052 -0.000610985 -0.00985662 0.0141194 0.000143425 -0.00044191 -0.00306651 -0.00213989 -0.0134715 0.00247074 -0.00135438 0.000345034 0.00562062 0.0176055 0.00374391 -0.018977 0.000774938 0.00504632 -9.88231e-05 -0.0476533
internal_weight=6712.67 135.628 23.0687 20.2008 112.56 107.581 66.0955 41.4853 6577.04 5255.3 1664.71 1528.59 136.128 1321.74 596.893 544.395 724.849 98.1373 626.712 52.498 3590.59 609.763 2980.83 17.0033
internal_count=33165 688 160 138 528 506 310 196 32477 25945 8206 7512 694 6532 2956 2672 3576 507 3069 284 17739 3089 14650 112
is_linear=0
shrinkage=0.05


Tree=170
num_leaves=28
num_cat=0
split_feature=41 24 18 39 31 41 13 25 16 15 15 31 21 1 11 3 41 5 4 29 25 4 3 25 7 13 1
split_gain=2.73858 6.74268 6.26479 5.17352 7.07572 5.99166 9.19239 5.9549 4.84876 6.71665 10.6122 7.54673 4.83327 4.49951 6.42379 5.38852 5.21668 8.61497 4.73618 4.4767 4.64969 3.46498 4.14645 3.14084 1.24367 0.10651 0.00955859
threshold=0.45300000000000007 3.6665000000000005 0.40833333333333338 2.5190000000000006 0.61250000000000016 0.48200000000000004 1.4565000000000003 343.50000000000006 0.79600000000000015 1.2890000000000004 1.2035000000000002 0.71850000000000003 -8.4999999999999982 5.5000000000000009 26.500000000000004 0.34150000000000008 0.46650000000000008 -0.79649999999999987 2.1275000000000004 2.1715000000000004 346.50000000000006 1.0890000000000002 1.0440000000000003 347.50000000000006 0.27100000000000007 1.4790000000000003 14.500000000000002
decision_type=2 2 2 2 2 2 2 2 2 2 2 2 2 2 2 2 2 2 2 2 2 2 2 2 2 2 2
left_child=1 8 19 4 21 7 -7 -6 9 10 -1 -11 -10 14 15 -5 17 -15 -18 -3 -21 24 -23 -14 -2 -4 -27
right_child=3 2 25 13 5 6 -8 -9 12 11 -12 -13 23 16 -16 -17 18 -19 -20 20 -22 22 -24 -25 -26 26 -28
leaf_value=-0.0028813833470149146 -0.071807717516034306 -0.05826230403075832 0.071262354410966636 -0.012177995894283334 -0.0014675876500237972 -0.030478521132307729 0.014648950939682815 0.0092558502287755293 -0.064369612591458333 -0.041870514225560491 -0.060477781778985086 0.039754721860677827 -0.023635024770233149 0.029713253883737318 -0.059870353574816154 0.0071832750835385097 -0.00052042839707379927 -0.014085849068762361 0.013731322204571903 0.03147150908011518 -0.009755348604364885 -0.019731626635234992 0.027814591679722028 0.045364964970524481 -0.028011341408949016 0.05524845703219107 0.061148070974026206
leaf_weight=917.59414036048111 3.3559501776471725 2.2612911914475289 3.27211570739746 39.696188668254763 174.05858349881601 27.574944579042494 19.101659394800663 505.30430178239476 6.3651878945529452 3.4123778417706516 8.067806161940096 16.64124146476388 7.2384260268881899 12.324163839220999 3.8097561448812476 379.48416629631538 4332.6811136594042 126.10940333083272 59.090159337967634 16.947723633842546 11.466369067318736 22.841821501031522 5.7372227422893038 2.1359140928834677 3.1353579593123868 1.5067449989728632 1.2613095343112943
leaf_count=4386 26 17 19 502 851 131 95 2493 30 18 37 82 73 58 17 2887 20066 571 313 146 84 136 27 26 32 32 10
internal_value=-1.78146e-06 -0.00241819 0.018611 0.000420315 0.00425827 0.00531782 -0.0120108 0.00650841 -0.00322125 -0.00276317 -0.00338338 0.0258652 -0.0307448 -0.000169427 0.00476235 0.00534977 -0.000629912 -0.0101866 -0.000328675 0.00944614 0.0148346 -0.0176769 -0.0101868 -0.00791359 -0.0506537 0.0651556 0.0579367
internal_weight=6712.48 998.171 36.7156 5714.3 761.11 726.039 46.6766 679.363 961.455 945.716 925.662 20.0536 15.7395 4953.19 422.99 419.18 4530.2 138.434 4391.77 30.6754 28.4141 35.0704 28.579 9.37434 6.49131 6.04017 2.76805
internal_count=33165 4960 308 28205 3791 3570 226 3344 4652 4523 4423 100 129 24414 3406 3389 21008 629 20379 247 230 221 163 99 58 61 42
is_linear=0
shrinkage=0.05


Tree=171
num_leaves=26
num_cat=0
split_feature=7 17 5 3 9 5 36 41 27 39 31 1 4 7 42 39 24 22 14 41 4 20 39 24 21
split_gain=2.75493 11.9609 7.71922 10.1782 7.17188 8.08064 6.95715 6.34296 5.58039 4.88197 6.13761 5.75505 4.86882 4.18639 9.58056 5.59279 6.72009 3.66434 6.34727 7.74518 6.19591 6.03029 5.49195 4.45434 1.85262
threshold=0.41300000000000003 0.12750000000000003 -1.2454999999999998 0.90250000000000019 1.4460000000000002 -0.88099999999999989 0.51550000000000018 0.45600000000000007 0.22750000000000004 2.5810000000000008 0.71850000000000003 38.500000000000007 0.71700000000000008 0.40350000000000003 0.24850000000000003 2.6650000000000005 2.3645000000000005 -0.45555555555555544 0.40600000000000008 0.54300000000000015 2.8540000000000005 13.500000000000002 2.5065000000000004 3.0015000000000005 2.5000000000000004
decision_type=2 2 2 2 2 2 2 2 2 2 2 2 2 2 2 2 2 2 2 2 2 2 2 2 2
left_child=13 2 -2 7 5 8 -5 -4 -3 10 -6 -11 -7 17 24 16 -16 18 20 -20 -1 23 -23 -19 -15
right_child=1 4 3 6 9 12 -8 -9 -10 11 -12 -13 -14 14 15 -17 -18 21 19 -21 -22 22 -24 -25 -26
leaf_value=-0.026520708726335242 0.093724088317379842 0.0026691246268483789 -0.068735099017242104 0.036311633848959142 0.017720576325566045 0.038759256275999535 0.0027399153614372446 -0.0042570999719472565 -0.040877238006661251 -0.032379784393336775 -0.016578135205500562 0.026468133887639723 -0.0011137719817275694 0.036624031727174586 -0.041524871436854259 0.048204211963528969 0.020941151774751737 -0.00099310794569685656 0.0056185823242712795 -0.027795628941902489 0.044547143920452531 0.024041315711368878 -0.038815225878673545 0.0022275357859174744 0.082273436847368764
leaf_weight=27.305816579610113 2.8894590064883223 11.102461047004907 4.8596583879552808 33.955001693684608 17.390262766275555 7.8812956690089768 28.289063568226993 17.730828243773431 21.807897726772353 52.596706819254905 52.178690349915996 4.5108930617570868 267.89732075645588 3.9900381192564982 9.2418913617730194 4.8757325857877722 8.0608677342534047 3983.169898416847 633.57799627864733 17.830444826278836 3.4549424536526194 4.3304001688957241 17.594137147068977 1469.7253717526328 5.017427921295166
leaf_count=313 19 64 38 179 105 187 158 113 150 298 272 20 1569 19 46 22 37 18447 3103 89 62 20 79 7732 24
internal_value=-1.66945e-06 -0.00348598 0.0133575 0.0106202 -0.00687985 -0.00276886 0.0210538 -0.0181276 -0.0261867 -0.0168976 -0.00800443 -0.0277314 2.57331e-05 0.000292861 0.018566 0.000904766 -0.0124237 0.000200305 0.0036559 0.00470396 -0.0185386 -0.000230266 -0.0264002 -0.000125044 0.0620521
internal_weight=6711.26 523.09 87.724 84.8346 435.366 308.689 62.2441 22.5905 32.9104 126.677 69.569 57.1076 275.779 6188.17 31.186 22.1785 17.3028 6156.99 682.169 651.408 30.7608 5474.82 21.9245 5452.9 9.00747
internal_count=33165 3172 507 488 2665 1970 337 151 214 695 377 318 1756 29993 148 105 83 29845 3567 3192 375 26278 99 26179 43
is_linear=0
shrinkage=0.05


Tree=172
num_leaves=23
num_cat=0
split_feature=13 22 24 31 39 15 27 5 15 4 24 1 40 19 29 26 26 24 3 21 40 1
split_gain=2.69951 5.06896 4.81324 4.12714 4.73531 3.92388 5.84324 6.43275 4.8077 4.13921 3.7377 3.67156 3.31016 2.95154 2.94524 1.92706 0.929108 0.16955 0.0149233 0.00351271 0.00151683 0.000239007
threshold=0.50850000000000006 -0.066666666666666638 4.8335000000000008 0.61650000000000016 2.6930000000000005 -1.6199999999999999 0.21000000000000002 0.68600000000000005 -1.5109999999999999 1.0000000180025095e-35 3.4190000000000005 48.500000000000007 0.69800000000000006 1.0000000180025095e-35 2.8895000000000004 0.6695000000000001 0.29350000000000004 2.6665000000000005 0.98350000000000015 5.5000000000000009 0.71500000000000008 3.5000000000000004
decision_type=2 2 2 2 2 2 2 2 2 2 2 2 2 2 2 2 2 2 2 2 2 2
left_child=1 16 5 4 13 6 14 -8 10 -10 -7 12 -5 -3 -2 19 -1 18 -18 21 -21 -4
right_child=2 3 15 11 -6 8 7 -9 9 -11 -12 -13 -14 -15 -16 -17 17 -19 -20 20 -22 -23
leaf_value=-0.013443898708670616 0.043727712372153921 0.0090253419091311411 0.050561979320021648 0.019421589811152346 0.042735729758140661 -0.0074534793792885336 -0.04962726058026825 0.029224402023356078 -0.042989986237687766 0.00017996687232476181 0.055949206978562482 -0.061244805835626387 -0.0035452810195872181 -0.046725948353339444 -0.019622396673448582 -0.010677800145390338 -0.053828213032324629 -0.078543180056044354 -0.060721045539207631 0.054857478600011278 0.052735815557430676 0.051544050161430981
leaf_weight=1.1919859303161491 4.3806389030069139 2.9040265851654139 1.0820358621422195 17.644519279594533 2.1360105173662296 3.5316842347383481 14.381761491298677 3.1536988392472258 5.5573420794680706 6474.8043633410707 6.8004378899931908 2.5697987824678412 141.53197680675657 13.006801795912905 3.156870499253273 1.5036663548089562 1.7296663303859534 1.2762092947959898 1.4381645275279877 1.3811185993254187 2.1597565300762653 1.44941711705178
leaf_count=37 29 26 126 148 18 16 75 22 58 30948 39 11 1229 130 20 34 48 6 15 19 51 60
internal_value=-1.76796e-06 -0.00595067 0.000167333 -0.00448701 -0.0271661 0.000121021 -0.0196208 -0.035446 0.000197282 0.000142946 0.0342772 -0.0019566 -0.000999432 -0.0365503 0.0171953 0.0399979 -0.0526424 -0.0631563 -0.0569575 0.0525466 0.0535634 0.0511243
internal_weight=6708.77 185.429 6523.34 179.793 18.0468 6515.77 25.073 17.5355 6490.69 6480.36 10.3321 161.746 159.176 15.9108 7.53751 7.57599 5.63603 4.44404 3.16783 6.07233 3.54088 2.53145
internal_count=33165 1668 31497 1562 174 31207 146 97 31061 31006 55 1388 1377 156 49 290 106 69 63 256 70 186
is_linear=0
shrinkage=0.05


Tree=173
num_leaves=29
num_cat=0
split_feature=28 22 2 59 24 3 44 43 21 15 31 28 24 13 16 19 14 13 10 23 23 17 30 39 28 11 28 59
split_gain=2.78204 8.60343 9.82205 6.4654 7.29984 6.42346 8.05588 6.13879 7.9833 5.95732 5.86478 5.57438 6.61839 6.13412 6.24882 5.84362 13.129 7.04838 5.36914 5.26096 6.19645 5.18046 5.00264 4.85003 4.43787 10.1422 6.12208 4.1933
threshold=0.25850000000000006 0.15000000000000002 7.5000000000000009 4.5000000000000009 3.2415000000000007 1.1015000000000004 0.50700000000000012 0.72250000000000003 23.500000000000004 -0.56099999999999994 0.83450000000000013 0.26300000000000007 2.1665000000000005 0.7875000000000002 0.36200000000000004 0.95600000000000007 1.3690000000000004 0.92450000000000021 9.5000000000000018 0.93300000000000038 0.68750000000000011 0.19600000000000004 1.5665000000000002 2.6145000000000005 0.23750000000000002 37.500000000000007 0.21850000000000003 4.5000000000000009
decision_type=2 2 2 2 2 2 2 2 2 2 2 2 2 2 2 2 2 2 2 2 2 2 2 2 2 2 2 2
left_child=1 2 3 4 -1 6 21 8 -4 -9 -5 12 -2 14 18 16 -15 -17 -13 20 -14 -3 -8 -21 26 -26 -7 -16
right_child=11 5 7 10 -6 24 22 9 -10 -11 -12 13 19 15 27 17 -18 -19 -20 23 -22 -23 -24 -25 25 -27 -28 -29
leaf_value=0.00081789663709872407 -0.045911166592482899 -0.004656571743669363 0.0020852044880081506 0.013349156526112191 -0.059113947104199753 0.0015775994551531025 0.0024757140685901209 -0.0039952886985029495 -0.050945976495927262 -0.017548502235247097 0.069887992839026553 0.039259883223074873 0.014764751812426542 0.036585606154786454 -0.0048152180849858305 -0.0097836792040927097 0.0039090300410631997 0.00074676474732867607 -0.0057061218607219839 0.011389998798769414 0.056381499734033197 -0.034830325668493985 0.0672817569478871 -0.067186060403501294 -0.0049787089643552364 -0.07982862497439415 0.016289007871523781 -0.065494373753895371
leaf_weight=38.110618069244083 4.4873107203748068 24.427383689209819 136.16560017317533 55.598170985584147 5.8624434168450525 946.6649411036633 14.281131033785643 123.34229282662272 7.4869696646928778 236.62023674324155 4.9990844801068297 6.7778317764750673 63.325606439262629 33.607709586620331 4.6944388668052834 165.60651115700603 360.20575492898934 3926.499978529755 323.14069301192649 4.6280637821182591 10.415418565273283 34.058219340979122 3.7624230515211812 3.4113892409950495 81.137226864695549 4.7931057065725318 76.427327165845782 7.2356389220803976
leaf_count=342 35 154 624 304 57 4665 94 572 33 1100 27 89 284 160 71 809 1842 18678 2072 30 49 199 23 20 396 21 362 53
internal_value=-1.66368e-06 -0.00168706 -0.00652175 0.00742259 -0.00717216 0.000793124 -0.0132173 -0.00941715 -0.000678706 -0.0129045 0.0180134 0.000613545 0.0132114 0.000388433 -0.00606784 0.000880431 0.00669762 0.0003206 -0.00478234 0.0164555 0.0206428 -0.0222278 0.015989 -0.0219523 0.00175993 -0.00915376 0.00267658 -0.0416174
internal_weight=6707.77 1793.74 608.185 104.57 43.9731 1185.55 76.5292 503.615 143.653 359.963 60.5973 4914.04 86.2678 4827.77 341.849 4485.92 393.813 4092.11 329.919 81.7805 73.741 58.4856 18.0436 8.03945 1109.02 85.9303 1023.09 11.9301
internal_count=33165 8973 3059 730 399 5914 470 2329 657 1672 331 24192 418 23774 2285 21489 2002 19487 2161 383 333 353 117 50 5444 417 5027 124
is_linear=0
shrinkage=0.05


Tree=174
num_leaves=25
num_cat=0
split_feature=14 44 7 22 19 41 4 31 27 31 14 0 18 29 43 1 21 27 22 18 18 21 20 43
split_gain=2.66035 5.19009 6.40054 6.32253 4.86289 7.85077 4.38723 4.69362 4.02991 3.91227 7.02695 4.89154 5.87465 3.54777 8.74986 4.64707 3.10873 8.29048 8.05956 5.79651 4.41684 6.97426 6.86023 1.4417
threshold=0.60350000000000004 0.51900000000000013 0.29800000000000004 -0.25833333333333325 2.6285000000000003 0.44800000000000006 1.1090000000000002 0.65350000000000008 0.16050000000000003 0.7875000000000002 0.46900000000000003 14.500000000000002 0.78888888888888908 3.0410000000000004 0.72250000000000003 24.500000000000004 -28.499999999999996 0.22850000000000004 -0.29999999999999988 0.63333333333333341 0.59166666666666679 17.500000000000004 12.500000000000002 0.7875000000000002
decision_type=2 2 2 2 2 2 2 2 2 2 2 2 2 2 2 2 2 2 2 2 2 2 2 2
left_child=1 2 13 8 16 -6 -7 -8 -4 11 -11 12 -3 15 -15 -1 17 19 -19 -2 22 -22 -18 -5
right_child=4 9 3 23 5 6 7 -9 -10 10 -12 -13 -14 14 -16 -17 20 18 -20 -21 21 -23 -24 -25
leaf_value=-0.0012851264738289612 0.0050729720761250709 -0.012557933077887837 -0.068652146676906028 -0.055649385481652131 -0.055095411781642428 -0.0095534354505579649 -0.046997705568301282 0.050865783245920504 -0.0084143226308792795 0.037779617543475814 -0.10212031750764183 0.069489355908248798 0.057752161774294111 0.086462890484309773 -0.0038190277498414854 -0.03507076633913811 -0.0004976463425994072 0.036665475797499424 -0.032864915034851144 -0.026354908504043012 0.0026562512698567985 -0.024408430923341159 -0.033634719041952546 -0.0070335821554603425
leaf_weight=99.367808574344963 20.685541599988937 8.8261747934157082 2.9739825231954446 13.169627450697588 2.9305203105323043 4.9870701283216503 1.3243052349425877 16.371453755302355 41.810802024556324 1.8462329944595688 1.7468240158632395 4.9128174912184468 4.4782814262434831 3.8184620998799792 9.0310061471536738 11.33924191072583 4540.7948258752003 15.749208822846414 5.6675787270069113 50.463886447250843 1801.9663293473423 24.121676467359066 15.67280377447605 1.7246741792187084
leaf_count=755 89 83 20 208 37 23 20 244 281 26 14 38 37 22 66 62 22375 68 25 216 8253 107 69 27
internal_value=-1.75315e-06 -0.00560927 -0.00835374 -0.0217998 0.000175119 0.0219185 0.0318683 0.0435419 -0.0124145 0.0174479 -0.030235 0.0268526 0.0111085 -0.00185915 0.0230099 -0.00474564 8.91098e-05 -0.00900811 0.0182655 -0.0172178 0.000221047 0.00229874 -0.000611627 -0.05002
internal_weight=6705.78 205.046 183.236 59.6791 6500.74 25.6133 22.6828 17.6958 44.7848 21.8103 3.59306 18.2173 13.3045 123.557 12.8495 110.707 6475.12 92.5662 21.4168 71.1494 6382.56 1826.09 4556.47 14.8943
internal_count=33165 1639 1441 536 31526 324 287 264 301 198 40 158 120 905 88 817 31202 398 93 305 30804 8360 22444 235
is_linear=0
shrinkage=0.05


Tree=175
num_leaves=31
num_cat=0
split_feature=14 22 8 6 18 23 39 20 39 14 4 8 39 18 18 18 37 39 16 5 40 26 24 6 8 24 39 41 0 17
split_gain=2.61412 4.70596 10.2124 6.45372 9.12438 6.92406 5.94289 7.04972 8.10739 5.99986 4.49508 4.50998 4.31203 4.27425 6.75769 9.83525 11.3843 10.5008 9.72867 6.33686 6.09034 5.82912 5.66839 5.21066 4.73902 4.56465 4.08986 4.06434 2.18995 0.83328
threshold=1.2155000000000002 -0.23611111111111102 0.14999999999999999 0.12250000000000001 0.18333333333333332 -1.1654999999999998 2.5845000000000007 4.5000000000000009 2.5810000000000008 1.1275000000000002 0.87750000000000006 0.40833333333333338 2.5995000000000004 0.59166666666666679 0.70000000000000007 0.78888888888888908 0.49250000000000005 2.6105000000000005 0.36900000000000005 0.7380000000000001 0.79000000000000015 0.11650000000000002 1.7475000000000003 0.15200000000000002 1.0000000180025095e-35 3.2855000000000003 2.6480000000000001 0.50700000000000012 13.500000000000002 0.31700000000000006
decision_type=2 2 2 2 2 2 2 2 2 2 2 2 2 2 2 2 2 2 2 2 2 2 2 2 2 2 2 2 2 2
left_child=1 6 12 4 -4 -5 7 9 -9 -1 27 -12 28 20 18 16 -16 -17 19 -15 22 -20 29 -22 -24 -25 -14 -8 -3 -2
right_child=13 2 3 5 -6 -7 10 8 -10 -11 11 -13 26 14 15 17 -18 -19 21 -21 23 -23 24 25 -26 -27 -28 -29 -30 -31
leaf_value=0.019498486706182358 -0.06343637440493767 -0.027918426237266494 0.093268936438682573 0.022730896062498396 -0.032800605564409085 -0.0023876932923244843 -0.0077688000206557863 0.00090218611671022831 0.040806615551803017 -0.01070688463797209 -0.0033795631724111925 0.010083537987580823 0.029711207581930601 0.002134272057657097 -0.044656247055019527 -0.007529806140108764 0.0010607474575461133 0.025677301670656422 -0.0295470134464999 -0.027118393905895006 -0.058004883631575244 0.015024757680307827 0.021769981080446157 -0.01724341189516175 0.00046257903924363061 0.0066567131235220831 -0.046900869391851591 -0.060511571662225962 -0.077991011793819245 -0.024140814421985138
leaf_weight=111.04331199731678 3.6442524013109496 3.1959296502172965 1.5164549974724675 27.88561294041574 26.797059911827091 1699.0444954634877 8.9590768897905928 481.83651674678549 13.073915001004933 19.297479972243309 483.00792084541172 71.400290923193097 3.2741566598415366 115.80751276016235 26.421037621796131 61.701153452973813 28.09993663802743 38.763205030234531 7.5460654422640792 22.036013059318066 5.8432975700125089 262.75064110476524 26.32110502012074 59.950661562383175 3046.4765852615237 29.96236140653491 3.7226994037628174 6.1668265382759264 6.8936523757874966 2.1421040548011661
leaf_count=536 32 22 28 134 374 8248 67 2461 66 89 2394 332 18 514 130 314 129 200 35 101 34 1280 143 262 14918 176 23 39 41 25
internal_value=-1.76726e-06 -0.00110984 -0.00274477 -0.0023703 -0.0260484 -0.00198209 0.0013154 0.00468095 0.00195633 0.0150265 -0.00237941 -0.0016457 -0.0412132 0.000877915 0.00489245 -0.003996 -0.0210939 0.00528284 0.00826771 -0.00254213 0.000165739 0.0137804 0.000551993 -0.0122524 0.000645095 -0.009279 -0.0110505 -0.029272 -0.0621302 -0.0488892
internal_weight=6704.58 2967.12 1772.33 1755.24 28.3135 1726.93 1194.79 625.251 494.91 130.341 569.534 554.408 17.0864 3737.47 563.126 154.985 54.521 100.464 408.14 137.844 3174.34 270.297 3078.58 95.7563 3072.8 89.913 6.99686 15.1259 10.0896 5.78636
internal_count=33165 14872 8888 8784 402 8382 5984 3152 2527 625 2832 2726 104 18293 2703 773 259 514 1930 615 15590 1315 15118 472 15061 438 41 106 63 57
is_linear=0
shrinkage=0.05


Tree=176
num_leaves=29
num_cat=0
split_feature=42 59 1 26 36 1 24 36 1 7 28 41 42 11 17 4 40 1 15 32 40 23 40 9 14 42 33 5
split_gain=2.59016 4.69557 6.32752 13.9525 7.44284 6.59845 5.38746 4.50947 4.30691 4.01896 4.01396 3.20724 5.85985 7.16068 8.18439 5.82343 5.71344 6.73303 6.5546 5.96114 6.22966 5.82832 5.67762 4.89934 4.71371 3.18778 2.75653 1.34453
threshold=0.32150000000000006 8.5000000000000018 33.500000000000007 0.56050000000000011 0.39600000000000007 38.500000000000007 3.4910000000000001 0.46550000000000008 30.500000000000004 0.20750000000000002 0.46900000000000003 0.50700000000000012 0.28850000000000003 14.500000000000002 0.41050000000000003 2.5145000000000004 0.76050000000000006 20.500000000000004 -0.56899999999999984 0.37750000000000006 0.72400000000000009 0.87550000000000006 0.72950000000000015 2.3190000000000004 0.40600000000000008 0.23100000000000004 0.13900000000000004 0.19600000000000004
decision_type=2 2 2 2 2 2 2 2 2 2 2 2 2 2 2 2 2 2 2 2 2 2 2 2 2 2 2 2
left_child=11 6 4 5 26 -4 10 -8 -6 -5 27 12 15 22 -15 24 19 23 -19 20 -13 -21 -14 -18 -1 -17 -3 -2
right_child=1 2 3 9 8 -7 7 -9 -10 -11 -12 16 13 14 -16 25 17 18 -20 21 -22 -23 -24 -25 -26 -27 -28 -29
leaf_value=-0.016627727021381582 -0.044200458493056462 -0.0038848001610230325 -0.09401327561385657 -0.0051417429740212815 0.0069968190347749551 -0.028888054925172608 0.070738098999132429 -0.020779192154316874 0.056168518023961903 0.055835265688227768 -0.010183339409925954 -0.0040721778966813123 -0.022483370391546492 -2.8546708803487262e-05 -0.040414417163715993 -0.030530175728757852 -0.0077132657085250689 -0.0091918074700201424 0.0084292862764536996 0.0018534140837633589 0.024373747879671417 0.017430912057844691 -0.0039899993664301971 0.024899607735782849 0.00017897863286178803 0.032860882395952966 -0.05342442531897687 -0.079638652392208673
leaf_weight=42.096942264062818 6.0645510270260328 4.7878263592720014 5.8912751674652162 6.3311683312058431 67.479924760758877 11.446102514863012 2.2087194113992146 3.4462959417141974 4.7678759023547164 4.7143771350383759 6.5101476934505618 26.264537108130753 90.082605613919441 352.34335661679506 13.008051075041292 2.213798264507207 294.97900274512358 69.473756270483136 219.54936762154102 558.3609498377773 72.036393922986463 67.282147007063031 76.958605221007019 11.98378571635112 4651.5960003868677 19.041753189871088 6.7905941903591156 4.7908623865805566
leaf_count=509 39 26 25 31 315 54 17 39 23 21 39 130 526 1563 62 26 1535 320 983 2657 377 412 446 118 22596 217 33 26
internal_value=-1.83899e-06 -0.00685154 -0.00263145 -0.0230363 0.00427749 -0.0510177 -0.0274215 0.0149654 0.0102418 0.020884 -0.0412246 0.000139206 -0.000414971 -0.00538737 -0.00146645 0.000146492 0.00234232 -0.00128326 0.00419363 0.00532708 0.0167734 0.00352863 -0.0139632 -0.00644006 2.82421e-05 0.0262586 -0.0329392 -0.0598405
internal_weight=6702.5 135.23 112.209 28.3829 83.8262 17.3374 23.0206 5.65502 72.2478 11.0455 17.3656 6567.27 5247.34 532.393 365.351 4714.95 1319.93 595.986 289.023 723.944 98.3009 625.643 167.041 306.963 4693.69 21.2556 11.5784 10.8554
internal_count=33165 688 528 131 397 79 160 56 338 52 104 32477 25945 2597 1625 23348 6532 2956 1303 3576 507 3069 972 1653 23105 243 59 65
is_linear=0
shrinkage=0.05


Tree=177
num_leaves=19
num_cat=0
split_feature=4 11 17 1 26 23 9 32 1 40 42 25 42 28 40 44 7 28
split_gain=2.64123 7.11279 6.59417 5.76762 5.75617 9.63317 7.61976 5.37546 6.56662 8.35435 5.65451 5.57833 5.20227 4.92586 2.59587 0.485277 0.237585 0.0349839
threshold=1.4790000000000003 61.500000000000007 0.84500000000000008 41.500000000000007 0.38050000000000006 0.46699999999999992 1.8685000000000003 0.32200000000000006 32.500000000000007 0.71350000000000013 0.22750000000000004 345.50000000000006 0.26000000000000006 0.56850000000000012 0.74900000000000011 0.5445000000000001 0.37250000000000005 0.12450000000000001
decision_type=2 2 2 2 2 2 2 2 2 2 2 2 2 2 2 2 2 2
left_child=2 3 7 4 5 -2 -6 8 9 -1 11 -9 -10 -12 -5 16 -4 -18
right_child=1 -3 15 14 6 -7 -8 10 12 -11 13 -13 -14 -15 -16 -17 17 -19
leaf_value=-0.038646599719475726 0.0020461892578314219 -0.063003669272490792 -0.075545173206325325 0.065979631186276477 -0.0041942549000185819 0.020742304086752161 0.039221690791637863 -0.0004423972295466236 -0.009653860288372779 -0.0078729374324422331 -0.0002570599538601428 0.010836974179469088 0.031469342927544795 -0.0059651340649832588 0.013054279165622788 -0.0090116215086983916 -0.031973233759829037 -0.052870111804795755
leaf_weight=27.567180269863456 1510.5451526576653 4.2686321288347235 1.4314161166548718 4.8906425535678846 483.13388382643461 72.190693296957761 10.32198858540505 222.26059866184369 14.941417194902899 110.28379176277667 3576.327372902655 216.28535453509539 15.847552835941313 422.62166985776275 4.4023604393005371 0.55545939248986531 0.21173846803139929 3.7021547718904912
leaf_count=183 7251 18 10 22 2443 414 113 1089 77 661 17455 1049 79 2037 21 20 5 218
internal_value=-1.73839e-06 0.00147287 -0.000669896 0.00160484 0.00142892 0.00289894 -0.00328609 -0.000602227 -0.00936412 -0.014027 -0.000269245 0.00512045 0.0115129 -0.000860307 0.0409074 -0.0534923 -0.0581145 -0.0517396
internal_weight=6701.79 2089.75 4612.04 2085.48 2076.19 1582.74 493.456 4606.13 168.64 137.851 4437.49 438.546 30.789 3998.95 9.293 5.90077 5.34531 3.91389
internal_count=33165 10282 22883 10264 10221 7665 2556 22630 1000 844 21630 2138 156 19492 43 253 233 223
is_linear=0
shrinkage=0.05


Tree=178
num_leaves=24
num_cat=0
split_feature=4 44 59 4 41 4 4 9 9 11 18 29 1 36 30 13 44 22 10 15 16 30 25
split_gain=2.60618 6.26084 5.78533 9.5583 9.31933 6.31116 6.35291 5.91194 5.15793 4.51989 8.10679 8.66852 4.08422 3.99796 5.07789 3.04576 6.43329 4.46408 2.88881 4.44713 4.02181 2.14269 2.10689
threshold=0.72900000000000009 0.42400000000000004 21.500000000000004 0.67300000000000015 0.45300000000000007 0.54750000000000021 0.64500000000000013 1.5400000000000003 2.4460000000000002 7.5000000000000009 0.14999999999999999 2.7665000000000002 64.500000000000014 0.52250000000000008 1.5645000000000002 0.59200000000000008 0.51150000000000018 0.36666666666666664 7.5000000000000009 -0.25449999999999995 0.28300000000000008 1.5100000000000002 342.50000000000006
decision_type=2 2 2 2 2 2 2 2 2 2 2 2 2 2 2 2 2 2 2 2 2 2 2
left_child=1 18 3 7 -5 -4 -7 -3 12 10 22 -12 15 21 -15 16 -2 -17 -1 20 -20 -11 -10
right_child=8 2 5 4 -6 6 -8 -9 9 13 11 -13 -14 14 -16 17 -18 -19 19 -21 -22 -23 -24
leaf_value=0.060888850275778388 -0.0015400661932966882 0.018829385214935792 0.060639133836284193 -0.072602266801588197 -0.017009452221011055 -0.021223152752555069 0.017138133133967899 -0.0055172080234134491 -0.021479911232053294 0.08379857408722971 -0.049591128360254651 0.028175157025961368 -0.043888838346607201 -0.022906310504067811 0.041828794010457249 -0.00016599720536322309 -0.024252412208529434 0.0037921559680896763 -0.002259169623257284 -0.038176264676199868 0.083447386190030309 0.036770385388226461 0.050003248213825228
leaf_weight=4.8573554977774611 164.18641874170862 27.273258741712198 5.6218850883888072 8.8011568337678892 52.548069778829813 15.956246279180048 33.350404873490334 290.71895646967459 1.1940234466455892 4.2148130163550395 9.4768536682240647 5.7623620489612213 5.2631292790174475 5.2909438423812372 7.0868740137666464 5172.5168487541378 38.486428007483482 826.1073252139613 2.8614295858424148 2.8586815724847829 2.623966047540307 5.6942549459636211 7.5406107094604522
leaf_count=25 1017 354 28 44 261 74 149 1921 32 20 67 48 24 27 41 24634 221 3860 28 16 14 32 228
internal_value=-1.75954e-06 -0.00368798 -0.00471916 -0.00691518 -0.0249848 0.0104468 0.00472394 -0.00342907 0.000262038 0.0168957 0.00182679 -0.0201856 0.000138058 0.0331053 0.0141575 0.000175424 -0.00585301 0.000379104 0.0302334 0.0123878 0.038739 0.0567738 0.0402315
internal_weight=6700.29 447.471 434.27 379.341 61.3492 54.9285 49.3067 317.992 6252.82 46.2607 23.9738 15.2392 6206.56 22.2869 12.3778 6201.3 202.673 5998.62 13.2014 8.34408 5.4854 9.90907 8.73463
internal_count=33165 2914 2831 2580 305 251 223 2275 30251 495 375 115 29756 120 68 29732 1238 28494 83 58 42 52 260
is_linear=0
shrinkage=0.05


Tree=179
num_leaves=30
num_cat=0
split_feature=41 24 22 6 30 27 9 24 13 26 39 34 22 36 36 44 11 24 30 13 7 4 9 22 28 25 27 23 24
split_gain=2.49925 5.98768 6.62112 7.72012 5.06674 9.7364 8.46589 6.83929 6.27245 5.22332 4.59085 6.26898 9.31547 9.63698 5.93247 8.22232 5.87239 5.29543 5.01149 6.56634 8.2353 6.35075 5.62583 8.01312 7.1332 4.5129 2.40613 0.0630073 0.00651889
threshold=0.45300000000000007 3.6665000000000005 0.25833333333333336 0.63100000000000012 1.4685000000000004 0.29550000000000004 2.2890000000000001 2.1775000000000007 1.8595000000000004 0.56850000000000012 2.5190000000000006 0.62450000000000017 0.15000000000000002 0.38850000000000007 0.42650000000000005 0.44800000000000006 56.500000000000007 2.4300000000000006 1.4890000000000001 1.1835000000000002 0.52300000000000013 0.94850000000000001 1.5690000000000002 0.23611111111111108 0.55750000000000022 346.50000000000006 0.23550000000000001 0.72450000000000003 3.7780000000000009
decision_type=2 2 2 2 2 2 2 2 2 2 2 2 2 2 2 2 2 2 2 2 2 2 2 2 2 2 2 2 2
left_child=1 4 27 25 6 9 8 -7 -1 -6 11 14 13 -13 15 -2 -16 -14 22 20 -20 -21 23 -12 -24 -4 -5 28 -3
right_child=10 2 3 26 5 7 -8 -9 -10 -11 18 12 17 -15 16 -17 -18 -19 19 21 -22 -23 24 -25 -26 -27 -28 -29 -30
leaf_value=-0.0059341407778810661 -0.016610558968820341 0.060131963144376938 0.008056110426029427 0.016987496089286382 0.00045510845890709784 -0.018775163481599567 -0.074912191341224954 0.044541657050497618 -0.045003299414274611 -0.011183232864801947 0.0017100774034551039 -0.015369856362514029 -0.055878499802832909 0.025431982069208627 0.0033560766111855505 0.026424626959639992 0.043931970679536879 -0.01191210191928318 -0.0043396544197610316 -0.0060720969185189839 -0.043168793587225335 0.0014690513255756713 -0.0016891086125364581 0.011542509632429851 -0.042434283471868735 -0.050167984953160362 0.057586605183449095 0.067440720098719084 0.055156461638094151
leaf_weight=295.34701807860984 13.490948023274539 1.2107887379825109 6.7593095609918254 10.810970789752902 505.33885311440099 5.4969515260309008 4.6999575924128285 19.029179997742176 10.643496964126824 119.13375801738584 1223.2990534076234 32.920616274292115 12.993596947751941 25.823819385375828 588.21923475421499 62.602719994494691 9.0542497634887678 14.481228958815334 932.87351965869311 337.50784245319664 13.858234727638772 1615.5700223869644 560.17108626710251 249.47235725214705 10.951674387790261 6.5560143403708935 5.5091370458248994 3.8494415525346994 1.4427923448383806
leaf_count=1504 72 10 48 96 2395 33 32 85 58 545 6125 202 84 145 2866 308 40 74 4734 1596 170 7748 2827 1150 64 36 62 24 32
internal_value=-1.64284e-06 -0.00231284 0.0176668 0.00764138 -0.0030652 -0.000551513 -0.00831602 0.0303507 -0.00729311 -0.0017652 0.000401905 0.00402093 -0.00867322 0.00256647 0.00564631 0.0187947 0.00397118 -0.032705 -0.000154148 -0.00149066 -0.00490803 0.000165879 0.00174205 0.00337559 -0.00247043 -0.0206115 0.0306924 0.0633545 0.0574267
internal_weight=6699.12 995.828 36.1385 29.6354 959.689 648.999 310.69 24.5261 305.991 624.473 5703.29 759.586 86.2193 58.7444 673.367 76.0937 597.273 27.4748 4943.7 2899.81 946.732 1953.08 2043.89 1472.77 571.123 13.3153 16.3201 6.50302 2.65358
internal_count=33165 4960 308 242 4652 3058 1594 118 1562 2940 28205 3791 505 347 3286 380 2906 158 24414 14248 4904 9344 10166 7275 2891 84 158 66 42
is_linear=0
shrinkage=0.05


Tree=180
num_leaves=24
num_cat=0
split_feature=36 17 16 3 3 1 24 32 4 42 32 1 24 1 41 24 15 5 27 30 19 9 9
split_gain=2.49549 5.68321 7.58226 8.59936 7.29169 8.42899 5.04151 2.82747 6.26365 8.12932 8.22919 6.20997 8.67383 7.64479 5.20423 3.99269 5.85449 4.94728 5.54302 4.69163 4.02971 3.46326 1.76007
threshold=0.32300000000000006 0.21550000000000002 0.26000000000000006 0.9425 0.62750000000000006 31.500000000000004 1.8025000000000002 0.39650000000000007 1.3020000000000003 0.22300000000000003 0.38850000000000007 23.500000000000004 1.7475000000000003 32.500000000000007 0.46450000000000008 4.3335000000000008 -1.6199999999999999 0.69400000000000006 0.22950000000000004 1.4260000000000004 0.20700000000000005 2.1590000000000003 1.3270000000000002
decision_type=2 2 2 2 2 2 2 2 2 2 2 2 2 2 2 2 2 2 2 2 2 2 2
left_child=1 2 22 -4 -3 6 -6 8 9 10 -2 12 -10 -13 -11 16 19 18 -17 -9 -18 -19 -1
right_child=7 4 3 -5 5 -7 -8 15 11 14 -12 13 -14 -15 -16 17 20 21 -20 -21 -22 -23 -24
leaf_value=-0.075904272779230536 0.022130419986496886 -0.042140723576126804 -0.028677462989821607 0.05077705204280223 -0.0044853572898345892 -0.033112986570212687 0.057752262177704419 0.032563525824002369 -0.014015911307016416 -0.017474144236625862 -0.026927239004177553 -0.013777371260587926 0.0058633309697876355 0.013720825015448128 -0.005251256270994601 0.0068322973160614186 0.021174921632140513 0.049741617242805528 -0.11305303162546675 -0.028231570882803359 0.00035060938376470707 0.013321339274258444 -0.026123367507746978
leaf_weight=3.5242828205227879 44.135875259409659 3.5324026825837818 6.5117951780557615 7.1386087387800217 3.9723221464082661 3.9183179512619963 17.989474385976791 3.5844555022195008 61.920786563307047 107.15847725747153 10.601760505465789 117.97726521641016 482.03283533919603 32.166729778051376 464.91869153210428 2.8957090643234542 23.334745151456445 9.1694618030451256 1.4454586126375941 27.67362264264375 5236.5307124356623 22.653555301716551 3.5785315199755132
leaf_count=20 255 24 37 32 26 21 92 25 387 627 60 524 2328 137 2593 41 293 157 35 212 24787 430 22
internal_value=-1.67434e-06 0.0111083 -0.0089266 0.012874 0.0252447 0.0344422 0.0464951 -8.55074e-05 -0.00215628 -0.00577944 0.0126288 0.00111566 0.00360038 -0.00788618 -0.00754078 0.000427946 0.00031478 0.016985 -0.0330854 -0.02126 0.000442994 0.0238155 -0.0508237
internal_weight=6698.37 50.1657 20.7532 13.6504 29.4125 25.8801 21.9618 6648.2 1320.91 626.815 54.7376 694.098 543.954 150.144 572.077 5327.29 5291.12 36.1642 4.34117 31.2581 5259.87 31.823 7.10281
internal_count=33165 274 111 69 163 139 118 32891 6911 3535 315 3376 2715 661 3220 25980 25317 663 76 237 25080 587 42
is_linear=0
shrinkage=0.05


Tree=181
num_leaves=26
num_cat=0
split_feature=13 24 22 20 32 5 24 17 5 43 27 2 16 1 29 9 1 44 33 35 28 43 24 40 29
split_gain=2.43243 3.11305 2.6124 8.04315 10.1045 9.25064 8.01909 6.44329 7.95738 13.1779 6.10068 7.1225 6.0966 6.0768 5.62639 5.07186 2.02389 1.46402 3.5819 1.20342 0.585207 0.54398 0.0082473 0.000206173 9.27529e-06
threshold=1.0000000180025095e-35 4.3335000000000008 0.25833333333333336 -8.4999999999999982 0.63600000000000012 -0.040999999999999995 4.0015000000000009 0.18050000000000002 0.40350000000000003 0.67850000000000021 0.16050000000000003 26.500000000000004 0.060500000000000005 10.500000000000002 3.2355000000000005 1.6545000000000003 5.5000000000000009 0.49550000000000005 0.16250000000000003 0.67600000000000016 0.12250000000000001 0.78500000000000014 4.1465000000000014 0.72400000000000009 2.4050000000000002
decision_type=2 2 2 2 2 2 2 2 2 2 2 2 2 2 2 2 2 2 2 2 2 2 2 2 2
left_child=1 17 3 4 5 -2 12 10 9 -9 15 -12 -5 -10 -6 -4 23 20 -19 -20 -1 -22 -8 -3 -25
right_child=2 16 7 6 14 -7 22 8 13 -11 11 -13 -14 -15 -16 -17 -18 18 19 -21 21 -23 -24 24 -26
leaf_value=0.0059764314751494267 -0.087275638048056006 0.051868697927633961 0.024034109467269225 -0.017362583890324201 -0.10278038278334695 -0.0065127328696964644 0.059240329611513924 -0.056676240103422197 -0.013988956056687631 0.0089313189405535575 -1.5467808797046931e-05 -0.01960361596197999 -7.4400745156165415e-05 0.0015915261850378678 -0.0250597082395012 -0.042053932009074362 -0.013472678920650478 0.057068389775389944 0.027061919631008919 -0.055935237171633692 -0.054231176128564811 -0.0046899531007168517 0.054772317951583098 0.051077675979936725 0.050767849282620126
leaf_weight=0.50104694673791694 3.631390679627656 1.0688040563836687 3.5363028272986439 51.569968822994269 4.4369709491729719 150.05637116357684 1.2937058564275492 7.7609864696860305 68.690042491536587 554.3502232991159 478.02658532350324 51.396859109401703 4574.9244444270153 703.84925964288414 4.9004687704145908 16.213078550994396 2.7947239316999912 1.3704381762072442 0.53386148356366936 2.4008879315224476 6.4178469303296879 0.60646235360763956 5.1215652336832136 0.3798473887145517 0.66353675257414579
leaf_count=7 17 36 19 517 20 671 11 35 450 2537 2631 229 22014 3256 26 87 18 19 19 114 232 29 106 19 46
internal_value=-1.73192e-06 -0.0190389 4.59694e-05 -0.000573747 -0.0114893 -0.00842103 -0.000189645 0.00162368 0.00349942 0.00802549 -0.00293494 -0.0019171 -0.000267106 0.000206193 -0.0619911 -0.0302203 0.0144435 -0.0329262 -0.00967164 -0.0408372 -0.04623 -0.0499539 0.0556733 0.0513806 0.0508806
internal_weight=6696.5 16.7375 6679.76 4795.93 163.025 153.688 4632.91 1883.82 1334.65 562.111 549.173 529.423 4626.49 772.539 9.33744 19.7494 4.90691 11.8305 4.30519 2.93475 7.52536 7.02431 6.41527 2.11219 1.04338
internal_count=33165 539 32626 23382 734 688 22648 9244 6278 2572 2966 2860 22531 3706 46 106 119 420 152 133 268 261 117 101 65
is_linear=0
shrinkage=0.05


Tree=182
num_leaves=28
num_cat=0
split_feature=3 26 31 27 6 6 15 10 6 17 5 27 41 41 28 17 28 16 7 18 11 21 22 20 41 44 18
split_gain=2.44487 6.83928 9.55011 6.4141 10.4559 7.97012 7.00267 7.33573 6.55208 5.33546 4.9067 4.04506 6.80993 6.50363 5.21774 7.40342 5.61249 4.04217 6.14477 5.22334 4.02714 4.09913 6.80556 6.01809 3.94449 5.23525 1.90509
threshold=0.96100000000000008 0.38150000000000006 0.83450000000000013 0.22250000000000003 0.32700000000000007 0.35150000000000003 0.47900000000000004 7.5000000000000009 0.31100000000000005 0.32050000000000006 -0.90699999999999992 0.20250000000000004 0.49150000000000005 0.51650000000000007 0.56500000000000006 0.13150000000000003 0.5525000000000001 0.13150000000000003 0.39650000000000007 0.36666666666666675 60.500000000000007 -24.499999999999996 -0.21111111111111108 13.500000000000002 0.49000000000000005 0.51250000000000007 0.51666666666666672
decision_type=2 2 2 2 2 2 2 2 2 2 2 2 2 2 2 2 2 2 2 2 2 2 2 2 2 2 2
left_child=1 3 17 6 8 -6 7 -1 -5 -8 11 12 26 -14 16 -16 -13 18 -3 -19 21 22 -12 -23 -22 -26 -2
right_child=10 2 -4 4 5 -7 9 -9 -10 -11 20 14 13 -15 15 -17 -18 19 -20 -21 24 23 -24 -25 25 -27 -28
leaf_value=-0.022810242588742452 0.073507397513471504 0.01770092149381022 0.056460749029130244 0.0033696904851050397 -0.029546050961321148 -0.0017315794109999654 0.0025838362356295375 -0.0028087879658082252 0.033167328835318526 -0.014969968682965809 -0.0052257907646095711 0.0088444817181649385 -0.030097769143276745 0.038181169704329311 -0.079049049655138426 -0.0022149700876458035 0.079334891508816119 -0.023660314503803639 -0.037591833043495657 -0.0067733809723190021 0.047307394317160863 0.0003829298211788176 -0.054557907192382488 -0.057914736622397225 -0.019853111213839151 0.038891173970896045 0.035734020554974461
leaf_weight=91.04170748591423 6.046284709125759 23.09927209792659 5.2946065538562825 777.96240016759839 41.910083124414086 66.81513645267114 255.25500831659883 92.334099305502605 18.896377589553595 52.128533509559929 35.293532378971577 71.815324299037457 7.2268624068237823 6.7403467218391597 3.8878903179429498 16.19425180926919 2.9393908251076928 82.133675428107381 6.4215411114855661 103.49003447382711 8.8115627616643923 4884.2710239336593 8.7179643958806974 4.4308834671974173 8.8230992481112462 6.6521714627742758 7.4520125067792833
leaf_count=415 37 147 31 4058 243 391 1212 454 94 250 153 498 59 48 49 84 19 440 112 626 39 23516 37 21 39 29 64
internal_value=-1.59423e-06 -0.00169501 -0.00987968 -0.000402905 0.00209176 -0.0124532 -0.00500623 -0.012739 0.0040763 -0.000393077 0.000537433 0.010431 0.0273281 0.00285253 0.00553753 -0.01709 0.0116162 -0.0115123 0.00567332 -0.0142454 0.000293332 0.000193332 -0.0149977 0.000330092 0.0206036 0.0053986 0.0526538
internal_weight=6696.09 1616.78 220.439 1396.34 905.584 108.725 490.759 183.376 796.859 307.384 5079.3 122.302 27.4655 13.9672 94.8369 20.0821 74.7547 215.145 29.5208 185.624 4957 4932.71 44.0115 4888.7 24.2868 15.4753 13.4983
internal_count=33165 8473 1356 7117 4786 634 2331 869 4152 1462 24692 858 208 107 650 133 517 1325 259 1066 23834 23727 190 23537 107 68 101
is_linear=0
shrinkage=0.05


Tree=183
num_leaves=24
num_cat=0
split_feature=44 30 33 34 5 33 39 40 7 40 11 11 29 41 22 7 2 16 35 4 15 27 18
split_gain=2.39825 4.0601 6.37189 5.86038 5.31445 4.62947 4.39152 3.41817 5.6234 5.57162 7.72089 5.29013 4.1785 5.78801 5.66439 5.31563 9.19942 5.83364 4.9038 2.9494 4.77397 1.74004 1.59499
threshold=0.42400000000000004 1.6565000000000001 0.27550000000000008 0.50550000000000017 0.76800000000000013 0.28700000000000003 2.5270000000000006 0.71500000000000008 0.6795000000000001 0.72750000000000015 11.500000000000002 48.500000000000007 3.0045000000000006 0.41900000000000004 -0.29999999999999988 0.11650000000000001 18.500000000000004 0.81100000000000017 0.60950000000000004 1.4915000000000003 0.65450000000000019 0.22750000000000004 0.4555555555555556
decision_type=2 2 2 2 2 2 2 2 2 2 2 2 2 2 2 2 2 2 2 2 2 2 2
left_child=1 2 3 22 -5 -4 -7 12 9 10 -9 -11 15 18 -15 16 -2 -17 -14 21 -21 -10 -1
right_child=7 -3 5 4 -6 6 -8 8 19 11 -12 -13 13 14 -16 17 -18 -19 -20 20 -22 -23 -24
leaf_value=-0.019087669868840161 -0.0052031616452788663 -0.030839439780465345 0.058187669337709025 -0.00097831938691160004 0.050830580043296505 0.024117300419559468 -0.015363644565255833 0.012280058267833334 -0.011857041780661853 0.00023237720127867887 0.0014835948138647043 -0.0079327953768150699 -0.053842715591878879 -0.0089787089685711401 0.012314522636698572 -0.0015112869020248783 -0.031491141768519006 -0.039859373295272421 0.011793428465064267 0.045017870623346778 -0.0551294914562869 -0.056308523125488244 -0.064839235543196261
leaf_weight=3.7151864971965542 160.41138147353195 6.6888440167531362 7.6640349179506293 49.026702020899393 5.505688768811523 34.348616239149123 8.8601871225982887 221.40731188189238 3.0636606016778369 3964.5891756435158 656.89755817875266 208.81832349300385 7.4180168341845256 41.084440542384982 130.24929723667447 1111.6046317275614 41.992267809808254 10.006539845839141 4.6167574562132359 2.8336752967443308 2.0514947846531868 7.8234732467099093 3.9095950201153755
leaf_count=20 1048 31 36 263 34 164 47 1366 69 19420 3014 907 35 209 668 5303 184 54 24 52 12 184 21
internal_value=-1.56123e-06 0.00701166 0.00925159 -0.00148842 0.0042524 0.0223739 0.0160215 -0.000129262 0.000492522 0.00058559 0.00420522 -0.000176171 -0.00221956 0.00485424 0.00720858 -0.00319924 -0.0106571 -0.00185341 -0.0286635 -0.0293163 0.00296165 -0.0437998 -0.0425467
internal_weight=6694.59 119.719 113.03 62.1572 54.5324 50.8728 43.2088 6574.87 5067.48 5051.71 878.305 4173.41 1507.38 183.369 171.334 1324.01 202.404 1121.61 12.0348 15.7723 4.88517 10.8871 7.62478
internal_count=33165 616 585 338 297 247 211 32549 25024 24707 4380 20327 7525 936 877 6589 1232 5357 59 317 64 253 41
is_linear=0
shrinkage=0.05


Tree=184
num_leaves=31
num_cat=0
split_feature=7 17 26 24 1 1 44 29 15 13 3 41 42 28 3 25 6 6 22 41 40 15 20 16 9 13 22 9 3 15
split_gain=2.36476 15.7421 7.84244 12.9909 7.74155 11.0225 14.715 6.55829 9.88329 8.09566 5.69951 5.42844 5.51819 5.10289 8.89121 11.0244 9.81878 8.24753 7.9356 6.70997 6.40731 10.6446 11.7281 5.49991 8.67295 6.19913 4.8034 4.38677 4.01128 2.33129
threshold=0.27450000000000008 0.068000000000000019 0.16950000000000004 1.9675000000000002 28.500000000000004 44.500000000000007 0.45200000000000007 3.0410000000000004 0.83050000000000013 2.0165000000000002 1.2035000000000002 0.43550000000000005 0.21900000000000003 0.24700000000000003 1.5740000000000001 346.50000000000006 0.41050000000000003 0.51800000000000013 1.0000000180025095e-35 0.42600000000000005 0.79000000000000015 0.75450000000000006 4.5000000000000009 0.11300000000000002 0.91850000000000021 0.7875000000000002 -1.0000000180025095e-35 1.7455000000000003 0.89100000000000013 -1.0000000180025095e-35
decision_type=2 2 2 2 2 2 2 2 2 2 2 2 2 2 2 2 2 2 2 2 2 2 2 2 2 2 2 2 2 2
left_child=13 2 3 28 7 10 -7 9 -9 -3 -6 29 -13 14 15 19 -16 -17 -18 -1 23 22 -22 24 -15 -25 -5 -23 -2 -4
right_child=1 4 11 26 5 6 -8 8 -10 -11 -12 12 -14 20 16 17 18 -19 -20 -21 21 27 -24 25 -26 -27 -28 -29 -30 -31
leaf_value=0.023310088923723507 -0.064851209972229137 -0.0042075629929557677 -0.046536070666199456 0.068988104763504615 -0.0031122850553889072 0.039183920367629473 -0.017505015080245684 -0.0065977628426238085 -0.036743607740450338 0.011827877133388738 0.0086882501384990835 0.059345784402839656 0.017602431643791758 0.042674165095805884 0.042118711630405779 0.011630010787723745 -0.015936312634980351 -0.014221873027044297 0.0025968563545918063 -0.014017294102919256 -0.015317685276225082 -0.031569053726156697 0.02963899430182497 -0.0076511108506312035 0.0066005562316181036 0.0022124441616969627 -0.0067863705757875096 -0.088736743403752261 -0.0024830966102332877 0.0034751085659854471
leaf_weight=12.522304844576864 9.0269969902001339 1345.9878708283068 4.2439910173416138 4.4298018161207438 141.00751598924398 12.825145512819288 106.55165550112724 101.77618715388235 37.099331988021731 83.598771220771596 372.9756014496088 8.4390248265117389 127.99067347729579 19.91143043525517 14.627201185561715 103.35007613152266 64.447074844501913 43.980675103142858 556.58318912610412 312.21101604867727 51.035716650541872 14.76841992326081 20.268372651189566 168.77411001827568 102.10021500498988 2836.3851362320129 3.9619950726628286 4.3423828333616248 3.6087374910712233 5.1676484770141524
leaf_count=62 56 7029 25 23 668 57 460 513 173 402 1625 48 716 101 87 479 305 209 2903 1511 239 75 89 939 874 13409 22 20 19 27
internal_value=-1.51154e-06 -0.00127143 0.013535 -0.0150116 -0.00239356 0.00227201 -0.0114147 -0.00427756 -0.014651 -0.00326985 0.00545086 0.0176509 0.0201845 0.000693939 -0.00223304 -0.00743116 0.00162729 0.00391279 0.000673587 -0.0125779 0.00170161 -0.0114203 -0.00253863 0.002081 0.0124875 0.00165849 0.0332129 -0.0445588 -0.047039 -0.0190764
internal_weight=6694 2368.69 166.869 21.0275 2201.82 633.36 119.377 1568.46 138.876 1429.59 513.983 145.841 136.43 4325.31 1107.72 472.064 635.657 147.331 621.03 324.733 3217.59 90.4149 71.3041 3127.17 122.012 3005.16 8.3918 19.1108 12.6357 9.41164
internal_count=33165 11863 936 120 10927 2810 517 8117 686 7431 2293 816 764 21302 5556 2261 3295 688 3208 1573 15746 423 328 15323 975 14348 45 95 75 52
is_linear=0
shrinkage=0.05


Tree=185
num_leaves=25
num_cat=0
split_feature=3 20 42 42 43 20 9 11 36 6 24 22 4 14 16 8 8 14 2 31 6 6 59 22
split_gain=2.35278 5.02296 5.09483 3.93706 5.49973 6.71107 4.07192 3.79788 6.275 4.29532 3.78025 4.27335 8.31568 8.30616 6.38626 6.20573 10.4595 5.84138 3.97272 3.92614 6.12782 2.83616 1.96211 0.919256
threshold=0.54000000000000015 4.5000000000000009 0.31700000000000006 0.26950000000000007 0.74700000000000011 2.5000000000000004 1.1635000000000002 14.500000000000002 0.50950000000000017 0.072500000000000009 1.2565000000000002 -0.45555555555555544 0.98350000000000015 0.80400000000000016 0.27100000000000007 0.18333333333333332 0.12222222222222222 0.95750000000000013 12.500000000000002 0.66900000000000015 0.19600000000000004 0.14050000000000004 18.500000000000004 -0.29999999999999988
decision_type=2 2 2 2 2 2 2 2 2 2 2 2 2 2 2 2 2 2 2 2 2 2 2 2
left_child=1 3 7 4 5 -1 -6 8 -3 -9 18 12 13 -12 -14 16 -13 -17 19 20 -2 -21 23 -5
right_child=10 2 -4 22 6 -7 -8 9 -10 -11 11 15 14 -15 -16 17 -18 -19 -20 21 -22 -23 -24 -25
leaf_value=0.051685671352766818 0.05357206488086811 0.013912091495509815 -0.067866430309693956 -0.022886947402689057 -0.039034593714659574 -0.027404164221607255 0.037729472789540523 -0.032197528159601189 -0.014346944526473455 -0.0015418666823350316 0.023013158681407707 0.0041180772169090414 -0.029353778099806729 -0.044798120047001441 0.0060419232667987509 -0.0036115800359453939 -0.016869831735896752 0.00085463835113024013 0.025910579447997878 -0.05695104902219246 -0.044495607279720378 -0.018927946928589071 -0.0075177929427416293 -0.058664539954808061
leaf_weight=6.2248774788458849 3.5216438844800058 69.346511260140687 2.8218347914516917 2.2352214069105676 13.132237288577015 4.7129042369779199 1.9891966679133464 16.171844519674778 27.408732234733179 38.940946258604527 6.2776081226766136 102.85727198421955 13.024315625429152 16.090731620788574 590.8498907929752 866.1882149403682 140.38232743553817 4729.5942429204006 4.5371682718396178 8.7878342051990348 2.9085075347684324 11.097608235897495 3.2409456314053378 9.1236699928995204
leaf_count=82 23 552 23 21 162 45 31 88 243 196 35 482 60 79 2891 4240 689 22851 24 57 27 93 20 151
internal_value=-1.47298e-06 -0.00540804 -0.00129756 -0.0210466 -0.00940076 0.0176072 -0.0289364 -6.06561e-05 0.0059069 -0.0105372 0.000161111 0.000244433 0.00416961 -0.0257671 0.00527851 -0.000176548 -0.0079948 0.000163299 -0.0172991 -0.024749 0.00921377 -0.0357312 -0.0418332 -0.0516242
internal_weight=6691.47 195.349 154.69 40.6591 26.0592 10.9378 15.1214 151.868 96.7552 55.1128 6496.12 6465.26 626.243 22.3683 603.874 5839.02 243.24 5595.78 30.8528 26.3156 6.43015 19.8854 14.5998 11.3589
internal_count=33165 1614 1102 512 320 127 193 1079 795 284 31551 31327 3065 114 2951 28262 1171 27091 224 200 50 150 192 172
is_linear=0
shrinkage=0.05


Tree=186
num_leaves=25
num_cat=0
split_feature=36 17 16 9 6 2 9 11 32 6 25 11 40 33 41 29 5 21 36 4 44 7 16 14
split_gain=2.3493 5.0941 6.95449 5.96668 9.49334 6.25986 4.45057 3.82447 2.53764 7.96038 5.82504 5.70414 5.58834 5.95736 5.20872 3.89713 6.53282 5.90273 5.60656 4.85848 6.85175 6.09218 2.11826 1.76556
threshold=0.32300000000000006 0.21550000000000002 0.26000000000000006 0.82700000000000007 0.27900000000000008 19.500000000000004 1.2155000000000002 16.500000000000004 0.39650000000000007 0.18900000000000003 347.50000000000006 34.500000000000007 0.81300000000000006 0.21300000000000002 0.43550000000000005 2.4950000000000006 1.5100000000000002 -29.499999999999996 0.33450000000000008 0.40600000000000008 0.44450000000000006 0.078500000000000014 0.24550000000000002 1.5275000000000001
decision_type=2 2 2 2 2 2 2 2 2 2 2 2 2 2 2 2 2 2 2 2 2 2 2 2
left_child=1 2 23 7 22 -6 -4 -3 9 10 11 -2 13 -11 -12 16 17 -10 -18 20 -17 -21 -5 -1
right_child=8 3 6 4 5 -7 -8 -9 15 12 14 -13 -14 -15 -16 19 18 -19 -20 21 -22 -23 -24 -25
leaf_value=-0.019212422205628434 -0.0011214490629371857 0.02131725387709181 -0.015954548674190532 0.11541187422026618 0.040666525320930458 -0.025216036037144451 0.041279885859827802 -0.052904411691621002 -0.025436436113018403 -0.0031989546189289488 0.082196684006396292 0.027783293981220442 0.043574570868962617 -0.017052518976239474 0.015399043045518292 0.04041013754995465 -0.021307269564775532 0.0029462014803887139 0.051761610168361165 0.0057747932735217429 -0.023596216066907386 -0.00077651259399454499 0.061291879863268763 -0.070307692373042227
leaf_weight=2.9007463790476349 191.8625901080668 3.4137935454491553 6.8347468785941583 2.8901434354484108 8.6420424971729499 6.1865129172801963 6.7520461678504944 3.5305686146020889 18.612003400921822 951.36777049326338 3.0614506275742306 18.735048890113831 6.1241744365543118 84.49365452490747 62.468532239960041 4.6762615720508611 3.376166525296866 1161.1818584945286 11.80343714985065 392.62680030195042 39.489863363938639 3689.1726230325876 4.8288723900914192 4.0528557747602463
leaf_count=19 1196 21 37 17 45 33 32 21 81 4824 21 87 31 400 352 48 24 5595 108 2599 468 17057 26 23
internal_value=-1.78668e-06 0.0107922 -0.00832501 0.0241069 0.036588 0.0131801 0.0124885 -0.0164176 -8.31312e-05 -0.00204717 0.00550091 0.00144996 -0.00404742 -0.00432897 0.0185197 0.000403404 0.00291779 0.00249845 0.03551 -0.000324819 -0.0168193 -0.000146345 0.0815554 -0.0489929
internal_weight=6689.08 50.0323 20.5404 29.4919 22.5476 14.8286 13.5868 6.94436 6639.05 1318.11 276.128 210.598 1041.99 1035.86 65.53 5320.94 1194.97 1179.79 15.1796 4125.97 44.1661 4081.8 7.71902 6.9536
internal_count=33165 274 111 163 121 78 69 42 32891 6911 1656 1283 5255 5224 373 25980 5808 5676 132 20172 516 19656 43 42
is_linear=0
shrinkage=0.05


Tree=187
num_leaves=21
num_cat=0
split_feature=24 13 4 31 15 8 8 30 15 17 40 21 14 4 24 21 1 13 4 30
split_gain=2.33135 3.50768 2.39995 4.29474 3.45003 2.49622 5.96054 5.69297 1.96855 3.31626 1.56764 2.71753 1.34984 0.019165 0.00799851 0.00385058 0.000105695 6.59892e-05 2.51012e-05 3.72869e-06
threshold=5.5360000000000005 1.0000000180025095e-35 1.0000000180025095e-35 0.80200000000000016 -1.1959999999999997 0.76388888888888895 0.70000000000000007 1.5865000000000002 -1.4899999999999998 0.19600000000000004 0.71500000000000008 5.5000000000000009 2.4335000000000004 1.4915000000000003 2.2405000000000004 5.5000000000000009 3.5000000000000004 0.98350000000000015 0.98350000000000015 1.5505000000000002
decision_type=2 2 2 2 2 2 2 2 2 2 2 2 2 2 2 2 2 2 2 2
left_child=1 8 3 4 -3 6 -4 -7 9 12 11 17 -1 14 -10 16 18 -2 -12 -19
right_child=10 2 5 -5 -6 7 -8 -9 13 -11 15 -13 -14 -15 -16 -17 -18 19 -20 -21
leaf_value=-0.040315857852656928 0.051655627800795446 0.010078166303892905 7.6450843411918676e-05 0.044248514072235734 -0.064344034772613967 0.0056200286741529141 -0.0073476856806840825 -0.0043319229591540992 -0.050545633067057276 0.037203810349223536 0.050804081848935978 -0.053362077595463846 0.011595726720705982 -0.061214503180942327 -0.056017602072443343 0.054178394760226151 0.051534571665220685 0.050783027353433152 0.050402965797712786 0.051051327243210681
leaf_weight=6.1154379583895189 0.75559393875300818 2.2186232171952724 5660.4098948619794 1.7824748703278599 5.2238870533183199 515.99976868834347 283.91505514830351 199.16884932760149 1.2617700558330396 2.4411913398653269 1.078442549332977 1.2053458411246536 1.5747137218713758 1.1262851003557441 1.4187155850231645 1.4530226215720174 0.43304043356329192 0.24748780089430511 0.61100102402269829 0.27161662746220827
leaf_count=142 26 16 27452 15 73 2520 1317 1036 233 23 72 12 15 11 19 30 19 21 91 22
internal_value=-1.94553e-06 -3.00454e-05 2.2325e-05 -0.0254629 -0.0421587 5.76281e-05 -0.000278144 0.00284849 -0.0250868 -0.0135685 0.0310079 0.000461883 -0.0296859 -0.0557415 -0.0534418 0.0521953 0.0508377 0.0513574 0.050659 0.0509234
internal_weight=6688.71 6682.66 6668.72 9.22499 7.44251 6659.49 5944.32 715.169 13.9381 10.1313 6.05555 2.48004 7.69015 3.80677 2.68049 3.57551 2.12248 1.2747 1.68944 0.519104
internal_count=33165 32872 32429 104 89 32325 28769 3556 443 180 293 81 157 263 252 212 182 69 163 43
is_linear=0
shrinkage=0.05


Tree=188
num_leaves=30
num_cat=0
split_feature=39 13 44 19 13 26 32 14 13 13 14 59 29 42 1 3 5 3 18 22 9 3 18 7 18 21 31 5 39
split_gain=2.3309 6.80162 7.77846 8.23336 8.06386 7.95386 7.79407 5.22147 6.82023 6.4736 7.9456 5.06582 7.17272 4.94507 4.75135 8.07056 5.54671 8.12422 4.83325 4.80618 4.72412 4.6147 4.39949 7.57658 7.38175 4.39193 4.0722 3.59172 3.48737
threshold=2.5845000000000007 1.7110000000000001 0.49150000000000005 1.413 1.7230000000000001 0.16950000000000004 0.48350000000000004 1.3470000000000002 0.7965000000000001 0.81350000000000011 1.0645000000000002 29.500000000000004 2.4600000000000004 0.25150000000000006 11.500000000000002 0.60350000000000004 0.32050000000000006 0.87250000000000016 0.70000000000000007 0.63333333333333353 2.3655000000000004 1.3655000000000002 0.74166666666666681 0.32700000000000007 0.70000000000000007 25.500000000000004 0.76150000000000018 -0.18049999999999997 2.6900000000000008
decision_type=2 2 2 2 2 2 2 2 2 2 2 2 2 2 2 2 2 2 2 2 2 2 2 2 2 2 2 2 2
left_child=1 14 4 -4 5 -3 -6 8 13 10 -10 22 21 -2 16 26 17 -1 -18 -17 -15 -13 24 -24 -9 -11 -16 -5 -14
right_child=7 2 3 27 6 -7 -8 11 9 25 -12 12 28 20 15 19 18 -19 -20 -21 -22 -23 23 -25 -26 -27 -28 -29 -30
leaf_value=-0.00076311996445103199 -0.067202727456828232 -0.020133960404502819 0.085679595269963368 0.0056280730440723126 -0.010760624906629128 0.059822227362554881 0.0050944306878309038 0.00063442006780121268 0.083042719429511913 -0.00209477504342646 -0.00078167399761897678 0.0075568749448984666 0.040178644912817786 -0.015948570141313175 -0.019859978679387255 -0.0013378386265807589 -0.0032602721359882856 0.012280859191591414 -0.050937157335795617 0.0100715534740509 0.02469236273510966 -0.044977019931193962 0.0081565946917026289 0.075052266732260037 -0.034922626344938451 -0.04373202845667 -0.074099155325419067 0.021449908754007787 0.0043267257741771122
leaf_weight=220.63701751848566 4.3639359159860751 4.2945326119661322 4.0940091251395634 69.706173416692764 103.38787204981782 11.280344441533087 309.70166171598248 1402.5701536310371 4.9681981615722162 1674.0262768666726 6.5594636350870132 15.238363035023214 24.644692569971085 93.590511128073558 25.050875294953588 2073.1306104920805 127.14506307430565 260.08722918713465 5.5476718852296463 96.60392714291811 7.7419478162191799 5.7605298012495032 24.367374072549868 5.1224892772734156 14.749977968633173 6.3573760688304892 4.0151890516281119 73.895001954864711 9.358592286705969
leaf_count=1419 28 19 28 368 544 52 1578 7083 26 7926 32 68 109 654 150 9424 1051 1346 36 446 89 24 140 26 66 27 19 343 44
internal_value=-1.88804e-06 0.000919185 0.00586736 0.015763 0.00245783 0.0377755 0.00112623 -0.00094785 -0.00276591 -0.00199614 0.035345 0.00122829 0.016122 -0.0150879 -9.49367e-05 -0.00118046 0.00379613 0.00629409 -0.00525357 -0.000829854 -0.0128435 -0.00685451 0.000662091 0.0197766 0.00026438 -0.0022523 -0.0273526 0.0137698 0.0303113
internal_weight=6688 3388.58 576.36 147.695 428.664 15.5749 413.09 3299.42 1797.61 1691.91 11.5277 1501.81 55.0022 105.696 2812.22 2198.8 613.417 480.724 132.693 2169.73 101.332 20.9989 1446.81 29.4899 1417.32 1680.38 29.0661 143.601 34.0033
internal_count=33165 16823 2932 739 2193 71 2122 16342 8782 8011 58 7560 245 771 13891 10039 3852 2765 1087 9870 743 92 7315 166 7149 7953 169 711 153
is_linear=0
shrinkage=0.05


Tree=189
num_leaves=16
num_cat=0
split_feature=21 17 1 29 1 1 43 39 3 3 3 28 5 43 11
split_gain=2.24264 10.6089 5.42023 7.08643 7.41349 5.35063 5.14425 5.49215 3.1329 12.0549 9.58621 9.31596 7.56214 6.02842 5.56423
threshold=25.500000000000004 0.085000000000000006 59.500000000000007 2.5890000000000004 62.500000000000007 37.500000000000007 0.7875000000000002 2.6105000000000005 1.5895000000000004 1.5965000000000003 1.5400000000000003 0.50950000000000017 0.36550000000000005 0.73750000000000016 16.500000000000004
decision_type=2 2 2 2 2 2 2 2 2 2 2 2 2 2 2
left_child=2 -2 8 -4 -5 -3 7 -7 10 13 14 -12 -11 -10 -1
right_child=1 5 3 4 -6 6 -8 -9 9 12 11 -13 -14 -15 -16
leaf_value=0.0021490219867290167 -0.074152502098503423 0.045569368989576253 0.0781733119674618 0.041927915335354116 -0.031994113382359392 -0.015221939140732225 0.036122627127918402 0.0046552145681527622 0.079271878152577357 0.010246840606854074 -0.014201225252943806 0.024614104606452324 0.00019596795031806137 0.015827455319386476 -0.0014196929897418757
leaf_weight=1734.7552689171571 5.4857450872659674 5.3834583163261405 4.9724026620388058 7.4962096959352476 6.1943090409040451 86.216692965477705 7.1900290995836249 58.21735380217433 7.2721288651227933 216.48243839317001 191.30096520483494 16.817204214632511 1380.9247353897663 7.7178350687026978 2949.0483740270138
leaf_count=9728 26 26 22 34 27 387 32 268 31 1254 838 77 7158 33 13224
internal_value=-1.83348e-06 -0.00580399 0.000142703 0.0270498 0.00848171 -0.00341593 -0.00515517 -0.00721001 6.54985e-05 0.00197687 -0.000564499 -0.0110647 0.00155807 0.0466064 -9.79367e-05
internal_weight=6685.48 162.493 6522.98 18.6629 13.6905 157.008 151.624 144.434 6504.32 1612.4 4891.92 208.118 1597.41 14.99 4683.8
internal_count=33165 739 32426 83 61 713 687 655 32343 8476 23867 915 8412 64 22952
is_linear=0
shrinkage=0.05


Tree=190
num_leaves=30
num_cat=0
split_feature=41 24 22 6 11 30 30 27 9 39 27 19 15 9 24 17 17 30 19 15 32 14 24 5 17 11 32 23 24
split_gain=2.28244 5.32835 6.31394 6.90164 4.69547 9.57433 4.47014 9.24411 7.63751 4.08133 5.90932 8.60721 7.36216 6.24419 6.88275 5.85834 5.47674 4.59695 6.16469 7.13679 6.34056 5.90181 6.78705 6.5436 4.04641 2.59311 2.38774 0.0529574 0.00564084
threshold=0.45300000000000007 3.6665000000000005 0.25833333333333336 0.63100000000000012 54.500000000000007 1.5485000000000002 1.4685000000000004 0.29550000000000004 2.2890000000000001 2.5190000000000006 0.19950000000000004 1.1405000000000001 -0.41549999999999992 0.50850000000000006 1.4470000000000003 0.24550000000000002 0.085000000000000006 1.4890000000000001 2.0575000000000006 0.71700000000000008 0.56350000000000011 1.0645000000000002 1.7475000000000003 0.15600000000000003 0.26500000000000007 57.500000000000007 0.55650000000000011 0.72450000000000003 3.7780000000000009
decision_type=2 2 2 2 2 2 2 2 2 2 2 2 2 2 2 2 2 2 2 2 2 2 2 2 2 2 2 2 2
left_child=1 4 27 24 6 -6 8 -8 -1 10 11 12 -2 15 -15 -12 -13 21 20 -20 -19 23 -23 -11 -4 -7 -5 28 -3
right_child=9 2 3 26 5 25 7 -9 -10 17 13 16 -14 14 -16 -17 -18 18 19 -21 -22 22 -24 -25 -26 -27 -28 -29 -30
leaf_value=-0.0073872495235882771 0.023010175632011156 0.059566168739498632 -0.039700373705363806 0.043989742642426326 0.059932154282478105 0.013601715598520345 -0.0022097569481841456 0.029373276897183137 -0.072157202130951253 0.00028553630973083763 0.0010226447507348958 0.04145150395315203 0.079236982503459549 0.039346483409328344 0.0022022684890867146 -0.047742035786924264 -0.0016571128905625084 -0.0041164830973358883 0.028939981094468572 0.0026910100548235777 0.001108452517367987 -0.030006545755898607 0.0035042562317494589 -0.013003185984242214 0.017758505229853595 -0.038380374057384134 0.0037395843765154835 0.066430141927910399 0.054795904273582399
leaf_weight=301.99408960540313 34.285707055358216 1.1545433066785329 8.6488026976585406 10.134671041043473 8.756800055503847 4.8017982393503171 608.16321298226831 24.086059650406241 4.6210403298027805 358.42537972080754 12.662959679495545 8.4007461862638575 7.0125732843298456 12.731427531805819 610.90750851947814 11.990991212893276 59.916628837585449 1648.7924873907759 28.168158760294318 320.90374728431925 896.26713663974078 15.259117777459322 1541.4464041849133 124.92673590686172 4.7451308006420723 4.7947090119123459 5.7894675934221587 3.7082792427390814 1.3378378751222042
leaf_count=1549 176 10 54 107 38 21 2876 116 32 2043 109 49 38 102 2967 77 273 7894 137 1707 4510 101 7312 710 30 20 51 24 32
internal_value=-1.63264e-06 -0.00221393 0.0168024 0.00710748 -0.00291955 0.022127 -0.00340918 -0.00100658 -0.00836341 0.000384206 0.00380033 0.0145373 0.0325577 0.0019849 0.00296056 -0.0226951 0.0036438 -0.000140523 -0.00142185 0.00480916 -0.00227647 0.00167723 0.00317578 -0.00314905 -0.0193442 -0.0123701 0.0293562 0.0626419 0.0570056
internal_weight=6684.83 992.736 35.5187 29.3181 957.218 18.3533 938.864 632.249 306.615 5692.1 757.909 109.616 41.2983 648.293 623.639 24.654 68.3174 4934.19 2894.13 349.072 2545.06 2040.06 1556.71 483.352 13.3939 9.59651 15.9241 6.20066 2.49238
internal_count=33165 4960 308 242 4652 79 4573 2992 1581 28205 3791 536 214 3255 3069 186 322 24414 14248 1844 12404 10166 7413 2753 84 41 158 66 42
is_linear=0
shrinkage=0.05


Tree=191
num_leaves=25
num_cat=0
split_feature=14 4 22 44 42 43 39 13 4 39 15 36 27 17 6 10 19 39 4 1 59 1 13 3
split_gain=2.29209 3.90436 3.71245 3.21804 5.65934 3.72253 3.30157 2.72794 5.60571 4.83754 3.49872 7.99816 3.40407 2.7228 2.60828 2.40715 2.40645 3.05738 1.8813 7.07433 0.24417 0.00741328 0.00218067 0.000133563
threshold=0.55800000000000016 0.66100000000000014 -0.96666666666666645 0.51900000000000013 0.31000000000000005 0.70200000000000007 2.6625000000000001 2.4905000000000004 1.2830000000000001 2.5985000000000005 1.4900000000000002 0.58400000000000007 0.16900000000000001 0.7320000000000001 0.24550000000000002 1.5000000000000002 2.0425000000000004 2.4510000000000005 0.26150000000000007 20.500000000000004 21.500000000000004 11.500000000000002 1.4915000000000003 1.7400000000000004
decision_type=2 2 2 2 2 2 2 2 2 2 2 2 2 2 2 2 2 2 2 2 2 2 2 2
left_child=1 18 16 4 5 -3 15 10 9 -9 13 -12 -10 -4 -8 -5 -2 -18 19 23 -19 22 -20 -1
right_child=2 3 7 6 -6 -7 14 8 12 -11 11 -13 -14 -15 -16 -17 17 20 21 -21 -22 -23 -24 -25
leaf_value=-0.050703417681187107 -0.056620021503083422 -0.047973968199344665 0.00015483014821168235 0.069547952493997783 0.047886435380761504 -0.0071505283911677958 -0.039176682521606769 0.01508468494863721 -0.036810286374122418 -0.030446692916371944 -0.00052999944913956546 -0.054476996588718851 0.032138139030584593 -0.018614915797799662 0.021160146542674098 0.01739557441425154 -0.098340584638145753 0.053755916902770366 -0.052290001756449357 0.40322711233092523 0.085134876666705245 -0.057901612894780401 -0.054921448912722194 -0.052720428746110895
leaf_weight=0.28968143311794747 0.59893385320901771 5.8500810069963327 6417.8798056528904 3.2703056856989878 4.5248173321597269 122.85252059274353 3.7150101503357282 12.475635040551426 1.9277710169553781 10.957445921376346 23.78101560100913 9.6621042564511281 25.075923206866719 19.37975627463311 3.4587003812193871 6.8407253138720989 0.33232343662530173 4.5966029893606901 1.2383546904893594 0.1086236983537674 0.71659585833549488 1.8419634960591791 2.1615218762308359 0.11452154535800219
leaf_count=105 3 47 30779 17 30 953 43 65 12 58 108 44 226 275 18 59 13 189 60 1 3 19 35 3
internal_value=-1.55865e-06 -0.00598588 0.000141707 -0.00444049 -0.00707388 -0.00900613 0.0158571 0.000104808 0.011688 -0.00620605 1.45212e-05 -0.0161159 0.027216 9.83227e-05 -0.0100862 0.0342637 0.0386758 0.0487857 -0.046405 0.0449948 0.057988 -0.055347 -0.053963 -0.0512749
internal_weight=6683.65 156.267 6527.38 150.512 133.227 128.703 17.2847 6521.14 50.4368 23.4331 6470.7 33.4431 27.0037 6437.26 7.17371 10.111 6.24446 5.64552 5.75467 0.512827 5.3132 5.24184 3.39988 0.404203
internal_count=33165 1390 31775 1167 1030 1000 137 31567 361 123 31206 152 238 31054 61 76 208 205 223 109 192 114 95 108
is_linear=0
shrinkage=0.05


Tree=192
num_leaves=27
num_cat=0
split_feature=39 14 14 13 36 2 14 24 5 20 0 41 34 27 3 13 41 2 39 40 40 15 42 34 13 7
split_gain=2.22821 5.16647 8.56614 7.48171 6.26896 5.39861 5.16626 5.11093 4.6915 6.46161 6.67998 3.09245 5.88459 6.54539 6.07532 6.06549 6.27908 5.36869 5.20822 8.79051 9.84117 7.84691 6.24907 7.59637 6.14637 2.2007
threshold=2.7315000000000005 1.9485000000000003 1.7925000000000002 1.2790000000000001 0.39600000000000007 10.500000000000002 1.8480000000000003 3.7485000000000004 -0.8909999999999999 -4.4999999999999991 2.5000000000000004 0.50700000000000012 0.62000000000000011 0.29800000000000004 1.3390000000000002 0.49150000000000005 0.51550000000000018 13.500000000000002 2.5845000000000007 0.72050000000000003 0.72750000000000015 0.19600000000000004 0.28850000000000003 0.67300000000000015 1.7110000000000001 0.19600000000000004
decision_type=2 2 2 2 2 2 2 2 2 2 2 2 2 2 2 2 2 2 2 2 2 2 2 2 2 2
left_child=11 2 4 6 5 -2 -4 -6 -3 10 -10 18 13 14 -13 -14 -17 -15 22 21 -21 -20 24 -24 -1 -11
right_child=1 8 3 -5 7 -7 -8 -9 9 25 -12 12 15 17 -16 16 -18 -19 19 20 -22 -23 23 -25 -26 -27
leaf_value=0.00028489735855323316 0.0092082622690896204 -0.037224054476879556 -0.063533113401688324 -0.083199275840698153 -0.0021860421112623947 -0.0399551964194301 0.0007574120334322194 0.042765542355417498 0.067354957558162537 0.034505163155951112 -0.012355319005564322 -0.002224970574427527 -0.058489801516426902 -0.061828415394997616 0.0054421734243071578 0.026476231788547935 0.0058351385711554668 -0.0081768129886336232 -0.0043583548954954686 0.01189779141517062 -0.0023429465052123874 -0.025597447321293376 -0.015046041690479895 0.054530796919806772 0.0062575339173248134 0.086395786978537281
leaf_weight=2592.2603819215728 7.7687714378116679 3.5598946483805802 4.4158816784620312 6.2193559259176245 185.93530088674743 19.854616232216358 10.687781512737272 6.5460154116153708 3.3709003550466194 4.1156583726406062 11.932123247534035 521.48785991611658 3.0980642912327303 7.1753441784530905 512.07795678160619 52.863497194834054 121.58711007074453 13.315713658928869 108.59162069880404 130.82274411639082 1669.6190886185504 72.536358380690217 87.937840815458912 4.1061666533350936 516.59244276816025 4.0577805675566196
leaf_count=12829 51 23 21 31 884 92 50 44 36 22 88 2516 35 42 2557 273 608 58 565 674 8193 361 440 24 2619 29
internal_value=-1.49963e-06 -0.00446424 -0.00678539 -0.0370447 -0.00385397 -0.0261285 -0.0180393 -0.000657303 0.0162631 0.0243737 0.005203 0.00018529 0.00243739 0.00101892 0.0015737 0.0108584 0.01209 -0.026964 -0.000349917 -0.00236447 -0.00130819 -0.012864 0.000897223 -0.0119422 0.00127736 0.0602668
internal_weight=6682.54 268.464 241.428 21.323 220.105 27.6234 15.1037 192.481 27.0364 23.4765 15.303 6414.07 1231.61 1054.06 1033.57 177.549 174.451 20.4911 5182.47 1981.57 1800.44 181.128 3200.9 92.044 3108.85 8.17344
internal_count=33165 1371 1173 102 1071 143 71 928 198 175 124 31794 6089 5173 5073 916 881 100 25705 9793 8867 926 15912 464 15448 51
is_linear=0
shrinkage=0.05


Tree=193
num_leaves=30
num_cat=0
split_feature=26 39 14 9 9 3 13 9 39 30 42 4 30 24 7 33 4 33 6 5 33 19 13 14 11 17 22 2 24
split_gain=2.22967 4.79403 5.49396 5.08018 9.70339 5.98153 7.3652 5.87746 5.42966 4.73565 4.47539 4.83859 3.59899 3.32508 7.34737 9.05246 9.84744 7.83532 6.79592 5.22201 5.42704 5.96986 4.53396 6.24811 5.36798 3.54444 3.33352 3.27143 0.113983
threshold=0.64400000000000013 2.5190000000000006 2.3430000000000004 1.5690000000000002 1.3770000000000002 1.3550000000000002 1.2890000000000004 1.2125000000000001 2.4710000000000005 1.5865000000000002 0.31000000000000005 0.87250000000000016 1.5485000000000002 3.0455000000000005 0.37700000000000006 0.16950000000000004 1.3830000000000002 0.12750000000000003 0.48200000000000004 1.2545000000000002 0.18500000000000003 1.7805000000000002 0.59200000000000008 1.6940000000000002 10.500000000000002 0.20750000000000002 0.29999999999999999 3.5000000000000004 4.2580000000000009
decision_type=2 2 2 2 2 2 2 2 2 2 2 2 2 2 2 2 2 2 2 2 2 2 2 2 2 2 2 2 2
left_child=13 3 10 4 7 -5 -7 -2 -6 28 11 -3 -12 19 17 26 -17 25 -19 22 -21 -22 23 -1 -24 -15 -16 -11 -4
right_child=1 2 9 5 8 6 -8 -9 -10 27 12 -13 -14 14 15 16 -18 18 -20 20 21 -23 24 -25 -26 -27 -28 -29 -30
leaf_value=-0.005072636211952964 0.029502612996711232 -0.01743835378552409 0.072179240894563082 -0.046508773419133842 0.087446947402853012 0.0079149797154418992 -0.054605602123421505 -0.056509136889427464 0.016443960046623889 -0.058803656343217575 0.042488453731458556 -0.0044866842075698982 -0.00034514347617205416 -0.058430550541576434 0.067765960529266395 -0.022250243761359412 0.013538583408208849 0.010314035772762502 0.0016485480699916129 0.030279967830655292 -0.05788307728103799 -0.0082159829728579142 0.003879079046144142 -0.037473287649228554 -0.0006651135925840471 0.0026606693307995701 0.0099388618900034635 0.028127391422855155 0.057019401586791411
leaf_weight=101.07954009523382 4.0161692373221767 101.46353956125677 1.930794857442377 6.18436833936721 6.7592302821576578 82.941968942061067 4.9942679032683364 3.9294152222573757 4.4752173693850636 1.8178882366046307 7.7866121046245125 249.28002079110593 13.246964854188262 7.2525040209293348 4.533186325337736 79.989643854089081 25.299981503980234 332.1840698570013 709.5363962840056 4.2933959402143982 11.044639320927674 13.379111700691281 772.31455065216869 17.447604189161211 4099.6855088612065 3.5298357121646404 5.5352755561470985 2.6744234394282103 3.4651203500106931
leaf_count=1004 22 494 10 35 34 390 26 20 21 28 39 1201 71 50 29 379 209 1703 3988 25 73 63 4554 113 18454 17 26 24 63
internal_value=-1.38329e-06 -0.00323055 -0.00591162 0.0058009 0.0292546 0.00102147 0.00436417 -0.0130337 0.0591631 0.0308719 -0.00688996 -0.00823336 0.0155118 0.000256949 0.00265993 -0.00931927 -0.0136506 0.0039729 0.0044118 -0.00030217 -0.0215626 -0.0306759 -0.00017983 -0.00984212 5.52366e-05 -0.038431 0.0359747 -0.0070507 0.062444
internal_weight=6682.07 494.966 381.665 113.301 19.18 94.1206 87.9362 7.94558 11.2344 9.88823 371.777 350.744 21.0336 6187.11 1167.86 115.358 105.29 1052.5 1041.72 5019.24 28.7171 24.4238 4990.53 118.527 4872 10.7823 10.0685 4.49231 5.39592
internal_count=33165 2478 1930 548 97 451 416 42 55 125 1805 1695 110 30687 6401 643 588 5758 5691 24286 161 136 24125 1117 23008 67 55 52 73
is_linear=0
shrinkage=0.05


Tree=194
num_leaves=25
num_cat=0
split_feature=3 10 15 37 22 8 13 14 33 41 37 13 3 1 41 3 44 32 15 25 39 41 6 13
split_gain=2.23889 4.60757 6.46216 4.67236 5.15179 2.98439 4.34768 4.46172 7.3276 6.5196 2.79096 5.16819 4.80236 4.7102 2.71529 6.00193 4.18892 2.65329 2.38618 2.10056 5.35757 1.9114 1.51634 0.305511
threshold=0.34150000000000008 7.5000000000000009 0.13700000000000004 0.58550000000000002 -0.92499999999999982 1.0000000180025095e-35 2.0645000000000002 1.1520000000000001 0.29350000000000004 0.51300000000000012 0.67700000000000016 1.0440000000000003 0.9425 6.5000000000000009 0.45300000000000007 1.268 0.44800000000000006 0.32700000000000007 1.4045000000000003 345.50000000000006 2.5610000000000004 0.42600000000000005 0.16350000000000003 2.4060000000000001
decision_type=2 2 2 2 2 2 2 2 2 2 2 2 2 2 2 2 2 2 2 2 2 2 2 2
left_child=1 2 -1 4 -4 6 7 8 -2 -9 14 13 -13 -12 15 -7 -16 -3 -5 20 -8 -19 -23 -21
right_child=5 17 3 18 -6 10 19 9 -10 -11 11 12 -14 -15 16 -17 -18 21 -20 23 -22 22 -24 -25
leaf_value=0.077515328597590596 0.010446609623901098 0.022480674717514193 -0.032408299710433908 -0.050028448896123158 0.016924984815261213 -0.006392788117689556 -0.070585475815099885 0.02619310777224992 -0.02980273727913087 -0.024734919437525881 -0.045022543720118741 0.01191641597652768 0.069375091246332107 0.0087761707429679682 0.0066493902180422299 0.0014964477468413227 -7.0128834732301853e-06 0.021934333915451625 -0.00040207303149040509 0.084918118981436766 0.061364945822212497 -0.056838842068950485 -0.0064393389444588446 0.057439053865889669
leaf_weight=2.4296225369907907 29.807593015953898 1.7730283645214502 7.0972119760699526 7.5010714028030616 20.805204172618694 499.18186900741421 1.1709698801860207 35.906873218715191 18.219971964135766 7.6172876171767703 4.76948960404843 8.5086802765727025 6.3507015109062186 27.682159300893545 247.46235799742863 466.26025101379491 5265.227771931095 1.0395127655938257 3.577495576813817 1.7539133727550504 2.2425620413850993 9.5020939843670913 1.7704648626968253 2.3895715940743685
leaf_count=23 194 35 163 87 140 2493 27 179 111 41 32 42 30 152 1214 2240 25555 16 41 9 49 191 21 80
internal_value=-1.2189e-06 -0.0100023 -0.00159991 -0.00653104 0.00437665 8.25625e-05 0.00869386 0.00568512 -0.00482258 0.01728 -4.82263e-05 0.0120518 0.0364735 0.000869256 -0.000136595 -0.00258268 0.00029179 -0.0347054 -0.0340031 0.0451441 0.016101 -0.0429406 -0.0489231 0.0690708
internal_weight=6680.05 55.4957 41.4106 38.981 27.9024 6624.55 99.1087 91.5517 48.0276 43.5242 6525.44 47.311 14.8594 32.4516 6478.13 965.442 5512.69 14.0851 11.0786 7.55702 3.41353 12.3121 11.2726 4.14348
internal_count=33165 717 454 431 303 32448 690 525 305 220 31758 256 72 184 31502 4733 26769 263 128 165 76 228 212 89
is_linear=0
shrinkage=0.05


Tree=195
num_leaves=20
num_cat=0
split_feature=24 13 4 43 43 59 8 26 3 29 10 40 43 26 20 21 21 1 4
split_gain=2.13165 3.14616 2.24014 4.12191 2.38416 5.32825 2.71415 1.92648 1.7602 1.63214 3.05392 1.50852 2.53295 1.0924 0.2635 0.00301203 0.000471293 0.000100368 2.0903e-05
threshold=5.5360000000000005 1.0000000180025095e-35 1.0000000180025095e-35 0.72450000000000003 0.67850000000000021 8.5000000000000018 0.76388888888888895 0.61550000000000005 1.9835000000000003 2.2660000000000005 15.500000000000002 0.71500000000000008 0.7360000000000001 0.62200000000000011 -14.499999999999998 5.5000000000000009 3.5000000000000004 3.5000000000000004 0.98350000000000015
decision_type=2 2 2 2 2 2 2 2 2 2 2 2 2 2 2 2 2 2 2
left_child=1 7 3 -3 5 -4 -6 9 -9 10 -1 12 -2 -5 -11 17 -14 18 -13
right_child=11 2 4 13 6 -7 -8 8 -10 14 -12 15 16 -15 -16 -17 -18 -19 -20
leaf_value=-0.059649825703250815 -0.049902062720954918 0.033750612002477968 -0.028960885329829968 -0.056885812244712286 -0.00016246619197891608 -0.0021081644780552595 0.0031393337682173376 -0.041387820380663902 0.026278568224338047 -0.094837053498363799 0.028498107453660933 0.050754613390006247 0.051207514147448091 -0.011360737886322081 -0.051910822261316783 0.05385070251186095 0.05319287600829057 0.051490104438305408 0.050376446754735599
leaf_weight=1.8401890047825857 1.2350810031639405 2.2379383038496581 22.138641327153891 4.8940318243112415 5820.0356555739418 111.58391680568457 696.93616816960275 1.4473558500758361 2.8605087203904986 0.38546882942318816 2.1084058443084359 1.012977245263756 0.6137960781343279 1.8032319856574757 4.9268564470985448 1.3578256350010631 0.5826829606667161 0.41689881496131409 0.57160916761495162
leaf_count=101 29 28 143 60 28188 528 3466 34 35 5 17 72 38 16 251 30 14 19 91
internal_value=-1.27738e-06 -2.75908e-05 2.1414e-05 -0.0249972 5.50265e-05 -0.00655381 0.000190634 -0.0240794 0.00354402 -0.0369289 -0.012582 0.0303214 0.000325908 -0.0446282 -0.0550256 0.052033 0.0521744 0.0507998 0.0506182
internal_weight=6678.99 6673.2 6659.63 8.9352 6650.69 133.723 6516.97 13.5688 4.30786 9.26092 3.94859 5.79087 2.43156 6.69726 5.31233 3.35931 1.19648 2.00149 1.58459
internal_count=33165 32872 32429 104 32325 671 31654 443 69 374 118 293 81 76 256 212 52 182 163
is_linear=0
shrinkage=0.05


Tree=196
num_leaves=28
num_cat=0
split_feature=28 3 11 28 16 9 6 8 6 13 41 28 6 9 13 16 10 19 36 13 1 16 16 42 59 31 42
split_gain=2.13666 7.00857 6.52906 8.55248 9.08995 6.34309 6.15717 9.30897 8.14163 5.16348 6.21188 4.72689 6.73699 5.45875 5.25432 5.69081 5.00512 4.88208 9.3359 6.26643 4.71704 4.54179 9.42595 5.66772 3.98545 3.91144 2.58077
threshold=0.25850000000000006 1.1520000000000001 39.500000000000007 0.23450000000000001 0.48200000000000004 0.85950000000000004 0.40800000000000003 0.59166666666666679 0.40350000000000003 1.4390000000000003 0.50700000000000012 0.26300000000000007 0.19600000000000004 1.0850000000000002 0.7875000000000002 0.36200000000000004 9.5000000000000018 0.95600000000000007 0.39600000000000007 0.92450000000000021 7.5000000000000009 0.33900000000000002 0.30200000000000005 0.24550000000000002 4.5000000000000009 0.75750000000000017 0.26250000000000007
decision_type=2 2 2 2 2 2 2 2 2 2 2 2 2 2 2 2 2 2 2 2 2 2 2 2 2 2 2
left_child=1 5 6 4 -4 9 8 -8 -3 10 -1 12 -2 -14 15 16 -13 18 -16 -19 -15 22 -7 -23 -17 -11 -5
right_child=11 2 3 26 -6 21 7 -9 -10 25 -12 14 13 20 17 24 -18 19 -20 -21 -22 23 -24 -25 -26 -27 -28
leaf_value=-0.011847960089600224 -0.054350942110164252 0.0057993269201060439 0.0061642749346016573 -0.086293153086589525 -0.073530631927741258 -0.013461679509610852 -0.0080601381452759108 0.0015134652923914742 0.073869715734011118 0.071870807939592649 0.068039352070660572 0.037853638785019024 0.057027381453180939 -0.032930824332966339 0.027496003370795982 -0.0042167244251776047 -0.0053615694037487498 -0.009281948973052661 0.00333168089468524 0.00067568054768134039 0.014730431414907409 0.0027826342092389434 0.021262809173437012 -0.037058475181023585 -0.064298765838958244 0.00085844292946860598 -0.034463277548508912
leaf_weight=17.856066434877 3.6434850858058772 280.81528630061075 22.320198312401775 5.0432976931333524 4.2610620856285086 140.07581592901261 359.1441637435928 866.62139461212792 4.4625416547060004 5.2554470393806678 2.8173001741524777 6.8432137880299697 7.1020875237882128 5.6114106867462388 45.164475264959037 4.602600352605803 320.37936355287093 164.64753325469792 347.61713987588882 3911.4526521668304 69.346314124763012 12.16403905302286 22.711791357025504 33.539722464513034 6.8949134359136224 3.0730034778825939 4.5854789465665817
leaf_count=136 26 1318 99 22 20 855 1664 4352 20 38 22 89 32 44 232 71 2072 809 1770 18678 316 70 121 185 53 30 21
internal_value=-1.25382e-06 -0.00148215 -0.000254598 -0.0212362 -0.00661108 -0.00947961 0.000248197 -0.00129156 0.00686414 0.0124296 -0.000961173 0.000538878 0.0121781 0.015132 0.000331391 -0.00567264 -0.00445781 0.000786468 0.00611025 0.000273458 0.0111625 -0.0125272 -0.00861699 -0.0264548 -0.0402472 0.0456689 -0.0616104
internal_weight=6678.05 1784.75 1547.25 36.21 26.5813 237.493 1511.04 1225.77 285.278 29.0018 20.6734 4893.31 85.7033 82.0598 4807.6 338.72 327.223 4468.88 392.782 4076.1 74.9577 208.491 162.788 45.7038 11.4975 8.32845 9.62878
internal_count=33165 8973 7516 162 119 1457 7354 6016 1338 226 158 24192 418 392 23774 2285 2161 21489 2002 19487 360 1231 976 255 124 68 43
is_linear=0
shrinkage=0.05


Tree=197
num_leaves=25
num_cat=0
split_feature=14 15 41 39 4 22 8 18 9 39 31 3 1 3 24 42 27 30 20 0 23 14 3 24
split_gain=2.14164 5.83105 5.18117 5.42858 3.75358 5.85893 3.82989 4.2475 3.63488 3.80093 3.0908 2.89572 4.59647 8.05967 4.95993 4.39254 6.82668 2.80243 2.71357 2.30887 1.78019 1.64356 2.4871 1.30852
threshold=0.67300000000000015 1.5810000000000002 0.48550000000000004 2.5610000000000004 2.5145000000000004 -0.84999999999999998 0.81666666666666676 0.4555555555555556 0.49050000000000005 2.4185000000000003 0.7855000000000002 0.54000000000000015 5.5000000000000009 0.58950000000000002 1.4140000000000001 0.28350000000000003 0.21200000000000002 1.3745000000000001 -1.4999999999999998 15.500000000000002 -1.0414999999999996 0.78050000000000008 0.82700000000000007 1.0000000180025095e-35
decision_type=2 2 2 2 2 2 2 2 2 2 2 2 2 2 2 2 2 2 2 2 2 2 2 2
left_child=4 11 3 10 5 8 7 -7 9 -1 -3 15 13 -13 -14 16 -2 -17 -8 20 -6 -4 -23 -21
right_child=1 2 21 -5 19 6 18 -9 -10 -11 -12 12 14 -15 -16 17 -18 -19 -20 23 -22 22 -24 -25
leaf_value=0.066057388928379493 -0.022166012521787966 -0.008594075747969809 0.013230243718946759 -0.057404231594662049 0.03440831715300334 -0.025827219602530316 -0.013991275429898843 -0.00065040537502324385 -0.092218426374894163 -0.030816108142998663 0.044284338019784882 0.042856816482898762 -0.035714866550364384 0.0042715477187146326 -1.1784211131717553e-05 0.02218754320534987 0.0046730197935273589 -0.030163500005192519 -0.074226578115672404 0.016952562364599147 -0.033409060359898345 0.014612051303987891 0.069161695265109707 0.071830070116083541
leaf_weight=1.0875583123415733 32.620701653882861 5.489497977774592 3.1533421706408253 3.0416091680526725 1.9058598261326554 17.887501457997132 4.7525403550826013 263.94483329507057 2.2387404590845099 14.682855154853312 5.5648696534335613 14.100899502635 9.7438290528953058 336.40576890856028 5824.9701089290902 2.8495487594045725 86.568389586172998 24.846862349193543 3.0823887996375552 1.6969258859753606 1.9657093323767165 2.8675319924950582 7.7015388628933579 3.0184641908854246
leaf_count=12 175 45 18 29 31 288 40 1559 10 213 38 64 53 2707 26924 26 574 166 17 36 15 16 88 21
internal_value=-1.45817e-06 0.000198242 0.0230398 0.00174931 -0.00401734 -0.00492734 -0.00320694 -0.00224834 -0.032599 -0.0241355 0.0180254 9.78935e-05 0.000262667 0.00582383 -7.14075e-05 -0.00684056 -0.00267252 -0.0247774 -0.0376888 0.0285885 -2.45566e-05 0.0449098 0.0543616 0.0520813
internal_weight=6676.19 6359.92 27.8184 14.096 316.263 307.676 289.667 281.832 18.0092 15.7704 11.0544 6332.11 6185.22 350.507 5834.71 146.886 119.189 27.6964 7.83493 8.58696 3.87157 13.7224 10.5691 4.71539
internal_count=33165 30923 234 112 2242 2139 1904 1847 235 225 83 30689 29748 2771 26977 941 749 192 57 103 46 122 104 57
is_linear=0
shrinkage=0.05


Tree=198
num_leaves=24
num_cat=0
split_feature=40 1 21 28 19 0 27 4 41 21 33 42 1 11 13 2 4 13 4 3 21 34 13
split_gain=2.17746 4.24414 6.42769 5.76723 9.36853 4.48765 8.15492 6.63858 4.16315 5.6936 5.41372 5.30313 8.48226 4.9106 6.88267 7.64068 4.74613 11.9062 6.26729 4.6459 4.0009 1.66768 1.17742
threshold=0.75850000000000006 60.500000000000007 22.500000000000004 0.18850000000000003 0.91100000000000014 2.5000000000000004 0.16900000000000001 0.60350000000000004 0.50700000000000012 36.500000000000007 0.26950000000000007 0.28850000000000003 26.500000000000004 49.500000000000007 1.8305000000000002 28.500000000000004 1.8040000000000003 1.3870000000000002 1.7925000000000002 0.96100000000000008 -25.499999999999996 0.48400000000000004 0.81950000000000001
decision_type=2 2 2 2 2 2 2 2 2 2 2 2 2 2 2 2 2 2 2 2 2 2 2
left_child=8 2 5 4 -4 6 -2 -7 9 11 -11 19 -13 16 20 -16 18 -18 -10 -1 -15 -5 -12
right_child=1 -3 3 21 -6 7 -8 -9 13 10 22 12 -14 14 15 -17 17 -19 -20 -21 -22 -23 -24
leaf_value=-0.0023713493643442878 -0.057812904375609257 0.040234902027182495 -0.015230489255126899 0.038095589798881564 -0.07545776397877077 -0.037916741245447631 0.0099462897138856282 -0.0020028328438850794 0.003680661568151711 -0.071336605739281397 0.0137465208304332 -0.009952061172711954 0.0039155986531046148 -0.0033029371294720669 -0.015111316591318502 0.051754767643726052 0.00031342976578870735 0.038739463826730096 -0.046545894119596538 0.0015049434502084499 -0.055278222257550816 -0.0051716627896782807 -0.024608315368278413
leaf_weight=1032.6119499849156 4.607276063412427 5.9567553400993338 25.898792706429958 4.131232872605322 8.601348400115965 13.02338872477412 122.60532743483782 1074.0787710107397 682.66143613762688 5.4045738875865927 3.7689729891717416 309.92417499402654 171.16531961038709 5.5618438273668316 13.764665037393572 6.1951378285884848 49.920802546665072 33.812492936849594 6.2679007500410071 3074.5408151989104 11.075953632593153 4.8318226486444473 4.2653907835483551
leaf_count=5541 23 28 115 20 38 151 656 5157 3348 23 19 1596 754 24 62 27 242 250 31 14970 48 21 21
internal_value=-1.4148e-06 -0.00187011 -0.00206952 -0.0209625 -0.030246 -0.00139329 0.00749225 -0.00243308 0.000435022 -0.000146586 -0.0326438 -5.14017e-05 -0.00501813 0.00374221 -0.014154 0.00564263 0.00458988 0.0158303 0.0032237 0.000530374 -0.0379034 0.014771 -0.00661581
internal_weight=6674.68 1263.73 1257.78 43.4632 34.5001 1214.31 127.213 1087.1 5410.94 4601.68 13.4389 4588.24 481.089 809.26 36.5976 19.9598 772.663 83.7333 688.929 4107.15 16.6378 8.96306 8.03436
internal_count=33165 6209 6181 194 153 5987 679 5308 26956 22924 63 22861 2350 4032 161 89 3871 492 3379 20511 72 41 40
is_linear=0
shrinkage=0.05


Tree=199
num_leaves=24
num_cat=0
split_feature=7 37 40 4 13 24 3 40 7 17 25 27 2 4 40 11 13 41 36 43 7 23 35
split_gain=2.12484 4.53574 3.63403 6.5643 4.13535 4.32464 2.67233 2.34979 4.97225 9.14371 5.27779 5.16303 7.35775 4.95712 4.84075 7.07983 8.10027 5.06524 9.23742 6.5777 4.86285 2.88284 1.37517
threshold=0.63050000000000017 0.37150000000000005 0.75050000000000006 1.4420000000000002 2.3270000000000004 2.9005000000000005 1.3965000000000003 0.71500000000000008 0.41050000000000003 0.060500000000000005 342.50000000000006 0.17450000000000002 10.500000000000002 1.413 0.72750000000000015 11.500000000000002 2.2745000000000002 0.46050000000000008 0.50750000000000017 0.77700000000000014 0.48200000000000004 0.13500000000000004 0.81200000000000017
decision_type=2 2 2 2 2 2 2 2 2 2 2 2 2 2 2 2 2 2 2 2 2 2 2
left_child=7 -2 4 22 5 -3 -5 8 11 21 -11 12 -1 -13 15 20 -17 18 -16 -19 -9 -10 -4
right_child=1 2 3 6 -6 -7 -8 14 9 10 -12 13 -14 -15 17 16 -18 19 -20 -21 -22 -23 -24
leaf_value=-0.014876794555240568 0.070435256053443307 -0.024527606112233681 -0.07037719819828904 -0.025867083826847742 0.052766580691122257 0.019524175212861594 0.054339061143313105 0.0095963609637210838 0.017063239505395823 -0.04577063714025472 -0.011893108780321751 -0.0036308530744526106 0.022746513855757017 0.0025323651620293248 -0.011780417206932807 0.00070134437648119703 0.04612746105386737 0.00024453381749279141 0.0030097380430648504 0.018846913838630037 0.037154926333844707 0.076428934029719148 -0.032295079556738465
leaf_weight=17.681911786086857 1.6493556099012483 17.065308235032724 6.3983779614791256 1.8950618654489506 2.9122648928314439 8.2719775931909663 2.2976794869173318 200.4677890567109 7.9489668793976289 13.17803420696873 90.102558529819362 925.40168458037078 49.022907815873623 503.90709420316853 239.35865354863927 645.21014624089003 9.965168906375764 3669.4428274825914 188.87677701364737 48.143547493964434 17.39639620273374 2.7533104219473898 3.7657742870505899
leaf_count=101 13 307 89 9 24 78 31 1220 52 73 479 4589 216 2473 1164 2956 57 17887 922 235 121 19 50
internal_value=-1.22664e-06 -0.0109207 -0.0140702 -0.0345536 -0.00366014 -0.0101458 0.018087 7.16746e-05 -0.00159042 -0.011657 -0.0162157 -0.000823435 0.0127734 -0.00145799 0.000604856 0.00398871 0.00139227 -0.000107727 -0.0052571 0.000485439 0.0117969 0.0323359 -0.0562679
internal_weight=6673.11 44.2558 42.6064 14.3569 28.2496 25.3373 4.19274 6628.86 1610 113.983 103.281 1496.01 66.7048 1429.31 5018.86 873.04 655.175 4145.82 428.235 3717.59 217.864 10.7023 10.1642
internal_count=33165 601 588 179 409 385 40 32564 8002 623 552 7379 317 7062 24562 4354 3013 20208 2086 18122 1341 71 139
is_linear=0
shrinkage=0.05


Tree=200
num_leaves=21
num_cat=0
split_feature=14 4 22 41 59 59 23 17 13 17 4 1 14 13 41 59 1 13 26 10
split_gain=2.08038 3.65595 3.33427 3.30164 3.03302 4.34967 2.74608 2.46645 4.80077 3.59597 1.87413 4.70826 1.46028 1.57128 1.41593 0.208951 0.00576186 0.00185327 0.00113064 7.67946e-05
threshold=0.55800000000000016 0.66100000000000014 -0.96666666666666645 0.53650000000000009 20.500000000000004 10.500000000000002 -2.4499999999999997 0.7320000000000001 1.7965000000000002 0.50850000000000006 0.26150000000000007 20.500000000000004 1.1060000000000001 2.1275000000000004 0.44800000000000006 21.500000000000004 11.500000000000002 1.4915000000000003 0.15050000000000002 6.5000000000000009
decision_type=2 2 2 2 2 2 2 2 2 2 2 2 2 2 2 2 2 2 2 2
left_child=1 10 12 4 5 -3 -4 9 -9 -8 11 19 14 -14 -2 -16 17 -12 -15 -1
right_child=2 3 6 -5 -6 -7 7 8 -10 -11 16 -13 13 18 15 -17 -18 -19 -20 -21
leaf_value=-0.051816218824078025 -0.021736929805089036 -0.0086771611215689572 0.051081469077979204 0.04349628093328 -0.053215639648737746 0.013165720747794539 -1.0329993868137134e-05 -0.025319928199464055 0.065785560779658317 0.0097924689298081354 -0.052198840213336498 0.28866717166777106 -0.084193815951557505 0.055886440668780839 0.053123785154021254 0.082781179613993047 -0.057345413025196239 -0.054686778896240351 0.050395083671248134 -0.050338999823474596
leaf_weight=0.18974859488662232 0.63944646622985502 114.35999206313863 2.6403893735259762 3.5344952056184402 3.2441322663798919 28.464626394212246 6393.7749214508804 17.589513278566304 1.5754959825426329 94.941783034708351 1.1740641893120485 0.14320820569992065 0.46926675736904133 0.17985000321641564 3.7212084112688899 0.70669548213481892 1.7503714729100464 2.0651039713993669 0.19576798263005912 0.16403768307645805
leaf_count=11 16 967 18 26 27 147 30748 224 60 517 60 1 2 8 144 3 19 35 35 97
internal_value=-1.24308e-06 -0.00572448 0.000134969 -0.00425435 -0.00540979 -0.00432392 0.000100886 8.02022e-05 -0.0178304 0.000133103 -0.0458112 0.0467811 0.0376666 -0.0231895 0.0478132 0.0578571 -0.055034 -0.053785 0.0530244 -0.0511313
internal_weight=6671.52 155.09 6516.43 149.603 146.069 142.825 6510.52 6507.88 19.165 6488.72 5.48653 0.496994 5.91224 0.844885 5.06735 4.4279 4.98954 3.23917 0.375618 0.353786
internal_count=33165 1390 31775 1167 1141 1114 31567 31549 284 31265 223 109 208 45 163 147 114 95 43 108
is_linear=0
shrinkage=0.05


Tree=201
num_leaves=24
num_cat=0
split_feature=18 19 23 19 21 15 27 6 37 9 37 21 29 16 22 40 27 27 24 22 19 39 18
split_gain=2.10917 5.81176 6.0147 5.73029 5.46959 5.77949 5.58709 5.4747 7.79309 7.41232 9.20408 7.31244 5.39047 5.12062 5.04318 4.2523 6.89654 8.3184 7.25917 3.91891 3.73574 9.30654 4.29642
threshold=0.59166666666666679 2.1275000000000004 -1.1114999999999997 2.2545000000000006 17.500000000000004 -0.71099999999999985 0.20750000000000002 0.63250000000000017 0.52450000000000008 1.8250000000000004 0.49550000000000005 11.500000000000002 2.8895000000000004 0.65100000000000013 1.0000000180025095e-35 0.79000000000000015 0.22850000000000004 0.24150000000000002 2.9005000000000005 0.066666666666666666 2.0700000000000007 2.5500000000000003 0.51666666666666672
decision_type=2 2 2 2 2 2 2 2 2 2 2 2 2 2 2 2 2 2 2 2 2 2 2
left_child=1 15 -3 12 7 -6 -7 9 14 11 -11 -2 -4 -10 -9 20 18 -18 -17 -8 22 -22 -1
right_child=4 2 3 -5 5 6 19 8 13 10 -12 -13 -14 -15 -16 16 17 -19 -20 -21 21 -23 -24
leaf_value=0.00027176602098369064 0.0017016574896692683 0.019720982015727015 -0.031946692116386427 0.0063524610620524016 0.030548098523630676 0.0069722916861384102 -0.071755619177264876 0.0058854299462154872 -0.03809053190535925 -0.001978987100589909 -0.02711831680415603 0.036845448997220857 -0.095007728851966608 0.015930128069084386 0.029225740947828507 -0.048664916546274667 0.029686316156614507 -0.0091413295285054097 -0.0082627329638627744 -0.017051316013519151 -0.026591400678970464 0.0459214193991348 -0.004564615927499632
leaf_weight=3890.6792979390884 1740.8231755662709 6.3302269130945232 11.107555203139784 5.9334077090024939 4.248529605567458 5.9193702936172512 8.6393886879086477 43.601094014942646 11.37115700915456 144.26574654877186 48.700131147634238 14.92841652035713 4.8765750378370276 7.1419693073257795 49.326078305952251 18.971088932419661 17.606812591198832 63.703012367361225 26.856881450861692 5.27149374783039 6.6761377900838879 13.121776118874548 520.65492527280003
leaf_count=19649 8569 29 52 26 20 26 38 215 56 673 243 65 22 38 255 87 85 314 142 23 31 58 2449
internal_value=-1.25335e-06 -0.000600589 -0.02321 -0.0356094 0.00131763 -0.0223747 -0.0337131 0.00159454 0.0123729 0.000978163 -0.00832357 0.00200047 -0.0511859 -0.0172505 0.0182746 -0.000460477 -0.00947623 -0.000733599 -0.0249877 -0.0510256 -0.000201798 0.0214691 -0.000299056
internal_weight=6670.75 4586.52 28.2478 21.9175 2084.24 24.0788 19.8303 2060.16 111.44 1948.72 192.966 1755.75 15.9841 18.5131 92.9272 4558.27 127.138 81.3098 45.828 13.9109 4431.13 19.7979 4411.33
internal_count=33165 22944 129 100 10221 107 87 10114 564 9550 916 8634 74 94 470 22815 628 399 229 61 22187 89 22098
is_linear=0
shrinkage=0.05


Tree=202
num_leaves=30
num_cat=0
split_feature=42 11 1 26 24 4 24 36 23 22 59 33 22 7 26 15 20 24 19 27 5 10 22 41 7 24 20 27 36
split_gain=2.0291 4.37883 7.24969 14.0208 12.7288 5.9069 4.97869 5.57987 4.91617 4.84736 4.01407 3.5068 3.23799 2.67751 2.4058 5.46881 8.25719 7.44823 11.4437 6.96185 6.16699 5.02984 3.43011 6.38795 8.18826 6.22112 5.69545 5.5761 0.766788
threshold=0.32150000000000006 15.500000000000002 33.500000000000007 0.56500000000000006 2.7505000000000006 0.98350000000000015 3.2680000000000007 0.5655 0.45100000000000012 -0.14999999999999997 14.500000000000002 0.29600000000000004 0.63333333333333353 0.20350000000000004 0.64400000000000013 -0.78449999999999986 -13.499999999999998 2.9725000000000006 0.68900000000000006 0.21200000000000002 0.49150000000000005 15.500000000000002 0.25833333333333336 0.52300000000000013 0.38700000000000007 4.0015000000000009 -8.4999999999999982 0.20850000000000002 0.60850000000000015
decision_type=2 2 2 2 2 2 2 2 2 2 2 2 2 2 2 2 2 2 2 2 2 2 2 2 2 2 2 2 2
left_child=14 6 4 5 9 -4 7 11 -6 -3 12 -2 -8 -5 22 17 21 18 -16 -18 -19 -17 25 27 -25 26 -1 -24 -27
right_child=1 2 3 13 8 -7 10 -9 -10 -11 -12 -13 -14 -15 15 16 19 20 -20 -21 -22 -23 23 24 -26 28 -28 -29 -30
leaf_value=-0.01177610346189331 -0.029355332040141176 0.009932855903423736 -0.0062446182122016126 0.001796219302932789 0.069755333346397566 -0.069147406447709198 0.034925511026173424 0.021106087921903299 0.010579912013767238 -0.024104183087455038 -0.035028667843733589 -0.075533237596358202 -0.029677993875356162 0.056202215844406482 -0.00060507617387953313 -0.080700992204951277 -0.0023008713801562926 -0.016541706596088845 0.092331901272424577 -0.023532615364683433 0.0056299591702015598 -0.016937794049036514 0.0082133233226529458 0.017223743284567241 -0.026119539476415651 0.056605172695822929 -9.035646775463689e-05 -9.504482801322246e-06 0.011224350973736733
leaf_weight=106.79396567493677 23.246267341310162 26.725418530404564 5.5820643901825013 4.5438069179654104 10.151031590998171 11.261718221008776 8.88049358432181 4.7393976021558037 5.3647154569625846 17.187266059219841 4.4892734661698332 4.994690448511391 2.4815486120060077 4.5019878298044205 7.7633295375853759 5.9405100494623166 234.37989471462788 40.608277183026075 5.7771800458431244 46.223922576755285 137.75530243874528 6.4518552720546722 251.28909682750236 115.77665318723302 12.028627851977943 5.3424926924053571 4410.1378084312892 1148.3011773498729 1.1272299818228928
leaf_count=475 127 121 26 22 52 51 65 28 25 80 22 26 23 20 52 26 1123 190 26 215 768 28 1313 605 61 96 21645 5835 19
internal_value=-1.20627e-06 -0.00608837 0.00074578 -0.0213365 0.0103658 -0.0483013 -0.0180289 -0.0290972 0.0492949 -0.00338912 0.00499991 -0.0375223 0.0208157 0.0288735 0.000123737 -0.00326497 -0.00756233 0.00329616 0.0390473 -0.00579838 0.000582106 -0.0475039 0.000395302 0.00244398 0.0131444 -0.000296466 -0.000366643 0.00146686 0.0486984
internal_weight=6669.85 134.15 85.318 25.8896 59.4284 16.8438 48.8317 32.9804 15.5157 43.9127 15.8513 28.241 11.362 9.04579 6535.7 484.9 292.996 191.904 13.5405 280.604 178.364 12.3924 6050.8 1527.4 127.805 4523.4 4516.93 1399.59 6.46972
internal_count=33165 688 397 119 278 77 291 181 77 201 110 153 88 42 32477 2428 1392 1036 78 1338 958 54 30049 7814 666 22235 22120 7148 115
is_linear=0
shrinkage=0.05


Tree=203
num_leaves=29
num_cat=0
split_feature=44 1 27 1 22 22 34 31 22 10 11 29 0 4 59 4 8 1 9 21 9 9 11 18 26 23 23 5
split_gain=1.99936 3.93595 5.19853 5.16135 5.61916 7.12321 3.55376 4.42927 3.8527 3.1314 7.48054 3.73504 3.08507 3.04849 5.40189 8.83784 5.90879 7.35186 7.2113 5.56845 5.49116 4.23942 4.37679 7.17247 4.24662 3.88229 6.39509 4.91424
threshold=0.42400000000000004 11.500000000000002 0.27350000000000008 18.500000000000004 -0.29999999999999988 0.19999999999999998 0.44350000000000006 0.82100000000000006 -0.36666666666666653 6.5000000000000009 19.500000000000004 2.8440000000000007 12.500000000000002 0.72900000000000009 21.500000000000004 0.67300000000000015 0.51666666666666672 49.500000000000007 1.8250000000000004 1.0000000180025095e-35 1.5400000000000003 2.4460000000000002 7.5000000000000009 0.12222222222222222 0.46050000000000008 1.2320000000000004 1.1670000000000005 0.68600000000000005
decision_type=2 2 2 2 2 2 2 2 2 2 2 2 2 2 2 2 2 2 2 2 2 2 2 2 2 2 2 2
left_child=1 2 6 9 -5 -6 7 -1 -8 10 -3 -11 -4 14 15 20 18 -18 -16 -17 -2 25 23 -23 -24 26 -15 -27
right_child=13 3 12 4 5 -7 8 -9 -10 11 -12 -13 -14 21 16 19 17 -19 -20 -21 -22 22 24 -25 -26 27 -28 -29
leaf_value=-0.042350270435830034 0.018571489125056993 0.057219167836484924 -0.059493031310702306 0.048557867809203396 -0.014311403651320496 0.021613244466981998 -0.0048526222024340782 0.040928009423274479 0.053663131539576726 -0.053868104336145195 -0.026194555993371962 0.0019682580756371078 0.016225481065415017 0.00012267580578703661 0.021085879206250727 0.015056304156779525 0.044739039139076259 0.0028207384623917505 -0.06627783599957017 -0.029712690404488741 -0.0049902455772786493 0.041584577834419732 0.0064320853325031974 -0.018309824308376396 0.050917373126061899 -0.025881263042235422 0.020972382054322905 -0.0032914844243142256
leaf_weight=3.1797739272005918 27.060733597871149 3.9371288716793087 2.7579340234515248 7.791814759373664 28.306228622794151 26.922268271446228 3.4597787307575425 3.2069312389940023 15.045631919987493 8.7084820717573148 8.4703793153166753 4.5650455951690665 2.62626563757658 5892.3754250759957 4.438645364250986 8.001203451305626 16.391308389604092 28.906179159879684 5.0488578081130981 52.655239060521126 286.86028789612465 7.2632532415445921 9.5085856243968028 16.030234704725444 12.310229323804377 30.42664413806051 37.008904788643122 115.33615296427161
leaf_count=25 354 19 22 35 137 121 24 20 92 42 40 21 18 28230 26 50 76 127 22 255 1921 253 49 121 71 166 179 649
internal_value=-9.94513e-07 0.00642253 0.0219885 0.00110942 0.00880874 0.00320081 0.0316243 -0.000534074 0.042723 -0.0177844 0.000274141 -0.0346648 -0.0225596 -0.000117681 -0.00419033 -0.00633515 0.0104743 0.0179893 -0.0254055 -0.0238072 -0.00295917 0.000168033 0.0154391 0.000366134 0.0315308 5.4634e-05 0.000252812 -0.00800689
internal_weight=6668.6 118.978 30.2763 88.7013 63.0203 55.2285 24.8921 6.38671 18.5054 25.681 12.4075 13.2735 5.3842 6549.62 429.362 374.577 54.785 45.2975 9.4875 60.6564 313.921 6120.26 45.1123 23.2935 21.8188 6075.15 5929.38 145.763
internal_count=33165 616 201 415 293 258 161 45 116 122 59 63 40 32549 2831 2580 251 203 48 305 2275 29718 494 374 120 29224 28409 815
is_linear=0
shrinkage=0.05


Tree=204
num_leaves=22
num_cat=0
split_feature=36 12 7 7 13 21 22 14 26 13 42 8 43 19 8 9 1 28 34 5 4
split_gain=1.99264 4.6265 4.78751 8.16149 6.75353 8.13745 4.90922 2.16122 4.86835 3.68457 6.15171 2.792 5.20263 3.24904 2.94411 9.18719 4.22594 1.59628 1.72016 0.368698 0.012237
threshold=0.32300000000000006 3.5000000000000004 0.23900000000000002 0.26800000000000007 0.81950000000000001 -11.499999999999998 0.066666666666666666 0.26150000000000007 0.29200000000000004 1.1635000000000002 0.27750000000000008 1.0000000180025095e-35 0.68600000000000005 1.0365000000000002 0.18333333333333332 1.3725000000000003 5.5000000000000009 0.25250000000000006 0.59750000000000003 -1.5119999999999998 1.9835000000000003
decision_type=2 2 2 2 2 2 2 2 2 2 2 2 2 2 2 2 2 2 2 2 2
left_child=1 -1 4 -4 -3 -6 -5 8 9 20 -11 12 -9 -14 15 -13 -16 18 -10 -19 -2
right_child=7 2 3 6 5 -7 -8 11 17 10 -12 14 13 -15 16 -17 -18 19 -20 -21 -22
leaf_value=-0.044504250563534353 -0.052791695233774631 -0.011285539279892362 -0.056371309071803613 -0.0072793865584559808 -0.011669821086179538 0.068615655110628823 0.046089119869369005 -0.046028760572858075 -0.035336302395177613 -0.0088015621082532906 0.062824144054434206 -0.0023858708136719501 0.034054961888572814 0.0069493107633973447 0.0056943150010456099 -0.035835787780981926 -0.00015660244019156022 -0.032857738987834895 0.09322244448093675 -0.061121000596513445 -0.059964340255575115
leaf_weight=3.6210638917982569 1.6969050392508571 6.9024869650602367 5.3042938411235836 10.686118686571719 4.2692951560020491 12.104600004851815 7.2207467053085557 4.2669439585879436 0.77418932641739757 12.2895420845598 3.9649272598326197 493.29608739260584 12.633062053471802 88.527762174955569 326.46394265536219 21.418634854257107 5644.2243196251802 1.4540980514138935 0.39192023151554167 5.5891395132639445 0.9154337104409932
leaf_count=26 102 39 33 63 20 55 38 33 34 129 42 2459 66 633 2720 102 26363 32 23 145 8
internal_value=-9.67844e-07 0.00993226 0.0141725 -0.00189566 0.0301956 0.0476822 0.0142409 -7.6179e-05 -0.0141735 -0.000188155 0.00866998 -1.82651e-05 0.00805313 0.0103343 -0.000149475 -0.00377781 0.000163313 -0.0463147 0.00787128 -0.055286 -0.0553052
internal_weight=6668.02 50.1086 46.4875 23.2112 23.2764 16.3739 17.9069 6617.91 27.0762 18.8668 16.2545 6590.83 105.428 101.161 6485.4 514.715 5970.69 8.20935 1.16611 7.04324 2.61234
internal_count=33165 274 248 134 114 75 101 32891 515 281 171 32376 732 699 31644 2561 29083 234 57 177 110
is_linear=0
shrinkage=0.05


Tree=205
num_leaves=22
num_cat=0
split_feature=7 37 24 36 0 13 24 44 13 36 24 44 7 40 21 30 17 39 1 24 39
split_gain=2.03995 4.15398 3.41498 3.49544 3.39568 2.32911 2.73587 2.26714 6.4014 7.9635 7.67756 4.08362 8.05946 3.73774 1.97599 1.33691 1.01084 0.634878 0.00485274 0.000256966 4.54445e-07
threshold=0.63050000000000017 0.37150000000000005 3.8040000000000003 0.58250000000000013 5.5000000000000009 1.0000000180025095e-35 4.3335000000000008 0.51500000000000012 0.6170000000000001 0.53400000000000014 3.6255000000000002 0.51250000000000007 0.16350000000000003 0.76050000000000006 5.5000000000000009 1.3825000000000001 0.49150000000000005 2.669 1.5000000000000002 5.9000000000000012 2.5780000000000007
decision_type=2 2 2 2 2 2 2 2 2 2 2 2 2 2 2 2 2 2 2 2 2
left_child=5 -2 3 4 -3 6 15 11 10 -10 -9 13 -13 -7 19 -1 -17 -5 20 -8 -4
right_child=1 2 18 17 -6 7 14 8 9 -11 -12 12 -14 -15 -16 16 -18 -19 -20 -21 -22
leaf_value=0.0055890714124111826 0.067571151622751818 0.044026556264002856 0.050520811174265039 -0.043314199696171576 -0.016114325562731121 0.00024774036454140524 0.052346174306530283 -0.02541892611980472 0.0057113939512753956 -0.0032767459045861536 0.033419026904822277 -0.044339319832694672 0.0012280724220160213 -0.00409949274172881 -0.015346926276643347 -0.049099907843912868 -0.0020824794687432273 -0.083574628441101834 0.05631885411711697 0.050974749417668642 0.05062223670289611
leaf_weight=1.7988969918806095 1.6283107148483384 2.5226485827006391 0.15654692752286692 2.1771002825698811 33.723812505748356 4841.3938196547097 0.44414705038070579 37.241834454238415 769.03281600866467 362.6458741837414 6.5140924304723731 15.592503758613018 25.693698498420417 550.69268350303173 2.6391923204064369 7.3314514677040261 1.3543278207071123 1.7796456302748991 1.2170711383223531 1.4788408577442167 0.37497780774720013
leaf_count=36 13 19 18 28 455 23581 11 215 3636 1767 40 87 128 2661 15 254 41 17 17 92 34
internal_value=-1.12712e-06 -0.0107834 -0.0138247 -0.0167998 -0.0119287 6.98126e-05 -0.0195795 0.00011455 0.0021056 0.00283115 -0.0166595 -0.000316187 -0.0159813 -0.000196242 0.0127416 -0.0336434 -0.0417687 -0.0614223 0.0545782 0.0512915 0.0505924
internal_weight=6667.43 43.5801 41.9518 40.2032 36.2465 6623.85 15.0469 6608.81 1175.43 1131.68 43.7559 5433.37 41.2862 5392.09 4.56218 10.4847 8.68578 3.95675 1.7486 1.92299 0.531525
internal_count=33165 601 588 519 474 32564 449 32115 5658 5403 255 26457 215 26242 118 331 295 45 69 103 52
is_linear=0
shrinkage=0.05


Tree=206
num_leaves=26
num_cat=0
split_feature=18 20 28 30 29 14 18 18 13 28 2 8 8 6 30 17 14 7 23 5 40 5 26 11 32
split_gain=1.95246 5.07829 6.43596 5.64755 7.28703 5.33079 7.41921 11.1654 5.93813 5.66566 5.50614 4.77226 7.9508 7.09749 9.02796 7.41144 5.83521 7.26991 4.81576 4.45069 4.70799 7.63595 5.6838 4.26361 3.97776
threshold=0.59166666666666679 -8.4999999999999982 0.27750000000000008 1.4780000000000002 2.8050000000000002 1.0890000000000002 0.70000000000000007 0.78888888888888908 0.91850000000000021 0.20300000000000004 29.500000000000004 1.0000000180025095e-35 0.18333333333333332 0.20750000000000002 1.3475000000000004 0.29800000000000004 0.81350000000000011 0.27450000000000008 -0.68299999999999983 -0.77099999999999991 0.73550000000000015 -0.98349999999999993 0.17150000000000001 30.500000000000004 0.39450000000000007
decision_type=2 2 2 2 2 2 2 2 2 2 2 2 2 2 2 2 2 2 2 2 2 2 2 2 2
left_child=11 2 3 -2 -5 9 8 -8 -7 23 -11 19 13 15 -15 -13 17 -14 -18 20 22 -22 -1 -3 -21
right_child=1 5 -4 4 -6 6 7 -9 -10 10 -12 12 16 14 -16 -17 18 -19 -20 24 21 -23 -24 -25 -26
leaf_value=0.078707166797250552 0.039102563548570148 -0.014813776107689894 -0.071884525974346747 -0.054929497753610813 0.0090448044290326272 -0.014399296957256084 -0.016343629165041073 0.0050279955807367455 0.0089502860432561157 -0.00055918098916559085 0.023331835761040295 0.0048254568775394045 -0.0016740515282317214 0.043582863479151926 -0.024202972502149398 -0.015324798352895172 -0.0066324723721142001 -0.023805937530790803 0.00059613420475392856 0.015061589750982696 0.0058260442189937544 -0.072918615587107813 0.010800898408309927 -0.07031772777084104 0.080098569535097711
leaf_weight=4.0868260189890888 4.8407237194478574 23.681492470204834 4.91905553638935 8.5944739133119601 9.2333226278424245 28.64930147305131 92.418636025860906 180.42255936667789 549.239899918437 1152.3744710510364 24.632213145494461 112.2267663422972 104.89065481768921 5.2088611871004096 86.164241364225745 76.903417487978004 245.07818986475468 57.415769508923404 3848.8259287147084 4.9477075487375242 17.495301354676485 3.7360987812280682 12.526449547149239 4.0519563257694236 4.4796349033713341
leaf_count=19 23 149 21 38 43 138 426 882 2561 5813 107 569 604 29 410 461 1126 486 19005 22 98 17 77 20 21
internal_value=-1.10479e-06 0.0012682 -0.0200415 -0.00879157 -0.0217961 0.00155421 0.00458433 -0.00221115 0.00779271 -0.000585527 -5.91935e-05 -0.000577902 -0.000742582 -0.00889614 -0.0203387 -0.00336797 -0.000205226 -0.00950319 0.0001634 0.0152265 0.00756927 -0.00803069 0.0275057 -0.0229231 0.0459655
internal_weight=6667.04 2083.06 27.5876 22.6685 17.8278 2055.47 850.73 272.841 577.889 1204.74 1177.01 4583.99 4536.71 280.503 91.3731 189.13 4256.21 162.306 4093.9 47.272 37.8447 21.2314 16.6133 27.7334 9.42734
internal_count=33165 10221 125 104 81 10096 4007 1308 2699 6089 5920 22944 22690 1469 439 1030 21221 1090 20131 254 211 115 96 169 43
is_linear=0
shrinkage=0.05


Tree=207
num_leaves=25
num_cat=0
split_feature=20 20 9 29 9 13 24 26 24 11 42 22 11 9 28 23 9 24 28 22 24 7 36 24
split_gain=1.91484 8.45512 10.8861 6.93603 9.27736 6.28291 6.21681 6.0521 11.8324 6.03559 6.34056 5.8371 7.14103 5.72848 6.99391 5.05793 4.30716 4.71079 4.17134 6.94508 5.14656 3.00897 0.781383 0.00416134
threshold=-6.4999999999999991 -5.4999999999999991 1.1190000000000004 3.1160000000000001 2.2890000000000001 1.3870000000000002 4.0015000000000009 0.46550000000000008 2.2665000000000006 32.500000000000007 0.28850000000000003 -0.21111111111111108 14.500000000000002 1.6450000000000002 0.30050000000000004 0.10600000000000001 2.3655000000000004 3.3285000000000005 0.21850000000000003 0.40833333333333338 2.5215000000000001 0.21250000000000002 0.38650000000000007 4.2580000000000009
decision_type=2 2 2 2 2 2 2 2 2 2 2 2 2 2 2 2 2 2 2 2 2 2 2 2
left_child=3 2 -2 5 9 7 18 8 -1 10 -5 21 -13 -7 -15 -9 -6 -18 19 -3 -20 -4 -8 -24
right_child=1 6 11 4 16 13 22 15 -10 -11 -12 12 -14 14 -16 -17 17 -19 20 -21 -22 -23 23 -25
leaf_value=0.053950043044136337 -0.065957105688520826 -0.0068127067480549496 -0.00022655563951322509 -0.033418408007205185 0.081301643418405733 -0.040892527245719165 0.00019900016474884712 -0.022411049415729519 -0.010178411805521283 0.031213670905204827 0.011798131640774256 0.0019639479886209604 0.018484658858483185 0.033895042378800387 -0.0012108293539529586 0.00089556446418356599 -0.054073571084741916 0.025667554943011147 -0.00092448657698043053 0.013383386134296106 0.0025568915907253817 -0.059335880572098369 0.056045878633686375 0.053374148949024529
leaf_weight=7.4049944090656927 4.7787628993391982 404.96574624234927 4.2245582044124586 55.549945461563766 2.5059944838285437 4.3101005596108726 0.74117543385364015 23.88959412323311 251.29688328457996 4.7634606659412375 9.0106707718223316 113.76925436267629 153.88186000287533 33.117715454660356 24.819977966253646 909.97311020654161 2.3526375116780391 8.705731420312075 2918.3953784196929 47.568051329348236 1668.5195460756076 4.3906686678528786 2.8998369798064232 2.930039195693098
leaf_count=117 22 2078 20 288 19 24 11 114 1363 25 48 630 689 206 152 4486 13 93 14624 229 7760 21 37 96
internal_value=-1.1639e-06 0.000423534 0.00886411 -0.00169242 -0.0157008 -0.000767072 -4.65764e-05 -0.00157539 -0.00834282 -0.0231001 -0.0271076 0.0101583 0.0114623 0.014719 0.018856 0.000299347 0.0221154 0.00870285 -0.00010995 -0.0046898 0.000341887 -0.0303511 0.0485554 0.0547031
internal_weight=6664.77 5327.06 281.045 1337.7 82.8884 1254.81 5046.02 1192.56 258.702 69.3241 64.5606 276.266 267.651 62.2478 57.9377 933.863 13.5644 11.0584 5039.45 452.534 4586.91 8.61523 6.57105 5.82988
internal_count=33165 26217 1382 6948 486 6462 24835 6080 1480 361 336 1360 1319 382 358 4600 125 106 24691 2307 22384 41 144 133
is_linear=0
shrinkage=0.05


Tree=208
num_leaves=23
num_cat=0
split_feature=39 28 14 14 19 36 0 17 4 36 6 43 3 44 0 17 26 2 6 7 17 20
split_gain=1.90646 5.0621 4.89159 7.18516 6.9196 5.20609 3.70719 3.94209 2.70948 6.04374 7.26021 7.26062 5.97909 5.92206 6.38302 3.41985 2.79927 6.99512 5.88411 2.78661 13.62 4.67919
threshold=2.7315000000000005 0.70950000000000013 1.9485000000000003 1.7925000000000002 1.1225000000000003 0.39600000000000007 2.5000000000000004 0.20950000000000002 0.40600000000000008 0.43500000000000005 0.55400000000000016 0.73750000000000016 1.5810000000000002 0.44450000000000006 2.5000000000000004 0.10900000000000001 0.73850000000000005 25.500000000000004 0.54750000000000021 0.27450000000000008 0.068000000000000019 -9.4999999999999982
decision_type=2 2 2 2 2 2 2 2 2 2 2 2 2 2 2 2 2 2 2 2 2 2
left_child=8 2 3 5 -5 -2 -4 -8 9 10 11 -1 -12 15 -15 -11 19 18 -18 21 -21 -10
right_child=1 -3 6 4 -6 -7 7 -9 16 13 12 -13 -14 14 -16 -17 17 -19 -20 20 -22 -23
leaf_value=0.0089704017460700662 -0.024951247419887732 0.048951425208713893 0.065475370173047942 -0.018843092878095463 -0.085129402454516903 -0.0015915679196379078 -0.0038673736866293024 0.042912783280184844 -0.0040020111451010689 0.065612901479501204 -0.044694389441419062 0.14741040819577142 0.019790990119400761 -0.012550632437642602 -0.054430452252236611 -0.019530123717708119 0.029141597405177484 0.065643402074737442 -0.02407158621014175 0.01348700916312353 -0.0022229385211610404 0.0015747941000059712
leaf_weight=1.9714491066697548 27.336645156319719 4.4151350565953171 3.233632116578522 16.200521610677246 5.2010370790958396 187.09376760185114 17.242658128729094 6.0954349180683485 419.69945522712078 3.008885098155587 5.3420621845871237 1.8227348352374972 10.989016417413948 29.301402990706265 13.195469615282489 1.9396225464297456 10.599248543381696 5.6863864809274665 10.188718209043143 147.60823269560933 2111.6394427779014 3623.3531867142301
leaf_count=38 143 24 37 77 25 904 115 46 2136 39 76 41 104 242 295 15 54 25 49 819 10358 17503
internal_value=-9.69157e-07 -0.00414194 -0.00503527 -0.00732676 -0.0349521 -0.00456957 0.0153024 0.00835065 0.000171768 -0.0097875 0.0131724 0.0754773 -0.00130283 -0.0195266 -0.0255545 0.0322401 0.000278101 0.0165025 0.00306044 0.000209946 -0.00119653 0.00099588
internal_weight=6663.16 266.819 262.404 235.832 21.4016 214.43 26.5717 23.3381 6396.35 67.5706 20.1253 3.79418 16.3311 47.4454 42.4969 4.94851 6328.77 26.4744 20.788 6302.3 2259.25 4043.05
internal_count=33165 1371 1347 1149 102 1047 198 161 31794 850 259 79 180 591 537 54 30944 128 103 30816 11177 19639
is_linear=0
shrinkage=0.05


Tree=209
num_leaves=8
num_cat=0
split_feature=21 21 21 44 40 21 41
split_gain=2.03461 3.60964 2.49653 9.34804 2.07587 5.45721 3.20873
threshold=41.500000000000007 39.500000000000007 36.500000000000007 0.49550000000000005 0.75850000000000006 22.500000000000004 0.50700000000000012
decision_type=2 2 2 2 2 2 2
left_child=1 2 4 -4 6 -6 -1
right_child=-2 -3 3 -5 5 -7 -8
leaf_value=-4.9688140057898916e-05 -0.02655112591612549 0.041571353543644246 -0.072211875634472442 0.021636680583684457 -0.0011736962280649674 -0.019245371984131052 0.0033790646915630228
leaf_weight=4580.4443251961202 7.2080552279949179 5.2246113121509543 5.1897546201944333 5.4293179214000702 1213.5171449412883 43.264102570712566 801.7800070522062
leaf_count=22861 34 25 24 24 5995 194 4008
internal_value=-1.01152e-06 2.77457e-05 -4.89516e-06 -0.024229 3.38512e-05 -0.00179581 0.000461087
internal_weight=6662.06 6654.85 6649.62 10.6191 6639.01 1256.78 5382.22
internal_count=33165 33131 33106 48 33058 6189 26869
is_linear=0
shrinkage=0.05


Tree=210
num_leaves=17
num_cat=0
split_feature=21 22 15 10 33 13 27 9 18 8 8 44 13 20 25 13
split_gain=1.91117 1.91218 6.44987 13.0725 9.92558 8.52545 7.71397 6.89734 5.76061 5.17033 8.29231 8.04167 7.03237 4.71002 8.12602 4.61357
threshold=-40.499999999999993 -0.45555555555555544 0.72900000000000009 2.5000000000000004 0.39450000000000007 1.7230000000000001 0.19050000000000003 1.5210000000000001 0.63333333333333341 0.18333333333333332 0.097222222222222224 0.49150000000000005 0.7875000000000002 12.500000000000002 346.50000000000006 1.9395000000000002
decision_type=2 2 2 2 2 2 2 2 2 2 2 2 2 2 2 2
left_child=-1 2 5 8 -5 7 -7 -2 -4 10 12 -12 -3 15 -15 -11
right_child=1 9 3 4 -6 6 -8 -9 -10 13 11 -13 -14 14 -16 -17
leaf_value=-0.034248132424015275 0.0056658016679709215 -0.028897450027858398 0.042554556306502692 -0.012605639794823056 -0.073688369319021119 0.062807722325710955 0.015893333716547744 -0.026327306815359865 0.0025637690438140401 -0.00020689237895338584 -0.0037423595706432009 -0.025925243554942329 0.0083464644941840319 0.0018914645825983253 -0.039573225583283772 0.0054722215203388642
leaf_weight=4.0712185800075522 300.96109607559629 14.563785260543225 9.3571527153253538 105.87300875270739 7.0963373002596191 10.90231493860483 44.633170933462679 17.845375329256058 239.34285028022714 5213.2026973043685 87.333743005990982 76.768329482059926 97.703607879579067 28.240531586110592 20.315794512629509 383.95402545016259
leaf_count=18 1404 106 41 759 51 53 226 79 1321 25499 489 420 446 127 92 2034
internal_value=-9.21125e-07 2.002e-05 0.00242358 -0.00233834 -0.0164426 0.00702429 0.0251032 0.00387497 0.00406839 -0.0002787 -0.00695608 -0.0141197 0.00351503 4.81718e-05 -0.0154572 0.000182684
internal_weight=6662.17 6658.09 736.011 361.669 112.969 374.342 55.5355 318.806 248.7 5922.08 276.369 164.102 112.267 5645.71 48.5563 5597.16
internal_count=33165 33147 3934 2172 810 1762 279 1483 1362 29213 1461 909 552 27752 219 27533
is_linear=0
shrinkage=0.05


Tree=211
num_leaves=23
num_cat=0
split_feature=21 22 15 10 16 39 26 24 24 13 26 28 32 39 31 39 21 44 4 44 27 32
split_gain=1.8779 7.27503 7.82972 7.28214 7.60435 5.49529 5.40827 4.21056 3.41158 2.73476 4.82224 5.6459 8.21394 7.16475 4.44928 8.58856 5.87719 3.59297 9.41041 6.21728 3.56217 2.14771
threshold=-24.499999999999996 -0.19999999999999993 0.39000000000000007 2.5000000000000004 0.50850000000000006 2.7700000000000005 0.15500000000000003 1.7510000000000001 1.8575000000000002 1.5250000000000001 0.65750000000000008 0.30450000000000005 0.36000000000000004 2.5845000000000007 0.86050000000000015 2.4560000000000008 13.500000000000002 0.50550000000000017 2.4045000000000001 0.49550000000000005 0.16900000000000001 0.50200000000000011
decision_type=2 2 2 2 2 2 2 2 2 2 2 2 2 2 2 2 2 2 2 2 2 2
left_child=1 2 8 21 -5 7 -6 -4 -1 14 11 12 -11 -13 17 -16 -17 19 -19 -2 -12 -3
right_child=9 3 5 4 6 -7 -8 -9 -10 10 20 13 -14 -15 15 16 -18 18 -20 -21 -22 -23
leaf_value=0.013657726360924169 -0.00024746551008432356 -0.035407750670732173 -0.011256838308881287 -0.056741479327698942 -0.012244101680909421 -0.055854673279319339 0.061742605364279363 0.0056918246700526478 0.073279254656599319 -0.058294024966463465 -0.067892347282015875 0.0044639009285374611 0.011442051834032862 -0.0021000269659028079 0.049816155923842052 -0.008695189012419979 -0.045332352339030497 0.002350944499625961 -0.05147841389901673 -0.0061344759850068542 -0.0041197802156199012 -0.074178522139164774
leaf_weight=4.8705763220787031 2794.0042433485214 7.7787127494812029 65.733490809798241 4.5239499360322943 5.4266313761472684 4.857061728835105 4.533344954252243 82.807184360921383 4.7288353592157364 4.3168834657408288 4.2779871458187682 783.32284889370203 193.26926831994206 885.91038923780434 4.6928620133548966 32.636352838249877 16.470496460795403 1203.2759666171332 8.1743020098656398 534.2439114904555 4.4857801543548703 6.6049199849367142
leaf_count=22 14072 36 288 20 24 20 20 358 20 30 26 3795 1073 4318 25 189 86 5982 48 2650 35 28
internal_value=-8.63352e-07 -0.00487573 -0.000778359 -0.028011 -0.00298533 -0.00351972 0.0214314 -0.00180844 0.0430283 0.000143719 0.00175256 0.00192626 0.00991845 0.000980234 -0.00051319 -0.0148076 -0.0209833 -0.000343787 0.00198773 -0.00119244 -0.03525 -0.0532112
internal_weight=6660.95 191.865 162.997 28.8676 14.4839 153.398 9.95998 148.541 9.59941 6469.08 1875.58 1866.82 197.586 1669.23 4593.5 53.7997 49.1068 4539.7 1211.45 3328.25 8.76377 14.3836
internal_count=33165 836 708 128 64 666 44 646 42 32329 9277 9216 1103 8113 23052 300 275 22752 6030 16722 61 64
is_linear=0
shrinkage=0.05


Tree=212
num_leaves=24
num_cat=0
split_feature=14 14 1 8 3 6 28 4 4 23 3 26 18 17 7 18 30 1 44 1 17 25 19
split_gain=1.9213 7.57539 6.01811 5.85655 6.46992 5.65993 5.40936 9.16631 8.72815 8.33193 7.41869 6.52263 4.36969 5.0415 5.58823 5.63285 4.16615 4.14934 4.07099 3.44087 5.84956 3.29415 2.96195
threshold=1.6230000000000002 1.6940000000000002 55.500000000000007 0.59166666666666679 1.0165000000000002 0.48050000000000004 0.17500000000000002 1.3390000000000002 1.3830000000000002 0.89100000000000024 1.1520000000000001 0.64000000000000012 0.14999999999999999 0.44900000000000007 0.47250000000000003 0.12222222222222222 1.4610000000000001 64.500000000000014 0.50950000000000017 57.500000000000007 0.18350000000000002 345.50000000000006 0.71100000000000008
decision_type=2 2 2 2 2 2 2 2 2 2 2 2 2 2 2 2 2 2 2 2 2 2 2
left_child=12 2 3 4 -2 -5 10 9 -9 -8 18 -12 13 14 15 -1 -15 19 -3 22 -21 -16 -14
right_child=1 6 -4 5 -6 -7 7 8 -10 -11 11 -13 17 16 21 -17 -18 -19 -20 20 -22 -23 -24
leaf_value=-0.0013866701192525375 0.015376914234434366 -0.034063204919594817 -0.039789100526473227 0.03319957558403782 -0.004141007594618727 0.010154930057369583 -0.010442982802071007 0.031365175676145739 0.0011853353425401239 0.01048981950922459 0.017867876272783356 0.0018179163797739442 0.008391379223339903 0.068690273258341109 0.064692681055599846 -0.014855059378477337 0.0020623396964555233 -0.041221632990743377 0.017413295040268225 -0.024328469124321784 0.023352494422614275 0.00024937757055564489 -0.00030571406942786402
leaf_weight=154.44127966137603 73.043641963973641 17.074708417057995 6.2490242123603812 41.964143425226212 101.40349148586392 72.987153159454465 353.11015557218343 25.920236397534609 316.26097607600968 54.932009192183614 99.713650934631005 173.35011232970282 99.916571436915547 3.9913503024727088 4.2017041230574241 156.09287488274276 5.6920967996120453 6.1149746328592292 4.9554957672953597 7.9433342292904845 33.816770896315575 3.755421677371487 4843.5375306200585
leaf_count=848 370 84 29 187 460 369 1716 119 1796 637 564 994 595 20 26 719 26 27 23 36 147 29 23344
internal_value=-7.69588e-07 0.00169061 0.00875706 0.00980532 0.00403144 0.0185676 -0.000307992 -0.00256381 0.00347146 -0.00762494 0.00542702 0.00767882 -0.000427141 -0.0060159 -0.0070965 -0.00815668 0.0295252 -5.96859e-05 -0.022484 -9.19578e-06 0.0142829 0.0342782 -0.000129929
internal_weight=6660.47 1340.96 295.647 289.398 174.447 114.951 1045.32 750.223 342.181 408.042 295.094 273.064 5319.5 328.175 318.491 310.534 9.68345 4991.33 22.0302 4985.21 41.7601 7.95713 4943.45
internal_count=33165 7348 1415 1386 830 556 5933 4268 1915 2353 1665 1558 25817 1668 1622 1567 46 24149 107 24122 183 55 23939
is_linear=0
shrinkage=0.05


Tree=213
num_leaves=26
num_cat=0
split_feature=3 13 16 13 25 32 22 22 4 23 16 35 16 18 18 31 7 18 21 19 28 25 24 24 4
split_gain=1.8802 4.55967 6.03025 5.54862 4.62978 3.41702 2.43227 2.12857 8.61515 6.82156 7.04928 5.53024 5.0256 3.84664 8.51296 8.10878 5.62713 4.13389 5.5457 5.43332 1.55148 1.29902 0.796117 0.58637 0.0433527
threshold=0.26150000000000007 1.3965000000000003 0.74550000000000016 2.6835000000000004 344.50000000000006 0.33350000000000007 -0.92499999999999982 -0.45555555555555544 0.98350000000000015 -0.79649999999999976 0.55400000000000016 0.54200000000000015 0.27100000000000007 0.70000000000000007 0.76388888888888895 0.71850000000000003 0.34700000000000003 0.59166666666666679 17.500000000000004 2.1275000000000004 0.51400000000000012 341.50000000000006 1.8025000000000002 1.2070000000000003 1.1960000000000002
decision_type=2 2 2 2 2 2 2 2 2 2 2 2 2 2 2 2 2 2 2 2 2 2 2 2 2
left_child=1 5 4 6 -3 23 -4 8 9 22 -11 -10 -13 17 15 -15 -16 19 -19 -9 -5 -7 -2 -1 -23
right_child=7 2 3 20 -6 21 -8 13 11 10 -12 12 -14 14 16 -17 -18 18 -20 -21 -22 24 -24 -25 -26
leaf_value=-0.0043471751365204972 -0.047774844578283376 -0.013182150791223507 -0.061962702760080861 -0.0038308427701280201 0.057874476825725413 0.01546388229501704 -0.013489108429577174 -0.00039577633102334228 -0.038355351014636413 -0.043427874847458664 0.022235986800591027 -0.025690782490321515 0.0047532692183274118 0.0058239822445487061 -0.001888863144614894 -0.019897009009542124 0.020733875056278481 0.0036298538194148699 -0.023056938816167591 -0.02303919459499983 0.061834002734171292 -0.052552196892959195 -0.08087887315299408 0.054431538729588128 -0.061157163515891871
leaf_weight=0.8623501652618859 3.1747578727081445 3.7270584441721439 5.5506340544670811 1.6308837477117788 5.9553948976099491 0.63492844009306093 4.8482632990926495 4494.1958599303034 7.7444229274988166 7.7790528312325504 8.6123344935476762 13.836346626281737 668.37772157322615 40.472844798117876 230.55393884330988 126.15443947166204 31.208348373882473 943.00941118132323 19.877563986927271 26.649476785212755 2.005947221070528 1.9681022552249485 4.2440037429332733 0.83527662977576256 5.7114393864758313
leaf_count=29 27 22 81 24 34 20 37 22377 39 43 43 66 3363 203 1067 579 148 4440 89 122 38 186 20 12 56
internal_value=-7.17441e-07 -0.0117757 0.0001683 -0.0207715 0.0305227 -0.0400704 -0.0393629 5.92251e-05 0.00263842 -0.0269317 -0.00892688 0.00365888 0.00413582 -0.000252161 -0.00481524 -0.0136495 0.00080831 0.000104307 0.00307894 -0.000529255 0.0323876 -0.0532692 -0.0667125 0.0245735 -0.0589519
internal_weight=6659.62 33.7303 23.7182 14.0357 9.68245 10.0121 10.3989 6625.89 713.769 23.8101 16.3914 689.958 682.214 5912.12 428.39 166.627 261.762 5483.73 962.887 4520.85 3.63683 8.31447 7.41876 1.69763 7.67954
internal_count=33165 539 236 180 56 303 118 32626 3601 133 86 3468 3429 29025 1997 782 1215 27028 4529 22499 62 262 47 41 242
is_linear=0
shrinkage=0.05


Tree=214
num_leaves=26
num_cat=0
split_feature=7 40 4 1 24 26 30 3 40 7 17 28 27 1 44 40 44 2 30 41 36 42 3 30 13
split_gain=1.87831 3.79812 6.60203 4.24576 4.40826 4.91373 3.40177 2.7548 2.2313 4.49819 7.89796 4.99717 4.73855 6.60342 4.55702 4.37078 7.26249 7.25511 6.67374 4.66303 8.16231 5.89406 2.68248 1.70775 0.42738
threshold=0.63050000000000017 0.75050000000000006 1.4105000000000001 9.5000000000000018 2.4825000000000004 0.34350000000000008 1.4035000000000002 1.3965000000000003 0.71500000000000008 0.41050000000000003 0.060500000000000005 0.64400000000000013 0.17450000000000002 25.500000000000004 0.51250000000000007 0.72750000000000015 0.49900000000000005 25.500000000000004 1.3785000000000001 0.46050000000000008 0.50750000000000017 0.22550000000000003 0.90250000000000019 1.4035000000000002 1.9665000000000001
decision_type=2 2 2 2 2 2 2 2 2 2 2 2 2 2 2 2 2 2 2 2 2 2 2 2 2
left_child=8 3 23 4 6 -6 -2 -4 9 12 22 -12 13 -1 -14 16 18 -18 -10 20 -17 -21 -11 -3 -25
right_child=1 2 7 -5 5 -7 -8 -9 15 10 11 -13 14 -15 -16 19 17 -19 -20 21 -22 -23 -24 24 -26
leaf_value=-0.00058872519141004104 0.04047129113149972 -0.022556602762899367 -0.024076958079355212 -0.066182019659786956 0.062682751505119066 0.00048942268552019659 -0.025716018799606027 0.054770567280502551 0.025489449703795325 -0.0089096885271831121 -0.012253842418887106 -0.054052984020015342 -0.00098533780869636224 0.031601187794668938 -0.019246802111636038 -0.011181949538919976 -0.0093855376780859479 0.016157948451056406 0.0049452138174191709 0.017843708921943466 0.0027369862988354146 0.00024992908331313262 0.04614308868180507 -0.06123333461200936 -0.090196532616942687
leaf_weight=40.036098343320191 2.3431951556995108 2.886704260716213 2.0419558100402346 2.2383702378720036 5.4196413529571128 7.6710833855904639 11.3189027121698 2.4214240880683064 42.135765511775389 3.1407088348641974 95.038025130867027 7.732125569949857 1391.1349705804605 26.462420769035816 35.022608030820265 238.61136205261573 156.18062780820765 33.81788195669651 639.27387047628872 48.230046477168798 188.56193554541096 3662.7220368550625 7.4882546998560429 5.1144751635729335 1.6960603110492227
leaf_count=199 60 39 11 17 48 65 229 32 228 23 510 42 6878 118 184 1164 794 152 3180 235 922 17887 48 91 9
internal_value=-8.87663e-07 -0.0103987 -0.0316237 -3.1472e-05 0.00550325 0.0262378 -0.0143642 0.0186985 6.69347e-05 -0.00155481 -0.0111551 -0.0153987 -0.000825466 0.0122209 -0.00143379 0.000586866 0.00380528 -0.00483905 0.00621559 -9.08685e-05 -0.00503788 0.00047859 0.0298758 -0.0547856 -0.0684462
internal_weight=6658.74 43.1518 14.1606 28.9912 26.7528 13.0907 13.6621 4.46338 6615.59 1606.06 113.399 102.77 1492.66 66.4985 1426.16 5009.53 871.408 189.999 681.41 4138.13 427.173 3710.95 10.629 9.69724 6.81054
internal_count=33165 601 182 419 402 113 289 43 32564 8002 623 552 7379 317 7062 24562 4354 946 3408 20208 2086 18122 71 139 100
is_linear=0
shrinkage=0.05


Tree=215
num_leaves=24
num_cat=0
split_feature=36 3 3 13 17 22 1 11 14 17 17 28 3 10 19 13 32 15 9 24 22 21 3
split_gain=1.88194 4.56554 6.40316 4.71539 6.06756 5.8754 3.97053 3.19271 2.01484 5.32342 9.36959 8.20783 7.30877 5.07669 5.92858 4.57151 3.68223 7.169 6.721 4.9418 3.20717 7.00838 5.40397
threshold=0.32300000000000006 1.3965000000000003 1.0410000000000001 0.81950000000000001 0.27900000000000008 1.0000000180025095e-35 27.500000000000004 13.500000000000002 1.2155000000000002 0.50850000000000006 0.56650000000000011 0.37100000000000005 1.3270000000000002 8.5000000000000018 1.2790000000000001 1.5895000000000004 0.6755000000000001 -0.36199999999999993 1.9425000000000001 3.2015000000000007 0.56944444444444453 5.5000000000000009 1.5895000000000004
decision_type=2 2 2 2 2 2 2 2 2 2 2 2 2 2 2 2 2 2 2 2 2 2 2
left_child=1 2 3 4 -1 -5 7 -4 9 13 12 -12 -11 14 -2 -15 20 18 -18 -19 22 -22 -10
right_child=8 -3 6 5 -6 -7 -8 -9 16 10 11 -13 -14 15 -16 -17 17 19 -20 -21 21 -23 -24
leaf_value=-0.059290612665151322 0.031241594769594479 -0.041587110391109953 0.030711274671021162 -0.0024191373452841485 0.024680265411117848 0.052866957914204121 0.0030052443701434131 0.088847922477058819 -9.8554587961680027e-05 0.014103277376160465 -0.02051112991023421 0.021775090008716413 0.083643129518543899 -0.0056306250947998314 -0.0006390462070183958 -0.051711983832382041 0.027247832101266981 0.062199201993550203 -0.06378975132012675 0.0096690247321614513 0.020154708706886793 -0.0061123459916514987 0.0046051425241430089
leaf_weight=5.8228009338490647 14.672180514782665 3.9984151688404372 4.5651528816670162 16.148330077528957 3.4117897183168679 6.8415625393390647 4.3365498557686797 4.8924207389354706 2502.4270333852619 7.8279564529657346 21.237469028303167 24.965201610146323 7.3040847331285477 454.90111935406458 2389.9843738790369 5.4465067982673636 3.9430044516921061 9.3596368655562419 4.1729795765131712 8.5828365106135589 27.599310724646784 317.83954658266157 807.71869399258867
leaf_count=42 76 21 23 85 27 34 21 21 11559 43 258 273 33 2510 11543 24 22 46 29 54 538 1598 4285
internal_value=-9.66914e-07 0.00966125 0.0141141 0.0019114 -0.0282669 0.0140335 0.0426207 0.0607855 -7.4102e-05 -0.0010534 0.0135217 0.00233785 0.0476695 -0.00136543 -0.000444524 -0.00617583 0.000704289 0.019433 -0.0195608 0.0370712 0.000570783 -0.0040137 0.00104921
internal_weight=6658 50.017 46.0186 32.2245 9.23459 22.9899 13.7941 9.45757 6607.98 2926.34 61.3347 46.2027 15.132 2865 2404.66 460.348 3681.64 26.0585 8.11598 17.9425 3655.58 345.439 3310.15
internal_count=33165 274 253 188 69 119 65 44 32891 14760 607 531 76 14153 11619 2534 18131 151 51 100 17980 2136 15844
is_linear=0
shrinkage=0.05


Tree=216
num_leaves=23
num_cat=0
split_feature=13 15 3 6 5 22 20 28 27 5 18 18 28 1 6 6 41 37 30 4 20 1
split_gain=1.89218 2.36836 2.04526 4.23181 2.26276 1.92174 5.82711 7.75047 6.2494 5.68017 5.09795 7.07448 4.87743 5.24346 4.7271 4.55701 4.02832 3.73955 2.10074 0.0112557 0.00107977 1.22361e-05
threshold=1.0000000180025095e-35 -1.4899999999999998 1.1960000000000002 0.66100000000000014 2.3665000000000007 0.29999999999999999 -8.4999999999999982 0.12850000000000003 0.18150000000000002 0.28900000000000003 1.0000000180025095e-35 0.18333333333333332 0.64000000000000012 3.5000000000000004 0.23650000000000002 0.31900000000000006 0.48200000000000004 0.48700000000000004 1.4260000000000004 0.66100000000000014 -10.499999999999998 4.5000000000000009
decision_type=2 2 2 2 2 2 2 2 2 2 2 2 2 2 2 2 2 2 2 2 2 2
left_child=1 2 -1 -4 -5 6 7 9 -9 -2 18 -12 13 17 -15 -14 -17 -7 -8 20 -3 -22
right_child=5 19 3 4 -6 12 10 8 -10 -11 11 -13 15 14 -16 16 -18 -19 -20 -21 21 -23
leaf_value=-0.058211447364478447 -0.046452612676671459 -0.053449439595877141 0.061209109008894327 -0.034823127553010563 0.022978453801308057 0.068675419451262973 0.064013181482958911 -0.043004083466947084 -0.010083530673492025 0.015674766760622641 -0.01146886004132059 0.00018754888240889118 -0.017437396914910388 0.019144099425349333 0.00062484989399521945 0.021382562119375392 0.085865776156029749 0.012390372920915061 0.014321578493800764 -0.057362106683056406 -0.050353480248318344 -0.050946449769636026
leaf_weight=1.6802685149013985 4.0385624319314948 0.43892640806734562 2.2840347196906787 5.2614799560979009 2.4965701741166413 4.7145013052504492 4.1581748872995359 15.816115051507948 162.84351133368909 41.328165292739868 133.83990228921175 4744.8409647434019 3.4951872974634162 35.285587131977081 1468.9099071836099 5.659499724628402 4.2338645285926759 7.8893460449762642 4.3539085164666176 1.9929416148224843 0.79151880738208935 0.097743592457845807
leaf_count=25 18 12 20 133 98 140 20 71 744 184 718 23203 15 162 7109 32 25 164 21 38 206 7
internal_value=-9.82396e-07 -0.0177137 -0.00715394 0.00138914 -0.0162224 3.91388e-05 -0.00042623 -0.00831147 -0.0129979 0.0101442 -6.47751e-05 -0.000132229 0.00159359 0.00132838 0.00105928 0.0316398 0.0489781 0.0334439 0.0385961 -0.0549858 -0.0514202 -0.0504187
internal_weight=6656.45 15.0435 11.7224 10.0421 7.75805 6641.41 5111.22 224.026 178.66 45.3667 4887.19 4878.68 1530.19 1516.8 1504.2 13.3886 9.89336 12.6038 8.51208 3.32113 1.32819 0.889262
internal_count=33165 539 276 251 231 32626 24979 1017 815 202 23962 23921 7647 7575 7271 72 57 304 41 263 225 213
is_linear=0
shrinkage=0.05


Tree=217
num_leaves=28
num_cat=0
split_feature=42 59 3 28 24 22 31 7 36 24 7 22 4 24 31 10 21 0 4 36 4 8 21 40 7 36 26
split_gain=1.85414 4.09575 4.3115 5.2903 5.61688 4.00298 6.31973 6.84373 5.27206 10.403 5.53559 3.2155 2.31134 4.4904 3.7957 4.84113 2.18357 7.17534 7.79353 7.54686 3.07564 6.60541 5.78183 1.56362 1.18288 1.01002 0.0529703
threshold=0.32150000000000006 8.5000000000000018 1.1635000000000002 0.48200000000000004 3.4910000000000001 -0.14999999999999997 0.7370000000000001 0.21950000000000003 0.48050000000000004 2.6935000000000007 0.085000000000000006 -0.21111111111111108 1.0000000180025095e-35 4.4055000000000009 0.81300000000000006 15.500000000000002 -24.499999999999996 12.500000000000002 1.7070000000000001 0.43050000000000005 1.4790000000000003 0.23611111111111113 -17.499999999999996 0.71500000000000008 0.12250000000000001 0.51300000000000012 0.25850000000000006
decision_type=2 2 2 2 2 2 2 2 2 2 2 2 2 2 2 2 2 2 2 2 2 2 2 2 2 2 2
left_child=12 2 24 4 -4 6 7 -3 10 -10 -7 -8 13 14 15 -1 17 18 -14 -19 21 -18 -22 -15 -2 -16 -25
right_child=1 5 3 -5 -6 8 11 -9 9 -11 -12 -13 16 23 25 -17 20 19 -20 -21 22 -23 -24 26 -26 -27 -28
leaf_value=-0.0599385643970387 -0.032407172372373144 -0.060364566176626222 -0.053419165439540589 0.045798380264353275 0.015972777299403065 -0.039707860523052779 0.01775303323838703 0.013118469575618748 -0.065821869727502799 -0.0062561119675873496 0.014038200075363043 0.063202688717437103 -0.015945367620160779 -0.015691252876784325 0.083095656314855285 0.047439771176017748 -0.0072990918481438587 -0.014549755010410521 -0.083576390095976588 0.0084662823808056217 0.010447503731631572 0.00014042861850176546 0.0011028474764819913 0.072126991796556933 -0.074366715089060384 0.001074899994622692 0.052899403378063682
leaf_weight=8.4275794961140456 2.7781654442660537 5.2233873382210723 7.309344254434107 3.2823515206109724 4.8519948190078139 5.7087053135037413 18.152175135910511 8.0543492957949621 9.7950545698404294 29.126974660903215 29.796472825109959 4.9535711929202106 31.118578016757965 1.1335849929600947 0.69269421347416826 1.1990110781043775 321.69879275059793 57.81173337996006 4.9353167116641989 92.766613088548183 183.3578492179513 4113.7554231439717 1702.5496897900011 0.4560671923682097 4.2478378678788431 0.81925939777283929 1.669188226573169
leaf_count=348 25 24 36 27 44 28 85 38 44 143 142 24 136 21 6 22 1816 257 21 401 799 19910 8615 4 28 39 82
internal_value=-9.30472e-07 -0.00583894 -0.0253036 -0.0105307 -0.0257339 -0.001892 0.0117 -0.0157893 -0.00853642 -0.0212463 0.00539663 0.0274968 0.000118365 -0.0198931 -0.034997 -0.0465644 0.000162636 -0.00516755 -0.0252032 -0.000370294 0.000320005 -0.000399152 0.00201138 0.0317311 -0.0577754 0.0386523 0.0570255
internal_weight=6655.67 133.28 22.4697 15.4437 12.1613 110.811 36.3835 13.2777 74.4272 38.922 35.5052 23.1057 6522.39 14.3974 11.1385 9.62659 6507.99 186.632 36.0539 150.578 6321.36 4435.45 1885.91 3.25884 7.026 1.51195 2.12526
internal_count=33165 688 160 107 80 528 171 62 357 187 170 109 32477 522 415 370 31955 815 157 658 31140 21726 9414 107 53 45 86
is_linear=0
shrinkage=0.05


Tree=218
num_leaves=27
num_cat=0
split_feature=44 13 36 33 32 5 9 11 6 30 40 7 40 44 11 17 17 30 3 21 17 8 21 24 20 22
split_gain=1.8797 3.79665 7.52656 5.65998 4.91466 5.98563 5.69303 4.08963 4.28882 3.61463 2.65491 4.64707 3.86392 6.55757 4.45952 3.40028 6.2212 5.83887 5.73705 7.98916 7.56718 4.70245 2.20085 3.09218 1.50253 0.836003
threshold=0.42400000000000004 0.91850000000000021 0.43200000000000005 0.17700000000000002 0.54350000000000021 0.76800000000000013 1.6230000000000002 6.5000000000000009 0.20950000000000002 1.3945000000000001 0.71500000000000008 0.6795000000000001 0.72750000000000015 0.49900000000000005 48.500000000000007 0.12250000000000001 0.11650000000000001 1.2675000000000003 0.74550000000000016 -10.499999999999998 0.39650000000000007 0.4555555555555556 1.0000000180025095e-35 2.7395000000000005 3.5000000000000004 0.083333333333333273
decision_type=2 2 2 2 2 2 2 2 2 2 2 2 2 2 2 2 2 2 2 2 2 2 2 2 2 2
left_child=1 4 3 9 5 6 -1 25 -9 -3 15 12 13 -12 -14 16 17 -2 20 -20 -17 -18 23 -13 -5 -4
right_child=10 2 7 24 -6 -7 -8 8 -10 -11 11 22 14 -15 -16 18 21 -19 19 -21 -22 -23 -24 -25 -26 -27
leaf_value=0.0053957119153152672 0.054035433721336235 -0.018929560934754827 0.043328092145618557 -0.023837086591625277 -0.048692345503681386 0.053456876144366228 -0.057120225931989156 0.057832538533193478 0.011363438046496241 0.048140264379645054 0.0058238282019498974 -0.030349345369189124 0.00025707178354128545 -0.0046727637025546819 -0.0072580364920763075 -0.0068632899486823209 -0.085068071731725259 -0.0067736047095288132 0.010613212835378763 -0.0015233964057548832 -0.046579395030634733 -0.014730043003252797 -0.059592653319187387 0.034527227530094448 -0.065609039864309909 0.083811583454030392
leaf_weight=13.819615815824372 4.0159274046309283 4.4569379128515738 2.8756416975520542 3.9223651140928251 6.2440718794241539 4.4439399535767725 4.9446779116988173 5.4011911191046229 61.53284627199173 3.6572998538613319 683.57546878210269 8.244618601704131 3942.2217886706931 190.19398446683772 207.8109230324626 97.734924825839698 4.3729570657014829 231.99650644103531 157.29519893974066 982.91718200966716 13.670957777532747 5.2039685696363449 3.9565381759311995 2.3630927611375219 4.7715886011719704 2.2913839407265186
leaf_count=88 26 25 29 18 34 32 26 26 281 19 3432 229 19420 948 907 541 19 1422 689 4675 129 24 37 51 25 13
internal_value=-9.92153e-07 0.0062437 0.0113978 -0.0187326 -0.00931519 0.00127906 -0.0110782 0.0184218 0.0151132 0.0113006 -0.000114086 0.000435264 0.000517025 0.00353903 -0.000119244 -0.00196275 -0.00734195 -0.00573889 -0.000907252 0.00015088 -0.011737 -0.0468474 -0.0277672 -0.0158967 -0.0467632 0.061281
internal_weight=6653.94 118.362 88.9093 16.8082 29.4523 23.2082 18.7643 72.1011 66.934 8.11424 6535.57 5038.37 5023.8 873.769 4150.03 1497.21 245.589 236.012 1251.62 1140.21 111.406 9.57693 14.5642 10.6077 8.69395 5.16703
internal_count=33165 616 436 87 180 146 114 349 307 44 32549 25024 24707 4380 20327 7525 1491 1448 6034 5364 670 43 317 280 43 42
is_linear=0
shrinkage=0.05


Tree=219
num_leaves=18
num_cat=0
split_feature=23 24 14 2 35 15 4 9 19 31 36 8 4 4 4 4 28
split_gain=1.85351 4.26901 2.92083 2.02159 2.00787 1.93881 4.77997 9.27882 3.84273 8.03666 2.01158 0.896112 1.31864 0.0133531 0.00108416 7.96518e-05 6.38104e-05
threshold=-2.4499999999999997 1.0000000180025095e-35 0.7965000000000001 1.5000000000000002 0.76000000000000012 2.0415000000000005 1.1635000000000002 0.91100000000000014 2.7205000000000004 0.62250000000000016 0.32300000000000006 0.097222222222222224 2.3195000000000006 2.4870000000000005 1.4915000000000003 0.98350000000000015 0.57000000000000006
decision_type=2 2 2 2 2 2 2 2 2 2 2 2 2 2 2 2 2
left_child=2 11 3 16 -5 8 -7 -8 10 -10 -3 13 15 14 -2 -13 -1
right_child=1 5 -4 4 -6 6 7 -9 9 -11 -12 12 -14 -15 -16 -17 -18
leaf_value=0.052335365769621223 -0.050568720975572745 0.0099771574322138675 0.070421359599952535 0.020292617640575744 -0.038416176154109354 -0.071045118770469137 -0.063566168656679439 0.039877297598841864 -0.071024720279378936 0.023536829985004511 -0.00012392193664151566 -0.050474560894789092 0.099489472767529286 -0.059954854219278424 -0.052555013210398044 -0.052225742263915492 0.051745418859082321
leaf_weight=1.0268645472824554 0.88954041013494078 49.662201835308224 2.3377555925399065 3.0378774721175432 2.7974691819399595 3.3242200426757327 3.5819131666794402 5.4912139354273677 2.4190755505114785 31.571850866661407 6542.1817827880732 0.087395246329833642 0.24999341368675232 0.62855440378189076 3.016904953867197 0.25265691382810473 0.82791105099022377
leaf_count=26 91 271 36 28 19 21 25 37 22 354 32037 85 1 5 71 10 26
internal_value=-1.11164e-06 -3.35349e-05 0.0214789 0.00660072 -0.00785242 1.68291e-06 -0.0197529 -0.000960388 3.86449e-05 0.016807 -4.78216e-05 -0.0456495 0.0123131 -0.053191 -0.0521027 -0.0517757 0.052072
internal_weight=6653.39 6643.36 10.0279 7.69012 5.83535 6638.23 12.3973 9.07313 6625.83 33.9909 6591.84 5.12505 0.590046 4.535 3.90645 0.340052 1.85478
internal_count=33165 33030 135 99 47 32767 83 62 32684 376 32308 263 96 167 162 95 52
is_linear=0
shrinkage=0.05


Tree=220
num_leaves=25
num_cat=0
split_feature=14 18 11 59 36 19 59 32 24 11 7 9 22 24 22 29 3 27 22 1 19 40 7 59
split_gain=1.80958 3.78422 5.97733 5.95205 5.66654 4.87992 5.30838 4.26534 4.11499 4.38894 3.80379 3.70176 2.97496 2.24815 6.96458 4.91996 3.64105 4.80203 2.6934 2.28359 2.09491 1.61461 1.28759 0.151361
threshold=0.55800000000000016 0.76388888888888895 28.500000000000004 11.500000000000002 0.49500000000000005 2.3770000000000002 12.500000000000002 0.38250000000000006 1.4960000000000002 24.500000000000004 0.24550000000000002 1.4565000000000003 -0.96666666666666645 1.0210000000000001 -0.49166666666666659 2.5805000000000002 0.26150000000000007 0.28500000000000003 -0.36666666666666653 9.5000000000000018 2.0425000000000004 0.70200000000000007 0.26200000000000007 21.500000000000004
decision_type=2 2 2 2 2 2 2 2 2 2 2 2 2 2 2 2 2 2 2 2 2 2 2 2
left_child=1 2 3 4 -1 8 7 -7 9 -3 -5 -10 20 14 15 -14 17 -15 -16 -18 -2 -22 -4 -23
right_child=12 5 22 10 -6 6 -8 -9 11 -11 -12 -13 13 16 18 -17 19 -19 -20 -21 21 23 -24 -25
leaf_value=0.0011571672201810726 -0.053644466318965578 -0.033386750569115956 -0.068944466882663799 0.00047309970803462203 -0.030749821214020524 -0.050807096249249423 0.051323775905395976 -0.0046682264950704926 0.063035897934843141 0.043184917494889272 0.076745523970045956 0.010185989704313309 -0.050742259051959476 -0.046551970512779935 0.11039795836822196 0.030279154927726572 0.0021830234837293483 0.029046903975383301 0.030562069507539053 -0.00032024643153958932 -0.0299174856714821 0.053341111420273292 -0.030696662227257476 0.07889902608483991
leaf_weight=30.102666740494897 0.57809066772460838 5.1760561414994317 4.9838289767503721 3.4350037388503543 25.876735214493237 5.5578782646916798 3.8687840392813078 50.730281541589648 7.4159361347556096 2.93112563341856 3.1188062364817597 5.9891001880168915 3.4638589024543762 8.6359052374027652 2.2639807444065809 4.0815326906740665 1097.036266338313 2.7757028164342037 1.9806857949588428 5373.9171464378014 0.60292820329777885 3.7486678131390363 3.939918078482151 0.68518570065498341
leaf_count=362 3 40 31 23 258 72 22 460 34 14 21 28 22 64 12 23 6777 30 33 24606 27 175 25 3
internal_value=-1.06549e-06 -0.00537359 -0.0137767 -0.00831385 -0.013592 0.00197877 -0.00533005 -0.00922397 0.0224172 -0.00570251 0.0367694 0.0394236 0.000125504 9.40506e-05 0.0219078 -0.0069153 5.4376e-05 -0.0281637 0.0731442 0.000104139 0.0365047 0.0468514 -0.0520577 0.0572907
internal_weight=6652.9 153.126 71.457 62.5332 55.9794 81.6692 60.1569 56.2882 21.5122 8.10718 6.55381 13.405 6499.77 6494.16 11.7901 7.54539 6482.37 11.4116 4.24467 6470.95 5.61487 5.03678 8.92375 4.43385
internal_count=33165 1390 720 664 620 670 554 532 116 54 44 62 31775 31567 90 45 31477 94 45 31383 208 205 56 178
is_linear=0
shrinkage=0.05


Tree=221
num_leaves=22
num_cat=0
split_feature=13 14 20 6 5 14 14 20 20 20 0 42 16 40 19 4 40 13 24 4 4
split_gain=1.79683 2.21642 1.97051 2.93352 1.97948 1.8887 6.91788 5.57204 5.53557 6.07638 6.01894 5.4808 6.9244 6.35077 5.29982 4.36166 7.13427 3.68667 0.00982916 0.00195628 0.000150909
threshold=1.0000000180025095e-35 1.4820000000000004 -6.4999999999999991 0.66100000000000014 2.3665000000000007 1.6230000000000002 1.6940000000000002 -12.499999999999998 -12.499999999999998 4.5000000000000009 1.5000000000000002 0.24050000000000002 0.19100000000000003 0.74900000000000011 0.20700000000000005 1.1635000000000002 0.76800000000000013 0.50850000000000006 2.2405000000000004 2.4870000000000005 1.1960000000000002
decision_type=2 2 2 2 2 2 2 2 2 2 2 2 2 2 2 2 2 2 2 2 2
left_child=1 18 3 -3 -5 7 11 15 10 -10 -8 12 -7 -13 -9 16 -2 -16 19 20 -1
right_child=5 2 -4 4 -6 6 8 14 9 -11 -12 13 -14 -15 17 -17 -18 -19 -20 -21 -22
leaf_value=-0.050397013770658305 -0.011680788038365763 0.044574355965782853 -0.069030446631445253 -0.033784717158850848 0.021262914866665664 0.018329780392025073 -0.0042245290008957664 0.054098961128522693 -0.0022189668953407795 0.017784624284681583 0.021385513512043194 0.018417987957991259 -0.021581891893717595 0.0022402561434058965 -0.011029103735857148 0.024419089198964541 -0.06088942510471787 -7.5156872320792975e-05 -0.057048780208055073 -0.057551516062566858 -0.051895002835444529
leaf_weight=0.90753936181135875 59.030712835490704 2.6845610644668323 1.1615529102273274 5.1405332135036588 2.3934910064563155 17.02020426467061 37.9969695355976 4.4913417547941199 897.94914770009927 39.639601180679165 57.905656200833619 141.00737365428358 30.061349539086223 106.46893285214901 77.975125919678248 6.7204340547323218 8.4156384188681823 5152.8703124375315 1.906777868978679 0.11399630457162846 0.20635577058419585
leaf_count=230 260 28 20 130 98 79 269 27 4840 251 319 686 139 504 636 30 37 24549 24 1 8
internal_value=-1.22588e-06 -0.0175741 -0.00731967 -0.000304962 -0.0162966 3.7202e-05 0.00172363 -0.000384619 -0.000202925 -0.00137325 0.0112387 0.00848317 -0.00715363 0.011458 -0.00019183 -0.0139933 -0.0178208 -0.000238445 -0.054802 -0.051313 -0.0506745
internal_weight=6652.07 14.5148 11.3801 10.2186 7.53402 6637.55 1328.05 5309.5 1033.49 937.589 95.9026 294.558 47.0816 247.476 5235.34 74.1668 67.4464 5230.85 3.13467 1.22789 1.1139
internal_count=33165 539 276 256 228 32626 7087 25539 5679 5091 588 1408 218 1190 25212 327 297 25185 263 239 238
is_linear=0
shrinkage=0.05


Tree=222
num_leaves=26
num_cat=0
split_feature=4 37 26 19 18 3 8 4 14 39 29 1 42 20 3 17 24 36 15 42 31 29 11 2 11
split_gain=1.76183 4.62178 6.85385 3.63425 3.62133 2.8668 6.77225 9.03217 2.35463 3.05829 3.49303 1.94128 5.55628 3.48248 2.25325 5.71305 2.79748 2.2251 1.81015 1.37543 1.76919 0.79614 0.161957 0.0222025 0.0168812
threshold=2.6835000000000004 0.49550000000000005 0.21350000000000002 1.9835000000000003 0.81666666666666676 1.0000000180025095e-35 0.074999999999999969 1.3270000000000002 1.6610000000000003 2.5810000000000008 2.6100000000000008 1.0000000180025095e-35 0.28350000000000003 8.5000000000000018 0.54000000000000015 0.23200000000000004 1.2565000000000002 0.48150000000000004 0.31100000000000005 0.27750000000000008 0.72950000000000015 2.3025000000000007 5.5000000000000009 6.5000000000000009 7.5000000000000009
decision_type=2 2 2 2 2 2 2 2 2 2 2 2 2 2 2 2 2 2 2 2 2 2 2 2 2
left_child=5 2 3 -2 -5 6 19 24 9 21 -11 12 13 -7 15 -13 -16 -14 -4 22 -21 -3 -1 -20 -8
right_child=1 8 18 4 -6 11 7 -9 -10 10 -12 14 17 -15 16 -17 -18 -19 23 20 -22 -23 -24 -25 -26
leaf_value=-0.054086726959776399 -0.11889407204806651 0.094534955668988133 -0.0067712710035821274 -0.089207492752535589 0.055972681439825124 0.049483521616806733 -0.053686247409636401 0.091386400139206042 -0.014994573796229684 -0.010306390676110215 0.063384458935089621 0.0032354125792121279 -0.067035818144119269 0.0078893390859614398 -0.015632292101663135 -0.015991006917255315 0.00015807176458508068 -0.0042040803606331074 0.053418936659011644 -0.06043802002360632 0.019087271563626683 0.052925792946749588 -0.071394841450390559 0.064467018521238775 -0.065372183812106605
leaf_weight=4.7012045043520612 1.7652903161942979 2.1941203228197974 2.2639139692764729 0.86054243892431237 0.85758034815080464 8.8380455644801312 1.3854664921673236 2.4687349046580493 2.2124772106762967 3.942511897534132 2.7158837905153632 80.296104170847684 2.3505213651806107 11.686259387992321 28.172723938070703 74.473788896924816 6406.5997144507128 3.5180155411362648 1.624665418174118 1.2901822361163797 1.527219542302191 2.4149051401764154 1.896934241056442 0.63150428980588902 0.39776775613427151
leaf_count=127 10 16 28 8 32 103 136 20 34 41 29 480 19 92 212 587 30965 31 71 30 31 40 16 4 3
internal_value=-1.1819e-06 0.0142943 -0.0158029 -0.0685099 -0.0167426 -4.75067e-05 -0.0229233 0.0294511 0.0321641 0.0414242 0.0197513 -2.48829e-07 0.013533 0.0258004 -5.44532e-05 -0.00601616 8.89384e-05 -0.02937 0.0248158 -0.0465751 -0.01733 0.0727338 -0.0590627 0.0565113 -0.0562929
internal_weight=6651.09 21.4834 8.0035 3.48341 1.71812 6629.6 13.6675 4.25197 13.4799 11.2674 6.6584 6615.94 26.3928 20.5243 6589.54 154.77 6434.77 5.86854 4.52008 9.41554 2.8174 4.60903 6.59814 2.25617 1.78323
internal_count=33165 313 153 50 40 32852 363 159 160 126 70 32489 245 195 32244 1067 31177 50 103 204 61 56 143 75 139
is_linear=0
shrinkage=0.05


Tree=223
num_leaves=30
num_cat=0
split_feature=41 24 22 6 11 39 27 24 9 9 28 25 30 13 21 16 25 44 39 14 3 14 32 33 22 8 32 23 24
split_gain=1.75625 4.59419 5.96607 6.20094 4.2901 6.88129 12.2944 8.22387 4.75774 6.93257 6.70481 3.77736 3.23196 5.20658 7.76051 6.8049 5.12446 6.18236 4.66247 14.4457 6.20991 6.11907 4.76211 6.08606 4.61202 4.24376 2.36158 0.0434644 0.00439655
threshold=0.45300000000000007 3.6665000000000005 0.25833333333333336 0.63100000000000012 26.500000000000004 2.4600000000000004 0.25050000000000006 2.7225000000000006 0.91850000000000021 1.3870000000000002 0.49950000000000006 346.50000000000006 1.4845000000000004 0.68600000000000005 28.500000000000004 0.36200000000000004 341.50000000000006 0.44800000000000006 2.4710000000000005 0.93550000000000011 1.5400000000000003 1.6325000000000001 0.55650000000000011 0.32600000000000007 0.36666666666666664 0.36666666666666675 0.55650000000000011 0.72450000000000003 3.7780000000000009
decision_type=2 2 2 2 2 2 2 2 2 2 2 2 2 2 2 2 2 2 2 2 2 2 2 2 2 2 2 2 2
left_child=1 4 27 11 8 6 -6 -7 10 -10 -1 -4 13 14 15 -2 17 -15 19 20 -14 -21 23 -20 -18 -24 -5 28 -3
right_child=12 2 3 26 5 7 -8 -9 9 -11 -12 -13 18 16 -16 -17 24 -19 22 21 -22 -23 25 -25 -26 -27 -28 -29 -30
leaf_value=0.015008501136965006 -0.0024676018093193882 0.058880194721091933 0.0083457052581036775 0.043063742425897278 -0.001517904133864446 -0.0092620464963010848 0.029396316901281375 0.013162418997393205 -0.01507753969664124 -0.0026915734886712832 -0.0089597009807052454 -0.04467301737026818 -0.0077219850075911037 0.0764203700866663 -0.057157454501914173 -0.066587752977354656 0.0011431531051942993 0.011789855498348422 -0.0015684620148528302 0.010356273268672075 -0.053491066081942956 0.038345061240911853 -0.003075823358844966 -0.01024732735279095 0.0083075515900680325 0.0033243352128173431 0.0024774527862148569 0.065384804946604091 0.054503097416475701
leaf_weight=62.620416222256608 219.39742883984582 1.0854874886572354 6.6954623796045798 9.7829707849305105 81.693314038217068 164.96751125156879 53.043321594595909 54.357876367866993 182.13889146236761 297.49850984103978 54.635391389019787 6.7425668947398663 31.133710979804164 3.8826130703091613 6.9954651147127143 4.2173724211752406 1664.4379853947321 78.733846885617822 1794.6516854167567 108.43529540020972 9.7263207621872407 23.817166754277423 370.46696095680818 227.61971716547851 259.67807701451238 860.86815419915365 5.6564408976119003 3.555801022797823 1.2167700871359555
leaf_count=370 1470 10 48 107 362 744 247 240 942 1443 304 36 164 18 30 48 8080 372 8699 501 46 135 1877 1122 1267 4376 51 24 32
internal_value=-1.14782e-06 -0.00194899 0.0159117 0.00657858 -0.00260139 0.00175907 0.0106525 -0.00370434 -0.0051879 -0.00739506 0.00384051 -0.0182566 0.000337827 0.00181596 -0.00529922 -0.00367691 0.00263362 0.0148272 -0.00062726 0.00736845 -0.0186169 0.0153967 -0.00105268 -0.00254532 0.00211006 0.00139874 0.0281944 0.0619193 0.0565668
internal_weight=6649.75 985.691 34.7355 28.8774 950.955 354.062 134.737 219.325 596.893 479.637 117.256 13.438 5664.06 2237.34 230.61 223.615 2006.73 82.6165 3426.72 173.112 40.86 132.252 3253.61 2022.27 1924.12 1231.34 15.4394 5.85806 2.30226
internal_count=33165 4960 308 242 4652 1593 609 984 3059 2385 674 84 28205 11285 1548 1518 9737 390 16920 846 210 636 16074 9821 9347 6253 158 66 42
is_linear=0
shrinkage=0.05


Tree=224
num_leaves=26
num_cat=0
split_feature=4 36 59 4 41 8 37 59 9 9 11 18 33 26 4 23 23 17 59 5 42 23 15 30 15
split_gain=1.71864 5.6347 5.40049 7.2387 8.46326 5.33655 8.8227 5.69224 5.26993 3.74247 4.18978 6.38849 8.07 3.97069 3.98101 3.34909 5.87827 5.06226 6.59706 4.7242 4.61757 3.4596 3.24551 2.31781 2.28388
threshold=0.72900000000000009 0.64100000000000013 21.500000000000004 0.67300000000000015 0.45300000000000007 0.51666666666666672 0.47750000000000004 27.500000000000004 1.5540000000000003 2.4460000000000002 7.5000000000000009 0.14999999999999999 0.29900000000000004 0.46050000000000008 0.87250000000000016 1.2320000000000004 1.1670000000000005 0.32700000000000007 15.500000000000002 0.49150000000000005 0.24050000000000002 1.0010000000000006 0.28300000000000008 1.5325000000000002 -1.4899999999999998
decision_type=2 2 2 2 2 2 2 2 2 2 2 2 2 2 2 2 2 2 2 2 2 2 2 2 2
left_child=1 2 3 8 -5 6 -4 -7 -1 15 11 24 -13 14 -12 16 21 19 -19 -17 -18 -2 -3 -15 -11
right_child=9 22 5 4 -6 7 -8 -9 -10 10 13 12 -14 23 -16 17 20 18 -20 -21 -22 -23 -24 -25 -26
leaf_value=0.017424840049108558 0.00033000516352872222 0.067215663565043327 -0.078034102612194928 -0.066083228458422363 -0.013981204036884829 0.029040469743466874 0.016921731955558669 -0.0099245018906921143 -0.0050494372350612 -0.0076109398681280379 -0.022070521490955838 -0.047218075161709304 0.027921260100906804 0.078851684894982343 0.043499081672453949 -0.044661233305592136 0.067439942046419288 -0.0038290386333518635 0.042394551994581607 -0.0096120719015478986 0.013531479527363008 -0.0087488336572040751 0.0099308279887731984 0.03313576024221436 0.053865693260180425
leaf_weight=28.723326199120493 5871.9029343606671 4.2317829444073123 4.1688817813992483 9.1705032587051374 51.931575037539005 32.651677085086703 5.9200044312747195 13.146808624267576 283.86220423813211 2.0755202177679175 5.3571956530213374 9.4904404198750836 5.7313727377913883 4.3312807306647283 4.0762471221387386 10.693655286915599 4.515521101653575 31.938103295862675 10.179223354905842 95.243109114933759 33.017957184463739 106.84055876359344 5.9475791305303574 7.7042857240885496 5.5519881246145832
leaf_count=368 28242 29 20 47 262 146 31 59 1921 107 26 67 48 22 23 55 22 185 47 543 161 501 31 49 153
internal_value=-1.08861e-06 -0.00302172 -0.00389297 -0.00606102 -0.0218009 0.0106036 -0.0223155 0.0178553 -0.00298429 0.000212861 0.0146906 -0.000211304 -0.0189263 0.0305507 0.0062625 0.000108773 0.000291598 -0.00732046 0.00734262 -0.0131501 0.020017 0.000167766 0.0337454 0.0495877 0.0371373
internal_weight=6648.4 439.754 429.575 373.688 61.1021 55.8874 10.0889 45.7985 312.586 6208.65 44.3183 22.8493 15.2218 21.469 9.43344 6164.33 6016.28 148.054 42.1173 105.937 37.5335 5978.74 10.1794 12.0356 7.62751
internal_count=33165 2914 2854 2598 309 256 51 205 2289 30251 495 375 115 120 49 29756 28926 830 232 598 183 28743 60 71 260
is_linear=0
shrinkage=0.05


Tree=225
num_leaves=8
num_cat=0
split_feature=21 21 21 44 1 9 1
split_gain=1.71224 3.28063 2.1695 8.27043 2.61644 5.64763 2.38022
threshold=41.500000000000007 39.500000000000007 36.500000000000007 0.49550000000000005 58.500000000000007 2.0680000000000005 55.500000000000007
decision_type=2 2 2 2 2 2 2
left_child=1 2 4 -4 6 -6 -1
right_child=-2 -3 3 -5 5 -7 -8
leaf_value=3.2213052754529808e-05 -0.024292372865136046 0.039971135103637978 -0.067337405026335381 0.020770377222559446 0.040730218791359477 0.00060011566807651254 -0.011239298770575668
leaf_weight=6535.7269549423072 7.2464170381426802 5.1360006108880034 5.2392747737467271 5.4173767417669296 12.441786475479601 29.686042826622725 47.175429940223694
leaf_count=32660 34 25 24 24 55 135 208
internal_value=-9.22131e-07 2.55845e-05 -5.33321e-06 -0.0225473 3.09265e-05 0.0124519 -4.85626e-05
internal_weight=6648.07 6640.82 6635.69 10.6567 6625.03 42.1278 6582.9
internal_count=33165 33131 33106 48 33058 190 32868
is_linear=0
shrinkage=0.05


Tree=226
num_leaves=28
num_cat=0
split_feature=39 41 42 34 13 42 44 36 2 15 1 31 24 30 3 21 30 8 19 8 4 36 3 34 16 36 23
split_gain=1.70764 5.63061 5.21352 6.62207 5.85099 6.03997 5.91034 6.49487 5.66671 5.39993 4.69011 4.66875 9.89222 9.49091 7.84715 7.51153 6.507 6.04378 4.49519 4.46083 7.12398 6.90711 5.67366 13.5663 5.11613 4.15591 2.13911
threshold=2.5845000000000007 0.48800000000000004 0.28850000000000003 0.67300000000000015 1.7110000000000001 0.28350000000000003 0.48200000000000004 0.50950000000000017 11.500000000000002 0.6170000000000001 11.500000000000002 0.75500000000000012 3.2775000000000003 1.4780000000000002 2.1015000000000006 -10.499999999999998 1.4100000000000004 0.8500000000000002 0.54000000000000015 0.36666666666666675 0.87750000000000006 0.47550000000000003 0.87250000000000016 0.49200000000000005 0.88200000000000012 0.43050000000000005 -0.13349999999999992
decision_type=2 2 2 2 2 2 2 2 2 2 2 2 2 2 2 2 2 2 2 2 2 2 2 2 2 2 2
left_child=2 11 4 18 5 10 7 -6 -7 -8 -1 14 15 -14 16 -13 -2 -16 -4 20 26 -22 23 -21 -24 -20 -3
right_child=1 19 3 -5 6 8 9 -9 -10 -11 -12 12 13 -15 17 -17 -18 -19 25 22 21 -23 24 -25 -26 -27 -28
leaf_value=0.0038800576853953378 -0.0082648432246559128 -0.053005473684322062 -0.069511680274758694 0.050451053638118408 -0.0075329784421359972 -0.006072160930576942 0.026791701870072116 0.0074163934417631836 0.03596842309958935 0.007975461694899065 -0.001188286506289081 0.0017198619741400347 -0.051209781343401185 0.013157174521977828 -0.071801635567159947 -0.016639397026658755 0.0046300137025748157 0.009895575856371186 -0.033418967696439053 0.056933391921240556 0.0025019451171466472 -0.0065218242865701485 0.0010306733091003039 0.0055429778623882547 0.049650710222510976 -0.0059323303895832662 -0.013538189253110934
leaf_weight=582.26261808637355 149.85317130514886 8.692630199249832 3.4893820094875982 4.1886099874973288 125.91962588671595 12.509784911657333 47.039313539047725 171.75867149385158 22.311475157737732 201.30833979509771 2112.4061523154378 72.751434467732906 6.2430033856071523 69.279228485189378 6.733789421617983 237.8897943572083 281.82925448202877 3.4102445696480572 17.320409461623058 15.295980688184498 433.5117546049878 415.12977662775666 1489.0438107837108 80.050458698999137 5.430399836972355 66.747762630111538 5.6743024522293117
leaf_count=3699 779 74 30 24 648 75 261 886 102 1007 9681 319 40 447 43 1104 1340 29 87 80 2175 2075 7305 420 42 323 70
internal_value=-8.40562e-07 -0.000812676 0.000790153 -0.0109654 0.00111942 0.000174251 0.00584417 0.00109272 0.020865 0.0115394 -9.31213e-05 -0.00437782 -0.00839387 0.00783632 -0.00086774 -0.0123397 0.000153725 -0.0443365 -0.0139035 0.000390795 -0.00250329 -0.00191221 0.0019618 0.0137873 0.00120734 -0.0115954 -0.0374176
internal_weight=6648.08 3280.82 3367.26 91.7462 3275.52 2729.49 546.026 297.678 34.8213 248.348 2694.67 827.99 386.163 75.5222 441.826 310.641 431.682 10.144 87.5576 2452.83 863.008 848.642 1589.82 95.3464 1494.47 84.0682 14.3669
internal_count=33165 16342 16823 464 16359 13557 2802 1534 177 1268 13380 4101 1910 487 2191 1423 2119 72 440 12241 4394 4250 7847 500 7347 410 144
is_linear=0
shrinkage=0.05


Tree=227
num_leaves=31
num_cat=0
split_feature=3 7 36 6 7 32 36 36 5 36 25 9 19 1 25 5 25 5 28 5 19 8 13 7 24 5 8 15 3 13
split_gain=1.81408 7.82292 10.1467 8.26854 7.87319 9.74323 8.66847 6.85286 9.9771 8.67902 6.5321 5.18179 6.119 6.06058 6.85864 5.91152 6.09196 7.9746 7.55487 5.75711 5.76661 5.32319 7.87654 4.97719 4.84631 4.16603 3.70644 5.94965 5.05164 2.52707
threshold=0.89600000000000013 0.17750000000000002 0.35600000000000004 0.36750000000000005 0.27900000000000008 0.46800000000000003 0.43800000000000006 0.51300000000000012 -0.87249999999999994 0.50750000000000017 346.50000000000006 0.90250000000000019 2.2545000000000006 2.5000000000000004 346.50000000000006 -0.88099999999999989 346.50000000000006 -0.98349999999999993 0.44300000000000006 -0.19599999999999998 2.0575000000000006 0.25833333333333336 1.4565000000000003 0.26500000000000007 1.3335000000000004 -0.24549999999999997 0.4555555555555556 -0.088999999999999982 0.72900000000000009 1.6940000000000002
decision_type=2 2 2 2 2 2 2 2 2 2 2 2 2 2 2 2 2 2 2 2 2 2 2 2 2 2 2 2 2 2
left_child=1 2 26 4 5 -3 -6 9 -9 -4 23 12 19 24 -15 16 18 -18 -13 20 -2 22 -17 -5 -14 -23 28 -28 -1 -12
right_child=11 3 7 10 6 -7 -8 8 -10 -11 29 15 13 14 -16 21 17 -19 -20 -21 -22 25 -24 -25 -26 -27 27 -29 -30 -31
leaf_value=-0.02202613309823109 0.0050892380704021497 0.013424218138821789 -0.002949040025421693 -0.021160066066953309 -0.010049204888783893 -0.0017234114061787519 0.0033621878414954796 -0.0041295659062622146 -0.041083707527922612 0.043143206412327578 -0.065700956287373102 0.035824077462129622 -0.074496833911546864 -0.012623144287231712 -0.078928680658111677 -0.014017791071308024 0.065065862297484123 -0.011359641649672101 -0.016992158286377318 0.056478538567719908 0.03046776721645646 -0.0031068897173065287 0.0025181262944717819 0.037584753546641682 0.023309790467327063 0.00088994584426097347 -0.050540695383478218 0.043995144109605887 -0.062657144057591582 -0.014442566555081741
leaf_weight=17.531041730195287 355.64243077114224 232.66239799000323 228.71808807691559 13.844613306224351 222.63282676861854 195.24255949445069 262.60125896967656 48.819464337546378 29.183388096280396 10.690402800217269 9.3174110499676299 11.244331013876947 1.4425718933343912 11.557861726731064 5.8864765092730513 163.89839350804687 11.492824718356134 4.8552583530545226 17.017826404422522 5.8954847361892453 23.886866876855493 786.58689184905961 128.45566949993372 4.8754064129898316 10.378341955714857 3809.6993558643153 3.0409565959125757 3.6764727085828772 13.57245486602187 3.2408738993108264
leaf_count=112 1671 1172 1243 84 1371 868 1474 319 145 54 69 63 10 59 32 750 69 22 91 31 114 3553 570 45 240 18806 21 21 68 18
internal_value=-7.64215e-07 -0.00167627 -0.00800136 0.000702844 0.00156872 0.00651273 -0.00279116 -0.0050844 -0.0179553 -0.000890865 -0.0245755 0.000406415 0.00577453 -0.016267 -0.0349975 -4.48292e-05 0.018074 0.0423681 0.00402121 0.00744814 0.00668652 -0.000210169 -0.00675218 -0.00586068 0.0113739 0.000205946 -0.032482 0.0011991 -0.0397561 -0.0524729
internal_weight=6647.59 1299.65 355.232 944.417 913.139 427.905 485.234 317.411 78.0029 239.408 31.2783 5347.94 414.69 29.2653 17.4443 4933.25 44.6102 16.3481 28.2622 385.425 379.529 4888.64 292.354 18.72 11.8209 4596.29 37.8209 6.71743 31.1035 12.5583
internal_count=33165 7084 1983 5101 4885 2040 2845 1761 464 1297 216 26081 2157 341 91 23924 245 91 154 1816 1785 23679 1320 129 250 22359 222 42 180 87
is_linear=0
shrinkage=0.05


Tree=228
num_leaves=27
num_cat=0
split_feature=42 59 1 27 7 36 32 3 28 24 1 35 4 15 22 24 16 22 18 3 26 20 41 13 3 20
split_gain=1.69304 3.73414 5.29699 11.9121 5.91508 5.91054 4.48732 3.86426 4.76978 5.08418 3.71568 2.62429 2.20565 4.38438 3.72029 3.40982 2.1729 2.02269 7.86118 7.00741 6.30055 5.45833 4.35903 3.94881 0.359714 0.0565792
threshold=0.32150000000000006 8.5000000000000018 33.500000000000007 0.23550000000000001 0.16350000000000003 0.39600000000000007 0.54100000000000015 1.1635000000000002 0.48200000000000004 3.4910000000000001 40.500000000000007 0.86450000000000016 1.0000000180025095e-35 -0.67299999999999993 0.87777777777777788 4.4055000000000009 0.42600000000000005 0.25833333333333336 0.18333333333333332 1.1275000000000002 0.14450000000000002 -13.499999999999998 0.48550000000000004 1.5580000000000003 2.6045000000000003 -3.4999999999999996
decision_type=2 2 2 2 2 2 2 2 2 2 2 2 2 2 2 2 2 2 2 2 2 2 2 2 2 2
left_child=12 7 5 4 -4 11 -7 16 9 -9 -5 -3 13 14 -1 -16 -2 18 19 -14 23 -20 -22 -19 25 -15
right_child=1 2 3 10 -6 6 -8 8 -10 -11 -12 -13 17 24 15 -17 -18 20 21 -21 22 -23 -24 -25 -26 -27
leaf_value=0.042634202799656046 -0.090257506991059416 -0.049701583260488395 -0.028328644743819645 -0.079290875975955966 0.039048894671848536 0.018123237810948944 -0.0091938275403524519 -0.051038866236863871 0.04370667899144793 0.015228039846326709 -0.028558091017785843 -0.00051447564451505366 -0.023695728128330266 -0.058004842938487136 -0.053049631264811339 0.022276837858171517 -0.032873990075307495 0.054271160428328691 -0.050177047626632276 0.0027615330986701194 -0.0010884075945834977 -2.377947663849687e-05 0.0038081992799951035 0.0047923794556567556 -0.094461601886418514 -0.040026711789687669
leaf_weight=3.2326343962922675 2.7033241130993728 6.5241166800260526 5.324969798326495 6.7344761490821821 8.3893146663904172 49.745824679732323 21.544235594570637 7.2778118252754194 3.2311786920763543 4.8057516841217875 7.7768506333231926 4.6406215652823448 66.917842865921557 3.062323720601853 3.811885328264907 2.4796755779534578 4.2327164569869637 9.1449341773986834 5.4314976707100859 39.978811474516988 938.30085325567052 4550.6297972393222 881.49427077861037 7.2130086855031541 0.70735581219196308 0.51059885638824143
leaf_count=33 22 33 26 29 39 229 109 36 27 44 37 26 416 48 237 98 31 44 26 188 4590 22265 4390 36 3 103
internal_value=-9.34798e-07 -0.00558696 -0.00182955 -0.020525 0.0128876 0.0045702 0.00986788 -0.0242772 -0.0102545 -0.0246839 -0.0521024 -0.029257 0.000113078 -0.0198518 -0.000961655 -0.0233614 -0.0552392 0.000155485 -0.000398033 -0.0138008 0.00156116 -8.35696e-05 0.00128347 0.0324536 -0.061885 -0.0554356
internal_weight=6645.85 132.931 110.68 28.2256 13.7143 82.4548 71.2901 22.2508 15.3147 12.0836 14.5113 11.1647 6512.92 13.8045 9.5242 6.29156 6.93604 6499.11 4662.96 106.897 1836.15 4556.06 1819.8 16.3579 4.28028 3.57292
internal_count=33165 688 528 131 65 397 338 160 107 80 66 59 32477 522 368 335 53 31955 22895 604 9060 22291 8980 80 154 151
is_linear=0
shrinkage=0.05


Tree=229
num_leaves=24
num_cat=0
split_feature=44 30 33 34 3 30 19 40 7 40 11 11 43 16 2 27 44 22 3 34 19 0 18
split_gain=1.66844 3.68654 5.26647 5.4573 4.42589 4.23067 3.38581 2.33608 4.32715 3.42266 6.62693 4.03175 3.27173 3.14807 7.33938 3.61 8.42272 3.60481 3.12163 3.05704 2.82846 2.28892 1.37934
threshold=0.42400000000000004 1.6565000000000001 0.27550000000000008 0.50550000000000017 1.5690000000000002 1.5255000000000003 0.71700000000000008 0.71500000000000008 0.63050000000000017 0.72750000000000015 11.500000000000002 48.500000000000007 0.7875000000000002 0.81100000000000017 2.5000000000000004 0.16900000000000001 0.49050000000000005 -1.0000000180025095e-35 1.2405000000000002 0.50200000000000011 2.6570000000000005 7.5000000000000009 0.4555555555555556
decision_type=2 2 2 2 2 2 2 2 2 2 2 2 2 2 2 2 2 2 2 2 2 2 2
left_child=1 2 3 22 -5 21 -7 13 9 10 -9 -11 18 15 19 16 -2 -17 -10 -15 -16 -4 -1
right_child=7 -3 5 4 -6 6 -8 8 12 11 -12 -13 -14 14 20 17 -18 -19 -20 -21 -22 -23 -24
leaf_value=-0.020014474275942881 0.019747792099703898 -0.030536673723462013 0.023576603383082487 -0.002167877836388013 0.03842575030460206 -0.043816477159796238 0.016594270585691292 0.010955098629932294 -0.037788942862730976 0.00028288062110470386 0.00086269189194612792 -0.006865252110010287 0.053158676622387317 0.062612916060587664 -0.071242579636250136 0.00088000484481497621 -0.039057880610700466 -0.0042084570681543134 -0.0053615328621909293 -0.016285771009235291 -0.024182770288492157 0.071952883340953136 -0.063053721929884038
leaf_weight=3.6604493893682948 43.58935389528051 6.5583868362009516 4.5674567241221649 45.985692847985774 7.8627661149948826 2.4711098233237854 37.777565186726861 216.5206387382932 15.072249212040338 3922.7123006882612 653.78626976162195 207.70965079963207 1.5298218857496966 2.9441568946931538 4.8957905471324912 604.78113487677183 7.0778293050825587 819.93336699917563 14.620981324696912 2.105894690612331 9.1798070250079018 5.2622765600681305 3.7880565579980612
leaf_count=20 205 31 21 258 39 18 183 1341 311 19301 3013 907 24 66 24 2908 36 4176 127 55 55 25 21
internal_value=-1.01863e-06 0.00589309 0.00803827 -0.00178919 0.00375946 0.0200673 0.0128853 -0.000107526 0.000408007 0.000523864 0.00337355 -7.65829e-05 -0.0181479 -0.0018433 -0.0219985 -0.00158203 0.0115331 -0.00204844 -0.0218216 0.0297118 -0.0405512 0.0494745 -0.0419028
internal_weight=6644.39 117.934 111.375 61.297 53.8485 50.0784 40.2487 6526.46 5031.95 5000.73 870.307 4130.42 31.2231 1494.51 19.1256 1475.38 50.6672 1424.71 29.6932 5.05005 14.0756 9.82973 7.44851
internal_count=33165 616 585 338 297 247 201 32549 25024 24562 4354 20208 462 7525 200 7325 241 7084 438 121 79 46 41
is_linear=0
shrinkage=0.05


Tree=230
num_leaves=22
num_cat=0
split_feature=22 35 8 21 40 24 8 8 7 44 14 11 9 18 18 9 42 14 26 10 44
split_gain=1.67171 4.55942 6.05052 5.01318 6.09956 4.83559 4.35661 7.3692 7.9843 6.53989 6.01685 6.57765 4.15028 3.99382 7.57917 9.00495 5.23611 4.3163 6.70618 5.91991 3.5219
threshold=-0.45555555555555544 0.54200000000000015 0.51666666666666672 1.0000000180025095e-35 0.74900000000000011 1.4140000000000001 0.18333333333333332 0.097222222222222224 0.23400000000000001 0.49150000000000005 0.81350000000000011 23.500000000000004 1.0375000000000003 0.70000000000000007 0.76388888888888895 0.68900000000000006 0.24150000000000002 0.95350000000000013 0.5525000000000001 5.5000000000000009 0.48800000000000004
decision_type=2 2 2 2 2 2 2 2 2 2 2 2 2 2 2 2 2 2 2 2 2
left_child=1 12 3 5 -5 -3 7 10 20 -10 -2 -12 -1 17 15 -15 -16 18 -8 -19 -9
right_child=6 2 -4 4 -6 -7 13 8 9 -11 11 -13 -14 14 16 -17 -18 19 -20 -21 -22
leaf_value=0.0028395361807017267 0.060913831741038142 -0.0070140480069380675 0.065250403912324326 -0.0015821331157458908 -0.059406921747883604 0.0047329668591173301 -0.0046352365798052421 -0.019393136847630967 0.0032577469081714453 -0.019290227294946841 -0.006967965573531628 0.020048739995743553 -0.069901963816934101 -0.10603709786074351 -0.014362964448456434 -0.011509466118791679 0.0040147741420362842 0.0051815464944336359 0.016925451837214663 0.0001797270992853512 -0.051626495028820468
leaf_weight=3.7099687457084647 4.3773162588477126 102.54623603215441 3.8403721153736106 12.591486550867559 7.1501909382641307 601.31476224202197 620.45104556658771 17.749535646289587 67.197903950815089 61.672791222576052 75.336306354962289 32.14086738973856 4.1592395603656769 2.5587596595287314 47.328805204480886 163.94597099721432 214.03462832141668 699.01147544966079 38.291114984065644 3848.3219020200195 16.216996118426323
leaf_count=22 27 814 19 59 32 2984 3247 88 393 355 380 145 19 11 215 772 1000 3209 241 19060 73
internal_value=-1.00457e-06 0.00224725 0.00265675 0.00232454 -0.0225256 0.00302153 -0.000280793 -0.00642951 -0.013217 -0.00753289 0.00345165 0.00111133 -0.0356077 1.89973e-05 -0.00462464 -0.0129621 0.000686855 0.000400641 -0.00338197 0.000948602 -0.0347826
internal_weight=6643.95 735.312 727.443 723.603 19.7417 703.861 5908.64 274.692 162.837 128.871 111.854 107.477 7.86921 5633.94 427.868 166.505 261.363 5206.08 658.742 4547.33 33.9665
internal_count=33165 3949 3908 3889 91 3798 29216 1461 909 748 552 525 41 27755 1998 783 1215 25757 3488 22269 161
is_linear=0
shrinkage=0.05


Tree=231
num_leaves=18
num_cat=0
split_feature=23 24 21 24 18 18 28 41 41 16 23 2 44 4 4 20 23
split_gain=1.70671 3.78075 3.34696 3.7801 1.78919 7.92103 7.42599 5.95454 7.77919 7.72043 3.88692 1.2971 0.28833 0.263537 0.00992263 0.00100722 0.00078037
threshold=-2.4499999999999997 1.0000000180025095e-35 -5.4999999999999991 0.55000000000000016 0.78888888888888908 0.70000000000000007 0.27450000000000008 0.47000000000000003 0.46650000000000008 0.52500000000000013 -0.74749999999999983 2.5000000000000004 0.47650000000000003 1.9835000000000003 2.4870000000000005 12.500000000000002 -1.0414999999999996
decision_type=2 2 2 2 2 2 2 2 2 2 2 2 2 2 2 2 2
left_child=2 11 3 -1 5 10 -7 8 -6 -9 -3 14 -4 -14 16 -15 -2
right_child=1 4 12 -5 7 6 -8 9 -10 -11 -12 -13 13 15 -16 -17 -18
leaf_value=-0.053641293887357736 -0.052269947190094784 -0.0038454887899039593 0.036220794607938693 0.030646465680393975 0.00070247360020472512 -0.034797833667397277 -0.0059624512854757348 0.018672996892830307 -0.022947341957018596 0.0023437306958874068 0.00056218630214623501 0.045611212522651906 0.085597868726621618 0.054204248547047987 -0.058913360490578187 0.051868547744754058 -0.050624897496813093
leaf_weight=2.3007569313049316 2.7379430308938026 553.76847870065831 1.4433326628059129 3.1532709132879972 157.35821898188442 24.474460123106837 254.54406660748646 92.583265356719494 44.633807949954644 331.79116427223198 5168.7851426930865 0.36334997788071621 0.92328644543886218 0.84448166890069831 0.57153981924056996 1.0179252019152043 0.97857504847343024
leaf_count=14 71 2661 27 35 771 127 1220 408 224 1694 25662 3 5 18 5 36 184
internal_value=-1.04681e-06 -3.16704e-05 0.0209752 -0.00490994 -4.61919e-08 -0.00026544 -0.00849178 0.00254284 -0.00452338 0.00590619 0.000135658 -0.0450941 0.0543583 0.0637558 -0.05278 0.0529276 -0.0518368
internal_weight=6642.27 6632.59 9.68305 5.45403 6627.94 6001.57 279.019 626.366 201.992 424.374 5722.55 4.65141 4.22903 2.78569 4.28806 1.86241 3.71652
internal_count=33165 33030 135 49 32767 29670 1347 3097 995 2102 28323 263 86 59 260 54 255
is_linear=0
shrinkage=0.05


Tree=232
num_leaves=26
num_cat=0
split_feature=26 27 39 59 44 18 4 7 9 22 13 23 19 27 4 21 20 9 59 5 14 13 23 11 23
split_gain=1.69635 4.13462 6.41512 5.66104 7.0858 5.85843 5.33044 5.24779 4.95155 6.52672 5.42591 4.57168 10.8138 5.15304 2.28677 6.99872 7.11782 5.67565 5.31364 4.05799 2.92855 5.18394 2.85829 2.43445 2.9595
threshold=0.64400000000000013 0.21200000000000002 2.5190000000000006 26.500000000000004 0.49150000000000005 0.29999999999999999 0.88700000000000012 0.10900000000000001 1.5475000000000001 0.29999999999999999 1.2890000000000004 0.41250000000000003 1.2195000000000003 0.14450000000000005 0.66100000000000014 28.500000000000004 -12.499999999999998 1.5400000000000003 6.5000000000000009 1.7595000000000003 2.4335000000000004 0.83650000000000013 1.2320000000000004 13.500000000000002 2.5500000000000003
decision_type=2 2 2 2 2 2 2 2 2 2 2 2 2 2 2 2 2 2 2 2 2 2 2 2 2
left_child=14 2 8 5 -5 7 -7 -3 9 -2 -10 13 -13 -4 15 16 18 -18 -1 20 22 -22 -16 24 -21
right_child=1 3 11 4 -6 6 -8 -9 10 -11 -12 12 -14 -15 19 -17 17 -19 -20 23 21 -23 -24 -25 -26
leaf_value=-0.002404802507904041 0.010771917021207039 0.030962775706859659 -0.066756119202142625 0.055887274030796276 -0.020122756029863451 -0.069550733259531358 -0.021634804861062697 -0.014673347413372546 0.0092147743697559101 0.077913324565024311 -0.043602703974265883 -0.0058678594371419368 0.022181566848132293 -0.01281063466310256 0.00058581145489644039 -0.076743217594190963 0.021964154260409818 -0.0087725479511913656 0.049213058538248838 0.05789396351511511 -0.039768812430395928 0.0023559230226791925 -0.0080970096793719203 -0.025313447731517499 -0.028964101470330877
leaf_weight=9.4346530144102889 9.317967612645587 7.5217076311819246 4.9357151286676517 6.2548309415578824 6.0143097192049026 8.4230834376066941 18.66814548522234 38.764553815126419 72.986818017903715 5.9186211153864852 5.2095412723720065 225.13175350590609 40.550470245070755 42.936664221459068 5782.5636383590754 3.3188477605581275 16.300771692302078 191.00159829924814 10.573222920298575 6.5516616462264192 12.525789904408159 17.517093801405281 96.361168672330678 1.4704496935009954 1.1533455920871345
leaf_count=139 48 47 25 27 26 43 91 178 352 31 26 1154 207 223 27931 15 265 1291 53 113 90 211 525 9 45
internal_value=-1.02285e-06 -0.00282414 -0.000722835 -0.0128094 0.0186273 -0.0180658 -0.0365326 -0.00725729 0.0107769 0.0368529 0.00569601 -0.00414953 -0.00158674 -0.0183725 0.000225163 -0.00465936 -0.0036069 -0.00635563 0.0248728 0.000415512 0.000363919 -0.0152072 0.000443492 0.0336413 0.0448924
internal_weight=6641.41 492.634 406.988 85.6466 12.2691 73.3775 27.0912 46.2863 93.4329 15.2366 78.1964 313.555 265.682 47.8724 6148.77 230.629 227.31 207.302 20.0079 5918.14 5908.97 30.0429 5878.92 9.17546 7.70501
internal_count=33165 2478 2066 412 53 359 134 225 457 79 378 1609 1361 248 30687 1763 1748 1556 192 28924 28757 301 28456 167 158
is_linear=0
shrinkage=0.05


Tree=233
num_leaves=23
num_cat=0
split_feature=13 23 6 24 40 36 17 13 1 9 9 17 1 14 37 17 7 22 41 24 4 24
split_gain=1.62417 2.18118 1.92211 2.20789 1.82698 1.75452 3.87541 6.89721 4.90814 7.1536 2.92815 1.83573 9.66298 7.8928 3.90057 2.83713 7.53706 2.70573 1.02682 0.0138386 0.0052944 0.000932882
threshold=1.0000000180025095e-35 1.1670000000000005 0.66100000000000014 4.2580000000000009 0.76450000000000007 0.32300000000000006 0.21550000000000002 1.2245000000000001 31.500000000000004 0.82700000000000007 1.2155000000000002 0.50850000000000006 26.500000000000004 0.98350000000000015 0.54250000000000009 0.41900000000000004 0.049000000000000009 -0.45555555555555544 0.51800000000000013 2.9725000000000006 2.3195000000000006 2.2405000000000004
decision_type=2 2 2 2 2 2 2 2 2 2 2 2 2 2 2 2 2 2 2 2 2 2
left_child=1 19 -3 18 -5 6 7 10 9 -8 -2 15 13 -13 -14 17 -17 -7 -4 20 21 -1
right_child=5 2 3 4 -6 11 8 -9 -10 -11 -12 12 14 -15 -16 16 -18 -19 -20 -21 -22 -23
leaf_value=-0.050638255803338111 -0.046424823572007584 0.027108379084942114 -0.055323359606506278 -0.012279217424733625 0.066776265439965274 0.003052149655833363 -0.015440083577950346 0.05145261697655467 -0.031912335373473648 0.04430089918037191 -0.0033742798250887478 0.029102224802449173 0.08414211837592156 -0.0049089673570834619 0.019174996177458492 0.016508691177666044 -0.0069942242562521118 -0.00027009687309613163 0.014454146288265551 -0.059601656542027807 -0.059199297915339844 -0.053348331139955074
leaf_weight=1.0626591443869977 7.0223756432533326 3.0282729543396263 3.5444528632797283 2.9415449611842637 0.97240873519331206 691.09443382069003 6.7899952474981609 3.9621644797734907 3.8415765166282645 19.125048082787544 9.0273137055337411 21.346520802588202 5.1457352936267835 84.906940471148118 4.1929404735565186 38.198119359323755 318.82844811130781 5413.7826806001831 0.61936401389539231 1.1583607047796247 0.25777173787355412 0.45287111774086941
leaf_count=241 42 32 123 88 19 3678 41 20 21 100 46 181 23 629 20 254 1705 25866 15 10 2 9
internal_value=-8.68676e-07 -0.0169903 -0.00686411 -0.0196001 0.00736185 3.51178e-05 0.00938778 -0.00762596 0.0208298 0.0286482 -0.0222106 -3.56489e-05 0.00620975 0.00192395 0.0549727 -0.000147368 -0.00447966 0.000105994 -0.044944 -0.0553513 -0.0525748 -0.0514481
internal_weight=6641.3 14.0377 11.106 8.07777 3.91395 6627.26 49.7685 20.0119 29.7566 25.915 16.0497 6577.5 115.592 106.253 9.33868 6461.9 357.027 6104.88 4.16382 2.93166 1.7733 1.51553
internal_count=33165 539 277 245 107 32626 270 108 162 141 88 32356 853 810 43 31503 1959 29544 138 262 252 250
is_linear=0
shrinkage=0.05


Tree=234
num_leaves=22
num_cat=0
split_feature=39 26 8 26 14 25 26 17 23 24 26 2 5 24 23 25 23 9 24 21 24
split_gain=1.66197 5.68149 5.4266 6.12594 8.73609 6.11843 5.92081 4.43282 3.77511 3.64737 2.52629 6.3013 6.77793 9.14189 6.23634 3.08652 5.05189 8.09685 7.56358 4.17331 3.50259
threshold=2.7270000000000008 0.68350000000000011 0.76388888888888895 0.64000000000000012 1.2980000000000003 347.50000000000006 0.58850000000000013 0.39650000000000007 0.84850000000000014 3.8040000000000003 0.73850000000000005 25.500000000000004 0.83650000000000013 3.2320000000000007 0.96450000000000002 348.50000000000006 -0.043000000000000045 0.62000000000000011 3.4910000000000001 41.500000000000007 3.5295000000000001
decision_type=2 2 2 2 2 2 2 2 2 2 2 2 2 2 2 2 2 2 2 2 2
left_child=10 2 5 4 -4 6 -2 -7 -3 -10 15 12 13 -12 -14 19 17 -17 -18 20 -1
right_child=1 8 3 -5 -6 7 -8 -9 9 -11 11 -13 14 -15 -16 16 18 -19 -20 -21 -22
leaf_value=0.00024599721643236809 -0.010423214071342453 0.0036266892699047303 -0.009731683906925314 -0.03806676241468554 0.045072101140381404 0.0053508918614544347 0.016470892659045177 0.05347954916749012 -0.089565513353208795 -0.020922699949356569 -0.014476799300088003 0.062725127619996643 -0.07854436062866324 0.071752965786719886 0.0076387609971043241 0.011826705164356167 0.0038670341684248692 -0.01001046731875857 -0.015809819005279956 -0.044323038059597614 0.0053615252224737779
leaf_weight=5127.6348649454158 222.28080240276176 3.706006486900149 11.701691115507858 4.5080563654191783 19.207997244782746 62.566415687790141 22.539965841919184 5.1803546594455829 4.1673238798975945 3.6130294166505337 6.4496588781476074 5.5956477224826804 3.8443969860672933 5.8722025975584984 4.6235407022759318 49.002050858223811 340.81380144617287 317.39953522442374 57.006742393132299 5.17943450808525 357.97786924662068
leaf_count=24679 1099 18 60 30 139 310 113 31 18 26 33 25 18 28 25 312 1629 1493 395 24 2660
internal_value=-9.94071e-07 -0.00330746 -0.00216543 0.0163833 0.0243247 -0.00426723 -0.00794715 0.00903112 -0.037906 -0.0576893 0.000188228 0.0156271 0.00295048 0.0266175 -0.0314879 0.000123103 -0.00285403 -0.00708999 0.00104739 0.000537468 0.000579824
internal_weight=6640.87 359.472 347.985 35.4177 30.9097 312.568 244.821 67.7468 11.4864 7.78035 6281.4 26.3854 20.7898 12.3219 8.46794 6255.01 764.222 366.402 397.821 5490.79 5485.61
internal_count=33165 1844 1782 229 199 1553 1212 341 62 44 31321 129 104 61 43 31192 3829 1805 2024 27363 27339
is_linear=0
shrinkage=0.05


Tree=235
num_leaves=27
num_cat=0
split_feature=28 11 28 9 44 23 43 11 23 18 4 3 39 42 28 24 17 39 15 19 37 18 4 8 22 30
split_gain=1.66323 6.48304 7.99979 8.07308 7.84996 8.5874 7.25269 6.98958 6.8379 5.84775 5.76692 7.47332 5.63949 4.72364 4.11556 5.45445 4.73467 6.86533 3.40872 7.23372 8.98021 5.20547 5.09927 8.7895 7.39734 1.28974
threshold=0.25850000000000006 37.500000000000007 0.20600000000000002 1.5965000000000003 0.48000000000000004 0.30899999999999994 0.73750000000000016 32.500000000000007 0.5335000000000002 0.70000000000000007 1.7805000000000002 1.1015000000000004 2.4560000000000008 0.21900000000000003 0.26300000000000007 2.1665000000000005 0.44200000000000006 2.6930000000000005 -0.8304999999999999 0.95600000000000007 0.47050000000000008 0.40833333333333338 1.2890000000000004 0.59166666666666679 0.51666666666666683 1.4640000000000002
decision_type=2 2 2 2 2 2 2 2 2 2 2 2 2 2 2 2 2 2 2 2 2 2 2 2 2 2
left_child=1 7 4 25 8 -6 -5 10 -3 13 11 -1 -12 -9 15 -2 17 -17 22 20 -20 -21 24 -24 -16 -4
right_child=14 2 3 6 5 -7 -8 9 -10 -11 12 -13 -14 -15 18 16 -18 -19 19 21 -22 -23 23 -25 -26 -27
leaf_value=-0.011701654151313357 -0.043783088008110357 -0.063845491402327731 -0.054367433875887994 0.022206099228631523 0.063294190857105262 -0.0099651680898639738 -0.046976826371518732 -0.02697301536021178 0.013631875850942179 -0.041936754577227085 -0.053502937851434118 -0.00074934302294403174 0.022296167776765283 0.020833188769328197 -0.019987303717069017 0.022453454940027595 -0.030757176178169379 -0.028875586997838945 -0.0056324263031771356 -0.002795381519441201 0.012477584736880256 0.0011772241918890541 0.0045089139931646502 -0.023502162655964019 0.0068057343657549844 -0.091703216709482838
leaf_weight=174.81724134366959 4.2564884260937097 6.8060779869556445 4.0606930702924746 6.6994690075516692 7.147528991103175 9.0840890705585462 8.7178726941347104 5.5920881032943717 4.8967255651950836 4.4321257434785357 2.626883697230368 1428.4007821236737 37.257910817745142 67.992953456938267 91.574047568719834 68.107581248506904 5.44009428564459 7.2034129640087476 93.800541750853881 1144.9603781975457 253.3079516045982 2947.2416065313155 181.22759263729677 33.124391305376776 35.845585225149989 5.3746176362037659
leaf_count=1145 35 31 20 31 32 42 37 25 25 22 19 6950 265 305 535 314 33 36 457 5567 1273 14339 939 187 477 24
internal_value=-7.84752e-07 -0.00131144 -0.0185712 -0.0392074 -0.000211683 0.0222943 -0.016914 -0.000782075 -0.0314272 0.0138406 -0.00147638 -0.0019436 0.0173039 0.0172002 0.000477006 0.0113821 0.0142899 0.0175439 0.000283114 0.00065355 0.00758364 6.57257e-05 -0.00452852 0.000180287 -0.0124499 -0.0756349
internal_weight=6640 1773.91 52.7871 24.8527 27.9344 16.2316 15.4173 1721.12 11.7028 78.0172 1643.1 1603.22 39.8848 73.585 4866.09 85.0076 80.7511 75.311 4781.08 4439.31 347.108 4092.2 341.772 214.352 127.42 9.43531
internal_count=33165 8973 242 112 130 74 68 8731 56 352 8379 8095 284 330 24192 418 383 350 23774 21636 1730 19906 2138 1126 1012 44
is_linear=0
shrinkage=0.05


Tree=236
num_leaves=27
num_cat=0
split_feature=14 14 39 42 11 27 24 28 20 20 24 19 4 13 27 4 24 31 24 26 15 19 11 15 22 13
split_gain=1.63564 6.13901 5.51914 9.05812 6.75592 6.08871 6.22398 5.95188 4.88084 4.80982 7.11525 5.35734 5.15367 9.68919 3.98297 3.91429 5.02273 5.12489 3.5704 3.52435 3.09412 4.18163 4.97887 4.32817 3.1596 4.14418
threshold=1.6230000000000002 1.6940000000000002 2.6230000000000007 0.24050000000000002 17.500000000000004 0.29650000000000004 3.7020000000000004 0.15500000000000003 -12.499999999999998 4.5000000000000009 2.3755000000000002 1.7400000000000004 1.8685000000000003 1.3965000000000003 0.26950000000000007 0.50850000000000006 3.2015000000000007 0.74350000000000016 2.9475000000000007 0.23450000000000001 -1.0409999999999997 0.70200000000000007 17.500000000000004 -0.95099999999999985 0.48333333333333339 0.34300000000000003
decision_type=2 2 2 2 2 2 2 2 2 2 2 2 2 2 2 2 2 2 2 2 2 2 2 2 2 2
left_child=8 2 3 4 -2 6 -4 -5 15 10 14 -12 19 -14 -3 -1 18 -18 -17 -11 24 22 -22 -23 25 -10
right_child=1 9 5 7 -6 -7 -8 -9 20 12 11 -13 13 -15 -16 16 17 -19 -20 -21 21 23 -24 -25 -26 -27
leaf_value=0.026603434153489661 0.009986503086949294 -0.05864721342341464 -0.0096793445575994765 -0.0035027107156427777 -0.028111252935045905 0.041916518514451211 0.042180604904135881 0.022820801137545699 0.032447573396661732 -0.0020632896345463931 -0.00016017558006903434 -0.055265637309517494 -0.073216862613555131 0.023746841423535055 -0.0053039857852401704 -0.0053673391155581833 0.016044944885139991 -0.019200506174304015 -0.047224670321753426 0.038475076976520584 0.010580085370670992 0.028978752568992655 -0.035541161735560017 -0.00045079150714175825 -0.058242157858942906 -0.030679702607010653
leaf_weight=5.7345465850085011 26.793570265173912 8.2130226269364339 79.221184302121401 25.769595373421907 20.570452064275742 7.2225212007760993 6.2413518633693448 128.81268850434572 4.0187709624879044 7.18239198625088 982.2584623954026 4.4305190294980994 4.0836934074759466 6.980022257543169 6.097234151326119 7.2724751979112652 16.170032829046249 28.478047430515289 17.012608654797077 21.148066753521562 129.95289794873679 12.52419278770685 6.1274323612451544 5065.029331339334 4.409949390217661 7.36328125
leaf_count=36 131 52 374 116 89 38 46 621 29 34 5548 41 20 94 41 35 68 126 73 103 889 65 28 24398 27 43
internal_value=-8.30833e-07 0.00156347 0.00793485 0.012571 -0.00655956 -0.0021665 -0.005892 0.0184325 -0.00039456 -0.000240858 -0.000915285 -0.000407615 0.0168962 -0.0120431 -0.035919 -0.0130878 -0.0163897 -0.00643579 -0.03469 0.0281977 -0.000213321 -0.000146385 0.00850334 -0.000378201 -0.0223119 -0.00839075
internal_weight=6639.12 1335.02 294.631 201.946 47.364 92.6851 85.4625 154.582 5304.09 1040.39 1001 986.689 39.3942 11.0637 14.3103 74.6677 68.9332 44.6481 24.2851 28.3305 5229.43 5213.63 136.08 5077.55 15.792 11.3821
internal_count=33165 7348 1415 957 220 458 420 737 25817 5933 5682 5589 251 114 93 338 302 194 108 137 25479 25380 917 24463 99 72
is_linear=0
shrinkage=0.05


Tree=237
num_leaves=22
num_cat=0
split_feature=17 4 7 22 35 5 17 1 28 35 31 37 36 17 9 19 17 25 40 40 28
split_gain=1.64454 3.79963 6.05577 3.10001 4.4517 3.30363 2.96728 7.279 6.90885 8.56961 7.16835 5.31022 2.30261 4.99613 5.29264 4.51697 2.53986 7.13858 2.5734 1.63842 0.783334
threshold=0.7320000000000001 1.4915000000000003 0.21950000000000003 0.083333333333333273 0.66700000000000015 -0.75449999999999984 0.50850000000000006 26.500000000000004 0.39150000000000007 0.76000000000000012 0.7875000000000002 0.56050000000000011 0.32300000000000006 0.21550000000000002 0.82700000000000007 0.93550000000000011 0.41900000000000004 350.50000000000006 0.78200000000000014 0.78200000000000014 0.16250000000000003
decision_type=2 2 2 2 2 2 2 2 2 2 2 2 2 2 2 2 2 2 2 2 2
left_child=6 2 -2 4 -3 -6 12 8 9 -8 -10 -9 13 15 -15 -1 18 -18 -14 20 -4
right_child=1 3 19 -5 5 -7 7 11 10 -11 -12 -13 16 14 -16 -17 17 -19 -20 -21 -22
leaf_value=-0.040641349655610198 0.043274266898623751 -0.059252187379069003 -0.0051541387338462225 -0.042344943428314831 -0.0044841189335266219 0.077399580436509754 -0.029710260808681777 0.083105797341674892 0.0089032181909766781 0.012126023832496899 0.061601479684572108 0.00772958884556957 0.00027814923631096206 -0.014577000084960719 0.036176433079681852 0.0090390317810387609 -0.0031678510011092539 -0.049793685225017474 -0.005001293188725919 0.012841324742709227 -0.062983595519505803
leaf_weight=7.0333969052881029 2.0761965289711979 1.202848048415033 0.63511574876610755 2.0956960376352072 1.9478596383705729 3.3507121367147197 23.924564311513677 5.3633359074592573 31.030386588769034 25.063454395160079 8.1474013249389809 4.1404232382774353 5874.7242731150473 6.7207734934054342 21.793002929538488 13.091230969876049 349.41953945613932 8.4066564997192454 240.25827583833598 0.89378246301203113 7.5084515945345629
leaf_count=43 10 20 23 13 16 58 136 24 177 153 46 20 28773 41 112 68 1948 47 1173 18 246
internal_value=-8.14623e-07 -0.0144218 -0.03373 0.0105379 0.0275844 0.0472975 4.21288e-05 0.00869263 0.00421113 -0.00830581 0.0198623 0.0502673 -8.74269e-05 0.010751 0.0242137 -0.00832387 -0.000168869 -0.00426326 7.07194e-05 -0.0514205 -0.0584735
internal_weight=6638.83 19.7107 11.1135 8.59712 6.50142 5.29857 6619.12 97.6696 88.1658 48.988 39.1778 9.50376 6521.45 48.6384 28.5138 20.1246 6472.81 357.826 6114.98 9.03735 8.14357
internal_count=33165 404 297 107 94 74 32761 556 512 289 223 44 32205 264 153 111 31941 1995 29946 287 269
is_linear=0
shrinkage=0.05


Tree=238
num_leaves=26
num_cat=0
split_feature=3 7 36 0 42 39 18 39 3 30 5 3 14 1 35 23 42 28 26 36 20 4 30 19 3
split_gain=1.61738 6.49727 9.17189 7.36019 6.72084 5.54114 5.41008 7.539 6.35404 5.54044 6.29797 5.97727 3.95002 3.47298 5.271 5.23659 4.328 5.90614 5.80113 3.7264 7.75295 3.41419 3.33065 2.98049 1.74791
threshold=0.82700000000000007 0.16350000000000003 0.35600000000000004 12.500000000000002 0.27750000000000008 2.7015000000000007 0.25833333333333336 2.5110000000000006 0.81350000000000011 1.4890000000000001 -0.20349999999999999 0.81350000000000011 0.85450000000000015 3.5000000000000004 0.56300000000000006 -1.6664999999999996 0.25300000000000006 0.6755000000000001 0.17250000000000001 0.32300000000000006 -2.4999999999999996 1.7710000000000001 1.4965000000000004 2.6570000000000005 0.72900000000000009
decision_type=2 2 2 2 2 2 2 2 2 2 2 2 2 2 2 2 2 2 2 2 2 2 2 2 2
left_child=1 2 12 4 -4 -5 7 22 -9 10 -8 -11 21 14 -2 -15 17 -16 -18 20 -17 -1 -3 -21 -14
right_child=13 6 3 5 -6 -7 9 8 -10 11 -12 -13 24 15 16 19 18 -19 -20 23 -22 -23 -24 -25 -26
leaf_value=-0.043524475500531457 -0.051669433677640791 -0.053462874491003676 -0.040956802334889318 0.0018579280325159179 0.005625951986676727 -0.028392312232040185 0.004320542251976236 6.19462074563951e-05 -0.060113556266325231 -0.0015003139209926581 0.033044028376348226 -0.031291863427513104 -0.039991039411402265 0.048186025560220225 0.0025588094551047633 -0.0037792768908820429 0.045715428036983058 -0.067003927269212782 0.010734148339481067 -8.9076033738935093e-05 0.044769051946163124 0.021278017216641867 -0.0034125565981119373 0.0201009939333683 -0.075001777802685271
leaf_weight=4.144986205268653 3.5675756712444118 13.055843626149001 24.777643465436995 141.83266805438325 11.262692815158514 16.947331990581006 354.06301547726616 64.767622496525291 4.7055408060550681 269.48351553766406 20.171075616890448 17.958696037530899 8.1602798607200366 5.6628133803606024 42.517924015177414 19.547221343964338 14.271544785238801 3.2872533905319861 69.898415088420734 5481.1794251184328 14.195659540593622 3.9882854539901018 4.4592628774698815 18.340123720467091 6.3306579962372771
leaf_count=33 39 100 188 833 82 93 1903 438 22 1406 206 79 46 33 561 101 140 30 977 25595 68 31 30 99 32
internal_value=-9.04765e-07 -0.00189199 -0.00950037 -0.00600096 -0.0263996 -0.00137082 0.000317808 -0.0114047 -0.00401385 0.00185893 0.00586873 -0.00336162 -0.0396343 0.000321177 0.00828897 0.000129074 0.00993472 -0.00243343 0.0166654 7.98923e-05 0.016645 -0.0117475 -0.0407203 -2.1745e-05 -0.0552862
internal_weight=6638.58 966.109 217.445 194.82 36.0403 158.78 748.665 86.9883 69.4732 661.676 374.234 287.442 22.6242 5672.47 133.543 5538.93 129.975 45.8052 84.17 5533.26 33.7429 8.13327 17.5151 5499.52 14.4909
internal_count=33165 5522 1338 1196 270 926 4184 590 460 3594 2109 1485 142 27643 1747 25896 1708 591 1117 25863 169 64 130 25694 78
is_linear=0
shrinkage=0.05


Tree=239
num_leaves=15
num_cat=0
split_feature=21 11 24 4 7 19 9 39 41 14 13 44 40 18
split_gain=1.59579 1.68041 5.05451 4.37795 6.88122 2.97619 3.00706 1.78751 5.37252 5.24868 4.79918 6.75663 4.11777 3.9092
threshold=-40.499999999999993 60.500000000000007 2.2665000000000006 1.2320000000000004 0.23200000000000004 2.2545000000000006 1.7230000000000001 2.5845000000000007 0.48800000000000004 1.1275000000000002 1.7110000000000001 0.49150000000000005 0.71650000000000003 0.70000000000000007
decision_type=2 2 2 2 2 2 2 2 2 2 2 2 2 2
left_child=-1 7 3 -3 -5 6 -4 10 9 -9 13 -12 -10 -2
right_child=1 2 5 4 -6 -7 -8 8 12 -11 11 -13 -14 -15
leaf_value=-0.031428641174478814 0.00048403253941451839 -0.048621143477920181 0.045246376701465064 -0.029341247043968722 0.05392981472700345 0.062571546024960317 -0.012137861788939048 -0.010014590514638991 -0.0061560910699014065 -0.0015404501321471496 0.001777056089007769 0.014375954931993382 0.00096652603711764153 -0.0063883817894949584
leaf_weight=4.0367500782012931 2566.8695272398327 4.6780022829771069 4.4200037717819196 5.2480416893959028 4.7053321003913879 5.3460963964462271 4.7217812016606331 273.93255145307921 223.44722325960174 548.80015382682905 414.73550811398309 143.14435937860981 2208.7747929620673 225.06657261867076
leaf_count=18 12780 21 20 22 20 24 22 1389 1141 2693 2156 729 11026 1104
internal_value=-1.10243e-06 1.80214e-05 0.0120029 -0.00872619 0.0100241 0.0329372 0.0156071 -3.48176e-05 -0.000869273 -0.00436195 0.000776007 0.00500976 0.000312174 -6.9974e-05
internal_weight=6637.93 6633.89 29.1193 14.6314 9.95337 14.4879 9.14178 6604.77 3254.95 822.733 3349.82 557.88 2432.22 2791.94
internal_count=33165 33147 129 63 42 66 42 33018 16249 4082 16769 2885 12167 13884
is_linear=0
shrinkage=0.05


Tree=240
num_leaves=21
num_cat=0
split_feature=24 13 26 27 10 4 42 14 36 19 40 13 23 15 4 21 21 17 2 22
split_gain=1.5919 2.12283 1.75336 1.78415 2.85385 1.72165 3.49881 1.99042 3.50247 3.41711 1.5127 2.49453 1.33611 1.13818 0.255495 0.00257514 0.000775822 9.05721e-05 4.79419e-05 1.29319e-05
threshold=5.5360000000000005 1.0000000180025095e-35 0.61550000000000005 0.26950000000000007 15.500000000000002 1.0000000180025095e-35 0.27750000000000008 2.4335000000000004 0.42950000000000005 1.0000000180025095e-35 0.71500000000000008 0.49150000000000005 1.9705000000000001 -0.67299999999999993 0.66100000000000014 5.5000000000000009 5.5000000000000009 0.49150000000000005 1.5000000000000002 0.96666666666666667
decision_type=2 2 2 2 2 2 2 2 2 2 2 2 2 2 2 2 2 2 2 2
left_child=1 2 3 14 -5 6 13 9 -9 -7 11 -2 -4 -3 -1 17 18 19 -13 -12
right_child=10 5 12 4 -6 7 -8 8 -10 -11 15 16 -14 -15 -16 -17 -18 -19 -20 -21
leaf_value=-0.043340394798684831 -0.052573973357062966 -0.018501260825195088 -0.037298108608609708 -0.058712715400516848 0.032599747705122133 0.019538554596800747 0.03220154739336771 0.016066973296983224 -0.018924424451045186 4.485749307949e-05 0.050890078521675687 0.050512445147286193 0.025774005516814205 -0.062086716302113369 -0.067497656506170525 0.053706510427979637 0.053696078728790703 0.051746696236128979 0.051418304008573716 0.050484780930701939
leaf_weight=2.0827922802127414 1.19073705561459 2.7392768207937479 1.2201916646736211 1.5419307676202152 1.9226136635988951 22.55818423256278 2.1290571289137006 9.2536465376615507 31.479361712466925 6548.603128383751 0.23592968052253138 0.26506659016013123 2.6924812691286206 3.3050739904865605 2.3067510241526179 1.2601655377075074 0.49463151395320892 0.17854038614314038 0.32532764412462711 1.1870706470217556
leaf_count=224 23 25 34 95 17 218 28 64 282 31761 16 35 35 51 38 30 9 13 14 153
internal_value=-1.03583e-06 -2.25885e-05 -0.0212411 -0.0348638 -0.00803979 1.5126e-05 -0.0229185 4.34758e-05 -0.0109751 0.000111778 0.0278208 -0.00260354 0.00610457 -0.042334 -0.0560353 0.0520156 0.0522354 0.0506852 0.0510116 0.050552
internal_weight=6636.97 6631.83 11.7668 7.85409 3.46454 6620.07 8.17341 6611.89 40.733 6571.16 5.13747 2.27576 3.91267 6.04435 4.38954 2.86171 1.08503 1.60154 0.590394 1.423
internal_count=33165 32872 443 374 112 32429 104 32325 346 31979 293 81 69 76 262 212 58 182 49 169
is_linear=0
shrinkage=0.05


Tree=241
num_leaves=13
num_cat=0
split_feature=11 11 36 43 7 4 0 8 42 12 1 27
split_gain=1.64751 2.6997 5.36666 4.48853 2.42097 1.7608 4.86622 4.69752 8.05752 6.52423 4.38654 2.56232
threshold=64.500000000000014 60.500000000000007 0.52400000000000013 0.73250000000000004 0.21250000000000002 1.4790000000000003 2.5000000000000004 0.23611111111111113 0.28450000000000003 28.500000000000004 41.500000000000007 0.21350000000000002
decision_type=2 2 2 2 2 2 2 2 2 2 2 2
left_child=1 5 3 -3 -4 7 11 8 -1 -9 -8 -7
right_child=-2 2 4 -5 -6 6 10 9 -10 -11 -12 -13
leaf_value=-0.0023626336956822694 -0.023423044363123698 0.023457677097525428 0.021210551208071679 -0.040937228638759399 0.066843115365750244 0.0015289093566687485 0.00090932489598421692 0.00035506209965739731 -0.021490407092099158 -0.0082125651296006703 0.03887208251977075 0.072126651655503624
leaf_weight=273.17968107736669 7.4994369596242896 5.4906743913888949 6.9368594810366613 5.3358780592679977 5.0027256011962891 1.9742921271827061 2049.8902927355375 3965.6028533863137 68.954126599477604 235.39172397553921 7.6376847028732291 3.6826710342429578
leaf_count=1535 34 24 32 23 22 15 10165 19801 388 1050 35 41
internal_value=-9.98856e-07 2.54984e-05 0.0172139 -0.00827942 0.0403307 -3.3735e-05 0.00117757 -0.000583829 -0.00621767 -0.000125002 0.00105025 0.0474879
internal_weight=6636.58 6629.08 22.7661 10.8266 11.9396 6606.31 2063.18 4543.13 342.134 4200.99 2057.53 5.65696
internal_count=33165 33131 101 47 54 33030 10256 22774 1923 20851 10200 56
is_linear=0
shrinkage=0.05


Tree=242
num_leaves=28
num_cat=0
split_feature=12 23 21 27 15 27 22 22 5 21 39 40 7 12 9 32 24 7 40 39 3 21 17 15 1 17 18
split_gain=1.63501 8.79486 10.4418 10.4082 6.9206 5.23466 7.12942 6.94669 5.13152 4.91423 6.89458 6.64448 4.05019 3.97731 11.144 9.83857 8.04657 6.59339 6.54581 6.05129 5.31581 3.74932 7.67646 7.78663 5.41758 7.11885 3.84647
threshold=29.500000000000004 -0.13349999999999992 15.500000000000002 0.19950000000000004 0.83050000000000013 0.26000000000000006 -0.29999999999999988 0.12222222222222222 -0.74549999999999994 18.500000000000004 2.5555000000000003 0.72750000000000015 0.23200000000000004 28.500000000000004 1.1775000000000002 0.50200000000000011 1.8895000000000002 0.36550000000000005 0.73150000000000015 2.6930000000000005 0.7875000000000002 25.500000000000004 0.078500000000000014 -0.56099999999999994 33.500000000000007 0.27100000000000007 0.59166666666666679
decision_type=2 2 2 2 2 2 2 2 2 2 2 2 2 2 2 2 2 2 2 2 2 2 2 2 2 2 2
left_child=13 4 3 -3 5 7 -7 -2 -5 11 -11 -4 -6 21 16 17 18 -16 -15 -17 -18 24 -23 -24 26 -26 -1
right_child=1 2 9 8 12 6 -8 -9 -10 10 -12 -13 -14 14 15 19 20 -19 -20 -21 -22 22 23 -25 25 -27 -28
leaf_value=-0.001363658263893804 -0.0089932923699231979 0.062195342602609893 0.00098679984698694457 0.026425221512139014 0.016471912381527662 0.090213966267470733 0.015941146126539046 0.045282174841385942 -0.028318893520857986 0.032952090187754683 -0.01389459273303275 0.082198330868853017 0.074619321497019636 0.018000148236854169 0.0040660920365128356 -0.032690360073404492 -0.026418120485566368 -0.053804534794334884 -0.04938674559573715 0.025819577814661421 0.021221402557584399 -0.075277521329617569 -0.00011933270136904551 -0.032521872111975846 0.0064753216065144698 -0.0020799513340724013 0.0015854818548926019
leaf_weight=3425.4706907200743 32.251443400979042 3.7686482816934577 4.6845253407955152 4.6764950156211844 4.8992715775966627 4.2350549921393421 13.627884320914744 7.2140544950962058 50.572918996214867 13.071451529860495 19.676806077361107 5.4474775493144989 7.7035476118326187 5.7510012462735167 54.968745514750481 64.820625618100166 6.550406999886035 5.405945159494876 9.6518422663211805 4.7423540577292433 55.208417728543282 4.1529767364263526 99.540096092969179 22.784996718168259 699.41611276939511 372.73784422501922 1632.5768825706327
leaf_count=17836 142 17 21 23 22 19 64 31 226 57 88 24 34 29 243 280 34 26 45 23 238 20 460 102 3124 1657 8280
internal_value=-9.2437e-07 0.00481284 -0.0045582 -0.0182012 0.0184676 0.0110927 0.0335502 0.000927935 -0.0236852 0.0142193 0.00480424 0.0446502 0.0520149 -0.000128891 -0.00694606 -0.0158839 0.00810501 -0.00111564 -0.0242263 -0.0287015 0.0161685 9.6761e-05 -0.0084245 -0.00615482 0.000272571 0.00350105 -0.00041177
internal_weight=6635.61 171.83 101.898 59.0181 69.9313 57.3284 17.8629 39.4655 55.2494 42.8803 32.7483 10.132 12.6028 6463.78 207.099 129.938 77.1617 60.3747 15.4028 69.563 61.7588 6256.68 126.478 122.325 6130.2 1072.15 5058.05
internal_count=33165 768 456 266 312 256 83 173 249 190 145 45 56 32397 918 572 346 269 74 303 272 31479 582 562 30897 4781 26116
is_linear=0
shrinkage=0.05


Tree=243
num_leaves=28
num_cat=0
split_feature=14 14 24 39 37 8 6 42 20 23 6 3 30 28 16 20 36 14 26 42 18 28 7 21 24 5 5
split_gain=1.59154 5.50436 5.03759 5.10936 5.30203 5.03745 7.01478 6.98672 4.64446 6.32328 5.54109 10.1778 5.3792 4.90707 4.62365 4.44167 7.60739 5.1922 7.1436 3.6023 3.13397 6.87343 7.31179 5.61419 3.83433 7.16979 6.8082
threshold=1.6230000000000002 1.6940000000000002 2.3335000000000004 2.6015000000000006 0.56050000000000011 0.59166666666666679 0.48050000000000004 0.27750000000000008 -12.499999999999998 0.72450000000000003 0.48200000000000004 1.9835000000000003 1.4870000000000003 0.17500000000000002 0.14900000000000002 -13.499999999999998 0.33450000000000008 1.4820000000000004 0.63050000000000017 0.25150000000000006 0.14999999999999999 0.12650000000000003 0.17750000000000002 1.5000000000000002 3.1255000000000002 0.84800000000000009 1.3390000000000002
decision_type=2 2 2 2 2 2 2 2 2 2 2 2 2 2 2 2 2 2 2 2 2 2 2 2 2 2 2
left_child=15 2 3 4 -2 7 -7 -4 9 12 13 -12 -3 -10 -11 16 -1 18 -18 -19 21 22 -17 -23 26 -26 -22
right_child=1 8 5 -5 -6 6 -8 -9 10 14 11 -13 -14 -15 -16 20 17 19 -20 -21 24 23 -24 -25 25 -27 -28
leaf_value=0.045485170196330783 0.092869529780251328 -0.0039292096953874953 -0.006368074192111735 -0.009029455489340114 0.012887926327675487 0.030671015857979114 0.0051797669511686054 0.016144665298744962 0.011398817245887866 0.01201548683477353 -0.01240482026580041 0.0096579355268507933 0.051755935849801107 -0.00057176073747328799 -0.013860828235578418 0.0068195612109831555 0.034622042132591506 -0.012472255023044726 -0.03326688934601392 -0.067316331308063429 -0.00028289862336735357 -0.015030299372456334 -0.046604608995310541 0.0012654609324225833 0.012076370679731135 -0.00060099369819336919 -0.028920730980545192
leaf_weight=4.1185254752635947 5.0760719683021289 6.2287939265370396 113.20305292122066 3.8632183708250514 3.5012934654951096 41.305710524320602 77.859175129793584 49.547411220148206 101.26919673942029 53.627698069438338 216.22960263490677 68.938412641291507 14.278570683673022 553.70818572363351 25.458389697596431 9.6874492818024027 6.1520805917680326 4.4120994657278052 10.468424320220945 9.3157716039568168 4464.4543231062271 70.284104143036529 18.899038791656494 213.12530681281351 182.64159666397609 286.44628300983459 20.850449133838993
leaf_count=18 27 31 524 24 24 185 396 235 495 467 1044 889 69 2798 140 49 32 19 45 42 21641 337 84 1129 922 1379 120
internal_value=-8.74309e-07 0.00154274 0.00757884 0.0387164 0.0602209 0.00620478 0.0140157 0.000485657 -0.00016611 0.0101012 -0.00125377 -0.00707122 0.0348424 0.00127907 0.00368571 -0.000389365 -0.01828 -0.0269335 -0.0081378 -0.0496896 -0.000272276 -0.00513278 -0.0285001 -0.00277581 3.38078e-05 0.004335 -0.000416025
internal_weight=6634.95 1334.09 294.356 12.4406 8.57737 281.915 119.165 162.75 1039.74 99.5935 940.145 285.168 20.5074 654.977 79.0861 5300.86 34.4669 30.3484 16.6205 13.7279 5266.39 311.996 28.5865 283.409 4954.39 469.088 4485.3
internal_count=33165 7348 1415 75 51 1340 581 759 5933 707 5226 1933 100 3293 607 25817 156 138 77 61 25661 1599 133 1466 24062 2301 21761
is_linear=0
shrinkage=0.05


Tree=244
num_leaves=22
num_cat=0
split_feature=17 17 1 30 14 15 37 7 21 3 32 32 14 10 16 39 32 6 27 40 39
split_gain=1.53096 2.67168 6.57537 6.25484 5.83848 5.59636 4.81821 2.61538 3.46547 4.00718 3.92622 2.20692 2.06897 4.08058 7.6289 6.12461 3.26999 8.38378 6.55965 1.69607 1.69365
threshold=0.7320000000000001 0.50850000000000006 26.500000000000004 1.5165000000000002 1.4690000000000003 0.16950000000000001 0.56050000000000011 0.19600000000000004 1.0000000180025095e-35 1.1635000000000002 0.52350000000000019 0.52350000000000019 1.2155000000000002 9.5000000000000018 0.26000000000000006 2.5135000000000001 0.39450000000000007 0.18900000000000003 0.24650000000000002 0.74250000000000005 2.6560000000000001
decision_type=2 2 2 2 2 2 2 2 2 2 2 2 2 2 2 2 2 2 2 2 2
left_child=1 12 3 4 -3 -5 -4 -2 9 11 20 -9 13 14 -1 -15 17 -14 -18 -11 -10
right_child=7 2 6 5 -6 -7 -8 8 10 19 -12 -13 16 15 -16 -17 18 -19 -20 -21 -22
leaf_value=0.041737073190540062 0.047044228978738618 0.022724530509175743 0.079071829600974627 -0.026729214865397255 -0.021361117508813213 0.014475748235330016 0.0072908423031451067 -0.0028898592018975896 -0.084211355710486227 0.011479819154532911 0.013576362652622982 -0.068630122152116321 0.0076557066317125833 0.0049665507171322235 -0.0005967098571422766 -0.010623616573268544 8.1927064134710011e-05 -0.0046912760556383111 0.0055662973257735102 0.091255334209726841 -0.029382861797360594
leaf_weight=10.686865985393522 1.6077814316377068 43.098126410739496 5.359070271253584 23.149575022980571 9.0949383471161109 12.794837675988672 4.1467379629611969 5.1356643664621533 3.8307213881053013 1.2799198308493944 2.227790170465596 1.6989563890238057 174.57852727198042 86.306974850129336 2541.1620604916243 233.24516412348021 2084.9973582832608 647.08496470190585 738.26592201250605 1.3896416432689873 2.2274780321167782
leaf_count=64 10 254 24 132 53 73 20 189 35 34 19 67 915 506 12332 1355 10323 3172 3538 32 18
internal_value=-7.56942e-07 4.038e-05 0.00824979 0.00398867 0.0150424 -0.0120618 0.0477587 -0.0140269 -0.0195462 0.00105896 -0.0431807 -0.0192316 -8.2633e-05 -0.00108642 -0.000419421 -0.00641291 0.000708133 -0.00206792 0.00151606 0.053007 -0.064052
internal_weight=6633.37 6613.97 97.6433 88.1375 52.1931 35.9444 9.50581 19.398 17.7902 9.50418 8.28599 6.83462 6516.33 2871.4 2551.85 319.552 3644.93 821.663 2823.26 2.66956 6.0582
internal_count=33165 32761 556 512 307 205 44 404 394 322 72 256 32205 14257 12396 1861 17948 4087 13861 66 53
is_linear=0
shrinkage=0.05


Tree=245
num_leaves=28
num_cat=0
split_feature=40 16 16 44 11 9 15 15 11 8 35 4 41 42 59 42 42 11 0 9 8 9 35 39 59 42 11
split_gain=1.53968 5.35609 8.21387 4.97278 9.90738 6.13807 4.90986 8.04618 5.40987 5.04554 4.56646 4.29049 2.98739 4.65522 6.76254 7.37795 5.51713 4.71791 7.7431 5.10559 4.60758 8.89356 11.2445 7.24189 4.93562 6.21076 5.21141
threshold=0.76050000000000006 0.26200000000000007 0.26500000000000007 0.52550000000000019 24.500000000000004 2.0375000000000001 -0.088999999999999982 -0.23399999999999996 21.500000000000004 0.14999999999999999 0.78500000000000014 1.5345000000000002 0.50700000000000012 0.28850000000000003 18.500000000000004 0.30650000000000005 0.30650000000000005 16.500000000000004 10.500000000000002 2.5085000000000002 0.8500000000000002 2.1775000000000007 0.7390000000000001 2.6190000000000002 2.5000000000000004 0.29150000000000004 49.500000000000007
decision_type=2 2 2 2 2 2 2 2 2 2 2 2 2 2 2 2 2 2 2 2 2 2 2 2 2 2 2
left_child=12 6 -3 4 -4 -5 7 9 11 -2 -9 -8 13 17 15 -15 -16 18 -1 -19 24 22 -22 -23 25 -14 -26
right_child=1 2 3 5 -6 -7 8 10 -10 -11 -12 -13 20 14 16 -17 -18 19 -20 -21 21 23 -24 -25 26 -27 -28
leaf_value=5.4959299447955222e-05 -0.034930058412708923 0.061970129131849953 -0.011006353707304732 0.0025406290964794381 0.0036452829221311832 0.026275599954851611 -0.027684423147971478 0.05802175137703524 0.022004532560528388 -0.0055924915987583777 -0.0054536730952406756 -0.085278446974292502 -0.05068404230060905 -0.0059222560624929907 -0.0021909187558170648 -0.026633612755103387 0.017856005122693006 -0.00082618379726752042 0.0074243399421673436 -0.055749960869140164 -0.060756350065838918 -0.047424539349768924 0.0097820981724040801 0.024050979116839687 0.0055712335499785272 0.025690378223455275 -0.013921902914896145
leaf_weight=1056.7787268273969 15.44835036806762 5.3986071273684493 220.46376199624501 331.35572567931376 242.06040194630623 29.678998817689717 11.323402410213022 7.6239605471491796 3.8414927124977103 285.54035830264911 4.5092308521270752 4.5261980532668522 8.6173354386555712 213.38478211147594 170.99630726501346 53.850415912689641 42.939232151955366 2587.043832346797 537.86309958135826 4.2381505072116843 14.598165147006513 4.3914316548034575 9.2167825847864133 18.361548834014684 708.44407610833878 3.8516513409267636 36.030991017818451
leaf_count=6066 80 25 1136 1571 1067 154 102 36 17 1509 23 37 122 1128 759 288 189 11739 3187 20 70 42 41 150 3384 63 160
internal_value=-8.52888e-07 -0.00165399 0.000497148 9.41791e-05 -0.00333847 0.00449177 -0.00701195 -0.00548901 -0.0312293 -0.00709825 0.0344315 -0.0441316 0.000350217 -0.000134593 -0.0047922 -0.0100958 0.00183272 0.000400798 0.00254061 -0.000916014 0.00316617 -0.0120989 -0.0334568 0.0102559 0.00410529 -0.0270921 0.00462781
internal_weight=6632.38 1161.77 828.957 823.559 462.524 361.035 332.813 313.122 19.6911 300.989 12.1332 15.8496 5470.61 4667.09 481.171 267.235 213.936 4185.92 1594.64 2591.28 803.512 46.5679 23.8149 22.753 756.944 12.469 744.475
internal_count=33165 5757 3953 3928 2203 1725 1804 1648 156 1589 59 139 27408 23376 2364 1416 948 21012 9253 11759 4032 303 111 192 3729 185 3544
is_linear=0
shrinkage=0.05


Tree=246
num_leaves=22
num_cat=0
split_feature=3 9 26 33 36 12 32 16 14 1 44 5 36 19 59 15 22 26 19 41 13
split_gain=1.60008 6.10665 5.18151 9.01759 4.91874 6.08966 6.00177 4.56725 4.00296 3.95343 5.6972 5.07529 4.11335 6.57892 4.01054 3.31721 3.05003 2.58957 1.3327 1.14059 1.83988
threshold=0.96100000000000008 1.7230000000000001 0.38150000000000006 0.37350000000000005 0.33700000000000008 19.500000000000004 0.49650000000000005 0.13150000000000003 0.26150000000000007 7.5000000000000009 0.55850000000000011 0.19600000000000004 0.32300000000000006 0.93550000000000011 6.5000000000000009 -0.46899999999999992 -0.066666666666666638 0.20850000000000002 2.3770000000000002 0.47250000000000003 1.2980000000000003
decision_type=2 2 2 2 2 2 2 2 2 2 2 2 2 2 2 2 2 2 2 2 2
left_child=1 2 4 7 5 -1 -6 -4 17 10 11 -10 13 -11 -14 -5 -12 -2 -19 -3 -21
right_child=8 19 3 15 6 -7 -8 -9 9 12 16 -13 14 -15 -16 -17 -18 18 -20 20 -22
leaf_value=-0.00022998603914247694 0.0031949847314250604 -0.063083366632558119 0.0082580648938198626 0.072453727613553121 0.0034908756771782033 -0.025257365642860824 -0.0035637671192812986 -0.013623150588676148 0.0080425180466242689 -0.011848600954264101 0.077472472229341671 -0.0026702957749435985 -0.0063941654605943676 0.045904816724748276 0.00029000697326850511 0.01306101819545105 0.014582458506230873 -0.01477842682176643 -0.065851835990102761 0.0052967182132331609 -0.059677269043246078
leaf_weight=57.976443419465795 3.4116075141355378 4.032001613173632 27.597269213321852 4.1813356978818774 790.94850263328408 41.850130766630173 487.19147363530647 175.53721009066794 300.84733187430538 8.3099084831774253 4.0302836815826595 174.79447081056423 236.81993386894464 12.127307914197443 4283.5041585322469 5.3706233566917927 3.695735396584495 1.7990502333268521 4.4038728000596166 2.2480962069239467 2.1142368018627167
leaf_count=339 23 36 246 20 4153 212 2361 1019 2046 40 23 1696 1311 58 19390 38 34 32 39 27 22
internal_value=-7.5412e-07 -0.00137862 -0.00115416 -0.00841789 -3.30138e-05 -0.0107222 0.000801842 -0.0106504 0.000436947 0.000498627 0.00479748 0.00410565 4.1011e-05 0.0224219 -6.0177e-05 0.03906 0.0473891 -0.0317946 -0.0510389 -0.0439125 -0.0261934
internal_weight=6632.79 1599.05 1590.65 212.686 1377.97 99.8266 1278.14 203.134 5033.74 5024.13 483.368 475.642 4540.76 20.4372 4520.32 9.55196 7.72602 9.61453 6.20292 8.39433 4.36233
internal_count=33165 8473 8388 1323 7065 551 6514 1265 24692 24598 3799 3742 20799 98 20701 58 57 94 71 85 49
is_linear=0
shrinkage=0.05


Tree=247
num_leaves=23
num_cat=0
split_feature=24 13 5 9 13 1 22 27 4 41 21 3 13 3 7 3 32 32 4 20 13 20
split_gain=1.55828 5.55208 5.20882 6.27214 4.56388 5.25111 5.1926 3.16833 2.83536 3.4253 2.71237 2.41404 2.7945 2.59081 3.00457 2.10554 1.86329 1.43802 0.853745 2.33243 0.00353826 2.59111e-05
threshold=4.2580000000000009 1.0545000000000002 0.69400000000000006 1.6545000000000003 0.92450000000000021 8.5000000000000018 0.8500000000000002 0.16050000000000003 1.0000000180025095e-35 0.51300000000000012 3.5000000000000004 2.7385000000000006 1.3270000000000002 2.6045000000000003 0.21950000000000003 2.5085000000000002 0.6080000000000001 0.32200000000000006 0.80400000000000016 -9.4999999999999982 1.3270000000000002 -10.499999999999998
decision_type=2 2 2 2 2 2 2 2 2 2 2 2 2 2 2 2 2 2 2 2 2 2
left_child=8 2 3 -2 6 -6 -4 -3 9 16 21 13 -13 15 -15 -10 17 -1 19 -9 -20 -11
right_child=1 7 4 -5 5 -7 -8 18 11 10 -12 12 -14 14 -16 -17 -18 -19 20 -21 -22 -23
leaf_value=0.037615560894243477 0.017137410270641897 -0.056145726903073526 0.037367400519298787 -0.091203645726195645 0.02627608948419349 -0.053264493682522576 -0.015403896100943795 0.057438503446330627 1.3192597853588751e-06 -0.051628513288271477 0.071091860330103188 -0.062354672896189046 0.00084578513382696898 0.051845791431633828 -0.0072787680820351605 -0.0244103034615222 0.037163374668857573 -0.055451726172826898 0.054866689746518198 -0.013692401258663212 0.052669558238007778 -0.051007051542228066
leaf_weight=0.44269075299962235 2.2883461508899918 0.85878194496035476 13.856323241256179 3.2095498070120811 3.331807871116327 5.500696187838912 7.0248310705646864 2.642910685390234 6548.7924339151359 0.30794906150549661 1.3696899414062498 3.349492482841014 3.6605203598737717 5.1287898793816549 3.6981116347014904 8.844966918230055 0.67721646197605867 6.6497010884195333 3.1001834999769926 2.0436237119138223 4.4808188827009872 0.36834192721289605
leaf_count=19 37 8 163 22 134 58 131 32 31765 11 10 18 22 30 23 50 22 310 45 30 178 47
internal_value=-8.97599e-07 0.00894369 -0.00140256 -0.0461097 0.00686957 -0.0232601 0.0196141 0.0366977 -6.65734e-05 -0.0269195 0.030639 -2.64762e-05 -0.0293524 4.83056e-06 0.027075 -3.16072e-05 -0.0420765 -0.0496427 0.0431971 0.026421 0.0535681 -0.05129
internal_weight=6631.63 48.3379 35.2116 5.4979 29.7137 8.8325 20.8812 13.1263 6583.29 9.81559 2.04598 6573.47 7.01001 6566.46 8.8269 6557.64 7.76961 7.09239 12.2675 4.68653 7.581 0.676291
internal_count=33165 838 545 59 486 192 294 293 32327 419 68 31908 40 31868 53 31815 351 329 285 62 223 58
is_linear=0
shrinkage=0.05


Tree=248
num_leaves=28
num_cat=0
split_feature=42 11 1 26 14 1 15 23 8 32 59 25 27 14 27 18 23 16 41 0 30 5 31 21 0 13 15
split_gain=1.55915 3.56351 6.12584 11.8606 6.47695 5.1402 4.40126 3.67358 7.523 6.85429 4.89325 3.21096 2.43734 1.92283 4.83528 5.76213 8.11493 4.71709 7.09832 6.09636 4.90484 4.2433 3.7047 2.49653 6.22216 2.9607 1.05446
threshold=0.32150000000000006 15.500000000000002 33.500000000000007 0.56500000000000006 1.7110000000000001 38.500000000000007 0.33900000000000002 0.83350000000000013 0.63333333333333341 0.49950000000000006 13.500000000000002 346.50000000000006 0.20450000000000002 0.64500000000000013 0.26800000000000007 0.4555555555555556 0.62500000000000022 0.75500000000000012 0.45600000000000007 8.5000000000000018 1.5975000000000004 1.3265000000000002 0.86050000000000015 -24.499999999999996 12.500000000000002 2.1835000000000004 0.32050000000000006
decision_type=2 2 2 2 2 2 2 2 2 2 2 2 2 2 2 2 2 2 2 2 2 2 2 2 2 2 2
left_child=13 7 4 5 6 -4 -3 10 -9 -10 11 -2 -5 14 21 26 -17 23 20 -20 -19 22 -1 24 -15 -25 -16
right_child=1 2 3 12 -6 -7 -8 8 9 -11 -12 -13 -14 17 15 16 -18 18 19 -21 -22 -23 -24 25 -26 -27 -28
leaf_value=-0.0083853340325904281 -0.00186523543996584 -0.012881436898863641 -0.082488239424211532 -0.0010413361484843447 0.05934467596658765 -0.024239283117804992 0.016403076278814776 0.070928480317344778 -0.057185487249873102 0.03960202040558685 -0.061154851683401394 -0.035565511586084918 0.051318464966711531 -0.02726605618101979 -0.0058330099588216533 0.0076532669942277701 0.090379064804882989 -0.0040866103787265762 0.038949252078775802 0.0058729956845388794 -0.08032647304975464 -0.063874082244003413 0.04783651900115176 0.00013673864643486862 -0.0015333234920187158 0.0079610206666556795 -0.066070431034661189
leaf_weight=167.82850996516936 18.206635952054061 22.046064428985119 5.7898851782083574 4.1558511927723867 5.9136422947049132 10.950883209705351 30.693580381572247 3.3981754835695011 4.5789543755818158 3.0460563460364938 7.0958659723401061 11.553496728651224 4.7778404355049133 28.308689892292023 0.97258986988163032 49.902758254203945 3.151665565557777 8.9683279311284405 25.305247861891985 30.992822905536741 2.7584752021357408 3.3926956948707803 2.9821651660022317 5909.7688867545221 138.0480841845274 123.43036077730358 2.8712920416146517
leaf_count=1272 114 103 25 20 30 52 145 20 27 29 34 67 22 124 52 385 19 63 137 309 23 28 22 28709 602 711 21
internal_value=-6.20905e-07 -0.00537606 0.000809368 -0.0195593 0.00972541 -0.044385 0.00416165 -0.0162702 0.00905434 -0.0185206 -0.0238445 -0.0149484 0.0269613 0.000108735 -0.00437021 0.00828466 0.0125675 0.000273885 0.0133688 0.0207403 -0.0220204 -0.00850355 -0.00740376 0.000130201 -0.00591223 0.000296812 -0.050829
internal_weight=6630.89 132.207 84.3277 25.6745 58.6533 16.7408 52.7396 47.8792 11.0232 7.62501 36.856 29.7601 8.93369 6498.68 231.102 56.8983 53.0544 6267.58 68.0249 56.2981 11.7268 174.203 170.811 6199.56 166.357 6033.2 3.84388
internal_count=33165 688 397 119 278 77 248 291 76 56 215 181 42 32477 1799 477 404 30678 532 446 86 1322 1294 30146 726 29420 73
is_linear=0
shrinkage=0.05


Tree=249
num_leaves=31
num_cat=0
split_feature=22 18 3 28 4 17 3 20 9 16 7 4 17 26 30 26 7 25 24 20 34 11 24 34 12 21 39 7 4 21
split_gain=1.5657 7.11382 7.01315 7.44162 7.8256 6.66224 5.47636 5.4141 6.63828 9.53058 6.27621 5.3906 8.71382 8.89909 6.34618 6.30924 10.7827 4.61191 6.49423 4.59192 8.44254 5.93373 5.64733 4.83581 4.56123 7.29445 4.43173 3.63463 1.84005 0.00753104
threshold=0.25833333333333336 0.18333333333333332 0.89100000000000013 0.21050000000000002 1.1130000000000002 0.18050000000000002 1.0975000000000004 5.5000000000000009 1.7170000000000003 0.53100000000000014 0.47500000000000003 1.5580000000000003 0.14550000000000002 0.37100000000000005 1.5025000000000002 0.71550000000000014 0.13150000000000003 343.50000000000006 2.3335000000000004 -8.4999999999999982 0.36400000000000005 15.500000000000002 4.0015000000000009 0.34800000000000003 16.500000000000004 -13.499999999999998 2.7950000000000004 0.25450000000000006 1.5210000000000001 6.5000000000000009
decision_type=2 2 2 2 2 2 2 2 2 2 2 2 2 2 2 2 2 2 2 2 2 2 2 2 2 2 2 2 2 2
left_child=1 2 17 4 -4 11 -5 8 9 -7 -10 15 14 -14 -13 26 -17 18 -1 20 23 -22 27 -3 -9 -26 -2 -21 -19 -24
right_child=5 19 3 6 -6 7 -8 24 10 -11 -12 12 13 -15 -16 16 -18 28 -20 22 21 -23 29 -25 25 -27 -28 -29 -30 -31
leaf_value=0.040419553863565806 -0.0015012437324069148 -0.02017728151542679 0.019926269893647763 -0.012516383252765771 -0.061170313618331362 0.0068980351621704891 0.017245792908203012 0.018461882804362131 0.0010048630765402634 0.073579161802029586 -0.032538907452076167 -0.025343060394403372 -0.0080963870558615342 -0.09409731404381641 0.020863874400353324 -0.10281949610321675 -0.010806497114761289 -0.059173232022157407 -0.043176258996064018 0.0012832849170567168 -0.018310414397357713 0.0023337695761455244 0.05357133556431596 -0.091403820527116486 0.0033463740556592667 -0.068498355912012254 0.034272921446300585 -0.0015932636719586625 -0.030506451057081871 0.057977318398111814
leaf_weight=4.4362970108632016 481.72689892235212 4.9945984557270986 4.2092799246311179 30.47603496722877 10.142953485250471 574.63563372706994 31.361409246921539 4.9098577648401287 713.4344176100567 5.4090681225061408 14.222841245064044 17.929840648313988 5.3820733129978162 6.8192459791898727 12.690150211448779 4.0246722688898471 15.24225919600576 11.501816951553339 4.8776803091168404 2555.3645287411055 56.751201521605253 90.0196199901402 3.3386067302199072 4.5574459731578827 6.2368760704994211 8.1493342965841258 8.8155699635390175 1925.6728078858287 10.90501917991787 1.3669614717364309
leaf_count=33 2915 26 20 153 49 2676 147 22 3432 25 113 98 24 30 113 31 79 117 26 12420 266 396 93 20 28 37 52 9641 71 12
internal_value=-6.13824e-07 -0.000483974 -0.0131751 -0.00495041 -0.037386 0.00122088 0.00257777 0.00314187 0.00352983 0.00751985 0.000349214 -0.00339189 -0.0204309 -0.0561618 -0.00619306 -0.0019607 -0.0300271 -0.0329298 -0.00335913 -0.000188954 -0.00861293 -0.00564862 0.000104612 -0.0541607 -0.0231498 -0.0373514 -0.000858344 4.71222e-05 -0.0452216 0.0548513
internal_weight=6629.61 4749.98 107.91 76.1897 14.3522 1879.63 61.8374 1327 1307.7 580.045 727.657 552.631 42.8213 12.2013 30.62 509.809 19.2669 31.7208 9.31398 4642.07 156.323 146.771 4485.74 9.55204 19.2961 14.3862 490.542 4481.04 22.4068 4.70557
internal_count=33165 23490 616 369 69 9675 300 6333 6246 2701 3545 3342 265 54 211 3077 110 247 59 22874 708 662 22166 46 87 65 2967 22061 188 105
is_linear=0
shrinkage=0.05


Tree=250
num_leaves=14
num_cat=0
split_feature=26 13 2 24 9 21 1 22 16 29 21 15 3
split_gain=1.50748 8.70912 4.80289 3.10134 5.62148 2.43776 2.48264 4.43267 5.76063 4.07703 1.91374 9.86527 2.16673
threshold=0.73850000000000005 1.0930000000000002 25.500000000000004 3.2145000000000006 1.9355000000000002 41.500000000000007 58.500000000000007 0.25833333333333336 0.28300000000000008 2.5590000000000006 25.500000000000004 -0.56899999999999984 1.5895000000000004
decision_type=2 2 2 2 2 2 2 2 2 2 2 2 2
left_child=5 2 3 -2 -5 6 10 9 -9 -8 12 -12 -1
right_child=1 -3 -4 4 -6 -7 7 8 -10 -11 11 -13 -14
leaf_value=-0.00050789042824427554 -0.018634390126608794 -0.0522191881807898 0.063289987341289142 0.065356256822723904 -0.0049428490032302633 -0.030595037478481326 0.030340103115520912 -0.0012564642917721133 0.041453163690281326 -0.025417222703318039 0.00013065841349457262 -0.037475112674843367 0.0016257956255508158
leaf_weight=4845.3703216700087 5.9134467560798027 4.4790744893252841 5.8111147433519355 5.0654982551932317 6.4836360458284616 6.5253807157278052 4.5427134186029461 14.412761408835651 17.45884345471859 11.781149100512264 102.51261049509048 21.014848873019218 1577.1008357075043
leaf_count=23824 30 23 26 26 32 30 20 67 79 53 469 93 8393
internal_value=-5.95523e-07 0.0116281 0.0239157 0.0108129 0.0258906 -4.94886e-05 -1.92618e-05 0.0112873 0.0221393 -0.0099007 -0.000102507 -0.00626694 1.60571e-05
internal_weight=6628.47 27.7528 23.2737 17.4626 11.5491 6600.72 6594.19 48.1955 31.8716 16.3239 6546 123.527 6422.47
internal_count=33165 137 114 88 58 33028 32998 219 146 73 32779 562 32217
is_linear=0
shrinkage=0.05


Tree=251
num_leaves=25
num_cat=0
split_feature=44 1 27 1 18 4 8 27 27 36 10 0 44 16 14 36 9 44 26 26 26 21 4 19
split_gain=1.49617 3.40732 4.69667 4.45507 4.71932 4.09091 3.08783 4.68198 3.75112 2.91139 4.00688 2.78717 2.26279 4.66377 4.90363 7.1659 6.6972 2.46418 8.94245 9.25774 6.88385 2.67518 2.66659 1.47743
threshold=0.42400000000000004 11.500000000000002 0.27350000000000008 18.500000000000004 0.12222222222222222 1.5660000000000001 0.29999999999999999 0.25500000000000006 0.23850000000000002 0.39450000000000007 6.5000000000000009 12.500000000000002 0.44000000000000006 0.67300000000000015 1.3390000000000002 0.51550000000000018 2.0545000000000004 0.44800000000000006 0.32450000000000007 0.35300000000000004 0.19800000000000004 -40.499999999999993 0.40600000000000008 2.3770000000000002
decision_type=2 2 2 2 2 2 2 2 2 2 2 2 2 2 2 2 2 2 2 2 2 2 2 2
left_child=1 2 6 9 -5 -6 8 -8 -1 -3 -11 -4 13 14 15 -2 -16 18 20 -20 -14 -19 -23 -15
right_child=12 3 11 4 5 -7 7 -9 -10 10 -12 -13 17 23 16 -17 -18 21 19 -21 -22 22 -24 -25
leaf_value=0.033866342088225962 0.014813489056721418 -0.0589211508232809 -0.058611118526253017 0.05855370120509476 -0.00040006055033790843 0.043235590004286263 0.028112209751713468 0.093753207672262445 -0.037374649531534181 0.013374269611617038 -0.029687343251313017 0.014299948026985266 0.0020962282265127442 -0.080897989169054399 -0.01876533230781309 -0.011590550503400264 0.027708505571043596 -0.043329614194534884 -0.052830556766716177 0.0009125799544518915 0.032772090769127259 -0.010596887942629571 2.0270704320597586e-05 -0.026096446958832016
leaf_weight=4.2359655841719421 57.041328003775561 3.5643006712198284 2.6604822755907653 4.2708526402711859 52.120648682117462 5.9884025752544394 13.507211774121972 3.4004607956740065 3.2773178705247119 9.8770446628332156 11.923628218472002 2.5835973620414734 32.950705792754889 2.4648902080953112 70.078780064359307 46.761669771163724 8.7162298327311856 3.5780016183853141 8.7622763949329947 93.716759467555676 41.100056898561888 59.720473490771838 6082.7360963026877 2.454626863123849
leaf_count=28 300 20 22 20 247 26 88 21 24 46 56 18 158 13 340 217 55 16 47 478 213 796 29889 27
internal_value=-4.88769e-07 0.00559357 0.0202427 0.000640945 0.0078252 0.00409679 0.029462 0.0413139 0.0027908 -0.0170272 -0.0101778 -0.0226901 -0.000101378 -0.00551422 -0.00421993 0.00291887 -0.0136244 5.91582e-05 0.00588351 -0.00368263 0.0191221 -0.000108132 -8.29554e-05 -0.0535544
internal_weight=6627.49 117.41 29.665 87.7449 62.3799 58.1091 24.421 16.9077 7.51328 25.365 21.8007 5.24408 6510.08 187.518 182.598 103.803 78.795 6322.56 176.53 102.479 74.0508 6146.03 6142.46 4.91952
internal_count=33165 616 201 415 293 273 161 109 52 122 102 40 32549 952 912 517 395 31597 896 525 371 30701 30685 40
is_linear=0
shrinkage=0.05


Tree=252
num_leaves=20
num_cat=0
split_feature=7 37 36 32 1 24 7 3 26 19 23 4 41 8 13 4 13 24 24
split_gain=1.52348 3.63436 2.95017 4.95346 3.91056 2.92946 1.9775 10.6394 7.57429 5.12903 1.86084 7.10657 7.9395 7.90887 4.73896 4.99967 3.28873 0.825568 0.550604
threshold=0.63050000000000017 0.37150000000000005 0.35600000000000004 0.39150000000000007 8.5000000000000018 3.8040000000000003 0.57500000000000007 1.5965000000000003 0.25850000000000006 0.92450000000000021 -0.74749999999999983 0.87750000000000006 0.51300000000000012 0.63333333333333341 1.9665000000000001 0.76600000000000013 1.8870000000000002 2.3325000000000005 1.6665000000000003
decision_type=2 2 2 2 2 2 2 2 2 2 2 2 2 2 2 2 2 2 2
left_child=6 -2 17 4 -4 -5 10 8 -8 -10 11 12 -1 -13 16 -16 -12 18 -3
right_child=1 2 3 5 -6 -7 7 -9 9 -11 14 13 -14 -15 15 -17 -18 -19 -20
leaf_value=-0.01131032802353856 0.065263791967961768 -0.06016599334969689 0.047217239118935252 -0.020932423789714383 -0.044952351504177118 0.054423154947052133 0.069849790802932674 -0.063109022701927753 -0.038716326904840496 0.023222249549575483 0.00023194475581472698 -0.001947438388732587 -0.06439173443300332 0.025432507381176524 -0.012617477047916215 0.011897972528509292 -0.0097503231014549798 -0.082190051265036368 0.0020532418917108453
leaf_weight=38.610071801580489 1.5628046924248327 0.75255998084321551 5.7465911065228275 28.350760090717817 1.4389792606234548 1.3511912485118944 6.866881847381598 3.9579927437007418 4.4096410349011448 13.809401415288447 5406.5807911509182 818.58692744176369 8.6165828206576389 27.252904053777456 24.168327443301678 149.09104750968982 83.789357081055641 1.7235644832253454 0.67405536398291588
leaf_count=232 13 26 113 357 9 57 37 20 27 72 26331 4276 48 126 133 884 378 10 16
internal_value=-5.38723e-07 -0.00953885 -0.0124587 -0.00849234 0.0287594 -0.0175044 5.97125e-05 0.0130776 0.0250982 0.00823096 2.04759e-06 -0.00211918 -0.0209951 -0.00106526 0.000336532 0.00847826 7.96039e-05 -0.0589028 -0.0307683
internal_weight=6627.34 41.6005 40.0377 36.8875 7.18557 29.702 6585.74 29.0439 25.0859 18.219 6556.7 893.066 47.2267 845.84 5663.63 173.259 5490.37 3.15018 1.42662
internal_count=33165 601 588 536 122 414 32564 156 136 99 32408 4682 280 4402 27726 1017 26709 52 42
is_linear=0
shrinkage=0.05


Tree=253
num_leaves=16
num_cat=0
split_feature=23 24 14 44 33 15 4 9 16 31 16 2 30 4 15
split_gain=1.50331 3.57304 2.55463 1.84349 2.17097 1.83438 4.35306 8.07935 3.13997 7.35134 1.91001 1.20774 0.652469 0.00787548 0.000681818
threshold=-2.4499999999999997 1.0000000180025095e-35 0.7965000000000001 0.49700000000000005 0.24800000000000003 2.0415000000000005 1.1635000000000002 0.91100000000000014 0.90450000000000019 0.62250000000000016 0.81100000000000017 2.5000000000000004 1.5710000000000004 2.4870000000000005 1.4900000000000002
decision_type=2 2 2 2 2 2 2 2 2 2 2 2 2 2 2
left_child=2 11 3 4 -1 8 -7 -8 10 -10 -3 13 -6 14 -2
right_child=1 5 -4 -5 12 6 7 -9 9 -11 -12 -13 -14 -15 -16
leaf_value=-0.040253051455684745 -0.050596197282388115 2.2940706298663623e-05 0.068004710356996539 0.056432514344359967 0.04336969988054 -0.069356428813600102 -0.059644967298596446 0.037964925916098242 -0.069338037112552875 0.02295353554200117 -0.011956207106929998 0.041687740494136524 -0.001608233901287404 -0.058240314104239015 -0.052183800564991847
leaf_weight=2.6371258553117496 0.910364901501452 6536.1959489089204 2.1380314894486219 1.4459121301770208 1.6146936286240818 3.2105233184993258 3.5498482100665552 5.2630492700263858 2.3345395587384727 28.477346994564869 33.445791896432638 0.37012648954987515 1.6105454601347444 0.54341016709804524 2.6300242468714714
leaf_count=26 184 32157 36 30 19 21 25 37 22 343 162 3 24 5 71
internal_value=-6.02373e-07 -2.90574e-05 0.0199315 0.00586769 -0.00660377 1.09699e-06 -0.0195111 -0.00135248 3.66404e-05 0.0159608 -3.80447e-05 -0.0447974 0.0209097 -0.0526358 -0.0517756
internal_weight=6626.38 6616.93 9.44631 7.30828 5.86236 6612.48 12.0234 8.8129 6600.45 30.8119 6569.64 4.45393 3.22524 4.0838 3.54039
internal_count=33165 33030 135 99 69 32767 83 62 32684 365 32319 263 43 260 255
is_linear=0
shrinkage=0.05


Tree=254
num_leaves=25
num_cat=0
split_feature=4 36 24 22 43 28 22 24 25 39 0 28 24 19 25 41 43 19 22 44 28 22 23 2
split_gain=1.46744 4.35037 5.31494 7.18538 3.37455 2.9064 2.46202 6.27091 9.17558 8.77847 7.70808 6.48008 3.89246 2.7076 5.57998 7.22858 4.39177 4.02354 2.9666 1.8279 1.56355 0.0108712 0.0108495 0.000149295
threshold=2.6835000000000004 0.50450000000000006 2.4505000000000003 -0.74166666666666659 0.69750000000000012 0.31750000000000006 -0.74166666666666659 1.7145000000000004 346.50000000000006 2.4510000000000005 8.5000000000000018 0.49950000000000006 1.8895000000000002 2.2245000000000004 342.50000000000006 0.46050000000000008 0.74550000000000016 2.2155000000000005 -0.40833333333333327 0.49150000000000005 0.60550000000000004 -0.21111111111111108 -1.0414999999999996 2.5000000000000004
decision_type=2 2 2 2 2 2 2 2 2 2 2 2 2 2 2 2 2 2 2 2 2 2 2 2
left_child=6 4 3 22 -2 -6 7 9 10 -1 -9 -11 -10 17 16 -16 -15 18 -8 -19 -7 23 -3 -4
right_child=1 2 21 -5 5 20 13 8 12 11 -12 -13 -14 14 15 -17 -18 19 -20 -21 -22 -23 -24 -25
leaf_value=0.04506603831898446 -0.045190047551332491 0.051537222381059913 0.051415709837007696 -0.071537108681357667 -0.023550203274388216 0.066886503039750606 0.0035028017752169096 -0.04696506000523179 0.015409878814432884 0.0031926841704699041 0.034143132209020044 -0.042001867892874141 -0.050526441697884422 -0.027878489820461417 -0.01162298208325316 0.01143666453446697 0.011065472929173181 -0.010026057996782967 -0.00042899122614131708 -0.05351685309338701 0.027510668689307034 0.060362450133931489 0.060328351197913258 0.052980525258208788
leaf_weight=4.4357201429083934 1.3128857060801262 0.9554653349332507 0.30127479357179243 4.4269496556371442 1.5898739020340134 5.5934353338088822 523.69138274155557 3.3844660855829742 3.1385988742113096 11.077781201805918 21.778759521432221 27.924467976205051 7.802849194034934 21.252322558313608 40.906989114359021 200.84254236659035 10.979313895106314 4.7017292380332929 5718.1080284269119 4.9697102084755898 4.5899123135022819 1.2389944572933016 0.55472541227936767 0.30851694755256176
leaf_count=31 13 55 35 30 22 66 2458 16 14 153 153 205 70 109 210 1022 55 21 28313 22 59 21 5 7
internal_value=-5.74162e-07 0.0132362 -0.0163576 -0.0394101 0.0308438 0.0393227 -4.24029e-05 -0.00878589 0.00661296 -0.0215851 0.023234 -0.0291653 -0.0316123 6.41767e-05 0.00492923 0.00753469 -0.0146127 -0.000149042 -9.9111e-05 -0.032374 0.0491387 0.0576726 0.0547664 0.0522074
internal_weight=6625.87 20.872 7.78593 5.93714 13.0861 11.7732 6604.99 79.5426 36.1047 43.438 25.1632 39.0022 10.9414 6525.45 273.981 241.75 32.2316 6251.47 6241.8 9.67144 10.1833 1.84879 1.51019 0.609792
internal_count=33165 313 153 90 160 147 32852 642 253 389 169 358 84 32210 1396 1232 164 30814 30771 43 125 63 60 42
is_linear=0
shrinkage=0.05


Tree=255
num_leaves=23
num_cat=0
split_feature=14 14 1 39 42 23 23 23 24 37 30 2 24 44 29 24 18 19 29 26 31 1
split_gain=1.52913 4.91389 5.25283 4.72763 7.17236 4.35447 8.99312 7.99062 8.86284 6.41708 5.35885 5.02309 4.26758 3.33125 4.79698 5.0657 3.56221 5.92899 10.5453 4.12642 4.45927 3.28678
threshold=1.6230000000000002 1.6940000000000002 55.500000000000007 2.6230000000000007 0.24050000000000002 0.83350000000000013 0.79249999999999998 1.1255000000000002 3.4025000000000003 0.53450000000000009 1.6370000000000002 5.5000000000000009 3.7020000000000004 0.38900000000000007 2.7665000000000002 2.1365000000000003 0.18333333333333332 0.55800000000000016 2.1990000000000003 0.72700000000000009 0.69400000000000006 64.500000000000014
decision_type=2 2 2 2 2 2 2 2 2 2 2 2 2 2 2 2 2 2 2 2 2 2
left_child=13 2 3 4 -2 6 10 8 -7 -8 -3 -9 -5 14 15 -1 19 18 -18 20 -15 -19
right_child=1 5 -4 12 -6 7 9 11 -10 -11 -12 -13 -14 16 -16 -17 17 21 -20 -21 -22 -23
leaf_value=0.0025705092023615627 -0.0046693397712327138 -0.0021699539140375272 -0.03814821626343709 -0.0040294540991590863 0.017759804885443885 -0.01596196867602848 -0.056313888925786197 0.011736049203641239 0.022582795940088326 -0.0025703251990144122 0.01160760636835661 -0.011884989062109316 0.043651419567787536 0.0011106049924189186 -0.014836357160211911 0.067803783339633938 0.10351295732011744 -0.0001725800168934044 0.0088654269370729514 0.044304859093360731 -0.010666897765417002 -0.036866808473544545
leaf_weight=5.2922792322933692 46.562245072796941 732.12346571567468 6.2438841909170142 84.046067742630839 151.99344397708774 17.977240741252899 12.713856171816589 34.366377130849287 87.511818212806247 9.8630681633949262 78.107286679791287 65.219333423301578 4.9703387580811969 132.89014635432977 6.2009143470786503 6.7999021261930466 3.7251209244132069 4910.9219223852997 14.015820201486347 4.1245380192995063 203.36180708266329 6.1101885437965384
leaf_count=39 217 3678 29 401 727 81 71 613 636 44 426 384 41 747 33 30 22 23788 65 21 1045 27
internal_value=-4.47832e-07 0.00151402 0.00722244 0.00820755 0.0125001 -0.000101986 -0.0017091 0.0064245 0.0160141 -0.0328352 -0.000841779 -0.00373352 -0.00136713 -0.00038145 0.0209185 0.0392537 -0.000455314 -0.000114075 0.0287389 -0.00540259 -0.00601231 -0.000218178
internal_weight=6625.14 1331.7 293.816 287.572 198.556 1037.88 832.808 205.075 105.489 22.5769 810.231 99.5857 89.0164 5293.44 18.2931 12.0922 5275.15 4934.77 17.7409 340.376 336.252 4917.03
internal_count=33165 7348 1415 1386 944 5933 4219 1714 717 115 4104 997 442 25817 102 69 25715 23902 87 1813 1792 23815
is_linear=0
shrinkage=0.05


Tree=256
num_leaves=13
num_cat=0
split_feature=11 11 36 17 42 39 41 29 39 1 1 42
split_gain=1.48669 2.35915 4.83182 4.10557 4.04271 1.60636 4.84518 14.5555 5.26991 4.6498 5.86514 5.35324
threshold=64.500000000000014 60.500000000000007 0.52400000000000013 0.16350000000000003 0.26750000000000007 2.5845000000000007 0.47850000000000004 2.7920000000000003 2.5875000000000008 57.500000000000007 49.500000000000007 0.26950000000000007
decision_type=2 2 2 2 2 2 2 2 2 2 2 2
left_child=1 5 4 -4 -3 9 7 -7 -8 10 -1 -11
right_child=-2 2 3 -5 -6 6 8 -9 -10 11 -12 -13
leaf_value=0.00095004142724092004 -0.022315166883671651 -0.03929553497614019 0.072553262754828193 0.012871567557926214 0.021985111295453528 0.00038292370669724751 -0.011768169218706111 -0.019839807589514823 0.00031691325763549377 0.010349033427875763 -0.010907793051167111 0.065390940429018482
leaf_weight=3208.1871257188614 7.4556053578853598 5.2768327444791812 5.019428111612795 6.7656526863574982 5.492787703871727 288.5786199306458 93.279787400038913 128.64511613897048 2739.0868244937155 23.516365658491853 107.78521334379911 5.4391438961029044
leaf_count=16172 34 23 23 31 24 1428 471 656 13703 104 472 24
internal_value=-2.90578e-07 2.48521e-05 0.016168 0.0382908 -0.0080408 -3.0361e-05 -0.000822094 -0.00585247 -8.1091e-05 0.000738806 0.000564604 0.0206884
internal_weight=6624.53 6617.07 22.5547 11.7851 10.7696 6594.52 3249.59 417.224 2832.37 3344.93 3315.97 28.9555
internal_count=33165 33131 101 54 47 33030 16258 2084 14174 16772 16644 128
is_linear=0
shrinkage=0.05


Tree=257
num_leaves=29
num_cat=0
split_feature=39 14 14 36 2 4 36 30 2 5 20 0 6 44 36 5 5 25 4 31 12 44 7 3 36 24 31 5
split_gain=1.45279 4.00212 6.75563 5.72496 7.22501 4.9273 4.91465 5.37766 5.1214 3.79448 6.08047 5.3429 3.17957 2.0054 4.99281 10.8009 9.1704 5.94046 8.12891 4.61587 4.30901 3.30053 7.91035 9.08662 7.52717 2.70868 6.90747 5.88113
threshold=2.7315000000000005 1.9485000000000003 1.7925000000000002 0.44850000000000007 15.500000000000002 1.4525000000000003 0.39600000000000007 1.3885000000000003 10.500000000000002 -0.8909999999999999 -4.4999999999999991 2.5000000000000004 0.30600000000000005 0.51500000000000012 0.53400000000000014 1.2035000000000002 0.78050000000000008 350.50000000000006 0.60350000000000004 0.7895000000000002 17.500000000000004 0.51250000000000007 0.16350000000000003 0.84800000000000009 0.50450000000000006 3.1455000000000006 0.60350000000000004 1.3390000000000002
decision_type=2 2 2 2 2 2 2 2 2 2 2 2 2 2 2 2 2 2 2 2 2 2 2 2 2 2 2 2
left_child=13 2 6 4 -4 -5 8 -8 -2 -3 11 -11 -12 21 17 16 -16 18 -15 -17 -19 25 24 -24 -23 27 -27 -1
right_child=1 9 3 5 -6 -7 7 -9 -10 10 12 -13 -14 14 15 19 -18 20 -20 -21 -22 22 23 -25 -26 26 -28 -29
leaf_value=-0.00054194733929071519 0.011872422407735481 -0.033537909987536446 -0.04241649844418352 -0.089736035714882714 0.043899424299147623 -0.024108898328628066 0.04796569186627446 -0.0016662601750804997 -0.036740255710319004 0.062948506656749142 0.095551976053826121 -0.011808288715547684 0.030858160866871466 -0.027421814668520336 -0.001310424230023941 0.0011412512736255699 -0.024345389090984566 -0.00094302410214662763 0.0059518176226164817 0.055173545643076541 -0.048843873158149441 -0.070362243940589528 0.083176270297650512 -0.0081374391465739836 0.00028743409354446442 -0.042899685170623765 0.0027132706549067927 -0.027141995831525951
leaf_weight=4274.9225503302441 7.5378678871493348 3.479395508067685 5.5330846384167689 5.6643440425395948 4.315009593963623 5.7771851196885109 5.6244382653385392 184.1157283938519 19.263891339302063 3.0098653774475723 3.2994662430137369 11.607405219227074 4.4753984566777945 18.725353074769373 273.32446958990477 6.1717283863108632 51.319432286545634 10.048844008240851 712.60730190866161 10.99307331885211 8.8120690137147886 9.4749138823244703 3.0851807945873615 23.297298941761255 6.2615864486433557 8.3754024598747474 923.02760824270081 20.881022489047609
leaf_count=20758 51 23 26 28 20 28 30 898 92 36 22 88 29 179 1325 44 270 53 3435 78 39 52 19 115 38 51 5219 119
internal_value=-2.03506e-07 -0.00363679 -0.00566837 -0.0325438 -0.00459659 -0.0565988 -0.00302608 -0.000195028 -0.0230682 0.0150391 0.0225872 0.003585 0.0583127 0.000150548 0.00210067 -0.00290804 -0.00495177 0.00438278 0.0050973 0.0357458 -0.0233229 -0.000253592 -0.0141941 0.00254083 -0.0422506 -0.000141264 0.00230311 -0.000671245
internal_weight=6625.03 263.703 237.832 21.2896 9.84809 11.4415 216.542 189.74 26.8018 25.8715 22.3921 14.6173 7.77486 6361.33 1092 341.809 324.644 750.194 731.333 17.1648 18.8609 5269.33 42.119 26.3825 15.7365 5227.21 931.403 4295.8
internal_count=33165 1371 1173 102 46 56 1071 928 143 198 175 124 51 31794 5423 1717 1595 3706 3614 122 92 26371 224 134 90 26147 5270 20877
is_linear=0
shrinkage=0.05


Tree=258
num_leaves=15
num_cat=0
split_feature=21 12 13 32 23 12 9 32 24 21 14 21 6 24
split_gain=2.12657 1.52181 8.68179 5.51552 5.57096 3.4018 10.3159 8.76158 6.69274 3.07339 7.64897 3.88137 2.35261 1.70002
threshold=-41.499999999999993 29.500000000000004 1.9300000000000004 0.62600000000000011 -0.13349999999999992 28.500000000000004 1.1775000000000002 0.50200000000000011 1.8895000000000002 25.500000000000004 1.8480000000000003 21.500000000000004 0.53100000000000014 2.4825000000000004
decision_type=2 2 2 2 2 2 2 2 2 2 2 2 2 2
left_child=-1 5 3 4 -3 9 8 -8 -7 11 -11 -2 -5 -4
right_child=1 2 13 12 -6 6 7 -9 -10 10 -12 -13 -14 -15
leaf_value=-0.044126234173833268 8.5429214451456631e-05 0.011732161331268816 0.074001641728713818 0.016899444383038989 -0.0079702757766674983 -0.021859494578071445 -0.0010404122401029782 -0.027082705247022183 0.0153951740987485 -0.013939650179454744 0.016301404651180858 0.0092017433491960697 0.063511915504592106 0.028783974970954331
leaf_weight=2.7292842566967002 5997.9518694513245 58.294102780520916 4.7283152490854246 6.6164875328540784 93.303384497761726 14.981066204607485 60.22915118932724 69.641567341983318 61.73124885559082 99.960443548858166 26.440602596849203 119.0760678127408 4.5813455805182457 3.709288701415062
leaf_count=12 30350 258 21 30 414 73 269 303 272 443 139 537 24 20
internal_value=-1.30146e-07 1.80587e-05 0.00467035 0.00210723 -0.000394056 -0.000105449 -0.00641805 -0.0150053 0.00811975 0.000103423 -0.00761382 0.00026289 0.0359699 0.0541233
internal_weight=6623.97 6621.24 171.233 162.795 151.597 6450.01 206.583 129.871 76.7123 6243.43 126.401 6117.03 11.1978 8.4376
internal_count=33165 33153 767 726 672 32386 917 572 345 31469 582 30887 54 41
is_linear=0
shrinkage=0.05


Tree=259
num_leaves=31
num_cat=0
split_feature=40 11 19 15 24 23 13 44 42 2 11 17 2 41 44 31 41 42 30 11 33 59 20 40 33 30 18 11 0 22
split_gain=1.48224 4.73771 11.168 10.5942 5.96704 5.78317 5.44077 5.43074 8.83712 7.14295 6.30872 5.47744 5.21874 5.00582 4.70873 4.60476 2.65126 4.33653 6.2867 11.6661 10.0521 4.18384 5.49749 4.86078 4.33933 6.90848 6.48619 4.176 6.86083 4.70677
threshold=0.76050000000000006 24.500000000000004 1.0410000000000001 0.7400000000000001 3.1010000000000004 0.79249999999999998 1.8685000000000003 0.50550000000000017 0.29800000000000004 9.5000000000000018 21.500000000000004 0.22450000000000003 17.500000000000004 0.51000000000000012 0.53600000000000014 0.61650000000000016 0.50700000000000012 0.28850000000000003 1.4700000000000004 38.500000000000007 0.27200000000000008 2.5000000000000004 9.5000000000000018 0.73150000000000015 0.18500000000000003 1.3885000000000003 0.93333333333333346 16.500000000000004 10.500000000000002 0.63333333333333353
decision_type=2 2 2 2 2 2 2 2 2 2 2 2 2 2 2 2 2 2 2 2 2 2 2 2 2 2 2 2 2 2
left_child=16 7 4 12 14 -6 -5 8 9 -2 -10 15 -4 -13 -3 -9 17 27 19 -19 -20 22 23 -18 25 -23 -26 28 -1 -29
right_child=1 2 3 6 5 -7 -8 11 10 -11 -12 13 -14 -15 -16 -17 21 18 20 -21 -22 24 -24 -25 26 -27 -28 29 -30 -31
leaf_value=7.6634545853919707e-05 -0.029209639290115292 -0.028275539698899056 0.027486808914875746 -0.021511439772528233 0.026915058994240224 -0.046478305038843808 -2.2290302959493855e-05 0.029526408420261132 0.0085133818914031167 -0.0082316289068630963 -0.031139969421900324 0.0012523513851105431 0.006908887796250502 -0.013068785205709027 -0.086743804437088373 0.0028506774632552391 -0.044939493193512189 -0.00077256240765366329 -0.023082428196484636 0.046604369983917572 -0.0031987404646867997 -8.9202182799651132e-06 -0.086729572473955172 0.017537339221640989 0.0010439437029666238 0.021731773172402422 0.03858257525378439 -0.0011332008538433118 0.0070179264873231704 0.014367852360152792
leaf_weight=1054.5005218211008 67.922710883663967 8.9356612637639063 34.739452131092548 46.704062104225159 6.7527731508016569 4.4546972364187241 79.754690520465374 17.730009485501796 73.381033130121068 100.7926117759198 11.618637949228285 121.548809596512 272.44690269976854 122.52860659426369 5.6025812923908225 184.76458596938755 5.3932128419983183 149.46331140641996 88.0027022336144 14.230825327336786 228.87586423203174 70.410924480354879 2.7575630075298241 7.3641138482635142 628.51244315784425 75.962108162231743 11.721887095365672 2539.473184550181 537.41345812902728 49.934160158038139
leaf_count=6066 430 41 159 203 31 20 355 91 403 461 53 633 1194 634 24 1025 96 743 434 64 1123 351 41 135 2978 370 61 11536 3187 223
internal_value=-4.66448e-08 -0.0016236 0.00232218 0.00422173 -0.0296727 -0.00225702 -0.00795872 -0.00421204 -0.0100537 -0.0166771 0.00309315 -0.000893183 0.00923603 -0.00593696 -0.0508074 0.00518635 0.000344535 -0.000112321 -0.0046105 0.00334617 -0.00872079 0.00299976 -0.0227126 -0.008875 0.0035069 0.0112737 0.00173123 0.000404669 0.00241994 -0.000834278
internal_weight=6623.69 1159.68 459.391 433.645 25.7457 11.2075 126.459 700.287 253.715 168.715 84.9997 446.572 307.186 244.077 14.5382 202.495 5464.02 4661.89 480.573 163.694 316.879 802.122 15.5149 12.7573 786.607 146.373 640.234 4181.32 1591.91 2589.41
internal_count=33165 5757 2027 1911 116 51 558 3730 1347 891 456 2383 1353 1267 65 1116 27408 23376 2364 807 1557 4032 272 231 3760 721 3039 21012 9253 11759
is_linear=0
shrinkage=0.05


Tree=260
num_leaves=30
num_cat=0
split_feature=32 6 33 41 6 25 8 11 14 24 24 41 36 5 19 29 5 17 40 13 36 32 26 1 17 4 44 40 41
split_gain=1.47438 4.90499 5.34217 7.34207 5.20618 5.05486 5.16239 7.21004 5.49283 5.16037 5.47463 4.1912 5.85297 4.48696 3.96943 3.73369 5.95181 5.28417 6.79235 5.56706 4.99672 3.44854 7.48473 8.01466 6.52527 3.34441 4.69671 3.93483 2.03148
threshold=0.39650000000000007 0.18900000000000003 0.21300000000000002 0.52300000000000013 0.22900000000000004 347.50000000000006 0.29999999999999999 35.500000000000007 1.5275000000000001 1.7145000000000004 2.1685000000000003 0.45600000000000007 0.45750000000000007 1.4035000000000002 1.5965000000000003 2.4950000000000006 1.5100000000000002 0.39650000000000007 0.79000000000000015 0.7965000000000001 0.33450000000000008 0.48750000000000004 0.53650000000000009 51.500000000000007 0.46000000000000008 0.34500000000000003 0.44800000000000006 0.68900000000000006 0.47400000000000003
decision_type=2 2 2 2 2 2 2 2 2 2 2 2 2 2 2 2 2 2 2 2 2 2 2 2 2 2 2 2 2
left_child=1 5 11 4 -4 6 7 -1 -8 14 -11 12 -3 -13 -7 16 17 19 -19 -2 -18 22 24 -24 -17 26 -23 -27 -22
right_child=15 2 3 -5 -6 9 8 -9 -10 10 -12 13 -14 -15 -16 21 20 18 -20 -21 28 25 23 -25 -26 27 -28 -29 -30
leaf_value=0.0023008520714074636 -0.0048067574986160625 -0.0056650351066890514 0.024142295454086041 -0.064425536830120908 -0.015530319506416682 0.010366441490857475 -0.023454238040425509 0.041339682610207915 0.0075365679507609336 0.0423199768660803 0.010217516061935897 -0.00014153621674080125 -0.033954652662256335 -0.03785679434671757 -0.063779164411630604 -0.0029335598624237857 -0.019423491584555773 -0.0047565011912872011 -0.065741107208906038 0.0052446157217210902 0.01832842713491151 0.029376444000265151 -0.021789415765884904 0.042689237938029395 0.025041189583689429 -0.0083228960971410623 -0.026122754462035571 0.00066880950606835587 0.064665713092401961
leaf_weight=144.68092741433065 163.55744414473884 148.32126351352781 9.4190929457545263 6.9268521731719366 67.752820427995175 3.999056712811579 37.608140034892131 12.880180571228264 23.067734243813902 20.502001969143748 37.704463982954621 811.44994116714224 20.854341778438538 7.9634106331504873 3.2902100724168122 408.01808104792144 3.2953863907605401 128.25209196878131 4.734375503845512 873.30289248516783 3.3940521271433663 4.557682858459887 78.661926911678165 5.1339449584484091 21.967481585510541 126.16376500646584 23.301716066431254 3415.607776033401 7.8038760104682297
leaf_count=905 812 804 44 31 328 40 254 60 125 119 185 4060 107 94 29 1923 24 751 24 4089 36 48 385 23 141 615 358 16679 72
internal_value=-1.14486e-07 -0.00147014 -0.00301649 -0.0151143 -0.0106881 0.00437606 0.000720012 0.00549217 -0.0116722 0.0165583 0.0215249 -0.00198734 -0.00915231 -0.000508069 -0.0231012 0.000378409 0.00285013 0.00245561 -0.00692758 0.00365908 0.0346948 -0.000338482 -0.00416848 -0.017839 -0.00150436 0.000212775 -0.0170433 0.00034851 0.050621
internal_weight=6624.17 1356.42 1072.69 84.0988 77.1719 283.733 218.237 157.561 60.6759 65.4957 58.2065 988.589 169.176 819.413 7.28927 5267.75 1184.34 1169.85 132.986 1036.86 14.4933 4083.41 513.781 83.7959 429.986 3569.63 27.8594 3541.77 11.1979
internal_count=33165 7185 5468 403 372 1717 1344 965 379 373 304 5065 911 4154 69 25980 5808 5676 775 4901 132 20172 2472 408 2064 17700 406 17294 108
is_linear=0
shrinkage=0.05


Tree=261
num_leaves=26
num_cat=0
split_feature=3 25 9 16 28 17 24 23 28 15 0 23 19 44 14 1 44 5 36 5 32 3 22 26 19
split_gain=1.62716 5.70013 12.4421 6.41857 7.96679 5.63484 5.56074 5.42597 5.67834 6.63385 5.40354 5.35577 4.70167 4.57306 3.61625 3.51225 5.13685 4.40079 3.87894 6.42052 3.73772 3.22038 2.75748 2.49005 1.27237
threshold=0.96100000000000008 348.50000000000006 0.62750000000000006 0.54750000000000021 0.59600000000000009 0.43100000000000005 1.9235000000000002 0.42799999999999999 0.26050000000000006 0.59650000000000014 13.500000000000002 0.33299999999999991 2.3270000000000004 0.48650000000000004 0.26150000000000007 7.5000000000000009 0.55850000000000011 0.24550000000000002 0.32950000000000007 -0.31399999999999995 0.39450000000000007 0.58950000000000002 -0.066666666666666638 0.20850000000000002 2.3770000000000002
decision_type=2 2 2 2 2 2 2 2 2 2 2 2 2 2 2 2 2 2 2 2 2 2 2 2 2
left_child=1 7 5 6 -5 12 -4 8 9 -1 13 -10 -3 -9 23 16 17 -16 19 -17 -20 -7 -18 -2 -25
right_child=14 2 3 4 -6 21 -8 10 11 -11 -12 -13 -14 -15 15 18 22 -19 20 -21 -22 -23 -24 24 -26
leaf_value=-0.019004695333378809 0.003633362104125841 0.024255115675477362 -0.038553207734560627 0.045433619782364883 -0.011839977980028863 0.00069170986615917258 -0.014617343781386048 0.06577485374558191 0.00048087467406808364 0.052346840128125349 0.12305761399513643 -0.052587857283815792 -0.032440159910178595 -0.056614144604535233 0.0074270970998167986 0.051804092860789588 0.074358905216775614 -0.0026933365725553917 -0.0037023201834991888 0.0060210911999629768 0.0004690474860937758 -0.076028825375941134 0.014087884284713713 -0.014471390583909109 -0.064790622184786595
leaf_weight=59.41573767666705 3.4106119628995639 39.562591839581728 31.904426671506371 8.7737539559602755 19.715845603495836 2.9674494442297137 101.33159621199593 1.7727770749479526 1313.7703971701849 3.446577343158423 1.7419130783528087 4.7715426194481543 4.0291972453705958 1.3402769779786465 308.82971590361558 8.7565073892474157 3.9413203131407499 164.70397821522783 624.27990698907524 61.028892820701003 3841.9313353588805 2.5373617075383663 3.6600276560056946 1.7870873463689347 4.2295122323557734
leaf_count=421 23 190 200 43 91 28 491 19 6798 44 12 41 56 25 2091 39 23 1651 2884 294 17582 14 34 32 39
internal_value=-2.66052e-07 -0.00139057 -0.00905028 -0.0157429 0.00579819 0.0129953 -0.020349 -0.000225676 -0.000411123 -0.0150927 0.0525402 0.000288829 0.0190148 0.0130822 0.000441472 0.000499606 0.00456159 0.00390702 6.87495e-05 0.0117658 -0.00011402 -0.0346715 0.0453386 -0.0304971 -0.0498445
internal_weight=6623.64 1597.08 210.822 161.726 28.4896 49.0966 133.236 1386.26 1381.4 62.8623 4.85497 1318.54 43.5918 3.11305 5026.56 5017.13 481.135 473.534 4536 69.7854 4466.21 5.50481 7.60135 9.42721 6.0166
internal_count=33165 8473 1113 825 134 288 691 7360 7304 465 56 6839 246 44 24692 24598 3799 3742 20799 333 20466 42 57 94 71
is_linear=0
shrinkage=0.05


Tree=262
num_leaves=24
num_cat=0
split_feature=22 18 9 17 14 4 17 14 5 33 29 6 24 24 28 4 23 4 28 17 31 5 21
split_gain=1.6379 6.39637 6.08165 5.92404 6.13582 5.90771 6.89575 6.89004 5.57598 5.17305 8.99957 7.95675 4.38362 4.01426 4.26704 5.37394 4.25401 2.6149 4.34437 1.90807 1.2411 0.303883 0.0132369
threshold=0.25833333333333336 0.18333333333333332 0.65450000000000019 0.18050000000000002 0.64500000000000013 1.5580000000000003 0.14550000000000002 0.83650000000000013 0.40350000000000003 0.16600000000000004 2.6000000000000005 0.23200000000000004 3.0850000000000004 4.1465000000000014 0.25600000000000006 1.7805000000000002 1.3335000000000004 1.3270000000000002 0.37700000000000006 0.37250000000000005 0.81900000000000006 -0.16349999999999998 5.5000000000000009
decision_type=2 2 2 2 2 2 2 2 2 2 2 2 2 2 2 2 2 2 2 2 2 2 2
left_child=1 9 -2 5 19 7 -7 -4 -6 17 11 -11 -12 14 15 -3 -16 21 -19 -5 22 -1 -15
right_child=2 13 3 4 8 6 -8 -9 -10 10 12 -13 -14 20 16 -17 -18 18 -20 -21 -22 -23 -24
leaf_value=-0.049615872300724485 0.058772945817249969 -0.0046618148582268622 0.038607990454009922 -0.070605460295912456 0.0069841781489980341 -0.0082699142950569578 -0.052786305475017739 -0.0025949428253648731 0.00038941111415320288 -0.013516650162236882 -0.012354978864796307 0.026347974902767503 -0.049905761076466819 0.053407493017030475 0.00043468314121693463 0.018897416376718559 -0.046932775986753002 -0.00086033322651861215 -0.052325703829277363 -0.016775818235246161 0.0076906210490776646 -0.07043905982964814 0.059099642368620288
leaf_weight=4.6483251086901873 4.5836607366800299 686.55469084480137 10.357009306084363 3.4810027442872515 553.67766951397061 29.863453751429915 12.274955954402683 498.58667439431883 761.16739501990378 24.669014209415764 19.886199039872736 25.409953845664859 12.758307395502923 2.2090994841419151 3914.6811945233057 25.08986211521551 4.7457459531724444 10.01000656373799 6.9457637332379809 3.1233012120355852 1.9607656649313865 2.8119817115366486 1.8996115587651727
leaf_count=54 21 3372 61 23 2557 208 54 3014 3693 145 102 128 64 68 19184 173 27 63 40 44 33 20 17
internal_value=-5.38647e-07 -0.00049519 0.00124966 0.00110885 0.00292498 -0.00324608 -0.0212376 -0.00175646 0.00316645 -0.0125734 -0.00660451 0.00671057 -0.0270308 -0.000216128 -0.000269385 -0.00383121 0.000377329 -0.0327963 -0.0219426 -0.0451484 0.04042 -0.0574647 0.0560392
internal_weight=6621.4 4744.28 1877.12 1872.53 1321.45 551.082 42.1384 508.944 1314.85 107.14 82.7235 50.079 32.6445 4637.14 4631.07 711.645 3919.43 24.4161 16.9558 6.6043 6.06948 7.46031 4.10871
internal_count=33165 23490 9675 9654 6317 3337 262 3075 6250 616 439 273 166 22874 22756 3545 19211 177 103 67 118 74 85
is_linear=0
shrinkage=0.05


Tree=263
num_leaves=26
num_cat=0
split_feature=3 59 15 8 28 18 15 15 8 30 1 34 30 43 25 19 27 27 16 0 19 40 24 25 29
split_gain=1.57691 4.98668 5.46389 5.10169 10.2673 7.32677 4.24113 3.54219 4.20417 5.75037 2.87848 5.1753 4.16556 5.34539 3.51932 2.65655 4.23206 3.33238 2.28063 6.60631 3.32999 2.2444 1.84662 1.6294 0.357551
threshold=0.71700000000000008 27.500000000000004 -1.1634999999999998 0.36666666666666675 0.48950000000000005 0.12222222222222222 -1.5109999999999999 -0.17299999999999996 0.12222222222222222 1.4890000000000001 3.5000000000000004 0.32450000000000007 1.3785000000000001 0.73750000000000016 342.50000000000006 2.6570000000000005 0.21800000000000003 0.26800000000000007 0.81100000000000017 8.5000000000000018 2.4645000000000006 0.70850000000000002 1.8335000000000001 343.50000000000006 2.1065000000000005
decision_type=2 2 2 2 2 2 2 2 2 2 2 2 2 2 2 2 2 2 2 2 2 2 2 2 2
left_child=1 2 6 5 -5 -4 -1 21 -9 -10 11 -2 13 -13 -14 18 22 -18 20 -20 -12 -3 -17 -8 -23
right_child=10 7 3 4 -6 -7 23 8 9 -11 15 12 14 -15 -16 16 17 -19 19 -21 -22 24 -24 -25 -26
leaf_value=0.014639815086860811 -0.074612307309135775 -0.0056041308395367237 -0.063188152621997812 0.028117107498155998 -0.0066166056746074613 -0.0020823565216102811 -0.021031311162128127 0.028564805633680274 0.0017590282162178021 -0.059351007524202207 -3.2045952539291085e-05 0.0064402478111887599 -0.0072163596371114637 -0.066427648605300205 0.01370636327904657 0.064580064004100143 -0.020772203183825045 0.033487867158063907 0.011751358634068152 -0.047317044473237535 0.017991616155868553 -0.044895966292878293 0.018764411018040134 -0.063418930664374498 -0.066813272736836973
leaf_weight=3.5235411960165939 1.9215338993817557 2.6631317697465438 4.9645506695378563 42.241195761947893 42.868256624788046 412.79023388942733 3.4293990093283337 5.3101293742656734 9.5902174115180987 6.4309868328273287 5850.8508248794242 6.3567683191504312 24.170149445882998 4.1663356113713235 119.30582010431681 4.8985535092651862 7.8754605650901777 4.4165209047496319 9.6139068789780158 9.3247722312808019 25.739718679338694 2.9685541689395905 3.9913279581815004 6.6900067362003028 4.9866815842688084
leaf_count=30 17 20 40 309 236 2621 30 24 52 32 27438 74 265 45 1478 26 42 23 45 44 132 22 26 64 30
internal_value=-6.0324e-07 -0.00256819 -0.00138243 -0.000535372 0.0106223 -0.00280853 -0.0326039 -0.0217376 -0.00999156 -0.0227708 0.000231292 0.00693711 0.00795464 -0.0224098 0.0101817 5.45762e-05 0.0177299 -0.00127651 -8.92899e-06 -0.0173319 4.68985e-05 -0.0453344 0.04401 -0.049054 -0.0586347
internal_weight=6621.09 548.457 516.507 502.864 85.1095 417.755 13.6429 31.9497 21.3313 16.0212 6072.63 155.921 153.999 10.5231 143.476 5916.71 21.1819 12.292 5895.53 18.9387 5876.59 10.6184 8.88988 10.1194 7.95524
internal_count=33165 3510 3330 3206 545 2661 124 180 108 84 29655 1879 1862 119 1743 27776 117 65 27659 89 27570 72 52 94 52
is_linear=0
shrinkage=0.05


Tree=264
num_leaves=23
num_cat=0
split_feature=3 3 40 3 28 3 1 5 26 7 6 6 15 33 30 11 2 14 43 8 7 25
split_gain=1.54214 9.24916 8.21688 8.04766 7.71656 8.68985 7.34684 6.28448 7.5739 6.4168 6.3648 7.70721 7.13572 5.32605 5.23337 4.875 7.25753 5.18575 4.72174 4.56645 5.42232 3.1367
threshold=1.5895000000000004 1.5965000000000003 0.71650000000000003 1.5400000000000003 0.50950000000000017 1.5635000000000001 55.500000000000007 0.36550000000000005 0.17150000000000001 0.38000000000000006 0.42600000000000005 0.37250000000000005 -1.2769999999999999 0.16250000000000003 1.3925000000000003 16.500000000000004 26.500000000000004 2.0515000000000003 0.73050000000000004 0.4555555555555556 0.23400000000000001 345.50000000000006
decision_type=2 2 2 2 2 2 2 2 2 2 2 2 2 2 2 2 2 2 2 2 2 2
left_child=3 2 -2 6 5 14 15 10 18 -10 11 -3 -12 -7 -5 16 -1 -17 -9 -6 -21 -4
right_child=1 7 21 4 19 13 -8 8 9 -11 12 -13 -14 -15 -16 17 -18 -19 -20 20 -22 -23
leaf_value=0.0017863154996598423 -0.015554030386350058 0.0067760047085846462 0.032243260870391657 -0.077818426209429747 0.060417050351798368 0.0490219365357887 0.047187602086662728 -0.0049174750818021321 0.00093224203025347107 -0.01216358081010512 -0.065080216153000345 0.035267510867412026 0.0033116465962880395 -0.0054111189371055142 -0.021327830218248703 -0.0014868392429829684 0.04870969832160018 0.028538605107086293 -0.081084928176019672 -0.027697900044902288 0.042286431373705774 0.086252462794801088
leaf_weight=1711.5916180278291 4.7433302998542777 58.795744129223749 4.6919142752885801 4.3032108172774306 5.4449811801314381 4.6967644393444052 8.2275902777910215 3.6050283028744143 1398.5135423101019 100.24384277034551 3.9497467321343711 39.805490411818027 110.88844184577465 104.0226416029036 86.760461539030075 2925.1420693527907 8.2803059890866262 14.451504766941069 4.6711623157607391 6.0070699974894506 5.132506936788559 6.2952743917703629
leaf_count=9727 21 438 20 19 26 22 36 23 7233 524 30 209 580 460 379 13197 40 67 36 28 23 27
internal_value=-7.89729e-07 0.00127914 0.0394448 -0.000455783 -0.00988269 -0.0126032 -1.8805e-05 0.000930183 -0.000207069 5.63327e-05 0.00895998 0.0182781 0.000959376 -0.00305957 -0.0239973 -0.000102161 0.00201223 -0.00133923 -0.0479071 0.0228901 0.00454705 0.0631886
internal_weight=6620.26 1736.2 15.7305 4884.06 216.368 199.783 4667.69 1720.47 1507.03 1498.76 213.439 98.6012 114.838 108.719 91.0637 4659.47 1719.87 2939.59 8.27619 16.5846 11.1396 10.9872
internal_count=33165 9141 68 24024 957 880 23067 9073 7816 7757 1257 647 610 482 398 23031 9767 13264 59 77 51 47
is_linear=0
shrinkage=0.05


Tree=265
num_leaves=26
num_cat=0
split_feature=14 18 30 40 19 42 19 59 2 24 5 43 25 4 22 22 9 16 24 36 3 19 41 18 59
split_gain=1.49431 3.33882 5.99075 5.66716 4.6753 4.51322 4.19395 4.67803 3.78444 3.59066 4.74081 3.7728 3.04015 2.8377 2.40779 2.02036 8.18033 5.58387 2.4819 5.28682 3.32532 1.73463 1.77092 0.104275 0.099598
threshold=0.55800000000000016 0.76388888888888895 1.5885000000000002 0.74900000000000011 1.7875000000000003 0.26600000000000007 2.3770000000000002 12.500000000000002 5.5000000000000009 1.4960000000000002 -0.67949999999999988 0.7400000000000001 347.50000000000006 1.7230000000000001 -0.96666666666666645 -0.84999999999999998 0.67300000000000015 0.6080000000000001 1.0210000000000001 0.41450000000000004 0.26150000000000007 2.0425000000000004 0.44100000000000006 0.70000000000000007 21.500000000000004
decision_type=2 2 2 2 2 2 2 2 2 2 2 2 2 2 2 2 2 2 2 2 2 2 2 2 2
left_child=1 2 3 12 -5 23 9 8 -8 10 -3 -11 -1 -7 21 16 -16 -18 19 -17 -20 -2 -23 -4 -24
right_child=14 6 5 4 -6 13 7 -9 -10 11 -12 -13 -14 -15 15 18 17 -19 20 -21 -22 22 24 -25 -26
leaf_value=-0.0093575353568833616 -0.048418471751456277 0.026868761582043418 -0.061542560019264184 -0.02818707324485601 0.029664464116739359 -0.042857002369644875 -0.00093387895859009409 0.04826729327800236 -0.031213118015312125 0.060718904090664286 -0.051527655551459606 0.0072901949401856462 -0.042898750784233823 0.033744408176515271 -0.057091798779642815 -0.031709856340624128 0.052802855248742314 -0.017867459427244211 -0.027197872527916767 0.044700262121924017 0.00014115688686367769 -0.043561278066601553 0.052745793421748823 -0.073141539768150257 0.074259239529961787
leaf_weight=28.931032278225757 0.55827783793210883 4.6620382275432348 5.1159266128815926 4.5666835554729941 14.845293499296529 2.4518814993207334 40.464016018435359 3.8662358112633219 13.851925957947968 7.4027571305632573 3.2888004258275059 5.9676999300718307 8.8139955619189987 2.3851071298122406 7.4487077295780209 3.1307110632769755 4.6069645881652814 7.1071672737598419 11.141920930007471 8.1749963399488461 6422.9273741997313 0.50071200053207565 3.3321482836036016 3.1190147288143635 0.64156915247440327
leaf_count=310 3 24 61 90 109 28 461 22 71 34 30 28 91 13 35 30 20 31 94 58 31299 16 186 18 3
internal_value=-6.30059e-07 -0.00493878 -0.0128829 -0.00589913 0.0160548 -0.0434192 0.00207858 -0.00487327 -0.00865584 0.021049 -0.00555929 0.0368718 -0.0171899 -0.00508504 0.000113659 8.67452e-05 -0.0161242 0.00992595 0.000134942 0.0235412 9.38137e-05 0.0346844 0.0450532 -0.0659357 0.0562192
internal_weight=6619.3 149.732 70.2289 57.157 19.412 13.0719 79.5035 58.1822 54.3159 21.3213 7.95084 13.3705 37.745 4.83699 6469.57 6464.54 19.1628 11.7141 6445.38 11.3057 6434.07 5.03271 4.47443 8.23494 3.97372
internal_count=33165 1390 720 600 199 120 670 554 532 116 54 62 401 41 31775 31567 86 51 31481 88 31393 208 205 79 189
is_linear=0
shrinkage=0.05


Tree=266
num_leaves=22
num_cat=0
split_feature=7 37 40 4 9 1 1 7 39 26 39 44 42 23 23 26 4 13 39 5 30
split_gain=1.51806 3.36191 2.92976 5.2925 3.62723 3.52005 4.16113 1.7648 8.6545 11.4093 6.99429 5.43563 4.43581 1.81973 6.5467 11.108 5.37834 4.21915 4.88087 3.06134 1.62916
threshold=0.63050000000000017 0.37150000000000005 0.75050000000000006 1.4420000000000002 0.85450000000000015 9.5000000000000018 6.5000000000000009 0.57500000000000007 2.6730000000000005 0.33950000000000008 2.5690000000000004 0.48650000000000004 0.28200000000000008 -0.74749999999999983 -0.95249999999999979 0.15500000000000003 0.87250000000000016 1.9665000000000001 2.6930000000000005 -1.6604999999999996 1.4035000000000002
decision_type=2 2 2 2 2 2 2 2 2 2 2 2 2 2 2 2 2 2 2 2 2
left_child=7 -2 5 20 -5 6 -3 13 9 11 -11 -9 -10 14 16 -16 -1 19 -19 -15 -4
right_child=1 2 3 4 -6 -7 -8 8 12 10 -12 -13 -14 17 15 -17 -18 18 -20 -21 -22
leaf_value=-0.020308484395371501 0.062873022370600537 -0.0066467016166200784 -0.020403017791413038 -0.033525432828516423 0.061353066575205298 -0.064922215143695644 0.048838138236350449 0.028174328271683986 -0.066897268006630359 -0.041420838596390883 0.037632481993556108 0.10471678590287276 0.0051823155265643926 -0.020187881628652881 -0.020379948143317068 -0.0013720463403581137 0.0025705524975979063 0.0041118141644933817 0.02607166829147696 0.00016208599528836644 -0.066393632379658743
leaf_weight=27.059415170457214 1.5423338599503029 20.407321215963755 2.7501642951247032 1.9262509942054737 2.1116579573135823 2.0995579268783322 4.0496745146811 4.1891674622893387 4.1677312701940519 5.9330900488421303 5.2950522527098656 5.1968083716928959 4.375156357884407 18.543621937744319 112.02465049177408 244.86930196173489 506.44554154179059 141.43840978736989 30.816404906450771 5466.684266483353 6.42244842951186
leaf_count=173 13 365 39 9 31 17 27 22 19 34 30 29 22 120 505 1140 2864 835 182 26589 100
internal_value=-7.77529e-07 -0.00955576 -0.0123648 -0.0316069 0.0160921 -0.00279294 0.00254067 5.92359e-05 0.0123331 0.0298695 -0.00414028 0.0705542 -0.0299824 4.58173e-06 -0.0020965 -0.00733839 0.00141013 0.000335259 0.00804043 9.32899e-05 -0.0526046
internal_weight=6618.35 41.3094 39.7671 13.2105 4.03791 26.5566 24.457 6577.04 29.157 20.6141 11.2281 9.38598 8.54289 6547.88 890.399 356.894 533.505 5657.48 172.255 5485.23 9.17261
internal_count=33165 601 588 179 40 409 392 32564 156 115 64 51 41 32408 4682 1645 3037 27726 1017 26709 139
is_linear=0
shrinkage=0.05


Tree=267
num_leaves=25
num_cat=0
split_feature=42 20 15 5 9 22 14 44 7 39 27 33 15 14 13 28 20 14 10 23 14 23 18 23
split_gain=1.46719 5.47935 7.69269 6.17241 9.84675 7.0549 8.03414 6.05564 5.86683 4.29859 8.87679 4.53334 5.94238 3.97292 3.93427 3.10581 8.95287 2.40721 6.02637 11.1525 6.2815 4.15136 8.342 7.75228
threshold=0.22750000000000004 12.500000000000002 0.83650000000000013 -0.45249999999999996 0.89100000000000013 -0.18333333333333326 1.6730000000000003 0.47850000000000004 0.27900000000000008 2.4395000000000002 0.24650000000000002 0.18800000000000003 -0.29299999999999993 1.0680000000000003 1.5965000000000003 0.14850000000000002 -5.4999999999999991 1.3585000000000003 4.5000000000000009 -0.49999999999999989 1.3690000000000004 0.33299999999999991 0.8500000000000002 0.31799999999999989
decision_type=2 2 2 2 2 2 2 2 2 2 2 2 2 2 2 2 2 2 2 2 2 2 2 2
left_child=1 3 -3 5 -5 6 -1 -6 -4 10 15 12 -12 -13 -7 -2 -17 21 19 -19 -20 23 -23 -11
right_child=9 2 8 4 7 14 -8 -9 -10 17 11 13 -14 -15 -16 16 -18 18 20 -21 -22 22 -24 -25
leaf_value=-0.0015972866388153301 -0.076045509328129632 0.075626403941574896 0.043029200010795625 0.07062873337355588 -0.0019660555831516012 -0.023798342321442328 0.066810026804976511 0.0097157974647849206 -0.030495313313558071 -0.00037617233649585389 0.031536046120954467 0.068675932008563756 -0.055658591617733934 0.0084450055394438891 0.02138313408339472 0.034676516523478147 -0.042557555298646507 0.0016677770615095178 0.018393507576361139 0.048234647191613307 0.00031927079901712251 -0.0036222318799222597 -0.049672320939740965 0.022019933370857517
leaf_weight=82.557855586521327 3.7620639726519611 6.0409727841615704 5.2789150523021799 5.5526546360924831 231.55144000110158 57.610710799344815 4.5275278198532751 212.97300654422725 5.5822850093245506 2651.2926047157089 3.3569165915250778 4.1795107759535295 4.6754576726816612 7.9373386139050126 5.257915921509265 4.6905917280819329 18.755206749774512 39.188061614986509 49.058397687971592 19.13608253467828 2388.5233916346915 756.49880291818408 9.9639602638781053 39.210303501226008
leaf_count=417 19 26 34 28 1159 293 29 1043 27 13168 19 20 23 38 24 28 93 239 220 123 12089 3749 49 208
internal_value=-8.70399e-07 0.00232102 0.0303967 0.00153016 0.00445732 -0.00725551 0.00195918 0.00363076 0.00524012 -0.000239603 -0.015244 0.00991091 -0.0192179 0.0292207 -0.0200197 -0.0338729 -0.027106 -0.000120238 0.00106307 0.0169463 0.00068303 -0.000974578 -0.00422088 -4.97805e-05
internal_weight=6617.16 616.933 16.9022 600.031 450.077 149.954 87.0854 444.524 10.8612 6000.23 47.3571 20.1492 8.03237 12.1168 62.8686 27.2079 23.4458 5952.87 2495.91 58.3241 2437.58 3456.97 766.463 2690.5
internal_count=33165 3080 87 2993 2230 763 446 2202 61 30085 240 100 42 58 317 140 121 29845 12671 362 12309 17174 3798 13376
is_linear=0
shrinkage=0.05


Tree=268
num_leaves=21
num_cat=0
split_feature=24 13 3 6 40 18 39 22 18 17 24 40 21 24 21 40 1 13 13 20
split_gain=1.46239 1.89521 1.6528 2.42928 2.00319 1.59151 5.20266 4.74384 4.52603 7.56159 4.82558 1.45011 2.23195 0.00993823 0.00234037 0.000902252 6.41976e-05 3.93778e-05 8.30676e-06 4.61932e-06
threshold=5.5360000000000005 1.0000000180025095e-35 1.1960000000000002 0.66100000000000014 0.77450000000000008 0.12222222222222222 2.7950000000000004 0.56944444444444453 0.18333333333333332 0.19100000000000003 4.2580000000000009 0.71500000000000008 5.5000000000000009 2.3325000000000005 5.5000000000000009 0.69100000000000006 3.5000000000000004 0.98350000000000015 0.98350000000000015 -10.499999999999998
decision_type=2 2 2 2 2 2 2 2 2 2 2 2 2 2 2 2 2 2 2 2
left_child=1 2 13 -4 -5 6 7 -3 9 -7 -10 12 17 15 16 -1 18 -2 -13 -19
right_child=11 5 3 4 -6 8 -8 -9 10 -11 -12 14 -14 -15 -16 -17 -18 19 -20 -21
leaf_value=-0.055102193954773664 0.051380632416758769 0.0073053911469954493 0.027378711207490691 -0.043182074194645419 0.031327540117197621 -0.030524512745327366 0.056382959950058355 -0.0038903653480441246 4.0759447392921383e-05 -0.0035828957786972963 0.02452167922399047 0.050569184443436554 -0.049458830198404607 -0.057658038347541352 0.053614700794148984 -0.050872182370057528 0.051258516601424553 0.050574900347452947 0.050289337273665052 0.050916449924304608
leaf_weight=0.14536645525367864 0.63512219116091662 219.75466411560774 2.9035993439028953 4.6430313256569207 1.1195798767730591 28.788586914539337 4.5299138855189076 166.15317125525326 5887.5159983481863 273.16808184166439 20.198601608164608 0.75508665107190631 1.1852214336395261 1.5487412251532076 1.1932442197576163 0.9492844447522657 0.33268318325281132 0.19839195965323597 0.40870288480073214 0.19758694863412529
leaf_count=11 26 1107 30 128 23 134 26 929 28554 1387 292 72 12 19 30 232 19 23 91 20
internal_value=-8.25118e-07 -2.10745e-05 -0.0204715 -0.00991497 -0.0287061 1.39683e-05 0.00311037 0.00248504 -0.00018072 -0.00615151 0.00012446 0.0272874 -0.00265873 -0.0550806 0.051963 -0.0514339 0.050646 0.0511367 0.0504709 0.0507453
internal_weight=6616.32 6611.42 11.3096 8.66621 5.76261 6600.11 390.438 385.908 6209.67 301.957 5907.71 4.90604 2.21632 2.64339 2.68972 1.09465 1.49647 1.0311 1.16379 0.395979
internal_count=33165 32872 443 181 151 32429 2062 2036 30367 1521 28846 293 81 262 212 243 182 69 163 43
is_linear=0
shrinkage=0.05


Tree=269
num_leaves=23
num_cat=0
split_feature=40 1 21 17 1 1 26 32 14 14 17 8 26 39 14 16 44 35 23 13 4 21
split_gain=1.4815 4.60852 6.06963 5.80152 5.10559 8.31255 7.00069 4.97899 2.59675 6.25865 9.3318 6.34986 5.33343 4.31332 7.06797 5.85613 2.98655 4.36738 3.90919 2.87521 3.85986 2.76114
threshold=0.76050000000000006 60.500000000000007 17.500000000000004 0.38000000000000006 20.500000000000004 19.500000000000004 0.67050000000000021 0.55200000000000016 1.6230000000000002 1.6830000000000001 0.21250000000000002 0.59166666666666679 0.25250000000000006 2.5750000000000006 1.6890000000000003 0.27700000000000008 0.38900000000000007 0.71300000000000008 -1.0000000180025095e-35 2.6835000000000004 1.1405000000000001 38.500000000000007
decision_type=2 2 2 2 2 2 2 2 2 2 2 2 2 2 2 2 2 2 2 2 2 2
left_child=8 2 4 7 5 -2 -6 -4 16 10 11 -10 -12 14 -11 -15 17 -1 -19 21 -21 -18
right_child=1 -3 3 -5 6 -7 -8 -9 9 13 12 -13 -14 15 -16 -17 19 18 -20 20 -22 -23
leaf_value=-0.01115616241810289 -0.0025316153110021434 0.044799344370688679 -0.010685431180369269 0.031240786572059594 0.0038928650020301613 -0.028853374705466495 -0.03591203423794382 -0.038741086199511457 -0.011532155189450805 -0.051672509589691343 -0.015882634931024996 0.01445613577887536 0.023872129577340327 0.00032894007616409175 -0.0020693198314602527 0.013070522890500849 -0.00030636894492199872 0.0075456895262326976 0.066567594024247528 -0.015799659097732469 0.036084872461701493 -0.035459998376668377
leaf_weight=6.9563810913823572 545.02632421314775 5.3211404085159293 60.155745282769203 6.4377652108669272 476.36636766046286 31.741541832685471 11.308289041742681 21.453833147883415 57.197201838716865 7.3095073252916327 9.2211053706705552 39.90123325586319 99.166757876984775 295.55817981029395 410.08144184725825 129.77460640028585 4368.8036856943072 5.2283617118373522 6.0537654653890032 5.1528607010841396 11.777499460848047 5.5929899960756293
leaf_count=37 2997 25 271 28 2136 145 53 102 278 32 46 201 476 1681 2351 716 21284 34 31 28 189 24
internal_value=-7.42123e-07 -0.00162527 -0.00183961 -0.014456 -0.000796024 -0.00398019 0.00296986 -0.0180608 0.000343884 0.00258081 0.010405 -0.000852633 0.02049 0.000672999 -0.00293799 0.00421656 -0.000187861 0.0200033 0.0392157 -0.000271721 0.0202935 -0.000351315
internal_weight=6615.59 1157.81 1152.49 88.0473 1064.44 576.768 487.675 81.6096 5457.78 1048.21 205.486 97.0984 108.388 842.724 417.391 425.333 4409.57 18.2385 11.2821 4391.33 16.9304 4374.4
internal_count=33165 5757 5732 401 5331 3142 2189 373 27408 5781 1001 479 522 4780 2383 2397 21627 102 65 21525 217 21308
is_linear=0
shrinkage=0.05


Tree=270
num_leaves=21
num_cat=0
split_feature=22 18 3 31 40 33 9 28 9 23 5 25 15 20 40 25 8 8 5 41
split_gain=1.43635 5.59107 6.45188 7.2601 7.20031 6.5391 5.46134 5.18202 6.18714 8.65579 5.17863 4.27152 4.83126 4.26479 3.55684 7.61272 3.25351 7.96912 4.6711 1.91227
threshold=0.25833333333333336 0.18333333333333332 0.89100000000000013 0.78050000000000008 0.74400000000000011 0.16600000000000004 0.65450000000000019 0.64000000000000012 0.77100000000000013 -0.067999999999999991 -0.90699999999999992 343.50000000000006 -0.57399999999999984 -13.499999999999998 0.75200000000000011 345.50000000000006 0.70000000000000007 0.74166666666666681 1.2545000000000002 0.52000000000000013
decision_type=2 2 2 2 2 2 2 2 2 2 2 2 2 2 2 2 2 2 2 2
left_child=1 2 11 5 -5 -4 -2 8 9 -8 -10 12 -1 -3 15 -9 18 -18 -15 -13
right_child=6 13 3 4 -6 -7 7 14 10 -11 -12 19 -14 16 -16 -17 17 -19 -20 -21
leaf_value=-0.032643282112210757 0.055492608329796626 -0.044528047899448246 -0.024057217379404881 -0.051786896924000937 0.008055016322901995 0.015733060195771632 -0.079421412807374969 0.040856960457001157 0.028513072001954215 0.005181310705060259 0.00075760441030792234 -0.049460277985807592 0.040896300698370705 0.00026324092304979874 0.063767708259006808 -0.041353185244449142 -0.020166890025884853 0.0014961703247459307 -0.017617070937239673 -0.0064840616088602315
leaf_weight=5.4972639987245202 4.6154550686478606 5.4205536320805541 13.819282028824089 13.071601878851654 8.1674479041248542 40.838880602270365 5.7341012209653854 8.6049614828079957 16.96197303570807 6.3950277715921384 1824.6560729547055 18.396531815640632 3.7615515566431004 4409.7917991958166 4.9781116163358083 4.1857744301669291 68.487693224102259 111.67999798711389 36.831647569313645 3.0122299250215283
leaf_count=36 21 26 72 60 41 196 27 47 89 29 9411 164 23 21766 25 26 321 552 209 24
internal_value=-5.80302e-07 -0.000464173 -0.0117874 -0.00396697 -0.0287748 0.00567284 0.00117037 0.00103641 0.000778817 -0.034815 0.00101324 -0.0311418 -0.00276657 -0.000203679 0.0279095 0.0139537 -0.000151751 -0.00673867 0.000115137 -0.0434135
internal_weight=6614.91 4738.78 106.565 75.8972 21.239 54.6582 1876.13 1871.52 1853.75 12.1291 1841.62 30.6676 9.25882 4632.21 17.7688 12.7907 4626.79 180.168 4446.62 21.4088
internal_count=33165 23490 616 369 101 268 9675 9654 9556 56 9500 247 59 22874 98 73 22848 873 21975 188
is_linear=0
shrinkage=0.05


Tree=271
num_leaves=28
num_cat=0
split_feature=42 59 1 27 36 32 4 33 31 30 10 29 37 14 44 19 41 27 16 17 44 31 18 28 13 33 13
split_gain=1.4047 3.50579 4.37022 10.2699 5.08214 4.0269 3.27239 3.18744 2.99906 4.33626 3.10477 6.1953 2.61319 1.78062 4.43401 3.79465 7.36943 4.85869 3.69245 5.1457 4.36035 3.15734 4.28485 2.66793 2.16285 5.23954 4.45171
threshold=0.32150000000000006 8.5000000000000018 33.500000000000007 0.23550000000000001 0.39200000000000007 0.54100000000000015 1.0365000000000002 0.13900000000000004 0.78850000000000009 1.5865000000000002 3.5000000000000004 2.2345000000000002 0.47050000000000008 0.60350000000000004 0.51900000000000013 2.6285000000000003 0.45600000000000007 0.23850000000000002 0.53700000000000014 0.11650000000000001 0.49250000000000005 0.6605000000000002 0.74166666666666681 0.25250000000000006 2.1835000000000004 0.15850000000000003 2.1455000000000006
decision_type=2 2 2 2 2 2 2 2 2 2 2 2 2 2 2 2 2 2 2 2 2 2 2 2 2 2 2
left_child=13 8 4 12 7 -6 -5 -3 10 -10 -2 -12 -4 14 18 24 17 -17 20 -20 -1 -16 -23 -18 26 -26 -15
right_child=1 2 3 6 5 -7 -8 -9 9 -11 11 -13 -14 15 21 16 23 -19 19 -21 -22 22 -24 -25 25 -27 -28
leaf_value=-0.029465512568689102 0.011792801048957934 0.00097531618079709837 -0.015687430347352802 -0.013858557044163942 0.016637173360093589 -0.0092463068982335198 -0.064815584977753915 -0.05630247668750319 0.057761021133546253 -0.033456930305585941 0.0069503684869159548 -0.066614957618456427 0.029553607887899448 0.00011770067643663801 0.058863583707248125 0.023609344046014617 -0.032376784994620364 -0.091516695155547653 -0.015594681443893522 0.0048697099826072437 0.0070975813328027718 -0.014611098945908405 0.035953696451887111 0.040896821254402561 -0.063193091291970968 0.0071604702825844553 -0.020215294352761592
leaf_weight=31.600535035395296 3.0364754833281102 4.5636417195200902 5.115233555436137 4.6839943751692763 50.574229944497347 21.378940913826227 9.6242103204131109 5.1924777179956436 2.4654430651571593 2.7628801148384809 4.1188394323107778 9.3781980153871682 8.4889234378933889 6084.4951547317905 3.7343825627176583 1.6036450655665277 1.3471109510865087 2.1386710542719811 50.144291725941002 79.288333073724061 10.989883955997355 9.3392787282646186 7.5983365764841428 15.963421298773026 2.6924102490302166 154.97007363534067 27.03893818706274
leaf_count=368 17 26 26 23 236 109 43 26 20 24 30 69 39 29533 35 23 26 27 473 438 149 90 70 232 19 868 126
internal_value=-6.91013e-07 -0.00511909 -0.00148001 -0.0185609 0.00435492 0.0089466 -0.0481341 -0.0295095 -0.0234504 0.00955737 -0.0338883 -0.0441653 0.0125427 0.000103039 -0.0046314 0.000248073 0.0214401 -0.0421833 -0.00726064 -0.00305853 -0.0200309 0.017248 0.00807263 0.0351946 0.000176907 0.00595904 2.77425e-05
internal_weight=6614.33 131.383 109.622 27.9124 81.7093 71.9532 14.3082 9.75612 21.7618 5.22832 16.5335 13.497 13.6042 6482.94 192.695 6290.25 21.0528 3.74232 172.023 129.433 42.5904 20.672 16.9376 17.3105 6269.2 157.662 6111.53
internal_count=33165 688 528 131 397 345 66 52 160 44 116 99 65 32477 1623 30854 308 50 1428 911 517 195 160 258 30546 887 29659
is_linear=0
shrinkage=0.05


Tree=272
num_leaves=23
num_cat=0
split_feature=3 3 40 3 28 2 1 28 3 5 26 22 6 6 5 44 8 3 15 9 18 25
split_gain=1.4319 8.39691 7.48677 7.3095 7.0657 8.04581 6.57155 5.71138 6.17872 5.57308 6.79914 6.06314 5.73887 7.23026 6.57405 4.64473 4.28884 4.16145 3.72617 10.4025 6.74607 2.86883
threshold=1.5895000000000004 1.5965000000000003 0.71650000000000003 1.5400000000000003 0.13100000000000003 16.500000000000004 55.500000000000007 0.50950000000000017 1.5635000000000001 0.36550000000000005 0.17150000000000001 -0.49166666666666659 0.42600000000000005 0.34550000000000003 -0.21949999999999997 0.47450000000000003 0.4555555555555556 1.5540000000000003 -1.0409999999999997 1.9300000000000004 1.0000000180025095e-35 345.50000000000006
decision_type=2 2 2 2 2 2 2 2 2 2 2 2 2 2 2 2 2 2 2 2 2 2
left_child=3 2 -2 6 5 -5 18 8 -6 12 15 -12 13 -3 -14 -11 -9 -7 19 -1 -20 -4
right_child=1 9 21 4 7 17 -8 16 -10 10 11 -13 14 -15 -16 -17 -18 -19 20 -21 -22 -23
leaf_value=-0.0033216511584589028 -0.014721764489576373 0.0035782945321489222 0.03090071435081676 -0.095483486153169983 -0.019239197747638367 -0.060890145157290354 0.044504417742325192 0.058370957077184461 -0.00064526527786593849 0.010157524787004154 -0.038696916694839982 0.00034207153576920412 -0.053901537733870103 0.030764524132037376 0.0035076114713061416 -0.070782333321660132 0.0038948608373566857 -0.003203758593589387 0.021339254170567978 -0.044255639097663647 5.0090689309891796e-05 0.082770976931239762
leaf_weight=227.60089024575427 4.7413243204355231 48.18807290669065 4.6624446213245374 4.6478925049304989 82.284798666834831 4.4337931126356116 8.27162356674671 5.357212312519553 97.757884077727795 2.5797913265414518 10.012788193300365 1486.9962894491618 5.2245843657292417 49.660408369265497 109.50708198733628 5.6637949403375387 11.097046472132204 10.60207414627075 37.530525792855769 16.656440377235413 4373.6431770391573 6.224343478679657
leaf_count=1155 21 386 20 21 360 19 36 26 433 22 52 7705 42 261 568 37 51 47 291 99 21486 27
internal_value=-6.63066e-07 0.00123376 0.0377184 -0.000439162 -0.00942722 -0.0379875 -2.25306e-05 -0.00656624 -0.00914324 0.000901839 -0.000168408 8.09581e-05 0.00848012 0.0173759 0.000893347 -0.0454526 0.0216313 -0.0202144 -0.000101645 -0.00611303 0.00023122 0.0605567
internal_weight=6613.34 1733.46 15.6281 4879.88 216.181 19.6838 4663.7 196.497 180.043 1717.83 1505.25 1497.01 212.58 97.8485 114.732 8.24359 16.4543 15.0359 4655.43 244.257 4411.17 10.8868
internal_count=33165 9141 68 24024 957 87 23067 870 793 9073 7816 7757 1257 647 610 59 77 66 23031 1254 21777 47
is_linear=0
shrinkage=0.05


Tree=273
num_leaves=22
num_cat=0
split_feature=7 40 4 1 24 9 16 7 3 26 16 23 23 26 12 16 16 4 30 13 13
split_gain=1.4127 3.07889 5.2578 3.59437 3.81724 3.16045 3.12317 1.5906 8.6111 6.09172 7.02612 1.71292 6.08265 5.99338 5.67934 4.17215 7.13145 6.14331 1.5815 0.317901 0.00857832
threshold=0.63050000000000017 0.75050000000000006 1.4105000000000001 9.5000000000000018 1.4960000000000002 0.85450000000000015 0.16350000000000003 0.57500000000000007 1.5965000000000003 0.25850000000000006 0.22900000000000004 -0.74749999999999983 -0.75649999999999984 0.12850000000000003 29.500000000000004 0.63250000000000017 0.62750000000000006 0.98350000000000015 1.4035000000000002 1.9665000000000001 1.6545000000000003
decision_type=2 2 2 2 2 2 2 2 2 2 2 2 2 2 2 2 2 2 2 2 2
left_child=7 3 18 4 20 -4 -6 11 9 -9 -11 12 14 -14 -1 16 -13 -17 -3 -20 -2
right_child=1 2 5 -5 6 -7 -8 8 -10 10 -12 15 13 -15 -16 17 -18 -19 19 -21 -22
leaf_value=-0.0015888095505965682 -0.052390596382765234 -0.019466355286779934 -0.030927598245552298 -0.064014699858303978 -0.016764698179087961 0.054985064825174838 0.023150610895083842 0.061904715921372748 -0.056558096250000328 -0.039056391648839603 0.0280730793975917 0.00010343691972728569 0.030569867643796784 -0.026349731418541852 0.031598949585938889 0.022149649816009708 -0.043891730073224972 0.0027313233174686095 -0.058534672455961216 -0.084511160112938716 -0.058633760045149391
leaf_weight=830.38610470981803 0.90793572780967879 2.7216002793575154 1.9566296190023411 2.0212185624986878 6.9782162450719651 2.3635813744040206 16.460971299558878 7.0593905150890413 3.99044643389061 5.6593366339802769 12.523459851741789 5384.7210583248525 5.2233637124299994 40.354124346747994 13.094143509864805 50.607225814834237 9.2268080040812475 208.69695554953068 4.5547162360016955 1.5885899504646657 1.3965092487633226
leaf_count=4398 99 39 10 17 178 33 111 37 20 34 65 26380 25 202 57 268 41 1037 91 9 14
internal_value=-5.35204e-07 -0.00925857 -0.0291536 0.000189314 0.00523019 0.0160751 0.0112672 5.71554e-05 0.0116943 0.0224841 0.00717925 5.1576e-06 -0.00203497 -0.0198265 -0.0010736 0.000325998 2.81794e-05 0.00652111 -0.0511954 -0.0652519 -0.056174
internal_weight=6612.49 40.95 13.1851 27.7649 25.7436 4.32021 23.4392 6571.54 29.2326 25.2422 18.1828 6542.31 889.058 45.5775 843.48 5653.25 5393.95 259.304 8.86491 6.14331 2.30444
internal_count=33165 601 182 419 402 43 289 32564 156 136 99 32408 4682 227 4455 27726 26421 1305 139 100 113
is_linear=0
shrinkage=0.05


Tree=274
num_leaves=13
num_cat=0
split_feature=11 11 36 43 7 39 39 9 11 14 41 42
split_gain=1.41429 1.90066 4.53012 3.60148 2.20562 1.57533 4.49975 20.5132 4.42456 6.72596 4.17739 4.15162
threshold=64.500000000000014 60.500000000000007 0.52400000000000013 0.73250000000000004 0.21250000000000002 2.5845000000000007 2.5810000000000008 1.8685000000000003 48.500000000000007 0.67300000000000015 0.47850000000000004 0.28850000000000003
decision_type=2 2 2 2 2 2 2 2 2 2 2 2
left_child=1 5 3 -3 -4 6 11 -8 10 -10 -7 -1
right_child=-2 2 4 -5 -6 8 7 -9 9 -11 -12 -13
leaf_value=0.00073005894194986068 -0.021843722031701832 0.019452504450542696 0.017859677897244693 -0.038484156464425823 0.062149387339797982 -0.00517950610594539 0.021753582221330101 -0.042576078576777338 -0.062272499720972457 -0.0070666368448920013 0.00030500158079141762 -0.010094684241855428
leaf_weight=3154.3556891489789 7.4022339433431616 5.5016497820615786 6.7495650202035886 5.2343645244836807 4.817338839173317 398.55699638729857 78.338396122300765 14.720995208946986 5.7346450835466376 145.55023121833801 2693.9779422574502 91.136551718882401
leaf_count=15832 34 24 32 23 22 2004 393 84 27 636 13591 463
internal_value=-6.41959e-07 2.38388e-05 0.0145954 -0.00879463 0.0363053 -2.55338e-05 0.000736921 0.0115773 -0.000810255 -0.00915929 -0.000401826 0.00042609
internal_weight=6612.08 6604.67 22.3029 10.736 11.5669 6582.37 3338.55 93.0594 3243.82 151.285 3092.53 3245.49
internal_count=33165 33131 101 47 54 33030 16772 477 16258 663 15595 16295
is_linear=0
shrinkage=0.05


Tree=275
num_leaves=23
num_cat=0
split_feature=7 21 10 29 28 39 27 36 5 7 43 10 28 23 44 1 8 7 44 5 29 18
split_gain=1.36929 4.80751 4.66698 5.62007 4.48516 4.36884 6.4768 4.29188 4.21668 3.89803 8.4631 4.84925 5.39523 3.06429 2.20126 5.92347 8.3765 4.74468 4.22868 6.84698 4.18686 1.76409
threshold=0.41300000000000003 -20.499999999999996 15.500000000000002 2.0315000000000007 0.20600000000000002 2.7065000000000006 0.26000000000000006 0.38850000000000007 -0.52099999999999991 0.40350000000000003 0.75150000000000017 7.5000000000000009 0.30450000000000005 -0.49999999999999989 0.51500000000000012 5.5000000000000009 0.25833333333333336 0.21950000000000003 0.49700000000000005 -0.61299999999999988 3.0410000000000004 0.36666666666666675
decision_type=2 2 2 2 2 2 2 2 2 2 2 2 2 2 2 2 2 2 2 2 2 2
left_child=9 8 5 -4 -5 7 -7 -3 -2 14 11 13 -13 -11 18 17 -17 -16 20 -20 -1 -12
right_child=1 2 3 4 -6 6 -8 -9 -10 10 21 12 -14 -15 15 16 -18 -19 19 -21 -22 -23
leaf_value=-0.00011095007192627934 -0.0068050825173821966 0.014616257566551128 0.032883909961051949 -0.009355361733612115 -0.053498883692997594 -0.03531208671499924 0.011083531720464647 -0.0010572223652462857 -0.068713958121035298 -0.053318484990658568 0.03752339091892342 -0.0041981455466063231 0.064215568486009247 0.0031671936402671193 0.0028528481145930107 -0.010600320223956138 0.0029760666063175663 0.028158964332999567 0.0044423990575316857 -0.00507981041193798 0.0051791203111964034 0.081806276618685544
leaf_weight=3479.4728568975115 6.0270192921161652 49.197384992294246 3.9790487093850997 11.485884146764876 11.530967495637013 20.541856979165459 11.8682715317409 389.27861531480448 5.0592895373702031 4.8704035878181458 4.7032052576541883 7.5166648551821691 4.6735941171646118 4.7355123907327705 36.146667186287232 131.12566687166691 850.76384966447949 37.988424959592521 240.54701246949844 877.27981378592085 419.07793980650604 4.3099482655525208
leaf_count=17078 27 358 26 61 72 126 74 2403 25 23 23 38 22 22 353 589 3973 213 1220 4271 2148 20
internal_value=-6.2584e-07 -0.00249223 -0.0017671 -0.0219849 -0.0314704 -0.000608015 -0.0183225 0.000701356 -0.0350575 0.000207158 0.0179471 0.00109548 0.0220308 -0.0254722 0.000117151 0.00219199 0.00116302 0.0158202 -0.000319633 -0.00303071 0.00045771 0.0586988
internal_weight=6612.18 508.968 497.882 26.9959 23.0169 470.886 32.4101 438.476 11.0863 6103.21 30.8093 21.7962 12.1903 9.60592 6072.4 1056.02 981.89 74.1351 5016.38 1117.83 3898.55 9.01315
internal_count=33165 3172 3120 159 133 2961 200 2761 52 29993 148 105 60 45 29845 5128 4562 566 24717 5491 19226 43
is_linear=0
shrinkage=0.05


Tree=276
num_leaves=23
num_cat=0
split_feature=24 13 14 36 34 22 24 20 21 31 20 7 31 21 26 4 24 21 1 40 40 13
split_gain=1.37771 1.73015 1.66977 1.80881 1.76225 1.43623 5.62987 4.7565 4.06261 3.74629 5.27023 3.45369 1.41132 2.17998 0.329751 0.00758684 0.00231991 0.0012382 4.74818e-05 3.24872e-05 2.8816e-05 8.14494e-06
threshold=5.5360000000000005 1.0000000180025095e-35 1.4820000000000004 0.49250000000000005 0.49450000000000005 0.29999999999999999 4.0835000000000008 -8.4999999999999982 20.500000000000004 0.86050000000000015 -9.4999999999999982 0.11900000000000001 0.74850000000000005 5.5000000000000009 0.51400000000000012 1.4915000000000003 2.2405000000000004 5.5000000000000009 3.5000000000000004 0.71500000000000008 0.71350000000000013 0.98350000000000015
decision_type=2 2 2 2 2 2 2 2 2 2 2 2 2 2 2 2 2 2 2 2 2 2
left_child=1 2 15 4 -4 6 7 -3 -8 11 -11 -7 13 19 -5 16 -1 18 20 -2 -14 -21
right_child=12 5 3 14 -6 9 8 -9 -10 10 -12 -13 17 -15 -16 -17 -18 -19 -20 21 -22 -23
leaf_value=-0.050421545308099849 0.051171260925076338 -0.007704650243648057 0.06296924406640661 -0.063970315895768987 -0.007333877595833968 -0.0031942700491641622 0.047029955085227539 -0.0001461861143820139 -0.032518923293467873 -0.049117117626818127 -0.00092116017707992394 0.0028689798777911633 0.050942976891460282 -0.049525235380313892 -0.024308213580466108 -0.05825063150367743 -0.054105556594459148 0.053009160660027012 0.051254056399912498 0.050699679587761518 0.050392259918422083 0.050304802612343019
leaf_weight=0.73304911204468171 0.37739802629221164 217.47776900604367 1.0771759022027234 1.3083815760910513 5.1675052184145898 291.95840832497925 9.8815508424304408 4848.8678769674152 1.9162544533610333 8.7527523189783114 16.116060639731586 1200.9540266427211 0.4077674715081232 1.1627600053325293 0.87419899646192778 0.88266781251877535 1.0246843183413146 1.1851589223369954 0.42740070819854736 0.45221555745229125 0.56894808495417237 0.18361025315243751
leaf_count=233 24 973 10 44 97 1665 152 23832 12 51 91 5653 32 13 29 11 19 29 24 38 97 36
internal_value=-6.98949e-07 -2.00825e-05 -0.0197725 -0.00890167 0.00479306 1.30612e-05 -0.000390303 -0.00047064 0.0341093 0.00136262 -0.0178841 0.00168323 0.0268744 -0.00280809 -0.0480843 -0.0544684 -0.0525692 0.051819 0.0508145 0.0508038 0.0506222 0.0505856
internal_weight=6611.76 6606.99 11.0677 8.42726 6.24468 6595.92 5078.14 5066.35 11.7978 1517.78 24.8688 1492.91 4.76526 2.17598 2.18258 2.6404 1.75773 2.58928 1.40412 1.01322 0.976716 0.635826
internal_count=33165 32872 443 180 107 32429 24969 24805 164 7460 142 7318 293 111 73 263 252 182 153 98 129 74
is_linear=0
shrinkage=0.05


Tree=277
num_leaves=28
num_cat=0
split_feature=3 22 6 17 40 43 39 31 27 33 17 15 3 15 26 9 39 3 6 6 3 9 15 44 1 34 19
split_gain=1.38103 4.33879 4.74138 7.35789 5.24107 4.45245 3.94564 4.26702 3.7054 3.08898 3.05082 2.77366 2.37868 6.67586 9.59049 8.15837 5.72365 5.50617 5.70688 5.66414 3.95194 8.65028 7.03891 5.56783 2.54328 4.69655 2.31929
threshold=0.54000000000000015 -0.21111111111111108 0.11300000000000002 0.44900000000000007 0.72750000000000015 0.68300000000000016 2.6105000000000005 0.79300000000000015 0.28500000000000003 0.21300000000000002 0.075500000000000012 0.37700000000000006 0.63800000000000012 0.40350000000000003 0.16750000000000004 0.57400000000000007 2.6060000000000003 0.58950000000000002 0.22900000000000004 0.08900000000000001 0.71700000000000008 1.0375000000000003 -0.80399999999999994 0.54300000000000015 3.5000000000000004 0.33750000000000008 2.6570000000000005
decision_type=2 2 2 2 2 2 2 2 2 2 2 2 2 2 2 2 2 2 2 2 2 2 2 2 2 2 2
left_child=1 5 10 4 -4 -1 9 -8 -5 -7 -3 -12 13 14 16 -16 -2 18 -15 -19 21 23 -23 -14 25 -22 -26
right_child=12 2 3 8 -6 6 7 -9 -10 -11 11 -13 20 17 15 -17 -18 19 -20 -21 24 22 -24 -25 26 -27 -28
leaf_value=-0.063645987156208783 -0.011899409919593075 0.048302654045544069 0.0037428785316192836 0.011302582588172998 -0.040574452770854974 0.0069747650324299987 0.023022023131764328 -0.027055310310679627 0.10135585178172209 -0.010503264215033092 -0.056434531682974159 0.030667681652082193 -0.012920404154803951 0.014465650571640643 0.032549550696041533 -0.0043884361563556627 -0.071214247543535003 -0.013069647055005225 -0.049351272978243425 0.04509920061035682 -0.048791854268641764 -0.03695578798480674 0.028024381172043401 0.023949152905591933 -9.6780388524468787e-06 0.0079133915930757505 0.016663542358311054
leaf_weight=2.6949193228501818 10.180141657590868 0.85457366704940696 13.999836835544562 2.6015130158048114 12.744433651911093 41.90240472368896 29.748185402131639 4.9636313021183005 2.0364839487010613 63.724023802904412 11.309379548438297 0.99433402903378088 174.51689590839669 18.333168789744381 20.897853303700686 52.508157609030604 6.77303822338581 5.0558915138244656 4.3307690545916548 24.294864175841212 3.741986380191519 4.954573790542784 26.237137128133327 10.87804272584617 5888.8591774438974 151.02332326612668 20.93136647157371
leaf_count=26 52 6 112 37 101 311 235 48 17 464 251 6 884 85 101 313 33 26 23 118 40 36 170 55 27659 1839 117
internal_value=-5.70526e-07 -0.00422956 -0.0178568 -0.00729346 -0.0173756 1.39771e-05 0.00123644 0.0158612 0.0508438 -0.00356966 -0.0430502 -0.0493953 0.00012292 0.00651373 -0.00170085 0.00612739 -0.0355965 0.020784 0.00227111 0.0350792 -2.19392e-05 -0.00665844 0.0177028 -0.0107571 0.000215074 0.00654235 4.93754e-05
internal_weight=6611.09 187.574 44.5406 31.3823 26.7443 143.033 140.338 34.7118 4.638 105.626 13.1583 12.3037 6423.52 142.374 90.3592 73.406 16.9532 52.0147 22.6639 29.3508 6281.14 216.587 31.1917 185.395 6064.56 154.765 5909.79
internal_count=33165 1614 530 267 213 1084 1058 283 54 775 263 257 31551 751 499 414 85 252 108 144 30800 1145 206 939 29655 1879 27776
is_linear=0
shrinkage=0.05


Tree=278
num_leaves=30
num_cat=0
split_feature=14 19 19 19 4 5 13 40 1 30 17 1 30 42 22 9 9 19 42 22 40 5 17 24 9 1 8 35 30
split_gain=1.39909 4.04857 6.5924 5.84029 9.81442 7.01235 5.29801 4.97046 4.56304 4.03215 7.58381 4.02655 3.97433 3.44362 3.17343 5.66417 10.1009 9.63993 8.09386 4.89372 6.20293 6.18772 5.59219 5.56798 4.88311 4.58728 4.43216 1.13702 1.06853
threshold=1.2155000000000002 0.78050000000000008 0.62750000000000006 0.71100000000000008 1.1960000000000002 0.42200000000000004 0.6170000000000001 0.72050000000000003 17.500000000000004 1.6640000000000001 0.16350000000000003 6.5000000000000009 1.3825000000000001 0.26250000000000007 0.56944444444444453 1.3655000000000002 1.5475000000000001 0.7965000000000001 0.27350000000000008 0.36666666666666664 0.70200000000000007 1.1455000000000002 0.43900000000000006 4.3335000000000008 1.1835000000000002 5.5000000000000009 0.74166666666666681 0.83900000000000008 1.3800000000000001
decision_type=2 2 2 2 2 2 2 2 2 2 2 2 2 2 2 2 2 2 2 2 2 2 2 2 2 2 2 2 2
left_child=1 2 8 4 -4 -5 7 27 13 12 -11 -9 -8 -1 19 18 17 -17 24 23 21 -21 -22 26 -16 -18 -2 -3 -25
right_child=14 6 3 5 -6 -7 9 11 -10 10 -12 -13 -14 -15 15 16 25 -19 -20 20 22 -23 -24 28 -26 -27 -28 -29 -30
leaf_value=0.032887691112818668 -0.00023518522512223201 -0.06234498425231149 0.12908247963202366 0.051559527366841135 0.0027667427083153361 -0.04456584603781065 -0.0079051195420773712 -0.046150090591779463 -0.08013472507469882 0.015408384035372147 -0.019682872865187419 0.0025756622168445161 3.4053410956747542e-05 -0.017074126582068107 0.039518377017956081 0.00096973117715409461 0.030405547361511728 0.062335833854101755 -0.067413483499070156 -0.013185815983882986 0.0083820925985752977 0.029724453516489769 -0.01563039859532632 -0.012174055072217641 -0.030792193364190226 -0.0060411028579963472 0.011539164547965643 -0.024140612073686878 0.05450019815817532
leaf_weight=6.1251213647192362 2655.1192653935868 6.779025769348662 3.7781010395847243 4.775602257810533 2.5932852141559124 3.1478458642959595 167.78512006648816 5.5077182176173691 1.7844972610473622 20.113578995456919 65.655239524319768 18.419238567585126 2605.8700509723276 7.8935138429515064 4.3061942011117953 14.825495675206186 8.8950937079498527 11.260387122631071 8.3173987418413144 68.454419389367104 493.05910196760669 9.5766730224713665 25.500405211001635 0.67333598434924979 5.7894038334488869 293.40164775867015 82.405423631891608 2.7325379393878393 5.5866562447044998
leaf_count=116 12639 97 37 32 22 23 952 159 9 111 299 126 12704 147 19 67 451 51 38 325 2392 57 140 5 27 1518 419 38 145
internal_value=-9.57363e-07 -0.000817959 0.0174254 0.0420294 0.0776694 0.0133706 -0.00100777 -0.0207947 -0.00483031 -0.000776376 -0.0114536 -0.00864046 -0.000446206 0.00475554 0.000646711 -0.00390578 -0.00239266 0.0274594 -0.0308912 0.00111935 0.00522355 -0.00791948 0.00720127 0.000226957 -0.000801799 -0.00496866 0.000119248 -0.0513694 0.0473286
internal_weight=6610.13 2922.96 30.098 14.2948 6.37139 7.92345 2892.86 33.4385 15.8031 2859.42 85.7688 23.927 2773.66 14.0186 3687.17 346.796 328.383 26.0859 18.413 3340.38 596.591 78.0311 518.56 2743.78 10.0956 302.297 2737.52 9.51156 6.25999
internal_count=33165 14872 386 114 59 55 14486 420 272 14066 410 285 13656 263 18293 2171 2087 118 84 16122 2914 382 2532 13208 46 1969 13058 135 150
is_linear=0
shrinkage=0.05


Tree=279
num_leaves=26
num_cat=0
split_feature=4 37 26 14 39 29 19 3 8 4 7 17 30 24 6 21 9 23 30 43 31 29 11 17 21
split_gain=1.35876 3.97217 5.75522 3.39819 2.81154 3.17501 2.76951 2.30045 5.65973 7.68324 1.54635 11.025 7.47617 7.10357 5.49963 11.1398 10.7716 1.51758 1.49684 1.49144 1.77169 0.500023 0.132828 0.0163284 0.014678
threshold=2.6835000000000004 0.49550000000000005 0.21350000000000002 1.7400000000000004 2.5810000000000008 2.6100000000000008 1.9835000000000003 1.0000000180025095e-35 0.074999999999999969 1.3270000000000002 0.27450000000000008 0.068000000000000019 1.6575000000000002 2.2825000000000002 0.18900000000000003 -34.499999999999993 0.77100000000000013 -0.51449999999999985 1.5995000000000001 0.72250000000000003 0.72950000000000015 2.3025000000000007 5.5000000000000009 0.18650000000000003 -5.4999999999999991
decision_type=2 2 2 2 2 2 2 2 2 2 2 2 2 2 2 2 2 2 2 2 2 2 2 2 2
left_child=7 2 6 4 21 -6 -2 8 19 24 14 13 -13 -12 16 -16 -9 23 -8 20 -1 -3 -21 -4 -10
right_child=1 3 17 -5 5 -7 18 10 9 -11 11 12 -14 -15 15 -17 -18 -19 -20 22 -22 -23 -24 -25 -26
leaf_value=-0.059304026059632503 -0.10603337237241511 0.084904176852664839 0.052835542656780213 -0.036103582788951656 -0.010932146556735658 0.062040375296128519 -0.065199124544207829 0.0037421535890032331 -0.061747911065973562 0.083950464394001029 -0.0033992846778458474 -0.0014067445599851038 -0.017294567834253701 0.018994721820777733 -0.091576800866693411 7.6322094103186159e-05 0.033999297002137864 -0.0041979853580815397 0.030282095952989592 -0.053528506220183472 0.023414974013503877 0.052685475495354878 -0.069995706978860192 0.062395763277018262 -0.05219263374420894
leaf_weight=1.1580120995640739 1.810952890664342 2.4029988981783372 1.2367033781483767 1.6879266925388936 3.7722270744852722 2.4644667515531182 0.80276645044796147 355.8980124942027 0.70754574239253976 2.4164942072238773 52.803936798358336 2095.1825294785085 76.756628612754866 107.51677070208825 3.3181477934122077 3852.0021153308917 32.064683243632317 2.2334422795102 0.83994964510202408 4.2012625131756067 1.4678093867842106 2.4139957572333515 1.7283856105059383 0.69911028072237957 0.93037148524308488
leaf_count=30 10 18 68 30 41 29 21 1775 6 20 307 10407 371 597 14 18873 145 29 19 127 31 42 16 6 133
internal_value=-1.05063e-06 0.0128943 -0.0156552 0.0299746 0.0400649 0.0179034 -0.0633893 -4.09113e-05 -0.0213765 0.0272833 3.86483e-09 -0.00103423 -0.00196822 0.0116189 0.000568458 -2.56074e-06 0.00624287 0.0238861 -0.0163779 -0.0444362 -0.0130649 0.068758 -0.0583284 0.0562882 -0.0563203
internal_weight=6608.52 20.3645 7.62292 12.7416 11.0537 6.23669 3.45367 6588.15 12.6099 4.05441 6575.54 2332.26 2171.94 160.321 4243.28 3855.32 387.963 4.16926 1.64272 8.55547 2.62582 4.81699 5.92965 1.93581 1.63792
internal_count=33165 313 153 160 130 70 50 32852 363 159 32489 11682 10778 904 20807 18887 1920 103 40 204 61 60 143 74 139
is_linear=0
shrinkage=0.05


Tree=280
num_leaves=17
num_cat=0
split_feature=21 40 11 19 15 4 36 9 2 41 8 33 23 42 1 22
split_gain=1.82673 1.35876 4.34255 11.5098 8.79077 6.45393 4.29684 7.103 5.7279 2.37195 4.0645 8.25966 4.6031 4.01393 6.50273 3.96286
threshold=-41.499999999999993 0.76050000000000006 22.500000000000004 1.0410000000000001 0.7400000000000001 1.5085000000000002 0.38850000000000007 1.4460000000000002 3.5000000000000004 0.50700000000000012 0.8500000000000002 0.26100000000000007 0.87550000000000006 0.28850000000000003 26.500000000000004 0.63333333333333353
decision_type=2 2 2 2 2 2 2 2 2 2 2 2 2 2 2 2
left_child=-1 9 6 5 -5 -4 7 -3 -8 13 12 -12 -11 15 -15 -2
right_child=1 2 3 4 -6 -7 8 -9 -10 10 11 -13 -14 14 -16 -17
leaf_value=-0.041155413324295294 0.00010682208010525513 0.019728307199027545 -0.011306068856757313 0.0082922065083260339 -0.0068234471992566536 -0.05537487422883576 0.011256832337280989 -0.011057238461020941 -0.0073290907251487699 0.0025631255367168713 0.015706073155709915 -0.027834899881666687 0.016653054014679789 -0.0087949654938006428 0.0033372697265836577 0.0082094559664532898
leaf_weight=2.6952764838933936 4013.0251466155314 44.528847305395175 30.864384040236473 343.85352487117052 133.54199479520321 11.368191108107565 45.085849838462309 32.347343949135393 514.61607832834125 689.83975294167612 17.43685961002484 29.018216162337922 63.283577442169189 306.35126329676859 172.71489253267646 156.7986301430501
leaf_count=12 19871 247 140 1524 592 50 525 180 2498 3378 106 197 348 1594 768 1135
internal_value=-9.879e-07 1.58067e-05 -0.001541 0.00185059 0.0040639 -0.0231685 -0.00430951 0.00677461 -0.00583193 0.000346173 0.0028617 -0.0114918 0.00374708 -8.64812e-05 -0.004421 0.000411507
internal_weight=6607.37 6604.67 1156.21 519.628 477.396 42.2326 636.578 76.8762 559.702 5448.47 799.578 46.4551 753.123 4648.89 479.066 4169.82
internal_count=33165 33153 5756 2306 2116 190 3450 427 3023 27397 4029 303 3726 23368 2362 21006
is_linear=0
shrinkage=0.05


Tree=281
num_leaves=14
num_cat=0
split_feature=26 13 2 17 14 21 1 22 16 31 28 26 1
split_gain=1.34564 7.93907 4.47183 2.80082 2.64177 2.03884 2.06789 3.99368 5.13247 3.56091 2.0688 4.71447 2.57573
threshold=0.73850000000000005 1.0930000000000002 25.500000000000004 0.19600000000000004 1.5740000000000001 41.500000000000007 58.500000000000007 0.25833333333333336 0.28300000000000008 0.74700000000000011 0.12250000000000001 0.69350000000000012 56.500000000000007
decision_type=2 2 2 2 2 2 2 2 2 2 2 2 2
left_child=5 2 3 -2 -5 6 10 9 -9 -8 11 -1 -12
right_child=1 -3 -4 4 -6 -7 7 8 -10 -11 12 -13 -14
leaf_value=-0.011580631540685353 -0.01816933171883461 -0.049953424948974395 0.06111167207318894 0.00036281709941837206 0.0484107335933033 -0.027987415528701917 0.025078714613881798 -0.0013738411359214462 0.039093966226118111 -0.025434556636114797 0.00011019917496722854 0.0066021697269493295 -0.015960333253150515
leaf_weight=109.61441646469757 5.7896692161448398 4.465768337249755 5.743783935904502 5.6930331308394653 5.7504032850265503 6.5227046832442275 5.0576784461736706 14.363789126276972 17.238230846822262 11.248197402805088 6337.9347860140624 52.831425518379547 25.031757444143295
leaf_count=536 33 23 26 28 27 30 22 67 79 51 31864 268 111
internal_value=-9.27341e-07 0.0110479 0.0229041 0.0101695 0.0245072 -4.70089e-05 -1.92837e-05 0.0103307 0.0207005 -0.00976659 -9.52709e-05 -0.00566713 4.69781e-05
internal_weight=6607.29 27.4427 22.9769 17.2331 11.4434 6579.84 6573.32 47.9079 31.602 16.3059 6525.41 162.446 6362.97
internal_count=33165 137 114 88 55 33028 32998 219 146 73 32779 804 31975
is_linear=0
shrinkage=0.05


Tree=282
num_leaves=22
num_cat=0
split_feature=17 4 21 26 6 39 17 1 30 39 10 28 20 17 7 26 32 22 4 20 59
split_gain=1.34176 3.31072 4.93022 3.50826 2.83347 4.70775 2.35627 5.91131 5.61124 7.42295 5.4996 4.44477 2.06227 1.85301 6.4496 7.19305 4.7518 2.02624 8.5633 5.0135 0.459216
threshold=0.7320000000000001 1.2455000000000003 5.5000000000000009 0.21050000000000002 0.19600000000000004 2.5650000000000008 0.50850000000000006 26.500000000000004 1.4825000000000002 2.6730000000000005 6.5000000000000009 0.20600000000000002 -1.0000000180025095e-35 0.41900000000000004 0.049000000000000009 0.11900000000000001 0.49450000000000005 -0.45555555555555544 0.98350000000000015 12.500000000000002 5.5000000000000009
decision_type=2 2 2 2 2 2 2 2 2 2 2 2 2 2 2 2 2 2 2 2 2
left_child=6 2 12 -3 5 -5 13 8 10 -10 -8 -9 20 17 16 -16 -15 18 -1 -19 -2
right_child=1 3 -4 4 -6 -7 7 11 9 -11 -12 -13 -14 14 15 -17 -18 19 -20 -21 -22
leaf_value=-0.026703878283592521 -0.058369503475619193 0.081956910699041374 0.058753672392603512 -0.035069284105795073 -0.02968417611777463 0.073468561239944344 0.063333914274270403 0.0078274505426298002 0.0030561114876665654 -0.043428963527774027 0.0099950505609058063 0.076557932248463162 0.011935169563630213 -0.00038712123691752172 0.043553874776776663 -0.0070491632446791344 0.034697478513517566 -4.8637923432502416e-05 0.0037342587800497048 -0.015624378271719669 -0.09853852057468683
leaf_weight=23.937534529250115 5.2353087224109913 1.3040323152672488 1.1555698998272417 1.779934179270638 5.2930294973775744 2.2772651115665212 5.6067685298621646 4.3196646124124509 36.266003856202587 11.252626860514281 35.000622997991741 5.1647836714982986 1.0545046601328083 21.10832568956539 7.1841119201853862 312.44047866138862 17.779880846850574 5390.0514179408783 666.04027038440108 52.163413383066654 0.8234029336599632
leaf_count=147 242 21 9 25 30 46 33 20 211 60 208 24 25 148 38 1701 126 26253 3554 238 6
internal_value=-8.09539e-07 -0.0132958 -0.0370356 0.00512862 -0.00558626 0.0258519 3.73766e-05 0.00774806 0.00371144 -0.00795176 0.0173597 0.0452548 -0.052597 -7.85805e-05 -0.00357254 -0.00591177 0.0156537 0.000125691 0.00267826 -0.000197931 -0.0638286
internal_weight=6607.24 18.923 8.26879 10.6543 9.35023 4.0572 6588.32 97.6105 88.126 47.5186 40.6074 9.48445 7.11322 6490.71 358.513 319.625 38.8882 6132.19 689.978 5442.21 6.05871
internal_count=33165 404 282 122 101 71 32761 556 512 271 241 44 273 32205 2013 1739 274 30192 3701 26491 248
is_linear=0
shrinkage=0.05


Tree=283
num_leaves=26
num_cat=0
split_feature=14 14 23 13 6 20 6 23 40 34 29 13 9 20 29 30 1 25 36 44 29 24 4 31 15
split_gain=1.3515 3.97903 5.07171 6.46934 5.93092 5.307 10.3205 5.50091 4.83899 4.54072 9.83884 5.49507 3.53445 3.52948 6.92219 5.4581 5.36635 4.02778 3.00955 2.68849 3.98345 4.95981 2.49088 3.03376 2.81811
threshold=1.6230000000000002 1.7230000000000001 0.83350000000000013 1.1015000000000004 0.42200000000000004 -12.499999999999998 0.48200000000000004 0.71400000000000019 0.69100000000000006 0.36400000000000005 3.1160000000000001 1.1275000000000002 1.4750000000000003 -13.499999999999998 2.2565000000000004 1.5600000000000003 37.500000000000007 345.50000000000006 0.43950000000000006 0.38900000000000007 2.7790000000000004 2.1365000000000003 1.0000000180025095e-35 0.81300000000000006 -1.0974999999999999
decision_type=2 2 2 2 2 2 2 2 2 2 2 2 2 2 2 2 2 2 2 2 2 2 2 2 2
left_child=13 8 5 4 -4 7 -7 -3 12 11 -11 -10 -2 14 -1 17 -17 -16 -5 20 21 -15 23 -21 -24
right_child=1 2 3 18 -6 6 -8 -9 9 10 -12 -13 -14 19 15 16 -18 -19 -20 22 -22 -23 24 -25 -26
leaf_value=0.034068958726497754 -0.054590805079011463 0.035991748201574608 0.029805211115432717 -0.015303175680299536 0.0012364716916401454 0.0003231216310513815 -0.013786403120615671 -0.013262965736743015 0.058432405525199682 0.0061516250535507714 -0.071972188611950025 0.0083829575477432691 -0.00020407079507859562 -0.00084539418419667762 -0.063157052927040921 0.04967826282613684 -0.025678452561953502 -0.016558654587694486 0.053383633531019728 -0.05517168797586211 -0.015818004291161127 0.062442404841255642 -0.024848998185860078 0.068730256558281411 -0.00023546625398383633
leaf_weight=5.6857469901442519 5.6045188717544061 17.507732793688778 20.566424777731299 1.8940384695306409 155.70726863853633 550.8744452224928 169.47537883697078 8.3828314468264562 9.08382246643305 352.63641586154699 4.0767007786780587 13.839748087339101 6.3969011157751083 5.5250837833154964 10.315164528787141 3.8658256158232671 6.0753119289875031 8.4246888291090709 10.092753236298448 3.6848839958183808 5.687422346090897 7.0407097265124321 11.655203946400432 0.57053694214118866 5211.8149101919553
leaf_count=25 29 88 125 26 1319 2788 921 39 44 1664 22 81 30 40 47 20 26 38 172 258 31 31 76 23 25202
internal_value=-8.9284e-07 0.00142612 -0.000346909 0.00698669 0.00456968 -0.00219702 -0.0029964 0.0200441 0.00565682 0.006645 0.00525879 0.0282158 -0.025602 -0.000359283 -0.0163305 -0.0263218 0.00362563 -0.0422083 0.0425304 -0.000254654 0.018901 0.0346152 -0.000321538 -0.0385598 -0.000290387
internal_weight=6606.48 1326.14 934.501 188.26 176.274 746.24 720.35 25.8906 391.638 379.637 356.713 22.9236 12.0014 5280.35 34.3667 28.681 9.94114 18.7399 11.9868 5245.98 18.2532 12.5658 5227.73 4.25542 5223.47
internal_count=33165 7348 5478 1642 1444 3836 3709 127 1870 1811 1686 125 59 25817 156 131 46 85 198 25661 102 71 25559 281 25278
is_linear=0
shrinkage=0.05


Tree=284
num_leaves=28
num_cat=0
split_feature=14 18 30 34 40 42 2 32 33 32 40 15 29 30 16 16 30 24 22 29 3 27 20 23 42 1 18
split_gain=1.33702 2.85131 5.5813 4.98969 5.91238 4.34936 3.84123 4.85617 4.03811 3.15799 2.68799 2.12628 3.03685 7.02562 7.66643 5.57752 3.45845 2.59857 4.59097 5.36233 3.43229 4.56195 2.31744 2.13306 1.16464 0.153319 0.0862973
threshold=0.55800000000000016 0.76388888888888895 1.5885000000000002 0.37550000000000006 0.74700000000000011 0.26600000000000007 9.5000000000000018 0.38250000000000006 0.27350000000000008 0.55550000000000022 0.75500000000000012 1.6755000000000002 2.9130000000000007 1.5265000000000002 0.76600000000000013 0.84800000000000009 1.6200000000000003 1.0210000000000001 -0.49166666666666659 2.5805000000000002 0.26150000000000007 0.27050000000000007 9.5000000000000018 -1.9719999999999998 0.27150000000000007 9.5000000000000018 0.70000000000000007
decision_type=2 2 2 2 2 2 2 2 2 2 2 2 2 2 2 2 2 2 2 2 2 2 2 2 2 2 2
left_child=1 2 3 -1 -5 26 7 24 -8 -7 -9 17 13 15 -15 -13 25 18 19 -2 21 -19 -20 -22 -3 -14 -4
right_child=11 6 5 4 -6 9 8 10 -10 -11 -12 12 16 14 -16 -17 -18 20 22 -21 23 -23 -24 -25 -26 -27 -28
leaf_value=0.08084277151740904 -0.049027861479007069 -0.059402163624519937 -0.060794207867903342 -0.020194539906260085 0.014035136387243095 0.039251720241251807 0.047143769151861983 0.0064925062754685528 -0.0043718015424145254 -0.042760795873599718 -0.020531725112599132 0.057172106645412279 0.061059103166087828 -0.080787828478307802 0.018301036437596504 -0.026333461472933351 0.00094250644735004207 -0.051636852469252398 0.026335330006463709 0.039051543571927111 -0.029702795801804238 0.017639423202281738 0.099420371484884654 8.3741161110621585e-05 -0.014226472827932208 0.079969254669272863 -0.071551143044203944
leaf_weight=1.6285920267255267 3.1800743341445923 4.3649047361686817 4.8592369167163252 35.305622580679483 19.629067561661941 2.2152801228367025 8.5411240160465223 45.497032874030992 6.8587059155106536 2.4966932691022521 11.534306973684577 6.6765260547399574 2.1106877587735644 3.9489293489605179 3.8601422354113311 2.8545872803078964 3.0393071692669764 7.0704331204760802 2.08664306567516 3.7843850404024124 6.0160450097173443 3.5794942840002477 2.2588030993938446 6404.8489342903486 2.1193849598057568 2.1778773665428162 3.0252960361540318
leaf_count=14 21 54 61 387 199 20 39 414 31 21 102 34 31 22 47 46 29 55 35 22 45 38 10 31328 30 12 18
internal_value=-6.86628e-07 -0.00469827 -0.0121098 -0.00540676 -0.00796371 -0.0422088 0.00179699 -0.00363478 0.0242 -0.00420355 0.00102699 0.000107033 0.0147585 0.00335401 -0.0318067 0.032162 0.0417453 5.08484e-05 0.0239964 -0.00116681 8.67419e-06 -0.0283527 0.0643256 5.57891e-05 -0.0446365 0.0706623 -0.0649216
internal_weight=6605.57 148.075 69.1598 56.5633 54.9347 12.5965 78.9155 63.5156 15.3998 4.71197 57.0313 6457.49 24.6681 17.3402 7.80907 9.53111 7.32787 6432.82 11.3099 6.96446 6421.51 10.6499 4.34545 6410.86 6.48429 4.28857 7.88453
internal_count=33165 1390 720 600 586 120 670 600 70 41 516 31775 221 149 69 80 72 31554 88 43 31466 93 45 31373 84 43 79
is_linear=0
shrinkage=0.05


Tree=285
num_leaves=20
num_cat=0
split_feature=41 5 26 26 9 41 27 30 10 28 23 44 27 32 7 24 21 9 24
split_gain=1.32284 6.28179 8.20445 7.53224 7.58356 4.00005 8.07324 11.3172 5.45677 2.75729 8.11456 1.73992 8.35108 6.90081 6.82556 2.13799 4.99288 4.53871 1.41313
threshold=0.40700000000000008 0.74550000000000016 0.17250000000000001 0.22350000000000003 1.6545000000000003 0.41900000000000004 0.25050000000000006 1.4845000000000004 11.500000000000002 0.14850000000000002 0.52500000000000024 0.44800000000000006 0.27250000000000008 0.49950000000000006 0.36900000000000005 2.2515000000000005 -19.499999999999996 1.6230000000000002 2.5215000000000001
decision_type=2 2 2 2 2 2 2 2 2 2 2 2 2 2 2 2 2 2 2
left_child=1 2 -1 -4 -5 6 9 8 -8 -2 -11 12 13 -7 -14 17 -17 -13 -9
right_child=5 -3 3 4 -6 11 7 18 -10 10 -12 15 14 -15 -16 16 -18 -19 -20
leaf_value=0.054148211360508652 -0.071478076679779956 0.055660693755478656 -0.07238773318954532 0.017734168536337577 -0.038146503277490557 0.014731355449884694 -0.052120520579213139 0.07551527268467155 0.020170929131078704 -0.041834783902504571 0.025952170774997757 -0.00098895058315841213 -0.0059368601659527823 0.00055441934798556691 -0.049512513621928711 0.019738422816408096 0.00028928406531752732 -0.01170707168830485 0.034564267473177306
leaf_weight=6.1263520328793666 3.7754128910601166 6.1141549164894959 4.0885504186153403 19.379589830743502 8.8412992954254133 145.1543117686233 6.5738883870653826 3.9427503049373609 4.329556442797184 18.357112797908488 5.8127652083057901 1715.6992698911417 66.642815618775785 210.05099751132366 10.387168265675426 33.25783908739686 4226.7857071163016 104.80584082275163 4.5237366580404341
leaf_count=34 19 33 19 105 43 755 33 17 23 91 34 9137 356 1042 71 156 20372 802 23
internal_value=-8.10427e-07 0.00858597 0.00109758 -0.00896161 0.000227359 -5.91237e-05 -0.0145445 0.010263 -0.0234149 -0.0317396 -0.0255323 4.61124e-05 0.00311134 0.00634781 -0.0118129 -0.000171779 0.000441122 -0.00160599 0.0536347
internal_weight=6604.65 44.5499 38.4358 32.3094 28.2209 6560.1 47.3152 19.3699 10.9034 27.9453 24.1699 6512.78 432.235 355.205 77.03 6080.55 4260.04 1820.51 8.46649
internal_count=33165 234 201 167 148 32931 240 96 56 144 125 32691 2224 1797 427 30467 20528 9939 40
is_linear=0
shrinkage=0.05


Tree=286
num_leaves=30
num_cat=0
split_feature=25 7 44 18 59 23 22 24 24 9 40 22 59 12 24 41 23 11 5 8 44 28 11 15 36 30 25 28 7
split_gain=1.28191 8.12652 8.91952 6.57224 5.77101 7.35717 5.93225 5.08223 7.28547 7.26129 4.34194 3.9176 3.69885 3.17768 3.08424 6.64532 7.74278 6.9686 5.67549 4.75235 4.10881 3.85163 7.06644 4.95501 3.3324 4.86193 3.69093 1.83429 1.56734
threshold=348.50000000000006 0.12250000000000001 0.49150000000000005 1.0000000180025095e-35 11.500000000000002 0.066999999999999962 0.5916666666666669 3.5455000000000005 2.7085000000000004 2.1835000000000004 0.78000000000000014 -0.5166666666666665 12.500000000000002 14.500000000000002 3.5295000000000001 0.44800000000000006 -1.0000000180025095e-35 6.5000000000000009 1.4035000000000002 0.25833333333333336 0.48650000000000004 0.25850000000000006 37.500000000000007 -1.0409999999999997 0.46650000000000008 1.5190000000000003 344.50000000000006 0.46550000000000008 0.14050000000000004
decision_type=2 2 2 2 2 2 2 2 2 2 2 2 2 2 2 2 2 2 2 2 2 2 2 2 2 2 2 2 2
left_child=14 2 4 13 6 -6 -2 8 -5 -9 11 -4 -12 -3 18 17 27 20 21 -18 -16 22 -1 -23 26 -26 -20 -17 -19
right_child=1 3 10 7 5 -7 -8 9 -10 -11 12 -13 -14 -15 15 16 19 28 24 -21 -22 23 -24 -25 25 -27 -28 -29 -30
leaf_value=-0.00161800664602266 -0.0075264929966980991 0.0070487002340407891 -0.011865606041152596 -0.0079023431544670338 -0.010539769100552142 0.034481819811643249 -0.065001287398693638 -0.034000741997372873 0.0030107630224322644 0.017459818731165578 -0.050604436229421436 0.033306951288284675 0.023553304468816105 0.058384585065790612 -0.015348660166485876 0.06216143157497607 -0.059253039733187088 0.026561297748834763 0.038895313217820124 0.0020315069159149539 0.049682488029340444 -0.009837684770972353 -0.021287541516658147 0.001098016584346237 -0.057401341289066814 -0.013486931011874726 -0.022214335729696173 0.0042017166023628266 0.057256208684717425
leaf_weight=1166.4435790688149 36.098736990243196 6.067944096401332 5.3420985881239167 390.08854694871115 17.610881093423814 18.719837121665478 5.1272379107540464 29.99598804814741 251.55336437374353 8.8855689167976362 3.4011019121389827 47.269359769998118 3.325701579451561 5.9903356730937958 10.646205047727561 6.6223731054924411 3.1919523291289797 6.3869876619428423 4.5611819718033058 352.92615638044663 3.1468758460832751 106.32446436956525 47.522033616900444 4018.4320328582835 9.3453980768099445 19.359283397439867 5.3917656056582928 1.7195111818145958 11.921177377924321
leaf_count=5560 239 37 58 1909 82 87 63 181 1132 51 26 290 15 27 108 72 24 43 23 2578 35 550 216 19473 53 100 31 34 68
internal_value=-9.08031e-07 -0.00183892 0.0092928 -0.0040392 -0.00187082 0.0126581 -0.0146746 -0.00468756 -0.0036239 -0.0222405 0.0238839 0.0287202 -0.0139412 0.0325514 0.000263138 0.00451851 0.0025976 0.0263276 -5.06797e-05 0.0014822 -0.000511877 8.75449e-05 -0.00238799 0.000816125 -0.0191399 -0.0277842 0.00579066 0.0502142 0.046548
internal_weight=6603.42 829.477 136.895 692.582 77.5567 36.3307 41.226 680.523 641.642 38.8816 59.3383 52.6115 6.7268 12.0583 5773.94 396.561 364.46 32.1012 5377.38 356.118 13.7931 5338.72 1213.97 4124.76 38.6576 28.7047 9.95295 8.34188 18.3082
internal_count=33165 4197 860 3337 471 169 302 3273 3041 232 389 348 41 64 28968 2962 2708 254 26006 2602 143 25799 5776 20023 207 153 54 106 111
is_linear=0
shrinkage=0.05


Tree=287
num_leaves=26
num_cat=0
split_feature=39 1 30 33 26 17 4 16 0 22 41 33 16 11 39 30 23 1 42 30 11 29 4 14 26
split_gain=1.29897 4.53475 6.60505 7.44854 6.14212 5.90706 6.09158 5.24566 5.07846 4.11327 3.17011 6.48632 7.10711 8.63662 6.23707 5.7183 8.26425 4.69158 3.17334 5.67175 9.83816 9.53123 3.22226 3.60755 3.15911
threshold=2.6790000000000003 20.500000000000004 1.6780000000000002 0.30200000000000005 0.13900000000000004 0.50850000000000006 0.59550000000000003 0.15200000000000002 2.5000000000000004 0.12222222222222222 0.50700000000000012 0.18500000000000003 0.63100000000000012 44.500000000000007 2.6560000000000001 1.3825000000000001 -0.12450000000000004 16.500000000000004 0.28850000000000003 1.4675000000000002 38.500000000000007 2.5935000000000006 2.5145000000000004 0.40600000000000008 0.17150000000000001
decision_type=2 2 2 2 2 2 2 2 2 2 2 2 2 2 2 2 2 2 2 2 2 2 2 2 2
left_child=10 2 3 8 -5 6 -3 -8 -2 -4 18 15 14 -14 -13 17 -17 -12 22 20 -20 -21 23 -1 -24
right_child=1 5 9 4 -6 -7 7 -9 -10 -11 11 12 13 -15 -16 16 -18 -19 19 21 -22 -23 24 -25 -26
leaf_value=-0.015336952241149882 0.025019158898116664 -0.052881116574428413 0.06084749442888792 0.011269417576945006 -0.020400019162526418 0.050074219342296868 -0.018947897612534043 0.0030116214468409105 -0.0034142467715992464 -0.0069655547823148228 0.015628651214292581 -0.0043938129552362586 0.03013083935002131 -0.012076911064473813 0.0082540658919517933 0.041340986244685324 0.0080973985560763607 -0.015686236456635617 -0.00010876506342443344 -0.024776027816093747 0.049206668145109593 -0.0030076203873514486 -0.015691466065034673 0.00027126681097889459 0.032526455790644358
leaf_weight=37.328116091521224 16.441438098903745 5.166443519294261 6.1065447106957418 17.731639530102257 112.10735111350368 6.2417310215532771 28.922668304294348 455.35720681864768 350.20093164002174 3.528094916488044 24.421666894573718 345.64197621971834 41.039785517845303 17.199206873774529 135.75762910999038 32.700603668577969 43.650028037343873 23.441336147487164 111.85259459435474 67.974451255984604 11.118465952575205 193.22292835800181 4.4674617045093354 4496.1216768142476 14.176036171149461
leaf_count=495 113 28 36 96 664 30 134 2092 1880 26 138 1682 246 77 666 159 225 110 564 329 50 944 65 22142 174
internal_value=-6.05235e-07 -0.00165882 -0.00498798 -0.00578368 -0.016075 0.00174037 0.00112399 0.00170013 -0.0021392 0.0360151 0.000296033 0.00353997 0.00116878 0.017666 -0.000827034 0.0138415 0.0223355 0.000291903 -0.000140227 -0.00450412 0.0043501 -0.00867267 0.000228059 0.00014275 0.0209722
internal_weight=6601.92 1001.8 506.116 496.481 129.839 495.688 489.446 484.28 366.642 9.63464 5600.11 663.852 539.639 58.239 481.4 124.214 76.3506 47.863 4936.26 384.168 122.971 261.197 4552.09 4533.45 18.6435
internal_count=33165 5099 2815 2753 760 2284 2254 2226 1993 62 28066 3303 2671 323 2348 632 384 248 24763 1887 614 1273 22876 22637 239
is_linear=0
shrinkage=0.05


Tree=288
num_leaves=26
num_cat=0
split_feature=32 39 11 24 40 21 21 22 17 4 29 5 13 21 40 36 32 42 1 40 11 4 39 12 39
split_gain=1.27866 4.42045 5.77209 6.01336 6.61779 6.07453 5.16903 4.96469 9.16766 6.17237 3.25405 5.39284 4.57334 7.65119 4.97888 4.54067 3.15622 7.82285 5.99423 2.94877 5.11374 4.11367 2.09635 1.4301 2.07618
threshold=0.39650000000000007 2.4980000000000007 2.5000000000000004 3.1255000000000002 0.70850000000000002 15.500000000000002 -29.499999999999996 0.51666666666666683 0.38700000000000007 1.3020000000000003 2.4950000000000006 1.5100000000000002 0.85950000000000004 9.5000000000000018 0.69400000000000006 0.33450000000000008 0.48750000000000004 0.20000000000000004 54.500000000000007 0.68900000000000006 38.500000000000007 0.34500000000000003 2.5030000000000006 2.5000000000000004 2.4395000000000002
decision_type=2 2 2 2 2 2 2 2 2 2 2 2 2 2 2 2 2 2 2 2 2 2 2 2 2
left_child=1 2 23 5 -5 -4 -3 9 -9 -8 11 12 14 -14 -2 -13 17 -12 -19 20 -18 -21 -17 24 -1
right_child=10 6 3 4 -6 -7 7 8 -10 -11 16 15 13 -15 -16 22 19 18 -20 21 -22 -23 -24 -25 -26
leaf_value=0.038280201937936631 0.020975161016191166 0.054849594156814167 -0.0063877121720827615 -0.01189504516590415 0.073938620666415059 -0.047735933274948822 -0.005503442396212057 0.0063026401297994611 0.065184539985102 0.0021350305069210754 0.070081968680283324 -0.018345080262957 0.0022144784534676542 0.016006737311969547 -0.0055097953798690152 -0.0030797326499605415 -0.0022936549809442677 -0.0052536129253004556 0.034726828944835607 -0.019263845808254253 -0.027507285553115227 0.00063898267441227111 0.058051892241800435 -0.063410768377474419 -0.06721409065212107
leaf_weight=0.95928503604954929 19.157045259693405 4.2519415915012351 174.87522813444957 4.2602594210766238 4.7487348169088364 9.3579095453023893 475.2920558110709 67.863104422693141 7.3239287051837882 596.24627246998716 3.5401088020298621 3.2735390476882449 791.92526743724011 115.17841957509518 240.72499777976918 1.6526547779794771 101.7454608361586 499.20492678706796 9.55459316074848 26.161656237316492 25.063563242554665 3403.6068165150646 9.2614083414664474 5.7174951527267694 0.90769299741077702
leaf_count=16 100 19 957 24 23 48 2657 415 39 2923 18 24 3836 503 1237 15 519 2413 41 391 111 16679 93 37 27
internal_value=-5.92189e-07 -0.00137191 -0.00821685 -0.00653751 0.0333488 -0.00848795 -0.000177586 -0.000381621 0.0120383 -0.00125309 0.000352501 0.00266287 0.00229035 0.00396573 -0.00355747 0.0333037 -0.000318186 -0.00398738 -0.00450277 0.000210335 -0.00727708 0.000487167 0.0487951 -0.0510041 -0.0130093
internal_weight=6601.85 1351.8 200.827 193.242 9.00899 184.233 1150.98 1146.73 75.187 1071.54 5250.05 1181.17 1166.99 907.104 259.882 14.1876 4068.88 512.3 508.76 3556.58 126.809 3429.77 10.9141 7.58447 1.86698
internal_count=33165 7185 1132 1052 47 1005 6053 6034 454 5580 25980 5808 5676 4339 1337 132 20172 2472 2454 17700 630 17070 108 80 43
is_linear=0
shrinkage=0.05


Tree=289
num_leaves=30
num_cat=0
split_feature=39 24 16 41 59 27 20 31 40 4 13 12 36 33 1 23 23 11 42 1 16 26 4 16 24 16 4 1 18
split_gain=1.29006 3.96406 6.90467 4.25243 6.25438 8.45416 6.1637 4.44922 6.31684 4.2224 3.9537 5.75325 4.72546 6.32114 5.40458 4.71888 5.04275 4.59355 6.87604 8.08753 8.03469 3.79774 3.74416 3.73316 7.44481 5.05695 3.33039 1.78642 0.354921
threshold=2.5845000000000007 3.3545000000000003 0.52500000000000013 0.48800000000000004 9.5000000000000018 0.27250000000000008 -12.499999999999998 0.59900000000000009 0.7400000000000001 2.0645000000000002 1.4915000000000003 29.500000000000004 0.42650000000000005 0.18500000000000003 3.5000000000000004 -0.10149999999999994 -0.46849999999999997 38.500000000000007 0.26950000000000007 45.500000000000007 0.48050000000000004 0.46550000000000008 0.54750000000000021 0.41900000000000004 2.2735000000000007 0.41550000000000004 0.7380000000000001 15.500000000000002 0.12222222222222222
decision_type=2 2 2 2 2 2 2 2 2 2 2 2 2 2 2 2 2 2 2 2 2 2 2 2 2 2 2 2 2
left_child=10 3 9 4 5 -2 -6 8 -5 21 17 12 14 -14 -12 16 -13 23 20 -20 -19 -3 -9 25 -25 -1 -4 -28 -11
right_child=1 2 26 7 6 -7 -8 22 -10 28 11 15 13 -15 -16 -17 -18 18 19 -21 -22 -23 -24 24 -26 -27 27 -29 -30
leaf_value=-0.00052400768893574293 -0.019855058937861925 -0.0067880359433653316 -0.017465566239285146 0.039456341887756222 -0.057776427653205342 0.0092854762821319471 -0.0018280517356621543 0.016652424730468376 0.0023655968564129447 0.028121242931015946 -0.032972480100974089 0.018915765782787919 0.028450106740327261 0.0032374828802704766 -0.0023561095453989104 -0.01334889914005445 0.07202010496637555 -0.023370971883871602 -0.0027466024776510631 0.060122979060746588 0.0029152535711662216 0.0047043381903421316 -0.00088177308191613986 -0.0023641981809822891 0.012265969105758849 -0.025673823124715386 0.019622211312252481 0.061391122629664466 0.05867791876363028
leaf_weight=1765.7613220920248 119.01427727347618 93.34010135603603 2.2763761524111024 16.737042143009603 4.9656143784523001 31.470979309931863 570.05130104348063 30.910886957361072 36.540348744019866 1.3304102756083001 16.411797831649892 11.837584674358371 25.587675986811519 874.04791995778214 118.4323828369379 5.5724167823791495 7.1830506175756463 79.306341044604778 18.354516141116623 7.0918036997318259 45.89304593205452 312.75960960763041 2021.9925929497695 176.27192105224822 171.61096362955868 20.216363467276096 3.7024993360973886 8.2947508543729764 3.3260735321091488
leaf_count=8997 685 710 18 92 21 203 2544 312 208 17 125 52 125 4325 552 25 32 362 85 31 207 1852 9512 1036 775 94 60 61 47
internal_value=-6.29141e-07 -0.000708917 0.00379368 -0.00138475 -0.00468612 -0.0137609 -0.0023112 -0.000247545 0.0140176 0.00260571 0.000689257 0.00321448 0.00264627 0.00395459 -0.00608241 0.0271156 0.0389704 -0.000481408 -0.00891966 0.0147749 -0.0137355 0.00206287 -0.000617758 0.000114314 0.00485288 -0.000808691 0.0379803 0.0485007 0.0499475
internal_weight=6600.29 3256.71 425.03 2831.68 725.502 150.485 575.017 2106.18 53.2774 410.756 3343.58 1059.07 1034.48 899.636 134.844 24.5931 19.0206 2284.51 150.646 25.4463 125.199 406.1 2052.9 2133.86 347.883 1785.98 14.2736 11.9973 4.65648
internal_count=33165 16342 2765 13577 3453 888 2565 10124 300 2626 16823 5236 5127 4450 677 109 84 11587 685 116 569 2562 9824 10902 1811 9091 139 121 64
is_linear=0
shrinkage=0.05


Tree=290
num_leaves=20
num_cat=0
split_feature=39 28 14 14 13 17 13 26 26 13 59 17 25 7 17 17 21 24 30
split_gain=1.26501 4.36654 4.10337 5.3576 5.649 4.48534 3.3379 3.69328 1.73281 7.75662 4.16738 3.6902 2.20283 9.59382 8.37908 7.38334 2.83679 2.63125 0.76089
threshold=2.7315000000000005 0.70950000000000013 1.9485000000000003 1.7925000000000002 1.2790000000000001 0.21550000000000002 1.4750000000000003 0.56050000000000011 0.73850000000000005 1.0930000000000002 25.500000000000004 0.19600000000000004 348.50000000000006 0.13150000000000003 0.12750000000000003 0.24550000000000002 41.500000000000007 3.5295000000000001 1.5395000000000001
decision_type=2 2 2 2 2 2 2 2 2 2 2 2 2 2 2 2 2 2 2
left_child=8 2 3 5 -5 -2 7 -4 12 10 11 -10 16 14 -14 -15 17 -1 -8
right_child=1 -3 6 4 -6 -7 18 -9 9 -11 -12 -13 13 15 -16 -17 -18 -19 -20
leaf_value=0.00018200212785579912 0.0024502250931411874 0.046634639488775879 -0.0072309360570927423 -0.013318879952550515 -0.069470166947326134 -0.012266580253423875 0.072648644084615951 0.037831252055045422 -0.021079441764080512 -0.04684556374536842 0.062667481271911796 0.029602956213431932 -0.0093893616598778821 0.00015045169806023674 0.017427636938770721 -0.010679143409226821 -0.036531959669342619 0.0045978273710288861 0.029359965701079418
leaf_weight=5174.5594270950023 119.66877079056576 4.2882068079779847 14.674311116337782 14.858814559876921 6.4119777455925933 91.253677960281493 2.5413817384978747 6.5885869816411278 5.4246618542820313 4.4850477501749983 5.570820376276969 10.627921143546699 41.459068650845438 328.1966139706783 97.937119952403009 302.40571375591389 5.184734806418418 360.87505957862595 1.690251341438852
leaf_count=25029 598 24 94 71 31 449 24 54 31 23 26 51 366 1537 488 1495 24 2724 26
internal_value=-5.68528e-07 -0.00340535 -0.00423807 -0.00632878 -0.0302454 -0.00391687 0.0148031 0.00673217 0.000140194 0.0129948 0.0254067 0.0124758 8.70114e-05 -0.00241886 0.00945175 -0.00504289 0.000435261 0.000469886 0.0553577
internal_weight=6598.7 261.976 257.688 232.193 21.2708 210.922 25.4945 21.2629 6336.73 26.1085 21.6234 16.0526 6310.62 769.999 139.396 630.602 5540.62 5535.43 4.23163
internal_count=33165 1371 1347 1149 102 1047 198 148 31794 131 108 82 31663 3886 854 3032 27777 27753 50
is_linear=0
shrinkage=0.05


Tree=291
num_leaves=23
num_cat=0
split_feature=44 5 24 11 18 27 40 40 39 30 17 44 2 3 24 3 17 42 41 36 39 24
split_gain=1.24482 3.40507 6.56177 5.53057 3.82401 4.98928 1.89181 5.09706 5.31409 6.45825 5.08731 4.58073 9.70795 11.112 6.14019 4.90603 8.40754 4.9446 3.45222 7.02346 6.69047 0.620597
threshold=0.42400000000000004 -1.1634999999999998 1.6980000000000002 37.500000000000007 0.76388888888888895 0.27050000000000007 0.72050000000000003 0.72550000000000014 2.6105000000000005 1.6370000000000002 0.23650000000000002 0.49150000000000005 25.500000000000004 1.6035000000000001 2.3745000000000007 0.74550000000000016 0.39650000000000007 0.26950000000000007 0.46050000000000008 0.50750000000000017 2.5370000000000004 1.4470000000000003
decision_type=2 2 2 2 2 2 2 2 2 2 2 2 2 2 2 2 2 2 2 2 2 2
left_child=1 -1 3 21 5 -4 11 8 9 -8 -10 15 14 -14 -13 16 -2 -17 19 -9 -20 -3
right_child=6 2 4 -5 -6 -7 7 18 10 -11 -12 12 13 -15 -16 17 -18 -19 20 -21 -22 -23
leaf_value=0.048587244195292395 -0.0052490438494503366 -0.040238796142697743 0.010294284660599055 0.024533659367718876 0.045998956611796905 -0.01864114819220308 0.0016186619918607912 -0.010137523759532528 0.040899897952548767 0.022252375496427442 0.0080115077580337254 -0.021406428409850443 0.026253211837497643 -0.024906313813541997 -0.0054177460743789979 -0.0013915716008341232 -0.04737066478385149 0.0051879201198712713 0.0071636142491041891 0.0028158987320085964 -0.00031217770754810817 -0.070877907944447205
leaf_weight=4.3381435251794747 128.86351588973776 2.6633876639534702 78.023276150226593 2.7379169017076492 5.9722337825223795 18.413507477845997 421.64080239384202 236.90613889798988 19.133043623063713 41.670691456529312 30.505467184397276 89.510279111258569 39.540808897465467 14.508590281009672 182.43094057857525 916.56198134017177 13.046096207224762 414.7752347427886 328.01941089335742 187.4428572847246 3416.2697374991621 4.3553262306377292
leaf_count=30 765 36 379 14 30 101 2123 1185 113 215 167 482 184 64 918 4531 132 2049 1642 935 17044 26
internal_value=-4.3238e-07 0.00512209 0.00344102 -0.0357395 0.0071738 0.00476939 -9.25184e-05 0.000437074 0.00514027 0.00347448 0.0206883 -0.00147051 -0.00683376 0.0125204 -0.0106805 -0.000283763 -0.00912139 0.000658255 -0.000141653 -0.00441576 0.000342741 -0.0592513
internal_weight=6597.33 116.504 112.166 9.75663 102.409 96.4368 6480.83 4681.59 512.95 463.311 49.6385 1799.24 325.991 54.0494 271.941 1473.25 141.91 1331.34 4168.64 424.349 3744.29 7.01871
internal_count=33165 616 586 76 510 480 32549 23424 2618 2338 280 9125 1648 248 1400 7477 897 6580 20806 2120 18686 62
is_linear=0
shrinkage=0.05


Tree=292
num_leaves=25
num_cat=0
split_feature=13 23 6 24 29 16 7 44 9 14 13 5 40 9 23 13 20 29 33 41 39 24 24 4
split_gain=1.24599 1.86461 1.69803 1.83247 1.45668 1.42603 6.6038 7.07389 8.74658 5.53259 4.05197 7.01148 6.92192 4.0904 3.30815 5.6715 3.24988 3.97787 2.88279 0.935108 0.508097 0.00821952 0.0032834 0.00133182
threshold=1.0000000180025095e-35 1.1670000000000005 0.66100000000000014 4.2580000000000009 2.1855000000000007 0.11300000000000002 0.40800000000000003 0.45550000000000007 1.3270000000000002 1.1405000000000001 0.59200000000000008 0.70200000000000007 0.77150000000000019 1.7070000000000001 -0.44400000000000001 1.1960000000000002 -14.499999999999998 2.8400000000000003 0.11550000000000001 0.52000000000000013 2.5235000000000003 3.3285000000000005 2.2405000000000004 2.4870000000000005
decision_type=2 2 2 2 2 2 2 2 2 2 2 2 2 2 2 2 2 2 2 2 2 2 2 2
left_child=1 21 -3 19 -5 6 7 8 -2 -9 11 12 -7 -13 20 -16 17 -12 -18 -4 -8 22 23 -1
right_child=5 2 3 4 -6 10 14 9 -10 -11 16 13 -14 -15 15 -17 18 -19 -20 -21 -22 -23 -24 -25
leaf_value=-0.050565465899720524 0.058934723395675161 0.026325333955375081 -0.054713523027406785 -0.07058448842933597 0.01929143966983643 -0.022526080673895291 -0.080803739025486654 0.035699028904008133 0.0095446351780912805 0.0014148459292248558 -0.055925230516688018 0.063952138377270859 0.040867363303769902 0.0041237008281731127 -0.014675930749772682 0.051956145831907274 -0.0091157312131313426 0.0097907478888676607 0.00018047879376442721 0.013921062853625953 -0.042886514247439042 -0.060510015188293187 -0.055367422097264557 -0.05659834681878563
leaf_weight=0.81868795809714301 12.874407492578028 2.869788983720353 3.1142771053127949 0.52756819408386979 3.099704906810075 67.093463274650276 1.6052376141888083 12.251360330730675 29.51185023819562 297.89424945565406 5.6532718725502473 3.2251816438511041 4.6013542469590893 25.016524316277355 46.718504836200736 3.4278462457587002 84.574167010840029 3.8854159712791443 5983.1524417777546 0.59033969417214383 1.9650841336697338 0.51434895396232594 1.0092951431870458 0.10299061983823776
leaf_count=241 69 32 124 7 100 486 18 96 186 1783 28 18 27 133 457 78 469 20 28734 14 24 4 16 1
internal_value=-5.59454e-07 -0.0156795 -0.00628006 -0.0190422 0.00621945 2.95603e-05 0.00289907 0.0053875 0.0245464 0.00276914 -0.000159155 -0.0101453 -0.0184575 0.0109561 -0.013432 -0.0101212 5.06105e-06 -0.029157 5.09049e-05 -0.0437764 -0.0599343 -0.0548933 -0.0533972 -0.0512396
internal_weight=6596.1 12.647 10.2017 7.33189 3.62727 6583.45 406.249 352.532 42.3863 310.146 6177.2 99.9365 71.6948 28.2417 53.7167 50.1464 6077.27 9.53869 6067.73 3.70462 3.57032 2.44532 1.93097 0.921679
internal_count=33165 539 277 245 107 32626 2711 2134 255 1879 29915 664 513 151 577 535 29251 48 29203 138 42 262 258 242
is_linear=0
shrinkage=0.05


Tree=293
num_leaves=27
num_cat=0
split_feature=30 7 21 7 20 40 17 25 40 39 42 25 4 3 6 5 36 59 30 28 17 23 19 42 18 11
split_gain=1.26563 5.09939 9.78543 6.60498 8.42316 6.57253 5.2258 5.20208 4.22087 4.2042 5.7755 4.48678 3.90459 5.91707 6.92786 7.22967 6.11608 5.81544 5.61126 5.14814 6.82076 8.55353 6.05824 5.68485 6.57086 4.34358
threshold=1.5015000000000003 0.054500000000000007 11.500000000000002 0.060500000000000005 2.5000000000000004 0.75050000000000006 0.54750000000000021 350.50000000000006 0.71850000000000003 2.4630000000000005 0.20650000000000002 350.50000000000006 0.94850000000000001 1.3920000000000001 0.66100000000000014 0.20350000000000004 0.42650000000000005 20.500000000000004 1.5025000000000002 0.37300000000000005 0.37700000000000006 0.19999999999999998 1.3655000000000002 0.27350000000000008 0.36666666666666675 42.500000000000007
decision_type=2 2 2 2 2 2 2 2 2 2 2 2 2 2 2 2 2 2 2 2 2 2 2 2 2 2
left_child=1 2 6 4 -3 8 7 -1 -4 10 -5 -11 19 14 15 -14 17 -15 -18 20 22 -22 -2 25 -25 -21
right_child=12 3 5 9 -6 -7 -8 -9 -10 11 -12 -13 13 16 -16 -17 18 -19 -20 23 21 -23 -24 24 -26 -27
leaf_value=-0.0062823993127471105 -0.0038199539274498383 0.084906859846302765 -0.047289060203349775 0.0052728316128802617 -0.0069901329951846409 -0.080445269712458883 0.054458032009382942 0.030191127810698271 0.01827526641732248 0.0022292411822467913 -0.010091666352052941 -0.0090847302899054339 -0.0012235501295273683 0.0064469961122781572 0.061017513792491797 -0.017488611358889374 -0.021009454419137385 0.048015774481602394 0.0027640389889703881 -0.0091717080267635608 -0.056341450989119524 -0.0083488219233305207 0.0074985907826702475 0.0075083676468769836 -0.033335524040459932 0.016151220521830933
leaf_weight=203.89236108853947 310.83868162729777 5.3245661556720716 5.2975771874189395 93.812530970273656 4.6897512078285217 6.9257765263319007 3.8211319083347908 10.268348640063776 4.5743877068161964 2443.6889428452414 175.74538015274447 90.887516253889771 1515.2994745945325 20.470922625856474 4.3793335519731036 71.545626353472471 25.371461130678654 14.284944534301756 1143.4466534152743 109.87305962674873 11.316563969317938 51.690775579743786 190.78767141513526 12.672731599566758 44.163187770638615 20.019467353820801
leaf_count=1597 1590 24 23 491 20 31 27 73 23 11851 894 432 7240 112 22 315 116 63 5930 614 91 275 904 89 230 88
internal_value=-7.02879e-07 0.000746293 -0.00633315 0.00133692 0.0418711 -0.0431049 -0.00349951 -0.00453361 -0.0169084 0.00119216 -0.00474446 0.00182353 -0.000642957 0.000217299 -0.00178357 -0.00195689 0.00286262 0.0235321 0.00224799 -0.0038428 -0.00146272 -0.0169686 0.000484921 -0.0110398 -0.0242285 -0.00526885
internal_weight=6595.09 3048.93 234.78 2814.15 10.0143 16.7977 217.982 214.161 9.87196 2804.13 269.558 2534.58 3546.16 2794.8 1591.22 1586.85 1203.57 34.7559 1168.82 751.362 564.634 63.0073 501.626 186.728 56.8359 129.893
internal_count=33165 15486 1774 13712 44 77 1697 1670 46 13668 1385 12283 17679 13798 7577 7555 6221 175 6046 3881 2860 366 2494 1021 319 702
is_linear=0
shrinkage=0.05


Tree=294
num_leaves=23
num_cat=0
split_feature=17 13 4 21 14 26 17 1 28 7 31 36 36 17 13 1 14 10 32 1 13 28
split_gain=1.22718 3.42443 3.56752 5.50617 2.11081 4.24268 2.05253 5.19211 5.23754 7.44604 6.46755 4.21886 1.67266 4.23164 5.996 5.29792 1.8629 3.72651 2.91121 0.592187 0.403731 0.217783
threshold=0.7320000000000001 1.7965000000000002 1.2455000000000003 5.5000000000000009 1.1960000000000002 0.37300000000000005 0.50850000000000006 26.500000000000004 0.39150000000000007 0.17500000000000002 0.7875000000000002 0.45350000000000007 0.32300000000000006 0.21550000000000002 1.2245000000000001 31.500000000000004 1.2155000000000002 8.5000000000000018 0.39450000000000007 4.5000000000000009 1.5965000000000003 0.46150000000000008
decision_type=2 2 2 2 2 2 2 2 2 2 2 2 2 2 2 2 2 2 2 2 2 2
left_child=6 2 3 20 5 -4 12 8 9 -8 -10 -9 13 14 -1 -15 17 -14 -18 21 -2 -3
right_child=1 19 4 -5 -6 -7 7 11 10 -11 -12 -13 16 15 -16 -17 18 -19 -20 -21 -22 -23
leaf_value=-0.022136517048850193 -0.059586226910065945 0.055062154055581285 0.064147056152423929 0.055512023727148488 -0.02705925059394167 -0.020787199202740397 0.025350137134982367 0.0046557257737151045 0.0067146104220281305 -0.019177599988199154 0.056892699043758779 0.071815749872151807 -0.00030842096987465672 0.02998319598441513 0.046724332787301773 -0.032983755163653553 -0.0020745991549823493 -0.0052467619470012291 0.0013668582833672243 0.10420594377629488 -0.10583727316329161 -0.0047772504069686361
leaf_weight=15.986024632817136 5.740939517359954 0.46354409988270961 2.8313594209030253 1.1532316226512191 3.9902765043079853 3.0587412156164646 12.711683116853235 4.1653445512056333 31.393884948221967 35.914907074766234 8.0731040020473284 5.3312911316752434 2380.7457415170502 24.763027570210401 3.9404646856710306 3.8614874705672255 786.77640939410776 455.02827868500026 2806.6067483389052 0.57305845618247986 0.51408467069268216 0.22627310629468411
leaf_count=91 266 38 22 9 21 23 68 20 177 221 46 24 11619 132 20 21 3927 2534 13861 3 3 19
internal_value=-7.22389e-07 -0.0128424 -0.0186484 -0.0448786 0.00101887 0.0200405 3.55091e-05 0.00723272 0.0034461 -0.00753742 0.0169787 0.0423585 -7.29208e-05 0.00917281 -0.00851928 0.0214889 -0.000142742 -0.00110083 0.000613346 0.0666407 -0.0633875 0.0354337
internal_weight=6593.85 18.5515 17.2886 7.40826 9.88038 5.8901 6575.3 97.5902 88.0936 48.6266 39.467 9.49664 6477.71 48.551 19.9265 28.6245 6429.16 2835.77 3593.38 1.26288 6.25502 0.689817
internal_count=33165 404 344 278 66 45 32761 556 512 289 223 44 32205 264 111 153 31941 14153 17788 60 269 57
is_linear=0
shrinkage=0.05


Tree=295
num_leaves=16
num_cat=0
split_feature=24 15 16 40 41 15 24 7 14 7 40 16 29 44 21
split_gain=1.22856 1.62866 4.40211 4.63831 4.95445 2.58133 3.26963 3.92566 1.53065 1.49972 5.07166 1.89574 0.887731 0.753305 0.00293264
threshold=5.5360000000000005 -1.6199999999999999 0.22900000000000004 0.69100000000000006 0.47400000000000003 -1.5109999999999999 3.4190000000000005 0.21950000000000003 2.3140000000000005 0.70700000000000007 0.70850000000000002 0.11300000000000002 2.1570000000000005 0.51250000000000007 5.5000000000000009
decision_type=2 2 2 2 2 2 2 2 2 2 2 2 2 2 2
left_child=1 2 3 -1 -5 6 -3 -8 -2 11 -11 -7 -10 14 -14
right_child=8 5 -4 4 -6 9 7 -9 12 10 -12 -13 13 -15 -16
leaf_value=0.056253307195278192 -0.07803155996519949 -0.0083462238243708197 0.05304650698751559 -0.036811756387847554 -0.0041102720558377588 0.0036147151031529108 0.01010140521795019 0.074393865427575367 -0.037280336433968615 0.039250777157783842 -0.027736671359979748 -0.00015759965952705698 0.050771728651603745 -0.0065015713365087647 0.053897557707378099
leaf_weight=2.4286139253526917 0.32716979086398978 6.1052046529948703 2.7868056166917077 16.892428580205888 36.846834377385676 352.13656037964392 5.389796316623686 4.2436951845884323 0.39266472251620133 3.5224061790795558 14.282429677739854 6142.88018732809 1.8529263617820113 0.66733923507854331 1.2610190371051428
leaf_count=18 6 30 27 145 311 2224 31 22 19 57 341 29666 200 39 29
internal_value=-7.95788e-07 -1.86384e-05 -0.00829184 -0.0113352 -0.0143897 5.60708e-05 0.0202808 0.0384232 0.0261124 7.19621e-06 -0.0144843 4.69217e-05 0.0342756 0.0417063 0.0520376
internal_weight=6592.02 6587.51 58.9547 56.1679 53.7393 6528.56 15.7387 9.63349 4.50112 6512.82 17.8048 6495.02 4.17395 3.78128 3.11395
internal_count=33165 32872 501 474 456 32371 83 53 293 32288 398 31890 287 268 229
is_linear=0
shrinkage=0.05


Tree=296
num_leaves=13
num_cat=0
split_feature=11 11 36 28 11 39 39 9 1 11 28 39
split_gain=1.22353 1.74713 4.06327 3.28369 2.12623 1.3339 4.0691 18.5652 4.408 3.98277 6.66588 3.93473
threshold=64.500000000000014 60.500000000000007 0.52400000000000013 0.62200000000000011 61.500000000000007 2.5845000000000007 2.5810000000000008 1.8685000000000003 57.500000000000007 48.500000000000007 0.30050000000000004 2.5875000000000008
decision_type=2 2 2 2 2 2 2 2 2 2 2 2
left_child=1 5 3 -3 -4 6 8 -8 -1 11 -11 -7
right_child=-2 2 4 -5 -6 9 7 -9 -10 10 -12 -13
leaf_value=0.00020931229268606518 -0.020356396578454301 -0.032031505232372408 0.060530768346540934 0.023953575644436523 0.016715143674586413 -0.0087943132987471483 0.020647126364761601 -0.040629760714159406 0.020215042248233072 0.064359292290973119 -0.010188313801329946 1.8228694669744988e-05
leaf_weight=3206.4562872539209 7.3738836497068396 6.1251687705516833 4.7118004783987981 4.5757198333740234 6.7144151479005814 132.34340742358472 78.394244467199314 14.674642879166639 27.772678229957819 3.0607272684574118 147.92464847117662 2951.529500728182
leaf_count=16171 34 27 22 20 32 664 393 84 124 14 649 14931
internal_value=-6.79046e-07 2.21178e-05 0.0140483 -0.00809218 0.0347833 -2.51774e-05 0.000677717 0.0109853 0.000381104 -0.000748157 -0.00867711 -0.000359959
internal_weight=6591.66 6584.28 22.1271 10.7009 11.4262 6562.16 3327.3 93.0689 3234.23 3234.86 150.985 3083.87
internal_count=33165 33131 101 47 54 33030 16772 477 16295 16258 663 15595
is_linear=0
shrinkage=0.05


Tree=297
num_leaves=29
num_cat=0
split_feature=42 59 1 27 7 36 34 3 1 26 15 2 16 30 59 44 39 27 41 18 22 2 23 18 1 39 19 13
split_gain=1.21535 3.16278 3.94951 9.38161 5.26998 4.54471 3.66391 3.27264 2.979 2.97039 5.57495 2.80206 1.91365 1.49436 4.30296 8.59842 9.61006 6.60777 5.34307 6.76007 6.05222 3.9107 7.88791 7.15015 5.82305 3.53429 5.7623 3.84784
threshold=0.32150000000000006 8.5000000000000018 33.500000000000007 0.23550000000000001 0.18900000000000003 0.39200000000000007 0.45900000000000007 1.1635000000000002 40.500000000000007 0.30250000000000005 0.13700000000000004 14.500000000000002 0.42600000000000005 1.5015000000000003 4.5000000000000009 0.49050000000000005 2.6060000000000003 0.20050000000000004 0.46050000000000008 0.36666666666666675 0.21111111111111114 3.5000000000000004 0.33299999999999991 0.29999999999999999 5.5000000000000009 2.5270000000000006 1.8545000000000003 1.2320000000000004
decision_type=2 2 2 2 2 2 2 2 2 2 2 2 2 2 2 2 2 2 2 2 2 2 2 2 2 2 2 2
left_child=13 7 5 4 -4 11 -7 12 -5 -9 -11 -3 -2 14 15 17 -17 -1 19 -16 -20 22 24 -24 -15 26 -23 -27
right_child=1 2 3 8 -6 6 -8 9 -10 10 -12 -13 -14 21 18 16 -18 -19 20 -21 -22 25 23 -25 -26 27 -28 -29
leaf_value=0.042486441866011332 -0.085407638397096863 -0.062933677281960657 -0.019289076594830555 -0.07070570518818238 0.043096963943440994 -0.0088020279862909504 0.015921848479375077 0.022519929446173176 -0.024863701536494167 -0.0019081087071808733 -0.085680250268554692 -0.0071814114046964868 -0.030199219928918955 0.011074255091985397 -0.0095025093388891643 0.022626847227647403 -0.0087401223359601515 -0.01779961656826631 0.00092960240501339768 0.0017074018891458235 0.0067755602230483991 0.0040383567509908718 0.0091849999746907336 -0.025991520806199715 0.046108166233216147 -0.0045798746325861166 -0.0058097679599536552 -0.00045909726044209963
leaf_weight=4.7424696699599727 2.5607000252057359 3.5983447730541211 6.7012545540928858 6.5411615371704084 6.8406533226370811 21.328577380627394 50.381193373352289 4.9122417850885531 7.7342203184962273 7.2041002812329662 2.7418896295130253 6.0309171676635742 4.055428663501516 77.824056457167899 230.09044943749905 43.012052047837642 56.487410492190975 109.31715458339022 1607.1933607565588 323.68445017561316 611.06441607000306 658.34183585178107 31.149209830968175 26.940027445321903 13.993465226143597 877.7125715687871 191.81150278169662 1597.6885928041302
leaf_count=42 22 22 33 29 32 109 236 37 37 54 16 30 31 925 1131 400 550 1066 7618 1569 2788 3052 528 229 90 4140 897 7452
internal_value=-6.2903e-07 -0.00477538 -0.0013246 -0.0175879 0.012225 0.00423732 0.00856825 -0.022316 -0.0458691 -0.00929106 -0.0250022 -0.0280154 -0.051567 9.59078e-05 0.000916329 -0.00592245 0.00481933 -0.015293 0.00144319 -0.00295026 0.00253999 -0.000608874 0.00729086 -0.0071288 0.0164136 -0.000964973 0.00181642 -0.00192022
internal_weight=6591.68 130.631 109.156 27.8173 13.5419 81.339 71.7098 21.4744 14.2754 14.8582 9.94599 9.62926 6.61613 6461.05 2985.59 213.559 99.4995 114.06 2772.03 553.775 2218.26 3475.46 149.907 58.0892 91.8175 3325.55 850.153 2475.4
internal_count=33165 688 528 131 65 397 345 160 66 107 70 52 53 32477 15164 2058 950 1108 13106 2700 10406 17313 1772 757 1015 15541 3949 11592
is_linear=0
shrinkage=0.05


Tree=298
num_leaves=23
num_cat=0
split_feature=22 27 44 13 29 23 11 4 18 18 19 11 1 4 7 33 30 19 23 31 12 7
split_gain=1.21332 4.56802 4.38669 4.48321 3.75656 3.69805 3.64877 2.94408 1.81295 6.6581 7.00248 13.0575 9.60077 4.5362 4.967 8.66017 6.1897 3.39993 3.33155 1.8008 1.56481 0.393333
threshold=-0.84999999999999998 0.27550000000000008 0.52150000000000019 2.6835000000000004 2.5430000000000006 -1.9719999999999998 8.5000000000000018 1.9835000000000003 0.78888888888888908 0.70000000000000007 1.9245000000000003 18.500000000000004 44.500000000000007 2.4045000000000001 0.093000000000000013 0.35700000000000004 1.5935000000000004 2.4320000000000004 -0.74749999999999983 0.7875000000000002 3.5000000000000004 0.16350000000000003
decision_type=2 2 2 2 2 2 2 2 2 2 2 2 2 2 2 2 2 2 2 2 2 2
left_child=1 2 3 4 -1 -3 19 -5 9 17 11 -11 -12 14 15 -10 -16 18 -2 -4 -7 -15
right_child=8 5 6 7 -6 20 -8 -9 13 10 12 -13 -14 21 16 -17 -18 -19 -20 -21 -22 -23
leaf_value=-0.056855358812207893 -0.0035893603870159304 -0.011244159531835666 0.010723060451064173 -0.074291108373828962 -0.01614552749147638 0.042761288963005045 0.059776353510510416 0.056752264975904104 -0.019087573824238129 0.015654960310077785 -0.0022219725530336926 -0.023262283693685253 0.073035945922939757 0.036326920610629441 0.0070495014054530961 0.02787106958504262 -0.005633662020635131 0.041199668958647073 0.00051825965079559317 -0.10400762872259882 0.1246811439410617 0.065521749711745764
leaf_weight=7.9193752771243515 546.17526937660296 1.9102891716174779 0.83180394466034957 0.51232017576694433 19.92182917217724 1.1995405133347952 3.2550276964902878 2.6230822347570211 54.262465765699744 26.715420305728912 134.84358804067597 111.54811060428619 4.3753179609775534 2.1560304379090658 393.02175208553672 11.987252391874788 127.37037579901516 5.0420490801334372 5131.5637517053146 0.58084409404546022 1.1340498179197309 2.4815768399275839
leaf_count=96 2661 35 34 3 212 37 18 122 288 131 695 506 19 24 1799 75 594 24 25746 21 5 20
internal_value=-6.66575e-07 -0.00869462 -0.0145331 -0.021342 -0.0277254 0.0403426 0.0306536 0.03534 5.22654e-05 -0.000209706 -0.00777238 -0.0157427 0.000143204 0.00269301 0.00230363 -0.0105909 0.00394519 0.000159569 0.000123123 -0.0364512 0.0825717 0.051949
internal_weight=6591.43 39.8882 35.6443 30.9766 27.8412 4.24388 4.66768 3.1354 6551.54 5960.26 277.482 138.264 139.219 591.279 586.642 66.2497 520.392 5682.78 5677.74 1.41265 2.33359 4.63761
internal_count=33165 583 506 433 308 77 73 125 32582 29782 1351 637 714 2800 2756 363 2393 28431 28407 55 42 44
is_linear=0
shrinkage=0.05


Tree=299
num_leaves=26
num_cat=0
split_feature=20 20 9 24 26 19 41 40 1 29 9 26 22 26 42 13 24 44 6 9 44 29 24 22 4
split_gain=1.19612 7.59325 8.9015 6.64924 11.443 7.39819 5.8787 10.1123 6.25669 5.62114 8.3858 6.00412 7.85536 5.33768 5.21066 5.19845 5.01793 4.07252 2.84483 10.3782 7.60879 0.797556 0.00355284 0.00105909 7.63029e-05
threshold=-6.4999999999999991 -5.4999999999999991 1.1190000000000004 2.0885000000000002 0.39050000000000007 0.81950000000000001 0.51450000000000007 0.75500000000000012 15.500000000000002 3.1160000000000001 2.2890000000000001 0.46550000000000008 0.51666666666666683 0.27750000000000008 0.28850000000000003 1.3870000000000002 4.0015000000000009 0.48650000000000004 0.64500000000000013 2.1890000000000005 0.51500000000000012 2.1065000000000005 4.2580000000000009 0.45555555555555566 1.0000000180025095e-35
decision_type=2 2 2 2 2 2 2 2 2 2 2 2 2 2 2 2 2 2 2 2 2 2 2 2 2
left_child=3 2 -2 4 5 13 8 -8 -4 11 14 12 -5 -1 -11 -13 18 -12 19 -3 -20 -18 -23 -6 -25
right_child=1 16 6 9 23 -7 7 -9 -10 10 17 15 -14 -15 -16 -17 21 -19 20 -21 -22 22 -24 24 -26
leaf_value=0.18308286454209008 -0.060229179817056888 -0.00030772979080927101 -0.0027815208915624359 -0.01219634337452196 -0.05419343172682433 0.24140755608783096 0.018193974228941229 -0.029300809837880123 0.017204505415336042 -0.026615793490218632 -0.0056548277198664836 0.0005704454488772966 0.0063844242508827049 -0.054366401825249315 0.01274225298140199 0.021951511086906021 -0.006984621243681881 0.050358467283809494 0.0013976108618645479 -0.068702480046478845 0.029684228545560645 0.055335690407333583 0.052641570583903841 -0.050227682524199062 -0.051653524149735876
leaf_weight=0.4128952128812664 4.6481827460229388 4813.2495623549839 50.206445564515889 205.49294567340985 0.77955070784082614 0.98981103161349893 21.153381200041622 23.835452139843255 177.96243467926979 59.61080458201468 6.4060869517270458 922.14193098759279 78.655003076652065 0.55454074102453887 9.7905960660427791 29.332857252680697 0.59918477304745366 6.5763348462060094 138.82299034623429 5.552872233092784 28.68602174334228 2.6792280646041036 2.2525605924311094 0.18230182654224336 0.19333974272012711
leaf_count=21 22 23753 314 1029 17 9 105 128 813 307 48 4548 566 28 54 192 9 73 757 31 150 39 96 49 7
internal_value=-5.93793e-07 0.00033667 0.00838217 -0.00134586 0.0716492 0.145303 0.00954969 -0.00696915 0.0128068 -0.00151824 -0.014164 -0.000675096 -0.007053 0.0469754 -0.0210635 0.0012296 -0.000111078 0.0227191 -0.000163875 -0.000386543 0.00624171 0.0474872 0.0541052 -0.0531425 -0.0509616
internal_weight=6590.77 5269.65 277.806 1321.12 3.11244 1.95725 273.158 44.9888 228.169 1318.01 82.3838 1235.62 284.148 0.967436 69.4014 951.475 4991.84 12.9824 4986.31 4818.8 167.509 5.53097 4.93179 1.15519 0.375642
internal_count=33165 26217 1382 6948 131 58 1360 233 1127 6817 482 6335 1595 49 361 4740 24835 121 24691 23784 907 144 135 73 56
is_linear=0
shrinkage=0.05


end of trees

feature_importances:
Column_24=569
Column_13=542
Column_4=537
Column_14=346
Column_3=295
Column_7=268
Column_40=240
Column_22=220
Column_1=216
Column_17=216
Column_21=201
Column_5=192
Column_15=183
Column_39=179
Column_8=175
Column_44=175
Column_18=168
Column_9=163
Column_28=151
Column_23=149
Column_26=146
Column_41=146
Column_30=142
Column_11=139
Column_36=136
Column_16=133
Column_42=133
Column_27=128
Column_19=125
Column_2=120
Column_20=117
Column_6=113
Column_32=104
Column_59=90
Column_25=89
Column_31=83
Column_29=77
Column_10=76
Column_33=74
Column_43=68
Column_0=45
Column_37=43
Column_34=42
Column_12=36
Column_35=26

parameters:
[boosting: gbdt]
[objective: binary]
[metric: binary_logloss]
[tree_learner: serial]
[device_type: cpu]
[data_sample_strategy: bagging]
[data: ]
[valid: ]
[num_iterations: 300]
[learning_rate: 0.05]
[num_leaves: 31]
[num_threads: 4]
[seed: 0]
[deterministic: 0]
[force_col_wise: 0]
[force_row_wise: 0]
[histogram_pool_size: -1]
[max_depth: 5]
[min_data_in_leaf: 20]
[min_sum_hessian_in_leaf: 0.001]
[bagging_fraction: 0.8]
[pos_bagging_fraction: 1]
[neg_bagging_fraction: 1]
[bagging_freq: 0]
[bagging_seed: 3]
[bagging_by_query: 0]
[feature_fraction: 0.8]
[feature_fraction_bynode: 1]
[feature_fraction_seed: 2]
[extra_trees: 0]
[extra_seed: 6]
[early_stopping_round: 0]
[early_stopping_min_delta: 0]
[first_metric_only: 0]
[max_delta_step: 0]
[lambda_l1: 0]
[lambda_l2: 0]
[linear_lambda: 0]
[min_gain_to_split: 0]
[drop_rate: 0.1]
[max_drop: 50]
[skip_drop: 0.5]
[xgboost_dart_mode: 0]
[uniform_drop: 0]
[drop_seed: 4]
[top_rate: 0.2]
[other_rate: 0.1]
[min_data_per_group: 100]
[max_cat_threshold: 32]
[cat_l2: 10]
[cat_smooth: 10]
[max_cat_to_onehot: 4]
[top_k: 20]
[monotone_constraints: ]
[monotone_constraints_method: basic]
[monotone_penalty: 0]
[feature_contri: ]
[forcedsplits_filename: ]
[refit_decay_rate: 0.9]
[cegb_tradeoff: 1]
[cegb_penalty_split: 0]
[cegb_penalty_feature_lazy: ]
[cegb_penalty_feature_coupled: ]
[path_smooth: 0]
[interaction_constraints: ]
[verbosity: -1]
[saved_feature_importance_type: 0]
[use_quantized_grad: 0]
[num_grad_quant_bins: 4]
[quant_train_renew_leaf: 0]
[stochastic_rounding: 1]
[linear_tree: 0]
[max_bin: 255]
[max_bin_by_feature: ]
[min_data_in_bin: 3]
[bin_construct_sample_cnt: 200000]
[data_random_seed: 1]
[is_enable_sparse: 1]
[enable_bundle: 1]
[use_missing: 1]
[zero_as_missing: 0]
[feature_pre_filter: 1]
[pre_partition: 0]
[two_round: 0]
[header: 0]
[label_column: ]
[weight_column: ]
[group_column: ]
[ignore_column: ]
[categorical_feature: ]
[forcedbins_filename: ]
[precise_float_parser: 0]
[parser_config_file: ]
[objective_seed: 5]
[num_class: 1]
[is_unbalance: 0]
[scale_pos_weight: 1]
[sigmoid: 1]
[boost_from_average: 1]
[reg_sqrt: 0]
[alpha: 0.9]
[fair_c: 1]
[poisson_max_delta_step: 0.7]
[tweedie_variance_power: 1.5]
[lambdarank_truncation_level: 30]
[lambdarank_norm: 1]
[label_gain: ]
[lambdarank_position_bias_regularization: 0]
[eval_at: ]
[multi_error_top_k: 1]
[auc_mu_weights: ]
[num_machines: 1]
[local_listen_port: 12400]
[time_out: 120]
[machine_list_filename: ]
[machines: ]
[gpu_platform_id: -1]
[gpu_device_id: -1]
[gpu_use_dp: 0]
[num_gpu: 1]

end of parameters

pandas_categorical:null
