event_id,actual_odd,total_goals,p_odd_from_correct_score,cs_lines,p_odd_oe_market,p_odd_exact_goals,p_over25,gap_cs_minus_oe,cs_pick_odd,oe_pick_odd
vf:match:1404278411,0,0,0.4949534172992863,16,0.48611111111111105,0.46926738737560114,0.5,0.008842306188175275,0,0
vf:match:1404278404,0,2,0.501942798246637,16,0.5,0.49400748656098503,0.56,0.001942798246637012,1,1
vf:match:1404278393,1,1,0.4630943030217684,16,0.45833333333333337,0.4416304343978804,0.527027027027027,0.004760969688435035,0,0
vf:match:1404278392,0,2,0.4955392833246901,16,0.48611111111111105,0.48675651089925903,0.42105263157894735,0.009428172213579056,0,0
vf:match:1404278391,0,4,0.5002593938533375,16,0.5,0.49855037822738363,0.44,0.0002593938533375084,1,1
vf:match:1404278385,0,2,0.4820639507045153,16,0.4722222222222222,0.4694782786833569,0.3974358974358974,0.009841728482293088,0,0
vf:match:1404278379,1,1,0.4879587428984012,16,0.4794520547945205,0.46797706341551437,0.6153846153846154,0.008506688103880666,0,0
vf:match:1404278378,1,3,0.48582752854441935,15,0.48611111111111105,0.4821199076446729,0.4666666666666667,-0.000283582566691698,0,0
vf:match:1404278373,0,2,0.5055449528264799,16,0.5,0.48776359495429156,0.6202531645569621,0.005544952826479932,1,1
vf:match:1404278369,1,5,0.5127616315795607,16,0.5138888888888888,0.5036761915632036,0.5135135135135135,-0.0011272573093281668,1,1
vf:match:1404278365,0,4,0.46759059250857793,16,0.4657534246575343,0.4554536195011585,0.4266666666666667,0.0018371678510436529,0,0
vf:match:1404278362,1,1,0.524722595191632,16,0.5277777777777778,0.5252769212384885,0.45945945945945943,-0.003055182586145788,1,1
vf:match:1404278358,1,3,0.47271156397336755,16,0.4794520547945205,0.46746035580555656,0.3373493975903614,-0.006740490821152967,0,0
vf:match:1404278357,0,6,0.5016271581536232,16,0.49315068493150677,0.4921249197768045,0.38961038961038963,0.008476473222116476,1,0
vf:match:1404278356,1,1,0.51840484727998,15,0.5068493150684932,0.5024531387518401,0.3536585365853659,0.011555532211486863,1,1
vf:match:1404278355,1,7,0.5034774793933856,16,0.5,0.48860547376624314,0.5466666666666666,0.0034774793933856074,1,1
vf:match:1404278354,0,2,0.5027251852068075,16,0.5138888888888888,0.4996256799201072,0.5921052631578947,-0.011163703682081305,1,1
vf:match:1404278353,1,1,0.48722800321832777,16,0.4657534246575343,0.4445666227451059,0.56,0.02147457856079349,0,0
vf:match:1404278350,0,0,0.5004643313260556,15,0.5,0.49310245098892647,0.26041666666666663,0.00046433132605561145,1,1
vf:match:1404278345,1,3,0.49692281735805627,16,0.48611111111111105,0.4833758382922452,0.5135135135135135,0.010811706246945219,0,0
vf:match:1404278343,0,2,0.5149107562984585,16,0.5068493150684932,0.49848323807613887,0.4864864864864864,0.008061441229965327,1,1
vf:match:1404278340,0,2,0.49409675051641233,16,0.48611111111111105,0.47676011339038266,0.43421052631578944,0.007985639405301281,0,0
vf:match:1404278339,0,2,0.4963443191220019,16,0.5,0.4943838571280019,0.42105263157894735,-0.003655680877998113,0,1
vf:match:1404278338,1,1,0.5370903828242867,15,0.5138888888888888,0.4976637485155068,0.5333333333333333,0.023201493935397832,1,1
vf:match:1404278337,1,1,0.4990050774852963,16,0.5,0.4905575364415209,0.44594594594594594,-0.0009949225147036778,0,1
vf:match:1404278335,1,1,0.4952886056802013,16,0.49315068493150677,0.48547235751708884,0.5,0.0021379207486945107,0,0
vf:match:1404278328,1,5,0.498965133446304,16,0.48611111111111105,0.4819820222037273,0.56,0.01285402233519295,0,0
vf:match:1404278326,1,3,0.49041139155261027,16,0.48611111111111105,0.4868400047624463,0.33333333333333337,0.004300280441499216,0,0
vf:match:1404278324,0,2,0.5034006087360688,16,0.5,0.47548387811753795,0.5333333333333333,0.003400608736068844,1,1
vf:match:1404278322,0,2,0.5046270146653117,16,0.5,0.4924075209620047,0.56,0.0046270146653116795,1,1
vf:match:1404278321,0,0,0.4969009338922592,16,0.5,0.4952812317606382,0.29545454545454547,-0.0030990661077408,0,1
vf:match:1404278316,1,3,0.5127003970035261,16,0.5068493150684932,0.493903235142378,0.5,0.00585108193503292,1,1
vf:match:1404278311,1,1,0.4696153964099424,16,0.4722222222222222,0.4684225241923753,0.33333333333333337,-0.002606825812279834,0,0
vf:match:1404278302,1,3,0.49867547557280717,16,0.5,0.49437945168036285,0.3670886075949367,-0.0013245244271928303,0,1
vf:match:1404278300,0,4,0.5100796507225089,16,0.5138888888888888,0.49656427149301063,0.5405405405405405,-0.0038092381663799024,1,1
vf:match:1404278297,1,1,0.4699422793665686,16,0.4722222222222222,0.4472597478256535,0.5733333333333334,-0.002279942855653583,0,0
vf:match:1404278293,1,5,0.4993583658266535,16,0.48611111111111105,0.47170370093447367,0.5733333333333334,0.013247254715542445,0,0
vf:match:1404278292,0,2,0.48007000511097137,16,0.48611111111111105,0.47820072838631283,0.313953488372093,-0.006041106000139684,0,0
vf:match:1404278291,0,0,0.5283334600813766,16,0.5277777777777778,0.5219471927453684,0.44594594594594594,0.0005556823035988145,1,1
vf:match:1404278273,1,3,0.497386804852211,16,0.48611111111111105,0.4840508199033154,0.5135135135135135,0.011275693741099935,0,0
vf:match:1404278269,1,3,0.5395390899443274,16,0.5277777777777778,0.5265310462188616,0.5,0.011761312166549631,1,1
vf:match:1404278263,0,2,0.4639516284089413,16,0.4657534246575343,0.46241568361259405,0.3373493975903614,-0.0018017962485930017,0,0
vf:match:1404278258,1,1,0.5124672239047917,16,0.5138888888888888,0.5137828854498566,0.36250000000000004,-0.0014216649840971263,1,1
vf:match:1404278257,1,1,0.47940643857422494,16,0.4794520547945205,0.4679917556144077,0.45945945945945943,-4.561622029558565e-05,0,0
vf:match:1404278249,1,3,0.5055343982316277,16,0.48611111111111105,0.4875396796656923,0.5135135135135135,0.019423287120516664,1,0
vf:match:1404278243,0,4,0.5250919406986629,16,0.5205479452054794,0.5082422304831458,0.5466666666666666,0.004543995493183517,1,1
vf:match:1404278242,0,2,0.510661876065903,16,0.5138888888888888,0.5069386423096695,0.43421052631578944,-0.0032270128229858752,1,1
vf:match:1404278241,0,0,0.5105621624583542,16,0.5,0.5014002442279036,0.4266666666666667,0.010562162458354174,1,1
vf:match:1404278235,0,4,0.49528707784054393,16,0.5,0.48507765366343747,0.5405405405405405,-0.004712922159456068,0,1
vf:match:1404278233,1,3,0.5120633799250083,16,0.5,0.49859377940153254,0.5066666666666666,0.012063379925008277,1,1
vf:match:1404278232,0,4,0.4850719600206642,16,0.49315068493150677,0.4685232673040877,0.5974025974025974,-0.00807872491084255,0,0
vf:match:1404278221,0,2,0.47789466815328635,16,0.4722222222222222,0.46715144721920193,0.32941176470588235,0.005672445931064141,0,0
vf:match:1404278216,0,0,0.4648340798811802,16,0.4657534246575343,0.45771297006907147,0.4266666666666667,-0.0009193447763540807,0,0
vf:match:1404278215,0,0,0.5496093552838268,15,0.5277777777777778,0.5212379601563807,0.5733333333333334,0.021831577506049027,1,1
vf:match:1404278214,1,5,0.5228326736304036,16,0.5138888888888888,0.49314358127084884,0.6329113924050633,0.008943784741514804,1,1
vf:match:1404278209,0,2,0.5283504892085197,16,0.5,0.4942958169324171,0.527027027027027,0.02835048920851968,1,1
vf:match:1404278198,0,2,0.4757380062100738,16,0.4722222222222222,0.46406452310115154,0.56,0.003515783987851573,0,0
vf:match:1404278196,0,4,0.48667439637098964,16,0.4794520547945205,0.45906935426801454,0.5405405405405405,0.007222341576469116,0,0
vf:match:1404278195,0,2,0.48082880775754305,16,0.48611111111111105,0.4706060510203601,0.4078947368421052,-0.005282303353567996,0,0
vf:match:1404278194,0,2,0.47299919159173703,16,0.4794520547945205,0.47403531798532234,0.36250000000000004,-0.006452863202783488,0,0
vf:match:1404278193,0,2,0.4481295005914582,16,0.452054794520548,0.42919047134076027,0.56,-0.0039252939290898015,0,0
vf:match:1404278190,1,1,0.5363240231461703,16,0.5277777777777778,0.5137848861534078,0.5466666666666666,0.008546245368392547,1,1
vf:match:1404278189,0,2,0.47269121400061165,16,0.45833333333333337,0.44438830162945353,0.5135135135135135,0.014357880667278278,0,0
vf:match:1404272370,1,3,0.491664889944972,15,0.48611111111111105,0.4770179203587315,0.43421052631578944,0.005553778833860934,0,0
vf:match:1404272369,0,2,0.5082453681681651,16,0.5,0.5015241562201667,0.47297297297297297,0.008245368168165124,1,1
vf:match:1404272368,0,2,0.4986745412259216,16,0.49315068493150677,0.47548387811753795,0.5333333333333333,0.0055238562944148195,0,0
vf:match:1404272365,0,4,0.5056805575926131,16,0.48611111111111105,0.47439732214933206,0.6153846153846154,0.01956944648150205,1,0
vf:match:1404272364,1,1,0.5100061389512699,16,0.5068493150684932,0.5025023786133651,0.4025974025974026,0.003156823882776716,1,1
vf:match:1404272361,0,0,0.47635977719498546,16,0.48611111111111105,0.4769546579072673,0.4533333333333333,-0.009751333916125593,0,0
vf:match:1404272358,1,5,0.5503677150251554,16,0.5205479452054794,0.5038485630900329,0.5974025974025974,0.029819769819675934,1,1
vf:match:1404272348,0,4,0.5091993188388092,16,0.5,0.4871208421314393,0.5789473684210527,0.0091993188388092,1,1
vf:match:1404272347,0,2,0.47170077130035154,16,0.4722222222222222,0.4703334139070613,0.44,-0.0005214509218706698,0,0
vf:match:1404272343,0,6,0.5153142394934473,16,0.49315068493150677,0.48682666459116364,0.49333333333333335,0.02216355456194058,1,0
vf:match:1404272342,0,4,0.4988419101835696,16,0.48611111111111105,0.4656240587744146,0.56,0.012730799072458554,0,0
vf:match:1404272331,1,3,0.49908284562731287,16,0.49315068493150677,0.4813287825497356,0.5466666666666666,0.005932160695806099,0,0
vf:match:1404272326,0,2,0.48171261535372256,16,0.4722222222222222,0.46333955203375365,0.44,0.009490393131500352,0,0
vf:match:1404272320,1,1,0.5026595128912487,16,0.5138888888888888,0.4729900068056643,0.6585365853658537,-0.011229375997640179,1,1
vf:match:1404272319,0,4,0.4999768344330798,16,0.5,0.4839774971394418,0.5657894736842105,-2.3165566920224645e-05,0,1
vf:match:1404272316,0,2,0.48218460368625415,16,0.48611111111111105,0.46506479416871804,0.5974025974025974,-0.003926507424856895,0,0
vf:match:1404272315,0,6,0.49285622169230847,16,0.48611111111111105,0.4725129009873716,0.4666666666666667,0.006745110581197422,0,0
vf:match:1404272314,1,1,0.528860629067063,16,0.5205479452054794,0.519941360719153,0.35802469135802467,0.00831268386158357,1,1
vf:match:1404272310,1,3,0.48594582405367553,16,0.48611111111111105,0.47916562680745,0.5466666666666666,-0.00016528705743551475,0,0
vf:match:1404272306,0,4,0.4951830396663388,16,0.48611111111111105,0.4707543109575867,0.5,0.00907192855522776,0,0
vf:match:1404272300,0,2,0.4882777935257873,16,0.48611111111111105,0.4896469031290348,0.36250000000000004,0.0021666824146762687,0,0
vf:match:1404272296,1,1,0.5087441054640504,16,0.5,0.4890897501568542,0.6202531645569621,0.008744105464050356,1,1
vf:match:1404272291,1,1,0.5026927692806469,16,0.5068493150684932,0.4969938035931728,0.38461538461538464,-0.0041565457878463,1,1
vf:match:1404272285,0,6,0.5033303475555047,16,0.5,0.4927619773510222,0.56,0.0033303475555046536,1,1
vf:match:1404272279,0,4,0.5261239962134863,16,0.5068493150684932,0.5023754677505705,0.5,0.01927468114499309,1,1
vf:match:1404272277,1,1,0.49376100737967504,16,0.49315068493150677,0.48264504812076625,0.5466666666666666,0.0006103224481682767,0,0
vf:match:1404272274,1,1,0.5087273111192459,16,0.5138888888888888,0.5041337691726483,0.3414634146341463,-0.005161577769642989,1,1
vf:match:1404272273,1,1,0.512458177942082,16,0.5,0.5036098278209873,0.4533333333333333,0.012458177942082038,1,1
vf:match:1404272261,1,3,0.4946428998035095,16,0.5,0.4921689623130973,0.4078947368421052,-0.005357100196490494,0,1
vf:match:1404272258,1,1,0.5100489812010619,16,0.5,0.49090971473152734,0.5405405405405405,0.010048981201061902,1,1
vf:match:1404272257,1,3,0.4978157036212736,16,0.5,0.4876087109313474,0.4533333333333333,-0.0021842963787264136,0,1
vf:match:1404272252,0,2,0.5448736430961122,15,0.5277777777777778,0.5182631803079101,0.5733333333333334,0.017095865318334402,1,1
vf:match:1404272249,1,3,0.5301924100192419,16,0.5068493150684932,0.5020373933477369,0.5135135135135135,0.02334309495074871,1,1
vf:match:1404272247,0,0,0.5357956689655207,15,0.5068493150684932,0.4951079231321222,0.527027027027027,0.028946353897027488,1,1
vf:match:1404272236,1,3,0.4982805898322597,16,0.5,0.4907230415919967,0.5405405405405405,-0.0017194101677402984,0,1
vf:match:1404272230,1,3,0.5110907326107353,16,0.5,0.472152798755233,0.6375000000000001,0.011090732610735343,1,1
vf:match:1404272228,0,2,0.5011911075251824,16,0.5138888888888888,0.4983360931516822,0.5921052631578947,-0.012697781363706473,1,1
vf:match:1404272225,1,1,0.49239431681634205,15,0.4794520547945205,0.4691959758260315,0.41558441558441556,0.012942262021821527,0,0
vf:match:1404272219,1,1,0.5018152096831723,16,0.5138888888888888,0.5027426779104746,0.3670886075949367,-0.012073679205716559,1,1
vf:match:1404272217,0,0,0.49652698300625525,16,0.5,0.491073228853671,0.41558441558441556,-0.0034730169937447486,0,1
vf:match:1404272213,1,3,0.46767335271808325,16,0.4722222222222222,0.4684225241923753,0.33333333333333337,-0.004548869504138964,0,0
vf:match:1404272201,1,1,0.47736445566710173,16,0.48611111111111105,0.4823166300131198,0.527027027027027,-0.008746655444009321,0,0
vf:match:1404272197,1,1,0.500618703296257,16,0.5,0.4942305496872087,0.49333333333333335,0.0006187032962570171,1,1
vf:match:1404272195,1,5,0.505097011430393,16,0.5138888888888888,0.49594202416672406,0.5,-0.008791877458495856,1,1
vf:match:1404272194,1,1,0.48794100461547424,14,0.48611111111111105,0.4840363813407784,0.3068181818181818,0.0018298935043631892,0,0
vf:match:1404272192,1,1,0.4613669565773997,16,0.45833333333333337,0.44387190830063783,0.527027027027027,0.003033623244066308,0,0
vf:match:1404272184,0,4,0.5606934994124482,16,0.5342465753424658,0.5235832078864368,0.527027027027027,0.02644692406998239,1,1
vf:match:1404272169,0,2,0.5057037526086452,16,0.48611111111111105,0.46797842763476105,0.625,0.019592641497534147,1,0
vf:match:1404272167,1,1,0.5144188368074768,16,0.5068493150684932,0.4934646719557167,0.5,0.00756952173898362,1,1
vf:match:1404272157,0,4,0.49696332419420386,16,0.5138888888888888,0.48640564164548,0.56,-0.01692556469468498,0,1
vf:match:1404272149,1,3,0.4979455716846804,16,0.48611111111111105,0.4849714221983716,0.5066666666666666,0.01183446057356935,0,0
vf:match:1404272146,0,4,0.4724879475767577,16,0.4794520547945205,0.4745344332603396,0.36250000000000004,-0.006964107217762805,0,0
vf:match:1404272137,0,4,0.4907451715934125,16,0.4794520547945205,0.47211945330604843,0.5,0.011293116798892,0,0
vf:match:1404272135,1,1,0.5033671220052108,16,0.5,0.48860547376624314,0.5466666666666666,0.003367122005210832,1,1
vf:match:1404269044,1,3,0.4702352511012854,16,0.45833333333333337,0.4398382534753619,0.5135135135135135,0.01190191776795202,0,0
vf:match:1404269041,0,2,0.4731220854465033,16,0.4722222222222222,0.46223974455051975,0.56,0.0008998632242810944,0,0
vf:match:1404269040,1,1,0.5185238317011915,16,0.5138888888888888,0.5117031103086741,0.38461538461538464,0.0046349428123027,1,1
vf:match:1404269037,0,2,0.5025694267693319,16,0.5,0.49557757591948803,0.35802469135802467,0.0025694267693319173,1,1
vf:match:1404269031,1,3,0.48944645603190773,16,0.49315068493150677,0.49063614744351963,0.36250000000000004,-0.003704228899599038,0,0
vf:match:1404269029,0,2,0.47254061616804466,16,0.4794520547945205,0.46380454132689725,0.56,-0.006911438626475863,0,0
vf:match:1404269027,0,2,0.5078775574330576,16,0.5,0.502357355448867,0.47297297297297297,0.007877557433057625,1,1
vf:match:1404269026,0,4,0.5001569164475845,16,0.48611111111111105,0.4671808843840331,0.56,0.014045805336473483,1,0
vf:match:1404269025,0,2,0.4881094072448773,16,0.4657534246575343,0.44579658143570194,0.56,0.022355982587343004,0,0
vf:match:1404269023,0,0,0.4833365779010834,16,0.4722222222222222,0.4680528449145761,0.38961038961038963,0.01111435567886121,0,0
vf:match:1404269019,0,2,0.5001180765335506,16,0.5138888888888888,0.4954331703522761,0.5844155844155844,-0.01377081235533828,1,1
vf:match:1404269016,0,0,0.5033671220052108,16,0.5,0.48860547376624314,0.5466666666666666,0.003367122005210832,1,1
vf:match:1404269009,0,4,0.5154716918934557,16,0.5068493150684932,0.4934646719557167,0.5,0.008622376824962474,1,1
vf:match:1404269007,1,3,0.5135011859185058,16,0.5138888888888888,0.5155852814794073,0.36250000000000004,-0.00038770297038304147,1,1
vf:match:1404269004,1,3,0.48270145944817267,16,0.48611111111111105,0.47837660480464145,0.4533333333333333,-0.0034096516629383844,0,0
vf:match:1404269000,0,2,0.5346741492055205,15,0.5138888888888888,0.5100268855023327,0.4266666666666667,0.020785260316631637,1,1
vf:match:1404268998,0,4,0.511292946698494,16,0.5138888888888888,0.49475388749320953,0.5844155844155844,-0.0025959421903948288,1,1
vf:match:1404268996,0,2,0.4941964690759482,15,0.48611111111111105,0.4692684466540438,0.45945945945945943,0.00808535796483717,0,0
vf:match:1404268993,0,2,0.5036129841980871,16,0.5,0.49245877065152915,0.56,0.003612984198087088,1,1
vf:match:1404268982,1,3,0.4951830396663388,16,0.48611111111111105,0.4707543109575867,0.5,0.00907192855522776,0,0
vf:match:1404268981,0,2,0.556201574551486,16,0.5342465753424658,0.5212644933351744,0.527027027027027,0.02195499920902022,1,1
vf:match:1404268978,1,1,0.485413756320492,16,0.4794520547945205,0.4681487061268442,0.4666666666666667,0.0059617015259714745,0,0
vf:match:1404268976,0,4,0.4383330984879248,16,0.4383561643835617,0.4189200675554816,0.6375000000000001,-2.306589563688677e-05,0,0
vf:match:1404268974,1,1,0.4771761194088932,16,0.4794520547945205,0.46913527934122207,0.3373493975903614,-0.0022759353856273146,0,0
vf:match:1404268968,0,2,0.514198478554581,16,0.48611111111111105,0.48682666459116364,0.4864864864864864,0.028087367443469957,1,0
vf:match:1404268967,1,3,0.4801650950309135,16,0.4794520547945205,0.4674075423574422,0.5199999999999999,0.0007130402363929589,0,0
vf:match:1404268963,0,2,0.48171261535372256,16,0.4722222222222222,0.46333955203375365,0.44,0.009490393131500352,0,0
vf:match:1404268961,0,2,0.500277349543238,16,0.49315068493150677,0.48750601520844933,0.5135135135135135,0.007126664611731226,1,0
vf:match:1404268955,1,1,0.48086314112974826,16,0.4722222222222222,0.47093096650773464,0.32941176470588235,0.008640918907526052,0,0
vf:match:1404268954,0,2,0.4730771108649936,16,0.4722222222222222,0.4643896713919782,0.41558441558441556,0.0008548886427713898,0,0
vf:match:1404268944,0,2,0.4680934449861575,16,0.4657534246575343,0.45998632938824296,0.38961038961038963,0.002340020328623238,0,0
vf:match:1404268941,1,1,0.5072580758177954,16,0.5068493150684932,0.5050685243904498,0.43421052631578944,0.00040876074930218387,1,1
vf:match:1404268940,0,2,0.5025134090974752,16,0.5,0.488350070798521,0.4666666666666667,0.0025134090974752166,1,1
vf:match:1404268939,0,2,0.524266410708918,16,0.5138888888888888,0.509532894116823,0.3974358974358974,0.010377521820029156,1,1
vf:match:1404268930,0,2,0.4995657553731724,16,0.4794520547945205,0.4706010636511373,0.45945945945945943,0.02011370057865186,0,0
vf:match:1404268929,0,4,0.5499414731791297,16,0.5205479452054794,0.5051240262794723,0.5974025974025974,0.029393527973650246,1,1
vf:match:1404268927,0,4,0.5040951613282286,16,0.5,0.48447733284587835,0.5921052631578947,0.004095161328228625,1,1
vf:match:1404268924,0,2,0.4958743886699053,16,0.48611111111111105,0.4829928305751711,0.5066666666666666,0.009763277558794248,0,0
vf:match:1404268920,1,3,0.5247466093443794,16,0.5068493150684932,0.5023754677505705,0.5,0.017897294275886266,1,1
vf:match:1404268918,0,2,0.5026595128912487,16,0.5138888888888888,0.4729900068056643,0.6585365853658537,-0.011229375997640179,1,1
vf:match:1404268914,1,1,0.5125246883212368,16,0.5138888888888888,0.5082176471951674,0.4864864864864864,-0.001364200567652074,1,1
vf:match:1404268913,0,2,0.49934743577926916,16,0.5,0.4968112634805404,0.42105263157894735,-0.0006525642207308446,0,1
vf:match:1404268907,1,3,0.4993493269080764,16,0.49315068493150677,0.47413901112321716,0.5333333333333333,0.006198641976569608,0,0
vf:match:1404268906,1,3,0.4911216620874458,16,0.49315068493150677,0.48265084114520257,0.5466666666666666,-0.002029022844060979,0,0
vf:match:1404268901,0,2,0.4907451715934125,16,0.4794520547945205,0.47211945330604843,0.5,0.011293116798892,0,0
vf:match:1404268880,0,4,0.5019922506002041,16,0.5,0.4964276736473603,0.375,0.0019922506002041374,1,1
vf:match:1404268874,0,4,0.4717038988736012,16,0.4794520547945205,0.46923757062512994,0.5405405405405405,-0.00774815592091932,0,0
vf:match:1404268871,1,1,0.5376920682501537,16,0.5277777777777778,0.5155953801840466,0.5466666666666666,0.009914290472375908,1,1
vf:match:1404268870,1,5,0.5644994717312304,16,0.5416666666666666,0.5220195042733207,0.6025641025641025,0.022832805064563755,1,1
vf:match:1404268868,1,3,0.517202960019948,16,0.5068493150684932,0.5046174324499428,0.5844155844155844,0.010353644951454855,1,1
vf:match:1404268866,0,4,0.5336710778659176,16,0.5138888888888888,0.5175392340655403,0.43421052631578944,0.01978218897702877,1,1
vf:match:1404268862,1,1,0.527053128922106,16,0.5277777777777778,0.5220794208921739,0.44,-0.0007246488556718056,1,1
vf:match:1404268856,1,7,0.4837906279045393,16,0.4794520547945205,0.4309104942336781,0.717391304347826,0.004338573110018784,0,0
vf:match:1404268855,0,2,0.49235935891626914,15,0.4794520547945205,0.4691959758260315,0.41558441558441556,0.01290730412174862,0,0
vf:match:1404268852,0,2,0.5104506948979619,16,0.5138888888888888,0.49606799939403057,0.6463414634146342,-0.00343819399092693,1,1
vf:match:1404268850,0,2,0.5004443065327501,16,0.5068493150684932,0.5017763627887312,0.45945945945945943,-0.006405008535743106,1,1
vf:match:1404268846,0,2,0.4819183635856495,16,0.48611111111111105,0.47115079958933814,0.41558441558441556,-0.00419274752546156,0,0
vf:match:1404268845,0,0,0.47427946204889665,16,0.4722222222222222,0.4706694307168125,0.375,0.0020572398266744396,0,0
vf:match:1404268836,1,1,0.5073773830681293,16,0.5138888888888888,0.5006469839390439,0.4533333333333333,-0.006511505820759544,1,1
vf:match:1404268824,1,3,0.5012572319762318,16,0.5,0.5026541758423007,0.3414634146341463,0.001257231976231843,1,1
vf:match:1404268822,0,0,0.4970362798577626,16,0.48611111111111105,0.47666091051605364,0.5657894736842105,0.010925168746651559,0,0
vf:match:1404268817,1,3,0.4786171204226214,16,0.4722222222222222,0.44433545022323234,0.6329113924050633,0.0063948982003991794,0,0
vf:match:1404268816,0,4,0.510310335460124,16,0.5,0.48880638742576143,0.5135135135135135,0.010310335460124054,1,1
vf:match:1404268815,0,2,0.4756290007190638,16,0.48611111111111105,0.4781715018634582,0.35802469135802467,-0.010482110392047272,0,0
vf:match:1404263457,1,3,0.4823185799623305,16,0.4722222222222222,0.4719732797801501,0.33333333333333337,0.010096357740108308,0,0
vf:match:1404263449,0,2,0.4890862225567579,15,0.4794520547945205,0.4681239871768447,0.41558441558441556,0.009634167762237356,0,0
vf:match:1404263448,0,6,0.5167037878958294,16,0.5068493150684932,0.49245113187499234,0.5,0.009854472827336203,1,1
vf:match:1404263447,1,3,0.5164758184341934,16,0.5,0.4986116385807767,0.5135135135135135,0.016475818434193434,1,1
vf:match:1404263446,0,0,0.4994563463563917,16,0.5,0.4970328904677954,0.4864864864864864,-0.0005436536436083106,0,1
vf:match:1404263433,0,2,0.5043513733820953,16,0.49315068493150677,0.4785001335670727,0.5657894736842105,0.01120068845058858,1,0
vf:match:1404263432,0,4,0.4945746105213037,16,0.49315068493150677,0.48982222367101363,0.36250000000000004,0.001423925589796926,0,0
vf:match:1404263425,0,2,0.5112861647722043,16,0.5138888888888888,0.4936403142955884,0.5789473684210527,-0.002602724116684496,1,1
vf:match:1404263423,1,5,0.5110228289527748,16,0.5138888888888888,0.49685837743031896,0.5,-0.002866059936113996,1,1
vf:match:1404263420,1,1,0.5281264680810711,15,0.5205479452054794,0.5217797162426452,0.4266666666666667,0.007578522875591687,1,1
vf:match:1404263419,1,1,0.4980187503716255,16,0.48611111111111105,0.4839377096909598,0.5,0.011907639260514469,0,0
vf:match:1404263416,0,2,0.5232158205447726,16,0.5138888888888888,0.509532894116823,0.3974358974358974,0.009326931655883719,1,1
vf:match:1404263415,0,2,0.5050713726711905,16,0.5068493150684932,0.5028074342812909,0.43421052631578944,-0.0017779423973026676,1,1
vf:match:1404263402,0,2,0.5240275830017078,15,0.49315068493150677,0.4793347788418807,0.5657894736842105,0.030876898070201053,1,0
vf:match:1404263394,0,2,0.4785991923870694,16,0.4722222222222222,0.4712375632474085,0.4266666666666667,0.006376970164847173,0,0
vf:match:1404263384,0,0,0.5625322353616229,16,0.5416666666666666,0.525079347977356,0.6025641025641025,0.02086556869495626,1,1
vf:match:1404263383,0,2,0.4916621995765746,16,0.4794520547945205,0.4728836790984499,0.4533333333333333,0.012210144782054067,0,0
vf:match:1404263381,0,4,0.525114901621278,16,0.5,0.5030023004663966,0.4666666666666667,0.025114901621278052,1,1
vf:match:1404263371,1,1,0.451129612324088,16,0.452054794520548,0.43076869261413786,0.56,-0.0009251821964599838,0,0
vf:match:1404263362,0,2,0.5082163128485163,16,0.48611111111111105,0.46801792501629363,0.6329113924050633,0.022105201737405267,1,0
vf:match:1404263357,1,3,0.5158368272004711,16,0.5138888888888888,0.5179527198465315,0.36250000000000004,0.0019479383115822424,1,1
vf:match:1404263354,1,3,0.46795302910078107,16,0.4722222222222222,0.4656255999818101,0.33333333333333337,-0.004269193121441139,0,0
vf:match:1404263353,1,1,0.526423944976398,15,0.5138888888888888,0.4953885389211524,0.6823529411764706,0.012535056087509155,1,1
vf:match:1404263351,0,4,0.49572168028196484,16,0.5068493150684932,0.49387599082771777,0.5844155844155844,-0.01112763478652834,0,1
vf:match:1404263341,1,1,0.4943697190497482,16,0.48611111111111105,0.47713635417726197,0.41558441558441556,0.008258607938637141,0,0
vf:match:1404263332,0,2,0.49681065411415604,15,0.48611111111111105,0.4635183690548631,0.5657894736842105,0.010699543003044987,0,0
vf:match:1404263331,1,3,0.5465875170924733,15,0.5277777777777778,0.5216166637269666,0.5733333333333334,0.01880973931469554,1,1
vf:match:1404263321,0,4,0.5071445636007841,16,0.5,0.48652495560508013,0.6419753086419754,0.007144563600784082,1,1
vf:match:1404263317,0,2,0.4728098809406605,16,0.4722222222222222,0.4645047520050743,0.47297297297297297,0.0005876587184382998,0,0
vf:match:1404263316,1,3,0.4856930751863544,16,0.4794520547945205,0.42886994960798897,0.717391304347826,0.006241020391833885,0,0
vf:match:1404263309,1,3,0.5121370712075056,16,0.5138888888888888,0.49606799939403057,0.6463414634146342,-0.0017518176813832165,1,1
vf:match:1404263306,1,1,0.49187126249000723,16,0.48611111111111105,0.4735560399035854,0.42105263157894735,0.005760151378896183,0,0
vf:match:1404263304,1,1,0.50267698155988,16,0.5,0.4871110961964296,0.5405405405405405,0.002676981559880054,1,1
vf:match:1404263300,1,1,0.48855793169617906,16,0.49315068493150677,0.4897602515987693,0.38461538461538464,-0.004592753235327707,0,0
vf:match:1404263298,0,2,0.5161605144411514,16,0.5,0.4764456582343627,0.5974025974025974,0.016160514441151408,1,1
vf:match:1404263297,1,3,0.4759846535110361,16,0.48611111111111105,0.4717711267285678,0.5466666666666666,-0.010126457600074967,0,0
vf:match:1404263295,1,3,0.5313097971370454,16,0.5342465753424658,0.5315237037658329,0.45945945945945943,-0.002936778205420376,1,1
vf:match:1404263294,0,0,0.4678701700598599,16,0.4722222222222222,0.46228396396899274,0.4266666666666667,-0.004352052162362285,0,0
vf:match:1404263293,0,2,0.4786841904946745,16,0.4794520547945205,0.4674075423574422,0.5135135135135135,-0.0007678642998460439,0,0
vf:match:1404263291,1,5,0.49315728014917887,15,0.48611111111111105,0.4756627901165355,0.43421052631578944,0.007046169038067818,0,0
vf:match:1404263288,0,0,0.5260646143700076,16,0.5277777777777778,0.5221404200053118,0.44,-0.0017131634077701685,1,1
vf:match:1404263283,1,1,0.4955551323908058,16,0.5,0.49096414653048465,0.4533333333333333,-0.004444867609194214,0,1
vf:match:1404263271,1,1,0.5257208427702009,16,0.5277777777777778,0.52669615044666,0.47297297297297297,-0.0020569350075768655,1,1
vf:match:1404263266,1,1,0.49746447511242364,16,0.5,0.48690560772113173,0.527027027027027,-0.002535524887576357,0,1
vf:match:1404263261,0,2,0.47913659816351545,15,0.45833333333333337,0.4421350978446266,0.5,0.020803264830182078,0,0
vf:match:1404263259,1,3,0.48088777450413117,16,0.4722222222222222,0.462234352995173,0.44,0.008665552281908961,0,0
vf:match:1404263254,0,4,0.5061860181459359,16,0.5,0.488006394442985,0.625,0.00618601814593589,1,1
vf:match:1404263250,0,2,0.47111316690111604,16,0.4722222222222222,0.45804395547897886,0.43421052631578944,-0.0011090553211061671,0,0
vf:match:1404263242,0,4,0.4707469946031733,16,0.48611111111111105,0.4666025979203572,0.5657894736842105,-0.01536411650793773,0,0
vf:match:1404263239,0,0,0.5115384193329793,16,0.5138888888888888,0.5087358965563121,0.4078947368421052,-0.0023504695559095623,1,1
vf:match:1404263234,0,2,0.4983542846590418,16,0.5,0.4939243537643995,0.35802469135802467,-0.0016457153409581982,0,1
vf:match:1404263233,1,1,0.48558428522961533,16,0.4722222222222222,0.4645156620253078,0.56,0.013362063007393121,0,0
vf:match:1404259590,1,3,0.4857334632091351,16,0.48611111111111105,0.4817879752608697,0.4533333333333333,-0.00037764790197597486,0,0
vf:match:1404259583,0,4,0.47419729378106135,16,0.4657534246575343,0.4598177170581593,0.56,0.00844386912352707,0,0
vf:match:1404259582,0,2,0.4987620444489394,16,0.5,0.49354044159968546,0.29213483146067415,-0.0012379555510605988,0,1
vf:match:1404259581,1,3,0.5150763225907156,16,0.5068493150684932,0.4989276920005953,0.5066666666666666,0.008227007522222385,1,1
vf:match:1404259580,0,2,0.47225841190297563,16,0.48611111111111105,0.46670860445146767,0.5657894736842105,-0.013852699208135422,0,0
vf:match:1404259570,1,3,0.49714426221179914,16,0.5,0.4926735825705814,0.5405405405405405,-0.0028557377882008628,0,1
vf:match:1404259568,0,2,0.46662449107261617,16,0.4657534246575343,0.4612284062885959,0.33333333333333337,0.0008710664150818892,0,0
vf:match:1404259566,0,2,0.5128536926453936,16,0.49315068493150677,0.4853124928210671,0.5733333333333334,0.019703007713886833,1,0
vf:match:1404259563,0,4,0.5127815921095203,16,0.5138888888888888,0.4948645635783495,0.5789473684210527,-0.001107296779368494,1,1
vf:match:1404259559,0,2,0.5039227281626169,16,0.5,0.5001568061378159,0.375,0.003922728162616851,1,1
vf:match:1404259539,1,1,0.49464646454495353,15,0.48611111111111105,0.4904229908075346,0.3974358974358974,0.008535353433842485,0,0
vf:match:1404259534,0,4,0.4762436846536861,16,0.4722222222222222,0.46511176585849046,0.45945945945945943,0.004021462431463896,0,0
vf:match:1404259531,0,2,0.503347147694352,16,0.5,0.5006652563277262,0.43421052631578944,0.0033471476943519596,1,1
vf:match:1404259528,0,2,0.492553065613478,16,0.48611111111111105,0.48623562115222474,0.43421052631578944,0.006441954502366953,0,0
vf:match:1404259526,0,2,0.47184570132278425,16,0.4722222222222222,0.46428319421726283,0.3373493975903614,-0.00037652089943795986,0,0
vf:match:1404259523,1,3,0.5132540170505813,16,0.5,0.48861799403032485,0.5789473684210527,0.013254017050581268,1,1
vf:match:1404259522,0,2,0.5011153677494933,16,0.5,0.4814793791883863,0.5921052631578947,0.001115367749493279,1,1
vf:match:1404259520,0,2,0.4724021568315569,16,0.4722222222222222,0.46684624948381626,0.44594594594594594,0.00017993460933468652,0,0
vf:match:1404259516,1,3,0.47645640410924794,16,0.48611111111111105,0.4718824434225511,0.5466666666666666,-0.009654707001863105,0,0
vf:match:1404259511,1,1,0.47929100190831453,16,0.48611111111111105,0.47152318788707887,0.3373493975903614,-0.0068201092027965204,0,0
vf:match:1404259508,0,4,0.5450202387463271,15,0.5277777777777778,0.5216166637269666,0.5733333333333334,0.01724246096854931,1,1
vf:match:1404259505,1,3,0.48297170636968023,16,0.48611111111111105,0.4745143582508667,0.4864864864864864,-0.003139404741430818,0,0
vf:match:1404259501,1,1,0.5376580892031653,16,0.5277777777777778,0.526445615766105,0.3670886075949367,0.009880311425387478,1,1
vf:match:1404259500,1,1,0.5305694432587417,16,0.5205479452054794,0.5188381132814918,0.35802469135802467,0.010021498053262246,1,1
vf:match:1404259499,1,3,0.511452394089317,16,0.5138888888888888,0.5041657786130865,0.41558441558441556,-0.0024364947995718644,1,1
vf:match:1404259481,0,0,0.5202859749283243,16,0.5,0.4990152742203837,0.5,0.02028597492832429,1,1
vf:match:1404259479,1,3,0.5196273866040518,16,0.5138888888888888,0.5017568933955825,0.4864864864864864,0.0057384977151629935,1,1
vf:match:1404259473,0,2,0.4869124719320796,15,0.4794520547945205,0.4681239871768447,0.41558441558441556,0.007460417137559072,0,0
vf:match:1404259471,0,2,0.5121168941392947,16,0.5068493150684932,0.5057758535638359,0.47297297297297297,0.0052675790708015535,1,1
vf:match:1404259468,1,1,0.4734058826511326,16,0.4722222222222222,0.46159669658014113,0.56,0.0011836604289103825,0,0
vf:match:1404259467,0,4,0.5007173258069694,16,0.5,0.4897509480417493,0.56,0.0007173258069693711,1,1
vf:match:1404259466,0,2,0.4930636416547085,16,0.5,0.48545783165256146,0.41558441558441556,-0.006936358345291493,0,1
vf:match:1404259465,1,1,0.4945746105213037,16,0.49315068493150677,0.48982222367101363,0.36250000000000004,0.001423925589796926,0,0
vf:match:1404259464,1,5,0.5131892849647806,16,0.5,0.48904984872282886,0.6419753086419754,0.013189284964780557,1,1
vf:match:1404259458,1,1,0.49187126249000723,16,0.48611111111111105,0.4735560399035854,0.42105263157894735,0.005760151378896183,0,0
vf:match:1404259455,0,2,0.4907551002789549,16,0.48611111111111105,0.4690343394387342,0.5789473684210527,0.004643989167843865,0,0
vf:match:1404259449,1,3,0.5125367472782121,16,0.5068493150684932,0.5027258018228002,0.4864864864864864,0.005687432209718901,1,1
vf:match:1404259446,1,3,0.5520952736106477,16,0.5342465753424658,0.5346869712351946,0.56,0.017848698268181917,1,1
vf:match:1404259445,0,4,0.4795413864719196,15,0.4722222222222222,0.47008236515867724,0.35802469135802467,0.007319164249697363,0,0
vf:match:1404259443,0,0,0.5086632367617323,16,0.5,0.4938967971820615,0.5466666666666666,0.008663236761732307,1,1
vf:match:1404259442,1,1,0.5184275798065722,16,0.49315068493150677,0.486964308360082,0.4864864864864864,0.025276894875065403,1,0
vf:match:1404259441,0,2,0.5321575136614561,16,0.5138888888888888,0.5086553758085826,0.4864864864864864,0.0182686247725673,1,1
vf:match:1404259440,1,3,0.5144243402327145,15,0.5068493150684932,0.5024552064758581,0.35802469135802467,0.007575025164221372,1,1
vf:match:1404259434,1,3,0.5111130477621245,16,0.5068493150684932,0.5069055834587417,0.45945945945945943,0.004263732693631339,1,1
vf:match:1404259432,0,2,0.50275287526812,16,0.4794520547945205,0.4735038653070801,0.45945945945945943,0.023300820473599437,1,0
vf:match:1404259427,1,3,0.4802977871279897,16,0.4722222222222222,0.46644437247495085,0.3974358974358974,0.008075564905767496,0,0
vf:match:1404259417,0,4,0.43775714115178055,16,0.4383561643835617,0.4189200675554816,0.6375000000000001,-0.0005990232317811262,0,0
vf:match:1404259416,0,2,0.5063661460564514,16,0.5,0.5023634098900448,0.4025974025974026,0.0063661460564513606,1,1
vf:match:1404259401,0,2,0.5316084226102469,16,0.5205479452054794,0.5228518053014167,0.4864864864864864,0.011060477404767455,1,1
vf:match:1404259399,0,2,0.49594770842419267,16,0.5,0.491073228853671,0.4078947368421052,-0.004052291575807332,0,1
vf:match:1404259386,0,4,0.4621572274909998,16,0.45833333333333337,0.45588840646976214,0.38961038961038963,0.00382389415766643,0,0
vf:match:1404259378,1,5,0.5109284865036311,16,0.5,0.472152798755233,0.6419753086419754,0.010928486503631096,1,1
vf:match:1404259374,0,2,0.5016239527797715,16,0.5,0.4976317684955528,0.3414634146341463,0.0016239527797714537,1,1
vf:match:1404259371,1,5,0.4937373269223834,16,0.5,0.4873610906778829,0.5466666666666666,-0.006262673077616576,0,1
vf:match:1404259370,1,1,0.5095292732478576,16,0.5138888888888888,0.5053837398906448,0.43421052631578944,-0.004359615641031267,1,1
vf:match:1404259368,0,0,0.49940460494537414,16,0.5,0.4861016141128961,0.5466666666666666,-0.000595395054625858,0,1
vf:match:1404259366,1,1,0.5088738071806133,16,0.49315068493150677,0.4896649916200633,0.5,0.01572312224910649,1,0
vf:match:1404253444,1,3,0.5105392516649692,16,0.5,0.48880638742576143,0.5135135135135135,0.010539251664969163,1,1
vf:match:1404253443,0,2,0.5258285443038068,16,0.5138888888888888,0.503342984270975,0.5466666666666666,0.011939655414917927,1,1
vf:match:1404253439,0,0,0.4758432322579579,16,0.4722222222222222,0.4680145900077415,0.38461538461538464,0.0036210100357356723,0,0
vf:match:1404253432,1,1,0.4933552925923267,16,0.48611111111111105,0.4770451631821693,0.4078947368421052,0.007244181481215639,0,0
vf:match:1404253430,1,3,0.5096843748928206,16,0.5,0.47888050448152486,0.6202531645569621,0.00968437489282059,1,1
vf:match:1404253422,0,2,0.5226268764982765,16,0.5138888888888888,0.5097047516258228,0.3974358974358974,0.00873798760938771,1,1
vf:match:1404253417,0,2,0.48331362044796544,15,0.4794520547945205,0.4780486574835081,0.45945945945945943,0.0038615656534449205,0,0
vf:match:1404253407,1,1,0.5320607108241316,16,0.5277777777777778,0.5213432813714969,0.45945945945945943,0.004282933046353854,1,1
vf:match:1404278410,1,1,0.4999768344330798,16,0.5,0.4864097958568473,0.5657894736842105,-2.3165566920224645e-05,0,1
vf:match:1404278409,0,2,0.488139676579998,16,0.48611111111111105,0.47590412848144514,0.5199999999999999,0.002028565468886967,0,0
vf:match:1404278408,0,2,0.49662694961313586,16,0.5,0.4911675181271511,0.42105263157894735,-0.0033730503868641404,0,1
vf:match:1404278405,1,1,0.47635977719498546,16,0.48611111111111105,0.4769546579072673,0.4533333333333333,-0.009751333916125593,0,0
vf:match:1404278401,1,3,0.5057123217381972,16,0.5068493150684932,0.5025198761667059,0.3414634146341463,-0.0011369933302959323,1,1
vf:match:1404278397,0,4,0.5364303781580003,16,0.5205479452054794,0.4989490362132941,0.5733333333333334,0.015882432952520897,1,1
vf:match:1404278395,1,1,0.5499079934212553,16,0.5342465753424658,0.5294912201710941,0.56,0.015661418078789513,1,1
vf:match:1404278389,1,3,0.5612108584599311,16,0.5342465753424658,0.5220195042733207,0.6025641025641025,0.02696428311746535,1,1
vf:match:1404278383,1,1,0.49084650872026875,16,0.48611111111111105,0.48541024556710344,0.313953488372093,0.004735397609157699,0,0
vf:match:1404278381,0,2,0.5593016932633007,16,0.5342465753424658,0.5222302920583591,0.527027027027027,0.025055117920834924,1,1
vf:match:1404278380,1,3,0.5144844705671935,16,0.5138888888888888,0.5059961257979118,0.4864864864864864,0.0005955816783046464,1,1
vf:match:1404278377,0,2,0.5128011380159251,16,0.5138888888888888,0.5039674101466844,0.4864864864864864,-0.0010877508729637553,1,1
vf:match:1404278376,1,1,0.4949752645945327,16,0.5,0.4988788129868572,0.3373493975903614,-0.005024735405467273,0,1
vf:match:1404278375,1,1,0.5367079274143574,16,0.5205479452054794,0.5186046872151004,0.4864864864864864,0.016159982208877932,1,1
vf:match:1404278370,1,1,0.5019539245710928,16,0.48611111111111105,0.4873789223309777,0.4533333333333333,0.01584281345998173,1,0
vf:match:1404278366,0,4,0.4533290776472196,16,0.452054794520548,0.4431690061387156,0.5199999999999999,0.0012742831266716048,0,0
vf:match:1404278352,0,2,0.5066820438276325,16,0.5,0.49287872363603735,0.6153846153846154,0.006682043827632489,1,1
vf:match:1404278351,0,4,0.5211212892686091,16,0.5,0.47791361509513364,0.5974025974025974,0.021121289268609122,1,1
vf:match:1404278348,1,3,0.511070212014716,16,0.5068493150684932,0.48747665597735323,0.5974025974025974,0.004220896946222852,1,1
vf:match:1404278344,1,3,0.486599968430059,16,0.48611111111111105,0.4841322227038562,0.43421052631578944,0.0004888573189479328,0,0
vf:match:1404278333,1,5,0.49625592471165164,16,0.5138888888888888,0.4850157943062217,0.5540540540540541,-0.017632964177237198,0,1
vf:match:1404278327,1,3,0.4925867789588272,16,0.4794520547945205,0.4735121712702596,0.5,0.013134724164306666,0,0
vf:match:1404278315,1,7,0.5420715682211301,16,0.5277777777777778,0.5293875009243033,0.3670886075949367,0.014293790443352328,1,1
vf:match:1404278313,0,2,0.49290099917661523,16,0.48611111111111105,0.4664063514958711,0.5974025974025974,0.006789888065504179,0,0
vf:match:1404278312,0,2,0.46589985331261125,16,0.48611111111111105,0.46299377510381784,0.5657894736842105,-0.020211257798499804,0,0
vf:match:1404278309,1,1,0.49663054486076524,16,0.48611111111111105,0.4813512688382065,0.5,0.010519433749654195,0,0
vf:match:1404278307,1,3,0.4967045945296999,15,0.48611111111111105,0.4710983154424436,0.5789473684210527,0.010593483418588845,0,0
vf:match:1404278298,0,4,0.49367758971692516,16,0.49315068493150677,0.4900604671382841,0.379746835443038,0.0005269047854183917,0,0
vf:match:1404278296,1,5,0.49041789818065157,16,0.5,0.49304864161836376,0.47297297297297297,-0.009582101819348432,0,1
vf:match:1404278286,1,5,0.4911656124344206,16,0.5,0.48887933874559153,0.41558441558441556,-0.008834387565579416,0,1
vf:match:1404278283,1,1,0.5499254198215939,16,0.5277777777777778,0.5348153240516489,0.47297297297297297,0.02214764204381614,1,1
vf:match:1404278281,1,3,0.4898445851045934,16,0.48611111111111105,0.47729527992708076,0.4078947368421052,0.003733473993482339,0,0
vf:match:1404278278,1,1,0.5066776167366518,16,0.5,0.5007672788603055,0.47297297297297297,0.0066776167366517925,1,1
vf:match:1404278271,1,1,0.48171261535372256,16,0.4722222222222222,0.46333955203375365,0.44,0.009490393131500352,0,0
vf:match:1404278268,1,3,0.5114236694730945,16,0.5,0.4908868748919136,0.5066666666666666,0.011423669473094478,1,1
vf:match:1404278267,1,5,0.5077903237254972,16,0.5,0.4993164231500447,0.4864864864864864,0.00779032372549715,1,1
vf:match:1404278262,1,3,0.5130103477494081,16,0.5138888888888888,0.49804013731176144,0.5789473684210527,-0.0008785411394807152,1,1
vf:match:1404278259,0,2,0.4993979706913907,16,0.48611111111111105,0.4778186848150234,0.5657894736842105,0.013286859580279642,0,0
vf:match:1404278250,0,2,0.5153142394934473,16,0.49315068493150677,0.4884946479414637,0.4864864864864864,0.02216355456194058,1,0
vf:match:1404278248,1,5,0.46622581658316153,16,0.4657534246575343,0.4585640039503292,0.38461538461538464,0.00047239192562725796,0,0
vf:match:1404278245,1,1,0.5003645193493124,16,0.5068493150684932,0.4969938035931728,0.38461538461538464,-0.006484795719180814,1,1
vf:match:1404278240,1,3,0.49569511024923396,16,0.4794520547945205,0.4708522568098412,0.56,0.01624305545471344,0,0
vf:match:1404278236,1,3,0.5242376934380354,16,0.5138888888888888,0.5090546979961873,0.3974358974358974,0.01034880454914655,1,1
vf:match:1404278234,1,5,0.5091993188388092,16,0.5,0.4871208421314393,0.5789473684210527,0.0091993188388092,1,1
vf:match:1404278230,1,1,0.49075121459210924,15,0.48611111111111105,0.4866727087129548,0.25510204081632654,0.004640103480998192,0,0
vf:match:1404278228,1,3,0.5211245660970677,16,0.5138888888888888,0.5030312059178877,0.5789473684210527,0.007235677208178859,1,1
vf:match:1404278227,0,4,0.517531166833572,16,0.5138888888888888,0.49856510312653296,0.5974025974025974,0.003642277944683192,1,1
vf:match:1404278220,0,4,0.4975466918847777,16,0.5,0.49616609690893854,0.35802469135802467,-0.002453308115222319,0,1
vf:match:1404278219,0,2,0.4995501827590752,16,0.5,0.4941784404949259,0.41558441558441556,-0.00044981724092479913,0,1
vf:match:1404278218,0,0,0.4844833362074566,16,0.4794520547945205,0.47624183098169,0.4533333333333333,0.005031281412936073,0,0
vf:match:1404278217,0,2,0.5058617677783438,16,0.5,0.4998699166569478,0.4025974025974026,0.005861767778343796,1,1
vf:match:1404278212,0,6,0.505097011430393,16,0.5068493150684932,0.49509987764054175,0.5,-0.0017523036381001944,1,1
vf:match:1404278200,0,6,0.48446912735838477,16,0.4722222222222222,0.46552132537097585,0.56,0.012246905136162556,0,0
vf:match:1404278192,1,3,0.5082163128485163,16,0.48611111111111105,0.46922119759945247,0.6329113924050633,0.022105201737405267,1,0
vf:match:1404272363,0,2,0.48939635644804586,15,0.48611111111111105,0.4866727087129548,0.25510204081632654,0.0032852453369348056,0,0
vf:match:1404272360,1,3,0.501327119294503,16,0.5,0.4868337518030077,0.5466666666666666,0.0013271192945030208,1,1
vf:match:1404272352,0,4,0.5412310986847774,16,0.5138888888888888,0.49559823811301484,0.7045454545454546,0.027342209795888528,1,1
vf:match:1404272344,0,4,0.4938543013384509,16,0.48611111111111105,0.4796898782343987,0.5135135135135135,0.0077431902273398245,0,0
vf:match:1404272340,1,1,0.5159142505389974,16,0.5138888888888888,0.5056619977054817,0.5066666666666666,0.0020253616501085814,1,1
vf:match:1404272337,1,1,0.49910158020942713,16,0.5,0.49445097482800004,0.42105263157894735,-0.0008984197905728686,0,1
vf:match:1404272335,1,5,0.49032422018511507,16,0.48611111111111105,0.4770540116733235,0.527027027027027,0.004213109074004018,0,0
vf:match:1404272330,1,3,0.4872070263242039,16,0.4794520547945205,0.4676574587789641,0.56,0.007754971529683352,0,0
vf:match:1404272324,1,3,0.49041789818065157,16,0.5,0.49304864161836376,0.47297297297297297,-0.009582101819348432,0,1
vf:match:1404272321,0,4,0.5253429247463238,15,0.5,0.480430199175854,0.5657894736842105,0.025342924746323825,1,1
vf:match:1404272313,0,0,0.4837577391613802,16,0.48611111111111105,0.483623451392657,0.38461538461538464,-0.0023533719497308425,0,0
vf:match:1404272312,1,3,0.5005087923653453,16,0.49315068493150677,0.48783273188551113,0.5135135135135135,0.007358107433838523,1,0
vf:match:1404272309,0,2,0.4982912410123845,16,0.48611111111111105,0.4763543561712942,0.56,0.012180129901273429,0,0
vf:match:1404272307,1,3,0.5024912647690665,15,0.5,0.49423502043176365,0.36250000000000004,0.00249126476906647,1,1
vf:match:1404272304,1,1,0.5032964299925842,16,0.5,0.5001920119642165,0.4266666666666667,0.003296429992584171,1,1
vf:match:1404272301,0,2,0.49792918745511294,16,0.4794520547945205,0.4686942688961225,0.5733333333333334,0.01847713266059242,0,0
vf:match:1404272298,0,4,0.5360015528693646,16,0.5138888888888888,0.5154254000751346,0.4864864864864864,0.022112663980475733,1,1
vf:match:1404272294,1,1,0.4492654632799163,16,0.452054794520548,0.42804872232471647,0.56,-0.0027893312406316872,0,0
vf:match:1404272290,1,3,0.5250454596136342,15,0.5138888888888888,0.5204462688150897,0.4266666666666667,0.011156570724745407,1,1
vf:match:1404272284,1,1,0.5247397726057599,16,0.5205479452054794,0.5054433342179393,0.5466666666666666,0.004191827400280457,1,1
vf:match:1404272282,1,1,0.5332000719985128,16,0.5138888888888888,0.5132823316422022,0.5540540540540541,0.019311183109623986,1,1
vf:match:1404272272,0,2,0.5025707188629805,16,0.5,0.4886344942557449,0.5657894736842105,0.0025707188629805477,1,1
vf:match:1404272268,1,3,0.48086314112974826,16,0.4722222222222222,0.47093096650773464,0.32941176470588235,0.008640918907526052,0,0
vf:match:1404272267,0,4,0.4771594253874635,16,0.4794520547945205,0.463776798764584,0.5199999999999999,-0.002292629407057045,0,0
vf:match:1404272265,1,1,0.491608287566904,16,0.5,0.48777691103644333,0.41558441558441556,-0.008391712433095999,0,1
vf:match:1404272264,0,2,0.5128011380159251,16,0.5138888888888888,0.5039674101466844,0.4864864864864864,-0.0010877508729637553,1,1
vf:match:1404272263,1,3,0.5069779632928355,16,0.5,0.47915916019153987,0.5657894736842105,0.0069779632928355095,1,1
vf:match:1404272255,1,7,0.49332669404209406,16,0.5,0.4827340246158862,0.5405405405405405,-0.0066733059579059395,0,1
vf:match:1404272254,0,2,0.5243847764197482,16,0.5205479452054794,0.5253768365494146,0.47297297297297297,0.00383683121426881,1,1
vf:match:1404272246,1,1,0.4910078645191927,16,0.4794520547945205,0.47314439770027883,0.4533333333333333,0.011555809724672184,0,0
vf:match:1404272244,0,4,0.500632382977741,16,0.5,0.4903037486166811,0.4533333333333333,0.0006323829777410417,1,1
vf:match:1404272241,1,3,0.5437513445009746,16,0.5342465753424658,0.5356084291055181,0.44,0.009504769158508841,1,1
vf:match:1404272240,1,3,0.5130103477494081,16,0.5138888888888888,0.49804013731176144,0.5789473684210527,-0.0008785411394807152,1,1
vf:match:1404272238,0,4,0.5351933161935158,16,0.5277777777777778,0.5139681187361955,0.5844155844155844,0.007415538415738054,1,1
vf:match:1404272233,0,6,0.4819183635856495,16,0.48611111111111105,0.47115079958933814,0.41558441558441556,-0.00419274752546156,0,0
vf:match:1404272227,0,6,0.5354127913493066,16,0.5138888888888888,0.5130804093033513,0.5135135135135135,0.0215239024604178,1,1
vf:match:1404272223,0,2,0.500537770861216,16,0.48611111111111105,0.48404144311431363,0.44594594594594594,0.014426659750104931,1,0
vf:match:1404272218,0,2,0.506531156306539,16,0.5,0.48447733284587835,0.5921052631578947,0.006531156306538999,1,1
vf:match:1404272214,1,1,0.5256775483144246,15,0.5068493150684932,0.4896954955728714,0.5974025974025974,0.018828233245931414,1,1
vf:match:1404272191,0,2,0.4895087148992811,16,0.48611111111111105,0.48461527737114335,0.33333333333333337,0.003397603788170056,0,0
vf:match:1404272181,0,4,0.5145136517628092,16,0.5,0.5032860236222557,0.5844155844155844,0.014513651762809165,1,1
vf:match:1404272174,0,6,0.49150053637314073,16,0.48611111111111105,0.46411008048871283,0.5974025974025974,0.005389425262029679,0,0
vf:match:1404272173,1,3,0.5516122790844638,16,0.5342465753424658,0.5362865253807217,0.47297297297297297,0.017365703741997973,1,1
vf:match:1404272168,1,1,0.5038337163212413,16,0.5,0.49343783193408425,0.47297297297297297,0.0038337163212412984,1,1
vf:match:1404272166,0,0,0.5085000578408958,16,0.5138888888888888,0.509900154215023,0.4078947368421052,-0.005388831047993037,1,1
vf:match:1404272164,0,2,0.4979928826025246,16,0.5,0.4883642272672034,0.5333333333333333,-0.0020071173974753886,0,1
vf:match:1404272163,1,1,0.4935475908277654,16,0.48611111111111105,0.48528814670510423,0.36250000000000004,0.007436479716654343,0,0
vf:match:1404272162,1,1,0.5211212892686091,16,0.5,0.47791361509513364,0.5974025974025974,0.021121289268609122,1,1
vf:match:1404272158,1,1,0.5450514897300163,16,0.5479452054794521,0.5361704383344617,0.5657894736842105,-0.0028937157494358656,1,1
vf:match:1404272153,0,2,0.5274744215678241,16,0.5,0.49272648193690916,0.527027027027027,0.027474421567824092,1,1
vf:match:1404272147,1,5,0.4796415596161671,16,0.4794520547945205,0.4729666178471956,0.4864864864864864,0.0001895048216465911,0,0
vf:match:1404272145,1,3,0.47040191332773246,16,0.4722222222222222,0.4643896713919782,0.41558441558441556,-0.0018203088944897527,0,0
vf:match:1404272144,0,0,0.4786349344335141,16,0.4794520547945205,0.4687566279219445,0.4533333333333333,-0.000817120361006396,0,0
vf:match:1404272139,0,2,0.454082366091959,16,0.452054794520548,0.4431690061387156,0.5199999999999999,0.0020275715714110354,0,0
vf:match:1404272138,1,1,0.47164366306464617,16,0.4657534246575343,0.46106481872422156,0.45945945945945943,0.005890238407111892,0,0
vf:match:1404272134,1,3,0.5081053720334665,16,0.5,0.5038669888861406,0.4864864864864864,0.008105372033466507,1,1
vf:match:1404269043,1,3,0.5274730514385888,16,0.5,0.49272648193690916,0.527027027027027,0.027473051438588802,1,1
vf:match:1404269038,0,2,0.5119416362830961,16,0.5,0.4845426987631761,0.6375000000000001,0.01194163628309608,1,1
vf:match:1404269030,0,2,0.5362310326460128,16,0.5138888888888888,0.5151520622082668,0.5135135135135135,0.022342143757123956,1,1
vf:match:1404269024,0,2,0.46176700008600263,16,0.4657534246575343,0.4635641397256313,0.33333333333333337,-0.003986424571531644,0,0
vf:match:1404269021,1,1,0.4978157036212736,16,0.5,0.4908338489172609,0.4533333333333333,-0.0021842963787264136,0,1
vf:match:1404269017,1,3,0.4936114225908388,16,0.48611111111111105,0.4796898782343987,0.5135135135135135,0.007500311479727739,0,0
vf:match:1404269013,1,1,0.5026408635474554,16,0.5,0.49943147122308706,0.35802469135802467,0.0026408635474554076,1,1
vf:match:1404269008,0,0,0.5059714907105533,16,0.5138888888888888,0.4989868720930664,0.5657894736842105,-0.007917398178335588,1,1
vf:match:1404269006,1,1,0.48923325265252204,14,0.49315068493150677,0.4882103507813077,0.3068181818181818,-0.003917432278984723,0,0
vf:match:1404269001,0,2,0.5059637476823596,16,0.5,0.48808241565951893,0.6202531645569621,0.0059637476823596325,1,1
vf:match:1404268994,1,3,0.45362207615746925,16,0.452054794520548,0.4431690061387156,0.5199999999999999,0.0015672816369212694,0,0
vf:match:1404268987,1,5,0.47837405135923944,15,0.45833333333333337,0.4440581529175377,0.5,0.020040718025906068,0,0
vf:match:1404268983,0,4,0.5222014715459431,16,0.5138888888888888,0.5001711183133358,0.6202531645569621,0.008312582657054257,1,1
vf:match:1404268977,1,3,0.4743301691627849,16,0.4794520547945205,0.473825794234404,0.36250000000000004,-0.005121885631735601,0,0
vf:match:1404268970,1,5,0.5020730051197952,16,0.49315068493150677,0.4921249197768045,0.38961038961038963,0.00892232018828848,1,0
vf:match:1404268958,0,0,0.4720630920225489,16,0.4657534246575343,0.45945019820466393,0.45945945945945943,0.006309667365014648,0,0
vf:match:1404268953,0,4,0.4922756562954699,16,0.48611111111111105,0.47713635417726197,0.41558441558441556,0.006164545184358827,0,0
vf:match:1404268949,1,5,0.5125958336423785,16,0.5,0.47419794012576766,0.6375000000000001,0.012595833642378484,1,1
vf:match:1404268946,0,4,0.50879747190874,16,0.5068493150684932,0.49525244154064324,0.6153846153846154,0.0019481568402468508,1,1
vf:match:1404268938,0,0,0.4878713226459643,16,0.48611111111111105,0.47461743386537103,0.5199999999999999,0.0017602115348532288,0,0
vf:match:1404268937,0,2,0.5197919875615219,16,0.5138888888888888,0.49163946964687283,0.625,0.005903098672633056,1,1
vf:match:1404268934,1,5,0.5150627905158519,16,0.5138888888888888,0.5043932312350597,0.5405405405405405,0.0011739016269630698,1,1
vf:match:1404268925,0,4,0.5304626630880426,16,0.5138888888888888,0.5115664146269607,0.5540540540540541,0.016573774199153735,1,1
vf:match:1404268915,0,2,0.48794915110882464,16,0.48611111111111105,0.46275400802490185,0.5974025974025974,0.001838039997713592,0,0
vf:match:1404268909,0,0,0.48263672038055017,16,0.48611111111111105,0.4766200745475887,0.5466666666666666,-0.0034743907305608834,0,0
vf:match:1404268898,0,0,0.48453851316114444,15,0.4722222222222222,0.4728550738979443,0.35802469135802467,0.012316290938922225,0,0
vf:match:1404268896,0,4,0.49172057708645023,16,0.49315068493150677,0.4812950829058216,0.5405405405405405,-0.0014301078450565385,0,0
vf:match:1404268893,0,6,0.4904401711297793,15,0.48611111111111105,0.47425912207724485,0.43421052631578944,0.004329060018668229,0,0
vf:match:1404268892,1,3,0.47995015284061243,16,0.4794520547945205,0.47108018184456224,0.4864864864864864,0.0004980980460919104,0,0
vf:match:1404268891,0,0,0.49925513954398254,16,0.5,0.49565730729985075,0.38461538461538464,-0.0007448604560174599,0,1
vf:match:1404268881,1,3,0.49334203967205964,16,0.49315068493150677,0.4710857700233524,0.5844155844155844,0.00019135474055287371,0,0
vf:match:1404268876,0,2,0.4945848341834049,16,0.48611111111111105,0.48675651089925903,0.42105263157894735,0.008473723072293826,0,0
vf:match:1404268875,1,5,0.5286465459530636,16,0.5277777777777778,0.5281073687071479,0.45945945945945943,0.0008687681752858056,1,1
vf:match:1404268869,0,4,0.5248527128349293,15,0.5,0.4818491732289334,0.5733333333333334,0.02485271283492929,1,1
vf:match:1404268864,1,1,0.505994663892967,16,0.5,0.5011071245695595,0.3974358974358974,0.005994663892966989,1,1
vf:match:1404268848,1,3,0.5019539245710928,16,0.48611111111111105,0.48404144311431363,0.44594594594594594,0.01584281345998173,1,0
vf:match:1404268847,1,3,0.4794430926641819,16,0.4794520547945205,0.4729666178471956,0.4864864864864864,-8.962130338630026e-06,0,0
vf:match:1404268841,1,1,0.4638536714288432,16,0.45833333333333337,0.4457457528623727,0.527027027027027,0.005520338095509836,0,0
vf:match:1404268835,1,3,0.497183215857391,16,0.5,0.493260587697805,0.35802469135802467,-0.002816784142608997,0,1
vf:match:1404268834,0,2,0.491608287566904,16,0.5,0.48777691103644333,0.41558441558441556,-0.008391712433095999,0,1
vf:match:1404268829,0,4,0.4999949461004822,16,0.5,0.4809395385041954,0.5921052631578947,-5.053899517826199e-06,0,1
vf:match:1404268825,0,0,0.48306540671986964,16,0.48611111111111105,0.48043907025708493,0.43421052631578944,-0.0030457043912414106,0,0
vf:match:1404268820,1,5,0.5098915335525507,16,0.5138888888888888,0.5102820912294195,0.4078947368421052,-0.00399735533633816,1,1
vf:match:1404268819,1,1,0.51840484727998,15,0.5068493150684932,0.5024531387518401,0.3536585365853659,0.011555532211486863,1,1
vf:match:1404263458,0,2,0.4926345133840324,15,0.48611111111111105,0.4669541531755051,0.5789473684210527,0.006523402272921364,0,0
vf:match:1404263456,0,2,0.49609637575994825,16,0.5,0.4921689623130973,0.4078947368421052,-0.0039036242400517507,0,1
vf:match:1404263454,0,2,0.4745480395959923,16,0.48611111111111105,0.47897023744806205,0.35802469135802467,-0.011563071515118761,0,0
vf:match:1404263444,1,3,0.4622893571727309,16,0.45833333333333337,0.4549616092852575,0.38461538461538464,0.003956023839397527,0,0
vf:match:1404263438,0,0,0.4598944951844455,16,0.4657534246575343,0.45912175549831585,0.33333333333333337,-0.005858929473088803,0,0
vf:match:1404263435,0,2,0.5055098862075126,16,0.5,0.4927129293463819,0.6103896103896104,0.005509886207512582,1,1
vf:match:1404263430,0,4,0.5010576093229253,16,0.5,0.49445097482800004,0.42105263157894735,0.0010576093229253125,1,1
vf:match:1404263424,1,1,0.49332669404209406,16,0.5,0.4812950829058216,0.5405405405405405,-0.0066733059579059395,0,1
vf:match:1404263421,0,4,0.5547342988630474,16,0.5277777777777778,0.5174694935096228,0.527027027027027,0.02695652108526958,1,1
vf:match:1404263411,1,1,0.5030013457934361,16,0.5,0.5000696670810643,0.35802469135802467,0.0030013457934361387,1,1
vf:match:1404263408,1,3,0.4978769186469456,16,0.48611111111111105,0.4720896915571093,0.5066666666666666,0.01176580753583456,0,0
vf:match:1404263407,0,6,0.5052063187646307,16,0.5068493150684932,0.49930870947625877,0.4533333333333333,-0.0016429963038624429,1,1
vf:match:1404263406,0,4,0.47427946204889665,16,0.4722222222222222,0.4706694307168125,0.375,0.0020572398266744396,0,0
vf:match:1404263403,1,1,0.4907451715934125,16,0.4794520547945205,0.47211945330604843,0.5,0.011293116798892,0,0
vf:match:1404263391,0,2,0.5074687510361899,16,0.5,0.5009749100093,0.48,0.007468751036189936,1,1
vf:match:1404263388,0,2,0.5505656558940161,16,0.5479452054794521,0.5376994782643013,0.5657894736842105,0.002620450414563935,1,1
vf:match:1404263387,0,2,0.5306865940064006,16,0.5068493150684932,0.5005086369628984,0.5135135135135135,0.023837278937907436,1,1
vf:match:1404263386,0,2,0.5262162609409827,16,0.5277777777777778,0.5113257919599032,0.5466666666666666,-0.0015615168367950627,1,1
vf:match:1404263385,0,2,0.5012572319762318,16,0.5,0.5026541758423007,0.3414634146341463,0.001257231976231843,1,1
vf:match:1404263374,1,3,0.4947570474951596,16,0.49315068493150677,0.47058386948892766,0.5844155844155844,0.001606362563652819,0,0
vf:match:1404263369,0,2,0.5259017683183423,16,0.5138888888888888,0.5188381132814918,0.35802469135802467,0.012012879429453505,1,1
vf:match:1404263368,1,3,0.49165373707470167,16,0.48611111111111105,0.4899705879459034,0.3373493975903614,0.005542625963590619,0,0
vf:match:1404263367,1,3,0.5052824188901386,16,0.5,0.49317656808068244,0.4864864864864864,0.005282418890138585,1,1
vf:match:1404263366,1,3,0.45363617678902096,16,0.45833333333333337,0.4528883595248271,0.5135135135135135,-0.004697156544312409,0,0
vf:match:1404263364,0,4,0.4970002977168707,16,0.48611111111111105,0.4773431025471174,0.5466666666666666,0.01088918660575966,0,0
vf:match:1404263360,0,4,0.49568597737870096,15,0.48611111111111105,0.4692684466540438,0.45945945945945943,0.00957486626758991,0,0
vf:match:1404263359,1,1,0.5025134090974752,16,0.5,0.4883791325654895,0.45945945945945943,0.0025134090974752166,1,1
vf:match:1404263358,0,6,0.5173878849170588,16,0.5138888888888888,0.508521786140576,0.4864864864864864,0.003498996028169943,1,1
vf:match:1404263348,0,2,0.49972475101225905,16,0.48611111111111105,0.4829350273985451,0.44594594594594594,0.013613639901148,0,0
vf:match:1404263339,0,2,0.523701965649773,16,0.5138888888888888,0.5000341127781376,0.6202531645569621,0.009813076760884165,1,1
vf:match:1404263338,0,2,0.518621948441408,16,0.5205479452054794,0.5118389422548136,0.44594594594594594,-0.0019259967640714581,1,1
vf:match:1404263337,0,2,0.5324951172949846,16,0.5138888888888888,0.5160487274679053,0.43421052631578944,0.018606228406095715,1,1
vf:match:1404263335,0,4,0.5052261289239874,16,0.5,0.48983631808688066,0.5405405405405405,0.005226128923987439,1,1
vf:match:1404263324,0,0,0.4935475908277654,16,0.48611111111111105,0.48528814670510423,0.36250000000000004,0.007436479716654343,0,0
vf:match:1404263323,0,4,0.49593029049111637,15,0.48611111111111105,0.4899960605400583,0.3974358974358974,0.009819179380005316,0,0
vf:match:1404263312,0,2,0.48073488940941983,16,0.4722222222222222,0.47093096650773464,0.32941176470588235,0.00851266718719762,0,0
vf:match:1404263302,0,6,0.4622256382725032,16,0.45833333333333337,0.44442555275117884,0.527027027027027,0.0038923049391698106,0,0
vf:match:1404263301,0,2,0.5034811111119634,16,0.5,0.4966330470410051,0.43421052631578944,0.003481111111963364,1,1
vf:match:1404263299,0,4,0.4702352511012854,16,0.45833333333333337,0.4398382534753619,0.5135135135135135,0.01190191776795202,0,0
vf:match:1404263287,0,2,0.49377658287633724,16,0.49315068493150677,0.4876366270286381,0.42105263157894735,0.000625897944830478,0,0
vf:match:1404263285,1,3,0.5040951613282286,16,0.5,0.48447733284587835,0.5921052631578947,0.004095161328228625,1,1
vf:match:1404263280,1,3,0.5378074830120767,16,0.5277777777777778,0.526445615766105,0.3670886075949367,0.010029705234298913,1,1
vf:match:1404263277,0,2,0.4787698254420504,16,0.4794520547945205,0.46960680500566465,0.4533333333333333,-0.0006822293524701428,0,0
vf:match:1404263267,1,1,0.5121168941392947,16,0.5068493150684932,0.5057758535638359,0.47297297297297297,0.0052675790708015535,1,1
vf:match:1404263265,1,1,0.4697893258163401,16,0.4722222222222222,0.4614106344037142,0.38961038961038963,-0.0024328964058821234,0,0
vf:match:1404263262,0,4,0.50251465954604,16,0.5138888888888888,0.47375395425544825,0.6585365853658537,-0.011374229342848818,1,1
vf:match:1404263257,1,3,0.4979951464869923,16,0.5138888888888888,0.48903831355142846,0.56,-0.01589374240189656,0,1
vf:match:1404263256,0,4,0.505856970638638,16,0.5,0.5005429477432731,0.4025974025974026,0.005856970638637993,1,1
vf:match:1404263255,0,2,0.5321643147730475,16,0.5205479452054794,0.5129307782761736,0.5844155844155844,0.011616369567568063,1,1
vf:match:1404263253,0,2,0.4898110490125842,16,0.4794520547945205,0.47102642116564475,0.56,0.010358994218063688,0,0
vf:match:1404263251,1,3,0.4883097921937584,16,0.48611111111111105,0.46407399923905096,0.5974025974025974,0.002198681082647369,0,0
vf:match:1404263249,1,1,0.49144175724937733,14,0.5,0.49168736804548463,0.3068181818181818,-0.008558242750622669,0,1
vf:match:1404263248,1,5,0.4826434776896593,15,0.4722222222222222,0.4727240410740679,0.35802469135802467,0.010421255467437107,0,0
vf:match:1404263245,1,5,0.48963126159686954,16,0.4657534246575343,0.4483804310596379,0.56,0.023877836939335262,0,0
vf:match:1404263244,1,5,0.5361933107486844,16,0.5277777777777778,0.5147549700540587,0.5466666666666666,0.00841553297090658,1,1
vf:match:1404263243,1,1,0.5221989358316672,15,0.5138888888888888,0.5126970848526852,0.28260869565217395,0.00831004694277837,1,1
vf:match:1404259588,1,1,0.48164668211787626,16,0.48611111111111105,0.47024376409257773,0.5466666666666666,-0.0044644289932347925,0,0
vf:match:1404259586,0,4,0.47311014277682817,16,0.4722222222222222,0.4643896713919782,0.41558441558441556,0.0008879205546059588,0,0
vf:match:1404259584,1,1,0.5056604992075721,16,0.5138888888888888,0.47652277719021496,0.6585365853658537,-0.008228389681316783,1,1
vf:match:1404259579,1,1,0.49994741668587395,16,0.5,0.4946911489150001,0.44,-5.258331412605344e-05,0,1
vf:match:1404259577,0,2,0.47345338374978124,16,0.4722222222222222,0.4699284791368898,0.4266666666666667,0.0012311615275590326,0,0
vf:match:1404259575,0,2,0.503797812619001,16,0.49315068493150677,0.4847016870928453,0.625,0.010647127687494262,1,0
vf:match:1404259574,0,2,0.49182536425702894,16,0.48611111111111105,0.47693273547331055,0.41558441558441556,0.005714253145917891,0,0
vf:match:1404259572,1,3,0.46136571801928117,16,0.45833333333333337,0.4424468986649853,0.527027027027027,0.0030323846859477976,0,0
vf:match:1404259569,0,6,0.5068001637961622,16,0.5,0.49333390130326676,0.4864864864864864,0.0068001637961622174,1,1
vf:match:1404259565,1,3,0.49542184296023295,16,0.49315068493150677,0.49095472118691613,0.3373493975903614,0.0022711580287261834,0,0
vf:match:1404259562,1,5,0.5010624011311826,16,0.48611111111111105,0.4842218359485494,0.44594594594594594,0.014951290020071561,1,0
vf:match:1404259561,1,1,0.46881043022661584,16,0.4722222222222222,0.4583093749123448,0.43421052631578944,-0.0034117919956063725,0,0
vf:match:1404259552,1,3,0.5051460870295765,15,0.5,0.4965197524884849,0.36250000000000004,0.005146087029576529,1,1
vf:match:1404259551,0,6,0.5230279265491921,16,0.5205479452054794,0.5241089572105936,0.47297297297297297,0.002479981343712634,1,1
vf:match:1404259548,1,5,0.5057710001316845,16,0.49315068493150677,0.4776448229853778,0.6202531645569621,0.012620315200177756,1,0
vf:match:1404259545,1,1,0.5602535679270584,16,0.5342465753424658,0.5197776317553477,0.527027027027027,0.026006992584592603,1,1
vf:match:1404259544,1,3,0.49088391676943044,16,0.5,0.4827340246158862,0.5405405405405405,-0.00911608323056956,0,1
vf:match:1404259542,0,2,0.49520576918341896,15,0.48611111111111105,0.4692684466540438,0.45945945945945943,0.009094658072307915,0,0
vf:match:1404259540,1,1,0.4903449872061442,16,0.49315068493150677,0.49015731278591324,0.38461538461538464,-0.0028056977253625437,0,0
vf:match:1404259535,1,3,0.49041789818065157,16,0.5,0.4946511100443566,0.47297297297297297,-0.009582101819348432,0,1
vf:match:1404259525,1,1,0.5218028105707821,16,0.5138888888888888,0.5112637270746712,0.4864864864864864,0.00791392168189331,1,1
vf:match:1404259518,0,2,0.5231191833086529,15,0.48611111111111105,0.476860647949629,0.5657894736842105,0.037008072197541875,1,0
vf:match:1404259517,0,4,0.4748535169102469,16,0.4722222222222222,0.46327304208986253,0.45945945945945943,0.002631294688024699,0,0
vf:match:1404259514,0,2,0.5327223944461995,16,0.5277777777777778,0.5215627271706152,0.45945945945945943,0.00494461666842172,1,1
vf:match:1404259513,0,0,0.5145701234157013,16,0.5138888888888888,0.5149091069813161,0.35802469135802467,0.0006812345268124576,1,1
vf:match:1404259510,0,2,0.49322327509783875,16,0.5,0.48883498165649025,0.4533333333333333,-0.006776724902161246,0,1
vf:match:1404259506,1,1,0.4935475908277654,16,0.48611111111111105,0.4892743155578137,0.36250000000000004,0.007436479716654343,0,0
vf:match:1404259496,0,0,0.47502803652951126,16,0.48611111111111105,0.4781715018634582,0.35802469135802467,-0.011083074581599794,0,0
vf:match:1404259491,1,3,0.4988823526665922,16,0.48611111111111105,0.4671808843840331,0.56,0.01277124155548115,0,0
vf:match:1404259487,1,1,0.49746447511242364,16,0.5,0.48690560772113173,0.527027027027027,-0.002535524887576357,0,1
vf:match:1404259486,1,3,0.5195156396706998,16,0.5138888888888888,0.5084772726235759,0.5135135135135135,0.005626750781810963,1,1
vf:match:1404259485,1,3,0.5026419257288868,16,0.5068493150684932,0.5037385284815856,0.3414634146341463,-0.004207389339606404,1,1
vf:match:1404259482,1,3,0.4837984168383964,16,0.4794520547945205,0.47325001397256866,0.33333333333333337,0.004346362043875895,0,0
vf:match:1404259480,1,1,0.5349375085259196,16,0.5277777777777778,0.5129895400913383,0.5466666666666666,0.0071597307481418015,1,1
vf:match:1404259474,1,3,0.46937176858844265,16,0.4722222222222222,0.4444464298373994,0.5657894736842105,-0.0028504536337795594,0,0
vf:match:1404259456,1,3,0.48345975534725694,15,0.48611111111111105,0.4866727087129548,0.24796747967479674,-0.002651355763854113,0,0
vf:match:1404259436,1,3,0.5000691520037895,16,0.5068493150684932,0.4971330741370761,0.38461538461538464,-0.006780163064703637,1,1
vf:match:1404259433,0,4,0.5287451893618649,15,0.5138888888888888,0.4953885389211524,0.6823529411764706,0.014856300472976036,1,1
vf:match:1404259430,1,3,0.4963872696516713,15,0.48611111111111105,0.47044037869634703,0.5789473684210527,0.010276158540560243,0,0
vf:match:1404259428,0,2,0.522266531604385,16,0.5138888888888888,0.5003261851056006,0.6202531645569621,0.008377642715496125,1,1
vf:match:1404259426,1,3,0.461615832042331,16,0.4657534246575343,0.4611741437725164,0.3373493975903614,-0.0041375926152033005,0,0
vf:match:1404259421,0,4,0.490114441062287,16,0.48611111111111105,0.47803692197965286,0.5135135135135135,0.004003329951175971,0,0
vf:match:1404259418,1,3,0.5036995038056328,16,0.5,0.502710060112236,0.35802469135802467,0.0036995038056327756,1,1
vf:match:1404259413,0,4,0.5062295266382865,16,0.5,0.5011303078842007,0.4025974025974026,0.0062295266382864645,1,1
vf:match:1404259412,1,3,0.49333160617135013,16,0.4794520547945205,0.4643933778639909,0.5733333333333334,0.013879551376829613,0,0
vf:match:1404259407,0,0,0.4910326136125699,16,0.48611111111111105,0.48537370117457596,0.42105263157894735,0.004921502501458841,0,0
vf:match:1404259396,1,3,0.45662492701670226,16,0.45833333333333337,0.446604252121364,0.527027027027027,-0.0017084063166311059,0,0
vf:match:1404259387,0,2,0.5258285443038068,16,0.5138888888888888,0.5065699083489013,0.5540540540540541,0.011939655414917927,1,1
vf:match:1404259381,0,2,0.4789587615162272,16,0.4794520547945205,0.46936987300733407,0.4078947368421052,-0.0004932932782933386,0,0
vf:match:1404259379,1,3,0.47427946204889665,16,0.4722222222222222,0.4706694307168125,0.375,0.0020572398266744396,0,0
vf:match:1404259377,0,0,0.5055354432715873,16,0.5068493150684932,0.49752522754984907,0.5657894736842105,-0.0013138717969058966,1,1
vf:match:1404259376,0,4,0.5021023709507645,16,0.5138888888888888,0.5029445368491227,0.375,-0.011786517938124352,1,1
vf:match:1404259363,0,4,0.5381658913462468,16,0.5138888888888888,0.49261997354927345,0.7045454545454546,0.024277002457357977,1,1
vf:match:1404253442,0,4,0.5061707504073979,16,0.5,0.4931409517769443,0.6103896103896104,0.006170750407397896,1,1
vf:match:1404253441,1,3,0.5066038835801936,16,0.49315068493150677,0.48759931804749684,0.4533333333333333,0.013453198648686826,1,0
vf:match:1404253438,0,2,0.5088738071806133,16,0.49315068493150677,0.4896649916200633,0.5,0.01572312224910649,1,0
vf:match:1404253436,1,1,0.49219390008081854,16,0.48611111111111105,0.48775445543208035,0.38461538461538464,0.006082788969707487,0,0
vf:match:1404253431,1,1,0.5295338258546981,16,0.5,0.492985449248774,0.527027027027027,0.029533825854698104,1,1
vf:match:1404253426,1,7,0.5005830889756059,16,0.5,0.4866927217382866,0.5540540540540541,0.0005830889756058832,1,1
vf:match:1404253424,1,3,0.5043708724714232,16,0.5,0.502710060112236,0.35802469135802467,0.004370872471423204,1,1
vf:match:1404253413,0,4,0.49357418426687377,16,0.5,0.4833824413179337,0.49333333333333335,-0.006425815733126228,0,1
vf:match:1404253412,0,4,0.47419729378106135,16,0.4657534246575343,0.45873740533827007,0.56,0.00844386912352707,0,0
vf:match:1404253410,1,3,0.4901890271648698,16,0.48611111111111105,0.4752101417972403,0.4666666666666667,0.0040779160537587344,0,0
vf:match:1404253409,1,3,0.5344421475455,16,0.5342465753424658,0.5330424413568584,0.45945945945945943,0.00019557220303423328,1,1
vf:match:1404278412,1,1,0.4743473694539222,16,0.4722222222222222,0.46829053984373964,0.3373493975903614,0.0021251472316999864,0,0
vf:match:1404278403,0,2,0.5324654717529018,16,0.5138888888888888,0.49802098296276925,0.56,0.01857658286401298,1,1
vf:match:1404278400,0,4,0.47494807704915654,16,0.4722222222222222,0.4703334139070613,0.44,0.0027258548269343263,0,0
vf:match:1404278399,0,2,0.5093555799032468,16,0.5138888888888888,0.5090932794472329,0.41558441558441556,-0.004533308985642082,1,1
vf:match:1404278396,1,1,0.5056595704508009,16,0.5068493150684932,0.48340917901396985,0.6202531645569621,-0.0011897446176922788,1,1
vf:match:1404278394,0,4,0.502144795291064,16,0.5,0.5011071245695595,0.3974358974358974,0.002144795291064039,1,1
vf:match:1404278388,0,2,0.5074956249698694,16,0.5068493150684932,0.5050685243904498,0.43421052631578944,0.000646309901376263,1,1
vf:match:1404278382,1,1,0.5014818206222754,16,0.5,0.4868337518030077,0.5466666666666666,0.0014818206222754204,1,1
vf:match:1404278371,1,3,0.5114378864952754,16,0.5068493150684932,0.4893970077015405,0.6419753086419754,0.004588571426782262,1,1
vf:match:1404278368,0,2,0.4935475908277654,16,0.48611111111111105,0.48528814670510423,0.36250000000000004,0.007436479716654343,0,0
vf:match:1404278367,1,3,0.47707960214015777,16,0.4794520547945205,0.463776798764584,0.5199999999999999,-0.0023724526543627555,0,0
vf:match:1404278364,1,1,0.49546589225418297,16,0.5,0.4907230415919967,0.5333333333333333,-0.004534107745817029,0,1
vf:match:1404278363,0,2,0.49688991255061626,16,0.5,0.4883642272672034,0.5333333333333333,-0.003110087449383736,0,1
vf:match:1404278336,1,3,0.5122310245768682,16,0.5138888888888888,0.5093944085356297,0.4078947368421052,-0.0016578643120206404,1,1
vf:match:1404278332,0,4,0.49285622169230847,16,0.48611111111111105,0.47449638420314183,0.45945945945945943,0.006745110581197422,0,0
vf:match:1404278331,1,1,0.4816887661375484,16,0.4722222222222222,0.46733363473468614,0.375,0.009466543915326198,0,0
vf:match:1404278330,0,4,0.5119724326499262,16,0.5,0.48891160270651324,0.6375000000000001,0.011972432649926201,1,1
vf:match:1404278323,0,2,0.5156945444508949,16,0.5138888888888888,0.5077605794853657,0.4078947368421052,0.00180565556200607,1,1
vf:match:1404278317,0,2,0.4843052425420642,16,0.48611111111111105,0.47610004788482146,0.5466666666666666,-0.0018058685690468534,0,0
vf:match:1404278314,1,1,0.4987517692239242,16,0.5,0.49596047737211896,0.3414634146341463,-0.001248230776075776,0,1
vf:match:1404278310,1,5,0.4961253351850435,16,0.48611111111111105,0.47598355383814533,0.5466666666666666,0.010014224073932432,0,0
vf:match:1404278305,0,2,0.5055947822402954,16,0.48611111111111105,0.4733084210243125,0.6153846153846154,0.019483671129184366,1,0
vf:match:1404278304,0,2,0.4984746274200311,16,0.5,0.49011595262905494,0.44594594594594594,-0.0015253725799688755,0,1
vf:match:1404278299,0,2,0.5257355083134907,16,0.5068493150684932,0.5037642072389076,0.5,0.018886193244997518,1,1
vf:match:1404278290,1,3,0.5090198537606805,16,0.5,0.4861970835654572,0.5135135135135135,0.009019853760680485,1,1
vf:match:1404278289,1,3,0.5173878849170588,16,0.5138888888888888,0.5083133083890321,0.48,0.003498996028169943,1,1
vf:match:1404278288,1,5,0.5082038576573814,16,0.5138888888888888,0.49854453002197674,0.4533333333333333,-0.005685031231507431,1,1
vf:match:1404278285,0,6,0.5410769588158014,16,0.5342465753424658,0.5323561149366377,0.44,0.006830383473335644,1,1
vf:match:1404278284,1,3,0.5008769784839826,15,0.48611111111111105,0.46298850211530906,0.5657894736842105,0.014765867372871555,1,0
vf:match:1404278282,1,1,0.5484844113321046,16,0.5138888888888888,0.5009170530271001,0.5974025974025974,0.03459552244321573,1,1
vf:match:1404278279,1,1,0.5006321255106597,16,0.5,0.48724867642577274,0.4666666666666667,0.0006321255106597201,1,1
vf:match:1404278276,1,1,0.5154054732851914,16,0.5138888888888888,0.4971574917183596,0.6463414634146342,0.0015165843963025338,1,1
vf:match:1404278274,1,1,0.48238567259274723,16,0.4794520547945205,0.4696765766980368,0.3974358974358974,0.0029336177982267064,0,0
vf:match:1404278272,0,4,0.4923947305045354,15,0.4794520547945205,0.4667326860410665,0.45945945945945943,0.012942675710014895,0,0
vf:match:1404278265,1,3,0.4877821783760633,16,0.4722222222222222,0.4709424235583241,0.4533333333333333,0.015559956153841092,0,0
vf:match:1404278255,1,3,0.4709812934567055,16,0.4722222222222222,0.461256558055935,0.43421052631578944,-0.0012409287655167356,0,0
vf:match:1404278254,0,2,0.5282287164722376,16,0.5068493150684932,0.5064456874935673,0.4666666666666667,0.02137940140374439,1,1
vf:match:1404278252,0,4,0.4796905607866011,16,0.48611111111111105,0.47917974459126805,0.36250000000000004,-0.006420550324509944,0,0
vf:match:1404278247,1,3,0.4808388641630987,16,0.4794520547945205,0.4729666178471956,0.4864864864864864,0.0013868093685781568,0,0
vf:match:1404278239,0,0,0.49079910375821173,16,0.49315068493150677,0.4840560194053426,0.5466666666666666,-0.0023515811732950365,0,0
vf:match:1404278237,0,2,0.4970120130781705,16,0.5068493150684932,0.5009410459508031,0.45945945945945943,-0.009837301990322678,0,1
vf:match:1404278231,0,2,0.5334347397813111,16,0.5138888888888888,0.5098027102552117,0.56,0.019545850892422223,1,1
vf:match:1404278224,0,4,0.4921092564347266,16,0.49315068493150677,0.4885608418069572,0.4078947368421052,-0.0010414284967801835,0,0
vf:match:1404278223,0,2,0.5005096704344558,16,0.5,0.4886344942557449,0.5657894736842105,0.0005096704344558223,1,1
vf:match:1404278211,1,1,0.49145836052130376,15,0.4794520547945205,0.47139624492728455,0.42105263157894735,0.01200630572678324,0,0
vf:match:1404278208,1,3,0.5071653657351134,16,0.5138888888888888,0.5005812061189381,0.5657894736842105,-0.006723523153775446,1,1
vf:match:1404278207,0,2,0.4956613114654085,16,0.5,0.48430583421538287,0.4533333333333333,-0.004338688534591517,0,1
vf:match:1404278206,0,2,0.4816515569053481,15,0.4722222222222222,0.4705400386884705,0.35802469135802467,0.0094293346831259,0,0
vf:match:1404278204,1,1,0.5091181246949011,16,0.5,0.5022106930699609,0.47297297297297297,0.009118124694901142,1,1
vf:match:1404278203,0,2,0.4767343783349043,16,0.4722222222222222,0.47116531383591015,0.375,0.004512156112682075,0,0
vf:match:1404278201,0,4,0.5247679942910326,15,0.5205479452054794,0.5160526879345242,0.28571428571428575,0.004220049085553179,1,1
vf:match:1404272371,1,3,0.5644994717312304,16,0.5416666666666666,0.5220195042733207,0.6025641025641025,0.022832805064563755,1,1
vf:match:1404272367,0,2,0.47947796719667873,16,0.4794520547945205,0.47503409292090526,0.4533333333333333,2.5912402158212444e-05,0,0
vf:match:1404272362,1,5,0.4967045945296999,15,0.48611111111111105,0.47044037869634703,0.5789473684210527,0.010593483418588845,0,0
vf:match:1404272359,0,4,0.4993605040371303,15,0.4722222222222222,0.45285265670347563,0.6202531645569621,0.027138281814908072,0,0
vf:match:1404272357,0,0,0.4958368503223264,16,0.5,0.4878748604643226,0.44,-0.0041631496776736165,0,1
vf:match:1404272356,0,6,0.5078156792004727,16,0.5,0.4887049194267537,0.5405405405405405,0.007815679200472658,1,1
vf:match:1404272351,0,2,0.5125046432829047,16,0.5138888888888888,0.5077605794853657,0.4078947368421052,-0.001384245605984158,1,1
vf:match:1404272350,1,3,0.502390839778684,16,0.5,0.4819092483587693,0.5921052631578947,0.0023908397786840396,1,1
vf:match:1404272349,1,3,0.502144795291064,16,0.5,0.5011071245695595,0.3974358974358974,0.002144795291064039,1,1
vf:match:1404272346,1,1,0.49448593199892193,15,0.48611111111111105,0.4697158110297648,0.45945945945945943,0.008374820887810885,0,0
vf:match:1404272339,0,2,0.4768307154762048,16,0.48611111111111105,0.4781715018634582,0.35802469135802467,-0.009280395634906236,0,0
vf:match:1404272338,0,2,0.5199276400385939,16,0.5138888888888888,0.5030836176750444,0.5733333333333334,0.0060387511497050905,1,1
vf:match:1404272332,1,1,0.46911439870741956,16,0.4722222222222222,0.4614106344037142,0.38961038961038963,-0.0031078235148026545,0,0
vf:match:1404272329,1,5,0.5068506403677776,16,0.5138888888888888,0.48755860968841025,0.625,-0.0070382485211112344,1,1
vf:match:1404272328,1,3,0.5267813325514413,16,0.5138888888888888,0.5128532922028785,0.3974358974358974,0.012892443662552489,1,1
vf:match:1404272323,0,2,0.473056859504539,16,0.4722222222222222,0.46621212410736046,0.3373493975903614,0.000834637282316808,0,0
vf:match:1404272311,0,2,0.48453851316114444,15,0.4722222222222222,0.4705400386884705,0.35802469135802467,0.012316290938922225,0,0
vf:match:1404272303,1,1,0.49662694961313586,16,0.5,0.4911675181271511,0.42105263157894735,-0.0033730503868641404,0,1
vf:match:1404272295,0,2,0.4919527719099096,16,0.4794520547945205,0.46950391348422194,0.56,0.012500717115389082,0,0
vf:match:1404272292,0,4,0.5061546857871398,16,0.5,0.4977281232728423,0.43421052631578944,0.006154685787139846,1,1
vf:match:1404272289,1,3,0.46615754757805866,16,0.48611111111111105,0.4642533316255317,0.5657894736842105,-0.019953563533052388,0,0
vf:match:1404272288,0,2,0.5129685926079687,16,0.5068493150684932,0.5030775379993662,0.4864864864864864,0.006119277539475498,1,1
vf:match:1404272287,1,3,0.485920571956247,16,0.4794520547945205,0.4608157383657944,0.5405405405405405,0.0064685171617264725,0,0
vf:match:1404272280,1,1,0.4965324800000885,16,0.5,0.4940621863174189,0.4864864864864864,-0.003467519999911517,0,1
vf:match:1404272278,1,3,0.5125228153358161,16,0.5138888888888888,0.49961003045544417,0.5405405405405405,-0.001366073553072722,1,1
vf:match:1404272276,0,4,0.5501915452585554,16,0.5342465753424658,0.5310448767903178,0.56,0.015944969916089624,1,1
vf:match:1404272269,0,4,0.47141243558281637,16,0.45833333333333337,0.43879464719496464,0.5135135135135135,0.013079102249482999,0,0
vf:match:1404272262,1,3,0.4371750928415879,16,0.4383561643835617,0.4193051519695217,0.6375000000000001,-0.0011810715419737772,0,0
vf:match:1404272260,0,2,0.48361635731605784,16,0.4794520547945205,0.4681487061268442,0.4666666666666667,0.004164302521537322,0,0
vf:match:1404272253,1,1,0.48942859520029314,16,0.48611111111111105,0.4750824903555852,0.5,0.003317484089182088,0,0
vf:match:1404272251,0,0,0.5395390899443274,16,0.5277777777777778,0.5265310462188616,0.5,0.011761312166549631,1,1
vf:match:1404272250,1,3,0.49887338205648685,16,0.5,0.49729579716809524,0.36250000000000004,-0.001126617943513153,0,1
vf:match:1404272243,1,1,0.5028623184740657,15,0.5,0.49402882312125385,0.26041666666666663,0.002862318474065706,1,1
vf:match:1404272237,0,2,0.47265320864956173,16,0.4722222222222222,0.4632914713658426,0.45945945945945943,0.0004309864273395192,0,0
vf:match:1404272235,1,5,0.5128837856190175,16,0.5,0.49235634291663655,0.5135135135135135,0.012883785619017485,1,1
vf:match:1404272232,0,4,0.510361384991122,16,0.5,0.48934454555926743,0.6419753086419754,0.010361384991122047,1,1
vf:match:1404272226,1,1,0.4955392833246901,16,0.48611111111111105,0.48675651089925903,0.42105263157894735,0.009428172213579056,0,0
vf:match:1404272221,0,2,0.5133560050684141,16,0.5,0.49859377940153254,0.5066666666666666,0.013356005068414056,1,1
vf:match:1404272220,0,2,0.5068970311783364,16,0.48611111111111105,0.486841311499137,0.5135135135135135,0.02078592006722535,1,0
vf:match:1404272215,0,2,0.5173878849170588,16,0.5138888888888888,0.5083133083890321,0.48,0.003498996028169943,1,1
vf:match:1404272208,1,1,0.51840484727998,15,0.5068493150684932,0.5024531387518401,0.3536585365853659,0.011555532211486863,1,1
vf:match:1404272206,0,4,0.4987735982208145,16,0.5,0.49718619053370045,0.44,-0.001226401779185482,0,1
vf:match:1404272205,0,6,0.5355718566767892,15,0.5138888888888888,0.5097446235041132,0.43421052631578944,0.021682967787900354,1,1
vf:match:1404272203,1,1,0.48007000511097137,16,0.48611111111111105,0.47820072838631283,0.313953488372093,-0.006041106000139684,0,0
vf:match:1404272202,1,3,0.4805331846213461,15,0.45833333333333337,0.4438568173854281,0.5,0.022199851288012717,0,0
vf:match:1404272200,1,7,0.5137148378465768,16,0.5,0.48925410363026434,0.6419753086419754,0.013714837846576788,1,1
vf:match:1404272199,1,1,0.5090198537606805,16,0.5,0.4871408263473079,0.5066666666666666,0.009019853760680485,1,1
vf:match:1404272198,1,1,0.5260170520663173,16,0.5277777777777778,0.5252769212384885,0.45945945945945943,-0.0017607257114604646,1,1
vf:match:1404272190,0,6,0.4745612989697749,16,0.4794520547945205,0.46380454132689725,0.56,-0.0048907558247456295,0,0
vf:match:1404272187,0,4,0.50171846131912,16,0.4794520547945205,0.4706010636511373,0.45945945945945943,0.02226640652459949,1,0
vf:match:1404272185,1,1,0.49475604388526284,16,0.49315068493150677,0.4909580510077819,0.38461538461538464,0.0016053589537560753,0,0
vf:match:1404272183,0,4,0.5058320868527496,16,0.5068493150684932,0.4974631187453159,0.4533333333333333,-0.0010172282157435708,1,1
vf:match:1404272182,1,1,0.5002245962087715,16,0.49315068493150677,0.4828572327721332,0.56,0.0070739112772646995,1,0
vf:match:1404272180,1,3,0.49362966990453855,16,0.49315068493150677,0.4900604671382841,0.379746835443038,0.0004789849730317819,0,0
vf:match:1404272177,1,5,0.476667764113776,16,0.4722222222222222,0.46813558395238886,0.4864864864864864,0.0044455418915537726,0,0
vf:match:1404272175,1,5,0.4879032209217783,15,0.48611111111111105,0.4697178395253253,0.56,0.0017921098106672417,0,0
vf:match:1404272161,0,2,0.5322278706298936,16,0.5138888888888888,0.5175392340655403,0.43421052631578944,0.01833898174100479,1,1
vf:match:1404272159,0,2,0.5150431171592771,16,0.5138888888888888,0.5083712598755219,0.38461538461538464,0.0011542282703882467,1,1
vf:match:1404272154,1,3,0.49306516914681436,16,0.48611111111111105,0.4805302076271172,0.4078947368421052,0.006954058035703314,0,0
vf:match:1404272151,1,5,0.489526823294305,16,0.48611111111111105,0.4823597813709326,0.313953488372093,0.003415712183193975,0,0
vf:match:1404272148,1,3,0.4951360332118658,16,0.5,0.4952543741864008,0.35802469135802467,-0.004863966788134222,0,1
vf:match:1404272143,1,1,0.4700164866017302,16,0.4722222222222222,0.44485152997395466,0.5657894736842105,-0.002205735620492033,0,0
vf:match:1404272142,1,1,0.4837906279045393,16,0.4794520547945205,0.4339797076908083,0.717391304347826,0.004338573110018784,0,0
vf:match:1404272141,0,2,0.48652869976147795,16,0.48611111111111105,0.48318543843364486,0.43421052631578944,0.00041758865036689574,0,0
vf:match:1404272140,0,2,0.4726442150271563,16,0.4722222222222222,0.46557980004437804,0.47297297297297297,0.0004219928049341015,0,0
vf:match:1404269039,1,1,0.5102695882033015,16,0.49315068493150677,0.48946462675376773,0.5135135135135135,0.017118903271794716,1,0
vf:match:1404269036,1,1,0.509800189376394,16,0.5,0.5045533871133091,0.47297297297297297,0.009800189376394042,1,1
vf:match:1404269035,1,3,0.4492654632799163,16,0.452054794520548,0.42804872232471647,0.56,-0.0027893312406316872,0,0
vf:match:1404269028,1,1,0.4934690583602875,16,0.4794520547945205,0.47383800256421427,0.56,0.014017003565766961,0,0
vf:match:1404269022,0,4,0.49443055810259245,15,0.48611111111111105,0.4669541531755051,0.5789473684210527,0.008319446991481405,0,0
vf:match:1404269015,1,1,0.4971799279472162,15,0.48611111111111105,0.48827571963919764,0.3974358974358974,0.011068816836105166,0,0
vf:match:1404269014,1,3,0.5324471466551173,16,0.5277777777777778,0.5234573606945406,0.45945945945945943,0.004669368877339486,1,1
vf:match:1404269012,1,3,0.5380588400951996,16,0.5205479452054794,0.5016697429017387,0.5733333333333334,0.01751089488972013,1,1
vf:match:1404268999,1,3,0.5465875170924733,15,0.5277777777777778,0.5182631803079101,0.5733333333333334,0.01880973931469554,1,1
vf:match:1404268997,1,1,0.4817144221704727,16,0.4794520547945205,0.4743957283011791,0.44594594594594594,0.002262367375952201,0,0
vf:match:1404268991,0,4,0.49931306681315224,16,0.49315068493150677,0.47857255535742865,0.5466666666666666,0.006162381881645473,0,0
vf:match:1404268990,1,1,0.5408667613326904,16,0.5277777777777778,0.526685905944433,0.49333333333333335,0.013088983554912614,1,1
vf:match:1404268988,0,6,0.4956219834369895,16,0.4794520547945205,0.4643933778639909,0.5733333333333334,0.016169928642468967,0,0
vf:match:1404268986,0,2,0.4798974381971494,16,0.4722222222222222,0.47063105850617937,0.33333333333333337,0.0076752159749272075,0,0
vf:match:1404268984,0,2,0.4809199052710557,16,0.4794520547945205,0.46842988953547804,0.38461538461538464,0.001467850476535193,0,0
vf:match:1404268979,0,2,0.5001512490770501,16,0.5,0.4887074966055483,0.5540540540540541,0.00015124907705010848,1,1
vf:match:1404268975,0,2,0.4838954937437934,16,0.4722222222222222,0.4698006106471327,0.375,0.011673271521571216,0,0
vf:match:1404268969,1,3,0.5230247080186181,15,0.5138888888888888,0.49204042404034715,0.6823529411764706,0.009135819129729272,1,1
vf:match:1404268964,0,2,0.49590789736752183,16,0.5,0.49176263491109057,0.29213483146067415,-0.004092102632478167,0,1
vf:match:1404268962,1,1,0.553067623383135,16,0.5342465753424658,0.5346869712351946,0.56,0.018821048040669197,1,1
vf:match:1404268960,1,1,0.485193894300434,16,0.48611111111111105,0.483623451392657,0.38461538461538464,-0.000917216810677024,0,0
vf:match:1404268959,1,1,0.5084455500789304,16,0.5,0.49465267307396765,0.5974025974025974,0.008445550078930442,1,1
vf:match:1404268957,0,0,0.499699347186125,16,0.49315068493150677,0.48451806584925444,0.5657894736842105,0.006548662254618254,0,0
vf:match:1404268952,1,5,0.5412310986847774,16,0.5138888888888888,0.49559823811301484,0.7045454545454546,0.027342209795888528,1,1
vf:match:1404268951,0,2,0.5129372479663389,16,0.5068493150684932,0.5027258018228002,0.4864864864864864,0.006087932897845705,1,1
vf:match:1404268950,0,2,0.5003942049963537,16,0.5,0.4903037486166811,0.4533333333333333,0.00039420499635367534,1,1
vf:match:1404268945,1,3,0.4995734515954732,16,0.5,0.49529699888552936,0.41558441558441556,-0.0004265484045268275,0,1
vf:match:1404268943,1,1,0.4681888067800519,16,0.4722222222222222,0.46320664879611134,0.4266666666666667,-0.004033415442170285,0,0
vf:match:1404268942,1,5,0.48886758721720913,16,0.4794520547945205,0.4678980867714867,0.6153846153846154,0.00941553242268861,0,0
vf:match:1404268935,1,3,0.5027130935279371,16,0.5138888888888888,0.5027426779104746,0.3670886075949367,-0.011175795360951701,1,1
vf:match:1404268932,0,4,0.5004124931300651,15,0.5,0.4883306978868306,0.26041666666666663,0.0004124931300650836,1,1
vf:match:1404268931,0,4,0.4955885234114483,16,0.5,0.4907230415919967,0.5405405405405405,-0.004411476588551677,0,1
vf:match:1404268928,1,1,0.5074911820286601,16,0.5138888888888888,0.49601929263356603,0.49333333333333335,-0.00639770686022878,1,1
vf:match:1404268922,1,3,0.5278327966272462,15,0.5205479452054794,0.5220024337074379,0.43421052631578944,0.007284851421766825,1,1
vf:match:1404268919,1,1,0.5159142505389974,16,0.5138888888888888,0.5056619977054817,0.5066666666666666,0.0020253616501085814,1,1
vf:match:1404268917,0,6,0.46767335271808325,16,0.4722222222222222,0.4656255999818101,0.33333333333333337,-0.004548869504138964,0,0
vf:match:1404268916,0,4,0.530829268421479,16,0.5068493150684932,0.5005086369628984,0.5135135135135135,0.02397995335298586,1,1
vf:match:1404268912,0,6,0.5524281669188283,16,0.5342465753424658,0.5348737594898727,0.47297297297297297,0.018181591576362566,1,1
vf:match:1404268910,1,3,0.4732873270144142,16,0.4794520547945205,0.4728249345801664,0.44,-0.006164727780106294,0,0
vf:match:1404268904,0,0,0.48801674604709,16,0.48611111111111105,0.4823597813709326,0.313953488372093,0.0019056349359789504,0,0
vf:match:1404268903,1,1,0.49039120762397004,16,0.4794520547945205,0.4728836790984499,0.4533333333333333,0.010939152829449517,0,0
vf:match:1404268902,0,0,0.5206420975195377,16,0.5205479452054794,0.5146741673841676,0.4533333333333333,9.415231405829338e-05,1,1
vf:match:1404268897,1,7,0.44920333339372565,16,0.45833333333333337,0.44965878951301186,0.5135135135135135,-0.009129999939607725,0,0
vf:match:1404268888,1,3,0.4986346783195299,16,0.49315068493150677,0.48296347305359805,0.56,0.005483993388023134,0,0
vf:match:1404268886,1,3,0.5300381191975991,16,0.5205479452054794,0.5199410796368072,0.35802469135802467,0.00949017399211971,1,1
vf:match:1404268882,0,2,0.495954744169019,16,0.5,0.4911629981247054,0.43421052631578944,-0.004045255830980976,0,1
vf:match:1404268872,0,2,0.47830977645501216,16,0.48611111111111105,0.47820072838631283,0.313953488372093,-0.0078013346560988905,0,0
vf:match:1404268865,1,3,0.49553733315257625,16,0.5,0.4842061071383291,0.49333333333333335,-0.004462666847423746,0,1
vf:match:1404268863,1,5,0.5051673688894026,16,0.48611111111111105,0.4764256185155348,0.6202531645569621,0.019056257778291563,1,0
vf:match:1404268858,1,3,0.47428328699313377,16,0.4722222222222222,0.46581746194997253,0.48,0.002061064770911558,0,0
vf:match:1404268849,0,2,0.4842171951760716,16,0.4722222222222222,0.4664603331535184,0.56,0.011994972953849381,0,0
vf:match:1404268843,0,2,0.49920803143640724,16,0.5,0.49340789742898106,0.44,-0.0007919685635927598,0,1
vf:match:1404268840,1,3,0.48184342965939325,16,0.4794520547945205,0.4745631394327461,0.4266666666666667,0.0023913748648727307,0,0
vf:match:1404268838,1,3,0.5136294488819493,16,0.5,0.49422124074452106,0.5405405405405405,0.01362944888194928,1,1
vf:match:1404268832,0,2,0.5069401381466443,16,0.5,0.48652495560508013,0.6419753086419754,0.006940138146644292,1,1
vf:match:1404268831,0,6,0.5038337163212413,16,0.5,0.4926766792592842,0.48,0.0038337163212412984,1,1
vf:match:1404268830,1,1,0.5086662286097992,16,0.5068493150684932,0.5030473294602662,0.4025974025974026,0.0018169135413059756,1,1
vf:match:1404268827,0,0,0.4688999210643884,16,0.4722222222222222,0.44501190715289923,0.5657894736842105,-0.003322301157833829,0,0
vf:match:1404268823,0,2,0.5091297407732914,16,0.5,0.5031625692131669,0.4078947368421052,0.009129740773291428,1,1
vf:match:1404268818,1,3,0.5173878849170588,16,0.5138888888888888,0.5083133083890321,0.48,0.003498996028169943,1,1
vf:match:1404268813,1,1,0.4907122986145747,16,0.48611111111111105,0.4750824903555852,0.5,0.004601187503463666,0,0
vf:match:1404263455,0,2,0.495455115749644,16,0.5,0.4907230415919967,0.5405405405405405,-0.004544884250355985,0,1
vf:match:1404263453,1,3,0.4800008492747395,16,0.4794520547945205,0.47237927352255965,0.49333333333333335,0.0005487944802189948,0,0
vf:match:1404263445,1,1,0.4733261857983554,16,0.4722222222222222,0.4623802765575483,0.4266666666666667,0.0011039635761331823,0,0
vf:match:1404263442,1,1,0.5039227281626169,16,0.5,0.5001568061378159,0.375,0.003922728162616851,1,1
vf:match:1404263440,0,4,0.48185754867329633,16,0.48611111111111105,0.47157419890166663,0.5466666666666666,-0.0042535624378147174,0,0
vf:match:1404263439,1,3,0.48075965250393843,16,0.4794520547945205,0.463914077984436,0.5657894736842105,0.001307597709417907,0,0
vf:match:1404263431,0,2,0.5223805568039444,16,0.5,0.49984500505769275,0.5,0.02238055680394435,1,1
vf:match:1404263426,1,1,0.49475604388526284,16,0.49315068493150677,0.4916088243858706,0.38461538461538464,0.0016053589537560753,0,0
vf:match:1404263422,1,5,0.5032837396835353,16,0.5,0.49053600984727075,0.5135135135135135,0.003283739683535347,1,1
vf:match:1404263418,1,1,0.5304626630880426,16,0.5138888888888888,0.5115664146269607,0.5540540540540541,0.016573774199153735,1,1
vf:match:1404263414,0,2,0.5061504393114092,16,0.5,0.5020682034494857,0.4025974025974026,0.006150439311409239,1,1
vf:match:1404263413,1,5,0.4809297084638068,16,0.4794520547945205,0.47332833802942065,0.4864864864864864,0.0014776536692862607,0,0
vf:match:1404263412,1,3,0.5421777865280829,16,0.5342465753424658,0.5355718845304815,0.44,0.007931211185617126,1,1
vf:match:1404263410,0,0,0.5180086593613353,16,0.5138888888888888,0.488329916699718,0.6202531645569621,0.004119770472446493,1,1
vf:match:1404263409,1,1,0.47615412122761025,16,0.4722222222222222,0.46525152431736283,0.4533333333333333,0.00393189900538804,0,0
vf:match:1404263405,1,1,0.5212543188598346,16,0.5138888888888888,0.5049517107986664,0.5733333333333334,0.007365429970945803,1,1
vf:match:1404263400,0,2,0.4818021958573082,16,0.48611111111111105,0.47135392720839414,0.41558441558441556,-0.004308915253802836,0,0
vf:match:1404263399,0,2,0.4759860151034243,16,0.4722222222222222,0.46223974455051975,0.56,0.0037637928812020993,0,0
vf:match:1404263393,1,3,0.5343398685540665,16,0.5138888888888888,0.4987426011573418,0.56,0.020450979665177615,1,1
vf:match:1404263390,0,2,0.4913323842423326,16,0.49315068493150677,0.4822865627752033,0.5466666666666666,-0.001818300689174157,0,0
vf:match:1404263389,1,1,0.5087257199217193,16,0.5068493150684932,0.5035285807164336,0.47297297297297297,0.0018764048532261546,1,1
vf:match:1404263380,0,2,0.4984042001727437,16,0.5068493150684932,0.5017763627887312,0.45945945945945943,-0.00844511489574945,0,1
vf:match:1404263378,0,0,0.4980149205466139,15,0.49315068493150677,0.48740972856404496,0.26041666666666663,0.004864235615107126,0,0
vf:match:1404263376,1,1,0.5006449543873376,16,0.5,0.4902138365614372,0.44594594594594594,0.0006449543873375818,1,1
vf:match:1404263375,1,3,0.5536825433626952,16,0.5205479452054794,0.5074511459609634,0.5974025974025974,0.033134598157215756,1,1
vf:match:1404263373,0,4,0.48640774374953955,15,0.48611111111111105,0.4657145661678114,0.5657894736842105,0.00029663263842849563,0,0
vf:match:1404263370,1,3,0.535202648918001,16,0.5138888888888888,0.5105548418247365,0.4864864864864864,0.021313760029112117,1,1
vf:match:1404263361,1,5,0.5387108106626858,16,0.5277777777777778,0.5200712407972936,0.5789473684210527,0.01093303288490799,1,1
vf:match:1404263356,1,3,0.49829350149306356,16,0.5,0.4969345232419481,0.3414634146341463,-0.001706498506936438,0,1
vf:match:1404263355,1,1,0.5324471466551173,16,0.5277777777777778,0.5234573606945406,0.45945945945945943,0.004669368877339486,1,1
vf:match:1404263352,1,5,0.5015893090930668,16,0.5,0.4857915546187884,0.56,0.0015893090930667597,1,1
vf:match:1404263350,1,1,0.4900498582885505,16,0.48611111111111105,0.4690522777408552,0.6153846153846154,0.003938747177439472,0,0
vf:match:1404263345,1,1,0.5303858569902101,16,0.5,0.4942958169324171,0.527027027027027,0.030385856990210125,1,1
vf:match:1404263343,0,2,0.5164653058352286,16,0.5138888888888888,0.5052702949145622,0.5066666666666666,0.00257641694633981,1,1
vf:match:1404263336,1,1,0.48534700326894753,16,0.48611111111111105,0.4788981083143666,0.4266666666666667,-0.0007641078421635195,0,0
vf:match:1404263334,1,5,0.5049554071530692,16,0.5138888888888888,0.5043782078319479,0.3670886075949367,-0.008933481735819648,1,1
vf:match:1404263328,1,5,0.4893966233584883,16,0.4794520547945205,0.4637346970015849,0.5405405405405405,0.009944568563967804,0,0
vf:match:1404263327,0,2,0.5059263554049784,16,0.5,0.504079304872744,0.43421052631578944,0.005926355404978434,1,1
vf:match:1404263325,1,1,0.4978421927131092,16,0.5,0.4958292049736223,0.379746835443038,-0.0021578072868908005,0,1
vf:match:1404263319,0,4,0.5033752781387465,16,0.5,0.49296525917619105,0.56,0.003375278138746496,1,1
vf:match:1404263318,0,2,0.4865975482004413,16,0.48611111111111105,0.4800409264797988,0.313953488372093,0.00048643708933027163,0,0
vf:match:1404263315,0,4,0.48064796033614127,16,0.48611111111111105,0.4641397918398331,0.5974025974025974,-0.005463150774969783,0,0
vf:match:1404263307,0,4,0.4771761194088932,16,0.4794520547945205,0.46913527934122207,0.3373493975903614,-0.0022759353856273146,0,0
vf:match:1404263305,1,3,0.5074733339723879,16,0.5,0.49136100344106254,0.5466666666666666,0.007473333972387919,1,1
vf:match:1404263286,1,3,0.5121401815424406,16,0.5138888888888888,0.5044021710959888,0.4078947368421052,-0.001748707346448275,1,1
vf:match:1404263282,0,4,0.47590607727375606,16,0.48611111111111105,0.4789205374303708,0.527027027027027,-0.010205033837354993,0,0
vf:match:1404263281,0,2,0.49994763142711085,16,0.5,0.48499168418364924,0.5657894736842105,-5.236857288914987e-05,0,1
vf:match:1404263276,1,3,0.4757790018495033,16,0.4722222222222222,0.46554166153956367,0.41558441558441556,0.0035567796272810703,0,0
vf:match:1404263275,1,3,0.5030356976285434,16,0.5,0.48321246496040254,0.5921052631578947,0.003035697628543388,1,1
vf:match:1404263269,0,4,0.4997848469212072,16,0.48611111111111105,0.470682139231117,0.5333333333333333,0.013673735810096177,0,0
vf:match:1404263268,0,4,0.5163787182657193,16,0.5138888888888888,0.5022811153017503,0.5405405405405405,0.00248982937683051,1,1
vf:match:1404263264,0,2,0.537981695602141,16,0.5277777777777778,0.5248346158604252,0.4864864864864864,0.010203917824363251,1,1
vf:match:1404263263,0,6,0.4808494080390993,16,0.4722222222222222,0.46529280111438737,0.3974358974358974,0.008627185816877103,0,0
vf:match:1404263260,1,3,0.5008941707122742,16,0.49315068493150677,0.49169479040347647,0.3974358974358974,0.00774348578076739,1,0
vf:match:1404263252,0,0,0.5163317495765999,16,0.5,0.48892136047785206,0.5733333333333334,0.016331749576599885,1,1
vf:match:1404263247,1,1,0.5111991774020926,16,0.5068493150684932,0.5025035930878506,0.4864864864864864,0.0043498623335994635,1,1
vf:match:1404263241,0,6,0.5194104591462441,16,0.5138888888888888,0.4984562890055282,0.5974025974025974,0.005521570257355224,1,1
vf:match:1404263237,1,1,0.4835489924177618,15,0.48611111111111105,0.4793991910836399,0.4666666666666667,-0.002562118693349269,0,0
vf:match:1404263236,0,2,0.4727091528590447,16,0.4794520547945205,0.47172162543476354,0.36250000000000004,-0.006742901935475831,0,0
vf:match:1404263235,1,3,0.49716988899497894,16,0.5,0.49381242707393225,0.5,-0.002830111005021063,0,1
vf:match:1404263231,1,3,0.5132540170505813,16,0.5,0.48861799403032485,0.5789473684210527,0.013254017050581268,1,1
vf:match:1404259589,1,3,0.538361935646166,16,0.5138888888888888,0.500617921443839,0.56,0.024473046757277128,1,1
vf:match:1404259587,0,0,0.4794171260336837,16,0.4794520547945205,0.4627888953561287,0.5657894736842105,-3.492876083682761e-05,0,0
vf:match:1404259585,0,4,0.4804922234588474,16,0.4722222222222222,0.47093096650773464,0.32941176470588235,0.00827000123662519,0,0
vf:match:1404259578,1,1,0.49870660595837957,16,0.5,0.49433000182614095,0.38461538461538464,-0.0012933940416204326,0,1
vf:match:1404259576,0,2,0.496007024203555,15,0.48611111111111105,0.48283307777604695,0.26041666666666663,0.009895913092443975,0,0
vf:match:1404259573,1,1,0.5171859120279133,16,0.5068493150684932,0.49308006023977524,0.5,0.01033659695942013,1,1
vf:match:1404259567,0,2,0.4702352511012854,16,0.45833333333333337,0.4398382534753619,0.5135135135135135,0.01190191776795202,0,0
vf:match:1404259560,1,5,0.5226268764982765,16,0.5138888888888888,0.5097047516258228,0.3974358974358974,0.00873798760938771,1,1
vf:match:1404259555,0,2,0.5051309265160011,16,0.5,0.4929479367972538,0.6025641025641025,0.005130926516001111,1,1
vf:match:1404259553,0,4,0.4847044310918995,16,0.4722222222222222,0.46357716757583384,0.56,0.01248220886967727,0,0
vf:match:1404259549,0,4,0.5185824920454518,16,0.5138888888888888,0.4984562890055282,0.5974025974025974,0.0046936031565629754,1,1
vf:match:1404259546,0,2,0.4836793038635901,16,0.48611111111111105,0.47808813750931023,0.313953488372093,-0.0024318072475209562,0,0
vf:match:1404259543,0,2,0.5017704091221793,16,0.5,0.48499168418364924,0.5657894736842105,0.001770409122179295,1,1
vf:match:1404259538,1,1,0.4966231255978743,15,0.48611111111111105,0.47859800114387213,0.43421052631578944,0.010512014486763255,0,0
vf:match:1404259537,0,4,0.48145375702965937,16,0.4722222222222222,0.4263405240009755,0.717391304347826,0.009231534807437158,0,0
vf:match:1404259536,0,0,0.4783045304641323,16,0.4722222222222222,0.47066729028355586,0.38461538461538464,0.006082308241910084,0,0
vf:match:1404259533,0,0,0.4961232210980461,16,0.5,0.4866651342686339,0.44594594594594594,-0.0038767789019539256,0,1
vf:match:1404259530,0,4,0.45145847022221347,16,0.452054794520548,0.4314354299292904,0.56,-0.0005963242983345052,0,0
vf:match:1404259529,0,4,0.4653143015569653,16,0.4657534246575343,0.46110040390924334,0.4266666666666667,-0.0004391231005689833,0,0
vf:match:1404259519,1,1,0.5010576093229253,16,0.5,0.49458527807481273,0.42105263157894735,0.0010576093229253125,1,1
vf:match:1404259512,0,4,0.5417258961145218,16,0.5277777777777778,0.5052430930995213,0.5789473684210527,0.013948118336744031,1,1
vf:match:1404259509,1,1,0.5121407132174707,16,0.5,0.49843125093559515,0.5974025974025974,0.012140713217470678,1,1
vf:match:1404259507,0,0,0.5158699560004878,16,0.5,0.47719661313418427,0.5974025974025974,0.015869956000487795,1,1
vf:match:1404259504,1,3,0.4970869311463578,16,0.48611111111111105,0.47666091051605364,0.5657894736842105,0.010975820035246775,0,0
vf:match:1404259498,1,3,0.5035718286113986,16,0.5,0.48321246496040254,0.5921052631578947,0.0035718286113985975,1,1
vf:match:1404259497,0,4,0.49912359613523,16,0.49315068493150677,0.4833026470342714,0.56,0.00597291120372323,0,0
vf:match:1404259495,1,1,0.4825617023057891,16,0.4722222222222222,0.4458368552116984,0.625,0.010339480083566888,0,0
vf:match:1404259493,1,3,0.5254971833258162,16,0.5277777777777778,0.5218360077951253,0.44594594594594594,-0.002280594451961604,1,1
vf:match:1404259492,1,3,0.5124635181359564,16,0.5138888888888888,0.5059532028278613,0.48,-0.0014253707529324755,1,1
vf:match:1404259489,0,4,0.4779636927636299,16,0.4722222222222222,0.4610478883993616,0.44,0.005741470541407667,0,0
vf:match:1404259488,1,5,0.49955421405758765,15,0.48611111111111105,0.46458538464674043,0.5657894736842105,0.013443102946476604,0,0
vf:match:1404259483,1,1,0.5069340269939641,16,0.5,0.48652495560508013,0.6419753086419754,0.00693402699396406,1,1
vf:match:1404259476,1,3,0.47476318145266044,16,0.4794520547945205,0.47439105120296593,0.44,-0.004688873341860078,0,0
vf:match:1404259472,1,3,0.49053031694738713,16,0.48611111111111105,0.4684399199488433,0.5657894736842105,0.0044192058362760855,0,0
vf:match:1404259469,1,3,0.5498346645419251,16,0.5277777777777778,0.5341176071161,0.47297297297297297,0.0220568867641473,1,1
vf:match:1404259463,1,3,0.530002553163836,15,0.5068493150684932,0.4897182009204687,0.5974025974025974,0.023153238095342865,1,1
vf:match:1404259462,1,3,0.5249419268971942,15,0.5205479452054794,0.5160526879345242,0.28571428571428575,0.004393981691714788,1,1
vf:match:1404259461,1,1,0.48963126159686954,16,0.4657534246575343,0.4521818754007436,0.56,0.023877836939335262,0,0
vf:match:1404259459,1,5,0.4760242026246358,16,0.4722222222222222,0.4652178524986931,0.4533333333333333,0.003801980402413585,0,0
vf:match:1404259457,0,4,0.4820796025351998,16,0.48611111111111105,0.4785349047729395,0.38461538461538464,-0.004031508575911225,0,0
vf:match:1404259454,0,4,0.5071796241599735,16,0.5138888888888888,0.5084861434981575,0.3414634146341463,-0.0067092647289153096,1,1
vf:match:1404259453,1,3,0.4893966233584883,16,0.4794520547945205,0.4637346970015849,0.5405405405405405,0.009944568563967804,0,0
vf:match:1404259452,0,2,0.5022283226108134,16,0.5,0.49053600984727075,0.5135135135135135,0.0022283226108134047,1,1
vf:match:1404259450,0,0,0.5069356936249761,16,0.5,0.48976180526535734,0.5405405405405405,0.006935693624976147,1,1
vf:match:1404259448,1,5,0.4987097174087412,16,0.5,0.4929241723604971,0.35802469135802467,-0.0012902825912587956,0,1
vf:match:1404259438,0,6,0.5351741305231796,16,0.5205479452054794,0.5116653311053425,0.5844155844155844,0.014626185317700213,1,1
vf:match:1404259431,1,1,0.5060475128590483,16,0.5,0.5009749100093,0.48,0.006047512859048254,1,1
vf:match:1404259423,0,2,0.5089064863402106,16,0.5,0.48880638742576143,0.5135135135135135,0.008906486340210629,1,1
vf:match:1404259419,1,1,0.5122015845606883,16,0.5,0.5009918513232664,0.4266666666666667,0.012201584560688317,1,1
vf:match:1404259409,0,2,0.5026680728342464,16,0.5,0.4991771564901587,0.4025974025974026,0.0026680728342464155,1,1
vf:match:1404259408,1,5,0.4979568004298788,16,0.5,0.49828027816185066,0.4864864864864864,-0.0020431995701212236,0,1
vf:match:1404259406,1,5,0.47731717018174097,16,0.48611111111111105,0.47738932317098126,0.31764705882352945,-0.008793940929370081,0,0
vf:match:1404259405,1,3,0.49445099371323875,16,0.48611111111111105,0.48111460552172264,0.5199999999999999,0.008339882602127702,0,0
vf:match:1404259404,1,3,0.49293674559671286,16,0.49315068493150677,0.49185960902873804,0.36250000000000004,-0.00021393933479391114,0,0
vf:match:1404259403,0,2,0.49759752985258493,16,0.5068493150684932,0.49253673341155463,0.5844155844155844,-0.009251785215908248,0,1
vf:match:1404259400,1,1,0.5356862115497928,15,0.5,0.4923597680947611,0.5333333333333333,0.03568621154979279,1,1
vf:match:1404259397,1,1,0.5135158412820491,16,0.5,0.49679488272984607,0.5466666666666666,0.01351584128204908,1,1
vf:match:1404259391,1,1,0.5053727270790194,16,0.5,0.5011247320546544,0.31764705882352945,0.005372727079019368,1,1
vf:match:1404259390,0,6,0.48777874119968706,16,0.4722222222222222,0.4695088970216485,0.5,0.01555651897746485,0,0
vf:match:1404259388,0,0,0.49756985611926363,16,0.5,0.4888501659493236,0.5066666666666666,-0.0024301438807363684,0,1
vf:match:1404259385,0,2,0.48012932355616844,16,0.4794520547945205,0.4661450305759879,0.5135135135135135,0.00067726876164792,0,0
vf:match:1404259383,0,2,0.4878636511818683,16,0.48611111111111105,0.4771667214399704,0.5466666666666666,0.001752540070757258,0,0
vf:match:1404259382,1,3,0.5027040535890817,16,0.5138888888888888,0.5031933327667574,0.45945945945945943,-0.011184835299807183,1,1
vf:match:1404259372,0,4,0.496478549991378,16,0.48611111111111105,0.46733074708188166,0.5405405405405405,0.010367438880266977,0,0
vf:match:1404259369,1,3,0.5011331382921074,16,0.5,0.4998106603928495,0.44,0.0011331382921073718,1,1
vf:match:1404259367,0,2,0.5247814980949286,16,0.5205479452054794,0.5098289045256378,0.5466666666666666,0.004233552889449155,1,1
vf:match:1404259365,0,4,0.47203042999743317,16,0.4722222222222222,0.46119819676343676,0.3974358974358974,-0.00019179222478904467,0,0
vf:match:1404253440,1,3,0.5618248203067375,16,0.5342465753424658,0.5243096594179687,0.527027027027027,0.027578244964271748,1,1
vf:match:1404253435,1,3,0.49845289397162224,16,0.48611111111111105,0.4752611284210998,0.5135135135135135,0.012341782860511186,0,0
vf:match:1404253429,1,1,0.5051784018516824,16,0.5068493150684932,0.4969289877875246,0.4533333333333333,-0.0016709132168107876,1,1
vf:match:1404253427,0,2,0.4890682072067001,16,0.48611111111111105,0.4657145661678114,0.5657894736842105,0.002957096095589029,0,0
vf:match:1404253423,0,4,0.5217743872916323,16,0.5138888888888888,0.5030798586794601,0.5733333333333334,0.00788549840274344,1,1
vf:match:1404253416,0,2,0.5099326364529635,16,0.5138888888888888,0.5041657786130865,0.41558441558441556,-0.003956252435925345,1,1
vf:match:1404253414,0,2,0.4725945526399577,16,0.4722222222222222,0.4624444617314212,0.4078947368421052,0.00037233041773548914,0,0
vf:match:1404253408,0,2,0.5032837396835353,16,0.5,0.49053600984727075,0.5135135135135135,0.003283739683535347,1,1
vf:match:1404253405,0,4,0.5176270849494229,16,0.5138888888888888,0.4941933836168893,0.5974025974025974,0.003738196060534049,1,1
vf:match:1404278407,1,1,0.4833740217943898,16,0.4794520547945205,0.4335710896814732,0.717391304347826,0.003921966999869297,0,0
vf:match:1404278406,1,3,0.46886873347106994,16,0.4722222222222222,0.4602011614101256,0.4078947368421052,-0.003353488751152267,0,0
vf:match:1404278402,0,2,0.5380542813802488,16,0.5277777777777778,0.5174129594910442,0.5844155844155844,0.01027650360247101,1,1
vf:match:1404278398,1,5,0.5293594185375365,16,0.5068493150684932,0.5027016207137641,0.5066666666666666,0.022510103469043363,1,1
vf:match:1404278390,1,3,0.5310514686806013,16,0.5205479452054794,0.5180053960454946,0.43421052631578944,0.010503523475121845,1,1
vf:match:1404278387,0,4,0.5233634685829203,16,0.5205479452054794,0.5253768365494146,0.47297297297297297,0.002815523377440843,1,1
vf:match:1404278386,0,4,0.4909500625243043,16,0.48611111111111105,0.47650244061727226,0.5,0.004838951413193238,0,0
vf:match:1404278384,1,3,0.5012290320755666,16,0.5,0.48277614318539724,0.5921052631578947,0.0012290320755665718,1,1
vf:match:1404278374,0,4,0.47709909858016053,15,0.452054794520548,0.43899482060834927,0.5,0.025044304059612554,0,0
vf:match:1404278372,1,5,0.4989138768932107,16,0.5068493150684932,0.5005060714788043,0.3670886075949367,-0.007935438175282472,0,1
vf:match:1404278361,1,1,0.5006276833698595,15,0.49315068493150677,0.4911151784003859,0.3974358974358974,0.0074769984383527555,1,0
vf:match:1404278360,0,6,0.4848196357845998,15,0.48611111111111105,0.4637796636463026,0.56,-0.0012914753265112489,0,0
vf:match:1404278359,1,1,0.501720696745815,16,0.48611111111111105,0.4666389969889314,0.56,0.015609585634703937,1,0
vf:match:1404278349,0,4,0.4726442150271563,16,0.4722222222222222,0.46557980004437804,0.47297297297297297,0.0004219928049341015,0,0
vf:match:1404278347,1,1,0.5405305304766934,16,0.5277777777777778,0.5193280661588464,0.5789473684210527,0.012752752698915626,1,1
vf:match:1404278346,0,4,0.47867936807995315,16,0.48611111111111105,0.4813369428743253,0.527027027027027,-0.0074317430311579,0,0
vf:match:1404278342,1,1,0.5276315386936364,16,0.5138888888888888,0.5153356902196915,0.35802469135802467,0.013742649804747598,1,1
vf:match:1404278341,0,2,0.4975235457740517,16,0.5,0.4909087312981069,0.35802469135802467,-0.002476454225948277,0,1
vf:match:1404278334,0,2,0.4712268686096879,16,0.4657534246575343,0.44035250689637867,0.6329113924050633,0.0054734439521536005,0,0
vf:match:1404278329,1,1,0.5096096312238567,16,0.5,0.5042842257003228,0.45945945945945943,0.009609631223856718,1,1
vf:match:1404278325,0,2,0.4986575952592852,16,0.5,0.49381242707393225,0.5,-0.0013424047407147865,0,1
vf:match:1404278320,1,1,0.52155005093725,15,0.5,0.4897398704766888,0.6823529411764706,0.021550050937250043,1,1
vf:match:1404278319,1,3,0.4915883481082772,16,0.48611111111111105,0.4738011473087022,0.42105263157894735,0.005477236997166124,0,0
vf:match:1404278318,1,1,0.5256775483144246,15,0.5,0.48782703729399196,0.5974025974025974,0.025677548314424592,1,1
vf:match:1404278308,0,4,0.4707660264030871,16,0.4657534246575343,0.4615457856181677,0.4666666666666667,0.005012601745552847,0,0
vf:match:1404278306,1,1,0.502757421746027,15,0.5,0.49423502043176365,0.36250000000000004,0.002757421746027,1,1
vf:match:1404278303,1,1,0.48539867691052657,16,0.48611111111111105,0.48539617561676973,0.38461538461538464,-0.0007124342005844775,0,0
vf:match:1404278301,0,4,0.5084041249877383,16,0.5,0.49465267307396765,0.5974025974025974,0.008404124987738348,1,1
vf:match:1404278295,0,2,0.5257338633016441,15,0.5138888888888888,0.5217742664279053,0.4266666666666667,0.011844974412755227,1,1
vf:match:1404278294,0,2,0.4965324800000885,16,0.5,0.4940621863174189,0.4864864864864864,-0.003467519999911517,0,1
vf:match:1404278287,1,1,0.4359583028785188,16,0.4383561643835617,0.4177314345323381,0.6375000000000001,-0.0023978615050428975,0,0
vf:match:1404278280,1,1,0.5341714237640048,16,0.5138888888888888,0.5148279809156511,0.5135135135135135,0.020282534875116,1,1
vf:match:1404278277,1,1,0.473351927423152,16,0.4722222222222222,0.4645994581447882,0.4864864864864864,0.0011297052009298092,0,0
vf:match:1404278275,1,3,0.5141108975655413,16,0.5,0.48980045264120237,0.5733333333333334,0.014110897565541292,1,1
vf:match:1404278270,1,1,0.47953431912414063,16,0.4722222222222222,0.47063105850617937,0.33333333333333337,0.007312096901918419,0,0
vf:match:1404278266,1,5,0.5297101728198826,16,0.5138888888888888,0.5158855597410402,0.47297297297297297,0.0158212839309938,1,1
vf:match:1404278264,0,2,0.5124635454289538,16,0.5,0.472152798755233,0.6375000000000001,0.012463545428953782,1,1
vf:match:1404278261,1,3,0.5032964299925842,16,0.5,0.4971662309295345,0.43421052631578944,0.003296429992584171,1,1
vf:match:1404278260,0,6,0.5038337163212413,16,0.5,0.49310286373521617,0.48,0.0038337163212412984,1,1
vf:match:1404278256,0,6,0.47043641002382,16,0.4722222222222222,0.4614106344037142,0.38961038961038963,-0.0017858121984022368,0,0
vf:match:1404278253,1,7,0.48825394871489264,16,0.48611111111111105,0.46720677573779296,0.5844155844155844,0.002142837603781589,0,0
vf:match:1404278251,1,5,0.5426010870297635,16,0.5138888888888888,0.49676830960783536,0.7045454545454546,0.028712198140874667,1,1
vf:match:1404278246,1,3,0.4688061438711919,16,0.4794520547945205,0.46923757062512994,0.5405405405405405,-0.010645910923328616,0,0
vf:match:1404278244,0,2,0.5078156792004727,16,0.5068493150684932,0.49090689805320165,0.5405405405405405,0.0009663641319794802,1,1
vf:match:1404278238,1,3,0.5005685425948624,16,0.5,0.49873849502352813,0.313953488372093,0.0005685425948623868,1,1
vf:match:1404278229,1,1,0.48945330127892145,16,0.4794520547945205,0.47225749629456765,0.4666666666666667,0.010001246484400927,0,0
vf:match:1404278226,0,2,0.5253429247463238,15,0.5,0.4845730158754958,0.5657894736842105,0.025342924746323825,1,1
vf:match:1404278225,1,3,0.4487912277822781,16,0.452054794520548,0.44919105331225667,0.5135135135135135,-0.003263566738269885,0,0
vf:match:1404278222,1,3,0.48353585763140006,14,0.48611111111111105,0.4840363813407784,0.3068181818181818,-0.0025752534797109927,0,0
vf:match:1404278213,1,3,0.49414316190681834,16,0.49315068493150677,0.47894183443536925,0.5466666666666666,0.0009924769753115736,0,0
vf:match:1404278210,0,2,0.4996843352309784,16,0.5138888888888888,0.47034384995673395,0.6585365853658537,-0.014204553657910457,0,1
vf:match:1404278205,0,4,0.5311771816448734,16,0.5277777777777778,0.5205335376010379,0.45945945945945943,0.003399403867095585,1,1
vf:match:1404278202,0,2,0.47569167543863705,16,0.4722222222222222,0.46079310364651815,0.56,0.0034694532164148417,0,0
vf:match:1404278199,0,0,0.4964923342985947,16,0.49315068493150677,0.4903994000643305,0.38461538461538464,0.0033416493670879177,0,0
vf:match:1404278197,1,1,0.47598615113105974,16,0.4794520547945205,0.46667088148852676,0.56,-0.0034659036634607787,0,0
vf:match:1404278191,0,0,0.500723877904522,16,0.5,0.49655511543330716,0.35802469135802467,0.0007238779045219967,1,1
vf:match:1404272372,1,3,0.49673143900263145,16,0.5,0.4888501659493236,0.5066666666666666,-0.0032685609973685525,0,1
vf:match:1404272366,0,2,0.4820639507045153,16,0.4722222222222222,0.4694782786833569,0.3974358974358974,0.009841728482293088,0,0
vf:match:1404272355,0,2,0.5060714399625957,16,0.5068493150684932,0.5050685243904498,0.43421052631578944,-0.0007778751058974409,1,1
vf:match:1404272354,0,2,0.49750065730234333,16,0.48611111111111105,0.48885120924544284,0.38461538461538464,0.01138954619123228,0,0
vf:match:1404272353,0,2,0.5377346693577089,16,0.5277777777777778,0.528349305571152,0.3670886075949367,0.009956891579931071,1,1
vf:match:1404272345,1,1,0.48252989044759287,16,0.4722222222222222,0.4698006106471327,0.375,0.010307668225370659,0,0
vf:match:1404272341,1,3,0.4902730877257822,16,0.4657534246575343,0.4483804310596379,0.56,0.024519663068247932,0,0
vf:match:1404272336,1,7,0.5200690459063566,16,0.5138888888888888,0.49835625634194114,0.5974025974025974,0.006180157017467769,1,1
vf:match:1404272334,1,5,0.4751829164398992,16,0.4722222222222222,0.4626775875535665,0.56,0.0029606942176769735,0,0
vf:match:1404272333,1,1,0.504832221045587,16,0.5,0.4981749542812848,0.35802469135802467,0.004832221045587004,1,1
vf:match:1404272327,0,6,0.47569167543863705,16,0.4722222222222222,0.4609599529035062,0.56,0.0034694532164148417,0,0
vf:match:1404272325,1,1,0.5024837594842,16,0.5,0.4961588775592263,0.3670886075949367,0.0024837594841999877,1,1
vf:match:1404272322,1,3,0.5288481024299468,16,0.5068493150684932,0.5064185609492188,0.4666666666666667,0.021998787361453664,1,1
vf:match:1404272318,0,4,0.506331224012335,16,0.5138888888888888,0.5056607692555194,0.43421052631578944,-0.007557664876553849,1,1
vf:match:1404272317,1,1,0.5311771816448734,16,0.5277777777777778,0.5232379895413117,0.45945945945945943,0.003399403867095585,1,1
vf:match:1404272308,1,1,0.4681888067800519,16,0.4657534246575343,0.46035495334125015,0.4266666666666667,0.0024353821225176486,0,0
vf:match:1404272305,0,2,0.49187126249000723,16,0.48611111111111105,0.4759081182185972,0.42105263157894735,0.005760151378896183,0,0
vf:match:1404272302,1,1,0.5087590921722775,16,0.5138888888888888,0.5020831288252523,0.5657894736842105,-0.00512979671661129,1,1
vf:match:1404272299,0,0,0.5220242301430817,15,0.5138888888888888,0.5126970848526852,0.28260869565217395,0.008135341254192907,1,1
vf:match:1404272297,1,1,0.5360839530130838,16,0.5205479452054794,0.4989490362132941,0.5733333333333334,0.015536007807604335,1,1
vf:match:1404272293,0,2,0.5327215552203249,16,0.5138888888888888,0.49802098296276925,0.56,0.0188326663314361,1,1
vf:match:1404272286,1,1,0.5039600738629915,16,0.5,0.488350070798521,0.4666666666666667,0.0039600738629914645,1,1
vf:match:1404272283,1,5,0.46509438744341297,16,0.4657534246575343,0.4586419645737165,0.38461538461538464,-0.0006590372141213052,0,0
vf:match:1404272281,1,1,0.48203423979383464,16,0.4722222222222222,0.47502081350062697,0.33333333333333337,0.00981201757161243,0,0
vf:match:1404272275,0,4,0.48509354701175333,15,0.48611111111111105,0.4821199076446729,0.47297297297297297,-0.001017564099357715,0,0
vf:match:1404272271,1,1,0.463564320576087,16,0.4657534246575343,0.4643095217722914,0.3373493975903614,-0.0021891040814472906,0,0
vf:match:1404272270,1,3,0.47541894131823137,16,0.4722222222222222,0.44182366863098044,0.6329113924050633,0.0031967190960091596,0,0
vf:match:1404272266,0,4,0.4987517692239242,16,0.5,0.49596047737211896,0.3414634146341463,-0.001248230776075776,0,1
vf:match:1404272259,1,1,0.47198208783222756,16,0.4794520547945205,0.46923757062512994,0.5405405405405405,-0.007469966962292962,0,0
vf:match:1404272256,1,1,0.47271156397336755,16,0.4794520547945205,0.46746035580555656,0.3373493975903614,-0.006740490821152967,0,0
vf:match:1404272248,1,3,0.5096362675834003,16,0.5,0.502357355448867,0.47297297297297297,0.009636267583400304,1,1
vf:match:1404272245,0,0,0.5262404502778805,16,0.5138888888888888,0.5028709082122441,0.6202531645569621,0.012351561388991628,1,1
vf:match:1404272242,1,5,0.5206420975195377,16,0.5205479452054794,0.5146741673841676,0.4533333333333333,9.415231405829338e-05,1,1
vf:match:1404272239,1,3,0.509173490644336,16,0.5,0.49465267307396765,0.5974025974025974,0.009173490644336035,1,1
vf:match:1404272234,1,1,0.49923879991873615,16,0.5068493150684932,0.5009410459508031,0.45945945945945943,-0.0076105151497570245,0,1
vf:match:1404272231,0,0,0.4774638822928397,16,0.4722222222222222,0.47356409791467635,0.375,0.005241660070617493,0,0
vf:match:1404272229,0,2,0.48421213070560276,16,0.4794520547945205,0.47028469639132564,0.38961038961038963,0.00476007591108224,0,0
vf:match:1404272224,0,2,0.44920333339372565,16,0.452054794520548,0.44919105331225667,0.5135135135135135,-0.00285146112682233,0,0
vf:match:1404272222,0,2,0.4911216620874458,16,0.49315068493150677,0.48265084114520257,0.5466666666666666,-0.002029022844060979,0,0
vf:match:1404272216,0,2,0.5387108106626858,16,0.5277777777777778,0.5179195368853557,0.5789473684210527,0.01093303288490799,1,1
vf:match:1404272212,1,5,0.4999584600641783,16,0.5,0.5004381885783966,0.3414634146341463,-4.1539935821677254e-05,0,1
vf:match:1404272211,1,3,0.5376920682501537,16,0.5277777777777778,0.5155953801840466,0.5466666666666666,0.009914290472375908,1,1
vf:match:1404272210,1,5,0.5230247080186181,15,0.5068493150684932,0.49070819762671736,0.6823529411764706,0.016175392950124934,1,1
vf:match:1404272209,1,3,0.5137274432038375,16,0.5138888888888888,0.4971574917183596,0.654320987654321,-0.0001614456850513868,1,1
vf:match:1404272207,0,2,0.5013885828777559,16,0.5,0.49245877065152915,0.56,0.001388582877755895,1,1
vf:match:1404272204,0,4,0.4971791546992904,16,0.5,0.4838719332928001,0.4864864864864864,-0.0028208453007095846,0,1
vf:match:1404272196,1,3,0.5094350167586709,16,0.5068493150684932,0.49525244154064324,0.6153846153846154,0.0025857016901776886,1,1
vf:match:1404272193,1,3,0.4798662747856799,16,0.4722222222222222,0.4725463717071422,0.4266666666666667,0.007644052563457682,0,0
vf:match:1404272189,0,4,0.4863643382575764,16,0.4794520547945205,0.46518833054146613,0.6153846153846154,0.0069122834630558905,0,0
vf:match:1404272188,0,2,0.5091297407732914,16,0.5068493150684932,0.5065466048469887,0.4078947368421052,0.00228042570479825,1,1
vf:match:1404272186,1,3,0.5270363326977177,16,0.5277777777777778,0.5217750054137388,0.44594594594594594,-0.0007414450800601324,1,1
vf:match:1404272179,0,2,0.49743133117207355,16,0.5,0.49354044159968546,0.29545454545454547,-0.002568668827926446,0,1
vf:match:1404272178,1,1,0.4709812934567055,16,0.4722222222222222,0.461256558055935,0.43421052631578944,-0.0012409287655167356,0,0
vf:match:1404272176,1,3,0.4917792424676267,16,0.48611111111111105,0.46868532910094096,0.5844155844155844,0.005668131356515671,0,0
vf:match:1404272172,0,2,0.4977462072505246,15,0.48611111111111105,0.4877417349709822,0.3974358974358974,0.011635096139413548,0,0
vf:match:1404272171,1,3,0.4684761693088906,16,0.4657534246575343,0.45881887010509737,0.4266666666666667,0.0027227446513563014,0,0
vf:match:1404272170,0,2,0.4947867485308751,16,0.5,0.49309067167121834,0.38961038961038963,-0.00521325146912488,0,1
vf:match:1404272165,0,2,0.49681065411415604,15,0.48611111111111105,0.46136621956094187,0.5657894736842105,0.010699543003044987,0,0
vf:match:1404272160,1,3,0.495954744169019,16,0.5,0.4911629981247054,0.43421052631578944,-0.004045255830980976,0,1
vf:match:1404272156,1,3,0.51491109388621,16,0.5,0.4881916484136604,0.5733333333333334,0.014911093886210036,1,1
vf:match:1404272155,0,2,0.5124672239047917,16,0.5138888888888888,0.5157750081572285,0.36250000000000004,-0.0014216649840971263,1,1
vf:match:1404272152,1,3,0.5167785005860979,16,0.5068493150684932,0.49733178644685644,0.4864864864864864,0.009929185517604688,1,1
vf:match:1404272150,0,4,0.5228326736304036,16,0.5138888888888888,0.4914148476852911,0.6329113924050633,0.008943784741514804,1,1
vf:match:1404272136,0,0,0.500765511318163,16,0.5,0.5003591113573521,0.313953488372093,0.000765511318163048,1,1
vf:match:1404272133,1,1,0.5302945531538892,16,0.5138888888888888,0.5154940910163629,0.47297297297297297,0.01640566426500034,1,1
vf:match:1404269042,0,2,0.49073793236597807,16,0.49315068493150677,0.4894299694824325,0.38961038961038963,-0.0024127525655286974,0,0
vf:match:1404269034,0,2,0.4791824911144932,16,0.4794520547945205,0.4702256636923494,0.4533333333333333,-0.00026956368002734044,0,0
vf:match:1404269033,0,2,0.4955629552507301,16,0.49315068493150677,0.4897543432076817,0.4078947368421052,0.0024122703192233086,0,0
vf:match:1404269032,0,4,0.53045760216005,16,0.5138888888888888,0.49335664723566425,0.56,0.016568713271161162,1,1
vf:match:1404269020,0,2,0.5194104591462441,16,0.5138888888888888,0.4984562890055282,0.5974025974025974,0.005521570257355224,1,1
vf:match:1404269018,1,1,0.4902267470720196,16,0.48611111111111105,0.4868400047624463,0.33333333333333337,0.004115635960908526,0,0
vf:match:1404269011,1,3,0.47010816098546215,16,0.4657534246575343,0.4579275379481573,0.4266666666666667,0.004354736327927877,0,0
vf:match:1404269010,1,3,0.4696447560683494,16,0.48611111111111105,0.4666025979203572,0.5657894736842105,-0.01646635504276167,0,0
vf:match:1404269005,1,1,0.5243847764197482,16,0.5205479452054794,0.5253768365494146,0.47297297297297297,0.00383683121426881,1,1
vf:match:1404269003,0,2,0.4643903686367348,16,0.45833333333333337,0.45490504311628865,0.38461538461538464,0.0060570353034014035,0,0
vf:match:1404269002,1,1,0.4983484330010678,16,0.5,0.4950846758871547,0.4864864864864864,-0.001651566998932208,0,1
vf:match:1404268995,1,1,0.5090467193136853,16,0.5138888888888888,0.5059750419971035,0.43421052631578944,-0.004842169575203559,1,1
vf:match:1404268992,0,2,0.473056859504539,16,0.4722222222222222,0.46621212410736046,0.3373493975903614,0.000834637282316808,0,0
vf:match:1404268989,0,4,0.47623693969428244,16,0.48611111111111105,0.48067325053086707,0.527027027027027,-0.009874171416828614,0,0
vf:match:1404268985,0,0,0.49041789818065157,16,0.5,0.49304864161836376,0.47297297297297297,-0.009582101819348432,0,1
vf:match:1404268980,1,5,0.5264331296358206,16,0.5277777777777778,0.5102797210229619,0.5466666666666666,-0.0013446481419572276,1,1
vf:match:1404268973,1,1,0.4937893700186096,16,0.49315068493150677,0.48264504812076625,0.5466666666666666,0.0006386850871028527,0,0
vf:match:1404268972,0,4,0.5055323103554946,16,0.5068493150684932,0.48454526777399765,0.6329113924050633,-0.0013170047129985596,1,1
vf:match:1404268971,0,6,0.49187126249000723,16,0.48611111111111105,0.4735560399035854,0.42105263157894735,0.005760151378896183,0,0
vf:match:1404268966,0,4,0.5364857433967104,16,0.5277777777777778,0.5274252500484983,0.3670886075949367,0.008707965618932612,1,1
vf:match:1404268965,0,2,0.5118211037888545,16,0.5138888888888888,0.5047065160417284,0.4078947368421052,-0.0020677851000343583,1,1
vf:match:1404268956,0,2,0.496867344739958,16,0.5,0.4911675181271511,0.42105263157894735,-0.0031326552600420277,0,1
vf:match:1404268948,1,1,0.4980532670276163,16,0.5,0.49100779314240395,0.44,-0.0019467329723836801,0,1
vf:match:1404268947,1,3,0.5079211751097389,16,0.5,0.480011483528314,0.5657894736842105,0.007921175109738887,1,1
vf:match:1404268936,1,3,0.4999768344330798,16,0.5,0.4854093463697826,0.5657894736842105,-2.3165566920224645e-05,0,1
vf:match:1404268933,0,4,0.5300623384032417,16,0.5138888888888888,0.5163558391719723,0.47297297297297297,0.016173449514352845,1,1
vf:match:1404268926,0,2,0.5326422783648779,16,0.5138888888888888,0.5115414195457682,0.4864864864864864,0.018753389475989035,1,1
vf:match:1404268923,0,4,0.5087179940611833,16,0.5,0.5016665462763269,0.4533333333333333,0.008717994061183343,1,1
vf:match:1404268921,0,6,0.5256775483144246,15,0.5068493150684932,0.4892995605579906,0.5974025974025974,0.018828233245931414,1,1
vf:match:1404268911,0,2,0.49226314338908767,16,0.48611111111111105,0.4883111372841414,0.379746835443038,0.006152032277976616,0,0
vf:match:1404268908,1,3,0.4896847741543922,15,0.48611111111111105,0.4709372480512651,0.5657894736842105,0.003573663043281161,0,0
vf:match:1404268905,1,5,0.516833976702314,16,0.5068493150684932,0.5006845306869774,0.5135135135135135,0.009984661633820835,1,1
vf:match:1404268900,1,5,0.5387108106626858,16,0.5277777777777778,0.5185736614453467,0.5789473684210527,0.01093303288490799,1,1
vf:match:1404268899,0,4,0.5093261295837944,16,0.5,0.4871208421314393,0.5789473684210527,0.009326129583794418,1,1
vf:match:1404268895,1,1,0.508134916958233,16,0.5,0.4978339211225203,0.4266666666666667,0.008134916958232985,1,1
vf:match:1404268894,1,3,0.49839849644241613,16,0.5,0.49381242707393225,0.5,-0.001601503557583872,0,1
vf:match:1404268890,0,6,0.5082163128485163,16,0.48611111111111105,0.46801792501629363,0.6329113924050633,0.022105201737405267,1,0
vf:match:1404268889,1,3,0.48783938940443206,16,0.4794520547945205,0.4637346970015849,0.5405405405405405,0.008387334609911534,0,0
vf:match:1404268887,0,0,0.48353824017672975,15,0.48611111111111105,0.47970460255352815,0.4666666666666667,-0.0025728709343812994,0,0
vf:match:1404268885,1,3,0.5098493009763054,16,0.5068493150684932,0.5038669888861406,0.4864864864864864,0.0029999859078122526,1,1
vf:match:1404268884,1,3,0.5421777865280829,16,0.5342465753424658,0.5355718845304815,0.44,0.007931211185617126,1,1
vf:match:1404268883,0,2,0.4935475908277654,16,0.48611111111111105,0.48528814670510423,0.36250000000000004,0.007436479716654343,0,0
vf:match:1404268879,1,3,0.49756985611926363,16,0.5,0.4888501659493236,0.5066666666666666,-0.0024301438807363684,0,1
vf:match:1404268878,1,3,0.5057874515074287,16,0.5,0.4898344541988793,0.5466666666666666,0.005787451507428654,1,1
vf:match:1404268877,1,3,0.5338864989948714,15,0.5068493150684932,0.4923597680947611,0.5333333333333333,0.027037183926378217,1,1
vf:match:1404268873,1,3,0.47650220420265976,16,0.4722222222222222,0.4609599529035062,0.5657894736842105,0.004279981980437553,0,0
vf:match:1404268867,1,1,0.5288481024299468,16,0.5068493150684932,0.5064185609492188,0.4666666666666667,0.021998787361453664,1,1
vf:match:1404268861,1,3,0.5047150995085162,16,0.5,0.5000187280963476,0.43421052631578944,0.0047150995085162295,1,1
vf:match:1404268860,0,4,0.4945559325084802,16,0.49315068493150677,0.48690560772113173,0.5333333333333333,0.0014052475769734118,0,0
vf:match:1404268859,0,6,0.49681065411415604,15,0.48611111111111105,0.4635183690548631,0.5657894736842105,0.010699543003044987,0,0
vf:match:1404268857,1,1,0.5001692013660448,16,0.5,0.4980072827071703,0.3414634146341463,0.00016920136604481328,1,1
vf:match:1404268854,0,4,0.5003769552100024,16,0.5,0.4985821152218034,0.313953488372093,0.000376955210002361,1,1
vf:match:1404268853,1,3,0.4965801010695708,16,0.5138888888888888,0.48640564164548,0.56,-0.01730878781931805,0,1
vf:match:1404268851,0,2,0.49475604388526284,16,0.49315068493150677,0.4909580510077819,0.38461538461538464,0.0016053589537560753,0,0
vf:match:1404268844,0,0,0.5198705780906494,15,0.5138888888888888,0.5126970848526852,0.28260869565217395,0.005981689201760565,1,1
vf:match:1404268842,1,5,0.5147326104400015,16,0.5,0.48871485474906484,0.5733333333333334,0.014732610440001515,1,1
vf:match:1404268839,0,4,0.4978186675043393,15,0.4722222222222222,0.4509317068958777,0.6202531645569621,0.025596445282117075,0,0
vf:match:1404268837,0,0,0.5162379571336377,16,0.5068493150684932,0.4979445865886773,0.4864864864864864,0.009388642065144559,1,1
vf:match:1404268833,1,1,0.5078864630146748,16,0.5138888888888888,0.5064848271636113,0.3414634146341463,-0.006002425874214068,1,1
vf:match:1404268828,1,1,0.474538920925701,16,0.4722222222222222,0.4643727576282355,0.45945945945945943,0.002316698703478781,0,0
vf:match:1404268826,1,5,0.48218460368625415,16,0.48611111111111105,0.4631181334216148,0.5974025974025974,-0.003926507424856895,0,0
vf:match:1404268821,1,3,0.5164758184341934,16,0.5,0.4968392613868433,0.5135135135135135,0.016475818434193434,1,1
vf:match:1404268814,1,1,0.5484563597453362,16,0.5479452054794521,0.5376994782643013,0.5657894736842105,0.0005111542658841062,1,1
vf:match:1404263462,0,2,0.4796287495823802,16,0.4794520547945205,0.47066729028355586,0.38461538461538464,0.00017669478785969917,0,0
vf:match:1404263461,0,4,0.5077247492012426,16,0.5138888888888888,0.5064848271636113,0.3414634146341463,-0.006164139687646286,1,1
vf:match:1404263460,0,4,0.49378943597318486,16,0.4794520547945205,0.4643933778639909,0.5733333333333334,0.014337381178664343,0,0
vf:match:1404263459,1,5,0.5066336530290511,16,0.49315068493150677,0.4776448229853778,0.6202531645569621,0.01348296809754429,1,0
vf:match:1404263452,0,4,0.49892663554801464,16,0.5,0.4875799348413432,0.5540540540540541,-0.0010733644519853591,0,1
vf:match:1404263451,1,1,0.50023729707113,16,0.5,0.49035747414128705,0.5066666666666666,0.00023729707112996046,1,1
vf:match:1404263450,0,2,0.5167785005860979,16,0.5068493150684932,0.49733178644685644,0.4864864864864864,0.009929185517604688,1,1
vf:match:1404263443,1,3,0.5078125169528466,16,0.5,0.4978339211225203,0.4266666666666667,0.007812516952846571,1,1
vf:match:1404263441,1,7,0.5393605515975569,16,0.5138888888888888,0.4938029570464411,0.7045454545454546,0.025471662708668075,1,1
vf:match:1404263437,0,6,0.485413756320492,16,0.4794520547945205,0.46969210172192694,0.4666666666666667,0.0059617015259714745,0,0
vf:match:1404263436,0,2,0.4371750928415879,16,0.4383561643835617,0.4193051519695217,0.6375000000000001,-0.0011810715419737772,0,0
vf:match:1404263434,1,3,0.4918038023150036,16,0.5,0.4946511100443566,0.47297297297297297,-0.008196197684996409,0,1
vf:match:1404263429,1,3,0.5068150954788662,16,0.5068493150684932,0.483080069772464,0.6329113924050633,-3.421958962701588e-05,1,1
vf:match:1404263428,0,6,0.5321912985184434,15,0.5,0.49114004540653367,0.5333333333333333,0.03219129851844338,1,1
vf:match:1404263427,1,3,0.5017017118738034,16,0.5,0.4995478875267102,0.31764705882352945,0.0017017118738034132,1,1
vf:match:1404263417,1,3,0.45654927366505016,16,0.45833333333333337,0.44813231618239835,0.5199999999999999,-0.001784059668283211,0,0
vf:match:1404263404,0,4,0.512118801867342,16,0.5,0.49259415515396676,0.5466666666666666,0.012118801867342044,1,1
vf:match:1404263401,0,4,0.5093102071844586,16,0.5,0.48880638742576143,0.5135135135135135,0.00931020718445863,1,1
vf:match:1404263398,1,1,0.5009573202889446,15,0.5,0.49307168527002254,0.36250000000000004,0.0009573202889445742,1,1
vf:match:1404263397,0,4,0.5097401936733207,16,0.5068493150684932,0.5017245673188628,0.4864864864864864,0.002890878604827507,1,1
vf:match:1404263396,0,4,0.4930636416547085,16,0.5,0.48545783165256146,0.41558441558441556,-0.006936358345291493,0,1
vf:match:1404263395,1,3,0.5125565293072079,16,0.5,0.47419794012576766,0.6375000000000001,0.012556529307207853,1,1
vf:match:1404263392,0,0,0.47170077130035154,16,0.4722222222222222,0.4703334139070613,0.44,-0.0005214509218706698,0,0
vf:match:1404263382,1,3,0.5144746731663032,16,0.5,0.4876713595931076,0.6419753086419754,0.014474673166303242,1,1
vf:match:1404263379,1,3,0.4986422758239811,16,0.5,0.49340789742898106,0.44,-0.0013577241760189263,0,1
vf:match:1404263377,0,2,0.4902347231992291,16,0.48611111111111105,0.47990540676042276,0.5466666666666666,0.004123612088118067,0,0
vf:match:1404263372,1,1,0.553067623383135,16,0.5342465753424658,0.5346869712351946,0.56,0.018821048040669197,1,1
vf:match:1404263365,0,2,0.5150763225907156,16,0.5068493150684932,0.4989276920005953,0.5066666666666666,0.008227007522222385,1,1
vf:match:1404263363,1,1,0.4968211918421296,16,0.5,0.49354044159968546,0.29213483146067415,-0.0031788081578704164,0,1
vf:match:1404263349,0,4,0.49227022971979595,16,0.48611111111111105,0.4750824903555852,0.5,0.006159118608684899,0,0
vf:match:1404263347,0,4,0.4887243517251237,16,0.48611111111111105,0.48885714695189814,0.36250000000000004,0.002613240614012635,0,0
vf:match:1404263346,1,5,0.5014649612705789,15,0.4722222222222222,0.45377626610862243,0.625,0.029242739048356725,1,0
vf:match:1404263344,0,0,0.4765090031614219,16,0.4794520547945205,0.47601041192930005,0.313953488372093,-0.0029430516330986034,0,0
vf:match:1404263342,1,3,0.507891542885229,16,0.5068493150684932,0.5023634098900448,0.4025974025974026,0.0010422278167357968,1,1
vf:match:1404263340,0,4,0.5178939751695782,16,0.5068493150684932,0.5059239533766972,0.5921052631578947,0.011044660101085069,1,1
vf:match:1404263333,1,3,0.5407254654386626,16,0.5277777777777778,0.5040808864329375,0.5733333333333334,0.012947687660884832,1,1
vf:match:1404263330,0,4,0.496706342357587,16,0.48611111111111105,0.4790295937115806,0.5657894736842105,0.010595231246475934,0,0
vf:match:1404263329,0,2,0.4813802324981525,16,0.4722222222222222,0.46598968578910294,0.3670886075949367,0.009158010275930273,0,0
vf:match:1404263326,0,2,0.4935541459066062,16,0.49315068493150677,0.4897444602296305,0.43421052631578944,0.00040346097509941226,0,0
vf:match:1404263322,0,2,0.532840667176928,15,0.5138888888888888,0.5100268855023327,0.4266666666666667,0.01895177828803918,1,1
vf:match:1404263320,0,6,0.47254061616804466,16,0.4722222222222222,0.4615831607468868,0.56,0.0003183939458224483,0,0
vf:match:1404263314,0,4,0.49634307410400286,16,0.5,0.4842061071383291,0.49333333333333335,-0.003656925895997143,0,1
vf:match:1404263313,0,2,0.46686909518552683,16,0.4722222222222222,0.44104568409571127,0.5657894736842105,-0.005353127036695382,0,0
vf:match:1404263311,1,3,0.5217719113688908,16,0.5138888888888888,0.5152941369559612,0.38461538461538464,0.007883022480001944,1,1
vf:match:1404263310,1,3,0.4973196545060899,16,0.5,0.491073228853671,0.4078947368421052,-0.002680345493910108,0,1
vf:match:1404263308,0,4,0.47876026909660446,16,0.4722222222222222,0.4700925659027276,0.44594594594594594,0.006538046874382253,0,0
vf:match:1404263303,0,6,0.4914857071175793,16,0.48611111111111105,0.4752101417972403,0.4666666666666667,0.005374596006468224,0,0
vf:match:1404263296,0,2,0.515502192675545,15,0.5068493150684932,0.5024531387518401,0.3536585365853659,0.008652877607051801,1,1
vf:match:1404263292,1,3,0.48410723709542475,16,0.48611111111111105,0.4817879752608697,0.4533333333333333,-0.002003874015686302,0,0
vf:match:1404263290,1,1,0.47989874108827435,16,0.4722222222222222,0.44283526514029103,0.6329113924050633,0.00767651886605214,0,0
vf:match:1404263289,0,2,0.4985343690611468,16,0.5,0.491515406613089,0.44,-0.001465630938853213,0,1
vf:match:1404263284,1,3,0.4750976401446387,16,0.4722222222222222,0.46327304208986253,0.45945945945945943,0.0028754179224164678,0,0
vf:match:1404263279,0,4,0.5279501462145173,15,0.5068493150684932,0.4897182009204687,0.5974025974025974,0.021100831146024124,1,1
vf:match:1404263278,1,1,0.50275287526812,16,0.4794520547945205,0.4735038653070801,0.45945945945945943,0.023300820473599437,1,0
vf:match:1404263274,0,0,0.4817183423390047,16,0.48611111111111105,0.48223751286532934,0.38461538461538464,-0.00439276877210637,0,0
vf:match:1404263273,0,2,0.5493972716972678,16,0.5277777777777778,0.5337269297994662,0.47297297297297297,0.02161949391949003,1,1
vf:match:1404263272,1,3,0.5347357603159307,16,0.5138888888888888,0.5151520622082668,0.5135135135135135,0.02084687142704189,1,1
vf:match:1404263270,1,3,0.5001569164475845,16,0.48611111111111105,0.4671808843840331,0.56,0.014045805336473483,1,0
vf:match:1404263258,0,0,0.4836892824345063,15,0.48611111111111105,0.4866727087129548,0.24796747967479674,-0.0024218286766047314,0,0
vf:match:1404263246,0,2,0.4889429026241635,16,0.48611111111111105,0.47803692197965286,0.5135135135135135,0.002831791513052462,0,0
vf:match:1404263240,0,0,0.49092983725823974,16,0.48611111111111105,0.4837549576755913,0.42105263157894735,0.0048187261471286935,0,0
vf:match:1404263238,1,3,0.4913732596888032,16,0.48611111111111105,0.4761484707182867,0.5199999999999999,0.005262148577692138,0,0
vf:match:1404263232,0,4,0.5049478693019241,16,0.5068493150684932,0.4970389779510499,0.5657894736842105,-0.001901445766569032,1,1
vf:match:1404259592,1,3,0.4898110490125842,16,0.4794520547945205,0.469001307953534,0.56,0.010358994218063688,0,0
vf:match:1404259591,0,0,0.5277634187700638,16,0.5,0.4980067117010425,0.5135135135135135,0.02776341877006383,1,1
vf:match:1404259571,0,2,0.49227022971979595,16,0.48611111111111105,0.4750824903555852,0.5,0.006159118608684899,0,0
vf:match:1404259564,1,1,0.5160808748650427,16,0.5138888888888888,0.49708855588929657,0.6419753086419754,0.0021919859761538873,1,1
vf:match:1404259558,0,2,0.5499840125307938,16,0.5205479452054794,0.5038485630900329,0.5974025974025974,0.02943606732531434,1,1
vf:match:1404259557,0,4,0.4992311695718415,16,0.5,0.4872533369444698,0.4666666666666667,-0.0007688304281585068,0,1
vf:match:1404259556,1,3,0.47142096982927684,16,0.4722222222222222,0.46152570574013535,0.43421052631578944,-0.000801252392945373,0,0
vf:match:1404259554,0,4,0.5271379559573501,16,0.5,0.48862094711591925,0.527027027027027,0.027137955957350135,1,1
vf:match:1404259550,0,2,0.5157063440540789,16,0.5138888888888888,0.5105473422746843,0.44,0.0018174551651900517,1,1
vf:match:1404259547,0,2,0.49039175784434513,16,0.4794520547945205,0.4728836790984499,0.4533333333333333,0.010939703049824612,0,0
vf:match:1404259541,1,3,0.4563933536794631,16,0.4657534246575343,0.45436591786805075,0.5135135135135135,-0.009360070978071178,0,0
vf:match:1404259532,0,2,0.5171378545892863,16,0.5068493150684932,0.5059239533766972,0.5921052631578947,0.010288539520793116,1,1
vf:match:1404259527,0,4,0.5059657552024984,16,0.5068493150684932,0.4974989209686997,0.4533333333333333,-0.0008835598659947541,1,1
vf:match:1404259524,1,3,0.49244577346327983,16,0.48611111111111105,0.48775445543208035,0.38461538461538464,0.006334662352168785,0,0
vf:match:1404259521,1,3,0.5625322353616229,16,0.5416666666666666,0.525079347977356,0.6025641025641025,0.02086556869495626,1,1
vf:match:1404259515,0,2,0.5475895239275276,16,0.5479452054794521,0.5361704383344617,0.5657894736842105,-0.0003556815519245582,1,1
vf:match:1404259503,0,2,0.4965732457388722,16,0.5138888888888888,0.48640564164548,0.56,-0.017315643150016657,0,1
vf:match:1404259502,0,2,0.49953726363158507,16,0.49315068493150677,0.49169479040347647,0.3974358974358974,0.006386578700078305,0,0
vf:match:1404259494,0,0,0.4708675876204405,16,0.4722222222222222,0.470724691855136,0.36250000000000004,-0.0013546346017817013,0,0
vf:match:1404259490,1,3,0.5341488393249679,16,0.5342465753424658,0.5330424413568584,0.45945945945945943,-9.773601749785144e-05,1,1
vf:match:1404259484,0,4,0.5083142014541769,16,0.5138888888888888,0.4953062002782883,0.5,-0.0055746874347119,1,1
vf:match:1404259478,1,3,0.48693999236785185,16,0.48611111111111105,0.48196200692977825,0.4266666666666667,0.0008288812567407988,0,0
vf:match:1404259477,1,5,0.4720870991337341,16,0.4722222222222222,0.46482009530448604,0.48,-0.0001351230884881205,0,0
vf:match:1404259475,0,2,0.4770086336225633,15,0.45833333333333337,0.4421350978446266,0.5,0.018675300289229924,0,0
vf:match:1404259470,1,1,0.5428476015183821,16,0.5342465753424658,0.5356084291055181,0.44,0.008601026175916293,1,1
vf:match:1404259460,0,2,0.5057037526086452,16,0.48611111111111105,0.46678151240902344,0.625,0.019592641497534147,1,0
vf:match:1404259451,1,5,0.5300950124995918,16,0.5138888888888888,0.5177507538933663,0.47297297297297297,0.01620612361070295,1,1
vf:match:1404259447,1,1,0.4987723891054454,16,0.48611111111111105,0.48632830484695433,0.5,0.012661277994334363,0,0
vf:match:1404259444,0,2,0.501524114305196,16,0.5,0.4805034561664079,0.625,0.001524114305195945,1,1
vf:match:1404259439,1,3,0.5343057686017753,15,0.5138888888888888,0.5100268855023327,0.4266666666666667,0.020416879712886415,1,1
vf:match:1404259437,0,0,0.5107395375253726,16,0.5138888888888888,0.5087100831123926,0.4078947368421052,-0.0031493513635162396,1,1
vf:match:1404259435,0,4,0.4793639405088771,16,0.48611111111111105,0.4614954316613836,0.5974025974025974,-0.006747170602233954,0,0
vf:match:1404259429,1,3,0.53985890990776,16,0.5277777777777778,0.5229625264876174,0.5789473684210527,0.012081132129982186,1,1
vf:match:1404259425,1,3,0.5032183973063269,16,0.5,0.4966330470410051,0.43421052631578944,0.0032183973063268922,1,1
vf:match:1404259424,0,6,0.504416424766007,16,0.5,0.48607007883851,0.5466666666666666,0.00441642476600701,1,1
vf:match:1404259422,1,1,0.49081831477551796,16,0.48611111111111105,0.482421369240882,0.42105263157894735,0.0047072036644069115,0,0
vf:match:1404259420,0,2,0.5232875566914953,15,0.5138888888888888,0.5204462688150897,0.4266666666666667,0.009398667802606453,1,1
vf:match:1404259415,0,2,0.4954161712451958,16,0.5,0.4833824413179337,0.49333333333333335,-0.004583828754804176,0,1
vf:match:1404259414,0,2,0.5064517558732069,16,0.5,0.4996828382288502,0.4864864864864864,0.006451755873206899,1,1
vf:match:1404259411,0,2,0.5164758184341934,16,0.5,0.5011827997091989,0.5066666666666666,0.016475818434193434,1,1
vf:match:1404259410,1,1,0.4881051755172883,16,0.48611111111111105,0.46275400802490185,0.5974025974025974,0.001994064406177276,0,0
vf:match:1404259402,0,6,0.5212543188598346,16,0.5138888888888888,0.5049517107986664,0.5733333333333334,0.007365429970945803,1,1
vf:match:1404259398,1,3,0.4803703147659659,16,0.48611111111111105,0.48230751662782184,0.5333333333333333,-0.005740796345145127,0,0
vf:match:1404259395,1,3,0.5140323277958757,16,0.5138888888888888,0.5022811153017503,0.5405405405405405,0.00014343890698687023,1,1
vf:match:1404259394,0,4,0.4974054873748393,16,0.5,0.49381242707393225,0.5,-0.0025945126251606943,0,1
vf:match:1404259393,1,3,0.48331362044796544,15,0.48611111111111105,0.4793991910836399,0.4666666666666667,-0.0027974906631456076,0,0
vf:match:1404259392,1,5,0.482783130591274,16,0.4794520547945205,0.4749982529959183,0.5,0.0033310757967534577,0,0
vf:match:1404259389,1,3,0.5006389110622218,15,0.4722222222222222,0.45377626610862243,0.625,0.028416688839999593,1,0
vf:match:1404259384,1,1,0.4900498582885505,16,0.48611111111111105,0.4690522777408552,0.6153846153846154,0.003938747177439472,0,0
vf:match:1404259380,0,2,0.4923177371308496,14,0.5,0.4894998460853664,0.3068181818181818,-0.0076822628691504136,0,1
vf:match:1404259375,0,4,0.5180086593613353,16,0.5138888888888888,0.488329916699718,0.6202531645569621,0.004119770472446493,1,1
vf:match:1404259373,1,3,0.499964813169825,16,0.48611111111111105,0.4749085298214215,0.5135135135135135,0.013853702058713946,0,0
vf:match:1404259364,0,2,0.4914857071175793,16,0.48611111111111105,0.4752101417972403,0.4666666666666667,0.005374596006468224,0,0
vf:match:1404259362,1,1,0.5335555715243328,16,0.5138888888888888,0.5160487274679053,0.43421052631578944,0.01966668263544391,1,1
vf:match:1404259361,1,1,0.5257298212637739,16,0.5138888888888888,0.5189769570385577,0.38461538461538464,0.011840932374885038,1,1
vf:match:1404253437,1,1,0.5362929408720447,16,0.5277777777777778,0.5275839867480294,0.36250000000000004,0.00851516309426692,1,1
vf:match:1404253434,0,6,0.4912280977372101,16,0.4794520547945205,0.47127654643674116,0.4533333333333333,0.01177604294268958,0,0
vf:match:1404253433,0,2,0.4900200735337416,16,0.48611111111111105,0.4692221467491402,0.6153846153846154,0.0039089624226305575,0,0
vf:match:1404253428,1,1,0.4993700022164943,16,0.5,0.4991771564901587,0.4025974025974026,-0.000629997783505698,0,1
vf:match:1404253425,1,1,0.4724021568315569,16,0.4722222222222222,0.46684624948381626,0.44594594594594594,0.00017993460933468652,0,0
vf:match:1404253421,0,6,0.525397557720419,15,0.48611111111111105,0.47668890532360086,0.5657894736842105,0.03928644660930791,1,0
vf:match:1404253420,0,0,0.49618579394586093,16,0.5068493150684932,0.4938956161211828,0.5789473684210527,-0.010663521122632247,0,1
vf:match:1404253419,1,3,0.48485739074471174,16,0.4722222222222222,0.46357716757583384,0.56,0.012635168522489526,0,0
vf:match:1404253418,1,3,0.5426894703763032,16,0.5342465753424658,0.5356084291055181,0.44,0.008442895033837439,1,1
vf:match:1404253415,1,3,0.4853696922563946,16,0.48611111111111105,0.47681668329050575,0.4864864864864864,-0.000741418854716458,0,0
vf:match:1404253411,1,3,0.5279679231216319,15,0.5205479452054794,0.5160526879345242,0.28571428571428575,0.007419977916152454,1,1
vf:match:1404253406,1,3,0.49698886587518193,16,0.48611111111111105,0.48419577095868555,0.527027027027027,0.01087775476407088,0,0
