season_name,matchday_number,md_total_goals,md_sum_odd,md_n_odd_fixtures,md_n_even_fixtures,md_avg_goals
VFLM 3137,1,28,0,4,4,3.5
VFLM 3137,2,21,1,5,3,2.625
VFLM 3137,3,21,1,3,5,2.625
VFLM 3137,4,17,1,1,7,2.125
VFLM 3137,5,25,1,5,3,3.125
VFLM 3137,6,21,1,5,3,2.625
VFLM 3137,7,19,1,5,3,2.375
VFLM 3137,8,19,1,5,3,2.375
VFLM 3137,9,22,0,6,2,2.75
VFLM 3137,10,19,1,3,5,2.375
VFLM 3137,11,18,0,4,4,2.25
VFLM 3137,12,10,0,2,6,1.25
VFLM 3137,13,26,0,4,4,3.25
VFLM 3137,14,10,0,4,4,1.25
VFLM 3137,15,23,1,3,5,2.875
VFLM 3137,16,22,0,6,2,2.75
VFLM 3137,17,14,0,4,4,1.75
VFLM 3137,18,22,0,4,4,2.75
VFLM 3137,19,31,1,5,3,3.875
VFLM 3137,20,21,1,5,3,2.625
VFLM 3137,21,17,1,3,5,2.125
VFLM 3137,22,27,1,1,7,3.375
VFLM 3137,23,20,0,4,4,2.5
VFLM 3137,24,25,1,3,5,3.125
VFLM 3137,25,20,0,4,4,2.5
VFLM 3137,26,18,0,4,4,2.25
VFLM 3137,27,26,0,2,6,3.25
VFLM 3137,28,15,1,5,3,1.875
VFLM 3137,29,24,0,4,4,3.0
VFLM 3137,30,20,0,4,4,2.5
VFLM 3138,1,20,0,2,6,2.5
VFLM 3138,2,18,0,2,6,2.25
VFLM 3138,3,22,0,4,4,2.75
VFLM 3138,4,19,1,5,3,2.375
VFLM 3138,5,20,0,6,2,2.5
VFLM 3138,6,23,1,5,3,2.875
VFLM 3138,7,22,0,2,6,2.75
VFLM 3138,8,16,0,2,6,2.0
VFLM 3138,9,22,0,6,2,2.75
VFLM 3138,10,26,0,4,4,3.25
VFLM 3138,11,20,0,4,4,2.5
VFLM 3138,12,16,0,6,2,2.0
VFLM 3138,13,21,1,1,7,2.625
VFLM 3138,14,15,1,1,7,1.875
VFLM 3138,15,23,1,5,3,2.875
VFLM 3138,16,17,1,7,1,2.125
VFLM 3138,17,19,1,5,3,2.375
VFLM 3138,18,11,1,5,3,1.375
VFLM 3138,19,15,1,3,5,1.875
VFLM 3138,20,24,0,2,6,3.0
VFLM 3138,21,12,0,6,2,1.5
VFLM 3138,22,18,0,6,2,2.25
VFLM 3138,23,26,0,4,4,3.25
VFLM 3138,24,19,1,3,5,2.375
VFLM 3138,25,17,1,5,3,2.125
VFLM 3138,26,28,0,6,2,3.5
VFLM 3138,27,21,1,3,5,2.625
VFLM 3138,28,25,1,5,3,3.125
VFLM 3138,29,27,1,3,5,3.375
VFLM 3138,30,27,1,5,3,3.375
VFLM 3139,1,16,0,4,4,2.0
VFLM 3139,2,12,0,4,4,1.5
VFLM 3139,3,20,0,4,4,2.5
VFLM 3139,4,17,1,3,5,2.125
VFLM 3139,5,26,0,4,4,3.25
VFLM 3139,6,26,0,4,4,3.25
VFLM 3139,7,16,0,4,4,2.0
VFLM 3139,8,20,0,2,6,2.5
VFLM 3139,9,29,1,3,5,3.625
VFLM 3139,10,25,1,5,3,3.125
VFLM 3139,11,25,1,3,5,3.125
VFLM 3139,12,21,1,1,7,2.625
VFLM 3139,13,23,1,5,3,2.875
VFLM 3139,14,28,0,4,4,3.5
VFLM 3139,15,19,1,3,5,2.375
VFLM 3139,16,18,0,2,6,2.25
VFLM 3139,17,21,1,5,3,2.625
VFLM 3139,18,19,1,5,3,2.375
VFLM 3139,19,15,1,3,5,1.875
VFLM 3139,20,23,1,3,5,2.875
VFLM 3139,21,22,0,4,4,2.75
VFLM 3139,22,23,1,3,5,2.875
VFLM 3139,23,22,0,4,4,2.75
VFLM 3139,24,21,1,3,5,2.625
VFLM 3139,25,19,1,5,3,2.375
VFLM 3139,26,11,1,3,5,1.375
VFLM 3139,27,18,0,6,2,2.25
VFLM 3139,28,25,1,1,7,3.125
VFLM 3139,29,24,0,2,6,3.0
VFLM 3139,30,20,0,2,6,2.5
VFLM 3140,1,23,1,5,3,2.875
VFLM 3140,2,18,0,4,4,2.25
VFLM 3140,3,24,0,4,4,3.0
VFLM 3140,4,23,1,5,3,2.875
VFLM 3140,5,21,1,5,3,2.625
VFLM 3140,6,18,0,4,4,2.25
VFLM 3140,7,24,0,2,6,3.0
VFLM 3140,8,20,0,2,6,2.5
VFLM 3140,9,19,1,5,3,2.375
VFLM 3140,10,30,0,4,4,3.75
VFLM 3140,11,23,1,3,5,2.875
VFLM 3140,12,22,0,4,4,2.75
VFLM 3140,13,16,0,4,4,2.0
VFLM 3140,14,22,0,6,2,2.75
VFLM 3140,15,16,0,4,4,2.0
VFLM 3140,16,23,1,1,7,2.875
VFLM 3140,17,21,1,3,5,2.625
VFLM 3140,18,24,0,6,2,3.0
VFLM 3140,19,21,1,3,5,2.625
VFLM 3140,20,29,1,5,3,3.625
VFLM 3140,21,27,1,3,5,3.375
VFLM 3140,22,14,0,6,2,1.75
VFLM 3140,23,12,0,4,4,1.5
VFLM 3140,24,22,0,6,2,2.75
VFLM 3140,25,13,1,3,5,1.625
VFLM 3140,26,17,1,3,5,2.125
VFLM 3140,27,20,0,6,2,2.5
VFLM 3140,28,14,0,2,6,1.75
VFLM 3140,29,15,1,3,5,1.875
VFLM 3140,30,19,1,5,3,2.375
VFLM 3141,1,16,0,2,6,2.0
VFLM 3141,2,21,1,3,5,2.625
VFLM 3141,3,22,0,4,4,2.75
VFLM 3141,4,23,1,5,3,2.875
VFLM 3141,5,18,0,2,6,2.25
VFLM 3141,6,23,1,5,3,2.875
VFLM 3141,7,20,0,4,4,2.5
VFLM 3141,8,19,1,3,5,2.375
VFLM 3141,9,20,0,6,2,2.5
VFLM 3141,10,21,1,3,5,2.625
VFLM 3141,11,17,1,1,7,2.125
VFLM 3141,12,20,0,2,6,2.5
VFLM 3141,13,14,0,4,4,1.75
VFLM 3141,14,31,1,5,3,3.875
VFLM 3141,15,24,0,6,2,3.0
VFLM 3141,16,31,1,5,3,3.875
VFLM 3141,17,16,0,2,6,2.0
VFLM 3141,18,27,1,5,3,3.375
VFLM 3141,19,23,1,3,5,2.875
VFLM 3141,20,19,1,3,5,2.375
VFLM 3141,21,20,0,4,4,2.5
VFLM 3141,22,24,0,4,4,3.0
VFLM 3141,23,22,0,0,8,2.75
VFLM 3141,24,17,1,3,5,2.125
VFLM 3141,25,20,0,6,2,2.5
VFLM 3141,26,23,1,5,3,2.875
VFLM 3141,27,17,1,5,3,2.125
VFLM 3141,28,18,0,2,6,2.25
VFLM 3141,29,19,1,5,3,2.375
VFLM 3141,30,25,1,3,5,3.125
VFLM 3142,1,18,0,4,4,2.25
VFLM 3142,2,20,0,4,4,2.5
VFLM 3142,3,23,1,5,3,2.875
VFLM 3142,4,22,0,2,6,2.75
VFLM 3142,5,20,0,6,2,2.5
VFLM 3142,6,22,0,2,6,2.75
VFLM 3142,7,15,1,3,5,1.875
VFLM 3142,8,22,0,6,2,2.75
VFLM 3142,9,20,0,4,4,2.5
VFLM 3142,10,22,0,6,2,2.75
VFLM 3142,11,23,1,7,1,2.875
VFLM 3142,12,18,0,4,4,2.25
VFLM 3142,13,18,0,4,4,2.25
VFLM 3142,14,29,1,5,3,3.625
VFLM 3142,15,25,1,3,5,3.125
VFLM 3142,16,18,0,4,4,2.25
VFLM 3142,17,22,0,4,4,2.75
VFLM 3142,18,16,0,4,4,2.0
VFLM 3142,19,19,1,5,3,2.375
VFLM 3142,20,23,1,3,5,2.875
VFLM 3142,21,17,1,3,5,2.125
VFLM 3142,22,22,0,6,2,2.75
VFLM 3142,23,21,1,5,3,2.625
VFLM 3142,24,17,1,7,1,2.125
VFLM 3142,25,27,1,7,1,3.375
VFLM 3142,26,15,1,5,3,1.875
VFLM 3142,27,22,0,4,4,2.75
VFLM 3142,28,26,0,4,4,3.25
VFLM 3142,29,22,0,4,4,2.75
VFLM 3142,30,23,1,5,3,2.875
VFLM 3143,1,28,0,0,8,3.5
VFLM 3143,2,15,1,3,5,1.875
VFLM 3143,3,23,1,5,3,2.875
VFLM 3143,4,18,0,4,4,2.25
VFLM 3143,5,19,1,3,5,2.375
VFLM 3143,6,25,1,5,3,3.125
VFLM 3143,7,23,1,7,1,2.875
VFLM 3143,8,18,0,6,2,2.25
VFLM 3143,9,17,1,3,5,2.125
VFLM 3143,10,22,0,6,2,2.75
VFLM 3143,11,18,0,4,4,2.25
VFLM 3143,12,17,1,3,5,2.125
VFLM 3143,13,22,0,4,4,2.75
VFLM 3143,14,18,0,4,4,2.25
VFLM 3143,15,21,1,3,5,2.625
VFLM 3143,16,10,0,4,4,1.25
VFLM 3143,17,26,0,4,4,3.25
VFLM 3143,18,18,0,4,4,2.25
VFLM 3143,19,28,0,4,4,3.5
VFLM 3143,20,19,1,7,1,2.375
VFLM 3143,21,21,1,5,3,2.625
VFLM 3143,22,17,1,5,3,2.125
VFLM 3143,23,23,1,3,5,2.875
VFLM 3143,24,23,1,7,1,2.875
VFLM 3143,25,20,0,4,4,2.5
VFLM 3143,26,16,0,6,2,2.0
VFLM 3143,27,15,1,3,5,1.875
VFLM 3143,28,16,0,6,2,2.0
VFLM 3143,29,26,0,4,4,3.25
VFLM 3143,30,27,1,5,3,3.375
VFLM 3144,1,23,1,3,5,2.875
VFLM 3144,2,25,1,3,5,3.125
VFLM 3144,3,26,0,0,8,3.25
VFLM 3144,4,18,0,2,6,2.25
VFLM 3144,5,18,0,4,4,2.25
VFLM 3144,6,14,0,2,6,1.75
VFLM 3144,7,19,1,5,3,2.375
VFLM 3144,8,15,1,3,5,1.875
VFLM 3144,9,17,1,5,3,2.125
VFLM 3144,10,20,0,2,6,2.5
VFLM 3144,11,26,0,4,4,3.25
VFLM 3144,12,23,1,5,3,2.875
VFLM 3144,13,21,1,3,5,2.625
VFLM 3144,14,27,1,5,3,3.375
VFLM 3144,15,26,0,4,4,3.25
VFLM 3144,16,19,1,7,1,2.375
VFLM 3144,17,13,1,3,5,1.625
VFLM 3144,18,21,1,1,7,2.625
VFLM 3144,19,19,1,1,7,2.375
VFLM 3144,20,18,0,4,4,2.25
VFLM 3144,21,21,1,3,5,2.625
VFLM 3144,22,17,1,3,5,2.125
VFLM 3144,23,20,0,4,4,2.5
VFLM 3144,24,18,0,6,2,2.25
VFLM 3144,25,24,0,4,4,3.0
VFLM 3144,26,15,1,3,5,1.875
VFLM 3144,27,24,0,6,2,3.0
VFLM 3144,28,22,0,4,4,2.75
VFLM 3144,29,18,0,2,6,2.25
VFLM 3144,30,14,0,6,2,1.75
VFLM 3145,1,21,1,3,5,2.625
VFLM 3145,2,16,0,4,4,2.0
VFLM 3145,3,22,0,6,2,2.75
VFLM 3145,4,18,0,4,4,2.25
VFLM 3145,5,30,0,6,2,3.75
VFLM 3145,6,21,1,5,3,2.625
VFLM 3145,7,25,1,5,3,3.125
VFLM 3145,8,24,0,2,6,3.0
VFLM 3145,9,18,0,4,4,2.25
VFLM 3145,10,22,0,4,4,2.75
VFLM 3145,11,12,0,8,0,1.5
VFLM 3145,12,17,1,3,5,2.125
VFLM 3145,13,27,1,3,5,3.375
VFLM 3145,14,27,1,5,3,3.375
VFLM 3145,15,18,0,2,6,2.25
VFLM 3145,16,22,0,4,4,2.75
VFLM 3145,17,19,1,5,3,2.375
VFLM 3145,18,18,0,4,4,2.25
VFLM 3145,19,19,1,5,3,2.375
VFLM 3145,20,19,1,3,5,2.375
VFLM 3145,21,13,1,5,3,1.625
VFLM 3145,22,22,0,6,2,2.75
VFLM 3145,23,27,1,3,5,3.375
VFLM 3145,24,21,1,3,5,2.625
VFLM 3145,25,22,0,4,4,2.75
VFLM 3145,26,25,1,3,5,3.125
VFLM 3145,27,17,1,5,3,2.125
VFLM 3145,28,19,1,5,3,2.375
VFLM 3145,29,27,1,3,5,3.375
VFLM 3145,30,19,1,3,5,2.375
VFLM 3146,1,25,1,3,5,3.125
VFLM 3146,2,18,0,2,6,2.25
VFLM 3146,3,24,0,4,4,3.0
VFLM 3146,4,21,1,5,3,2.625
VFLM 3146,5,28,0,4,4,3.5
VFLM 3146,6,19,1,5,3,2.375
VFLM 3146,7,23,1,5,3,2.875
VFLM 3146,8,25,1,3,5,3.125
VFLM 3146,9,18,0,4,4,2.25
VFLM 3146,10,27,1,5,3,3.375
VFLM 3146,11,19,1,5,3,2.375
VFLM 3146,12,17,1,3,5,2.125
VFLM 3146,13,19,1,5,3,2.375
VFLM 3146,14,17,1,3,5,2.125
VFLM 3146,15,14,0,6,2,1.75
VFLM 3146,16,19,1,5,3,2.375
VFLM 3146,17,26,0,2,6,3.25
VFLM 3146,18,24,0,2,6,3.0
VFLM 3146,19,18,0,4,4,2.25
VFLM 3146,20,21,1,1,7,2.625
VFLM 3146,21,21,1,5,3,2.625
VFLM 3146,22,23,1,3,5,2.875
VFLM 3146,23,17,1,3,5,2.125
VFLM 3146,24,25,1,5,3,3.125
VFLM 3146,25,25,1,5,3,3.125
VFLM 3146,26,21,1,3,5,2.625
VFLM 3146,27,25,1,1,7,3.125
VFLM 3146,28,18,0,4,4,2.25
VFLM 3146,29,19,1,5,3,2.375
VFLM 3146,30,14,0,4,4,1.75
VFLM 3147,1,14,0,6,2,1.75
VFLM 3147,2,19,1,1,7,2.375
VFLM 3147,3,25,1,5,3,3.125
VFLM 3147,4,20,0,4,4,2.5
VFLM 3147,5,20,0,2,6,2.5
VFLM 3147,6,12,0,2,6,1.5
VFLM 3147,7,17,1,5,3,2.125
VFLM 3147,8,27,1,3,5,3.375
VFLM 3147,9,18,0,6,2,2.25
VFLM 3147,10,19,1,5,3,2.375
VFLM 3147,11,27,1,5,3,3.375
VFLM 3147,12,28,0,4,4,3.5
VFLM 3147,13,18,0,4,4,2.25
VFLM 3147,14,29,1,3,5,3.625
VFLM 3147,15,19,1,5,3,2.375
VFLM 3147,16,19,1,3,5,2.375
VFLM 3147,17,22,0,4,4,2.75
VFLM 3147,18,15,1,3,5,1.875
VFLM 3147,19,18,0,2,6,2.25
VFLM 3147,20,19,1,5,3,2.375
VFLM 3147,21,26,0,2,6,3.25
VFLM 3147,22,21,1,3,5,2.625
VFLM 3147,23,20,0,2,6,2.5
VFLM 3147,24,18,0,6,2,2.25
VFLM 3147,25,20,0,4,4,2.5
VFLM 3147,26,16,0,4,4,2.0
VFLM 3147,27,27,1,3,5,3.375
VFLM 3147,28,20,0,4,4,2.5
VFLM 3147,29,21,1,5,3,2.625
VFLM 3147,30,18,0,4,4,2.25
VFLM 3148,1,15,1,3,5,1.875
VFLM 3148,2,24,0,4,4,3.0
VFLM 3148,3,16,0,6,2,2.0
VFLM 3148,4,23,1,5,3,2.875
VFLM 3148,5,24,0,4,4,3.0
VFLM 3148,6,15,1,3,5,1.875
VFLM 3148,7,23,1,3,5,2.875
VFLM 3148,8,18,0,4,4,2.25
VFLM 3148,9,23,1,3,5,2.875
VFLM 3148,10,15,1,5,3,1.875
VFLM 3148,11,29,1,3,5,3.625
VFLM 3148,12,18,0,4,4,2.25
VFLM 3148,13,23,1,3,5,2.875
VFLM 3148,14,21,1,3,5,2.625
VFLM 3148,15,24,0,4,4,3.0
VFLM 3148,16,20,0,2,6,2.5
VFLM 3148,17,20,0,6,2,2.5
VFLM 3148,18,19,1,5,3,2.375
VFLM 3148,19,18,0,2,6,2.25
VFLM 3148,20,26,0,4,4,3.25
VFLM 3148,21,28,0,4,4,3.5
VFLM 3148,22,14,0,4,4,1.75
VFLM 3148,23,19,1,3,5,2.375
VFLM 3148,24,26,0,4,4,3.25
VFLM 3148,25,22,0,4,4,2.75
VFLM 3148,26,17,1,3,5,2.125
VFLM 3148,27,17,1,5,3,2.125
VFLM 3148,28,23,1,3,5,2.875
VFLM 3148,29,22,0,4,4,2.75
VFLM 3148,30,27,1,3,5,3.375
VFLM 3149,1,14,0,4,4,1.75
VFLM 3149,2,18,0,4,4,2.25
VFLM 3149,3,24,0,4,4,3.0
VFLM 3149,4,19,1,5,3,2.375
VFLM 3149,5,20,0,4,4,2.5
VFLM 3149,6,19,1,3,5,2.375
VFLM 3149,7,23,1,3,5,2.875
VFLM 3149,8,20,0,6,2,2.5
VFLM 3149,9,16,0,2,6,2.0
VFLM 3149,10,18,0,6,2,2.25
VFLM 3149,11,21,1,5,3,2.625
VFLM 3149,12,22,0,6,2,2.75
VFLM 3149,13,12,0,6,2,1.5
VFLM 3149,14,15,1,5,3,1.875
VFLM 3149,15,17,1,5,3,2.125
VFLM 3149,16,21,1,5,3,2.625
VFLM 3149,17,20,0,4,4,2.5
VFLM 3149,18,19,1,3,5,2.375
VFLM 3149,19,19,1,7,1,2.375
VFLM 3149,20,17,1,7,1,2.125
VFLM 3149,21,20,0,2,6,2.5
VFLM 3149,22,19,1,7,1,2.375
VFLM 3149,23,22,0,4,4,2.75
VFLM 3149,24,17,1,3,5,2.125
VFLM 3149,25,18,0,4,4,2.25
VFLM 3149,26,20,0,4,4,2.5
VFLM 3149,27,23,1,3,5,2.875
VFLM 3149,28,23,1,5,3,2.875
VFLM 3149,29,21,1,3,5,2.625
VFLM 3149,30,11,1,3,5,1.375
VFLM 3150,1,20,0,4,4,2.5
VFLM 3150,2,20,0,4,4,2.5
VFLM 3150,3,22,0,6,2,2.75
VFLM 3150,4,19,1,3,5,2.375
VFLM 3150,5,18,0,4,4,2.25
VFLM 3150,6,20,0,4,4,2.5
VFLM 3150,7,20,0,2,6,2.5
VFLM 3150,8,24,0,6,2,3.0
VFLM 3150,9,15,1,5,3,1.875
VFLM 3150,10,20,0,6,2,2.5
VFLM 3150,11,25,1,3,5,3.125
VFLM 3150,12,22,0,2,6,2.75
VFLM 3150,13,17,1,3,5,2.125
VFLM 3150,14,14,0,4,4,1.75
VFLM 3150,15,13,1,1,7,1.625
VFLM 3150,16,20,0,6,2,2.5
VFLM 3150,17,20,0,4,4,2.5
VFLM 3150,18,18,0,4,4,2.25
VFLM 3150,19,21,1,3,5,2.625
VFLM 3150,20,31,1,5,3,3.875
VFLM 3150,21,12,0,2,6,1.5
VFLM 3150,22,11,1,5,3,1.375
VFLM 3150,23,31,1,5,3,3.875
VFLM 3150,24,24,0,4,4,3.0
VFLM 3150,25,17,1,5,3,2.125
VFLM 3150,26,18,0,4,4,2.25
VFLM 3150,27,23,1,5,3,2.875
VFLM 3150,28,18,0,6,2,2.25
VFLM 3150,29,27,1,3,5,3.375
VFLM 3150,30,23,1,7,1,2.875
VFLM 3151,1,13,1,5,3,1.625
VFLM 3151,2,16,0,4,4,2.0
VFLM 3151,3,20,0,4,4,2.5
VFLM 3151,4,10,0,4,4,1.25
VFLM 3151,5,21,1,1,7,2.625
VFLM 3151,6,13,1,5,3,1.625
VFLM 3151,7,21,1,5,3,2.625
VFLM 3151,8,29,1,5,3,3.625
VFLM 3151,9,23,1,3,5,2.875
VFLM 3151,10,14,0,4,4,1.75
VFLM 3151,11,17,1,3,5,2.125
VFLM 3151,12,14,0,4,4,1.75
VFLM 3151,13,20,0,4,4,2.5
VFLM 3151,14,23,1,7,1,2.875
VFLM 3151,15,21,1,5,3,2.625
VFLM 3151,16,18,0,4,4,2.25
VFLM 3151,17,18,0,4,4,2.25
VFLM 3151,18,28,0,4,4,3.5
VFLM 3151,19,30,0,2,6,3.75
VFLM 3151,20,21,1,5,3,2.625
VFLM 3151,21,18,0,6,2,2.25
VFLM 3151,22,21,1,3,5,2.625
VFLM 3151,23,20,0,4,4,2.5
VFLM 3151,24,14,0,4,4,1.75
VFLM 3151,25,15,1,5,3,1.875
VFLM 3151,26,23,1,3,5,2.875
VFLM 3151,27,28,0,2,6,3.5
VFLM 3151,28,13,1,3,5,1.625
VFLM 3151,29,25,1,3,5,3.125
VFLM 3151,30,21,1,5,3,2.625
VFLM 3152,1,20,0,2,6,2.5
VFLM 3152,2,31,1,5,3,3.875
VFLM 3152,3,20,0,2,6,2.5
VFLM 3152,4,24,0,6,2,3.0
VFLM 3152,5,19,1,3,5,2.375
VFLM 3152,6,24,0,4,4,3.0
VFLM 3152,7,19,1,1,7,2.375
VFLM 3152,8,17,1,3,5,2.125
VFLM 3152,9,21,1,3,5,2.625
VFLM 3152,10,26,0,4,4,3.25
VFLM 3152,11,25,1,5,3,3.125
VFLM 3152,12,17,1,3,5,2.125
VFLM 3152,13,13,1,5,3,1.625
VFLM 3152,14,29,1,5,3,3.625
VFLM 3152,15,30,0,2,6,3.75
VFLM 3152,16,27,1,3,5,3.375
VFLM 3152,17,23,1,3,5,2.875
VFLM 3152,18,22,0,4,4,2.75
VFLM 3152,19,23,1,3,5,2.875
VFLM 3152,20,17,1,3,5,2.125
VFLM 3152,21,24,0,4,4,3.0
VFLM 3152,22,21,1,5,3,2.625
VFLM 3152,23,26,0,4,4,3.25
VFLM 3152,24,27,1,5,3,3.375
VFLM 3152,25,21,1,1,7,2.625
VFLM 3152,26,27,1,3,5,3.375
VFLM 3152,27,23,1,3,5,2.875
VFLM 3152,28,17,1,5,3,2.125
VFLM 3152,29,26,0,4,4,3.25
VFLM 3152,30,25,1,5,3,3.125
VFLM 3153,1,17,1,5,3,2.125
VFLM 3153,2,17,1,3,5,2.125
VFLM 3153,3,19,1,1,7,2.375
VFLM 3153,4,24,0,4,4,3.0
VFLM 3153,5,15,1,5,3,1.875
VFLM 3153,6,21,1,5,3,2.625
VFLM 3153,7,16,0,4,4,2.0
VFLM 3153,8,21,1,3,5,2.625
VFLM 3153,9,24,0,4,4,3.0
VFLM 3153,10,18,0,4,4,2.25
VFLM 3153,11,20,0,4,4,2.5
VFLM 3153,12,22,0,4,4,2.75
VFLM 3153,13,13,1,5,3,1.625
VFLM 3153,14,25,1,7,1,3.125
VFLM 3153,15,18,0,6,2,2.25
VFLM 3153,16,19,1,5,3,2.375
VFLM 3153,17,20,0,4,4,2.5
VFLM 3153,18,21,1,3,5,2.625
VFLM 3153,19,16,0,4,4,2.0
VFLM 3153,20,13,1,5,3,1.625
VFLM 3153,21,29,1,3,5,3.625
VFLM 3153,22,22,0,2,6,2.75
VFLM 3153,23,17,1,5,3,2.125
VFLM 3153,24,15,1,5,3,1.875
VFLM 3153,25,15,1,3,5,1.875
VFLM 3153,26,22,0,6,2,2.75
VFLM 3153,27,15,1,3,5,1.875
VFLM 3153,28,29,1,1,7,3.625
VFLM 3153,29,19,1,3,5,2.375
VFLM 3153,30,21,1,5,3,2.625
VFLM 3154,1,17,1,3,5,2.125
VFLM 3154,2,18,0,6,2,2.25
VFLM 3154,3,15,1,5,3,1.875
VFLM 3154,4,23,1,5,3,2.875
VFLM 3154,5,15,1,7,1,1.875
VFLM 3154,6,20,0,4,4,2.5
VFLM 3154,7,20,0,4,4,2.5
VFLM 3154,8,20,0,4,4,2.5
VFLM 3154,9,16,0,4,4,2.0
VFLM 3154,10,31,1,3,5,3.875
VFLM 3154,11,25,1,5,3,3.125
VFLM 3154,12,21,1,7,1,2.625
VFLM 3154,13,17,1,3,5,2.125
VFLM 3154,14,26,0,4,4,3.25
VFLM 3154,15,17,1,3,5,2.125
VFLM 3154,16,15,1,3,5,1.875
VFLM 3154,17,15,1,5,3,1.875
VFLM 3154,18,21,1,5,3,2.625
VFLM 3154,19,17,1,3,5,2.125
VFLM 3154,20,16,0,6,2,2.0
VFLM 3154,21,26,0,4,4,3.25
VFLM 3154,22,25,1,3,5,3.125
VFLM 3154,23,17,1,5,3,2.125
VFLM 3154,24,28,0,2,6,3.5
VFLM 3154,25,18,0,2,6,2.25
VFLM 3154,26,23,1,3,5,2.875
VFLM 3154,27,15,1,3,5,1.875
VFLM 3154,28,16,0,0,8,2.0
VFLM 3154,29,20,0,2,6,2.5
VFLM 3154,30,16,0,4,4,2.0
VFLM 3155,1,23,1,3,5,2.875
VFLM 3155,2,9,1,5,3,1.125
VFLM 3155,3,29,1,5,3,3.625
VFLM 3155,4,13,1,3,5,1.625
VFLM 3155,5,21,1,5,3,2.625
VFLM 3155,6,22,0,4,4,2.75
VFLM 3155,7,27,1,5,3,3.375
VFLM 3155,8,31,1,3,5,3.875
VFLM 3155,9,22,0,4,4,2.75
VFLM 3155,10,26,0,2,6,3.25
VFLM 3155,11,17,1,5,3,2.125
VFLM 3155,12,19,1,5,3,2.375
VFLM 3155,13,26,0,2,6,3.25
VFLM 3155,14,29,1,3,5,3.625
VFLM 3155,15,24,0,2,6,3.0
VFLM 3155,16,22,0,2,6,2.75
VFLM 3155,17,32,0,6,2,4.0
VFLM 3155,18,18,0,2,6,2.25
VFLM 3155,19,18,0,6,2,2.25
VFLM 3155,20,21,1,5,3,2.625
VFLM 3155,21,24,0,2,6,3.0
VFLM 3155,22,20,0,6,2,2.5
VFLM 3155,23,27,1,3,5,3.375
VFLM 3155,24,24,0,4,4,3.0
VFLM 3155,25,16,0,4,4,2.0
VFLM 3155,26,21,1,5,3,2.625
VFLM 3155,27,20,0,2,6,2.5
VFLM 3155,28,23,1,3,5,2.875
VFLM 3155,29,17,1,5,3,2.125
VFLM 3155,30,17,1,3,5,2.125
VFLM 3156,1,22,0,4,4,2.75
VFLM 3156,2,23,1,7,1,2.875
VFLM 3156,3,25,1,5,3,3.125
VFLM 3156,4,19,1,5,3,2.375
VFLM 3156,5,27,1,3,5,3.375
VFLM 3156,6,20,0,4,4,2.5
VFLM 3156,7,30,0,4,4,3.75
VFLM 3156,8,24,0,2,6,3.0
VFLM 3156,9,26,0,4,4,3.25
VFLM 3156,10,16,0,6,2,2.0
VFLM 3156,11,20,0,4,4,2.5
VFLM 3156,12,24,0,0,8,3.0
VFLM 3156,13,24,0,6,2,3.0
VFLM 3156,14,16,0,4,4,2.0
VFLM 3156,15,21,1,3,5,2.625
VFLM 3156,16,20,0,4,4,2.5
VFLM 3156,17,17,1,5,3,2.125
VFLM 3156,18,26,0,8,0,3.25
VFLM 3156,19,20,0,4,4,2.5
VFLM 3156,20,21,1,5,3,2.625
VFLM 3156,21,19,1,3,5,2.375
VFLM 3156,22,27,1,3,5,3.375
VFLM 3156,23,22,0,4,4,2.75
VFLM 3156,24,15,1,5,3,1.875
VFLM 3156,25,20,0,2,6,2.5
VFLM 3156,26,21,1,5,3,2.625
VFLM 3156,27,22,0,4,4,2.75
VFLM 3156,28,12,0,4,4,1.5
VFLM 3156,29,17,1,3,5,2.125
VFLM 3156,30,20,0,6,2,2.5
VFLM 3157,1,24,0,6,2,3.0
VFLM 3157,2,19,1,5,3,2.375
VFLM 3157,3,22,0,4,4,2.75
VFLM 3157,4,25,1,5,3,3.125
VFLM 3157,5,15,1,3,5,1.875
VFLM 3157,6,25,1,5,3,3.125
VFLM 3157,7,20,0,4,4,2.5
VFLM 3157,8,14,0,2,6,1.75
VFLM 3157,9,23,1,5,3,2.875
VFLM 3157,10,23,1,3,5,2.875
VFLM 3157,11,24,0,2,6,3.0
VFLM 3157,12,22,0,4,4,2.75
VFLM 3157,13,19,1,3,5,2.375
VFLM 3157,14,16,0,2,6,2.0
VFLM 3157,15,25,1,5,3,3.125
VFLM 3157,16,22,0,4,4,2.75
VFLM 3157,17,18,0,6,2,2.25
VFLM 3157,18,11,1,3,5,1.375
VFLM 3157,19,18,0,6,2,2.25
VFLM 3157,20,21,1,3,5,2.625
VFLM 3157,21,20,0,4,4,2.5
VFLM 3157,22,19,1,3,5,2.375
VFLM 3157,23,20,0,4,4,2.5
VFLM 3157,24,23,1,3,5,2.875
VFLM 3157,25,19,1,1,7,2.375
VFLM 3157,26,26,0,4,4,3.25
VFLM 3157,27,19,1,5,3,2.375
VFLM 3157,28,22,0,4,4,2.75
VFLM 3157,29,22,0,2,6,2.75
VFLM 3157,30,24,0,6,2,3.0
VFLM 3158,1,16,0,4,4,2.0
VFLM 3158,2,24,0,4,4,3.0
VFLM 3158,3,22,0,6,2,2.75
VFLM 3158,4,18,0,4,4,2.25
VFLM 3158,5,16,0,2,6,2.0
VFLM 3158,6,27,1,3,5,3.375
VFLM 3158,7,20,0,4,4,2.5
VFLM 3158,8,15,1,3,5,1.875
VFLM 3158,9,17,1,5,3,2.125
VFLM 3158,10,33,1,5,3,4.125
VFLM 3158,11,21,1,1,7,2.625
VFLM 3158,12,21,1,3,5,2.625
VFLM 3158,13,22,0,4,4,2.75
VFLM 3158,14,20,0,6,2,2.5
VFLM 3158,15,21,1,5,3,2.625
VFLM 3158,16,21,1,7,1,2.625
VFLM 3158,17,24,0,4,4,3.0
VFLM 3158,18,19,1,5,3,2.375
VFLM 3158,19,15,1,5,3,1.875
VFLM 3158,20,17,1,5,3,2.125
VFLM 3158,21,20,0,4,4,2.5
VFLM 3158,22,30,0,4,4,3.75
VFLM 3158,23,18,0,2,6,2.25
VFLM 3158,24,18,0,4,4,2.25
VFLM 3158,25,15,1,5,3,1.875
VFLM 3158,26,23,1,3,5,2.875
VFLM 3158,27,25,1,3,5,3.125
VFLM 3158,28,32,0,2,6,4.0
VFLM 3158,29,20,0,4,4,2.5
VFLM 3158,30,24,0,6,2,3.0
VFLM 3159,1,16,0,2,6,2.0
VFLM 3159,2,24,0,4,4,3.0
VFLM 3159,3,15,1,1,7,1.875
VFLM 3159,4,17,1,5,3,2.125
VFLM 3159,5,26,0,4,4,3.25
VFLM 3159,6,21,1,5,3,2.625
VFLM 3159,7,18,0,6,2,2.25
VFLM 3159,8,25,1,3,5,3.125
VFLM 3159,9,25,1,5,3,3.125
VFLM 3159,10,33,1,3,5,4.125
VFLM 3159,11,27,1,3,5,3.375
VFLM 3159,12,21,1,5,3,2.625
VFLM 3159,13,23,1,3,5,2.875
VFLM 3159,14,29,1,3,5,3.625
VFLM 3159,15,19,1,3,5,2.375
VFLM 3159,16,24,0,2,6,3.0
VFLM 3159,17,18,0,4,4,2.25
VFLM 3159,18,22,0,6,2,2.75
VFLM 3159,19,19,1,1,7,2.375
VFLM 3159,20,19,1,3,5,2.375
VFLM 3159,21,21,1,5,3,2.625
VFLM 3159,22,30,0,6,2,3.75
VFLM 3159,23,24,0,4,4,3.0
VFLM 3159,24,24,0,4,4,3.0
VFLM 3159,25,18,0,4,4,2.25
VFLM 3159,26,23,1,3,5,2.875
VFLM 3159,27,22,0,4,4,2.75
VFLM 3159,28,26,0,4,4,3.25
VFLM 3159,29,23,1,3,5,2.875
VFLM 3159,30,19,1,3,5,2.375
VFLM 3160,1,22,0,2,6,2.75
VFLM 3160,2,15,1,5,3,1.875
VFLM 3160,3,23,1,3,5,2.875
VFLM 3160,4,8,0,4,4,1.0
VFLM 3160,5,17,1,3,5,2.125
VFLM 3160,6,26,0,4,4,3.25
VFLM 3160,7,23,1,3,5,2.875
VFLM 3160,8,27,1,5,3,3.375
VFLM 3160,9,24,0,2,6,3.0
VFLM 3160,10,25,1,5,3,3.125
VFLM 3160,11,18,0,4,4,2.25
VFLM 3160,12,19,1,5,3,2.375
VFLM 3160,13,22,0,2,6,2.75
VFLM 3160,14,24,0,6,2,3.0
VFLM 3160,15,24,0,4,4,3.0
VFLM 3160,16,18,0,6,2,2.25
VFLM 3160,17,26,0,4,4,3.25
VFLM 3160,18,27,1,5,3,3.375
VFLM 3160,19,18,0,2,6,2.25
VFLM 3160,20,16,0,4,4,2.0
VFLM 3160,21,21,1,3,5,2.625
VFLM 3160,22,33,1,3,5,4.125
VFLM 3160,23,23,1,3,5,2.875
VFLM 3160,24,15,1,5,3,1.875
VFLM 3160,25,28,0,4,4,3.5
VFLM 3160,26,31,1,3,5,3.875
VFLM 3160,27,17,1,3,5,2.125
VFLM 3160,28,14,0,4,4,1.75
VFLM 3160,29,32,0,4,4,4.0
VFLM 3160,30,25,1,5,3,3.125
VFLM 3161,1,16,0,4,4,2.0
VFLM 3161,2,29,1,5,3,3.625
VFLM 3161,3,16,0,4,4,2.0
VFLM 3161,4,15,1,5,3,1.875
VFLM 3161,5,12,0,4,4,1.5
VFLM 3161,6,16,0,2,6,2.0
VFLM 3161,7,23,1,3,5,2.875
VFLM 3161,8,24,0,4,4,3.0
VFLM 3161,9,25,1,5,3,3.125
VFLM 3161,10,25,1,7,1,3.125
VFLM 3161,11,13,1,3,5,1.625
VFLM 3161,12,16,0,4,4,2.0
VFLM 3161,13,19,1,3,5,2.375
VFLM 3161,14,11,1,5,3,1.375
VFLM 3161,15,14,0,4,4,1.75
VFLM 3161,16,21,1,3,5,2.625
VFLM 3161,17,19,1,3,5,2.375
VFLM 3161,18,18,0,4,4,2.25
VFLM 3161,19,30,0,6,2,3.75
VFLM 3161,20,25,1,5,3,3.125
VFLM 3161,21,19,1,3,5,2.375
VFLM 3161,22,24,0,4,4,3.0
VFLM 3161,23,22,0,4,4,2.75
VFLM 3161,24,19,1,3,5,2.375
VFLM 3161,25,17,1,3,5,2.125
VFLM 3161,26,22,0,4,4,2.75
VFLM 3161,27,21,1,3,5,2.625
VFLM 3161,28,18,0,6,2,2.25
VFLM 3161,29,19,1,5,3,2.375
VFLM 3161,30,19,1,3,5,2.375
VFLM 3162,1,15,1,3,5,1.875
VFLM 3162,2,22,0,6,2,2.75
VFLM 3162,3,24,0,6,2,3.0
VFLM 3162,4,22,0,4,4,2.75
VFLM 3162,5,21,1,5,3,2.625
VFLM 3162,6,11,1,3,5,1.375
VFLM 3162,7,15,1,1,7,1.875
VFLM 3162,8,21,1,3,5,2.625
VFLM 3162,9,21,1,3,5,2.625
VFLM 3162,10,16,0,4,4,2.0
VFLM 3162,11,19,1,5,3,2.375
VFLM 3162,12,13,1,3,5,1.625
VFLM 3162,13,19,1,5,3,2.375
VFLM 3162,14,20,0,4,4,2.5
VFLM 3162,15,24,0,6,2,3.0
VFLM 3162,16,23,1,5,3,2.875
VFLM 3162,17,22,0,2,6,2.75
VFLM 3162,18,22,0,4,4,2.75
VFLM 3162,19,18,0,4,4,2.25
VFLM 3162,20,20,0,4,4,2.5
VFLM 3162,21,18,0,6,2,2.25
VFLM 3162,22,17,1,5,3,2.125
VFLM 3162,23,19,1,3,5,2.375
VFLM 3162,24,20,0,4,4,2.5
VFLM 3162,25,24,0,4,4,3.0
VFLM 3162,26,23,1,5,3,2.875
VFLM 3162,27,19,1,5,3,2.375
VFLM 3162,28,28,0,6,2,3.5
VFLM 3162,29,21,1,5,3,2.625
VFLM 3162,30,18,0,6,2,2.25
VFLM 3163,1,23,1,3,5,2.875
VFLM 3163,2,26,0,4,4,3.25
VFLM 3163,3,15,1,7,1,1.875
VFLM 3163,4,17,1,5,3,2.125
VFLM 3163,5,20,0,6,2,2.5
VFLM 3163,6,13,1,5,3,1.625
VFLM 3163,7,20,0,2,6,2.5
VFLM 3163,8,26,0,2,6,3.25
VFLM 3163,9,16,0,4,4,2.0
VFLM 3163,10,15,1,3,5,1.875
VFLM 3163,11,25,1,5,3,3.125
VFLM 3163,12,28,0,4,4,3.5
VFLM 3163,13,21,1,3,5,2.625
VFLM 3163,14,24,0,4,4,3.0
VFLM 3163,15,16,0,4,4,2.0
VFLM 3163,16,24,0,6,2,3.0
VFLM 3163,17,13,1,3,5,1.625
VFLM 3163,18,17,1,5,3,2.125
VFLM 3163,19,20,0,4,4,2.5
VFLM 3163,20,23,1,3,5,2.875
VFLM 3163,21,23,1,3,5,2.875
VFLM 3163,22,21,1,3,5,2.625
VFLM 3163,23,18,0,4,4,2.25
VFLM 3163,24,27,1,7,1,3.375
VFLM 3163,25,24,0,6,2,3.0
VFLM 3163,26,16,0,4,4,2.0
VFLM 3163,27,20,0,6,2,2.5
VFLM 3163,28,17,1,3,5,2.125
VFLM 3163,29,15,1,3,5,1.875
VFLM 3163,30,24,0,4,4,3.0
VFLM 3164,1,22,0,4,4,2.75
VFLM 3164,2,26,0,2,6,3.25
VFLM 3164,3,26,0,6,2,3.25
VFLM 3164,4,19,1,5,3,2.375
VFLM 3164,5,23,1,3,5,2.875
VFLM 3164,6,23,1,3,5,2.875
VFLM 3164,7,11,1,5,3,1.375
VFLM 3164,8,19,1,3,5,2.375
VFLM 3164,9,28,0,4,4,3.5
VFLM 3164,10,19,1,5,3,2.375
VFLM 3164,11,16,0,0,8,2.0
VFLM 3164,12,21,1,5,3,2.625
VFLM 3164,13,24,0,4,4,3.0
VFLM 3164,14,19,1,5,3,2.375
VFLM 3164,15,18,0,4,4,2.25
VFLM 3164,16,20,0,4,4,2.5
VFLM 3164,17,16,0,4,4,2.0
VFLM 3164,18,24,0,6,2,3.0
VFLM 3164,19,19,1,1,7,2.375
VFLM 3164,20,27,1,3,5,3.375
VFLM 3164,21,18,0,4,4,2.25
VFLM 3164,22,18,0,4,4,2.25
VFLM 3164,23,25,1,5,3,3.125
VFLM 3164,24,11,1,5,3,1.375
VFLM 3164,25,23,1,5,3,2.875
VFLM 3164,26,21,1,3,5,2.625
VFLM 3164,27,20,0,4,4,2.5
VFLM 3164,28,23,1,5,3,2.875
VFLM 3164,29,18,0,2,6,2.25
VFLM 3164,30,22,0,6,2,2.75
VFLM 3165,1,21,1,7,1,2.625
VFLM 3165,2,27,1,3,5,3.375
VFLM 3165,3,21,1,3,5,2.625
VFLM 3165,4,16,0,4,4,2.0
VFLM 3165,5,23,1,5,3,2.875
VFLM 3165,6,16,0,4,4,2.0
VFLM 3165,7,15,1,5,3,1.875
VFLM 3165,8,16,0,4,4,2.0
VFLM 3165,9,22,0,2,6,2.75
VFLM 3165,10,25,1,3,5,3.125
VFLM 3165,11,23,1,5,3,2.875
VFLM 3165,12,31,1,3,5,3.875
VFLM 3165,13,23,1,3,5,2.875
VFLM 3165,14,27,1,3,5,3.375
VFLM 3165,15,17,1,3,5,2.125
VFLM 3165,16,25,1,5,3,3.125
VFLM 3165,17,19,1,5,3,2.375
VFLM 3165,18,24,0,6,2,3.0
VFLM 3165,19,22,0,4,4,2.75
VFLM 3165,20,19,1,1,7,2.375
VFLM 3165,21,21,1,3,5,2.625
VFLM 3165,22,23,1,7,1,2.875
VFLM 3165,23,10,0,6,2,1.25
VFLM 3165,24,15,1,3,5,1.875
VFLM 3165,25,22,0,6,2,2.75
VFLM 3165,26,16,0,4,4,2.0
VFLM 3165,27,19,1,5,3,2.375
VFLM 3165,28,23,1,1,7,2.875
VFLM 3165,29,22,0,4,4,2.75
VFLM 3165,30,11,1,3,5,1.375
VFLM 3166,1,17,1,3,5,2.125
VFLM 3166,2,22,0,4,4,2.75
VFLM 3166,3,24,0,6,2,3.0
VFLM 3166,4,19,1,3,5,2.375
VFLM 3166,5,19,1,5,3,2.375
VFLM 3166,6,22,0,2,6,2.75
VFLM 3166,7,10,0,2,6,1.25
VFLM 3166,8,24,0,6,2,3.0
VFLM 3166,9,21,1,7,1,2.625
VFLM 3166,10,23,1,3,5,2.875
VFLM 3166,11,22,0,2,6,2.75
VFLM 3166,12,22,0,4,4,2.75
VFLM 3166,13,19,1,3,5,2.375
VFLM 3166,14,23,1,3,5,2.875
VFLM 3166,15,23,1,5,3,2.875
VFLM 3166,16,26,0,4,4,3.25
VFLM 3166,17,22,0,2,6,2.75
VFLM 3166,18,22,0,6,2,2.75
VFLM 3166,19,25,1,5,3,3.125
VFLM 3166,20,19,1,5,3,2.375
VFLM 3166,21,19,1,3,5,2.375
VFLM 3166,22,23,1,3,5,2.875
VFLM 3166,23,17,1,5,3,2.125
VFLM 3166,24,20,0,4,4,2.5
VFLM 3166,25,19,1,3,5,2.375
VFLM 3166,26,13,1,3,5,1.625
VFLM 3166,27,22,0,2,6,2.75
VFLM 3166,28,24,0,6,2,3.0
VFLM 3166,29,18,0,2,6,2.25
VFLM 3166,30,27,1,3,5,3.375
VFLM 3167,1,13,1,3,5,1.625
VFLM 3167,2,26,0,2,6,3.25
VFLM 3167,3,27,1,3,5,3.375
VFLM 3167,4,22,0,4,4,2.75
VFLM 3167,5,22,0,4,4,2.75
VFLM 3167,6,22,0,4,4,2.75
VFLM 3167,7,16,0,2,6,2.0
VFLM 3167,8,23,1,3,5,2.875
VFLM 3167,9,26,0,2,6,3.25
VFLM 3167,10,23,1,7,1,2.875
VFLM 3167,11,24,0,4,4,3.0
VFLM 3167,12,15,1,5,3,1.875
VFLM 3167,13,22,0,2,6,2.75
VFLM 3167,14,18,0,4,4,2.25
VFLM 3167,15,25,1,3,5,3.125
VFLM 3167,16,23,1,3,5,2.875
VFLM 3167,17,14,0,4,4,1.75
VFLM 3167,18,13,1,1,7,1.625
VFLM 3167,19,23,1,5,3,2.875
VFLM 3167,20,22,0,4,4,2.75
VFLM 3167,21,23,1,5,3,2.875
VFLM 3167,22,22,0,2,6,2.75
VFLM 3167,23,26,0,6,2,3.25
VFLM 3167,24,20,0,4,4,2.5
VFLM 3167,25,21,1,3,5,2.625
VFLM 3167,26,24,0,2,6,3.0
VFLM 3167,27,20,0,4,4,2.5
VFLM 3167,28,13,1,5,3,1.625
VFLM 3167,29,18,0,6,2,2.25
VFLM 3167,30,14,0,6,2,1.75
VFLM 3168,1,21,1,3,5,2.625
VFLM 3168,2,22,0,2,6,2.75
VFLM 3168,3,22,0,2,6,2.75
VFLM 3168,4,23,1,3,5,2.875
VFLM 3168,5,18,0,4,4,2.25
VFLM 3168,6,23,1,1,7,2.875
VFLM 3168,7,11,1,5,3,1.375
VFLM 3168,8,27,1,5,3,3.375
VFLM 3168,9,15,1,1,7,1.875
VFLM 3168,10,14,0,6,2,1.75
VFLM 3168,11,27,1,5,3,3.375
VFLM 3168,12,20,0,4,4,2.5
VFLM 3168,13,19,1,3,5,2.375
VFLM 3168,14,17,1,7,1,2.125
VFLM 3168,15,28,0,4,4,3.5
VFLM 3168,16,19,1,5,3,2.375
VFLM 3168,17,23,1,3,5,2.875
VFLM 3168,18,23,1,5,3,2.875
VFLM 3168,19,19,1,3,5,2.375
VFLM 3168,20,19,1,3,5,2.375
VFLM 3168,21,25,1,5,3,3.125
VFLM 3168,22,21,1,3,5,2.625
VFLM 3168,23,27,1,5,3,3.375
VFLM 3168,24,13,1,3,5,1.625
VFLM 3168,25,21,1,3,5,2.625
VFLM 3168,26,18,0,4,4,2.25
VFLM 3168,27,25,1,5,3,3.125
VFLM 3168,28,19,1,3,5,2.375
VFLM 3168,29,23,1,3,5,2.875
VFLM 3168,30,24,0,4,4,3.0
VFLM 3169,1,19,1,5,3,2.375
VFLM 3169,2,14,0,4,4,1.75
VFLM 3169,3,14,0,6,2,1.75
VFLM 3169,4,20,0,6,2,2.5
VFLM 3169,5,17,1,3,5,2.125
VFLM 3169,6,27,1,5,3,3.375
VFLM 3169,7,21,1,3,5,2.625
VFLM 3169,8,20,0,2,6,2.5
VFLM 3169,9,21,1,7,1,2.625
VFLM 3169,10,20,0,4,4,2.5
VFLM 3169,11,22,0,4,4,2.75
VFLM 3169,12,16,0,2,6,2.0
VFLM 3169,13,24,0,4,4,3.0
VFLM 3169,14,17,1,5,3,2.125
VFLM 3169,15,20,0,2,6,2.5
VFLM 3169,16,16,0,4,4,2.0
VFLM 3169,17,24,0,4,4,3.0
VFLM 3169,18,19,1,5,3,2.375
VFLM 3169,19,30,0,6,2,3.75
VFLM 3169,20,19,1,3,5,2.375
VFLM 3169,21,24,0,2,6,3.0
VFLM 3169,22,19,1,3,5,2.375
VFLM 3169,23,15,1,5,3,1.875
VFLM 3169,24,21,1,5,3,2.625
VFLM 3169,25,15,1,1,7,1.875
VFLM 3169,26,24,0,6,2,3.0
VFLM 3169,27,18,0,4,4,2.25
VFLM 3169,28,22,0,4,4,2.75
VFLM 3169,29,17,1,3,5,2.125
VFLM 3169,30,20,0,4,4,2.5
VFLM 3170,1,21,1,3,5,2.625
VFLM 3170,2,16,0,2,6,2.0
VFLM 3170,3,19,1,5,3,2.375
VFLM 3170,4,18,0,4,4,2.25
VFLM 3170,5,25,1,3,5,3.125
VFLM 3170,6,29,1,3,5,3.625
VFLM 3170,7,28,0,4,4,3.5
VFLM 3170,8,17,1,5,3,2.125
VFLM 3170,9,25,1,5,3,3.125
VFLM 3170,10,19,1,5,3,2.375
VFLM 3170,11,21,1,3,5,2.625
VFLM 3170,12,25,1,3,5,3.125
VFLM 3170,13,17,1,3,5,2.125
VFLM 3170,14,23,1,3,5,2.875
VFLM 3170,15,23,1,5,3,2.875
VFLM 3170,16,17,1,3,5,2.125
VFLM 3170,17,15,1,5,3,1.875
VFLM 3170,18,30,0,2,6,3.75
VFLM 3170,19,20,0,4,4,2.5
VFLM 3170,20,17,1,3,5,2.125
VFLM 3170,21,19,1,7,1,2.375
VFLM 3170,22,22,0,4,4,2.75
VFLM 3170,23,24,0,6,2,3.0
VFLM 3170,24,30,0,4,4,3.75
VFLM 3170,25,22,0,6,2,2.75
VFLM 3170,26,13,1,3,5,1.625
VFLM 3170,27,13,1,5,3,1.625
VFLM 3170,28,16,0,4,4,2.0
VFLM 3170,29,17,1,5,3,2.125
VFLM 3170,30,23,1,5,3,2.875
VFLM 3171,1,24,0,2,6,3.0
VFLM 3171,2,22,0,4,4,2.75
VFLM 3171,3,16,0,2,6,2.0
VFLM 3171,4,19,1,3,5,2.375
VFLM 3171,5,24,0,6,2,3.0
VFLM 3171,6,17,1,3,5,2.125
VFLM 3171,7,21,1,3,5,2.625
VFLM 3171,8,20,0,2,6,2.5
VFLM 3171,9,18,0,4,4,2.25
VFLM 3171,10,16,0,2,6,2.0
VFLM 3171,11,16,0,6,2,2.0
VFLM 3171,12,16,0,6,2,2.0
VFLM 3171,13,14,0,4,4,1.75
VFLM 3171,14,22,0,4,4,2.75
VFLM 3171,15,18,0,4,4,2.25
VFLM 3171,16,21,1,3,5,2.625
VFLM 3171,17,18,0,2,6,2.25
VFLM 3171,18,22,0,6,2,2.75
VFLM 3171,19,18,0,4,4,2.25
VFLM 3171,20,10,0,2,6,1.25
VFLM 3171,21,22,0,2,6,2.75
VFLM 3171,22,24,0,6,2,3.0
VFLM 3171,23,22,0,4,4,2.75
VFLM 3171,24,19,1,5,3,2.375
VFLM 3171,25,25,1,3,5,3.125
VFLM 3171,26,18,0,6,2,2.25
VFLM 3171,27,13,1,3,5,1.625
VFLM 3171,28,23,1,5,3,2.875
VFLM 3171,29,16,0,2,6,2.0
VFLM 3171,30,25,1,3,5,3.125
VFLM 3172,1,20,0,6,2,2.5
VFLM 3172,2,24,0,6,2,3.0
VFLM 3172,3,16,0,6,2,2.0
VFLM 3172,4,16,0,6,2,2.0
VFLM 3172,5,22,0,4,4,2.75
VFLM 3172,6,23,1,3,5,2.875
VFLM 3172,7,18,0,4,4,2.25
VFLM 3172,8,15,1,3,5,1.875
VFLM 3172,9,20,0,2,6,2.5
VFLM 3172,10,18,0,6,2,2.25
VFLM 3172,11,22,0,4,4,2.75
VFLM 3172,12,21,1,3,5,2.625
VFLM 3172,13,20,0,2,6,2.5
VFLM 3172,14,15,1,5,3,1.875
VFLM 3172,15,21,1,3,5,2.625
VFLM 3172,16,19,1,5,3,2.375
VFLM 3172,17,33,1,5,3,4.125
VFLM 3172,18,16,0,6,2,2.0
VFLM 3172,19,15,1,3,5,1.875
VFLM 3172,20,24,0,2,6,3.0
VFLM 3172,21,18,0,4,4,2.25
VFLM 3172,22,20,0,6,2,2.5
VFLM 3172,23,23,1,3,5,2.875
VFLM 3172,24,15,1,5,3,1.875
VFLM 3172,25,27,1,5,3,3.375
VFLM 3172,26,26,0,4,4,3.25
VFLM 3172,27,17,1,3,5,2.125
VFLM 3172,28,23,1,3,5,2.875
VFLM 3172,29,13,1,3,5,1.625
VFLM 3172,30,16,0,8,0,2.0
VFLM 3173,1,23,1,3,5,2.875
VFLM 3173,2,29,1,1,7,3.625
VFLM 3173,3,14,0,4,4,1.75
VFLM 3173,4,19,1,7,1,2.375
VFLM 3173,5,19,1,5,3,2.375
VFLM 3173,6,22,0,2,6,2.75
VFLM 3173,7,26,0,2,6,3.25
VFLM 3173,8,18,0,2,6,2.25
VFLM 3173,9,24,0,2,6,3.0
VFLM 3173,10,19,1,5,3,2.375
VFLM 3173,11,21,1,3,5,2.625
VFLM 3173,12,20,0,4,4,2.5
VFLM 3173,13,15,1,3,5,1.875
VFLM 3173,14,27,1,3,5,3.375
VFLM 3173,15,17,1,3,5,2.125
VFLM 3173,16,21,1,5,3,2.625
VFLM 3173,17,30,0,6,2,3.75
VFLM 3173,18,18,0,6,2,2.25
VFLM 3173,19,26,0,4,4,3.25
VFLM 3173,20,25,1,5,3,3.125
VFLM 3173,21,26,0,2,6,3.25
VFLM 3173,22,18,0,4,4,2.25
VFLM 3173,23,18,0,4,4,2.25
VFLM 3173,24,22,0,6,2,2.75
VFLM 3173,25,12,0,6,2,1.5
VFLM 3173,26,20,0,4,4,2.5
VFLM 3173,27,21,1,3,5,2.625
VFLM 3173,28,24,0,6,2,3.0
VFLM 3173,29,21,1,5,3,2.625
VFLM 3173,30,24,0,4,4,3.0
VFLM 3174,1,26,0,4,4,3.25
VFLM 3174,2,18,0,2,6,2.25
VFLM 3174,3,25,1,3,5,3.125
VFLM 3174,4,34,0,2,6,4.25
VFLM 3174,5,19,1,3,5,2.375
VFLM 3174,6,24,0,6,2,3.0
VFLM 3174,7,17,1,5,3,2.125
VFLM 3174,8,22,0,4,4,2.75
VFLM 3174,9,20,0,2,6,2.5
VFLM 3174,10,24,0,6,2,3.0
VFLM 3174,11,18,0,2,6,2.25
VFLM 3174,12,26,0,4,4,3.25
VFLM 3174,13,14,0,4,4,1.75
VFLM 3174,14,16,0,6,2,2.0
VFLM 3174,15,25,1,1,7,3.125
VFLM 3174,16,21,1,3,5,2.625
VFLM 3174,17,18,0,4,4,2.25
VFLM 3174,18,14,0,4,4,1.75
VFLM 3174,19,19,1,3,5,2.375
VFLM 3174,20,18,0,4,4,2.25
VFLM 3174,21,19,1,5,3,2.375
VFLM 3174,22,24,0,0,8,3.0
VFLM 3174,23,17,1,3,5,2.125
VFLM 3174,24,21,1,3,5,2.625
VFLM 3174,25,13,1,1,7,1.625
VFLM 3174,26,27,1,1,7,3.375
VFLM 3174,27,22,0,4,4,2.75
VFLM 3174,28,21,1,3,5,2.625
VFLM 3174,29,26,0,2,6,3.25
VFLM 3174,30,20,0,4,4,2.5
VFLM 3188,1,19,1,5,3,2.375
VFLM 3188,2,21,1,5,3,2.625
VFLM 3188,3,22,0,4,4,2.75
VFLM 3188,4,30,0,2,6,3.75
VFLM 3188,5,14,0,6,2,1.75
VFLM 3188,6,18,0,4,4,2.25
VFLM 3188,7,27,1,1,7,3.375
VFLM 3188,8,21,1,3,5,2.625
VFLM 3188,9,24,0,4,4,3.0
VFLM 3188,10,26,0,2,6,3.25
VFLM 3188,11,14,0,4,4,1.75
VFLM 3188,12,19,1,3,5,2.375
VFLM 3188,13,18,0,6,2,2.25
VFLM 3188,14,17,1,5,3,2.125
VFLM 3188,15,30,0,4,4,3.75
VFLM 3188,16,23,1,5,3,2.875
VFLM 3188,17,16,0,4,4,2.0
VFLM 3188,18,11,1,7,1,1.375
VFLM 3188,19,19,1,3,5,2.375
VFLM 3188,20,20,0,2,6,2.5
VFLM 3188,21,22,0,6,2,2.75
VFLM 3188,22,21,1,3,5,2.625
VFLM 3188,23,11,1,3,5,1.375
VFLM 3188,24,26,0,6,2,3.25
VFLM 3188,25,27,1,5,3,3.375
VFLM 3188,26,21,1,5,3,2.625
VFLM 3188,27,18,0,4,4,2.25
VFLM 3188,28,22,0,4,4,2.75
VFLM 3188,29,15,1,3,5,1.875
VFLM 3188,30,19,1,5,3,2.375
VFLM 3189,1,25,1,5,3,3.125
VFLM 3189,2,20,0,4,4,2.5
VFLM 3189,3,22,0,4,4,2.75
VFLM 3189,4,16,0,6,2,2.0
VFLM 3189,5,24,0,2,6,3.0
VFLM 3189,6,26,0,6,2,3.25
VFLM 3189,7,17,1,3,5,2.125
VFLM 3189,8,13,1,3,5,1.625
VFLM 3189,9,22,0,4,4,2.75
VFLM 3189,10,29,1,5,3,3.625
VFLM 3189,11,18,0,2,6,2.25
VFLM 3189,12,24,0,4,4,3.0
VFLM 3189,13,22,0,4,4,2.75
VFLM 3189,14,15,1,3,5,1.875
VFLM 3189,15,30,0,6,2,3.75
VFLM 3189,16,22,0,4,4,2.75
VFLM 3189,17,21,1,1,7,2.625
VFLM 3189,18,26,0,6,2,3.25
VFLM 3189,19,26,0,6,2,3.25
VFLM 3189,20,22,0,2,6,2.75
VFLM 3189,21,18,0,4,4,2.25
VFLM 3189,22,26,0,4,4,3.25
VFLM 3189,23,21,1,3,5,2.625
VFLM 3189,24,26,0,4,4,3.25
VFLM 3189,25,21,1,3,5,2.625
VFLM 3189,26,26,0,6,2,3.25
VFLM 3189,27,23,1,3,5,2.875
VFLM 3189,28,22,0,2,6,2.75
VFLM 3189,29,18,0,2,6,2.25
VFLM 3189,30,17,1,5,3,2.125
VFLM 3190,1,16,0,4,4,2.0
VFLM 3190,2,22,0,4,4,2.75
VFLM 3190,3,14,0,2,6,1.75
VFLM 3190,4,22,0,4,4,2.75
VFLM 3190,5,22,0,4,4,2.75
VFLM 3190,6,21,1,5,3,2.625
VFLM 3190,7,24,0,2,6,3.0
VFLM 3190,8,26,0,2,6,3.25
VFLM 3190,9,19,1,5,3,2.375
VFLM 3190,10,29,1,1,7,3.625
VFLM 3190,11,18,0,6,2,2.25
VFLM 3190,12,21,1,7,1,2.625
VFLM 3190,13,25,1,5,3,3.125
VFLM 3190,14,20,0,4,4,2.5
VFLM 3190,15,25,1,5,3,3.125
VFLM 3190,16,21,1,5,3,2.625
VFLM 3190,17,19,1,5,3,2.375
VFLM 3190,18,19,1,3,5,2.375
VFLM 3190,19,24,0,4,4,3.0
VFLM 3190,20,23,1,3,5,2.875
VFLM 3190,21,17,1,5,3,2.125
VFLM 3190,22,20,0,6,2,2.5
VFLM 3190,23,26,0,4,4,3.25
VFLM 3190,24,27,1,3,5,3.375
VFLM 3190,25,21,1,5,3,2.625
VFLM 3190,26,18,0,4,4,2.25
VFLM 3190,27,24,0,2,6,3.0
VFLM 3190,28,20,0,4,4,2.5
VFLM 3190,29,23,1,5,3,2.875
VFLM 3190,30,24,0,4,4,3.0
VFLM 3191,1,17,1,5,3,2.125
VFLM 3191,2,11,1,3,5,1.375
VFLM 3191,3,14,0,2,6,1.75
VFLM 3191,4,26,0,2,6,3.25
VFLM 3191,5,16,0,4,4,2.0
VFLM 3191,6,21,1,3,5,2.625
VFLM 3191,7,17,1,5,3,2.125
VFLM 3191,8,15,1,5,3,1.875
VFLM 3191,9,18,0,4,4,2.25
VFLM 3191,10,26,0,6,2,3.25
VFLM 3191,11,19,1,1,7,2.375
VFLM 3191,12,21,1,3,5,2.625
VFLM 3191,13,26,0,2,6,3.25
VFLM 3191,14,26,0,4,4,3.25
VFLM 3191,15,19,1,3,5,2.375
VFLM 3191,16,24,0,4,4,3.0
VFLM 3191,17,20,0,4,4,2.5
VFLM 3191,18,15,1,1,7,1.875
VFLM 3191,19,18,0,4,4,2.25
VFLM 3191,20,22,0,6,2,2.75
VFLM 3191,21,20,0,4,4,2.5
VFLM 3191,22,25,1,5,3,3.125
VFLM 3191,23,22,0,4,4,2.75
VFLM 3191,24,29,1,3,5,3.625
VFLM 3191,25,20,0,4,4,2.5
VFLM 3191,26,19,1,3,5,2.375
VFLM 3191,27,26,0,4,4,3.25
VFLM 3191,28,24,0,6,2,3.0
VFLM 3191,29,22,0,2,6,2.75
VFLM 3191,30,25,1,1,7,3.125
VFLM 3192,1,16,0,6,2,2.0
VFLM 3192,2,19,1,3,5,2.375
VFLM 3192,3,26,0,2,6,3.25
VFLM 3192,4,17,1,7,1,2.125
VFLM 3192,5,25,1,7,1,3.125
VFLM 3192,6,15,1,3,5,1.875
VFLM 3192,7,20,0,4,4,2.5
VFLM 3192,8,19,1,5,3,2.375
VFLM 3192,9,20,0,4,4,2.5
VFLM 3192,10,26,0,4,4,3.25
VFLM 3192,11,21,1,1,7,2.625
VFLM 3192,12,18,0,6,2,2.25
VFLM 3192,13,17,1,3,5,2.125
VFLM 3192,14,15,1,3,5,1.875
VFLM 3192,15,24,0,2,6,3.0
VFLM 3192,16,19,1,3,5,2.375
VFLM 3192,17,18,0,4,4,2.25
VFLM 3192,18,22,0,4,4,2.75
VFLM 3192,19,24,0,4,4,3.0
VFLM 3192,20,19,1,3,5,2.375
VFLM 3192,21,18,0,6,2,2.25
VFLM 3192,22,22,0,6,2,2.75
VFLM 3192,23,24,0,2,6,3.0
VFLM 3192,24,20,0,2,6,2.5
VFLM 3192,25,22,0,2,6,2.75
VFLM 3192,26,24,0,4,4,3.0
VFLM 3192,27,22,0,2,6,2.75
VFLM 3192,28,22,0,4,4,2.75
VFLM 3192,29,18,0,4,4,2.25
VFLM 3192,30,19,1,5,3,2.375
VFLM 3193,1,17,1,5,3,2.125
VFLM 3193,2,17,1,3,5,2.125
VFLM 3193,3,21,1,3,5,2.625
VFLM 3193,4,18,0,4,4,2.25
VFLM 3193,5,16,0,2,6,2.0
VFLM 3193,6,19,1,1,7,2.375
VFLM 3193,7,14,0,4,4,1.75
VFLM 3193,8,29,1,5,3,3.625
VFLM 3193,9,23,1,5,3,2.875
VFLM 3193,10,30,0,4,4,3.75
VFLM 3193,11,21,1,5,3,2.625
VFLM 3193,12,16,0,6,2,2.0
VFLM 3193,13,20,0,2,6,2.5
VFLM 3193,14,20,0,4,4,2.5
VFLM 3193,15,24,0,4,4,3.0
VFLM 3193,16,20,0,2,6,2.5
VFLM 3193,17,19,1,3,5,2.375
VFLM 3193,18,20,0,2,6,2.5
VFLM 3193,19,25,1,3,5,3.125
VFLM 3193,20,25,1,5,3,3.125
VFLM 3193,21,23,1,3,5,2.875
VFLM 3193,22,16,0,6,2,2.0
VFLM 3193,23,32,0,4,4,4.0
VFLM 3193,24,26,0,2,6,3.25
VFLM 3193,25,22,0,2,6,2.75
VFLM 3193,26,18,0,4,4,2.25
VFLM 3193,27,18,0,6,2,2.25
VFLM 3193,28,25,1,3,5,3.125
VFLM 3193,29,19,1,3,5,2.375
VFLM 3193,30,27,1,5,3,3.375
VFLM 3194,1,22,0,4,4,2.75
VFLM 3194,2,24,0,2,6,3.0
VFLM 3194,3,20,0,4,4,2.5
VFLM 3194,4,23,1,3,5,2.875
VFLM 3194,5,25,1,3,5,3.125
VFLM 3194,6,17,1,3,5,2.125
VFLM 3194,7,24,0,6,2,3.0
VFLM 3194,8,25,1,3,5,3.125
VFLM 3194,9,28,0,2,6,3.5
VFLM 3194,10,23,1,3,5,2.875
VFLM 3194,11,16,0,4,4,2.0
VFLM 3194,12,21,1,5,3,2.625
VFLM 3194,13,20,0,4,4,2.5
VFLM 3194,14,27,1,3,5,3.375
VFLM 3194,15,20,0,4,4,2.5
VFLM 3194,16,19,1,5,3,2.375
VFLM 3194,17,20,0,4,4,2.5
VFLM 3194,18,19,1,3,5,2.375
VFLM 3194,19,22,0,6,2,2.75
VFLM 3194,20,20,0,2,6,2.5
VFLM 3194,21,24,0,4,4,3.0
VFLM 3194,22,17,1,5,3,2.125
VFLM 3194,23,14,0,4,4,1.75
VFLM 3194,24,22,0,4,4,2.75
VFLM 3194,25,18,0,4,4,2.25
VFLM 3194,26,15,1,3,5,1.875
VFLM 3194,27,21,1,5,3,2.625
VFLM 3194,28,27,1,3,5,3.375
VFLM 3194,29,18,0,4,4,2.25
VFLM 3194,30,22,0,4,4,2.75
VFLM 3195,1,17,1,3,5,2.125
VFLM 3195,2,16,0,4,4,2.0
VFLM 3195,3,27,1,3,5,3.375
VFLM 3195,4,13,1,7,1,1.625
VFLM 3195,5,17,1,3,5,2.125
VFLM 3195,6,26,0,6,2,3.25
VFLM 3195,7,20,0,4,4,2.5
VFLM 3195,8,18,0,0,8,2.25
VFLM 3195,9,22,0,4,4,2.75
VFLM 3195,10,25,1,5,3,3.125
VFLM 3195,11,14,0,4,4,1.75
VFLM 3195,12,17,1,3,5,2.125
VFLM 3195,13,17,1,5,3,2.125
VFLM 3195,14,20,0,2,6,2.5
VFLM 3195,15,9,1,3,5,1.125
VFLM 3195,16,23,1,5,3,2.875
VFLM 3195,17,20,0,4,4,2.5
VFLM 3195,18,23,1,3,5,2.875
VFLM 3195,19,25,1,5,3,3.125
VFLM 3195,20,22,0,6,2,2.75
VFLM 3195,21,26,0,4,4,3.25
VFLM 3195,22,18,0,2,6,2.25
VFLM 3195,23,18,0,4,4,2.25
VFLM 3195,24,22,0,4,4,2.75
VFLM 3195,25,16,0,2,6,2.0
VFLM 3195,26,25,1,3,5,3.125
VFLM 3195,27,22,0,2,6,2.75
VFLM 3195,28,19,1,3,5,2.375
VFLM 3195,29,19,1,5,3,2.375
VFLM 3195,30,19,1,5,3,2.375
VFLM 3196,1,26,0,2,6,3.25
VFLM 3196,2,18,0,6,2,2.25
VFLM 3196,3,18,0,2,6,2.25
VFLM 3196,4,15,1,5,3,1.875
VFLM 3196,5,23,1,3,5,2.875
VFLM 3196,6,26,0,4,4,3.25
VFLM 3196,7,24,0,2,6,3.0
VFLM 3196,8,19,1,3,5,2.375
VFLM 3196,9,13,1,3,5,1.625
VFLM 3196,10,13,1,3,5,1.625
VFLM 3196,11,25,1,3,5,3.125
VFLM 3196,12,20,0,4,4,2.5
VFLM 3196,13,21,1,5,3,2.625
VFLM 3196,14,19,1,3,5,2.375
VFLM 3196,15,21,1,5,3,2.625
VFLM 3196,16,24,0,4,4,3.0
VFLM 3196,17,22,0,4,4,2.75
VFLM 3196,18,19,1,5,3,2.375
VFLM 3196,19,23,1,3,5,2.875
VFLM 3196,20,21,1,3,5,2.625
VFLM 3196,21,21,1,3,5,2.625
VFLM 3196,22,20,0,4,4,2.5
VFLM 3196,23,12,0,4,4,1.5
VFLM 3196,24,17,1,3,5,2.125
VFLM 3196,25,15,1,3,5,1.875
VFLM 3196,26,17,1,5,3,2.125
VFLM 3196,27,14,0,4,4,1.75
VFLM 3196,28,14,0,2,6,1.75
VFLM 3196,29,15,1,5,3,1.875
VFLM 3196,30,18,0,6,2,2.25
VFLM 3197,1,21,1,5,3,2.625
VFLM 3197,2,29,1,5,3,3.625
VFLM 3197,3,19,1,1,7,2.375
VFLM 3197,4,17,1,5,3,2.125
VFLM 3197,5,21,1,5,3,2.625
VFLM 3197,6,25,1,3,5,3.125
VFLM 3197,7,16,0,2,6,2.0
VFLM 3197,8,21,1,3,5,2.625
VFLM 3197,9,18,0,4,4,2.25
VFLM 3197,10,25,1,3,5,3.125
VFLM 3197,11,20,0,2,6,2.5
VFLM 3197,12,14,0,4,4,1.75
VFLM 3197,13,29,1,5,3,3.625
VFLM 3197,14,11,1,3,5,1.375
VFLM 3197,15,19,1,3,5,2.375
VFLM 3197,16,16,0,4,4,2.0
VFLM 3197,17,17,1,5,3,2.125
VFLM 3197,18,25,1,5,3,3.125
VFLM 3197,19,26,0,2,6,3.25
VFLM 3197,20,16,0,4,4,2.0
VFLM 3197,21,22,0,2,6,2.75
VFLM 3197,22,19,1,5,3,2.375
VFLM 3197,23,17,1,5,3,2.125
VFLM 3197,24,22,0,4,4,2.75
VFLM 3197,25,20,0,4,4,2.5
VFLM 3197,26,23,1,3,5,2.875
VFLM 3197,27,20,0,4,4,2.5
VFLM 3197,28,26,0,2,6,3.25
VFLM 3197,29,16,0,4,4,2.0
VFLM 3197,30,18,0,4,4,2.25
VFLM 3198,1,19,1,5,3,2.375
VFLM 3198,2,26,0,6,2,3.25
VFLM 3198,3,22,0,2,6,2.75
VFLM 3198,4,20,0,6,2,2.5
VFLM 3198,5,11,1,3,5,1.375
VFLM 3198,6,21,1,5,3,2.625
VFLM 3198,7,22,0,4,4,2.75
VFLM 3198,8,17,1,1,7,2.125
VFLM 3198,9,25,1,5,3,3.125
VFLM 3198,10,22,0,2,6,2.75
VFLM 3198,11,17,1,3,5,2.125
VFLM 3198,12,23,1,3,5,2.875
VFLM 3198,13,21,1,3,5,2.625
VFLM 3198,14,25,1,5,3,3.125
VFLM 3198,15,18,0,4,4,2.25
VFLM 3198,16,19,1,3,5,2.375
VFLM 3198,17,19,1,3,5,2.375
VFLM 3198,18,21,1,3,5,2.625
VFLM 3198,19,18,0,4,4,2.25
VFLM 3198,20,26,0,4,4,3.25
VFLM 3198,21,29,1,7,1,3.625
VFLM 3198,22,17,1,5,3,2.125
VFLM 3198,23,26,0,2,6,3.25
VFLM 3198,24,23,1,3,5,2.875
VFLM 3198,25,13,1,3,5,1.625
VFLM 3198,26,17,1,5,3,2.125
VFLM 3198,27,23,1,5,3,2.875
VFLM 3198,28,22,0,4,4,2.75
VFLM 3198,29,17,1,3,5,2.125
VFLM 3198,30,21,1,3,5,2.625
VFLM 3199,1,21,1,5,3,2.625
VFLM 3199,2,24,0,4,4,3.0
VFLM 3199,3,19,1,5,3,2.375
VFLM 3199,4,13,1,5,3,1.625
VFLM 3199,5,16,0,6,2,2.0
VFLM 3199,6,21,1,5,3,2.625
VFLM 3199,7,23,1,3,5,2.875
VFLM 3199,8,22,0,2,6,2.75
VFLM 3199,9,23,1,3,5,2.875
VFLM 3199,10,26,0,4,4,3.25
VFLM 3199,11,23,1,5,3,2.875
VFLM 3199,12,29,1,5,3,3.625
VFLM 3199,13,27,1,5,3,3.375
VFLM 3199,14,20,0,2,6,2.5
VFLM 3199,15,24,0,2,6,3.0
VFLM 3199,16,20,0,4,4,2.5
VFLM 3199,17,19,1,7,1,2.375
VFLM 3199,18,21,1,3,5,2.625
VFLM 3199,19,21,1,5,3,2.625
VFLM 3199,20,27,1,7,1,3.375
VFLM 3199,21,27,1,3,5,3.375
VFLM 3199,22,22,0,6,2,2.75
VFLM 3199,23,24,0,2,6,3.0
VFLM 3199,24,22,0,2,6,2.75
VFLM 3199,25,17,1,5,3,2.125
VFLM 3199,26,19,1,3,5,2.375
VFLM 3199,27,23,1,5,3,2.875
VFLM 3199,28,27,1,5,3,3.375
VFLM 3199,29,31,1,5,3,3.875
VFLM 3199,30,26,0,2,6,3.25
VFLM 3200,1,18,0,4,4,2.25
VFLM 3200,2,20,0,2,6,2.5
VFLM 3200,3,15,1,1,7,1.875
VFLM 3200,4,19,1,1,7,2.375
VFLM 3200,5,26,0,6,2,3.25
VFLM 3200,6,19,1,5,3,2.375
VFLM 3200,7,24,0,4,4,3.0
VFLM 3200,8,31,1,7,1,3.875
VFLM 3200,9,16,0,4,4,2.0
VFLM 3200,10,18,0,6,2,2.25
VFLM 3200,11,16,0,4,4,2.0
VFLM 3200,12,26,0,4,4,3.25
VFLM 3200,13,23,1,5,3,2.875
VFLM 3200,14,23,1,5,3,2.875
VFLM 3200,15,24,0,4,4,3.0
VFLM 3200,16,16,0,4,4,2.0
VFLM 3200,17,19,1,5,3,2.375
VFLM 3200,18,19,1,5,3,2.375
VFLM 3200,19,20,0,2,6,2.5
VFLM 3200,20,25,1,3,5,3.125
VFLM 3200,21,19,1,5,3,2.375
VFLM 3200,22,27,1,5,3,3.375
VFLM 3200,23,24,0,0,8,3.0
VFLM 3200,24,25,1,5,3,3.125
VFLM 3200,25,21,1,3,5,2.625
VFLM 3200,26,20,0,2,6,2.5
VFLM 3200,27,23,1,1,7,2.875
VFLM 3200,28,29,1,5,3,3.625
VFLM 3200,29,28,0,2,6,3.5
VFLM 3200,30,19,1,3,5,2.375
VFLM 3201,1,22,0,4,4,2.75
VFLM 3201,2,22,0,2,6,2.75
VFLM 3201,3,27,1,5,3,3.375
VFLM 3201,4,22,0,0,8,2.75
VFLM 3201,5,19,1,5,3,2.375
VFLM 3201,6,14,0,2,6,1.75
VFLM 3201,7,21,1,3,5,2.625
VFLM 3201,8,19,1,3,5,2.375
VFLM 3201,9,27,1,5,3,3.375
VFLM 3201,10,28,0,4,4,3.5
VFLM 3201,11,18,0,4,4,2.25
VFLM 3201,12,15,1,3,5,1.875
VFLM 3201,13,19,1,3,5,2.375
VFLM 3201,14,16,0,2,6,2.0
VFLM 3201,15,19,1,5,3,2.375
VFLM 3201,16,23,1,3,5,2.875
VFLM 3201,17,29,1,7,1,3.625
VFLM 3201,18,19,1,3,5,2.375
VFLM 3201,19,23,1,5,3,2.875
VFLM 3201,20,19,1,3,5,2.375
VFLM 3201,21,16,0,4,4,2.0
VFLM 3201,22,29,1,3,5,3.625
VFLM 3201,23,22,0,4,4,2.75
VFLM 3201,24,17,1,5,3,2.125
VFLM 3201,25,13,1,3,5,1.625
VFLM 3201,26,22,0,2,6,2.75
VFLM 3201,27,23,1,5,3,2.875
VFLM 3201,28,23,1,5,3,2.875
VFLM 3201,29,16,0,4,4,2.0
VFLM 3201,30,26,0,4,4,3.25
VFLM 3202,1,18,0,4,4,2.25
VFLM 3202,2,26,0,6,2,3.25
VFLM 3202,3,21,1,5,3,2.625
VFLM 3202,4,19,1,3,5,2.375
VFLM 3202,5,19,1,5,3,2.375
VFLM 3202,6,25,1,3,5,3.125
VFLM 3202,7,24,0,6,2,3.0
VFLM 3202,8,22,0,6,2,2.75
VFLM 3202,9,35,1,5,3,4.375
VFLM 3202,10,22,0,2,6,2.75
VFLM 3202,11,20,0,4,4,2.5
VFLM 3202,12,23,1,1,7,2.875
VFLM 3202,13,16,0,4,4,2.0
VFLM 3202,14,20,0,4,4,2.5
VFLM 3202,15,24,0,6,2,3.0
VFLM 3202,16,24,0,4,4,3.0
VFLM 3202,17,21,1,5,3,2.625
VFLM 3202,18,29,1,5,3,3.625
VFLM 3202,19,19,1,3,5,2.375
VFLM 3202,20,18,0,6,2,2.25
VFLM 3202,21,14,0,4,4,1.75
VFLM 3202,22,17,1,3,5,2.125
VFLM 3202,23,23,1,5,3,2.875
VFLM 3202,24,23,1,5,3,2.875
VFLM 3202,25,22,0,2,6,2.75
VFLM 3202,26,28,0,4,4,3.5
VFLM 3202,27,20,0,2,6,2.5
VFLM 3202,28,18,0,4,4,2.25
VFLM 3202,29,19,1,5,3,2.375
VFLM 3202,30,31,1,5,3,3.875
VFLM 3203,1,15,1,5,3,1.875
VFLM 3203,2,19,1,7,1,2.375
VFLM 3203,3,19,1,3,5,2.375
VFLM 3203,4,18,0,4,4,2.25
VFLM 3203,5,17,1,5,3,2.125
VFLM 3203,6,19,1,3,5,2.375
VFLM 3203,7,22,0,6,2,2.75
VFLM 3203,8,21,1,5,3,2.625
VFLM 3203,9,13,1,3,5,1.625
VFLM 3203,10,18,0,4,4,2.25
VFLM 3203,11,23,1,3,5,2.875
VFLM 3203,12,20,0,4,4,2.5
VFLM 3203,13,14,0,2,6,1.75
VFLM 3203,14,14,0,4,4,1.75
VFLM 3203,15,16,0,2,6,2.0
VFLM 3203,16,20,0,2,6,2.5
VFLM 3203,17,19,1,5,3,2.375
VFLM 3203,18,15,1,5,3,1.875
VFLM 3203,19,15,1,5,3,1.875
VFLM 3203,20,16,0,4,4,2.0
VFLM 3203,21,21,1,5,3,2.625
VFLM 3203,22,21,1,7,1,2.625
VFLM 3203,23,16,0,4,4,2.0
VFLM 3203,24,18,0,4,4,2.25
VFLM 3203,25,27,1,5,3,3.375
VFLM 3203,26,24,0,2,6,3.0
VFLM 3203,27,21,1,3,5,2.625
VFLM 3203,28,21,1,3,5,2.625
VFLM 3203,29,22,0,4,4,2.75
VFLM 3203,30,11,1,3,5,1.375
VFLM 3204,1,17,1,5,3,2.125
VFLM 3204,2,26,0,4,4,3.25
VFLM 3204,3,25,1,5,3,3.125
VFLM 3204,4,20,0,4,4,2.5
VFLM 3204,5,30,0,6,2,3.75
VFLM 3204,6,16,0,4,4,2.0
VFLM 3204,7,22,0,2,6,2.75
VFLM 3204,8,22,0,4,4,2.75
VFLM 3204,9,24,0,4,4,3.0
VFLM 3204,10,16,0,4,4,2.0
VFLM 3204,11,17,1,3,5,2.125
VFLM 3204,12,20,0,4,4,2.5
VFLM 3204,13,19,1,5,3,2.375
VFLM 3204,14,25,1,3,5,3.125
VFLM 3204,15,27,1,5,3,3.375
VFLM 3204,16,22,0,4,4,2.75
VFLM 3204,17,15,1,5,3,1.875
VFLM 3204,18,29,1,3,5,3.625
VFLM 3204,19,16,0,4,4,2.0
VFLM 3204,20,22,0,4,4,2.75
VFLM 3204,21,24,0,4,4,3.0
VFLM 3204,22,16,0,4,4,2.0
VFLM 3204,23,17,1,3,5,2.125
VFLM 3204,24,16,0,6,2,2.0
VFLM 3204,25,22,0,2,6,2.75
VFLM 3204,26,22,0,6,2,2.75
VFLM 3204,27,17,1,5,3,2.125
VFLM 3204,28,15,1,3,5,1.875
VFLM 3204,29,22,0,4,4,2.75
VFLM 3204,30,16,0,4,4,2.0
VFLM 3205,1,17,1,5,3,2.125
VFLM 3205,2,17,1,3,5,2.125
VFLM 3205,3,23,1,3,5,2.875
VFLM 3205,4,23,1,5,3,2.875
VFLM 3205,5,17,1,1,7,2.125
VFLM 3205,6,17,1,5,3,2.125
VFLM 3205,7,24,0,4,4,3.0
VFLM 3205,8,16,0,4,4,2.0
VFLM 3205,9,20,0,6,2,2.5
VFLM 3205,10,21,1,5,3,2.625
VFLM 3205,11,19,1,3,5,2.375
VFLM 3205,12,16,0,2,6,2.0
VFLM 3205,13,23,1,3,5,2.875
VFLM 3205,14,24,0,6,2,3.0
VFLM 3205,15,28,0,6,2,3.5
VFLM 3205,16,22,0,4,4,2.75
VFLM 3205,17,19,1,5,3,2.375
VFLM 3205,18,32,0,4,4,4.0
VFLM 3205,19,31,1,5,3,3.875
VFLM 3205,20,23,1,5,3,2.875
VFLM 3205,21,20,0,2,6,2.5
VFLM 3205,22,24,0,2,6,3.0
VFLM 3205,23,24,0,6,2,3.0
VFLM 3205,24,24,0,6,2,3.0
VFLM 3205,25,15,1,5,3,1.875
VFLM 3205,26,25,1,5,3,3.125
VFLM 3205,27,16,0,4,4,2.0
VFLM 3205,28,24,0,6,2,3.0
VFLM 3205,29,18,0,6,2,2.25
VFLM 3205,30,23,1,5,3,2.875
VFLM 3206,1,18,0,6,2,2.25
VFLM 3206,2,27,1,7,1,3.375
VFLM 3206,3,23,1,1,7,2.875
VFLM 3206,4,17,1,3,5,2.125
VFLM 3206,5,18,0,4,4,2.25
VFLM 3206,6,25,1,3,5,3.125
VFLM 3206,7,23,1,5,3,2.875
VFLM 3206,8,23,1,3,5,2.875
VFLM 3206,9,18,0,2,6,2.25
VFLM 3206,10,21,1,5,3,2.625
VFLM 3206,11,23,1,5,3,2.875
VFLM 3206,12,16,0,6,2,2.0
VFLM 3206,13,21,1,3,5,2.625
VFLM 3206,14,24,0,2,6,3.0
VFLM 3206,15,24,0,2,6,3.0
VFLM 3206,16,20,0,4,4,2.5
VFLM 3206,17,23,1,3,5,2.875
VFLM 3206,18,18,0,2,6,2.25
VFLM 3206,19,17,1,3,5,2.125
VFLM 3206,20,21,1,7,1,2.625
VFLM 3206,21,20,0,6,2,2.5
VFLM 3206,22,25,1,1,7,3.125
VFLM 3206,23,17,1,3,5,2.125
VFLM 3206,24,19,1,3,5,2.375
VFLM 3206,25,18,0,4,4,2.25
VFLM 3206,26,30,0,4,4,3.75
VFLM 3206,27,24,0,4,4,3.0
VFLM 3206,28,25,1,7,1,3.125
VFLM 3206,29,23,1,3,5,2.875
VFLM 3206,30,22,0,2,6,2.75
VFLM 3207,1,18,0,6,2,2.25
VFLM 3207,2,21,1,5,3,2.625
VFLM 3207,3,11,1,5,3,1.375
VFLM 3207,4,24,0,2,6,3.0
VFLM 3207,5,23,1,5,3,2.875
VFLM 3207,6,22,0,4,4,2.75
VFLM 3207,7,22,0,2,6,2.75
VFLM 3207,8,18,0,4,4,2.25
VFLM 3207,9,23,1,3,5,2.875
VFLM 3207,10,20,0,4,4,2.5
VFLM 3207,11,29,1,3,5,3.625
VFLM 3207,12,27,1,5,3,3.375
VFLM 3207,13,13,1,5,3,1.625
VFLM 3207,14,20,0,4,4,2.5
VFLM 3207,15,29,1,1,7,3.625
VFLM 3207,16,23,1,5,3,2.875
VFLM 3207,17,12,0,4,4,1.5
VFLM 3207,18,28,0,4,4,3.5
VFLM 3207,19,13,1,7,1,1.625
VFLM 3207,20,19,1,7,1,2.375
VFLM 3207,21,22,0,6,2,2.75
VFLM 3207,22,18,0,4,4,2.25
VFLM 3207,23,18,0,4,4,2.25
VFLM 3207,24,22,0,4,4,2.75
VFLM 3207,25,17,1,5,3,2.125
VFLM 3207,26,12,0,4,4,1.5
VFLM 3207,27,25,1,5,3,3.125
VFLM 3207,28,18,0,8,0,2.25
VFLM 3207,29,17,1,3,5,2.125
VFLM 3207,30,20,0,6,2,2.5
VFLM 3208,1,14,0,2,6,1.75
VFLM 3208,2,19,1,3,5,2.375
VFLM 3208,3,28,0,6,2,3.5
VFLM 3208,4,20,0,2,6,2.5
VFLM 3208,5,26,0,2,6,3.25
VFLM 3208,6,23,1,3,5,2.875
VFLM 3208,7,14,0,4,4,1.75
VFLM 3208,8,23,1,5,3,2.875
VFLM 3208,9,21,1,3,5,2.625
VFLM 3208,10,17,1,5,3,2.125
VFLM 3208,11,29,1,3,5,3.625
VFLM 3208,12,21,1,5,3,2.625
VFLM 3208,13,20,0,2,6,2.5
VFLM 3208,14,27,1,5,3,3.375
VFLM 3208,15,26,0,6,2,3.25
VFLM 3208,16,21,1,5,3,2.625
VFLM 3208,17,21,1,3,5,2.625
VFLM 3208,18,20,0,4,4,2.5
VFLM 3208,19,23,1,1,7,2.875
VFLM 3208,20,19,1,3,5,2.375
VFLM 3208,21,16,0,2,6,2.0
VFLM 3208,22,19,1,5,3,2.375
VFLM 3208,23,28,0,4,4,3.5
VFLM 3208,24,26,0,4,4,3.25
VFLM 3208,25,26,0,4,4,3.25
VFLM 3208,26,22,0,4,4,2.75
VFLM 3208,27,23,1,3,5,2.875
VFLM 3208,28,23,1,3,5,2.875
VFLM 3208,29,27,1,5,3,3.375
VFLM 3208,30,25,1,5,3,3.125
VFLM 3209,1,22,0,6,2,2.75
VFLM 3209,2,25,1,5,3,3.125
VFLM 3209,3,21,1,5,3,2.625
VFLM 3209,4,18,0,2,6,2.25
VFLM 3209,5,25,1,3,5,3.125
VFLM 3209,6,22,0,6,2,2.75
VFLM 3209,7,16,0,2,6,2.0
VFLM 3209,8,24,0,6,2,3.0
VFLM 3209,9,20,0,6,2,2.5
VFLM 3209,10,26,0,2,6,3.25
VFLM 3209,11,20,0,2,6,2.5
VFLM 3209,12,24,0,4,4,3.0
VFLM 3209,13,17,1,3,5,2.125
VFLM 3209,14,20,0,4,4,2.5
VFLM 3209,15,15,1,5,3,1.875
VFLM 3209,16,21,1,5,3,2.625
VFLM 3209,17,20,0,6,2,2.5
VFLM 3209,18,17,1,5,3,2.125
VFLM 3209,19,24,0,2,6,3.0
VFLM 3209,20,25,1,5,3,3.125
VFLM 3209,21,25,1,3,5,3.125
VFLM 3209,22,19,1,3,5,2.375
VFLM 3209,23,19,1,1,7,2.375
VFLM 3209,24,29,1,3,5,3.625
VFLM 3209,25,18,0,4,4,2.25
VFLM 3209,26,21,1,1,7,2.625
VFLM 3209,27,19,1,5,3,2.375
VFLM 3209,28,19,1,5,3,2.375
VFLM 3209,29,23,1,3,5,2.875
VFLM 3209,30,23,1,5,3,2.875
VFLM 3210,1,21,1,7,1,2.625
VFLM 3210,2,26,0,4,4,3.25
VFLM 3210,3,27,1,1,7,3.375
VFLM 3210,4,16,0,2,6,2.0
VFLM 3210,5,20,0,2,6,2.5
VFLM 3210,6,21,1,3,5,2.625
VFLM 3210,7,17,1,5,3,2.125
VFLM 3210,8,19,1,5,3,2.375
VFLM 3210,9,24,0,4,4,3.0
VFLM 3210,10,21,1,5,3,2.625
VFLM 3210,11,23,1,5,3,2.875
VFLM 3210,12,23,1,3,5,2.875
VFLM 3210,13,19,1,5,3,2.375
VFLM 3210,14,16,0,4,4,2.0
VFLM 3210,15,18,0,2,6,2.25
VFLM 3210,16,24,0,6,2,3.0
VFLM 3210,17,14,0,2,6,1.75
VFLM 3210,18,15,1,3,5,1.875
VFLM 3210,19,15,1,5,3,1.875
VFLM 3210,20,23,1,5,3,2.875
VFLM 3210,21,19,1,5,3,2.375
VFLM 3210,22,20,0,2,6,2.5
VFLM 3210,23,23,1,5,3,2.875
VFLM 3210,24,16,0,2,6,2.0
VFLM 3210,25,24,0,6,2,3.0
VFLM 3210,26,25,1,3,5,3.125
VFLM 3210,27,19,1,5,3,2.375
VFLM 3210,28,22,0,2,6,2.75
VFLM 3210,29,26,0,4,4,3.25
VFLM 3210,30,23,1,3,5,2.875
VFLM 3211,1,17,1,3,5,2.125
VFLM 3211,2,21,1,3,5,2.625
VFLM 3211,3,22,0,4,4,2.75
VFLM 3211,4,30,0,4,4,3.75
VFLM 3211,5,16,0,6,2,2.0
VFLM 3211,6,22,0,2,6,2.75
VFLM 3211,7,22,0,6,2,2.75
VFLM 3211,8,24,0,6,2,3.0
VFLM 3211,9,18,0,4,4,2.25
VFLM 3211,10,15,1,3,5,1.875
VFLM 3211,11,20,0,0,8,2.5
VFLM 3211,12,20,0,4,4,2.5
VFLM 3211,13,27,1,7,1,3.375
VFLM 3211,14,22,0,6,2,2.75
VFLM 3211,15,26,0,6,2,3.25
VFLM 3211,16,23,1,5,3,2.875
VFLM 3211,17,24,0,4,4,3.0
VFLM 3211,18,17,1,5,3,2.125
VFLM 3211,19,24,0,6,2,3.0
VFLM 3211,20,25,1,5,3,3.125
VFLM 3211,21,21,1,3,5,2.625
VFLM 3211,22,14,0,2,6,1.75
VFLM 3211,23,22,0,4,4,2.75
VFLM 3211,24,20,0,2,6,2.5
VFLM 3211,25,21,1,5,3,2.625
VFLM 3211,26,24,0,2,6,3.0
VFLM 3211,27,14,0,2,6,1.75
VFLM 3211,28,26,0,2,6,3.25
VFLM 3211,29,18,0,6,2,2.25
VFLM 3211,30,26,0,4,4,3.25
VFLM 3212,1,20,0,4,4,2.5
VFLM 3212,2,21,1,1,7,2.625
VFLM 3212,3,18,0,2,6,2.25
VFLM 3212,4,15,1,3,5,1.875
VFLM 3212,5,21,1,3,5,2.625
VFLM 3212,6,18,0,4,4,2.25
VFLM 3212,7,20,0,4,4,2.5
VFLM 3212,8,26,0,6,2,3.25
VFLM 3212,9,15,1,5,3,1.875
VFLM 3212,10,19,1,5,3,2.375
VFLM 3212,11,17,1,3,5,2.125
VFLM 3212,12,26,0,4,4,3.25
VFLM 3212,13,14,0,6,2,1.75
VFLM 3212,14,22,0,4,4,2.75
VFLM 3212,15,27,1,5,3,3.375
VFLM 3212,16,20,0,2,6,2.5
VFLM 3212,17,25,1,5,3,3.125
VFLM 3212,18,24,0,6,2,3.0
VFLM 3212,19,19,1,5,3,2.375
VFLM 3212,20,30,0,2,6,3.75
VFLM 3212,21,16,0,6,2,2.0
VFLM 3212,22,18,0,2,6,2.25
VFLM 3212,23,24,0,6,2,3.0
VFLM 3212,24,27,1,3,5,3.375
VFLM 3212,25,16,0,4,4,2.0
VFLM 3212,26,24,0,2,6,3.0
VFLM 3212,27,24,0,0,8,3.0
VFLM 3212,28,22,0,2,6,2.75
VFLM 3212,29,22,0,2,6,2.75
VFLM 3212,30,23,1,5,3,2.875
VFLM 3213,1,26,0,4,4,3.25
VFLM 3213,2,24,0,2,6,3.0
VFLM 3213,3,16,0,4,4,2.0
VFLM 3213,4,12,0,2,6,1.5
VFLM 3213,5,9,1,5,3,1.125
VFLM 3213,6,23,1,3,5,2.875
VFLM 3213,7,19,1,3,5,2.375
VFLM 3213,8,21,1,5,3,2.625
VFLM 3213,9,26,0,2,6,3.25
VFLM 3213,10,16,0,4,4,2.0
VFLM 3213,11,12,0,4,4,1.5
VFLM 3213,12,14,0,2,6,1.75
VFLM 3213,13,14,0,2,6,1.75
VFLM 3213,14,23,1,7,1,2.875
VFLM 3213,15,19,1,3,5,2.375
VFLM 3213,16,21,1,3,5,2.625
VFLM 3213,17,20,0,4,4,2.5
VFLM 3213,18,21,1,5,3,2.625
VFLM 3213,19,16,0,6,2,2.0
VFLM 3213,20,17,1,3,5,2.125
VFLM 3213,21,18,0,4,4,2.25
VFLM 3213,22,20,0,4,4,2.5
VFLM 3213,23,26,0,6,2,3.25
VFLM 3213,24,18,0,4,4,2.25
VFLM 3213,25,19,1,5,3,2.375
VFLM 3213,26,19,1,3,5,2.375
VFLM 3213,27,24,0,6,2,3.0
VFLM 3213,28,13,1,3,5,1.625
VFLM 3213,29,18,0,4,4,2.25
VFLM 3213,30,19,1,5,3,2.375
VFLM 3214,1,20,0,2,6,2.5
VFLM 3214,2,19,1,3,5,2.375
VFLM 3214,3,27,1,5,3,3.375
VFLM 3214,4,21,1,5,3,2.625
VFLM 3214,5,13,1,5,3,1.625
VFLM 3214,6,22,0,4,4,2.75
VFLM 3214,7,20,0,4,4,2.5
VFLM 3214,8,9,1,3,5,1.125
VFLM 3214,9,17,1,5,3,2.125
VFLM 3214,10,24,0,4,4,3.0
VFLM 3214,11,19,1,7,1,2.375
VFLM 3214,12,25,1,5,3,3.125
VFLM 3214,13,17,1,1,7,2.125
VFLM 3214,14,15,1,5,3,1.875
VFLM 3214,15,19,1,3,5,2.375
VFLM 3214,16,28,0,4,4,3.5
VFLM 3214,17,11,1,3,5,1.375
VFLM 3214,18,16,0,6,2,2.0
VFLM 3214,19,22,0,4,4,2.75
VFLM 3214,20,23,1,3,5,2.875
VFLM 3214,21,23,1,3,5,2.875
VFLM 3214,22,21,1,5,3,2.625
VFLM 3214,23,25,1,5,3,3.125
VFLM 3214,24,21,1,3,5,2.625
VFLM 3214,25,17,1,7,1,2.125
VFLM 3214,26,20,0,2,6,2.5
VFLM 3214,27,19,1,3,5,2.375
VFLM 3214,28,17,1,3,5,2.125
VFLM 3214,29,15,1,5,3,1.875
VFLM 3214,30,24,0,4,4,3.0
VFLM 3215,1,23,1,5,3,2.875
VFLM 3215,2,20,0,2,6,2.5
VFLM 3215,3,19,1,3,5,2.375
VFLM 3215,4,23,1,7,1,2.875
VFLM 3215,5,19,1,5,3,2.375
VFLM 3215,6,15,1,5,3,1.875
VFLM 3215,7,25,1,5,3,3.125
VFLM 3215,8,27,1,5,3,3.375
VFLM 3215,9,12,0,2,6,1.5
VFLM 3215,10,23,1,3,5,2.875
VFLM 3215,11,16,0,4,4,2.0
VFLM 3215,12,20,0,4,4,2.5
VFLM 3215,13,22,0,4,4,2.75
VFLM 3215,14,24,0,4,4,3.0
VFLM 3215,15,20,0,4,4,2.5
VFLM 3215,16,11,1,3,5,1.375
VFLM 3215,17,24,0,2,6,3.0
VFLM 3215,18,15,1,7,1,1.875
VFLM 3215,19,26,0,6,2,3.25
VFLM 3215,20,29,1,5,3,3.625
VFLM 3215,21,22,0,2,6,2.75
VFLM 3215,22,15,1,3,5,1.875
VFLM 3215,23,27,1,5,3,3.375
VFLM 3215,24,17,1,3,5,2.125
VFLM 3215,25,19,1,3,5,2.375
VFLM 3215,26,18,0,6,2,2.25
VFLM 3215,27,26,0,4,4,3.25
VFLM 3215,28,23,1,5,3,2.875
VFLM 3215,29,14,0,6,2,1.75
VFLM 3215,30,24,0,4,4,3.0
VFLM 3216,1,21,1,5,3,2.625
VFLM 3216,2,15,1,3,5,1.875
VFLM 3216,3,20,0,4,4,2.5
VFLM 3216,4,17,1,7,1,2.125
VFLM 3216,5,25,1,5,3,3.125
VFLM 3216,6,24,0,4,4,3.0
VFLM 3216,7,19,1,3,5,2.375
VFLM 3216,8,25,1,5,3,3.125
VFLM 3216,9,23,1,5,3,2.875
VFLM 3216,10,10,0,6,2,1.25
VFLM 3216,11,17,1,3,5,2.125
VFLM 3216,12,23,1,3,5,2.875
VFLM 3216,13,21,1,3,5,2.625
VFLM 3216,14,17,1,3,5,2.125
VFLM 3216,15,19,1,5,3,2.375
VFLM 3216,16,23,1,5,3,2.875
VFLM 3216,17,29,1,5,3,3.625
VFLM 3216,18,20,0,4,4,2.5
VFLM 3216,19,15,1,5,3,1.875
VFLM 3216,20,25,1,3,5,3.125
VFLM 3216,21,19,1,7,1,2.375
VFLM 3216,22,25,1,5,3,3.125
VFLM 3216,23,24,0,4,4,3.0
VFLM 3216,24,22,0,4,4,2.75
VFLM 3216,25,21,1,3,5,2.625
VFLM 3216,26,19,1,3,5,2.375
VFLM 3216,27,15,1,3,5,1.875
VFLM 3216,28,12,0,4,4,1.5
VFLM 3216,29,16,0,6,2,2.0
VFLM 3216,30,18,0,4,4,2.25
VFLM 3217,1,24,0,6,2,3.0
VFLM 3217,2,30,0,4,4,3.75
VFLM 3217,3,20,0,4,4,2.5
VFLM 3217,4,26,0,4,4,3.25
VFLM 3217,5,22,0,4,4,2.75
VFLM 3217,6,22,0,4,4,2.75
VFLM 3217,7,34,0,4,4,4.25
VFLM 3217,8,17,1,5,3,2.125
VFLM 3217,9,27,1,5,3,3.375
VFLM 3217,10,17,1,5,3,2.125
VFLM 3217,11,18,0,6,2,2.25
VFLM 3217,12,23,1,3,5,2.875
VFLM 3217,13,27,1,5,3,3.375
VFLM 3217,14,17,1,5,3,2.125
VFLM 3217,15,16,0,4,4,2.0
VFLM 3217,16,23,1,3,5,2.875
VFLM 3217,17,21,1,5,3,2.625
VFLM 3217,18,12,0,6,2,1.5
VFLM 3217,19,23,1,3,5,2.875
VFLM 3217,20,27,1,3,5,3.375
VFLM 3217,21,24,0,4,4,3.0
VFLM 3217,22,17,1,3,5,2.125
VFLM 3217,23,23,1,5,3,2.875
VFLM 3217,24,26,0,2,6,3.25
VFLM 3217,25,21,1,3,5,2.625
VFLM 3217,26,14,0,4,4,1.75
VFLM 3217,27,14,0,4,4,1.75
VFLM 3217,28,14,0,2,6,1.75
VFLM 3217,29,26,0,6,2,3.25
VFLM 3217,30,21,1,5,3,2.625
VFLM 3218,1,25,1,5,3,3.125
VFLM 3218,2,18,0,4,4,2.25
VFLM 3218,3,14,0,6,2,1.75
VFLM 3218,4,21,1,5,3,2.625
VFLM 3218,5,18,0,4,4,2.25
VFLM 3218,6,18,0,4,4,2.25
VFLM 3218,7,24,0,6,2,3.0
VFLM 3218,8,23,1,5,3,2.875
VFLM 3218,9,17,1,7,1,2.125
VFLM 3218,10,16,0,4,4,2.0
VFLM 3218,11,19,1,1,7,2.375
VFLM 3218,12,23,1,5,3,2.875
VFLM 3218,13,21,1,7,1,2.625
VFLM 3218,14,22,0,4,4,2.75
VFLM 3218,15,22,0,4,4,2.75
VFLM 3218,16,14,0,6,2,1.75
VFLM 3218,17,16,0,4,4,2.0
VFLM 3218,18,21,1,3,5,2.625
VFLM 3218,19,16,0,6,2,2.0
VFLM 3218,20,22,0,4,4,2.75
VFLM 3218,21,13,1,3,5,1.625
VFLM 3218,22,24,0,4,4,3.0
VFLM 3218,23,19,1,3,5,2.375
VFLM 3218,24,24,0,4,4,3.0
VFLM 3218,25,15,1,3,5,1.875
VFLM 3218,26,19,1,5,3,2.375
VFLM 3218,27,15,1,5,3,1.875
VFLM 3218,28,21,1,1,7,2.625
VFLM 3218,29,19,1,5,3,2.375
VFLM 3218,30,25,1,5,3,3.125
VFLM 3219,1,17,1,5,3,2.125
VFLM 3219,2,19,1,5,3,2.375
VFLM 3219,3,19,1,3,5,2.375
VFLM 3219,4,21,1,5,3,2.625
VFLM 3219,5,24,0,4,4,3.0
VFLM 3219,6,27,1,3,5,3.375
VFLM 3219,7,19,1,3,5,2.375
VFLM 3219,8,24,0,2,6,3.0
VFLM 3219,9,26,0,6,2,3.25
VFLM 3219,10,17,1,3,5,2.125
VFLM 3219,11,17,1,3,5,2.125
VFLM 3219,12,16,0,4,4,2.0
VFLM 3219,13,19,1,3,5,2.375
VFLM 3219,14,23,1,3,5,2.875
VFLM 3219,15,13,1,3,5,1.625
VFLM 3219,16,22,0,4,4,2.75
VFLM 3219,17,21,1,3,5,2.625
VFLM 3219,18,20,0,4,4,2.5
VFLM 3219,19,19,1,5,3,2.375
VFLM 3219,20,15,1,3,5,1.875
VFLM 3219,21,15,1,5,3,1.875
VFLM 3219,22,14,0,4,4,1.75
VFLM 3219,23,25,1,3,5,3.125
VFLM 3219,24,20,0,4,4,2.5
VFLM 3219,25,29,1,5,3,3.625
VFLM 3219,26,22,0,2,6,2.75
VFLM 3219,27,17,1,5,3,2.125
VFLM 3219,28,17,1,3,5,2.125
VFLM 3219,29,21,1,7,1,2.625
VFLM 3219,30,13,1,1,7,1.625
VFLM 3220,1,20,0,4,4,2.5
VFLM 3220,2,21,1,5,3,2.625
VFLM 3220,3,28,0,4,4,3.5
VFLM 3220,4,14,0,6,2,1.75
VFLM 3220,5,23,1,3,5,2.875
VFLM 3220,6,21,1,3,5,2.625
VFLM 3220,7,18,0,4,4,2.25
VFLM 3220,8,20,0,4,4,2.5
VFLM 3220,9,18,0,4,4,2.25
VFLM 3220,10,29,1,3,5,3.625
VFLM 3220,11,17,1,5,3,2.125
VFLM 3220,12,20,0,4,4,2.5
VFLM 3220,13,21,1,3,5,2.625
VFLM 3220,14,20,0,4,4,2.5
VFLM 3220,15,27,1,3,5,3.375
VFLM 3220,16,23,1,5,3,2.875
VFLM 3220,17,21,1,5,3,2.625
VFLM 3220,18,19,1,5,3,2.375
VFLM 3220,19,21,1,3,5,2.625
VFLM 3220,20,21,1,3,5,2.625
VFLM 3220,21,22,0,2,6,2.75
VFLM 3220,22,15,1,5,3,1.875
VFLM 3220,23,24,0,6,2,3.0
VFLM 3220,24,26,0,2,6,3.25
VFLM 3220,25,20,0,4,4,2.5
VFLM 3220,26,16,0,4,4,2.0
VFLM 3220,27,26,0,4,4,3.25
VFLM 3220,28,20,0,4,4,2.5
VFLM 3220,29,20,0,4,4,2.5
VFLM 3220,30,17,1,3,5,2.125
VFLM 3221,1,20,0,2,6,2.5
VFLM 3221,2,23,1,5,3,2.875
VFLM 3221,3,18,0,2,6,2.25
VFLM 3221,4,19,1,5,3,2.375
VFLM 3221,5,20,0,4,4,2.5
VFLM 3221,6,19,1,5,3,2.375
VFLM 3221,7,15,1,3,5,1.875
VFLM 3221,8,23,1,3,5,2.875
VFLM 3221,9,14,0,4,4,1.75
VFLM 3221,10,19,1,3,5,2.375
VFLM 3221,11,18,0,4,4,2.25
VFLM 3221,12,17,1,3,5,2.125
VFLM 3221,13,16,0,2,6,2.0
VFLM 3221,14,24,0,4,4,3.0
VFLM 3221,15,24,0,2,6,3.0
VFLM 3221,16,17,1,5,3,2.125
VFLM 3221,17,26,0,6,2,3.25
VFLM 3221,18,20,0,4,4,2.5
VFLM 3221,19,19,1,5,3,2.375
VFLM 3221,20,14,0,4,4,1.75
VFLM 3221,21,22,0,4,4,2.75
VFLM 3221,22,16,0,4,4,2.0
VFLM 3221,23,23,1,1,7,2.875
VFLM 3221,24,26,0,4,4,3.25
VFLM 3221,25,21,1,3,5,2.625
VFLM 3221,26,20,0,6,2,2.5
VFLM 3221,27,25,1,1,7,3.125
VFLM 3221,28,19,1,1,7,2.375
VFLM 3221,29,21,1,5,3,2.625
VFLM 3221,30,22,0,2,6,2.75
VFLM 3222,1,16,0,4,4,2.0
VFLM 3222,2,27,1,3,5,3.375
VFLM 3222,3,20,0,6,2,2.5
VFLM 3222,4,14,0,4,4,1.75
VFLM 3222,5,26,0,4,4,3.25
VFLM 3222,6,24,0,6,2,3.0
VFLM 3222,7,22,0,6,2,2.75
VFLM 3222,8,14,0,4,4,1.75
VFLM 3222,9,21,1,3,5,2.625
VFLM 3222,10,13,1,5,3,1.625
VFLM 3222,11,21,1,7,1,2.625
VFLM 3222,12,14,0,4,4,1.75
VFLM 3222,13,23,1,3,5,2.875
VFLM 3222,14,17,1,7,1,2.125
VFLM 3222,15,18,0,2,6,2.25
VFLM 3222,16,18,0,6,2,2.25
VFLM 3222,17,22,0,6,2,2.75
VFLM 3222,18,13,1,5,3,1.625
VFLM 3222,19,21,1,7,1,2.625
VFLM 3222,20,30,0,4,4,3.75
VFLM 3222,21,21,1,3,5,2.625
VFLM 3222,22,21,1,3,5,2.625
VFLM 3222,23,17,1,5,3,2.125
VFLM 3222,24,28,0,4,4,3.5
VFLM 3222,25,33,1,3,5,4.125
VFLM 3222,26,19,1,3,5,2.375
VFLM 3222,27,18,0,4,4,2.25
VFLM 3222,28,17,1,5,3,2.125
VFLM 3222,29,19,1,5,3,2.375
VFLM 3222,30,11,1,3,5,1.375
VFLM 3223,1,26,0,4,4,3.25
VFLM 3223,2,24,0,6,2,3.0
VFLM 3223,3,17,1,3,5,2.125
VFLM 3223,4,24,0,4,4,3.0
VFLM 3223,5,19,1,3,5,2.375
VFLM 3223,6,21,1,5,3,2.625
VFLM 3223,7,22,0,4,4,2.75
VFLM 3223,8,21,1,5,3,2.625
VFLM 3223,9,30,0,6,2,3.75
VFLM 3223,10,19,1,3,5,2.375
VFLM 3223,11,23,1,3,5,2.875
VFLM 3223,12,27,1,5,3,3.375
VFLM 3223,13,26,0,2,6,3.25
VFLM 3223,14,24,0,4,4,3.0
VFLM 3223,15,18,0,2,6,2.25
VFLM 3223,16,17,1,3,5,2.125
VFLM 3223,17,20,0,6,2,2.5
VFLM 3223,18,16,0,2,6,2.0
VFLM 3223,19,22,0,6,2,2.75
VFLM 3223,20,13,1,5,3,1.625
VFLM 3223,21,22,0,4,4,2.75
VFLM 3223,22,18,0,4,4,2.25
VFLM 3223,23,17,1,5,3,2.125
VFLM 3223,24,21,1,3,5,2.625
VFLM 3223,25,21,1,1,7,2.625
VFLM 3223,26,18,0,6,2,2.25
VFLM 3223,27,24,0,2,6,3.0
VFLM 3223,28,28,0,2,6,3.5
VFLM 3223,29,23,1,5,3,2.875
VFLM 3223,30,17,1,7,1,2.125
VFLM 3224,1,19,1,5,3,2.375
VFLM 3224,2,22,0,4,4,2.75
VFLM 3224,3,27,1,3,5,3.375
VFLM 3224,4,27,1,5,3,3.375
VFLM 3224,5,19,1,1,7,2.375
VFLM 3224,6,19,1,7,1,2.375
VFLM 3224,7,21,1,3,5,2.625
VFLM 3224,8,16,0,6,2,2.0
VFLM 3224,9,19,1,3,5,2.375
VFLM 3224,10,23,1,5,3,2.875
VFLM 3224,11,21,1,5,3,2.625
VFLM 3224,12,19,1,5,3,2.375
VFLM 3224,13,24,0,4,4,3.0
VFLM 3224,14,17,1,3,5,2.125
VFLM 3224,15,19,1,3,5,2.375
VFLM 3224,16,20,0,4,4,2.5
VFLM 3224,17,16,0,4,4,2.0
VFLM 3224,18,18,0,6,2,2.25
VFLM 3224,19,22,0,4,4,2.75
VFLM 3224,20,21,1,5,3,2.625
VFLM 3224,21,24,0,4,4,3.0
VFLM 3224,22,21,1,3,5,2.625
VFLM 3224,23,23,1,5,3,2.875
VFLM 3224,24,24,0,4,4,3.0
VFLM 3224,25,32,0,2,6,4.0
VFLM 3224,26,24,0,4,4,3.0
VFLM 3224,27,24,0,2,6,3.0
VFLM 3224,28,13,1,3,5,1.625
VFLM 3224,29,28,0,4,4,3.5
VFLM 3224,30,16,0,4,4,2.0
VFLM 3225,1,13,1,1,7,1.625
VFLM 3225,2,23,1,5,3,2.875
VFLM 3225,3,22,0,6,2,2.75
VFLM 3225,4,20,0,6,2,2.5
VFLM 3225,5,19,1,3,5,2.375
VFLM 3225,6,31,1,5,3,3.875
VFLM 3225,7,21,1,5,3,2.625
VFLM 3225,8,17,1,7,1,2.125
VFLM 3225,9,21,1,5,3,2.625
VFLM 3225,10,25,1,5,3,3.125
VFLM 3225,11,18,0,4,4,2.25
VFLM 3225,12,18,0,6,2,2.25
VFLM 3225,13,23,1,5,3,2.875
VFLM 3225,14,20,0,4,4,2.5
VFLM 3225,15,18,0,4,4,2.25
VFLM 3225,16,22,0,2,6,2.75
VFLM 3225,17,21,1,5,3,2.625
VFLM 3225,18,11,1,5,3,1.375
VFLM 3225,19,16,0,6,2,2.0
VFLM 3225,20,20,0,4,4,2.5
VFLM 3225,21,25,1,5,3,3.125
VFLM 3225,22,19,1,5,3,2.375
VFLM 3225,23,22,0,4,4,2.75
VFLM 3225,24,22,0,4,4,2.75
VFLM 3225,25,20,0,6,2,2.5
VFLM 3225,26,16,0,2,6,2.0
VFLM 3225,27,25,1,3,5,3.125
VFLM 3225,28,18,0,4,4,2.25
VFLM 3225,29,16,0,6,2,2.0
VFLM 3225,30,31,1,5,3,3.875
VFLM 3227,1,20,0,4,4,2.5
VFLM 3227,2,22,0,6,2,2.75
VFLM 3227,3,20,0,4,4,2.5
VFLM 3227,4,31,1,3,5,3.875
VFLM 3227,5,18,0,4,4,2.25
VFLM 3227,6,21,1,3,5,2.625
VFLM 3227,7,18,0,2,6,2.25
VFLM 3227,8,25,1,5,3,3.125
VFLM 3227,9,17,1,5,3,2.125
VFLM 3227,10,22,0,2,6,2.75
VFLM 3227,11,18,0,4,4,2.25
VFLM 3227,12,19,1,3,5,2.375
VFLM 3227,13,26,0,2,6,3.25
VFLM 3227,14,17,1,7,1,2.125
VFLM 3227,15,35,1,3,5,4.375
VFLM 3227,16,21,1,5,3,2.625
VFLM 3227,17,23,1,3,5,2.875
VFLM 3227,18,13,1,3,5,1.625
VFLM 3227,19,17,1,3,5,2.125
VFLM 3227,20,21,1,3,5,2.625
VFLM 3227,21,21,1,5,3,2.625
VFLM 3227,22,29,1,5,3,3.625
VFLM 3227,23,20,0,4,4,2.5
VFLM 3227,24,18,0,6,2,2.25
VFLM 3227,25,17,1,1,7,2.125
VFLM 3227,26,25,1,3,5,3.125
VFLM 3227,27,31,1,3,5,3.875
VFLM 3227,28,21,1,5,3,2.625
VFLM 3227,29,19,1,3,5,2.375
VFLM 3227,30,28,0,6,2,3.5
VFLM 3229,1,19,1,5,3,2.375
VFLM 3229,2,19,1,5,3,2.375
VFLM 3229,3,21,1,5,3,2.625
VFLM 3229,4,25,1,5,3,3.125
VFLM 3229,5,21,1,3,5,2.625
VFLM 3229,6,14,0,4,4,1.75
VFLM 3229,7,27,1,1,7,3.375
VFLM 3229,8,18,0,4,4,2.25
VFLM 3229,9,29,1,3,5,3.625
VFLM 3229,10,20,0,6,2,2.5
VFLM 3229,11,18,0,4,4,2.25
VFLM 3229,12,24,0,4,4,3.0
VFLM 3229,13,25,1,5,3,3.125
VFLM 3229,14,25,1,3,5,3.125
VFLM 3229,15,14,0,4,4,1.75
VFLM 3229,16,19,1,5,3,2.375
VFLM 3229,17,24,0,6,2,3.0
VFLM 3229,18,13,1,3,5,1.625
VFLM 3229,19,25,1,5,3,3.125
VFLM 3229,20,16,0,6,2,2.0
VFLM 3229,21,23,1,5,3,2.875
VFLM 3229,22,23,1,3,5,2.875
VFLM 3229,23,28,0,4,4,3.5
VFLM 3229,24,17,1,3,5,2.125
VFLM 3229,25,17,1,5,3,2.125
VFLM 3229,26,19,1,3,5,2.375
VFLM 3229,27,19,1,5,3,2.375
VFLM 3229,28,19,1,3,5,2.375
VFLM 3229,29,19,1,3,5,2.375
VFLM 3229,30,22,0,2,6,2.75
VFLM 3230,1,20,0,6,2,2.5
VFLM 3230,2,13,1,5,3,1.625
VFLM 3230,3,28,0,4,4,3.5
VFLM 3230,4,17,1,5,3,2.125
VFLM 3230,5,25,1,3,5,3.125
VFLM 3230,6,20,0,6,2,2.5
VFLM 3230,7,26,0,2,6,3.25
VFLM 3230,8,16,0,8,0,2.0
VFLM 3230,9,25,1,5,3,3.125
VFLM 3230,10,20,0,4,4,2.5
VFLM 3230,11,18,0,4,4,2.25
VFLM 3230,12,17,1,3,5,2.125
VFLM 3230,13,20,0,4,4,2.5
VFLM 3230,14,19,1,5,3,2.375
VFLM 3230,15,22,0,4,4,2.75
VFLM 3230,16,21,1,3,5,2.625
VFLM 3230,17,17,1,3,5,2.125
VFLM 3230,18,21,1,3,5,2.625
VFLM 3230,19,12,0,2,6,1.5
VFLM 3230,20,18,0,2,6,2.25
VFLM 3230,21,15,1,5,3,1.875
VFLM 3230,22,15,1,5,3,1.875
VFLM 3230,23,15,1,1,7,1.875
VFLM 3230,24,20,0,4,4,2.5
VFLM 3230,25,21,1,3,5,2.625
VFLM 3230,26,24,0,4,4,3.0
VFLM 3230,27,15,1,3,5,1.875
VFLM 3230,28,20,0,4,4,2.5
VFLM 3230,29,14,0,4,4,1.75
VFLM 3230,30,21,1,5,3,2.625
VFLM 3231,1,21,1,3,5,2.625
VFLM 3231,2,23,1,3,5,2.875
VFLM 3231,3,18,0,4,4,2.25
VFLM 3231,4,22,0,4,4,2.75
VFLM 3231,5,21,1,3,5,2.625
VFLM 3231,6,19,1,1,7,2.375
VFLM 3231,7,18,0,4,4,2.25
VFLM 3231,8,20,0,4,4,2.5
VFLM 3231,9,16,0,4,4,2.0
VFLM 3231,10,21,1,1,7,2.625
VFLM 3231,11,17,1,3,5,2.125
VFLM 3231,12,27,1,3,5,3.375
VFLM 3231,13,18,0,4,4,2.25
VFLM 3231,14,23,1,5,3,2.875
VFLM 3231,15,22,0,2,6,2.75
VFLM 3231,16,19,1,5,3,2.375
VFLM 3231,17,20,0,6,2,2.5
VFLM 3231,18,28,0,4,4,3.5
VFLM 3231,19,19,1,5,3,2.375
VFLM 3231,20,14,0,4,4,1.75
VFLM 3231,21,19,1,3,5,2.375
VFLM 3231,22,23,1,3,5,2.875
VFLM 3231,23,12,0,2,6,1.5
VFLM 3231,24,24,0,4,4,3.0
VFLM 3231,25,19,1,5,3,2.375
VFLM 3231,26,22,0,4,4,2.75
VFLM 3231,27,19,1,3,5,2.375
VFLM 3231,28,29,1,5,3,3.625
VFLM 3231,29,23,1,3,5,2.875
VFLM 3231,30,19,1,5,3,2.375
VFLM 3232,1,17,1,3,5,2.125
VFLM 3232,2,19,1,5,3,2.375
VFLM 3232,3,22,0,2,6,2.75
VFLM 3232,4,15,1,5,3,1.875
VFLM 3232,5,13,1,3,5,1.625
VFLM 3232,6,18,0,4,4,2.25
VFLM 3232,7,25,1,3,5,3.125
VFLM 3232,8,19,1,3,5,2.375
VFLM 3232,9,22,0,4,4,2.75
VFLM 3232,10,15,1,3,5,1.875
VFLM 3232,11,26,0,4,4,3.25
VFLM 3232,12,18,0,4,4,2.25
VFLM 3232,13,24,0,6,2,3.0
VFLM 3232,14,22,0,4,4,2.75
VFLM 3232,15,23,1,3,5,2.875
VFLM 3232,16,17,1,5,3,2.125
VFLM 3232,17,26,0,4,4,3.25
VFLM 3232,18,20,0,4,4,2.5
VFLM 3232,19,26,0,2,6,3.25
VFLM 3232,20,20,0,2,6,2.5
VFLM 3232,21,29,1,3,5,3.625
VFLM 3232,22,27,1,3,5,3.375
VFLM 3232,23,17,1,5,3,2.125
VFLM 3232,24,15,1,5,3,1.875
VFLM 3232,25,12,0,6,2,1.5
VFLM 3232,26,21,1,3,5,2.625
VFLM 3232,27,22,0,6,2,2.75
VFLM 3232,28,22,0,4,4,2.75
VFLM 3232,29,17,1,3,5,2.125
VFLM 3232,30,17,1,5,3,2.125
VFLM 3233,1,12,0,4,4,1.5
VFLM 3233,2,18,0,6,2,2.25
VFLM 3233,3,17,1,3,5,2.125
VFLM 3233,4,22,0,2,6,2.75
VFLM 3233,5,21,1,3,5,2.625
VFLM 3233,6,16,0,2,6,2.0
VFLM 3233,7,13,1,5,3,1.625
VFLM 3233,8,11,1,3,5,1.375
VFLM 3233,9,19,1,5,3,2.375
VFLM 3233,10,20,0,4,4,2.5
VFLM 3233,11,17,1,5,3,2.125
VFLM 3233,12,20,0,4,4,2.5
VFLM 3233,13,13,1,5,3,1.625
VFLM 3233,14,19,1,3,5,2.375
VFLM 3233,15,22,0,4,4,2.75
VFLM 3233,16,20,0,4,4,2.5
VFLM 3233,17,21,1,3,5,2.625
VFLM 3233,18,20,0,4,4,2.5
VFLM 3233,19,21,1,3,5,2.625
VFLM 3233,20,15,1,7,1,1.875
VFLM 3233,21,20,0,6,2,2.5
VFLM 3233,22,23,1,5,3,2.875
VFLM 3233,23,21,1,5,3,2.625
VFLM 3233,24,23,1,5,3,2.875
VFLM 3233,25,22,0,2,6,2.75
VFLM 3233,26,22,0,6,2,2.75
VFLM 3233,27,24,0,6,2,3.0
VFLM 3233,28,20,0,6,2,2.5
VFLM 3233,29,22,0,4,4,2.75
VFLM 3233,30,27,1,3,5,3.375
VFLM 3234,1,21,1,5,3,2.625
VFLM 3234,2,23,1,3,5,2.875
VFLM 3234,3,15,1,5,3,1.875
VFLM 3234,4,16,0,2,6,2.0
VFLM 3234,5,16,0,4,4,2.0
VFLM 3234,6,22,0,6,2,2.75
VFLM 3234,7,17,1,3,5,2.125
VFLM 3234,8,30,0,4,4,3.75
VFLM 3234,9,16,0,6,2,2.0
VFLM 3234,10,22,0,4,4,2.75
VFLM 3234,11,18,0,6,2,2.25
VFLM 3234,12,17,1,5,3,2.125
VFLM 3234,13,23,1,3,5,2.875
VFLM 3234,14,16,0,6,2,2.0
VFLM 3234,15,28,0,4,4,3.5
VFLM 3234,16,24,0,6,2,3.0
VFLM 3234,17,32,0,4,4,4.0
VFLM 3234,18,23,1,3,5,2.875
VFLM 3234,19,25,1,5,3,3.125
VFLM 3234,20,18,0,4,4,2.25
VFLM 3234,21,26,0,4,4,3.25
VFLM 3234,22,22,0,4,4,2.75
VFLM 3234,23,22,0,8,0,2.75
VFLM 3234,24,24,0,4,4,3.0
VFLM 3234,25,24,0,6,2,3.0
VFLM 3234,26,25,1,3,5,3.125
VFLM 3234,27,16,0,4,4,2.0
VFLM 3234,28,18,0,4,4,2.25
VFLM 3234,29,23,1,5,3,2.875
VFLM 3234,30,21,1,1,7,2.625
VFLM 3235,1,18,0,4,4,2.25
VFLM 3235,2,19,1,5,3,2.375
VFLM 3235,3,23,1,3,5,2.875
VFLM 3235,4,22,0,6,2,2.75
VFLM 3235,5,16,0,4,4,2.0
VFLM 3235,6,22,0,2,6,2.75
VFLM 3235,7,19,1,5,3,2.375
VFLM 3235,8,16,0,2,6,2.0
VFLM 3235,9,19,1,3,5,2.375
VFLM 3235,10,21,1,1,7,2.625
VFLM 3235,11,19,1,5,3,2.375
VFLM 3235,12,21,1,1,7,2.625
VFLM 3235,13,13,1,3,5,1.625
VFLM 3235,14,22,0,2,6,2.75
VFLM 3235,15,19,1,7,1,2.375
VFLM 3235,16,16,0,4,4,2.0
VFLM 3235,17,18,0,4,4,2.25
VFLM 3235,18,22,0,6,2,2.75
VFLM 3235,19,24,0,2,6,3.0
VFLM 3235,20,23,1,3,5,2.875
VFLM 3235,21,21,1,3,5,2.625
VFLM 3235,22,16,0,6,2,2.0
VFLM 3235,23,19,1,5,3,2.375
VFLM 3235,24,18,0,4,4,2.25
VFLM 3235,25,23,1,5,3,2.875
VFLM 3235,26,13,1,1,7,1.625
VFLM 3235,27,24,0,2,6,3.0
VFLM 3235,28,22,0,4,4,2.75
VFLM 3235,29,19,1,3,5,2.375
VFLM 3235,30,20,0,4,4,2.5
VFLM 3236,1,25,1,5,3,3.125
VFLM 3236,2,18,0,2,6,2.25
VFLM 3236,3,21,1,1,7,2.625
VFLM 3236,4,16,0,2,6,2.0
VFLM 3236,5,27,1,3,5,3.375
VFLM 3236,6,24,0,4,4,3.0
VFLM 3236,7,24,0,2,6,3.0
VFLM 3236,8,16,0,4,4,2.0
VFLM 3236,9,21,1,3,5,2.625
VFLM 3236,10,22,0,2,6,2.75
VFLM 3236,11,23,1,3,5,2.875
VFLM 3236,12,20,0,2,6,2.5
VFLM 3236,13,32,0,6,2,4.0
VFLM 3236,14,17,1,5,3,2.125
VFLM 3236,15,16,0,4,4,2.0
VFLM 3236,16,18,0,4,4,2.25
VFLM 3236,17,20,0,4,4,2.5
VFLM 3236,18,27,1,3,5,3.375
VFLM 3236,19,13,1,3,5,1.625
VFLM 3236,20,16,0,6,2,2.0
VFLM 3236,21,15,1,3,5,1.875
VFLM 3236,22,23,1,1,7,2.875
VFLM 3236,23,22,0,4,4,2.75
VFLM 3236,24,21,1,3,5,2.625
VFLM 3236,25,17,1,5,3,2.125
VFLM 3236,26,28,0,4,4,3.5
VFLM 3236,27,19,1,5,3,2.375
VFLM 3236,28,21,1,7,1,2.625
VFLM 3236,29,31,1,3,5,3.875
VFLM 3236,30,31,1,3,5,3.875
VFLM 3237,1,25,1,5,3,3.125
VFLM 3237,2,28,0,6,2,3.5
VFLM 3237,3,21,1,3,5,2.625
VFLM 3237,4,15,1,3,5,1.875
VFLM 3237,5,16,0,4,4,2.0
VFLM 3237,6,13,1,3,5,1.625
VFLM 3237,7,16,0,2,6,2.0
VFLM 3237,8,24,0,2,6,3.0
VFLM 3237,9,22,0,4,4,2.75
VFLM 3237,10,23,1,5,3,2.875
VFLM 3237,11,24,0,4,4,3.0
VFLM 3237,12,22,0,4,4,2.75
VFLM 3237,13,17,1,3,5,2.125
VFLM 3237,14,16,0,4,4,2.0
VFLM 3237,15,15,1,3,5,1.875
VFLM 3237,16,20,0,6,2,2.5
VFLM 3237,17,18,0,6,2,2.25
VFLM 3237,18,24,0,2,6,3.0
VFLM 3237,19,18,0,6,2,2.25
VFLM 3237,20,20,0,2,6,2.5
VFLM 3237,21,21,1,3,5,2.625
VFLM 3237,22,18,0,6,2,2.25
VFLM 3237,23,16,0,2,6,2.0
VFLM 3237,24,22,0,4,4,2.75
VFLM 3237,25,20,0,4,4,2.5
VFLM 3237,26,22,0,2,6,2.75
VFLM 3237,27,25,1,3,5,3.125
VFLM 3237,28,23,1,5,3,2.875
VFLM 3237,29,21,1,5,3,2.625
VFLM 3237,30,19,1,7,1,2.375
VFLM 3238,1,18,0,4,4,2.25
VFLM 3238,2,21,1,3,5,2.625
VFLM 3238,3,27,1,5,3,3.375
VFLM 3238,4,20,0,2,6,2.5
VFLM 3238,5,14,0,4,4,1.75
VFLM 3238,6,22,0,4,4,2.75
VFLM 3238,7,19,1,3,5,2.375
VFLM 3238,8,15,1,7,1,1.875
VFLM 3238,9,25,1,5,3,3.125
VFLM 3238,10,21,1,3,5,2.625
VFLM 3238,11,28,0,6,2,3.5
VFLM 3238,12,22,0,2,6,2.75
VFLM 3238,13,18,0,2,6,2.25
VFLM 3238,14,21,1,3,5,2.625
VFLM 3238,15,21,1,5,3,2.625
VFLM 3238,16,20,0,2,6,2.5
VFLM 3238,17,25,1,7,1,3.125
VFLM 3238,18,22,0,4,4,2.75
VFLM 3238,19,23,1,1,7,2.875
VFLM 3238,20,17,1,5,3,2.125
VFLM 3238,21,23,1,1,7,2.875
VFLM 3238,22,23,1,3,5,2.875
VFLM 3238,23,21,1,7,1,2.625
VFLM 3238,24,30,0,4,4,3.75
VFLM 3238,25,21,1,3,5,2.625
VFLM 3238,26,24,0,6,2,3.0
VFLM 3238,27,19,1,3,5,2.375
VFLM 3238,28,22,0,4,4,2.75
VFLM 3238,29,22,0,4,4,2.75
VFLM 3238,30,18,0,4,4,2.25
VFLM 3239,1,21,1,5,3,2.625
VFLM 3239,2,16,0,4,4,2.0
VFLM 3239,3,24,0,6,2,3.0
VFLM 3239,4,13,1,3,5,1.625
VFLM 3239,5,26,0,2,6,3.25
VFLM 3239,6,14,0,2,6,1.75
VFLM 3239,7,22,0,6,2,2.75
VFLM 3239,8,26,0,2,6,3.25
VFLM 3239,9,17,1,7,1,2.125
VFLM 3239,10,25,1,3,5,3.125
VFLM 3239,11,25,1,3,5,3.125
VFLM 3239,12,20,0,4,4,2.5
VFLM 3239,13,19,1,5,3,2.375
VFLM 3239,14,22,0,4,4,2.75
VFLM 3239,15,21,1,5,3,2.625
VFLM 3239,16,22,0,6,2,2.75
VFLM 3239,17,17,1,1,7,2.125
VFLM 3239,18,24,0,2,6,3.0
VFLM 3239,19,28,0,2,6,3.5
VFLM 3239,20,17,1,3,5,2.125
VFLM 3239,21,17,1,5,3,2.125
VFLM 3239,22,19,1,3,5,2.375
VFLM 3239,23,17,1,3,5,2.125
VFLM 3239,24,17,1,7,1,2.125
VFLM 3239,25,20,0,2,6,2.5
VFLM 3239,26,24,0,2,6,3.0
VFLM 3239,27,21,1,3,5,2.625
VFLM 3239,28,24,0,4,4,3.0
VFLM 3239,29,18,0,4,4,2.25
VFLM 3239,30,19,1,5,3,2.375
VFLM 4481,1,15,1,3,5,1.875
VFLM 4481,2,20,0,4,4,2.5
VFLM 4481,3,20,0,6,2,2.5
VFLM 4481,4,25,1,3,5,3.125
VFLM 4481,5,14,0,4,4,1.75
VFLM 4481,6,16,0,4,4,2.0
VFLM 4481,7,18,0,4,4,2.25
VFLM 4481,8,27,1,5,3,3.375
VFLM 4481,9,21,1,5,3,2.625
VFLM 4481,10,28,0,4,4,3.5
VFLM 4481,11,22,0,4,4,2.75
VFLM 4481,12,15,1,3,5,1.875
VFLM 4481,13,20,0,6,2,2.5
VFLM 4481,14,25,1,3,5,3.125
VFLM 4481,15,14,0,4,4,1.75
VFLM 4481,16,16,0,4,4,2.0
VFLM 4481,17,18,0,4,4,2.25
VFLM 4481,18,27,1,5,3,3.375
VFLM 4481,19,21,1,5,3,2.625
VFLM 4481,20,28,0,4,4,3.5
VFLM 4481,21,22,0,4,4,2.75
VFLM 4481,22,15,1,3,5,1.875
VFLM 4481,23,18,0,2,6,2.25
VFLM 4481,24,20,0,6,2,2.5
VFLM 4481,25,25,1,3,5,3.125
VFLM 4481,26,14,0,4,4,1.75
VFLM 4481,27,16,0,4,4,2.0
VFLM 4481,28,18,0,4,4,2.25
VFLM 4481,29,27,1,5,3,3.375
VFLM 4481,30,21,1,5,3,2.625
VFLM 4482,1,28,0,4,4,3.5
VFLM 4482,2,22,0,4,4,2.75
VFLM 4482,3,18,0,2,6,2.25
VFLM 4482,4,20,0,6,2,2.5
VFLM 4482,5,25,1,3,5,3.125
VFLM 4482,6,14,0,4,4,1.75
VFLM 4482,7,16,0,4,4,2.0
VFLM 4482,8,18,0,4,4,2.25
VFLM 4482,9,27,1,5,3,3.375
VFLM 4482,10,21,1,5,3,2.625
VFLM 4482,11,28,0,4,4,3.5
VFLM 4482,12,22,0,4,4,2.75
VFLM 4482,13,20,0,6,2,2.5
VFLM 4482,14,18,0,2,6,2.25
VFLM 4482,15,20,0,6,2,2.5
VFLM 4482,16,25,1,3,5,3.125
VFLM 4482,17,14,0,4,4,1.75
VFLM 4482,18,16,0,4,4,2.0
VFLM 4482,19,18,0,4,4,2.25
VFLM 4482,20,27,1,5,3,3.375
VFLM 4482,21,21,1,5,3,2.625
VFLM 4482,22,28,0,4,4,3.5
VFLM 4482,23,20,0,6,2,2.5
VFLM 4482,24,18,0,2,6,2.25
VFLM 4482,25,20,0,6,2,2.5
VFLM 4482,26,25,1,3,5,3.125
VFLM 4482,27,14,0,4,4,1.75
VFLM 4482,28,16,0,4,4,2.0
VFLM 4482,29,18,0,4,4,2.25
VFLM 4482,30,27,1,5,3,3.375
VFLM 4483,1,21,1,5,3,2.625
VFLM 4483,2,28,0,4,4,3.5
VFLM 4483,3,16,0,4,4,2.0
VFLM 4483,4,20,0,6,2,2.5
VFLM 4483,5,18,0,2,6,2.25
VFLM 4483,6,20,0,6,2,2.5
VFLM 4483,7,25,1,3,5,3.125
VFLM 4483,8,14,0,4,4,1.75
VFLM 4483,9,16,0,4,4,2.0
VFLM 4483,10,18,0,4,4,2.25
VFLM 4483,11,27,1,5,3,3.375
VFLM 4483,12,21,1,5,3,2.625
VFLM 4483,13,16,0,4,4,2.0
VFLM 4483,14,20,0,6,2,2.5
VFLM 4483,15,18,0,2,6,2.25
VFLM 4483,16,20,0,6,2,2.5
VFLM 4483,17,25,1,3,5,3.125
VFLM 4483,18,14,0,4,4,1.75
VFLM 4483,19,16,0,4,4,2.0
VFLM 4483,20,18,0,4,4,2.25
VFLM 4483,21,27,1,5,3,3.375
VFLM 4483,22,21,1,5,3,2.625
VFLM 4483,23,18,0,4,4,2.25
VFLM 4483,24,16,0,4,4,2.0
VFLM 4483,25,20,0,6,2,2.5
VFLM 4483,26,18,0,2,6,2.25
VFLM 4483,27,20,0,6,2,2.5
VFLM 4483,28,25,1,3,5,3.125
VFLM 4483,29,14,0,4,4,1.75
VFLM 4483,30,16,0,4,4,2.0
VFLM 4484,1,18,0,4,4,2.25
VFLM 4484,2,27,1,5,3,3.375
VFLM 4484,3,18,0,4,4,2.25
VFLM 4484,4,16,0,4,4,2.0
VFLM 4484,5,20,0,6,2,2.5
VFLM 4484,6,18,0,2,6,2.25
VFLM 4484,7,20,0,6,2,2.5
VFLM 4484,8,25,1,3,5,3.125
VFLM 4484,9,14,0,4,4,1.75
VFLM 4484,10,16,0,4,4,2.0
VFLM 4484,11,18,0,4,4,2.25
VFLM 4484,12,27,1,5,3,3.375
VFLM 4484,13,26,0,4,4,3.25
VFLM 4484,14,18,0,4,4,2.25
VFLM 4484,15,16,0,4,4,2.0
VFLM 4484,16,20,0,6,2,2.5
VFLM 4484,17,18,0,2,6,2.25
VFLM 4484,18,20,0,6,2,2.5
VFLM 4484,19,25,1,3,5,3.125
VFLM 4484,20,14,0,4,4,1.75
VFLM 4484,21,16,0,4,4,2.0
VFLM 4484,22,18,0,4,4,2.25
VFLM 4484,23,26,0,4,4,3.25
VFLM 4484,24,18,0,4,4,2.25
VFLM 4484,25,16,0,4,4,2.0
VFLM 4484,26,20,0,6,2,2.5
VFLM 4484,27,18,0,2,6,2.25
VFLM 4484,28,20,0,6,2,2.5
VFLM 4484,29,25,1,3,5,3.125
VFLM 4484,30,14,0,4,4,1.75
VFLM 4485,1,16,0,4,4,2.0
VFLM 4485,2,18,0,4,4,2.25
VFLM 4485,3,19,1,5,3,2.375
VFLM 4485,4,26,0,4,4,3.25
VFLM 4485,5,18,0,4,4,2.25
VFLM 4485,6,16,0,4,4,2.0
VFLM 4485,7,20,0,6,2,2.5
VFLM 4485,8,18,0,2,6,2.25
VFLM 4485,9,20,0,6,2,2.5
VFLM 4485,10,25,1,3,5,3.125
VFLM 4485,11,14,0,4,4,1.75
VFLM 4485,12,16,0,4,4,2.0
VFLM 4485,13,19,1,5,3,2.375
VFLM 4485,14,26,0,4,4,3.25
VFLM 4485,15,18,0,4,4,2.25
VFLM 4485,16,16,0,4,4,2.0
VFLM 4485,17,20,0,6,2,2.5
VFLM 4485,18,18,0,2,6,2.25
VFLM 4485,19,20,0,6,2,2.5
VFLM 4485,20,25,1,3,5,3.125
VFLM 4485,21,14,0,4,4,1.75
VFLM 4485,22,16,0,4,4,2.0
VFLM 4485,23,18,0,6,2,2.25
VFLM 4485,24,19,1,5,3,2.375
VFLM 4485,25,26,0,4,4,3.25
VFLM 4485,26,18,0,4,4,2.25
VFLM 4485,27,16,0,4,4,2.0
VFLM 4485,28,20,0,6,2,2.5
VFLM 4485,29,18,0,2,6,2.25
VFLM 4485,30,20,0,6,2,2.5
VFLM 4486,1,25,1,3,5,3.125
VFLM 4486,2,14,0,4,4,1.75
VFLM 4486,3,18,0,6,2,2.25
VFLM 4486,4,19,1,5,3,2.375
VFLM 4486,5,26,0,4,4,3.25
VFLM 4486,6,18,0,4,4,2.25
VFLM 4486,7,16,0,4,4,2.0
VFLM 4486,8,20,0,6,2,2.5
VFLM 4486,9,18,0,2,6,2.25
VFLM 4486,10,20,0,6,2,2.5
VFLM 4486,11,25,1,3,5,3.125
VFLM 4486,12,14,0,4,4,1.75
VFLM 4486,13,21,1,3,5,2.625
VFLM 4486,14,18,0,6,2,2.25
VFLM 4486,15,19,1,5,3,2.375
VFLM 4486,16,26,0,4,4,3.25
VFLM 4486,17,18,0,4,4,2.25
VFLM 4486,18,16,0,4,4,2.0
VFLM 4486,19,20,0,6,2,2.5
VFLM 4486,20,18,0,2,6,2.25
VFLM 4486,21,20,0,6,2,2.5
VFLM 4486,22,25,1,3,5,3.125
VFLM 4486,23,21,1,3,5,2.625
VFLM 4486,24,18,0,6,2,2.25
VFLM 4486,25,19,1,5,3,2.375
VFLM 4486,26,26,0,4,4,3.25
VFLM 4486,27,18,0,4,4,2.25
VFLM 4486,28,16,0,4,4,2.0
VFLM 4486,29,20,0,6,2,2.5
VFLM 4486,30,18,0,2,6,2.25
VFLM 4490,1,18,0,6,2,2.25
VFLM 4490,2,23,1,5,3,2.875
VFLM 4490,3,15,1,5,3,1.875
VFLM 4490,4,15,1,5,3,1.875
VFLM 4490,5,26,0,4,4,3.25
VFLM 4490,6,22,0,4,4,2.75
VFLM 4490,7,24,0,4,4,3.0
VFLM 4490,8,16,0,2,6,2.0
VFLM 4490,9,16,0,6,2,2.0
VFLM 4490,10,21,1,3,5,2.625
VFLM 4490,11,18,0,6,2,2.25
VFLM 4490,12,13,1,3,5,1.625
VFLM 4490,13,23,1,5,3,2.875
VFLM 4490,14,15,1,5,3,1.875
VFLM 4490,15,15,1,5,3,1.875
VFLM 4490,16,26,0,4,4,3.25
VFLM 4490,17,22,0,4,4,2.75
VFLM 4490,18,24,0,4,4,3.0
VFLM 4490,19,16,0,2,6,2.0
VFLM 4490,20,16,0,6,2,2.0
VFLM 4490,21,21,1,3,5,2.625
VFLM 4490,22,13,1,3,5,1.625
VFLM 4490,23,23,1,5,3,2.875
VFLM 4490,24,15,1,5,3,1.875
VFLM 4490,25,15,1,5,3,1.875
VFLM 4490,26,26,0,4,4,3.25
VFLM 4490,27,22,0,4,4,2.75
VFLM 4490,28,24,0,4,4,3.0
VFLM 4490,29,16,0,2,6,2.0
VFLM 4490,30,16,0,6,2,2.0
VFLM 4491,1,21,1,3,5,2.625
VFLM 4491,2,24,0,6,2,3.0
VFLM 4491,3,13,1,3,5,1.625
VFLM 4491,4,23,1,5,3,2.875
VFLM 4491,5,15,1,5,3,1.875
VFLM 4491,6,15,1,5,3,1.875
VFLM 4491,7,26,0,4,4,3.25
VFLM 4491,8,22,0,4,4,2.75
VFLM 4491,9,24,0,4,4,3.0
VFLM 4491,10,16,0,2,6,2.0
VFLM 4491,11,16,0,6,2,2.0
VFLM 4491,12,24,0,6,2,3.0
VFLM 4491,13,13,1,3,5,1.625
VFLM 4491,14,23,1,5,3,2.875
VFLM 4491,15,15,1,5,3,1.875
VFLM 4491,16,15,1,5,3,1.875
VFLM 4491,17,26,0,4,4,3.25
VFLM 4491,18,22,0,4,4,2.75
VFLM 4491,19,24,0,4,4,3.0
VFLM 4491,20,16,0,2,6,2.0
VFLM 4491,21,16,0,6,2,2.0
VFLM 4491,22,16,0,4,4,2.0
VFLM 4491,23,24,0,6,2,3.0
VFLM 4491,24,13,1,3,5,1.625
VFLM 4491,25,23,1,5,3,2.875
VFLM 4491,26,15,1,5,3,1.875
VFLM 4491,27,15,1,5,3,1.875
VFLM 4491,28,26,0,4,4,3.25
VFLM 4491,29,22,0,4,4,2.75
VFLM 4491,30,24,0,4,4,3.0
VFLM 4492,1,16,0,2,6,2.0
VFLM 4492,2,16,0,4,4,2.0
VFLM 4492,3,24,0,6,2,3.0
VFLM 4492,4,13,1,3,5,1.625
VFLM 4492,5,23,1,5,3,2.875
VFLM 4492,6,15,1,5,3,1.875
VFLM 4492,7,15,1,5,3,1.875
VFLM 4492,8,26,0,4,4,3.25
VFLM 4492,9,22,0,4,4,2.75
VFLM 4492,10,24,0,4,4,3.0
VFLM 4492,11,16,0,2,6,2.0
VFLM 4492,12,21,1,1,7,2.625
VFLM 4492,13,16,0,4,4,2.0
VFLM 4492,14,24,0,6,2,3.0
VFLM 4492,15,13,1,3,5,1.625
VFLM 4492,16,23,1,5,3,2.875
VFLM 4492,17,15,1,5,3,1.875
VFLM 4492,18,15,1,5,3,1.875
VFLM 4492,19,26,0,4,4,3.25
VFLM 4492,20,22,0,4,4,2.75
VFLM 4492,21,24,0,4,4,3.0
VFLM 4492,22,21,1,1,7,2.625
VFLM 4492,23,16,0,4,4,2.0
VFLM 4492,24,24,0,6,2,3.0
VFLM 4492,25,13,1,3,5,1.625
VFLM 4492,26,23,1,5,3,2.875
VFLM 4492,27,15,1,5,3,1.875
VFLM 4492,28,15,1,5,3,1.875
VFLM 4492,29,26,0,4,4,3.25
VFLM 4492,30,22,0,4,4,2.75
VFLM 4493,1,24,0,4,4,3.0
VFLM 4493,2,21,1,1,7,2.625
VFLM 4493,3,16,0,4,4,2.0
VFLM 4493,4,24,0,6,2,3.0
VFLM 4493,5,13,1,3,5,1.625
VFLM 4493,6,23,1,5,3,2.875
VFLM 4493,7,15,1,5,3,1.875
VFLM 4493,8,15,1,5,3,1.875
VFLM 4493,9,26,0,4,4,3.25
VFLM 4493,10,22,0,4,4,2.75
VFLM 4493,11,24,0,4,4,3.0
VFLM 4493,12,18,0,4,4,2.25
VFLM 4493,13,21,1,1,7,2.625
VFLM 4493,14,16,0,4,4,2.0
VFLM 4493,15,24,0,6,2,3.0
VFLM 4493,16,13,1,3,5,1.625
VFLM 4493,17,23,1,5,3,2.875
VFLM 4493,18,15,1,5,3,1.875
VFLM 4493,19,15,1,5,3,1.875
VFLM 4493,20,26,0,4,4,3.25
VFLM 4493,21,22,0,4,4,2.75
VFLM 4493,22,16,0,2,6,2.0
VFLM 4493,23,18,0,4,4,2.25
VFLM 4493,24,21,1,1,7,2.625
VFLM 4493,25,16,0,4,4,2.0
VFLM 4493,26,24,0,6,2,3.0
VFLM 4493,27,13,1,3,5,1.625
VFLM 4493,28,23,1,5,3,2.875
VFLM 4493,29,15,1,5,3,1.875
VFLM 4493,30,15,1,5,3,1.875
VFLM 4494,1,26,0,4,4,3.25
VFLM 4494,2,16,0,2,6,2.0
VFLM 4494,3,18,0,4,4,2.25
VFLM 4494,4,21,1,1,7,2.625
VFLM 4494,5,16,0,4,4,2.0
VFLM 4494,6,24,0,6,2,3.0
VFLM 4494,7,13,1,3,5,1.625
VFLM 4494,8,23,1,5,3,2.875
VFLM 4494,9,15,1,5,3,1.875
VFLM 4494,10,15,1,5,3,1.875
VFLM 4494,11,26,0,4,4,3.25
VFLM 4494,12,16,0,2,6,2.0
VFLM 4494,13,18,0,4,4,2.25
VFLM 4494,14,21,1,1,7,2.625
VFLM 4494,15,16,0,4,4,2.0
VFLM 4494,16,24,0,6,2,3.0
VFLM 4494,17,13,1,3,5,1.625
VFLM 4494,18,23,1,5,3,2.875
VFLM 4494,19,15,1,5,3,1.875
VFLM 4494,20,15,1,5,3,1.875
VFLM 4494,21,26,0,4,4,3.25
VFLM 4494,22,22,0,4,4,2.75
VFLM 4494,23,16,0,2,6,2.0
VFLM 4494,24,18,0,4,4,2.25
VFLM 4494,25,21,1,1,7,2.625
VFLM 4494,26,16,0,4,4,2.0
VFLM 4494,27,24,0,6,2,3.0
VFLM 4494,28,13,1,3,5,1.625
VFLM 4494,29,23,1,5,3,2.875
VFLM 4494,30,15,1,5,3,1.875
VFLM 4501,1,17,1,5,3,2.125
VFLM 4501,2,19,1,5,3,2.375
VFLM 4501,3,20,0,4,4,2.5
VFLM 4501,4,13,1,3,5,1.625
VFLM 4501,5,26,0,4,4,3.25
VFLM 4501,6,21,1,5,3,2.625
VFLM 4501,7,23,1,1,7,2.875
VFLM 4501,8,19,1,3,5,2.375
VFLM 4501,9,19,1,5,3,2.375
VFLM 4501,10,30,0,4,4,3.75
VFLM 4501,11,17,1,5,3,2.125
VFLM 4501,12,19,1,5,3,2.375
VFLM 4501,13,20,0,4,4,2.5
VFLM 4501,14,13,1,3,5,1.625
VFLM 4501,15,26,0,4,4,3.25
VFLM 4501,16,21,1,5,3,2.625
VFLM 4501,17,23,1,1,7,2.875
VFLM 4501,18,19,1,3,5,2.375
VFLM 4501,19,19,1,5,3,2.375
VFLM 4501,20,20,0,4,4,2.5
VFLM 4501,21,30,0,4,4,3.75
VFLM 4501,22,17,1,5,3,2.125
VFLM 4501,23,19,1,5,3,2.375
VFLM 4501,24,20,0,4,4,2.5
VFLM 4501,25,13,1,3,5,1.625
VFLM 4501,26,26,0,4,4,3.25
VFLM 4501,27,21,1,5,3,2.625
VFLM 4501,28,23,1,1,7,2.875
VFLM 4501,29,19,1,3,5,2.375
VFLM 4501,30,20,0,4,4,2.5
VFLM 4502,1,30,0,4,4,3.75
VFLM 4502,2,17,1,5,3,2.125
VFLM 4502,3,19,1,5,3,2.375
VFLM 4502,4,20,0,4,4,2.5
VFLM 4502,5,13,1,3,5,1.625
VFLM 4502,6,26,0,4,4,3.25
VFLM 4502,7,21,1,5,3,2.625
VFLM 4502,8,23,1,1,7,2.875
VFLM 4502,9,19,1,3,5,2.375
VFLM 4502,10,20,0,6,2,2.5
VFLM 4502,11,20,0,4,4,2.5
VFLM 4502,12,30,0,4,4,3.75
VFLM 4502,13,17,1,5,3,2.125
VFLM 4502,14,19,1,5,3,2.375
VFLM 4502,15,20,0,4,4,2.5
VFLM 4502,16,13,1,3,5,1.625
VFLM 4502,17,26,0,4,4,3.25
VFLM 4502,18,21,1,5,3,2.625
VFLM 4502,19,23,1,1,7,2.875
VFLM 4502,20,20,0,6,2,2.5
VFLM 4502,21,20,0,4,4,2.5
VFLM 4502,22,30,0,4,4,3.75
VFLM 4502,23,17,1,5,3,2.125
VFLM 4502,24,19,1,5,3,2.375
VFLM 4502,25,20,0,4,4,2.5
VFLM 4502,26,13,1,3,5,1.625
VFLM 4502,27,26,0,4,4,3.25
VFLM 4502,28,21,1,5,3,2.625
VFLM 4502,29,23,1,1,7,2.875
VFLM 4502,30,22,0,4,4,2.75
VFLM 4503,1,20,0,6,2,2.5
VFLM 4503,2,20,0,4,4,2.5
VFLM 4503,3,30,0,4,4,3.75
VFLM 4503,4,17,1,5,3,2.125
VFLM 4503,5,19,1,5,3,2.375
VFLM 4503,6,20,0,4,4,2.5
VFLM 4503,7,13,1,3,5,1.625
VFLM 4503,8,26,0,4,4,3.25
VFLM 4503,9,21,1,5,3,2.625
VFLM 4503,10,22,0,4,4,2.75
VFLM 4503,11,20,0,6,2,2.5
VFLM 4503,12,20,0,4,4,2.5
VFLM 4503,13,30,0,4,4,3.75
VFLM 4503,14,17,1,5,3,2.125
VFLM 4503,15,19,1,5,3,2.375
VFLM 4503,16,20,0,4,4,2.5
VFLM 4503,17,13,1,3,5,1.625
VFLM 4503,18,26,0,4,4,3.25
VFLM 4503,19,21,1,5,3,2.625
VFLM 4503,20,24,0,2,6,3.0
VFLM 4503,21,22,0,4,4,2.75
VFLM 4503,22,20,0,6,2,2.5
VFLM 4503,23,20,0,4,4,2.5
VFLM 4503,24,30,0,4,4,3.75
VFLM 4503,25,17,1,5,3,2.125
VFLM 4503,26,19,1,5,3,2.375
VFLM 4503,27,20,0,4,4,2.5
VFLM 4503,28,13,1,3,5,1.625
VFLM 4503,29,26,0,4,4,3.25
VFLM 4503,30,24,0,2,6,3.0
VFLM 4504,1,22,0,4,4,2.75
VFLM 4504,2,20,0,6,2,2.5
VFLM 4504,3,20,0,4,4,2.5
VFLM 4504,4,30,0,4,4,3.75
VFLM 4504,5,17,1,5,3,2.125
VFLM 4504,6,19,1,5,3,2.375
VFLM 4504,7,20,0,4,4,2.5
VFLM 4504,8,13,1,3,5,1.625
VFLM 4504,9,26,0,4,4,3.25
VFLM 4504,10,18,0,4,4,2.25
VFLM 4504,11,24,0,2,6,3.0
VFLM 4504,12,22,0,4,4,2.75
VFLM 4504,13,20,0,6,2,2.5
VFLM 4504,14,20,0,4,4,2.5
VFLM 4504,15,30,0,4,4,3.75
VFLM 4504,16,17,1,5,3,2.125
VFLM 4504,17,19,1,5,3,2.375
VFLM 4504,18,20,0,4,4,2.5
VFLM 4504,19,13,1,3,5,1.625
VFLM 4504,20,17,1,3,5,2.125
VFLM 4504,21,18,0,4,4,2.25
VFLM 4504,22,24,0,2,6,3.0
VFLM 4504,23,22,0,4,4,2.75
VFLM 4504,24,20,0,6,2,2.5
VFLM 4504,25,20,0,4,4,2.5
VFLM 4504,26,30,0,4,4,3.75
VFLM 4504,27,17,1,5,3,2.125
VFLM 4504,28,19,1,5,3,2.375
VFLM 4504,29,20,0,4,4,2.5
VFLM 4504,30,17,1,3,5,2.125
VFLM 4505,1,18,0,4,4,2.25
VFLM 4505,2,24,0,2,6,3.0
VFLM 4505,3,22,0,4,4,2.75
VFLM 4505,4,20,0,6,2,2.5
VFLM 4505,5,20,0,4,4,2.5
VFLM 4505,6,30,0,4,4,3.75
VFLM 4505,7,17,1,5,3,2.125
VFLM 4505,8,19,1,5,3,2.375
VFLM 4505,9,20,0,4,4,2.5
VFLM 4505,10,23,1,5,3,2.875
VFLM 4505,11,17,1,3,5,2.125
VFLM 4505,12,18,0,4,4,2.25
VFLM 4505,13,24,0,2,6,3.0
VFLM 4505,14,22,0,4,4,2.75
VFLM 4505,15,20,0,6,2,2.5
VFLM 4505,16,20,0,4,4,2.5
VFLM 4505,17,30,0,4,4,3.75
VFLM 4505,18,17,1,5,3,2.125
VFLM 4505,19,19,1,5,3,2.375
VFLM 4505,20,23,1,5,3,2.875
VFLM 4505,21,17,1,3,5,2.125
VFLM 4505,22,18,0,4,4,2.25
VFLM 4505,23,24,0,2,6,3.0
VFLM 4505,24,22,0,4,4,2.75
VFLM 4505,25,20,0,6,2,2.5
VFLM 4505,26,20,0,4,4,2.5
VFLM 4505,27,30,0,4,4,3.75
VFLM 4505,28,17,1,5,3,2.125
VFLM 4505,29,19,1,5,3,2.375
VFLM 4505,30,25,1,1,7,3.125
VFLM 4508,1,20,0,6,2,2.5
VFLM 4508,2,17,1,5,3,2.125
VFLM 4508,3,23,1,3,5,2.875
VFLM 4508,4,22,0,6,2,2.75
VFLM 4508,5,28,0,2,6,3.5
VFLM 4508,6,25,1,1,7,3.125
VFLM 4508,7,23,1,5,3,2.875
VFLM 4508,8,17,1,3,5,2.125
VFLM 4508,9,18,0,4,4,2.25
VFLM 4508,10,24,0,2,6,3.0
VFLM 4508,11,22,0,4,4,2.75
VFLM 4508,12,24,0,4,4,3.0
VFLM 4508,13,17,1,5,3,2.125
VFLM 4508,14,23,1,3,5,2.875
VFLM 4508,15,22,0,6,2,2.75
VFLM 4508,16,28,0,2,6,3.5
VFLM 4508,17,25,1,1,7,3.125
VFLM 4508,18,23,1,5,3,2.875
VFLM 4508,19,17,1,3,5,2.125
VFLM 4508,20,18,0,4,4,2.25
VFLM 4508,21,24,0,2,6,3.0
VFLM 4508,22,18,0,2,6,2.25
VFLM 4508,23,24,0,4,4,3.0
VFLM 4508,24,17,1,5,3,2.125
VFLM 4508,25,23,1,3,5,2.875
VFLM 4508,26,22,0,6,2,2.75
VFLM 4508,27,28,0,2,6,3.5
VFLM 4508,28,25,1,1,7,3.125
VFLM 4508,29,23,1,5,3,2.875
VFLM 4508,30,17,1,3,5,2.125
VFLM 4509,1,18,0,4,4,2.25
VFLM 4509,2,19,1,5,3,2.375
VFLM 4509,3,18,0,2,6,2.25
VFLM 4509,4,24,0,4,4,3.0
VFLM 4509,5,17,1,5,3,2.125
VFLM 4509,6,23,1,3,5,2.875
VFLM 4509,7,22,0,6,2,2.75
VFLM 4509,8,28,0,2,6,3.5
VFLM 4509,9,25,1,1,7,3.125
VFLM 4509,10,23,1,5,3,2.875
VFLM 4509,11,17,1,3,5,2.125
VFLM 4509,12,18,0,4,4,2.25
VFLM 4509,13,19,1,5,3,2.375
VFLM 4509,14,18,0,2,6,2.25
VFLM 4509,15,24,0,4,4,3.0
VFLM 4509,16,17,1,5,3,2.125
VFLM 4509,17,23,1,3,5,2.875
VFLM 4509,18,22,0,6,2,2.75
VFLM 4509,19,28,0,2,6,3.5
VFLM 4509,20,25,1,1,7,3.125
VFLM 4509,21,23,1,5,3,2.875
VFLM 4509,22,22,0,2,6,2.75
VFLM 4509,23,18,0,4,4,2.25
VFLM 4509,24,19,1,5,3,2.375
VFLM 4509,25,18,0,2,6,2.25
VFLM 4509,26,24,0,4,4,3.0
VFLM 4509,27,17,1,5,3,2.125
VFLM 4509,28,23,1,3,5,2.875
VFLM 4509,29,22,0,6,2,2.75
VFLM 4509,30,28,0,2,6,3.5
VFLM 4510,1,25,1,1,7,3.125
VFLM 4510,2,23,1,3,5,2.875
VFLM 4510,3,22,0,2,6,2.75
VFLM 4510,4,18,0,4,4,2.25
VFLM 4510,5,19,1,5,3,2.375
VFLM 4510,6,18,0,2,6,2.25
VFLM 4510,7,24,0,4,4,3.0
VFLM 4510,8,17,1,5,3,2.125
VFLM 4510,9,23,1,3,5,2.875
VFLM 4510,10,22,0,6,2,2.75
VFLM 4510,11,28,0,2,6,3.5
VFLM 4510,12,23,1,5,3,2.875
VFLM 4510,13,23,1,3,5,2.875
VFLM 4510,14,22,0,2,6,2.75
VFLM 4510,15,18,0,4,4,2.25
VFLM 4510,16,19,1,5,3,2.375
VFLM 4510,17,18,0,2,6,2.25
VFLM 4510,18,24,0,4,4,3.0
VFLM 4510,19,17,1,5,3,2.125
VFLM 4510,20,23,1,3,5,2.875
VFLM 4510,21,22,0,6,2,2.75
VFLM 4510,22,22,0,4,4,2.75
VFLM 4510,23,23,1,5,3,2.875
VFLM 4510,24,23,1,3,5,2.875
VFLM 4510,25,22,0,2,6,2.75
VFLM 4510,26,18,0,4,4,2.25
VFLM 4510,27,19,1,5,3,2.375
VFLM 4510,28,18,0,2,6,2.25
VFLM 4510,29,24,0,4,4,3.0
VFLM 4510,30,17,1,5,3,2.125
VFLM 4511,1,23,1,3,5,2.875
VFLM 4511,2,22,0,6,2,2.75
VFLM 4511,3,22,0,4,4,2.75
VFLM 4511,4,23,1,5,3,2.875
VFLM 4511,5,23,1,3,5,2.875
VFLM 4511,6,22,0,2,6,2.75
VFLM 4511,7,18,0,4,4,2.25
VFLM 4511,8,19,1,5,3,2.375
VFLM 4511,9,18,0,2,6,2.25
VFLM 4511,10,24,0,4,4,3.0
VFLM 4511,11,17,1,5,3,2.125
VFLM 4511,12,10,0,4,4,1.25
VFLM 4511,13,22,0,6,2,2.75
VFLM 4511,14,22,0,4,4,2.75
VFLM 4511,15,23,1,5,3,2.875
VFLM 4511,16,23,1,3,5,2.875
VFLM 4511,17,22,0,2,6,2.75
VFLM 4511,18,18,0,4,4,2.25
VFLM 4511,19,19,1,5,3,2.375
VFLM 4511,20,18,0,2,6,2.25
VFLM 4511,21,24,0,4,4,3.0
VFLM 4511,22,18,0,6,2,2.25
VFLM 4511,23,10,0,4,4,1.25
VFLM 4511,24,22,0,6,2,2.75
VFLM 4511,25,22,0,4,4,2.75
VFLM 4511,26,23,1,5,3,2.875
VFLM 4511,27,23,1,3,5,2.875
VFLM 4511,28,22,0,2,6,2.75
VFLM 4511,29,18,0,4,4,2.25
VFLM 4511,30,19,1,5,3,2.375
VFLM 4514,1,10,0,4,4,1.25
VFLM 4514,2,22,0,6,2,2.75
VFLM 4514,3,22,0,4,4,2.75
VFLM 4514,4,30,0,4,4,3.75
VFLM 4514,5,21,1,5,3,2.625
VFLM 4514,6,24,0,4,4,3.0
VFLM 4514,7,18,0,4,4,2.25
VFLM 4514,8,16,0,4,4,2.0
VFLM 4514,9,18,0,6,2,2.25
VFLM 4514,10,10,0,4,4,1.25
VFLM 4514,11,22,0,6,2,2.75
VFLM 4514,12,22,0,4,4,2.75
VFLM 4514,13,23,1,5,3,2.875
VFLM 4514,14,22,0,6,2,2.75
VFLM 4514,15,30,0,4,4,3.75
VFLM 4514,16,21,1,5,3,2.625
VFLM 4514,17,24,0,4,4,3.0
VFLM 4514,18,18,0,4,4,2.25
VFLM 4514,19,16,0,4,4,2.0
VFLM 4514,20,18,0,6,2,2.25
VFLM 4514,21,10,0,4,4,1.25
VFLM 4514,22,22,0,6,2,2.75
VFLM 4514,23,22,0,4,4,2.75
VFLM 4514,24,22,0,6,2,2.75
VFLM 4514,25,30,0,4,4,3.75
VFLM 4514,26,21,1,5,3,2.625
VFLM 4514,27,24,0,4,4,3.0
VFLM 4514,28,18,0,4,4,2.25
VFLM 4514,29,16,0,4,4,2.0
VFLM 4514,30,18,0,6,2,2.25
VFLM 4515,1,10,0,4,4,1.25
VFLM 4515,2,22,0,6,2,2.75
VFLM 4515,3,22,0,4,4,2.75
VFLM 4515,4,23,1,5,3,2.875
VFLM 4515,5,22,0,6,2,2.75
VFLM 4515,6,30,0,4,4,3.75
VFLM 4515,7,21,1,5,3,2.625
VFLM 4515,8,24,0,4,4,3.0
VFLM 4515,9,18,0,4,4,2.25
VFLM 4515,10,16,0,4,4,2.0
VFLM 4515,11,18,0,6,2,2.25
VFLM 4515,12,10,0,4,4,1.25
VFLM 4515,13,22,0,6,2,2.75
VFLM 4515,14,23,1,5,3,2.875
VFLM 4515,15,22,0,6,2,2.75
VFLM 4515,16,30,0,4,4,3.75
VFLM 4515,17,21,1,5,3,2.625
VFLM 4515,18,24,0,4,4,3.0
VFLM 4515,19,18,0,4,4,2.25
VFLM 4515,20,16,0,4,4,2.0
VFLM 4515,21,18,0,6,2,2.25
VFLM 4515,22,10,0,4,4,1.25
VFLM 4515,23,22,0,6,2,2.75
VFLM 4515,24,19,1,5,3,2.375
VFLM 4515,25,23,1,5,3,2.875
VFLM 4515,26,22,0,6,2,2.75
VFLM 4515,27,30,0,4,4,3.75
VFLM 4515,28,21,1,5,3,2.625
VFLM 4515,29,24,0,4,4,3.0
VFLM 4515,30,18,0,4,4,2.25
VFLM 4516,1,16,0,4,4,2.0
VFLM 4516,2,18,0,6,2,2.25
VFLM 4516,3,10,0,4,4,1.25
VFLM 4516,4,19,1,5,3,2.375
VFLM 4516,5,23,1,5,3,2.875
VFLM 4516,6,22,0,6,2,2.75
VFLM 4516,7,30,0,4,4,3.75
VFLM 4516,8,21,1,5,3,2.625
VFLM 4516,9,24,0,4,4,3.0
VFLM 4516,10,18,0,4,4,2.25
VFLM 4516,11,16,0,4,4,2.0
VFLM 4516,12,18,0,6,2,2.25
VFLM 4516,13,10,0,4,4,1.25
VFLM 4516,14,18,0,2,6,2.25
VFLM 4516,15,19,1,5,3,2.375
VFLM 4516,16,23,1,5,3,2.875
VFLM 4516,17,22,0,6,2,2.75
VFLM 4516,18,30,0,4,4,3.75
VFLM 4516,19,21,1,5,3,2.625
VFLM 4516,20,24,0,4,4,3.0
VFLM 4516,21,18,0,4,4,2.25
VFLM 4516,22,16,0,4,4,2.0
VFLM 4516,23,18,0,6,2,2.25
VFLM 4516,24,17,1,5,3,2.125
VFLM 4516,25,18,0,2,6,2.25
VFLM 4516,26,19,1,5,3,2.375
VFLM 4516,27,23,1,5,3,2.875
VFLM 4516,28,22,0,6,2,2.75
VFLM 4516,29,30,0,4,4,3.75
VFLM 4516,30,21,1,5,3,2.625
VFLM 4517,1,24,0,4,4,3.0
VFLM 4517,2,18,0,4,4,2.25
VFLM 4517,3,16,0,4,4,2.0
VFLM 4517,4,17,1,5,3,2.125
VFLM 4517,5,18,0,2,6,2.25
VFLM 4517,6,19,1,5,3,2.375
VFLM 4517,7,23,1,5,3,2.875
VFLM 4517,8,22,0,6,2,2.75
VFLM 4517,9,30,0,4,4,3.75
VFLM 4517,10,21,1,5,3,2.625
VFLM 4517,11,24,0,4,4,3.0
VFLM 4517,12,18,0,4,4,2.25
VFLM 4517,13,16,0,4,4,2.0
VFLM 4517,14,21,1,5,3,2.625
VFLM 4517,15,17,1,5,3,2.125
VFLM 4517,16,18,0,2,6,2.25
VFLM 4517,17,19,1,5,3,2.375
VFLM 4517,18,23,1,5,3,2.875
VFLM 4517,19,22,0,6,2,2.75
VFLM 4517,20,30,0,4,4,3.75
VFLM 4517,21,21,1,5,3,2.625
VFLM 4517,22,24,0,4,4,3.0
VFLM 4517,23,18,0,4,4,2.25
VFLM 4517,24,21,1,5,3,2.625
VFLM 4517,25,17,1,5,3,2.125
VFLM 4517,26,18,0,2,6,2.25
VFLM 4517,27,19,1,5,3,2.375
VFLM 4517,28,23,1,5,3,2.875
VFLM 4517,29,22,0,6,2,2.75
VFLM 4517,30,30,0,4,4,3.75
VFLM 4518,1,21,1,5,3,2.625
VFLM 4518,2,24,0,4,4,3.0
VFLM 4518,3,18,0,4,4,2.25
VFLM 4518,4,27,1,3,5,3.375
VFLM 4518,5,21,1,5,3,2.625
VFLM 4518,6,17,1,5,3,2.125
VFLM 4518,7,18,0,2,6,2.25
VFLM 4518,8,19,1,5,3,2.375
VFLM 4518,9,23,1,5,3,2.875
VFLM 4518,10,22,0,6,2,2.75
VFLM 4518,11,30,0,4,4,3.75
VFLM 4518,12,21,1,5,3,2.625
VFLM 4518,13,24,0,4,4,3.0
VFLM 4518,14,21,1,5,3,2.625
VFLM 4518,15,27,1,3,5,3.375
VFLM 4518,16,21,1,5,3,2.625
VFLM 4518,17,17,1,5,3,2.125
VFLM 4518,18,18,0,2,6,2.25
VFLM 4518,19,19,1,5,3,2.375
VFLM 4518,20,23,1,5,3,2.875
VFLM 4518,21,22,0,6,2,2.75
VFLM 4518,22,30,0,4,4,3.75
VFLM 4518,23,21,1,5,3,2.625
VFLM 4518,24,21,1,5,3,2.625
VFLM 4518,25,27,1,3,5,3.375
VFLM 4518,26,21,1,5,3,2.625
VFLM 4518,27,17,1,5,3,2.125
VFLM 4518,28,18,0,2,6,2.25
VFLM 4518,29,19,1,5,3,2.375
VFLM 4518,30,23,1,5,3,2.875
VFLM 4519,1,22,0,6,2,2.75
VFLM 4519,2,30,0,4,4,3.75
VFLM 4519,3,21,1,5,3,2.625
VFLM 4519,4,21,1,5,3,2.625
VFLM 4519,5,27,1,3,5,3.375
VFLM 4519,6,21,1,5,3,2.625
VFLM 4519,7,17,1,5,3,2.125
VFLM 4519,8,18,0,2,6,2.25
VFLM 4519,9,19,1,5,3,2.375
VFLM 4519,10,23,1,5,3,2.875
VFLM 4519,11,22,0,6,2,2.75
VFLM 4519,12,30,0,4,4,3.75
VFLM 4519,13,21,1,5,3,2.625
VFLM 4519,14,24,0,4,4,3.0
VFLM 4519,15,21,1,5,3,2.625
VFLM 4519,16,27,1,3,5,3.375
VFLM 4519,17,21,1,5,3,2.625
VFLM 4519,18,17,1,5,3,2.125
VFLM 4519,19,18,0,2,6,2.25
VFLM 4519,20,19,1,5,3,2.375
VFLM 4519,21,23,1,5,3,2.875
VFLM 4519,22,22,0,6,2,2.75
VFLM 4519,23,30,0,4,4,3.75
VFLM 4519,24,25,1,3,5,3.125
VFLM 4519,25,24,0,4,4,3.0
VFLM 4519,26,21,1,5,3,2.625
VFLM 4519,27,27,1,3,5,3.375
VFLM 4519,28,21,1,5,3,2.625
VFLM 4519,29,17,1,5,3,2.125
VFLM 4519,30,18,0,2,6,2.25
VFLM 4520,1,19,1,5,3,2.375
VFLM 4520,2,23,1,5,3,2.875
VFLM 4520,3,22,0,6,2,2.75
VFLM 4520,4,25,1,3,5,3.125
VFLM 4520,5,24,0,4,4,3.0
VFLM 4520,6,21,1,5,3,2.625
VFLM 4520,7,27,1,3,5,3.375
VFLM 4520,8,21,1,5,3,2.625
VFLM 4520,9,17,1,5,3,2.125
VFLM 4520,10,18,0,2,6,2.25
VFLM 4520,11,19,1,5,3,2.375
VFLM 4520,12,23,1,5,3,2.875
VFLM 4520,13,22,0,6,2,2.75
VFLM 4520,14,11,1,5,3,1.375
VFLM 4520,15,25,1,3,5,3.125
VFLM 4520,16,24,0,4,4,3.0
VFLM 4520,17,21,1,5,3,2.625
VFLM 4520,18,27,1,3,5,3.375
VFLM 4520,19,21,1,5,3,2.625
VFLM 4520,20,17,1,5,3,2.125
VFLM 4520,21,18,0,2,6,2.25
VFLM 4520,22,19,1,5,3,2.375
VFLM 4520,23,23,1,5,3,2.875
VFLM 4520,24,11,1,5,3,1.375
VFLM 4520,25,25,1,3,5,3.125
VFLM 4520,26,24,0,4,4,3.0
VFLM 4520,27,21,1,5,3,2.625
VFLM 4520,28,27,1,3,5,3.375
VFLM 4520,29,21,1,5,3,2.625
VFLM 4520,30,17,1,5,3,2.125
VFLM 4521,1,18,0,2,6,2.25
VFLM 4521,2,19,1,5,3,2.375
VFLM 4521,3,23,1,5,3,2.875
VFLM 4521,4,24,0,2,6,3.0
VFLM 4521,5,11,1,5,3,1.375
VFLM 4521,6,25,1,3,5,3.125
VFLM 4521,7,24,0,4,4,3.0
VFLM 4521,8,21,1,5,3,2.625
VFLM 4521,9,27,1,3,5,3.375
VFLM 4521,10,21,1,5,3,2.625
VFLM 4521,11,17,1,5,3,2.125
VFLM 4521,12,18,0,2,6,2.25
VFLM 4521,13,19,1,5,3,2.375
VFLM 4521,14,24,0,2,6,3.0
VFLM 4521,15,11,1,5,3,1.375
VFLM 4521,16,25,1,3,5,3.125
VFLM 4521,17,24,0,4,4,3.0
VFLM 4521,18,21,1,5,3,2.625
VFLM 4521,19,27,1,3,5,3.375
VFLM 4521,20,21,1,5,3,2.625
VFLM 4521,21,17,1,5,3,2.125
VFLM 4521,22,18,0,2,6,2.25
VFLM 4521,23,19,1,5,3,2.375
VFLM 4521,24,19,1,5,3,2.375
VFLM 4521,25,24,0,2,6,3.0
VFLM 4521,26,11,1,5,3,1.375
VFLM 4521,27,25,1,3,5,3.125
VFLM 4521,28,24,0,4,4,3.0
VFLM 4521,29,21,1,5,3,2.625
VFLM 4521,30,27,1,3,5,3.375
VFLM 4522,1,21,1,5,3,2.625
VFLM 4522,2,17,1,5,3,2.125
VFLM 4522,3,18,0,2,6,2.25
VFLM 4522,4,19,1,5,3,2.375
VFLM 4522,5,24,0,2,6,3.0
VFLM 4522,6,11,1,5,3,1.375
VFLM 4522,7,25,1,3,5,3.125
VFLM 4522,8,24,0,4,4,3.0
VFLM 4522,9,21,1,5,3,2.625
VFLM 4522,10,27,1,3,5,3.375
VFLM 4522,11,21,1,5,3,2.625
VFLM 4522,12,17,1,5,3,2.125
VFLM 4522,13,18,0,2,6,2.25
VFLM 4522,14,19,1,3,5,2.375
VFLM 4522,15,19,1,5,3,2.375
VFLM 4522,16,24,0,2,6,3.0
VFLM 4522,17,11,1,5,3,1.375
VFLM 4522,18,25,1,3,5,3.125
VFLM 4522,19,24,0,4,4,3.0
VFLM 4522,20,21,1,5,3,2.625
VFLM 4522,21,27,1,3,5,3.375
VFLM 4522,22,21,1,5,3,2.625
VFLM 4522,23,17,1,5,3,2.125
VFLM 4522,24,19,1,3,5,2.375
VFLM 4522,25,19,1,5,3,2.375
VFLM 4522,26,24,0,2,6,3.0
VFLM 4522,27,11,1,5,3,1.375
VFLM 4522,28,25,1,3,5,3.125
VFLM 4522,29,24,0,4,4,3.0
VFLM 4522,30,21,1,5,3,2.625
VFLM 4523,1,27,1,3,5,3.375
VFLM 4523,2,21,1,5,3,2.625
VFLM 4523,3,17,1,5,3,2.125
VFLM 4523,4,17,1,5,3,2.125
VFLM 4523,5,19,1,3,5,2.375
VFLM 4523,6,19,1,5,3,2.375
VFLM 4523,7,24,0,2,6,3.0
VFLM 4523,8,11,1,5,3,1.375
VFLM 4523,9,25,1,3,5,3.125
VFLM 4523,10,24,0,4,4,3.0
VFLM 4523,11,21,1,5,3,2.625
VFLM 4523,12,27,1,3,5,3.375
VFLM 4523,13,21,1,5,3,2.625
VFLM 4523,14,17,1,5,3,2.125
VFLM 4523,15,19,1,3,5,2.375
VFLM 4523,16,19,1,5,3,2.375
VFLM 4523,17,24,0,2,6,3.0
VFLM 4523,18,11,1,5,3,1.375
VFLM 4523,19,25,1,3,5,3.125
VFLM 4523,20,24,0,4,4,3.0
VFLM 4523,21,21,1,5,3,2.625
VFLM 4523,22,27,1,3,5,3.375
VFLM 4523,23,21,1,5,3,2.625
VFLM 4523,24,27,1,5,3,3.375
VFLM 4523,25,17,1,5,3,2.125
VFLM 4523,26,19,1,3,5,2.375
VFLM 4523,27,19,1,5,3,2.375
VFLM 4523,28,24,0,2,6,3.0
VFLM 4523,29,11,1,5,3,1.375
VFLM 4523,30,25,1,3,5,3.125
VFLM 4524,1,24,0,4,4,3.0
VFLM 4524,2,21,1,5,3,2.625
VFLM 4524,3,27,1,3,5,3.375
VFLM 4524,4,27,1,5,3,3.375
VFLM 4524,5,17,1,5,3,2.125
VFLM 4524,6,19,1,3,5,2.375
VFLM 4524,7,19,1,5,3,2.375
VFLM 4524,8,24,0,2,6,3.0
VFLM 4524,9,11,1,5,3,1.375
VFLM 4524,10,25,1,3,5,3.125
VFLM 4524,11,24,0,4,4,3.0
VFLM 4524,12,21,1,5,3,2.625
VFLM 4524,13,27,1,3,5,3.375
VFLM 4524,14,21,1,5,3,2.625
VFLM 4524,15,27,1,5,3,3.375
VFLM 4524,16,17,1,5,3,2.125
VFLM 4524,17,19,1,3,5,2.375
VFLM 4524,18,19,1,5,3,2.375
VFLM 4524,19,24,0,2,6,3.0
VFLM 4524,20,11,1,5,3,1.375
VFLM 4524,21,25,1,3,5,3.125
VFLM 4524,22,24,0,4,4,3.0
VFLM 4524,23,21,1,5,3,2.625
VFLM 4524,24,21,1,5,3,2.625
VFLM 4524,25,27,1,5,3,3.375
VFLM 4524,26,17,1,5,3,2.125
VFLM 4524,27,19,1,3,5,2.375
VFLM 4524,28,19,1,5,3,2.375
VFLM 4524,29,24,0,2,6,3.0
VFLM 4524,30,11,1,5,3,1.375
VFLM 4525,1,25,1,3,5,3.125
VFLM 4525,2,24,0,4,4,3.0
VFLM 4525,3,21,1,5,3,2.625
VFLM 4525,4,21,1,3,5,2.625
VFLM 4525,5,21,1,5,3,2.625
VFLM 4525,6,27,1,5,3,3.375
VFLM 4525,7,17,1,5,3,2.125
VFLM 4525,8,19,1,3,5,2.375
VFLM 4525,9,19,1,5,3,2.375
VFLM 4525,10,24,0,2,6,3.0
VFLM 4525,11,11,1,5,3,1.375
VFLM 4525,12,25,1,3,5,3.125
VFLM 4525,13,24,0,4,4,3.0
VFLM 4525,14,21,1,3,5,2.625
VFLM 4525,15,21,1,5,3,2.625
VFLM 4525,16,27,1,5,3,3.375
VFLM 4525,17,17,1,5,3,2.125
VFLM 4525,18,19,1,3,5,2.375
VFLM 4525,19,19,1,5,3,2.375
VFLM 4525,20,24,0,2,6,3.0
VFLM 4525,21,11,1,5,3,1.375
VFLM 4525,22,21,1,3,5,2.625
VFLM 4525,23,21,1,5,3,2.625
VFLM 4525,24,27,1,5,3,3.375
VFLM 4525,25,17,1,5,3,2.125
VFLM 4525,26,19,1,3,5,2.375
VFLM 4525,27,19,1,5,3,2.375
VFLM 4525,28,24,0,2,6,3.0
VFLM 4525,29,11,1,5,3,1.375
VFLM 4525,30,25,1,3,5,3.125
VFLM 4527,1,19,1,3,5,2.375
VFLM 4527,2,19,1,5,3,2.375
VFLM 4527,3,24,0,2,6,3.0
VFLM 4527,4,11,1,5,3,1.375
VFLM 4527,5,23,1,5,3,2.875
VFLM 4527,6,17,1,5,3,2.125
VFLM 4527,7,19,1,5,3,2.375
VFLM 4527,8,21,1,3,5,2.625
VFLM 4527,9,21,1,5,3,2.625
VFLM 4527,10,23,1,5,3,2.875
VFLM 4527,11,17,1,5,3,2.125
VFLM 4527,12,19,1,5,3,2.375
VFLM 4527,13,21,1,3,5,2.625
VFLM 4527,14,21,1,5,3,2.625
VFLM 4527,15,27,1,5,3,3.375
VFLM 4527,16,17,1,5,3,2.125
VFLM 4527,17,19,1,3,5,2.375
VFLM 4527,18,19,1,5,3,2.375
VFLM 4527,19,24,0,2,6,3.0
VFLM 4527,20,13,1,3,5,1.625
VFLM 4527,21,23,1,5,3,2.875
VFLM 4527,22,17,1,5,3,2.125
VFLM 4527,23,19,1,5,3,2.375
VFLM 4527,24,21,1,3,5,2.625
VFLM 4527,25,13,1,3,5,1.625
VFLM 4527,26,23,1,5,3,2.875
VFLM 4527,27,17,1,5,3,2.125
VFLM 4527,28,19,1,5,3,2.375
VFLM 4527,29,21,1,3,5,2.625
VFLM 4527,30,21,1,5,3,2.625
VFLM 4529,1,25,1,5,3,3.125
VFLM 4529,2,25,1,3,5,3.125
VFLM 4529,3,25,1,5,3,3.125
VFLM 4529,4,25,1,3,5,3.125
VFLM 4529,5,20,0,4,4,2.5
VFLM 4529,6,22,0,6,2,2.75
VFLM 4529,7,13,1,3,5,1.625
VFLM 4529,8,23,1,5,3,2.875
VFLM 4529,9,17,1,5,3,2.125
VFLM 4529,10,19,1,5,3,2.375
VFLM 4529,11,21,1,3,5,2.625
VFLM 4529,12,21,1,5,3,2.625
VFLM 4529,13,12,0,8,0,1.5
VFLM 4529,14,25,1,5,3,3.125
VFLM 4529,15,25,1,3,5,3.125
VFLM 4529,16,20,0,4,4,2.5
VFLM 4529,17,22,0,6,2,2.75
VFLM 4529,18,13,1,3,5,1.625
VFLM 4529,19,23,1,5,3,2.875
VFLM 4529,20,17,1,5,3,2.125
VFLM 4529,21,19,1,5,3,2.375
VFLM 4529,22,21,1,3,5,2.625
VFLM 4529,23,17,1,7,1,2.125
VFLM 4529,24,12,0,8,0,1.5
VFLM 4529,25,25,1,5,3,3.125
VFLM 4529,26,25,1,3,5,3.125
VFLM 4529,27,20,0,4,4,2.5
VFLM 4529,28,17,1,7,1,2.125
VFLM 4529,29,12,0,8,0,1.5
VFLM 4529,30,25,1,5,3,3.125
VFLM 4530,1,25,1,3,5,3.125
VFLM 4530,2,20,0,4,4,2.5
VFLM 4530,3,22,0,6,2,2.75
VFLM 4530,4,13,1,3,5,1.625
VFLM 4530,5,23,1,5,3,2.875
VFLM 4530,6,17,1,5,3,2.125
VFLM 4530,7,19,1,5,3,2.375
VFLM 4530,8,26,0,6,2,3.25
VFLM 4530,9,26,0,6,2,3.25
VFLM 4530,10,17,1,7,1,2.125
VFLM 4530,11,12,0,8,0,1.5
VFLM 4530,12,25,1,5,3,3.125
VFLM 4530,13,25,1,3,5,3.125
VFLM 4530,14,20,0,4,4,2.5
VFLM 4530,15,22,0,6,2,2.75
VFLM 4530,16,13,1,3,5,1.625
VFLM 4530,17,23,1,5,3,2.875
VFLM 4530,18,17,1,5,3,2.125
VFLM 4530,19,28,0,4,4,3.5
VFLM 4530,20,26,0,6,2,3.25
VFLM 4530,21,17,1,7,1,2.125
VFLM 4530,22,12,0,8,0,1.5
VFLM 4530,23,25,1,5,3,3.125
VFLM 4530,24,25,1,3,5,3.125
VFLM 4530,25,20,0,4,4,2.5
VFLM 4530,26,22,0,6,2,2.75
VFLM 4530,27,13,1,3,5,1.625
VFLM 4530,28,23,1,5,3,2.875
VFLM 4530,29,26,0,6,2,3.25
VFLM 4530,30,28,0,4,4,3.5
VFLM 4531,1,26,0,6,2,3.25
VFLM 4531,2,17,1,7,1,2.125
VFLM 4531,3,12,0,8,0,1.5
VFLM 4531,4,25,1,5,3,3.125
VFLM 4531,5,25,1,3,5,3.125
VFLM 4531,6,20,0,4,4,2.5
VFLM 4531,7,22,0,6,2,2.75
VFLM 4531,8,13,1,3,5,1.625
VFLM 4531,9,16,0,2,6,2.0
VFLM 4531,10,26,0,6,2,3.25
VFLM 4531,11,28,0,4,4,3.5
VFLM 4531,12,26,0,6,2,3.25
VFLM 4531,13,17,1,7,1,2.125
VFLM 4531,14,12,0,8,0,1.5
VFLM 4531,15,25,1,5,3,3.125
VFLM 4531,16,25,1,3,5,3.125
VFLM 4531,17,20,0,4,4,2.5
VFLM 4531,18,22,0,6,2,2.75
VFLM 4531,19,23,1,5,3,2.875
VFLM 4531,20,16,0,2,6,2.0
VFLM 4531,21,26,0,6,2,3.25
VFLM 4531,22,28,0,4,4,3.5
VFLM 4531,23,26,0,6,2,3.25
VFLM 4531,24,17,1,7,1,2.125
VFLM 4531,25,12,0,8,0,1.5
VFLM 4531,26,25,1,5,3,3.125
VFLM 4531,27,25,1,3,5,3.125
VFLM 4531,28,20,0,4,4,2.5
VFLM 4531,29,23,1,3,5,2.875
VFLM 4531,30,23,1,5,3,2.875
VFLM 4532,1,16,0,2,6,2.0
VFLM 4532,2,26,0,6,2,3.25
VFLM 4532,3,28,0,4,4,3.5
VFLM 4532,4,26,0,6,2,3.25
VFLM 4532,5,17,1,7,1,2.125
VFLM 4532,6,12,0,8,0,1.5
VFLM 4532,7,25,1,5,3,3.125
VFLM 4532,8,25,1,3,5,3.125
VFLM 4532,9,16,0,2,6,2.0
VFLM 4532,10,23,1,3,5,2.875
VFLM 4532,11,23,1,5,3,2.875
VFLM 4532,12,16,0,2,6,2.0
VFLM 4532,13,26,0,6,2,3.25
VFLM 4532,14,28,0,4,4,3.5
VFLM 4532,15,26,0,6,2,3.25
VFLM 4532,16,17,1,7,1,2.125
VFLM 4532,17,12,0,8,0,1.5
VFLM 4532,18,25,1,5,3,3.125
VFLM 4532,19,22,0,2,6,2.75
VFLM 4532,20,16,0,2,6,2.0
VFLM 4532,21,23,1,3,5,2.875
VFLM 4532,22,23,1,5,3,2.875
VFLM 4532,23,16,0,2,6,2.0
VFLM 4532,24,26,0,6,2,3.25
VFLM 4532,25,28,0,4,4,3.5
VFLM 4532,26,26,0,6,2,3.25
VFLM 4532,27,17,1,7,1,2.125
VFLM 4532,28,12,0,8,0,1.5
VFLM 4532,29,18,0,2,6,2.25
VFLM 4532,30,18,0,2,6,2.25
VFLM 4533,1,22,0,2,6,2.75
VFLM 4533,2,16,0,2,6,2.0
VFLM 4533,3,23,1,3,5,2.875
VFLM 4533,4,23,1,5,3,2.875
VFLM 4533,5,16,0,2,6,2.0
VFLM 4533,6,26,0,6,2,3.25
VFLM 4533,7,28,0,4,4,3.5
VFLM 4533,8,26,0,6,2,3.25
VFLM 4533,9,17,1,7,1,2.125
VFLM 4533,10,16,0,2,6,2.0
VFLM 4533,11,21,1,3,5,2.625
VFLM 4533,12,16,0,2,6,2.0
VFLM 4533,13,18,0,2,6,2.25
VFLM 4533,14,22,0,2,6,2.75
VFLM 4533,15,16,0,2,6,2.0
VFLM 4533,16,23,1,3,5,2.875
VFLM 4533,17,23,1,5,3,2.875
VFLM 4533,18,16,0,2,6,2.0
VFLM 4533,19,26,0,6,2,3.25
VFLM 4533,20,28,0,4,4,3.5
VFLM 4533,21,20,0,4,4,2.5
VFLM 4533,22,21,1,3,5,2.625
VFLM 4533,23,16,0,2,6,2.0
VFLM 4533,24,18,0,2,6,2.25
VFLM 4533,25,22,0,2,6,2.75
VFLM 4533,26,16,0,2,6,2.0
VFLM 4533,27,20,0,4,4,2.5
VFLM 4533,28,21,1,3,5,2.625
VFLM 4533,29,16,0,2,6,2.0
VFLM 4533,30,18,0,2,6,2.25
VFLM 4534,1,22,0,2,6,2.75
VFLM 4534,2,16,0,2,6,2.0
VFLM 4534,3,23,1,3,5,2.875
VFLM 4534,4,23,1,5,3,2.875
VFLM 4534,5,16,0,2,6,2.0
VFLM 4534,6,26,0,6,2,3.25
VFLM 4534,7,20,0,4,4,2.5
VFLM 4534,8,21,1,3,5,2.625
VFLM 4534,9,16,0,2,6,2.0
VFLM 4534,10,18,0,2,6,2.25
VFLM 4534,11,22,0,2,6,2.75
VFLM 4534,12,24,0,2,6,3.0
VFLM 4534,13,20,0,4,4,2.5
VFLM 4534,14,21,1,3,5,2.625
VFLM 4534,15,16,0,2,6,2.0
VFLM 4534,16,18,0,2,6,2.25
VFLM 4534,17,22,0,2,6,2.75
VFLM 4534,18,16,0,2,6,2.0
VFLM 4534,19,23,1,3,5,2.875
VFLM 4534,20,23,1,5,3,2.875
VFLM 4534,21,16,0,2,6,2.0
VFLM 4534,22,25,1,3,5,3.125
VFLM 4534,23,24,0,2,6,3.0
VFLM 4534,24,20,0,4,4,2.5
VFLM 4534,25,21,1,3,5,2.625
VFLM 4534,26,16,0,2,6,2.0
VFLM 4534,27,25,1,3,5,3.125
VFLM 4534,28,24,0,2,6,3.0
VFLM 4534,29,20,0,4,4,2.5
VFLM 4534,30,21,1,3,5,2.625
VFLM 4535,1,16,0,2,6,2.0
VFLM 4535,2,18,0,2,6,2.25
VFLM 4535,3,22,0,2,6,2.75
VFLM 4535,4,16,0,2,6,2.0
VFLM 4535,5,23,1,3,5,2.875
VFLM 4535,6,23,1,5,3,2.875
VFLM 4535,7,24,0,6,2,3.0
VFLM 4535,8,25,1,3,5,3.125
VFLM 4535,9,24,0,2,6,3.0
VFLM 4535,10,20,0,4,4,2.5
VFLM 4535,11,24,0,6,2,3.0
VFLM 4535,12,25,1,3,5,3.125
VFLM 4535,13,24,0,2,6,3.0
VFLM 4535,14,20,0,4,4,2.5
VFLM 4535,15,21,1,3,5,2.625
VFLM 4535,16,16,0,2,6,2.0
VFLM 4535,17,18,0,2,6,2.25
VFLM 4535,18,22,0,2,6,2.75
VFLM 4535,19,16,0,2,6,2.0
VFLM 4535,20,23,1,3,5,2.875
VFLM 4535,21,24,0,6,2,3.0
VFLM 4535,22,24,0,6,2,3.0
VFLM 4535,23,24,0,6,2,3.0
VFLM 4535,24,25,1,3,5,3.125
VFLM 4535,25,24,0,2,6,3.0
VFLM 4535,26,20,0,4,4,2.5
VFLM 4535,27,21,1,3,5,2.625
VFLM 4535,28,16,0,2,6,2.0
VFLM 4535,29,18,0,2,6,2.25
VFLM 4535,30,22,0,2,6,2.75
VFLM 4536,1,16,0,2,6,2.0
VFLM 4536,2,22,0,4,4,2.75
VFLM 4536,3,24,0,6,2,3.0
VFLM 4536,4,24,0,6,2,3.0
VFLM 4536,5,25,1,3,5,3.125
VFLM 4536,6,24,0,2,6,3.0
VFLM 4536,7,20,0,4,4,2.5
VFLM 4536,8,21,1,3,5,2.625
VFLM 4536,9,16,0,2,6,2.0
VFLM 4536,10,18,0,2,6,2.25
VFLM 4536,11,22,0,2,6,2.75
VFLM 4536,12,22,0,4,4,2.75
VFLM 4536,13,24,0,6,2,3.0
VFLM 4536,14,24,0,6,2,3.0
VFLM 4536,15,25,1,3,5,3.125
VFLM 4536,16,24,0,2,6,3.0
VFLM 4536,17,20,0,4,4,2.5
VFLM 4536,18,21,1,3,5,2.625
VFLM 4536,19,16,0,2,6,2.0
VFLM 4536,20,18,0,2,6,2.25
VFLM 4536,21,22,0,2,6,2.75
VFLM 4536,22,19,1,3,5,2.375
VFLM 4536,23,22,0,4,4,2.75
VFLM 4536,24,24,0,6,2,3.0
VFLM 4536,25,24,0,6,2,3.0
VFLM 4536,26,25,1,3,5,3.125
VFLM 4536,27,24,0,2,6,3.0
VFLM 4536,28,20,0,4,4,2.5
VFLM 4536,29,21,1,3,5,2.625
VFLM 4536,30,16,0,2,6,2.0
VFLM 4537,1,18,0,2,6,2.25
VFLM 4537,2,19,1,3,5,2.375
VFLM 4537,3,22,0,4,4,2.75
VFLM 4537,4,24,0,6,2,3.0
VFLM 4537,5,24,0,6,2,3.0
VFLM 4537,6,25,1,3,5,3.125
VFLM 4537,7,24,0,2,6,3.0
VFLM 4537,8,20,0,4,4,2.5
VFLM 4537,9,21,1,3,5,2.625
VFLM 4537,10,16,0,2,6,2.0
VFLM 4537,11,18,0,2,6,2.25
VFLM 4537,12,15,1,5,3,1.875
VFLM 4537,13,19,1,3,5,2.375
VFLM 4537,14,22,0,4,4,2.75
VFLM 4537,15,24,0,6,2,3.0
VFLM 4537,16,24,0,6,2,3.0
VFLM 4537,17,25,1,3,5,3.125
VFLM 4537,18,24,0,2,6,3.0
VFLM 4537,19,20,0,4,4,2.5
VFLM 4537,20,21,1,3,5,2.625
VFLM 4537,21,16,0,2,6,2.0
VFLM 4537,22,15,1,5,3,1.875
VFLM 4537,23,19,1,3,5,2.375
VFLM 4537,24,22,0,4,4,2.75
VFLM 4537,25,24,0,6,2,3.0
VFLM 4537,26,24,0,6,2,3.0
VFLM 4537,27,25,1,3,5,3.125
VFLM 4537,28,24,0,2,6,3.0
VFLM 4537,29,20,0,4,4,2.5
VFLM 4537,30,21,1,3,5,2.625
VFLM 4538,1,16,0,2,6,2.0
VFLM 4538,2,13,1,3,5,1.625
VFLM 4538,3,15,1,5,3,1.875
VFLM 4538,4,19,1,3,5,2.375
VFLM 4538,5,22,0,4,4,2.75
VFLM 4538,6,24,0,6,2,3.0
VFLM 4538,7,24,0,6,2,3.0
VFLM 4538,8,25,1,3,5,3.125
VFLM 4538,9,24,0,2,6,3.0
VFLM 4538,10,20,0,4,4,2.5
VFLM 4538,11,21,1,3,5,2.625
VFLM 4538,12,13,1,3,5,1.625
VFLM 4538,13,15,1,5,3,1.875
VFLM 4538,14,19,1,3,5,2.375
VFLM 4538,15,22,0,4,4,2.75
VFLM 4538,16,24,0,6,2,3.0
VFLM 4538,17,24,0,6,2,3.0
VFLM 4538,18,25,1,3,5,3.125
VFLM 4538,19,24,0,2,6,3.0
VFLM 4538,20,20,0,4,4,2.5
VFLM 4538,21,21,1,3,5,2.625
VFLM 4538,22,13,1,3,5,1.625
VFLM 4538,23,15,1,5,3,1.875
VFLM 4538,24,19,1,3,5,2.375
VFLM 4538,25,22,0,4,4,2.75
VFLM 4538,26,24,0,6,2,3.0
VFLM 4538,27,24,0,6,2,3.0
VFLM 4538,28,25,1,3,5,3.125
VFLM 4538,29,24,0,2,6,3.0
VFLM 4538,30,20,0,4,4,2.5
VFLM 4539,1,21,1,3,5,2.625
VFLM 4539,2,23,1,5,3,2.875
VFLM 4539,3,13,1,3,5,1.625
VFLM 4539,4,15,1,5,3,1.875
VFLM 4539,5,19,1,3,5,2.375
VFLM 4539,6,22,0,4,4,2.75
VFLM 4539,7,24,0,6,2,3.0
VFLM 4539,8,23,1,5,3,2.875
VFLM 4539,9,13,1,3,5,1.625
VFLM 4539,10,15,1,5,3,1.875
VFLM 4539,11,19,1,3,5,2.375
VFLM 4539,12,22,0,4,4,2.75
VFLM 4539,13,24,0,6,2,3.0
VFLM 4539,14,24,0,6,2,3.0
VFLM 4539,15,25,1,3,5,3.125
VFLM 4539,16,24,0,2,6,3.0
VFLM 4539,17,20,0,4,4,2.5
VFLM 4539,18,17,1,7,1,2.125
VFLM 4539,19,23,1,5,3,2.875
VFLM 4539,20,13,1,3,5,1.625
VFLM 4539,21,15,1,5,3,1.875
VFLM 4539,22,17,1,7,1,2.125
VFLM 4539,23,23,1,5,3,2.875
VFLM 4539,24,13,1,3,5,1.625
VFLM 4539,25,15,1,5,3,1.875
VFLM 4539,26,19,1,3,5,2.375
VFLM 4539,27,22,0,4,4,2.75
VFLM 4539,28,24,0,6,2,3.0
VFLM 4539,29,24,0,6,2,3.0
VFLM 4539,30,25,1,3,5,3.125
VFLM 4540,1,24,0,2,6,3.0
VFLM 4540,2,20,0,4,4,2.5
VFLM 4540,3,17,1,7,1,2.125
VFLM 4540,4,23,1,5,3,2.875
VFLM 4540,5,13,1,3,5,1.625
VFLM 4540,6,15,1,5,3,1.875
VFLM 4540,7,20,0,4,4,2.5
VFLM 4540,8,17,1,7,1,2.125
VFLM 4540,9,23,1,5,3,2.875
VFLM 4540,10,13,1,3,5,1.625
VFLM 4540,11,15,1,5,3,1.875
VFLM 4540,12,19,1,3,5,2.375
VFLM 4540,13,22,0,4,4,2.75
VFLM 4540,14,24,0,6,2,3.0
VFLM 4540,15,24,0,6,2,3.0
VFLM 4540,16,25,1,3,5,3.125
VFLM 4540,17,23,1,5,3,2.875
VFLM 4540,18,20,0,4,4,2.5
VFLM 4540,19,17,1,7,1,2.125
VFLM 4540,20,23,1,5,3,2.875
VFLM 4540,21,13,1,3,5,1.625
VFLM 4540,22,15,1,5,3,1.875
VFLM 4540,23,19,1,3,5,2.375
VFLM 4540,24,22,0,4,4,2.75
VFLM 4540,25,24,0,6,2,3.0
VFLM 4540,26,24,0,6,2,3.0
VFLM 4540,27,18,0,6,2,2.25
VFLM 4540,28,23,1,5,3,2.875
VFLM 4540,29,20,0,4,4,2.5
VFLM 4540,30,17,1,7,1,2.125
VFLM 4541,1,23,1,5,3,2.875
VFLM 4541,2,13,1,3,5,1.625
VFLM 4541,3,15,1,5,3,1.875
VFLM 4541,4,19,1,3,5,2.375
VFLM 4541,5,22,0,4,4,2.75
VFLM 4541,6,24,0,6,2,3.0
VFLM 4541,7,12,0,4,4,1.5
VFLM 4541,8,18,0,6,2,2.25
VFLM 4541,9,23,1,5,3,2.875
VFLM 4541,10,20,0,4,4,2.5
VFLM 4541,11,17,1,7,1,2.125
VFLM 4541,12,23,1,5,3,2.875
VFLM 4541,13,13,1,3,5,1.625
VFLM 4541,14,15,1,5,3,1.875
VFLM 4541,15,19,1,3,5,2.375
VFLM 4541,16,22,0,4,4,2.75
VFLM 4541,17,25,1,5,3,3.125
VFLM 4541,18,12,0,4,4,1.5
VFLM 4541,19,18,0,6,2,2.25
VFLM 4541,20,23,1,5,3,2.875
VFLM 4541,21,20,0,4,4,2.5
VFLM 4541,22,17,1,7,1,2.125
VFLM 4541,23,23,1,5,3,2.875
VFLM 4541,24,13,1,3,5,1.625
VFLM 4541,25,15,1,5,3,1.875
VFLM 4541,26,19,1,3,5,2.375
VFLM 4541,27,18,0,2,6,2.25
VFLM 4541,28,24,0,4,4,3.0
VFLM 4541,29,25,1,5,3,3.125
VFLM 4541,30,12,0,4,4,1.5
VFLM 4542,1,18,0,6,2,2.25
VFLM 4542,2,23,1,5,3,2.875
VFLM 4542,3,20,0,4,4,2.5
VFLM 4542,4,17,1,7,1,2.125
VFLM 4542,5,23,1,5,3,2.875
VFLM 4542,6,13,1,3,5,1.625
VFLM 4542,7,13,1,3,5,1.625
VFLM 4542,8,18,0,2,6,2.25
VFLM 4542,9,24,0,4,4,3.0
VFLM 4542,10,25,1,5,3,3.125
VFLM 4542,11,12,0,4,4,1.5
VFLM 4542,12,18,0,6,2,2.25
VFLM 4542,13,23,1,5,3,2.875
VFLM 4542,14,20,0,4,4,2.5
VFLM 4542,15,17,1,7,1,2.125
VFLM 4542,16,23,1,5,3,2.875
VFLM 4542,17,29,1,5,3,3.625
VFLM 4542,18,13,1,3,5,1.625
VFLM 4542,19,18,0,2,6,2.25
VFLM 4542,20,24,0,4,4,3.0
VFLM 4542,21,25,1,5,3,3.125
VFLM 4542,22,12,0,4,4,1.5
VFLM 4542,23,18,0,6,2,2.25
VFLM 4542,24,23,1,5,3,2.875
VFLM 4542,25,20,0,4,4,2.5
VFLM 4542,26,17,1,7,1,2.125
VFLM 4542,27,19,1,7,1,2.375
VFLM 4542,28,29,1,5,3,3.625
VFLM 4542,29,13,1,3,5,1.625
VFLM 4542,30,18,0,2,6,2.25
VFLM 4543,1,24,0,4,4,3.0
VFLM 4543,2,25,1,5,3,3.125
VFLM 4543,3,12,0,4,4,1.5
VFLM 4543,4,18,0,6,2,2.25
VFLM 4543,5,23,1,5,3,2.875
VFLM 4543,6,20,0,4,4,2.5
VFLM 4543,7,25,1,5,3,3.125
VFLM 4543,8,19,1,7,1,2.375
VFLM 4543,9,29,1,5,3,3.625
VFLM 4543,10,13,1,3,5,1.625
VFLM 4543,11,18,0,2,6,2.25
VFLM 4543,12,24,0,4,4,3.0
VFLM 4543,13,25,1,5,3,3.125
VFLM 4543,14,12,0,4,4,1.5
VFLM 4543,15,18,0,6,2,2.25
VFLM 4543,16,23,1,5,3,2.875
VFLM 4543,17,23,1,3,5,2.875
VFLM 4543,18,25,1,5,3,3.125
VFLM 4543,19,19,1,7,1,2.375
VFLM 4543,20,23,1,3,5,2.875
VFLM 4543,21,25,1,5,3,3.125
VFLM 4543,22,19,1,7,1,2.375
VFLM 4543,23,29,1,5,3,3.625
VFLM 4543,24,13,1,3,5,1.625
VFLM 4543,25,18,0,2,6,2.25
VFLM 4543,26,24,0,4,4,3.0
VFLM 4543,27,25,1,5,3,3.125
VFLM 4543,28,12,0,4,4,1.5
VFLM 4543,29,18,0,6,2,2.25
VFLM 4543,30,28,0,6,2,3.5
VFLM 4544,1,23,1,3,5,2.875
VFLM 4544,2,25,1,5,3,3.125
VFLM 4544,3,19,1,7,1,2.375
VFLM 4544,4,29,1,5,3,3.625
VFLM 4544,5,13,1,3,5,1.625
VFLM 4544,6,18,0,2,6,2.25
VFLM 4544,7,24,0,4,4,3.0
VFLM 4544,8,25,1,5,3,3.125
VFLM 4544,9,12,0,4,4,1.5
VFLM 4544,10,28,0,6,2,3.5
VFLM 4544,11,23,1,3,5,2.875
VFLM 4544,12,25,1,5,3,3.125
VFLM 4544,13,19,1,7,1,2.375
VFLM 4544,14,29,1,5,3,3.625
VFLM 4544,15,13,1,3,5,1.625
VFLM 4544,16,18,0,2,6,2.25
VFLM 4544,17,24,0,4,4,3.0
VFLM 4544,18,25,1,5,3,3.125
VFLM 4544,19,12,0,4,4,1.5
VFLM 4544,20,13,1,3,5,1.625
VFLM 4544,21,28,0,6,2,3.5
VFLM 4544,22,23,1,3,5,2.875
VFLM 4544,23,25,1,5,3,3.125
VFLM 4544,24,19,1,7,1,2.375
VFLM 4544,25,29,1,5,3,3.625
VFLM 4544,26,13,1,3,5,1.625
VFLM 4544,27,18,0,2,6,2.25
VFLM 4544,28,24,0,4,4,3.0
VFLM 4544,29,25,1,5,3,3.125
VFLM 4544,30,13,1,3,5,1.625
VFLM 4545,1,28,0,6,2,3.5
VFLM 4545,2,23,1,3,5,2.875
VFLM 4545,3,25,1,5,3,3.125
VFLM 4545,4,19,1,7,1,2.375
VFLM 4545,5,29,1,5,3,3.625
VFLM 4545,6,13,1,3,5,1.625
VFLM 4545,7,18,0,2,6,2.25
VFLM 4545,8,24,0,4,4,3.0
VFLM 4545,9,25,1,5,3,3.125
VFLM 4545,10,13,1,3,5,1.625
VFLM 4545,11,28,0,6,2,3.5
VFLM 4545,12,23,1,3,5,2.875
VFLM 4545,13,25,1,5,3,3.125
VFLM 4545,14,19,1,7,1,2.375
VFLM 4545,15,29,1,5,3,3.625
VFLM 4545,16,13,1,3,5,1.625
VFLM 4545,17,18,0,2,6,2.25
VFLM 4545,18,24,0,4,4,3.0
VFLM 4545,19,25,1,5,3,3.125
VFLM 4545,20,16,0,4,4,2.0
VFLM 4545,21,13,1,3,5,1.625
VFLM 4545,22,28,0,6,2,3.5
VFLM 4545,23,23,1,3,5,2.875
VFLM 4545,24,25,1,5,3,3.125
VFLM 4545,25,19,1,7,1,2.375
VFLM 4545,26,29,1,5,3,3.625
VFLM 4545,27,13,1,3,5,1.625
VFLM 4545,28,18,0,2,6,2.25
VFLM 4545,29,24,0,4,4,3.0
VFLM 4545,30,16,0,4,4,2.0
VFLM 4546,1,13,1,3,5,1.625
VFLM 4546,2,28,0,6,2,3.5
VFLM 4546,3,23,1,3,5,2.875
VFLM 4546,4,25,1,5,3,3.125
VFLM 4546,5,19,1,7,1,2.375
VFLM 4546,6,29,1,5,3,3.625
VFLM 4546,7,13,1,3,5,1.625
VFLM 4546,8,18,0,2,6,2.25
VFLM 4546,9,24,0,4,4,3.0
VFLM 4546,10,25,1,5,3,3.125
VFLM 4546,11,16,0,4,4,2.0
VFLM 4546,12,13,1,3,5,1.625
VFLM 4546,13,28,0,6,2,3.5
VFLM 4546,14,23,1,3,5,2.875
VFLM 4546,15,25,1,5,3,3.125
VFLM 4546,16,19,1,7,1,2.375
VFLM 4546,17,29,1,5,3,3.625
VFLM 4546,18,13,1,3,5,1.625
VFLM 4546,19,18,0,2,6,2.25
VFLM 4546,20,25,1,5,3,3.125
VFLM 4546,21,16,0,4,4,2.0
VFLM 4546,22,13,1,3,5,1.625
VFLM 4546,23,28,0,6,2,3.5
VFLM 4546,24,23,1,3,5,2.875
VFLM 4546,25,25,1,5,3,3.125
VFLM 4546,26,19,1,7,1,2.375
VFLM 4546,27,29,1,5,3,3.625
VFLM 4546,28,13,1,3,5,1.625
VFLM 4546,29,18,0,2,6,2.25
VFLM 4546,30,19,1,5,3,2.375
VFLM 4547,1,25,1,5,3,3.125
VFLM 4547,2,16,0,4,4,2.0
VFLM 4547,3,13,1,3,5,1.625
VFLM 4547,4,28,0,6,2,3.5
VFLM 4547,5,23,1,3,5,2.875
VFLM 4547,6,25,1,5,3,3.125
VFLM 4547,7,19,1,7,1,2.375
VFLM 4547,8,29,1,5,3,3.625
VFLM 4547,9,13,1,3,5,1.625
VFLM 4547,10,19,1,5,3,2.375
VFLM 4547,11,25,1,5,3,3.125
VFLM 4547,12,16,0,4,4,2.0
VFLM 4547,13,13,1,3,5,1.625
VFLM 4547,14,28,0,6,2,3.5
VFLM 4547,15,23,1,3,5,2.875
VFLM 4547,16,25,1,5,3,3.125
VFLM 4547,17,19,1,7,1,2.375
VFLM 4547,18,29,1,5,3,3.625
VFLM 4547,19,13,1,3,5,1.625
VFLM 4547,20,14,0,4,4,1.75
VFLM 4547,21,19,1,5,3,2.375
VFLM 4547,22,25,1,5,3,3.125
VFLM 4547,23,16,0,4,4,2.0
VFLM 4547,24,13,1,3,5,1.625
VFLM 4547,25,28,0,6,2,3.5
VFLM 4547,26,25,1,5,3,3.125
VFLM 4547,27,14,0,4,4,1.75
VFLM 4547,28,19,1,5,3,2.375
VFLM 4547,29,25,1,5,3,3.125
VFLM 4547,30,16,0,4,4,2.0
VFLM 4548,1,13,1,3,5,1.625
VFLM 4548,2,28,0,6,2,3.5
VFLM 4548,3,23,1,3,5,2.875
VFLM 4548,4,25,1,5,3,3.125
VFLM 4548,5,19,1,7,1,2.375
VFLM 4548,6,25,1,5,3,3.125
VFLM 4548,7,14,0,4,4,1.75
VFLM 4548,8,19,1,5,3,2.375
VFLM 4548,9,25,1,5,3,3.125
VFLM 4548,10,16,0,4,4,2.0
VFLM 4548,11,13,1,3,5,1.625
VFLM 4548,12,28,0,6,2,3.5
VFLM 4548,13,25,1,5,3,3.125
VFLM 4548,14,14,0,4,4,1.75
VFLM 4548,15,19,1,5,3,2.375
VFLM 4548,16,25,1,5,3,3.125
VFLM 4548,17,16,0,4,4,2.0
VFLM 4548,18,13,1,3,5,1.625
VFLM 4548,19,28,0,6,2,3.5
VFLM 4548,20,23,1,3,5,2.875
VFLM 4548,21,25,1,5,3,3.125
VFLM 4548,22,19,1,7,1,2.375
VFLM 4548,23,16,0,4,4,2.0
VFLM 4548,24,25,1,5,3,3.125
VFLM 4548,25,14,0,4,4,1.75
VFLM 4548,26,19,1,5,3,2.375
VFLM 4548,27,25,1,5,3,3.125
VFLM 4548,28,16,0,4,4,2.0
VFLM 4548,29,13,1,3,5,1.625
VFLM 4548,30,19,1,3,5,2.375
VFLM 4549,1,16,0,4,4,2.0
VFLM 4549,2,25,1,5,3,3.125
VFLM 4549,3,14,0,4,4,1.75
VFLM 4549,4,19,1,5,3,2.375
VFLM 4549,5,25,1,5,3,3.125
VFLM 4549,6,16,0,4,4,2.0
VFLM 4549,7,13,1,3,5,1.625
VFLM 4549,8,28,0,6,2,3.5
VFLM 4549,9,23,1,3,5,2.875
VFLM 4549,10,16,0,2,6,2.0
VFLM 4549,11,19,1,3,5,2.375
VFLM 4549,12,16,0,4,4,2.0
VFLM 4549,13,25,1,5,3,3.125
VFLM 4549,14,14,0,4,4,1.75
VFLM 4549,15,19,1,5,3,2.375
VFLM 4549,16,25,1,5,3,3.125
VFLM 4549,17,16,0,4,4,2.0
VFLM 4549,18,13,1,3,5,1.625
VFLM 4549,19,28,0,6,2,3.5
VFLM 4549,20,13,1,5,3,1.625
VFLM 4549,21,16,0,2,6,2.0
VFLM 4549,22,19,1,3,5,2.375
VFLM 4549,23,16,0,4,4,2.0
VFLM 4549,24,25,1,5,3,3.125
VFLM 4549,25,14,0,4,4,1.75
VFLM 4549,26,19,1,5,3,2.375
VFLM 4549,27,25,1,5,3,3.125
VFLM 4549,28,16,0,4,4,2.0
VFLM 4549,29,13,1,3,5,1.625
VFLM 4549,30,18,0,6,2,2.25
VFLM 4550,1,13,1,5,3,1.625
VFLM 4550,2,16,0,2,6,2.0
VFLM 4550,3,19,1,3,5,2.375
VFLM 4550,4,16,0,4,4,2.0
VFLM 4550,5,25,1,5,3,3.125
VFLM 4550,6,14,0,4,4,1.75
VFLM 4550,7,19,1,5,3,2.375
VFLM 4550,8,25,1,5,3,3.125
VFLM 4550,9,16,0,4,4,2.0
VFLM 4550,10,18,0,4,4,2.25
VFLM 4550,11,18,0,6,2,2.25
VFLM 4550,12,13,1,5,3,1.625
VFLM 4550,13,16,0,2,6,2.0
VFLM 4550,14,19,1,3,5,2.375
VFLM 4550,15,16,0,4,4,2.0
VFLM 4550,16,25,1,5,3,3.125
VFLM 4550,17,14,0,4,4,1.75
VFLM 4550,18,19,1,5,3,2.375
VFLM 4550,19,25,1,5,3,3.125
VFLM 4550,20,19,1,3,5,2.375
VFLM 4550,21,18,0,4,4,2.25
VFLM 4550,22,18,0,6,2,2.25
VFLM 4550,23,13,1,5,3,1.625
VFLM 4550,24,16,0,2,6,2.0
VFLM 4550,25,19,1,3,5,2.375
VFLM 4550,26,16,0,4,4,2.0
VFLM 4550,27,25,1,5,3,3.125
VFLM 4550,28,14,0,4,4,1.75
VFLM 4550,29,19,1,5,3,2.375
VFLM 4550,30,24,0,2,6,3.0
VFLM 4551,1,19,1,3,5,2.375
VFLM 4551,2,18,0,4,4,2.25
VFLM 4551,3,18,0,6,2,2.25
VFLM 4551,4,13,1,5,3,1.625
VFLM 4551,5,16,0,2,6,2.0
VFLM 4551,6,19,1,3,5,2.375
VFLM 4551,7,16,0,4,4,2.0
VFLM 4551,8,25,1,5,3,3.125
VFLM 4551,9,14,0,4,4,1.75
VFLM 4551,10,19,1,5,3,2.375
VFLM 4551,11,24,0,2,6,3.0
VFLM 4551,12,19,1,3,5,2.375
VFLM 4551,13,18,0,4,4,2.25
VFLM 4551,14,19,1,5,3,2.375
VFLM 4551,15,24,0,2,6,3.0
VFLM 4551,16,19,1,3,5,2.375
VFLM 4551,17,18,0,4,4,2.25
VFLM 4551,18,18,0,6,2,2.25
VFLM 4551,19,13,1,5,3,1.625
VFLM 4551,20,16,0,2,6,2.0
VFLM 4551,21,19,1,3,5,2.375
VFLM 4551,22,16,0,4,4,2.0
VFLM 4551,23,25,1,5,3,3.125
VFLM 4551,24,19,1,5,3,2.375
VFLM 4551,25,24,0,2,6,3.0
VFLM 4551,26,19,1,3,5,2.375
VFLM 4551,27,18,0,4,4,2.25
VFLM 4551,28,18,0,6,2,2.25
VFLM 4551,29,13,1,5,3,1.625
VFLM 4551,30,16,0,2,6,2.0
VFLM 4552,1,19,1,3,5,2.375
VFLM 4552,2,16,0,4,4,2.0
VFLM 4552,3,25,1,5,3,3.125
VFLM 4552,4,19,1,5,3,2.375
VFLM 4552,5,24,0,2,6,3.0
VFLM 4552,6,19,1,3,5,2.375
VFLM 4552,7,18,0,4,4,2.25
VFLM 4552,8,18,0,6,2,2.25
VFLM 4552,9,13,1,5,3,1.625
VFLM 4552,10,16,0,2,6,2.0
VFLM 4552,11,19,1,3,5,2.375
VFLM 4552,12,16,0,4,4,2.0
VFLM 4552,13,25,1,5,3,3.125
VFLM 4552,14,29,1,3,5,3.625
VFLM 4552,15,19,1,5,3,2.375
VFLM 4552,16,24,0,2,6,3.0
VFLM 4552,17,19,1,3,5,2.375
VFLM 4552,18,18,0,4,4,2.25
VFLM 4552,19,18,0,6,2,2.25
VFLM 4552,20,13,1,5,3,1.625
VFLM 4552,21,16,0,2,6,2.0
VFLM 4552,22,19,1,3,5,2.375
VFLM 4552,23,16,0,4,4,2.0
VFLM 4552,24,29,1,3,5,3.625
VFLM 4552,25,19,1,5,3,2.375
VFLM 4552,26,24,0,2,6,3.0
VFLM 4552,27,19,1,3,5,2.375
VFLM 4552,28,18,0,4,4,2.25
VFLM 4552,29,18,0,6,2,2.25
VFLM 4552,30,13,1,5,3,1.625
VFLM 4553,1,16,0,2,6,2.0
VFLM 4553,2,19,1,3,5,2.375
VFLM 4553,3,16,0,4,4,2.0
VFLM 4553,4,9,1,3,5,1.125
VFLM 4553,5,29,1,3,5,3.625
VFLM 4553,6,19,1,5,3,2.375
VFLM 4553,7,24,0,2,6,3.0
VFLM 4553,8,19,1,3,5,2.375
VFLM 4553,9,18,0,4,4,2.25
VFLM 4553,10,18,0,6,2,2.25
VFLM 4553,11,13,1,5,3,1.625
VFLM 4553,12,16,0,2,6,2.0
VFLM 4553,13,19,1,3,5,2.375
VFLM 4553,14,9,1,3,5,1.125
VFLM 4553,15,29,1,3,5,3.625
VFLM 4553,16,19,1,5,3,2.375
VFLM 4553,17,24,0,2,6,3.0
VFLM 4553,18,19,1,3,5,2.375
VFLM 4553,19,18,0,4,4,2.25
VFLM 4553,20,18,0,6,2,2.25
VFLM 4553,21,13,1,5,3,1.625
VFLM 4553,22,16,0,2,6,2.0
VFLM 4553,23,19,1,3,5,2.375
VFLM 4553,24,23,1,3,5,2.875
VFLM 4553,25,9,1,3,5,1.125
VFLM 4553,26,29,1,3,5,3.625
VFLM 4553,27,19,1,5,3,2.375
VFLM 4553,28,24,0,2,6,3.0
VFLM 4553,29,19,1,3,5,2.375
VFLM 4553,30,18,0,4,4,2.25
VFLM 4554,1,18,0,6,2,2.25
VFLM 4554,2,13,1,5,3,1.625
VFLM 4554,3,16,0,2,6,2.0
VFLM 4554,4,23,1,3,5,2.875
VFLM 4554,5,9,1,3,5,1.125
VFLM 4554,6,29,1,3,5,3.625
VFLM 4554,7,19,1,5,3,2.375
VFLM 4554,8,24,0,2,6,3.0
VFLM 4554,9,19,1,3,5,2.375
VFLM 4554,10,18,0,4,4,2.25
VFLM 4554,11,18,0,6,2,2.25
VFLM 4554,12,13,1,5,3,1.625
VFLM 4554,13,16,0,2,6,2.0
VFLM 4554,14,20,0,6,2,2.5
VFLM 4554,15,23,1,3,5,2.875
VFLM 4554,16,9,1,3,5,1.125
VFLM 4554,17,29,1,3,5,3.625
VFLM 4554,18,19,1,5,3,2.375
VFLM 4554,19,24,0,2,6,3.0
VFLM 4554,20,19,1,3,5,2.375
VFLM 4554,21,18,0,4,4,2.25
VFLM 4554,22,18,0,6,2,2.25
VFLM 4554,23,13,1,5,3,1.625
VFLM 4554,24,20,0,6,2,2.5
VFLM 4554,25,23,1,3,5,2.875
VFLM 4554,26,9,1,3,5,1.125
VFLM 4554,27,29,1,3,5,3.625
VFLM 4554,28,19,1,5,3,2.375
VFLM 4554,29,24,0,2,6,3.0
VFLM 4554,30,19,1,3,5,2.375
VFLM 4555,1,18,0,4,4,2.25
VFLM 4555,2,18,0,6,2,2.25
VFLM 4555,3,13,1,5,3,1.625
VFLM 4555,4,21,1,3,5,2.625
VFLM 4555,5,20,0,6,2,2.5
VFLM 4555,6,23,1,3,5,2.875
VFLM 4555,7,9,1,3,5,1.125
VFLM 4555,8,29,1,3,5,3.625
VFLM 4555,9,19,1,5,3,2.375
VFLM 4555,10,24,0,2,6,3.0
VFLM 4555,11,19,1,3,5,2.375
VFLM 4555,12,18,0,4,4,2.25
VFLM 4555,13,18,0,6,2,2.25
VFLM 4555,14,21,1,3,5,2.625
VFLM 4555,15,20,0,6,2,2.5
VFLM 4555,16,23,1,3,5,2.875
VFLM 4555,17,9,1,3,5,1.125
VFLM 4555,18,29,1,3,5,3.625
VFLM 4555,19,19,1,5,3,2.375
VFLM 4555,20,24,0,2,6,3.0
VFLM 4555,21,19,1,3,5,2.375
VFLM 4555,22,18,0,4,4,2.25
VFLM 4555,23,18,0,6,2,2.25
VFLM 4555,24,25,1,1,7,3.125
VFLM 4555,25,21,1,3,5,2.625
VFLM 4555,26,20,0,6,2,2.5
VFLM 4555,27,23,1,3,5,2.875
VFLM 4555,28,9,1,3,5,1.125
VFLM 4555,29,29,1,3,5,3.625
VFLM 4555,30,19,1,5,3,2.375
VFLM 4556,1,24,0,2,6,3.0
VFLM 4556,2,19,1,3,5,2.375
VFLM 4556,3,18,0,4,4,2.25
VFLM 4556,4,25,1,1,7,3.125
VFLM 4556,5,21,1,3,5,2.625
VFLM 4556,6,20,0,6,2,2.5
VFLM 4556,7,23,1,3,5,2.875
VFLM 4556,8,9,1,3,5,1.125
VFLM 4556,9,29,1,3,5,3.625
VFLM 4556,10,19,1,5,3,2.375
VFLM 4556,11,24,0,2,6,3.0
VFLM 4556,12,19,1,3,5,2.375
VFLM 4556,13,27,1,3,5,3.375
VFLM 4556,14,25,1,1,7,3.125
VFLM 4556,15,21,1,3,5,2.625
VFLM 4556,16,20,0,6,2,2.5
VFLM 4556,17,23,1,3,5,2.875
VFLM 4556,18,9,1,3,5,1.125
VFLM 4556,19,29,1,3,5,3.625
VFLM 4556,20,19,1,5,3,2.375
VFLM 4556,21,24,0,2,6,3.0
VFLM 4556,22,19,1,3,5,2.375
VFLM 4556,23,20,0,2,6,2.5
VFLM 4556,24,27,1,3,5,3.375
VFLM 4556,25,25,1,1,7,3.125
VFLM 4556,26,21,1,3,5,2.625
VFLM 4556,27,20,0,6,2,2.5
VFLM 4556,28,23,1,3,5,2.875
VFLM 4556,29,9,1,3,5,1.125
VFLM 4556,30,20,0,2,6,2.5
VFLM 4557,1,27,1,3,5,3.375
VFLM 4557,2,25,1,1,7,3.125
VFLM 4557,3,21,1,3,5,2.625
VFLM 4557,4,20,0,6,2,2.5
VFLM 4557,5,23,1,3,5,2.875
VFLM 4557,6,9,1,3,5,1.125
VFLM 4557,7,29,1,3,5,3.625
VFLM 4557,8,19,1,5,3,2.375
VFLM 4557,9,24,0,2,6,3.0
VFLM 4557,10,17,1,5,3,2.125
VFLM 4557,11,17,1,5,3,2.125
VFLM 4557,12,20,0,2,6,2.5
VFLM 4557,13,27,1,3,5,3.375
VFLM 4557,14,25,1,1,7,3.125
VFLM 4557,15,21,1,3,5,2.625
VFLM 4557,16,20,0,6,2,2.5
VFLM 4557,17,23,1,3,5,2.875
VFLM 4557,18,9,1,3,5,1.125
VFLM 4557,19,29,1,3,5,3.625
VFLM 4557,20,19,1,5,3,2.375
VFLM 4557,21,30,0,4,4,3.75
VFLM 4557,22,17,1,5,3,2.125
VFLM 4557,23,20,0,2,6,2.5
VFLM 4557,24,27,1,3,5,3.375
VFLM 4557,25,25,1,1,7,3.125
VFLM 4557,26,21,1,3,5,2.625
VFLM 4557,27,20,0,6,2,2.5
VFLM 4557,28,23,1,3,5,2.875
VFLM 4557,29,9,1,3,5,1.125
VFLM 4557,30,29,1,3,5,3.625
VFLM 4558,1,21,1,5,3,2.625
VFLM 4558,2,30,0,4,4,3.75
VFLM 4558,3,17,1,5,3,2.125
VFLM 4558,4,20,0,2,6,2.5
VFLM 4558,5,27,1,3,5,3.375
VFLM 4558,6,25,1,1,7,3.125
VFLM 4558,7,21,1,3,5,2.625
VFLM 4558,8,20,0,6,2,2.5
VFLM 4558,9,23,1,3,5,2.875
VFLM 4558,10,9,1,3,5,1.125
VFLM 4558,11,23,1,5,3,2.875
VFLM 4558,12,21,1,5,3,2.625
VFLM 4558,13,30,0,4,4,3.75
VFLM 4558,14,17,1,5,3,2.125
VFLM 4558,15,20,0,2,6,2.5
VFLM 4558,16,27,1,3,5,3.375
VFLM 4558,17,25,1,1,7,3.125
VFLM 4558,18,21,1,3,5,2.625
VFLM 4558,19,20,0,6,2,2.5
VFLM 4558,20,23,1,3,5,2.875
VFLM 4558,21,26,0,4,4,3.25
VFLM 4558,22,23,1,5,3,2.875
VFLM 4558,23,21,1,5,3,2.625
VFLM 4558,24,30,0,4,4,3.75
VFLM 4558,25,17,1,5,3,2.125
VFLM 4558,26,20,0,2,6,2.5
VFLM 4558,27,27,1,3,5,3.375
VFLM 4558,28,25,1,1,7,3.125
VFLM 4558,29,21,1,3,5,2.625
VFLM 4558,30,20,0,6,2,2.5
VFLM 4559,1,21,1,7,1,2.625
VFLM 4559,2,26,0,4,4,3.25
VFLM 4559,3,23,1,5,3,2.875
VFLM 4559,4,21,1,5,3,2.625
VFLM 4559,5,30,0,4,4,3.75
VFLM 4559,6,17,1,5,3,2.125
VFLM 4559,7,20,0,2,6,2.5
VFLM 4559,8,27,1,3,5,3.375
VFLM 4559,9,25,1,1,7,3.125
VFLM 4559,10,21,1,3,5,2.625
VFLM 4559,11,30,0,4,4,3.75
VFLM 4559,12,21,1,7,1,2.625
VFLM 4559,13,26,0,4,4,3.25
VFLM 4559,14,23,1,5,3,2.875
VFLM 4559,15,30,0,4,4,3.75
VFLM 4559,16,21,1,7,1,2.625
VFLM 4559,17,26,0,4,4,3.25
VFLM 4559,18,23,1,5,3,2.875
VFLM 4559,19,21,1,5,3,2.625
VFLM 4559,20,30,0,4,4,3.75
VFLM 4559,21,17,1,5,3,2.125
VFLM 4559,22,20,0,2,6,2.5
VFLM 4559,23,27,1,3,5,3.375
VFLM 4559,24,25,1,1,7,3.125
VFLM 4559,25,16,0,2,6,2.0
VFLM 4559,26,30,0,4,4,3.75
VFLM 4559,27,21,1,7,1,2.625
VFLM 4559,28,26,0,4,4,3.25
VFLM 4559,29,16,0,2,6,2.0
VFLM 4559,30,30,0,4,4,3.75
VFLM 4560,1,21,1,7,1,2.625
VFLM 4560,2,26,0,4,4,3.25
VFLM 4560,3,23,1,5,3,2.875
VFLM 4560,4,21,1,5,3,2.625
VFLM 4560,5,30,0,4,4,3.75
VFLM 4560,6,17,1,5,3,2.125
VFLM 4560,7,20,0,2,6,2.5
VFLM 4560,8,27,1,3,5,3.375
VFLM 4560,9,18,0,4,4,2.25
VFLM 4560,10,16,0,2,6,2.0
VFLM 4560,11,30,0,4,4,3.75
VFLM 4560,12,21,1,7,1,2.625
VFLM 4560,13,26,0,4,4,3.25
VFLM 4560,14,23,1,5,3,2.875
VFLM 4560,15,21,1,5,3,2.625
VFLM 4560,16,30,0,4,4,3.75
VFLM 4560,17,17,1,5,3,2.125
VFLM 4560,18,18,0,4,4,2.25
VFLM 4560,19,16,0,2,6,2.0
VFLM 4560,20,30,0,4,4,3.75
VFLM 4560,21,21,1,7,1,2.625
VFLM 4560,22,26,0,4,4,3.25
VFLM 4560,23,23,1,5,3,2.875
VFLM 4560,24,21,1,5,3,2.625
VFLM 4560,25,30,0,4,4,3.75
VFLM 4560,26,17,1,5,3,2.125
VFLM 4560,27,20,0,2,6,2.5
VFLM 4560,28,20,0,4,4,2.5
VFLM 4560,29,18,0,4,4,2.25
VFLM 4560,30,16,0,2,6,2.0
VFLM 4561,1,30,0,4,4,3.75
VFLM 4561,2,21,1,7,1,2.625
VFLM 4561,3,26,0,4,4,3.25
VFLM 4561,4,23,1,5,3,2.875
VFLM 4561,5,21,1,5,3,2.625
VFLM 4561,6,30,0,4,4,3.75
VFLM 4561,7,17,1,5,3,2.125
VFLM 4561,8,20,0,4,4,2.5
VFLM 4561,9,18,0,4,4,2.25
VFLM 4561,10,16,0,2,6,2.0
VFLM 4561,11,30,0,4,4,3.75
VFLM 4561,12,21,1,7,1,2.625
VFLM 4561,13,26,0,4,4,3.25
VFLM 4561,14,23,1,5,3,2.875
VFLM 4561,15,21,1,5,3,2.625
VFLM 4561,16,30,0,4,4,3.75
VFLM 4561,17,17,1,5,3,2.125
VFLM 4561,18,14,0,4,4,1.75
VFLM 4561,19,20,0,4,4,2.5
VFLM 4561,20,18,0,4,4,2.25
VFLM 4561,21,16,0,2,6,2.0
VFLM 4561,22,30,0,4,4,3.75
VFLM 4561,23,21,1,7,1,2.625
VFLM 4561,24,26,0,4,4,3.25
VFLM 4561,25,23,1,5,3,2.875
VFLM 4561,26,21,1,5,3,2.625
VFLM 4561,27,30,0,4,4,3.75
VFLM 4561,28,14,0,4,4,1.75
VFLM 4561,29,20,0,4,4,2.5
VFLM 4561,30,18,0,4,4,2.25
VFLM 4562,1,16,0,2,6,2.0
VFLM 4562,2,30,0,4,4,3.75
VFLM 4562,3,21,1,7,1,2.625
VFLM 4562,4,26,0,4,4,3.25
VFLM 4562,5,23,1,5,3,2.875
VFLM 4562,6,21,1,5,3,2.625
VFLM 4562,7,30,0,4,4,3.75
VFLM 4562,8,20,0,6,2,2.5
VFLM 4562,9,14,0,4,4,1.75
VFLM 4562,10,20,0,4,4,2.5
VFLM 4562,11,18,0,4,4,2.25
VFLM 4562,12,16,0,2,6,2.0
VFLM 4562,13,30,0,4,4,3.75
VFLM 4562,14,21,1,7,1,2.625
VFLM 4562,15,26,0,4,4,3.25
VFLM 4562,16,23,1,5,3,2.875
VFLM 4562,17,21,1,5,3,2.625
VFLM 4562,18,20,0,6,2,2.5
VFLM 4562,19,14,0,4,4,1.75
VFLM 4562,20,20,0,4,4,2.5
VFLM 4562,21,18,0,4,4,2.25
VFLM 4562,22,16,0,2,6,2.0
VFLM 4562,23,30,0,4,4,3.75
VFLM 4562,24,21,1,7,1,2.625
VFLM 4562,25,26,0,4,4,3.25
VFLM 4562,26,23,1,5,3,2.875
VFLM 4562,27,21,1,5,3,2.625
VFLM 4562,28,17,1,7,1,2.125
VFLM 4562,29,20,0,6,2,2.5
VFLM 4562,30,14,0,4,4,1.75
VFLM 4563,1,20,0,4,4,2.5
VFLM 4563,2,18,0,4,4,2.25
VFLM 4563,3,16,0,2,6,2.0
VFLM 4563,4,30,0,4,4,3.75
VFLM 4563,5,21,1,7,1,2.625
VFLM 4563,6,26,0,4,4,3.25
VFLM 4563,7,23,1,5,3,2.875
VFLM 4563,8,17,1,7,1,2.125
VFLM 4563,9,20,0,6,2,2.5
VFLM 4563,10,14,0,4,4,1.75
VFLM 4563,11,20,0,4,4,2.5
VFLM 4563,12,18,0,4,4,2.25
VFLM 4563,13,16,0,2,6,2.0
VFLM 4563,14,30,0,4,4,3.75
VFLM 4563,15,21,1,7,1,2.625
VFLM 4563,16,26,0,4,4,3.25
VFLM 4563,17,23,1,5,3,2.875
VFLM 4563,18,24,0,2,6,3.0
VFLM 4563,19,17,1,7,1,2.125
VFLM 4563,20,20,0,6,2,2.5
VFLM 4563,21,14,0,4,4,1.75
VFLM 4563,22,20,0,4,4,2.5
VFLM 4563,23,18,0,4,4,2.25
VFLM 4563,24,16,0,2,6,2.0
VFLM 4563,25,30,0,4,4,3.75
VFLM 4563,26,21,1,7,1,2.625
VFLM 4563,27,26,0,4,4,3.25
VFLM 4563,28,24,0,2,6,3.0
VFLM 4563,29,17,1,7,1,2.125
VFLM 4563,30,20,0,6,2,2.5
VFLM 4564,1,14,0,4,4,1.75
VFLM 4564,2,20,0,4,4,2.5
VFLM 4564,3,18,0,4,4,2.25
VFLM 4564,4,16,0,2,6,2.0
VFLM 4564,5,30,0,4,4,3.75
VFLM 4564,6,21,1,7,1,2.625
VFLM 4564,7,26,0,4,4,3.25
VFLM 4564,8,23,1,3,5,2.875
VFLM 4564,9,24,0,2,6,3.0
VFLM 4564,10,17,1,7,1,2.125
VFLM 4564,11,20,0,6,2,2.5
VFLM 4564,12,14,0,4,4,1.75
VFLM 4564,13,20,0,4,4,2.5
VFLM 4564,14,18,0,4,4,2.25
VFLM 4564,15,16,0,2,6,2.0
VFLM 4564,16,30,0,4,4,3.75
VFLM 4564,17,21,1,7,1,2.625
VFLM 4564,18,23,1,3,5,2.875
VFLM 4564,19,24,0,2,6,3.0
VFLM 4564,20,17,1,7,1,2.125
VFLM 4564,21,20,0,6,2,2.5
VFLM 4564,22,14,0,4,4,1.75
VFLM 4564,23,20,0,4,4,2.5
VFLM 4564,24,18,0,4,4,2.25
VFLM 4564,25,16,0,2,6,2.0
VFLM 4564,26,30,0,4,4,3.75
VFLM 4564,27,21,1,7,1,2.625
VFLM 4564,28,22,0,6,2,2.75
VFLM 4564,29,23,1,3,5,2.875
VFLM 4564,30,24,0,2,6,3.0
VFLM 4565,1,17,1,7,1,2.125
VFLM 4565,2,20,0,6,2,2.5
VFLM 4565,3,14,0,4,4,1.75
VFLM 4565,4,20,0,4,4,2.5
VFLM 4565,5,18,0,4,4,2.25
VFLM 4565,6,16,0,2,6,2.0
VFLM 4565,7,30,0,4,4,3.75
VFLM 4565,8,22,0,6,2,2.75
VFLM 4565,9,23,1,3,5,2.875
VFLM 4565,10,24,0,2,6,3.0
VFLM 4565,11,17,1,7,1,2.125
VFLM 4565,12,20,0,6,2,2.5
VFLM 4565,13,14,0,4,4,1.75
VFLM 4565,14,20,0,4,4,2.5
VFLM 4565,15,18,0,4,4,2.25
VFLM 4565,16,16,0,2,6,2.0
VFLM 4565,17,30,0,4,4,3.75
VFLM 4565,18,21,1,1,7,2.625
VFLM 4565,19,22,0,6,2,2.75
VFLM 4565,20,23,1,3,5,2.875
VFLM 4565,21,24,0,2,6,3.0
VFLM 4565,22,17,1,7,1,2.125
VFLM 4565,23,20,0,6,2,2.5
VFLM 4565,24,14,0,4,4,1.75
VFLM 4565,25,20,0,4,4,2.5
VFLM 4565,26,18,0,4,4,2.25
VFLM 4565,27,16,0,2,6,2.0
VFLM 4565,28,25,1,5,3,3.125
VFLM 4565,29,21,1,1,7,2.625
VFLM 4565,30,22,0,6,2,2.75
VFLM 4566,1,23,1,3,5,2.875
VFLM 4566,2,25,1,5,3,3.125
VFLM 4566,3,21,1,1,7,2.625
VFLM 4566,4,22,0,6,2,2.75
VFLM 4566,5,23,1,3,5,2.875
VFLM 4566,6,24,0,2,6,3.0
VFLM 4566,7,17,1,7,1,2.125
VFLM 4566,8,20,0,6,2,2.5
VFLM 4566,9,14,0,4,4,1.75
VFLM 4566,10,20,0,4,4,2.5
VFLM 4566,11,18,0,4,4,2.25
VFLM 4566,12,19,1,5,3,2.375
VFLM 4566,13,25,1,5,3,3.125
VFLM 4566,14,21,1,1,7,2.625
VFLM 4566,15,22,0,6,2,2.75
VFLM 4566,16,23,1,3,5,2.875
VFLM 4566,17,24,0,2,6,3.0
VFLM 4566,18,19,1,5,3,2.375
VFLM 4566,19,25,1,5,3,3.125
VFLM 4566,20,21,1,1,7,2.625
VFLM 4566,21,22,0,6,2,2.75
VFLM 4566,22,23,1,3,5,2.875
VFLM 4566,23,24,0,2,6,3.0
VFLM 4566,24,17,1,7,1,2.125
VFLM 4566,25,20,0,6,2,2.5
VFLM 4566,26,14,0,4,4,1.75
VFLM 4566,27,20,0,4,4,2.5
VFLM 4566,28,21,1,5,3,2.625
VFLM 4566,29,19,1,5,3,2.375
VFLM 4566,30,25,1,5,3,3.125
VFLM 4567,1,21,1,1,7,2.625
VFLM 4567,2,22,0,6,2,2.75
VFLM 4567,3,23,1,3,5,2.875
VFLM 4567,4,24,0,2,6,3.0
VFLM 4567,5,17,1,7,1,2.125
VFLM 4567,6,20,0,6,2,2.5
VFLM 4567,7,14,0,4,4,1.75
VFLM 4567,8,20,0,2,6,2.5
VFLM 4567,9,21,1,5,3,2.625
VFLM 4567,10,19,1,5,3,2.375
VFLM 4567,11,25,1,5,3,3.125
VFLM 4567,12,20,0,2,6,2.5
VFLM 4567,13,21,1,5,3,2.625
VFLM 4567,14,19,1,5,3,2.375
VFLM 4567,15,25,1,5,3,3.125
VFLM 4567,16,21,1,1,7,2.625
VFLM 4567,17,22,0,6,2,2.75
VFLM 4567,18,23,1,3,5,2.875
VFLM 4567,19,24,0,2,6,3.0
VFLM 4567,20,17,1,7,1,2.125
VFLM 4567,21,20,0,6,2,2.5
VFLM 4567,22,19,1,3,5,2.375
VFLM 4567,23,20,0,2,6,2.5
VFLM 4567,24,21,1,5,3,2.625
VFLM 4567,25,19,1,5,3,2.375
VFLM 4567,26,25,1,5,3,3.125
VFLM 4567,27,21,1,1,7,2.625
VFLM 4567,28,19,1,3,5,2.375
VFLM 4567,29,20,0,2,6,2.5
VFLM 4567,30,21,1,5,3,2.625
VFLM 4568,1,19,1,5,3,2.375
VFLM 4568,2,25,1,5,3,3.125
VFLM 4568,3,21,1,1,7,2.625
VFLM 4568,4,22,0,6,2,2.75
VFLM 4568,5,23,1,3,5,2.875
VFLM 4568,6,24,0,2,6,3.0
VFLM 4568,7,17,1,7,1,2.125
VFLM 4568,8,13,1,1,7,1.625
VFLM 4568,9,19,1,3,5,2.375
VFLM 4568,10,13,1,1,7,1.625
VFLM 4568,11,19,1,3,5,2.375
VFLM 4568,12,20,0,2,6,2.5
VFLM 4568,13,21,1,5,3,2.625
VFLM 4568,14,19,1,5,3,2.375
VFLM 4568,15,25,1,5,3,3.125
VFLM 4568,16,21,1,1,7,2.625
VFLM 4568,17,22,0,6,2,2.75
VFLM 4568,18,23,1,3,5,2.875
VFLM 4568,19,24,0,2,6,3.0
VFLM 4568,20,18,0,4,4,2.25
VFLM 4568,21,13,1,1,7,1.625
VFLM 4568,22,19,1,3,5,2.375
VFLM 4568,23,20,0,2,6,2.5
VFLM 4568,24,21,1,5,3,2.625
VFLM 4568,25,19,1,5,3,2.375
VFLM 4568,26,25,1,5,3,3.125
VFLM 4568,27,21,1,1,7,2.625
VFLM 4568,28,22,0,6,2,2.75
VFLM 4568,29,23,1,3,5,2.875
VFLM 4568,30,20,0,6,2,2.5
VFLM 4569,1,18,0,4,4,2.25
VFLM 4569,2,13,1,1,7,1.625
VFLM 4569,3,19,1,3,5,2.375
VFLM 4569,4,20,0,2,6,2.5
VFLM 4569,5,21,1,5,3,2.625
VFLM 4569,6,19,1,5,3,2.375
VFLM 4569,7,25,1,5,3,3.125
VFLM 4569,8,21,1,1,7,2.625
VFLM 4569,9,22,0,6,2,2.75
VFLM 4569,10,22,0,4,4,2.75
VFLM 4569,11,20,0,6,2,2.5
VFLM 4569,12,18,0,4,4,2.25
VFLM 4569,13,13,1,1,7,1.625
VFLM 4569,14,19,1,3,5,2.375
VFLM 4569,15,20,0,2,6,2.5
VFLM 4569,16,21,1,5,3,2.625
VFLM 4569,17,19,1,5,3,2.375
VFLM 4569,18,25,1,5,3,3.125
VFLM 4569,19,21,1,1,7,2.625
VFLM 4569,20,26,0,6,2,3.25
VFLM 4569,21,22,0,4,4,2.75
VFLM 4569,22,20,0,6,2,2.5
VFLM 4569,23,26,0,6,2,3.25
VFLM 4569,24,22,0,4,4,2.75
VFLM 4569,25,20,0,6,2,2.5
VFLM 4569,26,18,0,4,4,2.25
VFLM 4569,27,13,1,1,7,1.625
VFLM 4569,28,19,1,3,5,2.375
VFLM 4569,29,20,0,2,6,2.5
VFLM 4569,30,21,1,5,3,2.625
VFLM 4570,1,19,1,5,3,2.375
VFLM 4570,2,25,1,5,3,3.125
VFLM 4570,3,19,1,3,5,2.375
VFLM 4570,4,26,0,6,2,3.25
VFLM 4570,5,22,0,4,4,2.75
VFLM 4570,6,20,0,6,2,2.5
VFLM 4570,7,18,0,4,4,2.25
VFLM 4570,8,19,1,3,5,2.375
VFLM 4570,9,26,0,6,2,3.25
VFLM 4570,10,22,0,4,4,2.75
VFLM 4570,11,20,0,6,2,2.5
VFLM 4570,12,18,0,4,4,2.25
VFLM 4570,13,13,1,1,7,1.625
VFLM 4570,14,19,1,3,5,2.375
VFLM 4570,15,20,0,2,6,2.5
VFLM 4570,16,21,1,5,3,2.625
VFLM 4570,17,19,1,5,3,2.375
VFLM 4570,18,19,1,3,5,2.375
VFLM 4570,19,19,1,3,5,2.375
VFLM 4570,20,26,0,6,2,3.25
VFLM 4570,21,22,0,4,4,2.75
VFLM 4570,22,20,0,6,2,2.5
VFLM 4570,23,18,0,4,4,2.25
VFLM 4570,24,13,1,1,7,1.625
VFLM 4570,25,19,1,3,5,2.375
VFLM 4570,26,20,0,2,6,2.5
VFLM 4570,27,21,1,5,3,2.625
VFLM 4570,28,19,1,3,5,2.375
VFLM 4570,29,19,1,3,5,2.375
VFLM 4570,30,26,0,6,2,3.25
VFLM 4571,1,22,0,4,4,2.75
VFLM 4571,2,20,0,6,2,2.5
VFLM 4571,3,18,0,4,4,2.25
VFLM 4571,4,13,1,1,7,1.625
VFLM 4571,5,19,1,3,5,2.375
VFLM 4571,6,20,0,2,6,2.5
VFLM 4571,7,21,1,5,3,2.625
VFLM 4571,8,19,1,3,5,2.375
VFLM 4571,9,19,1,3,5,2.375
VFLM 4571,10,26,0,6,2,3.25
VFLM 4571,11,22,0,4,4,2.75
VFLM 4571,12,20,0,6,2,2.5
VFLM 4571,13,18,0,4,4,2.25
VFLM 4571,14,13,1,1,7,1.625
VFLM 4571,15,19,1,3,5,2.375
VFLM 4571,16,20,0,2,6,2.5
VFLM 4571,17,21,1,5,3,2.625
VFLM 4571,18,26,0,4,4,3.25
VFLM 4571,19,19,1,3,5,2.375
VFLM 4571,20,19,1,3,5,2.375
VFLM 4571,21,26,0,6,2,3.25
VFLM 4571,22,22,0,4,4,2.75
VFLM 4571,23,20,0,6,2,2.5
VFLM 4571,24,18,0,4,4,2.25
VFLM 4571,25,13,1,1,7,1.625
VFLM 4571,26,19,1,3,5,2.375
VFLM 4571,27,20,0,2,6,2.5
VFLM 4571,28,23,1,1,7,2.875
VFLM 4571,29,26,0,4,4,3.25
VFLM 4571,30,19,1,3,5,2.375
VFLM 4572,1,19,1,3,5,2.375
VFLM 4572,2,26,0,6,2,3.25
VFLM 4572,3,22,0,4,4,2.75
VFLM 4572,4,20,0,6,2,2.5
VFLM 4572,5,18,0,4,4,2.25
VFLM 4572,6,13,1,1,7,1.625
VFLM 4572,7,19,1,3,5,2.375
VFLM 4572,8,23,1,1,7,2.875
VFLM 4572,9,26,0,4,4,3.25
VFLM 4572,10,19,1,3,5,2.375
VFLM 4572,11,19,1,3,5,2.375
VFLM 4572,12,26,0,6,2,3.25
VFLM 4572,13,22,0,4,4,2.75
VFLM 4572,14,20,0,6,2,2.5
VFLM 4572,15,18,0,4,4,2.25
VFLM 4572,16,13,1,1,7,1.625
VFLM 4572,17,19,1,3,5,2.375
VFLM 4572,18,22,0,2,6,2.75
VFLM 4572,19,23,1,1,7,2.875
VFLM 4572,20,26,0,4,4,3.25
VFLM 4572,21,19,1,3,5,2.375
VFLM 4572,22,19,1,3,5,2.375
VFLM 4572,23,26,0,6,2,3.25
VFLM 4572,24,22,0,4,4,2.75
VFLM 4572,25,20,0,6,2,2.5
VFLM 4572,26,18,0,4,4,2.25
VFLM 4572,27,22,0,2,6,2.75
VFLM 4572,28,23,1,1,7,2.875
VFLM 4572,29,26,0,4,4,3.25
VFLM 4572,30,19,1,3,5,2.375
VFLM 4573,1,19,1,3,5,2.375
VFLM 4573,2,26,0,6,2,3.25
VFLM 4573,3,22,0,4,4,2.75
VFLM 4573,4,20,0,6,2,2.5
VFLM 4573,5,18,0,4,4,2.25
VFLM 4573,6,13,1,1,7,1.625
VFLM 4573,7,25,1,5,3,3.125
VFLM 4573,8,22,0,2,6,2.75
VFLM 4573,9,23,1,1,7,2.875
VFLM 4573,10,26,0,4,4,3.25
VFLM 4573,11,19,1,3,5,2.375
VFLM 4573,12,19,1,3,5,2.375
VFLM 4573,13,26,0,6,2,3.25
VFLM 4573,14,22,0,4,4,2.75
VFLM 4573,15,20,0,6,2,2.5
VFLM 4573,16,18,0,4,4,2.25
VFLM 4573,17,25,1,5,3,3.125
VFLM 4573,18,22,0,2,6,2.75
VFLM 4573,19,23,1,1,7,2.875
VFLM 4573,20,26,0,4,4,3.25
VFLM 4573,21,19,1,3,5,2.375
VFLM 4573,22,19,1,3,5,2.375
VFLM 4573,23,26,0,6,2,3.25
VFLM 4573,24,22,0,4,4,2.75
VFLM 4573,25,20,0,6,2,2.5
VFLM 4573,26,18,0,4,4,2.25
VFLM 4573,27,23,1,3,5,2.875
VFLM 4573,28,25,1,5,3,3.125
VFLM 4573,29,22,0,2,6,2.75
VFLM 4573,30,23,1,1,7,2.875
VFLM 4574,1,26,0,4,4,3.25
VFLM 4574,2,19,1,3,5,2.375
VFLM 4574,3,19,1,3,5,2.375
VFLM 4574,4,26,0,6,2,3.25
VFLM 4574,5,22,0,4,4,2.75
VFLM 4574,6,20,0,6,2,2.5
VFLM 4574,7,23,1,3,5,2.875
VFLM 4574,8,25,1,5,3,3.125
VFLM 4574,9,22,0,2,6,2.75
VFLM 4574,10,23,1,1,7,2.875
VFLM 4574,11,26,0,4,4,3.25
VFLM 4574,12,19,1,3,5,2.375
VFLM 4574,13,19,1,3,5,2.375
VFLM 4574,14,26,0,6,2,3.25
VFLM 4574,15,22,0,4,4,2.75
VFLM 4574,16,20,0,6,2,2.5
VFLM 4574,17,15,1,3,5,1.875
VFLM 4574,18,23,1,3,5,2.875
VFLM 4574,19,25,1,5,3,3.125
VFLM 4574,20,22,0,2,6,2.75
VFLM 4574,21,23,1,1,7,2.875
VFLM 4574,22,26,0,4,4,3.25
VFLM 4574,23,19,1,3,5,2.375
VFLM 4574,24,19,1,3,5,2.375
VFLM 4574,25,26,0,6,2,3.25
VFLM 4574,26,22,0,4,4,2.75
VFLM 4574,27,15,1,3,5,1.875
VFLM 4574,28,23,1,3,5,2.875
VFLM 4574,29,25,1,5,3,3.125
VFLM 4574,30,22,0,2,6,2.75
VFLM 4575,1,23,1,1,7,2.875
VFLM 4575,2,26,0,4,4,3.25
VFLM 4575,3,19,1,3,5,2.375
VFLM 4575,4,19,1,3,5,2.375
VFLM 4575,5,26,0,6,2,3.25
VFLM 4575,6,22,0,4,4,2.75
VFLM 4575,7,23,1,5,3,2.875
VFLM 4575,8,15,1,3,5,1.875
VFLM 4575,9,23,1,3,5,2.875
VFLM 4575,10,25,1,5,3,3.125
VFLM 4575,11,22,0,2,6,2.75
VFLM 4575,12,23,1,1,7,2.875
VFLM 4575,13,26,0,4,4,3.25
VFLM 4575,14,19,1,3,5,2.375
VFLM 4575,15,19,1,3,5,2.375
VFLM 4575,16,26,0,6,2,3.25
VFLM 4575,17,15,1,5,3,1.875
VFLM 4575,18,23,1,5,3,2.875
VFLM 4575,19,15,1,3,5,1.875
VFLM 4575,20,23,1,3,5,2.875
VFLM 4575,21,25,1,5,3,3.125
VFLM 4575,22,22,0,2,6,2.75
VFLM 4575,23,23,1,1,7,2.875
VFLM 4575,24,26,0,4,4,3.25
VFLM 4575,25,19,1,3,5,2.375
VFLM 4575,26,19,1,3,5,2.375
VFLM 4575,27,15,1,5,3,1.875
VFLM 4575,28,23,1,5,3,2.875
VFLM 4575,29,15,1,3,5,1.875
VFLM 4575,30,23,1,3,5,2.875
VFLM 4576,1,25,1,5,3,3.125
VFLM 4576,2,22,0,2,6,2.75
VFLM 4576,3,23,1,1,7,2.875
VFLM 4576,4,26,0,4,4,3.25
VFLM 4576,5,19,1,3,5,2.375
VFLM 4576,6,19,1,3,5,2.375
VFLM 4576,7,22,0,4,4,2.75
VFLM 4576,8,15,1,5,3,1.875
VFLM 4576,9,23,1,5,3,2.875
VFLM 4576,10,15,1,3,5,1.875
VFLM 4576,11,23,1,3,5,2.875
VFLM 4576,12,25,1,5,3,3.125
VFLM 4576,13,22,0,2,6,2.75
VFLM 4576,14,23,1,1,7,2.875
VFLM 4576,15,26,0,4,4,3.25
VFLM 4576,16,19,1,3,5,2.375
VFLM 4576,17,22,0,4,4,2.75
VFLM 4576,18,15,1,5,3,1.875
VFLM 4576,19,23,1,5,3,2.875
VFLM 4576,20,15,1,3,5,1.875
VFLM 4576,21,23,1,3,5,2.875
VFLM 4576,22,25,1,5,3,3.125
VFLM 4576,23,22,0,2,6,2.75
VFLM 4576,24,23,1,1,7,2.875
VFLM 4576,25,26,0,4,4,3.25
VFLM 4576,26,19,1,3,5,2.375
VFLM 4576,27,21,1,3,5,2.625
VFLM 4576,28,22,0,4,4,2.75
VFLM 4576,29,15,1,5,3,1.875
VFLM 4576,30,23,1,5,3,2.875
VFLM 4577,1,15,1,3,5,1.875
VFLM 4577,2,23,1,3,5,2.875
VFLM 4577,3,25,1,5,3,3.125
VFLM 4577,4,22,0,2,6,2.75
VFLM 4577,5,23,1,1,7,2.875
VFLM 4577,6,26,0,4,4,3.25
VFLM 4577,7,21,1,3,5,2.625
VFLM 4577,8,22,0,4,4,2.75
VFLM 4577,9,15,1,5,3,1.875
VFLM 4577,10,23,1,5,3,2.875
VFLM 4577,11,15,1,3,5,1.875
VFLM 4577,12,23,1,3,5,2.875
VFLM 4577,13,25,1,5,3,3.125
VFLM 4577,14,22,0,2,6,2.75
VFLM 4577,15,23,1,1,7,2.875
VFLM 4577,16,26,0,4,4,3.25
VFLM 4577,17,18,0,4,4,2.25
VFLM 4577,18,21,1,3,5,2.625
VFLM 4577,19,22,0,4,4,2.75
VFLM 4577,20,15,1,5,3,1.875
VFLM 4577,21,23,1,5,3,2.875
VFLM 4577,22,15,1,3,5,1.875
VFLM 4577,23,23,1,3,5,2.875
VFLM 4577,24,25,1,5,3,3.125
VFLM 4577,25,22,0,2,6,2.75
VFLM 4577,26,23,1,1,7,2.875
VFLM 4577,27,18,0,4,4,2.25
VFLM 4577,28,21,1,3,5,2.625
VFLM 4577,29,22,0,4,4,2.75
VFLM 4577,30,15,1,5,3,1.875
VFLM 4578,1,23,1,5,3,2.875
VFLM 4578,2,15,1,3,5,1.875
VFLM 4578,3,23,1,3,5,2.875
VFLM 4578,4,25,1,5,3,3.125
VFLM 4578,5,22,0,2,6,2.75
VFLM 4578,6,23,1,1,7,2.875
VFLM 4578,7,23,1,3,5,2.875
VFLM 4578,8,18,0,4,4,2.25
VFLM 4578,9,21,1,3,5,2.625
VFLM 4578,10,22,0,4,4,2.75
VFLM 4578,11,15,1,5,3,1.875
VFLM 4578,12,23,1,5,3,2.875
VFLM 4578,13,15,1,3,5,1.875
VFLM 4578,14,23,1,3,5,2.875
VFLM 4578,15,25,1,5,3,3.125
VFLM 4578,16,22,0,2,6,2.75
VFLM 4578,17,23,1,3,5,2.875
VFLM 4578,18,18,0,4,4,2.25
VFLM 4578,19,21,1,3,5,2.625
VFLM 4578,20,22,0,4,4,2.75
VFLM 4578,21,15,1,5,3,1.875
VFLM 4578,22,23,1,5,3,2.875
VFLM 4578,23,15,1,3,5,1.875
VFLM 4578,24,23,1,3,5,2.875
VFLM 4578,25,25,1,5,3,3.125
VFLM 4578,26,22,0,2,6,2.75
VFLM 4578,27,19,1,5,3,2.375
VFLM 4578,28,23,1,3,5,2.875
VFLM 4578,29,18,0,4,4,2.25
VFLM 4578,30,21,1,3,5,2.625
VFLM 4579,1,22,0,4,4,2.75
VFLM 4579,2,15,1,5,3,1.875
VFLM 4579,3,23,1,5,3,2.875
VFLM 4579,4,15,1,3,5,1.875
VFLM 4579,5,19,1,5,3,2.375
VFLM 4579,6,23,1,3,5,2.875
VFLM 4579,7,18,0,4,4,2.25
VFLM 4579,8,21,1,3,5,2.625
VFLM 4579,9,22,0,4,4,2.75
VFLM 4579,10,15,1,5,3,1.875
VFLM 4579,11,23,1,5,3,2.875
VFLM 4579,12,15,1,3,5,1.875
VFLM 4579,13,23,1,3,5,2.875
VFLM 4579,14,25,1,5,3,3.125
VFLM 4579,15,20,0,6,2,2.5
VFLM 4579,16,19,1,5,3,2.375
VFLM 4579,17,20,0,6,2,2.5
VFLM 4579,18,19,1,5,3,2.375
VFLM 4579,19,23,1,3,5,2.875
VFLM 4579,20,18,0,4,4,2.25
VFLM 4579,21,21,1,3,5,2.625
VFLM 4579,22,22,0,4,4,2.75
VFLM 4579,23,15,1,5,3,1.875
VFLM 4579,24,23,1,5,3,2.875
VFLM 4579,25,15,1,3,5,1.875
VFLM 4579,26,23,1,3,5,2.875
VFLM 4579,27,18,0,4,4,2.25
VFLM 4579,28,20,0,6,2,2.5
VFLM 4579,29,19,1,5,3,2.375
VFLM 4579,30,23,1,3,5,2.875
VFLM 4580,1,18,0,4,4,2.25
VFLM 4580,2,21,1,3,5,2.625
VFLM 4580,3,22,0,4,4,2.75
VFLM 4580,4,15,1,5,3,1.875
VFLM 4580,5,23,1,5,3,2.875
VFLM 4580,6,15,1,3,5,1.875
VFLM 4580,7,16,0,4,4,2.0
VFLM 4580,8,18,0,4,4,2.25
VFLM 4580,9,20,0,6,2,2.5
VFLM 4580,10,19,1,5,3,2.375
VFLM 4580,11,23,1,3,5,2.875
VFLM 4580,12,18,0,4,4,2.25
VFLM 4580,13,21,1,3,5,2.625
VFLM 4580,14,22,0,4,4,2.75
VFLM 4580,15,15,1,5,3,1.875
VFLM 4580,16,23,1,5,3,2.875
VFLM 4580,17,21,1,3,5,2.625
VFLM 4580,18,16,0,4,4,2.0
VFLM 4580,19,18,0,4,4,2.25
VFLM 4580,20,20,0,6,2,2.5
VFLM 4580,21,19,1,5,3,2.375
VFLM 4580,22,23,1,3,5,2.875
VFLM 4580,23,18,0,4,4,2.25
VFLM 4580,24,21,1,3,5,2.625
VFLM 4580,25,22,0,4,4,2.75
VFLM 4580,26,15,1,5,3,1.875
VFLM 4580,27,20,0,4,4,2.5
VFLM 4580,28,21,1,3,5,2.625
VFLM 4580,29,16,0,4,4,2.0
VFLM 4580,30,18,0,4,4,2.25
VFLM 4581,1,20,0,6,2,2.5
VFLM 4581,2,19,1,5,3,2.375
VFLM 4581,3,23,1,3,5,2.875
VFLM 4581,4,18,0,4,4,2.25
VFLM 4581,5,21,1,3,5,2.625
VFLM 4581,6,22,0,4,4,2.75
VFLM 4581,7,26,0,2,6,3.25
VFLM 4581,8,20,0,4,4,2.5
VFLM 4581,9,21,1,3,5,2.625
VFLM 4581,10,16,0,4,4,2.0
VFLM 4581,11,18,0,4,4,2.25
VFLM 4581,12,20,0,6,2,2.5
VFLM 4581,13,19,1,5,3,2.375
VFLM 4581,14,23,1,3,5,2.875
VFLM 4581,15,18,0,4,4,2.25
VFLM 4581,16,21,1,3,5,2.625
VFLM 4581,17,25,1,3,5,3.125
VFLM 4581,18,26,0,2,6,3.25
VFLM 4581,19,20,0,4,4,2.5
VFLM 4581,20,21,1,3,5,2.625
VFLM 4581,21,16,0,4,4,2.0
VFLM 4581,22,18,0,4,4,2.25
VFLM 4581,23,25,1,3,5,3.125
VFLM 4581,24,26,0,2,6,3.25
VFLM 4581,25,20,0,4,4,2.5
VFLM 4581,26,21,1,3,5,2.625
VFLM 4581,27,16,0,4,4,2.0
VFLM 4581,28,18,0,4,4,2.25
VFLM 4581,29,20,0,6,2,2.5
VFLM 4581,30,19,1,5,3,2.375
VFLM 4582,1,23,1,3,5,2.875
VFLM 4582,2,18,0,4,4,2.25
VFLM 4582,3,17,1,5,3,2.125
VFLM 4582,4,25,1,3,5,3.125
VFLM 4582,5,17,1,5,3,2.125
VFLM 4582,6,25,1,3,5,3.125
VFLM 4582,7,26,0,2,6,3.25
VFLM 4582,8,20,0,4,4,2.5
VFLM 4582,9,21,1,3,5,2.625
VFLM 4582,10,16,0,4,4,2.0
VFLM 4582,11,18,0,4,4,2.25
VFLM 4582,12,20,0,6,2,2.5
VFLM 4582,13,19,1,5,3,2.375
VFLM 4582,14,23,1,3,5,2.875
VFLM 4582,15,19,1,1,7,2.375
VFLM 4582,16,17,1,5,3,2.125
VFLM 4582,17,25,1,3,5,3.125
VFLM 4582,18,26,0,2,6,3.25
VFLM 4582,19,20,0,4,4,2.5
VFLM 4582,20,21,1,3,5,2.625
VFLM 4582,21,16,0,4,4,2.0
VFLM 4582,22,18,0,4,4,2.25
VFLM 4582,23,20,0,6,2,2.5
VFLM 4582,24,19,1,5,3,2.375
VFLM 4582,25,20,0,4,4,2.5
VFLM 4582,26,19,1,1,7,2.375
VFLM 4582,27,17,1,5,3,2.125
VFLM 4582,28,25,1,3,5,3.125
VFLM 4582,29,26,0,2,6,3.25
VFLM 4582,30,20,0,4,4,2.5
VFLM 4583,1,21,1,3,5,2.625
VFLM 4583,2,16,0,4,4,2.0
VFLM 4583,3,18,0,4,4,2.25
VFLM 4583,4,20,0,6,2,2.5
VFLM 4583,5,20,0,4,4,2.5
VFLM 4583,6,19,1,1,7,2.375
VFLM 4583,7,17,1,5,3,2.125
VFLM 4583,8,25,1,3,5,3.125
VFLM 4583,9,26,0,2,6,3.25
VFLM 4583,10,20,0,4,4,2.5
VFLM 4583,11,21,1,3,5,2.625
VFLM 4583,12,16,0,4,4,2.0
VFLM 4583,13,18,0,4,4,2.25
VFLM 4583,14,20,0,6,2,2.5
VFLM 4583,15,16,0,4,4,2.0
VFLM 4583,16,16,0,2,6,2.0
VFLM 4583,17,20,0,4,4,2.5
VFLM 4583,18,19,1,1,7,2.375
VFLM 4583,19,17,1,5,3,2.125
VFLM 4583,20,25,1,3,5,3.125
VFLM 4583,21,26,0,2,6,3.25
VFLM 4583,22,20,0,4,4,2.5
VFLM 4583,23,21,1,3,5,2.625
VFLM 4583,24,16,0,4,4,2.0
VFLM 4583,25,16,0,4,4,2.0
VFLM 4583,26,16,0,2,6,2.0
VFLM 4583,27,20,0,4,4,2.5
VFLM 4583,28,19,1,1,7,2.375
VFLM 4583,29,19,1,5,3,2.375
VFLM 4583,30,16,0,4,4,2.0
VFLM 4584,1,16,0,2,6,2.0
VFLM 4584,2,20,0,4,4,2.5
VFLM 4584,3,19,1,1,7,2.375
VFLM 4584,4,17,1,5,3,2.125
VFLM 4584,5,25,1,3,5,3.125
VFLM 4584,6,26,0,2,6,3.25
VFLM 4584,7,20,0,4,4,2.5
VFLM 4584,8,21,1,3,5,2.625
VFLM 4584,9,19,1,5,3,2.375
VFLM 4584,10,16,0,4,4,2.0
VFLM 4584,11,16,0,2,6,2.0
VFLM 4584,12,20,0,4,4,2.5
VFLM 4584,13,19,1,1,7,2.375
VFLM 4584,14,17,1,5,3,2.125
VFLM 4584,15,25,1,3,5,3.125
VFLM 4584,16,26,0,2,6,3.25
VFLM 4584,17,20,0,4,4,2.5
VFLM 4584,18,21,1,3,5,2.625
VFLM 4584,19,17,1,5,3,2.125
VFLM 4584,20,19,1,5,3,2.375
VFLM 4584,21,16,0,4,4,2.0
VFLM 4584,22,16,0,2,6,2.0
VFLM 4584,23,20,0,4,4,2.5
VFLM 4584,24,19,1,1,7,2.375
VFLM 4584,25,17,1,5,3,2.125
VFLM 4584,26,25,1,3,5,3.125
VFLM 4584,27,26,0,2,6,3.25
VFLM 4584,28,20,0,4,4,2.5
VFLM 4584,29,17,1,5,3,2.125
VFLM 4584,30,19,1,5,3,2.375
VFLM 4585,1,16,0,4,4,2.0
VFLM 4585,2,16,0,2,6,2.0
VFLM 4585,3,20,0,4,4,2.5
VFLM 4585,4,19,1,1,7,2.375
VFLM 4585,5,17,1,5,3,2.125
VFLM 4585,6,25,1,3,5,3.125
VFLM 4585,7,26,0,2,6,3.25
VFLM 4585,8,20,0,4,4,2.5
VFLM 4585,9,20,0,6,2,2.5
VFLM 4585,10,17,1,5,3,2.125
VFLM 4585,11,19,1,5,3,2.375
VFLM 4585,12,16,0,4,4,2.0
VFLM 4585,13,16,0,2,6,2.0
VFLM 4585,14,20,0,4,4,2.5
VFLM 4585,15,19,1,1,7,2.375
VFLM 4585,16,17,1,5,3,2.125
VFLM 4585,17,25,1,3,5,3.125
VFLM 4585,18,26,0,2,6,3.25
VFLM 4585,19,20,0,6,2,2.5
VFLM 4585,20,17,1,5,3,2.125
VFLM 4585,21,19,1,5,3,2.375
VFLM 4585,22,16,0,4,4,2.0
VFLM 4585,23,16,0,2,6,2.0
VFLM 4585,24,20,0,4,4,2.5
VFLM 4585,25,19,1,1,7,2.375
VFLM 4585,26,17,1,5,3,2.125
VFLM 4585,27,25,1,3,5,3.125
VFLM 4585,28,26,0,2,6,3.25
VFLM 4585,29,22,0,6,2,2.75
VFLM 4585,30,20,0,6,2,2.5
VFLM 4586,1,17,1,5,3,2.125
VFLM 4586,2,19,1,5,3,2.375
VFLM 4586,3,16,0,4,4,2.0
VFLM 4586,4,16,0,2,6,2.0
VFLM 4586,5,20,0,4,4,2.5
VFLM 4586,6,19,1,1,7,2.375
VFLM 4586,7,17,1,5,3,2.125
VFLM 4586,8,25,1,3,5,3.125
VFLM 4586,9,22,0,6,2,2.75
VFLM 4586,10,20,0,6,2,2.5
VFLM 4586,11,17,1,5,3,2.125
VFLM 4586,12,19,1,5,3,2.375
VFLM 4586,13,16,0,4,4,2.0
VFLM 4586,14,16,0,2,6,2.0
VFLM 4586,15,20,0,4,4,2.5
VFLM 4586,16,19,1,1,7,2.375
VFLM 4586,17,17,1,5,3,2.125
VFLM 4586,18,25,1,3,5,3.125
VFLM 4586,19,17,1,5,3,2.125
VFLM 4586,20,22,0,6,2,2.75
VFLM 4586,21,20,0,6,2,2.5
VFLM 4586,22,17,1,5,3,2.125
VFLM 4586,23,19,1,5,3,2.375
VFLM 4586,24,16,0,4,4,2.0
VFLM 4586,25,16,0,2,6,2.0
VFLM 4586,26,20,0,4,4,2.5
VFLM 4586,27,19,1,1,7,2.375
VFLM 4586,28,17,1,5,3,2.125
VFLM 4586,29,17,1,5,3,2.125
VFLM 4586,30,22,0,6,2,2.75
VFLM 4587,1,20,0,6,2,2.5
VFLM 4587,2,17,1,5,3,2.125
VFLM 4587,3,19,1,5,3,2.375
VFLM 4587,4,16,0,4,4,2.0
VFLM 4587,5,16,0,2,6,2.0
VFLM 4587,6,20,0,4,4,2.5
VFLM 4587,7,19,1,1,7,2.375
VFLM 4587,8,17,1,5,3,2.125
VFLM 4587,9,24,0,6,2,3.0
VFLM 4587,10,17,1,5,3,2.125
VFLM 4587,11,22,0,6,2,2.75
VFLM 4587,12,20,0,6,2,2.5
VFLM 4587,13,17,1,5,3,2.125
VFLM 4587,14,19,1,5,3,2.375
VFLM 4587,15,16,0,4,4,2.0
VFLM 4587,16,16,0,2,6,2.0
VFLM 4587,17,20,0,4,4,2.5
VFLM 4587,18,19,1,1,7,2.375
VFLM 4587,19,24,0,6,2,3.0
VFLM 4587,20,17,1,5,3,2.125
VFLM 4587,21,22,0,6,2,2.75
VFLM 4587,22,20,0,6,2,2.5
VFLM 4587,23,17,1,5,3,2.125
VFLM 4587,24,19,1,5,3,2.375
VFLM 4587,25,16,0,4,4,2.0
VFLM 4587,26,16,0,2,6,2.0
VFLM 4587,27,20,0,4,4,2.5
VFLM 4587,28,19,1,1,7,2.375
VFLM 4587,29,22,0,4,4,2.75
VFLM 4587,30,24,0,6,2,3.0
VFLM 4588,1,17,1,5,3,2.125
VFLM 4588,2,22,0,6,2,2.75
VFLM 4588,3,20,0,6,2,2.5
VFLM 4588,4,17,1,5,3,2.125
VFLM 4588,5,19,1,5,3,2.375
VFLM 4588,6,16,0,4,4,2.0
VFLM 4588,7,16,0,2,6,2.0
VFLM 4588,8,20,0,4,4,2.5
VFLM 4588,9,22,0,4,4,2.75
VFLM 4588,10,24,0,6,2,3.0
VFLM 4588,11,17,1,5,3,2.125
VFLM 4588,12,22,0,6,2,2.75
VFLM 4588,13,20,0,6,2,2.5
VFLM 4588,14,17,1,5,3,2.125
VFLM 4588,15,19,1,5,3,2.375
VFLM 4588,16,16,0,4,4,2.0
VFLM 4588,17,16,0,2,6,2.0
VFLM 4588,18,20,0,4,4,2.5
VFLM 4588,19,23,1,5,3,2.875
VFLM 4588,20,22,0,4,4,2.75
VFLM 4588,21,24,0,6,2,3.0
VFLM 4588,22,17,1,5,3,2.125
VFLM 4588,23,22,0,6,2,2.75
VFLM 4588,24,20,0,6,2,2.5
VFLM 4588,25,17,1,5,3,2.125
VFLM 4588,26,19,1,5,3,2.375
VFLM 4588,27,16,0,4,4,2.0
VFLM 4588,28,16,0,2,6,2.0
VFLM 4588,29,23,1,5,3,2.875
VFLM 4588,30,22,0,4,4,2.75
VFLM 4589,1,24,0,6,2,3.0
VFLM 4589,2,17,1,5,3,2.125
VFLM 4589,3,22,0,6,2,2.75
VFLM 4589,4,20,0,6,2,2.5
VFLM 4589,5,17,1,5,3,2.125
VFLM 4589,6,19,1,5,3,2.375
VFLM 4589,7,16,0,4,4,2.0
VFLM 4589,8,16,0,2,6,2.0
VFLM 4589,9,26,0,4,4,3.25
VFLM 4589,10,23,1,5,3,2.875
VFLM 4589,11,22,0,4,4,2.75
VFLM 4589,12,24,0,6,2,3.0
VFLM 4589,13,17,1,5,3,2.125
VFLM 4589,14,22,0,6,2,2.75
VFLM 4589,15,20,0,6,2,2.5
VFLM 4589,16,17,1,5,3,2.125
VFLM 4589,17,19,1,5,3,2.375
VFLM 4589,18,26,0,4,4,3.25
VFLM 4589,19,23,1,5,3,2.875
VFLM 4589,20,22,0,4,4,2.75
VFLM 4589,21,24,0,6,2,3.0
VFLM 4589,22,17,1,5,3,2.125
VFLM 4589,23,22,0,6,2,2.75
VFLM 4589,24,20,0,6,2,2.5
VFLM 4589,25,17,1,5,3,2.125
VFLM 4589,26,19,1,5,3,2.375
VFLM 4589,27,16,0,4,4,2.0
VFLM 4589,28,20,0,6,2,2.5
VFLM 4589,29,26,0,4,4,3.25
VFLM 4589,30,23,1,5,3,2.875
VFLM 4590,1,22,0,4,4,2.75
VFLM 4590,2,24,0,6,2,3.0
VFLM 4590,3,17,1,5,3,2.125
VFLM 4590,4,22,0,6,2,2.75
VFLM 4590,5,20,0,6,2,2.5
VFLM 4590,6,17,1,5,3,2.125
VFLM 4590,7,19,1,5,3,2.375
VFLM 4590,8,20,0,6,2,2.5
VFLM 4590,9,26,0,4,4,3.25
VFLM 4590,10,23,1,5,3,2.875
VFLM 4590,11,22,0,4,4,2.75
VFLM 4590,12,24,0,6,2,3.0
VFLM 4590,13,17,1,5,3,2.125
VFLM 4590,14,22,0,6,2,2.75
VFLM 4590,15,20,0,6,2,2.5
VFLM 4590,16,17,1,5,3,2.125
VFLM 4590,17,19,1,5,3,2.375
VFLM 4590,18,23,1,3,5,2.875
VFLM 4590,19,20,0,6,2,2.5
VFLM 4590,20,26,0,4,4,3.25
VFLM 4590,21,23,1,5,3,2.875
VFLM 4590,22,22,0,4,4,2.75
VFLM 4590,23,24,0,6,2,3.0
VFLM 4590,24,17,1,5,3,2.125
VFLM 4590,25,22,0,6,2,2.75
VFLM 4590,26,20,0,6,2,2.5
VFLM 4590,27,17,1,5,3,2.125
VFLM 4590,28,23,1,3,5,2.875
VFLM 4590,29,20,0,6,2,2.5
VFLM 4590,30,26,0,4,4,3.25
VFLM 4591,1,23,1,5,3,2.875
VFLM 4591,2,22,0,4,4,2.75
VFLM 4591,3,24,0,6,2,3.0
VFLM 4591,4,17,1,5,3,2.125
VFLM 4591,5,22,0,6,2,2.75
VFLM 4591,6,20,0,6,2,2.5
VFLM 4591,7,17,1,5,3,2.125
VFLM 4591,8,18,0,2,6,2.25
VFLM 4591,9,23,1,3,5,2.875
VFLM 4591,10,20,0,6,2,2.5
VFLM 4591,11,26,0,4,4,3.25
VFLM 4591,12,23,1,5,3,2.875
VFLM 4591,13,22,0,4,4,2.75
VFLM 4591,14,24,0,6,2,3.0
VFLM 4591,15,17,1,5,3,2.125
VFLM 4591,16,22,0,6,2,2.75
VFLM 4591,17,20,0,6,2,2.5
VFLM 4591,18,18,0,2,6,2.25
VFLM 4591,19,23,1,3,5,2.875
VFLM 4591,20,20,0,6,2,2.5
VFLM 4591,21,26,0,4,4,3.25
VFLM 4591,22,23,1,5,3,2.875
VFLM 4591,23,22,0,4,4,2.75
VFLM 4591,24,24,0,6,2,3.0
VFLM 4591,25,17,1,5,3,2.125
VFLM 4591,26,22,0,6,2,2.75
VFLM 4591,27,20,0,6,2,2.5
VFLM 4591,28,26,0,4,4,3.25
VFLM 4591,29,18,0,2,6,2.25
VFLM 4591,30,23,1,3,5,2.875
VFLM 4592,1,20,0,6,2,2.5
VFLM 4592,2,26,0,4,4,3.25
VFLM 4592,3,23,1,5,3,2.875
VFLM 4592,4,22,0,4,4,2.75
VFLM 4592,5,24,0,6,2,3.0
VFLM 4592,6,17,1,5,3,2.125
VFLM 4592,7,22,0,6,2,2.75
VFLM 4592,8,26,0,4,4,3.25
VFLM 4592,9,18,0,2,6,2.25
VFLM 4592,10,23,1,3,5,2.875
VFLM 4592,11,20,0,6,2,2.5
VFLM 4592,12,26,0,4,4,3.25
VFLM 4592,13,23,1,5,3,2.875
VFLM 4592,14,22,0,4,4,2.75
VFLM 4592,15,24,0,6,2,3.0
VFLM 4592,16,17,1,5,3,2.125
VFLM 4592,17,22,0,6,2,2.75
VFLM 4592,18,20,0,6,2,2.5
VFLM 4592,19,26,0,4,4,3.25
VFLM 4592,20,18,0,2,6,2.25
VFLM 4592,21,23,1,3,5,2.875
VFLM 4592,22,20,0,6,2,2.5
VFLM 4592,23,26,0,4,4,3.25
VFLM 4592,24,23,1,5,3,2.875
VFLM 4592,25,22,0,4,4,2.75
VFLM 4592,26,24,0,6,2,3.0
VFLM 4592,27,17,1,5,3,2.125
VFLM 4592,28,20,0,6,2,2.5
VFLM 4592,29,26,0,4,4,3.25
VFLM 4592,30,18,0,2,6,2.25
VFLM 4593,1,23,1,3,5,2.875
VFLM 4593,2,20,0,6,2,2.5
VFLM 4593,3,26,0,4,4,3.25
VFLM 4593,4,23,1,5,3,2.875
VFLM 4593,5,22,0,4,4,2.75
VFLM 4593,6,24,0,6,2,3.0
VFLM 4593,7,17,1,5,3,2.125
VFLM 4593,8,23,1,3,5,2.875
VFLM 4593,9,20,0,6,2,2.5
VFLM 4593,10,26,0,4,4,3.25
VFLM 4593,11,18,0,2,6,2.25
VFLM 4593,12,23,1,3,5,2.875
VFLM 4593,13,20,0,6,2,2.5
VFLM 4593,14,26,0,4,4,3.25
VFLM 4593,15,23,1,5,3,2.875
VFLM 4593,16,23,1,3,5,2.875
VFLM 4593,17,20,0,6,2,2.5
VFLM 4593,18,26,0,4,4,3.25
VFLM 4593,19,18,0,2,6,2.25
VFLM 4593,20,23,1,3,5,2.875
VFLM 4593,21,20,0,6,2,2.5
VFLM 4593,22,26,0,4,4,3.25
VFLM 4593,23,23,1,5,3,2.875
VFLM 4593,24,22,0,4,4,2.75
VFLM 4593,25,24,0,6,2,3.0
VFLM 4593,26,18,0,4,4,2.25
VFLM 4593,27,23,1,3,5,2.875
VFLM 4593,28,20,0,6,2,2.5
VFLM 4593,29,26,0,4,4,3.25
VFLM 4593,30,18,0,2,6,2.25
VFLM 4594,1,23,1,3,5,2.875
VFLM 4594,2,20,0,6,2,2.5
VFLM 4594,3,26,0,4,4,3.25
VFLM 4594,4,23,1,5,3,2.875
VFLM 4594,5,22,0,4,4,2.75
VFLM 4594,6,18,0,4,4,2.25
VFLM 4594,7,23,1,3,5,2.875
VFLM 4594,8,20,0,6,2,2.5
VFLM 4594,9,26,0,4,4,3.25
VFLM 4594,10,18,0,2,6,2.25
VFLM 4594,11,23,1,3,5,2.875
VFLM 4594,12,20,0,6,2,2.5
VFLM 4594,13,26,0,4,4,3.25
VFLM 4594,14,23,1,5,3,2.875
VFLM 4594,15,22,0,4,4,2.75
VFLM 4594,16,26,0,4,4,3.25
VFLM 4594,17,18,0,4,4,2.25
VFLM 4594,18,23,1,3,5,2.875
VFLM 4594,19,20,0,6,2,2.5
VFLM 4594,20,26,0,4,4,3.25
VFLM 4594,21,18,0,2,6,2.25
VFLM 4594,22,23,1,3,5,2.875
VFLM 4594,23,26,0,4,4,3.25
VFLM 4594,24,18,0,4,4,2.25
VFLM 4594,25,23,1,3,5,2.875
VFLM 4594,26,20,0,6,2,2.5
VFLM 4594,27,26,0,4,4,3.25
VFLM 4594,28,18,0,2,6,2.25
VFLM 4594,29,23,1,3,5,2.875
VFLM 4594,30,20,0,6,2,2.5
VFLM 4595,1,26,0,4,4,3.25
VFLM 4595,2,23,1,5,3,2.875
VFLM 4595,3,15,1,3,5,1.875
VFLM 4595,4,26,0,4,4,3.25
VFLM 4595,5,18,0,4,4,2.25
VFLM 4595,6,23,1,3,5,2.875
VFLM 4595,7,20,0,6,2,2.5
VFLM 4595,8,26,0,4,4,3.25
VFLM 4595,9,18,0,2,6,2.25
VFLM 4595,10,23,1,3,5,2.875
VFLM 4595,11,20,0,6,2,2.5
VFLM 4595,12,26,0,4,4,3.25
VFLM 4595,13,20,0,4,4,2.5
VFLM 4595,14,15,1,3,5,1.875
VFLM 4595,15,26,0,4,4,3.25
VFLM 4595,16,18,0,4,4,2.25
VFLM 4595,17,23,1,3,5,2.875
VFLM 4595,18,20,0,6,2,2.5
VFLM 4595,19,26,0,4,4,3.25
VFLM 4595,20,18,0,2,6,2.25
VFLM 4595,21,23,1,3,5,2.875
VFLM 4595,22,20,0,6,2,2.5
VFLM 4595,23,18,0,4,4,2.25
VFLM 4595,24,20,0,4,4,2.5
VFLM 4595,25,15,1,3,5,1.875
VFLM 4595,26,26,0,4,4,3.25
VFLM 4595,27,18,0,4,4,2.25
VFLM 4595,28,23,1,3,5,2.875
VFLM 4595,29,20,0,6,2,2.5
VFLM 4595,30,26,0,4,4,3.25
VFLM 4596,1,18,0,2,6,2.25
VFLM 4596,2,23,1,3,5,2.875
VFLM 4596,3,18,0,6,2,2.25
VFLM 4596,4,18,0,4,4,2.25
VFLM 4596,5,20,0,4,4,2.5
VFLM 4596,6,15,1,3,5,1.875
VFLM 4596,7,26,0,4,4,3.25
VFLM 4596,8,18,0,4,4,2.25
VFLM 4596,9,23,1,3,5,2.875
VFLM 4596,10,20,0,6,2,2.5
VFLM 4596,11,26,0,4,4,3.25
VFLM 4596,12,18,0,2,6,2.25
VFLM 4596,13,26,0,4,4,3.25
VFLM 4596,14,18,0,6,2,2.25
VFLM 4596,15,18,0,4,4,2.25
VFLM 4596,16,20,0,4,4,2.5
VFLM 4596,17,15,1,3,5,1.875
VFLM 4596,18,26,0,4,4,3.25
VFLM 4596,19,18,0,4,4,2.25
VFLM 4596,20,23,1,3,5,2.875
VFLM 4596,21,20,0,6,2,2.5
VFLM 4596,22,26,0,4,4,3.25
VFLM 4596,23,19,1,3,5,2.375
VFLM 4596,24,26,0,4,4,3.25
VFLM 4596,25,18,0,6,2,2.25
VFLM 4596,26,18,0,4,4,2.25
VFLM 4596,27,20,0,4,4,2.5
VFLM 4596,28,15,1,3,5,1.875
VFLM 4596,29,26,0,4,4,3.25
VFLM 4596,30,18,0,4,4,2.25
VFLM 4597,1,23,1,3,5,2.875
VFLM 4597,2,20,0,6,2,2.5
VFLM 4597,3,23,1,5,3,2.875
VFLM 4597,4,19,1,3,5,2.375
VFLM 4597,5,26,0,4,4,3.25
VFLM 4597,6,18,0,6,2,2.25
VFLM 4597,7,18,0,4,4,2.25
VFLM 4597,8,23,1,5,3,2.875
VFLM 4597,9,19,1,3,5,2.375
VFLM 4597,10,26,0,4,4,3.25
VFLM 4597,11,18,0,6,2,2.25
VFLM 4597,12,18,0,4,4,2.25
VFLM 4597,13,20,0,4,4,2.5
VFLM 4597,14,15,1,3,5,1.875
VFLM 4597,15,26,0,4,4,3.25
VFLM 4597,16,18,0,4,4,2.25
VFLM 4597,17,23,1,3,5,2.875
VFLM 4597,18,17,1,5,3,2.125
VFLM 4597,19,23,1,5,3,2.875
VFLM 4597,20,19,1,3,5,2.375
VFLM 4597,21,26,0,4,4,3.25
VFLM 4597,22,18,0,6,2,2.25
VFLM 4597,23,18,0,4,4,2.25
VFLM 4597,24,20,0,4,4,2.5
VFLM 4597,25,15,1,3,5,1.875
VFLM 4597,26,26,0,4,4,3.25
VFLM 4597,27,17,1,5,3,2.125
VFLM 4597,28,23,1,5,3,2.875
VFLM 4597,29,19,1,3,5,2.375
VFLM 4597,30,26,0,4,4,3.25
VFLM 4598,1,18,0,6,2,2.25
VFLM 4598,2,18,0,4,4,2.25
VFLM 4598,3,20,0,4,4,2.5
VFLM 4598,4,15,1,3,5,1.875
VFLM 4598,5,26,0,4,4,3.25
VFLM 4598,6,18,0,4,4,2.25
VFLM 4598,7,16,0,4,4,2.0
VFLM 4598,8,17,1,5,3,2.125
VFLM 4598,9,23,1,5,3,2.875
VFLM 4598,10,19,1,3,5,2.375
VFLM 4598,11,26,0,4,4,3.25
VFLM 4598,12,18,0,6,2,2.25
VFLM 4598,13,18,0,4,4,2.25
VFLM 4598,14,20,0,4,4,2.5
VFLM 4598,15,15,1,3,5,1.875
VFLM 4598,16,26,0,4,4,3.25
VFLM 4598,17,16,0,4,4,2.0
VFLM 4598,18,17,1,5,3,2.125
VFLM 4598,19,23,1,5,3,2.875
VFLM 4598,20,19,1,3,5,2.375
VFLM 4598,21,26,0,4,4,3.25
VFLM 4598,22,18,0,6,2,2.25
VFLM 4598,23,18,0,4,4,2.25
VFLM 4598,24,20,0,4,4,2.5
VFLM 4598,25,15,1,3,5,1.875
VFLM 4598,26,26,0,4,4,3.25
VFLM 4598,27,14,0,4,4,1.75
VFLM 4598,28,16,0,4,4,2.0
VFLM 4598,29,17,1,5,3,2.125
VFLM 4598,30,23,1,5,3,2.875
VFLM 4599,1,19,1,3,5,2.375
VFLM 4599,2,26,0,4,4,3.25
VFLM 4599,3,18,0,6,2,2.25
VFLM 4599,4,18,0,4,4,2.25
VFLM 4599,5,20,0,4,4,2.5
VFLM 4599,6,15,1,3,5,1.875
VFLM 4599,7,14,0,4,4,1.75
VFLM 4599,8,16,0,4,4,2.0
VFLM 4599,9,17,1,5,3,2.125
VFLM 4599,10,23,1,5,3,2.875
VFLM 4599,11,19,1,3,5,2.375
VFLM 4599,12,26,0,4,4,3.25
VFLM 4599,13,18,0,6,2,2.25
VFLM 4599,14,18,0,4,4,2.25
VFLM 4599,15,20,0,4,4,2.5
VFLM 4599,16,15,1,3,5,1.875
VFLM 4599,17,28,0,4,4,3.5
VFLM 4599,18,14,0,4,4,1.75
VFLM 4599,19,16,0,4,4,2.0
VFLM 4599,20,17,1,5,3,2.125
VFLM 4599,21,23,1,5,3,2.875
VFLM 4599,22,19,1,3,5,2.375
VFLM 4599,23,26,0,4,4,3.25
VFLM 4599,24,18,0,6,2,2.25
VFLM 4599,25,18,0,4,4,2.25
VFLM 4599,26,20,0,4,4,2.5
VFLM 4599,27,28,0,4,4,3.5
VFLM 4599,28,14,0,4,4,1.75
VFLM 4599,29,16,0,4,4,2.0
VFLM 4599,30,17,1,5,3,2.125
VFLM 4600,1,23,1,5,3,2.875
VFLM 4600,2,19,1,3,5,2.375
VFLM 4600,3,26,0,4,4,3.25
VFLM 4600,4,18,0,6,2,2.25
VFLM 4600,5,18,0,4,4,2.25
VFLM 4600,6,20,0,4,4,2.5
VFLM 4600,7,28,0,4,4,3.5
VFLM 4600,8,14,0,4,4,1.75
VFLM 4600,9,16,0,4,4,2.0
VFLM 4600,10,17,1,5,3,2.125
VFLM 4600,11,23,1,5,3,2.875
VFLM 4600,12,19,1,3,5,2.375
VFLM 4600,13,26,0,4,4,3.25
VFLM 4600,14,18,0,6,2,2.25
VFLM 4600,15,18,0,4,4,2.25
VFLM 4600,16,20,0,4,4,2.5
VFLM 4600,17,21,1,3,5,2.625
VFLM 4600,18,28,0,4,4,3.5
VFLM 4600,19,14,0,4,4,1.75
VFLM 4600,20,16,0,4,4,2.0
VFLM 4600,21,17,1,5,3,2.125
VFLM 4600,22,23,1,5,3,2.875
VFLM 4600,23,19,1,3,5,2.375
VFLM 4600,24,26,0,4,4,3.25
VFLM 4600,25,18,0,6,2,2.25
VFLM 4600,26,18,0,4,4,2.25
VFLM 4600,27,21,1,3,5,2.625
VFLM 4600,28,28,0,4,4,3.5
VFLM 4600,29,14,0,4,4,1.75
VFLM 4600,30,16,0,4,4,2.0
VFLM 4601,1,17,1,5,3,2.125
VFLM 4601,2,23,1,5,3,2.875
VFLM 4601,3,19,1,3,5,2.375
VFLM 4601,4,26,0,4,4,3.25
VFLM 4601,5,18,0,6,2,2.25
VFLM 4601,6,18,0,4,4,2.25
VFLM 4601,7,19,1,3,5,2.375
VFLM 4601,8,21,1,3,5,2.625
VFLM 4601,9,28,0,4,4,3.5
VFLM 4601,10,14,0,4,4,1.75
VFLM 4601,11,16,0,4,4,2.0
VFLM 4601,12,17,1,5,3,2.125
VFLM 4601,13,23,1,5,3,2.875
VFLM 4601,14,19,1,3,5,2.375
VFLM 4601,15,26,0,4,4,3.25
VFLM 4601,16,18,0,6,2,2.25
VFLM 4601,17,19,1,3,5,2.375
VFLM 4601,18,21,1,3,5,2.625
VFLM 4601,19,28,0,4,4,3.5
VFLM 4601,20,14,0,4,4,1.75
VFLM 4601,21,16,0,4,4,2.0
VFLM 4601,22,17,1,5,3,2.125
VFLM 4601,23,23,1,5,3,2.875
VFLM 4601,24,19,1,3,5,2.375
VFLM 4601,25,26,0,4,4,3.25
VFLM 4601,26,18,0,6,2,2.25
VFLM 4601,27,19,1,3,5,2.375
VFLM 4601,28,19,1,3,5,2.375
VFLM 4601,29,21,1,3,5,2.625
VFLM 4601,30,28,0,4,4,3.5
VFLM 4602,1,14,0,4,4,1.75
VFLM 4602,2,16,0,4,4,2.0
VFLM 4602,3,19,1,3,5,2.375
VFLM 4602,4,19,1,3,5,2.375
VFLM 4602,5,21,1,3,5,2.625
VFLM 4602,6,28,0,4,4,3.5
VFLM 4602,7,14,0,4,4,1.75
VFLM 4602,8,16,0,4,4,2.0
VFLM 4602,9,17,1,5,3,2.125
VFLM 4602,10,23,1,5,3,2.875
VFLM 4602,11,19,1,3,5,2.375
VFLM 4602,12,26,0,4,4,3.25
VFLM 4602,13,19,1,3,5,2.375
VFLM 4602,14,19,1,3,5,2.375
VFLM 4602,15,19,1,3,5,2.375
VFLM 4602,16,21,1,3,5,2.625
VFLM 4602,17,28,0,4,4,3.5
VFLM 4602,18,14,0,4,4,1.75
VFLM 4602,19,16,0,4,4,2.0
VFLM 4602,20,17,1,5,3,2.125
VFLM 4602,21,19,1,3,5,2.375
VFLM 4602,22,19,1,3,5,2.375
VFLM 4602,23,19,1,3,5,2.375
VFLM 4602,24,21,1,3,5,2.625
VFLM 4602,25,28,0,4,4,3.5
VFLM 4602,26,14,0,4,4,1.75
VFLM 4602,27,16,0,4,4,2.0
VFLM 4602,28,17,1,5,3,2.125
VFLM 4602,29,23,1,5,3,2.875
VFLM 4602,30,19,1,3,5,2.375
VFLM 4603,1,19,1,3,5,2.375
VFLM 4603,2,19,1,3,5,2.375
VFLM 4603,3,19,1,3,5,2.375
VFLM 4603,4,19,1,3,5,2.375
VFLM 4603,5,19,1,3,5,2.375
VFLM 4603,6,19,1,3,5,2.375
VFLM 4603,7,21,1,3,5,2.625
VFLM 4603,8,28,0,4,4,3.5
VFLM 4603,9,14,0,4,4,1.75
VFLM 4603,10,16,0,4,4,2.0
VFLM 4603,11,17,1,5,3,2.125
VFLM 4603,12,23,1,5,3,2.875
VFLM 4603,13,30,0,4,4,3.75
VFLM 4603,14,19,1,3,5,2.375
VFLM 4603,15,19,1,3,5,2.375
VFLM 4603,16,19,1,3,5,2.375
VFLM 4603,17,19,1,3,5,2.375
VFLM 4603,18,21,1,3,5,2.625
VFLM 4603,19,28,0,4,4,3.5
VFLM 4603,20,14,0,4,4,1.75
VFLM 4603,21,16,0,4,4,2.0
VFLM 4603,22,17,1,5,3,2.125
VFLM 4603,23,15,1,5,3,1.875
VFLM 4603,24,30,0,4,4,3.75
VFLM 4603,25,19,1,3,5,2.375
VFLM 4603,26,19,1,3,5,2.375
VFLM 4603,27,19,1,3,5,2.375
VFLM 4603,28,19,1,3,5,2.375
VFLM 4603,29,21,1,3,5,2.625
VFLM 4603,30,28,0,4,4,3.5
VFLM 4604,1,14,0,4,4,1.75
VFLM 4604,2,16,0,4,4,2.0
VFLM 4604,3,19,1,1,7,2.375
VFLM 4604,4,15,1,5,3,1.875
VFLM 4604,5,30,0,4,4,3.75
VFLM 4604,6,19,1,3,5,2.375
VFLM 4604,7,19,1,3,5,2.375
VFLM 4604,8,19,1,3,5,2.375
VFLM 4604,9,19,1,3,5,2.375
VFLM 4604,10,21,1,3,5,2.625
VFLM 4604,11,28,0,4,4,3.5
VFLM 4604,12,14,0,4,4,1.75
VFLM 4604,13,28,0,2,6,3.5
VFLM 4604,14,19,1,1,7,2.375
VFLM 4604,15,15,1,5,3,1.875
VFLM 4604,16,30,0,4,4,3.75
VFLM 4604,17,19,1,3,5,2.375
VFLM 4604,18,19,1,3,5,2.375
VFLM 4604,19,19,1,3,5,2.375
VFLM 4604,20,19,1,3,5,2.375
VFLM 4604,21,21,1,3,5,2.625
VFLM 4604,22,28,0,4,4,3.5
VFLM 4604,23,26,0,4,4,3.25
VFLM 4604,24,28,0,2,6,3.5
VFLM 4604,25,19,1,1,7,2.375
VFLM 4604,26,15,1,5,3,1.875
VFLM 4604,27,30,0,4,4,3.75
VFLM 4604,28,19,1,3,5,2.375
VFLM 4604,29,26,0,4,4,3.25
VFLM 4604,30,28,0,2,6,3.5
VFLM 4605,1,19,1,1,7,2.375
VFLM 4605,2,15,1,5,3,1.875
VFLM 4605,3,30,0,4,4,3.75
VFLM 4605,4,19,1,3,5,2.375
VFLM 4605,5,19,1,3,5,2.375
VFLM 4605,6,19,1,3,5,2.375
VFLM 4605,7,19,1,3,5,2.375
VFLM 4605,8,21,1,3,5,2.625
VFLM 4605,9,22,0,6,2,2.75
VFLM 4605,10,26,0,4,4,3.25
VFLM 4605,11,28,0,2,6,3.5
VFLM 4605,12,19,1,1,7,2.375
VFLM 4605,13,15,1,5,3,1.875
VFLM 4605,14,30,0,4,4,3.75
VFLM 4605,15,19,1,3,5,2.375
VFLM 4605,16,19,1,3,5,2.375
VFLM 4605,17,19,1,3,5,2.375
VFLM 4605,18,19,1,3,5,2.375
VFLM 4605,19,22,0,6,2,2.75
VFLM 4605,20,26,0,4,4,3.25
VFLM 4605,21,28,0,2,6,3.5
VFLM 4605,22,19,1,1,7,2.375
VFLM 4605,23,15,1,5,3,1.875
VFLM 4605,24,30,0,4,4,3.75
VFLM 4605,25,19,1,3,5,2.375
VFLM 4605,26,19,1,3,5,2.375
VFLM 4605,27,19,1,3,5,2.375
VFLM 4605,28,19,1,3,5,2.375
VFLM 4605,29,17,1,3,5,2.125
VFLM 4605,30,22,0,6,2,2.75
VFLM 4606,1,26,0,4,4,3.25
VFLM 4606,2,28,0,2,6,3.5
VFLM 4606,3,19,1,1,7,2.375
VFLM 4606,4,15,1,5,3,1.875
VFLM 4606,5,30,0,4,4,3.75
VFLM 4606,6,19,1,3,5,2.375
VFLM 4606,7,19,1,3,5,2.375
VFLM 4606,8,19,1,3,5,2.375
VFLM 4606,9,17,1,3,5,2.125
VFLM 4606,10,22,0,6,2,2.75
VFLM 4606,11,26,0,4,4,3.25
VFLM 4606,12,28,0,2,6,3.5
VFLM 4606,13,19,1,1,7,2.375
VFLM 4606,14,15,1,5,3,1.875
VFLM 4606,15,30,0,4,4,3.75
VFLM 4606,16,19,1,3,5,2.375
VFLM 4606,17,19,1,3,5,2.375
VFLM 4606,18,19,1,3,5,2.375
VFLM 4606,19,22,0,4,4,2.75
VFLM 4606,20,17,1,3,5,2.125
VFLM 4606,21,22,0,6,2,2.75
VFLM 4606,22,26,0,4,4,3.25
VFLM 4606,23,28,0,2,6,3.5
VFLM 4606,24,19,1,1,7,2.375
VFLM 4606,25,15,1,5,3,1.875
VFLM 4606,26,30,0,4,4,3.75
VFLM 4606,27,19,1,3,5,2.375
VFLM 4606,28,19,1,3,5,2.375
VFLM 4606,29,22,0,4,4,2.75
VFLM 4606,30,17,1,3,5,2.125
VFLM 4607,1,22,0,6,2,2.75
VFLM 4607,2,26,0,4,4,3.25
VFLM 4607,3,28,0,2,6,3.5
VFLM 4607,4,19,1,1,7,2.375
VFLM 4607,5,15,1,5,3,1.875
VFLM 4607,6,30,0,4,4,3.75
VFLM 4607,7,19,1,3,5,2.375
VFLM 4607,8,19,1,3,5,2.375
VFLM 4607,9,29,1,3,5,3.625
VFLM 4607,10,22,0,4,4,2.75
VFLM 4607,11,17,1,3,5,2.125
VFLM 4607,12,22,0,6,2,2.75
VFLM 4607,13,26,0,4,4,3.25
VFLM 4607,14,28,0,2,6,3.5
VFLM 4607,15,19,1,1,7,2.375
VFLM 4607,16,15,1,5,3,1.875
VFLM 4607,17,30,0,4,4,3.75
VFLM 4607,18,19,1,3,5,2.375
VFLM 4607,19,29,1,3,5,3.625
VFLM 4607,20,22,0,4,4,2.75
VFLM 4607,21,17,1,3,5,2.125
VFLM 4607,22,22,0,6,2,2.75
VFLM 4607,23,26,0,4,4,3.25
VFLM 4607,24,28,0,2,6,3.5
VFLM 4607,25,19,1,1,7,2.375
VFLM 4607,26,15,1,5,3,1.875
VFLM 4607,27,30,0,4,4,3.75
VFLM 4607,28,19,1,3,5,2.375
VFLM 4607,29,22,0,4,4,2.75
VFLM 4607,30,29,1,3,5,3.625
VFLM 4608,1,22,0,4,4,2.75
VFLM 4608,2,17,1,3,5,2.125
VFLM 4608,3,22,0,6,2,2.75
VFLM 4608,4,26,0,4,4,3.25
VFLM 4608,5,28,0,2,6,3.5
VFLM 4608,6,19,1,1,7,2.375
VFLM 4608,7,15,1,5,3,1.875
VFLM 4608,8,30,0,4,4,3.75
VFLM 4608,9,22,0,4,4,2.75
VFLM 4608,10,29,1,3,5,3.625
VFLM 4608,11,22,0,4,4,2.75
VFLM 4608,12,17,1,3,5,2.125
VFLM 4608,13,22,0,6,2,2.75
VFLM 4608,14,26,0,4,4,3.25
VFLM 4608,15,28,0,2,6,3.5
VFLM 4608,16,19,1,1,7,2.375
VFLM 4608,17,15,1,5,3,1.875
VFLM 4608,18,30,0,4,4,3.75
VFLM 4608,19,21,1,5,3,2.625
VFLM 4608,20,22,0,4,4,2.75
VFLM 4608,21,29,1,3,5,3.625
VFLM 4608,22,22,0,4,4,2.75
VFLM 4608,23,17,1,3,5,2.125
VFLM 4608,24,22,0,6,2,2.75
VFLM 4608,25,26,0,4,4,3.25
VFLM 4608,26,28,0,2,6,3.5
VFLM 4608,27,19,1,1,7,2.375
VFLM 4608,28,15,1,5,3,1.875
VFLM 4608,29,13,1,3,5,1.625
VFLM 4608,30,21,1,5,3,2.625
VFLM 4609,1,22,0,4,4,2.75
VFLM 4609,2,29,1,3,5,3.625
VFLM 4609,3,22,0,4,4,2.75
VFLM 4609,4,17,1,3,5,2.125
VFLM 4609,5,22,0,6,2,2.75
VFLM 4609,6,26,0,4,4,3.25
VFLM 4609,7,28,0,2,6,3.5
VFLM 4609,8,19,1,1,7,2.375
VFLM 4609,9,13,1,3,5,1.625
VFLM 4609,10,21,1,5,3,2.625
VFLM 4609,11,22,0,4,4,2.75
VFLM 4609,12,29,1,3,5,3.625
VFLM 4609,13,22,0,4,4,2.75
VFLM 4609,14,17,1,3,5,2.125
VFLM 4609,15,22,0,6,2,2.75
VFLM 4609,16,26,0,4,4,3.25
VFLM 4609,17,28,0,2,6,3.5
VFLM 4609,18,19,1,1,7,2.375
VFLM 4609,19,15,1,5,3,1.875
VFLM 4609,20,13,1,3,5,1.625
VFLM 4609,21,21,1,5,3,2.625
VFLM 4609,22,22,0,4,4,2.75
VFLM 4609,23,29,1,3,5,3.625
VFLM 4609,24,22,0,4,4,2.75
VFLM 4609,25,17,1,3,5,2.125
VFLM 4609,26,15,1,5,3,1.875
VFLM 4609,27,13,1,3,5,1.625
VFLM 4609,28,21,1,5,3,2.625
VFLM 4609,29,22,0,4,4,2.75
VFLM 4609,30,29,1,3,5,3.625
VFLM 4610,1,22,0,4,4,2.75
VFLM 4610,2,17,1,3,5,2.125
VFLM 4610,3,22,0,6,2,2.75
VFLM 4610,4,26,0,4,4,3.25
VFLM 4610,5,28,0,2,6,3.5
VFLM 4610,6,20,0,6,2,2.5
VFLM 4610,7,15,1,5,3,1.875
VFLM 4610,8,13,1,3,5,1.625
VFLM 4610,9,21,1,5,3,2.625
VFLM 4610,10,22,0,4,4,2.75
VFLM 4610,11,29,1,3,5,3.625
VFLM 4610,12,22,0,4,4,2.75
VFLM 4610,13,17,1,3,5,2.125
VFLM 4610,14,20,0,6,2,2.5
VFLM 4610,15,15,1,5,3,1.875
VFLM 4610,16,13,1,3,5,1.625
VFLM 4610,17,21,1,5,3,2.625
VFLM 4610,18,22,0,4,4,2.75
VFLM 4610,19,29,1,3,5,3.625
VFLM 4610,20,22,0,4,4,2.75
VFLM 4610,21,17,1,3,5,2.125
VFLM 4610,22,22,0,6,2,2.75
VFLM 4610,23,26,0,4,4,3.25
VFLM 4610,24,16,0,4,4,2.0
VFLM 4610,25,20,0,6,2,2.5
VFLM 4610,26,15,1,5,3,1.875
VFLM 4610,27,13,1,3,5,1.625
VFLM 4610,28,21,1,5,3,2.625
VFLM 4610,29,22,0,4,4,2.75
VFLM 4610,30,16,0,4,4,2.0
VFLM 4611,1,20,0,6,2,2.5
VFLM 4611,2,15,1,5,3,1.875
VFLM 4611,3,13,1,3,5,1.625
VFLM 4611,4,21,1,5,3,2.625
VFLM 4611,5,22,0,4,4,2.75
VFLM 4611,6,29,1,3,5,3.625
VFLM 4611,7,22,0,4,4,2.75
VFLM 4611,8,17,1,3,5,2.125
VFLM 4611,9,22,0,6,2,2.75
VFLM 4611,10,20,0,4,4,2.5
VFLM 4611,11,16,0,4,4,2.0
VFLM 4611,12,20,0,6,2,2.5
VFLM 4611,13,15,1,5,3,1.875
VFLM 4611,14,13,1,3,5,1.625
VFLM 4611,15,21,1,5,3,2.625
VFLM 4611,16,22,0,4,4,2.75
VFLM 4611,17,29,1,3,5,3.625
VFLM 4611,18,22,0,4,4,2.75
VFLM 4611,19,17,1,3,5,2.125
VFLM 4611,20,16,0,2,6,2.0
VFLM 4611,21,20,0,4,4,2.5
VFLM 4611,22,16,0,4,4,2.0
VFLM 4611,23,20,0,6,2,2.5
VFLM 4611,24,15,1,5,3,1.875
VFLM 4611,25,13,1,3,5,1.625
VFLM 4611,26,21,1,5,3,2.625
VFLM 4611,27,22,0,4,4,2.75
VFLM 4611,28,29,1,3,5,3.625
VFLM 4611,29,22,0,4,4,2.75
VFLM 4611,30,26,0,4,4,3.25
VFLM 4612,1,16,0,2,6,2.0
VFLM 4612,2,20,0,4,4,2.5
VFLM 4612,3,16,0,4,4,2.0
VFLM 4612,4,20,0,6,2,2.5
VFLM 4612,5,15,1,5,3,1.875
VFLM 4612,6,13,1,3,5,1.625
VFLM 4612,7,21,1,5,3,2.625
VFLM 4612,8,22,0,4,4,2.75
VFLM 4612,9,29,1,3,5,3.625
VFLM 4612,10,21,1,5,3,2.625
VFLM 4612,11,26,0,4,4,3.25
VFLM 4612,12,21,1,5,3,2.625
VFLM 4612,13,26,0,4,4,3.25
VFLM 4612,14,16,0,2,6,2.0
VFLM 4612,15,20,0,4,4,2.5
VFLM 4612,16,16,0,4,4,2.0
VFLM 4612,17,20,0,6,2,2.5
VFLM 4612,18,15,1,5,3,1.875
VFLM 4612,19,13,1,3,5,1.625
VFLM 4612,20,21,1,5,3,2.625
VFLM 4612,21,22,0,4,4,2.75
VFLM 4612,22,15,1,3,5,1.875
VFLM 4612,23,21,1,5,3,2.625
VFLM 4612,24,26,0,4,4,3.25
VFLM 4612,25,16,0,2,6,2.0
VFLM 4612,26,20,0,4,4,2.5
VFLM 4612,27,16,0,4,4,2.0
VFLM 4612,28,20,0,6,2,2.5
VFLM 4612,29,15,1,5,3,1.875
VFLM 4612,30,13,1,3,5,1.625
VFLM 4613,1,15,1,3,5,1.875
VFLM 4613,2,21,1,5,3,2.625
VFLM 4613,3,26,0,4,4,3.25
VFLM 4613,4,16,0,2,6,2.0
VFLM 4613,5,20,0,4,4,2.5
VFLM 4613,6,16,0,4,4,2.0
VFLM 4613,7,20,0,6,2,2.5
VFLM 4613,8,15,1,5,3,1.875
VFLM 4613,9,13,1,3,5,1.625
VFLM 4613,10,21,1,5,3,2.625
VFLM 4613,11,21,1,7,1,2.625
VFLM 4613,12,15,1,3,5,1.875
VFLM 4613,13,21,1,5,3,2.625
VFLM 4613,14,26,0,4,4,3.25
VFLM 4613,15,16,0,2,6,2.0
VFLM 4613,16,20,0,4,4,2.5
VFLM 4613,17,16,0,4,4,2.0
VFLM 4613,18,20,0,6,2,2.5
VFLM 4613,19,15,1,5,3,1.875
VFLM 4613,20,13,1,3,5,1.625
VFLM 4613,21,21,1,7,1,2.625
VFLM 4613,22,15,1,3,5,1.875
VFLM 4613,23,21,1,5,3,2.625
VFLM 4613,24,26,0,4,4,3.25
VFLM 4613,25,16,0,2,6,2.0
VFLM 4613,26,20,0,4,4,2.5
VFLM 4613,27,16,0,4,4,2.0
VFLM 4613,28,20,0,6,2,2.5
VFLM 4613,29,15,1,5,3,1.875
VFLM 4613,30,13,1,3,5,1.625
VFLM 4614,1,19,1,5,3,2.375
VFLM 4614,2,21,1,7,1,2.625
VFLM 4614,3,15,1,3,5,1.875
VFLM 4614,4,21,1,5,3,2.625
VFLM 4614,5,26,0,4,4,3.25
VFLM 4614,6,16,0,2,6,2.0
VFLM 4614,7,20,0,4,4,2.5
VFLM 4614,8,16,0,4,4,2.0
VFLM 4614,9,20,0,6,2,2.5
VFLM 4614,10,15,1,5,3,1.875
VFLM 4614,11,19,1,5,3,2.375
VFLM 4614,12,21,1,7,1,2.625
VFLM 4614,13,15,1,3,5,1.875
VFLM 4614,14,21,1,5,3,2.625
VFLM 4614,15,26,0,4,4,3.25
VFLM 4614,16,16,0,2,6,2.0
VFLM 4614,17,20,0,4,4,2.5
VFLM 4614,18,16,0,4,4,2.0
VFLM 4614,19,20,0,6,2,2.5
VFLM 4614,20,15,1,5,3,1.875
VFLM 4614,21,19,1,5,3,2.375
VFLM 4614,22,21,1,7,1,2.625
VFLM 4614,23,15,1,3,5,1.875
VFLM 4614,24,21,1,5,3,2.625
VFLM 4614,25,26,0,4,4,3.25
VFLM 4614,26,16,0,2,6,2.0
VFLM 4614,27,20,0,4,4,2.5
VFLM 4614,28,16,0,4,4,2.0
VFLM 4614,29,20,0,6,2,2.5
VFLM 4614,30,15,1,5,3,1.875
VFLM 4615,1,30,0,2,6,3.75
VFLM 4615,2,19,1,5,3,2.375
VFLM 4615,3,21,1,7,1,2.625
VFLM 4615,4,15,1,3,5,1.875
VFLM 4615,5,21,1,5,3,2.625
VFLM 4615,6,26,0,4,4,3.25
VFLM 4615,7,16,0,2,6,2.0
VFLM 4615,8,20,0,4,4,2.5
VFLM 4615,9,16,0,4,4,2.0
VFLM 4615,10,20,0,6,2,2.5
VFLM 4615,11,30,0,2,6,3.75
VFLM 4615,12,19,1,5,3,2.375
VFLM 4615,13,21,1,7,1,2.625
VFLM 4615,14,15,1,3,5,1.875
VFLM 4615,15,21,1,5,3,2.625
VFLM 4615,16,26,0,4,4,3.25
VFLM 4615,17,16,0,2,6,2.0
VFLM 4615,18,20,0,4,4,2.5
VFLM 4615,19,16,0,4,4,2.0
VFLM 4615,20,20,0,6,2,2.5
VFLM 4615,21,25,1,3,5,3.125
VFLM 4615,22,30,0,2,6,3.75
VFLM 4615,23,19,1,5,3,2.375
VFLM 4615,24,21,1,7,1,2.625
VFLM 4615,25,15,1,3,5,1.875
VFLM 4615,26,21,1,5,3,2.625
VFLM 4615,27,26,0,4,4,3.25
VFLM 4615,28,16,0,2,6,2.0
VFLM 4615,29,20,0,4,4,2.5
VFLM 4615,30,16,0,4,4,2.0
VFLM 4616,1,25,1,3,5,3.125
VFLM 4616,2,30,0,2,6,3.75
VFLM 4616,3,19,1,5,3,2.375
VFLM 4616,4,21,1,7,1,2.625
VFLM 4616,5,15,1,3,5,1.875
VFLM 4616,6,21,1,5,3,2.625
VFLM 4616,7,26,0,4,4,3.25
VFLM 4616,8,16,0,2,6,2.0
VFLM 4616,9,20,0,4,4,2.5
VFLM 4616,10,16,0,4,4,2.0
VFLM 4616,11,23,1,5,3,2.875
VFLM 4616,12,25,1,3,5,3.125
VFLM 4616,13,30,0,2,6,3.75
VFLM 4616,14,19,1,5,3,2.375
VFLM 4616,15,21,1,7,1,2.625
VFLM 4616,16,15,1,3,5,1.875
VFLM 4616,17,21,1,5,3,2.625
VFLM 4616,18,26,0,4,4,3.25
VFLM 4616,19,16,0,2,6,2.0
VFLM 4616,20,20,0,4,4,2.5
VFLM 4616,21,23,1,5,3,2.875
VFLM 4616,22,25,1,3,5,3.125
VFLM 4616,23,30,0,2,6,3.75
VFLM 4616,24,19,1,5,3,2.375
VFLM 4616,25,21,1,7,1,2.625
VFLM 4616,26,15,1,3,5,1.875
VFLM 4616,27,21,1,5,3,2.625
VFLM 4616,28,26,0,4,4,3.25
VFLM 4616,29,16,0,2,6,2.0
VFLM 4616,30,20,0,4,4,2.5
VFLM 4617,1,23,1,1,7,2.875
VFLM 4617,2,23,1,5,3,2.875
VFLM 4617,3,25,1,3,5,3.125
VFLM 4617,4,30,0,2,6,3.75
VFLM 4617,5,19,1,5,3,2.375
VFLM 4617,6,21,1,7,1,2.625
VFLM 4617,7,15,1,3,5,1.875
VFLM 4617,8,21,1,5,3,2.625
VFLM 4617,9,26,0,4,4,3.25
VFLM 4617,10,16,0,2,6,2.0
VFLM 4617,11,23,1,1,7,2.875
VFLM 4617,12,23,1,5,3,2.875
VFLM 4617,13,25,1,3,5,3.125
VFLM 4617,14,30,0,2,6,3.75
VFLM 4617,15,19,1,5,3,2.375
VFLM 4617,16,21,1,7,1,2.625
VFLM 4617,17,15,1,3,5,1.875
VFLM 4617,18,21,1,5,3,2.625
VFLM 4617,19,26,0,4,4,3.25
VFLM 4617,20,16,0,2,6,2.0
VFLM 4617,21,19,1,7,1,2.375
VFLM 4617,22,23,1,1,7,2.875
VFLM 4617,23,23,1,5,3,2.875
VFLM 4617,24,25,1,3,5,3.125
VFLM 4617,25,30,0,2,6,3.75
VFLM 4617,26,19,1,5,3,2.375
VFLM 4617,27,21,1,7,1,2.625
VFLM 4617,28,19,1,7,1,2.375
VFLM 4617,29,23,1,1,7,2.875
VFLM 4617,30,23,1,5,3,2.875
VFLM 4618,1,25,1,3,5,3.125
VFLM 4618,2,30,0,2,6,3.75
VFLM 4618,3,19,1,5,3,2.375
VFLM 4618,4,21,1,7,1,2.625
VFLM 4618,5,15,1,3,5,1.875
VFLM 4618,6,21,1,5,3,2.625
VFLM 4618,7,26,0,4,4,3.25
VFLM 4618,8,25,1,5,3,3.125
VFLM 4618,9,25,1,5,3,3.125
VFLM 4618,10,19,1,7,1,2.375
VFLM 4618,11,23,1,1,7,2.875
VFLM 4618,12,23,1,5,3,2.875
VFLM 4618,13,25,1,3,5,3.125
VFLM 4618,14,30,0,2,6,3.75
VFLM 4618,15,19,1,5,3,2.375
VFLM 4618,16,21,1,7,1,2.625
VFLM 4618,17,15,1,3,5,1.875
VFLM 4618,18,21,1,5,3,2.625
VFLM 4618,19,27,1,3,5,3.375
VFLM 4618,20,25,1,5,3,3.125
VFLM 4618,21,19,1,7,1,2.375
VFLM 4618,22,23,1,1,7,2.875
VFLM 4618,23,23,1,5,3,2.875
VFLM 4618,24,25,1,3,5,3.125
VFLM 4618,25,30,0,2,6,3.75
VFLM 4618,26,19,1,5,3,2.375
VFLM 4618,27,21,1,7,1,2.625
VFLM 4618,28,15,1,3,5,1.875
VFLM 4618,29,23,1,5,3,2.875
VFLM 4618,30,27,1,3,5,3.375
VFLM 4619,1,25,1,5,3,3.125
VFLM 4619,2,19,1,7,1,2.375
VFLM 4619,3,23,1,1,7,2.875
VFLM 4619,4,23,1,5,3,2.875
VFLM 4619,5,25,1,3,5,3.125
VFLM 4619,6,30,0,2,6,3.75
VFLM 4619,7,19,1,5,3,2.375
VFLM 4619,8,21,1,7,1,2.625
VFLM 4619,9,25,1,3,5,3.125
VFLM 4619,10,23,1,5,3,2.875
VFLM 4619,11,27,1,3,5,3.375
VFLM 4619,12,25,1,5,3,3.125
VFLM 4619,13,19,1,7,1,2.375
VFLM 4619,14,23,1,1,7,2.875
VFLM 4619,15,23,1,5,3,2.875
VFLM 4619,16,25,1,3,5,3.125
VFLM 4619,17,30,0,2,6,3.75
VFLM 4619,18,19,1,5,3,2.375
VFLM 4619,19,21,1,7,1,2.625
VFLM 4619,20,25,1,3,5,3.125
VFLM 4619,21,23,1,5,3,2.875
VFLM 4619,22,27,1,3,5,3.375
VFLM 4619,23,25,1,5,3,3.125
VFLM 4619,24,19,1,7,1,2.375
VFLM 4619,25,23,1,1,7,2.875
VFLM 4619,26,23,1,5,3,2.875
VFLM 4619,27,25,1,3,5,3.125
VFLM 4619,28,30,0,2,6,3.75
VFLM 4619,29,22,0,4,4,2.75
VFLM 4619,30,21,1,7,1,2.625
VFLM 4620,1,25,1,3,5,3.125
VFLM 4620,2,23,1,5,3,2.875
VFLM 4620,3,27,1,3,5,3.375
VFLM 4620,4,25,1,5,3,3.125
VFLM 4620,5,19,1,7,1,2.375
VFLM 4620,6,23,1,1,7,2.875
VFLM 4620,7,23,1,5,3,2.875
VFLM 4620,8,25,1,3,5,3.125
VFLM 4620,9,19,1,5,3,2.375
VFLM 4620,10,22,0,4,4,2.75
VFLM 4620,11,21,1,7,1,2.625
VFLM 4620,12,25,1,3,5,3.125
VFLM 4620,13,23,1,5,3,2.875
VFLM 4620,14,27,1,3,5,3.375
VFLM 4620,15,25,1,5,3,3.125
VFLM 4620,16,19,1,7,1,2.375
VFLM 4620,17,23,1,1,7,2.875
VFLM 4620,18,23,1,5,3,2.875
VFLM 4620,19,21,1,5,3,2.625
VFLM 4620,20,21,1,5,3,2.625
VFLM 4620,21,19,1,5,3,2.375
VFLM 4620,22,22,0,4,4,2.75
VFLM 4620,23,21,1,7,1,2.625
VFLM 4620,24,25,1,3,5,3.125
VFLM 4620,25,23,1,5,3,2.875
VFLM 4620,26,27,1,3,5,3.375
VFLM 4620,27,25,1,5,3,3.125
VFLM 4620,28,19,1,7,1,2.375
VFLM 4620,29,23,1,1,7,2.875
VFLM 4620,30,24,0,4,4,3.0
VFLM 4621,1,21,1,5,3,2.625
VFLM 4621,2,19,1,5,3,2.375
VFLM 4621,3,22,0,4,4,2.75
VFLM 4621,4,24,0,4,4,3.0
VFLM 4621,5,21,1,5,3,2.625
VFLM 4621,6,19,1,5,3,2.375
VFLM 4621,7,22,0,4,4,2.75
VFLM 4621,8,21,1,7,1,2.625
VFLM 4621,9,25,1,3,5,3.125
VFLM 4621,10,23,1,5,3,2.875
VFLM 4621,11,27,1,3,5,3.375
VFLM 4621,12,25,1,5,3,3.125
VFLM 4621,13,19,1,7,1,2.375
VFLM 4621,14,15,1,3,5,1.875
VFLM 4621,15,24,0,4,4,3.0
VFLM 4621,16,21,1,5,3,2.625
VFLM 4621,17,19,1,5,3,2.375
VFLM 4621,18,22,0,4,4,2.75
VFLM 4621,19,21,1,7,1,2.625
VFLM 4621,20,25,1,3,5,3.125
VFLM 4621,21,23,1,5,3,2.875
VFLM 4621,22,27,1,3,5,3.375
VFLM 4621,23,25,1,5,3,3.125
VFLM 4621,24,15,1,3,5,1.875
VFLM 4621,25,24,0,4,4,3.0
VFLM 4621,26,21,1,5,3,2.625
VFLM 4621,27,19,1,5,3,2.375
VFLM 4621,28,22,0,4,4,2.75
VFLM 4621,29,21,1,7,1,2.625
VFLM 4621,30,25,1,3,5,3.125
VFLM 4622,1,23,1,5,3,2.875
VFLM 4622,2,27,1,3,5,3.375
VFLM 4622,3,25,1,5,3,3.125
VFLM 4622,4,26,0,6,2,3.25
VFLM 4622,5,15,1,3,5,1.875
VFLM 4622,6,24,0,4,4,3.0
VFLM 4622,7,21,1,5,3,2.625
VFLM 4622,8,19,1,5,3,2.375
VFLM 4622,9,22,0,4,4,2.75
VFLM 4622,10,21,1,7,1,2.625
VFLM 4622,11,25,1,3,5,3.125
VFLM 4622,12,23,1,5,3,2.875
VFLM 4622,13,27,1,3,5,3.375
VFLM 4622,14,26,0,6,2,3.25
VFLM 4622,15,15,1,3,5,1.875
VFLM 4622,16,24,0,4,4,3.0
VFLM 4622,17,21,1,5,3,2.625
VFLM 4622,18,19,1,5,3,2.375
VFLM 4622,19,22,0,4,4,2.75
VFLM 4622,20,21,1,7,1,2.625
VFLM 4622,21,25,1,3,5,3.125
VFLM 4622,22,23,1,5,3,2.875
VFLM 4622,23,27,1,3,5,3.375
VFLM 4622,24,19,1,5,3,2.375
VFLM 4622,25,26,0,6,2,3.25
VFLM 4622,26,15,1,3,5,1.875
VFLM 4622,27,24,0,4,4,3.0
VFLM 4622,28,21,1,5,3,2.625
VFLM 4622,29,19,1,5,3,2.375
VFLM 4622,30,22,0,4,4,2.75
VFLM 4623,1,21,1,7,1,2.625
VFLM 4623,2,25,1,3,5,3.125
VFLM 4623,3,23,1,5,3,2.875
VFLM 4623,4,19,1,5,3,2.375
VFLM 4623,5,26,0,6,2,3.25
VFLM 4623,6,15,1,3,5,1.875
VFLM 4623,7,24,0,4,4,3.0
VFLM 4623,8,21,1,5,3,2.625
VFLM 4623,9,19,1,5,3,2.375
VFLM 4623,10,22,0,4,4,2.75
VFLM 4623,11,21,1,7,1,2.625
VFLM 4623,12,25,1,3,5,3.125
VFLM 4623,13,23,1,5,3,2.875
VFLM 4623,14,27,1,1,7,3.375
VFLM 4623,15,19,1,5,3,2.375
VFLM 4623,16,26,0,6,2,3.25
VFLM 4623,17,15,1,3,5,1.875
VFLM 4623,18,24,0,4,4,3.0
VFLM 4623,19,21,1,5,3,2.625
VFLM 4623,20,19,1,5,3,2.375
VFLM 4623,21,22,0,4,4,2.75
VFLM 4623,22,21,1,7,1,2.625
VFLM 4623,23,25,1,3,5,3.125
VFLM 4623,24,27,1,1,7,3.375
VFLM 4623,25,19,1,5,3,2.375
VFLM 4623,26,26,0,6,2,3.25
VFLM 4623,27,15,1,3,5,1.875
VFLM 4623,28,24,0,4,4,3.0
VFLM 4623,29,21,1,5,3,2.625
VFLM 4623,30,19,1,5,3,2.375
VFLM 4624,1,22,0,4,4,2.75
VFLM 4624,2,21,1,7,1,2.625
VFLM 4624,3,25,1,3,5,3.125
VFLM 4624,4,26,0,4,4,3.25
VFLM 4624,5,27,1,1,7,3.375
VFLM 4624,6,19,1,5,3,2.375
VFLM 4624,7,26,0,6,2,3.25
VFLM 4624,8,15,1,3,5,1.875
VFLM 4624,9,24,0,4,4,3.0
VFLM 4624,10,21,1,5,3,2.625
VFLM 4624,11,19,1,5,3,2.375
VFLM 4624,12,22,0,4,4,2.75
VFLM 4624,13,21,1,7,1,2.625
VFLM 4624,14,26,0,4,4,3.25
VFLM 4624,15,27,1,1,7,3.375
VFLM 4624,16,19,1,5,3,2.375
VFLM 4624,17,26,0,6,2,3.25
VFLM 4624,18,15,1,3,5,1.875
VFLM 4624,19,24,0,4,4,3.0
VFLM 4624,20,21,1,5,3,2.625
VFLM 4624,21,19,1,5,3,2.375
VFLM 4624,22,22,0,4,4,2.75
VFLM 4624,23,21,1,7,1,2.625
VFLM 4624,24,24,0,4,4,3.0
VFLM 4624,25,26,0,4,4,3.25
VFLM 4624,26,27,1,1,7,3.375
VFLM 4624,27,19,1,5,3,2.375
VFLM 4624,28,26,0,6,2,3.25
VFLM 4624,29,15,1,3,5,1.875
VFLM 4624,30,24,0,4,4,3.0
VFLM 4625,1,21,1,5,3,2.625
VFLM 4625,2,19,1,5,3,2.375
VFLM 4625,3,22,0,4,4,2.75
VFLM 4625,4,24,0,4,4,3.0
VFLM 4625,5,26,0,4,4,3.25
VFLM 4625,6,27,1,1,7,3.375
VFLM 4625,7,19,1,5,3,2.375
VFLM 4625,8,26,0,6,2,3.25
VFLM 4625,9,15,1,3,5,1.875
VFLM 4625,10,24,0,4,4,3.0
VFLM 4625,11,21,1,5,3,2.625
VFLM 4625,12,19,1,5,3,2.375
VFLM 4625,13,22,0,4,4,2.75
VFLM 4625,14,19,1,7,1,2.375
VFLM 4625,15,24,0,4,4,3.0
VFLM 4625,16,26,0,4,4,3.25
VFLM 4625,17,27,1,1,7,3.375
VFLM 4625,18,19,1,5,3,2.375
VFLM 4625,19,26,0,6,2,3.25
VFLM 4625,20,15,1,3,5,1.875
VFLM 4625,21,24,0,4,4,3.0
VFLM 4625,22,21,1,5,3,2.625
VFLM 4625,23,19,1,5,3,2.375
VFLM 4625,24,23,1,5,3,2.875
VFLM 4625,25,19,1,7,1,2.375
VFLM 4625,26,24,0,4,4,3.0
VFLM 4625,27,26,0,4,4,3.25
VFLM 4625,28,27,1,1,7,3.375
VFLM 4625,29,19,1,5,3,2.375
VFLM 4625,30,23,1,5,3,2.875
VFLM 4627,1,15,1,3,5,1.875
VFLM 4627,2,25,1,3,5,3.125
VFLM 4627,3,19,1,7,1,2.375
VFLM 4627,4,18,0,2,6,2.25
VFLM 4627,5,23,1,5,3,2.875
VFLM 4627,6,19,1,7,1,2.375
VFLM 4627,7,24,0,4,4,3.0
VFLM 4627,8,26,0,4,4,3.25
VFLM 4627,9,27,1,1,7,3.375
VFLM 4627,10,19,1,5,3,2.375
VFLM 4627,11,26,0,6,2,3.25
VFLM 4627,12,15,1,3,5,1.875
VFLM 4627,13,25,1,3,5,3.125
VFLM 4627,14,19,1,7,1,2.375
VFLM 4627,15,18,0,2,6,2.25
VFLM 4627,16,23,1,5,3,2.875
VFLM 4627,17,19,1,7,1,2.375
VFLM 4627,18,24,0,4,4,3.0
VFLM 4627,19,26,0,4,4,3.25
VFLM 4627,20,27,1,1,7,3.375
VFLM 4627,21,19,1,5,3,2.375
VFLM 4627,22,20,0,6,2,2.5
VFLM 4627,23,15,1,3,5,1.875
VFLM 4627,24,25,1,3,5,3.125
VFLM 4627,25,19,1,7,1,2.375
VFLM 4627,26,18,0,2,6,2.25
VFLM 4627,27,23,1,5,3,2.875
VFLM 4627,28,19,1,7,1,2.375
VFLM 4627,29,24,0,4,4,3.0
VFLM 4627,30,26,0,4,4,3.25
VFLM 4628,1,27,1,1,7,3.375
VFLM 4628,2,19,1,5,3,2.375
VFLM 4628,3,20,0,6,2,2.5
VFLM 4628,4,15,1,3,5,1.875
VFLM 4628,5,25,1,3,5,3.125
VFLM 4628,6,19,1,7,1,2.375
VFLM 4628,7,18,0,2,6,2.25
VFLM 4628,8,19,1,5,3,2.375
VFLM 4628,9,20,0,6,2,2.5
VFLM 4628,10,15,1,3,5,1.875
VFLM 4628,11,25,1,3,5,3.125
VFLM 4628,12,19,1,7,1,2.375
VFLM 4628,13,18,0,2,6,2.25
VFLM 4628,14,23,1,5,3,2.875
VFLM 4628,15,19,1,7,1,2.375
VFLM 4628,16,24,0,4,4,3.0
VFLM 4628,17,26,0,4,4,3.25
VFLM 4628,18,20,0,6,2,2.5
VFLM 4628,19,19,1,5,3,2.375
VFLM 4628,20,20,0,6,2,2.5
VFLM 4628,21,15,1,3,5,1.875
VFLM 4628,22,25,1,3,5,3.125
VFLM 4628,23,19,1,7,1,2.375
VFLM 4628,24,18,0,2,6,2.25
VFLM 4628,25,23,1,5,3,2.875
VFLM 4628,26,19,1,7,1,2.375
VFLM 4628,27,20,0,6,2,2.5
VFLM 4628,28,19,1,5,3,2.375
VFLM 4628,29,20,0,6,2,2.5
VFLM 4628,30,15,1,3,5,1.875
VFLM 4629,1,25,1,3,5,3.125
VFLM 4629,2,19,1,7,1,2.375
VFLM 4629,3,18,0,2,6,2.25
VFLM 4629,4,23,1,5,3,2.875
VFLM 4629,5,19,1,7,1,2.375
VFLM 4629,6,24,0,4,4,3.0
VFLM 4629,7,16,0,4,4,2.0
VFLM 4629,8,20,0,6,2,2.5
VFLM 4629,9,19,1,5,3,2.375
VFLM 4629,10,20,0,6,2,2.5
VFLM 4629,11,15,1,3,5,1.875
VFLM 4629,12,25,1,3,5,3.125
VFLM 4629,13,19,1,7,1,2.375
VFLM 4629,14,18,0,2,6,2.25
VFLM 4629,15,23,1,5,3,2.875
VFLM 4629,16,19,1,7,1,2.375
VFLM 4629,17,16,0,4,4,2.0
VFLM 4629,18,20,0,6,2,2.5
VFLM 4629,19,19,1,5,3,2.375
VFLM 4629,20,20,0,6,2,2.5
VFLM 4629,21,15,1,3,5,1.875
VFLM 4629,22,25,1,3,5,3.125
VFLM 4629,23,19,1,7,1,2.375
VFLM 4629,24,18,0,2,6,2.25
VFLM 4629,25,23,1,5,3,2.875
VFLM 4629,26,19,1,7,1,2.375
VFLM 4629,27,18,0,4,4,2.25
VFLM 4629,28,16,0,4,4,2.0
VFLM 4629,29,20,0,6,2,2.5
VFLM 4629,30,19,1,5,3,2.375
VFLM 4630,1,20,0,6,2,2.5
VFLM 4630,2,15,1,3,5,1.875
VFLM 4630,3,25,1,3,5,3.125
VFLM 4630,4,19,1,7,1,2.375
VFLM 4630,5,18,0,2,6,2.25
VFLM 4630,6,23,1,5,3,2.875
VFLM 4630,7,18,0,4,4,2.25
VFLM 4630,8,16,0,4,4,2.0
VFLM 4630,9,20,0,6,2,2.5
VFLM 4630,10,19,1,5,3,2.375
VFLM 4630,11,20,0,6,2,2.5
VFLM 4630,12,15,1,3,5,1.875
VFLM 4630,13,25,1,3,5,3.125
VFLM 4630,14,19,1,7,1,2.375
VFLM 4630,15,18,0,2,6,2.25
VFLM 4630,16,23,1,5,3,2.875
VFLM 4630,17,18,0,4,4,2.25
VFLM 4630,18,16,0,4,4,2.0
VFLM 4630,19,20,0,6,2,2.5
VFLM 4630,20,19,1,5,3,2.375
VFLM 4630,21,20,0,6,2,2.5
VFLM 4630,22,15,1,3,5,1.875
VFLM 4630,23,25,1,3,5,3.125
VFLM 4630,24,19,1,7,1,2.375
VFLM 4630,25,18,0,2,6,2.25
VFLM 4630,26,23,1,5,3,2.875
VFLM 4630,27,23,1,3,5,2.875
VFLM 4630,28,18,0,4,4,2.25
VFLM 4630,29,16,0,4,4,2.0
VFLM 4630,30,20,0,6,2,2.5
VFLM 4631,1,19,1,5,3,2.375
VFLM 4631,2,20,0,6,2,2.5
VFLM 4631,3,15,1,3,5,1.875
VFLM 4631,4,25,1,3,5,3.125
VFLM 4631,5,19,1,7,1,2.375
VFLM 4631,6,18,0,2,6,2.25
VFLM 4631,7,23,1,3,5,2.875
VFLM 4631,8,18,0,4,4,2.25
VFLM 4631,9,16,0,4,4,2.0
VFLM 4631,10,20,0,6,2,2.5
VFLM 4631,11,19,1,5,3,2.375
VFLM 4631,12,20,0,6,2,2.5
VFLM 4631,13,15,1,3,5,1.875
VFLM 4631,14,25,1,3,5,3.125
VFLM 4631,15,19,1,7,1,2.375
VFLM 4631,16,18,0,2,6,2.25
VFLM 4631,17,20,0,2,6,2.5
VFLM 4631,18,23,1,3,5,2.875
VFLM 4631,19,18,0,4,4,2.25
VFLM 4631,20,16,0,4,4,2.0
VFLM 4631,21,20,0,6,2,2.5
VFLM 4631,22,19,1,5,3,2.375
VFLM 4631,23,20,0,6,2,2.5
VFLM 4631,24,15,1,3,5,1.875
VFLM 4631,25,25,1,3,5,3.125
VFLM 4631,26,19,1,7,1,2.375
VFLM 4631,27,20,0,2,6,2.5
VFLM 4631,28,23,1,3,5,2.875
VFLM 4631,29,18,0,4,4,2.25
VFLM 4631,30,16,0,4,4,2.0
VFLM 4632,1,20,0,6,2,2.5
VFLM 4632,2,19,1,5,3,2.375
VFLM 4632,3,20,0,6,2,2.5
VFLM 4632,4,15,1,3,5,1.875
VFLM 4632,5,25,1,3,5,3.125
VFLM 4632,6,19,1,7,1,2.375
VFLM 4632,7,18,0,6,2,2.25
VFLM 4632,8,20,0,2,6,2.5
VFLM 4632,9,23,1,3,5,2.875
VFLM 4632,10,18,0,4,4,2.25
VFLM 4632,11,16,0,4,4,2.0
VFLM 4632,12,18,0,6,2,2.25
VFLM 4632,13,20,0,2,6,2.5
VFLM 4632,14,23,1,3,5,2.875
VFLM 4632,15,18,0,4,4,2.25
VFLM 4632,16,16,0,4,4,2.0
VFLM 4632,17,20,0,6,2,2.5
VFLM 4632,18,19,1,5,3,2.375
VFLM 4632,19,20,0,6,2,2.5
VFLM 4632,20,15,1,3,5,1.875
VFLM 4632,21,25,1,3,5,3.125
VFLM 4632,22,14,0,2,6,1.75
VFLM 4632,23,18,0,6,2,2.25
VFLM 4632,24,20,0,2,6,2.5
VFLM 4632,25,23,1,3,5,2.875
VFLM 4632,26,18,0,4,4,2.25
VFLM 4632,27,16,0,4,4,2.0
VFLM 4632,28,20,0,6,2,2.5
VFLM 4632,29,19,1,5,3,2.375
VFLM 4632,30,20,0,6,2,2.5
VFLM 4633,1,15,1,3,5,1.875
VFLM 4633,2,23,1,5,3,2.875
VFLM 4633,3,14,0,2,6,1.75
VFLM 4633,4,18,0,6,2,2.25
VFLM 4633,5,20,0,2,6,2.5
VFLM 4633,6,23,1,3,5,2.875
VFLM 4633,7,18,0,4,4,2.25
VFLM 4633,8,16,0,4,4,2.0
VFLM 4633,9,20,0,6,2,2.5
VFLM 4633,10,19,1,5,3,2.375
VFLM 4633,11,20,0,6,2,2.5
VFLM 4633,12,19,1,5,3,2.375
VFLM 4633,13,23,1,5,3,2.875
VFLM 4633,14,14,0,2,6,1.75
VFLM 4633,15,18,0,6,2,2.25
VFLM 4633,16,20,0,2,6,2.5
VFLM 4633,17,23,1,3,5,2.875
VFLM 4633,18,18,0,4,4,2.25
VFLM 4633,19,16,0,4,4,2.0
VFLM 4633,20,20,0,6,2,2.5
VFLM 4633,21,19,1,5,3,2.375
VFLM 4633,22,15,1,3,5,1.875
VFLM 4633,23,19,1,5,3,2.375
VFLM 4633,24,23,1,5,3,2.875
VFLM 4633,25,14,0,2,6,1.75
VFLM 4633,26,18,0,6,2,2.25
VFLM 4633,27,20,0,2,6,2.5
VFLM 4633,28,23,1,3,5,2.875
VFLM 4633,29,18,0,4,4,2.25
VFLM 4633,30,16,0,4,4,2.0
VFLM 4634,1,20,0,6,2,2.5
VFLM 4634,2,19,1,3,5,2.375
VFLM 4634,3,15,1,3,5,1.875
VFLM 4634,4,19,1,5,3,2.375
VFLM 4634,5,23,1,5,3,2.875
VFLM 4634,6,14,0,2,6,1.75
VFLM 4634,7,18,0,6,2,2.25
VFLM 4634,8,20,0,2,6,2.5
VFLM 4634,9,23,1,3,5,2.875
VFLM 4634,10,18,0,4,4,2.25
VFLM 4634,11,16,0,4,4,2.0
VFLM 4634,12,23,1,3,5,2.875
VFLM 4634,13,23,1,3,5,2.875
VFLM 4634,14,19,1,3,5,2.375
VFLM 4634,15,15,1,3,5,1.875
VFLM 4634,16,19,1,5,3,2.375
VFLM 4634,17,23,1,5,3,2.875
VFLM 4634,18,14,0,2,6,1.75
VFLM 4634,19,18,0,6,2,2.25
VFLM 4634,20,20,0,2,6,2.5
VFLM 4634,21,23,1,3,5,2.875
VFLM 4634,22,18,0,4,4,2.25
VFLM 4634,23,26,0,4,4,3.25
VFLM 4634,24,23,1,3,5,2.875
VFLM 4634,25,19,1,3,5,2.375
VFLM 4634,26,15,1,3,5,1.875
VFLM 4634,27,19,1,5,3,2.375
VFLM 4634,28,26,0,4,4,3.25
VFLM 4634,29,23,1,3,5,2.875
VFLM 4634,30,19,1,3,5,2.375
VFLM 4635,1,15,1,3,5,1.875
VFLM 4635,2,19,1,5,3,2.375
VFLM 4635,3,23,1,5,3,2.875
VFLM 4635,4,14,0,2,6,1.75
VFLM 4635,5,18,0,6,2,2.25
VFLM 4635,6,20,0,2,6,2.5
VFLM 4635,7,23,1,3,5,2.875
VFLM 4635,8,20,0,4,4,2.5
VFLM 4635,9,26,0,4,4,3.25
VFLM 4635,10,23,1,3,5,2.875
VFLM 4635,11,19,1,3,5,2.375
VFLM 4635,12,15,1,3,5,1.875
VFLM 4635,13,19,1,5,3,2.375
VFLM 4635,14,23,1,5,3,2.875
VFLM 4635,15,14,0,2,6,1.75
VFLM 4635,16,18,0,6,2,2.25
VFLM 4635,17,20,0,2,6,2.5
VFLM 4635,18,20,0,4,4,2.5
VFLM 4635,19,26,0,4,4,3.25
VFLM 4635,20,23,1,3,5,2.875
VFLM 4635,21,19,1,3,5,2.375
VFLM 4635,22,15,1,3,5,1.875
VFLM 4635,23,19,1,5,3,2.375
VFLM 4635,24,23,1,5,3,2.875
VFLM 4635,25,14,0,2,6,1.75
VFLM 4635,26,18,0,6,2,2.25
VFLM 4635,27,20,0,2,6,2.5
VFLM 4635,28,25,1,7,1,3.125
VFLM 4635,29,20,0,4,4,2.5
VFLM 4635,30,26,0,4,4,3.25
VFLM 4636,1,23,1,3,5,2.875
VFLM 4636,2,19,1,3,5,2.375
VFLM 4636,3,15,1,3,5,1.875
VFLM 4636,4,19,1,5,3,2.375
VFLM 4636,5,23,1,5,3,2.875
VFLM 4636,6,14,0,2,6,1.75
VFLM 4636,7,18,0,6,2,2.25
VFLM 4636,8,25,1,7,1,3.125
VFLM 4636,9,20,0,4,4,2.5
VFLM 4636,10,26,0,4,4,3.25
VFLM 4636,11,23,1,3,5,2.875
VFLM 4636,12,19,1,3,5,2.375
VFLM 4636,13,15,1,3,5,1.875
VFLM 4636,14,19,1,5,3,2.375
VFLM 4636,15,23,1,5,3,2.875
VFLM 4636,16,14,0,2,6,1.75
VFLM 4636,17,18,0,6,2,2.25
VFLM 4636,18,22,0,4,4,2.75
VFLM 4636,19,25,1,7,1,3.125
VFLM 4636,20,20,0,4,4,2.5
VFLM 4636,21,26,0,4,4,3.25
VFLM 4636,22,23,1,3,5,2.875
VFLM 4636,23,19,1,3,5,2.375
VFLM 4636,24,15,1,3,5,1.875
VFLM 4636,25,19,1,5,3,2.375
VFLM 4636,26,23,1,5,3,2.875
VFLM 4636,27,14,0,2,6,1.75
VFLM 4636,28,22,0,4,4,2.75
VFLM 4636,29,25,1,7,1,3.125
VFLM 4636,30,20,0,4,4,2.5
VFLM 4637,1,26,0,4,4,3.25
VFLM 4637,2,23,1,3,5,2.875
VFLM 4637,3,19,1,3,5,2.375
VFLM 4637,4,15,1,3,5,1.875
VFLM 4637,5,19,1,5,3,2.375
VFLM 4637,6,23,1,5,3,2.875
VFLM 4637,7,14,0,2,6,1.75
VFLM 4637,8,18,0,4,4,2.25
VFLM 4637,9,22,0,4,4,2.75
VFLM 4637,10,25,1,7,1,3.125
VFLM 4637,11,20,0,4,4,2.5
VFLM 4637,12,26,0,4,4,3.25
VFLM 4637,13,23,1,3,5,2.875
VFLM 4637,14,19,1,3,5,2.375
VFLM 4637,15,15,1,3,5,1.875
VFLM 4637,16,19,1,5,3,2.375
VFLM 4637,17,23,1,5,3,2.875
VFLM 4637,18,18,0,4,4,2.25
VFLM 4637,19,22,0,4,4,2.75
VFLM 4637,20,25,1,7,1,3.125
VFLM 4637,21,20,0,4,4,2.5
VFLM 4637,22,26,0,4,4,3.25
VFLM 4637,23,23,1,3,5,2.875
VFLM 4637,24,19,1,3,5,2.375
VFLM 4637,25,15,1,3,5,1.875
VFLM 4637,26,19,1,5,3,2.375
VFLM 4637,27,23,1,5,3,2.875
VFLM 4637,28,22,0,2,6,2.75
VFLM 4637,29,18,0,4,4,2.25
VFLM 4637,30,22,0,4,4,2.75
VFLM 4638,1,25,1,7,1,3.125
VFLM 4638,2,20,0,4,4,2.5
VFLM 4638,3,26,0,4,4,3.25
VFLM 4638,4,23,1,3,5,2.875
VFLM 4638,5,19,1,3,5,2.375
VFLM 4638,6,15,1,3,5,1.875
VFLM 4638,7,19,1,5,3,2.375
VFLM 4638,8,22,0,2,6,2.75
VFLM 4638,9,18,0,4,4,2.25
VFLM 4638,10,22,0,4,4,2.75
VFLM 4638,11,25,1,7,1,3.125
VFLM 4638,12,20,0,4,4,2.5
VFLM 4638,13,26,0,4,4,3.25
VFLM 4638,14,23,1,3,5,2.875
VFLM 4638,15,19,1,3,5,2.375
VFLM 4638,16,15,1,3,5,1.875
VFLM 4638,17,19,1,5,3,2.375
VFLM 4638,18,24,0,4,4,3.0
VFLM 4638,19,22,0,2,6,2.75
VFLM 4638,20,18,0,4,4,2.25
VFLM 4638,21,22,0,4,4,2.75
VFLM 4638,22,25,1,7,1,3.125
VFLM 4638,23,20,0,4,4,2.5
VFLM 4638,24,26,0,4,4,3.25
VFLM 4638,25,23,1,3,5,2.875
VFLM 4638,26,19,1,3,5,2.375
VFLM 4638,27,15,1,3,5,1.875
VFLM 4638,28,24,0,4,4,3.0
VFLM 4638,29,22,0,2,6,2.75
VFLM 4638,30,18,0,4,4,2.25
VFLM 4639,1,22,0,4,4,2.75
VFLM 4639,2,25,1,7,1,3.125
VFLM 4639,3,20,0,4,4,2.5
VFLM 4639,4,26,0,4,4,3.25
VFLM 4639,5,23,1,3,5,2.875
VFLM 4639,6,19,1,3,5,2.375
VFLM 4639,7,15,1,3,5,1.875
VFLM 4639,8,24,0,4,4,3.0
VFLM 4639,9,22,0,2,6,2.75
VFLM 4639,10,18,0,4,4,2.25
VFLM 4639,11,22,0,4,4,2.75
VFLM 4639,12,25,1,7,1,3.125
VFLM 4639,13,20,0,4,4,2.5
VFLM 4639,14,26,0,4,4,3.25
VFLM 4639,15,23,1,3,5,2.875
VFLM 4639,16,19,1,3,5,2.375
VFLM 4639,17,15,1,3,5,1.875
VFLM 4639,18,24,0,2,6,3.0
VFLM 4639,19,24,0,4,4,3.0
VFLM 4639,20,22,0,2,6,2.75
VFLM 4639,21,18,0,4,4,2.25
VFLM 4639,22,22,0,4,4,2.75
VFLM 4639,23,25,1,7,1,3.125
VFLM 4639,24,20,0,4,4,2.5
VFLM 4639,25,26,0,4,4,3.25
VFLM 4639,26,23,1,3,5,2.875
VFLM 4639,27,19,1,3,5,2.375
VFLM 4639,28,24,0,2,6,3.0
VFLM 4639,29,24,0,4,4,3.0
VFLM 4639,30,22,0,2,6,2.75
VFLM 4640,1,18,0,4,4,2.25
VFLM 4640,2,22,0,4,4,2.75
VFLM 4640,3,25,1,7,1,3.125
VFLM 4640,4,20,0,4,4,2.5
VFLM 4640,5,26,0,4,4,3.25
VFLM 4640,6,23,1,3,5,2.875
VFLM 4640,7,19,1,3,5,2.375
VFLM 4640,8,17,1,5,3,2.125
VFLM 4640,9,24,0,2,6,3.0
VFLM 4640,10,24,0,4,4,3.0
VFLM 4640,11,22,0,2,6,2.75
VFLM 4640,12,18,0,4,4,2.25
VFLM 4640,13,22,0,4,4,2.75
VFLM 4640,14,25,1,7,1,3.125
VFLM 4640,15,20,0,4,4,2.5
VFLM 4640,16,26,0,4,4,3.25
VFLM 4640,17,23,1,3,5,2.875
VFLM 4640,18,17,1,5,3,2.125
VFLM 4640,19,24,0,2,6,3.0
VFLM 4640,20,24,0,4,4,3.0
VFLM 4640,21,22,0,2,6,2.75
VFLM 4640,22,18,0,4,4,2.25
VFLM 4640,23,22,0,4,4,2.75
VFLM 4640,24,25,1,7,1,3.125
VFLM 4640,25,20,0,4,4,2.5
VFLM 4640,26,26,0,4,4,3.25
VFLM 4640,27,23,1,3,5,2.875
VFLM 4640,28,25,1,3,5,3.125
VFLM 4640,29,17,1,5,3,2.125
VFLM 4640,30,24,0,2,6,3.0
VFLM 4641,1,24,0,4,4,3.0
VFLM 4641,2,22,0,2,6,2.75
VFLM 4641,3,18,0,4,4,2.25
VFLM 4641,4,22,0,4,4,2.75
VFLM 4641,5,25,1,7,1,3.125
VFLM 4641,6,20,0,4,4,2.5
VFLM 4641,7,25,1,3,5,3.125
VFLM 4641,8,17,1,5,3,2.125
VFLM 4641,9,24,0,2,6,3.0
VFLM 4641,10,24,0,4,4,3.0
VFLM 4641,11,22,0,2,6,2.75
VFLM 4641,12,18,0,4,4,2.25
VFLM 4641,13,22,0,4,4,2.75
VFLM 4641,14,25,1,7,1,3.125
VFLM 4641,15,20,0,4,4,2.5
VFLM 4641,16,26,0,4,4,3.25
VFLM 4641,17,17,1,1,7,2.125
VFLM 4641,18,25,1,3,5,3.125
VFLM 4641,19,17,1,5,3,2.125
VFLM 4641,20,24,0,2,6,3.0
VFLM 4641,21,24,0,4,4,3.0
VFLM 4641,22,22,0,2,6,2.75
VFLM 4641,23,18,0,4,4,2.25
VFLM 4641,24,22,0,4,4,2.75
VFLM 4641,25,25,1,7,1,3.125
VFLM 4641,26,20,0,4,4,2.5
VFLM 4641,27,19,1,3,5,2.375
VFLM 4641,28,26,0,4,4,3.25
VFLM 4641,29,17,1,1,7,2.125
VFLM 4641,30,25,1,3,5,3.125
VFLM 4642,1,17,1,5,3,2.125
VFLM 4642,2,24,0,2,6,3.0
VFLM 4642,3,24,0,4,4,3.0
VFLM 4642,4,22,0,2,6,2.75
VFLM 4642,5,18,0,4,4,2.25
VFLM 4642,6,22,0,4,4,2.75
VFLM 4642,7,19,1,3,5,2.375
VFLM 4642,8,26,0,4,4,3.25
VFLM 4642,9,17,1,1,7,2.125
VFLM 4642,10,25,1,3,5,3.125
VFLM 4642,11,17,1,5,3,2.125
VFLM 4642,12,24,0,2,6,3.0
VFLM 4642,13,24,0,4,4,3.0
VFLM 4642,14,22,0,2,6,2.75
VFLM 4642,15,18,0,4,4,2.25
VFLM 4642,16,22,0,4,4,2.75
VFLM 4642,17,18,0,4,4,2.25
VFLM 4642,18,27,1,7,1,3.375
VFLM 4642,19,19,1,3,5,2.375
VFLM 4642,20,26,0,4,4,3.25
VFLM 4642,21,17,1,1,7,2.125
VFLM 4642,22,25,1,3,5,3.125
VFLM 4642,23,17,1,5,3,2.125
VFLM 4642,24,24,0,2,6,3.0
VFLM 4642,25,24,0,4,4,3.0
VFLM 4642,26,22,0,2,6,2.75
VFLM 4642,27,22,0,4,4,2.75
VFLM 4642,28,18,0,4,4,2.25
VFLM 4642,29,27,1,7,1,3.375
VFLM 4642,30,19,1,3,5,2.375
VFLM 4643,1,26,0,4,4,3.25
VFLM 4643,2,17,1,1,7,2.125
VFLM 4643,3,25,1,3,5,3.125
VFLM 4643,4,17,1,5,3,2.125
VFLM 4643,5,24,0,2,6,3.0
VFLM 4643,6,24,0,4,4,3.0
VFLM 4643,7,15,1,3,5,1.875
VFLM 4643,8,22,0,4,4,2.75
VFLM 4643,9,18,0,4,4,2.25
VFLM 4643,10,27,1,7,1,3.375
VFLM 4643,11,19,1,3,5,2.375
VFLM 4643,12,26,0,4,4,3.25
VFLM 4643,13,17,1,1,7,2.125
VFLM 4643,14,25,1,3,5,3.125
VFLM 4643,15,17,1,5,3,2.125
VFLM 4643,16,24,0,2,6,3.0
VFLM 4643,17,14,0,6,2,1.75
VFLM 4643,18,15,1,3,5,1.875
VFLM 4643,19,22,0,4,4,2.75
VFLM 4643,20,18,0,4,4,2.25
VFLM 4643,21,27,1,7,1,3.375
VFLM 4643,22,19,1,3,5,2.375
VFLM 4643,23,26,0,4,4,3.25
VFLM 4643,24,17,1,1,7,2.125
VFLM 4643,25,25,1,3,5,3.125
VFLM 4643,26,17,1,5,3,2.125
VFLM 4643,27,20,0,4,4,2.5
VFLM 4643,28,14,0,6,2,1.75
VFLM 4643,29,15,1,3,5,1.875
VFLM 4643,30,22,0,4,4,2.75
VFLM 4650,1,14,0,4,4,1.75
VFLM 4650,2,13,1,1,7,1.625
VFLM 4650,3,23,1,3,5,2.875
VFLM 4650,4,16,0,2,6,2.0
VFLM 4650,5,15,1,3,5,1.875
VFLM 4650,6,21,1,5,3,2.625
VFLM 4650,7,27,1,5,3,3.375
VFLM 4650,8,21,1,5,3,2.625
VFLM 4650,9,17,1,3,5,2.125
VFLM 4650,10,21,1,3,5,2.625
VFLM 4650,11,12,0,4,4,1.5
VFLM 4650,12,19,1,3,5,2.375
VFLM 4650,13,20,0,6,2,2.5
VFLM 4650,14,14,0,4,4,1.75
VFLM 4650,15,13,1,1,7,1.625
VFLM 4650,16,21,1,5,3,2.625
VFLM 4650,17,27,1,5,3,3.375
VFLM 4650,18,21,1,5,3,2.625
VFLM 4650,19,17,1,3,5,2.125
VFLM 4650,20,21,1,3,5,2.625
VFLM 4650,21,12,0,4,4,1.5
VFLM 4650,22,21,1,5,3,2.625
VFLM 4650,23,27,1,5,3,3.375
VFLM 4650,24,21,1,5,3,2.625
VFLM 4650,25,17,1,3,5,2.125
VFLM 4650,26,21,1,3,5,2.625
VFLM 4650,27,12,0,4,4,1.5
VFLM 4650,28,19,1,3,5,2.375
VFLM 4650,29,20,0,6,2,2.5
VFLM 4650,30,14,0,4,4,1.75
VFLM 4652,1,13,1,1,7,1.625
VFLM 4652,2,21,1,5,3,2.625
VFLM 4652,3,27,1,5,3,3.375
VFLM 4652,4,21,1,5,3,2.625
VFLM 4652,5,17,1,3,5,2.125
VFLM 4652,6,21,1,3,5,2.625
VFLM 4652,7,12,0,4,4,1.5
VFLM 4652,8,19,1,3,5,2.375
VFLM 4652,9,20,0,6,2,2.5
VFLM 4652,10,14,0,4,4,1.75
VFLM 4652,11,13,1,1,7,1.625
VFLM 4652,12,21,1,5,3,2.625
VFLM 4652,13,27,1,5,3,3.375
VFLM 4652,14,21,1,5,3,2.625
VFLM 4652,15,17,1,3,5,2.125
VFLM 4652,16,21,1,3,5,2.625
VFLM 4652,17,12,0,4,4,1.5
VFLM 4652,18,19,1,3,5,2.375
VFLM 4652,19,20,0,6,2,2.5
VFLM 4652,20,14,0,4,4,1.75
VFLM 4652,21,13,1,1,7,1.625
VFLM 4652,22,18,0,2,6,2.25
VFLM 4652,23,21,1,5,3,2.625
VFLM 4652,24,27,1,5,3,3.375
VFLM 4652,25,21,1,5,3,2.625
VFLM 4652,26,17,1,3,5,2.125
VFLM 4652,27,21,1,3,5,2.625
VFLM 4652,28,12,0,4,4,1.5
VFLM 4652,29,19,1,3,5,2.375
VFLM 4652,30,20,0,6,2,2.5
VFLM 4653,1,14,0,4,4,1.75
VFLM 4653,2,18,0,2,6,2.25
VFLM 4653,3,21,1,5,3,2.625
VFLM 4653,4,27,1,5,3,3.375
VFLM 4653,5,21,1,5,3,2.625
VFLM 4653,6,17,1,3,5,2.125
VFLM 4653,7,21,1,3,5,2.625
VFLM 4653,8,12,0,4,4,1.5
VFLM 4653,9,19,1,3,5,2.375
VFLM 4653,10,20,0,6,2,2.5
VFLM 4653,11,14,0,4,4,1.75
VFLM 4653,12,17,1,3,5,2.125
VFLM 4653,13,18,0,2,6,2.25
VFLM 4653,14,21,1,5,3,2.625
VFLM 4653,15,27,1,5,3,3.375
VFLM 4653,16,21,1,5,3,2.625
VFLM 4653,17,17,1,3,5,2.125
VFLM 4653,18,21,1,3,5,2.625
VFLM 4653,19,12,0,4,4,1.5
VFLM 4653,20,19,1,3,5,2.375
VFLM 4653,21,20,0,6,2,2.5
VFLM 4653,22,17,1,3,5,2.125
VFLM 4653,23,18,0,2,6,2.25
VFLM 4653,24,21,1,5,3,2.625
VFLM 4653,25,27,1,5,3,3.375
VFLM 4653,26,21,1,5,3,2.625
VFLM 4653,27,17,1,3,5,2.125
VFLM 4653,28,21,1,3,5,2.625
VFLM 4653,29,12,0,4,4,1.5
VFLM 4653,30,19,1,3,5,2.375
VFLM 4654,1,20,0,6,2,2.5
VFLM 4654,2,19,1,3,5,2.375
VFLM 4654,3,17,1,3,5,2.125
VFLM 4654,4,18,0,2,6,2.25
VFLM 4654,5,21,1,5,3,2.625
VFLM 4654,6,27,1,5,3,3.375
VFLM 4654,7,21,1,5,3,2.625
VFLM 4654,8,17,1,3,5,2.125
VFLM 4654,9,21,1,3,5,2.625
VFLM 4654,10,12,0,4,4,1.5
VFLM 4654,11,19,1,3,5,2.375
VFLM 4654,12,19,1,3,5,2.375
VFLM 4654,13,17,1,3,5,2.125
VFLM 4654,14,18,0,2,6,2.25
VFLM 4654,15,21,1,5,3,2.625
VFLM 4654,16,27,1,5,3,3.375
VFLM 4654,17,21,1,5,3,2.625
VFLM 4654,18,17,1,3,5,2.125
VFLM 4654,19,21,1,3,5,2.625
VFLM 4654,20,12,0,4,4,1.5
VFLM 4654,21,19,1,3,5,2.375
VFLM 4654,22,16,0,4,4,2.0
VFLM 4654,23,19,1,3,5,2.375
VFLM 4654,24,17,1,3,5,2.125
VFLM 4654,25,18,0,2,6,2.25
VFLM 4654,26,21,1,5,3,2.625
VFLM 4654,27,27,1,5,3,3.375
VFLM 4654,28,21,1,5,3,2.625
VFLM 4654,29,16,0,4,4,2.0
VFLM 4654,30,19,1,3,5,2.375
VFLM 4655,1,17,1,3,5,2.125
VFLM 4655,2,18,0,2,6,2.25
VFLM 4655,3,21,1,5,3,2.625
VFLM 4655,4,27,1,5,3,3.375
VFLM 4655,5,21,1,5,3,2.625
VFLM 4655,6,17,1,3,5,2.125
VFLM 4655,7,21,1,3,5,2.625
VFLM 4655,8,12,0,4,4,1.5
VFLM 4655,9,30,0,2,6,3.75
VFLM 4655,10,16,0,4,4,2.0
VFLM 4655,11,19,1,3,5,2.375
VFLM 4655,12,30,0,2,6,3.75
VFLM 4655,13,16,0,4,4,2.0
VFLM 4655,14,19,1,3,5,2.375
VFLM 4655,15,17,1,3,5,2.125
VFLM 4655,16,18,0,2,6,2.25
VFLM 4655,17,21,1,5,3,2.625
VFLM 4655,18,27,1,5,3,3.375
VFLM 4655,19,21,1,5,3,2.625
VFLM 4655,20,17,1,3,5,2.125
VFLM 4655,21,21,1,3,5,2.625
VFLM 4655,22,18,0,4,4,2.25
VFLM 4655,23,30,0,2,6,3.75
VFLM 4655,24,16,0,4,4,2.0
VFLM 4655,25,19,1,3,5,2.375
VFLM 4655,26,17,1,3,5,2.125
VFLM 4655,27,18,0,2,6,2.25
VFLM 4655,28,21,1,5,3,2.625
VFLM 4655,29,27,1,5,3,3.375
VFLM 4655,30,21,1,5,3,2.625
VFLM 4656,1,17,1,3,5,2.125
VFLM 4656,2,18,0,4,4,2.25
VFLM 4656,3,18,0,4,4,2.25
VFLM 4656,4,30,0,2,6,3.75
VFLM 4656,5,16,0,4,4,2.0
VFLM 4656,6,19,1,3,5,2.375
VFLM 4656,7,17,1,3,5,2.125
VFLM 4656,8,18,0,2,6,2.25
VFLM 4656,9,21,1,5,3,2.625
VFLM 4656,10,27,1,5,3,3.375
VFLM 4656,11,21,1,5,3,2.625
VFLM 4656,12,21,1,3,5,2.625
VFLM 4656,13,18,0,4,4,2.25
VFLM 4656,14,18,0,4,4,2.25
VFLM 4656,15,30,0,2,6,3.75
VFLM 4656,16,16,0,4,4,2.0
VFLM 4656,17,19,1,3,5,2.375
VFLM 4656,18,17,1,3,5,2.125
VFLM 4656,19,18,0,2,6,2.25
VFLM 4656,20,21,1,5,3,2.625
VFLM 4656,21,27,1,5,3,3.375
VFLM 4656,22,15,1,3,5,1.875
VFLM 4656,23,21,1,3,5,2.625
VFLM 4656,24,18,0,4,4,2.25
VFLM 4656,25,18,0,4,4,2.25
VFLM 4656,26,30,0,2,6,3.75
VFLM 4656,27,16,0,4,4,2.0
VFLM 4656,28,19,1,3,5,2.375
VFLM 4656,29,17,1,3,5,2.125
VFLM 4656,30,18,0,2,6,2.25
VFLM 4657,1,21,1,5,3,2.625
VFLM 4657,2,17,1,3,5,2.125
VFLM 4657,3,15,1,3,5,1.875
VFLM 4657,4,21,1,3,5,2.625
VFLM 4657,5,18,0,4,4,2.25
VFLM 4657,6,18,0,4,4,2.25
VFLM 4657,7,30,0,2,6,3.75
VFLM 4657,8,16,0,4,4,2.0
VFLM 4657,9,19,1,3,5,2.375
VFLM 4657,10,17,1,3,5,2.125
VFLM 4657,11,18,0,2,6,2.25
VFLM 4657,12,16,0,2,6,2.0
VFLM 4657,13,17,1,3,5,2.125
VFLM 4657,14,15,1,3,5,1.875
VFLM 4657,15,21,1,3,5,2.625
VFLM 4657,16,18,0,4,4,2.25
VFLM 4657,17,18,0,4,4,2.25
VFLM 4657,18,30,0,2,6,3.75
VFLM 4657,19,16,0,4,4,2.0
VFLM 4657,20,19,1,3,5,2.375
VFLM 4657,21,17,1,3,5,2.125
VFLM 4657,22,16,0,4,4,2.0
VFLM 4657,23,16,0,2,6,2.0
VFLM 4657,24,17,1,3,5,2.125
VFLM 4657,25,15,1,3,5,1.875
VFLM 4657,26,21,1,3,5,2.625
VFLM 4657,27,18,0,4,4,2.25
VFLM 4657,28,18,0,4,4,2.25
VFLM 4657,29,30,0,2,6,3.75
VFLM 4657,30,16,0,4,4,2.0
VFLM 4658,1,19,1,3,5,2.375
VFLM 4658,2,19,1,5,3,2.375
VFLM 4658,3,16,0,4,4,2.0
VFLM 4658,4,16,0,2,6,2.0
VFLM 4658,5,17,1,3,5,2.125
VFLM 4658,6,15,1,3,5,1.875
VFLM 4658,7,21,1,3,5,2.625
VFLM 4658,8,18,0,4,4,2.25
VFLM 4658,9,18,0,4,4,2.25
VFLM 4658,10,30,0,2,6,3.75
VFLM 4658,11,16,0,4,4,2.0
VFLM 4658,12,23,1,3,5,2.875
VFLM 4658,13,27,1,5,3,3.375
VFLM 4658,14,19,1,5,3,2.375
VFLM 4658,15,16,0,4,4,2.0
VFLM 4658,16,16,0,2,6,2.0
VFLM 4658,17,17,1,3,5,2.125
VFLM 4658,18,15,1,3,5,1.875
VFLM 4658,19,21,1,3,5,2.625
VFLM 4658,20,18,0,4,4,2.25
VFLM 4658,21,18,0,4,4,2.25
VFLM 4658,22,24,0,4,4,3.0
VFLM 4658,23,23,1,3,5,2.875
VFLM 4658,24,27,1,5,3,3.375
VFLM 4658,25,19,1,5,3,2.375
VFLM 4658,26,16,0,4,4,2.0
VFLM 4658,27,16,0,2,6,2.0
VFLM 4658,28,17,1,3,5,2.125
VFLM 4658,29,15,1,3,5,1.875
VFLM 4658,30,21,1,3,5,2.625
VFLM 4659,1,18,0,4,4,2.25
VFLM 4659,2,24,0,4,4,3.0
VFLM 4659,3,15,1,3,5,1.875
VFLM 4659,4,24,0,4,4,3.0
VFLM 4659,5,23,1,3,5,2.875
VFLM 4659,6,27,1,5,3,3.375
VFLM 4659,7,19,1,5,3,2.375
VFLM 4659,8,16,0,4,4,2.0
VFLM 4659,9,16,0,2,6,2.0
VFLM 4659,10,17,1,3,5,2.125
VFLM 4659,11,15,1,3,5,1.875
VFLM 4659,12,21,1,3,5,2.625
VFLM 4659,13,15,1,3,5,1.875
VFLM 4659,14,24,0,4,4,3.0
VFLM 4659,15,23,1,3,5,2.875
VFLM 4659,16,27,1,5,3,3.375
VFLM 4659,17,19,1,5,3,2.375
VFLM 4659,18,16,0,4,4,2.0
VFLM 4659,19,16,0,2,6,2.0
VFLM 4659,20,17,1,3,5,2.125
VFLM 4659,21,15,1,3,5,1.875
VFLM 4659,22,21,1,3,5,2.625
VFLM 4659,23,19,1,1,7,2.375
VFLM 4659,24,15,1,3,5,1.875
VFLM 4659,25,24,0,4,4,3.0
VFLM 4659,26,23,1,3,5,2.875
VFLM 4659,27,27,1,5,3,3.375
VFLM 4659,28,19,1,5,3,2.375
VFLM 4659,29,16,0,4,4,2.0
VFLM 4659,30,16,0,2,6,2.0
VFLM 4660,1,17,1,3,5,2.125
VFLM 4660,2,15,1,3,5,1.875
VFLM 4660,3,19,1,1,7,2.375
VFLM 4660,4,15,1,3,5,1.875
VFLM 4660,5,24,0,4,4,3.0
VFLM 4660,6,23,1,3,5,2.875
VFLM 4660,7,27,1,5,3,3.375
VFLM 4660,8,19,1,5,3,2.375
VFLM 4660,9,16,0,4,4,2.0
VFLM 4660,10,16,0,2,6,2.0
VFLM 4660,11,17,1,3,5,2.125
VFLM 4660,12,15,1,3,5,1.875
VFLM 4660,13,21,1,5,3,2.625
VFLM 4660,14,19,1,1,7,2.375
VFLM 4660,15,15,1,3,5,1.875
VFLM 4660,16,24,0,4,4,3.0
VFLM 4660,17,23,1,3,5,2.875
VFLM 4660,18,27,1,5,3,3.375
VFLM 4660,19,19,1,5,3,2.375
VFLM 4660,20,16,0,4,4,2.0
VFLM 4660,21,16,0,2,6,2.0
VFLM 4660,22,17,1,3,5,2.125
VFLM 4660,23,21,1,5,3,2.625
VFLM 4660,24,19,1,1,7,2.375
VFLM 4660,25,15,1,3,5,1.875
VFLM 4660,26,24,0,4,4,3.0
VFLM 4660,27,23,1,3,5,2.875
VFLM 4660,28,27,1,5,3,3.375
VFLM 4660,29,19,1,5,3,2.375
VFLM 4660,30,16,0,4,4,2.0
VFLM 4661,1,16,0,2,6,2.0
VFLM 4661,2,17,1,3,5,2.125
VFLM 4661,3,31,1,5,3,3.875
VFLM 4661,4,21,1,5,3,2.625
VFLM 4661,5,19,1,1,7,2.375
VFLM 4661,6,15,1,3,5,1.875
VFLM 4661,7,24,0,4,4,3.0
VFLM 4661,8,23,1,3,5,2.875
VFLM 4661,9,27,1,5,3,3.375
VFLM 4661,10,19,1,5,3,2.375
VFLM 4661,11,16,0,4,4,2.0
VFLM 4661,12,16,0,2,6,2.0
VFLM 4661,13,31,1,5,3,3.875
VFLM 4661,14,21,1,5,3,2.625
VFLM 4661,15,19,1,1,7,2.375
VFLM 4661,16,15,1,3,5,1.875
VFLM 4661,17,24,0,4,4,3.0
VFLM 4661,18,23,1,3,5,2.875
VFLM 4661,19,27,1,5,3,3.375
VFLM 4661,20,19,1,5,3,2.375
VFLM 4661,21,16,0,4,4,2.0
VFLM 4661,22,16,0,2,6,2.0
VFLM 4661,23,31,1,5,3,3.875
VFLM 4661,24,21,1,5,3,2.625
VFLM 4661,25,19,1,1,7,2.375
VFLM 4661,26,15,1,3,5,1.875
VFLM 4661,27,24,0,4,4,3.0
VFLM 4661,28,23,1,3,5,2.875
VFLM 4661,29,27,1,5,3,3.375
VFLM 4661,30,19,1,5,3,2.375
VFLM 4662,1,16,0,4,4,2.0
VFLM 4662,2,16,0,2,6,2.0
VFLM 4662,3,25,1,3,5,3.125
VFLM 4662,4,31,1,5,3,3.875
VFLM 4662,5,21,1,5,3,2.625
VFLM 4662,6,19,1,1,7,2.375
VFLM 4662,7,15,1,3,5,1.875
VFLM 4662,8,24,0,4,4,3.0
VFLM 4662,9,23,1,3,5,2.875
VFLM 4662,10,27,1,5,3,3.375
VFLM 4662,11,19,1,5,3,2.375
VFLM 4662,12,16,0,4,4,2.0
VFLM 4662,13,25,1,3,5,3.125
VFLM 4662,14,31,1,5,3,3.875
VFLM 4662,15,21,1,5,3,2.625
VFLM 4662,16,19,1,1,7,2.375
VFLM 4662,17,15,1,3,5,1.875
VFLM 4662,18,24,0,4,4,3.0
VFLM 4662,19,23,1,3,5,2.875
VFLM 4662,20,27,1,5,3,3.375
VFLM 4662,21,19,1,5,3,2.375
VFLM 4662,22,16,0,4,4,2.0
VFLM 4662,23,26,0,6,2,3.25
VFLM 4662,24,25,1,3,5,3.125
VFLM 4662,25,31,1,5,3,3.875
VFLM 4662,26,21,1,5,3,2.625
VFLM 4662,27,19,1,1,7,2.375
VFLM 4662,28,15,1,3,5,1.875
VFLM 4662,29,24,0,4,4,3.0
VFLM 4662,30,23,1,3,5,2.875
VFLM 4663,1,27,1,5,3,3.375
VFLM 4663,2,19,1,5,3,2.375
VFLM 4663,3,26,0,6,2,3.25
VFLM 4663,4,25,1,3,5,3.125
VFLM 4663,5,31,1,5,3,3.875
VFLM 4663,6,21,1,5,3,2.625
VFLM 4663,7,19,1,1,7,2.375
VFLM 4663,8,15,1,3,5,1.875
VFLM 4663,9,24,0,4,4,3.0
VFLM 4663,10,23,1,3,5,2.875
VFLM 4663,11,27,1,5,3,3.375
VFLM 4663,12,19,1,5,3,2.375
VFLM 4663,13,20,0,6,2,2.5
VFLM 4663,14,26,0,6,2,3.25
VFLM 4663,15,25,1,3,5,3.125
VFLM 4663,16,31,1,5,3,3.875
VFLM 4663,17,21,1,5,3,2.625
VFLM 4663,18,19,1,1,7,2.375
VFLM 4663,19,15,1,3,5,1.875
VFLM 4663,20,24,0,4,4,3.0
VFLM 4663,21,23,1,3,5,2.875
VFLM 4663,22,27,1,5,3,3.375
VFLM 4663,23,20,0,6,2,2.5
VFLM 4663,24,26,0,6,2,3.25
VFLM 4663,25,25,1,3,5,3.125
VFLM 4663,26,31,1,5,3,3.875
VFLM 4663,27,21,1,5,3,2.625
VFLM 4663,28,19,1,1,7,2.375
VFLM 4663,29,15,1,3,5,1.875
VFLM 4663,30,24,0,4,4,3.0
VFLM 4664,1,23,1,3,5,2.875
VFLM 4664,2,27,1,5,3,3.375
VFLM 4664,3,20,0,6,2,2.5
VFLM 4664,4,26,0,6,2,3.25
VFLM 4664,5,25,1,3,5,3.125
VFLM 4664,6,31,1,5,3,3.875
VFLM 4664,7,21,1,5,3,2.625
VFLM 4664,8,19,1,1,7,2.375
VFLM 4664,9,15,1,3,5,1.875
VFLM 4664,10,24,0,4,4,3.0
VFLM 4664,11,23,1,3,5,2.875
VFLM 4664,12,27,1,5,3,3.375
VFLM 4664,13,20,0,4,4,2.5
VFLM 4664,14,20,0,6,2,2.5
VFLM 4664,15,26,0,6,2,3.25
VFLM 4664,16,25,1,3,5,3.125
VFLM 4664,17,31,1,5,3,3.875
VFLM 4664,18,21,1,5,3,2.625
VFLM 4664,19,19,1,1,7,2.375
VFLM 4664,20,15,1,3,5,1.875
VFLM 4664,21,24,0,4,4,3.0
VFLM 4664,22,20,0,4,4,2.5
VFLM 4664,23,20,0,6,2,2.5
VFLM 4664,24,26,0,6,2,3.25
VFLM 4664,25,25,1,3,5,3.125
VFLM 4664,26,31,1,5,3,3.875
VFLM 4664,27,21,1,5,3,2.625
VFLM 4664,28,19,1,1,7,2.375
VFLM 4664,29,15,1,3,5,1.875
VFLM 4664,30,24,0,4,4,3.0
VFLM 4665,1,23,1,3,5,2.875
VFLM 4665,2,25,1,3,5,3.125
VFLM 4665,3,20,0,4,4,2.5
VFLM 4665,4,20,0,6,2,2.5
VFLM 4665,5,26,0,6,2,3.25
VFLM 4665,6,25,1,3,5,3.125
VFLM 4665,7,31,1,5,3,3.875
VFLM 4665,8,21,1,5,3,2.625
VFLM 4665,9,19,1,1,7,2.375
VFLM 4665,10,25,1,3,5,3.125
VFLM 4665,11,20,0,4,4,2.5
VFLM 4665,12,20,0,6,2,2.5
VFLM 4665,13,26,0,6,2,3.25
VFLM 4665,14,25,1,3,5,3.125
VFLM 4665,15,31,1,5,3,3.875
VFLM 4665,16,21,1,5,3,2.625
VFLM 4665,17,19,1,1,7,2.375
VFLM 4665,18,15,1,3,5,1.875
VFLM 4665,19,24,0,4,4,3.0
VFLM 4665,20,20,0,6,2,2.5
VFLM 4665,21,25,1,3,5,3.125
VFLM 4665,22,20,0,4,4,2.5
VFLM 4665,23,20,0,6,2,2.5
VFLM 4665,24,26,0,6,2,3.25
VFLM 4665,25,20,0,6,2,2.5
VFLM 4665,26,25,1,3,5,3.125
VFLM 4665,27,20,0,4,4,2.5
VFLM 4665,28,20,0,6,2,2.5
VFLM 4665,29,26,0,6,2,3.25
VFLM 4665,30,25,1,3,5,3.125
VFLM 4666,1,31,1,5,3,3.875
VFLM 4666,2,21,1,5,3,2.625
VFLM 4666,3,19,1,1,7,2.375
VFLM 4666,4,15,1,3,5,1.875
VFLM 4666,5,18,0,2,6,2.25
VFLM 4666,6,20,0,6,2,2.5
VFLM 4666,7,25,1,3,5,3.125
VFLM 4666,8,20,0,4,4,2.5
VFLM 4666,9,20,0,2,6,2.5
VFLM 4666,10,18,0,2,6,2.25
VFLM 4666,11,20,0,6,2,2.5
VFLM 4666,12,25,1,3,5,3.125
VFLM 4666,13,20,0,4,4,2.5
VFLM 4666,14,20,0,6,2,2.5
VFLM 4666,15,26,0,6,2,3.25
VFLM 4666,16,25,1,3,5,3.125
VFLM 4666,17,31,1,5,3,3.875
VFLM 4666,18,21,1,5,3,2.625
VFLM 4666,19,20,0,2,6,2.5
VFLM 4666,20,25,1,3,5,3.125
VFLM 4666,21,20,0,2,6,2.5
VFLM 4666,22,18,0,2,6,2.25
VFLM 4666,23,20,0,6,2,2.5
VFLM 4666,24,25,1,3,5,3.125
VFLM 4666,25,20,0,4,4,2.5
VFLM 4666,26,20,0,6,2,2.5
VFLM 4666,27,26,0,6,2,3.25
VFLM 4666,28,25,1,3,5,3.125
VFLM 4666,29,31,1,5,3,3.875
VFLM 4666,30,25,1,3,5,3.125
VFLM 4667,1,20,0,2,6,2.5
VFLM 4667,2,17,1,3,5,2.125
VFLM 4667,3,25,1,3,5,3.125
VFLM 4667,4,20,0,2,6,2.5
VFLM 4667,5,18,0,2,6,2.25
VFLM 4667,6,20,0,6,2,2.5
VFLM 4667,7,25,1,3,5,3.125
VFLM 4667,8,20,0,4,4,2.5
VFLM 4667,9,20,0,6,2,2.5
VFLM 4667,10,26,0,6,2,3.25
VFLM 4667,11,25,1,3,5,3.125
VFLM 4667,12,17,1,3,5,2.125
VFLM 4667,13,25,1,3,5,3.125
VFLM 4667,14,20,0,2,6,2.5
VFLM 4667,15,18,0,2,6,2.25
VFLM 4667,16,27,1,5,3,3.375
VFLM 4667,17,17,1,3,5,2.125
VFLM 4667,18,25,1,3,5,3.125
VFLM 4667,19,20,0,2,6,2.5
VFLM 4667,20,18,0,2,6,2.25
VFLM 4667,21,20,0,6,2,2.5
VFLM 4667,22,25,1,3,5,3.125
VFLM 4667,23,20,0,4,4,2.5
VFLM 4667,24,20,0,6,2,2.5
VFLM 4667,25,26,0,6,2,3.25
VFLM 4667,26,18,0,6,2,2.25
VFLM 4667,27,27,1,5,3,3.375
VFLM 4667,28,17,1,3,5,2.125
VFLM 4667,29,25,1,3,5,3.125
VFLM 4667,30,20,0,2,6,2.5
VFLM 4668,1,18,0,2,6,2.25
VFLM 4668,2,20,0,6,2,2.5
VFLM 4668,3,25,1,3,5,3.125
VFLM 4668,4,20,0,4,4,2.5
VFLM 4668,5,20,0,6,2,2.5
VFLM 4668,6,30,0,2,6,3.75
VFLM 4668,7,18,0,6,2,2.25
VFLM 4668,8,27,1,5,3,3.375
VFLM 4668,9,17,1,3,5,2.125
VFLM 4668,10,25,1,3,5,3.125
VFLM 4668,11,20,0,2,6,2.5
VFLM 4668,12,18,0,2,6,2.25
VFLM 4668,13,20,0,6,2,2.5
VFLM 4668,14,25,1,3,5,3.125
VFLM 4668,15,20,0,4,4,2.5
VFLM 4668,16,19,1,3,5,2.375
VFLM 4668,17,30,0,2,6,3.75
VFLM 4668,18,18,0,6,2,2.25
VFLM 4668,19,27,1,5,3,3.375
VFLM 4668,20,17,1,3,5,2.125
VFLM 4668,21,25,1,3,5,3.125
VFLM 4668,22,20,0,2,6,2.5
VFLM 4668,23,18,0,2,6,2.25
VFLM 4668,24,20,0,6,2,2.5
VFLM 4668,25,25,1,3,5,3.125
VFLM 4668,26,19,1,3,5,2.375
VFLM 4668,27,21,1,5,3,2.625
VFLM 4668,28,19,1,3,5,2.375
VFLM 4668,29,30,0,2,6,3.75
VFLM 4668,30,18,0,6,2,2.25
VFLM 4669,1,27,1,5,3,3.375
VFLM 4669,2,17,1,3,5,2.125
VFLM 4669,3,25,1,3,5,3.125
VFLM 4669,4,20,0,2,6,2.5
VFLM 4669,5,18,0,2,6,2.25
VFLM 4669,6,20,0,6,2,2.5
VFLM 4669,7,21,1,5,3,2.625
VFLM 4669,8,19,1,3,5,2.375
VFLM 4669,9,30,0,2,6,3.75
VFLM 4669,10,18,0,6,2,2.25
VFLM 4669,11,27,1,5,3,3.375
VFLM 4669,12,17,1,3,5,2.125
VFLM 4669,13,25,1,3,5,3.125
VFLM 4669,14,21,1,3,5,2.625
VFLM 4669,15,21,1,5,3,2.625
VFLM 4669,16,19,1,3,5,2.375
VFLM 4669,17,30,0,2,6,3.75
VFLM 4669,18,18,0,6,2,2.25
VFLM 4669,19,27,1,5,3,3.375
VFLM 4669,20,17,1,3,5,2.125
VFLM 4669,21,25,1,3,5,3.125
VFLM 4669,22,20,0,2,6,2.5
VFLM 4669,23,18,0,2,6,2.25
VFLM 4669,24,21,1,3,5,2.625
VFLM 4669,25,21,1,5,3,2.625
VFLM 4669,26,19,1,3,5,2.375
VFLM 4669,27,30,0,2,6,3.75
VFLM 4669,28,18,0,6,2,2.25
VFLM 4669,29,27,1,5,3,3.375
VFLM 4669,30,17,1,3,5,2.125
VFLM 4670,1,25,1,3,5,3.125
VFLM 4670,2,20,0,2,6,2.5
VFLM 4670,3,18,0,2,6,2.25
VFLM 4670,4,23,1,5,3,2.875
VFLM 4670,5,21,1,3,5,2.625
VFLM 4670,6,21,1,5,3,2.625
VFLM 4670,7,19,1,3,5,2.375
VFLM 4670,8,30,0,2,6,3.75
VFLM 4670,9,18,0,6,2,2.25
VFLM 4670,10,27,1,5,3,3.375
VFLM 4670,11,17,1,3,5,2.125
VFLM 4670,12,25,1,3,5,3.125
VFLM 4670,13,20,0,2,6,2.5
VFLM 4670,14,23,1,5,3,2.875
VFLM 4670,15,21,1,3,5,2.625
VFLM 4670,16,21,1,5,3,2.625
VFLM 4670,17,19,1,3,5,2.375
VFLM 4670,18,30,0,2,6,3.75
VFLM 4670,19,18,0,6,2,2.25
VFLM 4670,20,27,1,5,3,3.375
VFLM 4670,21,17,1,3,5,2.125
VFLM 4670,22,25,1,3,5,3.125
VFLM 4670,23,20,0,2,6,2.5
VFLM 4670,24,22,0,2,6,2.75
VFLM 4670,25,23,1,5,3,2.875
VFLM 4670,26,21,1,3,5,2.625
VFLM 4670,27,21,1,5,3,2.625
VFLM 4670,28,19,1,3,5,2.375
VFLM 4670,29,30,0,2,6,3.75
VFLM 4670,30,18,0,6,2,2.25
VFLM 4671,1,27,1,5,3,3.375
VFLM 4671,2,17,1,3,5,2.125
VFLM 4671,3,25,1,3,5,3.125
VFLM 4671,4,22,0,2,6,2.75
VFLM 4671,5,23,1,5,3,2.875
VFLM 4671,6,21,1,3,5,2.625
VFLM 4671,7,21,1,5,3,2.625
VFLM 4671,8,19,1,3,5,2.375
VFLM 4671,9,30,0,2,6,3.75
VFLM 4671,10,18,0,6,2,2.25
VFLM 4671,11,27,1,5,3,3.375
VFLM 4671,12,17,1,3,5,2.125
VFLM 4671,13,25,1,3,5,3.125
VFLM 4671,14,23,1,5,3,2.875
VFLM 4671,15,22,0,2,6,2.75
VFLM 4671,16,23,1,5,3,2.875
VFLM 4671,17,21,1,3,5,2.625
VFLM 4671,18,21,1,5,3,2.625
VFLM 4671,19,19,1,3,5,2.375
VFLM 4671,20,30,0,2,6,3.75
VFLM 4671,21,18,0,6,2,2.25
VFLM 4671,22,27,1,5,3,3.375
VFLM 4671,23,17,1,3,5,2.125
VFLM 4671,24,23,1,5,3,2.875
VFLM 4671,25,22,0,2,6,2.75
VFLM 4671,26,23,1,5,3,2.875
VFLM 4671,27,21,1,3,5,2.625
VFLM 4671,28,21,1,5,3,2.625
VFLM 4671,29,19,1,3,5,2.375
VFLM 4671,30,30,0,2,6,3.75
VFLM 4672,1,18,0,6,2,2.25
VFLM 4672,2,27,1,5,3,3.375
VFLM 4672,3,17,1,3,5,2.125
VFLM 4672,4,25,1,3,5,3.125
VFLM 4672,5,23,1,5,3,2.875
VFLM 4672,6,22,0,2,6,2.75
VFLM 4672,7,23,1,5,3,2.875
VFLM 4672,8,21,1,3,5,2.625
VFLM 4672,9,21,1,5,3,2.625
VFLM 4672,10,19,1,3,5,2.375
VFLM 4672,11,30,0,2,6,3.75
VFLM 4672,12,18,0,6,2,2.25
VFLM 4672,13,27,1,5,3,3.375
VFLM 4672,14,25,1,3,5,3.125
VFLM 4672,15,23,1,5,3,2.875
VFLM 4672,16,22,0,2,6,2.75
VFLM 4672,17,23,1,5,3,2.875
VFLM 4672,18,21,1,3,5,2.625
VFLM 4672,19,21,1,5,3,2.625
VFLM 4672,20,19,1,3,5,2.375
VFLM 4672,21,30,0,2,6,3.75
VFLM 4672,22,18,0,6,2,2.25
VFLM 4672,23,27,1,5,3,3.375
VFLM 4672,24,16,0,2,6,2.0
VFLM 4672,25,25,1,3,5,3.125
VFLM 4672,26,23,1,5,3,2.875
VFLM 4672,27,22,0,2,6,2.75
VFLM 4672,28,23,1,5,3,2.875
VFLM 4672,29,21,1,3,5,2.625
VFLM 4672,30,21,1,5,3,2.625
VFLM 4673,1,19,1,3,5,2.375
VFLM 4673,2,30,0,2,6,3.75
VFLM 4673,3,18,0,6,2,2.25
VFLM 4673,4,16,0,2,6,2.0
VFLM 4673,5,25,1,3,5,3.125
VFLM 4673,6,23,1,5,3,2.875
VFLM 4673,7,22,0,2,6,2.75
VFLM 4673,8,23,1,5,3,2.875
VFLM 4673,9,21,1,3,5,2.625
VFLM 4673,10,21,1,5,3,2.625
VFLM 4673,11,19,1,3,5,2.375
VFLM 4673,12,30,0,2,6,3.75
VFLM 4673,13,18,0,6,2,2.25
VFLM 4673,14,25,1,5,3,3.125
VFLM 4673,15,16,0,2,6,2.0
VFLM 4673,16,25,1,3,5,3.125
VFLM 4673,17,23,1,5,3,2.875
VFLM 4673,18,22,0,2,6,2.75
VFLM 4673,19,23,1,5,3,2.875
VFLM 4673,20,21,1,3,5,2.625
VFLM 4673,21,21,1,5,3,2.625
VFLM 4673,22,19,1,3,5,2.375
VFLM 4673,23,30,0,2,6,3.75
VFLM 4673,24,25,1,5,3,3.125
VFLM 4673,25,16,0,2,6,2.0
VFLM 4673,26,25,1,3,5,3.125
VFLM 4673,27,23,1,5,3,2.875
VFLM 4673,28,22,0,2,6,2.75
VFLM 4673,29,23,1,5,3,2.875
VFLM 4673,30,21,1,3,5,2.625
VFLM 4674,1,21,1,5,3,2.625
VFLM 4674,2,19,1,3,5,2.375
VFLM 4674,3,30,0,2,6,3.75
VFLM 4674,4,21,1,5,3,2.625
VFLM 4674,5,25,1,5,3,3.125
VFLM 4674,6,16,0,2,6,2.0
VFLM 4674,7,25,1,3,5,3.125
VFLM 4674,8,23,1,5,3,2.875
VFLM 4674,9,22,0,2,6,2.75
VFLM 4674,10,23,1,5,3,2.875
VFLM 4674,11,21,1,5,3,2.625
VFLM 4674,12,25,1,5,3,3.125
VFLM 4674,13,16,0,2,6,2.0
VFLM 4674,14,25,1,3,5,3.125
VFLM 4674,15,23,1,5,3,2.875
VFLM 4674,16,22,0,2,6,2.75
VFLM 4674,17,23,1,5,3,2.875
VFLM 4674,18,21,1,3,5,2.625
VFLM 4674,19,21,1,5,3,2.625
VFLM 4674,20,19,1,3,5,2.375
VFLM 4674,21,22,0,6,2,2.75
VFLM 4674,22,21,1,5,3,2.625
VFLM 4674,23,25,1,5,3,3.125
VFLM 4674,24,16,0,2,6,2.0
VFLM 4674,25,22,0,6,2,2.75
VFLM 4674,26,21,1,5,3,2.625
VFLM 4674,27,25,1,5,3,3.125
VFLM 4674,28,16,0,2,6,2.0
VFLM 4674,29,25,1,3,5,3.125
VFLM 4674,30,23,1,5,3,2.875
VFLM 4675,1,22,0,2,6,2.75
VFLM 4675,2,23,1,5,3,2.875
VFLM 4675,3,21,1,3,5,2.625
VFLM 4675,4,21,1,5,3,2.625
VFLM 4675,5,26,0,6,2,3.25
VFLM 4675,6,22,0,6,2,2.75
VFLM 4675,7,21,1,5,3,2.625
VFLM 4675,8,25,1,5,3,3.125
VFLM 4675,9,16,0,2,6,2.0
VFLM 4675,10,25,1,3,5,3.125
VFLM 4675,11,23,1,5,3,2.875
VFLM 4675,12,22,0,2,6,2.75
VFLM 4675,13,23,1,5,3,2.875
VFLM 4675,14,21,1,3,5,2.625
VFLM 4675,15,24,0,2,6,3.0
VFLM 4675,16,26,0,6,2,3.25
VFLM 4675,17,24,0,2,6,3.0
VFLM 4675,18,26,0,6,2,3.25
VFLM 4675,19,22,0,6,2,2.75
VFLM 4675,20,21,1,5,3,2.625
VFLM 4675,21,25,1,5,3,3.125
VFLM 4675,22,16,0,2,6,2.0
VFLM 4675,23,25,1,3,5,3.125
VFLM 4675,24,23,1,5,3,2.875
VFLM 4675,25,22,0,2,6,2.75
VFLM 4675,26,23,1,5,3,2.875
VFLM 4675,27,28,0,6,2,3.5
VFLM 4675,28,24,0,2,6,3.0
VFLM 4675,29,26,0,6,2,3.25
VFLM 4675,30,22,0,6,2,2.75
VFLM 4676,1,21,1,5,3,2.625
VFLM 4676,2,25,1,5,3,3.125
VFLM 4676,3,16,0,2,6,2.0
VFLM 4676,4,25,1,3,5,3.125
VFLM 4676,5,23,1,5,3,2.875
VFLM 4676,6,22,0,2,6,2.75
VFLM 4676,7,23,1,3,5,2.875
VFLM 4676,8,28,0,6,2,3.5
VFLM 4676,9,24,0,2,6,3.0
VFLM 4676,10,26,0,6,2,3.25
VFLM 4676,11,22,0,6,2,2.75
VFLM 4676,12,21,1,5,3,2.625
VFLM 4676,13,25,1,5,3,3.125
VFLM 4676,14,16,0,2,6,2.0
VFLM 4676,15,25,1,3,5,3.125
VFLM 4676,16,23,1,5,3,2.875
VFLM 4676,17,23,1,3,5,2.875
VFLM 4676,18,23,1,3,5,2.875
VFLM 4676,19,28,0,6,2,3.5
VFLM 4676,20,24,0,2,6,3.0
VFLM 4676,21,26,0,6,2,3.25
VFLM 4676,22,22,0,6,2,2.75
VFLM 4676,23,21,1,5,3,2.625
VFLM 4676,24,25,1,5,3,3.125
VFLM 4676,25,16,0,2,6,2.0
VFLM 4676,26,25,1,3,5,3.125
VFLM 4676,27,24,0,4,4,3.0
VFLM 4676,28,23,1,3,5,2.875
VFLM 4676,29,23,1,3,5,2.875
VFLM 4676,30,28,0,6,2,3.5
VFLM 4677,1,24,0,2,6,3.0
VFLM 4677,2,26,0,6,2,3.25
VFLM 4677,3,22,0,6,2,2.75
VFLM 4677,4,21,1,5,3,2.625
VFLM 4677,5,25,1,5,3,3.125
VFLM 4677,6,16,0,2,6,2.0
VFLM 4677,7,24,0,4,4,3.0
VFLM 4677,8,23,1,3,5,2.875
VFLM 4677,9,23,1,3,5,2.875
VFLM 4677,10,28,0,6,2,3.5
VFLM 4677,11,24,0,2,6,3.0
VFLM 4677,12,18,0,4,4,2.25
VFLM 4677,13,24,0,4,4,3.0
VFLM 4677,14,23,1,3,5,2.875
VFLM 4677,15,23,1,3,5,2.875
VFLM 4677,16,28,0,6,2,3.5
VFLM 4677,17,24,0,2,6,3.0
VFLM 4677,18,26,0,6,2,3.25
VFLM 4677,19,22,0,6,2,2.75
VFLM 4677,20,21,1,5,3,2.625
VFLM 4677,21,25,1,5,3,3.125
VFLM 4677,22,18,0,4,4,2.25
VFLM 4677,23,24,0,4,4,3.0
VFLM 4677,24,23,1,3,5,2.875
VFLM 4677,25,23,1,3,5,2.875
VFLM 4677,26,28,0,6,2,3.5
VFLM 4677,27,24,0,2,6,3.0
VFLM 4677,28,26,0,6,2,3.25
VFLM 4677,29,22,0,6,2,2.75
VFLM 4677,30,21,1,5,3,2.625
VFLM 4678,1,25,1,5,3,3.125
VFLM 4678,2,17,1,5,3,2.125
VFLM 4678,3,18,0,4,4,2.25
VFLM 4678,4,24,0,4,4,3.0
VFLM 4678,5,23,1,3,5,2.875
VFLM 4678,6,23,1,3,5,2.875
VFLM 4678,7,28,0,6,2,3.5
VFLM 4678,8,24,0,2,6,3.0
VFLM 4678,9,26,0,6,2,3.25
VFLM 4678,10,22,0,6,2,2.75
VFLM 4678,11,21,1,5,3,2.625
VFLM 4678,12,17,1,5,3,2.125
VFLM 4678,13,18,0,4,4,2.25
VFLM 4678,14,24,0,4,4,3.0
VFLM 4678,15,23,1,3,5,2.875
VFLM 4678,16,23,1,3,5,2.875
VFLM 4678,17,28,0,6,2,3.5
VFLM 4678,18,24,0,2,6,3.0
VFLM 4678,19,26,0,6,2,3.25
VFLM 4678,20,22,0,6,2,2.75
VFLM 4678,21,21,1,5,3,2.625
VFLM 4678,22,20,0,4,4,2.5
VFLM 4678,23,17,1,5,3,2.125
VFLM 4678,24,18,0,4,4,2.25
VFLM 4678,25,24,0,4,4,3.0
VFLM 4678,26,23,1,3,5,2.875
VFLM 4678,27,23,1,3,5,2.875
VFLM 4678,28,28,0,6,2,3.5
VFLM 4678,29,24,0,2,6,3.0
VFLM 4678,30,26,0,6,2,3.25
VFLM 4679,1,22,0,6,2,2.75
VFLM 4679,2,20,0,4,4,2.5
VFLM 4679,3,17,1,5,3,2.125
VFLM 4679,4,18,0,4,4,2.25
VFLM 4679,5,24,0,4,4,3.0
VFLM 4679,6,23,1,3,5,2.875
VFLM 4679,7,23,1,3,5,2.875
VFLM 4679,8,28,0,6,2,3.5
VFLM 4679,9,24,0,2,6,3.0
VFLM 4679,10,26,0,6,2,3.25
VFLM 4679,11,22,0,6,2,2.75
VFLM 4679,12,22,0,4,4,2.75
VFLM 4679,13,20,0,4,4,2.5
VFLM 4679,14,17,1,5,3,2.125
VFLM 4679,15,18,0,4,4,2.25
VFLM 4679,16,24,0,4,4,3.0
VFLM 4679,17,23,1,3,5,2.875
VFLM 4679,18,23,1,3,5,2.875
VFLM 4679,19,28,0,6,2,3.5
VFLM 4679,20,24,0,2,6,3.0
VFLM 4679,21,26,0,6,2,3.25
VFLM 4679,22,22,0,4,4,2.75
VFLM 4679,23,20,0,4,4,2.5
VFLM 4679,24,17,1,5,3,2.125
VFLM 4679,25,18,0,4,4,2.25
VFLM 4679,26,24,0,4,4,3.0
VFLM 4679,27,23,1,3,5,2.875
VFLM 4679,28,23,1,3,5,2.875
VFLM 4679,29,28,0,6,2,3.5
VFLM 4679,30,24,0,2,6,3.0
VFLM 4680,1,26,0,6,2,3.25
VFLM 4680,2,11,1,5,3,1.375
VFLM 4680,3,22,0,4,4,2.75
VFLM 4680,4,20,0,4,4,2.5
VFLM 4680,5,17,1,5,3,2.125
VFLM 4680,6,18,0,4,4,2.25
VFLM 4680,7,24,0,4,4,3.0
VFLM 4680,8,23,1,3,5,2.875
VFLM 4680,9,23,1,3,5,2.875
VFLM 4680,10,28,0,6,2,3.5
VFLM 4680,11,24,0,2,6,3.0
VFLM 4680,12,11,1,5,3,1.375
VFLM 4680,13,22,0,4,4,2.75
VFLM 4680,14,20,0,4,4,2.5
VFLM 4680,15,17,1,5,3,2.125
VFLM 4680,16,18,0,4,4,2.25
VFLM 4680,17,24,0,4,4,3.0
VFLM 4680,18,23,1,3,5,2.875
VFLM 4680,19,23,1,3,5,2.875
VFLM 4680,20,28,0,6,2,3.5
VFLM 4680,21,24,0,2,6,3.0
VFLM 4680,22,26,0,4,4,3.25
VFLM 4680,23,11,1,5,3,1.375
VFLM 4680,24,22,0,4,4,2.75
VFLM 4680,25,20,0,4,4,2.5
VFLM 4680,26,17,1,5,3,2.125
VFLM 4680,27,18,0,4,4,2.25
VFLM 4680,28,24,0,4,4,3.0
VFLM 4680,29,23,1,3,5,2.875
VFLM 4680,30,23,1,3,5,2.875
VFLM 4681,1,28,0,6,2,3.5
VFLM 4681,2,26,0,4,4,3.25
VFLM 4681,3,11,1,5,3,1.375
VFLM 4681,4,22,0,4,4,2.75
VFLM 4681,5,20,0,4,4,2.5
VFLM 4681,6,17,1,5,3,2.125
VFLM 4681,7,18,0,4,4,2.25
VFLM 4681,8,24,0,4,4,3.0
VFLM 4681,9,23,1,3,5,2.875
VFLM 4681,10,23,1,3,5,2.875
VFLM 4681,11,28,0,6,2,3.5
VFLM 4681,12,17,1,7,1,2.125
VFLM 4681,13,26,0,4,4,3.25
VFLM 4681,14,11,1,5,3,1.375
VFLM 4681,15,22,0,4,4,2.75
VFLM 4681,16,20,0,4,4,2.5
VFLM 4681,17,17,1,5,3,2.125
VFLM 4681,18,18,0,4,4,2.25
VFLM 4681,19,24,0,4,4,3.0
VFLM 4681,20,23,1,3,5,2.875
VFLM 4681,21,23,1,3,5,2.875
VFLM 4681,22,17,1,7,1,2.125
VFLM 4681,23,26,0,4,4,3.25
VFLM 4681,24,11,1,5,3,1.375
VFLM 4681,25,22,0,4,4,2.75
VFLM 4681,26,20,0,4,4,2.5
VFLM 4681,27,17,1,5,3,2.125
VFLM 4681,28,18,0,4,4,2.25
VFLM 4681,29,24,0,4,4,3.0
VFLM 4681,30,23,1,3,5,2.875
VFLM 4682,1,23,1,3,5,2.875
VFLM 4682,2,28,0,6,2,3.5
VFLM 4682,3,17,1,7,1,2.125
VFLM 4682,4,26,0,4,4,3.25
VFLM 4682,5,28,0,6,2,3.5
VFLM 4682,6,17,1,7,1,2.125
VFLM 4682,7,26,0,4,4,3.25
VFLM 4682,8,11,1,5,3,1.375
VFLM 4682,9,22,0,4,4,2.75
VFLM 4682,10,20,0,4,4,2.5
VFLM 4682,11,17,1,5,3,2.125
VFLM 4682,12,18,0,4,4,2.25
VFLM 4682,13,24,0,4,4,3.0
VFLM 4682,14,23,1,3,5,2.875
VFLM 4682,15,20,0,4,4,2.5
VFLM 4682,16,28,0,6,2,3.5
VFLM 4682,17,17,1,7,1,2.125
VFLM 4682,18,26,0,4,4,3.25
VFLM 4682,19,11,1,5,3,1.375
VFLM 4682,20,22,0,4,4,2.75
VFLM 4682,21,20,0,4,4,2.5
VFLM 4682,22,17,1,5,3,2.125
VFLM 4682,23,18,0,4,4,2.25
VFLM 4682,24,24,0,4,4,3.0
VFLM 4682,25,19,1,3,5,2.375
VFLM 4682,26,20,0,4,4,2.5
VFLM 4682,27,28,0,6,2,3.5
VFLM 4682,28,17,1,7,1,2.125
VFLM 4682,29,26,0,4,4,3.25
VFLM 4682,30,11,1,5,3,1.375
VFLM 4683,1,22,0,4,4,2.75
VFLM 4683,2,20,0,4,4,2.5
VFLM 4683,3,17,1,5,3,2.125
VFLM 4683,4,18,0,4,4,2.25
VFLM 4683,5,24,0,4,4,3.0
VFLM 4683,6,19,1,3,5,2.375
VFLM 4683,7,20,0,4,4,2.5
VFLM 4683,8,28,0,6,2,3.5
VFLM 4683,9,17,1,7,1,2.125
VFLM 4683,10,26,0,4,4,3.25
VFLM 4683,11,11,1,5,3,1.375
VFLM 4683,12,22,0,4,4,2.75
VFLM 4683,13,20,0,4,4,2.5
VFLM 4683,14,17,1,5,3,2.125
VFLM 4683,15,26,0,4,4,3.25
VFLM 4683,16,24,0,4,4,3.0
VFLM 4683,17,19,1,3,5,2.375
VFLM 4683,18,20,0,4,4,2.5
VFLM 4683,19,28,0,6,2,3.5
VFLM 4683,20,17,1,7,1,2.125
VFLM 4683,21,26,0,4,4,3.25
VFLM 4683,22,11,1,5,3,1.375
VFLM 4683,23,22,0,4,4,2.75
VFLM 4683,24,20,0,4,4,2.5
VFLM 4683,25,17,1,3,5,2.125
VFLM 4683,26,27,1,3,5,3.375
VFLM 4683,27,26,0,4,4,3.25
VFLM 4683,28,24,0,4,4,3.0
VFLM 4683,29,19,1,3,5,2.375
VFLM 4683,30,20,0,4,4,2.5
VFLM 4684,1,28,0,6,2,3.5
VFLM 4684,2,17,1,7,1,2.125
VFLM 4684,3,26,0,4,4,3.25
VFLM 4684,4,11,1,5,3,1.375
VFLM 4684,5,17,1,3,5,2.125
VFLM 4684,6,19,1,5,3,2.375
VFLM 4684,7,17,1,3,5,2.125
VFLM 4684,8,27,1,3,5,3.375
VFLM 4684,9,26,0,4,4,3.25
VFLM 4684,10,24,0,4,4,3.0
VFLM 4684,11,19,1,3,5,2.375
VFLM 4684,12,20,0,4,4,2.5
VFLM 4684,13,28,0,6,2,3.5
VFLM 4684,14,17,1,7,1,2.125
VFLM 4684,15,26,0,4,4,3.25
VFLM 4684,16,19,1,5,3,2.375
VFLM 4684,17,17,1,3,5,2.125
VFLM 4684,18,24,0,4,4,3.0
VFLM 4684,19,19,1,5,3,2.375
VFLM 4684,20,17,1,3,5,2.125
VFLM 4684,21,27,1,3,5,3.375
VFLM 4684,22,26,0,4,4,3.25
VFLM 4684,23,24,0,4,4,3.0
VFLM 4684,24,19,1,3,5,2.375
VFLM 4684,25,20,0,4,4,2.5
VFLM 4684,26,28,0,6,2,3.5
VFLM 4684,27,17,1,7,1,2.125
VFLM 4684,28,24,0,4,4,3.0
VFLM 4684,29,19,1,5,3,2.375
VFLM 4684,30,17,1,3,5,2.125
VFLM 4685,1,27,1,3,5,3.375
VFLM 4685,2,26,0,4,4,3.25
VFLM 4685,3,24,0,4,4,3.0
VFLM 4685,4,20,0,4,4,2.5
VFLM 4685,5,24,0,4,4,3.0
VFLM 4685,6,19,1,5,3,2.375
VFLM 4685,7,17,1,3,5,2.125
VFLM 4685,8,27,1,3,5,3.375
VFLM 4685,9,26,0,4,4,3.25
VFLM 4685,10,24,0,4,4,3.0
VFLM 4685,11,19,1,3,5,2.375
VFLM 4685,12,20,0,4,4,2.5
VFLM 4685,13,28,0,6,2,3.5
VFLM 4685,14,20,0,4,4,2.5
VFLM 4685,15,24,0,4,4,3.0
VFLM 4685,16,19,1,5,3,2.375
VFLM 4685,17,17,1,3,5,2.125
VFLM 4685,18,27,1,3,5,3.375
VFLM 4685,19,26,0,4,4,3.25
VFLM 4685,20,24,0,4,4,3.0
VFLM 4685,21,19,1,3,5,2.375
VFLM 4685,22,20,0,4,4,2.5
VFLM 4685,23,28,0,6,2,3.5
VFLM 4685,24,20,0,4,4,2.5
VFLM 4685,25,24,0,4,4,3.0
VFLM 4685,26,19,1,5,3,2.375
VFLM 4685,27,17,1,3,5,2.125
VFLM 4685,28,27,1,3,5,3.375
VFLM 4685,29,26,0,4,4,3.25
VFLM 4685,30,24,0,4,4,3.0
VFLM 4687,1,26,0,4,4,3.25
VFLM 4687,2,24,0,4,4,3.0
VFLM 4687,3,19,1,3,5,2.375
VFLM 4687,4,24,0,4,4,3.0
VFLM 4687,5,20,0,6,2,2.5
VFLM 4687,6,19,1,5,3,2.375
VFLM 4687,7,20,0,4,4,2.5
VFLM 4687,8,24,0,4,4,3.0
VFLM 4687,9,19,1,5,3,2.375
VFLM 4687,10,17,1,3,5,2.125
VFLM 4687,11,27,1,3,5,3.375
VFLM 4687,12,26,0,4,4,3.25
VFLM 4687,13,24,0,4,4,3.0
VFLM 4687,14,24,0,4,4,3.0
VFLM 4687,15,20,0,6,2,2.5
VFLM 4687,16,19,1,5,3,2.375
VFLM 4687,17,20,0,4,4,2.5
VFLM 4687,18,24,0,4,4,3.0
VFLM 4687,19,19,1,5,3,2.375
VFLM 4687,20,17,1,3,5,2.125
VFLM 4687,21,27,1,3,5,3.375
VFLM 4687,22,26,0,4,4,3.25
VFLM 4687,23,24,0,4,4,3.0
VFLM 4687,24,24,0,4,4,3.0
VFLM 4687,25,20,0,6,2,2.5
VFLM 4687,26,19,1,5,3,2.375
VFLM 4687,27,20,0,4,4,2.5
VFLM 4687,28,24,0,4,4,3.0
VFLM 4687,29,19,1,5,3,2.375
VFLM 4687,30,17,1,3,5,2.125
VFLM 4688,1,27,1,3,5,3.375
VFLM 4688,2,26,0,4,4,3.25
VFLM 4688,3,24,0,4,4,3.0
VFLM 4688,4,23,1,5,3,2.875
VFLM 4688,5,24,0,4,4,3.0
VFLM 4688,6,20,0,6,2,2.5
VFLM 4688,7,19,1,5,3,2.375
VFLM 4688,8,20,0,4,4,2.5
VFLM 4688,9,24,0,4,4,3.0
VFLM 4688,10,19,1,5,3,2.375
VFLM 4688,11,17,1,3,5,2.125
VFLM 4688,12,27,1,3,5,3.375
VFLM 4688,13,26,0,4,4,3.25
VFLM 4688,14,23,1,5,3,2.875
VFLM 4688,15,24,0,4,4,3.0
VFLM 4688,16,20,0,6,2,2.5
VFLM 4688,17,19,1,5,3,2.375
VFLM 4688,18,20,0,4,4,2.5
VFLM 4688,19,24,0,4,4,3.0
VFLM 4688,20,19,1,5,3,2.375
VFLM 4688,21,17,1,3,5,2.125
VFLM 4688,22,27,1,3,5,3.375
VFLM 4688,23,26,0,4,4,3.25
VFLM 4688,24,21,1,5,3,2.625
VFLM 4688,25,23,1,5,3,2.875
VFLM 4688,26,24,0,4,4,3.0
VFLM 4688,27,20,0,6,2,2.5
VFLM 4688,28,19,1,5,3,2.375
VFLM 4688,29,20,0,4,4,2.5
VFLM 4688,30,24,0,4,4,3.0
VFLM 4689,1,19,1,5,3,2.375
VFLM 4689,2,17,1,3,5,2.125
VFLM 4689,3,27,1,3,5,3.375
VFLM 4689,4,21,1,5,3,2.625
VFLM 4689,5,23,1,5,3,2.875
VFLM 4689,6,24,0,4,4,3.0
VFLM 4689,7,20,0,6,2,2.5
VFLM 4689,8,19,1,5,3,2.375
VFLM 4689,9,20,0,4,4,2.5
VFLM 4689,10,24,0,4,4,3.0
VFLM 4689,11,19,1,5,3,2.375
VFLM 4689,12,17,1,3,5,2.125
VFLM 4689,13,27,1,3,5,3.375
VFLM 4689,14,26,0,4,4,3.25
VFLM 4689,15,21,1,5,3,2.625
VFLM 4689,16,23,1,5,3,2.875
VFLM 4689,17,24,0,4,4,3.0
VFLM 4689,18,20,0,6,2,2.5
VFLM 4689,19,19,1,5,3,2.375
VFLM 4689,20,20,0,4,4,2.5
VFLM 4689,21,24,0,4,4,3.0
VFLM 4689,22,19,1,5,3,2.375
VFLM 4689,23,17,1,3,5,2.125
VFLM 4689,24,28,0,2,6,3.5
VFLM 4689,25,26,0,4,4,3.25
VFLM 4689,26,21,1,5,3,2.625
VFLM 4689,27,23,1,5,3,2.875
VFLM 4689,28,24,0,4,4,3.0
VFLM 4689,29,20,0,6,2,2.5
VFLM 4689,30,19,1,5,3,2.375
VFLM 4690,1,20,0,4,4,2.5
VFLM 4690,2,24,0,4,4,3.0
VFLM 4690,3,19,1,5,3,2.375
VFLM 4690,4,28,0,2,6,3.5
VFLM 4690,5,26,0,4,4,3.25
VFLM 4690,6,21,1,5,3,2.625
VFLM 4690,7,23,1,5,3,2.875
VFLM 4690,8,24,0,4,4,3.0
VFLM 4690,9,20,0,6,2,2.5
VFLM 4690,10,19,1,5,3,2.375
VFLM 4690,11,20,0,4,4,2.5
VFLM 4690,12,24,0,4,4,3.0
VFLM 4690,13,19,1,5,3,2.375
VFLM 4690,14,14,0,4,4,1.75
VFLM 4690,15,28,0,2,6,3.5
VFLM 4690,16,26,0,4,4,3.25
VFLM 4690,17,21,1,5,3,2.625
VFLM 4690,18,23,1,5,3,2.875
VFLM 4690,19,24,0,4,4,3.0
VFLM 4690,20,20,0,6,2,2.5
VFLM 4690,21,19,1,5,3,2.375
VFLM 4690,22,20,0,4,4,2.5
VFLM 4690,23,24,0,4,4,3.0
VFLM 4690,24,14,0,4,4,1.75
VFLM 4690,25,28,0,2,6,3.5
VFLM 4690,26,26,0,4,4,3.25
VFLM 4690,27,21,1,5,3,2.625
VFLM 4690,28,23,1,5,3,2.875
VFLM 4690,29,24,0,4,4,3.0
VFLM 4690,30,20,0,6,2,2.5
VFLM 4691,1,19,1,5,3,2.375
VFLM 4691,2,20,0,4,4,2.5
VFLM 4691,3,24,0,4,4,3.0
VFLM 4691,4,20,0,2,6,2.5
VFLM 4691,5,14,0,4,4,1.75
VFLM 4691,6,28,0,2,6,3.5
VFLM 4691,7,26,0,4,4,3.25
VFLM 4691,8,21,1,5,3,2.625
VFLM 4691,9,23,1,5,3,2.875
VFLM 4691,10,24,0,4,4,3.0
VFLM 4691,11,20,0,6,2,2.5
VFLM 4691,12,19,1,5,3,2.375
VFLM 4691,13,20,0,4,4,2.5
VFLM 4691,14,20,0,2,6,2.5
VFLM 4691,15,14,0,4,4,1.75
VFLM 4691,16,28,0,2,6,3.5
VFLM 4691,17,26,0,4,4,3.25
VFLM 4691,18,21,1,5,3,2.625
VFLM 4691,19,23,1,5,3,2.875
VFLM 4691,20,24,0,4,4,3.0
VFLM 4691,21,20,0,6,2,2.5
VFLM 4691,22,19,1,5,3,2.375
VFLM 4691,23,20,0,4,4,2.5
VFLM 4691,24,23,1,3,5,2.875
VFLM 4691,25,20,0,2,6,2.5
VFLM 4691,26,14,0,4,4,1.75
VFLM 4691,27,28,0,2,6,3.5
VFLM 4691,28,26,0,4,4,3.25
VFLM 4691,29,21,1,5,3,2.625
VFLM 4691,30,23,1,5,3,2.875
VFLM 4692,1,24,0,4,4,3.0
VFLM 4692,2,20,0,6,2,2.5
VFLM 4692,3,19,1,5,3,2.375
VFLM 4692,4,23,1,3,5,2.875
VFLM 4692,5,20,0,2,6,2.5
VFLM 4692,6,14,0,4,4,1.75
VFLM 4692,7,28,0,2,6,3.5
VFLM 4692,8,26,0,4,4,3.25
VFLM 4692,9,21,1,5,3,2.625
VFLM 4692,10,23,1,5,3,2.875
VFLM 4692,11,24,0,4,4,3.0
VFLM 4692,12,20,0,6,2,2.5
VFLM 4692,13,19,1,5,3,2.375
VFLM 4692,14,17,1,3,5,2.125
VFLM 4692,15,23,1,3,5,2.875
VFLM 4692,16,20,0,2,6,2.5
VFLM 4692,17,14,0,4,4,1.75
VFLM 4692,18,28,0,2,6,3.5
VFLM 4692,19,26,0,4,4,3.25
VFLM 4692,20,21,1,5,3,2.625
VFLM 4692,21,23,1,5,3,2.875
VFLM 4692,22,24,0,4,4,3.0
VFLM 4692,23,20,0,6,2,2.5
VFLM 4692,24,17,1,3,5,2.125
VFLM 4692,25,23,1,3,5,2.875
VFLM 4692,26,20,0,2,6,2.5
VFLM 4692,27,14,0,4,4,1.75
VFLM 4692,28,28,0,2,6,3.5
VFLM 4692,29,26,0,4,4,3.25
VFLM 4692,30,21,1,5,3,2.625
VFLM 4693,1,23,1,5,3,2.875
VFLM 4693,2,24,0,4,4,3.0
VFLM 4693,3,20,0,6,2,2.5
VFLM 4693,4,25,1,3,5,3.125
VFLM 4693,5,17,1,3,5,2.125
VFLM 4693,6,23,1,3,5,2.875
VFLM 4693,7,20,0,2,6,2.5
VFLM 4693,8,14,0,4,4,1.75
VFLM 4693,9,28,0,2,6,3.5
VFLM 4693,10,26,0,4,4,3.25
VFLM 4693,11,21,1,5,3,2.625
VFLM 4693,12,23,1,5,3,2.875
VFLM 4693,13,24,0,4,4,3.0
VFLM 4693,14,25,1,3,5,3.125
VFLM 4693,15,17,1,3,5,2.125
VFLM 4693,16,23,1,3,5,2.875
VFLM 4693,17,20,0,2,6,2.5
VFLM 4693,18,14,0,4,4,1.75
VFLM 4693,19,28,0,2,6,3.5
VFLM 4693,20,26,0,4,4,3.25
VFLM 4693,21,21,1,5,3,2.625
VFLM 4693,22,23,1,5,3,2.875
VFLM 4693,23,24,0,4,4,3.0
VFLM 4693,24,12,0,6,2,1.5
VFLM 4693,25,25,1,3,5,3.125
VFLM 4693,26,17,1,3,5,2.125
VFLM 4693,27,23,1,3,5,2.875
VFLM 4693,28,20,0,2,6,2.5
VFLM 4693,29,14,0,4,4,1.75
VFLM 4693,30,28,0,2,6,3.5
VFLM 4695,1,23,1,3,5,2.875
VFLM 4695,2,20,0,2,6,2.5
VFLM 4695,3,14,0,4,4,1.75
VFLM 4695,4,28,0,2,6,3.5
VFLM 4695,5,26,0,4,4,3.25
VFLM 4695,6,21,1,5,3,2.625
VFLM 4695,7,18,0,6,2,2.25
VFLM 4695,8,19,1,3,5,2.375
VFLM 4695,9,12,0,6,2,1.5
VFLM 4695,10,25,1,3,5,3.125
VFLM 4695,11,17,1,3,5,2.125
VFLM 4695,12,23,1,3,5,2.875
VFLM 4695,13,20,0,2,6,2.5
VFLM 4695,14,14,0,4,4,1.75
VFLM 4695,15,28,0,2,6,3.5
VFLM 4695,16,26,0,4,4,3.25
VFLM 4695,17,23,1,5,3,2.875
VFLM 4695,18,18,0,6,2,2.25
VFLM 4695,19,19,1,3,5,2.375
VFLM 4695,20,12,0,6,2,1.5
VFLM 4695,21,25,1,3,5,3.125
VFLM 4695,22,17,1,3,5,2.125
VFLM 4695,23,23,1,3,5,2.875
VFLM 4695,24,20,0,2,6,2.5
VFLM 4695,25,14,0,4,4,1.75
VFLM 4695,26,28,0,2,6,3.5
VFLM 4695,27,16,0,4,4,2.0
VFLM 4695,28,23,1,5,3,2.875
VFLM 4695,29,16,0,4,4,2.0
VFLM 4695,30,23,1,5,3,2.875
VFLM 4696,1,18,0,6,2,2.25
VFLM 4696,2,19,1,3,5,2.375
VFLM 4696,3,12,0,6,2,1.5
VFLM 4696,4,25,1,3,5,3.125
VFLM 4696,5,17,1,3,5,2.125
VFLM 4696,6,23,1,3,5,2.875
VFLM 4696,7,20,0,2,6,2.5
VFLM 4696,8,14,0,4,4,1.75
VFLM 4696,9,23,1,5,3,2.875
VFLM 4696,10,16,0,4,4,2.0
VFLM 4696,11,23,1,5,3,2.875
VFLM 4696,12,16,0,4,4,2.0
VFLM 4696,13,23,1,5,3,2.875
VFLM 4696,14,18,0,6,2,2.25
VFLM 4696,15,19,1,3,5,2.375
VFLM 4696,16,12,0,6,2,1.5
VFLM 4696,17,25,1,3,5,3.125
VFLM 4696,18,17,1,3,5,2.125
VFLM 4696,19,23,1,3,5,2.875
VFLM 4696,20,20,0,2,6,2.5
VFLM 4696,21,25,1,5,3,3.125
VFLM 4696,22,23,1,5,3,2.875
VFLM 4696,23,16,0,4,4,2.0
VFLM 4696,24,23,1,5,3,2.875
VFLM 4696,25,18,0,6,2,2.25
VFLM 4696,26,19,1,3,5,2.375
VFLM 4696,27,12,0,6,2,1.5
VFLM 4696,28,25,1,5,3,3.125
VFLM 4696,29,23,1,5,3,2.875
VFLM 4696,30,16,0,4,4,2.0
VFLM 4697,1,23,1,5,3,2.875
VFLM 4697,2,18,0,6,2,2.25
VFLM 4697,3,19,1,3,5,2.375
VFLM 4697,4,12,0,6,2,1.5
VFLM 4697,5,25,1,3,5,3.125
VFLM 4697,6,17,1,3,5,2.125
VFLM 4697,7,23,1,3,5,2.875
VFLM 4697,8,23,1,1,7,2.875
VFLM 4697,9,25,1,5,3,3.125
VFLM 4697,10,23,1,5,3,2.875
VFLM 4697,11,16,0,4,4,2.0
VFLM 4697,12,23,1,5,3,2.875
VFLM 4697,13,18,0,6,2,2.25
VFLM 4697,14,19,1,3,5,2.375
VFLM 4697,15,12,0,6,2,1.5
VFLM 4697,16,25,1,3,5,3.125
VFLM 4697,17,17,1,3,5,2.125
VFLM 4697,18,23,1,1,7,2.875
VFLM 4697,19,25,1,5,3,3.125
VFLM 4697,20,23,1,5,3,2.875
VFLM 4697,21,16,0,4,4,2.0
VFLM 4697,22,23,1,5,3,2.875
VFLM 4697,23,18,0,6,2,2.25
VFLM 4697,24,19,1,3,5,2.375
VFLM 4697,25,12,0,6,2,1.5
VFLM 4697,26,25,1,3,5,3.125
VFLM 4697,27,17,1,3,5,2.125
VFLM 4697,28,20,0,4,4,2.5
VFLM 4697,29,23,1,1,7,2.875
VFLM 4697,30,25,1,5,3,3.125
VFLM 4698,1,23,1,5,3,2.875
VFLM 4698,2,16,0,4,4,2.0
VFLM 4698,3,23,1,5,3,2.875
VFLM 4698,4,18,0,6,2,2.25
VFLM 4698,5,19,1,3,5,2.375
VFLM 4698,6,12,0,6,2,1.5
VFLM 4698,7,25,1,3,5,3.125
VFLM 4698,8,20,0,4,4,2.5
VFLM 4698,9,23,1,1,7,2.875
VFLM 4698,10,25,1,5,3,3.125
VFLM 4698,11,23,1,5,3,2.875
VFLM 4698,12,16,0,4,4,2.0
VFLM 4698,13,23,1,5,3,2.875
VFLM 4698,14,18,0,6,2,2.25
VFLM 4698,15,19,1,3,5,2.375
VFLM 4698,16,12,0,6,2,1.5
VFLM 4698,17,25,1,3,5,3.125
VFLM 4698,18,18,0,4,4,2.25
VFLM 4698,19,20,0,4,4,2.5
VFLM 4698,20,23,1,1,7,2.875
VFLM 4698,21,25,1,5,3,3.125
VFLM 4698,22,23,1,5,3,2.875
VFLM 4698,23,16,0,4,4,2.0
VFLM 4698,24,23,1,5,3,2.875
VFLM 4698,25,18,0,6,2,2.25
VFLM 4698,26,19,1,3,5,2.375
VFLM 4698,27,18,0,4,4,2.25
VFLM 4698,28,20,0,4,4,2.5
VFLM 4698,29,23,1,1,7,2.875
VFLM 4698,30,25,1,5,3,3.125
VFLM 4699,1,23,1,5,3,2.875
VFLM 4699,2,16,0,4,4,2.0
VFLM 4699,3,23,1,5,3,2.875
VFLM 4699,4,18,0,6,2,2.25
VFLM 4699,5,19,1,3,5,2.375
VFLM 4699,6,12,0,6,2,1.5
VFLM 4699,7,26,0,4,4,3.25
VFLM 4699,8,18,0,4,4,2.25
VFLM 4699,9,20,0,4,4,2.5
VFLM 4699,10,23,1,1,7,2.875
VFLM 4699,11,25,1,5,3,3.125
VFLM 4699,12,23,1,5,3,2.875
VFLM 4699,13,16,0,4,4,2.0
VFLM 4699,14,23,1,5,3,2.875
VFLM 4699,15,18,0,6,2,2.25
VFLM 4699,16,19,1,3,5,2.375
VFLM 4699,17,26,0,4,4,3.25
VFLM 4699,18,18,0,4,4,2.25
VFLM 4699,19,20,0,4,4,2.5
VFLM 4699,20,23,1,1,7,2.875
VFLM 4699,21,25,1,5,3,3.125
VFLM 4699,22,23,1,5,3,2.875
VFLM 4699,23,16,0,4,4,2.0
VFLM 4699,24,23,1,5,3,2.875
VFLM 4699,25,18,0,6,2,2.25
VFLM 4699,26,19,1,3,5,2.375
VFLM 4699,27,26,0,4,4,3.25
VFLM 4699,28,26,0,4,4,3.25
VFLM 4699,29,18,0,4,4,2.25
VFLM 4699,30,20,0,4,4,2.5
VFLM 4700,1,23,1,1,7,2.875
VFLM 4700,2,25,1,5,3,3.125
VFLM 4700,3,23,1,5,3,2.875
VFLM 4700,4,16,0,4,4,2.0
VFLM 4700,5,23,1,5,3,2.875
VFLM 4700,6,18,0,6,2,2.25
VFLM 4700,7,22,0,4,4,2.75
VFLM 4700,8,26,0,4,4,3.25
VFLM 4700,9,26,0,4,4,3.25
VFLM 4700,10,18,0,4,4,2.25
VFLM 4700,11,20,0,4,4,2.5
VFLM 4700,12,23,1,1,7,2.875
VFLM 4700,13,25,1,5,3,3.125
VFLM 4700,14,23,1,5,3,2.875
VFLM 4700,15,16,0,4,4,2.0
VFLM 4700,16,23,1,5,3,2.875
VFLM 4700,17,22,0,4,4,2.75
VFLM 4700,18,26,0,4,4,3.25
VFLM 4700,19,26,0,4,4,3.25
VFLM 4700,20,18,0,4,4,2.25
VFLM 4700,21,20,0,4,4,2.5
VFLM 4700,22,23,1,1,7,2.875
VFLM 4700,23,25,1,5,3,3.125
VFLM 4700,24,23,1,5,3,2.875
VFLM 4700,25,16,0,4,4,2.0
VFLM 4700,26,23,1,5,3,2.875
VFLM 4700,27,21,1,5,3,2.625
VFLM 4700,28,22,0,4,4,2.75
VFLM 4700,29,26,0,4,4,3.25
VFLM 4700,30,26,0,4,4,3.25
VFLM 4701,1,18,0,4,4,2.25
VFLM 4701,2,20,0,4,4,2.5
VFLM 4701,3,23,1,1,7,2.875
VFLM 4701,4,25,1,5,3,3.125
VFLM 4701,5,23,1,5,3,2.875
VFLM 4701,6,16,0,4,4,2.0
VFLM 4701,7,21,1,5,3,2.625
VFLM 4701,8,22,0,4,4,2.75
VFLM 4701,9,26,0,4,4,3.25
VFLM 4701,10,26,0,4,4,3.25
VFLM 4701,11,18,0,4,4,2.25
VFLM 4701,12,20,0,4,4,2.5
VFLM 4701,13,23,1,1,7,2.875
VFLM 4701,14,25,1,5,3,3.125
VFLM 4701,15,23,1,5,3,2.875
VFLM 4701,16,16,0,4,4,2.0
VFLM 4701,17,21,1,5,3,2.625
VFLM 4701,18,21,1,5,3,2.625
VFLM 4701,19,22,0,4,4,2.75
VFLM 4701,20,26,0,4,4,3.25
VFLM 4701,21,26,0,4,4,3.25
VFLM 4701,22,18,0,4,4,2.25
VFLM 4701,23,20,0,4,4,2.5
VFLM 4701,24,23,1,1,7,2.875
VFLM 4701,25,25,1,5,3,3.125
VFLM 4701,26,23,1,5,3,2.875
VFLM 4701,27,21,1,5,3,2.625
VFLM 4701,28,21,1,5,3,2.625
VFLM 4701,29,22,0,4,4,2.75
VFLM 4701,30,26,0,4,4,3.25
VFLM 4702,1,26,0,4,4,3.25
VFLM 4702,2,18,0,4,4,2.25
VFLM 4702,3,20,0,4,4,2.5
VFLM 4702,4,23,1,1,7,2.875
VFLM 4702,5,25,1,5,3,3.125
VFLM 4702,6,23,1,5,3,2.875
VFLM 4702,7,18,0,2,6,2.25
VFLM 4702,8,21,1,5,3,2.625
VFLM 4702,9,21,1,5,3,2.625
VFLM 4702,10,22,0,4,4,2.75
VFLM 4702,11,26,0,4,4,3.25
VFLM 4702,12,26,0,4,4,3.25
VFLM 4702,13,18,0,4,4,2.25
VFLM 4702,14,20,0,4,4,2.5
VFLM 4702,15,23,1,1,7,2.875
VFLM 4702,16,25,1,5,3,3.125
VFLM 4702,17,18,0,2,6,2.25
VFLM 4702,18,21,1,5,3,2.625
VFLM 4702,19,21,1,5,3,2.625
VFLM 4702,20,22,0,4,4,2.75
VFLM 4702,21,26,0,4,4,3.25
VFLM 4702,22,26,0,4,4,3.25
VFLM 4702,23,18,0,4,4,2.25
VFLM 4702,24,20,0,4,4,2.5
VFLM 4702,25,23,1,1,7,2.875
VFLM 4702,26,25,1,5,3,3.125
VFLM 4702,27,22,0,6,2,2.75
VFLM 4702,28,18,0,2,6,2.25
VFLM 4702,29,21,1,5,3,2.625
VFLM 4702,30,21,1,5,3,2.625
VFLM 4703,1,22,0,4,4,2.75
VFLM 4703,2,26,0,4,4,3.25
VFLM 4703,3,26,0,4,4,3.25
VFLM 4703,4,18,0,4,4,2.25
VFLM 4703,5,20,0,4,4,2.5
VFLM 4703,6,23,1,1,7,2.875
VFLM 4703,7,22,0,6,2,2.75
VFLM 4703,8,18,0,2,6,2.25
VFLM 4703,9,21,1,5,3,2.625
VFLM 4703,10,21,1,5,3,2.625
VFLM 4703,11,22,0,4,4,2.75
VFLM 4703,12,26,0,4,4,3.25
VFLM 4703,13,26,0,4,4,3.25
VFLM 4703,14,18,0,4,4,2.25
VFLM 4703,15,20,0,4,4,2.5
VFLM 4703,16,23,1,1,7,2.875
VFLM 4703,17,20,0,4,4,2.5
VFLM 4703,18,22,0,6,2,2.75
VFLM 4703,19,18,0,2,6,2.25
VFLM 4703,20,21,1,5,3,2.625
VFLM 4703,21,21,1,5,3,2.625
VFLM 4703,22,22,0,4,4,2.75
VFLM 4703,23,26,0,4,4,3.25
VFLM 4703,24,26,0,4,4,3.25
VFLM 4703,25,18,0,4,4,2.25
VFLM 4703,26,20,0,4,4,2.5
VFLM 4703,27,20,0,4,4,2.5
VFLM 4703,28,22,0,6,2,2.75
VFLM 4703,29,18,0,2,6,2.25
VFLM 4703,30,21,1,5,3,2.625
VFLM 4704,1,21,1,5,3,2.625
VFLM 4704,2,22,0,4,4,2.75
VFLM 4704,3,26,0,4,4,3.25
VFLM 4704,4,26,0,4,4,3.25
VFLM 4704,5,18,0,4,4,2.25
VFLM 4704,6,20,0,4,4,2.5
VFLM 4704,7,15,1,3,5,1.875
VFLM 4704,8,20,0,4,4,2.5
VFLM 4704,9,22,0,6,2,2.75
VFLM 4704,10,18,0,2,6,2.25
VFLM 4704,11,21,1,5,3,2.625
VFLM 4704,12,21,1,5,3,2.625
VFLM 4704,13,22,0,4,4,2.75
VFLM 4704,14,26,0,4,4,3.25
VFLM 4704,15,26,0,4,4,3.25
VFLM 4704,16,18,0,4,4,2.25
VFLM 4704,17,15,1,3,5,1.875
VFLM 4704,18,20,0,4,4,2.5
VFLM 4704,19,22,0,6,2,2.75
VFLM 4704,20,18,0,2,6,2.25
VFLM 4704,21,21,1,5,3,2.625
VFLM 4704,22,21,1,5,3,2.625
VFLM 4704,23,22,0,4,4,2.75
VFLM 4704,24,26,0,4,4,3.25
VFLM 4704,25,26,0,4,4,3.25
VFLM 4704,26,18,0,4,4,2.25
VFLM 4704,27,24,0,4,4,3.0
VFLM 4704,28,15,1,3,5,1.875
VFLM 4704,29,20,0,4,4,2.5
VFLM 4704,30,22,0,6,2,2.75
VFLM 4705,1,18,0,2,6,2.25
VFLM 4705,2,24,0,4,4,3.0
VFLM 4705,3,15,1,3,5,1.875
VFLM 4705,4,20,0,4,4,2.5
VFLM 4705,5,22,0,6,2,2.75
VFLM 4705,6,18,0,2,6,2.25
VFLM 4705,7,21,1,5,3,2.625
VFLM 4705,8,21,1,5,3,2.625
VFLM 4705,9,22,0,4,4,2.75
VFLM 4705,10,26,0,4,4,3.25
VFLM 4705,11,26,0,4,4,3.25
VFLM 4705,12,17,1,5,3,2.125
VFLM 4705,13,24,0,4,4,3.0
VFLM 4705,14,15,1,3,5,1.875
VFLM 4705,15,20,0,4,4,2.5
VFLM 4705,16,22,0,6,2,2.75
VFLM 4705,17,17,1,5,3,2.125
VFLM 4705,18,24,0,4,4,3.0
VFLM 4705,19,15,1,3,5,1.875
VFLM 4705,20,20,0,4,4,2.5
VFLM 4705,21,22,0,6,2,2.75
VFLM 4705,22,18,0,2,6,2.25
VFLM 4705,23,21,1,5,3,2.625
VFLM 4705,24,21,1,5,3,2.625
VFLM 4705,25,22,0,4,4,2.75
VFLM 4705,26,26,0,4,4,3.25
VFLM 4705,27,28,0,4,4,3.5
VFLM 4705,28,17,1,5,3,2.125
VFLM 4705,29,24,0,4,4,3.0
VFLM 4705,30,15,1,3,5,1.875
VFLM 4706,1,20,0,4,4,2.5
VFLM 4706,2,22,0,6,2,2.75
VFLM 4706,3,18,0,2,6,2.25
VFLM 4706,4,21,1,5,3,2.625
VFLM 4706,5,21,1,5,3,2.625
VFLM 4706,6,22,0,4,4,2.75
VFLM 4706,7,22,0,4,4,2.75
VFLM 4706,8,28,0,4,4,3.5
VFLM 4706,9,17,1,5,3,2.125
VFLM 4706,10,24,0,4,4,3.0
VFLM 4706,11,15,1,3,5,1.875
VFLM 4706,12,20,0,4,4,2.5
VFLM 4706,13,22,0,6,2,2.75
VFLM 4706,14,18,0,2,6,2.25
VFLM 4706,15,21,1,5,3,2.625
VFLM 4706,16,21,1,5,3,2.625
VFLM 4706,17,20,0,4,4,2.5
VFLM 4706,18,22,0,4,4,2.75
VFLM 4706,19,28,0,4,4,3.5
VFLM 4706,20,17,1,5,3,2.125
VFLM 4706,21,24,0,4,4,3.0
VFLM 4706,22,15,1,3,5,1.875
VFLM 4706,23,20,0,4,4,2.5
VFLM 4706,24,22,0,6,2,2.75
VFLM 4706,25,18,0,2,6,2.25
VFLM 4706,26,21,1,5,3,2.625
VFLM 4706,27,21,1,3,5,2.625
VFLM 4706,28,20,0,4,4,2.5
VFLM 4706,29,22,0,4,4,2.75
VFLM 4706,30,28,0,4,4,3.5
VFLM 4707,1,17,1,5,3,2.125
VFLM 4707,2,24,0,4,4,3.0
VFLM 4707,3,15,1,3,5,1.875
VFLM 4707,4,20,0,4,4,2.5
VFLM 4707,5,22,0,6,2,2.75
VFLM 4707,6,18,0,2,6,2.25
VFLM 4707,7,18,0,4,4,2.25
VFLM 4707,8,21,1,3,5,2.625
VFLM 4707,9,20,0,4,4,2.5
VFLM 4707,10,22,0,4,4,2.75
VFLM 4707,11,28,0,4,4,3.5
VFLM 4707,12,18,0,4,4,2.25
VFLM 4707,13,21,1,3,5,2.625
VFLM 4707,14,20,0,4,4,2.5
VFLM 4707,15,22,0,4,4,2.75
VFLM 4707,16,28,0,4,4,3.5
VFLM 4707,17,17,1,5,3,2.125
VFLM 4707,18,24,0,4,4,3.0
VFLM 4707,19,15,1,3,5,1.875
VFLM 4707,20,20,0,4,4,2.5
VFLM 4707,21,22,0,6,2,2.75
VFLM 4707,22,19,1,3,5,2.375
VFLM 4707,23,18,0,4,4,2.25
VFLM 4707,24,21,1,3,5,2.625
VFLM 4707,25,20,0,4,4,2.5
VFLM 4707,26,22,0,4,4,2.75
VFLM 4707,27,28,0,4,4,3.5
VFLM 4707,28,17,1,5,3,2.125
VFLM 4707,29,24,0,4,4,3.0
VFLM 4707,30,19,1,3,5,2.375
VFLM 4708,1,18,0,4,4,2.25
VFLM 4708,2,21,1,3,5,2.625
VFLM 4708,3,20,0,4,4,2.5
VFLM 4708,4,22,0,4,4,2.75
VFLM 4708,5,28,0,4,4,3.5
VFLM 4708,6,17,1,5,3,2.125
VFLM 4708,7,24,0,4,4,3.0
VFLM 4708,8,15,1,3,5,1.875
VFLM 4708,9,20,0,4,4,2.5
VFLM 4708,10,19,1,5,3,2.375
VFLM 4708,11,19,1,3,5,2.375
VFLM 4708,12,18,0,4,4,2.25
VFLM 4708,13,21,1,3,5,2.625
VFLM 4708,14,20,0,4,4,2.5
VFLM 4708,15,22,0,4,4,2.75
VFLM 4708,16,28,0,4,4,3.5
VFLM 4708,17,17,1,5,3,2.125
VFLM 4708,18,24,0,4,4,3.0
VFLM 4708,19,15,1,3,5,1.875
VFLM 4708,20,19,1,5,3,2.375
VFLM 4708,21,19,1,3,5,2.375
VFLM 4708,22,18,0,4,4,2.25
VFLM 4708,23,21,1,3,5,2.625
VFLM 4708,24,20,0,4,4,2.5
VFLM 4708,25,22,0,4,4,2.75
VFLM 4708,26,28,0,4,4,3.5
VFLM 4708,27,17,1,5,3,2.125
VFLM 4708,28,24,0,4,4,3.0
VFLM 4708,29,15,1,3,5,1.875
VFLM 4708,30,16,0,4,4,2.0
VFLM 4709,1,19,1,5,3,2.375
VFLM 4709,2,19,1,3,5,2.375
VFLM 4709,3,18,0,4,4,2.25
VFLM 4709,4,21,1,3,5,2.625
VFLM 4709,5,20,0,4,4,2.5
VFLM 4709,6,22,0,4,4,2.75
VFLM 4709,7,28,0,4,4,3.5
VFLM 4709,8,17,1,5,3,2.125
VFLM 4709,9,24,0,4,4,3.0
VFLM 4709,10,16,0,4,4,2.0
VFLM 4709,11,19,1,5,3,2.375
VFLM 4709,12,19,1,3,5,2.375
VFLM 4709,13,18,0,4,4,2.25
VFLM 4709,14,21,1,3,5,2.625
VFLM 4709,15,20,0,4,4,2.5
VFLM 4709,16,22,0,4,4,2.75
VFLM 4709,17,28,0,4,4,3.5
VFLM 4709,18,17,1,5,3,2.125
VFLM 4709,19,24,0,4,4,3.0
VFLM 4709,20,20,0,4,4,2.5
VFLM 4709,21,16,0,4,4,2.0
VFLM 4709,22,19,1,5,3,2.375
VFLM 4709,23,19,1,3,5,2.375
VFLM 4709,24,18,0,4,4,2.25
VFLM 4709,25,21,1,3,5,2.625
VFLM 4709,26,20,0,4,4,2.5
VFLM 4709,27,22,0,4,4,2.75
VFLM 4709,28,28,0,4,4,3.5
VFLM 4709,29,17,1,5,3,2.125
VFLM 4709,30,20,0,4,4,2.5
VFLM 4710,1,16,0,4,4,2.0
VFLM 4710,2,19,1,5,3,2.375
VFLM 4710,3,19,1,3,5,2.375
VFLM 4710,4,18,0,4,4,2.25
VFLM 4710,5,21,1,3,5,2.625
VFLM 4710,6,20,0,4,4,2.5
VFLM 4710,7,22,0,4,4,2.75
VFLM 4710,8,28,0,4,4,3.5
VFLM 4710,9,17,1,5,3,2.125
VFLM 4710,10,21,1,5,3,2.625
VFLM 4710,11,20,0,4,4,2.5
VFLM 4710,12,16,0,4,4,2.0
VFLM 4710,13,19,1,5,3,2.375
VFLM 4710,14,19,1,3,5,2.375
VFLM 4710,15,18,0,4,4,2.25
VFLM 4710,16,21,1,3,5,2.625
VFLM 4710,17,20,0,4,4,2.5
VFLM 4710,18,22,0,4,4,2.75
VFLM 4710,19,28,0,4,4,3.5
VFLM 4710,20,21,1,5,3,2.625
VFLM 4710,21,20,0,4,4,2.5
VFLM 4710,22,16,0,4,4,2.0
VFLM 4710,23,19,1,5,3,2.375
VFLM 4710,24,19,1,3,5,2.375
VFLM 4710,25,18,0,4,4,2.25
VFLM 4710,26,21,1,3,5,2.625
VFLM 4710,27,20,0,4,4,2.5
VFLM 4710,28,22,0,4,4,2.75
VFLM 4710,29,28,0,4,4,3.5
VFLM 4710,30,19,1,5,3,2.375
VFLM 4711,1,21,1,5,3,2.625
VFLM 4711,2,20,0,4,4,2.5
VFLM 4711,3,16,0,4,4,2.0
VFLM 4711,4,19,1,5,3,2.375
VFLM 4711,5,19,1,3,5,2.375
VFLM 4711,6,18,0,4,4,2.25
VFLM 4711,7,21,1,3,5,2.625
VFLM 4711,8,20,0,4,4,2.5
VFLM 4711,9,22,0,4,4,2.75
VFLM 4711,10,19,1,5,3,2.375
VFLM 4711,11,21,1,5,3,2.625
VFLM 4711,12,20,0,4,4,2.5
VFLM 4711,13,16,0,4,4,2.0
VFLM 4711,14,19,1,5,3,2.375
VFLM 4711,15,19,1,3,5,2.375
VFLM 4711,16,18,0,4,4,2.25
VFLM 4711,17,21,1,3,5,2.625
VFLM 4711,18,20,0,4,4,2.5
VFLM 4711,19,22,0,4,4,2.75
VFLM 4711,20,18,0,4,4,2.25
VFLM 4711,21,19,1,5,3,2.375
VFLM 4711,22,21,1,5,3,2.625
VFLM 4711,23,20,0,4,4,2.5
VFLM 4711,24,16,0,4,4,2.0
VFLM 4711,25,19,1,5,3,2.375
VFLM 4711,26,19,1,3,5,2.375
VFLM 4711,27,18,0,4,4,2.25
VFLM 4711,28,21,1,3,5,2.625
VFLM 4711,29,20,0,4,4,2.5
VFLM 4711,30,18,0,4,4,2.25
VFLM 4712,1,19,1,5,3,2.375
VFLM 4712,2,21,1,5,3,2.625
VFLM 4712,3,20,0,4,4,2.5
VFLM 4712,4,16,0,4,4,2.0
VFLM 4712,5,19,1,5,3,2.375
VFLM 4712,6,19,1,3,5,2.375
VFLM 4712,7,18,0,4,4,2.25
VFLM 4712,8,21,1,3,5,2.625
VFLM 4712,9,20,0,4,4,2.5
VFLM 4712,10,18,0,4,4,2.25
VFLM 4712,11,18,0,4,4,2.25
VFLM 4712,12,19,1,5,3,2.375
VFLM 4712,13,21,1,5,3,2.625
VFLM 4712,14,20,0,4,4,2.5
VFLM 4712,15,16,0,4,4,2.0
VFLM 4712,16,19,1,5,3,2.375
VFLM 4712,17,19,1,3,5,2.375
VFLM 4712,18,18,0,4,4,2.25
VFLM 4712,19,21,1,3,5,2.625
VFLM 4712,20,18,0,4,4,2.25
VFLM 4712,21,18,0,4,4,2.25
VFLM 4712,22,19,1,5,3,2.375
VFLM 4712,23,21,1,5,3,2.625
VFLM 4712,24,20,0,4,4,2.5
VFLM 4712,25,16,0,4,4,2.0
VFLM 4712,26,19,1,5,3,2.375
VFLM 4712,27,19,1,3,5,2.375
VFLM 4712,28,18,0,4,4,2.25
VFLM 4712,29,21,1,3,5,2.625
VFLM 4712,30,18,0,4,4,2.25
VFLM 4713,1,18,0,4,4,2.25
VFLM 4713,2,19,1,5,3,2.375
VFLM 4713,3,21,1,5,3,2.625
VFLM 4713,4,20,0,4,4,2.5
VFLM 4713,5,16,0,4,4,2.0
VFLM 4713,6,19,1,5,3,2.375
VFLM 4713,7,19,1,3,5,2.375
VFLM 4713,8,18,0,4,4,2.25
VFLM 4713,9,21,1,3,5,2.625
VFLM 4713,10,15,1,7,1,1.875
VFLM 4713,11,18,0,4,4,2.25
VFLM 4713,12,18,0,4,4,2.25
VFLM 4713,13,19,1,5,3,2.375
VFLM 4713,14,21,1,5,3,2.625
VFLM 4713,15,20,0,4,4,2.5
VFLM 4713,16,16,0,4,4,2.0
VFLM 4713,17,19,1,5,3,2.375
VFLM 4713,18,19,1,3,5,2.375
VFLM 4713,19,18,0,4,4,2.25
VFLM 4713,20,15,1,7,1,1.875
VFLM 4713,21,18,0,4,4,2.25
VFLM 4713,22,18,0,4,4,2.25
VFLM 4713,23,19,1,5,3,2.375
VFLM 4713,24,21,1,5,3,2.625
VFLM 4713,25,20,0,4,4,2.5
VFLM 4713,26,16,0,4,4,2.0
VFLM 4713,27,19,1,5,3,2.375
VFLM 4713,28,19,1,3,5,2.375
VFLM 4713,29,18,0,4,4,2.25
VFLM 4713,30,30,0,4,4,3.75
VFLM 4714,1,15,1,7,1,1.875
VFLM 4714,2,18,0,4,4,2.25
VFLM 4714,3,18,0,4,4,2.25
VFLM 4714,4,19,1,5,3,2.375
VFLM 4714,5,21,1,5,3,2.625
VFLM 4714,6,20,0,4,4,2.5
VFLM 4714,7,30,0,4,4,3.75
VFLM 4714,8,15,1,7,1,1.875
VFLM 4714,9,18,0,4,4,2.25
VFLM 4714,10,18,0,4,4,2.25
VFLM 4714,11,19,1,5,3,2.375
VFLM 4714,12,21,1,5,3,2.625
VFLM 4714,13,20,0,4,4,2.5
VFLM 4714,14,16,0,4,4,2.0
VFLM 4714,15,19,1,5,3,2.375
VFLM 4714,16,19,1,3,5,2.375
VFLM 4714,17,23,1,3,5,2.875
VFLM 4714,18,30,0,4,4,3.75
VFLM 4714,19,15,1,7,1,1.875
VFLM 4714,20,18,0,4,4,2.25
VFLM 4714,21,23,1,3,5,2.875
VFLM 4714,22,30,0,4,4,3.75
VFLM 4714,23,15,1,7,1,1.875
VFLM 4714,24,18,0,4,4,2.25
VFLM 4714,25,18,0,4,4,2.25
VFLM 4714,26,19,1,5,3,2.375
VFLM 4714,27,21,1,5,3,2.625
VFLM 4714,28,20,0,4,4,2.5
VFLM 4714,29,16,0,4,4,2.0
VFLM 4714,30,19,1,5,3,2.375
VFLM 4715,1,20,0,4,4,2.5
VFLM 4715,2,20,0,4,4,2.5
VFLM 4715,3,23,1,3,5,2.875
VFLM 4715,4,30,0,4,4,3.75
VFLM 4715,5,15,1,7,1,1.875
VFLM 4715,6,18,0,4,4,2.25
VFLM 4715,7,18,0,4,4,2.25
VFLM 4715,8,19,1,5,3,2.375
VFLM 4715,9,21,1,5,3,2.625
VFLM 4715,10,20,0,4,4,2.5
VFLM 4715,11,16,0,4,4,2.0
VFLM 4715,12,18,0,2,6,2.25
VFLM 4715,13,20,0,4,4,2.5
VFLM 4715,14,23,1,3,5,2.875
VFLM 4715,15,30,0,4,4,3.75
VFLM 4715,16,15,1,7,1,1.875
VFLM 4715,17,18,0,4,4,2.25
VFLM 4715,18,18,0,4,4,2.25
VFLM 4715,19,19,1,5,3,2.375
VFLM 4715,20,21,1,5,3,2.625
VFLM 4715,21,20,0,4,4,2.5
VFLM 4715,22,18,0,6,2,2.25
VFLM 4715,23,18,0,2,6,2.25
VFLM 4715,24,20,0,4,4,2.5
VFLM 4715,25,23,1,3,5,2.875
VFLM 4715,26,30,0,4,4,3.75
VFLM 4715,27,15,1,7,1,1.875
VFLM 4715,28,18,0,4,4,2.25
VFLM 4715,29,18,0,4,4,2.25
VFLM 4715,30,19,1,5,3,2.375
VFLM 4716,1,21,1,5,3,2.625
VFLM 4716,2,15,1,1,7,1.875
VFLM 4716,3,18,0,6,2,2.25
VFLM 4716,4,18,0,2,6,2.25
VFLM 4716,5,20,0,4,4,2.5
VFLM 4716,6,23,1,3,5,2.875
VFLM 4716,7,30,0,4,4,3.75
VFLM 4716,8,15,1,7,1,1.875
VFLM 4716,9,18,0,4,4,2.25
VFLM 4716,10,18,0,4,4,2.25
VFLM 4716,11,19,1,5,3,2.375
VFLM 4716,12,19,1,1,7,2.375
VFLM 4716,13,15,1,1,7,1.875
VFLM 4716,14,18,0,6,2,2.25
VFLM 4716,15,18,0,2,6,2.25
VFLM 4716,16,20,0,4,4,2.5
VFLM 4716,17,23,1,3,5,2.875
VFLM 4716,18,30,0,4,4,3.75
VFLM 4716,19,15,1,7,1,1.875
VFLM 4716,20,18,0,4,4,2.25
VFLM 4716,21,18,0,4,4,2.25
VFLM 4716,22,21,1,5,3,2.625
VFLM 4716,23,19,1,1,7,2.375
VFLM 4716,24,15,1,1,7,1.875
VFLM 4716,25,18,0,6,2,2.25
VFLM 4716,26,18,0,2,6,2.25
VFLM 4716,27,20,0,4,4,2.5
VFLM 4716,28,23,1,3,5,2.875
VFLM 4716,29,30,0,4,4,3.75
VFLM 4716,30,15,1,7,1,1.875
VFLM 4717,1,18,0,4,4,2.25
VFLM 4717,2,27,1,3,5,3.375
VFLM 4717,3,21,1,5,3,2.625
VFLM 4717,4,27,1,3,5,3.375
VFLM 4717,5,21,1,5,3,2.625
VFLM 4717,6,19,1,1,7,2.375
VFLM 4717,7,15,1,1,7,1.875
VFLM 4717,8,18,0,6,2,2.25
VFLM 4717,9,18,0,2,6,2.25
VFLM 4717,10,20,0,4,4,2.5
VFLM 4717,11,23,1,3,5,2.875
VFLM 4717,12,30,0,4,4,3.75
VFLM 4717,13,15,1,7,1,1.875
VFLM 4717,14,12,0,4,4,1.5
VFLM 4717,15,27,1,3,5,3.375
VFLM 4717,16,21,1,5,3,2.625
VFLM 4717,17,19,1,1,7,2.375
VFLM 4717,18,15,1,1,7,1.875
VFLM 4717,19,18,0,6,2,2.25
VFLM 4717,20,18,0,2,6,2.25
VFLM 4717,21,20,0,4,4,2.5
VFLM 4717,22,23,1,3,5,2.875
VFLM 4717,23,30,0,4,4,3.75
VFLM 4717,24,12,0,4,4,1.5
VFLM 4717,25,12,0,4,4,1.5
VFLM 4717,26,27,1,3,5,3.375
VFLM 4717,27,21,1,5,3,2.625
VFLM 4717,28,19,1,1,7,2.375
VFLM 4717,29,15,1,1,7,1.875
VFLM 4717,30,18,0,6,2,2.25
VFLM 4718,1,18,0,2,6,2.25
VFLM 4718,2,20,0,4,4,2.5
VFLM 4718,3,23,1,3,5,2.875
VFLM 4718,4,12,0,4,4,1.5
VFLM 4718,5,12,0,4,4,1.5
VFLM 4718,6,27,1,3,5,3.375
VFLM 4718,7,21,1,5,3,2.625
VFLM 4718,8,19,1,1,7,2.375
VFLM 4718,9,15,1,1,7,1.875
VFLM 4718,10,18,0,6,2,2.25
VFLM 4718,11,18,0,2,6,2.25
VFLM 4718,12,20,0,4,4,2.5
VFLM 4718,13,23,1,3,5,2.875
VFLM 4718,14,18,0,4,4,2.25
VFLM 4718,15,12,0,4,4,1.5
VFLM 4718,16,12,0,4,4,1.5
VFLM 4718,17,27,1,3,5,3.375
VFLM 4718,18,21,1,5,3,2.625
VFLM 4718,19,19,1,1,7,2.375
VFLM 4718,20,15,1,1,7,1.875
VFLM 4718,21,18,0,6,2,2.25
VFLM 4718,22,18,0,2,6,2.25
VFLM 4718,23,20,0,4,4,2.5
VFLM 4718,24,18,0,4,4,2.25
VFLM 4718,25,12,0,4,4,1.5
VFLM 4718,26,12,0,4,4,1.5
VFLM 4718,27,27,1,3,5,3.375
VFLM 4718,28,21,1,5,3,2.625
VFLM 4718,29,19,1,1,7,2.375
VFLM 4718,30,15,1,1,7,1.875
VFLM 4719,1,18,0,6,2,2.25
VFLM 4719,2,18,0,2,6,2.25
VFLM 4719,3,20,0,4,4,2.5
VFLM 4719,4,26,0,6,2,3.25
VFLM 4719,5,18,0,4,4,2.25
VFLM 4719,6,12,0,4,4,1.5
VFLM 4719,7,12,0,4,4,1.5
VFLM 4719,8,27,1,3,5,3.375
VFLM 4719,9,21,1,5,3,2.625
VFLM 4719,10,19,1,1,7,2.375
VFLM 4719,11,15,1,1,7,1.875
VFLM 4719,12,18,0,6,2,2.25
VFLM 4719,13,18,0,2,6,2.25
VFLM 4719,14,26,0,6,2,3.25
VFLM 4719,15,18,0,4,4,2.25
VFLM 4719,16,12,0,4,4,1.5
VFLM 4719,17,12,0,4,4,1.5
VFLM 4719,18,27,1,3,5,3.375
VFLM 4719,19,21,1,5,3,2.625
VFLM 4719,20,19,1,1,7,2.375
VFLM 4719,21,15,1,1,7,1.875
VFLM 4719,22,18,0,6,2,2.25
VFLM 4719,23,18,0,2,6,2.25
VFLM 4719,24,22,0,4,4,2.75
VFLM 4719,25,26,0,6,2,3.25
VFLM 4719,26,18,0,4,4,2.25
VFLM 4719,27,12,0,4,4,1.5
VFLM 4719,28,12,0,4,4,1.5
VFLM 4719,29,27,1,3,5,3.375
VFLM 4719,30,21,1,5,3,2.625
VFLM 4720,1,19,1,1,7,2.375
VFLM 4720,2,15,1,1,7,1.875
VFLM 4720,3,18,0,6,2,2.25
VFLM 4720,4,22,0,4,4,2.75
VFLM 4720,5,26,0,6,2,3.25
VFLM 4720,6,18,0,4,4,2.25
VFLM 4720,7,12,0,4,4,1.5
VFLM 4720,8,12,0,4,4,1.5
VFLM 4720,9,27,1,3,5,3.375
VFLM 4720,10,21,1,5,3,2.625
VFLM 4720,11,19,1,1,7,2.375
VFLM 4720,12,15,1,1,7,1.875
VFLM 4720,13,18,0,6,2,2.25
VFLM 4720,14,18,0,4,4,2.25
VFLM 4720,15,22,0,4,4,2.75
VFLM 4720,16,26,0,6,2,3.25
VFLM 4720,17,18,0,4,4,2.25
VFLM 4720,18,12,0,4,4,1.5
VFLM 4720,19,12,0,4,4,1.5
VFLM 4720,20,27,1,3,5,3.375
VFLM 4720,21,21,1,5,3,2.625
VFLM 4720,22,19,1,1,7,2.375
VFLM 4720,23,15,1,1,7,1.875
VFLM 4720,24,18,0,6,2,2.25
VFLM 4720,25,18,0,4,4,2.25
VFLM 4720,26,22,0,4,4,2.75
VFLM 4720,27,26,0,6,2,3.25
VFLM 4720,28,18,0,4,4,2.25
VFLM 4720,29,12,0,4,4,1.5
VFLM 4720,30,12,0,4,4,1.5
VFLM 4721,1,27,1,3,5,3.375
VFLM 4721,2,21,1,5,3,2.625
VFLM 4721,3,19,1,1,7,2.375
VFLM 4721,4,18,0,6,2,2.25
VFLM 4721,5,18,0,4,4,2.25
VFLM 4721,6,22,0,4,4,2.75
VFLM 4721,7,26,0,6,2,3.25
VFLM 4721,8,18,0,4,4,2.25
VFLM 4721,9,12,0,4,4,1.5
VFLM 4721,10,12,0,4,4,1.5
VFLM 4721,11,27,1,3,5,3.375
VFLM 4721,12,21,1,5,3,2.625
VFLM 4721,13,19,1,1,7,2.375
VFLM 4721,14,18,0,6,2,2.25
VFLM 4721,15,18,0,4,4,2.25
VFLM 4721,16,22,0,4,4,2.75
VFLM 4721,17,26,0,6,2,3.25
VFLM 4721,18,18,0,4,4,2.25
VFLM 4721,19,12,0,4,4,1.5
VFLM 4721,20,12,0,4,4,1.5
VFLM 4721,21,27,1,3,5,3.375
VFLM 4721,22,21,1,5,3,2.625
VFLM 4721,23,19,1,1,7,2.375
VFLM 4721,24,19,1,5,3,2.375
VFLM 4721,25,18,0,6,2,2.25
VFLM 4721,26,18,0,4,4,2.25
VFLM 4721,27,22,0,4,4,2.75
VFLM 4721,28,26,0,6,2,3.25
VFLM 4721,29,18,0,4,4,2.25
VFLM 4721,30,12,0,4,4,1.5
VFLM 4722,1,12,0,4,4,1.5
VFLM 4722,2,27,1,3,5,3.375
VFLM 4722,3,21,1,5,3,2.625
VFLM 4722,4,19,1,5,3,2.375
VFLM 4722,5,18,0,6,2,2.25
VFLM 4722,6,18,0,4,4,2.25
VFLM 4722,7,22,0,4,4,2.75
VFLM 4722,8,26,0,6,2,3.25
VFLM 4722,9,18,0,4,4,2.25
VFLM 4722,10,12,0,4,4,1.5
VFLM 4722,11,12,0,4,4,1.5
VFLM 4722,12,27,1,3,5,3.375
VFLM 4722,13,21,1,5,3,2.625
VFLM 4722,14,21,1,5,3,2.625
VFLM 4722,15,19,1,5,3,2.375
VFLM 4722,16,18,0,6,2,2.25
VFLM 4722,17,18,0,4,4,2.25
VFLM 4722,18,22,0,4,4,2.75
VFLM 4722,19,26,0,6,2,3.25
VFLM 4722,20,18,0,4,4,2.25
VFLM 4722,21,12,0,4,4,1.5
VFLM 4722,22,12,0,4,4,1.5
VFLM 4722,23,27,1,3,5,3.375
VFLM 4722,24,21,1,5,3,2.625
VFLM 4722,25,19,1,5,3,2.375
VFLM 4722,26,18,0,6,2,2.25
VFLM 4722,27,18,0,4,4,2.25
VFLM 4722,28,22,0,4,4,2.75
VFLM 4722,29,26,0,6,2,3.25
VFLM 4722,30,18,0,4,4,2.25
VFLM 4723,1,12,0,4,4,1.5
VFLM 4723,2,12,0,4,4,1.5
VFLM 4723,3,27,1,3,5,3.375
VFLM 4723,4,20,0,4,4,2.5
VFLM 4723,5,21,1,5,3,2.625
VFLM 4723,6,19,1,5,3,2.375
VFLM 4723,7,18,0,6,2,2.25
VFLM 4723,8,18,0,4,4,2.25
VFLM 4723,9,22,0,4,4,2.75
VFLM 4723,10,26,0,6,2,3.25
VFLM 4723,11,18,0,4,4,2.25
VFLM 4723,12,20,0,4,4,2.5
VFLM 4723,13,21,1,5,3,2.625
VFLM 4723,14,19,1,5,3,2.375
VFLM 4723,15,18,0,6,2,2.25
VFLM 4723,16,18,0,4,4,2.25
VFLM 4723,17,22,0,4,4,2.75
VFLM 4723,18,26,0,6,2,3.25
VFLM 4723,19,18,0,4,4,2.25
VFLM 4723,20,12,0,4,4,1.5
VFLM 4723,21,12,0,4,4,1.5
VFLM 4723,22,21,1,5,3,2.625
VFLM 4723,23,20,0,4,4,2.5
VFLM 4723,24,21,1,5,3,2.625
VFLM 4723,25,19,1,5,3,2.375
VFLM 4723,26,18,0,6,2,2.25
VFLM 4723,27,18,0,4,4,2.25
VFLM 4723,28,22,0,4,4,2.75
VFLM 4723,29,26,0,6,2,3.25
VFLM 4723,30,18,0,4,4,2.25
VFLM 4724,1,12,0,4,4,1.5
VFLM 4724,2,16,0,4,4,2.0
VFLM 4724,3,21,1,5,3,2.625
VFLM 4724,4,16,0,4,4,2.0
VFLM 4724,5,21,1,5,3,2.625
VFLM 4724,6,20,0,4,4,2.5
VFLM 4724,7,21,1,5,3,2.625
VFLM 4724,8,19,1,5,3,2.375
VFLM 4724,9,18,0,6,2,2.25
VFLM 4724,10,18,0,4,4,2.25
VFLM 4724,11,22,0,4,4,2.75
VFLM 4724,12,26,0,6,2,3.25
VFLM 4724,13,18,0,4,4,2.25
VFLM 4724,14,20,0,2,6,2.5
VFLM 4724,15,16,0,4,4,2.0
VFLM 4724,16,21,1,5,3,2.625
VFLM 4724,17,20,0,4,4,2.5
VFLM 4724,18,21,1,5,3,2.625
VFLM 4724,19,19,1,5,3,2.375
VFLM 4724,20,18,0,6,2,2.25
VFLM 4724,21,18,0,4,4,2.25
VFLM 4724,22,22,0,4,4,2.75
VFLM 4724,23,26,0,6,2,3.25
VFLM 4724,24,19,1,5,3,2.375
VFLM 4724,25,20,0,2,6,2.5
VFLM 4724,26,16,0,4,4,2.0
VFLM 4724,27,21,1,5,3,2.625
VFLM 4724,28,20,0,4,4,2.5
VFLM 4724,29,21,1,5,3,2.625
VFLM 4724,30,19,1,5,3,2.375
VFLM 4725,1,18,0,6,2,2.25
VFLM 4725,2,18,0,4,4,2.25
VFLM 4725,3,22,0,4,4,2.75
VFLM 4725,4,20,0,2,6,2.5
VFLM 4725,5,19,1,5,3,2.375
VFLM 4725,6,20,0,2,6,2.5
VFLM 4725,7,16,0,4,4,2.0
VFLM 4725,8,21,1,5,3,2.625
VFLM 4725,9,20,0,4,4,2.5
VFLM 4725,10,21,1,5,3,2.625
VFLM 4725,11,19,1,5,3,2.375
VFLM 4725,12,18,0,6,2,2.25
VFLM 4725,13,18,0,4,4,2.25
VFLM 4725,14,25,1,3,5,3.125
VFLM 4725,15,20,0,2,6,2.5
VFLM 4725,16,19,1,5,3,2.375
VFLM 4725,17,20,0,2,6,2.5
VFLM 4725,18,16,0,4,4,2.0
VFLM 4725,19,21,1,5,3,2.625
VFLM 4725,20,20,0,4,4,2.5
VFLM 4725,21,21,1,5,3,2.625
VFLM 4725,22,19,1,5,3,2.375
VFLM 4725,23,18,0,6,2,2.25
VFLM 4725,24,23,1,5,3,2.875
VFLM 4725,25,25,1,3,5,3.125
VFLM 4725,26,20,0,2,6,2.5
VFLM 4725,27,19,1,5,3,2.375
VFLM 4725,28,20,0,2,6,2.5
VFLM 4725,29,16,0,4,4,2.0
VFLM 4725,30,21,1,5,3,2.625
VFLM 4726,1,20,0,4,4,2.5
VFLM 4726,2,21,1,5,3,2.625
VFLM 4726,3,19,1,5,3,2.375
VFLM 4726,4,29,1,3,5,3.625
VFLM 4726,5,23,1,5,3,2.875
VFLM 4726,6,29,1,3,5,3.625
VFLM 4726,7,23,1,5,3,2.875
VFLM 4726,8,25,1,3,5,3.125
VFLM 4726,9,20,0,2,6,2.5
VFLM 4726,10,19,1,5,3,2.375
VFLM 4726,11,20,0,2,6,2.5
VFLM 4726,12,16,0,4,4,2.0
VFLM 4726,13,21,1,5,3,2.625
VFLM 4726,14,20,0,4,4,2.5
VFLM 4726,15,21,1,5,3,2.625
VFLM 4726,16,16,0,4,4,2.0
VFLM 4726,17,29,1,3,5,3.625
VFLM 4726,18,23,1,5,3,2.875
VFLM 4726,19,25,1,3,5,3.125
VFLM 4726,20,20,0,2,6,2.5
VFLM 4726,21,19,1,5,3,2.375
VFLM 4726,22,20,0,2,6,2.5
VFLM 4726,23,16,0,4,4,2.0
VFLM 4726,24,29,1,3,5,3.625
VFLM 4726,25,23,1,5,3,2.875
VFLM 4726,26,25,1,3,5,3.125
VFLM 4726,27,20,0,2,6,2.5
VFLM 4726,28,19,1,5,3,2.375
VFLM 4726,29,20,0,2,6,2.5
VFLM 4726,30,16,0,4,4,2.0
VFLM 4727,1,21,1,5,3,2.625
VFLM 4727,2,20,0,4,4,2.5
VFLM 4727,3,18,0,4,4,2.25
VFLM 4727,4,16,0,4,4,2.0
VFLM 4727,5,29,1,3,5,3.625
VFLM 4727,6,23,1,5,3,2.875
VFLM 4727,7,25,1,3,5,3.125
VFLM 4727,8,20,0,2,6,2.5
VFLM 4727,9,19,1,5,3,2.375
VFLM 4727,10,20,0,2,6,2.5
VFLM 4727,11,16,0,4,4,2.0
VFLM 4727,12,21,1,5,3,2.625
VFLM 4727,13,18,0,4,4,2.25
VFLM 4727,14,16,0,4,4,2.0
VFLM 4727,15,29,1,3,5,3.625
VFLM 4727,16,23,1,5,3,2.875
VFLM 4727,17,25,1,3,5,3.125
VFLM 4727,18,20,0,2,6,2.5
VFLM 4727,19,19,1,5,3,2.375
VFLM 4727,20,20,0,2,6,2.5
VFLM 4727,21,16,0,4,4,2.0
VFLM 4727,22,21,1,5,3,2.625
VFLM 4727,23,21,1,5,3,2.625
VFLM 4727,24,18,0,4,4,2.25
VFLM 4727,25,16,0,4,4,2.0
VFLM 4727,26,29,1,3,5,3.625
VFLM 4727,27,23,1,5,3,2.875
VFLM 4727,28,25,1,3,5,3.125
VFLM 4727,29,20,0,2,6,2.5
VFLM 4727,30,19,1,5,3,2.375
VFLM 4728,1,20,0,2,6,2.5
VFLM 4728,2,16,0,4,4,2.0
VFLM 4728,3,21,1,5,3,2.625
VFLM 4728,4,18,0,4,4,2.25
VFLM 4728,5,16,0,4,4,2.0
VFLM 4728,6,29,1,3,5,3.625
VFLM 4728,7,23,1,5,3,2.875
VFLM 4728,8,25,1,3,5,3.125
VFLM 4728,9,20,0,2,6,2.5
VFLM 4728,10,19,1,5,3,2.375
VFLM 4728,11,20,0,2,6,2.5
VFLM 4728,12,16,0,4,4,2.0
VFLM 4728,13,20,0,2,6,2.5
VFLM 4728,14,21,1,5,3,2.625
VFLM 4728,15,18,0,4,4,2.25
VFLM 4728,16,16,0,4,4,2.0
VFLM 4728,17,29,1,3,5,3.625
VFLM 4728,18,23,1,5,3,2.875
VFLM 4728,19,25,1,3,5,3.125
VFLM 4728,20,20,0,2,6,2.5
VFLM 4728,21,19,1,5,3,2.375
VFLM 4728,22,20,0,2,6,2.5
VFLM 4728,23,20,0,2,6,2.5
VFLM 4728,24,21,1,5,3,2.625
VFLM 4728,25,18,0,4,4,2.25
VFLM 4728,26,16,0,4,4,2.0
VFLM 4728,27,29,1,3,5,3.625
VFLM 4728,28,23,1,5,3,2.875
VFLM 4728,29,25,1,3,5,3.125
VFLM 4728,30,20,0,2,6,2.5
VFLM 4729,1,19,1,5,3,2.375
VFLM 4729,2,20,0,2,6,2.5
VFLM 4729,3,20,0,4,4,2.5
VFLM 4729,4,20,0,2,6,2.5
VFLM 4729,5,21,1,5,3,2.625
VFLM 4729,6,18,0,4,4,2.25
VFLM 4729,7,16,0,4,4,2.0
VFLM 4729,8,29,1,3,5,3.625
VFLM 4729,9,23,1,5,3,2.875
VFLM 4729,10,25,1,3,5,3.125
VFLM 4729,11,20,0,2,6,2.5
VFLM 4729,12,19,1,5,3,2.375
VFLM 4729,13,20,0,4,4,2.5
VFLM 4729,14,20,0,2,6,2.5
VFLM 4729,15,21,1,5,3,2.625
VFLM 4729,16,18,0,4,4,2.25
VFLM 4729,17,16,0,4,4,2.0
VFLM 4729,18,29,1,3,5,3.625
VFLM 4729,19,23,1,5,3,2.875
VFLM 4729,20,25,1,3,5,3.125
VFLM 4729,21,20,0,2,6,2.5
VFLM 4729,22,19,1,5,3,2.375
VFLM 4729,23,23,1,5,3,2.875
VFLM 4729,24,20,0,4,4,2.5
VFLM 4729,25,20,0,2,6,2.5
VFLM 4729,26,21,1,5,3,2.625
VFLM 4729,27,18,0,4,4,2.25
VFLM 4729,28,16,0,4,4,2.0
VFLM 4729,29,29,1,3,5,3.625
VFLM 4729,30,23,1,5,3,2.875
VFLM 4730,1,25,1,3,5,3.125
VFLM 4730,2,20,0,2,6,2.5
VFLM 4730,3,23,1,5,3,2.875
VFLM 4730,4,20,0,4,4,2.5
VFLM 4730,5,20,0,2,6,2.5
VFLM 4730,6,21,1,5,3,2.625
VFLM 4730,7,18,0,4,4,2.25
VFLM 4730,8,16,0,4,4,2.0
VFLM 4730,9,29,1,3,5,3.625
VFLM 4730,10,23,1,5,3,2.875
VFLM 4730,11,25,1,3,5,3.125
VFLM 4730,12,20,0,2,6,2.5
VFLM 4730,13,20,0,4,4,2.5
VFLM 4730,14,23,1,5,3,2.875
VFLM 4730,15,20,0,4,4,2.5
VFLM 4730,16,20,0,2,6,2.5
VFLM 4730,17,21,1,5,3,2.625
VFLM 4730,18,18,0,4,4,2.25
VFLM 4730,19,16,0,4,4,2.0
VFLM 4730,20,29,1,3,5,3.625
VFLM 4730,21,23,1,5,3,2.875
VFLM 4730,22,25,1,3,5,3.125
VFLM 4730,23,20,0,4,4,2.5
VFLM 4730,24,23,1,5,3,2.875
VFLM 4730,25,20,0,4,4,2.5
VFLM 4730,26,20,0,2,6,2.5
VFLM 4730,27,21,1,5,3,2.625
VFLM 4730,28,18,0,4,4,2.25
VFLM 4730,29,16,0,4,4,2.0
VFLM 4730,30,29,1,3,5,3.625
VFLM 4731,1,23,1,5,3,2.875
VFLM 4731,2,25,1,3,5,3.125
VFLM 4731,3,29,1,3,5,3.625
VFLM 4731,4,20,0,4,4,2.5
VFLM 4731,5,23,1,5,3,2.875
VFLM 4731,6,20,0,4,4,2.5
VFLM 4731,7,20,0,2,6,2.5
VFLM 4731,8,21,1,5,3,2.625
VFLM 4731,9,18,0,4,4,2.25
VFLM 4731,10,16,0,4,4,2.0
VFLM 4731,11,29,1,3,5,3.625
VFLM 4731,12,23,1,5,3,2.875
VFLM 4731,13,29,1,3,5,3.625
VFLM 4731,14,20,0,4,4,2.5
VFLM 4731,15,23,1,5,3,2.875
VFLM 4731,16,20,0,4,4,2.5
VFLM 4731,17,20,0,2,6,2.5
VFLM 4731,18,21,1,5,3,2.625
VFLM 4731,19,18,0,4,4,2.25
VFLM 4731,20,16,0,4,4,2.0
VFLM 4731,21,29,1,3,5,3.625
VFLM 4731,22,23,1,5,3,2.875
VFLM 4731,23,18,0,4,4,2.25
VFLM 4731,24,29,1,3,5,3.625
VFLM 4731,25,20,0,4,4,2.5
VFLM 4731,26,23,1,5,3,2.875
VFLM 4731,27,20,0,4,4,2.5
VFLM 4731,28,20,0,2,6,2.5
VFLM 4731,29,21,1,5,3,2.625
VFLM 4731,30,18,0,4,4,2.25
VFLM 4732,1,16,0,4,4,2.0
VFLM 4732,2,29,1,3,5,3.625
VFLM 4732,3,18,0,4,4,2.25
VFLM 4732,4,29,1,3,5,3.625
VFLM 4732,5,20,0,4,4,2.5
VFLM 4732,6,23,1,5,3,2.875
VFLM 4732,7,20,0,4,4,2.5
VFLM 4732,8,18,0,4,4,2.25
VFLM 4732,9,29,1,3,5,3.625
VFLM 4732,10,20,0,4,4,2.5
VFLM 4732,11,23,1,5,3,2.875
VFLM 4732,12,20,0,4,4,2.5
VFLM 4732,13,20,0,2,6,2.5
VFLM 4732,14,21,1,5,3,2.625
VFLM 4732,15,18,0,4,4,2.25
VFLM 4732,16,16,0,4,4,2.0
VFLM 4732,17,29,1,3,5,3.625
VFLM 4732,18,21,1,3,5,2.625
VFLM 4732,19,18,0,4,4,2.25
VFLM 4732,20,29,1,3,5,3.625
VFLM 4732,21,20,0,4,4,2.5
VFLM 4732,22,23,1,5,3,2.875
VFLM 4732,23,20,0,4,4,2.5
VFLM 4732,24,20,0,2,6,2.5
VFLM 4732,25,21,1,5,3,2.625
VFLM 4732,26,18,0,4,4,2.25
VFLM 4732,27,16,0,4,4,2.0
VFLM 4732,28,12,0,4,4,1.5
VFLM 4732,29,21,1,3,5,2.625
VFLM 4732,30,18,0,4,4,2.25
VFLM 4733,1,29,1,3,5,3.625
VFLM 4733,2,20,0,4,4,2.5
VFLM 4733,3,23,1,5,3,2.875
VFLM 4733,4,20,0,4,4,2.5
VFLM 4733,5,20,0,2,6,2.5
VFLM 4733,6,21,1,5,3,2.625
VFLM 4733,7,18,0,4,4,2.25
VFLM 4733,8,19,1,3,5,2.375
VFLM 4733,9,12,0,4,4,1.5
VFLM 4733,10,21,1,3,5,2.625
VFLM 4733,11,18,0,4,4,2.25
VFLM 4733,12,29,1,3,5,3.625
VFLM 4733,13,20,0,4,4,2.5
VFLM 4733,14,23,1,5,3,2.875
VFLM 4733,15,20,0,4,4,2.5
VFLM 4733,16,20,0,2,6,2.5
VFLM 4733,17,21,1,5,3,2.625
VFLM 4733,18,26,0,4,4,3.25
VFLM 4733,19,18,0,2,6,2.25
VFLM 4733,20,19,1,3,5,2.375
VFLM 4733,21,12,0,4,4,1.5
VFLM 4733,22,21,1,3,5,2.625
VFLM 4733,23,18,0,4,4,2.25
VFLM 4733,24,29,1,3,5,3.625
VFLM 4733,25,20,0,4,4,2.5
VFLM 4733,26,23,1,5,3,2.875
VFLM 4733,27,20,0,4,4,2.5
VFLM 4733,28,26,0,4,4,3.25
VFLM 4733,29,18,0,2,6,2.25
VFLM 4733,30,19,1,3,5,2.375
VFLM 4734,1,12,0,4,4,1.5
VFLM 4734,2,16,0,4,4,2.0
VFLM 4734,3,26,0,4,4,3.25
VFLM 4734,4,18,0,2,6,2.25
VFLM 4734,5,19,1,3,5,2.375
VFLM 4734,6,12,0,4,4,1.5
VFLM 4734,7,21,1,3,5,2.625
VFLM 4734,8,18,0,4,4,2.25
VFLM 4734,9,29,1,3,5,3.625
VFLM 4734,10,20,0,4,4,2.5
VFLM 4734,11,23,1,5,3,2.875
VFLM 4734,12,23,1,3,5,2.875
VFLM 4734,13,16,0,4,4,2.0
VFLM 4734,14,26,0,4,4,3.25
VFLM 4734,15,18,0,2,6,2.25
VFLM 4734,16,19,1,3,5,2.375
VFLM 4734,17,12,0,4,4,1.5
VFLM 4734,18,21,1,3,5,2.625
VFLM 4734,19,18,0,4,4,2.25
VFLM 4734,20,23,1,3,5,2.875
VFLM 4734,21,16,0,4,4,2.0
VFLM 4734,22,26,0,4,4,3.25
VFLM 4734,23,18,0,2,6,2.25
VFLM 4734,24,19,1,3,5,2.375
VFLM 4734,25,12,0,4,4,1.5
VFLM 4734,26,21,1,3,5,2.625
VFLM 4734,27,18,0,4,4,2.25
VFLM 4734,28,29,1,3,5,3.625
VFLM 4734,29,20,0,4,4,2.5
VFLM 4734,30,23,1,3,5,2.875
VFLM 4735,1,16,0,4,4,2.0
VFLM 4735,2,26,0,4,4,3.25
VFLM 4735,3,18,0,2,6,2.25
VFLM 4735,4,19,1,3,5,2.375
VFLM 4735,5,12,0,4,4,1.5
VFLM 4735,6,21,1,3,5,2.625
VFLM 4735,7,18,0,4,4,2.25
VFLM 4735,8,29,1,3,5,3.625
VFLM 4735,9,19,1,3,5,2.375
VFLM 4735,10,23,1,3,5,2.875
VFLM 4735,11,16,0,4,4,2.0
VFLM 4735,12,26,0,4,4,3.25
VFLM 4735,13,18,0,2,6,2.25
VFLM 4735,14,19,1,3,5,2.375
VFLM 4735,15,12,0,4,4,1.5
VFLM 4735,16,21,1,3,5,2.625
VFLM 4735,17,18,0,4,4,2.25
VFLM 4735,18,29,1,3,5,3.625
VFLM 4735,19,18,0,6,2,2.25
VFLM 4735,20,19,1,3,5,2.375
VFLM 4735,21,23,1,3,5,2.875
VFLM 4735,22,16,0,4,4,2.0
VFLM 4735,23,26,0,4,4,3.25
VFLM 4735,24,18,0,2,6,2.25
VFLM 4735,25,19,1,3,5,2.375
VFLM 4735,26,12,0,4,4,1.5
VFLM 4735,27,21,1,3,5,2.625
VFLM 4735,28,18,0,4,4,2.25
VFLM 4735,29,18,0,6,2,2.25
VFLM 4735,30,19,1,3,5,2.375
VFLM 4736,1,23,1,3,5,2.875
VFLM 4736,2,16,0,4,4,2.0
VFLM 4736,3,26,0,4,4,3.25
VFLM 4736,4,18,0,2,6,2.25
VFLM 4736,5,19,1,3,5,2.375
VFLM 4736,6,12,0,4,4,1.5
VFLM 4736,7,21,1,3,5,2.625
VFLM 4736,8,18,0,4,4,2.25
VFLM 4736,9,18,0,6,2,2.25
VFLM 4736,10,19,1,3,5,2.375
VFLM 4736,11,23,1,3,5,2.875
VFLM 4736,12,16,0,4,4,2.0
VFLM 4736,13,26,0,4,4,3.25
VFLM 4736,14,18,0,2,6,2.25
VFLM 4736,15,19,1,3,5,2.375
VFLM 4736,16,12,0,4,4,1.5
VFLM 4736,17,21,1,3,5,2.625
VFLM 4736,18,18,0,4,4,2.25
VFLM 4736,19,22,0,2,6,2.75
VFLM 4736,20,18,0,6,2,2.25
VFLM 4736,21,19,1,3,5,2.375
VFLM 4736,22,23,1,3,5,2.875
VFLM 4736,23,16,0,4,4,2.0
VFLM 4736,24,26,0,4,4,3.25
VFLM 4736,25,18,0,2,6,2.25
VFLM 4736,26,19,1,3,5,2.375
VFLM 4736,27,12,0,4,4,1.5
VFLM 4736,28,21,1,3,5,2.625
VFLM 4736,29,22,0,2,6,2.75
VFLM 4736,30,22,0,2,6,2.75
VFLM 4737,1,18,0,6,2,2.25
VFLM 4737,2,19,1,3,5,2.375
VFLM 4737,3,23,1,3,5,2.875
VFLM 4737,4,16,0,4,4,2.0
VFLM 4737,5,26,0,4,4,3.25
VFLM 4737,6,18,0,2,6,2.25
VFLM 4737,7,19,1,3,5,2.375
VFLM 4737,8,12,0,4,4,1.5
VFLM 4737,9,22,0,2,6,2.75
VFLM 4737,10,22,0,2,6,2.75
VFLM 4737,11,18,0,6,2,2.25
VFLM 4737,12,19,1,3,5,2.375
VFLM 4737,13,23,1,3,5,2.875
VFLM 4737,14,16,0,4,4,2.0
VFLM 4737,15,26,0,4,4,3.25
VFLM 4737,16,18,0,2,6,2.25
VFLM 4737,17,19,1,3,5,2.375
VFLM 4737,18,12,0,4,4,1.5
VFLM 4737,19,22,0,2,6,2.75
VFLM 4737,20,22,0,2,6,2.75
VFLM 4737,21,18,0,6,2,2.25
VFLM 4737,22,19,1,3,5,2.375
VFLM 4737,23,23,1,3,5,2.875
VFLM 4737,24,16,0,4,4,2.0
VFLM 4737,25,26,0,4,4,3.25
VFLM 4737,26,18,0,2,6,2.25
VFLM 4737,27,19,1,3,5,2.375
VFLM 4737,28,12,0,4,4,1.5
VFLM 4737,29,29,1,3,5,3.625
VFLM 4737,30,22,0,2,6,2.75
VFLM 4738,1,22,0,2,6,2.75
VFLM 4738,2,18,0,6,2,2.25
VFLM 4738,3,19,1,3,5,2.375
VFLM 4738,4,23,1,3,5,2.875
VFLM 4738,5,16,0,4,4,2.0
VFLM 4738,6,26,0,4,4,3.25
VFLM 4738,7,18,0,2,6,2.25
VFLM 4738,8,19,1,3,5,2.375
VFLM 4738,9,29,1,3,5,3.625
VFLM 4738,10,22,0,2,6,2.75
VFLM 4738,11,22,0,2,6,2.75
VFLM 4738,12,18,0,6,2,2.25
VFLM 4738,13,19,1,3,5,2.375
VFLM 4738,14,23,1,3,5,2.875
VFLM 4738,15,16,0,4,4,2.0
VFLM 4738,16,26,0,4,4,3.25
VFLM 4738,17,18,0,2,6,2.25
VFLM 4738,18,19,1,3,5,2.375
VFLM 4738,19,21,1,3,5,2.625
VFLM 4738,20,29,1,3,5,3.625
VFLM 4738,21,22,0,2,6,2.75
VFLM 4738,22,22,0,2,6,2.75
VFLM 4738,23,18,0,6,2,2.25
VFLM 4738,24,19,1,3,5,2.375
VFLM 4738,25,23,1,3,5,2.875
VFLM 4738,26,16,0,4,4,2.0
VFLM 4738,27,26,0,4,4,3.25
VFLM 4738,28,18,0,2,6,2.25
VFLM 4738,29,21,1,3,5,2.625
VFLM 4738,30,29,1,3,5,3.625
VFLM 4739,1,22,0,2,6,2.75
VFLM 4739,2,22,0,2,6,2.75
VFLM 4739,3,18,0,6,2,2.25
VFLM 4739,4,19,1,3,5,2.375
VFLM 4739,5,23,1,3,5,2.875
VFLM 4739,6,16,0,4,4,2.0
VFLM 4739,7,26,0,4,4,3.25
VFLM 4739,8,18,0,2,6,2.25
VFLM 4739,9,21,1,3,5,2.625
VFLM 4739,10,21,1,3,5,2.625
VFLM 4739,11,29,1,3,5,3.625
VFLM 4739,12,22,0,2,6,2.75
VFLM 4739,13,22,0,2,6,2.75
VFLM 4739,14,18,0,6,2,2.25
VFLM 4739,15,19,1,3,5,2.375
VFLM 4739,16,23,1,3,5,2.875
VFLM 4739,17,16,0,4,4,2.0
VFLM 4739,18,26,0,4,4,3.25
VFLM 4739,19,21,1,3,5,2.625
VFLM 4739,20,21,1,3,5,2.625
VFLM 4739,21,29,1,3,5,3.625
VFLM 4739,22,22,0,2,6,2.75
VFLM 4739,23,22,0,2,6,2.75
VFLM 4739,24,18,0,6,2,2.25
VFLM 4739,25,19,1,3,5,2.375
VFLM 4739,26,23,1,3,5,2.875
VFLM 4739,27,16,0,4,4,2.0
VFLM 4739,28,26,0,4,4,3.25
VFLM 4739,29,22,0,4,4,2.75
VFLM 4739,30,21,1,3,5,2.625
VFLM 4740,1,21,1,3,5,2.625
VFLM 4740,2,29,1,3,5,3.625
VFLM 4740,3,22,0,2,6,2.75
VFLM 4740,4,22,0,2,6,2.75
VFLM 4740,5,18,0,6,2,2.25
VFLM 4740,6,19,1,3,5,2.375
VFLM 4740,7,23,1,3,5,2.875
VFLM 4740,8,16,0,4,4,2.0
VFLM 4740,9,22,0,4,4,2.75
VFLM 4740,10,21,1,3,5,2.625
VFLM 4740,11,21,1,3,5,2.625
VFLM 4740,12,29,1,3,5,3.625
VFLM 4740,13,22,0,2,6,2.75
VFLM 4740,14,22,0,2,6,2.75
VFLM 4740,15,18,0,6,2,2.25
VFLM 4740,16,19,1,3,5,2.375
VFLM 4740,17,23,1,3,5,2.875
VFLM 4740,18,16,0,4,4,2.0
VFLM 4740,19,17,1,3,5,2.125
VFLM 4740,20,22,0,4,4,2.75
VFLM 4740,21,21,1,3,5,2.625
VFLM 4740,22,21,1,3,5,2.625
VFLM 4740,23,29,1,3,5,3.625
VFLM 4740,24,17,1,3,5,2.125
VFLM 4740,25,22,0,4,4,2.75
VFLM 4740,26,21,1,3,5,2.625
VFLM 4740,27,21,1,3,5,2.625
VFLM 4740,28,29,1,3,5,3.625
VFLM 4740,29,22,0,2,6,2.75
VFLM 4740,30,22,0,2,6,2.75
VFLM 4741,1,18,0,6,2,2.25
VFLM 4741,2,19,1,3,5,2.375
VFLM 4741,3,23,1,3,5,2.875
VFLM 4741,4,19,1,1,7,2.375
VFLM 4741,5,17,1,3,5,2.125
VFLM 4741,6,19,1,1,7,2.375
VFLM 4741,7,17,1,3,5,2.125
VFLM 4741,8,22,0,4,4,2.75
VFLM 4741,9,21,1,3,5,2.625
VFLM 4741,10,21,1,3,5,2.625
VFLM 4741,11,29,1,3,5,3.625
VFLM 4741,12,22,0,2,6,2.75
VFLM 4741,13,22,0,2,6,2.75
VFLM 4741,14,18,0,6,2,2.25
VFLM 4741,15,19,1,3,5,2.375
VFLM 4741,16,19,1,3,5,2.375
VFLM 4741,17,19,1,1,7,2.375
VFLM 4741,18,17,1,3,5,2.125
VFLM 4741,19,22,0,4,4,2.75
VFLM 4741,20,21,1,3,5,2.625
VFLM 4741,21,21,1,3,5,2.625
VFLM 4741,22,29,1,3,5,3.625
VFLM 4741,23,22,0,2,6,2.75
VFLM 4741,24,22,0,2,6,2.75
VFLM 4741,25,18,0,6,2,2.25
VFLM 4741,26,24,0,2,6,3.0
VFLM 4741,27,19,1,3,5,2.375
VFLM 4741,28,19,1,1,7,2.375
VFLM 4741,29,17,1,3,5,2.125
VFLM 4741,30,22,0,4,4,2.75
VFLM 4742,1,21,1,3,5,2.625
VFLM 4742,2,21,1,3,5,2.625
VFLM 4742,3,29,1,3,5,3.625
VFLM 4742,4,22,0,2,6,2.75
VFLM 4742,5,22,0,2,6,2.75
VFLM 4742,6,15,1,3,5,1.875
VFLM 4742,7,24,0,2,6,3.0
VFLM 4742,8,19,1,3,5,2.375
VFLM 4742,9,19,1,1,7,2.375
VFLM 4742,10,17,1,3,5,2.125
VFLM 4742,11,22,0,4,4,2.75
VFLM 4742,12,21,1,3,5,2.625
VFLM 4742,13,21,1,3,5,2.625
VFLM 4742,14,29,1,3,5,3.625
VFLM 4742,15,22,0,2,6,2.75
VFLM 4742,16,15,1,3,5,1.875
VFLM 4742,17,15,1,3,5,1.875
VFLM 4742,18,24,0,2,6,3.0
VFLM 4742,19,19,1,3,5,2.375
VFLM 4742,20,19,1,1,7,2.375
VFLM 4742,21,17,1,3,5,2.125
VFLM 4742,22,22,0,4,4,2.75
VFLM 4742,23,21,1,3,5,2.625
VFLM 4742,24,21,1,3,5,2.625
VFLM 4742,25,29,1,3,5,3.625
VFLM 4742,26,22,0,4,4,2.75
VFLM 4742,27,15,1,3,5,1.875
VFLM 4742,28,15,1,3,5,1.875
VFLM 4742,29,24,0,2,6,3.0
VFLM 4742,30,19,1,3,5,2.375
VFLM 4743,1,19,1,1,7,2.375
VFLM 4743,2,17,1,3,5,2.125
VFLM 4743,3,22,0,4,4,2.75
VFLM 4743,4,21,1,3,5,2.625
VFLM 4743,5,21,1,3,5,2.625
VFLM 4743,6,19,1,5,3,2.375
VFLM 4743,7,22,0,4,4,2.75
VFLM 4743,8,15,1,3,5,1.875
VFLM 4743,9,15,1,3,5,1.875
VFLM 4743,10,24,0,2,6,3.0
VFLM 4743,11,19,1,3,5,2.375
VFLM 4743,12,19,1,1,7,2.375
VFLM 4743,13,17,1,3,5,2.125
VFLM 4743,14,22,0,4,4,2.75
VFLM 4743,15,21,1,3,5,2.625
VFLM 4743,16,23,1,5,3,2.875
VFLM 4743,17,19,1,5,3,2.375
VFLM 4743,18,22,0,4,4,2.75
VFLM 4743,19,23,1,5,3,2.875
VFLM 4743,20,19,1,5,3,2.375
VFLM 4743,21,22,0,4,4,2.75
VFLM 4743,22,15,1,3,5,1.875
VFLM 4743,23,15,1,3,5,1.875
VFLM 4743,24,24,0,2,6,3.0
VFLM 4743,25,19,1,3,5,2.375
VFLM 4743,26,19,1,1,7,2.375
VFLM 4743,27,17,1,3,5,2.125
VFLM 4743,28,22,0,4,4,2.75
VFLM 4743,29,17,1,3,5,2.125
VFLM 4743,30,23,1,5,3,2.875
VFLM 4744,1,19,1,5,3,2.375
VFLM 4744,2,22,0,4,4,2.75
VFLM 4744,3,15,1,3,5,1.875
VFLM 4744,4,15,1,3,5,1.875
VFLM 4744,5,24,0,2,6,3.0
VFLM 4744,6,17,1,3,5,2.125
VFLM 4744,7,23,1,5,3,2.875
VFLM 4744,8,19,1,5,3,2.375
VFLM 4744,9,22,0,4,4,2.75
VFLM 4744,10,15,1,3,5,1.875
VFLM 4744,11,15,1,3,5,1.875
VFLM 4744,12,24,0,2,6,3.0
VFLM 4744,13,19,1,3,5,2.375
VFLM 4744,14,19,1,1,7,2.375
VFLM 4744,15,17,1,3,5,2.125
VFLM 4744,16,19,1,5,3,2.375
VFLM 4744,17,17,1,3,5,2.125
VFLM 4744,18,23,1,5,3,2.875
VFLM 4744,19,19,1,5,3,2.375
VFLM 4744,20,22,0,4,4,2.75
VFLM 4744,21,15,1,3,5,1.875
VFLM 4744,22,15,1,3,5,1.875
VFLM 4744,23,24,0,2,6,3.0
VFLM 4744,24,19,1,3,5,2.375
VFLM 4744,25,19,1,1,7,2.375
VFLM 4744,26,19,1,5,3,2.375
VFLM 4744,27,17,1,3,5,2.125
VFLM 4744,28,23,1,5,3,2.875
VFLM 4744,29,19,1,5,3,2.375
VFLM 4744,30,22,0,4,4,2.75
VFLM 4745,1,15,1,3,5,1.875
VFLM 4745,2,15,1,3,5,1.875
VFLM 4745,3,24,0,2,6,3.0
VFLM 4745,4,19,1,3,5,2.375
VFLM 4745,5,19,1,1,7,2.375
VFLM 4745,6,15,1,5,3,1.875
VFLM 4745,7,19,1,5,3,2.375
VFLM 4745,8,17,1,3,5,2.125
VFLM 4745,9,23,1,5,3,2.875
VFLM 4745,10,19,1,5,3,2.375
VFLM 4745,11,22,0,4,4,2.75
VFLM 4745,12,15,1,3,5,1.875
VFLM 4745,13,15,1,3,5,1.875
VFLM 4745,14,24,0,2,6,3.0
VFLM 4745,15,19,1,3,5,2.375
VFLM 4745,16,15,1,5,3,1.875
VFLM 4745,17,19,1,5,3,2.375
VFLM 4745,18,17,1,3,5,2.125
VFLM 4745,19,23,1,5,3,2.875
VFLM 4745,20,19,1,5,3,2.375
VFLM 4745,21,22,0,4,4,2.75
VFLM 4745,22,15,1,3,5,1.875
VFLM 4745,23,15,1,3,5,1.875
VFLM 4745,24,24,0,2,6,3.0
VFLM 4745,25,19,1,3,5,2.375
VFLM 4745,26,21,1,1,7,2.625
VFLM 4745,27,15,1,5,3,1.875
VFLM 4745,28,19,1,5,3,2.375
VFLM 4745,29,17,1,3,5,2.125
VFLM 4745,30,23,1,5,3,2.875
VFLM 4746,1,19,1,5,3,2.375
VFLM 4746,2,22,0,4,4,2.75
VFLM 4746,3,15,1,3,5,1.875
VFLM 4746,4,15,1,3,5,1.875
VFLM 4746,5,24,0,2,6,3.0
VFLM 4746,6,21,1,1,7,2.625
VFLM 4746,7,15,1,5,3,1.875
VFLM 4746,8,19,1,5,3,2.375
VFLM 4746,9,17,1,3,5,2.125
VFLM 4746,10,23,1,5,3,2.875
VFLM 4746,11,19,1,5,3,2.375
VFLM 4746,12,22,0,4,4,2.75
VFLM 4746,13,15,1,3,5,1.875
VFLM 4746,14,15,1,3,5,1.875
VFLM 4746,15,24,0,2,6,3.0
VFLM 4746,16,20,0,4,4,2.5
VFLM 4746,17,21,1,1,7,2.625
VFLM 4746,18,15,1,5,3,1.875
VFLM 4746,19,19,1,5,3,2.375
VFLM 4746,20,17,1,3,5,2.125
VFLM 4746,21,23,1,5,3,2.875
VFLM 4746,22,19,1,5,3,2.375
VFLM 4746,23,22,0,4,4,2.75
VFLM 4746,24,15,1,3,5,1.875
VFLM 4746,25,15,1,3,5,1.875
VFLM 4746,26,20,0,4,4,2.5
VFLM 4746,27,21,1,1,7,2.625
VFLM 4746,28,15,1,5,3,1.875
VFLM 4746,29,19,1,5,3,2.375
VFLM 4746,30,17,1,3,5,2.125
VFLM 4747,1,23,1,5,3,2.875
VFLM 4747,2,19,1,5,3,2.375
VFLM 4747,3,22,0,4,4,2.75
VFLM 4747,4,15,1,3,5,1.875
VFLM 4747,5,15,1,3,5,1.875
VFLM 4747,6,27,1,3,5,3.375
VFLM 4747,7,20,0,4,4,2.5
VFLM 4747,8,21,1,1,7,2.625
VFLM 4747,9,15,1,5,3,1.875
VFLM 4747,10,19,1,5,3,2.375
VFLM 4747,11,17,1,3,5,2.125
VFLM 4747,12,23,1,5,3,2.875
VFLM 4747,13,19,1,5,3,2.375
VFLM 4747,14,22,0,4,4,2.75
VFLM 4747,15,15,1,3,5,1.875
VFLM 4747,16,27,1,3,5,3.375
VFLM 4747,17,20,0,4,4,2.5
VFLM 4747,18,21,1,1,7,2.625
VFLM 4747,19,15,1,5,3,1.875
VFLM 4747,20,19,1,5,3,2.375
VFLM 4747,21,17,1,3,5,2.125
VFLM 4747,22,23,1,5,3,2.875
VFLM 4747,23,19,1,5,3,2.375
VFLM 4747,24,22,0,4,4,2.75
VFLM 4747,25,15,1,3,5,1.875
VFLM 4747,26,20,0,6,2,2.5
VFLM 4747,27,27,1,3,5,3.375
VFLM 4747,28,20,0,4,4,2.5
VFLM 4747,29,21,1,1,7,2.625
VFLM 4747,30,15,1,5,3,1.875
VFLM 4748,1,19,1,5,3,2.375
VFLM 4748,2,17,1,3,5,2.125
VFLM 4748,3,23,1,5,3,2.875
VFLM 4748,4,19,1,5,3,2.375
VFLM 4748,5,22,0,4,4,2.75
VFLM 4748,6,20,0,6,2,2.5
VFLM 4748,7,27,1,3,5,3.375
VFLM 4748,8,20,0,4,4,2.5
VFLM 4748,9,21,1,1,7,2.625
VFLM 4748,10,15,1,5,3,1.875
VFLM 4748,11,19,1,5,3,2.375
VFLM 4748,12,17,1,3,5,2.125
VFLM 4748,13,23,1,5,3,2.875
VFLM 4748,14,19,1,5,3,2.375
VFLM 4748,15,22,0,4,4,2.75
VFLM 4748,16,20,0,6,2,2.5
VFLM 4748,17,27,1,3,5,3.375
VFLM 4748,18,20,0,4,4,2.5
VFLM 4748,19,21,1,1,7,2.625
VFLM 4748,20,15,1,5,3,1.875
VFLM 4748,21,19,1,5,3,2.375
VFLM 4748,22,17,1,3,5,2.125
VFLM 4748,23,23,1,5,3,2.875
VFLM 4748,24,19,1,5,3,2.375
VFLM 4748,25,22,0,4,4,2.75
VFLM 4748,26,20,0,2,6,2.5
VFLM 4748,27,20,0,6,2,2.5
VFLM 4748,28,27,1,3,5,3.375
VFLM 4748,29,20,0,4,4,2.5
VFLM 4748,30,21,1,1,7,2.625
VFLM 4749,1,15,1,5,3,1.875
VFLM 4749,2,19,1,5,3,2.375
VFLM 4749,3,17,1,3,5,2.125
VFLM 4749,4,23,1,5,3,2.875
VFLM 4749,5,19,1,5,3,2.375
VFLM 4749,6,20,0,2,6,2.5
VFLM 4749,7,20,0,6,2,2.5
VFLM 4749,8,27,1,3,5,3.375
VFLM 4749,9,20,0,4,4,2.5
VFLM 4749,10,21,1,1,7,2.625
VFLM 4749,11,15,1,5,3,1.875
VFLM 4749,12,19,1,5,3,2.375
VFLM 4749,13,17,1,3,5,2.125
VFLM 4749,14,23,1,5,3,2.875
VFLM 4749,15,19,1,5,3,2.375
VFLM 4749,16,21,1,3,5,2.625
VFLM 4749,17,20,0,2,6,2.5
VFLM 4749,18,20,0,6,2,2.5
VFLM 4749,19,27,1,3,5,3.375
VFLM 4749,20,20,0,4,4,2.5
VFLM 4749,21,21,1,1,7,2.625
VFLM 4749,22,15,1,5,3,1.875
VFLM 4749,23,19,1,5,3,2.375
VFLM 4749,24,17,1,3,5,2.125
VFLM 4749,25,23,1,5,3,2.875
VFLM 4749,26,21,1,3,5,2.625
VFLM 4749,27,20,0,2,6,2.5
VFLM 4749,28,20,0,6,2,2.5
VFLM 4749,29,27,1,3,5,3.375
VFLM 4749,30,20,0,4,4,2.5
VFLM 4750,1,21,1,1,7,2.625
VFLM 4750,2,15,1,5,3,1.875
VFLM 4750,3,19,1,5,3,2.375
VFLM 4750,4,17,1,3,5,2.125
VFLM 4750,5,23,1,5,3,2.875
VFLM 4750,6,21,1,5,3,2.625
VFLM 4750,7,21,1,3,5,2.625
VFLM 4750,8,20,0,2,6,2.5
VFLM 4750,9,20,0,6,2,2.5
VFLM 4750,10,27,1,3,5,3.375
VFLM 4750,11,20,0,4,4,2.5
VFLM 4750,12,21,1,1,7,2.625
VFLM 4750,13,15,1,5,3,1.875
VFLM 4750,14,21,1,5,3,2.625
VFLM 4750,15,21,1,3,5,2.625
VFLM 4750,16,20,0,2,6,2.5
VFLM 4750,17,20,0,6,2,2.5
VFLM 4750,18,27,1,3,5,3.375
VFLM 4750,19,20,0,4,4,2.5
VFLM 4750,20,21,1,1,7,2.625
VFLM 4750,21,15,1,5,3,1.875
VFLM 4750,22,19,1,5,3,2.375
VFLM 4750,23,17,1,3,5,2.125
VFLM 4750,24,29,1,3,5,3.625
VFLM 4750,25,21,1,5,3,2.625
VFLM 4750,26,21,1,3,5,2.625
VFLM 4750,27,20,0,2,6,2.5
VFLM 4750,28,20,0,6,2,2.5
VFLM 4750,29,27,1,3,5,3.375
VFLM 4750,30,20,0,4,4,2.5
VFLM 4751,1,21,1,1,7,2.625
VFLM 4751,2,15,1,5,3,1.875
VFLM 4751,3,19,1,5,3,2.375
VFLM 4751,4,23,1,3,5,2.875
VFLM 4751,5,29,1,3,5,3.625
VFLM 4751,6,21,1,5,3,2.625
VFLM 4751,7,21,1,3,5,2.625
VFLM 4751,8,20,0,2,6,2.5
VFLM 4751,9,20,0,6,2,2.5
VFLM 4751,10,27,1,3,5,3.375
VFLM 4751,11,20,0,4,4,2.5
VFLM 4751,12,21,1,1,7,2.625
VFLM 4751,13,15,1,5,3,1.875
VFLM 4751,14,13,1,5,3,1.625
VFLM 4751,15,23,1,3,5,2.875
VFLM 4751,16,29,1,3,5,3.625
VFLM 4751,17,21,1,5,3,2.625
VFLM 4751,18,21,1,3,5,2.625
VFLM 4751,19,20,0,2,6,2.5
VFLM 4751,20,20,0,6,2,2.5
VFLM 4751,21,27,1,3,5,3.375
VFLM 4751,22,20,0,4,4,2.5
VFLM 4751,23,21,1,1,7,2.625
VFLM 4751,24,23,1,3,5,2.875
VFLM 4751,25,13,1,5,3,1.625
VFLM 4751,26,23,1,3,5,2.875
VFLM 4751,27,29,1,3,5,3.625
VFLM 4751,28,21,1,5,3,2.625
VFLM 4751,29,21,1,3,5,2.625
VFLM 4751,30,20,0,2,6,2.5
VFLM 4752,1,20,0,6,2,2.5
VFLM 4752,2,27,1,3,5,3.375
VFLM 4752,3,20,0,4,4,2.5
VFLM 4752,4,20,0,2,6,2.5
VFLM 4752,5,23,1,3,5,2.875
VFLM 4752,6,13,1,5,3,1.625
VFLM 4752,7,23,1,3,5,2.875
VFLM 4752,8,29,1,3,5,3.625
VFLM 4752,9,21,1,5,3,2.625
VFLM 4752,10,21,1,3,5,2.625
VFLM 4752,11,20,0,2,6,2.5
VFLM 4752,12,20,0,6,2,2.5
VFLM 4752,13,27,1,3,5,3.375
VFLM 4752,14,23,1,3,5,2.875
VFLM 4752,15,17,1,5,3,2.125
VFLM 4752,16,20,0,2,6,2.5
VFLM 4752,17,23,1,3,5,2.875
VFLM 4752,18,13,1,5,3,1.625
VFLM 4752,19,23,1,3,5,2.875
VFLM 4752,20,29,1,3,5,3.625
VFLM 4752,21,21,1,5,3,2.625
VFLM 4752,22,21,1,3,5,2.625
VFLM 4752,23,20,0,2,6,2.5
VFLM 4752,24,13,1,5,3,1.625
VFLM 4752,25,23,1,3,5,2.875
VFLM 4752,26,17,1,5,3,2.125
VFLM 4752,27,20,0,2,6,2.5
VFLM 4752,28,23,1,3,5,2.875
VFLM 4752,29,13,1,5,3,1.625
VFLM 4752,30,23,1,3,5,2.875
VFLM 4753,1,29,1,3,5,3.625
VFLM 4753,2,21,1,5,3,2.625
VFLM 4753,3,21,1,3,5,2.625
VFLM 4753,4,22,0,4,4,2.75
VFLM 4753,5,22,0,4,4,2.75
VFLM 4753,6,13,1,5,3,1.625
VFLM 4753,7,23,1,3,5,2.875
VFLM 4753,8,17,1,5,3,2.125
VFLM 4753,9,20,0,2,6,2.5
VFLM 4753,10,23,1,3,5,2.875
VFLM 4753,11,13,1,5,3,1.625
VFLM 4753,12,23,1,3,5,2.875
VFLM 4753,13,29,1,3,5,3.625
VFLM 4753,14,21,1,5,3,2.625
VFLM 4753,15,21,1,3,5,2.625
VFLM 4753,16,22,0,4,4,2.75
VFLM 4753,17,13,1,5,3,1.625
VFLM 4753,18,23,1,3,5,2.875
VFLM 4753,19,17,1,5,3,2.125
VFLM 4753,20,20,0,2,6,2.5
VFLM 4753,21,23,1,3,5,2.875
VFLM 4753,22,21,1,3,5,2.625
VFLM 4753,23,22,0,4,4,2.75
VFLM 4753,24,13,1,5,3,1.625
VFLM 4753,25,23,1,3,5,2.875
VFLM 4753,26,17,1,5,3,2.125
VFLM 4753,27,20,0,2,6,2.5
VFLM 4753,28,23,1,3,5,2.875
VFLM 4753,29,13,1,5,3,1.625
VFLM 4753,30,23,1,3,5,2.875
VFLM 4754,1,29,1,3,5,3.625
VFLM 4754,2,21,1,3,5,2.625
VFLM 4754,3,22,0,4,4,2.75
VFLM 4754,4,13,1,5,3,1.625
VFLM 4754,5,23,1,3,5,2.875
VFLM 4754,6,17,1,5,3,2.125
VFLM 4754,7,20,0,2,6,2.5
VFLM 4754,8,23,1,3,5,2.875
VFLM 4754,9,13,1,5,3,1.625
VFLM 4754,10,23,1,3,5,2.875
VFLM 4754,11,29,1,3,5,3.625
VFLM 4754,12,19,1,1,7,2.375
VFLM 4754,13,21,1,3,5,2.625
VFLM 4754,14,22,0,4,4,2.75
VFLM 4754,15,13,1,5,3,1.625
VFLM 4754,16,23,1,3,5,2.875
VFLM 4754,17,17,1,5,3,2.125
VFLM 4754,18,20,0,2,6,2.5
VFLM 4754,19,23,1,3,5,2.875
VFLM 4754,20,13,1,5,3,1.625
VFLM 4754,21,23,1,3,5,2.875
VFLM 4754,22,19,1,1,7,2.375
VFLM 4754,23,21,1,3,5,2.625
VFLM 4754,24,22,0,4,4,2.75
VFLM 4754,25,13,1,5,3,1.625
VFLM 4754,26,23,1,3,5,2.875
VFLM 4754,27,17,1,5,3,2.125
VFLM 4754,28,20,0,2,6,2.5
VFLM 4754,29,23,1,3,5,2.875
VFLM 4754,30,13,1,5,3,1.625
VFLM 4755,1,23,1,3,5,2.875
VFLM 4755,2,27,1,3,5,3.375
VFLM 4755,3,19,1,1,7,2.375
VFLM 4755,4,21,1,3,5,2.625
VFLM 4755,5,22,0,4,4,2.75
VFLM 4755,6,13,1,5,3,1.625
VFLM 4755,7,23,1,3,5,2.875
VFLM 4755,8,17,1,5,3,2.125
VFLM 4755,9,20,0,2,6,2.5
VFLM 4755,10,23,1,3,5,2.875
VFLM 4755,11,13,1,5,3,1.625
VFLM 4755,12,27,1,3,5,3.375
VFLM 4755,13,19,1,1,7,2.375
VFLM 4755,14,21,1,3,5,2.625
VFLM 4755,15,22,0,4,4,2.75
VFLM 4755,16,13,1,5,3,1.625
VFLM 4755,17,23,1,3,5,2.875
VFLM 4755,18,17,1,5,3,2.125
VFLM 4755,19,20,0,2,6,2.5
VFLM 4755,20,23,1,3,5,2.875
VFLM 4755,21,13,1,5,3,1.625
VFLM 4755,22,19,1,5,3,2.375
VFLM 4755,23,27,1,3,5,3.375
VFLM 4755,24,19,1,1,7,2.375
VFLM 4755,25,21,1,3,5,2.625
VFLM 4755,26,22,0,4,4,2.75
VFLM 4755,27,13,1,5,3,1.625
VFLM 4755,28,23,1,3,5,2.875
VFLM 4755,29,17,1,5,3,2.125
VFLM 4755,30,20,0,2,6,2.5
VFLM 4756,1,23,1,3,5,2.875
VFLM 4756,2,19,1,5,3,2.375
VFLM 4756,3,27,1,3,5,3.375
VFLM 4756,4,19,1,1,7,2.375
VFLM 4756,5,21,1,3,5,2.625
VFLM 4756,6,22,0,4,4,2.75
VFLM 4756,7,13,1,5,3,1.625
VFLM 4756,8,23,1,3,5,2.875
VFLM 4756,9,17,1,5,3,2.125
VFLM 4756,10,20,0,2,6,2.5
VFLM 4756,11,23,1,3,5,2.875
VFLM 4756,12,20,0,4,4,2.5
VFLM 4756,13,19,1,5,3,2.375
VFLM 4756,14,27,1,3,5,3.375
VFLM 4756,15,19,1,1,7,2.375
VFLM 4756,16,21,1,3,5,2.625
VFLM 4756,17,22,0,4,4,2.75
VFLM 4756,18,13,1,5,3,1.625
VFLM 4756,19,23,1,3,5,2.875
VFLM 4756,20,17,1,5,3,2.125
VFLM 4756,21,20,0,2,6,2.5
VFLM 4756,22,20,0,4,4,2.5
VFLM 4756,23,19,1,5,3,2.375
VFLM 4756,24,27,1,3,5,3.375
VFLM 4756,25,19,1,1,7,2.375
VFLM 4756,26,21,1,3,5,2.625
VFLM 4756,27,22,0,4,4,2.75
VFLM 4756,28,13,1,5,3,1.625
VFLM 4756,29,23,1,3,5,2.875
VFLM 4756,30,17,1,5,3,2.125
VFLM 4757,1,20,0,2,6,2.5
VFLM 4757,2,24,0,2,6,3.0
VFLM 4757,3,20,0,4,4,2.5
VFLM 4757,4,19,1,5,3,2.375
VFLM 4757,5,27,1,3,5,3.375
VFLM 4757,6,19,1,1,7,2.375
VFLM 4757,7,21,1,3,5,2.625
VFLM 4757,8,22,0,4,4,2.75
VFLM 4757,9,13,1,5,3,1.625
VFLM 4757,10,23,1,3,5,2.875
VFLM 4757,11,17,1,5,3,2.125
VFLM 4757,12,24,0,2,6,3.0
VFLM 4757,13,20,0,4,4,2.5
VFLM 4757,14,19,1,5,3,2.375
VFLM 4757,15,27,1,3,5,3.375
VFLM 4757,16,19,1,1,7,2.375
VFLM 4757,17,21,1,3,5,2.625
VFLM 4757,18,22,0,4,4,2.75
VFLM 4757,19,13,1,5,3,1.625
VFLM 4757,20,23,1,3,5,2.875
VFLM 4757,21,17,1,5,3,2.125
VFLM 4757,22,17,1,3,5,2.125
VFLM 4757,23,24,0,2,6,3.0
VFLM 4757,24,20,0,4,4,2.5
VFLM 4757,25,19,1,5,3,2.375
VFLM 4757,26,27,1,3,5,3.375
VFLM 4757,27,19,1,1,7,2.375
VFLM 4757,28,21,1,3,5,2.625
VFLM 4757,29,22,0,4,4,2.75
VFLM 4757,30,13,1,5,3,1.625
VFLM 4758,1,23,1,3,5,2.875
VFLM 4758,2,17,1,3,5,2.125
VFLM 4758,3,24,0,2,6,3.0
VFLM 4758,4,20,0,4,4,2.5
VFLM 4758,5,19,1,5,3,2.375
VFLM 4758,6,27,1,3,5,3.375
VFLM 4758,7,19,1,1,7,2.375
VFLM 4758,8,21,1,3,5,2.625
VFLM 4758,9,22,0,4,4,2.75
VFLM 4758,10,13,1,5,3,1.625
VFLM 4758,11,23,1,3,5,2.875
VFLM 4758,12,17,1,3,5,2.125
VFLM 4758,13,24,0,2,6,3.0
VFLM 4758,14,20,0,4,4,2.5
VFLM 4758,15,19,1,5,3,2.375
VFLM 4758,16,27,1,3,5,3.375
VFLM 4758,17,19,1,1,7,2.375
VFLM 4758,18,21,1,3,5,2.625
VFLM 4758,19,22,0,4,4,2.75
VFLM 4758,20,13,1,5,3,1.625
VFLM 4758,21,23,1,3,5,2.875
VFLM 4758,22,21,1,5,3,2.625
VFLM 4758,23,17,1,3,5,2.125
VFLM 4758,24,24,0,2,6,3.0
VFLM 4758,25,20,0,4,4,2.5
VFLM 4758,26,19,1,5,3,2.375
VFLM 4758,27,27,1,3,5,3.375
VFLM 4758,28,19,1,1,7,2.375
VFLM 4758,29,21,1,3,5,2.625
VFLM 4758,30,22,0,4,4,2.75
VFLM 4759,1,13,1,5,3,1.625
VFLM 4759,2,21,1,5,3,2.625
VFLM 4759,3,17,1,3,5,2.125
VFLM 4759,4,24,0,2,6,3.0
VFLM 4759,5,20,0,4,4,2.5
VFLM 4759,6,19,1,5,3,2.375
VFLM 4759,7,27,1,3,5,3.375
VFLM 4759,8,19,1,1,7,2.375
VFLM 4759,9,21,1,3,5,2.625
VFLM 4759,10,22,0,4,4,2.75
VFLM 4759,11,21,1,5,3,2.625
VFLM 4759,12,17,1,3,5,2.125
VFLM 4759,13,24,0,2,6,3.0
VFLM 4759,14,20,0,4,4,2.5
VFLM 4759,15,19,1,5,3,2.375
VFLM 4759,16,27,1,3,5,3.375
VFLM 4759,17,19,1,1,7,2.375
VFLM 4759,18,21,1,3,5,2.625
VFLM 4759,19,22,0,4,4,2.75
VFLM 4759,20,13,1,5,3,1.625
VFLM 4759,21,16,0,4,4,2.0
VFLM 4759,22,21,1,5,3,2.625
VFLM 4759,23,17,1,3,5,2.125
VFLM 4759,24,24,0,2,6,3.0
VFLM 4759,25,20,0,4,4,2.5
VFLM 4759,26,15,1,3,5,1.875
VFLM 4759,27,16,0,4,4,2.0
VFLM 4759,28,21,1,5,3,2.625
VFLM 4759,29,17,1,3,5,2.125
VFLM 4759,30,24,0,2,6,3.0
VFLM 4760,1,20,0,4,4,2.5
VFLM 4760,2,19,1,5,3,2.375
VFLM 4760,3,27,1,3,5,3.375
VFLM 4760,4,19,1,1,7,2.375
VFLM 4760,5,21,1,3,5,2.625
VFLM 4760,6,15,1,3,5,1.875
VFLM 4760,7,16,0,4,4,2.0
VFLM 4760,8,21,1,5,3,2.625
VFLM 4760,9,17,1,3,5,2.125
VFLM 4760,10,24,0,2,6,3.0
VFLM 4760,11,20,0,4,4,2.5
VFLM 4760,12,19,1,5,3,2.375
VFLM 4760,13,27,1,3,5,3.375
VFLM 4760,14,19,1,1,7,2.375
VFLM 4760,15,21,1,3,5,2.625
VFLM 4760,16,21,1,3,5,2.625
VFLM 4760,17,24,0,4,4,3.0
VFLM 4760,18,15,1,3,5,1.875
VFLM 4760,19,16,0,4,4,2.0
VFLM 4760,20,21,1,5,3,2.625
VFLM 4760,21,17,1,3,5,2.125
VFLM 4760,22,24,0,2,6,3.0
VFLM 4760,23,20,0,4,4,2.5
VFLM 4760,24,19,1,5,3,2.375
VFLM 4760,25,27,1,3,5,3.375
VFLM 4760,26,22,0,6,2,2.75
VFLM 4760,27,21,1,3,5,2.625
VFLM 4760,28,24,0,4,4,3.0
VFLM 4760,29,15,1,3,5,1.875
VFLM 4760,30,16,0,4,4,2.0
VFLM 4761,1,21,1,5,3,2.625
VFLM 4761,2,17,1,3,5,2.125
VFLM 4761,3,24,0,2,6,3.0
VFLM 4761,4,20,0,4,4,2.5
VFLM 4761,5,19,1,5,3,2.375
VFLM 4761,6,23,1,3,5,2.875
VFLM 4761,7,22,0,6,2,2.75
VFLM 4761,8,21,1,3,5,2.625
VFLM 4761,9,24,0,4,4,3.0
VFLM 4761,10,15,1,3,5,1.875
VFLM 4761,11,16,0,4,4,2.0
VFLM 4761,12,21,1,5,3,2.625
VFLM 4761,13,17,1,3,5,2.125
VFLM 4761,14,24,0,2,6,3.0
VFLM 4761,15,20,0,4,4,2.5
VFLM 4761,16,24,0,4,4,3.0
VFLM 4761,17,23,1,3,5,2.875
VFLM 4761,18,22,0,6,2,2.75
VFLM 4761,19,21,1,3,5,2.625
VFLM 4761,20,24,0,4,4,3.0
VFLM 4761,21,15,1,3,5,1.875
VFLM 4761,22,16,0,4,4,2.0
VFLM 4761,23,21,1,5,3,2.625
VFLM 4761,24,17,1,3,5,2.125
VFLM 4761,25,24,0,2,6,3.0
VFLM 4761,26,16,0,4,4,2.0
VFLM 4761,27,24,0,4,4,3.0
VFLM 4761,28,23,1,3,5,2.875
VFLM 4761,29,22,0,6,2,2.75
VFLM 4761,30,21,1,3,5,2.625
VFLM 4762,1,24,0,4,4,3.0
VFLM 4762,2,15,1,3,5,1.875
VFLM 4762,3,16,0,4,4,2.0
VFLM 4762,4,21,1,5,3,2.625
VFLM 4762,5,17,1,3,5,2.125
VFLM 4762,6,22,0,6,2,2.75
VFLM 4762,7,16,0,4,4,2.0
VFLM 4762,8,22,0,6,2,2.75
VFLM 4762,9,16,0,4,4,2.0
VFLM 4762,10,24,0,4,4,3.0
VFLM 4762,11,23,1,3,5,2.875
VFLM 4762,12,22,0,6,2,2.75
VFLM 4762,13,21,1,3,5,2.625
VFLM 4762,14,24,0,4,4,3.0
VFLM 4762,15,15,1,3,5,1.875
VFLM 4762,16,16,0,4,4,2.0
VFLM 4762,17,21,1,5,3,2.625
VFLM 4762,18,30,0,4,4,3.75
VFLM 4762,19,22,0,6,2,2.75
VFLM 4762,20,16,0,4,4,2.0
VFLM 4762,21,24,0,4,4,3.0
VFLM 4762,22,23,1,3,5,2.875
VFLM 4762,23,22,0,6,2,2.75
VFLM 4762,24,21,1,3,5,2.625
VFLM 4762,25,24,0,4,4,3.0
VFLM 4762,26,15,1,3,5,1.875
VFLM 4762,27,16,0,4,4,2.0
VFLM 4762,28,30,0,4,4,3.75
VFLM 4762,29,22,0,6,2,2.75
VFLM 4762,30,16,0,4,4,2.0
VFLM 4763,1,24,0,4,4,3.0
VFLM 4763,2,23,1,3,5,2.875
VFLM 4763,3,22,0,6,2,2.75
VFLM 4763,4,21,1,3,5,2.625
VFLM 4763,5,24,0,4,4,3.0
VFLM 4763,6,15,1,3,5,1.875
VFLM 4763,7,16,0,4,4,2.0
VFLM 4763,8,23,1,5,3,2.875
VFLM 4763,9,30,0,4,4,3.75
VFLM 4763,10,22,0,6,2,2.75
VFLM 4763,11,16,0,4,4,2.0
VFLM 4763,12,24,0,4,4,3.0
VFLM 4763,13,23,1,3,5,2.875
VFLM 4763,14,22,0,6,2,2.75
VFLM 4763,15,21,1,3,5,2.625
VFLM 4763,16,24,0,4,4,3.0
VFLM 4763,17,15,1,3,5,1.875
VFLM 4763,18,23,1,5,3,2.875
VFLM 4763,19,30,0,4,4,3.75
VFLM 4763,20,22,0,6,2,2.75
VFLM 4763,21,16,0,4,4,2.0
VFLM 4763,22,24,0,4,4,3.0
VFLM 4763,23,23,1,3,5,2.875
VFLM 4763,24,22,0,6,2,2.75
VFLM 4763,25,21,1,3,5,2.625
VFLM 4763,26,24,0,4,4,3.0
VFLM 4763,27,15,1,3,5,1.875
VFLM 4763,28,23,1,5,3,2.875
VFLM 4763,29,30,0,4,4,3.75
VFLM 4763,30,22,0,6,2,2.75
VFLM 4764,1,16,0,4,4,2.0
VFLM 4764,2,24,0,4,4,3.0
VFLM 4764,3,23,1,3,5,2.875
VFLM 4764,4,22,0,6,2,2.75
VFLM 4764,5,21,1,3,5,2.625
VFLM 4764,6,24,0,4,4,3.0
VFLM 4764,7,15,1,3,5,1.875
VFLM 4764,8,17,1,5,3,2.125
VFLM 4764,9,23,1,5,3,2.875
VFLM 4764,10,30,0,4,4,3.75
VFLM 4764,11,22,0,6,2,2.75
VFLM 4764,12,16,0,4,4,2.0
VFLM 4764,13,24,0,4,4,3.0
VFLM 4764,14,23,1,3,5,2.875
VFLM 4764,15,22,0,6,2,2.75
VFLM 4764,16,21,1,3,5,2.625
VFLM 4764,17,24,0,4,4,3.0
VFLM 4764,18,17,1,5,3,2.125
VFLM 4764,19,23,1,5,3,2.875
VFLM 4764,20,30,0,4,4,3.75
VFLM 4764,21,22,0,6,2,2.75
VFLM 4764,22,16,0,4,4,2.0
VFLM 4764,23,24,0,4,4,3.0
VFLM 4764,24,23,1,3,5,2.875
VFLM 4764,25,22,0,6,2,2.75
VFLM 4764,26,21,1,3,5,2.625
VFLM 4764,27,24,0,4,4,3.0
VFLM 4764,28,27,1,5,3,3.375
VFLM 4764,29,17,1,5,3,2.125
VFLM 4764,30,23,1,5,3,2.875
VFLM 4765,1,30,0,4,4,3.75
VFLM 4765,2,22,0,6,2,2.75
VFLM 4765,3,16,0,4,4,2.0
VFLM 4765,4,24,0,4,4,3.0
VFLM 4765,5,23,1,3,5,2.875
VFLM 4765,6,22,0,6,2,2.75
VFLM 4765,7,21,1,3,5,2.625
VFLM 4765,8,27,1,5,3,3.375
VFLM 4765,9,17,1,5,3,2.125
VFLM 4765,10,23,1,5,3,2.875
VFLM 4765,11,30,0,4,4,3.75
VFLM 4765,12,22,0,6,2,2.75
VFLM 4765,13,16,0,4,4,2.0
VFLM 4765,14,24,0,4,4,3.0
VFLM 4765,15,23,1,3,5,2.875
VFLM 4765,16,22,0,6,2,2.75
VFLM 4765,17,21,1,3,5,2.625
VFLM 4765,18,22,0,4,4,2.75
VFLM 4765,19,27,1,5,3,3.375
VFLM 4765,20,17,1,5,3,2.125
VFLM 4765,21,23,1,5,3,2.875
VFLM 4765,22,30,0,4,4,3.75
VFLM 4765,23,22,0,6,2,2.75
VFLM 4765,24,16,0,4,4,2.0
VFLM 4765,25,24,0,4,4,3.0
VFLM 4765,26,23,1,3,5,2.875
VFLM 4765,27,22,0,6,2,2.75
VFLM 4765,28,22,0,4,4,2.75
VFLM 4765,29,27,1,5,3,3.375
VFLM 4765,30,17,1,5,3,2.125
VFLM 4766,1,23,1,5,3,2.875
VFLM 4766,2,30,0,4,4,3.75
VFLM 4766,3,22,0,6,2,2.75
VFLM 4766,4,16,0,4,4,2.0
VFLM 4766,5,24,0,4,4,3.0
VFLM 4766,6,23,1,3,5,2.875
VFLM 4766,7,22,0,6,2,2.75
VFLM 4766,8,15,1,7,1,1.875
VFLM 4766,9,22,0,4,4,2.75
VFLM 4766,10,27,1,5,3,3.375
VFLM 4766,11,17,1,5,3,2.125
VFLM 4766,12,23,1,5,3,2.875
VFLM 4766,13,30,0,4,4,3.75
VFLM 4766,14,22,0,6,2,2.75
VFLM 4766,15,16,0,4,4,2.0
VFLM 4766,16,24,0,4,4,3.0
VFLM 4766,17,23,1,3,5,2.875
VFLM 4766,18,15,1,7,1,1.875
VFLM 4766,19,22,0,4,4,2.75
VFLM 4766,20,27,1,5,3,3.375
VFLM 4766,21,17,1,5,3,2.125
VFLM 4766,22,23,1,5,3,2.875
VFLM 4766,23,30,0,4,4,3.75
VFLM 4766,24,22,0,6,2,2.75
VFLM 4766,25,16,0,4,4,2.0
VFLM 4766,26,24,0,4,4,3.0
VFLM 4766,27,23,1,3,5,2.875
VFLM 4766,28,26,0,4,4,3.25
VFLM 4766,29,15,1,7,1,1.875
VFLM 4766,30,22,0,4,4,2.75
VFLM 4767,1,27,1,5,3,3.375
VFLM 4767,2,17,1,5,3,2.125
VFLM 4767,3,23,1,5,3,2.875
VFLM 4767,4,30,0,4,4,3.75
VFLM 4767,5,22,0,6,2,2.75
VFLM 4767,6,16,0,4,4,2.0
VFLM 4767,7,24,0,4,4,3.0
VFLM 4767,8,26,0,4,4,3.25
VFLM 4767,9,15,1,7,1,1.875
VFLM 4767,10,22,0,4,4,2.75
VFLM 4767,11,27,1,5,3,3.375
VFLM 4767,12,17,1,5,3,2.125
VFLM 4767,13,23,1,5,3,2.875
VFLM 4767,14,30,0,4,4,3.75
VFLM 4767,15,22,0,6,2,2.75
VFLM 4767,16,16,0,4,4,2.0
VFLM 4767,17,24,0,4,4,3.0
VFLM 4767,18,22,0,4,4,2.75
VFLM 4767,19,26,0,4,4,3.25
VFLM 4767,20,15,1,7,1,1.875
VFLM 4767,21,22,0,4,4,2.75
VFLM 4767,22,22,0,4,4,2.75
VFLM 4767,23,26,0,4,4,3.25
VFLM 4767,24,15,1,7,1,1.875
VFLM 4767,25,22,0,4,4,2.75
VFLM 4767,26,27,1,5,3,3.375
VFLM 4767,27,17,1,5,3,2.125
VFLM 4767,28,23,1,5,3,2.875
VFLM 4767,29,30,0,4,4,3.75
VFLM 4767,30,22,0,6,2,2.75
VFLM 4768,1,16,0,4,4,2.0
VFLM 4768,2,24,0,6,2,3.0
VFLM 4768,3,22,0,4,4,2.75
VFLM 4768,4,26,0,4,4,3.25
VFLM 4768,5,15,1,7,1,1.875
VFLM 4768,6,22,0,4,4,2.75
VFLM 4768,7,27,1,5,3,3.375
VFLM 4768,8,17,1,5,3,2.125
VFLM 4768,9,23,1,5,3,2.875
VFLM 4768,10,30,0,4,4,3.75
VFLM 4768,11,22,0,6,2,2.75
VFLM 4768,12,28,0,4,4,3.5
VFLM 4768,13,24,0,6,2,3.0
VFLM 4768,14,22,0,4,4,2.75
VFLM 4768,15,26,0,4,4,3.25
VFLM 4768,16,15,1,7,1,1.875
VFLM 4768,17,22,0,4,4,2.75
VFLM 4768,18,27,1,5,3,3.375
VFLM 4768,19,17,1,5,3,2.125
VFLM 4768,20,23,1,5,3,2.875
VFLM 4768,21,30,0,4,4,3.75
VFLM 4768,22,16,0,6,2,2.0
VFLM 4768,23,28,0,4,4,3.5
VFLM 4768,24,24,0,6,2,3.0
VFLM 4768,25,22,0,4,4,2.75
VFLM 4768,26,26,0,4,4,3.25
VFLM 4768,27,15,1,7,1,1.875
VFLM 4768,28,22,0,4,4,2.75
VFLM 4768,29,27,1,5,3,3.375
VFLM 4768,30,17,1,5,3,2.125
VFLM 4769,1,23,1,5,3,2.875
VFLM 4769,2,23,1,3,5,2.875
VFLM 4769,3,16,0,6,2,2.0
VFLM 4769,4,28,0,4,4,3.5
VFLM 4769,5,24,0,6,2,3.0
VFLM 4769,6,22,0,4,4,2.75
VFLM 4769,7,26,0,4,4,3.25
VFLM 4769,8,15,1,7,1,1.875
VFLM 4769,9,22,0,4,4,2.75
VFLM 4769,10,27,1,5,3,3.375
VFLM 4769,11,17,1,5,3,2.125
VFLM 4769,12,28,0,4,4,3.5
VFLM 4769,13,23,1,3,5,2.875
VFLM 4769,14,16,0,6,2,2.0
VFLM 4769,15,28,0,4,4,3.5
VFLM 4769,16,24,0,6,2,3.0
VFLM 4769,17,22,0,4,4,2.75
VFLM 4769,18,26,0,4,4,3.25
VFLM 4769,19,15,1,7,1,1.875
VFLM 4769,20,22,0,4,4,2.75
VFLM 4769,21,27,1,5,3,3.375
VFLM 4769,22,21,1,7,1,2.625
VFLM 4769,23,28,0,4,4,3.5
VFLM 4769,24,23,1,3,5,2.875
VFLM 4769,25,23,1,3,5,2.875
VFLM 4769,26,21,1,7,1,2.625
VFLM 4769,27,28,0,4,4,3.5
VFLM 4769,28,23,1,3,5,2.875
VFLM 4769,29,16,0,6,2,2.0
VFLM 4769,30,28,0,4,4,3.5
VFLM 4770,1,24,0,6,2,3.0
VFLM 4770,2,22,0,4,4,2.75
VFLM 4770,3,26,0,4,4,3.25
VFLM 4770,4,15,1,7,1,1.875
VFLM 4770,5,23,1,3,5,2.875
VFLM 4770,6,21,1,7,1,2.625
VFLM 4770,7,28,0,4,4,3.5
VFLM 4770,8,23,1,3,5,2.875
VFLM 4770,9,16,0,6,2,2.0
VFLM 4770,10,28,0,4,4,3.5
VFLM 4770,11,24,0,6,2,3.0
VFLM 4770,12,22,0,4,4,2.75
VFLM 4770,13,15,1,5,3,1.875
VFLM 4770,14,23,1,3,5,2.875
VFLM 4770,15,21,1,7,1,2.625
VFLM 4770,16,28,0,4,4,3.5
VFLM 4770,17,23,1,3,5,2.875
VFLM 4770,18,16,0,6,2,2.0
VFLM 4770,19,28,0,4,4,3.5
VFLM 4770,20,24,0,6,2,3.0
VFLM 4770,21,22,0,4,4,2.75
VFLM 4770,22,26,0,4,4,3.25
VFLM 4770,23,15,1,5,3,1.875
VFLM 4770,24,23,1,3,5,2.875
VFLM 4770,25,21,1,7,1,2.625
VFLM 4770,26,28,0,4,4,3.5
VFLM 4770,27,23,1,3,5,2.875
VFLM 4770,28,16,0,6,2,2.0
VFLM 4770,29,28,0,4,4,3.5
VFLM 4770,30,24,0,6,2,3.0
VFLM 4771,1,22,0,4,4,2.75
VFLM 4771,2,17,1,3,5,2.125
VFLM 4771,3,15,1,5,3,1.875
VFLM 4771,4,23,1,3,5,2.875
VFLM 4771,5,21,1,7,1,2.625
VFLM 4771,6,28,0,4,4,3.5
VFLM 4771,7,23,1,3,5,2.875
VFLM 4771,8,16,0,6,2,2.0
VFLM 4771,9,28,0,4,4,3.5
VFLM 4771,10,24,0,6,2,3.0
VFLM 4771,11,22,0,4,4,2.75
VFLM 4771,12,17,1,3,5,2.125
VFLM 4771,13,15,1,5,3,1.875
VFLM 4771,14,23,1,3,5,2.875
VFLM 4771,15,21,1,7,1,2.625
VFLM 4771,16,28,0,4,4,3.5
VFLM 4771,17,23,1,3,5,2.875
VFLM 4771,18,16,0,6,2,2.0
VFLM 4771,19,28,0,4,4,3.5
VFLM 4771,20,24,0,6,2,3.0
VFLM 4771,21,22,0,4,4,2.75
VFLM 4771,22,19,1,1,7,2.375
VFLM 4771,23,17,1,3,5,2.125
VFLM 4771,24,15,1,5,3,1.875
VFLM 4771,25,23,1,3,5,2.875
VFLM 4771,26,21,1,7,1,2.625
VFLM 4771,27,28,0,4,4,3.5
VFLM 4771,28,23,1,3,5,2.875
VFLM 4771,29,16,0,6,2,2.0
VFLM 4771,30,28,0,4,4,3.5
VFLM 4772,1,24,0,6,2,3.0
VFLM 4772,2,19,1,1,7,2.375
VFLM 4772,3,17,1,3,5,2.125
VFLM 4772,4,15,1,5,3,1.875
VFLM 4772,5,23,1,3,5,2.875
VFLM 4772,6,21,1,7,1,2.625
VFLM 4772,7,28,0,4,4,3.5
VFLM 4772,8,23,1,3,5,2.875
VFLM 4772,9,16,0,6,2,2.0
VFLM 4772,10,28,0,4,4,3.5
VFLM 4772,11,24,0,6,2,3.0
VFLM 4772,12,24,0,4,4,3.0
VFLM 4772,13,19,1,1,7,2.375
VFLM 4772,14,17,1,3,5,2.125
VFLM 4772,15,15,1,5,3,1.875
VFLM 4772,16,23,1,3,5,2.875
VFLM 4772,17,21,1,7,1,2.625
VFLM 4772,18,28,0,4,4,3.5
VFLM 4772,19,23,1,3,5,2.875
VFLM 4772,20,16,0,6,2,2.0
VFLM 4772,21,28,0,4,4,3.5
VFLM 4772,22,24,0,4,4,3.0
VFLM 4772,23,19,1,1,7,2.375
VFLM 4772,24,17,1,3,5,2.125
VFLM 4772,25,15,1,5,3,1.875
VFLM 4772,26,23,1,3,5,2.875
VFLM 4772,27,21,1,7,1,2.625
VFLM 4772,28,28,0,4,4,3.5
VFLM 4772,29,23,1,3,5,2.875
VFLM 4772,30,16,0,6,2,2.0
VFLM 4773,1,28,0,4,4,3.5
VFLM 4773,2,18,0,2,6,2.25
VFLM 4773,3,24,0,4,4,3.0
VFLM 4773,4,19,1,1,7,2.375
VFLM 4773,5,17,1,3,5,2.125
VFLM 4773,6,15,1,5,3,1.875
VFLM 4773,7,23,1,3,5,2.875
VFLM 4773,8,21,1,7,1,2.625
VFLM 4773,9,28,0,4,4,3.5
VFLM 4773,10,23,1,3,5,2.875
VFLM 4773,11,16,0,6,2,2.0
VFLM 4773,12,18,0,2,6,2.25
VFLM 4773,13,24,0,4,4,3.0
VFLM 4773,14,19,1,1,7,2.375
VFLM 4773,15,17,1,3,5,2.125
VFLM 4773,16,15,1,5,3,1.875
VFLM 4773,17,23,1,3,5,2.875
VFLM 4773,18,21,1,7,1,2.625
VFLM 4773,19,28,0,4,4,3.5
VFLM 4773,20,23,1,3,5,2.875
VFLM 4773,21,16,0,6,2,2.0
VFLM 4773,22,18,0,2,6,2.25
VFLM 4773,23,24,0,4,4,3.0
VFLM 4773,24,19,1,1,7,2.375
VFLM 4773,25,17,1,3,5,2.125
VFLM 4773,26,15,1,5,3,1.875
VFLM 4773,27,23,1,3,5,2.875
VFLM 4773,28,21,1,7,1,2.625
VFLM 4773,29,28,0,4,4,3.5
VFLM 4773,30,23,1,3,5,2.875
VFLM 4774,1,16,0,6,2,2.0
VFLM 4774,2,12,0,4,4,1.5
VFLM 4774,3,18,0,2,6,2.25
VFLM 4774,4,24,0,4,4,3.0
VFLM 4774,5,19,1,1,7,2.375
VFLM 4774,6,17,1,3,5,2.125
VFLM 4774,7,15,1,5,3,1.875
VFLM 4774,8,23,1,3,5,2.875
VFLM 4774,9,21,1,7,1,2.625
VFLM 4774,10,28,0,4,4,3.5
VFLM 4774,11,23,1,3,5,2.875
VFLM 4774,12,12,0,4,4,1.5
VFLM 4774,13,18,0,2,6,2.25
VFLM 4774,14,24,0,4,4,3.0
VFLM 4774,15,19,1,1,7,2.375
VFLM 4774,16,17,1,3,5,2.125
VFLM 4774,17,15,1,5,3,1.875
VFLM 4774,18,23,1,3,5,2.875
VFLM 4774,19,21,1,7,1,2.625
VFLM 4774,20,28,0,4,4,3.5
VFLM 4774,21,23,1,3,5,2.875
VFLM 4774,22,12,0,4,4,1.5
VFLM 4774,23,18,0,2,6,2.25
VFLM 4774,24,24,0,4,4,3.0
VFLM 4774,25,19,1,1,7,2.375
VFLM 4774,26,17,1,3,5,2.125
VFLM 4774,27,15,1,5,3,1.875
VFLM 4774,28,23,1,3,5,2.875
VFLM 4774,29,21,1,7,1,2.625
VFLM 4774,30,28,0,4,4,3.5
VFLM 4775,1,23,1,3,5,2.875
VFLM 4775,2,25,1,3,5,3.125
VFLM 4775,3,12,0,4,4,1.5
VFLM 4775,4,18,0,2,6,2.25
VFLM 4775,5,24,0,4,4,3.0
VFLM 4775,6,19,1,1,7,2.375
VFLM 4775,7,17,1,3,5,2.125
VFLM 4775,8,15,1,5,3,1.875
VFLM 4775,9,23,1,3,5,2.875
VFLM 4775,10,21,1,7,1,2.625
VFLM 4775,11,28,0,4,4,3.5
VFLM 4775,12,25,1,3,5,3.125
VFLM 4775,13,12,0,4,4,1.5
VFLM 4775,14,18,0,2,6,2.25
VFLM 4775,15,24,0,4,4,3.0
VFLM 4775,16,19,1,1,7,2.375
VFLM 4775,17,17,1,3,5,2.125
VFLM 4775,18,15,1,5,3,1.875
VFLM 4775,19,23,1,3,5,2.875
VFLM 4775,20,21,1,7,1,2.625
VFLM 4775,21,28,0,4,4,3.5
VFLM 4775,22,20,0,6,2,2.5
VFLM 4775,23,25,1,3,5,3.125
VFLM 4775,24,12,0,4,4,1.5
VFLM 4775,25,18,0,2,6,2.25
VFLM 4775,26,20,0,6,2,2.5
VFLM 4775,27,25,1,3,5,3.125
VFLM 4775,28,12,0,4,4,1.5
VFLM 4775,29,18,0,2,6,2.25
VFLM 4775,30,24,0,4,4,3.0
VFLM 4776,1,19,1,1,7,2.375
VFLM 4776,2,17,1,3,5,2.125
VFLM 4776,3,15,1,5,3,1.875
VFLM 4776,4,23,1,3,5,2.875
VFLM 4776,5,21,1,7,1,2.625
VFLM 4776,6,20,0,4,4,2.5
VFLM 4776,7,20,0,6,2,2.5
VFLM 4776,8,25,1,3,5,3.125
VFLM 4776,9,12,0,4,4,1.5
VFLM 4776,10,18,0,2,6,2.25
VFLM 4776,11,24,0,4,4,3.0
VFLM 4776,12,19,1,1,7,2.375
VFLM 4776,13,17,1,3,5,2.125
VFLM 4776,14,15,1,5,3,1.875
VFLM 4776,15,23,1,3,5,2.875
VFLM 4776,16,19,1,3,5,2.375
VFLM 4776,17,20,0,4,4,2.5
VFLM 4776,18,20,0,6,2,2.5
VFLM 4776,19,25,1,3,5,3.125
VFLM 4776,20,12,0,4,4,1.5
VFLM 4776,21,18,0,2,6,2.25
VFLM 4776,22,24,0,4,4,3.0
VFLM 4776,23,19,1,1,7,2.375
VFLM 4776,24,17,1,3,5,2.125
VFLM 4776,25,15,1,5,3,1.875
VFLM 4776,26,12,0,4,4,1.5
VFLM 4776,27,20,0,6,2,2.5
VFLM 4776,28,19,1,3,5,2.375
VFLM 4776,29,17,1,3,5,2.125
VFLM 4776,30,22,0,6,2,2.75
VFLM 4777,1,18,0,4,4,2.25
VFLM 4777,2,12,0,4,4,1.5
VFLM 4777,3,18,0,2,6,2.25
VFLM 4777,4,24,0,4,4,3.0
VFLM 4777,5,19,1,1,7,2.375
VFLM 4777,6,25,1,5,3,3.125
VFLM 4777,7,12,0,4,4,1.5
VFLM 4777,8,20,0,6,2,2.5
VFLM 4777,9,19,1,3,5,2.375
VFLM 4777,10,20,0,4,4,2.5
VFLM 4777,11,20,0,6,2,2.5
VFLM 4777,12,25,1,3,5,3.125
VFLM 4777,13,12,0,4,4,1.5
VFLM 4777,14,18,0,2,6,2.25
VFLM 4777,15,24,0,4,4,3.0
VFLM 4777,16,20,0,6,2,2.5
VFLM 4777,17,25,1,5,3,3.125
VFLM 4777,18,12,0,4,4,1.5
VFLM 4777,19,20,0,6,2,2.5
VFLM 4777,20,19,1,3,5,2.375
VFLM 4777,21,20,0,4,4,2.5
VFLM 4777,22,20,0,6,2,2.5
VFLM 4777,23,25,1,3,5,3.125
VFLM 4777,24,12,0,4,4,1.5
VFLM 4777,25,18,0,2,6,2.25
VFLM 4777,26,16,0,2,6,2.0
VFLM 4777,27,20,0,6,2,2.5
VFLM 4777,28,25,1,5,3,3.125
VFLM 4777,29,12,0,4,4,1.5
VFLM 4777,30,20,0,6,2,2.5
VFLM 4778,1,19,1,3,5,2.375
VFLM 4778,2,20,0,4,4,2.5
VFLM 4778,3,20,0,6,2,2.5
VFLM 4778,4,25,1,3,5,3.125
VFLM 4778,5,12,0,4,4,1.5
VFLM 4778,6,16,0,6,2,2.0
VFLM 4778,7,16,0,2,6,2.0
VFLM 4778,8,20,0,6,2,2.5
VFLM 4778,9,25,1,5,3,3.125
VFLM 4778,10,12,0,4,4,1.5
VFLM 4778,11,20,0,6,2,2.5
VFLM 4778,12,19,1,3,5,2.375
VFLM 4778,13,20,0,4,4,2.5
VFLM 4778,14,20,0,6,2,2.5
VFLM 4778,15,25,1,3,5,3.125
VFLM 4778,16,27,1,3,5,3.375
VFLM 4778,17,16,0,6,2,2.0
VFLM 4778,18,16,0,2,6,2.0
VFLM 4778,19,20,0,6,2,2.5
VFLM 4778,20,25,1,5,3,3.125
VFLM 4778,21,12,0,4,4,1.5
VFLM 4778,22,20,0,6,2,2.5
VFLM 4778,23,27,1,3,5,3.375
VFLM 4778,24,16,0,6,2,2.0
VFLM 4778,25,16,0,2,6,2.0
VFLM 4778,26,20,0,6,2,2.5
VFLM 4778,27,25,1,5,3,3.125
VFLM 4778,28,12,0,4,4,1.5
VFLM 4778,29,20,0,6,2,2.5
VFLM 4778,30,19,1,3,5,2.375
VFLM 4779,1,20,0,4,4,2.5
VFLM 4779,2,20,0,6,2,2.5
VFLM 4779,3,15,1,5,3,1.875
VFLM 4779,4,27,1,3,5,3.375
VFLM 4779,5,16,0,6,2,2.0
VFLM 4779,6,16,0,2,6,2.0
VFLM 4779,7,20,0,6,2,2.5
VFLM 4779,8,25,1,5,3,3.125
VFLM 4779,9,12,0,4,4,1.5
VFLM 4779,10,20,0,6,2,2.5
VFLM 4779,11,19,1,3,5,2.375
VFLM 4779,12,20,0,4,4,2.5
VFLM 4779,13,15,1,5,3,1.875
VFLM 4779,14,27,1,3,5,3.375
VFLM 4779,15,16,0,6,2,2.0
VFLM 4779,16,16,0,2,6,2.0
VFLM 4779,17,20,0,6,2,2.5
VFLM 4779,18,25,1,5,3,3.125
VFLM 4779,19,12,0,4,4,1.5
VFLM 4779,20,20,0,6,2,2.5
VFLM 4779,21,19,1,3,5,2.375
VFLM 4779,22,20,0,4,4,2.5
VFLM 4779,23,31,1,3,5,3.875
VFLM 4779,24,15,1,5,3,1.875
VFLM 4779,25,27,1,3,5,3.375
VFLM 4779,26,16,0,6,2,2.0
VFLM 4779,27,16,0,2,6,2.0
VFLM 4779,28,20,0,6,2,2.5
VFLM 4779,29,25,1,5,3,3.125
VFLM 4779,30,12,0,4,4,1.5
VFLM 4780,1,20,0,6,2,2.5
VFLM 4780,2,19,1,3,5,2.375
VFLM 4780,3,31,1,3,5,3.875
VFLM 4780,4,15,1,5,3,1.875
VFLM 4780,5,27,1,3,5,3.375
VFLM 4780,6,16,0,6,2,2.0
VFLM 4780,7,16,0,2,6,2.0
VFLM 4780,8,20,0,6,2,2.5
VFLM 4780,9,25,1,5,3,3.125
VFLM 4780,10,12,0,4,4,1.5
VFLM 4780,11,20,0,6,2,2.5
VFLM 4780,12,19,1,3,5,2.375
VFLM 4780,13,15,1,3,5,1.875
VFLM 4780,14,31,1,3,5,3.875
VFLM 4780,15,15,1,5,3,1.875
VFLM 4780,16,27,1,3,5,3.375
VFLM 4780,17,16,0,6,2,2.0
VFLM 4780,18,16,0,2,6,2.0
VFLM 4780,19,20,0,6,2,2.5
VFLM 4780,20,25,1,5,3,3.125
VFLM 4780,21,12,0,4,4,1.5
VFLM 4780,22,20,0,6,2,2.5
VFLM 4780,23,15,1,3,5,1.875
VFLM 4780,24,31,1,3,5,3.875
VFLM 4780,25,15,1,5,3,1.875
VFLM 4780,26,27,1,3,5,3.375
VFLM 4780,27,16,0,6,2,2.0
VFLM 4780,28,16,0,2,6,2.0
VFLM 4780,29,20,0,6,2,2.5
VFLM 4780,30,25,1,5,3,3.125
VFLM 4781,1,12,0,4,4,1.5
VFLM 4781,2,20,0,6,2,2.5
VFLM 4781,3,17,1,3,5,2.125
VFLM 4781,4,15,1,3,5,1.875
VFLM 4781,5,31,1,3,5,3.875
VFLM 4781,6,15,1,5,3,1.875
VFLM 4781,7,27,1,3,5,3.375
VFLM 4781,8,16,0,6,2,2.0
VFLM 4781,9,16,0,2,6,2.0
VFLM 4781,10,20,0,6,2,2.5
VFLM 4781,11,25,1,5,3,3.125
VFLM 4781,12,12,0,4,4,1.5
VFLM 4781,13,17,1,3,5,2.125
VFLM 4781,14,15,1,3,5,1.875
VFLM 4781,15,31,1,3,5,3.875
VFLM 4781,16,15,1,5,3,1.875
VFLM 4781,17,27,1,3,5,3.375
VFLM 4781,18,16,0,6,2,2.0
VFLM 4781,19,16,0,2,6,2.0
VFLM 4781,20,20,0,6,2,2.5
VFLM 4781,21,25,1,5,3,3.125
VFLM 4781,22,12,0,4,4,1.5
VFLM 4781,23,14,0,4,4,1.75
VFLM 4781,24,17,1,3,5,2.125
VFLM 4781,25,15,1,3,5,1.875
VFLM 4781,26,31,1,3,5,3.875
VFLM 4781,27,15,1,5,3,1.875
VFLM 4781,28,27,1,3,5,3.375
VFLM 4781,29,16,0,6,2,2.0
VFLM 4781,30,16,0,2,6,2.0
VFLM 4782,1,20,0,6,2,2.5
VFLM 4782,2,25,1,5,3,3.125
VFLM 4782,3,14,0,4,4,1.75
VFLM 4782,4,17,1,3,5,2.125
VFLM 4782,5,15,1,3,5,1.875
VFLM 4782,6,31,1,3,5,3.875
VFLM 4782,7,15,1,5,3,1.875
VFLM 4782,8,27,1,3,5,3.375
VFLM 4782,9,16,0,6,2,2.0
VFLM 4782,10,16,0,2,6,2.0
VFLM 4782,11,20,0,6,2,2.5
VFLM 4782,12,25,1,5,3,3.125
VFLM 4782,13,17,1,3,5,2.125
VFLM 4782,14,14,0,4,4,1.75
VFLM 4782,15,17,1,3,5,2.125
VFLM 4782,16,15,1,3,5,1.875
VFLM 4782,17,31,1,3,5,3.875
VFLM 4782,18,15,1,5,3,1.875
VFLM 4782,19,27,1,3,5,3.375
VFLM 4782,20,16,0,6,2,2.0
VFLM 4782,21,16,0,2,6,2.0
VFLM 4782,22,20,0,6,2,2.5
VFLM 4782,23,17,1,3,5,2.125
VFLM 4782,24,14,0,4,4,1.75
VFLM 4782,25,17,1,3,5,2.125
VFLM 4782,26,15,1,3,5,1.875
VFLM 4782,27,31,1,3,5,3.875
VFLM 4782,28,15,1,5,3,1.875
VFLM 4782,29,27,1,3,5,3.375
VFLM 4782,30,16,0,6,2,2.0
VFLM 4783,1,16,0,2,6,2.0
VFLM 4783,2,20,0,6,2,2.5
VFLM 4783,3,17,1,3,5,2.125
VFLM 4783,4,14,0,4,4,1.75
VFLM 4783,5,17,1,3,5,2.125
VFLM 4783,6,15,1,3,5,1.875
VFLM 4783,7,31,1,3,5,3.875
VFLM 4783,8,15,1,5,3,1.875
VFLM 4783,9,27,1,3,5,3.375
VFLM 4783,10,16,0,6,2,2.0
VFLM 4783,11,16,0,2,6,2.0
VFLM 4783,12,20,0,6,2,2.5
VFLM 4783,13,19,1,3,5,2.375
VFLM 4783,14,17,1,3,5,2.125
VFLM 4783,15,14,0,4,4,1.75
VFLM 4783,16,17,1,3,5,2.125
VFLM 4783,17,15,1,3,5,1.875
VFLM 4783,18,31,1,3,5,3.875
VFLM 4783,19,15,1,5,3,1.875
VFLM 4783,20,27,1,3,5,3.375
VFLM 4783,21,16,0,6,2,2.0
VFLM 4783,22,16,0,2,6,2.0
VFLM 4783,23,19,1,3,5,2.375
VFLM 4783,24,17,1,3,5,2.125
VFLM 4783,25,14,0,4,4,1.75
VFLM 4783,26,17,1,3,5,2.125
VFLM 4783,27,15,1,3,5,1.875
VFLM 4783,28,31,1,3,5,3.875
VFLM 4783,29,15,1,5,3,1.875
VFLM 4783,30,27,1,3,5,3.375
VFLM 4784,1,16,0,6,2,2.0
VFLM 4784,2,16,0,2,6,2.0
VFLM 4784,3,23,1,3,5,2.875
VFLM 4784,4,19,1,3,5,2.375
VFLM 4784,5,17,1,3,5,2.125
VFLM 4784,6,14,0,4,4,1.75
VFLM 4784,7,17,1,3,5,2.125
VFLM 4784,8,15,1,3,5,1.875
VFLM 4784,9,31,1,3,5,3.875
VFLM 4784,10,15,1,5,3,1.875
VFLM 4784,11,23,1,3,5,2.875
VFLM 4784,12,19,1,3,5,2.375
VFLM 4784,13,17,1,3,5,2.125
VFLM 4784,14,14,0,4,4,1.75
VFLM 4784,15,17,1,3,5,2.125
VFLM 4784,16,15,1,3,5,1.875
VFLM 4784,17,31,1,3,5,3.875
VFLM 4784,18,15,1,5,3,1.875
VFLM 4784,19,27,1,3,5,3.375
VFLM 4784,20,16,0,6,2,2.0
VFLM 4784,21,22,0,6,2,2.75
VFLM 4784,22,22,0,6,2,2.75
VFLM 4784,23,23,1,3,5,2.875
VFLM 4784,24,19,1,3,5,2.375
VFLM 4784,25,17,1,3,5,2.125
VFLM 4784,26,14,0,4,4,1.75
VFLM 4784,27,17,1,3,5,2.125
VFLM 4784,28,15,1,3,5,1.875
VFLM 4784,29,31,1,3,5,3.875
VFLM 4784,30,15,1,5,3,1.875
VFLM 4785,1,27,1,3,5,3.375
VFLM 4785,2,15,1,7,1,1.875
VFLM 4785,3,22,0,6,2,2.75
VFLM 4785,4,23,1,3,5,2.875
VFLM 4785,5,19,1,3,5,2.375
VFLM 4785,6,17,1,3,5,2.125
VFLM 4785,7,14,0,4,4,1.75
VFLM 4785,8,17,1,3,5,2.125
VFLM 4785,9,15,1,3,5,1.875
VFLM 4785,10,31,1,3,5,3.875
VFLM 4785,11,15,1,5,3,1.875
VFLM 4785,12,15,1,5,3,1.875
VFLM 4785,13,15,1,7,1,1.875
VFLM 4785,14,15,1,7,1,1.875
VFLM 4785,15,22,0,6,2,2.75
VFLM 4785,16,23,1,3,5,2.875
VFLM 4785,17,19,1,3,5,2.375
VFLM 4785,18,17,1,3,5,2.125
VFLM 4785,19,14,0,4,4,1.75
VFLM 4785,20,17,1,3,5,2.125
VFLM 4785,21,15,1,3,5,1.875
VFLM 4785,22,16,0,4,4,2.0
VFLM 4785,23,15,1,5,3,1.875
VFLM 4785,24,15,1,7,1,1.875
VFLM 4785,25,15,1,7,1,1.875
VFLM 4785,26,22,0,6,2,2.75
VFLM 4785,27,23,1,3,5,2.875
VFLM 4785,28,19,1,3,5,2.375
VFLM 4785,29,17,1,3,5,2.125
VFLM 4785,30,14,0,4,4,1.75
VFLM 4786,1,17,1,3,5,2.125
VFLM 4786,2,14,0,2,6,1.75
VFLM 4786,3,16,0,4,4,2.0
VFLM 4786,4,15,1,5,3,1.875
VFLM 4786,5,15,1,7,1,1.875
VFLM 4786,6,15,1,7,1,1.875
VFLM 4786,7,22,0,6,2,2.75
VFLM 4786,8,23,1,3,5,2.875
VFLM 4786,9,19,1,3,5,2.375
VFLM 4786,10,17,1,3,5,2.125
VFLM 4786,11,14,0,4,4,1.75
VFLM 4786,12,27,1,3,5,3.375
VFLM 4786,13,14,0,2,6,1.75
VFLM 4786,14,16,0,4,4,2.0
VFLM 4786,15,15,1,5,3,1.875
VFLM 4786,16,15,1,7,1,1.875
VFLM 4786,17,15,1,7,1,1.875
VFLM 4786,18,22,0,6,2,2.75
VFLM 4786,19,23,1,3,5,2.875
VFLM 4786,20,19,1,3,5,2.375
VFLM 4786,21,17,1,3,5,2.125
VFLM 4786,22,15,1,5,3,1.875
VFLM 4786,23,27,1,3,5,3.375
VFLM 4786,24,15,1,5,3,1.875
VFLM 4786,25,27,1,3,5,3.375
VFLM 4786,26,14,0,2,6,1.75
VFLM 4786,27,16,0,4,4,2.0
VFLM 4786,28,15,1,5,3,1.875
VFLM 4786,29,15,1,7,1,1.875
VFLM 4786,30,15,1,7,1,1.875
VFLM 4787,1,22,0,6,2,2.75
VFLM 4787,2,23,1,3,5,2.875
VFLM 4787,3,19,1,3,5,2.375
VFLM 4787,4,27,1,5,3,3.375
VFLM 4787,5,15,1,5,3,1.875
VFLM 4787,6,27,1,3,5,3.375
VFLM 4787,7,14,0,2,6,1.75
VFLM 4787,8,16,0,4,4,2.0
VFLM 4787,9,15,1,5,3,1.875
VFLM 4787,10,15,1,7,1,1.875
VFLM 4787,11,27,1,5,3,3.375
VFLM 4787,12,15,1,5,3,1.875
VFLM 4787,13,27,1,3,5,3.375
VFLM 4787,14,14,0,2,6,1.75
VFLM 4787,15,16,0,4,4,2.0
VFLM 4787,16,15,1,5,3,1.875
VFLM 4787,17,15,1,7,1,1.875
VFLM 4787,18,15,1,7,1,1.875
VFLM 4787,19,22,0,6,2,2.75
VFLM 4787,20,23,1,3,5,2.875
VFLM 4787,21,17,1,3,5,2.125
VFLM 4787,22,27,1,5,3,3.375
VFLM 4787,23,15,1,5,3,1.875
VFLM 4787,24,27,1,3,5,3.375
VFLM 4787,25,14,0,2,6,1.75
VFLM 4787,26,16,0,4,4,2.0
VFLM 4787,27,15,1,5,3,1.875
VFLM 4787,28,15,1,7,1,1.875
VFLM 4787,29,15,1,7,1,1.875
VFLM 4787,30,22,0,6,2,2.75
VFLM 4788,1,17,1,3,5,2.125
VFLM 4788,2,27,1,5,3,3.375
VFLM 4788,3,15,1,5,3,1.875
VFLM 4788,4,27,1,3,5,3.375
VFLM 4788,5,14,0,2,6,1.75
VFLM 4788,6,16,0,4,4,2.0
VFLM 4788,7,15,1,5,3,1.875
VFLM 4788,8,15,1,7,1,1.875
VFLM 4788,9,15,1,7,1,1.875
VFLM 4788,10,22,0,6,2,2.75
VFLM 4788,11,17,1,3,5,2.125
VFLM 4788,12,27,1,5,3,3.375
VFLM 4788,13,15,1,5,3,1.875
VFLM 4788,14,27,1,3,5,3.375
VFLM 4788,15,14,0,2,6,1.75
VFLM 4788,16,16,0,4,4,2.0
VFLM 4788,17,15,1,5,3,1.875
VFLM 4788,18,15,1,7,1,1.875
VFLM 4788,19,15,1,7,1,1.875
VFLM 4788,20,22,0,6,2,2.75
VFLM 4788,21,17,1,3,5,2.125
VFLM 4788,22,27,1,5,3,3.375
VFLM 4788,23,15,1,5,3,1.875
VFLM 4788,24,27,1,3,5,3.375
VFLM 4788,25,14,0,2,6,1.75
VFLM 4788,26,16,0,4,4,2.0
VFLM 4788,27,15,1,5,3,1.875
VFLM 4788,28,15,1,7,1,1.875
VFLM 4788,29,15,1,7,1,1.875
VFLM 4788,30,22,0,6,2,2.75
VFLM 4789,1,17,1,7,1,2.125
VFLM 4789,2,17,1,3,5,2.125
VFLM 4789,3,27,1,5,3,3.375
VFLM 4789,4,15,1,5,3,1.875
VFLM 4789,5,27,1,3,5,3.375
VFLM 4789,6,14,0,2,6,1.75
VFLM 4789,7,16,0,4,4,2.0
VFLM 4789,8,15,1,5,3,1.875
VFLM 4789,9,15,1,7,1,1.875
VFLM 4789,10,15,1,7,1,1.875
VFLM 4789,11,17,1,7,1,2.125
VFLM 4789,12,17,1,3,5,2.125
VFLM 4789,13,27,1,5,3,3.375
VFLM 4789,14,15,1,5,3,1.875
VFLM 4789,15,27,1,3,5,3.375
VFLM 4789,16,14,0,2,6,1.75
VFLM 4789,17,16,0,4,4,2.0
VFLM 4789,18,15,1,5,3,1.875
VFLM 4789,19,15,1,7,1,1.875
VFLM 4789,20,15,1,7,1,1.875
VFLM 4789,21,23,1,5,3,2.875
VFLM 4789,22,17,1,7,1,2.125
VFLM 4789,23,17,1,3,5,2.125
VFLM 4789,24,27,1,5,3,3.375
VFLM 4789,25,15,1,5,3,1.875
VFLM 4789,26,27,1,3,5,3.375
VFLM 4789,27,14,0,2,6,1.75
VFLM 4789,28,16,0,4,4,2.0
VFLM 4789,29,15,1,5,3,1.875
VFLM 4789,30,15,1,7,1,1.875
VFLM 4790,1,23,1,5,3,2.875
VFLM 4790,2,17,1,7,1,2.125
VFLM 4790,3,17,1,3,5,2.125
VFLM 4790,4,27,1,5,3,3.375
VFLM 4790,5,15,1,5,3,1.875
VFLM 4790,6,27,1,3,5,3.375
VFLM 4790,7,14,0,2,6,1.75
VFLM 4790,8,16,0,4,4,2.0
VFLM 4790,9,15,1,5,3,1.875
VFLM 4790,10,15,1,7,1,1.875
VFLM 4790,11,19,1,5,3,2.375
VFLM 4790,12,23,1,5,3,2.875
VFLM 4790,13,17,1,7,1,2.125
VFLM 4790,14,17,1,3,5,2.125
VFLM 4790,15,27,1,5,3,3.375
VFLM 4790,16,15,1,5,3,1.875
VFLM 4790,17,27,1,3,5,3.375
VFLM 4790,18,14,0,2,6,1.75
VFLM 4790,19,16,0,4,4,2.0
VFLM 4790,20,15,1,5,3,1.875
VFLM 4790,21,19,1,5,3,2.375
VFLM 4790,22,23,1,5,3,2.875
VFLM 4790,23,17,1,7,1,2.125
VFLM 4790,24,17,1,3,5,2.125
VFLM 4790,25,27,1,5,3,3.375
VFLM 4790,26,15,1,5,3,1.875
VFLM 4790,27,27,1,3,5,3.375
VFLM 4790,28,14,0,2,6,1.75
VFLM 4790,29,16,0,4,4,2.0
VFLM 4790,30,15,1,5,3,1.875
VFLM 4791,1,25,1,3,5,3.125
VFLM 4791,2,19,1,5,3,2.375
VFLM 4791,3,23,1,5,3,2.875
VFLM 4791,4,17,1,7,1,2.125
VFLM 4791,5,17,1,3,5,2.125
VFLM 4791,6,27,1,5,3,3.375
VFLM 4791,7,15,1,5,3,1.875
VFLM 4791,8,27,1,3,5,3.375
VFLM 4791,9,14,0,2,6,1.75
VFLM 4791,10,16,0,4,4,2.0
VFLM 4791,11,25,1,3,5,3.125
VFLM 4791,12,19,1,5,3,2.375
VFLM 4791,13,23,1,5,3,2.875
VFLM 4791,14,17,1,7,1,2.125
VFLM 4791,15,17,1,3,5,2.125
VFLM 4791,16,27,1,5,3,3.375
VFLM 4791,17,15,1,5,3,1.875
VFLM 4791,18,27,1,3,5,3.375
VFLM 4791,19,14,0,2,6,1.75
VFLM 4791,20,16,0,4,4,2.0
VFLM 4791,21,15,1,5,3,1.875
VFLM 4791,22,25,1,3,5,3.125
VFLM 4791,23,19,1,5,3,2.375
VFLM 4791,24,23,1,5,3,2.875
VFLM 4791,25,17,1,7,1,2.125
VFLM 4791,26,17,1,3,5,2.125
VFLM 4791,27,27,1,5,3,3.375
VFLM 4791,28,15,1,5,3,1.875
VFLM 4791,29,27,1,3,5,3.375
VFLM 4791,30,14,0,2,6,1.75
VFLM 4792,1,15,1,5,3,1.875
VFLM 4792,2,25,1,3,5,3.125
VFLM 4792,3,19,1,5,3,2.375
VFLM 4792,4,23,1,5,3,2.875
VFLM 4792,5,17,1,7,1,2.125
VFLM 4792,6,17,1,3,5,2.125
VFLM 4792,7,27,1,5,3,3.375
VFLM 4792,8,15,1,5,3,1.875
VFLM 4792,9,27,1,3,5,3.375
VFLM 4792,10,14,0,2,6,1.75
VFLM 4792,11,15,1,5,3,1.875
VFLM 4792,12,15,1,5,3,1.875
VFLM 4792,13,25,1,3,5,3.125
VFLM 4792,14,19,1,5,3,2.375
VFLM 4792,15,23,1,5,3,2.875
VFLM 4792,16,17,1,7,1,2.125
VFLM 4792,17,17,1,3,5,2.125
VFLM 4792,18,27,1,5,3,3.375
VFLM 4792,19,15,1,5,3,1.875
VFLM 4792,20,27,1,3,5,3.375
VFLM 4792,21,15,1,5,3,1.875
VFLM 4792,22,15,1,5,3,1.875
VFLM 4792,23,22,0,2,6,2.75
VFLM 4792,24,15,1,5,3,1.875
VFLM 4792,25,15,1,5,3,1.875
VFLM 4792,26,25,1,3,5,3.125
VFLM 4792,27,19,1,5,3,2.375
VFLM 4792,28,23,1,5,3,2.875
VFLM 4792,29,17,1,7,1,2.125
VFLM 4792,30,17,1,3,5,2.125
VFLM 4793,1,27,1,5,3,3.375
VFLM 4793,2,15,1,5,3,1.875
VFLM 4793,3,22,0,2,6,2.75
VFLM 4793,4,10,0,4,4,1.25
VFLM 4793,5,22,0,2,6,2.75
VFLM 4793,6,15,1,5,3,1.875
VFLM 4793,7,15,1,5,3,1.875
VFLM 4793,8,25,1,3,5,3.125
VFLM 4793,9,19,1,5,3,2.375
VFLM 4793,10,23,1,5,3,2.875
VFLM 4793,11,17,1,7,1,2.125
VFLM 4793,12,17,1,3,5,2.125
VFLM 4793,13,27,1,5,3,3.375
VFLM 4793,14,21,1,5,3,2.625
VFLM 4793,15,10,0,4,4,1.25
VFLM 4793,16,22,0,2,6,2.75
VFLM 4793,17,15,1,5,3,1.875
VFLM 4793,18,15,1,5,3,1.875
VFLM 4793,19,25,1,3,5,3.125
VFLM 4793,20,19,1,5,3,2.375
VFLM 4793,21,23,1,5,3,2.875
VFLM 4793,22,17,1,7,1,2.125
VFLM 4793,23,17,1,3,5,2.125
VFLM 4793,24,18,0,2,6,2.25
VFLM 4793,25,21,1,5,3,2.625
VFLM 4793,26,10,0,4,4,1.25
VFLM 4793,27,22,0,2,6,2.75
VFLM 4793,28,15,1,5,3,1.875
VFLM 4793,29,15,1,5,3,1.875
VFLM 4793,30,25,1,3,5,3.125
VFLM 4794,1,19,1,5,3,2.375
VFLM 4794,2,23,1,5,3,2.875
VFLM 4794,3,17,1,7,1,2.125
VFLM 4794,4,19,1,1,7,2.375
VFLM 4794,5,18,0,2,6,2.25
VFLM 4794,6,21,1,5,3,2.625
VFLM 4794,7,10,0,4,4,1.25
VFLM 4794,8,22,0,2,6,2.75
VFLM 4794,9,15,1,5,3,1.875
VFLM 4794,10,15,1,5,3,1.875
VFLM 4794,11,25,1,3,5,3.125
VFLM 4794,12,19,1,5,3,2.375
VFLM 4794,13,23,1,5,3,2.875
VFLM 4794,14,27,1,5,3,3.375
VFLM 4794,15,19,1,1,7,2.375
VFLM 4794,16,18,0,2,6,2.25
VFLM 4794,17,21,1,5,3,2.625
VFLM 4794,18,10,0,4,4,1.25
VFLM 4794,19,22,0,2,6,2.75
VFLM 4794,20,15,1,5,3,1.875
VFLM 4794,21,15,1,5,3,1.875
VFLM 4794,22,25,1,3,5,3.125
VFLM 4794,23,19,1,5,3,2.375
VFLM 4794,24,28,0,2,6,3.5
VFLM 4794,25,27,1,5,3,3.375
VFLM 4794,26,19,1,1,7,2.375
VFLM 4794,27,18,0,2,6,2.25
VFLM 4794,28,21,1,5,3,2.625
VFLM 4794,29,10,0,4,4,1.25
VFLM 4794,30,22,0,2,6,2.75
VFLM 4795,1,15,1,5,3,1.875
VFLM 4795,2,15,1,5,3,1.875
VFLM 4795,3,25,1,3,5,3.125
VFLM 4795,4,21,1,3,5,2.625
VFLM 4795,5,28,0,2,6,3.5
VFLM 4795,6,27,1,5,3,3.375
VFLM 4795,7,19,1,1,7,2.375
VFLM 4795,8,18,0,2,6,2.25
VFLM 4795,9,21,1,5,3,2.625
VFLM 4795,10,21,1,3,5,2.625
VFLM 4795,11,28,0,2,6,3.5
VFLM 4795,12,27,1,5,3,3.375
VFLM 4795,13,19,1,1,7,2.375
VFLM 4795,14,18,0,2,6,2.25
VFLM 4795,15,21,1,5,3,2.625
VFLM 4795,16,10,0,4,4,1.25
VFLM 4795,17,22,0,2,6,2.75
VFLM 4795,18,15,1,5,3,1.875
VFLM 4795,19,15,1,5,3,1.875
VFLM 4795,20,17,1,3,5,2.125
VFLM 4795,21,21,1,3,5,2.625
VFLM 4795,22,28,0,2,6,3.5
VFLM 4795,23,27,1,5,3,3.375
VFLM 4795,24,19,1,1,7,2.375
VFLM 4795,25,18,0,2,6,2.25
VFLM 4795,26,21,1,5,3,2.625
VFLM 4795,27,10,0,4,4,1.25
VFLM 4795,28,22,0,2,6,2.75
VFLM 4795,29,15,1,5,3,1.875
VFLM 4795,30,17,1,3,5,2.125
VFLM 4796,1,21,1,3,5,2.625
VFLM 4796,2,28,0,2,6,3.5
VFLM 4796,3,27,1,5,3,3.375
VFLM 4796,4,19,1,1,7,2.375
VFLM 4796,5,18,0,2,6,2.25
VFLM 4796,6,21,1,5,3,2.625
VFLM 4796,7,10,0,4,4,1.25
VFLM 4796,8,22,0,2,6,2.75
VFLM 4796,9,15,1,5,3,1.875
VFLM 4796,10,19,1,5,3,2.375
VFLM 4796,11,17,1,3,5,2.125
VFLM 4796,12,21,1,3,5,2.625
VFLM 4796,13,28,0,2,6,3.5
VFLM 4796,14,27,1,5,3,3.375
VFLM 4796,15,19,1,1,7,2.375
VFLM 4796,16,18,0,2,6,2.25
VFLM 4796,17,21,1,5,3,2.625
VFLM 4796,18,10,0,4,4,1.25
VFLM 4796,19,22,0,2,6,2.75
VFLM 4796,20,19,1,5,3,2.375
VFLM 4796,21,17,1,3,5,2.125
VFLM 4796,22,21,1,3,5,2.625
VFLM 4796,23,28,0,2,6,3.5
VFLM 4796,24,27,1,5,3,3.375
VFLM 4796,25,19,1,1,7,2.375
VFLM 4796,26,18,0,2,6,2.25
VFLM 4796,27,21,1,5,3,2.625
VFLM 4796,28,10,0,4,4,1.25
VFLM 4796,29,22,0,2,6,2.75
VFLM 4796,30,19,1,7,1,2.375
VFLM 4797,1,19,1,5,3,2.375
VFLM 4797,2,17,1,3,5,2.125
VFLM 4797,3,21,1,3,5,2.625
VFLM 4797,4,28,0,2,6,3.5
VFLM 4797,5,27,1,5,3,3.375
VFLM 4797,6,19,1,1,7,2.375
VFLM 4797,7,18,0,2,6,2.25
VFLM 4797,8,21,1,5,3,2.625
VFLM 4797,9,10,0,4,4,1.25
VFLM 4797,10,19,1,7,1,2.375
VFLM 4797,11,19,1,5,3,2.375
VFLM 4797,12,17,1,3,5,2.125
VFLM 4797,13,21,1,3,5,2.625
VFLM 4797,14,28,0,2,6,3.5
VFLM 4797,15,27,1,5,3,3.375
VFLM 4797,16,19,1,1,7,2.375
VFLM 4797,17,18,0,2,6,2.25
VFLM 4797,18,21,1,5,3,2.625
VFLM 4797,19,10,0,4,4,1.25
VFLM 4797,20,19,1,7,1,2.375
VFLM 4797,21,19,1,5,3,2.375
VFLM 4797,22,17,1,3,5,2.125
VFLM 4797,23,21,1,3,5,2.625
VFLM 4797,24,28,0,2,6,3.5
VFLM 4797,25,27,1,5,3,3.375
VFLM 4797,26,19,1,1,7,2.375
VFLM 4797,27,18,0,2,6,2.25
VFLM 4797,28,21,1,5,3,2.625
VFLM 4797,29,10,0,4,4,1.25
VFLM 4797,30,19,1,5,3,2.375
VFLM 4798,1,19,1,7,1,2.375
VFLM 4798,2,19,1,5,3,2.375
VFLM 4798,3,17,1,3,5,2.125
VFLM 4798,4,21,1,3,5,2.625
VFLM 4798,5,28,0,2,6,3.5
VFLM 4798,6,27,1,5,3,3.375
VFLM 4798,7,19,1,1,7,2.375
VFLM 4798,8,18,0,2,6,2.25
VFLM 4798,9,21,1,5,3,2.625
VFLM 4798,10,19,1,5,3,2.375
VFLM 4798,11,19,1,7,1,2.375
VFLM 4798,12,19,1,5,3,2.375
VFLM 4798,13,17,1,3,5,2.125
VFLM 4798,14,21,1,3,5,2.625
VFLM 4798,15,28,0,2,6,3.5
VFLM 4798,16,27,1,5,3,3.375
VFLM 4798,17,19,1,1,7,2.375
VFLM 4798,18,18,0,2,6,2.25
VFLM 4798,19,21,1,5,3,2.625
VFLM 4798,20,25,1,5,3,3.125
VFLM 4798,21,19,1,5,3,2.375
VFLM 4798,22,19,1,7,1,2.375
VFLM 4798,23,19,1,5,3,2.375
VFLM 4798,24,17,1,3,5,2.125
VFLM 4798,25,21,1,3,5,2.625
VFLM 4798,26,28,0,2,6,3.5
VFLM 4798,27,27,1,5,3,3.375
VFLM 4798,28,19,1,1,7,2.375
VFLM 4798,29,18,0,2,6,2.25
VFLM 4798,30,25,1,5,3,3.125
VFLM 4799,1,19,1,5,3,2.375
VFLM 4799,2,19,1,7,1,2.375
VFLM 4799,3,19,1,5,3,2.375
VFLM 4799,4,17,1,3,5,2.125
VFLM 4799,5,21,1,3,5,2.625
VFLM 4799,6,28,0,2,6,3.5
VFLM 4799,7,27,1,5,3,3.375
VFLM 4799,8,19,1,1,7,2.375
VFLM 4799,9,18,0,2,6,2.25
VFLM 4799,10,27,1,3,5,3.375
VFLM 4799,11,25,1,5,3,3.125
VFLM 4799,12,19,1,5,3,2.375
VFLM 4799,13,19,1,7,1,2.375
VFLM 4799,14,19,1,5,3,2.375
VFLM 4799,15,17,1,3,5,2.125
VFLM 4799,16,21,1,3,5,2.625
VFLM 4799,17,28,0,2,6,3.5
VFLM 4799,18,27,1,5,3,3.375
VFLM 4799,19,19,1,1,7,2.375
VFLM 4799,20,27,1,3,5,3.375
VFLM 4799,21,25,1,5,3,3.125
VFLM 4799,22,19,1,5,3,2.375
VFLM 4799,23,19,1,7,1,2.375
VFLM 4799,24,19,1,5,3,2.375
VFLM 4799,25,17,1,3,5,2.125
VFLM 4799,26,21,1,3,5,2.625
VFLM 4799,27,28,0,2,6,3.5
VFLM 4799,28,27,1,5,3,3.375
VFLM 4799,29,19,1,1,7,2.375
VFLM 4799,30,16,0,4,4,2.0
VFLM 4800,1,27,1,3,5,3.375
VFLM 4800,2,25,1,5,3,3.125
VFLM 4800,3,19,1,5,3,2.375
VFLM 4800,4,19,1,7,1,2.375
VFLM 4800,5,19,1,5,3,2.375
VFLM 4800,6,17,1,3,5,2.125
VFLM 4800,7,21,1,3,5,2.625
VFLM 4800,8,28,0,2,6,3.5
VFLM 4800,9,27,1,5,3,3.375
VFLM 4800,10,16,0,4,4,2.0
VFLM 4800,11,27,1,3,5,3.375
VFLM 4800,12,25,1,5,3,3.125
VFLM 4800,13,19,1,5,3,2.375
VFLM 4800,14,19,1,7,1,2.375
VFLM 4800,15,19,1,5,3,2.375
VFLM 4800,16,17,1,3,5,2.125
VFLM 4800,17,21,1,3,5,2.625
VFLM 4800,18,28,0,2,6,3.5
VFLM 4800,19,27,1,5,3,3.375
VFLM 4800,20,17,1,1,7,2.125
VFLM 4800,21,16,0,4,4,2.0
VFLM 4800,22,27,1,3,5,3.375
VFLM 4800,23,25,1,5,3,3.125
VFLM 4800,24,19,1,5,3,2.375
VFLM 4800,25,19,1,7,1,2.375
VFLM 4800,26,19,1,5,3,2.375
VFLM 4800,27,17,1,3,5,2.125
VFLM 4800,28,21,1,3,5,2.625
VFLM 4800,29,28,0,2,6,3.5
VFLM 4800,30,17,1,1,7,2.125
VFLM 4801,1,16,0,4,4,2.0
VFLM 4801,2,27,1,3,5,3.375
VFLM 4801,3,25,1,5,3,3.125
VFLM 4801,4,19,1,5,3,2.375
VFLM 4801,5,19,1,7,1,2.375
VFLM 4801,6,19,1,5,3,2.375
VFLM 4801,7,17,1,3,5,2.125
VFLM 4801,8,21,1,3,5,2.625
VFLM 4801,9,28,0,2,6,3.5
VFLM 4801,10,11,1,3,5,1.375
VFLM 4801,11,17,1,1,7,2.125
VFLM 4801,12,16,0,4,4,2.0
VFLM 4801,13,27,1,3,5,3.375
VFLM 4801,14,25,1,5,3,3.125
VFLM 4801,15,19,1,5,3,2.375
VFLM 4801,16,19,1,7,1,2.375
VFLM 4801,17,19,1,5,3,2.375
VFLM 4801,18,17,1,3,5,2.125
VFLM 4801,19,21,1,3,5,2.625
VFLM 4801,20,11,1,3,5,1.375
VFLM 4801,21,17,1,1,7,2.125
VFLM 4801,22,16,0,4,4,2.0
VFLM 4801,23,27,1,3,5,3.375
VFLM 4801,24,25,1,5,3,3.125
VFLM 4801,25,19,1,5,3,2.375
VFLM 4801,26,19,1,7,1,2.375
VFLM 4801,27,19,1,5,3,2.375
VFLM 4801,28,17,1,3,5,2.125
VFLM 4801,29,21,1,3,5,2.625
VFLM 4801,30,15,1,5,3,1.875
VFLM 4802,1,11,1,3,5,1.375
VFLM 4802,2,17,1,1,7,2.125
VFLM 4802,3,16,0,4,4,2.0
VFLM 4802,4,27,1,3,5,3.375
VFLM 4802,5,25,1,5,3,3.125
VFLM 4802,6,15,1,5,3,1.875
VFLM 4802,7,11,1,3,5,1.375
VFLM 4802,8,17,1,1,7,2.125
VFLM 4802,9,16,0,4,4,2.0
VFLM 4802,10,27,1,3,5,3.375
VFLM 4802,11,25,1,5,3,3.125
VFLM 4802,12,19,1,5,3,2.375
VFLM 4802,13,19,1,7,1,2.375
VFLM 4802,14,19,1,5,3,2.375
VFLM 4802,15,17,1,3,5,2.125
VFLM 4802,16,20,0,2,6,2.5
VFLM 4802,17,15,1,5,3,1.875
VFLM 4802,18,11,1,3,5,1.375
VFLM 4802,19,17,1,1,7,2.125
VFLM 4802,20,20,0,2,6,2.5
VFLM 4802,21,15,1,5,3,1.875
VFLM 4802,22,11,1,3,5,1.375
VFLM 4802,23,17,1,1,7,2.125
VFLM 4802,24,16,0,4,4,2.0
VFLM 4802,25,27,1,3,5,3.375
VFLM 4802,26,25,1,5,3,3.125
VFLM 4802,27,19,1,5,3,2.375
VFLM 4802,28,19,1,7,1,2.375
VFLM 4802,29,19,1,5,3,2.375
VFLM 4802,30,18,0,6,2,2.25
VFLM 4803,1,20,0,2,6,2.5
VFLM 4803,2,15,1,5,3,1.875
VFLM 4803,3,18,0,6,2,2.25
VFLM 4803,4,20,0,2,6,2.5
VFLM 4803,5,15,1,5,3,1.875
VFLM 4803,6,11,1,3,5,1.375
VFLM 4803,7,17,1,1,7,2.125
VFLM 4803,8,16,0,4,4,2.0
VFLM 4803,9,27,1,3,5,3.375
VFLM 4803,10,25,1,5,3,3.125
VFLM 4803,11,19,1,5,3,2.375
VFLM 4803,12,19,1,7,1,2.375
VFLM 4803,13,20,0,2,6,2.5
VFLM 4803,14,18,0,6,2,2.25
VFLM 4803,15,20,0,2,6,2.5
VFLM 4803,16,15,1,5,3,1.875
VFLM 4803,17,20,0,2,6,2.5
VFLM 4803,18,18,0,6,2,2.25
VFLM 4803,19,20,0,2,6,2.5
VFLM 4803,20,15,1,5,3,1.875
VFLM 4803,21,11,1,3,5,1.375
VFLM 4803,22,17,1,1,7,2.125
VFLM 4803,23,16,0,4,4,2.0
VFLM 4803,24,27,1,3,5,3.375
VFLM 4803,25,25,1,5,3,3.125
VFLM 4803,26,19,1,5,3,2.375
VFLM 4803,27,18,0,4,4,2.25
VFLM 4803,28,20,0,2,6,2.5
VFLM 4803,29,18,0,6,2,2.25
VFLM 4803,30,23,1,3,5,2.875
VFLM 4804,1,18,0,4,4,2.25
VFLM 4804,2,20,0,2,6,2.5
VFLM 4804,3,18,0,6,2,2.25
VFLM 4804,4,20,0,2,6,2.5
VFLM 4804,5,15,1,5,3,1.875
VFLM 4804,6,11,1,3,5,1.375
VFLM 4804,7,17,1,1,7,2.125
VFLM 4804,8,16,0,4,4,2.0
VFLM 4804,9,27,1,3,5,3.375
VFLM 4804,10,20,0,2,6,2.5
VFLM 4804,11,23,1,3,5,2.875
VFLM 4804,12,18,0,4,4,2.25
VFLM 4804,13,20,0,2,6,2.5
VFLM 4804,14,18,0,6,2,2.25
VFLM 4804,15,20,0,2,6,2.5
VFLM 4804,16,15,1,5,3,1.875
VFLM 4804,17,11,1,3,5,1.375
VFLM 4804,18,17,1,1,7,2.125
VFLM 4804,19,16,0,4,4,2.0
VFLM 4804,20,20,0,2,6,2.5
VFLM 4804,21,23,1,3,5,2.875
VFLM 4804,22,18,0,4,4,2.25
VFLM 4804,23,20,0,2,6,2.5
VFLM 4804,24,18,0,6,2,2.25
VFLM 4804,25,20,0,2,6,2.5
VFLM 4804,26,15,1,5,3,1.875
VFLM 4804,27,11,1,3,5,1.375
VFLM 4804,28,17,1,1,7,2.125
VFLM 4804,29,16,0,4,4,2.0
VFLM 4804,30,16,0,2,6,2.0
VFLM 4805,1,20,0,2,6,2.5
VFLM 4805,2,23,1,3,5,2.875
VFLM 4805,3,18,0,4,4,2.25
VFLM 4805,4,20,0,2,6,2.5
VFLM 4805,5,18,0,6,2,2.25
VFLM 4805,6,20,0,2,6,2.5
VFLM 4805,7,15,1,5,3,1.875
VFLM 4805,8,11,1,3,5,1.375
VFLM 4805,9,17,1,1,7,2.125
VFLM 4805,10,25,1,3,5,3.125
VFLM 4805,11,16,0,2,6,2.0
VFLM 4805,12,20,0,2,6,2.5
VFLM 4805,13,23,1,3,5,2.875
VFLM 4805,14,18,0,4,4,2.25
VFLM 4805,15,20,0,2,6,2.5
VFLM 4805,16,18,0,6,2,2.25
VFLM 4805,17,20,0,2,6,2.5
VFLM 4805,18,15,1,5,3,1.875
VFLM 4805,19,11,1,3,5,1.375
VFLM 4805,20,21,1,5,3,2.625
VFLM 4805,21,25,1,3,5,3.125
VFLM 4805,22,16,0,2,6,2.0
VFLM 4805,23,20,0,2,6,2.5
VFLM 4805,24,23,1,3,5,2.875
VFLM 4805,25,18,0,4,4,2.25
VFLM 4805,26,20,0,2,6,2.5
VFLM 4805,27,18,0,6,2,2.25
VFLM 4805,28,20,0,2,6,2.5
VFLM 4805,29,15,1,5,3,1.875
VFLM 4805,30,33,1,7,1,4.125
VFLM 4806,1,21,1,5,3,2.625
VFLM 4806,2,25,1,3,5,3.125
VFLM 4806,3,16,0,2,6,2.0
VFLM 4806,4,20,0,2,6,2.5
VFLM 4806,5,23,1,3,5,2.875
VFLM 4806,6,33,1,7,1,4.125
VFLM 4806,7,21,1,5,3,2.625
VFLM 4806,8,25,1,3,5,3.125
VFLM 4806,9,16,0,2,6,2.0
VFLM 4806,10,20,0,2,6,2.5
VFLM 4806,11,23,1,3,5,2.875
VFLM 4806,12,18,0,4,4,2.25
VFLM 4806,13,20,0,2,6,2.5
VFLM 4806,14,18,0,6,2,2.25
VFLM 4806,15,20,0,2,6,2.5
VFLM 4806,16,17,1,5,3,2.125
VFLM 4806,17,33,1,7,1,4.125
VFLM 4806,18,21,1,5,3,2.625
VFLM 4806,19,25,1,3,5,3.125
VFLM 4806,20,16,0,2,6,2.0
VFLM 4806,21,20,0,2,6,2.5
VFLM 4806,22,23,1,3,5,2.875
VFLM 4806,23,18,0,4,4,2.25
VFLM 4806,24,17,1,5,3,2.125
VFLM 4806,25,33,1,7,1,4.125
VFLM 4806,26,21,1,5,3,2.625
VFLM 4806,27,25,1,3,5,3.125
VFLM 4806,28,16,0,2,6,2.0
VFLM 4806,29,20,0,2,6,2.5
VFLM 4806,30,23,1,3,5,2.875
VFLM 4807,1,18,0,4,4,2.25
VFLM 4807,2,20,0,2,6,2.5
VFLM 4807,3,18,0,6,2,2.25
VFLM 4807,4,23,1,3,5,2.875
VFLM 4807,5,17,1,5,3,2.125
VFLM 4807,6,33,1,7,1,4.125
VFLM 4807,7,21,1,5,3,2.625
VFLM 4807,8,25,1,3,5,3.125
VFLM 4807,9,16,0,2,6,2.0
VFLM 4807,10,20,0,2,6,2.5
VFLM 4807,11,23,1,3,5,2.875
VFLM 4807,12,18,0,4,4,2.25
VFLM 4807,13,20,0,2,6,2.5
VFLM 4807,14,23,1,3,5,2.875
VFLM 4807,15,17,1,5,3,2.125
VFLM 4807,16,33,1,7,1,4.125
VFLM 4807,17,21,1,5,3,2.625
VFLM 4807,18,25,1,3,5,3.125
VFLM 4807,19,16,0,2,6,2.0
VFLM 4807,20,20,0,2,6,2.5
VFLM 4807,21,23,1,3,5,2.875
VFLM 4807,22,18,0,4,4,2.25
VFLM 4807,23,20,0,2,6,2.5
VFLM 4807,24,13,1,5,3,1.625
VFLM 4807,25,23,1,3,5,2.875
VFLM 4807,26,17,1,5,3,2.125
VFLM 4807,27,33,1,7,1,4.125
VFLM 4807,28,21,1,5,3,2.625
VFLM 4807,29,25,1,3,5,3.125
VFLM 4807,30,16,0,2,6,2.0
VFLM 4808,1,20,0,2,6,2.5
VFLM 4808,2,23,1,3,5,2.875
VFLM 4808,3,18,0,4,4,2.25
VFLM 4808,4,13,1,5,3,1.625
VFLM 4808,5,23,1,3,5,2.875
VFLM 4808,6,17,1,5,3,2.125
VFLM 4808,7,33,1,7,1,4.125
VFLM 4808,8,21,1,5,3,2.625
VFLM 4808,9,25,1,3,5,3.125
VFLM 4808,10,16,0,2,6,2.0
VFLM 4808,11,20,0,2,6,2.5
VFLM 4808,12,23,1,3,5,2.875
VFLM 4808,13,18,0,4,4,2.25
VFLM 4808,14,13,1,5,3,1.625
VFLM 4808,15,23,1,3,5,2.875
VFLM 4808,16,17,1,5,3,2.125
VFLM 4808,17,33,1,7,1,4.125
VFLM 4808,18,21,1,5,3,2.625
VFLM 4808,19,25,1,3,5,3.125
VFLM 4808,20,16,0,2,6,2.0
VFLM 4808,21,20,0,2,6,2.5
VFLM 4808,22,23,1,3,5,2.875
VFLM 4808,23,18,0,4,4,2.25
VFLM 4808,24,22,0,6,2,2.75
VFLM 4808,25,13,1,5,3,1.625
VFLM 4808,26,23,1,3,5,2.875
VFLM 4808,27,17,1,5,3,2.125
VFLM 4808,28,33,1,7,1,4.125
VFLM 4808,29,21,1,5,3,2.625
VFLM 4808,30,25,1,3,5,3.125
VFLM 4809,1,16,0,2,6,2.0
VFLM 4809,2,20,0,2,6,2.5
VFLM 4809,3,23,1,3,5,2.875
VFLM 4809,4,21,1,5,3,2.625
VFLM 4809,5,22,0,6,2,2.75
VFLM 4809,6,13,1,5,3,1.625
VFLM 4809,7,23,1,3,5,2.875
VFLM 4809,8,17,1,5,3,2.125
VFLM 4809,9,33,1,7,1,4.125
VFLM 4809,10,21,1,5,3,2.625
VFLM 4809,11,25,1,3,5,3.125
VFLM 4809,12,16,0,2,6,2.0
VFLM 4809,13,20,0,2,6,2.5
VFLM 4809,14,21,1,5,3,2.625
VFLM 4809,15,22,0,6,2,2.75
VFLM 4809,16,13,1,5,3,1.625
VFLM 4809,17,23,1,3,5,2.875
VFLM 4809,18,17,1,5,3,2.125
VFLM 4809,19,33,1,7,1,4.125
VFLM 4809,20,21,1,5,3,2.625
VFLM 4809,21,25,1,3,5,3.125
VFLM 4809,22,16,0,2,6,2.0
VFLM 4809,23,20,0,2,6,2.5
VFLM 4809,24,10,0,0,8,1.25
VFLM 4809,25,21,1,5,3,2.625
VFLM 4809,26,22,0,6,2,2.75
VFLM 4809,27,13,1,5,3,1.625
VFLM 4809,28,23,1,3,5,2.875
VFLM 4809,29,17,1,5,3,2.125
VFLM 4809,30,33,1,7,1,4.125
VFLM 4810,1,21,1,5,3,2.625
VFLM 4810,2,25,1,3,5,3.125
VFLM 4810,3,16,0,2,6,2.0
VFLM 4810,4,10,0,0,8,1.25
VFLM 4810,5,21,1,5,3,2.625
VFLM 4810,6,22,0,6,2,2.75
VFLM 4810,7,13,1,5,3,1.625
VFLM 4810,8,23,1,3,5,2.875
VFLM 4810,9,17,1,5,3,2.125
VFLM 4810,10,33,1,7,1,4.125
VFLM 4810,11,21,1,5,3,2.625
VFLM 4810,12,25,1,3,5,3.125
VFLM 4810,13,16,0,2,6,2.0
VFLM 4810,14,20,0,6,2,2.5
VFLM 4810,15,10,0,0,8,1.25
VFLM 4810,16,21,1,5,3,2.625
VFLM 4810,17,22,0,6,2,2.75
VFLM 4810,18,13,1,5,3,1.625
VFLM 4810,19,23,1,3,5,2.875
VFLM 4810,20,17,1,5,3,2.125
VFLM 4810,21,33,1,7,1,4.125
VFLM 4810,22,21,1,5,3,2.625
VFLM 4810,23,25,1,3,5,3.125
VFLM 4810,24,20,0,6,2,2.5
VFLM 4810,25,10,0,0,8,1.25
VFLM 4810,26,21,1,5,3,2.625
VFLM 4810,27,22,0,6,2,2.75
VFLM 4810,28,13,1,5,3,1.625
VFLM 4810,29,23,1,3,5,2.875
VFLM 4810,30,17,1,5,3,2.125
VFLM 4811,1,33,1,7,1,4.125
VFLM 4811,2,21,1,5,3,2.625
VFLM 4811,3,25,1,3,5,3.125
VFLM 4811,4,18,0,4,4,2.25
VFLM 4811,5,20,0,6,2,2.5
VFLM 4811,6,10,0,0,8,1.25
VFLM 4811,7,21,1,5,3,2.625
VFLM 4811,8,22,0,6,2,2.75
VFLM 4811,9,13,1,5,3,1.625
VFLM 4811,10,23,1,3,5,2.875
VFLM 4811,11,17,1,5,3,2.125
VFLM 4811,12,33,1,7,1,4.125
VFLM 4811,13,21,1,5,3,2.625
VFLM 4811,14,18,0,4,4,2.25
VFLM 4811,15,20,0,6,2,2.5
VFLM 4811,16,10,0,0,8,1.25
VFLM 4811,17,21,1,5,3,2.625
VFLM 4811,18,22,0,6,2,2.75
VFLM 4811,19,13,1,5,3,1.625
VFLM 4811,20,23,1,3,5,2.875
VFLM 4811,21,17,1,5,3,2.125
VFLM 4811,22,33,1,7,1,4.125
VFLM 4811,23,21,1,5,3,2.625
VFLM 4811,24,15,1,5,3,1.875
VFLM 4811,25,18,0,4,4,2.25
VFLM 4811,26,20,0,6,2,2.5
VFLM 4811,27,10,0,0,8,1.25
VFLM 4811,28,21,1,5,3,2.625
VFLM 4811,29,22,0,6,2,2.75
VFLM 4811,30,13,1,5,3,1.625
VFLM 4812,1,23,1,3,5,2.875
VFLM 4812,2,17,1,5,3,2.125
VFLM 4812,3,33,1,7,1,4.125
VFLM 4812,4,15,1,5,3,1.875
VFLM 4812,5,18,0,4,4,2.25
VFLM 4812,6,20,0,6,2,2.5
VFLM 4812,7,10,0,0,8,1.25
VFLM 4812,8,21,1,5,3,2.625
VFLM 4812,9,22,0,6,2,2.75
VFLM 4812,10,19,1,3,5,2.375
VFLM 4812,11,15,1,5,3,1.875
VFLM 4812,12,18,0,4,4,2.25
VFLM 4812,13,20,0,6,2,2.5
VFLM 4812,14,10,0,0,8,1.25
VFLM 4812,15,21,1,5,3,2.625
VFLM 4812,16,22,0,6,2,2.75
VFLM 4812,17,13,1,5,3,1.625
VFLM 4812,18,23,1,3,5,2.875
VFLM 4812,19,17,1,5,3,2.125
VFLM 4812,20,19,1,3,5,2.375
VFLM 4812,21,15,1,5,3,1.875
VFLM 4812,22,18,0,4,4,2.25
VFLM 4812,23,19,1,3,5,2.375
VFLM 4812,24,15,1,5,3,1.875
VFLM 4812,25,18,0,4,4,2.25
VFLM 4812,26,20,0,6,2,2.5
VFLM 4812,27,10,0,0,8,1.25
VFLM 4812,28,21,1,5,3,2.625
VFLM 4812,29,22,0,6,2,2.75
VFLM 4812,30,13,1,5,3,1.625
VFLM 4813,1,23,1,3,5,2.875
VFLM 4813,2,22,0,2,6,2.75
VFLM 4813,3,18,0,4,4,2.25
VFLM 4813,4,19,1,3,5,2.375
VFLM 4813,5,15,1,5,3,1.875
VFLM 4813,6,18,0,4,4,2.25
VFLM 4813,7,20,0,6,2,2.5
VFLM 4813,8,10,0,0,8,1.25
VFLM 4813,9,21,1,5,3,2.625
VFLM 4813,10,22,0,6,2,2.75
VFLM 4813,11,13,1,5,3,1.625
VFLM 4813,12,21,1,1,7,2.625
VFLM 4813,13,22,0,2,6,2.75
VFLM 4813,14,18,0,4,4,2.25
VFLM 4813,15,19,1,3,5,2.375
VFLM 4813,16,15,1,5,3,1.875
VFLM 4813,17,18,0,4,4,2.25
VFLM 4813,18,20,0,6,2,2.5
VFLM 4813,19,10,0,0,8,1.25
VFLM 4813,20,21,1,5,3,2.625
VFLM 4813,21,22,0,6,2,2.75
VFLM 4813,22,17,1,7,1,2.125
VFLM 4813,23,21,1,1,7,2.625
VFLM 4813,24,22,0,2,6,2.75
VFLM 4813,25,18,0,4,4,2.25
VFLM 4813,26,19,1,3,5,2.375
VFLM 4813,27,15,1,5,3,1.875
VFLM 4813,28,18,0,4,4,2.25
VFLM 4813,29,20,0,6,2,2.5
VFLM 4813,30,10,0,0,8,1.25
VFLM 4814,1,21,1,5,3,2.625
VFLM 4814,2,17,1,7,1,2.125
VFLM 4814,3,21,1,1,7,2.625
VFLM 4814,4,17,1,5,3,2.125
VFLM 4814,5,17,1,7,1,2.125
VFLM 4814,6,21,1,1,7,2.625
VFLM 4814,7,22,0,2,6,2.75
VFLM 4814,8,18,0,4,4,2.25
VFLM 4814,9,19,1,3,5,2.375
VFLM 4814,10,15,1,5,3,1.875
VFLM 4814,11,18,0,4,4,2.25
VFLM 4814,12,20,0,6,2,2.5
VFLM 4814,13,10,0,0,8,1.25
VFLM 4814,14,17,1,5,3,2.125
VFLM 4814,15,17,1,7,1,2.125
VFLM 4814,16,21,1,1,7,2.625
VFLM 4814,17,22,0,2,6,2.75
VFLM 4814,18,18,0,4,4,2.25
VFLM 4814,19,19,1,3,5,2.375
VFLM 4814,20,15,1,5,3,1.875
VFLM 4814,21,25,1,5,3,3.125
VFLM 4814,22,17,1,5,3,2.125
VFLM 4814,23,17,1,7,1,2.125
VFLM 4814,24,21,1,1,7,2.625
VFLM 4814,25,22,0,2,6,2.75
VFLM 4814,26,18,0,4,4,2.25
VFLM 4814,27,19,1,3,5,2.375
VFLM 4814,28,15,1,5,3,1.875
VFLM 4814,29,18,0,4,4,2.25
VFLM 4814,30,20,0,6,2,2.5
VFLM 4815,1,25,1,5,3,3.125
VFLM 4815,2,17,1,5,3,2.125
VFLM 4815,3,17,1,7,1,2.125
VFLM 4815,4,21,1,1,7,2.625
VFLM 4815,5,22,0,2,6,2.75
VFLM 4815,6,18,0,4,4,2.25
VFLM 4815,7,19,1,3,5,2.375
VFLM 4815,8,15,1,5,3,1.875
VFLM 4815,9,18,0,4,4,2.25
VFLM 4815,10,20,0,6,2,2.5
VFLM 4815,11,20,0,2,6,2.5
VFLM 4815,12,25,1,5,3,3.125
VFLM 4815,13,17,1,5,3,2.125
VFLM 4815,14,17,1,7,1,2.125
VFLM 4815,15,21,1,1,7,2.625
VFLM 4815,16,22,0,2,6,2.75
VFLM 4815,17,18,0,4,4,2.25
VFLM 4815,18,19,1,3,5,2.375
VFLM 4815,19,15,1,5,3,1.875
VFLM 4815,20,18,0,4,4,2.25
VFLM 4815,21,20,0,2,6,2.5
VFLM 4815,22,25,1,5,3,3.125
VFLM 4815,23,17,1,5,3,2.125
VFLM 4815,24,17,1,7,1,2.125
VFLM 4815,25,21,1,1,7,2.625
VFLM 4815,26,22,0,2,6,2.75
VFLM 4815,27,18,0,4,4,2.25
VFLM 4815,28,19,1,3,5,2.375
VFLM 4815,29,15,1,5,3,1.875
VFLM 4815,30,18,0,4,4,2.25
VFLM 4816,1,26,0,4,4,3.25
VFLM 4816,2,20,0,2,6,2.5
VFLM 4816,3,25,1,5,3,3.125
VFLM 4816,4,17,1,5,3,2.125
VFLM 4816,5,17,1,7,1,2.125
VFLM 4816,6,21,1,1,7,2.625
VFLM 4816,7,22,0,2,6,2.75
VFLM 4816,8,18,0,4,4,2.25
VFLM 4816,9,19,1,3,5,2.375
VFLM 4816,10,15,1,5,3,1.875
VFLM 4816,11,26,0,4,4,3.25
VFLM 4816,12,20,0,2,6,2.5
VFLM 4816,13,25,1,5,3,3.125
VFLM 4816,14,17,1,5,3,2.125
VFLM 4816,15,17,1,7,1,2.125
VFLM 4816,16,21,1,1,7,2.625
VFLM 4816,17,22,0,2,6,2.75
VFLM 4816,18,18,0,4,4,2.25
VFLM 4816,19,19,1,3,5,2.375
VFLM 4816,20,15,1,5,3,1.875
VFLM 4816,21,26,0,4,4,3.25
VFLM 4816,22,20,0,2,6,2.5
VFLM 4816,23,25,1,5,3,3.125
VFLM 4816,24,17,1,5,3,2.125
VFLM 4816,25,17,1,7,1,2.125
VFLM 4816,26,21,1,1,7,2.625
VFLM 4816,27,22,0,2,6,2.75
VFLM 4816,28,18,0,4,4,2.25
VFLM 4816,29,19,1,3,5,2.375
VFLM 4816,30,15,1,5,3,1.875
VFLM 4817,1,17,1,5,3,2.125
VFLM 4817,2,26,0,4,4,3.25
VFLM 4817,3,20,0,2,6,2.5
VFLM 4817,4,25,1,5,3,3.125
VFLM 4817,5,17,1,5,3,2.125
VFLM 4817,6,17,1,7,1,2.125
VFLM 4817,7,21,1,1,7,2.625
VFLM 4817,8,22,0,2,6,2.75
VFLM 4817,9,18,0,4,4,2.25
VFLM 4817,10,19,1,3,5,2.375
VFLM 4817,11,17,1,5,3,2.125
VFLM 4817,12,26,0,4,4,3.25
VFLM 4817,13,20,0,2,6,2.5
VFLM 4817,14,25,1,5,3,3.125
VFLM 4817,15,17,1,5,3,2.125
VFLM 4817,16,17,1,7,1,2.125
VFLM 4817,17,21,1,1,7,2.625
VFLM 4817,18,22,0,2,6,2.75
VFLM 4817,19,18,0,4,4,2.25
VFLM 4817,20,19,1,3,5,2.375
VFLM 4817,21,17,1,3,5,2.125
VFLM 4817,22,17,1,5,3,2.125
VFLM 4817,23,26,0,4,4,3.25
VFLM 4817,24,20,0,2,6,2.5
VFLM 4817,25,25,1,5,3,3.125
VFLM 4817,26,17,1,5,3,2.125
VFLM 4817,27,17,1,7,1,2.125
VFLM 4817,28,21,1,1,7,2.625
VFLM 4817,29,22,0,2,6,2.75
VFLM 4817,30,18,0,4,4,2.25
VFLM 4818,1,26,0,4,4,3.25
VFLM 4818,2,17,1,3,5,2.125
VFLM 4818,3,17,1,5,3,2.125
VFLM 4818,4,26,0,4,4,3.25
VFLM 4818,5,20,0,2,6,2.5
VFLM 4818,6,25,1,5,3,3.125
VFLM 4818,7,17,1,5,3,2.125
VFLM 4818,8,17,1,7,1,2.125
VFLM 4818,9,21,1,1,7,2.625
VFLM 4818,10,22,0,2,6,2.75
VFLM 4818,11,26,0,4,4,3.25
VFLM 4818,12,17,1,3,5,2.125
VFLM 4818,13,17,1,5,3,2.125
VFLM 4818,14,26,0,4,4,3.25
VFLM 4818,15,20,0,2,6,2.5
VFLM 4818,16,25,1,5,3,3.125
VFLM 4818,17,17,1,5,3,2.125
VFLM 4818,18,17,1,7,1,2.125
VFLM 4818,19,21,1,1,7,2.625
VFLM 4818,20,22,0,2,6,2.75
VFLM 4818,21,19,1,5,3,2.375
VFLM 4818,22,26,0,4,4,3.25
VFLM 4818,23,17,1,3,5,2.125
VFLM 4818,24,17,1,5,3,2.125
VFLM 4818,25,26,0,4,4,3.25
VFLM 4818,26,20,0,2,6,2.5
VFLM 4818,27,25,1,5,3,3.125
VFLM 4818,28,17,1,5,3,2.125
VFLM 4818,29,17,1,7,1,2.125
VFLM 4818,30,21,1,1,7,2.625
VFLM 4819,1,19,1,5,3,2.375
VFLM 4819,2,26,0,4,4,3.25
VFLM 4819,3,17,1,3,5,2.125
VFLM 4819,4,17,1,5,3,2.125
VFLM 4819,5,26,0,4,4,3.25
VFLM 4819,6,20,0,2,6,2.5
VFLM 4819,7,25,1,5,3,3.125
VFLM 4819,8,17,1,5,3,2.125
VFLM 4819,9,17,1,7,1,2.125
VFLM 4819,10,21,1,1,7,2.625
VFLM 4819,11,21,1,3,5,2.625
VFLM 4819,12,19,1,5,3,2.375
VFLM 4819,13,26,0,4,4,3.25
VFLM 4819,14,17,1,3,5,2.125
VFLM 4819,15,17,1,5,3,2.125
VFLM 4819,16,26,0,4,4,3.25
VFLM 4819,17,20,0,2,6,2.5
VFLM 4819,18,25,1,5,3,3.125
VFLM 4819,19,17,1,5,3,2.125
VFLM 4819,20,17,1,7,1,2.125
VFLM 4819,21,21,1,3,5,2.625
VFLM 4819,22,19,1,5,3,2.375
VFLM 4819,23,26,0,4,4,3.25
VFLM 4819,24,17,1,3,5,2.125
VFLM 4819,25,17,1,5,3,2.125
VFLM 4819,26,26,0,4,4,3.25
VFLM 4819,27,20,0,2,6,2.5
VFLM 4819,28,25,1,5,3,3.125
VFLM 4819,29,17,1,5,3,2.125
VFLM 4819,30,17,1,7,1,2.125
VFLM 4820,1,16,0,2,6,2.0
VFLM 4820,2,21,1,3,5,2.625
VFLM 4820,3,19,1,5,3,2.375
VFLM 4820,4,26,0,4,4,3.25
VFLM 4820,5,17,1,3,5,2.125
VFLM 4820,6,17,1,5,3,2.125
VFLM 4820,7,26,0,4,4,3.25
VFLM 4820,8,20,0,2,6,2.5
VFLM 4820,9,25,1,5,3,3.125
VFLM 4820,10,17,1,5,3,2.125
VFLM 4820,11,16,0,2,6,2.0
VFLM 4820,12,21,1,3,5,2.625
VFLM 4820,13,19,1,5,3,2.375
VFLM 4820,14,26,0,4,4,3.25
VFLM 4820,15,17,1,3,5,2.125
VFLM 4820,16,17,1,5,3,2.125
VFLM 4820,17,26,0,4,4,3.25
VFLM 4820,18,20,0,2,6,2.5
VFLM 4820,19,25,1,5,3,3.125
VFLM 4820,20,17,1,5,3,2.125
VFLM 4820,21,22,0,4,4,2.75
VFLM 4820,22,16,0,2,6,2.0
VFLM 4820,23,21,1,3,5,2.625
VFLM 4820,24,19,1,5,3,2.375
VFLM 4820,25,26,0,4,4,3.25
VFLM 4820,26,22,0,4,4,2.75
VFLM 4820,27,16,0,2,6,2.0
VFLM 4820,28,21,1,3,5,2.625
VFLM 4820,29,19,1,5,3,2.375
VFLM 4820,30,26,0,4,4,3.25
VFLM 4821,1,17,1,3,5,2.125
VFLM 4821,2,17,1,5,3,2.125
VFLM 4821,3,26,0,4,4,3.25
VFLM 4821,4,20,0,2,6,2.5
VFLM 4821,5,25,1,5,3,3.125
VFLM 4821,6,14,0,2,6,1.75
VFLM 4821,7,22,0,4,4,2.75
VFLM 4821,8,14,0,2,6,1.75
VFLM 4821,9,22,0,4,4,2.75
VFLM 4821,10,16,0,2,6,2.0
VFLM 4821,11,21,1,3,5,2.625
VFLM 4821,12,19,1,5,3,2.375
VFLM 4821,13,26,0,4,4,3.25
VFLM 4821,14,17,1,3,5,2.125
VFLM 4821,15,17,1,5,3,2.125
VFLM 4821,16,26,0,4,4,3.25
VFLM 4821,17,20,0,2,6,2.5
VFLM 4821,18,19,1,3,5,2.375
VFLM 4821,19,14,0,2,6,1.75
VFLM 4821,20,22,0,4,4,2.75
VFLM 4821,21,16,0,2,6,2.0
VFLM 4821,22,21,1,3,5,2.625
VFLM 4821,23,19,1,5,3,2.375
VFLM 4821,24,26,0,4,4,3.25
VFLM 4821,25,17,1,3,5,2.125
VFLM 4821,26,17,1,5,3,2.125
VFLM 4821,27,26,0,4,4,3.25
VFLM 4821,28,17,1,3,5,2.125
VFLM 4821,29,19,1,3,5,2.375
VFLM 4821,30,14,0,2,6,1.75
VFLM 4822,1,22,0,4,4,2.75
VFLM 4822,2,16,0,2,6,2.0
VFLM 4822,3,21,1,3,5,2.625
VFLM 4822,4,19,1,5,3,2.375
VFLM 4822,5,26,0,4,4,3.25
VFLM 4822,6,17,1,3,5,2.125
VFLM 4822,7,17,1,5,3,2.125
VFLM 4822,8,20,0,4,4,2.5
VFLM 4822,9,17,1,3,5,2.125
VFLM 4822,10,19,1,3,5,2.375
VFLM 4822,11,14,0,2,6,1.75
VFLM 4822,12,22,0,4,4,2.75
VFLM 4822,13,16,0,2,6,2.0
VFLM 4822,14,21,1,3,5,2.625
VFLM 4822,15,19,1,5,3,2.375
VFLM 4822,16,26,0,4,4,3.25
VFLM 4822,17,17,1,3,5,2.125
VFLM 4822,18,20,0,4,4,2.5
VFLM 4822,19,17,1,3,5,2.125
VFLM 4822,20,19,1,3,5,2.375
VFLM 4822,21,14,0,2,6,1.75
VFLM 4822,22,22,0,4,4,2.75
VFLM 4822,23,16,0,2,6,2.0
VFLM 4822,24,24,0,6,2,3.0
VFLM 4822,25,20,0,4,4,2.5
VFLM 4822,26,17,1,3,5,2.125
VFLM 4822,27,19,1,3,5,2.375
VFLM 4822,28,14,0,2,6,1.75
VFLM 4822,29,22,0,4,4,2.75
VFLM 4822,30,16,0,2,6,2.0
VFLM 4823,1,21,1,3,5,2.625
VFLM 4823,2,19,1,5,3,2.375
VFLM 4823,3,26,0,4,4,3.25
VFLM 4823,4,24,0,6,2,3.0
VFLM 4823,5,20,0,4,4,2.5
VFLM 4823,6,17,1,3,5,2.125
VFLM 4823,7,19,1,3,5,2.375
VFLM 4823,8,14,0,2,6,1.75
VFLM 4823,9,22,0,4,4,2.75
VFLM 4823,10,16,0,2,6,2.0
VFLM 4823,11,21,1,3,5,2.625
VFLM 4823,12,19,1,5,3,2.375
VFLM 4823,13,26,0,4,4,3.25
VFLM 4823,14,22,0,2,6,2.75
VFLM 4823,15,24,0,6,2,3.0
VFLM 4823,16,20,0,4,4,2.5
VFLM 4823,17,17,1,3,5,2.125
VFLM 4823,18,19,1,3,5,2.375
VFLM 4823,19,14,0,2,6,1.75
VFLM 4823,20,22,0,4,4,2.75
VFLM 4823,21,16,0,2,6,2.0
VFLM 4823,22,21,1,3,5,2.625
VFLM 4823,23,19,1,5,3,2.375
VFLM 4823,24,22,0,2,6,2.75
VFLM 4823,25,24,0,6,2,3.0
VFLM 4823,26,20,0,4,4,2.5
VFLM 4823,27,17,1,3,5,2.125
VFLM 4823,28,19,1,3,5,2.375
VFLM 4823,29,14,0,2,6,1.75
VFLM 4823,30,22,0,4,4,2.75
VFLM 4824,1,16,0,2,6,2.0
VFLM 4824,2,21,1,3,5,2.625
VFLM 4824,3,19,1,5,3,2.375
VFLM 4824,4,16,0,6,2,2.0
VFLM 4824,5,22,0,2,6,2.75
VFLM 4824,6,24,0,6,2,3.0
VFLM 4824,7,20,0,4,4,2.5
VFLM 4824,8,17,1,3,5,2.125
VFLM 4824,9,19,1,3,5,2.375
VFLM 4824,10,14,0,2,6,1.75
VFLM 4824,11,22,0,4,4,2.75
VFLM 4824,12,16,0,2,6,2.0
VFLM 4824,13,21,1,3,5,2.625
VFLM 4824,14,16,0,6,2,2.0
VFLM 4824,15,22,0,2,6,2.75
VFLM 4824,16,24,0,6,2,3.0
VFLM 4824,17,20,0,4,4,2.5
VFLM 4824,18,17,1,3,5,2.125
VFLM 4824,19,19,1,3,5,2.375
VFLM 4824,20,14,0,2,6,1.75
VFLM 4824,21,22,0,4,4,2.75
VFLM 4824,22,16,0,2,6,2.0
VFLM 4824,23,21,1,3,5,2.625
VFLM 4824,24,21,1,1,7,2.625
VFLM 4824,25,16,0,6,2,2.0
VFLM 4824,26,22,0,2,6,2.75
VFLM 4824,27,24,0,6,2,3.0
VFLM 4824,28,20,0,4,4,2.5
VFLM 4824,29,17,1,3,5,2.125
VFLM 4824,30,19,1,3,5,2.375
VFLM 4825,1,14,0,2,6,1.75
VFLM 4825,2,22,0,4,4,2.75
VFLM 4825,3,16,0,2,6,2.0
VFLM 4825,4,21,1,1,7,2.625
VFLM 4825,5,16,0,6,2,2.0
VFLM 4825,6,22,0,2,6,2.75
VFLM 4825,7,24,0,6,2,3.0
VFLM 4825,8,20,0,4,4,2.5
VFLM 4825,9,17,1,3,5,2.125
VFLM 4825,10,19,1,3,5,2.375
VFLM 4825,11,14,0,2,6,1.75
VFLM 4825,12,22,0,4,4,2.75
VFLM 4825,13,16,0,2,6,2.0
VFLM 4825,14,21,1,1,7,2.625
VFLM 4825,15,16,0,6,2,2.0
VFLM 4825,16,22,0,2,6,2.75
VFLM 4825,17,24,0,6,2,3.0
VFLM 4825,18,20,0,4,4,2.5
VFLM 4825,19,17,1,3,5,2.125
VFLM 4825,20,19,1,3,5,2.375
VFLM 4825,21,14,0,2,6,1.75
VFLM 4825,22,22,0,4,4,2.75
VFLM 4825,23,16,0,2,6,2.0
VFLM 4825,24,17,1,3,5,2.125
VFLM 4825,25,21,1,1,7,2.625
VFLM 4825,26,16,0,6,2,2.0
VFLM 4825,27,22,0,2,6,2.75
VFLM 4825,28,24,0,6,2,3.0
VFLM 4825,29,20,0,4,4,2.5
VFLM 4825,30,17,1,3,5,2.125
VFLM 4826,1,19,1,3,5,2.375
VFLM 4826,2,14,0,2,6,1.75
VFLM 4826,3,22,0,4,4,2.75
VFLM 4826,4,17,1,3,5,2.125
VFLM 4826,5,21,1,1,7,2.625
VFLM 4826,6,16,0,6,2,2.0
VFLM 4826,7,22,0,2,6,2.75
VFLM 4826,8,24,0,6,2,3.0
VFLM 4826,9,20,0,4,4,2.5
VFLM 4826,10,17,1,3,5,2.125
VFLM 4826,11,19,1,3,5,2.375
VFLM 4826,12,14,0,2,6,1.75
VFLM 4826,13,22,0,4,4,2.75
VFLM 4826,14,25,1,5,3,3.125
VFLM 4826,15,17,1,3,5,2.125
VFLM 4826,16,21,1,1,7,2.625
VFLM 4826,17,16,0,6,2,2.0
VFLM 4826,18,22,0,2,6,2.75
VFLM 4826,19,24,0,6,2,3.0
VFLM 4826,20,20,0,4,4,2.5
VFLM 4826,21,17,1,3,5,2.125
VFLM 4826,22,19,1,3,5,2.375
VFLM 4826,23,14,0,2,6,1.75
VFLM 4826,24,23,1,3,5,2.875
VFLM 4826,25,25,1,5,3,3.125
VFLM 4826,26,17,1,3,5,2.125
VFLM 4826,27,21,1,1,7,2.625
VFLM 4826,28,16,0,6,2,2.0
VFLM 4826,29,22,0,2,6,2.75
VFLM 4826,30,24,0,6,2,3.0
VFLM 4827,1,20,0,4,4,2.5
VFLM 4827,2,17,1,3,5,2.125
VFLM 4827,3,19,1,3,5,2.375
VFLM 4827,4,23,1,3,5,2.875
VFLM 4827,5,25,1,5,3,3.125
VFLM 4827,6,17,1,3,5,2.125
VFLM 4827,7,21,1,1,7,2.625
VFLM 4827,8,16,0,6,2,2.0
VFLM 4827,9,22,0,2,6,2.75
VFLM 4827,10,24,0,6,2,3.0
VFLM 4827,11,20,0,4,4,2.5
VFLM 4827,12,17,1,3,5,2.125
VFLM 4827,13,19,1,3,5,2.375
VFLM 4827,14,17,1,3,5,2.125
VFLM 4827,15,23,1,3,5,2.875
VFLM 4827,16,25,1,5,3,3.125
VFLM 4827,17,17,1,3,5,2.125
VFLM 4827,18,21,1,1,7,2.625
VFLM 4827,19,17,1,3,5,2.125
VFLM 4827,20,23,1,3,5,2.875
VFLM 4827,21,25,1,5,3,3.125
VFLM 4827,22,17,1,3,5,2.125
VFLM 4827,23,21,1,1,7,2.625
VFLM 4827,24,16,0,6,2,2.0
VFLM 4827,25,22,0,2,6,2.75
VFLM 4827,26,24,0,6,2,3.0
VFLM 4827,27,20,0,4,4,2.5
VFLM 4827,28,17,1,3,5,2.125
VFLM 4827,29,26,0,4,4,3.25
VFLM 4827,30,17,1,3,5,2.125
VFLM 4828,1,23,1,3,5,2.875
VFLM 4828,2,25,1,5,3,3.125
VFLM 4828,3,26,0,4,4,3.25
VFLM 4828,4,17,1,3,5,2.125
VFLM 4828,5,23,1,3,5,2.875
VFLM 4828,6,25,1,5,3,3.125
VFLM 4828,7,17,1,3,5,2.125
VFLM 4828,8,21,1,1,7,2.625
VFLM 4828,9,16,0,6,2,2.0
VFLM 4828,10,22,0,2,6,2.75
VFLM 4828,11,24,0,6,2,3.0
VFLM 4828,12,20,0,4,4,2.5
VFLM 4828,13,12,0,6,2,1.5
VFLM 4828,14,26,0,4,4,3.25
VFLM 4828,15,12,0,6,2,1.5
VFLM 4828,16,26,0,4,4,3.25
VFLM 4828,17,17,1,3,5,2.125
VFLM 4828,18,23,1,3,5,2.875
VFLM 4828,19,25,1,5,3,3.125
VFLM 4828,20,17,1,3,5,2.125
VFLM 4828,21,21,1,1,7,2.625
VFLM 4828,22,16,0,6,2,2.0
VFLM 4828,23,22,0,2,6,2.75
VFLM 4828,24,24,0,6,2,3.0
VFLM 4828,25,26,0,6,2,3.25
VFLM 4828,26,12,0,6,2,1.5
VFLM 4828,27,26,0,4,4,3.25
VFLM 4828,28,17,1,3,5,2.125
VFLM 4828,29,23,1,3,5,2.875
VFLM 4828,30,25,1,5,3,3.125
VFLM 4829,1,17,1,3,5,2.125
VFLM 4829,2,21,1,1,7,2.625
VFLM 4829,3,16,0,6,2,2.0
VFLM 4829,4,22,0,2,6,2.75
VFLM 4829,5,20,0,4,4,2.5
VFLM 4829,6,26,0,6,2,3.25
VFLM 4829,7,12,0,6,2,1.5
VFLM 4829,8,26,0,4,4,3.25
VFLM 4829,9,17,1,3,5,2.125
VFLM 4829,10,23,1,3,5,2.875
VFLM 4829,11,25,1,5,3,3.125
VFLM 4829,12,17,1,3,5,2.125
VFLM 4829,13,21,1,1,7,2.625
VFLM 4829,14,16,0,6,2,2.0
VFLM 4829,15,20,0,4,4,2.5
VFLM 4829,16,20,0,4,4,2.5
VFLM 4829,17,26,0,6,2,3.25
VFLM 4829,18,12,0,6,2,1.5
VFLM 4829,19,26,0,4,4,3.25
VFLM 4829,20,17,1,3,5,2.125
VFLM 4829,21,23,1,3,5,2.875
VFLM 4829,22,25,1,5,3,3.125
VFLM 4829,23,17,1,3,5,2.125
VFLM 4829,24,21,1,1,7,2.625
VFLM 4829,25,24,0,4,4,3.0
VFLM 4829,26,20,0,4,4,2.5
VFLM 4829,27,20,0,4,4,2.5
VFLM 4829,28,26,0,6,2,3.25
VFLM 4829,29,12,0,6,2,1.5
VFLM 4829,30,26,0,4,4,3.25
VFLM 4830,1,17,1,3,5,2.125
VFLM 4830,2,23,1,3,5,2.875
VFLM 4830,3,25,1,5,3,3.125
VFLM 4830,4,17,1,3,5,2.125
VFLM 4830,5,26,0,2,6,3.25
VFLM 4830,6,24,0,4,4,3.0
VFLM 4830,7,20,0,4,4,2.5
VFLM 4830,8,20,0,4,4,2.5
VFLM 4830,9,26,0,6,2,3.25
VFLM 4830,10,12,0,6,2,1.5
VFLM 4830,11,26,0,4,4,3.25
VFLM 4830,12,17,1,3,5,2.125
VFLM 4830,13,23,1,3,5,2.875
VFLM 4830,14,25,1,5,3,3.125
VFLM 4830,15,20,0,4,4,2.5
VFLM 4830,16,26,0,2,6,3.25
VFLM 4830,17,24,0,4,4,3.0
VFLM 4830,18,20,0,4,4,2.5
VFLM 4830,19,20,0,4,4,2.5
VFLM 4830,20,26,0,6,2,3.25
VFLM 4830,21,12,0,6,2,1.5
VFLM 4830,22,26,0,4,4,3.25
VFLM 4830,23,17,1,3,5,2.125
VFLM 4830,24,23,1,3,5,2.875
VFLM 4830,25,20,0,6,2,2.5
VFLM 4830,26,20,0,4,4,2.5
VFLM 4830,27,26,0,2,6,3.25
VFLM 4830,28,24,0,4,4,3.0
VFLM 4830,29,20,0,4,4,2.5
VFLM 4830,30,20,0,4,4,2.5
VFLM 4831,1,26,0,6,2,3.25
VFLM 4831,2,12,0,6,2,1.5
VFLM 4831,3,26,0,4,4,3.25
VFLM 4831,4,17,1,3,5,2.125
VFLM 4831,5,23,1,3,5,2.875
VFLM 4831,6,20,0,6,2,2.5
VFLM 4831,7,23,1,3,5,2.875
VFLM 4831,8,20,0,6,2,2.5
VFLM 4831,9,20,0,4,4,2.5
VFLM 4831,10,26,0,2,6,3.25
VFLM 4831,11,24,0,4,4,3.0
VFLM 4831,12,20,0,4,4,2.5
VFLM 4831,13,20,0,4,4,2.5
VFLM 4831,14,26,0,6,2,3.25
VFLM 4831,15,12,0,6,2,1.5
VFLM 4831,16,26,0,4,4,3.25
VFLM 4831,17,26,0,4,4,3.25
VFLM 4831,18,23,1,3,5,2.875
VFLM 4831,19,20,0,6,2,2.5
VFLM 4831,20,20,0,4,4,2.5
VFLM 4831,21,26,0,2,6,3.25
VFLM 4831,22,26,0,4,4,3.25
VFLM 4831,23,23,1,3,5,2.875
VFLM 4831,24,20,0,6,2,2.5
VFLM 4831,25,20,0,4,4,2.5
VFLM 4831,26,26,0,2,6,3.25
VFLM 4831,27,24,0,4,4,3.0
VFLM 4831,28,20,0,4,4,2.5
VFLM 4831,29,20,0,4,4,2.5
VFLM 4831,30,26,0,6,2,3.25
VFLM 4832,1,12,0,6,2,1.5
VFLM 4832,2,13,1,3,5,1.625
VFLM 4832,3,26,0,4,4,3.25
VFLM 4832,4,23,1,3,5,2.875
VFLM 4832,5,20,0,6,2,2.5
VFLM 4832,6,20,0,4,4,2.5
VFLM 4832,7,26,0,2,6,3.25
VFLM 4832,8,24,0,4,4,3.0
VFLM 4832,9,20,0,4,4,2.5
VFLM 4832,10,13,1,3,5,1.625
VFLM 4832,11,26,0,4,4,3.25
VFLM 4832,12,23,1,3,5,2.875
VFLM 4832,13,20,0,6,2,2.5
VFLM 4832,14,20,0,4,4,2.5
VFLM 4832,15,26,0,2,6,3.25
VFLM 4832,16,24,0,4,4,3.0
VFLM 4832,17,20,0,4,4,2.5
VFLM 4832,18,20,0,4,4,2.5
VFLM 4832,19,26,0,6,2,3.25
VFLM 4832,20,20,0,4,4,2.5
VFLM 4832,21,13,1,3,5,1.625
VFLM 4832,22,26,0,4,4,3.25
VFLM 4832,23,23,1,3,5,2.875
VFLM 4832,24,20,0,6,2,2.5
VFLM 4832,25,20,0,4,4,2.5
VFLM 4832,26,26,0,2,6,3.25
VFLM 4832,27,24,0,4,4,3.0
VFLM 4832,28,20,0,4,4,2.5
VFLM 4832,29,20,0,4,4,2.5
VFLM 4832,30,20,0,4,4,2.5
VFLM 4833,1,13,1,3,5,1.625
VFLM 4833,2,26,0,4,4,3.25
VFLM 4833,3,23,1,3,5,2.875
VFLM 4833,4,20,0,6,2,2.5
VFLM 4833,5,20,0,4,4,2.5
VFLM 4833,6,26,0,2,6,3.25
VFLM 4833,7,24,0,4,4,3.0
VFLM 4833,8,20,0,4,4,2.5
VFLM 4833,9,20,0,4,4,2.5
VFLM 4833,10,16,0,4,4,2.0
VFLM 4833,11,20,0,4,4,2.5
VFLM 4833,12,13,1,3,5,1.625
VFLM 4833,13,26,0,4,4,3.25
VFLM 4833,14,23,1,3,5,2.875
VFLM 4833,15,20,0,6,2,2.5
VFLM 4833,16,20,0,4,4,2.5
VFLM 4833,17,26,0,2,6,3.25
VFLM 4833,18,24,0,4,4,3.0
VFLM 4833,19,20,0,4,4,2.5
VFLM 4833,20,16,0,4,4,2.0
VFLM 4833,21,20,0,4,4,2.5
VFLM 4833,22,13,1,3,5,1.625
VFLM 4833,23,26,0,4,4,3.25
VFLM 4833,24,23,1,3,5,2.875
VFLM 4833,25,20,0,6,2,2.5
VFLM 4833,26,20,0,4,4,2.5
VFLM 4833,27,26,0,2,6,3.25
VFLM 4833,28,24,0,4,4,3.0
VFLM 4833,29,20,0,4,4,2.5
VFLM 4833,30,19,1,5,3,2.375
VFLM 4834,1,16,0,4,4,2.0
VFLM 4834,2,20,0,4,4,2.5
VFLM 4834,3,13,1,3,5,1.625
VFLM 4834,4,26,0,4,4,3.25
VFLM 4834,5,23,1,3,5,2.875
VFLM 4834,6,20,0,6,2,2.5
VFLM 4834,7,20,0,4,4,2.5
VFLM 4834,8,26,0,2,6,3.25
VFLM 4834,9,24,0,4,4,3.0
VFLM 4834,10,19,1,5,3,2.375
VFLM 4834,11,16,0,4,4,2.0
VFLM 4834,12,20,0,4,4,2.5
VFLM 4834,13,13,1,3,5,1.625
VFLM 4834,14,26,0,4,4,3.25
VFLM 4834,15,23,1,3,5,2.875
VFLM 4834,16,20,0,6,2,2.5
VFLM 4834,17,20,0,4,4,2.5
VFLM 4834,18,26,0,2,6,3.25
VFLM 4834,19,24,0,4,4,3.0
VFLM 4834,20,27,1,5,3,3.375
VFLM 4834,21,19,1,5,3,2.375
VFLM 4834,22,16,0,4,4,2.0
VFLM 4834,23,20,0,4,4,2.5
VFLM 4834,24,13,1,3,5,1.625
VFLM 4834,25,26,0,4,4,3.25
VFLM 4834,26,23,1,3,5,2.875
VFLM 4834,27,20,0,6,2,2.5
VFLM 4834,28,20,0,4,4,2.5
VFLM 4834,29,26,0,2,6,3.25
VFLM 4834,30,27,1,5,3,3.375
VFLM 4835,1,19,1,5,3,2.375
VFLM 4835,2,16,0,4,4,2.0
VFLM 4835,3,20,0,4,4,2.5
VFLM 4835,4,13,1,3,5,1.625
VFLM 4835,5,26,0,4,4,3.25
VFLM 4835,6,23,1,3,5,2.875
VFLM 4835,7,20,0,6,2,2.5
VFLM 4835,8,20,0,4,4,2.5
VFLM 4835,9,26,0,2,6,3.25
VFLM 4835,10,22,0,4,4,2.75
VFLM 4835,11,27,1,5,3,3.375
VFLM 4835,12,19,1,5,3,2.375
VFLM 4835,13,16,0,4,4,2.0
VFLM 4835,14,20,0,4,4,2.5
VFLM 4835,15,13,1,3,5,1.625
VFLM 4835,16,26,0,4,4,3.25
VFLM 4835,17,23,1,3,5,2.875
VFLM 4835,18,20,0,6,2,2.5
VFLM 4835,19,20,0,4,4,2.5
VFLM 4835,20,22,0,4,4,2.75
VFLM 4835,21,27,1,5,3,3.375
VFLM 4835,22,19,1,5,3,2.375
VFLM 4835,23,16,0,4,4,2.0
VFLM 4835,24,20,0,4,4,2.5
VFLM 4835,25,13,1,3,5,1.625
VFLM 4835,26,26,0,4,4,3.25
VFLM 4835,27,23,1,3,5,2.875
VFLM 4835,28,20,0,6,2,2.5
VFLM 4835,29,20,0,4,4,2.5
VFLM 4835,30,13,1,5,3,1.625
VFLM 4836,1,22,0,4,4,2.75
VFLM 4836,2,27,1,5,3,3.375
VFLM 4836,3,19,1,5,3,2.375
VFLM 4836,4,16,0,4,4,2.0
VFLM 4836,5,20,0,4,4,2.5
VFLM 4836,6,13,1,3,5,1.625
VFLM 4836,7,26,0,4,4,3.25
VFLM 4836,8,23,1,3,5,2.875
VFLM 4836,9,20,0,6,2,2.5
VFLM 4836,10,13,1,5,3,1.625
VFLM 4836,11,22,0,4,4,2.75
VFLM 4836,12,27,1,5,3,3.375
VFLM 4836,13,19,1,5,3,2.375
VFLM 4836,14,16,0,4,4,2.0
VFLM 4836,15,20,0,4,4,2.5
VFLM 4836,16,13,1,3,5,1.625
VFLM 4836,17,26,0,4,4,3.25
VFLM 4836,18,23,1,3,5,2.875
VFLM 4836,19,16,0,2,6,2.0
VFLM 4836,20,13,1,5,3,1.625
VFLM 4836,21,22,0,4,4,2.75
VFLM 4836,22,27,1,5,3,3.375
VFLM 4836,23,19,1,5,3,2.375
VFLM 4836,24,16,0,4,4,2.0
VFLM 4836,25,20,0,4,4,2.5
VFLM 4836,26,13,1,3,5,1.625
VFLM 4836,27,26,0,4,4,3.25
VFLM 4836,28,23,1,3,5,2.875
VFLM 4836,29,16,0,2,6,2.0
VFLM 4836,30,13,1,5,3,1.625
VFLM 4837,1,22,0,4,4,2.75
VFLM 4837,2,27,1,5,3,3.375
VFLM 4837,3,19,1,5,3,2.375
VFLM 4837,4,16,0,4,4,2.0
VFLM 4837,5,20,0,4,4,2.5
VFLM 4837,6,13,1,3,5,1.625
VFLM 4837,7,26,0,4,4,3.25
VFLM 4837,8,23,1,3,5,2.875
VFLM 4837,9,16,0,2,6,2.0
VFLM 4837,10,13,1,5,3,1.625
VFLM 4837,11,22,0,4,4,2.75
VFLM 4837,12,27,1,5,3,3.375
VFLM 4837,13,19,1,5,3,2.375
VFLM 4837,14,16,0,4,4,2.0
VFLM 4837,15,20,0,4,4,2.5
VFLM 4837,16,13,1,3,5,1.625
VFLM 4837,17,26,0,4,4,3.25
VFLM 4837,18,23,1,3,5,2.875
VFLM 4837,19,20,0,4,4,2.5
VFLM 4837,20,16,0,2,6,2.0
VFLM 4837,21,13,1,5,3,1.625
VFLM 4837,22,22,0,4,4,2.75
VFLM 4837,23,27,1,5,3,3.375
VFLM 4837,24,19,1,5,3,2.375
VFLM 4837,25,16,0,4,4,2.0
VFLM 4837,26,20,0,4,4,2.5
VFLM 4837,27,13,1,3,5,1.625
VFLM 4837,28,20,0,4,4,2.5
VFLM 4837,29,16,0,2,6,2.0
VFLM 4837,30,13,1,5,3,1.625
VFLM 4838,1,22,0,4,4,2.75
VFLM 4838,2,27,1,5,3,3.375
VFLM 4838,3,19,1,5,3,2.375
VFLM 4838,4,16,0,4,4,2.0
VFLM 4838,5,20,0,4,4,2.5
VFLM 4838,6,13,1,3,5,1.625
VFLM 4838,7,26,0,4,4,3.25
VFLM 4838,8,21,1,1,7,2.625
VFLM 4838,9,20,0,4,4,2.5
VFLM 4838,10,16,0,2,6,2.0
VFLM 4838,11,13,1,5,3,1.625
VFLM 4838,12,22,0,4,4,2.75
VFLM 4838,13,27,1,5,3,3.375
VFLM 4838,14,21,1,1,7,2.625
VFLM 4838,15,20,0,4,4,2.5
VFLM 4838,16,16,0,2,6,2.0
VFLM 4838,17,13,1,5,3,1.625
VFLM 4838,18,22,0,4,4,2.75
VFLM 4838,19,27,1,5,3,3.375
VFLM 4838,20,19,1,5,3,2.375
VFLM 4838,21,16,0,4,4,2.0
VFLM 4838,22,20,0,4,4,2.5
VFLM 4838,23,13,1,3,5,1.625
VFLM 4838,24,21,1,5,3,2.625
VFLM 4838,25,21,1,5,3,2.625
VFLM 4838,26,21,1,1,7,2.625
VFLM 4838,27,20,0,4,4,2.5
VFLM 4838,28,16,0,2,6,2.0
VFLM 4838,29,13,1,5,3,1.625
VFLM 4838,30,22,0,4,4,2.75
VFLM 4839,1,27,1,5,3,3.375
VFLM 4839,2,19,1,5,3,2.375
VFLM 4839,3,16,0,4,4,2.0
VFLM 4839,4,20,0,4,4,2.5
VFLM 4839,5,14,0,4,4,1.75
VFLM 4839,6,14,0,4,4,1.75
VFLM 4839,7,21,1,5,3,2.625
VFLM 4839,8,21,1,1,7,2.625
VFLM 4839,9,20,0,4,4,2.5
VFLM 4839,10,16,0,2,6,2.0
VFLM 4839,11,13,1,5,3,1.625
VFLM 4839,12,22,0,4,4,2.75
VFLM 4839,13,27,1,5,3,3.375
VFLM 4839,14,19,1,5,3,2.375
VFLM 4839,15,16,0,4,4,2.0
VFLM 4839,16,19,1,3,5,2.375
VFLM 4839,17,14,0,4,4,1.75
VFLM 4839,18,21,1,5,3,2.625
VFLM 4839,19,21,1,1,7,2.625
VFLM 4839,20,20,0,4,4,2.5
VFLM 4839,21,16,0,2,6,2.0
VFLM 4839,22,13,1,5,3,1.625
VFLM 4839,23,22,0,4,4,2.75
VFLM 4839,24,27,1,5,3,3.375
VFLM 4839,25,19,1,5,3,2.375
VFLM 4839,26,20,0,2,6,2.5
VFLM 4839,27,19,1,3,5,2.375
VFLM 4839,28,14,0,4,4,1.75
VFLM 4839,29,21,1,5,3,2.625
VFLM 4839,30,21,1,1,7,2.625
VFLM 4840,1,20,0,4,4,2.5
VFLM 4840,2,16,0,2,6,2.0
VFLM 4840,3,13,1,5,3,1.625
VFLM 4840,4,22,0,4,4,2.75
VFLM 4840,5,27,1,5,3,3.375
VFLM 4840,6,20,0,6,2,2.5
VFLM 4840,7,20,0,2,6,2.5
VFLM 4840,8,19,1,3,5,2.375
VFLM 4840,9,14,0,4,4,1.75
VFLM 4840,10,21,1,5,3,2.625
VFLM 4840,11,21,1,1,7,2.625
VFLM 4840,12,20,0,4,4,2.5
VFLM 4840,13,16,0,2,6,2.0
VFLM 4840,14,13,1,5,3,1.625
VFLM 4840,15,22,0,4,4,2.75
VFLM 4840,16,22,0,2,6,2.75
VFLM 4840,17,20,0,6,2,2.5
VFLM 4840,18,20,0,2,6,2.5
VFLM 4840,19,19,1,3,5,2.375
VFLM 4840,20,14,0,4,4,1.75
VFLM 4840,21,21,1,5,3,2.625
VFLM 4840,22,21,1,1,7,2.625
VFLM 4840,23,20,0,4,4,2.5
VFLM 4840,24,16,0,2,6,2.0
VFLM 4840,25,13,1,5,3,1.625
VFLM 4840,26,25,1,3,5,3.125
VFLM 4840,27,22,0,2,6,2.75
VFLM 4840,28,20,0,6,2,2.5
VFLM 4840,29,20,0,2,6,2.5
VFLM 4840,30,19,1,3,5,2.375
VFLM 4841,1,14,0,4,4,1.75
VFLM 4841,2,21,1,5,3,2.625
VFLM 4841,3,21,1,1,7,2.625
VFLM 4841,4,20,0,4,4,2.5
VFLM 4841,5,16,0,2,6,2.0
VFLM 4841,6,16,0,6,2,2.0
VFLM 4841,7,25,1,3,5,3.125
VFLM 4841,8,22,0,2,6,2.75
VFLM 4841,9,20,0,6,2,2.5
VFLM 4841,10,20,0,2,6,2.5
VFLM 4841,11,19,1,3,5,2.375
VFLM 4841,12,14,0,4,4,1.75
VFLM 4841,13,21,1,5,3,2.625
VFLM 4841,14,21,1,1,7,2.625
VFLM 4841,15,20,0,4,4,2.5
VFLM 4841,16,19,1,3,5,2.375
VFLM 4841,17,16,0,6,2,2.0
VFLM 4841,18,25,1,3,5,3.125
VFLM 4841,19,19,1,3,5,2.375
VFLM 4841,20,16,0,6,2,2.0
VFLM 4841,21,25,1,3,5,3.125
VFLM 4841,22,22,0,2,6,2.75
VFLM 4841,23,20,0,6,2,2.5
VFLM 4841,24,20,0,2,6,2.5
VFLM 4841,25,19,1,3,5,2.375
VFLM 4841,26,14,0,4,4,1.75
VFLM 4841,27,21,1,5,3,2.625
VFLM 4841,28,21,1,1,7,2.625
VFLM 4841,29,21,1,3,5,2.625
VFLM 4841,30,19,1,3,5,2.375
VFLM 4842,1,16,0,6,2,2.0
VFLM 4842,2,25,1,3,5,3.125
VFLM 4842,3,22,0,2,6,2.75
VFLM 4842,4,20,0,6,2,2.5
VFLM 4842,5,20,0,2,6,2.5
VFLM 4842,6,21,1,3,5,2.625
VFLM 4842,7,19,1,3,5,2.375
VFLM 4842,8,16,0,6,2,2.0
VFLM 4842,9,25,1,3,5,3.125
VFLM 4842,10,22,0,2,6,2.75
VFLM 4842,11,20,0,6,2,2.5
VFLM 4842,12,20,0,2,6,2.5
VFLM 4842,13,19,1,3,5,2.375
VFLM 4842,14,14,0,4,4,1.75
VFLM 4842,15,21,1,5,3,2.625
VFLM 4842,16,16,0,4,4,2.0
VFLM 4842,17,21,1,3,5,2.625
VFLM 4842,18,19,1,3,5,2.375
VFLM 4842,19,16,0,6,2,2.0
VFLM 4842,20,25,1,3,5,3.125
VFLM 4842,21,22,0,2,6,2.75
VFLM 4842,22,20,0,6,2,2.5
VFLM 4842,23,20,0,2,6,2.5
VFLM 4842,24,19,1,3,5,2.375
VFLM 4842,25,16,0,4,4,2.0
VFLM 4842,26,21,1,3,5,2.625
VFLM 4842,27,19,1,3,5,2.375
VFLM 4842,28,16,0,6,2,2.0
VFLM 4842,29,25,1,3,5,3.125
VFLM 4842,30,22,0,2,6,2.75
VFLM 4843,1,20,0,6,2,2.5
VFLM 4843,2,20,0,2,6,2.5
VFLM 4843,3,19,1,3,5,2.375
VFLM 4843,4,14,0,4,4,1.75
VFLM 4843,5,28,0,4,4,3.5
VFLM 4843,6,16,0,4,4,2.0
VFLM 4843,7,21,1,3,5,2.625
VFLM 4843,8,19,1,3,5,2.375
VFLM 4843,9,16,0,6,2,2.0
VFLM 4843,10,25,1,3,5,3.125
VFLM 4843,11,22,0,2,6,2.75
VFLM 4843,12,20,0,6,2,2.5
VFLM 4843,13,20,0,2,6,2.5
VFLM 4843,14,19,1,3,5,2.375
VFLM 4843,15,28,0,4,4,3.5
VFLM 4843,16,16,0,4,4,2.0
VFLM 4843,17,21,1,3,5,2.625
VFLM 4843,18,19,1,3,5,2.375
VFLM 4843,19,16,0,6,2,2.0
VFLM 4843,20,25,1,3,5,3.125
VFLM 4843,21,22,0,2,6,2.75
VFLM 4843,22,20,0,6,2,2.5
VFLM 4843,23,20,0,2,6,2.5
VFLM 4843,24,19,1,3,5,2.375
VFLM 4843,25,17,1,3,5,2.125
VFLM 4843,26,28,0,4,4,3.5
VFLM 4843,27,16,0,4,4,2.0
VFLM 4843,28,21,1,3,5,2.625
VFLM 4843,29,19,1,3,5,2.375
VFLM 4843,30,16,0,6,2,2.0
VFLM 4844,1,25,1,3,5,3.125
VFLM 4844,2,22,0,2,6,2.75
VFLM 4844,3,20,0,6,2,2.5
VFLM 4844,4,20,0,2,6,2.5
VFLM 4844,5,17,1,3,5,2.125
VFLM 4844,6,28,0,4,4,3.5
VFLM 4844,7,16,0,4,4,2.0
VFLM 4844,8,21,1,3,5,2.625
VFLM 4844,9,19,1,3,5,2.375
VFLM 4844,10,16,0,6,2,2.0
VFLM 4844,11,25,1,3,5,3.125
VFLM 4844,12,22,0,2,6,2.75
VFLM 4844,13,20,0,6,2,2.5
VFLM 4844,14,20,0,2,6,2.5
VFLM 4844,15,24,0,4,4,3.0
VFLM 4844,16,17,1,3,5,2.125
VFLM 4844,17,28,0,4,4,3.5
VFLM 4844,18,16,0,4,4,2.0
VFLM 4844,19,21,1,3,5,2.625
VFLM 4844,20,19,1,3,5,2.375
VFLM 4844,21,16,0,6,2,2.0
VFLM 4844,22,25,1,3,5,3.125
VFLM 4844,23,22,0,2,6,2.75
VFLM 4844,24,20,0,6,2,2.5
VFLM 4844,25,24,0,4,4,3.0
VFLM 4844,26,17,1,3,5,2.125
VFLM 4844,27,28,0,4,4,3.5
VFLM 4844,28,16,0,4,4,2.0
VFLM 4844,29,21,1,3,5,2.625
VFLM 4844,30,19,1,3,5,2.375
VFLM 4845,1,16,0,6,2,2.0
VFLM 4845,2,25,1,3,5,3.125
VFLM 4845,3,22,0,2,6,2.75
VFLM 4845,4,20,0,6,2,2.5
VFLM 4845,5,17,1,3,5,2.125
VFLM 4845,6,24,0,4,4,3.0
VFLM 4845,7,17,1,3,5,2.125
VFLM 4845,8,28,0,4,4,3.5
VFLM 4845,9,16,0,4,4,2.0
VFLM 4845,10,21,1,3,5,2.625
VFLM 4845,11,19,1,3,5,2.375
VFLM 4845,12,16,0,6,2,2.0
VFLM 4845,13,25,1,3,5,3.125
VFLM 4845,14,22,0,2,6,2.75
VFLM 4845,15,17,1,3,5,2.125
VFLM 4845,16,24,0,4,4,3.0
VFLM 4845,17,17,1,3,5,2.125
VFLM 4845,18,28,0,4,4,3.5
VFLM 4845,19,16,0,4,4,2.0
VFLM 4845,20,21,1,3,5,2.625
VFLM 4845,21,19,1,3,5,2.375
VFLM 4845,22,16,0,6,2,2.0
VFLM 4845,23,25,1,3,5,3.125
VFLM 4845,24,22,0,2,6,2.75
VFLM 4845,25,22,0,4,4,2.75
VFLM 4845,26,17,1,3,5,2.125
VFLM 4845,27,24,0,4,4,3.0
VFLM 4845,28,17,1,3,5,2.125
VFLM 4845,29,28,0,4,4,3.5
VFLM 4845,30,16,0,4,4,2.0
VFLM 4846,1,21,1,3,5,2.625
VFLM 4846,2,19,1,3,5,2.375
VFLM 4846,3,16,0,6,2,2.0
VFLM 4846,4,25,1,3,5,3.125
VFLM 4846,5,22,0,4,4,2.75
VFLM 4846,6,17,1,3,5,2.125
VFLM 4846,7,24,0,4,4,3.0
VFLM 4846,8,17,1,3,5,2.125
VFLM 4846,9,28,0,4,4,3.5
VFLM 4846,10,16,0,4,4,2.0
VFLM 4846,11,21,1,3,5,2.625
VFLM 4846,12,19,1,3,5,2.375
VFLM 4846,13,16,0,6,2,2.0
VFLM 4846,14,26,0,0,8,3.25
VFLM 4846,15,22,0,4,4,2.75
VFLM 4846,16,17,1,3,5,2.125
VFLM 4846,17,24,0,4,4,3.0
VFLM 4846,18,17,1,3,5,2.125
VFLM 4846,19,28,0,4,4,3.5
VFLM 4846,20,16,0,4,4,2.0
VFLM 4846,21,21,1,3,5,2.625
VFLM 4846,22,19,1,3,5,2.375
VFLM 4846,23,16,0,6,2,2.0
VFLM 4846,24,23,1,5,3,2.875
VFLM 4846,25,26,0,0,8,3.25
VFLM 4846,26,23,1,5,3,2.875
VFLM 4846,27,26,0,0,8,3.25
VFLM 4846,28,22,0,4,4,2.75
VFLM 4846,29,17,1,3,5,2.125
VFLM 4846,30,24,0,4,4,3.0
VFLM 4847,1,17,1,3,5,2.125
VFLM 4847,2,28,0,4,4,3.5
VFLM 4847,3,16,0,4,4,2.0
VFLM 4847,4,21,1,3,5,2.625
VFLM 4847,5,19,1,3,5,2.375
VFLM 4847,6,16,0,4,4,2.0
VFLM 4847,7,23,1,5,3,2.875
VFLM 4847,8,26,0,0,8,3.25
VFLM 4847,9,22,0,4,4,2.75
VFLM 4847,10,17,1,3,5,2.125
VFLM 4847,11,24,0,4,4,3.0
VFLM 4847,12,17,1,3,5,2.125
VFLM 4847,13,28,0,4,4,3.5
VFLM 4847,14,16,0,4,4,2.0
VFLM 4847,15,21,1,3,5,2.625
VFLM 4847,16,22,0,4,4,2.75
VFLM 4847,17,16,0,4,4,2.0
VFLM 4847,18,23,1,5,3,2.875
VFLM 4847,19,26,0,0,8,3.25
VFLM 4847,20,22,0,4,4,2.75
VFLM 4847,21,17,1,3,5,2.125
VFLM 4847,22,24,0,4,4,3.0
VFLM 4847,23,17,1,3,5,2.125
VFLM 4847,24,28,0,4,4,3.5
VFLM 4847,25,16,0,4,4,2.0
VFLM 4847,26,18,0,6,2,2.25
VFLM 4847,27,22,0,4,4,2.75
VFLM 4847,28,16,0,4,4,2.0
VFLM 4847,29,23,1,5,3,2.875
VFLM 4847,30,26,0,0,8,3.25
VFLM 4848,1,22,0,4,4,2.75
VFLM 4848,2,17,1,3,5,2.125
VFLM 4848,3,24,0,4,4,3.0
VFLM 4848,4,17,1,3,5,2.125
VFLM 4848,5,28,0,4,4,3.5
VFLM 4848,6,18,0,6,2,2.25
VFLM 4848,7,22,0,4,4,2.75
VFLM 4848,8,26,0,4,4,3.25
VFLM 4848,9,18,0,6,2,2.25
VFLM 4848,10,22,0,4,4,2.75
VFLM 4848,11,16,0,4,4,2.0
VFLM 4848,12,23,1,5,3,2.875
VFLM 4848,13,26,0,0,8,3.25
VFLM 4848,14,22,0,4,4,2.75
VFLM 4848,15,17,1,3,5,2.125
VFLM 4848,16,24,0,4,4,3.0
VFLM 4848,17,17,1,3,5,2.125
VFLM 4848,18,26,0,4,4,3.25
VFLM 4848,19,18,0,6,2,2.25
VFLM 4848,20,22,0,4,4,2.75
VFLM 4848,21,16,0,4,4,2.0
VFLM 4848,22,23,1,5,3,2.875
VFLM 4848,23,26,0,0,8,3.25
VFLM 4848,24,22,0,4,4,2.75
VFLM 4848,25,18,0,4,4,2.25
VFLM 4848,26,26,0,4,4,3.25
VFLM 4848,27,18,0,6,2,2.25
VFLM 4848,28,22,0,4,4,2.75
VFLM 4848,29,16,0,4,4,2.0
VFLM 4848,30,23,1,5,3,2.875
VFLM 4849,1,26,0,0,8,3.25
VFLM 4849,2,22,0,4,4,2.75
VFLM 4849,3,17,1,3,5,2.125
VFLM 4849,4,24,0,4,4,3.0
VFLM 4849,5,18,0,4,4,2.25
VFLM 4849,6,26,0,4,4,3.25
VFLM 4849,7,18,0,6,2,2.25
VFLM 4849,8,22,0,4,4,2.75
VFLM 4849,9,16,0,4,4,2.0
VFLM 4849,10,23,1,5,3,2.875
VFLM 4849,11,26,0,0,8,3.25
VFLM 4849,12,22,0,4,4,2.75
VFLM 4849,13,17,1,3,5,2.125
VFLM 4849,14,24,0,4,4,3.0
VFLM 4849,15,24,0,4,4,3.0
VFLM 4849,16,18,0,4,4,2.25
VFLM 4849,17,26,0,4,4,3.25
VFLM 4849,18,18,0,6,2,2.25
VFLM 4849,19,22,0,4,4,2.75
VFLM 4849,20,16,0,4,4,2.0
VFLM 4849,21,23,1,5,3,2.875
VFLM 4849,22,26,0,0,8,3.25
VFLM 4849,23,22,0,4,4,2.75
VFLM 4849,24,17,1,3,5,2.125
VFLM 4849,25,24,0,4,4,3.0
VFLM 4849,26,18,0,4,4,2.25
VFLM 4849,27,26,0,4,4,3.25
VFLM 4849,28,18,0,6,2,2.25
VFLM 4849,29,22,0,4,4,2.75
VFLM 4849,30,16,0,4,4,2.0
VFLM 4850,1,23,1,5,3,2.875
VFLM 4850,2,26,0,0,8,3.25
VFLM 4850,3,22,0,4,4,2.75
VFLM 4850,4,17,1,3,5,2.125
VFLM 4850,5,21,1,5,3,2.625
VFLM 4850,6,24,0,4,4,3.0
VFLM 4850,7,18,0,4,4,2.25
VFLM 4850,8,26,0,4,4,3.25
VFLM 4850,9,18,0,6,2,2.25
VFLM 4850,10,22,0,4,4,2.75
VFLM 4850,11,16,0,4,4,2.0
VFLM 4850,12,23,1,5,3,2.875
VFLM 4850,13,26,0,0,8,3.25
VFLM 4850,14,22,0,4,4,2.75
VFLM 4850,15,21,1,5,3,2.625
VFLM 4850,16,24,0,4,4,3.0
VFLM 4850,17,18,0,4,4,2.25
VFLM 4850,18,26,0,4,4,3.25
VFLM 4850,19,18,0,6,2,2.25
VFLM 4850,20,22,0,4,4,2.75
VFLM 4850,21,16,0,4,4,2.0
VFLM 4850,22,23,1,5,3,2.875
VFLM 4850,23,26,0,0,8,3.25
VFLM 4850,24,22,0,4,4,2.75
VFLM 4850,25,30,0,2,6,3.75
VFLM 4850,26,21,1,5,3,2.625
VFLM 4850,27,24,0,4,4,3.0
VFLM 4850,28,18,0,4,4,2.25
VFLM 4850,29,26,0,4,4,3.25
VFLM 4850,30,18,0,6,2,2.25
VFLM 4851,1,22,0,4,4,2.75
VFLM 4851,2,16,0,4,4,2.0
VFLM 4851,3,23,1,5,3,2.875
VFLM 4851,4,26,0,0,8,3.25
VFLM 4851,5,30,0,2,6,3.75
VFLM 4851,6,21,1,5,3,2.625
VFLM 4851,7,24,0,4,4,3.0
VFLM 4851,8,18,0,4,4,2.25
VFLM 4851,9,26,0,4,4,3.25
VFLM 4851,10,18,0,6,2,2.25
VFLM 4851,11,22,0,4,4,2.75
VFLM 4851,12,16,0,4,4,2.0
VFLM 4851,13,23,1,5,3,2.875
VFLM 4851,14,26,0,0,8,3.25
VFLM 4851,15,16,0,4,4,2.0
VFLM 4851,16,30,0,2,6,3.75
VFLM 4851,17,21,1,5,3,2.625
VFLM 4851,18,24,0,4,4,3.0
VFLM 4851,19,18,0,4,4,2.25
VFLM 4851,20,26,0,4,4,3.25
VFLM 4851,21,18,0,6,2,2.25
VFLM 4851,22,22,0,4,4,2.75
VFLM 4851,23,16,0,4,4,2.0
VFLM 4851,24,23,1,5,3,2.875
VFLM 4851,25,16,0,4,4,2.0
VFLM 4851,26,30,0,2,6,3.75
VFLM 4851,27,21,1,5,3,2.625
VFLM 4851,28,24,0,4,4,3.0
VFLM 4851,29,18,0,4,4,2.25
VFLM 4851,30,26,0,4,4,3.25
VFLM 4852,1,18,0,6,2,2.25
VFLM 4852,2,22,0,4,4,2.75
VFLM 4852,3,16,0,4,4,2.0
VFLM 4852,4,23,1,5,3,2.875
VFLM 4852,5,18,0,4,4,2.25
VFLM 4852,6,16,0,4,4,2.0
VFLM 4852,7,30,0,2,6,3.75
VFLM 4852,8,21,1,5,3,2.625
VFLM 4852,9,24,0,4,4,3.0
VFLM 4852,10,18,0,4,4,2.25
VFLM 4852,11,26,0,4,4,3.25
VFLM 4852,12,18,0,6,2,2.25
VFLM 4852,13,22,0,4,4,2.75
VFLM 4852,14,16,0,4,4,2.0
VFLM 4852,15,18,0,4,4,2.25
VFLM 4852,16,16,0,4,4,2.0
VFLM 4852,17,30,0,2,6,3.75
VFLM 4852,18,21,1,5,3,2.625
VFLM 4852,19,24,0,4,4,3.0
VFLM 4852,20,18,0,4,4,2.25
VFLM 4852,21,26,0,4,4,3.25
VFLM 4852,22,18,0,6,2,2.25
VFLM 4852,23,22,0,4,4,2.75
VFLM 4852,24,16,0,4,4,2.0
VFLM 4852,25,18,0,4,4,2.25
VFLM 4852,26,16,0,4,4,2.0
VFLM 4852,27,30,0,2,6,3.75
VFLM 4852,28,21,1,5,3,2.625
VFLM 4852,29,24,0,4,4,3.0
VFLM 4852,30,18,0,4,4,2.25
VFLM 4853,1,26,0,4,4,3.25
VFLM 4853,2,18,0,6,2,2.25
VFLM 4853,3,22,0,4,4,2.75
VFLM 4853,4,16,0,4,4,2.0
VFLM 4853,5,18,0,4,4,2.25
VFLM 4853,6,16,0,4,4,2.0
VFLM 4853,7,30,0,2,6,3.75
VFLM 4853,8,21,1,5,3,2.625
VFLM 4853,9,24,0,4,4,3.0
VFLM 4853,10,18,0,4,4,2.25
VFLM 4853,11,26,0,4,4,3.25
VFLM 4853,12,18,0,6,2,2.25
VFLM 4853,13,22,0,4,4,2.75
VFLM 4853,14,16,0,4,4,2.0
VFLM 4853,15,24,0,2,6,3.0
VFLM 4853,16,18,0,4,4,2.25
VFLM 4853,17,16,0,4,4,2.0
VFLM 4853,18,30,0,2,6,3.75
VFLM 4853,19,21,1,5,3,2.625
VFLM 4853,20,24,0,4,4,3.0
VFLM 4853,21,24,0,4,4,3.0
VFLM 4853,22,24,0,2,6,3.0
VFLM 4853,23,18,0,4,4,2.25
VFLM 4853,24,16,0,4,4,2.0
VFLM 4853,25,30,0,2,6,3.75
VFLM 4853,26,21,1,5,3,2.625
VFLM 4853,27,24,0,4,4,3.0
VFLM 4853,28,18,0,4,4,2.25
VFLM 4853,29,26,0,4,4,3.25
VFLM 4853,30,18,0,6,2,2.25
VFLM 4854,1,24,0,4,4,3.0
VFLM 4854,2,24,0,2,6,3.0
VFLM 4854,3,19,1,3,5,2.375
VFLM 4854,4,24,0,4,4,3.0
VFLM 4854,5,24,0,2,6,3.0
VFLM 4854,6,18,0,4,4,2.25
VFLM 4854,7,16,0,4,4,2.0
VFLM 4854,8,30,0,2,6,3.75
VFLM 4854,9,21,1,5,3,2.625
VFLM 4854,10,24,0,4,4,3.0
VFLM 4854,11,18,0,4,4,2.25
VFLM 4854,12,26,0,4,4,3.25
VFLM 4854,13,20,0,6,2,2.5
VFLM 4854,14,19,1,3,5,2.375
VFLM 4854,15,24,0,4,4,3.0
VFLM 4854,16,24,0,2,6,3.0
VFLM 4854,17,18,0,4,4,2.25
VFLM 4854,18,16,0,4,4,2.0
VFLM 4854,19,30,0,2,6,3.75
VFLM 4854,20,21,1,5,3,2.625
VFLM 4854,21,24,0,4,4,3.0
VFLM 4854,22,18,0,4,4,2.25
VFLM 4854,23,15,1,3,5,1.875
VFLM 4854,24,20,0,6,2,2.5
VFLM 4854,25,19,1,3,5,2.375
VFLM 4854,26,24,0,4,4,3.0
VFLM 4854,27,24,0,2,6,3.0
VFLM 4854,28,18,0,4,4,2.25
VFLM 4854,29,16,0,4,4,2.0
VFLM 4854,30,30,0,2,6,3.75
VFLM 4855,1,21,1,5,3,2.625
VFLM 4855,2,24,0,4,4,3.0
VFLM 4855,3,19,1,1,7,2.375
VFLM 4855,4,15,1,3,5,1.875
VFLM 4855,5,20,0,6,2,2.5
VFLM 4855,6,19,1,3,5,2.375
VFLM 4855,7,24,0,4,4,3.0
VFLM 4855,8,24,0,2,6,3.0
VFLM 4855,9,18,0,4,4,2.25
VFLM 4855,10,16,0,4,4,2.0
VFLM 4855,11,30,0,2,6,3.75
VFLM 4855,12,21,1,5,3,2.625
VFLM 4855,13,24,0,4,4,3.0
VFLM 4855,14,19,1,1,7,2.375
VFLM 4855,15,15,1,3,5,1.875
VFLM 4855,16,20,0,6,2,2.5
VFLM 4855,17,19,1,3,5,2.375
VFLM 4855,18,24,0,4,4,3.0
VFLM 4855,19,24,0,2,6,3.0
VFLM 4855,20,18,0,4,4,2.25
VFLM 4855,21,16,0,4,4,2.0
VFLM 4855,22,30,0,2,6,3.75
VFLM 4855,23,19,1,3,5,2.375
VFLM 4855,24,24,0,4,4,3.0
VFLM 4855,25,19,1,1,7,2.375
VFLM 4855,26,15,1,3,5,1.875
VFLM 4855,27,20,0,6,2,2.5
VFLM 4855,28,19,1,3,5,2.375
VFLM 4855,29,24,0,4,4,3.0
VFLM 4855,30,24,0,2,6,3.0
VFLM 4856,1,18,0,4,4,2.25
VFLM 4856,2,16,0,4,4,2.0
VFLM 4856,3,18,0,6,2,2.25
VFLM 4856,4,18,0,6,2,2.25
VFLM 4856,5,19,1,3,5,2.375
VFLM 4856,6,24,0,4,4,3.0
VFLM 4856,7,19,1,1,7,2.375
VFLM 4856,8,15,1,3,5,1.875
VFLM 4856,9,20,0,6,2,2.5
VFLM 4856,10,19,1,3,5,2.375
VFLM 4856,11,24,0,4,4,3.0
VFLM 4856,12,24,0,2,6,3.0
VFLM 4856,13,18,0,4,4,2.25
VFLM 4856,14,18,0,6,2,2.25
VFLM 4856,15,19,1,3,5,2.375
VFLM 4856,16,24,0,4,4,3.0
VFLM 4856,17,19,1,1,7,2.375
VFLM 4856,18,15,1,3,5,1.875
VFLM 4856,19,16,0,6,2,2.0
VFLM 4856,20,18,0,6,2,2.25
VFLM 4856,21,19,1,3,5,2.375
VFLM 4856,22,24,0,4,4,3.0
VFLM 4856,23,19,1,1,7,2.375
VFLM 4856,24,15,1,3,5,1.875
VFLM 4856,25,20,0,6,2,2.5
VFLM 4856,26,19,1,3,5,2.375
VFLM 4856,27,24,0,4,4,3.0
VFLM 4856,28,24,0,2,6,3.0
VFLM 4856,29,16,0,6,2,2.0
VFLM 4856,30,18,0,6,2,2.25
VFLM 4857,1,19,1,3,5,2.375
VFLM 4857,2,24,0,4,4,3.0
VFLM 4857,3,19,1,1,7,2.375
VFLM 4857,4,15,1,3,5,1.875
VFLM 4857,5,20,0,6,2,2.5
VFLM 4857,6,19,1,3,5,2.375
VFLM 4857,7,24,0,4,4,3.0
VFLM 4857,8,24,0,2,6,3.0
VFLM 4857,9,17,1,3,5,2.125
VFLM 4857,10,16,0,6,2,2.0
VFLM 4857,11,18,0,6,2,2.25
VFLM 4857,12,19,1,3,5,2.375
VFLM 4857,13,24,0,4,4,3.0
VFLM 4857,14,19,1,1,7,2.375
VFLM 4857,15,15,1,3,5,1.875
VFLM 4857,16,20,0,6,2,2.5
VFLM 4857,17,19,1,3,5,2.375
VFLM 4857,18,24,0,4,4,3.0
VFLM 4857,19,17,1,3,5,2.125
VFLM 4857,20,16,0,6,2,2.0
VFLM 4857,21,18,0,6,2,2.25
VFLM 4857,22,19,1,3,5,2.375
VFLM 4857,23,24,0,4,4,3.0
VFLM 4857,24,19,1,1,7,2.375
VFLM 4857,25,15,1,3,5,1.875
VFLM 4857,26,20,0,6,2,2.5
VFLM 4857,27,19,1,3,5,2.375
VFLM 4857,28,24,0,4,4,3.0
VFLM 4857,29,24,0,6,2,3.0
VFLM 4857,30,17,1,3,5,2.125
VFLM 4858,1,16,0,6,2,2.0
VFLM 4858,2,18,0,6,2,2.25
VFLM 4858,3,19,1,3,5,2.375
VFLM 4858,4,24,0,4,4,3.0
VFLM 4858,5,19,1,1,7,2.375
VFLM 4858,6,15,1,3,5,1.875
VFLM 4858,7,20,0,6,2,2.5
VFLM 4858,8,19,1,3,5,2.375
VFLM 4858,9,24,0,6,2,3.0
VFLM 4858,10,17,1,3,5,2.125
VFLM 4858,11,16,0,6,2,2.0
VFLM 4858,12,18,0,6,2,2.25
VFLM 4858,13,19,1,3,5,2.375
VFLM 4858,14,24,0,4,4,3.0
VFLM 4858,15,19,1,1,7,2.375
VFLM 4858,16,15,1,3,5,1.875
VFLM 4858,17,20,0,6,2,2.5
VFLM 4858,18,19,1,3,5,2.375
VFLM 4858,19,17,1,5,3,2.125
VFLM 4858,20,24,0,6,2,3.0
VFLM 4858,21,17,1,3,5,2.125
VFLM 4858,22,16,0,6,2,2.0
VFLM 4858,23,18,0,6,2,2.25
VFLM 4858,24,19,1,3,5,2.375
VFLM 4858,25,24,0,4,4,3.0
VFLM 4858,26,19,1,1,7,2.375
VFLM 4858,27,15,1,3,5,1.875
VFLM 4858,28,20,0,6,2,2.5
VFLM 4858,29,17,1,5,3,2.125
VFLM 4858,30,24,0,6,2,3.0
VFLM 4859,1,17,1,3,5,2.125
VFLM 4859,2,16,0,6,2,2.0
VFLM 4859,3,18,0,6,2,2.25
VFLM 4859,4,19,1,3,5,2.375
VFLM 4859,5,24,0,4,4,3.0
VFLM 4859,6,19,1,1,7,2.375
VFLM 4859,7,15,1,3,5,1.875
VFLM 4859,8,20,0,6,2,2.5
VFLM 4859,9,14,0,6,2,1.75
VFLM 4859,10,17,1,5,3,2.125
VFLM 4859,11,24,0,6,2,3.0
VFLM 4859,12,17,1,3,5,2.125
VFLM 4859,13,16,0,6,2,2.0
VFLM 4859,14,18,0,6,2,2.25
VFLM 4859,15,19,1,3,5,2.375
VFLM 4859,16,24,0,4,4,3.0
VFLM 4859,17,19,1,1,7,2.375
VFLM 4859,18,15,1,3,5,1.875
VFLM 4859,19,14,0,6,2,1.75
VFLM 4859,20,17,1,5,3,2.125
VFLM 4859,21,24,0,6,2,3.0
VFLM 4859,22,17,1,3,5,2.125
VFLM 4859,23,16,0,6,2,2.0
VFLM 4859,24,18,0,6,2,2.25
VFLM 4859,25,19,1,3,5,2.375
VFLM 4859,26,24,0,4,4,3.0
VFLM 4859,27,19,1,1,7,2.375
VFLM 4859,28,15,1,3,5,1.875
VFLM 4859,29,29,1,3,5,3.625
VFLM 4859,30,14,0,6,2,1.75
VFLM 4860,1,17,1,5,3,2.125
VFLM 4860,2,24,0,6,2,3.0
VFLM 4860,3,17,1,3,5,2.125
VFLM 4860,4,16,0,6,2,2.0
VFLM 4860,5,18,0,6,2,2.25
VFLM 4860,6,19,1,3,5,2.375
VFLM 4860,7,24,0,4,4,3.0
VFLM 4860,8,19,1,1,7,2.375
VFLM 4860,9,29,1,3,5,3.625
VFLM 4860,10,14,0,6,2,1.75
VFLM 4860,11,17,1,5,3,2.125
VFLM 4860,12,24,0,6,2,3.0
VFLM 4860,13,17,1,3,5,2.125
VFLM 4860,14,16,0,6,2,2.0
VFLM 4860,15,18,0,6,2,2.25
VFLM 4860,16,19,1,3,5,2.375
VFLM 4860,17,24,0,4,4,3.0
VFLM 4860,18,19,1,1,7,2.375
VFLM 4860,19,20,0,4,4,2.5
VFLM 4860,20,29,1,3,5,3.625
VFLM 4860,21,14,0,6,2,1.75
VFLM 4860,22,17,1,5,3,2.125
VFLM 4860,23,24,0,6,2,3.0
VFLM 4860,24,17,1,3,5,2.125
VFLM 4860,25,16,0,6,2,2.0
VFLM 4860,26,18,0,6,2,2.25
VFLM 4860,27,19,1,3,5,2.375
VFLM 4860,28,24,0,4,4,3.0
VFLM 4860,29,20,0,4,4,2.5
VFLM 4860,30,29,1,3,5,3.625
VFLM 4861,1,14,0,6,2,1.75
VFLM 4861,2,17,1,5,3,2.125
VFLM 4861,3,24,0,6,2,3.0
VFLM 4861,4,17,1,3,5,2.125
VFLM 4861,5,16,0,6,2,2.0
VFLM 4861,6,18,0,6,2,2.25
VFLM 4861,7,19,1,3,5,2.375
VFLM 4861,8,24,0,4,4,3.0
VFLM 4861,9,19,1,3,5,2.375
VFLM 4861,10,20,0,4,4,2.5
VFLM 4861,11,29,1,3,5,3.625
VFLM 4861,12,14,0,6,2,1.75
VFLM 4861,13,17,1,5,3,2.125
VFLM 4861,14,24,0,6,2,3.0
VFLM 4861,15,19,1,3,5,2.375
VFLM 4861,16,20,0,4,4,2.5
VFLM 4861,17,29,1,3,5,3.625
VFLM 4861,18,14,0,6,2,1.75
VFLM 4861,19,17,1,5,3,2.125
VFLM 4861,20,24,0,6,2,3.0
VFLM 4861,21,17,1,3,5,2.125
VFLM 4861,22,16,0,6,2,2.0
VFLM 4861,23,18,0,6,2,2.25
VFLM 4861,24,19,1,3,5,2.375
VFLM 4861,25,21,1,3,5,2.625
VFLM 4861,26,19,1,3,5,2.375
VFLM 4861,27,20,0,4,4,2.5
VFLM 4861,28,29,1,3,5,3.625
VFLM 4861,29,14,0,6,2,1.75
VFLM 4861,30,17,1,5,3,2.125
VFLM 4862,1,24,0,6,2,3.0
VFLM 4862,2,17,1,3,5,2.125
VFLM 4862,3,16,0,6,2,2.0
VFLM 4862,4,18,0,6,2,2.25
VFLM 4862,5,20,0,2,6,2.5
VFLM 4862,6,21,1,3,5,2.625
VFLM 4862,7,19,1,3,5,2.375
VFLM 4862,8,20,0,4,4,2.5
VFLM 4862,9,29,1,3,5,3.625
VFLM 4862,10,14,0,6,2,1.75
VFLM 4862,11,17,1,5,3,2.125
VFLM 4862,12,24,0,6,2,3.0
VFLM 4862,13,17,1,3,5,2.125
VFLM 4862,14,16,0,6,2,2.0
VFLM 4862,15,22,0,4,4,2.75
VFLM 4862,16,20,0,2,6,2.5
VFLM 4862,17,21,1,3,5,2.625
VFLM 4862,18,19,1,3,5,2.375
VFLM 4862,19,20,0,4,4,2.5
VFLM 4862,20,29,1,3,5,3.625
VFLM 4862,21,14,0,6,2,1.75
VFLM 4862,22,17,1,5,3,2.125
VFLM 4862,23,24,0,6,2,3.0
VFLM 4862,24,17,1,3,5,2.125
VFLM 4862,25,22,0,4,4,2.75
VFLM 4862,26,22,0,4,4,2.75
VFLM 4862,27,20,0,2,6,2.5
VFLM 4862,28,21,1,3,5,2.625
VFLM 4862,29,19,1,3,5,2.375
VFLM 4862,30,20,0,4,4,2.5
VFLM 4863,1,29,1,3,5,3.625
VFLM 4863,2,14,0,6,2,1.75
VFLM 4863,3,17,1,5,3,2.125
VFLM 4863,4,24,0,6,2,3.0
VFLM 4863,5,22,0,2,6,2.75
VFLM 4863,6,22,0,4,4,2.75
VFLM 4863,7,22,0,4,4,2.75
VFLM 4863,8,20,0,2,6,2.5
VFLM 4863,9,21,1,3,5,2.625
VFLM 4863,10,19,1,3,5,2.375
VFLM 4863,11,20,0,4,4,2.5
VFLM 4863,12,29,1,3,5,3.625
VFLM 4863,13,14,0,6,2,1.75
VFLM 4863,14,17,1,5,3,2.125
VFLM 4863,15,18,0,4,4,2.25
VFLM 4863,16,22,0,2,6,2.75
VFLM 4863,17,22,0,4,4,2.75
VFLM 4863,18,22,0,4,4,2.75
VFLM 4863,19,20,0,2,6,2.5
VFLM 4863,20,21,1,3,5,2.625
VFLM 4863,21,19,1,3,5,2.375
VFLM 4863,22,20,0,4,4,2.5
VFLM 4863,23,29,1,3,5,3.625
VFLM 4863,24,14,0,6,2,1.75
VFLM 4863,25,28,0,4,4,3.5
VFLM 4863,26,18,0,4,4,2.25
VFLM 4863,27,22,0,2,6,2.75
VFLM 4863,28,22,0,4,4,2.75
VFLM 4863,29,22,0,4,4,2.75
VFLM 4863,30,20,0,2,6,2.5
VFLM 4864,1,21,1,3,5,2.625
VFLM 4864,2,19,1,3,5,2.375
VFLM 4864,3,20,0,4,4,2.5
VFLM 4864,4,29,1,3,5,3.625
VFLM 4864,5,28,0,4,4,3.5
VFLM 4864,6,18,0,4,4,2.25
VFLM 4864,7,22,0,2,6,2.75
VFLM 4864,8,22,0,4,4,2.75
VFLM 4864,9,22,0,4,4,2.75
VFLM 4864,10,20,0,2,6,2.5
VFLM 4864,11,21,1,3,5,2.625
VFLM 4864,12,19,1,3,5,2.375
VFLM 4864,13,20,0,4,4,2.5
VFLM 4864,14,29,1,3,5,3.625
VFLM 4864,15,14,0,4,4,1.75
VFLM 4864,16,28,0,4,4,3.5
VFLM 4864,17,18,0,4,4,2.25
VFLM 4864,18,22,0,2,6,2.75
VFLM 4864,19,22,0,4,4,2.75
VFLM 4864,20,22,0,4,4,2.75
VFLM 4864,21,20,0,2,6,2.5
VFLM 4864,22,21,1,3,5,2.625
VFLM 4864,23,19,1,3,5,2.375
VFLM 4864,24,20,0,4,4,2.5
VFLM 4864,25,14,0,4,4,1.75
VFLM 4864,26,28,0,4,4,3.5
VFLM 4864,27,18,0,4,4,2.25
VFLM 4864,28,22,0,2,6,2.75
VFLM 4864,29,22,0,4,4,2.75
VFLM 4864,30,22,0,4,4,2.75
VFLM 4865,1,20,0,2,6,2.5
VFLM 4865,2,21,1,3,5,2.625
VFLM 4865,3,19,1,3,5,2.375
VFLM 4865,4,20,0,4,4,2.5
VFLM 4865,5,18,0,2,6,2.25
VFLM 4865,6,14,0,4,4,1.75
VFLM 4865,7,28,0,4,4,3.5
VFLM 4865,8,18,0,4,4,2.25
VFLM 4865,9,22,0,2,6,2.75
VFLM 4865,10,22,0,4,4,2.75
VFLM 4865,11,22,0,4,4,2.75
VFLM 4865,12,20,0,2,6,2.5
VFLM 4865,13,21,1,3,5,2.625
VFLM 4865,14,19,1,3,5,2.375
VFLM 4865,15,18,0,2,6,2.25
VFLM 4865,16,14,0,4,4,1.75
VFLM 4865,17,28,0,4,4,3.5
VFLM 4865,18,18,0,4,4,2.25
VFLM 4865,19,22,0,2,6,2.75
VFLM 4865,20,22,0,4,4,2.75
VFLM 4865,21,22,0,4,4,2.75
VFLM 4865,22,20,0,2,6,2.5
VFLM 4865,23,21,1,3,5,2.625
VFLM 4865,24,19,1,3,5,2.375
VFLM 4865,25,17,1,3,5,2.125
VFLM 4865,26,18,0,2,6,2.25
VFLM 4865,27,14,0,4,4,1.75
VFLM 4865,28,28,0,4,4,3.5
VFLM 4865,29,18,0,4,4,2.25
VFLM 4865,30,22,0,2,6,2.75
VFLM 4866,1,22,0,4,4,2.75
VFLM 4866,2,22,0,4,4,2.75
VFLM 4866,3,20,0,2,6,2.5
VFLM 4866,4,21,1,3,5,2.625
VFLM 4866,5,17,1,3,5,2.125
VFLM 4866,6,18,0,2,6,2.25
VFLM 4866,7,14,0,4,4,1.75
VFLM 4866,8,28,0,4,4,3.5
VFLM 4866,9,18,0,4,4,2.25
VFLM 4866,10,22,0,2,6,2.75
VFLM 4866,11,22,0,4,4,2.75
VFLM 4866,12,22,0,4,4,2.75
VFLM 4866,13,20,0,2,6,2.5
VFLM 4866,14,21,1,3,5,2.625
VFLM 4866,15,19,1,3,5,2.375
VFLM 4866,16,17,1,3,5,2.125
VFLM 4866,17,18,0,2,6,2.25
VFLM 4866,18,14,0,4,4,1.75
VFLM 4866,19,28,0,4,4,3.5
VFLM 4866,20,18,0,4,4,2.25
VFLM 4866,21,22,0,2,6,2.75
VFLM 4866,22,22,0,4,4,2.75
VFLM 4866,23,22,0,4,4,2.75
VFLM 4866,24,20,0,2,6,2.5
VFLM 4866,25,19,1,3,5,2.375
VFLM 4866,26,17,1,3,5,2.125
VFLM 4866,27,18,0,2,6,2.25
VFLM 4866,28,14,0,4,4,1.75
VFLM 4866,29,28,0,4,4,3.5
VFLM 4866,30,18,0,4,4,2.25
VFLM 4868,1,28,0,4,4,3.5
VFLM 4868,2,18,0,4,4,2.25
VFLM 4868,3,22,0,2,6,2.75
VFLM 4868,4,22,0,4,4,2.75
VFLM 4868,5,18,0,4,4,2.25
VFLM 4868,6,18,0,4,4,2.25
VFLM 4868,7,19,1,3,5,2.375
VFLM 4868,8,17,1,3,5,2.125
VFLM 4868,9,18,0,2,6,2.25
VFLM 4868,10,18,0,4,4,2.25
VFLM 4868,11,18,0,4,4,2.25
VFLM 4868,12,19,1,3,5,2.375
VFLM 4868,13,17,1,3,5,2.125
VFLM 4868,14,18,0,2,6,2.25
VFLM 4868,15,14,0,4,4,1.75
VFLM 4868,16,28,0,4,4,3.5
VFLM 4868,17,18,0,4,4,2.25
VFLM 4868,18,22,0,2,6,2.75
VFLM 4868,19,22,0,4,4,2.75
VFLM 4868,20,27,1,3,5,3.375
VFLM 4868,21,18,0,4,4,2.25
VFLM 4868,22,18,0,4,4,2.25
VFLM 4868,23,27,1,3,5,3.375
VFLM 4868,24,18,0,4,4,2.25
VFLM 4868,25,18,0,4,4,2.25
VFLM 4868,26,19,1,3,5,2.375
VFLM 4868,27,17,1,3,5,2.125
VFLM 4868,28,18,0,2,6,2.25
VFLM 4868,29,14,0,4,4,1.75
VFLM 4868,30,28,0,4,4,3.5
VFLM 4869,1,18,0,4,4,2.25
VFLM 4869,2,22,0,2,6,2.75
VFLM 4869,3,24,0,2,6,3.0
VFLM 4869,4,27,1,3,5,3.375
VFLM 4869,5,18,0,4,4,2.25
VFLM 4869,6,18,0,4,4,2.25
VFLM 4869,7,19,1,3,5,2.375
VFLM 4869,8,24,0,2,6,3.0
VFLM 4869,9,27,1,3,5,3.375
VFLM 4869,10,18,0,4,4,2.25
VFLM 4869,11,18,0,4,4,2.25
VFLM 4869,12,19,1,3,5,2.375
VFLM 4869,13,17,1,3,5,2.125
VFLM 4869,14,18,0,2,6,2.25
VFLM 4869,15,14,0,4,4,1.75
VFLM 4869,16,28,0,4,4,3.5
VFLM 4869,17,18,0,4,4,2.25
VFLM 4869,18,16,0,4,4,2.0
VFLM 4869,19,24,0,2,6,3.0
VFLM 4869,20,27,1,3,5,3.375
VFLM 4869,21,18,0,4,4,2.25
VFLM 4869,22,16,0,4,4,2.0
VFLM 4869,23,24,0,2,6,3.0
VFLM 4869,24,27,1,3,5,3.375
VFLM 4869,25,18,0,4,4,2.25
VFLM 4869,26,18,0,4,4,2.25
VFLM 4869,27,19,1,3,5,2.375
VFLM 4869,28,17,1,3,5,2.125
VFLM 4869,29,18,0,2,6,2.25
VFLM 4869,30,14,0,4,4,1.75
VFLM 4870,1,28,0,4,4,3.5
VFLM 4870,2,20,0,4,4,2.5
VFLM 4870,3,16,0,4,4,2.0
VFLM 4870,4,24,0,2,6,3.0
VFLM 4870,5,27,1,3,5,3.375
VFLM 4870,6,18,0,4,4,2.25
VFLM 4870,7,18,0,4,4,2.25
VFLM 4870,8,19,1,3,5,2.375
VFLM 4870,9,17,1,3,5,2.125
VFLM 4870,10,18,0,2,6,2.25
VFLM 4870,11,14,0,4,4,1.75
VFLM 4870,12,20,0,4,4,2.5
VFLM 4870,13,20,0,4,4,2.5
VFLM 4870,14,16,0,4,4,2.0
VFLM 4870,15,24,0,2,6,3.0
VFLM 4870,16,27,1,3,5,3.375
VFLM 4870,17,18,0,4,4,2.25
VFLM 4870,18,18,0,4,4,2.25
VFLM 4870,19,19,1,3,5,2.375
VFLM 4870,20,17,1,3,5,2.125
VFLM 4870,21,18,0,2,6,2.25
VFLM 4870,22,25,1,5,3,3.125
VFLM 4870,23,20,0,4,4,2.5
VFLM 4870,24,20,0,4,4,2.5
VFLM 4870,25,16,0,4,4,2.0
VFLM 4870,26,24,0,2,6,3.0
VFLM 4870,27,27,1,3,5,3.375
VFLM 4870,28,18,0,4,4,2.25
VFLM 4870,29,18,0,4,4,2.25
VFLM 4870,30,19,1,3,5,2.375
VFLM 4871,1,17,1,3,5,2.125
VFLM 4871,2,23,1,1,7,2.875
VFLM 4871,3,25,1,5,3,3.125
VFLM 4871,4,20,0,4,4,2.5
VFLM 4871,5,20,0,4,4,2.5
VFLM 4871,6,16,0,4,4,2.0
VFLM 4871,7,24,0,2,6,3.0
VFLM 4871,8,27,1,3,5,3.375
VFLM 4871,9,18,0,4,4,2.25
VFLM 4871,10,18,0,4,4,2.25
VFLM 4871,11,19,1,3,5,2.375
VFLM 4871,12,25,1,5,3,3.125
VFLM 4871,13,23,1,1,7,2.875
VFLM 4871,14,25,1,5,3,3.125
VFLM 4871,15,20,0,4,4,2.5
VFLM 4871,16,20,0,4,4,2.5
VFLM 4871,17,16,0,4,4,2.0
VFLM 4871,18,24,0,2,6,3.0
VFLM 4871,19,27,1,3,5,3.375
VFLM 4871,20,18,0,4,4,2.25
VFLM 4871,21,18,0,4,4,2.25
VFLM 4871,22,26,0,4,4,3.25
VFLM 4871,23,25,1,5,3,3.125
VFLM 4871,24,23,1,1,7,2.875
VFLM 4871,25,25,1,5,3,3.125
VFLM 4871,26,26,0,4,4,3.25
VFLM 4871,27,25,1,5,3,3.125
VFLM 4871,28,23,1,1,7,2.875
VFLM 4871,29,25,1,5,3,3.125
VFLM 4871,30,20,0,4,4,2.5
VFLM 4872,1,20,0,4,4,2.5
VFLM 4872,2,16,0,4,4,2.0
VFLM 4872,3,24,0,2,6,3.0
VFLM 4872,4,27,1,3,5,3.375
VFLM 4872,5,18,0,4,4,2.25
VFLM 4872,6,25,1,5,3,3.125
VFLM 4872,7,26,0,4,4,3.25
VFLM 4872,8,25,1,5,3,3.125
VFLM 4872,9,23,1,1,7,2.875
VFLM 4872,10,25,1,5,3,3.125
VFLM 4872,11,20,0,4,4,2.5
VFLM 4872,12,20,0,4,4,2.5
VFLM 4872,13,16,0,4,4,2.0
VFLM 4872,14,24,0,2,6,3.0
VFLM 4872,15,27,1,3,5,3.375
VFLM 4872,16,25,1,5,3,3.125
VFLM 4872,17,26,0,4,4,3.25
VFLM 4872,18,25,1,5,3,3.125
VFLM 4872,19,23,1,1,7,2.875
VFLM 4872,20,25,1,5,3,3.125
VFLM 4872,21,20,0,4,4,2.5
VFLM 4872,22,20,0,4,4,2.5
VFLM 4872,23,16,0,4,4,2.0
VFLM 4872,24,24,0,2,6,3.0
VFLM 4872,25,27,1,3,5,3.375
VFLM 4872,26,18,0,4,4,2.25
VFLM 4872,27,25,1,5,3,3.125
VFLM 4872,28,26,0,4,4,3.25
VFLM 4872,29,25,1,5,3,3.125
VFLM 4872,30,23,1,1,7,2.875
VFLM 4873,1,25,1,5,3,3.125
VFLM 4873,2,20,0,4,4,2.5
VFLM 4873,3,20,0,4,4,2.5
VFLM 4873,4,16,0,4,4,2.0
VFLM 4873,5,24,0,2,6,3.0
VFLM 4873,6,18,0,4,4,2.25
VFLM 4873,7,25,1,5,3,3.125
VFLM 4873,8,26,0,4,4,3.25
VFLM 4873,9,25,1,5,3,3.125
VFLM 4873,10,23,1,1,7,2.875
VFLM 4873,11,25,1,5,3,3.125
VFLM 4873,12,20,0,4,4,2.5
VFLM 4873,13,20,0,4,4,2.5
VFLM 4873,14,16,0,4,4,2.0
VFLM 4873,15,24,0,2,6,3.0
VFLM 4873,16,26,0,6,2,3.25
VFLM 4873,17,18,0,4,4,2.25
VFLM 4873,18,25,1,5,3,3.125
VFLM 4873,19,26,0,4,4,3.25
VFLM 4873,20,25,1,5,3,3.125
VFLM 4873,21,23,1,1,7,2.875
VFLM 4873,22,25,1,5,3,3.125
VFLM 4873,23,20,0,4,4,2.5
VFLM 4873,24,20,0,4,4,2.5
VFLM 4873,25,16,0,4,4,2.0
VFLM 4873,26,26,0,6,2,3.25
VFLM 4873,27,18,0,4,4,2.25
VFLM 4873,28,25,1,5,3,3.125
VFLM 4873,29,26,0,4,4,3.25
VFLM 4873,30,25,1,5,3,3.125
VFLM 4874,1,23,1,1,7,2.875
VFLM 4874,2,25,1,5,3,3.125
VFLM 4874,3,20,0,4,4,2.5
VFLM 4874,4,20,0,4,4,2.5
VFLM 4874,5,16,0,4,4,2.0
VFLM 4874,6,20,0,4,4,2.5
VFLM 4874,7,26,0,6,2,3.25
VFLM 4874,8,18,0,4,4,2.25
VFLM 4874,9,25,1,5,3,3.125
VFLM 4874,10,26,0,4,4,3.25
VFLM 4874,11,25,1,5,3,3.125
VFLM 4874,12,23,1,1,7,2.875
VFLM 4874,13,25,1,5,3,3.125
VFLM 4874,14,20,0,4,4,2.5
VFLM 4874,15,20,0,4,4,2.5
VFLM 4874,16,20,0,4,4,2.5
VFLM 4874,17,26,0,6,2,3.25
VFLM 4874,18,18,0,4,4,2.25
VFLM 4874,19,25,1,5,3,3.125
VFLM 4874,20,26,0,4,4,3.25
VFLM 4874,21,25,1,5,3,3.125
VFLM 4874,22,23,1,1,7,2.875
VFLM 4874,23,25,1,5,3,3.125
VFLM 4874,24,20,0,4,4,2.5
VFLM 4874,25,20,0,4,4,2.5
VFLM 4874,26,29,1,1,7,3.625
VFLM 4874,27,20,0,4,4,2.5
VFLM 4874,28,26,0,6,2,3.25
VFLM 4874,29,18,0,4,4,2.25
VFLM 4874,30,25,1,5,3,3.125
VFLM 4875,1,26,0,4,4,3.25
VFLM 4875,2,25,1,5,3,3.125
VFLM 4875,3,23,1,1,7,2.875
VFLM 4875,4,25,1,5,3,3.125
VFLM 4875,5,20,0,4,4,2.5
VFLM 4875,6,29,1,1,7,3.625
VFLM 4875,7,20,0,4,4,2.5
VFLM 4875,8,26,0,6,2,3.25
VFLM 4875,9,18,0,4,4,2.25
VFLM 4875,10,25,1,5,3,3.125
VFLM 4875,11,26,0,4,4,3.25
VFLM 4875,12,25,1,5,3,3.125
VFLM 4875,13,23,1,1,7,2.875
VFLM 4875,14,25,1,5,3,3.125
VFLM 4875,15,20,0,4,4,2.5
VFLM 4875,16,19,1,5,3,2.375
VFLM 4875,17,29,1,1,7,3.625
VFLM 4875,18,20,0,4,4,2.5
VFLM 4875,19,26,0,6,2,3.25
VFLM 4875,20,18,0,4,4,2.25
VFLM 4875,21,25,1,5,3,3.125
VFLM 4875,22,26,0,4,4,3.25
VFLM 4875,23,25,1,5,3,3.125
VFLM 4875,24,23,1,1,7,2.875
VFLM 4875,25,25,1,5,3,3.125
VFLM 4875,26,19,1,5,3,2.375
VFLM 4875,27,29,1,1,7,3.625
VFLM 4875,28,20,0,4,4,2.5
VFLM 4875,29,26,0,6,2,3.25
VFLM 4875,30,18,0,4,4,2.25
VFLM 4876,1,25,1,5,3,3.125
VFLM 4876,2,26,0,4,4,3.25
VFLM 4876,3,25,1,5,3,3.125
VFLM 4876,4,23,1,1,7,2.875
VFLM 4876,5,25,1,5,3,3.125
VFLM 4876,6,23,1,5,3,2.875
VFLM 4876,7,19,1,5,3,2.375
VFLM 4876,8,29,1,1,7,3.625
VFLM 4876,9,20,0,4,4,2.5
VFLM 4876,10,26,0,6,2,3.25
VFLM 4876,11,18,0,4,4,2.25
VFLM 4876,12,25,1,5,3,3.125
VFLM 4876,13,26,0,4,4,3.25
VFLM 4876,14,25,1,5,3,3.125
VFLM 4876,15,23,1,1,7,2.875
VFLM 4876,16,23,1,5,3,2.875
VFLM 4876,17,19,1,5,3,2.375
VFLM 4876,18,29,1,1,7,3.625
VFLM 4876,19,20,0,4,4,2.5
VFLM 4876,20,26,0,6,2,3.25
VFLM 4876,21,18,0,4,4,2.25
VFLM 4876,22,25,1,5,3,3.125
VFLM 4876,23,19,1,3,5,2.375
VFLM 4876,24,23,1,5,3,2.875
VFLM 4876,25,19,1,5,3,2.375
VFLM 4876,26,29,1,1,7,3.625
VFLM 4876,27,20,0,4,4,2.5
VFLM 4876,28,26,0,6,2,3.25
VFLM 4876,29,18,0,4,4,2.25
VFLM 4876,30,25,1,5,3,3.125
VFLM 4877,1,26,0,4,4,3.25
VFLM 4877,2,25,1,5,3,3.125
VFLM 4877,3,19,1,3,5,2.375
VFLM 4877,4,23,1,5,3,2.875
VFLM 4877,5,19,1,5,3,2.375
VFLM 4877,6,29,1,1,7,3.625
VFLM 4877,7,21,1,5,3,2.625
VFLM 4877,8,19,1,3,5,2.375
VFLM 4877,9,23,1,5,3,2.875
VFLM 4877,10,19,1,5,3,2.375
VFLM 4877,11,29,1,1,7,3.625
VFLM 4877,12,20,0,4,4,2.5
VFLM 4877,13,26,0,6,2,3.25
VFLM 4877,14,18,0,4,4,2.25
VFLM 4877,15,25,1,5,3,3.125
VFLM 4877,16,26,0,4,4,3.25
VFLM 4877,17,20,0,2,6,2.5
VFLM 4877,18,21,1,5,3,2.625
VFLM 4877,19,19,1,3,5,2.375
VFLM 4877,20,23,1,5,3,2.875
VFLM 4877,21,19,1,5,3,2.375
VFLM 4877,22,29,1,1,7,3.625
VFLM 4877,23,20,0,4,4,2.5
VFLM 4877,24,26,0,6,2,3.25
VFLM 4877,25,18,0,4,4,2.25
VFLM 4877,26,25,1,5,3,3.125
VFLM 4877,27,20,0,6,2,2.5
VFLM 4877,28,20,0,2,6,2.5
VFLM 4877,29,21,1,5,3,2.625
VFLM 4877,30,19,1,3,5,2.375
VFLM 4878,1,23,1,5,3,2.875
VFLM 4878,2,19,1,5,3,2.375
VFLM 4878,3,29,1,1,7,3.625
VFLM 4878,4,20,0,4,4,2.5
VFLM 4878,5,26,0,6,2,3.25
VFLM 4878,6,18,0,4,4,2.25
VFLM 4878,7,17,1,3,5,2.125
VFLM 4878,8,20,0,6,2,2.5
VFLM 4878,9,20,0,2,6,2.5
VFLM 4878,10,21,1,5,3,2.625
VFLM 4878,11,19,1,3,5,2.375
VFLM 4878,12,23,1,5,3,2.875
VFLM 4878,13,19,1,5,3,2.375
VFLM 4878,14,29,1,1,7,3.625
VFLM 4878,15,20,0,4,4,2.5
VFLM 4878,16,26,0,6,2,3.25
VFLM 4878,17,16,0,4,4,2.0
VFLM 4878,18,17,1,3,5,2.125
VFLM 4878,19,20,0,6,2,2.5
VFLM 4878,20,20,0,2,6,2.5
VFLM 4878,21,21,1,5,3,2.625
VFLM 4878,22,19,1,3,5,2.375
VFLM 4878,23,23,1,5,3,2.875
VFLM 4878,24,19,1,5,3,2.375
VFLM 4878,25,29,1,1,7,3.625
VFLM 4878,26,20,0,4,4,2.5
VFLM 4878,27,15,1,5,3,1.875
VFLM 4878,28,16,0,4,4,2.0
VFLM 4878,29,17,1,3,5,2.125
VFLM 4878,30,20,0,6,2,2.5
VFLM 4879,1,20,0,2,6,2.5
VFLM 4879,2,21,1,5,3,2.625
VFLM 4879,3,19,1,3,5,2.375
VFLM 4879,4,23,1,5,3,2.875
VFLM 4879,5,19,1,5,3,2.375
VFLM 4879,6,29,1,1,7,3.625
VFLM 4879,7,21,1,5,3,2.625
VFLM 4879,8,21,1,5,3,2.625
VFLM 4879,9,15,1,5,3,1.875
VFLM 4879,10,16,0,4,4,2.0
VFLM 4879,11,17,1,3,5,2.125
VFLM 4879,12,20,0,6,2,2.5
VFLM 4879,13,20,0,2,6,2.5
VFLM 4879,14,21,1,5,3,2.625
VFLM 4879,15,19,1,3,5,2.375
VFLM 4879,16,23,1,5,3,2.875
VFLM 4879,17,19,1,5,3,2.375
VFLM 4879,18,16,0,4,4,2.0
VFLM 4879,19,21,1,5,3,2.625
VFLM 4879,20,15,1,5,3,1.875
VFLM 4879,21,16,0,4,4,2.0
VFLM 4879,22,17,1,3,5,2.125
VFLM 4879,23,20,0,6,2,2.5
VFLM 4879,24,20,0,2,6,2.5
VFLM 4879,25,21,1,5,3,2.625
VFLM 4879,26,19,1,3,5,2.375
VFLM 4879,27,23,1,5,3,2.875
VFLM 4879,28,16,0,4,4,2.0
VFLM 4879,29,21,1,5,3,2.625
VFLM 4879,30,15,1,5,3,1.875
VFLM 4880,1,16,0,4,4,2.0
VFLM 4880,2,17,1,3,5,2.125
VFLM 4880,3,20,0,6,2,2.5
VFLM 4880,4,20,0,2,6,2.5
VFLM 4880,5,21,1,5,3,2.625
VFLM 4880,6,19,1,3,5,2.375
VFLM 4880,7,23,1,5,3,2.875
VFLM 4880,8,21,1,3,5,2.625
VFLM 4880,9,16,0,4,4,2.0
VFLM 4880,10,21,1,5,3,2.625
VFLM 4880,11,15,1,5,3,1.875
VFLM 4880,12,16,0,4,4,2.0
VFLM 4880,13,17,1,3,5,2.125
VFLM 4880,14,20,0,6,2,2.5
VFLM 4880,15,20,0,2,6,2.5
VFLM 4880,16,21,1,5,3,2.625
VFLM 4880,17,19,1,3,5,2.375
VFLM 4880,18,21,1,3,5,2.625
VFLM 4880,19,16,0,4,4,2.0
VFLM 4880,20,21,1,5,3,2.625
VFLM 4880,21,15,1,5,3,1.875
VFLM 4880,22,16,0,4,4,2.0
VFLM 4880,23,17,1,3,5,2.125
VFLM 4880,24,20,0,6,2,2.5
VFLM 4880,25,20,0,2,6,2.5
VFLM 4880,26,21,1,5,3,2.625
VFLM 4880,27,19,1,3,5,2.375
VFLM 4880,28,21,1,3,5,2.625
VFLM 4880,29,16,0,4,4,2.0
VFLM 4880,30,21,1,5,3,2.625
VFLM 4881,1,15,1,5,3,1.875
VFLM 4881,2,16,0,4,4,2.0
VFLM 4881,3,17,1,3,5,2.125
VFLM 4881,4,20,0,6,2,2.5
VFLM 4881,5,20,0,2,6,2.5
VFLM 4881,6,21,1,5,3,2.625
VFLM 4881,7,19,1,3,5,2.375
VFLM 4881,8,18,0,4,4,2.25
VFLM 4881,9,21,1,3,5,2.625
VFLM 4881,10,16,0,4,4,2.0
VFLM 4881,11,21,1,5,3,2.625
VFLM 4881,12,15,1,5,3,1.875
VFLM 4881,13,16,0,4,4,2.0
VFLM 4881,14,17,1,3,5,2.125
VFLM 4881,15,20,0,6,2,2.5
VFLM 4881,16,20,0,2,6,2.5
VFLM 4881,17,21,1,5,3,2.625
VFLM 4881,18,18,0,4,4,2.25
VFLM 4881,19,21,1,3,5,2.625
VFLM 4881,20,16,0,4,4,2.0
VFLM 4881,21,21,1,5,3,2.625
VFLM 4881,22,15,1,5,3,1.875
VFLM 4881,23,16,0,4,4,2.0
VFLM 4881,24,17,1,3,5,2.125
VFLM 4881,25,20,0,6,2,2.5
VFLM 4881,26,20,0,2,6,2.5
VFLM 4881,27,21,1,5,3,2.625
VFLM 4881,28,22,0,4,4,2.75
VFLM 4881,29,18,0,4,4,2.25
VFLM 4881,30,21,1,3,5,2.625
VFLM 4882,1,16,0,4,4,2.0
VFLM 4882,2,21,1,5,3,2.625
VFLM 4882,3,15,1,5,3,1.875
VFLM 4882,4,16,0,4,4,2.0
VFLM 4882,5,17,1,3,5,2.125
VFLM 4882,6,20,0,6,2,2.5
VFLM 4882,7,20,0,2,6,2.5
VFLM 4882,8,22,0,4,4,2.75
VFLM 4882,9,18,0,4,4,2.25
VFLM 4882,10,21,1,3,5,2.625
VFLM 4882,11,16,0,4,4,2.0
VFLM 4882,12,21,1,5,3,2.625
VFLM 4882,13,15,1,5,3,1.875
VFLM 4882,14,16,0,4,4,2.0
VFLM 4882,15,17,1,3,5,2.125
VFLM 4882,16,20,0,6,2,2.5
VFLM 4882,17,20,0,2,6,2.5
VFLM 4882,18,25,1,3,5,3.125
VFLM 4882,19,22,0,4,4,2.75
VFLM 4882,20,18,0,4,4,2.25
VFLM 4882,21,21,1,3,5,2.625
VFLM 4882,22,16,0,4,4,2.0
VFLM 4882,23,21,1,5,3,2.625
VFLM 4882,24,15,1,5,3,1.875
VFLM 4882,25,16,0,4,4,2.0
VFLM 4882,26,17,1,3,5,2.125
VFLM 4882,27,20,0,6,2,2.5
VFLM 4882,28,25,1,3,5,3.125
VFLM 4882,29,22,0,4,4,2.75
VFLM 4882,30,18,0,4,4,2.25
VFLM 4883,1,21,1,3,5,2.625
VFLM 4883,2,16,0,4,4,2.0
VFLM 4883,3,21,1,5,3,2.625
VFLM 4883,4,15,1,5,3,1.875
VFLM 4883,5,16,0,4,4,2.0
VFLM 4883,6,17,1,3,5,2.125
VFLM 4883,7,20,0,6,2,2.5
VFLM 4883,8,23,1,3,5,2.875
VFLM 4883,9,25,1,3,5,3.125
VFLM 4883,10,22,0,4,4,2.75
VFLM 4883,11,18,0,4,4,2.25
VFLM 4883,12,21,1,3,5,2.625
VFLM 4883,13,16,0,4,4,2.0
VFLM 4883,14,21,1,5,3,2.625
VFLM 4883,15,15,1,5,3,1.875
VFLM 4883,16,16,0,4,4,2.0
VFLM 4883,17,17,1,3,5,2.125
VFLM 4883,18,23,1,3,5,2.875
VFLM 4883,19,25,1,3,5,3.125
VFLM 4883,20,22,0,4,4,2.75
VFLM 4883,21,18,0,4,4,2.25
VFLM 4883,22,21,1,3,5,2.625
VFLM 4883,23,16,0,4,4,2.0
VFLM 4883,24,21,1,5,3,2.625
VFLM 4883,25,15,1,5,3,1.875
VFLM 4883,26,16,0,4,4,2.0
VFLM 4883,27,17,1,3,5,2.125
VFLM 4883,28,23,1,3,5,2.875
VFLM 4883,29,25,1,3,5,3.125
VFLM 4883,30,22,0,4,4,2.75
VFLM 4884,1,18,0,4,4,2.25
VFLM 4884,2,21,1,3,5,2.625
VFLM 4884,3,16,0,4,4,2.0
VFLM 4884,4,21,1,5,3,2.625
VFLM 4884,5,15,1,5,3,1.875
VFLM 4884,6,23,1,3,5,2.875
VFLM 4884,7,25,1,3,5,3.125
VFLM 4884,8,22,0,4,4,2.75
VFLM 4884,9,18,0,4,4,2.25
VFLM 4884,10,21,1,3,5,2.625
VFLM 4884,11,16,0,4,4,2.0
VFLM 4884,12,21,1,5,3,2.625
VFLM 4884,13,15,1,5,3,1.875
VFLM 4884,14,16,0,4,4,2.0
VFLM 4884,15,17,1,3,5,2.125
VFLM 4884,16,30,0,4,4,3.75
VFLM 4884,17,23,1,3,5,2.875
VFLM 4884,18,25,1,3,5,3.125
VFLM 4884,19,30,0,4,4,3.75
VFLM 4884,20,23,1,3,5,2.875
VFLM 4884,21,25,1,3,5,3.125
VFLM 4884,22,22,0,4,4,2.75
VFLM 4884,23,18,0,4,4,2.25
VFLM 4884,24,21,1,3,5,2.625
VFLM 4884,25,16,0,4,4,2.0
VFLM 4884,26,21,1,5,3,2.625
VFLM 4884,27,15,1,5,3,1.875
VFLM 4884,28,16,0,4,4,2.0
VFLM 4884,29,19,1,5,3,2.375
VFLM 4884,30,30,0,4,4,3.75
VFLM 4885,1,23,1,3,5,2.875
VFLM 4885,2,25,1,3,5,3.125
VFLM 4885,3,22,0,4,4,2.75
VFLM 4885,4,18,0,4,4,2.25
VFLM 4885,5,21,1,3,5,2.625
VFLM 4885,6,16,0,4,4,2.0
VFLM 4885,7,21,1,5,3,2.625
VFLM 4885,8,15,1,5,3,1.875
VFLM 4885,9,24,0,2,6,3.0
VFLM 4885,10,19,1,5,3,2.375
VFLM 4885,11,30,0,4,4,3.75
VFLM 4885,12,23,1,3,5,2.875
VFLM 4885,13,25,1,3,5,3.125
VFLM 4885,14,22,0,4,4,2.75
VFLM 4885,15,18,0,4,4,2.25
VFLM 4885,16,21,1,3,5,2.625
VFLM 4885,17,16,0,4,4,2.0
VFLM 4885,18,21,1,5,3,2.625
VFLM 4885,19,18,0,6,2,2.25
VFLM 4885,20,24,0,2,6,3.0
VFLM 4885,21,19,1,5,3,2.375
VFLM 4885,22,30,0,4,4,3.75
VFLM 4885,23,23,1,3,5,2.875
VFLM 4885,24,25,1,3,5,3.125
VFLM 4885,25,22,0,4,4,2.75
VFLM 4885,26,18,0,4,4,2.25
VFLM 4885,27,21,1,3,5,2.625
VFLM 4885,28,16,0,4,4,2.0
VFLM 4885,29,18,0,2,6,2.25
VFLM 4885,30,18,0,6,2,2.25
VFLM 4886,1,24,0,2,6,3.0
VFLM 4886,2,19,1,5,3,2.375
VFLM 4886,3,30,0,4,4,3.75
VFLM 4886,4,23,1,3,5,2.875
VFLM 4886,5,25,1,3,5,3.125
VFLM 4886,6,22,0,4,4,2.75
VFLM 4886,7,18,0,4,4,2.25
VFLM 4886,8,21,1,3,5,2.625
VFLM 4886,9,17,1,3,5,2.125
VFLM 4886,10,17,1,5,3,2.125
VFLM 4886,11,18,0,2,6,2.25
VFLM 4886,12,18,0,6,2,2.25
VFLM 4886,13,24,0,2,6,3.0
VFLM 4886,14,19,1,5,3,2.375
VFLM 4886,15,30,0,4,4,3.75
VFLM 4886,16,23,1,3,5,2.875
VFLM 4886,17,25,1,3,5,3.125
VFLM 4886,18,22,0,4,4,2.75
VFLM 4886,19,21,1,3,5,2.625
VFLM 4886,20,17,1,3,5,2.125
VFLM 4886,21,17,1,5,3,2.125
VFLM 4886,22,18,0,2,6,2.25
VFLM 4886,23,18,0,6,2,2.25
VFLM 4886,24,24,0,2,6,3.0
VFLM 4886,25,19,1,5,3,2.375
VFLM 4886,26,30,0,4,4,3.75
VFLM 4886,27,23,1,3,5,2.875
VFLM 4886,28,25,1,3,5,3.125
VFLM 4886,29,15,1,5,3,1.875
VFLM 4886,30,21,1,3,5,2.625
VFLM 4887,1,17,1,3,5,2.125
VFLM 4887,2,17,1,5,3,2.125
VFLM 4887,3,18,0,2,6,2.25
VFLM 4887,4,18,0,6,2,2.25
VFLM 4887,5,24,0,2,6,3.0
VFLM 4887,6,19,1,5,3,2.375
VFLM 4887,7,30,0,4,4,3.75
VFLM 4887,8,15,1,5,3,1.875
VFLM 4887,9,21,1,3,5,2.625
VFLM 4887,10,17,1,3,5,2.125
VFLM 4887,11,17,1,5,3,2.125
VFLM 4887,12,18,0,2,6,2.25
VFLM 4887,13,18,0,6,2,2.25
VFLM 4887,14,24,0,2,6,3.0
VFLM 4887,15,19,1,5,3,2.375
VFLM 4887,16,30,0,4,4,3.75
VFLM 4887,17,23,1,3,5,2.875
VFLM 4887,18,17,1,3,5,2.125
VFLM 4887,19,15,1,5,3,1.875
VFLM 4887,20,21,1,3,5,2.625
VFLM 4887,21,17,1,3,5,2.125
VFLM 4887,22,17,1,5,3,2.125
VFLM 4887,23,18,0,2,6,2.25
VFLM 4887,24,18,0,6,2,2.25
VFLM 4887,25,24,0,2,6,3.0
VFLM 4887,26,19,1,5,3,2.375
VFLM 4887,27,30,0,4,4,3.75
VFLM 4887,28,17,1,3,5,2.125
VFLM 4887,29,15,1,5,3,1.875
VFLM 4887,30,21,1,3,5,2.625
VFLM 4888,1,17,1,3,5,2.125
VFLM 4888,2,17,1,5,3,2.125
VFLM 4888,3,18,0,2,6,2.25
VFLM 4888,4,18,0,6,2,2.25
VFLM 4888,5,24,0,2,6,3.0
VFLM 4888,6,19,1,5,3,2.375
VFLM 4888,7,30,0,4,4,3.75
VFLM 4888,8,17,1,3,5,2.125
VFLM 4888,9,15,1,5,3,1.875
VFLM 4888,10,21,1,3,5,2.625
VFLM 4888,11,17,1,3,5,2.125
VFLM 4888,12,17,1,5,3,2.125
VFLM 4888,13,18,0,2,6,2.25
VFLM 4888,14,18,0,6,2,2.25
VFLM 4888,15,24,0,2,6,3.0
VFLM 4888,16,19,1,5,3,2.375
VFLM 4888,17,30,0,4,4,3.75
VFLM 4888,18,18,0,2,6,2.25
VFLM 4888,19,17,1,3,5,2.125
VFLM 4888,20,15,1,5,3,1.875
VFLM 4888,21,21,1,3,5,2.625
VFLM 4888,22,17,1,3,5,2.125
VFLM 4888,23,17,1,5,3,2.125
VFLM 4888,24,18,0,2,6,2.25
VFLM 4888,25,18,0,6,2,2.25
VFLM 4888,26,24,0,2,6,3.0
VFLM 4888,27,19,1,5,3,2.375
VFLM 4888,28,18,0,2,6,2.25
VFLM 4888,29,17,1,3,5,2.125
VFLM 4888,30,15,1,5,3,1.875
VFLM 4889,1,21,1,3,5,2.625
VFLM 4889,2,17,1,3,5,2.125
VFLM 4889,3,17,1,5,3,2.125
VFLM 4889,4,18,0,2,6,2.25
VFLM 4889,5,18,0,6,2,2.25
VFLM 4889,6,24,0,2,6,3.0
VFLM 4889,7,19,1,5,3,2.375
VFLM 4889,8,14,0,4,4,1.75
VFLM 4889,9,18,0,2,6,2.25
VFLM 4889,10,17,1,3,5,2.125
VFLM 4889,11,15,1,5,3,1.875
VFLM 4889,12,21,1,3,5,2.625
VFLM 4889,13,17,1,3,5,2.125
VFLM 4889,14,17,1,5,3,2.125
VFLM 4889,15,18,0,2,6,2.25
VFLM 4889,16,18,0,6,2,2.25
VFLM 4889,17,24,0,2,6,3.0
VFLM 4889,18,14,0,4,4,1.75
VFLM 4889,19,18,0,2,6,2.25
VFLM 4889,20,17,1,3,5,2.125
VFLM 4889,21,15,1,5,3,1.875
VFLM 4889,22,21,1,3,5,2.625
VFLM 4889,23,17,1,3,5,2.125
VFLM 4889,24,17,1,5,3,2.125
VFLM 4889,25,18,0,2,6,2.25
VFLM 4889,26,18,0,6,2,2.25
VFLM 4889,27,24,0,2,6,3.0
VFLM 4889,28,18,0,6,2,2.25
VFLM 4889,29,14,0,4,4,1.75
VFLM 4889,30,18,0,2,6,2.25
VFLM 4890,1,17,1,3,5,2.125
VFLM 4890,2,15,1,5,3,1.875
VFLM 4890,3,21,1,3,5,2.625
VFLM 4890,4,17,1,3,5,2.125
VFLM 4890,5,17,1,5,3,2.125
VFLM 4890,6,18,0,2,6,2.25
VFLM 4890,7,18,0,6,2,2.25
VFLM 4890,8,18,0,6,2,2.25
VFLM 4890,9,14,0,4,4,1.75
VFLM 4890,10,18,0,2,6,2.25
VFLM 4890,11,17,1,3,5,2.125
VFLM 4890,12,15,1,5,3,1.875
VFLM 4890,13,21,1,3,5,2.625
VFLM 4890,14,17,1,3,5,2.125
VFLM 4890,15,17,1,5,3,2.125
VFLM 4890,16,18,0,2,6,2.25
VFLM 4890,17,18,0,6,2,2.25
VFLM 4890,18,22,0,4,4,2.75
VFLM 4890,19,18,0,6,2,2.25
VFLM 4890,20,14,0,4,4,1.75
VFLM 4890,21,18,0,2,6,2.25
VFLM 4890,22,17,1,3,5,2.125
VFLM 4890,23,15,1,5,3,1.875
VFLM 4890,24,21,1,3,5,2.625
VFLM 4890,25,17,1,3,5,2.125
VFLM 4890,26,17,1,5,3,2.125
VFLM 4890,27,18,0,2,6,2.25
VFLM 4890,28,22,0,4,4,2.75
VFLM 4890,29,18,0,6,2,2.25
VFLM 4890,30,14,0,4,4,1.75
VFLM 4891,1,18,0,2,6,2.25
VFLM 4891,2,17,1,3,5,2.125
VFLM 4891,3,15,1,5,3,1.875
VFLM 4891,4,21,1,3,5,2.625
VFLM 4891,5,17,1,3,5,2.125
VFLM 4891,6,17,1,5,3,2.125
VFLM 4891,7,18,0,2,6,2.25
VFLM 4891,8,14,0,2,6,1.75
VFLM 4891,9,22,0,4,4,2.75
VFLM 4891,10,18,0,6,2,2.25
VFLM 4891,11,14,0,4,4,1.75
VFLM 4891,12,18,0,2,6,2.25
VFLM 4891,13,17,1,3,5,2.125
VFLM 4891,14,15,1,5,3,1.875
VFLM 4891,15,21,1,3,5,2.625
VFLM 4891,16,17,1,3,5,2.125
VFLM 4891,17,17,1,5,3,2.125
VFLM 4891,18,14,0,2,6,1.75
VFLM 4891,19,22,0,4,4,2.75
VFLM 4891,20,18,0,6,2,2.25
VFLM 4891,21,14,0,4,4,1.75
VFLM 4891,22,18,0,2,6,2.25
VFLM 4891,23,17,1,3,5,2.125
VFLM 4891,24,15,1,5,3,1.875
VFLM 4891,25,21,1,3,5,2.625
VFLM 4891,26,17,1,3,5,2.125
VFLM 4891,27,17,1,5,3,2.125
VFLM 4891,28,13,1,3,5,1.625
VFLM 4891,29,14,0,2,6,1.75
VFLM 4891,30,22,0,4,4,2.75
VFLM 4892,1,18,0,6,2,2.25
VFLM 4892,2,14,0,4,4,1.75
VFLM 4892,3,18,0,2,6,2.25
VFLM 4892,4,17,1,3,5,2.125
VFLM 4892,5,15,1,5,3,1.875
VFLM 4892,6,21,1,3,5,2.625
VFLM 4892,7,17,1,3,5,2.125
VFLM 4892,8,13,1,3,5,1.625
VFLM 4892,9,14,0,2,6,1.75
VFLM 4892,10,22,0,4,4,2.75
VFLM 4892,11,18,0,6,2,2.25
VFLM 4892,12,14,0,4,4,1.75
VFLM 4892,13,18,0,2,6,2.25
VFLM 4892,14,17,1,3,5,2.125
VFLM 4892,15,15,1,5,3,1.875
VFLM 4892,16,21,1,3,5,2.625
VFLM 4892,17,17,1,3,5,2.125
VFLM 4892,18,20,0,2,6,2.5
VFLM 4892,19,13,1,3,5,1.625
VFLM 4892,20,14,0,2,6,1.75
VFLM 4892,21,22,0,4,4,2.75
VFLM 4892,22,18,0,6,2,2.25
VFLM 4892,23,14,0,4,4,1.75
VFLM 4892,24,18,0,2,6,2.25
VFLM 4892,25,17,1,3,5,2.125
VFLM 4892,26,15,1,5,3,1.875
VFLM 4892,27,21,1,3,5,2.625
VFLM 4892,28,20,0,2,6,2.5
VFLM 4892,29,13,1,3,5,1.625
VFLM 4892,30,14,0,2,6,1.75
VFLM 4893,1,22,0,4,4,2.75
VFLM 4893,2,18,0,6,2,2.25
VFLM 4893,3,14,0,4,4,1.75
VFLM 4893,4,18,0,2,6,2.25
VFLM 4893,5,17,1,3,5,2.125
VFLM 4893,6,15,1,5,3,1.875
VFLM 4893,7,21,1,3,5,2.625
VFLM 4893,8,19,1,1,7,2.375
VFLM 4893,9,20,0,2,6,2.5
VFLM 4893,10,13,1,3,5,1.625
VFLM 4893,11,14,0,2,6,1.75
VFLM 4893,12,22,0,4,4,2.75
VFLM 4893,13,18,0,6,2,2.25
VFLM 4893,14,14,0,4,4,1.75
VFLM 4893,15,19,1,1,7,2.375
VFLM 4893,16,20,0,2,6,2.5
VFLM 4893,17,13,1,3,5,1.625
VFLM 4893,18,14,0,2,6,1.75
VFLM 4893,19,22,0,4,4,2.75
VFLM 4893,20,18,0,6,2,2.25
VFLM 4893,21,14,0,4,4,1.75
VFLM 4893,22,18,0,2,6,2.25
VFLM 4893,23,17,1,3,5,2.125
VFLM 4893,24,15,1,5,3,1.875
VFLM 4893,25,23,1,5,3,2.875
VFLM 4893,26,19,1,1,7,2.375
VFLM 4893,27,20,0,2,6,2.5
VFLM 4893,28,13,1,3,5,1.625
VFLM 4893,29,14,0,2,6,1.75
VFLM 4893,30,23,1,5,3,2.875
VFLM 4894,1,19,1,1,7,2.375
VFLM 4894,2,20,0,2,6,2.5
VFLM 4894,3,13,1,3,5,1.625
VFLM 4894,4,14,0,2,6,1.75
VFLM 4894,5,22,0,4,4,2.75
VFLM 4894,6,18,0,6,2,2.25
VFLM 4894,7,14,0,4,4,1.75
VFLM 4894,8,18,0,2,6,2.25
VFLM 4894,9,17,1,3,5,2.125
VFLM 4894,10,21,1,3,5,2.625
VFLM 4894,11,23,1,5,3,2.875
VFLM 4894,12,19,1,1,7,2.375
VFLM 4894,13,20,0,2,6,2.5
VFLM 4894,14,13,1,3,5,1.625
VFLM 4894,15,14,0,2,6,1.75
VFLM 4894,16,22,0,4,4,2.75
VFLM 4894,17,18,0,6,2,2.25
VFLM 4894,18,14,0,4,4,1.75
VFLM 4894,19,18,0,2,6,2.25
VFLM 4894,20,17,1,5,3,2.125
VFLM 4894,21,21,1,3,5,2.625
VFLM 4894,22,23,1,5,3,2.875
VFLM 4894,23,19,1,1,7,2.375
VFLM 4894,24,20,0,2,6,2.5
VFLM 4894,25,13,1,3,5,1.625
VFLM 4894,26,14,0,2,6,1.75
VFLM 4894,27,22,0,4,4,2.75
VFLM 4894,28,18,0,6,2,2.25
VFLM 4894,29,14,0,4,4,1.75
VFLM 4894,30,23,1,7,1,2.875
VFLM 4895,1,17,1,5,3,2.125
VFLM 4895,2,21,1,3,5,2.625
VFLM 4895,3,23,1,5,3,2.875
VFLM 4895,4,19,1,1,7,2.375
VFLM 4895,5,20,0,2,6,2.5
VFLM 4895,6,13,1,3,5,1.625
VFLM 4895,7,14,0,2,6,1.75
VFLM 4895,8,22,0,4,4,2.75
VFLM 4895,9,18,0,6,2,2.25
VFLM 4895,10,16,0,4,4,2.0
VFLM 4895,11,23,1,7,1,2.875
VFLM 4895,12,17,1,5,3,2.125
VFLM 4895,13,21,1,3,5,2.625
VFLM 4895,14,23,1,5,3,2.875
VFLM 4895,15,19,1,1,7,2.375
VFLM 4895,16,20,0,2,6,2.5
VFLM 4895,17,13,1,3,5,1.625
VFLM 4895,18,14,0,2,6,1.75
VFLM 4895,19,22,0,4,4,2.75
VFLM 4895,20,15,1,3,5,1.875
VFLM 4895,21,16,0,4,4,2.0
VFLM 4895,22,23,1,7,1,2.875
VFLM 4895,23,17,1,5,3,2.125
VFLM 4895,24,21,1,3,5,2.625
VFLM 4895,25,23,1,5,3,2.875
VFLM 4895,26,19,1,1,7,2.375
VFLM 4895,27,20,0,2,6,2.5
VFLM 4895,28,13,1,3,5,1.625
VFLM 4895,29,15,1,3,5,1.875
VFLM 4895,30,16,0,4,4,2.0
VFLM 4896,1,23,1,7,1,2.875
VFLM 4896,2,17,1,5,3,2.125
VFLM 4896,3,21,1,3,5,2.625
VFLM 4896,4,23,1,5,3,2.875
VFLM 4896,5,19,1,1,7,2.375
VFLM 4896,6,20,0,2,6,2.5
VFLM 4896,7,13,1,3,5,1.625
VFLM 4896,8,14,0,2,6,1.75
VFLM 4896,9,23,1,5,3,2.875
VFLM 4896,10,15,1,3,5,1.875
VFLM 4896,11,16,0,4,4,2.0
VFLM 4896,12,23,1,7,1,2.875
VFLM 4896,13,17,1,5,3,2.125
VFLM 4896,14,21,1,3,5,2.625
VFLM 4896,15,23,1,5,3,2.875
VFLM 4896,16,19,1,1,7,2.375
VFLM 4896,17,20,0,2,6,2.5
VFLM 4896,18,13,1,3,5,1.625
VFLM 4896,19,23,1,5,3,2.875
VFLM 4896,20,15,1,3,5,1.875
VFLM 4896,21,16,0,4,4,2.0
VFLM 4896,22,23,1,7,1,2.875
VFLM 4896,23,17,1,5,3,2.125
VFLM 4896,24,21,1,3,5,2.625
VFLM 4896,25,23,1,5,3,2.875
VFLM 4896,26,19,1,1,7,2.375
VFLM 4896,27,20,0,2,6,2.5
VFLM 4896,28,13,1,3,5,1.625
VFLM 4896,29,17,1,3,5,2.125
VFLM 4896,30,23,1,5,3,2.875
VFLM 4898,1,23,1,5,3,2.875
VFLM 4898,2,15,1,3,5,1.875
VFLM 4898,3,16,0,4,4,2.0
VFLM 4898,4,23,1,7,1,2.875
VFLM 4898,5,17,1,5,3,2.125
VFLM 4898,6,21,1,3,5,2.625
VFLM 4898,7,23,1,5,3,2.875
VFLM 4898,8,19,1,1,7,2.375
VFLM 4898,9,18,0,6,2,2.25
VFLM 4898,10,23,1,3,5,2.875
VFLM 4898,11,17,1,3,5,2.125
VFLM 4898,12,23,1,5,3,2.875
VFLM 4898,13,15,1,3,5,1.875
VFLM 4898,14,16,0,4,4,2.0
VFLM 4898,15,23,1,7,1,2.875
VFLM 4898,16,17,1,5,3,2.125
VFLM 4898,17,21,1,3,5,2.625
VFLM 4898,18,23,1,5,3,2.875
VFLM 4898,19,18,0,6,2,2.25
VFLM 4898,20,23,1,3,5,2.875
VFLM 4898,21,17,1,3,5,2.125
VFLM 4898,22,23,1,5,3,2.875
VFLM 4898,23,15,1,3,5,1.875
VFLM 4898,24,16,0,4,4,2.0
VFLM 4898,25,23,1,7,1,2.875
VFLM 4898,26,17,1,5,3,2.125
VFLM 4898,27,21,1,3,5,2.625
VFLM 4898,28,23,1,5,3,2.875
VFLM 4898,29,27,1,3,5,3.375
VFLM 4898,30,18,0,6,2,2.25
VFLM 4899,1,23,1,3,5,2.875
VFLM 4899,2,17,1,3,5,2.125
VFLM 4899,3,23,1,5,3,2.875
VFLM 4899,4,15,1,3,5,1.875
VFLM 4899,5,16,0,4,4,2.0
VFLM 4899,6,23,1,7,1,2.875
VFLM 4899,7,17,1,5,3,2.125
VFLM 4899,8,21,1,3,5,2.625
VFLM 4899,9,27,1,3,5,3.375
VFLM 4899,10,18,0,6,2,2.25
VFLM 4899,11,23,1,3,5,2.875
VFLM 4899,12,17,1,3,5,2.125
VFLM 4899,13,23,1,5,3,2.875
VFLM 4899,14,15,1,3,5,1.875
VFLM 4899,15,16,0,4,4,2.0
VFLM 4899,16,23,1,7,1,2.875
VFLM 4899,17,17,1,5,3,2.125
VFLM 4899,18,21,1,3,5,2.625
VFLM 4899,19,23,1,3,5,2.875
VFLM 4899,20,27,1,3,5,3.375
VFLM 4899,21,18,0,6,2,2.25
VFLM 4899,22,23,1,3,5,2.875
VFLM 4899,23,17,1,3,5,2.125
VFLM 4899,24,23,1,5,3,2.875
VFLM 4899,25,15,1,3,5,1.875
VFLM 4899,26,16,0,4,4,2.0
VFLM 4899,27,23,1,7,1,2.875
VFLM 4899,28,17,1,5,3,2.125
VFLM 4899,29,23,1,3,5,2.875
VFLM 4899,30,27,1,3,5,3.375
VFLM 4900,1,18,0,6,2,2.25
VFLM 4900,2,23,1,3,5,2.875
VFLM 4900,3,17,1,3,5,2.125
VFLM 4900,4,23,1,5,3,2.875
VFLM 4900,5,15,1,3,5,1.875
VFLM 4900,6,16,0,4,4,2.0
VFLM 4900,7,23,1,7,1,2.875
VFLM 4900,8,17,1,5,3,2.125
VFLM 4900,9,23,1,3,5,2.875
VFLM 4900,10,27,1,3,5,3.375
VFLM 4900,11,18,0,6,2,2.25
VFLM 4900,12,23,1,3,5,2.875
VFLM 4900,13,17,1,3,5,2.125
VFLM 4900,14,23,1,5,3,2.875
VFLM 4900,15,15,1,3,5,1.875
VFLM 4900,16,16,0,4,4,2.0
VFLM 4900,17,23,1,7,1,2.875
VFLM 4900,18,17,1,5,3,2.125
VFLM 4900,19,25,1,5,3,3.125
VFLM 4900,20,23,1,3,5,2.875
VFLM 4900,21,27,1,3,5,3.375
VFLM 4900,22,18,0,6,2,2.25
VFLM 4900,23,23,1,3,5,2.875
VFLM 4900,24,17,1,3,5,2.125
VFLM 4900,25,23,1,5,3,2.875
VFLM 4900,26,15,1,3,5,1.875
VFLM 4900,27,16,0,4,4,2.0
VFLM 4900,28,23,1,7,1,2.875
VFLM 4900,29,25,1,5,3,3.125
VFLM 4900,30,23,1,3,5,2.875
VFLM 4901,1,27,1,3,5,3.375
VFLM 4901,2,18,0,6,2,2.25
VFLM 4901,3,23,1,3,5,2.875
VFLM 4901,4,17,1,3,5,2.125
VFLM 4901,5,23,1,5,3,2.875
VFLM 4901,6,15,1,3,5,1.875
VFLM 4901,7,16,0,4,4,2.0
VFLM 4901,8,23,1,7,1,2.875
VFLM 4901,9,22,0,4,4,2.75
VFLM 4901,10,25,1,5,3,3.125
VFLM 4901,11,23,1,3,5,2.875
VFLM 4901,12,27,1,3,5,3.375
VFLM 4901,13,18,0,6,2,2.25
VFLM 4901,14,23,1,3,5,2.875
VFLM 4901,15,17,1,3,5,2.125
VFLM 4901,16,23,1,5,3,2.875
VFLM 4901,17,15,1,3,5,1.875
VFLM 4901,18,22,0,4,4,2.75
VFLM 4901,19,25,1,5,3,3.125
VFLM 4901,20,23,1,3,5,2.875
VFLM 4901,21,27,1,3,5,3.375
VFLM 4901,22,18,0,6,2,2.25
VFLM 4901,23,23,1,3,5,2.875
VFLM 4901,24,17,1,3,5,2.125
VFLM 4901,25,23,1,5,3,2.875
VFLM 4901,26,15,1,3,5,1.875
VFLM 4901,27,16,0,4,4,2.0
VFLM 4901,28,29,1,3,5,3.625
VFLM 4901,29,22,0,4,4,2.75
VFLM 4901,30,25,1,5,3,3.125
VFLM 4902,1,23,1,3,5,2.875
VFLM 4902,2,29,1,3,5,3.625
VFLM 4902,3,22,0,4,4,2.75
VFLM 4902,4,25,1,5,3,3.125
VFLM 4902,5,23,1,3,5,2.875
VFLM 4902,6,27,1,3,5,3.375
VFLM 4902,7,18,0,6,2,2.25
VFLM 4902,8,23,1,3,5,2.875
VFLM 4902,9,17,1,3,5,2.125
VFLM 4902,10,23,1,5,3,2.875
VFLM 4902,11,15,1,3,5,1.875
VFLM 4902,12,27,1,3,5,3.375
VFLM 4902,13,29,1,3,5,3.625
VFLM 4902,14,22,0,4,4,2.75
VFLM 4902,15,25,1,5,3,3.125
VFLM 4902,16,23,1,3,5,2.875
VFLM 4902,17,27,1,3,5,3.375
VFLM 4902,18,18,0,6,2,2.25
VFLM 4902,19,23,1,3,5,2.875
VFLM 4902,20,17,1,3,5,2.125
VFLM 4902,21,23,1,5,3,2.875
VFLM 4902,22,18,0,4,4,2.25
VFLM 4902,23,27,1,3,5,3.375
VFLM 4902,24,29,1,3,5,3.625
VFLM 4902,25,22,0,4,4,2.75
VFLM 4902,26,25,1,5,3,3.125
VFLM 4902,27,23,1,3,5,2.875
VFLM 4902,28,27,1,3,5,3.375
VFLM 4902,29,18,0,6,2,2.25
VFLM 4902,30,23,1,3,5,2.875
VFLM 4903,1,17,1,3,5,2.125
VFLM 4903,2,22,0,2,6,2.75
VFLM 4903,3,18,0,4,4,2.25
VFLM 4903,4,27,1,3,5,3.375
VFLM 4903,5,29,1,3,5,3.625
VFLM 4903,6,22,0,4,4,2.75
VFLM 4903,7,25,1,5,3,3.125
VFLM 4903,8,23,1,3,5,2.875
VFLM 4903,9,27,1,3,5,3.375
VFLM 4903,10,18,0,6,2,2.25
VFLM 4903,11,23,1,3,5,2.875
VFLM 4903,12,16,0,2,6,2.0
VFLM 4903,13,22,0,2,6,2.75
VFLM 4903,14,18,0,4,4,2.25
VFLM 4903,15,27,1,3,5,3.375
VFLM 4903,16,29,1,3,5,3.625
VFLM 4903,17,22,0,4,4,2.75
VFLM 4903,18,25,1,5,3,3.125
VFLM 4903,19,23,1,3,5,2.875
VFLM 4903,20,27,1,3,5,3.375
VFLM 4903,21,18,0,6,2,2.25
VFLM 4903,22,18,0,2,6,2.25
VFLM 4903,23,16,0,2,6,2.0
VFLM 4903,24,22,0,2,6,2.75
VFLM 4903,25,18,0,4,4,2.25
VFLM 4903,26,27,1,3,5,3.375
VFLM 4903,27,29,1,3,5,3.625
VFLM 4903,28,22,0,4,4,2.75
VFLM 4903,29,25,1,5,3,3.125
VFLM 4903,30,23,1,3,5,2.875
VFLM 4904,1,27,1,3,5,3.375
VFLM 4904,2,19,1,5,3,2.375
VFLM 4904,3,18,0,2,6,2.25
VFLM 4904,4,16,0,2,6,2.0
VFLM 4904,5,22,0,2,6,2.75
VFLM 4904,6,18,0,4,4,2.25
VFLM 4904,7,19,1,5,3,2.375
VFLM 4904,8,18,0,2,6,2.25
VFLM 4904,9,16,0,2,6,2.0
VFLM 4904,10,22,0,2,6,2.75
VFLM 4904,11,18,0,4,4,2.25
VFLM 4904,12,27,1,3,5,3.375
VFLM 4904,13,29,1,3,5,3.625
VFLM 4904,14,22,0,4,4,2.75
VFLM 4904,15,25,1,5,3,3.125
VFLM 4904,16,23,1,3,5,2.875
VFLM 4904,17,22,0,4,4,2.75
VFLM 4904,18,19,1,5,3,2.375
VFLM 4904,19,18,0,2,6,2.25
VFLM 4904,20,16,0,2,6,2.0
VFLM 4904,21,22,0,2,6,2.75
VFLM 4904,22,18,0,4,4,2.25
VFLM 4904,23,27,1,3,5,3.375
VFLM 4904,24,29,1,3,5,3.625
VFLM 4904,25,22,0,4,4,2.75
VFLM 4904,26,19,1,5,3,2.375
VFLM 4904,27,18,0,2,6,2.25
VFLM 4904,28,16,0,2,6,2.0
VFLM 4904,29,22,0,2,6,2.75
VFLM 4904,30,18,0,4,4,2.25
VFLM 4905,1,27,1,3,5,3.375
VFLM 4905,2,29,1,3,5,3.625
VFLM 4905,3,22,0,4,4,2.75
VFLM 4905,4,25,1,5,3,3.125
VFLM 4905,5,24,0,6,2,3.0
VFLM 4905,6,22,0,4,4,2.75
VFLM 4905,7,19,1,5,3,2.375
VFLM 4905,8,18,0,2,6,2.25
VFLM 4905,9,16,0,2,6,2.0
VFLM 4905,10,22,0,2,6,2.75
VFLM 4905,11,18,0,4,4,2.25
VFLM 4905,12,27,1,3,5,3.375
VFLM 4905,13,29,1,3,5,3.625
VFLM 4905,14,22,0,4,4,2.75
VFLM 4905,15,24,0,6,2,3.0
VFLM 4905,16,22,0,4,4,2.75
VFLM 4905,17,19,1,5,3,2.375
VFLM 4905,18,18,0,2,6,2.25
VFLM 4905,19,16,0,2,6,2.0
VFLM 4905,20,22,0,2,6,2.75
VFLM 4905,21,18,0,4,4,2.25
VFLM 4905,22,27,1,3,5,3.375
VFLM 4905,23,29,1,3,5,3.625
VFLM 4905,24,22,0,4,4,2.75
VFLM 4905,25,24,0,4,4,3.0
VFLM 4905,26,24,0,6,2,3.0
VFLM 4905,27,22,0,4,4,2.75
VFLM 4905,28,19,1,5,3,2.375
VFLM 4905,29,18,0,2,6,2.25
VFLM 4905,30,16,0,2,6,2.0
VFLM 4906,1,22,0,2,6,2.75
VFLM 4906,2,18,0,4,4,2.25
VFLM 4906,3,27,1,3,5,3.375
VFLM 4906,4,29,1,3,5,3.625
VFLM 4906,5,24,0,4,4,3.0
VFLM 4906,6,24,0,6,2,3.0
VFLM 4906,7,22,0,4,4,2.75
VFLM 4906,8,19,1,5,3,2.375
VFLM 4906,9,18,0,2,6,2.25
VFLM 4906,10,16,0,2,6,2.0
VFLM 4906,11,22,0,2,6,2.75
VFLM 4906,12,18,0,4,4,2.25
VFLM 4906,13,27,1,3,5,3.375
VFLM 4906,14,29,1,3,5,3.625
VFLM 4906,15,15,1,3,5,1.875
VFLM 4906,16,24,0,4,4,3.0
VFLM 4906,17,24,0,6,2,3.0
VFLM 4906,18,22,0,4,4,2.75
VFLM 4906,19,19,1,5,3,2.375
VFLM 4906,20,18,0,2,6,2.25
VFLM 4906,21,16,0,2,6,2.0
VFLM 4906,22,22,0,2,6,2.75
VFLM 4906,23,18,0,4,4,2.25
VFLM 4906,24,27,1,3,5,3.375
VFLM 4906,25,15,1,3,5,1.875
VFLM 4906,26,24,0,4,4,3.0
VFLM 4906,27,24,0,6,2,3.0
VFLM 4906,28,22,0,4,4,2.75
VFLM 4906,29,19,1,5,3,2.375
VFLM 4906,30,18,0,2,6,2.25
VFLM 4907,1,16,0,2,6,2.0
VFLM 4907,2,22,0,2,6,2.75
VFLM 4907,3,18,0,4,4,2.25
VFLM 4907,4,27,1,3,5,3.375
VFLM 4907,5,15,1,3,5,1.875
VFLM 4907,6,24,0,4,4,3.0
VFLM 4907,7,24,0,6,2,3.0
VFLM 4907,8,22,0,4,4,2.75
VFLM 4907,9,19,1,5,3,2.375
VFLM 4907,10,18,0,2,6,2.25
VFLM 4907,11,16,0,2,6,2.0
VFLM 4907,12,22,0,2,6,2.75
VFLM 4907,13,18,0,4,4,2.25
VFLM 4907,14,27,1,3,5,3.375
VFLM 4907,15,18,0,2,6,2.25
VFLM 4907,16,15,1,3,5,1.875
VFLM 4907,17,24,0,4,4,3.0
VFLM 4907,18,24,0,6,2,3.0
VFLM 4907,19,22,0,4,4,2.75
VFLM 4907,20,19,1,5,3,2.375
VFLM 4907,21,18,0,2,6,2.25
VFLM 4907,22,16,0,2,6,2.0
VFLM 4907,23,22,0,2,6,2.75
VFLM 4907,24,18,0,4,4,2.25
VFLM 4907,25,18,0,2,6,2.25
VFLM 4907,26,15,1,3,5,1.875
VFLM 4907,27,24,0,4,4,3.0
VFLM 4907,28,24,0,6,2,3.0
VFLM 4907,29,22,0,4,4,2.75
VFLM 4907,30,19,1,5,3,2.375
VFLM 4908,1,18,0,2,6,2.25
VFLM 4908,2,16,0,2,6,2.0
VFLM 4908,3,22,0,2,6,2.75
VFLM 4908,4,18,0,4,4,2.25
VFLM 4908,5,13,1,5,3,1.625
VFLM 4908,6,18,0,2,6,2.25
VFLM 4908,7,15,1,3,5,1.875
VFLM 4908,8,24,0,4,4,3.0
VFLM 4908,9,24,0,6,2,3.0
VFLM 4908,10,22,0,4,4,2.75
VFLM 4908,11,19,1,5,3,2.375
VFLM 4908,12,18,0,2,6,2.25
VFLM 4908,13,16,0,2,6,2.0
VFLM 4908,14,22,0,2,6,2.75
VFLM 4908,15,13,1,5,3,1.625
VFLM 4908,16,18,0,2,6,2.25
VFLM 4908,17,15,1,3,5,1.875
VFLM 4908,18,24,0,4,4,3.0
VFLM 4908,19,24,0,6,2,3.0
VFLM 4908,20,22,0,4,4,2.75
VFLM 4908,21,19,1,5,3,2.375
VFLM 4908,22,18,0,2,6,2.25
VFLM 4908,23,16,0,2,6,2.0
VFLM 4908,24,22,0,2,6,2.75
VFLM 4908,25,23,1,3,5,2.875
VFLM 4908,26,13,1,5,3,1.625
VFLM 4908,27,18,0,2,6,2.25
VFLM 4908,28,15,1,3,5,1.875
VFLM 4908,29,24,0,4,4,3.0
VFLM 4908,30,24,0,6,2,3.0
VFLM 4909,1,22,0,4,4,2.75
VFLM 4909,2,19,1,5,3,2.375
VFLM 4909,3,18,0,2,6,2.25
VFLM 4909,4,16,0,2,6,2.0
VFLM 4909,5,23,1,3,5,2.875
VFLM 4909,6,13,1,5,3,1.625
VFLM 4909,7,18,0,2,6,2.25
VFLM 4909,8,15,1,3,5,1.875
VFLM 4909,9,24,0,4,4,3.0
VFLM 4909,10,24,0,6,2,3.0
VFLM 4909,11,22,0,4,4,2.75
VFLM 4909,12,19,1,5,3,2.375
VFLM 4909,13,18,0,2,6,2.25
VFLM 4909,14,16,0,2,6,2.0
VFLM 4909,15,23,1,3,5,2.875
VFLM 4909,16,23,1,3,5,2.875
VFLM 4909,17,13,1,5,3,1.625
VFLM 4909,18,18,0,2,6,2.25
VFLM 4909,19,15,1,3,5,1.875
VFLM 4909,20,24,0,4,4,3.0
VFLM 4909,21,24,0,6,2,3.0
VFLM 4909,22,22,0,4,4,2.75
VFLM 4909,23,19,1,5,3,2.375
VFLM 4909,24,18,0,2,6,2.25
VFLM 4909,25,23,1,3,5,2.875
VFLM 4909,26,23,1,3,5,2.875
VFLM 4909,27,13,1,5,3,1.625
VFLM 4909,28,18,0,2,6,2.25
VFLM 4909,29,15,1,3,5,1.875
VFLM 4909,30,24,0,4,4,3.0
VFLM 4910,1,24,0,6,2,3.0
VFLM 4910,2,22,0,4,4,2.75
VFLM 4910,3,19,1,5,3,2.375
VFLM 4910,4,18,0,2,6,2.25
VFLM 4910,5,20,0,4,4,2.5
VFLM 4910,6,23,1,3,5,2.875
VFLM 4910,7,23,1,3,5,2.875
VFLM 4910,8,13,1,5,3,1.625
VFLM 4910,9,18,0,2,6,2.25
VFLM 4910,10,15,1,3,5,1.875
VFLM 4910,11,24,0,4,4,3.0
VFLM 4910,12,24,0,6,2,3.0
VFLM 4910,13,20,0,4,4,2.5
VFLM 4910,14,23,1,3,5,2.875
VFLM 4910,15,23,1,3,5,2.875
VFLM 4910,16,13,1,5,3,1.625
VFLM 4910,17,18,0,2,6,2.25
VFLM 4910,18,15,1,3,5,1.875
VFLM 4910,19,24,0,4,4,3.0
VFLM 4910,20,24,0,6,2,3.0
VFLM 4910,21,22,0,4,4,2.75
VFLM 4910,22,19,1,5,3,2.375
VFLM 4910,23,22,0,0,8,2.75
VFLM 4910,24,20,0,4,4,2.5
VFLM 4910,25,23,1,3,5,2.875
VFLM 4910,26,23,1,3,5,2.875
VFLM 4910,27,13,1,5,3,1.625
VFLM 4910,28,18,0,2,6,2.25
VFLM 4910,29,22,0,0,8,2.75
VFLM 4910,30,20,0,4,4,2.5
VFLM 4911,1,23,1,3,5,2.875
VFLM 4911,2,23,1,3,5,2.875
VFLM 4911,3,13,1,5,3,1.625
VFLM 4911,4,18,0,2,6,2.25
VFLM 4911,5,15,1,3,5,1.875
VFLM 4911,6,24,0,4,4,3.0
VFLM 4911,7,24,0,6,2,3.0
VFLM 4911,8,22,0,4,4,2.75
VFLM 4911,9,25,1,3,5,3.125
VFLM 4911,10,22,0,0,8,2.75
VFLM 4911,11,20,0,4,4,2.5
VFLM 4911,12,25,1,3,5,3.125
VFLM 4911,13,22,0,0,8,2.75
VFLM 4911,14,20,0,4,4,2.5
VFLM 4911,15,23,1,3,5,2.875
VFLM 4911,16,23,1,3,5,2.875
VFLM 4911,17,13,1,5,3,1.625
VFLM 4911,18,18,0,2,6,2.25
VFLM 4911,19,15,1,3,5,1.875
VFLM 4911,20,24,0,4,4,3.0
VFLM 4911,21,24,0,6,2,3.0
VFLM 4911,22,27,1,3,5,3.375
VFLM 4911,23,25,1,3,5,3.125
VFLM 4911,24,22,0,0,8,2.75
VFLM 4911,25,20,0,4,4,2.5
VFLM 4911,26,23,1,3,5,2.875
VFLM 4911,27,23,1,3,5,2.875
VFLM 4911,28,13,1,5,3,1.625
VFLM 4911,29,18,0,2,6,2.25
VFLM 4911,30,15,1,3,5,1.875
VFLM 4912,1,24,0,4,4,3.0
VFLM 4912,2,11,1,3,5,1.375
VFLM 4912,3,27,1,3,5,3.375
VFLM 4912,4,25,1,3,5,3.125
VFLM 4912,5,22,0,0,8,2.75
VFLM 4912,6,20,0,4,4,2.5
VFLM 4912,7,23,1,3,5,2.875
VFLM 4912,8,23,1,3,5,2.875
VFLM 4912,9,13,1,5,3,1.625
VFLM 4912,10,18,0,2,6,2.25
VFLM 4912,11,15,1,3,5,1.875
VFLM 4912,12,19,1,7,1,2.375
VFLM 4912,13,11,1,3,5,1.375
VFLM 4912,14,27,1,3,5,3.375
VFLM 4912,15,25,1,3,5,3.125
VFLM 4912,16,22,0,0,8,2.75
VFLM 4912,17,20,0,4,4,2.5
VFLM 4912,18,23,1,3,5,2.875
VFLM 4912,19,23,1,3,5,2.875
VFLM 4912,20,13,1,5,3,1.625
VFLM 4912,21,18,0,2,6,2.25
VFLM 4912,22,26,0,4,4,3.25
VFLM 4912,23,19,1,7,1,2.375
VFLM 4912,24,11,1,3,5,1.375
VFLM 4912,25,27,1,3,5,3.375
VFLM 4912,26,25,1,3,5,3.125
VFLM 4912,27,22,0,0,8,2.75
VFLM 4912,28,20,0,4,4,2.5
VFLM 4912,29,23,1,3,5,2.875
VFLM 4912,30,23,1,3,5,2.875
VFLM 4913,1,13,1,5,3,1.625
VFLM 4913,2,21,1,3,5,2.625
VFLM 4913,3,26,0,4,4,3.25
VFLM 4913,4,19,1,7,1,2.375
VFLM 4913,5,11,1,3,5,1.375
VFLM 4913,6,27,1,3,5,3.375
VFLM 4913,7,25,1,3,5,3.125
VFLM 4913,8,22,0,0,8,2.75
VFLM 4913,9,20,0,4,4,2.5
VFLM 4913,10,23,1,3,5,2.875
VFLM 4913,11,23,1,3,5,2.875
VFLM 4913,12,24,0,4,4,3.0
VFLM 4913,13,21,1,3,5,2.625
VFLM 4913,14,26,0,4,4,3.25
VFLM 4913,15,19,1,7,1,2.375
VFLM 4913,16,11,1,3,5,1.375
VFLM 4913,17,27,1,3,5,3.375
VFLM 4913,18,25,1,3,5,3.125
VFLM 4913,19,22,0,0,8,2.75
VFLM 4913,20,20,0,4,4,2.5
VFLM 4913,21,23,1,3,5,2.875
VFLM 4913,22,18,0,6,2,2.25
VFLM 4913,23,24,0,4,4,3.0
VFLM 4913,24,21,1,3,5,2.625
VFLM 4913,25,26,0,4,4,3.25
VFLM 4913,26,18,0,6,2,2.25
VFLM 4913,27,24,0,4,4,3.0
VFLM 4913,28,21,1,3,5,2.625
VFLM 4913,29,26,0,4,4,3.25
VFLM 4913,30,19,1,7,1,2.375
VFLM 4914,1,11,1,3,5,1.375
VFLM 4914,2,27,1,3,5,3.375
VFLM 4914,3,25,1,3,5,3.125
VFLM 4914,4,22,0,0,8,2.75
VFLM 4914,5,20,0,4,4,2.5
VFLM 4914,6,25,1,5,3,3.125
VFLM 4914,7,18,0,6,2,2.25
VFLM 4914,8,24,0,4,4,3.0
VFLM 4914,9,21,1,3,5,2.625
VFLM 4914,10,26,0,4,4,3.25
VFLM 4914,11,19,1,7,1,2.375
VFLM 4914,12,11,1,3,5,1.375
VFLM 4914,13,27,1,3,5,3.375
VFLM 4914,14,25,1,3,5,3.125
VFLM 4914,15,22,0,0,8,2.75
VFLM 4914,16,25,1,5,3,3.125
VFLM 4914,17,18,0,6,2,2.25
VFLM 4914,18,24,0,4,4,3.0
VFLM 4914,19,21,1,3,5,2.625
VFLM 4914,20,26,0,4,4,3.25
VFLM 4914,21,19,1,7,1,2.375
VFLM 4914,22,11,1,3,5,1.375
VFLM 4914,23,27,1,3,5,3.375
VFLM 4914,24,25,1,3,5,3.125
VFLM 4914,25,22,0,0,8,2.75
VFLM 4914,26,20,0,4,4,2.5
VFLM 4914,27,25,1,5,3,3.125
VFLM 4914,28,18,0,6,2,2.25
VFLM 4914,29,24,0,4,4,3.0
VFLM 4914,30,21,1,3,5,2.625
VFLM 4915,1,26,0,4,4,3.25
VFLM 4915,2,19,1,7,1,2.375
VFLM 4915,3,11,1,3,5,1.375
VFLM 4915,4,27,1,3,5,3.375
VFLM 4915,5,25,1,3,5,3.125
VFLM 4915,6,20,0,4,4,2.5
VFLM 4915,7,25,1,5,3,3.125
VFLM 4915,8,18,0,6,2,2.25
VFLM 4915,9,24,0,4,4,3.0
VFLM 4915,10,21,1,3,5,2.625
VFLM 4915,11,26,0,4,4,3.25
VFLM 4915,12,19,1,7,1,2.375
VFLM 4915,13,11,1,3,5,1.375
VFLM 4915,14,27,1,3,5,3.375
VFLM 4915,15,25,1,3,5,3.125
VFLM 4915,16,25,1,3,5,3.125
VFLM 4915,17,20,0,4,4,2.5
VFLM 4915,18,25,1,5,3,3.125
VFLM 4915,19,18,0,6,2,2.25
VFLM 4915,20,24,0,4,4,3.0
VFLM 4915,21,21,1,3,5,2.625
VFLM 4915,22,26,0,4,4,3.25
VFLM 4915,23,19,1,7,1,2.375
VFLM 4915,24,11,1,3,5,1.375
VFLM 4915,25,27,1,3,5,3.375
VFLM 4915,26,25,1,3,5,3.125
VFLM 4915,27,20,0,4,4,2.5
VFLM 4915,28,25,1,5,3,3.125
VFLM 4915,29,18,0,6,2,2.25
VFLM 4915,30,24,0,4,4,3.0
VFLM 4916,1,21,1,3,5,2.625
VFLM 4916,2,26,0,4,4,3.25
VFLM 4916,3,19,1,7,1,2.375
VFLM 4916,4,11,1,3,5,1.375
VFLM 4916,5,27,1,3,5,3.375
VFLM 4916,6,25,1,3,5,3.125
VFLM 4916,7,20,0,4,4,2.5
VFLM 4916,8,25,1,5,3,3.125
VFLM 4916,9,18,0,6,2,2.25
VFLM 4916,10,24,0,4,4,3.0
VFLM 4916,11,21,1,3,5,2.625
VFLM 4916,12,26,0,4,4,3.25
VFLM 4916,13,19,1,7,1,2.375
VFLM 4916,14,11,1,3,5,1.375
VFLM 4916,15,27,1,3,5,3.375
VFLM 4916,16,18,0,6,2,2.25
VFLM 4916,17,25,1,3,5,3.125
VFLM 4916,18,20,0,4,4,2.5
VFLM 4916,19,25,1,5,3,3.125
VFLM 4916,20,18,0,6,2,2.25
VFLM 4916,21,24,0,4,4,3.0
VFLM 4916,22,21,1,3,5,2.625
VFLM 4916,23,26,0,4,4,3.25
VFLM 4916,24,19,1,7,1,2.375
VFLM 4916,25,11,1,3,5,1.375
VFLM 4916,26,18,0,6,2,2.25
VFLM 4916,27,25,1,3,5,3.125
VFLM 4916,28,20,0,4,4,2.5
VFLM 4916,29,25,1,5,3,3.125
VFLM 4916,30,18,0,6,2,2.25
VFLM 4917,1,24,0,4,4,3.0
VFLM 4917,2,21,1,3,5,2.625
VFLM 4917,3,26,0,4,4,3.25
VFLM 4917,4,19,1,7,1,2.375
VFLM 4917,5,11,1,3,5,1.375
VFLM 4917,6,18,0,6,2,2.25
VFLM 4917,7,25,1,3,5,3.125
VFLM 4917,8,20,0,4,4,2.5
VFLM 4917,9,25,1,5,3,3.125
VFLM 4917,10,18,0,6,2,2.25
VFLM 4917,11,24,0,4,4,3.0
VFLM 4917,12,21,1,3,5,2.625
VFLM 4917,13,26,0,4,4,3.25
VFLM 4917,14,19,1,7,1,2.375
VFLM 4917,15,11,1,3,5,1.375
VFLM 4917,16,11,1,5,3,1.375
VFLM 4917,17,18,0,6,2,2.25
VFLM 4917,18,25,1,3,5,3.125
VFLM 4917,19,20,0,4,4,2.5
VFLM 4917,20,25,1,5,3,3.125
VFLM 4917,21,18,0,6,2,2.25
VFLM 4917,22,24,0,4,4,3.0
VFLM 4917,23,21,1,3,5,2.625
VFLM 4917,24,26,0,4,4,3.25
VFLM 4917,25,19,1,7,1,2.375
VFLM 4917,26,11,1,5,3,1.375
VFLM 4917,27,18,0,6,2,2.25
VFLM 4917,28,25,1,3,5,3.125
VFLM 4917,29,20,0,4,4,2.5
VFLM 4917,30,25,1,5,3,3.125
VFLM 4918,1,18,0,6,2,2.25
VFLM 4918,2,24,0,4,4,3.0
VFLM 4918,3,21,1,3,5,2.625
VFLM 4918,4,26,0,4,4,3.25
VFLM 4918,5,19,1,7,1,2.375
VFLM 4918,6,19,1,5,3,2.375
VFLM 4918,7,11,1,5,3,1.375
VFLM 4918,8,18,0,6,2,2.25
VFLM 4918,9,25,1,3,5,3.125
VFLM 4918,10,20,0,4,4,2.5
VFLM 4918,11,25,1,5,3,3.125
VFLM 4918,12,18,0,6,2,2.25
VFLM 4918,13,24,0,4,4,3.0
VFLM 4918,14,21,1,3,5,2.625
VFLM 4918,15,26,0,4,4,3.25
VFLM 4918,16,19,1,5,3,2.375
VFLM 4918,17,11,1,5,3,1.375
VFLM 4918,18,18,0,6,2,2.25
VFLM 4918,19,25,1,3,5,3.125
VFLM 4918,20,20,0,4,4,2.5
VFLM 4918,21,25,1,5,3,3.125
VFLM 4918,22,18,0,6,2,2.25
VFLM 4918,23,24,0,4,4,3.0
VFLM 4918,24,21,1,3,5,2.625
VFLM 4918,25,26,0,4,4,3.25
VFLM 4918,26,20,0,6,2,2.5
VFLM 4918,27,19,1,5,3,2.375
VFLM 4918,28,11,1,5,3,1.375
VFLM 4918,29,18,0,6,2,2.25
VFLM 4918,30,25,1,3,5,3.125
VFLM 4919,1,20,0,4,4,2.5
VFLM 4919,2,25,1,5,3,3.125
VFLM 4919,3,18,0,6,2,2.25
VFLM 4919,4,24,0,4,4,3.0
VFLM 4919,5,21,1,3,5,2.625
VFLM 4919,6,20,0,6,2,2.5
VFLM 4919,7,19,1,5,3,2.375
VFLM 4919,8,11,1,5,3,1.375
VFLM 4919,9,18,0,6,2,2.25
VFLM 4919,10,25,1,3,5,3.125
VFLM 4919,11,20,0,4,4,2.5
VFLM 4919,12,25,1,5,3,3.125
VFLM 4919,13,18,0,6,2,2.25
VFLM 4919,14,29,1,3,5,3.625
VFLM 4919,15,20,0,6,2,2.5
VFLM 4919,16,19,1,5,3,2.375
VFLM 4919,17,11,1,5,3,1.375
VFLM 4919,18,18,0,6,2,2.25
VFLM 4919,19,25,1,3,5,3.125
VFLM 4919,20,20,0,4,4,2.5
VFLM 4919,21,25,1,5,3,3.125
VFLM 4919,22,18,0,6,2,2.25
VFLM 4919,23,24,0,4,4,3.0
VFLM 4919,24,29,1,3,5,3.625
VFLM 4919,25,20,0,6,2,2.5
VFLM 4919,26,19,1,5,3,2.375
VFLM 4919,27,11,1,5,3,1.375
VFLM 4919,28,29,1,3,5,3.625
VFLM 4919,29,20,0,6,2,2.5
VFLM 4919,30,19,1,5,3,2.375
VFLM 4920,1,11,1,5,3,1.375
VFLM 4920,2,18,0,6,2,2.25
VFLM 4920,3,25,1,3,5,3.125
VFLM 4920,4,20,0,4,4,2.5
VFLM 4920,5,25,1,5,3,3.125
VFLM 4920,6,18,0,6,2,2.25
VFLM 4920,7,24,0,4,4,3.0
VFLM 4920,8,19,1,5,3,2.375
VFLM 4920,9,29,1,3,5,3.625
VFLM 4920,10,20,0,6,2,2.5
VFLM 4920,11,19,1,5,3,2.375
VFLM 4920,12,11,1,5,3,1.375
VFLM 4920,13,18,0,6,2,2.25
VFLM 4920,14,25,1,3,5,3.125
VFLM 4920,15,20,0,4,4,2.5
VFLM 4920,16,25,1,5,3,3.125
VFLM 4920,17,18,0,6,2,2.25
VFLM 4920,18,21,1,3,5,2.625
VFLM 4920,19,19,1,5,3,2.375
VFLM 4920,20,29,1,3,5,3.625
VFLM 4920,21,20,0,6,2,2.5
VFLM 4920,22,19,1,5,3,2.375
VFLM 4920,23,11,1,5,3,1.375
VFLM 4920,24,18,0,6,2,2.25
VFLM 4920,25,25,1,3,5,3.125
VFLM 4920,26,20,0,4,4,2.5
VFLM 4920,27,25,1,5,3,3.125
VFLM 4920,28,15,1,3,5,1.875
VFLM 4920,29,21,1,3,5,2.625
VFLM 4920,30,19,1,5,3,2.375
VFLM 4921,1,29,1,3,5,3.625
VFLM 4921,2,20,0,6,2,2.5
VFLM 4921,3,19,1,5,3,2.375
VFLM 4921,4,11,1,5,3,1.375
VFLM 4921,5,18,0,6,2,2.25
VFLM 4921,6,25,1,3,5,3.125
VFLM 4921,7,20,0,4,4,2.5
VFLM 4921,8,16,0,6,2,2.0
VFLM 4921,9,16,0,4,4,2.0
VFLM 4921,10,15,1,3,5,1.875
VFLM 4921,11,21,1,3,5,2.625
VFLM 4921,12,19,1,5,3,2.375
VFLM 4921,13,29,1,3,5,3.625
VFLM 4921,14,20,0,6,2,2.5
VFLM 4921,15,19,1,5,3,2.375
VFLM 4921,16,11,1,5,3,1.375
VFLM 4921,17,18,0,6,2,2.25
VFLM 4921,18,16,0,6,2,2.0
VFLM 4921,19,16,0,4,4,2.0
VFLM 4921,20,15,1,3,5,1.875
VFLM 4921,21,21,1,3,5,2.625
VFLM 4921,22,19,1,5,3,2.375
VFLM 4921,23,29,1,3,5,3.625
VFLM 4921,24,20,0,6,2,2.5
VFLM 4921,25,19,1,5,3,2.375
VFLM 4921,26,11,1,5,3,1.375
VFLM 4921,27,18,0,6,2,2.25
VFLM 4921,28,18,0,4,4,2.25
VFLM 4921,29,16,0,6,2,2.0
VFLM 4921,30,16,0,4,4,2.0
VFLM 4922,1,15,1,3,5,1.875
VFLM 4922,2,21,1,3,5,2.625
VFLM 4922,3,19,1,5,3,2.375
VFLM 4922,4,29,1,3,5,3.625
VFLM 4922,5,20,0,6,2,2.5
VFLM 4922,6,19,1,5,3,2.375
VFLM 4922,7,11,1,5,3,1.375
VFLM 4922,8,19,1,5,3,2.375
VFLM 4922,9,18,0,4,4,2.25
VFLM 4922,10,22,0,4,4,2.75
VFLM 4922,11,19,1,5,3,2.375
VFLM 4922,12,18,0,4,4,2.25
VFLM 4922,13,16,0,6,2,2.0
VFLM 4922,14,16,0,4,4,2.0
VFLM 4922,15,15,1,3,5,1.875
VFLM 4922,16,21,1,3,5,2.625
VFLM 4922,17,19,1,5,3,2.375
VFLM 4922,18,29,1,3,5,3.625
VFLM 4922,19,20,0,6,2,2.5
VFLM 4922,20,22,0,4,4,2.75
VFLM 4922,21,19,1,5,3,2.375
VFLM 4922,22,18,0,4,4,2.25
VFLM 4922,23,16,0,6,2,2.0
VFLM 4922,24,16,0,4,4,2.0
VFLM 4922,25,15,1,3,5,1.875
VFLM 4922,26,21,1,3,5,2.625
VFLM 4922,27,19,1,5,3,2.375
VFLM 4922,28,19,1,3,5,2.375
VFLM 4922,29,22,0,4,4,2.75
VFLM 4922,30,19,1,5,3,2.375
VFLM 4923,1,18,0,4,4,2.25
VFLM 4923,2,16,0,6,2,2.0
VFLM 4923,3,16,0,4,4,2.0
VFLM 4923,4,15,1,3,5,1.875
VFLM 4923,5,21,1,3,5,2.625
VFLM 4923,6,19,1,5,3,2.375
VFLM 4923,7,29,1,3,5,3.625
VFLM 4923,8,19,1,3,5,2.375
VFLM 4923,9,22,0,4,4,2.75
VFLM 4923,10,19,1,5,3,2.375
VFLM 4923,11,18,0,4,4,2.25
VFLM 4923,12,16,0,6,2,2.0
VFLM 4923,13,16,0,4,4,2.0
VFLM 4923,14,15,1,3,5,1.875
VFLM 4923,15,21,1,3,5,2.625
VFLM 4923,16,19,1,5,3,2.375
VFLM 4923,17,29,1,3,5,3.625
VFLM 4923,18,25,1,5,3,3.125
VFLM 4923,19,19,1,3,5,2.375
VFLM 4923,20,22,0,4,4,2.75
VFLM 4923,21,19,1,5,3,2.375
VFLM 4923,22,18,0,4,4,2.25
VFLM 4923,23,16,0,6,2,2.0
VFLM 4923,24,16,0,4,4,2.0
VFLM 4923,25,15,1,3,5,1.875
VFLM 4923,26,21,1,3,5,2.625
VFLM 4923,27,19,1,5,3,2.375
VFLM 4923,28,25,1,5,3,3.125
VFLM 4923,29,19,1,3,5,2.375
VFLM 4923,30,22,0,4,4,2.75
VFLM 4924,1,19,1,5,3,2.375
VFLM 4924,2,18,0,4,4,2.25
VFLM 4924,3,16,0,6,2,2.0
VFLM 4924,4,16,0,4,4,2.0
VFLM 4924,5,15,1,3,5,1.875
VFLM 4924,6,21,1,3,5,2.625
VFLM 4924,7,19,1,5,3,2.375
VFLM 4924,8,28,0,4,4,3.5
VFLM 4924,9,25,1,5,3,3.125
VFLM 4924,10,19,1,3,5,2.375
VFLM 4924,11,22,0,4,4,2.75
VFLM 4924,12,19,1,5,3,2.375
VFLM 4924,13,18,0,4,4,2.25
VFLM 4924,14,16,0,6,2,2.0
VFLM 4924,15,16,0,4,4,2.0
VFLM 4924,16,15,1,3,5,1.875
VFLM 4924,17,21,1,3,5,2.625
VFLM 4924,18,28,0,4,4,3.5
VFLM 4924,19,25,1,5,3,3.125
VFLM 4924,20,19,1,3,5,2.375
VFLM 4924,21,22,0,4,4,2.75
VFLM 4924,22,19,1,5,3,2.375
VFLM 4924,23,18,0,4,4,2.25
VFLM 4924,24,16,0,6,2,2.0
VFLM 4924,25,16,0,4,4,2.0
VFLM 4924,26,15,1,3,5,1.875
VFLM 4924,27,21,1,3,5,2.625
VFLM 4924,28,18,0,4,4,2.25
VFLM 4924,29,28,0,4,4,3.5
VFLM 4924,30,25,1,5,3,3.125
VFLM 4925,1,19,1,3,5,2.375
VFLM 4925,2,22,0,4,4,2.75
VFLM 4925,3,19,1,5,3,2.375
VFLM 4925,4,18,0,4,4,2.25
VFLM 4925,5,16,0,6,2,2.0
VFLM 4925,6,16,0,4,4,2.0
VFLM 4925,7,15,1,3,5,1.875
VFLM 4925,8,18,0,4,4,2.25
VFLM 4925,9,28,0,4,4,3.5
VFLM 4925,10,25,1,5,3,3.125
VFLM 4925,11,19,1,3,5,2.375
VFLM 4925,12,22,0,4,4,2.75
VFLM 4925,13,19,1,5,3,2.375
VFLM 4925,14,18,0,4,4,2.25
VFLM 4925,15,16,0,6,2,2.0
VFLM 4925,16,16,0,4,4,2.0
VFLM 4925,17,15,1,3,5,1.875
VFLM 4925,18,17,1,3,5,2.125
VFLM 4925,19,18,0,4,4,2.25
VFLM 4925,20,28,0,4,4,3.5
VFLM 4925,21,25,1,5,3,3.125
VFLM 4925,22,19,1,3,5,2.375
VFLM 4925,23,22,0,4,4,2.75
VFLM 4925,24,19,1,5,3,2.375
VFLM 4925,25,18,0,4,4,2.25
VFLM 4925,26,16,0,6,2,2.0
VFLM 4925,27,16,0,4,4,2.0
VFLM 4925,28,17,1,3,5,2.125
VFLM 4925,29,18,0,4,4,2.25
VFLM 4925,30,28,0,4,4,3.5
VFLM 4926,1,25,1,5,3,3.125
VFLM 4926,2,19,1,3,5,2.375
VFLM 4926,3,22,0,4,4,2.75
VFLM 4926,4,19,1,5,3,2.375
VFLM 4926,5,18,0,4,4,2.25
VFLM 4926,6,16,0,6,2,2.0
VFLM 4926,7,16,0,4,4,2.0
VFLM 4926,8,17,1,3,5,2.125
VFLM 4926,9,18,0,4,4,2.25
VFLM 4926,10,28,0,4,4,3.5
VFLM 4926,11,25,1,5,3,3.125
VFLM 4926,12,19,1,3,5,2.375
VFLM 4926,13,22,0,4,4,2.75
VFLM 4926,14,19,1,5,3,2.375
VFLM 4926,15,18,0,4,4,2.25
VFLM 4926,16,16,0,6,2,2.0
VFLM 4926,17,16,0,4,4,2.0
VFLM 4926,18,20,0,4,4,2.5
VFLM 4926,19,17,1,3,5,2.125
VFLM 4926,20,18,0,4,4,2.25
VFLM 4926,21,28,0,4,4,3.5
VFLM 4926,22,25,1,5,3,3.125
VFLM 4926,23,19,1,3,5,2.375
VFLM 4926,24,22,0,4,4,2.75
VFLM 4926,25,19,1,5,3,2.375
VFLM 4926,26,18,0,4,4,2.25
VFLM 4926,27,16,0,6,2,2.0
VFLM 4926,28,20,0,4,4,2.5
VFLM 4926,29,17,1,3,5,2.125
VFLM 4926,30,18,0,4,4,2.25
VFLM 4927,1,28,0,4,4,3.5
VFLM 4927,2,25,1,5,3,3.125
VFLM 4927,3,19,1,3,5,2.375
VFLM 4927,4,22,0,4,4,2.75
VFLM 4927,5,19,1,5,3,2.375
VFLM 4927,6,18,0,4,4,2.25
VFLM 4927,7,16,0,6,2,2.0
VFLM 4927,8,25,1,7,1,3.125
VFLM 4927,9,20,0,4,4,2.5
VFLM 4927,10,17,1,3,5,2.125
VFLM 4927,11,18,0,4,4,2.25
VFLM 4927,12,28,0,4,4,3.5
VFLM 4927,13,25,1,5,3,3.125
VFLM 4927,14,19,1,3,5,2.375
VFLM 4927,15,22,0,4,4,2.75
VFLM 4927,16,19,1,5,3,2.375
VFLM 4927,17,18,0,4,4,2.25
VFLM 4927,18,25,1,7,1,3.125
VFLM 4927,19,20,0,4,4,2.5
VFLM 4927,20,17,1,3,5,2.125
VFLM 4927,21,18,0,4,4,2.25
VFLM 4927,22,28,0,4,4,3.5
VFLM 4927,23,25,1,5,3,3.125
VFLM 4927,24,19,1,3,5,2.375
VFLM 4927,25,15,1,5,3,1.875
VFLM 4927,26,25,1,7,1,3.125
VFLM 4927,27,20,0,4,4,2.5
VFLM 4927,28,17,1,3,5,2.125
VFLM 4927,29,18,0,4,4,2.25
VFLM 4927,30,28,0,4,4,3.5
VFLM 4928,1,25,1,5,3,3.125
VFLM 4928,2,19,1,3,5,2.375
VFLM 4928,3,22,0,4,4,2.75
VFLM 4928,4,19,1,5,3,2.375
VFLM 4928,5,15,1,5,3,1.875
VFLM 4928,6,25,1,7,1,3.125
VFLM 4928,7,20,0,4,4,2.5
VFLM 4928,8,15,1,5,3,1.875
VFLM 4928,9,25,1,7,1,3.125
VFLM 4928,10,20,0,4,4,2.5
VFLM 4928,11,17,1,3,5,2.125
VFLM 4928,12,18,0,4,4,2.25
VFLM 4928,13,28,0,4,4,3.5
VFLM 4928,14,25,1,5,3,3.125
VFLM 4928,15,19,1,3,5,2.375
VFLM 4928,16,22,0,4,4,2.75
VFLM 4928,17,19,1,5,3,2.375
VFLM 4928,18,28,0,2,6,3.5
VFLM 4928,19,15,1,5,3,1.875
VFLM 4928,20,25,1,7,1,3.125
VFLM 4928,21,20,0,4,4,2.5
VFLM 4928,22,17,1,3,5,2.125
VFLM 4928,23,18,0,4,4,2.25
VFLM 4928,24,28,0,4,4,3.5
VFLM 4928,25,25,1,5,3,3.125
VFLM 4928,26,19,1,3,5,2.375
VFLM 4928,27,22,0,4,4,2.75
VFLM 4928,28,18,0,4,4,2.25
VFLM 4928,29,28,0,2,6,3.5
VFLM 4928,30,15,1,5,3,1.875
VFLM 4929,1,25,1,7,1,3.125
VFLM 4929,2,20,0,4,4,2.5
VFLM 4929,3,17,1,3,5,2.125
VFLM 4929,4,18,0,4,4,2.25
VFLM 4929,5,28,0,4,4,3.5
VFLM 4929,6,25,1,5,3,3.125
VFLM 4929,7,19,1,3,5,2.375
VFLM 4929,8,29,1,1,7,3.625
VFLM 4929,9,18,0,4,4,2.25
VFLM 4929,10,28,0,2,6,3.5
VFLM 4929,11,15,1,5,3,1.875
VFLM 4929,12,25,1,7,1,3.125
VFLM 4929,13,20,0,4,4,2.5
VFLM 4929,14,17,1,3,5,2.125
VFLM 4929,15,18,0,4,4,2.25
VFLM 4929,16,28,0,4,4,3.5
VFLM 4929,17,25,1,5,3,3.125
VFLM 4929,18,24,0,6,2,3.0
VFLM 4929,19,21,1,5,3,2.625
VFLM 4929,20,29,1,1,7,3.625
VFLM 4929,21,18,0,4,4,2.25
VFLM 4929,22,28,0,2,6,3.5
VFLM 4929,23,15,1,5,3,1.875
VFLM 4929,24,25,1,7,1,3.125
VFLM 4929,25,20,0,4,4,2.5
VFLM 4929,26,17,1,3,5,2.125
VFLM 4929,27,18,0,4,4,2.25
VFLM 4929,28,24,0,6,2,3.0
VFLM 4929,29,21,1,5,3,2.625
VFLM 4929,30,29,1,1,7,3.625
VFLM 4930,1,18,0,4,4,2.25
VFLM 4930,2,28,0,2,6,3.5
VFLM 4930,3,19,1,3,5,2.375
VFLM 4930,4,24,0,6,2,3.0
VFLM 4930,5,21,1,5,3,2.625
VFLM 4930,6,29,1,1,7,3.625
VFLM 4930,7,18,0,4,4,2.25
VFLM 4930,8,28,0,2,6,3.5
VFLM 4930,9,15,1,5,3,1.875
VFLM 4930,10,25,1,7,1,3.125
VFLM 4930,11,20,0,4,4,2.5
VFLM 4930,12,17,1,3,5,2.125
VFLM 4930,13,19,1,3,5,2.375
VFLM 4930,14,24,0,6,2,3.0
VFLM 4930,15,21,1,5,3,2.625
VFLM 4930,16,29,1,1,7,3.625
VFLM 4930,17,18,0,4,4,2.25
VFLM 4930,18,28,0,2,6,3.5
VFLM 4930,19,15,1,5,3,1.875
VFLM 4930,20,25,1,7,1,3.125
VFLM 4930,21,19,1,5,3,2.375
VFLM 4930,22,19,1,3,5,2.375
VFLM 4930,23,24,0,6,2,3.0
VFLM 4930,24,21,1,5,3,2.625
VFLM 4930,25,29,1,1,7,3.625
VFLM 4930,26,18,0,4,4,2.25
VFLM 4930,27,28,0,2,6,3.5
VFLM 4930,28,15,1,5,3,1.875
VFLM 4930,29,25,1,7,1,3.125
VFLM 4930,30,20,0,4,4,2.5
VFLM 4931,1,19,1,5,3,2.375
VFLM 4931,2,19,1,3,5,2.375
VFLM 4931,3,24,0,6,2,3.0
VFLM 4931,4,21,1,5,3,2.625
VFLM 4931,5,29,1,1,7,3.625
VFLM 4931,6,18,0,4,4,2.25
VFLM 4931,7,28,0,2,6,3.5
VFLM 4931,8,15,1,5,3,1.875
VFLM 4931,9,25,1,7,1,3.125
VFLM 4931,10,20,0,4,4,2.5
VFLM 4931,11,20,0,4,4,2.5
VFLM 4931,12,19,1,5,3,2.375
VFLM 4931,13,19,1,3,5,2.375
VFLM 4931,14,24,0,6,2,3.0
VFLM 4931,15,21,1,5,3,2.625
VFLM 4931,16,29,1,1,7,3.625
VFLM 4931,17,18,0,4,4,2.25
VFLM 4931,18,28,0,2,6,3.5
VFLM 4931,19,15,1,5,3,1.875
VFLM 4931,20,25,1,7,1,3.125
VFLM 4931,21,20,0,4,4,2.5
VFLM 4931,22,19,1,5,3,2.375
VFLM 4931,23,19,1,3,5,2.375
VFLM 4931,24,24,0,6,2,3.0
VFLM 4931,25,21,1,5,3,2.625
VFLM 4931,26,29,1,1,7,3.625
VFLM 4931,27,18,0,4,4,2.25
VFLM 4931,28,28,0,2,6,3.5
VFLM 4931,29,15,1,5,3,1.875
VFLM 4931,30,25,1,7,1,3.125
VFLM 4932,1,23,1,3,5,2.875
VFLM 4932,2,20,0,4,4,2.5
VFLM 4932,3,19,1,5,3,2.375
VFLM 4932,4,19,1,3,5,2.375
VFLM 4932,5,24,0,6,2,3.0
VFLM 4932,6,21,1,5,3,2.625
VFLM 4932,7,29,1,1,7,3.625
VFLM 4932,8,18,0,4,4,2.25
VFLM 4932,9,28,0,2,6,3.5
VFLM 4932,10,15,1,5,3,1.875
VFLM 4932,11,23,1,3,5,2.875
VFLM 4932,12,20,0,4,4,2.5
VFLM 4932,13,19,1,5,3,2.375
VFLM 4932,14,19,1,3,5,2.375
VFLM 4932,15,24,0,6,2,3.0
VFLM 4932,16,21,1,5,3,2.625
VFLM 4932,17,29,1,1,7,3.625
VFLM 4932,18,18,0,4,4,2.25
VFLM 4932,19,28,0,2,6,3.5
VFLM 4932,20,15,1,5,3,1.875
VFLM 4932,21,23,1,3,5,2.875
VFLM 4932,22,20,0,4,4,2.5
VFLM 4932,23,19,1,5,3,2.375
VFLM 4932,24,19,1,3,5,2.375
VFLM 4932,25,24,0,6,2,3.0
VFLM 4932,26,21,1,5,3,2.625
VFLM 4932,27,29,1,1,7,3.625
VFLM 4932,28,18,0,4,4,2.25
VFLM 4932,29,28,0,2,6,3.5
VFLM 4932,30,15,1,5,3,1.875
VFLM 4933,1,26,0,2,6,3.25
VFLM 4933,2,23,1,3,5,2.875
VFLM 4933,3,20,0,4,4,2.5
VFLM 4933,4,19,1,5,3,2.375
VFLM 4933,5,19,1,3,5,2.375
VFLM 4933,6,24,0,6,2,3.0
VFLM 4933,7,21,1,5,3,2.625
VFLM 4933,8,29,1,1,7,3.625
VFLM 4933,9,18,0,4,4,2.25
VFLM 4933,10,28,0,2,6,3.5
VFLM 4933,11,26,0,2,6,3.25
VFLM 4933,12,23,1,3,5,2.875
VFLM 4933,13,20,0,4,4,2.5
VFLM 4933,14,19,1,5,3,2.375
VFLM 4933,15,19,1,3,5,2.375
VFLM 4933,16,24,0,6,2,3.0
VFLM 4933,17,21,1,5,3,2.625
VFLM 4933,18,29,1,1,7,3.625
VFLM 4933,19,18,0,4,4,2.25
VFLM 4933,20,28,0,2,6,3.5
VFLM 4933,21,26,0,2,6,3.25
VFLM 4933,22,23,1,3,5,2.875
VFLM 4933,23,20,0,4,4,2.5
VFLM 4933,24,19,1,5,3,2.375
VFLM 4933,25,19,1,3,5,2.375
VFLM 4933,26,24,0,6,2,3.0
VFLM 4933,27,21,1,5,3,2.625
VFLM 4933,28,29,1,1,7,3.625
VFLM 4933,29,18,0,4,4,2.25
VFLM 4933,30,28,0,2,6,3.5
VFLM 4934,1,23,1,7,1,2.875
VFLM 4934,2,26,0,2,6,3.25
VFLM 4934,3,23,1,3,5,2.875
VFLM 4934,4,20,0,4,4,2.5
VFLM 4934,5,19,1,5,3,2.375
VFLM 4934,6,19,1,3,5,2.375
VFLM 4934,7,24,0,6,2,3.0
VFLM 4934,8,21,1,5,3,2.625
VFLM 4934,9,29,1,1,7,3.625
VFLM 4934,10,18,0,4,4,2.25
VFLM 4934,11,23,1,7,1,2.875
VFLM 4934,12,26,0,2,6,3.25
VFLM 4934,13,23,1,3,5,2.875
VFLM 4934,14,20,0,4,4,2.5
VFLM 4934,15,19,1,5,3,2.375
VFLM 4934,16,19,1,3,5,2.375
VFLM 4934,17,24,0,6,2,3.0
VFLM 4934,18,21,1,5,3,2.625
VFLM 4934,19,29,1,1,7,3.625
VFLM 4934,20,18,0,4,4,2.25
VFLM 4934,21,20,0,4,4,2.5
VFLM 4934,22,23,1,7,1,2.875
VFLM 4934,23,26,0,2,6,3.25
VFLM 4934,24,23,1,3,5,2.875
VFLM 4934,25,20,0,4,4,2.5
VFLM 4934,26,20,0,4,4,2.5
VFLM 4934,27,23,1,7,1,2.875
VFLM 4934,28,26,0,2,6,3.25
VFLM 4934,29,23,1,3,5,2.875
VFLM 4934,30,20,0,4,4,2.5
VFLM 4935,1,19,1,5,3,2.375
VFLM 4935,2,19,1,3,5,2.375
VFLM 4935,3,24,0,6,2,3.0
VFLM 4935,4,21,1,5,3,2.625
VFLM 4935,5,29,1,1,7,3.625
VFLM 4935,6,22,0,6,2,2.75
VFLM 4935,7,20,0,4,4,2.5
VFLM 4935,8,23,1,7,1,2.875
VFLM 4935,9,26,0,2,6,3.25
VFLM 4935,10,23,1,3,5,2.875
VFLM 4935,11,20,0,4,4,2.5
VFLM 4935,12,19,1,5,3,2.375
VFLM 4935,13,19,1,3,5,2.375
VFLM 4935,14,24,0,6,2,3.0
VFLM 4935,15,21,1,5,3,2.625
VFLM 4935,16,20,0,4,4,2.5
VFLM 4935,17,22,0,6,2,2.75
VFLM 4935,18,20,0,4,4,2.5
VFLM 4935,19,23,1,7,1,2.875
VFLM 4935,20,26,0,2,6,3.25
VFLM 4935,21,23,1,3,5,2.875
VFLM 4935,22,20,0,4,4,2.5
VFLM 4935,23,19,1,5,3,2.375
VFLM 4935,24,19,1,3,5,2.375
VFLM 4935,25,24,0,6,2,3.0
VFLM 4935,26,20,0,4,4,2.5
VFLM 4935,27,20,0,4,4,2.5
VFLM 4935,28,22,0,6,2,2.75
VFLM 4935,29,20,0,4,4,2.5
VFLM 4935,30,23,1,7,1,2.875
VFLM 4936,1,26,0,2,6,3.25
VFLM 4936,2,23,1,3,5,2.875
VFLM 4936,3,20,0,4,4,2.5
VFLM 4936,4,19,1,5,3,2.375
VFLM 4936,5,19,1,3,5,2.375
VFLM 4936,6,28,0,4,4,3.5
VFLM 4936,7,20,0,4,4,2.5
VFLM 4936,8,20,0,4,4,2.5
VFLM 4936,9,22,0,6,2,2.75
VFLM 4936,10,20,0,4,4,2.5
VFLM 4936,11,23,1,7,1,2.875
VFLM 4936,12,26,0,2,6,3.25
VFLM 4936,13,23,1,3,5,2.875
VFLM 4936,14,20,0,4,4,2.5
VFLM 4936,15,19,1,5,3,2.375
VFLM 4936,16,22,0,2,6,2.75
VFLM 4936,17,28,0,4,4,3.5
VFLM 4936,18,20,0,4,4,2.5
VFLM 4936,19,20,0,4,4,2.5
VFLM 4936,20,22,0,6,2,2.75
VFLM 4936,21,20,0,4,4,2.5
VFLM 4936,22,23,1,7,1,2.875
VFLM 4936,23,26,0,2,6,3.25
VFLM 4936,24,23,1,3,5,2.875
VFLM 4936,25,20,0,4,4,2.5
VFLM 4936,26,21,1,5,3,2.625
VFLM 4936,27,21,1,5,3,2.625
VFLM 4936,28,22,0,2,6,2.75
VFLM 4936,29,28,0,4,4,3.5
VFLM 4936,30,20,0,4,4,2.5
VFLM 4937,1,20,0,4,4,2.5
VFLM 4937,2,22,0,6,2,2.75
VFLM 4937,3,20,0,4,4,2.5
VFLM 4937,4,23,1,7,1,2.875
VFLM 4937,5,26,0,2,6,3.25
VFLM 4937,6,23,1,3,5,2.875
VFLM 4937,7,21,1,3,5,2.625
VFLM 4937,8,21,1,5,3,2.625
VFLM 4937,9,22,0,2,6,2.75
VFLM 4937,10,28,0,4,4,3.5
VFLM 4937,11,20,0,4,4,2.5
VFLM 4937,12,20,0,4,4,2.5
VFLM 4937,13,22,0,6,2,2.75
VFLM 4937,14,21,1,3,5,2.625
VFLM 4937,15,21,1,5,3,2.625
VFLM 4937,16,22,0,2,6,2.75
VFLM 4937,17,28,0,4,4,3.5
VFLM 4937,18,20,0,4,4,2.5
VFLM 4937,19,20,0,4,4,2.5
VFLM 4937,20,22,0,6,2,2.75
VFLM 4937,21,20,0,4,4,2.5
VFLM 4937,22,23,1,7,1,2.875
VFLM 4937,23,26,0,2,6,3.25
VFLM 4937,24,23,1,5,3,2.875
VFLM 4937,25,21,1,3,5,2.625
VFLM 4937,26,21,1,5,3,2.625
VFLM 4937,27,22,0,2,6,2.75
VFLM 4937,28,28,0,4,4,3.5
VFLM 4937,29,20,0,4,4,2.5
VFLM 4937,30,20,0,4,4,2.5
VFLM 4938,1,22,0,6,2,2.75
VFLM 4938,2,20,0,4,4,2.5
VFLM 4938,3,23,1,7,1,2.875
VFLM 4938,4,23,1,5,3,2.875
VFLM 4938,5,21,1,3,5,2.625
VFLM 4938,6,21,1,5,3,2.625
VFLM 4938,7,22,0,2,6,2.75
VFLM 4938,8,28,0,4,4,3.5
VFLM 4938,9,20,0,4,4,2.5
VFLM 4938,10,20,0,4,4,2.5
VFLM 4938,11,22,0,6,2,2.75
VFLM 4938,12,20,0,4,4,2.5
VFLM 4938,13,23,1,7,1,2.875
VFLM 4938,14,19,1,5,3,2.375
VFLM 4938,15,23,1,5,3,2.875
VFLM 4938,16,21,1,3,5,2.625
VFLM 4938,17,21,1,5,3,2.625
VFLM 4938,18,22,0,2,6,2.75
VFLM 4938,19,28,0,4,4,3.5
VFLM 4938,20,20,0,4,4,2.5
VFLM 4938,21,20,0,4,4,2.5
VFLM 4938,22,22,0,6,2,2.75
VFLM 4938,23,20,0,4,4,2.5
VFLM 4938,24,19,1,5,3,2.375
VFLM 4938,25,23,1,5,3,2.875
VFLM 4938,26,21,1,3,5,2.625
VFLM 4938,27,21,1,5,3,2.625
VFLM 4938,28,22,0,2,6,2.75
VFLM 4938,29,28,0,4,4,3.5
VFLM 4938,30,20,0,4,4,2.5
VFLM 4939,1,20,0,4,4,2.5
VFLM 4939,2,22,0,6,2,2.75
VFLM 4939,3,20,0,4,4,2.5
VFLM 4939,4,22,0,2,6,2.75
VFLM 4939,5,19,1,5,3,2.375
VFLM 4939,6,23,1,5,3,2.875
VFLM 4939,7,21,1,3,5,2.625
VFLM 4939,8,21,1,5,3,2.625
VFLM 4939,9,22,0,2,6,2.75
VFLM 4939,10,28,0,4,4,3.5
VFLM 4939,11,20,0,4,4,2.5
VFLM 4939,12,20,0,4,4,2.5
VFLM 4939,13,22,0,6,2,2.75
VFLM 4939,14,22,0,2,6,2.75
VFLM 4939,15,19,1,5,3,2.375
VFLM 4939,16,23,1,5,3,2.875
VFLM 4939,17,21,1,3,5,2.625
VFLM 4939,18,21,1,5,3,2.625
VFLM 4939,19,22,0,2,6,2.75
VFLM 4939,20,28,0,4,4,3.5
VFLM 4939,21,20,0,4,4,2.5
VFLM 4939,22,20,0,4,4,2.5
VFLM 4939,23,22,0,6,2,2.75
VFLM 4939,24,23,1,3,5,2.875
VFLM 4939,25,22,0,2,6,2.75
VFLM 4939,26,19,1,5,3,2.375
VFLM 4939,27,23,1,5,3,2.875
VFLM 4939,28,21,1,3,5,2.625
VFLM 4939,29,21,1,5,3,2.625
VFLM 4939,30,22,0,2,6,2.75
VFLM 4940,1,28,0,4,4,3.5
VFLM 4940,2,20,0,4,4,2.5
VFLM 4940,3,20,0,4,4,2.5
VFLM 4940,4,23,1,3,5,2.875
VFLM 4940,5,22,0,2,6,2.75
VFLM 4940,6,19,1,5,3,2.375
VFLM 4940,7,23,1,5,3,2.875
VFLM 4940,8,21,1,3,5,2.625
VFLM 4940,9,21,1,5,3,2.625
VFLM 4940,10,22,0,2,6,2.75
VFLM 4940,11,28,0,4,4,3.5
VFLM 4940,12,20,0,4,4,2.5
VFLM 4940,13,20,0,4,4,2.5
VFLM 4940,14,27,1,5,3,3.375
VFLM 4940,15,23,1,3,5,2.875
VFLM 4940,16,22,0,2,6,2.75
VFLM 4940,17,19,1,5,3,2.375
VFLM 4940,18,23,1,5,3,2.875
VFLM 4940,19,21,1,3,5,2.625
VFLM 4940,20,21,1,5,3,2.625
VFLM 4940,21,22,0,2,6,2.75
VFLM 4940,22,28,0,4,4,3.5
VFLM 4940,23,20,0,4,4,2.5
VFLM 4940,24,27,1,5,3,3.375
VFLM 4940,25,23,1,3,5,2.875
VFLM 4940,26,22,0,2,6,2.75
VFLM 4940,27,19,1,5,3,2.375
VFLM 4940,28,23,1,5,3,2.875
VFLM 4940,29,21,1,3,5,2.625
VFLM 4940,30,21,1,5,3,2.625
VFLM 4941,1,22,0,2,6,2.75
VFLM 4941,2,28,0,4,4,3.5
VFLM 4941,3,20,0,4,4,2.5
VFLM 4941,4,25,1,5,3,3.125
VFLM 4941,5,27,1,5,3,3.375
VFLM 4941,6,23,1,3,5,2.875
VFLM 4941,7,22,0,2,6,2.75
VFLM 4941,8,19,1,5,3,2.375
VFLM 4941,9,23,1,5,3,2.875
VFLM 4941,10,21,1,3,5,2.625
VFLM 4941,11,21,1,5,3,2.625
VFLM 4941,12,22,0,2,6,2.75
VFLM 4941,13,28,0,4,4,3.5
VFLM 4941,14,25,1,5,3,3.125
VFLM 4941,15,27,1,5,3,3.375
VFLM 4941,16,23,1,3,5,2.875
VFLM 4941,17,22,0,2,6,2.75
VFLM 4941,18,19,1,5,3,2.375
VFLM 4941,19,23,1,5,3,2.875
VFLM 4941,20,25,1,5,3,3.125
VFLM 4941,21,27,1,5,3,3.375
VFLM 4941,22,23,1,3,5,2.875
VFLM 4941,23,22,0,2,6,2.75
VFLM 4941,24,19,1,5,3,2.375
VFLM 4941,25,23,1,5,3,2.875
VFLM 4941,26,21,1,3,5,2.625
VFLM 4941,27,21,1,5,3,2.625
VFLM 4941,28,22,0,2,6,2.75
VFLM 4941,29,28,0,4,4,3.5
VFLM 4941,30,19,1,3,5,2.375
VFLM 4942,1,25,1,5,3,3.125
VFLM 4942,2,27,1,5,3,3.375
VFLM 4942,3,23,1,3,5,2.875
VFLM 4942,4,22,0,2,6,2.75
VFLM 4942,5,19,1,5,3,2.375
VFLM 4942,6,23,1,5,3,2.875
VFLM 4942,7,21,1,3,5,2.625
VFLM 4942,8,21,1,5,3,2.625
VFLM 4942,9,22,0,2,6,2.75
VFLM 4942,10,25,1,1,7,3.125
VFLM 4942,11,19,1,3,5,2.375
VFLM 4942,12,25,1,5,3,3.125
VFLM 4942,13,27,1,5,3,3.375
VFLM 4942,14,23,1,3,5,2.875
VFLM 4942,15,22,0,2,6,2.75
VFLM 4942,16,19,1,5,3,2.375
VFLM 4942,17,23,1,5,3,2.875
VFLM 4942,18,21,1,3,5,2.625
VFLM 4942,19,21,1,5,3,2.625
VFLM 4942,20,22,0,4,4,2.75
VFLM 4942,21,25,1,1,7,3.125
VFLM 4942,22,19,1,3,5,2.375
VFLM 4942,23,25,1,5,3,3.125
VFLM 4942,24,27,1,5,3,3.375
VFLM 4942,25,23,1,3,5,2.875
VFLM 4942,26,22,0,2,6,2.75
VFLM 4942,27,19,1,5,3,2.375
VFLM 4942,28,23,1,5,3,2.875
VFLM 4942,29,21,1,3,5,2.625
VFLM 4942,30,14,0,2,6,1.75
VFLM 4943,1,22,0,4,4,2.75
VFLM 4943,2,25,1,1,7,3.125
VFLM 4943,3,19,1,3,5,2.375
VFLM 4943,4,25,1,5,3,3.125
VFLM 4943,5,27,1,5,3,3.375
VFLM 4943,6,23,1,3,5,2.875
VFLM 4943,7,22,0,2,6,2.75
VFLM 4943,8,19,1,5,3,2.375
VFLM 4943,9,23,1,5,3,2.875
VFLM 4943,10,19,1,5,3,2.375
VFLM 4943,11,14,0,2,6,1.75
VFLM 4943,12,19,1,5,3,2.375
VFLM 4943,13,14,0,2,6,1.75
VFLM 4943,14,22,0,4,4,2.75
VFLM 4943,15,25,1,1,7,3.125
VFLM 4943,16,19,1,3,5,2.375
VFLM 4943,17,25,1,5,3,3.125
VFLM 4943,18,27,1,5,3,3.375
VFLM 4943,19,23,1,3,5,2.875
VFLM 4943,20,22,0,2,6,2.75
VFLM 4943,21,19,1,5,3,2.375
VFLM 4943,22,28,0,6,2,3.5
VFLM 4943,23,19,1,5,3,2.375
VFLM 4943,24,14,0,2,6,1.75
VFLM 4943,25,22,0,4,4,2.75
VFLM 4943,26,25,1,1,7,3.125
VFLM 4943,27,19,1,3,5,2.375
VFLM 4943,28,25,1,5,3,3.125
VFLM 4943,29,27,1,5,3,3.375
VFLM 4943,30,23,1,3,5,2.875
VFLM 4944,1,28,0,6,2,3.5
VFLM 4944,2,19,1,5,3,2.375
VFLM 4944,3,14,0,2,6,1.75
VFLM 4944,4,22,0,4,4,2.75
VFLM 4944,5,25,1,1,7,3.125
VFLM 4944,6,19,1,3,5,2.375
VFLM 4944,7,25,1,5,3,3.125
VFLM 4944,8,27,1,5,3,3.375
VFLM 4944,9,23,1,3,5,2.875
VFLM 4944,10,22,0,2,6,2.75
VFLM 4944,11,20,0,4,4,2.5
VFLM 4944,12,28,0,6,2,3.5
VFLM 4944,13,19,1,5,3,2.375
VFLM 4944,14,14,0,2,6,1.75
VFLM 4944,15,22,0,4,4,2.75
VFLM 4944,16,25,1,1,7,3.125
VFLM 4944,17,19,1,3,5,2.375
VFLM 4944,18,25,1,5,3,3.125
VFLM 4944,19,27,1,5,3,3.375
VFLM 4944,20,23,1,3,5,2.875
VFLM 4944,21,20,0,4,4,2.5
VFLM 4944,22,28,0,6,2,3.5
VFLM 4944,23,19,1,5,3,2.375
VFLM 4944,24,14,0,2,6,1.75
VFLM 4944,25,22,0,4,4,2.75
VFLM 4944,26,25,1,1,7,3.125
VFLM 4944,27,19,1,3,5,2.375
VFLM 4944,28,25,1,5,3,3.125
VFLM 4944,29,27,1,5,3,3.375
VFLM 4944,30,23,1,3,5,2.875
VFLM 4945,1,18,0,2,6,2.25
VFLM 4945,2,20,0,4,4,2.5
VFLM 4945,3,28,0,6,2,3.5
VFLM 4945,4,19,1,5,3,2.375
VFLM 4945,5,14,0,2,6,1.75
VFLM 4945,6,22,0,4,4,2.75
VFLM 4945,7,25,1,1,7,3.125
VFLM 4945,8,19,1,3,5,2.375
VFLM 4945,9,25,1,5,3,3.125
VFLM 4945,10,27,1,5,3,3.375
VFLM 4945,11,18,0,2,6,2.25
VFLM 4945,12,20,0,4,4,2.5
VFLM 4945,13,28,0,6,2,3.5
VFLM 4945,14,19,1,5,3,2.375
VFLM 4945,15,14,0,2,6,1.75
VFLM 4945,16,22,0,4,4,2.75
VFLM 4945,17,25,1,1,7,3.125
VFLM 4945,18,19,1,3,5,2.375
VFLM 4945,19,25,1,5,3,3.125
VFLM 4945,20,27,1,5,3,3.375
VFLM 4945,21,25,1,3,5,3.125
VFLM 4945,22,18,0,2,6,2.25
VFLM 4945,23,20,0,4,4,2.5
VFLM 4945,24,28,0,6,2,3.5
VFLM 4945,25,19,1,5,3,2.375
VFLM 4945,26,14,0,2,6,1.75
VFLM 4945,27,22,0,4,4,2.75
VFLM 4945,28,25,1,1,7,3.125
VFLM 4945,29,19,1,3,5,2.375
VFLM 4945,30,25,1,5,3,3.125
VFLM 4946,1,25,1,3,5,3.125
VFLM 4946,2,18,0,2,6,2.25
VFLM 4946,3,20,0,4,4,2.5
VFLM 4946,4,28,0,6,2,3.5
VFLM 4946,5,19,1,5,3,2.375
VFLM 4946,6,14,0,2,6,1.75
VFLM 4946,7,22,0,4,4,2.75
VFLM 4946,8,25,1,1,7,3.125
VFLM 4946,9,19,1,3,5,2.375
VFLM 4946,10,25,1,5,3,3.125
VFLM 4946,11,21,1,5,3,2.625
VFLM 4946,12,25,1,3,5,3.125
VFLM 4946,13,18,0,2,6,2.25
VFLM 4946,14,20,0,4,4,2.5
VFLM 4946,15,28,0,6,2,3.5
VFLM 4946,16,19,1,5,3,2.375
VFLM 4946,17,14,0,2,6,1.75
VFLM 4946,18,22,0,4,4,2.75
VFLM 4946,19,25,1,1,7,3.125
VFLM 4946,20,19,1,3,5,2.375
VFLM 4946,21,21,1,5,3,2.625
VFLM 4946,22,25,1,3,5,3.125
VFLM 4946,23,18,0,2,6,2.25
VFLM 4946,24,20,0,4,4,2.5
VFLM 4946,25,28,0,6,2,3.5
VFLM 4946,26,19,1,5,3,2.375
VFLM 4946,27,14,0,2,6,1.75
VFLM 4946,28,22,0,4,4,2.75
VFLM 4946,29,25,1,1,7,3.125
VFLM 4946,30,19,1,3,5,2.375
VFLM 4947,1,21,1,5,3,2.625
VFLM 4947,2,21,1,5,3,2.625
VFLM 4947,3,25,1,3,5,3.125
VFLM 4947,4,18,0,2,6,2.25
VFLM 4947,5,20,0,4,4,2.5
VFLM 4947,6,28,0,6,2,3.5
VFLM 4947,7,19,1,5,3,2.375
VFLM 4947,8,14,0,2,6,1.75
VFLM 4947,9,22,0,4,4,2.75
VFLM 4947,10,25,1,1,7,3.125
VFLM 4947,11,21,1,5,3,2.625
VFLM 4947,12,21,1,5,3,2.625
VFLM 4947,13,25,1,3,5,3.125
VFLM 4947,14,18,0,2,6,2.25
VFLM 4947,15,20,0,4,4,2.5
VFLM 4947,16,28,0,6,2,3.5
VFLM 4947,17,19,1,5,3,2.375
VFLM 4947,18,14,0,2,6,1.75
VFLM 4947,19,22,0,4,4,2.75
VFLM 4947,20,25,1,1,7,3.125
VFLM 4947,21,21,1,5,3,2.625
VFLM 4947,22,21,1,5,3,2.625
VFLM 4947,23,25,1,3,5,3.125
VFLM 4947,24,18,0,2,6,2.25
VFLM 4947,25,20,0,4,4,2.5
VFLM 4947,26,28,0,6,2,3.5
VFLM 4947,27,19,1,5,3,2.375
VFLM 4947,28,14,0,2,6,1.75
VFLM 4947,29,22,0,4,4,2.75
VFLM 4947,30,25,1,1,7,3.125
VFLM 4948,1,21,1,3,5,2.625
VFLM 4948,2,21,1,5,3,2.625
VFLM 4948,3,21,1,5,3,2.625
VFLM 4948,4,25,1,3,5,3.125
VFLM 4948,5,18,0,2,6,2.25
VFLM 4948,6,20,0,4,4,2.5
VFLM 4948,7,28,0,6,2,3.5
VFLM 4948,8,19,1,5,3,2.375
VFLM 4948,9,14,0,2,6,1.75
VFLM 4948,10,22,0,4,4,2.75
VFLM 4948,11,21,1,3,5,2.625
VFLM 4948,12,21,1,5,3,2.625
VFLM 4948,13,21,1,5,3,2.625
VFLM 4948,14,25,1,3,5,3.125
VFLM 4948,15,18,0,2,6,2.25
VFLM 4948,16,20,0,4,4,2.5
VFLM 4948,17,28,0,6,2,3.5
VFLM 4948,18,19,1,5,3,2.375
VFLM 4948,19,14,0,2,6,1.75
VFLM 4948,20,22,0,4,4,2.75
VFLM 4948,21,19,1,1,7,2.375
VFLM 4948,22,21,1,3,5,2.625
VFLM 4948,23,21,1,5,3,2.625
VFLM 4948,24,21,1,5,3,2.625
VFLM 4948,25,25,1,3,5,3.125
VFLM 4948,26,18,0,2,6,2.25
VFLM 4948,27,20,0,4,4,2.5
VFLM 4948,28,28,0,6,2,3.5
VFLM 4948,29,19,1,1,7,2.375
VFLM 4948,30,21,1,3,5,2.625
VFLM 4949,1,21,1,5,3,2.625
VFLM 4949,2,21,1,5,3,2.625
VFLM 4949,3,25,1,3,5,3.125
VFLM 4949,4,18,0,2,6,2.25
VFLM 4949,5,20,0,4,4,2.5
VFLM 4949,6,28,0,6,2,3.5
VFLM 4949,7,19,1,5,3,2.375
VFLM 4949,8,14,0,2,6,1.75
VFLM 4949,9,27,1,1,7,3.375
VFLM 4949,10,19,1,1,7,2.375
VFLM 4949,11,21,1,3,5,2.625
VFLM 4949,12,21,1,5,3,2.625
VFLM 4949,13,21,1,5,3,2.625
VFLM 4949,14,25,1,3,5,3.125
VFLM 4949,15,27,1,1,7,3.375
VFLM 4949,16,19,1,1,7,2.375
VFLM 4949,17,21,1,3,5,2.625
VFLM 4949,18,21,1,5,3,2.625
VFLM 4949,19,21,1,5,3,2.625
VFLM 4949,20,25,1,3,5,3.125
VFLM 4949,21,18,0,2,6,2.25
VFLM 4949,22,20,0,4,4,2.5
VFLM 4949,23,28,0,6,2,3.5
VFLM 4949,24,19,1,5,3,2.375
VFLM 4949,25,23,1,7,1,2.875
VFLM 4949,26,27,1,1,7,3.375
VFLM 4949,27,19,1,1,7,2.375
VFLM 4949,28,21,1,3,5,2.625
VFLM 4949,29,21,1,5,3,2.625
VFLM 4949,30,21,1,5,3,2.625
VFLM 4950,1,25,1,3,5,3.125
VFLM 4950,2,18,0,2,6,2.25
VFLM 4950,3,20,0,4,4,2.5
VFLM 4950,4,28,0,6,2,3.5
VFLM 4950,5,19,1,5,3,2.375
VFLM 4950,6,23,1,7,1,2.875
VFLM 4950,7,27,1,1,7,3.375
VFLM 4950,8,19,1,1,7,2.375
VFLM 4950,9,21,1,3,5,2.625
VFLM 4950,10,21,1,5,3,2.625
VFLM 4950,11,21,1,5,3,2.625
VFLM 4950,12,25,1,3,5,3.125
VFLM 4950,13,18,0,2,6,2.25
VFLM 4950,14,20,0,4,4,2.5
VFLM 4950,15,24,0,6,2,3.0
VFLM 4950,16,19,1,5,3,2.375
VFLM 4950,17,23,1,7,1,2.875
VFLM 4950,18,27,1,1,7,3.375
VFLM 4950,19,19,1,1,7,2.375
VFLM 4950,20,21,1,3,5,2.625
VFLM 4950,21,21,1,5,3,2.625
VFLM 4950,22,21,1,5,3,2.625
VFLM 4950,23,25,1,3,5,3.125
VFLM 4950,24,18,0,2,6,2.25
VFLM 4950,25,19,1,7,1,2.375
VFLM 4950,26,24,0,6,2,3.0
VFLM 4950,27,19,1,5,3,2.375
VFLM 4950,28,23,1,7,1,2.875
VFLM 4950,29,27,1,1,7,3.375
VFLM 4950,30,19,1,1,7,2.375
VFLM 4951,1,21,1,3,5,2.625
VFLM 4951,2,21,1,5,3,2.625
VFLM 4951,3,21,1,5,3,2.625
VFLM 4951,4,25,1,3,5,3.125
VFLM 4951,5,19,1,7,1,2.375
VFLM 4951,6,24,0,6,2,3.0
VFLM 4951,7,19,1,5,3,2.375
VFLM 4951,8,21,1,3,5,2.625
VFLM 4951,9,19,1,7,1,2.375
VFLM 4951,10,24,0,6,2,3.0
VFLM 4951,11,19,1,5,3,2.375
VFLM 4951,12,23,1,7,1,2.875
VFLM 4951,13,27,1,1,7,3.375
VFLM 4951,14,19,1,1,7,2.375
VFLM 4951,15,21,1,3,5,2.625
VFLM 4951,16,21,1,5,3,2.625
VFLM 4951,17,21,1,5,3,2.625
VFLM 4951,18,21,1,3,5,2.625
VFLM 4951,19,19,1,7,1,2.375
VFLM 4951,20,24,0,6,2,3.0
VFLM 4951,21,19,1,5,3,2.375
VFLM 4951,22,23,1,7,1,2.875
VFLM 4951,23,27,1,1,7,3.375
VFLM 4951,24,19,1,1,7,2.375
VFLM 4951,25,21,1,3,5,2.625
VFLM 4951,26,21,1,5,3,2.625
VFLM 4951,27,21,1,3,5,2.625
VFLM 4951,28,19,1,7,1,2.375
VFLM 4951,29,24,0,6,2,3.0
VFLM 4951,30,19,1,5,3,2.375
VFLM 4952,1,23,1,7,1,2.875
VFLM 4952,2,27,1,1,7,3.375
VFLM 4952,3,19,1,1,7,2.375
VFLM 4952,4,21,1,3,5,2.625
VFLM 4952,5,21,1,5,3,2.625
VFLM 4952,6,21,1,5,3,2.625
VFLM 4952,7,21,1,5,3,2.625
VFLM 4952,8,21,1,3,5,2.625
VFLM 4952,9,19,1,7,1,2.375
VFLM 4952,10,24,0,6,2,3.0
VFLM 4952,11,19,1,5,3,2.375
VFLM 4952,12,23,1,7,1,2.875
VFLM 4952,13,27,1,1,7,3.375
VFLM 4952,14,19,1,1,7,2.375
VFLM 4952,15,21,1,3,5,2.625
VFLM 4952,16,21,1,5,3,2.625
VFLM 4952,17,21,1,5,3,2.625
VFLM 4952,18,21,1,3,5,2.625
VFLM 4952,19,19,1,7,1,2.375
VFLM 4952,20,24,0,6,2,3.0
VFLM 4952,21,19,1,5,3,2.375
VFLM 4952,22,23,1,7,1,2.875
VFLM 4952,23,27,1,1,7,3.375
VFLM 4952,24,19,1,1,7,2.375
VFLM 4952,25,21,1,3,5,2.625
VFLM 4952,26,21,1,5,3,2.625
VFLM 4952,27,18,0,6,2,2.25
VFLM 4952,28,21,1,5,3,2.625
VFLM 4952,29,21,1,3,5,2.625
VFLM 4952,30,19,1,7,1,2.375
VFLM 4953,1,24,0,6,2,3.0
VFLM 4953,2,19,1,5,3,2.375
VFLM 4953,3,23,1,7,1,2.875
VFLM 4953,4,27,1,1,7,3.375
VFLM 4953,5,19,1,1,7,2.375
VFLM 4953,6,21,1,3,5,2.625
VFLM 4953,7,18,0,6,2,2.25
VFLM 4953,8,21,1,5,3,2.625
VFLM 4953,9,21,1,3,5,2.625
VFLM 4953,10,19,1,7,1,2.375
VFLM 4953,11,24,0,6,2,3.0
VFLM 4953,12,19,1,5,3,2.375
VFLM 4953,13,23,1,7,1,2.875
VFLM 4953,14,27,1,1,7,3.375
VFLM 4953,15,19,1,1,7,2.375
VFLM 4953,16,21,1,3,5,2.625
VFLM 4953,17,15,1,3,5,1.875
VFLM 4953,18,18,0,6,2,2.25
VFLM 4953,19,21,1,5,3,2.625
VFLM 4953,20,21,1,3,5,2.625
VFLM 4953,21,19,1,7,1,2.375
VFLM 4953,22,24,0,6,2,3.0
VFLM 4953,23,19,1,5,3,2.375
VFLM 4953,24,23,1,7,1,2.875
VFLM 4953,25,27,1,1,7,3.375
VFLM 4953,26,19,1,1,7,2.375
VFLM 4953,27,15,1,3,5,1.875
VFLM 4953,28,18,0,6,2,2.25
VFLM 4953,29,21,1,5,3,2.625
VFLM 4953,30,21,1,3,5,2.625
VFLM 4954,1,19,1,7,1,2.375
VFLM 4954,2,24,0,6,2,3.0
VFLM 4954,3,19,1,5,3,2.375
VFLM 4954,4,23,1,7,1,2.875
VFLM 4954,5,27,1,1,7,3.375
VFLM 4954,6,19,1,1,7,2.375
VFLM 4954,7,20,0,4,4,2.5
VFLM 4954,8,15,1,3,5,1.875
VFLM 4954,9,18,0,6,2,2.25
VFLM 4954,10,21,1,5,3,2.625
VFLM 4954,11,21,1,3,5,2.625
VFLM 4954,12,19,1,7,1,2.375
VFLM 4954,13,24,0,6,2,3.0
VFLM 4954,14,19,1,5,3,2.375
VFLM 4954,15,23,1,7,1,2.875
VFLM 4954,16,27,1,1,7,3.375
VFLM 4954,17,20,0,4,4,2.5
VFLM 4954,18,15,1,3,5,1.875
VFLM 4954,19,18,0,6,2,2.25
VFLM 4954,20,21,1,5,3,2.625
VFLM 4954,21,21,1,3,5,2.625
VFLM 4954,22,19,1,7,1,2.375
VFLM 4954,23,24,0,6,2,3.0
VFLM 4954,24,19,1,5,3,2.375
VFLM 4954,25,23,1,7,1,2.875
VFLM 4954,26,27,1,1,7,3.375
VFLM 4954,27,18,0,6,2,2.25
VFLM 4954,28,20,0,4,4,2.5
VFLM 4954,29,15,1,3,5,1.875
VFLM 4954,30,18,0,6,2,2.25
VFLM 4955,1,21,1,5,3,2.625
VFLM 4955,2,21,1,3,5,2.625
VFLM 4955,3,19,1,7,1,2.375
VFLM 4955,4,24,0,6,2,3.0
VFLM 4955,5,19,1,5,3,2.375
VFLM 4955,6,23,1,7,1,2.875
VFLM 4955,7,18,0,6,2,2.25
VFLM 4955,8,20,0,4,4,2.5
VFLM 4955,9,15,1,3,5,1.875
VFLM 4955,10,18,0,6,2,2.25
VFLM 4955,11,21,1,5,3,2.625
VFLM 4955,12,21,1,3,5,2.625
VFLM 4955,13,19,1,7,1,2.375
VFLM 4955,14,24,0,6,2,3.0
VFLM 4955,15,19,1,5,3,2.375
VFLM 4955,16,23,1,7,1,2.875
VFLM 4955,17,26,0,4,4,3.25
VFLM 4955,18,18,0,6,2,2.25
VFLM 4955,19,20,0,4,4,2.5
VFLM 4955,20,15,1,3,5,1.875
VFLM 4955,21,18,0,6,2,2.25
VFLM 4955,22,21,1,5,3,2.625
VFLM 4955,23,21,1,3,5,2.625
VFLM 4955,24,19,1,7,1,2.375
VFLM 4955,25,24,0,6,2,3.0
VFLM 4955,26,19,1,5,3,2.375
VFLM 4955,27,26,0,4,4,3.25
VFLM 4955,28,18,0,6,2,2.25
VFLM 4955,29,20,0,4,4,2.5
VFLM 4955,30,15,1,3,5,1.875
VFLM 4956,1,18,0,6,2,2.25
VFLM 4956,2,21,1,5,3,2.625
VFLM 4956,3,21,1,3,5,2.625
VFLM 4956,4,19,1,7,1,2.375
VFLM 4956,5,24,0,6,2,3.0
VFLM 4956,6,19,1,5,3,2.375
VFLM 4956,7,13,1,1,7,1.625
VFLM 4956,8,26,0,4,4,3.25
VFLM 4956,9,18,0,6,2,2.25
VFLM 4956,10,20,0,4,4,2.5
VFLM 4956,11,15,1,3,5,1.875
VFLM 4956,12,18,0,6,2,2.25
VFLM 4956,13,21,1,5,3,2.625
VFLM 4956,14,21,1,3,5,2.625
VFLM 4956,15,19,1,7,1,2.375
VFLM 4956,16,24,0,6,2,3.0
VFLM 4956,17,13,1,1,7,1.625
VFLM 4956,18,26,0,4,4,3.25
VFLM 4956,19,18,0,6,2,2.25
VFLM 4956,20,20,0,4,4,2.5
VFLM 4956,21,15,1,3,5,1.875
VFLM 4956,22,18,0,6,2,2.25
VFLM 4956,23,21,1,5,3,2.625
VFLM 4956,24,24,0,4,4,3.0
VFLM 4956,25,13,1,1,7,1.625
VFLM 4956,26,26,0,4,4,3.25
VFLM 4956,27,18,0,6,2,2.25
VFLM 4956,28,20,0,4,4,2.5
VFLM 4956,29,15,1,3,5,1.875
VFLM 4956,30,18,0,6,2,2.25
VFLM 4957,1,21,1,5,3,2.625
VFLM 4957,2,21,1,3,5,2.625
VFLM 4957,3,19,1,7,1,2.375
VFLM 4957,4,24,0,4,4,3.0
VFLM 4957,5,13,1,1,7,1.625
VFLM 4957,6,26,0,4,4,3.25
VFLM 4957,7,18,0,6,2,2.25
VFLM 4957,8,20,0,4,4,2.5
VFLM 4957,9,15,1,3,5,1.875
VFLM 4957,10,18,0,6,2,2.25
VFLM 4957,11,21,1,5,3,2.625
VFLM 4957,12,21,1,3,5,2.625
VFLM 4957,13,19,1,7,1,2.375
VFLM 4957,14,15,1,5,3,1.875
VFLM 4957,15,24,0,4,4,3.0
VFLM 4957,16,13,1,1,7,1.625
VFLM 4957,17,26,0,4,4,3.25
VFLM 4957,18,18,0,6,2,2.25
VFLM 4957,19,20,0,4,4,2.5
VFLM 4957,20,15,1,3,5,1.875
VFLM 4957,21,18,0,6,2,2.25
VFLM 4957,22,21,1,5,3,2.625
VFLM 4957,23,21,1,3,5,2.625
VFLM 4957,24,29,1,5,3,3.625
VFLM 4957,25,15,1,5,3,1.875
VFLM 4957,26,24,0,4,4,3.0
VFLM 4957,27,13,1,1,7,1.625
VFLM 4957,28,26,0,4,4,3.25
VFLM 4957,29,18,0,6,2,2.25
VFLM 4957,30,20,0,4,4,2.5
VFLM 4958,1,15,1,3,5,1.875
VFLM 4958,2,18,0,6,2,2.25
VFLM 4958,3,21,1,5,3,2.625
VFLM 4958,4,20,0,6,2,2.5
VFLM 4958,5,29,1,5,3,3.625
VFLM 4958,6,15,1,5,3,1.875
VFLM 4958,7,24,0,4,4,3.0
VFLM 4958,8,13,1,1,7,1.625
VFLM 4958,9,26,0,4,4,3.25
VFLM 4958,10,18,0,6,2,2.25
VFLM 4958,11,20,0,4,4,2.5
VFLM 4958,12,15,1,3,5,1.875
VFLM 4958,13,18,0,6,2,2.25
VFLM 4958,14,22,0,2,6,2.75
VFLM 4958,15,14,0,4,4,1.75
VFLM 4958,16,20,0,6,2,2.5
VFLM 4958,17,29,1,5,3,3.625
VFLM 4958,18,15,1,5,3,1.875
VFLM 4958,19,24,0,4,4,3.0
VFLM 4958,20,13,1,1,7,1.625
VFLM 4958,21,26,0,4,4,3.25
VFLM 4958,22,18,0,6,2,2.25
VFLM 4958,23,20,0,4,4,2.5
VFLM 4958,24,22,0,2,6,2.75
VFLM 4958,25,20,0,2,6,2.5
VFLM 4958,26,22,0,2,6,2.75
VFLM 4958,27,14,0,4,4,1.75
VFLM 4958,28,20,0,6,2,2.5
VFLM 4958,29,29,1,5,3,3.625
VFLM 4958,30,15,1,5,3,1.875
VFLM 4959,1,24,0,4,4,3.0
VFLM 4959,2,13,1,1,7,1.625
VFLM 4959,3,26,0,4,4,3.25
VFLM 4959,4,18,0,6,2,2.25
VFLM 4959,5,20,0,2,6,2.5
VFLM 4959,6,22,0,2,6,2.75
VFLM 4959,7,14,0,4,4,1.75
VFLM 4959,8,20,0,6,2,2.5
VFLM 4959,9,29,1,5,3,3.625
VFLM 4959,10,15,1,5,3,1.875
VFLM 4959,11,24,0,4,4,3.0
VFLM 4959,12,16,0,4,4,2.0
VFLM 4959,13,20,0,2,6,2.5
VFLM 4959,14,22,0,2,6,2.75
VFLM 4959,15,14,0,4,4,1.75
VFLM 4959,16,20,0,6,2,2.5
VFLM 4959,17,29,1,5,3,3.625
VFLM 4959,18,15,1,5,3,1.875
VFLM 4959,19,24,0,4,4,3.0
VFLM 4959,20,13,1,1,7,1.625
VFLM 4959,21,26,0,4,4,3.25
VFLM 4959,22,16,0,4,4,2.0
VFLM 4959,23,20,0,2,6,2.5
VFLM 4959,24,22,0,2,6,2.75
VFLM 4959,25,14,0,4,4,1.75
VFLM 4959,26,20,0,6,2,2.5
VFLM 4959,27,29,1,5,3,3.625
VFLM 4959,28,15,1,5,3,1.875
VFLM 4959,29,24,0,4,4,3.0
VFLM 4959,30,13,1,1,7,1.625
VFLM 4960,1,26,0,4,4,3.25
VFLM 4960,2,26,0,6,2,3.25
VFLM 4960,3,16,0,4,4,2.0
VFLM 4960,4,20,0,2,6,2.5
VFLM 4960,5,22,0,2,6,2.75
VFLM 4960,6,14,0,4,4,1.75
VFLM 4960,7,20,0,6,2,2.5
VFLM 4960,8,29,1,5,3,3.625
VFLM 4960,9,15,1,5,3,1.875
VFLM 4960,10,24,0,4,4,3.0
VFLM 4960,11,13,1,1,7,1.625
VFLM 4960,12,26,0,6,2,3.25
VFLM 4960,13,16,0,4,4,2.0
VFLM 4960,14,20,0,2,6,2.5
VFLM 4960,15,22,0,2,6,2.75
VFLM 4960,16,14,0,4,4,1.75
VFLM 4960,17,20,0,6,2,2.5
VFLM 4960,18,29,1,5,3,3.625
VFLM 4960,19,15,1,5,3,1.875
VFLM 4960,20,24,0,4,4,3.0
VFLM 4960,21,13,1,1,7,1.625
VFLM 4960,22,25,1,5,3,3.125
VFLM 4960,23,26,0,6,2,3.25
VFLM 4960,24,16,0,4,4,2.0
VFLM 4960,25,20,0,2,6,2.5
VFLM 4960,26,22,0,2,6,2.75
VFLM 4960,27,14,0,4,4,1.75
VFLM 4960,28,20,0,6,2,2.5
VFLM 4960,29,29,1,5,3,3.625
VFLM 4960,30,15,1,5,3,1.875
VFLM 4961,1,24,0,4,4,3.0
VFLM 4961,2,25,1,5,3,3.125
VFLM 4961,3,26,0,6,2,3.25
VFLM 4961,4,16,0,4,4,2.0
VFLM 4961,5,20,0,2,6,2.5
VFLM 4961,6,22,0,2,6,2.75
VFLM 4961,7,14,0,4,4,1.75
VFLM 4961,8,20,0,6,2,2.5
VFLM 4961,9,29,1,5,3,3.625
VFLM 4961,10,15,1,5,3,1.875
VFLM 4961,11,24,0,4,4,3.0
VFLM 4961,12,25,1,5,3,3.125
VFLM 4961,13,26,0,6,2,3.25
VFLM 4961,14,16,0,4,4,2.0
VFLM 4961,15,20,0,2,6,2.5
VFLM 4961,16,22,0,2,6,2.75
VFLM 4961,17,14,0,4,4,1.75
VFLM 4961,18,20,0,6,2,2.5
VFLM 4961,19,29,1,5,3,3.625
VFLM 4961,20,15,1,5,3,1.875
VFLM 4961,21,24,0,4,4,3.0
VFLM 4961,22,25,1,3,5,3.125
VFLM 4961,23,25,1,5,3,3.125
VFLM 4961,24,26,0,6,2,3.25
VFLM 4961,25,16,0,4,4,2.0
VFLM 4961,26,20,0,2,6,2.5
VFLM 4961,27,22,0,2,6,2.75
VFLM 4961,28,14,0,4,4,1.75
VFLM 4961,29,20,0,6,2,2.5
VFLM 4961,30,29,1,5,3,3.625
VFLM 4962,1,15,1,5,3,1.875
VFLM 4962,2,25,1,3,5,3.125
VFLM 4962,3,25,1,5,3,3.125
VFLM 4962,4,26,0,6,2,3.25
VFLM 4962,5,16,0,4,4,2.0
VFLM 4962,6,20,0,2,6,2.5
VFLM 4962,7,22,0,2,6,2.75
VFLM 4962,8,14,0,4,4,1.75
VFLM 4962,9,20,0,6,2,2.5
VFLM 4962,10,29,1,5,3,3.625
VFLM 4962,11,15,1,5,3,1.875
VFLM 4962,12,15,1,5,3,1.875
VFLM 4962,13,25,1,3,5,3.125
VFLM 4962,14,25,1,5,3,3.125
VFLM 4962,15,26,0,6,2,3.25
VFLM 4962,16,16,0,4,4,2.0
VFLM 4962,17,20,0,2,6,2.5
VFLM 4962,18,22,0,2,6,2.75
VFLM 4962,19,14,0,4,4,1.75
VFLM 4962,20,20,0,6,2,2.5
VFLM 4962,21,29,1,5,3,3.625
VFLM 4962,22,15,1,5,3,1.875
VFLM 4962,23,25,1,3,5,3.125
VFLM 4962,24,25,1,5,3,3.125
VFLM 4962,25,26,0,6,2,3.25
VFLM 4962,26,16,0,4,4,2.0
VFLM 4962,27,20,0,2,6,2.5
VFLM 4962,28,22,0,2,6,2.75
VFLM 4962,29,14,0,4,4,1.75
VFLM 4962,30,20,0,6,2,2.5
VFLM 4963,1,29,1,5,3,3.625
VFLM 4963,2,25,1,3,5,3.125
VFLM 4963,3,15,1,5,3,1.875
VFLM 4963,4,25,1,3,5,3.125
VFLM 4963,5,25,1,5,3,3.125
VFLM 4963,6,26,0,6,2,3.25
VFLM 4963,7,16,0,4,4,2.0
VFLM 4963,8,20,0,2,6,2.5
VFLM 4963,9,22,0,2,6,2.75
VFLM 4963,10,14,0,4,4,1.75
VFLM 4963,11,20,0,6,2,2.5
VFLM 4963,12,25,1,3,5,3.125
VFLM 4963,13,15,1,5,3,1.875
VFLM 4963,14,25,1,3,5,3.125
VFLM 4963,15,25,1,5,3,3.125
VFLM 4963,16,26,0,6,2,3.25
VFLM 4963,17,16,0,4,4,2.0
VFLM 4963,18,20,0,2,6,2.5
VFLM 4963,19,22,0,2,6,2.75
VFLM 4963,20,14,0,4,4,1.75
VFLM 4963,21,20,0,6,2,2.5
VFLM 4963,22,20,0,6,2,2.5
VFLM 4963,23,25,1,3,5,3.125
VFLM 4963,24,15,1,5,3,1.875
VFLM 4963,25,25,1,3,5,3.125
VFLM 4963,26,25,1,5,3,3.125
VFLM 4963,27,26,0,6,2,3.25
VFLM 4963,28,16,0,4,4,2.0
VFLM 4963,29,20,0,2,6,2.5
VFLM 4963,30,22,0,2,6,2.75
VFLM 4964,1,14,0,4,4,1.75
VFLM 4964,2,20,0,6,2,2.5
VFLM 4964,3,25,1,3,5,3.125
VFLM 4964,4,15,1,5,3,1.875
VFLM 4964,5,25,1,3,5,3.125
VFLM 4964,6,25,1,5,3,3.125
VFLM 4964,7,26,0,6,2,3.25
VFLM 4964,8,16,0,4,4,2.0
VFLM 4964,9,20,0,2,6,2.5
VFLM 4964,10,22,0,2,6,2.75
VFLM 4964,11,14,0,4,4,1.75
VFLM 4964,12,23,1,3,5,2.875
VFLM 4964,13,20,0,6,2,2.5
VFLM 4964,14,25,1,3,5,3.125
VFLM 4964,15,15,1,5,3,1.875
VFLM 4964,16,25,1,3,5,3.125
VFLM 4964,17,25,1,5,3,3.125
VFLM 4964,18,26,0,6,2,3.25
VFLM 4964,19,16,0,4,4,2.0
VFLM 4964,20,20,0,2,6,2.5
VFLM 4964,21,22,0,2,6,2.75
VFLM 4964,22,23,1,3,5,2.875
VFLM 4964,23,20,0,6,2,2.5
VFLM 4964,24,25,1,3,5,3.125
VFLM 4964,25,15,1,5,3,1.875
VFLM 4964,26,12,0,4,4,1.5
VFLM 4964,27,22,0,4,4,2.75
VFLM 4964,28,25,1,5,3,3.125
VFLM 4964,29,28,0,6,2,3.5
VFLM 4964,30,25,1,5,3,3.125
VFLM 4965,1,19,1,1,7,2.375
VFLM 4965,2,19,1,7,1,2.375
VFLM 4965,3,15,1,3,5,1.875
VFLM 4965,4,20,0,6,2,2.5
VFLM 4965,5,21,1,3,5,2.625
VFLM 4965,6,20,0,4,4,2.5
VFLM 4965,7,23,1,5,3,2.875
VFLM 4965,8,17,1,3,5,2.125
VFLM 4965,9,28,0,4,4,3.5
VFLM 4965,10,19,1,5,3,2.375
VFLM 4965,11,19,1,5,3,2.375
VFLM 4965,12,22,0,2,6,2.75
VFLM 4965,13,27,1,5,3,3.375
VFLM 4965,14,17,1,3,5,2.125
VFLM 4965,15,19,1,7,1,2.375
VFLM 4965,16,18,0,6,2,2.25
VFLM 4965,17,17,1,5,3,2.125
VFLM 4965,18,20,0,2,6,2.5
VFLM 4965,19,21,1,3,5,2.625
VFLM 4965,20,20,0,4,4,2.5
VFLM 4965,21,17,1,5,3,2.125
VFLM 4965,22,25,1,3,5,3.125
VFLM 4965,23,21,1,3,5,2.625
VFLM 4965,24,22,0,4,4,2.75
VFLM 4965,25,17,1,3,5,2.125
VFLM 4965,26,14,0,6,2,1.75
VFLM 4965,27,25,1,1,7,3.125
VFLM 4965,28,22,0,6,2,2.75
VFLM 4965,29,23,1,3,5,2.875
VFLM 4965,30,24,0,4,4,3.0
VFLM 4966,1,18,0,4,4,2.25
VFLM 4966,2,16,0,4,4,2.0
VFLM 4966,3,26,0,4,4,3.25
VFLM 4966,4,18,0,2,6,2.25
VFLM 4966,5,22,0,6,2,2.75
VFLM 4966,6,19,1,5,3,2.375
VFLM 4966,7,19,1,3,5,2.375
VFLM 4966,8,29,1,5,3,3.625
VFLM 4966,9,22,0,4,4,2.75
VFLM 4966,10,19,1,3,5,2.375
VFLM 4966,11,18,0,6,2,2.25
VFLM 4966,12,19,1,3,5,2.375
VFLM 4966,13,21,1,1,7,2.625
VFLM 4966,14,13,1,5,3,1.625
VFLM 4966,15,17,1,1,7,2.125
VFLM 4966,16,23,1,3,5,2.875
VFLM 4966,17,13,1,5,3,1.625
VFLM 4966,18,21,1,5,3,2.625
VFLM 4966,19,21,1,5,3,2.625
VFLM 4966,20,26,0,6,2,3.25
VFLM 4966,21,17,1,5,3,2.125
VFLM 4966,22,25,1,3,5,3.125
VFLM 4966,23,24,0,4,4,3.0
VFLM 4966,24,12,0,2,6,1.5
VFLM 4966,25,18,0,4,4,2.25
VFLM 4966,26,16,0,6,2,2.0
VFLM 4966,27,20,0,6,2,2.5
VFLM 4966,28,22,0,4,4,2.75
VFLM 4966,29,23,1,5,3,2.875
VFLM 4966,30,23,1,3,5,2.875
VFLM 4967,1,15,1,3,5,1.875
VFLM 4967,2,31,1,5,3,3.875
VFLM 4967,3,19,1,3,5,2.375
VFLM 4967,4,24,0,2,6,3.0
VFLM 4967,5,19,1,5,3,2.375
VFLM 4967,6,25,1,3,5,3.125
VFLM 4967,7,24,0,4,4,3.0
VFLM 4967,8,16,0,2,6,2.0
VFLM 4967,9,23,1,5,3,2.875
VFLM 4967,10,18,0,6,2,2.25
VFLM 4967,11,24,0,2,6,3.0
VFLM 4967,12,21,1,5,3,2.625
VFLM 4967,13,23,1,5,3,2.875
VFLM 4967,14,17,1,5,3,2.125
VFLM 4967,15,23,1,5,3,2.875
VFLM 4967,16,19,1,3,5,2.375
VFLM 4967,17,29,1,3,5,3.625
VFLM 4967,18,12,0,2,6,1.5
VFLM 4967,19,13,1,5,3,1.625
VFLM 4967,20,17,1,3,5,2.125
VFLM 4967,21,28,0,2,6,3.5
VFLM 4967,22,20,0,4,4,2.5
VFLM 4967,23,25,1,5,3,3.125
VFLM 4967,24,17,1,5,3,2.125
VFLM 4967,25,22,0,6,2,2.75
VFLM 4967,26,26,0,4,4,3.25
VFLM 4967,27,22,0,4,4,2.75
VFLM 4967,28,20,0,6,2,2.5
VFLM 4967,29,19,1,3,5,2.375
VFLM 4967,30,27,1,1,7,3.375
VFLM 4968,1,10,0,4,4,1.25
VFLM 4968,2,24,0,4,4,3.0
VFLM 4968,3,20,0,6,2,2.5
VFLM 4968,4,15,1,5,3,1.875
VFLM 4968,5,20,0,2,6,2.5
VFLM 4968,6,18,0,4,4,2.25
VFLM 4968,7,23,1,3,5,2.875
VFLM 4968,8,27,1,5,3,3.375
VFLM 4968,9,13,1,1,7,1.625
VFLM 4968,10,14,0,6,2,1.75
VFLM 4968,11,19,1,3,5,2.375
VFLM 4968,12,17,1,3,5,2.125
VFLM 4968,13,26,0,6,2,3.25
VFLM 4968,14,16,0,4,4,2.0
VFLM 4968,15,13,1,5,3,1.625
VFLM 4968,16,20,0,6,2,2.5
VFLM 4968,17,17,1,3,5,2.125
VFLM 4968,18,19,1,5,3,2.375
VFLM 4968,19,13,1,5,3,1.625
VFLM 4968,20,23,1,3,5,2.875
VFLM 4968,21,21,1,5,3,2.625
VFLM 4968,22,19,1,3,5,2.375
VFLM 4968,23,21,1,5,3,2.625
VFLM 4968,24,19,1,3,5,2.375
VFLM 4968,25,26,0,4,4,3.25
VFLM 4968,26,17,1,5,3,2.125
VFLM 4968,27,21,1,3,5,2.625
VFLM 4968,28,25,1,3,5,3.125
VFLM 4968,29,20,0,4,4,2.5
VFLM 4968,30,21,1,5,3,2.625
VFLM 4969,1,22,0,4,4,2.75
VFLM 4969,2,19,1,3,5,2.375
VFLM 4969,3,20,0,6,2,2.5
VFLM 4969,4,18,0,4,4,2.25
VFLM 4969,5,22,0,4,4,2.75
VFLM 4969,6,23,1,3,5,2.875
VFLM 4969,7,19,1,5,3,2.375
VFLM 4969,8,16,0,4,4,2.0
VFLM 4969,9,14,0,4,4,1.75
VFLM 4969,10,24,0,4,4,3.0
VFLM 4969,11,23,1,5,3,2.875
VFLM 4969,12,20,0,2,6,2.5
VFLM 4969,13,20,0,4,4,2.5
VFLM 4969,14,29,1,5,3,3.625
VFLM 4969,15,22,0,4,4,2.75
VFLM 4969,16,21,1,3,5,2.625
VFLM 4969,17,24,0,6,2,3.0
VFLM 4969,18,26,0,4,4,3.25
VFLM 4969,19,18,0,6,2,2.25
VFLM 4969,20,17,1,5,3,2.125
VFLM 4969,21,20,0,6,2,2.5
VFLM 4969,22,20,0,4,4,2.5
VFLM 4969,23,24,0,4,4,3.0
VFLM 4969,24,34,0,6,2,4.25
VFLM 4969,25,18,0,2,6,2.25
VFLM 4969,26,18,0,4,4,2.25
VFLM 4969,27,25,1,1,7,3.125
VFLM 4969,28,24,0,2,6,3.0
VFLM 4969,29,24,0,4,4,3.0
VFLM 4969,30,23,1,3,5,2.875
VFLM 4970,1,28,0,4,4,3.5
VFLM 4970,2,24,0,4,4,3.0
VFLM 4970,3,13,1,3,5,1.625
VFLM 4970,4,17,1,3,5,2.125
VFLM 4970,5,25,1,3,5,3.125
VFLM 4970,6,21,1,5,3,2.625
VFLM 4970,7,21,1,3,5,2.625
VFLM 4970,8,20,0,6,2,2.5
VFLM 4970,9,14,0,2,6,1.75
VFLM 4970,10,16,0,0,8,2.0
VFLM 4970,11,24,0,4,4,3.0
VFLM 4970,12,18,0,4,4,2.25
VFLM 4970,13,17,1,3,5,2.125
VFLM 4970,14,17,1,3,5,2.125
VFLM 4970,15,17,1,7,1,2.125
VFLM 4970,16,18,0,2,6,2.25
VFLM 4970,17,23,1,3,5,2.875
VFLM 4970,18,19,1,5,3,2.375
VFLM 4970,19,19,1,5,3,2.375
VFLM 4970,20,16,0,2,6,2.0
VFLM 4970,21,19,1,5,3,2.375
VFLM 4970,22,14,0,6,2,1.75
VFLM 4970,23,26,0,4,4,3.25
VFLM 4970,24,18,0,4,4,2.25
VFLM 4970,25,19,1,5,3,2.375
VFLM 4970,26,12,0,4,4,1.5
VFLM 4970,27,20,0,4,4,2.5
VFLM 4970,28,27,1,5,3,3.375
VFLM 4970,29,16,0,4,4,2.0
VFLM 4970,30,23,1,1,7,2.875
VFLM 4971,1,18,0,4,4,2.25
VFLM 4971,2,27,1,3,5,3.375
VFLM 4971,3,25,1,5,3,3.125
VFLM 4971,4,14,0,4,4,1.75
VFLM 4971,5,22,0,2,6,2.75
VFLM 4971,6,20,0,2,6,2.5
VFLM 4971,7,20,0,6,2,2.5
VFLM 4971,8,17,1,3,5,2.125
VFLM 4971,9,21,1,5,3,2.625
VFLM 4971,10,25,1,3,5,3.125
VFLM 4971,11,21,1,5,3,2.625
VFLM 4971,12,16,0,2,6,2.0
VFLM 4971,13,18,0,4,4,2.25
VFLM 4971,14,20,0,4,4,2.5
VFLM 4971,15,33,1,3,5,4.125
VFLM 4971,16,15,1,5,3,1.875
VFLM 4971,17,30,0,4,4,3.75
VFLM 4971,18,20,0,2,6,2.5
VFLM 4971,19,21,1,3,5,2.625
VFLM 4971,20,17,1,5,3,2.125
VFLM 4971,21,30,0,4,4,3.75
VFLM 4971,22,17,1,5,3,2.125
VFLM 4971,23,21,1,3,5,2.625
VFLM 4971,24,15,1,5,3,1.875
VFLM 4971,25,23,1,5,3,2.875
VFLM 4971,26,20,0,6,2,2.5
VFLM 4971,27,21,1,7,1,2.625
VFLM 4971,28,18,0,4,4,2.25
VFLM 4971,29,14,0,6,2,1.75
VFLM 4971,30,21,1,3,5,2.625
VFLM 4972,1,24,0,4,4,3.0
VFLM 4972,2,25,1,3,5,3.125
VFLM 4972,3,23,1,5,3,2.875
VFLM 4972,4,18,0,4,4,2.25
VFLM 4972,5,23,1,3,5,2.875
VFLM 4972,6,27,1,3,5,3.375
VFLM 4972,7,22,0,4,4,2.75
VFLM 4972,8,19,1,3,5,2.375
VFLM 4972,9,23,1,3,5,2.875
VFLM 4972,10,23,1,3,5,2.875
VFLM 4972,11,13,1,3,5,1.625
VFLM 4972,12,21,1,3,5,2.625
VFLM 4972,13,20,0,4,4,2.5
VFLM 4972,14,17,1,5,3,2.125
VFLM 4972,15,25,1,1,7,3.125
VFLM 4972,16,22,0,6,2,2.75
VFLM 4972,17,22,0,4,4,2.75
VFLM 4972,18,20,0,2,6,2.5
VFLM 4972,19,20,0,2,6,2.5
VFLM 4972,20,26,0,4,4,3.25
VFLM 4972,21,16,0,2,6,2.0
VFLM 4972,22,18,0,6,2,2.25
VFLM 4972,23,18,0,2,6,2.25
VFLM 4972,24,21,1,3,5,2.625
VFLM 4972,25,18,0,4,4,2.25
VFLM 4972,26,23,1,7,1,2.875
VFLM 4972,27,15,1,1,7,1.875
VFLM 4972,28,19,1,3,5,2.375
VFLM 4972,29,23,1,5,3,2.875
VFLM 4972,30,16,0,2,6,2.0
VFLM 4973,1,21,1,3,5,2.625
VFLM 4973,2,18,0,4,4,2.25
VFLM 4973,3,22,0,4,4,2.75
VFLM 4973,4,18,0,4,4,2.25
VFLM 4973,5,23,1,5,3,2.875
VFLM 4973,6,22,0,4,4,2.75
VFLM 4973,7,16,0,6,2,2.0
VFLM 4973,8,17,1,5,3,2.125
VFLM 4973,9,29,1,3,5,3.625
VFLM 4973,10,20,0,4,4,2.5
VFLM 4973,11,25,1,3,5,3.125
VFLM 4973,12,16,0,4,4,2.0
VFLM 4973,13,17,1,1,7,2.125
VFLM 4973,14,21,1,3,5,2.625
VFLM 4973,15,24,0,2,6,3.0
VFLM 4973,16,27,1,3,5,3.375
VFLM 4973,17,16,0,4,4,2.0
VFLM 4973,18,23,1,3,5,2.875
VFLM 4973,19,21,1,5,3,2.625
VFLM 4973,20,16,0,2,6,2.0
VFLM 4973,21,25,1,1,7,3.125
VFLM 4973,22,12,0,6,2,1.5
VFLM 4973,23,23,1,5,3,2.875
VFLM 4973,24,27,1,5,3,3.375
VFLM 4973,25,24,0,4,4,3.0
VFLM 4973,26,20,0,2,6,2.5
VFLM 4973,27,19,1,5,3,2.375
VFLM 4973,28,16,0,6,2,2.0
VFLM 4973,29,16,0,2,6,2.0
VFLM 4973,30,16,0,4,4,2.0
VFLM 4974,1,19,1,5,3,2.375
VFLM 4974,2,21,1,3,5,2.625
VFLM 4974,3,16,0,4,4,2.0
VFLM 4974,4,24,0,6,2,3.0
VFLM 4974,5,14,0,6,2,1.75
VFLM 4974,6,23,1,5,3,2.875
VFLM 4974,7,23,1,3,5,2.875
VFLM 4974,8,15,1,3,5,1.875
VFLM 4974,9,25,1,1,7,3.125
VFLM 4974,10,16,0,6,2,2.0
VFLM 4974,11,21,1,3,5,2.625
VFLM 4974,12,21,1,5,3,2.625
VFLM 4974,13,12,0,2,6,1.5
VFLM 4974,14,16,0,2,6,2.0
VFLM 4974,15,26,0,4,4,3.25
VFLM 4974,16,22,0,4,4,2.75
VFLM 4974,17,21,1,5,3,2.625
VFLM 4974,18,25,1,5,3,3.125
VFLM 4974,19,14,0,4,4,1.75
VFLM 4974,20,13,1,3,5,1.625
VFLM 4974,21,20,0,4,4,2.5
VFLM 4974,22,22,0,4,4,2.75
VFLM 4974,23,19,1,5,3,2.375
VFLM 4974,24,20,0,4,4,2.5
VFLM 4974,25,28,0,2,6,3.5
VFLM 4974,26,18,0,4,4,2.25
VFLM 4974,27,19,1,5,3,2.375
VFLM 4974,28,20,0,2,6,2.5
VFLM 4974,29,22,0,4,4,2.75
VFLM 4974,30,16,0,4,4,2.0
VFLM 4975,1,25,1,1,7,3.125
VFLM 4975,2,16,0,6,2,2.0
VFLM 4975,3,21,1,3,5,2.625
VFLM 4975,4,16,0,0,8,2.0
VFLM 4975,5,19,1,5,3,2.375
VFLM 4975,6,29,1,5,3,3.625
VFLM 4975,7,23,1,3,5,2.875
VFLM 4975,8,16,0,2,6,2.0
VFLM 4975,9,28,0,4,4,3.5
VFLM 4975,10,24,0,6,2,3.0
VFLM 4975,11,17,1,5,3,2.125
VFLM 4975,12,20,0,4,4,2.5
VFLM 4975,13,15,1,5,3,1.875
VFLM 4975,14,16,0,4,4,2.0
VFLM 4975,15,18,0,4,4,2.25
VFLM 4975,16,21,1,3,5,2.625
VFLM 4975,17,22,0,4,4,2.75
VFLM 4975,18,24,0,4,4,3.0
VFLM 4975,19,26,0,4,4,3.25
VFLM 4975,20,25,1,3,5,3.125
VFLM 4975,21,24,0,4,4,3.0
VFLM 4975,22,26,0,4,4,3.25
VFLM 4975,23,17,1,3,5,2.125
VFLM 4975,24,30,0,4,4,3.75
VFLM 4975,25,21,1,7,1,2.625
VFLM 4975,26,20,0,0,8,2.5
VFLM 4975,27,24,0,4,4,3.0
VFLM 4975,28,16,0,2,6,2.0
VFLM 4975,29,26,0,4,4,3.25
VFLM 4975,30,18,0,4,4,2.25
VFLM 4976,1,30,0,4,4,3.75
VFLM 4976,2,16,0,4,4,2.0
VFLM 4976,3,17,1,3,5,2.125
VFLM 4976,4,17,1,3,5,2.125
VFLM 4976,5,23,1,1,7,2.875
VFLM 4976,6,21,1,3,5,2.625
VFLM 4976,7,28,0,2,6,3.5
VFLM 4976,8,19,1,5,3,2.375
VFLM 4976,9,17,1,3,5,2.125
VFLM 4976,10,23,1,3,5,2.875
VFLM 4976,11,19,1,5,3,2.375
VFLM 4976,12,23,1,3,5,2.875
VFLM 4976,13,27,1,3,5,3.375
VFLM 4976,14,18,0,2,6,2.25
VFLM 4976,15,19,1,5,3,2.375
VFLM 4976,16,19,1,3,5,2.375
VFLM 4976,17,21,1,3,5,2.625
VFLM 4976,18,18,0,4,4,2.25
VFLM 4976,19,24,0,4,4,3.0
VFLM 4976,20,17,1,5,3,2.125
VFLM 4976,21,20,0,4,4,2.5
VFLM 4976,22,21,1,5,3,2.625
VFLM 4976,23,25,1,5,3,3.125
VFLM 4976,24,28,0,4,4,3.5
VFLM 4976,25,16,0,4,4,2.0
VFLM 4976,26,16,0,4,4,2.0
VFLM 4976,27,26,0,6,2,3.25
VFLM 4976,28,15,1,5,3,1.875
VFLM 4976,29,13,1,3,5,1.625
VFLM 4976,30,28,0,2,6,3.5
VFLM 4977,1,25,1,1,7,3.125
VFLM 4977,2,20,0,4,4,2.5
VFLM 4977,3,14,0,2,6,1.75
VFLM 4977,4,17,1,3,5,2.125
VFLM 4977,5,24,0,4,4,3.0
VFLM 4977,6,26,0,6,2,3.25
VFLM 4977,7,22,0,4,4,2.75
VFLM 4977,8,20,0,2,6,2.5
VFLM 4977,9,22,0,4,4,2.75
VFLM 4977,10,18,0,4,4,2.25
VFLM 4977,11,25,1,3,5,3.125
VFLM 4977,12,18,0,4,4,2.25
VFLM 4977,13,13,1,3,5,1.625
VFLM 4977,14,24,0,4,4,3.0
VFLM 4977,15,24,0,6,2,3.0
VFLM 4977,16,27,1,5,3,3.375
VFLM 4977,17,17,1,3,5,2.125
VFLM 4977,18,17,1,5,3,2.125
VFLM 4977,19,18,0,2,6,2.25
VFLM 4977,20,18,0,4,4,2.25
VFLM 4977,21,20,0,4,4,2.5
VFLM 4977,22,23,1,7,1,2.875
VFLM 4977,23,13,1,3,5,1.625
VFLM 4977,24,19,1,5,3,2.375
VFLM 4977,25,21,1,5,3,2.625
VFLM 4977,26,23,1,3,5,2.875
VFLM 4977,27,21,1,1,7,2.625
VFLM 4977,28,26,0,6,2,3.25
VFLM 4977,29,16,0,6,2,2.0
VFLM 4977,30,12,0,4,4,1.5
VFLM 4978,1,22,0,4,4,2.75
VFLM 4978,2,23,1,3,5,2.875
VFLM 4978,3,26,0,2,6,3.25
VFLM 4978,4,21,1,3,5,2.625
VFLM 4978,5,21,1,5,3,2.625
VFLM 4978,6,20,0,6,2,2.5
VFLM 4978,7,23,1,7,1,2.875
VFLM 4978,8,21,1,5,3,2.625
VFLM 4978,9,18,0,2,6,2.25
VFLM 4978,10,22,0,2,6,2.75
VFLM 4978,11,15,1,3,5,1.875
VFLM 4978,12,16,0,4,4,2.0
VFLM 4978,13,23,1,7,1,2.875
VFLM 4978,14,23,1,3,5,2.875
VFLM 4978,15,24,0,4,4,3.0
VFLM 4978,16,17,1,5,3,2.125
VFLM 4978,17,25,1,5,3,3.125
VFLM 4978,18,22,0,4,4,2.75
VFLM 4978,19,23,1,1,7,2.875
VFLM 4978,20,20,0,4,4,2.5
VFLM 4978,21,17,1,5,3,2.125
VFLM 4978,22,27,1,5,3,3.375
VFLM 4978,23,14,0,4,4,1.75
VFLM 4978,24,24,0,4,4,3.0
VFLM 4978,25,14,0,2,6,1.75
VFLM 4978,26,18,0,4,4,2.25
VFLM 4978,27,30,0,4,4,3.75
VFLM 4978,28,22,0,4,4,2.75
VFLM 4978,29,21,1,7,1,2.625
VFLM 4978,30,21,1,3,5,2.625
VFLM 4979,1,23,1,3,5,2.875
VFLM 4979,2,27,1,3,5,3.375
VFLM 4979,3,20,0,6,2,2.5
VFLM 4979,4,18,0,4,4,2.25
VFLM 4979,5,25,1,3,5,3.125
VFLM 4979,6,17,1,3,5,2.125
VFLM 4979,7,29,1,5,3,3.625
VFLM 4979,8,22,0,6,2,2.75
VFLM 4979,9,21,1,5,3,2.625
VFLM 4979,10,21,1,3,5,2.625
VFLM 4979,11,21,1,3,5,2.625
VFLM 4979,12,15,1,1,7,1.875
VFLM 4979,13,21,1,3,5,2.625
VFLM 4979,14,17,1,3,5,2.125
VFLM 4979,15,13,1,3,5,1.625
VFLM 4979,16,15,1,3,5,1.875
VFLM 4979,17,19,1,3,5,2.375
VFLM 4979,18,18,0,4,4,2.25
VFLM 4979,19,28,0,6,2,3.5
VFLM 4979,20,24,0,4,4,3.0
VFLM 4979,21,28,0,4,4,3.5
VFLM 4979,22,23,1,5,3,2.875
VFLM 4979,23,25,1,5,3,3.125
VFLM 4979,24,22,0,2,6,2.75
VFLM 4979,25,20,0,4,4,2.5
VFLM 4979,26,24,0,4,4,3.0
VFLM 4979,27,26,0,2,6,3.25
VFLM 4979,28,17,1,3,5,2.125
VFLM 4979,29,27,1,5,3,3.375
VFLM 4979,30,28,0,4,4,3.5
VFLM 4980,1,23,1,5,3,2.875
VFLM 4980,2,17,1,3,5,2.125
VFLM 4980,3,27,1,5,3,3.375
VFLM 4980,4,26,0,2,6,3.25
VFLM 4980,5,20,0,2,6,2.5
VFLM 4980,6,16,0,4,4,2.0
VFLM 4980,7,19,1,1,7,2.375
VFLM 4980,8,19,1,5,3,2.375
VFLM 4980,9,22,0,2,6,2.75
VFLM 4980,10,23,1,1,7,2.875
VFLM 4980,11,22,0,4,4,2.75
VFLM 4980,12,24,0,2,6,3.0
VFLM 4980,13,30,0,6,2,3.75
VFLM 4980,14,25,1,3,5,3.125
VFLM 4980,15,22,0,4,4,2.75
VFLM 4980,16,22,0,6,2,2.75
VFLM 4980,17,20,0,4,4,2.5
VFLM 4980,18,21,1,3,5,2.625
VFLM 4980,19,20,0,2,6,2.5
VFLM 4980,20,25,1,1,7,3.125
VFLM 4980,21,19,1,3,5,2.375
VFLM 4980,22,20,0,4,4,2.5
VFLM 4980,23,24,0,4,4,3.0
VFLM 4980,24,28,0,6,2,3.5
VFLM 4980,25,19,1,5,3,2.375
VFLM 4980,26,22,0,4,4,2.75
VFLM 4980,27,19,1,1,7,2.375
VFLM 4980,28,22,0,6,2,2.75
VFLM 4980,29,19,1,7,1,2.375
VFLM 4980,30,16,0,6,2,2.0
VFLM 4981,1,27,1,5,3,3.375
VFLM 4981,2,20,0,4,4,2.5
VFLM 4981,3,26,0,4,4,3.25
VFLM 4981,4,27,1,5,3,3.375
VFLM 4981,5,27,1,3,5,3.375
VFLM 4981,6,28,0,4,4,3.5
VFLM 4981,7,19,1,5,3,2.375
VFLM 4981,8,21,1,3,5,2.625
VFLM 4981,9,20,0,4,4,2.5
VFLM 4981,10,21,1,5,3,2.625
VFLM 4981,11,23,1,3,5,2.875
VFLM 4981,12,16,0,4,4,2.0
VFLM 4981,13,26,0,4,4,3.25
VFLM 4981,14,22,0,6,2,2.75
VFLM 4981,15,19,1,3,5,2.375
VFLM 4981,16,19,1,5,3,2.375
VFLM 4981,17,24,0,4,4,3.0
VFLM 4981,18,27,1,5,3,3.375
VFLM 4981,19,14,0,2,6,1.75
VFLM 4981,20,18,0,6,2,2.25
VFLM 4981,21,17,1,5,3,2.125
VFLM 4981,22,19,1,5,3,2.375
VFLM 4981,23,11,1,5,3,1.375
VFLM 4981,24,19,1,3,5,2.375
VFLM 4981,25,22,0,6,2,2.75
VFLM 4981,26,18,0,2,6,2.25
VFLM 4981,27,19,1,3,5,2.375
VFLM 4981,28,14,0,4,4,1.75
VFLM 4981,29,22,0,6,2,2.75
VFLM 4981,30,23,1,5,3,2.875
VFLM 4982,1,19,1,5,3,2.375
VFLM 4982,2,20,0,6,2,2.5
VFLM 4982,3,18,0,4,4,2.25
VFLM 4982,4,19,1,3,5,2.375
VFLM 4982,5,24,0,4,4,3.0
VFLM 4982,6,16,0,2,6,2.0
VFLM 4982,7,19,1,5,3,2.375
VFLM 4982,8,22,0,2,6,2.75
VFLM 4982,9,21,1,5,3,2.625
VFLM 4982,10,14,0,4,4,1.75
VFLM 4982,11,30,0,4,4,3.75
VFLM 4982,12,14,0,4,4,1.75
VFLM 4982,13,22,0,4,4,2.75
VFLM 4982,14,21,1,3,5,2.625
VFLM 4982,15,22,0,4,4,2.75
VFLM 4982,16,24,0,4,4,3.0
VFLM 4982,17,24,0,4,4,3.0
VFLM 4982,18,21,1,5,3,2.625
VFLM 4982,19,23,1,5,3,2.875
VFLM 4982,20,16,0,4,4,2.0
VFLM 4982,21,22,0,4,4,2.75
VFLM 4982,22,16,0,2,6,2.0
VFLM 4982,23,19,1,3,5,2.375
VFLM 4982,24,16,0,6,2,2.0
VFLM 4982,25,20,0,2,6,2.5
VFLM 4982,26,23,1,3,5,2.875
VFLM 4982,27,21,1,1,7,2.625
VFLM 4982,28,16,0,6,2,2.0
VFLM 4982,29,20,0,4,4,2.5
VFLM 4982,30,28,0,6,2,3.5
VFLM 4983,1,13,1,7,1,1.625
VFLM 4983,2,26,0,4,4,3.25
VFLM 4983,3,17,1,5,3,2.125
VFLM 4983,4,22,0,6,2,2.75
VFLM 4983,5,21,1,5,3,2.625
VFLM 4983,6,12,0,2,6,1.5
VFLM 4983,7,25,1,5,3,3.125
VFLM 4983,8,22,0,4,4,2.75
VFLM 4983,9,17,1,3,5,2.125
VFLM 4983,10,22,0,2,6,2.75
VFLM 4983,11,18,0,4,4,2.25
VFLM 4983,12,18,0,4,4,2.25
VFLM 4983,13,26,0,2,6,3.25
VFLM 4983,14,19,1,7,1,2.375
VFLM 4983,15,25,1,5,3,3.125
VFLM 4983,16,27,1,5,3,3.375
VFLM 4983,17,20,0,4,4,2.5
VFLM 4983,18,18,0,4,4,2.25
VFLM 4983,19,19,1,5,3,2.375
VFLM 4983,20,23,1,5,3,2.875
VFLM 4983,21,23,1,5,3,2.875
VFLM 4983,22,21,1,5,3,2.625
VFLM 4983,23,24,0,6,2,3.0
VFLM 4983,24,27,1,5,3,3.375
VFLM 4983,25,17,1,5,3,2.125
VFLM 4983,26,26,0,2,6,3.25
VFLM 4983,27,29,1,3,5,3.625
VFLM 4983,28,15,1,1,7,1.875
VFLM 4983,29,17,1,5,3,2.125
VFLM 4983,30,14,0,4,4,1.75
VFLM 4984,1,28,0,4,4,3.5
VFLM 4984,2,26,0,4,4,3.25
VFLM 4984,3,21,1,1,7,2.625
VFLM 4984,4,21,1,3,5,2.625
VFLM 4984,5,19,1,7,1,2.375
VFLM 4984,6,22,0,4,4,2.75
VFLM 4984,7,22,0,2,6,2.75
VFLM 4984,8,10,0,4,4,1.25
VFLM 4984,9,25,1,5,3,3.125
VFLM 4984,10,21,1,5,3,2.625
VFLM 4984,11,16,0,2,6,2.0
VFLM 4984,12,24,0,2,6,3.0
VFLM 4984,13,29,1,3,5,3.625
VFLM 4984,14,27,1,3,5,3.375
VFLM 4984,15,14,0,4,4,1.75
VFLM 4984,16,23,1,5,3,2.875
VFLM 4984,17,27,1,3,5,3.375
VFLM 4984,18,13,1,3,5,1.625
VFLM 4984,19,27,1,3,5,3.375
VFLM 4984,20,27,1,3,5,3.375
VFLM 4984,21,23,1,5,3,2.875
VFLM 4984,22,23,1,1,7,2.875
VFLM 4984,23,19,1,3,5,2.375
VFLM 4984,24,20,0,6,2,2.5
VFLM 4984,25,14,0,6,2,1.75
VFLM 4984,26,15,1,5,3,1.875
VFLM 4984,27,16,0,4,4,2.0
VFLM 4984,28,30,0,4,4,3.75
VFLM 4984,29,17,1,5,3,2.125
VFLM 4984,30,25,1,3,5,3.125
VFLM 4985,1,21,1,3,5,2.625
VFLM 4985,2,16,0,6,2,2.0
VFLM 4985,3,24,0,4,4,3.0
VFLM 4985,4,25,1,3,5,3.125
VFLM 4985,5,15,1,7,1,1.875
VFLM 4985,6,11,1,5,3,1.375
VFLM 4985,7,21,1,5,3,2.625
VFLM 4985,8,19,1,5,3,2.375
VFLM 4985,9,22,0,6,2,2.75
VFLM 4985,10,14,0,4,4,1.75
VFLM 4985,11,21,1,5,3,2.625
VFLM 4985,12,19,1,3,5,2.375
VFLM 4985,13,23,1,5,3,2.875
VFLM 4985,14,19,1,3,5,2.375
VFLM 4985,15,24,0,4,4,3.0
VFLM 4985,16,25,1,5,3,3.125
VFLM 4985,17,24,0,2,6,3.0
VFLM 4985,18,28,0,4,4,3.5
VFLM 4985,19,22,0,2,6,2.75
VFLM 4985,20,25,1,5,3,3.125
VFLM 4985,21,17,1,3,5,2.125
VFLM 4985,22,18,0,6,2,2.25
VFLM 4985,23,18,0,4,4,2.25
VFLM 4985,24,26,0,2,6,3.25
VFLM 4985,25,31,1,3,5,3.875
VFLM 4985,26,16,0,2,6,2.0
VFLM 4985,27,19,1,3,5,2.375
VFLM 4985,28,10,0,2,6,1.25
VFLM 4985,29,17,1,5,3,2.125
VFLM 4985,30,19,1,3,5,2.375
VFLM 4986,1,19,1,5,3,2.375
VFLM 4986,2,18,0,2,6,2.25
VFLM 4986,3,26,0,6,2,3.25
VFLM 4986,4,23,1,3,5,2.875
VFLM 4986,5,17,1,5,3,2.125
VFLM 4986,6,21,1,5,3,2.625
VFLM 4986,7,26,0,4,4,3.25
VFLM 4986,8,25,1,5,3,3.125
VFLM 4986,9,19,1,3,5,2.375
VFLM 4986,10,19,1,7,1,2.375
VFLM 4986,11,18,0,2,6,2.25
VFLM 4986,12,19,1,5,3,2.375
VFLM 4986,13,22,0,2,6,2.75
VFLM 4986,14,24,0,4,4,3.0
VFLM 4986,15,17,1,5,3,2.125
VFLM 4986,16,22,0,4,4,2.75
VFLM 4986,17,19,1,7,1,2.375
VFLM 4986,18,17,1,5,3,2.125
VFLM 4986,19,23,1,3,5,2.875
VFLM 4986,20,21,1,3,5,2.625
VFLM 4986,21,21,1,5,3,2.625
VFLM 4986,22,18,0,2,6,2.25
VFLM 4986,23,22,0,4,4,2.75
VFLM 4986,24,20,0,6,2,2.5
VFLM 4986,25,24,0,0,8,3.0
VFLM 4986,26,18,0,4,4,2.25
VFLM 4986,27,20,0,4,4,2.5
VFLM 4986,28,20,0,2,6,2.5
VFLM 4986,29,25,1,1,7,3.125
VFLM 4986,30,21,1,5,3,2.625
VFLM 4987,1,16,0,2,6,2.0
VFLM 4987,2,24,0,4,4,3.0
VFLM 4987,3,15,1,7,1,1.875
VFLM 4987,4,18,0,4,4,2.25
VFLM 4987,5,20,0,2,6,2.5
VFLM 4987,6,17,1,3,5,2.125
VFLM 4987,7,16,0,4,4,2.0
VFLM 4987,8,23,1,3,5,2.875
VFLM 4987,9,27,1,3,5,3.375
VFLM 4987,10,19,1,5,3,2.375
VFLM 4987,11,15,1,3,5,1.875
VFLM 4987,12,16,0,0,8,2.0
VFLM 4987,13,19,1,3,5,2.375
VFLM 4987,14,17,1,3,5,2.125
VFLM 4987,15,29,1,5,3,3.625
VFLM 4987,16,14,0,4,4,1.75
VFLM 4987,17,19,1,3,5,2.375
VFLM 4987,18,25,1,3,5,3.125
VFLM 4987,19,25,1,3,5,3.125
VFLM 4987,20,21,1,3,5,2.625
VFLM 4987,21,24,0,4,4,3.0
VFLM 4987,22,26,0,8,0,3.25
VFLM 4987,23,18,0,4,4,2.25
VFLM 4987,24,24,0,4,4,3.0
VFLM 4987,25,28,0,4,4,3.5
VFLM 4987,26,22,0,4,4,2.75
VFLM 4987,27,22,0,4,4,2.75
VFLM 4987,28,13,1,3,5,1.625
VFLM 4987,29,22,0,6,2,2.75
VFLM 4987,30,22,0,4,4,2.75
VFLM 4988,1,20,0,6,2,2.5
VFLM 4988,2,20,0,4,4,2.5
VFLM 4988,3,20,0,4,4,2.5
VFLM 4988,4,15,1,5,3,1.875
VFLM 4988,5,26,0,4,4,3.25
VFLM 4988,6,18,0,2,6,2.25
VFLM 4988,7,21,1,3,5,2.625
VFLM 4988,8,20,0,6,2,2.5
VFLM 4988,9,20,0,4,4,2.5
VFLM 4988,10,18,0,4,4,2.25
VFLM 4988,11,23,1,5,3,2.875
VFLM 4988,12,17,1,7,1,2.125
VFLM 4988,13,24,0,6,2,3.0
VFLM 4988,14,17,1,5,3,2.125
VFLM 4988,15,21,1,5,3,2.625
VFLM 4988,16,26,0,4,4,3.25
VFLM 4988,17,27,1,3,5,3.375
VFLM 4988,18,21,1,3,5,2.625
VFLM 4988,19,19,1,3,5,2.375
VFLM 4988,20,20,0,2,6,2.5
VFLM 4988,21,14,0,2,6,1.75
VFLM 4988,22,20,0,4,4,2.5
VFLM 4988,23,15,1,3,5,1.875
VFLM 4988,24,23,1,3,5,2.875
VFLM 4988,25,23,1,7,1,2.875
VFLM 4988,26,22,0,4,4,2.75
VFLM 4988,27,19,1,5,3,2.375
VFLM 4988,28,20,0,2,6,2.5
VFLM 4988,29,20,0,6,2,2.5
VFLM 4988,30,22,0,4,4,2.75
VFLM 4989,1,11,1,5,3,1.375
VFLM 4989,2,20,0,4,4,2.5
VFLM 4989,3,31,1,7,1,3.875
VFLM 4989,4,19,1,5,3,2.375
VFLM 4989,5,13,1,3,5,1.625
VFLM 4989,6,20,0,6,2,2.5
VFLM 4989,7,25,1,3,5,3.125
VFLM 4989,8,18,0,4,4,2.25
VFLM 4989,9,21,1,3,5,2.625
VFLM 4989,10,24,0,6,2,3.0
VFLM 4989,11,22,0,4,4,2.75
VFLM 4989,12,26,0,4,4,3.25
VFLM 4989,13,19,1,5,3,2.375
VFLM 4989,14,23,1,3,5,2.875
VFLM 4989,15,13,1,5,3,1.625
VFLM 4989,16,13,1,5,3,1.625
VFLM 4989,17,13,1,5,3,1.625
VFLM 4989,18,16,0,2,6,2.0
VFLM 4989,19,12,0,4,4,1.5
VFLM 4989,20,18,0,4,4,2.25
VFLM 4989,21,22,0,8,0,2.75
VFLM 4989,22,12,0,2,6,1.5
VFLM 4989,23,15,1,3,5,1.875
VFLM 4989,24,18,0,4,4,2.25
VFLM 4989,25,23,1,3,5,2.875
VFLM 4989,26,17,1,5,3,2.125
VFLM 4989,27,11,1,5,3,1.375
VFLM 4989,28,21,1,3,5,2.625
VFLM 4989,29,19,1,7,1,2.375
VFLM 4989,30,13,1,5,3,1.625
VFLM 4990,1,25,1,5,3,3.125
VFLM 4990,2,18,0,4,4,2.25
VFLM 4990,3,25,1,3,5,3.125
VFLM 4990,4,18,0,4,4,2.25
VFLM 4990,5,19,1,3,5,2.375
VFLM 4990,6,17,1,3,5,2.125
VFLM 4990,7,19,1,7,1,2.375
VFLM 4990,8,23,1,7,1,2.875
VFLM 4990,9,14,0,4,4,1.75
VFLM 4990,10,21,1,5,3,2.625
VFLM 4990,11,20,0,4,4,2.5
VFLM 4990,12,24,0,8,0,3.0
VFLM 4990,13,28,0,6,2,3.5
VFLM 4990,14,19,1,3,5,2.375
VFLM 4990,15,21,1,3,5,2.625
VFLM 4990,16,22,0,4,4,2.75
VFLM 4990,17,22,0,4,4,2.75
VFLM 4990,18,22,0,6,2,2.75
VFLM 4990,19,23,1,3,5,2.875
VFLM 4990,20,21,1,3,5,2.625
VFLM 4990,21,23,1,5,3,2.875
VFLM 4990,22,22,0,6,2,2.75
VFLM 4990,23,16,0,4,4,2.0
VFLM 4990,24,27,1,3,5,3.375
VFLM 4990,25,19,1,5,3,2.375
VFLM 4990,26,25,1,5,3,3.125
VFLM 4990,27,19,1,3,5,2.375
VFLM 4990,28,24,0,4,4,3.0
VFLM 4990,29,18,0,4,4,2.25
VFLM 4990,30,23,1,5,3,2.875
VFLM 4991,1,14,0,6,2,1.75
VFLM 4991,2,24,0,4,4,3.0
VFLM 4991,3,24,0,2,6,3.0
VFLM 4991,4,20,0,4,4,2.5
VFLM 4991,5,23,1,3,5,2.875
VFLM 4991,6,16,0,6,2,2.0
VFLM 4991,7,16,0,2,6,2.0
VFLM 4991,8,16,0,4,4,2.0
VFLM 4991,9,18,0,6,2,2.25
VFLM 4991,10,18,0,4,4,2.25
VFLM 4991,11,20,0,2,6,2.5
VFLM 4991,12,23,1,5,3,2.875
VFLM 4991,13,25,1,3,5,3.125
VFLM 4991,14,23,1,3,5,2.875
VFLM 4991,15,20,0,4,4,2.5
VFLM 4991,16,18,0,6,2,2.25
VFLM 4991,17,26,0,4,4,3.25
VFLM 4991,18,22,0,6,2,2.75
VFLM 4991,19,14,0,4,4,1.75
VFLM 4991,20,19,1,3,5,2.375
VFLM 4991,21,24,0,2,6,3.0
VFLM 4991,22,21,1,7,1,2.625
VFLM 4991,23,21,1,3,5,2.625
VFLM 4991,24,29,1,3,5,3.625
VFLM 4991,25,11,1,5,3,1.375
VFLM 4991,26,15,1,5,3,1.875
VFLM 4991,27,24,0,6,2,3.0
VFLM 4991,28,19,1,3,5,2.375
VFLM 4991,29,25,1,5,3,3.125
VFLM 4991,30,16,0,4,4,2.0
VFLM 4992,1,20,0,2,6,2.5
VFLM 4992,2,19,1,5,3,2.375
VFLM 4992,3,16,0,2,6,2.0
VFLM 4992,4,15,1,3,5,1.875
VFLM 4992,5,26,0,4,4,3.25
VFLM 4992,6,18,0,4,4,2.25
VFLM 4992,7,30,0,4,4,3.75
VFLM 4992,8,22,0,2,6,2.75
VFLM 4992,9,23,1,1,7,2.875
VFLM 4992,10,16,0,4,4,2.0
VFLM 4992,11,21,1,5,3,2.625
VFLM 4992,12,20,0,2,6,2.5
VFLM 4992,13,19,1,3,5,2.375
VFLM 4992,14,18,0,2,6,2.25
VFLM 4992,15,20,0,2,6,2.5
VFLM 4992,16,22,0,6,2,2.75
VFLM 4992,17,20,0,4,4,2.5
VFLM 4992,18,19,1,5,3,2.375
VFLM 4992,19,21,1,5,3,2.625
VFLM 4992,20,16,0,2,6,2.0
VFLM 4992,21,21,1,3,5,2.625
VFLM 4992,22,18,0,4,4,2.25
VFLM 4992,23,22,0,4,4,2.75
VFLM 4992,24,27,1,1,7,3.375
VFLM 4992,25,23,1,3,5,2.875
VFLM 4992,26,20,0,4,4,2.5
VFLM 4992,27,20,0,4,4,2.5
VFLM 4992,28,20,0,4,4,2.5
VFLM 4992,29,22,0,6,2,2.75
VFLM 4992,30,17,1,5,3,2.125
VFLM 4993,1,24,0,4,4,3.0
VFLM 4993,2,17,1,1,7,2.125
VFLM 4993,3,18,0,4,4,2.25
VFLM 4993,4,18,0,6,2,2.25
VFLM 4993,5,27,1,3,5,3.375
VFLM 4993,6,19,1,5,3,2.375
VFLM 4993,7,13,1,3,5,1.625
VFLM 4993,8,23,1,5,3,2.875
VFLM 4993,9,26,0,2,6,3.25
VFLM 4993,10,14,0,6,2,1.75
VFLM 4993,11,24,0,6,2,3.0
VFLM 4993,12,21,1,3,5,2.625
VFLM 4993,13,18,0,4,4,2.25
VFLM 4993,14,19,1,3,5,2.375
VFLM 4993,15,19,1,5,3,2.375
VFLM 4993,16,23,1,5,3,2.875
VFLM 4993,17,21,1,3,5,2.625
VFLM 4993,18,26,0,4,4,3.25
VFLM 4993,19,21,1,5,3,2.625
VFLM 4993,20,20,0,6,2,2.5
VFLM 4993,21,25,1,5,3,3.125
VFLM 4993,22,25,1,3,5,3.125
VFLM 4993,23,23,1,3,5,2.875
VFLM 4993,24,21,1,3,5,2.625
VFLM 4993,25,18,0,4,4,2.25
VFLM 4993,26,26,0,2,6,3.25
VFLM 4993,27,23,1,3,5,2.875
VFLM 4993,28,20,0,4,4,2.5
VFLM 4993,29,15,1,3,5,1.875
VFLM 4993,30,21,1,7,1,2.625
VFLM 4994,1,19,1,3,5,2.375
VFLM 4994,2,14,0,6,2,1.75
VFLM 4994,3,23,1,5,3,2.875
VFLM 4994,4,17,1,5,3,2.125
VFLM 4994,5,22,0,4,4,2.75
VFLM 4994,6,23,1,3,5,2.875
VFLM 4994,7,17,1,3,5,2.125
VFLM 4994,8,24,0,6,2,3.0
VFLM 4994,9,21,1,5,3,2.625
VFLM 4994,10,19,1,3,5,2.375
VFLM 4994,11,28,0,4,4,3.5
VFLM 4994,12,20,0,6,2,2.5
VFLM 4994,13,20,0,4,4,2.5
VFLM 4994,14,23,1,3,5,2.875
VFLM 4994,15,17,1,3,5,2.125
VFLM 4994,16,25,1,5,3,3.125
VFLM 4994,17,25,1,1,7,3.125
VFLM 4994,18,23,1,3,5,2.875
VFLM 4994,19,28,0,4,4,3.5
VFLM 4994,20,21,1,5,3,2.625
VFLM 4994,21,20,0,2,6,2.5
VFLM 4994,22,17,1,5,3,2.125
VFLM 4994,23,24,0,8,0,3.0
VFLM 4994,24,20,0,2,6,2.5
VFLM 4994,25,17,1,7,1,2.125
VFLM 4994,26,24,0,4,4,3.0
VFLM 4994,27,24,0,6,2,3.0
VFLM 4994,28,13,1,3,5,1.625
VFLM 4994,29,16,0,4,4,2.0
VFLM 4994,30,19,1,3,5,2.375
VFLM 4995,1,34,0,4,4,4.25
VFLM 4995,2,27,1,5,3,3.375
VFLM 4995,3,22,0,2,6,2.75
VFLM 4995,4,16,0,4,4,2.0
VFLM 4995,5,17,1,5,3,2.125
VFLM 4995,6,17,1,3,5,2.125
VFLM 4995,7,20,0,4,4,2.5
VFLM 4995,8,15,1,5,3,1.875
VFLM 4995,9,22,0,4,4,2.75
VFLM 4995,10,21,1,5,3,2.625
VFLM 4995,11,16,0,4,4,2.0
VFLM 4995,12,24,0,6,2,3.0
VFLM 4995,13,33,1,3,5,4.125
VFLM 4995,14,26,0,4,4,3.25
VFLM 4995,15,22,0,4,4,2.75
VFLM 4995,16,12,0,4,4,1.5
VFLM 4995,17,17,1,3,5,2.125
VFLM 4995,18,20,0,4,4,2.5
VFLM 4995,19,21,1,5,3,2.625
VFLM 4995,20,21,1,5,3,2.625
VFLM 4995,21,23,1,5,3,2.875
VFLM 4995,22,24,0,4,4,3.0
VFLM 4995,23,19,1,5,3,2.375
VFLM 4995,24,14,0,4,4,1.75
VFLM 4995,25,21,1,5,3,2.625
VFLM 4995,26,26,0,8,0,3.25
VFLM 4995,27,21,1,3,5,2.625
VFLM 4995,28,24,0,4,4,3.0
VFLM 4995,29,28,0,4,4,3.5
VFLM 4995,30,27,1,5,3,3.375
VFLM 4996,1,14,0,4,4,1.75
VFLM 4996,2,17,1,5,3,2.125
VFLM 4996,3,31,1,5,3,3.875
VFLM 4996,4,23,1,1,7,2.875
VFLM 4996,5,15,1,5,3,1.875
VFLM 4996,6,20,0,6,2,2.5
VFLM 4996,7,27,1,5,3,3.375
VFLM 4996,8,26,0,4,4,3.25
VFLM 4996,9,29,1,3,5,3.625
VFLM 4996,10,19,1,3,5,2.375
VFLM 4996,11,22,0,4,4,2.75
VFLM 4996,12,22,0,4,4,2.75
VFLM 4996,13,19,1,3,5,2.375
VFLM 4996,14,17,1,5,3,2.125
VFLM 4996,15,27,1,5,3,3.375
VFLM 4996,16,17,1,3,5,2.125
VFLM 4996,17,18,0,2,6,2.25
VFLM 4996,18,21,1,3,5,2.625
VFLM 4996,19,20,0,2,6,2.5
VFLM 4996,20,23,1,5,3,2.875
VFLM 4996,21,23,1,7,1,2.875
VFLM 4996,22,23,1,5,3,2.875
VFLM 4996,23,24,0,6,2,3.0
VFLM 4996,24,25,1,3,5,3.125
VFLM 4996,25,19,1,5,3,2.375
VFLM 4996,26,23,1,3,5,2.875
VFLM 4996,27,17,1,5,3,2.125
VFLM 4996,28,17,1,3,5,2.125
VFLM 4996,29,16,0,2,6,2.0
VFLM 4996,30,25,1,3,5,3.125
VFLM 4997,1,25,1,5,3,3.125
VFLM 4997,2,27,1,3,5,3.375
VFLM 4997,3,16,0,6,2,2.0
VFLM 4997,4,22,0,4,4,2.75
VFLM 4997,5,19,1,7,1,2.375
VFLM 4997,6,18,0,4,4,2.25
VFLM 4997,7,24,0,4,4,3.0
VFLM 4997,8,28,0,4,4,3.5
VFLM 4997,9,20,0,6,2,2.5
VFLM 4997,10,17,1,3,5,2.125
VFLM 4997,11,22,0,2,6,2.75
VFLM 4997,12,26,0,4,4,3.25
VFLM 4997,13,28,0,4,4,3.5
VFLM 4997,14,17,1,7,1,2.125
VFLM 4997,15,19,1,5,3,2.375
VFLM 4997,16,20,0,2,6,2.5
VFLM 4997,17,24,0,4,4,3.0
VFLM 4997,18,15,1,5,3,1.875
VFLM 4997,19,24,0,2,6,3.0
VFLM 4997,20,22,0,6,2,2.75
VFLM 4997,21,24,0,2,6,3.0
VFLM 4997,22,21,1,3,5,2.625
VFLM 4997,23,17,1,3,5,2.125
VFLM 4997,24,23,1,5,3,2.875
VFLM 4997,25,24,0,0,8,3.0
VFLM 4997,26,19,1,3,5,2.375
VFLM 4997,27,22,0,6,2,2.75
VFLM 4997,28,14,0,4,4,1.75
VFLM 4997,29,20,0,4,4,2.5
VFLM 4997,30,13,1,5,3,1.625
VFLM 4998,1,23,1,5,3,2.875
VFLM 4998,2,18,0,2,6,2.25
VFLM 4998,3,26,0,4,4,3.25
VFLM 4998,4,16,0,4,4,2.0
VFLM 4998,5,19,1,3,5,2.375
VFLM 4998,6,17,1,3,5,2.125
VFLM 4998,7,16,0,6,2,2.0
VFLM 4998,8,20,0,4,4,2.5
VFLM 4998,9,29,1,5,3,3.625
VFLM 4998,10,18,0,4,4,2.25
VFLM 4998,11,18,0,4,4,2.25
VFLM 4998,12,19,1,5,3,2.375
VFLM 4998,13,18,0,2,6,2.25
VFLM 4998,14,17,1,3,5,2.125
VFLM 4998,15,24,0,4,4,3.0
VFLM 4998,16,24,0,4,4,3.0
VFLM 4998,17,21,1,7,1,2.625
VFLM 4998,18,20,0,0,8,2.5
VFLM 4998,19,21,1,5,3,2.625
VFLM 4998,20,19,1,5,3,2.375
VFLM 4998,21,24,0,2,6,3.0
VFLM 4998,22,20,0,4,4,2.5
VFLM 4998,23,25,1,5,3,3.125
VFLM 4998,24,24,0,6,2,3.0
VFLM 4998,25,22,0,6,2,2.75
VFLM 4998,26,26,0,4,4,3.25
VFLM 4998,27,25,1,5,3,3.125
VFLM 4998,28,26,0,4,4,3.25
VFLM 4998,29,21,1,7,1,2.625
VFLM 4998,30,25,1,3,5,3.125
VFLM 4999,1,23,1,5,3,2.875
VFLM 4999,2,20,0,4,4,2.5
VFLM 4999,3,17,1,5,3,2.125
VFLM 4999,4,26,0,8,0,3.25
VFLM 4999,5,21,1,5,3,2.625
VFLM 4999,6,27,1,5,3,3.375
VFLM 4999,7,19,1,5,3,2.375
VFLM 4999,8,18,0,2,6,2.25
VFLM 4999,9,26,0,4,4,3.25
VFLM 4999,10,17,1,5,3,2.125
VFLM 4999,11,15,1,1,7,1.875
VFLM 4999,12,25,1,3,5,3.125
VFLM 4999,13,16,0,4,4,2.0
VFLM 4999,14,22,0,4,4,2.75
VFLM 4999,15,16,0,4,4,2.0
VFLM 4999,16,16,0,4,4,2.0
VFLM 4999,17,16,0,4,4,2.0
VFLM 4999,18,29,1,3,5,3.625
VFLM 4999,19,23,1,5,3,2.875
VFLM 4999,20,19,1,3,5,2.375
VFLM 4999,21,17,1,5,3,2.125
VFLM 4999,22,24,0,4,4,3.0
VFLM 4999,23,20,0,6,2,2.5
VFLM 4999,24,28,0,4,4,3.5
VFLM 4999,25,19,1,5,3,2.375
VFLM 4999,26,17,1,1,7,2.125
VFLM 4999,27,18,0,2,6,2.25
VFLM 4999,28,17,1,1,7,2.125
VFLM 4999,29,20,0,4,4,2.5
VFLM 4999,30,20,0,6,2,2.5
VFLM 5000,1,16,0,4,4,2.0
VFLM 5000,2,22,0,4,4,2.75
VFLM 5000,3,25,1,3,5,3.125
VFLM 5000,4,24,0,4,4,3.0
VFLM 5000,5,22,0,2,6,2.75
VFLM 5000,6,19,1,3,5,2.375
VFLM 5000,7,17,1,7,1,2.125
VFLM 5000,8,23,1,3,5,2.875
VFLM 5000,9,20,0,4,4,2.5
VFLM 5000,10,24,0,6,2,3.0
VFLM 5000,11,26,0,2,6,3.25
VFLM 5000,12,23,1,5,3,2.875
VFLM 5000,13,17,1,5,3,2.125
VFLM 5000,14,15,1,3,5,1.875
VFLM 5000,15,19,1,3,5,2.375
VFLM 5000,16,27,1,7,1,3.375
VFLM 5000,17,18,0,2,6,2.25
VFLM 5000,18,24,0,4,4,3.0
VFLM 5000,19,20,0,4,4,2.5
VFLM 5000,20,19,1,5,3,2.375
VFLM 5000,21,22,0,2,6,2.75
VFLM 5000,22,17,1,3,5,2.125
VFLM 5000,23,26,0,2,6,3.25
VFLM 5000,24,20,0,4,4,2.5
VFLM 5000,25,19,1,5,3,2.375
VFLM 5000,26,22,0,4,4,2.75
VFLM 5000,27,14,0,6,2,1.75
VFLM 5000,28,20,0,6,2,2.5
VFLM 5000,29,18,0,4,4,2.25
VFLM 5000,30,18,0,4,4,2.25
VFLM 5001,1,24,0,2,6,3.0
VFLM 5001,2,21,1,3,5,2.625
VFLM 5001,3,33,1,5,3,4.125
VFLM 5001,4,21,1,3,5,2.625
VFLM 5001,5,24,0,4,4,3.0
VFLM 5001,6,24,0,6,2,3.0
VFLM 5001,7,20,0,4,4,2.5
VFLM 5001,8,26,0,4,4,3.25
VFLM 5001,9,26,0,6,2,3.25
VFLM 5001,10,19,1,1,7,2.375
VFLM 5001,11,18,0,4,4,2.25
VFLM 5001,12,27,1,5,3,3.375
VFLM 5001,13,26,0,8,0,3.25
VFLM 5001,14,18,0,2,6,2.25
VFLM 5001,15,15,1,3,5,1.875
VFLM 5001,16,22,0,4,4,2.75
VFLM 5001,17,26,0,6,2,3.25
VFLM 5001,18,27,1,3,5,3.375
VFLM 5001,19,27,1,3,5,3.375
VFLM 5001,20,24,0,6,2,3.0
VFLM 5001,21,19,1,5,3,2.375
VFLM 5001,22,20,0,6,2,2.5
VFLM 5001,23,17,1,3,5,2.125
VFLM 5001,24,20,0,2,6,2.5
VFLM 5001,25,17,1,5,3,2.125
VFLM 5001,26,13,1,3,5,1.625
VFLM 5001,27,20,0,6,2,2.5
VFLM 5001,28,15,1,3,5,1.875
VFLM 5001,29,23,1,5,3,2.875
VFLM 5001,30,23,1,3,5,2.875
VFLM 5002,1,28,0,4,4,3.5
VFLM 5002,2,29,1,5,3,3.625
VFLM 5002,3,18,0,6,2,2.25
VFLM 5002,4,17,1,5,3,2.125
VFLM 5002,5,19,1,5,3,2.375
VFLM 5002,6,21,1,3,5,2.625
VFLM 5002,7,24,0,4,4,3.0
VFLM 5002,8,16,0,4,4,2.0
VFLM 5002,9,19,1,7,1,2.375
VFLM 5002,10,28,0,4,4,3.5
VFLM 5002,11,19,1,3,5,2.375
VFLM 5002,12,23,1,3,5,2.875
VFLM 5002,13,20,0,6,2,2.5
VFLM 5002,14,22,0,4,4,2.75
VFLM 5002,15,19,1,5,3,2.375
VFLM 5002,16,18,0,4,4,2.25
VFLM 5002,17,24,0,6,2,3.0
VFLM 5002,18,25,1,3,5,3.125
VFLM 5002,19,22,0,4,4,2.75
VFLM 5002,20,22,0,4,4,2.75
VFLM 5002,21,35,1,3,5,4.375
VFLM 5002,22,12,0,4,4,1.5
VFLM 5002,23,20,0,4,4,2.5
VFLM 5002,24,20,0,4,4,2.5
VFLM 5002,25,29,1,1,7,3.625
VFLM 5002,26,17,1,1,7,2.125
VFLM 5002,27,25,1,5,3,3.125
VFLM 5002,28,19,1,1,7,2.375
VFLM 5002,29,23,1,3,5,2.875
VFLM 5002,30,22,0,2,6,2.75
VFLM 5003,1,24,0,4,4,3.0
VFLM 5003,2,24,0,2,6,3.0
VFLM 5003,3,13,1,3,5,1.625
VFLM 5003,4,22,0,2,6,2.75
VFLM 5003,5,25,1,3,5,3.125
VFLM 5003,6,25,1,1,7,3.125
VFLM 5003,7,21,1,7,1,2.625
VFLM 5003,8,21,1,7,1,2.625
VFLM 5003,9,22,0,4,4,2.75
VFLM 5003,10,21,1,3,5,2.625
VFLM 5003,11,22,0,4,4,2.75
VFLM 5003,12,17,1,5,3,2.125
VFLM 5003,13,15,1,5,3,1.875
VFLM 5003,14,19,1,3,5,2.375
VFLM 5003,15,21,1,5,3,2.625
VFLM 5003,16,24,0,4,4,3.0
VFLM 5003,17,16,0,4,4,2.0
VFLM 5003,18,23,1,3,5,2.875
VFLM 5003,19,20,0,6,2,2.5
VFLM 5003,20,24,0,4,4,3.0
VFLM 5003,21,23,1,3,5,2.875
VFLM 5003,22,19,1,5,3,2.375
VFLM 5003,23,17,1,3,5,2.125
VFLM 5003,24,10,0,6,2,1.25
VFLM 5003,25,17,1,3,5,2.125
VFLM 5003,26,23,1,3,5,2.875
VFLM 5003,27,14,0,4,4,1.75
VFLM 5003,28,30,0,4,4,3.75
VFLM 5003,29,21,1,7,1,2.625
VFLM 5003,30,21,1,3,5,2.625
VFLM 5004,1,26,0,4,4,3.25
VFLM 5004,2,22,0,4,4,2.75
VFLM 5004,3,28,0,6,2,3.5
VFLM 5004,4,19,1,1,7,2.375
VFLM 5004,5,16,0,2,6,2.0
VFLM 5004,6,21,1,5,3,2.625
VFLM 5004,7,20,0,4,4,2.5
VFLM 5004,8,24,0,4,4,3.0
VFLM 5004,9,21,1,5,3,2.625
VFLM 5004,10,14,0,4,4,1.75
VFLM 5004,11,21,1,5,3,2.625
VFLM 5004,12,22,0,4,4,2.75
VFLM 5004,13,18,0,4,4,2.25
VFLM 5004,14,9,1,5,3,1.125
VFLM 5004,15,17,1,5,3,2.125
VFLM 5004,16,19,1,5,3,2.375
VFLM 5004,17,24,0,6,2,3.0
VFLM 5004,18,24,0,4,4,3.0
VFLM 5004,19,24,0,2,6,3.0
VFLM 5004,20,15,1,7,1,1.875
VFLM 5004,21,17,1,1,7,2.125
VFLM 5004,22,17,1,5,3,2.125
VFLM 5004,23,19,1,5,3,2.375
VFLM 5004,24,25,1,5,3,3.125
VFLM 5004,25,23,1,3,5,2.875
VFLM 5004,26,17,1,5,3,2.125
VFLM 5004,27,21,1,5,3,2.625
VFLM 5004,28,24,0,4,4,3.0
VFLM 5004,29,18,0,4,4,2.25
VFLM 5004,30,26,0,2,6,3.25
VFLM 5005,1,29,1,3,5,3.625
VFLM 5005,2,30,0,4,4,3.75
VFLM 5005,3,20,0,4,4,2.5
VFLM 5005,4,22,0,4,4,2.75
VFLM 5005,5,18,0,2,6,2.25
VFLM 5005,6,19,1,5,3,2.375
VFLM 5005,7,28,0,4,4,3.5
VFLM 5005,8,20,0,4,4,2.5
VFLM 5005,9,19,1,3,5,2.375
VFLM 5005,10,25,1,5,3,3.125
VFLM 5005,11,17,1,3,5,2.125
VFLM 5005,12,23,1,3,5,2.875
VFLM 5005,13,24,0,4,4,3.0
VFLM 5005,14,21,1,3,5,2.625
VFLM 5005,15,17,1,3,5,2.125
VFLM 5005,16,14,0,4,4,1.75
VFLM 5005,17,13,1,5,3,1.625
VFLM 5005,18,24,0,4,4,3.0
VFLM 5005,19,18,0,6,2,2.25
VFLM 5005,20,20,0,6,2,2.5
VFLM 5005,21,18,0,2,6,2.25
VFLM 5005,22,18,0,2,6,2.25
VFLM 5005,23,23,1,3,5,2.875
VFLM 5005,24,16,0,6,2,2.0
VFLM 5005,25,15,1,5,3,1.875
VFLM 5005,26,17,1,5,3,2.125
VFLM 5005,27,18,0,4,4,2.25
VFLM 5005,28,19,1,3,5,2.375
VFLM 5005,29,18,0,2,6,2.25
VFLM 5005,30,22,0,4,4,2.75
VFLM 5006,1,18,0,4,4,2.25
VFLM 5006,2,25,1,5,3,3.125
VFLM 5006,3,16,0,2,6,2.0
VFLM 5006,4,24,0,4,4,3.0
VFLM 5006,5,14,0,4,4,1.75
VFLM 5006,6,23,1,5,3,2.875
VFLM 5006,7,25,1,5,3,3.125
VFLM 5006,8,24,0,2,6,3.0
VFLM 5006,9,20,0,2,6,2.5
VFLM 5006,10,24,0,4,4,3.0
VFLM 5006,11,21,1,3,5,2.625
VFLM 5006,12,24,0,4,4,3.0
VFLM 5006,13,24,0,2,6,3.0
VFLM 5006,14,17,1,5,3,2.125
VFLM 5006,15,18,0,4,4,2.25
VFLM 5006,16,16,0,6,2,2.0
VFLM 5006,17,19,1,7,1,2.375
VFLM 5006,18,15,1,3,5,1.875
VFLM 5006,19,17,1,5,3,2.125
VFLM 5006,20,25,1,3,5,3.125
VFLM 5006,21,21,1,3,5,2.625
VFLM 5006,22,21,1,3,5,2.625
VFLM 5006,23,15,1,5,3,1.875
VFLM 5006,24,17,1,3,5,2.125
VFLM 5006,25,19,1,5,3,2.375
VFLM 5006,26,22,0,4,4,2.75
VFLM 5006,27,20,0,4,4,2.5
VFLM 5006,28,22,0,4,4,2.75
VFLM 5006,29,21,1,3,5,2.625
VFLM 5006,30,20,0,4,4,2.5
VFLM 5007,1,24,0,4,4,3.0
VFLM 5007,2,21,1,5,3,2.625
VFLM 5007,3,25,1,3,5,3.125
VFLM 5007,4,20,0,4,4,2.5
VFLM 5007,5,8,0,2,6,1.0
VFLM 5007,6,19,1,5,3,2.375
VFLM 5007,7,22,0,2,6,2.75
VFLM 5007,8,15,1,3,5,1.875
VFLM 5007,9,22,0,4,4,2.75
VFLM 5007,10,16,0,6,2,2.0
VFLM 5007,11,25,1,5,3,3.125
VFLM 5007,12,15,1,5,3,1.875
VFLM 5007,13,18,0,4,4,2.25
VFLM 5007,14,19,1,3,5,2.375
VFLM 5007,15,29,1,5,3,3.625
VFLM 5007,16,14,0,4,4,1.75
VFLM 5007,17,29,1,1,7,3.625
VFLM 5007,18,30,0,4,4,3.75
VFLM 5007,19,22,0,2,6,2.75
VFLM 5007,20,23,1,3,5,2.875
VFLM 5007,21,17,1,5,3,2.125
VFLM 5007,22,14,0,6,2,1.75
VFLM 5007,23,23,1,5,3,2.875
VFLM 5007,24,16,0,4,4,2.0
VFLM 5007,25,22,0,4,4,2.75
VFLM 5007,26,20,0,2,6,2.5
VFLM 5007,27,26,0,4,4,3.25
VFLM 5007,28,34,0,4,4,4.25
VFLM 5007,29,16,0,4,4,2.0
VFLM 5007,30,15,1,5,3,1.875
VFLM 5008,1,21,1,5,3,2.625
VFLM 5008,2,24,0,6,2,3.0
VFLM 5008,3,18,0,4,4,2.25
VFLM 5008,4,19,1,3,5,2.375
VFLM 5008,5,19,1,1,7,2.375
VFLM 5008,6,21,1,3,5,2.625
VFLM 5008,7,15,1,3,5,1.875
VFLM 5008,8,18,0,4,4,2.25
VFLM 5008,9,23,1,3,5,2.875
VFLM 5008,10,20,0,4,4,2.5
VFLM 5008,11,25,1,5,3,3.125
VFLM 5008,12,25,1,5,3,3.125
VFLM 5008,13,18,0,2,6,2.25
VFLM 5008,14,26,0,4,4,3.25
VFLM 5008,15,25,1,5,3,3.125
VFLM 5008,16,20,0,4,4,2.5
VFLM 5008,17,22,0,2,6,2.75
VFLM 5008,18,30,0,4,4,3.75
VFLM 5008,19,29,1,3,5,3.625
VFLM 5008,20,20,0,4,4,2.5
VFLM 5008,21,24,0,4,4,3.0
VFLM 5008,22,11,1,5,3,1.375
VFLM 5008,23,18,0,2,6,2.25
VFLM 5008,24,20,0,4,4,2.5
VFLM 5008,25,19,1,1,7,2.375
VFLM 5008,26,23,1,5,3,2.875
VFLM 5008,27,23,1,5,3,2.875
VFLM 5008,28,16,0,4,4,2.0
VFLM 5008,29,19,1,1,7,2.375
VFLM 5008,30,25,1,5,3,3.125
VFLM 5009,1,20,0,4,4,2.5
VFLM 5009,2,20,0,6,2,2.5
VFLM 5009,3,22,0,4,4,2.75
VFLM 5009,4,27,1,3,5,3.375
VFLM 5009,5,14,0,4,4,1.75
VFLM 5009,6,22,0,2,6,2.75
VFLM 5009,7,19,1,3,5,2.375
VFLM 5009,8,18,0,4,4,2.25
VFLM 5009,9,27,1,3,5,3.375
VFLM 5009,10,20,0,4,4,2.5
VFLM 5009,11,25,1,5,3,3.125
VFLM 5009,12,21,1,3,5,2.625
VFLM 5009,13,25,1,3,5,3.125
VFLM 5009,14,20,0,4,4,2.5
VFLM 5009,15,22,0,2,6,2.75
VFLM 5009,16,19,1,3,5,2.375
VFLM 5009,17,21,1,1,7,2.625
VFLM 5009,18,20,0,4,4,2.5
VFLM 5009,19,14,0,4,4,1.75
VFLM 5009,20,22,0,6,2,2.75
VFLM 5009,21,25,1,3,5,3.125
VFLM 5009,22,20,0,4,4,2.5
VFLM 5009,23,15,1,3,5,1.875
VFLM 5009,24,22,0,4,4,2.75
VFLM 5009,25,21,1,5,3,2.625
VFLM 5009,26,19,1,5,3,2.375
VFLM 5009,27,12,0,4,4,1.5
VFLM 5009,28,23,1,3,5,2.875
VFLM 5009,29,27,1,3,5,3.375
VFLM 5009,30,17,1,3,5,2.125
VFLM 5010,1,15,1,1,7,1.875
VFLM 5010,2,30,0,4,4,3.75
VFLM 5010,3,20,0,2,6,2.5
VFLM 5010,4,17,1,1,7,2.125
VFLM 5010,5,24,0,4,4,3.0
VFLM 5010,6,27,1,5,3,3.375
VFLM 5010,7,26,0,2,6,3.25
VFLM 5010,8,26,0,4,4,3.25
VFLM 5010,9,22,0,4,4,2.75
VFLM 5010,10,25,1,5,3,3.125
VFLM 5010,11,26,0,4,4,3.25
VFLM 5010,12,20,0,6,2,2.5
VFLM 5010,13,19,1,3,5,2.375
VFLM 5010,14,33,1,3,5,4.125
VFLM 5010,15,20,0,4,4,2.5
VFLM 5010,16,23,1,1,7,2.875
VFLM 5010,17,22,0,6,2,2.75
VFLM 5010,18,25,1,5,3,3.125
VFLM 5010,19,24,0,6,2,3.0
VFLM 5010,20,23,1,5,3,2.875
VFLM 5010,21,19,1,3,5,2.375
VFLM 5010,22,18,0,6,2,2.25
VFLM 5010,23,25,1,7,1,3.125
VFLM 5010,24,14,0,6,2,1.75
VFLM 5010,25,26,0,4,4,3.25
VFLM 5010,26,14,0,2,6,1.75
VFLM 5010,27,22,0,2,6,2.75
VFLM 5010,28,18,0,2,6,2.25
VFLM 5010,29,20,0,4,4,2.5
VFLM 5010,30,25,1,5,3,3.125
VFLM 5011,1,24,0,4,4,3.0
VFLM 5011,2,15,1,3,5,1.875
VFLM 5011,3,19,1,1,7,2.375
VFLM 5011,4,21,1,3,5,2.625
VFLM 5011,5,23,1,3,5,2.875
VFLM 5011,6,25,1,5,3,3.125
VFLM 5011,7,31,1,3,5,3.875
VFLM 5011,8,22,0,2,6,2.75
VFLM 5011,9,24,0,4,4,3.0
VFLM 5011,10,20,0,2,6,2.5
VFLM 5011,11,19,1,3,5,2.375
VFLM 5011,12,22,0,2,6,2.75
VFLM 5011,13,16,0,6,2,2.0
VFLM 5011,14,17,1,5,3,2.125
VFLM 5011,15,26,0,4,4,3.25
VFLM 5011,16,29,1,3,5,3.625
VFLM 5011,17,18,0,4,4,2.25
VFLM 5011,18,16,0,4,4,2.0
VFLM 5011,19,20,0,4,4,2.5
VFLM 5011,20,24,0,4,4,3.0
VFLM 5011,21,19,1,3,5,2.375
VFLM 5011,22,13,1,5,3,1.625
VFLM 5011,23,21,1,3,5,2.625
VFLM 5011,24,24,0,4,4,3.0
VFLM 5011,25,26,0,4,4,3.25
VFLM 5011,26,20,0,2,6,2.5
VFLM 5011,27,21,1,7,1,2.625
VFLM 5011,28,13,1,3,5,1.625
VFLM 5011,29,17,1,5,3,2.125
VFLM 5011,30,21,1,3,5,2.625
VFLM 5012,1,23,1,5,3,2.875
VFLM 5012,2,26,0,4,4,3.25
VFLM 5012,3,21,1,5,3,2.625
VFLM 5012,4,23,1,3,5,2.875
VFLM 5012,5,17,1,5,3,2.125
VFLM 5012,6,10,0,6,2,1.25
VFLM 5012,7,28,0,2,6,3.5
VFLM 5012,8,20,0,4,4,2.5
VFLM 5012,9,26,0,4,4,3.25
VFLM 5012,10,18,0,4,4,2.25
VFLM 5012,11,21,1,5,3,2.625
VFLM 5012,12,27,1,5,3,3.375
VFLM 5012,13,24,0,6,2,3.0
VFLM 5012,14,17,1,3,5,2.125
VFLM 5012,15,21,1,3,5,2.625
VFLM 5012,16,28,0,4,4,3.5
VFLM 5012,17,25,1,1,7,3.125
VFLM 5012,18,16,0,6,2,2.0
VFLM 5012,19,26,0,8,0,3.25
VFLM 5012,20,16,0,6,2,2.0
VFLM 5012,21,24,0,4,4,3.0
VFLM 5012,22,24,0,2,6,3.0
VFLM 5012,23,24,0,4,4,3.0
VFLM 5012,24,16,0,6,2,2.0
VFLM 5012,25,28,0,4,4,3.5
VFLM 5012,26,21,1,5,3,2.625
VFLM 5012,27,23,1,3,5,2.875
VFLM 5012,28,18,0,2,6,2.25
VFLM 5012,29,26,0,6,2,3.25
VFLM 5012,30,33,1,5,3,4.125
VFLM 5013,1,25,1,3,5,3.125
VFLM 5013,2,20,0,4,4,2.5
VFLM 5013,3,26,0,4,4,3.25
VFLM 5013,4,29,1,3,5,3.625
VFLM 5013,5,25,1,3,5,3.125
VFLM 5013,6,21,1,5,3,2.625
VFLM 5013,7,23,1,3,5,2.875
VFLM 5013,8,20,0,6,2,2.5
VFLM 5013,9,21,1,3,5,2.625
VFLM 5013,10,24,0,6,2,3.0
VFLM 5013,11,25,1,3,5,3.125
VFLM 5013,12,19,1,3,5,2.375
VFLM 5013,13,18,0,6,2,2.25
VFLM 5013,14,27,1,5,3,3.375
VFLM 5013,15,26,0,4,4,3.25
VFLM 5013,16,21,1,5,3,2.625
VFLM 5013,17,20,0,4,4,2.5
VFLM 5013,18,26,0,2,6,3.25
VFLM 5013,19,21,1,3,5,2.625
VFLM 5013,20,23,1,7,1,2.875
VFLM 5013,21,14,0,2,6,1.75
VFLM 5013,22,18,0,2,6,2.25
VFLM 5013,23,23,1,3,5,2.875
VFLM 5013,24,17,1,5,3,2.125
VFLM 5013,25,19,1,5,3,2.375
VFLM 5013,26,13,1,3,5,1.625
VFLM 5013,27,20,0,4,4,2.5
VFLM 5013,28,25,1,5,3,3.125
VFLM 5013,29,20,0,2,6,2.5
VFLM 5013,30,28,0,4,4,3.5
VFLM 5014,1,22,0,4,4,2.75
VFLM 5014,2,26,0,2,6,3.25
VFLM 5014,3,31,1,5,3,3.875
VFLM 5014,4,25,1,5,3,3.125
VFLM 5014,5,20,0,2,6,2.5
VFLM 5014,6,25,1,5,3,3.125
VFLM 5014,7,15,1,3,5,1.875
VFLM 5014,8,23,1,3,5,2.875
VFLM 5014,9,11,1,3,5,1.375
VFLM 5014,10,24,0,4,4,3.0
VFLM 5014,11,19,1,5,3,2.375
VFLM 5014,12,19,1,3,5,2.375
VFLM 5014,13,25,1,5,3,3.125
VFLM 5014,14,19,1,3,5,2.375
VFLM 5014,15,13,1,5,3,1.625
VFLM 5014,16,30,0,4,4,3.75
VFLM 5014,17,19,1,5,3,2.375
VFLM 5014,18,31,1,7,1,3.875
VFLM 5014,19,19,1,5,3,2.375
VFLM 5014,20,21,1,5,3,2.625
VFLM 5014,21,21,1,3,5,2.625
VFLM 5014,22,22,0,2,6,2.75
VFLM 5014,23,14,0,6,2,1.75
VFLM 5014,24,21,1,3,5,2.625
VFLM 5014,25,23,1,5,3,2.875
VFLM 5014,26,24,0,4,4,3.0
VFLM 5014,27,19,1,5,3,2.375
VFLM 5014,28,23,1,3,5,2.875
VFLM 5014,29,17,1,5,3,2.125
VFLM 5014,30,17,1,3,5,2.125
VFLM 5015,1,16,0,2,6,2.0
VFLM 5015,2,24,0,4,4,3.0
VFLM 5015,3,24,0,4,4,3.0
VFLM 5015,4,22,0,4,4,2.75
VFLM 5015,5,29,1,1,7,3.625
VFLM 5015,6,21,1,3,5,2.625
VFLM 5015,7,25,1,5,3,3.125
VFLM 5015,8,26,0,4,4,3.25
VFLM 5015,9,21,1,3,5,2.625
VFLM 5015,10,18,0,4,4,2.25
VFLM 5015,11,16,0,4,4,2.0
VFLM 5015,12,22,0,6,2,2.75
VFLM 5015,13,15,1,5,3,1.875
VFLM 5015,14,16,0,4,4,2.0
VFLM 5015,15,21,1,5,3,2.625
VFLM 5015,16,19,1,5,3,2.375
VFLM 5015,17,14,0,4,4,1.75
VFLM 5015,18,22,0,2,6,2.75
VFLM 5015,19,22,0,6,2,2.75
VFLM 5015,20,22,0,2,6,2.75
VFLM 5015,21,17,1,5,3,2.125
VFLM 5015,22,24,0,2,6,3.0
VFLM 5015,23,21,1,5,3,2.625
VFLM 5015,24,29,1,3,5,3.625
VFLM 5015,25,21,1,3,5,2.625
VFLM 5015,26,26,0,2,6,3.25
VFLM 5015,27,30,0,6,2,3.75
VFLM 5015,28,16,0,6,2,2.0
VFLM 5015,29,19,1,3,5,2.375
VFLM 5015,30,18,0,4,4,2.25
VFLM 5016,1,21,1,3,5,2.625
VFLM 5016,2,26,0,2,6,3.25
VFLM 5016,3,16,0,6,2,2.0
VFLM 5016,4,19,1,3,5,2.375
VFLM 5016,5,23,1,5,3,2.875
VFLM 5016,6,23,1,7,1,2.875
VFLM 5016,7,24,0,2,6,3.0
VFLM 5016,8,18,0,4,4,2.25
VFLM 5016,9,13,1,3,5,1.625
VFLM 5016,10,21,1,5,3,2.625
VFLM 5016,11,10,0,4,4,1.25
VFLM 5016,12,19,1,5,3,2.375
VFLM 5016,13,18,0,2,6,2.25
VFLM 5016,14,25,1,5,3,3.125
VFLM 5016,15,23,1,3,5,2.875
VFLM 5016,16,17,1,5,3,2.125
VFLM 5016,17,21,1,3,5,2.625
VFLM 5016,18,31,1,3,5,3.875
VFLM 5016,19,26,0,4,4,3.25
VFLM 5016,20,13,1,5,3,1.625
VFLM 5016,21,20,0,6,2,2.5
VFLM 5016,22,23,1,5,3,2.875
VFLM 5016,23,24,0,2,6,3.0
VFLM 5016,24,16,0,2,6,2.0
VFLM 5016,25,22,0,4,4,2.75
VFLM 5016,26,24,0,4,4,3.0
VFLM 5016,27,23,1,5,3,2.875
VFLM 5016,28,21,1,3,5,2.625
VFLM 5016,29,19,1,1,7,2.375
VFLM 5016,30,24,0,4,4,3.0
VFLM 5017,1,29,1,5,3,3.625
VFLM 5017,2,21,1,5,3,2.625
VFLM 5017,3,21,1,5,3,2.625
VFLM 5017,4,17,1,7,1,2.125
VFLM 5017,5,24,0,4,4,3.0
VFLM 5017,6,19,1,3,5,2.375
VFLM 5017,7,23,1,5,3,2.875
VFLM 5017,8,20,0,6,2,2.5
VFLM 5017,9,19,1,3,5,2.375
VFLM 5017,10,26,0,4,4,3.25
VFLM 5017,11,14,0,2,6,1.75
VFLM 5017,12,21,1,5,3,2.625
VFLM 5017,13,13,1,5,3,1.625
VFLM 5017,14,23,1,3,5,2.875
VFLM 5017,15,26,0,4,4,3.25
VFLM 5017,16,25,1,5,3,3.125
VFLM 5017,17,16,0,4,4,2.0
VFLM 5017,18,20,0,4,4,2.5
VFLM 5017,19,15,1,3,5,1.875
VFLM 5017,20,16,0,4,4,2.0
VFLM 5017,21,25,1,1,7,3.125
VFLM 5017,22,17,1,3,5,2.125
VFLM 5017,23,18,0,6,2,2.25
VFLM 5017,24,22,0,4,4,2.75
VFLM 5017,25,27,1,3,5,3.375
VFLM 5017,26,23,1,3,5,2.875
VFLM 5017,27,18,0,4,4,2.25
VFLM 5017,28,28,0,2,6,3.5
VFLM 5017,29,23,1,3,5,2.875
VFLM 5017,30,19,1,5,3,2.375
VFLM 5018,1,20,0,2,6,2.5
VFLM 5018,2,22,0,2,6,2.75
VFLM 5018,3,23,1,5,3,2.875
VFLM 5018,4,14,0,4,4,1.75
VFLM 5018,5,21,1,3,5,2.625
VFLM 5018,6,23,1,3,5,2.875
VFLM 5018,7,17,1,3,5,2.125
VFLM 5018,8,24,0,2,6,3.0
VFLM 5018,9,21,1,5,3,2.625
VFLM 5018,10,26,0,6,2,3.25
VFLM 5018,11,24,0,6,2,3.0
VFLM 5018,12,20,0,4,4,2.5
VFLM 5018,13,18,0,4,4,2.25
VFLM 5018,14,16,0,4,4,2.0
VFLM 5018,15,20,0,2,6,2.5
VFLM 5018,16,23,1,5,3,2.875
VFLM 5018,17,23,1,3,5,2.875
VFLM 5018,18,20,0,2,6,2.5
VFLM 5018,19,20,0,4,4,2.5
VFLM 5018,20,25,1,3,5,3.125
VFLM 5018,21,22,0,4,4,2.75
VFLM 5018,22,28,0,2,6,3.5
VFLM 5018,23,21,1,3,5,2.625
VFLM 5018,24,24,0,4,4,3.0
VFLM 5018,25,24,0,4,4,3.0
VFLM 5018,26,13,1,5,3,1.625
VFLM 5018,27,19,1,3,5,2.375
VFLM 5018,28,23,1,5,3,2.875
VFLM 5018,29,18,0,4,4,2.25
VFLM 5018,30,22,0,4,4,2.75
VFLM 5019,1,24,0,6,2,3.0
VFLM 5019,2,20,0,2,6,2.5
VFLM 5019,3,22,0,4,4,2.75
VFLM 5019,4,18,0,4,4,2.25
VFLM 5019,5,27,1,3,5,3.375
VFLM 5019,6,24,0,6,2,3.0
VFLM 5019,7,23,1,5,3,2.875
VFLM 5019,8,29,1,5,3,3.625
VFLM 5019,9,17,1,5,3,2.125
VFLM 5019,10,18,0,2,6,2.25
VFLM 5019,11,9,1,1,7,1.125
VFLM 5019,12,15,1,3,5,1.875
VFLM 5019,13,23,1,7,1,2.875
VFLM 5019,14,29,1,5,3,3.625
VFLM 5019,15,21,1,3,5,2.625
VFLM 5019,16,15,1,5,3,1.875
VFLM 5019,17,12,0,4,4,1.5
VFLM 5019,18,16,0,2,6,2.0
VFLM 5019,19,33,1,5,3,4.125
VFLM 5019,20,22,0,8,0,2.75
VFLM 5019,21,16,0,4,4,2.0
VFLM 5019,22,25,1,3,5,3.125
VFLM 5019,23,20,0,2,6,2.5
VFLM 5019,24,22,0,6,2,2.75
VFLM 5019,25,21,1,5,3,2.625
VFLM 5019,26,9,1,5,3,1.125
VFLM 5019,27,19,1,5,3,2.375
VFLM 5019,28,18,0,4,4,2.25
VFLM 5019,29,31,1,1,7,3.875
VFLM 5019,30,21,1,3,5,2.625
VFLM 5020,1,14,0,4,4,1.75
VFLM 5020,2,25,1,3,5,3.125
VFLM 5020,3,23,1,1,7,2.875
VFLM 5020,4,19,1,3,5,2.375
VFLM 5020,5,18,0,2,6,2.25
VFLM 5020,6,24,0,4,4,3.0
VFLM 5020,7,18,0,6,2,2.25
VFLM 5020,8,10,0,4,4,1.25
VFLM 5020,9,14,0,4,4,1.75
VFLM 5020,10,17,1,5,3,2.125
VFLM 5020,11,15,1,3,5,1.875
VFLM 5020,12,27,1,3,5,3.375
VFLM 5020,13,23,1,1,7,2.875
VFLM 5020,14,15,1,5,3,1.875
VFLM 5020,15,28,0,4,4,3.5
VFLM 5020,16,19,1,3,5,2.375
VFLM 5020,17,25,1,5,3,3.125
VFLM 5020,18,28,0,4,4,3.5
VFLM 5020,19,21,1,3,5,2.625
VFLM 5020,20,21,1,3,5,2.625
VFLM 5020,21,27,1,5,3,3.375
VFLM 5020,22,23,1,3,5,2.875
VFLM 5020,23,18,0,6,2,2.25
VFLM 5020,24,26,0,6,2,3.25
VFLM 5020,25,21,1,5,3,2.625
VFLM 5020,26,17,1,7,1,2.125
VFLM 5020,27,15,1,3,5,1.875
VFLM 5020,28,24,0,4,4,3.0
VFLM 5020,29,13,1,5,3,1.625
VFLM 5020,30,19,1,3,5,2.375
VFLM 5021,1,17,1,3,5,2.125
VFLM 5021,2,19,1,5,3,2.375
VFLM 5021,3,24,0,2,6,3.0
VFLM 5021,4,19,1,7,1,2.375
VFLM 5021,5,18,0,6,2,2.25
VFLM 5021,6,25,1,3,5,3.125
VFLM 5021,7,19,1,5,3,2.375
VFLM 5021,8,15,1,3,5,1.875
VFLM 5021,9,24,0,4,4,3.0
VFLM 5021,10,13,1,5,3,1.625
VFLM 5021,11,17,1,3,5,2.125
VFLM 5021,12,19,1,5,3,2.375
VFLM 5021,13,24,0,2,6,3.0
VFLM 5021,14,19,1,7,1,2.375
VFLM 5021,15,18,0,6,2,2.25
VFLM 5021,16,25,1,3,5,3.125
VFLM 5021,17,19,1,5,3,2.375
VFLM 5021,18,15,1,3,5,1.875
VFLM 5021,19,24,0,4,4,3.0
VFLM 5021,20,13,1,5,3,1.625
VFLM 5021,21,17,1,3,5,2.125
VFLM 5021,22,19,1,5,3,2.375
VFLM 5021,23,24,0,2,6,3.0
VFLM 5021,24,19,1,7,1,2.375
VFLM 5021,25,18,0,6,2,2.25
VFLM 5021,26,25,1,3,5,3.125
VFLM 5021,27,19,1,5,3,2.375
VFLM 5021,28,15,1,3,5,1.875
VFLM 5021,29,24,0,4,4,3.0
VFLM 5021,30,13,1,5,3,1.625
VFLM 5022,1,20,0,2,6,2.5
VFLM 5022,2,17,1,3,5,2.125
VFLM 5022,3,19,1,5,3,2.375
VFLM 5022,4,20,0,2,6,2.5
VFLM 5022,5,17,1,3,5,2.125
VFLM 5022,6,19,1,5,3,2.375
VFLM 5022,7,24,0,2,6,3.0
VFLM 5022,8,19,1,7,1,2.375
VFLM 5022,9,18,0,6,2,2.25
VFLM 5022,10,25,1,3,5,3.125
VFLM 5022,11,19,1,5,3,2.375
VFLM 5022,12,15,1,3,5,1.875
VFLM 5022,13,24,0,4,4,3.0
VFLM 5022,14,13,1,5,3,1.625
VFLM 5022,15,20,0,2,6,2.5
VFLM 5022,16,17,1,3,5,2.125
VFLM 5022,17,19,1,5,3,2.375
VFLM 5022,18,24,0,2,6,3.0
VFLM 5022,19,19,1,7,1,2.375
VFLM 5022,20,18,0,6,2,2.25
VFLM 5022,21,25,1,3,5,3.125
VFLM 5022,22,19,1,5,3,2.375
VFLM 5022,23,15,1,3,5,1.875
VFLM 5022,24,26,0,2,6,3.25
VFLM 5022,25,13,1,5,3,1.625
VFLM 5022,26,20,0,2,6,2.5
VFLM 5022,27,17,1,3,5,2.125
VFLM 5022,28,19,1,5,3,2.375
VFLM 5022,29,24,0,2,6,3.0
VFLM 5022,30,19,1,7,1,2.375
VFLM 5023,1,18,0,6,2,2.25
VFLM 5023,2,25,1,3,5,3.125
VFLM 5023,3,19,1,5,3,2.375
VFLM 5023,4,22,0,2,6,2.75
VFLM 5023,5,26,0,2,6,3.25
VFLM 5023,6,13,1,5,3,1.625
VFLM 5023,7,20,0,2,6,2.5
VFLM 5023,8,17,1,3,5,2.125
VFLM 5023,9,19,1,5,3,2.375
VFLM 5023,10,24,0,2,6,3.0
VFLM 5023,11,19,1,7,1,2.375
VFLM 5023,12,18,0,6,2,2.25
VFLM 5023,13,25,1,3,5,3.125
VFLM 5023,14,22,0,2,6,2.75
VFLM 5023,15,22,0,2,6,2.75
VFLM 5023,16,26,0,2,6,3.25
VFLM 5023,17,13,1,5,3,1.625
VFLM 5023,18,20,0,2,6,2.5
VFLM 5023,19,17,1,3,5,2.125
VFLM 5023,20,19,1,5,3,2.375
VFLM 5023,21,24,0,2,6,3.0
VFLM 5023,22,19,1,7,1,2.375
VFLM 5023,23,18,0,6,2,2.25
VFLM 5023,24,28,0,4,4,3.5
VFLM 5023,25,22,0,2,6,2.75
VFLM 5023,26,22,0,2,6,2.75
VFLM 5023,27,26,0,2,6,3.25
VFLM 5023,28,13,1,5,3,1.625
VFLM 5023,29,20,0,2,6,2.5
VFLM 5023,30,17,1,3,5,2.125
VFLM 5024,1,19,1,5,3,2.375
VFLM 5024,2,24,0,2,6,3.0
VFLM 5024,3,19,1,7,1,2.375
VFLM 5024,4,14,0,2,6,1.75
VFLM 5024,5,28,0,4,4,3.5
VFLM 5024,6,22,0,2,6,2.75
VFLM 5024,7,22,0,2,6,2.75
VFLM 5024,8,26,0,2,6,3.25
VFLM 5024,9,13,1,5,3,1.625
VFLM 5024,10,20,0,2,6,2.5
VFLM 5024,11,17,1,3,5,2.125
VFLM 5024,12,19,1,5,3,2.375
VFLM 5024,13,24,0,2,6,3.0
VFLM 5024,14,26,0,4,4,3.25
VFLM 5024,15,14,0,2,6,1.75
VFLM 5024,16,28,0,4,4,3.5
VFLM 5024,17,22,0,2,6,2.75
VFLM 5024,18,22,0,2,6,2.75
VFLM 5024,19,26,0,2,6,3.25
VFLM 5024,20,13,1,5,3,1.625
VFLM 5024,21,26,0,4,4,3.25
VFLM 5024,22,14,0,2,6,1.75
VFLM 5024,23,28,0,4,4,3.5
VFLM 5024,24,22,0,2,6,2.75
VFLM 5024,25,22,0,2,6,2.75
VFLM 5024,26,26,0,2,6,3.25
VFLM 5024,27,13,1,5,3,1.625
VFLM 5024,28,20,0,2,6,2.5
VFLM 5024,29,17,1,3,5,2.125
VFLM 5024,30,19,1,5,3,2.375
VFLM 5025,1,23,1,3,5,2.875
VFLM 5025,2,26,0,4,4,3.25
VFLM 5025,3,14,0,2,6,1.75
VFLM 5025,4,28,0,4,4,3.5
VFLM 5025,5,22,0,2,6,2.75
VFLM 5025,6,22,0,2,6,2.75
VFLM 5025,7,26,0,2,6,3.25
VFLM 5025,8,13,1,5,3,1.625
VFLM 5025,9,20,0,2,6,2.5
VFLM 5025,10,17,1,3,5,2.125
VFLM 5025,11,23,1,3,5,2.875
VFLM 5025,12,26,0,4,4,3.25
VFLM 5025,13,14,0,2,6,1.75
VFLM 5025,14,28,0,4,4,3.5
VFLM 5025,15,22,0,2,6,2.75
VFLM 5025,16,22,0,2,6,2.75
VFLM 5025,17,26,0,2,6,3.25
VFLM 5025,18,13,1,5,3,1.625
VFLM 5025,19,20,0,2,6,2.5
VFLM 5025,20,17,1,3,5,2.125
VFLM 5025,21,19,1,3,5,2.375
VFLM 5025,22,23,1,3,5,2.875
VFLM 5025,23,26,0,4,4,3.25
VFLM 5025,24,14,0,2,6,1.75
VFLM 5025,25,28,0,4,4,3.5
VFLM 5025,26,22,0,2,6,2.75
VFLM 5025,27,22,0,2,6,2.75
VFLM 5025,28,26,0,2,6,3.25
VFLM 5025,29,13,1,5,3,1.625
VFLM 5025,30,20,0,2,6,2.5
VFLM 5026,1,19,1,3,5,2.375
VFLM 5026,2,23,1,3,5,2.875
VFLM 5026,3,26,0,4,4,3.25
VFLM 5026,4,14,0,2,6,1.75
VFLM 5026,5,28,0,4,4,3.5
VFLM 5026,6,22,0,2,6,2.75
VFLM 5026,7,22,0,2,6,2.75
VFLM 5026,8,26,0,2,6,3.25
VFLM 5026,9,13,1,5,3,1.625
VFLM 5026,10,20,0,2,6,2.5
VFLM 5026,11,18,0,6,2,2.25
VFLM 5026,12,19,1,3,5,2.375
VFLM 5026,13,23,1,3,5,2.875
VFLM 5026,14,26,0,4,4,3.25
VFLM 5026,15,14,0,2,6,1.75
VFLM 5026,16,28,0,4,4,3.5
VFLM 5026,17,22,0,2,6,2.75
VFLM 5026,18,22,0,2,6,2.75
VFLM 5026,19,26,0,2,6,3.25
VFLM 5026,20,13,1,5,3,1.625
VFLM 5026,21,18,0,6,2,2.25
VFLM 5026,22,19,1,3,5,2.375
VFLM 5026,23,23,1,3,5,2.875
VFLM 5026,24,26,0,4,4,3.25
VFLM 5026,25,14,0,2,6,1.75
VFLM 5026,26,28,0,4,4,3.5
VFLM 5026,27,22,0,2,6,2.75
VFLM 5026,28,22,0,2,6,2.75
VFLM 5026,29,26,0,2,6,3.25
VFLM 5026,30,13,1,5,3,1.625
VFLM 5027,1,18,0,6,2,2.25
VFLM 5027,2,19,1,3,5,2.375
VFLM 5027,3,23,1,3,5,2.875
VFLM 5027,4,26,0,4,4,3.25
VFLM 5027,5,14,0,2,6,1.75
VFLM 5027,6,28,0,4,4,3.5
VFLM 5027,7,22,0,2,6,2.75
VFLM 5027,8,22,0,2,6,2.75
VFLM 5027,9,26,0,2,6,3.25
VFLM 5027,10,13,1,5,3,1.625
VFLM 5027,11,22,0,6,2,2.75
VFLM 5027,12,18,0,6,2,2.25
VFLM 5027,13,19,1,3,5,2.375
VFLM 5027,14,23,1,3,5,2.875
VFLM 5027,15,26,0,4,4,3.25
VFLM 5027,16,14,0,2,6,1.75
VFLM 5027,17,28,0,4,4,3.5
VFLM 5027,18,22,0,2,6,2.75
VFLM 5027,19,22,0,2,6,2.75
VFLM 5027,20,26,0,2,6,3.25
VFLM 5027,21,22,0,6,2,2.75
VFLM 5027,22,18,0,6,2,2.25
VFLM 5027,23,19,1,3,5,2.375
VFLM 5027,24,23,1,3,5,2.875
VFLM 5027,25,26,0,4,4,3.25
VFLM 5027,26,14,0,2,6,1.75
VFLM 5027,27,28,0,4,4,3.5
VFLM 5027,28,22,0,2,6,2.75
VFLM 5027,29,22,0,2,6,2.75
VFLM 5027,30,26,0,2,6,3.25
VFLM 5028,1,22,0,4,4,2.75
VFLM 5028,2,22,0,6,2,2.75
VFLM 5028,3,18,0,6,2,2.25
VFLM 5028,4,19,1,3,5,2.375
VFLM 5028,5,23,1,3,5,2.875
VFLM 5028,6,26,0,4,4,3.25
VFLM 5028,7,14,0,2,6,1.75
VFLM 5028,8,28,0,4,4,3.5
VFLM 5028,9,22,0,2,6,2.75
VFLM 5028,10,22,0,2,6,2.75
VFLM 5028,11,22,0,4,4,2.75
VFLM 5028,12,22,0,6,2,2.75
VFLM 5028,13,18,0,6,2,2.25
VFLM 5028,14,19,1,3,5,2.375
VFLM 5028,15,23,1,3,5,2.875
VFLM 5028,16,26,0,4,4,3.25
VFLM 5028,17,14,0,2,6,1.75
VFLM 5028,18,28,0,4,4,3.5
VFLM 5028,19,22,0,2,6,2.75
VFLM 5028,20,22,0,2,6,2.75
VFLM 5028,21,16,0,4,4,2.0
VFLM 5028,22,22,0,4,4,2.75
VFLM 5028,23,22,0,6,2,2.75
VFLM 5028,24,18,0,6,2,2.25
VFLM 5028,25,19,1,3,5,2.375
VFLM 5028,26,23,1,3,5,2.875
VFLM 5028,27,26,0,4,4,3.25
VFLM 5028,28,14,0,2,6,1.75
VFLM 5028,29,28,0,4,4,3.5
VFLM 5028,30,22,0,2,6,2.75
VFLM 5029,1,16,0,4,4,2.0
VFLM 5029,2,22,0,4,4,2.75
VFLM 5029,3,22,0,6,2,2.75
VFLM 5029,4,18,0,6,2,2.25
VFLM 5029,5,19,1,3,5,2.375
VFLM 5029,6,23,1,3,5,2.875
VFLM 5029,7,26,0,4,4,3.25
VFLM 5029,8,14,0,2,6,1.75
VFLM 5029,9,28,0,4,4,3.5
VFLM 5029,10,22,0,2,6,2.75
VFLM 5029,11,16,0,4,4,2.0
VFLM 5029,12,16,0,4,4,2.0
VFLM 5029,13,22,0,4,4,2.75
VFLM 5029,14,22,0,6,2,2.75
VFLM 5029,15,18,0,6,2,2.25
VFLM 5029,16,19,1,3,5,2.375
VFLM 5029,17,23,1,3,5,2.875
VFLM 5029,18,26,0,4,4,3.25
VFLM 5029,19,14,0,2,6,1.75
VFLM 5029,20,28,0,4,4,3.5
VFLM 5029,21,16,0,4,4,2.0
VFLM 5029,22,16,0,4,4,2.0
VFLM 5029,23,22,0,4,4,2.75
VFLM 5029,24,22,0,6,2,2.75
VFLM 5029,25,18,0,6,2,2.25
VFLM 5029,26,19,1,3,5,2.375
VFLM 5029,27,23,1,3,5,2.875
VFLM 5029,28,26,0,4,4,3.25
VFLM 5029,29,14,0,2,6,1.75
VFLM 5029,30,28,0,4,4,3.5
VFLM 5030,1,31,1,5,3,3.875
VFLM 5030,2,16,0,4,4,2.0
VFLM 5030,3,16,0,4,4,2.0
VFLM 5030,4,22,0,4,4,2.75
VFLM 5030,5,22,0,6,2,2.75
VFLM 5030,6,18,0,6,2,2.25
VFLM 5030,7,19,1,3,5,2.375
VFLM 5030,8,23,1,3,5,2.875
VFLM 5030,9,31,1,5,3,3.875
VFLM 5030,10,16,0,4,4,2.0
VFLM 5030,11,16,0,4,4,2.0
VFLM 5030,12,22,0,4,4,2.75
VFLM 5030,13,22,0,6,2,2.75
VFLM 5030,14,18,0,6,2,2.25
VFLM 5030,15,19,1,3,5,2.375
VFLM 5030,16,23,1,3,5,2.875
VFLM 5030,17,26,0,4,4,3.25
VFLM 5030,18,14,0,2,6,1.75
VFLM 5030,19,14,0,4,4,1.75
VFLM 5030,20,31,1,5,3,3.875
VFLM 5030,21,16,0,4,4,2.0
VFLM 5030,22,16,0,4,4,2.0
VFLM 5030,23,22,0,4,4,2.75
VFLM 5030,24,22,0,6,2,2.75
VFLM 5030,25,18,0,6,2,2.25
VFLM 5030,26,19,1,3,5,2.375
VFLM 5030,27,14,0,4,4,1.75
VFLM 5030,28,31,1,5,3,3.875
VFLM 5030,29,16,0,4,4,2.0
VFLM 5030,30,16,0,4,4,2.0
VFLM 5031,1,22,0,4,4,2.75
VFLM 5031,2,22,0,6,2,2.75
VFLM 5031,3,18,0,6,2,2.25
VFLM 5031,4,19,1,3,5,2.375
VFLM 5031,5,23,1,3,5,2.875
VFLM 5031,6,26,0,4,4,3.25
VFLM 5031,7,14,0,8,0,1.75
VFLM 5031,8,14,0,4,4,1.75
VFLM 5031,9,31,1,5,3,3.875
VFLM 5031,10,16,0,4,4,2.0
VFLM 5031,11,16,0,4,4,2.0
VFLM 5031,12,22,0,4,4,2.75
VFLM 5031,13,22,0,6,2,2.75
VFLM 5031,14,14,0,8,0,1.75
VFLM 5031,15,14,0,4,4,1.75
VFLM 5031,16,31,1,5,3,3.875
VFLM 5031,17,16,0,4,4,2.0
VFLM 5031,18,16,0,4,4,2.0
VFLM 5031,19,22,0,4,4,2.75
VFLM 5031,20,22,0,6,2,2.75
VFLM 5031,21,18,0,6,2,2.25
VFLM 5031,22,19,1,3,5,2.375
VFLM 5031,23,23,1,3,5,2.875
VFLM 5031,24,18,0,6,2,2.25
VFLM 5031,25,14,0,8,0,1.75
VFLM 5031,26,14,0,4,4,1.75
VFLM 5031,27,31,1,5,3,3.875
VFLM 5031,28,18,0,6,2,2.25
VFLM 5031,29,14,0,8,0,1.75
VFLM 5031,30,14,0,4,4,1.75
VFLM 5032,1,31,1,5,3,3.875
VFLM 5032,2,16,0,4,4,2.0
VFLM 5032,3,16,0,4,4,2.0
VFLM 5032,4,22,0,4,4,2.75
VFLM 5032,5,22,0,6,2,2.75
VFLM 5032,6,18,0,6,2,2.25
VFLM 5032,7,19,1,3,5,2.375
VFLM 5032,8,20,0,4,4,2.5
VFLM 5032,9,20,0,4,4,2.5
VFLM 5032,10,18,0,6,2,2.25
VFLM 5032,11,14,0,8,0,1.75
VFLM 5032,12,14,0,4,4,1.75
VFLM 5032,13,31,1,5,3,3.875
VFLM 5032,14,16,0,4,4,2.0
VFLM 5032,15,16,0,4,4,2.0
VFLM 5032,16,22,0,4,4,2.75
VFLM 5032,17,22,0,6,2,2.75
VFLM 5032,18,18,0,6,2,2.25
VFLM 5032,19,23,1,3,5,2.875
VFLM 5032,20,20,0,4,4,2.5
VFLM 5032,21,18,0,6,2,2.25
VFLM 5032,22,14,0,8,0,1.75
VFLM 5032,23,14,0,4,4,1.75
VFLM 5032,24,31,1,5,3,3.875
VFLM 5032,25,16,0,4,4,2.0
VFLM 5032,26,16,0,4,4,2.0
VFLM 5032,27,22,0,4,4,2.75
VFLM 5032,28,22,0,6,2,2.75
VFLM 5032,29,13,1,3,5,1.625
VFLM 5032,30,23,1,3,5,2.875
VFLM 5033,1,20,0,4,4,2.5
VFLM 5033,2,18,0,6,2,2.25
VFLM 5033,3,14,0,8,0,1.75
VFLM 5033,4,14,0,4,4,1.75
VFLM 5033,5,31,1,5,3,3.875
VFLM 5033,6,16,0,4,4,2.0
VFLM 5033,7,16,0,4,4,2.0
VFLM 5033,8,22,0,4,4,2.75
VFLM 5033,9,20,0,2,6,2.5
VFLM 5033,10,13,1,3,5,1.625
VFLM 5033,11,23,1,3,5,2.875
VFLM 5033,12,20,0,4,4,2.5
VFLM 5033,13,18,0,6,2,2.25
VFLM 5033,14,14,0,8,0,1.75
VFLM 5033,15,14,0,4,4,1.75
VFLM 5033,16,31,1,5,3,3.875
VFLM 5033,17,16,0,4,4,2.0
VFLM 5033,18,16,0,4,4,2.0
VFLM 5033,19,25,1,1,7,3.125
VFLM 5033,20,20,0,2,6,2.5
VFLM 5033,21,13,1,3,5,1.625
VFLM 5033,22,23,1,3,5,2.875
VFLM 5033,23,20,0,4,4,2.5
VFLM 5033,24,18,0,6,2,2.25
VFLM 5033,25,14,0,8,0,1.75
VFLM 5033,26,14,0,4,4,1.75
VFLM 5033,27,31,1,5,3,3.875
VFLM 5033,28,16,0,4,4,2.0
VFLM 5033,29,22,0,2,6,2.75
VFLM 5033,30,22,0,2,6,2.75
VFLM 5034,1,25,1,1,7,3.125
VFLM 5034,2,20,0,2,6,2.5
VFLM 5034,3,13,1,3,5,1.625
VFLM 5034,4,23,1,3,5,2.875
VFLM 5034,5,20,0,4,4,2.5
VFLM 5034,6,18,0,6,2,2.25
VFLM 5034,7,14,0,8,0,1.75
VFLM 5034,8,14,0,4,4,1.75
VFLM 5034,9,31,1,5,3,3.875
VFLM 5034,10,22,0,2,6,2.75
VFLM 5034,11,25,1,1,7,3.125
VFLM 5034,12,20,0,2,6,2.5
VFLM 5034,13,13,1,3,5,1.625
VFLM 5034,14,23,1,3,5,2.875
VFLM 5034,15,22,0,2,6,2.75
VFLM 5034,16,25,1,1,7,3.125
VFLM 5034,17,20,0,2,6,2.5
VFLM 5034,18,13,1,3,5,1.625
VFLM 5034,19,23,1,3,5,2.875
VFLM 5034,20,20,0,4,4,2.5
VFLM 5034,21,18,0,6,2,2.25
VFLM 5034,22,14,0,8,0,1.75
VFLM 5034,23,14,0,4,4,1.75
VFLM 5034,24,31,1,5,3,3.875
VFLM 5034,25,22,0,6,2,2.75
VFLM 5034,26,22,0,2,6,2.75
VFLM 5034,27,25,1,1,7,3.125
VFLM 5034,28,20,0,2,6,2.5
VFLM 5034,29,13,1,3,5,1.625
VFLM 5034,30,23,1,3,5,2.875
VFLM 5035,1,20,0,4,4,2.5
VFLM 5035,2,18,0,6,2,2.25
VFLM 5035,3,14,0,8,0,1.75
VFLM 5035,4,14,0,4,4,1.75
VFLM 5035,5,22,0,6,2,2.75
VFLM 5035,6,22,0,2,6,2.75
VFLM 5035,7,25,1,1,7,3.125
VFLM 5035,8,20,0,2,6,2.5
VFLM 5035,9,13,1,3,5,1.625
VFLM 5035,10,23,1,3,5,2.875
VFLM 5035,11,20,0,4,4,2.5
VFLM 5035,12,18,0,6,2,2.25
VFLM 5035,13,14,0,8,0,1.75
VFLM 5035,14,14,0,4,4,1.75
VFLM 5035,15,15,1,3,5,1.875
VFLM 5035,16,22,0,6,2,2.75
VFLM 5035,17,22,0,2,6,2.75
VFLM 5035,18,25,1,1,7,3.125
VFLM 5035,19,20,0,2,6,2.5
VFLM 5035,20,13,1,3,5,1.625
VFLM 5035,21,23,1,3,5,2.875
VFLM 5035,22,20,0,4,4,2.5
VFLM 5035,23,18,0,6,2,2.25
VFLM 5035,24,14,0,8,0,1.75
VFLM 5035,25,15,1,3,5,1.875
VFLM 5035,26,22,0,6,2,2.75
VFLM 5035,27,22,0,2,6,2.75
VFLM 5035,28,25,1,1,7,3.125
VFLM 5035,29,20,0,2,6,2.5
VFLM 5035,30,13,1,3,5,1.625
VFLM 5036,1,23,1,3,5,2.875
VFLM 5036,2,20,0,4,4,2.5
VFLM 5036,3,18,0,6,2,2.25
VFLM 5036,4,14,0,8,0,1.75
VFLM 5036,5,15,1,3,5,1.875
VFLM 5036,6,22,0,6,2,2.75
VFLM 5036,7,22,0,2,6,2.75
VFLM 5036,8,25,1,1,7,3.125
VFLM 5036,9,20,0,2,6,2.5
VFLM 5036,10,13,1,3,5,1.625
VFLM 5036,11,23,1,3,5,2.875
VFLM 5036,12,20,0,4,4,2.5
VFLM 5036,13,18,0,6,2,2.25
VFLM 5036,14,14,0,8,0,1.75
VFLM 5036,15,17,1,3,5,2.125
VFLM 5036,16,15,1,3,5,1.875
VFLM 5036,17,22,0,6,2,2.75
VFLM 5036,18,22,0,2,6,2.75
VFLM 5036,19,25,1,1,7,3.125
VFLM 5036,20,20,0,2,6,2.5
VFLM 5036,21,13,1,3,5,1.625
VFLM 5036,22,23,1,3,5,2.875
VFLM 5036,23,20,0,4,4,2.5
VFLM 5036,24,18,0,6,2,2.25
VFLM 5036,25,17,1,3,5,2.125
VFLM 5036,26,15,1,3,5,1.875
VFLM 5036,27,22,0,6,2,2.75
VFLM 5036,28,22,0,2,6,2.75
VFLM 5036,29,25,1,1,7,3.125
VFLM 5036,30,20,0,2,6,2.5
VFLM 5037,1,13,1,3,5,1.625
VFLM 5037,2,23,1,3,5,2.875
VFLM 5037,3,20,0,4,4,2.5
VFLM 5037,4,18,0,6,2,2.25
VFLM 5037,5,17,1,3,5,2.125
VFLM 5037,6,17,1,3,5,2.125
VFLM 5037,7,15,1,3,5,1.875
VFLM 5037,8,22,0,6,2,2.75
VFLM 5037,9,22,0,2,6,2.75
VFLM 5037,10,25,1,1,7,3.125
VFLM 5037,11,20,0,2,6,2.5
VFLM 5037,12,13,1,3,5,1.625
VFLM 5037,13,23,1,3,5,2.875
VFLM 5037,14,20,0,4,4,2.5
VFLM 5037,15,17,1,3,5,2.125
VFLM 5037,16,17,1,3,5,2.125
VFLM 5037,17,15,1,3,5,1.875
VFLM 5037,18,22,0,6,2,2.75
VFLM 5037,19,22,0,2,6,2.75
VFLM 5037,20,25,1,1,7,3.125
VFLM 5037,21,20,0,2,6,2.5
VFLM 5037,22,13,1,3,5,1.625
VFLM 5037,23,23,1,3,5,2.875
VFLM 5037,24,20,0,4,4,2.5
VFLM 5037,25,20,0,4,4,2.5
VFLM 5037,26,17,1,3,5,2.125
VFLM 5037,27,17,1,3,5,2.125
VFLM 5037,28,15,1,3,5,1.875
VFLM 5037,29,22,0,6,2,2.75
VFLM 5037,30,22,0,2,6,2.75
VFLM 5038,1,25,1,1,7,3.125
VFLM 5038,2,20,0,2,6,2.5
VFLM 5038,3,13,1,3,5,1.625
VFLM 5038,4,23,1,3,5,2.875
VFLM 5038,5,20,0,4,4,2.5
VFLM 5038,6,17,1,3,5,2.125
VFLM 5038,7,17,1,3,5,2.125
VFLM 5038,8,15,1,3,5,1.875
VFLM 5038,9,22,0,6,2,2.75
VFLM 5038,10,22,0,2,6,2.75
VFLM 5038,11,25,1,1,7,3.125
VFLM 5038,12,20,0,2,6,2.5
VFLM 5038,13,13,1,3,5,1.625
VFLM 5038,14,23,1,3,5,2.875
VFLM 5038,15,12,0,2,6,1.5
VFLM 5038,16,20,0,4,4,2.5
VFLM 5038,17,17,1,3,5,2.125
VFLM 5038,18,17,1,3,5,2.125
VFLM 5038,19,15,1,3,5,1.875
VFLM 5038,20,22,0,6,2,2.75
VFLM 5038,21,22,0,2,6,2.75
VFLM 5038,22,25,1,1,7,3.125
VFLM 5038,23,20,0,2,6,2.5
VFLM 5038,24,13,1,3,5,1.625
VFLM 5038,25,12,0,2,6,1.5
VFLM 5038,26,20,0,4,4,2.5
VFLM 5038,27,17,1,3,5,2.125
VFLM 5038,28,17,1,3,5,2.125
VFLM 5038,29,15,1,3,5,1.875
VFLM 5038,30,22,0,6,2,2.75
VFLM 5039,1,22,0,2,6,2.75
VFLM 5039,2,25,1,1,7,3.125
VFLM 5039,3,20,0,2,6,2.5
VFLM 5039,4,13,1,3,5,1.625
VFLM 5039,5,25,1,1,7,3.125
VFLM 5039,6,12,0,2,6,1.5
VFLM 5039,7,20,0,4,4,2.5
VFLM 5039,8,17,1,3,5,2.125
VFLM 5039,9,17,1,3,5,2.125
VFLM 5039,10,15,1,3,5,1.875
VFLM 5039,11,22,0,6,2,2.75
VFLM 5039,12,22,0,2,6,2.75
VFLM 5039,13,25,1,1,7,3.125
VFLM 5039,14,12,0,2,6,1.5
VFLM 5039,15,20,0,4,4,2.5
VFLM 5039,16,17,1,3,5,2.125
VFLM 5039,17,17,1,3,5,2.125
VFLM 5039,18,15,1,3,5,1.875
VFLM 5039,19,22,0,6,2,2.75
VFLM 5039,20,22,0,2,6,2.75
VFLM 5039,21,25,1,1,7,3.125
VFLM 5039,22,20,0,2,6,2.5
VFLM 5039,23,24,0,2,6,3.0
VFLM 5039,24,25,1,1,7,3.125
VFLM 5039,25,12,0,2,6,1.5
VFLM 5039,26,20,0,4,4,2.5
VFLM 5039,27,24,0,2,6,3.0
VFLM 5039,28,25,1,1,7,3.125
VFLM 5039,29,12,0,2,6,1.5
VFLM 5039,30,20,0,4,4,2.5
VFLM 5040,1,17,1,3,5,2.125
VFLM 5040,2,17,1,3,5,2.125
VFLM 5040,3,15,1,3,5,1.875
VFLM 5040,4,22,0,6,2,2.75
VFLM 5040,5,22,0,2,6,2.75
VFLM 5040,6,25,1,1,7,3.125
VFLM 5040,7,20,0,4,4,2.5
VFLM 5040,8,24,0,2,6,3.0
VFLM 5040,9,25,1,1,7,3.125
VFLM 5040,10,12,0,2,6,1.5
VFLM 5040,11,20,0,4,4,2.5
VFLM 5040,12,17,1,3,5,2.125
VFLM 5040,13,17,1,3,5,2.125
VFLM 5040,14,15,1,3,5,1.875
VFLM 5040,15,22,0,6,2,2.75
VFLM 5040,16,22,0,2,6,2.75
VFLM 5040,17,22,0,4,4,2.75
VFLM 5040,18,20,0,4,4,2.5
VFLM 5040,19,24,0,2,6,3.0
VFLM 5040,20,25,1,1,7,3.125
VFLM 5040,21,12,0,2,6,1.5
VFLM 5040,22,20,0,4,4,2.5
VFLM 5040,23,17,1,3,5,2.125
VFLM 5040,24,17,1,3,5,2.125
VFLM 5040,25,15,1,3,5,1.875
VFLM 5040,26,22,0,6,2,2.75
VFLM 5040,27,32,0,2,6,4.0
VFLM 5040,28,22,0,4,4,2.75
VFLM 5040,29,20,0,4,4,2.5
VFLM 5040,30,24,0,2,6,3.0
VFLM 5041,1,25,1,1,7,3.125
VFLM 5041,2,12,0,2,6,1.5
VFLM 5041,3,20,0,4,4,2.5
VFLM 5041,4,17,1,3,5,2.125
VFLM 5041,5,17,1,3,5,2.125
VFLM 5041,6,15,1,3,5,1.875
VFLM 5041,7,25,1,3,5,3.125
VFLM 5041,8,25,1,3,5,3.125
VFLM 5041,9,32,0,2,6,4.0
VFLM 5041,10,22,0,4,4,2.75
VFLM 5041,11,20,0,4,4,2.5
VFLM 5041,12,24,0,2,6,3.0
VFLM 5041,13,25,1,1,7,3.125
VFLM 5041,14,12,0,2,6,1.5
VFLM 5041,15,20,0,4,4,2.5
VFLM 5041,16,17,1,3,5,2.125
VFLM 5041,17,17,1,3,5,2.125
VFLM 5041,18,27,1,3,5,3.375
VFLM 5041,19,25,1,3,5,3.125
VFLM 5041,20,32,0,2,6,4.0
VFLM 5041,21,22,0,4,4,2.75
VFLM 5041,22,20,0,4,4,2.5
VFLM 5041,23,27,1,3,5,3.375
VFLM 5041,24,25,1,3,5,3.125
VFLM 5041,25,32,0,2,6,4.0
VFLM 5041,26,22,0,4,4,2.75
VFLM 5041,27,20,0,4,4,2.5
VFLM 5041,28,24,0,2,6,3.0
VFLM 5041,29,25,1,1,7,3.125
VFLM 5041,30,12,0,2,6,1.5
VFLM 5042,1,20,0,4,4,2.5
VFLM 5042,2,17,1,3,5,2.125
VFLM 5042,3,13,1,3,5,1.625
VFLM 5042,4,27,1,3,5,3.375
VFLM 5042,5,25,1,3,5,3.125
VFLM 5042,6,32,0,2,6,4.0
VFLM 5042,7,22,0,4,4,2.75
VFLM 5042,8,20,0,4,4,2.5
VFLM 5042,9,24,0,2,6,3.0
VFLM 5042,10,25,1,1,7,3.125
VFLM 5042,11,12,0,2,6,1.5
VFLM 5042,12,20,0,4,4,2.5
VFLM 5042,13,13,1,3,5,1.625
VFLM 5042,14,27,1,3,5,3.375
VFLM 5042,15,25,1,3,5,3.125
VFLM 5042,16,32,0,2,6,4.0
VFLM 5042,17,22,0,4,4,2.75
VFLM 5042,18,20,0,4,4,2.5
VFLM 5042,19,24,0,2,6,3.0
VFLM 5042,20,25,1,1,7,3.125
VFLM 5042,21,12,0,2,6,1.5
VFLM 5042,22,20,0,4,4,2.5
VFLM 5042,23,13,1,3,5,1.625
VFLM 5042,24,27,1,3,5,3.375
VFLM 5042,25,25,1,3,5,3.125
VFLM 5042,26,32,0,2,6,4.0
VFLM 5042,27,22,0,4,4,2.75
VFLM 5042,28,20,0,4,4,2.5
VFLM 5042,29,24,0,2,6,3.0
VFLM 5042,30,25,1,1,7,3.125
VFLM 5043,1,12,0,2,6,1.5
VFLM 5043,2,20,0,4,4,2.5
VFLM 5043,3,13,1,3,5,1.625
VFLM 5043,4,13,1,3,5,1.625
VFLM 5043,5,27,1,3,5,3.375
VFLM 5043,6,25,1,3,5,3.125
VFLM 5043,7,32,0,2,6,4.0
VFLM 5043,8,22,0,4,4,2.75
VFLM 5043,9,20,0,4,4,2.5
VFLM 5043,10,24,0,2,6,3.0
VFLM 5043,11,25,1,1,7,3.125
VFLM 5043,12,12,0,2,6,1.5
VFLM 5043,13,13,1,3,5,1.625
VFLM 5043,14,13,1,3,5,1.625
VFLM 5043,15,27,1,3,5,3.375
VFLM 5043,16,25,1,3,5,3.125
VFLM 5043,17,32,0,2,6,4.0
VFLM 5043,18,22,0,4,4,2.75
VFLM 5043,19,20,0,4,4,2.5
VFLM 5043,20,24,0,2,6,3.0
VFLM 5043,21,25,1,1,7,3.125
VFLM 5043,22,12,0,2,6,1.5
VFLM 5043,23,24,0,2,6,3.0
VFLM 5043,24,13,1,3,5,1.625
VFLM 5043,25,13,1,3,5,1.625
VFLM 5043,26,27,1,3,5,3.375
VFLM 5043,27,25,1,3,5,3.125
VFLM 5043,28,32,0,2,6,4.0
VFLM 5043,29,22,0,4,4,2.75
VFLM 5043,30,20,0,4,4,2.5
VFLM 5044,1,24,0,2,6,3.0
VFLM 5044,2,25,1,1,7,3.125
VFLM 5044,3,24,0,2,6,3.0
VFLM 5044,4,13,1,3,5,1.625
VFLM 5044,5,13,1,3,5,1.625
VFLM 5044,6,27,1,3,5,3.375
VFLM 5044,7,25,1,3,5,3.125
VFLM 5044,8,32,0,2,6,4.0
VFLM 5044,9,22,0,4,4,2.75
VFLM 5044,10,20,0,4,4,2.5
VFLM 5044,11,24,0,2,6,3.0
VFLM 5044,12,25,1,1,7,3.125
VFLM 5044,13,22,0,4,4,2.75
VFLM 5044,14,24,0,2,6,3.0
VFLM 5044,15,13,1,3,5,1.625
VFLM 5044,16,13,1,3,5,1.625
VFLM 5044,17,27,1,3,5,3.375
VFLM 5044,18,25,1,3,5,3.125
VFLM 5044,19,32,0,2,6,4.0
VFLM 5044,20,22,0,4,4,2.75
VFLM 5044,21,20,0,4,4,2.5
VFLM 5044,22,24,0,2,6,3.0
VFLM 5044,23,22,0,4,4,2.75
VFLM 5044,24,24,0,2,6,3.0
VFLM 5044,25,13,1,3,5,1.625
VFLM 5044,26,13,1,3,5,1.625
VFLM 5044,27,27,1,3,5,3.375
VFLM 5044,28,25,1,3,5,3.125
VFLM 5044,29,32,0,2,6,4.0
VFLM 5044,30,22,0,4,4,2.75
VFLM 5045,1,20,0,4,4,2.5
VFLM 5045,2,24,0,2,6,3.0
VFLM 5045,3,22,0,4,4,2.75
VFLM 5045,4,24,0,2,6,3.0
VFLM 5045,5,13,1,3,5,1.625
VFLM 5045,6,13,1,3,5,1.625
VFLM 5045,7,27,1,3,5,3.375
VFLM 5045,8,25,1,3,5,3.125
VFLM 5045,9,32,0,2,6,4.0
VFLM 5045,10,22,0,4,4,2.75
VFLM 5045,11,20,0,4,4,2.5
VFLM 5045,12,24,0,2,6,3.0
VFLM 5045,13,17,1,7,1,2.125
VFLM 5045,14,22,0,4,4,2.75
VFLM 5045,15,24,0,2,6,3.0
VFLM 5045,16,13,1,3,5,1.625
VFLM 5045,17,13,1,3,5,1.625
VFLM 5045,18,27,1,3,5,3.375
VFLM 5045,19,25,1,3,5,3.125
VFLM 5045,20,32,0,2,6,4.0
VFLM 5045,21,22,0,4,4,2.75
VFLM 5045,22,20,0,4,4,2.5
VFLM 5045,23,17,1,7,1,2.125
VFLM 5045,24,22,0,4,4,2.75
VFLM 5045,25,24,0,2,6,3.0
VFLM 5045,26,13,1,3,5,1.625
VFLM 5045,27,13,1,3,5,1.625
VFLM 5045,28,27,1,3,5,3.375
VFLM 5045,29,25,1,3,5,3.125
VFLM 5045,30,32,0,2,6,4.0
VFLM 5046,1,22,0,4,4,2.75
VFLM 5046,2,20,0,4,4,2.5
VFLM 5046,3,23,1,5,3,2.875
VFLM 5046,4,17,1,7,1,2.125
VFLM 5046,5,22,0,4,4,2.75
VFLM 5046,6,24,0,2,6,3.0
VFLM 5046,7,13,1,3,5,1.625
VFLM 5046,8,13,1,3,5,1.625
VFLM 5046,9,27,1,3,5,3.375
VFLM 5046,10,25,1,3,5,3.125
VFLM 5046,11,32,0,2,6,4.0
VFLM 5046,12,22,0,4,4,2.75
VFLM 5046,13,23,1,5,3,2.875
VFLM 5046,14,17,1,7,1,2.125
VFLM 5046,15,22,0,4,4,2.75
VFLM 5046,16,24,0,2,6,3.0
VFLM 5046,17,13,1,3,5,1.625
VFLM 5046,18,13,1,3,5,1.625
VFLM 5046,19,27,1,3,5,3.375
VFLM 5046,20,25,1,3,5,3.125
VFLM 5046,21,32,0,2,6,4.0
VFLM 5046,22,22,0,4,4,2.75
VFLM 5046,23,25,1,3,5,3.125
VFLM 5046,24,23,1,5,3,2.875
VFLM 5046,25,17,1,7,1,2.125
VFLM 5046,26,22,0,4,4,2.75
VFLM 5046,27,24,0,2,6,3.0
VFLM 5046,28,13,1,3,5,1.625
VFLM 5046,29,13,1,3,5,1.625
VFLM 5046,30,27,1,3,5,3.375
VFLM 5047,1,25,1,3,5,3.125
VFLM 5047,2,32,0,2,6,4.0
VFLM 5047,3,25,1,3,5,3.125
VFLM 5047,4,23,1,5,3,2.875
VFLM 5047,5,17,1,7,1,2.125
VFLM 5047,6,22,0,4,4,2.75
VFLM 5047,7,24,0,2,6,3.0
VFLM 5047,8,13,1,3,5,1.625
VFLM 5047,9,13,1,3,5,1.625
VFLM 5047,10,27,1,3,5,3.375
VFLM 5047,11,25,1,3,5,3.125
VFLM 5047,12,32,0,2,6,4.0
VFLM 5047,13,24,0,4,4,3.0
VFLM 5047,14,25,1,3,5,3.125
VFLM 5047,15,23,1,5,3,2.875
VFLM 5047,16,17,1,7,1,2.125
VFLM 5047,17,22,0,4,4,2.75
VFLM 5047,18,24,0,2,6,3.0
VFLM 5047,19,13,1,3,5,1.625
VFLM 5047,20,13,1,3,5,1.625
VFLM 5047,21,27,1,3,5,3.375
VFLM 5047,22,25,1,3,5,3.125
VFLM 5047,23,24,0,4,4,3.0
VFLM 5047,24,25,1,3,5,3.125
VFLM 5047,25,23,1,5,3,2.875
VFLM 5047,26,23,1,5,3,2.875
VFLM 5047,27,24,0,4,4,3.0
VFLM 5047,28,25,1,3,5,3.125
VFLM 5047,29,23,1,5,3,2.875
VFLM 5047,30,17,1,7,1,2.125
VFLM 5048,1,22,0,4,4,2.75
VFLM 5048,2,24,0,2,6,3.0
VFLM 5048,3,13,1,3,5,1.625
VFLM 5048,4,13,1,3,5,1.625
VFLM 5048,5,27,1,3,5,3.375
VFLM 5048,6,23,1,5,3,2.875
VFLM 5048,7,24,0,4,4,3.0
VFLM 5048,8,25,1,3,5,3.125
VFLM 5048,9,23,1,5,3,2.875
VFLM 5048,10,17,1,7,1,2.125
VFLM 5048,11,22,0,4,4,2.75
VFLM 5048,12,24,0,2,6,3.0
VFLM 5048,13,13,1,3,5,1.625
VFLM 5048,14,13,1,3,5,1.625
VFLM 5048,15,27,1,3,5,3.375
VFLM 5048,16,21,1,3,5,2.625
VFLM 5048,17,23,1,5,3,2.875
VFLM 5048,18,24,0,4,4,3.0
VFLM 5048,19,25,1,3,5,3.125
VFLM 5048,20,23,1,5,3,2.875
VFLM 5048,21,17,1,7,1,2.125
VFLM 5048,22,22,0,4,4,2.75
VFLM 5048,23,24,0,2,6,3.0
VFLM 5048,24,13,1,3,5,1.625
VFLM 5048,25,13,1,3,5,1.625
VFLM 5048,26,19,1,3,5,2.375
VFLM 5048,27,21,1,3,5,2.625
VFLM 5048,28,23,1,5,3,2.875
VFLM 5048,29,24,0,4,4,3.0
VFLM 5048,30,25,1,3,5,3.125
VFLM 5049,1,23,1,5,3,2.875
VFLM 5049,2,17,1,7,1,2.125
VFLM 5049,3,22,0,4,4,2.75
VFLM 5049,4,24,0,2,6,3.0
VFLM 5049,5,13,1,3,5,1.625
VFLM 5049,6,23,1,3,5,2.875
VFLM 5049,7,19,1,3,5,2.375
VFLM 5049,8,21,1,3,5,2.625
VFLM 5049,9,23,1,5,3,2.875
VFLM 5049,10,24,0,4,4,3.0
VFLM 5049,11,25,1,3,5,3.125
VFLM 5049,12,23,1,5,3,2.875
VFLM 5049,13,17,1,7,1,2.125
VFLM 5049,14,22,0,4,4,2.75
VFLM 5049,15,24,0,2,6,3.0
VFLM 5049,16,19,1,3,5,2.375
VFLM 5049,17,23,1,3,5,2.875
VFLM 5049,18,19,1,3,5,2.375
VFLM 5049,19,23,1,3,5,2.875
VFLM 5049,20,19,1,3,5,2.375
VFLM 5049,21,21,1,3,5,2.625
VFLM 5049,22,23,1,5,3,2.875
VFLM 5049,23,24,0,4,4,3.0
VFLM 5049,24,25,1,3,5,3.125
VFLM 5049,25,23,1,5,3,2.875
VFLM 5049,26,17,1,7,1,2.125
VFLM 5049,27,22,0,4,4,2.75
VFLM 5049,28,22,0,2,6,2.75
VFLM 5049,29,19,1,3,5,2.375
VFLM 5049,30,23,1,3,5,2.875
VFLM 5050,1,19,1,3,5,2.375
VFLM 5050,2,21,1,3,5,2.625
VFLM 5050,3,23,1,5,3,2.875
VFLM 5050,4,19,1,3,5,2.375
VFLM 5050,5,23,1,3,5,2.875
VFLM 5050,6,19,1,3,5,2.375
VFLM 5050,7,21,1,3,5,2.625
VFLM 5050,8,23,1,5,3,2.875
VFLM 5050,9,24,0,4,4,3.0
VFLM 5050,10,25,1,3,5,3.125
VFLM 5050,11,23,1,5,3,2.875
VFLM 5050,12,17,1,7,1,2.125
VFLM 5050,13,25,1,5,3,3.125
VFLM 5050,14,22,0,2,6,2.75
VFLM 5050,15,19,1,3,5,2.375
VFLM 5050,16,23,1,3,5,2.875
VFLM 5050,17,19,1,3,5,2.375
VFLM 5050,18,21,1,3,5,2.625
VFLM 5050,19,23,1,5,3,2.875
VFLM 5050,20,24,0,4,4,3.0
VFLM 5050,21,25,1,3,5,3.125
VFLM 5050,22,25,1,5,3,3.125
VFLM 5050,23,22,0,2,6,2.75
VFLM 5050,24,19,1,3,5,2.375
VFLM 5050,25,23,1,3,5,2.875
VFLM 5050,26,19,1,3,5,2.375
VFLM 5050,27,21,1,3,5,2.625
VFLM 5050,28,23,1,5,3,2.875
VFLM 5050,29,24,0,4,4,3.0
VFLM 5050,30,25,1,3,5,3.125
VFLM 5051,1,23,1,5,3,2.875
VFLM 5051,2,22,0,2,6,2.75
VFLM 5051,3,25,1,5,3,3.125
VFLM 5051,4,22,0,2,6,2.75
VFLM 5051,5,19,1,3,5,2.375
VFLM 5051,6,23,1,3,5,2.875
VFLM 5051,7,19,1,3,5,2.375
VFLM 5051,8,21,1,3,5,2.625
VFLM 5051,9,23,1,5,3,2.875
VFLM 5051,10,22,0,2,6,2.75
VFLM 5051,11,25,1,5,3,3.125
VFLM 5051,12,22,0,2,6,2.75
VFLM 5051,13,19,1,3,5,2.375
VFLM 5051,14,23,1,3,5,2.875
VFLM 5051,15,19,1,3,5,2.375
VFLM 5051,16,21,1,3,5,2.625
VFLM 5051,17,23,1,5,3,2.875
VFLM 5051,18,24,0,4,4,3.0
VFLM 5051,19,25,1,3,5,3.125
VFLM 5051,20,27,1,5,3,3.375
VFLM 5051,21,22,0,2,6,2.75
VFLM 5051,22,25,1,5,3,3.125
VFLM 5051,23,22,0,2,6,2.75
VFLM 5051,24,19,1,3,5,2.375
VFLM 5051,25,23,1,3,5,2.875
VFLM 5051,26,19,1,3,5,2.375
VFLM 5051,27,21,1,3,5,2.625
VFLM 5051,28,23,1,5,3,2.875
VFLM 5051,29,24,0,4,4,3.0
VFLM 5051,30,27,1,5,3,3.375
VFLM 5052,1,22,0,2,6,2.75
VFLM 5052,2,25,1,5,3,3.125
VFLM 5052,3,22,0,2,6,2.75
VFLM 5052,4,19,1,3,5,2.375
VFLM 5052,5,23,1,3,5,2.875
VFLM 5052,6,19,1,3,5,2.375
VFLM 5052,7,21,1,3,5,2.625
VFLM 5052,8,23,1,5,3,2.875
VFLM 5052,9,24,0,4,4,3.0
VFLM 5052,10,27,1,5,3,3.375
VFLM 5052,11,22,0,2,6,2.75
VFLM 5052,12,25,1,5,3,3.125
VFLM 5052,13,22,0,2,6,2.75
VFLM 5052,14,19,1,3,5,2.375
VFLM 5052,15,23,1,3,5,2.875
VFLM 5052,16,19,1,3,5,2.375
VFLM 5052,17,21,1,3,5,2.625
VFLM 5052,18,23,1,5,3,2.875
VFLM 5052,19,24,0,4,4,3.0
VFLM 5052,20,28,0,4,4,3.5
VFLM 5052,21,27,1,5,3,3.375
VFLM 5052,22,22,0,2,6,2.75
VFLM 5052,23,25,1,5,3,3.125
VFLM 5052,24,22,0,2,6,2.75
VFLM 5052,25,19,1,3,5,2.375
VFLM 5052,26,23,1,3,5,2.875
VFLM 5052,27,19,1,3,5,2.375
VFLM 5052,28,21,1,3,5,2.625
VFLM 5052,29,23,1,5,3,2.875
VFLM 5052,30,28,0,4,4,3.5
VFLM 5053,1,27,1,5,3,3.375
VFLM 5053,2,22,0,2,6,2.75
VFLM 5053,3,25,1,5,3,3.125
VFLM 5053,4,22,0,2,6,2.75
VFLM 5053,5,19,1,3,5,2.375
VFLM 5053,6,23,1,3,5,2.875
VFLM 5053,7,19,1,3,5,2.375
VFLM 5053,8,21,1,3,5,2.625
VFLM 5053,9,23,1,5,3,2.875
VFLM 5053,10,18,0,2,6,2.25
VFLM 5053,11,28,0,4,4,3.5
VFLM 5053,12,27,1,5,3,3.375
VFLM 5053,13,22,0,2,6,2.75
VFLM 5053,14,25,1,5,3,3.125
VFLM 5053,15,22,0,2,6,2.75
VFLM 5053,16,19,1,3,5,2.375
VFLM 5053,17,23,1,3,5,2.875
VFLM 5053,18,19,1,3,5,2.375
VFLM 5053,19,21,1,3,5,2.625
VFLM 5053,20,18,0,2,6,2.25
VFLM 5053,21,28,0,4,4,3.5
VFLM 5053,22,27,1,5,3,3.375
VFLM 5053,23,22,0,2,6,2.75
VFLM 5053,24,25,1,5,3,3.125
VFLM 5053,25,22,0,2,6,2.75
VFLM 5053,26,19,1,3,5,2.375
VFLM 5053,27,23,1,3,5,2.875
VFLM 5053,28,19,1,3,5,2.375
VFLM 5053,29,21,1,3,5,2.625
VFLM 5053,30,24,0,4,4,3.0
VFLM 5054,1,18,0,2,6,2.25
VFLM 5054,2,28,0,4,4,3.5
VFLM 5054,3,27,1,5,3,3.375
VFLM 5054,4,22,0,2,6,2.75
VFLM 5054,5,25,1,5,3,3.125
VFLM 5054,6,22,0,2,6,2.75
VFLM 5054,7,19,1,3,5,2.375
VFLM 5054,8,23,1,3,5,2.875
VFLM 5054,9,19,1,3,5,2.375
VFLM 5054,10,24,0,4,4,3.0
VFLM 5054,11,18,0,2,6,2.25
VFLM 5054,12,28,0,4,4,3.5
VFLM 5054,13,27,1,5,3,3.375
VFLM 5054,14,22,0,2,6,2.75
VFLM 5054,15,25,1,5,3,3.125
VFLM 5054,16,22,0,2,6,2.75
VFLM 5054,17,19,1,3,5,2.375
VFLM 5054,18,23,1,3,5,2.875
VFLM 5054,19,19,1,3,5,2.375
VFLM 5054,20,19,1,3,5,2.375
VFLM 5054,21,24,0,4,4,3.0
VFLM 5054,22,18,0,2,6,2.25
VFLM 5054,23,28,0,4,4,3.5
VFLM 5054,24,27,1,5,3,3.375
VFLM 5054,25,22,0,2,6,2.75
VFLM 5054,26,25,1,5,3,3.125
VFLM 5054,27,22,0,2,6,2.75
VFLM 5054,28,19,1,3,5,2.375
VFLM 5054,29,23,1,3,5,2.875
VFLM 5054,30,19,1,3,5,2.375
VFLM 5055,1,24,0,4,4,3.0
VFLM 5055,2,18,0,2,6,2.25
VFLM 5055,3,28,0,4,4,3.5
VFLM 5055,4,27,1,5,3,3.375
VFLM 5055,5,22,0,2,6,2.75
VFLM 5055,6,25,1,5,3,3.125
VFLM 5055,7,22,0,2,6,2.75
VFLM 5055,8,19,1,3,5,2.375
VFLM 5055,9,23,1,3,5,2.875
VFLM 5055,10,19,1,1,7,2.375
VFLM 5055,11,19,1,3,5,2.375
VFLM 5055,12,24,0,4,4,3.0
VFLM 5055,13,18,0,2,6,2.25
VFLM 5055,14,28,0,4,4,3.5
VFLM 5055,15,27,1,5,3,3.375
VFLM 5055,16,22,0,2,6,2.75
VFLM 5055,17,25,1,5,3,3.125
VFLM 5055,18,22,0,2,6,2.75
VFLM 5055,19,19,1,3,5,2.375
VFLM 5055,20,19,1,1,7,2.375
VFLM 5055,21,19,1,3,5,2.375
VFLM 5055,22,24,0,4,4,3.0
VFLM 5055,23,18,0,2,6,2.25
VFLM 5055,24,28,0,4,4,3.5
VFLM 5055,25,27,1,5,3,3.375
VFLM 5055,26,22,0,2,6,2.75
VFLM 5055,27,25,1,5,3,3.125
VFLM 5055,28,22,0,2,6,2.75
VFLM 5055,29,19,1,3,5,2.375
VFLM 5055,30,19,1,1,7,2.375
VFLM 5056,1,19,1,3,5,2.375
VFLM 5056,2,24,0,4,4,3.0
VFLM 5056,3,18,0,2,6,2.25
VFLM 5056,4,28,0,4,4,3.5
VFLM 5056,5,27,1,5,3,3.375
VFLM 5056,6,22,0,2,6,2.75
VFLM 5056,7,25,1,5,3,3.125
VFLM 5056,8,22,0,2,6,2.75
VFLM 5056,9,19,1,3,5,2.375
VFLM 5056,10,19,1,5,3,2.375
VFLM 5056,11,19,1,1,7,2.375
VFLM 5056,12,19,1,3,5,2.375
VFLM 5056,13,24,0,4,4,3.0
VFLM 5056,14,18,0,2,6,2.25
VFLM 5056,15,28,0,4,4,3.5
VFLM 5056,16,27,1,5,3,3.375
VFLM 5056,17,22,0,2,6,2.75
VFLM 5056,18,25,1,5,3,3.125
VFLM 5056,19,22,0,2,6,2.75
VFLM 5056,20,19,1,5,3,2.375
VFLM 5056,21,19,1,1,7,2.375
VFLM 5056,22,19,1,3,5,2.375
VFLM 5056,23,24,0,4,4,3.0
VFLM 5056,24,18,0,2,6,2.25
VFLM 5056,25,18,0,2,6,2.25
VFLM 5056,26,19,1,5,3,2.375
VFLM 5056,27,19,1,1,7,2.375
VFLM 5056,28,19,1,3,5,2.375
VFLM 5056,29,24,0,4,4,3.0
VFLM 5056,30,18,0,2,6,2.25
VFLM 5057,1,28,0,4,4,3.5
VFLM 5057,2,27,1,5,3,3.375
VFLM 5057,3,22,0,2,6,2.75
VFLM 5057,4,25,1,5,3,3.125
VFLM 5057,5,18,0,2,6,2.25
VFLM 5057,6,18,0,2,6,2.25
VFLM 5057,7,19,1,5,3,2.375
VFLM 5057,8,19,1,1,7,2.375
VFLM 5057,9,19,1,3,5,2.375
VFLM 5057,10,24,0,4,4,3.0
VFLM 5057,11,18,0,2,6,2.25
VFLM 5057,12,28,0,4,4,3.5
VFLM 5057,13,27,1,5,3,3.375
VFLM 5057,14,22,0,2,6,2.75
VFLM 5057,15,25,1,5,3,3.125
VFLM 5057,16,24,0,4,4,3.0
VFLM 5057,17,18,0,2,6,2.25
VFLM 5057,18,19,1,5,3,2.375
VFLM 5057,19,19,1,1,7,2.375
VFLM 5057,20,19,1,3,5,2.375
VFLM 5057,21,24,0,4,4,3.0
VFLM 5057,22,18,0,2,6,2.25
VFLM 5057,23,28,0,4,4,3.5
VFLM 5057,24,27,1,5,3,3.375
VFLM 5057,25,22,0,2,6,2.75
VFLM 5057,26,14,0,4,4,1.75
VFLM 5057,27,24,0,4,4,3.0
VFLM 5057,28,18,0,2,6,2.25
VFLM 5057,29,19,1,5,3,2.375
VFLM 5057,30,19,1,1,7,2.375
VFLM 5058,1,19,1,3,5,2.375
VFLM 5058,2,24,0,4,4,3.0
VFLM 5058,3,18,0,2,6,2.25
VFLM 5058,4,28,0,4,4,3.5
VFLM 5058,5,27,1,5,3,3.375
VFLM 5058,6,25,1,5,3,3.125
VFLM 5058,7,14,0,4,4,1.75
VFLM 5058,8,24,0,4,4,3.0
VFLM 5058,9,18,0,2,6,2.25
VFLM 5058,10,19,1,5,3,2.375
VFLM 5058,11,19,1,1,7,2.375
VFLM 5058,12,19,1,3,5,2.375
VFLM 5058,13,24,0,4,4,3.0
VFLM 5058,14,18,0,2,6,2.25
VFLM 5058,15,28,0,4,4,3.5
VFLM 5058,16,27,1,1,7,3.375
VFLM 5058,17,25,1,5,3,3.125
VFLM 5058,18,14,0,4,4,1.75
VFLM 5058,19,24,0,4,4,3.0
VFLM 5058,20,18,0,2,6,2.25
VFLM 5058,21,19,1,5,3,2.375
VFLM 5058,22,19,1,1,7,2.375
VFLM 5058,23,19,1,3,5,2.375
VFLM 5058,24,24,0,4,4,3.0
VFLM 5058,25,18,0,2,6,2.25
VFLM 5058,26,29,1,3,5,3.625
VFLM 5058,27,27,1,1,7,3.375
VFLM 5058,28,25,1,5,3,3.125
VFLM 5058,29,14,0,4,4,1.75
VFLM 5058,30,24,0,4,4,3.0
VFLM 5059,1,29,1,3,5,3.625
VFLM 5059,2,27,1,1,7,3.375
VFLM 5059,3,25,1,5,3,3.125
VFLM 5059,4,14,0,4,4,1.75
VFLM 5059,5,24,0,4,4,3.0
VFLM 5059,6,18,0,2,6,2.25
VFLM 5059,7,19,1,5,3,2.375
VFLM 5059,8,19,1,1,7,2.375
VFLM 5059,9,19,1,3,5,2.375
VFLM 5059,10,24,0,4,4,3.0
VFLM 5059,11,22,0,4,4,2.75
VFLM 5059,12,29,1,3,5,3.625
VFLM 5059,13,27,1,1,7,3.375
VFLM 5059,14,25,1,5,3,3.125
VFLM 5059,15,14,0,4,4,1.75
VFLM 5059,16,24,0,4,4,3.0
VFLM 5059,17,18,0,2,6,2.25
VFLM 5059,18,19,1,5,3,2.375
VFLM 5059,19,19,1,1,7,2.375
VFLM 5059,20,19,1,3,5,2.375
VFLM 5059,21,21,1,3,5,2.625
VFLM 5059,22,22,0,4,4,2.75
VFLM 5059,23,29,1,3,5,3.625
VFLM 5059,24,27,1,1,7,3.375
VFLM 5059,25,25,1,5,3,3.125
VFLM 5059,26,14,0,4,4,1.75
VFLM 5059,27,24,0,4,4,3.0
VFLM 5059,28,18,0,2,6,2.25
VFLM 5059,29,19,1,5,3,2.375
VFLM 5059,30,19,1,1,7,2.375
VFLM 5060,1,21,1,3,5,2.625
VFLM 5060,2,22,0,4,4,2.75
VFLM 5060,3,29,1,3,5,3.625
VFLM 5060,4,27,1,1,7,3.375
VFLM 5060,5,25,1,5,3,3.125
VFLM 5060,6,14,0,4,4,1.75
VFLM 5060,7,24,0,4,4,3.0
VFLM 5060,8,18,0,2,6,2.25
VFLM 5060,9,19,1,5,3,2.375
VFLM 5060,10,19,1,1,7,2.375
VFLM 5060,11,21,1,3,5,2.625
VFLM 5060,12,22,0,4,4,2.75
VFLM 5060,13,29,1,3,5,3.625
VFLM 5060,14,27,1,1,7,3.375
VFLM 5060,15,25,1,5,3,3.125
VFLM 5060,16,14,0,4,4,1.75
VFLM 5060,17,24,0,4,4,3.0
VFLM 5060,18,18,0,2,6,2.25
VFLM 5060,19,19,1,5,3,2.375
VFLM 5060,20,19,1,1,7,2.375
VFLM 5060,21,23,1,5,3,2.875
VFLM 5060,22,21,1,3,5,2.625
VFLM 5060,23,22,0,4,4,2.75
VFLM 5060,24,29,1,3,5,3.625
VFLM 5060,25,27,1,1,7,3.375
VFLM 5060,26,25,1,5,3,3.125
VFLM 5060,27,14,0,4,4,1.75
VFLM 5060,28,24,0,4,4,3.0
VFLM 5060,29,18,0,2,6,2.25
VFLM 5060,30,19,1,5,3,2.375
VFLM 5061,1,23,1,5,3,2.875
VFLM 5061,2,21,1,3,5,2.625
VFLM 5061,3,22,0,4,4,2.75
VFLM 5061,4,29,1,3,5,3.625
VFLM 5061,5,27,1,1,7,3.375
VFLM 5061,6,25,1,5,3,3.125
VFLM 5061,7,14,0,4,4,1.75
VFLM 5061,8,24,0,4,4,3.0
VFLM 5061,9,18,0,2,6,2.25
VFLM 5061,10,19,1,5,3,2.375
VFLM 5061,11,31,1,1,7,3.875
VFLM 5061,12,23,1,5,3,2.875
VFLM 5061,13,21,1,3,5,2.625
VFLM 5061,14,22,0,4,4,2.75
VFLM 5061,15,29,1,3,5,3.625
VFLM 5061,16,27,1,1,7,3.375
VFLM 5061,17,25,1,5,3,3.125
VFLM 5061,18,14,0,4,4,1.75
VFLM 5061,19,24,0,4,4,3.0
VFLM 5061,20,18,0,2,6,2.25
VFLM 5061,21,31,1,1,7,3.875
VFLM 5061,22,23,1,5,3,2.875
VFLM 5061,23,21,1,3,5,2.625
VFLM 5061,24,22,0,4,4,2.75
VFLM 5061,25,29,1,3,5,3.625
VFLM 5061,26,27,1,1,7,3.375
VFLM 5061,27,25,1,5,3,3.125
VFLM 5061,28,14,0,4,4,1.75
VFLM 5061,29,24,0,4,4,3.0
VFLM 5061,30,18,0,2,6,2.25
VFLM 5062,1,20,0,6,2,2.5
VFLM 5062,2,31,1,1,7,3.875
VFLM 5062,3,23,1,5,3,2.875
VFLM 5062,4,21,1,3,5,2.625
VFLM 5062,5,22,0,4,4,2.75
VFLM 5062,6,29,1,3,5,3.625
VFLM 5062,7,27,1,1,7,3.375
VFLM 5062,8,25,1,5,3,3.125
VFLM 5062,9,14,0,4,4,1.75
VFLM 5062,10,24,0,4,4,3.0
VFLM 5062,11,20,0,6,2,2.5
VFLM 5062,12,31,1,1,7,3.875
VFLM 5062,13,23,1,5,3,2.875
VFLM 5062,14,21,1,3,5,2.625
VFLM 5062,15,22,0,4,4,2.75
VFLM 5062,16,29,1,3,5,3.625
VFLM 5062,17,27,1,1,7,3.375
VFLM 5062,18,25,1,5,3,3.125
VFLM 5062,19,14,0,4,4,1.75
VFLM 5062,20,24,0,4,4,3.0
VFLM 5062,21,21,1,3,5,2.625
VFLM 5062,22,20,0,6,2,2.5
VFLM 5062,23,31,1,1,7,3.875
VFLM 5062,24,23,1,5,3,2.875
VFLM 5062,25,21,1,3,5,2.625
VFLM 5062,26,22,0,4,4,2.75
VFLM 5062,27,29,1,3,5,3.625
VFLM 5062,28,27,1,1,7,3.375
VFLM 5062,29,25,1,5,3,3.125
VFLM 5062,30,14,0,4,4,1.75
VFLM 5063,1,21,1,3,5,2.625
VFLM 5063,2,20,0,6,2,2.5
VFLM 5063,3,31,1,1,7,3.875
VFLM 5063,4,23,1,5,3,2.875
VFLM 5063,5,21,1,3,5,2.625
VFLM 5063,6,22,0,4,4,2.75
VFLM 5063,7,29,1,3,5,3.625
VFLM 5063,8,27,1,1,7,3.375
VFLM 5063,9,25,1,5,3,3.125
VFLM 5063,10,14,0,4,4,1.75
VFLM 5063,11,9,1,5,3,1.125
VFLM 5063,12,21,1,3,5,2.625
VFLM 5063,13,20,0,6,2,2.5
VFLM 5063,14,31,1,1,7,3.875
VFLM 5063,15,23,1,5,3,2.875
VFLM 5063,16,21,1,3,5,2.625
VFLM 5063,17,22,0,4,4,2.75
VFLM 5063,18,29,1,3,5,3.625
VFLM 5063,19,27,1,1,7,3.375
VFLM 5063,20,25,1,5,3,3.125
VFLM 5063,21,9,1,5,3,1.125
VFLM 5063,22,21,1,3,5,2.625
VFLM 5063,23,20,0,6,2,2.5
VFLM 5063,24,31,1,1,7,3.875
VFLM 5063,25,23,1,5,3,2.875
VFLM 5063,26,21,1,3,5,2.625
VFLM 5063,27,22,0,4,4,2.75
VFLM 5063,28,29,1,3,5,3.625
VFLM 5063,29,27,1,1,7,3.375
VFLM 5063,30,25,1,5,3,3.125
VFLM 5064,1,28,0,4,4,3.5
VFLM 5064,2,9,1,5,3,1.125
VFLM 5064,3,21,1,3,5,2.625
VFLM 5064,4,20,0,6,2,2.5
VFLM 5064,5,31,1,1,7,3.875
VFLM 5064,6,23,1,5,3,2.875
VFLM 5064,7,21,1,3,5,2.625
VFLM 5064,8,22,0,4,4,2.75
VFLM 5064,9,29,1,3,5,3.625
VFLM 5064,10,27,1,1,7,3.375
VFLM 5064,11,28,0,4,4,3.5
VFLM 5064,12,9,1,5,3,1.125
VFLM 5064,13,21,1,3,5,2.625
VFLM 5064,14,20,0,6,2,2.5
VFLM 5064,15,31,1,1,7,3.875
VFLM 5064,16,23,1,5,3,2.875
VFLM 5064,17,21,1,3,5,2.625
VFLM 5064,18,22,0,4,4,2.75
VFLM 5064,19,29,1,3,5,3.625
VFLM 5064,20,27,1,1,7,3.375
VFLM 5064,21,28,0,4,4,3.5
VFLM 5064,22,9,1,5,3,1.125
VFLM 5064,23,21,1,3,5,2.625
VFLM 5064,24,20,0,6,2,2.5
VFLM 5064,25,31,1,1,7,3.875
VFLM 5064,26,23,1,5,3,2.875
VFLM 5064,27,21,1,3,5,2.625
VFLM 5064,28,22,0,4,4,2.75
VFLM 5064,29,29,1,3,5,3.625
VFLM 5064,30,27,1,1,7,3.375
VFLM 5065,1,16,0,4,4,2.0
VFLM 5065,2,28,0,4,4,3.5
VFLM 5065,3,9,1,5,3,1.125
VFLM 5065,4,21,1,3,5,2.625
VFLM 5065,5,20,0,6,2,2.5
VFLM 5065,6,31,1,1,7,3.875
VFLM 5065,7,23,1,5,3,2.875
VFLM 5065,8,21,1,3,5,2.625
VFLM 5065,9,22,0,4,4,2.75
VFLM 5065,10,16,0,4,4,2.0
VFLM 5065,11,28,0,4,4,3.5
VFLM 5065,12,9,1,5,3,1.125
VFLM 5065,13,21,1,3,5,2.625
VFLM 5065,14,20,0,6,2,2.5
VFLM 5065,15,31,1,1,7,3.875
VFLM 5065,16,23,1,5,3,2.875
VFLM 5065,17,21,1,3,5,2.625
VFLM 5065,18,22,0,4,4,2.75
VFLM 5065,19,29,1,3,5,3.625
VFLM 5065,20,21,1,5,3,2.625
VFLM 5065,21,16,0,4,4,2.0
VFLM 5065,22,28,0,4,4,3.5
VFLM 5065,23,9,1,5,3,1.125
VFLM 5065,24,21,1,3,5,2.625
VFLM 5065,25,20,0,6,2,2.5
VFLM 5065,26,31,1,1,7,3.875
VFLM 5065,27,21,1,5,3,2.625
VFLM 5065,28,16,0,4,4,2.0
VFLM 5065,29,28,0,4,4,3.5
VFLM 5065,30,9,1,5,3,1.125
VFLM 5066,1,21,1,3,5,2.625
VFLM 5066,2,20,0,6,2,2.5
VFLM 5066,3,31,1,1,7,3.875
VFLM 5066,4,23,1,5,3,2.875
VFLM 5066,5,21,1,3,5,2.625
VFLM 5066,6,22,0,4,4,2.75
VFLM 5066,7,17,1,5,3,2.125
VFLM 5066,8,21,1,5,3,2.625
VFLM 5066,9,17,1,5,3,2.125
VFLM 5066,10,21,1,5,3,2.625
VFLM 5066,11,16,0,4,4,2.0
VFLM 5066,12,28,0,4,4,3.5
VFLM 5066,13,9,1,5,3,1.125
VFLM 5066,14,21,1,3,5,2.625
VFLM 5066,15,20,0,6,2,2.5
VFLM 5066,16,31,1,1,7,3.875
VFLM 5066,17,23,1,5,3,2.875
VFLM 5066,18,21,1,3,5,2.625
VFLM 5066,19,25,1,5,3,3.125
VFLM 5066,20,17,1,5,3,2.125
VFLM 5066,21,21,1,5,3,2.625
VFLM 5066,22,16,0,4,4,2.0
VFLM 5066,23,28,0,4,4,3.5
VFLM 5066,24,9,1,5,3,1.125
VFLM 5066,25,21,1,3,5,2.625
VFLM 5066,26,20,0,6,2,2.5
VFLM 5066,27,31,1,1,7,3.875
VFLM 5066,28,23,1,5,3,2.875
VFLM 5066,29,21,1,7,1,2.625
VFLM 5066,30,25,1,5,3,3.125
VFLM 5067,1,17,1,5,3,2.125
VFLM 5067,2,21,1,5,3,2.625
VFLM 5067,3,16,0,4,4,2.0
VFLM 5067,4,28,0,4,4,3.5
VFLM 5067,5,9,1,5,3,1.125
VFLM 5067,6,21,1,3,5,2.625
VFLM 5067,7,20,0,6,2,2.5
VFLM 5067,8,31,1,1,7,3.875
VFLM 5067,9,25,1,3,5,3.125
VFLM 5067,10,21,1,7,1,2.625
VFLM 5067,11,25,1,5,3,3.125
VFLM 5067,12,17,1,5,3,2.125
VFLM 5067,13,21,1,5,3,2.625
VFLM 5067,14,16,0,4,4,2.0
VFLM 5067,15,28,0,4,4,3.5
VFLM 5067,16,9,1,5,3,1.125
VFLM 5067,17,21,1,3,5,2.625
VFLM 5067,18,20,0,6,2,2.5
VFLM 5067,19,14,0,4,4,1.75
VFLM 5067,20,25,1,3,5,3.125
VFLM 5067,21,21,1,7,1,2.625
VFLM 5067,22,25,1,5,3,3.125
VFLM 5067,23,17,1,5,3,2.125
VFLM 5067,24,14,0,4,4,1.75
VFLM 5067,25,25,1,3,5,3.125
VFLM 5067,26,21,1,7,1,2.625
VFLM 5067,27,25,1,5,3,3.125
VFLM 5067,28,17,1,5,3,2.125
VFLM 5067,29,21,1,5,3,2.625
VFLM 5067,30,16,0,4,4,2.0
VFLM 5068,1,28,0,4,4,3.5
VFLM 5068,2,9,1,5,3,1.125
VFLM 5068,3,21,1,3,5,2.625
VFLM 5068,4,18,0,6,2,2.25
VFLM 5068,5,14,0,4,4,1.75
VFLM 5068,6,25,1,3,5,3.125
VFLM 5068,7,21,1,7,1,2.625
VFLM 5068,8,25,1,5,3,3.125
VFLM 5068,9,17,1,5,3,2.125
VFLM 5068,10,18,0,6,2,2.25
VFLM 5068,11,14,0,4,4,1.75
VFLM 5068,12,25,1,3,5,3.125
VFLM 5068,13,21,1,7,1,2.625
VFLM 5068,14,25,1,5,3,3.125
VFLM 5068,15,17,1,5,3,2.125
VFLM 5068,16,21,1,5,3,2.625
VFLM 5068,17,16,0,4,4,2.0
VFLM 5068,18,28,0,4,4,3.5
VFLM 5068,19,9,1,5,3,1.125
VFLM 5068,20,21,1,1,7,2.625
VFLM 5068,21,18,0,6,2,2.25
VFLM 5068,22,14,0,4,4,1.75
VFLM 5068,23,25,1,3,5,3.125
VFLM 5068,24,21,1,7,1,2.625
VFLM 5068,25,25,1,5,3,3.125
VFLM 5068,26,17,1,5,3,2.125
VFLM 5068,27,21,1,5,3,2.625
VFLM 5068,28,21,1,1,7,2.625
VFLM 5068,29,18,0,6,2,2.25
VFLM 5068,30,14,0,4,4,1.75
VFLM 5069,1,25,1,3,5,3.125
VFLM 5069,2,21,1,7,1,2.625
VFLM 5069,3,25,1,5,3,3.125
VFLM 5069,4,17,1,5,3,2.125
VFLM 5069,5,21,1,5,3,2.625
VFLM 5069,6,16,0,4,4,2.0
VFLM 5069,7,28,0,4,4,3.5
VFLM 5069,8,24,0,4,4,3.0
VFLM 5069,9,21,1,1,7,2.625
VFLM 5069,10,18,0,6,2,2.25
VFLM 5069,11,14,0,4,4,1.75
VFLM 5069,12,25,1,3,5,3.125
VFLM 5069,13,21,1,7,1,2.625
VFLM 5069,14,25,1,5,3,3.125
VFLM 5069,15,17,1,5,3,2.125
VFLM 5069,16,21,1,5,3,2.625
VFLM 5069,17,16,0,4,4,2.0
VFLM 5069,18,24,0,4,4,3.0
VFLM 5069,19,21,1,1,7,2.625
VFLM 5069,20,18,0,6,2,2.25
VFLM 5069,21,14,0,4,4,1.75
VFLM 5069,22,25,1,3,5,3.125
VFLM 5069,23,21,1,7,1,2.625
VFLM 5069,24,25,1,5,3,3.125
VFLM 5069,25,17,1,5,3,2.125
VFLM 5069,26,21,1,5,3,2.625
VFLM 5069,27,16,0,4,4,2.0
VFLM 5069,28,24,0,4,4,3.0
VFLM 5069,29,21,1,1,7,2.625
VFLM 5069,30,18,0,6,2,2.25
VFLM 5070,1,14,0,4,4,1.75
VFLM 5070,2,25,1,3,5,3.125
VFLM 5070,3,21,1,7,1,2.625
VFLM 5070,4,25,1,5,3,3.125
VFLM 5070,5,17,1,5,3,2.125
VFLM 5070,6,21,1,5,3,2.625
VFLM 5070,7,16,0,4,4,2.0
VFLM 5070,8,24,0,4,4,3.0
VFLM 5070,9,21,1,1,7,2.625
VFLM 5070,10,18,0,6,2,2.25
VFLM 5070,11,14,0,4,4,1.75
VFLM 5070,12,25,1,3,5,3.125
VFLM 5070,13,21,1,7,1,2.625
VFLM 5070,14,25,1,5,3,3.125
VFLM 5070,15,17,1,5,3,2.125
VFLM 5070,16,21,1,5,3,2.625
VFLM 5070,17,16,0,4,4,2.0
VFLM 5070,18,18,0,2,6,2.25
VFLM 5070,19,24,0,4,4,3.0
VFLM 5070,20,21,1,1,7,2.625
VFLM 5070,21,18,0,6,2,2.25
VFLM 5070,22,14,0,4,4,1.75
VFLM 5070,23,25,1,3,5,3.125
VFLM 5070,24,21,1,7,1,2.625
VFLM 5070,25,25,1,5,3,3.125
VFLM 5070,26,17,1,5,3,2.125
VFLM 5070,27,21,1,5,3,2.625
VFLM 5070,28,18,0,2,6,2.25
VFLM 5070,29,24,0,4,4,3.0
VFLM 5070,30,21,1,1,7,2.625
VFLM 5071,1,18,0,6,2,2.25
VFLM 5071,2,14,0,4,4,1.75
VFLM 5071,3,25,1,3,5,3.125
VFLM 5071,4,21,1,7,1,2.625
VFLM 5071,5,25,1,5,3,3.125
VFLM 5071,6,17,1,5,3,2.125
VFLM 5071,7,21,1,5,3,2.625
VFLM 5071,8,24,0,4,4,3.0
VFLM 5071,9,18,0,2,6,2.25
VFLM 5071,10,24,0,4,4,3.0
VFLM 5071,11,21,1,1,7,2.625
VFLM 5071,12,18,0,6,2,2.25
VFLM 5071,13,14,0,4,4,1.75
VFLM 5071,14,25,1,3,5,3.125
VFLM 5071,15,21,1,7,1,2.625
VFLM 5071,16,25,1,5,3,3.125
VFLM 5071,17,17,1,5,3,2.125
VFLM 5071,18,24,0,4,4,3.0
VFLM 5071,19,18,0,2,6,2.25
VFLM 5071,20,24,0,4,4,3.0
VFLM 5071,21,21,1,1,7,2.625
VFLM 5071,22,18,0,6,2,2.25
VFLM 5071,23,14,0,4,4,1.75
VFLM 5071,24,25,1,3,5,3.125
VFLM 5071,25,21,1,7,1,2.625
VFLM 5071,26,25,1,5,3,3.125
VFLM 5071,27,17,1,5,3,2.125
VFLM 5071,28,22,0,4,4,2.75
VFLM 5071,29,24,0,4,4,3.0
VFLM 5071,30,18,0,2,6,2.25
VFLM 5072,1,24,0,4,4,3.0
VFLM 5072,2,21,1,1,7,2.625
VFLM 5072,3,18,0,6,2,2.25
VFLM 5072,4,14,0,4,4,1.75
VFLM 5072,5,25,1,3,5,3.125
VFLM 5072,6,21,1,7,1,2.625
VFLM 5072,7,25,1,5,3,3.125
VFLM 5072,8,22,0,4,4,2.75
VFLM 5072,9,24,0,4,4,3.0
VFLM 5072,10,18,0,2,6,2.25
VFLM 5072,11,24,0,4,4,3.0
VFLM 5072,12,21,1,1,7,2.625
VFLM 5072,13,18,0,6,2,2.25
VFLM 5072,14,14,0,4,4,1.75
VFLM 5072,15,25,1,3,5,3.125
VFLM 5072,16,21,1,7,1,2.625
VFLM 5072,17,25,1,5,3,3.125
VFLM 5072,18,14,0,4,4,1.75
VFLM 5072,19,22,0,4,4,2.75
VFLM 5072,20,24,0,4,4,3.0
VFLM 5072,21,18,0,2,6,2.25
VFLM 5072,22,24,0,4,4,3.0
VFLM 5072,23,21,1,1,7,2.625
VFLM 5072,24,18,0,6,2,2.25
VFLM 5072,25,14,0,4,4,1.75
VFLM 5072,26,25,1,3,5,3.125
VFLM 5072,27,21,1,7,1,2.625
VFLM 5072,28,14,0,4,4,1.75
VFLM 5072,29,22,0,4,4,2.75
VFLM 5072,30,24,0,4,4,3.0
VFLM 5073,1,18,0,2,6,2.25
VFLM 5073,2,24,0,4,4,3.0
VFLM 5073,3,21,1,1,7,2.625
VFLM 5073,4,18,0,6,2,2.25
VFLM 5073,5,14,0,4,4,1.75
VFLM 5073,6,25,1,3,5,3.125
VFLM 5073,7,21,1,7,1,2.625
VFLM 5073,8,22,0,4,4,2.75
VFLM 5073,9,14,0,4,4,1.75
VFLM 5073,10,22,0,4,4,2.75
VFLM 5073,11,24,0,4,4,3.0
VFLM 5073,12,18,0,2,6,2.25
VFLM 5073,13,24,0,4,4,3.0
VFLM 5073,14,21,1,1,7,2.625
VFLM 5073,15,18,0,6,2,2.25
VFLM 5073,16,14,0,4,4,1.75
VFLM 5073,17,25,1,3,5,3.125
VFLM 5073,18,22,0,4,4,2.75
VFLM 5073,19,14,0,4,4,1.75
VFLM 5073,20,22,0,4,4,2.75
VFLM 5073,21,24,0,4,4,3.0
VFLM 5073,22,18,0,2,6,2.25
VFLM 5073,23,24,0,4,4,3.0
VFLM 5073,24,21,1,1,7,2.625
VFLM 5073,25,18,0,6,2,2.25
VFLM 5073,26,14,0,4,4,1.75
VFLM 5073,27,25,1,3,5,3.125
VFLM 5073,28,22,0,4,4,2.75
VFLM 5073,29,14,0,4,4,1.75
VFLM 5073,30,22,0,4,4,2.75
VFLM 5074,1,24,0,4,4,3.0
VFLM 5074,2,18,0,2,6,2.25
VFLM 5074,3,24,0,4,4,3.0
VFLM 5074,4,21,1,1,7,2.625
VFLM 5074,5,18,0,6,2,2.25
VFLM 5074,6,14,0,4,4,1.75
VFLM 5074,7,25,1,3,5,3.125
VFLM 5074,8,14,0,4,4,1.75
VFLM 5074,9,22,0,4,4,2.75
VFLM 5074,10,14,0,4,4,1.75
VFLM 5074,11,22,0,4,4,2.75
VFLM 5074,12,24,0,4,4,3.0
VFLM 5074,13,18,0,2,6,2.25
VFLM 5074,14,24,0,4,4,3.0
VFLM 5074,15,21,1,1,7,2.625
VFLM 5074,16,18,0,6,2,2.25
VFLM 5074,17,14,0,4,4,1.75
VFLM 5074,18,14,0,4,4,1.75
VFLM 5074,19,22,0,4,4,2.75
VFLM 5074,20,14,0,4,4,1.75
VFLM 5074,21,22,0,4,4,2.75
VFLM 5074,22,24,0,4,4,3.0
VFLM 5074,23,18,0,2,6,2.25
VFLM 5074,24,24,0,4,4,3.0
VFLM 5074,25,21,1,1,7,2.625
VFLM 5074,26,18,0,6,2,2.25
VFLM 5074,27,14,0,4,4,1.75
VFLM 5074,28,19,1,5,3,2.375
VFLM 5074,29,14,0,4,4,1.75
VFLM 5074,30,22,0,4,4,2.75
VFLM 5075,1,14,0,4,4,1.75
VFLM 5075,2,22,0,4,4,2.75
VFLM 5075,3,24,0,4,4,3.0
VFLM 5075,4,18,0,2,6,2.25
VFLM 5075,5,24,0,4,4,3.0
VFLM 5075,6,21,1,1,7,2.625
VFLM 5075,7,18,0,6,2,2.25
VFLM 5075,8,19,1,5,3,2.375
VFLM 5075,9,14,0,4,4,1.75
VFLM 5075,10,22,0,4,4,2.75
VFLM 5075,11,14,0,4,4,1.75
VFLM 5075,12,22,0,4,4,2.75
VFLM 5075,13,24,0,4,4,3.0
VFLM 5075,14,18,0,2,6,2.25
VFLM 5075,15,24,0,4,4,3.0
VFLM 5075,16,21,1,1,7,2.625
VFLM 5075,17,18,0,6,2,2.25
VFLM 5075,18,20,0,4,4,2.5
VFLM 5075,19,19,1,5,3,2.375
VFLM 5075,20,14,0,4,4,1.75
VFLM 5075,21,22,0,4,4,2.75
VFLM 5075,22,14,0,4,4,1.75
VFLM 5075,23,22,0,4,4,2.75
VFLM 5075,24,24,0,4,4,3.0
VFLM 5075,25,18,0,2,6,2.25
VFLM 5075,26,24,0,4,4,3.0
VFLM 5075,27,21,1,1,7,2.625
VFLM 5075,28,20,0,4,4,2.5
VFLM 5075,29,19,1,5,3,2.375
VFLM 5075,30,14,0,4,4,1.75
VFLM 5076,1,22,0,4,4,2.75
VFLM 5076,2,14,0,4,4,1.75
VFLM 5076,3,22,0,4,4,2.75
VFLM 5076,4,24,0,4,4,3.0
VFLM 5076,5,18,0,2,6,2.25
VFLM 5076,6,24,0,4,4,3.0
VFLM 5076,7,21,1,1,7,2.625
VFLM 5076,8,26,0,4,4,3.25
VFLM 5076,9,20,0,4,4,2.5
VFLM 5076,10,19,1,5,3,2.375
VFLM 5076,11,14,0,4,4,1.75
VFLM 5076,12,22,0,4,4,2.75
VFLM 5076,13,14,0,4,4,1.75
VFLM 5076,14,22,0,4,4,2.75
VFLM 5076,15,26,0,4,4,3.25
VFLM 5076,16,20,0,4,4,2.5
VFLM 5076,17,19,1,5,3,2.375
VFLM 5076,18,14,0,4,4,1.75
VFLM 5076,19,22,0,4,4,2.75
VFLM 5076,20,14,0,4,4,1.75
VFLM 5076,21,22,0,4,4,2.75
VFLM 5076,22,24,0,4,4,3.0
VFLM 5076,23,18,0,2,6,2.25
VFLM 5076,24,24,0,4,4,3.0
VFLM 5076,25,20,0,2,6,2.5
VFLM 5076,26,26,0,4,4,3.25
VFLM 5076,27,20,0,4,4,2.5
VFLM 5076,28,19,1,5,3,2.375
VFLM 5076,29,14,0,4,4,1.75
VFLM 5076,30,22,0,4,4,2.75
VFLM 5077,1,14,0,4,4,1.75
VFLM 5077,2,22,0,4,4,2.75
VFLM 5077,3,24,0,4,4,3.0
VFLM 5077,4,18,0,2,6,2.25
VFLM 5077,5,18,0,4,4,2.25
VFLM 5077,6,20,0,2,6,2.5
VFLM 5077,7,26,0,4,4,3.25
VFLM 5077,8,20,0,4,4,2.5
VFLM 5077,9,19,1,5,3,2.375
VFLM 5077,10,14,0,4,4,1.75
VFLM 5077,11,22,0,4,4,2.75
VFLM 5077,12,14,0,4,4,1.75
VFLM 5077,13,22,0,4,4,2.75
VFLM 5077,14,24,0,4,4,3.0
VFLM 5077,15,24,0,4,4,3.0
VFLM 5077,16,18,0,4,4,2.25
VFLM 5077,17,20,0,2,6,2.5
VFLM 5077,18,26,0,4,4,3.25
VFLM 5077,19,20,0,4,4,2.5
VFLM 5077,20,19,1,5,3,2.375
VFLM 5077,21,14,0,4,4,1.75
VFLM 5077,22,22,0,4,4,2.75
VFLM 5077,23,14,0,4,4,1.75
VFLM 5077,24,22,0,4,4,2.75
VFLM 5077,25,23,1,3,5,2.875
VFLM 5077,26,24,0,4,4,3.0
VFLM 5077,27,18,0,4,4,2.25
VFLM 5077,28,20,0,2,6,2.5
VFLM 5077,29,26,0,4,4,3.25
VFLM 5077,30,20,0,4,4,2.5
VFLM 5078,1,19,1,5,3,2.375
VFLM 5078,2,14,0,4,4,1.75
VFLM 5078,3,22,0,4,4,2.75
VFLM 5078,4,14,0,4,4,1.75
VFLM 5078,5,20,0,2,6,2.5
VFLM 5078,6,23,1,3,5,2.875
VFLM 5078,7,24,0,4,4,3.0
VFLM 5078,8,18,0,4,4,2.25
VFLM 5078,9,20,0,2,6,2.5
VFLM 5078,10,26,0,4,4,3.25
VFLM 5078,11,20,0,4,4,2.5
VFLM 5078,12,19,1,5,3,2.375
VFLM 5078,13,14,0,4,4,1.75
VFLM 5078,14,22,0,4,4,2.75
VFLM 5078,15,28,0,4,4,3.5
VFLM 5078,16,20,0,2,6,2.5
VFLM 5078,17,23,1,3,5,2.875
VFLM 5078,18,24,0,4,4,3.0
VFLM 5078,19,18,0,4,4,2.25
VFLM 5078,20,20,0,2,6,2.5
VFLM 5078,21,26,0,4,4,3.25
VFLM 5078,22,20,0,4,4,2.5
VFLM 5078,23,19,1,5,3,2.375
VFLM 5078,24,14,0,4,4,1.75
VFLM 5078,25,16,0,8,0,2.0
VFLM 5078,26,28,0,4,4,3.5
VFLM 5078,27,20,0,2,6,2.5
VFLM 5078,28,16,0,8,0,2.0
VFLM 5078,29,28,0,4,4,3.5
VFLM 5078,30,20,0,2,6,2.5
VFLM 5079,1,23,1,3,5,2.875
VFLM 5079,2,24,0,4,4,3.0
VFLM 5079,3,18,0,4,4,2.25
VFLM 5079,4,20,0,2,6,2.5
VFLM 5079,5,26,0,4,4,3.25
VFLM 5079,6,20,0,4,4,2.5
VFLM 5079,7,19,1,5,3,2.375
VFLM 5079,8,14,0,6,2,1.75
VFLM 5079,9,16,0,8,0,2.0
VFLM 5079,10,28,0,4,4,3.5
VFLM 5079,11,20,0,2,6,2.5
VFLM 5079,12,23,1,3,5,2.875
VFLM 5079,13,24,0,4,4,3.0
VFLM 5079,14,18,0,4,4,2.25
VFLM 5079,15,14,0,6,2,1.75
VFLM 5079,16,16,0,8,0,2.0
VFLM 5079,17,28,0,4,4,3.5
VFLM 5079,18,20,0,2,6,2.5
VFLM 5079,19,23,1,3,5,2.875
VFLM 5079,20,24,0,4,4,3.0
VFLM 5079,21,18,0,4,4,2.25
VFLM 5079,22,20,0,2,6,2.5
VFLM 5079,23,26,0,4,4,3.25
VFLM 5079,24,20,0,4,4,2.5
VFLM 5079,25,25,1,5,3,3.125
VFLM 5079,26,14,0,6,2,1.75
VFLM 5079,27,16,0,8,0,2.0
VFLM 5079,28,28,0,4,4,3.5
VFLM 5079,29,20,0,2,6,2.5
VFLM 5079,30,23,1,3,5,2.875
VFLM 5080,1,16,0,4,4,2.0
VFLM 5080,2,19,1,1,7,2.375
VFLM 5080,3,20,0,4,4,2.5
VFLM 5080,4,28,0,2,6,3.5
VFLM 5080,5,24,0,4,4,3.0
VFLM 5080,6,23,1,3,5,2.875
VFLM 5080,7,18,0,2,6,2.25
VFLM 5080,8,11,1,3,5,1.375
VFLM 5080,9,16,0,6,2,2.0
VFLM 5080,10,16,0,4,4,2.0
VFLM 5080,11,20,0,4,4,2.5
VFLM 5080,12,19,1,3,5,2.375
VFLM 5080,13,18,0,2,6,2.25
VFLM 5080,14,17,1,3,5,2.125
VFLM 5080,15,14,0,2,6,1.75
VFLM 5080,16,18,0,6,2,2.25
VFLM 5080,17,24,0,2,6,3.0
VFLM 5080,18,26,0,4,4,3.25
VFLM 5080,19,23,1,5,3,2.875
VFLM 5080,20,18,0,4,4,2.25
VFLM 5080,21,15,1,5,3,1.875
VFLM 5080,22,13,1,1,7,1.625
VFLM 5080,23,17,1,5,3,2.125
VFLM 5080,24,22,0,4,4,2.75
VFLM 5080,25,22,0,4,4,2.75
VFLM 5080,26,18,0,4,4,2.25
VFLM 5080,27,22,0,6,2,2.75
VFLM 5080,28,26,0,6,2,3.25
VFLM 5080,29,20,0,4,4,2.5
VFLM 5080,30,24,0,2,6,3.0
VFLM 5081,1,17,1,5,3,2.125
VFLM 5081,2,23,1,3,5,2.875
VFLM 5081,3,26,0,6,2,3.25
VFLM 5081,4,17,1,5,3,2.125
VFLM 5081,5,21,1,1,7,2.625
VFLM 5081,6,21,1,3,5,2.625
VFLM 5081,7,28,0,2,6,3.5
VFLM 5081,8,29,1,5,3,3.625
VFLM 5081,9,13,1,3,5,1.625
VFLM 5081,10,22,0,2,6,2.75
VFLM 5081,11,20,0,4,4,2.5
VFLM 5081,12,19,1,3,5,2.375
VFLM 5081,13,25,1,5,3,3.125
VFLM 5081,14,16,0,4,4,2.0
VFLM 5081,15,15,1,3,5,1.875
VFLM 5081,16,19,1,7,1,2.375
VFLM 5081,17,15,1,3,5,1.875
VFLM 5081,18,23,1,3,5,2.875
VFLM 5081,19,23,1,5,3,2.875
VFLM 5081,20,22,0,4,4,2.75
VFLM 5081,21,18,0,4,4,2.25
VFLM 5081,22,22,0,6,2,2.75
VFLM 5081,23,25,1,1,7,3.125
VFLM 5081,24,20,0,2,6,2.5
VFLM 5081,25,18,0,6,2,2.25
VFLM 5081,26,27,1,5,3,3.375
VFLM 5081,27,23,1,7,1,2.875
VFLM 5081,28,20,0,2,6,2.5
VFLM 5081,29,22,0,4,4,2.75
VFLM 5081,30,19,1,3,5,2.375
VFLM 5082,1,18,0,4,4,2.25
VFLM 5082,2,15,1,5,3,1.875
VFLM 5082,3,15,1,7,1,1.875
VFLM 5082,4,17,1,3,5,2.125
VFLM 5082,5,18,0,4,4,2.25
VFLM 5082,6,16,0,4,4,2.0
VFLM 5082,7,22,0,2,6,2.75
VFLM 5082,8,17,1,5,3,2.125
VFLM 5082,9,21,1,7,1,2.625
VFLM 5082,10,20,0,4,4,2.5
VFLM 5082,11,18,0,2,6,2.25
VFLM 5082,12,17,1,5,3,2.125
VFLM 5082,13,19,1,3,5,2.375
VFLM 5082,14,17,1,3,5,2.125
VFLM 5082,15,14,0,4,4,1.75
VFLM 5082,16,22,0,4,4,2.75
VFLM 5082,17,23,1,5,3,2.875
VFLM 5082,18,25,1,5,3,3.125
VFLM 5082,19,24,0,4,4,3.0
VFLM 5082,20,22,0,2,6,2.75
VFLM 5082,21,25,1,7,1,3.125
VFLM 5082,22,25,1,3,5,3.125
VFLM 5082,23,27,1,3,5,3.375
VFLM 5082,24,17,1,5,3,2.125
VFLM 5082,25,21,1,5,3,2.625
VFLM 5082,26,23,1,5,3,2.875
VFLM 5082,27,29,1,3,5,3.625
VFLM 5082,28,17,1,3,5,2.125
VFLM 5082,29,21,1,1,7,2.625
VFLM 5082,30,15,1,5,3,1.875
VFLM 5083,1,17,1,5,3,2.125
VFLM 5083,2,20,0,4,4,2.5
VFLM 5083,3,17,1,5,3,2.125
VFLM 5083,4,25,1,3,5,3.125
VFLM 5083,5,23,1,3,5,2.875
VFLM 5083,6,23,1,5,3,2.875
VFLM 5083,7,28,0,4,4,3.5
VFLM 5083,8,27,1,3,5,3.375
VFLM 5083,9,20,0,4,4,2.5
VFLM 5083,10,15,1,5,3,1.875
VFLM 5083,11,20,0,4,4,2.5
VFLM 5083,12,31,1,1,7,3.875
VFLM 5083,13,21,1,3,5,2.625
VFLM 5083,14,19,1,3,5,2.375
VFLM 5083,15,26,0,4,4,3.25
VFLM 5083,16,18,0,6,2,2.25
VFLM 5083,17,23,1,5,3,2.875
VFLM 5083,18,21,1,7,1,2.625
VFLM 5083,19,18,0,2,6,2.25
VFLM 5083,20,22,0,2,6,2.75
VFLM 5083,21,15,1,1,7,1.875
VFLM 5083,22,20,0,4,4,2.5
VFLM 5083,23,19,1,3,5,2.375
VFLM 5083,24,15,1,5,3,1.875
VFLM 5083,25,27,1,7,1,3.375
VFLM 5083,26,21,1,7,1,2.625
VFLM 5083,27,18,0,2,6,2.25
VFLM 5083,28,22,0,6,2,2.75
VFLM 5083,29,14,0,6,2,1.75
VFLM 5083,30,24,0,4,4,3.0
VFLM 5084,1,25,1,3,5,3.125
VFLM 5084,2,18,0,4,4,2.25
VFLM 5084,3,22,0,4,4,2.75
VFLM 5084,4,17,1,3,5,2.125
VFLM 5084,5,17,1,7,1,2.125
VFLM 5084,6,25,1,5,3,3.125
VFLM 5084,7,22,0,4,4,2.75
VFLM 5084,8,19,1,1,7,2.375
VFLM 5084,9,21,1,5,3,2.625
VFLM 5084,10,25,1,3,5,3.125
VFLM 5084,11,26,0,2,6,3.25
VFLM 5084,12,17,1,7,1,2.125
VFLM 5084,13,16,0,4,4,2.0
VFLM 5084,14,22,0,6,2,2.75
VFLM 5084,15,19,1,5,3,2.375
VFLM 5084,16,19,1,3,5,2.375
VFLM 5084,17,17,1,5,3,2.125
VFLM 5084,18,19,1,3,5,2.375
VFLM 5084,19,22,0,2,6,2.75
VFLM 5084,20,17,1,3,5,2.125
VFLM 5084,21,18,0,2,6,2.25
VFLM 5084,22,20,0,4,4,2.5
VFLM 5084,23,25,1,3,5,3.125
VFLM 5084,24,21,1,5,3,2.625
VFLM 5084,25,24,0,4,4,3.0
VFLM 5084,26,16,0,2,6,2.0
VFLM 5084,27,12,0,2,6,1.5
VFLM 5084,28,18,0,2,6,2.25
VFLM 5084,29,22,0,4,4,2.75
VFLM 5084,30,24,0,4,4,3.0
VFLM 5085,1,31,1,5,3,3.875
VFLM 5085,2,9,1,3,5,1.125
VFLM 5085,3,22,0,4,4,2.75
VFLM 5085,4,18,0,2,6,2.25
VFLM 5085,5,18,0,8,0,2.25
VFLM 5085,6,20,0,4,4,2.5
VFLM 5085,7,26,0,8,0,3.25
VFLM 5085,8,15,1,5,3,1.875
VFLM 5085,9,24,0,2,6,3.0
VFLM 5085,10,19,1,3,5,2.375
VFLM 5085,11,24,0,6,2,3.0
VFLM 5085,12,19,1,5,3,2.375
VFLM 5085,13,22,0,2,6,2.75
VFLM 5085,14,18,0,8,0,2.25
VFLM 5085,15,17,1,3,5,2.125
VFLM 5085,16,18,0,4,4,2.25
VFLM 5085,17,25,1,5,3,3.125
VFLM 5085,18,21,1,7,1,2.625
VFLM 5085,19,22,0,4,4,2.75
VFLM 5085,20,25,1,3,5,3.125
VFLM 5085,21,21,1,3,5,2.625
VFLM 5085,22,23,1,3,5,2.875
VFLM 5085,23,16,0,6,2,2.0
VFLM 5085,24,19,1,5,3,2.375
VFLM 5085,25,15,1,5,3,1.875
VFLM 5085,26,20,0,4,4,2.5
VFLM 5085,27,17,1,3,5,2.125
VFLM 5085,28,18,0,4,4,2.25
VFLM 5085,29,19,1,5,3,2.375
VFLM 5085,30,13,1,3,5,1.625
VFLM 5086,1,27,1,5,3,3.375
VFLM 5086,2,16,0,4,4,2.0
VFLM 5086,3,24,0,4,4,3.0
VFLM 5086,4,20,0,4,4,2.5
VFLM 5086,5,12,0,4,4,1.5
VFLM 5086,6,25,1,5,3,3.125
VFLM 5086,7,18,0,6,2,2.25
VFLM 5086,8,24,0,6,2,3.0
VFLM 5086,9,21,1,5,3,2.625
VFLM 5086,10,27,1,3,5,3.375
VFLM 5086,11,28,0,2,6,3.5
VFLM 5086,12,14,0,4,4,1.75
VFLM 5086,13,18,0,4,4,2.25
VFLM 5086,14,23,1,3,5,2.875
VFLM 5086,15,27,1,7,1,3.375
VFLM 5086,16,25,1,3,5,3.125
VFLM 5086,17,14,0,4,4,1.75
VFLM 5086,18,26,0,4,4,3.25
VFLM 5086,19,21,1,3,5,2.625
VFLM 5086,20,17,1,5,3,2.125
VFLM 5086,21,23,1,3,5,2.875
VFLM 5086,22,19,1,3,5,2.375
VFLM 5086,23,15,1,1,7,1.875
VFLM 5086,24,20,0,2,6,2.5
VFLM 5086,25,26,0,4,4,3.25
VFLM 5086,26,18,0,4,4,2.25
VFLM 5086,27,26,0,4,4,3.25
VFLM 5086,28,34,0,4,4,4.25
VFLM 5086,29,24,0,4,4,3.0
VFLM 5086,30,14,0,4,4,1.75
VFLM 5087,1,21,1,5,3,2.625
VFLM 5087,2,23,1,3,5,2.875
VFLM 5087,3,20,0,4,4,2.5
VFLM 5087,4,23,1,3,5,2.875
VFLM 5087,5,25,1,5,3,3.125
VFLM 5087,6,17,1,1,7,2.125
VFLM 5087,7,22,0,6,2,2.75
VFLM 5087,8,20,0,2,6,2.5
VFLM 5087,9,17,1,5,3,2.125
VFLM 5087,10,25,1,5,3,3.125
VFLM 5087,11,19,1,5,3,2.375
VFLM 5087,12,19,1,3,5,2.375
VFLM 5087,13,21,1,1,7,2.625
VFLM 5087,14,22,0,4,4,2.75
VFLM 5087,15,22,0,4,4,2.75
VFLM 5087,16,22,0,4,4,2.75
VFLM 5087,17,22,0,4,4,2.75
VFLM 5087,18,23,1,3,5,2.875
VFLM 5087,19,14,0,6,2,1.75
VFLM 5087,20,23,1,5,3,2.875
VFLM 5087,21,20,0,4,4,2.5
VFLM 5087,22,21,1,5,3,2.625
VFLM 5087,23,31,1,5,3,3.875
VFLM 5087,24,16,0,4,4,2.0
VFLM 5087,25,17,1,7,1,2.125
VFLM 5087,26,25,1,3,5,3.125
VFLM 5087,27,18,0,6,2,2.25
VFLM 5087,28,19,1,3,5,2.375
VFLM 5087,29,20,0,2,6,2.5
VFLM 5087,30,17,1,3,5,2.125
VFLM 5088,1,16,0,4,4,2.0
VFLM 5088,2,22,0,4,4,2.75
VFLM 5088,3,17,1,3,5,2.125
VFLM 5088,4,27,1,3,5,3.375
VFLM 5088,5,9,1,5,3,1.125
VFLM 5088,6,21,1,5,3,2.625
VFLM 5088,7,20,0,4,4,2.5
VFLM 5088,8,24,0,4,4,3.0
VFLM 5088,9,22,0,2,6,2.75
VFLM 5088,10,25,1,5,3,3.125
VFLM 5088,11,18,0,0,8,2.25
VFLM 5088,12,21,1,3,5,2.625
VFLM 5088,13,20,0,6,2,2.5
VFLM 5088,14,20,0,2,6,2.5
VFLM 5088,15,23,1,5,3,2.875
VFLM 5088,16,16,0,2,6,2.0
VFLM 5088,17,27,1,5,3,3.375
VFLM 5088,18,25,1,5,3,3.125
VFLM 5088,19,25,1,3,5,3.125
VFLM 5088,20,25,1,5,3,3.125
VFLM 5088,21,20,0,6,2,2.5
VFLM 5088,22,22,0,4,4,2.75
VFLM 5088,23,15,1,7,1,1.875
VFLM 5088,24,22,0,6,2,2.75
VFLM 5088,25,22,0,6,2,2.75
VFLM 5088,26,21,1,3,5,2.625
VFLM 5088,27,16,0,4,4,2.0
VFLM 5088,28,21,1,3,5,2.625
VFLM 5088,29,17,1,3,5,2.125
VFLM 5088,30,21,1,1,7,2.625
VFLM 5089,1,21,1,3,5,2.625
VFLM 5089,2,25,1,5,3,3.125
VFLM 5089,3,29,1,3,5,3.625
VFLM 5089,4,18,0,4,4,2.25
VFLM 5089,5,29,1,3,5,3.625
VFLM 5089,6,21,1,5,3,2.625
VFLM 5089,7,27,1,3,5,3.375
VFLM 5089,8,15,1,5,3,1.875
VFLM 5089,9,21,1,5,3,2.625
VFLM 5089,10,16,0,4,4,2.0
VFLM 5089,11,10,0,2,6,1.25
VFLM 5089,12,23,1,3,5,2.875
VFLM 5089,13,21,1,7,1,2.625
VFLM 5089,14,20,0,4,4,2.5
VFLM 5089,15,19,1,5,3,2.375
VFLM 5089,16,22,0,4,4,2.75
VFLM 5089,17,16,0,4,4,2.0
VFLM 5089,18,23,1,5,3,2.875
VFLM 5089,19,29,1,3,5,3.625
VFLM 5089,20,12,0,4,4,1.5
VFLM 5089,21,17,1,3,5,2.125
VFLM 5089,22,13,1,3,5,1.625
VFLM 5089,23,22,0,4,4,2.75
VFLM 5089,24,19,1,5,3,2.375
VFLM 5089,25,23,1,3,5,2.875
VFLM 5089,26,20,0,4,4,2.5
VFLM 5089,27,26,0,2,6,3.25
VFLM 5089,28,17,1,3,5,2.125
VFLM 5089,29,21,1,3,5,2.625
VFLM 5089,30,26,0,6,2,3.25
VFLM 5090,1,26,0,4,4,3.25
VFLM 5090,2,17,1,3,5,2.125
VFLM 5090,3,15,1,3,5,1.875
VFLM 5090,4,13,1,5,3,1.625
VFLM 5090,5,27,1,3,5,3.375
VFLM 5090,6,24,0,4,4,3.0
VFLM 5090,7,18,0,4,4,2.25
VFLM 5090,8,15,1,5,3,1.875
VFLM 5090,9,15,1,5,3,1.875
VFLM 5090,10,24,0,4,4,3.0
VFLM 5090,11,18,0,2,6,2.25
VFLM 5090,12,19,1,3,5,2.375
VFLM 5090,13,20,0,4,4,2.5
VFLM 5090,14,17,1,5,3,2.125
VFLM 5090,15,17,1,3,5,2.125
VFLM 5090,16,19,1,5,3,2.375
VFLM 5090,17,19,1,3,5,2.375
VFLM 5090,18,29,1,3,5,3.625
VFLM 5090,19,21,1,5,3,2.625
VFLM 5090,20,14,0,4,4,1.75
VFLM 5090,21,21,1,3,5,2.625
VFLM 5090,22,21,1,5,3,2.625
VFLM 5090,23,27,1,1,7,3.375
VFLM 5090,24,23,1,3,5,2.875
VFLM 5090,25,21,1,3,5,2.625
VFLM 5090,26,18,0,4,4,2.25
VFLM 5090,27,30,0,4,4,3.75
VFLM 5090,28,20,0,6,2,2.5
VFLM 5090,29,19,1,5,3,2.375
VFLM 5090,30,17,1,3,5,2.125
VFLM 5091,1,22,0,4,4,2.75
VFLM 5091,2,18,0,6,2,2.25
VFLM 5091,3,21,1,5,3,2.625
VFLM 5091,4,27,1,5,3,3.375
VFLM 5091,5,26,0,4,4,3.25
VFLM 5091,6,25,1,5,3,3.125
VFLM 5091,7,23,1,3,5,2.875
VFLM 5091,8,20,0,6,2,2.5
VFLM 5091,9,19,1,5,3,2.375
VFLM 5091,10,17,1,3,5,2.125
VFLM 5091,11,22,0,4,4,2.75
VFLM 5091,12,18,0,6,2,2.25
VFLM 5091,13,22,0,4,4,2.75
VFLM 5091,14,22,0,6,2,2.75
VFLM 5091,15,21,1,3,5,2.625
VFLM 5091,16,11,1,3,5,1.375
VFLM 5091,17,17,1,3,5,2.125
VFLM 5091,18,13,1,5,3,1.625
VFLM 5091,19,18,0,4,4,2.25
VFLM 5091,20,21,1,3,5,2.625
VFLM 5091,21,17,1,1,7,2.125
VFLM 5091,22,20,0,2,6,2.5
VFLM 5091,23,29,1,5,3,3.625
VFLM 5091,24,21,1,5,3,2.625
VFLM 5091,25,21,1,3,5,2.625
VFLM 5091,26,18,0,6,2,2.25
VFLM 5091,27,18,0,2,6,2.25
VFLM 5091,28,21,1,5,3,2.625
VFLM 5091,29,17,1,3,5,2.125
VFLM 5091,30,20,0,6,2,2.5
VFLM 5092,1,22,0,4,4,2.75
VFLM 5092,2,16,0,2,6,2.0
VFLM 5092,3,19,1,3,5,2.375
VFLM 5092,4,20,0,4,4,2.5
VFLM 5092,5,16,0,4,4,2.0
VFLM 5092,6,20,0,2,6,2.5
VFLM 5092,7,18,0,4,4,2.25
VFLM 5092,8,21,1,3,5,2.625
VFLM 5092,9,17,1,5,3,2.125
VFLM 5092,10,20,0,4,4,2.5
VFLM 5092,11,25,1,3,5,3.125
VFLM 5092,12,27,1,3,5,3.375
VFLM 5092,13,24,0,4,4,3.0
VFLM 5092,14,26,0,4,4,3.25
VFLM 5092,15,22,0,2,6,2.75
VFLM 5092,16,21,1,5,3,2.625
VFLM 5092,17,18,0,4,4,2.25
VFLM 5092,18,13,1,3,5,1.625
VFLM 5092,19,19,1,3,5,2.375
VFLM 5092,20,17,1,3,5,2.125
VFLM 5092,21,22,0,2,6,2.75
VFLM 5092,22,18,0,4,4,2.25
VFLM 5092,23,27,1,3,5,3.375
VFLM 5092,24,13,1,1,7,1.625
VFLM 5092,25,14,0,4,4,1.75
VFLM 5092,26,22,0,2,6,2.75
VFLM 5092,27,21,1,7,1,2.625
VFLM 5092,28,20,0,0,8,2.5
VFLM 5092,29,17,1,3,5,2.125
VFLM 5092,30,17,1,3,5,2.125
VFLM 5093,1,24,0,4,4,3.0
VFLM 5093,2,16,0,4,4,2.0
VFLM 5093,3,20,0,4,4,2.5
VFLM 5093,4,25,1,3,5,3.125
VFLM 5093,5,23,1,5,3,2.875
VFLM 5093,6,17,1,5,3,2.125
VFLM 5093,7,22,0,4,4,2.75
VFLM 5093,8,26,0,4,4,3.25
VFLM 5093,9,23,1,1,7,2.875
VFLM 5093,10,23,1,5,3,2.875
VFLM 5093,11,22,0,6,2,2.75
VFLM 5093,12,21,1,5,3,2.625
VFLM 5093,13,23,1,3,5,2.875
VFLM 5093,14,15,1,5,3,1.875
VFLM 5093,15,20,0,4,4,2.5
VFLM 5093,16,26,0,2,6,3.25
VFLM 5093,17,17,1,7,1,2.125
VFLM 5093,18,26,0,2,6,3.25
VFLM 5093,19,14,0,2,6,1.75
VFLM 5093,20,21,1,5,3,2.625
VFLM 5093,21,17,1,5,3,2.125
VFLM 5093,22,27,1,5,3,3.375
VFLM 5093,23,22,0,4,4,2.75
VFLM 5093,24,16,0,4,4,2.0
VFLM 5093,25,17,1,3,5,2.125
VFLM 5093,26,23,1,3,5,2.875
VFLM 5093,27,26,0,4,4,3.25
VFLM 5093,28,19,1,3,5,2.375
VFLM 5093,29,26,0,2,6,3.25
VFLM 5093,30,21,1,5,3,2.625
VFLM 5094,1,13,1,5,3,1.625
VFLM 5094,2,22,0,6,2,2.75
VFLM 5094,3,16,0,2,6,2.0
VFLM 5094,4,25,1,1,7,3.125
VFLM 5094,5,19,1,3,5,2.375
VFLM 5094,6,15,1,5,3,1.875
VFLM 5094,7,20,0,4,4,2.5
VFLM 5094,8,17,1,5,3,2.125
VFLM 5094,9,26,0,4,4,3.25
VFLM 5094,10,20,0,4,4,2.5
VFLM 5094,11,24,0,6,2,3.0
VFLM 5094,12,22,0,4,4,2.75
VFLM 5094,13,22,0,2,6,2.75
VFLM 5094,14,27,1,1,7,3.375
VFLM 5094,15,18,0,4,4,2.25
VFLM 5094,16,22,0,4,4,2.75
VFLM 5094,17,21,1,3,5,2.625
VFLM 5094,18,18,0,4,4,2.25
VFLM 5094,19,22,0,4,4,2.75
VFLM 5094,20,13,1,3,5,1.625
VFLM 5094,21,32,0,6,2,4.0
VFLM 5094,22,23,1,3,5,2.875
VFLM 5094,23,20,0,4,4,2.5
VFLM 5094,24,16,0,4,4,2.0
VFLM 5094,25,15,1,5,3,1.875
VFLM 5094,26,12,0,2,6,1.5
VFLM 5094,27,25,1,5,3,3.125
VFLM 5094,28,15,1,5,3,1.875
VFLM 5094,29,15,1,5,3,1.875
VFLM 5094,30,21,1,7,1,2.625
VFLM 5095,1,28,0,4,4,3.5
VFLM 5095,2,21,1,5,3,2.625
VFLM 5095,3,23,1,3,5,2.875
VFLM 5095,4,20,0,6,2,2.5
VFLM 5095,5,22,0,4,4,2.75
VFLM 5095,6,23,1,3,5,2.875
VFLM 5095,7,24,0,4,4,3.0
VFLM 5095,8,18,0,6,2,2.25
VFLM 5095,9,23,1,5,3,2.875
VFLM 5095,10,16,0,4,4,2.0
VFLM 5095,11,23,1,3,5,2.875
VFLM 5095,12,19,1,3,5,2.375
VFLM 5095,13,14,0,4,4,1.75
VFLM 5095,14,16,0,4,4,2.0
VFLM 5095,15,17,1,5,3,2.125
VFLM 5095,16,25,1,3,5,3.125
VFLM 5095,17,24,0,4,4,3.0
VFLM 5095,18,23,1,3,5,2.875
VFLM 5095,19,28,0,6,2,3.5
VFLM 5095,20,15,1,1,7,1.875
VFLM 5095,21,16,0,6,2,2.0
VFLM 5095,22,15,1,3,5,1.875
VFLM 5095,23,26,0,4,4,3.25
VFLM 5095,24,20,0,4,4,2.5
VFLM 5095,25,17,1,5,3,2.125
VFLM 5095,26,18,0,4,4,2.25
VFLM 5095,27,20,0,6,2,2.5
VFLM 5095,28,25,1,5,3,3.125
VFLM 5095,29,18,0,4,4,2.25
VFLM 5095,30,19,1,3,5,2.375
VFLM 5096,1,20,0,2,6,2.5
VFLM 5096,2,11,1,5,3,1.375
VFLM 5096,3,23,1,3,5,2.875
VFLM 5096,4,16,0,4,4,2.0
VFLM 5096,5,29,1,5,3,3.625
VFLM 5096,6,22,0,6,2,2.75
VFLM 5096,7,20,0,4,4,2.5
VFLM 5096,8,29,1,1,7,3.625
VFLM 5096,9,15,1,3,5,1.875
VFLM 5096,10,23,1,5,3,2.875
VFLM 5096,11,21,1,3,5,2.625
VFLM 5096,12,23,1,5,3,2.875
VFLM 5096,13,27,1,3,5,3.375
VFLM 5096,14,20,0,4,4,2.5
VFLM 5096,15,21,1,5,3,2.625
VFLM 5096,16,19,1,5,3,2.375
VFLM 5096,17,22,0,2,6,2.75
VFLM 5096,18,22,0,4,4,2.75
VFLM 5096,19,24,0,4,4,3.0
VFLM 5096,20,19,1,5,3,2.375
VFLM 5096,21,22,0,6,2,2.75
VFLM 5096,22,21,1,3,5,2.625
VFLM 5096,23,17,1,5,3,2.125
VFLM 5096,24,22,0,4,4,2.75
VFLM 5096,25,16,0,4,4,2.0
VFLM 5096,26,29,1,3,5,3.625
VFLM 5096,27,25,1,5,3,3.125
VFLM 5096,28,33,1,3,5,4.125
VFLM 5096,29,25,1,3,5,3.125
VFLM 5096,30,18,0,4,4,2.25
VFLM 5097,1,26,0,6,2,3.25
VFLM 5097,2,20,0,4,4,2.5
VFLM 5097,3,19,1,5,3,2.375
VFLM 5097,4,14,0,2,6,1.75
VFLM 5097,5,12,0,4,4,1.5
VFLM 5097,6,18,0,6,2,2.25
VFLM 5097,7,20,0,4,4,2.5
VFLM 5097,8,22,0,4,4,2.75
VFLM 5097,9,21,1,5,3,2.625
VFLM 5097,10,21,1,3,5,2.625
VFLM 5097,11,19,1,1,7,2.375
VFLM 5097,12,21,1,5,3,2.625
VFLM 5097,13,23,1,3,5,2.875
VFLM 5097,14,20,0,2,6,2.5
VFLM 5097,15,22,0,4,4,2.75
VFLM 5097,16,24,0,4,4,3.0
VFLM 5097,17,22,0,2,6,2.75
VFLM 5097,18,18,0,2,6,2.25
VFLM 5097,19,21,1,3,5,2.625
VFLM 5097,20,32,0,2,6,4.0
VFLM 5097,21,18,0,2,6,2.25
VFLM 5097,22,24,0,4,4,3.0
VFLM 5097,23,20,0,2,6,2.5
VFLM 5097,24,18,0,4,4,2.25
VFLM 5097,25,19,1,5,3,2.375
VFLM 5097,26,25,1,5,3,3.125
VFLM 5097,27,21,1,5,3,2.625
VFLM 5097,28,17,1,5,3,2.125
VFLM 5097,29,21,1,7,1,2.625
VFLM 5097,30,22,0,4,4,2.75
VFLM 5098,1,18,0,4,4,2.25
VFLM 5098,2,14,0,6,2,1.75
VFLM 5098,3,21,1,5,3,2.625
VFLM 5098,4,23,1,3,5,2.875
VFLM 5098,5,18,0,6,2,2.25
VFLM 5098,6,16,0,4,4,2.0
VFLM 5098,7,18,0,4,4,2.25
VFLM 5098,8,20,0,4,4,2.5
VFLM 5098,9,17,1,3,5,2.125
VFLM 5098,10,28,0,4,4,3.5
VFLM 5098,11,23,1,3,5,2.875
VFLM 5098,12,20,0,4,4,2.5
VFLM 5098,13,26,0,4,4,3.25
VFLM 5098,14,22,0,6,2,2.75
VFLM 5098,15,25,1,5,3,3.125
VFLM 5098,16,15,1,7,1,1.875
VFLM 5098,17,13,1,3,5,1.625
VFLM 5098,18,23,1,3,5,2.875
VFLM 5098,19,22,0,4,4,2.75
VFLM 5098,20,25,1,5,3,3.125
VFLM 5098,21,25,1,1,7,3.125
VFLM 5098,22,21,1,3,5,2.625
VFLM 5098,23,16,0,4,4,2.0
VFLM 5098,24,20,0,4,4,2.5
VFLM 5098,25,17,1,3,5,2.125
VFLM 5098,26,24,0,2,6,3.0
VFLM 5098,27,30,0,4,4,3.75
VFLM 5098,28,19,1,5,3,2.375
VFLM 5098,29,16,0,2,6,2.0
VFLM 5098,30,15,1,7,1,1.875
VFLM 5099,1,17,1,5,3,2.125
VFLM 5099,2,21,1,5,3,2.625
VFLM 5099,3,15,1,3,5,1.875
VFLM 5099,4,19,1,3,5,2.375
VFLM 5099,5,13,1,5,3,1.625
VFLM 5099,6,21,1,3,5,2.625
VFLM 5099,7,18,0,4,4,2.25
VFLM 5099,8,20,0,2,6,2.5
VFLM 5099,9,16,0,2,6,2.0
VFLM 5099,10,22,0,6,2,2.75
VFLM 5099,11,23,1,5,3,2.875
VFLM 5099,12,16,0,6,2,2.0
VFLM 5099,13,20,0,4,4,2.5
VFLM 5099,14,21,1,3,5,2.625
VFLM 5099,15,14,0,4,4,1.75
VFLM 5099,16,17,1,3,5,2.125
VFLM 5099,17,23,1,5,3,2.875
VFLM 5099,18,26,0,6,2,3.25
VFLM 5099,19,15,1,3,5,1.875
VFLM 5099,20,21,1,7,1,2.625
VFLM 5099,21,14,0,4,4,1.75
VFLM 5099,22,27,1,5,3,3.375
VFLM 5099,23,20,0,2,6,2.5
VFLM 5099,24,18,0,2,6,2.25
VFLM 5099,25,20,0,2,6,2.5
VFLM 5099,26,20,0,4,4,2.5
VFLM 5099,27,22,0,2,6,2.75
VFLM 5099,28,19,1,3,5,2.375
VFLM 5099,29,17,1,5,3,2.125
VFLM 5099,30,12,0,2,6,1.5
VFLM 5100,1,28,0,2,6,3.5
VFLM 5100,2,30,0,4,4,3.75
VFLM 5100,3,20,0,4,4,2.5
VFLM 5100,4,26,0,4,4,3.25
VFLM 5100,5,21,1,3,5,2.625
VFLM 5100,6,25,1,5,3,3.125
VFLM 5100,7,24,0,2,6,3.0
VFLM 5100,8,22,0,6,2,2.75
VFLM 5100,9,18,0,4,4,2.25
VFLM 5100,10,13,1,5,3,1.625
VFLM 5100,11,18,0,4,4,2.25
VFLM 5100,12,18,0,4,4,2.25
VFLM 5100,13,20,0,2,6,2.5
VFLM 5100,14,12,0,4,4,1.5
VFLM 5100,15,17,1,5,3,2.125
VFLM 5100,16,18,0,4,4,2.25
VFLM 5100,17,14,0,4,4,1.75
VFLM 5100,18,20,0,4,4,2.5
VFLM 5100,19,21,1,3,5,2.625
VFLM 5100,20,24,0,2,6,3.0
VFLM 5100,21,26,0,2,6,3.25
VFLM 5100,22,26,0,2,6,3.25
VFLM 5100,23,19,1,3,5,2.375
VFLM 5100,24,19,1,5,3,2.375
VFLM 5100,25,16,0,6,2,2.0
VFLM 5100,26,29,1,3,5,3.625
VFLM 5100,27,22,0,2,6,2.75
VFLM 5100,28,28,0,4,4,3.5
VFLM 5100,29,21,1,5,3,2.625
VFLM 5100,30,12,0,2,6,1.5
VFLM 5101,1,19,1,5,3,2.375
VFLM 5101,2,25,1,5,3,3.125
VFLM 5101,3,25,1,3,5,3.125
VFLM 5101,4,16,0,6,2,2.0
VFLM 5101,5,25,1,3,5,3.125
VFLM 5101,6,18,0,6,2,2.25
VFLM 5101,7,10,0,4,4,1.25
VFLM 5101,8,19,1,3,5,2.375
VFLM 5101,9,21,1,3,5,2.625
VFLM 5101,10,23,1,3,5,2.875
VFLM 5101,11,32,0,4,4,4.0
VFLM 5101,12,16,0,4,4,2.0
VFLM 5101,13,21,1,3,5,2.625
VFLM 5101,14,20,0,4,4,2.5
VFLM 5101,15,20,0,4,4,2.5
VFLM 5101,16,20,0,2,6,2.5
VFLM 5101,17,17,1,3,5,2.125
VFLM 5101,18,23,1,7,1,2.875
VFLM 5101,19,22,0,4,4,2.75
VFLM 5101,20,21,1,5,3,2.625
VFLM 5101,21,21,1,3,5,2.625
VFLM 5101,22,19,1,1,7,2.375
VFLM 5101,23,17,1,5,3,2.125
VFLM 5101,24,20,0,4,4,2.5
VFLM 5101,25,18,0,4,4,2.25
VFLM 5101,26,22,0,6,2,2.75
VFLM 5101,27,16,0,4,4,2.0
VFLM 5101,28,16,0,2,6,2.0
VFLM 5101,29,13,1,5,3,1.625
VFLM 5101,30,16,0,2,6,2.0
VFLM 5102,1,20,0,6,2,2.5
VFLM 5102,2,30,0,6,2,3.75
VFLM 5102,3,20,0,6,2,2.5
VFLM 5102,4,27,1,3,5,3.375
VFLM 5102,5,20,0,6,2,2.5
VFLM 5102,6,18,0,6,2,2.25
VFLM 5102,7,17,1,3,5,2.125
VFLM 5102,8,17,1,5,3,2.125
VFLM 5102,9,21,1,3,5,2.625
VFLM 5102,10,22,0,2,6,2.75
VFLM 5102,11,17,1,5,3,2.125
VFLM 5102,12,11,1,7,1,1.375
VFLM 5102,13,20,0,6,2,2.5
VFLM 5102,14,18,0,2,6,2.25
VFLM 5102,15,21,1,5,3,2.625
VFLM 5102,16,27,1,5,3,3.375
VFLM 5102,17,24,0,4,4,3.0
VFLM 5102,18,23,1,3,5,2.875
VFLM 5102,19,21,1,3,5,2.625
VFLM 5102,20,15,1,3,5,1.875
VFLM 5102,21,23,1,3,5,2.875
VFLM 5102,22,22,0,4,4,2.75
VFLM 5102,23,15,1,3,5,1.875
VFLM 5102,24,18,0,2,6,2.25
VFLM 5102,25,18,0,4,4,2.25
VFLM 5102,26,24,0,2,6,3.0
VFLM 5102,27,17,1,7,1,2.125
VFLM 5102,28,28,0,4,4,3.5
VFLM 5102,29,15,1,5,3,1.875
VFLM 5102,30,26,0,4,4,3.25
VFLM 5103,1,22,0,4,4,2.75
VFLM 5103,2,19,1,3,5,2.375
VFLM 5103,3,18,0,2,6,2.25
VFLM 5103,4,22,0,4,4,2.75
VFLM 5103,5,23,1,1,7,2.875
VFLM 5103,6,23,1,3,5,2.875
VFLM 5103,7,24,0,6,2,3.0
VFLM 5103,8,28,0,4,4,3.5
VFLM 5103,9,21,1,3,5,2.625
VFLM 5103,10,17,1,7,1,2.125
VFLM 5103,11,23,1,5,3,2.875
VFLM 5103,12,16,0,2,6,2.0
VFLM 5103,13,21,1,3,5,2.625
VFLM 5103,14,21,1,3,5,2.625
VFLM 5103,15,19,1,5,3,2.375
VFLM 5103,16,23,1,3,5,2.875
VFLM 5103,17,24,0,6,2,3.0
VFLM 5103,18,21,1,5,3,2.625
VFLM 5103,19,19,1,5,3,2.375
VFLM 5103,20,24,0,6,2,3.0
VFLM 5103,21,25,1,5,3,3.125
VFLM 5103,22,23,1,5,3,2.875
VFLM 5103,23,24,0,4,4,3.0
VFLM 5103,24,22,0,4,4,2.75
VFLM 5103,25,22,0,6,2,2.75
VFLM 5103,26,22,0,2,6,2.75
VFLM 5103,27,18,0,6,2,2.25
VFLM 5103,28,18,0,6,2,2.25
VFLM 5103,29,25,1,3,5,3.125
VFLM 5103,30,18,0,6,2,2.25
VFLM 5104,1,19,1,3,5,2.375
VFLM 5104,2,14,0,4,4,1.75
VFLM 5104,3,24,0,2,6,3.0
VFLM 5104,4,18,0,6,2,2.25
VFLM 5104,5,25,1,7,1,3.125
VFLM 5104,6,21,1,5,3,2.625
VFLM 5104,7,23,1,3,5,2.875
VFLM 5104,8,21,1,5,3,2.625
VFLM 5104,9,19,1,3,5,2.375
VFLM 5104,10,20,0,6,2,2.5
VFLM 5104,11,30,0,4,4,3.75
VFLM 5104,12,22,0,4,4,2.75
VFLM 5104,13,19,1,3,5,2.375
VFLM 5104,14,23,1,5,3,2.875
VFLM 5104,15,13,1,3,5,1.625
VFLM 5104,16,18,0,4,4,2.25
VFLM 5104,17,27,1,5,3,3.375
VFLM 5104,18,23,1,3,5,2.875
VFLM 5104,19,26,0,8,0,3.25
VFLM 5104,20,19,1,5,3,2.375
VFLM 5104,21,23,1,3,5,2.875
VFLM 5104,22,26,0,4,4,3.25
VFLM 5104,23,10,0,4,4,1.25
VFLM 5104,24,9,1,5,3,1.125
VFLM 5104,25,27,1,3,5,3.375
VFLM 5104,26,22,0,4,4,2.75
VFLM 5104,27,17,1,5,3,2.125
VFLM 5104,28,23,1,5,3,2.875
VFLM 5104,29,18,0,4,4,2.25
VFLM 5104,30,20,0,2,6,2.5
VFLM 5105,1,19,1,1,7,2.375
VFLM 5105,2,19,1,3,5,2.375
VFLM 5105,3,24,0,6,2,3.0
VFLM 5105,4,23,1,3,5,2.875
VFLM 5105,5,22,0,2,6,2.75
VFLM 5105,6,21,1,1,7,2.625
VFLM 5105,7,20,0,6,2,2.5
VFLM 5105,8,22,0,4,4,2.75
VFLM 5105,9,29,1,3,5,3.625
VFLM 5105,10,22,0,6,2,2.75
VFLM 5105,11,22,0,4,4,2.75
VFLM 5105,12,23,1,5,3,2.875
VFLM 5105,13,18,0,4,4,2.25
VFLM 5105,14,19,1,5,3,2.375
VFLM 5105,15,19,1,5,3,2.375
VFLM 5105,16,20,0,6,2,2.5
VFLM 5105,17,23,1,3,5,2.875
VFLM 5105,18,25,1,3,5,3.125
VFLM 5105,19,18,0,4,4,2.25
VFLM 5105,20,15,1,3,5,1.875
VFLM 5105,21,23,1,3,5,2.875
VFLM 5105,22,17,1,5,3,2.125
VFLM 5105,23,12,0,0,8,1.5
VFLM 5105,24,19,1,3,5,2.375
VFLM 5105,25,26,0,2,6,3.25
VFLM 5105,26,18,0,2,6,2.25
VFLM 5105,27,21,1,5,3,2.625
VFLM 5105,28,17,1,5,3,2.125
VFLM 5105,29,22,0,2,6,2.75
VFLM 5105,30,21,1,7,1,2.625
VFLM 5106,1,16,0,4,4,2.0
VFLM 5106,2,25,1,5,3,3.125
VFLM 5106,3,20,0,4,4,2.5
VFLM 5106,4,18,0,2,6,2.25
VFLM 5106,5,15,1,3,5,1.875
VFLM 5106,6,19,1,5,3,2.375
VFLM 5106,7,19,1,1,7,2.375
VFLM 5106,8,21,1,3,5,2.625
VFLM 5106,9,23,1,1,7,2.875
VFLM 5106,10,22,0,6,2,2.75
VFLM 5106,11,19,1,3,5,2.375
VFLM 5106,12,19,1,7,1,2.375
VFLM 5106,13,22,0,4,4,2.75
VFLM 5106,14,23,1,5,3,2.875
VFLM 5106,15,25,1,5,3,3.125
VFLM 5106,16,25,1,3,5,3.125
VFLM 5106,17,30,0,4,4,3.75
VFLM 5106,18,24,0,8,0,3.0
VFLM 5106,19,28,0,4,4,3.5
VFLM 5106,20,22,0,4,4,2.75
VFLM 5106,21,21,1,5,3,2.625
VFLM 5106,22,22,0,6,2,2.75
VFLM 5106,23,19,1,5,3,2.375
VFLM 5106,24,23,1,1,7,2.875
VFLM 5106,25,26,0,2,6,3.25
VFLM 5106,26,19,1,5,3,2.375
VFLM 5106,27,27,1,5,3,3.375
VFLM 5106,28,15,1,3,5,1.875
VFLM 5106,29,13,1,3,5,1.625
VFLM 5106,30,22,0,4,4,2.75
VFLM 5107,1,15,1,1,7,1.875
VFLM 5107,2,19,1,5,3,2.375
VFLM 5107,3,23,1,5,3,2.875
VFLM 5107,4,20,0,4,4,2.5
VFLM 5107,5,22,0,4,4,2.75
VFLM 5107,6,19,1,3,5,2.375
VFLM 5107,7,18,0,4,4,2.25
VFLM 5107,8,31,1,3,5,3.875
VFLM 5107,9,17,1,7,1,2.125
VFLM 5107,10,24,0,2,6,3.0
VFLM 5107,11,27,1,5,3,3.375
VFLM 5107,12,22,0,4,4,2.75
VFLM 5107,13,30,0,4,4,3.75
VFLM 5107,14,14,0,6,2,1.75
VFLM 5107,15,23,1,5,3,2.875
VFLM 5107,16,22,0,4,4,2.75
VFLM 5107,17,21,1,5,3,2.625
VFLM 5107,18,15,1,5,3,1.875
VFLM 5107,19,17,1,5,3,2.125
VFLM 5107,20,24,0,4,4,3.0
VFLM 5107,21,25,1,3,5,3.125
VFLM 5107,22,12,0,4,4,1.5
VFLM 5107,23,23,1,5,3,2.875
VFLM 5107,24,21,1,1,7,2.625
VFLM 5107,25,20,0,4,4,2.5
VFLM 5107,26,27,1,5,3,3.375
VFLM 5107,27,20,0,6,2,2.5
VFLM 5107,28,15,1,3,5,1.875
VFLM 5107,29,25,1,1,7,3.125
VFLM 5107,30,24,0,4,4,3.0
VFLM 5108,1,20,0,2,6,2.5
VFLM 5108,2,20,0,2,6,2.5
VFLM 5108,3,27,1,3,5,3.375
VFLM 5108,4,13,1,7,1,1.625
VFLM 5108,5,19,1,3,5,2.375
VFLM 5108,6,22,0,4,4,2.75
VFLM 5108,7,18,0,2,6,2.25
VFLM 5108,8,15,1,5,3,1.875
VFLM 5108,9,14,0,4,4,1.75
VFLM 5108,10,28,0,4,4,3.5
VFLM 5108,11,15,1,5,3,1.875
VFLM 5108,12,20,0,8,0,2.5
VFLM 5108,13,17,1,3,5,2.125
VFLM 5108,14,20,0,2,6,2.5
VFLM 5108,15,19,1,7,1,2.375
VFLM 5108,16,25,1,5,3,3.125
VFLM 5108,17,23,1,5,3,2.875
VFLM 5108,18,20,0,4,4,2.5
VFLM 5108,19,12,0,2,6,1.5
VFLM 5108,20,18,0,4,4,2.25
VFLM 5108,21,17,1,3,5,2.125
VFLM 5108,22,13,1,5,3,1.625
VFLM 5108,23,23,1,5,3,2.875
VFLM 5108,24,24,0,4,4,3.0
VFLM 5108,25,27,1,5,3,3.375
VFLM 5108,26,15,1,3,5,1.875
VFLM 5108,27,12,0,2,6,1.5
VFLM 5108,28,23,1,5,3,2.875
VFLM 5108,29,15,1,7,1,1.875
VFLM 5108,30,23,1,5,3,2.875
VFLM 5109,1,19,1,3,5,2.375
VFLM 5109,2,15,1,7,1,1.875
VFLM 5109,3,14,0,4,4,1.75
VFLM 5109,4,21,1,3,5,2.625
VFLM 5109,5,25,1,5,3,3.125
VFLM 5109,6,23,1,5,3,2.875
VFLM 5109,7,21,1,3,5,2.625
VFLM 5109,8,23,1,5,3,2.875
VFLM 5109,9,24,0,6,2,3.0
VFLM 5109,10,21,1,5,3,2.625
VFLM 5109,11,21,1,3,5,2.625
VFLM 5109,12,24,0,4,4,3.0
VFLM 5109,13,26,0,2,6,3.25
VFLM 5109,14,22,0,2,6,2.75
VFLM 5109,15,18,0,4,4,2.25
VFLM 5109,16,26,0,4,4,3.25
VFLM 5109,17,14,0,2,6,1.75
VFLM 5109,18,11,1,5,3,1.375
VFLM 5109,19,14,0,2,6,1.75
VFLM 5109,20,18,0,4,4,2.25
VFLM 5109,21,16,0,6,2,2.0
VFLM 5109,22,13,1,5,3,1.625
VFLM 5109,23,24,0,4,4,3.0
VFLM 5109,24,13,1,5,3,1.625
VFLM 5109,25,31,1,5,3,3.875
VFLM 5109,26,18,0,2,6,2.25
VFLM 5109,27,22,0,4,4,2.75
VFLM 5109,28,24,0,4,4,3.0
VFLM 5109,29,14,0,2,6,1.75
VFLM 5109,30,14,0,4,4,1.75
VFLM 5110,1,20,0,6,2,2.5
VFLM 5110,2,19,1,3,5,2.375
VFLM 5110,3,21,1,3,5,2.625
VFLM 5110,4,25,1,3,5,3.125
VFLM 5110,5,17,1,3,5,2.125
VFLM 5110,6,14,0,2,6,1.75
VFLM 5110,7,32,0,2,6,4.0
VFLM 5110,8,29,1,5,3,3.625
VFLM 5110,9,18,0,6,2,2.25
VFLM 5110,10,18,0,4,4,2.25
VFLM 5110,11,18,0,2,6,2.25
VFLM 5110,12,15,1,3,5,1.875
VFLM 5110,13,23,1,1,7,2.875
VFLM 5110,14,17,1,3,5,2.125
VFLM 5110,15,17,1,5,3,2.125
VFLM 5110,16,19,1,5,3,2.375
VFLM 5110,17,14,0,2,6,1.75
VFLM 5110,18,13,1,1,7,1.625
VFLM 5110,19,19,1,5,3,2.375
VFLM 5110,20,18,0,2,6,2.25
VFLM 5110,21,22,0,4,4,2.75
VFLM 5110,22,15,1,3,5,1.875
VFLM 5110,23,24,0,2,6,3.0
VFLM 5110,24,22,0,4,4,2.75
VFLM 5110,25,22,0,4,4,2.75
VFLM 5110,26,19,1,5,3,2.375
VFLM 5110,27,16,0,4,4,2.0
VFLM 5110,28,27,1,3,5,3.375
VFLM 5110,29,25,1,5,3,3.125
VFLM 5110,30,31,1,3,5,3.875
VFLM 5111,1,21,1,3,5,2.625
VFLM 5111,2,25,1,3,5,3.125
VFLM 5111,3,23,1,5,3,2.875
VFLM 5111,4,25,1,5,3,3.125
VFLM 5111,5,22,0,6,2,2.75
VFLM 5111,6,17,1,3,5,2.125
VFLM 5111,7,24,0,4,4,3.0
VFLM 5111,8,24,0,2,6,3.0
VFLM 5111,9,23,1,5,3,2.875
VFLM 5111,10,17,1,7,1,2.125
VFLM 5111,11,22,0,2,6,2.75
VFLM 5111,12,24,0,6,2,3.0
VFLM 5111,13,26,0,2,6,3.25
VFLM 5111,14,18,0,6,2,2.25
VFLM 5111,15,14,0,2,6,1.75
VFLM 5111,16,17,1,3,5,2.125
VFLM 5111,17,23,1,7,1,2.875
VFLM 5111,18,20,0,4,4,2.5
VFLM 5111,19,22,0,2,6,2.75
VFLM 5111,20,18,0,4,4,2.25
VFLM 5111,21,20,0,6,2,2.5
VFLM 5111,22,22,0,4,4,2.75
VFLM 5111,23,24,0,4,4,3.0
VFLM 5111,24,17,1,5,3,2.125
VFLM 5111,25,23,1,3,5,2.875
VFLM 5111,26,25,1,3,5,3.125
VFLM 5111,27,17,1,3,5,2.125
VFLM 5111,28,17,1,7,1,2.125
VFLM 5111,29,16,0,4,4,2.0
VFLM 5111,30,20,0,4,4,2.5
VFLM 5112,1,24,0,2,6,3.0
VFLM 5112,2,19,1,5,3,2.375
VFLM 5112,3,22,0,4,4,2.75
VFLM 5112,4,24,0,6,2,3.0
VFLM 5112,5,19,1,5,3,2.375
VFLM 5112,6,16,0,4,4,2.0
VFLM 5112,7,20,0,4,4,2.5
VFLM 5112,8,14,0,4,4,1.75
VFLM 5112,9,21,1,7,1,2.625
VFLM 5112,10,22,0,2,6,2.75
VFLM 5112,11,20,0,4,4,2.5
VFLM 5112,12,27,1,3,5,3.375
VFLM 5112,13,20,0,4,4,2.5
VFLM 5112,14,21,1,3,5,2.625
VFLM 5112,15,21,1,1,7,2.625
VFLM 5112,16,18,0,4,4,2.25
VFLM 5112,17,28,0,0,8,3.5
VFLM 5112,18,16,0,6,2,2.0
VFLM 5112,19,22,0,4,4,2.75
VFLM 5112,20,18,0,4,4,2.25
VFLM 5112,21,16,0,4,4,2.0
VFLM 5112,22,23,1,5,3,2.875
VFLM 5112,23,18,0,6,2,2.25
VFLM 5112,24,19,1,5,3,2.375
VFLM 5112,25,18,0,2,6,2.25
VFLM 5112,26,25,1,3,5,3.125
VFLM 5112,27,23,1,5,3,2.875
VFLM 5112,28,19,1,5,3,2.375
VFLM 5112,29,18,0,4,4,2.25
VFLM 5112,30,23,1,3,5,2.875
VFLM 5113,1,21,1,7,1,2.625
VFLM 5113,2,15,1,7,1,1.875
VFLM 5113,3,22,0,4,4,2.75
VFLM 5113,4,17,1,5,3,2.125
VFLM 5113,5,25,1,3,5,3.125
VFLM 5113,6,26,0,6,2,3.25
VFLM 5113,7,15,1,7,1,1.875
VFLM 5113,8,14,0,2,6,1.75
VFLM 5113,9,23,1,5,3,2.875
VFLM 5113,10,20,0,4,4,2.5
VFLM 5113,11,19,1,5,3,2.375
VFLM 5113,12,19,1,5,3,2.375
VFLM 5113,13,25,1,5,3,3.125
VFLM 5113,14,23,1,5,3,2.875
VFLM 5113,15,20,0,2,6,2.5
VFLM 5113,16,22,0,4,4,2.75
VFLM 5113,17,29,1,3,5,3.625
VFLM 5113,18,19,1,5,3,2.375
VFLM 5113,19,17,1,3,5,2.125
VFLM 5113,20,16,0,4,4,2.0
VFLM 5113,21,21,1,3,5,2.625
VFLM 5113,22,23,1,5,3,2.875
VFLM 5113,23,27,1,1,7,3.375
VFLM 5113,24,25,1,3,5,3.125
VFLM 5113,25,18,0,4,4,2.25
VFLM 5113,26,24,0,2,6,3.0
VFLM 5113,27,25,1,5,3,3.125
VFLM 5113,28,27,1,3,5,3.375
VFLM 5113,29,13,1,5,3,1.625
VFLM 5113,30,28,0,6,2,3.5
VFLM 5114,1,23,1,5,3,2.875
VFLM 5114,2,21,1,5,3,2.625
VFLM 5114,3,17,1,3,5,2.125
VFLM 5114,4,17,1,5,3,2.125
VFLM 5114,5,24,0,4,4,3.0
VFLM 5114,6,17,1,5,3,2.125
VFLM 5114,7,19,1,3,5,2.375
VFLM 5114,8,25,1,3,5,3.125
VFLM 5114,9,12,0,2,6,1.5
VFLM 5114,10,32,0,4,4,4.0
VFLM 5114,11,28,0,4,4,3.5
VFLM 5114,12,31,1,5,3,3.875
VFLM 5114,13,12,0,2,6,1.5
VFLM 5114,14,21,1,3,5,2.625
VFLM 5114,15,23,1,3,5,2.875
VFLM 5114,16,18,0,4,4,2.25
VFLM 5114,17,24,0,4,4,3.0
VFLM 5114,18,24,0,2,6,3.0
VFLM 5114,19,12,0,4,4,1.5
VFLM 5114,20,29,1,5,3,3.625
VFLM 5114,21,12,0,2,6,1.5
VFLM 5114,22,26,0,4,4,3.25
VFLM 5114,23,23,1,3,5,2.875
VFLM 5114,24,17,1,5,3,2.125
VFLM 5114,25,23,1,5,3,2.875
VFLM 5114,26,17,1,1,7,2.125
VFLM 5114,27,18,0,2,6,2.25
VFLM 5114,28,31,1,7,1,3.875
VFLM 5114,29,21,1,1,7,2.625
VFLM 5114,30,23,1,3,5,2.875
VFLM 5115,1,14,0,6,2,1.75
VFLM 5115,2,19,1,3,5,2.375
VFLM 5115,3,20,0,4,4,2.5
VFLM 5115,4,23,1,5,3,2.875
VFLM 5115,5,22,0,0,8,2.75
VFLM 5115,6,18,0,2,6,2.25
VFLM 5115,7,24,0,4,4,3.0
VFLM 5115,8,19,1,5,3,2.375
VFLM 5115,9,22,0,4,4,2.75
VFLM 5115,10,16,0,2,6,2.0
VFLM 5115,11,22,0,2,6,2.75
VFLM 5115,12,17,1,3,5,2.125
VFLM 5115,13,23,1,5,3,2.875
VFLM 5115,14,23,1,7,1,2.875
VFLM 5115,15,22,0,4,4,2.75
VFLM 5115,16,17,1,5,3,2.125
VFLM 5115,17,28,0,6,2,3.5
VFLM 5115,18,28,0,4,4,3.5
VFLM 5115,19,21,1,3,5,2.625
VFLM 5115,20,22,0,4,4,2.75
VFLM 5115,21,18,0,2,6,2.25
VFLM 5115,22,18,0,4,4,2.25
VFLM 5115,23,23,1,3,5,2.875
VFLM 5115,24,23,1,5,3,2.875
VFLM 5115,25,29,1,3,5,3.625
VFLM 5115,26,23,1,7,1,2.875
VFLM 5115,27,23,1,5,3,2.875
VFLM 5115,28,18,0,2,6,2.25
VFLM 5115,29,21,1,3,5,2.625
VFLM 5115,30,22,0,6,2,2.75
VFLM 5116,1,18,0,4,4,2.25
VFLM 5116,2,18,0,4,4,2.25
VFLM 5116,3,16,0,4,4,2.0
VFLM 5116,4,21,1,3,5,2.625
VFLM 5116,5,30,0,4,4,3.75
VFLM 5116,6,24,0,4,4,3.0
VFLM 5116,7,24,0,4,4,3.0
VFLM 5116,8,25,1,5,3,3.125
VFLM 5116,9,26,0,6,2,3.25
VFLM 5116,10,20,0,4,4,2.5
VFLM 5116,11,25,1,5,3,3.125
VFLM 5116,12,27,1,5,3,3.375
VFLM 5116,13,25,1,3,5,3.125
VFLM 5116,14,14,0,4,4,1.75
VFLM 5116,15,18,0,2,6,2.25
VFLM 5116,16,16,0,4,4,2.0
VFLM 5116,17,17,1,5,3,2.125
VFLM 5116,18,11,1,7,1,1.375
VFLM 5116,19,20,0,4,4,2.5
VFLM 5116,20,21,1,3,5,2.625
VFLM 5116,21,20,0,2,6,2.5
VFLM 5116,22,20,0,2,6,2.5
VFLM 5116,23,26,0,4,4,3.25
VFLM 5116,24,20,0,4,4,2.5
VFLM 5116,25,19,1,3,5,2.375
VFLM 5116,26,17,1,5,3,2.125
VFLM 5116,27,18,0,4,4,2.25
VFLM 5116,28,17,1,5,3,2.125
VFLM 5116,29,18,0,6,2,2.25
VFLM 5116,30,18,0,6,2,2.25
VFLM 5117,1,17,1,5,3,2.125
VFLM 5117,2,20,0,4,4,2.5
VFLM 5117,3,22,0,4,4,2.75
VFLM 5117,4,24,0,6,2,3.0
VFLM 5117,5,35,1,3,5,4.375
VFLM 5117,6,16,0,2,6,2.0
VFLM 5117,7,24,0,4,4,3.0
VFLM 5117,8,26,0,6,2,3.25
VFLM 5117,9,28,0,4,4,3.5
VFLM 5117,10,15,1,1,7,1.875
VFLM 5117,11,19,1,7,1,2.375
VFLM 5117,12,25,1,3,5,3.125
VFLM 5117,13,20,0,6,2,2.5
VFLM 5117,14,24,0,2,6,3.0
VFLM 5117,15,17,1,5,3,2.125
VFLM 5117,16,15,1,1,7,1.875
VFLM 5117,17,27,1,5,3,3.375
VFLM 5117,18,16,0,4,4,2.0
VFLM 5117,19,24,0,4,4,3.0
VFLM 5117,20,17,1,1,7,2.125
VFLM 5117,21,26,0,6,2,3.25
VFLM 5117,22,19,1,3,5,2.375
VFLM 5117,23,22,0,4,4,2.75
VFLM 5117,24,24,0,6,2,3.0
VFLM 5117,25,23,1,5,3,2.875
VFLM 5117,26,17,1,5,3,2.125
VFLM 5117,27,24,0,6,2,3.0
VFLM 5117,28,21,1,5,3,2.625
VFLM 5117,29,23,1,5,3,2.875
VFLM 5117,30,17,1,5,3,2.125
VFLM 5118,1,31,1,5,3,3.875
VFLM 5118,2,23,1,1,7,2.875
VFLM 5118,3,17,1,3,5,2.125
VFLM 5118,4,12,0,6,2,1.5
VFLM 5118,5,19,1,5,3,2.375
VFLM 5118,6,22,0,4,4,2.75
VFLM 5118,7,14,0,2,6,1.75
VFLM 5118,8,12,0,6,2,1.5
VFLM 5118,9,20,0,4,4,2.5
VFLM 5118,10,14,0,4,4,1.75
VFLM 5118,11,22,0,6,2,2.75
VFLM 5118,12,16,0,4,4,2.0
VFLM 5118,13,21,1,3,5,2.625
VFLM 5118,14,24,0,4,4,3.0
VFLM 5118,15,18,0,4,4,2.25
VFLM 5118,16,15,1,3,5,1.875
VFLM 5118,17,20,0,4,4,2.5
VFLM 5118,18,21,1,5,3,2.625
VFLM 5118,19,21,1,5,3,2.625
VFLM 5118,20,26,0,6,2,3.25
VFLM 5118,21,26,0,4,4,3.25
VFLM 5118,22,19,1,5,3,2.375
VFLM 5118,23,16,0,4,4,2.0
VFLM 5118,24,20,0,4,4,2.5
VFLM 5118,25,19,1,3,5,2.375
VFLM 5118,26,19,1,5,3,2.375
VFLM 5118,27,18,0,2,6,2.25
VFLM 5118,28,14,0,4,4,1.75
VFLM 5118,29,17,1,3,5,2.125
VFLM 5118,30,20,0,6,2,2.5
VFLM 5119,1,17,1,3,5,2.125
VFLM 5119,2,23,1,5,3,2.875
VFLM 5119,3,20,0,4,4,2.5
VFLM 5119,4,22,0,4,4,2.75
VFLM 5119,5,22,0,4,4,2.75
VFLM 5119,6,17,1,5,3,2.125
VFLM 5119,7,21,1,5,3,2.625
VFLM 5119,8,19,1,5,3,2.375
VFLM 5119,9,27,1,3,5,3.375
VFLM 5119,10,25,1,5,3,3.125
VFLM 5119,11,22,0,4,4,2.75
VFLM 5119,12,15,1,3,5,1.875
VFLM 5119,13,13,1,5,3,1.625
VFLM 5119,14,25,1,3,5,3.125
VFLM 5119,15,22,0,4,4,2.75
VFLM 5119,16,22,0,4,4,2.75
VFLM 5119,17,20,0,4,4,2.5
VFLM 5119,18,19,1,5,3,2.375
VFLM 5119,19,25,1,5,3,3.125
VFLM 5119,20,26,0,4,4,3.25
VFLM 5119,21,23,1,5,3,2.875
VFLM 5119,22,24,0,4,4,3.0
VFLM 5119,23,15,1,1,7,1.875
VFLM 5119,24,17,1,3,5,2.125
VFLM 5119,25,22,0,4,4,2.75
VFLM 5119,26,20,0,6,2,2.5
VFLM 5119,27,20,0,4,4,2.5
VFLM 5119,28,25,1,5,3,3.125
VFLM 5119,29,16,0,2,6,2.0
VFLM 5119,30,24,0,8,0,3.0
VFLM 5120,1,18,0,4,4,2.25
VFLM 5120,2,17,1,3,5,2.125
VFLM 5120,3,20,0,4,4,2.5
VFLM 5120,4,21,1,3,5,2.625
VFLM 5120,5,27,1,5,3,3.375
VFLM 5120,6,20,0,4,4,2.5
VFLM 5120,7,20,0,4,4,2.5
VFLM 5120,8,18,0,4,4,2.25
VFLM 5120,9,18,0,2,6,2.25
VFLM 5120,10,16,0,2,6,2.0
VFLM 5120,11,26,0,4,4,3.25
VFLM 5120,12,17,1,3,5,2.125
VFLM 5120,13,19,1,5,3,2.375
VFLM 5120,14,21,1,3,5,2.625
VFLM 5120,15,14,0,4,4,1.75
VFLM 5120,16,19,1,3,5,2.375
VFLM 5120,17,13,1,3,5,1.625
VFLM 5120,18,19,1,5,3,2.375
VFLM 5120,19,24,0,4,4,3.0
VFLM 5120,20,20,0,4,4,2.5
VFLM 5120,21,22,0,6,2,2.75
VFLM 5120,22,16,0,4,4,2.0
VFLM 5120,23,22,0,4,4,2.75
VFLM 5120,24,21,1,5,3,2.625
VFLM 5120,25,17,1,1,7,2.125
VFLM 5120,26,21,1,5,3,2.625
VFLM 5120,27,17,1,3,5,2.125
VFLM 5120,28,16,0,4,4,2.0
VFLM 5120,29,21,1,7,1,2.625
VFLM 5120,30,16,0,4,4,2.0
VFLM 5121,1,21,1,5,3,2.625
VFLM 5121,2,23,1,3,5,2.875
VFLM 5121,3,25,1,5,3,3.125
VFLM 5121,4,13,1,3,5,1.625
VFLM 5121,5,13,1,5,3,1.625
VFLM 5121,6,27,1,3,5,3.375
VFLM 5121,7,16,0,6,2,2.0
VFLM 5121,8,27,1,3,5,3.375
VFLM 5121,9,25,1,3,5,3.125
VFLM 5121,10,26,0,4,4,3.25
VFLM 5121,11,23,1,5,3,2.875
VFLM 5121,12,19,1,3,5,2.375
VFLM 5121,13,20,0,4,4,2.5
VFLM 5121,14,14,0,6,2,1.75
VFLM 5121,15,27,1,3,5,3.375
VFLM 5121,16,14,0,4,4,1.75
VFLM 5121,17,21,1,5,3,2.625
VFLM 5121,18,16,0,2,6,2.0
VFLM 5121,19,20,0,6,2,2.5
VFLM 5121,20,25,1,5,3,3.125
VFLM 5121,21,22,0,4,4,2.75
VFLM 5121,22,22,0,2,6,2.75
VFLM 5121,23,18,0,4,4,2.25
VFLM 5121,24,21,1,1,7,2.625
VFLM 5121,25,26,0,6,2,3.25
VFLM 5121,26,20,0,2,6,2.5
VFLM 5121,27,29,1,3,5,3.625
VFLM 5121,28,19,1,3,5,2.375
VFLM 5121,29,22,0,2,6,2.75
VFLM 5121,30,20,0,2,6,2.5
VFLM 5122,1,19,1,5,3,2.375
VFLM 5122,2,15,1,3,5,1.875
VFLM 5122,3,20,0,4,4,2.5
VFLM 5122,4,20,0,4,4,2.5
VFLM 5122,5,28,0,6,2,3.5
VFLM 5122,6,13,1,5,3,1.625
VFLM 5122,7,28,0,4,4,3.5
VFLM 5122,8,23,1,5,3,2.875
VFLM 5122,9,24,0,4,4,3.0
VFLM 5122,10,20,0,6,2,2.5
VFLM 5122,11,25,1,1,7,3.125
VFLM 5122,12,12,0,2,6,1.5
VFLM 5122,13,24,0,2,6,3.0
VFLM 5122,14,16,0,6,2,2.0
VFLM 5122,15,29,1,5,3,3.625
VFLM 5122,16,20,0,6,2,2.5
VFLM 5122,17,14,0,6,2,1.75
VFLM 5122,18,22,0,2,6,2.75
VFLM 5122,19,26,0,4,4,3.25
VFLM 5122,20,31,1,3,5,3.875
VFLM 5122,21,26,0,2,6,3.25
VFLM 5122,22,26,0,4,4,3.25
VFLM 5122,23,33,1,3,5,4.125
VFLM 5122,24,21,1,3,5,2.625
VFLM 5122,25,19,1,5,3,2.375
VFLM 5122,26,15,1,1,7,1.875
VFLM 5122,27,17,1,3,5,2.125
VFLM 5122,28,18,0,2,6,2.25
VFLM 5122,29,23,1,5,3,2.875
VFLM 5122,30,15,1,3,5,1.875
VFLM 5123,1,19,1,5,3,2.375
VFLM 5123,2,14,0,6,2,1.75
VFLM 5123,3,18,0,2,6,2.25
VFLM 5123,4,22,0,2,6,2.75
VFLM 5123,5,19,1,5,3,2.375
VFLM 5123,6,17,1,3,5,2.125
VFLM 5123,7,24,0,4,4,3.0
VFLM 5123,8,28,0,4,4,3.5
VFLM 5123,9,23,1,5,3,2.875
VFLM 5123,10,26,0,2,6,3.25
VFLM 5123,11,22,0,2,6,2.75
VFLM 5123,12,23,1,3,5,2.875
VFLM 5123,13,20,0,2,6,2.5
VFLM 5123,14,19,1,3,5,2.375
VFLM 5123,15,23,1,5,3,2.875
VFLM 5123,16,22,0,4,4,2.75
VFLM 5123,17,10,0,6,2,1.25
VFLM 5123,18,25,1,3,5,3.125
VFLM 5123,19,18,0,4,4,2.25
VFLM 5123,20,21,1,1,7,2.625
VFLM 5123,21,26,0,6,2,3.25
VFLM 5123,22,24,0,4,4,3.0
VFLM 5123,23,23,1,3,5,2.875
VFLM 5123,24,15,1,5,3,1.875
VFLM 5123,25,21,1,3,5,2.625
VFLM 5123,26,22,0,2,6,2.75
VFLM 5123,27,18,0,2,6,2.25
VFLM 5123,28,25,1,3,5,3.125
VFLM 5123,29,22,0,2,6,2.75
VFLM 5123,30,16,0,6,2,2.0
VFLM 5124,1,26,0,4,4,3.25
VFLM 5124,2,27,1,5,3,3.375
VFLM 5124,3,18,0,6,2,2.25
VFLM 5124,4,24,0,2,6,3.0
VFLM 5124,5,23,1,5,3,2.875
VFLM 5124,6,18,0,4,4,2.25
VFLM 5124,7,24,0,6,2,3.0
VFLM 5124,8,20,0,4,4,2.5
VFLM 5124,9,21,1,5,3,2.625
VFLM 5124,10,15,1,5,3,1.875
VFLM 5124,11,21,1,7,1,2.625
VFLM 5124,12,18,0,4,4,2.25
VFLM 5124,13,23,1,7,1,2.875
VFLM 5124,14,12,0,2,6,1.5
VFLM 5124,15,27,1,3,5,3.375
VFLM 5124,16,18,0,4,4,2.25
VFLM 5124,17,24,0,2,6,3.0
VFLM 5124,18,31,1,5,3,3.875
VFLM 5124,19,25,1,3,5,3.125
VFLM 5124,20,17,1,1,7,2.125
VFLM 5124,21,24,0,4,4,3.0
VFLM 5124,22,28,0,4,4,3.5
VFLM 5124,23,20,0,2,6,2.5
VFLM 5124,24,21,1,3,5,2.625
VFLM 5124,25,22,0,4,4,2.75
VFLM 5124,26,20,0,6,2,2.5
VFLM 5124,27,25,1,3,5,3.125
VFLM 5124,28,21,1,5,3,2.625
VFLM 5124,29,23,1,3,5,2.875
VFLM 5124,30,19,1,5,3,2.375
VFLM 5125,1,23,1,7,1,2.875
VFLM 5125,2,19,1,5,3,2.375
VFLM 5125,3,19,1,3,5,2.375
VFLM 5125,4,17,1,5,3,2.125
VFLM 5125,5,15,1,5,3,1.875
VFLM 5125,6,26,0,6,2,3.25
VFLM 5125,7,18,0,4,4,2.25
VFLM 5125,8,22,0,4,4,2.75
VFLM 5125,9,19,1,5,3,2.375
VFLM 5125,10,18,0,6,2,2.25
VFLM 5125,11,28,0,4,4,3.5
VFLM 5125,12,22,0,4,4,2.75
VFLM 5125,13,12,0,4,4,1.5
VFLM 5125,14,15,1,5,3,1.875
VFLM 5125,15,22,0,4,4,2.75
VFLM 5125,16,28,0,4,4,3.5
VFLM 5125,17,17,1,5,3,2.125
VFLM 5125,18,26,0,4,4,3.25
VFLM 5125,19,13,1,1,7,1.625
VFLM 5125,20,23,1,3,5,2.875
VFLM 5125,21,26,0,4,4,3.25
VFLM 5125,22,22,0,6,2,2.75
VFLM 5125,23,17,1,3,5,2.125
VFLM 5125,24,19,1,5,3,2.375
VFLM 5125,25,29,1,5,3,3.625
VFLM 5125,26,22,0,2,6,2.75
VFLM 5125,27,21,1,5,3,2.625
VFLM 5125,28,18,0,6,2,2.25
VFLM 5125,29,17,1,5,3,2.125
VFLM 5125,30,24,0,4,4,3.0
VFLM 5126,1,25,1,5,3,3.125
VFLM 5126,2,17,1,5,3,2.125
VFLM 5126,3,23,1,7,1,2.875
VFLM 5126,4,15,1,1,7,1.875
VFLM 5126,5,26,0,4,4,3.25
VFLM 5126,6,25,1,3,5,3.125
VFLM 5126,7,19,1,5,3,2.375
VFLM 5126,8,12,0,4,4,1.5
VFLM 5126,9,21,1,3,5,2.625
VFLM 5126,10,16,0,4,4,2.0
VFLM 5126,11,22,0,4,4,2.75
VFLM 5126,12,21,1,3,5,2.625
VFLM 5126,13,18,0,4,4,2.25
VFLM 5126,14,20,0,4,4,2.5
VFLM 5126,15,12,0,2,6,1.5
VFLM 5126,16,15,1,3,5,1.875
VFLM 5126,17,19,1,3,5,2.375
VFLM 5126,18,28,0,2,6,3.5
VFLM 5126,19,20,0,2,6,2.5
VFLM 5126,20,18,0,4,4,2.25
VFLM 5126,21,26,0,4,4,3.25
VFLM 5126,22,14,0,4,4,1.75
VFLM 5126,23,23,1,5,3,2.875
VFLM 5126,24,26,0,4,4,3.25
VFLM 5126,25,20,0,2,6,2.5
VFLM 5126,26,16,0,6,2,2.0
VFLM 5126,27,16,0,4,4,2.0
VFLM 5126,28,15,1,5,3,1.875
VFLM 5126,29,22,0,4,4,2.75
VFLM 5126,30,20,0,4,4,2.5
VFLM 5127,1,17,1,5,3,2.125
VFLM 5127,2,16,0,4,4,2.0
VFLM 5127,3,25,1,5,3,3.125
VFLM 5127,4,23,1,5,3,2.875
VFLM 5127,5,23,1,5,3,2.875
VFLM 5127,6,23,1,5,3,2.875
VFLM 5127,7,10,0,4,4,1.25
VFLM 5127,8,21,1,5,3,2.625
VFLM 5127,9,28,0,2,6,3.5
VFLM 5127,10,16,0,4,4,2.0
VFLM 5127,11,23,1,5,3,2.875
VFLM 5127,12,22,0,4,4,2.75
VFLM 5127,13,21,1,3,5,2.625
VFLM 5127,14,22,0,4,4,2.75
VFLM 5127,15,17,1,5,3,2.125
VFLM 5127,16,16,0,2,6,2.0
VFLM 5127,17,20,0,6,2,2.5
VFLM 5127,18,13,1,5,3,1.625
VFLM 5127,19,21,1,1,7,2.625
VFLM 5127,20,23,1,3,5,2.875
VFLM 5127,21,26,0,2,6,3.25
VFLM 5127,22,20,0,2,6,2.5
VFLM 5127,23,27,1,5,3,3.375
VFLM 5127,24,18,0,6,2,2.25
VFLM 5127,25,23,1,3,5,2.875
VFLM 5127,26,24,0,4,4,3.0
VFLM 5127,27,20,0,6,2,2.5
VFLM 5127,28,16,0,6,2,2.0
VFLM 5127,29,19,1,1,7,2.375
VFLM 5127,30,22,0,4,4,2.75
VFLM 5128,1,16,0,4,4,2.0
VFLM 5128,2,14,0,6,2,1.75
VFLM 5128,3,15,1,3,5,1.875
VFLM 5128,4,28,0,6,2,3.5
VFLM 5128,5,15,1,5,3,1.875
VFLM 5128,6,25,1,3,5,3.125
VFLM 5128,7,27,1,5,3,3.375
VFLM 5128,8,16,0,4,4,2.0
VFLM 5128,9,27,1,3,5,3.375
VFLM 5128,10,20,0,4,4,2.5
VFLM 5128,11,21,1,5,3,2.625
VFLM 5128,12,18,0,4,4,2.25
VFLM 5128,13,30,0,4,4,3.75
VFLM 5128,14,21,1,3,5,2.625
VFLM 5128,15,15,1,5,3,1.875
VFLM 5128,16,21,1,7,1,2.625
VFLM 5128,17,15,1,5,3,1.875
VFLM 5128,18,23,1,3,5,2.875
VFLM 5128,19,20,0,4,4,2.5
VFLM 5128,20,23,1,1,7,2.875
VFLM 5128,21,24,0,4,4,3.0
VFLM 5128,22,24,0,4,4,3.0
VFLM 5128,23,24,0,4,4,3.0
VFLM 5128,24,24,0,0,8,3.0
VFLM 5128,25,22,0,4,4,2.75
VFLM 5128,26,18,0,4,4,2.25
VFLM 5128,27,18,0,6,2,2.25
VFLM 5128,28,17,1,3,5,2.125
VFLM 5128,29,23,1,3,5,2.875
VFLM 5128,30,18,0,2,6,2.25
VFLM 5129,1,16,0,4,4,2.0
VFLM 5129,2,23,1,3,5,2.875
VFLM 5129,3,17,1,3,5,2.125
VFLM 5129,4,21,1,5,3,2.625
VFLM 5129,5,18,0,6,2,2.25
VFLM 5129,6,18,0,6,2,2.25
VFLM 5129,7,27,1,5,3,3.375
VFLM 5129,8,23,1,3,5,2.875
VFLM 5129,9,22,0,4,4,2.75
VFLM 5129,10,22,0,4,4,2.75
VFLM 5129,11,21,1,5,3,2.625
VFLM 5129,12,26,0,6,2,3.25
VFLM 5129,13,22,0,4,4,2.75
VFLM 5129,14,23,1,3,5,2.875
VFLM 5129,15,20,0,4,4,2.5
VFLM 5129,16,15,1,3,5,1.875
VFLM 5129,17,24,0,4,4,3.0
VFLM 5129,18,15,1,3,5,1.875
VFLM 5129,19,18,0,4,4,2.25
VFLM 5129,20,22,0,4,4,2.75
VFLM 5129,21,25,1,5,3,3.125
VFLM 5129,22,20,0,4,4,2.5
VFLM 5129,23,20,0,4,4,2.5
VFLM 5129,24,19,1,5,3,2.375
VFLM 5129,25,24,0,4,4,3.0
VFLM 5129,26,17,1,3,5,2.125
VFLM 5129,27,21,1,3,5,2.625
VFLM 5129,28,29,1,3,5,3.625
VFLM 5129,29,16,0,2,6,2.0
VFLM 5129,30,26,0,2,6,3.25
VFLM 5130,1,21,1,5,3,2.625
VFLM 5130,2,16,0,4,4,2.0
VFLM 5130,3,23,1,3,5,2.875
VFLM 5130,4,22,0,6,2,2.75
VFLM 5130,5,23,1,5,3,2.875
VFLM 5130,6,19,1,5,3,2.375
VFLM 5130,7,23,1,3,5,2.875
VFLM 5130,8,22,0,6,2,2.75
VFLM 5130,9,13,1,5,3,1.625
VFLM 5130,10,30,0,4,4,3.75
VFLM 5130,11,13,1,3,5,1.625
VFLM 5130,12,20,0,4,4,2.5
VFLM 5130,13,15,1,1,7,1.875
VFLM 5130,14,21,1,5,3,2.625
VFLM 5130,15,25,1,1,7,3.125
VFLM 5130,16,23,1,5,3,2.875
VFLM 5130,17,23,1,3,5,2.875
VFLM 5130,18,17,1,3,5,2.125
VFLM 5130,19,25,1,3,5,3.125
VFLM 5130,20,13,1,3,5,1.625
VFLM 5130,21,21,1,1,7,2.625
VFLM 5130,22,26,0,4,4,3.25
VFLM 5130,23,21,1,1,7,2.625
VFLM 5130,24,13,1,3,5,1.625
VFLM 5130,25,26,0,4,4,3.25
VFLM 5130,26,23,1,5,3,2.875
VFLM 5130,27,15,1,5,3,1.875
VFLM 5130,28,27,1,5,3,3.375
VFLM 5130,29,19,1,3,5,2.375
VFLM 5130,30,28,0,4,4,3.5
VFLM 5131,1,18,0,4,4,2.25
VFLM 5131,2,15,1,5,3,1.875
VFLM 5131,3,22,0,4,4,2.75
VFLM 5131,4,20,0,4,4,2.5
VFLM 5131,5,22,0,4,4,2.75
VFLM 5131,6,27,1,3,5,3.375
VFLM 5131,7,23,1,5,3,2.875
VFLM 5131,8,15,1,5,3,1.875
VFLM 5131,9,18,0,2,6,2.25
VFLM 5131,10,16,0,4,4,2.0
VFLM 5131,11,21,1,3,5,2.625
VFLM 5131,12,21,1,3,5,2.625
VFLM 5131,13,11,1,5,3,1.375
VFLM 5131,14,26,0,4,4,3.25
VFLM 5131,15,23,1,3,5,2.875
VFLM 5131,16,18,0,4,4,2.25
VFLM 5131,17,20,0,4,4,2.5
VFLM 5131,18,28,0,6,2,3.5
VFLM 5131,19,16,0,2,6,2.0
VFLM 5131,20,13,1,3,5,1.625
VFLM 5131,21,14,0,2,6,1.75
VFLM 5131,22,25,1,5,3,3.125
VFLM 5131,23,20,0,2,6,2.5
VFLM 5131,24,17,1,3,5,2.125
VFLM 5131,25,17,1,3,5,2.125
VFLM 5131,26,20,0,4,4,2.5
VFLM 5131,27,25,1,5,3,3.125
VFLM 5131,28,14,0,2,6,1.75
VFLM 5131,29,27,1,3,5,3.375
VFLM 5131,30,27,1,5,3,3.375
VFLM 5132,1,17,1,3,5,2.125
VFLM 5132,2,24,0,2,6,3.0
VFLM 5132,3,21,1,3,5,2.625
VFLM 5132,4,27,1,7,1,3.375
VFLM 5132,5,20,0,4,4,2.5
VFLM 5132,6,23,1,3,5,2.875
VFLM 5132,7,23,1,3,5,2.875
VFLM 5132,8,23,1,3,5,2.875
VFLM 5132,9,18,0,2,6,2.25
VFLM 5132,10,22,0,4,4,2.75
VFLM 5132,11,20,0,6,2,2.5
VFLM 5132,12,22,0,6,2,2.75
VFLM 5132,13,26,0,4,4,3.25
VFLM 5132,14,17,1,3,5,2.125
VFLM 5132,15,18,0,0,8,2.25
VFLM 5132,16,22,0,2,6,2.75
VFLM 5132,17,18,0,4,4,2.25
VFLM 5132,18,15,1,3,5,1.875
VFLM 5132,19,24,0,2,6,3.0
VFLM 5132,20,20,0,2,6,2.5
VFLM 5132,21,24,0,6,2,3.0
VFLM 5132,22,21,1,5,3,2.625
VFLM 5132,23,12,0,6,2,1.5
VFLM 5132,24,19,1,3,5,2.375
VFLM 5132,25,17,1,3,5,2.125
VFLM 5132,26,19,1,3,5,2.375
VFLM 5132,27,23,1,5,3,2.875
VFLM 5132,28,21,1,3,5,2.625
VFLM 5132,29,21,1,3,5,2.625
VFLM 5132,30,17,1,3,5,2.125
VFLM 5133,1,19,1,3,5,2.375
VFLM 5133,2,18,0,6,2,2.25
VFLM 5133,3,11,1,5,3,1.375
VFLM 5133,4,24,0,2,6,3.0
VFLM 5133,5,18,0,4,4,2.25
VFLM 5133,6,17,1,5,3,2.125
VFLM 5133,7,22,0,4,4,2.75
VFLM 5133,8,21,1,3,5,2.625
VFLM 5133,9,23,1,3,5,2.875
VFLM 5133,10,16,0,6,2,2.0
VFLM 5133,11,17,1,5,3,2.125
VFLM 5133,12,19,1,5,3,2.375
VFLM 5133,13,17,1,5,3,2.125
VFLM 5133,14,15,1,3,5,1.875
VFLM 5133,15,29,1,3,5,3.625
VFLM 5133,16,25,1,5,3,3.125
VFLM 5133,17,23,1,5,3,2.875
VFLM 5133,18,26,0,4,4,3.25
VFLM 5133,19,22,0,4,4,2.75
VFLM 5133,20,19,1,5,3,2.375
VFLM 5133,21,19,1,5,3,2.375
VFLM 5133,22,24,0,6,2,3.0
VFLM 5133,23,22,0,2,6,2.75
VFLM 5133,24,24,0,6,2,3.0
VFLM 5133,25,22,0,2,6,2.75
VFLM 5133,26,19,1,3,5,2.375
VFLM 5133,27,20,0,4,4,2.5
VFLM 5133,28,23,1,5,3,2.875
VFLM 5133,29,26,0,4,4,3.25
VFLM 5133,30,27,1,3,5,3.375
VFLM 5134,1,21,1,7,1,2.625
VFLM 5134,2,28,0,2,6,3.5
VFLM 5134,3,27,1,5,3,3.375
VFLM 5134,4,22,0,6,2,2.75
VFLM 5134,5,17,1,3,5,2.125
VFLM 5134,6,28,0,4,4,3.5
VFLM 5134,7,17,1,5,3,2.125
VFLM 5134,8,25,1,1,7,3.125
VFLM 5134,9,22,0,4,4,2.75
VFLM 5134,10,15,1,3,5,1.875
VFLM 5134,11,11,1,3,5,1.375
VFLM 5134,12,12,0,6,2,1.5
VFLM 5134,13,28,0,6,2,3.5
VFLM 5134,14,20,0,6,2,2.5
VFLM 5134,15,20,0,4,4,2.5
VFLM 5134,16,20,0,4,4,2.5
VFLM 5134,17,19,1,3,5,2.375
VFLM 5134,18,20,0,2,6,2.5
VFLM 5134,19,15,1,5,3,1.875
VFLM 5134,20,24,0,6,2,3.0
VFLM 5134,21,27,1,5,3,3.375
VFLM 5134,22,15,1,5,3,1.875
VFLM 5134,23,21,1,5,3,2.625
VFLM 5134,24,16,0,2,6,2.0
VFLM 5134,25,15,1,3,5,1.875
VFLM 5134,26,19,1,5,3,2.375
VFLM 5134,27,18,0,6,2,2.25
VFLM 5134,28,15,1,3,5,1.875
VFLM 5134,29,19,1,1,7,2.375
VFLM 5134,30,23,1,3,5,2.875
VFLM 5135,1,27,1,7,1,3.375
VFLM 5135,2,8,0,4,4,1.0
VFLM 5135,3,19,1,5,3,2.375
VFLM 5135,4,20,0,6,2,2.5
VFLM 5135,5,21,1,3,5,2.625
VFLM 5135,6,20,0,2,6,2.5
VFLM 5135,7,19,1,3,5,2.375
VFLM 5135,8,16,0,2,6,2.0
VFLM 5135,9,24,0,4,4,3.0
VFLM 5135,10,18,0,6,2,2.25
VFLM 5135,11,28,0,6,2,3.5
VFLM 5135,12,23,1,3,5,2.875
VFLM 5135,13,23,1,5,3,2.875
VFLM 5135,14,24,0,4,4,3.0
VFLM 5135,15,23,1,3,5,2.875
VFLM 5135,16,26,0,4,4,3.25
VFLM 5135,17,15,1,7,1,1.875
VFLM 5135,18,20,0,2,6,2.5
VFLM 5135,19,24,0,4,4,3.0
VFLM 5135,20,18,0,4,4,2.25
VFLM 5135,21,17,1,3,5,2.125
VFLM 5135,22,32,0,4,4,4.0
VFLM 5135,23,23,1,3,5,2.875
VFLM 5135,24,21,1,7,1,2.625
VFLM 5135,25,24,0,6,2,3.0
VFLM 5135,26,14,0,4,4,1.75
VFLM 5135,27,18,0,4,4,2.25
VFLM 5135,28,23,1,5,3,2.875
VFLM 5135,29,25,1,5,3,3.125
VFLM 5135,30,24,0,4,4,3.0
VFLM 5136,1,22,0,4,4,2.75
VFLM 5136,2,24,0,2,6,3.0
VFLM 5136,3,27,1,1,7,3.375
VFLM 5136,4,22,0,6,2,2.75
VFLM 5136,5,25,1,3,5,3.125
VFLM 5136,6,21,1,3,5,2.625
VFLM 5136,7,19,1,5,3,2.375
VFLM 5136,8,22,0,2,6,2.75
VFLM 5136,9,20,0,2,6,2.5
VFLM 5136,10,27,1,5,3,3.375
VFLM 5136,11,24,0,4,4,3.0
VFLM 5136,12,16,0,2,6,2.0
VFLM 5136,13,14,0,4,4,1.75
VFLM 5136,14,21,1,3,5,2.625
VFLM 5136,15,16,0,6,2,2.0
VFLM 5136,16,23,1,3,5,2.875
VFLM 5136,17,25,1,3,5,3.125
VFLM 5136,18,13,1,3,5,1.625
VFLM 5136,19,25,1,5,3,3.125
VFLM 5136,20,17,1,5,3,2.125
VFLM 5136,21,19,1,5,3,2.375
VFLM 5136,22,24,0,6,2,3.0
VFLM 5136,23,26,0,4,4,3.25
VFLM 5136,24,19,1,5,3,2.375
VFLM 5136,25,25,1,3,5,3.125
VFLM 5136,26,23,1,3,5,2.875
VFLM 5136,27,24,0,2,6,3.0
VFLM 5136,28,14,0,4,4,1.75
VFLM 5136,29,24,0,2,6,3.0
VFLM 5136,30,24,0,6,2,3.0
VFLM 5137,1,16,0,4,4,2.0
VFLM 5137,2,19,1,5,3,2.375
VFLM 5137,3,23,1,3,5,2.875
VFLM 5137,4,18,0,4,4,2.25
VFLM 5137,5,22,0,2,6,2.75
VFLM 5137,6,26,0,2,6,3.25
VFLM 5137,7,20,0,6,2,2.5
VFLM 5137,8,14,0,6,2,1.75
VFLM 5137,9,24,0,4,4,3.0
VFLM 5137,10,26,0,6,2,3.25
VFLM 5137,11,23,1,3,5,2.875
VFLM 5137,12,24,0,4,4,3.0
VFLM 5137,13,18,0,4,4,2.25
VFLM 5137,14,27,1,3,5,3.375
VFLM 5137,15,19,1,3,5,2.375
VFLM 5137,16,17,1,3,5,2.125
VFLM 5137,17,20,0,2,6,2.5
VFLM 5137,18,21,1,3,5,2.625
VFLM 5137,19,16,0,6,2,2.0
VFLM 5137,20,20,0,4,4,2.5
VFLM 5137,21,20,0,4,4,2.5
VFLM 5137,22,19,1,3,5,2.375
VFLM 5137,23,11,1,3,5,1.375
VFLM 5137,24,27,1,5,3,3.375
VFLM 5137,25,21,1,3,5,2.625
VFLM 5137,26,23,1,5,3,2.875
VFLM 5137,27,20,0,6,2,2.5
VFLM 5137,28,22,0,4,4,2.75
VFLM 5137,29,22,0,4,4,2.75
VFLM 5137,30,18,0,4,4,2.25
VFLM 5138,1,17,1,5,3,2.125
VFLM 5138,2,20,0,4,4,2.5
VFLM 5138,3,21,1,3,5,2.625
VFLM 5138,4,18,0,4,4,2.25
VFLM 5138,5,25,1,3,5,3.125
VFLM 5138,6,24,0,4,4,3.0
VFLM 5138,7,21,1,5,3,2.625
VFLM 5138,8,27,1,1,7,3.375
VFLM 5138,9,20,0,2,6,2.5
VFLM 5138,10,25,1,3,5,3.125
VFLM 5138,11,30,0,6,2,3.75
VFLM 5138,12,18,0,4,4,2.25
VFLM 5138,13,18,0,2,6,2.25
VFLM 5138,14,29,1,3,5,3.625
VFLM 5138,15,18,0,4,4,2.25
VFLM 5138,16,21,1,3,5,2.625
VFLM 5138,17,21,1,3,5,2.625
VFLM 5138,18,15,1,1,7,1.875
VFLM 5138,19,21,1,3,5,2.625
VFLM 5138,20,15,1,5,3,1.875
VFLM 5138,21,14,0,2,6,1.75
VFLM 5138,22,12,0,4,4,1.5
VFLM 5138,23,21,1,3,5,2.625
VFLM 5138,24,14,0,4,4,1.75
VFLM 5138,25,12,0,2,6,1.5
VFLM 5138,26,31,1,5,3,3.875
VFLM 5138,27,28,0,6,2,3.5
VFLM 5138,28,14,0,2,6,1.75
VFLM 5138,29,21,1,7,1,2.625
VFLM 5138,30,16,0,2,6,2.0
VFLM 5139,1,21,1,5,3,2.625
VFLM 5139,2,21,1,5,3,2.625
VFLM 5139,3,18,0,2,6,2.25
VFLM 5139,4,18,0,4,4,2.25
VFLM 5139,5,18,0,4,4,2.25
VFLM 5139,6,16,0,2,6,2.0
VFLM 5139,7,18,0,4,4,2.25
VFLM 5139,8,25,1,5,3,3.125
VFLM 5139,9,16,0,6,2,2.0
VFLM 5139,10,25,1,3,5,3.125
VFLM 5139,11,27,1,5,3,3.375
VFLM 5139,12,21,1,7,1,2.625
VFLM 5139,13,17,1,7,1,2.125
VFLM 5139,14,24,0,6,2,3.0
VFLM 5139,15,16,0,4,4,2.0
VFLM 5139,16,28,0,4,4,3.5
VFLM 5139,17,27,1,5,3,3.375
VFLM 5139,18,25,1,3,5,3.125
VFLM 5139,19,22,0,2,6,2.75
VFLM 5139,20,17,1,1,7,2.125
VFLM 5139,21,21,1,7,1,2.625
VFLM 5139,22,20,0,4,4,2.5
VFLM 5139,23,14,0,6,2,1.75
VFLM 5139,24,12,0,8,0,1.5
VFLM 5139,25,19,1,3,5,2.375
VFLM 5139,26,24,0,2,6,3.0
VFLM 5139,27,13,1,5,3,1.625
VFLM 5139,28,17,1,3,5,2.125
VFLM 5139,29,20,0,6,2,2.5
VFLM 5139,30,21,1,1,7,2.625
VFLM 5140,1,20,0,4,4,2.5
VFLM 5140,2,14,0,4,4,1.75
VFLM 5140,3,16,0,4,4,2.0
VFLM 5140,4,14,0,6,2,1.75
VFLM 5140,5,13,1,5,3,1.625
VFLM 5140,6,17,1,3,5,2.125
VFLM 5140,7,21,1,5,3,2.625
VFLM 5140,8,22,0,2,6,2.75
VFLM 5140,9,20,0,4,4,2.5
VFLM 5140,10,25,1,3,5,3.125
VFLM 5140,11,20,0,4,4,2.5
VFLM 5140,12,17,1,3,5,2.125
VFLM 5140,13,21,1,3,5,2.625
VFLM 5140,14,24,0,4,4,3.0
VFLM 5140,15,26,0,6,2,3.25
VFLM 5140,16,21,1,3,5,2.625
VFLM 5140,17,24,0,4,4,3.0
VFLM 5140,18,20,0,4,4,2.5
VFLM 5140,19,20,0,4,4,2.5
VFLM 5140,20,20,0,4,4,2.5
VFLM 5140,21,23,1,5,3,2.875
VFLM 5140,22,24,0,4,4,3.0
VFLM 5140,23,25,1,3,5,3.125
VFLM 5140,24,21,1,3,5,2.625
VFLM 5140,25,11,1,5,3,1.375
VFLM 5140,26,22,0,4,4,2.75
VFLM 5140,27,31,1,5,3,3.875
VFLM 5140,28,23,1,7,1,2.875
VFLM 5140,29,16,0,4,4,2.0
VFLM 5140,30,23,1,3,5,2.875
VFLM 5141,1,28,0,2,6,3.5
VFLM 5141,2,30,0,4,4,3.75
VFLM 5141,3,22,0,4,4,2.75
VFLM 5141,4,17,1,5,3,2.125
VFLM 5141,5,17,1,7,1,2.125
VFLM 5141,6,23,1,3,5,2.875
VFLM 5141,7,21,1,5,3,2.625
VFLM 5141,8,19,1,3,5,2.375
VFLM 5141,9,19,1,3,5,2.375
VFLM 5141,10,26,0,2,6,3.25
VFLM 5141,11,16,0,4,4,2.0
VFLM 5141,12,23,1,5,3,2.875
VFLM 5141,13,21,1,3,5,2.625
VFLM 5141,14,20,0,4,4,2.5
VFLM 5141,15,22,0,4,4,2.75
VFLM 5141,16,19,1,5,3,2.375
VFLM 5141,17,21,1,3,5,2.625
VFLM 5141,18,24,0,2,6,3.0
VFLM 5141,19,18,0,2,6,2.25
VFLM 5141,20,17,1,3,5,2.125
VFLM 5141,21,28,0,2,6,3.5
VFLM 5141,22,31,1,3,5,3.875
VFLM 5141,23,21,1,5,3,2.625
VFLM 5141,24,26,0,6,2,3.25
VFLM 5141,25,17,1,5,3,2.125
VFLM 5141,26,18,0,4,4,2.25
VFLM 5141,27,15,1,3,5,1.875
VFLM 5141,28,16,0,4,4,2.0
VFLM 5141,29,17,1,3,5,2.125
VFLM 5141,30,18,0,4,4,2.25
VFLM 5142,1,17,1,3,5,2.125
VFLM 5142,2,29,1,3,5,3.625
VFLM 5142,3,25,1,5,3,3.125
VFLM 5142,4,16,0,4,4,2.0
VFLM 5142,5,21,1,5,3,2.625
VFLM 5142,6,15,1,3,5,1.875
VFLM 5142,7,18,0,6,2,2.25
VFLM 5142,8,18,0,4,4,2.25
VFLM 5142,9,20,0,4,4,2.5
VFLM 5142,10,19,1,5,3,2.375
VFLM 5142,11,20,0,4,4,2.5
VFLM 5142,12,21,1,5,3,2.625
VFLM 5142,13,24,0,4,4,3.0
VFLM 5142,14,18,0,4,4,2.25
VFLM 5142,15,20,0,6,2,2.5
VFLM 5142,16,21,1,3,5,2.625
VFLM 5142,17,24,0,4,4,3.0
VFLM 5142,18,14,0,6,2,1.75
VFLM 5142,19,16,0,6,2,2.0
VFLM 5142,20,19,1,5,3,2.375
VFLM 5142,21,20,0,0,8,2.5
VFLM 5142,22,18,0,6,2,2.25
VFLM 5142,23,20,0,4,4,2.5
VFLM 5142,24,22,0,4,4,2.75
VFLM 5142,25,23,1,3,5,2.875
VFLM 5142,26,19,1,5,3,2.375
VFLM 5142,27,15,1,3,5,1.875
VFLM 5142,28,23,1,3,5,2.875
VFLM 5142,29,23,1,5,3,2.875
VFLM 5142,30,18,0,4,4,2.25
VFLM 5143,1,18,0,4,4,2.25
VFLM 5143,2,22,0,4,4,2.75
VFLM 5143,3,15,1,3,5,1.875
VFLM 5143,4,15,1,5,3,1.875
VFLM 5143,5,16,0,4,4,2.0
VFLM 5143,6,18,0,4,4,2.25
VFLM 5143,7,16,0,4,4,2.0
VFLM 5143,8,32,0,2,6,4.0
VFLM 5143,9,16,0,2,6,2.0
VFLM 5143,10,20,0,4,4,2.5
VFLM 5143,11,28,0,6,2,3.5
VFLM 5143,12,25,1,3,5,3.125
VFLM 5143,13,14,0,4,4,1.75
VFLM 5143,14,25,1,1,7,3.125
VFLM 5143,15,20,0,4,4,2.5
VFLM 5143,16,20,0,6,2,2.5
VFLM 5143,17,18,0,2,6,2.25
VFLM 5143,18,29,1,3,5,3.625
VFLM 5143,19,17,1,3,5,2.125
VFLM 5143,20,23,1,3,5,2.875
VFLM 5143,21,17,1,5,3,2.125
VFLM 5143,22,28,0,2,6,3.5
VFLM 5143,23,19,1,3,5,2.375
VFLM 5143,24,24,0,4,4,3.0
VFLM 5143,25,22,0,4,4,2.75
VFLM 5143,26,21,1,5,3,2.625
VFLM 5143,27,20,0,4,4,2.5
VFLM 5143,28,20,0,4,4,2.5
VFLM 5143,29,20,0,6,2,2.5
VFLM 5143,30,16,0,2,6,2.0
VFLM 5144,1,18,0,6,2,2.25
VFLM 5144,2,26,0,4,4,3.25
VFLM 5144,3,15,1,5,3,1.875
VFLM 5144,4,17,1,5,3,2.125
VFLM 5144,5,16,0,2,6,2.0
VFLM 5144,6,21,1,1,7,2.625
VFLM 5144,7,12,0,4,4,1.5
VFLM 5144,8,28,0,4,4,3.5
VFLM 5144,9,14,0,2,6,1.75
VFLM 5144,10,15,1,3,5,1.875
VFLM 5144,11,20,0,4,4,2.5
VFLM 5144,12,9,1,3,5,1.125
VFLM 5144,13,33,1,1,7,4.125
VFLM 5144,14,24,0,4,4,3.0
VFLM 5144,15,16,0,2,6,2.0
VFLM 5144,16,21,1,3,5,2.625
VFLM 5144,17,21,1,5,3,2.625
VFLM 5144,18,22,0,2,6,2.75
VFLM 5144,19,18,0,2,6,2.25
VFLM 5144,20,21,1,5,3,2.625
VFLM 5144,21,21,1,3,5,2.625
VFLM 5144,22,20,0,4,4,2.5
VFLM 5144,23,15,1,5,3,1.875
VFLM 5144,24,25,1,5,3,3.125
VFLM 5144,25,25,1,3,5,3.125
VFLM 5144,26,21,1,5,3,2.625
VFLM 5144,27,24,0,4,4,3.0
VFLM 5144,28,33,1,5,3,4.125
VFLM 5144,29,16,0,2,6,2.0
VFLM 5144,30,17,1,3,5,2.125
VFLM 5193,1,25,1,5,3,3.125
VFLM 5193,2,18,0,4,4,2.25
VFLM 5193,3,23,1,5,3,2.875
VFLM 5193,4,26,0,4,4,3.25
VFLM 5193,5,21,1,3,5,2.625
VFLM 5193,6,11,1,5,3,1.375
VFLM 5193,7,20,0,4,4,2.5
VFLM 5193,8,19,1,3,5,2.375
VFLM 5193,9,17,1,5,3,2.125
VFLM 5193,10,13,1,5,3,1.625
VFLM 5193,11,29,1,3,5,3.625
VFLM 5193,12,16,0,6,2,2.0
VFLM 5193,13,17,1,1,7,2.125
VFLM 5193,14,20,0,2,6,2.5
VFLM 5193,15,20,0,4,4,2.5
VFLM 5193,16,19,1,3,5,2.375
VFLM 5193,17,20,0,2,6,2.5
VFLM 5193,18,11,1,5,3,1.375
VFLM 5193,19,20,0,4,4,2.5
VFLM 5193,20,18,0,4,4,2.25
VFLM 5193,21,18,0,6,2,2.25
VFLM 5193,22,13,1,5,3,1.625
VFLM 5193,23,24,0,6,2,3.0
VFLM 5193,24,18,0,2,6,2.25
VFLM 5193,25,16,0,4,4,2.0
VFLM 5193,26,18,0,2,6,2.25
VFLM 5193,27,23,1,5,3,2.875
VFLM 5193,28,26,0,4,4,3.25
VFLM 5193,29,21,1,3,5,2.625
VFLM 5193,30,12,0,6,2,1.5
VFLM 5290,1,23,1,5,3,2.875
VFLM 5290,2,17,1,1,7,2.125
VFLM 5290,3,20,0,4,4,2.5
VFLM 5290,4,21,1,5,3,2.625
VFLM 5290,5,17,1,3,5,2.125
VFLM 5290,6,23,1,3,5,2.875
VFLM 5290,7,10,0,4,4,1.25
VFLM 5290,8,20,0,2,6,2.5
VFLM 5290,9,19,1,5,3,2.375
VFLM 5290,10,16,0,4,4,2.0
VFLM 5290,11,23,1,3,5,2.875
VFLM 5290,12,23,1,5,3,2.875
VFLM 5290,13,17,1,1,7,2.125
VFLM 5290,14,16,0,4,4,2.0
VFLM 5290,15,22,0,4,4,2.75
VFLM 5290,16,18,0,4,4,2.25
VFLM 5290,17,25,1,3,5,3.125
VFLM 5290,18,20,0,2,6,2.5
VFLM 5290,19,19,1,5,3,2.375
VFLM 5290,20,16,0,4,4,2.0
VFLM 5290,21,23,1,3,5,2.875
VFLM 5290,22,23,1,3,5,2.875
VFLM 5290,23,19,1,3,5,2.375
VFLM 5290,24,20,0,4,4,2.5
VFLM 5290,25,21,1,5,3,2.625
VFLM 5290,26,23,1,3,5,2.875
VFLM 5290,27,18,0,4,4,2.25
VFLM 5290,28,25,1,3,5,3.125
VFLM 5290,29,20,0,2,6,2.5
VFLM 5290,30,26,0,6,2,3.25
VFLM 5292,1,25,1,3,5,3.125
VFLM 5292,2,14,0,4,4,1.75
VFLM 5292,3,20,0,4,4,2.5
VFLM 5292,4,16,0,4,4,2.0
VFLM 5292,5,23,1,3,5,2.875
VFLM 5292,6,15,1,7,1,1.875
VFLM 5292,7,17,1,3,5,2.125
VFLM 5292,8,20,0,2,6,2.5
VFLM 5292,9,19,1,5,3,2.375
VFLM 5292,10,19,1,5,3,2.375
VFLM 5292,11,27,1,5,3,3.375
VFLM 5292,12,21,1,5,3,2.625
VFLM 5292,13,28,0,4,4,3.5
VFLM 5292,14,21,1,5,3,2.625
VFLM 5292,15,26,0,2,6,3.25
VFLM 5292,16,19,1,5,3,2.375
VFLM 5292,17,18,0,4,4,2.25
VFLM 5292,18,26,0,2,6,3.25
VFLM 5292,19,24,0,6,2,3.0
VFLM 5292,20,23,1,5,3,2.875
VFLM 5292,21,19,1,3,5,2.375
VFLM 5292,22,17,1,3,5,2.125
VFLM 5292,23,22,0,4,4,2.75
VFLM 5292,24,28,0,2,6,3.5
VFLM 5292,25,24,0,4,4,3.0
VFLM 5292,26,17,1,5,3,2.125
VFLM 5292,27,22,0,2,6,2.75
VFLM 5292,28,22,0,4,4,2.75
VFLM 5292,29,20,0,2,6,2.5
VFLM 5292,30,17,1,5,3,2.125
VFLM 5293,1,21,1,5,3,2.625
VFLM 5293,2,20,0,4,4,2.5
VFLM 5293,3,19,1,3,5,2.375
VFLM 5293,4,23,1,1,7,2.875
VFLM 5293,5,13,1,5,3,1.625
VFLM 5293,6,14,0,4,4,1.75
VFLM 5293,7,18,0,4,4,2.25
VFLM 5293,8,23,1,5,3,2.875
VFLM 5293,9,18,0,4,4,2.25
VFLM 5293,10,24,0,2,6,3.0
VFLM 5293,11,24,0,2,6,3.0
VFLM 5293,12,22,0,4,4,2.75
VFLM 5293,13,21,1,3,5,2.625
VFLM 5293,14,17,1,5,3,2.125
VFLM 5293,15,15,1,3,5,1.875
VFLM 5293,16,22,0,4,4,2.75
VFLM 5293,17,25,1,5,3,3.125
VFLM 5293,18,22,0,4,4,2.75
VFLM 5293,19,15,1,5,3,1.875
VFLM 5293,20,12,0,4,4,1.5
VFLM 5293,21,19,1,5,3,2.375
VFLM 5293,22,21,1,3,5,2.625
VFLM 5293,23,22,0,6,2,2.75
VFLM 5293,24,19,1,3,5,2.375
VFLM 5293,25,22,0,4,4,2.75
VFLM 5293,26,29,1,5,3,3.625
VFLM 5293,27,22,0,4,4,2.75
VFLM 5293,28,31,1,3,5,3.875
VFLM 5293,29,17,1,3,5,2.125
VFLM 5293,30,15,1,3,5,1.875
VFLM 5294,1,16,0,8,0,2.0
VFLM 5294,2,26,0,2,6,3.25
VFLM 5294,3,17,1,5,3,2.125
VFLM 5294,4,30,0,4,4,3.75
VFLM 5294,5,23,1,5,3,2.875
VFLM 5294,6,20,0,4,4,2.5
VFLM 5294,7,20,0,6,2,2.5
VFLM 5294,8,30,0,4,4,3.75
VFLM 5294,9,24,0,6,2,3.0
VFLM 5294,10,18,0,6,2,2.25
VFLM 5294,11,25,1,3,5,3.125
VFLM 5294,12,24,0,6,2,3.0
VFLM 5294,13,19,1,5,3,2.375
VFLM 5294,14,22,0,4,4,2.75
VFLM 5294,15,26,0,8,0,3.25
VFLM 5294,16,26,0,4,4,3.25
VFLM 5294,17,23,1,3,5,2.875
VFLM 5294,18,21,1,5,3,2.625
VFLM 5294,19,13,1,3,5,1.625
VFLM 5294,20,17,1,5,3,2.125
VFLM 5294,21,23,1,1,7,2.875
VFLM 5294,22,20,0,4,4,2.5
VFLM 5294,23,25,1,5,3,3.125
VFLM 5294,24,25,1,5,3,3.125
VFLM 5294,25,19,1,5,3,2.375
VFLM 5294,26,22,0,2,6,2.75
VFLM 5294,27,23,1,5,3,2.875
VFLM 5294,28,14,0,4,4,1.75
VFLM 5294,29,16,0,2,6,2.0
VFLM 5294,30,16,0,6,2,2.0
VFLM 5295,1,23,1,5,3,2.875
VFLM 5295,2,24,0,4,4,3.0
VFLM 5295,3,27,1,3,5,3.375
VFLM 5295,4,23,1,7,1,2.875
VFLM 5295,5,14,0,2,6,1.75
VFLM 5295,6,22,0,4,4,2.75
VFLM 5295,7,26,0,2,6,3.25
VFLM 5295,8,19,1,3,5,2.375
VFLM 5295,9,23,1,5,3,2.875
VFLM 5295,10,21,1,5,3,2.625
VFLM 5295,11,19,1,5,3,2.375
VFLM 5295,12,22,0,6,2,2.75
VFLM 5295,13,20,0,4,4,2.5
VFLM 5295,14,21,1,5,3,2.625
VFLM 5295,15,20,0,4,4,2.5
VFLM 5295,16,15,1,5,3,1.875
VFLM 5295,17,18,0,4,4,2.25
VFLM 5295,18,26,0,4,4,3.25
VFLM 5295,19,25,1,5,3,3.125
VFLM 5295,20,14,0,4,4,1.75
VFLM 5295,21,22,0,2,6,2.75
VFLM 5295,22,14,0,4,4,1.75
VFLM 5295,23,22,0,4,4,2.75
VFLM 5295,24,21,1,5,3,2.625
VFLM 5295,25,20,0,4,4,2.5
VFLM 5295,26,20,0,4,4,2.5
VFLM 5295,27,14,0,6,2,1.75
VFLM 5295,28,21,1,5,3,2.625
VFLM 5295,29,18,0,6,2,2.25
VFLM 5295,30,19,1,5,3,2.375
VFLM 5296,1,23,1,5,3,2.875
VFLM 5296,2,18,0,4,4,2.25
VFLM 5296,3,15,1,3,5,1.875
VFLM 5296,4,16,0,6,2,2.0
VFLM 5296,5,15,1,3,5,1.875
VFLM 5296,6,15,1,3,5,1.875
VFLM 5296,7,22,0,6,2,2.75
VFLM 5296,8,19,1,5,3,2.375
VFLM 5296,9,24,0,2,6,3.0
VFLM 5296,10,22,0,2,6,2.75
VFLM 5296,11,18,0,2,6,2.25
VFLM 5296,12,20,0,4,4,2.5
VFLM 5296,13,19,1,3,5,2.375
VFLM 5296,14,23,1,5,3,2.875
VFLM 5296,15,18,0,4,4,2.25
VFLM 5296,16,24,0,4,4,3.0
VFLM 5296,17,24,0,4,4,3.0
VFLM 5296,18,23,1,5,3,2.875
VFLM 5296,19,20,0,2,6,2.5
VFLM 5296,20,17,1,5,3,2.125
VFLM 5296,21,14,0,4,4,1.75
VFLM 5296,22,18,0,4,4,2.25
VFLM 5296,23,17,1,3,5,2.125
VFLM 5296,24,20,0,6,2,2.5
VFLM 5296,25,24,0,4,4,3.0
VFLM 5296,26,23,1,3,5,2.875
VFLM 5296,27,25,1,3,5,3.125
VFLM 5296,28,21,1,5,3,2.625
VFLM 5296,29,18,0,4,4,2.25
VFLM 5296,30,11,1,3,5,1.375
VFLM 5297,1,25,1,5,3,3.125
VFLM 5297,2,27,1,5,3,3.375
VFLM 5297,3,19,1,3,5,2.375
VFLM 5297,4,12,0,6,2,1.5
VFLM 5297,5,23,1,5,3,2.875
VFLM 5297,6,22,0,2,6,2.75
VFLM 5297,7,17,1,3,5,2.125
VFLM 5297,8,19,1,3,5,2.375
VFLM 5297,9,19,1,5,3,2.375
VFLM 5297,10,27,1,7,1,3.375
VFLM 5297,11,15,1,3,5,1.875
VFLM 5297,12,20,0,4,4,2.5
VFLM 5297,13,13,1,5,3,1.625
VFLM 5297,14,32,0,4,4,4.0
VFLM 5297,15,16,0,4,4,2.0
VFLM 5297,16,20,0,4,4,2.5
VFLM 5297,17,27,1,3,5,3.375
VFLM 5297,18,17,1,5,3,2.125
VFLM 5297,19,29,1,3,5,3.625
VFLM 5297,20,24,0,4,4,3.0
VFLM 5297,21,19,1,5,3,2.375
VFLM 5297,22,21,1,5,3,2.625
VFLM 5297,23,25,1,3,5,3.125
VFLM 5297,24,24,0,4,4,3.0
VFLM 5297,25,19,1,5,3,2.375
VFLM 5297,26,19,1,3,5,2.375
VFLM 5297,27,19,1,1,7,2.375
VFLM 5297,28,22,0,2,6,2.75
VFLM 5297,29,19,1,5,3,2.375
VFLM 5297,30,22,0,4,4,2.75
VFLM 5298,1,28,0,4,4,3.5
VFLM 5298,2,21,1,5,3,2.625
VFLM 5298,3,25,1,5,3,3.125
VFLM 5298,4,20,0,4,4,2.5
VFLM 5298,5,24,0,4,4,3.0
VFLM 5298,6,22,0,4,4,2.75
VFLM 5298,7,20,0,4,4,2.5
VFLM 5298,8,23,1,3,5,2.875
VFLM 5298,9,10,0,4,4,1.25
VFLM 5298,10,12,0,4,4,1.5
VFLM 5298,11,19,1,3,5,2.375
VFLM 5298,12,25,1,5,3,3.125
VFLM 5298,13,19,1,3,5,2.375
VFLM 5298,14,20,0,4,4,2.5
VFLM 5298,15,22,0,4,4,2.75
VFLM 5298,16,25,1,5,3,3.125
VFLM 5298,17,24,0,6,2,3.0
VFLM 5298,18,21,1,1,7,2.625
VFLM 5298,19,14,0,4,4,1.75
VFLM 5298,20,18,0,2,6,2.25
VFLM 5298,21,19,1,5,3,2.375
VFLM 5298,22,22,0,4,4,2.75
VFLM 5298,23,19,1,5,3,2.375
VFLM 5298,24,23,1,1,7,2.875
VFLM 5298,25,18,0,4,4,2.25
VFLM 5298,26,24,0,4,4,3.0
VFLM 5298,27,24,0,4,4,3.0
VFLM 5298,28,17,1,3,5,2.125
VFLM 5298,29,18,0,2,6,2.25
VFLM 5298,30,21,1,3,5,2.625
VFLM 5299,1,25,1,5,3,3.125
VFLM 5299,2,14,0,6,2,1.75
VFLM 5299,3,22,0,2,6,2.75
VFLM 5299,4,25,1,7,1,3.125
VFLM 5299,5,18,0,4,4,2.25
VFLM 5299,6,31,1,5,3,3.875
VFLM 5299,7,12,0,4,4,1.5
VFLM 5299,8,16,0,0,8,2.0
VFLM 5299,9,26,0,4,4,3.25
VFLM 5299,10,19,1,5,3,2.375
VFLM 5299,11,20,0,6,2,2.5
VFLM 5299,12,22,0,4,4,2.75
VFLM 5299,13,24,0,4,4,3.0
VFLM 5299,14,24,0,4,4,3.0
VFLM 5299,15,19,1,5,3,2.375
VFLM 5299,16,19,1,5,3,2.375
VFLM 5299,17,17,1,3,5,2.125
VFLM 5299,18,24,0,6,2,3.0
VFLM 5299,19,20,0,4,4,2.5
VFLM 5299,20,20,0,6,2,2.5
VFLM 5299,21,17,1,7,1,2.125
VFLM 5299,22,19,1,5,3,2.375
VFLM 5299,23,24,0,6,2,3.0
VFLM 5299,24,21,1,3,5,2.625
VFLM 5299,25,21,1,5,3,2.625
VFLM 5299,26,28,0,2,6,3.5
VFLM 5299,27,18,0,4,4,2.25
VFLM 5299,28,13,1,1,7,1.625
VFLM 5299,29,25,1,3,5,3.125
VFLM 5299,30,23,1,3,5,2.875
VFLM 5300,1,19,1,5,3,2.375
VFLM 5300,2,22,0,4,4,2.75
VFLM 5300,3,23,1,5,3,2.875
VFLM 5300,4,26,0,6,2,3.25
VFLM 5300,5,14,0,4,4,1.75
VFLM 5300,6,16,0,4,4,2.0
VFLM 5300,7,26,0,4,4,3.25
VFLM 5300,8,17,1,3,5,2.125
VFLM 5300,9,17,1,3,5,2.125
VFLM 5300,10,18,0,6,2,2.25
VFLM 5300,11,18,0,2,6,2.25
VFLM 5300,12,19,1,3,5,2.375
VFLM 5300,13,24,0,4,4,3.0
VFLM 5300,14,16,0,6,2,2.0
VFLM 5300,15,17,1,3,5,2.125
VFLM 5300,16,20,0,4,4,2.5
VFLM 5300,17,20,0,4,4,2.5
VFLM 5300,18,11,1,1,7,1.375
VFLM 5300,19,18,0,8,0,2.25
VFLM 5300,20,20,0,2,6,2.5
VFLM 5300,21,17,1,5,3,2.125
VFLM 5300,22,20,0,6,2,2.5
VFLM 5300,23,27,1,5,3,3.375
VFLM 5300,24,24,0,4,4,3.0
VFLM 5300,25,24,0,2,6,3.0
VFLM 5300,26,19,1,5,3,2.375
VFLM 5300,27,19,1,1,7,2.375
VFLM 5300,28,17,1,5,3,2.125
VFLM 5300,29,23,1,1,7,2.875
VFLM 5300,30,25,1,3,5,3.125
VFLM 5301,1,17,1,3,5,2.125
VFLM 5301,2,12,0,2,6,1.5
VFLM 5301,3,20,0,6,2,2.5
VFLM 5301,4,11,1,5,3,1.375
VFLM 5301,5,25,1,3,5,3.125
VFLM 5301,6,20,0,2,6,2.5
VFLM 5301,7,17,1,1,7,2.125
VFLM 5301,8,23,1,3,5,2.875
VFLM 5301,9,11,1,5,3,1.375
VFLM 5301,10,22,0,6,2,2.75
VFLM 5301,11,16,0,4,4,2.0
VFLM 5301,12,24,0,2,6,3.0
VFLM 5301,13,22,0,2,6,2.75
VFLM 5301,14,27,1,3,5,3.375
VFLM 5301,15,21,1,1,7,2.625
VFLM 5301,16,23,1,1,7,2.875
VFLM 5301,17,21,1,3,5,2.625
VFLM 5301,18,20,0,6,2,2.5
VFLM 5301,19,22,0,4,4,2.75
VFLM 5301,20,20,0,4,4,2.5
VFLM 5301,21,23,1,5,3,2.875
VFLM 5301,22,20,0,2,6,2.5
VFLM 5301,23,14,0,4,4,1.75
VFLM 5301,24,27,1,5,3,3.375
VFLM 5301,25,29,1,3,5,3.625
VFLM 5301,26,12,0,4,4,1.5
VFLM 5301,27,23,1,3,5,2.875
VFLM 5301,28,15,1,5,3,1.875
VFLM 5301,29,21,1,3,5,2.625
VFLM 5301,30,20,0,4,4,2.5
VFLM 5302,1,24,0,4,4,3.0
VFLM 5302,2,25,1,5,3,3.125
VFLM 5302,3,14,0,4,4,1.75
VFLM 5302,4,17,1,1,7,2.125
VFLM 5302,5,13,1,3,5,1.625
VFLM 5302,6,22,0,4,4,2.75
VFLM 5302,7,26,0,6,2,3.25
VFLM 5302,8,26,0,4,4,3.25
VFLM 5302,9,26,0,6,2,3.25
VFLM 5302,10,18,0,6,2,2.25
VFLM 5302,11,25,1,3,5,3.125
VFLM 5302,12,22,0,6,2,2.75
VFLM 5302,13,29,1,5,3,3.625
VFLM 5302,14,12,0,6,2,1.5
VFLM 5302,15,16,0,4,4,2.0
VFLM 5302,16,17,1,3,5,2.125
VFLM 5302,17,17,1,3,5,2.125
VFLM 5302,18,23,1,5,3,2.875
VFLM 5302,19,24,0,4,4,3.0
VFLM 5302,20,15,1,7,1,1.875
VFLM 5302,21,29,1,3,5,3.625
VFLM 5302,22,26,0,2,6,3.25
VFLM 5302,23,23,1,3,5,2.875
VFLM 5302,24,21,1,7,1,2.625
VFLM 5302,25,13,1,5,3,1.625
VFLM 5302,26,18,0,4,4,2.25
VFLM 5302,27,24,0,4,4,3.0
VFLM 5302,28,22,0,2,6,2.75
VFLM 5302,29,16,0,4,4,2.0
VFLM 5302,30,25,1,5,3,3.125
VFLM 5303,1,21,1,3,5,2.625
VFLM 5303,2,20,0,4,4,2.5
VFLM 5303,3,23,1,5,3,2.875
VFLM 5303,4,23,1,5,3,2.875
VFLM 5303,5,23,1,3,5,2.875
VFLM 5303,6,24,0,4,4,3.0
VFLM 5303,7,29,1,5,3,3.625
VFLM 5303,8,24,0,4,4,3.0
VFLM 5303,9,26,0,6,2,3.25
VFLM 5303,10,20,0,4,4,2.5
VFLM 5303,11,14,0,6,2,1.75
VFLM 5303,12,18,0,4,4,2.25
VFLM 5303,13,22,0,4,4,2.75
VFLM 5303,14,19,1,1,7,2.375
VFLM 5303,15,24,0,6,2,3.0
VFLM 5303,16,18,0,6,2,2.25
VFLM 5303,17,17,1,5,3,2.125
VFLM 5303,18,27,1,5,3,3.375
VFLM 5303,19,26,0,4,4,3.25
VFLM 5303,20,25,1,3,5,3.125
VFLM 5303,21,20,0,2,6,2.5
VFLM 5303,22,17,1,3,5,2.125
VFLM 5303,23,28,0,4,4,3.5
VFLM 5303,24,17,1,7,1,2.125
VFLM 5303,25,20,0,4,4,2.5
VFLM 5303,26,12,0,4,4,1.5
VFLM 5303,27,16,0,4,4,2.0
VFLM 5303,28,15,1,3,5,1.875
VFLM 5303,29,18,0,2,6,2.25
VFLM 5303,30,17,1,3,5,2.125
VFLM 5304,1,17,1,5,3,2.125
VFLM 5304,2,32,0,4,4,4.0
VFLM 5304,3,22,0,8,0,2.75
VFLM 5304,4,17,1,5,3,2.125
VFLM 5304,5,13,1,3,5,1.625
VFLM 5304,6,20,0,2,6,2.5
VFLM 5304,7,22,0,6,2,2.75
VFLM 5304,8,18,0,2,6,2.25
VFLM 5304,9,19,1,5,3,2.375
VFLM 5304,10,13,1,5,3,1.625
VFLM 5304,11,18,0,4,4,2.25
VFLM 5304,12,17,1,1,7,2.125
VFLM 5304,13,26,0,4,4,3.25
VFLM 5304,14,19,1,3,5,2.375
VFLM 5304,15,19,1,3,5,2.375
VFLM 5304,16,24,0,6,2,3.0
VFLM 5304,17,23,1,1,7,2.875
VFLM 5304,18,17,1,5,3,2.125
VFLM 5304,19,26,0,4,4,3.25
VFLM 5304,20,20,0,4,4,2.5
VFLM 5304,21,26,0,4,4,3.25
VFLM 5304,22,15,1,5,3,1.875
VFLM 5304,23,23,1,5,3,2.875
VFLM 5304,24,20,0,4,4,2.5
VFLM 5304,25,25,1,5,3,3.125
VFLM 5304,26,16,0,6,2,2.0
VFLM 5304,27,13,1,3,5,1.625
VFLM 5304,28,17,1,3,5,2.125
VFLM 5304,29,21,1,7,1,2.625
VFLM 5304,30,28,0,2,6,3.5
VFLM 5305,1,17,1,3,5,2.125
VFLM 5305,2,21,1,3,5,2.625
VFLM 5305,3,24,0,2,6,3.0
VFLM 5305,4,10,0,6,2,1.25
VFLM 5305,5,19,1,3,5,2.375
VFLM 5305,6,20,0,4,4,2.5
VFLM 5305,7,19,1,5,3,2.375
VFLM 5305,8,25,1,3,5,3.125
VFLM 5305,9,15,1,5,3,1.875
VFLM 5305,10,26,0,6,2,3.25
VFLM 5305,11,20,0,4,4,2.5
VFLM 5305,12,18,0,4,4,2.25
VFLM 5305,13,26,0,6,2,3.25
VFLM 5305,14,16,0,4,4,2.0
VFLM 5305,15,23,1,3,5,2.875
VFLM 5305,16,20,0,2,6,2.5
VFLM 5305,17,21,1,5,3,2.625
VFLM 5305,18,16,0,4,4,2.0
VFLM 5305,19,22,0,6,2,2.75
VFLM 5305,20,25,1,7,1,3.125
VFLM 5305,21,19,1,5,3,2.375
VFLM 5305,22,17,1,3,5,2.125
VFLM 5305,23,18,0,4,4,2.25
VFLM 5305,24,22,0,4,4,2.75
VFLM 5305,25,16,0,2,6,2.0
VFLM 5305,26,30,0,4,4,3.75
VFLM 5305,27,20,0,4,4,2.5
VFLM 5305,28,25,1,3,5,3.125
VFLM 5305,29,12,0,4,4,1.5
VFLM 5305,30,27,1,5,3,3.375
VFLM 5306,1,26,0,4,4,3.25
VFLM 5306,2,26,0,6,2,3.25
VFLM 5306,3,17,1,5,3,2.125
VFLM 5306,4,15,1,5,3,1.875
VFLM 5306,5,23,1,5,3,2.875
VFLM 5306,6,10,0,2,6,1.25
VFLM 5306,7,20,0,2,6,2.5
VFLM 5306,8,26,0,4,4,3.25
VFLM 5306,9,12,0,4,4,1.5
VFLM 5306,10,28,0,6,2,3.5
VFLM 5306,11,16,0,4,4,2.0
VFLM 5306,12,16,0,4,4,2.0
VFLM 5306,13,21,1,5,3,2.625
VFLM 5306,14,18,0,2,6,2.25
VFLM 5306,15,26,0,2,6,3.25
VFLM 5306,16,22,0,2,6,2.75
VFLM 5306,17,19,1,3,5,2.375
VFLM 5306,18,17,1,3,5,2.125
VFLM 5306,19,17,1,3,5,2.125
VFLM 5306,20,21,1,5,3,2.625
VFLM 5306,21,21,1,5,3,2.625
VFLM 5306,22,29,1,3,5,3.625
VFLM 5306,23,16,0,4,4,2.0
VFLM 5306,24,22,0,6,2,2.75
VFLM 5306,25,26,0,4,4,3.25
VFLM 5306,26,24,0,4,4,3.0
VFLM 5306,27,15,1,5,3,1.875
VFLM 5306,28,27,1,1,7,3.375
VFLM 5306,29,22,0,2,6,2.75
VFLM 5306,30,24,0,2,6,3.0
VFLM 5307,1,18,0,6,2,2.25
VFLM 5307,2,19,1,5,3,2.375
VFLM 5307,3,12,0,4,4,1.5
VFLM 5307,4,20,0,4,4,2.5
VFLM 5307,5,22,0,2,6,2.75
VFLM 5307,6,19,1,1,7,2.375
VFLM 5307,7,19,1,3,5,2.375
VFLM 5307,8,28,0,4,4,3.5
VFLM 5307,9,16,0,6,2,2.0
VFLM 5307,10,20,0,4,4,2.5
VFLM 5307,11,15,1,5,3,1.875
VFLM 5307,12,19,1,3,5,2.375
VFLM 5307,13,27,1,5,3,3.375
VFLM 5307,14,19,1,5,3,2.375
VFLM 5307,15,27,1,5,3,3.375
VFLM 5307,16,27,1,1,7,3.375
VFLM 5307,17,23,1,7,1,2.875
VFLM 5307,18,17,1,5,3,2.125
VFLM 5307,19,23,1,3,5,2.875
VFLM 5307,20,26,0,4,4,3.25
VFLM 5307,21,17,1,5,3,2.125
VFLM 5307,22,25,1,5,3,3.125
VFLM 5307,23,24,0,6,2,3.0
VFLM 5307,24,23,1,1,7,2.875
VFLM 5307,25,22,0,4,4,2.75
VFLM 5307,26,26,0,6,2,3.25
VFLM 5307,27,17,1,3,5,2.125
VFLM 5307,28,25,1,5,3,3.125
VFLM 5307,29,24,0,4,4,3.0
VFLM 5307,30,23,1,3,5,2.875
VFLM 5308,1,27,1,5,3,3.375
VFLM 5308,2,15,1,5,3,1.875
VFLM 5308,3,19,1,5,3,2.375
VFLM 5308,4,17,1,3,5,2.125
VFLM 5308,5,26,0,4,4,3.25
VFLM 5308,6,24,0,4,4,3.0
VFLM 5308,7,22,0,4,4,2.75
VFLM 5308,8,21,1,3,5,2.625
VFLM 5308,9,31,1,3,5,3.875
VFLM 5308,10,26,0,4,4,3.25
VFLM 5308,11,32,0,4,4,4.0
VFLM 5308,12,18,0,4,4,2.25
VFLM 5308,13,21,1,5,3,2.625
VFLM 5308,14,16,0,4,4,2.0
VFLM 5308,15,23,1,3,5,2.875
VFLM 5308,16,25,1,3,5,3.125
VFLM 5308,17,16,0,2,6,2.0
VFLM 5308,18,23,1,5,3,2.875
VFLM 5308,19,23,1,3,5,2.875
VFLM 5308,20,21,1,3,5,2.625
VFLM 5308,21,19,1,1,7,2.375
VFLM 5308,22,21,1,5,3,2.625
VFLM 5308,23,26,0,4,4,3.25
VFLM 5308,24,20,0,2,6,2.5
VFLM 5308,25,12,0,2,6,1.5
VFLM 5308,26,25,1,3,5,3.125
VFLM 5308,27,12,0,4,4,1.5
VFLM 5308,28,23,1,5,3,2.875
VFLM 5308,29,19,1,3,5,2.375
VFLM 5308,30,18,0,6,2,2.25
VFLM 5309,1,19,1,3,5,2.375
VFLM 5309,2,21,1,3,5,2.625
VFLM 5309,3,22,0,4,4,2.75
VFLM 5309,4,22,0,6,2,2.75
VFLM 5309,5,14,0,4,4,1.75
VFLM 5309,6,27,1,3,5,3.375
VFLM 5309,7,21,1,3,5,2.625
VFLM 5309,8,25,1,3,5,3.125
VFLM 5309,9,31,1,7,1,3.875
VFLM 5309,10,23,1,5,3,2.875
VFLM 5309,11,21,1,5,3,2.625
VFLM 5309,12,21,1,3,5,2.625
VFLM 5309,13,22,0,4,4,2.75
VFLM 5309,14,21,1,3,5,2.625
VFLM 5309,15,16,0,2,6,2.0
VFLM 5309,16,15,1,5,3,1.875
VFLM 5309,17,20,0,4,4,2.5
VFLM 5309,18,19,1,5,3,2.375
VFLM 5309,19,16,0,6,2,2.0
VFLM 5309,20,23,1,3,5,2.875
VFLM 5309,21,21,1,5,3,2.625
VFLM 5309,22,24,0,4,4,3.0
VFLM 5309,23,26,0,4,4,3.25
VFLM 5309,24,15,1,5,3,1.875
VFLM 5309,25,28,0,4,4,3.5
VFLM 5309,26,26,0,4,4,3.25
VFLM 5309,27,25,1,5,3,3.125
VFLM 5309,28,22,0,4,4,2.75
VFLM 5309,29,22,0,4,4,2.75
VFLM 5309,30,27,1,5,3,3.375
VFLM 5310,1,23,1,5,3,2.875
VFLM 5310,2,20,0,2,6,2.5
VFLM 5310,3,18,0,2,6,2.25
VFLM 5310,4,14,0,6,2,1.75
VFLM 5310,5,22,0,2,6,2.75
VFLM 5310,6,23,1,5,3,2.875
VFLM 5310,7,28,0,4,4,3.5
VFLM 5310,8,26,0,4,4,3.25
VFLM 5310,9,21,1,3,5,2.625
VFLM 5310,10,22,0,2,6,2.75
VFLM 5310,11,30,0,4,4,3.75
VFLM 5310,12,20,0,6,2,2.5
VFLM 5310,13,24,0,2,6,3.0
VFLM 5310,14,14,0,4,4,1.75
VFLM 5310,15,19,1,5,3,2.375
VFLM 5310,16,14,0,4,4,1.75
VFLM 5310,17,14,0,4,4,1.75
VFLM 5310,18,21,1,3,5,2.625
VFLM 5310,19,17,1,5,3,2.125
VFLM 5310,20,20,0,2,6,2.5
VFLM 5310,21,11,1,3,5,1.375
VFLM 5310,22,27,1,5,3,3.375
VFLM 5310,23,22,0,2,6,2.75
VFLM 5310,24,21,1,7,1,2.625
VFLM 5310,25,26,0,6,2,3.25
VFLM 5310,26,14,0,2,6,1.75
VFLM 5310,27,23,1,3,5,2.875
VFLM 5310,28,14,0,6,2,1.75
VFLM 5310,29,20,0,6,2,2.5
VFLM 5310,30,12,0,2,6,1.5
VFLM 5311,1,22,0,2,6,2.75
VFLM 5311,2,17,1,3,5,2.125
VFLM 5311,3,17,1,5,3,2.125
VFLM 5311,4,22,0,6,2,2.75
VFLM 5311,5,22,0,4,4,2.75
VFLM 5311,6,27,1,3,5,3.375
VFLM 5311,7,24,0,4,4,3.0
VFLM 5311,8,24,0,4,4,3.0
VFLM 5311,9,21,1,5,3,2.625
VFLM 5311,10,19,1,5,3,2.375
VFLM 5311,11,17,1,1,7,2.125
VFLM 5311,12,25,1,3,5,3.125
VFLM 5311,13,23,1,5,3,2.875
VFLM 5311,14,22,0,6,2,2.75
VFLM 5311,15,17,1,3,5,2.125
VFLM 5311,16,22,0,4,4,2.75
VFLM 5311,17,23,1,3,5,2.875
VFLM 5311,18,12,0,4,4,1.5
VFLM 5311,19,24,0,4,4,3.0
VFLM 5311,20,19,1,3,5,2.375
VFLM 5311,21,18,0,4,4,2.25
VFLM 5311,22,19,1,3,5,2.375
VFLM 5311,23,18,0,4,4,2.25
VFLM 5311,24,14,0,4,4,1.75
VFLM 5311,25,18,0,4,4,2.25
VFLM 5311,26,19,1,3,5,2.375
VFLM 5311,27,20,0,2,6,2.5
VFLM 5311,28,19,1,5,3,2.375
VFLM 5311,29,21,1,7,1,2.625
VFLM 5311,30,24,0,6,2,3.0
VFLM 5312,1,24,0,6,2,3.0
VFLM 5312,2,19,1,5,3,2.375
VFLM 5312,3,14,0,4,4,1.75
VFLM 5312,4,22,0,2,6,2.75
VFLM 5312,5,24,0,4,4,3.0
VFLM 5312,6,24,0,2,6,3.0
VFLM 5312,7,21,1,1,7,2.625
VFLM 5312,8,19,1,5,3,2.375
VFLM 5312,9,24,0,4,4,3.0
VFLM 5312,10,20,0,4,4,2.5
VFLM 5312,11,17,1,3,5,2.125
VFLM 5312,12,16,0,4,4,2.0
VFLM 5312,13,20,0,4,4,2.5
VFLM 5312,14,22,0,2,6,2.75
VFLM 5312,15,17,1,5,3,2.125
VFLM 5312,16,23,1,3,5,2.875
VFLM 5312,17,23,1,5,3,2.875
VFLM 5312,18,18,0,4,4,2.25
VFLM 5312,19,22,0,6,2,2.75
VFLM 5312,20,16,0,4,4,2.0
VFLM 5312,21,12,0,2,6,1.5
VFLM 5312,22,20,0,2,6,2.5
VFLM 5312,23,22,0,4,4,2.75
VFLM 5312,24,28,0,4,4,3.5
VFLM 5312,25,20,0,4,4,2.5
VFLM 5312,26,15,1,3,5,1.875
VFLM 5312,27,21,1,5,3,2.625
VFLM 5312,28,24,0,4,4,3.0
VFLM 5312,29,19,1,3,5,2.375
VFLM 5312,30,16,0,6,2,2.0
VFLM 5313,1,16,0,6,2,2.0
VFLM 5313,2,26,0,4,4,3.25
VFLM 5313,3,26,0,2,6,3.25
VFLM 5313,4,19,1,1,7,2.375
VFLM 5313,5,25,1,3,5,3.125
VFLM 5313,6,19,1,5,3,2.375
VFLM 5313,7,22,0,4,4,2.75
VFLM 5313,8,15,1,5,3,1.875
VFLM 5313,9,22,0,2,6,2.75
VFLM 5313,10,16,0,4,4,2.0
VFLM 5313,11,15,1,3,5,1.875
VFLM 5313,12,24,0,6,2,3.0
VFLM 5313,13,19,1,5,3,2.375
VFLM 5313,14,22,0,4,4,2.75
VFLM 5313,15,22,0,2,6,2.75
VFLM 5313,16,24,0,4,4,3.0
VFLM 5313,17,19,1,3,5,2.375
VFLM 5313,18,30,0,2,6,3.75
VFLM 5313,19,16,0,2,6,2.0
VFLM 5313,20,23,1,5,3,2.875
VFLM 5313,21,18,0,4,4,2.25
VFLM 5313,22,17,1,5,3,2.125
VFLM 5313,23,28,0,4,4,3.5
VFLM 5313,24,19,1,7,1,2.375
VFLM 5313,25,15,1,5,3,1.875
VFLM 5313,26,21,1,5,3,2.625
VFLM 5313,27,22,0,6,2,2.75
VFLM 5313,28,20,0,4,4,2.5
VFLM 5313,29,19,1,5,3,2.375
VFLM 5313,30,29,1,5,3,3.625
VFLM 5314,1,26,0,6,2,3.25
VFLM 5314,2,22,0,4,4,2.75
VFLM 5314,3,19,1,5,3,2.375
VFLM 5314,4,11,1,5,3,1.375
VFLM 5314,5,29,1,5,3,3.625
VFLM 5314,6,19,1,3,5,2.375
VFLM 5314,7,19,1,5,3,2.375
VFLM 5314,8,22,0,4,4,2.75
VFLM 5314,9,24,0,2,6,3.0
VFLM 5314,10,21,1,5,3,2.625
VFLM 5314,11,17,1,3,5,2.125
VFLM 5314,12,21,1,5,3,2.625
VFLM 5314,13,18,0,4,4,2.25
VFLM 5314,14,22,0,4,4,2.75
VFLM 5314,15,19,1,3,5,2.375
VFLM 5314,16,21,1,5,3,2.625
VFLM 5314,17,27,1,7,1,3.375
VFLM 5314,18,20,0,4,4,2.5
VFLM 5314,19,29,1,5,3,3.625
VFLM 5314,20,19,1,5,3,2.375
VFLM 5314,21,34,0,4,4,4.25
VFLM 5314,22,14,0,2,6,1.75
VFLM 5314,23,21,1,3,5,2.625
VFLM 5314,24,21,1,3,5,2.625
VFLM 5314,25,22,0,4,4,2.75
VFLM 5314,26,22,0,4,4,2.75
VFLM 5314,27,18,0,4,4,2.25
VFLM 5314,28,23,1,3,5,2.875
VFLM 5314,29,24,0,6,2,3.0
VFLM 5314,30,14,0,4,4,1.75
VFLM 5315,1,12,0,4,4,1.5
VFLM 5315,2,26,0,4,4,3.25
VFLM 5315,3,31,1,3,5,3.875
VFLM 5315,4,21,1,5,3,2.625
VFLM 5315,5,20,0,2,6,2.5
VFLM 5315,6,21,1,3,5,2.625
VFLM 5315,7,18,0,6,2,2.25
VFLM 5315,8,21,1,3,5,2.625
VFLM 5315,9,29,1,3,5,3.625
VFLM 5315,10,19,1,3,5,2.375
VFLM 5315,11,24,0,6,2,3.0
VFLM 5315,12,28,0,4,4,3.5
VFLM 5315,13,22,0,4,4,2.75
VFLM 5315,14,11,1,3,5,1.375
VFLM 5315,15,23,1,3,5,2.875
VFLM 5315,16,17,1,3,5,2.125
VFLM 5315,17,23,1,1,7,2.875
VFLM 5315,18,23,1,5,3,2.875
VFLM 5315,19,29,1,5,3,3.625
VFLM 5315,20,21,1,7,1,2.625
VFLM 5315,21,18,0,4,4,2.25
VFLM 5315,22,25,1,3,5,3.125
VFLM 5315,23,21,1,5,3,2.625
VFLM 5315,24,23,1,1,7,2.875
VFLM 5315,25,14,0,4,4,1.75
VFLM 5315,26,23,1,5,3,2.875
VFLM 5315,27,24,0,4,4,3.0
VFLM 5315,28,21,1,3,5,2.625
VFLM 5315,29,15,1,5,3,1.875
VFLM 5315,30,19,1,7,1,2.375
VFLM 5316,1,28,0,2,6,3.5
VFLM 5316,2,20,0,4,4,2.5
VFLM 5316,3,28,0,4,4,3.5
VFLM 5316,4,25,1,5,3,3.125
VFLM 5316,5,12,0,2,6,1.5
VFLM 5316,6,24,0,4,4,3.0
VFLM 5316,7,16,0,2,6,2.0
VFLM 5316,8,23,1,5,3,2.875
VFLM 5316,9,31,1,3,5,3.875
VFLM 5316,10,20,0,8,0,2.5
VFLM 5316,11,14,0,4,4,1.75
VFLM 5316,12,30,0,6,2,3.75
VFLM 5316,13,22,0,2,6,2.75
VFLM 5316,14,24,0,4,4,3.0
VFLM 5316,15,15,1,3,5,1.875
VFLM 5316,16,15,1,5,3,1.875
VFLM 5316,17,18,0,4,4,2.25
VFLM 5316,18,14,0,4,4,1.75
VFLM 5316,19,19,1,7,1,2.375
VFLM 5316,20,18,0,6,2,2.25
VFLM 5316,21,25,1,7,1,3.125
VFLM 5316,22,10,0,2,6,1.25
VFLM 5316,23,20,0,4,4,2.5
VFLM 5316,24,16,0,2,6,2.0
VFLM 5316,25,26,0,4,4,3.25
VFLM 5316,26,33,1,3,5,4.125
VFLM 5316,27,22,0,4,4,2.75
VFLM 5316,28,26,0,4,4,3.25
VFLM 5316,29,18,0,2,6,2.25
VFLM 5316,30,19,1,5,3,2.375
VFLM 5317,1,23,1,5,3,2.875
VFLM 5317,2,24,0,4,4,3.0
VFLM 5317,3,24,0,6,2,3.0
VFLM 5317,4,28,0,6,2,3.5
VFLM 5317,5,16,0,4,4,2.0
VFLM 5317,6,21,1,3,5,2.625
VFLM 5317,7,21,1,5,3,2.625
VFLM 5317,8,18,0,2,6,2.25
VFLM 5317,9,24,0,4,4,3.0
VFLM 5317,10,28,0,4,4,3.5
VFLM 5317,11,20,0,2,6,2.5
VFLM 5317,12,18,0,4,4,2.25
VFLM 5317,13,22,0,2,6,2.75
VFLM 5317,14,16,0,6,2,2.0
VFLM 5317,15,15,1,5,3,1.875
VFLM 5317,16,19,1,3,5,2.375
VFLM 5317,17,19,1,5,3,2.375
VFLM 5317,18,17,1,3,5,2.125
VFLM 5317,19,26,0,6,2,3.25
VFLM 5317,20,28,0,4,4,3.5
VFLM 5317,21,22,0,4,4,2.75
VFLM 5317,22,20,0,6,2,2.5
VFLM 5317,23,25,1,3,5,3.125
VFLM 5317,24,22,0,6,2,2.75
VFLM 5317,25,23,1,3,5,2.875
VFLM 5317,26,22,0,2,6,2.75
VFLM 5317,27,18,0,4,4,2.25
VFLM 5317,28,25,1,5,3,3.125
VFLM 5317,29,24,0,4,4,3.0
VFLM 5317,30,22,0,4,4,2.75
VFLM 5318,1,24,0,4,4,3.0
VFLM 5318,2,21,1,3,5,2.625
VFLM 5318,3,25,1,3,5,3.125
VFLM 5318,4,18,0,4,4,2.25
VFLM 5318,5,23,1,5,3,2.875
VFLM 5318,6,27,1,5,3,3.375
VFLM 5318,7,24,0,4,4,3.0
VFLM 5318,8,19,1,5,3,2.375
VFLM 5318,9,24,0,4,4,3.0
VFLM 5318,10,22,0,4,4,2.75
VFLM 5318,11,29,1,5,3,3.625
VFLM 5318,12,16,0,2,6,2.0
VFLM 5318,13,24,0,4,4,3.0
VFLM 5318,14,18,0,4,4,2.25
VFLM 5318,15,27,1,3,5,3.375
VFLM 5318,16,20,0,4,4,2.5
VFLM 5318,17,17,1,5,3,2.125
VFLM 5318,18,23,1,3,5,2.875
VFLM 5318,19,17,1,5,3,2.125
VFLM 5318,20,15,1,3,5,1.875
VFLM 5318,21,18,0,4,4,2.25
VFLM 5318,22,29,1,3,5,3.625
VFLM 5318,23,24,0,4,4,3.0
VFLM 5318,24,23,1,5,3,2.875
VFLM 5318,25,22,0,4,4,2.75
VFLM 5318,26,29,1,3,5,3.625
VFLM 5318,27,25,1,5,3,3.125
VFLM 5318,28,25,1,3,5,3.125
VFLM 5318,29,19,1,5,3,2.375
VFLM 5318,30,22,0,4,4,2.75
VFLM 5319,1,22,0,4,4,2.75
VFLM 5319,2,20,0,4,4,2.5
VFLM 5319,3,17,1,3,5,2.125
VFLM 5319,4,25,1,5,3,3.125
VFLM 5319,5,21,1,5,3,2.625
VFLM 5319,6,20,0,4,4,2.5
VFLM 5319,7,18,0,4,4,2.25
VFLM 5319,8,24,0,6,2,3.0
VFLM 5319,9,19,1,1,7,2.375
VFLM 5319,10,17,1,5,3,2.125
VFLM 5319,11,29,1,5,3,3.625
VFLM 5319,12,13,1,5,3,1.625
VFLM 5319,13,23,1,5,3,2.875
VFLM 5319,14,20,0,4,4,2.5
VFLM 5319,15,21,1,3,5,2.625
VFLM 5319,16,23,1,5,3,2.875
VFLM 5319,17,26,0,4,4,3.25
VFLM 5319,18,29,1,3,5,3.625
VFLM 5319,19,14,0,6,2,1.75
VFLM 5319,20,18,0,4,4,2.25
VFLM 5319,21,17,1,3,5,2.125
VFLM 5319,22,11,1,3,5,1.375
VFLM 5319,23,23,1,5,3,2.875
VFLM 5319,24,24,0,4,4,3.0
VFLM 5319,25,33,1,5,3,4.125
VFLM 5319,26,18,0,2,6,2.25
VFLM 5319,27,26,0,4,4,3.25
VFLM 5319,28,22,0,4,4,2.75
VFLM 5319,29,17,1,3,5,2.125
VFLM 5319,30,18,0,4,4,2.25
VFLM 5320,1,19,1,5,3,2.375
VFLM 5320,2,17,1,5,3,2.125
VFLM 5320,3,19,1,7,1,2.375
VFLM 5320,4,31,1,5,3,3.875
VFLM 5320,5,22,0,6,2,2.75
VFLM 5320,6,18,0,6,2,2.25
VFLM 5320,7,21,1,3,5,2.625
VFLM 5320,8,17,1,3,5,2.125
VFLM 5320,9,25,1,5,3,3.125
VFLM 5320,10,17,1,3,5,2.125
VFLM 5320,11,16,0,2,6,2.0
VFLM 5320,12,19,1,5,3,2.375
VFLM 5320,13,21,1,7,1,2.625
VFLM 5320,14,20,0,6,2,2.5
VFLM 5320,15,22,0,2,6,2.75
VFLM 5320,16,25,1,5,3,3.125
VFLM 5320,17,19,1,3,5,2.375
VFLM 5320,18,21,1,5,3,2.625
VFLM 5320,19,22,0,8,0,2.75
VFLM 5320,20,15,1,5,3,1.875
VFLM 5320,21,16,0,2,6,2.0
VFLM 5320,22,23,1,3,5,2.875
VFLM 5320,23,27,1,5,3,3.375
VFLM 5320,24,15,1,1,7,1.875
VFLM 5320,25,17,1,5,3,2.125
VFLM 5320,26,23,1,5,3,2.875
VFLM 5320,27,20,0,4,4,2.5
VFLM 5320,28,16,0,4,4,2.0
VFLM 5320,29,20,0,2,6,2.5
VFLM 5320,30,17,1,3,5,2.125
VFLM 5321,1,24,0,4,4,3.0
VFLM 5321,2,22,0,4,4,2.75
VFLM 5321,3,23,1,3,5,2.875
VFLM 5321,4,25,1,3,5,3.125
VFLM 5321,5,18,0,4,4,2.25
VFLM 5321,6,20,0,4,4,2.5
VFLM 5321,7,19,1,5,3,2.375
VFLM 5321,8,13,1,3,5,1.625
VFLM 5321,9,16,0,6,2,2.0
VFLM 5321,10,18,0,4,4,2.25
VFLM 5321,11,19,1,3,5,2.375
VFLM 5321,12,19,1,3,5,2.375
VFLM 5321,13,19,1,5,3,2.375
VFLM 5321,14,16,0,6,2,2.0
VFLM 5321,15,23,1,3,5,2.875
VFLM 5321,16,24,0,2,6,3.0
VFLM 5321,17,16,0,2,6,2.0
VFLM 5321,18,23,1,3,5,2.875
VFLM 5321,19,25,1,5,3,3.125
VFLM 5321,20,17,1,1,7,2.125
VFLM 5321,21,16,0,4,4,2.0
VFLM 5321,22,19,1,3,5,2.375
VFLM 5321,23,18,0,6,2,2.25
VFLM 5321,24,17,1,3,5,2.125
VFLM 5321,25,31,1,3,5,3.875
VFLM 5321,26,22,0,4,4,2.75
VFLM 5321,27,21,1,3,5,2.625
VFLM 5321,28,21,1,5,3,2.625
VFLM 5321,29,24,0,6,2,3.0
VFLM 5321,30,21,1,3,5,2.625
VFLM 5322,1,16,0,2,6,2.0
VFLM 5322,2,30,0,6,2,3.75
VFLM 5322,3,23,1,3,5,2.875
VFLM 5322,4,32,0,4,4,4.0
VFLM 5322,5,17,1,5,3,2.125
VFLM 5322,6,22,0,4,4,2.75
VFLM 5322,7,10,0,4,4,1.25
VFLM 5322,8,18,0,4,4,2.25
VFLM 5322,9,18,0,8,0,2.25
VFLM 5322,10,25,1,5,3,3.125
VFLM 5322,11,17,1,5,3,2.125
VFLM 5322,12,13,1,5,3,1.625
VFLM 5322,13,19,1,5,3,2.375
VFLM 5322,14,13,1,5,3,1.625
VFLM 5322,15,21,1,7,1,2.625
VFLM 5322,16,16,0,6,2,2.0
VFLM 5322,17,21,1,5,3,2.625
VFLM 5322,18,17,1,5,3,2.125
VFLM 5322,19,23,1,3,5,2.875
VFLM 5322,20,18,0,4,4,2.25
VFLM 5322,21,21,1,3,5,2.625
VFLM 5322,22,24,0,6,2,3.0
VFLM 5322,23,21,1,5,3,2.625
VFLM 5322,24,27,1,3,5,3.375
VFLM 5322,25,21,1,3,5,2.625
VFLM 5322,26,13,1,7,1,1.625
VFLM 5322,27,19,1,5,3,2.375
VFLM 5322,28,18,0,4,4,2.25
VFLM 5322,29,34,0,4,4,4.25
VFLM 5322,30,20,0,6,2,2.5
VFLM 5323,1,19,1,5,3,2.375
VFLM 5323,2,23,1,7,1,2.875
VFLM 5323,3,23,1,3,5,2.875
VFLM 5323,4,19,1,5,3,2.375
VFLM 5323,5,14,0,4,4,1.75
VFLM 5323,6,23,1,5,3,2.875
VFLM 5323,7,21,1,5,3,2.625
VFLM 5323,8,22,0,4,4,2.75
VFLM 5323,9,16,0,4,4,2.0
VFLM 5323,10,18,0,4,4,2.25
VFLM 5323,11,18,0,6,2,2.25
VFLM 5323,12,33,1,5,3,4.125
VFLM 5323,13,19,1,5,3,2.375
VFLM 5323,14,19,1,3,5,2.375
VFLM 5323,15,23,1,3,5,2.875
VFLM 5323,16,18,0,2,6,2.25
VFLM 5323,17,26,0,4,4,3.25
VFLM 5323,18,16,0,2,6,2.0
VFLM 5323,19,17,1,1,7,2.125
VFLM 5323,20,20,0,0,8,2.5
VFLM 5323,21,17,1,5,3,2.125
VFLM 5323,22,33,1,5,3,4.125
VFLM 5323,23,16,0,4,4,2.0
VFLM 5323,24,15,1,1,7,1.875
VFLM 5323,25,17,1,3,5,2.125
VFLM 5323,26,22,0,4,4,2.75
VFLM 5323,27,18,0,2,6,2.25
VFLM 5323,28,27,1,7,1,3.375
VFLM 5323,29,21,1,7,1,2.625
VFLM 5323,30,19,1,7,1,2.375
VFLM 5324,1,28,0,2,6,3.5
VFLM 5324,2,25,1,3,5,3.125
VFLM 5324,3,17,1,3,5,2.125
VFLM 5324,4,17,1,3,5,2.125
VFLM 5324,5,28,0,2,6,3.5
VFLM 5324,6,19,1,5,3,2.375
VFLM 5324,7,27,1,3,5,3.375
VFLM 5324,8,24,0,2,6,3.0
VFLM 5324,9,22,0,6,2,2.75
VFLM 5324,10,18,0,2,6,2.25
VFLM 5324,11,25,1,5,3,3.125
VFLM 5324,12,17,1,3,5,2.125
VFLM 5324,13,16,0,4,4,2.0
VFLM 5324,14,26,0,4,4,3.25
VFLM 5324,15,15,1,1,7,1.875
VFLM 5324,16,15,1,5,3,1.875
VFLM 5324,17,22,0,6,2,2.75
VFLM 5324,18,24,0,4,4,3.0
VFLM 5324,19,23,1,7,1,2.875
VFLM 5324,20,29,1,5,3,3.625
VFLM 5324,21,30,0,2,6,3.75
VFLM 5324,22,19,1,3,5,2.375
VFLM 5324,23,17,1,5,3,2.125
VFLM 5324,24,27,1,5,3,3.375
VFLM 5324,25,13,1,3,5,1.625
VFLM 5324,26,24,0,2,6,3.0
VFLM 5324,27,25,1,3,5,3.125
VFLM 5324,28,24,0,4,4,3.0
VFLM 5324,29,15,1,5,3,1.875
VFLM 5324,30,18,0,4,4,2.25
VFLM 5325,1,21,1,5,3,2.625
VFLM 5325,2,23,1,3,5,2.875
VFLM 5325,3,21,1,5,3,2.625
VFLM 5325,4,19,1,3,5,2.375
VFLM 5325,5,21,1,1,7,2.625
VFLM 5325,6,19,1,5,3,2.375
VFLM 5325,7,24,0,6,2,3.0
VFLM 5325,8,13,1,3,5,1.625
VFLM 5325,9,27,1,3,5,3.375
VFLM 5325,10,23,1,7,1,2.875
VFLM 5325,11,19,1,1,7,2.375
VFLM 5325,12,15,1,5,3,1.875
VFLM 5325,13,25,1,3,5,3.125
VFLM 5325,14,24,0,4,4,3.0
VFLM 5325,15,20,0,6,2,2.5
VFLM 5325,16,18,0,2,6,2.25
VFLM 5325,17,23,1,5,3,2.875
VFLM 5325,18,18,0,6,2,2.25
VFLM 5325,19,21,1,5,3,2.625
VFLM 5325,20,24,0,4,4,3.0
VFLM 5325,21,18,0,4,4,2.25
VFLM 5325,22,29,1,5,3,3.625
VFLM 5325,23,20,0,6,2,2.5
VFLM 5325,24,32,0,6,2,4.0
VFLM 5325,25,19,1,3,5,2.375
VFLM 5325,26,24,0,4,4,3.0
VFLM 5325,27,25,1,5,3,3.125
VFLM 5325,28,20,0,2,6,2.5
VFLM 5325,29,21,1,7,1,2.625
VFLM 5325,30,18,0,4,4,2.25
VFLM 5326,1,16,0,8,0,2.0
VFLM 5326,2,19,1,5,3,2.375
VFLM 5326,3,15,1,1,7,1.875
VFLM 5326,4,18,0,4,4,2.25
VFLM 5326,5,25,1,1,7,3.125
VFLM 5326,6,23,1,5,3,2.875
VFLM 5326,7,16,0,4,4,2.0
VFLM 5326,8,22,0,4,4,2.75
VFLM 5326,9,31,1,3,5,3.875
VFLM 5326,10,24,0,4,4,3.0
VFLM 5326,11,20,0,4,4,2.5
VFLM 5326,12,20,0,4,4,2.5
VFLM 5326,13,24,0,6,2,3.0
VFLM 5326,14,29,1,5,3,3.625
VFLM 5326,15,26,0,4,4,3.25
VFLM 5326,16,27,1,3,5,3.375
VFLM 5326,17,21,1,5,3,2.625
VFLM 5326,18,16,0,4,4,2.0
VFLM 5326,19,21,1,3,5,2.625
VFLM 5326,20,21,1,5,3,2.625
VFLM 5326,21,16,0,6,2,2.0
VFLM 5326,22,16,0,4,4,2.0
VFLM 5326,23,18,0,4,4,2.25
VFLM 5326,24,29,1,3,5,3.625
VFLM 5326,25,26,0,4,4,3.25
VFLM 5326,26,22,0,2,6,2.75
VFLM 5326,27,23,1,3,5,2.875
VFLM 5326,28,19,1,3,5,2.375
VFLM 5326,29,16,0,4,4,2.0
VFLM 5326,30,16,0,6,2,2.0
VFLM 5327,1,23,1,3,5,2.875
VFLM 5327,2,20,0,2,6,2.5
VFLM 5327,3,25,1,3,5,3.125
VFLM 5327,4,19,1,5,3,2.375
VFLM 5327,5,13,1,5,3,1.625
VFLM 5327,6,24,0,4,4,3.0
VFLM 5327,7,13,1,3,5,1.625
VFLM 5327,8,24,0,4,4,3.0
VFLM 5327,9,14,0,4,4,1.75
VFLM 5327,10,28,0,2,6,3.5
VFLM 5327,11,24,0,4,4,3.0
VFLM 5327,12,27,1,3,5,3.375
VFLM 5327,13,18,0,4,4,2.25
VFLM 5327,14,25,1,5,3,3.125
VFLM 5327,15,29,1,5,3,3.625
VFLM 5327,16,14,0,4,4,1.75
VFLM 5327,17,23,1,1,7,2.875
VFLM 5327,18,26,0,6,2,3.25
VFLM 5327,19,20,0,4,4,2.5
VFLM 5327,20,20,0,4,4,2.5
VFLM 5327,21,14,0,6,2,1.75
VFLM 5327,22,22,0,2,6,2.75
VFLM 5327,23,27,1,5,3,3.375
VFLM 5327,24,22,0,2,6,2.75
VFLM 5327,25,14,0,4,4,1.75
VFLM 5327,26,19,1,3,5,2.375
VFLM 5327,27,12,0,4,4,1.5
VFLM 5327,28,17,1,3,5,2.125
VFLM 5327,29,21,1,3,5,2.625
VFLM 5327,30,25,1,3,5,3.125
VFLM 5328,1,18,0,4,4,2.25
VFLM 5328,2,15,1,1,7,1.875
VFLM 5328,3,29,1,5,3,3.625
VFLM 5328,4,22,0,6,2,2.75
VFLM 5328,5,21,1,5,3,2.625
VFLM 5328,6,21,1,3,5,2.625
VFLM 5328,7,26,0,6,2,3.25
VFLM 5328,8,20,0,2,6,2.5
VFLM 5328,9,17,1,5,3,2.125
VFLM 5328,10,20,0,4,4,2.5
VFLM 5328,11,18,0,6,2,2.25
VFLM 5328,12,25,1,5,3,3.125
VFLM 5328,13,17,1,1,7,2.125
VFLM 5328,14,19,1,3,5,2.375
VFLM 5328,15,17,1,5,3,2.125
VFLM 5328,16,24,0,4,4,3.0
VFLM 5328,17,21,1,3,5,2.625
VFLM 5328,18,22,0,6,2,2.75
VFLM 5328,19,21,1,3,5,2.625
VFLM 5328,20,20,0,4,4,2.5
VFLM 5328,21,25,1,5,3,3.125
VFLM 5328,22,26,0,4,4,3.25
VFLM 5328,23,15,1,5,3,1.875
VFLM 5328,24,26,0,4,4,3.25
VFLM 5328,25,27,1,3,5,3.375
VFLM 5328,26,20,0,4,4,2.5
VFLM 5328,27,20,0,4,4,2.5
VFLM 5328,28,27,1,3,5,3.375
VFLM 5328,29,20,0,4,4,2.5
VFLM 5328,30,22,0,4,4,2.75
VFLM 5329,1,29,1,3,5,3.625
VFLM 5329,2,25,1,3,5,3.125
VFLM 5329,3,22,0,4,4,2.75
VFLM 5329,4,21,1,3,5,2.625
VFLM 5329,5,19,1,3,5,2.375
VFLM 5329,6,19,1,1,7,2.375
VFLM 5329,7,24,0,4,4,3.0
VFLM 5329,8,22,0,6,2,2.75
VFLM 5329,9,25,1,3,5,3.125
VFLM 5329,10,20,0,2,6,2.5
VFLM 5329,11,16,0,4,4,2.0
VFLM 5329,12,21,1,7,1,2.625
VFLM 5329,13,28,0,4,4,3.5
VFLM 5329,14,13,1,5,3,1.625
VFLM 5329,15,19,1,3,5,2.375
VFLM 5329,16,25,1,5,3,3.125
VFLM 5329,17,21,1,3,5,2.625
VFLM 5329,18,23,1,5,3,2.875
VFLM 5329,19,31,1,5,3,3.875
VFLM 5329,20,22,0,2,6,2.75
VFLM 5329,21,20,0,4,4,2.5
VFLM 5329,22,20,0,4,4,2.5
VFLM 5329,23,28,0,6,2,3.5
VFLM 5329,24,18,0,4,4,2.25
VFLM 5329,25,22,0,2,6,2.75
VFLM 5329,26,15,1,5,3,1.875
VFLM 5329,27,23,1,5,3,2.875
VFLM 5329,28,23,1,5,3,2.875
VFLM 5329,29,21,1,5,3,2.625
VFLM 5329,30,17,1,5,3,2.125
VFLM 5330,1,22,0,2,6,2.75
VFLM 5330,2,24,0,4,4,3.0
VFLM 5330,3,25,1,3,5,3.125
VFLM 5330,4,18,0,6,2,2.25
VFLM 5330,5,17,1,3,5,2.125
VFLM 5330,6,21,1,3,5,2.625
VFLM 5330,7,18,0,4,4,2.25
VFLM 5330,8,16,0,4,4,2.0
VFLM 5330,9,18,0,4,4,2.25
VFLM 5330,10,27,1,5,3,3.375
VFLM 5330,11,23,1,3,5,2.875
VFLM 5330,12,23,1,3,5,2.875
VFLM 5330,13,14,0,6,2,1.75
VFLM 5330,14,28,0,4,4,3.5
VFLM 5330,15,20,0,2,6,2.5
VFLM 5330,16,19,1,3,5,2.375
VFLM 5330,17,25,1,3,5,3.125
VFLM 5330,18,20,0,2,6,2.5
VFLM 5330,19,26,0,4,4,3.25
VFLM 5330,20,18,0,4,4,2.25
VFLM 5330,21,14,0,4,4,1.75
VFLM 5330,22,25,1,3,5,3.125
VFLM 5330,23,20,0,4,4,2.5
VFLM 5330,24,21,1,5,3,2.625
VFLM 5330,25,28,0,4,4,3.5
VFLM 5330,26,21,1,5,3,2.625
VFLM 5330,27,17,1,5,3,2.125
VFLM 5330,28,15,1,3,5,1.875
VFLM 5330,29,25,1,5,3,3.125
VFLM 5330,30,16,0,4,4,2.0
VFLM 5331,1,25,1,3,5,3.125
VFLM 5331,2,13,1,3,5,1.625
VFLM 5331,3,17,1,5,3,2.125
VFLM 5331,4,20,0,2,6,2.5
VFLM 5331,5,18,0,2,6,2.25
VFLM 5331,6,25,1,3,5,3.125
VFLM 5331,7,20,0,6,2,2.5
VFLM 5331,8,23,1,3,5,2.875
VFLM 5331,9,19,1,5,3,2.375
VFLM 5331,10,18,0,4,4,2.25
VFLM 5331,11,16,0,2,6,2.0
VFLM 5331,12,13,1,5,3,1.625
VFLM 5331,13,20,0,4,4,2.5
VFLM 5331,14,32,0,2,6,4.0
VFLM 5331,15,17,1,5,3,2.125
VFLM 5331,16,24,0,4,4,3.0
VFLM 5331,17,25,1,3,5,3.125
VFLM 5331,18,22,0,4,4,2.75
VFLM 5331,19,27,1,3,5,3.375
VFLM 5331,20,19,1,5,3,2.375
VFLM 5331,21,21,1,7,1,2.625
VFLM 5331,22,24,0,4,4,3.0
VFLM 5331,23,14,0,4,4,1.75
VFLM 5331,24,23,1,3,5,2.875
VFLM 5331,25,18,0,4,4,2.25
VFLM 5331,26,22,0,6,2,2.75
VFLM 5331,27,22,0,4,4,2.75
VFLM 5331,28,20,0,4,4,2.5
VFLM 5331,29,15,1,3,5,1.875
VFLM 5331,30,22,0,2,6,2.75
VFLM 5332,1,21,1,7,1,2.625
VFLM 5332,2,20,0,4,4,2.5
VFLM 5332,3,21,1,5,3,2.625
VFLM 5332,4,23,1,3,5,2.875
VFLM 5332,5,13,1,7,1,1.625
VFLM 5332,6,23,1,3,5,2.875
VFLM 5332,7,15,1,3,5,1.875
VFLM 5332,8,16,0,4,4,2.0
VFLM 5332,9,26,0,6,2,3.25
VFLM 5332,10,25,1,5,3,3.125
VFLM 5332,11,23,1,5,3,2.875
VFLM 5332,12,17,1,1,7,2.125
VFLM 5332,13,18,0,4,4,2.25
VFLM 5332,14,16,0,2,6,2.0
VFLM 5332,15,0,0,0,8,0.0
VFLM 5332,16,14,0,6,2,1.75
VFLM 5332,17,19,1,3,5,2.375
VFLM 5332,18,24,0,0,8,3.0
VFLM 5332,19,21,1,1,7,2.625
VFLM 5332,20,23,1,3,5,2.875
VFLM 5332,21,17,1,5,3,2.125
VFLM 5332,22,18,0,2,6,2.25
VFLM 5332,23,16,0,2,6,2.0
VFLM 5332,24,22,0,6,2,2.75
VFLM 5332,25,18,0,6,2,2.25
VFLM 5332,26,19,1,3,5,2.375
VFLM 5332,27,14,0,6,2,1.75
VFLM 5332,28,19,1,3,5,2.375
VFLM 5332,29,24,0,0,8,3.0
VFLM 5332,30,21,1,1,7,2.625
VFLM 5333,1,16,0,2,6,2.0
VFLM 5333,2,21,1,3,5,2.625
VFLM 5333,3,23,1,5,3,2.875
VFLM 5333,4,17,1,5,3,2.125
VFLM 5333,5,11,1,3,5,1.375
VFLM 5333,6,24,0,4,4,3.0
VFLM 5333,7,17,1,7,1,2.125
VFLM 5333,8,14,0,4,4,1.75
VFLM 5333,9,15,1,3,5,1.875
VFLM 5333,10,18,0,4,4,2.25
VFLM 5333,11,14,0,4,4,1.75
VFLM 5333,12,24,0,6,2,3.0
VFLM 5333,13,19,1,1,7,2.375
VFLM 5333,14,26,0,4,4,3.25
VFLM 5333,15,24,0,4,4,3.0
VFLM 5333,16,21,1,3,5,2.625
VFLM 5333,17,28,0,4,4,3.5
VFLM 5333,18,21,1,1,7,2.625
VFLM 5333,19,20,0,4,4,2.5
VFLM 5333,20,20,0,4,4,2.5
VFLM 5333,21,17,1,3,5,2.125
VFLM 5333,22,24,0,4,4,3.0
VFLM 5333,23,17,1,7,1,2.125
VFLM 5333,24,18,0,6,2,2.25
VFLM 5333,25,19,1,7,1,2.375
VFLM 5333,26,20,0,6,2,2.5
VFLM 5333,27,19,1,5,3,2.375
VFLM 5333,28,22,0,2,6,2.75
VFLM 5333,29,20,0,6,2,2.5
VFLM 5333,30,19,1,5,3,2.375
VFLM 5334,1,21,1,3,5,2.625
VFLM 5334,2,18,0,4,4,2.25
VFLM 5334,3,17,1,1,7,2.125
VFLM 5334,4,20,0,4,4,2.5
VFLM 5334,5,17,1,3,5,2.125
VFLM 5334,6,21,1,5,3,2.625
VFLM 5334,7,14,0,4,4,1.75
VFLM 5334,8,17,1,3,5,2.125
VFLM 5334,9,19,1,5,3,2.375
VFLM 5334,10,19,1,5,3,2.375
VFLM 5334,11,23,1,3,5,2.875
VFLM 5334,12,23,1,3,5,2.875
VFLM 5334,13,26,0,2,6,3.25
VFLM 5334,14,20,0,4,4,2.5
VFLM 5334,15,14,0,2,6,1.75
VFLM 5334,16,13,1,5,3,1.625
VFLM 5334,17,26,0,4,4,3.25
VFLM 5334,18,27,1,5,3,3.375
VFLM 5334,19,21,1,5,3,2.625
VFLM 5334,20,20,0,2,6,2.5
VFLM 5334,21,18,0,4,4,2.25
VFLM 5334,22,29,1,3,5,3.625
VFLM 5334,23,22,0,4,4,2.75
VFLM 5334,24,25,1,3,5,3.125
VFLM 5334,25,27,1,3,5,3.375
VFLM 5334,26,24,0,4,4,3.0
VFLM 5334,27,22,0,4,4,2.75
VFLM 5334,28,15,1,5,3,1.875
VFLM 5334,29,30,0,6,2,3.75
VFLM 5334,30,25,1,5,3,3.125
VFLM 5335,1,23,1,3,5,2.875
VFLM 5335,2,23,1,3,5,2.875
VFLM 5335,3,17,1,7,1,2.125
VFLM 5335,4,18,0,2,6,2.25
VFLM 5335,5,19,1,5,3,2.375
VFLM 5335,6,24,0,4,4,3.0
VFLM 5335,7,20,0,0,8,2.5
VFLM 5335,8,27,1,1,7,3.375
VFLM 5335,9,24,0,4,4,3.0
VFLM 5335,10,12,0,2,6,1.5
VFLM 5335,11,23,1,3,5,2.875
VFLM 5335,12,13,1,3,5,1.625
VFLM 5335,13,14,0,6,2,1.75
VFLM 5335,14,28,0,4,4,3.5
VFLM 5335,15,24,0,6,2,3.0
VFLM 5335,16,12,0,6,2,1.5
VFLM 5335,17,18,0,6,2,2.25
VFLM 5335,18,24,0,2,6,3.0
VFLM 5335,19,20,0,4,4,2.5
VFLM 5335,20,24,0,6,2,3.0
VFLM 5335,21,23,1,3,5,2.875
VFLM 5335,22,22,0,6,2,2.75
VFLM 5335,23,18,0,4,4,2.25
VFLM 5335,24,26,0,4,4,3.25
VFLM 5335,25,21,1,3,5,2.625
VFLM 5335,26,21,1,5,3,2.625
VFLM 5335,27,29,1,3,5,3.625
VFLM 5335,28,26,0,6,2,3.25
VFLM 5335,29,22,0,4,4,2.75
VFLM 5335,30,11,1,3,5,1.375
VFLM 5336,1,25,1,5,3,3.125
VFLM 5336,2,14,0,4,4,1.75
VFLM 5336,3,22,0,4,4,2.75
VFLM 5336,4,15,1,3,5,1.875
VFLM 5336,5,20,0,4,4,2.5
VFLM 5336,6,28,0,2,6,3.5
VFLM 5336,7,26,0,6,2,3.25
VFLM 5336,8,16,0,4,4,2.0
VFLM 5336,9,16,0,6,2,2.0
VFLM 5336,10,17,1,3,5,2.125
VFLM 5336,11,20,0,4,4,2.5
VFLM 5336,12,18,0,2,6,2.25
VFLM 5336,13,22,0,4,4,2.75
VFLM 5336,14,17,1,5,3,2.125
VFLM 5336,15,23,1,5,3,2.875
VFLM 5336,16,23,1,3,5,2.875
VFLM 5336,17,29,1,5,3,3.625
VFLM 5336,18,24,0,2,6,3.0
VFLM 5336,19,18,0,6,2,2.25
VFLM 5336,20,16,0,2,6,2.0
VFLM 5336,21,23,1,1,7,2.875
VFLM 5336,22,24,0,4,4,3.0
VFLM 5336,23,23,1,3,5,2.875
VFLM 5336,24,23,1,3,5,2.875
VFLM 5336,25,23,1,5,3,2.875
VFLM 5336,26,19,1,5,3,2.375
VFLM 5336,27,18,0,4,4,2.25
VFLM 5336,28,25,1,3,5,3.125
VFLM 5336,29,19,1,3,5,2.375
VFLM 5336,30,14,0,6,2,1.75
VFLM 5337,1,20,0,4,4,2.5
VFLM 5337,2,20,0,6,2,2.5
VFLM 5337,3,25,1,3,5,3.125
VFLM 5337,4,19,1,3,5,2.375
VFLM 5337,5,22,0,6,2,2.75
VFLM 5337,6,23,1,5,3,2.875
VFLM 5337,7,22,0,4,4,2.75
VFLM 5337,8,15,1,1,7,1.875
VFLM 5337,9,15,1,3,5,1.875
VFLM 5337,10,28,0,4,4,3.5
VFLM 5337,11,22,0,4,4,2.75
VFLM 5337,12,15,1,3,5,1.875
VFLM 5337,13,17,1,5,3,2.125
VFLM 5337,14,15,1,5,3,1.875
VFLM 5337,15,22,0,6,2,2.75
VFLM 5337,16,22,0,4,4,2.75
VFLM 5337,17,29,1,3,5,3.625
VFLM 5337,18,15,1,7,1,1.875
VFLM 5337,19,28,0,4,4,3.5
VFLM 5337,20,24,0,4,4,3.0
VFLM 5337,21,22,0,2,6,2.75
VFLM 5337,22,26,0,4,4,3.25
VFLM 5337,23,15,1,5,3,1.875
VFLM 5337,24,17,1,5,3,2.125
VFLM 5337,25,17,1,3,5,2.125
VFLM 5337,26,18,0,2,6,2.25
VFLM 5337,27,21,1,5,3,2.625
VFLM 5337,28,24,0,4,4,3.0
VFLM 5337,29,20,0,2,6,2.5
VFLM 5337,30,24,0,6,2,3.0
VFLM 5338,1,20,0,4,4,2.5
VFLM 5338,2,20,0,4,4,2.5
VFLM 5338,3,19,1,5,3,2.375
VFLM 5338,4,16,0,6,2,2.0
VFLM 5338,5,17,1,3,5,2.125
VFLM 5338,6,17,1,5,3,2.125
VFLM 5338,7,14,0,2,6,1.75
VFLM 5338,8,23,1,3,5,2.875
VFLM 5338,9,18,0,4,4,2.25
VFLM 5338,10,31,1,7,1,3.875
VFLM 5338,11,15,1,3,5,1.875
VFLM 5338,12,19,1,3,5,2.375
VFLM 5338,13,14,0,4,4,1.75
VFLM 5338,14,21,1,3,5,2.625
VFLM 5338,15,22,0,4,4,2.75
VFLM 5338,16,28,0,2,6,3.5
VFLM 5338,17,19,1,3,5,2.375
VFLM 5338,18,19,1,3,5,2.375
VFLM 5338,19,17,1,1,7,2.125
VFLM 5338,20,24,0,2,6,3.0
VFLM 5338,21,17,1,5,3,2.125
VFLM 5338,22,26,0,6,2,3.25
VFLM 5338,23,22,0,2,6,2.75
VFLM 5338,24,19,1,3,5,2.375
VFLM 5338,25,19,1,3,5,2.375
VFLM 5338,26,17,1,5,3,2.125
VFLM 5338,27,19,1,5,3,2.375
VFLM 5338,28,21,1,5,3,2.625
VFLM 5338,29,20,0,6,2,2.5
VFLM 5338,30,20,0,6,2,2.5
VFLM 5339,1,18,0,6,2,2.25
VFLM 5339,2,12,0,2,6,1.5
VFLM 5339,3,25,1,5,3,3.125
VFLM 5339,4,27,1,1,7,3.375
VFLM 5339,5,22,0,6,2,2.75
VFLM 5339,6,21,1,3,5,2.625
VFLM 5339,7,24,0,4,4,3.0
VFLM 5339,8,16,0,4,4,2.0
VFLM 5339,9,20,0,4,4,2.5
VFLM 5339,10,24,0,2,6,3.0
VFLM 5339,11,24,0,4,4,3.0
VFLM 5339,12,18,0,2,6,2.25
VFLM 5339,13,19,1,3,5,2.375
VFLM 5339,14,26,0,4,4,3.25
VFLM 5339,15,29,1,3,5,3.625
VFLM 5339,16,25,1,5,3,3.125
VFLM 5339,17,25,1,5,3,3.125
VFLM 5339,18,19,1,5,3,2.375
VFLM 5339,19,19,1,3,5,2.375
VFLM 5339,20,24,0,4,4,3.0
VFLM 5339,21,18,0,4,4,2.25
VFLM 5339,22,23,1,3,5,2.875
VFLM 5339,23,22,0,2,6,2.75
VFLM 5339,24,20,0,6,2,2.5
VFLM 5339,25,20,0,6,2,2.5
VFLM 5339,26,15,1,3,5,1.875
VFLM 5339,27,22,0,4,4,2.75
VFLM 5339,28,24,0,4,4,3.0
VFLM 5339,29,15,1,5,3,1.875
VFLM 5339,30,25,1,3,5,3.125
VFLM 5340,1,26,0,4,4,3.25
VFLM 5340,2,15,1,5,3,1.875
VFLM 5340,3,23,1,3,5,2.875
VFLM 5340,4,19,1,1,7,2.375
VFLM 5340,5,20,0,4,4,2.5
VFLM 5340,6,23,1,5,3,2.875
VFLM 5340,7,22,0,4,4,2.75
VFLM 5340,8,21,1,3,5,2.625
VFLM 5340,9,18,0,4,4,2.25
VFLM 5340,10,15,1,5,3,1.875
VFLM 5340,11,16,0,2,6,2.0
VFLM 5340,12,22,0,4,4,2.75
VFLM 5340,13,15,1,5,3,1.875
VFLM 5340,14,15,1,1,7,1.875
VFLM 5340,15,16,0,2,6,2.0
VFLM 5340,16,22,0,4,4,2.75
VFLM 5340,17,21,1,5,3,2.625
VFLM 5340,18,28,0,4,4,3.5
VFLM 5340,19,19,1,5,3,2.375
VFLM 5340,20,20,0,4,4,2.5
VFLM 5340,21,19,1,3,5,2.375
VFLM 5340,22,17,1,5,3,2.125
VFLM 5340,23,25,1,3,5,3.125
VFLM 5340,24,18,0,4,4,2.25
VFLM 5340,25,12,0,4,4,1.5
VFLM 5340,26,16,0,2,6,2.0
VFLM 5340,27,22,0,6,2,2.75
VFLM 5340,28,22,0,6,2,2.75
VFLM 5340,29,18,0,2,6,2.25
VFLM 5340,30,18,0,4,4,2.25
VFLM 5341,1,21,1,1,7,2.625
VFLM 5341,2,17,1,5,3,2.125
VFLM 5341,3,13,1,5,3,1.625
VFLM 5341,4,14,0,4,4,1.75
VFLM 5341,5,17,1,5,3,2.125
VFLM 5341,6,21,1,3,5,2.625
VFLM 5341,7,17,1,7,1,2.125
VFLM 5341,8,22,0,2,6,2.75
VFLM 5341,9,21,1,3,5,2.625
VFLM 5341,10,19,1,5,3,2.375
VFLM 5341,11,17,1,3,5,2.125
VFLM 5341,12,22,0,4,4,2.75
VFLM 5341,13,16,0,6,2,2.0
VFLM 5341,14,17,1,5,3,2.125
VFLM 5341,15,21,1,1,7,2.625
VFLM 5341,16,19,1,3,5,2.375
VFLM 5341,17,12,0,6,2,1.5
VFLM 5341,18,24,0,4,4,3.0
VFLM 5341,19,11,1,5,3,1.375
VFLM 5341,20,20,0,4,4,2.5
VFLM 5341,21,19,1,3,5,2.375
VFLM 5341,22,14,0,2,6,1.75
VFLM 5341,23,25,1,5,3,3.125
VFLM 5341,24,19,1,1,7,2.375
VFLM 5341,25,29,1,3,5,3.625
VFLM 5341,26,14,0,4,4,1.75
VFLM 5341,27,23,1,3,5,2.875
VFLM 5341,28,23,1,3,5,2.875
VFLM 5341,29,22,0,4,4,2.75
VFLM 5341,30,16,0,4,4,2.0
VFLM 5342,1,10,0,4,4,1.25
VFLM 5342,2,19,1,3,5,2.375
VFLM 5342,3,15,1,5,3,1.875
VFLM 5342,4,16,0,6,2,2.0
VFLM 5342,5,20,0,2,6,2.5
VFLM 5342,6,19,1,5,3,2.375
VFLM 5342,7,16,0,4,4,2.0
VFLM 5342,8,21,1,5,3,2.625
VFLM 5342,9,23,1,3,5,2.875
VFLM 5342,10,20,0,4,4,2.5
VFLM 5342,11,17,1,5,3,2.125
VFLM 5342,12,15,1,3,5,1.875
VFLM 5342,13,24,0,4,4,3.0
VFLM 5342,14,22,0,0,8,2.75
VFLM 5342,15,13,1,5,3,1.625
VFLM 5342,16,22,0,4,4,2.75
VFLM 5342,17,25,1,5,3,3.125
VFLM 5342,18,18,0,4,4,2.25
VFLM 5342,19,14,0,4,4,1.75
VFLM 5342,20,18,0,4,4,2.25
VFLM 5342,21,24,0,4,4,3.0
VFLM 5342,22,21,1,5,3,2.625
VFLM 5342,23,19,1,7,1,2.375
VFLM 5342,24,24,0,4,4,3.0
VFLM 5342,25,18,0,4,4,2.25
VFLM 5342,26,16,0,2,6,2.0
VFLM 5342,27,20,0,4,4,2.5
VFLM 5342,28,17,1,5,3,2.125
VFLM 5342,29,16,0,2,6,2.0
VFLM 5342,30,17,1,3,5,2.125
VFLM 5343,1,21,1,3,5,2.625
VFLM 5343,2,30,0,2,6,3.75
VFLM 5343,3,20,0,4,4,2.5
VFLM 5343,4,20,0,4,4,2.5
VFLM 5343,5,28,0,2,6,3.5
VFLM 5343,6,14,0,6,2,1.75
VFLM 5343,7,16,0,2,6,2.0
VFLM 5343,8,20,0,4,4,2.5
VFLM 5343,9,17,1,5,3,2.125
VFLM 5343,10,16,0,2,6,2.0
VFLM 5343,11,20,0,2,6,2.5
VFLM 5343,12,21,1,3,5,2.625
VFLM 5343,13,30,0,2,6,3.75
VFLM 5343,14,20,0,4,4,2.5
VFLM 5343,15,20,0,4,4,2.5
VFLM 5343,16,21,1,5,3,2.625
VFLM 5343,17,14,0,6,2,1.75
VFLM 5343,18,16,0,2,6,2.0
VFLM 5343,19,20,0,4,4,2.5
VFLM 5343,20,17,1,5,3,2.125
VFLM 5343,21,16,0,2,6,2.0
VFLM 5343,22,20,0,2,6,2.5
VFLM 5343,23,21,1,3,5,2.625
VFLM 5343,24,30,0,2,6,3.75
VFLM 5343,25,20,0,4,4,2.5
VFLM 5343,26,25,1,5,3,3.125
VFLM 5343,27,21,1,5,3,2.625
VFLM 5343,28,14,0,6,2,1.75
VFLM 5343,29,16,0,2,6,2.0
VFLM 5343,30,20,0,4,4,2.5
VFLM 5344,1,17,1,5,3,2.125
VFLM 5344,2,16,0,2,6,2.0
VFLM 5344,3,20,0,2,6,2.5
VFLM 5344,4,21,1,3,5,2.625
VFLM 5344,5,30,0,2,6,3.75
VFLM 5344,6,22,0,4,4,2.75
VFLM 5344,7,25,1,5,3,3.125
VFLM 5344,8,21,1,5,3,2.625
VFLM 5344,9,14,0,6,2,1.75
VFLM 5344,10,16,0,2,6,2.0
VFLM 5344,11,20,0,4,4,2.5
VFLM 5344,12,17,1,5,3,2.125
VFLM 5344,13,16,0,2,6,2.0
VFLM 5344,14,20,0,2,6,2.5
VFLM 5344,15,21,1,3,5,2.625
VFLM 5344,16,22,0,4,4,2.75
VFLM 5344,17,22,0,4,4,2.75
VFLM 5344,18,25,1,5,3,3.125
VFLM 5344,19,21,1,5,3,2.625
VFLM 5344,20,14,0,6,2,1.75
VFLM 5344,21,16,0,2,6,2.0
VFLM 5344,22,20,0,4,4,2.5
VFLM 5344,23,17,1,5,3,2.125
VFLM 5344,24,16,0,2,6,2.0
VFLM 5344,25,20,0,2,6,2.5
VFLM 5344,26,22,0,4,4,2.75
VFLM 5344,27,22,0,4,4,2.75
VFLM 5344,28,25,1,5,3,3.125
VFLM 5344,29,21,1,5,3,2.625
VFLM 5344,30,14,0,6,2,1.75
VFLM 5345,1,16,0,2,6,2.0
VFLM 5345,2,23,1,5,3,2.875
VFLM 5345,3,17,1,5,3,2.125
VFLM 5345,4,16,0,2,6,2.0
VFLM 5345,5,20,0,2,6,2.5
VFLM 5345,6,23,1,5,3,2.875
VFLM 5345,7,22,0,4,4,2.75
VFLM 5345,8,22,0,4,4,2.75
VFLM 5345,9,20,0,4,4,2.5
VFLM 5345,10,21,1,5,3,2.625
VFLM 5345,11,14,0,6,2,1.75
VFLM 5345,12,16,0,2,6,2.0
VFLM 5345,13,20,0,4,4,2.5
VFLM 5345,14,17,1,5,3,2.125
VFLM 5345,15,20,0,2,6,2.5
VFLM 5345,16,19,1,3,5,2.375
VFLM 5345,17,21,1,3,5,2.625
VFLM 5345,18,20,0,6,2,2.5
VFLM 5345,19,22,0,6,2,2.75
VFLM 5345,20,21,1,3,5,2.625
VFLM 5345,21,20,0,6,2,2.5
VFLM 5345,22,23,1,5,3,2.875
VFLM 5345,23,20,0,4,4,2.5
VFLM 5345,24,19,1,3,5,2.375
VFLM 5345,25,24,0,4,4,3.0
VFLM 5345,26,25,1,3,5,3.125
VFLM 5345,27,20,0,4,4,2.5
VFLM 5345,28,22,0,4,4,2.75
VFLM 5345,29,24,0,4,4,3.0
VFLM 5345,30,30,0,4,4,3.75
VFLM 5346,1,26,0,4,4,3.25
VFLM 5346,2,15,1,5,3,1.875
VFLM 5346,3,21,1,3,5,2.625
VFLM 5346,4,16,0,4,4,2.0
VFLM 5346,5,19,1,7,1,2.375
VFLM 5346,6,17,1,3,5,2.125
VFLM 5346,7,25,1,7,1,3.125
VFLM 5346,8,24,0,2,6,3.0
VFLM 5346,9,18,0,4,4,2.25
VFLM 5346,10,28,0,4,4,3.5
VFLM 5346,11,23,1,5,3,2.875
VFLM 5346,12,15,1,3,5,1.875
VFLM 5346,13,20,0,4,4,2.5
VFLM 5346,14,22,0,4,4,2.75
VFLM 5346,15,20,0,6,2,2.5
VFLM 5346,16,26,0,4,4,3.25
VFLM 5346,17,26,0,4,4,3.25
VFLM 5346,18,22,0,6,2,2.75
VFLM 5346,19,16,0,4,4,2.0
VFLM 5346,20,18,0,2,6,2.25
VFLM 5346,21,22,0,2,6,2.75
VFLM 5346,22,29,1,5,3,3.625
VFLM 5346,23,18,0,2,6,2.25
VFLM 5346,24,23,1,5,3,2.875
VFLM 5346,25,26,0,4,4,3.25
VFLM 5346,26,18,0,4,4,2.25
VFLM 5346,27,13,1,3,5,1.625
VFLM 5346,28,20,0,4,4,2.5
VFLM 5346,29,15,1,5,3,1.875
VFLM 5346,30,24,0,4,4,3.0
VFLM 5347,1,19,1,5,3,2.375
VFLM 5347,2,24,0,2,6,3.0
VFLM 5347,3,22,0,4,4,2.75
VFLM 5347,4,16,0,2,6,2.0
VFLM 5347,5,23,1,5,3,2.875
VFLM 5347,6,26,0,2,6,3.25
VFLM 5347,7,24,0,2,6,3.0
VFLM 5347,8,29,1,3,5,3.625
VFLM 5347,9,19,1,5,3,2.375
VFLM 5347,10,18,0,6,2,2.25
VFLM 5347,11,21,1,5,3,2.625
VFLM 5347,12,32,0,4,4,4.0
VFLM 5347,13,24,0,6,2,3.0
VFLM 5347,14,22,0,4,4,2.75
VFLM 5347,15,20,0,4,4,2.5
VFLM 5347,16,13,1,3,5,1.625
VFLM 5347,17,18,0,6,2,2.25
VFLM 5347,18,14,0,2,6,1.75
VFLM 5347,19,15,1,5,3,1.875
VFLM 5347,20,26,0,4,4,3.25
VFLM 5347,21,25,1,5,3,3.125
VFLM 5347,22,23,1,5,3,2.875
VFLM 5347,23,26,0,0,8,3.25
VFLM 5347,24,22,0,4,4,2.75
VFLM 5347,25,28,0,6,2,3.5
VFLM 5347,26,13,1,3,5,1.625
VFLM 5347,27,23,1,5,3,2.875
VFLM 5347,28,22,0,4,4,2.75
VFLM 5347,29,22,0,4,4,2.75
VFLM 5347,30,25,1,5,3,3.125
VFLM 5348,1,21,1,5,3,2.625
VFLM 5348,2,14,0,6,2,1.75
VFLM 5348,3,16,0,2,6,2.0
VFLM 5348,4,20,0,4,4,2.5
VFLM 5348,5,17,1,5,3,2.125
VFLM 5348,6,16,0,2,6,2.0
VFLM 5348,7,20,0,2,6,2.5
VFLM 5348,8,21,1,3,5,2.625
VFLM 5348,9,30,0,2,6,3.75
VFLM 5348,10,20,0,4,4,2.5
VFLM 5348,11,20,0,4,4,2.5
VFLM 5348,12,28,0,2,6,3.5
VFLM 5348,13,25,1,3,5,3.125
VFLM 5348,14,20,0,0,8,2.5
VFLM 5348,15,17,1,3,5,2.125
VFLM 5348,16,14,0,2,6,1.75
VFLM 5348,17,21,1,5,3,2.625
VFLM 5348,18,22,0,2,6,2.75
VFLM 5348,19,24,0,2,6,3.0
VFLM 5348,20,27,1,5,3,3.375
VFLM 5348,21,20,0,4,4,2.5
VFLM 5348,22,15,1,5,3,1.875
VFLM 5348,23,23,1,3,5,2.875
VFLM 5348,24,18,0,6,2,2.25
VFLM 5348,25,21,1,3,5,2.625
VFLM 5348,26,14,0,4,4,1.75
VFLM 5348,27,23,1,5,3,2.875
VFLM 5348,28,18,0,6,2,2.25
VFLM 5348,29,25,1,1,7,3.125
VFLM 5348,30,25,1,5,3,3.125
VFLM 5349,1,29,1,3,5,3.625
VFLM 5349,2,26,0,4,4,3.25
VFLM 5349,3,19,1,3,5,2.375
VFLM 5349,4,14,0,6,2,1.75
VFLM 5349,5,19,1,3,5,2.375
VFLM 5349,6,24,0,0,8,3.0
VFLM 5349,7,21,1,1,7,2.625
VFLM 5349,8,23,1,3,5,2.875
VFLM 5349,9,17,1,5,3,2.125
VFLM 5349,10,18,0,2,6,2.25
VFLM 5349,11,16,0,2,6,2.0
VFLM 5349,12,22,0,6,2,2.75
VFLM 5349,13,18,0,6,2,2.25
VFLM 5349,14,18,0,2,6,2.25
VFLM 5349,15,19,1,1,7,2.375
VFLM 5349,16,32,0,2,6,4.0
VFLM 5349,17,22,0,2,6,2.75
VFLM 5349,18,25,1,5,3,3.125
VFLM 5349,19,15,1,7,1,1.875
VFLM 5349,20,26,0,4,4,3.25
VFLM 5349,21,18,0,6,2,2.25
VFLM 5349,22,20,0,4,4,2.5
VFLM 5349,23,22,0,8,0,2.75
VFLM 5349,24,20,0,4,4,2.5
VFLM 5349,25,11,1,3,5,1.375
VFLM 5349,26,22,0,4,4,2.75
VFLM 5349,27,20,0,4,4,2.5
VFLM 5349,28,24,0,2,6,3.0
VFLM 5349,29,25,1,3,5,3.125
VFLM 5349,30,19,1,3,5,2.375
VFLM 5350,1,11,1,1,7,1.375
VFLM 5350,2,20,0,4,4,2.5
VFLM 5350,3,32,0,4,4,4.0
VFLM 5350,4,19,1,5,3,2.375
VFLM 5350,5,19,1,5,3,2.375
VFLM 5350,6,20,0,4,4,2.5
VFLM 5350,7,24,0,4,4,3.0
VFLM 5350,8,24,0,6,2,3.0
VFLM 5350,9,15,1,3,5,1.875
VFLM 5350,10,26,0,6,2,3.25
VFLM 5350,11,17,1,5,3,2.125
VFLM 5350,12,21,1,5,3,2.625
VFLM 5350,13,23,1,3,5,2.875
VFLM 5350,14,22,0,4,4,2.75
VFLM 5350,15,23,1,3,5,2.875
VFLM 5350,16,17,1,1,7,2.125
VFLM 5350,17,18,0,2,6,2.25
VFLM 5350,18,23,1,5,3,2.875
VFLM 5350,19,21,1,5,3,2.625
VFLM 5350,20,24,0,6,2,3.0
VFLM 5350,21,23,1,5,3,2.875
VFLM 5350,22,18,0,4,4,2.25
VFLM 5350,23,26,0,4,4,3.25
VFLM 5350,24,20,0,4,4,2.5
VFLM 5350,25,18,0,6,2,2.25
VFLM 5350,26,21,1,5,3,2.625
VFLM 5350,27,19,1,3,5,2.375
VFLM 5350,28,15,1,1,7,1.875
VFLM 5350,29,15,1,3,5,1.875
VFLM 5350,30,24,0,6,2,3.0
VFLM 5351,1,20,0,2,6,2.5
VFLM 5351,2,19,1,5,3,2.375
VFLM 5351,3,18,0,4,4,2.25
VFLM 5351,4,18,0,2,6,2.25
VFLM 5351,5,18,0,4,4,2.25
VFLM 5351,6,32,0,6,2,4.0
VFLM 5351,7,13,1,5,3,1.625
VFLM 5351,8,18,0,2,6,2.25
VFLM 5351,9,17,1,3,5,2.125
VFLM 5351,10,19,1,5,3,2.375
VFLM 5351,11,26,0,4,4,3.25
VFLM 5351,12,16,0,2,6,2.0
VFLM 5351,13,20,0,4,4,2.5
VFLM 5351,14,24,0,6,2,3.0
VFLM 5351,15,16,0,4,4,2.0
VFLM 5351,16,11,1,5,3,1.375
VFLM 5351,17,21,1,3,5,2.625
VFLM 5351,18,8,0,2,6,1.0
VFLM 5351,19,20,0,6,2,2.5
VFLM 5351,20,26,0,6,2,3.25
VFLM 5351,21,25,1,5,3,3.125
VFLM 5351,22,24,0,6,2,3.0
VFLM 5351,23,26,0,2,6,3.25
VFLM 5351,24,23,1,3,5,2.875
VFLM 5351,25,16,0,4,4,2.0
VFLM 5351,26,16,0,4,4,2.0
VFLM 5351,27,15,1,5,3,1.875
VFLM 5351,28,20,0,2,6,2.5
VFLM 5351,29,14,0,4,4,1.75
VFLM 5351,30,12,0,4,4,1.5
VFLM 5352,1,22,0,4,4,2.75
VFLM 5352,2,26,0,4,4,3.25
VFLM 5352,3,17,1,3,5,2.125
VFLM 5352,4,23,1,5,3,2.875
VFLM 5352,5,1,1,1,7,0.125
VFLM 5352,6,29,1,5,3,3.625
VFLM 5352,7,14,0,4,4,1.75
VFLM 5352,8,15,1,5,3,1.875
VFLM 5352,9,24,0,2,6,3.0
VFLM 5352,10,19,1,3,5,2.375
VFLM 5352,11,16,0,4,4,2.0
VFLM 5352,12,16,0,6,2,2.0
VFLM 5352,13,16,0,4,4,2.0
VFLM 5352,14,23,1,5,3,2.875
VFLM 5352,15,13,1,3,5,1.625
VFLM 5352,16,25,1,7,1,3.125
VFLM 5352,17,18,0,6,2,2.25
VFLM 5352,18,23,1,3,5,2.875
VFLM 5352,19,18,0,4,4,2.25
VFLM 5352,20,25,1,3,5,3.125
VFLM 5352,21,20,0,2,6,2.5
VFLM 5352,22,19,1,5,3,2.375
VFLM 5352,23,16,0,4,4,2.0
VFLM 5352,24,23,1,3,5,2.875
VFLM 5352,25,23,1,5,3,2.875
VFLM 5352,26,17,1,1,7,2.125
VFLM 5352,27,20,0,4,4,2.5
VFLM 5352,28,21,1,5,3,2.625
VFLM 5352,29,17,1,3,5,2.125
VFLM 5352,30,20,0,4,4,2.5
VFLM 5353,1,22,0,2,6,2.75
VFLM 5353,2,22,0,6,2,2.75
VFLM 5353,3,15,1,3,5,1.875
VFLM 5353,4,26,0,2,6,3.25
VFLM 5353,5,21,1,5,3,2.625
VFLM 5353,6,24,0,4,4,3.0
VFLM 5353,7,24,0,6,2,3.0
VFLM 5353,8,28,0,4,4,3.5
VFLM 5353,9,4,0,0,8,0.5
VFLM 5353,10,23,1,5,3,2.875
VFLM 5353,11,24,0,2,6,3.0
VFLM 5353,12,14,0,6,2,1.75
VFLM 5353,13,24,0,6,2,3.0
VFLM 5353,14,13,1,1,7,1.625
VFLM 5353,15,21,1,5,3,2.625
VFLM 5353,16,25,1,1,7,3.125
VFLM 5353,17,16,0,6,2,2.0
VFLM 5353,18,20,0,4,4,2.5
VFLM 5353,19,22,0,4,4,2.75
VFLM 5353,20,15,1,5,3,1.875
VFLM 5353,21,19,1,3,5,2.375
VFLM 5353,22,24,0,2,6,3.0
VFLM 5353,23,4,0,2,6,0.5
VFLM 5353,24,22,0,4,4,2.75
VFLM 5353,25,15,1,3,5,1.875
VFLM 5353,26,17,1,5,3,2.125
VFLM 5353,27,14,0,4,4,1.75
VFLM 5353,28,20,0,4,4,2.5
VFLM 5353,29,21,1,3,5,2.625
VFLM 5353,30,22,0,6,2,2.75
VFLM 5354,1,20,0,4,4,2.5
VFLM 5354,2,19,1,3,5,2.375
VFLM 5354,3,19,1,5,3,2.375
VFLM 5354,4,21,1,5,3,2.625
VFLM 5354,5,23,1,5,3,2.875
VFLM 5354,6,23,1,1,7,2.875
VFLM 5354,7,26,0,4,4,3.25
VFLM 5354,8,23,1,5,3,2.875
VFLM 5354,9,14,0,4,4,1.75
VFLM 5354,10,18,0,4,4,2.25
VFLM 5354,11,17,1,5,3,2.125
VFLM 5354,12,19,1,3,5,2.375
VFLM 5354,13,16,0,4,4,2.0
VFLM 5354,14,16,0,4,4,2.0
VFLM 5354,15,25,1,5,3,3.125
VFLM 5354,16,20,0,4,4,2.5
VFLM 5354,17,25,1,5,3,3.125
VFLM 5354,18,15,1,7,1,1.875
VFLM 5354,19,21,1,3,5,2.625
VFLM 5354,20,14,0,4,4,1.75
VFLM 5354,21,16,0,4,4,2.0
VFLM 5354,22,15,1,5,3,1.875
VFLM 5354,23,11,1,1,7,1.375
VFLM 5354,24,22,0,6,2,2.75
VFLM 5354,25,22,0,4,4,2.75
VFLM 5354,26,19,1,5,3,2.375
VFLM 5354,27,17,1,5,3,2.125
VFLM 5354,28,23,1,3,5,2.875
VFLM 5354,29,24,0,6,2,3.0
VFLM 5354,30,19,1,5,3,2.375
VFLM 5355,1,28,0,4,4,3.5
VFLM 5355,2,27,1,3,5,3.375
VFLM 5355,3,19,1,5,3,2.375
VFLM 5355,4,17,1,3,5,2.125
VFLM 5355,5,18,0,6,2,2.25
VFLM 5355,6,28,0,4,4,3.5
VFLM 5355,7,29,1,3,5,3.625
VFLM 5355,8,14,0,4,4,1.75
VFLM 5355,9,16,0,6,2,2.0
VFLM 5355,10,27,1,3,5,3.375
VFLM 5355,11,6,0,2,6,0.75
VFLM 5355,12,28,0,2,6,3.5
VFLM 5355,13,16,0,6,2,2.0
VFLM 5355,14,24,0,4,4,3.0
VFLM 5355,15,26,0,4,4,3.25
VFLM 5355,16,19,1,5,3,2.375
VFLM 5355,17,22,0,6,2,2.75
VFLM 5355,18,21,1,3,5,2.625
VFLM 5355,19,15,1,5,3,1.875
VFLM 5355,20,23,1,3,5,2.875
VFLM 5355,21,23,1,5,3,2.875
VFLM 5355,22,29,1,7,1,3.625
VFLM 5355,23,22,0,4,4,2.75
VFLM 5355,24,17,1,3,5,2.125
VFLM 5355,25,27,1,3,5,3.375
VFLM 5355,26,25,1,3,5,3.125
VFLM 5355,27,17,1,5,3,2.125
VFLM 5355,28,23,1,3,5,2.875
VFLM 5355,29,21,1,3,5,2.625
VFLM 5355,30,23,1,3,5,2.875
VFLM 5356,1,20,0,4,4,2.5
VFLM 5356,2,18,0,4,4,2.25
VFLM 5356,3,27,1,7,1,3.375
VFLM 5356,4,21,1,3,5,2.625
VFLM 5356,5,27,1,3,5,3.375
VFLM 5356,6,25,1,3,5,3.125
VFLM 5356,7,18,0,4,4,2.25
VFLM 5356,8,18,0,6,2,2.25
VFLM 5356,9,22,0,6,2,2.75
VFLM 5356,10,20,0,2,6,2.5
VFLM 5356,11,26,0,2,6,3.25
VFLM 5356,12,16,0,2,6,2.0
VFLM 5356,13,15,1,3,5,1.875
VFLM 5356,14,23,1,1,7,2.875
VFLM 5356,15,27,1,3,5,3.375
VFLM 5356,16,20,0,2,6,2.5
VFLM 5356,17,25,1,1,7,3.125
VFLM 5356,18,18,0,2,6,2.25
VFLM 5356,19,27,1,3,5,3.375
VFLM 5356,20,23,1,5,3,2.875
VFLM 5356,21,24,0,4,4,3.0
VFLM 5356,22,16,0,4,4,2.0
VFLM 5356,23,15,1,5,3,1.875
VFLM 5356,24,29,1,5,3,3.625
VFLM 5356,25,28,0,6,2,3.5
VFLM 5356,26,23,1,5,3,2.875
VFLM 5356,27,19,1,1,7,2.375
VFLM 5356,28,21,1,5,3,2.625
VFLM 5356,29,20,0,2,6,2.5
VFLM 5356,30,21,1,5,3,2.625
VFLM 5357,1,25,1,5,3,3.125
VFLM 5357,2,21,1,3,5,2.625
VFLM 5357,3,20,0,4,4,2.5
VFLM 5357,4,17,1,3,5,2.125
VFLM 5357,5,18,0,4,4,2.25
VFLM 5357,6,27,1,3,5,3.375
VFLM 5357,7,19,1,7,1,2.375
VFLM 5357,8,26,0,4,4,3.25
VFLM 5357,9,17,1,3,5,2.125
VFLM 5357,10,15,1,5,3,1.875
VFLM 5357,11,17,1,5,3,2.125
VFLM 5357,12,18,0,4,4,2.25
VFLM 5357,13,25,1,5,3,3.125
VFLM 5357,14,25,1,5,3,3.125
VFLM 5357,15,29,1,3,5,3.625
VFLM 5357,16,24,0,2,6,3.0
VFLM 5357,17,20,0,2,6,2.5
VFLM 5357,18,19,1,5,3,2.375
VFLM 5357,19,18,0,4,4,2.25
VFLM 5357,20,20,0,6,2,2.5
VFLM 5357,21,22,0,4,4,2.75
VFLM 5357,22,18,0,4,4,2.25
VFLM 5357,23,20,0,6,2,2.5
VFLM 5357,24,24,0,4,4,3.0
VFLM 5357,25,19,1,5,3,2.375
VFLM 5357,26,27,1,5,3,3.375
VFLM 5357,27,26,0,2,6,3.25
VFLM 5357,28,24,0,4,4,3.0
VFLM 5357,29,9,1,3,5,1.125
VFLM 5357,30,15,1,5,3,1.875
VFLM 5358,1,11,1,5,3,1.375
VFLM 5358,2,22,0,4,4,2.75
VFLM 5358,3,21,1,1,7,2.625
VFLM 5358,4,19,1,5,3,2.375
VFLM 5358,5,28,0,4,4,3.5
VFLM 5358,6,21,1,3,5,2.625
VFLM 5358,7,29,1,7,1,3.625
VFLM 5358,8,25,1,3,5,3.125
VFLM 5358,9,16,0,4,4,2.0
VFLM 5358,10,25,1,3,5,3.125
VFLM 5358,11,25,1,3,5,3.125
VFLM 5358,12,20,0,4,4,2.5
VFLM 5358,13,21,1,5,3,2.625
VFLM 5358,14,16,0,4,4,2.0
VFLM 5358,15,20,0,4,4,2.5
VFLM 5358,16,18,0,4,4,2.25
VFLM 5358,17,25,1,5,3,3.125
VFLM 5358,18,15,1,5,3,1.875
VFLM 5358,19,22,0,6,2,2.75
VFLM 5358,20,22,0,4,4,2.75
VFLM 5358,21,17,1,3,5,2.125
VFLM 5358,22,24,0,6,2,3.0
VFLM 5358,23,18,0,2,6,2.25
VFLM 5358,24,19,1,5,3,2.375
VFLM 5358,25,21,1,7,1,2.625
VFLM 5358,26,26,0,4,4,3.25
VFLM 5358,27,24,0,6,2,3.0
VFLM 5358,28,21,1,3,5,2.625
VFLM 5358,29,16,0,4,4,2.0
VFLM 5358,30,15,1,3,5,1.875
VFLM 5359,1,26,0,4,4,3.25
VFLM 5359,2,26,0,6,2,3.25
VFLM 5359,3,23,1,5,3,2.875
VFLM 5359,4,17,1,5,3,2.125
VFLM 5359,5,19,1,3,5,2.375
VFLM 5359,6,20,0,2,6,2.5
VFLM 5359,7,22,0,4,4,2.75
VFLM 5359,8,13,1,5,3,1.625
VFLM 5359,9,30,0,4,4,3.75
VFLM 5359,10,23,1,5,3,2.875
VFLM 5359,11,18,0,6,2,2.25
VFLM 5359,12,16,0,4,4,2.0
VFLM 5359,13,22,0,6,2,2.75
VFLM 5359,14,10,0,6,2,1.25
VFLM 5359,15,26,0,4,4,3.25
VFLM 5359,16,22,0,2,6,2.75
VFLM 5359,17,19,1,1,7,2.375
VFLM 5359,18,22,0,4,4,2.75
VFLM 5359,19,23,1,5,3,2.875
VFLM 5359,20,22,0,4,4,2.75
VFLM 5359,21,24,0,6,2,3.0
VFLM 5359,22,18,0,6,2,2.25
VFLM 5359,23,21,1,3,5,2.625
VFLM 5359,24,16,0,2,6,2.0
VFLM 5359,25,32,0,6,2,4.0
VFLM 5359,26,21,1,5,3,2.625
VFLM 5359,27,13,1,7,1,1.625
VFLM 5359,28,21,1,5,3,2.625
VFLM 5359,29,20,0,4,4,2.5
VFLM 5359,30,21,1,3,5,2.625
VFLM 5360,1,14,0,2,6,1.75
VFLM 5360,2,21,1,5,3,2.625
VFLM 5360,3,26,0,2,6,3.25
VFLM 5360,4,28,0,4,4,3.5
VFLM 5360,5,21,1,3,5,2.625
VFLM 5360,6,13,1,7,1,1.625
VFLM 5360,7,20,0,4,4,2.5
VFLM 5360,8,24,0,4,4,3.0
VFLM 5360,9,13,1,5,3,1.625
VFLM 5360,10,19,1,3,5,2.375
VFLM 5360,11,25,1,5,3,3.125
VFLM 5360,12,18,0,4,4,2.25
VFLM 5360,13,16,0,4,4,2.0
VFLM 5360,14,26,0,4,4,3.25
VFLM 5360,15,23,1,5,3,2.875
VFLM 5360,16,14,0,4,4,1.75
VFLM 5360,17,20,0,4,4,2.5
VFLM 5360,18,24,0,4,4,3.0
VFLM 5360,19,19,1,1,7,2.375
VFLM 5360,20,15,1,5,3,1.875
VFLM 5360,21,21,1,3,5,2.625
VFLM 5360,22,17,1,1,7,2.125
VFLM 5360,23,23,1,5,3,2.875
VFLM 5360,24,26,0,4,4,3.25
VFLM 5360,25,21,1,3,5,2.625
VFLM 5360,26,11,1,5,3,1.375
VFLM 5360,27,20,0,4,4,2.5
VFLM 5360,28,18,0,4,4,2.25
VFLM 5360,29,17,1,5,3,2.125
VFLM 5360,30,13,1,5,3,1.625
VFLM 5361,1,29,1,3,5,3.625
VFLM 5361,2,16,0,6,2,2.0
VFLM 5361,3,18,0,4,4,2.25
VFLM 5361,4,21,1,5,3,2.625
VFLM 5361,5,22,0,4,4,2.75
VFLM 5361,6,19,1,1,7,2.375
VFLM 5361,7,16,0,6,2,2.0
VFLM 5361,8,26,0,8,0,3.25
VFLM 5361,9,19,1,5,3,2.375
VFLM 5361,10,15,1,3,5,1.875
VFLM 5361,11,16,0,6,2,2.0
VFLM 5361,12,24,0,2,6,3.0
VFLM 5361,13,16,0,6,2,2.0
VFLM 5361,14,26,0,2,6,3.25
VFLM 5361,15,17,1,5,3,2.125
VFLM 5361,16,23,1,5,3,2.875
VFLM 5361,17,22,0,4,4,2.75
VFLM 5361,18,21,1,5,3,2.625
VFLM 5361,19,20,0,6,2,2.5
VFLM 5361,20,26,0,4,4,3.25
VFLM 5361,21,20,0,2,6,2.5
VFLM 5361,22,14,0,4,4,1.75
VFLM 5361,23,17,1,3,5,2.125
VFLM 5361,24,18,0,4,4,2.25
VFLM 5361,25,17,1,3,5,2.125
VFLM 5361,26,17,1,3,5,2.125
VFLM 5361,27,18,0,4,4,2.25
VFLM 5361,28,24,0,2,6,3.0
VFLM 5361,29,16,0,4,4,2.0
VFLM 5361,30,21,1,5,3,2.625
VFLM 5362,1,16,0,4,4,2.0
VFLM 5362,2,26,0,4,4,3.25
VFLM 5362,3,18,0,4,4,2.25
VFLM 5362,4,25,1,5,3,3.125
VFLM 5362,5,20,0,4,4,2.5
VFLM 5362,6,26,0,4,4,3.25
VFLM 5362,7,11,1,1,7,1.375
VFLM 5362,8,21,1,3,5,2.625
VFLM 5362,9,17,1,5,3,2.125
VFLM 5362,10,27,1,3,5,3.375
VFLM 5362,11,15,1,5,3,1.875
VFLM 5362,12,20,0,4,4,2.5
VFLM 5362,13,22,0,6,2,2.75
VFLM 5362,14,16,0,2,6,2.0
VFLM 5362,15,21,1,3,5,2.625
VFLM 5362,16,21,1,5,3,2.625
VFLM 5362,17,19,1,3,5,2.375
VFLM 5362,18,13,1,5,3,1.625
VFLM 5362,19,23,1,3,5,2.875
VFLM 5362,20,17,1,5,3,2.125
VFLM 5362,21,22,0,4,4,2.75
VFLM 5362,22,22,0,4,4,2.75
VFLM 5362,23,25,1,7,1,3.125
VFLM 5362,24,20,0,4,4,2.5
VFLM 5362,25,23,1,3,5,2.875
VFLM 5362,26,26,0,2,6,3.25
VFLM 5362,27,26,0,6,2,3.25
VFLM 5362,28,22,0,4,4,2.75
VFLM 5362,29,24,0,2,6,3.0
VFLM 5362,30,18,0,2,6,2.25
VFLM 5363,1,22,0,6,2,2.75
VFLM 5363,2,16,0,2,6,2.0
VFLM 5363,3,26,0,4,4,3.25
VFLM 5363,4,22,0,6,2,2.75
VFLM 5363,5,21,1,5,3,2.625
VFLM 5363,6,19,1,3,5,2.375
VFLM 5363,7,20,0,4,4,2.5
VFLM 5363,8,18,0,2,6,2.25
VFLM 5363,9,23,1,5,3,2.875
VFLM 5363,10,19,1,5,3,2.375
VFLM 5363,11,22,0,4,4,2.75
VFLM 5363,12,10,0,6,2,1.25
VFLM 5363,13,22,0,4,4,2.75
VFLM 5363,14,13,1,3,5,1.625
VFLM 5363,15,21,1,3,5,2.625
VFLM 5363,16,17,1,3,5,2.125
VFLM 5363,17,21,1,5,3,2.625
VFLM 5363,18,24,0,6,2,3.0
VFLM 5363,19,22,0,4,4,2.75
VFLM 5363,20,13,1,5,3,1.625
VFLM 5363,21,19,1,3,5,2.375
VFLM 5363,22,18,0,2,6,2.25
VFLM 5363,23,22,0,4,4,2.75
VFLM 5363,24,27,1,3,5,3.375
VFLM 5363,25,22,0,2,6,2.75
VFLM 5363,26,21,1,3,5,2.625
VFLM 5363,27,18,0,4,4,2.25
VFLM 5363,28,22,0,6,2,2.75
VFLM 5363,29,18,0,2,6,2.25
VFLM 5363,30,19,1,3,5,2.375
VFLM 5364,1,17,1,5,3,2.125
VFLM 5364,2,27,1,5,3,3.375
VFLM 5364,3,21,1,3,5,2.625
VFLM 5364,4,14,0,2,6,1.75
VFLM 5364,5,27,1,3,5,3.375
VFLM 5364,6,26,0,4,4,3.25
VFLM 5364,7,31,1,5,3,3.875
VFLM 5364,8,19,1,1,7,2.375
VFLM 5364,9,22,0,4,4,2.75
VFLM 5364,10,24,0,4,4,3.0
VFLM 5364,11,21,1,5,3,2.625
VFLM 5364,12,18,0,4,4,2.25
VFLM 5364,13,15,1,3,5,1.875
VFLM 5364,14,18,0,2,6,2.25
VFLM 5364,15,17,1,5,3,2.125
VFLM 5364,16,25,1,5,3,3.125
VFLM 5364,17,21,1,3,5,2.625
VFLM 5364,18,17,1,5,3,2.125
VFLM 5364,19,25,1,5,3,3.125
VFLM 5364,20,22,0,4,4,2.75
VFLM 5364,21,19,1,3,5,2.375
VFLM 5364,22,17,1,1,7,2.125
VFLM 5364,23,19,1,5,3,2.375
VFLM 5364,24,19,1,3,5,2.375
VFLM 5364,25,16,0,4,4,2.0
VFLM 5364,26,31,1,3,5,3.875
VFLM 5364,27,19,1,3,5,2.375
VFLM 5364,28,23,1,5,3,2.875
VFLM 5364,29,20,0,6,2,2.5
VFLM 5364,30,15,1,5,3,1.875
VFLM 5365,1,20,0,4,4,2.5
VFLM 5365,2,16,0,4,4,2.0
VFLM 5365,3,20,0,2,6,2.5
VFLM 5365,4,21,1,5,3,2.625
VFLM 5365,5,20,0,4,4,2.5
VFLM 5365,6,20,0,2,6,2.5
VFLM 5365,7,11,1,3,5,1.375
VFLM 5365,8,18,0,6,2,2.25
VFLM 5365,9,12,0,2,6,1.5
VFLM 5365,10,25,1,7,1,3.125
VFLM 5365,11,23,1,3,5,2.875
VFLM 5365,12,17,1,7,1,2.125
VFLM 5365,13,23,1,3,5,2.875
VFLM 5365,14,20,0,4,4,2.5
VFLM 5365,15,23,1,7,1,2.875
VFLM 5365,16,20,0,6,2,2.5
VFLM 5365,17,23,1,5,3,2.875
VFLM 5365,18,16,0,4,4,2.0
VFLM 5365,19,18,0,4,4,2.25
VFLM 5365,20,15,1,5,3,1.875
VFLM 5365,21,25,1,3,5,3.125
VFLM 5365,22,17,1,3,5,2.125
VFLM 5365,23,13,1,5,3,1.625
VFLM 5365,24,23,1,3,5,2.875
VFLM 5365,25,16,0,6,2,2.0
VFLM 5365,26,16,0,2,6,2.0
VFLM 5365,27,19,1,5,3,2.375
VFLM 5365,28,14,0,4,4,1.75
VFLM 5365,29,25,1,5,3,3.125
VFLM 5365,30,23,1,1,7,2.875
VFLM 5366,1,24,0,4,4,3.0
VFLM 5366,2,19,1,5,3,2.375
VFLM 5366,3,15,1,3,5,1.875
VFLM 5366,4,20,0,4,4,2.5
VFLM 5366,5,26,0,4,4,3.25
VFLM 5366,6,21,1,3,5,2.625
VFLM 5366,7,26,0,4,4,3.25
VFLM 5366,8,19,1,7,1,2.375
VFLM 5366,9,30,0,2,6,3.75
VFLM 5366,10,0,0,0,8,0.0
VFLM 5366,11,19,1,3,5,2.375
VFLM 5366,12,17,1,3,5,2.125
VFLM 5366,13,18,0,2,6,2.25
VFLM 5366,14,20,0,4,4,2.5
VFLM 5366,15,12,0,4,4,1.5
VFLM 5366,16,19,1,5,3,2.375
VFLM 5366,17,20,0,4,4,2.5
VFLM 5366,18,22,0,4,4,2.75
VFLM 5366,19,27,1,3,5,3.375
VFLM 5366,20,24,0,4,4,3.0
VFLM 5366,21,22,0,4,4,2.75
VFLM 5366,22,17,1,5,3,2.125
VFLM 5366,23,21,1,5,3,2.625
VFLM 5366,24,17,1,3,5,2.125
VFLM 5366,25,28,0,4,4,3.5
VFLM 5366,26,18,0,2,6,2.25
VFLM 5366,27,19,1,5,3,2.375
VFLM 5366,28,16,0,4,4,2.0
VFLM 5366,29,21,1,1,7,2.625
VFLM 5366,30,14,0,4,4,1.75
VFLM 5367,1,22,0,2,6,2.75
VFLM 5367,2,18,0,2,6,2.25
VFLM 5367,3,25,1,5,3,3.125
VFLM 5367,4,14,0,6,2,1.75
VFLM 5367,5,16,0,8,0,2.0
VFLM 5367,6,28,0,4,4,3.5
VFLM 5367,7,20,0,2,6,2.5
VFLM 5367,8,23,1,3,5,2.875
VFLM 5367,9,24,0,4,4,3.0
VFLM 5367,10,18,0,4,4,2.25
VFLM 5367,11,20,0,2,6,2.5
VFLM 5367,12,26,0,4,4,3.25
VFLM 5367,13,20,0,4,4,2.5
VFLM 5367,14,19,1,5,3,2.375
VFLM 5367,15,14,0,4,4,1.75
VFLM 5367,16,22,0,4,4,2.75
VFLM 5367,17,14,0,4,4,1.75
VFLM 5367,18,22,0,4,4,2.75
VFLM 5367,19,24,0,4,4,3.0
VFLM 5367,20,18,0,2,6,2.25
VFLM 5367,21,24,0,4,4,3.0
VFLM 5367,22,21,1,1,7,2.625
VFLM 5367,23,18,0,6,2,2.25
VFLM 5367,24,14,0,4,4,1.75
VFLM 5367,25,25,1,3,5,3.125
VFLM 5367,26,21,1,7,1,2.625
VFLM 5367,27,25,1,5,3,3.125
VFLM 5367,28,17,1,5,3,2.125
VFLM 5367,29,21,1,5,3,2.625
VFLM 5367,30,16,0,4,4,2.0
VFLM 5368,1,28,0,4,4,3.5
VFLM 5368,2,9,1,5,3,1.125
VFLM 5368,3,21,1,3,5,2.625
VFLM 5368,4,20,0,6,2,2.5
VFLM 5368,5,31,1,1,7,3.875
VFLM 5368,6,23,1,5,3,2.875
VFLM 5368,7,21,1,3,5,2.625
VFLM 5368,8,22,0,4,4,2.75
VFLM 5368,9,29,1,3,5,3.625
VFLM 5368,10,27,1,1,7,3.375
VFLM 5368,11,25,1,5,3,3.125
VFLM 5368,12,14,0,4,4,1.75
VFLM 5368,13,24,0,4,4,3.0
VFLM 5368,14,18,0,2,6,2.25
VFLM 5368,15,19,1,5,3,2.375
VFLM 5368,16,19,1,1,7,2.375
VFLM 5368,17,19,1,3,5,2.375
VFLM 5368,18,24,0,4,4,3.0
VFLM 5368,19,18,0,2,6,2.25
VFLM 5368,20,28,0,4,4,3.5
VFLM 5368,21,27,1,5,3,3.375
VFLM 5368,22,22,0,2,6,2.75
VFLM 5368,23,25,1,5,3,3.125
VFLM 5368,24,22,0,2,6,2.75
VFLM 5368,25,19,1,3,5,2.375
VFLM 5368,26,23,1,3,5,2.875
VFLM 5368,27,19,1,3,5,2.375
VFLM 5368,28,21,1,3,5,2.625
VFLM 5368,29,23,1,5,3,2.875
VFLM 5368,30,24,0,4,4,3.0
VFLM 5369,1,25,1,3,5,3.125
VFLM 5369,2,23,1,5,3,2.875
VFLM 5369,3,17,1,7,1,2.125
VFLM 5369,4,22,0,4,4,2.75
VFLM 5369,5,24,0,2,6,3.0
VFLM 5369,6,13,1,3,5,1.625
VFLM 5369,7,13,1,3,5,1.625
VFLM 5369,8,27,1,3,5,3.375
VFLM 5369,9,25,1,3,5,3.125
VFLM 5369,10,32,0,2,6,4.0
VFLM 5369,11,22,0,4,4,2.75
VFLM 5369,12,20,0,4,4,2.5
VFLM 5369,13,24,0,2,6,3.0
VFLM 5369,14,25,1,1,7,3.125
VFLM 5369,15,12,0,2,6,1.5
VFLM 5369,16,20,0,4,4,2.5
VFLM 5369,17,17,1,3,5,2.125
VFLM 5369,18,17,1,3,5,2.125
VFLM 5369,19,15,1,3,5,1.875
VFLM 5369,20,22,0,6,2,2.75
VFLM 5369,21,22,0,2,6,2.75
VFLM 5369,22,25,1,1,7,3.125
VFLM 5369,23,20,0,2,6,2.5
VFLM 5369,24,13,1,3,5,1.625
VFLM 5369,25,23,1,3,5,2.875
VFLM 5369,26,20,0,4,4,2.5
VFLM 5369,27,18,0,6,2,2.25
VFLM 5369,28,14,0,8,0,1.75
VFLM 5369,29,14,0,4,4,1.75
VFLM 5369,30,31,1,5,3,3.875
VFLM 5370,1,16,0,4,4,2.0
VFLM 5370,2,16,0,4,4,2.0
VFLM 5370,3,22,0,4,4,2.75
VFLM 5370,4,22,0,6,2,2.75
VFLM 5370,5,18,0,6,2,2.25
VFLM 5370,6,19,1,3,5,2.375
VFLM 5370,7,23,1,3,5,2.875
VFLM 5370,8,26,0,4,4,3.25
VFLM 5370,9,14,0,2,6,1.75
VFLM 5370,10,28,0,4,4,3.5
VFLM 5370,11,22,0,2,6,2.75
VFLM 5370,12,2,0,0,8,0.25
VFLM 5370,13,26,0,2,6,3.25
VFLM 5370,14,13,1,5,3,1.625
VFLM 5370,15,20,0,2,6,2.5
VFLM 5370,16,17,1,3,5,2.125
VFLM 5370,17,19,1,5,3,2.375
VFLM 5370,18,24,0,2,6,3.0
VFLM 5370,19,19,1,7,1,2.375
VFLM 5370,20,18,0,6,2,2.25
VFLM 5370,21,25,1,3,5,3.125
VFLM 5370,22,19,1,5,3,2.375
VFLM 5370,23,15,1,3,5,1.875
VFLM 5370,24,24,0,4,4,3.0
VFLM 5370,25,13,1,5,3,1.625
VFLM 5370,26,19,1,3,5,2.375
VFLM 5370,27,23,1,5,3,2.875
VFLM 5370,28,18,0,4,4,2.25
VFLM 5370,29,20,0,4,4,2.5
VFLM 5370,30,16,0,2,6,2.0
VFLM 5371,1,16,0,4,4,2.0
VFLM 5371,2,21,1,5,3,2.625
VFLM 5371,3,19,1,5,3,2.375
VFLM 5371,4,13,1,3,5,1.625
VFLM 5371,5,24,0,4,4,3.0
VFLM 5371,6,10,0,6,2,1.25
VFLM 5371,7,29,1,5,3,3.625
VFLM 5371,8,23,1,1,7,2.875
VFLM 5371,9,21,1,3,5,2.625
VFLM 5371,10,22,0,2,6,2.75
VFLM 5371,11,15,1,3,5,1.875
VFLM 5371,12,22,0,4,4,2.75
VFLM 5371,13,13,1,5,3,1.625
VFLM 5371,14,24,0,4,4,3.0
VFLM 5371,15,18,0,4,4,2.25
VFLM 5371,16,18,0,4,4,2.25
VFLM 5371,17,18,0,4,4,2.25
VFLM 5371,18,16,0,4,4,2.0
VFLM 5371,19,19,1,5,3,2.375
VFLM 5371,20,24,0,4,4,3.0
VFLM 5371,21,13,1,3,5,1.625
VFLM 5371,22,19,1,5,3,2.375
VFLM 5371,23,22,0,2,6,2.75
VFLM 5371,24,26,0,4,4,3.25
VFLM 5371,25,22,0,6,2,2.75
VFLM 5371,26,21,1,3,5,2.625
VFLM 5371,27,24,0,4,4,3.0
VFLM 5371,28,24,0,6,2,3.0
VFLM 5371,29,20,0,4,4,2.5
VFLM 5371,30,16,0,4,4,2.0
VFLM 5372,1,21,1,3,5,2.625
VFLM 5372,2,23,1,3,5,2.875
VFLM 5372,3,18,0,4,4,2.25
VFLM 5372,4,14,0,4,4,1.75
VFLM 5372,5,22,0,2,6,2.75
VFLM 5372,6,22,0,4,4,2.75
VFLM 5372,7,20,0,4,4,2.5
VFLM 5372,8,15,1,3,5,1.875
VFLM 5372,9,21,1,7,1,2.625
VFLM 5372,10,29,1,3,5,3.625
VFLM 5372,11,25,1,3,5,3.125
VFLM 5372,12,22,0,2,6,2.75
VFLM 5372,13,23,1,3,5,2.875
VFLM 5372,14,21,1,3,5,2.625
VFLM 5372,15,18,0,4,4,2.25
VFLM 5372,16,18,0,4,4,2.25
VFLM 5372,17,25,1,3,5,3.125
VFLM 5372,18,25,1,5,3,3.125
VFLM 5372,19,18,0,4,4,2.25
VFLM 5372,20,15,1,5,3,1.875
VFLM 5372,21,17,1,5,3,2.125
VFLM 5372,22,26,0,4,4,3.25
VFLM 5372,23,20,0,4,4,2.5
VFLM 5372,24,21,1,5,3,2.625
VFLM 5372,25,19,1,7,1,2.375
VFLM 5372,26,24,0,2,6,3.0
VFLM 5372,27,16,0,6,2,2.0
VFLM 5372,28,20,0,2,6,2.5
VFLM 5372,29,20,0,2,6,2.5
VFLM 5372,30,26,0,4,4,3.25
VFLM 5373,1,19,1,3,5,2.375
VFLM 5373,2,17,1,3,5,2.125
VFLM 5373,3,15,1,5,3,1.875
VFLM 5373,4,23,1,7,1,2.875
VFLM 5373,5,23,1,3,5,2.875
VFLM 5373,6,17,1,5,3,2.125
VFLM 5373,7,19,1,3,5,2.375
VFLM 5373,8,28,0,4,4,3.5
VFLM 5373,9,22,0,2,6,2.75
VFLM 5373,10,21,1,5,3,2.625
VFLM 5373,11,14,0,4,4,1.75
VFLM 5373,12,25,1,1,7,3.125
VFLM 5373,13,16,0,6,2,2.0
VFLM 5373,14,21,1,3,5,2.625
VFLM 5373,15,24,0,4,4,3.0
VFLM 5373,16,25,1,3,5,3.125
VFLM 5373,17,22,0,2,6,2.75
VFLM 5373,18,15,1,3,5,1.875
VFLM 5373,19,13,1,5,3,1.625
VFLM 5373,20,30,0,4,4,3.75
VFLM 5373,21,17,1,5,3,2.125
VFLM 5373,22,24,0,6,2,3.0
VFLM 5373,23,17,1,1,7,2.125
VFLM 5373,24,23,1,3,5,2.875
VFLM 5373,25,20,0,6,2,2.5
VFLM 5373,26,25,1,3,5,3.125
VFLM 5373,27,15,1,5,3,1.875
VFLM 5373,28,25,1,3,5,3.125
VFLM 5373,29,25,1,5,3,3.125
VFLM 5373,30,26,0,6,2,3.25
VFLM 5374,1,16,0,4,4,2.0
VFLM 5374,2,20,0,2,6,2.5
VFLM 5374,3,22,0,2,6,2.75
VFLM 5374,4,14,0,4,4,1.75
VFLM 5374,5,20,0,6,2,2.5
VFLM 5374,6,29,1,5,3,3.625
VFLM 5374,7,15,1,5,3,1.875
VFLM 5374,8,24,0,4,4,3.0
VFLM 5374,9,13,1,1,7,1.625
VFLM 5374,10,26,0,4,4,3.25
VFLM 5374,11,18,0,6,2,2.25
VFLM 5374,12,20,0,4,4,2.5
VFLM 5374,13,15,1,3,5,1.875
VFLM 5374,14,18,0,6,2,2.25
VFLM 5374,15,21,1,5,3,2.625
VFLM 5374,16,21,1,3,5,2.625
VFLM 5374,17,19,1,7,1,2.375
VFLM 5374,18,24,0,6,2,3.0
VFLM 5374,19,19,1,5,3,2.375
VFLM 5374,20,23,1,7,1,2.875
VFLM 5374,21,27,1,1,7,3.375
VFLM 5374,22,19,1,1,7,2.375
VFLM 5374,23,21,1,3,5,2.625
VFLM 5374,24,21,1,5,3,2.625
VFLM 5374,25,21,1,5,3,2.625
VFLM 5374,26,25,1,3,5,3.125
VFLM 5374,27,18,0,2,6,2.25
VFLM 5374,28,20,0,4,4,2.5
VFLM 5374,29,28,0,6,2,3.5
VFLM 5374,30,19,1,5,3,2.375
VFLM 5375,1,14,0,2,6,1.75
VFLM 5375,2,22,0,4,4,2.75
VFLM 5375,3,25,1,1,7,3.125
VFLM 5375,4,19,1,3,5,2.375
VFLM 5375,5,25,1,5,3,3.125
VFLM 5375,6,27,1,5,3,3.375
VFLM 5375,7,23,1,3,5,2.875
VFLM 5375,8,22,0,2,6,2.75
VFLM 5375,9,19,1,5,3,2.375
VFLM 5375,10,23,1,5,3,2.875
VFLM 5375,11,21,1,3,5,2.625
VFLM 5375,12,21,1,5,3,2.625
VFLM 5375,13,22,0,2,6,2.75
VFLM 5375,14,28,0,4,4,3.5
VFLM 5375,15,20,0,4,4,2.5
VFLM 5375,16,20,0,4,4,2.5
VFLM 5375,17,22,0,6,2,2.75
VFLM 5375,18,20,0,4,4,2.5
VFLM 5375,19,23,1,7,1,2.875
VFLM 5375,20,26,0,2,6,3.25
VFLM 5375,21,23,1,3,5,2.875
VFLM 5375,22,20,0,4,4,2.5
VFLM 5375,23,19,1,5,3,2.375
VFLM 5375,24,19,1,3,5,2.375
VFLM 5375,25,24,0,6,2,3.0
VFLM 5375,26,21,1,5,3,2.625
VFLM 5375,27,29,1,1,7,3.625
VFLM 5375,28,18,0,4,4,2.25
VFLM 5375,29,28,0,2,6,3.5
VFLM 5375,30,15,1,5,3,1.875
VFLM 5376,1,25,1,7,1,3.125
VFLM 5376,2,20,0,4,4,2.5
VFLM 5376,3,17,1,3,5,2.125
VFLM 5376,4,18,0,4,4,2.25
VFLM 5376,5,28,0,4,4,3.5
VFLM 5376,6,25,1,5,3,3.125
VFLM 5376,7,19,1,3,5,2.375
VFLM 5376,8,22,0,4,4,2.75
VFLM 5376,9,19,1,5,3,2.375
VFLM 5376,10,18,0,4,4,2.25
VFLM 5376,11,16,0,6,2,2.0
VFLM 5376,12,16,0,4,4,2.0
VFLM 5376,13,15,1,3,5,1.875
VFLM 5376,14,21,1,3,5,2.625
VFLM 5376,15,19,1,5,3,2.375
VFLM 5376,16,29,1,3,5,3.625
VFLM 5376,17,20,0,6,2,2.5
VFLM 5376,18,19,1,5,3,2.375
VFLM 5376,19,11,1,5,3,1.375
VFLM 5376,20,18,0,6,2,2.25
VFLM 5376,21,25,1,3,5,3.125
VFLM 5376,22,20,0,4,4,2.5
VFLM 5376,23,25,1,5,3,3.125
VFLM 5376,24,18,0,6,2,2.25
VFLM 5376,25,24,0,4,4,3.0
VFLM 5376,26,21,1,3,5,2.625
VFLM 5376,27,26,0,4,4,3.25
VFLM 5376,28,19,1,7,1,2.375
VFLM 5376,29,11,1,3,5,1.375
VFLM 5376,30,27,1,3,5,3.375
VFLM 5377,1,25,1,3,5,3.125
VFLM 5377,2,22,0,0,8,2.75
VFLM 5377,3,20,0,4,4,2.5
VFLM 5377,4,23,1,3,5,2.875
VFLM 5377,5,23,1,3,5,2.875
VFLM 5377,6,13,1,5,3,1.625
VFLM 5377,7,18,0,2,6,2.25
VFLM 5377,8,15,1,3,5,1.875
VFLM 5377,9,24,0,4,4,3.0
VFLM 5377,10,24,0,6,2,3.0
VFLM 5377,11,22,0,4,4,2.75
VFLM 5377,12,19,1,5,3,2.375
VFLM 5377,13,18,0,2,6,2.25
VFLM 5377,14,16,0,2,6,2.0
VFLM 5377,15,22,0,2,6,2.75
VFLM 5377,16,18,0,4,4,2.25
VFLM 5377,17,27,1,3,5,3.375
VFLM 5377,18,29,1,3,5,3.625
VFLM 5377,19,22,0,4,4,2.75
VFLM 5377,20,25,1,5,3,3.125
VFLM 5377,21,23,1,3,5,2.875
VFLM 5377,22,27,1,3,5,3.375
VFLM 5377,23,18,0,6,2,2.25
VFLM 5377,24,23,1,3,5,2.875
VFLM 5377,25,17,1,3,5,2.125
VFLM 5377,26,23,1,5,3,2.875
VFLM 5377,27,15,1,3,5,1.875
VFLM 5377,28,16,0,4,4,2.0
VFLM 5377,29,23,1,7,1,2.875
VFLM 5377,30,17,1,5,3,2.125
VFLM 5378,1,21,1,3,5,2.625
VFLM 5378,2,23,1,5,3,2.875
VFLM 5378,3,19,1,1,7,2.375
VFLM 5378,4,20,0,2,6,2.5
VFLM 5378,5,13,1,3,5,1.625
VFLM 5378,6,14,0,2,6,1.75
VFLM 5378,7,22,0,4,4,2.75
VFLM 5378,8,18,0,6,2,2.25
VFLM 5378,9,14,0,4,4,1.75
VFLM 5378,10,18,0,2,6,2.25
VFLM 5378,11,17,1,3,5,2.125
VFLM 5378,12,15,1,5,3,1.875
VFLM 5378,13,21,1,3,5,2.625
VFLM 5378,14,17,1,3,5,2.125
VFLM 5378,15,17,1,5,3,2.125
VFLM 5378,16,18,0,2,6,2.25
VFLM 5378,17,18,0,6,2,2.25
VFLM 5378,18,24,0,2,6,3.0
VFLM 5378,19,19,1,5,3,2.375
VFLM 5378,20,30,0,4,4,3.75
VFLM 5378,21,23,1,3,5,2.875
VFLM 5378,22,25,1,3,5,3.125
VFLM 5378,23,22,0,4,4,2.75
VFLM 5378,24,18,0,4,4,2.25
VFLM 5378,25,21,1,3,5,2.625
VFLM 5378,26,16,0,4,4,2.0
VFLM 5378,27,21,1,5,3,2.625
VFLM 5378,28,15,1,5,3,1.875
VFLM 5378,29,16,0,4,4,2.0
VFLM 5378,30,17,1,3,5,2.125
VFLM 5379,1,20,0,6,2,2.5
VFLM 5379,2,20,0,2,6,2.5
VFLM 5379,3,21,1,5,3,2.625
VFLM 5379,4,19,1,3,5,2.375
VFLM 5379,5,23,1,5,3,2.875
VFLM 5379,6,19,1,5,3,2.375
VFLM 5379,7,29,1,1,7,3.625
VFLM 5379,8,20,0,4,4,2.5
VFLM 5379,9,26,0,6,2,3.25
VFLM 5379,10,18,0,4,4,2.25
VFLM 5379,11,25,1,5,3,3.125
VFLM 5379,12,26,0,4,4,3.25
VFLM 5379,13,25,1,5,3,3.125
VFLM 5379,14,23,1,1,7,2.875
VFLM 5379,15,25,1,5,3,3.125
VFLM 5379,16,16,0,4,4,2.0
VFLM 5379,17,20,0,4,4,2.5
VFLM 5379,18,16,0,4,4,2.0
VFLM 5379,19,24,0,2,6,3.0
VFLM 5379,20,27,1,3,5,3.375
VFLM 5379,21,18,0,4,4,2.25
VFLM 5379,22,18,0,4,4,2.25
VFLM 5379,23,19,1,3,5,2.375
VFLM 5379,24,17,1,3,5,2.125
VFLM 5379,25,18,0,2,6,2.25
VFLM 5379,26,14,0,4,4,1.75
VFLM 5379,27,28,0,4,4,3.5
VFLM 5379,28,18,0,4,4,2.25
VFLM 5379,29,22,0,2,6,2.75
VFLM 5379,30,22,0,4,4,2.75
VFLM 5380,1,22,0,4,4,2.75
VFLM 5380,2,20,0,2,6,2.5
VFLM 5380,3,21,1,3,5,2.625
VFLM 5380,4,19,1,3,5,2.375
VFLM 5380,5,20,0,4,4,2.5
VFLM 5380,6,29,1,3,5,3.625
VFLM 5380,7,14,0,6,2,1.75
VFLM 5380,8,17,1,5,3,2.125
VFLM 5380,9,24,0,6,2,3.0
VFLM 5380,10,17,1,3,5,2.125
VFLM 5380,11,16,0,6,2,2.0
VFLM 5380,12,18,0,6,2,2.25
VFLM 5380,13,19,1,3,5,2.375
VFLM 5380,14,24,0,4,4,3.0
VFLM 5380,15,19,1,1,7,2.375
VFLM 5380,16,15,1,3,5,1.875
VFLM 5380,17,20,0,6,2,2.5
VFLM 5380,18,19,1,3,5,2.375
VFLM 5380,19,24,0,4,4,3.0
VFLM 5380,20,24,0,2,6,3.0
VFLM 5380,21,18,0,4,4,2.25
VFLM 5380,22,16,0,4,4,2.0
VFLM 5380,23,30,0,2,6,3.75
VFLM 5380,24,21,1,5,3,2.625
VFLM 5380,25,24,0,4,4,3.0
VFLM 5380,26,18,0,4,4,2.25
VFLM 5380,27,26,0,4,4,3.25
VFLM 5380,28,18,0,6,2,2.25
VFLM 5380,29,22,0,4,4,2.75
VFLM 5380,30,16,0,4,4,2.0
VFLM 5381,1,23,1,5,3,2.875
VFLM 5381,2,26,0,0,8,3.25
VFLM 5381,3,22,0,4,4,2.75
VFLM 5381,4,17,1,3,5,2.125
VFLM 5381,5,24,0,4,4,3.0
VFLM 5381,6,17,1,3,5,2.125
VFLM 5381,7,28,0,4,4,3.5
VFLM 5381,8,16,0,4,4,2.0
VFLM 5381,9,21,1,3,5,2.625
VFLM 5381,10,19,1,3,5,2.375
VFLM 5381,11,16,0,6,2,2.0
VFLM 5381,12,25,1,3,5,3.125
VFLM 5381,13,22,0,2,6,2.75
VFLM 5381,14,20,0,6,2,2.5
VFLM 5381,15,20,0,2,6,2.5
VFLM 5381,16,19,1,3,5,2.375
VFLM 5381,17,9,1,3,5,1.125
VFLM 5381,18,21,1,5,3,2.625
VFLM 5381,19,21,1,1,7,2.625
VFLM 5381,20,20,0,4,4,2.5
VFLM 5381,21,16,0,2,6,2.0
VFLM 5381,22,13,1,5,3,1.625
VFLM 5381,23,22,0,4,4,2.75
VFLM 5381,24,27,1,5,3,3.375
VFLM 5381,25,19,1,5,3,2.375
VFLM 5381,26,16,0,4,4,2.0
VFLM 5381,27,20,0,4,4,2.5
VFLM 5381,28,13,1,3,5,1.625
VFLM 5381,29,26,0,4,4,3.25
VFLM 5381,30,23,1,3,5,2.875
VFLM 5382,1,20,0,6,2,2.5
VFLM 5382,2,20,0,4,4,2.5
VFLM 5382,3,26,0,2,6,3.25
VFLM 5382,4,24,0,4,4,3.0
VFLM 5382,5,20,0,4,4,2.5
VFLM 5382,6,20,0,4,4,2.5
VFLM 5382,7,26,0,6,2,3.25
VFLM 5382,8,12,0,6,2,1.5
VFLM 5382,9,26,0,4,4,3.25
VFLM 5382,10,17,1,3,5,2.125
VFLM 5382,11,23,1,3,5,2.875
VFLM 5382,12,25,1,5,3,3.125
VFLM 5382,13,17,1,3,5,2.125
VFLM 5382,14,21,1,1,7,2.625
VFLM 5382,15,16,0,6,2,2.0
VFLM 5382,16,22,0,2,6,2.75
VFLM 5382,17,24,0,6,2,3.0
VFLM 5382,18,20,0,4,4,2.5
VFLM 5382,19,17,1,3,5,2.125
VFLM 5382,20,19,1,3,5,2.375
VFLM 5382,21,14,0,2,6,1.75
VFLM 5382,22,22,0,4,4,2.75
VFLM 5382,23,16,0,2,6,2.0
VFLM 5382,24,21,1,3,5,2.625
VFLM 5382,25,19,1,5,3,2.375
VFLM 5382,26,26,0,4,4,3.25
VFLM 5382,27,17,1,3,5,2.125
VFLM 5382,28,17,1,5,3,2.125
VFLM 5382,29,26,0,4,4,3.25
VFLM 5382,30,20,0,2,6,2.5
VFLM 5383,1,25,1,5,3,3.125
VFLM 5383,2,17,1,5,3,2.125
VFLM 5383,3,17,1,7,1,2.125
VFLM 5383,4,21,1,1,7,2.625
VFLM 5383,5,22,0,2,6,2.75
VFLM 5383,6,18,0,4,4,2.25
VFLM 5383,7,19,1,3,5,2.375
VFLM 5383,8,15,1,5,3,1.875
VFLM 5383,9,18,0,4,4,2.25
VFLM 5383,10,20,0,6,2,2.5
VFLM 5383,11,10,0,0,8,1.25
VFLM 5383,12,21,1,5,3,2.625
VFLM 5383,13,22,0,6,2,2.75
VFLM 5383,14,13,1,5,3,1.625
VFLM 5383,15,23,1,3,5,2.875
VFLM 5383,16,17,1,5,3,2.125
VFLM 5383,17,33,1,7,1,4.125
VFLM 5383,18,21,1,5,3,2.625
VFLM 5383,19,25,1,3,5,3.125
VFLM 5383,20,16,0,2,6,2.0
VFLM 5383,21,20,0,2,6,2.5
VFLM 5383,22,23,1,3,5,2.875
VFLM 5383,23,18,0,4,4,2.25
VFLM 5383,24,20,0,2,6,2.5
VFLM 5383,25,18,0,6,2,2.25
VFLM 5383,26,20,0,2,6,2.5
VFLM 5383,27,15,1,5,3,1.875
VFLM 5383,28,11,1,3,5,1.375
VFLM 5383,29,17,1,1,7,2.125
VFLM 5383,30,16,0,4,4,2.0
VFLM 5384,1,27,1,3,5,3.375
VFLM 5384,2,25,1,5,3,3.125
VFLM 5384,3,19,1,5,3,2.375
VFLM 5384,4,19,1,7,1,2.375
VFLM 5384,5,19,1,5,3,2.375
VFLM 5384,6,17,1,3,5,2.125
VFLM 5384,7,21,1,3,5,2.625
VFLM 5384,8,28,0,2,6,3.5
VFLM 5384,9,27,1,5,3,3.375
VFLM 5384,10,19,1,1,7,2.375
VFLM 5384,11,18,0,2,6,2.25
VFLM 5384,12,21,1,5,3,2.625
VFLM 5384,13,10,0,4,4,1.25
VFLM 5384,14,22,0,2,6,2.75
VFLM 5384,15,15,1,5,3,1.875
VFLM 5384,16,15,1,5,3,1.875
VFLM 5384,17,25,1,3,5,3.125
VFLM 5384,18,19,1,5,3,2.375
VFLM 5384,19,23,1,5,3,2.875
VFLM 5384,20,17,1,7,1,2.125
VFLM 5384,21,17,1,3,5,2.125
VFLM 5384,22,27,1,5,3,3.375
VFLM 5384,23,15,1,5,3,1.875
VFLM 5384,24,27,1,3,5,3.375
VFLM 5384,25,14,0,2,6,1.75
VFLM 5384,26,16,0,4,4,2.0
VFLM 5384,27,15,1,5,3,1.875
VFLM 5384,28,15,1,7,1,1.875
VFLM 5384,29,15,1,7,1,1.875
VFLM 5384,30,22,0,6,2,2.75
VFLM 5385,1,23,1,3,5,2.875
VFLM 5385,2,19,1,3,5,2.375
VFLM 5385,3,17,1,3,5,2.125
VFLM 5385,4,14,0,4,4,1.75
VFLM 5385,5,17,1,3,5,2.125
VFLM 5385,6,15,1,3,5,1.875
VFLM 5385,7,31,1,3,5,3.875
VFLM 5385,8,15,1,5,3,1.875
VFLM 5385,9,27,1,3,5,3.375
VFLM 5385,10,16,0,6,2,2.0
VFLM 5385,11,16,0,2,6,2.0
VFLM 5385,12,20,0,6,2,2.5
VFLM 5385,13,25,1,5,3,3.125
VFLM 5385,14,12,0,4,4,1.5
VFLM 5385,15,20,0,6,2,2.5
VFLM 5385,16,19,1,3,5,2.375
VFLM 5385,17,20,0,4,4,2.5
VFLM 5385,18,20,0,6,2,2.5
VFLM 5385,19,25,1,3,5,3.125
VFLM 5385,20,12,0,4,4,1.5
VFLM 5385,21,18,0,2,6,2.25
VFLM 5385,22,24,0,4,4,3.0
VFLM 5385,23,19,1,1,7,2.375
VFLM 5385,24,17,1,3,5,2.125
VFLM 5385,25,15,1,5,3,1.875
VFLM 5385,26,23,1,3,5,2.875
VFLM 5385,27,21,1,7,1,2.625
VFLM 5385,28,28,0,4,4,3.5
VFLM 5385,29,23,1,3,5,2.875
VFLM 5385,30,16,0,6,2,2.0
VFLM 5386,1,28,0,4,4,3.5
VFLM 5386,2,24,0,6,2,3.0
VFLM 5386,3,22,0,4,4,2.75
VFLM 5386,4,26,0,4,4,3.25
VFLM 5386,5,15,1,7,1,1.875
VFLM 5386,6,22,0,4,4,2.75
VFLM 5386,7,27,1,5,3,3.375
VFLM 5386,8,17,1,5,3,2.125
VFLM 5386,9,20,0,4,4,2.5
VFLM 5386,10,30,0,4,4,3.75
VFLM 5386,11,22,0,6,2,2.75
VFLM 5386,12,16,0,4,4,2.0
VFLM 5386,13,24,0,4,4,3.0
VFLM 5386,14,23,1,3,5,2.875
VFLM 5386,15,22,0,6,2,2.75
VFLM 5386,16,21,1,3,5,2.625
VFLM 5386,17,24,0,4,4,3.0
VFLM 5386,18,15,1,3,5,1.875
VFLM 5386,19,16,0,4,4,2.0
VFLM 5386,20,21,1,5,3,2.625
VFLM 5386,21,17,1,3,5,2.125
VFLM 5386,22,24,0,2,6,3.0
VFLM 5386,23,20,0,4,4,2.5
VFLM 5386,24,19,1,5,3,2.375
VFLM 5386,25,27,1,3,5,3.375
VFLM 5386,26,19,1,1,7,2.375
VFLM 5386,27,21,1,3,5,2.625
VFLM 5386,28,22,0,4,4,2.75
VFLM 5386,29,13,1,5,3,1.625
VFLM 5386,30,23,1,3,5,2.875
VFLM 5387,1,17,1,5,3,2.125
VFLM 5387,2,20,0,2,6,2.5
VFLM 5387,3,23,1,3,5,2.875
VFLM 5387,4,13,1,5,3,1.625
VFLM 5387,5,23,1,3,5,2.875
VFLM 5387,6,29,1,3,5,3.625
VFLM 5387,7,21,1,5,3,2.625
VFLM 5387,8,21,1,3,5,2.625
VFLM 5387,9,20,0,2,6,2.5
VFLM 5387,10,20,0,6,2,2.5
VFLM 5387,11,27,1,3,5,3.375
VFLM 5387,12,20,0,4,4,2.5
VFLM 5387,13,21,1,1,7,2.625
VFLM 5387,14,15,1,5,3,1.875
VFLM 5387,15,19,1,5,3,2.375
VFLM 5387,16,17,1,3,5,2.125
VFLM 5387,17,23,1,5,3,2.875
VFLM 5387,18,19,1,5,3,2.375
VFLM 5387,19,22,0,4,4,2.75
VFLM 5387,20,15,1,3,5,1.875
VFLM 5387,21,15,1,3,5,1.875
VFLM 5387,22,24,0,2,6,3.0
VFLM 5387,23,19,1,3,5,2.375
VFLM 5387,24,19,1,1,7,2.375
VFLM 5387,25,17,1,3,5,2.125
VFLM 5387,26,22,0,4,4,2.75
VFLM 5387,27,21,1,3,5,2.625
VFLM 5387,28,21,1,3,5,2.625
VFLM 5387,29,29,1,3,5,3.625
VFLM 5387,30,22,0,2,6,2.75
VFLM 5388,1,22,0,2,6,2.75
VFLM 5388,2,18,0,6,2,2.25
VFLM 5388,3,19,1,3,5,2.375
VFLM 5388,4,23,1,3,5,2.875
VFLM 5388,5,16,0,4,4,2.0
VFLM 5388,6,26,0,4,4,3.25
VFLM 5388,7,18,0,2,6,2.25
VFLM 5388,8,19,1,3,5,2.375
VFLM 5388,9,12,0,4,4,1.5
VFLM 5388,10,21,1,3,5,2.625
VFLM 5388,11,18,0,4,4,2.25
VFLM 5388,12,29,1,3,5,3.625
VFLM 5388,13,20,0,4,4,2.5
VFLM 5388,14,23,1,5,3,2.875
VFLM 5388,15,20,0,4,4,2.5
VFLM 5388,16,20,0,2,6,2.5
VFLM 5388,17,21,1,5,3,2.625
VFLM 5388,18,18,0,4,4,2.25
VFLM 5388,19,16,0,4,4,2.0
VFLM 5388,20,29,1,3,5,3.625
VFLM 5388,21,23,1,5,3,2.875
VFLM 5388,22,25,1,3,5,3.125
VFLM 5388,23,20,0,2,6,2.5
VFLM 5388,24,19,1,5,3,2.375
VFLM 5388,25,20,0,2,6,2.5
VFLM 5388,26,16,0,4,4,2.0
VFLM 5388,27,21,1,5,3,2.625
VFLM 5388,28,20,0,4,4,2.5
VFLM 5388,29,21,1,5,3,2.625
VFLM 5388,30,19,1,5,3,2.375
VFLM 5389,1,18,0,6,2,2.25
VFLM 5389,2,18,0,4,4,2.25
VFLM 5389,3,22,0,4,4,2.75
VFLM 5389,4,26,0,6,2,3.25
VFLM 5389,5,18,0,4,4,2.25
VFLM 5389,6,12,0,4,4,1.5
VFLM 5389,7,12,0,4,4,1.5
VFLM 5389,8,27,1,3,5,3.375
VFLM 5389,9,21,1,5,3,2.625
VFLM 5389,10,19,1,1,7,2.375
VFLM 5389,11,15,1,1,7,1.875
VFLM 5389,12,18,0,6,2,2.25
VFLM 5389,13,18,0,2,6,2.25
VFLM 5389,14,20,0,4,4,2.5
VFLM 5389,15,23,1,3,5,2.875
VFLM 5389,16,30,0,4,4,3.75
VFLM 5389,17,15,1,7,1,1.875
VFLM 5389,18,18,0,4,4,2.25
VFLM 5389,19,18,0,4,4,2.25
VFLM 5389,20,19,1,5,3,2.375
VFLM 5389,21,21,1,5,3,2.625
VFLM 5389,22,20,0,4,4,2.5
VFLM 5389,23,16,0,4,4,2.0
VFLM 5389,24,19,1,5,3,2.375
VFLM 5389,25,19,1,3,5,2.375
VFLM 5389,26,18,0,4,4,2.25
VFLM 5389,27,21,1,3,5,2.625
VFLM 5389,28,20,0,4,4,2.5
VFLM 5389,29,22,0,4,4,2.75
VFLM 5389,30,28,0,4,4,3.5
VFLM 5390,1,17,1,5,3,2.125
VFLM 5390,2,24,0,4,4,3.0
VFLM 5390,3,15,1,3,5,1.875
VFLM 5390,4,20,0,4,4,2.5
VFLM 5390,5,22,0,6,2,2.75
VFLM 5390,6,18,0,2,6,2.25
VFLM 5390,7,21,1,5,3,2.625
VFLM 5390,8,21,1,5,3,2.625
VFLM 5390,9,22,0,4,4,2.75
VFLM 5390,10,26,0,4,4,3.25
VFLM 5390,11,26,0,4,4,3.25
VFLM 5390,12,18,0,4,4,2.25
VFLM 5390,13,20,0,4,4,2.5
VFLM 5390,14,23,1,1,7,2.875
VFLM 5390,15,25,1,5,3,3.125
VFLM 5390,16,23,1,5,3,2.875
VFLM 5390,17,16,0,4,4,2.0
VFLM 5390,18,23,1,5,3,2.875
VFLM 5390,19,18,0,6,2,2.25
VFLM 5390,20,19,1,3,5,2.375
VFLM 5390,21,12,0,6,2,1.5
VFLM 5390,22,25,1,3,5,3.125
VFLM 5390,23,17,1,3,5,2.125
VFLM 5390,24,23,1,3,5,2.875
VFLM 5390,25,20,0,2,6,2.5
VFLM 5390,26,14,0,4,4,1.75
VFLM 5390,27,14,0,2,6,1.75
VFLM 5390,28,26,0,4,4,3.25
VFLM 5390,29,21,1,5,3,2.625
VFLM 5390,30,19,1,5,3,2.375
VFLM 5391,1,24,0,4,4,3.0
VFLM 5391,2,20,0,6,2,2.5
VFLM 5391,3,19,1,5,3,2.375
VFLM 5391,4,20,0,4,4,2.5
VFLM 5391,5,24,0,4,4,3.0
VFLM 5391,6,19,1,5,3,2.375
VFLM 5391,7,17,1,3,5,2.125
VFLM 5391,8,27,1,3,5,3.375
VFLM 5391,9,26,0,4,4,3.25
VFLM 5391,10,24,0,4,4,3.0
VFLM 5391,11,19,1,3,5,2.375
VFLM 5391,12,20,0,4,4,2.5
VFLM 5391,13,28,0,6,2,3.5
VFLM 5391,14,17,1,7,1,2.125
VFLM 5391,15,26,0,4,4,3.25
VFLM 5391,16,11,1,5,3,1.375
VFLM 5391,17,22,0,4,4,2.75
VFLM 5391,18,20,0,4,4,2.5
VFLM 5391,19,17,1,5,3,2.125
VFLM 5391,20,18,0,4,4,2.25
VFLM 5391,21,24,0,4,4,3.0
VFLM 5391,22,23,1,3,5,2.875
VFLM 5391,23,23,1,3,5,2.875
VFLM 5391,24,28,0,6,2,3.5
VFLM 5391,25,24,0,2,6,3.0
VFLM 5391,26,26,0,6,2,3.25
VFLM 5391,27,22,0,6,2,2.75
VFLM 5391,28,21,1,5,3,2.625
VFLM 5391,29,25,1,5,3,3.125
VFLM 5391,30,16,0,2,6,2.0
VFLM 5392,1,25,1,3,5,3.125
VFLM 5392,2,23,1,5,3,2.875
VFLM 5392,3,22,0,2,6,2.75
VFLM 5392,4,23,1,5,3,2.875
VFLM 5392,5,21,1,3,5,2.625
VFLM 5392,6,21,1,5,3,2.625
VFLM 5392,7,19,1,3,5,2.375
VFLM 5392,8,30,0,2,6,3.75
VFLM 5392,9,18,0,6,2,2.25
VFLM 5392,10,27,1,5,3,3.375
VFLM 5392,11,17,1,3,5,2.125
VFLM 5392,12,25,1,3,5,3.125
VFLM 5392,13,20,0,2,6,2.5
VFLM 5392,14,18,0,2,6,2.25
VFLM 5392,15,20,0,6,2,2.5
VFLM 5392,16,25,1,3,5,3.125
VFLM 5392,17,20,0,4,4,2.5
VFLM 5392,18,20,0,6,2,2.5
VFLM 5392,19,26,0,6,2,3.25
VFLM 5392,20,25,1,3,5,3.125
VFLM 5392,21,31,1,5,3,3.875
VFLM 5392,22,21,1,5,3,2.625
VFLM 5392,23,19,1,1,7,2.375
VFLM 5392,24,15,1,3,5,1.875
VFLM 5392,25,24,0,4,4,3.0
VFLM 5392,26,23,1,3,5,2.875
VFLM 5392,27,27,1,5,3,3.375
VFLM 5392,28,19,1,5,3,2.375
VFLM 5392,29,16,0,4,4,2.0
VFLM 5392,30,16,0,2,6,2.0
VFLM 5394,1,19,1,3,5,2.375
VFLM 5394,2,0,0,0,8,0.0
VFLM 5394,3,0,0,0,8,0.0
VFLM 5394,4,0,0,0,8,0.0
VFLM 5394,5,17,1,5,3,2.125
VFLM 5394,6,24,0,2,6,3.0
VFLM 5394,7,24,0,4,4,3.0
VFLM 5394,8,22,0,2,6,2.75
VFLM 5394,9,18,0,4,4,2.25
VFLM 5394,10,22,0,4,4,2.75
VFLM 5394,11,25,1,7,1,3.125
VFLM 5394,12,20,0,4,4,2.5
VFLM 5394,13,26,0,4,4,3.25
VFLM 5394,14,23,1,3,5,2.875
VFLM 5394,15,19,1,3,5,2.375
VFLM 5394,16,15,1,3,5,1.875
VFLM 5394,17,19,1,5,3,2.375
VFLM 5394,18,23,1,5,3,2.875
VFLM 5394,19,14,0,2,6,1.75
VFLM 5394,20,18,0,6,2,2.25
VFLM 5394,21,20,0,2,6,2.5
VFLM 5394,22,23,1,3,5,2.875
VFLM 5394,23,18,0,4,4,2.25
VFLM 5394,24,16,0,4,4,2.0
VFLM 5394,25,18,0,6,2,2.25
VFLM 5394,26,19,1,5,3,2.375
VFLM 5394,27,20,0,6,2,2.5
VFLM 5394,28,15,1,3,5,1.875
VFLM 5394,29,25,1,3,5,3.125
VFLM 5394,30,19,1,7,1,2.375
VFLM 5395,1,18,0,2,6,2.25
VFLM 5395,2,23,1,5,3,2.875
VFLM 5395,3,19,1,7,1,2.375
VFLM 5395,4,24,0,4,4,3.0
VFLM 5395,5,26,0,4,4,3.25
VFLM 5395,6,27,1,1,7,3.375
VFLM 5395,7,19,1,5,3,2.375
VFLM 5395,8,26,0,6,2,3.25
VFLM 5395,9,15,1,3,5,1.875
VFLM 5395,10,24,0,4,4,3.0
VFLM 5395,11,20,0,4,4,2.5
VFLM 5395,12,19,1,5,3,2.375
VFLM 5395,13,19,1,3,5,2.375
VFLM 5395,14,21,1,7,1,2.625
VFLM 5395,15,25,1,3,5,3.125
VFLM 5395,16,23,1,5,3,2.875
VFLM 5395,17,27,1,3,5,3.375
VFLM 5395,18,25,1,5,3,3.125
VFLM 5395,19,19,1,7,1,2.375
VFLM 5395,20,23,1,1,7,2.875
VFLM 5395,21,23,1,5,3,2.875
VFLM 5395,22,25,1,3,5,3.125
VFLM 5395,23,30,0,2,6,3.75
VFLM 5395,24,19,1,5,3,2.375
VFLM 5395,25,21,1,7,1,2.625
VFLM 5395,26,15,1,3,5,1.875
VFLM 5395,27,21,1,5,3,2.625
VFLM 5395,28,26,0,4,4,3.25
VFLM 5395,29,16,0,2,6,2.0
VFLM 5395,30,20,0,4,4,2.5
VFLM 5396,1,16,0,4,4,2.0
VFLM 5396,2,20,0,6,2,2.5
VFLM 5396,3,15,1,5,3,1.875
VFLM 5396,4,13,1,3,5,1.625
VFLM 5396,5,21,1,5,3,2.625
VFLM 5396,6,22,0,4,4,2.75
VFLM 5396,7,29,1,3,5,3.625
VFLM 5396,8,22,0,4,4,2.75
VFLM 5396,9,17,1,3,5,2.125
VFLM 5396,10,22,0,6,2,2.75
VFLM 5396,11,21,1,3,5,2.625
VFLM 5396,12,28,0,2,6,3.5
VFLM 5396,13,19,1,1,7,2.375
VFLM 5396,14,15,1,5,3,1.875
VFLM 5396,15,30,0,4,4,3.75
VFLM 5396,16,19,1,3,5,2.375
VFLM 5396,17,19,1,3,5,2.375
VFLM 5396,18,19,1,3,5,2.375
VFLM 5396,19,19,1,3,5,2.375
VFLM 5396,20,21,1,3,5,2.625
VFLM 5396,21,28,0,4,4,3.5
VFLM 5396,22,14,0,4,4,1.75
VFLM 5396,23,16,0,4,4,2.0
VFLM 5396,24,17,1,5,3,2.125
VFLM 5396,25,23,1,5,3,2.875
VFLM 5396,26,19,1,3,5,2.375
VFLM 5396,27,26,0,4,4,3.25
VFLM 5396,28,18,0,6,2,2.25
VFLM 5396,29,18,0,4,4,2.25
VFLM 5396,30,20,0,4,4,2.5
VFLM 5397,1,15,1,3,5,1.875
VFLM 5397,2,26,0,4,4,3.25
VFLM 5397,3,18,0,4,4,2.25
VFLM 5397,4,23,1,3,5,2.875
VFLM 5397,5,20,0,6,2,2.5
VFLM 5397,6,26,0,4,4,3.25
VFLM 5397,7,18,0,2,6,2.25
VFLM 5397,8,23,1,3,5,2.875
VFLM 5397,9,20,0,6,2,2.5
VFLM 5397,10,26,0,4,4,3.25
VFLM 5397,11,18,0,4,4,2.25
VFLM 5397,12,22,0,4,4,2.75
VFLM 5397,13,24,0,6,2,3.0
VFLM 5397,14,17,1,5,3,2.125
VFLM 5397,15,22,0,6,2,2.75
VFLM 5397,16,20,0,6,2,2.5
VFLM 5397,17,17,1,5,3,2.125
VFLM 5397,18,19,1,5,3,2.375
VFLM 5397,19,16,0,4,4,2.0
VFLM 5397,20,16,0,2,6,2.0
VFLM 5397,21,20,0,4,4,2.5
VFLM 5397,22,19,1,1,7,2.375
VFLM 5397,23,17,1,5,3,2.125
VFLM 5397,24,25,1,3,5,3.125
VFLM 5397,25,26,0,2,6,3.25
VFLM 5397,26,20,0,4,4,2.5
VFLM 5397,27,21,1,3,5,2.625
VFLM 5397,28,16,0,4,4,2.0
VFLM 5397,29,18,0,4,4,2.25
VFLM 5397,30,20,0,6,2,2.5
VFLM 5398,1,19,1,5,3,2.375
VFLM 5398,2,23,1,3,5,2.875
VFLM 5398,3,18,0,4,4,2.25
VFLM 5398,4,21,1,3,5,2.625
VFLM 5398,5,22,0,4,4,2.75
VFLM 5398,6,15,1,5,3,1.875
VFLM 5398,7,23,1,5,3,2.875
VFLM 5398,8,15,1,3,5,1.875
VFLM 5398,9,23,1,3,5,2.875
VFLM 5398,10,25,1,5,3,3.125
VFLM 5398,11,22,0,2,6,2.75
VFLM 5398,12,23,1,1,7,2.875
VFLM 5398,13,26,0,4,4,3.25
VFLM 5398,14,19,1,3,5,2.375
VFLM 5398,15,19,1,3,5,2.375
VFLM 5398,16,26,0,6,2,3.25
VFLM 5398,17,22,0,4,4,2.75
VFLM 5398,18,20,0,6,2,2.5
VFLM 5398,19,18,0,4,4,2.25
VFLM 5398,20,13,1,1,7,1.625
VFLM 5398,21,19,1,3,5,2.375
VFLM 5398,22,20,0,2,6,2.5
VFLM 5398,23,21,1,5,3,2.625
VFLM 5398,24,19,1,5,3,2.375
VFLM 5398,25,25,1,5,3,3.125
VFLM 5398,26,21,1,1,7,2.625
VFLM 5398,27,22,0,6,2,2.75
VFLM 5398,28,23,1,3,5,2.875
VFLM 5398,29,24,0,2,6,3.0
VFLM 5398,30,17,1,7,1,2.125
VFLM 5399,1,20,0,6,2,2.5
VFLM 5399,2,14,0,4,4,1.75
VFLM 5399,3,20,0,4,4,2.5
VFLM 5399,4,18,0,4,4,2.25
VFLM 5399,5,16,0,2,6,2.0
VFLM 5399,6,30,0,4,4,3.75
VFLM 5399,7,21,1,7,1,2.625
VFLM 5399,8,26,0,4,4,3.25
VFLM 5399,9,23,1,5,3,2.875
VFLM 5399,10,21,1,5,3,2.625
VFLM 5399,11,30,0,4,4,3.75
VFLM 5399,12,17,1,5,3,2.125
VFLM 5399,13,20,0,2,6,2.5
VFLM 5399,14,27,1,3,5,3.375
VFLM 5399,15,25,1,1,7,3.125
VFLM 5399,16,21,1,3,5,2.625
VFLM 5399,17,20,0,6,2,2.5
VFLM 5399,18,23,1,3,5,2.875
VFLM 5399,19,9,1,3,5,1.125
VFLM 5399,20,29,1,3,5,3.625
VFLM 5399,21,19,1,5,3,2.375
VFLM 5399,22,24,0,2,6,3.0
VFLM 5399,23,19,1,3,5,2.375
VFLM 5399,24,18,0,4,4,2.25
VFLM 5399,25,18,0,6,2,2.25
VFLM 5399,26,13,1,5,3,1.625
VFLM 5399,27,16,0,2,6,2.0
VFLM 5399,28,19,1,3,5,2.375
VFLM 5399,29,16,0,4,4,2.0
VFLM 5399,30,25,1,5,3,3.125
VFLM 5400,1,14,0,4,4,1.75
VFLM 5400,2,19,1,5,3,2.375
VFLM 5400,3,25,1,5,3,3.125
VFLM 5400,4,16,0,4,4,2.0
VFLM 5400,5,13,1,3,5,1.625
VFLM 5400,6,28,0,6,2,3.5
VFLM 5400,7,23,1,3,5,2.875
VFLM 5400,8,25,1,5,3,3.125
VFLM 5400,9,19,1,7,1,2.375
VFLM 5400,10,29,1,5,3,3.625
VFLM 5400,11,13,1,3,5,1.625
VFLM 5400,12,18,0,2,6,2.25
VFLM 5400,13,24,0,4,4,3.0
VFLM 5400,14,25,1,5,3,3.125
VFLM 5400,15,12,0,4,4,1.5
VFLM 5400,16,18,0,6,2,2.25
VFLM 5400,17,23,1,5,3,2.875
VFLM 5400,18,20,0,4,4,2.5
VFLM 5400,19,17,1,7,1,2.125
VFLM 5400,20,23,1,5,3,2.875
VFLM 5400,21,13,1,3,5,1.625
VFLM 5400,22,15,1,5,3,1.875
VFLM 5400,23,19,1,3,5,2.375
VFLM 5400,24,22,0,4,4,2.75
VFLM 5400,25,24,0,6,2,3.0
VFLM 5400,26,24,0,6,2,3.0
VFLM 5400,27,25,1,3,5,3.125
VFLM 5400,28,24,0,2,6,3.0
VFLM 5400,29,20,0,4,4,2.5
VFLM 5400,30,21,1,3,5,2.625
VFLM 5401,1,16,0,2,6,2.0
VFLM 5401,2,18,0,2,6,2.25
VFLM 5401,3,22,0,2,6,2.75
VFLM 5401,4,16,0,2,6,2.0
VFLM 5401,5,23,1,3,5,2.875
VFLM 5401,6,23,1,5,3,2.875
VFLM 5401,7,16,0,2,6,2.0
VFLM 5401,8,26,0,6,2,3.25
VFLM 5401,9,28,0,4,4,3.5
VFLM 5401,10,26,0,6,2,3.25
VFLM 5401,11,17,1,7,1,2.125
VFLM 5401,12,12,0,8,0,1.5
VFLM 5401,13,25,1,5,3,3.125
VFLM 5401,14,25,1,3,5,3.125
VFLM 5401,15,20,0,4,4,2.5
VFLM 5401,16,22,0,6,2,2.75
VFLM 5401,17,13,1,3,5,1.625
VFLM 5401,18,23,1,5,3,2.875
VFLM 5401,19,17,1,5,3,2.125
VFLM 5401,20,19,1,5,3,2.375
VFLM 5401,21,21,1,3,5,2.625
VFLM 5401,22,21,1,5,3,2.625
VFLM 5401,23,27,1,5,3,3.375
VFLM 5401,24,17,1,5,3,2.125
VFLM 5401,25,19,1,3,5,2.375
VFLM 5401,26,19,1,5,3,2.375
VFLM 5401,27,24,0,2,6,3.0
VFLM 5401,28,11,1,5,3,1.375
VFLM 5401,29,25,1,3,5,3.125
VFLM 5401,30,24,0,4,4,3.0
VFLM 5402,1,21,1,5,3,2.625
VFLM 5402,2,27,1,3,5,3.375
VFLM 5402,3,21,1,5,3,2.625
VFLM 5402,4,17,1,5,3,2.125
VFLM 5402,5,18,0,2,6,2.25
VFLM 5402,6,19,1,5,3,2.375
VFLM 5402,7,23,1,5,3,2.875
VFLM 5402,8,22,0,6,2,2.75
VFLM 5402,9,30,0,4,4,3.75
VFLM 5402,10,21,1,5,3,2.625
VFLM 5402,11,24,0,4,4,3.0
VFLM 5402,12,18,0,4,4,2.25
VFLM 5402,13,16,0,4,4,2.0
VFLM 5402,14,18,0,6,2,2.25
VFLM 5402,15,10,0,4,4,1.25
VFLM 5402,16,22,0,6,2,2.75
VFLM 5402,17,22,0,4,4,2.75
VFLM 5402,18,23,1,5,3,2.875
VFLM 5402,19,23,1,3,5,2.875
VFLM 5402,20,22,0,2,6,2.75
VFLM 5402,21,18,0,4,4,2.25
VFLM 5402,22,19,1,5,3,2.375
VFLM 5402,23,18,0,2,6,2.25
VFLM 5402,24,24,0,4,4,3.0
VFLM 5402,25,17,1,5,3,2.125
VFLM 5402,26,23,1,3,5,2.875
VFLM 5402,27,22,0,6,2,2.75
VFLM 5402,28,28,0,2,6,3.5
VFLM 5402,29,25,1,1,7,3.125
VFLM 5402,30,23,1,5,3,2.875
VFLM 5403,1,17,1,3,5,2.125
VFLM 5403,2,18,0,4,4,2.25
VFLM 5403,3,24,0,2,6,3.0
VFLM 5403,4,22,0,4,4,2.75
VFLM 5403,5,20,0,6,2,2.5
VFLM 5403,6,20,0,4,4,2.5
VFLM 5403,7,30,0,4,4,3.75
VFLM 5403,8,17,1,5,3,2.125
VFLM 5403,9,19,1,5,3,2.375
VFLM 5403,10,20,0,4,4,2.5
VFLM 5403,11,13,1,3,5,1.625
VFLM 5403,12,26,0,4,4,3.25
VFLM 5403,13,21,1,5,3,2.625
VFLM 5403,14,23,1,1,7,2.875
VFLM 5403,15,19,1,3,5,2.375
VFLM 5403,16,19,1,5,3,2.375
VFLM 5403,17,20,0,4,4,2.5
VFLM 5403,18,20,0,4,4,2.5
VFLM 5403,19,15,1,1,7,1.875
VFLM 5403,20,28,0,4,4,3.5
VFLM 5403,21,19,1,3,5,2.375
VFLM 5403,22,21,1,5,3,2.625
VFLM 5403,23,22,0,4,4,2.75
VFLM 5403,24,16,0,2,6,2.0
VFLM 5403,25,18,0,4,4,2.25
VFLM 5403,26,16,0,0,8,2.0
VFLM 5403,27,16,0,4,4,2.0
VFLM 5403,28,24,0,6,2,3.0
VFLM 5403,29,0,0,0,8,0.0
VFLM 5403,30,23,1,5,3,2.875
VFLM 5404,1,15,1,5,3,1.875
VFLM 5404,2,15,1,5,3,1.875
VFLM 5404,3,26,0,4,4,3.25
VFLM 5404,4,22,0,4,4,2.75
VFLM 5404,5,24,0,4,4,3.0
VFLM 5404,6,16,0,2,6,2.0
VFLM 5404,7,16,0,6,2,2.0
VFLM 5404,8,21,1,3,5,2.625
VFLM 5404,9,18,0,6,2,2.25
VFLM 5404,10,19,1,5,3,2.375
VFLM 5404,11,26,0,4,4,3.25
VFLM 5404,12,18,0,4,4,2.25
VFLM 5404,13,16,0,4,4,2.0
VFLM 5404,14,20,0,6,2,2.5
VFLM 5404,15,18,0,2,6,2.25
VFLM 5404,16,20,0,6,2,2.5
VFLM 5404,17,14,0,2,6,1.75
VFLM 5404,18,11,1,3,5,1.375
VFLM 5404,19,16,0,4,4,2.0
VFLM 5404,20,18,0,4,4,2.25
VFLM 5404,21,27,1,5,3,3.375
VFLM 5404,22,21,1,5,3,2.625
VFLM 5404,23,28,0,4,4,3.5
VFLM 5404,24,22,0,4,4,2.75
VFLM 5404,25,15,1,3,5,1.875
VFLM 5404,26,20,0,4,4,2.5
VFLM 5404,27,19,1,5,3,2.375
VFLM 5404,28,22,0,4,4,2.75
VFLM 5404,29,27,1,3,5,3.375
VFLM 5404,30,25,1,3,5,3.125
