
--- 2026-06-06T13:10:04.713268 ---
🚨 VFL CONDITIONAL LOCKS | Matchday 10 🚨

⚔️ **Leeds** vs **Fulham**
   ↳ 🥇 **[CONFLUENCE LOCK] Under 3.5**  •  Macro: 91.9% | Micro: 92.3%

⚔️ **Chelsea** vs **Crystal Palace**
   ↳ 🥇 **[CONFLUENCE LOCK] Over 1.5**  •  Macro: 83.5% | Micro: 86.8%

⚔️ **Everton** vs **Newcastle**
   ↳ 🥇 **[CONFLUENCE LOCK] Under 3.5**  •  Macro: 81.9% | Micro: 87.0%


--- 2026-06-06T13:13:07.557118 ---
🟢 VFL CONFLUENCE LOCKS | STABLE RNG DETECTED 🟢
Matchday 11 🚨

⚔️ **London Guns** vs **Everton**
   ⚠️ **[CHAOS TRAP WARNING]** Do not bet heavily. MSport RNG Target: Macro Trap (T3 vs T2)
   ↳ 🥉 **[MACRO LOCK] Under 3.5**  •  87.3%

⚔️ **Manchester Blue** vs **West Ham**
   ↳ 🥉 **[MACRO LOCK] Over 1.5**  •  87.1%
   ↳ 🥉 **[MACRO LOCK] Home Win (1)**  •  87.1%

⚔️ **Fulham** vs **Newcastle**
   ↳ 🥇 **[CONFLUENCE LOCK] Under 3.5**  •  Macro: 85.0% | Micro: 88.9%

⚔️ **Manchester Red** vs **Aston Villa**
   ⚠️ **[CHAOS TRAP WARNING]** Do not bet heavily. MSport RNG Target: Micro Trap (B vs A)
   ↳ 🥇 **[CONFLUENCE LOCK] Under 3.5**  •  Macro: 83.2% | Micro: 89.3%

⚔️ **Liverpool** vs **Leeds**
   ↳ 🥇 **[CONFLUENCE LOCK] Under 3.5**  •  Macro: 82.7% | Micro: 82.8%


--- 2026-06-06T13:17:08.139952 ---
🟢 VFL CONFLUENCE LOCKS | STABLE RNG DETECTED 🟢
Matchday 12 🚨

⚔️ **West Ham** vs **London Guns**
   ↳ 🥉 **[MACRO LOCK] Over 1.5**  •  86.7%

⚔️ **Chelsea** vs **Manchester Blue**
   ↳ 🥉 **[MACRO LOCK] Over 1.5**  •  88.7%

⚔️ **Aston Villa** vs **Bournemouth**
   ↳ 🥇 **[CONFLUENCE LOCK] Under 3.5**  •  Macro: 84.7% | Micro: 93.8%

⚔️ **Leeds** vs **Manchester Red**
   ↳ 🥉 **[MACRO LOCK] Under 3.5**  •  86.7%

⚔️ **Wolverhampton** vs **Crystal Palace**
   ↳ 🥇 **[CONFLUENCE LOCK] Over 1.5**  •  Macro: 85.4% | Micro: 88.0%

⚔️ **Everton** vs **Fulham**
   ↳ 🥇 **[CONFLUENCE LOCK] Under 3.5**  •  Macro: 90.0% | Micro: 88.9%


--- 2026-06-06T13:21:04.039420 ---
🟢 VFL CONFLUENCE LOCKS | STABLE RNG DETECTED 🟢
Matchday 13 🚨

⚔️ **Bournemouth** vs **Leeds**
   ↳ 🥇 **[CONFLUENCE LOCK] Under 3.5**  •  Macro: 87.3% | Micro: 83.9%

⚔️ **London Guns** vs **Chelsea**
   ↳ 🥈 **[MICRO LOCK] Under 3.5**  •  89.3%

⚔️ **Crystal Palace** vs **Aston Villa**
   ↳ 🥇 **[CONFLUENCE LOCK] Under 3.5**  •  Macro: 80.4% | Micro: 87.5%


--- 2026-06-06T13:24:09.121718 ---
🟢 VFL CONFLUENCE LOCKS | STABLE RNG DETECTED 🟢
Matchday 14 🚨

⚔️ **Aston Villa** vs **Brighton**
   ⚠️ **[CHAOS TRAP WARNING]** Do not bet heavily. MSport RNG Target: Macro Trap (T1 vs T3)
   ↳ 🥇 **[CONFLUENCE LOCK] Under 3.5**  •  Macro: 82.6% | Micro: 80.0%
   ↳ 🥈 **[MICRO LOCK] Over 1.5**  •  86.7%

⚔️ **Leeds** vs **Crystal Palace**
   ↳ 🥇 **[CONFLUENCE LOCK] Under 3.5**  •  Macro: 89.1% | Micro: 95.5%

⚔️ **Everton** vs **Liverpool**
   ↳ 🥉 **[MACRO LOCK] Under 3.5**  •  86.0%

⚔️ **Chelsea** vs **West Ham**
   ↳ 🥉 **[MACRO LOCK] Over 1.5**  •  86.4%

⚔️ **Wolverhampton** vs **Manchester Blue**
   ↳ 🥇 **[CONFLUENCE LOCK] Over 1.5**  •  Macro: 80.0% | Micro: 83.3%


--- 2026-06-06T13:28:08.344650 ---
🟢 VFL CONFLUENCE LOCKS | STABLE RNG DETECTED 🟢
Matchday 15 🚨

⚔️ **Brighton** vs **Leeds**
   ↳ 🥇 **[CONFLUENCE LOCK] Under 3.5**  •  Macro: 86.3% | Micro: 85.0%

⚔️ **Chelsea** vs **Everton**
   ⚠️ **[CHAOS TRAP WARNING]** Do not bet heavily. MSport RNG Target: Macro Trap (T1 vs T3)
   ↳ 🥇 **[CONFLUENCE LOCK] Under 3.5**  •  Macro: 81.1% | Micro: 91.7%

⚔️ **Bournemouth** vs **Fulham**
   ↳ 🥇 **[CONFLUENCE LOCK] Under 3.5**  •  Macro: 87.1% | Micro: 85.7%

⚔️ **London Guns** vs **Wolverhampton**
   ⚠️ **[CHAOS TRAP WARNING]** Do not bet heavily. MSport RNG Target: Macro Trap (T3 vs T2)
   ↳ 🥉 **[MACRO LOCK] Over 1.5**  •  88.0%


--- 2026-06-06T13:32:04.912864 ---
🟢 VFL CONFLUENCE LOCKS | STABLE RNG DETECTED 🟢
Matchday 16 🚨

⚔️ **West Ham** vs **Wolverhampton**
   ↳ 🥉 **[MACRO LOCK] Over 1.5**  •  86.2%

⚔️ **Manchester Blue** vs **Leeds**
   ↳ 🥈 **[MICRO LOCK] Under 3.5**  •  88.2%

⚔️ **Crystal Palace** vs **Fulham**
   ↳ 🥇 **[CONFLUENCE LOCK] Under 3.5**  •  Macro: 84.1% | Micro: 95.5%

⚔️ **Everton** vs **Manchester Red**
   ↳ 🥇 **[CONFLUENCE LOCK] Under 3.5**  •  Macro: 84.0% | Micro: 80.0%


--- 2026-06-06T13:35:08.303126 ---
🟢 VFL CONFLUENCE LOCKS | STABLE RNG DETECTED 🟢
Matchday 17 🚨

⚔️ **Fulham** vs **Brighton**
   ⚠️ **[CHAOS TRAP WARNING]** Do not bet heavily. MSport RNG Target: Macro Trap (T3 vs T2)
   ↳ 🥇 **[CONFLUENCE LOCK] Under 3.5**  •  Macro: 88.2% | Micro: 92.9%

⚔️ **Manchester Red** vs **Bournemouth**
   ↳ 🥈 **[MICRO LOCK] Home Win (1)**  •  86.4%

⚔️ **Wolverhampton** vs **Chelsea**
   ⚠️ **[CHAOS TRAP WARNING]** Do not bet heavily. MSport RNG Target: Macro Trap (T2 vs T1)
   ↳ 🥇 **[CONFLUENCE LOCK] Over 1.5**  •  Macro: 88.2% | Micro: 86.2%


--- 2026-06-06T13:53:09.128845 ---
🟢 VFL CONFLUENCE LOCKS | STABLE RNG DETECTED 🟢
Matchday 21 🚨

⚔️ **Aston Villa** vs **Everton**
   ⚠️ **[CHAOS TRAP WARNING]** Do not bet heavily. MSport RNG Target: Macro Trap (T1 vs T3)
   ↳ 🛡️ **[95%+ COMPOUND LOCK] Under 3.5**  •  100.0%


--- 2026-06-06T13:54:05.371484 ---
🟢 VFL CONFLUENCE LOCKS | STABLE RNG DETECTED 🟢
Matchday 22 🚨

⚔️ **Tottenham** vs **Fulham**
   ↳ 🛡️ **[95%+ COMPOUND LOCK] Under 3.5**  •  95.0%

⚔️ **Aston Villa** vs **Leeds**
   ↳ 🛡️ **[95%+ COMPOUND LOCK] Under 3.5**  •  96.6%


--- 2026-06-06T13:57:08.787589 ---
🟢 VFL CONFLUENCE LOCKS | STABLE RNG DETECTED 🟢
Matchday 23 🚨

⚔️ **Leeds** vs **Everton**
   ↳ 🛡️ **[95%+ COMPOUND LOCK] Under 3.5**  •  100.0%


--- 2026-06-06T14:01:10.523663 ---
🟢 VFL CONFLUENCE LOCKS | STABLE RNG DETECTED 🟢
Matchday 24 🚨

⚔️ **Everton** vs **Manchester Blue**
   ⚠️ **[CHAOS TRAP WARNING]** Do not bet heavily. MSport RNG Target: Macro Trap (T3 vs T2)
   ↳ 🎯 **[HIGH ODDS TRAP] Under 2.5**  •  90.9%
   ↳ 🛡️ **[95%+ COMPOUND LOCK] Under 3.5**  •  100.0%

⚔️ **Leeds** vs **Newcastle**
   ↳ 🛡️ **[95%+ COMPOUND LOCK] Under 3.5**  •  95.5%


--- 2026-06-06T14:12:10.715639 ---
🟢 VFL CONFLUENCE LOCKS | STABLE RNG DETECTED 🟢
Matchday 27 🚨

⚔️ **Fulham** vs **Everton**
   ↳ 🛡️ **[95%+ COMPOUND LOCK] Under 3.5**  •  97.1%


--- 2026-06-06T14:23:12.254937 ---
🟢 VFL CONFLUENCE LOCKS | STABLE RNG DETECTED 🟢
Matchday 30 🚨

⚔️ **Wolverhampton** vs **London Guns**
   ⚠️ **[CHAOS TRAP WARNING]** Do not bet heavily. MSport RNG Target: Macro Trap (T3 vs T2)
   ↳ 🛡️ **[95%+ COMPOUND LOCK] Over 1.5**  •  100.0%

⚔️ **Leeds** vs **Brighton**
   ↳ 🎯 **[HIGH ODDS TRAP] Under 2.5**  •  92.3%
   ↳ 🛡️ **[95%+ COMPOUND LOCK] Under 3.5**  •  100.0%


--- 2026-06-06T14:36:02.320796 ---
🟢 VFL CONFLUENCE LOCKS | STABLE RNG DETECTED 🟢
Matchday 3 🚨

⚔️ **Everton** vs **Tottenham**
   ↳ 🎯 **[HIGH ODDS TRAP] Under 2.5**  •  93.3%


--- 2026-06-06T14:47:06.702301 ---
🟢 VFL CONFLUENCE LOCKS | STABLE RNG DETECTED 🟢
Matchday 6 🚨

⚔️ **Aston Villa** vs **Brighton**
   ↳ 🛡️ **[95%+ COMPOUND LOCK] Under 3.5**  •  100.0%


--- 2026-06-06T14:54:06.925693 ---
🟢 VFL CONFLUENCE LOCKS | STABLE RNG DETECTED 🟢
Matchday 8 🚨

⚔️ **Newcastle** vs **Everton**
   ⚠️ **[CHAOS TRAP WARNING]** Do not bet heavily. MSport RNG Target: Macro Trap (T3 vs T2)
   ↳ 🎯 **[HIGH ODDS TRAP] Under 2.5**  •  100.0%
   ↳ 🛡️ **[95%+ COMPOUND LOCK] Under 3.5**  •  100.0%


--- 2026-06-06T15:13:04.757075 ---
🟢 VFL CONFLUENCE LOCKS | STABLE RNG DETECTED 🟢
Matchday 13 🚨

⚔️ **Leeds** vs **Everton**
   ⚠️ **[CHAOS TRAP WARNING]** Do not bet heavily. MSport RNG Target: Macro Trap (T3 vs T2)
   ↳ 🛡️ **[95%+ COMPOUND LOCK] Under 3.5**  •  100.0%


--- 2026-06-06T15:27:08.969374 ---
🟢 VFL CONFLUENCE LOCKS | STABLE RNG DETECTED 🟢
Matchday 17 🚨

⚔️ **Everton** vs **Aston Villa**
   ⚠️ **[CHAOS TRAP WARNING]** Do not bet heavily. MSport RNG Target: Macro Trap (T2 vs T1)
   ↳ 🛡️ **[95%+ COMPOUND LOCK] Under 3.5**  •  100.0%


--- 2026-06-06T15:31:08.510691 ---
🟢 VFL CONFLUENCE LOCKS | STABLE RNG DETECTED 🟢
Matchday 18 🚨

⚔️ **Aston Villa** vs **Manchester Red**
   ↳ 🛡️ **[95%+ COMPOUND LOCK] Under 3.5**  •  100.0%


--- 2026-06-06T15:38:08.763467 ---
🟢 VFL CONFLUENCE LOCKS | STABLE RNG DETECTED 🟢
Matchday 20 🚨

⚔️ **Aston Villa** vs **Leeds**
   ⚠️ **[CHAOS TRAP WARNING]** Do not bet heavily. MSport RNG Target: Macro Trap (T1 vs T3)
   ↳ 🛡️ **[95%+ COMPOUND LOCK] Under 3.5**  •  100.0%

⚔️ **Fulham** vs **London Guns**
   ↳ 🛡️ **[95%+ COMPOUND LOCK] Under 3.5**  •  96.4%


--- 2026-06-06T15:56:09.260834 ---
🟢 VFL CONFLUENCE LOCKS | STABLE RNG DETECTED 🟢
Matchday 24 🚨

⚔️ **Bournemouth** vs **Leeds**
   ↳ 🛡️ **[95%+ COMPOUND LOCK] Under 3.5**  •  95.2%


--- 2026-06-06T15:57:06.295252 ---
🟢 VFL CONFLUENCE LOCKS | STABLE RNG DETECTED 🟢
Matchday 25 🚨

⚔️ **Crystal Palace** vs **West Ham**
   ↳ 🛡️ **[95%+ COMPOUND LOCK] Over 1.5**  •  100.0%


--- 2026-06-06T16:04:10.405016 ---
🟢 VFL CONFLUENCE LOCKS | STABLE RNG DETECTED 🟢
Matchday 27 🚨

⚔️ **Brighton** vs **Newcastle**
   ↳ 🛡️ **[95%+ COMPOUND LOCK] Over 1.5**  •  95.5%


--- 2026-06-06T16:08:06.947195 ---
🟢 VFL CONFLUENCE LOCKS | STABLE RNG DETECTED 🟢
Matchday 28 🚨

⚔️ **Fulham** vs **West Ham**
   ⚠️ **[CHAOS TRAP WARNING]** Do not bet heavily. MSport RNG Target: Specific Team Chaos
   ↳ 🛡️ **[95%+ COMPOUND LOCK] Under 3.5**  •  100.0%

⚔️ **Manchester Blue** vs **Brighton**
   ↳ 🎯 **[HIGH ODDS TRAP] 1X2 Home Win**  •  92.9%
   ↳ 🛡️ **[95%+ COMPOUND LOCK] Over 1.5**  •  100.0%


--- 2026-06-06T16:28:03.141396 ---
🟢 VFL CONFLUENCE LOCKS | STABLE RNG DETECTED 🟢
Matchday 3 🚨

⚔️ **West Ham** vs **Wolverhampton**
   ↳ 🛡️ **[95%+ COMPOUND LOCK] Over 1.5**  •  100.0%


--- 2026-06-06T16:39:07.053423 ---
🟢 VFL CONFLUENCE LOCKS | STABLE RNG DETECTED 🟢
Matchday 6 🚨

⚔️ **Manchester Red** vs **Everton**
   ↳ 🎯 **[HIGH ODDS TRAP] 1X2 Home Win**  •  85.7%
   ↳ 🛡️ **[95%+ COMPOUND LOCK] Under 3.5**  •  95.2%


--- 2026-06-06T16:43:03.361676 ---
🟢 VFL CONFLUENCE LOCKS | STABLE RNG DETECTED 🟢
Matchday 7 🚨

⚔️ **Everton** vs **Chelsea**
   ⚠️ **[CHAOS TRAP WARNING]** Do not bet heavily. MSport RNG Target: Macro Trap (T3 vs T2)
   ↳ 🛡️ **[95%+ COMPOUND LOCK] Under 3.5**  •  100.0%


--- 2026-06-06T16:46:06.729720 ---
🟢 VFL CONFLUENCE LOCKS | STABLE RNG DETECTED 🟢
Matchday 8 🚨

⚔️ **Manchester Blue** vs **Wolverhampton**
   ⚠️ **[CHAOS TRAP WARNING]** Do not bet heavily. MSport RNG Target: Macro Trap (T1 vs T3)
   ↳ 🛡️ **[95%+ COMPOUND LOCK] Over 1.5**  •  97.1%


--- 2026-06-06T16:53:07.248371 ---
🟢 VFL CONFLUENCE LOCKS | STABLE RNG DETECTED 🟢
Matchday 9 🚨

⚔️ **Wolverhampton** vs **Manchester Red**
   ⚠️ **[CHAOS TRAP WARNING]** Do not bet heavily. MSport RNG Target: Macro Trap (T3 vs T2)
   ↳ 🛡️ **[95%+ COMPOUND LOCK] Over 1.5**  •  100.0%

⚔️ **Crystal Palace** vs **Fulham**
   ↳ 🛡️ **[95%+ COMPOUND LOCK] Under 3.5**  •  95.5%


--- 2026-06-06T17:12:09.353250 ---
🟢 VFL CONFLUENCE LOCKS | STABLE RNG DETECTED 🟢
Matchday 15 🚨

⚔️ **Manchester Red** vs **Bournemouth**
   ↳ 🎯 **[HIGH ODDS TRAP] 1X2 Home Win**  •  86.4%


--- 2026-06-06T17:16:05.032602 ---
🟢 VFL CONFLUENCE LOCKS | STABLE RNG DETECTED 🟢
Matchday 16 🚨

⚔️ **Aston Villa** vs **Everton**
   ↳ 🎯 **[HIGH ODDS TRAP] Under 2.5**  •  90.0%
   ↳ 🛡️ **[95%+ COMPOUND LOCK] Under 3.5**  •  100.0%


--- 2026-06-06T17:23:09.075251 ---
🟢 VFL CONFLUENCE LOCKS | STABLE RNG DETECTED 🟢
Matchday 18 🚨

⚔️ **Liverpool** vs **Bournemouth**
   ↳ 🛡️ **[95%+ COMPOUND LOCK] Over 1.5**  •  100.0%

⚔️ **Aston Villa** vs **Brighton**
   ↳ 🎯 **[HIGH ODDS TRAP] Under 2.5**  •  93.3%


--- 2026-06-06T17:37:08.765259 ---
🟢 VFL CONFLUENCE LOCKS | STABLE RNG DETECTED 🟢
Matchday 21 🚨

⚔️ **Leeds** vs **Aston Villa**
   ↳ 🛡️ **[95%+ COMPOUND LOCK] Under 3.5**  •  97.0%


--- 2026-06-06T17:49:05.596579 ---
🟢 VFL CONFLUENCE LOCKS | STABLE RNG DETECTED 🟢
Matchday 25 🚨

⚔️ **Wolverhampton** vs **Chelsea**
   ⚠️ **[CHAOS TRAP WARNING]** Do not bet heavily. MSport RNG Target: Macro Trap (T3 vs T2)
   ↳ 🛡️ **[95%+ COMPOUND LOCK] Over 1.5**  •  100.0%


--- 2026-06-06T17:56:09.816065 ---
🟢 VFL CONFLUENCE LOCKS | STABLE RNG DETECTED 🟢
Matchday 27 🚨

⚔️ **Tottenham** vs **Aston Villa**
   ↳ 🛡️ **[95%+ COMPOUND LOCK] Under 3.5**  •  100.0%


--- 2026-06-06T18:00:07.531760 ---
🟢 VFL CONFLUENCE LOCKS | STABLE RNG DETECTED 🟢
Matchday 28 🚨

⚔️ **Leeds** vs **Newcastle**
   ↳ 🛡️ **[95%+ COMPOUND LOCK] Under 3.5**  •  95.2%


--- 2026-06-06T18:10:11.116492 ---
🟢 VFL CONFLUENCE LOCKS | STABLE RNG DETECTED 🟢
Matchday 1 🚨

⚔️ **Liverpool** vs **West Ham**
   ⚠️ **[CHAOS TRAP WARNING]** Do not bet heavily. MSport RNG Target: Macro Trap (T1 vs T3)
   ↳ 🛡️ **[95%+ COMPOUND LOCK] Over 1.5**  •  95.7%


--- 2026-06-06T18:21:02.739239 ---
🟢 VFL CONFLUENCE LOCKS | STABLE RNG DETECTED 🟢
Matchday 3 🚨

⚔️ **Liverpool** vs **Leeds**
   ↳ 🔮 **EXACT SCORE PREDICTION: 2-0**
   ↳ 🎯 **[HIGH ODDS TRAP] 1X2 Home Win**  •  100.0%
   ↳ 🎯 **[HIGH ODDS TRAP] Under 2.5**  •  100.0%
   ↳ 🛡️ **[95%+ COMPOUND LOCK] Under 3.5**  •  100.0%
   ↳ 🛡️ **[95%+ COMPOUND LOCK] Over 1.5**  •  98.7%

⚔️ **Brighton** vs **Manchester Blue**
   ⚠️ **[CHAOS TRAP WARNING]** Do not bet heavily. MSport RNG Target: Macro Trap (T2 vs T1)
   ↳ 🔮 **EXACT SCORE PREDICTION: 0-3**
   ↳ 🎯 **[HIGH ODDS TRAP] Over 2.5**  •  100.0%
   ↳ 🛡️ **[95%+ COMPOUND LOCK] Under 3.5**  •  100.0%
   ↳ 🛡️ **[95%+ COMPOUND LOCK] Over 1.5**  •  100.0%

⚔️ **Tottenham** vs **Aston Villa**
   ↳ 🔮 **EXACT SCORE PREDICTION: 1-1**
   ↳ 🎯 **[HIGH ODDS TRAP] Under 2.5**  •  100.0%
   ↳ 🛡️ **[95%+ COMPOUND LOCK] Under 3.5**  •  100.0%
   ↳ 🛡️ **[95%+ COMPOUND LOCK] Over 1.5**  •  100.0%

⚔️ **Chelsea** vs **Newcastle**
   ↳ 🔮 **EXACT SCORE PREDICTION: 2-0**
   ↳ 🎯 **[HIGH ODDS TRAP] 1X2 Home Win**  •  100.0%
   ↳ 🎯 **[HIGH ODDS TRAP] Under 2.5**  •  100.0%
   ↳ 🛡️ **[95%+ COMPOUND LOCK] Under 3.5**  •  100.0%

⚔️ **Bournemouth** vs **West Ham**
   ↳ 🔮 **EXACT SCORE PREDICTION: 1-0**
   ↳ 🎯 **[HIGH ODDS TRAP] 1X2 Home Win**  •  98.4%
   ↳ 🎯 **[HIGH ODDS TRAP] Under 2.5**  •  100.0%
   ↳ 🛡️ **[95%+ COMPOUND LOCK] Under 3.5**  •  100.0%


--- 2026-06-06T18:24:11.762749 ---
🟢 VFL CONFLUENCE LOCKS | STABLE RNG DETECTED 🟢
Matchday 4 🚨

⚔️ **West Ham** vs **Tottenham**
   ↳ 🔮 **EXACT SCORE PREDICTION: 0-0**
   ↳ 🎯 **[HIGH ODDS TRAP] Under 2.5**  •  100.0%
   ↳ 🛡️ **[95%+ COMPOUND LOCK] Under 3.5**  •  100.0%

⚔️ **Newcastle** vs **Brighton**
   ↳ 🔮 **EXACT SCORE PREDICTION: 2-0**
   ↳ 🎯 **[HIGH ODDS TRAP] 1X2 Home Win**  •  100.0%
   ↳ 🎯 **[HIGH ODDS TRAP] Under 2.5**  •  100.0%
   ↳ 🛡️ **[95%+ COMPOUND LOCK] Under 3.5**  •  100.0%
   ↳ 🛡️ **[95%+ COMPOUND LOCK] Over 1.5**  •  100.0%

⚔️ **Manchester Blue** vs **Crystal Palace**
   ⚠️ **[CHAOS TRAP WARNING]** Do not bet heavily. MSport RNG Target: Macro Trap (T1 vs T3)
   ↳ 🔮 **EXACT SCORE PREDICTION: 2-1**
   ↳ 🎯 **[HIGH ODDS TRAP] 1X2 Home Win**  •  100.0%
   ↳ 🎯 **[HIGH ODDS TRAP] Over 2.5**  •  100.0%
   ↳ 🛡️ **[95%+ COMPOUND LOCK] Under 3.5**  •  100.0%
   ↳ 🛡️ **[95%+ COMPOUND LOCK] Over 1.5**  •  100.0%

⚔️ **London Guns** vs **Liverpool**
   ⚠️ **[CHAOS TRAP WARNING]** Do not bet heavily. MSport RNG Target: Macro Trap (T3 vs T2)
   ↳ 🔮 **EXACT SCORE PREDICTION: 3-0**
   ↳ 🎯 **[HIGH ODDS TRAP] 1X2 Home Win**  •  100.0%
   ↳ 🎯 **[HIGH ODDS TRAP] Over 2.5**  •  100.0%
   ↳ 🛡️ **[95%+ COMPOUND LOCK] Under 3.5**  •  100.0%
   ↳ 🛡️ **[95%+ COMPOUND LOCK] Over 1.5**  •  100.0%


--- 2026-06-06T18:35:03.471376 ---
🟢 VFL CONFLUENCE LOCKS | STABLE RNG DETECTED 🟢
Matchday 7 🚨

⚔️ **West Ham** vs **Everton**
   ↳ 🔮 **EXACT SCORE PREDICTION: 0-2**
   ↳ 🎯 **[HIGH ODDS TRAP] Under 2.5**  •  100.0%
   ↳ 🛡️ **[95%+ COMPOUND LOCK] Under 3.5**  •  100.0%
   ↳ 🛡️ **[95%+ COMPOUND LOCK] Over 1.5**  •  100.0%

⚔️ **Aston Villa** vs **Manchester Red**
   ↳ 🎯 **[HIGH ODDS TRAP] Over 2.5**  •  100.0%
   ↳ 🛡️ **[95%+ COMPOUND LOCK] Over 1.5**  •  100.0%

⚔️ **Fulham** vs **Newcastle**
   ↳ 🔮 **EXACT SCORE PREDICTION: 1-0**
   ↳ 🎯 **[HIGH ODDS TRAP] 1X2 Home Win**  •  100.0%
   ↳ 🎯 **[HIGH ODDS TRAP] Under 2.5**  •  100.0%
   ↳ 🛡️ **[95%+ COMPOUND LOCK] Under 3.5**  •  100.0%
   ↳ 🛡️ **[95%+ COMPOUND LOCK] Over 1.5**  •  100.0%

⚔️ **Wolverhampton** vs **Leeds**
   ↳ 🎯 **[HIGH ODDS TRAP] Under 2.5**  •  100.0%
   ↳ 🎯 **[HIGH ODDS TRAP] Over 2.5**  •  98.9%
   ↳ 🛡️ **[95%+ COMPOUND LOCK] Under 3.5**  •  100.0%
   ↳ 🛡️ **[95%+ COMPOUND LOCK] Over 1.5**  •  98.9%

⚔️ **Liverpool** vs **Chelsea**
   ⚠️ **[CHAOS TRAP WARNING]** Do not bet heavily. MSport RNG Target: Macro Trap (T1 vs T3)
   ↳ 🔮 **EXACT SCORE PREDICTION: 2-1**
   ↳ 🎯 **[HIGH ODDS TRAP] 1X2 Home Win**  •  100.0%
   ↳ 🎯 **[HIGH ODDS TRAP] Over 2.5**  •  100.0%
   ↳ 🛡️ **[95%+ COMPOUND LOCK] Under 3.5**  •  100.0%
   ↳ 🛡️ **[95%+ COMPOUND LOCK] Over 1.5**  •  100.0%

⚔️ **Crystal Palace** vs **Brighton**
   ↳ 🔮 **EXACT SCORE PREDICTION: 2-0**
   ↳ 🎯 **[HIGH ODDS TRAP] 1X2 Home Win**  •  100.0%
   ↳ 🎯 **[HIGH ODDS TRAP] Under 2.5**  •  100.0%
   ↳ 🛡️ **[95%+ COMPOUND LOCK] Under 3.5**  •  100.0%
   ↳ 🛡️ **[95%+ COMPOUND LOCK] Over 1.5**  •  100.0%

⚔️ **Tottenham** vs **London Guns**
   ↳ 🔮 **EXACT SCORE PREDICTION: 2-2 (or higher)**
   ↳ 🎯 **[HIGH ODDS TRAP] Over 2.5**  •  99.0%
   ↳ 🛡️ **[95%+ COMPOUND LOCK] Over 1.5**  •  100.0%


--- 2026-06-06T18:42:08.949370 ---
🟢 VFL CONFLUENCE LOCKS | STABLE RNG DETECTED 🟢
Matchday 9 🚨

⚔️ **Aston Villa** vs **London Guns**
   ↳ 🔮 **EXACT SCORE PREDICTION: 0-1**
   ↳ 🎯 **[HIGH ODDS TRAP] 1X2 Home Win**  •  100.0%
   ↳ 🎯 **[HIGH ODDS TRAP] Under 2.5**  •  100.0%
   ↳ 🛡️ **[95%+ COMPOUND LOCK] Under 3.5**  •  100.0%

⚔️ **Wolverhampton** vs **Manchester Blue**
   ↳ 🔮 **EXACT SCORE PREDICTION: 2-1**
   ↳ 🎯 **[HIGH ODDS TRAP] 1X2 Home Win**  •  99.7%
   ↳ 🎯 **[HIGH ODDS TRAP] Over 2.5**  •  100.0%
   ↳ 🛡️ **[95%+ COMPOUND LOCK] Under 3.5**  •  98.4%
   ↳ 🛡️ **[95%+ COMPOUND LOCK] Over 1.5**  •  100.0%

⚔️ **Fulham** vs **Brighton**
   ↳ 🔮 **EXACT SCORE PREDICTION: 3-0**
   ↳ 🎯 **[HIGH ODDS TRAP] 1X2 Home Win**  •  100.0%
   ↳ 🎯 **[HIGH ODDS TRAP] Over 2.5**  •  100.0%
   ↳ 🛡️ **[95%+ COMPOUND LOCK] Under 3.5**  •  100.0%
   ↳ 🛡️ **[95%+ COMPOUND LOCK] Over 1.5**  •  100.0%

⚔️ **Bournemouth** vs **Chelsea**
   ↳ 🎯 **[HIGH ODDS TRAP] Over 2.5**  •  100.0%
   ↳ 🛡️ **[95%+ COMPOUND LOCK] Over 1.5**  •  100.0%

⚔️ **Tottenham** vs **Newcastle**
   ↳ 🔮 **EXACT SCORE PREDICTION: 2-0**
   ↳ 🎯 **[HIGH ODDS TRAP] 1X2 Home Win**  •  100.0%
   ↳ 🎯 **[HIGH ODDS TRAP] Under 2.5**  •  100.0%
   ↳ 🎯 **[HIGH ODDS TRAP] Over 2.5**  •  94.4%
   ↳ 🛡️ **[95%+ COMPOUND LOCK] Under 3.5**  •  100.0%
   ↳ 🛡️ **[95%+ COMPOUND LOCK] Over 1.5**  •  100.0%

⚔️ **West Ham** vs **Leeds**
   ↳ 🎯 **[HIGH ODDS TRAP] 1X2 Home Win**  •  99.7%
   ↳ 🎯 **[HIGH ODDS TRAP] Over 2.5**  •  100.0%
   ↳ 🛡️ **[95%+ COMPOUND LOCK] Under 3.5**  •  99.7%
   ↳ 🛡️ **[95%+ COMPOUND LOCK] Over 1.5**  •  100.0%

⚔️ **Manchester Red** vs **Everton**
   ↳ 🔮 **EXACT SCORE PREDICTION: 3-0**
   ↳ 🎯 **[HIGH ODDS TRAP] 1X2 Home Win**  •  100.0%
   ↳ 🎯 **[HIGH ODDS TRAP] Over 2.5**  •  100.0%
   ↳ 🛡️ **[95%+ COMPOUND LOCK] Under 3.5**  •  100.0%
   ↳ 🛡️ **[95%+ COMPOUND LOCK] Over 1.5**  •  100.0%

⚔️ **Liverpool** vs **Crystal Palace**
   ⚠️ **[CHAOS TRAP WARNING]** Do not bet heavily. MSport RNG Target: Macro Trap (T1 vs T3)
   ↳ 🎯 **[HIGH ODDS TRAP] 1X2 Home Win**  •  100.0%
   ↳ 🎯 **[HIGH ODDS TRAP] Over 2.5**  •  100.0%
   ↳ 🛡️ **[95%+ COMPOUND LOCK] Under 3.5**  •  99.9%
   ↳ 🛡️ **[95%+ COMPOUND LOCK] Over 1.5**  •  100.0%


--- 2026-06-06T18:46:03.771045 ---
🟢 VFL CONFLUENCE LOCKS | STABLE RNG DETECTED 🟢
Matchday 10 🚨

⚔️ **Everton** vs **Liverpool**
   ↳ 🔮 **EXACT SCORE PREDICTION: 1-0**
   ↳ 🎯 **[HIGH ODDS TRAP] 1X2 Home Win**  •  100.0%
   ↳ 🎯 **[HIGH ODDS TRAP] Under 2.5**  •  100.0%
   ↳ 🛡️ **[95%+ COMPOUND LOCK] Under 3.5**  •  100.0%

⚔️ **London Guns** vs **West Ham**
   ↳ 🎯 **[HIGH ODDS TRAP] 1X2 Home Win**  •  100.0%
   ↳ 🎯 **[HIGH ODDS TRAP] Over 2.5**  •  100.0%
   ↳ 🛡️ **[95%+ COMPOUND LOCK] Over 1.5**  •  100.0%

⚔️ **Chelsea** vs **Tottenham**
   ↳ 🎯 **[HIGH ODDS TRAP] 1X2 Home Win**  •  100.0%
   ↳ 🎯 **[HIGH ODDS TRAP] Under 2.5**  •  100.0%
   ↳ 🎯 **[HIGH ODDS TRAP] Over 2.5**  •  100.0%
   ↳ 🛡️ **[95%+ COMPOUND LOCK] Under 3.5**  •  100.0%
   ↳ 🛡️ **[95%+ COMPOUND LOCK] Over 1.5**  •  100.0%

⚔️ **Brighton** vs **Bournemouth**
   ↳ 🎯 **[HIGH ODDS TRAP] 1X2 Home Win**  •  100.0%
   ↳ 🎯 **[HIGH ODDS TRAP] Over 2.5**  •  100.0%
   ↳ 🛡️ **[95%+ COMPOUND LOCK] Over 1.5**  •  100.0%

⚔️ **Leeds** vs **Manchester Red**
   ↳ 🔮 **EXACT SCORE PREDICTION: 0-1**
   ↳ 🎯 **[HIGH ODDS TRAP] 1X2 Home Win**  •  93.9%
   ↳ 🎯 **[HIGH ODDS TRAP] Under 2.5**  •  100.0%
   ↳ 🛡️ **[95%+ COMPOUND LOCK] Under 3.5**  •  100.0%

⚔️ **Manchester Blue** vs **Aston Villa**
   ↳ 🔮 **EXACT SCORE PREDICTION: 1-1**
   ↳ 🎯 **[HIGH ODDS TRAP] Under 2.5**  •  100.0%
   ↳ 🛡️ **[95%+ COMPOUND LOCK] Under 3.5**  •  100.0%
   ↳ 🛡️ **[95%+ COMPOUND LOCK] Over 1.5**  •  100.0%

⚔️ **Newcastle** vs **Wolverhampton**
   ↳ 🔮 **EXACT SCORE PREDICTION: 2-1**
   ↳ 🎯 **[HIGH ODDS TRAP] 1X2 Home Win**  •  100.0%
   ↳ 🎯 **[HIGH ODDS TRAP] Under 2.5**  •  98.7%
   ↳ 🎯 **[HIGH ODDS TRAP] Over 2.5**  •  100.0%
   ↳ 🛡️ **[95%+ COMPOUND LOCK] Under 3.5**  •  100.0%
   ↳ 🛡️ **[95%+ COMPOUND LOCK] Over 1.5**  •  100.0%

⚔️ **Crystal Palace** vs **Fulham**
   ↳ 🔮 **EXACT SCORE PREDICTION: 1-1**
   ↳ 🎯 **[HIGH ODDS TRAP] Under 2.5**  •  100.0%
   ↳ 🛡️ **[95%+ COMPOUND LOCK] Under 3.5**  •  100.0%
   ↳ 🛡️ **[95%+ COMPOUND LOCK] Over 1.5**  •  100.0%


--- 2026-06-06T18:56:08.068773 ---
🟢 VFL CONFLUENCE LOCKS | STABLE RNG DETECTED 🟢
Matchday 12 🚨

⚔️ **Chelsea** vs **Aston Villa**
   ⚠️ **[CHAOS TRAP WARNING]** Do not bet heavily. MSport RNG Target: Micro Trap (B vs A)
   ↳ 🔮 **EXACT SCORE PREDICTION: 0-0**
   ↳ 🎯 **[HIGH ODDS TRAP] Under 2.5**  •  100.0%
   ↳ 🛡️ **[95%+ COMPOUND LOCK] Under 3.5**  •  100.0%

⚔️ **Everton** vs **Fulham**
   ↳ 🔮 **EXACT SCORE PREDICTION: 1-0**
   ↳ 🎯 **[HIGH ODDS TRAP] 1X2 Home Win**  •  100.0%
   ↳ 🎯 **[HIGH ODDS TRAP] Under 2.5**  •  100.0%
   ↳ 🛡️ **[95%+ COMPOUND LOCK] Under 3.5**  •  100.0%

⚔️ **Newcastle** vs **West Ham**
   ↳ 🔮 **EXACT SCORE PREDICTION: 0-1**
   ↳ 🎯 **[HIGH ODDS TRAP] Under 2.5**  •  95.4%
   ↳ 🎯 **[HIGH ODDS TRAP] Over 2.5**  •  100.0%
   ↳ 🛡️ **[95%+ COMPOUND LOCK] Under 3.5**  •  95.4%
   ↳ 🛡️ **[95%+ COMPOUND LOCK] Over 1.5**  •  100.0%

⚔️ **London Guns** vs **Leeds**
   ↳ 🔮 **EXACT SCORE PREDICTION: 2-0**
   ↳ 🎯 **[HIGH ODDS TRAP] 1X2 Home Win**  •  100.0%
   ↳ 🎯 **[HIGH ODDS TRAP] Under 2.5**  •  100.0%
   ↳ 🛡️ **[95%+ COMPOUND LOCK] Under 3.5**  •  100.0%
   ↳ 🛡️ **[95%+ COMPOUND LOCK] Over 1.5**  •  100.0%

⚔️ **Manchester Blue** vs **Manchester Red**
   ⚠️ **[CHAOS TRAP WARNING]** Do not bet heavily. MSport RNG Target: Macro Trap (T3 vs T2)
   ↳ 🎯 **[HIGH ODDS TRAP] 1X2 Home Win**  •  100.0%
   ↳ 🎯 **[HIGH ODDS TRAP] Over 2.5**  •  100.0%
   ↳ 🛡️ **[95%+ COMPOUND LOCK] Over 1.5**  •  100.0%

⚔️ **Brighton** vs **Wolverhampton**
   ↳ 🎯 **[HIGH ODDS TRAP] 1X2 Home Win**  •  100.0%
   ↳ 🎯 **[HIGH ODDS TRAP] Over 2.5**  •  100.0%
   ↳ 🛡️ **[95%+ COMPOUND LOCK] Over 1.5**  •  100.0%

⚔️ **Crystal Palace** vs **Tottenham**
   ↳ 🎯 **[HIGH ODDS TRAP] Over 2.5**  •  100.0%
   ↳ 🛡️ **[95%+ COMPOUND LOCK] Under 3.5**  •  100.0%
   ↳ 🛡️ **[95%+ COMPOUND LOCK] Over 1.5**  •  100.0%

⚔️ **Liverpool** vs **Bournemouth**
   ⚠️ **[CHAOS TRAP WARNING]** Do not bet heavily. MSport RNG Target: Macro Trap (T1 vs T3)
   ↳ 🔮 **EXACT SCORE PREDICTION: 3-0**
   ↳ 🎯 **[HIGH ODDS TRAP] 1X2 Home Win**  •  100.0%
   ↳ 🎯 **[HIGH ODDS TRAP] Over 2.5**  •  100.0%
   ↳ 🛡️ **[95%+ COMPOUND LOCK] Under 3.5**  •  100.0%
   ↳ 🛡️ **[95%+ COMPOUND LOCK] Over 1.5**  •  100.0%


--- 2026-06-06T19:07:08.934983 ---
🟢 VFL CONFLUENCE LOCKS | STABLE RNG DETECTED 🟢
Matchday 15 🚨

⚔️ **London Guns** vs **Newcastle**
   ↳ 🔮 **EXACT SCORE PREDICTION: 1-1**
   ↳ 🎯 **[HIGH ODDS TRAP] Under 2.5**  •  100.0%
   ↳ 🛡️ **[95%+ COMPOUND LOCK] Under 3.5**  •  100.0%
   ↳ 🛡️ **[95%+ COMPOUND LOCK] Over 1.5**  •  100.0%

⚔️ **Tottenham** vs **Bournemouth**
   ↳ 🔮 **EXACT SCORE PREDICTION: 1-0**
   ↳ 🎯 **[HIGH ODDS TRAP] 1X2 Home Win**  •  100.0%
   ↳ 🎯 **[HIGH ODDS TRAP] Under 2.5**  •  100.0%
   ↳ 🎯 **[HIGH ODDS TRAP] Over 2.5**  •  100.0%
   ↳ 🛡️ **[95%+ COMPOUND LOCK] Under 3.5**  •  100.0%
   ↳ 🛡️ **[95%+ COMPOUND LOCK] Over 1.5**  •  100.0%

⚔️ **Manchester Red** vs **Brighton**
   ↳ 🔮 **EXACT SCORE PREDICTION: 0-0**
   ↳ 🎯 **[HIGH ODDS TRAP] Under 2.5**  •  100.0%
   ↳ 🛡️ **[95%+ COMPOUND LOCK] Under 3.5**  •  100.0%

⚔️ **Wolverhampton** vs **Fulham**
   ↳ 🛡️ **[95%+ COMPOUND LOCK] Under 3.5**  •  100.0%

⚔️ **Leeds** vs **Chelsea**
   ↳ 🔮 **EXACT SCORE PREDICTION: 0-2**
   ↳ 🎯 **[HIGH ODDS TRAP] Under 2.5**  •  100.0%
   ↳ 🛡️ **[95%+ COMPOUND LOCK] Under 3.5**  •  100.0%
   ↳ 🛡️ **[95%+ COMPOUND LOCK] Over 1.5**  •  100.0%

⚔️ **West Ham** vs **Crystal Palace**
   ↳ 🔮 **EXACT SCORE PREDICTION: 1-1**
   ↳ 🎯 **[HIGH ODDS TRAP] 1X2 Home Win**  •  100.0%
   ↳ 🎯 **[HIGH ODDS TRAP] Under 2.5**  •  100.0%
   ↳ 🛡️ **[95%+ COMPOUND LOCK] Under 3.5**  •  100.0%
   ↳ 🛡️ **[95%+ COMPOUND LOCK] Over 1.5**  •  100.0%

⚔️ **Aston Villa** vs **Liverpool**
   ↳ 🔮 **EXACT SCORE PREDICTION: 0-1**
   ↳ 🎯 **[HIGH ODDS TRAP] 1X2 Home Win**  •  100.0%
   ↳ 🎯 **[HIGH ODDS TRAP] Under 2.5**  •  100.0%
   ↳ 🛡️ **[95%+ COMPOUND LOCK] Under 3.5**  •  100.0%


--- 2026-06-06T19:08:04.606746 ---
🟢 VFL CONFLUENCE LOCKS | STABLE RNG DETECTED 🟢
Matchday 16 🚨

⚔️ **Everton** vs **Tottenham**
   ↳ 🔮 **EXACT SCORE PREDICTION: 2-2 (or higher)**
   ↳ 🎯 **[HIGH ODDS TRAP] Over 2.5**  •  100.0%
   ↳ 🛡️ **[95%+ COMPOUND LOCK] Over 1.5**  •  100.0%

⚔️ **Wolverhampton** vs **Bournemouth**
   ↳ 🔮 **EXACT SCORE PREDICTION: 1-0**
   ↳ 🎯 **[HIGH ODDS TRAP] 1X2 Home Win**  •  100.0%
   ↳ 🎯 **[HIGH ODDS TRAP] Under 2.5**  •  100.0%
   ↳ 🛡️ **[95%+ COMPOUND LOCK] Under 3.5**  •  100.0%
   ↳ 🛡️ **[95%+ COMPOUND LOCK] Over 1.5**  •  100.0%

⚔️ **Leeds** vs **Brighton**
   ↳ 🔮 **EXACT SCORE PREDICTION: 0-0**
   ↳ 🎯 **[HIGH ODDS TRAP] Under 2.5**  •  100.0%
   ↳ 🎯 **[HIGH ODDS TRAP] Over 2.5**  •  100.0%
   ↳ 🛡️ **[95%+ COMPOUND LOCK] Under 3.5**  •  100.0%
   ↳ 🛡️ **[95%+ COMPOUND LOCK] Over 1.5**  •  100.0%

⚔️ **West Ham** vs **Liverpool**
   ↳ 🎯 **[HIGH ODDS TRAP] 1X2 Home Win**  •  100.0%
   ↳ 🎯 **[HIGH ODDS TRAP] Under 2.5**  •  100.0%
   ↳ 🎯 **[HIGH ODDS TRAP] Over 2.5**  •  100.0%
   ↳ 🛡️ **[95%+ COMPOUND LOCK] Under 3.5**  •  100.0%
   ↳ 🛡️ **[95%+ COMPOUND LOCK] Over 1.5**  •  100.0%

⚔️ **Manchester Red** vs **Crystal Palace**
   ↳ 🎯 **[HIGH ODDS TRAP] 1X2 Home Win**  •  100.0%
   ↳ 🎯 **[HIGH ODDS TRAP] Over 2.5**  •  100.0%
   ↳ 🛡️ **[95%+ COMPOUND LOCK] Over 1.5**  •  100.0%

⚔️ **Aston Villa** vs **Fulham**
   ↳ 🔮 **EXACT SCORE PREDICTION: 0-0**
   ↳ 🎯 **[HIGH ODDS TRAP] 1X2 Home Win**  •  98.7%
   ↳ 🎯 **[HIGH ODDS TRAP] Under 2.5**  •  100.0%
   ↳ 🛡️ **[95%+ COMPOUND LOCK] Under 3.5**  •  100.0%
   ↳ 🛡️ **[95%+ COMPOUND LOCK] Over 1.5**  •  98.7%

⚔️ **Manchester Blue** vs **Newcastle**
   ↳ 🔮 **EXACT SCORE PREDICTION: 0-0**
   ↳ 🎯 **[HIGH ODDS TRAP] Under 2.5**  •  100.0%
   ↳ 🛡️ **[95%+ COMPOUND LOCK] Under 3.5**  •  100.0%

⚔️ **London Guns** vs **Chelsea**
   ↳ 🔮 **EXACT SCORE PREDICTION: 2-0**
   ↳ 🎯 **[HIGH ODDS TRAP] 1X2 Home Win**  •  100.0%
   ↳ 🎯 **[HIGH ODDS TRAP] Under 2.5**  •  100.0%
   ↳ 🎯 **[HIGH ODDS TRAP] Over 2.5**  •  100.0%
   ↳ 🛡️ **[95%+ COMPOUND LOCK] Under 3.5**  •  100.0%
   ↳ 🛡️ **[95%+ COMPOUND LOCK] Over 1.5**  •  100.0%


--- 2026-06-06T19:15:09.891081 ---
🟢 VFL CONFLUENCE LOCKS | STABLE RNG DETECTED 🟢
Matchday 18 🚨

⚔️ **Manchester Red** vs **Fulham**
   ↳ 🔮 **EXACT SCORE PREDICTION: 2-0**
   ↳ 🎯 **[HIGH ODDS TRAP] 1X2 Home Win**  •  100.0%
   ↳ 🎯 **[HIGH ODDS TRAP] Under 2.5**  •  100.0%
   ↳ 🎯 **[HIGH ODDS TRAP] Over 2.5**  •  99.7%
   ↳ 🛡️ **[95%+ COMPOUND LOCK] Under 3.5**  •  100.0%
   ↳ 🛡️ **[95%+ COMPOUND LOCK] Over 1.5**  •  100.0%

⚔️ **London Guns** vs **Crystal Palace**
   ↳ 🎯 **[HIGH ODDS TRAP] 1X2 Home Win**  •  100.0%
   ↳ 🎯 **[HIGH ODDS TRAP] Over 2.5**  •  100.0%
   ↳ 🛡️ **[95%+ COMPOUND LOCK] Over 1.5**  •  100.0%

⚔️ **Everton** vs **Wolverhampton**
   ⚠️ **[CHAOS TRAP WARNING]** Do not bet heavily. MSport RNG Target: Macro Trap (T1 vs T3)
   ↳ 🎯 **[HIGH ODDS TRAP] 1X2 Home Win**  •  100.0%
   ↳ 🎯 **[HIGH ODDS TRAP] Over 2.5**  •  100.0%
   ↳ 🛡️ **[95%+ COMPOUND LOCK] Over 1.5**  •  100.0%

⚔️ **Aston Villa** vs **Tottenham**
   ↳ 🔮 **EXACT SCORE PREDICTION: 1-1**
   ↳ 🎯 **[HIGH ODDS TRAP] Under 2.5**  •  100.0%
   ↳ 🎯 **[HIGH ODDS TRAP] Over 2.5**  •  100.0%
   ↳ 🛡️ **[95%+ COMPOUND LOCK] Under 3.5**  •  100.0%
   ↳ 🛡️ **[95%+ COMPOUND LOCK] Over 1.5**  •  100.0%

⚔️ **Newcastle** vs **Chelsea**
   ↳ 🛡️ **[95%+ COMPOUND LOCK] Over 1.5**  •  100.0%

⚔️ **West Ham** vs **Bournemouth**
   ↳ 🔮 **EXACT SCORE PREDICTION: 3-0**
   ↳ 🎯 **[HIGH ODDS TRAP] 1X2 Home Win**  •  100.0%
   ↳ 🎯 **[HIGH ODDS TRAP] Over 2.5**  •  100.0%
   ↳ 🛡️ **[95%+ COMPOUND LOCK] Under 3.5**  •  100.0%
   ↳ 🛡️ **[95%+ COMPOUND LOCK] Over 1.5**  •  100.0%

⚔️ **Leeds** vs **Liverpool**
   ↳ 🔮 **EXACT SCORE PREDICTION: 0-2**
   ↳ 🎯 **[HIGH ODDS TRAP] Under 2.5**  •  100.0%
   ↳ 🛡️ **[95%+ COMPOUND LOCK] Under 3.5**  •  100.0%
   ↳ 🛡️ **[95%+ COMPOUND LOCK] Over 1.5**  •  100.0%


--- 2026-06-06T19:22:09.965595 ---
🟢 VFL CONFLUENCE LOCKS | STABLE RNG DETECTED 🟢
Matchday 20 🚨

⚔️ **London Guns** vs **Fulham**
   ↳ 🎯 **[HIGH ODDS TRAP] 1X2 Home Win**  •  99.8%
   ↳ 🎯 **[HIGH ODDS TRAP] Under 2.5**  •  94.1%
   ↳ 🎯 **[HIGH ODDS TRAP] Over 2.5**  •  99.8%
   ↳ 🛡️ **[95%+ COMPOUND LOCK] Under 3.5**  •  100.0%
   ↳ 🛡️ **[95%+ COMPOUND LOCK] Over 1.5**  •  100.0%

⚔️ **Chelsea** vs **Brighton**
   ↳ 🔮 **EXACT SCORE PREDICTION: 1-0**
   ↳ 🎯 **[HIGH ODDS TRAP] 1X2 Home Win**  •  100.0%
   ↳ 🎯 **[HIGH ODDS TRAP] Under 2.5**  •  100.0%
   ↳ 🛡️ **[95%+ COMPOUND LOCK] Under 3.5**  •  100.0%

⚔️ **Manchester Blue** vs **Liverpool**
   ↳ 🔮 **EXACT SCORE PREDICTION: 0-2**
   ↳ 🎯 **[HIGH ODDS TRAP] Under 2.5**  •  100.0%
   ↳ 🛡️ **[95%+ COMPOUND LOCK] Under 3.5**  •  100.0%
   ↳ 🛡️ **[95%+ COMPOUND LOCK] Over 1.5**  •  100.0%

⚔️ **Manchester Red** vs **Tottenham**
   ↳ 🔮 **EXACT SCORE PREDICTION: 1-0**
   ↳ 🎯 **[HIGH ODDS TRAP] 1X2 Home Win**  •  100.0%
   ↳ 🎯 **[HIGH ODDS TRAP] Under 2.5**  •  100.0%
   ↳ 🛡️ **[95%+ COMPOUND LOCK] Under 3.5**  •  100.0%

⚔️ **Everton** vs **Aston Villa**
   ↳ 🔮 **EXACT SCORE PREDICTION: 0-1**
   ↳ 🎯 **[HIGH ODDS TRAP] Under 2.5**  •  100.0%
   ↳ 🛡️ **[95%+ COMPOUND LOCK] Under 3.5**  •  100.0%

⚔️ **Leeds** vs **Bournemouth**
   ↳ 🔮 **EXACT SCORE PREDICTION: 0-0**
   ↳ 🎯 **[HIGH ODDS TRAP] Under 2.5**  •  100.0%
   ↳ 🎯 **[HIGH ODDS TRAP] Over 2.5**  •  100.0%
   ↳ 🛡️ **[95%+ COMPOUND LOCK] Under 3.5**  •  100.0%
   ↳ 🛡️ **[95%+ COMPOUND LOCK] Over 1.5**  •  100.0%

⚔️ **Newcastle** vs **Crystal Palace**
   ↳ 🔮 **EXACT SCORE PREDICTION: 0-1**
   ↳ 🎯 **[HIGH ODDS TRAP] 1X2 Home Win**  •  100.0%
   ↳ 🎯 **[HIGH ODDS TRAP] Under 2.5**  •  99.9%
   ↳ 🎯 **[HIGH ODDS TRAP] Over 2.5**  •  100.0%
   ↳ 🛡️ **[95%+ COMPOUND LOCK] Under 3.5**  •  99.9%
   ↳ 🛡️ **[95%+ COMPOUND LOCK] Over 1.5**  •  100.0%

⚔️ **West Ham** vs **Wolverhampton**
   ↳ 🔮 **EXACT SCORE PREDICTION: 2-2 (or higher)**
   ↳ 🎯 **[HIGH ODDS TRAP] Over 2.5**  •  100.0%
   ↳ 🛡️ **[95%+ COMPOUND LOCK] Under 3.5**  •  100.0%
   ↳ 🛡️ **[95%+ COMPOUND LOCK] Over 1.5**  •  100.0%


--- 2026-06-06T19:30:06.143080 ---
🟢 VFL CONFLUENCE LOCKS | STABLE RNG DETECTED 🟢
Matchday 22 🚨

⚔️ **Manchester Red** vs **Aston Villa**
   ↳ 🔮 **EXACT SCORE PREDICTION: 2-1**
   ↳ 🎯 **[HIGH ODDS TRAP] 1X2 Home Win**  •  100.0%
   ↳ 🎯 **[HIGH ODDS TRAP] Over 2.5**  •  99.7%
   ↳ 🛡️ **[95%+ COMPOUND LOCK] Under 3.5**  •  100.0%
   ↳ 🛡️ **[95%+ COMPOUND LOCK] Over 1.5**  •  100.0%

⚔️ **Manchester Blue** vs **Bournemouth**
   ↳ 🎯 **[HIGH ODDS TRAP] 1X2 Home Win**  •  100.0%
   ↳ 🎯 **[HIGH ODDS TRAP] Over 2.5**  •  100.0%
   ↳ 🛡️ **[95%+ COMPOUND LOCK] Over 1.5**  •  100.0%

⚔️ **Newcastle** vs **Fulham**
   ↳ 🎯 **[HIGH ODDS TRAP] 1X2 Home Win**  •  100.0%
   ↳ 🎯 **[HIGH ODDS TRAP] Over 2.5**  •  100.0%
   ↳ 🛡️ **[95%+ COMPOUND LOCK] Under 3.5**  •  95.6%
   ↳ 🛡️ **[95%+ COMPOUND LOCK] Over 1.5**  •  100.0%

⚔️ **Leeds** vs **Wolverhampton**
   ↳ 🔮 **EXACT SCORE PREDICTION: 2-1**
   ↳ 🎯 **[HIGH ODDS TRAP] 1X2 Home Win**  •  100.0%
   ↳ 🎯 **[HIGH ODDS TRAP] Under 2.5**  •  100.0%
   ↳ 🎯 **[HIGH ODDS TRAP] Over 2.5**  •  100.0%
   ↳ 🛡️ **[95%+ COMPOUND LOCK] Under 3.5**  •  100.0%
   ↳ 🛡️ **[95%+ COMPOUND LOCK] Over 1.5**  •  100.0%

⚔️ **Chelsea** vs **Liverpool**
   ↳ 🔮 **EXACT SCORE PREDICTION: 1-1**
   ↳ 🎯 **[HIGH ODDS TRAP] 1X2 Home Win**  •  94.6%
   ↳ 🎯 **[HIGH ODDS TRAP] Under 2.5**  •  100.0%
   ↳ 🛡️ **[95%+ COMPOUND LOCK] Under 3.5**  •  100.0%
   ↳ 🛡️ **[95%+ COMPOUND LOCK] Over 1.5**  •  100.0%

⚔️ **Brighton** vs **Crystal Palace**
   ↳ 🔮 **EXACT SCORE PREDICTION: 1-1**
   ↳ 🎯 **[HIGH ODDS TRAP] Under 2.5**  •  100.0%
   ↳ 🛡️ **[95%+ COMPOUND LOCK] Under 3.5**  •  100.0%
   ↳ 🛡️ **[95%+ COMPOUND LOCK] Over 1.5**  •  100.0%

⚔️ **London Guns** vs **Tottenham**
   ↳ 🔮 **EXACT SCORE PREDICTION: 3-0**
   ↳ 🎯 **[HIGH ODDS TRAP] 1X2 Home Win**  •  98.7%
   ↳ 🎯 **[HIGH ODDS TRAP] Over 2.5**  •  98.7%
   ↳ 🛡️ **[95%+ COMPOUND LOCK] Under 3.5**  •  100.0%
   ↳ 🛡️ **[95%+ COMPOUND LOCK] Over 1.5**  •  100.0%

⚔️ **Everton** vs **West Ham**
   ⚠️ **[CHAOS TRAP WARNING]** Do not bet heavily. MSport RNG Target: Macro Trap (T1 vs T3)
   ↳ 🔮 **EXACT SCORE PREDICTION: 1-1**
   ↳ 🎯 **[HIGH ODDS TRAP] Under 2.5**  •  100.0%
   ↳ 🛡️ **[95%+ COMPOUND LOCK] Under 3.5**  •  100.0%
   ↳ 🛡️ **[95%+ COMPOUND LOCK] Over 1.5**  •  100.0%


--- 2026-06-06T19:40:09.282786 ---
🟢 VFL CONFLUENCE LOCKS | STABLE RNG DETECTED 🟢
Matchday 24 🚨

⚔️ **Brighton** vs **Fulham**
   ↳ 🎯 **[HIGH ODDS TRAP] 1X2 Home Win**  •  100.0%
   ↳ 🎯 **[HIGH ODDS TRAP] Under 2.5**  •  99.7%
   ↳ 🎯 **[HIGH ODDS TRAP] Over 2.5**  •  100.0%
   ↳ 🛡️ **[95%+ COMPOUND LOCK] Under 3.5**  •  99.7%
   ↳ 🛡️ **[95%+ COMPOUND LOCK] Over 1.5**  •  100.0%

⚔️ **Chelsea** vs **Bournemouth**
   ↳ 🎯 **[HIGH ODDS TRAP] 1X2 Home Win**  •  100.0%
   ↳ 🎯 **[HIGH ODDS TRAP] Over 2.5**  •  95.8%
   ↳ 🛡️ **[95%+ COMPOUND LOCK] Under 3.5**  •  100.0%
   ↳ 🛡️ **[95%+ COMPOUND LOCK] Over 1.5**  •  100.0%

⚔️ **Newcastle** vs **Tottenham**
   ↳ 🔮 **EXACT SCORE PREDICTION: 2-2 (or higher)**
   ↳ 🎯 **[HIGH ODDS TRAP] 1X2 Home Win**  •  95.6%
   ↳ 🎯 **[HIGH ODDS TRAP] Under 2.5**  •  95.6%
   ↳ 🎯 **[HIGH ODDS TRAP] Over 2.5**  •  100.0%
   ↳ 🛡️ **[95%+ COMPOUND LOCK] Under 3.5**  •  95.6%
   ↳ 🛡️ **[95%+ COMPOUND LOCK] Over 1.5**  •  100.0%

⚔️ **Leeds** vs **West Ham**
   ↳ 🔮 **EXACT SCORE PREDICTION: 1-2**
   ↳ 🎯 **[HIGH ODDS TRAP] Over 2.5**  •  99.0%
   ↳ 🛡️ **[95%+ COMPOUND LOCK] Under 3.5**  •  100.0%
   ↳ 🛡️ **[95%+ COMPOUND LOCK] Over 1.5**  •  99.0%

⚔️ **Everton** vs **Manchester Red**
   ↳ 🔮 **EXACT SCORE PREDICTION: 0-2**
   ↳ 🎯 **[HIGH ODDS TRAP] Under 2.5**  •  100.0%
   ↳ 🛡️ **[95%+ COMPOUND LOCK] Under 3.5**  •  100.0%

⚔️ **Crystal Palace** vs **Liverpool**
   ↳ 🎯 **[HIGH ODDS TRAP] Over 2.5**  •  100.0%
   ↳ 🛡️ **[95%+ COMPOUND LOCK] Over 1.5**  •  100.0%


--- 2026-06-06T19:41:06.201181 ---
🟢 VFL CONFLUENCE LOCKS | STABLE RNG DETECTED 🟢
Matchday 25 🚨

⚔️ **Fulham** vs **Crystal Palace**
   ↳ 🔮 **EXACT SCORE PREDICTION: 1-1**
   ↳ 🎯 **[HIGH ODDS TRAP] 1X2 Home Win**  •  99.1%
   ↳ 🎯 **[HIGH ODDS TRAP] Under 2.5**  •  100.0%
   ↳ 🛡️ **[95%+ COMPOUND LOCK] Under 3.5**  •  100.0%
   ↳ 🛡️ **[95%+ COMPOUND LOCK] Over 1.5**  •  100.0%

⚔️ **Liverpool** vs **Everton**
   ↳ 🔮 **EXACT SCORE PREDICTION: 0-0**
   ↳ 🎯 **[HIGH ODDS TRAP] Under 2.5**  •  100.0%
   ↳ 🛡️ **[95%+ COMPOUND LOCK] Under 3.5**  •  100.0%

⚔️ **West Ham** vs **London Guns**
   ↳ 🔮 **EXACT SCORE PREDICTION: 1-1**
   ↳ 🎯 **[HIGH ODDS TRAP] Under 2.5**  •  100.0%
   ↳ 🎯 **[HIGH ODDS TRAP] Over 2.5**  •  100.0%
   ↳ 🛡️ **[95%+ COMPOUND LOCK] Under 3.5**  •  100.0%
   ↳ 🛡️ **[95%+ COMPOUND LOCK] Over 1.5**  •  100.0%

⚔️ **Tottenham** vs **Chelsea**
   ⚠️ **[CHAOS TRAP WARNING]** Do not bet heavily. MSport RNG Target: Macro Trap (T2 vs T1)
   ↳ 🎯 **[HIGH ODDS TRAP] Over 2.5**  •  100.0%
   ↳ 🛡️ **[95%+ COMPOUND LOCK] Over 1.5**  •  100.0%

⚔️ **Bournemouth** vs **Brighton**
   ↳ 🔮 **EXACT SCORE PREDICTION: 0-2**
   ↳ 🎯 **[HIGH ODDS TRAP] Under 2.5**  •  95.6%
   ↳ 🛡️ **[95%+ COMPOUND LOCK] Under 3.5**  •  100.0%
   ↳ 🛡️ **[95%+ COMPOUND LOCK] Over 1.5**  •  100.0%

⚔️ **Manchester Red** vs **Leeds**
   ↳ 🔮 **EXACT SCORE PREDICTION: 2-0**
   ↳ 🎯 **[HIGH ODDS TRAP] 1X2 Home Win**  •  100.0%
   ↳ 🎯 **[HIGH ODDS TRAP] Under 2.5**  •  100.0%
   ↳ 🛡️ **[95%+ COMPOUND LOCK] Under 3.5**  •  100.0%
   ↳ 🛡️ **[95%+ COMPOUND LOCK] Over 1.5**  •  100.0%

⚔️ **Wolverhampton** vs **Newcastle**
   ↳ 🔮 **EXACT SCORE PREDICTION: 1-1**
   ↳ 🎯 **[HIGH ODDS TRAP] 1X2 Home Win**  •  95.6%
   ↳ 🎯 **[HIGH ODDS TRAP] Under 2.5**  •  100.0%
   ↳ 🎯 **[HIGH ODDS TRAP] Over 2.5**  •  95.6%
   ↳ 🛡️ **[95%+ COMPOUND LOCK] Under 3.5**  •  100.0%
   ↳ 🛡️ **[95%+ COMPOUND LOCK] Over 1.5**  •  100.0%


--- 2026-06-06T19:48:11.366226 ---
🟢 VFL CONFLUENCE LOCKS | STABLE RNG DETECTED 🟢
Matchday 27 🚨

⚔️ **Bournemouth** vs **Liverpool**
   ↳ 🔮 **EXACT SCORE PREDICTION: 0-1**
   ↳ 🎯 **[HIGH ODDS TRAP] Under 2.5**  •  100.0%
   ↳ 🛡️ **[95%+ COMPOUND LOCK] Under 3.5**  •  100.0%
   ↳ 🛡️ **[95%+ COMPOUND LOCK] Over 1.5**  •  95.4%

⚔️ **Aston Villa** vs **Chelsea**
   ⚠️ **[CHAOS TRAP WARNING]** Do not bet heavily. MSport RNG Target: Macro Trap (T2 vs T1)
   ↳ 🔮 **EXACT SCORE PREDICTION: 2-1**
   ↳ 🎯 **[HIGH ODDS TRAP] 1X2 Home Win**  •  100.0%
   ↳ 🎯 **[HIGH ODDS TRAP] Over 2.5**  •  100.0%
   ↳ 🛡️ **[95%+ COMPOUND LOCK] Under 3.5**  •  100.0%
   ↳ 🛡️ **[95%+ COMPOUND LOCK] Over 1.5**  •  100.0%

⚔️ **Fulham** vs **Everton**
   ↳ 🔮 **EXACT SCORE PREDICTION: 0-1**
   ↳ 🎯 **[HIGH ODDS TRAP] Under 2.5**  •  100.0%
   ↳ 🎯 **[HIGH ODDS TRAP] Over 2.5**  •  100.0%
   ↳ 🛡️ **[95%+ COMPOUND LOCK] Under 3.5**  •  100.0%
   ↳ 🛡️ **[95%+ COMPOUND LOCK] Over 1.5**  •  100.0%

⚔️ **West Ham** vs **Newcastle**
   ↳ 🔮 **EXACT SCORE PREDICTION: 1-1**
   ↳ 🎯 **[HIGH ODDS TRAP] Under 2.5**  •  100.0%
   ↳ 🛡️ **[95%+ COMPOUND LOCK] Under 3.5**  •  100.0%
   ↳ 🛡️ **[95%+ COMPOUND LOCK] Over 1.5**  •  100.0%

⚔️ **Leeds** vs **London Guns**
   ↳ 🎯 **[HIGH ODDS TRAP] 1X2 Home Win**  •  100.0%
   ↳ 🎯 **[HIGH ODDS TRAP] Under 2.5**  •  100.0%
   ↳ 🎯 **[HIGH ODDS TRAP] Over 2.5**  •  100.0%
   ↳ 🛡️ **[95%+ COMPOUND LOCK] Under 3.5**  •  100.0%
   ↳ 🛡️ **[95%+ COMPOUND LOCK] Over 1.5**  •  100.0%

⚔️ **Manchester Red** vs **Manchester Blue**
   ↳ 🔮 **EXACT SCORE PREDICTION: 0-2**
   ↳ 🎯 **[HIGH ODDS TRAP] 1X2 Home Win**  •  100.0%
   ↳ 🎯 **[HIGH ODDS TRAP] Under 2.5**  •  100.0%
   ↳ 🎯 **[HIGH ODDS TRAP] Over 2.5**  •  100.0%
   ↳ 🛡️ **[95%+ COMPOUND LOCK] Under 3.5**  •  100.0%
   ↳ 🛡️ **[95%+ COMPOUND LOCK] Over 1.5**  •  100.0%

⚔️ **Wolverhampton** vs **Brighton**
   ↳ 🔮 **EXACT SCORE PREDICTION: 2-1**
   ↳ 🎯 **[HIGH ODDS TRAP] 1X2 Home Win**  •  100.0%
   ↳ 🎯 **[HIGH ODDS TRAP] Under 2.5**  •  100.0%
   ↳ 🎯 **[HIGH ODDS TRAP] Over 2.5**  •  99.7%
   ↳ 🛡️ **[95%+ COMPOUND LOCK] Under 3.5**  •  100.0%
   ↳ 🛡️ **[95%+ COMPOUND LOCK] Over 1.5**  •  99.7%

⚔️ **Tottenham** vs **Crystal Palace**
   ↳ 🔮 **EXACT SCORE PREDICTION: 1-0**
   ↳ 🎯 **[HIGH ODDS TRAP] 1X2 Home Win**  •  100.0%
   ↳ 🎯 **[HIGH ODDS TRAP] Under 2.5**  •  100.0%
   ↳ 🛡️ **[95%+ COMPOUND LOCK] Under 3.5**  •  100.0%


--- 2026-06-06T19:52:06.822643 ---
🟢 VFL CONFLUENCE LOCKS | STABLE RNG DETECTED 🟢
Matchday 28 🚨

⚔️ **Chelsea** vs **West Ham**
   ↳ 🔮 **EXACT SCORE PREDICTION: 1-0**
   ↳ 🎯 **[HIGH ODDS TRAP] 1X2 Home Win**  •  100.0%
   ↳ 🎯 **[HIGH ODDS TRAP] Under 2.5**  •  100.0%
   ↳ 🛡️ **[95%+ COMPOUND LOCK] Under 3.5**  •  100.0%

⚔️ **Manchester Blue** vs **Leeds**
   ↳ 🔮 **EXACT SCORE PREDICTION: 1-0**
   ↳ 🎯 **[HIGH ODDS TRAP] 1X2 Home Win**  •  100.0%
   ↳ 🎯 **[HIGH ODDS TRAP] Under 2.5**  •  100.0%
   ↳ 🛡️ **[95%+ COMPOUND LOCK] Under 3.5**  •  100.0%

⚔️ **Crystal Palace** vs **Wolverhampton**
   ↳ 🔮 **EXACT SCORE PREDICTION: 0-0**
   ↳ 🎯 **[HIGH ODDS TRAP] Under 2.5**  •  100.0%
   ↳ 🛡️ **[95%+ COMPOUND LOCK] Under 3.5**  •  100.0%

⚔️ **Newcastle** vs **Manchester Red**
   ↳ 🎯 **[HIGH ODDS TRAP] Over 2.5**  •  100.0%
   ↳ 🛡️ **[95%+ COMPOUND LOCK] Under 3.5**  •  99.7%
   ↳ 🛡️ **[95%+ COMPOUND LOCK] Over 1.5**  •  100.0%

⚔️ **Brighton** vs **Aston Villa**
   ⚠️ **[CHAOS TRAP WARNING]** Do not bet heavily. MSport RNG Target: Macro Trap (T3 vs T2)
   ↳ 🔮 **EXACT SCORE PREDICTION: 2-1**
   ↳ 🎯 **[HIGH ODDS TRAP] 1X2 Home Win**  •  100.0%
   ↳ 🎯 **[HIGH ODDS TRAP] Under 2.5**  •  99.7%
   ↳ 🎯 **[HIGH ODDS TRAP] Over 2.5**  •  100.0%
   ↳ 🛡️ **[95%+ COMPOUND LOCK] Under 3.5**  •  100.0%
   ↳ 🛡️ **[95%+ COMPOUND LOCK] Over 1.5**  •  100.0%

⚔️ **Everton** vs **London Guns**
   ⚠️ **[CHAOS TRAP WARNING]** Do not bet heavily. MSport RNG Target: Macro Trap (T2 vs T1)
   ↳ 🎯 **[HIGH ODDS TRAP] Under 2.5**  •  100.0%
   ↳ 🎯 **[HIGH ODDS TRAP] Over 2.5**  •  100.0%
   ↳ 🛡️ **[95%+ COMPOUND LOCK] Under 3.5**  •  100.0%
   ↳ 🛡️ **[95%+ COMPOUND LOCK] Over 1.5**  •  100.0%

⚔️ **Fulham** vs **Bournemouth**
   ↳ 🎯 **[HIGH ODDS TRAP] Under 2.5**  •  99.7%
   ↳ 🎯 **[HIGH ODDS TRAP] Over 2.5**  •  100.0%
   ↳ 🛡️ **[95%+ COMPOUND LOCK] Under 3.5**  •  99.7%
   ↳ 🛡️ **[95%+ COMPOUND LOCK] Over 1.5**  •  100.0%

⚔️ **Liverpool** vs **Tottenham**
   ↳ 🔮 **EXACT SCORE PREDICTION: 2-0**
   ↳ 🎯 **[HIGH ODDS TRAP] 1X2 Home Win**  •  100.0%
   ↳ 🎯 **[HIGH ODDS TRAP] Under 2.5**  •  100.0%
   ↳ 🎯 **[HIGH ODDS TRAP] Over 2.5**  •  98.8%
   ↳ 🛡️ **[95%+ COMPOUND LOCK] Under 3.5**  •  100.0%
   ↳ 🛡️ **[95%+ COMPOUND LOCK] Over 1.5**  •  100.0%


--- 2026-06-06T19:55:10.187209 ---
🟢 VFL CONFLUENCE LOCKS | STABLE RNG DETECTED 🟢
Matchday 29 🚨

⚔️ **West Ham** vs **Brighton**
   ↳ 🔮 **EXACT SCORE PREDICTION: 1-1**
   ↳ 🎯 **[HIGH ODDS TRAP] Under 2.5**  •  100.0%
   ↳ 🛡️ **[95%+ COMPOUND LOCK] Under 3.5**  •  100.0%
   ↳ 🛡️ **[95%+ COMPOUND LOCK] Over 1.5**  •  100.0%

⚔️ **Manchester Red** vs **Chelsea**
   ⚠️ **[CHAOS TRAP WARNING]** Do not bet heavily. MSport RNG Target: Micro Trap (B vs A)
   ↳ 🔮 **EXACT SCORE PREDICTION: 3-0**
   ↳ 🎯 **[HIGH ODDS TRAP] 1X2 Home Win**  •  100.0%
   ↳ 🎯 **[HIGH ODDS TRAP] Over 2.5**  •  100.0%
   ↳ 🛡️ **[95%+ COMPOUND LOCK] Under 3.5**  •  100.0%
   ↳ 🛡️ **[95%+ COMPOUND LOCK] Over 1.5**  •  100.0%

⚔️ **Tottenham** vs **Fulham**
   ↳ 🎯 **[HIGH ODDS TRAP] 1X2 Home Win**  •  100.0%
   ↳ 🎯 **[HIGH ODDS TRAP] Over 2.5**  •  100.0%
   ↳ 🛡️ **[95%+ COMPOUND LOCK] Under 3.5**  •  100.0%
   ↳ 🛡️ **[95%+ COMPOUND LOCK] Over 1.5**  •  100.0%

⚔️ **Aston Villa** vs **Crystal Palace**
   ↳ 🔮 **EXACT SCORE PREDICTION: 2-0**
   ↳ 🎯 **[HIGH ODDS TRAP] 1X2 Home Win**  •  100.0%
   ↳ 🎯 **[HIGH ODDS TRAP] Under 2.5**  •  100.0%
   ↳ 🛡️ **[95%+ COMPOUND LOCK] Under 3.5**  •  100.0%
   ↳ 🛡️ **[95%+ COMPOUND LOCK] Over 1.5**  •  100.0%

⚔️ **Leeds** vs **Newcastle**
   ↳ 🔮 **EXACT SCORE PREDICTION: 0-1**
   ↳ 🎯 **[HIGH ODDS TRAP] 1X2 Home Win**  •  100.0%
   ↳ 🎯 **[HIGH ODDS TRAP] Under 2.5**  •  100.0%
   ↳ 🛡️ **[95%+ COMPOUND LOCK] Under 3.5**  •  100.0%

⚔️ **Wolverhampton** vs **Liverpool**
   ↳ 🔮 **EXACT SCORE PREDICTION: 2-0**
   ↳ 🎯 **[HIGH ODDS TRAP] 1X2 Home Win**  •  100.0%
   ↳ 🎯 **[HIGH ODDS TRAP] Under 2.5**  •  100.0%
   ↳ 🎯 **[HIGH ODDS TRAP] Over 2.5**  •  100.0%
   ↳ 🛡️ **[95%+ COMPOUND LOCK] Under 3.5**  •  100.0%
   ↳ 🛡️ **[95%+ COMPOUND LOCK] Over 1.5**  •  100.0%

⚔️ **Bournemouth** vs **Everton**
   ↳ 🔮 **EXACT SCORE PREDICTION: 1-0**
   ↳ 🎯 **[HIGH ODDS TRAP] 1X2 Home Win**  •  100.0%
   ↳ 🎯 **[HIGH ODDS TRAP] Under 2.5**  •  100.0%
   ↳ 🛡️ **[95%+ COMPOUND LOCK] Under 3.5**  •  100.0%

⚔️ **London Guns** vs **Manchester Blue**
   ⚠️ **[CHAOS TRAP WARNING]** Do not bet heavily. MSport RNG Target: Macro Trap (T1 vs T3)
   ↳ 🎯 **[HIGH ODDS TRAP] Over 2.5**  •  100.0%
   ↳ 🛡️ **[95%+ COMPOUND LOCK] Over 1.5**  •  100.0%


--- 2026-06-06T20:02:12.908103 ---
🟢 VFL CONFLUENCE LOCKS | STABLE RNG DETECTED 🟢
Matchday 1 🚨

⚔️ **Manchester Red** vs **Aston Villa**
   ↳ 🔮 **EXACT SCORE PREDICTION: 1-1**
   ↳ 🎯 **[HIGH ODDS TRAP] 1X2 Home Win**  •  99.9%
   ↳ 🎯 **[HIGH ODDS TRAP] Under 2.5**  •  100.0%
   ↳ 🎯 **[HIGH ODDS TRAP] Over 2.5**  •  99.6%
   ↳ 🛡️ **[95%+ COMPOUND LOCK] Under 3.5**  •  100.0%
   ↳ 🛡️ **[95%+ COMPOUND LOCK] Over 1.5**  •  100.0%

⚔️ **Chelsea** vs **Liverpool**
   ⚠️ **[CHAOS TRAP WARNING]** Do not bet heavily. MSport RNG Target: Micro Trap (B vs A)
   ↳ 🔮 **EXACT SCORE PREDICTION: 1-0**
   ↳ 🎯 **[HIGH ODDS TRAP] 1X2 Home Win**  •  100.0%
   ↳ 🎯 **[HIGH ODDS TRAP] Under 2.5**  •  100.0%
   ↳ 🛡️ **[95%+ COMPOUND LOCK] Under 3.5**  •  100.0%

⚔️ **Bournemouth** vs **Tottenham**
   ↳ 🔮 **EXACT SCORE PREDICTION: 1-2**
   ↳ 🎯 **[HIGH ODDS TRAP] Under 2.5**  •  100.0%
   ↳ 🎯 **[HIGH ODDS TRAP] Over 2.5**  •  93.8%
   ↳ 🛡️ **[95%+ COMPOUND LOCK] Under 3.5**  •  100.0%

⚔️ **Newcastle** vs **Everton**
   ↳ 🔮 **EXACT SCORE PREDICTION: 0-0**
   ↳ 🎯 **[HIGH ODDS TRAP] Under 2.5**  •  100.0%
   ↳ 🛡️ **[95%+ COMPOUND LOCK] Under 3.5**  •  100.0%

⚔️ **London Guns** vs **Leeds**
   ↳ 🔮 **EXACT SCORE PREDICTION: 2-0**
   ↳ 🎯 **[HIGH ODDS TRAP] 1X2 Home Win**  •  100.0%
   ↳ 🎯 **[HIGH ODDS TRAP] Under 2.5**  •  100.0%
   ↳ 🛡️ **[95%+ COMPOUND LOCK] Under 3.5**  •  100.0%
   ↳ 🛡️ **[95%+ COMPOUND LOCK] Over 1.5**  •  100.0%

⚔️ **Fulham** vs **Manchester Blue**
   ↳ 🔮 **EXACT SCORE PREDICTION: 0-3**
   ↳ 🎯 **[HIGH ODDS TRAP] Over 2.5**  •  100.0%
   ↳ 🛡️ **[95%+ COMPOUND LOCK] Under 3.5**  •  100.0%
   ↳ 🛡️ **[95%+ COMPOUND LOCK] Over 1.5**  •  100.0%

⚔️ **West Ham** vs **Crystal Palace**
   ↳ 🔮 **EXACT SCORE PREDICTION: 3-0**
   ↳ 🎯 **[HIGH ODDS TRAP] 1X2 Home Win**  •  100.0%
   ↳ 🎯 **[HIGH ODDS TRAP] Over 2.5**  •  98.9%
   ↳ 🛡️ **[95%+ COMPOUND LOCK] Under 3.5**  •  99.9%
   ↳ 🛡️ **[95%+ COMPOUND LOCK] Over 1.5**  •  100.0%

⚔️ **Wolverhampton** vs **Brighton**
   ↳ 🔮 **EXACT SCORE PREDICTION: 2-1**
   ↳ 🎯 **[HIGH ODDS TRAP] 1X2 Home Win**  •  100.0%
   ↳ 🎯 **[HIGH ODDS TRAP] Under 2.5**  •  100.0%
   ↳ 🎯 **[HIGH ODDS TRAP] Over 2.5**  •  99.7%
   ↳ 🛡️ **[95%+ COMPOUND LOCK] Under 3.5**  •  100.0%
   ↳ 🛡️ **[95%+ COMPOUND LOCK] Over 1.5**  •  99.7%


--- 2026-06-06T20:16:08.804360 ---
🟢 VFL CONFLUENCE LOCKS | STABLE RNG DETECTED 🟢
Matchday 4 🚨

⚔️ **Brighton** vs **Newcastle**
   ↳ 🔮 **EXACT SCORE PREDICTION: 3-0**
   ↳ 🎯 **[HIGH ODDS TRAP] 1X2 Home Win**  •  99.8%
   ↳ 🎯 **[HIGH ODDS TRAP] Over 2.5**  •  100.0%
   ↳ 🛡️ **[95%+ COMPOUND LOCK] Under 3.5**  •  99.8%
   ↳ 🛡️ **[95%+ COMPOUND LOCK] Over 1.5**  •  100.0%

⚔️ **Aston Villa** vs **Wolverhampton**
   ↳ 🔮 **EXACT SCORE PREDICTION: 2-2 (or higher)**
   ↳ 🎯 **[HIGH ODDS TRAP] Over 2.5**  •  100.0%
   ↳ 🛡️ **[95%+ COMPOUND LOCK] Over 1.5**  •  100.0%

⚔️ **Everton** vs **Manchester Red**
   ⚠️ **[CHAOS TRAP WARNING]** Do not bet heavily. MSport RNG Target: Micro Trap (B vs A)
   ↳ 🔮 **EXACT SCORE PREDICTION: 0-2**
   ↳ 🎯 **[HIGH ODDS TRAP] Under 2.5**  •  100.0%
   ↳ 🛡️ **[95%+ COMPOUND LOCK] Under 3.5**  •  100.0%

⚔️ **West Ham** vs **Bournemouth**
   ↳ 🔮 **EXACT SCORE PREDICTION: 0-0**
   ↳ 🎯 **[HIGH ODDS TRAP] Under 2.5**  •  100.0%
   ↳ 🛡️ **[95%+ COMPOUND LOCK] Under 3.5**  •  100.0%

⚔️ **Crystal Palace** vs **London Guns**
   ↳ 🔮 **EXACT SCORE PREDICTION: 0-1**
   ↳ 🎯 **[HIGH ODDS TRAP] Under 2.5**  •  100.0%
   ↳ 🛡️ **[95%+ COMPOUND LOCK] Under 3.5**  •  100.0%
   ↳ 🛡️ **[95%+ COMPOUND LOCK] Over 1.5**  •  100.0%

⚔️ **Tottenham** vs **Fulham**
   ↳ 🔮 **EXACT SCORE PREDICTION: 2-0**
   ↳ 🎯 **[HIGH ODDS TRAP] 1X2 Home Win**  •  100.0%
   ↳ 🎯 **[HIGH ODDS TRAP] Under 2.5**  •  100.0%
   ↳ 🛡️ **[95%+ COMPOUND LOCK] Under 3.5**  •  100.0%
   ↳ 🛡️ **[95%+ COMPOUND LOCK] Over 1.5**  •  100.0%


--- 2026-06-06T20:26:07.610098 ---
🟢 VFL CONFLUENCE LOCKS | STABLE RNG DETECTED 🟢
Matchday 6 🚨

⚔️ **Wolverhampton** vs **London Guns**
   ⚠️ **[CHAOS TRAP WARNING]** Do not bet heavily. MSport RNG Target: Macro Trap (T3 vs T2)
   ↳ 🔮 **EXACT SCORE PREDICTION: 1-1**
   ↳ 🎯 **[HIGH ODDS TRAP] Under 2.5**  •  100.0%
   ↳ 🎯 **[HIGH ODDS TRAP] Over 2.5**  •  100.0%
   ↳ 🛡️ **[95%+ COMPOUND LOCK] Under 3.5**  •  100.0%
   ↳ 🛡️ **[95%+ COMPOUND LOCK] Over 1.5**  •  100.0%

⚔️ **Everton** vs **Manchester Blue**
   ⚠️ **[CHAOS TRAP WARNING]** Do not bet heavily. MSport RNG Target: Specific Team Chaos
   ↳ 🎯 **[HIGH ODDS TRAP] Over 2.5**  •  100.0%
   ↳ 🛡️ **[95%+ COMPOUND LOCK] Over 1.5**  •  100.0%

⚔️ **Crystal Palace** vs **Fulham**
   ↳ 🔮 **EXACT SCORE PREDICTION: 2-0**
   ↳ 🎯 **[HIGH ODDS TRAP] 1X2 Home Win**  •  100.0%
   ↳ 🎯 **[HIGH ODDS TRAP] Under 2.5**  •  100.0%
   ↳ 🛡️ **[95%+ COMPOUND LOCK] Under 3.5**  •  100.0%
   ↳ 🛡️ **[95%+ COMPOUND LOCK] Over 1.5**  •  100.0%

⚔️ **Tottenham** vs **Manchester Red**
   ↳ 🔮 **EXACT SCORE PREDICTION: 0-2**
   ↳ 🎯 **[HIGH ODDS TRAP] Under 2.5**  •  100.0%
   ↳ 🛡️ **[95%+ COMPOUND LOCK] Under 3.5**  •  100.0%
   ↳ 🛡️ **[95%+ COMPOUND LOCK] Over 1.5**  •  100.0%

⚔️ **Leeds** vs **Liverpool**
   ↳ 🔮 **EXACT SCORE PREDICTION: 1-0**
   ↳ 🎯 **[HIGH ODDS TRAP] 1X2 Home Win**  •  100.0%
   ↳ 🎯 **[HIGH ODDS TRAP] Under 2.5**  •  100.0%
   ↳ 🛡️ **[95%+ COMPOUND LOCK] Under 3.5**  •  100.0%

⚔️ **Aston Villa** vs **Bournemouth**
   ↳ 🔮 **EXACT SCORE PREDICTION: 1-2**
   ↳ 🎯 **[HIGH ODDS TRAP] Over 2.5**  •  100.0%
   ↳ 🛡️ **[95%+ COMPOUND LOCK] Under 3.5**  •  100.0%
   ↳ 🛡️ **[95%+ COMPOUND LOCK] Over 1.5**  •  100.0%

⚔️ **West Ham** vs **Newcastle**
   ↳ 🔮 **EXACT SCORE PREDICTION: 2-1**
   ↳ 🎯 **[HIGH ODDS TRAP] 1X2 Home Win**  •  100.0%
   ↳ 🎯 **[HIGH ODDS TRAP] Under 2.5**  •  100.0%
   ↳ 🎯 **[HIGH ODDS TRAP] Over 2.5**  •  100.0%
   ↳ 🛡️ **[95%+ COMPOUND LOCK] Under 3.5**  •  100.0%
   ↳ 🛡️ **[95%+ COMPOUND LOCK] Over 1.5**  •  100.0%

⚔️ **Brighton** vs **Chelsea**
   ↳ 🔮 **EXACT SCORE PREDICTION: 0-3**
   ↳ 🎯 **[HIGH ODDS TRAP] Over 2.5**  •  100.0%
   ↳ 🛡️ **[95%+ COMPOUND LOCK] Under 3.5**  •  100.0%
   ↳ 🛡️ **[95%+ COMPOUND LOCK] Over 1.5**  •  100.0%


--- 2026-06-06T20:49:03.705880 ---
🟢 VFL CONFLUENCE LOCKS | STABLE RNG DETECTED 🟢
Matchday 13 🚨

⚔️ **Everton** vs **Wolverhampton**
   ↳ 🔮 **EXACT SCORE PREDICTION: 2-1**
   ↳ 🎯 **[HIGH ODDS TRAP] 1X2 Home Win**  •  100.0%
   ↳ 🎯 **[HIGH ODDS TRAP] Over 2.5**  •  100.0%
   ↳ 🛡️ **[95%+ COMPOUND LOCK] Under 3.5**  •  100.0%
   ↳ 🛡️ **[95%+ COMPOUND LOCK] Over 1.5**  •  100.0%

⚔️ **Liverpool** vs **London Guns**
   ↳ 🔮 **EXACT SCORE PREDICTION: 0-0**
   ↳ 🎯 **[HIGH ODDS TRAP] Under 2.5**  •  100.0%
   ↳ 🎯 **[HIGH ODDS TRAP] Over 2.5**  •  100.0%
   ↳ 🛡️ **[95%+ COMPOUND LOCK] Under 3.5**  •  100.0%
   ↳ 🛡️ **[95%+ COMPOUND LOCK] Over 1.5**  •  100.0%

⚔️ **Leeds** vs **West Ham**
   ↳ 🎯 **[HIGH ODDS TRAP] Under 2.5**  •  100.0%
   ↳ 🎯 **[HIGH ODDS TRAP] Over 2.5**  •  100.0%
   ↳ 🛡️ **[95%+ COMPOUND LOCK] Under 3.5**  •  100.0%
   ↳ 🛡️ **[95%+ COMPOUND LOCK] Over 1.5**  •  100.0%

⚔️ **Manchester Blue** vs **Bournemouth**
   ↳ 🔮 **EXACT SCORE PREDICTION: 1-0**
   ↳ 🎯 **[HIGH ODDS TRAP] 1X2 Home Win**  •  100.0%
   ↳ 🎯 **[HIGH ODDS TRAP] Under 2.5**  •  100.0%
   ↳ 🛡️ **[95%+ COMPOUND LOCK] Under 3.5**  •  100.0%

⚔️ **Brighton** vs **Aston Villa**
   ↳ 🔮 **EXACT SCORE PREDICTION: 1-0**
   ↳ 🎯 **[HIGH ODDS TRAP] 1X2 Home Win**  •  100.0%
   ↳ 🎯 **[HIGH ODDS TRAP] Under 2.5**  •  100.0%
   ↳ 🎯 **[HIGH ODDS TRAP] Over 2.5**  •  100.0%
   ↳ 🛡️ **[95%+ COMPOUND LOCK] Under 3.5**  •  100.0%
   ↳ 🛡️ **[95%+ COMPOUND LOCK] Over 1.5**  •  100.0%

⚔️ **Chelsea** vs **Fulham**
   ↳ 🎯 **[HIGH ODDS TRAP] 1X2 Home Win**  •  99.9%
   ↳ 🎯 **[HIGH ODDS TRAP] Over 2.5**  •  99.9%
   ↳ 🛡️ **[95%+ COMPOUND LOCK] Over 1.5**  •  99.9%

⚔️ **Manchester Red** vs **Newcastle**
   ⚠️ **[CHAOS TRAP WARNING]** Do not bet heavily. MSport RNG Target: Macro Trap (T1 vs T3)
   ↳ 🔮 **EXACT SCORE PREDICTION: 0-1**
   ↳ 🎯 **[HIGH ODDS TRAP] 1X2 Home Win**  •  100.0%
   ↳ 🎯 **[HIGH ODDS TRAP] Under 2.5**  •  100.0%
   ↳ 🛡️ **[95%+ COMPOUND LOCK] Under 3.5**  •  100.0%


--- 2026-06-06T20:56:08.073785 ---
🟢 VFL CONFLUENCE LOCKS | STABLE RNG DETECTED 🟢
Matchday 15 🚨

⚔️ **Manchester Red** vs **Chelsea**
   ↳ 🔮 **EXACT SCORE PREDICTION: 1-1**
   ↳ 🎯 **[HIGH ODDS TRAP] 1X2 Home Win**  •  94.1%
   ↳ 🎯 **[HIGH ODDS TRAP] Under 2.5**  •  100.0%
   ↳ 🎯 **[HIGH ODDS TRAP] Over 2.5**  •  94.1%
   ↳ 🛡️ **[95%+ COMPOUND LOCK] Under 3.5**  •  100.0%
   ↳ 🛡️ **[95%+ COMPOUND LOCK] Over 1.5**  •  100.0%

⚔️ **Crystal Palace** vs **Aston Villa**
   ↳ 🎯 **[HIGH ODDS TRAP] Under 2.5**  •  94.6%
   ↳ 🎯 **[HIGH ODDS TRAP] Over 2.5**  •  100.0%
   ↳ 🛡️ **[95%+ COMPOUND LOCK] Under 3.5**  •  100.0%
   ↳ 🛡️ **[95%+ COMPOUND LOCK] Over 1.5**  •  100.0%

⚔️ **Leeds** vs **Bournemouth**
   ↳ 🔮 **EXACT SCORE PREDICTION: 1-0**
   ↳ 🎯 **[HIGH ODDS TRAP] 1X2 Home Win**  •  100.0%
   ↳ 🎯 **[HIGH ODDS TRAP] Under 2.5**  •  100.0%
   ↳ 🛡️ **[95%+ COMPOUND LOCK] Under 3.5**  •  100.0%

⚔️ **Liverpool** vs **Fulham**
   ↳ 🔮 **EXACT SCORE PREDICTION: 2-0**
   ↳ 🎯 **[HIGH ODDS TRAP] 1X2 Home Win**  •  100.0%
   ↳ 🎯 **[HIGH ODDS TRAP] Under 2.5**  •  100.0%
   ↳ 🛡️ **[95%+ COMPOUND LOCK] Under 3.5**  •  100.0%
   ↳ 🛡️ **[95%+ COMPOUND LOCK] Over 1.5**  •  100.0%

⚔️ **Everton** vs **London Guns**
   ↳ 🔮 **EXACT SCORE PREDICTION: 2-2 (or higher)**
   ↳ 🎯 **[HIGH ODDS TRAP] Over 2.5**  •  100.0%
   ↳ 🛡️ **[95%+ COMPOUND LOCK] Over 1.5**  •  100.0%

⚔️ **Manchester Blue** vs **Newcastle**
   ⚠️ **[CHAOS TRAP WARNING]** Do not bet heavily. MSport RNG Target: Macro Trap (T1 vs T3)
   ↳ 🎯 **[HIGH ODDS TRAP] 1X2 Home Win**  •  100.0%
   ↳ 🎯 **[HIGH ODDS TRAP] Over 2.5**  •  100.0%
   ↳ 🛡️ **[95%+ COMPOUND LOCK] Over 1.5**  •  100.0%

⚔️ **Brighton** vs **West Ham**
   ↳ 🔮 **EXACT SCORE PREDICTION: 0-1**
   ↳ 🎯 **[HIGH ODDS TRAP] Under 2.5**  •  100.0%
   ↳ 🛡️ **[95%+ COMPOUND LOCK] Under 3.5**  •  100.0%


--- 2026-06-06T21:00:04.551121 ---
🟢 VFL CONFLUENCE LOCKS | STABLE RNG DETECTED 🟢
Matchday 16 🚨

⚔️ **Brighton** vs **Wolverhampton**
   ↳ 🎯 **[HIGH ODDS TRAP] 1X2 Home Win**  •  100.0%
   ↳ 🎯 **[HIGH ODDS TRAP] Over 2.5**  •  100.0%
   ↳ 🛡️ **[95%+ COMPOUND LOCK] Over 1.5**  •  100.0%

⚔️ **Aston Villa** vs **Manchester Red**
   ⚠️ **[CHAOS TRAP WARNING]** Do not bet heavily. MSport RNG Target: Micro Trap (B vs A)
   ↳ 🎯 **[HIGH ODDS TRAP] Over 2.5**  •  100.0%
   ↳ 🛡️ **[95%+ COMPOUND LOCK] Over 1.5**  •  100.0%

⚔️ **Liverpool** vs **Chelsea**
   ↳ 🔮 **EXACT SCORE PREDICTION: 0-2**
   ↳ 🎯 **[HIGH ODDS TRAP] 1X2 Home Win**  •  100.0%
   ↳ 🎯 **[HIGH ODDS TRAP] Under 2.5**  •  100.0%
   ↳ 🎯 **[HIGH ODDS TRAP] Over 2.5**  •  100.0%
   ↳ 🛡️ **[95%+ COMPOUND LOCK] Under 3.5**  •  100.0%
   ↳ 🛡️ **[95%+ COMPOUND LOCK] Over 1.5**  •  100.0%

⚔️ **Tottenham** vs **Bournemouth**
   ↳ 🎯 **[HIGH ODDS TRAP] 1X2 Home Win**  •  100.0%
   ↳ 🎯 **[HIGH ODDS TRAP] Under 2.5**  •  100.0%
   ↳ 🛡️ **[95%+ COMPOUND LOCK] Under 3.5**  •  100.0%

⚔️ **Everton** vs **Newcastle**
   ↳ 🎯 **[HIGH ODDS TRAP] 1X2 Home Win**  •  100.0%
   ↳ 🎯 **[HIGH ODDS TRAP] Over 2.5**  •  100.0%
   ↳ 🛡️ **[95%+ COMPOUND LOCK] Over 1.5**  •  100.0%

⚔️ **Leeds** vs **London Guns**
   ⚠️ **[CHAOS TRAP WARNING]** Do not bet heavily. MSport RNG Target: Macro Trap (T3 vs T2)
   ↳ 🔮 **EXACT SCORE PREDICTION: 0-0**
   ↳ 🎯 **[HIGH ODDS TRAP] Under 2.5**  •  95.2%
   ↳ 🛡️ **[95%+ COMPOUND LOCK] Under 3.5**  •  100.0%

⚔️ **Manchester Blue** vs **Fulham**
   ↳ 🔮 **EXACT SCORE PREDICTION: 3-0**
   ↳ 🎯 **[HIGH ODDS TRAP] 1X2 Home Win**  •  100.0%
   ↳ 🎯 **[HIGH ODDS TRAP] Over 2.5**  •  100.0%
   ↳ 🛡️ **[95%+ COMPOUND LOCK] Under 3.5**  •  100.0%
   ↳ 🛡️ **[95%+ COMPOUND LOCK] Over 1.5**  •  100.0%

⚔️ **Crystal Palace** vs **West Ham**
   ↳ 🎯 **[HIGH ODDS TRAP] 1X2 Home Win**  •  100.0%
   ↳ 🎯 **[HIGH ODDS TRAP] Over 2.5**  •  100.0%
   ↳ 🛡️ **[95%+ COMPOUND LOCK] Over 1.5**  •  100.0%


--- 2026-06-06T21:03:10.105174 ---
🟢 VFL CONFLUENCE LOCKS | STABLE RNG DETECTED 🟢
Matchday 17 🚨

⚔️ **Wolverhampton** vs **Crystal Palace**
   ↳ 🎯 **[HIGH ODDS TRAP] 1X2 Home Win**  •  100.0%
   ↳ 🎯 **[HIGH ODDS TRAP] Over 2.5**  •  100.0%
   ↳ 🛡️ **[95%+ COMPOUND LOCK] Over 1.5**  •  100.0%

⚔️ **Fulham** vs **Everton**
   ↳ 🔮 **EXACT SCORE PREDICTION: 0-1**
   ↳ 🎯 **[HIGH ODDS TRAP] Under 2.5**  •  100.0%
   ↳ 🎯 **[HIGH ODDS TRAP] Over 2.5**  •  100.0%
   ↳ 🛡️ **[95%+ COMPOUND LOCK] Under 3.5**  •  100.0%
   ↳ 🛡️ **[95%+ COMPOUND LOCK] Over 1.5**  •  100.0%

⚔️ **West Ham** vs **Aston Villa**
   ↳ 🔮 **EXACT SCORE PREDICTION: 2-2 (or higher)**
   ↳ 🎯 **[HIGH ODDS TRAP] Under 2.5**  •  99.9%
   ↳ 🎯 **[HIGH ODDS TRAP] Over 2.5**  •  100.0%
   ↳ 🛡️ **[95%+ COMPOUND LOCK] Under 3.5**  •  99.9%
   ↳ 🛡️ **[95%+ COMPOUND LOCK] Over 1.5**  •  100.0%

⚔️ **Newcastle** vs **Leeds**
   ↳ 🔮 **EXACT SCORE PREDICTION: 1-0**
   ↳ 🎯 **[HIGH ODDS TRAP] 1X2 Home Win**  •  100.0%
   ↳ 🎯 **[HIGH ODDS TRAP] Under 2.5**  •  100.0%
   ↳ 🎯 **[HIGH ODDS TRAP] Over 2.5**  •  95.1%
   ↳ 🛡️ **[95%+ COMPOUND LOCK] Under 3.5**  •  100.0%
   ↳ 🛡️ **[95%+ COMPOUND LOCK] Over 1.5**  •  95.1%

⚔️ **Bournemouth** vs **Brighton**
   ⚠️ **[CHAOS TRAP WARNING]** Do not bet heavily. MSport RNG Target: Macro Trap (T3 vs T2)
   ↳ 🔮 **EXACT SCORE PREDICTION: 0-0**
   ↳ 🎯 **[HIGH ODDS TRAP] Under 2.5**  •  100.0%
   ↳ 🛡️ **[95%+ COMPOUND LOCK] Under 3.5**  •  100.0%

⚔️ **Manchester Red** vs **Liverpool**
   ↳ 🔮 **EXACT SCORE PREDICTION: 1-1**
   ↳ 🎯 **[HIGH ODDS TRAP] 1X2 Home Win**  •  98.5%
   ↳ 🎯 **[HIGH ODDS TRAP] Under 2.5**  •  100.0%
   ↳ 🛡️ **[95%+ COMPOUND LOCK] Under 3.5**  •  100.0%
   ↳ 🛡️ **[95%+ COMPOUND LOCK] Over 1.5**  •  100.0%

⚔️ **Chelsea** vs **Manchester Blue**
   ⚠️ **[CHAOS TRAP WARNING]** Do not bet heavily. MSport RNG Target: Macro Trap (T2 vs T1)
   ↳ 🔮 **EXACT SCORE PREDICTION: 1-0**
   ↳ 🎯 **[HIGH ODDS TRAP] 1X2 Home Win**  •  100.0%
   ↳ 🎯 **[HIGH ODDS TRAP] Under 2.5**  •  100.0%
   ↳ 🛡️ **[95%+ COMPOUND LOCK] Under 3.5**  •  100.0%


--- 2026-06-06T21:14:09.286455 ---
🟢 VFL CONFLUENCE LOCKS | STABLE RNG DETECTED 🟢
Matchday 20 🚨

⚔️ **Everton** vs **Liverpool**
   ⚠️ **[CHAOS TRAP WARNING]** Do not bet heavily. MSport RNG Target: Macro Trap (T2 vs T1)
   ↳ 🎯 **[HIGH ODDS TRAP] 1X2 Home Win**  •  98.8%
   ↳ 🎯 **[HIGH ODDS TRAP] Under 2.5**  •  98.8%
   ↳ 🎯 **[HIGH ODDS TRAP] Over 2.5**  •  100.0%
   ↳ 🛡️ **[95%+ COMPOUND LOCK] Under 3.5**  •  100.0%
   ↳ 🛡️ **[95%+ COMPOUND LOCK] Over 1.5**  •  100.0%

⚔️ **Brighton** vs **Fulham**
   ↳ 🔮 **EXACT SCORE PREDICTION: 1-0**
   ↳ 🎯 **[HIGH ODDS TRAP] 1X2 Home Win**  •  100.0%
   ↳ 🎯 **[HIGH ODDS TRAP] Under 2.5**  •  100.0%
   ↳ 🎯 **[HIGH ODDS TRAP] Over 2.5**  •  99.9%
   ↳ 🛡️ **[95%+ COMPOUND LOCK] Under 3.5**  •  100.0%
   ↳ 🛡️ **[95%+ COMPOUND LOCK] Over 1.5**  •  100.0%

⚔️ **Wolverhampton** vs **Bournemouth**
   ↳ 🎯 **[HIGH ODDS TRAP] 1X2 Home Win**  •  100.0%
   ↳ 🎯 **[HIGH ODDS TRAP] Over 2.5**  •  100.0%
   ↳ 🛡️ **[95%+ COMPOUND LOCK] Under 3.5**  •  100.0%
   ↳ 🛡️ **[95%+ COMPOUND LOCK] Over 1.5**  •  100.0%

⚔️ **Crystal Palace** vs **Newcastle**
   ↳ 🔮 **EXACT SCORE PREDICTION: 1-0**
   ↳ 🎯 **[HIGH ODDS TRAP] 1X2 Home Win**  •  100.0%
   ↳ 🎯 **[HIGH ODDS TRAP] Under 2.5**  •  100.0%
   ↳ 🎯 **[HIGH ODDS TRAP] Over 2.5**  •  100.0%
   ↳ 🛡️ **[95%+ COMPOUND LOCK] Under 3.5**  •  100.0%
   ↳ 🛡️ **[95%+ COMPOUND LOCK] Over 1.5**  •  100.0%

⚔️ **Leeds** vs **Manchester Red**
   ↳ 🔮 **EXACT SCORE PREDICTION: 0-0**
   ↳ 🎯 **[HIGH ODDS TRAP] Under 2.5**  •  100.0%
   ↳ 🛡️ **[95%+ COMPOUND LOCK] Under 3.5**  •  100.0%

⚔️ **Aston Villa** vs **Manchester Blue**
   ⚠️ **[CHAOS TRAP WARNING]** Do not bet heavily. MSport RNG Target: Macro Trap (T2 vs T1)
   ↳ 🎯 **[HIGH ODDS TRAP] Under 2.5**  •  98.5%
   ↳ 🎯 **[HIGH ODDS TRAP] Over 2.5**  •  99.9%
   ↳ 🛡️ **[95%+ COMPOUND LOCK] Under 3.5**  •  99.7%
   ↳ 🛡️ **[95%+ COMPOUND LOCK] Over 1.5**  •  100.0%

⚔️ **Tottenham** vs **Chelsea**
   ↳ 🔮 **EXACT SCORE PREDICTION: 0-3**
   ↳ 🎯 **[HIGH ODDS TRAP] Over 2.5**  •  100.0%
   ↳ 🛡️ **[95%+ COMPOUND LOCK] Under 3.5**  •  100.0%
   ↳ 🛡️ **[95%+ COMPOUND LOCK] Over 1.5**  •  100.0%

⚔️ **West Ham** vs **London Guns**
   ↳ 🔮 **EXACT SCORE PREDICTION: 0-2**
   ↳ 🎯 **[HIGH ODDS TRAP] Under 2.5**  •  95.5%
   ↳ 🛡️ **[95%+ COMPOUND LOCK] Under 3.5**  •  99.9%
   ↳ 🛡️ **[95%+ COMPOUND LOCK] Over 1.5**  •  100.0%


--- 2026-06-06T21:18:10.194014 ---
🟢 VFL CONFLUENCE LOCKS | STABLE RNG DETECTED 🟢
Matchday 21 🚨

⚔️ **Manchester Blue** vs **Everton**
   ↳ 🔮 **EXACT SCORE PREDICTION: 3-0**
   ↳ 🎯 **[HIGH ODDS TRAP] 1X2 Home Win**  •  100.0%
   ↳ 🎯 **[HIGH ODDS TRAP] Over 2.5**  •  100.0%
   ↳ 🛡️ **[95%+ COMPOUND LOCK] Under 3.5**  •  100.0%
   ↳ 🛡️ **[95%+ COMPOUND LOCK] Over 1.5**  •  100.0%

⚔️ **Fulham** vs **Crystal Palace**
   ↳ 🎯 **[HIGH ODDS TRAP] Under 2.5**  •  100.0%
   ↳ 🎯 **[HIGH ODDS TRAP] Over 2.5**  •  94.6%
   ↳ 🛡️ **[95%+ COMPOUND LOCK] Under 3.5**  •  100.0%

⚔️ **Manchester Red** vs **Tottenham**
   ⚠️ **[CHAOS TRAP WARNING]** Do not bet heavily. MSport RNG Target: Macro Trap (T1 vs T3)
   ↳ 🔮 **EXACT SCORE PREDICTION: 2-1**
   ↳ 🎯 **[HIGH ODDS TRAP] 1X2 Home Win**  •  100.0%
   ↳ 🎯 **[HIGH ODDS TRAP] Over 2.5**  •  100.0%
   ↳ 🛡️ **[95%+ COMPOUND LOCK] Under 3.5**  •  98.7%
   ↳ 🛡️ **[95%+ COMPOUND LOCK] Over 1.5**  •  100.0%

⚔️ **Liverpool** vs **Leeds**
   ⚠️ **[CHAOS TRAP WARNING]** Do not bet heavily. MSport RNG Target: Macro Trap (T1 vs T3)
   ↳ 🔮 **EXACT SCORE PREDICTION: 2-1**
   ↳ 🎯 **[HIGH ODDS TRAP] 1X2 Home Win**  •  100.0%
   ↳ 🎯 **[HIGH ODDS TRAP] Under 2.5**  •  100.0%
   ↳ 🎯 **[HIGH ODDS TRAP] Over 2.5**  •  94.6%
   ↳ 🛡️ **[95%+ COMPOUND LOCK] Under 3.5**  •  100.0%
   ↳ 🛡️ **[95%+ COMPOUND LOCK] Over 1.5**  •  100.0%

⚔️ **Bournemouth** vs **Aston Villa**
   ↳ 🔮 **EXACT SCORE PREDICTION: 1-2**
   ↳ 🎯 **[HIGH ODDS TRAP] Over 2.5**  •  100.0%
   ↳ 🛡️ **[95%+ COMPOUND LOCK] Under 3.5**  •  100.0%
   ↳ 🛡️ **[95%+ COMPOUND LOCK] Over 1.5**  •  100.0%

⚔️ **Newcastle** vs **West Ham**
   ↳ 🔮 **EXACT SCORE PREDICTION: 1-2**
   ↳ 🎯 **[HIGH ODDS TRAP] 1X2 Home Win**  •  98.7%
   ↳ 🎯 **[HIGH ODDS TRAP] Over 2.5**  •  100.0%
   ↳ 🛡️ **[95%+ COMPOUND LOCK] Under 3.5**  •  100.0%
   ↳ 🛡️ **[95%+ COMPOUND LOCK] Over 1.5**  •  100.0%

⚔️ **Chelsea** vs **Brighton**
   ↳ 🔮 **EXACT SCORE PREDICTION: 2-1**
   ↳ 🎯 **[HIGH ODDS TRAP] 1X2 Home Win**  •  100.0%
   ↳ 🎯 **[HIGH ODDS TRAP] Over 2.5**  •  100.0%
   ↳ 🛡️ **[95%+ COMPOUND LOCK] Under 3.5**  •  100.0%
   ↳ 🛡️ **[95%+ COMPOUND LOCK] Over 1.5**  •  100.0%

⚔️ **London Guns** vs **Wolverhampton**
   ↳ 🔮 **EXACT SCORE PREDICTION: 2-0**
   ↳ 🎯 **[HIGH ODDS TRAP] 1X2 Home Win**  •  100.0%
   ↳ 🎯 **[HIGH ODDS TRAP] Under 2.5**  •  100.0%
   ↳ 🎯 **[HIGH ODDS TRAP] Over 2.5**  •  95.6%
   ↳ 🛡️ **[95%+ COMPOUND LOCK] Under 3.5**  •  100.0%
   ↳ 🛡️ **[95%+ COMPOUND LOCK] Over 1.5**  •  100.0%


--- 2026-06-06T21:25:09.507024 ---
🟢 VFL CONFLUENCE LOCKS | STABLE RNG DETECTED 🟢
Matchday 23 🚨

⚔️ **Manchester Red** vs **Crystal Palace**
   ↳ 🔮 **EXACT SCORE PREDICTION: 2-2 (or higher)**
   ↳ 🎯 **[HIGH ODDS TRAP] 1X2 Home Win**  •  100.0%
   ↳ 🎯 **[HIGH ODDS TRAP] Over 2.5**  •  100.0%
   ↳ 🛡️ **[95%+ COMPOUND LOCK] Under 3.5**  •  100.0%
   ↳ 🛡️ **[95%+ COMPOUND LOCK] Over 1.5**  •  100.0%

⚔️ **Newcastle** vs **Bournemouth**
   ↳ 🔮 **EXACT SCORE PREDICTION: 2-1**
   ↳ 🎯 **[HIGH ODDS TRAP] 1X2 Home Win**  •  100.0%
   ↳ 🎯 **[HIGH ODDS TRAP] Over 2.5**  •  100.0%
   ↳ 🛡️ **[95%+ COMPOUND LOCK] Under 3.5**  •  100.0%
   ↳ 🛡️ **[95%+ COMPOUND LOCK] Over 1.5**  •  100.0%

⚔️ **Liverpool** vs **Brighton**
   ↳ 🔮 **EXACT SCORE PREDICTION: 1-0**
   ↳ 🎯 **[HIGH ODDS TRAP] 1X2 Home Win**  •  100.0%
   ↳ 🎯 **[HIGH ODDS TRAP] Under 2.5**  •  100.0%
   ↳ 🛡️ **[95%+ COMPOUND LOCK] Under 3.5**  •  100.0%

⚔️ **Chelsea** vs **West Ham**
   ↳ 🎯 **[HIGH ODDS TRAP] 1X2 Home Win**  •  100.0%
   ↳ 🎯 **[HIGH ODDS TRAP] Over 2.5**  •  100.0%
   ↳ 🛡️ **[95%+ COMPOUND LOCK] Over 1.5**  •  100.0%

⚔️ **Fulham** vs **Wolverhampton**
   ↳ 🔮 **EXACT SCORE PREDICTION: 1-2**
   ↳ 🎯 **[HIGH ODDS TRAP] 1X2 Home Win**  •  95.1%
   ↳ 🎯 **[HIGH ODDS TRAP] Over 2.5**  •  100.0%
   ↳ 🛡️ **[95%+ COMPOUND LOCK] Under 3.5**  •  100.0%
   ↳ 🛡️ **[95%+ COMPOUND LOCK] Over 1.5**  •  100.0%

⚔️ **Everton** vs **Leeds**
   ↳ 🔮 **EXACT SCORE PREDICTION: 2-1**
   ↳ 🎯 **[HIGH ODDS TRAP] 1X2 Home Win**  •  100.0%
   ↳ 🎯 **[HIGH ODDS TRAP] Over 2.5**  •  100.0%
   ↳ 🛡️ **[95%+ COMPOUND LOCK] Under 3.5**  •  100.0%
   ↳ 🛡️ **[95%+ COMPOUND LOCK] Over 1.5**  •  100.0%

⚔️ **Manchester Blue** vs **Tottenham**
   ⚠️ **[CHAOS TRAP WARNING]** Do not bet heavily. MSport RNG Target: Macro Trap (T1 vs T3)
   ↳ 🔮 **EXACT SCORE PREDICTION: 1-2**
   ↳ 🎯 **[HIGH ODDS TRAP] Over 2.5**  •  100.0%
   ↳ 🛡️ **[95%+ COMPOUND LOCK] Under 3.5**  •  100.0%
   ↳ 🛡️ **[95%+ COMPOUND LOCK] Over 1.5**  •  100.0%

⚔️ **London Guns** vs **Aston Villa**
   ⚠️ **[CHAOS TRAP WARNING]** Do not bet heavily. MSport RNG Target: Macro Trap (T2 vs T1)
   ↳ 🎯 **[HIGH ODDS TRAP] 1X2 Home Win**  •  100.0%
   ↳ 🎯 **[HIGH ODDS TRAP] Over 2.5**  •  100.0%
   ↳ 🛡️ **[95%+ COMPOUND LOCK] Over 1.5**  •  100.0%


--- 2026-06-06T21:29:10.138096 ---
🟢 VFL CONFLUENCE LOCKS | STABLE RNG DETECTED 🟢
Matchday 24 🚨

⚔️ **Brighton** vs **Manchester Blue**
   ⚠️ **[CHAOS TRAP WARNING]** Do not bet heavily. MSport RNG Target: Macro Trap (T2 vs T1)
   ↳ 🔮 **EXACT SCORE PREDICTION: 0-3**
   ↳ 🎯 **[HIGH ODDS TRAP] Over 2.5**  •  100.0%
   ↳ 🛡️ **[95%+ COMPOUND LOCK] Under 3.5**  •  100.0%
   ↳ 🛡️ **[95%+ COMPOUND LOCK] Over 1.5**  •  100.0%

⚔️ **Crystal Palace** vs **Liverpool**
   ↳ 🔮 **EXACT SCORE PREDICTION: 0-0**
   ↳ 🎯 **[HIGH ODDS TRAP] Under 2.5**  •  100.0%
   ↳ 🛡️ **[95%+ COMPOUND LOCK] Under 3.5**  •  100.0%

⚔️ **Bournemouth** vs **Fulham**
   ↳ 🔮 **EXACT SCORE PREDICTION: 1-1**
   ↳ 🎯 **[HIGH ODDS TRAP] Under 2.5**  •  100.0%
   ↳ 🛡️ **[95%+ COMPOUND LOCK] Under 3.5**  •  100.0%
   ↳ 🛡️ **[95%+ COMPOUND LOCK] Over 1.5**  •  100.0%

⚔️ **Wolverhampton** vs **Chelsea**
   ⚠️ **[CHAOS TRAP WARNING]** Do not bet heavily. MSport RNG Target: Macro Trap (T3 vs T2)
   ↳ 🎯 **[HIGH ODDS TRAP] Over 2.5**  •  100.0%
   ↳ 🛡️ **[95%+ COMPOUND LOCK] Over 1.5**  •  100.0%

⚔️ **West Ham** vs **Manchester Red**
   ↳ 🔮 **EXACT SCORE PREDICTION: 2-2 (or higher)**
   ↳ 🎯 **[HIGH ODDS TRAP] Under 2.5**  •  99.7%
   ↳ 🎯 **[HIGH ODDS TRAP] Over 2.5**  •  100.0%
   ↳ 🛡️ **[95%+ COMPOUND LOCK] Under 3.5**  •  99.7%
   ↳ 🛡️ **[95%+ COMPOUND LOCK] Over 1.5**  •  100.0%

⚔️ **Tottenham** vs **Everton**
   ⚠️ **[CHAOS TRAP WARNING]** Do not bet heavily. MSport RNG Target: Macro Trap (T3 vs T2)
   ↳ 🔮 **EXACT SCORE PREDICTION: 0-0**
   ↳ 🎯 **[HIGH ODDS TRAP] Under 2.5**  •  100.0%
   ↳ 🛡️ **[95%+ COMPOUND LOCK] Under 3.5**  •  100.0%

⚔️ **Aston Villa** vs **Leeds**
   ↳ 🔮 **EXACT SCORE PREDICTION: 1-2**
   ↳ 🎯 **[HIGH ODDS TRAP] 1X2 Home Win**  •  100.0%
   ↳ 🎯 **[HIGH ODDS TRAP] Over 2.5**  •  100.0%
   ↳ 🛡️ **[95%+ COMPOUND LOCK] Under 3.5**  •  100.0%
   ↳ 🛡️ **[95%+ COMPOUND LOCK] Over 1.5**  •  100.0%

⚔️ **London Guns** vs **Newcastle**
   ↳ 🎯 **[HIGH ODDS TRAP] Over 2.5**  •  100.0%
   ↳ 🛡️ **[95%+ COMPOUND LOCK] Over 1.5**  •  100.0%


--- 2026-06-06T21:36:10.301583 ---
🟢 VFL CONFLUENCE LOCKS | STABLE RNG DETECTED 🟢
Matchday 26 🚨

⚔️ **Bournemouth** vs **Manchester Red**
   ↳ 🔮 **EXACT SCORE PREDICTION: 1-1**
   ↳ 🎯 **[HIGH ODDS TRAP] Under 2.5**  •  100.0%
   ↳ 🎯 **[HIGH ODDS TRAP] Over 2.5**  •  99.8%
   ↳ 🛡️ **[95%+ COMPOUND LOCK] Under 3.5**  •  100.0%
   ↳ 🛡️ **[95%+ COMPOUND LOCK] Over 1.5**  •  100.0%

⚔️ **Brighton** vs **Leeds**
   ↳ 🔮 **EXACT SCORE PREDICTION: 2-0**
   ↳ 🎯 **[HIGH ODDS TRAP] 1X2 Home Win**  •  100.0%
   ↳ 🎯 **[HIGH ODDS TRAP] Under 2.5**  •  100.0%
   ↳ 🛡️ **[95%+ COMPOUND LOCK] Under 3.5**  •  100.0%
   ↳ 🛡️ **[95%+ COMPOUND LOCK] Over 1.5**  •  100.0%

⚔️ **Newcastle** vs **Fulham**
   ↳ 🔮 **EXACT SCORE PREDICTION: 0-2**
   ↳ 🎯 **[HIGH ODDS TRAP] 1X2 Home Win**  •  100.0%
   ↳ 🎯 **[HIGH ODDS TRAP] Under 2.5**  •  100.0%
   ↳ 🎯 **[HIGH ODDS TRAP] Over 2.5**  •  100.0%
   ↳ 🛡️ **[95%+ COMPOUND LOCK] Under 3.5**  •  100.0%
   ↳ 🛡️ **[95%+ COMPOUND LOCK] Over 1.5**  •  100.0%

⚔️ **West Ham** vs **Manchester Blue**
   ↳ 🎯 **[HIGH ODDS TRAP] Over 2.5**  •  100.0%
   ↳ 🛡️ **[95%+ COMPOUND LOCK] Over 1.5**  •  100.0%

⚔️ **Wolverhampton** vs **Liverpool**
   ↳ 🎯 **[HIGH ODDS TRAP] 1X2 Home Win**  •  95.1%
   ↳ 🎯 **[HIGH ODDS TRAP] Over 2.5**  •  100.0%
   ↳ 🛡️ **[95%+ COMPOUND LOCK] Under 3.5**  •  95.1%
   ↳ 🛡️ **[95%+ COMPOUND LOCK] Over 1.5**  •  100.0%

⚔️ **London Guns** vs **Chelsea**
   ↳ 🔮 **EXACT SCORE PREDICTION: 0-3**
   ↳ 🎯 **[HIGH ODDS TRAP] Over 2.5**  •  100.0%
   ↳ 🛡️ **[95%+ COMPOUND LOCK] Under 3.5**  •  100.0%
   ↳ 🛡️ **[95%+ COMPOUND LOCK] Over 1.5**  •  100.0%

⚔️ **Aston Villa** vs **Tottenham**
   ⚠️ **[CHAOS TRAP WARNING]** Do not bet heavily. MSport RNG Target: Macro Trap (T1 vs T3)
   ↳ 🔮 **EXACT SCORE PREDICTION: 0-1**
   ↳ 🎯 **[HIGH ODDS TRAP] Under 2.5**  •  100.0%
   ↳ 🛡️ **[95%+ COMPOUND LOCK] Under 3.5**  •  100.0%

⚔️ **Crystal Palace** vs **Everton**
   ↳ 🔮 **EXACT SCORE PREDICTION: 1-1**
   ↳ 🎯 **[HIGH ODDS TRAP] Under 2.5**  •  100.0%
   ↳ 🛡️ **[95%+ COMPOUND LOCK] Under 3.5**  •  100.0%
   ↳ 🛡️ **[95%+ COMPOUND LOCK] Over 1.5**  •  99.9%


--- 2026-06-06T21:40:10.426882 ---
🟢 VFL CONFLUENCE LOCKS | STABLE RNG DETECTED 🟢
Matchday 27 🚨

⚔️ **Manchester Blue** vs **Wolverhampton**
   ↳ 🎯 **[HIGH ODDS TRAP] 1X2 Home Win**  •  100.0%
   ↳ 🎯 **[HIGH ODDS TRAP] Over 2.5**  •  100.0%
   ↳ 🛡️ **[95%+ COMPOUND LOCK] Over 1.5**  •  100.0%

⚔️ **Fulham** vs **Aston Villa**
   ↳ 🔮 **EXACT SCORE PREDICTION: 1-0**
   ↳ 🎯 **[HIGH ODDS TRAP] 1X2 Home Win**  •  100.0%
   ↳ 🎯 **[HIGH ODDS TRAP] Under 2.5**  •  100.0%
   ↳ 🎯 **[HIGH ODDS TRAP] Over 2.5**  •  100.0%
   ↳ 🛡️ **[95%+ COMPOUND LOCK] Under 3.5**  •  100.0%
   ↳ 🛡️ **[95%+ COMPOUND LOCK] Over 1.5**  •  100.0%

⚔️ **Everton** vs **West Ham**
   ↳ 🔮 **EXACT SCORE PREDICTION: 1-0**
   ↳ 🎯 **[HIGH ODDS TRAP] 1X2 Home Win**  •  100.0%
   ↳ 🎯 **[HIGH ODDS TRAP] Under 2.5**  •  100.0%
   ↳ 🛡️ **[95%+ COMPOUND LOCK] Under 3.5**  •  100.0%
   ↳ 🛡️ **[95%+ COMPOUND LOCK] Over 1.5**  •  100.0%

⚔️ **Leeds** vs **Crystal Palace**
   ↳ 🔮 **EXACT SCORE PREDICTION: 1-2**
   ↳ 🎯 **[HIGH ODDS TRAP] Over 2.5**  •  100.0%
   ↳ 🛡️ **[95%+ COMPOUND LOCK] Under 3.5**  •  100.0%
   ↳ 🛡️ **[95%+ COMPOUND LOCK] Over 1.5**  •  100.0%

⚔️ **Liverpool** vs **Bournemouth**
   ↳ 🔮 **EXACT SCORE PREDICTION: 2-1**
   ↳ 🎯 **[HIGH ODDS TRAP] 1X2 Home Win**  •  100.0%
   ↳ 🎯 **[HIGH ODDS TRAP] Under 2.5**  •  99.7%
   ↳ 🎯 **[HIGH ODDS TRAP] Over 2.5**  •  98.7%
   ↳ 🛡️ **[95%+ COMPOUND LOCK] Under 3.5**  •  100.0%
   ↳ 🛡️ **[95%+ COMPOUND LOCK] Over 1.5**  •  100.0%

⚔️ **Manchester Red** vs **London Guns**
   ↳ 🔮 **EXACT SCORE PREDICTION: 0-0**
   ↳ 🎯 **[HIGH ODDS TRAP] Under 2.5**  •  100.0%
   ↳ 🛡️ **[95%+ COMPOUND LOCK] Under 3.5**  •  100.0%
   ↳ 🛡️ **[95%+ COMPOUND LOCK] Over 1.5**  •  95.6%

⚔️ **Chelsea** vs **Newcastle**
   ↳ 🔮 **EXACT SCORE PREDICTION: 2-0**
   ↳ 🎯 **[HIGH ODDS TRAP] 1X2 Home Win**  •  100.0%
   ↳ 🎯 **[HIGH ODDS TRAP] Under 2.5**  •  100.0%
   ↳ 🛡️ **[95%+ COMPOUND LOCK] Under 3.5**  •  100.0%
   ↳ 🛡️ **[95%+ COMPOUND LOCK] Over 1.5**  •  100.0%


--- 2026-06-06T21:51:10.465301 ---
🟢 VFL CONFLUENCE LOCKS | STABLE RNG DETECTED 🟢
Matchday 30 🚨

⚔️ **West Ham** vs **Brighton**
   ⚠️ **[CHAOS TRAP WARNING]** Do not bet heavily. MSport RNG Target: Macro Trap (T3 vs T2)
   ↳ 🔮 **EXACT SCORE PREDICTION: 1-1**
   ↳ 🎯 **[HIGH ODDS TRAP] 1X2 Home Win**  •  100.0%
   ↳ 🎯 **[HIGH ODDS TRAP] Under 2.5**  •  100.0%
   ↳ 🛡️ **[95%+ COMPOUND LOCK] Under 3.5**  •  100.0%
   ↳ 🛡️ **[95%+ COMPOUND LOCK] Over 1.5**  •  100.0%

⚔️ **Chelsea** vs **Manchester Red**
   ⚠️ **[CHAOS TRAP WARNING]** Do not bet heavily. MSport RNG Target: Macro Trap (T2 vs T1)
   ↳ 🔮 **EXACT SCORE PREDICTION: 0-2**
   ↳ 🎯 **[HIGH ODDS TRAP] Under 2.5**  •  100.0%
   ↳ 🎯 **[HIGH ODDS TRAP] Over 2.5**  •  99.9%
   ↳ 🛡️ **[95%+ COMPOUND LOCK] Under 3.5**  •  100.0%
   ↳ 🛡️ **[95%+ COMPOUND LOCK] Over 1.5**  •  100.0%

⚔️ **Aston Villa** vs **Crystal Palace**
   ↳ 🔮 **EXACT SCORE PREDICTION: 0-1**
   ↳ 🎯 **[HIGH ODDS TRAP] 1X2 Home Win**  •  99.0%
   ↳ 🎯 **[HIGH ODDS TRAP] Under 2.5**  •  100.0%
   ↳ 🎯 **[HIGH ODDS TRAP] Over 2.5**  •  99.0%
   ↳ 🛡️ **[95%+ COMPOUND LOCK] Under 3.5**  •  100.0%
   ↳ 🛡️ **[95%+ COMPOUND LOCK] Over 1.5**  •  99.0%

⚔️ **Bournemouth** vs **Leeds**
   ↳ 🔮 **EXACT SCORE PREDICTION: 2-1**
   ↳ 🎯 **[HIGH ODDS TRAP] 1X2 Home Win**  •  100.0%
   ↳ 🎯 **[HIGH ODDS TRAP] Over 2.5**  •  100.0%
   ↳ 🛡️ **[95%+ COMPOUND LOCK] Under 3.5**  •  100.0%
   ↳ 🛡️ **[95%+ COMPOUND LOCK] Over 1.5**  •  100.0%

⚔️ **Fulham** vs **Liverpool**
   ↳ 🔮 **EXACT SCORE PREDICTION: 1-0**
   ↳ 🎯 **[HIGH ODDS TRAP] 1X2 Home Win**  •  100.0%
   ↳ 🎯 **[HIGH ODDS TRAP] Under 2.5**  •  100.0%
   ↳ 🎯 **[HIGH ODDS TRAP] Over 2.5**  •  99.7%
   ↳ 🛡️ **[95%+ COMPOUND LOCK] Under 3.5**  •  100.0%
   ↳ 🛡️ **[95%+ COMPOUND LOCK] Over 1.5**  •  99.7%

⚔️ **Wolverhampton** vs **Tottenham**
   ⚠️ **[CHAOS TRAP WARNING]** Do not bet heavily. MSport RNG Target: Specific Team Chaos
   ↳ 🔮 **EXACT SCORE PREDICTION: 0-3**
   ↳ 🎯 **[HIGH ODDS TRAP] Over 2.5**  •  100.0%
   ↳ 🛡️ **[95%+ COMPOUND LOCK] Under 3.5**  •  100.0%
   ↳ 🛡️ **[95%+ COMPOUND LOCK] Over 1.5**  •  100.0%

⚔️ **London Guns** vs **Everton**
   ↳ 🔮 **EXACT SCORE PREDICTION: 3-0**
   ↳ 🎯 **[HIGH ODDS TRAP] 1X2 Home Win**  •  100.0%
   ↳ 🎯 **[HIGH ODDS TRAP] Under 2.5**  •  94.6%
   ↳ 🎯 **[HIGH ODDS TRAP] Over 2.5**  •  100.0%
   ↳ 🛡️ **[95%+ COMPOUND LOCK] Under 3.5**  •  100.0%
   ↳ 🛡️ **[95%+ COMPOUND LOCK] Over 1.5**  •  100.0%

⚔️ **Newcastle** vs **Manchester Blue**
   ↳ 🔮 **EXACT SCORE PREDICTION: 1-2**
   ↳ 🎯 **[HIGH ODDS TRAP] Under 2.5**  •  100.0%
   ↳ 🎯 **[HIGH ODDS TRAP] Over 2.5**  •  99.9%
   ↳ 🛡️ **[95%+ COMPOUND LOCK] Under 3.5**  •  100.0%
   ↳ 🛡️ **[95%+ COMPOUND LOCK] Over 1.5**  •  99.9%


--- 2026-06-06T21:54:12.620254 ---
🟢 VFL CONFLUENCE LOCKS | STABLE RNG DETECTED 🟢
Matchday 1 🚨

⚔️ **Liverpool** vs **Leeds**
   ⚠️ **[CHAOS TRAP WARNING]** Do not bet heavily. MSport RNG Target: Macro Trap (T1 vs T3)
   ↳ 🎯 **[HIGH ODDS TRAP] 1X2 Home Win**  •  100.0%
   ↳ 🎯 **[HIGH ODDS TRAP] Under 2.5**  •  100.0%
   ↳ 🎯 **[HIGH ODDS TRAP] Over 2.5**  •  100.0%
   ↳ 🛡️ **[95%+ COMPOUND LOCK] Under 3.5**  •  100.0%
   ↳ 🛡️ **[95%+ COMPOUND LOCK] Over 1.5**  •  100.0%

⚔️ **Brighton** vs **West Ham**
   ↳ 🔮 **EXACT SCORE PREDICTION: 0-1**
   ↳ 🎯 **[HIGH ODDS TRAP] Under 2.5**  •  100.0%
   ↳ 🛡️ **[95%+ COMPOUND LOCK] Under 3.5**  •  100.0%

⚔️ **Fulham** vs **Aston Villa**
   ↳ 🔮 **EXACT SCORE PREDICTION: 1-0**
   ↳ 🎯 **[HIGH ODDS TRAP] 1X2 Home Win**  •  100.0%
   ↳ 🎯 **[HIGH ODDS TRAP] Under 2.5**  •  100.0%
   ↳ 🎯 **[HIGH ODDS TRAP] Over 2.5**  •  100.0%
   ↳ 🛡️ **[95%+ COMPOUND LOCK] Under 3.5**  •  100.0%
   ↳ 🛡️ **[95%+ COMPOUND LOCK] Over 1.5**  •  100.0%

⚔️ **Manchester Red** vs **Bournemouth**
   ↳ 🎯 **[HIGH ODDS TRAP] 1X2 Home Win**  •  100.0%
   ↳ 🎯 **[HIGH ODDS TRAP] Over 2.5**  •  99.7%
   ↳ 🛡️ **[95%+ COMPOUND LOCK] Over 1.5**  •  100.0%

⚔️ **Tottenham** vs **Manchester Blue**
   ↳ 🎯 **[HIGH ODDS TRAP] 1X2 Home Win**  •  100.0%
   ↳ 🎯 **[HIGH ODDS TRAP] Over 2.5**  •  100.0%
   ↳ 🛡️ **[95%+ COMPOUND LOCK] Over 1.5**  •  100.0%

⚔️ **Everton** vs **Wolverhampton**
   ↳ 🎯 **[HIGH ODDS TRAP] 1X2 Home Win**  •  100.0%
   ↳ 🎯 **[HIGH ODDS TRAP] Over 2.5**  •  100.0%
   ↳ 🛡️ **[95%+ COMPOUND LOCK] Under 3.5**  •  98.8%
   ↳ 🛡️ **[95%+ COMPOUND LOCK] Over 1.5**  •  100.0%

⚔️ **Crystal Palace** vs **Newcastle**
   ↳ 🔮 **EXACT SCORE PREDICTION: 0-1**
   ↳ 🎯 **[HIGH ODDS TRAP] Under 2.5**  •  99.7%
   ↳ 🎯 **[HIGH ODDS TRAP] Over 2.5**  •  100.0%
   ↳ 🛡️ **[95%+ COMPOUND LOCK] Under 3.5**  •  100.0%
   ↳ 🛡️ **[95%+ COMPOUND LOCK] Over 1.5**  •  100.0%

⚔️ **London Guns** vs **Chelsea**
   ↳ 🔮 **EXACT SCORE PREDICTION: 0-3**
   ↳ 🎯 **[HIGH ODDS TRAP] Over 2.5**  •  100.0%
   ↳ 🛡️ **[95%+ COMPOUND LOCK] Under 3.5**  •  100.0%
   ↳ 🛡️ **[95%+ COMPOUND LOCK] Over 1.5**  •  100.0%


--- 2026-06-06T22:04:03.139384 ---
🟢 VFL CONFLUENCE LOCKS | STABLE RNG DETECTED 🟢
Matchday 3 🚨

⚔️ **Brighton** vs **Bournemouth**
   ↳ 🔮 **EXACT SCORE PREDICTION: 1-0**
   ↳ 🎯 **[HIGH ODDS TRAP] 1X2 Home Win**  •  100.0%
   ↳ 🎯 **[HIGH ODDS TRAP] Under 2.5**  •  100.0%
   ↳ 🛡️ **[95%+ COMPOUND LOCK] Under 3.5**  •  100.0%

⚔️ **Chelsea** vs **Newcastle**
   ↳ 🎯 **[HIGH ODDS TRAP] 1X2 Home Win**  •  100.0%
   ↳ 🎯 **[HIGH ODDS TRAP] Over 2.5**  •  100.0%
   ↳ 🛡️ **[95%+ COMPOUND LOCK] Over 1.5**  •  100.0%

⚔️ **Fulham** vs **Leeds**
   ↳ 🔮 **EXACT SCORE PREDICTION: 2-1**
   ↳ 🎯 **[HIGH ODDS TRAP] 1X2 Home Win**  •  100.0%
   ↳ 🎯 **[HIGH ODDS TRAP] Over 2.5**  •  100.0%
   ↳ 🛡️ **[95%+ COMPOUND LOCK] Under 3.5**  •  100.0%
   ↳ 🛡️ **[95%+ COMPOUND LOCK] Over 1.5**  •  100.0%

⚔️ **Liverpool** vs **Everton**
   ↳ 🔮 **EXACT SCORE PREDICTION: 1-0**
   ↳ 🎯 **[HIGH ODDS TRAP] 1X2 Home Win**  •  99.9%
   ↳ 🎯 **[HIGH ODDS TRAP] Under 2.5**  •  99.9%
   ↳ 🛡️ **[95%+ COMPOUND LOCK] Under 3.5**  •  100.0%

⚔️ **London Guns** vs **West Ham**
   ↳ 🎯 **[HIGH ODDS TRAP] 1X2 Home Win**  •  100.0%
   ↳ 🎯 **[HIGH ODDS TRAP] Over 2.5**  •  100.0%
   ↳ 🛡️ **[95%+ COMPOUND LOCK] Over 1.5**  •  100.0%

⚔️ **Manchester Red** vs **Wolverhampton**
   ⚠️ **[CHAOS TRAP WARNING]** Do not bet heavily. MSport RNG Target: Macro Trap (T1 vs T3)
   ↳ 🔮 **EXACT SCORE PREDICTION: 2-2 (or higher)**
   ↳ 🎯 **[HIGH ODDS TRAP] Under 2.5**  •  99.8%
   ↳ 🎯 **[HIGH ODDS TRAP] Over 2.5**  •  100.0%
   ↳ 🛡️ **[95%+ COMPOUND LOCK] Under 3.5**  •  99.8%
   ↳ 🛡️ **[95%+ COMPOUND LOCK] Over 1.5**  •  100.0%

⚔️ **Tottenham** vs **Aston Villa**
   ⚠️ **[CHAOS TRAP WARNING]** Do not bet heavily. MSport RNG Target: Macro Trap (T3 vs T2)
   ↳ 🎯 **[HIGH ODDS TRAP] 1X2 Home Win**  •  100.0%
   ↳ 🎯 **[HIGH ODDS TRAP] Over 2.5**  •  100.0%
   ↳ 🛡️ **[95%+ COMPOUND LOCK] Over 1.5**  •  100.0%


--- 2026-06-06T22:15:09.371341 ---
🟢 VFL CONFLUENCE LOCKS | STABLE RNG DETECTED 🟢
Matchday 6 🚨

⚔️ **Bournemouth** vs **Crystal Palace**
   ↳ 🎯 **[HIGH ODDS TRAP] 1X2 Home Win**  •  99.7%
   ↳ 🎯 **[HIGH ODDS TRAP] Over 2.5**  •  99.7%
   ↳ 🛡️ **[95%+ COMPOUND LOCK] Over 1.5**  •  99.7%

⚔️ **Everton** vs **Brighton**
   ↳ 🔮 **EXACT SCORE PREDICTION: 1-1**
   ↳ 🎯 **[HIGH ODDS TRAP] Under 2.5**  •  100.0%
   ↳ 🛡️ **[95%+ COMPOUND LOCK] Under 3.5**  •  100.0%
   ↳ 🛡️ **[95%+ COMPOUND LOCK] Over 1.5**  •  100.0%

⚔️ **Leeds** vs **London Guns**
   ↳ 🔮 **EXACT SCORE PREDICTION: 0-2**
   ↳ 🎯 **[HIGH ODDS TRAP] Under 2.5**  •  100.0%
   ↳ 🛡️ **[95%+ COMPOUND LOCK] Under 3.5**  •  100.0%
   ↳ 🛡️ **[95%+ COMPOUND LOCK] Over 1.5**  •  100.0%

⚔️ **West Ham** vs **Manchester Blue**
   ↳ 🔮 **EXACT SCORE PREDICTION: 0-0**
   ↳ 🎯 **[HIGH ODDS TRAP] Under 2.5**  •  100.0%
   ↳ 🛡️ **[95%+ COMPOUND LOCK] Under 3.5**  •  100.0%

⚔️ **Wolverhampton** vs **Tottenham**
   ⚠️ **[CHAOS TRAP WARNING]** Do not bet heavily. MSport RNG Target: Macro Trap (T2 vs T1)
   ↳ 🔮 **EXACT SCORE PREDICTION: 1-0**
   ↳ 🎯 **[HIGH ODDS TRAP] 1X2 Home Win**  •  100.0%
   ↳ 🎯 **[HIGH ODDS TRAP] Under 2.5**  •  100.0%
   ↳ 🛡️ **[95%+ COMPOUND LOCK] Under 3.5**  •  100.0%

⚔️ **Liverpool** vs **Fulham**
   ↳ 🔮 **EXACT SCORE PREDICTION: 0-1**
   ↳ 🎯 **[HIGH ODDS TRAP] 1X2 Home Win**  •  99.7%
   ↳ 🎯 **[HIGH ODDS TRAP] Under 2.5**  •  100.0%
   ↳ 🎯 **[HIGH ODDS TRAP] Over 2.5**  •  98.6%
   ↳ 🛡️ **[95%+ COMPOUND LOCK] Under 3.5**  •  100.0%
   ↳ 🛡️ **[95%+ COMPOUND LOCK] Over 1.5**  •  100.0%

⚔️ **Aston Villa** vs **Chelsea**
   ↳ 🔮 **EXACT SCORE PREDICTION: 0-0**
   ↳ 🎯 **[HIGH ODDS TRAP] Under 2.5**  •  100.0%
   ↳ 🛡️ **[95%+ COMPOUND LOCK] Under 3.5**  •  100.0%

⚔️ **Newcastle** vs **Manchester Red**
   ↳ 🎯 **[HIGH ODDS TRAP] Over 2.5**  •  100.0%
   ↳ 🛡️ **[95%+ COMPOUND LOCK] Under 3.5**  •  99.7%
   ↳ 🛡️ **[95%+ COMPOUND LOCK] Over 1.5**  •  100.0%


--- 2026-06-06T22:30:03.642213 ---
🟢 VFL CONFLUENCE LOCKS | STABLE RNG DETECTED 🟢
Matchday 10 🚨

⚔️ **Liverpool** vs **Crystal Palace**
   ↳ 🎯 **[HIGH ODDS TRAP] 1X2 Home Win**  •  100.0%
   ↳ 🎯 **[HIGH ODDS TRAP] Over 2.5**  •  100.0%
   ↳ 🛡️ **[95%+ COMPOUND LOCK] Over 1.5**  •  100.0%

⚔️ **Wolverhampton** vs **Manchester Blue**
   ⚠️ **[CHAOS TRAP WARNING]** Do not bet heavily. MSport RNG Target: Macro Trap (T2 vs T1)
   ↳ 🔮 **EXACT SCORE PREDICTION: 2-2 (or higher)**
   ↳ 🎯 **[HIGH ODDS TRAP] Under 2.5**  •  100.0%
   ↳ 🎯 **[HIGH ODDS TRAP] Over 2.5**  •  100.0%
   ↳ 🛡️ **[95%+ COMPOUND LOCK] Under 3.5**  •  100.0%
   ↳ 🛡️ **[95%+ COMPOUND LOCK] Over 1.5**  •  100.0%

⚔️ **Everton** vs **Chelsea**
   ↳ 🔮 **EXACT SCORE PREDICTION: 0-1**
   ↳ 🎯 **[HIGH ODDS TRAP] 1X2 Home Win**  •  100.0%
   ↳ 🎯 **[HIGH ODDS TRAP] Under 2.5**  •  100.0%
   ↳ 🛡️ **[95%+ COMPOUND LOCK] Under 3.5**  •  100.0%
   ↳ 🛡️ **[95%+ COMPOUND LOCK] Over 1.5**  •  99.9%

⚔️ **Newcastle** vs **Brighton**
   ↳ 🔮 **EXACT SCORE PREDICTION: 1-0**
   ↳ 🎯 **[HIGH ODDS TRAP] 1X2 Home Win**  •  100.0%
   ↳ 🎯 **[HIGH ODDS TRAP] Under 2.5**  •  100.0%
   ↳ 🛡️ **[95%+ COMPOUND LOCK] Under 3.5**  •  100.0%

⚔️ **Leeds** vs **West Ham**
   ↳ 🔮 **EXACT SCORE PREDICTION: 2-2 (or higher)**
   ↳ 🎯 **[HIGH ODDS TRAP] Over 2.5**  •  100.0%
   ↳ 🛡️ **[95%+ COMPOUND LOCK] Over 1.5**  •  100.0%

⚔️ **Fulham** vs **Tottenham**
   ↳ 🔮 **EXACT SCORE PREDICTION: 1-1**
   ↳ 🎯 **[HIGH ODDS TRAP] Under 2.5**  •  100.0%
   ↳ 🎯 **[HIGH ODDS TRAP] Over 2.5**  •  96.2%
   ↳ 🛡️ **[95%+ COMPOUND LOCK] Under 3.5**  •  100.0%
   ↳ 🛡️ **[95%+ COMPOUND LOCK] Over 1.5**  •  98.8%

⚔️ **Manchester Red** vs **London Guns**
   ↳ 🔮 **EXACT SCORE PREDICTION: 1-1**
   ↳ 🎯 **[HIGH ODDS TRAP] Under 2.5**  •  100.0%
   ↳ 🛡️ **[95%+ COMPOUND LOCK] Under 3.5**  •  100.0%
   ↳ 🛡️ **[95%+ COMPOUND LOCK] Over 1.5**  •  100.0%

⚔️ **Bournemouth** vs **Aston Villa**
   ↳ 🔮 **EXACT SCORE PREDICTION: 1-1**
   ↳ 🎯 **[HIGH ODDS TRAP] Under 2.5**  •  100.0%
   ↳ 🛡️ **[95%+ COMPOUND LOCK] Under 3.5**  •  100.0%
   ↳ 🛡️ **[95%+ COMPOUND LOCK] Over 1.5**  •  100.0%


--- 2026-06-06T22:40:07.897195 ---
🟢 VFL CONFLUENCE LOCKS | STABLE RNG DETECTED 🟢
Matchday 12 🚨

⚔️ **Everton** vs **West Ham**
   ↳ 🔮 **EXACT SCORE PREDICTION: 0-1**
   ↳ 🎯 **[HIGH ODDS TRAP] 1X2 Home Win**  •  100.0%
   ↳ 🎯 **[HIGH ODDS TRAP] Under 2.5**  •  100.0%
   ↳ 🎯 **[HIGH ODDS TRAP] Over 2.5**  •  100.0%
   ↳ 🛡️ **[95%+ COMPOUND LOCK] Under 3.5**  •  100.0%
   ↳ 🛡️ **[95%+ COMPOUND LOCK] Over 1.5**  •  100.0%

⚔️ **Manchester Red** vs **Chelsea**
   ↳ 🔮 **EXACT SCORE PREDICTION: 0-0**
   ↳ 🎯 **[HIGH ODDS TRAP] Under 2.5**  •  100.0%
   ↳ 🛡️ **[95%+ COMPOUND LOCK] Under 3.5**  •  100.0%

⚔️ **Fulham** vs **Crystal Palace**
   ↳ 🔮 **EXACT SCORE PREDICTION: 1-0**
   ↳ 🎯 **[HIGH ODDS TRAP] 1X2 Home Win**  •  98.7%
   ↳ 🎯 **[HIGH ODDS TRAP] Under 2.5**  •  100.0%
   ↳ 🛡️ **[95%+ COMPOUND LOCK] Under 3.5**  •  100.0%

⚔️ **Liverpool** vs **Manchester Blue**
   ↳ 🎯 **[HIGH ODDS TRAP] Over 2.5**  •  99.7%
   ↳ 🛡️ **[95%+ COMPOUND LOCK] Over 1.5**  •  99.7%

⚔️ **Newcastle** vs **Tottenham**
   ↳ 🔮 **EXACT SCORE PREDICTION: 0-2**
   ↳ 🎯 **[HIGH ODDS TRAP] Under 2.5**  •  100.0%
   ↳ 🛡️ **[95%+ COMPOUND LOCK] Under 3.5**  •  100.0%
   ↳ 🛡️ **[95%+ COMPOUND LOCK] Over 1.5**  •  100.0%

⚔️ **Brighton** vs **London Guns**
   ⚠️ **[CHAOS TRAP WARNING]** Do not bet heavily. MSport RNG Target: Macro Trap (T3 vs T2)
   ↳ 🎯 **[HIGH ODDS TRAP] Over 2.5**  •  100.0%
   ↳ 🛡️ **[95%+ COMPOUND LOCK] Under 3.5**  •  95.6%
   ↳ 🛡️ **[95%+ COMPOUND LOCK] Over 1.5**  •  100.0%

⚔️ **Leeds** vs **Bournemouth**
   ↳ 🔮 **EXACT SCORE PREDICTION: 2-0**
   ↳ 🎯 **[HIGH ODDS TRAP] 1X2 Home Win**  •  100.0%
   ↳ 🎯 **[HIGH ODDS TRAP] Under 2.5**  •  100.0%
   ↳ 🛡️ **[95%+ COMPOUND LOCK] Under 3.5**  •  100.0%
   ↳ 🛡️ **[95%+ COMPOUND LOCK] Over 1.5**  •  100.0%

⚔️ **Wolverhampton** vs **Aston Villa**
   ⚠️ **[CHAOS TRAP WARNING]** Do not bet heavily. MSport RNG Target: Macro Trap (T3 vs T2)
   ↳ 🔮 **EXACT SCORE PREDICTION: 1-0**
   ↳ 🎯 **[HIGH ODDS TRAP] 1X2 Home Win**  •  100.0%
   ↳ 🎯 **[HIGH ODDS TRAP] Under 2.5**  •  100.0%
   ↳ 🎯 **[HIGH ODDS TRAP] Over 2.5**  •  100.0%
   ↳ 🛡️ **[95%+ COMPOUND LOCK] Under 3.5**  •  100.0%
   ↳ 🛡️ **[95%+ COMPOUND LOCK] Over 1.5**  •  100.0%


--- 2026-06-06T22:44:08.277896 ---
🟢 VFL CONFLUENCE LOCKS | STABLE RNG DETECTED 🟢
Matchday 14 🚨

⚔️ **Fulham** vs **Manchester Blue**
   ↳ 🎯 **[HIGH ODDS TRAP] Over 2.5**  •  100.0%
   ↳ 🛡️ **[95%+ COMPOUND LOCK] Under 3.5**  •  100.0%
   ↳ 🛡️ **[95%+ COMPOUND LOCK] Over 1.5**  •  100.0%

⚔️ **Newcastle** vs **London Guns**
   ↳ 🔮 **EXACT SCORE PREDICTION: 2-1**
   ↳ 🎯 **[HIGH ODDS TRAP] 1X2 Home Win**  •  100.0%
   ↳ 🎯 **[HIGH ODDS TRAP] Over 2.5**  •  100.0%
   ↳ 🛡️ **[95%+ COMPOUND LOCK] Under 3.5**  •  100.0%
   ↳ 🛡️ **[95%+ COMPOUND LOCK] Over 1.5**  •  100.0%

⚔️ **Wolverhampton** vs **Leeds**
   ↳ 🎯 **[HIGH ODDS TRAP] Under 2.5**  •  100.0%
   ↳ 🛡️ **[95%+ COMPOUND LOCK] Under 3.5**  •  100.0%

⚔️ **Liverpool** vs **Aston Villa**
   ↳ 🔮 **EXACT SCORE PREDICTION: 2-2 (or higher)**
   ↳ 🎯 **[HIGH ODDS TRAP] Under 2.5**  •  99.7%
   ↳ 🎯 **[HIGH ODDS TRAP] Over 2.5**  •  100.0%
   ↳ 🛡️ **[95%+ COMPOUND LOCK] Under 3.5**  •  99.7%
   ↳ 🛡️ **[95%+ COMPOUND LOCK] Over 1.5**  •  100.0%

⚔️ **Tottenham** vs **Crystal Palace**
   ↳ 🎯 **[HIGH ODDS TRAP] 1X2 Home Win**  •  100.0%
   ↳ 🎯 **[HIGH ODDS TRAP] Over 2.5**  •  100.0%
   ↳ 🛡️ **[95%+ COMPOUND LOCK] Over 1.5**  •  100.0%

⚔️ **Manchester Red** vs **West Ham**
   ↳ 🔮 **EXACT SCORE PREDICTION: 0-0**
   ↳ 🎯 **[HIGH ODDS TRAP] Under 2.5**  •  100.0%
   ↳ 🛡️ **[95%+ COMPOUND LOCK] Under 3.5**  •  100.0%

⚔️ **Everton** vs **Bournemouth**
   ↳ 🔮 **EXACT SCORE PREDICTION: 1-0**
   ↳ 🎯 **[HIGH ODDS TRAP] 1X2 Home Win**  •  100.0%
   ↳ 🎯 **[HIGH ODDS TRAP] Under 2.5**  •  99.9%
   ↳ 🎯 **[HIGH ODDS TRAP] Over 2.5**  •  99.7%
   ↳ 🛡️ **[95%+ COMPOUND LOCK] Under 3.5**  •  100.0%
   ↳ 🛡️ **[95%+ COMPOUND LOCK] Over 1.5**  •  99.7%

⚔️ **Brighton** vs **Chelsea**
   ⚠️ **[CHAOS TRAP WARNING]** Do not bet heavily. MSport RNG Target: Macro Trap (T3 vs T2)
   ↳ 🔮 **EXACT SCORE PREDICTION: 2-1**
   ↳ 🎯 **[HIGH ODDS TRAP] 1X2 Home Win**  •  100.0%
   ↳ 🎯 **[HIGH ODDS TRAP] Over 2.5**  •  100.0%
   ↳ 🛡️ **[95%+ COMPOUND LOCK] Under 3.5**  •  100.0%
   ↳ 🛡️ **[95%+ COMPOUND LOCK] Over 1.5**  •  100.0%


--- 2026-06-06T22:55:07.705791 ---
🟢 VFL CONFLUENCE LOCKS | STABLE RNG DETECTED 🟢
Matchday 17 🚨

⚔️ **London Guns** vs **Manchester Blue**
   ⚠️ **[CHAOS TRAP WARNING]** Do not bet heavily. MSport RNG Target: Macro Trap (T2 vs T1)
   ↳ 🎯 **[HIGH ODDS TRAP] 1X2 Home Win**  •  100.0%
   ↳ 🎯 **[HIGH ODDS TRAP] Under 2.5**  •  100.0%
   ↳ 🎯 **[HIGH ODDS TRAP] Over 2.5**  •  100.0%
   ↳ 🛡️ **[95%+ COMPOUND LOCK] Under 3.5**  •  100.0%
   ↳ 🛡️ **[95%+ COMPOUND LOCK] Over 1.5**  •  100.0%

⚔️ **Everton** vs **Newcastle**
   ↳ 🔮 **EXACT SCORE PREDICTION: 0-0**
   ↳ 🎯 **[HIGH ODDS TRAP] Under 2.5**  •  100.0%
   ↳ 🛡️ **[95%+ COMPOUND LOCK] Under 3.5**  •  100.0%

⚔️ **Brighton** vs **Aston Villa**
   ↳ 🔮 **EXACT SCORE PREDICTION: 0-1**
   ↳ 🎯 **[HIGH ODDS TRAP] Under 2.5**  •  100.0%
   ↳ 🛡️ **[95%+ COMPOUND LOCK] Under 3.5**  •  100.0%
   ↳ 🛡️ **[95%+ COMPOUND LOCK] Over 1.5**  •  99.7%

⚔️ **Tottenham** vs **West Ham**
   ↳ 🔮 **EXACT SCORE PREDICTION: 2-0**
   ↳ 🎯 **[HIGH ODDS TRAP] 1X2 Home Win**  •  100.0%
   ↳ 🎯 **[HIGH ODDS TRAP] Under 2.5**  •  100.0%
   ↳ 🛡️ **[95%+ COMPOUND LOCK] Under 3.5**  •  100.0%
   ↳ 🛡️ **[95%+ COMPOUND LOCK] Over 1.5**  •  100.0%

⚔️ **Manchester Red** vs **Leeds**
   ↳ 🔮 **EXACT SCORE PREDICTION: 0-0**
   ↳ 🎯 **[HIGH ODDS TRAP] Under 2.5**  •  100.0%
   ↳ 🛡️ **[95%+ COMPOUND LOCK] Under 3.5**  •  100.0%

⚔️ **Liverpool** vs **Wolverhampton**
   ⚠️ **[CHAOS TRAP WARNING]** Do not bet heavily. MSport RNG Target: Macro Trap (T1 vs T3)
   ↳ 🔮 **EXACT SCORE PREDICTION: 0-1**
   ↳ 🎯 **[HIGH ODDS TRAP] Under 2.5**  •  100.0%
   ↳ 🛡️ **[95%+ COMPOUND LOCK] Under 3.5**  •  100.0%

⚔️ **Fulham** vs **Bournemouth**
   ↳ 🔮 **EXACT SCORE PREDICTION: 0-0**
   ↳ 🎯 **[HIGH ODDS TRAP] Under 2.5**  •  100.0%
   ↳ 🛡️ **[95%+ COMPOUND LOCK] Under 3.5**  •  100.0%


--- 2026-06-06T22:59:07.922776 ---
🟢 VFL CONFLUENCE LOCKS | STABLE RNG DETECTED 🟢
Matchday 18 🚨

⚔️ **Leeds** vs **Fulham**
   ↳ 🔮 **EXACT SCORE PREDICTION: 0-1**
   ↳ 🎯 **[HIGH ODDS TRAP] Under 2.5**  •  99.7%
   ↳ 🛡️ **[95%+ COMPOUND LOCK] Under 3.5**  •  100.0%

⚔️ **Everton** vs **Liverpool**
   ⚠️ **[CHAOS TRAP WARNING]** Do not bet heavily. MSport RNG Target: Macro Trap (T2 vs T1)
   ↳ 🔮 **EXACT SCORE PREDICTION: 2-0**
   ↳ 🎯 **[HIGH ODDS TRAP] 1X2 Home Win**  •  100.0%
   ↳ 🎯 **[HIGH ODDS TRAP] Under 2.5**  •  98.8%
   ↳ 🛡️ **[95%+ COMPOUND LOCK] Under 3.5**  •  100.0%
   ↳ 🛡️ **[95%+ COMPOUND LOCK] Over 1.5**  •  100.0%

⚔️ **West Ham** vs **London Guns**
   ↳ 🔮 **EXACT SCORE PREDICTION: 2-2 (or higher)**
   ↳ 🎯 **[HIGH ODDS TRAP] Over 2.5**  •  100.0%
   ↳ 🛡️ **[95%+ COMPOUND LOCK] Over 1.5**  •  100.0%

⚔️ **Wolverhampton** vs **Manchester Red**
   ↳ 🎯 **[HIGH ODDS TRAP] Over 2.5**  •  100.0%
   ↳ 🛡️ **[95%+ COMPOUND LOCK] Over 1.5**  •  100.0%

⚔️ **Aston Villa** vs **Tottenham**
   ⚠️ **[CHAOS TRAP WARNING]** Do not bet heavily. MSport RNG Target: Macro Trap (T2 vs T1)
   ↳ 🔮 **EXACT SCORE PREDICTION: 1-0**
   ↳ 🎯 **[HIGH ODDS TRAP] 1X2 Home Win**  •  100.0%
   ↳ 🎯 **[HIGH ODDS TRAP] Under 2.5**  •  100.0%
   ↳ 🛡️ **[95%+ COMPOUND LOCK] Under 3.5**  •  100.0%

⚔️ **Bournemouth** vs **Brighton**
   ↳ 🔮 **EXACT SCORE PREDICTION: 1-0**
   ↳ 🎯 **[HIGH ODDS TRAP] 1X2 Home Win**  •  100.0%
   ↳ 🎯 **[HIGH ODDS TRAP] Under 2.5**  •  100.0%
   ↳ 🛡️ **[95%+ COMPOUND LOCK] Under 3.5**  •  100.0%
   ↳ 🛡️ **[95%+ COMPOUND LOCK] Over 1.5**  •  100.0%

⚔️ **Newcastle** vs **Chelsea**
   ⚠️ **[CHAOS TRAP WARNING]** Do not bet heavily. MSport RNG Target: Macro Trap (T3 vs T2)
   ↳ 🎯 **[HIGH ODDS TRAP] Over 2.5**  •  100.0%
   ↳ 🛡️ **[95%+ COMPOUND LOCK] Over 1.5**  •  100.0%

⚔️ **Manchester Blue** vs **Crystal Palace**
   ↳ 🎯 **[HIGH ODDS TRAP] 1X2 Home Win**  •  100.0%
   ↳ 🎯 **[HIGH ODDS TRAP] Over 2.5**  •  100.0%
   ↳ 🛡️ **[95%+ COMPOUND LOCK] Over 1.5**  •  100.0%


--- 2026-06-06T23:03:06.026378 ---
🟢 VFL CONFLUENCE LOCKS | STABLE RNG DETECTED 🟢
Matchday 19 🚨

⚔️ **Brighton** vs **Leeds**
   ↳ 🔮 **EXACT SCORE PREDICTION: 1-0**
   ↳ 🎯 **[HIGH ODDS TRAP] 1X2 Home Win**  •  100.0%
   ↳ 🎯 **[HIGH ODDS TRAP] Under 2.5**  •  100.0%
   ↳ 🎯 **[HIGH ODDS TRAP] Over 2.5**  •  100.0%
   ↳ 🛡️ **[95%+ COMPOUND LOCK] Under 3.5**  •  100.0%
   ↳ 🛡️ **[95%+ COMPOUND LOCK] Over 1.5**  •  100.0%

⚔️ **Manchester Red** vs **Everton**
   ⚠️ **[CHAOS TRAP WARNING]** Do not bet heavily. MSport RNG Target: Macro Trap (T3 vs T2)
   ↳ 🔮 **EXACT SCORE PREDICTION: 1-0**
   ↳ 🎯 **[HIGH ODDS TRAP] 1X2 Home Win**  •  100.0%
   ↳ 🎯 **[HIGH ODDS TRAP] Under 2.5**  •  100.0%
   ↳ 🛡️ **[95%+ COMPOUND LOCK] Under 3.5**  •  100.0%

⚔️ **Fulham** vs **Wolverhampton**
   ↳ 🔮 **EXACT SCORE PREDICTION: 2-0**
   ↳ 🎯 **[HIGH ODDS TRAP] 1X2 Home Win**  •  100.0%
   ↳ 🎯 **[HIGH ODDS TRAP] Under 2.5**  •  100.0%
   ↳ 🎯 **[HIGH ODDS TRAP] Over 2.5**  •  100.0%
   ↳ 🛡️ **[95%+ COMPOUND LOCK] Under 3.5**  •  100.0%
   ↳ 🛡️ **[95%+ COMPOUND LOCK] Over 1.5**  •  100.0%

⚔️ **London Guns** vs **Aston Villa**
   ↳ 🔮 **EXACT SCORE PREDICTION: 2-2 (or higher)**
   ↳ 🎯 **[HIGH ODDS TRAP] Over 2.5**  •  100.0%
   ↳ 🛡️ **[95%+ COMPOUND LOCK] Over 1.5**  •  100.0%

⚔️ **Chelsea** vs **Manchester Blue**
   ↳ 🔮 **EXACT SCORE PREDICTION: 0-1**
   ↳ 🎯 **[HIGH ODDS TRAP] Under 2.5**  •  99.9%
   ↳ 🛡️ **[95%+ COMPOUND LOCK] Under 3.5**  •  100.0%

⚔️ **Tottenham** vs **Bournemouth**
   ↳ 🔮 **EXACT SCORE PREDICTION: 1-0**
   ↳ 🎯 **[HIGH ODDS TRAP] 1X2 Home Win**  •  100.0%
   ↳ 🎯 **[HIGH ODDS TRAP] Under 2.5**  •  100.0%
   ↳ 🛡️ **[95%+ COMPOUND LOCK] Under 3.5**  •  100.0%

⚔️ **Liverpool** vs **Newcastle**
   ⚠️ **[CHAOS TRAP WARNING]** Do not bet heavily. MSport RNG Target: Macro Trap (T1 vs T3)
   ↳ 🎯 **[HIGH ODDS TRAP] 1X2 Home Win**  •  100.0%
   ↳ 🎯 **[HIGH ODDS TRAP] Over 2.5**  •  100.0%
   ↳ 🛡️ **[95%+ COMPOUND LOCK] Under 3.5**  •  100.0%
   ↳ 🛡️ **[95%+ COMPOUND LOCK] Over 1.5**  •  100.0%

⚔️ **Crystal Palace** vs **West Ham**
   ↳ 🎯 **[HIGH ODDS TRAP] Under 2.5**  •  100.0%
   ↳ 🛡️ **[95%+ COMPOUND LOCK] Under 3.5**  •  100.0%


--- 2026-06-06T23:06:10.259965 ---
🟢 VFL CONFLUENCE LOCKS | STABLE RNG DETECTED 🟢
Matchday 20 🚨

⚔️ **Wolverhampton** vs **Brighton**
   ↳ 🔮 **EXACT SCORE PREDICTION: 1-0**
   ↳ 🎯 **[HIGH ODDS TRAP] 1X2 Home Win**  •  100.0%
   ↳ 🎯 **[HIGH ODDS TRAP] Under 2.5**  •  100.0%
   ↳ 🛡️ **[95%+ COMPOUND LOCK] Under 3.5**  •  100.0%

⚔️ **Bournemouth** vs **London Guns**
   ↳ 🔮 **EXACT SCORE PREDICTION: 3-0**
   ↳ 🎯 **[HIGH ODDS TRAP] 1X2 Home Win**  •  100.0%
   ↳ 🎯 **[HIGH ODDS TRAP] Under 2.5**  •  94.6%
   ↳ 🎯 **[HIGH ODDS TRAP] Over 2.5**  •  100.0%
   ↳ 🛡️ **[95%+ COMPOUND LOCK] Under 3.5**  •  100.0%
   ↳ 🛡️ **[95%+ COMPOUND LOCK] Over 1.5**  •  100.0%

⚔️ **Everton** vs **Fulham**
   ↳ 🔮 **EXACT SCORE PREDICTION: 1-0**
   ↳ 🎯 **[HIGH ODDS TRAP] 1X2 Home Win**  •  100.0%
   ↳ 🎯 **[HIGH ODDS TRAP] Under 2.5**  •  100.0%
   ↳ 🛡️ **[95%+ COMPOUND LOCK] Under 3.5**  •  100.0%

⚔️ **Leeds** vs **Tottenham**
   ↳ 🔮 **EXACT SCORE PREDICTION: 0-0**
   ↳ 🎯 **[HIGH ODDS TRAP] Under 2.5**  •  100.0%
   ↳ 🛡️ **[95%+ COMPOUND LOCK] Under 3.5**  •  100.0%

⚔️ **Liverpool** vs **Manchester Red**
   ⚠️ **[CHAOS TRAP WARNING]** Do not bet heavily. MSport RNG Target: Macro Trap (T1 vs T3)
   ↳ 🔮 **EXACT SCORE PREDICTION: 0-2**
   ↳ 🎯 **[HIGH ODDS TRAP] Under 2.5**  •  100.0%
   ↳ 🎯 **[HIGH ODDS TRAP] Over 2.5**  •  100.0%
   ↳ 🛡️ **[95%+ COMPOUND LOCK] Under 3.5**  •  100.0%
   ↳ 🛡️ **[95%+ COMPOUND LOCK] Over 1.5**  •  100.0%

⚔️ **West Ham** vs **Chelsea**
   ↳ 🔮 **EXACT SCORE PREDICTION: 1-2**
   ↳ 🎯 **[HIGH ODDS TRAP] Over 2.5**  •  100.0%
   ↳ 🛡️ **[95%+ COMPOUND LOCK] Under 3.5**  •  100.0%
   ↳ 🛡️ **[95%+ COMPOUND LOCK] Over 1.5**  •  100.0%

⚔️ **Aston Villa** vs **Crystal Palace**
   ↳ 🔮 **EXACT SCORE PREDICTION: 0-2**
   ↳ 🎯 **[HIGH ODDS TRAP] Under 2.5**  •  100.0%
   ↳ 🛡️ **[95%+ COMPOUND LOCK] Under 3.5**  •  100.0%
   ↳ 🛡️ **[95%+ COMPOUND LOCK] Over 1.5**  •  100.0%

⚔️ **Newcastle** vs **Manchester Blue**
   ↳ 🎯 **[HIGH ODDS TRAP] Under 2.5**  •  98.7%
   ↳ 🎯 **[HIGH ODDS TRAP] Over 2.5**  •  100.0%
   ↳ 🛡️ **[95%+ COMPOUND LOCK] Under 3.5**  •  98.7%
   ↳ 🛡️ **[95%+ COMPOUND LOCK] Over 1.5**  •  100.0%


--- 2026-06-06T23:10:10.035901 ---
🟢 VFL CONFLUENCE LOCKS | STABLE RNG DETECTED 🟢
Matchday 21 🚨

⚔️ **Fulham** vs **Liverpool**
   ↳ 🔮 **EXACT SCORE PREDICTION: 1-0**
   ↳ 🎯 **[HIGH ODDS TRAP] 1X2 Home Win**  •  100.0%
   ↳ 🎯 **[HIGH ODDS TRAP] Under 2.5**  •  100.0%
   ↳ 🎯 **[HIGH ODDS TRAP] Over 2.5**  •  99.7%
   ↳ 🛡️ **[95%+ COMPOUND LOCK] Under 3.5**  •  100.0%
   ↳ 🛡️ **[95%+ COMPOUND LOCK] Over 1.5**  •  99.7%

⚔️ **Chelsea** vs **Aston Villa**
   ↳ 🎯 **[HIGH ODDS TRAP] 1X2 Home Win**  •  99.9%
   ↳ 🎯 **[HIGH ODDS TRAP] Under 2.5**  •  100.0%
   ↳ 🎯 **[HIGH ODDS TRAP] Over 2.5**  •  99.9%
   ↳ 🛡️ **[95%+ COMPOUND LOCK] Under 3.5**  •  100.0%
   ↳ 🛡️ **[95%+ COMPOUND LOCK] Over 1.5**  •  100.0%

⚔️ **Manchester Red** vs **Newcastle**
   ↳ 🎯 **[HIGH ODDS TRAP] 1X2 Home Win**  •  100.0%
   ↳ 🎯 **[HIGH ODDS TRAP] Over 2.5**  •  100.0%
   ↳ 🛡️ **[95%+ COMPOUND LOCK] Over 1.5**  •  100.0%

⚔️ **Crystal Palace** vs **Bournemouth**
   ↳ 🔮 **EXACT SCORE PREDICTION: 1-1**
   ↳ 🎯 **[HIGH ODDS TRAP] Under 2.5**  •  100.0%
   ↳ 🛡️ **[95%+ COMPOUND LOCK] Under 3.5**  •  100.0%
   ↳ 🛡️ **[95%+ COMPOUND LOCK] Over 1.5**  •  100.0%

⚔️ **Brighton** vs **Everton**
   ⚠️ **[CHAOS TRAP WARNING]** Do not bet heavily. MSport RNG Target: Macro Trap (T3 vs T2)
   ↳ 🔮 **EXACT SCORE PREDICTION: 3-0**
   ↳ 🎯 **[HIGH ODDS TRAP] 1X2 Home Win**  •  100.0%
   ↳ 🎯 **[HIGH ODDS TRAP] Over 2.5**  •  100.0%
   ↳ 🛡️ **[95%+ COMPOUND LOCK] Under 3.5**  •  100.0%
   ↳ 🛡️ **[95%+ COMPOUND LOCK] Over 1.5**  •  100.0%

⚔️ **London Guns** vs **Leeds**
   ↳ 🔮 **EXACT SCORE PREDICTION: 2-1**
   ↳ 🎯 **[HIGH ODDS TRAP] 1X2 Home Win**  •  100.0%
   ↳ 🎯 **[HIGH ODDS TRAP] Under 2.5**  •  99.0%
   ↳ 🎯 **[HIGH ODDS TRAP] Over 2.5**  •  100.0%
   ↳ 🛡️ **[95%+ COMPOUND LOCK] Under 3.5**  •  100.0%
   ↳ 🛡️ **[95%+ COMPOUND LOCK] Over 1.5**  •  100.0%

⚔️ **Manchester Blue** vs **West Ham**
   ↳ 🔮 **EXACT SCORE PREDICTION: 1-0**
   ↳ 🎯 **[HIGH ODDS TRAP] 1X2 Home Win**  •  100.0%
   ↳ 🎯 **[HIGH ODDS TRAP] Under 2.5**  •  100.0%
   ↳ 🎯 **[HIGH ODDS TRAP] Over 2.5**  •  95.1%
   ↳ 🛡️ **[95%+ COMPOUND LOCK] Under 3.5**  •  100.0%
   ↳ 🛡️ **[95%+ COMPOUND LOCK] Over 1.5**  •  95.1%

⚔️ **Tottenham** vs **Wolverhampton**
   ⚠️ **[CHAOS TRAP WARNING]** Do not bet heavily. MSport RNG Target: Macro Trap (T1 vs T3)
   ↳ 🔮 **EXACT SCORE PREDICTION: 1-0**
   ↳ 🎯 **[HIGH ODDS TRAP] 1X2 Home Win**  •  100.0%
   ↳ 🎯 **[HIGH ODDS TRAP] Under 2.5**  •  100.0%
   ↳ 🛡️ **[95%+ COMPOUND LOCK] Under 3.5**  •  100.0%


--- 2026-06-06T23:14:05.394370 ---
🟢 VFL CONFLUENCE LOCKS | STABLE RNG DETECTED 🟢
Matchday 22 🚨

⚔️ **Everton** vs **Tottenham**
   ⚠️ **[CHAOS TRAP WARNING]** Do not bet heavily. MSport RNG Target: Macro Trap (T2 vs T1)
   ↳ 🔮 **EXACT SCORE PREDICTION: 1-2**
   ↳ 🎯 **[HIGH ODDS TRAP] Over 2.5**  •  100.0%
   ↳ 🛡️ **[95%+ COMPOUND LOCK] Under 3.5**  •  100.0%
   ↳ 🛡️ **[95%+ COMPOUND LOCK] Over 1.5**  •  100.0%

⚔️ **Manchester Red** vs **Fulham**
   ↳ 🔮 **EXACT SCORE PREDICTION: 3-0**
   ↳ 🎯 **[HIGH ODDS TRAP] 1X2 Home Win**  •  100.0%
   ↳ 🎯 **[HIGH ODDS TRAP] Over 2.5**  •  100.0%
   ↳ 🛡️ **[95%+ COMPOUND LOCK] Under 3.5**  •  100.0%
   ↳ 🛡️ **[95%+ COMPOUND LOCK] Over 1.5**  •  100.0%

⚔️ **Leeds** vs **Crystal Palace**
   ⚠️ **[CHAOS TRAP WARNING]** Do not bet heavily. MSport RNG Target: Macro Trap (T3 vs T2)
   ↳ 🔮 **EXACT SCORE PREDICTION: 1-0**
   ↳ 🎯 **[HIGH ODDS TRAP] 1X2 Home Win**  •  100.0%
   ↳ 🎯 **[HIGH ODDS TRAP] Under 2.5**  •  100.0%
   ↳ 🛡️ **[95%+ COMPOUND LOCK] Under 3.5**  •  100.0%

⚔️ **Aston Villa** vs **Manchester Blue**
   ⚠️ **[CHAOS TRAP WARNING]** Do not bet heavily. MSport RNG Target: Macro Trap (T2 vs T1)
   ↳ 🎯 **[HIGH ODDS TRAP] Under 2.5**  •  98.5%
   ↳ 🎯 **[HIGH ODDS TRAP] Over 2.5**  •  99.9%
   ↳ 🛡️ **[95%+ COMPOUND LOCK] Under 3.5**  •  99.7%
   ↳ 🛡️ **[95%+ COMPOUND LOCK] Over 1.5**  •  100.0%

⚔️ **Wolverhampton** vs **London Guns**
   ↳ 🔮 **EXACT SCORE PREDICTION: 1-2**
   ↳ 🎯 **[HIGH ODDS TRAP] Over 2.5**  •  100.0%
   ↳ 🛡️ **[95%+ COMPOUND LOCK] Under 3.5**  •  100.0%
   ↳ 🛡️ **[95%+ COMPOUND LOCK] Over 1.5**  •  100.0%

⚔️ **Newcastle** vs **West Ham**
   ↳ 🔮 **EXACT SCORE PREDICTION: 1-2**
   ↳ 🎯 **[HIGH ODDS TRAP] Over 2.5**  •  100.0%
   ↳ 🛡️ **[95%+ COMPOUND LOCK] Under 3.5**  •  100.0%
   ↳ 🛡️ **[95%+ COMPOUND LOCK] Over 1.5**  •  100.0%

⚔️ **Bournemouth** vs **Chelsea**
   ↳ 🔮 **EXACT SCORE PREDICTION: 0-2**
   ↳ 🎯 **[HIGH ODDS TRAP] Under 2.5**  •  100.0%
   ↳ 🛡️ **[95%+ COMPOUND LOCK] Under 3.5**  •  100.0%
   ↳ 🛡️ **[95%+ COMPOUND LOCK] Over 1.5**  •  100.0%

⚔️ **Liverpool** vs **Brighton**
   ⚠️ **[CHAOS TRAP WARNING]** Do not bet heavily. MSport RNG Target: Macro Trap (T1 vs T3)
   ↳ 🎯 **[HIGH ODDS TRAP] 1X2 Home Win**  •  100.0%
   ↳ 🎯 **[HIGH ODDS TRAP] Over 2.5**  •  100.0%
   ↳ 🛡️ **[95%+ COMPOUND LOCK] Over 1.5**  •  100.0%


--- 2026-06-06T23:21:10.000040 ---
🟢 VFL CONFLUENCE LOCKS | STABLE RNG DETECTED 🟢
Matchday 24 🚨

⚔️ **Newcastle** vs **Aston Villa**
   ↳ 🔮 **EXACT SCORE PREDICTION: 0-0**
   ↳ 🎯 **[HIGH ODDS TRAP] Under 2.5**  •  100.0%
   ↳ 🛡️ **[95%+ COMPOUND LOCK] Under 3.5**  •  100.0%
   ↳ 🛡️ **[95%+ COMPOUND LOCK] Over 1.5**  •  100.0%

⚔️ **Fulham** vs **Brighton**
   ↳ 🎯 **[HIGH ODDS TRAP] 1X2 Home Win**  •  100.0%
   ↳ 🎯 **[HIGH ODDS TRAP] Under 2.5**  •  100.0%
   ↳ 🛡️ **[95%+ COMPOUND LOCK] Under 3.5**  •  100.0%
   ↳ 🛡️ **[95%+ COMPOUND LOCK] Over 1.5**  •  100.0%

⚔️ **Wolverhampton** vs **Chelsea**
   ↳ 🔮 **EXACT SCORE PREDICTION: 2-0**
   ↳ 🎯 **[HIGH ODDS TRAP] 1X2 Home Win**  •  100.0%
   ↳ 🎯 **[HIGH ODDS TRAP] Under 2.5**  •  100.0%
   ↳ 🛡️ **[95%+ COMPOUND LOCK] Under 3.5**  •  100.0%
   ↳ 🛡️ **[95%+ COMPOUND LOCK] Over 1.5**  •  100.0%

⚔️ **Manchester Red** vs **Tottenham**
   ⚠️ **[CHAOS TRAP WARNING]** Do not bet heavily. MSport RNG Target: Macro Trap (T3 vs T2)
   ↳ 🔮 **EXACT SCORE PREDICTION: 0-2**
   ↳ 🎯 **[HIGH ODDS TRAP] Under 2.5**  •  100.0%
   ↳ 🛡️ **[95%+ COMPOUND LOCK] Under 3.5**  •  100.0%
   ↳ 🛡️ **[95%+ COMPOUND LOCK] Over 1.5**  •  100.0%

⚔️ **Leeds** vs **Manchester Blue**
   ↳ 🔮 **EXACT SCORE PREDICTION: 1-0**
   ↳ 🎯 **[HIGH ODDS TRAP] 1X2 Home Win**  •  98.9%
   ↳ 🎯 **[HIGH ODDS TRAP] Under 2.5**  •  100.0%
   ↳ 🎯 **[HIGH ODDS TRAP] Over 2.5**  •  99.7%
   ↳ 🛡️ **[95%+ COMPOUND LOCK] Under 3.5**  •  100.0%
   ↳ 🛡️ **[95%+ COMPOUND LOCK] Over 1.5**  •  99.7%

⚔️ **Bournemouth** vs **West Ham**
   ↳ 🔮 **EXACT SCORE PREDICTION: 3-0**
   ↳ 🎯 **[HIGH ODDS TRAP] 1X2 Home Win**  •  98.7%
   ↳ 🎯 **[HIGH ODDS TRAP] Under 2.5**  •  98.7%
   ↳ 🎯 **[HIGH ODDS TRAP] Over 2.5**  •  100.0%
   ↳ 🛡️ **[95%+ COMPOUND LOCK] Under 3.5**  •  100.0%
   ↳ 🛡️ **[95%+ COMPOUND LOCK] Over 1.5**  •  100.0%


--- 2026-06-06T23:25:06.816918 ---
🟢 VFL CONFLUENCE LOCKS | STABLE RNG DETECTED 🟢
Matchday 25 🚨

⚔️ **Tottenham** vs **Fulham**
   ↳ 🔮 **EXACT SCORE PREDICTION: 3-0**
   ↳ 🎯 **[HIGH ODDS TRAP] 1X2 Home Win**  •  100.0%
   ↳ 🎯 **[HIGH ODDS TRAP] Under 2.5**  •  100.0%
   ↳ 🎯 **[HIGH ODDS TRAP] Over 2.5**  •  100.0%
   ↳ 🛡️ **[95%+ COMPOUND LOCK] Under 3.5**  •  100.0%
   ↳ 🛡️ **[95%+ COMPOUND LOCK] Over 1.5**  •  100.0%

⚔️ **London Guns** vs **Manchester Red**
   ⚠️ **[CHAOS TRAP WARNING]** Do not bet heavily. MSport RNG Target: Macro Trap (T1 vs T3)
   ↳ 🔮 **EXACT SCORE PREDICTION: 0-2**
   ↳ 🎯 **[HIGH ODDS TRAP] Under 2.5**  •  100.0%
   ↳ 🛡️ **[95%+ COMPOUND LOCK] Under 3.5**  •  100.0%
   ↳ 🛡️ **[95%+ COMPOUND LOCK] Over 1.5**  •  100.0%

⚔️ **Aston Villa** vs **Bournemouth**
   ↳ 🔮 **EXACT SCORE PREDICTION: 1-0**
   ↳ 🎯 **[HIGH ODDS TRAP] 1X2 Home Win**  •  100.0%
   ↳ 🎯 **[HIGH ODDS TRAP] Under 2.5**  •  100.0%
   ↳ 🎯 **[HIGH ODDS TRAP] Over 2.5**  •  98.5%
   ↳ 🛡️ **[95%+ COMPOUND LOCK] Under 3.5**  •  100.0%
   ↳ 🛡️ **[95%+ COMPOUND LOCK] Over 1.5**  •  99.7%

⚔️ **Crystal Palace** vs **Liverpool**
   ⚠️ **[CHAOS TRAP WARNING]** Do not bet heavily. MSport RNG Target: Macro Trap (T2 vs T1)
   ↳ 🔮 **EXACT SCORE PREDICTION: 2-2 (or higher)**
   ↳ 🎯 **[HIGH ODDS TRAP] Over 2.5**  •  100.0%
   ↳ 🛡️ **[95%+ COMPOUND LOCK] Over 1.5**  •  100.0%

⚔️ **Manchester Blue** vs **Wolverhampton**
   ⚠️ **[CHAOS TRAP WARNING]** Do not bet heavily. MSport RNG Target: Macro Trap (T1 vs T3)
   ↳ 🔮 **EXACT SCORE PREDICTION: 1-0**
   ↳ 🎯 **[HIGH ODDS TRAP] 1X2 Home Win**  •  100.0%
   ↳ 🎯 **[HIGH ODDS TRAP] Under 2.5**  •  100.0%
   ↳ 🛡️ **[95%+ COMPOUND LOCK] Under 3.5**  •  100.0%

⚔️ **Chelsea** vs **Everton**
   ↳ 🎯 **[HIGH ODDS TRAP] 1X2 Home Win**  •  100.0%
   ↳ 🎯 **[HIGH ODDS TRAP] Over 2.5**  •  100.0%
   ↳ 🛡️ **[95%+ COMPOUND LOCK] Under 3.5**  •  95.1%
   ↳ 🛡️ **[95%+ COMPOUND LOCK] Over 1.5**  •  100.0%

⚔️ **Brighton** vs **Newcastle**
   ↳ 🔮 **EXACT SCORE PREDICTION: 3-0**
   ↳ 🎯 **[HIGH ODDS TRAP] 1X2 Home Win**  •  100.0%
   ↳ 🎯 **[HIGH ODDS TRAP] Over 2.5**  •  100.0%
   ↳ 🛡️ **[95%+ COMPOUND LOCK] Under 3.5**  •  100.0%
   ↳ 🛡️ **[95%+ COMPOUND LOCK] Over 1.5**  •  100.0%

⚔️ **West Ham** vs **Leeds**
   ↳ 🔮 **EXACT SCORE PREDICTION: 0-1**
   ↳ 🎯 **[HIGH ODDS TRAP] 1X2 Home Win**  •  100.0%
   ↳ 🎯 **[HIGH ODDS TRAP] Under 2.5**  •  100.0%
   ↳ 🎯 **[HIGH ODDS TRAP] Over 2.5**  •  99.9%
   ↳ 🛡️ **[95%+ COMPOUND LOCK] Under 3.5**  •  100.0%
   ↳ 🛡️ **[95%+ COMPOUND LOCK] Over 1.5**  •  100.0%


--- 2026-06-06T23:28:11.895805 ---
🟢 VFL CONFLUENCE LOCKS | STABLE RNG DETECTED 🟢
Matchday 26 🚨

⚔️ **Everton** vs **Manchester Blue**
   ⚠️ **[CHAOS TRAP WARNING]** Do not bet heavily. MSport RNG Target: Macro Trap (T2 vs T1)
   ↳ 🔮 **EXACT SCORE PREDICTION: 0-1**
   ↳ 🎯 **[HIGH ODDS TRAP] Under 2.5**  •  99.9%
   ↳ 🛡️ **[95%+ COMPOUND LOCK] Under 3.5**  •  99.9%

⚔️ **Newcastle** vs **Bournemouth**
   ↳ 🔮 **EXACT SCORE PREDICTION: 1-1**
   ↳ 🎯 **[HIGH ODDS TRAP] Under 2.5**  •  100.0%
   ↳ 🛡️ **[95%+ COMPOUND LOCK] Under 3.5**  •  100.0%
   ↳ 🛡️ **[95%+ COMPOUND LOCK] Over 1.5**  •  100.0%

⚔️ **Wolverhampton** vs **West Ham**
   ↳ 🎯 **[HIGH ODDS TRAP] 1X2 Home Win**  •  100.0%
   ↳ 🎯 **[HIGH ODDS TRAP] Over 2.5**  •  100.0%
   ↳ 🛡️ **[95%+ COMPOUND LOCK] Over 1.5**  •  100.0%

⚔️ **Leeds** vs **Aston Villa**
   ⚠️ **[CHAOS TRAP WARNING]** Do not bet heavily. MSport RNG Target: Macro Trap (T3 vs T2)
   ↳ 🔮 **EXACT SCORE PREDICTION: 0-1**
   ↳ 🎯 **[HIGH ODDS TRAP] Under 2.5**  •  100.0%
   ↳ 🛡️ **[95%+ COMPOUND LOCK] Under 3.5**  •  100.0%

⚔️ **Brighton** vs **Tottenham**
   ↳ 🔮 **EXACT SCORE PREDICTION: 0-3**
   ↳ 🎯 **[HIGH ODDS TRAP] Under 2.5**  •  100.0%
   ↳ 🎯 **[HIGH ODDS TRAP] Over 2.5**  •  100.0%
   ↳ 🛡️ **[95%+ COMPOUND LOCK] Under 3.5**  •  100.0%
   ↳ 🛡️ **[95%+ COMPOUND LOCK] Over 1.5**  •  100.0%

⚔️ **Manchester Red** vs **Crystal Palace**
   ⚠️ **[CHAOS TRAP WARNING]** Do not bet heavily. MSport RNG Target: Macro Trap (T3 vs T2)
   ↳ 🎯 **[HIGH ODDS TRAP] 1X2 Home Win**  •  99.7%
   ↳ 🎯 **[HIGH ODDS TRAP] Over 2.5**  •  99.7%
   ↳ 🛡️ **[95%+ COMPOUND LOCK] Over 1.5**  •  99.7%

⚔️ **Liverpool** vs **Chelsea**
   ↳ 🎯 **[HIGH ODDS TRAP] 1X2 Home Win**  •  100.0%
   ↳ 🎯 **[HIGH ODDS TRAP] Over 2.5**  •  100.0%
   ↳ 🛡️ **[95%+ COMPOUND LOCK] Over 1.5**  •  100.0%

⚔️ **Fulham** vs **London Guns**
   ↳ 🎯 **[HIGH ODDS TRAP] 1X2 Home Win**  •  100.0%
   ↳ 🎯 **[HIGH ODDS TRAP] Under 2.5**  •  100.0%
   ↳ 🎯 **[HIGH ODDS TRAP] Over 2.5**  •  100.0%
   ↳ 🛡️ **[95%+ COMPOUND LOCK] Under 3.5**  •  100.0%
   ↳ 🛡️ **[95%+ COMPOUND LOCK] Over 1.5**  •  100.0%


--- 2026-06-06T23:32:10.238376 ---
🟢 VFL CONFLUENCE LOCKS | STABLE RNG DETECTED 🟢
Matchday 27 🚨

⚔️ **London Guns** vs **Brighton**
   ↳ 🔮 **EXACT SCORE PREDICTION: 1-0**
   ↳ 🎯 **[HIGH ODDS TRAP] 1X2 Home Win**  •  100.0%
   ↳ 🎯 **[HIGH ODDS TRAP] Under 2.5**  •  100.0%
   ↳ 🎯 **[HIGH ODDS TRAP] Over 2.5**  •  95.6%
   ↳ 🛡️ **[95%+ COMPOUND LOCK] Under 3.5**  •  100.0%
   ↳ 🛡️ **[95%+ COMPOUND LOCK] Over 1.5**  •  95.6%

⚔️ **Bournemouth** vs **Leeds**
   ↳ 🎯 **[HIGH ODDS TRAP] 1X2 Home Win**  •  96.0%
   ↳ 🛡️ **[95%+ COMPOUND LOCK] Under 3.5**  •  100.0%
   ↳ 🛡️ **[95%+ COMPOUND LOCK] Over 1.5**  •  100.0%

⚔️ **Aston Villa** vs **Wolverhampton**
   ↳ 🔮 **EXACT SCORE PREDICTION: 2-0**
   ↳ 🎯 **[HIGH ODDS TRAP] 1X2 Home Win**  •  100.0%
   ↳ 🎯 **[HIGH ODDS TRAP] Under 2.5**  •  100.0%
   ↳ 🎯 **[HIGH ODDS TRAP] Over 2.5**  •  99.9%
   ↳ 🛡️ **[95%+ COMPOUND LOCK] Under 3.5**  •  100.0%
   ↳ 🛡️ **[95%+ COMPOUND LOCK] Over 1.5**  •  100.0%

⚔️ **West Ham** vs **Everton**
   ↳ 🔮 **EXACT SCORE PREDICTION: 1-1**
   ↳ 🎯 **[HIGH ODDS TRAP] 1X2 Home Win**  •  95.6%
   ↳ 🎯 **[HIGH ODDS TRAP] Under 2.5**  •  100.0%
   ↳ 🎯 **[HIGH ODDS TRAP] Over 2.5**  •  95.6%
   ↳ 🛡️ **[95%+ COMPOUND LOCK] Under 3.5**  •  100.0%
   ↳ 🛡️ **[95%+ COMPOUND LOCK] Over 1.5**  •  100.0%

⚔️ **Crystal Palace** vs **Fulham**
   ↳ 🔮 **EXACT SCORE PREDICTION: 2-0**
   ↳ 🎯 **[HIGH ODDS TRAP] 1X2 Home Win**  •  100.0%
   ↳ 🎯 **[HIGH ODDS TRAP] Under 2.5**  •  100.0%
   ↳ 🛡️ **[95%+ COMPOUND LOCK] Under 3.5**  •  100.0%
   ↳ 🛡️ **[95%+ COMPOUND LOCK] Over 1.5**  •  100.0%

⚔️ **Manchester Blue** vs **Liverpool**
   ↳ 🎯 **[HIGH ODDS TRAP] Over 2.5**  •  100.0%
   ↳ 🛡️ **[95%+ COMPOUND LOCK] Over 1.5**  •  100.0%

⚔️ **Tottenham** vs **Newcastle**
   ↳ 🔮 **EXACT SCORE PREDICTION: 2-0**
   ↳ 🎯 **[HIGH ODDS TRAP] 1X2 Home Win**  •  100.0%
   ↳ 🎯 **[HIGH ODDS TRAP] Under 2.5**  •  100.0%
   ↳ 🎯 **[HIGH ODDS TRAP] Over 2.5**  •  100.0%
   ↳ 🛡️ **[95%+ COMPOUND LOCK] Under 3.5**  •  100.0%
   ↳ 🛡️ **[95%+ COMPOUND LOCK] Over 1.5**  •  100.0%


--- 2026-06-06T23:39:10.556224 ---
🟢 VFL CONFLUENCE LOCKS | STABLE RNG DETECTED 🟢
Matchday 29 🚨

⚔️ **West Ham** vs **Manchester Red**
   ↳ 🔮 **EXACT SCORE PREDICTION: 0-2**
   ↳ 🎯 **[HIGH ODDS TRAP] Under 2.5**  •  100.0%
   ↳ 🛡️ **[95%+ COMPOUND LOCK] Under 3.5**  •  100.0%
   ↳ 🛡️ **[95%+ COMPOUND LOCK] Over 1.5**  •  100.0%

⚔️ **Bournemouth** vs **Everton**
   ↳ 🔮 **EXACT SCORE PREDICTION: 1-1**
   ↳ 🎯 **[HIGH ODDS TRAP] 1X2 Home Win**  •  100.0%
   ↳ 🎯 **[HIGH ODDS TRAP] Under 2.5**  •  100.0%
   ↳ 🛡️ **[95%+ COMPOUND LOCK] Under 3.5**  •  100.0%
   ↳ 🛡️ **[95%+ COMPOUND LOCK] Over 1.5**  •  100.0%

⚔️ **Chelsea** vs **Brighton**
   ⚠️ **[CHAOS TRAP WARNING]** Do not bet heavily. MSport RNG Target: Macro Trap (T1 vs T3)
   ↳ 🎯 **[HIGH ODDS TRAP] 1X2 Home Win**  •  100.0%
   ↳ 🎯 **[HIGH ODDS TRAP] Under 2.5**  •  100.0%
   ↳ 🎯 **[HIGH ODDS TRAP] Over 2.5**  •  100.0%
   ↳ 🛡️ **[95%+ COMPOUND LOCK] Under 3.5**  •  100.0%
   ↳ 🛡️ **[95%+ COMPOUND LOCK] Over 1.5**  •  100.0%

⚔️ **Manchester Blue** vs **Fulham**
   ↳ 🔮 **EXACT SCORE PREDICTION: 3-0**
   ↳ 🎯 **[HIGH ODDS TRAP] 1X2 Home Win**  •  100.0%
   ↳ 🎯 **[HIGH ODDS TRAP] Over 2.5**  •  100.0%
   ↳ 🛡️ **[95%+ COMPOUND LOCK] Under 3.5**  •  100.0%
   ↳ 🛡️ **[95%+ COMPOUND LOCK] Over 1.5**  •  100.0%

⚔️ **London Guns** vs **Newcastle**
   ↳ 🎯 **[HIGH ODDS TRAP] 1X2 Home Win**  •  100.0%
   ↳ 🎯 **[HIGH ODDS TRAP] Under 2.5**  •  95.6%
   ↳ 🎯 **[HIGH ODDS TRAP] Over 2.5**  •  100.0%
   ↳ 🛡️ **[95%+ COMPOUND LOCK] Under 3.5**  •  100.0%
   ↳ 🛡️ **[95%+ COMPOUND LOCK] Over 1.5**  •  100.0%

⚔️ **Leeds** vs **Wolverhampton**
   ↳ 🔮 **EXACT SCORE PREDICTION: 2-0**
   ↳ 🎯 **[HIGH ODDS TRAP] 1X2 Home Win**  •  100.0%
   ↳ 🎯 **[HIGH ODDS TRAP] Under 2.5**  •  100.0%
   ↳ 🛡️ **[95%+ COMPOUND LOCK] Under 3.5**  •  100.0%
   ↳ 🛡️ **[95%+ COMPOUND LOCK] Over 1.5**  •  100.0%

⚔️ **Aston Villa** vs **Liverpool**
   ⚠️ **[CHAOS TRAP WARNING]** Do not bet heavily. MSport RNG Target: Macro Trap (T2 vs T1)
   ↳ 🔮 **EXACT SCORE PREDICTION: 0-1**
   ↳ 🎯 **[HIGH ODDS TRAP] Under 2.5**  •  100.0%
   ↳ 🎯 **[HIGH ODDS TRAP] Over 2.5**  •  99.0%
   ↳ 🛡️ **[95%+ COMPOUND LOCK] Under 3.5**  •  100.0%
   ↳ 🛡️ **[95%+ COMPOUND LOCK] Over 1.5**  •  99.0%

⚔️ **Crystal Palace** vs **Tottenham**
   ⚠️ **[CHAOS TRAP WARNING]** Do not bet heavily. MSport RNG Target: Macro Trap (T2 vs T1)
   ↳ 🔮 **EXACT SCORE PREDICTION: 1-2**
   ↳ 🎯 **[HIGH ODDS TRAP] Over 2.5**  •  100.0%
   ↳ 🛡️ **[95%+ COMPOUND LOCK] Under 3.5**  •  100.0%
   ↳ 🛡️ **[95%+ COMPOUND LOCK] Over 1.5**  •  100.0%


--- 2026-06-06T23:46:10.262061 ---
🟢 VFL CONFLUENCE LOCKS | STABLE RNG DETECTED 🟢
Matchday 1 🚨

⚔️ **Everton** vs **Manchester Red**
   ↳ 🔮 **EXACT SCORE PREDICTION: 0-0**
   ↳ 🎯 **[HIGH ODDS TRAP] Under 2.5**  •  100.0%
   ↳ 🛡️ **[95%+ COMPOUND LOCK] Under 3.5**  •  100.0%

⚔️ **Tottenham** vs **Aston Villa**
   ↳ 🔮 **EXACT SCORE PREDICTION: 2-2 (or higher)**
   ↳ 🎯 **[HIGH ODDS TRAP] Under 2.5**  •  100.0%
   ↳ 🎯 **[HIGH ODDS TRAP] Over 2.5**  •  100.0%
   ↳ 🛡️ **[95%+ COMPOUND LOCK] Under 3.5**  •  100.0%
   ↳ 🛡️ **[95%+ COMPOUND LOCK] Over 1.5**  •  100.0%

⚔️ **Crystal Palace** vs **Wolverhampton**
   ↳ 🎯 **[HIGH ODDS TRAP] Over 2.5**  •  100.0%
   ↳ 🛡️ **[95%+ COMPOUND LOCK] Over 1.5**  •  100.0%

⚔️ **Bournemouth** vs **Fulham**
   ↳ 🔮 **EXACT SCORE PREDICTION: 1-1**
   ↳ 🎯 **[HIGH ODDS TRAP] Under 2.5**  •  100.0%
   ↳ 🛡️ **[95%+ COMPOUND LOCK] Under 3.5**  •  100.0%
   ↳ 🛡️ **[95%+ COMPOUND LOCK] Over 1.5**  •  100.0%

⚔️ **West Ham** vs **Liverpool**
   ↳ 🔮 **EXACT SCORE PREDICTION: 1-1**
   ↳ 🎯 **[HIGH ODDS TRAP] Under 2.5**  •  100.0%
   ↳ 🛡️ **[95%+ COMPOUND LOCK] Under 3.5**  •  100.0%
   ↳ 🛡️ **[95%+ COMPOUND LOCK] Over 1.5**  •  100.0%

⚔️ **Brighton** vs **Chelsea**
   ↳ 🔮 **EXACT SCORE PREDICTION: 0-3**
   ↳ 🎯 **[HIGH ODDS TRAP] Over 2.5**  •  100.0%
   ↳ 🛡️ **[95%+ COMPOUND LOCK] Under 3.5**  •  100.0%
   ↳ 🛡️ **[95%+ COMPOUND LOCK] Over 1.5**  •  100.0%

⚔️ **Leeds** vs **Manchester Blue**
   ↳ 🔮 **EXACT SCORE PREDICTION: 1-1**
   ↳ 🎯 **[HIGH ODDS TRAP] Under 2.5**  •  100.0%
   ↳ 🎯 **[HIGH ODDS TRAP] Over 2.5**  •  99.7%
   ↳ 🛡️ **[95%+ COMPOUND LOCK] Under 3.5**  •  100.0%
   ↳ 🛡️ **[95%+ COMPOUND LOCK] Over 1.5**  •  100.0%

⚔️ **London Guns** vs **Newcastle**
   ↳ 🎯 **[HIGH ODDS TRAP] 1X2 Home Win**  •  100.0%
   ↳ 🎯 **[HIGH ODDS TRAP] Under 2.5**  •  95.6%
   ↳ 🎯 **[HIGH ODDS TRAP] Over 2.5**  •  100.0%
   ↳ 🛡️ **[95%+ COMPOUND LOCK] Under 3.5**  •  100.0%
   ↳ 🛡️ **[95%+ COMPOUND LOCK] Over 1.5**  •  100.0%


--- 2026-06-06T23:56:02.857211 ---
🟢 VFL CONFLUENCE LOCKS | STABLE RNG DETECTED 🟢
Matchday 3 🚨

⚔️ **Tottenham** vs **Fulham**
   ↳ 🔮 **EXACT SCORE PREDICTION: 0-1**
   ↳ 🎯 **[HIGH ODDS TRAP] Under 2.5**  •  100.0%
   ↳ 🛡️ **[95%+ COMPOUND LOCK] Under 3.5**  •  100.0%

⚔️ **Newcastle** vs **Manchester Blue**
   ↳ 🔮 **EXACT SCORE PREDICTION: 1-0**
   ↳ 🎯 **[HIGH ODDS TRAP] 1X2 Home Win**  •  100.0%
   ↳ 🎯 **[HIGH ODDS TRAP] Under 2.5**  •  100.0%
   ↳ 🛡️ **[95%+ COMPOUND LOCK] Under 3.5**  •  100.0%
   ↳ 🛡️ **[95%+ COMPOUND LOCK] Over 1.5**  •  98.8%

⚔️ **Leeds** vs **Liverpool**
   ⚠️ **[CHAOS TRAP WARNING]** Do not bet heavily. MSport RNG Target: Macro Trap (T3 vs T2)
   ↳ 🎯 **[HIGH ODDS TRAP] Over 2.5**  •  100.0%
   ↳ 🛡️ **[95%+ COMPOUND LOCK] Over 1.5**  •  100.0%

⚔️ **West Ham** vs **Wolverhampton**
   ↳ 🎯 **[HIGH ODDS TRAP] 1X2 Home Win**  •  100.0%
   ↳ 🎯 **[HIGH ODDS TRAP] Under 2.5**  •  100.0%
   ↳ 🎯 **[HIGH ODDS TRAP] Over 2.5**  •  100.0%
   ↳ 🛡️ **[95%+ COMPOUND LOCK] Under 3.5**  •  100.0%
   ↳ 🛡️ **[95%+ COMPOUND LOCK] Over 1.5**  •  100.0%


--- 2026-06-07T00:00:11.677818 ---
🟢 VFL CONFLUENCE LOCKS | STABLE RNG DETECTED 🟢
Matchday 4 🚨

⚔️ **Wolverhampton** vs **London Guns**
   ↳ 🎯 **[HIGH ODDS TRAP] Over 2.5**  •  100.0%
   ↳ 🛡️ **[95%+ COMPOUND LOCK] Over 1.5**  •  100.0%

⚔️ **Liverpool** vs **Newcastle**
   ↳ 🔮 **EXACT SCORE PREDICTION: 0-1**
   ↳ 🎯 **[HIGH ODDS TRAP] Under 2.5**  •  100.0%
   ↳ 🛡️ **[95%+ COMPOUND LOCK] Under 3.5**  •  100.0%
   ↳ 🛡️ **[95%+ COMPOUND LOCK] Over 1.5**  •  100.0%

⚔️ **Manchester Blue** vs **Everton**
   ⚠️ **[CHAOS TRAP WARNING]** Do not bet heavily. MSport RNG Target: Macro Trap (T1 vs T3)
   ↳ 🎯 **[HIGH ODDS TRAP] 1X2 Home Win**  •  100.0%
   ↳ 🎯 **[HIGH ODDS TRAP] Under 2.5**  •  100.0%
   ↳ 🎯 **[HIGH ODDS TRAP] Over 2.5**  •  100.0%
   ↳ 🛡️ **[95%+ COMPOUND LOCK] Under 3.5**  •  100.0%
   ↳ 🛡️ **[95%+ COMPOUND LOCK] Over 1.5**  •  100.0%

⚔️ **Aston Villa** vs **Leeds**
   ↳ 🔮 **EXACT SCORE PREDICTION: 1-1**
   ↳ 🎯 **[HIGH ODDS TRAP] Under 2.5**  •  100.0%
   ↳ 🛡️ **[95%+ COMPOUND LOCK] Under 3.5**  •  100.0%
   ↳ 🛡️ **[95%+ COMPOUND LOCK] Over 1.5**  •  100.0%

⚔️ **Manchester Red** vs **Tottenham**
   ⚠️ **[CHAOS TRAP WARNING]** Do not bet heavily. MSport RNG Target: Macro Trap (T3 vs T2)
   ↳ 🔮 **EXACT SCORE PREDICTION: 0-2**
   ↳ 🎯 **[HIGH ODDS TRAP] Under 2.5**  •  100.0%
   ↳ 🛡️ **[95%+ COMPOUND LOCK] Under 3.5**  •  100.0%
   ↳ 🛡️ **[95%+ COMPOUND LOCK] Over 1.5**  •  100.0%

⚔️ **Brighton** vs **Bournemouth**
   ↳ 🔮 **EXACT SCORE PREDICTION: 2-0**
   ↳ 🎯 **[HIGH ODDS TRAP] 1X2 Home Win**  •  100.0%
   ↳ 🎯 **[HIGH ODDS TRAP] Under 2.5**  •  100.0%
   ↳ 🛡️ **[95%+ COMPOUND LOCK] Under 3.5**  •  100.0%
   ↳ 🛡️ **[95%+ COMPOUND LOCK] Over 1.5**  •  100.0%

⚔️ **Chelsea** vs **Crystal Palace**
   ↳ 🔮 **EXACT SCORE PREDICTION: 2-0**
   ↳ 🎯 **[HIGH ODDS TRAP] 1X2 Home Win**  •  100.0%
   ↳ 🎯 **[HIGH ODDS TRAP] Under 2.5**  •  100.0%
   ↳ 🛡️ **[95%+ COMPOUND LOCK] Under 3.5**  •  100.0%
   ↳ 🛡️ **[95%+ COMPOUND LOCK] Over 1.5**  •  100.0%


--- 2026-06-07T00:07:07.419439 ---
🟢 VFL CONFLUENCE LOCKS | STABLE RNG DETECTED 🟢
Matchday 6 🚨

⚔️ **Brighton** vs **Tottenham**
   ↳ 🔮 **EXACT SCORE PREDICTION: 2-2 (or higher)**
   ↳ 🎯 **[HIGH ODDS TRAP] Over 2.5**  •  100.0%
   ↳ 🛡️ **[95%+ COMPOUND LOCK] Over 1.5**  •  100.0%

⚔️ **Manchester Red** vs **London Guns**
   ↳ 🎯 **[HIGH ODDS TRAP] 1X2 Home Win**  •  99.9%
   ↳ 🎯 **[HIGH ODDS TRAP] Under 2.5**  •  98.8%
   ↳ 🎯 **[HIGH ODDS TRAP] Over 2.5**  •  99.9%
   ↳ 🛡️ **[95%+ COMPOUND LOCK] Under 3.5**  •  99.8%
   ↳ 🛡️ **[95%+ COMPOUND LOCK] Over 1.5**  •  100.0%

⚔️ **Aston Villa** vs **Liverpool**
   ↳ 🔮 **EXACT SCORE PREDICTION: 1-0**
   ↳ 🎯 **[HIGH ODDS TRAP] 1X2 Home Win**  •  100.0%
   ↳ 🎯 **[HIGH ODDS TRAP] Under 2.5**  •  100.0%
   ↳ 🛡️ **[95%+ COMPOUND LOCK] Under 3.5**  •  100.0%

⚔️ **Chelsea** vs **West Ham**
   ↳ 🎯 **[HIGH ODDS TRAP] 1X2 Home Win**  •  100.0%
   ↳ 🎯 **[HIGH ODDS TRAP] Over 2.5**  •  100.0%
   ↳ 🛡️ **[95%+ COMPOUND LOCK] Over 1.5**  •  100.0%

⚔️ **Everton** vs **Crystal Palace**
   ↳ 🔮 **EXACT SCORE PREDICTION: 2-0**
   ↳ 🎯 **[HIGH ODDS TRAP] 1X2 Home Win**  •  100.0%
   ↳ 🎯 **[HIGH ODDS TRAP] Under 2.5**  •  100.0%
   ↳ 🛡️ **[95%+ COMPOUND LOCK] Under 3.5**  •  100.0%
   ↳ 🛡️ **[95%+ COMPOUND LOCK] Over 1.5**  •  100.0%

⚔️ **Wolverhampton** vs **Newcastle**
   ↳ 🎯 **[HIGH ODDS TRAP] Over 2.5**  •  100.0%
   ↳ 🛡️ **[95%+ COMPOUND LOCK] Over 1.5**  •  100.0%

⚔️ **Manchester Blue** vs **Bournemouth**
   ↳ 🔮 **EXACT SCORE PREDICTION: 3-0**
   ↳ 🎯 **[HIGH ODDS TRAP] 1X2 Home Win**  •  100.0%
   ↳ 🎯 **[HIGH ODDS TRAP] Under 2.5**  •  100.0%
   ↳ 🎯 **[HIGH ODDS TRAP] Over 2.5**  •  100.0%
   ↳ 🛡️ **[95%+ COMPOUND LOCK] Under 3.5**  •  100.0%
   ↳ 🛡️ **[95%+ COMPOUND LOCK] Over 1.5**  •  100.0%


--- 2026-06-07T00:11:02.957198 ---
🟢 VFL CONFLUENCE LOCKS | STABLE RNG DETECTED 🟢
Matchday 7 🚨

⚔️ **Aston Villa** vs **Manchester Blue**
   ↳ 🔮 **EXACT SCORE PREDICTION: 2-2 (or higher)**
   ↳ 🎯 **[HIGH ODDS TRAP] 1X2 Home Win**  •  100.0%
   ↳ 🎯 **[HIGH ODDS TRAP] Over 2.5**  •  100.0%
   ↳ 🛡️ **[95%+ COMPOUND LOCK] Over 1.5**  •  100.0%

⚔️ **Tottenham** vs **Everton**
   ↳ 🎯 **[HIGH ODDS TRAP] 1X2 Home Win**  •  100.0%
   ↳ 🎯 **[HIGH ODDS TRAP] Over 2.5**  •  100.0%
   ↳ 🛡️ **[95%+ COMPOUND LOCK] Over 1.5**  •  100.0%

⚔️ **West Ham** vs **Brighton**
   ↳ 🔮 **EXACT SCORE PREDICTION: 1-2**
   ↳ 🎯 **[HIGH ODDS TRAP] Over 2.5**  •  95.6%
   ↳ 🛡️ **[95%+ COMPOUND LOCK] Under 3.5**  •  99.9%
   ↳ 🛡️ **[95%+ COMPOUND LOCK] Over 1.5**  •  100.0%

⚔️ **Crystal Palace** vs **Bournemouth**
   ↳ 🔮 **EXACT SCORE PREDICTION: 1-0**
   ↳ 🎯 **[HIGH ODDS TRAP] 1X2 Home Win**  •  100.0%
   ↳ 🎯 **[HIGH ODDS TRAP] Under 2.5**  •  100.0%
   ↳ 🛡️ **[95%+ COMPOUND LOCK] Under 3.5**  •  100.0%

⚔️ **Liverpool** vs **Wolverhampton**
   ↳ 🎯 **[HIGH ODDS TRAP] 1X2 Home Win**  •  100.0%
   ↳ 🎯 **[HIGH ODDS TRAP] Over 2.5**  •  100.0%
   ↳ 🛡️ **[95%+ COMPOUND LOCK] Over 1.5**  •  100.0%

⚔️ **London Guns** vs **Chelsea**
   ↳ 🔮 **EXACT SCORE PREDICTION: 2-2 (or higher)**
   ↳ 🎯 **[HIGH ODDS TRAP] Over 2.5**  •  98.8%
   ↳ 🛡️ **[95%+ COMPOUND LOCK] Over 1.5**  •  98.8%


--- 2026-06-07T00:14:08.198074 ---
🟢 VFL CONFLUENCE LOCKS | STABLE RNG DETECTED 🟢
Matchday 8 🚨

⚔️ **Manchester Red** vs **Newcastle**
   ↳ 🎯 **[HIGH ODDS TRAP] 1X2 Home Win**  •  100.0%
   ↳ 🎯 **[HIGH ODDS TRAP] Under 2.5**  •  95.6%
   ↳ 🎯 **[HIGH ODDS TRAP] Over 2.5**  •  100.0%
   ↳ 🛡️ **[95%+ COMPOUND LOCK] Under 3.5**  •  95.6%
   ↳ 🛡️ **[95%+ COMPOUND LOCK] Over 1.5**  •  100.0%

⚔️ **Wolverhampton** vs **Aston Villa**
   ↳ 🔮 **EXACT SCORE PREDICTION: 0-2**
   ↳ 🎯 **[HIGH ODDS TRAP] Under 2.5**  •  100.0%
   ↳ 🛡️ **[95%+ COMPOUND LOCK] Under 3.5**  •  100.0%
   ↳ 🛡️ **[95%+ COMPOUND LOCK] Over 1.5**  •  100.0%

⚔️ **Manchester Blue** vs **Crystal Palace**
   ↳ 🔮 **EXACT SCORE PREDICTION: 2-1**
   ↳ 🎯 **[HIGH ODDS TRAP] 1X2 Home Win**  •  100.0%
   ↳ 🎯 **[HIGH ODDS TRAP] Under 2.5**  •  95.3%
   ↳ 🎯 **[HIGH ODDS TRAP] Over 2.5**  •  100.0%
   ↳ 🛡️ **[95%+ COMPOUND LOCK] Under 3.5**  •  100.0%
   ↳ 🛡️ **[95%+ COMPOUND LOCK] Over 1.5**  •  100.0%

⚔️ **Brighton** vs **London Guns**
   ↳ 🔮 **EXACT SCORE PREDICTION: 0-1**
   ↳ 🎯 **[HIGH ODDS TRAP] 1X2 Home Win**  •  100.0%
   ↳ 🎯 **[HIGH ODDS TRAP] Under 2.5**  •  100.0%
   ↳ 🛡️ **[95%+ COMPOUND LOCK] Under 3.5**  •  100.0%
   ↳ 🛡️ **[95%+ COMPOUND LOCK] Over 1.5**  •  100.0%

⚔️ **Everton** vs **West Ham**
   ↳ 🔮 **EXACT SCORE PREDICTION: 0-1**
   ↳ 🎯 **[HIGH ODDS TRAP] 1X2 Home Win**  •  100.0%
   ↳ 🎯 **[HIGH ODDS TRAP] Under 2.5**  •  100.0%
   ↳ 🎯 **[HIGH ODDS TRAP] Over 2.5**  •  100.0%
   ↳ 🛡️ **[95%+ COMPOUND LOCK] Under 3.5**  •  100.0%
   ↳ 🛡️ **[95%+ COMPOUND LOCK] Over 1.5**  •  100.0%


--- 2026-06-07T00:18:07.948146 ---
🟢 VFL CONFLUENCE LOCKS | STABLE RNG DETECTED 🟢
Matchday 9 🚨

⚔️ **Liverpool** vs **Manchester Red**
   ⚠️ **[CHAOS TRAP WARNING]** Do not bet heavily. MSport RNG Target: Micro Trap (B vs A)
   ↳ 🎯 **[HIGH ODDS TRAP] Under 2.5**  •  99.8%
   ↳ 🎯 **[HIGH ODDS TRAP] Over 2.5**  •  100.0%
   ↳ 🛡️ **[95%+ COMPOUND LOCK] Under 3.5**  •  99.8%
   ↳ 🛡️ **[95%+ COMPOUND LOCK] Over 1.5**  •  100.0%

⚔️ **Leeds** vs **Brighton**
   ↳ 🔮 **EXACT SCORE PREDICTION: 1-2**
   ↳ 🎯 **[HIGH ODDS TRAP] Over 2.5**  •  100.0%
   ↳ 🛡️ **[95%+ COMPOUND LOCK] Under 3.5**  •  100.0%
   ↳ 🛡️ **[95%+ COMPOUND LOCK] Over 1.5**  •  100.0%

⚔️ **London Guns** vs **Everton**
   ↳ 🔮 **EXACT SCORE PREDICTION: 3-0**
   ↳ 🎯 **[HIGH ODDS TRAP] 1X2 Home Win**  •  100.0%
   ↳ 🎯 **[HIGH ODDS TRAP] Over 2.5**  •  100.0%
   ↳ 🛡️ **[95%+ COMPOUND LOCK] Under 3.5**  •  100.0%
   ↳ 🛡️ **[95%+ COMPOUND LOCK] Over 1.5**  •  100.0%

⚔️ **Wolverhampton** vs **Manchester Blue**
   ⚠️ **[CHAOS TRAP WARNING]** Do not bet heavily. MSport RNG Target: Macro Trap (T2 vs T1)
   ↳ 🔮 **EXACT SCORE PREDICTION: 0-2**
   ↳ 🎯 **[HIGH ODDS TRAP] Under 2.5**  •  100.0%
   ↳ 🛡️ **[95%+ COMPOUND LOCK] Under 3.5**  •  100.0%
   ↳ 🛡️ **[95%+ COMPOUND LOCK] Over 1.5**  •  100.0%

⚔️ **Tottenham** vs **Crystal Palace**
   ↳ 🔮 **EXACT SCORE PREDICTION: 1-0**
   ↳ 🎯 **[HIGH ODDS TRAP] 1X2 Home Win**  •  100.0%
   ↳ 🎯 **[HIGH ODDS TRAP] Under 2.5**  •  100.0%
   ↳ 🛡️ **[95%+ COMPOUND LOCK] Under 3.5**  •  100.0%

⚔️ **Newcastle** vs **Chelsea**
   ↳ 🔮 **EXACT SCORE PREDICTION: 0-3**
   ↳ 🎯 **[HIGH ODDS TRAP] Over 2.5**  •  100.0%
   ↳ 🛡️ **[95%+ COMPOUND LOCK] Under 3.5**  •  100.0%
   ↳ 🛡️ **[95%+ COMPOUND LOCK] Over 1.5**  •  100.0%

⚔️ **West Ham** vs **Bournemouth**
   ↳ 🔮 **EXACT SCORE PREDICTION: 1-2**
   ↳ 🎯 **[HIGH ODDS TRAP] Over 2.5**  •  100.0%
   ↳ 🛡️ **[95%+ COMPOUND LOCK] Under 3.5**  •  100.0%
   ↳ 🛡️ **[95%+ COMPOUND LOCK] Over 1.5**  •  100.0%


--- 2026-06-07T00:22:03.722640 ---
🟢 VFL CONFLUENCE LOCKS | STABLE RNG DETECTED 🟢
Matchday 10 🚨

⚔️ **Everton** vs **Leeds**
   ↳ 🔮 **EXACT SCORE PREDICTION: 2-0**
   ↳ 🎯 **[HIGH ODDS TRAP] 1X2 Home Win**  •  100.0%
   ↳ 🎯 **[HIGH ODDS TRAP] Under 2.5**  •  100.0%
   ↳ 🛡️ **[95%+ COMPOUND LOCK] Under 3.5**  •  100.0%
   ↳ 🛡️ **[95%+ COMPOUND LOCK] Over 1.5**  •  100.0%

⚔️ **Chelsea** vs **Liverpool**
   ⚠️ **[CHAOS TRAP WARNING]** Do not bet heavily. MSport RNG Target: Micro Trap (B vs A)
   ↳ 🔮 **EXACT SCORE PREDICTION: 1-0**
   ↳ 🎯 **[HIGH ODDS TRAP] 1X2 Home Win**  •  100.0%
   ↳ 🎯 **[HIGH ODDS TRAP] Under 2.5**  •  100.0%
   ↳ 🛡️ **[95%+ COMPOUND LOCK] Under 3.5**  •  100.0%

⚔️ **Brighton** vs **Newcastle**
   ↳ 🔮 **EXACT SCORE PREDICTION: 3-0**
   ↳ 🎯 **[HIGH ODDS TRAP] 1X2 Home Win**  •  100.0%
   ↳ 🎯 **[HIGH ODDS TRAP] Over 2.5**  •  100.0%
   ↳ 🛡️ **[95%+ COMPOUND LOCK] Under 3.5**  •  100.0%
   ↳ 🛡️ **[95%+ COMPOUND LOCK] Over 1.5**  •  100.0%

⚔️ **Manchester Blue** vs **Tottenham**
   ⚠️ **[CHAOS TRAP WARNING]** Do not bet heavily. MSport RNG Target: Macro Trap (T1 vs T3)
   ↳ 🔮 **EXACT SCORE PREDICTION: 1-2**
   ↳ 🎯 **[HIGH ODDS TRAP] Over 2.5**  •  98.7%
   ↳ 🛡️ **[95%+ COMPOUND LOCK] Under 3.5**  •  100.0%
   ↳ 🛡️ **[95%+ COMPOUND LOCK] Over 1.5**  •  99.9%

⚔️ **Manchester Red** vs **Aston Villa**
   ↳ 🔮 **EXACT SCORE PREDICTION: 1-0**
   ↳ 🎯 **[HIGH ODDS TRAP] 1X2 Home Win**  •  100.0%
   ↳ 🎯 **[HIGH ODDS TRAP] Under 2.5**  •  100.0%
   ↳ 🛡️ **[95%+ COMPOUND LOCK] Under 3.5**  •  100.0%

⚔️ **Crystal Palace** vs **West Ham**
   ↳ 🛡️ **[95%+ COMPOUND LOCK] Over 1.5**  •  100.0%

⚔️ **Bournemouth** vs **London Guns**
   ↳ 🎯 **[HIGH ODDS TRAP] 1X2 Home Win**  •  100.0%
   ↳ 🎯 **[HIGH ODDS TRAP] Over 2.5**  •  100.0%
   ↳ 🛡️ **[95%+ COMPOUND LOCK] Over 1.5**  •  100.0%


--- 2026-06-07T00:32:08.061678 ---
🟢 VFL CONFLUENCE LOCKS | STABLE RNG DETECTED 🟢
Matchday 12 🚨

⚔️ **Bournemouth** vs **Newcastle**
   ↳ 🔮 **EXACT SCORE PREDICTION: 2-2 (or higher)**
   ↳ 🎯 **[HIGH ODDS TRAP] Over 2.5**  •  100.0%
   ↳ 🛡️ **[95%+ COMPOUND LOCK] Over 1.5**  •  100.0%

⚔️ **Crystal Palace** vs **Leeds**
   ↳ 🔮 **EXACT SCORE PREDICTION: 1-1**
   ↳ 🎯 **[HIGH ODDS TRAP] 1X2 Home Win**  •  98.9%
   ↳ 🎯 **[HIGH ODDS TRAP] Under 2.5**  •  100.0%
   ↳ 🛡️ **[95%+ COMPOUND LOCK] Under 3.5**  •  100.0%
   ↳ 🛡️ **[95%+ COMPOUND LOCK] Over 1.5**  •  100.0%

⚔️ **Everton** vs **Liverpool**
   ⚠️ **[CHAOS TRAP WARNING]** Do not bet heavily. MSport RNG Target: Macro Trap (T2 vs T1)
   ↳ 🔮 **EXACT SCORE PREDICTION: 1-0**
   ↳ 🎯 **[HIGH ODDS TRAP] 1X2 Home Win**  •  98.8%
   ↳ 🎯 **[HIGH ODDS TRAP] Under 2.5**  •  98.8%
   ↳ 🛡️ **[95%+ COMPOUND LOCK] Under 3.5**  •  98.8%

⚔️ **Manchester Blue** vs **West Ham**
   ↳ 🔮 **EXACT SCORE PREDICTION: 1-0**
   ↳ 🎯 **[HIGH ODDS TRAP] 1X2 Home Win**  •  100.0%
   ↳ 🎯 **[HIGH ODDS TRAP] Under 2.5**  •  100.0%
   ↳ 🎯 **[HIGH ODDS TRAP] Over 2.5**  •  95.1%
   ↳ 🛡️ **[95%+ COMPOUND LOCK] Under 3.5**  •  100.0%
   ↳ 🛡️ **[95%+ COMPOUND LOCK] Over 1.5**  •  95.1%

⚔️ **Tottenham** vs **London Guns**
   ↳ 🎯 **[HIGH ODDS TRAP] 1X2 Home Win**  •  100.0%
   ↳ 🎯 **[HIGH ODDS TRAP] Over 2.5**  •  100.0%
   ↳ 🛡️ **[95%+ COMPOUND LOCK] Over 1.5**  •  100.0%

⚔️ **Manchester Red** vs **Fulham**
   ↳ 🔮 **EXACT SCORE PREDICTION: 1-1**
   ↳ 🎯 **[HIGH ODDS TRAP] Under 2.5**  •  100.0%
   ↳ 🛡️ **[95%+ COMPOUND LOCK] Under 3.5**  •  100.0%
   ↳ 🛡️ **[95%+ COMPOUND LOCK] Over 1.5**  •  100.0%

⚔️ **Chelsea** vs **Wolverhampton**
   ↳ 🔮 **EXACT SCORE PREDICTION: 3-0**
   ↳ 🎯 **[HIGH ODDS TRAP] 1X2 Home Win**  •  100.0%
   ↳ 🎯 **[HIGH ODDS TRAP] Over 2.5**  •  100.0%
   ↳ 🛡️ **[95%+ COMPOUND LOCK] Under 3.5**  •  100.0%
   ↳ 🛡️ **[95%+ COMPOUND LOCK] Over 1.5**  •  100.0%


--- 2026-06-07T00:33:04.310355 ---
🟢 VFL CONFLUENCE LOCKS | STABLE RNG DETECTED 🟢
Matchday 13 🚨

⚔️ **Leeds** vs **Tottenham**
   ⚠️ **[CHAOS TRAP WARNING]** Do not bet heavily. MSport RNG Target: Macro Trap (T3 vs T2)
   ↳ 🔮 **EXACT SCORE PREDICTION: 1-1**
   ↳ 🎯 **[HIGH ODDS TRAP] 1X2 Home Win**  •  93.5%
   ↳ 🎯 **[HIGH ODDS TRAP] Under 2.5**  •  100.0%
   ↳ 🎯 **[HIGH ODDS TRAP] Over 2.5**  •  94.5%
   ↳ 🛡️ **[95%+ COMPOUND LOCK] Under 3.5**  •  100.0%
   ↳ 🛡️ **[95%+ COMPOUND LOCK] Over 1.5**  •  99.8%

⚔️ **Wolverhampton** vs **Brighton**
   ↳ 🎯 **[HIGH ODDS TRAP] 1X2 Home Win**  •  100.0%
   ↳ 🎯 **[HIGH ODDS TRAP] Over 2.5**  •  100.0%
   ↳ 🛡️ **[95%+ COMPOUND LOCK] Over 1.5**  •  100.0%

⚔️ **Liverpool** vs **Bournemouth**
   ↳ 🔮 **EXACT SCORE PREDICTION: 1-1**
   ↳ 🎯 **[HIGH ODDS TRAP] 1X2 Home Win**  •  100.0%
   ↳ 🎯 **[HIGH ODDS TRAP] Under 2.5**  •  100.0%
   ↳ 🛡️ **[95%+ COMPOUND LOCK] Under 3.5**  •  100.0%
   ↳ 🛡️ **[95%+ COMPOUND LOCK] Over 1.5**  •  100.0%

⚔️ **Newcastle** vs **Crystal Palace**
   ↳ 🔮 **EXACT SCORE PREDICTION: 2-1**
   ↳ 🎯 **[HIGH ODDS TRAP] 1X2 Home Win**  •  100.0%
   ↳ 🎯 **[HIGH ODDS TRAP] Over 2.5**  •  100.0%
   ↳ 🛡️ **[95%+ COMPOUND LOCK] Under 3.5**  •  100.0%
   ↳ 🛡️ **[95%+ COMPOUND LOCK] Over 1.5**  •  100.0%

⚔️ **Manchester Red** vs **Manchester Blue**
   ↳ 🔮 **EXACT SCORE PREDICTION: 0-1**
   ↳ 🎯 **[HIGH ODDS TRAP] Under 2.5**  •  100.0%
   ↳ 🛡️ **[95%+ COMPOUND LOCK] Under 3.5**  •  100.0%

⚔️ **London Guns** vs **West Ham**
   ↳ 🔮 **EXACT SCORE PREDICTION: 0-1**
   ↳ 🎯 **[HIGH ODDS TRAP] Under 2.5**  •  100.0%
   ↳ 🛡️ **[95%+ COMPOUND LOCK] Under 3.5**  •  100.0%

⚔️ **Fulham** vs **Chelsea**
   ⚠️ **[CHAOS TRAP WARNING]** Do not bet heavily. MSport RNG Target: Macro Trap (T2 vs T1)
   ↳ 🔮 **EXACT SCORE PREDICTION: 0-1**
   ↳ 🎯 **[HIGH ODDS TRAP] Under 2.5**  •  100.0%
   ↳ 🛡️ **[95%+ COMPOUND LOCK] Under 3.5**  •  100.0%


--- 2026-06-07T00:36:08.608606 ---
🟢 VFL CONFLUENCE LOCKS | STABLE RNG DETECTED 🟢
Matchday 14 🚨

⚔️ **Crystal Palace** vs **Liverpool**
   ↳ 🔮 **EXACT SCORE PREDICTION: 0-1**
   ↳ 🎯 **[HIGH ODDS TRAP] Under 2.5**  •  100.0%
   ↳ 🛡️ **[95%+ COMPOUND LOCK] Under 3.5**  •  100.0%

⚔️ **Manchester Blue** vs **London Guns**
   ⚠️ **[CHAOS TRAP WARNING]** Do not bet heavily. MSport RNG Target: Macro Trap (T1 vs T3)
   ↳ 🔮 **EXACT SCORE PREDICTION: 2-0**
   ↳ 🎯 **[HIGH ODDS TRAP] 1X2 Home Win**  •  100.0%
   ↳ 🎯 **[HIGH ODDS TRAP] Under 2.5**  •  99.7%
   ↳ 🛡️ **[95%+ COMPOUND LOCK] Under 3.5**  •  99.7%
   ↳ 🛡️ **[95%+ COMPOUND LOCK] Over 1.5**  •  100.0%

⚔️ **Chelsea** vs **Manchester Red**
   ↳ 🔮 **EXACT SCORE PREDICTION: 2-2 (or higher)**
   ↳ 🎯 **[HIGH ODDS TRAP] Over 2.5**  •  100.0%
   ↳ 🛡️ **[95%+ COMPOUND LOCK] Under 3.5**  •  96.4%
   ↳ 🛡️ **[95%+ COMPOUND LOCK] Over 1.5**  •  100.0%

⚔️ **Everton** vs **Wolverhampton**
   ↳ 🔮 **EXACT SCORE PREDICTION: 2-1**
   ↳ 🎯 **[HIGH ODDS TRAP] 1X2 Home Win**  •  100.0%
   ↳ 🎯 **[HIGH ODDS TRAP] Over 2.5**  •  100.0%
   ↳ 🛡️ **[95%+ COMPOUND LOCK] Under 3.5**  •  100.0%
   ↳ 🛡️ **[95%+ COMPOUND LOCK] Over 1.5**  •  100.0%

⚔️ **West Ham** vs **Leeds**
   ↳ 🔮 **EXACT SCORE PREDICTION: 0-3**
   ↳ 🎯 **[HIGH ODDS TRAP] Over 2.5**  •  100.0%
   ↳ 🛡️ **[95%+ COMPOUND LOCK] Under 3.5**  •  100.0%
   ↳ 🛡️ **[95%+ COMPOUND LOCK] Over 1.5**  •  100.0%

⚔️ **Bournemouth** vs **Aston Villa**
   ↳ 🔮 **EXACT SCORE PREDICTION: 0-2**
   ↳ 🎯 **[HIGH ODDS TRAP] Under 2.5**  •  94.4%
   ↳ 🛡️ **[95%+ COMPOUND LOCK] Over 1.5**  •  100.0%

⚔️ **Brighton** vs **Fulham**
   ↳ 🔮 **EXACT SCORE PREDICTION: 2-0**
   ↳ 🎯 **[HIGH ODDS TRAP] 1X2 Home Win**  •  100.0%
   ↳ 🎯 **[HIGH ODDS TRAP] Under 2.5**  •  100.0%
   ↳ 🛡️ **[95%+ COMPOUND LOCK] Under 3.5**  •  100.0%
   ↳ 🛡️ **[95%+ COMPOUND LOCK] Over 1.5**  •  100.0%

⚔️ **Tottenham** vs **Newcastle**
   ↳ 🎯 **[HIGH ODDS TRAP] 1X2 Home Win**  •  100.0%
   ↳ 🎯 **[HIGH ODDS TRAP] Over 2.5**  •  100.0%
   ↳ 🛡️ **[95%+ COMPOUND LOCK] Under 3.5**  •  100.0%
   ↳ 🛡️ **[95%+ COMPOUND LOCK] Over 1.5**  •  100.0%


--- 2026-06-07T00:40:08.069137 ---
🟢 VFL CONFLUENCE LOCKS | STABLE RNG DETECTED 🟢
Matchday 15 🚨

⚔️ **Manchester Red** vs **Brighton**
   ↳ 🔮 **EXACT SCORE PREDICTION: 0-1**
   ↳ 🎯 **[HIGH ODDS TRAP] 1X2 Home Win**  •  100.0%
   ↳ 🎯 **[HIGH ODDS TRAP] Under 2.5**  •  100.0%
   ↳ 🎯 **[HIGH ODDS TRAP] Over 2.5**  •  100.0%
   ↳ 🛡️ **[95%+ COMPOUND LOCK] Under 3.5**  •  100.0%
   ↳ 🛡️ **[95%+ COMPOUND LOCK] Over 1.5**  •  100.0%

⚔️ **Newcastle** vs **West Ham**
   ↳ 🔮 **EXACT SCORE PREDICTION: 1-1**
   ↳ 🎯 **[HIGH ODDS TRAP] Under 2.5**  •  100.0%
   ↳ 🛡️ **[95%+ COMPOUND LOCK] Under 3.5**  •  100.0%

⚔️ **Fulham** vs **Everton**
   ⚠️ **[CHAOS TRAP WARNING]** Do not bet heavily. MSport RNG Target: Macro Trap (T3 vs T2)
   ↳ 🔮 **EXACT SCORE PREDICTION: 0-0**
   ↳ 🎯 **[HIGH ODDS TRAP] Under 2.5**  •  100.0%
   ↳ 🛡️ **[95%+ COMPOUND LOCK] Under 3.5**  •  100.0%

⚔️ **Wolverhampton** vs **Bournemouth**
   ↳ 🔮 **EXACT SCORE PREDICTION: 1-0**
   ↳ 🎯 **[HIGH ODDS TRAP] 1X2 Home Win**  •  100.0%
   ↳ 🎯 **[HIGH ODDS TRAP] Under 2.5**  •  100.0%
   ↳ 🎯 **[HIGH ODDS TRAP] Over 2.5**  •  100.0%
   ↳ 🛡️ **[95%+ COMPOUND LOCK] Under 3.5**  •  100.0%
   ↳ 🛡️ **[95%+ COMPOUND LOCK] Over 1.5**  •  100.0%

⚔️ **Aston Villa** vs **Crystal Palace**
   ↳ 🔮 **EXACT SCORE PREDICTION: 3-0**
   ↳ 🎯 **[HIGH ODDS TRAP] 1X2 Home Win**  •  100.0%
   ↳ 🎯 **[HIGH ODDS TRAP] Under 2.5**  •  100.0%
   ↳ 🎯 **[HIGH ODDS TRAP] Over 2.5**  •  100.0%
   ↳ 🛡️ **[95%+ COMPOUND LOCK] Under 3.5**  •  100.0%
   ↳ 🛡️ **[95%+ COMPOUND LOCK] Over 1.5**  •  100.0%

⚔️ **Liverpool** vs **Tottenham**
   ↳ 🎯 **[HIGH ODDS TRAP] 1X2 Home Win**  •  100.0%
   ↳ 🎯 **[HIGH ODDS TRAP] Over 2.5**  •  100.0%
   ↳ 🛡️ **[95%+ COMPOUND LOCK] Over 1.5**  •  100.0%

⚔️ **Leeds** vs **London Guns**
   ↳ 🔮 **EXACT SCORE PREDICTION: 2-0**
   ↳ 🎯 **[HIGH ODDS TRAP] 1X2 Home Win**  •  100.0%
   ↳ 🎯 **[HIGH ODDS TRAP] Under 2.5**  •  100.0%
   ↳ 🛡️ **[95%+ COMPOUND LOCK] Under 3.5**  •  100.0%
   ↳ 🛡️ **[95%+ COMPOUND LOCK] Over 1.5**  •  100.0%

⚔️ **Chelsea** vs **Manchester Blue**
   ↳ 🔮 **EXACT SCORE PREDICTION: 0-1**
   ↳ 🎯 **[HIGH ODDS TRAP] Under 2.5**  •  99.9%
   ↳ 🛡️ **[95%+ COMPOUND LOCK] Under 3.5**  •  100.0%


--- 2026-06-07T00:47:07.704037 ---
🟢 VFL CONFLUENCE LOCKS | STABLE RNG DETECTED 🟢
Matchday 17 🚨

⚔️ **London Guns** vs **Liverpool**
   ↳ 🔮 **EXACT SCORE PREDICTION: 1-1**
   ↳ 🎯 **[HIGH ODDS TRAP] Under 2.5**  •  100.0%
   ↳ 🛡️ **[95%+ COMPOUND LOCK] Under 3.5**  •  100.0%
   ↳ 🛡️ **[95%+ COMPOUND LOCK] Over 1.5**  •  100.0%

⚔️ **Brighton** vs **Manchester Blue**
   ↳ 🎯 **[HIGH ODDS TRAP] 1X2 Home Win**  •  100.0%
   ↳ 🎯 **[HIGH ODDS TRAP] Under 2.5**  •  95.4%
   ↳ 🎯 **[HIGH ODDS TRAP] Over 2.5**  •  100.0%
   ↳ 🛡️ **[95%+ COMPOUND LOCK] Under 3.5**  •  95.4%
   ↳ 🛡️ **[95%+ COMPOUND LOCK] Over 1.5**  •  100.0%

⚔️ **Tottenham** vs **Wolverhampton**
   ↳ 🔮 **EXACT SCORE PREDICTION: 1-1**
   ↳ 🎯 **[HIGH ODDS TRAP] Under 2.5**  •  98.7%
   ↳ 🛡️ **[95%+ COMPOUND LOCK] Under 3.5**  •  100.0%
   ↳ 🛡️ **[95%+ COMPOUND LOCK] Over 1.5**  •  100.0%

⚔️ **West Ham** vs **Aston Villa**
   ↳ 🔮 **EXACT SCORE PREDICTION: 0-2**
   ↳ 🎯 **[HIGH ODDS TRAP] Under 2.5**  •  99.9%
   ↳ 🛡️ **[95%+ COMPOUND LOCK] Under 3.5**  •  99.9%
   ↳ 🛡️ **[95%+ COMPOUND LOCK] Over 1.5**  •  98.7%

⚔️ **Bournemouth** vs **Manchester Red**
   ↳ 🎯 **[HIGH ODDS TRAP] Over 2.5**  •  100.0%
   ↳ 🛡️ **[95%+ COMPOUND LOCK] Under 3.5**  •  100.0%
   ↳ 🛡️ **[95%+ COMPOUND LOCK] Over 1.5**  •  100.0%

⚔️ **Leeds** vs **Newcastle**
   ⚠️ **[CHAOS TRAP WARNING]** Do not bet heavily. MSport RNG Target: Macro Trap (T3 vs T2)
   ↳ 🔮 **EXACT SCORE PREDICTION: 1-1**
   ↳ 🎯 **[HIGH ODDS TRAP] Under 2.5**  •  100.0%
   ↳ 🛡️ **[95%+ COMPOUND LOCK] Under 3.5**  •  100.0%
   ↳ 🛡️ **[95%+ COMPOUND LOCK] Over 1.5**  •  100.0%

⚔️ **Everton** vs **Chelsea**
   ↳ 🔮 **EXACT SCORE PREDICTION: 0-1**
   ↳ 🎯 **[HIGH ODDS TRAP] 1X2 Home Win**  •  100.0%
   ↳ 🎯 **[HIGH ODDS TRAP] Under 2.5**  •  100.0%
   ↳ 🛡️ **[95%+ COMPOUND LOCK] Under 3.5**  •  100.0%
   ↳ 🛡️ **[95%+ COMPOUND LOCK] Over 1.5**  •  99.9%

⚔️ **Crystal Palace** vs **Fulham**
   ↳ 🔮 **EXACT SCORE PREDICTION: 0-1**
   ↳ 🎯 **[HIGH ODDS TRAP] Under 2.5**  •  100.0%
   ↳ 🛡️ **[95%+ COMPOUND LOCK] Under 3.5**  •  100.0%


--- 2026-06-07T01:02:09.562452 ---
🟢 VFL CONFLUENCE LOCKS | STABLE RNG DETECTED 🟢
Matchday 21 🚨

⚔️ **Crystal Palace** vs **Everton**
   ↳ 🎯 **[HIGH ODDS TRAP] Over 2.5**  •  100.0%
   ↳ 🛡️ **[95%+ COMPOUND LOCK] Over 1.5**  •  100.0%

⚔️ **Bournemouth** vs **Manchester Blue**
   ↳ 🔮 **EXACT SCORE PREDICTION: 2-1**
   ↳ 🎯 **[HIGH ODDS TRAP] 1X2 Home Win**  •  100.0%
   ↳ 🎯 **[HIGH ODDS TRAP] Over 2.5**  •  100.0%
   ↳ 🛡️ **[95%+ COMPOUND LOCK] Under 3.5**  •  100.0%
   ↳ 🛡️ **[95%+ COMPOUND LOCK] Over 1.5**  •  100.0%

⚔️ **Leeds** vs **Fulham**
   ↳ 🔮 **EXACT SCORE PREDICTION: 2-0**
   ↳ 🎯 **[HIGH ODDS TRAP] 1X2 Home Win**  •  100.0%
   ↳ 🎯 **[HIGH ODDS TRAP] Under 2.5**  •  100.0%
   ↳ 🛡️ **[95%+ COMPOUND LOCK] Under 3.5**  •  100.0%
   ↳ 🛡️ **[95%+ COMPOUND LOCK] Over 1.5**  •  100.0%

⚔️ **Tottenham** vs **Brighton**
   ↳ 🔮 **EXACT SCORE PREDICTION: 0-0**
   ↳ 🎯 **[HIGH ODDS TRAP] 1X2 Home Win**  •  99.9%
   ↳ 🎯 **[HIGH ODDS TRAP] Under 2.5**  •  100.0%
   ↳ 🛡️ **[95%+ COMPOUND LOCK] Under 3.5**  •  100.0%

⚔️ **London Guns** vs **Manchester Red**
   ⚠️ **[CHAOS TRAP WARNING]** Do not bet heavily. MSport RNG Target: Macro Trap (T3 vs T2)
   ↳ 🔮 **EXACT SCORE PREDICTION: 2-0**
   ↳ 🎯 **[HIGH ODDS TRAP] 1X2 Home Win**  •  100.0%
   ↳ 🎯 **[HIGH ODDS TRAP] Under 2.5**  •  100.0%
   ↳ 🎯 **[HIGH ODDS TRAP] Over 2.5**  •  100.0%
   ↳ 🛡️ **[95%+ COMPOUND LOCK] Under 3.5**  •  100.0%
   ↳ 🛡️ **[95%+ COMPOUND LOCK] Over 1.5**  •  100.0%

⚔️ **Liverpool** vs **Aston Villa**
   ↳ 🔮 **EXACT SCORE PREDICTION: 0-0**
   ↳ 🎯 **[HIGH ODDS TRAP] Under 2.5**  •  100.0%
   ↳ 🛡️ **[95%+ COMPOUND LOCK] Under 3.5**  •  100.0%

⚔️ **West Ham** vs **Chelsea**
   ↳ 🔮 **EXACT SCORE PREDICTION: 1-2**
   ↳ 🎯 **[HIGH ODDS TRAP] Over 2.5**  •  100.0%
   ↳ 🛡️ **[95%+ COMPOUND LOCK] Under 3.5**  •  100.0%
   ↳ 🛡️ **[95%+ COMPOUND LOCK] Over 1.5**  •  100.0%


--- 2026-06-07T01:06:06.264056 ---
🟢 VFL CONFLUENCE LOCKS | STABLE RNG DETECTED 🟢
Matchday 22 🚨

⚔️ **Brighton** vs **West Ham**
   ↳ 🔮 **EXACT SCORE PREDICTION: 2-1**
   ↳ 🎯 **[HIGH ODDS TRAP] 1X2 Home Win**  •  98.7%
   ↳ 🎯 **[HIGH ODDS TRAP] Over 2.5**  •  100.0%
   ↳ 🛡️ **[95%+ COMPOUND LOCK] Under 3.5**  •  100.0%
   ↳ 🛡️ **[95%+ COMPOUND LOCK] Over 1.5**  •  100.0%

⚔️ **Bournemouth** vs **Crystal Palace**
   ↳ 🔮 **EXACT SCORE PREDICTION: 0-0**
   ↳ 🎯 **[HIGH ODDS TRAP] Under 2.5**  •  100.0%
   ↳ 🛡️ **[95%+ COMPOUND LOCK] Under 3.5**  •  100.0%

⚔️ **Manchester Red** vs **Leeds**
   ⚠️ **[CHAOS TRAP WARNING]** Do not bet heavily. MSport RNG Target: Macro Trap (T1 vs T3)
   ↳ 🎯 **[HIGH ODDS TRAP] 1X2 Home Win**  •  100.0%
   ↳ 🎯 **[HIGH ODDS TRAP] Under 2.5**  •  100.0%
   ↳ 🎯 **[HIGH ODDS TRAP] Over 2.5**  •  100.0%
   ↳ 🛡️ **[95%+ COMPOUND LOCK] Under 3.5**  •  100.0%
   ↳ 🛡️ **[95%+ COMPOUND LOCK] Over 1.5**  •  100.0%

⚔️ **Wolverhampton** vs **Liverpool**
   ⚠️ **[CHAOS TRAP WARNING]** Do not bet heavily. MSport RNG Target: Macro Trap (T2 vs T1)
   ↳ 🔮 **EXACT SCORE PREDICTION: 1-1**
   ↳ 🎯 **[HIGH ODDS TRAP] Under 2.5**  •  100.0%
   ↳ 🛡️ **[95%+ COMPOUND LOCK] Under 3.5**  •  100.0%
   ↳ 🛡️ **[95%+ COMPOUND LOCK] Over 1.5**  •  100.0%

⚔️ **Chelsea** vs **London Guns**
   ⚠️ **[CHAOS TRAP WARNING]** Do not bet heavily. MSport RNG Target: Macro Trap (T1 vs T3)
   ↳ 🔮 **EXACT SCORE PREDICTION: 0-0**
   ↳ 🎯 **[HIGH ODDS TRAP] Under 2.5**  •  100.0%
   ↳ 🛡️ **[95%+ COMPOUND LOCK] Under 3.5**  •  100.0%

⚔️ **Manchester Blue** vs **Aston Villa**
   ↳ 🔮 **EXACT SCORE PREDICTION: 0-1**
   ↳ 🎯 **[HIGH ODDS TRAP] Under 2.5**  •  100.0%
   ↳ 🎯 **[HIGH ODDS TRAP] Over 2.5**  •  99.7%
   ↳ 🛡️ **[95%+ COMPOUND LOCK] Under 3.5**  •  100.0%
   ↳ 🛡️ **[95%+ COMPOUND LOCK] Over 1.5**  •  99.7%

⚔️ **Fulham** vs **Newcastle**
   ⚠️ **[CHAOS TRAP WARNING]** Do not bet heavily. MSport RNG Target: Macro Trap (T3 vs T2)
   ↳ 🔮 **EXACT SCORE PREDICTION: 1-2**
   ↳ 🎯 **[HIGH ODDS TRAP] Over 2.5**  •  100.0%
   ↳ 🛡️ **[95%+ COMPOUND LOCK] Under 3.5**  •  100.0%
   ↳ 🛡️ **[95%+ COMPOUND LOCK] Over 1.5**  •  100.0%

⚔️ **Everton** vs **Tottenham**
   ⚠️ **[CHAOS TRAP WARNING]** Do not bet heavily. MSport RNG Target: Macro Trap (T3 vs T2)
   ↳ 🔮 **EXACT SCORE PREDICTION: 1-0**
   ↳ 🎯 **[HIGH ODDS TRAP] 1X2 Home Win**  •  99.9%
   ↳ 🎯 **[HIGH ODDS TRAP] Under 2.5**  •  100.0%
   ↳ 🎯 **[HIGH ODDS TRAP] Over 2.5**  •  99.9%
   ↳ 🛡️ **[95%+ COMPOUND LOCK] Under 3.5**  •  100.0%
   ↳ 🛡️ **[95%+ COMPOUND LOCK] Over 1.5**  •  99.9%


--- 2026-06-07T01:13:11.681731 ---
🟢 VFL CONFLUENCE LOCKS | STABLE RNG DETECTED 🟢
Matchday 24 🚨

⚔️ **Everton** vs **London Guns**
   ↳ 🔮 **EXACT SCORE PREDICTION: 3-0**
   ↳ 🎯 **[HIGH ODDS TRAP] 1X2 Home Win**  •  100.0%
   ↳ 🎯 **[HIGH ODDS TRAP] Over 2.5**  •  100.0%
   ↳ 🛡️ **[95%+ COMPOUND LOCK] Under 3.5**  •  100.0%
   ↳ 🛡️ **[95%+ COMPOUND LOCK] Over 1.5**  •  100.0%

⚔️ **Manchester Blue** vs **Wolverhampton**
   ↳ 🔮 **EXACT SCORE PREDICTION: 2-2 (or higher)**
   ↳ 🎯 **[HIGH ODDS TRAP] 1X2 Home Win**  •  100.0%
   ↳ 🎯 **[HIGH ODDS TRAP] Over 2.5**  •  100.0%
   ↳ 🛡️ **[95%+ COMPOUND LOCK] Over 1.5**  •  100.0%

⚔️ **Crystal Palace** vs **Tottenham**
   ↳ 🔮 **EXACT SCORE PREDICTION: 3-0**
   ↳ 🎯 **[HIGH ODDS TRAP] 1X2 Home Win**  •  100.0%
   ↳ 🎯 **[HIGH ODDS TRAP] Over 2.5**  •  100.0%
   ↳ 🛡️ **[95%+ COMPOUND LOCK] Under 3.5**  •  100.0%
   ↳ 🛡️ **[95%+ COMPOUND LOCK] Over 1.5**  •  100.0%

⚔️ **Chelsea** vs **Newcastle**
   ↳ 🔮 **EXACT SCORE PREDICTION: 2-0**
   ↳ 🎯 **[HIGH ODDS TRAP] 1X2 Home Win**  •  100.0%
   ↳ 🎯 **[HIGH ODDS TRAP] Under 2.5**  •  100.0%
   ↳ 🛡️ **[95%+ COMPOUND LOCK] Under 3.5**  •  100.0%
   ↳ 🛡️ **[95%+ COMPOUND LOCK] Over 1.5**  •  100.0%

⚔️ **Bournemouth** vs **West Ham**
   ↳ 🔮 **EXACT SCORE PREDICTION: 1-1**
   ↳ 🎯 **[HIGH ODDS TRAP] Under 2.5**  •  98.7%
   ↳ 🛡️ **[95%+ COMPOUND LOCK] Under 3.5**  •  100.0%
   ↳ 🛡️ **[95%+ COMPOUND LOCK] Over 1.5**  •  100.0%

⚔️ **Manchester Red** vs **Liverpool**
   ⚠️ **[CHAOS TRAP WARNING]** Do not bet heavily. MSport RNG Target: Micro Trap (B vs A)
   ↳ 🔮 **EXACT SCORE PREDICTION: 1-0**
   ↳ 🎯 **[HIGH ODDS TRAP] 1X2 Home Win**  •  99.7%
   ↳ 🎯 **[HIGH ODDS TRAP] Under 2.5**  •  100.0%
   ↳ 🛡️ **[95%+ COMPOUND LOCK] Under 3.5**  •  100.0%

⚔️ **Brighton** vs **Leeds**
   ↳ 🔮 **EXACT SCORE PREDICTION: 1-0**
   ↳ 🎯 **[HIGH ODDS TRAP] 1X2 Home Win**  •  100.0%
   ↳ 🎯 **[HIGH ODDS TRAP] Under 2.5**  •  100.0%
   ↳ 🎯 **[HIGH ODDS TRAP] Over 2.5**  •  100.0%
   ↳ 🛡️ **[95%+ COMPOUND LOCK] Under 3.5**  •  100.0%
   ↳ 🛡️ **[95%+ COMPOUND LOCK] Over 1.5**  •  100.0%

⚔️ **Fulham** vs **Aston Villa**
   ⚠️ **[CHAOS TRAP WARNING]** Do not bet heavily. MSport RNG Target: Macro Trap (T3 vs T2)
   ↳ 🔮 **EXACT SCORE PREDICTION: 2-1**
   ↳ 🎯 **[HIGH ODDS TRAP] 1X2 Home Win**  •  100.0%
   ↳ 🎯 **[HIGH ODDS TRAP] Over 2.5**  •  100.0%
   ↳ 🛡️ **[95%+ COMPOUND LOCK] Under 3.5**  •  100.0%
   ↳ 🛡️ **[95%+ COMPOUND LOCK] Over 1.5**  •  100.0%


--- 2026-06-07T01:20:10.762801 ---
🟢 VFL CONFLUENCE LOCKS | STABLE RNG DETECTED 🟢
Matchday 26 🚨

⚔️ **Brighton** vs **Liverpool**
   ↳ 🔮 **EXACT SCORE PREDICTION: 0-2**
   ↳ 🎯 **[HIGH ODDS TRAP] Under 2.5**  •  100.0%
   ↳ 🛡️ **[95%+ COMPOUND LOCK] Under 3.5**  •  100.0%
   ↳ 🛡️ **[95%+ COMPOUND LOCK] Over 1.5**  •  100.0%

⚔️ **Manchester Blue** vs **Fulham**
   ⚠️ **[CHAOS TRAP WARNING]** Do not bet heavily. MSport RNG Target: Macro Trap (T1 vs T3)
   ↳ 🔮 **EXACT SCORE PREDICTION: 2-0**
   ↳ 🎯 **[HIGH ODDS TRAP] 1X2 Home Win**  •  100.0%
   ↳ 🎯 **[HIGH ODDS TRAP] Under 2.5**  •  100.0%
   ↳ 🛡️ **[95%+ COMPOUND LOCK] Under 3.5**  •  100.0%
   ↳ 🛡️ **[95%+ COMPOUND LOCK] Over 1.5**  •  100.0%

⚔️ **Chelsea** vs **Aston Villa**
   ↳ 🔮 **EXACT SCORE PREDICTION: 2-0**
   ↳ 🎯 **[HIGH ODDS TRAP] 1X2 Home Win**  •  100.0%
   ↳ 🎯 **[HIGH ODDS TRAP] Under 2.5**  •  100.0%
   ↳ 🎯 **[HIGH ODDS TRAP] Over 2.5**  •  99.9%
   ↳ 🛡️ **[95%+ COMPOUND LOCK] Under 3.5**  •  100.0%
   ↳ 🛡️ **[95%+ COMPOUND LOCK] Over 1.5**  •  100.0%

⚔️ **Manchester Red** vs **Wolverhampton**
   ⚠️ **[CHAOS TRAP WARNING]** Do not bet heavily. MSport RNG Target: Macro Trap (T1 vs T3)
   ↳ 🔮 **EXACT SCORE PREDICTION: 2-2 (or higher)**
   ↳ 🎯 **[HIGH ODDS TRAP] Under 2.5**  •  99.8%
   ↳ 🎯 **[HIGH ODDS TRAP] Over 2.5**  •  100.0%
   ↳ 🛡️ **[95%+ COMPOUND LOCK] Under 3.5**  •  99.8%
   ↳ 🛡️ **[95%+ COMPOUND LOCK] Over 1.5**  •  100.0%

⚔️ **Tottenham** vs **West Ham**
   ↳ 🎯 **[HIGH ODDS TRAP] Over 2.5**  •  99.9%
   ↳ 🛡️ **[95%+ COMPOUND LOCK] Over 1.5**  •  100.0%

⚔️ **Bournemouth** vs **Leeds**
   ↳ 🔮 **EXACT SCORE PREDICTION: 0-2**
   ↳ 🎯 **[HIGH ODDS TRAP] Under 2.5**  •  100.0%
   ↳ 🛡️ **[95%+ COMPOUND LOCK] Under 3.5**  •  100.0%
   ↳ 🛡️ **[95%+ COMPOUND LOCK] Over 1.5**  •  99.7%

⚔️ **Everton** vs **Newcastle**
   ⚠️ **[CHAOS TRAP WARNING]** Do not bet heavily. MSport RNG Target: Macro Trap (T3 vs T2)
   ↳ 🔮 **EXACT SCORE PREDICTION: 2-0**
   ↳ 🎯 **[HIGH ODDS TRAP] 1X2 Home Win**  •  100.0%
   ↳ 🎯 **[HIGH ODDS TRAP] Under 2.5**  •  100.0%
   ↳ 🛡️ **[95%+ COMPOUND LOCK] Under 3.5**  •  100.0%
   ↳ 🛡️ **[95%+ COMPOUND LOCK] Over 1.5**  •  100.0%

⚔️ **Crystal Palace** vs **London Guns**
   ↳ 🔮 **EXACT SCORE PREDICTION: 0-1**
   ↳ 🎯 **[HIGH ODDS TRAP] 1X2 Home Win**  •  99.9%
   ↳ 🎯 **[HIGH ODDS TRAP] Under 2.5**  •  100.0%
   ↳ 🎯 **[HIGH ODDS TRAP] Over 2.5**  •  99.9%
   ↳ 🛡️ **[95%+ COMPOUND LOCK] Under 3.5**  •  100.0%
   ↳ 🛡️ **[95%+ COMPOUND LOCK] Over 1.5**  •  100.0%


--- 2026-06-07T01:27:10.346715 ---
🟢 VFL CONFLUENCE LOCKS | STABLE RNG DETECTED 🟢
Matchday 28 🚨

⚔️ **Crystal Palace** vs **Newcastle**
   ↳ 🔮 **EXACT SCORE PREDICTION: 1-2**
   ↳ 🎯 **[HIGH ODDS TRAP] Over 2.5**  •  100.0%
   ↳ 🛡️ **[95%+ COMPOUND LOCK] Under 3.5**  •  100.0%
   ↳ 🛡️ **[95%+ COMPOUND LOCK] Over 1.5**  •  100.0%

⚔️ **Manchester Blue** vs **Manchester Red**
   ↳ 🔮 **EXACT SCORE PREDICTION: 2-2 (or higher)**
   ↳ 🎯 **[HIGH ODDS TRAP] Over 2.5**  •  100.0%
   ↳ 🛡️ **[95%+ COMPOUND LOCK] Over 1.5**  •  100.0%

⚔️ **West Ham** vs **London Guns**
   ↳ 🔮 **EXACT SCORE PREDICTION: 0-2**
   ↳ 🎯 **[HIGH ODDS TRAP] Under 2.5**  •  95.3%
   ↳ 🛡️ **[95%+ COMPOUND LOCK] Under 3.5**  •  99.7%
   ↳ 🛡️ **[95%+ COMPOUND LOCK] Over 1.5**  •  100.0%

⚔️ **Everton** vs **Aston Villa**
   ⚠️ **[CHAOS TRAP WARNING]** Do not bet heavily. MSport RNG Target: Macro Trap (T3 vs T2)
   ↳ 🔮 **EXACT SCORE PREDICTION: 1-0**
   ↳ 🎯 **[HIGH ODDS TRAP] 1X2 Home Win**  •  100.0%
   ↳ 🎯 **[HIGH ODDS TRAP] Under 2.5**  •  100.0%
   ↳ 🛡️ **[95%+ COMPOUND LOCK] Under 3.5**  •  100.0%

⚔️ **Chelsea** vs **Fulham**
   ↳ 🔮 **EXACT SCORE PREDICTION: 0-1**
   ↳ 🎯 **[HIGH ODDS TRAP] Under 2.5**  •  100.0%
   ↳ 🛡️ **[95%+ COMPOUND LOCK] Under 3.5**  •  100.0%
   ↳ 🛡️ **[95%+ COMPOUND LOCK] Over 1.5**  •  99.7%

⚔️ **Tottenham** vs **Leeds**
   ↳ 🎯 **[HIGH ODDS TRAP] 1X2 Home Win**  •  100.0%
   ↳ 🎯 **[HIGH ODDS TRAP] Over 2.5**  •  100.0%
   ↳ 🛡️ **[95%+ COMPOUND LOCK] Under 3.5**  •  100.0%
   ↳ 🛡️ **[95%+ COMPOUND LOCK] Over 1.5**  •  100.0%

⚔️ **Brighton** vs **Wolverhampton**
   ↳ 🔮 **EXACT SCORE PREDICTION: 1-2**
   ↳ 🎯 **[HIGH ODDS TRAP] Over 2.5**  •  100.0%
   ↳ 🛡️ **[95%+ COMPOUND LOCK] Under 3.5**  •  100.0%
   ↳ 🛡️ **[95%+ COMPOUND LOCK] Over 1.5**  •  100.0%

⚔️ **Bournemouth** vs **Liverpool**
   ↳ 🔮 **EXACT SCORE PREDICTION: 1-2**
   ↳ 🎯 **[HIGH ODDS TRAP] Over 2.5**  •  100.0%
   ↳ 🛡️ **[95%+ COMPOUND LOCK] Under 3.5**  •  100.0%
   ↳ 🛡️ **[95%+ COMPOUND LOCK] Over 1.5**  •  100.0%


--- 2026-06-07T01:31:09.918557 ---
🟢 VFL CONFLUENCE LOCKS | STABLE RNG DETECTED 🟢
Matchday 29 🚨

⚔️ **Aston Villa** vs **Bournemouth**
   ↳ 🔮 **EXACT SCORE PREDICTION: 2-1**
   ↳ 🎯 **[HIGH ODDS TRAP] 1X2 Home Win**  •  100.0%
   ↳ 🎯 **[HIGH ODDS TRAP] Under 2.5**  •  100.0%
   ↳ 🎯 **[HIGH ODDS TRAP] Over 2.5**  •  100.0%
   ↳ 🛡️ **[95%+ COMPOUND LOCK] Under 3.5**  •  100.0%
   ↳ 🛡️ **[95%+ COMPOUND LOCK] Over 1.5**  •  100.0%

⚔️ **Fulham** vs **Brighton**
   ↳ 🔮 **EXACT SCORE PREDICTION: 3-0**
   ↳ 🎯 **[HIGH ODDS TRAP] 1X2 Home Win**  •  100.0%
   ↳ 🎯 **[HIGH ODDS TRAP] Under 2.5**  •  99.9%
   ↳ 🎯 **[HIGH ODDS TRAP] Over 2.5**  •  100.0%
   ↳ 🛡️ **[95%+ COMPOUND LOCK] Under 3.5**  •  100.0%
   ↳ 🛡️ **[95%+ COMPOUND LOCK] Over 1.5**  •  100.0%

⚔️ **Newcastle** vs **Tottenham**
   ⚠️ **[CHAOS TRAP WARNING]** Do not bet heavily. MSport RNG Target: Macro Trap (T3 vs T2)
   ↳ 🔮 **EXACT SCORE PREDICTION: 1-2**
   ↳ 🎯 **[HIGH ODDS TRAP] Over 2.5**  •  100.0%
   ↳ 🛡️ **[95%+ COMPOUND LOCK] Under 3.5**  •  100.0%
   ↳ 🛡️ **[95%+ COMPOUND LOCK] Over 1.5**  •  100.0%

⚔️ **Liverpool** vs **Crystal Palace**
   ↳ 🔮 **EXACT SCORE PREDICTION: 2-1**
   ↳ 🎯 **[HIGH ODDS TRAP] 1X2 Home Win**  •  100.0%
   ↳ 🎯 **[HIGH ODDS TRAP] Over 2.5**  •  100.0%
   ↳ 🛡️ **[95%+ COMPOUND LOCK] Under 3.5**  •  100.0%
   ↳ 🛡️ **[95%+ COMPOUND LOCK] Over 1.5**  •  100.0%

⚔️ **London Guns** vs **Manchester Blue**
   ⚠️ **[CHAOS TRAP WARNING]** Do not bet heavily. MSport RNG Target: Macro Trap (T2 vs T1)
   ↳ 🔮 **EXACT SCORE PREDICTION: 0-2**
   ↳ 🎯 **[HIGH ODDS TRAP] Under 2.5**  •  100.0%
   ↳ 🛡️ **[95%+ COMPOUND LOCK] Under 3.5**  •  100.0%
   ↳ 🛡️ **[95%+ COMPOUND LOCK] Over 1.5**  •  100.0%

⚔️ **Manchester Red** vs **Chelsea**
   ↳ 🔮 **EXACT SCORE PREDICTION: 2-2 (or higher)**
   ↳ 🎯 **[HIGH ODDS TRAP] 1X2 Home Win**  •  94.7%
   ↳ 🎯 **[HIGH ODDS TRAP] Over 2.5**  •  100.0%
   ↳ 🛡️ **[95%+ COMPOUND LOCK] Over 1.5**  •  100.0%

⚔️ **Wolverhampton** vs **Everton**
   ↳ 🔮 **EXACT SCORE PREDICTION: 0-2**
   ↳ 🎯 **[HIGH ODDS TRAP] Under 2.5**  •  100.0%
   ↳ 🛡️ **[95%+ COMPOUND LOCK] Under 3.5**  •  100.0%
   ↳ 🛡️ **[95%+ COMPOUND LOCK] Over 1.5**  •  100.0%


--- 2026-06-07T01:38:09.477460 ---
🟢 VFL CONFLUENCE LOCKS | STABLE RNG DETECTED 🟢
Matchday 30 🚨

⚔️ **Bournemouth** vs **Wolverhampton**
   ⚠️ **[CHAOS TRAP WARNING]** Do not bet heavily. MSport RNG Target: Macro Trap (T3 vs T2)
   ↳ 🔮 **EXACT SCORE PREDICTION: 1-0**
   ↳ 🎯 **[HIGH ODDS TRAP] 1X2 Home Win**  •  100.0%
   ↳ 🎯 **[HIGH ODDS TRAP] Under 2.5**  •  100.0%
   ↳ 🛡️ **[95%+ COMPOUND LOCK] Under 3.5**  •  100.0%

⚔️ **Crystal Palace** vs **Aston Villa**
   ↳ 🔮 **EXACT SCORE PREDICTION: 0-0**
   ↳ 🎯 **[HIGH ODDS TRAP] Under 2.5**  •  95.8%
   ↳ 🛡️ **[95%+ COMPOUND LOCK] Under 3.5**  •  100.0%
   ↳ 🛡️ **[95%+ COMPOUND LOCK] Over 1.5**  •  100.0%

⚔️ **Tottenham** vs **Liverpool**
   ⚠️ **[CHAOS TRAP WARNING]** Do not bet heavily. MSport RNG Target: Macro Trap (T2 vs T1)
   ↳ 🔮 **EXACT SCORE PREDICTION: 0-1**
   ↳ 🎯 **[HIGH ODDS TRAP] Under 2.5**  •  100.0%
   ↳ 🛡️ **[95%+ COMPOUND LOCK] Under 3.5**  •  100.0%

⚔️ **London Guns** vs **Leeds**
   ↳ 🔮 **EXACT SCORE PREDICTION: 2-1**
   ↳ 🎯 **[HIGH ODDS TRAP] 1X2 Home Win**  •  100.0%
   ↳ 🎯 **[HIGH ODDS TRAP] Under 2.5**  •  95.6%
   ↳ 🎯 **[HIGH ODDS TRAP] Over 2.5**  •  100.0%
   ↳ 🛡️ **[95%+ COMPOUND LOCK] Under 3.5**  •  100.0%
   ↳ 🛡️ **[95%+ COMPOUND LOCK] Over 1.5**  •  100.0%

⚔️ **Manchester Blue** vs **Chelsea**
   ↳ 🔮 **EXACT SCORE PREDICTION: 1-1**
   ↳ 🎯 **[HIGH ODDS TRAP] Under 2.5**  •  93.4%
   ↳ 🛡️ **[95%+ COMPOUND LOCK] Over 1.5**  •  100.0%

⚔️ **Brighton** vs **Manchester Red**
   ↳ 🎯 **[HIGH ODDS TRAP] Over 2.5**  •  100.0%
   ↳ 🛡️ **[95%+ COMPOUND LOCK] Over 1.5**  •  100.0%

⚔️ **West Ham** vs **Newcastle**
   ↳ 🛡️ **[95%+ COMPOUND LOCK] Over 1.5**  •  100.0%

⚔️ **Everton** vs **Fulham**
   ↳ 🔮 **EXACT SCORE PREDICTION: 1-0**
   ↳ 🎯 **[HIGH ODDS TRAP] 1X2 Home Win**  •  100.0%
   ↳ 🎯 **[HIGH ODDS TRAP] Under 2.5**  •  100.0%
   ↳ 🛡️ **[95%+ COMPOUND LOCK] Under 3.5**  •  100.0%


--- 2026-06-07T01:39:07.501028 ---
🟢 VFL CONFLUENCE LOCKS | STABLE RNG DETECTED 🟢
Matchday 1 🚨

⚔️ **Fulham** vs **Manchester Red**
   ↳ 🔮 **EXACT SCORE PREDICTION: 0-1**
   ↳ 🎯 **[HIGH ODDS TRAP] Under 2.5**  •  100.0%
   ↳ 🛡️ **[95%+ COMPOUND LOCK] Under 3.5**  •  100.0%

⚔️ **Aston Villa** vs **Tottenham**
   ↳ 🔮 **EXACT SCORE PREDICTION: 2-1**
   ↳ 🎯 **[HIGH ODDS TRAP] 1X2 Home Win**  •  100.0%
   ↳ 🎯 **[HIGH ODDS TRAP] Under 2.5**  •  96.5%
   ↳ 🎯 **[HIGH ODDS TRAP] Over 2.5**  •  100.0%
   ↳ 🛡️ **[95%+ COMPOUND LOCK] Under 3.5**  •  100.0%
   ↳ 🛡️ **[95%+ COMPOUND LOCK] Over 1.5**  •  100.0%

⚔️ **Manchester Blue** vs **Everton**
   ⚠️ **[CHAOS TRAP WARNING]** Do not bet heavily. MSport RNG Target: Macro Trap (T1 vs T3)
   ↳ 🔮 **EXACT SCORE PREDICTION: 2-0**
   ↳ 🎯 **[HIGH ODDS TRAP] 1X2 Home Win**  •  100.0%
   ↳ 🎯 **[HIGH ODDS TRAP] Under 2.5**  •  100.0%
   ↳ 🛡️ **[95%+ COMPOUND LOCK] Under 3.5**  •  100.0%
   ↳ 🛡️ **[95%+ COMPOUND LOCK] Over 1.5**  •  100.0%

⚔️ **Crystal Palace** vs **Newcastle**
   ↳ 🔮 **EXACT SCORE PREDICTION: 1-2**
   ↳ 🎯 **[HIGH ODDS TRAP] Over 2.5**  •  100.0%
   ↳ 🛡️ **[95%+ COMPOUND LOCK] Under 3.5**  •  100.0%
   ↳ 🛡️ **[95%+ COMPOUND LOCK] Over 1.5**  •  100.0%

⚔️ **Liverpool** vs **Leeds**
   ⚠️ **[CHAOS TRAP WARNING]** Do not bet heavily. MSport RNG Target: Macro Trap (T1 vs T3)
   ↳ 🔮 **EXACT SCORE PREDICTION: 2-0**
   ↳ 🎯 **[HIGH ODDS TRAP] 1X2 Home Win**  •  100.0%
   ↳ 🎯 **[HIGH ODDS TRAP] Under 2.5**  •  100.0%
   ↳ 🛡️ **[95%+ COMPOUND LOCK] Under 3.5**  •  100.0%
   ↳ 🛡️ **[95%+ COMPOUND LOCK] Over 1.5**  •  100.0%

⚔️ **West Ham** vs **Brighton**
   ↳ 🔮 **EXACT SCORE PREDICTION: 1-0**
   ↳ 🎯 **[HIGH ODDS TRAP] 1X2 Home Win**  •  100.0%
   ↳ 🎯 **[HIGH ODDS TRAP] Under 2.5**  •  100.0%
   ↳ 🛡️ **[95%+ COMPOUND LOCK] Under 3.5**  •  100.0%

⚔️ **Bournemouth** vs **London Guns**
   ⚠️ **[CHAOS TRAP WARNING]** Do not bet heavily. MSport RNG Target: Macro Trap (T3 vs T2)
   ↳ 🔮 **EXACT SCORE PREDICTION: 1-2**
   ↳ 🎯 **[HIGH ODDS TRAP] 1X2 Home Win**  •  100.0%
   ↳ 🎯 **[HIGH ODDS TRAP] Over 2.5**  •  100.0%
   ↳ 🛡️ **[95%+ COMPOUND LOCK] Under 3.5**  •  100.0%
   ↳ 🛡️ **[95%+ COMPOUND LOCK] Over 1.5**  •  100.0%


--- 2026-06-07T01:51:03.064408 ---
🟢 VFL CONFLUENCE LOCKS | STABLE RNG DETECTED 🟢
Matchday 3 🚨

⚔️ **Crystal Palace** vs **Wolverhampton**
   ↳ 🎯 **[HIGH ODDS TRAP] Over 2.5**  •  100.0%
   ↳ 🛡️ **[95%+ COMPOUND LOCK] Over 1.5**  •  100.0%

⚔️ **Chelsea** vs **London Guns**
   ↳ 🔮 **EXACT SCORE PREDICTION: 2-1**
   ↳ 🎯 **[HIGH ODDS TRAP] 1X2 Home Win**  •  100.0%
   ↳ 🎯 **[HIGH ODDS TRAP] Over 2.5**  •  100.0%
   ↳ 🛡️ **[95%+ COMPOUND LOCK] Under 3.5**  •  100.0%
   ↳ 🛡️ **[95%+ COMPOUND LOCK] Over 1.5**  •  100.0%

⚔️ **Liverpool** vs **Manchester Red**
   ↳ 🔮 **EXACT SCORE PREDICTION: 0-1**
   ↳ 🎯 **[HIGH ODDS TRAP] Under 2.5**  •  100.0%
   ↳ 🛡️ **[95%+ COMPOUND LOCK] Under 3.5**  •  100.0%

⚔️ **Everton** vs **Tottenham**
   ↳ 🔮 **EXACT SCORE PREDICTION: 2-2 (or higher)**
   ↳ 🎯 **[HIGH ODDS TRAP] Over 2.5**  •  95.1%
   ↳ 🛡️ **[95%+ COMPOUND LOCK] Over 1.5**  •  95.1%

⚔️ **Aston Villa** vs **Brighton**
   ↳ 🔮 **EXACT SCORE PREDICTION: 3-0**
   ↳ 🎯 **[HIGH ODDS TRAP] 1X2 Home Win**  •  100.0%
   ↳ 🎯 **[HIGH ODDS TRAP] Over 2.5**  •  100.0%
   ↳ 🛡️ **[95%+ COMPOUND LOCK] Under 3.5**  •  100.0%
   ↳ 🛡️ **[95%+ COMPOUND LOCK] Over 1.5**  •  100.0%

⚔️ **Fulham** vs **Bournemouth**
   ↳ 🔮 **EXACT SCORE PREDICTION: 1-1**
   ↳ 🎯 **[HIGH ODDS TRAP] Under 2.5**  •  100.0%
   ↳ 🛡️ **[95%+ COMPOUND LOCK] Under 3.5**  •  100.0%
   ↳ 🛡️ **[95%+ COMPOUND LOCK] Over 1.5**  •  98.8%

⚔️ **Manchester Blue** vs **Newcastle**
   ⚠️ **[CHAOS TRAP WARNING]** Do not bet heavily. MSport RNG Target: Macro Trap (T1 vs T3)
   ↳ 🎯 **[HIGH ODDS TRAP] 1X2 Home Win**  •  100.0%
   ↳ 🎯 **[HIGH ODDS TRAP] Over 2.5**  •  100.0%
   ↳ 🛡️ **[95%+ COMPOUND LOCK] Over 1.5**  •  100.0%


--- 2026-06-07T01:55:02.437598 ---
🟢 VFL CONFLUENCE LOCKS | STABLE RNG DETECTED 🟢
Matchday 5 🚨

⚔️ **Everton** vs **Newcastle**
   ↳ 🔮 **EXACT SCORE PREDICTION: 2-1**
   ↳ 🎯 **[HIGH ODDS TRAP] 1X2 Home Win**  •  100.0%
   ↳ 🎯 **[HIGH ODDS TRAP] Over 2.5**  •  100.0%
   ↳ 🛡️ **[95%+ COMPOUND LOCK] Under 3.5**  •  100.0%
   ↳ 🛡️ **[95%+ COMPOUND LOCK] Over 1.5**  •  100.0%

⚔️ **West Ham** vs **Manchester Red**
   ↳ 🎯 **[HIGH ODDS TRAP] Over 2.5**  •  100.0%
   ↳ 🛡️ **[95%+ COMPOUND LOCK] Over 1.5**  •  100.0%

⚔️ **Crystal Palace** vs **London Guns**
   ⚠️ **[CHAOS TRAP WARNING]** Do not bet heavily. MSport RNG Target: Macro Trap (T2 vs T1)
   ↳ 🔮 **EXACT SCORE PREDICTION: 2-2 (or higher)**
   ↳ 🎯 **[HIGH ODDS TRAP] Over 2.5**  •  100.0%
   ↳ 🛡️ **[95%+ COMPOUND LOCK] Over 1.5**  •  100.0%

⚔️ **Aston Villa** vs **Leeds**
   ↳ 🔮 **EXACT SCORE PREDICTION: 0-0**
   ↳ 🎯 **[HIGH ODDS TRAP] Under 2.5**  •  100.0%
   ↳ 🛡️ **[95%+ COMPOUND LOCK] Under 3.5**  •  100.0%

⚔️ **Brighton** vs **Tottenham**
   ↳ 🎯 **[HIGH ODDS TRAP] Over 2.5**  •  99.8%
   ↳ 🛡️ **[95%+ COMPOUND LOCK] Over 1.5**  •  100.0%

⚔️ **Manchester Blue** vs **Wolverhampton**
   ↳ 🔮 **EXACT SCORE PREDICTION: 2-2 (or higher)**
   ↳ 🎯 **[HIGH ODDS TRAP] Over 2.5**  •  100.0%
   ↳ 🛡️ **[95%+ COMPOUND LOCK] Over 1.5**  •  100.0%

⚔️ **Liverpool** vs **Bournemouth**
   ↳ 🔮 **EXACT SCORE PREDICTION: 2-0**
   ↳ 🎯 **[HIGH ODDS TRAP] 1X2 Home Win**  •  100.0%
   ↳ 🎯 **[HIGH ODDS TRAP] Under 2.5**  •  100.0%
   ↳ 🛡️ **[95%+ COMPOUND LOCK] Under 3.5**  •  100.0%
   ↳ 🛡️ **[95%+ COMPOUND LOCK] Over 1.5**  •  100.0%


--- 2026-06-07T02:02:09.729114 ---
🟢 VFL CONFLUENCE LOCKS | STABLE RNG DETECTED 🟢
Matchday 6 🚨

⚔️ **Newcastle** vs **Brighton**
   ↳ 🎯 **[HIGH ODDS TRAP] 1X2 Home Win**  •  99.9%
   ↳ 🎯 **[HIGH ODDS TRAP] Over 2.5**  •  100.0%
   ↳ 🛡️ **[95%+ COMPOUND LOCK] Under 3.5**  •  100.0%
   ↳ 🛡️ **[95%+ COMPOUND LOCK] Over 1.5**  •  100.0%

⚔️ **London Guns** vs **West Ham**
   ↳ 🔮 **EXACT SCORE PREDICTION: 2-1**
   ↳ 🎯 **[HIGH ODDS TRAP] 1X2 Home Win**  •  100.0%
   ↳ 🎯 **[HIGH ODDS TRAP] Over 2.5**  •  100.0%
   ↳ 🛡️ **[95%+ COMPOUND LOCK] Under 3.5**  •  100.0%
   ↳ 🛡️ **[95%+ COMPOUND LOCK] Over 1.5**  •  100.0%

⚔️ **Wolverhampton** vs **Aston Villa**
   ↳ 🔮 **EXACT SCORE PREDICTION: 1-0**
   ↳ 🎯 **[HIGH ODDS TRAP] 1X2 Home Win**  •  100.0%
   ↳ 🎯 **[HIGH ODDS TRAP] Under 2.5**  •  100.0%
   ↳ 🛡️ **[95%+ COMPOUND LOCK] Under 3.5**  •  100.0%
   ↳ 🛡️ **[95%+ COMPOUND LOCK] Over 1.5**  •  100.0%

⚔️ **Tottenham** vs **Chelsea**
   ⚠️ **[CHAOS TRAP WARNING]** Do not bet heavily. MSport RNG Target: Macro Trap (T3 vs T2)
   ↳ 🔮 **EXACT SCORE PREDICTION: 2-1**
   ↳ 🎯 **[HIGH ODDS TRAP] 1X2 Home Win**  •  98.9%
   ↳ 🎯 **[HIGH ODDS TRAP] Over 2.5**  •  100.0%
   ↳ 🛡️ **[95%+ COMPOUND LOCK] Under 3.5**  •  100.0%
   ↳ 🛡️ **[95%+ COMPOUND LOCK] Over 1.5**  •  100.0%

⚔️ **Bournemouth** vs **Crystal Palace**
   ↳ 🔮 **EXACT SCORE PREDICTION: 0-3**
   ↳ 🎯 **[HIGH ODDS TRAP] Over 2.5**  •  100.0%
   ↳ 🛡️ **[95%+ COMPOUND LOCK] Under 3.5**  •  100.0%
   ↳ 🛡️ **[95%+ COMPOUND LOCK] Over 1.5**  •  100.0%

⚔️ **Manchester Red** vs **Manchester Blue**
   ⚠️ **[CHAOS TRAP WARNING]** Do not bet heavily. MSport RNG Target: Macro Trap (T2 vs T1)
   ↳ 🔮 **EXACT SCORE PREDICTION: 1-0**
   ↳ 🎯 **[HIGH ODDS TRAP] 1X2 Home Win**  •  100.0%
   ↳ 🎯 **[HIGH ODDS TRAP] Under 2.5**  •  100.0%
   ↳ 🛡️ **[95%+ COMPOUND LOCK] Under 3.5**  •  100.0%


--- 2026-06-07T02:06:07.810947 ---
🟢 VFL CONFLUENCE LOCKS | STABLE RNG DETECTED 🟢
Matchday 8 🚨

⚔️ **London Guns** vs **Aston Villa**
   ↳ 🎯 **[HIGH ODDS TRAP] Over 2.5**  •  100.0%
   ↳ 🛡️ **[95%+ COMPOUND LOCK] Over 1.5**  •  100.0%

⚔️ **Manchester Red** vs **Everton**
   ↳ 🔮 **EXACT SCORE PREDICTION: 0-0**
   ↳ 🎯 **[HIGH ODDS TRAP] Under 2.5**  •  100.0%
   ↳ 🛡️ **[95%+ COMPOUND LOCK] Under 3.5**  •  100.0%

⚔️ **Bournemouth** vs **Manchester Blue**
   ↳ 🔮 **EXACT SCORE PREDICTION: 2-0**
   ↳ 🎯 **[HIGH ODDS TRAP] 1X2 Home Win**  •  100.0%
   ↳ 🎯 **[HIGH ODDS TRAP] Under 2.5**  •  100.0%
   ↳ 🎯 **[HIGH ODDS TRAP] Over 2.5**  •  99.7%
   ↳ 🛡️ **[95%+ COMPOUND LOCK] Under 3.5**  •  100.0%
   ↳ 🛡️ **[95%+ COMPOUND LOCK] Over 1.5**  •  100.0%

⚔️ **Leeds** vs **Newcastle**
   ↳ 🎯 **[HIGH ODDS TRAP] Under 2.5**  •  100.0%
   ↳ 🛡️ **[95%+ COMPOUND LOCK] Under 3.5**  •  100.0%

⚔️ **Wolverhampton** vs **Brighton**
   ↳ 🎯 **[HIGH ODDS TRAP] 1X2 Home Win**  •  100.0%
   ↳ 🎯 **[HIGH ODDS TRAP] Over 2.5**  •  100.0%
   ↳ 🛡️ **[95%+ COMPOUND LOCK] Over 1.5**  •  100.0%


--- 2026-06-07T02:10:08.159343 ---
🟢 VFL CONFLUENCE LOCKS | STABLE RNG DETECTED 🟢
Matchday 9 🚨

⚔️ **Brighton** vs **Manchester Red**
   ↳ 🔮 **EXACT SCORE PREDICTION: 1-1**
   ↳ 🎯 **[HIGH ODDS TRAP] Under 2.5**  •  100.0%
   ↳ 🛡️ **[95%+ COMPOUND LOCK] Under 3.5**  •  100.0%
   ↳ 🛡️ **[95%+ COMPOUND LOCK] Over 1.5**  •  100.0%

⚔️ **Everton** vs **London Guns**
   ↳ 🔮 **EXACT SCORE PREDICTION: 2-0**
   ↳ 🎯 **[HIGH ODDS TRAP] 1X2 Home Win**  •  100.0%
   ↳ 🎯 **[HIGH ODDS TRAP] Under 2.5**  •  100.0%
   ↳ 🛡️ **[95%+ COMPOUND LOCK] Under 3.5**  •  100.0%
   ↳ 🛡️ **[95%+ COMPOUND LOCK] Over 1.5**  •  100.0%

⚔️ **Manchester Blue** vs **Fulham**
   ⚠️ **[CHAOS TRAP WARNING]** Do not bet heavily. MSport RNG Target: Macro Trap (T1 vs T3)
   ↳ 🔮 **EXACT SCORE PREDICTION: 2-0**
   ↳ 🎯 **[HIGH ODDS TRAP] 1X2 Home Win**  •  100.0%
   ↳ 🎯 **[HIGH ODDS TRAP] Under 2.5**  •  100.0%
   ↳ 🛡️ **[95%+ COMPOUND LOCK] Under 3.5**  •  100.0%
   ↳ 🛡️ **[95%+ COMPOUND LOCK] Over 1.5**  •  100.0%

⚔️ **Aston Villa** vs **Bournemouth**
   ⚠️ **[CHAOS TRAP WARNING]** Do not bet heavily. MSport RNG Target: Macro Trap (T1 vs T3)
   ↳ 🎯 **[HIGH ODDS TRAP] Under 2.5**  •  100.0%
   ↳ 🛡️ **[95%+ COMPOUND LOCK] Under 3.5**  •  100.0%

⚔️ **Newcastle** vs **Wolverhampton**
   ↳ 🔮 **EXACT SCORE PREDICTION: 1-2**
   ↳ 🎯 **[HIGH ODDS TRAP] Over 2.5**  •  100.0%
   ↳ 🛡️ **[95%+ COMPOUND LOCK] Under 3.5**  •  100.0%
   ↳ 🛡️ **[95%+ COMPOUND LOCK] Over 1.5**  •  100.0%

⚔️ **Leeds** vs **Tottenham**
   ⚠️ **[CHAOS TRAP WARNING]** Do not bet heavily. MSport RNG Target: Macro Trap (T2 vs T1)
   ↳ 🔮 **EXACT SCORE PREDICTION: 1-2**
   ↳ 🎯 **[HIGH ODDS TRAP] Over 2.5**  •  100.0%
   ↳ 🛡️ **[95%+ COMPOUND LOCK] Under 3.5**  •  100.0%
   ↳ 🛡️ **[95%+ COMPOUND LOCK] Over 1.5**  •  100.0%


--- 2026-06-07T02:14:03.913696 ---
🟢 VFL CONFLUENCE LOCKS | STABLE RNG DETECTED 🟢
Matchday 10 🚨

⚔️ **Tottenham** vs **Crystal Palace**
   ⚠️ **[CHAOS TRAP WARNING]** Do not bet heavily. MSport RNG Target: Macro Trap (T1 vs T3)
   ↳ 🎯 **[HIGH ODDS TRAP] 1X2 Home Win**  •  100.0%
   ↳ 🎯 **[HIGH ODDS TRAP] Over 2.5**  •  100.0%
   ↳ 🛡️ **[95%+ COMPOUND LOCK] Over 1.5**  •  100.0%

⚔️ **Manchester Red** vs **Newcastle**
   ↳ 🎯 **[HIGH ODDS TRAP] 1X2 Home Win**  •  100.0%
   ↳ 🎯 **[HIGH ODDS TRAP] Under 2.5**  •  95.6%
   ↳ 🎯 **[HIGH ODDS TRAP] Over 2.5**  •  100.0%
   ↳ 🛡️ **[95%+ COMPOUND LOCK] Under 3.5**  •  100.0%
   ↳ 🛡️ **[95%+ COMPOUND LOCK] Over 1.5**  •  100.0%

⚔️ **Fulham** vs **Aston Villa**
   ↳ 🔮 **EXACT SCORE PREDICTION: 0-1**
   ↳ 🎯 **[HIGH ODDS TRAP] Under 2.5**  •  100.0%
   ↳ 🛡️ **[95%+ COMPOUND LOCK] Under 3.5**  •  100.0%

⚔️ **Chelsea** vs **Manchester Blue**
   ⚠️ **[CHAOS TRAP WARNING]** Do not bet heavily. MSport RNG Target: Macro Trap (T2 vs T1)
   ↳ 🔮 **EXACT SCORE PREDICTION: 1-0**
   ↳ 🎯 **[HIGH ODDS TRAP] 1X2 Home Win**  •  100.0%
   ↳ 🎯 **[HIGH ODDS TRAP] Under 2.5**  •  100.0%
   ↳ 🛡️ **[95%+ COMPOUND LOCK] Under 3.5**  •  100.0%

⚔️ **Wolverhampton** vs **Leeds**
   ↳ 🔮 **EXACT SCORE PREDICTION: 1-0**
   ↳ 🎯 **[HIGH ODDS TRAP] 1X2 Home Win**  •  100.0%
   ↳ 🎯 **[HIGH ODDS TRAP] Under 2.5**  •  100.0%
   ↳ 🛡️ **[95%+ COMPOUND LOCK] Under 3.5**  •  100.0%

⚔️ **London Guns** vs **Brighton**
   ↳ 🔮 **EXACT SCORE PREDICTION: 0-0**
   ↳ 🎯 **[HIGH ODDS TRAP] 1X2 Home Win**  •  100.0%
   ↳ 🎯 **[HIGH ODDS TRAP] Under 2.5**  •  100.0%
   ↳ 🎯 **[HIGH ODDS TRAP] Over 2.5**  •  100.0%
   ↳ 🛡️ **[95%+ COMPOUND LOCK] Under 3.5**  •  100.0%
   ↳ 🛡️ **[95%+ COMPOUND LOCK] Over 1.5**  •  100.0%

⚔️ **Bournemouth** vs **Everton**
   ↳ 🔮 **EXACT SCORE PREDICTION: 0-3**
   ↳ 🎯 **[HIGH ODDS TRAP] Over 2.5**  •  100.0%
   ↳ 🛡️ **[95%+ COMPOUND LOCK] Under 3.5**  •  100.0%
   ↳ 🛡️ **[95%+ COMPOUND LOCK] Over 1.5**  •  100.0%


--- 2026-06-07T02:17:09.171386 ---
🟢 VFL CONFLUENCE LOCKS | STABLE RNG DETECTED 🟢
Matchday 11 🚨

⚔️ **Aston Villa** vs **Chelsea**
   ↳ 🔮 **EXACT SCORE PREDICTION: 0-0**
   ↳ 🎯 **[HIGH ODDS TRAP] Under 2.5**  •  100.0%
   ↳ 🛡️ **[95%+ COMPOUND LOCK] Under 3.5**  •  100.0%

⚔️ **Leeds** vs **Manchester Red**
   ↳ 🔮 **EXACT SCORE PREDICTION: 1-0**
   ↳ 🎯 **[HIGH ODDS TRAP] 1X2 Home Win**  •  100.0%
   ↳ 🎯 **[HIGH ODDS TRAP] Under 2.5**  •  100.0%
   ↳ 🛡️ **[95%+ COMPOUND LOCK] Under 3.5**  •  100.0%

⚔️ **West Ham** vs **Crystal Palace**
   ↳ 🔮 **EXACT SCORE PREDICTION: 2-0**
   ↳ 🎯 **[HIGH ODDS TRAP] 1X2 Home Win**  •  100.0%
   ↳ 🎯 **[HIGH ODDS TRAP] Under 2.5**  •  100.0%
   ↳ 🛡️ **[95%+ COMPOUND LOCK] Under 3.5**  •  100.0%
   ↳ 🛡️ **[95%+ COMPOUND LOCK] Over 1.5**  •  100.0%

⚔️ **Brighton** vs **Bournemouth**
   ↳ 🔮 **EXACT SCORE PREDICTION: 3-0**
   ↳ 🎯 **[HIGH ODDS TRAP] 1X2 Home Win**  •  100.0%
   ↳ 🎯 **[HIGH ODDS TRAP] Under 2.5**  •  99.9%
   ↳ 🎯 **[HIGH ODDS TRAP] Over 2.5**  •  100.0%
   ↳ 🛡️ **[95%+ COMPOUND LOCK] Under 3.5**  •  100.0%
   ↳ 🛡️ **[95%+ COMPOUND LOCK] Over 1.5**  •  100.0%

⚔️ **Everton** vs **Fulham**
   ↳ 🎯 **[HIGH ODDS TRAP] 1X2 Home Win**  •  100.0%
   ↳ 🎯 **[HIGH ODDS TRAP] Under 2.5**  •  100.0%
   ↳ 🎯 **[HIGH ODDS TRAP] Over 2.5**  •  100.0%
   ↳ 🛡️ **[95%+ COMPOUND LOCK] Under 3.5**  •  100.0%
   ↳ 🛡️ **[95%+ COMPOUND LOCK] Over 1.5**  •  100.0%

⚔️ **Manchester Blue** vs **Liverpool**
   ⚠️ **[CHAOS TRAP WARNING]** Do not bet heavily. MSport RNG Target: Macro Trap (T1 vs T3)
   ↳ 🔮 **EXACT SCORE PREDICTION: 0-1**
   ↳ 🎯 **[HIGH ODDS TRAP] Under 2.5**  •  100.0%
   ↳ 🛡️ **[95%+ COMPOUND LOCK] Under 3.5**  •  100.0%

⚔️ **Wolverhampton** vs **Tottenham**
   ⚠️ **[CHAOS TRAP WARNING]** Do not bet heavily. MSport RNG Target: Specific Team Chaos
   ↳ 🎯 **[HIGH ODDS TRAP] Over 2.5**  •  100.0%
   ↳ 🛡️ **[95%+ COMPOUND LOCK] Under 3.5**  •  100.0%
   ↳ 🛡️ **[95%+ COMPOUND LOCK] Over 1.5**  •  100.0%

⚔️ **Newcastle** vs **London Guns**
   ↳ 🔮 **EXACT SCORE PREDICTION: 2-1**
   ↳ 🎯 **[HIGH ODDS TRAP] 1X2 Home Win**  •  100.0%
   ↳ 🎯 **[HIGH ODDS TRAP] Over 2.5**  •  100.0%
   ↳ 🛡️ **[95%+ COMPOUND LOCK] Under 3.5**  •  100.0%
   ↳ 🛡️ **[95%+ COMPOUND LOCK] Over 1.5**  •  100.0%


--- 2026-06-07T02:25:04.707509 ---
🟢 VFL CONFLUENCE LOCKS | STABLE RNG DETECTED 🟢
Matchday 13 🚨

⚔️ **Aston Villa** vs **Crystal Palace**
   ↳ 🔮 **EXACT SCORE PREDICTION: 3-0**
   ↳ 🎯 **[HIGH ODDS TRAP] 1X2 Home Win**  •  100.0%
   ↳ 🎯 **[HIGH ODDS TRAP] Over 2.5**  •  99.8%
   ↳ 🛡️ **[95%+ COMPOUND LOCK] Under 3.5**  •  100.0%
   ↳ 🛡️ **[95%+ COMPOUND LOCK] Over 1.5**  •  100.0%

⚔️ **Newcastle** vs **Fulham**
   ↳ 🔮 **EXACT SCORE PREDICTION: 3-0**
   ↳ 🎯 **[HIGH ODDS TRAP] 1X2 Home Win**  •  100.0%
   ↳ 🎯 **[HIGH ODDS TRAP] Over 2.5**  •  100.0%
   ↳ 🛡️ **[95%+ COMPOUND LOCK] Under 3.5**  •  100.0%
   ↳ 🛡️ **[95%+ COMPOUND LOCK] Over 1.5**  •  100.0%

⚔️ **Wolverhampton** vs **London Guns**
   ↳ 🔮 **EXACT SCORE PREDICTION: 2-2 (or higher)**
   ↳ 🎯 **[HIGH ODDS TRAP] Over 2.5**  •  100.0%
   ↳ 🛡️ **[95%+ COMPOUND LOCK] Over 1.5**  •  100.0%

⚔️ **Leeds** vs **Bournemouth**
   ↳ 🔮 **EXACT SCORE PREDICTION: 0-0**
   ↳ 🎯 **[HIGH ODDS TRAP] Under 2.5**  •  100.0%
   ↳ 🛡️ **[95%+ COMPOUND LOCK] Under 3.5**  •  100.0%

⚔️ **Brighton** vs **Chelsea**
   ↳ 🔮 **EXACT SCORE PREDICTION: 1-0**
   ↳ 🎯 **[HIGH ODDS TRAP] 1X2 Home Win**  •  100.0%
   ↳ 🎯 **[HIGH ODDS TRAP] Under 2.5**  •  100.0%
   ↳ 🛡️ **[95%+ COMPOUND LOCK] Under 3.5**  •  100.0%

⚔️ **Manchester Red** vs **Tottenham**
   ⚠️ **[CHAOS TRAP WARNING]** Do not bet heavily. MSport RNG Target: Macro Trap (T2 vs T1)
   ↳ 🔮 **EXACT SCORE PREDICTION: 2-1**
   ↳ 🎯 **[HIGH ODDS TRAP] 1X2 Home Win**  •  100.0%
   ↳ 🎯 **[HIGH ODDS TRAP] Under 2.5**  •  100.0%
   ↳ 🎯 **[HIGH ODDS TRAP] Over 2.5**  •  100.0%
   ↳ 🛡️ **[95%+ COMPOUND LOCK] Under 3.5**  •  100.0%
   ↳ 🛡️ **[95%+ COMPOUND LOCK] Over 1.5**  •  100.0%

⚔️ **Manchester Blue** vs **West Ham**
   ↳ 🎯 **[HIGH ODDS TRAP] 1X2 Home Win**  •  98.8%
   ↳ 🎯 **[HIGH ODDS TRAP] Over 2.5**  •  98.8%
   ↳ 🛡️ **[95%+ COMPOUND LOCK] Over 1.5**  •  100.0%


--- 2026-06-07T02:28:07.883581 ---
🟢 VFL CONFLUENCE LOCKS | STABLE RNG DETECTED 🟢
Matchday 14 🚨

⚔️ **Fulham** vs **Leeds**
   ↳ 🔮 **EXACT SCORE PREDICTION: 2-1**
   ↳ 🎯 **[HIGH ODDS TRAP] 1X2 Home Win**  •  99.1%
   ↳ 🎯 **[HIGH ODDS TRAP] Over 2.5**  •  98.8%
   ↳ 🛡️ **[95%+ COMPOUND LOCK] Under 3.5**  •  100.0%
   ↳ 🛡️ **[95%+ COMPOUND LOCK] Over 1.5**  •  99.1%

⚔️ **West Ham** vs **Aston Villa**
   ⚠️ **[CHAOS TRAP WARNING]** Do not bet heavily. MSport RNG Target: Macro Trap (T2 vs T1)
   ↳ 🔮 **EXACT SCORE PREDICTION: 2-1**
   ↳ 🎯 **[HIGH ODDS TRAP] 1X2 Home Win**  •  100.0%
   ↳ 🎯 **[HIGH ODDS TRAP] Over 2.5**  •  100.0%
   ↳ 🛡️ **[95%+ COMPOUND LOCK] Under 3.5**  •  100.0%
   ↳ 🛡️ **[95%+ COMPOUND LOCK] Over 1.5**  •  100.0%

⚔️ **Liverpool** vs **Brighton**
   ↳ 🔮 **EXACT SCORE PREDICTION: 1-0**
   ↳ 🎯 **[HIGH ODDS TRAP] 1X2 Home Win**  •  100.0%
   ↳ 🎯 **[HIGH ODDS TRAP] Under 2.5**  •  100.0%
   ↳ 🛡️ **[95%+ COMPOUND LOCK] Under 3.5**  •  100.0%
   ↳ 🛡️ **[95%+ COMPOUND LOCK] Over 1.5**  •  100.0%

⚔️ **Bournemouth** vs **Wolverhampton**
   ↳ 🔮 **EXACT SCORE PREDICTION: 1-2**
   ↳ 🎯 **[HIGH ODDS TRAP] Over 2.5**  •  100.0%
   ↳ 🛡️ **[95%+ COMPOUND LOCK] Under 3.5**  •  100.0%
   ↳ 🛡️ **[95%+ COMPOUND LOCK] Over 1.5**  •  100.0%

⚔️ **Crystal Palace** vs **Everton**
   ↳ 🔮 **EXACT SCORE PREDICTION: 2-1**
   ↳ 🎯 **[HIGH ODDS TRAP] 1X2 Home Win**  •  100.0%
   ↳ 🎯 **[HIGH ODDS TRAP] Over 2.5**  •  100.0%
   ↳ 🛡️ **[95%+ COMPOUND LOCK] Under 3.5**  •  100.0%
   ↳ 🛡️ **[95%+ COMPOUND LOCK] Over 1.5**  •  100.0%

⚔️ **London Guns** vs **Manchester Red**
   ⚠️ **[CHAOS TRAP WARNING]** Do not bet heavily. MSport RNG Target: Macro Trap (T1 vs T3)
   ↳ 🔮 **EXACT SCORE PREDICTION: 0-2**
   ↳ 🎯 **[HIGH ODDS TRAP] Under 2.5**  •  100.0%
   ↳ 🛡️ **[95%+ COMPOUND LOCK] Under 3.5**  •  100.0%
   ↳ 🛡️ **[95%+ COMPOUND LOCK] Over 1.5**  •  100.0%

⚔️ **Chelsea** vs **Newcastle**
   ↳ 🎯 **[HIGH ODDS TRAP] 1X2 Home Win**  •  100.0%
   ↳ 🎯 **[HIGH ODDS TRAP] Over 2.5**  •  100.0%
   ↳ 🛡️ **[95%+ COMPOUND LOCK] Over 1.5**  •  100.0%


--- 2026-06-07T02:35:07.515661 ---
🟢 VFL CONFLUENCE LOCKS | STABLE RNG DETECTED 🟢
Matchday 15 🚨

⚔️ **Manchester Red** vs **Bournemouth**
   ↳ 🔮 **EXACT SCORE PREDICTION: 2-0**
   ↳ 🎯 **[HIGH ODDS TRAP] 1X2 Home Win**  •  100.0%
   ↳ 🎯 **[HIGH ODDS TRAP] Under 2.5**  •  100.0%
   ↳ 🛡️ **[95%+ COMPOUND LOCK] Under 3.5**  •  100.0%
   ↳ 🛡️ **[95%+ COMPOUND LOCK] Over 1.5**  •  100.0%

⚔️ **Aston Villa** vs **Manchester Blue**
   ⚠️ **[CHAOS TRAP WARNING]** Do not bet heavily. MSport RNG Target: Micro Trap (B vs A)
   ↳ 🔮 **EXACT SCORE PREDICTION: 1-0**
   ↳ 🎯 **[HIGH ODDS TRAP] 1X2 Home Win**  •  99.9%
   ↳ 🎯 **[HIGH ODDS TRAP] Under 2.5**  •  99.9%
   ↳ 🛡️ **[95%+ COMPOUND LOCK] Under 3.5**  •  99.9%

⚔️ **London Guns** vs **Tottenham**
   ⚠️ **[CHAOS TRAP WARNING]** Do not bet heavily. MSport RNG Target: Micro Trap (B vs A)
   ↳ 🎯 **[HIGH ODDS TRAP] 1X2 Home Win**  •  100.0%
   ↳ 🎯 **[HIGH ODDS TRAP] Under 2.5**  •  100.0%
   ↳ 🎯 **[HIGH ODDS TRAP] Over 2.5**  •  100.0%
   ↳ 🛡️ **[95%+ COMPOUND LOCK] Under 3.5**  •  100.0%
   ↳ 🛡️ **[95%+ COMPOUND LOCK] Over 1.5**  •  100.0%

⚔️ **Leeds** vs **Chelsea**
   ↳ 🔮 **EXACT SCORE PREDICTION: 1-0**
   ↳ 🎯 **[HIGH ODDS TRAP] 1X2 Home Win**  •  100.0%
   ↳ 🎯 **[HIGH ODDS TRAP] Under 2.5**  •  100.0%
   ↳ 🛡️ **[95%+ COMPOUND LOCK] Under 3.5**  •  100.0%

⚔️ **Everton** vs **West Ham**
   ↳ 🔮 **EXACT SCORE PREDICTION: 1-0**
   ↳ 🎯 **[HIGH ODDS TRAP] 1X2 Home Win**  •  100.0%
   ↳ 🎯 **[HIGH ODDS TRAP] Under 2.5**  •  100.0%
   ↳ 🎯 **[HIGH ODDS TRAP] Over 2.5**  •  100.0%
   ↳ 🛡️ **[95%+ COMPOUND LOCK] Under 3.5**  •  100.0%
   ↳ 🛡️ **[95%+ COMPOUND LOCK] Over 1.5**  •  100.0%

⚔️ **Wolverhampton** vs **Fulham**
   ↳ 🔮 **EXACT SCORE PREDICTION: 1-1**
   ↳ 🎯 **[HIGH ODDS TRAP] Under 2.5**  •  100.0%
   ↳ 🛡️ **[95%+ COMPOUND LOCK] Under 3.5**  •  100.0%
   ↳ 🛡️ **[95%+ COMPOUND LOCK] Over 1.5**  •  100.0%

⚔️ **Brighton** vs **Crystal Palace**
   ↳ 🔮 **EXACT SCORE PREDICTION: 1-1**
   ↳ 🎯 **[HIGH ODDS TRAP] 1X2 Home Win**  •  94.6%
   ↳ 🎯 **[HIGH ODDS TRAP] Under 2.5**  •  100.0%
   ↳ 🎯 **[HIGH ODDS TRAP] Over 2.5**  •  100.0%
   ↳ 🛡️ **[95%+ COMPOUND LOCK] Under 3.5**  •  100.0%
   ↳ 🛡️ **[95%+ COMPOUND LOCK] Over 1.5**  •  100.0%


--- 2026-06-07T02:43:08.933389 ---
🟢 VFL CONFLUENCE LOCKS | STABLE RNG DETECTED 🟢
Matchday 18 🚨

⚔️ **London Guns** vs **Chelsea**
   ⚠️ **[CHAOS TRAP WARNING]** Do not bet heavily. MSport RNG Target: Macro Trap (T2 vs T1)
   ↳ 🎯 **[HIGH ODDS TRAP] Over 2.5**  •  100.0%
   ↳ 🛡️ **[95%+ COMPOUND LOCK] Over 1.5**  •  100.0%

⚔️ **Leeds** vs **West Ham**
   ↳ 🔮 **EXACT SCORE PREDICTION: 0-2**
   ↳ 🎯 **[HIGH ODDS TRAP] Under 2.5**  •  99.7%
   ↳ 🎯 **[HIGH ODDS TRAP] Over 2.5**  •  99.0%
   ↳ 🛡️ **[95%+ COMPOUND LOCK] Under 3.5**  •  100.0%
   ↳ 🛡️ **[95%+ COMPOUND LOCK] Over 1.5**  •  100.0%

⚔️ **Tottenham** vs **Everton**
   ⚠️ **[CHAOS TRAP WARNING]** Do not bet heavily. MSport RNG Target: Macro Trap (T1 vs T3)
   ↳ 🎯 **[HIGH ODDS TRAP] 1X2 Home Win**  •  100.0%
   ↳ 🎯 **[HIGH ODDS TRAP] Under 2.5**  •  94.1%
   ↳ 🎯 **[HIGH ODDS TRAP] Over 2.5**  •  100.0%
   ↳ 🛡️ **[95%+ COMPOUND LOCK] Under 3.5**  •  98.9%
   ↳ 🛡️ **[95%+ COMPOUND LOCK] Over 1.5**  •  100.0%

⚔️ **Brighton** vs **Aston Villa**
   ↳ 🔮 **EXACT SCORE PREDICTION: 1-0**
   ↳ 🎯 **[HIGH ODDS TRAP] 1X2 Home Win**  •  100.0%
   ↳ 🎯 **[HIGH ODDS TRAP] Under 2.5**  •  100.0%
   ↳ 🎯 **[HIGH ODDS TRAP] Over 2.5**  •  100.0%
   ↳ 🛡️ **[95%+ COMPOUND LOCK] Under 3.5**  •  100.0%
   ↳ 🛡️ **[95%+ COMPOUND LOCK] Over 1.5**  •  100.0%

⚔️ **Bournemouth** vs **Fulham**
   ↳ 🔮 **EXACT SCORE PREDICTION: 2-0**
   ↳ 🎯 **[HIGH ODDS TRAP] 1X2 Home Win**  •  100.0%
   ↳ 🎯 **[HIGH ODDS TRAP] Under 2.5**  •  100.0%
   ↳ 🛡️ **[95%+ COMPOUND LOCK] Under 3.5**  •  100.0%
   ↳ 🛡️ **[95%+ COMPOUND LOCK] Over 1.5**  •  100.0%

⚔️ **Newcastle** vs **Manchester Blue**
   ↳ 🎯 **[HIGH ODDS TRAP] Under 2.5**  •  98.7%
   ↳ 🎯 **[HIGH ODDS TRAP] Over 2.5**  •  100.0%
   ↳ 🛡️ **[95%+ COMPOUND LOCK] Under 3.5**  •  98.7%
   ↳ 🛡️ **[95%+ COMPOUND LOCK] Over 1.5**  •  100.0%

⚔️ **Wolverhampton** vs **Crystal Palace**
   ↳ 🔮 **EXACT SCORE PREDICTION: 2-0**
   ↳ 🎯 **[HIGH ODDS TRAP] 1X2 Home Win**  •  100.0%
   ↳ 🎯 **[HIGH ODDS TRAP] Under 2.5**  •  100.0%
   ↳ 🛡️ **[95%+ COMPOUND LOCK] Under 3.5**  •  100.0%
   ↳ 🛡️ **[95%+ COMPOUND LOCK] Over 1.5**  •  100.0%


--- 2026-06-07T02:47:05.957122 ---
🟢 VFL CONFLUENCE LOCKS | STABLE RNG DETECTED 🟢
Matchday 19 🚨

⚔️ **Crystal Palace** vs **Manchester Red**
   ↳ 🔮 **EXACT SCORE PREDICTION: 0-1**
   ↳ 🎯 **[HIGH ODDS TRAP] Under 2.5**  •  99.9%
   ↳ 🎯 **[HIGH ODDS TRAP] Over 2.5**  •  95.2%
   ↳ 🛡️ **[95%+ COMPOUND LOCK] Under 3.5**  •  99.9%
   ↳ 🛡️ **[95%+ COMPOUND LOCK] Over 1.5**  •  100.0%

⚔️ **Fulham** vs **Tottenham**
   ↳ 🎯 **[HIGH ODDS TRAP] Over 2.5**  •  96.2%
   ↳ 🛡️ **[95%+ COMPOUND LOCK] Over 1.5**  •  96.2%

⚔️ **Aston Villa** vs **Newcastle**
   ⚠️ **[CHAOS TRAP WARNING]** Do not bet heavily. MSport RNG Target: Macro Trap (T1 vs T3)
   ↳ 🔮 **EXACT SCORE PREDICTION: 0-1**
   ↳ 🎯 **[HIGH ODDS TRAP] Under 2.5**  •  100.0%
   ↳ 🛡️ **[95%+ COMPOUND LOCK] Under 3.5**  •  100.0%

⚔️ **Manchester Blue** vs **Leeds**
   ↳ 🔮 **EXACT SCORE PREDICTION: 2-1**
   ↳ 🎯 **[HIGH ODDS TRAP] 1X2 Home Win**  •  100.0%
   ↳ 🎯 **[HIGH ODDS TRAP] Over 2.5**  •  100.0%
   ↳ 🛡️ **[95%+ COMPOUND LOCK] Under 3.5**  •  99.8%
   ↳ 🛡️ **[95%+ COMPOUND LOCK] Over 1.5**  •  100.0%

⚔️ **Chelsea** vs **Bournemouth**
   ↳ 🎯 **[HIGH ODDS TRAP] 1X2 Home Win**  •  100.0%
   ↳ 🎯 **[HIGH ODDS TRAP] Over 2.5**  •  100.0%
   ↳ 🛡️ **[95%+ COMPOUND LOCK] Over 1.5**  •  100.0%

⚔️ **Liverpool** vs **London Guns**
   ↳ 🔮 **EXACT SCORE PREDICTION: 3-0**
   ↳ 🎯 **[HIGH ODDS TRAP] 1X2 Home Win**  •  100.0%
   ↳ 🎯 **[HIGH ODDS TRAP] Over 2.5**  •  100.0%
   ↳ 🛡️ **[95%+ COMPOUND LOCK] Under 3.5**  •  100.0%
   ↳ 🛡️ **[95%+ COMPOUND LOCK] Over 1.5**  •  100.0%

⚔️ **Everton** vs **Brighton**
   ↳ 🔮 **EXACT SCORE PREDICTION: 1-1**
   ↳ 🎯 **[HIGH ODDS TRAP] Under 2.5**  •  100.0%
   ↳ 🛡️ **[95%+ COMPOUND LOCK] Under 3.5**  •  100.0%
   ↳ 🛡️ **[95%+ COMPOUND LOCK] Over 1.5**  •  100.0%

⚔️ **West Ham** vs **Wolverhampton**
   ↳ 🔮 **EXACT SCORE PREDICTION: 2-0**
   ↳ 🎯 **[HIGH ODDS TRAP] 1X2 Home Win**  •  100.0%
   ↳ 🎯 **[HIGH ODDS TRAP] Under 2.5**  •  100.0%
   ↳ 🛡️ **[95%+ COMPOUND LOCK] Under 3.5**  •  100.0%
   ↳ 🛡️ **[95%+ COMPOUND LOCK] Over 1.5**  •  100.0%


--- 2026-06-07T02:54:08.979241 ---
🟢 VFL CONFLUENCE LOCKS | STABLE RNG DETECTED 🟢
Matchday 21 🚨

⚔️ **Liverpool** vs **Fulham**
   ↳ 🔮 **EXACT SCORE PREDICTION: 0-1**
   ↳ 🎯 **[HIGH ODDS TRAP] 1X2 Home Win**  •  99.7%
   ↳ 🎯 **[HIGH ODDS TRAP] Under 2.5**  •  100.0%
   ↳ 🎯 **[HIGH ODDS TRAP] Over 2.5**  •  98.6%
   ↳ 🛡️ **[95%+ COMPOUND LOCK] Under 3.5**  •  100.0%
   ↳ 🛡️ **[95%+ COMPOUND LOCK] Over 1.5**  •  100.0%

⚔️ **Brighton** vs **Newcastle**
   ↳ 🔮 **EXACT SCORE PREDICTION: 2-0**
   ↳ 🎯 **[HIGH ODDS TRAP] 1X2 Home Win**  •  100.0%
   ↳ 🎯 **[HIGH ODDS TRAP] Under 2.5**  •  100.0%
   ↳ 🎯 **[HIGH ODDS TRAP] Over 2.5**  •  100.0%
   ↳ 🛡️ **[95%+ COMPOUND LOCK] Under 3.5**  •  100.0%
   ↳ 🛡️ **[95%+ COMPOUND LOCK] Over 1.5**  •  100.0%

⚔️ **West Ham** vs **London Guns**
   ⚠️ **[CHAOS TRAP WARNING]** Do not bet heavily. MSport RNG Target: Macro Trap (T3 vs T2)
   ↳ 🎯 **[HIGH ODDS TRAP] Over 2.5**  •  100.0%
   ↳ 🛡️ **[95%+ COMPOUND LOCK] Over 1.5**  •  100.0%

⚔️ **Aston Villa** vs **Wolverhampton**
   ↳ 🔮 **EXACT SCORE PREDICTION: 2-2 (or higher)**
   ↳ 🎯 **[HIGH ODDS TRAP] Over 2.5**  •  100.0%
   ↳ 🛡️ **[95%+ COMPOUND LOCK] Over 1.5**  •  100.0%

⚔️ **Everton** vs **Leeds**
   ↳ 🔮 **EXACT SCORE PREDICTION: 1-0**
   ↳ 🎯 **[HIGH ODDS TRAP] 1X2 Home Win**  •  100.0%
   ↳ 🎯 **[HIGH ODDS TRAP] Under 2.5**  •  100.0%
   ↳ 🛡️ **[95%+ COMPOUND LOCK] Under 3.5**  •  100.0%

⚔️ **Chelsea** vs **Tottenham**
   ⚠️ **[CHAOS TRAP WARNING]** Do not bet heavily. MSport RNG Target: Micro Trap (B vs A)
   ↳ 🔮 **EXACT SCORE PREDICTION: 1-1**
   ↳ 🎯 **[HIGH ODDS TRAP] Under 2.5**  •  100.0%
   ↳ 🛡️ **[95%+ COMPOUND LOCK] Under 3.5**  •  100.0%
   ↳ 🛡️ **[95%+ COMPOUND LOCK] Over 1.5**  •  100.0%

⚔️ **Crystal Palace** vs **Bournemouth**
   ↳ 🔮 **EXACT SCORE PREDICTION: 1-0**
   ↳ 🎯 **[HIGH ODDS TRAP] 1X2 Home Win**  •  99.9%
   ↳ 🎯 **[HIGH ODDS TRAP] Under 2.5**  •  100.0%
   ↳ 🛡️ **[95%+ COMPOUND LOCK] Under 3.5**  •  100.0%

⚔️ **Manchester Blue** vs **Manchester Red**
   ↳ 🔮 **EXACT SCORE PREDICTION: 2-2 (or higher)**
   ↳ 🎯 **[HIGH ODDS TRAP] Over 2.5**  •  100.0%
   ↳ 🛡️ **[95%+ COMPOUND LOCK] Over 1.5**  •  100.0%


--- 2026-06-07T02:58:05.427802 ---
🟢 VFL CONFLUENCE LOCKS | STABLE RNG DETECTED 🟢
Matchday 22 🚨

⚔️ **Leeds** vs **Brighton**
   ↳ 🔮 **EXACT SCORE PREDICTION: 1-1**
   ↳ 🎯 **[HIGH ODDS TRAP] Under 2.5**  •  100.0%
   ↳ 🛡️ **[95%+ COMPOUND LOCK] Under 3.5**  •  100.0%
   ↳ 🛡️ **[95%+ COMPOUND LOCK] Over 1.5**  •  100.0%

⚔️ **London Guns** vs **Manchester Blue**
   ⚠️ **[CHAOS TRAP WARNING]** Do not bet heavily. MSport RNG Target: Macro Trap (T2 vs T1)
   ↳ 🔮 **EXACT SCORE PREDICTION: 0-1**
   ↳ 🎯 **[HIGH ODDS TRAP] Under 2.5**  •  100.0%
   ↳ 🛡️ **[95%+ COMPOUND LOCK] Under 3.5**  •  100.0%

⚔️ **Bournemouth** vs **West Ham**
   ↳ 🎯 **[HIGH ODDS TRAP] Under 2.5**  •  99.8%
   ↳ 🎯 **[HIGH ODDS TRAP] Over 2.5**  •  100.0%
   ↳ 🛡️ **[95%+ COMPOUND LOCK] Under 3.5**  •  99.8%
   ↳ 🛡️ **[95%+ COMPOUND LOCK] Over 1.5**  •  100.0%

⚔️ **Wolverhampton** vs **Everton**
   ↳ 🔮 **EXACT SCORE PREDICTION: 0-2**
   ↳ 🎯 **[HIGH ODDS TRAP] Under 2.5**  •  100.0%
   ↳ 🛡️ **[95%+ COMPOUND LOCK] Under 3.5**  •  100.0%
   ↳ 🛡️ **[95%+ COMPOUND LOCK] Over 1.5**  •  100.0%

⚔️ **Fulham** vs **Crystal Palace**
   ↳ 🔮 **EXACT SCORE PREDICTION: 0-2**
   ↳ 🎯 **[HIGH ODDS TRAP] Under 2.5**  •  100.0%
   ↳ 🛡️ **[95%+ COMPOUND LOCK] Under 3.5**  •  100.0%
   ↳ 🛡️ **[95%+ COMPOUND LOCK] Over 1.5**  •  100.0%

⚔️ **Chelsea** vs **Liverpool**
   ↳ 🔮 **EXACT SCORE PREDICTION: 1-1**
   ↳ 🎯 **[HIGH ODDS TRAP] Under 2.5**  •  100.0%
   ↳ 🛡️ **[95%+ COMPOUND LOCK] Under 3.5**  •  100.0%
   ↳ 🛡️ **[95%+ COMPOUND LOCK] Over 1.5**  •  100.0%

⚔️ **Manchester Red** vs **Aston Villa**
   ↳ 🔮 **EXACT SCORE PREDICTION: 2-1**
   ↳ 🎯 **[HIGH ODDS TRAP] 1X2 Home Win**  •  100.0%
   ↳ 🎯 **[HIGH ODDS TRAP] Over 2.5**  •  100.0%
   ↳ 🛡️ **[95%+ COMPOUND LOCK] Under 3.5**  •  100.0%
   ↳ 🛡️ **[95%+ COMPOUND LOCK] Over 1.5**  •  100.0%

⚔️ **Tottenham** vs **Newcastle**
   ⚠️ **[CHAOS TRAP WARNING]** Do not bet heavily. MSport RNG Target: Macro Trap (T1 vs T3)
   ↳ 🔮 **EXACT SCORE PREDICTION: 2-1**
   ↳ 🎯 **[HIGH ODDS TRAP] 1X2 Home Win**  •  100.0%
   ↳ 🎯 **[HIGH ODDS TRAP] Over 2.5**  •  100.0%
   ↳ 🛡️ **[95%+ COMPOUND LOCK] Under 3.5**  •  100.0%
   ↳ 🛡️ **[95%+ COMPOUND LOCK] Over 1.5**  •  100.0%


--- 2026-06-07T03:01:10.369602 ---
🟢 VFL CONFLUENCE LOCKS | STABLE RNG DETECTED 🟢
Matchday 23 🚨

⚔️ **Liverpool** vs **Tottenham**
   ⚠️ **[CHAOS TRAP WARNING]** Do not bet heavily. MSport RNG Target: Macro Trap (T2 vs T1)
   ↳ 🎯 **[HIGH ODDS TRAP] 1X2 Home Win**  •  100.0%
   ↳ 🎯 **[HIGH ODDS TRAP] Under 2.5**  •  100.0%
   ↳ 🎯 **[HIGH ODDS TRAP] Over 2.5**  •  100.0%
   ↳ 🛡️ **[95%+ COMPOUND LOCK] Under 3.5**  •  100.0%
   ↳ 🛡️ **[95%+ COMPOUND LOCK] Over 1.5**  •  100.0%

⚔️ **Aston Villa** vs **London Guns**
   ↳ 🔮 **EXACT SCORE PREDICTION: 1-0**
   ↳ 🎯 **[HIGH ODDS TRAP] 1X2 Home Win**  •  100.0%
   ↳ 🎯 **[HIGH ODDS TRAP] Under 2.5**  •  100.0%
   ↳ 🛡️ **[95%+ COMPOUND LOCK] Under 3.5**  •  100.0%

⚔️ **Crystal Palace** vs **Chelsea**
   ↳ 🔮 **EXACT SCORE PREDICTION: 0-2**
   ↳ 🎯 **[HIGH ODDS TRAP] 1X2 Home Win**  •  94.4%
   ↳ 🎯 **[HIGH ODDS TRAP] Under 2.5**  •  100.0%
   ↳ 🛡️ **[95%+ COMPOUND LOCK] Under 3.5**  •  100.0%
   ↳ 🛡️ **[95%+ COMPOUND LOCK] Over 1.5**  •  100.0%

⚔️ **Everton** vs **Manchester Red**
   ↳ 🔮 **EXACT SCORE PREDICTION: 1-2**
   ↳ 🎯 **[HIGH ODDS TRAP] Under 2.5**  •  100.0%
   ↳ 🎯 **[HIGH ODDS TRAP] Over 2.5**  •  100.0%
   ↳ 🛡️ **[95%+ COMPOUND LOCK] Under 3.5**  •  100.0%
   ↳ 🛡️ **[95%+ COMPOUND LOCK] Over 1.5**  •  100.0%

⚔️ **Manchester Blue** vs **Bournemouth**
   ↳ 🔮 **EXACT SCORE PREDICTION: 1-0**
   ↳ 🎯 **[HIGH ODDS TRAP] 1X2 Home Win**  •  100.0%
   ↳ 🎯 **[HIGH ODDS TRAP] Under 2.5**  •  100.0%
   ↳ 🛡️ **[95%+ COMPOUND LOCK] Under 3.5**  •  100.0%

⚔️ **West Ham** vs **Fulham**
   ↳ 🔮 **EXACT SCORE PREDICTION: 1-1**
   ↳ 🎯 **[HIGH ODDS TRAP] Under 2.5**  •  100.0%
   ↳ 🛡️ **[95%+ COMPOUND LOCK] Under 3.5**  •  100.0%
   ↳ 🛡️ **[95%+ COMPOUND LOCK] Over 1.5**  •  100.0%

⚔️ **Newcastle** vs **Leeds**
   ↳ 🔮 **EXACT SCORE PREDICTION: 0-0**
   ↳ 🎯 **[HIGH ODDS TRAP] Under 2.5**  •  100.0%
   ↳ 🛡️ **[95%+ COMPOUND LOCK] Under 3.5**  •  100.0%

⚔️ **Brighton** vs **Wolverhampton**
   ↳ 🔮 **EXACT SCORE PREDICTION: 1-0**
   ↳ 🎯 **[HIGH ODDS TRAP] 1X2 Home Win**  •  100.0%
   ↳ 🎯 **[HIGH ODDS TRAP] Under 2.5**  •  100.0%
   ↳ 🎯 **[HIGH ODDS TRAP] Over 2.5**  •  100.0%
   ↳ 🛡️ **[95%+ COMPOUND LOCK] Under 3.5**  •  100.0%
   ↳ 🛡️ **[95%+ COMPOUND LOCK] Over 1.5**  •  100.0%


--- 2026-06-07T03:05:09.954577 ---
🟢 VFL CONFLUENCE LOCKS | STABLE RNG DETECTED 🟢
Matchday 24 🚨

⚔️ **London Guns** vs **Everton**
   ↳ 🔮 **EXACT SCORE PREDICTION: 1-1**
   ↳ 🎯 **[HIGH ODDS TRAP] Under 2.5**  •  100.0%
   ↳ 🛡️ **[95%+ COMPOUND LOCK] Under 3.5**  •  100.0%
   ↳ 🛡️ **[95%+ COMPOUND LOCK] Over 1.5**  •  100.0%

⚔️ **Chelsea** vs **West Ham**
   ↳ 🎯 **[HIGH ODDS TRAP] 1X2 Home Win**  •  100.0%
   ↳ 🎯 **[HIGH ODDS TRAP] Over 2.5**  •  100.0%
   ↳ 🛡️ **[95%+ COMPOUND LOCK] Over 1.5**  •  100.0%

⚔️ **Fulham** vs **Manchester Blue**
   ↳ 🔮 **EXACT SCORE PREDICTION: 1-1**
   ↳ 🎯 **[HIGH ODDS TRAP] Under 2.5**  •  100.0%
   ↳ 🛡️ **[95%+ COMPOUND LOCK] Under 3.5**  •  100.0%
   ↳ 🛡️ **[95%+ COMPOUND LOCK] Over 1.5**  •  100.0%

⚔️ **Bournemouth** vs **Aston Villa**
   ↳ 🔮 **EXACT SCORE PREDICTION: 1-0**
   ↳ 🎯 **[HIGH ODDS TRAP] 1X2 Home Win**  •  100.0%
   ↳ 🎯 **[HIGH ODDS TRAP] Under 2.5**  •  100.0%
   ↳ 🛡️ **[95%+ COMPOUND LOCK] Under 3.5**  •  100.0%
   ↳ 🛡️ **[95%+ COMPOUND LOCK] Over 1.5**  •  100.0%

⚔️ **Wolverhampton** vs **Newcastle**
   ↳ 🔮 **EXACT SCORE PREDICTION: 2-1**
   ↳ 🎯 **[HIGH ODDS TRAP] 1X2 Home Win**  •  100.0%
   ↳ 🎯 **[HIGH ODDS TRAP] Over 2.5**  •  100.0%
   ↳ 🛡️ **[95%+ COMPOUND LOCK] Under 3.5**  •  100.0%
   ↳ 🛡️ **[95%+ COMPOUND LOCK] Over 1.5**  •  100.0%

⚔️ **Tottenham** vs **Leeds**
   ↳ 🔮 **EXACT SCORE PREDICTION: 1-2**
   ↳ 🎯 **[HIGH ODDS TRAP] Over 2.5**  •  100.0%
   ↳ 🛡️ **[95%+ COMPOUND LOCK] Under 3.5**  •  100.0%
   ↳ 🛡️ **[95%+ COMPOUND LOCK] Over 1.5**  •  100.0%

⚔️ **Liverpool** vs **Crystal Palace**
   ↳ 🔮 **EXACT SCORE PREDICTION: 1-2**
   ↳ 🎯 **[HIGH ODDS TRAP] Over 2.5**  •  100.0%
   ↳ 🛡️ **[95%+ COMPOUND LOCK] Under 3.5**  •  100.0%
   ↳ 🛡️ **[95%+ COMPOUND LOCK] Over 1.5**  •  100.0%

⚔️ **Manchester Red** vs **Brighton**
   ⚠️ **[CHAOS TRAP WARNING]** Do not bet heavily. MSport RNG Target: Macro Trap (T1 vs T3)
   ↳ 🔮 **EXACT SCORE PREDICTION: 3-0**
   ↳ 🎯 **[HIGH ODDS TRAP] 1X2 Home Win**  •  100.0%
   ↳ 🎯 **[HIGH ODDS TRAP] Over 2.5**  •  94.4%
   ↳ 🛡️ **[95%+ COMPOUND LOCK] Under 3.5**  •  100.0%


--- 2026-06-07T03:16:10.896143 ---
🟢 VFL CONFLUENCE LOCKS | STABLE RNG DETECTED 🟢
Matchday 27 🚨

⚔️ **Manchester Blue** vs **Crystal Palace**
   ↳ 🔮 **EXACT SCORE PREDICTION: 2-1**
   ↳ 🎯 **[HIGH ODDS TRAP] 1X2 Home Win**  •  100.0%
   ↳ 🎯 **[HIGH ODDS TRAP] Under 2.5**  •  95.3%
   ↳ 🎯 **[HIGH ODDS TRAP] Over 2.5**  •  100.0%
   ↳ 🛡️ **[95%+ COMPOUND LOCK] Under 3.5**  •  100.0%
   ↳ 🛡️ **[95%+ COMPOUND LOCK] Over 1.5**  •  100.0%

⚔️ **Brighton** vs **Fulham**
   ↳ 🎯 **[HIGH ODDS TRAP] 1X2 Home Win**  •  100.0%
   ↳ 🎯 **[HIGH ODDS TRAP] Under 2.5**  •  99.7%
   ↳ 🎯 **[HIGH ODDS TRAP] Over 2.5**  •  100.0%
   ↳ 🛡️ **[95%+ COMPOUND LOCK] Under 3.5**  •  99.7%
   ↳ 🛡️ **[95%+ COMPOUND LOCK] Over 1.5**  •  100.0%

⚔️ **West Ham** vs **Tottenham**
   ⚠️ **[CHAOS TRAP WARNING]** Do not bet heavily. MSport RNG Target: Macro Trap (T2 vs T1)
   ↳ 🎯 **[HIGH ODDS TRAP] 1X2 Home Win**  •  100.0%
   ↳ 🎯 **[HIGH ODDS TRAP] Under 2.5**  •  100.0%
   ↳ 🎯 **[HIGH ODDS TRAP] Over 2.5**  •  100.0%
   ↳ 🛡️ **[95%+ COMPOUND LOCK] Under 3.5**  •  100.0%
   ↳ 🛡️ **[95%+ COMPOUND LOCK] Over 1.5**  •  100.0%

⚔️ **Newcastle** vs **Bournemouth**
   ↳ 🎯 **[HIGH ODDS TRAP] 1X2 Home Win**  •  99.7%
   ↳ 🎯 **[HIGH ODDS TRAP] Over 2.5**  •  99.7%
   ↳ 🛡️ **[95%+ COMPOUND LOCK] Under 3.5**  •  99.7%
   ↳ 🛡️ **[95%+ COMPOUND LOCK] Over 1.5**  •  100.0%

⚔️ **Wolverhampton** vs **Manchester Red**
   ⚠️ **[CHAOS TRAP WARNING]** Do not bet heavily. MSport RNG Target: Macro Trap (T2 vs T1)
   ↳ 🔮 **EXACT SCORE PREDICTION: 0-2**
   ↳ 🎯 **[HIGH ODDS TRAP] Under 2.5**  •  100.0%
   ↳ 🛡️ **[95%+ COMPOUND LOCK] Under 3.5**  •  100.0%
   ↳ 🛡️ **[95%+ COMPOUND LOCK] Over 1.5**  •  100.0%

⚔️ **Leeds** vs **London Guns**
   ↳ 🔮 **EXACT SCORE PREDICTION: 1-0**
   ↳ 🎯 **[HIGH ODDS TRAP] 1X2 Home Win**  •  99.7%
   ↳ 🎯 **[HIGH ODDS TRAP] Under 2.5**  •  99.7%
   ↳ 🎯 **[HIGH ODDS TRAP] Over 2.5**  •  99.7%
   ↳ 🛡️ **[95%+ COMPOUND LOCK] Under 3.5**  •  99.7%
   ↳ 🛡️ **[95%+ COMPOUND LOCK] Over 1.5**  •  99.7%

⚔️ **Everton** vs **Chelsea**
   ⚠️ **[CHAOS TRAP WARNING]** Do not bet heavily. MSport RNG Target: Macro Trap (T3 vs T2)
   ↳ 🔮 **EXACT SCORE PREDICTION: 1-2**
   ↳ 🎯 **[HIGH ODDS TRAP] Over 2.5**  •  100.0%
   ↳ 🛡️ **[95%+ COMPOUND LOCK] Under 3.5**  •  100.0%
   ↳ 🛡️ **[95%+ COMPOUND LOCK] Over 1.5**  •  100.0%

⚔️ **Aston Villa** vs **Liverpool**
   ⚠️ **[CHAOS TRAP WARNING]** Do not bet heavily. MSport RNG Target: Macro Trap (T2 vs T1)
   ↳ 🔮 **EXACT SCORE PREDICTION: 0-0**
   ↳ 🎯 **[HIGH ODDS TRAP] Under 2.5**  •  100.0%
   ↳ 🎯 **[HIGH ODDS TRAP] Over 2.5**  •  99.0%
   ↳ 🛡️ **[95%+ COMPOUND LOCK] Under 3.5**  •  100.0%
   ↳ 🛡️ **[95%+ COMPOUND LOCK] Over 1.5**  •  99.0%


--- 2026-06-07T03:19:10.328865 ---
🟢 VFL CONFLUENCE LOCKS | STABLE RNG DETECTED 🟢
Matchday 28 🚨

⚔️ **Fulham** vs **Newcastle**
   ↳ 🔮 **EXACT SCORE PREDICTION: 2-0**
   ↳ 🎯 **[HIGH ODDS TRAP] 1X2 Home Win**  •  100.0%
   ↳ 🎯 **[HIGH ODDS TRAP] Under 2.5**  •  100.0%
   ↳ 🎯 **[HIGH ODDS TRAP] Over 2.5**  •  99.9%
   ↳ 🛡️ **[95%+ COMPOUND LOCK] Under 3.5**  •  100.0%
   ↳ 🛡️ **[95%+ COMPOUND LOCK] Over 1.5**  •  100.0%

⚔️ **London Guns** vs **Wolverhampton**
   ↳ 🎯 **[HIGH ODDS TRAP] 1X2 Home Win**  •  100.0%
   ↳ 🎯 **[HIGH ODDS TRAP] Over 2.5**  •  100.0%
   ↳ 🛡️ **[95%+ COMPOUND LOCK] Over 1.5**  •  100.0%

⚔️ **Liverpool** vs **Everton**
   ⚠️ **[CHAOS TRAP WARNING]** Do not bet heavily. MSport RNG Target: Macro Trap (T1 vs T3)
   ↳ 🎯 **[HIGH ODDS TRAP] 1X2 Home Win**  •  100.0%
   ↳ 🎯 **[HIGH ODDS TRAP] Under 2.5**  •  100.0%
   ↳ 🎯 **[HIGH ODDS TRAP] Over 2.5**  •  100.0%
   ↳ 🛡️ **[95%+ COMPOUND LOCK] Under 3.5**  •  100.0%
   ↳ 🛡️ **[95%+ COMPOUND LOCK] Over 1.5**  •  100.0%

⚔️ **Bournemouth** vs **Leeds**
   ↳ 🔮 **EXACT SCORE PREDICTION: 2-1**
   ↳ 🎯 **[HIGH ODDS TRAP] 1X2 Home Win**  •  100.0%
   ↳ 🎯 **[HIGH ODDS TRAP] Over 2.5**  •  100.0%
   ↳ 🛡️ **[95%+ COMPOUND LOCK] Under 3.5**  •  100.0%
   ↳ 🛡️ **[95%+ COMPOUND LOCK] Over 1.5**  •  100.0%

⚔️ **Chelsea** vs **Brighton**
   ↳ 🔮 **EXACT SCORE PREDICTION: 2-0**
   ↳ 🎯 **[HIGH ODDS TRAP] 1X2 Home Win**  •  100.0%
   ↳ 🎯 **[HIGH ODDS TRAP] Under 2.5**  •  100.0%
   ↳ 🎯 **[HIGH ODDS TRAP] Over 2.5**  •  100.0%
   ↳ 🛡️ **[95%+ COMPOUND LOCK] Under 3.5**  •  100.0%
   ↳ 🛡️ **[95%+ COMPOUND LOCK] Over 1.5**  •  100.0%

⚔️ **Tottenham** vs **Manchester Red**
   ↳ 🔮 **EXACT SCORE PREDICTION: 1-2**
   ↳ 🎯 **[HIGH ODDS TRAP] Over 2.5**  •  100.0%
   ↳ 🛡️ **[95%+ COMPOUND LOCK] Under 3.5**  •  100.0%
   ↳ 🛡️ **[95%+ COMPOUND LOCK] Over 1.5**  •  100.0%

⚔️ **West Ham** vs **Manchester Blue**
   ⚠️ **[CHAOS TRAP WARNING]** Do not bet heavily. MSport RNG Target: Macro Trap (T2 vs T1)
   ↳ 🔮 **EXACT SCORE PREDICTION: 0-1**
   ↳ 🎯 **[HIGH ODDS TRAP] Under 2.5**  •  100.0%
   ↳ 🎯 **[HIGH ODDS TRAP] Over 2.5**  •  100.0%
   ↳ 🛡️ **[95%+ COMPOUND LOCK] Under 3.5**  •  100.0%
   ↳ 🛡️ **[95%+ COMPOUND LOCK] Over 1.5**  •  100.0%

⚔️ **Crystal Palace** vs **Aston Villa**
   ↳ 🔮 **EXACT SCORE PREDICTION: 0-0**
   ↳ 🎯 **[HIGH ODDS TRAP] Under 2.5**  •  95.8%
   ↳ 🛡️ **[95%+ COMPOUND LOCK] Under 3.5**  •  100.0%
   ↳ 🛡️ **[95%+ COMPOUND LOCK] Over 1.5**  •  100.0%


--- 2026-06-07T03:23:10.515601 ---
🟢 VFL CONFLUENCE LOCKS | STABLE RNG DETECTED 🟢
Matchday 29 🚨

⚔️ **Newcastle** vs **Chelsea**
   ⚠️ **[CHAOS TRAP WARNING]** Do not bet heavily. MSport RNG Target: Macro Trap (T3 vs T2)
   ↳ 🔮 **EXACT SCORE PREDICTION: 2-2 (or higher)**
   ↳ 🎯 **[HIGH ODDS TRAP] Over 2.5**  •  100.0%
   ↳ 🛡️ **[95%+ COMPOUND LOCK] Over 1.5**  •  100.0%

⚔️ **Leeds** vs **Fulham**
   ↳ 🔮 **EXACT SCORE PREDICTION: 0-1**
   ↳ 🎯 **[HIGH ODDS TRAP] Under 2.5**  •  99.7%
   ↳ 🛡️ **[95%+ COMPOUND LOCK] Under 3.5**  •  100.0%

⚔️ **Aston Villa** vs **West Ham**
   ↳ 🎯 **[HIGH ODDS TRAP] 1X2 Home Win**  •  100.0%
   ↳ 🎯 **[HIGH ODDS TRAP] Over 2.5**  •  100.0%
   ↳ 🛡️ **[95%+ COMPOUND LOCK] Over 1.5**  •  100.0%

⚔️ **Brighton** vs **Liverpool**
   ↳ 🔮 **EXACT SCORE PREDICTION: 2-1**
   ↳ 🎯 **[HIGH ODDS TRAP] 1X2 Home Win**  •  99.1%
   ↳ 🎯 **[HIGH ODDS TRAP] Under 2.5**  •  98.9%
   ↳ 🎯 **[HIGH ODDS TRAP] Over 2.5**  •  100.0%
   ↳ 🛡️ **[95%+ COMPOUND LOCK] Under 3.5**  •  100.0%
   ↳ 🛡️ **[95%+ COMPOUND LOCK] Over 1.5**  •  100.0%

⚔️ **Wolverhampton** vs **Bournemouth**
   ↳ 🔮 **EXACT SCORE PREDICTION: 0-0**
   ↳ 🎯 **[HIGH ODDS TRAP] 1X2 Home Win**  •  100.0%
   ↳ 🎯 **[HIGH ODDS TRAP] Under 2.5**  •  100.0%
   ↳ 🎯 **[HIGH ODDS TRAP] Over 2.5**  •  100.0%
   ↳ 🛡️ **[95%+ COMPOUND LOCK] Under 3.5**  •  100.0%
   ↳ 🛡️ **[95%+ COMPOUND LOCK] Over 1.5**  •  100.0%

⚔️ **Everton** vs **Crystal Palace**
   ↳ 🔮 **EXACT SCORE PREDICTION: 2-0**
   ↳ 🎯 **[HIGH ODDS TRAP] 1X2 Home Win**  •  100.0%
   ↳ 🎯 **[HIGH ODDS TRAP] Under 2.5**  •  100.0%
   ↳ 🛡️ **[95%+ COMPOUND LOCK] Under 3.5**  •  100.0%
   ↳ 🛡️ **[95%+ COMPOUND LOCK] Over 1.5**  •  100.0%

⚔️ **Manchester Blue** vs **Tottenham**
   ↳ 🔮 **EXACT SCORE PREDICTION: 0-0**
   ↳ 🎯 **[HIGH ODDS TRAP] 1X2 Home Win**  •  99.8%
   ↳ 🎯 **[HIGH ODDS TRAP] Under 2.5**  •  100.0%
   ↳ 🛡️ **[95%+ COMPOUND LOCK] Under 3.5**  •  100.0%
   ↳ 🛡️ **[95%+ COMPOUND LOCK] Over 1.5**  •  99.8%

⚔️ **Manchester Red** vs **London Guns**
   ↳ 🔮 **EXACT SCORE PREDICTION: 0-2**
   ↳ 🎯 **[HIGH ODDS TRAP] Under 2.5**  •  98.8%
   ↳ 🛡️ **[95%+ COMPOUND LOCK] Under 3.5**  •  99.8%
   ↳ 🛡️ **[95%+ COMPOUND LOCK] Over 1.5**  •  100.0%


--- 2026-06-07T03:30:10.599977 ---
🟢 VFL CONFLUENCE LOCKS | STABLE RNG DETECTED 🟢
Matchday 1 🚨

⚔️ **Tottenham** vs **Wolverhampton**
   ↳ 🔮 **EXACT SCORE PREDICTION: 2-1**
   ↳ 🎯 **[HIGH ODDS TRAP] 1X2 Home Win**  •  100.0%
   ↳ 🎯 **[HIGH ODDS TRAP] Over 2.5**  •  100.0%
   ↳ 🛡️ **[95%+ COMPOUND LOCK] Under 3.5**  •  100.0%
   ↳ 🛡️ **[95%+ COMPOUND LOCK] Over 1.5**  •  100.0%

⚔️ **Newcastle** vs **Brighton**
   ↳ 🔮 **EXACT SCORE PREDICTION: 0-3**
   ↳ 🎯 **[HIGH ODDS TRAP] 1X2 Home Win**  •  100.0%
   ↳ 🎯 **[HIGH ODDS TRAP] Under 2.5**  •  100.0%
   ↳ 🎯 **[HIGH ODDS TRAP] Over 2.5**  •  100.0%
   ↳ 🛡️ **[95%+ COMPOUND LOCK] Under 3.5**  •  100.0%
   ↳ 🛡️ **[95%+ COMPOUND LOCK] Over 1.5**  •  100.0%

⚔️ **Leeds** vs **Liverpool**
   ↳ 🔮 **EXACT SCORE PREDICTION: 0-1**
   ↳ 🎯 **[HIGH ODDS TRAP] Under 2.5**  •  100.0%
   ↳ 🛡️ **[95%+ COMPOUND LOCK] Under 3.5**  •  100.0%

⚔️ **Manchester Red** vs **Manchester Blue**
   ⚠️ **[CHAOS TRAP WARNING]** Do not bet heavily. MSport RNG Target: Macro Trap (T2 vs T1)
   ↳ 🔮 **EXACT SCORE PREDICTION: 1-0**
   ↳ 🎯 **[HIGH ODDS TRAP] 1X2 Home Win**  •  100.0%
   ↳ 🎯 **[HIGH ODDS TRAP] Under 2.5**  •  100.0%
   ↳ 🛡️ **[95%+ COMPOUND LOCK] Under 3.5**  •  100.0%

⚔️ **West Ham** vs **Chelsea**
   ↳ 🔮 **EXACT SCORE PREDICTION: 1-1**
   ↳ 🎯 **[HIGH ODDS TRAP] 1X2 Home Win**  •  100.0%
   ↳ 🎯 **[HIGH ODDS TRAP] Under 2.5**  •  100.0%
   ↳ 🎯 **[HIGH ODDS TRAP] Over 2.5**  •  100.0%
   ↳ 🛡️ **[95%+ COMPOUND LOCK] Under 3.5**  •  100.0%
   ↳ 🛡️ **[95%+ COMPOUND LOCK] Over 1.5**  •  100.0%

⚔️ **London Guns** vs **Crystal Palace**
   ↳ 🔮 **EXACT SCORE PREDICTION: 2-0**
   ↳ 🎯 **[HIGH ODDS TRAP] 1X2 Home Win**  •  100.0%
   ↳ 🎯 **[HIGH ODDS TRAP] Under 2.5**  •  100.0%
   ↳ 🛡️ **[95%+ COMPOUND LOCK] Under 3.5**  •  100.0%
   ↳ 🛡️ **[95%+ COMPOUND LOCK] Over 1.5**  •  100.0%

⚔️ **Fulham** vs **Aston Villa**
   ↳ 🔮 **EXACT SCORE PREDICTION: 1-0**
   ↳ 🎯 **[HIGH ODDS TRAP] 1X2 Home Win**  •  100.0%
   ↳ 🎯 **[HIGH ODDS TRAP] Under 2.5**  •  100.0%
   ↳ 🎯 **[HIGH ODDS TRAP] Over 2.5**  •  100.0%
   ↳ 🛡️ **[95%+ COMPOUND LOCK] Under 3.5**  •  100.0%
   ↳ 🛡️ **[95%+ COMPOUND LOCK] Over 1.5**  •  100.0%

⚔️ **Bournemouth** vs **Everton**
   ↳ 🔮 **EXACT SCORE PREDICTION: 0-0**
   ↳ 🎯 **[HIGH ODDS TRAP] Under 2.5**  •  100.0%
   ↳ 🛡️ **[95%+ COMPOUND LOCK] Under 3.5**  •  100.0%


--- 2026-06-07T03:40:02.379459 ---
🟢 VFL CONFLUENCE LOCKS | STABLE RNG DETECTED 🟢
Matchday 3 🚨

⚔️ **Manchester Red** vs **Everton**
   ↳ 🔮 **EXACT SCORE PREDICTION: 0-1**
   ↳ 🎯 **[HIGH ODDS TRAP] Under 2.5**  •  100.0%
   ↳ 🛡️ **[95%+ COMPOUND LOCK] Under 3.5**  •  100.0%

⚔️ **London Guns** vs **Wolverhampton**
   ↳ 🔮 **EXACT SCORE PREDICTION: 1-0**
   ↳ 🎯 **[HIGH ODDS TRAP] 1X2 Home Win**  •  100.0%
   ↳ 🎯 **[HIGH ODDS TRAP] Under 2.5**  •  100.0%
   ↳ 🛡️ **[95%+ COMPOUND LOCK] Under 3.5**  •  100.0%

⚔️ **Liverpool** vs **Brighton**
   ⚠️ **[CHAOS TRAP WARNING]** Do not bet heavily. MSport RNG Target: Macro Trap (T1 vs T3)
   ↳ 🎯 **[HIGH ODDS TRAP] 1X2 Home Win**  •  100.0%
   ↳ 🎯 **[HIGH ODDS TRAP] Over 2.5**  •  100.0%
   ↳ 🛡️ **[95%+ COMPOUND LOCK] Over 1.5**  •  100.0%

⚔️ **Tottenham** vs **Bournemouth**
   ↳ 🔮 **EXACT SCORE PREDICTION: 1-0**
   ↳ 🎯 **[HIGH ODDS TRAP] 1X2 Home Win**  •  100.0%
   ↳ 🎯 **[HIGH ODDS TRAP] Under 2.5**  •  100.0%
   ↳ 🛡️ **[95%+ COMPOUND LOCK] Under 3.5**  •  100.0%

⚔️ **Leeds** vs **Chelsea**
   ↳ 🔮 **EXACT SCORE PREDICTION: 0-2**
   ↳ 🎯 **[HIGH ODDS TRAP] Under 2.5**  •  100.0%
   ↳ 🛡️ **[95%+ COMPOUND LOCK] Under 3.5**  •  100.0%
   ↳ 🛡️ **[95%+ COMPOUND LOCK] Over 1.5**  •  100.0%


--- 2026-06-07T03:44:06.557331 ---
🟢 VFL CONFLUENCE LOCKS | STABLE RNG DETECTED 🟢
Matchday 4 🚨

⚔️ **Brighton** vs **Tottenham**
   ↳ 🔮 **EXACT SCORE PREDICTION: 0-1**
   ↳ 🎯 **[HIGH ODDS TRAP] Under 2.5**  •  100.0%
   ↳ 🛡️ **[95%+ COMPOUND LOCK] Under 3.5**  •  100.0%

⚔️ **Chelsea** vs **Newcastle**
   ⚠️ **[CHAOS TRAP WARNING]** Do not bet heavily. MSport RNG Target: Macro Trap (T1 vs T3)
   ↳ 🎯 **[HIGH ODDS TRAP] 1X2 Home Win**  •  100.0%
   ↳ 🎯 **[HIGH ODDS TRAP] Over 2.5**  •  100.0%
   ↳ 🛡️ **[95%+ COMPOUND LOCK] Over 1.5**  •  100.0%

⚔️ **Crystal Palace** vs **Leeds**
   ↳ 🔮 **EXACT SCORE PREDICTION: 2-1**
   ↳ 🎯 **[HIGH ODDS TRAP] 1X2 Home Win**  •  100.0%
   ↳ 🎯 **[HIGH ODDS TRAP] Under 2.5**  •  100.0%
   ↳ 🎯 **[HIGH ODDS TRAP] Over 2.5**  •  100.0%
   ↳ 🛡️ **[95%+ COMPOUND LOCK] Under 3.5**  •  100.0%
   ↳ 🛡️ **[95%+ COMPOUND LOCK] Over 1.5**  •  100.0%

⚔️ **Bournemouth** vs **Manchester Red**
   ↳ 🔮 **EXACT SCORE PREDICTION: 0-1**
   ↳ 🎯 **[HIGH ODDS TRAP] Under 2.5**  •  100.0%
   ↳ 🎯 **[HIGH ODDS TRAP] Over 2.5**  •  98.5%
   ↳ 🛡️ **[95%+ COMPOUND LOCK] Under 3.5**  •  100.0%
   ↳ 🛡️ **[95%+ COMPOUND LOCK] Over 1.5**  •  98.5%

⚔️ **Everton** vs **London Guns**
   ⚠️ **[CHAOS TRAP WARNING]** Do not bet heavily. MSport RNG Target: Macro Trap (T2 vs T1)
   ↳ 🎯 **[HIGH ODDS TRAP] Under 2.5**  •  100.0%
   ↳ 🎯 **[HIGH ODDS TRAP] Over 2.5**  •  100.0%
   ↳ 🛡️ **[95%+ COMPOUND LOCK] Under 3.5**  •  100.0%
   ↳ 🛡️ **[95%+ COMPOUND LOCK] Over 1.5**  •  100.0%

⚔️ **Aston Villa** vs **Liverpool**
   ⚠️ **[CHAOS TRAP WARNING]** Do not bet heavily. MSport RNG Target: Macro Trap (T2 vs T1)
   ↳ 🔮 **EXACT SCORE PREDICTION: 0-1**
   ↳ 🎯 **[HIGH ODDS TRAP] Under 2.5**  •  100.0%
   ↳ 🎯 **[HIGH ODDS TRAP] Over 2.5**  •  99.0%
   ↳ 🛡️ **[95%+ COMPOUND LOCK] Under 3.5**  •  100.0%
   ↳ 🛡️ **[95%+ COMPOUND LOCK] Over 1.5**  •  99.0%

⚔️ **Wolverhampton** vs **West Ham**
   ↳ 🎯 **[HIGH ODDS TRAP] 1X2 Home Win**  •  100.0%
   ↳ 🎯 **[HIGH ODDS TRAP] Over 2.5**  •  100.0%
   ↳ 🛡️ **[95%+ COMPOUND LOCK] Under 3.5**  •  100.0%
   ↳ 🛡️ **[95%+ COMPOUND LOCK] Over 1.5**  •  100.0%


--- 2026-06-07T04:09:08.238768 ---
🟢 VFL CONFLUENCE LOCKS | STABLE RNG DETECTED 🟢
Matchday 11 🚨

⚔️ **Fulham** vs **West Ham**
   ⚠️ **[CHAOS TRAP WARNING]** Do not bet heavily. MSport RNG Target: Macro Trap (T3 vs T2)
   ↳ 🛡️ **[95%+ COMPOUND LOCK] Under 3.5**  •  100.0%


--- 2026-06-07T04:17:04.654444 ---
🟢 VFL CONFLUENCE LOCKS | STABLE RNG DETECTED 🟢
Matchday 13 🚨

⚔️ **Chelsea** vs **Tottenham**
   ⚠️ **[CHAOS TRAP WARNING]** Do not bet heavily. MSport RNG Target: Macro Trap (T2 vs T1)
   ↳ 🛡️ **[95%+ COMPOUND LOCK] Under 3.5**  •  100.0%


--- 2026-06-07T04:31:08.221208 ---
🟢 VFL CONFLUENCE LOCKS | STABLE RNG DETECTED 🟢
Matchday 17 🚨

⚔️ **Leeds** vs **Aston Villa**
   ↳ 🛡️ **[95%+ COMPOUND LOCK] Under 3.5**  •  100.0%

⚔️ **Manchester Red** vs **Wolverhampton**
   ↳ 🛡️ **[95%+ COMPOUND LOCK] Over 1.5**  •  100.0%


--- 2026-06-07T04:42:09.541752 ---
🟢 VFL CONFLUENCE LOCKS | STABLE RNG DETECTED 🟢
Matchday 20 🚨

⚔️ **Wolverhampton** vs **Fulham**
   ↳ 🛡️ **[95%+ COMPOUND LOCK] Under 3.5**  •  95.8%

⚔️ **Manchester Blue** vs **Leeds**
   ↳ 🎯 **[HIGH ODDS TRAP] 1X2 Home Win**  •  100.0%
   ↳ 🛡️ **[95%+ COMPOUND LOCK] Over 1.5**  •  100.0%


--- 2026-06-07T05:00:11.032136 ---
🟢 VFL CONFLUENCE LOCKS | STABLE RNG DETECTED 🟢
Matchday 25 🚨

⚔️ **Fulham** vs **London Guns**
   ↳ 🛡️ **[95%+ COMPOUND LOCK] Under 3.5**  •  96.2%


--- 2026-06-07T05:08:11.563783 ---
🟢 VFL CONFLUENCE LOCKS | STABLE RNG DETECTED 🟢
Matchday 27 🚨

⚔️ **Manchester Blue** vs **Wolverhampton**
   ↳ 🎯 **[HIGH ODDS TRAP] 1X2 Home Win**  •  87.5%
   ↳ 🎯 **[HIGH ODDS TRAP] Over 2.5**  •  92.9%
   ↳ 🛡️ **[95%+ COMPOUND LOCK] Over 1.5**  •  95.8%


--- 2026-06-07T05:35:03.045713 ---
🟢 VFL CONFLUENCE LOCKS | STABLE RNG DETECTED 🟢
Matchday 3 🚨

⚔️ **Bournemouth** vs **Everton**
   ⚠️ **[CHAOS TRAP WARNING]** Do not bet heavily. MSport RNG Target: Macro Trap (T3 vs T2)
   ↳ 🛡️ **[95%+ COMPOUND LOCK] Under 3.5**  •  100.0%


--- 2026-06-07T05:36:07.312401 ---
🟢 VFL CONFLUENCE LOCKS | STABLE RNG DETECTED 🟢
Matchday 4 🚨

⚔️ **Everton** vs **Fulham**
   ↳ 🎯 **[HIGH ODDS TRAP] 1X2 Home Win**  •  93.8%


--- 2026-06-07T05:39:03.396397 ---
🟢 VFL CONFLUENCE LOCKS | STABLE RNG DETECTED 🟢
Matchday 5 🚨

⚔️ **Manchester Blue** vs **Crystal Palace**
   ↳ 🛡️ **[95%+ COMPOUND LOCK] Over 1.5**  •  100.0%


--- 2026-06-07T05:50:07.579687 ---
🟢 VFL CONFLUENCE LOCKS | STABLE RNG DETECTED 🟢
Matchday 8 🚨

⚔️ **Everton** vs **Leeds**
   ↳ 🛡️ **[95%+ COMPOUND LOCK] Under 3.5**  •  95.3%

⚔️ **Manchester Red** vs **West Ham**
   ↳ 🎯 **[HIGH ODDS TRAP] 1X2 Home Win**  •  92.9%


--- 2026-06-07T05:57:07.680212 ---
🟢 VFL CONFLUENCE LOCKS | STABLE RNG DETECTED 🟢
Matchday 9 🚨

⚔️ **West Ham** vs **Wolverhampton**
   ↳ 🛡️ **[95%+ COMPOUND LOCK] Over 1.5**  •  95.5%


--- 2026-06-07T06:04:03.639817 ---
🟢 VFL CONFLUENCE LOCKS | STABLE RNG DETECTED 🟢
Matchday 11 🚨

⚔️ **Leeds** vs **Manchester Red**
   ↳ 🛡️ **[95%+ COMPOUND LOCK] Under 3.5**  •  100.0%


--- 2026-06-07T06:05:09.399420 ---
🟢 VFL CONFLUENCE LOCKS | STABLE RNG DETECTED 🟢
Matchday 12 🚨

⚔️ **Aston Villa** vs **Fulham**
   ↳ 🎯 **[HIGH ODDS TRAP] 1X2 Home Win**  •  91.7%


--- 2026-06-07T06:12:09.079821 ---
🟢 VFL CONFLUENCE LOCKS | STABLE RNG DETECTED 🟢
Matchday 14 🚨

⚔️ **Chelsea** vs **Newcastle**
   ↳ 🎯 **[HIGH ODDS TRAP] Over 2.5**  •  90.9%

⚔️ **Manchester Blue** vs **Leeds**
   ⚠️ **[CHAOS TRAP WARNING]** Do not bet heavily. MSport RNG Target: Macro Trap (T1 vs T3)
   ↳ 🎯 **[HIGH ODDS TRAP] 1X2 Home Win**  •  88.9%


--- 2026-06-07T06:19:08.852420 ---
🟢 VFL CONFLUENCE LOCKS | STABLE RNG DETECTED 🟢
Matchday 15 🚨

⚔️ **London Guns** vs **Wolverhampton**
   ↳ 🎯 **[HIGH ODDS TRAP] 1X2 Home Win**  •  90.9%


--- 2026-06-07T06:27:09.471425 ---
🟢 VFL CONFLUENCE LOCKS | STABLE RNG DETECTED 🟢
Matchday 18 🚨

⚔️ **Leeds** vs **Fulham**
   ↳ 🛡️ **[95%+ COMPOUND LOCK] Under 3.5**  •  95.5%


--- 2026-06-07T06:31:04.878834 ---
🟢 VFL CONFLUENCE LOCKS | STABLE RNG DETECTED 🟢
Matchday 19 🚨

⚔️ **Manchester Blue** vs **Wolverhampton**
   ↳ 🎯 **[HIGH ODDS TRAP] 1X2 Home Win**  •  86.7%
   ↳ 🎯 **[HIGH ODDS TRAP] Over 2.5**  •  90.0%
   ↳ 🛡️ **[95%+ COMPOUND LOCK] Over 1.5**  •  96.7%


--- 2026-06-07T06:41:10.879478 ---
🟢 VFL CONFLUENCE LOCKS | STABLE RNG DETECTED 🟢
Matchday 22 🚨

⚔️ **Manchester Red** vs **Fulham**
   ↳ 🎯 **[HIGH ODDS TRAP] 1X2 Home Win**  •  90.0%


--- 2026-06-07T06:45:10.138376 ---
🟢 VFL CONFLUENCE LOCKS | STABLE RNG DETECTED 🟢
Matchday 23 🚨

⚔️ **Leeds** vs **Everton**
   ↳ 🛡️ **[95%+ COMPOUND LOCK] Under 3.5**  •  95.0%


--- 2026-06-07T06:53:06.066823 ---
🟢 VFL CONFLUENCE LOCKS | STABLE RNG DETECTED 🟢
Matchday 25 🚨

⚔️ **Everton** vs **Brighton**
   ↳ 🛡️ **[95%+ COMPOUND LOCK] Under 3.5**  •  100.0%


--- 2026-06-07T07:07:11.011382 ---
🟢 VFL CONFLUENCE LOCKS | STABLE RNG DETECTED 🟢
Matchday 29 🚨

⚔️ **London Guns** vs **Manchester Red**
   ↳ 🛡️ **[95%+ COMPOUND LOCK] Over 1.5**  •  100.0%


--- 2026-06-07T07:24:02.919491 ---
🟢 VFL CONFLUENCE LOCKS | STABLE RNG DETECTED 🟢
Matchday 3 🚨

⚔️ **Leeds** vs **Brighton**
   ⚠️ **[CHAOS TRAP WARNING]** Do not bet heavily. MSport RNG Target: Macro Trap (T2 vs T1)
   ↳ 🛡️ **[95%+ COMPOUND LOCK] Under 3.5**  •  100.0%


--- 2026-06-07T07:35:06.859398 ---
🟢 VFL CONFLUENCE LOCKS | STABLE RNG DETECTED 🟢
Matchday 6 🚨

⚔️ **London Guns** vs **Manchester Red**
   ↳ 🛡️ **[95%+ COMPOUND LOCK] Over 1.5**  •  100.0%

⚔️ **Manchester Blue** vs **Chelsea**
   ⚠️ **[CHAOS TRAP WARNING]** Do not bet heavily. MSport RNG Target: Macro Trap (T3 vs T2)
   ↳ 🛡️ **[95%+ COMPOUND LOCK] Over 1.5**  •  100.0%


--- 2026-06-07T07:53:07.277908 ---
🟢 VFL CONFLUENCE LOCKS | STABLE RNG DETECTED 🟢
Matchday 11 🚨

⚔️ **Brighton** vs **London Guns**
   ↳ 🛡️ **[95%+ COMPOUND LOCK] Over 1.5**  •  95.2%


--- 2026-06-07T07:57:07.622469 ---
🟢 VFL CONFLUENCE LOCKS | STABLE RNG DETECTED 🟢
Matchday 12 🚨

⚔️ **Aston Villa** vs **Everton**
   ↳ 🛡️ **[95%+ COMPOUND LOCK] Under 3.5**  •  100.0%


--- 2026-06-07T08:04:07.937601 ---
🟢 VFL CONFLUENCE LOCKS | STABLE RNG DETECTED 🟢
Matchday 14 🚨

⚔️ **Aston Villa** vs **Brighton**
   ↳ 🛡️ **[95%+ COMPOUND LOCK] Under 3.5**  •  100.0%


--- 2026-06-07T08:12:04.756299 ---
🟢 VFL CONFLUENCE LOCKS | STABLE RNG DETECTED 🟢
Matchday 16 🚨

⚔️ **Everton** vs **Leeds**
   ↳ 🛡️ **[95%+ COMPOUND LOCK] Under 3.5**  •  96.2%


--- 2026-06-07T08:15:09.659869 ---
🟢 VFL CONFLUENCE LOCKS | STABLE RNG DETECTED 🟢
Matchday 17 🚨

⚔️ **Leeds** vs **Fulham**
   ↳ 🎯 **[HIGH ODDS TRAP] Under 2.5**  •  90.0%
   ↳ 🛡️ **[95%+ COMPOUND LOCK] Under 3.5**  •  100.0%

⚔️ **Newcastle** vs **Tottenham**
   ↳ 🛡️ **[95%+ COMPOUND LOCK] Under 3.5**  •  100.0%


--- 2026-06-07T08:19:09.968211 ---
🟢 VFL CONFLUENCE LOCKS | STABLE RNG DETECTED 🟢
Matchday 18 🚨

⚔️ **London Guns** vs **Tottenham**
   ↳ 🛡️ **[95%+ COMPOUND LOCK] Under 3.5**  •  100.0%


--- 2026-06-07T08:26:10.105733 ---
🟢 VFL CONFLUENCE LOCKS | STABLE RNG DETECTED 🟢
Matchday 20 🚨

⚔️ **West Ham** vs **Leeds**
   ↳ 🛡️ **[95%+ COMPOUND LOCK] Under 3.5**  •  95.5%


--- 2026-06-07T08:30:10.201846 ---
🟢 VFL CONFLUENCE LOCKS | STABLE RNG DETECTED 🟢
Matchday 21 🚨

⚔️ **Leeds** vs **Aston Villa**
   ⚠️ **[CHAOS TRAP WARNING]** Do not bet heavily. MSport RNG Target: Macro Trap (T2 vs T1)
   ↳ 🛡️ **[95%+ COMPOUND LOCK] Under 3.5**  •  95.0%


--- 2026-06-07T08:34:05.791245 ---
🟢 VFL CONFLUENCE LOCKS | STABLE RNG DETECTED 🟢
Matchday 22 🚨

⚔️ **London Guns** vs **Everton**
   ⚠️ **[CHAOS TRAP WARNING]** Do not bet heavily. MSport RNG Target: Macro Trap (T3 vs T2)
   ↳ 🛡️ **[95%+ COMPOUND LOCK] Under 3.5**  •  100.0%


--- 2026-06-07T08:37:09.410684 ---
🟢 VFL CONFLUENCE LOCKS | STABLE RNG DETECTED 🟢
Matchday 23 🚨

⚔️ **Wolverhampton** vs **Manchester Blue**
   ⚠️ **[CHAOS TRAP WARNING]** Do not bet heavily. MSport RNG Target: Macro Trap (T3 vs T2)
   ↳ 🛡️ **[95%+ COMPOUND LOCK] Over 1.5**  •  100.0%

⚔️ **Everton** vs **Fulham**
   ↳ 🎯 **[HIGH ODDS TRAP] 1X2 Home Win**  •  93.8%


--- 2026-06-07T08:56:06.444843 ---
🟢 VFL CONFLUENCE LOCKS | STABLE RNG DETECTED 🟢
Matchday 28 🚨

⚔️ **Chelsea** vs **Tottenham**
   ⚠️ **[CHAOS TRAP WARNING]** Do not bet heavily. MSport RNG Target: Macro Trap (T3 vs T2)
   ↳ 🛡️ **[95%+ COMPOUND LOCK] Over 1.5**  •  100.0%


--- 2026-06-07T09:03:12.338467 ---
🟢 VFL CONFLUENCE LOCKS | STABLE RNG DETECTED 🟢
Matchday 30 🚨

⚔️ **Chelsea** vs **Everton**
   ↳ 🛡️ **[95%+ COMPOUND LOCK] Under 3.5**  •  95.0%


--- 2026-06-07T09:06:11.909660 ---
🟢 VFL CONFLUENCE LOCKS | STABLE RNG DETECTED 🟢
Matchday 1 🚨

⚔️ **Aston Villa** vs **Crystal Palace**
   ↳ 🎯 **[HIGH ODDS TRAP] 1X2 Home Win**  •  94.7%


--- 2026-06-07T09:23:03.354200 ---
🟢 VFL CONFLUENCE LOCKS | STABLE RNG DETECTED 🟢
Matchday 5 🚨

⚔️ **Brighton** vs **Everton**
   ↳ 🛡️ **[95%+ COMPOUND LOCK] Under 3.5**  •  100.0%


--- 2026-06-07T09:27:07.815901 ---
🟢 VFL CONFLUENCE LOCKS | STABLE RNG DETECTED 🟢
Matchday 6 🚨

⚔️ **Crystal Palace** vs **West Ham**
   ↳ 🛡️ **[95%+ COMPOUND LOCK] Over 1.5**  •  100.0%


--- 2026-06-07T09:34:07.215205 ---
🟢 VFL CONFLUENCE LOCKS | STABLE RNG DETECTED 🟢
Matchday 8 🚨

⚔️ **Aston Villa** vs **Leeds**
   ↳ 🛡️ **[95%+ COMPOUND LOCK] Under 3.5**  •  96.6%


--- 2026-06-07T09:38:06.959014 ---
🟢 VFL CONFLUENCE LOCKS | STABLE RNG DETECTED 🟢
Matchday 9 🚨

⚔️ **West Ham** vs **Aston Villa**
   ⚠️ **[CHAOS TRAP WARNING]** Do not bet heavily. MSport RNG Target: Macro Trap (T2 vs T1)
   ↳ 🛡️ **[95%+ COMPOUND LOCK] Under 3.5**  •  100.0%


--- 2026-06-07T09:42:04.235205 ---
🟢 VFL CONFLUENCE LOCKS | STABLE RNG DETECTED 🟢
Matchday 10 🚨

⚔️ **Aston Villa** vs **Brighton**
   ↳ 🛡️ **[95%+ COMPOUND LOCK] Under 3.5**  •  100.0%


--- 2026-06-07T09:45:07.729011 ---
🟢 VFL CONFLUENCE LOCKS | STABLE RNG DETECTED 🟢
Matchday 11 🚨

⚔️ **Tottenham** vs **Aston Villa**
   ↳ 🛡️ **[95%+ COMPOUND LOCK] Under 3.5**  •  96.6%


--- 2026-06-07T09:49:07.860083 ---
🟢 VFL CONFLUENCE LOCKS | STABLE RNG DETECTED 🟢
Matchday 12 🚨

⚔️ **Newcastle** vs **Wolverhampton**
   ↳ 🛡️ **[95%+ COMPOUND LOCK] Over 1.5**  •  100.0%


--- 2026-06-07T09:53:04.206640 ---
🟢 VFL CONFLUENCE LOCKS | STABLE RNG DETECTED 🟢
Matchday 13 🚨

⚔️ **Manchester Blue** vs **Fulham**
   ↳ 🎯 **[HIGH ODDS TRAP] 1X2 Home Win**  •  86.7%


--- 2026-06-07T09:56:07.857031 ---
🟢 VFL CONFLUENCE LOCKS | STABLE RNG DETECTED 🟢
Matchday 14 🚨

⚔️ **Leeds** vs **Brighton**
   ↳ 🛡️ **[95%+ COMPOUND LOCK] Under 3.5**  •  95.2%

⚔️ **Liverpool** vs **West Ham**
   ↳ 🛡️ **[95%+ COMPOUND LOCK] Over 1.5**  •  95.0%


--- 2026-06-07T10:00:09.351957 ---
🟢 VFL CONFLUENCE LOCKS | STABLE RNG DETECTED 🟢
Matchday 15 🚨

⚔️ **Everton** vs **Fulham**
   ↳ 🎯 **[HIGH ODDS TRAP] Under 2.5**  •  90.0%


--- 2026-06-07T10:04:05.473792 ---
🟢 VFL CONFLUENCE LOCKS | STABLE RNG DETECTED 🟢
Matchday 16 🚨

⚔️ **Manchester Blue** vs **Leeds**
   ↳ 🎯 **[HIGH ODDS TRAP] 1X2 Home Win**  •  100.0%
   ↳ 🛡️ **[95%+ COMPOUND LOCK] Over 1.5**  •  100.0%


--- 2026-06-07T10:11:09.443210 ---
🟢 VFL CONFLUENCE LOCKS | STABLE RNG DETECTED 🟢
Matchday 18 🚨

⚔️ **Everton** vs **Leeds**
   ⚠️ **[CHAOS TRAP WARNING]** Do not bet heavily. MSport RNG Target: Macro Trap (T1 vs T3)
   ↳ 🛡️ **[95%+ COMPOUND LOCK] Under 3.5**  •  100.0%


--- 2026-06-07T10:18:11.449334 ---
🟢 VFL CONFLUENCE LOCKS | STABLE RNG DETECTED 🟢
Matchday 20 🚨

⚔️ **Manchester Red** vs **Bournemouth**
   ⚠️ **[CHAOS TRAP WARNING]** Do not bet heavily. MSport RNG Target: Macro Trap (T1 vs T3)
   ↳ 🎯 **[HIGH ODDS TRAP] 1X2 Home Win**  •  89.3%

⚔️ **Newcastle** vs **Chelsea**
   ↳ 🛡️ **[95%+ COMPOUND LOCK] Over 1.5**  •  100.0%


--- 2026-06-07T10:25:09.098758 ---
🟢 VFL CONFLUENCE LOCKS | STABLE RNG DETECTED 🟢
Matchday 21 🚨

⚔️ **Brighton** vs **London Guns**
   ⚠️ **[CHAOS TRAP WARNING]** Do not bet heavily. MSport RNG Target: Macro Trap (T3 vs T2)
   ↳ 🛡️ **[95%+ COMPOUND LOCK] Under 3.5**  •  100.0%

⚔️ **West Ham** vs **Crystal Palace**
   ↳ 🎯 **[HIGH ODDS TRAP] 1X2 Home Win**  •  100.0%


--- 2026-06-07T10:40:09.858730 ---
🟢 VFL CONFLUENCE LOCKS | STABLE RNG DETECTED 🟢
Matchday 26 🚨

⚔️ **Bournemouth** vs **Leeds**
   ↳ 🛡️ **[95%+ COMPOUND LOCK] Under 3.5**  •  96.7%


--- 2026-06-07T10:59:06.446843 ---
🟢 VFL CONFLUENCE LOCKS | STABLE RNG DETECTED 🟢
Matchday 1 🚨

⚔️ **Tottenham** vs **Brighton**
   ↳ 🛡️ **[95%+ COMPOUND LOCK] Under 3.5**  •  100.0%


--- 2026-06-07T11:08:02.369357 ---
🟢 VFL CONFLUENCE LOCKS | STABLE RNG DETECTED 🟢
Matchday 3 🚨

⚔️ **Manchester Blue** vs **Newcastle**
   ↳ 🛡️ **[95%+ COMPOUND LOCK] Over 1.5**  •  96.4%

⚔️ **Wolverhampton** vs **Manchester Red**
   ↳ 🛡️ **[95%+ COMPOUND LOCK] Over 1.5**  •  100.0%


--- 2026-06-07T11:12:07.728027 ---
🟢 VFL CONFLUENCE LOCKS | STABLE RNG DETECTED 🟢
Matchday 4 🚨

⚔️ **Manchester Red** vs **London Guns**
   ⚠️ **[CHAOS TRAP WARNING]** Do not bet heavily. MSport RNG Target: Macro Trap (T1 vs T3)
   ↳ 🎯 **[HIGH ODDS TRAP] Over 2.5**  •  90.0%
   ↳ 🛡️ **[95%+ COMPOUND LOCK] Over 1.5**  •  100.0%


--- 2026-06-07T11:33:07.347869 ---
🟢 VFL CONFLUENCE LOCKS | STABLE RNG DETECTED 🟢
Matchday 9 🚨

⚔️ **London Guns** vs **Crystal Palace**
   ↳ 🎯 **[HIGH ODDS TRAP] 1X2 Home Win**  •  90.0%


--- 2026-06-07T11:37:07.964217 ---
🟢 VFL CONFLUENCE LOCKS | STABLE RNG DETECTED 🟢
Matchday 11 🚨

⚔️ **Wolverhampton** vs **Manchester Blue**
   ⚠️ **[CHAOS TRAP WARNING]** Do not bet heavily. MSport RNG Target: Macro Trap (T3 vs T2)
   ↳ 🛡️ **[95%+ COMPOUND LOCK] Over 1.5**  •  100.0%


--- 2026-06-07T11:41:07.739631 ---
🟢 VFL CONFLUENCE LOCKS | STABLE RNG DETECTED 🟢
Matchday 12 🚨

⚔️ **Aston Villa** vs **Leeds**
   ⚠️ **[CHAOS TRAP WARNING]** Do not bet heavily. MSport RNG Target: Macro Trap (T1 vs T3)
   ↳ 🛡️ **[95%+ COMPOUND LOCK] Under 3.5**  •  100.0%


--- 2026-06-07T11:52:10.083651 ---
🟢 VFL CONFLUENCE LOCKS | STABLE RNG DETECTED 🟢
Matchday 15 🚨

⚔️ **Everton** vs **Leeds**
   ↳ 🛡️ **[95%+ COMPOUND LOCK] Under 3.5**  •  95.3%


--- 2026-06-07T11:59:08.078698 ---
🟢 VFL CONFLUENCE LOCKS | STABLE RNG DETECTED 🟢
Matchday 17 🚨

⚔️ **Manchester Blue** vs **Brighton**
   ↳ 🎯 **[HIGH ODDS TRAP] 1X2 Home Win**  •  93.3%
   ↳ 🛡️ **[95%+ COMPOUND LOCK] Over 1.5**  •  100.0%


--- 2026-06-07T12:14:10.186680 ---
🟢 VFL CONFLUENCE LOCKS | STABLE RNG DETECTED 🟢
Matchday 21 🚨

⚔️ **Tottenham** vs **Aston Villa**
   ↳ 🛡️ **[95%+ COMPOUND LOCK] Under 3.5**  •  96.6%


--- 2026-06-07T12:25:11.181734 ---
🟢 VFL CONFLUENCE LOCKS | STABLE RNG DETECTED 🟢
Matchday 24 🚨

⚔️ **Fulham** vs **Everton**
   ↳ 🛡️ **[95%+ COMPOUND LOCK] Under 3.5**  •  97.3%


--- 2026-06-07T12:36:10.851136 ---
🟢 VFL CONFLUENCE LOCKS | STABLE RNG DETECTED 🟢
Matchday 27 🚨

⚔️ **Everton** vs **Tottenham**
   ⚠️ **[CHAOS TRAP WARNING]** Do not bet heavily. MSport RNG Target: Macro Trap (T3 vs T2)
   ↳ 🛡️ **[95%+ COMPOUND LOCK] Under 3.5**  •  96.0%

⚔️ **Leeds** vs **Aston Villa**
   ⚠️ **[CHAOS TRAP WARNING]** Do not bet heavily. MSport RNG Target: Macro Trap (T3 vs T2)
   ↳ 🛡️ **[95%+ COMPOUND LOCK] Under 3.5**  •  95.2%


--- 2026-06-07T13:00:02.994753 ---
🟢 VFL CONFLUENCE LOCKS | STABLE RNG DETECTED 🟢
Matchday 3 🚨

⚔️ **Tottenham** vs **Brighton**
   ↳ 🛡️ **[95%+ COMPOUND LOCK] Over 1.5**  •  100.0%


--- 2026-06-07T13:11:06.741764 ---
🟢 VFL CONFLUENCE LOCKS | STABLE RNG DETECTED 🟢
Matchday 6 🚨

⚔️ **Leeds** vs **Everton**
   ⚠️ **[CHAOS TRAP WARNING]** Do not bet heavily. MSport RNG Target: Macro Trap (T3 vs T2)
   ↳ 🛡️ **[95%+ COMPOUND LOCK] Under 3.5**  •  95.5%


--- 2026-06-07T13:26:03.352363 ---
🟢 VFL CONFLUENCE LOCKS | STABLE RNG DETECTED 🟢
Matchday 10 🚨

⚔️ **Manchester Blue** vs **Wolverhampton**
   ↳ 🎯 **[HIGH ODDS TRAP] 1X2 Home Win**  •  87.5%
   ↳ 🎯 **[HIGH ODDS TRAP] Over 2.5**  •  91.7%
   ↳ 🛡️ **[95%+ COMPOUND LOCK] Over 1.5**  •  95.8%

⚔️ **Leeds** vs **Fulham**
   ↳ 🎯 **[HIGH ODDS TRAP] Under 2.5**  •  91.7%
   ↳ 🛡️ **[95%+ COMPOUND LOCK] Under 3.5**  •  100.0%


--- 2026-06-07T13:29:08.416341 ---
🟢 VFL CONFLUENCE LOCKS | STABLE RNG DETECTED 🟢
Matchday 11 🚨

⚔️ **Chelsea** vs **Tottenham**
   ⚠️ **[CHAOS TRAP WARNING]** Do not bet heavily. MSport RNG Target: Macro Trap (T2 vs T1)
   ↳ 🛡️ **[95%+ COMPOUND LOCK] Under 3.5**  •  100.0%


--- 2026-06-07T13:40:07.667972 ---
🟢 VFL CONFLUENCE LOCKS | STABLE RNG DETECTED 🟢
Matchday 14 🚨

⚔️ **Aston Villa** vs **Brighton**
   ↳ 🛡️ **[95%+ COMPOUND LOCK] Under 3.5**  •  100.0%

⚔️ **Liverpool** vs **Bournemouth**
   ↳ 🎯 **[HIGH ODDS TRAP] 1X2 Home Win**  •  85.7%


--- 2026-06-07T13:44:08.600343 ---
🟢 VFL CONFLUENCE LOCKS | STABLE RNG DETECTED 🟢
Matchday 15 🚨

⚔️ **Brighton** vs **Leeds**
   ↳ 🛡️ **[95%+ COMPOUND LOCK] Under 3.5**  •  100.0%


--- 2026-06-07T13:48:04.963065 ---
🟢 VFL CONFLUENCE LOCKS | STABLE RNG DETECTED 🟢
Matchday 16 🚨

⚔️ **Aston Villa** vs **Leeds**
   ↳ 🛡️ **[95%+ COMPOUND LOCK] Under 3.5**  •  95.5%


--- 2026-06-07T13:51:08.774834 ---
🟢 VFL CONFLUENCE LOCKS | STABLE RNG DETECTED 🟢
Matchday 17 🚨

⚔️ **London Guns** vs **Bournemouth**
   ↳ 🎯 **[HIGH ODDS TRAP] 1X2 Home Win**  •  85.0%


--- 2026-06-07T13:59:04.967396 ---
🟢 VFL CONFLUENCE LOCKS | STABLE RNG DETECTED 🟢
Matchday 19 🚨

⚔️ **Tottenham** vs **Aston Villa**
   ⚠️ **[CHAOS TRAP WARNING]** Do not bet heavily. MSport RNG Target: Macro Trap (T1 vs T3)
   ↳ 🛡️ **[95%+ COMPOUND LOCK] Under 3.5**  •  100.0%

⚔️ **Fulham** vs **West Ham**
   ⚠️ **[CHAOS TRAP WARNING]** Do not bet heavily. MSport RNG Target: Macro Trap (T3 vs T2)
   ↳ 🎯 **[HIGH ODDS TRAP] Under 2.5**  •  90.0%
   ↳ 🛡️ **[95%+ COMPOUND LOCK] Under 3.5**  •  100.0%


--- 2026-06-07T14:06:09.596769 ---
🟢 VFL CONFLUENCE LOCKS | STABLE RNG DETECTED 🟢
Matchday 21 🚨

⚔️ **London Guns** vs **Aston Villa**
   ⚠️ **[CHAOS TRAP WARNING]** Do not bet heavily. MSport RNG Target: Macro Trap (T3 vs T2)
   ↳ 🛡️ **[95%+ COMPOUND LOCK] Under 3.5**  •  100.0%


--- 2026-06-07T14:13:10.602233 ---
🟢 VFL CONFLUENCE LOCKS | STABLE RNG DETECTED 🟢
Matchday 23 🚨

⚔️ **Fulham** vs **Brighton**
   ↳ 🛡️ **[95%+ COMPOUND LOCK] Under 3.5**  •  100.0%


--- 2026-06-07T14:35:10.597555 ---
🟢 VFL CONFLUENCE LOCKS | STABLE RNG DETECTED 🟢
Matchday 29 🚨

⚔️ **Brighton** vs **Aston Villa**
   ↳ 🎯 **[HIGH ODDS TRAP] Under 2.5**  •  94.7%

⚔️ **Wolverhampton** vs **London Guns**
   ⚠️ **[CHAOS TRAP WARNING]** Do not bet heavily. MSport RNG Target: Macro Trap (T3 vs T2)
   ↳ 🛡️ **[95%+ COMPOUND LOCK] Over 1.5**  •  100.0%


--- 2026-06-07T14:52:02.580980 ---
🟢 VFL CONFLUENCE LOCKS | STABLE RNG DETECTED 🟢
Matchday 3 🚨

⚔️ **Brighton** vs **Fulham**
   ↳ 🛡️ **[95%+ COMPOUND LOCK] Under 3.5**  •  100.0%


--- 2026-06-07T15:03:08.687232 ---
🟢 VFL CONFLUENCE LOCKS | STABLE RNG DETECTED 🟢
Matchday 6 🚨

⚔️ **Newcastle** vs **Wolverhampton**
   ↳ 🛡️ **[95%+ COMPOUND LOCK] Over 1.5**  •  100.0%


--- 2026-06-07T15:07:03.495237 ---
🟢 VFL CONFLUENCE LOCKS | STABLE RNG DETECTED 🟢
Matchday 7 🚨

⚔️ **London Guns** vs **Chelsea**
   ↳ 🛡️ **[95%+ COMPOUND LOCK] Over 1.5**  •  100.0%

⚔️ **Tottenham** vs **Newcastle**
   ⚠️ **[CHAOS TRAP WARNING]** Do not bet heavily. MSport RNG Target: Macro Trap (T1 vs T3)
   ↳ 🎯 **[HIGH ODDS TRAP] 1X2 Home Win**  •  86.7%


--- 2026-06-07T15:14:08.331432 ---
🟢 VFL CONFLUENCE LOCKS | STABLE RNG DETECTED 🟢
Matchday 9 🚨

⚔️ **Manchester Blue** vs **Fulham**
   ↳ 🛡️ **[95%+ COMPOUND LOCK] Over 1.5**  •  100.0%


--- 2026-06-07T15:25:14.423751 ---
🟢 VFL CONFLUENCE LOCKS | STABLE RNG DETECTED 🟢
Matchday 12 🚨

⚔️ **Newcastle** vs **Everton**
   ⚠️ **[CHAOS TRAP WARNING]** Do not bet heavily. MSport RNG Target: Macro Trap (T3 vs T2)
   ↳ 🛡️ **[95%+ COMPOUND LOCK] Under 3.5**  •  96.2%


--- 2026-06-07T15:39:08.037915 ---
🟢 VFL CONFLUENCE LOCKS | STABLE RNG DETECTED 🟢
Matchday 15 🚨

⚔️ **Tottenham** vs **Wolverhampton**
   ↳ 🎯 **[HIGH ODDS TRAP] 1X2 Home Win**  •  87.5%


--- 2026-06-07T15:40:04.776837 ---
🟢 VFL CONFLUENCE LOCKS | STABLE RNG DETECTED 🟢
Matchday 16 🚨

⚔️ **Manchester Blue** vs **Wolverhampton**
   ↳ 🎯 **[HIGH ODDS TRAP] 1X2 Home Win**  •  87.5%
   ↳ 🎯 **[HIGH ODDS TRAP] Over 2.5**  •  92.9%
   ↳ 🛡️ **[95%+ COMPOUND LOCK] Over 1.5**  •  95.8%


--- 2026-06-07T15:43:08.938023 ---
🟢 VFL CONFLUENCE LOCKS | STABLE RNG DETECTED 🟢
Matchday 17 🚨

⚔️ **West Ham** vs **Everton**
   ↳ 🛡️ **[95%+ COMPOUND LOCK] Under 3.5**  •  100.0%


--- 2026-06-07T16:16:12.917793 ---
🟢 VFL CONFLUENCE LOCKS | STABLE RNG DETECTED 🟢
Matchday 26 🚨

⚔️ **Leeds** vs **Everton**
   ↳ 🛡️ **[95%+ COMPOUND LOCK] Under 3.5**  •  100.0%


--- 2026-06-07T16:23:10.080112 ---
🟢 VFL CONFLUENCE LOCKS | STABLE RNG DETECTED 🟢
Matchday 28 🚨

⚔️ **Leeds** vs **Newcastle**
   ↳ 🛡️ **[95%+ COMPOUND LOCK] Under 3.5**  •  95.7%


--- 2026-06-07T16:31:10.842739 ---
🟢 VFL CONFLUENCE LOCKS | STABLE RNG DETECTED 🟢
Matchday 30 🚨

⚔️ **London Guns** vs **Bournemouth**
   ↳ 🎯 **[HIGH ODDS TRAP] 1X2 Home Win**  •  87.5%


--- 2026-06-07T16:48:07.413232 ---
🟢 VFL CONFLUENCE LOCKS | STABLE RNG DETECTED 🟢
Matchday 4 🚨

⚔️ **Manchester Blue** vs **Leeds**
   ↳ 🎯 **[HIGH ODDS TRAP] 1X2 Home Win**  •  90.0%
   ↳ 🛡️ **[95%+ COMPOUND LOCK] Over 1.5**  •  100.0%


--- 2026-06-07T16:51:03.490945 ---
🟢 VFL CONFLUENCE LOCKS | STABLE RNG DETECTED 🟢
Matchday 5 🚨

⚔️ **Leeds** vs **Aston Villa**
   ⚠️ **[CHAOS TRAP WARNING]** Do not bet heavily. MSport RNG Target: Macro Trap (T2 vs T1)
   ↳ 🛡️ **[95%+ COMPOUND LOCK] Under 3.5**  •  95.0%


--- 2026-06-07T16:59:02.814005 ---
🟢 VFL CONFLUENCE LOCKS | STABLE RNG DETECTED 🟢
Matchday 7 🚨

⚔️ **Newcastle** vs **Wolverhampton**
   ↳ 🛡️ **[95%+ COMPOUND LOCK] Over 1.5**  •  95.0%


--- 2026-06-07T17:02:08.214816 ---
🟢 VFL CONFLUENCE LOCKS | STABLE RNG DETECTED 🟢
Matchday 8 🚨

⚔️ **Fulham** vs **Newcastle**
   ↳ 🎯 **[HIGH ODDS TRAP] Under 2.5**  •  90.0%
   ↳ 🛡️ **[95%+ COMPOUND LOCK] Under 3.5**  •  100.0%

⚔️ **Manchester Blue** vs **Crystal Palace**
   ↳ 🛡️ **[95%+ COMPOUND LOCK] Over 1.5**  •  100.0%


--- 2026-06-07T17:10:03.647768 ---
🟢 VFL CONFLUENCE LOCKS | STABLE RNG DETECTED 🟢
Matchday 10 🚨

⚔️ **Wolverhampton** vs **London Guns**
   ↳ 🛡️ **[95%+ COMPOUND LOCK] Over 1.5**  •  100.0%

⚔️ **Liverpool** vs **Bournemouth**
   ↳ 🛡️ **[95%+ COMPOUND LOCK] Over 1.5**  •  100.0%


--- 2026-06-07T17:13:08.038006 ---
🟢 VFL CONFLUENCE LOCKS | STABLE RNG DETECTED 🟢
Matchday 11 🚨

⚔️ **Wolverhampton** vs **Tottenham**
   ⚠️ **[CHAOS TRAP WARNING]** Do not bet heavily. MSport RNG Target: Specific Team Chaos
   ↳ 🛡️ **[95%+ COMPOUND LOCK] Under 3.5**  •  100.0%


--- 2026-06-07T17:20:08.932914 ---
🟢 VFL CONFLUENCE LOCKS | STABLE RNG DETECTED 🟢
Matchday 12 🚨

⚔️ **Leeds** vs **Newcastle**
   ↳ 🎯 **[HIGH ODDS TRAP] Under 2.5**  •  91.7%
   ↳ 🛡️ **[95%+ COMPOUND LOCK] Under 3.5**  •  100.0%


--- 2026-06-07T17:24:08.984661 ---
🟢 VFL CONFLUENCE LOCKS | STABLE RNG DETECTED 🟢
Matchday 14 🚨

⚔️ **Leeds** vs **Everton**
   ↳ 🛡️ **[95%+ COMPOUND LOCK] Under 3.5**  •  95.8%


--- 2026-06-07T17:35:08.067844 ---
🟢 VFL CONFLUENCE LOCKS | STABLE RNG DETECTED 🟢
Matchday 17 🚨

⚔️ **Manchester Red** vs **London Guns**
   ⚠️ **[CHAOS TRAP WARNING]** Do not bet heavily. MSport RNG Target: Macro Trap (T1 vs T3)
   ↳ 🎯 **[HIGH ODDS TRAP] 1X2 Home Win**  •  85.7%

⚔️ **Leeds** vs **Fulham**
   ↳ 🛡️ **[95%+ COMPOUND LOCK] Under 3.5**  •  96.6%


--- 2026-06-07T17:39:09.481390 ---
🟢 VFL CONFLUENCE LOCKS | STABLE RNG DETECTED 🟢
Matchday 18 🚨

⚔️ **Liverpool** vs **Leeds**
   ⚠️ **[CHAOS TRAP WARNING]** Do not bet heavily. MSport RNG Target: Macro Trap (T1 vs T3)
   ↳ 🎯 **[HIGH ODDS TRAP] 1X2 Home Win**  •  88.9%

⚔️ **Wolverhampton** vs **Manchester Red**
   ↳ 🛡️ **[95%+ COMPOUND LOCK] Over 1.5**  •  100.0%


--- 2026-06-07T17:46:09.236420 ---
🟢 VFL CONFLUENCE LOCKS | STABLE RNG DETECTED 🟢
Matchday 20 🚨

⚔️ **Aston Villa** vs **Leeds**
   ⚠️ **[CHAOS TRAP WARNING]** Do not bet heavily. MSport RNG Target: Macro Trap (T1 vs T3)
   ↳ 🛡️ **[95%+ COMPOUND LOCK] Under 3.5**  •  95.2%

⚔️ **Fulham** vs **West Ham**
   ⚠️ **[CHAOS TRAP WARNING]** Do not bet heavily. MSport RNG Target: Specific Team Chaos
   ↳ 🛡️ **[95%+ COMPOUND LOCK] Under 3.5**  •  100.0%

⚔️ **Everton** vs **Newcastle**
   ↳ 🎯 **[HIGH ODDS TRAP] Under 2.5**  •  90.9%
   ↳ 🛡️ **[95%+ COMPOUND LOCK] Under 3.5**  •  100.0%


--- 2026-06-07T18:39:03.136782 ---
🟢 VFL CONFLUENCE LOCKS | STABLE RNG DETECTED 🟢
Matchday 3 🚨

⚔️ **Bournemouth** vs **Everton**
   ↳ 🛡️ **[95%+ COMPOUND LOCK] Under 3.5**  •  100.0%


--- 2026-06-07T18:40:06.652326 ---
🟢 VFL CONFLUENCE LOCKS | STABLE RNG DETECTED 🟢
Matchday 4 🚨

⚔️ **Brighton** vs **Fulham**
   ↳ 🛡️ **[95%+ COMPOUND LOCK] Under 3.5**  •  100.0%


--- 2026-06-07T18:43:03.068802 ---
🟢 VFL CONFLUENCE LOCKS | STABLE RNG DETECTED 🟢
Matchday 5 🚨

⚔️ **Tottenham** vs **Bournemouth**
   ↳ 🛡️ **[95%+ COMPOUND LOCK] Over 1.5**  •  100.0%

⚔️ **Fulham** vs **West Ham**
   ⚠️ **[CHAOS TRAP WARNING]** Do not bet heavily. MSport RNG Target: Specific Team Chaos
   ↳ 🛡️ **[95%+ COMPOUND LOCK] Under 3.5**  •  100.0%


--- 2026-06-07T19:02:04.232301 ---
🟢 VFL CONFLUENCE LOCKS | STABLE RNG DETECTED 🟢
Matchday 10 🚨

⚔️ **Everton** vs **Liverpool**
   ⚠️ **[CHAOS TRAP WARNING]** Do not bet heavily. MSport RNG Target: Macro Trap (T3 vs T2)
   ↳ 🛡️ **[95%+ COMPOUND LOCK] Under 3.5**  •  95.0%


--- 2026-06-07T19:09:09.298508 ---
🟢 VFL CONFLUENCE LOCKS | STABLE RNG DETECTED 🟢
Matchday 12 🚨

⚔️ **Everton** vs **London Guns**
   ↳ 🎯 **[HIGH ODDS TRAP] Under 2.5**  •  93.8%
   ↳ 🛡️ **[95%+ COMPOUND LOCK] Under 3.5**  •  100.0%

⚔️ **Manchester Blue** vs **Crystal Palace**
   ⚠️ **[CHAOS TRAP WARNING]** Do not bet heavily. MSport RNG Target: Macro Trap (T1 vs T3)
   ↳ 🛡️ **[95%+ COMPOUND LOCK] Over 1.5**  •  97.1%


--- 2026-06-07T19:13:03.889890 ---
🟢 VFL CONFLUENCE LOCKS | STABLE RNG DETECTED 🟢
Matchday 13 🚨

⚔️ **Aston Villa** vs **Everton**
   ↳ 🛡️ **[95%+ COMPOUND LOCK] Under 3.5**  •  100.0%


--- 2026-06-07T19:27:09.411690 ---
🟢 VFL CONFLUENCE LOCKS | STABLE RNG DETECTED 🟢
Matchday 17 🚨

⚔️ **Crystal Palace** vs **Leeds**
   ↳ 🛡️ **[95%+ COMPOUND LOCK] Under 3.5**  •  95.8%

⚔️ **Fulham** vs **London Guns**
   ↳ 🛡️ **[95%+ COMPOUND LOCK] Under 3.5**  •  96.2%


--- 2026-06-07T19:31:09.432326 ---
🟢 VFL CONFLUENCE LOCKS | STABLE RNG DETECTED 🟢
Matchday 18 🚨

⚔️ **Leeds** vs **Manchester Red**
   ↳ 🛡️ **[95%+ COMPOUND LOCK] Under 3.5**  •  100.0%


--- 2026-06-07T19:46:05.342459 ---
🟢 VFL CONFLUENCE LOCKS | STABLE RNG DETECTED 🟢
Matchday 22 🚨

⚔️ **Aston Villa** vs **Leeds**
   ↳ 🛡️ **[95%+ COMPOUND LOCK] Under 3.5**  •  95.5%


--- 2026-06-07T20:07:10.681061 ---
🟢 VFL CONFLUENCE LOCKS | STABLE RNG DETECTED 🟢
Matchday 28 🚨

⚔️ **Everton** vs **Aston Villa**
   ⚠️ **[CHAOS TRAP WARNING]** Do not bet heavily. MSport RNG Target: Macro Trap (T3 vs T2)
   ↳ 🛡️ **[95%+ COMPOUND LOCK] Under 3.5**  •  95.0%


--- 2026-06-07T20:11:11.158011 ---
🟢 VFL CONFLUENCE LOCKS | STABLE RNG DETECTED 🟢
Matchday 29 🚨

⚔️ **Manchester Red** vs **Fulham**
   ↳ 🎯 **[HIGH ODDS TRAP] 1X2 Home Win**  •  85.7%

⚔️ **West Ham** vs **Wolverhampton**
   ↳ 🛡️ **[95%+ COMPOUND LOCK] Over 1.5**  •  95.8%


--- 2026-06-07T20:28:02.492068 ---
🟢 VFL CONFLUENCE LOCKS | STABLE RNG DETECTED 🟢
Matchday 3 🚨

⚔️ **Everton** vs **Leeds**
   ↳ 🛡️ **[95%+ COMPOUND LOCK] Under 3.5**  •  95.2%


--- 2026-06-07T20:39:07.770735 ---
🟢 VFL CONFLUENCE LOCKS | STABLE RNG DETECTED 🟢
Matchday 6 🚨

⚔️ **Manchester Red** vs **Fulham**
   ↳ 🎯 **[HIGH ODDS TRAP] 1X2 Home Win**  •  85.7%


--- 2026-06-07T20:43:03.205092 ---
🟢 VFL CONFLUENCE LOCKS | STABLE RNG DETECTED 🟢
Matchday 7 🚨

⚔️ **Everton** vs **Manchester Red**
   ↳ 🛡️ **[95%+ COMPOUND LOCK] Under 3.5**  •  100.0%


--- 2026-06-07T20:53:08.062666 ---
🟢 VFL CONFLUENCE LOCKS | STABLE RNG DETECTED 🟢
Matchday 9 🚨

⚔️ **Leeds** vs **Manchester Red**
   ↳ 🛡️ **[95%+ COMPOUND LOCK] Under 3.5**  •  100.0%


--- 2026-06-07T20:54:03.828181 ---
🟢 VFL CONFLUENCE LOCKS | STABLE RNG DETECTED 🟢
Matchday 10 🚨

⚔️ **West Ham** vs **Everton**
   ↳ 🛡️ **[95%+ COMPOUND LOCK] Under 3.5**  •  100.0%


--- 2026-06-07T20:57:07.586874 ---
🟢 VFL CONFLUENCE LOCKS | STABLE RNG DETECTED 🟢
Matchday 11 🚨

⚔️ **Everton** vs **Tottenham**
   ⚠️ **[CHAOS TRAP WARNING]** Do not bet heavily. MSport RNG Target: Macro Trap (T3 vs T2)
   ↳ 🛡️ **[95%+ COMPOUND LOCK] Under 3.5**  •  96.0%


--- 2026-06-07T21:01:10.895812 ---
🟢 VFL CONFLUENCE LOCKS | STABLE RNG DETECTED 🟢
Matchday 12 🚨

⚔️ **Brighton** vs **Aston Villa**
   ↳ 🎯 **[HIGH ODDS TRAP] Under 2.5**  •  94.7%


--- 2026-06-07T21:27:05.798053 ---
🟢 VFL CONFLUENCE LOCKS | STABLE RNG DETECTED 🟢
Matchday 19 🚨

⚔️ **Everton** vs **Liverpool**
   ↳ 🛡️ **[95%+ COMPOUND LOCK] Under 3.5**  •  96.2%


--- 2026-06-07T21:41:09.193188 ---
🟢 VFL CONFLUENCE LOCKS | STABLE RNG DETECTED 🟢
Matchday 23 🚨

⚔️ **Everton** vs **Brighton**
   ↳ 🛡️ **[95%+ COMPOUND LOCK] Under 3.5**  •  95.6%


--- 2026-06-07T21:56:09.406878 ---
🟢 VFL CONFLUENCE LOCKS | STABLE RNG DETECTED 🟢
Matchday 27 🚨

⚔️ **Aston Villa** vs **Brighton**
   ⚠️ **[CHAOS TRAP WARNING]** Do not bet heavily. MSport RNG Target: Macro Trap (T1 vs T3)
   ↳ 🛡️ **[95%+ COMPOUND LOCK] Under 3.5**  •  95.0%


--- 2026-06-07T22:10:10.843630 ---
🟢 VFL CONFLUENCE LOCKS | STABLE RNG DETECTED 🟢
Matchday 1 🚨

⚔️ **Leeds** vs **Wolverhampton**
   ↳ 🛡️ **[95%+ COMPOUND LOCK] Under 3.5**  •  100.0%


--- 2026-06-07T22:20:02.516352 ---
🟢 VFL CONFLUENCE LOCKS | STABLE RNG DETECTED 🟢
Matchday 3 🚨

⚔️ **Leeds** vs **Aston Villa**
   ⚠️ **[CHAOS TRAP WARNING]** Do not bet heavily. MSport RNG Target: Macro Trap (T3 vs T2)
   ↳ 🛡️ **[95%+ COMPOUND LOCK] Under 3.5**  •  95.2%


--- 2026-06-07T22:31:06.613177 ---
🟢 VFL CONFLUENCE LOCKS | STABLE RNG DETECTED 🟢
Matchday 6 🚨

⚔️ **Everton** vs **Leeds**
   ↳ 🎯 **[HIGH ODDS TRAP] Under 2.5**  •  93.9%
   ↳ 🛡️ **[95%+ COMPOUND LOCK] Under 3.5**  •  97.0%


--- 2026-06-07T22:35:03.013540 ---
🟢 VFL CONFLUENCE LOCKS | STABLE RNG DETECTED 🟢
Matchday 7 🚨

⚔️ **Leeds** vs **Bournemouth**
   ↳ 🛡️ **[95%+ COMPOUND LOCK] Under 3.5**  •  95.0%


--- 2026-06-07T22:46:03.394609 ---
🟢 VFL CONFLUENCE LOCKS | STABLE RNG DETECTED 🟢
Matchday 10 🚨

⚔️ **Everton** vs **Manchester Red**
   ↳ 🛡️ **[95%+ COMPOUND LOCK] Under 3.5**  •  100.0%


--- 2026-06-07T22:49:07.899070 ---
🟢 VFL CONFLUENCE LOCKS | STABLE RNG DETECTED 🟢
Matchday 11 🚨

⚔️ **Everton** vs **Wolverhampton**
   ↳ 🛡️ **[95%+ COMPOUND LOCK] Under 3.5**  •  100.0%

⚔️ **Brighton** vs **Fulham**
   ↳ 🛡️ **[95%+ COMPOUND LOCK] Under 3.5**  •  100.0%


--- 2026-06-07T23:04:08.698991 ---
🟢 VFL CONFLUENCE LOCKS | STABLE RNG DETECTED 🟢
Matchday 15 🚨

⚔️ **Liverpool** vs **Wolverhampton**
   ↳ 🛡️ **[95%+ COMPOUND LOCK] Over 1.5**  •  96.0%


--- 2026-06-07T23:15:10.007431 ---
🟢 VFL CONFLUENCE LOCKS | STABLE RNG DETECTED 🟢
Matchday 18 🚨

⚔️ **Aston Villa** vs **Leeds**
   ↳ 🛡️ **[95%+ COMPOUND LOCK] Under 3.5**  •  97.5%


--- 2026-06-07T23:26:11.932417 ---
🟢 VFL CONFLUENCE LOCKS | STABLE RNG DETECTED 🟢
Matchday 21 🚨

⚔️ **Manchester Blue** vs **Wolverhampton**
   ↳ 🎯 **[HIGH ODDS TRAP] 1X2 Home Win**  •  86.7%
   ↳ 🎯 **[HIGH ODDS TRAP] Over 2.5**  •  90.0%
   ↳ 🛡️ **[95%+ COMPOUND LOCK] Over 1.5**  •  96.7%

⚔️ **Leeds** vs **Everton**
   ↳ 🛡️ **[95%+ COMPOUND LOCK] Under 3.5**  •  95.0%


--- 2026-06-07T23:59:09.992060 ---
🟢 VFL CONFLUENCE LOCKS | STABLE RNG DETECTED 🟢
Matchday 30 🚨

⚔️ **Fulham** vs **Everton**
   ↳ 🛡️ **[95%+ COMPOUND LOCK] Under 3.5**  •  97.5%


--- 2026-06-08T00:02:10.994473 ---
🟢 VFL CONFLUENCE LOCKS | STABLE RNG DETECTED 🟢
Matchday 1 🚨

⚔️ **Manchester Blue** vs **West Ham**
   ↳ 🎯 **[HIGH ODDS TRAP] Over 2.5**  •  90.9%


--- 2026-06-08T00:12:02.551422 ---
🟢 VFL CONFLUENCE LOCKS | STABLE RNG DETECTED 🟢
Matchday 3 🚨

⚔️ **Leeds** vs **Wolverhampton**
   ↳ 🛡️ **[95%+ COMPOUND LOCK] Under 3.5**  •  100.0%

⚔️ **Brighton** vs **Bournemouth**
   ↳ 🛡️ **[95%+ COMPOUND LOCK] Under 3.5**  •  100.0%


--- 2026-06-08T00:27:04.123218 ---
🟢 VFL CONFLUENCE LOCKS | STABLE RNG DETECTED 🟢
Matchday 7 🚨

⚔️ **Wolverhampton** vs **Everton**
   ↳ 🛡️ **[95%+ COMPOUND LOCK] Under 3.5**  •  95.5%


--- 2026-06-08T01:03:10.450748 ---
🟢 VFL CONFLUENCE LOCKS | STABLE RNG DETECTED 🟢
Matchday 17 🚨

⚔️ **Crystal Palace** vs **Manchester Red**
   ⚠️ **[CHAOS TRAP WARNING]** Do not bet heavily. MSport RNG Target: Macro Trap (T2 vs T1)
   ↳ 🛡️ **[95%+ COMPOUND LOCK] Under 3.5**  •  95.8%

⚔️ **Leeds** vs **Brighton**
   ↳ 🛡️ **[95%+ COMPOUND LOCK] Under 3.5**  •  95.7%

⚔️ **Fulham** vs **Everton**
   ↳ 🛡️ **[95%+ COMPOUND LOCK] Under 3.5**  •  97.5%


--- 2026-06-08T01:11:05.454118 ---
🟢 VFL CONFLUENCE LOCKS | STABLE RNG DETECTED 🟢
Matchday 19 🚨

⚔️ **Crystal Palace** vs **West Ham**
   ↳ 🛡️ **[95%+ COMPOUND LOCK] Over 1.5**  •  100.0%

⚔️ **Leeds** vs **Manchester Red**
   ↳ 🎯 **[HIGH ODDS TRAP] Under 2.5**  •  92.9%
   ↳ 🛡️ **[95%+ COMPOUND LOCK] Under 3.5**  •  96.4%


--- 2026-06-08T01:29:10.493395 ---
🟢 VFL CONFLUENCE LOCKS | STABLE RNG DETECTED 🟢
Matchday 24 🚨

⚔️ **Manchester Blue** vs **Crystal Palace**
   ⚠️ **[CHAOS TRAP WARNING]** Do not bet heavily. MSport RNG Target: Macro Trap (T1 vs T3)
   ↳ 🛡️ **[95%+ COMPOUND LOCK] Over 1.5**  •  97.1%

⚔️ **Chelsea** vs **Wolverhampton**
   ↳ 🎯 **[HIGH ODDS TRAP] 1X2 Home Win**  •  85.7%


--- 2026-06-08T02:11:02.766082 ---
🟢 VFL CONFLUENCE LOCKS | STABLE RNG DETECTED 🟢
Matchday 5 🚨

⚔️ **Bournemouth** vs **Leeds**
   ↳ 🛡️ **[95%+ COMPOUND LOCK] Under 3.5**  •  96.7%

⚔️ **Fulham** vs **London Guns**
   ↳ 🛡️ **[95%+ COMPOUND LOCK] Under 3.5**  •  96.2%


--- 2026-06-08T02:18:08.875987 ---
🟢 VFL CONFLUENCE LOCKS | STABLE RNG DETECTED 🟢
Matchday 6 🚨

⚔️ **Wolverhampton** vs **Bournemouth**
   ↳ 🛡️ **[95%+ COMPOUND LOCK] Under 3.5**  •  100.0%


--- 2026-06-08T02:19:03.264658 ---
🟢 VFL CONFLUENCE LOCKS | STABLE RNG DETECTED 🟢
Matchday 7 🚨

⚔️ **Aston Villa** vs **Manchester Red**
   ↳ 🛡️ **[95%+ COMPOUND LOCK] Under 3.5**  •  100.0%


--- 2026-06-08T02:33:07.270890 ---
🟢 VFL CONFLUENCE LOCKS | STABLE RNG DETECTED 🟢
Matchday 11 🚨

⚔️ **Manchester Blue** vs **London Guns**
   ⚠️ **[CHAOS TRAP WARNING]** Do not bet heavily. MSport RNG Target: Micro Trap (B vs A)
   ↳ 🛡️ **[95%+ COMPOUND LOCK] Over 1.5**  •  96.6%

⚔️ **Newcastle** vs **Wolverhampton**
   ↳ 🛡️ **[95%+ COMPOUND LOCK] Over 1.5**  •  100.0%


--- 2026-06-08T02:40:06.844631 ---
🟢 VFL CONFLUENCE LOCKS | STABLE RNG DETECTED 🟢
Matchday 12 🚨

⚔️ **Everton** vs **Manchester Blue**
   ⚠️ **[CHAOS TRAP WARNING]** Do not bet heavily. MSport RNG Target: Specific Team Chaos
   ↳ 🛡️ **[95%+ COMPOUND LOCK] Under 3.5**  •  100.0%


--- 2026-06-08T02:41:04.365934 ---
🟢 VFL CONFLUENCE LOCKS | STABLE RNG DETECTED 🟢
Matchday 13 🚨

⚔️ **Manchester Red** vs **Everton**
   ↳ 🎯 **[HIGH ODDS TRAP] 1X2 Home Win**  •  85.7%
   ↳ 🛡️ **[95%+ COMPOUND LOCK] Under 3.5**  •  95.2%

⚔️ **Liverpool** vs **Fulham**
   ↳ 🛡️ **[95%+ COMPOUND LOCK] Under 3.5**  •  95.0%


--- 2026-06-08T02:48:08.456639 ---
🟢 VFL CONFLUENCE LOCKS | STABLE RNG DETECTED 🟢
Matchday 15 🚨

⚔️ **Manchester Blue** vs **Brighton**
   ↳ 🎯 **[HIGH ODDS TRAP] 1X2 Home Win**  •  93.3%
   ↳ 🛡️ **[95%+ COMPOUND LOCK] Over 1.5**  •  100.0%

⚔️ **West Ham** vs **Everton**
   ↳ 🛡️ **[95%+ COMPOUND LOCK] Under 3.5**  •  100.0%


--- 2026-06-08T03:02:09.045256 ---
🟢 VFL CONFLUENCE LOCKS | STABLE RNG DETECTED 🟢
Matchday 18 🚨

⚔️ **Manchester Blue** vs **Crystal Palace**
   ⚠️ **[CHAOS TRAP WARNING]** Do not bet heavily. MSport RNG Target: Macro Trap (T1 vs T3)
   ↳ 🎯 **[HIGH ODDS TRAP] 1X2 Home Win**  •  87.5%
   ↳ 🛡️ **[95%+ COMPOUND LOCK] Over 1.5**  •  95.8%


--- 2026-06-08T03:21:10.278511 ---
🟢 VFL CONFLUENCE LOCKS | STABLE RNG DETECTED 🟢
Matchday 24 🚨

⚔️ **Everton** vs **Liverpool**
   ⚠️ **[CHAOS TRAP WARNING]** Do not bet heavily. MSport RNG Target: Macro Trap (T3 vs T2)
   ↳ 🛡️ **[95%+ COMPOUND LOCK] Under 3.5**  •  100.0%


--- 2026-06-08T03:43:12.835668 ---
🟢 VFL CONFLUENCE LOCKS | STABLE RNG DETECTED 🟢
Matchday 30 🚨

⚔️ **Leeds** vs **Newcastle**
   ↳ 🛡️ **[95%+ COMPOUND LOCK] Under 3.5**  •  95.2%


--- 2026-06-08T03:46:10.906595 ---
🟢 VFL CONFLUENCE LOCKS | STABLE RNG DETECTED 🟢
Matchday 1 🚨

⚔️ **Manchester Blue** vs **Brighton**
   ↳ 🎯 **[HIGH ODDS TRAP] 1X2 Home Win**  •  85.7%


--- 2026-06-08T04:00:08.423255 ---
🟢 VFL CONFLUENCE LOCKS | STABLE RNG DETECTED 🟢
Matchday 4 🚨

⚔️ **Liverpool** vs **Fulham**
   ↳ 🛡️ **[95%+ COMPOUND LOCK] Under 3.5**  •  96.4%


--- 2026-06-08T04:14:08.234888 ---
🟢 VFL CONFLUENCE LOCKS | STABLE RNG DETECTED 🟢
Matchday 8 🚨

⚔️ **Tottenham** vs **Newcastle**
   ↳ 🎯 **[HIGH ODDS TRAP] 1X2 Home Win**  •  85.7%


--- 2026-06-08T04:25:08.639867 ---
🟢 VFL CONFLUENCE LOCKS | STABLE RNG DETECTED 🟢
Matchday 11 🚨

⚔️ **Manchester Blue** vs **Crystal Palace**
   ⚠️ **[CHAOS TRAP WARNING]** Do not bet heavily. MSport RNG Target: Macro Trap (T1 vs T3)
   ↳ 🛡️ **[95%+ COMPOUND LOCK] Over 1.5**  •  97.1%


--- 2026-06-08T04:40:08.132385 ---
🟢 VFL CONFLUENCE LOCKS | STABLE RNG DETECTED 🟢
Matchday 15 🚨

⚔️ **Leeds** vs **Crystal Palace**
   ↳ 🛡️ **[95%+ COMPOUND LOCK] Under 3.5**  •  97.3%

⚔️ **Aston Villa** vs **Brighton**
   ↳ 🛡️ **[95%+ COMPOUND LOCK] Under 3.5**  •  95.8%


--- 2026-06-08T04:51:08.634399 ---
🟢 VFL CONFLUENCE LOCKS | STABLE RNG DETECTED 🟢
Matchday 18 🚨

⚔️ **West Ham** vs **Wolverhampton**
   ↳ 🛡️ **[95%+ COMPOUND LOCK] Over 1.5**  •  95.8%


--- 2026-06-08T05:16:10.357586 ---
🟢 VFL CONFLUENCE LOCKS | STABLE RNG DETECTED 🟢
Matchday 25 🚨

⚔️ **Manchester Blue** vs **Wolverhampton**
   ↳ 🛡️ **[95%+ COMPOUND LOCK] Over 1.5**  •  96.6%


--- 2026-06-08T05:27:11.288263 ---
🟢 VFL CONFLUENCE LOCKS | STABLE RNG DETECTED 🟢
Matchday 28 🚨

⚔️ **West Ham** vs **Leeds**
   ↳ 🛡️ **[95%+ COMPOUND LOCK] Under 3.5**  •  100.0%


--- 2026-06-08T05:55:02.477296 ---
🟢 VFL CONFLUENCE LOCKS | STABLE RNG DETECTED 🟢
Matchday 5 🚨

⚔️ **Liverpool** vs **Wolverhampton**
   ↳ 🎯 **[HIGH ODDS TRAP] 1X2 Home Win**  •  90.0%


--- 2026-06-08T05:59:06.877055 ---
🟢 VFL CONFLUENCE LOCKS | STABLE RNG DETECTED 🟢
Matchday 6 🚨

⚔️ **Fulham** vs **Everton**
   ↳ 🛡️ **[95%+ COMPOUND LOCK] Under 3.5**  •  97.4%


--- 2026-06-08T06:03:03.677461 ---
🟢 VFL CONFLUENCE LOCKS | STABLE RNG DETECTED 🟢
Matchday 7 🚨

⚔️ **London Guns** vs **Aston Villa**
   ⚠️ **[CHAOS TRAP WARNING]** Do not bet heavily. MSport RNG Target: Macro Trap (T3 vs T2)
   ↳ 🛡️ **[95%+ COMPOUND LOCK] Under 3.5**  •  100.0%


--- 2026-06-08T06:17:07.681798 ---
🟢 VFL CONFLUENCE LOCKS | STABLE RNG DETECTED 🟢
Matchday 11 🚨

⚔️ **Tottenham** vs **Fulham**
   ⚠️ **[CHAOS TRAP WARNING]** Do not bet heavily. MSport RNG Target: Macro Trap (T1 vs T3)
   ↳ 🎯 **[HIGH ODDS TRAP] 1X2 Home Win**  •  91.7%


--- 2026-06-08T06:25:04.066012 ---
🟢 VFL CONFLUENCE LOCKS | STABLE RNG DETECTED 🟢
Matchday 13 🚨

⚔️ **London Guns** vs **Chelsea**
   ↳ 🛡️ **[95%+ COMPOUND LOCK] Over 1.5**  •  100.0%


--- 2026-06-08T06:36:04.733802 ---
🟢 VFL CONFLUENCE LOCKS | STABLE RNG DETECTED 🟢
Matchday 16 🚨

⚔️ **Tottenham** vs **Newcastle**
   ⚠️ **[CHAOS TRAP WARNING]** Do not bet heavily. MSport RNG Target: Macro Trap (T1 vs T3)
   ↳ 🎯 **[HIGH ODDS TRAP] 1X2 Home Win**  •  86.7%


--- 2026-06-08T07:01:09.582934 ---
🟢 VFL CONFLUENCE LOCKS | STABLE RNG DETECTED 🟢
Matchday 23 🚨

⚔️ **Tottenham** vs **Aston Villa**
   ↳ 🛡️ **[95%+ COMPOUND LOCK] Under 3.5**  •  96.7%


--- 2026-06-08T07:19:11.277439 ---
🟢 VFL CONFLUENCE LOCKS | STABLE RNG DETECTED 🟢
Matchday 28 🚨

⚔️ **Everton** vs **Tottenham**
   ⚠️ **[CHAOS TRAP WARNING]** Do not bet heavily. MSport RNG Target: Macro Trap (T3 vs T2)
   ↳ 🛡️ **[95%+ COMPOUND LOCK] Under 3.5**  •  96.0%


--- 2026-06-08T07:40:02.985411 ---
🟢 VFL CONFLUENCE LOCKS | STABLE RNG DETECTED 🟢
Matchday 3 🚨

⚔️ **Chelsea** vs **Wolverhampton**
   ↳ 🛡️ **[95%+ COMPOUND LOCK] Over 1.5**  •  100.0%

⚔️ **Aston Villa** vs **Brighton**
   ↳ 🛡️ **[95%+ COMPOUND LOCK] Under 3.5**  •  100.0%


--- 2026-06-08T07:51:06.849377 ---
🟢 VFL CONFLUENCE LOCKS | STABLE RNG DETECTED 🟢
Matchday 6 🚨

⚔️ **Chelsea** vs **Everton**
   ↳ 🛡️ **[95%+ COMPOUND LOCK] Under 3.5**  •  95.0%


--- 2026-06-08T07:55:03.385344 ---
🟢 VFL CONFLUENCE LOCKS | STABLE RNG DETECTED 🟢
Matchday 7 🚨

⚔️ **Newcastle** vs **Chelsea**
   ↳ 🛡️ **[95%+ COMPOUND LOCK] Over 1.5**  •  100.0%

⚔️ **Manchester Blue** vs **Crystal Palace**
   ⚠️ **[CHAOS TRAP WARNING]** Do not bet heavily. MSport RNG Target: Macro Trap (T1 vs T3)
   ↳ 🛡️ **[95%+ COMPOUND LOCK] Over 1.5**  •  97.1%

⚔️ **Everton** vs **Leeds**
   ↳ 🛡️ **[95%+ COMPOUND LOCK] Under 3.5**  •  95.6%


--- 2026-06-08T08:02:08.044536 ---
🟢 VFL CONFLUENCE LOCKS | STABLE RNG DETECTED 🟢
Matchday 9 🚨

⚔️ **Tottenham** vs **Crystal Palace**
   ↳ 🎯 **[HIGH ODDS TRAP] 1X2 Home Win**  •  88.2%

⚔️ **Manchester Blue** vs **Wolverhampton**
   ↳ 🎯 **[HIGH ODDS TRAP] 1X2 Home Win**  •  87.1%
   ↳ 🎯 **[HIGH ODDS TRAP] Over 2.5**  •  90.3%
   ↳ 🛡️ **[95%+ COMPOUND LOCK] Over 1.5**  •  96.8%

⚔️ **Aston Villa** vs **Leeds**
   ⚠️ **[CHAOS TRAP WARNING]** Do not bet heavily. MSport RNG Target: Macro Trap (T1 vs T3)
   ↳ 🛡️ **[95%+ COMPOUND LOCK] Under 3.5**  •  95.3%


--- 2026-06-08T08:09:08.238584 ---
🟢 VFL CONFLUENCE LOCKS | STABLE RNG DETECTED 🟢
Matchday 11 🚨

⚔️ **Manchester Blue** vs **Leeds**
   ⚠️ **[CHAOS TRAP WARNING]** Do not bet heavily. MSport RNG Target: Macro Trap (T1 vs T3)
   ↳ 🎯 **[HIGH ODDS TRAP] 1X2 Home Win**  •  88.9%


--- 2026-06-08T08:13:09.012473 ---
🟢 VFL CONFLUENCE LOCKS | STABLE RNG DETECTED 🟢
Matchday 12 🚨

⚔️ **Leeds** vs **Fulham**
   ↳ 🛡️ **[95%+ COMPOUND LOCK] Under 3.5**  •  100.0%


--- 2026-06-08T08:17:03.912162 ---
🟢 VFL CONFLUENCE LOCKS | STABLE RNG DETECTED 🟢
Matchday 13 🚨

⚔️ **Fulham** vs **Everton**
   ↳ 🎯 **[HIGH ODDS TRAP] Under 2.5**  •  90.0%
   ↳ 🛡️ **[95%+ COMPOUND LOCK] Under 3.5**  •  95.0%


--- 2026-06-08T08:24:09.049117 ---
🟢 VFL CONFLUENCE LOCKS | STABLE RNG DETECTED 🟢
Matchday 15 🚨

⚔️ **London Guns** vs **Everton**
   ⚠️ **[CHAOS TRAP WARNING]** Do not bet heavily. MSport RNG Target: Macro Trap (T3 vs T2)
   ↳ 🛡️ **[95%+ COMPOUND LOCK] Under 3.5**  •  100.0%


--- 2026-06-08T08:35:08.225807 ---
🟢 VFL CONFLUENCE LOCKS | STABLE RNG DETECTED 🟢
Matchday 18 🚨

⚔️ **Brighton** vs **Aston Villa**
   ↳ 🛡️ **[95%+ COMPOUND LOCK] Under 3.5**  •  100.0%


--- 2026-06-08T08:39:04.644427 ---
🟢 VFL CONFLUENCE LOCKS | STABLE RNG DETECTED 🟢
Matchday 19 🚨

⚔️ **Leeds** vs **Wolverhampton**
   ↳ 🛡️ **[95%+ COMPOUND LOCK] Under 3.5**  •  100.0%


--- 2026-06-08T08:56:05.991790 ---
🟢 VFL CONFLUENCE LOCKS | STABLE RNG DETECTED 🟢
Matchday 23 🚨

⚔️ **Newcastle** vs **Leeds**
   ↳ 🛡️ **[95%+ COMPOUND LOCK] Under 3.5**  •  95.5%


--- 2026-06-08T08:57:09.317613 ---
🟢 VFL CONFLUENCE LOCKS | STABLE RNG DETECTED 🟢
Matchday 24 🚨

⚔️ **Leeds** vs **Aston Villa**
   ⚠️ **[CHAOS TRAP WARNING]** Do not bet heavily. MSport RNG Target: Macro Trap (T3 vs T2)
   ↳ 🛡️ **[95%+ COMPOUND LOCK] Under 3.5**  •  95.2%

⚔️ **Wolverhampton** vs **Manchester Blue**
   ↳ 🛡️ **[95%+ COMPOUND LOCK] Over 1.5**  •  95.0%


--- 2026-06-08T09:54:08.276306 ---
🟢 VFL CONFLUENCE LOCKS | STABLE RNG DETECTED 🟢
Matchday 9 🚨

⚔️ **Wolverhampton** vs **West Ham**
   ↳ 🛡️ **[95%+ COMPOUND LOCK] Over 1.5**  •  100.0%


--- 2026-06-08T10:20:05.205063 ---
🟢 VFL CONFLUENCE LOCKS | STABLE RNG DETECTED 🟢
Matchday 16 🚨

⚔️ **Wolverhampton** vs **Chelsea**
   ⚠️ **[CHAOS TRAP WARNING]** Do not bet heavily. MSport RNG Target: Macro Trap (T3 vs T2)
   ↳ 🛡️ **[95%+ COMPOUND LOCK] Over 1.5**  •  100.0%


--- 2026-06-08T10:34:09.301899 ---
🟢 VFL CONFLUENCE LOCKS | STABLE RNG DETECTED 🟢
Matchday 20 🚨

⚔️ **Everton** vs **Aston Villa**
   ⚠️ **[CHAOS TRAP WARNING]** Do not bet heavily. MSport RNG Target: Macro Trap (T3 vs T2)
   ↳ 🎯 **[HIGH ODDS TRAP] Under 2.5**  •  94.1%
   ↳ 🛡️ **[95%+ COMPOUND LOCK] Under 3.5**  •  100.0%


--- 2026-06-08T10:38:08.563475 ---
🟢 VFL CONFLUENCE LOCKS | STABLE RNG DETECTED 🟢
Matchday 21 🚨

⚔️ **Liverpool** vs **West Ham**
   ↳ 🛡️ **[95%+ COMPOUND LOCK] Over 1.5**  •  95.5%


--- 2026-06-08T10:42:05.212151 ---
🟢 VFL CONFLUENCE LOCKS | STABLE RNG DETECTED 🟢
Matchday 22 🚨

⚔️ **Wolverhampton** vs **Manchester Red**
   ⚠️ **[CHAOS TRAP WARNING]** Do not bet heavily. MSport RNG Target: Macro Trap (T3 vs T2)
   ↳ 🛡️ **[95%+ COMPOUND LOCK] Over 1.5**  •  100.0%


--- 2026-06-08T10:52:09.587613 ---
🟢 VFL CONFLUENCE LOCKS | STABLE RNG DETECTED 🟢
Matchday 24 🚨

⚔️ **West Ham** vs **Wolverhampton**
   ↳ 🛡️ **[95%+ COMPOUND LOCK] Over 1.5**  •  95.8%


--- 2026-06-08T11:00:12.162572 ---
🟢 VFL CONFLUENCE LOCKS | STABLE RNG DETECTED 🟢
Matchday 27 🚨

⚔️ **Wolverhampton** vs **Manchester Blue**
   ↳ 🛡️ **[95%+ COMPOUND LOCK] Over 1.5**  •  95.0%


--- 2026-06-08T11:38:07.381362 ---
🟢 VFL CONFLUENCE LOCKS | STABLE RNG DETECTED 🟢
Matchday 6 🚨

⚔️ **Manchester Red** vs **London Guns**
   ⚠️ **[CHAOS TRAP WARNING]** Do not bet heavily. MSport RNG Target: Macro Trap (T1 vs T3)
   ↳ 🎯 **[HIGH ODDS TRAP] 1X2 Home Win**  •  85.7%


--- 2026-06-08T11:39:03.620919 ---
🟢 VFL CONFLUENCE LOCKS | STABLE RNG DETECTED 🟢
Matchday 7 🚨

⚔️ **West Ham** vs **Crystal Palace**
   ↳ 🎯 **[HIGH ODDS TRAP] 1X2 Home Win**  •  100.0%


--- 2026-06-08T11:42:07.151824 ---
🟢 VFL CONFLUENCE LOCKS | STABLE RNG DETECTED 🟢
Matchday 8 🚨

⚔️ **Wolverhampton** vs **Leeds**
   ↳ 🛡️ **[95%+ COMPOUND LOCK] Under 3.5**  •  95.8%


--- 2026-06-08T11:50:03.291935 ---
🟢 VFL CONFLUENCE LOCKS | STABLE RNG DETECTED 🟢
Matchday 10 🚨

⚔️ **Wolverhampton** vs **West Ham**
   ↳ 🛡️ **[95%+ COMPOUND LOCK] Over 1.5**  •  100.0%


--- 2026-06-08T12:08:08.720572 ---
🟢 VFL CONFLUENCE LOCKS | STABLE RNG DETECTED 🟢
Matchday 15 🚨

⚔️ **West Ham** vs **Brighton**
   ↳ 🛡️ **[95%+ COMPOUND LOCK] Under 3.5**  •  100.0%


--- 2026-06-08T12:22:10.406823 ---
🟢 VFL CONFLUENCE LOCKS | STABLE RNG DETECTED 🟢
Matchday 19 🚨

⚔️ **Leeds** vs **Fulham**
   ↳ 🎯 **[HIGH ODDS TRAP] Under 2.5**  •  92.3%

⚔️ **Manchester Blue** vs **Wolverhampton**
   ↳ 🛡️ **[95%+ COMPOUND LOCK] Over 1.5**  •  96.6%


--- 2026-06-08T12:34:05.373475 ---
🟢 VFL CONFLUENCE LOCKS | STABLE RNG DETECTED 🟢
Matchday 22 🚨

⚔️ **Wolverhampton** vs **London Guns**
   ⚠️ **[CHAOS TRAP WARNING]** Do not bet heavily. MSport RNG Target: Macro Trap (T3 vs T2)
   ↳ 🎯 **[HIGH ODDS TRAP] Over 2.5**  •  90.0%
   ↳ 🛡️ **[95%+ COMPOUND LOCK] Over 1.5**  •  100.0%


--- 2026-06-08T12:37:09.437514 ---
🟢 VFL CONFLUENCE LOCKS | STABLE RNG DETECTED 🟢
Matchday 23 🚨

⚔️ **Tottenham** vs **Everton**
   ↳ 🛡️ **[95%+ COMPOUND LOCK] Under 3.5**  •  100.0%


--- 2026-06-08T13:03:12.190653 ---
🟢 VFL CONFLUENCE LOCKS | STABLE RNG DETECTED 🟢
Matchday 30 🚨

⚔️ **Everton** vs **Chelsea**
   ⚠️ **[CHAOS TRAP WARNING]** Do not bet heavily. MSport RNG Target: Macro Trap (T3 vs T2)
   ↳ 🛡️ **[95%+ COMPOUND LOCK] Under 3.5**  •  100.0%


--- 2026-06-08T13:06:11.817223 ---
🟢 VFL CONFLUENCE LOCKS | STABLE RNG DETECTED 🟢
Matchday 1 🚨

⚔️ **Manchester Blue** vs **Wolverhampton**
   ↳ 🛡️ **[95%+ COMPOUND LOCK] Over 1.5**  •  96.6%

⚔️ **Fulham** vs **London Guns**
   ↳ 🛡️ **[95%+ COMPOUND LOCK] Under 3.5**  •  96.4%


--- 2026-06-08T13:16:03.246880 ---
🟢 VFL CONFLUENCE LOCKS | STABLE RNG DETECTED 🟢
Matchday 3 🚨

⚔️ **Tottenham** vs **Bournemouth**
   ↳ 🎯 **[HIGH ODDS TRAP] 1X2 Home Win**  •  91.7%


--- 2026-06-08T13:34:07.728412 ---
🟢 VFL CONFLUENCE LOCKS | STABLE RNG DETECTED 🟢
Matchday 8 🚨

⚔️ **Manchester Blue** vs **Brighton**
   ↳ 🎯 **[HIGH ODDS TRAP] 1X2 Home Win**  •  91.7%


--- 2026-06-08T13:38:07.812830 ---
🟢 VFL CONFLUENCE LOCKS | STABLE RNG DETECTED 🟢
Matchday 9 🚨

⚔️ **Chelsea** vs **Everton**
   ↳ 🛡️ **[95%+ COMPOUND LOCK] Under 3.5**  •  95.0%


--- 2026-06-08T13:45:07.201384 ---
🟢 VFL CONFLUENCE LOCKS | STABLE RNG DETECTED 🟢
Matchday 11 🚨

⚔️ **Leeds** vs **Aston Villa**
   ↳ 🛡️ **[95%+ COMPOUND LOCK] Under 3.5**  •  100.0%


--- 2026-06-08T13:53:04.428969 ---
🟢 VFL CONFLUENCE LOCKS | STABLE RNG DETECTED 🟢
Matchday 13 🚨

⚔️ **Leeds** vs **Liverpool**
   ⚠️ **[CHAOS TRAP WARNING]** Do not bet heavily. MSport RNG Target: Macro Trap (T2 vs T1)
   ↳ 🎯 **[HIGH ODDS TRAP] Under 2.5**  •  92.3%


--- 2026-06-08T14:04:05.353779 ---
🟢 VFL CONFLUENCE LOCKS | STABLE RNG DETECTED 🟢
Matchday 16 🚨

⚔️ **Wolverhampton** vs **Manchester Blue**
   ↳ 🛡️ **[95%+ COMPOUND LOCK] Over 1.5**  •  95.0%


--- 2026-06-08T14:11:10.350743 ---
🟢 VFL CONFLUENCE LOCKS | STABLE RNG DETECTED 🟢
Matchday 18 🚨

⚔️ **Leeds** vs **Fulham**
   ↳ 🛡️ **[95%+ COMPOUND LOCK] Under 3.5**  •  95.0%


--- 2026-06-08T14:22:10.727959 ---
🟢 VFL CONFLUENCE LOCKS | STABLE RNG DETECTED 🟢
Matchday 21 🚨

⚔️ **London Guns** vs **Bournemouth**
   ↳ 🎯 **[HIGH ODDS TRAP] 1X2 Home Win**  •  85.3%


--- 2026-06-08T14:25:12.181924 ---
🟢 VFL CONFLUENCE LOCKS | STABLE RNG DETECTED 🟢
Matchday 22 🚨

⚔️ **Everton** vs **Tottenham**
   ⚠️ **[CHAOS TRAP WARNING]** Do not bet heavily. MSport RNG Target: Macro Trap (T3 vs T2)
   ↳ 🛡️ **[95%+ COMPOUND LOCK] Under 3.5**  •  96.0%

⚔️ **Crystal Palace** vs **Chelsea**
   ⚠️ **[CHAOS TRAP WARNING]** Do not bet heavily. MSport RNG Target: Macro Trap (T3 vs T2)
   ↳ 🛡️ **[95%+ COMPOUND LOCK] Over 1.5**  •  95.0%


--- 2026-06-08T14:29:10.649865 ---
🟢 VFL CONFLUENCE LOCKS | STABLE RNG DETECTED 🟢
Matchday 23 🚨

⚔️ **Fulham** vs **Everton**
   ↳ 🛡️ **[95%+ COMPOUND LOCK] Under 3.5**  •  97.6%


--- 2026-06-08T14:40:10.170971 ---
🟢 VFL CONFLUENCE LOCKS | STABLE RNG DETECTED 🟢
Matchday 26 🚨

⚔️ **Aston Villa** vs **Leeds**
   ↳ 🛡️ **[95%+ COMPOUND LOCK] Under 3.5**  •  95.7%


--- 2026-06-08T14:44:10.404146 ---
🟢 VFL CONFLUENCE LOCKS | STABLE RNG DETECTED 🟢
Matchday 27 🚨

⚔️ **Leeds** vs **Everton**
   ↳ 🛡️ **[95%+ COMPOUND LOCK] Under 3.5**  •  95.0%


--- 2026-06-08T14:55:11.133546 ---
🟢 VFL CONFLUENCE LOCKS | STABLE RNG DETECTED 🟢
Matchday 30 🚨

⚔️ **Liverpool** vs **Wolverhampton**
   ↳ 🛡️ **[95%+ COMPOUND LOCK] Over 1.5**  •  100.0%


--- 2026-06-08T15:12:07.159995 ---
🟢 VFL CONFLUENCE LOCKS | STABLE RNG DETECTED 🟢
Matchday 4 🚨

⚔️ **Aston Villa** vs **Brighton**
   ↳ 🛡️ **[95%+ COMPOUND LOCK] Under 3.5**  •  95.8%


--- 2026-06-08T15:15:02.730664 ---
🟢 VFL CONFLUENCE LOCKS | STABLE RNG DETECTED 🟢
Matchday 5 🚨

⚔️ **Brighton** vs **Manchester Red**
   ↳ 🎯 **[HIGH ODDS TRAP] Under 2.5**  •  91.7%
   ↳ 🛡️ **[95%+ COMPOUND LOCK] Under 3.5**  •  100.0%


--- 2026-06-08T15:22:07.930932 ---
🟢 VFL CONFLUENCE LOCKS | STABLE RNG DETECTED 🟢
Matchday 6 🚨

⚔️ **Everton** vs **Liverpool**
   ↳ 🛡️ **[95%+ COMPOUND LOCK] Under 3.5**  •  96.3%


--- 2026-06-08T15:26:07.117405 ---
🟢 VFL CONFLUENCE LOCKS | STABLE RNG DETECTED 🟢
Matchday 8 🚨

⚔️ **Leeds** vs **Crystal Palace**
   ↳ 🛡️ **[95%+ COMPOUND LOCK] Under 3.5**  •  96.0%


--- 2026-06-08T15:33:07.878835 ---
🟢 VFL CONFLUENCE LOCKS | STABLE RNG DETECTED 🟢
Matchday 9 🚨

⚔️ **Tottenham** vs **Aston Villa**
   ↳ 🛡️ **[95%+ COMPOUND LOCK] Under 3.5**  •  96.7%


--- 2026-06-08T15:41:07.523557 ---
🟢 VFL CONFLUENCE LOCKS | STABLE RNG DETECTED 🟢
Matchday 12 🚨

⚔️ **Bournemouth** vs **Everton**
   ↳ 🛡️ **[95%+ COMPOUND LOCK] Under 3.5**  •  100.0%


--- 2026-06-08T15:45:04.048721 ---
🟢 VFL CONFLUENCE LOCKS | STABLE RNG DETECTED 🟢
Matchday 13 🚨

⚔️ **Newcastle** vs **Wolverhampton**
   ↳ 🛡️ **[95%+ COMPOUND LOCK] Over 1.5**  •  95.2%


--- 2026-06-08T15:56:04.984496 ---
🟢 VFL CONFLUENCE LOCKS | STABLE RNG DETECTED 🟢
Matchday 16 🚨

⚔️ **Manchester Blue** vs **Wolverhampton**
   ↳ 🛡️ **[95%+ COMPOUND LOCK] Over 1.5**  •  100.0%


--- 2026-06-08T15:59:08.424576 ---
🟢 VFL CONFLUENCE LOCKS | STABLE RNG DETECTED 🟢
Matchday 17 🚨

⚔️ **Wolverhampton** vs **London Guns**
   ↳ 🛡️ **[95%+ COMPOUND LOCK] Over 1.5**  •  100.0%


--- 2026-06-08T16:03:12.196559 ---
🟢 VFL CONFLUENCE LOCKS | STABLE RNG DETECTED 🟢
Matchday 18 🚨

⚔️ **Manchester Blue** vs **Tottenham**
   ⚠️ **[CHAOS TRAP WARNING]** Do not bet heavily. MSport RNG Target: Macro Trap (T1 vs T3)
   ↳ 🛡️ **[95%+ COMPOUND LOCK] Under 3.5**  •  100.0%


--- 2026-06-08T16:06:10.265371 ---
🟢 VFL CONFLUENCE LOCKS | STABLE RNG DETECTED 🟢
Matchday 19 🚨

⚔️ **Newcastle** vs **Everton**
   ↳ 🛡️ **[95%+ COMPOUND LOCK] Under 3.5**  •  95.0%


--- 2026-06-08T16:10:10.573585 ---
🟢 VFL CONFLUENCE LOCKS | STABLE RNG DETECTED 🟢
Matchday 20 🚨

⚔️ **Chelsea** vs **Newcastle**
   ⚠️ **[CHAOS TRAP WARNING]** Do not bet heavily. MSport RNG Target: Macro Trap (T1 vs T3)
   ↳ 🛡️ **[95%+ COMPOUND LOCK] Over 1.5**  •  100.0%


--- 2026-06-08T16:14:10.085861 ---
🟢 VFL CONFLUENCE LOCKS | STABLE RNG DETECTED 🟢
Matchday 21 🚨

⚔️ **Brighton** vs **Leeds**
   ↳ 🛡️ **[95%+ COMPOUND LOCK] Under 3.5**  •  100.0%


--- 2026-06-08T16:28:09.848182 ---
🟢 VFL CONFLUENCE LOCKS | STABLE RNG DETECTED 🟢
Matchday 24 🚨

⚔️ **Leeds** vs **Everton**
   ↳ 🎯 **[HIGH ODDS TRAP] Under 2.5**  •  91.7%
   ↳ 🛡️ **[95%+ COMPOUND LOCK] Under 3.5**  •  95.8%


--- 2026-06-08T16:32:10.238867 ---
🟢 VFL CONFLUENCE LOCKS | STABLE RNG DETECTED 🟢
Matchday 26 🚨

⚔️ **Fulham** vs **Everton**
   ↳ 🛡️ **[95%+ COMPOUND LOCK] Under 3.5**  •  97.6%


--- 2026-06-08T17:14:08.358676 ---
🟢 VFL CONFLUENCE LOCKS | STABLE RNG DETECTED 🟢
Matchday 6 🚨

⚔️ **Aston Villa** vs **Fulham**
   ↳ 🎯 **[HIGH ODDS TRAP] 1X2 Home Win**  •  92.3%


--- 2026-06-08T17:15:03.549379 ---
🟢 VFL CONFLUENCE LOCKS | STABLE RNG DETECTED 🟢
Matchday 7 🚨

⚔️ **Manchester Red** vs **London Guns**
   ⚠️ **[CHAOS TRAP WARNING]** Do not bet heavily. MSport RNG Target: Macro Trap (T3 vs T2)
   ↳ 🛡️ **[95%+ COMPOUND LOCK] Under 3.5**  •  100.0%


--- 2026-06-08T17:22:08.024504 ---
🟢 VFL CONFLUENCE LOCKS | STABLE RNG DETECTED 🟢
Matchday 9 🚨

⚔️ **Manchester Blue** vs **Leeds**
   ↳ 🎯 **[HIGH ODDS TRAP] 1X2 Home Win**  •  91.2%


--- 2026-06-08T17:26:03.901230 ---
🟢 VFL CONFLUENCE LOCKS | STABLE RNG DETECTED 🟢
Matchday 10 🚨

⚔️ **Newcastle** vs **Wolverhampton**
   ↳ 🛡️ **[95%+ COMPOUND LOCK] Over 1.5**  •  95.2%

⚔️ **Everton** vs **Manchester Red**
   ⚠️ **[CHAOS TRAP WARNING]** Do not bet heavily. MSport RNG Target: Macro Trap (T1 vs T3)
   ↳ 🛡️ **[95%+ COMPOUND LOCK] Under 3.5**  •  100.0%


--- 2026-06-08T17:29:07.604943 ---
🟢 VFL CONFLUENCE LOCKS | STABLE RNG DETECTED 🟢
Matchday 11 🚨

⚔️ **Fulham** vs **West Ham**
   ⚠️ **[CHAOS TRAP WARNING]** Do not bet heavily. MSport RNG Target: Specific Team Chaos
   ↳ 🛡️ **[95%+ COMPOUND LOCK] Under 3.5**  •  100.0%


--- 2026-06-08T17:36:07.221046 ---
🟢 VFL CONFLUENCE LOCKS | STABLE RNG DETECTED 🟢
Matchday 12 🚨

⚔️ **Leeds** vs **Wolverhampton**
   ↳ 🛡️ **[95%+ COMPOUND LOCK] Under 3.5**  •  100.0%


--- 2026-06-08T17:44:08.443866 ---
🟢 VFL CONFLUENCE LOCKS | STABLE RNG DETECTED 🟢
Matchday 15 🚨

⚔️ **Fulham** vs **Tottenham**
   ↳ 🛡️ **[95%+ COMPOUND LOCK] Under 3.5**  •  100.0%


--- 2026-06-08T17:48:04.658628 ---
🟢 VFL CONFLUENCE LOCKS | STABLE RNG DETECTED 🟢
Matchday 16 🚨

⚔️ **Manchester Blue** vs **Brighton**
   ↳ 🎯 **[HIGH ODDS TRAP] 1X2 Home Win**  •  93.8%


--- 2026-06-08T17:51:08.623817 ---
🟢 VFL CONFLUENCE LOCKS | STABLE RNG DETECTED 🟢
Matchday 17 🚨

⚔️ **Everton** vs **Leeds**
   ↳ 🛡️ **[95%+ COMPOUND LOCK] Under 3.5**  •  96.3%


--- 2026-06-08T17:59:05.159921 ---
🟢 VFL CONFLUENCE LOCKS | STABLE RNG DETECTED 🟢
Matchday 19 🚨

⚔️ **Manchester Red** vs **Aston Villa**
   ↳ 🛡️ **[95%+ COMPOUND LOCK] Under 3.5**  •  100.0%
   ↳ 🛡️ **[95%+ COMPOUND LOCK] Over 1.5**  •  100.0%


--- 2026-06-08T18:02:09.970400 ---
🟢 VFL CONFLUENCE LOCKS | STABLE RNG DETECTED 🟢
Matchday 20 🚨

⚔️ **London Guns** vs **Chelsea**
   ↳ 🛡️ **[95%+ COMPOUND LOCK] Over 1.5**  •  100.0%


--- 2026-06-08T18:20:09.695629 ---
🟢 VFL CONFLUENCE LOCKS | STABLE RNG DETECTED 🟢
Matchday 24 🚨

⚔️ **Liverpool** vs **Wolverhampton**
   ↳ 🛡️ **[95%+ COMPOUND LOCK] Over 1.5**  •  100.0%


--- 2026-06-08T18:24:12.127417 ---
🟢 VFL CONFLUENCE LOCKS | STABLE RNG DETECTED 🟢
Matchday 26 🚨

⚔️ **Leeds** vs **Aston Villa**
   ↳ 🛡️ **[95%+ COMPOUND LOCK] Under 3.5**  •  100.0%


--- 2026-06-08T18:28:10.390973 ---
🟢 VFL CONFLUENCE LOCKS | STABLE RNG DETECTED 🟢
Matchday 27 🚨

⚔️ **Fulham** vs **Everton**
   ↳ 🎯 **[HIGH ODDS TRAP] Under 2.5**  •  90.0%
   ↳ 🛡️ **[95%+ COMPOUND LOCK] Under 3.5**  •  95.0%


--- 2026-06-08T19:02:03.128053 ---
🟢 VFL CONFLUENCE LOCKS | STABLE RNG DETECTED 🟢
Matchday 5 🚨

⚔️ **Manchester Blue** vs **Crystal Palace**
   ↳ 🛡️ **[95%+ COMPOUND LOCK] Over 1.5**  •  95.2%


--- 2026-06-08T19:03:07.127154 ---
🟢 VFL CONFLUENCE LOCKS | STABLE RNG DETECTED 🟢
Matchday 6 🚨

⚔️ **Liverpool** vs **Fulham**
   ↳ 🎯 **[HIGH ODDS TRAP] 1X2 Home Win**  •  92.9%


--- 2026-06-08T19:07:02.980308 ---
🟢 VFL CONFLUENCE LOCKS | STABLE RNG DETECTED 🟢
Matchday 7 🚨

⚔️ **Manchester Blue** vs **Wolverhampton**
   ↳ 🎯 **[HIGH ODDS TRAP] 1X2 Home Win**  •  88.0%
   ↳ 🎯 **[HIGH ODDS TRAP] Over 2.5**  •  92.9%
   ↳ 🛡️ **[95%+ COMPOUND LOCK] Over 1.5**  •  96.0%


--- 2026-06-08T19:10:08.250630 ---
🟢 VFL CONFLUENCE LOCKS | STABLE RNG DETECTED 🟢
Matchday 8 🚨

⚔️ **Wolverhampton** vs **London Guns**
   ↳ 🛡️ **[95%+ COMPOUND LOCK] Over 1.5**  •  100.0%


--- 2026-06-08T19:18:04.232563 ---
🟢 VFL CONFLUENCE LOCKS | STABLE RNG DETECTED 🟢
Matchday 10 🚨

⚔️ **Bournemouth** vs **Leeds**
   ↳ 🛡️ **[95%+ COMPOUND LOCK] Under 3.5**  •  100.0%


--- 2026-06-08T19:21:08.681174 ---
🟢 VFL CONFLUENCE LOCKS | STABLE RNG DETECTED 🟢
Matchday 11 🚨

⚔️ **Newcastle** vs **Manchester Red**
   ↳ 🛡️ **[95%+ COMPOUND LOCK] Over 1.5**  •  100.0%


--- 2026-06-08T19:29:04.737367 ---
🟢 VFL CONFLUENCE LOCKS | STABLE RNG DETECTED 🟢
Matchday 13 🚨

⚔️ **Leeds** vs **Wolverhampton**
   ↳ 🛡️ **[95%+ COMPOUND LOCK] Under 3.5**  •  100.0%

⚔️ **Everton** vs **Manchester Blue**
   ⚠️ **[CHAOS TRAP WARNING]** Do not bet heavily. MSport RNG Target: Specific Team Chaos
   ↳ 🛡️ **[95%+ COMPOUND LOCK] Under 3.5**  •  100.0%


--- 2026-06-08T19:32:10.364459 ---
🟢 VFL CONFLUENCE LOCKS | STABLE RNG DETECTED 🟢
Matchday 14 🚨

⚔️ **Manchester Blue** vs **Leeds**
   ↳ 🎯 **[HIGH ODDS TRAP] 1X2 Home Win**  •  90.0%
   ↳ 🛡️ **[95%+ COMPOUND LOCK] Over 1.5**  •  100.0%


--- 2026-06-08T19:36:08.006652 ---
🟢 VFL CONFLUENCE LOCKS | STABLE RNG DETECTED 🟢
Matchday 15 🚨

⚔️ **Everton** vs **Aston Villa**
   ⚠️ **[CHAOS TRAP WARNING]** Do not bet heavily. MSport RNG Target: Macro Trap (T3 vs T2)
   ↳ 🎯 **[HIGH ODDS TRAP] Under 2.5**  •  94.1%
   ↳ 🛡️ **[95%+ COMPOUND LOCK] Under 3.5**  •  100.0%


--- 2026-06-08T19:47:08.500125 ---
🟢 VFL CONFLUENCE LOCKS | STABLE RNG DETECTED 🟢
Matchday 18 🚨

⚔️ **Leeds** vs **Fulham**
   ↳ 🎯 **[HIGH ODDS TRAP] Under 2.5**  •  90.0%
   ↳ 🛡️ **[95%+ COMPOUND LOCK] Under 3.5**  •  96.7%


--- 2026-06-08T19:58:09.559164 ---
🟢 VFL CONFLUENCE LOCKS | STABLE RNG DETECTED 🟢
Matchday 21 🚨

⚔️ **Leeds** vs **West Ham**
   ⚠️ **[CHAOS TRAP WARNING]** Do not bet heavily. MSport RNG Target: Macro Trap (T3 vs T2)
   ↳ 🛡️ **[95%+ COMPOUND LOCK] Under 3.5**  •  100.0%


--- 2026-06-08T20:01:11.825452 ---
🟢 VFL CONFLUENCE LOCKS | STABLE RNG DETECTED 🟢
Matchday 22 🚨

⚔️ **Newcastle** vs **Leeds**
   ↳ 🛡️ **[95%+ COMPOUND LOCK] Under 3.5**  •  95.5%


--- 2026-06-08T20:05:10.086101 ---
🟢 VFL CONFLUENCE LOCKS | STABLE RNG DETECTED 🟢
Matchday 23 🚨

⚔️ **Aston Villa** vs **Tottenham**
   ↳ 🎯 **[HIGH ODDS TRAP] Under 2.5**  •  94.7%
   ↳ 🛡️ **[95%+ COMPOUND LOCK] Under 3.5**  •  100.0%


--- 2026-06-08T20:16:11.293047 ---
🟢 VFL CONFLUENCE LOCKS | STABLE RNG DETECTED 🟢
Matchday 26 🚨

⚔️ **Tottenham** vs **Everton**
   ↳ 🛡️ **[95%+ COMPOUND LOCK] Under 3.5**  •  100.0%


--- 2026-06-08T20:20:10.521727 ---
🟢 VFL CONFLUENCE LOCKS | STABLE RNG DETECTED 🟢
Matchday 27 🚨

⚔️ **Aston Villa** vs **Brighton**
   ⚠️ **[CHAOS TRAP WARNING]** Do not bet heavily. MSport RNG Target: Macro Trap (T1 vs T3)
   ↳ 🛡️ **[95%+ COMPOUND LOCK] Under 3.5**  •  95.0%

⚔️ **West Ham** vs **Crystal Palace**
   ↳ 🎯 **[HIGH ODDS TRAP] 1X2 Home Win**  •  100.0%


--- 2026-06-08T20:47:02.818238 ---
🟢 VFL CONFLUENCE LOCKS | STABLE RNG DETECTED 🟢
Matchday 3 🚨

⚔️ **Liverpool** vs **Fulham**
   ↳ 🛡️ **[95%+ COMPOUND LOCK] Under 3.5**  •  95.0%


--- 2026-06-08T20:51:02.680244 ---
🟢 VFL CONFLUENCE LOCKS | STABLE RNG DETECTED 🟢
Matchday 5 🚨

⚔️ **Aston Villa** vs **Leeds**
   ⚠️ **[CHAOS TRAP WARNING]** Do not bet heavily. MSport RNG Target: Macro Trap (T1 vs T3)
   ↳ 🛡️ **[95%+ COMPOUND LOCK] Under 3.5**  •  100.0%

⚔️ **Tottenham** vs **Bournemouth**
   ⚠️ **[CHAOS TRAP WARNING]** Do not bet heavily. MSport RNG Target: Macro Trap (T1 vs T3)
   ↳ 🎯 **[HIGH ODDS TRAP] 1X2 Home Win**  •  90.9%


--- 2026-06-08T20:55:06.386138 ---
🟢 VFL CONFLUENCE LOCKS | STABLE RNG DETECTED 🟢
Matchday 6 🚨

⚔️ **Fulham** vs **Wolverhampton**
   ↳ 🛡️ **[95%+ COMPOUND LOCK] Under 3.5**  •  100.0%


--- 2026-06-08T21:09:08.361339 ---
🟢 VFL CONFLUENCE LOCKS | STABLE RNG DETECTED 🟢
Matchday 9 🚨

⚔️ **West Ham** vs **Aston Villa**
   ⚠️ **[CHAOS TRAP WARNING]** Do not bet heavily. MSport RNG Target: Macro Trap (T2 vs T1)
   ↳ 🛡️ **[95%+ COMPOUND LOCK] Under 3.5**  •  100.0%


--- 2026-06-08T21:10:03.654814 ---
🟢 VFL CONFLUENCE LOCKS | STABLE RNG DETECTED 🟢
Matchday 10 🚨

⚔️ **Manchester Blue** vs **Brighton**
   ↳ 🎯 **[HIGH ODDS TRAP] 1X2 Home Win**  •  85.7%

⚔️ **Everton** vs **Liverpool**
   ⚠️ **[CHAOS TRAP WARNING]** Do not bet heavily. MSport RNG Target: Macro Trap (T3 vs T2)
   ↳ 🛡️ **[95%+ COMPOUND LOCK] Under 3.5**  •  100.0%


--- 2026-06-08T21:13:09.779496 ---
🟢 VFL CONFLUENCE LOCKS | STABLE RNG DETECTED 🟢
Matchday 11 🚨

⚔️ **Brighton** vs **London Guns**
   ⚠️ **[CHAOS TRAP WARNING]** Do not bet heavily. MSport RNG Target: Macro Trap (T3 vs T2)
   ↳ 🛡️ **[95%+ COMPOUND LOCK] Under 3.5**  •  100.0%


--- 2026-06-08T21:20:08.234096 ---
🟢 VFL CONFLUENCE LOCKS | STABLE RNG DETECTED 🟢
Matchday 12 🚨

⚔️ **Leeds** vs **Crystal Palace**
   ↳ 🛡️ **[95%+ COMPOUND LOCK] Under 3.5**  •  97.3%


--- 2026-06-08T21:35:08.319137 ---
🟢 VFL CONFLUENCE LOCKS | STABLE RNG DETECTED 🟢
Matchday 17 🚨

⚔️ **Liverpool** vs **Newcastle**
   ↳ 🎯 **[HIGH ODDS TRAP] 1X2 Home Win**  •  88.2%

⚔️ **Bournemouth** vs **Everton**
   ↳ 🛡️ **[95%+ COMPOUND LOCK] Under 3.5**  •  100.0%


--- 2026-06-08T21:42:09.203120 ---
🟢 VFL CONFLUENCE LOCKS | STABLE RNG DETECTED 🟢
Matchday 18 🚨

⚔️ **Everton** vs **Chelsea**
   ⚠️ **[CHAOS TRAP WARNING]** Do not bet heavily. MSport RNG Target: Macro Trap (T3 vs T2)
   ↳ 🛡️ **[95%+ COMPOUND LOCK] Under 3.5**  •  100.0%


--- 2026-06-08T21:43:04.961844 ---
🟢 VFL CONFLUENCE LOCKS | STABLE RNG DETECTED 🟢
Matchday 19 🚨

⚔️ **Leeds** vs **Everton**
   ↳ 🛡️ **[95%+ COMPOUND LOCK] Under 3.5**  •  95.0%


--- 2026-06-08T21:54:05.143009 ---
🟢 VFL CONFLUENCE LOCKS | STABLE RNG DETECTED 🟢
Matchday 22 🚨

⚔️ **Aston Villa** vs **Tottenham**
   ↳ 🎯 **[HIGH ODDS TRAP] Under 2.5**  •  94.7%
   ↳ 🛡️ **[95%+ COMPOUND LOCK] Under 3.5**  •  100.0%

⚔️ **Everton** vs **Brighton**
   ↳ 🛡️ **[95%+ COMPOUND LOCK] Under 3.5**  •  95.8%


--- 2026-06-08T22:15:12.678331 ---
🟢 VFL CONFLUENCE LOCKS | STABLE RNG DETECTED 🟢
Matchday 28 🚨

⚔️ **Everton** vs **Manchester Blue**
   ⚠️ **[CHAOS TRAP WARNING]** Do not bet heavily. MSport RNG Target: Macro Trap (T3 vs T2)
   ↳ 🎯 **[HIGH ODDS TRAP] Under 2.5**  •  90.9%
   ↳ 🛡️ **[95%+ COMPOUND LOCK] Under 3.5**  •  100.0%

⚔️ **Leeds** vs **Brighton**
   ↳ 🛡️ **[95%+ COMPOUND LOCK] Under 3.5**  •  95.7%


--- 2026-06-08T22:26:12.052066 ---
🟢 VFL CONFLUENCE LOCKS | STABLE RNG DETECTED 🟢
Matchday 1 🚨

⚔️ **Fulham** vs **Everton**
   ↳ 🛡️ **[95%+ COMPOUND LOCK] Under 3.5**  •  97.6%


--- 2026-06-08T22:39:02.347992 ---
🟢 VFL CONFLUENCE LOCKS | STABLE RNG DETECTED 🟢
Matchday 3 🚨

⚔️ **Manchester Blue** vs **Leeds**
   ⚠️ **[CHAOS TRAP WARNING]** Do not bet heavily. MSport RNG Target: Macro Trap (T1 vs T3)
   ↳ 🎯 **[HIGH ODDS TRAP] 1X2 Home Win**  •  88.9%

⚔️ **Liverpool** vs **Bournemouth**
   ↳ 🎯 **[HIGH ODDS TRAP] 1X2 Home Win**  •  90.9%


--- 2026-06-08T23:02:03.745390 ---
🟢 VFL CONFLUENCE LOCKS | STABLE RNG DETECTED 🟢
Matchday 10 🚨

⚔️ **Wolverhampton** vs **London Guns**
   ⚠️ **[CHAOS TRAP WARNING]** Do not bet heavily. MSport RNG Target: Macro Trap (T3 vs T2)
   ↳ 🎯 **[HIGH ODDS TRAP] Over 2.5**  •  90.0%
   ↳ 🛡️ **[95%+ COMPOUND LOCK] Over 1.5**  •  100.0%


--- 2026-06-08T23:20:08.308035 ---
🟢 VFL CONFLUENCE LOCKS | STABLE RNG DETECTED 🟢
Matchday 15 🚨

⚔️ **Newcastle** vs **Everton**
   ↳ 🛡️ **[95%+ COMPOUND LOCK] Under 3.5**  •  100.0%

⚔️ **Tottenham** vs **Crystal Palace**
   ↳ 🎯 **[HIGH ODDS TRAP] 1X2 Home Win**  •  88.2%


--- 2026-06-08T23:24:04.358722 ---
🟢 VFL CONFLUENCE LOCKS | STABLE RNG DETECTED 🟢
Matchday 16 🚨

⚔️ **Everton** vs **Fulham**
   ↳ 🎯 **[HIGH ODDS TRAP] Under 2.5**  •  90.0%


--- 2026-06-08T23:35:04.637085 ---
🟢 VFL CONFLUENCE LOCKS | STABLE RNG DETECTED 🟢
Matchday 19 🚨

⚔️ **Crystal Palace** vs **Leeds**
   ↳ 🛡️ **[95%+ COMPOUND LOCK] Under 3.5**  •  96.0%


--- 2026-06-08T23:38:08.278788 ---
🟢 VFL CONFLUENCE LOCKS | STABLE RNG DETECTED 🟢
Matchday 20 🚨

⚔️ **Manchester Blue** vs **Crystal Palace**
   ↳ 🛡️ **[95%+ COMPOUND LOCK] Over 1.5**  •  96.0%


--- 2026-06-08T23:42:09.409416 ---
🟢 VFL CONFLUENCE LOCKS | STABLE RNG DETECTED 🟢
Matchday 21 🚨

⚔️ **Manchester Red** vs **London Guns**
   ⚠️ **[CHAOS TRAP WARNING]** Do not bet heavily. MSport RNG Target: Macro Trap (T1 vs T3)
   ↳ 🎯 **[HIGH ODDS TRAP] 1X2 Home Win**  •  85.7%


--- 2026-06-08T23:46:05.426868 ---
🟢 VFL CONFLUENCE LOCKS | STABLE RNG DETECTED 🟢
Matchday 22 🚨

⚔️ **Wolverhampton** vs **Fulham**
   ↳ 🛡️ **[95%+ COMPOUND LOCK] Under 3.5**  •  96.0%


--- 2026-06-08T23:53:09.300213 ---
🟢 VFL CONFLUENCE LOCKS | STABLE RNG DETECTED 🟢
Matchday 24 🚨

⚔️ **Leeds** vs **Fulham**
   ↳ 🛡️ **[95%+ COMPOUND LOCK] Under 3.5**  •  95.0%


--- 2026-06-09T00:00:13.164218 ---
🟢 VFL CONFLUENCE LOCKS | STABLE RNG DETECTED 🟢
Matchday 26 🚨

⚔️ **Liverpool** vs **West Ham**
   ⚠️ **[CHAOS TRAP WARNING]** Do not bet heavily. MSport RNG Target: Macro Trap (T1 vs T3)
   ↳ 🛡️ **[95%+ COMPOUND LOCK] Over 1.5**  •  95.7%


--- 2026-06-09T00:07:10.604379 ---
🟢 VFL CONFLUENCE LOCKS | STABLE RNG DETECTED 🟢
Matchday 28 🚨

⚔️ **Manchester Blue** vs **London Guns**
   ↳ 🛡️ **[95%+ COMPOUND LOCK] Over 1.5**  •  95.5%


--- 2026-06-09T00:15:11.715391 ---
🟢 VFL CONFLUENCE LOCKS | STABLE RNG DETECTED 🟢
Matchday 30 🚨

⚔️ **Leeds** vs **Wolverhampton**
   ↳ 🛡️ **[95%+ COMPOUND LOCK] Under 3.5**  •  100.0%


--- 2026-06-09T00:42:06.892405 ---
🟢 VFL CONFLUENCE LOCKS | STABLE RNG DETECTED 🟢
Matchday 6 🚨

⚔️ **Newcastle** vs **Wolverhampton**
   ↳ 🛡️ **[95%+ COMPOUND LOCK] Over 1.5**  •  100.0%


--- 2026-06-09T00:50:07.060820 ---
🟢 VFL CONFLUENCE LOCKS | STABLE RNG DETECTED 🟢
Matchday 9 🚨

⚔️ **Manchester Blue** vs **Aston Villa**
   ↳ 🛡️ **[95%+ COMPOUND LOCK] Under 3.5**  •  95.8%


--- 2026-06-09T01:04:07.757902 ---
🟢 VFL CONFLUENCE LOCKS | STABLE RNG DETECTED 🟢
Matchday 12 🚨

⚔️ **Newcastle** vs **Leeds**
   ↳ 🛡️ **[95%+ COMPOUND LOCK] Under 3.5**  •  95.0%


--- 2026-06-09T01:05:04.256250 ---
🟢 VFL CONFLUENCE LOCKS | STABLE RNG DETECTED 🟢
Matchday 13 🚨

⚔️ **Everton** vs **Liverpool**
   ↳ 🛡️ **[95%+ COMPOUND LOCK] Under 3.5**  •  96.3%


--- 2026-06-09T01:12:10.386771 ---
🟢 VFL CONFLUENCE LOCKS | STABLE RNG DETECTED 🟢
Matchday 15 🚨

⚔️ **West Ham** vs **Bournemouth**
   ↳ 🛡️ **[95%+ COMPOUND LOCK] Under 3.5**  •  95.2%


--- 2026-06-09T01:15:10.359892 ---
🟢 VFL CONFLUENCE LOCKS | STABLE RNG DETECTED 🟢
Matchday 16 🚨

⚔️ **West Ham** vs **Aston Villa**
   ⚠️ **[CHAOS TRAP WARNING]** Do not bet heavily. MSport RNG Target: Macro Trap (T2 vs T1)
   ↳ 🛡️ **[95%+ COMPOUND LOCK] Under 3.5**  •  100.0%


--- 2026-06-09T01:23:09.080376 ---
🟢 VFL CONFLUENCE LOCKS | STABLE RNG DETECTED 🟢
Matchday 18 🚨

⚔️ **Everton** vs **Manchester Red**
   ↳ 🛡️ **[95%+ COMPOUND LOCK] Under 3.5**  •  100.0%

⚔️ **Newcastle** vs **Bournemouth**
   ↳ 🛡️ **[95%+ COMPOUND LOCK] Under 3.5**  •  95.8%


--- 2026-06-09T01:30:09.288873 ---
🟢 VFL CONFLUENCE LOCKS | STABLE RNG DETECTED 🟢
Matchday 20 🚨

⚔️ **Brighton** vs **Wolverhampton**
   ↳ 🛡️ **[95%+ COMPOUND LOCK] Over 1.5**  •  100.0%

⚔️ **Leeds** vs **Fulham**
   ↳ 🛡️ **[95%+ COMPOUND LOCK] Under 3.5**  •  100.0%


--- 2026-06-09T02:00:06.611045 ---
🟢 VFL CONFLUENCE LOCKS | STABLE RNG DETECTED 🟢
Matchday 28 🚨

⚔️ **Manchester Blue** vs **London Guns**
   ⚠️ **[CHAOS TRAP WARNING]** Do not bet heavily. MSport RNG Target: Micro Trap (B vs A)
   ↳ 🛡️ **[95%+ COMPOUND LOCK] Over 1.5**  •  96.6%


--- 2026-06-09T02:23:02.645554 ---
🟢 VFL CONFLUENCE LOCKS | STABLE RNG DETECTED 🟢
Matchday 3 🚨

⚔️ **Manchester Blue** vs **Crystal Palace**
   ↳ 🛡️ **[95%+ COMPOUND LOCK] Over 1.5**  •  100.0%


--- 2026-06-09T02:24:08.730500 ---
🟢 VFL CONFLUENCE LOCKS | STABLE RNG DETECTED 🟢
Matchday 4 🚨

⚔️ **West Ham** vs **London Guns**
   ↳ 🛡️ **[95%+ COMPOUND LOCK] Over 1.5**  •  100.0%


--- 2026-06-09T02:27:03.152262 ---
🟢 VFL CONFLUENCE LOCKS | STABLE RNG DETECTED 🟢
Matchday 5 🚨

⚔️ **Manchester Blue** vs **Newcastle**
   ↳ 🎯 **[HIGH ODDS TRAP] 1X2 Home Win**  •  90.9%


--- 2026-06-09T02:31:06.314683 ---
🟢 VFL CONFLUENCE LOCKS | STABLE RNG DETECTED 🟢
Matchday 6 🚨

⚔️ **Leeds** vs **Aston Villa**
   ↳ 🛡️ **[95%+ COMPOUND LOCK] Under 3.5**  •  97.1%


--- 2026-06-09T02:46:04.010878 ---
🟢 VFL CONFLUENCE LOCKS | STABLE RNG DETECTED 🟢
Matchday 10 🚨

⚔️ **Manchester Red** vs **London Guns**
   ⚠️ **[CHAOS TRAP WARNING]** Do not bet heavily. MSport RNG Target: Macro Trap (T3 vs T2)
   ↳ 🛡️ **[95%+ COMPOUND LOCK] Under 3.5**  •  100.0%


--- 2026-06-09T02:49:07.086463 ---
🟢 VFL CONFLUENCE LOCKS | STABLE RNG DETECTED 🟢
Matchday 11 🚨

⚔️ **Leeds** vs **Fulham**
   ↳ 🛡️ **[95%+ COMPOUND LOCK] Under 3.5**  •  100.0%

⚔️ **Everton** vs **Tottenham**
   ⚠️ **[CHAOS TRAP WARNING]** Do not bet heavily. MSport RNG Target: Macro Trap (T2 vs T1)
   ↳ 🛡️ **[95%+ COMPOUND LOCK] Under 3.5**  •  100.0%


--- 2026-06-09T02:53:07.605750 ---
🟢 VFL CONFLUENCE LOCKS | STABLE RNG DETECTED 🟢
Matchday 12 🚨

⚔️ **Newcastle** vs **Leeds**
   ↳ 🛡️ **[95%+ COMPOUND LOCK] Under 3.5**  •  95.5%


--- 2026-06-09T03:11:08.912647 ---
🟢 VFL CONFLUENCE LOCKS | STABLE RNG DETECTED 🟢
Matchday 17 🚨

⚔️ **Brighton** vs **Leeds**
   ↳ 🛡️ **[95%+ COMPOUND LOCK] Under 3.5**  •  100.0%


--- 2026-06-09T03:26:10.013740 ---
🟢 VFL CONFLUENCE LOCKS | STABLE RNG DETECTED 🟢
Matchday 21 🚨

⚔️ **Aston Villa** vs **Leeds**
   ↳ 🛡️ **[95%+ COMPOUND LOCK] Under 3.5**  •  95.7%


--- 2026-06-09T03:44:10.115724 ---
🟢 VFL CONFLUENCE LOCKS | STABLE RNG DETECTED 🟢
Matchday 26 🚨

⚔️ **Liverpool** vs **Wolverhampton**
   ↳ 🛡️ **[95%+ COMPOUND LOCK] Over 1.5**  •  100.0%

⚔️ **Fulham** vs **Leeds**
   ↳ 🛡️ **[95%+ COMPOUND LOCK] Under 3.5**  •  100.0%


--- 2026-06-09T03:48:09.843199 ---
🟢 VFL CONFLUENCE LOCKS | STABLE RNG DETECTED 🟢
Matchday 27 🚨

⚔️ **Leeds** vs **Newcastle**
   ↳ 🛡️ **[95%+ COMPOUND LOCK] Under 3.5**  •  95.5%


--- 2026-06-09T03:51:10.086885 ---
🟢 VFL CONFLUENCE LOCKS | STABLE RNG DETECTED 🟢
Matchday 28 🚨

⚔️ **Manchester Blue** vs **Wolverhampton**
   ↳ 🎯 **[HIGH ODDS TRAP] 1X2 Home Win**  •  88.0%
   ↳ 🎯 **[HIGH ODDS TRAP] Over 2.5**  •  92.9%
   ↳ 🛡️ **[95%+ COMPOUND LOCK] Over 1.5**  •  96.0%


--- 2026-06-09T04:12:02.620089 ---
🟢 VFL CONFLUENCE LOCKS | STABLE RNG DETECTED 🟢
Matchday 3 🚨

⚔️ **Tottenham** vs **Fulham**
   ⚠️ **[CHAOS TRAP WARNING]** Do not bet heavily. MSport RNG Target: Macro Trap (T1 vs T3)
   ↳ 🎯 **[HIGH ODDS TRAP] 1X2 Home Win**  •  91.7%

⚔️ **London Guns** vs **Wolverhampton**
   ↳ 🛡️ **[95%+ COMPOUND LOCK] Over 1.5**  •  100.0%


--- 2026-06-09T04:23:08.192398 ---
🟢 VFL CONFLUENCE LOCKS | STABLE RNG DETECTED 🟢
Matchday 6 🚨

⚔️ **Leeds** vs **Aston Villa**
   ↳ 🛡️ **[95%+ COMPOUND LOCK] Under 3.5**  •  100.0%


--- 2026-06-09T04:30:08.763361 ---
🟢 VFL CONFLUENCE LOCKS | STABLE RNG DETECTED 🟢
Matchday 8 🚨

⚔️ **Everton** vs **Chelsea**
   ⚠️ **[CHAOS TRAP WARNING]** Do not bet heavily. MSport RNG Target: Macro Trap (T1 vs T3)
   ↳ 🛡️ **[95%+ COMPOUND LOCK] Under 3.5**  •  100.0%


--- 2026-06-09T04:45:07.596366 ---
🟢 VFL CONFLUENCE LOCKS | STABLE RNG DETECTED 🟢
Matchday 12 🚨

⚔️ **Tottenham** vs **Newcastle**
   ↳ 🛡️ **[95%+ COMPOUND LOCK] Over 1.5**  •  95.0%


--- 2026-06-09T04:52:08.391907 ---
🟢 VFL CONFLUENCE LOCKS | STABLE RNG DETECTED 🟢
Matchday 14 🚨

⚔️ **Brighton** vs **Bournemouth**
   ↳ 🛡️ **[95%+ COMPOUND LOCK] Under 3.5**  •  100.0%


--- 2026-06-09T05:57:02.982223 ---
🟢 VFL CONFLUENCE LOCKS | STABLE RNG DETECTED 🟢
Matchday 5 🚨

⚔️ **Leeds** vs **Aston Villa**
   ↳ 🛡️ **[95%+ COMPOUND LOCK] Under 3.5**  •  100.0%


--- 2026-06-09T06:01:12.738435 ---
🟢 VFL CONFLUENCE LOCKS | STABLE RNG DETECTED 🟢
Matchday 6 🚨

⚔️ **Wolverhampton** vs **Leeds**
   ↳ 🛡️ **[95%+ COMPOUND LOCK] Under 3.5**  •  95.2%


--- 2026-06-09T06:05:04.622068 ---
🟢 VFL CONFLUENCE LOCKS | STABLE RNG DETECTED 🟢
Matchday 7 🚨

⚔️ **Chelsea** vs **Everton**
   ↳ 🎯 **[HIGH ODDS TRAP] Under 2.5**  •  90.9%
   ↳ 🛡️ **[95%+ COMPOUND LOCK] Under 3.5**  •  95.2%


--- 2026-06-09T06:12:09.311072 ---
🟢 VFL CONFLUENCE LOCKS | STABLE RNG DETECTED 🟢
Matchday 9 🚨

⚔️ **Liverpool** vs **Fulham**
   ↳ 🛡️ **[95%+ COMPOUND LOCK] Under 3.5**  •  100.0%


--- 2026-06-09T06:38:04.379578 ---
🟢 VFL CONFLUENCE LOCKS | STABLE RNG DETECTED 🟢
Matchday 16 🚨

⚔️ **Newcastle** vs **Wolverhampton**
   ↳ 🛡️ **[95%+ COMPOUND LOCK] Over 1.5**  •  100.0%


--- 2026-06-09T06:45:08.787717 ---
🟢 VFL CONFLUENCE LOCKS | STABLE RNG DETECTED 🟢
Matchday 18 🚨

⚔️ **Newcastle** vs **Leeds**
   ↳ 🛡️ **[95%+ COMPOUND LOCK] Under 3.5**  •  100.0%


--- 2026-06-09T06:49:04.920231 ---
🟢 VFL CONFLUENCE LOCKS | STABLE RNG DETECTED 🟢
Matchday 19 🚨

⚔️ **Liverpool** vs **Bournemouth**
   ⚠️ **[CHAOS TRAP WARNING]** Do not bet heavily. MSport RNG Target: Macro Trap (T1 vs T3)
   ↳ 🎯 **[HIGH ODDS TRAP] 1X2 Home Win**  •  85.2%

⚔️ **Leeds** vs **Everton**
   ↳ 🛡️ **[95%+ COMPOUND LOCK] Under 3.5**  •  100.0%


--- 2026-06-09T06:59:09.130502 ---
🟢 VFL CONFLUENCE LOCKS | STABLE RNG DETECTED 🟢
Matchday 21 🚨

⚔️ **London Guns** vs **Aston Villa**
   ⚠️ **[CHAOS TRAP WARNING]** Do not bet heavily. MSport RNG Target: Macro Trap (T3 vs T2)
   ↳ 🛡️ **[95%+ COMPOUND LOCK] Under 3.5**  •  100.0%


--- 2026-06-09T07:18:11.777233 ---
🟢 VFL CONFLUENCE LOCKS | STABLE RNG DETECTED 🟢
Matchday 27 🚨

⚔️ **Tottenham** vs **Aston Villa**
   ↳ 🛡️ **[95%+ COMPOUND LOCK] Under 3.5**  •  96.8%

