2026-06-10 06:14:42,158 [DATA-DAEMON] Starting LIVE loop every 30s (no lapses on fast 4-min MDs)
2026-06-10 06:14:42,159 [DATA-DAEMON] Collecting current odds + details...
2026-06-10 06:15:13,457 [DATA-DAEMON] Collecting current odds + details...
2026-06-10 06:15:44,461 [DATA-DAEMON] Collecting current odds + details...
2026-06-10 06:16:15,721 [DATA-DAEMON] Collecting current odds + details...
2026-06-10 06:16:49,791 [DATA-DAEMON] Collecting current odds + details...
2026-06-10 06:17:23,607 [DATA-DAEMON] Collecting current odds + details...
2026-06-10 06:17:55,542 [DATA-DAEMON] Collecting current odds + details...
2026-06-10 06:18:26,498 [DATA-DAEMON] Collecting current odds + details...
2026-06-10 06:18:57,472 [DATA-DAEMON] Collecting current odds + details...
2026-06-10 06:19:28,635 [DATA-DAEMON] Collecting current odds + details...
2026-06-10 06:19:59,590 [DATA-DAEMON] Collecting current odds + details...
2026-06-10 06:20:33,415 [DATA-DAEMON] Collecting current odds + details...
2026-06-10 06:21:07,437 [DATA-DAEMON] Collecting current odds + details...
2026-06-10 06:21:38,413 [DATA-DAEMON] Collecting current odds + details...
2026-06-10 06:22:09,490 [DATA-DAEMON] Collecting current odds + details...
2026-06-10 06:22:40,423 [DATA-DAEMON] Collecting current odds + details...
2026-06-10 06:23:11,403 [DATA-DAEMON] Collecting current odds + details...
2026-06-10 06:23:42,416 [DATA-DAEMON] Collecting current odds + details...
2026-06-10 06:24:16,583 [DATA-DAEMON] Collecting current odds + details...
2026-06-10 06:24:50,384 [DATA-DAEMON] Collecting current odds + details...
2026-06-10 06:25:21,344 [DATA-DAEMON] Collecting current odds + details...
2026-06-10 06:25:52,243 [DATA-DAEMON] Collecting current odds + details...
2026-06-10 06:26:23,180 [DATA-DAEMON] Collecting current odds + details...
2026-06-10 06:26:54,460 [DATA-DAEMON] Collecting current odds + details...
2026-06-10 06:27:25,416 [DATA-DAEMON] Collecting current odds + details...
2026-06-10 06:27:59,290 [DATA-DAEMON] Collecting current odds + details...
2026-06-10 06:28:33,035 [DATA-DAEMON] Collecting current odds + details...
2026-06-10 06:29:03,942 [DATA-DAEMON] Collecting current odds + details...
2026-06-10 06:29:34,848 [DATA-DAEMON] Collecting current odds + details...
2026-06-10 06:30:05,784 [DATA-DAEMON] Collecting current odds + details...
2026-06-10 06:30:36,744 [DATA-DAEMON] Collecting current odds + details...
Current: VFLM 5346 (vf:season:3098729) MD 4
MD 5: 8 fixtures
  Inserted 0 market rows
MD 6: 8 fixtures
  Inserted 0 market rows

Total markets this run: 0
Collector done. Use --include-browser-details in future runs for rich panel data from details pages.
Current: VFLM 5346 (vf:season:3098729) MD 4
MD 5: 8 fixtures
  Inserted 0 market rows
MD 6: 8 fixtures
  Inserted 0 market rows

Total markets this run: 0
Collector done. Use --include-browser-details in future runs for rich panel data from details pages.
Current: VFLM 5346 (vf:season:3098729) MD 4
MD 5: 8 fixtures
  Inserted 0 market rows
MD 6: 8 fixtures
  Inserted 0 market rows

Total markets this run: 0
Collector done. Use --include-browser-details in future runs for rich panel data from details pages.
Current: VFLM 5346 (vf:season:3098729) MD 4
MD 5: 8 fixtures
  Inserted 0 market rows
MD 6: 8 fixtures
  Inserted 0 market rows
MD 7: 8 fixtures
  Inserted 0 market rows

Total markets this run: 0
Collector done. Use --include-browser-details in future runs for rich panel data from details pages.
Current: VFLM 5346 (vf:season:3098729) MD 5
MD 5: 8 fixtures
  Inserted 0 market rows
MD 6: 8 fixtures
  Inserted 0 market rows
MD 7: 8 fixtures
  Inserted 0 market rows

Total markets this run: 0
Collector done. Use --include-browser-details in future runs for rich panel data from details pages.
Current: VFLM 5346 (vf:season:3098729) MD 5
MD 5: 2 fixtures
  Inserted 0 market rows
MD 6: 8 fixtures
  Inserted 0 market rows
MD 7: 8 fixtures
  Inserted 0 market rows

Total markets this run: 0
Collector done. Use --include-browser-details in future runs for rich panel data from details pages.
Current: VFLM 5346 (vf:season:3098729) MD 5
MD 6: 8 fixtures
  Inserted 0 market rows
MD 7: 8 fixtures
  Inserted 0 market rows

Total markets this run: 0
Collector done. Use --include-browser-details in future runs for rich panel data from details pages.
Current: VFLM 5346 (vf:season:3098729) MD 5
MD 6: 8 fixtures
  Inserted 0 market rows
MD 7: 8 fixtures
  Inserted 0 market rows

Total markets this run: 0
Collector done. Use --include-browser-details in future runs for rich panel data from details pages.
Current: VFLM 5346 (vf:season:3098729) MD 5
MD 6: 8 fixtures
  Inserted 0 market rows
MD 7: 8 fixtures
  Inserted 0 market rows

Total markets this run: 0
Collector done. Use --include-browser-details in future runs for rich panel data from details pages.
Current: VFLM 5346 (vf:season:3098729) MD 5
MD 6: 8 fixtures
  Inserted 0 market rows
MD 7: 8 fixtures
  Inserted 0 market rows

Total markets this run: 0
Collector done. Use --include-browser-details in future runs for rich panel data from details pages.
Current: VFLM 5346 (vf:season:3098729) MD 5
MD 6: 8 fixtures
  Inserted 0 market rows
MD 7: 8 fixtures
  Inserted 0 market rows
MD 8: 8 fixtures
  Inserted 0 market rows

Total markets this run: 0
Collector done. Use --include-browser-details in future runs for rich panel data from details pages.
Current: VFLM 5346 (vf:season:3098729) MD 6
MD 6: 8 fixtures
  Inserted 0 market rows
MD 7: 8 fixtures
  Inserted 0 market rows
MD 8: 8 fixtures
  Inserted 0 market rows

Total markets this run: 0
Collector done. Use --include-browser-details in future runs for rich panel data from details pages.
Current: VFLM 5346 (vf:season:3098729) MD 6
MD 7: 8 fixtures
  Inserted 0 market rows
MD 8: 8 fixtures
  Inserted 0 market rows

Total markets this run: 0
Collector done. Use --include-browser-details in future runs for rich panel data from details pages.
Current: VFLM 5346 (vf:season:3098729) MD 6
MD 7: 8 fixtures
  Inserted 0 market rows
MD 8: 8 fixtures
  Inserted 0 market rows

Total markets this run: 0
Collector done. Use --include-browser-details in future runs for rich panel data from details pages.
Current: VFLM 5346 (vf:season:3098729) MD 6
MD 7: 8 fixtures
  Inserted 0 market rows
MD 8: 8 fixtures
  Inserted 0 market rows

Total markets this run: 0
Collector done. Use --include-browser-details in future runs for rich panel data from details pages.
Current: VFLM 5346 (vf:season:3098729) MD 6
MD 7: 8 fixtures
  Inserted 0 market rows
MD 8: 8 fixtures
  Inserted 0 market rows

Total markets this run: 0
Collector done. Use --include-browser-details in future runs for rich panel data from details pages.
Current: VFLM 5346 (vf:season:3098729) MD 6
MD 7: 8 fixtures
  Inserted 0 market rows
MD 8: 8 fixtures
  Inserted 0 market rows

Total markets this run: 0
Collector done. Use --include-browser-details in future runs for rich panel data from details pages.
Current: VFLM 5346 (vf:season:3098729) MD 6
MD 7: 8 fixtures
  Inserted 0 market rows
MD 8: 8 fixtures
  Inserted 0 market rows
MD 9: 8 fixtures
  Inserted 0 market rows

Total markets this run: 0
Collector done. Use --include-browser-details in future runs for rich panel data from details pages.
Current: VFLM 5346 (vf:season:3098729) MD 7
MD 7: 8 fixtures
  Inserted 0 market rows
MD 8: 8 fixtures
  Inserted 0 market rows
MD 9: 8 fixtures
  Inserted 0 market rows

Total markets this run: 0
Collector done. Use --include-browser-details in future runs for rich panel data from details pages.
Current: VFLM 5346 (vf:season:3098729) MD 7
MD 8: 8 fixtures
  Inserted 0 market rows
MD 9: 8 fixtures
  Inserted 0 market rows

Total markets this run: 0
Collector done. Use --include-browser-details in future runs for rich panel data from details pages.
Current: VFLM 5346 (vf:season:3098729) MD 7
MD 8: 8 fixtures
  Inserted 0 market rows
MD 9: 8 fixtures
  Inserted 0 market rows

Total markets this run: 0
Collector done. Use --include-browser-details in future runs for rich panel data from details pages.
Current: VFLM 5346 (vf:season:3098729) MD 7
MD 8: 8 fixtures
  Inserted 0 market rows
MD 9: 8 fixtures
  Inserted 0 market rows

Total markets this run: 0
Collector done. Use --include-browser-details in future runs for rich panel data from details pages.
Current: VFLM 5346 (vf:season:3098729) MD 7
MD 8: 8 fixtures
  Inserted 0 market rows
MD 9: 8 fixtures
  Inserted 0 market rows

Total markets this run: 0
Collector done. Use --include-browser-details in future runs for rich panel data from details pages.
Current: VFLM 5346 (vf:season:3098729) MD 7
MD 8: 8 fixtures
  Inserted 0 market rows
MD 9: 8 fixtures
  Inserted 0 market rows

Total markets this run: 0
Collector done. Use --include-browser-details in future runs for rich panel data from details pages.
Current: VFLM 5346 (vf:season:3098729) MD 7
MD 8: 8 fixtures
  Inserted 0 market rows
MD 9: 8 fixtures
  Inserted 0 market rows
MD 10: 8 fixtures
  Inserted 0 market rows

Total markets this run: 0
Collector done. Use --include-browser-details in future runs for rich panel data from details pages.
Current: VFLM 5346 (vf:season:3098729) MD 8
MD 8: 8 fixtures
  Inserted 0 market rows
MD 9: 8 fixtures
  Inserted 0 market rows
MD 10: 8 fixtures
  Inserted 0 market rows

Total markets this run: 0
Collector done. Use --include-browser-details in future runs for rich panel data from details pages.
Current: VFLM 5346 (vf:season:3098729) MD 8
MD 9: 8 fixtures
  Inserted 0 market rows
MD 10: 8 fixtures
  Inserted 0 market rows

Total markets this run: 0
Collector done. Use --include-browser-details in future runs for rich panel data from details pages.
Current: VFLM 5346 (vf:season:3098729) MD 8
MD 9: 8 fixtures
  Inserted 0 market rows
MD 10: 8 fixtures
  Inserted 0 market rows

Total markets this run: 0
Collector done. Use --include-browser-details in future runs for rich panel data from details pages.
Current: VFLM 5346 (vf:season:3098729) MD 8
MD 9: 8 fixtures
  Inserted 0 market rows
MD 10: 8 fixtures
  Inserted 0 market rows

Total markets this run: 0
Collector done. Use --include-browser-details in future runs for rich panel data from details pages.
Current: VFLM 5346 (vf:season:3098729) MD 8
MD 9: 8 fixtures
  Inserted 0 market rows
MD 10: 8 fixtures
  Inserted 0 market rows

Total markets this run: 0
Collector done. Use --include-browser-details in future runs for rich panel data from details pages.
Current: VFLM 5346 (vf:season:3098729) MD 8
MD 9: 8 fixtures
  Inserted 0 market rows
MD 10: 8 fixtures
  Inserted 0 market rows2026-06-10 06:31:07,963 [DATA-DAEMON] Collecting current odds + details...
2026-06-10 06:31:41,773 [DATA-DAEMON] Collecting current odds + details...
2026-06-10 06:32:15,621 [DATA-DAEMON] Collecting current odds + details...
2026-06-10 06:32:46,603 [DATA-DAEMON] Collecting current odds + details...
2026-06-10 06:33:17,563 [DATA-DAEMON] Collecting current odds + details...
2026-06-10 06:33:48,439 [DATA-DAEMON] Collecting current odds + details...
2026-06-10 06:34:19,479 [DATA-DAEMON] Collecting current odds + details...
2026-06-10 06:34:50,773 [DATA-DAEMON] Collecting current odds + details...
2026-06-10 06:35:24,709 [DATA-DAEMON] Collecting current odds + details...
2026-06-10 06:35:58,512 [DATA-DAEMON] Collecting current odds + details...
2026-06-10 06:36:29,437 [DATA-DAEMON] Collecting current odds + details...
2026-06-10 06:37:00,305 [DATA-DAEMON] Collecting current odds + details...
2026-06-10 06:37:31,205 [DATA-DAEMON] Collecting current odds + details...
2026-06-10 06:38:02,215 [DATA-DAEMON] Collecting current odds + details...
2026-06-10 06:38:33,299 [DATA-DAEMON] Collecting current odds + details...
2026-06-10 06:39:07,328 [DATA-DAEMON] Collecting current odds + details...
2026-06-10 06:39:41,243 [DATA-DAEMON] Collecting current odds + details...
2026-06-10 06:40:12,167 [DATA-DAEMON] Collecting current odds + details...
2026-06-10 06:40:43,155 [DATA-DAEMON] Collecting current odds + details...
2026-06-10 06:41:14,027 [DATA-DAEMON] Collecting current odds + details...
2026-06-10 06:41:44,927 [DATA-DAEMON] Collecting current odds + details...
2026-06-10 06:42:15,789 [DATA-DAEMON] Collecting current odds + details...
2026-06-10 06:42:49,550 [DATA-DAEMON] Collecting current odds + details...
2026-06-10 06:43:23,278 [DATA-DAEMON] Collecting current odds + details...
2026-06-10 06:43:54,230 [DATA-DAEMON] Collecting current odds + details...
2026-06-10 06:44:25,136 [DATA-DAEMON] Collecting current odds + details...
2026-06-10 06:44:56,058 [DATA-DAEMON] Collecting current odds + details...
2026-06-10 06:45:26,975 [DATA-DAEMON] Collecting current odds + details...
2026-06-10 06:45:58,936 [DATA-DAEMON] Collecting current odds + details...
2026-06-10 06:46:32,948 [DATA-DAEMON] Collecting current odds + details...


Total markets this run: 0
Collector done. Use --include-browser-details in future runs for rich panel data from details pages.
Current: VFLM 5346 (vf:season:3098729) MD 8
MD 9: 8 fixtures
  Inserted 0 market rows
MD 10: 8 fixtures
  Inserted 0 market rows
MD 11: 8 fixtures
  Inserted 0 market rows

Total markets this run: 0
Collector done. Use --include-browser-details in future runs for rich panel data from details pages.
Current: VFLM 5346 (vf:season:3098729) MD 9
MD 9: 8 fixtures
  Inserted 0 market rows
MD 10: 8 fixtures
  Inserted 0 market rows
MD 11: 8 fixtures
  Inserted 0 market rows

Total markets this run: 0
Collector done. Use --include-browser-details in future runs for rich panel data from details pages.
Current: VFLM 5346 (vf:season:3098729) MD 9
MD 10: 8 fixtures
  Inserted 0 market rows
MD 11: 8 fixtures
  Inserted 0 market rows

Total markets this run: 0
Collector done. Use --include-browser-details in future runs for rich panel data from details pages.
Current: VFLM 5346 (vf:season:3098729) MD 9
MD 10: 8 fixtures
  Inserted 0 market rows
MD 11: 8 fixtures
  Inserted 0 market rows

Total markets this run: 0
Collector done. Use --include-browser-details in future runs for rich panel data from details pages.
Current: VFLM 5346 (vf:season:3098729) MD 9
MD 10: 8 fixtures
  Inserted 0 market rows
MD 11: 8 fixtures
  Inserted 0 market rows

Total markets this run: 0
Collector done. Use --include-browser-details in future runs for rich panel data from details pages.
Current: VFLM 5346 (vf:season:3098729) MD 9
MD 10: 8 fixtures
  Inserted 0 market rows
MD 11: 8 fixtures
  Inserted 0 market rows

Total markets this run: 0
Collector done. Use --include-browser-details in future runs for rich panel data from details pages.
Current: VFLM 5346 (vf:season:3098729) MD 9
MD 10: 8 fixtures
  Inserted 0 market rows
MD 11: 8 fixtures
  Inserted 0 market rows

Total markets this run: 0
Collector done. Use --include-browser-details in future runs for rich panel data from details pages.
Current: VFLM 5346 (vf:season:3098729) MD 9
MD 10: 8 fixtures
  Inserted 0 market rows
MD 11: 8 fixtures
  Inserted 0 market rows
MD 12: 8 fixtures
  Inserted 0 market rows

Total markets this run: 0
Collector done. Use --include-browser-details in future runs for rich panel data from details pages.
Current: VFLM 5346 (vf:season:3098729) MD 10
MD 10: 8 fixtures
  Inserted 0 market rows
MD 11: 8 fixtures
  Inserted 0 market rows
MD 12: 8 fixtures
  Inserted 0 market rows

Total markets this run: 0
Collector done. Use --include-browser-details in future runs for rich panel data from details pages.
Current: VFLM 5346 (vf:season:3098729) MD 10
MD 11: 8 fixtures
  Inserted 0 market rows
MD 12: 8 fixtures
  Inserted 0 market rows

Total markets this run: 0
Collector done. Use --include-browser-details in future runs for rich panel data from details pages.
Current: VFLM 5346 (vf:season:3098729) MD 10
MD 11: 8 fixtures
  Inserted 0 market rows
MD 12: 8 fixtures
  Inserted 0 market rows

Total markets this run: 0
Collector done. Use --include-browser-details in future runs for rich panel data from details pages.
Current: VFLM 5346 (vf:season:3098729) MD 10
MD 11: 8 fixtures
  Inserted 0 market rows
MD 12: 8 fixtures
  Inserted 0 market rows

Total markets this run: 0
Collector done. Use --include-browser-details in future runs for rich panel data from details pages.
Current: VFLM 5346 (vf:season:3098729) MD 10
MD 11: 8 fixtures
  Inserted 0 market rows
MD 12: 8 fixtures
  Inserted 0 market rows

Total markets this run: 0
Collector done. Use --include-browser-details in future runs for rich panel data from details pages.
Current: VFLM 5346 (vf:season:3098729) MD 10
MD 11: 8 fixtures
  Inserted 0 market rows
MD 12: 8 fixtures
  Inserted 0 market rows

Total markets this run: 0
Collector done. Use --include-browser-details in future runs for rich panel data from details pages.
Current: VFLM 5346 (vf:season:3098729) MD 10
MD 11: 8 fixtures
  Inserted 0 market rows
MD 12: 8 fixtures
  Inserted 0 market rows
MD 13: 8 fixtures
  Inserted 0 market rows

Total markets this run: 0
Collector done. Use --include-browser-details in future runs for rich panel data from details pages.
Current: VFLM 5346 (vf:season:3098729) MD 11
MD 11: 8 fixtures
  Inserted 0 market rows
MD 12: 8 fixtures
  Inserted 0 market rows
MD 13: 8 fixtures
  Inserted 0 market rows

Total markets this run: 0
Collector done. Use --include-browser-details in future runs for rich panel data from details pages.
Current: VFLM 5346 (vf:season:3098729) MD 11
MD 12: 8 fixtures
  Inserted 0 market rows
MD 13: 8 fixtures
  Inserted 0 market rows

Total markets this run: 0
Collector done. Use --include-browser-details in future runs for rich panel data from details pages.
Current: VFLM 5346 (vf:season:3098729) MD 11
MD 12: 8 fixtures
  Inserted 0 market rows
MD 13: 8 fixtures
  Inserted 0 market rows

Total markets this run: 0
Collector done. Use --include-browser-details in future runs for rich panel data from details pages.
Current: VFLM 5346 (vf:season:3098729) MD 11
MD 12: 8 fixtures
  Inserted 0 market rows
MD 13: 8 fixtures
  Inserted 0 market rows

Total markets this run: 0
Collector done. Use --include-browser-details in future runs for rich panel data from details pages.
Current: VFLM 5346 (vf:season:3098729) MD 11
MD 12: 8 fixtures
  Inserted 0 market rows
MD 13: 8 fixtures
  Inserted 0 market rows

Total markets this run: 0
Collector done. Use --include-browser-details in future runs for rich panel data from details pages.
Current: VFLM 5346 (vf:season:3098729) MD 11
MD 12: 8 fixtures
  Inserted 0 market rows
MD 13: 8 fixtures
  Inserted 0 market rows

Total markets this run: 0
Collector done. Use --include-browser-details in future runs for rich panel data from details pages.
Current: VFLM 5346 (vf:season:3098729) MD 11
MD 12: 8 fixtures
  Inserted 0 market rows
MD 13: 8 fixtures
  Inserted 0 market rows
MD 14: 8 fixtures
  Inserted 0 market rows

Total markets this run: 0
Collector done. Use --include-browser-details in future runs for rich panel data from details pages.
Current: VFLM 5346 (vf:season:3098729) MD 12
MD 12: 8 fixtures
  Inserted 0 market rows
MD 13: 8 fixtures
  Inserted 0 market rows
MD 14: 8 fixtures
  Inserted 0 market rows

Total markets this run: 0
Collector done. Use --include-browser-details in future runs for rich panel data from details pages.
Current: VFLM 5346 (vf:season:3098729) MD 12
MD 13: 8 fixtures
  Inserted 0 market rows
MD 14: 8 fixtures
  Inserted 0 market rows

Total markets this run: 0
Collector done. Use --include-browser-details in future runs for rich panel data from details pages.
Current: VFLM 5346 (vf:season:3098729) MD 12
MD 13: 8 fixtures
  Inserted 0 market rows
MD 14: 8 fixtures
  Inserted 0 market rows

Total markets this run: 0
Collector done. Use --include-browser-details in future runs for rich panel data from details pages.
Current: VFLM 5346 (vf:season:3098729) MD 12
MD 13: 8 fixtures
  Inserted 0 market rows
MD 14: 8 fixtures
  Inserted 0 market rows

Total markets this run: 0
Collector done. Use --include-browser-details in future runs for rich panel data from details pages.
Current: VFLM 5346 (vf:season:3098729) MD 12
MD 13: 8 fixtures
  Inserted 0 market rows
MD 14: 8 fixtures
  Inserted 0 market rows

Total markets this run: 0
Collector done. Use --include-browser-details in future runs for rich panel data from details pages.
Current: VFLM 5346 (vf:season:3098729) MD 12
MD 13: 8 fixtures
  Inserted 0 market rows
MD 14: 8 fixtures
  Inserted 0 market rows
MD 15: 3 fixtures
  Inserted 0 market rows

Total markets this run: 0
Collector done. Use --include-browser-details in future runs for rich panel data from details pages.
Current: VFLM 5346 (vf:season:3098729) MD 13
MD 13: 8 fixtures
  Inserted 0 market rows
MD 14: 8 fixtures
  Inserted 0 market rows
MD 15: 8 fixtures
  Inserted 0 market rows

Total markets this run: 0
Collector done. Use --include-browser-details in future runs for rich panel data from details pages.
Current: VFLM 5346 (vf:season:3098729) MD 13
MD 13: 8 fixtures
  Inserted 0 market rows
MD 14: 8 fixtures
  Inserted 0 market rows
MD 15: 8 fixtures2026-06-10 06:47:06,742 [DATA-DAEMON] Collecting current odds + details...
2026-06-10 06:47:37,923 [DATA-DAEMON] Collecting current odds + details...
2026-06-10 06:48:08,807 [DATA-DAEMON] Collecting current odds + details...
2026-06-10 06:48:39,756 [DATA-DAEMON] Collecting current odds + details...
2026-06-10 06:49:10,657 [DATA-DAEMON] Collecting current odds + details...
2026-06-10 06:49:42,976 [DATA-DAEMON] Collecting current odds + details...
2026-06-10 06:50:16,660 [DATA-DAEMON] Collecting current odds + details...
2026-06-10 06:50:50,466 [DATA-DAEMON] Collecting current odds + details...
2026-06-10 06:51:21,468 [DATA-DAEMON] Collecting current odds + details...
2026-06-10 06:51:52,373 [DATA-DAEMON] Collecting current odds + details...
2026-06-10 06:52:23,593 [DATA-DAEMON] Collecting current odds + details...
2026-06-10 06:52:54,615 [DATA-DAEMON] Collecting current odds + details...
2026-06-10 06:53:28,401 [DATA-DAEMON] Collecting current odds + details...
2026-06-10 06:54:02,243 [DATA-DAEMON] Collecting current odds + details...
2026-06-10 06:54:33,203 [DATA-DAEMON] Collecting current odds + details...
2026-06-10 06:55:04,120 [DATA-DAEMON] Collecting current odds + details...
2026-06-10 06:55:35,169 [DATA-DAEMON] Collecting current odds + details...
2026-06-10 06:56:06,090 [DATA-DAEMON] Collecting current odds + details...
2026-06-10 06:56:37,047 [DATA-DAEMON] Collecting current odds + details...
2026-06-10 06:57:10,833 [DATA-DAEMON] Collecting current odds + details...
2026-06-10 06:57:44,703 [DATA-DAEMON] Collecting current odds + details...
2026-06-10 06:58:15,643 [DATA-DAEMON] Collecting current odds + details...
2026-06-10 06:58:46,690 [DATA-DAEMON] Collecting current odds + details...
2026-06-10 06:59:17,523 [DATA-DAEMON] Collecting current odds + details...
2026-06-10 06:59:48,405 [DATA-DAEMON] Collecting current odds + details...
2026-06-10 07:00:19,349 [DATA-DAEMON] Collecting current odds + details...
2026-06-10 07:00:53,407 [DATA-DAEMON] Collecting current odds + details...
2026-06-10 07:01:27,358 [DATA-DAEMON] Collecting current odds + details...
2026-06-10 07:01:58,300 [DATA-DAEMON] Collecting current odds + details...
2026-06-10 07:02:29,455 [DATA-DAEMON] Collecting current odds + details...

  Inserted 0 market rows

Total markets this run: 0
Collector done. Use --include-browser-details in future runs for rich panel data from details pages.
Current: VFLM 5346 (vf:season:3098729) MD 13
MD 14: 8 fixtures
  Inserted 0 market rows
MD 15: 8 fixtures
  Inserted 0 market rows

Total markets this run: 0
Collector done. Use --include-browser-details in future runs for rich panel data from details pages.
Current: VFLM 5346 (vf:season:3098729) MD 13
MD 14: 8 fixtures
  Inserted 0 market rows
MD 15: 8 fixtures
  Inserted 0 market rows

Total markets this run: 0
Collector done. Use --include-browser-details in future runs for rich panel data from details pages.
Current: VFLM 5346 (vf:season:3098729) MD 13
MD 14: 8 fixtures
  Inserted 0 market rows
MD 15: 8 fixtures
  Inserted 0 market rows

Total markets this run: 0
Collector done. Use --include-browser-details in future runs for rich panel data from details pages.
Current: VFLM 5346 (vf:season:3098729) MD 13
MD 14: 8 fixtures
  Inserted 0 market rows
MD 15: 8 fixtures
  Inserted 0 market rows

Total markets this run: 0
Collector done. Use --include-browser-details in future runs for rich panel data from details pages.
Current: VFLM 5346 (vf:season:3098729) MD 13
MD 14: 8 fixtures
  Inserted 0 market rows
MD 15: 8 fixtures
  Inserted 0 market rows
MD 16: 4 fixtures
  Inserted 0 market rows

Total markets this run: 0
Collector done. Use --include-browser-details in future runs for rich panel data from details pages.
Current: VFLM 5346 (vf:season:3098729) MD 14
MD 14: 8 fixtures
  Inserted 0 market rows
MD 15: 8 fixtures
  Inserted 0 market rows
MD 16: 8 fixtures
  Inserted 0 market rows

Total markets this run: 0
Collector done. Use --include-browser-details in future runs for rich panel data from details pages.
Current: VFLM 5346 (vf:season:3098729) MD 14
MD 14: 8 fixtures
  Inserted 0 market rows
MD 15: 8 fixtures
  Inserted 0 market rows
MD 16: 8 fixtures
  Inserted 0 market rows

Total markets this run: 0
Collector done. Use --include-browser-details in future runs for rich panel data from details pages.
Current: VFLM 5346 (vf:season:3098729) MD 14
MD 15: 8 fixtures
  Inserted 0 market rows
MD 16: 8 fixtures
  Inserted 0 market rows

Total markets this run: 0
Collector done. Use --include-browser-details in future runs for rich panel data from details pages.
Current: VFLM 5346 (vf:season:3098729) MD 14
MD 15: 8 fixtures
  Inserted 0 market rows
MD 16: 8 fixtures
  Inserted 0 market rows

Total markets this run: 0
Collector done. Use --include-browser-details in future runs for rich panel data from details pages.
Current: VFLM 5346 (vf:season:3098729) MD 14
MD 15: 8 fixtures
  Inserted 0 market rows
MD 16: 8 fixtures
  Inserted 0 market rows

Total markets this run: 0
Collector done. Use --include-browser-details in future runs for rich panel data from details pages.
Current: VFLM 5346 (vf:season:3098729) MD 14
MD 15: 8 fixtures
  Inserted 0 market rows
MD 16: 8 fixtures
  Inserted 0 market rows

Total markets this run: 0
Collector done. Use --include-browser-details in future runs for rich panel data from details pages.
Current: VFLM 5346 (vf:season:3098729) MD 14
MD 15: 8 fixtures
  Inserted 0 market rows
MD 16: 8 fixtures
  Inserted 0 market rows
MD 17: 8 fixtures
  Inserted 0 market rows

Total markets this run: 0
Collector done. Use --include-browser-details in future runs for rich panel data from details pages.
Current: VFLM 5346 (vf:season:3098729) MD 15
MD 15: 8 fixtures
  Inserted 0 market rows
MD 16: 8 fixtures
  Inserted 0 market rows
MD 17: 8 fixtures
  Inserted 0 market rows

Total markets this run: 0
Collector done. Use --include-browser-details in future runs for rich panel data from details pages.
Current: VFLM 5346 (vf:season:3098729) MD 15
MD 16: 8 fixtures
  Inserted 0 market rows
MD 17: 8 fixtures
  Inserted 0 market rows

Total markets this run: 0
Collector done. Use --include-browser-details in future runs for rich panel data from details pages.
Current: VFLM 5346 (vf:season:3098729) MD 15
MD 16: 8 fixtures
  Inserted 0 market rows
MD 17: 8 fixtures
  Inserted 0 market rows

Total markets this run: 0
Collector done. Use --include-browser-details in future runs for rich panel data from details pages.
Current: VFLM 5346 (vf:season:3098729) MD 15
MD 16: 8 fixtures
  Inserted 0 market rows
MD 17: 8 fixtures
  Inserted 0 market rows

Total markets this run: 0
Collector done. Use --include-browser-details in future runs for rich panel data from details pages.
Current: VFLM 5346 (vf:season:3098729) MD 15
MD 16: 8 fixtures
  Inserted 0 market rows
MD 17: 8 fixtures
  Inserted 0 market rows

Total markets this run: 0
Collector done. Use --include-browser-details in future runs for rich panel data from details pages.
Current: VFLM 5346 (vf:season:3098729) MD 15
MD 16: 8 fixtures
  Inserted 0 market rows
MD 17: 8 fixtures
  Inserted 0 market rows

Total markets this run: 0
Collector done. Use --include-browser-details in future runs for rich panel data from details pages.
Current: VFLM 5346 (vf:season:3098729) MD 15
MD 16: 8 fixtures
  Inserted 0 market rows
MD 17: 8 fixtures
  Inserted 0 market rows
MD 18: 8 fixtures
  Inserted 0 market rows

Total markets this run: 0
Collector done. Use --include-browser-details in future runs for rich panel data from details pages.
Current: VFLM 5346 (vf:season:3098729) MD 16
MD 16: 8 fixtures
  Inserted 0 market rows
MD 17: 8 fixtures
  Inserted 0 market rows
MD 18: 8 fixtures
  Inserted 0 market rows

Total markets this run: 0
Collector done. Use --include-browser-details in future runs for rich panel data from details pages.
Current: VFLM 5346 (vf:season:3098729) MD 16
MD 17: 8 fixtures
  Inserted 0 market rows
MD 18: 8 fixtures
  Inserted 0 market rows

Total markets this run: 0
Collector done. Use --include-browser-details in future runs for rich panel data from details pages.
Current: VFLM 5346 (vf:season:3098729) MD 16
MD 17: 8 fixtures
  Inserted 0 market rows
MD 18: 8 fixtures
  Inserted 0 market rows

Total markets this run: 0
Collector done. Use --include-browser-details in future runs for rich panel data from details pages.
Current: VFLM 5346 (vf:season:3098729) MD 16
MD 17: 8 fixtures
  Inserted 0 market rows
MD 18: 8 fixtures
  Inserted 0 market rows

Total markets this run: 0
Collector done. Use --include-browser-details in future runs for rich panel data from details pages.
Current: VFLM 5346 (vf:season:3098729) MD 16
MD 17: 8 fixtures
  Inserted 0 market rows
MD 18: 8 fixtures
  Inserted 0 market rows

Total markets this run: 0
Collector done. Use --include-browser-details in future runs for rich panel data from details pages.
Current: VFLM 5346 (vf:season:3098729) MD 16
MD 17: 8 fixtures
  Inserted 0 market rows
MD 18: 8 fixtures
  Inserted 0 market rows

Total markets this run: 0
Collector done. Use --include-browser-details in future runs for rich panel data from details pages.
Current: VFLM 5346 (vf:season:3098729) MD 16
MD 17: 8 fixtures
  Inserted 0 market rows
MD 18: 8 fixtures
  Inserted 0 market rows
MD 19: 8 fixtures
  Inserted 0 market rows

Total markets this run: 0
Collector done. Use --include-browser-details in future runs for rich panel data from details pages.
Current: VFLM 5346 (vf:season:3098729) MD 17
MD 17: 8 fixtures
  Inserted 0 market rows
MD 18: 8 fixtures
  Inserted 0 market rows
MD 19: 8 fixtures
  Inserted 0 market rows

Total markets this run: 0
Collector done. Use --include-browser-details in future runs for rich panel data from details pages.
Current: VFLM 5346 (vf:season:3098729) MD 17
MD 18: 8 fixtures
  Inserted 0 market rows
MD 19: 8 fixtures
  Inserted 0 market rows

Total markets this run: 0
Collector done. Use --include-browser-details in future runs for rich panel data from details pages.
Current: VFLM 5346 (vf:season:3098729) MD 17
MD 18: 8 fixtures
  Inserted 0 market rows
MD 19: 8 fixtures
  Inserted 0 market rows

Total markets this run: 0
Collector done. Use --include-browser-details in future runs for rich panel data from details pages.
Current: VFLM 5346 (vf:season:3098729) MD 17
MD 18: 8 fixtures
  Inserted 0 market rows
MD 19: 8 fixtures
  Inserted 0 market rows

Total markets this run: 02026-06-10 07:03:00,925 [DATA-DAEMON] Collecting current odds + details...
2026-06-10 07:03:31,900 [DATA-DAEMON] Collecting current odds + details...
2026-06-10 07:04:03,019 [DATA-DAEMON] Collecting current odds + details...
2026-06-10 07:04:36,801 [DATA-DAEMON] Collecting current odds + details...
2026-06-10 07:05:10,908 [DATA-DAEMON] Collecting current odds + details...
2026-06-10 07:05:41,936 [DATA-DAEMON] Collecting current odds + details...
2026-06-10 07:06:12,928 [DATA-DAEMON] Collecting current odds + details...
2026-06-10 07:06:44,018 [DATA-DAEMON] Collecting current odds + details...
2026-06-10 07:07:14,983 [DATA-DAEMON] Collecting current odds + details...
2026-06-10 07:07:46,015 [DATA-DAEMON] Collecting current odds + details...
2026-06-10 07:08:20,201 [DATA-DAEMON] Collecting current odds + details...
2026-06-10 07:08:54,029 [DATA-DAEMON] Collecting current odds + details...
2026-06-10 07:09:25,018 [DATA-DAEMON] Collecting current odds + details...
2026-06-10 07:09:56,063 [DATA-DAEMON] Collecting current odds + details...
2026-06-10 07:10:27,191 [DATA-DAEMON] Collecting current odds + details...
2026-06-10 07:10:58,084 [DATA-DAEMON] Collecting current odds + details...
2026-06-10 07:11:29,451 [DATA-DAEMON] Collecting current odds + details...
2026-06-10 07:12:03,293 [DATA-DAEMON] Collecting current odds + details...
2026-06-10 07:12:37,316 [DATA-DAEMON] Collecting current odds + details...
2026-06-10 07:13:08,253 [DATA-DAEMON] Collecting current odds + details...
2026-06-10 07:13:39,271 [DATA-DAEMON] Collecting current odds + details...
2026-06-10 07:14:10,639 [DATA-DAEMON] Collecting current odds + details...
2026-06-10 07:14:41,643 [DATA-DAEMON] Collecting current odds + details...
2026-06-10 07:15:12,935 [DATA-DAEMON] Collecting current odds + details...
2026-06-10 07:15:46,871 [DATA-DAEMON] Collecting current odds + details...
2026-06-10 07:16:20,954 [DATA-DAEMON] Collecting current odds + details...
2026-06-10 07:16:51,969 [DATA-DAEMON] Collecting current odds + details...
2026-06-10 07:17:22,936 [DATA-DAEMON] Collecting current odds + details...
2026-06-10 07:17:53,875 [DATA-DAEMON] Collecting current odds + details...
2026-06-10 07:18:24,875 [DATA-DAEMON] Collecting current odds + details...

Collector done. Use --include-browser-details in future runs for rich panel data from details pages.
Current: VFLM 5346 (vf:season:3098729) MD 17
MD 18: 8 fixtures
  Inserted 0 market rows
MD 19: 8 fixtures
  Inserted 0 market rows

Total markets this run: 0
Collector done. Use --include-browser-details in future runs for rich panel data from details pages.
Current: VFLM 5346 (vf:season:3098729) MD 17
MD 18: 8 fixtures
  Inserted 0 market rows
MD 19: 8 fixtures
  Inserted 0 market rows

Total markets this run: 0
Collector done. Use --include-browser-details in future runs for rich panel data from details pages.
Current: VFLM 5346 (vf:season:3098729) MD 17
MD 18: 8 fixtures
  Inserted 0 market rows
MD 19: 8 fixtures
  Inserted 0 market rows
MD 20: 8 fixtures
  Inserted 0 market rows

Total markets this run: 0
Collector done. Use --include-browser-details in future runs for rich panel data from details pages.
Current: VFLM 5346 (vf:season:3098729) MD 18
MD 18: 8 fixtures
  Inserted 0 market rows
MD 19: 8 fixtures
  Inserted 0 market rows
MD 20: 8 fixtures
  Inserted 0 market rows

Total markets this run: 0
Collector done. Use --include-browser-details in future runs for rich panel data from details pages.
Current: VFLM 5346 (vf:season:3098729) MD 18
MD 19: 8 fixtures
  Inserted 0 market rows
MD 20: 8 fixtures
  Inserted 0 market rows

Total markets this run: 0
Collector done. Use --include-browser-details in future runs for rich panel data from details pages.
Current: VFLM 5346 (vf:season:3098729) MD 18
MD 19: 8 fixtures
  Inserted 0 market rows
MD 20: 8 fixtures
  Inserted 0 market rows

Total markets this run: 0
Collector done. Use --include-browser-details in future runs for rich panel data from details pages.
Current: VFLM 5346 (vf:season:3098729) MD 18
MD 19: 8 fixtures
  Inserted 0 market rows
MD 20: 8 fixtures
  Inserted 0 market rows

Total markets this run: 0
Collector done. Use --include-browser-details in future runs for rich panel data from details pages.
Current: VFLM 5346 (vf:season:3098729) MD 18
MD 19: 8 fixtures
  Inserted 0 market rows
MD 20: 8 fixtures
  Inserted 0 market rows

Total markets this run: 0
Collector done. Use --include-browser-details in future runs for rich panel data from details pages.
Current: VFLM 5346 (vf:season:3098729) MD 18
MD 19: 8 fixtures
  Inserted 0 market rows
MD 20: 8 fixtures
  Inserted 0 market rows

Total markets this run: 0
Collector done. Use --include-browser-details in future runs for rich panel data from details pages.
Current: VFLM 5346 (vf:season:3098729) MD 18
MD 19: 8 fixtures
  Inserted 0 market rows
MD 20: 8 fixtures
  Inserted 0 market rows
MD 21: 8 fixtures
  Inserted 0 market rows

Total markets this run: 0
Collector done. Use --include-browser-details in future runs for rich panel data from details pages.
Current: VFLM 5346 (vf:season:3098729) MD 19
MD 19: 8 fixtures
  Inserted 0 market rows
MD 20: 8 fixtures
  Inserted 0 market rows
MD 21: 8 fixtures
  Inserted 0 market rows

Total markets this run: 0
Collector done. Use --include-browser-details in future runs for rich panel data from details pages.
Current: VFLM 5346 (vf:season:3098729) MD 19
MD 20: 8 fixtures
  Inserted 0 market rows
MD 21: 8 fixtures
  Inserted 0 market rows

Total markets this run: 0
Collector done. Use --include-browser-details in future runs for rich panel data from details pages.
Current: VFLM 5346 (vf:season:3098729) MD 19
MD 20: 8 fixtures
  Inserted 0 market rows
MD 21: 8 fixtures
  Inserted 0 market rows

Total markets this run: 0
Collector done. Use --include-browser-details in future runs for rich panel data from details pages.
Current: VFLM 5346 (vf:season:3098729) MD 19
MD 20: 8 fixtures
  Inserted 0 market rows
MD 21: 8 fixtures
  Inserted 0 market rows

Total markets this run: 0
Collector done. Use --include-browser-details in future runs for rich panel data from details pages.
Current: VFLM 5346 (vf:season:3098729) MD 19
MD 20: 8 fixtures
  Inserted 0 market rows
MD 21: 8 fixtures
  Inserted 0 market rows

Total markets this run: 0
Collector done. Use --include-browser-details in future runs for rich panel data from details pages.
Current: VFLM 5346 (vf:season:3098729) MD 19
MD 20: 8 fixtures
  Inserted 0 market rows
MD 21: 8 fixtures
  Inserted 0 market rows

Total markets this run: 0
Collector done. Use --include-browser-details in future runs for rich panel data from details pages.
Current: VFLM 5346 (vf:season:3098729) MD 19
MD 20: 8 fixtures
  Inserted 0 market rows
MD 21: 8 fixtures
  Inserted 0 market rows
MD 22: 8 fixtures
  Inserted 0 market rows

Total markets this run: 0
Collector done. Use --include-browser-details in future runs for rich panel data from details pages.
Current: VFLM 5346 (vf:season:3098729) MD 20
MD 20: 8 fixtures
  Inserted 0 market rows
MD 21: 8 fixtures
  Inserted 0 market rows
MD 22: 8 fixtures
  Inserted 0 market rows

Total markets this run: 0
Collector done. Use --include-browser-details in future runs for rich panel data from details pages.
Current: VFLM 5346 (vf:season:3098729) MD 20
MD 21: 8 fixtures
  Inserted 0 market rows
MD 22: 8 fixtures
  Inserted 0 market rows

Total markets this run: 0
Collector done. Use --include-browser-details in future runs for rich panel data from details pages.
Current: VFLM 5346 (vf:season:3098729) MD 20
MD 21: 8 fixtures
  Inserted 0 market rows
MD 22: 8 fixtures
  Inserted 0 market rows

Total markets this run: 0
Collector done. Use --include-browser-details in future runs for rich panel data from details pages.
Current: VFLM 5346 (vf:season:3098729) MD 20
MD 21: 8 fixtures
  Inserted 0 market rows
MD 22: 8 fixtures
  Inserted 0 market rows

Total markets this run: 0
Collector done. Use --include-browser-details in future runs for rich panel data from details pages.
Current: VFLM 5346 (vf:season:3098729) MD 20
MD 21: 8 fixtures
  Inserted 0 market rows
MD 22: 8 fixtures
  Inserted 0 market rows

Total markets this run: 0
Collector done. Use --include-browser-details in future runs for rich panel data from details pages.
Current: VFLM 5346 (vf:season:3098729) MD 20
MD 21: 8 fixtures
  Inserted 0 market rows
MD 22: 8 fixtures
  Inserted 0 market rows

Total markets this run: 0
Collector done. Use --include-browser-details in future runs for rich panel data from details pages.
Current: VFLM 5346 (vf:season:3098729) MD 20
MD 21: 8 fixtures
  Inserted 0 market rows
MD 22: 8 fixtures
  Inserted 0 market rows
MD 23: 8 fixtures
  Inserted 0 market rows

Total markets this run: 0
Collector done. Use --include-browser-details in future runs for rich panel data from details pages.
Current: VFLM 5346 (vf:season:3098729) MD 21
MD 21: 8 fixtures
  Inserted 0 market rows
MD 22: 8 fixtures
  Inserted 0 market rows
MD 23: 8 fixtures
  Inserted 0 market rows

Total markets this run: 0
Collector done. Use --include-browser-details in future runs for rich panel data from details pages.
Current: VFLM 5346 (vf:season:3098729) MD 21
MD 22: 8 fixtures
  Inserted 0 market rows
MD 23: 8 fixtures
  Inserted 0 market rows

Total markets this run: 0
Collector done. Use --include-browser-details in future runs for rich panel data from details pages.
Current: VFLM 5346 (vf:season:3098729) MD 21
MD 22: 8 fixtures
  Inserted 0 market rows
MD 23: 8 fixtures
  Inserted 0 market rows

Total markets this run: 0
Collector done. Use --include-browser-details in future runs for rich panel data from details pages.
Current: VFLM 5346 (vf:season:3098729) MD 21
MD 22: 8 fixtures
  Inserted 0 market rows
MD 23: 8 fixtures
  Inserted 0 market rows

Total markets this run: 0
Collector done. Use --include-browser-details in future runs for rich panel data from details pages.
Current: VFLM 5346 (vf:season:3098729) MD 21
MD 22: 8 fixtures
  Inserted 0 market rows
MD 23: 8 fixtures
  Inserted 0 market rows

Total markets this run: 0
Collector done. Use --include-browser-details in future runs for rich panel data from details pages.
Current: VFLM 5346 (vf:season:3098729) MD 21
MD 22: 8 fixtures
  Inserted 0 market rows
MD 23: 8 fixtures
  Inserted 0 market rows

Total markets this run: 0
Collector done. Use --include-browser-details in future runs for rich panel data from details pages.2026-06-10 07:18:55,923 [DATA-DAEMON] Collecting current odds + details...
2026-06-10 07:19:29,801 [DATA-DAEMON] Collecting current odds + details...
2026-06-10 07:20:03,706 [DATA-DAEMON] Collecting current odds + details...
2026-06-10 07:20:34,811 [DATA-DAEMON] Collecting current odds + details...
2026-06-10 07:21:05,917 [DATA-DAEMON] Collecting current odds + details...
2026-06-10 07:21:37,052 [DATA-DAEMON] Collecting current odds + details...
2026-06-10 07:22:08,480 [DATA-DAEMON] Collecting current odds + details...
2026-06-10 07:22:42,494 [DATA-DAEMON] Collecting current odds + details...
2026-06-10 07:23:16,348 [DATA-DAEMON] Collecting current odds + details...
2026-06-10 07:23:50,395 [DATA-DAEMON] Collecting current odds + details...
2026-06-10 07:24:21,299 [DATA-DAEMON] Collecting current odds + details...
2026-06-10 07:24:52,794 [DATA-DAEMON] Collecting current odds + details...
2026-06-10 07:25:23,927 [DATA-DAEMON] Collecting current odds + details...
2026-06-10 07:25:54,890 [DATA-DAEMON] Collecting current odds + details...
2026-06-10 07:26:28,726 [DATA-DAEMON] Collecting current odds + details...
2026-06-10 07:27:02,580 [DATA-DAEMON] Collecting current odds + details...
2026-06-10 07:27:36,624 [DATA-DAEMON] Collecting current odds + details...
2026-06-10 07:28:07,604 [DATA-DAEMON] Collecting current odds + details...
2026-06-10 07:28:38,891 [DATA-DAEMON] Collecting current odds + details...
2026-06-10 07:29:10,052 [DATA-DAEMON] Collecting current odds + details...
2026-06-10 07:29:41,285 [DATA-DAEMON] Collecting current odds + details...
2026-06-10 07:30:15,134 [DATA-DAEMON] Collecting current odds + details...
2026-06-10 07:30:49,111 [DATA-DAEMON] Collecting current odds + details...
2026-06-10 07:31:20,186 [DATA-DAEMON] Collecting current odds + details...
2026-06-10 07:31:51,215 [DATA-DAEMON] Collecting current odds + details...
2026-06-10 07:32:22,286 [DATA-DAEMON] Collecting current odds + details...
2026-06-10 07:32:53,234 [DATA-DAEMON] Collecting current odds + details...
2026-06-10 07:33:24,353 [DATA-DAEMON] Collecting current odds + details...
2026-06-10 07:33:58,272 [DATA-DAEMON] Collecting current odds + details...
2026-06-10 07:34:32,247 [DATA-DAEMON] Collecting current odds + details...

Current: VFLM 5346 (vf:season:3098729) MD 22
MD 22: 8 fixtures
  Inserted 0 market rows
MD 23: 8 fixtures
  Inserted 0 market rows
MD 24: 8 fixtures
  Inserted 0 market rows

Total markets this run: 0
Collector done. Use --include-browser-details in future runs for rich panel data from details pages.
Current: VFLM 5346 (vf:season:3098729) MD 22
MD 22: 8 fixtures
  Inserted 0 market rows
MD 23: 8 fixtures
  Inserted 0 market rows
MD 24: 8 fixtures
  Inserted 0 market rows

Total markets this run: 0
Collector done. Use --include-browser-details in future runs for rich panel data from details pages.
Current: VFLM 5346 (vf:season:3098729) MD 22
MD 23: 8 fixtures
  Inserted 0 market rows
MD 24: 8 fixtures
  Inserted 0 market rows

Total markets this run: 0
Collector done. Use --include-browser-details in future runs for rich panel data from details pages.
Current: VFLM 5346 (vf:season:3098729) MD 22
MD 23: 8 fixtures
  Inserted 0 market rows
MD 24: 8 fixtures
  Inserted 0 market rows

Total markets this run: 0
Collector done. Use --include-browser-details in future runs for rich panel data from details pages.
Current: VFLM 5346 (vf:season:3098729) MD 22
MD 23: 8 fixtures
  Inserted 0 market rows
MD 24: 8 fixtures
  Inserted 0 market rows

Total markets this run: 0
Collector done. Use --include-browser-details in future runs for rich panel data from details pages.
Current: VFLM 5346 (vf:season:3098729) MD 22
MD 23: 8 fixtures
  Inserted 0 market rows
MD 24: 8 fixtures
  Inserted 0 market rows

Total markets this run: 0
Collector done. Use --include-browser-details in future runs for rich panel data from details pages.
Current: VFLM 5346 (vf:season:3098729) MD 22
MD 23: 8 fixtures
  Inserted 0 market rows
MD 24: 8 fixtures
  Inserted 0 market rows
MD 25: 7 fixtures
  Inserted 0 market rows

Total markets this run: 0
Collector done. Use --include-browser-details in future runs for rich panel data from details pages.
Current: VFLM 5346 (vf:season:3098729) MD 23
MD 23: 8 fixtures
  Inserted 0 market rows
MD 24: 8 fixtures
  Inserted 0 market rows
MD 25: 8 fixtures
  Inserted 0 market rows

Total markets this run: 0
Collector done. Use --include-browser-details in future runs for rich panel data from details pages.
Current: VFLM 5346 (vf:season:3098729) MD 23
MD 23: 8 fixtures
  Inserted 0 market rows
MD 24: 8 fixtures
  Inserted 0 market rows
MD 25: 8 fixtures
  Inserted 0 market rows

Total markets this run: 0
Collector done. Use --include-browser-details in future runs for rich panel data from details pages.
Current: VFLM 5346 (vf:season:3098729) MD 23
MD 24: 8 fixtures
  Inserted 0 market rows
MD 25: 8 fixtures
  Inserted 0 market rows

Total markets this run: 0
Collector done. Use --include-browser-details in future runs for rich panel data from details pages.
Current: VFLM 5346 (vf:season:3098729) MD 23
MD 24: 8 fixtures
  Inserted 0 market rows
MD 25: 8 fixtures
  Inserted 0 market rows

Total markets this run: 0
Collector done. Use --include-browser-details in future runs for rich panel data from details pages.
Current: VFLM 5346 (vf:season:3098729) MD 23
MD 24: 8 fixtures
  Inserted 0 market rows
MD 25: 8 fixtures
  Inserted 0 market rows

Total markets this run: 0
Collector done. Use --include-browser-details in future runs for rich panel data from details pages.
Current: VFLM 5346 (vf:season:3098729) MD 23
MD 24: 8 fixtures
  Inserted 0 market rows
MD 25: 8 fixtures
  Inserted 0 market rows

Total markets this run: 0
Collector done. Use --include-browser-details in future runs for rich panel data from details pages.
Current: VFLM 5346 (vf:season:3098729) MD 23
MD 24: 8 fixtures
  Inserted 0 market rows
MD 25: 8 fixtures
  Inserted 0 market rows
MD 26: 8 fixtures
  Inserted 0 market rows

Total markets this run: 0
Collector done. Use --include-browser-details in future runs for rich panel data from details pages.
Current: VFLM 5346 (vf:season:3098729) MD 24
MD 24: 8 fixtures
  Inserted 0 market rows
MD 25: 8 fixtures
  Inserted 0 market rows
MD 26: 8 fixtures
  Inserted 0 market rows

Total markets this run: 0
Collector done. Use --include-browser-details in future runs for rich panel data from details pages.
Current: VFLM 5346 (vf:season:3098729) MD 24
MD 24: 8 fixtures
  Inserted 0 market rows
MD 25: 8 fixtures
  Inserted 0 market rows
MD 26: 8 fixtures
  Inserted 0 market rows

Total markets this run: 0
Collector done. Use --include-browser-details in future runs for rich panel data from details pages.
Current: VFLM 5346 (vf:season:3098729) MD 24
MD 25: 8 fixtures
  Inserted 0 market rows
MD 26: 8 fixtures
  Inserted 0 market rows

Total markets this run: 0
Collector done. Use --include-browser-details in future runs for rich panel data from details pages.
Current: VFLM 5346 (vf:season:3098729) MD 24
MD 25: 8 fixtures
  Inserted 0 market rows
MD 26: 8 fixtures
  Inserted 0 market rows

Total markets this run: 0
Collector done. Use --include-browser-details in future runs for rich panel data from details pages.
Current: VFLM 5346 (vf:season:3098729) MD 24
MD 25: 8 fixtures
  Inserted 0 market rows
MD 26: 8 fixtures
  Inserted 0 market rows

Total markets this run: 0
Collector done. Use --include-browser-details in future runs for rich panel data from details pages.
Current: VFLM 5346 (vf:season:3098729) MD 24
MD 25: 8 fixtures
  Inserted 0 market rows
MD 26: 8 fixtures
  Inserted 0 market rows

Total markets this run: 0
Collector done. Use --include-browser-details in future runs for rich panel data from details pages.
Current: VFLM 5346 (vf:season:3098729) MD 24
MD 25: 8 fixtures
  Inserted 0 market rows
MD 26: 8 fixtures
  Inserted 0 market rows
MD 27: 8 fixtures
  Inserted 0 market rows

Total markets this run: 0
Collector done. Use --include-browser-details in future runs for rich panel data from details pages.
Current: VFLM 5346 (vf:season:3098729) MD 25
MD 25: 8 fixtures
  Inserted 0 market rows
MD 26: 8 fixtures
  Inserted 0 market rows
MD 27: 8 fixtures
  Inserted 0 market rows

Total markets this run: 0
Collector done. Use --include-browser-details in future runs for rich panel data from details pages.
Current: VFLM 5346 (vf:season:3098729) MD 25
MD 26: 8 fixtures
  Inserted 0 market rows
MD 27: 8 fixtures
  Inserted 0 market rows

Total markets this run: 0
Collector done. Use --include-browser-details in future runs for rich panel data from details pages.
Current: VFLM 5346 (vf:season:3098729) MD 25
MD 26: 8 fixtures
  Inserted 0 market rows
MD 27: 8 fixtures
  Inserted 0 market rows

Total markets this run: 0
Collector done. Use --include-browser-details in future runs for rich panel data from details pages.
Current: VFLM 5346 (vf:season:3098729) MD 25
MD 26: 8 fixtures
  Inserted 0 market rows
MD 27: 8 fixtures
  Inserted 0 market rows

Total markets this run: 0
Collector done. Use --include-browser-details in future runs for rich panel data from details pages.
Current: VFLM 5346 (vf:season:3098729) MD 25
MD 26: 8 fixtures
  Inserted 0 market rows
MD 27: 8 fixtures
  Inserted 0 market rows

Total markets this run: 0
Collector done. Use --include-browser-details in future runs for rich panel data from details pages.
Current: VFLM 5346 (vf:season:3098729) MD 25
MD 26: 8 fixtures
  Inserted 0 market rows
MD 27: 8 fixtures
  Inserted 0 market rows

Total markets this run: 0
Collector done. Use --include-browser-details in future runs for rich panel data from details pages.
Current: VFLM 5346 (vf:season:3098729) MD 25
MD 26: 8 fixtures
  Inserted 0 market rows
MD 27: 8 fixtures
  Inserted 0 market rows
MD 28: 8 fixtures
  Inserted 0 market rows

Total markets this run: 0
Collector done. Use --include-browser-details in future runs for rich panel data from details pages.
Current: VFLM 5346 (vf:season:3098729) MD 26
MD 26: 8 fixtures
  Inserted 0 market rows
MD 27: 8 fixtures
  Inserted 0 market rows
MD 28: 8 fixtures
  Inserted 0 market rows

Total markets this run: 0
Collector done. Use --include-browser-details in future runs for rich panel data from details pages.
Current: VFLM 5346 (vf:season:3098729) MD 26
MD 27: 8 fixtures
  Inserted 0 market rows
MD 28: 8 fixtures
  Inserted 0 market rows

Total markets this run: 0
Collector done. Use --include-browser-details in future runs for rich panel data from details pages.2026-06-10 07:35:03,375 [DATA-DAEMON] Collecting current odds + details...
2026-06-10 07:35:34,930 [DATA-DAEMON] Collecting current odds + details...
2026-06-10 07:36:08,179 [DATA-DAEMON] Collecting current odds + details...
2026-06-10 07:36:39,153 [DATA-DAEMON] Collecting current odds + details...
2026-06-10 07:37:10,155 [DATA-DAEMON] Collecting current odds + details...
2026-06-10 07:37:43,963 [DATA-DAEMON] Collecting current odds + details...
2026-06-10 07:38:17,672 [DATA-DAEMON] Collecting current odds + details...
2026-06-10 07:38:48,572 [DATA-DAEMON] Collecting current odds + details...
2026-06-10 07:39:19,546 [DATA-DAEMON] Collecting current odds + details...
2026-06-10 07:39:50,441 [DATA-DAEMON] Collecting current odds + details...
2026-06-10 07:40:21,608 [DATA-DAEMON] Collecting current odds + details...
2026-06-10 07:40:52,645 [DATA-DAEMON] Collecting current odds + details...
2026-06-10 07:41:26,661 [DATA-DAEMON] Collecting current odds + details...
2026-06-10 07:42:00,478 [DATA-DAEMON] Collecting current odds + details...
2026-06-10 07:42:31,510 [DATA-DAEMON] Collecting current odds + details...
2026-06-10 07:43:02,559 [DATA-DAEMON] Collecting current odds + details...
2026-06-10 07:43:33,460 [DATA-DAEMON] Collecting current odds + details...
2026-06-10 07:44:04,525 [DATA-DAEMON] Collecting current odds + details...
2026-06-10 07:44:36,206 [DATA-DAEMON] Collecting current odds + details...
2026-06-10 07:45:09,962 [DATA-DAEMON] Collecting current odds + details...
2026-06-10 07:45:43,810 [DATA-DAEMON] Collecting current odds + details...
2026-06-10 07:46:14,873 [DATA-DAEMON] Collecting current odds + details...
2026-06-10 07:46:45,830 [DATA-DAEMON] Collecting current odds + details...
2026-06-10 07:47:16,758 [DATA-DAEMON] Collecting current odds + details...
2026-06-10 07:47:47,722 [DATA-DAEMON] Collecting current odds + details...
2026-06-10 07:48:18,668 [DATA-DAEMON] Collecting current odds + details...
2026-06-10 07:48:52,508 [DATA-DAEMON] Collecting current odds + details...
2026-06-10 07:49:26,252 [DATA-DAEMON] Collecting current odds + details...
2026-06-10 07:49:57,233 [DATA-DAEMON] Collecting current odds + details...
2026-06-10 07:50:28,417 [DATA-DAEMON] Collecting current odds + details...
2026-06-10 07:50:59,344 [DATA-DAEMON] Collecting current odds + details...

Current: VFLM 5346 (vf:season:3098729) MD 26
MD 27: 8 fixtures
  Inserted 0 market rows
MD 28: 8 fixtures
  Inserted 0 market rows

Total markets this run: 0
Collector done. Use --include-browser-details in future runs for rich panel data from details pages.
Current: VFLM 5346 (vf:season:3098729) MD 26
MD 27: 8 fixtures
  Inserted 0 market rows
MD 28: 8 fixtures
  Inserted 0 market rows

Total markets this run: 0
Collector done. Use --include-browser-details in future runs for rich panel data from details pages.
Current: VFLM 5346 (vf:season:3098729) MD 26
MD 27: 8 fixtures
  Inserted 0 market rows
MD 28: 8 fixtures
  Inserted 0 market rows

Total markets this run: 0
Collector done. Use --include-browser-details in future runs for rich panel data from details pages.
Current: VFLM 5346 (vf:season:3098729) MD 26
MD 27: 8 fixtures
  Inserted 0 market rows
MD 28: 8 fixtures
  Inserted 0 market rows

Total markets this run: 0
Collector done. Use --include-browser-details in future runs for rich panel data from details pages.
Current: VFLM 5346 (vf:season:3098729) MD 26
MD 27: 8 fixtures
  Inserted 0 market rows
MD 28: 8 fixtures
  Inserted 0 market rows
MD 29: 8 fixtures
  Inserted 0 market rows

Total markets this run: 0
Collector done. Use --include-browser-details in future runs for rich panel data from details pages.
Current: VFLM 5346 (vf:season:3098729) MD 27
MD 27: 8 fixtures
  Inserted 0 market rows
MD 28: 8 fixtures
  Inserted 0 market rows
MD 29: 8 fixtures
  Inserted 0 market rows

Total markets this run: 0
Collector done. Use --include-browser-details in future runs for rich panel data from details pages.
Current: VFLM 5346 (vf:season:3098729) MD 27
MD 28: 8 fixtures
  Inserted 0 market rows
MD 29: 8 fixtures
  Inserted 0 market rows

Total markets this run: 0
Collector done. Use --include-browser-details in future runs for rich panel data from details pages.
Current: VFLM 5346 (vf:season:3098729) MD 27
MD 28: 8 fixtures
  Inserted 0 market rows
MD 29: 8 fixtures
  Inserted 0 market rows

Total markets this run: 0
Collector done. Use --include-browser-details in future runs for rich panel data from details pages.
Current: VFLM 5346 (vf:season:3098729) MD 27
MD 28: 8 fixtures
  Inserted 0 market rows
MD 29: 8 fixtures
  Inserted 0 market rows

Total markets this run: 0
Collector done. Use --include-browser-details in future runs for rich panel data from details pages.
Current: VFLM 5346 (vf:season:3098729) MD 27
MD 28: 8 fixtures
  Inserted 0 market rows
MD 29: 8 fixtures
  Inserted 0 market rows

Total markets this run: 0
Collector done. Use --include-browser-details in future runs for rich panel data from details pages.
Current: VFLM 5346 (vf:season:3098729) MD 27
MD 28: 8 fixtures
  Inserted 0 market rows
MD 29: 8 fixtures
  Inserted 0 market rows

Total markets this run: 0
Collector done. Use --include-browser-details in future runs for rich panel data from details pages.
Current: VFLM 5346 (vf:season:3098729) MD 28
MD 28: 8 fixtures
  Inserted 0 market rows
MD 29: 8 fixtures
  Inserted 0 market rows
MD 30: 8 fixtures
  Inserted 0 market rows

Total markets this run: 0
Collector done. Use --include-browser-details in future runs for rich panel data from details pages.
Current: VFLM 5346 (vf:season:3098729) MD 28
MD 28: 8 fixtures
  Inserted 0 market rows
MD 29: 8 fixtures
  Inserted 0 market rows
MD 30: 8 fixtures
  Inserted 0 market rows

Total markets this run: 0
Collector done. Use --include-browser-details in future runs for rich panel data from details pages.
Current: VFLM 5346 (vf:season:3098729) MD 28
MD 29: 8 fixtures
  Inserted 0 market rows
MD 30: 8 fixtures
  Inserted 0 market rows

Total markets this run: 0
Collector done. Use --include-browser-details in future runs for rich panel data from details pages.
Current: VFLM 5346 (vf:season:3098729) MD 28
MD 29: 8 fixtures
  Inserted 0 market rows
MD 30: 8 fixtures
  Inserted 0 market rows

Total markets this run: 0
Collector done. Use --include-browser-details in future runs for rich panel data from details pages.
Current: VFLM 5346 (vf:season:3098729) MD 28
MD 29: 8 fixtures
  Inserted 0 market rows
MD 30: 8 fixtures
  Inserted 0 market rows

Total markets this run: 0
Collector done. Use --include-browser-details in future runs for rich panel data from details pages.
Current: VFLM 5346 (vf:season:3098729) MD 28
MD 29: 8 fixtures
  Inserted 0 market rows
MD 30: 8 fixtures
  Inserted 0 market rows

Total markets this run: 0
Collector done. Use --include-browser-details in future runs for rich panel data from details pages.
Current: VFLM 5346 (vf:season:3098729) MD 28
MD 29: 8 fixtures
  Inserted 0 market rows
MD 30: 8 fixtures
  Inserted 0 market rows
MD 1: 2 fixtures
  Inserted 0 market rows

Total markets this run: 0
Collector done. Use --include-browser-details in future runs for rich panel data from details pages.
Current: VFLM 5346 (vf:season:3098729) MD 29
MD 29: 8 fixtures
  Inserted 0 market rows
MD 30: 8 fixtures
  Inserted 0 market rows
MD 1: 8 fixtures
  Inserted 0 market rows

Total markets this run: 0
Collector done. Use --include-browser-details in future runs for rich panel data from details pages.
Current: VFLM 5346 (vf:season:3098729) MD 29
MD 29: 8 fixtures
  Inserted 0 market rows
MD 30: 8 fixtures
  Inserted 0 market rows
MD 1: 8 fixtures
  Inserted 0 market rows

Total markets this run: 0
Collector done. Use --include-browser-details in future runs for rich panel data from details pages.
Current: VFLM 5346 (vf:season:3098729) MD 29
MD 30: 8 fixtures
  Inserted 0 market rows
MD 1: 8 fixtures
  Inserted 0 market rows

Total markets this run: 0
Collector done. Use --include-browser-details in future runs for rich panel data from details pages.
Current: VFLM 5346 (vf:season:3098729) MD 29
MD 30: 8 fixtures
  Inserted 0 market rows
MD 1: 8 fixtures
  Inserted 0 market rows

Total markets this run: 0
Collector done. Use --include-browser-details in future runs for rich panel data from details pages.
Current: VFLM 5346 (vf:season:3098729) MD 29
MD 30: 8 fixtures
  Inserted 0 market rows
MD 1: 8 fixtures
  Inserted 0 market rows

Total markets this run: 0
Collector done. Use --include-browser-details in future runs for rich panel data from details pages.
Current: VFLM 5346 (vf:season:3098729) MD 29
MD 30: 8 fixtures
  Inserted 0 market rows
MD 1: 8 fixtures
  Inserted 0 market rows

Total markets this run: 0
Collector done. Use --include-browser-details in future runs for rich panel data from details pages.
Current: VFLM 5346 (vf:season:3098729) MD 29
MD 30: 8 fixtures
  Inserted 0 market rows
MD 1: 8 fixtures
  Inserted 0 market rows

Total markets this run: 0
Collector done. Use --include-browser-details in future runs for rich panel data from details pages.
Current: VFLM 5346 (vf:season:3098729) MD 30
MD 30: 8 fixtures
  Inserted 0 market rows
MD 1: 8 fixtures
  Inserted 0 market rows
MD 2: 8 fixtures
  Inserted 0 market rows

Total markets this run: 0
Collector done. Use --include-browser-details in future runs for rich panel data from details pages.
Current: VFLM 5346 (vf:season:3098729) MD 30
MD 30: 8 fixtures
  Inserted 0 market rows
MD 1: 8 fixtures
  Inserted 0 market rows
MD 2: 8 fixtures
  Inserted 0 market rows

Total markets this run: 0
Collector done. Use --include-browser-details in future runs for rich panel data from details pages.
Current: VFLM 5346 (vf:season:3098729) MD 30
MD 1: 8 fixtures
  Inserted 0 market rows
MD 2: 8 fixtures
  Inserted 0 market rows

Total markets this run: 0
Collector done. Use --include-browser-details in future runs for rich panel data from details pages.
Current: VFLM 5346 (vf:season:3098729) MD 30
MD 1: 8 fixtures
  Inserted 0 market rows
MD 2: 8 fixtures
  Inserted 0 market rows

Total markets this run: 0
Collector done. Use --include-browser-details in future runs for rich panel data from details pages.
Current: VFLM 5346 (vf:season:3098729) MD 30
MD 1: 8 fixtures
  Inserted 0 market rows
MD 2: 8 fixtures
  Inserted 0 market rows

Total markets this run: 0
Collector done. Use --include-browser-details in future runs for rich panel data from details pages.
Current: VFLM 5346 (vf:season:3098729) MD 30
MD 1: 8 fixtures2026-06-10 07:51:30,295 [DATA-DAEMON] Collecting current odds + details...
2026-06-10 07:52:01,169 [DATA-DAEMON] Collecting current odds + details...
2026-06-10 07:52:32,462 [DATA-DAEMON] Collecting current odds + details...
2026-06-10 07:53:03,506 [DATA-DAEMON] Collecting current odds + details...
2026-06-10 07:53:34,448 [DATA-DAEMON] Collecting current odds + details...
2026-06-10 07:54:08,584 [DATA-DAEMON] Collecting current odds + details...
2026-06-10 07:54:42,393 [DATA-DAEMON] Collecting current odds + details...
2026-06-10 07:55:16,218 [DATA-DAEMON] Collecting current odds + details...
2026-06-10 07:55:47,216 [DATA-DAEMON] Collecting current odds + details...
2026-06-10 07:56:18,196 [DATA-DAEMON] Collecting current odds + details...
2026-06-10 07:56:49,341 [DATA-DAEMON] Collecting current odds + details...
2026-06-10 07:57:20,564 [DATA-DAEMON] Collecting current odds + details...
2026-06-10 07:57:54,319 [DATA-DAEMON] Collecting current odds + details...
2026-06-10 07:58:28,156 [DATA-DAEMON] Collecting current odds + details...
2026-06-10 07:58:59,411 [DATA-DAEMON] Collecting current odds + details...
2026-06-10 07:59:30,570 [DATA-DAEMON] Collecting current odds + details...
2026-06-10 08:00:01,573 [DATA-DAEMON] Collecting current odds + details...
2026-06-10 08:00:32,618 [DATA-DAEMON] Collecting current odds + details...
2026-06-10 08:01:03,692 [DATA-DAEMON] Collecting current odds + details...
2026-06-10 08:01:37,436 [DATA-DAEMON] Collecting current odds + details...
2026-06-10 08:02:12,358 [DATA-DAEMON] Collecting current odds + details...
2026-06-10 08:02:43,437 [DATA-DAEMON] Collecting current odds + details...
2026-06-10 08:03:14,635 [DATA-DAEMON] Collecting current odds + details...
2026-06-10 08:03:46,000 [DATA-DAEMON] Collecting current odds + details...
2026-06-10 08:04:16,916 [DATA-DAEMON] Collecting current odds + details...
2026-06-10 08:04:48,375 [DATA-DAEMON] Collecting current odds + details...
2026-06-10 08:05:22,372 [DATA-DAEMON] Collecting current odds + details...
2026-06-10 08:05:56,242 [DATA-DAEMON] Collecting current odds + details...
2026-06-10 08:06:27,519 [DATA-DAEMON] Collecting current odds + details...
2026-06-10 08:06:58,817 [DATA-DAEMON] Collecting current odds + details...

  Inserted 0 market rows
MD 2: 8 fixtures
  Inserted 0 market rows

Total markets this run: 0
Collector done. Use --include-browser-details in future runs for rich panel data from details pages.
Current: VFLM 5346 (vf:season:3098729) MD 30
MD 1: 8 fixtures
  Inserted 0 market rows
MD 2: 8 fixtures
  Inserted 0 market rows

Total markets this run: 0
Collector done. Use --include-browser-details in future runs for rich panel data from details pages.
Current: VFLM 5346 (vf:season:3098729) MD None
MD 1: 8 fixtures
  Inserted 0 market rows
MD 2: 8 fixtures
  Inserted 0 market rows

Total markets this run: 0
Collector done. Use --include-browser-details in future runs for rich panel data from details pages.
Current: VFLM 5346 (vf:season:3098729) MD None
MD 1: 8 fixtures
  Inserted 0 market rows
MD 2: 8 fixtures
  Inserted 0 market rows

Total markets this run: 0
Collector done. Use --include-browser-details in future runs for rich panel data from details pages.
Current: VFLM 5347 (vf:season:3098761) MD None
MD 1: 8 fixtures
  Inserted 0 market rows
MD 2: 8 fixtures
  Inserted 0 market rows

Total markets this run: 0
Collector done. Use --include-browser-details in future runs for rich panel data from details pages.
Current: VFLM 5347 (vf:season:3098761) MD None
MD 1: 8 fixtures
  Inserted 0 market rows
MD 2: 8 fixtures
  Inserted 0 market rows
MD 3: 8 fixtures
  Inserted 0 market rows

Total markets this run: 0
Collector done. Use --include-browser-details in future runs for rich panel data from details pages.
Current: VFLM 5347 (vf:season:3098761) MD None
MD 1: 8 fixtures
  Inserted 0 market rows
MD 2: 8 fixtures
  Inserted 0 market rows
MD 3: 8 fixtures
  Inserted 0 market rows

Total markets this run: 0
Collector done. Use --include-browser-details in future runs for rich panel data from details pages.
Current: VFLM 5347 (vf:season:3098761) MD None
MD 1: 8 fixtures
  Inserted 0 market rows
MD 2: 8 fixtures
  Inserted 0 market rows
MD 3: 8 fixtures
  Inserted 0 market rows

Total markets this run: 0
Collector done. Use --include-browser-details in future runs for rich panel data from details pages.
Current: VFLM 5347 (vf:season:3098761) MD 1
MD 2: 8 fixtures
  Inserted 0 market rows
MD 3: 8 fixtures
  Inserted 0 market rows

Total markets this run: 0
Collector done. Use --include-browser-details in future runs for rich panel data from details pages.
Current: VFLM 5347 (vf:season:3098761) MD 1
MD 2: 8 fixtures
  Inserted 0 market rows
MD 3: 8 fixtures
  Inserted 0 market rows

Total markets this run: 0
Collector done. Use --include-browser-details in future runs for rich panel data from details pages.
Current: VFLM 5347 (vf:season:3098761) MD 1
MD 2: 8 fixtures
  Inserted 0 market rows
MD 3: 8 fixtures
  Inserted 0 market rows

Total markets this run: 0
Collector done. Use --include-browser-details in future runs for rich panel data from details pages.
Current: VFLM 5347 (vf:season:3098761) MD 1
MD 2: 8 fixtures
  Inserted 0 market rows
MD 3: 8 fixtures
  Inserted 0 market rows

Total markets this run: 0
Collector done. Use --include-browser-details in future runs for rich panel data from details pages.
Current: VFLM 5347 (vf:season:3098761) MD 1
MD 2: 8 fixtures
  Inserted 0 market rows
MD 3: 8 fixtures
  Inserted 0 market rows
MD 4: 8 fixtures
  Inserted 0 market rows

Total markets this run: 0
Collector done. Use --include-browser-details in future runs for rich panel data from details pages.
Current: VFLM 5347 (vf:season:3098761) MD 2
MD 2: 8 fixtures
  Inserted 0 market rows
MD 3: 8 fixtures
  Inserted 0 market rows
MD 4: 8 fixtures
  Inserted 0 market rows

Total markets this run: 0
Collector done. Use --include-browser-details in future runs for rich panel data from details pages.
Current: VFLM 5347 (vf:season:3098761) MD 2
MD 3: 8 fixtures
  Inserted 0 market rows
MD 4: 8 fixtures
  Inserted 0 market rows

Total markets this run: 0
Collector done. Use --include-browser-details in future runs for rich panel data from details pages.
Current: VFLM 5347 (vf:season:3098761) MD 2
MD 3: 8 fixtures
  Inserted 0 market rows
MD 4: 8 fixtures
  Inserted 0 market rows

Total markets this run: 0
Collector done. Use --include-browser-details in future runs for rich panel data from details pages.
Current: VFLM 5347 (vf:season:3098761) MD 2
MD 3: 8 fixtures
  Inserted 0 market rows
MD 4: 8 fixtures
  Inserted 0 market rows

Total markets this run: 0
Collector done. Use --include-browser-details in future runs for rich panel data from details pages.
Current: VFLM 5347 (vf:season:3098761) MD 2
MD 3: 8 fixtures
  Inserted 0 market rows
MD 4: 8 fixtures
  Inserted 0 market rows

Total markets this run: 0
Collector done. Use --include-browser-details in future runs for rich panel data from details pages.
Current: VFLM 5347 (vf:season:3098761) MD 2
MD 3: 8 fixtures
  Inserted 0 market rows
MD 4: 8 fixtures
  Inserted 0 market rows

Total markets this run: 0
Collector done. Use --include-browser-details in future runs for rich panel data from details pages.
Current: VFLM 5347 (vf:season:3098761) MD 2
MD 3: 8 fixtures
  Inserted 0 market rows
MD 4: 8 fixtures
  Inserted 0 market rows
MD 5: 8 fixtures
  Inserted 0 market rows

Total markets this run: 0
Collector done. Use --include-browser-details in future runs for rich panel data from details pages.
Current: VFLM 5347 (vf:season:3098761) MD 3
MD 3: 8 fixtures
  Inserted 0 market rows
MD 4: 8 fixtures
  Inserted 0 market rows
MD 5: 8 fixtures
  Inserted 0 market rows

Total markets this run: 0
Collector done. Use --include-browser-details in future runs for rich panel data from details pages.
Current: VFLM 5347 (vf:season:3098761) MD 3
MD 4: 8 fixtures
  Inserted 0 market rows
MD 5: 8 fixtures
  Inserted 0 market rows

Total markets this run: 0
Collector done. Use --include-browser-details in future runs for rich panel data from details pages.
Current: VFLM 5347 (vf:season:3098761) MD 3
MD 4: 8 fixtures
  Inserted 0 market rows
MD 5: 8 fixtures
  Inserted 0 market rows

Total markets this run: 0
Collector done. Use --include-browser-details in future runs for rich panel data from details pages.
Current: VFLM 5347 (vf:season:3098761) MD 3
MD 4: 8 fixtures
  Inserted 0 market rows
MD 5: 8 fixtures
  Inserted 0 market rows

Total markets this run: 0
Collector done. Use --include-browser-details in future runs for rich panel data from details pages.
Current: VFLM 5347 (vf:season:3098761) MD 3
MD 4: 8 fixtures
  Inserted 0 market rows
MD 5: 8 fixtures
  Inserted 0 market rows

Total markets this run: 0
Collector done. Use --include-browser-details in future runs for rich panel data from details pages.
Current: VFLM 5347 (vf:season:3098761) MD 3
MD 4: 8 fixtures
  Inserted 0 market rows
MD 5: 8 fixtures
  Inserted 0 market rows

Total markets this run: 0
Collector done. Use --include-browser-details in future runs for rich panel data from details pages.
Current: VFLM 5347 (vf:season:3098761) MD 3
MD 4: 8 fixtures
  Inserted 0 market rows
MD 5: 8 fixtures
  Inserted 0 market rows
MD 6: 8 fixtures
  Inserted 0 market rows

Total markets this run: 0
Collector done. Use --include-browser-details in future runs for rich panel data from details pages.
Current: VFLM 5347 (vf:season:3098761) MD 4
MD 4: 8 fixtures
  Inserted 0 market rows
MD 5: 8 fixtures
  Inserted 0 market rows
MD 6: 8 fixtures
  Inserted 0 market rows

Total markets this run: 0
Collector done. Use --include-browser-details in future runs for rich panel data from details pages.
Current: VFLM 5347 (vf:season:3098761) MD 4
MD 5: 8 fixtures
  Inserted 0 market rows
MD 6: 8 fixtures
  Inserted 0 market rows

Total markets this run: 0
Collector done. Use --include-browser-details in future runs for rich panel data from details pages.
Current: VFLM 5347 (vf:season:3098761) MD 4
MD 5: 8 fixtures
  Inserted 0 market rows
MD 6: 8 fixtures
  Inserted 0 market rows

Total markets this run: 0
Collector done. Use --include-browser-details in future runs for rich panel data from details pages.
Current: VFLM 5347 (vf:season:3098761) MD 4
MD 5: 8 fixtures
  Inserted 0 market rows
MD 6: 8 fixtures
  Inserted 0 market rows

Total markets this run: 0
Collector done. Use --include-browser-details in future runs for rich panel data from details pages.2026-06-10 08:07:29,738 [DATA-DAEMON] Collecting current odds + details...
2026-06-10 08:08:01,332 [DATA-DAEMON] Collecting current odds + details...
2026-06-10 08:08:32,434 [DATA-DAEMON] Collecting current odds + details...
2026-06-10 08:09:07,429 [DATA-DAEMON] Collecting current odds + details...
2026-06-10 08:09:41,987 [DATA-DAEMON] Collecting current odds + details...
2026-06-10 08:10:13,953 [DATA-DAEMON] Collecting current odds + details...
2026-06-10 08:10:45,243 [DATA-DAEMON] Collecting current odds + details...
2026-06-10 08:11:16,363 [DATA-DAEMON] Collecting current odds + details...
2026-06-10 08:11:47,694 [DATA-DAEMON] Collecting current odds + details...
2026-06-10 08:12:20,020 [DATA-DAEMON] Collecting current odds + details...
2026-06-10 08:12:54,459 [DATA-DAEMON] Collecting current odds + details...
2026-06-10 08:13:28,611 [DATA-DAEMON] Collecting current odds + details...
2026-06-10 08:13:59,642 [DATA-DAEMON] Collecting current odds + details...
2026-06-10 08:14:30,744 [DATA-DAEMON] Collecting current odds + details...
2026-06-10 08:15:01,976 [DATA-DAEMON] Collecting current odds + details...
2026-06-10 08:15:33,129 [DATA-DAEMON] Collecting current odds + details...
2026-06-10 08:16:07,434 [DATA-DAEMON] Collecting current odds + details...
2026-06-10 08:16:37,653 [DATA-DAEMON] Collecting current odds + details...
2026-06-10 08:17:11,711 [DATA-DAEMON] Collecting current odds + details...
2026-06-10 08:17:42,749 [DATA-DAEMON] Collecting current odds + details...
2026-06-10 08:18:13,724 [DATA-DAEMON] Collecting current odds + details...
2026-06-10 08:18:44,900 [DATA-DAEMON] Collecting current odds + details...
2026-06-10 08:19:16,106 [DATA-DAEMON] Collecting current odds + details...
2026-06-10 08:19:50,161 [DATA-DAEMON] Collecting current odds + details...
2026-06-10 08:20:24,919 [DATA-DAEMON] Collecting current odds + details...
2026-06-10 08:20:56,466 [DATA-DAEMON] Collecting current odds + details...
2026-06-10 08:21:27,698 [DATA-DAEMON] Collecting current odds + details...
2026-06-10 08:21:58,809 [DATA-DAEMON] Collecting current odds + details...
2026-06-10 08:22:30,267 [DATA-DAEMON] Collecting current odds + details...
2026-06-10 08:23:01,585 [DATA-DAEMON] Collecting current odds + details...

Current: VFLM 5347 (vf:season:3098761) MD 4
MD 5: 8 fixtures
  Inserted 0 market rows
MD 6: 8 fixtures
  Inserted 0 market rows

Total markets this run: 0
Collector done. Use --include-browser-details in future runs for rich panel data from details pages.
Current: VFLM 5347 (vf:season:3098761) MD 4
MD 5: 8 fixtures
  Inserted 0 market rows
MD 6: 8 fixtures
  Inserted 0 market rows

Total markets this run: 0
Collector done. Use --include-browser-details in future runs for rich panel data from details pages.
Current: VFLM 5347 (vf:season:3098761) MD 4
MD 5: 8 fixtures
  Inserted 0 market rows
MD 6: 8 fixtures
  Inserted 0 market rows
MD 7: 8 fixtures
  Inserted 0 market rows

Total markets this run: 0
Collector done. Use --include-browser-details in future runs for rich panel data from details pages.
Current: VFLM 5347 (vf:season:3098761) MD 5
MD 5: 8 fixtures
  Inserted 0 market rows
MD 6: 8 fixtures
  Inserted 0 market rows
MD 7: 8 fixtures
  Inserted 0 market rows

Total markets this run: 0
Collector done. Use --include-browser-details in future runs for rich panel data from details pages.
Current: VFLM 5347 (vf:season:3098761) MD 5
MD 6: 8 fixtures
  Inserted 0 market rows
MD 7: 8 fixtures
  Inserted 0 market rows

Total markets this run: 0
Collector done. Use --include-browser-details in future runs for rich panel data from details pages.
Current: VFLM 5347 (vf:season:3098761) MD 5
MD 6: 8 fixtures
  Inserted 0 market rows
MD 7: 8 fixtures
  Inserted 0 market rows

Total markets this run: 0
Collector done. Use --include-browser-details in future runs for rich panel data from details pages.
Current: VFLM 5347 (vf:season:3098761) MD 5
MD 6: 8 fixtures
  Inserted 0 market rows
MD 7: 8 fixtures
  Inserted 0 market rows

Total markets this run: 0
Collector done. Use --include-browser-details in future runs for rich panel data from details pages.
Current: VFLM 5347 (vf:season:3098761) MD 5
MD 6: 8 fixtures
  Inserted 0 market rows
MD 7: 8 fixtures
  Inserted 0 market rows

Total markets this run: 0
Collector done. Use --include-browser-details in future runs for rich panel data from details pages.
Current: VFLM 5347 (vf:season:3098761) MD 5
MD 6: 8 fixtures
  Inserted 0 market rows
MD 7: 8 fixtures
  Inserted 0 market rows
MD 8: 2 fixtures
  Inserted 0 market rows

Total markets this run: 0
Collector done. Use --include-browser-details in future runs for rich panel data from details pages.
Current: VFLM 5347 (vf:season:3098761) MD 6
MD 6: 8 fixtures
  Inserted 0 market rows
MD 7: 8 fixtures
  Inserted 0 market rows
MD 8: 8 fixtures
  Inserted 0 market rows

Total markets this run: 0
Collector done. Use --include-browser-details in future runs for rich panel data from details pages.
Current: VFLM 5347 (vf:season:3098761) MD 6
MD 6: 8 fixtures
  Inserted 0 market rows
MD 7: 8 fixtures
  Inserted 0 market rows
MD 8: 8 fixtures
  Inserted 0 market rows

Total markets this run: 0
Collector done. Use --include-browser-details in future runs for rich panel data from details pages.
Current: VFLM 5347 (vf:season:3098761) MD 6
MD 7: 8 fixtures
  Inserted 0 market rows
MD 8: 8 fixtures
  Inserted 0 market rows

Total markets this run: 0
Collector done. Use --include-browser-details in future runs for rich panel data from details pages.
Current: VFLM 5347 (vf:season:3098761) MD 6
MD 7: 8 fixtures
  Inserted 0 market rows
MD 8: 8 fixtures
  Inserted 0 market rows

Total markets this run: 0
Collector done. Use --include-browser-details in future runs for rich panel data from details pages.
Current: VFLM 5347 (vf:season:3098761) MD 6
MD 7: 8 fixtures
  Inserted 0 market rows
MD 8: 8 fixtures
  Inserted 0 market rows

Total markets this run: 0
Collector done. Use --include-browser-details in future runs for rich panel data from details pages.
Current: VFLM 5347 (vf:season:3098761) MD 6
MD 7: 8 fixtures
  Inserted 0 market rows
MD 8: 8 fixtures
  Inserted 0 market rows

Total markets this run: 0
Collector done. Use --include-browser-details in future runs for rich panel data from details pages.
Current: VFLM 5347 (vf:season:3098761) MD 6
MD 7: 8 fixtures
  Inserted 0 market rows
MD 8: 8 fixtures
  Inserted 0 market rows
MD 9: 8 fixtures
  Inserted 0 market rows

Total markets this run: 0
Collector done. Use --include-browser-details in future runs for rich panel data from details pages.
Current: VFLM 5347 (vf:season:3098761) MD 7
MD 7: 8 fixtures
  Inserted 0 market rows
MD 8: 8 fixtures
  Inserted 0 market rows
MD 9: 8 fixtures
  Inserted 0 market rows

Total markets this run: 0
Collector done. Use --include-browser-details in future runs for rich panel data from details pages.
Current: VFLM 5347 (vf:season:3098761) MD 7
MD 7: 8 fixtures
  Inserted 0 market rows
MD 8: 8 fixtures
  Inserted 0 market rows
MD 9: 8 fixtures
  Inserted 0 market rows

Total markets this run: 0
Collector done. Use --include-browser-details in future runs for rich panel data from details pages.
Current: VFLM 5347 (vf:season:3098761) MD 7
MD 8: 8 fixtures
  Inserted 0 market rows
MD 9: 8 fixtures
  Inserted 0 market rows

Total markets this run: 0
Collector done. Use --include-browser-details in future runs for rich panel data from details pages.
Current: VFLM 5347 (vf:season:3098761) MD 7
MD 8: 8 fixtures
  Inserted 0 market rows
MD 9: 8 fixtures
  Inserted 0 market rows

Total markets this run: 0
Collector done. Use --include-browser-details in future runs for rich panel data from details pages.
Current: VFLM 5347 (vf:season:3098761) MD 7
MD 8: 8 fixtures
  Inserted 0 market rows
MD 9: 8 fixtures
  Inserted 0 market rows

Total markets this run: 0
Collector done. Use --include-browser-details in future runs for rich panel data from details pages.
Current: VFLM 5347 (vf:season:3098761) MD 7
MD 8: 8 fixtures
  Inserted 0 market rows
MD 9: 8 fixtures
  Inserted 0 market rows

Total markets this run: 0
Collector done. Use --include-browser-details in future runs for rich panel data from details pages.
Current: VFLM 5347 (vf:season:3098761) MD 7
MD 8: 8 fixtures
  Inserted 0 market rows
MD 9: 8 fixtures
  Inserted 0 market rows
MD 10: 8 fixtures
  Inserted 0 market rows

Total markets this run: 0
Collector done. Use --include-browser-details in future runs for rich panel data from details pages.
Current: VFLM 5347 (vf:season:3098761) MD 8
MD 8: 8 fixtures
  Inserted 0 market rows
MD 9: 8 fixtures
  Inserted 0 market rows
MD 10: 8 fixtures
  Inserted 0 market rows

Total markets this run: 0
Collector done. Use --include-browser-details in future runs for rich panel data from details pages.
Current: VFLM 5347 (vf:season:3098761) MD 8
MD 8: 1 fixtures
  Inserted 0 market rows
MD 9: 8 fixtures
  Inserted 0 market rows
MD 10: 8 fixtures
  Inserted 0 market rows

Total markets this run: 0
Collector done. Use --include-browser-details in future runs for rich panel data from details pages.
Current: VFLM 5347 (vf:season:3098761) MD 8
MD 9: 8 fixtures
  Inserted 0 market rows
MD 10: 8 fixtures
  Inserted 0 market rows

Total markets this run: 0
Collector done. Use --include-browser-details in future runs for rich panel data from details pages.
Current: VFLM 5347 (vf:season:3098761) MD 8
MD 9: 8 fixtures
  Inserted 0 market rows
MD 10: 8 fixtures
  Inserted 0 market rows

Total markets this run: 0
Collector done. Use --include-browser-details in future runs for rich panel data from details pages.
Current: VFLM 5347 (vf:season:3098761) MD 8
MD 9: 8 fixtures
  Inserted 0 market rows
MD 10: 8 fixtures
  Inserted 0 market rows

Total markets this run: 0
Collector done. Use --include-browser-details in future runs for rich panel data from details pages.
Current: VFLM 5347 (vf:season:3098761) MD 8
MD 9: 8 fixtures
  Inserted 0 market rows
MD 10: 8 fixtures
  Inserted 0 market rows

Total markets this run: 0
Collector done. Use --include-browser-details in future runs for rich panel data from details pages.
Current: VFLM 5347 (vf:season:3098761) MD 8
MD 9: 8 fixtures
  Inserted 0 market rows
MD 10: 8 fixtures
  Inserted 0 market rows
MD 11: 8 fixtures
  Inserted 0 market rows

Total markets this run: 0
Collector done. Use --include-browser-details in future runs for rich panel data from details pages.2026-06-10 08:23:35,475 [DATA-DAEMON] Collecting current odds + details...
2026-06-10 08:24:09,470 [DATA-DAEMON] Collecting current odds + details...
2026-06-10 08:24:40,886 [DATA-DAEMON] Collecting current odds + details...
2026-06-10 08:25:11,902 [DATA-DAEMON] Collecting current odds + details...
2026-06-10 08:25:42,883 [DATA-DAEMON] Collecting current odds + details...
2026-06-10 08:26:14,096 [DATA-DAEMON] Collecting current odds + details...
2026-06-10 08:26:45,151 [DATA-DAEMON] Collecting current odds + details...
2026-06-10 08:27:19,028 [DATA-DAEMON] Collecting current odds + details...
2026-06-10 08:27:53,767 [DATA-DAEMON] Collecting current odds + details...
2026-06-10 08:28:24,729 [DATA-DAEMON] Collecting current odds + details...
2026-06-10 08:28:55,744 [DATA-DAEMON] Collecting current odds + details...
2026-06-10 08:29:26,773 [DATA-DAEMON] Collecting current odds + details...
2026-06-10 08:29:57,764 [DATA-DAEMON] Collecting current odds + details...
2026-06-10 08:30:28,792 [DATA-DAEMON] Collecting current odds + details...
2026-06-10 08:31:02,807 [DATA-DAEMON] Collecting current odds + details...
2026-06-10 08:31:36,777 [DATA-DAEMON] Collecting current odds + details...
2026-06-10 08:32:07,793 [DATA-DAEMON] Collecting current odds + details...
2026-06-10 08:32:38,735 [DATA-DAEMON] Collecting current odds + details...
2026-06-10 08:33:09,628 [DATA-DAEMON] Collecting current odds + details...
2026-06-10 08:33:40,808 [DATA-DAEMON] Collecting current odds + details...
2026-06-10 08:34:11,918 [DATA-DAEMON] Collecting current odds + details...
2026-06-10 08:34:45,774 [DATA-DAEMON] Collecting current odds + details...
2026-06-10 08:35:19,700 [DATA-DAEMON] Collecting current odds + details...
2026-06-10 08:35:50,641 [DATA-DAEMON] Collecting current odds + details...
2026-06-10 08:36:21,641 [DATA-DAEMON] Collecting current odds + details...
2026-06-10 08:36:52,683 [DATA-DAEMON] Collecting current odds + details...
2026-06-10 08:37:23,635 [DATA-DAEMON] Collecting current odds + details...
2026-06-10 08:37:54,609 [DATA-DAEMON] Collecting current odds + details...
2026-06-10 08:38:28,594 [DATA-DAEMON] Collecting current odds + details...
2026-06-10 08:39:02,427 [DATA-DAEMON] Collecting current odds + details...
2026-06-10 08:39:33,390 [DATA-DAEMON] Collecting current odds + details...

Current: VFLM 5347 (vf:season:3098761) MD 9
MD 9: 8 fixtures
  Inserted 0 market rows
MD 10: 8 fixtures
  Inserted 0 market rows
MD 11: 8 fixtures
  Inserted 0 market rows

Total markets this run: 0
Collector done. Use --include-browser-details in future runs for rich panel data from details pages.
Current: VFLM 5347 (vf:season:3098761) MD 9
MD 10: 8 fixtures
  Inserted 0 market rows
MD 11: 8 fixtures
  Inserted 0 market rows

Total markets this run: 0
Collector done. Use --include-browser-details in future runs for rich panel data from details pages.
Current: VFLM 5347 (vf:season:3098761) MD 9
MD 10: 8 fixtures
  Inserted 0 market rows
MD 11: 8 fixtures
  Inserted 0 market rows

Total markets this run: 0
Collector done. Use --include-browser-details in future runs for rich panel data from details pages.
Current: VFLM 5347 (vf:season:3098761) MD 9
MD 10: 8 fixtures
  Inserted 0 market rows
MD 11: 8 fixtures
  Inserted 0 market rows

Total markets this run: 0
Collector done. Use --include-browser-details in future runs for rich panel data from details pages.
Current: VFLM 5347 (vf:season:3098761) MD 9
MD 10: 8 fixtures
  Inserted 0 market rows
MD 11: 8 fixtures
  Inserted 0 market rows

Total markets this run: 0
Collector done. Use --include-browser-details in future runs for rich panel data from details pages.
Current: VFLM 5347 (vf:season:3098761) MD 9
MD 10: 8 fixtures
  Inserted 0 market rows
MD 11: 8 fixtures
  Inserted 0 market rows

Total markets this run: 0
Collector done. Use --include-browser-details in future runs for rich panel data from details pages.
Current: VFLM 5347 (vf:season:3098761) MD 9
MD 10: 8 fixtures
  Inserted 0 market rows
MD 11: 8 fixtures
  Inserted 0 market rows
MD 12: 8 fixtures
  Inserted 0 market rows

Total markets this run: 0
Collector done. Use --include-browser-details in future runs for rich panel data from details pages.
Current: VFLM 5347 (vf:season:3098761) MD 10
MD 10: 8 fixtures
  Inserted 0 market rows
MD 11: 8 fixtures
  Inserted 0 market rows
MD 12: 8 fixtures
  Inserted 0 market rows

Total markets this run: 0
Collector done. Use --include-browser-details in future runs for rich panel data from details pages.
Current: VFLM 5347 (vf:season:3098761) MD 10
MD 11: 8 fixtures
  Inserted 0 market rows
MD 12: 8 fixtures
  Inserted 0 market rows

Total markets this run: 0
Collector done. Use --include-browser-details in future runs for rich panel data from details pages.
Current: VFLM 5347 (vf:season:3098761) MD 10
MD 11: 8 fixtures
  Inserted 0 market rows
MD 12: 8 fixtures
  Inserted 0 market rows

Total markets this run: 0
Collector done. Use --include-browser-details in future runs for rich panel data from details pages.
Current: VFLM 5347 (vf:season:3098761) MD 10
MD 11: 8 fixtures
  Inserted 0 market rows
MD 12: 8 fixtures
  Inserted 0 market rows

Total markets this run: 0
Collector done. Use --include-browser-details in future runs for rich panel data from details pages.
Current: VFLM 5347 (vf:season:3098761) MD 10
MD 11: 8 fixtures
  Inserted 0 market rows
MD 12: 8 fixtures
  Inserted 0 market rows

Total markets this run: 0
Collector done. Use --include-browser-details in future runs for rich panel data from details pages.
Current: VFLM 5347 (vf:season:3098761) MD 10
MD 11: 8 fixtures
  Inserted 0 market rows
MD 12: 8 fixtures
  Inserted 0 market rows

Total markets this run: 0
Collector done. Use --include-browser-details in future runs for rich panel data from details pages.
Current: VFLM 5347 (vf:season:3098761) MD 10
MD 11: 8 fixtures
  Inserted 0 market rows
MD 12: 8 fixtures
  Inserted 0 market rows
MD 13: 8 fixtures
  Inserted 0 market rows

Total markets this run: 0
Collector done. Use --include-browser-details in future runs for rich panel data from details pages.
Current: VFLM 5347 (vf:season:3098761) MD 11
MD 11: 8 fixtures
  Inserted 0 market rows
MD 12: 8 fixtures
  Inserted 0 market rows
MD 13: 8 fixtures
  Inserted 0 market rows

Total markets this run: 0
Collector done. Use --include-browser-details in future runs for rich panel data from details pages.
Current: VFLM 5347 (vf:season:3098761) MD 11
MD 12: 8 fixtures
  Inserted 0 market rows
MD 13: 8 fixtures
  Inserted 0 market rows

Total markets this run: 0
Collector done. Use --include-browser-details in future runs for rich panel data from details pages.
Current: VFLM 5347 (vf:season:3098761) MD 11
MD 12: 8 fixtures
  Inserted 0 market rows
MD 13: 8 fixtures
  Inserted 0 market rows

Total markets this run: 0
Collector done. Use --include-browser-details in future runs for rich panel data from details pages.
Current: VFLM 5347 (vf:season:3098761) MD 11
MD 12: 8 fixtures
  Inserted 0 market rows
MD 13: 8 fixtures
  Inserted 0 market rows

Total markets this run: 0
Collector done. Use --include-browser-details in future runs for rich panel data from details pages.
Current: VFLM 5347 (vf:season:3098761) MD 11
MD 12: 8 fixtures
  Inserted 0 market rows
MD 13: 8 fixtures
  Inserted 0 market rows

Total markets this run: 0
Collector done. Use --include-browser-details in future runs for rich panel data from details pages.
Current: VFLM 5347 (vf:season:3098761) MD 11
MD 12: 8 fixtures
  Inserted 0 market rows
MD 13: 8 fixtures
  Inserted 0 market rows

Total markets this run: 0
Collector done. Use --include-browser-details in future runs for rich panel data from details pages.
Current: VFLM 5347 (vf:season:3098761) MD 12
MD 12: 8 fixtures
  Inserted 0 market rows
MD 13: 8 fixtures
  Inserted 0 market rows
MD 14: 8 fixtures
  Inserted 0 market rows

Total markets this run: 0
Collector done. Use --include-browser-details in future runs for rich panel data from details pages.
Current: VFLM 5347 (vf:season:3098761) MD 12
MD 12: 8 fixtures
  Inserted 0 market rows
MD 13: 8 fixtures
  Inserted 0 market rows
MD 14: 8 fixtures
  Inserted 0 market rows

Total markets this run: 0
Collector done. Use --include-browser-details in future runs for rich panel data from details pages.
Current: VFLM 5347 (vf:season:3098761) MD 12
MD 13: 8 fixtures
  Inserted 0 market rows
MD 14: 8 fixtures
  Inserted 0 market rows

Total markets this run: 0
Collector done. Use --include-browser-details in future runs for rich panel data from details pages.
Current: VFLM 5347 (vf:season:3098761) MD 12
MD 13: 8 fixtures
  Inserted 0 market rows
MD 14: 8 fixtures
  Inserted 0 market rows

Total markets this run: 0
Collector done. Use --include-browser-details in future runs for rich panel data from details pages.
Current: VFLM 5347 (vf:season:3098761) MD 12
MD 13: 8 fixtures
  Inserted 0 market rows
MD 14: 8 fixtures
  Inserted 0 market rows

Total markets this run: 0
Collector done. Use --include-browser-details in future runs for rich panel data from details pages.
Current: VFLM 5347 (vf:season:3098761) MD 12
MD 13: 8 fixtures
  Inserted 0 market rows
MD 14: 8 fixtures
  Inserted 0 market rows

Total markets this run: 0
Collector done. Use --include-browser-details in future runs for rich panel data from details pages.
Current: VFLM 5347 (vf:season:3098761) MD 12
MD 13: 8 fixtures
  Inserted 0 market rows
MD 14: 8 fixtures
  Inserted 0 market rows

Total markets this run: 0
Collector done. Use --include-browser-details in future runs for rich panel data from details pages.
Current: VFLM 5347 (vf:season:3098761) MD 13
MD 13: 8 fixtures
  Inserted 0 market rows
MD 14: 8 fixtures
  Inserted 0 market rows
MD 15: 8 fixtures
  Inserted 0 market rows

Total markets this run: 0
Collector done. Use --include-browser-details in future runs for rich panel data from details pages.
Current: VFLM 5347 (vf:season:3098761) MD 13
MD 13: 8 fixtures
  Inserted 0 market rows
MD 14: 8 fixtures
  Inserted 0 market rows
MD 15: 8 fixtures
  Inserted 0 market rows

Total markets this run: 0
Collector done. Use --include-browser-details in future runs for rich panel data from details pages.
Current: VFLM 5347 (vf:season:3098761) MD 13
MD 14: 8 fixtures
  Inserted 0 market rows
MD 15: 8 fixtures
  Inserted 0 market rows

Total markets this run: 0
Collector done. Use --include-browser-details in future runs for rich panel data from details pages.
Current: VFLM 5347 (vf:season:3098761) MD 132026-06-10 08:40:04,367 [DATA-DAEMON] Collecting current odds + details...
2026-06-10 08:40:35,377 [DATA-DAEMON] Collecting current odds + details...
2026-06-10 08:41:06,367 [DATA-DAEMON] Collecting current odds + details...
2026-06-10 08:41:37,339 [DATA-DAEMON] Collecting current odds + details...
2026-06-10 08:42:11,096 [DATA-DAEMON] Collecting current odds + details...
2026-06-10 08:42:44,958 [DATA-DAEMON] Collecting current odds + details...
2026-06-10 08:43:15,858 [DATA-DAEMON] Collecting current odds + details...
2026-06-10 08:43:46,928 [DATA-DAEMON] Collecting current odds + details...
2026-06-10 08:44:17,972 [DATA-DAEMON] Collecting current odds + details...
2026-06-10 08:44:48,971 [DATA-DAEMON] Collecting current odds + details...
2026-06-10 08:45:20,618 [DATA-DAEMON] Collecting current odds + details...
2026-06-10 08:45:54,723 [DATA-DAEMON] Collecting current odds + details...
2026-06-10 08:46:28,683 [DATA-DAEMON] Collecting current odds + details...
2026-06-10 08:46:59,681 [DATA-DAEMON] Collecting current odds + details...
2026-06-10 08:47:30,726 [DATA-DAEMON] Collecting current odds + details...
2026-06-10 08:48:01,825 [DATA-DAEMON] Collecting current odds + details...
2026-06-10 08:48:33,261 [DATA-DAEMON] Collecting current odds + details...
2026-06-10 08:49:07,164 [DATA-DAEMON] Collecting current odds + details...
2026-06-10 08:49:41,178 [DATA-DAEMON] Collecting current odds + details...
2026-06-10 08:50:14,985 [DATA-DAEMON] Collecting current odds + details...
2026-06-10 08:50:46,004 [DATA-DAEMON] Collecting current odds + details...
2026-06-10 08:51:17,938 [DATA-DAEMON] Collecting current odds + details...
2026-06-10 08:51:48,801 [DATA-DAEMON] Collecting current odds + details...
2026-06-10 08:52:19,687 [DATA-DAEMON] Collecting current odds + details...
2026-06-10 08:52:53,646 [DATA-DAEMON] Collecting current odds + details...
2026-06-10 08:53:27,487 [DATA-DAEMON] Collecting current odds + details...
2026-06-10 08:53:58,568 [DATA-DAEMON] Collecting current odds + details...
2026-06-10 08:54:29,836 [DATA-DAEMON] Collecting current odds + details...
2026-06-10 08:55:00,857 [DATA-DAEMON] Collecting current odds + details...
2026-06-10 08:55:31,809 [DATA-DAEMON] Collecting current odds + details...

MD 14: 8 fixtures
  Inserted 0 market rows
MD 15: 8 fixtures
  Inserted 0 market rows

Total markets this run: 0
Collector done. Use --include-browser-details in future runs for rich panel data from details pages.
Current: VFLM 5347 (vf:season:3098761) MD 13
MD 14: 8 fixtures
  Inserted 0 market rows
MD 15: 8 fixtures
  Inserted 0 market rows

Total markets this run: 0
Collector done. Use --include-browser-details in future runs for rich panel data from details pages.
Current: VFLM 5347 (vf:season:3098761) MD 13
MD 14: 8 fixtures
  Inserted 0 market rows
MD 15: 8 fixtures
  Inserted 0 market rows

Total markets this run: 0
Collector done. Use --include-browser-details in future runs for rich panel data from details pages.
Current: VFLM 5347 (vf:season:3098761) MD 13
MD 14: 8 fixtures
  Inserted 0 market rows
MD 15: 8 fixtures
  Inserted 0 market rows

Total markets this run: 0
Collector done. Use --include-browser-details in future runs for rich panel data from details pages.
Current: VFLM 5347 (vf:season:3098761) MD 14
MD 14: 8 fixtures
  Inserted 0 market rows
MD 15: 8 fixtures
  Inserted 0 market rows
MD 16: 8 fixtures
  Inserted 0 market rows

Total markets this run: 0
Collector done. Use --include-browser-details in future runs for rich panel data from details pages.
Current: VFLM 5347 (vf:season:3098761) MD 14
MD 14: 8 fixtures
  Inserted 0 market rows
MD 15: 8 fixtures
  Inserted 0 market rows
MD 16: 8 fixtures
  Inserted 0 market rows

Total markets this run: 0
Collector done. Use --include-browser-details in future runs for rich panel data from details pages.
Current: VFLM 5347 (vf:season:3098761) MD 14
MD 15: 8 fixtures
  Inserted 0 market rows
MD 16: 8 fixtures
  Inserted 0 market rows

Total markets this run: 0
Collector done. Use --include-browser-details in future runs for rich panel data from details pages.
Current: VFLM 5347 (vf:season:3098761) MD 14
MD 15: 8 fixtures
  Inserted 0 market rows
MD 16: 8 fixtures
  Inserted 0 market rows

Total markets this run: 0
Collector done. Use --include-browser-details in future runs for rich panel data from details pages.
Current: VFLM 5347 (vf:season:3098761) MD 14
MD 15: 8 fixtures
  Inserted 0 market rows
MD 16: 8 fixtures
  Inserted 0 market rows

Total markets this run: 0
Collector done. Use --include-browser-details in future runs for rich panel data from details pages.
Current: VFLM 5347 (vf:season:3098761) MD 14
MD 15: 8 fixtures
  Inserted 0 market rows
MD 16: 8 fixtures
  Inserted 0 market rows

Total markets this run: 0
Collector done. Use --include-browser-details in future runs for rich panel data from details pages.
Current: VFLM 5347 (vf:season:3098761) MD 14
MD 15: 8 fixtures
  Inserted 0 market rows
MD 16: 8 fixtures
  Inserted 0 market rows
MD 17: 2 fixtures
  Inserted 0 market rows

Total markets this run: 0
Collector done. Use --include-browser-details in future runs for rich panel data from details pages.
Current: VFLM 5347 (vf:season:3098761) MD 15
MD 15: 8 fixtures
  Inserted 0 market rows
MD 16: 8 fixtures
  Inserted 0 market rows
MD 17: 8 fixtures
  Inserted 0 market rows

Total markets this run: 0
Collector done. Use --include-browser-details in future runs for rich panel data from details pages.
Current: VFLM 5347 (vf:season:3098761) MD 15
MD 15: 8 fixtures
  Inserted 0 market rows
MD 16: 8 fixtures
  Inserted 0 market rows
MD 17: 8 fixtures
  Inserted 0 market rows

Total markets this run: 0
Collector done. Use --include-browser-details in future runs for rich panel data from details pages.
Current: VFLM 5347 (vf:season:3098761) MD 15
MD 16: 8 fixtures
  Inserted 0 market rows
MD 17: 8 fixtures
  Inserted 0 market rows

Total markets this run: 0
Collector done. Use --include-browser-details in future runs for rich panel data from details pages.
Current: VFLM 5347 (vf:season:3098761) MD 15
MD 16: 8 fixtures
  Inserted 0 market rows
MD 17: 8 fixtures
  Inserted 0 market rows

Total markets this run: 0
Collector done. Use --include-browser-details in future runs for rich panel data from details pages.
Current: VFLM 5347 (vf:season:3098761) MD 15
MD 16: 8 fixtures
  Inserted 0 market rows
MD 17: 8 fixtures
  Inserted 0 market rows

Total markets this run: 0
Collector done. Use --include-browser-details in future runs for rich panel data from details pages.
Current: VFLM 5347 (vf:season:3098761) MD 15
MD 16: 8 fixtures
  Inserted 0 market rows
MD 17: 8 fixtures
  Inserted 0 market rows

Total markets this run: 0
Collector done. Use --include-browser-details in future runs for rich panel data from details pages.
Current: VFLM 5347 (vf:season:3098761) MD 15
MD 16: 8 fixtures
  Inserted 0 market rows
MD 17: 8 fixtures
  Inserted 0 market rows
MD 18: 8 fixtures
  Inserted 0 market rows

Total markets this run: 0
Collector done. Use --include-browser-details in future runs for rich panel data from details pages.
Current: VFLM 5347 (vf:season:3098761) MD 16
MD 16: 8 fixtures
  Inserted 0 market rows
MD 17: 8 fixtures
  Inserted 0 market rows
MD 18: 8 fixtures
  Inserted 0 market rows

Total markets this run: 0
Collector done. Use --include-browser-details in future runs for rich panel data from details pages.
Current: VFLM 5347 (vf:season:3098761) MD 16
MD 16: 8 fixtures
  Inserted 0 market rows
MD 17: 8 fixtures
  Inserted 0 market rows
MD 18: 8 fixtures
  Inserted 0 market rows

Total markets this run: 0
Collector done. Use --include-browser-details in future runs for rich panel data from details pages.
Current: VFLM 5347 (vf:season:3098761) MD 16
MD 17: 8 fixtures
  Inserted 0 market rows
MD 18: 8 fixtures
  Inserted 0 market rows

Total markets this run: 0
Collector done. Use --include-browser-details in future runs for rich panel data from details pages.
Current: VFLM 5347 (vf:season:3098761) MD 16
MD 17: 8 fixtures
  Inserted 0 market rows
MD 18: 8 fixtures
  Inserted 0 market rows

Total markets this run: 0
Collector done. Use --include-browser-details in future runs for rich panel data from details pages.
Current: VFLM 5347 (vf:season:3098761) MD 16
MD 17: 8 fixtures
  Inserted 0 market rows
MD 18: 8 fixtures
  Inserted 0 market rows

Total markets this run: 0
Collector done. Use --include-browser-details in future runs for rich panel data from details pages.
Current: VFLM 5347 (vf:season:3098761) MD 16
MD 17: 8 fixtures
  Inserted 0 market rows
MD 18: 8 fixtures
  Inserted 0 market rows

Total markets this run: 0
Collector done. Use --include-browser-details in future runs for rich panel data from details pages.
Current: VFLM 5347 (vf:season:3098761) MD 16
MD 17: 8 fixtures
  Inserted 0 market rows
MD 18: 8 fixtures
  Inserted 0 market rows
MD 19: 8 fixtures
  Inserted 0 market rows

Total markets this run: 0
Collector done. Use --include-browser-details in future runs for rich panel data from details pages.
Current: VFLM 5347 (vf:season:3098761) MD 17
MD 17: 8 fixtures
  Inserted 0 market rows
MD 18: 8 fixtures
  Inserted 0 market rows
MD 19: 8 fixtures
  Inserted 0 market rows

Total markets this run: 0
Collector done. Use --include-browser-details in future runs for rich panel data from details pages.
Current: VFLM 5347 (vf:season:3098761) MD 17
MD 18: 8 fixtures
  Inserted 0 market rows
MD 19: 8 fixtures
  Inserted 0 market rows

Total markets this run: 0
Collector done. Use --include-browser-details in future runs for rich panel data from details pages.
Current: VFLM 5347 (vf:season:3098761) MD 17
MD 18: 8 fixtures
  Inserted 0 market rows
MD 19: 8 fixtures
  Inserted 0 market rows

Total markets this run: 0
Collector done. Use --include-browser-details in future runs for rich panel data from details pages.
Current: VFLM 5347 (vf:season:3098761) MD 17
MD 18: 8 fixtures
  Inserted 0 market rows
MD 19: 8 fixtures
  Inserted 0 market rows

Total markets this run: 0
Collector done. Use --include-browser-details in future runs for rich panel data from details pages.
Current: VFLM 5347 (vf:season:3098761) MD 17
MD 18: 8 fixtures
  Inserted 0 market rows
MD 19: 8 fixtures
  Inserted 0 market rows

Total markets this run: 0
Collector done. Use --include-browser-details in future runs for rich panel data from details pages.
Current: VFLM 5347 (vf:season:3098761) MD 172026-06-10 08:56:02,930 [DATA-DAEMON] Collecting current odds + details...
2026-06-10 08:56:37,171 [DATA-DAEMON] Collecting current odds + details...
2026-06-10 08:57:10,942 [DATA-DAEMON] Collecting current odds + details...
2026-06-10 08:57:41,917 [DATA-DAEMON] Collecting current odds + details...
2026-06-10 08:58:13,434 [DATA-DAEMON] Collecting current odds + details...
2026-06-10 08:58:44,385 [DATA-DAEMON] Collecting current odds + details...
2026-06-10 08:59:15,393 [DATA-DAEMON] Collecting current odds + details...
2026-06-10 08:59:46,300 [DATA-DAEMON] Collecting current odds + details...
2026-06-10 09:00:20,375 [DATA-DAEMON] Collecting current odds + details...
2026-06-10 09:00:54,352 [DATA-DAEMON] Collecting current odds + details...
2026-06-10 09:01:25,459 [DATA-DAEMON] Collecting current odds + details...
2026-06-10 09:01:56,409 [DATA-DAEMON] Collecting current odds + details...
2026-06-10 09:02:27,416 [DATA-DAEMON] Collecting current odds + details...
2026-06-10 09:02:58,414 [DATA-DAEMON] Collecting current odds + details...
2026-06-10 09:03:29,461 [DATA-DAEMON] Collecting current odds + details...
2026-06-10 09:04:03,480 [DATA-DAEMON] Collecting current odds + details...
2026-06-10 09:04:37,359 [DATA-DAEMON] Collecting current odds + details...
2026-06-10 09:05:08,377 [DATA-DAEMON] Collecting current odds + details...
2026-06-10 09:05:39,346 [DATA-DAEMON] Collecting current odds + details...
2026-06-10 09:06:10,379 [DATA-DAEMON] Collecting current odds + details...
2026-06-10 09:06:41,386 [DATA-DAEMON] Collecting current odds + details...
2026-06-10 09:07:12,678 [DATA-DAEMON] Collecting current odds + details...
2026-06-10 09:07:47,441 [DATA-DAEMON] Collecting current odds + details...
2026-06-10 09:08:21,467 [DATA-DAEMON] Collecting current odds + details...
2026-06-10 09:08:52,437 [DATA-DAEMON] Collecting current odds + details...
2026-06-10 09:09:23,698 [DATA-DAEMON] Collecting current odds + details...
2026-06-10 09:09:54,983 [DATA-DAEMON] Collecting current odds + details...
2026-06-10 09:10:26,313 [DATA-DAEMON] Collecting current odds + details...
2026-06-10 09:10:58,076 [DATA-DAEMON] Collecting current odds + details...
2026-06-10 09:11:32,058 [DATA-DAEMON] Collecting current odds + details...

MD 18: 8 fixtures
  Inserted 0 market rows
MD 19: 8 fixtures
  Inserted 0 market rows

Total markets this run: 0
Collector done. Use --include-browser-details in future runs for rich panel data from details pages.
Current: VFLM 5347 (vf:season:3098761) MD 17
MD 18: 8 fixtures
  Inserted 0 market rows
MD 19: 8 fixtures
  Inserted 0 market rows
MD 20: 8 fixtures
  Inserted 0 market rows

Total markets this run: 0
Collector done. Use --include-browser-details in future runs for rich panel data from details pages.
Current: VFLM 5347 (vf:season:3098761) MD 18
MD 18: 8 fixtures
  Inserted 0 market rows
MD 19: 8 fixtures
  Inserted 0 market rows
MD 20: 8 fixtures
  Inserted 0 market rows

Total markets this run: 0
Collector done. Use --include-browser-details in future runs for rich panel data from details pages.
Current: VFLM 5347 (vf:season:3098761) MD 18
MD 19: 8 fixtures
  Inserted 0 market rows
MD 20: 8 fixtures
  Inserted 0 market rows

Total markets this run: 0
Collector done. Use --include-browser-details in future runs for rich panel data from details pages.
Current: VFLM 5347 (vf:season:3098761) MD 18
MD 19: 8 fixtures
  Inserted 0 market rows
MD 20: 8 fixtures
  Inserted 0 market rows

Total markets this run: 0
Collector done. Use --include-browser-details in future runs for rich panel data from details pages.
Current: VFLM 5347 (vf:season:3098761) MD 18
MD 19: 8 fixtures
  Inserted 0 market rows
MD 20: 8 fixtures
  Inserted 0 market rows

Total markets this run: 0
Collector done. Use --include-browser-details in future runs for rich panel data from details pages.
Current: VFLM 5347 (vf:season:3098761) MD 18
MD 19: 8 fixtures
  Inserted 0 market rows
MD 20: 8 fixtures
  Inserted 0 market rows

Total markets this run: 0
Collector done. Use --include-browser-details in future runs for rich panel data from details pages.
Current: VFLM 5347 (vf:season:3098761) MD 18
MD 19: 8 fixtures
  Inserted 0 market rows
MD 20: 8 fixtures
  Inserted 0 market rows

Total markets this run: 0
Collector done. Use --include-browser-details in future runs for rich panel data from details pages.
Current: VFLM 5347 (vf:season:3098761) MD 18
MD 19: 8 fixtures
  Inserted 0 market rows
MD 20: 8 fixtures
  Inserted 0 market rows
MD 21: 8 fixtures
  Inserted 0 market rows

Total markets this run: 0
Collector done. Use --include-browser-details in future runs for rich panel data from details pages.
Current: VFLM 5347 (vf:season:3098761) MD 19
MD 19: 8 fixtures
  Inserted 0 market rows
MD 20: 8 fixtures
  Inserted 0 market rows
MD 21: 8 fixtures
  Inserted 0 market rows

Total markets this run: 0
Collector done. Use --include-browser-details in future runs for rich panel data from details pages.
Current: VFLM 5347 (vf:season:3098761) MD 19
MD 20: 8 fixtures
  Inserted 0 market rows
MD 21: 8 fixtures
  Inserted 0 market rows

Total markets this run: 0
Collector done. Use --include-browser-details in future runs for rich panel data from details pages.
Current: VFLM 5347 (vf:season:3098761) MD 19
MD 20: 8 fixtures
  Inserted 0 market rows
MD 21: 8 fixtures
  Inserted 0 market rows

Total markets this run: 0
Collector done. Use --include-browser-details in future runs for rich panel data from details pages.
Current: VFLM 5347 (vf:season:3098761) MD 19
MD 20: 8 fixtures
  Inserted 0 market rows
MD 21: 8 fixtures
  Inserted 0 market rows

Total markets this run: 0
Collector done. Use --include-browser-details in future runs for rich panel data from details pages.
Current: VFLM 5347 (vf:season:3098761) MD 19
MD 20: 8 fixtures
  Inserted 0 market rows
MD 21: 8 fixtures
  Inserted 0 market rows

Total markets this run: 0
Collector done. Use --include-browser-details in future runs for rich panel data from details pages.
Current: VFLM 5347 (vf:season:3098761) MD 19
MD 20: 8 fixtures
  Inserted 0 market rows
MD 21: 8 fixtures
  Inserted 0 market rows

Total markets this run: 0
Collector done. Use --include-browser-details in future runs for rich panel data from details pages.
Current: VFLM 5347 (vf:season:3098761) MD 19
MD 20: 8 fixtures
  Inserted 0 market rows
MD 21: 8 fixtures
  Inserted 0 market rows
MD 22: 8 fixtures
  Inserted 0 market rows

Total markets this run: 0
Collector done. Use --include-browser-details in future runs for rich panel data from details pages.
Current: VFLM 5347 (vf:season:3098761) MD 20
MD 20: 8 fixtures
  Inserted 0 market rows
MD 21: 8 fixtures
  Inserted 0 market rows
MD 22: 8 fixtures
  Inserted 0 market rows

Total markets this run: 0
Collector done. Use --include-browser-details in future runs for rich panel data from details pages.
Current: VFLM 5347 (vf:season:3098761) MD 20
MD 21: 8 fixtures
  Inserted 0 market rows
MD 22: 8 fixtures
  Inserted 0 market rows

Total markets this run: 0
Collector done. Use --include-browser-details in future runs for rich panel data from details pages.
Current: VFLM 5347 (vf:season:3098761) MD 20
MD 21: 8 fixtures
  Inserted 0 market rows
MD 22: 8 fixtures
  Inserted 0 market rows

Total markets this run: 0
Collector done. Use --include-browser-details in future runs for rich panel data from details pages.
Current: VFLM 5347 (vf:season:3098761) MD 20
MD 21: 8 fixtures
  Inserted 0 market rows
MD 22: 8 fixtures
  Inserted 0 market rows

Total markets this run: 0
Collector done. Use --include-browser-details in future runs for rich panel data from details pages.
Current: VFLM 5347 (vf:season:3098761) MD 20
MD 21: 8 fixtures
  Inserted 0 market rows
MD 22: 8 fixtures
  Inserted 0 market rows

Total markets this run: 0
Collector done. Use --include-browser-details in future runs for rich panel data from details pages.
Current: VFLM 5347 (vf:season:3098761) MD 20
MD 21: 8 fixtures
  Inserted 0 market rows
MD 22: 8 fixtures
  Inserted 0 market rows

Total markets this run: 0
Collector done. Use --include-browser-details in future runs for rich panel data from details pages.
Current: VFLM 5347 (vf:season:3098761) MD 20
MD 21: 8 fixtures
  Inserted 0 market rows
MD 22: 8 fixtures
  Inserted 0 market rows
MD 23: 8 fixtures
  Inserted 0 market rows

Total markets this run: 0
Collector done. Use --include-browser-details in future runs for rich panel data from details pages.
Current: VFLM 5347 (vf:season:3098761) MD 21
MD 21: 8 fixtures
  Inserted 0 market rows
MD 22: 8 fixtures
  Inserted 0 market rows
MD 23: 8 fixtures
  Inserted 0 market rows

Total markets this run: 0
Collector done. Use --include-browser-details in future runs for rich panel data from details pages.
Current: VFLM 5347 (vf:season:3098761) MD 21
MD 22: 8 fixtures
  Inserted 0 market rows
MD 23: 8 fixtures
  Inserted 0 market rows

Total markets this run: 0
Collector done. Use --include-browser-details in future runs for rich panel data from details pages.
Current: VFLM 5347 (vf:season:3098761) MD 21
MD 22: 8 fixtures
  Inserted 0 market rows
MD 23: 8 fixtures
  Inserted 0 market rows

Total markets this run: 0
Collector done. Use --include-browser-details in future runs for rich panel data from details pages.
Current: VFLM 5347 (vf:season:3098761) MD 21
MD 22: 8 fixtures
  Inserted 0 market rows
MD 23: 8 fixtures
  Inserted 0 market rows

Total markets this run: 0
Collector done. Use --include-browser-details in future runs for rich panel data from details pages.
Current: VFLM 5347 (vf:season:3098761) MD 21
MD 22: 8 fixtures
  Inserted 0 market rows
MD 23: 8 fixtures
  Inserted 0 market rows

Total markets this run: 0
Collector done. Use --include-browser-details in future runs for rich panel data from details pages.
Current: VFLM 5347 (vf:season:3098761) MD 21
MD 22: 8 fixtures
  Inserted 0 market rows
MD 23: 8 fixtures
  Inserted 0 market rows

Total markets this run: 0
Collector done. Use --include-browser-details in future runs for rich panel data from details pages.
Current: VFLM 5347 (vf:season:3098761) MD 21
MD 22: 8 fixtures
  Inserted 0 market rows
MD 23: 8 fixtures
  Inserted 0 market rows
MD 24: 8 fixtures
  Inserted 0 market rows

Total markets this run: 0
Collector done. Use --include-browser-details in future runs for rich panel data from details pages.
Current: VFLM 5347 (vf:season:3098761) MD 22
MD 22: 8 fixtures
  Inserted 0 market rows2026-06-10 09:12:06,184 [DATA-DAEMON] Collecting current odds + details...
2026-06-10 09:12:37,402 [DATA-DAEMON] Collecting current odds + details...
2026-06-10 09:13:08,414 [DATA-DAEMON] Collecting current odds + details...
2026-06-10 09:13:39,513 [DATA-DAEMON] Collecting current odds + details...
2026-06-10 09:14:10,636 [DATA-DAEMON] Collecting current odds + details...
2026-06-10 09:14:44,200 [DATA-DAEMON] Collecting current odds + details...
2026-06-10 09:15:18,075 [DATA-DAEMON] Collecting current odds + details...
2026-06-10 09:15:52,485 [DATA-DAEMON] Collecting current odds + details...
2026-06-10 09:16:23,876 [DATA-DAEMON] Collecting current odds + details...
2026-06-10 09:16:55,238 [DATA-DAEMON] Collecting current odds + details...
2026-06-10 09:17:26,984 [DATA-DAEMON] Collecting current odds + details...
2026-06-10 09:17:58,480 [DATA-DAEMON] Collecting current odds + details...
2026-06-10 09:18:32,830 [DATA-DAEMON] Collecting current odds + details...
2026-06-10 09:19:06,771 [DATA-DAEMON] Collecting current odds + details...
2026-06-10 09:19:37,973 [DATA-DAEMON] Collecting current odds + details...
2026-06-10 09:20:09,496 [DATA-DAEMON] Collecting current odds + details...
2026-06-10 09:20:40,817 [DATA-DAEMON] Collecting current odds + details...
2026-06-10 09:21:12,093 [DATA-DAEMON] Collecting current odds + details...
2026-06-10 09:21:44,442 [DATA-DAEMON] Collecting current odds + details...
2026-06-10 09:22:18,646 [DATA-DAEMON] Collecting current odds + details...
2026-06-10 09:22:53,119 [DATA-DAEMON] Collecting current odds + details...
2026-06-10 09:23:26,068 [DATA-DAEMON] Collecting current odds + details...
2026-06-10 09:23:57,204 [DATA-DAEMON] Collecting current odds + details...
2026-06-10 09:24:28,325 [DATA-DAEMON] Collecting current odds + details...
2026-06-10 09:24:59,368 [DATA-DAEMON] Collecting current odds + details...
2026-06-10 09:25:30,491 [DATA-DAEMON] Collecting current odds + details...
2026-06-10 09:26:05,050 [DATA-DAEMON] Collecting current odds + details...
2026-06-10 09:26:39,532 [DATA-DAEMON] Collecting current odds + details...
2026-06-10 09:27:10,672 [DATA-DAEMON] Collecting current odds + details...
2026-06-10 09:27:41,731 [DATA-DAEMON] Collecting current odds + details...

MD 23: 8 fixtures
  Inserted 0 market rows
MD 24: 8 fixtures
  Inserted 0 market rows

Total markets this run: 0
Collector done. Use --include-browser-details in future runs for rich panel data from details pages.
Current: VFLM 5347 (vf:season:3098761) MD 22
MD 23: 8 fixtures
  Inserted 0 market rows
MD 24: 8 fixtures
  Inserted 0 market rows

Total markets this run: 0
Collector done. Use --include-browser-details in future runs for rich panel data from details pages.
Current: VFLM 5347 (vf:season:3098761) MD 22
MD 23: 8 fixtures
  Inserted 0 market rows
MD 24: 8 fixtures
  Inserted 0 market rows

Total markets this run: 0
Collector done. Use --include-browser-details in future runs for rich panel data from details pages.
Current: VFLM 5347 (vf:season:3098761) MD 22
MD 23: 8 fixtures
  Inserted 0 market rows
MD 24: 8 fixtures
  Inserted 0 market rows

Total markets this run: 0
Collector done. Use --include-browser-details in future runs for rich panel data from details pages.
Current: VFLM 5347 (vf:season:3098761) MD 22
MD 23: 8 fixtures
  Inserted 0 market rows
MD 24: 8 fixtures
  Inserted 0 market rows

Total markets this run: 0
Collector done. Use --include-browser-details in future runs for rich panel data from details pages.
Current: VFLM 5347 (vf:season:3098761) MD 22
MD 23: 8 fixtures
  Inserted 0 market rows
MD 24: 8 fixtures
  Inserted 0 market rows
MD 25: 6 fixtures
  Inserted 0 market rows

Total markets this run: 0
Collector done. Use --include-browser-details in future runs for rich panel data from details pages.
Current: VFLM 5347 (vf:season:3098761) MD 23
MD 23: 8 fixtures
  Inserted 0 market rows
MD 24: 8 fixtures
  Inserted 0 market rows
MD 25: 8 fixtures
  Inserted 0 market rows

Total markets this run: 0
Collector done. Use --include-browser-details in future runs for rich panel data from details pages.
Current: VFLM 5347 (vf:season:3098761) MD 23
MD 23: 8 fixtures
  Inserted 0 market rows
MD 24: 8 fixtures
  Inserted 0 market rows
MD 25: 8 fixtures
  Inserted 0 market rows

Total markets this run: 0
Collector done. Use --include-browser-details in future runs for rich panel data from details pages.
Current: VFLM 5347 (vf:season:3098761) MD 23
MD 24: 8 fixtures
  Inserted 0 market rows
MD 25: 8 fixtures
  Inserted 0 market rows

Total markets this run: 0
Collector done. Use --include-browser-details in future runs for rich panel data from details pages.
Current: VFLM 5347 (vf:season:3098761) MD 23
MD 24: 8 fixtures
  Inserted 0 market rows
MD 25: 8 fixtures
  Inserted 0 market rows

Total markets this run: 0
Collector done. Use --include-browser-details in future runs for rich panel data from details pages.
Current: VFLM 5347 (vf:season:3098761) MD 23
MD 24: 8 fixtures
  Inserted 0 market rows
MD 25: 8 fixtures
  Inserted 0 market rows

Total markets this run: 0
Collector done. Use --include-browser-details in future runs for rich panel data from details pages.
Current: VFLM 5347 (vf:season:3098761) MD 23
MD 24: 8 fixtures
  Inserted 0 market rows
MD 25: 8 fixtures
  Inserted 0 market rows

Total markets this run: 0
Collector done. Use --include-browser-details in future runs for rich panel data from details pages.
Current: VFLM 5347 (vf:season:3098761) MD 23
MD 24: 8 fixtures
  Inserted 0 market rows
MD 25: 8 fixtures
  Inserted 0 market rows
MD 26: 8 fixtures
  Inserted 0 market rows

Total markets this run: 0
Collector done. Use --include-browser-details in future runs for rich panel data from details pages.
Current: VFLM 5347 (vf:season:3098761) MD 24
MD 24: 8 fixtures
  Inserted 0 market rows
MD 25: 8 fixtures
  Inserted 0 market rows
MD 26: 8 fixtures
  Inserted 0 market rows

Total markets this run: 0
Collector done. Use --include-browser-details in future runs for rich panel data from details pages.
Current: VFLM 5347 (vf:season:3098761) MD 24
MD 25: 8 fixtures
  Inserted 0 market rows
MD 26: 8 fixtures
  Inserted 0 market rows

Total markets this run: 0
Collector done. Use --include-browser-details in future runs for rich panel data from details pages.
Current: VFLM 5347 (vf:season:3098761) MD 24
MD 25: 8 fixtures
  Inserted 0 market rows
MD 26: 8 fixtures
  Inserted 0 market rows

Total markets this run: 0
Collector done. Use --include-browser-details in future runs for rich panel data from details pages.
Current: VFLM 5347 (vf:season:3098761) MD 24
MD 25: 8 fixtures
  Inserted 0 market rows
MD 26: 8 fixtures
  Inserted 0 market rows

Total markets this run: 0
Collector done. Use --include-browser-details in future runs for rich panel data from details pages.
Current: VFLM 5347 (vf:season:3098761) MD 24
MD 25: 8 fixtures
  Inserted 0 market rows
MD 26: 8 fixtures
  Inserted 0 market rows

Total markets this run: 0
Collector done. Use --include-browser-details in future runs for rich panel data from details pages.
Current: VFLM 5347 (vf:season:3098761) MD 24
MD 25: 8 fixtures
  Inserted 0 market rows
MD 26: 8 fixtures
  Inserted 0 market rows

Total markets this run: 0
Collector done. Use --include-browser-details in future runs for rich panel data from details pages.
Current: VFLM 5347 (vf:season:3098761) MD 24
MD 25: 8 fixtures
  Inserted 0 market rows
MD 26: 8 fixtures
  Inserted 0 market rows
MD 27: 8 fixtures
  Inserted 0 market rows

Total markets this run: 0
Collector done. Use --include-browser-details in future runs for rich panel data from details pages.
Current: VFLM 5347 (vf:season:3098761) MD 25
MD 25: 8 fixtures
  Inserted 0 market rows
MD 26: 8 fixtures
  Inserted 0 market rows
MD 27: 8 fixtures
  Inserted 0 market rows

Total markets this run: 0
Collector done. Use --include-browser-details in future runs for rich panel data from details pages.
Current: VFLM 5347 (vf:season:3098761) MD 25
MD 26: 8 fixtures
  Inserted 0 market rows
MD 27: 8 fixtures
  Inserted 0 market rows

Total markets this run: 0
Collector done. Use --include-browser-details in future runs for rich panel data from details pages.
Current: VFLM 5347 (vf:season:3098761) MD 25
MD 26: 8 fixtures
  Inserted 0 market rows
MD 27: 8 fixtures
  Inserted 0 market rows

Total markets this run: 0
Collector done. Use --include-browser-details in future runs for rich panel data from details pages.
Current: VFLM 5347 (vf:season:3098761) MD 25
MD 26: 8 fixtures
  Inserted 0 market rows
MD 27: 8 fixtures
  Inserted 0 market rows

Total markets this run: 0
Collector done. Use --include-browser-details in future runs for rich panel data from details pages.
Current: VFLM 5347 (vf:season:3098761) MD 25
MD 26: 8 fixtures
  Inserted 0 market rows
MD 27: 8 fixtures
  Inserted 0 market rows

Total markets this run: 0
Collector done. Use --include-browser-details in future runs for rich panel data from details pages.
Current: VFLM 5347 (vf:season:3098761) MD 25
MD 26: 8 fixtures
  Inserted 0 market rows
MD 27: 8 fixtures
  Inserted 0 market rows

Total markets this run: 0
Collector done. Use --include-browser-details in future runs for rich panel data from details pages.
Current: VFLM 5347 (vf:season:3098761) MD 25
MD 26: 8 fixtures
  Inserted 0 market rows
MD 27: 8 fixtures
  Inserted 0 market rows
MD 28: 8 fixtures
  Inserted 0 market rows

Total markets this run: 0
Collector done. Use --include-browser-details in future runs for rich panel data from details pages.
Current: VFLM 5347 (vf:season:3098761) MD 26
MD 26: 8 fixtures
  Inserted 0 market rows
MD 27: 8 fixtures
  Inserted 0 market rows
MD 28: 8 fixtures
  Inserted 0 market rows

Total markets this run: 0
Collector done. Use --include-browser-details in future runs for rich panel data from details pages.
Current: VFLM 5347 (vf:season:3098761) MD 26
MD 27: 8 fixtures
  Inserted 0 market rows
MD 28: 8 fixtures
  Inserted 0 market rows

Total markets this run: 0
Collector done. Use --include-browser-details in future runs for rich panel data from details pages.
Current: VFLM 5347 (vf:season:3098761) MD 26
MD 27: 8 fixtures
  Inserted 0 market rows
MD 28: 8 fixtures
  Inserted 0 market rows

Total markets this run: 0
Collector done. Use --include-browser-details in future runs for rich panel data from details pages.
Current: VFLM 5347 (vf:season:3098761) MD 26
MD 27: 8 fixtures
  Inserted 0 market rows2026-06-10 09:28:12,806 [DATA-DAEMON] Collecting current odds + details...
2026-06-10 09:28:43,850 [DATA-DAEMON] Collecting current odds + details...
2026-06-10 09:29:15,112 [DATA-DAEMON] Collecting current odds + details...
2026-06-10 09:29:49,106 [DATA-DAEMON] Collecting current odds + details...
2026-06-10 09:30:22,943 [DATA-DAEMON] Collecting current odds + details...
2026-06-10 09:30:54,310 [DATA-DAEMON] Collecting current odds + details...
2026-06-10 09:31:25,261 [DATA-DAEMON] Collecting current odds + details...
2026-06-10 09:31:56,254 [DATA-DAEMON] Collecting current odds + details...
2026-06-10 09:32:27,472 [DATA-DAEMON] Collecting current odds + details...
2026-06-10 09:32:58,729 [DATA-DAEMON] Collecting current odds + details...
2026-06-10 09:33:32,749 [DATA-DAEMON] Collecting current odds + details...
2026-06-10 09:34:06,563 [DATA-DAEMON] Collecting current odds + details...
2026-06-10 09:34:37,740 [DATA-DAEMON] Collecting current odds + details...
2026-06-10 09:35:08,786 [DATA-DAEMON] Collecting current odds + details...
2026-06-10 09:35:39,782 [DATA-DAEMON] Collecting current odds + details...
2026-06-10 09:36:10,877 [DATA-DAEMON] Collecting current odds + details...
2026-06-10 09:36:45,395 [DATA-DAEMON] Collecting current odds + details...
2026-06-10 09:37:20,126 [DATA-DAEMON] Collecting current odds + details...
2026-06-10 09:37:54,667 [DATA-DAEMON] Collecting current odds + details...
2026-06-10 09:38:25,921 [DATA-DAEMON] Collecting current odds + details...
2026-06-10 09:38:57,157 [DATA-DAEMON] Collecting current odds + details...
2026-06-10 09:39:28,449 [DATA-DAEMON] Collecting current odds + details...
2026-06-10 09:39:59,475 [DATA-DAEMON] Collecting current odds + details...
2026-06-10 09:40:33,465 [DATA-DAEMON] Collecting current odds + details...
2026-06-10 09:41:07,810 [DATA-DAEMON] Collecting current odds + details...
2026-06-10 09:41:38,797 [DATA-DAEMON] Collecting current odds + details...
2026-06-10 09:42:09,721 [DATA-DAEMON] Collecting current odds + details...
2026-06-10 09:42:40,819 [DATA-DAEMON] Collecting current odds + details...
2026-06-10 09:44:29,608 [DATA-DAEMON] Odds collection error: <urlopen error [Errno 104] Connection reset by peer>
2026-06-10 09:44:34,610 [DATA-DAEMON] Collecting current odds + details...
2026-06-10 09:45:05,521 [DATA-DAEMON] Collecting current odds + details...
2026-06-10 09:45:36,608 [DATA-DAEMON] Collecting current odds + details...

MD 28: 8 fixtures
  Inserted 0 market rows

Total markets this run: 0
Collector done. Use --include-browser-details in future runs for rich panel data from details pages.
Current: VFLM 5347 (vf:season:3098761) MD 26
MD 27: 8 fixtures
  Inserted 0 market rows
MD 28: 8 fixtures
  Inserted 0 market rows

Total markets this run: 0
Collector done. Use --include-browser-details in future runs for rich panel data from details pages.
Current: VFLM 5347 (vf:season:3098761) MD 26
MD 27: 8 fixtures
  Inserted 0 market rows
MD 28: 8 fixtures
  Inserted 0 market rows

Total markets this run: 0
Collector done. Use --include-browser-details in future runs for rich panel data from details pages.
Current: VFLM 5347 (vf:season:3098761) MD 27
MD 27: 8 fixtures
  Inserted 0 market rows
MD 28: 8 fixtures
  Inserted 0 market rows
MD 29: 8 fixtures
  Inserted 0 market rows

Total markets this run: 0
Collector done. Use --include-browser-details in future runs for rich panel data from details pages.
Current: VFLM 5347 (vf:season:3098761) MD 27
MD 27: 8 fixtures
  Inserted 0 market rows
MD 28: 8 fixtures
  Inserted 0 market rows
MD 29: 8 fixtures
  Inserted 0 market rows

Total markets this run: 0
Collector done. Use --include-browser-details in future runs for rich panel data from details pages.
Current: VFLM 5347 (vf:season:3098761) MD 27
MD 28: 8 fixtures
  Inserted 0 market rows
MD 29: 8 fixtures
  Inserted 0 market rows

Total markets this run: 0
Collector done. Use --include-browser-details in future runs for rich panel data from details pages.
Current: VFLM 5347 (vf:season:3098761) MD 27
MD 28: 8 fixtures
  Inserted 0 market rows
MD 29: 8 fixtures
  Inserted 0 market rows

Total markets this run: 0
Collector done. Use --include-browser-details in future runs for rich panel data from details pages.
Current: VFLM 5347 (vf:season:3098761) MD 27
MD 28: 8 fixtures
  Inserted 0 market rows
MD 29: 8 fixtures
  Inserted 0 market rows

Total markets this run: 0
Collector done. Use --include-browser-details in future runs for rich panel data from details pages.
Current: VFLM 5347 (vf:season:3098761) MD 27
MD 28: 8 fixtures
  Inserted 0 market rows
MD 29: 8 fixtures
  Inserted 0 market rows

Total markets this run: 0
Collector done. Use --include-browser-details in future runs for rich panel data from details pages.
Current: VFLM 5347 (vf:season:3098761) MD 27
MD 28: 8 fixtures
  Inserted 0 market rows
MD 29: 8 fixtures
  Inserted 0 market rows

Total markets this run: 0
Collector done. Use --include-browser-details in future runs for rich panel data from details pages.
Current: VFLM 5347 (vf:season:3098761) MD 28
MD 28: 8 fixtures
  Inserted 0 market rows
MD 29: 8 fixtures
  Inserted 0 market rows
MD 30: 8 fixtures
  Inserted 0 market rows

Total markets this run: 0
Collector done. Use --include-browser-details in future runs for rich panel data from details pages.
Current: VFLM 5347 (vf:season:3098761) MD 28
MD 28: 8 fixtures
  Inserted 0 market rows
MD 29: 8 fixtures
  Inserted 0 market rows
MD 30: 8 fixtures
  Inserted 0 market rows

Total markets this run: 0
Collector done. Use --include-browser-details in future runs for rich panel data from details pages.
Current: VFLM 5347 (vf:season:3098761) MD 28
MD 29: 8 fixtures
  Inserted 0 market rows
MD 30: 8 fixtures
  Inserted 0 market rows

Total markets this run: 0
Collector done. Use --include-browser-details in future runs for rich panel data from details pages.
Current: VFLM 5347 (vf:season:3098761) MD 28
MD 29: 8 fixtures
  Inserted 0 market rows
MD 30: 8 fixtures
  Inserted 0 market rows

Total markets this run: 0
Collector done. Use --include-browser-details in future runs for rich panel data from details pages.
Current: VFLM 5347 (vf:season:3098761) MD 28
MD 29: 8 fixtures
  Inserted 0 market rows
MD 30: 8 fixtures
  Inserted 0 market rows

Total markets this run: 0
Collector done. Use --include-browser-details in future runs for rich panel data from details pages.
Current: VFLM 5347 (vf:season:3098761) MD 28
MD 29: 8 fixtures
  Inserted 0 market rows
MD 30: 8 fixtures
  Inserted 0 market rows

Total markets this run: 0
Collector done. Use --include-browser-details in future runs for rich panel data from details pages.
Current: VFLM 5347 (vf:season:3098761) MD 28
MD 29: 8 fixtures
  Inserted 0 market rows
MD 30: 8 fixtures
  Inserted 0 market rows
MD 1: 8 fixtures
  Inserted 0 market rows

Total markets this run: 0
Collector done. Use --include-browser-details in future runs for rich panel data from details pages.
Current: VFLM 5347 (vf:season:3098761) MD 29
MD 29: 8 fixtures
  Inserted 0 market rows
MD 30: 8 fixtures
  Inserted 0 market rows
MD 1: 8 fixtures
  Inserted 0 market rows

Total markets this run: 0
Collector done. Use --include-browser-details in future runs for rich panel data from details pages.
Current: VFLM 5347 (vf:season:3098761) MD 29
MD 29: 8 fixtures
  Inserted 0 market rows
MD 30: 8 fixtures
  Inserted 0 market rows
MD 1: 8 fixtures
  Inserted 0 market rows

Total markets this run: 0
Collector done. Use --include-browser-details in future runs for rich panel data from details pages.
Current: VFLM 5347 (vf:season:3098761) MD 29
MD 30: 8 fixtures
  Inserted 0 market rows
MD 1: 8 fixtures
  Inserted 0 market rows

Total markets this run: 0
Collector done. Use --include-browser-details in future runs for rich panel data from details pages.
Current: VFLM 5347 (vf:season:3098761) MD 29
MD 30: 8 fixtures
  Inserted 0 market rows
MD 1: 8 fixtures
  Inserted 0 market rows

Total markets this run: 0
Collector done. Use --include-browser-details in future runs for rich panel data from details pages.
Current: VFLM 5347 (vf:season:3098761) MD 29
MD 30: 8 fixtures
  Inserted 0 market rows
MD 1: 8 fixtures
  Inserted 0 market rows

Total markets this run: 0
Collector done. Use --include-browser-details in future runs for rich panel data from details pages.
Current: VFLM 5347 (vf:season:3098761) MD 29
MD 30: 8 fixtures
  Inserted 0 market rows
MD 1: 8 fixtures
  Inserted 0 market rows

Total markets this run: 0
Collector done. Use --include-browser-details in future runs for rich panel data from details pages.
Current: VFLM 5347 (vf:season:3098761) MD 29
MD 30: 8 fixtures
  Inserted 0 market rows
MD 1: 8 fixtures
  Inserted 0 market rows
MD 2: 8 fixtures
  Inserted 0 market rows

Total markets this run: 0
Collector done. Use --include-browser-details in future runs for rich panel data from details pages.
Current: VFLM 5347 (vf:season:3098761) MD 30
MD 30: 8 fixtures
  Inserted 0 market rows
MD 1: 8 fixtures
  Inserted 0 market rows
MD 2: 8 fixtures
  Inserted 0 market rows

Total markets this run: 0
Collector done. Use --include-browser-details in future runs for rich panel data from details pages.
Current: VFLM 5347 (vf:season:3098761) MD 30
MD 1: 8 fixtures
  Inserted 0 market rows
MD 2: 8 fixtures
  Inserted 0 market rows

Total markets this run: 0
Collector done. Use --include-browser-details in future runs for rich panel data from details pages.
Current: VFLM 5347 (vf:season:3098761) MD 30
MD 1: 8 fixtures
  Inserted 0 market rows
MD 2: 8 fixtures
  Inserted 0 market rows

Total markets this run: 0
Collector done. Use --include-browser-details in future runs for rich panel data from details pages.
Current: VFLM 5347 (vf:season:3098761) MD 30
MD 1: 8 fixtures
  Inserted 0 market rows
MD 2: 8 fixtures
  Inserted 0 market rows

Total markets this run: 0
Collector done. Use --include-browser-details in future runs for rich panel data from details pages.
Current: VFLM 5347 (vf:season:3098761) MD 30
MD 1: 8 fixtures
Current: VFLM 5347 (vf:season:3098761) MD None
MD 1: 8 fixtures
  Inserted 0 market rows
MD 2: 8 fixtures
  Inserted 0 market rows

Total markets this run: 0
Collector done. Use --include-browser-details in future runs for rich panel data from details pages.
Current: VFLM 5348 (vf:season:3098785) MD None
MD 1: 8 fixtures
  Inserted 0 market rows
MD 2: 8 fixtures
  Inserted 0 market rows

Total markets this run: 0
Collector done. Use --include-browser-details in future runs for rich panel data from details pages.
Current: VFLM 5348 (vf:season:3098785) MD None
MD 1: 8 fixtures
  Inserted 0 market rows2026-06-10 09:46:10,496 [DATA-DAEMON] Collecting current odds + details...
2026-06-10 09:46:44,471 [DATA-DAEMON] Collecting current odds + details...
2026-06-10 09:47:15,433 [DATA-DAEMON] Collecting current odds + details...
2026-06-10 09:47:46,400 [DATA-DAEMON] Collecting current odds + details...
2026-06-10 09:48:17,389 [DATA-DAEMON] Collecting current odds + details...
2026-06-10 09:48:48,362 [DATA-DAEMON] Collecting current odds + details...
2026-06-10 09:49:19,338 [DATA-DAEMON] Collecting current odds + details...
2026-06-10 09:49:53,153 [DATA-DAEMON] Collecting current odds + details...
2026-06-10 09:50:27,162 [DATA-DAEMON] Collecting current odds + details...
2026-06-10 09:50:58,054 [DATA-DAEMON] Collecting current odds + details...
2026-06-10 09:51:29,032 [DATA-DAEMON] Collecting current odds + details...
2026-06-10 09:52:00,096 [DATA-DAEMON] Collecting current odds + details...
2026-06-10 09:52:31,242 [DATA-DAEMON] Collecting current odds + details...
2026-06-10 09:53:02,167 [DATA-DAEMON] Collecting current odds + details...
2026-06-10 09:53:35,986 [DATA-DAEMON] Collecting current odds + details...
2026-06-10 09:54:10,195 [DATA-DAEMON] Collecting current odds + details...
2026-06-10 09:54:41,140 [DATA-DAEMON] Collecting current odds + details...
2026-06-10 09:55:12,019 [DATA-DAEMON] Collecting current odds + details...
2026-06-10 09:55:43,063 [DATA-DAEMON] Collecting current odds + details...
2026-06-10 09:56:14,046 [DATA-DAEMON] Collecting current odds + details...
2026-06-10 09:56:44,999 [DATA-DAEMON] Collecting current odds + details...
2026-06-10 09:57:18,779 [DATA-DAEMON] Collecting current odds + details...
2026-06-10 09:57:52,778 [DATA-DAEMON] Collecting current odds + details...
2026-06-10 09:58:23,760 [DATA-DAEMON] Collecting current odds + details...
2026-06-10 09:58:54,947 [DATA-DAEMON] Collecting current odds + details...
2026-06-10 09:59:25,879 [DATA-DAEMON] Collecting current odds + details...
2026-06-10 09:59:57,053 [DATA-DAEMON] Collecting current odds + details...
2026-06-10 10:00:28,072 [DATA-DAEMON] Collecting current odds + details...
2026-06-10 10:01:02,945 [DATA-DAEMON] Collecting current odds + details...
2026-06-10 10:01:37,084 [DATA-DAEMON] Collecting current odds + details...

MD 2: 8 fixtures
  Inserted 0 market rows
MD 3: 8 fixtures
  Inserted 0 market rows

Total markets this run: 0
Collector done. Use --include-browser-details in future runs for rich panel data from details pages.
Current: VFLM 5348 (vf:season:3098785) MD None
MD 1: 8 fixtures
  Inserted 0 market rows
MD 2: 8 fixtures
  Inserted 0 market rows
MD 3: 8 fixtures
  Inserted 0 market rows

Total markets this run: 0
Collector done. Use --include-browser-details in future runs for rich panel data from details pages.
Current: VFLM 5348 (vf:season:3098785) MD None
MD 2: 8 fixtures
  Inserted 0 market rows
MD 3: 8 fixtures
  Inserted 0 market rows

Total markets this run: 0
Collector done. Use --include-browser-details in future runs for rich panel data from details pages.
Current: VFLM 5348 (vf:season:3098785) MD 1
MD 2: 8 fixtures
  Inserted 0 market rows
MD 3: 8 fixtures
  Inserted 0 market rows

Total markets this run: 0
Collector done. Use --include-browser-details in future runs for rich panel data from details pages.
Current: VFLM 5348 (vf:season:3098785) MD 1
MD 2: 8 fixtures
  Inserted 0 market rows
MD 3: 8 fixtures
  Inserted 0 market rows

Total markets this run: 0
Collector done. Use --include-browser-details in future runs for rich panel data from details pages.
Current: VFLM 5348 (vf:season:3098785) MD 1
MD 2: 8 fixtures
  Inserted 0 market rows
MD 3: 8 fixtures
  Inserted 0 market rows

Total markets this run: 0
Collector done. Use --include-browser-details in future runs for rich panel data from details pages.
Current: VFLM 5348 (vf:season:3098785) MD 1
MD 2: 8 fixtures
  Inserted 0 market rows
MD 3: 8 fixtures
  Inserted 0 market rows

Total markets this run: 0
Collector done. Use --include-browser-details in future runs for rich panel data from details pages.
Current: VFLM 5348 (vf:season:3098785) MD 1
MD 2: 8 fixtures
  Inserted 0 market rows
MD 3: 8 fixtures
  Inserted 0 market rows
MD 4: 8 fixtures
  Inserted 0 market rows

Total markets this run: 0
Collector done. Use --include-browser-details in future runs for rich panel data from details pages.
Current: VFLM 5348 (vf:season:3098785) MD 2
MD 2: 8 fixtures
  Inserted 0 market rows
MD 3: 8 fixtures
  Inserted 0 market rows
MD 4: 8 fixtures
  Inserted 0 market rows

Total markets this run: 0
Collector done. Use --include-browser-details in future runs for rich panel data from details pages.
Current: VFLM 5348 (vf:season:3098785) MD 2
MD 3: 8 fixtures
  Inserted 0 market rows
MD 4: 8 fixtures
  Inserted 0 market rows

Total markets this run: 0
Collector done. Use --include-browser-details in future runs for rich panel data from details pages.
Current: VFLM 5348 (vf:season:3098785) MD 2
MD 3: 8 fixtures
  Inserted 0 market rows
MD 4: 8 fixtures
  Inserted 0 market rows

Total markets this run: 0
Collector done. Use --include-browser-details in future runs for rich panel data from details pages.
Current: VFLM 5348 (vf:season:3098785) MD 2
MD 3: 8 fixtures
  Inserted 0 market rows
MD 4: 8 fixtures
  Inserted 0 market rows

Total markets this run: 0
Collector done. Use --include-browser-details in future runs for rich panel data from details pages.
Current: VFLM 5348 (vf:season:3098785) MD 2
MD 3: 8 fixtures
  Inserted 0 market rows
MD 4: 8 fixtures
  Inserted 0 market rows

Total markets this run: 0
Collector done. Use --include-browser-details in future runs for rich panel data from details pages.
Current: VFLM 5348 (vf:season:3098785) MD 2
MD 3: 8 fixtures
  Inserted 0 market rows
MD 4: 8 fixtures
  Inserted 0 market rows

Total markets this run: 0
Collector done. Use --include-browser-details in future runs for rich panel data from details pages.
Current: VFLM 5348 (vf:season:3098785) MD 2
MD 3: 8 fixtures
  Inserted 0 market rows
MD 4: 8 fixtures
  Inserted 0 market rows
MD 5: 8 fixtures
  Inserted 0 market rows

Total markets this run: 0
Collector done. Use --include-browser-details in future runs for rich panel data from details pages.
Current: VFLM 5348 (vf:season:3098785) MD 3
MD 3: 8 fixtures
  Inserted 0 market rows
MD 4: 8 fixtures
  Inserted 0 market rows
MD 5: 8 fixtures
  Inserted 0 market rows

Total markets this run: 0
Collector done. Use --include-browser-details in future runs for rich panel data from details pages.
Current: VFLM 5348 (vf:season:3098785) MD 3
MD 4: 8 fixtures
  Inserted 0 market rows
MD 5: 8 fixtures
  Inserted 0 market rows

Total markets this run: 0
Collector done. Use --include-browser-details in future runs for rich panel data from details pages.
Current: VFLM 5348 (vf:season:3098785) MD 3
MD 4: 8 fixtures
  Inserted 0 market rows
MD 5: 8 fixtures
  Inserted 0 market rows

Total markets this run: 0
Collector done. Use --include-browser-details in future runs for rich panel data from details pages.
Current: VFLM 5348 (vf:season:3098785) MD 3
MD 4: 8 fixtures
  Inserted 0 market rows
MD 5: 8 fixtures
  Inserted 0 market rows

Total markets this run: 0
Collector done. Use --include-browser-details in future runs for rich panel data from details pages.
Current: VFLM 5348 (vf:season:3098785) MD 3
MD 4: 8 fixtures
  Inserted 0 market rows
MD 5: 8 fixtures
  Inserted 0 market rows

Total markets this run: 0
Collector done. Use --include-browser-details in future runs for rich panel data from details pages.
Current: VFLM 5348 (vf:season:3098785) MD 3
MD 4: 8 fixtures
  Inserted 0 market rows
MD 5: 8 fixtures
  Inserted 0 market rows

Total markets this run: 0
Collector done. Use --include-browser-details in future runs for rich panel data from details pages.
Current: VFLM 5348 (vf:season:3098785) MD 3
MD 4: 8 fixtures
  Inserted 0 market rows
MD 5: 8 fixtures
  Inserted 0 market rows
MD 6: 8 fixtures
  Inserted 0 market rows

Total markets this run: 0
Collector done. Use --include-browser-details in future runs for rich panel data from details pages.
Current: VFLM 5348 (vf:season:3098785) MD 4
MD 4: 8 fixtures
  Inserted 0 market rows
MD 5: 8 fixtures
  Inserted 0 market rows
MD 6: 8 fixtures
  Inserted 0 market rows

Total markets this run: 0
Collector done. Use --include-browser-details in future runs for rich panel data from details pages.
Current: VFLM 5348 (vf:season:3098785) MD 4
MD 5: 8 fixtures
  Inserted 0 market rows
MD 6: 8 fixtures
  Inserted 0 market rows

Total markets this run: 0
Collector done. Use --include-browser-details in future runs for rich panel data from details pages.
Current: VFLM 5348 (vf:season:3098785) MD 4
MD 5: 8 fixtures
  Inserted 0 market rows
MD 6: 8 fixtures
  Inserted 0 market rows

Total markets this run: 0
Collector done. Use --include-browser-details in future runs for rich panel data from details pages.
Current: VFLM 5348 (vf:season:3098785) MD 4
MD 5: 8 fixtures
  Inserted 0 market rows
MD 6: 8 fixtures
  Inserted 0 market rows

Total markets this run: 0
Collector done. Use --include-browser-details in future runs for rich panel data from details pages.
Current: VFLM 5348 (vf:season:3098785) MD 4
MD 5: 8 fixtures
  Inserted 0 market rows
MD 6: 8 fixtures
  Inserted 0 market rows

Total markets this run: 0
Collector done. Use --include-browser-details in future runs for rich panel data from details pages.
Current: VFLM 5348 (vf:season:3098785) MD 4
MD 5: 8 fixtures
  Inserted 0 market rows
MD 6: 8 fixtures
  Inserted 0 market rows

Total markets this run: 0
Collector done. Use --include-browser-details in future runs for rich panel data from details pages.
Current: VFLM 5348 (vf:season:3098785) MD 4
MD 5: 8 fixtures
  Inserted 0 market rows
MD 6: 8 fixtures
  Inserted 0 market rows
MD 7: 8 fixtures
  Inserted 0 market rows

Total markets this run: 0
Collector done. Use --include-browser-details in future runs for rich panel data from details pages.
Current: VFLM 5348 (vf:season:3098785) MD 5
MD 5: 8 fixtures
  Inserted 0 market rows
MD 6: 8 fixtures
  Inserted 0 market rows
MD 7: 8 fixtures
  Inserted 0 market rows

Total markets this run: 0
Collector done. Use --include-browser-details in future runs for rich panel data from details pages.
Current: VFLM 5348 (vf:season:3098785) MD 5
MD 6: 8 fixtures
  Inserted 0 market rows
MD 7: 8 fixtures
  Inserted 0 market rows

Total markets this run: 0
Collector done. Use --include-browser-details in future runs for rich panel data from details pages.2026-06-10 10:02:08,180 [DATA-DAEMON] Collecting current odds + details...
2026-06-10 10:02:39,625 [DATA-DAEMON] Collecting current odds + details...
2026-06-10 10:03:10,823 [DATA-DAEMON] Collecting current odds + details...
2026-06-10 10:03:42,096 [DATA-DAEMON] Collecting current odds + details...
2026-06-10 10:04:13,415 [DATA-DAEMON] Collecting current odds + details...
2026-06-10 10:04:47,798 [DATA-DAEMON] Collecting current odds + details...
2026-06-10 10:05:21,864 [DATA-DAEMON] Collecting current odds + details...
2026-06-10 10:05:52,875 [DATA-DAEMON] Collecting current odds + details...
2026-06-10 10:06:24,957 [DATA-DAEMON] Collecting current odds + details...
2026-06-10 10:06:53,883 [DATA-DAEMON] Shutting down...

Current: VFLM 5348 (vf:season:3098785) MD 5
MD 6: 8 fixtures
  Inserted 0 market rows
MD 7: 8 fixtures
  Inserted 0 market rows

Total markets this run: 0
Collector done. Use --include-browser-details in future runs for rich panel data from details pages.
Current: VFLM 5348 (vf:season:3098785) MD 5
MD 6: 8 fixtures
  Inserted 0 market rows
MD 7: 8 fixtures
  Inserted 0 market rows

Total markets this run: 0
Collector done. Use --include-browser-details in future runs for rich panel data from details pages.
Current: VFLM 5348 (vf:season:3098785) MD 5
MD 6: 8 fixtures
  Inserted 0 market rows
MD 7: 8 fixtures
  Inserted 0 market rows

Total markets this run: 0
Collector done. Use --include-browser-details in future runs for rich panel data from details pages.
Current: VFLM 5348 (vf:season:3098785) MD 5
MD 6: 8 fixtures
  Inserted 0 market rows
MD 7: 8 fixtures
  Inserted 0 market rows

Total markets this run: 0
Collector done. Use --include-browser-details in future runs for rich panel data from details pages.
Current: VFLM 5348 (vf:season:3098785) MD 5
MD 6: 8 fixtures
  Inserted 0 market rows
MD 7: 8 fixtures
  Inserted 0 market rows
MD 8: 8 fixtures
  Inserted 0 market rows

Total markets this run: 0
Collector done. Use --include-browser-details in future runs for rich panel data from details pages.
Current: VFLM 5348 (vf:season:3098785) MD 6
MD 6: 8 fixtures
  Inserted 0 market rows
MD 7: 8 fixtures
  Inserted 0 market rows
MD 8: 8 fixtures
  Inserted 0 market rows

Total markets this run: 0
Collector done. Use --include-browser-details in future runs for rich panel data from details pages.
Current: VFLM 5348 (vf:season:3098785) MD 6
MD 7: 8 fixtures
  Inserted 0 market rows
MD 8: 8 fixtures
  Inserted 0 market rows

Total markets this run: 0
Collector done. Use --include-browser-details in future runs for rich panel data from details pages.
Current: VFLM 5348 (vf:season:3098785) MD 6
MD 7: 8 fixtures
  Inserted 0 market rows
MD 8: 8 fixtures
  Inserted 0 market rows

Total markets this run: 0
Collector done. Use --include-browser-details in future runs for rich panel data from details pages.
Current: VFLM 5348 (vf:season:3098785) MD 6
MD 7: 8 fixtures
  Inserted 0 market rows
MD 8: 8 fixtures
  Inserted 0 market rows

Total markets this run: 0
Collector done. Use --include-browser-details in future runs for rich panel data from details pages.
