INFO:     Started server process [1890707]
INFO:     Waiting for application startup.
[SETTLEMENT] Settlement Service starting on :8004
INFO:     Application startup complete.
INFO:     Uvicorn running on http://0.0.0.0:8004 (Press CTRL+C to quit)
INFO:     Shutting down
INFO:     Waiting for application shutdown.
[SETTLEMENT] Settlement Service shutting down
INFO:     Application shutdown complete.
INFO:     Finished server process [1890707]
INFO:     Started server process [4086824]
INFO:     Waiting for application startup.
[SETTLEMENT] Settlement Service starting on :8004
INFO:     Application startup complete.
INFO:     Uvicorn running on http://0.0.0.0:8004 (Press CTRL+C to quit)
INFO:     Shutting down
INFO:     Waiting for application shutdown.
[SETTLEMENT] Settlement Service shutting down
INFO:     Application shutdown complete.
INFO:     Finished server process [4086824]
INFO:     Started server process [4096836]
INFO:     Waiting for application startup.
[SETTLEMENT] Settlement Service starting on :8004
INFO:     Application startup complete.
INFO:     Uvicorn running on http://0.0.0.0:8004 (Press CTRL+C to quit)
[SETTLEMENT] Found 1743 unsettled bets
INFO:     Shutting down
INFO:     Waiting for application shutdown.
[SETTLEMENT] Settlement Service shutting down
INFO:     Application shutdown complete.
INFO:     Finished server process [4096836]
INFO:     Started server process [4106169]
INFO:     Waiting for application startup.
[SETTLEMENT] Settlement Service starting on :8004
INFO:     Application startup complete.
INFO:     Uvicorn running on http://0.0.0.0:8004 (Press CTRL+C to quit)
[SETTLEMENT] Found 1743 unsettled bets
[SETTLEMENT] Found 1743 unsettled bets
[SETTLEMENT] Found 1743 unsettled bets
[SETTLEMENT] Found 1743 unsettled bets
[SETTLEMENT] Found 1743 unsettled bets
[SETTLEMENT] Found 1743 unsettled bets
[SETTLEMENT] Found 1743 unsettled bets
[SETTLEMENT] Found 1743 unsettled bets
[SETTLEMENT] Found 1743 unsettled bets
[SETTLEMENT] Found 1743 unsettled bets
[SETTLEMENT] Found 1743 unsettled bets
[SETTLEMENT] Found 1743 unsettled bets
[SETTLEMENT] Found 1743 unsettled bets
[SETTLEMENT] Found 1743 unsettled bets
[SETTLEMENT] Found 1743 unsettled bets
[SETTLEMENT] Found 1743 unsettled bets
[SETTLEMENT] Found 1743 unsettled bets
[SETTLEMENT] Found 1743 unsettled bets
[SETTLEMENT] Found 1743 unsettled bets
[SETTLEMENT] Found 1743 unsettled bets
[SETTLEMENT] Found 1743 unsettled bets
[SETTLEMENT] Found 1743 unsettled bets
[SETTLEMENT] Found 1743 unsettled bets
[SETTLEMENT] Found 1743 unsettled bets
[SETTLEMENT] Found 1743 unsettled bets
[SETTLEMENT] Found 1743 unsettled bets
[SETTLEMENT] Found 1743 unsettled bets
[SETTLEMENT] Found 1743 unsettled bets
[SETTLEMENT] Found 1743 unsettled bets
[SETTLEMENT] Found 1743 unsettled bets
[SETTLEMENT] Found 1743 unsettled bets
[SETTLEMENT] Found 1743 unsettled bets
[SETTLEMENT] Found 1743 unsettled bets
[SETTLEMENT] Found 1743 unsettled bets
[SETTLEMENT] Found 1743 unsettled bets
[SETTLEMENT] Found 1743 unsettled bets
[SETTLEMENT] Found 1743 unsettled bets
[SETTLEMENT] Found 1743 unsettled bets
[SETTLEMENT] Found 1743 unsettled bets
[SETTLEMENT] Found 1743 unsettled bets
[SETTLEMENT] Found 1743 unsettled bets
[SETTLEMENT] Found 1743 unsettled bets
[SETTLEMENT] Found 1743 unsettled bets
[SETTLEMENT] Found 1743 unsettled bets
[SETTLEMENT] Found 1743 unsettled bets
[SETTLEMENT] Found 1743 unsettled bets
[SETTLEMENT] Found 1743 unsettled bets
[SETTLEMENT] Found 1743 unsettled bets
[SETTLEMENT] Found 1743 unsettled bets
[SETTLEMENT] Found 1743 unsettled bets
[SETTLEMENT] Found 1743 unsettled bets
[SETTLEMENT] Found 1743 unsettled bets
[SETTLEMENT] Found 1743 unsettled bets
[SETTLEMENT] Found 1743 unsettled bets
[SETTLEMENT] Found 1743 unsettled bets
[SETTLEMENT] Found 1743 unsettled bets
[SETTLEMENT] Found 1743 unsettled bets
[SETTLEMENT] Found 1743 unsettled bets
[SETTLEMENT] Found 1743 unsettled bets
[SETTLEMENT] Found 1743 unsettled bets
[SETTLEMENT] Found 1743 unsettled bets
[SETTLEMENT] Found 1743 unsettled bets
[SETTLEMENT] Found 1743 unsettled bets
[SETTLEMENT] Found 1743 unsettled bets
[SETTLEMENT] Found 1743 unsettled bets
[SETTLEMENT] Found 1743 unsettled bets
[SETTLEMENT] Found 1743 unsettled bets
[SETTLEMENT] Found 1743 unsettled bets
[SETTLEMENT] Found 1743 unsettled bets
[SETTLEMENT] Found 1743 unsettled bets
[SETTLEMENT] Found 1743 unsettled bets
[SETTLEMENT] Found 1743 unsettled bets
[SETTLEMENT] Found 1743 unsettled bets
[SETTLEMENT] Found 1743 unsettled bets
[SETTLEMENT] Found 1743 unsettled bets
[SETTLEMENT] Found 1743 unsettled bets
[SETTLEMENT] Found 1743 unsettled bets
[SETTLEMENT] Found 1743 unsettled bets
[SETTLEMENT] Found 1743 unsettled bets
[SETTLEMENT] Found 1743 unsettled bets
[SETTLEMENT] Found 1743 unsettled bets
[SETTLEMENT] Found 1743 unsettled bets
[SETTLEMENT] Found 1743 unsettled bets
[SETTLEMENT] Found 1743 unsettled bets
[SETTLEMENT] Found 1743 unsettled bets
[SETTLEMENT] Found 1743 unsettled bets
[SETTLEMENT] Found 1743 unsettled bets
[SETTLEMENT] Found 1743 unsettled bets
[SETTLEMENT] Found 1743 unsettled bets
[SETTLEMENT] Found 1743 unsettled bets
[SETTLEMENT] Found 1743 unsettled bets
[SETTLEMENT] Found 1743 unsettled bets
[SETTLEMENT] Found 1743 unsettled bets
[SETTLEMENT] Found 1743 unsettled bets
[SETTLEMENT] Found 1743 unsettled bets
[SETTLEMENT] Found 1743 unsettled bets
[SETTLEMENT] Found 1743 unsettled bets
[SETTLEMENT] Found 1743 unsettled bets
[SETTLEMENT] Found 1743 unsettled bets
[SETTLEMENT] Found 1743 unsettled bets
[SETTLEMENT] Found 1743 unsettled bets
[SETTLEMENT] Found 1743 unsettled bets
[SETTLEMENT] Found 1743 unsettled bets
[SETTLEMENT] Found 1743 unsettled bets
[SETTLEMENT] Found 1743 unsettled bets
[SETTLEMENT] Found 1743 unsettled bets
[SETTLEMENT] Found 1743 unsettled bets
[SETTLEMENT] Found 1743 unsettled bets
[SETTLEMENT] Found 1743 unsettled bets
[SETTLEMENT] Found 1743 unsettled bets
[SETTLEMENT] Found 1743 unsettled bets
[SETTLEMENT] Found 1743 unsettled bets
[SETTLEMENT] Found 1743 unsettled bets
[SETTLEMENT] Found 1743 unsettled bets
[SETTLEMENT] Found 1743 unsettled bets
[SETTLEMENT] Found 1743 unsettled bets
[SETTLEMENT] Found 1743 unsettled bets
[SETTLEMENT] Found 1743 unsettled bets
[SETTLEMENT] Found 1743 unsettled bets
[SETTLEMENT] Found 1743 unsettled bets
[SETTLEMENT] Found 1743 unsettled bets
[SETTLEMENT] Found 1743 unsettled bets
[SETTLEMENT] Found 1743 unsettled bets
[SETTLEMENT] Found 1743 unsettled bets
[SETTLEMENT] Found 1743 unsettled bets
[SETTLEMENT] Found 1743 unsettled bets
[SETTLEMENT] Found 1743 unsettled bets
[SETTLEMENT] Found 1743 unsettled bets
[SETTLEMENT] Found 1743 unsettled bets
[SETTLEMENT] Found 1743 unsettled bets
[SETTLEMENT] Found 1743 unsettled bets
[SETTLEMENT] Found 1743 unsettled bets
[SETTLEMENT] Found 1743 unsettled bets
[SETTLEMENT] Found 1743 unsettled bets
[SETTLEMENT] Found 1743 unsettled bets
[SETTLEMENT] Found 1743 unsettled bets
[SETTLEMENT] Found 1743 unsettled bets
[SETTLEMENT] Found 1743 unsettled bets
[SETTLEMENT] Found 1743 unsettled bets
[SETTLEMENT] Found 1743 unsettled bets
[SETTLEMENT] Found 1743 unsettled bets
[SETTLEMENT] Found 1743 unsettled bets
[SETTLEMENT] Found 1743 unsettled bets
[SETTLEMENT] Found 1743 unsettled bets
[SETTLEMENT] Found 1743 unsettled bets
[SETTLEMENT] Found 1743 unsettled bets
[SETTLEMENT] Found 1743 unsettled bets
[SETTLEMENT] Found 1743 unsettled bets
[SETTLEMENT] Found 1743 unsettled bets
[SETTLEMENT] Found 1743 unsettled bets
[SETTLEMENT] Found 1743 unsettled bets
[SETTLEMENT] Found 1743 unsettled bets
[SETTLEMENT] Found 1743 unsettled bets
[SETTLEMENT] Found 1743 unsettled bets
[SETTLEMENT] Found 1743 unsettled bets
[SETTLEMENT] Found 1743 unsettled bets
[SETTLEMENT] Found 1743 unsettled bets
[SETTLEMENT] Found 1743 unsettled bets
[SETTLEMENT] Found 1743 unsettled bets
[SETTLEMENT] Found 1743 unsettled bets
[SETTLEMENT] Found 1743 unsettled bets
[SETTLEMENT] Found 1743 unsettled bets
[SETTLEMENT] Found 1743 unsettled bets
[SETTLEMENT] Found 1743 unsettled bets
[SETTLEMENT] Found 1743 unsettled bets
[SETTLEMENT] Found 1743 unsettled bets
[SETTLEMENT] Found 1743 unsettled bets
[SETTLEMENT] Found 1743 unsettled bets
[SETTLEMENT] Found 1743 unsettled bets
[SETTLEMENT] Found 1743 unsettled bets
[SETTLEMENT] Found 1743 unsettled bets
[SETTLEMENT] Found 1743 unsettled bets
[SETTLEMENT] Found 1743 unsettled bets
[SETTLEMENT] Found 1743 unsettled bets
[SETTLEMENT] Found 1743 unsettled bets
[SETTLEMENT] Found 1743 unsettled bets
[SETTLEMENT] Found 1743 unsettled bets
[SETTLEMENT] Found 1743 unsettled bets
[SETTLEMENT] Found 1743 unsettled bets
[SETTLEMENT] Found 1743 unsettled bets
[SETTLEMENT] Found 1743 unsettled bets
[SETTLEMENT] Found 1743 unsettled bets
[SETTLEMENT] Found 1743 unsettled bets
[SETTLEMENT] Found 1743 unsettled bets
[SETTLEMENT] Found 1743 unsettled bets
[SETTLEMENT] Found 1743 unsettled bets
[SETTLEMENT] Found 1743 unsettled bets
[SETTLEMENT] Found 1743 unsettled bets
[SETTLEMENT] Found 1743 unsettled bets
[SETTLEMENT] Found 1743 unsettled bets
[SETTLEMENT] Found 1743 unsettled bets
[SETTLEMENT] Found 1743 unsettled bets
[SETTLEMENT] Found 1743 unsettled bets
[SETTLEMENT] Found 1743 unsettled bets
[SETTLEMENT] Found 1743 unsettled bets
[SETTLEMENT] Found 1743 unsettled bets
[SETTLEMENT] Found 1743 unsettled bets
[SETTLEMENT] Found 1743 unsettled bets
[SETTLEMENT] Found 1743 unsettled bets
[SETTLEMENT] Found 1743 unsettled bets
[SETTLEMENT] Found 1743 unsettled bets
[SETTLEMENT] Found 1743 unsettled bets
[SETTLEMENT] Found 1743 unsettled bets
[SETTLEMENT] Found 1743 unsettled bets
[SETTLEMENT] Found 1743 unsettled bets
[SETTLEMENT] Found 1743 unsettled bets
[SETTLEMENT] Found 1743 unsettled bets
[SETTLEMENT] Found 1743 unsettled bets
[SETTLEMENT] Found 1743 unsettled bets
[SETTLEMENT] Found 1743 unsettled bets
[SETTLEMENT] Found 1744 unsettled bets
[SETTLEMENT] Found 1744 unsettled bets
[SETTLEMENT] Found 1745 unsettled bets
[SETTLEMENT] Found 1745 unsettled bets
[SETTLEMENT] Found 1745 unsettled bets
[SETTLEMENT] Found 1745 unsettled bets
[SETTLEMENT] Found 1745 unsettled bets
[SETTLEMENT] Found 1745 unsettled bets
[SETTLEMENT] Found 1745 unsettled bets
[SETTLEMENT] Found 1745 unsettled bets
[SETTLEMENT] Found 1745 unsettled bets
[SETTLEMENT] Found 1745 unsettled bets
[SETTLEMENT] Found 1745 unsettled bets
[SETTLEMENT] Found 1745 unsettled bets
[SETTLEMENT] Found 1745 unsettled bets
[SETTLEMENT] Found 1745 unsettled bets
[SETTLEMENT] Found 1745 unsettled bets
[SETTLEMENT] Found 1745 unsettled bets
[SETTLEMENT] Found 1745 unsettled bets
[SETTLEMENT] Found 1745 unsettled bets
[SETTLEMENT] Found 1745 unsettled bets
[SETTLEMENT] Found 1745 unsettled bets
[SETTLEMENT] Found 1745 unsettled bets
INFO:     Shutting down
INFO:     Waiting for application shutdown.
[SETTLEMENT] Settlement Service shutting down
INFO:     Application shutdown complete.
INFO:     Finished server process [4106169]
INFO:     Started server process [523149]
INFO:     Waiting for application startup.
[SETTLEMENT] Settlement Service starting on :8004
INFO:     Application startup complete.
INFO:     Uvicorn running on http://0.0.0.0:8004 (Press CTRL+C to quit)
[SETTLEMENT] Found 1745 unsettled bets
ERROR:    Exception in ASGI application
Traceback (most recent call last):
  File "/home/ubuntu/.hermes/hermes-agent/venv/lib/python3.11/site-packages/uvicorn/protocols/http/httptools_impl.py", line 416, in run_asgi
    result = await app(  # type: ignore[func-returns-value]
             ^^^^^^^^^^^^^^^^^^^^^^^^^^^^^^^^^^^^^^^^^^^^^^
  File "/home/ubuntu/.hermes/hermes-agent/venv/lib/python3.11/site-packages/uvicorn/middleware/proxy_headers.py", line 60, in __call__
    return await self.app(scope, receive, send)
           ^^^^^^^^^^^^^^^^^^^^^^^^^^^^^^^^^^^^
  File "/home/ubuntu/.hermes/hermes-agent/venv/lib/python3.11/site-packages/fastapi/applications.py", line 1160, in __call__
    await super().__call__(scope, receive, send)
  File "/home/ubuntu/.hermes/hermes-agent/venv/lib/python3.11/site-packages/starlette/applications.py", line 107, in __call__
    await self.middleware_stack(scope, receive, send)
  File "/home/ubuntu/.hermes/hermes-agent/venv/lib/python3.11/site-packages/starlette/middleware/errors.py", line 186, in __call__
    raise exc
  File "/home/ubuntu/.hermes/hermes-agent/venv/lib/python3.11/site-packages/starlette/middleware/errors.py", line 164, in __call__
    await self.app(scope, receive, _send)
  File "/home/ubuntu/.hermes/hermes-agent/venv/lib/python3.11/site-packages/starlette/middleware/exceptions.py", line 63, in __call__
    await wrap_app_handling_exceptions(self.app, conn)(scope, receive, send)
  File "/home/ubuntu/.hermes/hermes-agent/venv/lib/python3.11/site-packages/starlette/_exception_handler.py", line 53, in wrapped_app
    raise exc
  File "/home/ubuntu/.hermes/hermes-agent/venv/lib/python3.11/site-packages/starlette/_exception_handler.py", line 42, in wrapped_app
    await app(scope, receive, sender)
  File "/home/ubuntu/.hermes/hermes-agent/venv/lib/python3.11/site-packages/fastapi/middleware/asyncexitstack.py", line 18, in __call__
    await self.app(scope, receive, send)
  File "/home/ubuntu/.hermes/hermes-agent/venv/lib/python3.11/site-packages/starlette/routing.py", line 716, in __call__
    await self.middleware_stack(scope, receive, send)
  File "/home/ubuntu/.hermes/hermes-agent/venv/lib/python3.11/site-packages/starlette/routing.py", line 736, in app
    await route.handle(scope, receive, send)
  File "/home/ubuntu/.hermes/hermes-agent/venv/lib/python3.11/site-packages/starlette/routing.py", line 290, in handle
    await self.app(scope, receive, send)
  File "/home/ubuntu/.hermes/hermes-agent/venv/lib/python3.11/site-packages/fastapi/routing.py", line 119, in app
    await wrap_app_handling_exceptions(app, request)(scope, receive, send)
  File "/home/ubuntu/.hermes/hermes-agent/venv/lib/python3.11/site-packages/starlette/_exception_handler.py", line 53, in wrapped_app
    raise exc
  File "/home/ubuntu/.hermes/hermes-agent/venv/lib/python3.11/site-packages/starlette/_exception_handler.py", line 42, in wrapped_app
    await app(scope, receive, sender)
  File "/home/ubuntu/.hermes/hermes-agent/venv/lib/python3.11/site-packages/fastapi/routing.py", line 105, in app
    response = await f(request)
               ^^^^^^^^^^^^^^^^
  File "/home/ubuntu/.hermes/hermes-agent/venv/lib/python3.11/site-packages/fastapi/routing.py", line 431, in app
    raw_response = await run_endpoint_function(
                   ^^^^^^^^^^^^^^^^^^^^^^^^^^^^
  File "/home/ubuntu/.hermes/hermes-agent/venv/lib/python3.11/site-packages/fastapi/routing.py", line 313, in run_endpoint_function
    return await dependant.call(**values)
           ^^^^^^^^^^^^^^^^^^^^^^^^^^^^^^
  File "/home/ubuntu/faith-workspace/vfl-empire/services/settlement/server.py", line 210, in settle
    return settle_bets()
           ^^^^^^^^^^^^^
  File "/home/ubuntu/faith-workspace/vfl-empire/services/settlement/server.py", line 109, in settle_bets
    results = get_results(season, md)
              ^^^^^^^^^^^^^^^^^^^^^^^
  File "/home/ubuntu/faith-workspace/vfl-empire/services/settlement/../common/msport_client.py", line 106, in get_results
    data = fetch_json(url)
           ^^^^^^^^^^^^^^^
  File "/home/ubuntu/faith-workspace/vfl-empire/services/settlement/../common/msport_client.py", line 64, in fetch_json
    resp = urlopen(req, timeout=timeout)
           ^^^^^^^^^^^^^^^^^^^^^^^^^^^^^
  File "/home/ubuntu/.local/share/uv/python/cpython-3.11.15-linux-aarch64-gnu/lib/python3.11/urllib/request.py", line 216, in urlopen
    return opener.open(url, data, timeout)
           ^^^^^^^^^^^^^^^^^^^^^^^^^^^^^^^
  File "/home/ubuntu/.local/share/uv/python/cpython-3.11.15-linux-aarch64-gnu/lib/python3.11/urllib/request.py", line 519, in open
    response = self._open(req, data)
               ^^^^^^^^^^^^^^^^^^^^^
  File "/home/ubuntu/.local/share/uv/python/cpython-3.11.15-linux-aarch64-gnu/lib/python3.11/urllib/request.py", line 536, in _open
    result = self._call_chain(self.handle_open, protocol, protocol +
             ^^^^^^^^^^^^^^^^^^^^^^^^^^^^^^^^^^^^^^^^^^^^^^^^^^^^^^^
  File "/home/ubuntu/.local/share/uv/python/cpython-3.11.15-linux-aarch64-gnu/lib/python3.11/urllib/request.py", line 496, in _call_chain
    result = func(*args)
             ^^^^^^^^^^^
  File "/home/ubuntu/.local/share/uv/python/cpython-3.11.15-linux-aarch64-gnu/lib/python3.11/urllib/request.py", line 1391, in https_open
    return self.do_open(http.client.HTTPSConnection, req,
           ^^^^^^^^^^^^^^^^^^^^^^^^^^^^^^^^^^^^^^^^^^^^^^
  File "/home/ubuntu/.local/share/uv/python/cpython-3.11.15-linux-aarch64-gnu/lib/python3.11/urllib/request.py", line 1348, in do_open
    h.request(req.get_method(), req.selector, req.data, headers,
  File "/home/ubuntu/.local/share/uv/python/cpython-3.11.15-linux-aarch64-gnu/lib/python3.11/http/client.py", line 1323, in request
    self._send_request(method, url, body, headers, encode_chunked)
  File "/home/ubuntu/.local/share/uv/python/cpython-3.11.15-linux-aarch64-gnu/lib/python3.11/http/client.py", line 1334, in _send_request
    self.putrequest(method, url, **skips)
  File "/home/ubuntu/.local/share/uv/python/cpython-3.11.15-linux-aarch64-gnu/lib/python3.11/http/client.py", line 1168, in putrequest
    self._validate_path(url)
  File "/home/ubuntu/.local/share/uv/python/cpython-3.11.15-linux-aarch64-gnu/lib/python3.11/http/client.py", line 1268, in _validate_path
    raise InvalidURL(f"URL can't contain control characters. {url!r} "
http.client.InvalidURL: URL can't contain control characters. '/api/ng/facts-center/query/frontend/virtual/result?seasonId=VFLM 5104&matchDay=6&pageSize=500&pageNum=1' (found at least ' ')
INFO:     Shutting down
INFO:     Waiting for application shutdown.
[SETTLEMENT] Settlement Service shutting down
INFO:     Application shutdown complete.
INFO:     Finished server process [523149]
INFO:     Started server process [523326]
INFO:     Waiting for application startup.
[SETTLEMENT] Settlement Service starting on :8004
INFO:     Application startup complete.
INFO:     Uvicorn running on http://0.0.0.0:8004 (Press CTRL+C to quit)
[SETTLEMENT] Found 1745 unsettled bets
[SETTLEMENT] Settled 31 bets: 0 won, 31 lost
[SETTLEMENT] Found 1714 unsettled bets
INFO:     Shutting down
INFO:     Waiting for application shutdown.
[SETTLEMENT] Settlement Service shutting down
INFO:     Application shutdown complete.
INFO:     Finished server process [523326]
INFO:     Started server process [524383]
INFO:     Waiting for application startup.
[SETTLEMENT] Settlement Service starting on :8004
INFO:     Application startup complete.
INFO:     Uvicorn running on http://0.0.0.0:8004 (Press CTRL+C to quit)
[SETTLEMENT] Found 1747 unsettled bets
ERROR:    Exception in ASGI application
Traceback (most recent call last):
  File "/home/ubuntu/.hermes/hermes-agent/venv/lib/python3.11/site-packages/uvicorn/protocols/http/httptools_impl.py", line 416, in run_asgi
    result = await app(  # type: ignore[func-returns-value]
             ^^^^^^^^^^^^^^^^^^^^^^^^^^^^^^^^^^^^^^^^^^^^^^
  File "/home/ubuntu/.hermes/hermes-agent/venv/lib/python3.11/site-packages/uvicorn/middleware/proxy_headers.py", line 60, in __call__
    return await self.app(scope, receive, send)
           ^^^^^^^^^^^^^^^^^^^^^^^^^^^^^^^^^^^^
  File "/home/ubuntu/.hermes/hermes-agent/venv/lib/python3.11/site-packages/fastapi/applications.py", line 1160, in __call__
    await super().__call__(scope, receive, send)
  File "/home/ubuntu/.hermes/hermes-agent/venv/lib/python3.11/site-packages/starlette/applications.py", line 107, in __call__
    await self.middleware_stack(scope, receive, send)
  File "/home/ubuntu/.hermes/hermes-agent/venv/lib/python3.11/site-packages/starlette/middleware/errors.py", line 186, in __call__
    raise exc
  File "/home/ubuntu/.hermes/hermes-agent/venv/lib/python3.11/site-packages/starlette/middleware/errors.py", line 164, in __call__
    await self.app(scope, receive, _send)
  File "/home/ubuntu/.hermes/hermes-agent/venv/lib/python3.11/site-packages/starlette/middleware/exceptions.py", line 63, in __call__
    await wrap_app_handling_exceptions(self.app, conn)(scope, receive, send)
  File "/home/ubuntu/.hermes/hermes-agent/venv/lib/python3.11/site-packages/starlette/_exception_handler.py", line 53, in wrapped_app
    raise exc
  File "/home/ubuntu/.hermes/hermes-agent/venv/lib/python3.11/site-packages/starlette/_exception_handler.py", line 42, in wrapped_app
    await app(scope, receive, sender)
  File "/home/ubuntu/.hermes/hermes-agent/venv/lib/python3.11/site-packages/fastapi/middleware/asyncexitstack.py", line 18, in __call__
    await self.app(scope, receive, send)
  File "/home/ubuntu/.hermes/hermes-agent/venv/lib/python3.11/site-packages/starlette/routing.py", line 716, in __call__
    await self.middleware_stack(scope, receive, send)
  File "/home/ubuntu/.hermes/hermes-agent/venv/lib/python3.11/site-packages/starlette/routing.py", line 736, in app
    await route.handle(scope, receive, send)
  File "/home/ubuntu/.hermes/hermes-agent/venv/lib/python3.11/site-packages/starlette/routing.py", line 290, in handle
    await self.app(scope, receive, send)
  File "/home/ubuntu/.hermes/hermes-agent/venv/lib/python3.11/site-packages/fastapi/routing.py", line 119, in app
    await wrap_app_handling_exceptions(app, request)(scope, receive, send)
  File "/home/ubuntu/.hermes/hermes-agent/venv/lib/python3.11/site-packages/starlette/_exception_handler.py", line 53, in wrapped_app
    raise exc
  File "/home/ubuntu/.hermes/hermes-agent/venv/lib/python3.11/site-packages/starlette/_exception_handler.py", line 42, in wrapped_app
    await app(scope, receive, sender)
  File "/home/ubuntu/.hermes/hermes-agent/venv/lib/python3.11/site-packages/fastapi/routing.py", line 105, in app
    response = await f(request)
               ^^^^^^^^^^^^^^^^
  File "/home/ubuntu/.hermes/hermes-agent/venv/lib/python3.11/site-packages/fastapi/routing.py", line 431, in app
    raw_response = await run_endpoint_function(
                   ^^^^^^^^^^^^^^^^^^^^^^^^^^^^
  File "/home/ubuntu/.hermes/hermes-agent/venv/lib/python3.11/site-packages/fastapi/routing.py", line 313, in run_endpoint_function
    return await dependant.call(**values)
           ^^^^^^^^^^^^^^^^^^^^^^^^^^^^^^
  File "/home/ubuntu/faith-workspace/vfl-empire/services/settlement/server.py", line 214, in settle
    return settle_bets()
           ^^^^^^^^^^^^^
  File "/home/ubuntu/faith-workspace/vfl-empire/services/settlement/server.py", line 161, in settle_bets
    bankroll["current"] = round(bankroll["current"] + bet["payout"], 2)
                                ~~~~~~~~^^^^^^^^^^^
KeyError: 'current'
[SETTLEMENT] Found 1747 unsettled bets
ERROR:    Exception in ASGI application
Traceback (most recent call last):
  File "/home/ubuntu/.hermes/hermes-agent/venv/lib/python3.11/site-packages/uvicorn/protocols/http/httptools_impl.py", line 416, in run_asgi
    result = await app(  # type: ignore[func-returns-value]
             ^^^^^^^^^^^^^^^^^^^^^^^^^^^^^^^^^^^^^^^^^^^^^^
  File "/home/ubuntu/.hermes/hermes-agent/venv/lib/python3.11/site-packages/uvicorn/middleware/proxy_headers.py", line 60, in __call__
    return await self.app(scope, receive, send)
           ^^^^^^^^^^^^^^^^^^^^^^^^^^^^^^^^^^^^
  File "/home/ubuntu/.hermes/hermes-agent/venv/lib/python3.11/site-packages/fastapi/applications.py", line 1160, in __call__
    await super().__call__(scope, receive, send)
  File "/home/ubuntu/.hermes/hermes-agent/venv/lib/python3.11/site-packages/starlette/applications.py", line 107, in __call__
    await self.middleware_stack(scope, receive, send)
  File "/home/ubuntu/.hermes/hermes-agent/venv/lib/python3.11/site-packages/starlette/middleware/errors.py", line 186, in __call__
    raise exc
  File "/home/ubuntu/.hermes/hermes-agent/venv/lib/python3.11/site-packages/starlette/middleware/errors.py", line 164, in __call__
    await self.app(scope, receive, _send)
  File "/home/ubuntu/.hermes/hermes-agent/venv/lib/python3.11/site-packages/starlette/middleware/exceptions.py", line 63, in __call__
    await wrap_app_handling_exceptions(self.app, conn)(scope, receive, send)
  File "/home/ubuntu/.hermes/hermes-agent/venv/lib/python3.11/site-packages/starlette/_exception_handler.py", line 53, in wrapped_app
    raise exc
  File "/home/ubuntu/.hermes/hermes-agent/venv/lib/python3.11/site-packages/starlette/_exception_handler.py", line 42, in wrapped_app
    await app(scope, receive, sender)
  File "/home/ubuntu/.hermes/hermes-agent/venv/lib/python3.11/site-packages/fastapi/middleware/asyncexitstack.py", line 18, in __call__
    await self.app(scope, receive, send)
  File "/home/ubuntu/.hermes/hermes-agent/venv/lib/python3.11/site-packages/starlette/routing.py", line 716, in __call__
    await self.middleware_stack(scope, receive, send)
  File "/home/ubuntu/.hermes/hermes-agent/venv/lib/python3.11/site-packages/starlette/routing.py", line 736, in app
    await route.handle(scope, receive, send)
  File "/home/ubuntu/.hermes/hermes-agent/venv/lib/python3.11/site-packages/starlette/routing.py", line 290, in handle
    await self.app(scope, receive, send)
  File "/home/ubuntu/.hermes/hermes-agent/venv/lib/python3.11/site-packages/fastapi/routing.py", line 119, in app
    await wrap_app_handling_exceptions(app, request)(scope, receive, send)
  File "/home/ubuntu/.hermes/hermes-agent/venv/lib/python3.11/site-packages/starlette/_exception_handler.py", line 53, in wrapped_app
    raise exc
  File "/home/ubuntu/.hermes/hermes-agent/venv/lib/python3.11/site-packages/starlette/_exception_handler.py", line 42, in wrapped_app
    await app(scope, receive, sender)
  File "/home/ubuntu/.hermes/hermes-agent/venv/lib/python3.11/site-packages/fastapi/routing.py", line 105, in app
    response = await f(request)
               ^^^^^^^^^^^^^^^^
  File "/home/ubuntu/.hermes/hermes-agent/venv/lib/python3.11/site-packages/fastapi/routing.py", line 431, in app
    raw_response = await run_endpoint_function(
                   ^^^^^^^^^^^^^^^^^^^^^^^^^^^^
  File "/home/ubuntu/.hermes/hermes-agent/venv/lib/python3.11/site-packages/fastapi/routing.py", line 313, in run_endpoint_function
    return await dependant.call(**values)
           ^^^^^^^^^^^^^^^^^^^^^^^^^^^^^^
  File "/home/ubuntu/faith-workspace/vfl-empire/services/settlement/server.py", line 214, in settle
    return settle_bets()
           ^^^^^^^^^^^^^
  File "/home/ubuntu/faith-workspace/vfl-empire/services/settlement/server.py", line 161, in settle_bets
    bankroll["active_base"] = round(bankroll.get("active_base", 0) + bet["payout"], 2)
                                ^^^^^^^^^^^^^^^^^^^
KeyError: 'current'
INFO:     Shutting down
INFO:     Waiting for application shutdown.
[SETTLEMENT] Settlement Service shutting down
INFO:     Application shutdown complete.
INFO:     Finished server process [524383]
INFO:     Started server process [525265]
INFO:     Waiting for application startup.
[SETTLEMENT] Settlement Service starting on :8004
INFO:     Application startup complete.
INFO:     Uvicorn running on http://0.0.0.0:8004 (Press CTRL+C to quit)
[SETTLEMENT] Found 1747 unsettled bets
[SETTLEMENT] Settled 31 bets: 17 won, 14 lost
INFO:     Shutting down
INFO:     Waiting for application shutdown.
[SETTLEMENT] Settlement Service shutting down
INFO:     Application shutdown complete.
INFO:     Finished server process [525265]
INFO:     Started server process [538844]
INFO:     Waiting for application startup.
[SETTLEMENT] Settlement Service starting on :8004
INFO:     Application startup complete.
ERROR:    [Errno 98] error while attempting to bind on address ('0.0.0.0', 8004): address already in use
INFO:     Waiting for application shutdown.
[SETTLEMENT] Settlement Service shutting down
INFO:     Application shutdown complete.
INFO:     Started server process [538963]
INFO:     Waiting for application startup.
[SETTLEMENT] Settlement Service starting on :8004
INFO:     Application startup complete.
ERROR:    [Errno 98] error while attempting to bind on address ('0.0.0.0', 8004): address already in use
INFO:     Waiting for application shutdown.
[SETTLEMENT] Settlement Service shutting down
INFO:     Application shutdown complete.
INFO:     Started server process [539153]
INFO:     Waiting for application startup.
[SETTLEMENT] Settlement Service starting on :8004
INFO:     Application startup complete.
ERROR:    [Errno 98] error while attempting to bind on address ('0.0.0.0', 8004): address already in use
INFO:     Waiting for application shutdown.
[SETTLEMENT] Settlement Service shutting down
INFO:     Application shutdown complete.
INFO:     Started server process [539233]
INFO:     Waiting for application startup.
[SETTLEMENT] Settlement Service starting on :8004
INFO:     Application startup complete.
ERROR:    [Errno 98] error while attempting to bind on address ('0.0.0.0', 8004): address already in use
INFO:     Waiting for application shutdown.
[SETTLEMENT] Settlement Service shutting down
INFO:     Application shutdown complete.
INFO:     Started server process [539303]
INFO:     Waiting for application startup.
[SETTLEMENT] Settlement Service starting on :8004
INFO:     Application startup complete.
ERROR:    [Errno 98] error while attempting to bind on address ('0.0.0.0', 8004): address already in use
INFO:     Waiting for application shutdown.
[SETTLEMENT] Settlement Service shutting down
INFO:     Application shutdown complete.
INFO:     Started server process [539372]
INFO:     Waiting for application startup.
[SETTLEMENT] Settlement Service starting on :8004
INFO:     Application startup complete.
ERROR:    [Errno 98] error while attempting to bind on address ('0.0.0.0', 8004): address already in use
INFO:     Waiting for application shutdown.
[SETTLEMENT] Settlement Service shutting down
INFO:     Application shutdown complete.
INFO:     Started server process [539430]
INFO:     Waiting for application startup.
[SETTLEMENT] Settlement Service starting on :8004
INFO:     Application startup complete.
ERROR:    [Errno 98] error while attempting to bind on address ('0.0.0.0', 8004): address already in use
INFO:     Waiting for application shutdown.
[SETTLEMENT] Settlement Service shutting down
INFO:     Application shutdown complete.
INFO:     Started server process [539495]
INFO:     Waiting for application startup.
[SETTLEMENT] Settlement Service starting on :8004
INFO:     Application startup complete.
INFO:     Uvicorn running on http://0.0.0.0:8004 (Press CTRL+C to quit)
[SETTLEMENT] Found 1717 unsettled bets
[SETTLEMENT] Found 1719 unsettled bets
[SETTLEMENT] Found 1719 unsettled bets
[SETTLEMENT] Settled 2 bets: 0 won, 2 lost
[SETTLEMENT] Found 1717 unsettled bets
[SETTLEMENT] Settled 1 bets: 1 won, 0 lost
INFO:     Started server process [550004]
INFO:     Waiting for application startup.
[SETTLEMENT] Settlement Service starting on :8004
INFO:     Application startup complete.
INFO:     Uvicorn running on http://0.0.0.0:8004 (Press CTRL+C to quit)
INFO:     Started server process [550145]
INFO:     Waiting for application startup.
[SETTLEMENT] Settlement Service starting on :8004
INFO:     Application startup complete.
INFO:     Uvicorn running on http://0.0.0.0:8004 (Press CTRL+C to quit)
[SETTLEMENT] Found 1716 unsettled bets
[SETTLEMENT] Found 1 unsettled bets
[SETTLEMENT] Settled 1 bets: 1 won, 0 lost
[SETTLEMENT] No unsettled bets found
[SETTLEMENT] No unsettled bets found
[SETTLEMENT] No unsettled bets found
[SETTLEMENT] No unsettled bets found
[SETTLEMENT] No unsettled bets found
[SETTLEMENT] No unsettled bets found
[SETTLEMENT] No unsettled bets found
[SETTLEMENT] No unsettled bets found
[SETTLEMENT] No unsettled bets found
[SETTLEMENT] No unsettled bets found
[SETTLEMENT] No unsettled bets found
[SETTLEMENT] No unsettled bets found
[SETTLEMENT] No unsettled bets found
[SETTLEMENT] No unsettled bets found
[SETTLEMENT] No unsettled bets found
[SETTLEMENT] No unsettled bets found
[SETTLEMENT] No unsettled bets found
[SETTLEMENT] No unsettled bets found
[SETTLEMENT] No unsettled bets found
[SETTLEMENT] No unsettled bets found
[SETTLEMENT] No unsettled bets found
INFO:     Started server process [615697]
INFO:     Waiting for application startup.
[SETTLEMENT] Settlement Service starting on :8004
INFO:     Application startup complete.
INFO:     Uvicorn running on http://0.0.0.0:8004 (Press CTRL+C to quit)
[SETTLEMENT] No unsettled bets found
INFO:     Started server process [618137]
INFO:     Waiting for application startup.
[SETTLEMENT] Settlement Service starting on :8004
INFO:     Application startup complete.
ERROR:    [Errno 98] error while attempting to bind on address ('0.0.0.0', 8004): address already in use
INFO:     Waiting for application shutdown.
[SETTLEMENT] Settlement Service shutting down
INFO:     Application shutdown complete.
INFO:     Started server process [618246]
INFO:     Waiting for application startup.
[SETTLEMENT] Settlement Service starting on :8004
INFO:     Application startup complete.
ERROR:    [Errno 98] error while attempting to bind on address ('0.0.0.0', 8004): address already in use
INFO:     Waiting for application shutdown.
[SETTLEMENT] Settlement Service shutting down
INFO:     Application shutdown complete.
INFO:     Started server process [618538]
INFO:     Waiting for application startup.
[SETTLEMENT] Settlement Service starting on :8004
INFO:     Application startup complete.
ERROR:    [Errno 98] error while attempting to bind on address ('0.0.0.0', 8004): address already in use
INFO:     Waiting for application shutdown.
[SETTLEMENT] Settlement Service shutting down
INFO:     Application shutdown complete.
INFO:     Started server process [618712]
INFO:     Waiting for application startup.
[SETTLEMENT] Settlement Service starting on :8004
INFO:     Application startup complete.
ERROR:    [Errno 98] error while attempting to bind on address ('0.0.0.0', 8004): address already in use
INFO:     Waiting for application shutdown.
[SETTLEMENT] Settlement Service shutting down
INFO:     Application shutdown complete.
INFO:     Started server process [618812]
INFO:     Waiting for application startup.
[SETTLEMENT] Settlement Service starting on :8004
INFO:     Application startup complete.
ERROR:    [Errno 98] error while attempting to bind on address ('0.0.0.0', 8004): address already in use
INFO:     Waiting for application shutdown.
[SETTLEMENT] Settlement Service shutting down
INFO:     Application shutdown complete.
INFO:     Started server process [618905]
INFO:     Waiting for application startup.
[SETTLEMENT] Settlement Service starting on :8004
INFO:     Application startup complete.
ERROR:    [Errno 98] error while attempting to bind on address ('0.0.0.0', 8004): address already in use
INFO:     Waiting for application shutdown.
[SETTLEMENT] Settlement Service shutting down
INFO:     Application shutdown complete.
INFO:     Started server process [619030]
INFO:     Waiting for application startup.
[SETTLEMENT] Settlement Service starting on :8004
INFO:     Application startup complete.
ERROR:    [Errno 98] error while attempting to bind on address ('0.0.0.0', 8004): address already in use
INFO:     Waiting for application shutdown.
[SETTLEMENT] Settlement Service shutting down
INFO:     Application shutdown complete.
INFO:     Started server process [619099]
INFO:     Waiting for application startup.
[SETTLEMENT] Settlement Service starting on :8004
INFO:     Application startup complete.
ERROR:    [Errno 98] error while attempting to bind on address ('0.0.0.0', 8004): address already in use
INFO:     Waiting for application shutdown.
[SETTLEMENT] Settlement Service shutting down
INFO:     Application shutdown complete.
INFO:     Started server process [619209]
INFO:     Waiting for application startup.
[SETTLEMENT] Settlement Service starting on :8004
INFO:     Application startup complete.
ERROR:    [Errno 98] error while attempting to bind on address ('0.0.0.0', 8004): address already in use
INFO:     Waiting for application shutdown.
[SETTLEMENT] Settlement Service shutting down
INFO:     Application shutdown complete.
INFO:     Started server process [619285]
INFO:     Waiting for application startup.
[SETTLEMENT] Settlement Service starting on :8004
INFO:     Application startup complete.
INFO:     Uvicorn running on http://0.0.0.0:8004 (Press CTRL+C to quit)
[SETTLEMENT] Found 1 unsettled bets
[SETTLEMENT] Settled 1 bets: 1 won, 0 lost
[SETTLEMENT] No unsettled bets found
[SETTLEMENT] No unsettled bets found
[SETTLEMENT] Found 1 unsettled bets
[SETTLEMENT] Found 1 unsettled bets
[SETTLEMENT] Settled 1 bets: 1 won, 0 lost
[SETTLEMENT] No unsettled bets found
[SETTLEMENT] No unsettled bets found
[SETTLEMENT] No unsettled bets found
[SETTLEMENT] No unsettled bets found
[SETTLEMENT] No unsettled bets found
[SETTLEMENT] No unsettled bets found
[SETTLEMENT] No unsettled bets found
[SETTLEMENT] Found 1 unsettled bets
[SETTLEMENT] Found 1 unsettled bets
[SETTLEMENT] Settled 1 bets: 1 won, 0 lost
[SETTLEMENT] No unsettled bets found
[SETTLEMENT] No unsettled bets found
[SETTLEMENT] No unsettled bets found
[SETTLEMENT] No unsettled bets found
[SETTLEMENT] No unsettled bets found
[SETTLEMENT] No unsettled bets found
[SETTLEMENT] No unsettled bets found
[SETTLEMENT] No unsettled bets found
[SETTLEMENT] No unsettled bets found
[SETTLEMENT] No unsettled bets found
[SETTLEMENT] No unsettled bets found
[SETTLEMENT] No unsettled bets found
[SETTLEMENT] No unsettled bets found
[SETTLEMENT] No unsettled bets found
[SETTLEMENT] No unsettled bets found
[SETTLEMENT] No unsettled bets found
[SETTLEMENT] No unsettled bets found
[SETTLEMENT] No unsettled bets found
[SETTLEMENT] No unsettled bets found
[SETTLEMENT] No unsettled bets found
[SETTLEMENT] No unsettled bets found
[SETTLEMENT] No unsettled bets found
[SETTLEMENT] No unsettled bets found
[SETTLEMENT] No unsettled bets found
[SETTLEMENT] No unsettled bets found
[SETTLEMENT] No unsettled bets found
[SETTLEMENT] No unsettled bets found
[SETTLEMENT] No unsettled bets found
[SETTLEMENT] No unsettled bets found
[SETTLEMENT] No unsettled bets found
[SETTLEMENT] No unsettled bets found
[SETTLEMENT] No unsettled bets found
[SETTLEMENT] No unsettled bets found
INFO:     Shutting down
INFO:     Waiting for application shutdown.
[SETTLEMENT] Settlement Service shutting down
INFO:     Application shutdown complete.
INFO:     Finished server process [619285]
INFO:     Started server process [733366]
INFO:     Waiting for application startup.
[SETTLEMENT] Settlement Service starting on :8004
INFO:     Application startup complete.
INFO:     Uvicorn running on http://0.0.0.0:8004 (Press CTRL+C to quit)
[SETTLEMENT] Settlement failed: name 'db_manager' is not defined
[SETTLEMENT] Settlement failed: name 'db_manager' is not defined
INFO:     Shutting down
INFO:     Waiting for application shutdown.
[SETTLEMENT] Settlement Service shutting down
INFO:     Application shutdown complete.
INFO:     Finished server process [733366]
INFO:     Started server process [735762]
INFO:     Waiting for application startup.
[SETTLEMENT] Settlement Service starting on :8004
INFO:     Application startup complete.
INFO:     Uvicorn running on http://0.0.0.0:8004 (Press CTRL+C to quit)
[SETTLEMENT] Summary failed: name 'db_manager' is not defined
INFO:     Shutting down
INFO:     Waiting for application shutdown.
[SETTLEMENT] Settlement Service shutting down
INFO:     Application shutdown complete.
INFO:     Finished server process [735762]
INFO:     Started server process [736039]
INFO:     Waiting for application startup.
[SETTLEMENT] Settlement Service starting on :8004
INFO:     Application startup complete.
INFO:     Uvicorn running on http://0.0.0.0:8004 (Press CTRL+C to quit)
db_manager PostgreSQL connection pool initialized
[SETTLEMENT] Found 5 unsettled bets in DB
[SETTLEMENT] Found 8 unsettled bets in DB
[SETTLEMENT] Found 8 unsettled bets in DB
[SETTLEMENT] Found 20 unsettled bets in DB
[SETTLEMENT] Found 15 unsettled bets in DB
[SETTLEMENT] Found 18 unsettled bets in DB
[SETTLEMENT] Found 20 unsettled bets in DB
[SETTLEMENT] Found 26 unsettled bets in DB
[SETTLEMENT] Found 28 unsettled bets in DB
[SETTLEMENT] Found 32 unsettled bets in DB
[SETTLEMENT] Found 35 unsettled bets in DB
[SETTLEMENT] Found 40 unsettled bets in DB
[SETTLEMENT] Found 43 unsettled bets in DB
[SETTLEMENT] Found 46 unsettled bets in DB
[SETTLEMENT] Found 51 unsettled bets in DB
[SETTLEMENT] Found 55 unsettled bets in DB
[SETTLEMENT] Found 60 unsettled bets in DB
[SETTLEMENT] Found 66 unsettled bets in DB
[SETTLEMENT] Found 66 unsettled bets in DB
[SETTLEMENT] Found 70 unsettled bets in DB
[SETTLEMENT] Found 70 unsettled bets in DB
[SETTLEMENT] Found 77 unsettled bets in DB
[SETTLEMENT] Found 79 unsettled bets in DB
[SETTLEMENT] Found 86 unsettled bets in DB
[SETTLEMENT] Found 86 unsettled bets in DB
[SETTLEMENT] Found 90 unsettled bets in DB
[SETTLEMENT] Found 92 unsettled bets in DB
[SETTLEMENT] Found 95 unsettled bets in DB
[SETTLEMENT] Found 102 unsettled bets in DB
[SETTLEMENT] Found 102 unsettled bets in DB
[SETTLEMENT] Found 106 unsettled bets in DB
[SETTLEMENT] Found 108 unsettled bets in DB
[SETTLEMENT] Found 111 unsettled bets in DB
[SETTLEMENT] Found 116 unsettled bets in DB
[SETTLEMENT] Found 118 unsettled bets in DB
[SETTLEMENT] Found 118 unsettled bets in DB
[SETTLEMENT] Found 121 unsettled bets in DB
[SETTLEMENT] Found 122 unsettled bets in DB
[SETTLEMENT] Found 125 unsettled bets in DB
[SETTLEMENT] Found 126 unsettled bets in DB
[SETTLEMENT] Found 130 unsettled bets in DB
[SETTLEMENT] Found 130 unsettled bets in DB
[SETTLEMENT] Found 131 unsettled bets in DB
[SETTLEMENT] Found 134 unsettled bets in DB
[SETTLEMENT] Found 134 unsettled bets in DB
[SETTLEMENT] Found 138 unsettled bets in DB
[SETTLEMENT] Found 138 unsettled bets in DB
[SETTLEMENT] Found 141 unsettled bets in DB
[SETTLEMENT] Found 142 unsettled bets in DB
[SETTLEMENT] Found 148 unsettled bets in DB
[SETTLEMENT] Found 153 unsettled bets in DB
[SETTLEMENT] Found 154 unsettled bets in DB
[SETTLEMENT] Found 156 unsettled bets in DB
[SETTLEMENT] Found 159 unsettled bets in DB
[SETTLEMENT] Found 163 unsettled bets in DB
[SETTLEMENT] Found 167 unsettled bets in DB
[SETTLEMENT] Found 171 unsettled bets in DB
[SETTLEMENT] Found 176 unsettled bets in DB
[SETTLEMENT] Found 179 unsettled bets in DB
[SETTLEMENT] Found 183 unsettled bets in DB
[SETTLEMENT] Found 190 unsettled bets in DB
[SETTLEMENT] Found 190 unsettled bets in DB
[SETTLEMENT] Found 198 unsettled bets in DB
[SETTLEMENT] Found 198 unsettled bets in DB
[SETTLEMENT] Found 206 unsettled bets in DB
[SETTLEMENT] Found 206 unsettled bets in DB
[SETTLEMENT] Found 214 unsettled bets in DB
[SETTLEMENT] Found 214 unsettled bets in DB
[SETTLEMENT] Found 222 unsettled bets in DB
[SETTLEMENT] Found 222 unsettled bets in DB
[SETTLEMENT] Found 222 unsettled bets in DB
[SETTLEMENT] Found 230 unsettled bets in DB
[SETTLEMENT] Found 230 unsettled bets in DB
[SETTLEMENT] Found 238 unsettled bets in DB
[SETTLEMENT] Found 238 unsettled bets in DB
[SETTLEMENT] Found 238 unsettled bets in DB
[SETTLEMENT] Found 242 unsettled bets in DB
INFO:     Shutting down
INFO:     Waiting for application shutdown.
[SETTLEMENT] Settlement Service shutting down
INFO:     Application shutdown complete.
INFO:     Finished server process [736039]
INFO:     Started server process [871156]
INFO:     Waiting for application startup.
[SETTLEMENT] Settlement Service starting on :8004
INFO:     Application startup complete.
INFO:     Uvicorn running on http://0.0.0.0:8004 (Press CTRL+C to quit)
db_manager PostgreSQL connection pool initialized
[SETTLEMENT] Found 250 unsettled bets in DB
[SETTLEMENT] Results not available yet for VFLM 5150 MD 17
[SETTLEMENT] Results not available yet for VFLM 5150 MD 18
[SETTLEMENT] Results not available yet for VFLM 5150 MD 8
[SETTLEMENT] Results not available yet for VFLM 5150 MD 7
[SETTLEMENT] Results not available yet for VFLM 5150 MD 9
[SETTLEMENT] Results not available yet for VFLM 5150 MD 10
[SETTLEMENT] Results not available yet for VFLM 5150 MD 11
[SETTLEMENT] Found 250 unsettled bets in DB
[SETTLEMENT] Results not available yet for VFLM 5150 MD 17
[SETTLEMENT] Results not available yet for VFLM 5150 MD 18
[SETTLEMENT] Results not available yet for VFLM 5150 MD 8
[SETTLEMENT] Results not available yet for VFLM 5150 MD 7
[SETTLEMENT] Results not available yet for VFLM 5150 MD 9
[SETTLEMENT] Results not available yet for VFLM 5150 MD 10
[SETTLEMENT] Results not available yet for VFLM 5150 MD 11
[SETTLEMENT] Found 258 unsettled bets in DB
[SETTLEMENT] Results not available yet for VFLM 5150 MD 17
[SETTLEMENT] Results not available yet for VFLM 5150 MD 18
[SETTLEMENT] Results not available yet for VFLM 5150 MD 8
[SETTLEMENT] Results not available yet for VFLM 5150 MD 9
[SETTLEMENT] Results not available yet for VFLM 5150 MD 10
[SETTLEMENT] Results not available yet for VFLM 5150 MD 11
[SETTLEMENT] Found 258 unsettled bets in DB
[SETTLEMENT] Results not available yet for VFLM 5150 MD 17
[SETTLEMENT] Results not available yet for VFLM 5150 MD 18
[SETTLEMENT] Results not available yet for VFLM 5150 MD 8
[SETTLEMENT] Results not available yet for VFLM 5150 MD 9
[SETTLEMENT] Results not available yet for VFLM 5150 MD 10
[SETTLEMENT] Results not available yet for VFLM 5150 MD 11
[SETTLEMENT] Found 266 unsettled bets in DB
[SETTLEMENT] Results not available yet for VFLM 5150 MD 17
[SETTLEMENT] Results not available yet for VFLM 5150 MD 18
[SETTLEMENT] Results not available yet for VFLM 5150 MD 9
[SETTLEMENT] Results not available yet for VFLM 5150 MD 10
[SETTLEMENT] Results not available yet for VFLM 5150 MD 11
[SETTLEMENT] Found 266 unsettled bets in DB
[SETTLEMENT] Results not available yet for VFLM 5150 MD 17
[SETTLEMENT] Results not available yet for VFLM 5150 MD 18
[SETTLEMENT] Results not available yet for VFLM 5150 MD 9
[SETTLEMENT] Results not available yet for VFLM 5150 MD 10
[SETTLEMENT] Results not available yet for VFLM 5150 MD 11
[SETTLEMENT] Found 274 unsettled bets in DB
[SETTLEMENT] Results not available yet for VFLM 5150 MD 17
[SETTLEMENT] Results not available yet for VFLM 5150 MD 18
[SETTLEMENT] Results not available yet for VFLM 5150 MD 10
[SETTLEMENT] Results not available yet for VFLM 5150 MD 11
[SETTLEMENT] Found 278 unsettled bets in DB
[SETTLEMENT] Results not available yet for VFLM 5150 MD 17
[SETTLEMENT] Results not available yet for VFLM 5150 MD 18
[SETTLEMENT] Results not available yet for VFLM 5150 MD 10
[SETTLEMENT] Results not available yet for VFLM 5150 MD 11
[SETTLEMENT] Found 282 unsettled bets in DB
[SETTLEMENT] Results not available yet for VFLM 5150 MD 17
[SETTLEMENT] Results not available yet for VFLM 5150 MD 18
[SETTLEMENT] Results not available yet for VFLM 5150 MD 11
[SETTLEMENT] Found 282 unsettled bets in DB
[SETTLEMENT] Results not available yet for VFLM 5150 MD 17
[SETTLEMENT] Results not available yet for VFLM 5150 MD 18
[SETTLEMENT] Results not available yet for VFLM 5150 MD 11
[SETTLEMENT] Found 290 unsettled bets in DB
[SETTLEMENT] Results not available yet for VFLM 5150 MD 17
[SETTLEMENT] Results not available yet for VFLM 5150 MD 18
[SETTLEMENT] Found 290 unsettled bets in DB
[SETTLEMENT] Results not available yet for VFLM 5150 MD 17
[SETTLEMENT] Results not available yet for VFLM 5150 MD 18
[SETTLEMENT] Found 298 unsettled bets in DB
[SETTLEMENT] Results not available yet for VFLM 5150 MD 17
[SETTLEMENT] Results not available yet for VFLM 5150 MD 18
[SETTLEMENT] Found 298 unsettled bets in DB
[SETTLEMENT] Results not available yet for VFLM 5150 MD 17
[SETTLEMENT] Results not available yet for VFLM 5150 MD 18
[SETTLEMENT] Found 306 unsettled bets in DB
[SETTLEMENT] Results not available yet for VFLM 5150 MD 17
[SETTLEMENT] Results not available yet for VFLM 5150 MD 18
[SETTLEMENT] Found 306 unsettled bets in DB
[SETTLEMENT] Results not available yet for VFLM 5150 MD 17
[SETTLEMENT] Results not available yet for VFLM 5150 MD 18
[SETTLEMENT] Found 314 unsettled bets in DB
[SETTLEMENT] Results not available yet for VFLM 5150 MD 17
[SETTLEMENT] Results not available yet for VFLM 5150 MD 18
[SETTLEMENT] Found 314 unsettled bets in DB
[SETTLEMENT] Results not available yet for VFLM 5150 MD 17
[SETTLEMENT] Results not available yet for VFLM 5150 MD 18
[SETTLEMENT] Found 322 unsettled bets in DB
[SETTLEMENT] Results not available yet for VFLM 5150 MD 17
[SETTLEMENT] Results not available yet for VFLM 5150 MD 18
[SETTLEMENT] Found 326 unsettled bets in DB
[SETTLEMENT] Results not available yet for VFLM 5150 MD 17
[SETTLEMENT] Results not available yet for VFLM 5150 MD 18
[SETTLEMENT] Found 330 unsettled bets in DB
[SETTLEMENT] Results not available yet for VFLM 5150 MD 17
[SETTLEMENT] Results not available yet for VFLM 5150 MD 18
[SETTLEMENT] Found 330 unsettled bets in DB
[SETTLEMENT] Results not available yet for VFLM 5150 MD 17
[SETTLEMENT] Results not available yet for VFLM 5150 MD 18
[SETTLEMENT] Found 338 unsettled bets in DB
[SETTLEMENT] Results not available yet for VFLM 5150 MD 18
[SETTLEMENT] Found 338 unsettled bets in DB
[SETTLEMENT] Results not available yet for VFLM 5150 MD 18
[SETTLEMENT] Found 346 unsettled bets in DB
[SETTLEMENT] Found 346 unsettled bets in DB
[SETTLEMENT] Found 354 unsettled bets in DB
[SETTLEMENT] Found 354 unsettled bets in DB
[SETTLEMENT] Found 362 unsettled bets in DB
[SETTLEMENT] Found 362 unsettled bets in DB
[SETTLEMENT] Found 370 unsettled bets in DB
[SETTLEMENT] Found 370 unsettled bets in DB
[SETTLEMENT] Found 378 unsettled bets in DB
[SETTLEMENT] Found 378 unsettled bets in DB
[SETTLEMENT] Found 386 unsettled bets in DB
[SETTLEMENT] Found 386 unsettled bets in DB
[SETTLEMENT] Found 394 unsettled bets in DB
[SETTLEMENT] Found 394 unsettled bets in DB
[SETTLEMENT] Found 402 unsettled bets in DB
[SETTLEMENT] Found 402 unsettled bets in DB
[SETTLEMENT] Found 410 unsettled bets in DB
[SETTLEMENT] Found 410 unsettled bets in DB
[SETTLEMENT] Found 418 unsettled bets in DB
[SETTLEMENT] Found 418 unsettled bets in DB
[SETTLEMENT] Found 426 unsettled bets in DB
[SETTLEMENT] Found 426 unsettled bets in DB
[SETTLEMENT] Found 434 unsettled bets in DB
[SETTLEMENT] Found 434 unsettled bets in DB
[SETTLEMENT] Found 442 unsettled bets in DB
[SETTLEMENT] Found 442 unsettled bets in DB
[SETTLEMENT] Found 450 unsettled bets in DB
[SETTLEMENT] Found 450 unsettled bets in DB
[SETTLEMENT] Found 458 unsettled bets in DB
[SETTLEMENT] Found 458 unsettled bets in DB
[SETTLEMENT] Found 466 unsettled bets in DB
[SETTLEMENT] Found 466 unsettled bets in DB
[SETTLEMENT] Found 474 unsettled bets in DB
[SETTLEMENT] Found 474 unsettled bets in DB
[SETTLEMENT] Found 482 unsettled bets in DB
[SETTLEMENT] Found 482 unsettled bets in DB
[SETTLEMENT] Found 490 unsettled bets in DB
[SETTLEMENT] Found 490 unsettled bets in DB
[SETTLEMENT] Found 498 unsettled bets in DB
[SETTLEMENT] Found 498 unsettled bets in DB
[SETTLEMENT] Found 506 unsettled bets in DB
[SETTLEMENT] Found 506 unsettled bets in DB
[SETTLEMENT] Found 514 unsettled bets in DB
[SETTLEMENT] Found 514 unsettled bets in DB
[SETTLEMENT] Found 522 unsettled bets in DB
[SETTLEMENT] Found 522 unsettled bets in DB
[SETTLEMENT] Found 530 unsettled bets in DB
[SETTLEMENT] Found 530 unsettled bets in DB
[SETTLEMENT] Found 538 unsettled bets in DB
[SETTLEMENT] Found 538 unsettled bets in DB
[SETTLEMENT] Found 546 unsettled bets in DB
[SETTLEMENT] Found 546 unsettled bets in DB
[SETTLEMENT] Found 554 unsettled bets in DB
[SETTLEMENT] Found 554 unsettled bets in DB
[SETTLEMENT] Found 562 unsettled bets in DB
[SETTLEMENT] Found 566 unsettled bets in DB
[SETTLEMENT] Found 570 unsettled bets in DB
[SETTLEMENT] Found 570 unsettled bets in DB
[SETTLEMENT] Found 578 unsettled bets in DB
[SETTLEMENT] Found 578 unsettled bets in DB
[SETTLEMENT] Found 586 unsettled bets in DB
[SETTLEMENT] Found 586 unsettled bets in DB
[SETTLEMENT] Found 594 unsettled bets in DB
[SETTLEMENT] Found 594 unsettled bets in DB
[SETTLEMENT] Found 602 unsettled bets in DB
[SETTLEMENT] Found 602 unsettled bets in DB
[SETTLEMENT] Found 610 unsettled bets in DB
[SETTLEMENT] Found 614 unsettled bets in DB
[SETTLEMENT] Found 618 unsettled bets in DB
[SETTLEMENT] Found 618 unsettled bets in DB
[SETTLEMENT] Found 626 unsettled bets in DB
[SETTLEMENT] Found 626 unsettled bets in DB
[SETTLEMENT] Found 634 unsettled bets in DB
[SETTLEMENT] Found 634 unsettled bets in DB
[SETTLEMENT] Found 642 unsettled bets in DB
[SETTLEMENT] Found 642 unsettled bets in DB
[SETTLEMENT] Found 650 unsettled bets in DB
[SETTLEMENT] Found 650 unsettled bets in DB
[SETTLEMENT] Found 658 unsettled bets in DB
[SETTLEMENT] Found 658 unsettled bets in DB
[SETTLEMENT] Found 666 unsettled bets in DB
[SETTLEMENT] Found 666 unsettled bets in DB
[SETTLEMENT] Found 674 unsettled bets in DB
[SETTLEMENT] Found 674 unsettled bets in DB
[SETTLEMENT] Found 682 unsettled bets in DB
[SETTLEMENT] Found 682 unsettled bets in DB
[SETTLEMENT] Found 690 unsettled bets in DB
[SETTLEMENT] Found 690 unsettled bets in DB
[SETTLEMENT] Found 698 unsettled bets in DB
[SETTLEMENT] Found 698 unsettled bets in DB
[SETTLEMENT] Found 706 unsettled bets in DB
[SETTLEMENT] Found 706 unsettled bets in DB
[SETTLEMENT] Found 714 unsettled bets in DB
[SETTLEMENT] Found 714 unsettled bets in DB
[SETTLEMENT] Found 722 unsettled bets in DB
[SETTLEMENT] Found 722 unsettled bets in DB
[SETTLEMENT] Found 730 unsettled bets in DB
[SETTLEMENT] Found 730 unsettled bets in DB
[SETTLEMENT] Found 738 unsettled bets in DB
[SETTLEMENT] Found 738 unsettled bets in DB
[SETTLEMENT] Found 746 unsettled bets in DB
[SETTLEMENT] Found 746 unsettled bets in DB
[SETTLEMENT] Found 754 unsettled bets in DB
[SETTLEMENT] Found 758 unsettled bets in DB
[SETTLEMENT] Found 762 unsettled bets in DB
[SETTLEMENT] Found 762 unsettled bets in DB
[SETTLEMENT] Found 770 unsettled bets in DB
[SETTLEMENT] Found 770 unsettled bets in DB
[SETTLEMENT] Found 778 unsettled bets in DB
[SETTLEMENT] Found 778 unsettled bets in DB
[SETTLEMENT] Found 786 unsettled bets in DB
[SETTLEMENT] Found 786 unsettled bets in DB
[SETTLEMENT] Found 794 unsettled bets in DB
[SETTLEMENT] Found 798 unsettled bets in DB
[SETTLEMENT] Found 802 unsettled bets in DB
[SETTLEMENT] Found 802 unsettled bets in DB
[SETTLEMENT] Found 810 unsettled bets in DB
[SETTLEMENT] Found 810 unsettled bets in DB
[SETTLEMENT] Found 818 unsettled bets in DB
[SETTLEMENT] Found 818 unsettled bets in DB
[SETTLEMENT] Found 826 unsettled bets in DB
[SETTLEMENT] Found 826 unsettled bets in DB
[SETTLEMENT] Found 834 unsettled bets in DB
[SETTLEMENT] Found 834 unsettled bets in DB
[SETTLEMENT] Found 842 unsettled bets in DB
[SETTLEMENT] Found 846 unsettled bets in DB
[SETTLEMENT] Found 850 unsettled bets in DB
[SETTLEMENT] Found 850 unsettled bets in DB
[SETTLEMENT] Found 858 unsettled bets in DB
[SETTLEMENT] Found 858 unsettled bets in DB
[SETTLEMENT] Found 866 unsettled bets in DB
[SETTLEMENT] Found 866 unsettled bets in DB
[SETTLEMENT] Found 874 unsettled bets in DB
[SETTLEMENT] Found 874 unsettled bets in DB
[SETTLEMENT] Found 882 unsettled bets in DB
[SETTLEMENT] Found 882 unsettled bets in DB
[SETTLEMENT] Found 890 unsettled bets in DB
[SETTLEMENT] Found 894 unsettled bets in DB
[SETTLEMENT] Found 898 unsettled bets in DB
[SETTLEMENT] Found 898 unsettled bets in DB
[SETTLEMENT] Found 906 unsettled bets in DB
[SETTLEMENT] Found 906 unsettled bets in DB
[SETTLEMENT] Found 914 unsettled bets in DB
[SETTLEMENT] Found 914 unsettled bets in DB
[SETTLEMENT] Found 922 unsettled bets in DB
[SETTLEMENT] Found 922 unsettled bets in DB
[SETTLEMENT] Found 930 unsettled bets in DB
[SETTLEMENT] Found 930 unsettled bets in DB
[SETTLEMENT] Found 938 unsettled bets in DB
[SETTLEMENT] Found 938 unsettled bets in DB
[SETTLEMENT] Found 946 unsettled bets in DB
[SETTLEMENT] Found 946 unsettled bets in DB
[SETTLEMENT] Found 954 unsettled bets in DB
[SETTLEMENT] Found 954 unsettled bets in DB
[SETTLEMENT] Found 962 unsettled bets in DB
[SETTLEMENT] Found 962 unsettled bets in DB
[SETTLEMENT] Found 970 unsettled bets in DB
[SETTLEMENT] Found 970 unsettled bets in DB
[SETTLEMENT] Found 978 unsettled bets in DB
[SETTLEMENT] Found 978 unsettled bets in DB
[SETTLEMENT] Found 986 unsettled bets in DB
[SETTLEMENT] Found 986 unsettled bets in DB
[SETTLEMENT] Found 994 unsettled bets in DB
[SETTLEMENT] Found 994 unsettled bets in DB
[SETTLEMENT] Found 1002 unsettled bets in DB
[SETTLEMENT] Found 1002 unsettled bets in DB
[SETTLEMENT] Found 1010 unsettled bets in DB
[SETTLEMENT] Found 1010 unsettled bets in DB
[SETTLEMENT] Found 1018 unsettled bets in DB
[SETTLEMENT] Found 1018 unsettled bets in DB
[SETTLEMENT] Found 1026 unsettled bets in DB
[SETTLEMENT] Found 1026 unsettled bets in DB
[SETTLEMENT] Found 1034 unsettled bets in DB
[SETTLEMENT] Found 1034 unsettled bets in DB
[SETTLEMENT] Found 1042 unsettled bets in DB
[SETTLEMENT] Found 1042 unsettled bets in DB
[SETTLEMENT] Found 1050 unsettled bets in DB
[SETTLEMENT] Found 1050 unsettled bets in DB
[SETTLEMENT] Found 1058 unsettled bets in DB
[SETTLEMENT] Found 1058 unsettled bets in DB
[SETTLEMENT] Found 1066 unsettled bets in DB
[SETTLEMENT] Found 1066 unsettled bets in DB
[SETTLEMENT] Found 1074 unsettled bets in DB
[SETTLEMENT] Found 1078 unsettled bets in DB
[SETTLEMENT] Found 1082 unsettled bets in DB
[SETTLEMENT] Found 1082 unsettled bets in DB
[SETTLEMENT] Found 1090 unsettled bets in DB
[SETTLEMENT] Found 1090 unsettled bets in DB
[SETTLEMENT] Found 1098 unsettled bets in DB
[SETTLEMENT] Found 1098 unsettled bets in DB
[SETTLEMENT] Found 1106 unsettled bets in DB
[SETTLEMENT] Found 1106 unsettled bets in DB
[SETTLEMENT] Found 1114 unsettled bets in DB
[SETTLEMENT] Found 1114 unsettled bets in DB
[SETTLEMENT] Found 1122 unsettled bets in DB
[SETTLEMENT] Found 1122 unsettled bets in DB
[SETTLEMENT] Found 1130 unsettled bets in DB
[SETTLEMENT] Found 1130 unsettled bets in DB
[SETTLEMENT] Found 1138 unsettled bets in DB
[SETTLEMENT] Found 1138 unsettled bets in DB
[SETTLEMENT] Found 1146 unsettled bets in DB
[SETTLEMENT] Found 1146 unsettled bets in DB
[SETTLEMENT] Found 1154 unsettled bets in DB
[SETTLEMENT] Found 1154 unsettled bets in DB
[SETTLEMENT] Found 1162 unsettled bets in DB
[SETTLEMENT] Found 1162 unsettled bets in DB
[SETTLEMENT] Found 1170 unsettled bets in DB
[SETTLEMENT] Found 1174 unsettled bets in DB
[SETTLEMENT] Found 1178 unsettled bets in DB
[SETTLEMENT] Found 1178 unsettled bets in DB
[SETTLEMENT] Found 1186 unsettled bets in DB
[SETTLEMENT] Found 1186 unsettled bets in DB
[SETTLEMENT] Found 1194 unsettled bets in DB
[SETTLEMENT] Found 1194 unsettled bets in DB
[SETTLEMENT] Found 1202 unsettled bets in DB
[SETTLEMENT] Found 1202 unsettled bets in DB
[SETTLEMENT] Found 1210 unsettled bets in DB
[SETTLEMENT] Found 1210 unsettled bets in DB
[SETTLEMENT] Found 1218 unsettled bets in DB
[SETTLEMENT] Found 1222 unsettled bets in DB
[SETTLEMENT] Found 1226 unsettled bets in DB
[SETTLEMENT] Found 1226 unsettled bets in DB
[SETTLEMENT] Found 1234 unsettled bets in DB
[SETTLEMENT] Found 1234 unsettled bets in DB
[SETTLEMENT] Found 1242 unsettled bets in DB
[SETTLEMENT] Found 1242 unsettled bets in DB
[SETTLEMENT] Found 1250 unsettled bets in DB
[SETTLEMENT] Found 1250 unsettled bets in DB
[SETTLEMENT] Found 1258 unsettled bets in DB
[SETTLEMENT] Found 1258 unsettled bets in DB
[SETTLEMENT] Found 1266 unsettled bets in DB
[SETTLEMENT] Found 1270 unsettled bets in DB
[SETTLEMENT] Found 1274 unsettled bets in DB
[SETTLEMENT] Found 1274 unsettled bets in DB
[SETTLEMENT] Found 1282 unsettled bets in DB
[SETTLEMENT] Found 1282 unsettled bets in DB
[SETTLEMENT] Found 1290 unsettled bets in DB
[SETTLEMENT] Found 1290 unsettled bets in DB
[SETTLEMENT] Found 1298 unsettled bets in DB
[SETTLEMENT] Found 1298 unsettled bets in DB
[SETTLEMENT] Found 1306 unsettled bets in DB
[SETTLEMENT] Found 1306 unsettled bets in DB
[SETTLEMENT] Found 1314 unsettled bets in DB
[SETTLEMENT] Found 1314 unsettled bets in DB
[SETTLEMENT] Found 1322 unsettled bets in DB
[SETTLEMENT] Found 1322 unsettled bets in DB
[SETTLEMENT] Found 1330 unsettled bets in DB
[SETTLEMENT] Found 1330 unsettled bets in DB
[SETTLEMENT] Found 1338 unsettled bets in DB
[SETTLEMENT] Found 1338 unsettled bets in DB
[SETTLEMENT] Found 1346 unsettled bets in DB
[SETTLEMENT] Found 1346 unsettled bets in DB
[SETTLEMENT] Found 1354 unsettled bets in DB
[SETTLEMENT] Found 1354 unsettled bets in DB
[SETTLEMENT] Found 1362 unsettled bets in DB
[SETTLEMENT] Found 1366 unsettled bets in DB
[SETTLEMENT] Found 1370 unsettled bets in DB
[SETTLEMENT] Found 1370 unsettled bets in DB
[SETTLEMENT] Found 1378 unsettled bets in DB
[SETTLEMENT] Found 1378 unsettled bets in DB
[SETTLEMENT] Found 1386 unsettled bets in DB
[SETTLEMENT] Found 1386 unsettled bets in DB
[SETTLEMENT] Found 1394 unsettled bets in DB
[SETTLEMENT] Found 1394 unsettled bets in DB
[SETTLEMENT] Found 1402 unsettled bets in DB
[SETTLEMENT] Found 1402 unsettled bets in DB
[SETTLEMENT] Found 1410 unsettled bets in DB
[SETTLEMENT] Found 1410 unsettled bets in DB
[SETTLEMENT] Found 1418 unsettled bets in DB
[SETTLEMENT] Found 1418 unsettled bets in DB
[SETTLEMENT] Found 1426 unsettled bets in DB
[SETTLEMENT] Found 1426 unsettled bets in DB
[SETTLEMENT] Found 1434 unsettled bets in DB
[SETTLEMENT] Found 1434 unsettled bets in DB
[SETTLEMENT] Found 1442 unsettled bets in DB
[SETTLEMENT] Found 1442 unsettled bets in DB
[SETTLEMENT] Found 1450 unsettled bets in DB
[SETTLEMENT] Found 1450 unsettled bets in DB
[SETTLEMENT] Found 1458 unsettled bets in DB
[SETTLEMENT] Found 1462 unsettled bets in DB
[SETTLEMENT] Found 1466 unsettled bets in DB
[SETTLEMENT] Found 1466 unsettled bets in DB
[SETTLEMENT] Found 1474 unsettled bets in DB
[SETTLEMENT] Found 1474 unsettled bets in DB
[SETTLEMENT] Found 1482 unsettled bets in DB
[SETTLEMENT] Found 1482 unsettled bets in DB
[SETTLEMENT] Found 1490 unsettled bets in DB
[SETTLEMENT] Found 1490 unsettled bets in DB
[SETTLEMENT] Found 1498 unsettled bets in DB
[SETTLEMENT] Found 1498 unsettled bets in DB
[SETTLEMENT] Found 1506 unsettled bets in DB
[SETTLEMENT] Found 1510 unsettled bets in DB
[SETTLEMENT] Found 1514 unsettled bets in DB
[SETTLEMENT] Found 1514 unsettled bets in DB
[SETTLEMENT] Found 1522 unsettled bets in DB
[SETTLEMENT] Found 1522 unsettled bets in DB
[SETTLEMENT] Found 1530 unsettled bets in DB
[SETTLEMENT] Found 1530 unsettled bets in DB
[SETTLEMENT] Found 1538 unsettled bets in DB
[SETTLEMENT] Found 1538 unsettled bets in DB
[SETTLEMENT] Found 1546 unsettled bets in DB
[SETTLEMENT] Found 1546 unsettled bets in DB
[SETTLEMENT] Found 1554 unsettled bets in DB
[SETTLEMENT] Found 1558 unsettled bets in DB
[SETTLEMENT] Found 1562 unsettled bets in DB
[SETTLEMENT] Found 1562 unsettled bets in DB
[SETTLEMENT] Found 1570 unsettled bets in DB
[SETTLEMENT] Found 1570 unsettled bets in DB
[SETTLEMENT] Found 1578 unsettled bets in DB
[SETTLEMENT] Found 1578 unsettled bets in DB
[SETTLEMENT] Found 1586 unsettled bets in DB
[SETTLEMENT] Found 1586 unsettled bets in DB
[SETTLEMENT] Found 1594 unsettled bets in DB
[SETTLEMENT] Found 1594 unsettled bets in DB
[SETTLEMENT] Found 1602 unsettled bets in DB
[SETTLEMENT] Found 1602 unsettled bets in DB
[SETTLEMENT] Found 1610 unsettled bets in DB
[SETTLEMENT] Found 1610 unsettled bets in DB
[SETTLEMENT] Found 1618 unsettled bets in DB
[SETTLEMENT] Found 1618 unsettled bets in DB
[SETTLEMENT] Found 1626 unsettled bets in DB
[SETTLEMENT] Found 1626 unsettled bets in DB
[SETTLEMENT] Found 1634 unsettled bets in DB
[SETTLEMENT] Found 1634 unsettled bets in DB
[SETTLEMENT] Found 1642 unsettled bets in DB
[SETTLEMENT] Found 1646 unsettled bets in DB
[SETTLEMENT] Found 1650 unsettled bets in DB
[SETTLEMENT] Found 1650 unsettled bets in DB
[SETTLEMENT] Found 1658 unsettled bets in DB
[SETTLEMENT] Found 1658 unsettled bets in DB
[SETTLEMENT] Found 1666 unsettled bets in DB
[SETTLEMENT] Found 1666 unsettled bets in DB
[SETTLEMENT] Found 1674 unsettled bets in DB
[SETTLEMENT] Found 1674 unsettled bets in DB
[SETTLEMENT] Found 1682 unsettled bets in DB
[SETTLEMENT] Found 1682 unsettled bets in DB
[SETTLEMENT] Found 1690 unsettled bets in DB
[SETTLEMENT] Found 1690 unsettled bets in DB
[SETTLEMENT] Found 1698 unsettled bets in DB
[SETTLEMENT] Found 1698 unsettled bets in DB
[SETTLEMENT] Found 1706 unsettled bets in DB
[SETTLEMENT] Found 1706 unsettled bets in DB
[SETTLEMENT] Found 1714 unsettled bets in DB
[SETTLEMENT] Found 1714 unsettled bets in DB
[SETTLEMENT] Found 1722 unsettled bets in DB
[SETTLEMENT] Found 1722 unsettled bets in DB
[SETTLEMENT] Found 1730 unsettled bets in DB
[SETTLEMENT] Found 1730 unsettled bets in DB
[SETTLEMENT] Found 1738 unsettled bets in DB
[SETTLEMENT] Found 1742 unsettled bets in DB
[SETTLEMENT] Found 1746 unsettled bets in DB
[SETTLEMENT] Found 1746 unsettled bets in DB
[SETTLEMENT] Found 1754 unsettled bets in DB
[SETTLEMENT] Found 1754 unsettled bets in DB
[SETTLEMENT] Found 1762 unsettled bets in DB
[SETTLEMENT] Found 1762 unsettled bets in DB
[SETTLEMENT] Found 1770 unsettled bets in DB
[SETTLEMENT] Found 1770 unsettled bets in DB
[SETTLEMENT] Found 1778 unsettled bets in DB
[SETTLEMENT] Found 1778 unsettled bets in DB
[SETTLEMENT] Found 1786 unsettled bets in DB
[SETTLEMENT] Found 1790 unsettled bets in DB
[SETTLEMENT] Found 1794 unsettled bets in DB
[SETTLEMENT] Found 1794 unsettled bets in DB
[SETTLEMENT] Found 1802 unsettled bets in DB
[SETTLEMENT] Found 1802 unsettled bets in DB
[SETTLEMENT] Found 1810 unsettled bets in DB
[SETTLEMENT] Found 1810 unsettled bets in DB
[SETTLEMENT] Found 1818 unsettled bets in DB
[SETTLEMENT] Found 1818 unsettled bets in DB
[SETTLEMENT] Found 1826 unsettled bets in DB
[SETTLEMENT] Found 1826 unsettled bets in DB
[SETTLEMENT] Found 1834 unsettled bets in DB
[SETTLEMENT] Found 1838 unsettled bets in DB
[SETTLEMENT] Found 1842 unsettled bets in DB
[SETTLEMENT] Found 1842 unsettled bets in DB
[SETTLEMENT] Found 1850 unsettled bets in DB
[SETTLEMENT] Found 1850 unsettled bets in DB
[SETTLEMENT] Found 1858 unsettled bets in DB
[SETTLEMENT] Found 1858 unsettled bets in DB
[SETTLEMENT] Found 1866 unsettled bets in DB
[SETTLEMENT] Found 1866 unsettled bets in DB
[SETTLEMENT] Found 1874 unsettled bets in DB
[SETTLEMENT] Found 1874 unsettled bets in DB
[SETTLEMENT] Found 1882 unsettled bets in DB
[SETTLEMENT] Found 1886 unsettled bets in DB
[SETTLEMENT] Found 1890 unsettled bets in DB
[SETTLEMENT] Found 1890 unsettled bets in DB
[SETTLEMENT] Found 1898 unsettled bets in DB
[SETTLEMENT] Found 1898 unsettled bets in DB
[SETTLEMENT] Found 1906 unsettled bets in DB
[SETTLEMENT] Found 1906 unsettled bets in DB
[SETTLEMENT] Found 1914 unsettled bets in DB
[SETTLEMENT] Found 1914 unsettled bets in DB
[SETTLEMENT] Found 1922 unsettled bets in DB
[SETTLEMENT] Found 1922 unsettled bets in DB
[SETTLEMENT] Found 1930 unsettled bets in DB
[SETTLEMENT] Found 1930 unsettled bets in DB
[SETTLEMENT] Found 1938 unsettled bets in DB
[SETTLEMENT] Found 1942 unsettled bets in DB
[SETTLEMENT] Found 1946 unsettled bets in DB
[SETTLEMENT] Found 1946 unsettled bets in DB
[SETTLEMENT] Found 1954 unsettled bets in DB
[SETTLEMENT] Found 1954 unsettled bets in DB
[SETTLEMENT] Found 1962 unsettled bets in DB
[SETTLEMENT] Found 1962 unsettled bets in DB
[SETTLEMENT] Found 1970 unsettled bets in DB
[SETTLEMENT] Found 1970 unsettled bets in DB
[SETTLEMENT] Found 1978 unsettled bets in DB
[SETTLEMENT] Found 1978 unsettled bets in DB
[SETTLEMENT] Found 1986 unsettled bets in DB
[SETTLEMENT] Found 1986 unsettled bets in DB
[SETTLEMENT] Found 1994 unsettled bets in DB
[SETTLEMENT] Found 1994 unsettled bets in DB
[SETTLEMENT] Found 2002 unsettled bets in DB
[SETTLEMENT] Found 2002 unsettled bets in DB
[SETTLEMENT] Found 2010 unsettled bets in DB
[SETTLEMENT] Found 2010 unsettled bets in DB
[SETTLEMENT] Found 2018 unsettled bets in DB
[SETTLEMENT] Found 2018 unsettled bets in DB
[SETTLEMENT] Found 2026 unsettled bets in DB
[SETTLEMENT] Found 2026 unsettled bets in DB
[SETTLEMENT] Found 2034 unsettled bets in DB
[SETTLEMENT] Found 2034 unsettled bets in DB
[SETTLEMENT] Found 2042 unsettled bets in DB
[SETTLEMENT] Found 2042 unsettled bets in DB
[SETTLEMENT] Found 2050 unsettled bets in DB
[SETTLEMENT] Found 2050 unsettled bets in DB
[SETTLEMENT] Found 2058 unsettled bets in DB
[SETTLEMENT] Found 2058 unsettled bets in DB
[SETTLEMENT] Found 2066 unsettled bets in DB
[SETTLEMENT] Found 2066 unsettled bets in DB
[SETTLEMENT] Found 2074 unsettled bets in DB
[SETTLEMENT] Found 2074 unsettled bets in DB
[SETTLEMENT] Found 2082 unsettled bets in DB
[SETTLEMENT] Found 2082 unsettled bets in DB
[SETTLEMENT] Found 2090 unsettled bets in DB
[SETTLEMENT] Found 2094 unsettled bets in DB
[SETTLEMENT] Found 2098 unsettled bets in DB
[SETTLEMENT] Found 2098 unsettled bets in DB
[SETTLEMENT] Found 2106 unsettled bets in DB
[SETTLEMENT] Found 2106 unsettled bets in DB
[SETTLEMENT] Found 2114 unsettled bets in DB
[SETTLEMENT] Found 2114 unsettled bets in DB
[SETTLEMENT] Found 2122 unsettled bets in DB
[SETTLEMENT] Found 2122 unsettled bets in DB
[SETTLEMENT] Found 2130 unsettled bets in DB
[SETTLEMENT] Found 2130 unsettled bets in DB
[SETTLEMENT] Found 2138 unsettled bets in DB
[SETTLEMENT] Found 2138 unsettled bets in DB
[SETTLEMENT] Found 2146 unsettled bets in DB
[SETTLEMENT] Found 2146 unsettled bets in DB
[SETTLEMENT] Found 2154 unsettled bets in DB
[SETTLEMENT] Found 2158 unsettled bets in DB
[SETTLEMENT] Found 2162 unsettled bets in DB
[SETTLEMENT] Found 2162 unsettled bets in DB
[SETTLEMENT] Found 2170 unsettled bets in DB
[SETTLEMENT] Found 2170 unsettled bets in DB
[SETTLEMENT] Found 2178 unsettled bets in DB
[SETTLEMENT] Found 2178 unsettled bets in DB
[SETTLEMENT] Found 2186 unsettled bets in DB
[SETTLEMENT] Found 2186 unsettled bets in DB
[SETTLEMENT] Found 2194 unsettled bets in DB
[SETTLEMENT] Found 2194 unsettled bets in DB
[SETTLEMENT] Found 2202 unsettled bets in DB
[SETTLEMENT] Found 2202 unsettled bets in DB
[SETTLEMENT] Found 2210 unsettled bets in DB
[SETTLEMENT] Found 2210 unsettled bets in DB
[SETTLEMENT] Found 2218 unsettled bets in DB
[SETTLEMENT] Found 2218 unsettled bets in DB
[SETTLEMENT] Found 2226 unsettled bets in DB
[SETTLEMENT] Found 2226 unsettled bets in DB
[SETTLEMENT] Found 2234 unsettled bets in DB
[SETTLEMENT] Found 2234 unsettled bets in DB
[SETTLEMENT] Found 2242 unsettled bets in DB
[SETTLEMENT] Found 2242 unsettled bets in DB
[SETTLEMENT] Found 2250 unsettled bets in DB
[SETTLEMENT] Found 2250 unsettled bets in DB
[SETTLEMENT] Found 2258 unsettled bets in DB
[SETTLEMENT] Found 2262 unsettled bets in DB
[SETTLEMENT] Found 2266 unsettled bets in DB
[SETTLEMENT] Found 2266 unsettled bets in DB
[SETTLEMENT] Found 2274 unsettled bets in DB
[SETTLEMENT] Found 2274 unsettled bets in DB
[SETTLEMENT] Found 2282 unsettled bets in DB
[SETTLEMENT] Found 2282 unsettled bets in DB
[SETTLEMENT] Found 2290 unsettled bets in DB
[SETTLEMENT] Found 2290 unsettled bets in DB
[SETTLEMENT] Found 2298 unsettled bets in DB
[SETTLEMENT] Found 2298 unsettled bets in DB
[SETTLEMENT] Found 2306 unsettled bets in DB
[SETTLEMENT] Found 2310 unsettled bets in DB
[SETTLEMENT] Found 2314 unsettled bets in DB
[SETTLEMENT] Found 2314 unsettled bets in DB
[SETTLEMENT] Found 2322 unsettled bets in DB
[SETTLEMENT] Found 2322 unsettled bets in DB
[SETTLEMENT] Found 2330 unsettled bets in DB
[SETTLEMENT] Found 2330 unsettled bets in DB
[SETTLEMENT] Found 2338 unsettled bets in DB
[SETTLEMENT] Found 2338 unsettled bets in DB
[SETTLEMENT] Found 2346 unsettled bets in DB
[SETTLEMENT] Found 2346 unsettled bets in DB
[SETTLEMENT] Found 2354 unsettled bets in DB
[SETTLEMENT] Found 2358 unsettled bets in DB
[SETTLEMENT] Found 2362 unsettled bets in DB
[SETTLEMENT] Found 2362 unsettled bets in DB
[SETTLEMENT] Found 2370 unsettled bets in DB
[SETTLEMENT] Found 2370 unsettled bets in DB
[SETTLEMENT] Found 2378 unsettled bets in DB
[SETTLEMENT] Found 2378 unsettled bets in DB
[SETTLEMENT] Found 2386 unsettled bets in DB
[SETTLEMENT] Found 2386 unsettled bets in DB
[SETTLEMENT] Found 2394 unsettled bets in DB
[SETTLEMENT] Found 2394 unsettled bets in DB
[SETTLEMENT] Found 2402 unsettled bets in DB
[SETTLEMENT] Found 2402 unsettled bets in DB
[SETTLEMENT] Found 2410 unsettled bets in DB
[SETTLEMENT] Found 2410 unsettled bets in DB
[SETTLEMENT] Found 2418 unsettled bets in DB
[SETTLEMENT] Found 2418 unsettled bets in DB
[SETTLEMENT] Found 2426 unsettled bets in DB
[SETTLEMENT] Found 2426 unsettled bets in DB
[SETTLEMENT] Found 2434 unsettled bets in DB
[SETTLEMENT] Found 2434 unsettled bets in DB
[SETTLEMENT] Found 2442 unsettled bets in DB
[SETTLEMENT] Found 2442 unsettled bets in DB
[SETTLEMENT] Found 2450 unsettled bets in DB
[SETTLEMENT] Found 2450 unsettled bets in DB
[SETTLEMENT] Found 2458 unsettled bets in DB
[SETTLEMENT] Found 2458 unsettled bets in DB
[SETTLEMENT] Found 2466 unsettled bets in DB
[SETTLEMENT] Found 2466 unsettled bets in DB
[SETTLEMENT] Found 2474 unsettled bets in DB
[SETTLEMENT] Found 2474 unsettled bets in DB
[SETTLEMENT] Found 2482 unsettled bets in DB
[SETTLEMENT] Found 2482 unsettled bets in DB
[SETTLEMENT] Found 2490 unsettled bets in DB
[SETTLEMENT] Found 2490 unsettled bets in DB
[SETTLEMENT] Found 2498 unsettled bets in DB
[SETTLEMENT] Found 2498 unsettled bets in DB
[SETTLEMENT] Found 2506 unsettled bets in DB
[SETTLEMENT] Found 2506 unsettled bets in DB
[SETTLEMENT] Found 2514 unsettled bets in DB
[SETTLEMENT] Found 2514 unsettled bets in DB
[SETTLEMENT] Found 2522 unsettled bets in DB
[SETTLEMENT] Found 2522 unsettled bets in DB
[SETTLEMENT] Found 2530 unsettled bets in DB
[SETTLEMENT] Found 2530 unsettled bets in DB
[SETTLEMENT] Found 2538 unsettled bets in DB
[SETTLEMENT] Found 2542 unsettled bets in DB
[SETTLEMENT] Found 2546 unsettled bets in DB
[SETTLEMENT] Found 2546 unsettled bets in DB
[SETTLEMENT] Found 2554 unsettled bets in DB
[SETTLEMENT] Found 2554 unsettled bets in DB
[SETTLEMENT] Found 2562 unsettled bets in DB
[SETTLEMENT] Found 2562 unsettled bets in DB
[SETTLEMENT] Found 2570 unsettled bets in DB
[SETTLEMENT] Found 2570 unsettled bets in DB
[SETTLEMENT] Found 2578 unsettled bets in DB
[SETTLEMENT] Found 2578 unsettled bets in DB
[SETTLEMENT] Found 2586 unsettled bets in DB
[SETTLEMENT] Found 2590 unsettled bets in DB
[SETTLEMENT] Found 2594 unsettled bets in DB
[SETTLEMENT] Found 2594 unsettled bets in DB
[SETTLEMENT] Found 2602 unsettled bets in DB
[SETTLEMENT] Found 2602 unsettled bets in DB
[SETTLEMENT] Found 2610 unsettled bets in DB
[SETTLEMENT] Found 2610 unsettled bets in DB
[SETTLEMENT] Found 2618 unsettled bets in DB
[SETTLEMENT] Found 2618 unsettled bets in DB
[SETTLEMENT] Found 2626 unsettled bets in DB
[SETTLEMENT] Found 2626 unsettled bets in DB
[SETTLEMENT] Found 2634 unsettled bets in DB
[SETTLEMENT] Found 2638 unsettled bets in DB
[SETTLEMENT] Found 2642 unsettled bets in DB
[SETTLEMENT] Found 2642 unsettled bets in DB
[SETTLEMENT] Found 2650 unsettled bets in DB
[SETTLEMENT] Found 2650 unsettled bets in DB
[SETTLEMENT] Found 2658 unsettled bets in DB
[SETTLEMENT] Found 2658 unsettled bets in DB
[SETTLEMENT] Found 2666 unsettled bets in DB
[SETTLEMENT] Found 2666 unsettled bets in DB
[SETTLEMENT] Found 2674 unsettled bets in DB
[SETTLEMENT] Found 2678 unsettled bets in DB
[SETTLEMENT] Found 2682 unsettled bets in DB
[SETTLEMENT] Found 2682 unsettled bets in DB
[SETTLEMENT] Found 2690 unsettled bets in DB
[SETTLEMENT] Found 2690 unsettled bets in DB
[SETTLEMENT] Found 2698 unsettled bets in DB
[SETTLEMENT] Found 2698 unsettled bets in DB
[SETTLEMENT] Found 2706 unsettled bets in DB
[SETTLEMENT] Found 2706 unsettled bets in DB
[SETTLEMENT] Found 2714 unsettled bets in DB
[SETTLEMENT] Found 2714 unsettled bets in DB
[SETTLEMENT] Found 2722 unsettled bets in DB
[SETTLEMENT] Found 2722 unsettled bets in DB
[SETTLEMENT] Found 2730 unsettled bets in DB
[SETTLEMENT] Found 2734 unsettled bets in DB
[SETTLEMENT] Found 2738 unsettled bets in DB
[SETTLEMENT] Found 2738 unsettled bets in DB
[SETTLEMENT] Found 2746 unsettled bets in DB
[SETTLEMENT] Found 2746 unsettled bets in DB
[SETTLEMENT] Found 2754 unsettled bets in DB
[SETTLEMENT] Found 2754 unsettled bets in DB
[SETTLEMENT] Found 2762 unsettled bets in DB
[SETTLEMENT] Found 2762 unsettled bets in DB
[SETTLEMENT] Found 2770 unsettled bets in DB
[SETTLEMENT] Found 2774 unsettled bets in DB
[SETTLEMENT] Found 2778 unsettled bets in DB
[SETTLEMENT] Found 2778 unsettled bets in DB
[SETTLEMENT] Found 2786 unsettled bets in DB
[SETTLEMENT] Found 2786 unsettled bets in DB
[SETTLEMENT] Found 2794 unsettled bets in DB
[SETTLEMENT] Found 2794 unsettled bets in DB
[SETTLEMENT] Found 2802 unsettled bets in DB
[SETTLEMENT] Found 2802 unsettled bets in DB
[SETTLEMENT] Found 2810 unsettled bets in DB
[SETTLEMENT] Found 2810 unsettled bets in DB
[SETTLEMENT] Found 2818 unsettled bets in DB
[SETTLEMENT] Found 2822 unsettled bets in DB
[SETTLEMENT] Found 2826 unsettled bets in DB
[SETTLEMENT] Found 2826 unsettled bets in DB
[SETTLEMENT] Found 2834 unsettled bets in DB
[SETTLEMENT] Found 2834 unsettled bets in DB
[SETTLEMENT] Found 2842 unsettled bets in DB
[SETTLEMENT] Found 2842 unsettled bets in DB
[SETTLEMENT] Found 2850 unsettled bets in DB
[SETTLEMENT] Found 2850 unsettled bets in DB
[SETTLEMENT] Found 2858 unsettled bets in DB
[SETTLEMENT] Found 2858 unsettled bets in DB
[SETTLEMENT] Found 2866 unsettled bets in DB
[SETTLEMENT] Found 2870 unsettled bets in DB
[SETTLEMENT] Found 2874 unsettled bets in DB
[SETTLEMENT] Found 2874 unsettled bets in DB
[SETTLEMENT] Found 2882 unsettled bets in DB
[SETTLEMENT] Found 2882 unsettled bets in DB
[SETTLEMENT] Found 2890 unsettled bets in DB
[SETTLEMENT] Found 2890 unsettled bets in DB
[SETTLEMENT] Found 2898 unsettled bets in DB
[SETTLEMENT] Found 2898 unsettled bets in DB
[SETTLEMENT] Found 2906 unsettled bets in DB
[SETTLEMENT] Found 2906 unsettled bets in DB
[SETTLEMENT] Found 2914 unsettled bets in DB
[SETTLEMENT] Found 2918 unsettled bets in DB
[SETTLEMENT] Found 2922 unsettled bets in DB
[SETTLEMENT] Found 2922 unsettled bets in DB
[SETTLEMENT] Found 2930 unsettled bets in DB
[SETTLEMENT] Found 2930 unsettled bets in DB
[SETTLEMENT] Found 2938 unsettled bets in DB
[SETTLEMENT] Found 2938 unsettled bets in DB
[SETTLEMENT] Found 2946 unsettled bets in DB
[SETTLEMENT] Found 2946 unsettled bets in DB
[SETTLEMENT] Found 2954 unsettled bets in DB
[SETTLEMENT] Found 2958 unsettled bets in DB
[SETTLEMENT] Found 2962 unsettled bets in DB
[SETTLEMENT] Found 2962 unsettled bets in DB
[SETTLEMENT] Found 2970 unsettled bets in DB
[SETTLEMENT] Found 2970 unsettled bets in DB
[SETTLEMENT] Found 2978 unsettled bets in DB
[SETTLEMENT] Found 2978 unsettled bets in DB
[SETTLEMENT] Found 2986 unsettled bets in DB
[SETTLEMENT] Found 2986 unsettled bets in DB
[SETTLEMENT] Found 2994 unsettled bets in DB
[SETTLEMENT] Found 2994 unsettled bets in DB
[SETTLEMENT] Found 3002 unsettled bets in DB
[SETTLEMENT] Found 3006 unsettled bets in DB
[SETTLEMENT] Found 3010 unsettled bets in DB
[SETTLEMENT] Found 3010 unsettled bets in DB
[SETTLEMENT] Found 3018 unsettled bets in DB
[SETTLEMENT] Found 3018 unsettled bets in DB
[SETTLEMENT] Found 3026 unsettled bets in DB
[SETTLEMENT] Found 3026 unsettled bets in DB
[SETTLEMENT] Found 3034 unsettled bets in DB
[SETTLEMENT] Found 3034 unsettled bets in DB
[SETTLEMENT] Found 3042 unsettled bets in DB
[SETTLEMENT] Found 3042 unsettled bets in DB
[SETTLEMENT] Found 3050 unsettled bets in DB
[SETTLEMENT] Found 3054 unsettled bets in DB
[SETTLEMENT] Found 3058 unsettled bets in DB
[SETTLEMENT] Found 3058 unsettled bets in DB
[SETTLEMENT] Found 3066 unsettled bets in DB
[SETTLEMENT] Found 3066 unsettled bets in DB
[SETTLEMENT] Found 3074 unsettled bets in DB
[SETTLEMENT] Found 3074 unsettled bets in DB
[SETTLEMENT] Found 3082 unsettled bets in DB
[SETTLEMENT] Found 3082 unsettled bets in DB
[SETTLEMENT] Found 3090 unsettled bets in DB
[SETTLEMENT] Found 3090 unsettled bets in DB
[SETTLEMENT] Found 3098 unsettled bets in DB
[SETTLEMENT] Found 3102 unsettled bets in DB
[SETTLEMENT] Found 3106 unsettled bets in DB
[SETTLEMENT] Found 3106 unsettled bets in DB
[SETTLEMENT] Found 3114 unsettled bets in DB
[SETTLEMENT] Found 3114 unsettled bets in DB
[SETTLEMENT] Found 3122 unsettled bets in DB
[SETTLEMENT] Found 3122 unsettled bets in DB
[SETTLEMENT] Found 3130 unsettled bets in DB
[SETTLEMENT] Found 3130 unsettled bets in DB
[SETTLEMENT] Found 3138 unsettled bets in DB
[SETTLEMENT] Found 3138 unsettled bets in DB
[SETTLEMENT] Found 3146 unsettled bets in DB
[SETTLEMENT] Found 3146 unsettled bets in DB
[SETTLEMENT] Found 3154 unsettled bets in DB
[SETTLEMENT] Found 3154 unsettled bets in DB
[SETTLEMENT] Found 3162 unsettled bets in DB
[SETTLEMENT] Found 3162 unsettled bets in DB
[SETTLEMENT] Found 3170 unsettled bets in DB
[SETTLEMENT] Found 3170 unsettled bets in DB
[SETTLEMENT] Found 3178 unsettled bets in DB
[SETTLEMENT] Found 3178 unsettled bets in DB
[SETTLEMENT] Found 3186 unsettled bets in DB
[SETTLEMENT] Found 3186 unsettled bets in DB
[SETTLEMENT] Found 3194 unsettled bets in DB
[SETTLEMENT] Found 3198 unsettled bets in DB
[SETTLEMENT] Found 3202 unsettled bets in DB
[SETTLEMENT] Found 3202 unsettled bets in DB
[SETTLEMENT] Found 3210 unsettled bets in DB
[SETTLEMENT] Found 3210 unsettled bets in DB
[SETTLEMENT] Found 3218 unsettled bets in DB
[SETTLEMENT] Found 3218 unsettled bets in DB
[SETTLEMENT] Found 3226 unsettled bets in DB
[SETTLEMENT] Found 3226 unsettled bets in DB
[SETTLEMENT] Found 3234 unsettled bets in DB
[SETTLEMENT] Found 3234 unsettled bets in DB
[SETTLEMENT] Found 3242 unsettled bets in DB
[SETTLEMENT] Found 3242 unsettled bets in DB
[SETTLEMENT] Found 3250 unsettled bets in DB
[SETTLEMENT] Found 3250 unsettled bets in DB
[SETTLEMENT] Found 3258 unsettled bets in DB
[SETTLEMENT] Found 3258 unsettled bets in DB
[SETTLEMENT] Found 3266 unsettled bets in DB
[SETTLEMENT] Found 3270 unsettled bets in DB
[SETTLEMENT] Found 3274 unsettled bets in DB
[SETTLEMENT] Found 3274 unsettled bets in DB
[SETTLEMENT] Found 3282 unsettled bets in DB
[SETTLEMENT] Found 3282 unsettled bets in DB
[SETTLEMENT] Found 3290 unsettled bets in DB
[SETTLEMENT] Found 3290 unsettled bets in DB
[SETTLEMENT] Found 3298 unsettled bets in DB
[SETTLEMENT] Found 3298 unsettled bets in DB
[SETTLEMENT] Found 3306 unsettled bets in DB
[SETTLEMENT] Found 3306 unsettled bets in DB
[SETTLEMENT] Found 3314 unsettled bets in DB
[SETTLEMENT] Found 3314 unsettled bets in DB
[SETTLEMENT] Found 3322 unsettled bets in DB
[SETTLEMENT] Found 3326 unsettled bets in DB
[SETTLEMENT] Found 3330 unsettled bets in DB
[SETTLEMENT] Found 3330 unsettled bets in DB
[SETTLEMENT] Found 3338 unsettled bets in DB
[SETTLEMENT] Found 3338 unsettled bets in DB
[SETTLEMENT] Found 3346 unsettled bets in DB
[SETTLEMENT] Found 3346 unsettled bets in DB
[SETTLEMENT] Found 3354 unsettled bets in DB
[SETTLEMENT] Found 3354 unsettled bets in DB
[SETTLEMENT] Found 3362 unsettled bets in DB
[SETTLEMENT] Found 3362 unsettled bets in DB
[SETTLEMENT] Found 3370 unsettled bets in DB
[SETTLEMENT] Found 3370 unsettled bets in DB
[SETTLEMENT] Found 3378 unsettled bets in DB
[SETTLEMENT] Found 3378 unsettled bets in DB
[SETTLEMENT] Found 3386 unsettled bets in DB
[SETTLEMENT] Found 3386 unsettled bets in DB
[SETTLEMENT] Found 3394 unsettled bets in DB
[SETTLEMENT] Found 3398 unsettled bets in DB
[SETTLEMENT] Found 3402 unsettled bets in DB
[SETTLEMENT] Found 3402 unsettled bets in DB
[SETTLEMENT] Found 3410 unsettled bets in DB
[SETTLEMENT] Found 3410 unsettled bets in DB
[SETTLEMENT] Found 3418 unsettled bets in DB
[SETTLEMENT] Found 3418 unsettled bets in DB
[SETTLEMENT] Found 3426 unsettled bets in DB
[SETTLEMENT] Found 3426 unsettled bets in DB
[SETTLEMENT] Found 3434 unsettled bets in DB
[SETTLEMENT] Found 3434 unsettled bets in DB
[SETTLEMENT] Found 3442 unsettled bets in DB
[SETTLEMENT] Found 3442 unsettled bets in DB
[SETTLEMENT] Found 3450 unsettled bets in DB
[SETTLEMENT] Found 3454 unsettled bets in DB
[SETTLEMENT] Found 3458 unsettled bets in DB
[SETTLEMENT] Found 3458 unsettled bets in DB
[SETTLEMENT] Found 3466 unsettled bets in DB
[SETTLEMENT] Found 3466 unsettled bets in DB
[SETTLEMENT] Found 3474 unsettled bets in DB
[SETTLEMENT] Found 3474 unsettled bets in DB
[SETTLEMENT] Found 3482 unsettled bets in DB
[SETTLEMENT] Found 3482 unsettled bets in DB
[SETTLEMENT] Found 3490 unsettled bets in DB
[SETTLEMENT] Found 3490 unsettled bets in DB
[SETTLEMENT] Found 3498 unsettled bets in DB
[SETTLEMENT] Found 3498 unsettled bets in DB
[SETTLEMENT] Found 3506 unsettled bets in DB
[SETTLEMENT] Found 3506 unsettled bets in DB
[SETTLEMENT] Found 3514 unsettled bets in DB
[SETTLEMENT] Found 3518 unsettled bets in DB
[SETTLEMENT] Found 3522 unsettled bets in DB
[SETTLEMENT] Found 3522 unsettled bets in DB
[SETTLEMENT] Found 3530 unsettled bets in DB
[SETTLEMENT] Found 3530 unsettled bets in DB
[SETTLEMENT] Found 3538 unsettled bets in DB
[SETTLEMENT] Found 3538 unsettled bets in DB
[SETTLEMENT] Found 3546 unsettled bets in DB
[SETTLEMENT] Found 3546 unsettled bets in DB
[SETTLEMENT] Found 3554 unsettled bets in DB
[SETTLEMENT] Found 3554 unsettled bets in DB
[SETTLEMENT] Found 3562 unsettled bets in DB
[SETTLEMENT] Found 3562 unsettled bets in DB
[SETTLEMENT] Found 3570 unsettled bets in DB
[SETTLEMENT] Found 3574 unsettled bets in DB
[SETTLEMENT] Found 3578 unsettled bets in DB
[SETTLEMENT] Found 3578 unsettled bets in DB
[SETTLEMENT] Found 3586 unsettled bets in DB
[SETTLEMENT] Found 3586 unsettled bets in DB
[SETTLEMENT] Found 3594 unsettled bets in DB
[SETTLEMENT] Found 3594 unsettled bets in DB
[SETTLEMENT] Found 3602 unsettled bets in DB
[SETTLEMENT] Found 3602 unsettled bets in DB
[SETTLEMENT] Found 3610 unsettled bets in DB
[SETTLEMENT] Found 3610 unsettled bets in DB
[SETTLEMENT] Found 3618 unsettled bets in DB
[SETTLEMENT] Found 3618 unsettled bets in DB
[SETTLEMENT] Found 3626 unsettled bets in DB
[SETTLEMENT] Found 3630 unsettled bets in DB
[SETTLEMENT] Found 3634 unsettled bets in DB
[SETTLEMENT] Found 3638 unsettled bets in DB
[SETTLEMENT] Found 3642 unsettled bets in DB
[SETTLEMENT] Found 3642 unsettled bets in DB
[SETTLEMENT] Found 3650 unsettled bets in DB
[SETTLEMENT] Found 3650 unsettled bets in DB
[SETTLEMENT] Found 3658 unsettled bets in DB
[SETTLEMENT] Found 3658 unsettled bets in DB
[SETTLEMENT] Found 3666 unsettled bets in DB
[SETTLEMENT] Found 3666 unsettled bets in DB
[SETTLEMENT] Found 3674 unsettled bets in DB
[SETTLEMENT] Found 3674 unsettled bets in DB
[SETTLEMENT] Found 3682 unsettled bets in DB
[SETTLEMENT] Found 3682 unsettled bets in DB
[SETTLEMENT] Found 3690 unsettled bets in DB
[SETTLEMENT] Found 3694 unsettled bets in DB
[SETTLEMENT] Found 3698 unsettled bets in DB
[SETTLEMENT] Found 3698 unsettled bets in DB
[SETTLEMENT] Found 3706 unsettled bets in DB
[SETTLEMENT] Found 3706 unsettled bets in DB
[SETTLEMENT] Found 3714 unsettled bets in DB
[SETTLEMENT] Found 3714 unsettled bets in DB
[SETTLEMENT] Found 3722 unsettled bets in DB
[SETTLEMENT] Found 3722 unsettled bets in DB
[SETTLEMENT] Found 3730 unsettled bets in DB
[SETTLEMENT] Found 3730 unsettled bets in DB
[SETTLEMENT] Found 3738 unsettled bets in DB
[SETTLEMENT] Found 3738 unsettled bets in DB
[SETTLEMENT] Found 3746 unsettled bets in DB
[SETTLEMENT] Found 3750 unsettled bets in DB
[SETTLEMENT] Found 3754 unsettled bets in DB
[SETTLEMENT] Found 3754 unsettled bets in DB
[SETTLEMENT] Found 3762 unsettled bets in DB
[SETTLEMENT] Found 3762 unsettled bets in DB
[SETTLEMENT] Found 3770 unsettled bets in DB
[SETTLEMENT] Found 3770 unsettled bets in DB
[SETTLEMENT] Found 3778 unsettled bets in DB
[SETTLEMENT] Found 3778 unsettled bets in DB
[SETTLEMENT] Found 3786 unsettled bets in DB
[SETTLEMENT] Found 3786 unsettled bets in DB
[SETTLEMENT] Found 3794 unsettled bets in DB
[SETTLEMENT] Found 3794 unsettled bets in DB
[SETTLEMENT] Found 3802 unsettled bets in DB
[SETTLEMENT] Found 3802 unsettled bets in DB
[SETTLEMENT] Found 3810 unsettled bets in DB
[SETTLEMENT] Found 3814 unsettled bets in DB
[SETTLEMENT] Found 3818 unsettled bets in DB
[SETTLEMENT] Found 3818 unsettled bets in DB
[SETTLEMENT] Found 3826 unsettled bets in DB
[SETTLEMENT] Found 3826 unsettled bets in DB
[SETTLEMENT] Found 3834 unsettled bets in DB
[SETTLEMENT] Found 3834 unsettled bets in DB
[SETTLEMENT] Found 3842 unsettled bets in DB
[SETTLEMENT] Found 3842 unsettled bets in DB
[SETTLEMENT] Found 3850 unsettled bets in DB
[SETTLEMENT] Found 3850 unsettled bets in DB
[SETTLEMENT] Found 3858 unsettled bets in DB
[SETTLEMENT] Found 3858 unsettled bets in DB
[SETTLEMENT] Found 3866 unsettled bets in DB
[SETTLEMENT] Found 3870 unsettled bets in DB
[SETTLEMENT] Found 3874 unsettled bets in DB
[SETTLEMENT] Found 3874 unsettled bets in DB
[SETTLEMENT] Found 3882 unsettled bets in DB
[SETTLEMENT] Found 3882 unsettled bets in DB
[SETTLEMENT] Found 3890 unsettled bets in DB
[SETTLEMENT] Found 3890 unsettled bets in DB
[SETTLEMENT] Found 3898 unsettled bets in DB
[SETTLEMENT] Found 3898 unsettled bets in DB
[SETTLEMENT] Found 3906 unsettled bets in DB
[SETTLEMENT] Found 3906 unsettled bets in DB
[SETTLEMENT] Found 3914 unsettled bets in DB
[SETTLEMENT] Found 3914 unsettled bets in DB
[SETTLEMENT] Found 3922 unsettled bets in DB
[SETTLEMENT] Found 3922 unsettled bets in DB
[SETTLEMENT] Found 3930 unsettled bets in DB
[SETTLEMENT] Found 3930 unsettled bets in DB
[SETTLEMENT] Found 3938 unsettled bets in DB
[SETTLEMENT] Found 3942 unsettled bets in DB
[SETTLEMENT] Found 3946 unsettled bets in DB
[SETTLEMENT] Found 3946 unsettled bets in DB
[SETTLEMENT] Found 3954 unsettled bets in DB
[SETTLEMENT] Found 3954 unsettled bets in DB
[SETTLEMENT] Found 3962 unsettled bets in DB
[SETTLEMENT] Found 3962 unsettled bets in DB
[SETTLEMENT] Found 3970 unsettled bets in DB
[SETTLEMENT] Found 3970 unsettled bets in DB
[SETTLEMENT] Found 3978 unsettled bets in DB
[SETTLEMENT] Found 3978 unsettled bets in DB
[SETTLEMENT] Found 3986 unsettled bets in DB
[SETTLEMENT] Found 3986 unsettled bets in DB
[SETTLEMENT] Found 3994 unsettled bets in DB
[SETTLEMENT] Found 3998 unsettled bets in DB
[SETTLEMENT] Found 4002 unsettled bets in DB
[SETTLEMENT] Found 4002 unsettled bets in DB
[SETTLEMENT] Found 4010 unsettled bets in DB
[SETTLEMENT] Found 4010 unsettled bets in DB
[SETTLEMENT] Found 4018 unsettled bets in DB
[SETTLEMENT] Found 4018 unsettled bets in DB
[SETTLEMENT] Found 4026 unsettled bets in DB
[SETTLEMENT] Found 4026 unsettled bets in DB
[SETTLEMENT] Found 4034 unsettled bets in DB
[SETTLEMENT] Found 4034 unsettled bets in DB
[SETTLEMENT] Found 4042 unsettled bets in DB
[SETTLEMENT] Found 4042 unsettled bets in DB
[SETTLEMENT] Found 4050 unsettled bets in DB
[SETTLEMENT] Found 4050 unsettled bets in DB
[SETTLEMENT] Found 4058 unsettled bets in DB
[SETTLEMENT] Found 4062 unsettled bets in DB
[SETTLEMENT] Found 4066 unsettled bets in DB
[SETTLEMENT] Found 4070 unsettled bets in DB
[SETTLEMENT] Found 4074 unsettled bets in DB
[SETTLEMENT] Found 4074 unsettled bets in DB
[SETTLEMENT] Found 4082 unsettled bets in DB
[SETTLEMENT] Found 4082 unsettled bets in DB
[SETTLEMENT] Found 4090 unsettled bets in DB
[SETTLEMENT] Found 4090 unsettled bets in DB
[SETTLEMENT] Found 4098 unsettled bets in DB
[SETTLEMENT] Found 4098 unsettled bets in DB
[SETTLEMENT] Found 4106 unsettled bets in DB
[SETTLEMENT] Found 4106 unsettled bets in DB
[SETTLEMENT] Found 4114 unsettled bets in DB
[SETTLEMENT] Found 4118 unsettled bets in DB
[SETTLEMENT] Found 4122 unsettled bets in DB
[SETTLEMENT] Found 4122 unsettled bets in DB
[SETTLEMENT] Found 4130 unsettled bets in DB
[SETTLEMENT] Found 4130 unsettled bets in DB
[SETTLEMENT] Found 4138 unsettled bets in DB
[SETTLEMENT] Found 4138 unsettled bets in DB
[SETTLEMENT] Found 4146 unsettled bets in DB
[SETTLEMENT] Found 4146 unsettled bets in DB
[SETTLEMENT] Found 4154 unsettled bets in DB
[SETTLEMENT] Found 4154 unsettled bets in DB
[SETTLEMENT] Found 4162 unsettled bets in DB
[SETTLEMENT] Found 4162 unsettled bets in DB
[SETTLEMENT] Found 4170 unsettled bets in DB
[SETTLEMENT] Found 4174 unsettled bets in DB
[SETTLEMENT] Found 4178 unsettled bets in DB
[SETTLEMENT] Found 4182 unsettled bets in DB
[SETTLEMENT] Found 4186 unsettled bets in DB
[SETTLEMENT] Found 4190 unsettled bets in DB
[SETTLEMENT] Found 4194 unsettled bets in DB
[SETTLEMENT] Found 4194 unsettled bets in DB
[SETTLEMENT] Found 4202 unsettled bets in DB
[SETTLEMENT] Found 4202 unsettled bets in DB
[SETTLEMENT] Found 4210 unsettled bets in DB
[SETTLEMENT] Found 4210 unsettled bets in DB
[SETTLEMENT] Found 4218 unsettled bets in DB
[SETTLEMENT] Found 4218 unsettled bets in DB
[SETTLEMENT] Found 4226 unsettled bets in DB
[SETTLEMENT] Found 4227 unsettled bets in DB
[SETTLEMENT] Found 4234 unsettled bets in DB
[SETTLEMENT] Found 4236 unsettled bets in DB
[SETTLEMENT] Found 4242 unsettled bets in DB
[SETTLEMENT] Found 4244 unsettled bets in DB
[SETTLEMENT] Found 4250 unsettled bets in DB
[SETTLEMENT] Found 4251 unsettled bets in DB
[SETTLEMENT] Found 4258 unsettled bets in DB
[SETTLEMENT] Found 4260 unsettled bets in DB
[SETTLEMENT] Found 4266 unsettled bets in DB
[SETTLEMENT] Found 4267 unsettled bets in DB
[SETTLEMENT] Found 4274 unsettled bets in DB
[SETTLEMENT] Found 4275 unsettled bets in DB
[SETTLEMENT] Found 4282 unsettled bets in DB
[SETTLEMENT] Found 4283 unsettled bets in DB
[SETTLEMENT] Found 4290 unsettled bets in DB
[SETTLEMENT] Found 4290 unsettled bets in DB
[SETTLEMENT] Found 4298 unsettled bets in DB
[SETTLEMENT] Found 4298 unsettled bets in DB
[SETTLEMENT] Found 4306 unsettled bets in DB
[SETTLEMENT] Found 4306 unsettled bets in DB
[SETTLEMENT] Found 4314 unsettled bets in DB
[SETTLEMENT] Found 4314 unsettled bets in DB
[SETTLEMENT] Found 4322 unsettled bets in DB
[SETTLEMENT] Found 4322 unsettled bets in DB
[SETTLEMENT] Found 4330 unsettled bets in DB
[SETTLEMENT] Found 4332 unsettled bets in DB
[SETTLEMENT] Found 4338 unsettled bets in DB
[SETTLEMENT] Found 4339 unsettled bets in DB
[SETTLEMENT] Found 4346 unsettled bets in DB
[SETTLEMENT] Found 4347 unsettled bets in DB
[SETTLEMENT] Found 4354 unsettled bets in DB
[SETTLEMENT] Found 4356 unsettled bets in DB
[SETTLEMENT] Found 4362 unsettled bets in DB
[SETTLEMENT] Found 4364 unsettled bets in DB
[SETTLEMENT] Found 4370 unsettled bets in DB
[SETTLEMENT] Found 4372 unsettled bets in DB
[SETTLEMENT] Found 4378 unsettled bets in DB
[SETTLEMENT] Found 4379 unsettled bets in DB
[SETTLEMENT] Found 4386 unsettled bets in DB
[SETTLEMENT] Found 4387 unsettled bets in DB
[SETTLEMENT] Found 4394 unsettled bets in DB
[SETTLEMENT] Found 4395 unsettled bets in DB
[SETTLEMENT] Found 4402 unsettled bets in DB
[SETTLEMENT] Found 4403 unsettled bets in DB
[SETTLEMENT] Found 4410 unsettled bets in DB
[SETTLEMENT] Found 4410 unsettled bets in DB
[SETTLEMENT] Found 4418 unsettled bets in DB
[SETTLEMENT] Found 4418 unsettled bets in DB
[SETTLEMENT] Found 4426 unsettled bets in DB
[SETTLEMENT] Found 4426 unsettled bets in DB
[SETTLEMENT] Found 4434 unsettled bets in DB
[SETTLEMENT] Found 4434 unsettled bets in DB
[SETTLEMENT] Found 4442 unsettled bets in DB
[SETTLEMENT] Found 4442 unsettled bets in DB
[SETTLEMENT] Found 4450 unsettled bets in DB
[SETTLEMENT] Found 4452 unsettled bets in DB
[SETTLEMENT] Found 4458 unsettled bets in DB
[SETTLEMENT] Found 4461 unsettled bets in DB
[SETTLEMENT] Found 4466 unsettled bets in DB
[SETTLEMENT] Found 4470 unsettled bets in DB
[SETTLEMENT] Found 4474 unsettled bets in DB
[SETTLEMENT] Found 4474 unsettled bets in DB
[SETTLEMENT] Found 4482 unsettled bets in DB
[SETTLEMENT] Found 4482 unsettled bets in DB
[SETTLEMENT] Found 4490 unsettled bets in DB
[SETTLEMENT] Found 4490 unsettled bets in DB
[SETTLEMENT] Found 4498 unsettled bets in DB
[SETTLEMENT] Found 4498 unsettled bets in DB
[SETTLEMENT] Found 4506 unsettled bets in DB
[SETTLEMENT] Found 4510 unsettled bets in DB
[SETTLEMENT] Found 4514 unsettled bets in DB
[SETTLEMENT] Found 4518 unsettled bets in DB
[SETTLEMENT] Found 4522 unsettled bets in DB
[SETTLEMENT] Found 4526 unsettled bets in DB
[SETTLEMENT] Found 4530 unsettled bets in DB
[SETTLEMENT] Found 4530 unsettled bets in DB
[SETTLEMENT] Found 4538 unsettled bets in DB
[SETTLEMENT] Found 4538 unsettled bets in DB
[SETTLEMENT] Found 4546 unsettled bets in DB
[SETTLEMENT] Found 4546 unsettled bets in DB
[SETTLEMENT] Found 4554 unsettled bets in DB
[SETTLEMENT] Found 4554 unsettled bets in DB
[SETTLEMENT] Found 4562 unsettled bets in DB
[SETTLEMENT] Found 4562 unsettled bets in DB
[SETTLEMENT] Found 4570 unsettled bets in DB
[SETTLEMENT] Found 4573 unsettled bets in DB
[SETTLEMENT] Found 4578 unsettled bets in DB
[SETTLEMENT] Found 4582 unsettled bets in DB
[SETTLEMENT] Found 4586 unsettled bets in DB
[SETTLEMENT] Found 4590 unsettled bets in DB
[SETTLEMENT] Found 4594 unsettled bets in DB
[SETTLEMENT] Found 4598 unsettled bets in DB
[SETTLEMENT] Found 4602 unsettled bets in DB
[SETTLEMENT] Found 4602 unsettled bets in DB
[SETTLEMENT] Found 4610 unsettled bets in DB
[SETTLEMENT] Found 4610 unsettled bets in DB
[SETTLEMENT] Found 4618 unsettled bets in DB
[SETTLEMENT] Found 4618 unsettled bets in DB
[SETTLEMENT] Found 4626 unsettled bets in DB
[SETTLEMENT] Found 4626 unsettled bets in DB
[SETTLEMENT] Found 4634 unsettled bets in DB
[SETTLEMENT] Found 4634 unsettled bets in DB
[SETTLEMENT] Found 4642 unsettled bets in DB
[SETTLEMENT] Found 4646 unsettled bets in DB
[SETTLEMENT] Found 4650 unsettled bets in DB
[SETTLEMENT] Found 4654 unsettled bets in DB
[SETTLEMENT] Found 4658 unsettled bets in DB
[SETTLEMENT] Found 4658 unsettled bets in DB
[SETTLEMENT] Found 4666 unsettled bets in DB
[SETTLEMENT] Found 4666 unsettled bets in DB
[SETTLEMENT] Found 4674 unsettled bets in DB
[SETTLEMENT] Found 4674 unsettled bets in DB
[SETTLEMENT] Found 4682 unsettled bets in DB
[SETTLEMENT] Found 4682 unsettled bets in DB
[SETTLEMENT] Found 4690 unsettled bets in DB
[SETTLEMENT] Found 4690 unsettled bets in DB
[SETTLEMENT] Found 4698 unsettled bets in DB
[SETTLEMENT] Found 4698 unsettled bets in DB
[SETTLEMENT] Found 4706 unsettled bets in DB
[SETTLEMENT] Found 4710 unsettled bets in DB
[SETTLEMENT] Found 4714 unsettled bets in DB
[SETTLEMENT] Found 4718 unsettled bets in DB
[SETTLEMENT] Found 4722 unsettled bets in DB
[SETTLEMENT] Found 4722 unsettled bets in DB
[SETTLEMENT] Found 4730 unsettled bets in DB
[SETTLEMENT] Found 4730 unsettled bets in DB
[SETTLEMENT] Found 4738 unsettled bets in DB
[SETTLEMENT] Found 4738 unsettled bets in DB
[SETTLEMENT] Found 4746 unsettled bets in DB
[SETTLEMENT] Found 4746 unsettled bets in DB
[SETTLEMENT] Found 4754 unsettled bets in DB
[SETTLEMENT] Found 4754 unsettled bets in DB
[SETTLEMENT] Found 4762 unsettled bets in DB
[SETTLEMENT] Found 4762 unsettled bets in DB
[SETTLEMENT] Found 4770 unsettled bets in DB
[SETTLEMENT] Found 4774 unsettled bets in DB
[SETTLEMENT] Found 4778 unsettled bets in DB
[SETTLEMENT] Found 4778 unsettled bets in DB
[SETTLEMENT] Found 4786 unsettled bets in DB
[SETTLEMENT] Found 4786 unsettled bets in DB
[SETTLEMENT] Found 4794 unsettled bets in DB
[SETTLEMENT] Found 4794 unsettled bets in DB
[SETTLEMENT] Found 4802 unsettled bets in DB
[SETTLEMENT] Found 4802 unsettled bets in DB
[SETTLEMENT] Found 4810 unsettled bets in DB
[SETTLEMENT] Found 4810 unsettled bets in DB
[SETTLEMENT] Found 4818 unsettled bets in DB
[SETTLEMENT] Found 4818 unsettled bets in DB
[SETTLEMENT] Found 4826 unsettled bets in DB
[SETTLEMENT] Found 4826 unsettled bets in DB
[SETTLEMENT] Found 4834 unsettled bets in DB
[SETTLEMENT] Found 4838 unsettled bets in DB
[SETTLEMENT] Found 4842 unsettled bets in DB
[SETTLEMENT] Found 4842 unsettled bets in DB
[SETTLEMENT] Found 4850 unsettled bets in DB
[SETTLEMENT] Found 4850 unsettled bets in DB
[SETTLEMENT] Found 4858 unsettled bets in DB
[SETTLEMENT] Found 4858 unsettled bets in DB
[SETTLEMENT] Found 4866 unsettled bets in DB
[SETTLEMENT] Found 4866 unsettled bets in DB
[SETTLEMENT] Found 4874 unsettled bets in DB
[SETTLEMENT] Found 4874 unsettled bets in DB
[SETTLEMENT] Found 4882 unsettled bets in DB
[SETTLEMENT] Found 4882 unsettled bets in DB
[SETTLEMENT] Found 4890 unsettled bets in DB
[SETTLEMENT] Found 4890 unsettled bets in DB
[SETTLEMENT] Found 4898 unsettled bets in DB
[SETTLEMENT] Found 4902 unsettled bets in DB
[SETTLEMENT] Found 4906 unsettled bets in DB
[SETTLEMENT] Found 4906 unsettled bets in DB
[SETTLEMENT] Found 4914 unsettled bets in DB
[SETTLEMENT] Found 4914 unsettled bets in DB
[SETTLEMENT] Found 4922 unsettled bets in DB
[SETTLEMENT] Found 4922 unsettled bets in DB
[SETTLEMENT] Found 4930 unsettled bets in DB
[SETTLEMENT] Found 4930 unsettled bets in DB
[SETTLEMENT] Found 4938 unsettled bets in DB
[SETTLEMENT] Found 4938 unsettled bets in DB
[SETTLEMENT] Found 4946 unsettled bets in DB
[SETTLEMENT] Found 4946 unsettled bets in DB
[SETTLEMENT] Found 4954 unsettled bets in DB
[SETTLEMENT] Found 4954 unsettled bets in DB
[SETTLEMENT] Found 4962 unsettled bets in DB
[SETTLEMENT] Found 4962 unsettled bets in DB
[SETTLEMENT] Found 4970 unsettled bets in DB
[SETTLEMENT] Found 4974 unsettled bets in DB
[SETTLEMENT] Found 4978 unsettled bets in DB
[SETTLEMENT] Found 4978 unsettled bets in DB
[SETTLEMENT] Found 4986 unsettled bets in DB
[SETTLEMENT] Found 4986 unsettled bets in DB
[SETTLEMENT] Found 4994 unsettled bets in DB
[SETTLEMENT] Found 4994 unsettled bets in DB
[SETTLEMENT] Found 5002 unsettled bets in DB
[SETTLEMENT] Found 5002 unsettled bets in DB
[SETTLEMENT] Found 5010 unsettled bets in DB
[SETTLEMENT] Found 5010 unsettled bets in DB
[SETTLEMENT] Found 5018 unsettled bets in DB
[SETTLEMENT] Found 5018 unsettled bets in DB
[SETTLEMENT] Found 5026 unsettled bets in DB
[SETTLEMENT] Found 5026 unsettled bets in DB
[SETTLEMENT] Found 5034 unsettled bets in DB
[SETTLEMENT] Found 5038 unsettled bets in DB
[SETTLEMENT] Found 5042 unsettled bets in DB
[SETTLEMENT] Found 5042 unsettled bets in DB
[SETTLEMENT] Found 5050 unsettled bets in DB
[SETTLEMENT] Found 5050 unsettled bets in DB
[SETTLEMENT] Found 5058 unsettled bets in DB
[SETTLEMENT] Found 5058 unsettled bets in DB
[SETTLEMENT] Found 5066 unsettled bets in DB
[SETTLEMENT] Found 5066 unsettled bets in DB
[SETTLEMENT] Found 5074 unsettled bets in DB
[SETTLEMENT] Found 5074 unsettled bets in DB
[SETTLEMENT] Found 5082 unsettled bets in DB
[SETTLEMENT] Found 5082 unsettled bets in DB
[SETTLEMENT] Found 5090 unsettled bets in DB
[SETTLEMENT] Found 5090 unsettled bets in DB
[SETTLEMENT] Found 5098 unsettled bets in DB
[SETTLEMENT] Found 5102 unsettled bets in DB
[SETTLEMENT] Found 5106 unsettled bets in DB
[SETTLEMENT] Found 5106 unsettled bets in DB
[SETTLEMENT] Found 5114 unsettled bets in DB
[SETTLEMENT] Found 5114 unsettled bets in DB
[SETTLEMENT] Found 5122 unsettled bets in DB
[SETTLEMENT] Found 5122 unsettled bets in DB
[SETTLEMENT] Found 5130 unsettled bets in DB
[SETTLEMENT] Found 5130 unsettled bets in DB
[SETTLEMENT] Found 5138 unsettled bets in DB
[SETTLEMENT] Found 5138 unsettled bets in DB
[SETTLEMENT] Found 5146 unsettled bets in DB
[SETTLEMENT] Found 5146 unsettled bets in DB
[SETTLEMENT] Found 5154 unsettled bets in DB
[SETTLEMENT] Found 5154 unsettled bets in DB
[SETTLEMENT] Found 5162 unsettled bets in DB
[SETTLEMENT] Found 5162 unsettled bets in DB
[SETTLEMENT] Found 5170 unsettled bets in DB
[SETTLEMENT] Found 5170 unsettled bets in DB
[SETTLEMENT] Found 5178 unsettled bets in DB
[SETTLEMENT] Found 5178 unsettled bets in DB
[SETTLEMENT] Found 5186 unsettled bets in DB
[SETTLEMENT] Found 5186 unsettled bets in DB
[SETTLEMENT] Found 5194 unsettled bets in DB
[SETTLEMENT] Found 5194 unsettled bets in DB
[SETTLEMENT] Found 5202 unsettled bets in DB
[SETTLEMENT] Found 5202 unsettled bets in DB
[SETTLEMENT] Found 5210 unsettled bets in DB
[SETTLEMENT] Found 5210 unsettled bets in DB
[SETTLEMENT] Found 5218 unsettled bets in DB
[SETTLEMENT] Found 5218 unsettled bets in DB
[SETTLEMENT] Found 5226 unsettled bets in DB
[SETTLEMENT] Found 5226 unsettled bets in DB
[SETTLEMENT] Found 5234 unsettled bets in DB
[SETTLEMENT] Found 5238 unsettled bets in DB
[SETTLEMENT] Found 5242 unsettled bets in DB
[SETTLEMENT] Found 5242 unsettled bets in DB
[SETTLEMENT] Found 5250 unsettled bets in DB
[SETTLEMENT] Found 5250 unsettled bets in DB
[SETTLEMENT] Found 5258 unsettled bets in DB
[SETTLEMENT] Found 5258 unsettled bets in DB
[SETTLEMENT] Found 5266 unsettled bets in DB
[SETTLEMENT] Found 5266 unsettled bets in DB
[SETTLEMENT] Found 5274 unsettled bets in DB
[SETTLEMENT] Found 5274 unsettled bets in DB
[SETTLEMENT] Found 5282 unsettled bets in DB
[SETTLEMENT] Found 5282 unsettled bets in DB
[SETTLEMENT] Found 5290 unsettled bets in DB
[SETTLEMENT] Found 5290 unsettled bets in DB
[SETTLEMENT] Found 5298 unsettled bets in DB
[SETTLEMENT] Found 5302 unsettled bets in DB
[SETTLEMENT] Found 5306 unsettled bets in DB
[SETTLEMENT] Found 5306 unsettled bets in DB
[SETTLEMENT] Found 5314 unsettled bets in DB
[SETTLEMENT] Found 5314 unsettled bets in DB
[SETTLEMENT] Found 5322 unsettled bets in DB
[SETTLEMENT] Found 5322 unsettled bets in DB
[SETTLEMENT] Found 5330 unsettled bets in DB
[SETTLEMENT] Found 5330 unsettled bets in DB
[SETTLEMENT] Found 5338 unsettled bets in DB
[SETTLEMENT] Found 5338 unsettled bets in DB
[SETTLEMENT] Found 5346 unsettled bets in DB
[SETTLEMENT] Found 5346 unsettled bets in DB
[SETTLEMENT] Found 5354 unsettled bets in DB
[SETTLEMENT] Found 5354 unsettled bets in DB
[SETTLEMENT] Found 5362 unsettled bets in DB
[SETTLEMENT] Found 5362 unsettled bets in DB
[SETTLEMENT] Found 5370 unsettled bets in DB
[SETTLEMENT] Found 5374 unsettled bets in DB
[SETTLEMENT] Found 5378 unsettled bets in DB
[SETTLEMENT] Found 5378 unsettled bets in DB
[SETTLEMENT] Found 5386 unsettled bets in DB
[SETTLEMENT] Found 5386 unsettled bets in DB
[SETTLEMENT] Found 5394 unsettled bets in DB
[SETTLEMENT] Found 5394 unsettled bets in DB
[SETTLEMENT] Found 5402 unsettled bets in DB
[SETTLEMENT] Found 5402 unsettled bets in DB
[SETTLEMENT] Found 5410 unsettled bets in DB
[SETTLEMENT] Found 5410 unsettled bets in DB
[SETTLEMENT] Found 5418 unsettled bets in DB
[SETTLEMENT] Found 5418 unsettled bets in DB
[SETTLEMENT] Found 5426 unsettled bets in DB
[SETTLEMENT] Found 5426 unsettled bets in DB
[SETTLEMENT] Found 5434 unsettled bets in DB
[SETTLEMENT] Found 5438 unsettled bets in DB
[SETTLEMENT] Found 5442 unsettled bets in DB
[SETTLEMENT] Found 5442 unsettled bets in DB
[SETTLEMENT] Found 5450 unsettled bets in DB
[SETTLEMENT] Found 5450 unsettled bets in DB
[SETTLEMENT] Found 5458 unsettled bets in DB
[SETTLEMENT] Found 5458 unsettled bets in DB
[SETTLEMENT] Found 5466 unsettled bets in DB
[SETTLEMENT] Found 5466 unsettled bets in DB
[SETTLEMENT] Found 5474 unsettled bets in DB
[SETTLEMENT] Found 5474 unsettled bets in DB
[SETTLEMENT] Found 5482 unsettled bets in DB
[SETTLEMENT] Found 5482 unsettled bets in DB
[SETTLEMENT] Found 5490 unsettled bets in DB
[SETTLEMENT] Found 5490 unsettled bets in DB
[SETTLEMENT] Found 5498 unsettled bets in DB
[SETTLEMENT] Found 5498 unsettled bets in DB
[SETTLEMENT] Found 5506 unsettled bets in DB
[SETTLEMENT] Found 5510 unsettled bets in DB
[SETTLEMENT] Found 5514 unsettled bets in DB
[SETTLEMENT] Found 5514 unsettled bets in DB
[SETTLEMENT] Found 5522 unsettled bets in DB
[SETTLEMENT] Found 5522 unsettled bets in DB
[SETTLEMENT] Found 5530 unsettled bets in DB
[SETTLEMENT] Found 5530 unsettled bets in DB
[SETTLEMENT] Found 5538 unsettled bets in DB
[SETTLEMENT] Found 5538 unsettled bets in DB
[SETTLEMENT] Found 5546 unsettled bets in DB
[SETTLEMENT] Found 5546 unsettled bets in DB
[SETTLEMENT] Found 5554 unsettled bets in DB
[SETTLEMENT] Found 5554 unsettled bets in DB
[SETTLEMENT] Found 5562 unsettled bets in DB
[SETTLEMENT] Found 5562 unsettled bets in DB
[SETTLEMENT] Found 5570 unsettled bets in DB
[SETTLEMENT] Found 5574 unsettled bets in DB
[SETTLEMENT] Found 5578 unsettled bets in DB
[SETTLEMENT] Found 5578 unsettled bets in DB
[SETTLEMENT] Found 5586 unsettled bets in DB
[SETTLEMENT] Found 5586 unsettled bets in DB
[SETTLEMENT] Found 5594 unsettled bets in DB
[SETTLEMENT] Found 5594 unsettled bets in DB
[SETTLEMENT] Found 5602 unsettled bets in DB
[SETTLEMENT] Found 5602 unsettled bets in DB
[SETTLEMENT] Found 5610 unsettled bets in DB
[SETTLEMENT] Found 5610 unsettled bets in DB
[SETTLEMENT] Found 5618 unsettled bets in DB
[SETTLEMENT] Found 5618 unsettled bets in DB
[SETTLEMENT] Found 5626 unsettled bets in DB
[SETTLEMENT] Found 5626 unsettled bets in DB
[SETTLEMENT] Found 5634 unsettled bets in DB
[SETTLEMENT] Found 5634 unsettled bets in DB
[SETTLEMENT] Found 5642 unsettled bets in DB
[SETTLEMENT] Found 5646 unsettled bets in DB
[SETTLEMENT] Found 5650 unsettled bets in DB
[SETTLEMENT] Found 5650 unsettled bets in DB
[SETTLEMENT] Found 5658 unsettled bets in DB
[SETTLEMENT] Found 5658 unsettled bets in DB
[SETTLEMENT] Found 5666 unsettled bets in DB
[SETTLEMENT] Found 5666 unsettled bets in DB
[SETTLEMENT] Found 5674 unsettled bets in DB
[SETTLEMENT] Found 5674 unsettled bets in DB
[SETTLEMENT] Found 5682 unsettled bets in DB
[SETTLEMENT] Found 5682 unsettled bets in DB
[SETTLEMENT] Found 5690 unsettled bets in DB
[SETTLEMENT] Found 5690 unsettled bets in DB
[SETTLEMENT] Found 5698 unsettled bets in DB
[SETTLEMENT] Found 5698 unsettled bets in DB
[SETTLEMENT] Found 5706 unsettled bets in DB
[SETTLEMENT] Found 5710 unsettled bets in DB
[SETTLEMENT] Found 5714 unsettled bets in DB
[SETTLEMENT] Found 5714 unsettled bets in DB
[SETTLEMENT] Found 5722 unsettled bets in DB
[SETTLEMENT] Found 5722 unsettled bets in DB
[SETTLEMENT] Found 5730 unsettled bets in DB
[SETTLEMENT] Found 5730 unsettled bets in DB
[SETTLEMENT] Found 5738 unsettled bets in DB
[SETTLEMENT] Found 5738 unsettled bets in DB
[SETTLEMENT] Found 5746 unsettled bets in DB
[SETTLEMENT] Found 5746 unsettled bets in DB
[SETTLEMENT] Found 5754 unsettled bets in DB
[SETTLEMENT] Found 5754 unsettled bets in DB
[SETTLEMENT] Found 5762 unsettled bets in DB
[SETTLEMENT] Found 5762 unsettled bets in DB
[SETTLEMENT] Found 5770 unsettled bets in DB
[SETTLEMENT] Found 5774 unsettled bets in DB
[SETTLEMENT] Found 5778 unsettled bets in DB
[SETTLEMENT] Found 5778 unsettled bets in DB
[SETTLEMENT] Found 5786 unsettled bets in DB
[SETTLEMENT] Found 5786 unsettled bets in DB
[SETTLEMENT] Found 5794 unsettled bets in DB
[SETTLEMENT] Found 5794 unsettled bets in DB
[SETTLEMENT] Found 5802 unsettled bets in DB
[SETTLEMENT] Found 5802 unsettled bets in DB
[SETTLEMENT] Found 5810 unsettled bets in DB
[SETTLEMENT] Found 5810 unsettled bets in DB
[SETTLEMENT] Found 5818 unsettled bets in DB
[SETTLEMENT] Found 5818 unsettled bets in DB
[SETTLEMENT] Found 5826 unsettled bets in DB
[SETTLEMENT] Found 5826 unsettled bets in DB
[SETTLEMENT] Found 5834 unsettled bets in DB
[SETTLEMENT] Found 5838 unsettled bets in DB
[SETTLEMENT] Found 5842 unsettled bets in DB
[SETTLEMENT] Found 5842 unsettled bets in DB
[SETTLEMENT] Found 5850 unsettled bets in DB
[SETTLEMENT] Found 5850 unsettled bets in DB
[SETTLEMENT] Found 5858 unsettled bets in DB
[SETTLEMENT] Found 5858 unsettled bets in DB
[SETTLEMENT] Found 5866 unsettled bets in DB
[SETTLEMENT] Found 5866 unsettled bets in DB
[SETTLEMENT] Found 5874 unsettled bets in DB
[SETTLEMENT] Found 5874 unsettled bets in DB
[SETTLEMENT] Found 5882 unsettled bets in DB
[SETTLEMENT] Found 5882 unsettled bets in DB
[SETTLEMENT] Found 5890 unsettled bets in DB
[SETTLEMENT] Found 5890 unsettled bets in DB
[SETTLEMENT] Found 5898 unsettled bets in DB
[SETTLEMENT] Found 5902 unsettled bets in DB
[SETTLEMENT] Found 5906 unsettled bets in DB
[SETTLEMENT] Found 5910 unsettled bets in DB
[SETTLEMENT] Found 5914 unsettled bets in DB
[SETTLEMENT] Found 5914 unsettled bets in DB
[SETTLEMENT] Found 5922 unsettled bets in DB
[SETTLEMENT] Found 5922 unsettled bets in DB
[SETTLEMENT] Found 5930 unsettled bets in DB
[SETTLEMENT] Found 5930 unsettled bets in DB
[SETTLEMENT] Found 5938 unsettled bets in DB
[SETTLEMENT] Found 5938 unsettled bets in DB
[SETTLEMENT] Found 5946 unsettled bets in DB
[SETTLEMENT] Found 5946 unsettled bets in DB
[SETTLEMENT] Found 5954 unsettled bets in DB
[SETTLEMENT] Found 5954 unsettled bets in DB
[SETTLEMENT] Found 5962 unsettled bets in DB
[SETTLEMENT] Found 5966 unsettled bets in DB
[SETTLEMENT] Found 5970 unsettled bets in DB
[SETTLEMENT] Found 5970 unsettled bets in DB
[SETTLEMENT] Found 5978 unsettled bets in DB
[SETTLEMENT] Found 5978 unsettled bets in DB
[SETTLEMENT] Found 5986 unsettled bets in DB
[SETTLEMENT] Found 5986 unsettled bets in DB
[SETTLEMENT] Found 5994 unsettled bets in DB
[SETTLEMENT] Found 5994 unsettled bets in DB
[SETTLEMENT] Found 6002 unsettled bets in DB
[SETTLEMENT] Found 6002 unsettled bets in DB
[SETTLEMENT] Found 6010 unsettled bets in DB
[SETTLEMENT] Found 6010 unsettled bets in DB
[SETTLEMENT] Found 6018 unsettled bets in DB
[SETTLEMENT] Found 6018 unsettled bets in DB
[SETTLEMENT] Found 6026 unsettled bets in DB
[SETTLEMENT] Found 6026 unsettled bets in DB
[SETTLEMENT] Found 6034 unsettled bets in DB
[SETTLEMENT] Found 6038 unsettled bets in DB
[SETTLEMENT] Found 6042 unsettled bets in DB
[SETTLEMENT] Found 6042 unsettled bets in DB
[SETTLEMENT] Found 6050 unsettled bets in DB
[SETTLEMENT] Found 6050 unsettled bets in DB
[SETTLEMENT] Found 6058 unsettled bets in DB
[SETTLEMENT] Found 6058 unsettled bets in DB
[SETTLEMENT] Found 6066 unsettled bets in DB
[SETTLEMENT] Found 6066 unsettled bets in DB
[SETTLEMENT] Found 6074 unsettled bets in DB
[SETTLEMENT] Found 6074 unsettled bets in DB
[SETTLEMENT] Found 6082 unsettled bets in DB
[SETTLEMENT] Found 6082 unsettled bets in DB
[SETTLEMENT] Found 6090 unsettled bets in DB
[SETTLEMENT] Found 6090 unsettled bets in DB
[SETTLEMENT] Found 6098 unsettled bets in DB
[SETTLEMENT] Found 6098 unsettled bets in DB
[SETTLEMENT] Found 6106 unsettled bets in DB
[SETTLEMENT] Found 6106 unsettled bets in DB
[SETTLEMENT] Found 6114 unsettled bets in DB
[SETTLEMENT] Found 6114 unsettled bets in DB
[SETTLEMENT] Found 6122 unsettled bets in DB
[SETTLEMENT] Found 6122 unsettled bets in DB
[SETTLEMENT] Found 6130 unsettled bets in DB
[SETTLEMENT] Found 6130 unsettled bets in DB
[SETTLEMENT] Found 6138 unsettled bets in DB
[SETTLEMENT] Found 6138 unsettled bets in DB
[SETTLEMENT] Found 6146 unsettled bets in DB
[SETTLEMENT] Found 6146 unsettled bets in DB
[SETTLEMENT] Found 6154 unsettled bets in DB
[SETTLEMENT] Found 6154 unsettled bets in DB
[SETTLEMENT] Found 6162 unsettled bets in DB
[SETTLEMENT] Found 6162 unsettled bets in DB
[SETTLEMENT] Found 6170 unsettled bets in DB
[SETTLEMENT] Found 6170 unsettled bets in DB
[SETTLEMENT] Found 6178 unsettled bets in DB
[SETTLEMENT] Found 6182 unsettled bets in DB
[SETTLEMENT] Found 6186 unsettled bets in DB
[SETTLEMENT] Found 6186 unsettled bets in DB
[SETTLEMENT] Found 6194 unsettled bets in DB
[SETTLEMENT] Found 6194 unsettled bets in DB
[SETTLEMENT] Found 6202 unsettled bets in DB
[SETTLEMENT] Found 6202 unsettled bets in DB
[SETTLEMENT] Found 6210 unsettled bets in DB
[SETTLEMENT] Found 6210 unsettled bets in DB
[SETTLEMENT] Found 6218 unsettled bets in DB
[SETTLEMENT] Found 6218 unsettled bets in DB
[SETTLEMENT] Found 6226 unsettled bets in DB
[SETTLEMENT] Found 6226 unsettled bets in DB
[SETTLEMENT] Found 6234 unsettled bets in DB
[SETTLEMENT] Found 6234 unsettled bets in DB
[SETTLEMENT] Found 6242 unsettled bets in DB
[SETTLEMENT] Found 6242 unsettled bets in DB
[SETTLEMENT] Found 6250 unsettled bets in DB
[SETTLEMENT] Found 6250 unsettled bets in DB
[SETTLEMENT] Found 6258 unsettled bets in DB
[SETTLEMENT] Found 6258 unsettled bets in DB
[SETTLEMENT] Found 6266 unsettled bets in DB
[SETTLEMENT] Found 6266 unsettled bets in DB
[SETTLEMENT] Found 6274 unsettled bets in DB
[SETTLEMENT] Found 6274 unsettled bets in DB
[SETTLEMENT] Found 6282 unsettled bets in DB
[SETTLEMENT] Found 6282 unsettled bets in DB
[SETTLEMENT] Found 6290 unsettled bets in DB
[SETTLEMENT] Found 6290 unsettled bets in DB
[SETTLEMENT] Found 6298 unsettled bets in DB
[SETTLEMENT] Found 6298 unsettled bets in DB
[SETTLEMENT] Found 6306 unsettled bets in DB
[SETTLEMENT] Found 6306 unsettled bets in DB
[SETTLEMENT] Found 6314 unsettled bets in DB
[SETTLEMENT] Found 6314 unsettled bets in DB
[SETTLEMENT] Found 6322 unsettled bets in DB
[SETTLEMENT] Found 6322 unsettled bets in DB
[SETTLEMENT] Found 6330 unsettled bets in DB
[SETTLEMENT] Found 6330 unsettled bets in DB
[SETTLEMENT] Found 6338 unsettled bets in DB
[SETTLEMENT] Found 6338 unsettled bets in DB
[SETTLEMENT] Found 6346 unsettled bets in DB
[SETTLEMENT] Found 6346 unsettled bets in DB
[SETTLEMENT] Found 6354 unsettled bets in DB
[SETTLEMENT] Found 6354 unsettled bets in DB
[SETTLEMENT] Found 6362 unsettled bets in DB
[SETTLEMENT] Found 6362 unsettled bets in DB
[SETTLEMENT] Found 6370 unsettled bets in DB
[SETTLEMENT] Found 6370 unsettled bets in DB
[SETTLEMENT] Found 6378 unsettled bets in DB
[SETTLEMENT] Found 6378 unsettled bets in DB
[SETTLEMENT] Found 6386 unsettled bets in DB
[SETTLEMENT] Found 6386 unsettled bets in DB
[SETTLEMENT] Found 6394 unsettled bets in DB
[SETTLEMENT] Found 6394 unsettled bets in DB
[SETTLEMENT] Found 6402 unsettled bets in DB
[SETTLEMENT] Found 6402 unsettled bets in DB
[SETTLEMENT] Found 6410 unsettled bets in DB
[SETTLEMENT] Found 6410 unsettled bets in DB
[SETTLEMENT] Found 6418 unsettled bets in DB
[SETTLEMENT] Found 6418 unsettled bets in DB
[SETTLEMENT] Found 6426 unsettled bets in DB
[SETTLEMENT] Found 6426 unsettled bets in DB
[SETTLEMENT] Found 6434 unsettled bets in DB
[SETTLEMENT] Found 6434 unsettled bets in DB
[SETTLEMENT] Found 6442 unsettled bets in DB
[SETTLEMENT] Found 6446 unsettled bets in DB
[SETTLEMENT] Found 6450 unsettled bets in DB
[SETTLEMENT] Found 6454 unsettled bets in DB
[SETTLEMENT] Found 6458 unsettled bets in DB
[SETTLEMENT] Found 6458 unsettled bets in DB
[SETTLEMENT] Found 6466 unsettled bets in DB
[SETTLEMENT] Found 6466 unsettled bets in DB
[SETTLEMENT] Found 6474 unsettled bets in DB
[SETTLEMENT] Found 6474 unsettled bets in DB
[SETTLEMENT] Found 6482 unsettled bets in DB
[SETTLEMENT] Found 6482 unsettled bets in DB
[SETTLEMENT] Found 6490 unsettled bets in DB
[SETTLEMENT] Found 6490 unsettled bets in DB
[SETTLEMENT] Found 6498 unsettled bets in DB
[SETTLEMENT] Found 6498 unsettled bets in DB
[SETTLEMENT] Found 6506 unsettled bets in DB
[SETTLEMENT] Found 6506 unsettled bets in DB
[SETTLEMENT] Found 6514 unsettled bets in DB
[SETTLEMENT] Found 6514 unsettled bets in DB
[SETTLEMENT] Found 6522 unsettled bets in DB
[SETTLEMENT] Found 6522 unsettled bets in DB
[SETTLEMENT] Found 6530 unsettled bets in DB
[SETTLEMENT] Found 6534 unsettled bets in DB
[SETTLEMENT] Found 6538 unsettled bets in DB
[SETTLEMENT] Found 6542 unsettled bets in DB
[SETTLEMENT] Found 6542 unsettled bets in DB
[SETTLEMENT] Found 6550 unsettled bets in DB
[SETTLEMENT] Found 6550 unsettled bets in DB
[SETTLEMENT] Found 6558 unsettled bets in DB
[SETTLEMENT] Found 6558 unsettled bets in DB
[SETTLEMENT] Found 6558 unsettled bets in DB
[SETTLEMENT] Found 6566 unsettled bets in DB
[SETTLEMENT] Found 6566 unsettled bets in DB
[SETTLEMENT] Found 6574 unsettled bets in DB
[SETTLEMENT] Found 6574 unsettled bets in DB
[SETTLEMENT] Found 6582 unsettled bets in DB
[SETTLEMENT] Found 6586 unsettled bets in DB
[SETTLEMENT] Found 6590 unsettled bets in DB
[SETTLEMENT] Found 6590 unsettled bets in DB
[SETTLEMENT] Found 6598 unsettled bets in DB
[SETTLEMENT] Found 6598 unsettled bets in DB
[SETTLEMENT] Found 6606 unsettled bets in DB
[SETTLEMENT] Found 6606 unsettled bets in DB
[SETTLEMENT] Found 6614 unsettled bets in DB
[SETTLEMENT] Found 6618 unsettled bets in DB
[SETTLEMENT] Found 6622 unsettled bets in DB
[SETTLEMENT] Found 6622 unsettled bets in DB
[SETTLEMENT] Found 6630 unsettled bets in DB
[SETTLEMENT] Found 6630 unsettled bets in DB
[SETTLEMENT] Found 6638 unsettled bets in DB
[SETTLEMENT] Found 6638 unsettled bets in DB
[SETTLEMENT] Found 6646 unsettled bets in DB
[SETTLEMENT] Found 6646 unsettled bets in DB
[SETTLEMENT] Found 6654 unsettled bets in DB
[SETTLEMENT] Found 6654 unsettled bets in DB
[SETTLEMENT] Found 6662 unsettled bets in DB
[SETTLEMENT] Found 6662 unsettled bets in DB
[SETTLEMENT] Found 6670 unsettled bets in DB
[SETTLEMENT] Found 6670 unsettled bets in DB
[SETTLEMENT] Found 6678 unsettled bets in DB
[SETTLEMENT] Found 6678 unsettled bets in DB
[SETTLEMENT] Found 6686 unsettled bets in DB
[SETTLEMENT] Found 6690 unsettled bets in DB
[SETTLEMENT] Found 6694 unsettled bets in DB
[SETTLEMENT] Found 6694 unsettled bets in DB
[SETTLEMENT] Found 6702 unsettled bets in DB
[SETTLEMENT] Found 6702 unsettled bets in DB
[SETTLEMENT] Found 6710 unsettled bets in DB
[SETTLEMENT] Found 6710 unsettled bets in DB
[SETTLEMENT] Found 6718 unsettled bets in DB
[SETTLEMENT] Found 6718 unsettled bets in DB
[SETTLEMENT] Found 6726 unsettled bets in DB
[SETTLEMENT] Found 6726 unsettled bets in DB
[SETTLEMENT] Found 6734 unsettled bets in DB
[SETTLEMENT] Found 6734 unsettled bets in DB
[SETTLEMENT] Found 6742 unsettled bets in DB
[SETTLEMENT] Found 6742 unsettled bets in DB
[SETTLEMENT] Found 6750 unsettled bets in DB
[SETTLEMENT] Found 6750 unsettled bets in DB
[SETTLEMENT] Found 6758 unsettled bets in DB
[SETTLEMENT] Found 6758 unsettled bets in DB
[SETTLEMENT] Found 6766 unsettled bets in DB
[SETTLEMENT] Found 6766 unsettled bets in DB
[SETTLEMENT] Found 6774 unsettled bets in DB
[SETTLEMENT] Found 6774 unsettled bets in DB
[SETTLEMENT] Found 6782 unsettled bets in DB
[SETTLEMENT] Found 6782 unsettled bets in DB
[SETTLEMENT] Found 6790 unsettled bets in DB
[SETTLEMENT] Found 6790 unsettled bets in DB
[SETTLEMENT] Found 6798 unsettled bets in DB
[SETTLEMENT] Found 6798 unsettled bets in DB
[SETTLEMENT] Found 6806 unsettled bets in DB
[SETTLEMENT] Found 6806 unsettled bets in DB
[SETTLEMENT] Found 6814 unsettled bets in DB
[SETTLEMENT] Found 6814 unsettled bets in DB
[SETTLEMENT] Found 6822 unsettled bets in DB
[SETTLEMENT] Found 6822 unsettled bets in DB
[SETTLEMENT] Found 6830 unsettled bets in DB
[SETTLEMENT] Found 6831 unsettled bets in DB
[SETTLEMENT] Found 6838 unsettled bets in DB
[SETTLEMENT] Found 6838 unsettled bets in DB
[SETTLEMENT] Found 6846 unsettled bets in DB
[SETTLEMENT] Found 6846 unsettled bets in DB
[SETTLEMENT] Found 6854 unsettled bets in DB
[SETTLEMENT] Found 6854 unsettled bets in DB
[SETTLEMENT] Found 6862 unsettled bets in DB
[SETTLEMENT] Found 6862 unsettled bets in DB
[SETTLEMENT] Found 6870 unsettled bets in DB
[SETTLEMENT] Found 6870 unsettled bets in DB
[SETTLEMENT] Found 6878 unsettled bets in DB
[SETTLEMENT] Found 6879 unsettled bets in DB
[SETTLEMENT] Found 6886 unsettled bets in DB
[SETTLEMENT] Found 6886 unsettled bets in DB
[SETTLEMENT] Found 6894 unsettled bets in DB
[SETTLEMENT] Found 6894 unsettled bets in DB
[SETTLEMENT] Found 6902 unsettled bets in DB
[SETTLEMENT] Found 6902 unsettled bets in DB
[SETTLEMENT] Found 6910 unsettled bets in DB
[SETTLEMENT] Found 6910 unsettled bets in DB
[SETTLEMENT] Found 6918 unsettled bets in DB
[SETTLEMENT] Found 6918 unsettled bets in DB
[SETTLEMENT] Found 6926 unsettled bets in DB
[SETTLEMENT] Found 6926 unsettled bets in DB
[SETTLEMENT] Found 6934 unsettled bets in DB
[SETTLEMENT] Found 6934 unsettled bets in DB
[SETTLEMENT] Found 6942 unsettled bets in DB
[SETTLEMENT] Found 6942 unsettled bets in DB
[SETTLEMENT] Found 6950 unsettled bets in DB
[SETTLEMENT] Found 6950 unsettled bets in DB
[SETTLEMENT] Found 6958 unsettled bets in DB
[SETTLEMENT] Found 6958 unsettled bets in DB
[SETTLEMENT] Found 6966 unsettled bets in DB
[SETTLEMENT] Found 6966 unsettled bets in DB
[SETTLEMENT] Found 6974 unsettled bets in DB
[SETTLEMENT] Found 6974 unsettled bets in DB
[SETTLEMENT] Found 6982 unsettled bets in DB
[SETTLEMENT] Found 6982 unsettled bets in DB
[SETTLEMENT] Found 6990 unsettled bets in DB
[SETTLEMENT] Found 6990 unsettled bets in DB
[SETTLEMENT] Found 6998 unsettled bets in DB
[SETTLEMENT] Found 6998 unsettled bets in DB
[SETTLEMENT] Found 7006 unsettled bets in DB
[SETTLEMENT] Found 7006 unsettled bets in DB
[SETTLEMENT] Found 7014 unsettled bets in DB
[SETTLEMENT] Found 7014 unsettled bets in DB
[SETTLEMENT] Found 7022 unsettled bets in DB
[SETTLEMENT] Found 7022 unsettled bets in DB
[SETTLEMENT] Found 7030 unsettled bets in DB
[SETTLEMENT] Found 7030 unsettled bets in DB
[SETTLEMENT] Found 7038 unsettled bets in DB
[SETTLEMENT] Found 7042 unsettled bets in DB
[SETTLEMENT] Found 7046 unsettled bets in DB
[SETTLEMENT] Found 7050 unsettled bets in DB
[SETTLEMENT] Found 7054 unsettled bets in DB
[SETTLEMENT] Found 7054 unsettled bets in DB
[SETTLEMENT] Found 7062 unsettled bets in DB
[SETTLEMENT] Found 7062 unsettled bets in DB
[SETTLEMENT] Found 7070 unsettled bets in DB
[SETTLEMENT] Found 7070 unsettled bets in DB
[SETTLEMENT] Found 7078 unsettled bets in DB
[SETTLEMENT] Found 7078 unsettled bets in DB
[SETTLEMENT] Found 7086 unsettled bets in DB
[SETTLEMENT] Found 7086 unsettled bets in DB
[SETTLEMENT] Found 7094 unsettled bets in DB
[SETTLEMENT] Found 7094 unsettled bets in DB
[SETTLEMENT] Found 7102 unsettled bets in DB
[SETTLEMENT] Found 7102 unsettled bets in DB
[SETTLEMENT] Found 7110 unsettled bets in DB
[SETTLEMENT] Found 7110 unsettled bets in DB
[SETTLEMENT] Found 7118 unsettled bets in DB
[SETTLEMENT] Found 7118 unsettled bets in DB
[SETTLEMENT] Found 7126 unsettled bets in DB
[SETTLEMENT] Found 7126 unsettled bets in DB
[SETTLEMENT] Found 7134 unsettled bets in DB
[SETTLEMENT] Found 7134 unsettled bets in DB
[SETTLEMENT] Found 7142 unsettled bets in DB
[SETTLEMENT] Found 7142 unsettled bets in DB
[SETTLEMENT] Found 7150 unsettled bets in DB
[SETTLEMENT] Found 7150 unsettled bets in DB
[SETTLEMENT] Found 7158 unsettled bets in DB
[SETTLEMENT] Found 7158 unsettled bets in DB
[SETTLEMENT] Found 7166 unsettled bets in DB
[SETTLEMENT] Found 7166 unsettled bets in DB
[SETTLEMENT] Found 7174 unsettled bets in DB
[SETTLEMENT] Found 7174 unsettled bets in DB
[SETTLEMENT] Found 7182 unsettled bets in DB
[SETTLEMENT] Found 7186 unsettled bets in DB
[SETTLEMENT] Found 7190 unsettled bets in DB
[SETTLEMENT] Found 7190 unsettled bets in DB
[SETTLEMENT] Found 7198 unsettled bets in DB
[SETTLEMENT] Found 7198 unsettled bets in DB
[SETTLEMENT] Found 7206 unsettled bets in DB
[SETTLEMENT] Found 7206 unsettled bets in DB
[SETTLEMENT] Found 7214 unsettled bets in DB
[SETTLEMENT] Found 7216 unsettled bets in DB
[SETTLEMENT] Found 7222 unsettled bets in DB
[SETTLEMENT] Found 7222 unsettled bets in DB
[SETTLEMENT] Found 7230 unsettled bets in DB
[SETTLEMENT] Found 7230 unsettled bets in DB
[SETTLEMENT] Found 7238 unsettled bets in DB
[SETTLEMENT] Found 7238 unsettled bets in DB
[SETTLEMENT] Found 7246 unsettled bets in DB
[SETTLEMENT] Found 7247 unsettled bets in DB
[SETTLEMENT] Found 7254 unsettled bets in DB
[SETTLEMENT] Found 7254 unsettled bets in DB
[SETTLEMENT] Found 7262 unsettled bets in DB
[SETTLEMENT] Found 7262 unsettled bets in DB
[SETTLEMENT] Found 7270 unsettled bets in DB
[SETTLEMENT] Found 7270 unsettled bets in DB
[SETTLEMENT] Found 7278 unsettled bets in DB
[SETTLEMENT] Found 7280 unsettled bets in DB
[SETTLEMENT] Found 7286 unsettled bets in DB
[SETTLEMENT] Found 7286 unsettled bets in DB
[SETTLEMENT] Found 7294 unsettled bets in DB
[SETTLEMENT] Found 7294 unsettled bets in DB
[SETTLEMENT] Found 7302 unsettled bets in DB
[SETTLEMENT] Found 7302 unsettled bets in DB
[SETTLEMENT] Found 7310 unsettled bets in DB
[SETTLEMENT] Found 7311 unsettled bets in DB
[SETTLEMENT] Found 7318 unsettled bets in DB
[SETTLEMENT] Found 7318 unsettled bets in DB
[SETTLEMENT] Found 7326 unsettled bets in DB
[SETTLEMENT] Found 7326 unsettled bets in DB
[SETTLEMENT] Found 7334 unsettled bets in DB
[SETTLEMENT] Found 7334 unsettled bets in DB
[SETTLEMENT] Found 7342 unsettled bets in DB
[SETTLEMENT] Found 7342 unsettled bets in DB
[SETTLEMENT] Found 7350 unsettled bets in DB
[SETTLEMENT] Found 7350 unsettled bets in DB
[SETTLEMENT] Found 7358 unsettled bets in DB
[SETTLEMENT] Found 7362 unsettled bets in DB
[SETTLEMENT] Found 7366 unsettled bets in DB
[SETTLEMENT] Found 7366 unsettled bets in DB
[SETTLEMENT] Found 7374 unsettled bets in DB
[SETTLEMENT] Found 7374 unsettled bets in DB
[SETTLEMENT] Found 7382 unsettled bets in DB
[SETTLEMENT] Found 7382 unsettled bets in DB
[SETTLEMENT] Found 7390 unsettled bets in DB
[SETTLEMENT] Found 7390 unsettled bets in DB
[SETTLEMENT] Found 7398 unsettled bets in DB
[SETTLEMENT] Found 7398 unsettled bets in DB
[SETTLEMENT] Found 7406 unsettled bets in DB
[SETTLEMENT] Found 7406 unsettled bets in DB
[SETTLEMENT] Found 7414 unsettled bets in DB
[SETTLEMENT] Found 7414 unsettled bets in DB
[SETTLEMENT] Found 7422 unsettled bets in DB
[SETTLEMENT] Found 7426 unsettled bets in DB
[SETTLEMENT] Found 7430 unsettled bets in DB
[SETTLEMENT] Found 7430 unsettled bets in DB
[SETTLEMENT] Found 7438 unsettled bets in DB
[SETTLEMENT] Found 7438 unsettled bets in DB
[SETTLEMENT] Found 7446 unsettled bets in DB
[SETTLEMENT] Found 7446 unsettled bets in DB
[SETTLEMENT] Found 7454 unsettled bets in DB
[SETTLEMENT] Found 7454 unsettled bets in DB
[SETTLEMENT] Found 7462 unsettled bets in DB
[SETTLEMENT] Found 7464 unsettled bets in DB
[SETTLEMENT] Found 7470 unsettled bets in DB
[SETTLEMENT] Found 7470 unsettled bets in DB
[SETTLEMENT] Found 7478 unsettled bets in DB
[SETTLEMENT] Found 7478 unsettled bets in DB
[SETTLEMENT] Found 7486 unsettled bets in DB
[SETTLEMENT] Found 7486 unsettled bets in DB
[SETTLEMENT] Found 7494 unsettled bets in DB
[SETTLEMENT] Found 7494 unsettled bets in DB
[SETTLEMENT] Found 7502 unsettled bets in DB
[SETTLEMENT] Found 7502 unsettled bets in DB
[SETTLEMENT] Found 7510 unsettled bets in DB
[SETTLEMENT] Found 7513 unsettled bets in DB
[SETTLEMENT] Found 7518 unsettled bets in DB
[SETTLEMENT] Found 7518 unsettled bets in DB
[SETTLEMENT] Found 7526 unsettled bets in DB
[SETTLEMENT] Found 7526 unsettled bets in DB
[SETTLEMENT] Found 7534 unsettled bets in DB
[SETTLEMENT] Found 7534 unsettled bets in DB
[SETTLEMENT] Found 7542 unsettled bets in DB
[SETTLEMENT] Found 7546 unsettled bets in DB
[SETTLEMENT] Found 7550 unsettled bets in DB
[SETTLEMENT] Found 7550 unsettled bets in DB
[SETTLEMENT] Found 7558 unsettled bets in DB
[SETTLEMENT] Found 7558 unsettled bets in DB
[SETTLEMENT] Found 7566 unsettled bets in DB
[SETTLEMENT] Found 7566 unsettled bets in DB
[SETTLEMENT] Found 7574 unsettled bets in DB
[SETTLEMENT] Found 7574 unsettled bets in DB
[SETTLEMENT] Found 7582 unsettled bets in DB
[SETTLEMENT] Found 7582 unsettled bets in DB
[SETTLEMENT] Found 7590 unsettled bets in DB
[SETTLEMENT] Found 7590 unsettled bets in DB
[SETTLEMENT] Found 7598 unsettled bets in DB
[SETTLEMENT] Found 7598 unsettled bets in DB
[SETTLEMENT] Found 7606 unsettled bets in DB
[SETTLEMENT] Found 7606 unsettled bets in DB
[SETTLEMENT] Found 7614 unsettled bets in DB
[SETTLEMENT] Found 7614 unsettled bets in DB
[SETTLEMENT] Found 7622 unsettled bets in DB
[SETTLEMENT] Found 7622 unsettled bets in DB
[SETTLEMENT] Found 7630 unsettled bets in DB
[SETTLEMENT] Found 7634 unsettled bets in DB
[SETTLEMENT] Found 7638 unsettled bets in DB
[SETTLEMENT] Found 7642 unsettled bets in DB
[SETTLEMENT] Found 7646 unsettled bets in DB
[SETTLEMENT] Found 7646 unsettled bets in DB
[SETTLEMENT] Found 7654 unsettled bets in DB
[SETTLEMENT] Found 7654 unsettled bets in DB
[SETTLEMENT] Found 7662 unsettled bets in DB
[SETTLEMENT] Found 7662 unsettled bets in DB
[SETTLEMENT] Found 7670 unsettled bets in DB
[SETTLEMENT] Found 7670 unsettled bets in DB
[SETTLEMENT] Found 7678 unsettled bets in DB
[SETTLEMENT] Found 7678 unsettled bets in DB
[SETTLEMENT] Found 7686 unsettled bets in DB
[SETTLEMENT] Found 7686 unsettled bets in DB
[SETTLEMENT] Found 7694 unsettled bets in DB
[SETTLEMENT] Found 7694 unsettled bets in DB
[SETTLEMENT] Found 7702 unsettled bets in DB
[SETTLEMENT] Found 7702 unsettled bets in DB
[SETTLEMENT] Found 7710 unsettled bets in DB
[SETTLEMENT] Found 7710 unsettled bets in DB
[SETTLEMENT] Found 7718 unsettled bets in DB
[SETTLEMENT] Found 7718 unsettled bets in DB
[SETTLEMENT] Found 7726 unsettled bets in DB
[SETTLEMENT] Found 7726 unsettled bets in DB
[SETTLEMENT] Found 7734 unsettled bets in DB
[SETTLEMENT] Found 7738 unsettled bets in DB
[SETTLEMENT] Found 7742 unsettled bets in DB
[SETTLEMENT] Found 7742 unsettled bets in DB
[SETTLEMENT] Found 7750 unsettled bets in DB
[SETTLEMENT] Found 7750 unsettled bets in DB
[SETTLEMENT] Found 7758 unsettled bets in DB
[SETTLEMENT] Found 7758 unsettled bets in DB
[SETTLEMENT] Found 7766 unsettled bets in DB
[SETTLEMENT] Found 7766 unsettled bets in DB
[SETTLEMENT] Found 7774 unsettled bets in DB
[SETTLEMENT] Found 7774 unsettled bets in DB
[SETTLEMENT] Found 7782 unsettled bets in DB
[SETTLEMENT] Found 7782 unsettled bets in DB
[SETTLEMENT] Found 7790 unsettled bets in DB
[SETTLEMENT] Found 7794 unsettled bets in DB
[SETTLEMENT] Found 7798 unsettled bets in DB
[SETTLEMENT] Found 7798 unsettled bets in DB
[SETTLEMENT] Found 7806 unsettled bets in DB
[SETTLEMENT] Found 7806 unsettled bets in DB
[SETTLEMENT] Found 7814 unsettled bets in DB
[SETTLEMENT] Found 7814 unsettled bets in DB
[SETTLEMENT] Found 7822 unsettled bets in DB
[SETTLEMENT] Found 7822 unsettled bets in DB
[SETTLEMENT] Found 7830 unsettled bets in DB
[SETTLEMENT] Found 7830 unsettled bets in DB
[SETTLEMENT] Found 7838 unsettled bets in DB
[SETTLEMENT] Found 7838 unsettled bets in DB
[SETTLEMENT] Found 7846 unsettled bets in DB
[SETTLEMENT] Found 7846 unsettled bets in DB
[SETTLEMENT] Found 7854 unsettled bets in DB
[SETTLEMENT] Found 7854 unsettled bets in DB
[SETTLEMENT] Found 7862 unsettled bets in DB
[SETTLEMENT] Found 7862 unsettled bets in DB
[SETTLEMENT] Found 7870 unsettled bets in DB
[SETTLEMENT] Found 7870 unsettled bets in DB
[SETTLEMENT] Found 7878 unsettled bets in DB
[SETTLEMENT] Found 7878 unsettled bets in DB
[SETTLEMENT] Found 7886 unsettled bets in DB
[SETTLEMENT] Found 7886 unsettled bets in DB
[SETTLEMENT] Found 7894 unsettled bets in DB
[SETTLEMENT] Found 7894 unsettled bets in DB
[SETTLEMENT] Found 7902 unsettled bets in DB
[SETTLEMENT] Found 7902 unsettled bets in DB
[SETTLEMENT] Found 7910 unsettled bets in DB
[SETTLEMENT] Found 7910 unsettled bets in DB
[SETTLEMENT] Found 7918 unsettled bets in DB
[SETTLEMENT] Found 7922 unsettled bets in DB
[SETTLEMENT] Found 7926 unsettled bets in DB
[SETTLEMENT] Found 7926 unsettled bets in DB
[SETTLEMENT] Found 7934 unsettled bets in DB
[SETTLEMENT] Found 7934 unsettled bets in DB
[SETTLEMENT] Found 7942 unsettled bets in DB
[SETTLEMENT] Found 7942 unsettled bets in DB
[SETTLEMENT] Found 7950 unsettled bets in DB
[SETTLEMENT] Found 7950 unsettled bets in DB
[SETTLEMENT] Found 7958 unsettled bets in DB
[SETTLEMENT] Found 7961 unsettled bets in DB
[SETTLEMENT] Found 7966 unsettled bets in DB
[SETTLEMENT] Found 7966 unsettled bets in DB
[SETTLEMENT] Found 7974 unsettled bets in DB
[SETTLEMENT] Found 7974 unsettled bets in DB
[SETTLEMENT] Found 7982 unsettled bets in DB
[SETTLEMENT] Found 7982 unsettled bets in DB
[SETTLEMENT] Found 7990 unsettled bets in DB
[SETTLEMENT] Found 7991 unsettled bets in DB
[SETTLEMENT] Found 7998 unsettled bets in DB
[SETTLEMENT] Found 7998 unsettled bets in DB
[SETTLEMENT] Found 8006 unsettled bets in DB
[SETTLEMENT] Found 8006 unsettled bets in DB
[SETTLEMENT] Found 8014 unsettled bets in DB
[SETTLEMENT] Found 8014 unsettled bets in DB
[SETTLEMENT] Found 8022 unsettled bets in DB
[SETTLEMENT] Found 8022 unsettled bets in DB
[SETTLEMENT] Found 8030 unsettled bets in DB
[SETTLEMENT] Found 8030 unsettled bets in DB
[SETTLEMENT] Found 8038 unsettled bets in DB
[SETTLEMENT] Found 8038 unsettled bets in DB
[SETTLEMENT] Found 8046 unsettled bets in DB
[SETTLEMENT] Found 8046 unsettled bets in DB
[SETTLEMENT] Found 8054 unsettled bets in DB
[SETTLEMENT] Found 8054 unsettled bets in DB
[SETTLEMENT] Found 8062 unsettled bets in DB
[SETTLEMENT] Found 8062 unsettled bets in DB
[SETTLEMENT] Found 8070 unsettled bets in DB
[SETTLEMENT] Found 8070 unsettled bets in DB
[SETTLEMENT] Found 8078 unsettled bets in DB
[SETTLEMENT] Found 8080 unsettled bets in DB
[SETTLEMENT] Found 8086 unsettled bets in DB
[SETTLEMENT] Found 8087 unsettled bets in DB
[SETTLEMENT] Found 8094 unsettled bets in DB
[SETTLEMENT] Found 8094 unsettled bets in DB
[SETTLEMENT] Found 8102 unsettled bets in DB
[SETTLEMENT] Found 8102 unsettled bets in DB
[SETTLEMENT] Found 8110 unsettled bets in DB
[SETTLEMENT] Found 8110 unsettled bets in DB
[SETTLEMENT] Found 8118 unsettled bets in DB
[SETTLEMENT] Found 8118 unsettled bets in DB
[SETTLEMENT] Found 8126 unsettled bets in DB
[SETTLEMENT] Found 8126 unsettled bets in DB
[SETTLEMENT] Found 8134 unsettled bets in DB
[SETTLEMENT] Found 8134 unsettled bets in DB
[SETTLEMENT] Found 8142 unsettled bets in DB
[SETTLEMENT] Found 8142 unsettled bets in DB
[SETTLEMENT] Found 8150 unsettled bets in DB
[SETTLEMENT] Found 8150 unsettled bets in DB
[SETTLEMENT] Found 8158 unsettled bets in DB
[SETTLEMENT] Found 8158 unsettled bets in DB
[SETTLEMENT] Found 8166 unsettled bets in DB
[SETTLEMENT] Found 8166 unsettled bets in DB
[SETTLEMENT] Found 8174 unsettled bets in DB
[SETTLEMENT] Found 8174 unsettled bets in DB
[SETTLEMENT] Found 8182 unsettled bets in DB
[SETTLEMENT] Found 8182 unsettled bets in DB
[SETTLEMENT] Found 8190 unsettled bets in DB
[SETTLEMENT] Found 8190 unsettled bets in DB
[SETTLEMENT] Found 8198 unsettled bets in DB
[SETTLEMENT] Found 8198 unsettled bets in DB
[SETTLEMENT] Found 8206 unsettled bets in DB
[SETTLEMENT] Found 8206 unsettled bets in DB
[SETTLEMENT] Found 8214 unsettled bets in DB
[SETTLEMENT] Found 8214 unsettled bets in DB
[SETTLEMENT] Found 8222 unsettled bets in DB
[SETTLEMENT] Found 8222 unsettled bets in DB
[SETTLEMENT] Found 8230 unsettled bets in DB
[SETTLEMENT] Found 8230 unsettled bets in DB
[SETTLEMENT] Found 8238 unsettled bets in DB
[SETTLEMENT] Found 8238 unsettled bets in DB
[SETTLEMENT] Found 8246 unsettled bets in DB
[SETTLEMENT] Found 8246 unsettled bets in DB
[SETTLEMENT] Found 8254 unsettled bets in DB
[SETTLEMENT] Found 8254 unsettled bets in DB
[SETTLEMENT] Found 8262 unsettled bets in DB
[SETTLEMENT] Found 8262 unsettled bets in DB
[SETTLEMENT] Found 8270 unsettled bets in DB
[SETTLEMENT] Found 8270 unsettled bets in DB
[SETTLEMENT] Found 8278 unsettled bets in DB
[SETTLEMENT] Found 8278 unsettled bets in DB
[SETTLEMENT] Found 8286 unsettled bets in DB
[SETTLEMENT] Found 8286 unsettled bets in DB
[SETTLEMENT] Found 8294 unsettled bets in DB
[SETTLEMENT] Found 8294 unsettled bets in DB
[SETTLEMENT] Found 8302 unsettled bets in DB
[SETTLEMENT] Found 8302 unsettled bets in DB
[SETTLEMENT] Found 8310 unsettled bets in DB
[SETTLEMENT] Found 8310 unsettled bets in DB
[SETTLEMENT] Found 8318 unsettled bets in DB
[SETTLEMENT] Found 8320 unsettled bets in DB
[SETTLEMENT] Found 8326 unsettled bets in DB
[SETTLEMENT] Found 8326 unsettled bets in DB
[SETTLEMENT] Found 8334 unsettled bets in DB
[SETTLEMENT] Found 8334 unsettled bets in DB
[SETTLEMENT] Found 8342 unsettled bets in DB
[SETTLEMENT] Found 8342 unsettled bets in DB
[SETTLEMENT] Found 8350 unsettled bets in DB
[SETTLEMENT] Found 8354 unsettled bets in DB
[SETTLEMENT] Found 8358 unsettled bets in DB
[SETTLEMENT] Found 8358 unsettled bets in DB
[SETTLEMENT] Found 8366 unsettled bets in DB
[SETTLEMENT] Found 8366 unsettled bets in DB
[SETTLEMENT] Found 8374 unsettled bets in DB
[SETTLEMENT] Found 8378 unsettled bets in DB
[SETTLEMENT] Found 8382 unsettled bets in DB
[SETTLEMENT] Found 8386 unsettled bets in DB
[SETTLEMENT] Found 8390 unsettled bets in DB
[SETTLEMENT] Found 8394 unsettled bets in DB
[SETTLEMENT] Found 8398 unsettled bets in DB
[SETTLEMENT] Found 8398 unsettled bets in DB
[SETTLEMENT] Found 8406 unsettled bets in DB
[SETTLEMENT] Found 8406 unsettled bets in DB
[SETTLEMENT] Found 8414 unsettled bets in DB
[SETTLEMENT] Found 8414 unsettled bets in DB
[SETTLEMENT] Found 8422 unsettled bets in DB
[SETTLEMENT] Found 8422 unsettled bets in DB
[SETTLEMENT] Found 8430 unsettled bets in DB
[SETTLEMENT] Found 8434 unsettled bets in DB
[SETTLEMENT] Found 8438 unsettled bets in DB
[SETTLEMENT] Found 8438 unsettled bets in DB
[SETTLEMENT] Found 8446 unsettled bets in DB
[SETTLEMENT] Found 8446 unsettled bets in DB
[SETTLEMENT] Found 8454 unsettled bets in DB
[SETTLEMENT] Found 8454 unsettled bets in DB
[SETTLEMENT] Found 8462 unsettled bets in DB
[SETTLEMENT] Found 8466 unsettled bets in DB
[SETTLEMENT] Found 8470 unsettled bets in DB
[SETTLEMENT] Found 8474 unsettled bets in DB
[SETTLEMENT] Found 8478 unsettled bets in DB
[SETTLEMENT] Found 8478 unsettled bets in DB
[SETTLEMENT] Found 8486 unsettled bets in DB
[SETTLEMENT] Found 8486 unsettled bets in DB
[SETTLEMENT] Found 8494 unsettled bets in DB
[SETTLEMENT] Found 8494 unsettled bets in DB
[SETTLEMENT] Found 8502 unsettled bets in DB
[SETTLEMENT] Found 8502 unsettled bets in DB
[SETTLEMENT] Found 8510 unsettled bets in DB
[SETTLEMENT] Found 8514 unsettled bets in DB
[SETTLEMENT] Found 8518 unsettled bets in DB
[SETTLEMENT] Found 8518 unsettled bets in DB
[SETTLEMENT] Found 8526 unsettled bets in DB
[SETTLEMENT] Found 8526 unsettled bets in DB
[SETTLEMENT] Found 8534 unsettled bets in DB
[SETTLEMENT] Found 8534 unsettled bets in DB
[SETTLEMENT] Found 8542 unsettled bets in DB
[SETTLEMENT] Found 8546 unsettled bets in DB
[SETTLEMENT] Found 8550 unsettled bets in DB
[SETTLEMENT] Found 8550 unsettled bets in DB
[SETTLEMENT] Found 8558 unsettled bets in DB
[SETTLEMENT] Found 8558 unsettled bets in DB
[SETTLEMENT] Found 8566 unsettled bets in DB
[SETTLEMENT] Found 8568 unsettled bets in DB
[SETTLEMENT] Found 8574 unsettled bets in DB
[SETTLEMENT] Found 8574 unsettled bets in DB
[SETTLEMENT] Found 8582 unsettled bets in DB
[SETTLEMENT] Found 8582 unsettled bets in DB
[SETTLEMENT] Found 8590 unsettled bets in DB
[SETTLEMENT] Found 8594 unsettled bets in DB
[SETTLEMENT] Found 8598 unsettled bets in DB
[SETTLEMENT] Found 8598 unsettled bets in DB
[SETTLEMENT] Found 8606 unsettled bets in DB
[SETTLEMENT] Found 8606 unsettled bets in DB
[SETTLEMENT] Found 8614 unsettled bets in DB
[SETTLEMENT] Found 8614 unsettled bets in DB
[SETTLEMENT] Found 8622 unsettled bets in DB
[SETTLEMENT] Found 8622 unsettled bets in DB
[SETTLEMENT] Found 8630 unsettled bets in DB
[SETTLEMENT] Found 8630 unsettled bets in DB
[SETTLEMENT] Found 8638 unsettled bets in DB
[SETTLEMENT] Found 8638 unsettled bets in DB
[SETTLEMENT] Found 8646 unsettled bets in DB
[SETTLEMENT] Found 8646 unsettled bets in DB
[SETTLEMENT] Found 8654 unsettled bets in DB
[SETTLEMENT] Found 8654 unsettled bets in DB
[SETTLEMENT] Found 8662 unsettled bets in DB
[SETTLEMENT] Found 8662 unsettled bets in DB
[SETTLEMENT] Found 8670 unsettled bets in DB
[SETTLEMENT] Found 8670 unsettled bets in DB
[SETTLEMENT] Found 8678 unsettled bets in DB
[SETTLEMENT] Found 8678 unsettled bets in DB
[SETTLEMENT] Found 8686 unsettled bets in DB
[SETTLEMENT] Found 8686 unsettled bets in DB
[SETTLEMENT] Found 8694 unsettled bets in DB
[SETTLEMENT] Found 8694 unsettled bets in DB
[SETTLEMENT] Found 8702 unsettled bets in DB
[SETTLEMENT] Found 8702 unsettled bets in DB
[SETTLEMENT] Found 8710 unsettled bets in DB
[SETTLEMENT] Found 8710 unsettled bets in DB
[SETTLEMENT] Found 8718 unsettled bets in DB
[SETTLEMENT] Found 8718 unsettled bets in DB
[SETTLEMENT] Found 8726 unsettled bets in DB
[SETTLEMENT] Found 8726 unsettled bets in DB
[SETTLEMENT] Found 8734 unsettled bets in DB
[SETTLEMENT] Found 8734 unsettled bets in DB
[SETTLEMENT] Found 8742 unsettled bets in DB
[SETTLEMENT] Found 8743 unsettled bets in DB
[SETTLEMENT] Found 8750 unsettled bets in DB
[SETTLEMENT] Found 8751 unsettled bets in DB
[SETTLEMENT] Found 8758 unsettled bets in DB
[SETTLEMENT] Found 8758 unsettled bets in DB
[SETTLEMENT] Found 8766 unsettled bets in DB
[SETTLEMENT] Found 8766 unsettled bets in DB
[SETTLEMENT] Found 8774 unsettled bets in DB
[SETTLEMENT] Found 8774 unsettled bets in DB
[SETTLEMENT] Found 8782 unsettled bets in DB
[SETTLEMENT] Found 8783 unsettled bets in DB
[SETTLEMENT] Found 8790 unsettled bets in DB
[SETTLEMENT] Found 8790 unsettled bets in DB
[SETTLEMENT] Found 8798 unsettled bets in DB
[SETTLEMENT] Found 8798 unsettled bets in DB
[SETTLEMENT] Found 8806 unsettled bets in DB
[SETTLEMENT] Found 8806 unsettled bets in DB
[SETTLEMENT] Found 8814 unsettled bets in DB
[SETTLEMENT] Found 8814 unsettled bets in DB
[SETTLEMENT] Found 8822 unsettled bets in DB
[SETTLEMENT] Found 8822 unsettled bets in DB
[SETTLEMENT] Found 8830 unsettled bets in DB
[SETTLEMENT] Found 8830 unsettled bets in DB
[SETTLEMENT] Found 8838 unsettled bets in DB
[SETTLEMENT] Found 8838 unsettled bets in DB
[SETTLEMENT] Found 8846 unsettled bets in DB
[SETTLEMENT] Found 8847 unsettled bets in DB
[SETTLEMENT] Found 8854 unsettled bets in DB
[SETTLEMENT] Found 8854 unsettled bets in DB
[SETTLEMENT] Found 8862 unsettled bets in DB
[SETTLEMENT] Found 8862 unsettled bets in DB
[SETTLEMENT] Found 8870 unsettled bets in DB
[SETTLEMENT] Found 8870 unsettled bets in DB
[SETTLEMENT] Found 8878 unsettled bets in DB
[SETTLEMENT] Found 8878 unsettled bets in DB
[SETTLEMENT] Found 8886 unsettled bets in DB
[SETTLEMENT] Found 8886 unsettled bets in DB
[SETTLEMENT] Found 8894 unsettled bets in DB
[SETTLEMENT] Found 8894 unsettled bets in DB
[SETTLEMENT] Found 8902 unsettled bets in DB
[SETTLEMENT] Found 8902 unsettled bets in DB
[SETTLEMENT] Found 8910 unsettled bets in DB
[SETTLEMENT] Found 8910 unsettled bets in DB
[SETTLEMENT] Found 8918 unsettled bets in DB
[SETTLEMENT] Found 8918 unsettled bets in DB
[SETTLEMENT] Found 8926 unsettled bets in DB
[SETTLEMENT] Found 8926 unsettled bets in DB
[SETTLEMENT] Found 8934 unsettled bets in DB
[SETTLEMENT] Found 8934 unsettled bets in DB
[SETTLEMENT] Found 8942 unsettled bets in DB
[SETTLEMENT] Found 8946 unsettled bets in DB
[SETTLEMENT] Found 8946 unsettled bets in DB
[SETTLEMENT] Found 8954 unsettled bets in DB
[SETTLEMENT] Found 8958 unsettled bets in DB
[SETTLEMENT] Found 8962 unsettled bets in DB
[SETTLEMENT] Found 8962 unsettled bets in DB
[SETTLEMENT] Found 8970 unsettled bets in DB
[SETTLEMENT] Found 8970 unsettled bets in DB
[SETTLEMENT] Found 8978 unsettled bets in DB
[SETTLEMENT] Found 8978 unsettled bets in DB
[SETTLEMENT] Found 8986 unsettled bets in DB
[SETTLEMENT] Found 8987 unsettled bets in DB
[SETTLEMENT] Found 8994 unsettled bets in DB
[SETTLEMENT] Found 8994 unsettled bets in DB
[SETTLEMENT] Found 9002 unsettled bets in DB
[SETTLEMENT] Found 9002 unsettled bets in DB
[SETTLEMENT] Found 9010 unsettled bets in DB
[SETTLEMENT] Found 9010 unsettled bets in DB
[SETTLEMENT] Found 9018 unsettled bets in DB
[SETTLEMENT] Found 9018 unsettled bets in DB
[SETTLEMENT] Found 9026 unsettled bets in DB
[SETTLEMENT] Found 9026 unsettled bets in DB
[SETTLEMENT] Found 9028 unsettled bets in DB
[SETTLEMENT] Found 9028 unsettled bets in DB
[SETTLEMENT] Found 9030 unsettled bets in DB
[SETTLEMENT] Found 9030 unsettled bets in DB
[SETTLEMENT] Found 9032 unsettled bets in DB
[SETTLEMENT] Found 9032 unsettled bets in DB
[SETTLEMENT] Found 9034 unsettled bets in DB
[SETTLEMENT] Found 9034 unsettled bets in DB
[SETTLEMENT] Found 9036 unsettled bets in DB
[SETTLEMENT] Found 9036 unsettled bets in DB
[SETTLEMENT] Found 9038 unsettled bets in DB
[SETTLEMENT] Found 9038 unsettled bets in DB
[SETTLEMENT] Found 9040 unsettled bets in DB
[SETTLEMENT] Found 9040 unsettled bets in DB
[SETTLEMENT] Found 9042 unsettled bets in DB
[SETTLEMENT] Found 9042 unsettled bets in DB
[SETTLEMENT] Found 9044 unsettled bets in DB
[SETTLEMENT] Found 9044 unsettled bets in DB
[SETTLEMENT] Found 9046 unsettled bets in DB
[SETTLEMENT] Found 9046 unsettled bets in DB
[SETTLEMENT] Found 9048 unsettled bets in DB
[SETTLEMENT] Found 9048 unsettled bets in DB
[SETTLEMENT] Found 9050 unsettled bets in DB
[SETTLEMENT] Found 9050 unsettled bets in DB
[SETTLEMENT] Found 9052 unsettled bets in DB
[SETTLEMENT] Found 9052 unsettled bets in DB
[SETTLEMENT] Found 9054 unsettled bets in DB
[SETTLEMENT] Found 9054 unsettled bets in DB
[SETTLEMENT] Found 9056 unsettled bets in DB
[SETTLEMENT] Found 9056 unsettled bets in DB
[SETTLEMENT] Found 9058 unsettled bets in DB
[SETTLEMENT] Found 9058 unsettled bets in DB
[SETTLEMENT] Found 9060 unsettled bets in DB
[SETTLEMENT] Found 9060 unsettled bets in DB
[SETTLEMENT] Found 9062 unsettled bets in DB
[SETTLEMENT] Found 9063 unsettled bets in DB
[SETTLEMENT] Found 9064 unsettled bets in DB
[SETTLEMENT] Found 9064 unsettled bets in DB
[SETTLEMENT] Found 9066 unsettled bets in DB
[SETTLEMENT] Found 9066 unsettled bets in DB
[SETTLEMENT] Found 9068 unsettled bets in DB
[SETTLEMENT] Found 9068 unsettled bets in DB
[SETTLEMENT] Found 9070 unsettled bets in DB
[SETTLEMENT] Found 9070 unsettled bets in DB
[SETTLEMENT] Found 9072 unsettled bets in DB
[SETTLEMENT] Found 9072 unsettled bets in DB
[SETTLEMENT] Found 9074 unsettled bets in DB
[SETTLEMENT] Found 9074 unsettled bets in DB
[SETTLEMENT] Found 9076 unsettled bets in DB
[SETTLEMENT] Found 9076 unsettled bets in DB
[SETTLEMENT] Found 9078 unsettled bets in DB
[SETTLEMENT] Found 9078 unsettled bets in DB
[SETTLEMENT] Found 9080 unsettled bets in DB
[SETTLEMENT] Found 9080 unsettled bets in DB
[SETTLEMENT] Found 9082 unsettled bets in DB
[SETTLEMENT] Found 9082 unsettled bets in DB
[SETTLEMENT] Found 9084 unsettled bets in DB
[SETTLEMENT] Found 9084 unsettled bets in DB
[SETTLEMENT] Found 9086 unsettled bets in DB
[SETTLEMENT] Found 9086 unsettled bets in DB
[SETTLEMENT] Found 9088 unsettled bets in DB
[SETTLEMENT] Found 9088 unsettled bets in DB
[SETTLEMENT] Found 9090 unsettled bets in DB
[SETTLEMENT] Found 9090 unsettled bets in DB
[SETTLEMENT] Found 9092 unsettled bets in DB
[SETTLEMENT] Found 9092 unsettled bets in DB
[SETTLEMENT] Found 9094 unsettled bets in DB
[SETTLEMENT] Found 9094 unsettled bets in DB
[SETTLEMENT] Found 9096 unsettled bets in DB
[SETTLEMENT] Found 9096 unsettled bets in DB
[SETTLEMENT] Found 9098 unsettled bets in DB
[SETTLEMENT] Found 9098 unsettled bets in DB
[SETTLEMENT] Found 9100 unsettled bets in DB
[SETTLEMENT] Found 9100 unsettled bets in DB
[SETTLEMENT] Found 9102 unsettled bets in DB
[SETTLEMENT] Found 9102 unsettled bets in DB
[SETTLEMENT] Found 9104 unsettled bets in DB
[SETTLEMENT] Found 9104 unsettled bets in DB
[SETTLEMENT] Found 9106 unsettled bets in DB
[SETTLEMENT] Found 9106 unsettled bets in DB
[SETTLEMENT] Found 9108 unsettled bets in DB
[SETTLEMENT] Found 9108 unsettled bets in DB
[SETTLEMENT] Found 9110 unsettled bets in DB
[SETTLEMENT] Found 9110 unsettled bets in DB
[SETTLEMENT] Found 9112 unsettled bets in DB
[SETTLEMENT] Found 9112 unsettled bets in DB
[SETTLEMENT] Found 9114 unsettled bets in DB
[SETTLEMENT] Found 9114 unsettled bets in DB
[SETTLEMENT] Found 9116 unsettled bets in DB
[SETTLEMENT] Found 9116 unsettled bets in DB
[SETTLEMENT] Found 9118 unsettled bets in DB
[SETTLEMENT] Found 9118 unsettled bets in DB
[SETTLEMENT] Found 9120 unsettled bets in DB
[SETTLEMENT] Found 9120 unsettled bets in DB
[SETTLEMENT] Found 9122 unsettled bets in DB
[SETTLEMENT] Found 9123 unsettled bets in DB
[SETTLEMENT] Found 9124 unsettled bets in DB
[SETTLEMENT] Found 9124 unsettled bets in DB
[SETTLEMENT] Found 9126 unsettled bets in DB
[SETTLEMENT] Found 9126 unsettled bets in DB
[SETTLEMENT] Found 9128 unsettled bets in DB
[SETTLEMENT] Found 9129 unsettled bets in DB
[SETTLEMENT] Found 9130 unsettled bets in DB
[SETTLEMENT] Found 9130 unsettled bets in DB
[SETTLEMENT] Found 9132 unsettled bets in DB
[SETTLEMENT] Found 9132 unsettled bets in DB
[SETTLEMENT] Found 9134 unsettled bets in DB
[SETTLEMENT] Found 9134 unsettled bets in DB
[SETTLEMENT] Found 9136 unsettled bets in DB
[SETTLEMENT] Found 9136 unsettled bets in DB
[SETTLEMENT] Found 9138 unsettled bets in DB
[SETTLEMENT] Found 9138 unsettled bets in DB
[SETTLEMENT] Found 9140 unsettled bets in DB
[SETTLEMENT] Found 9140 unsettled bets in DB
[SETTLEMENT] Found 9142 unsettled bets in DB
[SETTLEMENT] Found 9142 unsettled bets in DB
[SETTLEMENT] Found 9144 unsettled bets in DB
[SETTLEMENT] Found 9144 unsettled bets in DB
[SETTLEMENT] Found 9146 unsettled bets in DB
[SETTLEMENT] Found 9146 unsettled bets in DB
[SETTLEMENT] Found 9148 unsettled bets in DB
[SETTLEMENT] Found 9148 unsettled bets in DB
[SETTLEMENT] Found 9150 unsettled bets in DB
[SETTLEMENT] Found 9150 unsettled bets in DB
[SETTLEMENT] Found 9152 unsettled bets in DB
[SETTLEMENT] Found 9152 unsettled bets in DB
[SETTLEMENT] Found 9154 unsettled bets in DB
[SETTLEMENT] Found 9154 unsettled bets in DB
[SETTLEMENT] Found 9156 unsettled bets in DB
[SETTLEMENT] Found 9157 unsettled bets in DB
[SETTLEMENT] Found 9158 unsettled bets in DB
[SETTLEMENT] Found 9159 unsettled bets in DB
[SETTLEMENT] Found 9159 unsettled bets in DB
[SETTLEMENT] Found 9161 unsettled bets in DB
[SETTLEMENT] Found 9161 unsettled bets in DB
[SETTLEMENT] Found 9163 unsettled bets in DB
[SETTLEMENT] Found 9163 unsettled bets in DB
[SETTLEMENT] Found 9165 unsettled bets in DB
[SETTLEMENT] Found 9165 unsettled bets in DB
[SETTLEMENT] Found 9167 unsettled bets in DB
[SETTLEMENT] Found 9167 unsettled bets in DB
[SETTLEMENT] Found 9169 unsettled bets in DB
[SETTLEMENT] Found 9169 unsettled bets in DB
[SETTLEMENT] Found 9171 unsettled bets in DB
[SETTLEMENT] Found 9171 unsettled bets in DB
[SETTLEMENT] Found 9173 unsettled bets in DB
[SETTLEMENT] Found 9173 unsettled bets in DB
[SETTLEMENT] Found 9175 unsettled bets in DB
[SETTLEMENT] Found 9175 unsettled bets in DB
[SETTLEMENT] Found 9177 unsettled bets in DB
[SETTLEMENT] Found 9177 unsettled bets in DB
[SETTLEMENT] Found 9179 unsettled bets in DB
[SETTLEMENT] Found 9179 unsettled bets in DB
[SETTLEMENT] Found 9181 unsettled bets in DB
[SETTLEMENT] Found 9181 unsettled bets in DB
[SETTLEMENT] Found 9183 unsettled bets in DB
[SETTLEMENT] Found 9183 unsettled bets in DB
[SETTLEMENT] Found 9185 unsettled bets in DB
[SETTLEMENT] Found 9185 unsettled bets in DB
[SETTLEMENT] Found 9187 unsettled bets in DB
[SETTLEMENT] Found 9187 unsettled bets in DB
[SETTLEMENT] Found 9189 unsettled bets in DB
[SETTLEMENT] Found 9189 unsettled bets in DB
[SETTLEMENT] Found 9191 unsettled bets in DB
[SETTLEMENT] Found 9191 unsettled bets in DB
[SETTLEMENT] Found 9194 unsettled bets in DB
[SETTLEMENT] Found 9194 unsettled bets in DB
INFO:     Shutting down
INFO:     Waiting for application shutdown.
[SETTLEMENT] Settlement Service shutting down
INFO:     Application shutdown complete.
INFO:     Finished server process [871156]
INFO:     Started server process [4005572]
INFO:     Waiting for application startup.
[SETTLEMENT] Settlement Service starting on :8004
INFO:     Application startup complete.
INFO:     Uvicorn running on http://0.0.0.0:8004 (Press CTRL+C to quit)
db_manager PostgreSQL connection pool initialized
[SETTLEMENT] Found 9 unsettled bets in DB
[SETTLEMENT] Found 9 unsettled bets in DB
[SETTLEMENT] Found 9 unsettled bets in DB
[SETTLEMENT] Found 9 unsettled bets in DB
[SETTLEMENT] Found 9 unsettled bets in DB
[SETTLEMENT] Found 9 unsettled bets in DB
[SETTLEMENT] Found 9 unsettled bets in DB
[SETTLEMENT] Found 9 unsettled bets in DB
[SETTLEMENT] Found 9 unsettled bets in DB
[SETTLEMENT] Found 9 unsettled bets in DB
[SETTLEMENT] Found 9 unsettled bets in DB
[SETTLEMENT] Found 9 unsettled bets in DB
[SETTLEMENT] Found 9 unsettled bets in DB
[SETTLEMENT] No unsettled bets found in DB
[SETTLEMENT] No unsettled bets found in DB
[SETTLEMENT] No unsettled bets found in DB
[SETTLEMENT] No unsettled bets found in DB
[SETTLEMENT] No unsettled bets found in DB
[SETTLEMENT] No unsettled bets found in DB
[SETTLEMENT] No unsettled bets found in DB
[SETTLEMENT] No unsettled bets found in DB
[SETTLEMENT] No unsettled bets found in DB
[SETTLEMENT] No unsettled bets found in DB
[SETTLEMENT] No unsettled bets found in DB
[SETTLEMENT] No unsettled bets found in DB
[SETTLEMENT] No unsettled bets found in DB
[SETTLEMENT] No unsettled bets found in DB
[SETTLEMENT] No unsettled bets found in DB
[SETTLEMENT] No unsettled bets found in DB
[SETTLEMENT] No unsettled bets found in DB
[SETTLEMENT] No unsettled bets found in DB
[SETTLEMENT] No unsettled bets found in DB
[SETTLEMENT] No unsettled bets found in DB
[SETTLEMENT] No unsettled bets found in DB
[SETTLEMENT] No unsettled bets found in DB
[SETTLEMENT] No unsettled bets found in DB
[SETTLEMENT] No unsettled bets found in DB
[SETTLEMENT] No unsettled bets found in DB
[SETTLEMENT] No unsettled bets found in DB
[SETTLEMENT] No unsettled bets found in DB
[SETTLEMENT] No unsettled bets found in DB
[SETTLEMENT] No unsettled bets found in DB
[SETTLEMENT] No unsettled bets found in DB
[SETTLEMENT] No unsettled bets found in DB
[SETTLEMENT] No unsettled bets found in DB
[SETTLEMENT] No unsettled bets found in DB
[SETTLEMENT] No unsettled bets found in DB
[SETTLEMENT] No unsettled bets found in DB
[SETTLEMENT] No unsettled bets found in DB
[SETTLEMENT] No unsettled bets found in DB
[SETTLEMENT] No unsettled bets found in DB
[SETTLEMENT] No unsettled bets found in DB
[SETTLEMENT] No unsettled bets found in DB
[SETTLEMENT] No unsettled bets found in DB
[SETTLEMENT] No unsettled bets found in DB
[SETTLEMENT] No unsettled bets found in DB
[SETTLEMENT] No unsettled bets found in DB
[SETTLEMENT] No unsettled bets found in DB
[SETTLEMENT] No unsettled bets found in DB
[SETTLEMENT] No unsettled bets found in DB
[SETTLEMENT] No unsettled bets found in DB
[SETTLEMENT] No unsettled bets found in DB
[SETTLEMENT] No unsettled bets found in DB
[SETTLEMENT] Found 1 unsettled bets in DB
[SETTLEMENT] Results not available yet for VFLM 5150 MD 10
[SETTLEMENT] Found 1 unsettled bets in DB
[SETTLEMENT] Results not available yet for VFLM 5150 MD 10
[SETTLEMENT] Found 1 unsettled bets in DB
[SETTLEMENT] Results not available yet for VFLM 5150 MD 10
[SETTLEMENT] Found 1 unsettled bets in DB
[SETTLEMENT] Results not available yet for VFLM 5150 MD 10
[SETTLEMENT] Found 1 unsettled bets in DB
[SETTLEMENT] Results not available yet for VFLM 5150 MD 10
[SETTLEMENT] Found 1 unsettled bets in DB
[SETTLEMENT] Results not available yet for VFLM 5150 MD 10
[SETTLEMENT] Found 1 unsettled bets in DB
[SETTLEMENT] Results not available yet for VFLM 5150 MD 10
[SETTLEMENT] Found 1 unsettled bets in DB
[SETTLEMENT] Results not available yet for VFLM 5150 MD 10
[SETTLEMENT] Found 1 unsettled bets in DB
[SETTLEMENT] Results not available yet for VFLM 5150 MD 10
[SETTLEMENT] Found 1 unsettled bets in DB
[SETTLEMENT] Results not available yet for VFLM 5150 MD 10
[SETTLEMENT] Found 1 unsettled bets in DB
[SETTLEMENT] Results not available yet for VFLM 5150 MD 10
[SETTLEMENT] Found 1 unsettled bets in DB
[SETTLEMENT] Results not available yet for VFLM 5150 MD 10
[SETTLEMENT] Found 1 unsettled bets in DB
[SETTLEMENT] Results not available yet for VFLM 5150 MD 10
[SETTLEMENT] Found 1 unsettled bets in DB
[SETTLEMENT] Results not available yet for VFLM 5150 MD 10
[SETTLEMENT] Found 1 unsettled bets in DB
[SETTLEMENT] Results not available yet for VFLM 5150 MD 10
[SETTLEMENT] Found 1 unsettled bets in DB
[SETTLEMENT] Results not available yet for VFLM 5150 MD 10
[SETTLEMENT] Found 1 unsettled bets in DB
[SETTLEMENT] Results not available yet for VFLM 5150 MD 10
[SETTLEMENT] Found 1 unsettled bets in DB
[SETTLEMENT] Results not available yet for VFLM 5150 MD 10
[SETTLEMENT] Found 1 unsettled bets in DB
[SETTLEMENT] Results not available yet for VFLM 5150 MD 10
[SETTLEMENT] Found 1 unsettled bets in DB
[SETTLEMENT] Results not available yet for VFLM 5150 MD 10
[SETTLEMENT] Found 1 unsettled bets in DB
[SETTLEMENT] Results not available yet for VFLM 5150 MD 10
[SETTLEMENT] Found 1 unsettled bets in DB
[SETTLEMENT] Results not available yet for VFLM 5150 MD 10
[SETTLEMENT] Found 1 unsettled bets in DB
[SETTLEMENT] Results not available yet for VFLM 5150 MD 10
[SETTLEMENT] Found 1 unsettled bets in DB
[SETTLEMENT] Results not available yet for VFLM 5150 MD 10
[SETTLEMENT] Found 1 unsettled bets in DB
[SETTLEMENT] Results not available yet for VFLM 5150 MD 10
[SETTLEMENT] Found 1 unsettled bets in DB
[SETTLEMENT] Results not available yet for VFLM 5150 MD 10
[SETTLEMENT] Found 1 unsettled bets in DB
[SETTLEMENT] Results not available yet for VFLM 5150 MD 10
[SETTLEMENT] Found 1 unsettled bets in DB
[SETTLEMENT] Results not available yet for VFLM 5150 MD 10
[SETTLEMENT] Found 1 unsettled bets in DB
[SETTLEMENT] Results not available yet for VFLM 5150 MD 10
[SETTLEMENT] Found 1 unsettled bets in DB
[SETTLEMENT] Results not available yet for VFLM 5150 MD 10
[SETTLEMENT] Found 1 unsettled bets in DB
[SETTLEMENT] Results not available yet for VFLM 5150 MD 10
[SETTLEMENT] Found 1 unsettled bets in DB
[SETTLEMENT] Results not available yet for VFLM 5150 MD 10
[SETTLEMENT] Found 1 unsettled bets in DB
[SETTLEMENT] Results not available yet for VFLM 5150 MD 10
[SETTLEMENT] Found 1 unsettled bets in DB
[SETTLEMENT] Results not available yet for VFLM 5150 MD 10
[SETTLEMENT] Found 1 unsettled bets in DB
[SETTLEMENT] Results not available yet for VFLM 5150 MD 10
[SETTLEMENT] Found 1 unsettled bets in DB
[SETTLEMENT] Results not available yet for VFLM 5150 MD 10
[SETTLEMENT] Found 1 unsettled bets in DB
[SETTLEMENT] Results not available yet for VFLM 5150 MD 10
[SETTLEMENT] Found 1 unsettled bets in DB
[SETTLEMENT] Results not available yet for VFLM 5150 MD 10
[SETTLEMENT] Found 1 unsettled bets in DB
[SETTLEMENT] Results not available yet for VFLM 5150 MD 10
[SETTLEMENT] Found 1 unsettled bets in DB
[SETTLEMENT] Results not available yet for VFLM 5150 MD 10
[SETTLEMENT] Found 1 unsettled bets in DB
[SETTLEMENT] Results not available yet for VFLM 5150 MD 10
[SETTLEMENT] Found 1 unsettled bets in DB
[SETTLEMENT] Results not available yet for VFLM 5150 MD 10
[SETTLEMENT] Found 1 unsettled bets in DB
[SETTLEMENT] Results not available yet for VFLM 5150 MD 10
[SETTLEMENT] Found 1 unsettled bets in DB
[SETTLEMENT] Results not available yet for VFLM 5150 MD 10
[SETTLEMENT] Found 1 unsettled bets in DB
[SETTLEMENT] Results not available yet for VFLM 5150 MD 10
[SETTLEMENT] Found 1 unsettled bets in DB
[SETTLEMENT] Results not available yet for VFLM 5150 MD 10
[SETTLEMENT] Found 1 unsettled bets in DB
[SETTLEMENT] Results not available yet for VFLM 5150 MD 10
[SETTLEMENT] Found 1 unsettled bets in DB
[SETTLEMENT] Results not available yet for VFLM 5150 MD 10
[SETTLEMENT] Found 1 unsettled bets in DB
[SETTLEMENT] Results not available yet for VFLM 5150 MD 10
[SETTLEMENT] Found 1 unsettled bets in DB
[SETTLEMENT] Results not available yet for VFLM 5150 MD 10
[SETTLEMENT] Found 1 unsettled bets in DB
[SETTLEMENT] Results not available yet for VFLM 5150 MD 10
[SETTLEMENT] Found 1 unsettled bets in DB
[SETTLEMENT] Results not available yet for VFLM 5150 MD 10
[SETTLEMENT] Found 1 unsettled bets in DB
[SETTLEMENT] Results not available yet for VFLM 5150 MD 10
[SETTLEMENT] Found 1 unsettled bets in DB
[SETTLEMENT] Results not available yet for VFLM 5150 MD 10
[SETTLEMENT] Found 1 unsettled bets in DB
[SETTLEMENT] Results not available yet for VFLM 5150 MD 10
[SETTLEMENT] Found 1 unsettled bets in DB
[SETTLEMENT] Results not available yet for VFLM 5150 MD 10
[SETTLEMENT] Found 1 unsettled bets in DB
[SETTLEMENT] Results not available yet for VFLM 5150 MD 10
[SETTLEMENT] Found 1 unsettled bets in DB
[SETTLEMENT] Results not available yet for VFLM 5150 MD 10
[SETTLEMENT] Found 1 unsettled bets in DB
[SETTLEMENT] Results not available yet for VFLM 5150 MD 10
[SETTLEMENT] Found 1 unsettled bets in DB
[SETTLEMENT] Results not available yet for VFLM 5150 MD 10
[SETTLEMENT] Found 1 unsettled bets in DB
[SETTLEMENT] Results not available yet for VFLM 5150 MD 10
[SETTLEMENT] Found 1 unsettled bets in DB
[SETTLEMENT] Results not available yet for VFLM 5150 MD 10
[SETTLEMENT] Found 1 unsettled bets in DB
[SETTLEMENT] Results not available yet for VFLM 5150 MD 10
[SETTLEMENT] Found 1 unsettled bets in DB
[SETTLEMENT] Results not available yet for VFLM 5150 MD 10
[SETTLEMENT] Found 1 unsettled bets in DB
[SETTLEMENT] Results not available yet for VFLM 5150 MD 10
[SETTLEMENT] Found 1 unsettled bets in DB
[SETTLEMENT] Results not available yet for VFLM 5150 MD 10
[SETTLEMENT] Found 1 unsettled bets in DB
[SETTLEMENT] Results not available yet for VFLM 5150 MD 10
[SETTLEMENT] Found 1 unsettled bets in DB
[SETTLEMENT] Results not available yet for VFLM 5150 MD 10
[SETTLEMENT] Found 1 unsettled bets in DB
[SETTLEMENT] Results not available yet for VFLM 5150 MD 10
[SETTLEMENT] Found 1 unsettled bets in DB
[SETTLEMENT] Results not available yet for VFLM 5150 MD 10
[SETTLEMENT] Found 1 unsettled bets in DB
[SETTLEMENT] Results not available yet for VFLM 5150 MD 10
[SETTLEMENT] Found 1 unsettled bets in DB
[SETTLEMENT] Results not available yet for VFLM 5150 MD 10
[SETTLEMENT] Found 1 unsettled bets in DB
[SETTLEMENT] Results not available yet for VFLM 5150 MD 10
[SETTLEMENT] Found 1 unsettled bets in DB
[SETTLEMENT] Results not available yet for VFLM 5150 MD 10
[SETTLEMENT] Found 1 unsettled bets in DB
[SETTLEMENT] Results not available yet for VFLM 5150 MD 10
[SETTLEMENT] Found 1 unsettled bets in DB
[SETTLEMENT] Results not available yet for VFLM 5150 MD 10
[SETTLEMENT] Found 1 unsettled bets in DB
[SETTLEMENT] Results not available yet for VFLM 5150 MD 10
[SETTLEMENT] Found 1 unsettled bets in DB
[SETTLEMENT] Results not available yet for VFLM 5150 MD 10
[SETTLEMENT] Found 1 unsettled bets in DB
[SETTLEMENT] Results not available yet for VFLM 5150 MD 10
[SETTLEMENT] Found 1 unsettled bets in DB
[SETTLEMENT] Results not available yet for VFLM 5150 MD 10
[SETTLEMENT] Found 1 unsettled bets in DB
[SETTLEMENT] Results not available yet for VFLM 5150 MD 10
[SETTLEMENT] Found 1 unsettled bets in DB
[SETTLEMENT] Results not available yet for VFLM 5150 MD 10
[SETTLEMENT] Found 1 unsettled bets in DB
[SETTLEMENT] Results not available yet for VFLM 5150 MD 10
[SETTLEMENT] Found 1 unsettled bets in DB
[SETTLEMENT] Results not available yet for VFLM 5150 MD 10
[SETTLEMENT] Found 1 unsettled bets in DB
[SETTLEMENT] Results not available yet for VFLM 5150 MD 10
[SETTLEMENT] Found 1 unsettled bets in DB
[SETTLEMENT] Results not available yet for VFLM 5150 MD 10
[SETTLEMENT] Found 1 unsettled bets in DB
[SETTLEMENT] Results not available yet for VFLM 5150 MD 10
[SETTLEMENT] Found 1 unsettled bets in DB
[SETTLEMENT] Results not available yet for VFLM 5150 MD 10
[SETTLEMENT] Found 1 unsettled bets in DB
[SETTLEMENT] Results not available yet for VFLM 5150 MD 10
[SETTLEMENT] Found 1 unsettled bets in DB
[SETTLEMENT] Results not available yet for VFLM 5150 MD 10
[SETTLEMENT] Found 1 unsettled bets in DB
[SETTLEMENT] Results not available yet for VFLM 5150 MD 10
[SETTLEMENT] Found 1 unsettled bets in DB
[SETTLEMENT] Results not available yet for VFLM 5150 MD 10
[SETTLEMENT] Found 1 unsettled bets in DB
[SETTLEMENT] Results not available yet for VFLM 5150 MD 10
[SETTLEMENT] Found 1 unsettled bets in DB
[SETTLEMENT] Results not available yet for VFLM 5150 MD 10
[SETTLEMENT] Found 1 unsettled bets in DB
[SETTLEMENT] Results not available yet for VFLM 5150 MD 10
[SETTLEMENT] Found 1 unsettled bets in DB
[SETTLEMENT] Results not available yet for VFLM 5150 MD 10
[SETTLEMENT] Found 1 unsettled bets in DB
[SETTLEMENT] Results not available yet for VFLM 5150 MD 10
[SETTLEMENT] Found 1 unsettled bets in DB
[SETTLEMENT] Results not available yet for VFLM 5150 MD 10
[SETTLEMENT] Found 1 unsettled bets in DB
[SETTLEMENT] Results not available yet for VFLM 5150 MD 10
[SETTLEMENT] Found 1 unsettled bets in DB
[SETTLEMENT] Results not available yet for VFLM 5150 MD 10
[SETTLEMENT] Found 1 unsettled bets in DB
[SETTLEMENT] Results not available yet for VFLM 5150 MD 10
[SETTLEMENT] Found 1 unsettled bets in DB
[SETTLEMENT] Results not available yet for VFLM 5150 MD 10
[SETTLEMENT] Found 1 unsettled bets in DB
[SETTLEMENT] Results not available yet for VFLM 5150 MD 10
[SETTLEMENT] Found 1 unsettled bets in DB
[SETTLEMENT] Results not available yet for VFLM 5150 MD 10
[SETTLEMENT] Found 1 unsettled bets in DB
[SETTLEMENT] Results not available yet for VFLM 5150 MD 10
[SETTLEMENT] Found 1 unsettled bets in DB
[SETTLEMENT] Results not available yet for VFLM 5150 MD 10
[SETTLEMENT] Found 1 unsettled bets in DB
[SETTLEMENT] Results not available yet for VFLM 5150 MD 10
[SETTLEMENT] Found 1 unsettled bets in DB
[SETTLEMENT] Results not available yet for VFLM 5150 MD 10
[SETTLEMENT] Found 1 unsettled bets in DB
[SETTLEMENT] Results not available yet for VFLM 5150 MD 10
[SETTLEMENT] Found 1 unsettled bets in DB
[SETTLEMENT] Results not available yet for VFLM 5150 MD 10
[SETTLEMENT] Found 1 unsettled bets in DB
[SETTLEMENT] Results not available yet for VFLM 5150 MD 10
[SETTLEMENT] Found 1 unsettled bets in DB
[SETTLEMENT] Results not available yet for VFLM 5150 MD 10
[SETTLEMENT] Found 1 unsettled bets in DB
[SETTLEMENT] Results not available yet for VFLM 5150 MD 10
[SETTLEMENT] Found 1 unsettled bets in DB
[SETTLEMENT] Results not available yet for VFLM 5150 MD 10
[SETTLEMENT] Found 1 unsettled bets in DB
[SETTLEMENT] Results not available yet for VFLM 5150 MD 10
[SETTLEMENT] Found 1 unsettled bets in DB
[SETTLEMENT] Results not available yet for VFLM 5150 MD 10
[SETTLEMENT] Found 1 unsettled bets in DB
[SETTLEMENT] Results not available yet for VFLM 5150 MD 10
[SETTLEMENT] Found 1 unsettled bets in DB
[SETTLEMENT] Results not available yet for VFLM 5150 MD 10
[SETTLEMENT] Found 1 unsettled bets in DB
[SETTLEMENT] Results not available yet for VFLM 5150 MD 10
[SETTLEMENT] Found 1 unsettled bets in DB
[SETTLEMENT] Results not available yet for VFLM 5150 MD 10
[SETTLEMENT] Found 1 unsettled bets in DB
[SETTLEMENT] Results not available yet for VFLM 5150 MD 10
[SETTLEMENT] Found 1 unsettled bets in DB
[SETTLEMENT] Results not available yet for VFLM 5150 MD 10
[SETTLEMENT] Found 1 unsettled bets in DB
[SETTLEMENT] Results not available yet for VFLM 5150 MD 10
[SETTLEMENT] Found 1 unsettled bets in DB
[SETTLEMENT] Results not available yet for VFLM 5150 MD 10
[SETTLEMENT] Found 1 unsettled bets in DB
[SETTLEMENT] Results not available yet for VFLM 5150 MD 10
[SETTLEMENT] Found 1 unsettled bets in DB
[SETTLEMENT] Results not available yet for VFLM 5150 MD 10
[SETTLEMENT] Found 1 unsettled bets in DB
[SETTLEMENT] Results not available yet for VFLM 5150 MD 10
[SETTLEMENT] Found 1 unsettled bets in DB
[SETTLEMENT] Results not available yet for VFLM 5150 MD 10
[SETTLEMENT] Found 1 unsettled bets in DB
[SETTLEMENT] Results not available yet for VFLM 5150 MD 10
[SETTLEMENT] Found 1 unsettled bets in DB
[SETTLEMENT] Results not available yet for VFLM 5150 MD 10
[SETTLEMENT] Found 1 unsettled bets in DB
[SETTLEMENT] Results not available yet for VFLM 5150 MD 10
[SETTLEMENT] Found 1 unsettled bets in DB
[SETTLEMENT] Results not available yet for VFLM 5150 MD 10
[SETTLEMENT] Found 1 unsettled bets in DB
[SETTLEMENT] Results not available yet for VFLM 5150 MD 10
[SETTLEMENT] Found 1 unsettled bets in DB
[SETTLEMENT] Results not available yet for VFLM 5150 MD 10
[SETTLEMENT] Found 1 unsettled bets in DB
[SETTLEMENT] Results not available yet for VFLM 5150 MD 10
[SETTLEMENT] Found 1 unsettled bets in DB
[SETTLEMENT] Results not available yet for VFLM 5150 MD 10
[SETTLEMENT] Found 1 unsettled bets in DB
[SETTLEMENT] Results not available yet for VFLM 5150 MD 10
[SETTLEMENT] Found 1 unsettled bets in DB
[SETTLEMENT] Results not available yet for VFLM 5150 MD 10
[SETTLEMENT] Found 1 unsettled bets in DB
[SETTLEMENT] Results not available yet for VFLM 5150 MD 10
[SETTLEMENT] Found 1 unsettled bets in DB
[SETTLEMENT] Results not available yet for VFLM 5150 MD 10
[SETTLEMENT] Found 1 unsettled bets in DB
[SETTLEMENT] Results not available yet for VFLM 5150 MD 10
[SETTLEMENT] Found 1 unsettled bets in DB
[SETTLEMENT] Results not available yet for VFLM 5150 MD 10
[SETTLEMENT] Found 1 unsettled bets in DB
[SETTLEMENT] Results not available yet for VFLM 5150 MD 10
[SETTLEMENT] Found 1 unsettled bets in DB
[SETTLEMENT] Results not available yet for VFLM 5150 MD 10
[SETTLEMENT] Found 1 unsettled bets in DB
[SETTLEMENT] Results not available yet for VFLM 5150 MD 10
[SETTLEMENT] Found 1 unsettled bets in DB
[SETTLEMENT] Results not available yet for VFLM 5150 MD 10
[SETTLEMENT] Found 1 unsettled bets in DB
[SETTLEMENT] Results not available yet for VFLM 5150 MD 10
[SETTLEMENT] Found 1 unsettled bets in DB
[SETTLEMENT] Results not available yet for VFLM 5150 MD 10
[SETTLEMENT] Found 1 unsettled bets in DB
[SETTLEMENT] Results not available yet for VFLM 5150 MD 10
[SETTLEMENT] Found 1 unsettled bets in DB
[SETTLEMENT] Results not available yet for VFLM 5150 MD 10
[SETTLEMENT] Found 1 unsettled bets in DB
[SETTLEMENT] Results not available yet for VFLM 5150 MD 10
[SETTLEMENT] Found 1 unsettled bets in DB
[SETTLEMENT] Results not available yet for VFLM 5150 MD 10
[SETTLEMENT] Found 1 unsettled bets in DB
[SETTLEMENT] Results not available yet for VFLM 5150 MD 10
[SETTLEMENT] Found 1 unsettled bets in DB
[SETTLEMENT] Results not available yet for VFLM 5150 MD 10
[SETTLEMENT] Found 1 unsettled bets in DB
[SETTLEMENT] Results not available yet for VFLM 5150 MD 10
[SETTLEMENT] Found 1 unsettled bets in DB
[SETTLEMENT] Results not available yet for VFLM 5150 MD 10
[SETTLEMENT] Found 1 unsettled bets in DB
[SETTLEMENT] Results not available yet for VFLM 5150 MD 10
[SETTLEMENT] Found 1 unsettled bets in DB
[SETTLEMENT] Results not available yet for VFLM 5150 MD 10
[SETTLEMENT] Found 1 unsettled bets in DB
[SETTLEMENT] Results not available yet for VFLM 5150 MD 10
[SETTLEMENT] Found 1 unsettled bets in DB
[SETTLEMENT] Results not available yet for VFLM 5150 MD 10
[SETTLEMENT] Found 1 unsettled bets in DB
[SETTLEMENT] Results not available yet for VFLM 5150 MD 10
[SETTLEMENT] Found 1 unsettled bets in DB
[SETTLEMENT] Results not available yet for VFLM 5150 MD 10
[SETTLEMENT] Found 1 unsettled bets in DB
[SETTLEMENT] Results not available yet for VFLM 5150 MD 10
[SETTLEMENT] Found 1 unsettled bets in DB
[SETTLEMENT] Results not available yet for VFLM 5150 MD 10
[SETTLEMENT] Found 1 unsettled bets in DB
[SETTLEMENT] Results not available yet for VFLM 5150 MD 10
[SETTLEMENT] Found 1 unsettled bets in DB
[SETTLEMENT] Results not available yet for VFLM 5150 MD 10
[SETTLEMENT] Found 1 unsettled bets in DB
[SETTLEMENT] Results not available yet for VFLM 5150 MD 10
[SETTLEMENT] Found 1 unsettled bets in DB
[SETTLEMENT] Results not available yet for VFLM 5150 MD 10
[SETTLEMENT] Found 1 unsettled bets in DB
[SETTLEMENT] Results not available yet for VFLM 5150 MD 10
[SETTLEMENT] Found 1 unsettled bets in DB
[SETTLEMENT] Results not available yet for VFLM 5150 MD 10
[SETTLEMENT] Found 1 unsettled bets in DB
[SETTLEMENT] Results not available yet for VFLM 5150 MD 10
[SETTLEMENT] Found 1 unsettled bets in DB
[SETTLEMENT] Results not available yet for VFLM 5150 MD 10
[SETTLEMENT] Found 1 unsettled bets in DB
[SETTLEMENT] Results not available yet for VFLM 5150 MD 10
[SETTLEMENT] Found 1 unsettled bets in DB
[SETTLEMENT] Results not available yet for VFLM 5150 MD 10
[SETTLEMENT] Found 1 unsettled bets in DB
[SETTLEMENT] Results not available yet for VFLM 5150 MD 10
[SETTLEMENT] Found 1 unsettled bets in DB
[SETTLEMENT] Results not available yet for VFLM 5150 MD 10
[SETTLEMENT] Found 1 unsettled bets in DB
[SETTLEMENT] Results not available yet for VFLM 5150 MD 10
[SETTLEMENT] Found 1 unsettled bets in DB
[SETTLEMENT] Results not available yet for VFLM 5150 MD 10
[SETTLEMENT] Found 1 unsettled bets in DB
[SETTLEMENT] Results not available yet for VFLM 5150 MD 10
[SETTLEMENT] Found 1 unsettled bets in DB
[SETTLEMENT] Results not available yet for VFLM 5150 MD 10
[SETTLEMENT] Found 1 unsettled bets in DB
[SETTLEMENT] Results not available yet for VFLM 5150 MD 10
[SETTLEMENT] Found 1 unsettled bets in DB
[SETTLEMENT] Results not available yet for VFLM 5150 MD 10
[SETTLEMENT] Found 1 unsettled bets in DB
[SETTLEMENT] Results not available yet for VFLM 5150 MD 10
[SETTLEMENT] Found 1 unsettled bets in DB
[SETTLEMENT] Results not available yet for VFLM 5150 MD 10
[SETTLEMENT] Found 1 unsettled bets in DB
[SETTLEMENT] Results not available yet for VFLM 5150 MD 10
[SETTLEMENT] Found 1 unsettled bets in DB
[SETTLEMENT] Results not available yet for VFLM 5150 MD 10
[SETTLEMENT] Found 1 unsettled bets in DB
[SETTLEMENT] Results not available yet for VFLM 5150 MD 10
[SETTLEMENT] Found 1 unsettled bets in DB
[SETTLEMENT] Results not available yet for VFLM 5150 MD 10
[SETTLEMENT] Found 1 unsettled bets in DB
[SETTLEMENT] Results not available yet for VFLM 5150 MD 10
[SETTLEMENT] Found 1 unsettled bets in DB
[SETTLEMENT] Results not available yet for VFLM 5150 MD 10
[SETTLEMENT] Found 1 unsettled bets in DB
[SETTLEMENT] Results not available yet for VFLM 5150 MD 10
[SETTLEMENT] Found 1 unsettled bets in DB
[SETTLEMENT] Results not available yet for VFLM 5150 MD 10
[SETTLEMENT] Found 1 unsettled bets in DB
[SETTLEMENT] Results not available yet for VFLM 5150 MD 10
[SETTLEMENT] Found 1 unsettled bets in DB
[SETTLEMENT] Results not available yet for VFLM 5150 MD 10
[SETTLEMENT] Found 1 unsettled bets in DB
[SETTLEMENT] Results not available yet for VFLM 5150 MD 10
[SETTLEMENT] Found 1 unsettled bets in DB
[SETTLEMENT] Results not available yet for VFLM 5150 MD 10
[SETTLEMENT] Found 1 unsettled bets in DB
[SETTLEMENT] Results not available yet for VFLM 5150 MD 10
[SETTLEMENT] Found 1 unsettled bets in DB
INFO:     Shutting down
INFO:     Waiting for application shutdown.
[SETTLEMENT] Settlement Service shutting down
INFO:     Application shutdown complete.
INFO:     Finished server process [4005572]
INFO:     Started server process [351243]
INFO:     Waiting for application startup.
[SETTLEMENT] Settlement Service starting on :8004
INFO:     Application startup complete.
INFO:     Uvicorn running on http://0.0.0.0:8004 (Press CTRL+C to quit)
db_manager PostgreSQL connection pool initialized
[SETTLEMENT] No unsettled bets found in DB
[SETTLEMENT] Found 1 unsettled bets in DB
[SETTLEMENT] Results not available yet for VFLM 5195 MD 21
[SETTLEMENT] Found 2 unsettled bets in DB
[SETTLEMENT] Results not available yet for VFLM 5195 MD 23
[SETTLEMENT] Found 1 unsettled bets in DB
[SETTLEMENT] Results not available yet for VFLM 5195 MD 23
[SETTLEMENT] Found 2 unsettled bets in DB
[SETTLEMENT] Results not available yet for VFLM 5195 MD 24
INFO:     Shutting down
INFO:     Waiting for application shutdown.
[SETTLEMENT] Settlement Service shutting down
INFO:     Application shutdown complete.
INFO:     Finished server process [351243]
INFO:     Started server process [361055]
INFO:     Waiting for application startup.
[SETTLEMENT] Settlement Service starting on :8004
INFO:     Application startup complete.
INFO:     Uvicorn running on http://0.0.0.0:8004 (Press CTRL+C to quit)
db_manager PostgreSQL connection pool initialized
[SETTLEMENT] Found 2 unsettled bets in DB
[SETTLEMENT] Results not available yet for VFLM 5195 MD 24
[SETTLEMENT] Results not available yet for VFLM 5195 MD 25
[SETTLEMENT] Found 3 unsettled bets in DB
[SETTLEMENT] Settlement failed: name 'matches' is not defined
[SETTLEMENT] Found 4 unsettled bets in DB
[SETTLEMENT] Settlement failed: name 'matches' is not defined
[SETTLEMENT] Found 5 unsettled bets in DB
[SETTLEMENT] Settlement failed: name 'matches' is not defined
[SETTLEMENT] Found 6 unsettled bets in DB
[SETTLEMENT] Settlement failed: name 'matches' is not defined
[SETTLEMENT] Found 7 unsettled bets in DB
[SETTLEMENT] Settlement failed: name 'matches' is not defined
[SETTLEMENT] Found 8 unsettled bets in DB
[SETTLEMENT] Settlement failed: name 'matches' is not defined
INFO:     Shutting down
INFO:     Waiting for application shutdown.
[SETTLEMENT] Settlement Service shutting down
INFO:     Application shutdown complete.
INFO:     Finished server process [361055]
INFO:     Started server process [375140]
INFO:     Waiting for application startup.
[SETTLEMENT] Settlement Service starting on :8004
INFO:     Application startup complete.
INFO:     Uvicorn running on http://0.0.0.0:8004 (Press CTRL+C to quit)
db_manager PostgreSQL connection pool initialized
[SETTLEMENT] Found 8 unsettled bets in DB
[SETTLEMENT] Settlement failed: name 'matches' is not defined
[SETTLEMENT] Found 8 unsettled bets in DB
[SETTLEMENT] Settlement failed: name 'matches' is not defined
[SETTLEMENT] Found 9 unsettled bets in DB
[SETTLEMENT] Settlement failed: name 'matches' is not defined
[SETTLEMENT] Found 10 unsettled bets in DB
[SETTLEMENT] Settlement failed: name 'matches' is not defined
[SETTLEMENT] Found 11 unsettled bets in DB
[SETTLEMENT] Settlement failed: name 'matches' is not defined
[SETTLEMENT] Found 12 unsettled bets in DB
[SETTLEMENT] Settlement failed: name 'matches' is not defined
[SETTLEMENT] Found 13 unsettled bets in DB
[SETTLEMENT] Settlement failed: name 'matches' is not defined
[SETTLEMENT] Found 14 unsettled bets in DB
[SETTLEMENT] Settlement failed: name 'matches' is not defined
[SETTLEMENT] Found 15 unsettled bets in DB
[SETTLEMENT] Settlement failed: name 'matches' is not defined
[SETTLEMENT] Found 15 unsettled bets in DB
[SETTLEMENT] Settlement failed: name 'matches' is not defined
[SETTLEMENT] Found 15 unsettled bets in DB
[SETTLEMENT] Settlement failed: name 'matches' is not defined
[SETTLEMENT] Found 15 unsettled bets in DB
[SETTLEMENT] Settlement failed: name 'matches' is not defined
[SETTLEMENT] Found 15 unsettled bets in DB
[SETTLEMENT] Settlement failed: name 'matches' is not defined
[SETTLEMENT] Found 15 unsettled bets in DB
[SETTLEMENT] Settlement failed: name 'matches' is not defined
[SETTLEMENT] Found 15 unsettled bets in DB
[SETTLEMENT] Settlement failed: name 'matches' is not defined
[SETTLEMENT] Found 15 unsettled bets in DB
[SETTLEMENT] Settlement failed: name 'matches' is not defined
INFO:     Shutting down
INFO:     Waiting for application shutdown.
[SETTLEMENT] Settlement Service shutting down
INFO:     Application shutdown complete.
INFO:     Finished server process [375140]
INFO:     Started server process [411662]
INFO:     Waiting for application startup.
[SETTLEMENT] Settlement Service starting on :8004
INFO:     Application startup complete.
INFO:     Uvicorn running on http://0.0.0.0:8004 (Press CTRL+C to quit)
db_manager PostgreSQL connection pool initialized
[SETTLEMENT] Found 15 unsettled bets in DB
[SETTLEMENT] Found 1 unsettled bets in DB
[SETTLEMENT] Results not available yet for VFLM 5196 MD 14
[SETTLEMENT] Found 2 unsettled bets in DB
[SETTLEMENT] Results not available yet for VFLM 5196 MD 16
INFO:     Shutting down
INFO:     Waiting for application shutdown.
[SETTLEMENT] Settlement Service shutting down
INFO:     Application shutdown complete.
INFO:     Finished server process [411662]
INFO:     Started server process [414701]
INFO:     Waiting for application startup.
[SETTLEMENT] Settlement Service starting on :8004
INFO:     Application startup complete.
INFO:     Uvicorn running on http://0.0.0.0:8004 (Press CTRL+C to quit)
db_manager PostgreSQL connection pool initialized
[SETTLEMENT] Found 1 unsettled bets in DB
[SETTLEMENT] Results not available yet for VFLM 5196 MD 16
[SETTLEMENT] Found 94234 unsettled predictions in DB
[SETTLEMENT] Results not available yet for predictions in VFLM 5144 MD 2
[SETTLEMENT] Results not available yet for predictions in VFLM 5144 MD 3
[SETTLEMENT] Results not available yet for predictions in VFLM 5144 MD 4
[SETTLEMENT] Results not available yet for predictions in VFLM 5144 MD 5
[SETTLEMENT] Results not available yet for predictions in VFLM 5144 MD 16
[SETTLEMENT] Results not available yet for predictions in VFLM 5144 MD 6
[SETTLEMENT] Results not available yet for predictions in VFLM 5144 MD 7
[SETTLEMENT] Results not available yet for predictions in VFLM 5144 MD 8
[SETTLEMENT] Results not available yet for predictions in VFLM 5144 MD 9
[SETTLEMENT] Results not available yet for predictions in VFLM 5144 MD 10
[SETTLEMENT] Results not available yet for predictions in VFLM 5144 MD 11
[SETTLEMENT] Results not available yet for predictions in VFLM 5144 MD 12
[SETTLEMENT] Results not available yet for predictions in VFLM 5144 MD 13
[SETTLEMENT] Results not available yet for predictions in VFLM 5144 MD 14
[SETTLEMENT] Results not available yet for predictions in VFLM 5144 MD 17
[SETTLEMENT] Results not available yet for predictions in VFLM 5144 MD 15
[SETTLEMENT] Results not available yet for predictions in VFLM 5144 MD 18
[SETTLEMENT] Results not available yet for predictions in VFLM 5144 MD 19
[SETTLEMENT] Results not available yet for predictions in VFLM 5144 MD 20
[SETTLEMENT] Results not available yet for predictions in VFLM 5145 MD 1
[SETTLEMENT] Results not available yet for predictions in VFLM 5144 MD 21
[SETTLEMENT] Results not available yet for predictions in VFLM 5144 MD 22
[SETTLEMENT] Results not available yet for predictions in VFLM 5144 MD 23
[SETTLEMENT] Results not available yet for predictions in VFLM 5144 MD 24
[SETTLEMENT] Results not available yet for predictions in VFLM 5144 MD 25
[SETTLEMENT] Results not available yet for predictions in VFLM 5144 MD 26
[SETTLEMENT] Results not available yet for predictions in VFLM 5144 MD 27
[SETTLEMENT] Results not available yet for predictions in VFLM 5145 MD 2
[SETTLEMENT] Results not available yet for predictions in VFLM 5144 MD 28
[SETTLEMENT] Results not available yet for predictions in VFLM 5144 MD 29
[SETTLEMENT] Results not available yet for predictions in VFLM 5144 MD 30
[SETTLEMENT] Results not available yet for predictions in VFLM 5146 MD 6
[SETTLEMENT] Results not available yet for predictions in VFLM 5145 MD 3
[SETTLEMENT] Results not available yet for predictions in VFLM 5145 MD 4
[SETTLEMENT] Results not available yet for predictions in VFLM 5145 MD 5
[SETTLEMENT] Results not available yet for predictions in VFLM 5145 MD 6
[SETTLEMENT] Results not available yet for predictions in VFLM 5145 MD 7
[SETTLEMENT] Results not available yet for predictions in VFLM 5145 MD 8
[SETTLEMENT] Results not available yet for predictions in VFLM 5146 MD 7
[SETTLEMENT] Results not available yet for predictions in VFLM 5145 MD 9
[SETTLEMENT] Results not available yet for predictions in VFLM 5145 MD 10
[SETTLEMENT] Results not available yet for predictions in VFLM 5145 MD 11
[SETTLEMENT] Results not available yet for predictions in VFLM 5145 MD 12
[SETTLEMENT] Results not available yet for predictions in VFLM 5145 MD 13
[SETTLEMENT] Results not available yet for predictions in VFLM 5145 MD 14
[SETTLEMENT] Results not available yet for predictions in VFLM 5145 MD 15
[SETTLEMENT] Results not available yet for predictions in VFLM 5145 MD 16
[SETTLEMENT] Results not available yet for predictions in VFLM 5145 MD 17
[SETTLEMENT] Results not available yet for predictions in VFLM 5145 MD 18
[SETTLEMENT] Results not available yet for predictions in VFLM 5145 MD 19
[SETTLEMENT] Results not available yet for predictions in VFLM 5146 MD 1
[SETTLEMENT] Results not available yet for predictions in VFLM 5146 MD 2
[SETTLEMENT] Results not available yet for predictions in VFLM 5146 MD 3
[SETTLEMENT] Results not available yet for predictions in VFLM 5146 MD 4
[SETTLEMENT] Results not available yet for predictions in VFLM 5146 MD 5
[SETTLEMENT] Results not available yet for predictions in VFLM 5146 MD 8
[SETTLEMENT] Results not available yet for predictions in VFLM 5146 MD 9
[SETTLEMENT] Results not available yet for predictions in VFLM 5146 MD 10
[SETTLEMENT] Results not available yet for predictions in VFLM 5146 MD 11
[SETTLEMENT] Results not available yet for predictions in VFLM 5146 MD 12
[SETTLEMENT] Results not available yet for predictions in VFLM 5147 MD 15
[SETTLEMENT] Results not available yet for predictions in VFLM 5146 MD 13
[SETTLEMENT] Results not available yet for predictions in VFLM 5146 MD 14
[SETTLEMENT] Results not available yet for predictions in VFLM 5146 MD 15
[SETTLEMENT] Results not available yet for predictions in VFLM 5146 MD 16
[SETTLEMENT] Results not available yet for predictions in VFLM 5146 MD 17
[SETTLEMENT] Results not available yet for predictions in VFLM 5146 MD 18
[SETTLEMENT] Results not available yet for predictions in VFLM 5147 MD 1
[SETTLEMENT] Results not available yet for predictions in VFLM 5147 MD 2
[SETTLEMENT] Results not available yet for predictions in VFLM 5147 MD 3
[SETTLEMENT] Results not available yet for predictions in VFLM 5147 MD 16
[SETTLEMENT] Results not available yet for predictions in VFLM 5147 MD 4
[SETTLEMENT] Results not available yet for predictions in VFLM 5147 MD 5
[SETTLEMENT] Results not available yet for predictions in VFLM 5147 MD 17
[SETTLEMENT] Results not available yet for predictions in VFLM 5147 MD 6
[SETTLEMENT] Results not available yet for predictions in VFLM 5147 MD 7
[SETTLEMENT] Results not available yet for predictions in VFLM 5148 MD 16
[SETTLEMENT] Results not available yet for predictions in VFLM 5147 MD 8
[SETTLEMENT] Results not available yet for predictions in VFLM 5147 MD 9
[SETTLEMENT] Results not available yet for predictions in VFLM 5147 MD 18
[SETTLEMENT] Results not available yet for predictions in VFLM 5147 MD 10
[SETTLEMENT] Results not available yet for predictions in VFLM 5147 MD 11
[SETTLEMENT] Results not available yet for predictions in VFLM 5147 MD 12
[SETTLEMENT] Results not available yet for predictions in VFLM 5147 MD 13
[SETTLEMENT] Results not available yet for predictions in VFLM 5147 MD 14
[SETTLEMENT] Results not available yet for predictions in VFLM 5147 MD 19
[SETTLEMENT] Results not available yet for predictions in VFLM 5148 MD 17
[SETTLEMENT] Results not available yet for predictions in VFLM 5147 MD 20
[SETTLEMENT] Results not available yet for predictions in VFLM 5148 MD 18
[SETTLEMENT] Results not available yet for predictions in VFLM 5147 MD 21
[SETTLEMENT] Results not available yet for predictions in VFLM 5149 MD 17
[SETTLEMENT] Results not available yet for predictions in VFLM 5147 MD 22
[SETTLEMENT] Results not available yet for predictions in VFLM 5147 MD 23
[SETTLEMENT] Results not available yet for predictions in VFLM 5147 MD 24
[SETTLEMENT] Results not available yet for predictions in VFLM 5149 MD 18
[SETTLEMENT] Results not available yet for predictions in VFLM 5147 MD 25
[SETTLEMENT] Results not available yet for predictions in VFLM 5147 MD 26
[SETTLEMENT] Results not available yet for predictions in VFLM 5147 MD 27
[SETTLEMENT] Results not available yet for predictions in VFLM 5147 MD 28
[SETTLEMENT] Results not available yet for predictions in VFLM 5147 MD 29
[SETTLEMENT] Results not available yet for predictions in VFLM 5147 MD 30
[SETTLEMENT] Results not available yet for predictions in VFLM 5148 MD 1
[SETTLEMENT] Results not available yet for predictions in VFLM 5148 MD 2
[SETTLEMENT] Results not available yet for predictions in VFLM 5148 MD 3
[SETTLEMENT] Results not available yet for predictions in VFLM 5148 MD 4
[SETTLEMENT] Results not available yet for predictions in VFLM 5148 MD 5
[SETTLEMENT] Results not available yet for predictions in VFLM 5148 MD 19
[SETTLEMENT] Results not available yet for predictions in VFLM 5148 MD 6
[SETTLEMENT] Results not available yet for predictions in VFLM 5148 MD 7
[SETTLEMENT] Results not available yet for predictions in VFLM 5148 MD 8
[SETTLEMENT] Results not available yet for predictions in VFLM 5148 MD 9
[SETTLEMENT] Results not available yet for predictions in VFLM 5149 MD 19
[SETTLEMENT] Results not available yet for predictions in VFLM 5148 MD 14
[SETTLEMENT] Results not available yet for predictions in VFLM 5148 MD 15
[SETTLEMENT] Results not available yet for predictions in VFLM 5148 MD 20
[SETTLEMENT] Results not available yet for predictions in VFLM 5148 MD 24
[SETTLEMENT] Results not available yet for predictions in VFLM 5148 MD 25
[SETTLEMENT] Results not available yet for predictions in VFLM 5148 MD 26
[SETTLEMENT] Results not available yet for predictions in VFLM 5148 MD 27
[SETTLEMENT] Results not available yet for predictions in VFLM 5148 MD 28
[SETTLEMENT] Results not available yet for predictions in VFLM 5148 MD 29
[SETTLEMENT] Results not available yet for predictions in VFLM 5149 MD 1
[SETTLEMENT] Results not available yet for predictions in VFLM 5149 MD 2
[SETTLEMENT] Results not available yet for predictions in VFLM 5149 MD 4
[SETTLEMENT] Results not available yet for predictions in VFLM 5149 MD 5
[SETTLEMENT] Results not available yet for predictions in VFLM 5149 MD 6
[SETTLEMENT] Results not available yet for predictions in VFLM 5149 MD 7
[SETTLEMENT] Results not available yet for predictions in VFLM 5149 MD 8
[SETTLEMENT] Results not available yet for predictions in VFLM 5149 MD 9
[SETTLEMENT] Results not available yet for predictions in VFLM 5149 MD 10
[SETTLEMENT] Results not available yet for predictions in VFLM 5149 MD 20
[SETTLEMENT] Results not available yet for predictions in VFLM 5149 MD 11
[SETTLEMENT] Results not available yet for predictions in VFLM 5149 MD 12
[SETTLEMENT] Results not available yet for predictions in VFLM 5149 MD 13
[SETTLEMENT] Results not available yet for predictions in VFLM 5149 MD 14
[SETTLEMENT] Results not available yet for predictions in VFLM 5149 MD 15
[SETTLEMENT] Results not available yet for predictions in VFLM 5149 MD 21
[SETTLEMENT] Results not available yet for predictions in VFLM 5149 MD 16
[SETTLEMENT] Results not available yet for predictions in VFLM 5149 MD 22
[SETTLEMENT] Results not available yet for predictions in VFLM 5149 MD 23
[SETTLEMENT] Results not available yet for predictions in VFLM 5149 MD 24
[SETTLEMENT] Results not available yet for predictions in VFLM 5149 MD 25
[SETTLEMENT] Results not available yet for predictions in VFLM 5149 MD 26
[SETTLEMENT] Results not available yet for predictions in VFLM 5149 MD 27
[SETTLEMENT] Results not available yet for predictions in VFLM 5149 MD 28
[SETTLEMENT] Results not available yet for predictions in VFLM 5149 MD 29
[SETTLEMENT] Results not available yet for predictions in VFLM 5149 MD 30
[SETTLEMENT] Results not available yet for predictions in vf:season:3075217 MD 4
[SETTLEMENT] Results not available yet for predictions in vf:season:3075217 MD 5
[SETTLEMENT] Results not available yet for predictions in vf:season:3075217 MD 6
[SETTLEMENT] Results not available yet for predictions in vf:season:3075217 MD 7
[SETTLEMENT] Results not available yet for predictions in vf:season:3075244 MD 5
[SETTLEMENT] Results not available yet for predictions in vf:season:3075244 MD 6
[SETTLEMENT] Results not available yet for predictions in vf:season:3075244 MD 7
[SETTLEMENT] Results not available yet for predictions in vf:season:3075244 MD 8
[SETTLEMENT] Results not available yet for predictions in vf:season:3075244 MD 9
[SETTLEMENT] Results not available yet for predictions in vf:season:3075244 MD 10
[SETTLEMENT] Results not available yet for predictions in vf:season:3075244 MD 11
[SETTLEMENT] Results not available yet for predictions in vf:season:3075244 MD 12
[SETTLEMENT] Results not available yet for predictions in vf:season:3075244 MD 13
[SETTLEMENT] Results not available yet for predictions in vf:season:3075244 MD 14
[SETTLEMENT] Results not available yet for predictions in vf:season:3075244 MD 15
[SETTLEMENT] Results not available yet for predictions in vf:season:3075244 MD 16
[SETTLEMENT] Results not available yet for predictions in vf:season:3075244 MD 17
[SETTLEMENT] Results not available yet for predictions in vf:season:3086149 MD 13
[SETTLEMENT] Results not available yet for predictions in vf:season:3086149 MD 14
[SETTLEMENT] Results not available yet for predictions in vf:season:3086149 MD 15
[SETTLEMENT] Results not available yet for predictions in vf:season:3086149 MD 16
[SETTLEMENT] Results not available yet for predictions in vf:season:3086149 MD 17
[SETTLEMENT] Results not available yet for predictions in vf:season:3086149 MD 18
[SETTLEMENT] Results not available yet for predictions in vf:season:3086149 MD 19
[SETTLEMENT] Results not available yet for predictions in vf:season:3086149 MD 20
[SETTLEMENT] Results not available yet for predictions in vf:season:3086149 MD 21
[SETTLEMENT] Results not available yet for predictions in vf:season:3086149 MD 22
[SETTLEMENT] Results not available yet for predictions in vf:season:3086149 MD 23
[SETTLEMENT] Results not available yet for predictions in vf:season:3086149 MD 24
[SETTLEMENT] Results not available yet for predictions in vf:season:3086149 MD 25
[SETTLEMENT] Results not available yet for predictions in vf:season:3086149 MD 26
[SETTLEMENT] Results not available yet for predictions in vf:season:3086149 MD 27
[SETTLEMENT] Results not available yet for predictions in vf:season:3086149 MD 28
[SETTLEMENT] Results not available yet for predictions in vf:season:3086149 MD 29
[SETTLEMENT] Results not available yet for predictions in vf:season:3086149 MD 30
[SETTLEMENT] Results not available yet for predictions in vf:season:3086174 MD 1
[SETTLEMENT] Results not available yet for predictions in vf:season:3086174 MD 2
[SETTLEMENT] Results not available yet for predictions in vf:season:3086174 MD 3
[SETTLEMENT] Results not available yet for predictions in vf:season:3086174 MD 4
[SETTLEMENT] Results not available yet for predictions in vf:season:3086174 MD 5
[SETTLEMENT] Results not available yet for predictions in vf:season:3086174 MD 6
[SETTLEMENT] Results not available yet for predictions in vf:season:3086174 MD 7
[SETTLEMENT] Results not available yet for predictions in vf:season:3086174 MD 8
[SETTLEMENT] Results not available yet for predictions in vf:season:3086174 MD 9
[SETTLEMENT] Results not available yet for predictions in vf:season:3086174 MD 10
[SETTLEMENT] Results not available yet for predictions in vf:season:3086174 MD 11
[SETTLEMENT] Results not available yet for predictions in vf:season:3086174 MD 12
[SETTLEMENT] Results not available yet for predictions in vf:season:3086174 MD 13
[SETTLEMENT] Results not available yet for predictions in vf:season:3086174 MD 14
[SETTLEMENT] Results not available yet for predictions in vf:season:3086174 MD 15
[SETTLEMENT] Results not available yet for predictions in vf:season:3086174 MD 16
[SETTLEMENT] Results not available yet for predictions in vf:season:3086174 MD 17
[SETTLEMENT] Results not available yet for predictions in vf:season:3086174 MD 18
[SETTLEMENT] Results not available yet for predictions in vf:season:3086174 MD 19
[SETTLEMENT] Results not available yet for predictions in vf:season:3086174 MD 20
[SETTLEMENT] Results not available yet for predictions in vf:season:3086174 MD 21
[SETTLEMENT] Results not available yet for predictions in vf:season:3086174 MD 22
[SETTLEMENT] Results not available yet for predictions in vf:season:3086174 MD 23
[SETTLEMENT] Results not available yet for predictions in vf:season:3086174 MD 24
[SETTLEMENT] Results not available yet for predictions in vf:season:3086174 MD 25
[SETTLEMENT] Results not available yet for predictions in vf:season:3086174 MD 26
[SETTLEMENT] Results not available yet for predictions in vf:season:3086174 MD 27
[SETTLEMENT] Results not available yet for predictions in vf:season:3086174 MD 28
[SETTLEMENT] Results not available yet for predictions in vf:season:3086174 MD 29
[SETTLEMENT] Results not available yet for predictions in vf:season:3086174 MD 30
[SETTLEMENT] Results not available yet for predictions in vf:season:3086202 MD 1
[SETTLEMENT] Results not available yet for predictions in vf:season:3086202 MD 2
[SETTLEMENT] Results not available yet for predictions in vf:season:3086202 MD 3
[SETTLEMENT] Results not available yet for predictions in vf:season:3086202 MD 4
[SETTLEMENT] Results not available yet for predictions in vf:season:3086202 MD 5
[SETTLEMENT] Results not available yet for predictions in vf:season:3086202 MD 6
[SETTLEMENT] Results not available yet for predictions in vf:season:3086202 MD 7
[SETTLEMENT] Results not available yet for predictions in vf:season:3086202 MD 8
[SETTLEMENT] Results not available yet for predictions in vf:season:3086202 MD 9
[SETTLEMENT] Results not available yet for predictions in vf:season:3086202 MD 10
[SETTLEMENT] Results not available yet for predictions in vf:season:3086202 MD 11
[SETTLEMENT] Results not available yet for predictions in vf:season:3086202 MD 12
[SETTLEMENT] Results not available yet for predictions in vf:season:3086202 MD 13
[SETTLEMENT] Results not available yet for predictions in vf:season:3086202 MD 15
[SETTLEMENT] Results not available yet for predictions in vf:season:3086202 MD 16
[SETTLEMENT] Results not available yet for predictions in vf:season:3086263 MD 4
[SETTLEMENT] Results not available yet for predictions in vf:season:3086202 MD 17
[SETTLEMENT] Results not available yet for predictions in vf:season:3086202 MD 19
[SETTLEMENT] Results not available yet for predictions in vf:season:3086202 MD 20
[SETTLEMENT] Results not available yet for predictions in vf:season:3086202 MD 21
[SETTLEMENT] Results not available yet for predictions in vf:season:3086202 MD 23
[SETTLEMENT] Results not available yet for predictions in vf:season:3086202 MD 24
[SETTLEMENT] Results not available yet for predictions in vf:season:3086202 MD 26
[SETTLEMENT] Results not available yet for predictions in vf:season:3086202 MD 27
[SETTLEMENT] Results not available yet for predictions in vf:season:3086202 MD 28
[SETTLEMENT] Results not available yet for predictions in vf:season:3086202 MD 30
[SETTLEMENT] Results not available yet for predictions in vf:season:3086231 MD 2
[SETTLEMENT] Results not available yet for predictions in vf:season:3086231 MD 3
[SETTLEMENT] Results not available yet for predictions in vf:season:3086231 MD 5
[SETTLEMENT] Results not available yet for predictions in vf:season:3086231 MD 6
[SETTLEMENT] Results not available yet for predictions in vf:season:3086231 MD 7
[SETTLEMENT] Results not available yet for predictions in vf:season:3086231 MD 9
[SETTLEMENT] Results not available yet for predictions in vf:season:3086231 MD 11
[SETTLEMENT] Results not available yet for predictions in vf:season:3086231 MD 12
[SETTLEMENT] Results not available yet for predictions in vf:season:3086231 MD 13
[SETTLEMENT] Results not available yet for predictions in vf:season:3086231 MD 15
[SETTLEMENT] Results not available yet for predictions in vf:season:3086231 MD 16
[SETTLEMENT] Results not available yet for predictions in vf:season:3086231 MD 17
[SETTLEMENT] Results not available yet for predictions in vf:season:3086231 MD 19
[SETTLEMENT] Results not available yet for predictions in vf:season:3086231 MD 20
[SETTLEMENT] Results not available yet for predictions in vf:season:3086263 MD 15
[SETTLEMENT] Results not available yet for predictions in vf:season:3086231 MD 22
[SETTLEMENT] Results not available yet for predictions in vf:season:3086231 MD 23
[SETTLEMENT] Results not available yet for predictions in vf:season:3086231 MD 24
[SETTLEMENT] Results not available yet for predictions in vf:season:3086231 MD 26
[SETTLEMENT] Results not available yet for predictions in vf:season:3086231 MD 28
[SETTLEMENT] Results not available yet for predictions in vf:season:3086263 MD 29
[SETTLEMENT] Results not available yet for predictions in vf:season:3086231 MD 29
[SETTLEMENT] Results not available yet for predictions in vf:season:3086231 MD 30
[SETTLEMENT] Results not available yet for predictions in vf:season:3086263 MD 1
[SETTLEMENT] Results not available yet for predictions in vf:season:3086263 MD 2
[SETTLEMENT] Results not available yet for predictions in vf:season:3086263 MD 5
[SETTLEMENT] Results not available yet for predictions in vf:season:3086263 MD 7
[SETTLEMENT] Results not available yet for predictions in vf:season:3086263 MD 8
[SETTLEMENT] Results not available yet for predictions in vf:season:3086263 MD 9
[SETTLEMENT] Results not available yet for predictions in vf:season:3086263 MD 11
[SETTLEMENT] Results not available yet for predictions in vf:season:3086263 MD 13
[SETTLEMENT] Results not available yet for predictions in vf:season:3086263 MD 14
[SETTLEMENT] Results not available yet for predictions in vf:season:3086263 MD 17
[SETTLEMENT] Results not available yet for predictions in vf:season:3086263 MD 18
[SETTLEMENT] Results not available yet for predictions in vf:season:3086263 MD 19
[SETTLEMENT] Results not available yet for predictions in vf:season:3086263 MD 21
[SETTLEMENT] Results not available yet for predictions in vf:season:3086263 MD 22
[SETTLEMENT] Results not available yet for predictions in vf:season:3086263 MD 23
[SETTLEMENT] Results not available yet for predictions in vf:season:3086263 MD 25
[SETTLEMENT] Results not available yet for predictions in vf:season:3086263 MD 26
[SETTLEMENT] Results not available yet for predictions in vf:season:3086263 MD 28
[SETTLEMENT] Results not available yet for predictions in vf:season:3086263 MD 30
[SETTLEMENT] Results not available yet for predictions in vf:season:3086290 MD 1
[SETTLEMENT] Results not available yet for predictions in vf:season:3086290 MD 2
[SETTLEMENT] Results not available yet for predictions in vf:season:3086290 MD 3
[SETTLEMENT] Results not available yet for predictions in vf:season:3086290 MD 4
[SETTLEMENT] Results not available yet for predictions in vf:season:3086290 MD 5
[SETTLEMENT] Results not available yet for predictions in vf:season:3086290 MD 6
[SETTLEMENT] Results not available yet for predictions in vf:season:3086290 MD 7
[SETTLEMENT] Results not available yet for predictions in vf:season:3086290 MD 8
[SETTLEMENT] Results not available yet for predictions in vf:season:3086290 MD 9
[SETTLEMENT] Results not available yet for predictions in vf:season:3086290 MD 10
[SETTLEMENT] Results not available yet for predictions in vf:season:3086290 MD 11
[SETTLEMENT] Results not available yet for predictions in vf:season:3086290 MD 12
[SETTLEMENT] Results not available yet for predictions in vf:season:3086290 MD 13
[SETTLEMENT] Results not available yet for predictions in vf:season:3086290 MD 14
[SETTLEMENT] Results not available yet for predictions in vf:season:3086290 MD 15
[SETTLEMENT] Results not available yet for predictions in vf:season:3086290 MD 16
[SETTLEMENT] Results not available yet for predictions in vf:season:3086290 MD 17
[SETTLEMENT] Results not available yet for predictions in vf:season:3086290 MD 18
[SETTLEMENT] Results not available yet for predictions in vf:season:3086290 MD 19
[SETTLEMENT] Results not available yet for predictions in vf:season:3086290 MD 20
[SETTLEMENT] Results not available yet for predictions in vf:season:3086290 MD 21
[SETTLEMENT] Results not available yet for predictions in vf:season:3086290 MD 22
[SETTLEMENT] Results not available yet for predictions in vf:season:3086290 MD 23
[SETTLEMENT] Results not available yet for predictions in vf:season:3086378 MD 18
[SETTLEMENT] Results not available yet for predictions in vf:season:3086378 MD 19
[SETTLEMENT] Results not available yet for predictions in vf:season:3086378 MD 20
[SETTLEMENT] Results not available yet for predictions in vf:season:3086378 MD 21
[SETTLEMENT] Results not available yet for predictions in vf:season:3086378 MD 27
[SETTLEMENT] Results not available yet for predictions in vf:season:3086378 MD 22
[SETTLEMENT] Results not available yet for predictions in vf:season:3086378 MD 23
[SETTLEMENT] Results not available yet for predictions in vf:season:3086378 MD 24
[SETTLEMENT] Results not available yet for predictions in vf:season:3086378 MD 25
[SETTLEMENT] Results not available yet for predictions in vf:season:3086378 MD 26
[SETTLEMENT] Results not available yet for predictions in vf:season:3086378 MD 28
[SETTLEMENT] Results not available yet for predictions in vf:season:3086378 MD 29
[SETTLEMENT] Results not available yet for predictions in vf:season:3086378 MD 30
[SETTLEMENT] Results not available yet for predictions in vf:season:3086378 MD 1
[SETTLEMENT] Results not available yet for predictions in vf:season:3086378 MD 2
[SETTLEMENT] Results not available yet for predictions in vf:season:3086378 MD 4
[SETTLEMENT] Results not available yet for predictions in vf:season:3086378 MD 5
[SETTLEMENT] Results not available yet for predictions in vf:season:3086378 MD 15
[SETTLEMENT] Results not available yet for predictions in vf:season:3086378 MD 16
[SETTLEMENT] Results not available yet for predictions in vf:season:3086378 MD 17
INFO:     Started server process [416522]
INFO:     Waiting for application startup.
[SETTLEMENT] Settlement Service starting on :8004
INFO:     Application startup complete.
INFO:     Uvicorn running on http://0.0.0.0:8004 (Press CTRL+C to quit)
INFO:     Shutting down
INFO:     Waiting for application shutdown.
[SETTLEMENT] Settlement Service shutting down
INFO:     Application shutdown complete.
INFO:     Finished server process [416522]
INFO:     Started server process [416876]
INFO:     Waiting for application startup.
[SETTLEMENT] Settlement Service starting on :8004
INFO:     Application startup complete.
INFO:     Uvicorn running on http://0.0.0.0:8004 (Press CTRL+C to quit)
db_manager PostgreSQL connection pool initialized
[SETTLEMENT] Found 2 unsettled bets in DB
[SETTLEMENT] Results not available yet for VFLM 5196 MD 16
[SETTLEMENT] Results not available yet for VFLM 5196 MD 17
[SETTLEMENT] Found 94456 unsettled predictions in DB
[SETTLEMENT] Found 2 unsettled bets in DB
[SETTLEMENT] Results not available yet for VFLM 5196 MD 16
[SETTLEMENT] Results not available yet for VFLM 5196 MD 17
[SETTLEMENT] Found 50456 unsettled predictions in DB
[SETTLEMENT] Found 3 unsettled bets in DB
[SETTLEMENT] Results not available yet for VFLM 5196 MD 17
[SETTLEMENT] Found 2635 unsettled predictions in DB
[SETTLEMENT] Found 3 unsettled bets in DB
[SETTLEMENT] Results not available yet for VFLM 5196 MD 19
[SETTLEMENT] Found 2673 unsettled predictions in DB
[SETTLEMENT] Found 1 unsettled bets in DB
[SETTLEMENT] Results not available yet for VFLM 5196 MD 19
[SETTLEMENT] Found 2672 unsettled predictions in DB
[SETTLEMENT] Found 2 unsettled bets in DB
[SETTLEMENT] Results not available yet for VFLM 5196 MD 20
[SETTLEMENT] Found 2663 unsettled predictions in DB
[SETTLEMENT] Found 2 unsettled bets in DB
[SETTLEMENT] Results not available yet for VFLM 5196 MD 21
[SETTLEMENT] Found 2586 unsettled predictions in DB
[SETTLEMENT] Found 2 unsettled bets in DB
[SETTLEMENT] Results not available yet for VFLM 5196 MD 23
[SETTLEMENT] Found 2711 unsettled predictions in DB
[SETTLEMENT] Found 2 unsettled bets in DB
[SETTLEMENT] Results not available yet for VFLM 5196 MD 23
[SETTLEMENT] Results not available yet for VFLM 5196 MD 24
[SETTLEMENT] Found 2676 unsettled predictions in DB
[SETTLEMENT] Found 3 unsettled bets in DB
[SETTLEMENT] Results not available yet for VFLM 5196 MD 24
[SETTLEMENT] Results not available yet for VFLM 5196 MD 25
[SETTLEMENT] Found 2581 unsettled predictions in DB
[SETTLEMENT] Found 3 unsettled bets in DB
[SETTLEMENT] Results not available yet for VFLM 5196 MD 25
[SETTLEMENT] Found 2578 unsettled predictions in DB
[SETTLEMENT] Found 3 unsettled bets in DB
[SETTLEMENT] Results not available yet for VFLM 5196 MD 27
[SETTLEMENT] Found 2536 unsettled predictions in DB
[SETTLEMENT] Found 2 unsettled bets in DB
[SETTLEMENT] Results not available yet for VFLM 5196 MD 27
[SETTLEMENT] Found 2493 unsettled predictions in DB
[SETTLEMENT] Found 2 unsettled bets in DB
[SETTLEMENT] Found 2625 unsettled predictions in DB
[SETTLEMENT] Found 1 unsettled bets in DB
[SETTLEMENT] Results not available yet for VFLM 5196 MD 29
[SETTLEMENT] Found 2579 unsettled predictions in DB
[SETTLEMENT] Found 2 unsettled bets in DB
[SETTLEMENT] Results not available yet for VFLM 5196 MD 30
[SETTLEMENT] Found 2528 unsettled predictions in DB
[SETTLEMENT] Found 1 unsettled bets in DB
[SETTLEMENT] Found 2545 unsettled predictions in DB
[SETTLEMENT] Found 1 unsettled bets in DB
[SETTLEMENT] Results not available yet for VFLM 5197 MD 2
[SETTLEMENT] Found 2519 unsettled predictions in DB
[SETTLEMENT] Found 2 unsettled bets in DB
[SETTLEMENT] Results not available yet for VFLM 5197 MD 2
[SETTLEMENT] Found 2609 unsettled predictions in DB
[SETTLEMENT] Found 2 unsettled bets in DB
[SETTLEMENT] Found 2554 unsettled predictions in DB
[SETTLEMENT] Found 1 unsettled bets in DB
[SETTLEMENT] Results not available yet for VFLM 5197 MD 4
[SETTLEMENT] Found 2560 unsettled predictions in DB
[SETTLEMENT] Found 1 unsettled bets in DB
[SETTLEMENT] Found 2562 unsettled predictions in DB
[SETTLEMENT] No unsettled bets found in DB
[SETTLEMENT] Found 2494 unsettled predictions in DB
[SETTLEMENT] No unsettled bets found in DB
[SETTLEMENT] Found 2524 unsettled predictions in DB
[SETTLEMENT] No unsettled bets found in DB
[SETTLEMENT] Found 2513 unsettled predictions in DB
[SETTLEMENT] No unsettled bets found in DB
[SETTLEMENT] Found 2485 unsettled predictions in DB
[SETTLEMENT] No unsettled bets found in DB
[SETTLEMENT] Found 2534 unsettled predictions in DB
[SETTLEMENT] No unsettled bets found in DB
[SETTLEMENT] Found 2537 unsettled predictions in DB
[SETTLEMENT] No unsettled bets found in DB
[SETTLEMENT] Found 2490 unsettled predictions in DB
[SETTLEMENT] No unsettled bets found in DB
[SETTLEMENT] Found 2534 unsettled predictions in DB
[SETTLEMENT] No unsettled bets found in DB
[SETTLEMENT] Found 2538 unsettled predictions in DB
[SETTLEMENT] No unsettled bets found in DB
[SETTLEMENT] Found 2456 unsettled predictions in DB
[SETTLEMENT] No unsettled bets found in DB
[SETTLEMENT] Found 2546 unsettled predictions in DB
[SETTLEMENT] No unsettled bets found in DB
[SETTLEMENT] Found 2548 unsettled predictions in DB
[SETTLEMENT] No unsettled bets found in DB
[SETTLEMENT] Found 2505 unsettled predictions in DB
[SETTLEMENT] No unsettled bets found in DB
[SETTLEMENT] Found 2558 unsettled predictions in DB
[SETTLEMENT] No unsettled bets found in DB
[SETTLEMENT] Found 2554 unsettled predictions in DB
[SETTLEMENT] No unsettled bets found in DB
[SETTLEMENT] Found 2503 unsettled predictions in DB
[SETTLEMENT] No unsettled bets found in DB
[SETTLEMENT] Found 2485 unsettled predictions in DB
[SETTLEMENT] No unsettled bets found in DB
[SETTLEMENT] Found 2523 unsettled predictions in DB
[SETTLEMENT] No unsettled bets found in DB
[SETTLEMENT] Found 2471 unsettled predictions in DB
[SETTLEMENT] No unsettled bets found in DB
[SETTLEMENT] Found 2529 unsettled predictions in DB
[SETTLEMENT] No unsettled bets found in DB
[SETTLEMENT] Found 2525 unsettled predictions in DB
[SETTLEMENT] No unsettled bets found in DB
[SETTLEMENT] Found 2449 unsettled predictions in DB
[SETTLEMENT] No unsettled bets found in DB
[SETTLEMENT] Found 2514 unsettled predictions in DB
[SETTLEMENT] No unsettled bets found in DB
[SETTLEMENT] Found 2528 unsettled predictions in DB
[SETTLEMENT] No unsettled bets found in DB
[SETTLEMENT] Found 2489 unsettled predictions in DB
[SETTLEMENT] No unsettled bets found in DB
[SETTLEMENT] Found 2536 unsettled predictions in DB
[SETTLEMENT] No unsettled bets found in DB
[SETTLEMENT] Found 2487 unsettled predictions in DB
[SETTLEMENT] No unsettled bets found in DB
[SETTLEMENT] Found 2577 unsettled predictions in DB
[SETTLEMENT] No unsettled bets found in DB
[SETTLEMENT] Found 2640 unsettled predictions in DB
[SETTLEMENT] No unsettled bets found in DB
[SETTLEMENT] Found 2559 unsettled predictions in DB
[SETTLEMENT] No unsettled bets found in DB
[SETTLEMENT] Found 2508 unsettled predictions in DB
[SETTLEMENT] No unsettled bets found in DB
[SETTLEMENT] Found 2535 unsettled predictions in DB
[SETTLEMENT] No unsettled bets found in DB
[SETTLEMENT] Found 2529 unsettled predictions in DB
[SETTLEMENT] No unsettled bets found in DB
[SETTLEMENT] Found 2495 unsettled predictions in DB
[SETTLEMENT] No unsettled bets found in DB
[SETTLEMENT] Found 2537 unsettled predictions in DB
[SETTLEMENT] No unsettled bets found in DB
[SETTLEMENT] Found 2540 unsettled predictions in DB
[SETTLEMENT] No unsettled bets found in DB
[SETTLEMENT] Found 2501 unsettled predictions in DB
[SETTLEMENT] No unsettled bets found in DB
[SETTLEMENT] Found 2547 unsettled predictions in DB
[SETTLEMENT] No unsettled bets found in DB
[SETTLEMENT] Found 2551 unsettled predictions in DB
[SETTLEMENT] No unsettled bets found in DB
[SETTLEMENT] Found 2509 unsettled predictions in DB
[SETTLEMENT] No unsettled bets found in DB
[SETTLEMENT] Found 2539 unsettled predictions in DB
[SETTLEMENT] No unsettled bets found in DB
[SETTLEMENT] Found 2532 unsettled predictions in DB
[SETTLEMENT] No unsettled bets found in DB
[SETTLEMENT] Found 2492 unsettled predictions in DB
[SETTLEMENT] No unsettled bets found in DB
[SETTLEMENT] Found 2543 unsettled predictions in DB
[SETTLEMENT] No unsettled bets found in DB
[SETTLEMENT] Found 2549 unsettled predictions in DB
[SETTLEMENT] No unsettled bets found in DB
[SETTLEMENT] Found 2510 unsettled predictions in DB
[SETTLEMENT] No unsettled bets found in DB
[SETTLEMENT] Found 2552 unsettled predictions in DB
[SETTLEMENT] No unsettled bets found in DB
[SETTLEMENT] Found 2556 unsettled predictions in DB
[SETTLEMENT] No unsettled bets found in DB
[SETTLEMENT] Found 2512 unsettled predictions in DB
[SETTLEMENT] No unsettled bets found in DB
[SETTLEMENT] Found 2544 unsettled predictions in DB
[SETTLEMENT] No unsettled bets found in DB
[SETTLEMENT] Found 2540 unsettled predictions in DB
[SETTLEMENT] No unsettled bets found in DB
[SETTLEMENT] Found 2457 unsettled predictions in DB
[SETTLEMENT] No unsettled bets found in DB
[SETTLEMENT] Found 2494 unsettled predictions in DB
[SETTLEMENT] No unsettled bets found in DB
[SETTLEMENT] Found 2532 unsettled predictions in DB
[SETTLEMENT] No unsettled bets found in DB
[SETTLEMENT] Found 2448 unsettled predictions in DB
[SETTLEMENT] No unsettled bets found in DB
[SETTLEMENT] Found 2547 unsettled predictions in DB
INFO:     Shutting down
INFO:     Waiting for application shutdown.
[SETTLEMENT] Settlement Service shutting down
INFO:     Application shutdown complete.
INFO:     Finished server process [416876]
INFO:     Started server process [615620]
INFO:     Waiting for application startup.
[SETTLEMENT] Settlement Service starting on :8004
INFO:     Application startup complete.
INFO:     Uvicorn running on http://0.0.0.0:8004 (Press CTRL+C to quit)
db_manager PostgreSQL connection pool initialized
[SETTLEMENT] No unsettled bets found in DB
[SETTLEMENT] Found 2501 unsettled predictions in DB
[SETTLEMENT] No unsettled bets found in DB
[SETTLEMENT] Found 2501 unsettled predictions in DB
[SETTLEMENT] No unsettled bets found in DB
[SETTLEMENT] Found 2584 unsettled predictions in DB
[SETTLEMENT] No unsettled bets found in DB
[SETTLEMENT] Found 2597 unsettled predictions in DB
[SETTLEMENT] No unsettled bets found in DB
[SETTLEMENT] Found 2687 unsettled predictions in DB
[SETTLEMENT] No unsettled bets found in DB
[SETTLEMENT] Found 2594 unsettled predictions in DB
[SETTLEMENT] No unsettled bets found in DB
[SETTLEMENT] Found 2602 unsettled predictions in DB
[SETTLEMENT] No unsettled bets found in DB
[SETTLEMENT] Found 2512 unsettled predictions in DB
[SETTLEMENT] No unsettled bets found in DB
[SETTLEMENT] Found 2601 unsettled predictions in DB
[SETTLEMENT] No unsettled bets found in DB
[SETTLEMENT] Found 2461 unsettled predictions in DB
[SETTLEMENT] No unsettled bets found in DB
[SETTLEMENT] Found 2597 unsettled predictions in DB
[SETTLEMENT] No unsettled bets found in DB
[SETTLEMENT] Found 2584 unsettled predictions in DB
[SETTLEMENT] No unsettled bets found in DB
[SETTLEMENT] Found 2501 unsettled predictions in DB
[SETTLEMENT] No unsettled bets found in DB
[SETTLEMENT] Found 2534 unsettled predictions in DB
[SETTLEMENT] No unsettled bets found in DB
[SETTLEMENT] Found 2494 unsettled predictions in DB
[SETTLEMENT] No unsettled bets found in DB
[SETTLEMENT] Found 2486 unsettled predictions in DB
[SETTLEMENT] No unsettled bets found in DB
[SETTLEMENT] Found 2527 unsettled predictions in DB
[SETTLEMENT] No unsettled bets found in DB
[SETTLEMENT] Found 2534 unsettled predictions in DB
[SETTLEMENT] No unsettled bets found in DB
[SETTLEMENT] Found 2489 unsettled predictions in DB
[SETTLEMENT] No unsettled bets found in DB
[SETTLEMENT] Found 2524 unsettled predictions in DB
[SETTLEMENT] No unsettled bets found in DB
[SETTLEMENT] Found 2516 unsettled predictions in DB
[SETTLEMENT] No unsettled bets found in DB
[SETTLEMENT] Found 2475 unsettled predictions in DB
[SETTLEMENT] No unsettled bets found in DB
[SETTLEMENT] Found 2531 unsettled predictions in DB
[SETTLEMENT] No unsettled bets found in DB
[SETTLEMENT] Found 2499 unsettled predictions in DB
[SETTLEMENT] No unsettled bets found in DB
[SETTLEMENT] Found 2457 unsettled predictions in DB
[SETTLEMENT] No unsettled bets found in DB
[SETTLEMENT] Found 2635 unsettled predictions in DB
[SETTLEMENT] No unsettled bets found in DB
[SETTLEMENT] Found 2626 unsettled predictions in DB
[SETTLEMENT] No unsettled bets found in DB
[SETTLEMENT] Found 2535 unsettled predictions in DB
[SETTLEMENT] No unsettled bets found in DB
[SETTLEMENT] Found 2536 unsettled predictions in DB
[SETTLEMENT] No unsettled bets found in DB
[SETTLEMENT] Found 2543 unsettled predictions in DB
[SETTLEMENT] No unsettled bets found in DB
[SETTLEMENT] Found 2466 unsettled predictions in DB
INFO:     Shutting down
INFO:     Waiting for application shutdown.
[SETTLEMENT] Settlement Service shutting down
INFO:     Application shutdown complete.
INFO:     Finished server process [615620]
INFO:     Started server process [1941]
INFO:     Waiting for application startup.
[SETTLEMENT] Settlement Service starting on :8004
INFO:     Application startup complete.
INFO:     Uvicorn running on http://0.0.0.0:8004 (Press CTRL+C to quit)
db_manager PostgreSQL connection pool initialized
[SETTLEMENT] No unsettled bets found in DB
[SETTLEMENT] Found 2557 unsettled predictions in DB
[SETTLEMENT] No unsettled bets found in DB
[SETTLEMENT] Found 2277 unsettled predictions in DB
[SETTLEMENT] No unsettled bets found in DB
[SETTLEMENT] Found 2409 unsettled predictions in DB
[SETTLEMENT] No unsettled bets found in DB
[SETTLEMENT] Found 2448 unsettled predictions in DB
[SETTLEMENT] No unsettled bets found in DB
[SETTLEMENT] Found 2539 unsettled predictions in DB
[SETTLEMENT] No unsettled bets found in DB
[SETTLEMENT] Found 2532 unsettled predictions in DB
[SETTLEMENT] No unsettled bets found in DB
[SETTLEMENT] Found 2488 unsettled predictions in DB
[SETTLEMENT] No unsettled bets found in DB
[SETTLEMENT] Found 2529 unsettled predictions in DB
[SETTLEMENT] No unsettled bets found in DB
[SETTLEMENT] Found 2536 unsettled predictions in DB
[SETTLEMENT] No unsettled bets found in DB
[SETTLEMENT] Found 2499 unsettled predictions in DB
[SETTLEMENT] No unsettled bets found in DB
[SETTLEMENT] Found 2592 unsettled predictions in DB
[SETTLEMENT] No unsettled bets found in DB
[SETTLEMENT] Found 2550 unsettled predictions in DB
[SETTLEMENT] No unsettled bets found in DB
[SETTLEMENT] Found 2495 unsettled predictions in DB
[SETTLEMENT] No unsettled bets found in DB
[SETTLEMENT] Found 2547 unsettled predictions in DB
[SETTLEMENT] No unsettled bets found in DB
[SETTLEMENT] Found 2549 unsettled predictions in DB
[SETTLEMENT] No unsettled bets found in DB
[SETTLEMENT] Found 2495 unsettled predictions in DB
[SETTLEMENT] No unsettled bets found in DB
[SETTLEMENT] Found 2427 unsettled predictions in DB
[SETTLEMENT] No unsettled bets found in DB
[SETTLEMENT] Found 2296 unsettled predictions in DB
[SETTLEMENT] No unsettled bets found in DB
[SETTLEMENT] Found 2425 unsettled predictions in DB
[SETTLEMENT] No unsettled bets found in DB
[SETTLEMENT] Found 2547 unsettled predictions in DB
[SETTLEMENT] No unsettled bets found in DB
[SETTLEMENT] Found 2550 unsettled predictions in DB
[SETTLEMENT] No unsettled bets found in DB
[SETTLEMENT] Found 2461 unsettled predictions in DB
[SETTLEMENT] No unsettled bets found in DB
[SETTLEMENT] Found 2464 unsettled predictions in DB
[SETTLEMENT] No unsettled bets found in DB
[SETTLEMENT] Found 2455 unsettled predictions in DB
[SETTLEMENT] No unsettled bets found in DB
[SETTLEMENT] Found 2418 unsettled predictions in DB
[SETTLEMENT] No unsettled bets found in DB
[SETTLEMENT] Found 2451 unsettled predictions in DB
[SETTLEMENT] No unsettled bets found in DB
[SETTLEMENT] Found 2408 unsettled predictions in DB
[SETTLEMENT] No unsettled bets found in DB
[SETTLEMENT] Found 2329 unsettled predictions in DB
[SETTLEMENT] No unsettled bets found in DB
[SETTLEMENT] Found 2531 unsettled predictions in DB
[SETTLEMENT] No unsettled bets found in DB
[SETTLEMENT] Found 2452 unsettled predictions in DB
[SETTLEMENT] No unsettled bets found in DB
[SETTLEMENT] Found 2408 unsettled predictions in DB
[SETTLEMENT] No unsettled bets found in DB
[SETTLEMENT] Found 2487 unsettled predictions in DB
[SETTLEMENT] No unsettled bets found in DB
[SETTLEMENT] Found 2484 unsettled predictions in DB
[SETTLEMENT] No unsettled bets found in DB
[SETTLEMENT] Found 2444 unsettled predictions in DB
[SETTLEMENT] No unsettled bets found in DB
[SETTLEMENT] Found 2323 unsettled predictions in DB
[SETTLEMENT] No unsettled bets found in DB
[SETTLEMENT] Found 2442 unsettled predictions in DB
[SETTLEMENT] No unsettled bets found in DB
[SETTLEMENT] Found 2402 unsettled predictions in DB
[SETTLEMENT] No unsettled bets found in DB
[SETTLEMENT] Found 2441 unsettled predictions in DB
[SETTLEMENT] No unsettled bets found in DB
[SETTLEMENT] Found 2440 unsettled predictions in DB
[SETTLEMENT] No unsettled bets found in DB
[SETTLEMENT] Found 2400 unsettled predictions in DB
[SETTLEMENT] No unsettled bets found in DB
[SETTLEMENT] Found 2440 unsettled predictions in DB
[SETTLEMENT] No unsettled bets found in DB
[SETTLEMENT] Found 2440 unsettled predictions in DB
[SETTLEMENT] No unsettled bets found in DB
[SETTLEMENT] Found 2398 unsettled predictions in DB
[SETTLEMENT] No unsettled bets found in DB
[SETTLEMENT] Found 2437 unsettled predictions in DB
[SETTLEMENT] No unsettled bets found in DB
[SETTLEMENT] Found 2437 unsettled predictions in DB
[SETTLEMENT] No unsettled bets found in DB
[SETTLEMENT] Found 2177 unsettled predictions in DB
[SETTLEMENT] No unsettled bets found in DB
[SETTLEMENT] Found 2377 unsettled predictions in DB
INFO:     Shutting down
INFO:     Waiting for application shutdown.
[SETTLEMENT] Settlement Service shutting down
INFO:     Application shutdown complete.
INFO:     Finished server process [1941]
INFO:     Started server process [133336]
INFO:     Waiting for application startup.
[SETTLEMENT] Settlement Service starting on :8004
INFO:     Application startup complete.
INFO:     Uvicorn running on http://0.0.0.0:8004 (Press CTRL+C to quit)
db_manager PostgreSQL connection pool initialized
[SETTLEMENT] No unsettled bets found in DB
[SETTLEMENT] Found 2377 unsettled predictions in DB
[SETTLEMENT] No unsettled bets found in DB
[SETTLEMENT] Found 2297 unsettled predictions in DB
[SETTLEMENT] No unsettled bets found in DB
[SETTLEMENT] Found 2217 unsettled predictions in DB
[SETTLEMENT] No unsettled bets found in DB
[SETTLEMENT] Found 2259 unsettled predictions in DB
[SETTLEMENT] No unsettled bets found in DB
[SETTLEMENT] Found 2380 unsettled predictions in DB
[SETTLEMENT] No unsettled bets found in DB
[SETTLEMENT] Found 2341 unsettled predictions in DB
[SETTLEMENT] No unsettled bets found in DB
[SETTLEMENT] Found 2377 unsettled predictions in DB
[SETTLEMENT] No unsettled bets found in DB
[SETTLEMENT] Found 2331 unsettled predictions in DB
[SETTLEMENT] No unsettled bets found in DB
[SETTLEMENT] Found 2327 unsettled predictions in DB
[SETTLEMENT] No unsettled bets found in DB
[SETTLEMENT] Found 2367 unsettled predictions in DB
[SETTLEMENT] No unsettled bets found in DB
[SETTLEMENT] Found 2367 unsettled predictions in DB
[SETTLEMENT] No unsettled bets found in DB
[SETTLEMENT] Found 2287 unsettled predictions in DB
[SETTLEMENT] No unsettled bets found in DB
[SETTLEMENT] Found 2427 unsettled predictions in DB
[SETTLEMENT] No unsettled bets found in DB
[SETTLEMENT] Found 2473 unsettled predictions in DB
[SETTLEMENT] No unsettled bets found in DB
[SETTLEMENT] Found 2218 unsettled predictions in DB
[SETTLEMENT] No unsettled bets found in DB
[SETTLEMENT] Found 2268 unsettled predictions in DB
[SETTLEMENT] No unsettled bets found in DB
[SETTLEMENT] Found 2401 unsettled predictions in DB
[SETTLEMENT] No unsettled bets found in DB
[SETTLEMENT] Found 2352 unsettled predictions in DB
[SETTLEMENT] No unsettled bets found in DB
[SETTLEMENT] Found 2399 unsettled predictions in DB
[SETTLEMENT] No unsettled bets found in DB
[SETTLEMENT] Found 2397 unsettled predictions in DB
[SETTLEMENT] No unsettled bets found in DB
[SETTLEMENT] Found 2179 unsettled predictions in DB
[SETTLEMENT] No unsettled bets found in DB
[SETTLEMENT] Found 2400 unsettled predictions in DB
[SETTLEMENT] No unsettled bets found in DB
[SETTLEMENT] Found 2392 unsettled predictions in DB
[SETTLEMENT] No unsettled bets found in DB
[SETTLEMENT] Found 2341 unsettled predictions in DB
[SETTLEMENT] No unsettled bets found in DB
[SETTLEMENT] Found 2375 unsettled predictions in DB
[SETTLEMENT] No unsettled bets found in DB
[SETTLEMENT] Found 2383 unsettled predictions in DB
[SETTLEMENT] No unsettled bets found in DB
[SETTLEMENT] Found 2350 unsettled predictions in DB
[SETTLEMENT] No unsettled bets found in DB
[SETTLEMENT] Found 2388 unsettled predictions in DB
[SETTLEMENT] No unsettled bets found in DB
[SETTLEMENT] Found 2386 unsettled predictions in DB
[SETTLEMENT] No unsettled bets found in DB
[SETTLEMENT] Found 2337 unsettled predictions in DB
[SETTLEMENT] No unsettled bets found in DB
[SETTLEMENT] Found 2383 unsettled predictions in DB
[SETTLEMENT] No unsettled bets found in DB
[SETTLEMENT] Found 2388 unsettled predictions in DB
[SETTLEMENT] No unsettled bets found in DB
[SETTLEMENT] Found 2342 unsettled predictions in DB
[SETTLEMENT] No unsettled bets found in DB
[SETTLEMENT] Found 2395 unsettled predictions in DB
[SETTLEMENT] No unsettled bets found in DB
[SETTLEMENT] Found 2221 unsettled predictions in DB
[SETTLEMENT] No unsettled bets found in DB
[SETTLEMENT] Found 2353 unsettled predictions in DB
[SETTLEMENT] No unsettled bets found in DB
[SETTLEMENT] Found 2390 unsettled predictions in DB
[SETTLEMENT] No unsettled bets found in DB
[SETTLEMENT] Found 2381 unsettled predictions in DB
[SETTLEMENT] No unsettled bets found in DB
[SETTLEMENT] Found 2340 unsettled predictions in DB
[SETTLEMENT] No unsettled bets found in DB
[SETTLEMENT] Found 2256 unsettled predictions in DB
[SETTLEMENT] No unsettled bets found in DB
[SETTLEMENT] Found 2382 unsettled predictions in DB
[SETTLEMENT] No unsettled bets found in DB
[SETTLEMENT] Found 2328 unsettled predictions in DB
[SETTLEMENT] No unsettled bets found in DB
[SETTLEMENT] Found 2306 unsettled predictions in DB
[SETTLEMENT] No unsettled bets found in DB
[SETTLEMENT] Found 2381 unsettled predictions in DB
[SETTLEMENT] No unsettled bets found in DB
[SETTLEMENT] Found 2155 unsettled predictions in DB
[SETTLEMENT] No unsettled bets found in DB
[SETTLEMENT] Found 2275 unsettled predictions in DB
[SETTLEMENT] No unsettled bets found in DB
[SETTLEMENT] Found 2395 unsettled predictions in DB
[SETTLEMENT] No unsettled bets found in DB
[SETTLEMENT] Found 2194 unsettled predictions in DB
[SETTLEMENT] No unsettled bets found in DB
[SETTLEMENT] Found 2274 unsettled predictions in DB
[SETTLEMENT] No unsettled bets found in DB
[SETTLEMENT] Found 2394 unsettled predictions in DB
[SETTLEMENT] No unsettled bets found in DB
[SETTLEMENT] Found 2354 unsettled predictions in DB
[SETTLEMENT] No unsettled bets found in DB
[SETTLEMENT] Found 2234 unsettled predictions in DB
[SETTLEMENT] No unsettled bets found in DB
[SETTLEMENT] Found 2192 unsettled predictions in DB
[SETTLEMENT] No unsettled bets found in DB
[SETTLEMENT] Found 2312 unsettled predictions in DB
[SETTLEMENT] No unsettled bets found in DB
[SETTLEMENT] Found 2244 unsettled predictions in DB
[SETTLEMENT] No unsettled bets found in DB
[SETTLEMENT] Found 2243 unsettled predictions in DB
[SETTLEMENT] No unsettled bets found in DB
[SETTLEMENT] Found 2203 unsettled predictions in DB
[SETTLEMENT] No unsettled bets found in DB
[SETTLEMENT] Found 2242 unsettled predictions in DB
[SETTLEMENT] No unsettled bets found in DB
[SETTLEMENT] Found 2082 unsettled predictions in DB
[SETTLEMENT] No unsettled bets found in DB
[SETTLEMENT] Found 2162 unsettled predictions in DB
[SETTLEMENT] No unsettled bets found in DB
[SETTLEMENT] Found 2242 unsettled predictions in DB
[SETTLEMENT] No unsettled bets found in DB
[SETTLEMENT] Found 2242 unsettled predictions in DB
[SETTLEMENT] No unsettled bets found in DB
[SETTLEMENT] Found 2203 unsettled predictions in DB
[SETTLEMENT] No unsettled bets found in DB
[SETTLEMENT] Found 2245 unsettled predictions in DB
[SETTLEMENT] No unsettled bets found in DB
[SETTLEMENT] Found 2246 unsettled predictions in DB
[SETTLEMENT] No unsettled bets found in DB
[SETTLEMENT] Found 2202 unsettled predictions in DB
[SETTLEMENT] No unsettled bets found in DB
[SETTLEMENT] Found 2242 unsettled predictions in DB
[SETTLEMENT] No unsettled bets found in DB
[SETTLEMENT] Found 2242 unsettled predictions in DB
[SETTLEMENT] No unsettled bets found in DB
[SETTLEMENT] Found 2038 unsettled predictions in DB
[SETTLEMENT] No unsettled bets found in DB
[SETTLEMENT] Found 2238 unsettled predictions in DB
[SETTLEMENT] No unsettled bets found in DB
[SETTLEMENT] Found 2078 unsettled predictions in DB
[SETTLEMENT] No unsettled bets found in DB
[SETTLEMENT] Found 2198 unsettled predictions in DB
[SETTLEMENT] No unsettled bets found in DB
[SETTLEMENT] Found 2222 unsettled predictions in DB
[SETTLEMENT] No unsettled bets found in DB
[SETTLEMENT] Found 2177 unsettled predictions in DB
[SETTLEMENT] No unsettled bets found in DB
[SETTLEMENT] Found 2092 unsettled predictions in DB
[SETTLEMENT] No unsettled bets found in DB
[SETTLEMENT] Found 2292 unsettled predictions in DB
[SETTLEMENT] No unsettled bets found in DB
[SETTLEMENT] Found 2227 unsettled predictions in DB
[SETTLEMENT] No unsettled bets found in DB
[SETTLEMENT] Found 2027 unsettled predictions in DB
[SETTLEMENT] No unsettled bets found in DB
[SETTLEMENT] Found 2187 unsettled predictions in DB
[SETTLEMENT] No unsettled bets found in DB
[SETTLEMENT] Found 2226 unsettled predictions in DB
[SETTLEMENT] No unsettled bets found in DB
[SETTLEMENT] Found 2183 unsettled predictions in DB
[SETTLEMENT] No unsettled bets found in DB
[SETTLEMENT] Found 2223 unsettled predictions in DB
[SETTLEMENT] No unsettled bets found in DB
[SETTLEMENT] Found 2063 unsettled predictions in DB
[SETTLEMENT] No unsettled bets found in DB
[SETTLEMENT] Found 2183 unsettled predictions in DB
[SETTLEMENT] No unsettled bets found in DB
[SETTLEMENT] Found 2103 unsettled predictions in DB
[SETTLEMENT] No unsettled bets found in DB
[SETTLEMENT] Found 2223 unsettled predictions in DB
[SETTLEMENT] No unsettled bets found in DB
[SETTLEMENT] Found 2023 unsettled predictions in DB
[SETTLEMENT] No unsettled bets found in DB
[SETTLEMENT] Found 2223 unsettled predictions in DB
[SETTLEMENT] No unsettled bets found in DB
[SETTLEMENT] Found 2222 unsettled predictions in DB
[SETTLEMENT] No unsettled bets found in DB
[SETTLEMENT] Found 2181 unsettled predictions in DB
[SETTLEMENT] No unsettled bets found in DB
[SETTLEMENT] Found 2221 unsettled predictions in DB
[SETTLEMENT] No unsettled bets found in DB
[SETTLEMENT] Found 2061 unsettled predictions in DB
[SETTLEMENT] No unsettled bets found in DB
[SETTLEMENT] Found 2181 unsettled predictions in DB
[SETTLEMENT] No unsettled bets found in DB
[SETTLEMENT] Found 2221 unsettled predictions in DB
[SETTLEMENT] No unsettled bets found in DB
[SETTLEMENT] Found 2221 unsettled predictions in DB
[SETTLEMENT] No unsettled bets found in DB
[SETTLEMENT] Found 2181 unsettled predictions in DB
[SETTLEMENT] No unsettled bets found in DB
[SETTLEMENT] Found 2101 unsettled predictions in DB
[SETTLEMENT] No unsettled bets found in DB
[SETTLEMENT] Found 2221 unsettled predictions in DB
[SETTLEMENT] No unsettled bets found in DB
[SETTLEMENT] Found 2175 unsettled predictions in DB
[SETTLEMENT] Settlement failed: connection already closed
[SETTLEMENT] Found 2215 unsettled predictions in DB
[SETTLEMENT] No unsettled bets found in DB
[SETTLEMENT] Found 2055 unsettled predictions in DB
[SETTLEMENT] No unsettled bets found in DB
[SETTLEMENT] Found 2136 unsettled predictions in DB
[SETTLEMENT] No unsettled bets found in DB
[SETTLEMENT] Found 2213 unsettled predictions in DB
[SETTLEMENT] No unsettled bets found in DB
[SETTLEMENT] Found 2208 unsettled predictions in DB
[SETTLEMENT] No unsettled bets found in DB
[SETTLEMENT] Found 2124 unsettled predictions in DB
[SETTLEMENT] No unsettled bets found in DB
[SETTLEMENT] Found 2319 unsettled predictions in DB
[SETTLEMENT] No unsettled bets found in DB
[SETTLEMENT] Found 2279 unsettled predictions in DB
[SETTLEMENT] No unsettled bets found in DB
[SETTLEMENT] Found 2044 unsettled predictions in DB
[SETTLEMENT] No unsettled bets found in DB
[SETTLEMENT] Found 2124 unsettled predictions in DB
[SETTLEMENT] No unsettled bets found in DB
[SETTLEMENT] Found 2244 unsettled predictions in DB
[SETTLEMENT] No unsettled bets found in DB
[SETTLEMENT] Found 2203 unsettled predictions in DB
[SETTLEMENT] No unsettled bets found in DB
[SETTLEMENT] Found 2121 unsettled predictions in DB
[SETTLEMENT] No unsettled bets found in DB
[SETTLEMENT] Found 2080 unsettled predictions in DB
[SETTLEMENT] No unsettled bets found in DB
[SETTLEMENT] Found 2160 unsettled predictions in DB
[SETTLEMENT] No unsettled bets found in DB
[SETTLEMENT] Found 2160 unsettled predictions in DB
[SETTLEMENT] No unsettled bets found in DB
[SETTLEMENT] Found 2239 unsettled predictions in DB
[SETTLEMENT] No unsettled bets found in DB
[SETTLEMENT] Found 2039 unsettled predictions in DB
[SETTLEMENT] No unsettled bets found in DB
[SETTLEMENT] Found 1999 unsettled predictions in DB
[SETTLEMENT] No unsettled bets found in DB
[SETTLEMENT] Found 2239 unsettled predictions in DB
[SETTLEMENT] No unsettled bets found in DB
[SETTLEMENT] Found 2199 unsettled predictions in DB
[SETTLEMENT] No unsettled bets found in DB
[SETTLEMENT] Found 2159 unsettled predictions in DB
[SETTLEMENT] No unsettled bets found in DB
[SETTLEMENT] Found 2079 unsettled predictions in DB
[SETTLEMENT] No unsettled bets found in DB
[SETTLEMENT] Found 2199 unsettled predictions in DB
[SETTLEMENT] No unsettled bets found in DB
[SETTLEMENT] Found 2119 unsettled predictions in DB
[SETTLEMENT] No unsettled bets found in DB
[SETTLEMENT] Found 2239 unsettled predictions in DB
[SETTLEMENT] No unsettled bets found in DB
[SETTLEMENT] Found 2023 unsettled predictions in DB
[SETTLEMENT] No unsettled bets found in DB
[SETTLEMENT] Found 2103 unsettled predictions in DB
[SETTLEMENT] No unsettled bets found in DB
[SETTLEMENT] Found 2223 unsettled predictions in DB
[SETTLEMENT] No unsettled bets found in DB
[SETTLEMENT] Found 2184 unsettled predictions in DB
[SETTLEMENT] No unsettled bets found in DB
[SETTLEMENT] Found 2145 unsettled predictions in DB
[SETTLEMENT] No unsettled bets found in DB
[SETTLEMENT] Found 2063 unsettled predictions in DB
[SETTLEMENT] No unsettled bets found in DB
[SETTLEMENT] Found 2183 unsettled predictions in DB
[SETTLEMENT] No unsettled bets found in DB
[SETTLEMENT] Found 1983 unsettled predictions in DB
[SETTLEMENT] No unsettled bets found in DB
[SETTLEMENT] Found 2183 unsettled predictions in DB
[SETTLEMENT] No unsettled bets found in DB
[SETTLEMENT] Found 2183 unsettled predictions in DB
[SETTLEMENT] No unsettled bets found in DB
[SETTLEMENT] Found 2103 unsettled predictions in DB
[SETTLEMENT] No unsettled bets found in DB
[SETTLEMENT] Found 2263 unsettled predictions in DB
[SETTLEMENT] No unsettled bets found in DB
[SETTLEMENT] Found 2223 unsettled predictions in DB
[SETTLEMENT] No unsettled bets found in DB
[SETTLEMENT] Found 1973 unsettled predictions in DB
[SETTLEMENT] No unsettled bets found in DB
[SETTLEMENT] Found 2173 unsettled predictions in DB
[SETTLEMENT] No unsettled bets found in DB
[SETTLEMENT] Found 2172 unsettled predictions in DB
[SETTLEMENT] No unsettled bets found in DB
[SETTLEMENT] Found 2132 unsettled predictions in DB
[SETTLEMENT] No unsettled bets found in DB
[SETTLEMENT] Found 2171 unsettled predictions in DB
[SETTLEMENT] No unsettled bets found in DB
[SETTLEMENT] Found 2170 unsettled predictions in DB
[SETTLEMENT] No unsettled bets found in DB
[SETTLEMENT] Found 1970 unsettled predictions in DB
[SETTLEMENT] No unsettled bets found in DB
[SETTLEMENT] Found 2170 unsettled predictions in DB
[SETTLEMENT] No unsettled bets found in DB
[SETTLEMENT] Found 2169 unsettled predictions in DB
[SETTLEMENT] No unsettled bets found in DB
[SETTLEMENT] Found 2129 unsettled predictions in DB
[SETTLEMENT] No unsettled bets found in DB
[SETTLEMENT] Found 2169 unsettled predictions in DB
[SETTLEMENT] No unsettled bets found in DB
[SETTLEMENT] Found 2169 unsettled predictions in DB
[SETTLEMENT] No unsettled bets found in DB
[SETTLEMENT] Found 2128 unsettled predictions in DB
[SETTLEMENT] No unsettled bets found in DB
[SETTLEMENT] Found 2168 unsettled predictions in DB
[SETTLEMENT] No unsettled bets found in DB
[SETTLEMENT] Found 2168 unsettled predictions in DB
[SETTLEMENT] No unsettled bets found in DB
[SETTLEMENT] Found 1968 unsettled predictions in DB
[SETTLEMENT] No unsettled bets found in DB
[SETTLEMENT] Found 2168 unsettled predictions in DB
[SETTLEMENT] No unsettled bets found in DB
[SETTLEMENT] Found 2008 unsettled predictions in DB
[SETTLEMENT] No unsettled bets found in DB
[SETTLEMENT] Found 2128 unsettled predictions in DB
[SETTLEMENT] No unsettled bets found in DB
[SETTLEMENT] Found 2168 unsettled predictions in DB
[SETTLEMENT] No unsettled bets found in DB
[SETTLEMENT] Found 2166 unsettled predictions in DB
[SETTLEMENT] No unsettled bets found in DB
[SETTLEMENT] Found 2126 unsettled predictions in DB
[SETTLEMENT] No unsettled bets found in DB
[SETTLEMENT] Found 2160 unsettled predictions in DB
[SETTLEMENT] No unsettled bets found in DB
[SETTLEMENT] Found 2155 unsettled predictions in DB
[SETTLEMENT] No unsettled bets found in DB
[SETTLEMENT] Found 2116 unsettled predictions in DB
[SETTLEMENT] No unsettled bets found in DB
[SETTLEMENT] Found 2068 unsettled predictions in DB
[SETTLEMENT] No unsettled bets found in DB
[SETTLEMENT] Found 2019 unsettled predictions in DB
[SETTLEMENT] No unsettled bets found in DB
[SETTLEMENT] Found 2139 unsettled predictions in DB
[SETTLEMENT] No unsettled bets found in DB
[SETTLEMENT] Found 2139 unsettled predictions in DB
[SETTLEMENT] No unsettled bets found in DB
[SETTLEMENT] Found 2059 unsettled predictions in DB
[SETTLEMENT] No unsettled bets found in DB
[SETTLEMENT] Found 2179 unsettled predictions in DB
[SETTLEMENT] No unsettled bets found in DB
[SETTLEMENT] Found 2053 unsettled predictions in DB
[SETTLEMENT] No unsettled bets found in DB
[SETTLEMENT] Found 2133 unsettled predictions in DB
[SETTLEMENT] No unsettled bets found in DB
[SETTLEMENT] Found 2132 unsettled predictions in DB
[SETTLEMENT] No unsettled bets found in DB
[SETTLEMENT] Found 2092 unsettled predictions in DB
[SETTLEMENT] No unsettled bets found in DB
[SETTLEMENT] Found 2092 unsettled predictions in DB
[SETTLEMENT] No unsettled bets found in DB
[SETTLEMENT] Found 2132 unsettled predictions in DB
[SETTLEMENT] No unsettled bets found in DB
[SETTLEMENT] Found 2052 unsettled predictions in DB
[SETTLEMENT] No unsettled bets found in DB
[SETTLEMENT] Found 2012 unsettled predictions in DB
[SETTLEMENT] No unsettled bets found in DB
[SETTLEMENT] Found 2092 unsettled predictions in DB
[SETTLEMENT] No unsettled bets found in DB
[SETTLEMENT] Found 1932 unsettled predictions in DB
[SETTLEMENT] No unsettled bets found in DB
[SETTLEMENT] Found 2132 unsettled predictions in DB
[SETTLEMENT] No unsettled bets found in DB
[SETTLEMENT] Found 2131 unsettled predictions in DB
[SETTLEMENT] No unsettled bets found in DB
[SETTLEMENT] Found 2091 unsettled predictions in DB
[SETTLEMENT] No unsettled bets found in DB
[SETTLEMENT] Found 2010 unsettled predictions in DB
[SETTLEMENT] No unsettled bets found in DB
[SETTLEMENT] Found 1970 unsettled predictions in DB
[SETTLEMENT] No unsettled bets found in DB
[SETTLEMENT] Found 2090 unsettled predictions in DB
[SETTLEMENT] No unsettled bets found in DB
[SETTLEMENT] Found 2170 unsettled predictions in DB
[SETTLEMENT] No unsettled bets found in DB
[SETTLEMENT] Found 2131 unsettled predictions in DB
[SETTLEMENT] No unsettled bets found in DB
[SETTLEMENT] Found 2173 unsettled predictions in DB
[SETTLEMENT] No unsettled bets found in DB
[SETTLEMENT] Found 2174 unsettled predictions in DB
[SETTLEMENT] No unsettled bets found in DB
[SETTLEMENT] Found 1970 unsettled predictions in DB
[SETTLEMENT] No unsettled bets found in DB
[SETTLEMENT] Found 2044 unsettled predictions in DB
[SETTLEMENT] No unsettled bets found in DB
[SETTLEMENT] Found 2164 unsettled predictions in DB
[SETTLEMENT] No unsettled bets found in DB
[SETTLEMENT] Found 2124 unsettled predictions in DB
[SETTLEMENT] No unsettled bets found in DB
[SETTLEMENT] Found 1919 unsettled predictions in DB
[SETTLEMENT] No unsettled bets found in DB
[SETTLEMENT] Found 2159 unsettled predictions in DB
[SETTLEMENT] No unsettled bets found in DB
[SETTLEMENT] Found 2120 unsettled predictions in DB
[SETTLEMENT] No unsettled bets found in DB
[SETTLEMENT] Found 1994 unsettled predictions in DB
[SETTLEMENT] No unsettled bets found in DB
[SETTLEMENT] Found 2075 unsettled predictions in DB
[SETTLEMENT] No unsettled bets found in DB
[SETTLEMENT] Found 2155 unsettled predictions in DB
[SETTLEMENT] No unsettled bets found in DB
[SETTLEMENT] Found 1911 unsettled predictions in DB
[SETTLEMENT] No unsettled bets found in DB
[SETTLEMENT] Found 1991 unsettled predictions in DB
[SETTLEMENT] No unsettled bets found in DB
[SETTLEMENT] Found 2111 unsettled predictions in DB
[SETTLEMENT] No unsettled bets found in DB
[SETTLEMENT] Found 2070 unsettled predictions in DB
[SETTLEMENT] No unsettled bets found in DB
[SETTLEMENT] Found 2149 unsettled predictions in DB
[SETTLEMENT] No unsettled bets found in DB
[SETTLEMENT] Found 2109 unsettled predictions in DB
[SETTLEMENT] No unsettled bets found in DB
[SETTLEMENT] Found 2189 unsettled predictions in DB
[SETTLEMENT] No unsettled bets found in DB
[SETTLEMENT] Found 2149 unsettled predictions in DB
[SETTLEMENT] No unsettled bets found in DB
[SETTLEMENT] Found 1949 unsettled predictions in DB
[SETTLEMENT] No unsettled bets found in DB
[SETTLEMENT] Found 2069 unsettled predictions in DB
[SETTLEMENT] No unsettled bets found in DB
[SETTLEMENT] Found 2148 unsettled predictions in DB
[SETTLEMENT] No unsettled bets found in DB
[SETTLEMENT] Found 1946 unsettled predictions in DB
[SETTLEMENT] No unsettled bets found in DB
[SETTLEMENT] Found 1905 unsettled predictions in DB
[SETTLEMENT] No unsettled bets found in DB
[SETTLEMENT] Found 2145 unsettled predictions in DB
[SETTLEMENT] No unsettled bets found in DB
[SETTLEMENT] Found 2104 unsettled predictions in DB
[SETTLEMENT] No unsettled bets found in DB
[SETTLEMENT] Found 2063 unsettled predictions in DB
[SETTLEMENT] No unsettled bets found in DB
[SETTLEMENT] Found 1983 unsettled predictions in DB
[SETTLEMENT] No unsettled bets found in DB
[SETTLEMENT] Found 2103 unsettled predictions in DB
[SETTLEMENT] No unsettled bets found in DB
[SETTLEMENT] Found 2023 unsettled predictions in DB
[SETTLEMENT] No unsettled bets found in DB
[SETTLEMENT] Found 2143 unsettled predictions in DB
[SETTLEMENT] No unsettled bets found in DB
[SETTLEMENT] Found 1943 unsettled predictions in DB
[SETTLEMENT] No unsettled bets found in DB
[SETTLEMENT] Found 2183 unsettled predictions in DB
[SETTLEMENT] No unsettled bets found in DB
[SETTLEMENT] Found 2143 unsettled predictions in DB
[SETTLEMENT] No unsettled bets found in DB
[SETTLEMENT] Found 2097 unsettled predictions in DB
[SETTLEMENT] No unsettled bets found in DB
[SETTLEMENT] Found 2177 unsettled predictions in DB
[SETTLEMENT] No unsettled bets found in DB
[SETTLEMENT] Found 1977 unsettled predictions in DB
[SETTLEMENT] No unsettled bets found in DB
[SETTLEMENT] Found 2097 unsettled predictions in DB
[SETTLEMENT] No unsettled bets found in DB
[SETTLEMENT] Found 2011 unsettled predictions in DB
[SETTLEMENT] No unsettled bets found in DB
[SETTLEMENT] Found 2131 unsettled predictions in DB
[SETTLEMENT] No unsettled bets found in DB
[SETTLEMENT] Found 2051 unsettled predictions in DB
[SETTLEMENT] No unsettled bets found in DB
[SETTLEMENT] Found 1966 unsettled predictions in DB
[SETTLEMENT] No unsettled bets found in DB
[SETTLEMENT] Found 2166 unsettled predictions in DB
[SETTLEMENT] No unsettled bets found in DB
[SETTLEMENT] Found 1925 unsettled predictions in DB
[SETTLEMENT] No unsettled bets found in DB
[SETTLEMENT] Found 2045 unsettled predictions in DB
[SETTLEMENT] No unsettled bets found in DB
[SETTLEMENT] Found 2087 unsettled predictions in DB
[SETTLEMENT] No unsettled bets found in DB
[SETTLEMENT] Found 2087 unsettled predictions in DB
[SETTLEMENT] No unsettled bets found in DB
[SETTLEMENT] Found 2048 unsettled predictions in DB
[SETTLEMENT] No unsettled bets found in DB
[SETTLEMENT] Found 1964 unsettled predictions in DB
[SETTLEMENT] No unsettled bets found in DB
[SETTLEMENT] Found 2084 unsettled predictions in DB
[SETTLEMENT] No unsettled bets found in DB
[SETTLEMENT] Found 1883 unsettled predictions in DB
[SETTLEMENT] No unsettled bets found in DB
[SETTLEMENT] Found 2123 unsettled predictions in DB
[SETTLEMENT] No unsettled bets found in DB
[SETTLEMENT] Found 2083 unsettled predictions in DB
[SETTLEMENT] No unsettled bets found in DB
[SETTLEMENT] Found 2163 unsettled predictions in DB
[SETTLEMENT] No unsettled bets found in DB
[SETTLEMENT] Found 2123 unsettled predictions in DB
[SETTLEMENT] No unsettled bets found in DB
[SETTLEMENT] Found 1923 unsettled predictions in DB
[SETTLEMENT] No unsettled bets found in DB
[SETTLEMENT] Found 2163 unsettled predictions in DB
[SETTLEMENT] No unsettled bets found in DB
[SETTLEMENT] Found 1963 unsettled predictions in DB
[SETTLEMENT] No unsettled bets found in DB
[SETTLEMENT] Found 2083 unsettled predictions in DB
[SETTLEMENT] No unsettled bets found in DB
[SETTLEMENT] Found 1859 unsettled predictions in DB
[SETTLEMENT] No unsettled bets found in DB
[SETTLEMENT] Found 1979 unsettled predictions in DB
[SETTLEMENT] No unsettled bets found in DB
[SETTLEMENT] Found 1779 unsettled predictions in DB
[SETTLEMENT] No unsettled bets found in DB
[SETTLEMENT] Found 1739 unsettled predictions in DB
[SETTLEMENT] No unsettled bets found in DB
[SETTLEMENT] Found 1819 unsettled predictions in DB
[SETTLEMENT] No unsettled bets found in DB
[SETTLEMENT] Found 1939 unsettled predictions in DB
[SETTLEMENT] No unsettled bets found in DB
[SETTLEMENT] Found 1899 unsettled predictions in DB
[SETTLEMENT] No unsettled bets found in DB
[SETTLEMENT] Found 1979 unsettled predictions in DB
[SETTLEMENT] No unsettled bets found in DB
[SETTLEMENT] Found 1939 unsettled predictions in DB
[SETTLEMENT] No unsettled bets found in DB
[SETTLEMENT] Found 1859 unsettled predictions in DB
[SETTLEMENT] No unsettled bets found in DB
[SETTLEMENT] Found 1979 unsettled predictions in DB
[SETTLEMENT] No unsettled bets found in DB
[SETTLEMENT] Found 1779 unsettled predictions in DB
[SETTLEMENT] No unsettled bets found in DB
[SETTLEMENT] Found 1859 unsettled predictions in DB
[SETTLEMENT] No unsettled bets found in DB
[SETTLEMENT] Found 1843 unsettled predictions in DB
[SETTLEMENT] No unsettled bets found in DB
[SETTLEMENT] Found 1963 unsettled predictions in DB
[SETTLEMENT] No unsettled bets found in DB
[SETTLEMENT] Found 1883 unsettled predictions in DB
[SETTLEMENT] No unsettled bets found in DB
[SETTLEMENT] Found 1933 unsettled predictions in DB
[SETTLEMENT] No unsettled bets found in DB
[SETTLEMENT] Found 1772 unsettled predictions in DB
[SETTLEMENT] No unsettled bets found in DB
[SETTLEMENT] Found 1892 unsettled predictions in DB
[SETTLEMENT] No unsettled bets found in DB
[SETTLEMENT] Found 1812 unsettled predictions in DB
[SETTLEMENT] No unsettled bets found in DB
[SETTLEMENT] Found 1932 unsettled predictions in DB
[SETTLEMENT] No unsettled bets found in DB
[SETTLEMENT] Found 1732 unsettled predictions in DB
[SETTLEMENT] No unsettled bets found in DB
[SETTLEMENT] Found 1932 unsettled predictions in DB
[SETTLEMENT] No unsettled bets found in DB
[SETTLEMENT] Found 1772 unsettled predictions in DB
[SETTLEMENT] No unsettled bets found in DB
[SETTLEMENT] Found 1892 unsettled predictions in DB
[SETTLEMENT] No unsettled bets found in DB
[SETTLEMENT] Found 1764 unsettled predictions in DB
[SETTLEMENT] No unsettled bets found in DB
[SETTLEMENT] Found 1844 unsettled predictions in DB
[SETTLEMENT] No unsettled bets found in DB
[SETTLEMENT] Found 1843 unsettled predictions in DB
[SETTLEMENT] No unsettled bets found in DB
[SETTLEMENT] Found 1882 unsettled predictions in DB
[SETTLEMENT] No unsettled bets found in DB
[SETTLEMENT] Found 1881 unsettled predictions in DB
[SETTLEMENT] No unsettled bets found in DB
[SETTLEMENT] Found 1681 unsettled predictions in DB
[SETTLEMENT] No unsettled bets found in DB
[SETTLEMENT] Found 1881 unsettled predictions in DB
[SETTLEMENT] No unsettled bets found in DB
[SETTLEMENT] Found 1651 unsettled predictions in DB
[SETTLEMENT] No unsettled bets found in DB
[SETTLEMENT] Found 1771 unsettled predictions in DB
[SETTLEMENT] No unsettled bets found in DB
[SETTLEMENT] Found 1691 unsettled predictions in DB
[SETTLEMENT] No unsettled bets found in DB
[SETTLEMENT] Found 1811 unsettled predictions in DB
[SETTLEMENT] No unsettled bets found in DB
[SETTLEMENT] Found 1611 unsettled predictions in DB
[SETTLEMENT] No unsettled bets found in DB
[SETTLEMENT] Found 1811 unsettled predictions in DB
[SETTLEMENT] No unsettled bets found in DB
[SETTLEMENT] Found 1645 unsettled predictions in DB
[SETTLEMENT] No unsettled bets found in DB
[SETTLEMENT] Found 1726 unsettled predictions in DB
[SETTLEMENT] No unsettled bets found in DB
[SETTLEMENT] Found 1688 unsettled predictions in DB
[SETTLEMENT] No unsettled bets found in DB
[SETTLEMENT] Found 1763 unsettled predictions in DB
[SETTLEMENT] No unsettled bets found in DB
[SETTLEMENT] Found 1755 unsettled predictions in DB
[SETTLEMENT] No unsettled bets found in DB
[SETTLEMENT] Found 1785 unsettled predictions in DB
[SETTLEMENT] No unsettled bets found in DB
[SETTLEMENT] Found 1865 unsettled predictions in DB
[SETTLEMENT] No unsettled bets found in DB
[SETTLEMENT] Found 1845 unsettled predictions in DB
[SETTLEMENT] No unsettled bets found in DB
[SETTLEMENT] Found 1885 unsettled predictions in DB
[SETTLEMENT] No unsettled bets found in DB
[SETTLEMENT] Found 1845 unsettled predictions in DB
[SETTLEMENT] No unsettled bets found in DB
[SETTLEMENT] Found 1804 unsettled predictions in DB
[SETTLEMENT] No unsettled bets found in DB
[SETTLEMENT] Found 1724 unsettled predictions in DB
[SETTLEMENT] No unsettled bets found in DB
[SETTLEMENT] Found 1844 unsettled predictions in DB
[SETTLEMENT] No unsettled bets found in DB
[SETTLEMENT] Found 1644 unsettled predictions in DB
[SETTLEMENT] No unsettled bets found in DB
[SETTLEMENT] Found 1884 unsettled predictions in DB
[SETTLEMENT] No unsettled bets found in DB
[SETTLEMENT] Found 1683 unsettled predictions in DB
[SETTLEMENT] No unsettled bets found in DB
[SETTLEMENT] Found 1803 unsettled predictions in DB
[SETTLEMENT] No unsettled bets found in DB
[SETTLEMENT] Found 1842 unsettled predictions in DB
[SETTLEMENT] No unsettled bets found in DB
[SETTLEMENT] Found 1802 unsettled predictions in DB
[SETTLEMENT] No unsettled bets found in DB
[SETTLEMENT] Found 1761 unsettled predictions in DB
[SETTLEMENT] No unsettled bets found in DB
[SETTLEMENT] Found 1801 unsettled predictions in DB
[SETTLEMENT] No unsettled bets found in DB
[SETTLEMENT] Found 1800 unsettled predictions in DB
[SETTLEMENT] No unsettled bets found in DB
[SETTLEMENT] Found 1760 unsettled predictions in DB
[SETTLEMENT] No unsettled bets found in DB
[SETTLEMENT] Found 1800 unsettled predictions in DB
[SETTLEMENT] No unsettled bets found in DB
[SETTLEMENT] Found 1640 unsettled predictions in DB
[SETTLEMENT] No unsettled bets found in DB
[SETTLEMENT] Found 1760 unsettled predictions in DB
[SETTLEMENT] No unsettled bets found in DB
[SETTLEMENT] Found 1795 unsettled predictions in DB
[SETTLEMENT] No unsettled bets found in DB
[SETTLEMENT] Found 1796 unsettled predictions in DB
[SETTLEMENT] No unsettled bets found in DB
[SETTLEMENT] Found 1756 unsettled predictions in DB
[SETTLEMENT] No unsettled bets found in DB
[SETTLEMENT] Found 1797 unsettled predictions in DB
[SETTLEMENT] No unsettled bets found in DB
[SETTLEMENT] Found 1794 unsettled predictions in DB
[SETTLEMENT] No unsettled bets found in DB
[SETTLEMENT] Found 1754 unsettled predictions in DB
[SETTLEMENT] No unsettled bets found in DB
[SETTLEMENT] Found 1794 unsettled predictions in DB
[SETTLEMENT] No unsettled bets found in DB
[SETTLEMENT] Found 1634 unsettled predictions in DB
[SETTLEMENT] No unsettled bets found in DB
[SETTLEMENT] Found 1749 unsettled predictions in DB
[SETTLEMENT] No unsettled bets found in DB
[SETTLEMENT] Found 1659 unsettled predictions in DB
[SETTLEMENT] No unsettled bets found in DB
[SETTLEMENT] Found 1734 unsettled predictions in DB
[SETTLEMENT] No unsettled bets found in DB
[SETTLEMENT] Found 1674 unsettled predictions in DB
[SETTLEMENT] No unsettled bets found in DB
[SETTLEMENT] Found 1915 unsettled predictions in DB
[SETTLEMENT] No unsettled bets found in DB
[SETTLEMENT] Found 1830 unsettled predictions in DB
[SETTLEMENT] No unsettled bets found in DB
[SETTLEMENT] Found 1791 unsettled predictions in DB
[SETTLEMENT] No unsettled bets found in DB
[SETTLEMENT] Found 1708 unsettled predictions in DB
[SETTLEMENT] No unsettled bets found in DB
[SETTLEMENT] Found 1828 unsettled predictions in DB
[SETTLEMENT] No unsettled bets found in DB
[SETTLEMENT] Found 1628 unsettled predictions in DB
[SETTLEMENT] No unsettled bets found in DB
[SETTLEMENT] Found 1708 unsettled predictions in DB
[SETTLEMENT] No unsettled bets found in DB
[SETTLEMENT] Found 1667 unsettled predictions in DB
[SETTLEMENT] No unsettled bets found in DB
[SETTLEMENT] Found 1787 unsettled predictions in DB
[SETTLEMENT] No unsettled bets found in DB
[SETTLEMENT] Found 1662 unsettled predictions in DB
[SETTLEMENT] No unsettled bets found in DB
[SETTLEMENT] Found 1782 unsettled predictions in DB
[SETTLEMENT] No unsettled bets found in DB
[SETTLEMENT] Found 1582 unsettled predictions in DB
[SETTLEMENT] No unsettled bets found in DB
[SETTLEMENT] Found 1662 unsettled predictions in DB
[SETTLEMENT] No unsettled bets found in DB
[SETTLEMENT] Found 1621 unsettled predictions in DB
[SETTLEMENT] No unsettled bets found in DB
[SETTLEMENT] Found 1741 unsettled predictions in DB
[SETTLEMENT] No unsettled bets found in DB
[SETTLEMENT] Found 1781 unsettled predictions in DB
[SETTLEMENT] No unsettled bets found in DB
[SETTLEMENT] Found 1741 unsettled predictions in DB
[SETTLEMENT] No unsettled bets found in DB
[SETTLEMENT] Found 1701 unsettled predictions in DB
[SETTLEMENT] No unsettled bets found in DB
[SETTLEMENT] Found 1593 unsettled predictions in DB
[SETTLEMENT] No unsettled bets found in DB
[SETTLEMENT] Found 1713 unsettled predictions in DB
[SETTLEMENT] No unsettled bets found in DB
[SETTLEMENT] Found 1673 unsettled predictions in DB
[SETTLEMENT] No unsettled bets found in DB
[SETTLEMENT] Found 1713 unsettled predictions in DB
[SETTLEMENT] No unsettled bets found in DB
[SETTLEMENT] Found 1593 unsettled predictions in DB
[SETTLEMENT] No unsettled bets found in DB
[SETTLEMENT] Found 1673 unsettled predictions in DB
[SETTLEMENT] No unsettled bets found in DB
[SETTLEMENT] Found 1633 unsettled predictions in DB
[SETTLEMENT] No unsettled bets found in DB
[SETTLEMENT] Found 1753 unsettled predictions in DB
[SETTLEMENT] No unsettled bets found in DB
[SETTLEMENT] Found 1707 unsettled predictions in DB
[SETTLEMENT] No unsettled bets found in DB
[SETTLEMENT] Found 1627 unsettled predictions in DB
[SETTLEMENT] No unsettled bets found in DB
[SETTLEMENT] Found 1587 unsettled predictions in DB
[SETTLEMENT] No unsettled bets found in DB
[SETTLEMENT] Found 1667 unsettled predictions in DB
[SETTLEMENT] No unsettled bets found in DB
[SETTLEMENT] Found 1587 unsettled predictions in DB
[SETTLEMENT] No unsettled bets found in DB
[SETTLEMENT] Found 1787 unsettled predictions in DB
[SETTLEMENT] No unsettled bets found in DB
[SETTLEMENT] Found 1706 unsettled predictions in DB
[SETTLEMENT] No unsettled bets found in DB
[SETTLEMENT] Found 1786 unsettled predictions in DB
[SETTLEMENT] No unsettled bets found in DB
[SETTLEMENT] Found 1582 unsettled predictions in DB
[SETTLEMENT] No unsettled bets found in DB
[SETTLEMENT] Found 1702 unsettled predictions in DB
[SETTLEMENT] No unsettled bets found in DB
[SETTLEMENT] Found 1621 unsettled predictions in DB
[SETTLEMENT] No unsettled bets found in DB
[SETTLEMENT] Found 1741 unsettled predictions in DB
[SETTLEMENT] No unsettled bets found in DB
[SETTLEMENT] Found 1701 unsettled predictions in DB
[SETTLEMENT] No unsettled bets found in DB
[SETTLEMENT] Found 1780 unsettled predictions in DB
[SETTLEMENT] No unsettled bets found in DB
[SETTLEMENT] Found 1580 unsettled predictions in DB
[SETTLEMENT] No unsettled bets found in DB
[SETTLEMENT] Found 1700 unsettled predictions in DB
[SETTLEMENT] No unsettled bets found in DB
[SETTLEMENT] Found 1739 unsettled predictions in DB
[SETTLEMENT] No unsettled bets found in DB
[SETTLEMENT] Found 1698 unsettled predictions in DB
[SETTLEMENT] No unsettled bets found in DB
[SETTLEMENT] Found 1658 unsettled predictions in DB
[SETTLEMENT] No unsettled bets found in DB
[SETTLEMENT] Found 1537 unsettled predictions in DB
[SETTLEMENT] No unsettled bets found in DB
[SETTLEMENT] Found 1657 unsettled predictions in DB
[SETTLEMENT] No unsettled bets found in DB
[SETTLEMENT] Found 1616 unsettled predictions in DB
[SETTLEMENT] No unsettled bets found in DB
[SETTLEMENT] Found 1656 unsettled predictions in DB
[SETTLEMENT] No unsettled bets found in DB
[SETTLEMENT] Found 1496 unsettled predictions in DB
[SETTLEMENT] No unsettled bets found in DB
[SETTLEMENT] Found 1576 unsettled predictions in DB
[SETTLEMENT] No unsettled bets found in DB
[SETTLEMENT] Found 1536 unsettled predictions in DB
[SETTLEMENT] No unsettled bets found in DB
[SETTLEMENT] Found 1656 unsettled predictions in DB
[SETTLEMENT] No unsettled bets found in DB
[SETTLEMENT] Found 1456 unsettled predictions in DB
[SETTLEMENT] No unsettled bets found in DB
[SETTLEMENT] Found 1656 unsettled predictions in DB
[SETTLEMENT] No unsettled bets found in DB
[SETTLEMENT] Found 1496 unsettled predictions in DB
[SETTLEMENT] No unsettled bets found in DB
[SETTLEMENT] Found 1617 unsettled predictions in DB
[SETTLEMENT] No unsettled bets found in DB
[SETTLEMENT] Found 1659 unsettled predictions in DB
[SETTLEMENT] No unsettled bets found in DB
[SETTLEMENT] Found 1660 unsettled predictions in DB
[SETTLEMENT] No unsettled bets found in DB
[SETTLEMENT] Found 1456 unsettled predictions in DB
[SETTLEMENT] No unsettled bets found in DB
[SETTLEMENT] Found 1651 unsettled predictions in DB
[SETTLEMENT] No unsettled bets found in DB
[SETTLEMENT] Found 1726 unsettled predictions in DB
[SETTLEMENT] No unsettled bets found in DB
[SETTLEMENT] Found 1685 unsettled predictions in DB
[SETTLEMENT] No unsettled bets found in DB
[SETTLEMENT] Found 1576 unsettled predictions in DB
[SETTLEMENT] No unsettled bets found in DB
[SETTLEMENT] Found 1697 unsettled predictions in DB
[SETTLEMENT] No unsettled bets found in DB
[SETTLEMENT] Found 1658 unsettled predictions in DB
[SETTLEMENT] No unsettled bets found in DB
[SETTLEMENT] Found 1698 unsettled predictions in DB
[SETTLEMENT] No unsettled bets found in DB
[SETTLEMENT] Found 1654 unsettled predictions in DB
[SETTLEMENT] No unsettled bets found in DB
[SETTLEMENT] Found 1613 unsettled predictions in DB
[SETTLEMENT] No unsettled bets found in DB
[SETTLEMENT] Found 1547 unsettled predictions in DB
[SETTLEMENT] No unsettled bets found in DB
[SETTLEMENT] Found 1667 unsettled predictions in DB
[SETTLEMENT] No unsettled bets found in DB
[SETTLEMENT] Found 1627 unsettled predictions in DB
[SETTLEMENT] No unsettled bets found in DB
[SETTLEMENT] Found 1572 unsettled predictions in DB
[SETTLEMENT] No unsettled bets found in DB
[SETTLEMENT] Found 1532 unsettled predictions in DB
[SETTLEMENT] No unsettled bets found in DB
[SETTLEMENT] Found 1652 unsettled predictions in DB
[SETTLEMENT] No unsettled bets found in DB
[SETTLEMENT] Found 1531 unsettled predictions in DB
[SETTLEMENT] No unsettled bets found in DB
[SETTLEMENT] Found 1651 unsettled predictions in DB
[SETTLEMENT] No unsettled bets found in DB
[SETTLEMENT] Found 1451 unsettled predictions in DB
[SETTLEMENT] No unsettled bets found in DB
[SETTLEMENT] Found 1651 unsettled predictions in DB
[SETTLEMENT] No unsettled bets found in DB
[SETTLEMENT] Found 1431 unsettled predictions in DB
[SETTLEMENT] No unsettled bets found in DB
[SETTLEMENT] Found 1551 unsettled predictions in DB
[SETTLEMENT] No unsettled bets found in DB
[SETTLEMENT] Found 1471 unsettled predictions in DB
[SETTLEMENT] No unsettled bets found in DB
[SETTLEMENT] Found 1591 unsettled predictions in DB
[SETTLEMENT] No unsettled bets found in DB
[SETTLEMENT] Found 1551 unsettled predictions in DB
[SETTLEMENT] No unsettled bets found in DB
[SETTLEMENT] Found 1591 unsettled predictions in DB
[SETTLEMENT] No unsettled bets found in DB
[SETTLEMENT] Found 1591 unsettled predictions in DB
[SETTLEMENT] No unsettled bets found in DB
[SETTLEMENT] Found 1385 unsettled predictions in DB
[SETTLEMENT] No unsettled bets found in DB
[SETTLEMENT] Found 1545 unsettled predictions in DB
[SETTLEMENT] No unsettled bets found in DB
[SETTLEMENT] Found 1425 unsettled predictions in DB
[SETTLEMENT] No unsettled bets found in DB
[SETTLEMENT] Found 1540 unsettled predictions in DB
[SETTLEMENT] No unsettled bets found in DB
[SETTLEMENT] Found 1570 unsettled predictions in DB
[SETTLEMENT] No unsettled bets found in DB
[SETTLEMENT] Found 1525 unsettled predictions in DB
[SETTLEMENT] No unsettled bets found in DB
[SETTLEMENT] Found 1600 unsettled predictions in DB
[SETTLEMENT] No unsettled bets found in DB
[SETTLEMENT] Found 1685 unsettled predictions in DB
[SETTLEMENT] No unsettled bets found in DB
[SETTLEMENT] Found 1450 unsettled predictions in DB
[SETTLEMENT] No unsettled bets found in DB
[SETTLEMENT] Found 1410 unsettled predictions in DB
[SETTLEMENT] No unsettled bets found in DB
[SETTLEMENT] Found 1505 unsettled predictions in DB
[SETTLEMENT] No unsettled bets found in DB
[SETTLEMENT] Found 1465 unsettled predictions in DB
[SETTLEMENT] No unsettled bets found in DB
[SETTLEMENT] Found 1585 unsettled predictions in DB
[SETTLEMENT] No unsettled bets found in DB
[SETTLEMENT] Found 1463 unsettled predictions in DB
[SETTLEMENT] No unsettled bets found in DB
[SETTLEMENT] Found 1583 unsettled predictions in DB
[SETTLEMENT] No unsettled bets found in DB
[SETTLEMENT] Found 1382 unsettled predictions in DB
[SETTLEMENT] No unsettled bets found in DB
[SETTLEMENT] Found 1622 unsettled predictions in DB
[SETTLEMENT] No unsettled bets found in DB
[SETTLEMENT] Found 1462 unsettled predictions in DB
[SETTLEMENT] No unsettled bets found in DB
[SETTLEMENT] Found 1542 unsettled predictions in DB
[SETTLEMENT] No unsettled bets found in DB
[SETTLEMENT] Found 1662 unsettled predictions in DB
[SETTLEMENT] No unsettled bets found in DB
[SETTLEMENT] Found 1582 unsettled predictions in DB
[SETTLEMENT] No unsettled bets found in DB
[SETTLEMENT] Found 1422 unsettled predictions in DB
[SETTLEMENT] No unsettled bets found in DB
[SETTLEMENT] Found 1502 unsettled predictions in DB
[SETTLEMENT] No unsettled bets found in DB
[SETTLEMENT] Found 1462 unsettled predictions in DB
[SETTLEMENT] No unsettled bets found in DB
[SETTLEMENT] Found 1542 unsettled predictions in DB
[SETTLEMENT] No unsettled bets found in DB
[SETTLEMENT] Found 1662 unsettled predictions in DB
[SETTLEMENT] No unsettled bets found in DB
[SETTLEMENT] Found 1622 unsettled predictions in DB
[SETTLEMENT] No unsettled bets found in DB
[SETTLEMENT] Found 1583 unsettled predictions in DB
[SETTLEMENT] No unsettled bets found in DB
[SETTLEMENT] Found 1384 unsettled predictions in DB
[SETTLEMENT] No unsettled bets found in DB
[SETTLEMENT] Found 1626 unsettled predictions in DB
[SETTLEMENT] No unsettled bets found in DB
[SETTLEMENT] Found 1422 unsettled predictions in DB
[SETTLEMENT] No unsettled bets found in DB
[SETTLEMENT] Found 1542 unsettled predictions in DB
[SETTLEMENT] No unsettled bets found in DB
[SETTLEMENT] Found 1462 unsettled predictions in DB
[SETTLEMENT] No unsettled bets found in DB
[SETTLEMENT] Found 1582 unsettled predictions in DB
[SETTLEMENT] No unsettled bets found in DB
[SETTLEMENT] Found 1382 unsettled predictions in DB
[SETTLEMENT] No unsettled bets found in DB
[SETTLEMENT] Found 1582 unsettled predictions in DB
[SETTLEMENT] No unsettled bets found in DB
[SETTLEMENT] Found 1542 unsettled predictions in DB
[SETTLEMENT] No unsettled bets found in DB
[SETTLEMENT] Found 1622 unsettled predictions in DB
[SETTLEMENT] No unsettled bets found in DB
[SETTLEMENT] Found 1662 unsettled predictions in DB
[SETTLEMENT] No unsettled bets found in DB
[SETTLEMENT] Found 1582 unsettled predictions in DB
[SETTLEMENT] No unsettled bets found in DB
[SETTLEMENT] Found 1542 unsettled predictions in DB
[SETTLEMENT] No unsettled bets found in DB
[SETTLEMENT] Found 1461 unsettled predictions in DB
[SETTLEMENT] No unsettled bets found in DB
[SETTLEMENT] Found 1581 unsettled predictions in DB
[SETTLEMENT] No unsettled bets found in DB
[SETTLEMENT] Found 1541 unsettled predictions in DB
[SETTLEMENT] No unsettled bets found in DB
[SETTLEMENT] Found 1581 unsettled predictions in DB
[SETTLEMENT] No unsettled bets found in DB
[SETTLEMENT] Found 1581 unsettled predictions in DB
[SETTLEMENT] No unsettled bets found in DB
[SETTLEMENT] Found 1381 unsettled predictions in DB
[SETTLEMENT] No unsettled bets found in DB
[SETTLEMENT] Found 1461 unsettled predictions in DB
[SETTLEMENT] No unsettled bets found in DB
[SETTLEMENT] Found 1581 unsettled predictions in DB
[SETTLEMENT] No unsettled bets found in DB
[SETTLEMENT] Found 1381 unsettled predictions in DB
[SETTLEMENT] No unsettled bets found in DB
[SETTLEMENT] Found 1541 unsettled predictions in DB
[SETTLEMENT] No unsettled bets found in DB
[SETTLEMENT] Found 1581 unsettled predictions in DB
[SETTLEMENT] No unsettled bets found in DB
[SETTLEMENT] Found 1541 unsettled predictions in DB
[SETTLEMENT] No unsettled bets found in DB
[SETTLEMENT] Found 1581 unsettled predictions in DB
[SETTLEMENT] No unsettled bets found in DB
[SETTLEMENT] Found 1421 unsettled predictions in DB
[SETTLEMENT] No unsettled bets found in DB
[SETTLEMENT] Found 1542 unsettled predictions in DB
[SETTLEMENT] No unsettled bets found in DB
[SETTLEMENT] Found 1464 unsettled predictions in DB
[SETTLEMENT] No unsettled bets found in DB
[SETTLEMENT] Found 1585 unsettled predictions in DB
[SETTLEMENT] No unsettled bets found in DB
[SETTLEMENT] Found 1381 unsettled predictions in DB
[SETTLEMENT] No unsettled bets found in DB
[SETTLEMENT] Found 1581 unsettled predictions in DB
[SETTLEMENT] No unsettled bets found in DB
[SETTLEMENT] Found 1421 unsettled predictions in DB
[SETTLEMENT] No unsettled bets found in DB
[SETTLEMENT] Found 1541 unsettled predictions in DB
[SETTLEMENT] No unsettled bets found in DB
[SETTLEMENT] Found 1461 unsettled predictions in DB
[SETTLEMENT] No unsettled bets found in DB
[SETTLEMENT] Found 1581 unsettled predictions in DB
[SETTLEMENT] No unsettled bets found in DB
[SETTLEMENT] Found 1541 unsettled predictions in DB
[SETTLEMENT] No unsettled bets found in DB
[SETTLEMENT] Found 1571 unsettled predictions in DB
[SETTLEMENT] No unsettled bets found in DB
[SETTLEMENT] Found 1396 unsettled predictions in DB
[SETTLEMENT] No unsettled bets found in DB
[SETTLEMENT] Found 1472 unsettled predictions in DB
[SETTLEMENT] No unsettled bets found in DB
[SETTLEMENT] Found 1644 unsettled predictions in DB
[SETTLEMENT] No unsettled bets found in DB
[SETTLEMENT] Found 1625 unsettled predictions in DB
[SETTLEMENT] No unsettled bets found in DB
[SETTLEMENT] Found 1380 unsettled predictions in DB
[SETTLEMENT] No unsettled bets found in DB
[SETTLEMENT] Found 1580 unsettled predictions in DB
[SETTLEMENT] No unsettled bets found in DB
[SETTLEMENT] Found 1409 unsettled predictions in DB
[SETTLEMENT] No unsettled bets found in DB
[SETTLEMENT] Found 1529 unsettled predictions in DB
[SETTLEMENT] No unsettled bets found in DB
[SETTLEMENT] Found 1569 unsettled predictions in DB
[SETTLEMENT] No unsettled bets found in DB
[SETTLEMENT] Found 1569 unsettled predictions in DB
[SETTLEMENT] No unsettled bets found in DB
[SETTLEMENT] Found 1367 unsettled predictions in DB
[SETTLEMENT] No unsettled bets found in DB
[SETTLEMENT] Found 1567 unsettled predictions in DB
[SETTLEMENT] No unsettled bets found in DB
[SETTLEMENT] Found 1405 unsettled predictions in DB
[SETTLEMENT] No unsettled bets found in DB
[SETTLEMENT] Found 1525 unsettled predictions in DB
[SETTLEMENT] No unsettled bets found in DB
[SETTLEMENT] Found 1444 unsettled predictions in DB
[SETTLEMENT] No unsettled bets found in DB
[SETTLEMENT] Found 1564 unsettled predictions in DB
[SETTLEMENT] No unsettled bets found in DB
[SETTLEMENT] Found 1364 unsettled predictions in DB
[SETTLEMENT] No unsettled bets found in DB
[SETTLEMENT] Found 1564 unsettled predictions in DB
[SETTLEMENT] No unsettled bets found in DB
[SETTLEMENT] Found 1402 unsettled predictions in DB
[SETTLEMENT] No unsettled bets found in DB
[SETTLEMENT] Found 1522 unsettled predictions in DB
[SETTLEMENT] No unsettled bets found in DB
[SETTLEMENT] Found 1562 unsettled predictions in DB
[SETTLEMENT] No unsettled bets found in DB
[SETTLEMENT] Found 1562 unsettled predictions in DB
[SETTLEMENT] No unsettled bets found in DB
[SETTLEMENT] Found 1522 unsettled predictions in DB
[SETTLEMENT] No unsettled bets found in DB
[SETTLEMENT] Found 1562 unsettled predictions in DB
[SETTLEMENT] No unsettled bets found in DB
[SETTLEMENT] Found 1562 unsettled predictions in DB
[SETTLEMENT] No unsettled bets found in DB
[SETTLEMENT] Found 1362 unsettled predictions in DB
[SETTLEMENT] No unsettled bets found in DB
[SETTLEMENT] Found 1562 unsettled predictions in DB
[SETTLEMENT] No unsettled bets found in DB
[SETTLEMENT] Found 1392 unsettled predictions in DB
[SETTLEMENT] No unsettled bets found in DB
[SETTLEMENT] Found 1512 unsettled predictions in DB
[SETTLEMENT] No unsettled bets found in DB
[SETTLEMENT] Found 1432 unsettled predictions in DB
[SETTLEMENT] No unsettled bets found in DB
[SETTLEMENT] Found 1552 unsettled predictions in DB
[SETTLEMENT] No unsettled bets found in DB
[SETTLEMENT] Found 1432 unsettled predictions in DB
[SETTLEMENT] No unsettled bets found in DB
[SETTLEMENT] Found 1512 unsettled predictions in DB
[SETTLEMENT] No unsettled bets found in DB
[SETTLEMENT] Found 1592 unsettled predictions in DB
[SETTLEMENT] No unsettled bets found in DB
[SETTLEMENT] Found 1552 unsettled predictions in DB
[SETTLEMENT] No unsettled bets found in DB
[SETTLEMENT] Found 1432 unsettled predictions in DB
[SETTLEMENT] No unsettled bets found in DB
[SETTLEMENT] Found 1552 unsettled predictions in DB
[SETTLEMENT] No unsettled bets found in DB
[SETTLEMENT] Found 1512 unsettled predictions in DB
[SETTLEMENT] No unsettled bets found in DB
[SETTLEMENT] Found 1550 unsettled predictions in DB
[SETTLEMENT] No unsettled bets found in DB
[SETTLEMENT] Found 1388 unsettled predictions in DB
[SETTLEMENT] No unsettled bets found in DB
[SETTLEMENT] Found 1348 unsettled predictions in DB
[SETTLEMENT] No unsettled bets found in DB
[SETTLEMENT] Found 1428 unsettled predictions in DB
[SETTLEMENT] No unsettled bets found in DB
[SETTLEMENT] Found 1548 unsettled predictions in DB
[SETTLEMENT] No unsettled bets found in DB
[SETTLEMENT] Found 1508 unsettled predictions in DB
[SETTLEMENT] No unsettled bets found in DB
[SETTLEMENT] Found 1548 unsettled predictions in DB
[SETTLEMENT] No unsettled bets found in DB
[SETTLEMENT] Found 1460 unsettled predictions in DB
[SETTLEMENT] No unsettled bets found in DB
[SETTLEMENT] Found 1460 unsettled predictions in DB
[SETTLEMENT] No unsettled bets found in DB
[SETTLEMENT] Found 1500 unsettled predictions in DB
[SETTLEMENT] No unsettled bets found in DB
[SETTLEMENT] Found 1500 unsettled predictions in DB
[SETTLEMENT] No unsettled bets found in DB
[SETTLEMENT] Found 1460 unsettled predictions in DB
[SETTLEMENT] No unsettled bets found in DB
[SETTLEMENT] Found 1502 unsettled predictions in DB
[SETTLEMENT] No unsettled bets found in DB
[SETTLEMENT] Found 1503 unsettled predictions in DB
[SETTLEMENT] No unsettled bets found in DB
[SETTLEMENT] Found 1300 unsettled predictions in DB
[SETTLEMENT] No unsettled bets found in DB
[SETTLEMENT] Found 1500 unsettled predictions in DB
[SETTLEMENT] No unsettled bets found in DB
[SETTLEMENT] Found 1339 unsettled predictions in DB
[SETTLEMENT] No unsettled bets found in DB
[SETTLEMENT] Found 1459 unsettled predictions in DB
[SETTLEMENT] No unsettled bets found in DB
[SETTLEMENT] Found 1379 unsettled predictions in DB
[SETTLEMENT] No unsettled bets found in DB
[SETTLEMENT] Found 1499 unsettled predictions in DB
[SETTLEMENT] No unsettled bets found in DB
[SETTLEMENT] Found 1419 unsettled predictions in DB
[SETTLEMENT] No unsettled bets found in DB
[SETTLEMENT] Found 1539 unsettled predictions in DB
[SETTLEMENT] No unsettled bets found in DB
[SETTLEMENT] Found 1339 unsettled predictions in DB
[SETTLEMENT] No unsettled bets found in DB
[SETTLEMENT] Found 1579 unsettled predictions in DB
[SETTLEMENT] No unsettled bets found in DB
[SETTLEMENT] Found 1369 unsettled predictions in DB
[SETTLEMENT] No unsettled bets found in DB
[SETTLEMENT] Found 1444 unsettled predictions in DB
[SETTLEMENT] No unsettled bets found in DB
[SETTLEMENT] Found 1519 unsettled predictions in DB
[SETTLEMENT] No unsettled bets found in DB
[SETTLEMENT] Found 1549 unsettled predictions in DB
[SETTLEMENT] No unsettled bets found in DB
[SETTLEMENT] Found 1330 unsettled predictions in DB
[SETTLEMENT] No unsettled bets found in DB
[SETTLEMENT] Found 1287 unsettled predictions in DB
[SETTLEMENT] No unsettled bets found in DB
[SETTLEMENT] Found 1527 unsettled predictions in DB
[SETTLEMENT] No unsettled bets found in DB
[SETTLEMENT] Found 1487 unsettled predictions in DB
[SETTLEMENT] No unsettled bets found in DB
[SETTLEMENT] Found 1447 unsettled predictions in DB
[SETTLEMENT] No unsettled bets found in DB
[SETTLEMENT] Found 1487 unsettled predictions in DB
[SETTLEMENT] No unsettled bets found in DB
[SETTLEMENT] Found 1487 unsettled predictions in DB
[SETTLEMENT] No unsettled bets found in DB
[SETTLEMENT] Found 1447 unsettled predictions in DB
[SETTLEMENT] No unsettled bets found in DB
[SETTLEMENT] Found 1527 unsettled predictions in DB
[SETTLEMENT] No unsettled bets found in DB
[SETTLEMENT] Found 1487 unsettled predictions in DB
[SETTLEMENT] No unsettled bets found in DB
[SETTLEMENT] Found 1567 unsettled predictions in DB
[SETTLEMENT] No unsettled bets found in DB
[SETTLEMENT] Found 1527 unsettled predictions in DB
[SETTLEMENT] No unsettled bets found in DB
[SETTLEMENT] Found 1327 unsettled predictions in DB
[SETTLEMENT] No unsettled bets found in DB
[SETTLEMENT] Found 1567 unsettled predictions in DB
[SETTLEMENT] No unsettled bets found in DB
[SETTLEMENT] Found 1367 unsettled predictions in DB
[SETTLEMENT] No unsettled bets found in DB
[SETTLEMENT] Found 1487 unsettled predictions in DB
[SETTLEMENT] No unsettled bets found in DB
[SETTLEMENT] Found 1367 unsettled predictions in DB
[SETTLEMENT] No unsettled bets found in DB
[SETTLEMENT] Found 1487 unsettled predictions in DB
[SETTLEMENT] No unsettled bets found in DB
[SETTLEMENT] Found 1447 unsettled predictions in DB
[SETTLEMENT] No unsettled bets found in DB
[SETTLEMENT] Found 1367 unsettled predictions in DB
[SETTLEMENT] No unsettled bets found in DB
[SETTLEMENT] Found 1486 unsettled predictions in DB
[SETTLEMENT] No unsettled bets found in DB
[SETTLEMENT] Found 1446 unsettled predictions in DB
[SETTLEMENT] No unsettled bets found in DB
[SETTLEMENT] Found 1526 unsettled predictions in DB
[SETTLEMENT] No unsettled bets found in DB
[SETTLEMENT] Found 1486 unsettled predictions in DB
[SETTLEMENT] No unsettled bets found in DB
[SETTLEMENT] Found 1286 unsettled predictions in DB
[SETTLEMENT] No unsettled bets found in DB
[SETTLEMENT] Found 1361 unsettled predictions in DB
[SETTLEMENT] No unsettled bets found in DB
[SETTLEMENT] Found 1308 unsettled predictions in DB
[SETTLEMENT] No unsettled bets found in DB
[SETTLEMENT] Found 1383 unsettled predictions in DB
[SETTLEMENT] No unsettled bets found in DB
[SETTLEMENT] Found 1418 unsettled predictions in DB
[SETTLEMENT] No unsettled bets found in DB
[SETTLEMENT] Found 1498 unsettled predictions in DB
[SETTLEMENT] No unsettled bets found in DB
[SETTLEMENT] Found 1477 unsettled predictions in DB
[SETTLEMENT] No unsettled bets found in DB
[SETTLEMENT] Found 1237 unsettled predictions in DB
[SETTLEMENT] No unsettled bets found in DB
[SETTLEMENT] Found 1316 unsettled predictions in DB
[SETTLEMENT] No unsettled bets found in DB
[SETTLEMENT] Found 1396 unsettled predictions in DB
[SETTLEMENT] No unsettled bets found in DB
[SETTLEMENT] Found 1355 unsettled predictions in DB
[SETTLEMENT] No unsettled bets found in DB
[SETTLEMENT] Found 1475 unsettled predictions in DB
[SETTLEMENT] No unsettled bets found in DB
[SETTLEMENT] Found 1274 unsettled predictions in DB
[SETTLEMENT] No unsettled bets found in DB
[SETTLEMENT] Found 1314 unsettled predictions in DB
[SETTLEMENT] No unsettled bets found in DB
[SETTLEMENT] Found 1274 unsettled predictions in DB
[SETTLEMENT] No unsettled bets found in DB
[SETTLEMENT] Found 1394 unsettled predictions in DB
[SETTLEMENT] No unsettled bets found in DB
[SETTLEMENT] Found 1313 unsettled predictions in DB
[SETTLEMENT] No unsettled bets found in DB
[SETTLEMENT] Found 1433 unsettled predictions in DB
[SETTLEMENT] No unsettled bets found in DB
[SETTLEMENT] Found 1233 unsettled predictions in DB
[SETTLEMENT] No unsettled bets found in DB
[SETTLEMENT] Found 1433 unsettled predictions in DB
[SETTLEMENT] No unsettled bets found in DB
[SETTLEMENT] Found 1433 unsettled predictions in DB
[SETTLEMENT] No unsettled bets found in DB
[SETTLEMENT] Found 1392 unsettled predictions in DB
[SETTLEMENT] No unsettled bets found in DB
[SETTLEMENT] Found 1312 unsettled predictions in DB
[SETTLEMENT] No unsettled bets found in DB
[SETTLEMENT] Found 1432 unsettled predictions in DB
[SETTLEMENT] No unsettled bets found in DB
[SETTLEMENT] Found 1232 unsettled predictions in DB
[SETTLEMENT] No unsettled bets found in DB
[SETTLEMENT] Found 1432 unsettled predictions in DB
[SETTLEMENT] No unsettled bets found in DB
[SETTLEMENT] Found 1432 unsettled predictions in DB
[SETTLEMENT] No unsettled bets found in DB
[SETTLEMENT] Found 1393 unsettled predictions in DB
[SETTLEMENT] No unsettled bets found in DB
[SETTLEMENT] Found 1435 unsettled predictions in DB
[SETTLEMENT] No unsettled bets found in DB
[SETTLEMENT] Found 1272 unsettled predictions in DB
[SETTLEMENT] No unsettled bets found in DB
[SETTLEMENT] Found 1392 unsettled predictions in DB
[SETTLEMENT] No unsettled bets found in DB
[SETTLEMENT] Found 1312 unsettled predictions in DB
[SETTLEMENT] No unsettled bets found in DB
[SETTLEMENT] Found 1432 unsettled predictions in DB
[SETTLEMENT] No unsettled bets found in DB
[SETTLEMENT] Found 1227 unsettled predictions in DB
[SETTLEMENT] No unsettled bets found in DB
[SETTLEMENT] Found 1417 unsettled predictions in DB
[SETTLEMENT] No unsettled bets found in DB
[SETTLEMENT] Found 1360 unsettled predictions in DB
[SETTLEMENT] No unsettled bets found in DB
[SETTLEMENT] Found 1300 unsettled predictions in DB
[SETTLEMENT] No unsettled bets found in DB
[SETTLEMENT] Found 1460 unsettled predictions in DB
[SETTLEMENT] No unsettled bets found in DB
[SETTLEMENT] Found 1413 unsettled predictions in DB
[SETTLEMENT] No unsettled bets found in DB
[SETTLEMENT] Found 1373 unsettled predictions in DB
[SETTLEMENT] No unsettled bets found in DB
[SETTLEMENT] Found 1292 unsettled predictions in DB
[SETTLEMENT] No unsettled bets found in DB
[SETTLEMENT] Found 1412 unsettled predictions in DB
[SETTLEMENT] No unsettled bets found in DB
[SETTLEMENT] Found 1372 unsettled predictions in DB
[SETTLEMENT] No unsettled bets found in DB
[SETTLEMENT] Found 1412 unsettled predictions in DB
[SETTLEMENT] No unsettled bets found in DB
[SETTLEMENT] Found 1252 unsettled predictions in DB
[SETTLEMENT] No unsettled bets found in DB
[SETTLEMENT] Found 1372 unsettled predictions in DB
[SETTLEMENT] No unsettled bets found in DB
[SETTLEMENT] Found 1292 unsettled predictions in DB
[SETTLEMENT] No unsettled bets found in DB
[SETTLEMENT] Found 1412 unsettled predictions in DB
[SETTLEMENT] No unsettled bets found in DB
[SETTLEMENT] Found 1212 unsettled predictions in DB
[SETTLEMENT] No unsettled bets found in DB
[SETTLEMENT] Found 1412 unsettled predictions in DB
[SETTLEMENT] No unsettled bets found in DB
[SETTLEMENT] Found 1412 unsettled predictions in DB
[SETTLEMENT] No unsettled bets found in DB
[SETTLEMENT] Found 1371 unsettled predictions in DB
[SETTLEMENT] No unsettled bets found in DB
[SETTLEMENT] Found 1291 unsettled predictions in DB
[SETTLEMENT] No unsettled bets found in DB
[SETTLEMENT] Found 1251 unsettled predictions in DB
[SETTLEMENT] No unsettled bets found in DB
[SETTLEMENT] Found 1371 unsettled predictions in DB
[SETTLEMENT] No unsettled bets found in DB
[SETTLEMENT] Found 1452 unsettled predictions in DB
[SETTLEMENT] No unsettled bets found in DB
[SETTLEMENT] Found 1449 unsettled predictions in DB
[SETTLEMENT] No unsettled bets found in DB
[SETTLEMENT] Found 1250 unsettled predictions in DB
[SETTLEMENT] No unsettled bets found in DB
[SETTLEMENT] Found 1327 unsettled predictions in DB
[SETTLEMENT] No unsettled bets found in DB
[SETTLEMENT] Found 1287 unsettled predictions in DB
[SETTLEMENT] No unsettled bets found in DB
[SETTLEMENT] Found 1407 unsettled predictions in DB
[SETTLEMENT] No unsettled bets found in DB
[SETTLEMENT] Found 1327 unsettled predictions in DB
[SETTLEMENT] No unsettled bets found in DB
[SETTLEMENT] Found 1447 unsettled predictions in DB
[SETTLEMENT] No unsettled bets found in DB
[SETTLEMENT] Found 1247 unsettled predictions in DB
[SETTLEMENT] No unsettled bets found in DB
[SETTLEMENT] Found 1327 unsettled predictions in DB
[SETTLEMENT] No unsettled bets found in DB
[SETTLEMENT] Found 1447 unsettled predictions in DB
[SETTLEMENT] No unsettled bets found in DB
[SETTLEMENT] Found 1367 unsettled predictions in DB
[SETTLEMENT] No unsettled bets found in DB
[SETTLEMENT] Found 1447 unsettled predictions in DB
[SETTLEMENT] No unsettled bets found in DB
[SETTLEMENT] Found 1487 unsettled predictions in DB
[SETTLEMENT] No unsettled bets found in DB
[SETTLEMENT] Found 1247 unsettled predictions in DB
[SETTLEMENT] No unsettled bets found in DB
[SETTLEMENT] Found 1207 unsettled predictions in DB
[SETTLEMENT] No unsettled bets found in DB
[SETTLEMENT] Found 1407 unsettled predictions in DB
[SETTLEMENT] No unsettled bets found in DB
[SETTLEMENT] Found 1405 unsettled predictions in DB
[SETTLEMENT] No unsettled bets found in DB
[SETTLEMENT] Found 1365 unsettled predictions in DB
[SETTLEMENT] No unsettled bets found in DB
[SETTLEMENT] Found 1405 unsettled predictions in DB
[SETTLEMENT] No unsettled bets found in DB
[SETTLEMENT] Found 1245 unsettled predictions in DB
[SETTLEMENT] No unsettled bets found in DB
[SETTLEMENT] Found 1325 unsettled predictions in DB
[SETTLEMENT] No unsettled bets found in DB
[SETTLEMENT] Found 1285 unsettled predictions in DB
[SETTLEMENT] No unsettled bets found in DB
[SETTLEMENT] Found 1405 unsettled predictions in DB
[SETTLEMENT] No unsettled bets found in DB
[SETTLEMENT] Found 1173 unsettled predictions in DB
[SETTLEMENT] No unsettled bets found in DB
[SETTLEMENT] Found 1375 unsettled predictions in DB
[SETTLEMENT] No unsettled bets found in DB
[SETTLEMENT] Found 1376 unsettled predictions in DB
[SETTLEMENT] No unsettled bets found in DB
[SETTLEMENT] Found 1337 unsettled predictions in DB
[SETTLEMENT] No unsettled bets found in DB
[SETTLEMENT] Found 1253 unsettled predictions in DB
[SETTLEMENT] No unsettled bets found in DB
[SETTLEMENT] Found 1373 unsettled predictions in DB
[SETTLEMENT] No unsettled bets found in DB
[SETTLEMENT] Found 1173 unsettled predictions in DB
[SETTLEMENT] No unsettled bets found in DB
[SETTLEMENT] Found 1373 unsettled predictions in DB
[SETTLEMENT] No unsettled bets found in DB
[SETTLEMENT] Found 1373 unsettled predictions in DB
[SETTLEMENT] No unsettled bets found in DB
[SETTLEMENT] Found 1333 unsettled predictions in DB
[SETTLEMENT] No unsettled bets found in DB
[SETTLEMENT] Found 1373 unsettled predictions in DB
[SETTLEMENT] No unsettled bets found in DB
[SETTLEMENT] Found 1373 unsettled predictions in DB
[SETTLEMENT] No unsettled bets found in DB
[SETTLEMENT] Found 1327 unsettled predictions in DB
[SETTLEMENT] No unsettled bets found in DB
[SETTLEMENT] Found 1247 unsettled predictions in DB
[SETTLEMENT] No unsettled bets found in DB
[SETTLEMENT] Found 1367 unsettled predictions in DB
[SETTLEMENT] No unsettled bets found in DB
[SETTLEMENT] Found 1167 unsettled predictions in DB
[SETTLEMENT] No unsettled bets found in DB
[SETTLEMENT] Found 1367 unsettled predictions in DB
[SETTLEMENT] No unsettled bets found in DB
[SETTLEMENT] Found 1362 unsettled predictions in DB
[SETTLEMENT] No unsettled bets found in DB
[SETTLEMENT] Found 1277 unsettled predictions in DB
[SETTLEMENT] No unsettled bets found in DB
[SETTLEMENT] Found 1472 unsettled predictions in DB
[SETTLEMENT] No unsettled bets found in DB
[SETTLEMENT] Found 1432 unsettled predictions in DB
[SETTLEMENT] No unsettled bets found in DB
[SETTLEMENT] Found 1207 unsettled predictions in DB
[SETTLEMENT] No unsettled bets found in DB
[SETTLEMENT] Found 1287 unsettled predictions in DB
[SETTLEMENT] No unsettled bets found in DB
[SETTLEMENT] Found 1407 unsettled predictions in DB
[SETTLEMENT] No unsettled bets found in DB
[SETTLEMENT] Found 1207 unsettled predictions in DB
[SETTLEMENT] No unsettled bets found in DB
[SETTLEMENT] Found 1167 unsettled predictions in DB
[SETTLEMENT] No unsettled bets found in DB
[SETTLEMENT] Found 1245 unsettled predictions in DB
[SETTLEMENT] No unsettled bets found in DB
[SETTLEMENT] Found 1365 unsettled predictions in DB
[SETTLEMENT] No unsettled bets found in DB
[SETTLEMENT] Found 1165 unsettled predictions in DB
[SETTLEMENT] No unsettled bets found in DB
[SETTLEMENT] Found 1365 unsettled predictions in DB
[SETTLEMENT] No unsettled bets found in DB
[SETTLEMENT] Found 1204 unsettled predictions in DB
[SETTLEMENT] No unsettled bets found in DB
[SETTLEMENT] Found 1324 unsettled predictions in DB
[SETTLEMENT] No unsettled bets found in DB
[SETTLEMENT] Found 1364 unsettled predictions in DB
[SETTLEMENT] No unsettled bets found in DB
[SETTLEMENT] Found 1364 unsettled predictions in DB
[SETTLEMENT] No unsettled bets found in DB
[SETTLEMENT] Found 1324 unsettled predictions in DB
[SETTLEMENT] No unsettled bets found in DB
[SETTLEMENT] Found 1244 unsettled predictions in DB
[SETTLEMENT] No unsettled bets found in DB
[SETTLEMENT] Found 1204 unsettled predictions in DB
[SETTLEMENT] No unsettled bets found in DB
[SETTLEMENT] Found 1164 unsettled predictions in DB
[SETTLEMENT] No unsettled bets found in DB
[SETTLEMENT] Found 1364 unsettled predictions in DB
[SETTLEMENT] No unsettled bets found in DB
[SETTLEMENT] Found 1364 unsettled predictions in DB
[SETTLEMENT] No unsettled bets found in DB
[SETTLEMENT] Found 1324 unsettled predictions in DB
[SETTLEMENT] No unsettled bets found in DB
[SETTLEMENT] Found 1244 unsettled predictions in DB
[SETTLEMENT] No unsettled bets found in DB
[SETTLEMENT] Found 1364 unsettled predictions in DB
[SETTLEMENT] No unsettled bets found in DB
[SETTLEMENT] Found 1164 unsettled predictions in DB
[SETTLEMENT] No unsettled bets found in DB
[SETTLEMENT] Found 1364 unsettled predictions in DB
[SETTLEMENT] No unsettled bets found in DB
[SETTLEMENT] Found 1364 unsettled predictions in DB
[SETTLEMENT] No unsettled bets found in DB
[SETTLEMENT] Found 1321 unsettled predictions in DB
[SETTLEMENT] No unsettled bets found in DB
[SETTLEMENT] Found 1243 unsettled predictions in DB
[SETTLEMENT] No unsettled bets found in DB
[SETTLEMENT] Found 1364 unsettled predictions in DB
[SETTLEMENT] No unsettled bets found in DB
[SETTLEMENT] Found 1270 unsettled predictions in DB
[SETTLEMENT] No unsettled bets found in DB
[SETTLEMENT] Found 1290 unsettled predictions in DB
[SETTLEMENT] No unsettled bets found in DB
[SETTLEMENT] Found 1410 unsettled predictions in DB
[SETTLEMENT] No unsettled bets found in DB
[SETTLEMENT] Found 1330 unsettled predictions in DB
[SETTLEMENT] No unsettled bets found in DB
[SETTLEMENT] Found 1230 unsettled predictions in DB
[SETTLEMENT] No unsettled bets found in DB
[SETTLEMENT] Found 1349 unsettled predictions in DB
[SETTLEMENT] No unsettled bets found in DB
[SETTLEMENT] Found 1309 unsettled predictions in DB
[SETTLEMENT] No unsettled bets found in DB
[SETTLEMENT] Found 1309 unsettled predictions in DB
[SETTLEMENT] No unsettled bets found in DB
[SETTLEMENT] Found 1349 unsettled predictions in DB
[SETTLEMENT] No unsettled bets found in DB
[SETTLEMENT] Found 1149 unsettled predictions in DB
[SETTLEMENT] No unsettled bets found in DB
[SETTLEMENT] Found 1309 unsettled predictions in DB
[SETTLEMENT] No unsettled bets found in DB
[SETTLEMENT] Found 1349 unsettled predictions in DB
[SETTLEMENT] No unsettled bets found in DB
[SETTLEMENT] Found 1309 unsettled predictions in DB
[SETTLEMENT] No unsettled bets found in DB
[SETTLEMENT] Found 1351 unsettled predictions in DB
[SETTLEMENT] No unsettled bets found in DB
[SETTLEMENT] Found 1192 unsettled predictions in DB
[SETTLEMENT] No unsettled bets found in DB
[SETTLEMENT] Found 1313 unsettled predictions in DB
[SETTLEMENT] No unsettled bets found in DB
[SETTLEMENT] Found 1229 unsettled predictions in DB
[SETTLEMENT] No unsettled bets found in DB
[SETTLEMENT] Found 1349 unsettled predictions in DB
[SETTLEMENT] No unsettled bets found in DB
[SETTLEMENT] Found 1101 unsettled predictions in DB
[SETTLEMENT] No unsettled bets found in DB
[SETTLEMENT] Found 1301 unsettled predictions in DB
[SETTLEMENT] No unsettled bets found in DB
[SETTLEMENT] Found 1141 unsettled predictions in DB
[SETTLEMENT] No unsettled bets found in DB
[SETTLEMENT] Found 1261 unsettled predictions in DB
[SETTLEMENT] No unsettled bets found in DB
[SETTLEMENT] Found 1181 unsettled predictions in DB
[SETTLEMENT] No unsettled bets found in DB
[SETTLEMENT] Found 1301 unsettled predictions in DB
[SETTLEMENT] No unsettled bets found in DB
[SETTLEMENT] Found 1101 unsettled predictions in DB
[SETTLEMENT] No unsettled bets found in DB
[SETTLEMENT] Found 1301 unsettled predictions in DB
[SETTLEMENT] No unsettled bets found in DB
[SETTLEMENT] Found 1301 unsettled predictions in DB
[SETTLEMENT] No unsettled bets found in DB
[SETTLEMENT] Found 1261 unsettled predictions in DB
[SETTLEMENT] No unsettled bets found in DB
[SETTLEMENT] Found 1181 unsettled predictions in DB
[SETTLEMENT] No unsettled bets found in DB
[SETTLEMENT] Found 1301 unsettled predictions in DB
[SETTLEMENT] No unsettled bets found in DB
[SETTLEMENT] Found 1101 unsettled predictions in DB
[SETTLEMENT] No unsettled bets found in DB
[SETTLEMENT] Found 1261 unsettled predictions in DB
[SETTLEMENT] No unsettled bets found in DB
[SETTLEMENT] Found 1176 unsettled predictions in DB
[SETTLEMENT] No unsettled bets found in DB
[SETTLEMENT] Found 1296 unsettled predictions in DB
[SETTLEMENT] No unsettled bets found in DB
[SETTLEMENT] Found 1311 unsettled predictions in DB
[SETTLEMENT] No unsettled bets found in DB
[SETTLEMENT] Found 1316 unsettled predictions in DB
[SETTLEMENT] No unsettled bets found in DB
[SETTLEMENT] Found 1116 unsettled predictions in DB
[SETTLEMENT] No unsettled bets found in DB
[SETTLEMENT] Found 1276 unsettled predictions in DB
[SETTLEMENT] No unsettled bets found in DB
[SETTLEMENT] Found 1141 unsettled predictions in DB
[SETTLEMENT] No unsettled bets found in DB
[SETTLEMENT] Found 1261 unsettled predictions in DB
[SETTLEMENT] No unsettled bets found in DB
[SETTLEMENT] Found 1301 unsettled predictions in DB
[SETTLEMENT] No unsettled bets found in DB
[SETTLEMENT] Found 1302 unsettled predictions in DB
[SETTLEMENT] No unsettled bets found in DB
[SETTLEMENT] Found 1263 unsettled predictions in DB
[SETTLEMENT] No unsettled bets found in DB
[SETTLEMENT] Found 1324 unsettled predictions in DB
[SETTLEMENT] No unsettled bets found in DB
[SETTLEMENT] Found 1161 unsettled predictions in DB
[SETTLEMENT] No unsettled bets found in DB
[SETTLEMENT] Found 1281 unsettled predictions in DB
[SETTLEMENT] No unsettled bets found in DB
[SETTLEMENT] Found 1180 unsettled predictions in DB
[SETTLEMENT] No unsettled bets found in DB
[SETTLEMENT] Found 1300 unsettled predictions in DB
[SETTLEMENT] No unsettled bets found in DB
[SETTLEMENT] Found 1100 unsettled predictions in DB
[SETTLEMENT] No unsettled bets found in DB
[SETTLEMENT] Found 1300 unsettled predictions in DB
[SETTLEMENT] No unsettled bets found in DB
[SETTLEMENT] Found 1140 unsettled predictions in DB
[SETTLEMENT] No unsettled bets found in DB
[SETTLEMENT] Found 1260 unsettled predictions in DB
[SETTLEMENT] No unsettled bets found in DB
[SETTLEMENT] Found 1175 unsettled predictions in DB
[SETTLEMENT] No unsettled bets found in DB
[SETTLEMENT] Found 1295 unsettled predictions in DB
[SETTLEMENT] No unsettled bets found in DB
[SETTLEMENT] Found 1255 unsettled predictions in DB
[SETTLEMENT] No unsettled bets found in DB
[SETTLEMENT] Found 1295 unsettled predictions in DB
[SETTLEMENT] No unsettled bets found in DB
[SETTLEMENT] Found 1135 unsettled predictions in DB
[SETTLEMENT] No unsettled bets found in DB
[SETTLEMENT] Found 1255 unsettled predictions in DB
[SETTLEMENT] No unsettled bets found in DB
[SETTLEMENT] Found 1295 unsettled predictions in DB
[SETTLEMENT] No unsettled bets found in DB
[SETTLEMENT] Found 1290 unsettled predictions in DB
[SETTLEMENT] No unsettled bets found in DB
[SETTLEMENT] Found 1244 unsettled predictions in DB
[SETTLEMENT] No unsettled bets found in DB
[SETTLEMENT] Found 1286 unsettled predictions in DB
[SETTLEMENT] No unsettled bets found in DB
[SETTLEMENT] Found 1247 unsettled predictions in DB
[SETTLEMENT] No unsettled bets found in DB
[SETTLEMENT] Found 1168 unsettled predictions in DB
[SETTLEMENT] No unsettled bets found in DB
[SETTLEMENT] Found 1369 unsettled predictions in DB
[SETTLEMENT] No unsettled bets found in DB
[SETTLEMENT] Found 1284 unsettled predictions in DB
[SETTLEMENT] No unsettled bets found in DB
[SETTLEMENT] Found 1204 unsettled predictions in DB
[SETTLEMENT] No unsettled bets found in DB
[SETTLEMENT] Found 1164 unsettled predictions in DB
[SETTLEMENT] No unsettled bets found in DB
[SETTLEMENT] Found 1284 unsettled predictions in DB
[SETTLEMENT] No unsettled bets found in DB
[SETTLEMENT] Found 1084 unsettled predictions in DB
[SETTLEMENT] No unsettled bets found in DB
[SETTLEMENT] Found 1244 unsettled predictions in DB
[SETTLEMENT] No unsettled bets found in DB
[SETTLEMENT] Found 1124 unsettled predictions in DB
[SETTLEMENT] No unsettled bets found in DB
[SETTLEMENT] Found 1204 unsettled predictions in DB
[SETTLEMENT] No unsettled bets found in DB
[SETTLEMENT] Found 1284 unsettled predictions in DB
[SETTLEMENT] No unsettled bets found in DB
[SETTLEMENT] Found 1284 unsettled predictions in DB
[SETTLEMENT] No unsettled bets found in DB
[SETTLEMENT] Found 1243 unsettled predictions in DB
[SETTLEMENT] No unsettled bets found in DB
[SETTLEMENT] Found 1083 unsettled predictions in DB
[SETTLEMENT] No unsettled bets found in DB
[SETTLEMENT] Found 1203 unsettled predictions in DB
[SETTLEMENT] No unsettled bets found in DB
[SETTLEMENT] Found 1083 unsettled predictions in DB
[SETTLEMENT] No unsettled bets found in DB
[SETTLEMENT] Found 1203 unsettled predictions in DB
[SETTLEMENT] No unsettled bets found in DB
[SETTLEMENT] Found 1163 unsettled predictions in DB
[SETTLEMENT] No unsettled bets found in DB
[SETTLEMENT] Found 1283 unsettled predictions in DB
[SETTLEMENT] No unsettled bets found in DB
[SETTLEMENT] Found 1243 unsettled predictions in DB
[SETTLEMENT] No unsettled bets found in DB
[SETTLEMENT] Found 1283 unsettled predictions in DB
[SETTLEMENT] No unsettled bets found in DB
[SETTLEMENT] Found 1123 unsettled predictions in DB
[SETTLEMENT] No unsettled bets found in DB
[SETTLEMENT] Found 1243 unsettled predictions in DB
[SETTLEMENT] No unsettled bets found in DB
[SETTLEMENT] Found 1163 unsettled predictions in DB
[SETTLEMENT] No unsettled bets found in DB
[SETTLEMENT] Found 1283 unsettled predictions in DB
[SETTLEMENT] No unsettled bets found in DB
[SETTLEMENT] Found 1083 unsettled predictions in DB
[SETTLEMENT] No unsettled bets found in DB
[SETTLEMENT] Found 1283 unsettled predictions in DB
[SETTLEMENT] No unsettled bets found in DB
[SETTLEMENT] Found 1279 unsettled predictions in DB
[SETTLEMENT] No unsettled bets found in DB
[SETTLEMENT] Found 1229 unsettled predictions in DB
[SETTLEMENT] No unsettled bets found in DB
[SETTLEMENT] Found 1129 unsettled predictions in DB
[SETTLEMENT] No unsettled bets found in DB
[SETTLEMENT] Found 1199 unsettled predictions in DB
[SETTLEMENT] No unsettled bets found in DB
[SETTLEMENT] Found 1269 unsettled predictions in DB
[SETTLEMENT] No unsettled bets found in DB
[SETTLEMENT] Found 1269 unsettled predictions in DB
[SETTLEMENT] No unsettled bets found in DB
[SETTLEMENT] Found 1159 unsettled predictions in DB
[SETTLEMENT] No unsettled bets found in DB
[SETTLEMENT] Found 1279 unsettled predictions in DB
[SETTLEMENT] No unsettled bets found in DB
[SETTLEMENT] Found 1360 unsettled predictions in DB
[SETTLEMENT] No unsettled bets found in DB
[SETTLEMENT] Found 1320 unsettled predictions in DB
[SETTLEMENT] No unsettled bets found in DB
[SETTLEMENT] Found 1281 unsettled predictions in DB
[SETTLEMENT] No unsettled bets found in DB
[SETTLEMENT] Found 1242 unsettled predictions in DB
[SETTLEMENT] No unsettled bets found in DB
[SETTLEMENT] Found 1317 unsettled predictions in DB
[SETTLEMENT] No unsettled bets found in DB
[SETTLEMENT] Found 1237 unsettled predictions in DB
[SETTLEMENT] No unsettled bets found in DB
[SETTLEMENT] Found 1076 unsettled predictions in DB
[SETTLEMENT] No unsettled bets found in DB
[SETTLEMENT] Found 1276 unsettled predictions in DB
[SETTLEMENT] No unsettled bets found in DB
[SETTLEMENT] Found 1244 unsettled predictions in DB
[SETTLEMENT] No unsettled bets found in DB
[SETTLEMENT] Found 1204 unsettled predictions in DB
[SETTLEMENT] No unsettled bets found in DB
[SETTLEMENT] Found 1124 unsettled predictions in DB
[SETTLEMENT] No unsettled bets found in DB
[SETTLEMENT] Found 1244 unsettled predictions in DB
[SETTLEMENT] No unsettled bets found in DB
[SETTLEMENT] Found 1044 unsettled predictions in DB
[SETTLEMENT] No unsettled bets found in DB
[SETTLEMENT] Found 1284 unsettled predictions in DB
[SETTLEMENT] No unsettled bets found in DB
[SETTLEMENT] Found 1244 unsettled predictions in DB
[SETTLEMENT] No unsettled bets found in DB
[SETTLEMENT] Found 1204 unsettled predictions in DB
[SETTLEMENT] No unsettled bets found in DB
[SETTLEMENT] Found 1124 unsettled predictions in DB
[SETTLEMENT] No unsettled bets found in DB
[SETTLEMENT] Found 1204 unsettled predictions in DB
[SETTLEMENT] No unsettled bets found in DB
[SETTLEMENT] Found 1044 unsettled predictions in DB
[SETTLEMENT] No unsettled bets found in DB
[SETTLEMENT] Found 1244 unsettled predictions in DB
[SETTLEMENT] No unsettled bets found in DB
[SETTLEMENT] Found 1244 unsettled predictions in DB
[SETTLEMENT] No unsettled bets found in DB
[SETTLEMENT] Found 1198 unsettled predictions in DB
[SETTLEMENT] No unsettled bets found in DB
[SETTLEMENT] Found 1278 unsettled predictions in DB
[SETTLEMENT] No unsettled bets found in DB
[SETTLEMENT] Found 1238 unsettled predictions in DB
[SETTLEMENT] No unsettled bets found in DB
[SETTLEMENT] Found 1198 unsettled predictions in DB
[SETTLEMENT] No unsettled bets found in DB
[SETTLEMENT] Found 1238 unsettled predictions in DB
[SETTLEMENT] No unsettled bets found in DB
[SETTLEMENT] Found 1198 unsettled predictions in DB
[SETTLEMENT] No unsettled bets found in DB
[SETTLEMENT] Found 1274 unsettled predictions in DB
[SETTLEMENT] No unsettled bets found in DB
[SETTLEMENT] Found 1316 unsettled predictions in DB
[SETTLEMENT] No unsettled bets found in DB
[SETTLEMENT] Found 1077 unsettled predictions in DB
[SETTLEMENT] No unsettled bets found in DB
[SETTLEMENT] Found 1197 unsettled predictions in DB
[SETTLEMENT] No unsettled bets found in DB
[SETTLEMENT] Found 1235 unsettled predictions in DB
[SETTLEMENT] No unsettled bets found in DB
[SETTLEMENT] Found 1234 unsettled predictions in DB
[SETTLEMENT] No unsettled bets found in DB
[SETTLEMENT] Found 1194 unsettled predictions in DB
[SETTLEMENT] No unsettled bets found in DB
[SETTLEMENT] Found 1114 unsettled predictions in DB
[SETTLEMENT] No unsettled bets found in DB
[SETTLEMENT] Found 1234 unsettled predictions in DB
[SETTLEMENT] No unsettled bets found in DB
[SETTLEMENT] Found 1034 unsettled predictions in DB
[SETTLEMENT] No unsettled bets found in DB
[SETTLEMENT] Found 1234 unsettled predictions in DB
[SETTLEMENT] No unsettled bets found in DB
[SETTLEMENT] Found 1073 unsettled predictions in DB
[SETTLEMENT] No unsettled bets found in DB
[SETTLEMENT] Found 1193 unsettled predictions in DB
[SETTLEMENT] No unsettled bets found in DB
[SETTLEMENT] Found 1233 unsettled predictions in DB
[SETTLEMENT] No unsettled bets found in DB
[SETTLEMENT] Found 1233 unsettled predictions in DB
[SETTLEMENT] No unsettled bets found in DB
[SETTLEMENT] Found 1032 unsettled predictions in DB
[SETTLEMENT] No unsettled bets found in DB
[SETTLEMENT] Found 1247 unsettled predictions in DB
[SETTLEMENT] No unsettled bets found in DB
[SETTLEMENT] Found 1085 unsettled predictions in DB
[SETTLEMENT] No unsettled bets found in DB
[SETTLEMENT] Found 1205 unsettled predictions in DB
[SETTLEMENT] No unsettled bets found in DB
[SETTLEMENT] Found 1203 unsettled predictions in DB
[SETTLEMENT] No unsettled bets found in DB
[SETTLEMENT] Found 1188 unsettled predictions in DB
[SETTLEMENT] No unsettled bets found in DB
[SETTLEMENT] Found 988 unsettled predictions in DB
[SETTLEMENT] No unsettled bets found in DB
[SETTLEMENT] Found 1188 unsettled predictions in DB
[SETTLEMENT] No unsettled bets found in DB
[SETTLEMENT] Found 1028 unsettled predictions in DB
[SETTLEMENT] No unsettled bets found in DB
[SETTLEMENT] Found 1148 unsettled predictions in DB
[SETTLEMENT] No unsettled bets found in DB
[SETTLEMENT] Found 1068 unsettled predictions in DB
[SETTLEMENT] No unsettled bets found in DB
[SETTLEMENT] Found 1188 unsettled predictions in DB
[SETTLEMENT] No unsettled bets found in DB
[SETTLEMENT] Found 988 unsettled predictions in DB
[SETTLEMENT] No unsettled bets found in DB
[SETTLEMENT] Found 1148 unsettled predictions in DB
[SETTLEMENT] No unsettled bets found in DB
[SETTLEMENT] Found 1028 unsettled predictions in DB
[SETTLEMENT] No unsettled bets found in DB
[SETTLEMENT] Found 1108 unsettled predictions in DB
[SETTLEMENT] No unsettled bets found in DB
[SETTLEMENT] Found 1308 unsettled predictions in DB
[SETTLEMENT] No unsettled bets found in DB
[SETTLEMENT] Found 1268 unsettled predictions in DB
[SETTLEMENT] No unsettled bets found in DB
[SETTLEMENT] Found 1026 unsettled predictions in DB
[SETTLEMENT] No unsettled bets found in DB
[SETTLEMENT] Found 1266 unsettled predictions in DB
[SETTLEMENT] No unsettled bets found in DB
[SETTLEMENT] Found 1226 unsettled predictions in DB
[SETTLEMENT] No unsettled bets found in DB
[SETTLEMENT] Found 1186 unsettled predictions in DB
[SETTLEMENT] No unsettled bets found in DB
[SETTLEMENT] Found 1105 unsettled predictions in DB
[SETTLEMENT] No unsettled bets found in DB
[SETTLEMENT] Found 1225 unsettled predictions in DB
[SETTLEMENT] No unsettled bets found in DB
[SETTLEMENT] Found 1185 unsettled predictions in DB
[SETTLEMENT] No unsettled bets found in DB
[SETTLEMENT] Found 1105 unsettled predictions in DB
[SETTLEMENT] No unsettled bets found in DB
[SETTLEMENT] Found 1065 unsettled predictions in DB
[SETTLEMENT] No unsettled bets found in DB
[SETTLEMENT] Found 1185 unsettled predictions in DB
[SETTLEMENT] No unsettled bets found in DB
[SETTLEMENT] Found 1105 unsettled predictions in DB
[SETTLEMENT] No unsettled bets found in DB
[SETTLEMENT] Found 1225 unsettled predictions in DB
[SETTLEMENT] No unsettled bets found in DB
[SETTLEMENT] Found 1185 unsettled predictions in DB
[SETTLEMENT] No unsettled bets found in DB
[SETTLEMENT] Found 1145 unsettled predictions in DB
[SETTLEMENT] No unsettled bets found in DB
[SETTLEMENT] Found 1063 unsettled predictions in DB
[SETTLEMENT] No unsettled bets found in DB
[SETTLEMENT] Found 1183 unsettled predictions in DB
[SETTLEMENT] No unsettled bets found in DB
[SETTLEMENT] Found 1033 unsettled predictions in DB
[SETTLEMENT] No unsettled bets found in DB
[SETTLEMENT] Found 1154 unsettled predictions in DB
[SETTLEMENT] No unsettled bets found in DB
[SETTLEMENT] Found 955 unsettled predictions in DB
[SETTLEMENT] No unsettled bets found in DB
[SETTLEMENT] Found 1196 unsettled predictions in DB
[SETTLEMENT] No unsettled bets found in DB
[SETTLEMENT] Found 992 unsettled predictions in DB
[SETTLEMENT] No unsettled bets found in DB
[SETTLEMENT] Found 1112 unsettled predictions in DB
[SETTLEMENT] No unsettled bets found in DB
[SETTLEMENT] Found 1032 unsettled predictions in DB
[SETTLEMENT] No unsettled bets found in DB
[SETTLEMENT] Found 1152 unsettled predictions in DB
[SETTLEMENT] No unsettled bets found in DB
[SETTLEMENT] Found 952 unsettled predictions in DB
[SETTLEMENT] No unsettled bets found in DB
[SETTLEMENT] Found 1032 unsettled predictions in DB
[SETTLEMENT] No unsettled bets found in DB
[SETTLEMENT] Found 992 unsettled predictions in DB
[SETTLEMENT] No unsettled bets found in DB
[SETTLEMENT] Found 1107 unsettled predictions in DB
[SETTLEMENT] No unsettled bets found in DB
[SETTLEMENT] Found 1022 unsettled predictions in DB
[SETTLEMENT] No unsettled bets found in DB
[SETTLEMENT] Found 1172 unsettled predictions in DB
[SETTLEMENT] No unsettled bets found in DB
[SETTLEMENT] Found 1132 unsettled predictions in DB
[SETTLEMENT] No unsettled bets found in DB
[SETTLEMENT] Found 1072 unsettled predictions in DB
[SETTLEMENT] No unsettled bets found in DB
[SETTLEMENT] Found 992 unsettled predictions in DB
[SETTLEMENT] No unsettled bets found in DB
[SETTLEMENT] Found 1112 unsettled predictions in DB
[SETTLEMENT] No unsettled bets found in DB
[SETTLEMENT] Found 911 unsettled predictions in DB
[SETTLEMENT] No unsettled bets found in DB
[SETTLEMENT] Found 1111 unsettled predictions in DB
[SETTLEMENT] No unsettled bets found in DB
[SETTLEMENT] Found 1111 unsettled predictions in DB
[SETTLEMENT] No unsettled bets found in DB
[SETTLEMENT] Found 911 unsettled predictions in DB
[SETTLEMENT] No unsettled bets found in DB
[SETTLEMENT] Found 1111 unsettled predictions in DB
[SETTLEMENT] No unsettled bets found in DB
[SETTLEMENT] Found 1111 unsettled predictions in DB
[SETTLEMENT] No unsettled bets found in DB
[SETTLEMENT] Found 1071 unsettled predictions in DB
[SETTLEMENT] No unsettled bets found in DB
[SETTLEMENT] Found 991 unsettled predictions in DB
[SETTLEMENT] No unsettled bets found in DB
[SETTLEMENT] Found 1111 unsettled predictions in DB
[SETTLEMENT] No unsettled bets found in DB
[SETTLEMENT] Found 1071 unsettled predictions in DB
[SETTLEMENT] No unsettled bets found in DB
[SETTLEMENT] Found 1111 unsettled predictions in DB
[SETTLEMENT] No unsettled bets found in DB
[SETTLEMENT] Found 1111 unsettled predictions in DB
[SETTLEMENT] No unsettled bets found in DB
[SETTLEMENT] Found 911 unsettled predictions in DB
[SETTLEMENT] No unsettled bets found in DB
[SETTLEMENT] Found 1071 unsettled predictions in DB
[SETTLEMENT] No unsettled bets found in DB
[SETTLEMENT] Found 1111 unsettled predictions in DB
[SETTLEMENT] No unsettled bets found in DB
[SETTLEMENT] Found 1067 unsettled predictions in DB
[SETTLEMENT] No unsettled bets found in DB
[SETTLEMENT] Found 1107 unsettled predictions in DB
[SETTLEMENT] No unsettled bets found in DB
[SETTLEMENT] Found 1106 unsettled predictions in DB
[SETTLEMENT] No unsettled bets found in DB
[SETTLEMENT] Found 1066 unsettled predictions in DB
[SETTLEMENT] No unsettled bets found in DB
[SETTLEMENT] Found 1106 unsettled predictions in DB
[SETTLEMENT] No unsettled bets found in DB
[SETTLEMENT] Found 1066 unsettled predictions in DB
[SETTLEMENT] No unsettled bets found in DB
[SETTLEMENT] Found 1067 unsettled predictions in DB
[SETTLEMENT] No unsettled bets found in DB
[SETTLEMENT] Found 1149 unsettled predictions in DB
[SETTLEMENT] No unsettled bets found in DB
[SETTLEMENT] Found 1111 unsettled predictions in DB
[SETTLEMENT] No unsettled bets found in DB
[SETTLEMENT] Found 1063 unsettled predictions in DB
[SETTLEMENT] No unsettled bets found in DB
[SETTLEMENT] Found 1055 unsettled predictions in DB
[SETTLEMENT] No unsettled bets found in DB
[SETTLEMENT] Found 1130 unsettled predictions in DB
[SETTLEMENT] No unsettled bets found in DB
[SETTLEMENT] Found 1086 unsettled predictions in DB
[SETTLEMENT] No unsettled bets found in DB
[SETTLEMENT] Found 986 unsettled predictions in DB
[SETTLEMENT] No unsettled bets found in DB
[SETTLEMENT] Found 1106 unsettled predictions in DB
[SETTLEMENT] No unsettled bets found in DB
[SETTLEMENT] Found 1066 unsettled predictions in DB
[SETTLEMENT] No unsettled bets found in DB
[SETTLEMENT] Found 1106 unsettled predictions in DB
[SETTLEMENT] No unsettled bets found in DB
[SETTLEMENT] Found 1106 unsettled predictions in DB
[SETTLEMENT] No unsettled bets found in DB
[SETTLEMENT] Found 906 unsettled predictions in DB
[SETTLEMENT] No unsettled bets found in DB
[SETTLEMENT] Found 986 unsettled predictions in DB
[SETTLEMENT] No unsettled bets found in DB
[SETTLEMENT] Found 1106 unsettled predictions in DB
[SETTLEMENT] No unsettled bets found in DB
[SETTLEMENT] Found 1066 unsettled predictions in DB
[SETTLEMENT] No unsettled bets found in DB
[SETTLEMENT] Found 1105 unsettled predictions in DB
[SETTLEMENT] No unsettled bets found in DB
[SETTLEMENT] Found 945 unsettled predictions in DB
[SETTLEMENT] No unsettled bets found in DB
[SETTLEMENT] Found 1065 unsettled predictions in DB
[SETTLEMENT] No unsettled bets found in DB
[SETTLEMENT] Found 1105 unsettled predictions in DB
[SETTLEMENT] No unsettled bets found in DB
[SETTLEMENT] Found 1104 unsettled predictions in DB
[SETTLEMENT] No unsettled bets found in DB
[SETTLEMENT] Found 904 unsettled predictions in DB
[SETTLEMENT] No unsettled bets found in DB
[SETTLEMENT] Found 1104 unsettled predictions in DB
[SETTLEMENT] No unsettled bets found in DB
[SETTLEMENT] Found 944 unsettled predictions in DB
[SETTLEMENT] No unsettled bets found in DB
[SETTLEMENT] Found 1064 unsettled predictions in DB
[SETTLEMENT] No unsettled bets found in DB
[SETTLEMENT] Found 1104 unsettled predictions in DB
[SETTLEMENT] No unsettled bets found in DB
[SETTLEMENT] Found 1104 unsettled predictions in DB
[SETTLEMENT] No unsettled bets found in DB
[SETTLEMENT] Found 1064 unsettled predictions in DB
[SETTLEMENT] No unsettled bets found in DB
[SETTLEMENT] Found 984 unsettled predictions in DB
[SETTLEMENT] No unsettled bets found in DB
[SETTLEMENT] Found 1104 unsettled predictions in DB
[SETTLEMENT] No unsettled bets found in DB
[SETTLEMENT] Found 1064 unsettled predictions in DB
[SETTLEMENT] No unsettled bets found in DB
[SETTLEMENT] Found 1104 unsettled predictions in DB
[SETTLEMENT] No unsettled bets found in DB
[SETTLEMENT] Found 1098 unsettled predictions in DB
[SETTLEMENT] No unsettled bets found in DB
[SETTLEMENT] Found 1053 unsettled predictions in DB
[SETTLEMENT] No unsettled bets found in DB
[SETTLEMENT] Found 973 unsettled predictions in DB
[SETTLEMENT] No unsettled bets found in DB
[SETTLEMENT] Found 1053 unsettled predictions in DB
[SETTLEMENT] No unsettled bets found in DB
[SETTLEMENT] Found 973 unsettled predictions in DB
[SETTLEMENT] No unsettled bets found in DB
[SETTLEMENT] Found 1133 unsettled predictions in DB
[SETTLEMENT] No unsettled bets found in DB
[SETTLEMENT] Found 933 unsettled predictions in DB
[SETTLEMENT] No unsettled bets found in DB
[SETTLEMENT] Found 1053 unsettled predictions in DB
[SETTLEMENT] No unsettled bets found in DB
[SETTLEMENT] Found 1093 unsettled predictions in DB
[SETTLEMENT] No unsettled bets found in DB
[SETTLEMENT] Found 1093 unsettled predictions in DB
[SETTLEMENT] No unsettled bets found in DB
[SETTLEMENT] Found 1053 unsettled predictions in DB
[SETTLEMENT] No unsettled bets found in DB
[SETTLEMENT] Found 974 unsettled predictions in DB
[SETTLEMENT] No unsettled bets found in DB
[SETTLEMENT] Found 1095 unsettled predictions in DB
[SETTLEMENT] No unsettled bets found in DB
[SETTLEMENT] Found 892 unsettled predictions in DB
[SETTLEMENT] No unsettled bets found in DB
[SETTLEMENT] Found 1092 unsettled predictions in DB
[SETTLEMENT] No unsettled bets found in DB
[SETTLEMENT] Found 1038 unsettled predictions in DB
[SETTLEMENT] No unsettled bets found in DB
[SETTLEMENT] Found 998 unsettled predictions in DB
[SETTLEMENT] No unsettled bets found in DB
[SETTLEMENT] Found 918 unsettled predictions in DB
[SETTLEMENT] No unsettled bets found in DB
[SETTLEMENT] Found 1038 unsettled predictions in DB
[SETTLEMENT] No unsettled bets found in DB
[SETTLEMENT] Found 838 unsettled predictions in DB
[SETTLEMENT] No unsettled bets found in DB
[SETTLEMENT] Found 1038 unsettled predictions in DB
[SETTLEMENT] No unsettled bets found in DB
[SETTLEMENT] Found 1038 unsettled predictions in DB
[SETTLEMENT] No unsettled bets found in DB
[SETTLEMENT] Found 998 unsettled predictions in DB
[SETTLEMENT] No unsettled bets found in DB
[SETTLEMENT] Found 1038 unsettled predictions in DB
[SETTLEMENT] No unsettled bets found in DB
[SETTLEMENT] Found 878 unsettled predictions in DB
[SETTLEMENT] No unsettled bets found in DB
[SETTLEMENT] Found 998 unsettled predictions in DB
[SETTLEMENT] No unsettled bets found in DB
[SETTLEMENT] Found 1078 unsettled predictions in DB
[SETTLEMENT] No unsettled bets found in DB
[SETTLEMENT] Found 1038 unsettled predictions in DB
[SETTLEMENT] No unsettled bets found in DB
[SETTLEMENT] Found 823 unsettled predictions in DB
[SETTLEMENT] No unsettled bets found in DB
[SETTLEMENT] Found 1023 unsettled predictions in DB
[SETTLEMENT] No unsettled bets found in DB
[SETTLEMENT] Found 856 unsettled predictions in DB
[SETTLEMENT] No unsettled bets found in DB
[SETTLEMENT] Found 976 unsettled predictions in DB
[SETTLEMENT] No unsettled bets found in DB
[SETTLEMENT] Found 1006 unsettled predictions in DB
[SETTLEMENT] No unsettled bets found in DB
[SETTLEMENT] Found 1001 unsettled predictions in DB
[SETTLEMENT] No unsettled bets found in DB
[SETTLEMENT] Found 908 unsettled predictions in DB
[SETTLEMENT] No unsettled bets found in DB
[SETTLEMENT] Found 1068 unsettled predictions in DB
[SETTLEMENT] No unsettled bets found in DB
[SETTLEMENT] Found 1048 unsettled predictions in DB
[SETTLEMENT] No unsettled bets found in DB
[SETTLEMENT] Found 968 unsettled predictions in DB
[SETTLEMENT] No unsettled bets found in DB
[SETTLEMENT] Found 1008 unsettled predictions in DB
[SETTLEMENT] No unsettled bets found in DB
[SETTLEMENT] Found 848 unsettled predictions in DB
[SETTLEMENT] No unsettled bets found in DB
[SETTLEMENT] Found 968 unsettled predictions in DB
[SETTLEMENT] No unsettled bets found in DB
[SETTLEMENT] Found 888 unsettled predictions in DB
[SETTLEMENT] No unsettled bets found in DB
[SETTLEMENT] Found 1008 unsettled predictions in DB
[SETTLEMENT] No unsettled bets found in DB
[SETTLEMENT] Found 808 unsettled predictions in DB
[SETTLEMENT] No unsettled bets found in DB
[SETTLEMENT] Found 1008 unsettled predictions in DB
[SETTLEMENT] No unsettled bets found in DB
[SETTLEMENT] Found 848 unsettled predictions in DB
[SETTLEMENT] No unsettled bets found in DB
[SETTLEMENT] Found 968 unsettled predictions in DB
[SETTLEMENT] No unsettled bets found in DB
[SETTLEMENT] Found 888 unsettled predictions in DB
[SETTLEMENT] No unsettled bets found in DB
[SETTLEMENT] Found 968 unsettled predictions in DB
[SETTLEMENT] No unsettled bets found in DB
[SETTLEMENT] Found 968 unsettled predictions in DB
[SETTLEMENT] No unsettled bets found in DB
[SETTLEMENT] Found 1008 unsettled predictions in DB
[SETTLEMENT] No unsettled bets found in DB
[SETTLEMENT] Found 1008 unsettled predictions in DB
[SETTLEMENT] No unsettled bets found in DB
[SETTLEMENT] Found 968 unsettled predictions in DB
[SETTLEMENT] No unsettled bets found in DB
[SETTLEMENT] Found 1008 unsettled predictions in DB
[SETTLEMENT] No unsettled bets found in DB
[SETTLEMENT] Found 980 unsettled predictions in DB
[SETTLEMENT] No unsettled bets found in DB
[SETTLEMENT] Found 940 unsettled predictions in DB
[SETTLEMENT] No unsettled bets found in DB
[SETTLEMENT] Found 980 unsettled predictions in DB
[SETTLEMENT] No unsettled bets found in DB
[SETTLEMENT] Found 981 unsettled predictions in DB
[SETTLEMENT] No unsettled bets found in DB
[SETTLEMENT] Found 782 unsettled predictions in DB
[SETTLEMENT] No unsettled bets found in DB
[SETTLEMENT] Found 983 unsettled predictions in DB
[SETTLEMENT] No unsettled bets found in DB
[SETTLEMENT] Found 816 unsettled predictions in DB
[SETTLEMENT] No unsettled bets found in DB
[SETTLEMENT] Found 1056 unsettled predictions in DB
[SETTLEMENT] No unsettled bets found in DB
[SETTLEMENT] Found 856 unsettled predictions in DB
[SETTLEMENT] No unsettled bets found in DB
[SETTLEMENT] Found 971 unsettled predictions in DB
[SETTLEMENT] No unsettled bets found in DB
[SETTLEMENT] Found 926 unsettled predictions in DB
[SETTLEMENT] No unsettled bets found in DB
[SETTLEMENT] Found 916 unsettled predictions in DB
[SETTLEMENT] No unsettled bets found in DB
[SETTLEMENT] Found 856 unsettled predictions in DB
[SETTLEMENT] No unsettled bets found in DB
[SETTLEMENT] Found 976 unsettled predictions in DB
[SETTLEMENT] No unsettled bets found in DB
[SETTLEMENT] Found 976 unsettled predictions in DB
[SETTLEMENT] No unsettled bets found in DB
[SETTLEMENT] Found 976 unsettled predictions in DB
[SETTLEMENT] No unsettled bets found in DB
[SETTLEMENT] Found 933 unsettled predictions in DB
[SETTLEMENT] No unsettled bets found in DB
[SETTLEMENT] Found 973 unsettled predictions in DB
[SETTLEMENT] No unsettled bets found in DB
[SETTLEMENT] Found 973 unsettled predictions in DB
[SETTLEMENT] No unsettled bets found in DB
[SETTLEMENT] Found 932 unsettled predictions in DB
[SETTLEMENT] No unsettled bets found in DB
[SETTLEMENT] Found 852 unsettled predictions in DB
[SETTLEMENT] No unsettled bets found in DB
[SETTLEMENT] Found 972 unsettled predictions in DB
[SETTLEMENT] No unsettled bets found in DB
[SETTLEMENT] Found 772 unsettled predictions in DB
[SETTLEMENT] No unsettled bets found in DB
[SETTLEMENT] Found 972 unsettled predictions in DB
[SETTLEMENT] No unsettled bets found in DB
[SETTLEMENT] Found 811 unsettled predictions in DB
[SETTLEMENT] No unsettled bets found in DB
[SETTLEMENT] Found 931 unsettled predictions in DB
[SETTLEMENT] No unsettled bets found in DB
[SETTLEMENT] Found 851 unsettled predictions in DB
[SETTLEMENT] No unsettled bets found in DB
[SETTLEMENT] Found 971 unsettled predictions in DB
[SETTLEMENT] No unsettled bets found in DB
[SETTLEMENT] Found 771 unsettled predictions in DB
[SETTLEMENT] No unsettled bets found in DB
[SETTLEMENT] Found 971 unsettled predictions in DB
[SETTLEMENT] No unsettled bets found in DB
[SETTLEMENT] Found 971 unsettled predictions in DB
[SETTLEMENT] No unsettled bets found in DB
[SETTLEMENT] Found 931 unsettled predictions in DB
[SETTLEMENT] No unsettled bets found in DB
[SETTLEMENT] Found 851 unsettled predictions in DB
[SETTLEMENT] No unsettled bets found in DB
[SETTLEMENT] Found 971 unsettled predictions in DB
[SETTLEMENT] No unsettled bets found in DB
[SETTLEMENT] Found 932 unsettled predictions in DB
[SETTLEMENT] No unsettled bets found in DB
[SETTLEMENT] Found 974 unsettled predictions in DB
[SETTLEMENT] No unsettled bets found in DB
[SETTLEMENT] Found 811 unsettled predictions in DB
[SETTLEMENT] No unsettled bets found in DB
[SETTLEMENT] Found 931 unsettled predictions in DB
[SETTLEMENT] No unsettled bets found in DB
[SETTLEMENT] Found 851 unsettled predictions in DB
[SETTLEMENT] No unsettled bets found in DB
[SETTLEMENT] Found 971 unsettled predictions in DB
[SETTLEMENT] No unsettled bets found in DB
[SETTLEMENT] Found 771 unsettled predictions in DB
[SETTLEMENT] No unsettled bets found in DB
[SETTLEMENT] Found 971 unsettled predictions in DB
[SETTLEMENT] No unsettled bets found in DB
[SETTLEMENT] Found 931 unsettled predictions in DB
[SETTLEMENT] No unsettled bets found in DB
[SETTLEMENT] Found 1011 unsettled predictions in DB
[SETTLEMENT] No unsettled bets found in DB
[SETTLEMENT] Found 1051 unsettled predictions in DB
[SETTLEMENT] No unsettled bets found in DB
[SETTLEMENT] Found 971 unsettled predictions in DB
[SETTLEMENT] No unsettled bets found in DB
[SETTLEMENT] Found 771 unsettled predictions in DB
[SETTLEMENT] No unsettled bets found in DB
[SETTLEMENT] Found 973 unsettled predictions in DB
[SETTLEMENT] No unsettled bets found in DB
[SETTLEMENT] Found 814 unsettled predictions in DB
[SETTLEMENT] No unsettled bets found in DB
[SETTLEMENT] Found 935 unsettled predictions in DB
[SETTLEMENT] No unsettled bets found in DB
[SETTLEMENT] Found 851 unsettled predictions in DB
[SETTLEMENT] No unsettled bets found in DB
[SETTLEMENT] Found 971 unsettled predictions in DB
[SETTLEMENT] No unsettled bets found in DB
[SETTLEMENT] Found 931 unsettled predictions in DB
[SETTLEMENT] No unsettled bets found in DB
[SETTLEMENT] Found 971 unsettled predictions in DB
[SETTLEMENT] No unsettled bets found in DB
[SETTLEMENT] Found 971 unsettled predictions in DB
[SETTLEMENT] No unsettled bets found in DB
[SETTLEMENT] Found 931 unsettled predictions in DB
[SETTLEMENT] No unsettled bets found in DB
[SETTLEMENT] Found 851 unsettled predictions in DB
[SETTLEMENT] No unsettled bets found in DB
[SETTLEMENT] Found 971 unsettled predictions in DB
[SETTLEMENT] No unsettled bets found in DB
[SETTLEMENT] Found 930 unsettled predictions in DB
[SETTLEMENT] No unsettled bets found in DB
[SETTLEMENT] Found 970 unsettled predictions in DB
[SETTLEMENT] No unsettled bets found in DB
[SETTLEMENT] Found 970 unsettled predictions in DB
[SETTLEMENT] No unsettled bets found in DB
[SETTLEMENT] Found 930 unsettled predictions in DB
[SETTLEMENT] No unsettled bets found in DB
[SETTLEMENT] Found 850 unsettled predictions in DB
[SETTLEMENT] No unsettled bets found in DB
[SETTLEMENT] Found 970 unsettled predictions in DB
[SETTLEMENT] No unsettled bets found in DB
[SETTLEMENT] Found 770 unsettled predictions in DB
[SETTLEMENT] No unsettled bets found in DB
[SETTLEMENT] Found 930 unsettled predictions in DB
[SETTLEMENT] No unsettled bets found in DB
[SETTLEMENT] Found 970 unsettled predictions in DB
[SETTLEMENT] No unsettled bets found in DB
[SETTLEMENT] Found 924 unsettled predictions in DB
[SETTLEMENT] No unsettled bets found in DB
[SETTLEMENT] Found 964 unsettled predictions in DB
[SETTLEMENT] No unsettled bets found in DB
[SETTLEMENT] Found 964 unsettled predictions in DB
[SETTLEMENT] No unsettled bets found in DB
[SETTLEMENT] Found 924 unsettled predictions in DB
[SETTLEMENT] No unsettled bets found in DB
[SETTLEMENT] Found 828 unsettled predictions in DB
[SETTLEMENT] No unsettled bets found in DB
[SETTLEMENT] Found 783 unsettled predictions in DB
[SETTLEMENT] No unsettled bets found in DB
[SETTLEMENT] Found 858 unsettled predictions in DB
[SETTLEMENT] No unsettled bets found in DB
[SETTLEMENT] Found 1038 unsettled predictions in DB
[SETTLEMENT] No unsettled bets found in DB
[SETTLEMENT] Found 1018 unsettled predictions in DB
[SETTLEMENT] No unsettled bets found in DB
[SETTLEMENT] Found 792 unsettled predictions in DB
[SETTLEMENT] No unsettled bets found in DB
[SETTLEMENT] Found 1032 unsettled predictions in DB
[SETTLEMENT] No unsettled bets found in DB
[SETTLEMENT] Found 992 unsettled predictions in DB
[SETTLEMENT] No unsettled bets found in DB
[SETTLEMENT] Found 952 unsettled predictions in DB
[SETTLEMENT] No unsettled bets found in DB
[SETTLEMENT] Found 751 unsettled predictions in DB
[SETTLEMENT] No unsettled bets found in DB
[SETTLEMENT] Found 831 unsettled predictions in DB
[SETTLEMENT] No unsettled bets found in DB
[SETTLEMENT] Found 951 unsettled predictions in DB
[SETTLEMENT] No unsettled bets found in DB
[SETTLEMENT] Found 911 unsettled predictions in DB
[SETTLEMENT] No unsettled bets found in DB
[SETTLEMENT] Found 993 unsettled predictions in DB
[SETTLEMENT] No unsettled bets found in DB
[SETTLEMENT] Found 954 unsettled predictions in DB
[SETTLEMENT] No unsettled bets found in DB
[SETTLEMENT] Found 839 unsettled predictions in DB
[SETTLEMENT] No unsettled bets found in DB
[SETTLEMENT] Found 959 unsettled predictions in DB
[SETTLEMENT] No unsettled bets found in DB
[SETTLEMENT] Found 919 unsettled predictions in DB
[SETTLEMENT] No unsettled bets found in DB
[SETTLEMENT] Found 838 unsettled predictions in DB
[SETTLEMENT] No unsettled bets found in DB
[SETTLEMENT] Found 958 unsettled predictions in DB
[SETTLEMENT] No unsettled bets found in DB
[SETTLEMENT] Found 918 unsettled predictions in DB
[SETTLEMENT] No unsettled bets found in DB
[SETTLEMENT] Found 838 unsettled predictions in DB
[SETTLEMENT] No unsettled bets found in DB
[SETTLEMENT] Found 958 unsettled predictions in DB
[SETTLEMENT] No unsettled bets found in DB
[SETTLEMENT] Found 758 unsettled predictions in DB
[SETTLEMENT] No unsettled bets found in DB
[SETTLEMENT] Found 998 unsettled predictions in DB
[SETTLEMENT] No unsettled bets found in DB
[SETTLEMENT] Found 798 unsettled predictions in DB
[SETTLEMENT] No unsettled bets found in DB
[SETTLEMENT] Found 918 unsettled predictions in DB
[SETTLEMENT] No unsettled bets found in DB
[SETTLEMENT] Found 813 unsettled predictions in DB
[SETTLEMENT] No unsettled bets found in DB
[SETTLEMENT] Found 933 unsettled predictions in DB
[SETTLEMENT] No unsettled bets found in DB
[SETTLEMENT] Found 733 unsettled predictions in DB
[SETTLEMENT] No unsettled bets found in DB
[SETTLEMENT] Found 973 unsettled predictions in DB
[SETTLEMENT] No unsettled bets found in DB
[SETTLEMENT] Found 788 unsettled predictions in DB
[SETTLEMENT] No unsettled bets found in DB
[SETTLEMENT] Found 903 unsettled predictions in DB
[SETTLEMENT] No unsettled bets found in DB
[SETTLEMENT] Found 898 unsettled predictions in DB
[SETTLEMENT] No unsettled bets found in DB
[SETTLEMENT] Found 834 unsettled predictions in DB
[SETTLEMENT] No unsettled bets found in DB
[SETTLEMENT] Found 954 unsettled predictions in DB
[SETTLEMENT] No unsettled bets found in DB
[SETTLEMENT] Found 834 unsettled predictions in DB
[SETTLEMENT] No unsettled bets found in DB
[SETTLEMENT] Found 914 unsettled predictions in DB
[SETTLEMENT] No unsettled bets found in DB
[SETTLEMENT] Found 912 unsettled predictions in DB
[SETTLEMENT] No unsettled bets found in DB
[SETTLEMENT] Found 872 unsettled predictions in DB
[SETTLEMENT] No unsettled bets found in DB
[SETTLEMENT] Found 792 unsettled predictions in DB
[SETTLEMENT] No unsettled bets found in DB
[SETTLEMENT] Found 912 unsettled predictions in DB
[SETTLEMENT] No unsettled bets found in DB
[SETTLEMENT] Found 712 unsettled predictions in DB
[SETTLEMENT] No unsettled bets found in DB
[SETTLEMENT] Found 912 unsettled predictions in DB
[SETTLEMENT] No unsettled bets found in DB
[SETTLEMENT] Found 752 unsettled predictions in DB
[SETTLEMENT] No unsettled bets found in DB
[SETTLEMENT] Found 872 unsettled predictions in DB
[SETTLEMENT] No unsettled bets found in DB
[SETTLEMENT] Found 792 unsettled predictions in DB
[SETTLEMENT] No unsettled bets found in DB
[SETTLEMENT] Found 912 unsettled predictions in DB
[SETTLEMENT] No unsettled bets found in DB
[SETTLEMENT] Found 712 unsettled predictions in DB
[SETTLEMENT] No unsettled bets found in DB
[SETTLEMENT] Found 952 unsettled predictions in DB
[SETTLEMENT] No unsettled bets found in DB
[SETTLEMENT] Found 752 unsettled predictions in DB
[SETTLEMENT] No unsettled bets found in DB
[SETTLEMENT] Found 872 unsettled predictions in DB
[SETTLEMENT] No unsettled bets found in DB
[SETTLEMENT] Found 792 unsettled predictions in DB
[SETTLEMENT] No unsettled bets found in DB
[SETTLEMENT] Found 912 unsettled predictions in DB
[SETTLEMENT] No unsettled bets found in DB
[SETTLEMENT] Found 873 unsettled predictions in DB
[SETTLEMENT] No unsettled bets found in DB
[SETTLEMENT] Found 955 unsettled predictions in DB
[SETTLEMENT] No unsettled bets found in DB
[SETTLEMENT] Found 916 unsettled predictions in DB
[SETTLEMENT] No unsettled bets found in DB
[SETTLEMENT] Found 832 unsettled predictions in DB
[SETTLEMENT] No unsettled bets found in DB
[SETTLEMENT] Found 792 unsettled predictions in DB
[SETTLEMENT] No unsettled bets found in DB
[SETTLEMENT] Found 912 unsettled predictions in DB
[SETTLEMENT] No unsettled bets found in DB
[SETTLEMENT] Found 712 unsettled predictions in DB
[SETTLEMENT] No unsettled bets found in DB
[SETTLEMENT] Found 912 unsettled predictions in DB
[SETTLEMENT] No unsettled bets found in DB
[SETTLEMENT] Found 907 unsettled predictions in DB
[SETTLEMENT] No unsettled bets found in DB
[SETTLEMENT] Found 862 unsettled predictions in DB
[SETTLEMENT] No unsettled bets found in DB
[SETTLEMENT] Found 852 unsettled predictions in DB
[SETTLEMENT] No unsettled bets found in DB
[SETTLEMENT] Found 927 unsettled predictions in DB
[SETTLEMENT] No unsettled bets found in DB
[SETTLEMENT] Found 887 unsettled predictions in DB
[SETTLEMENT] No unsettled bets found in DB
[SETTLEMENT] Found 867 unsettled predictions in DB
[SETTLEMENT] No unsettled bets found in DB
[SETTLEMENT] Found 907 unsettled predictions in DB
[SETTLEMENT] No unsettled bets found in DB
[SETTLEMENT] Found 706 unsettled predictions in DB
[SETTLEMENT] No unsettled bets found in DB
[SETTLEMENT] Found 906 unsettled predictions in DB
[SETTLEMENT] No unsettled bets found in DB
[SETTLEMENT] Found 906 unsettled predictions in DB
[SETTLEMENT] No unsettled bets found in DB
[SETTLEMENT] Found 867 unsettled predictions in DB
[SETTLEMENT] No unsettled bets found in DB
[SETTLEMENT] Found 909 unsettled predictions in DB
[SETTLEMENT] No unsettled bets found in DB
[SETTLEMENT] Found 746 unsettled predictions in DB
[SETTLEMENT] No unsettled bets found in DB
[SETTLEMENT] Found 706 unsettled predictions in DB
[SETTLEMENT] No unsettled bets found in DB
[SETTLEMENT] Found 906 unsettled predictions in DB
[SETTLEMENT] No unsettled bets found in DB
[SETTLEMENT] Found 906 unsettled predictions in DB
[SETTLEMENT] No unsettled bets found in DB
[SETTLEMENT] Found 866 unsettled predictions in DB
[SETTLEMENT] No unsettled bets found in DB
[SETTLEMENT] Found 906 unsettled predictions in DB
[SETTLEMENT] No unsettled bets found in DB
[SETTLEMENT] Found 746 unsettled predictions in DB
[SETTLEMENT] No unsettled bets found in DB
[SETTLEMENT] Found 705 unsettled predictions in DB
[SETTLEMENT] No unsettled bets found in DB
[SETTLEMENT] Found 905 unsettled predictions in DB
[SETTLEMENT] No unsettled bets found in DB
[SETTLEMENT] Found 711 unsettled predictions in DB
[SETTLEMENT] No unsettled bets found in DB
[SETTLEMENT] Found 831 unsettled predictions in DB
[SETTLEMENT] No unsettled bets found in DB
[SETTLEMENT] Found 751 unsettled predictions in DB
[SETTLEMENT] No unsettled bets found in DB
[SETTLEMENT] Found 871 unsettled predictions in DB
[SETTLEMENT] No unsettled bets found in DB
[SETTLEMENT] Found 831 unsettled predictions in DB
[SETTLEMENT] No unsettled bets found in DB
[SETTLEMENT] Found 871 unsettled predictions in DB
[SETTLEMENT] No unsettled bets found in DB
[SETTLEMENT] Found 871 unsettled predictions in DB
[SETTLEMENT] No unsettled bets found in DB
[SETTLEMENT] Found 786 unsettled predictions in DB
[SETTLEMENT] No unsettled bets found in DB
[SETTLEMENT] Found 906 unsettled predictions in DB
[SETTLEMENT] No unsettled bets found in DB
[SETTLEMENT] Found 866 unsettled predictions in DB
[SETTLEMENT] No unsettled bets found in DB
[SETTLEMENT] Found 906 unsettled predictions in DB
[SETTLEMENT] No unsettled bets found in DB
[SETTLEMENT] Found 906 unsettled predictions in DB
[SETTLEMENT] No unsettled bets found in DB
[SETTLEMENT] Found 826 unsettled predictions in DB
[SETTLEMENT] No unsettled bets found in DB
[SETTLEMENT] Found 906 unsettled predictions in DB
[SETTLEMENT] No unsettled bets found in DB
[SETTLEMENT] Found 946 unsettled predictions in DB
[SETTLEMENT] No unsettled bets found in DB
[SETTLEMENT] Found 706 unsettled predictions in DB
[SETTLEMENT] No unsettled bets found in DB
[SETTLEMENT] Found 666 unsettled predictions in DB
[SETTLEMENT] No unsettled bets found in DB
[SETTLEMENT] Found 866 unsettled predictions in DB
[SETTLEMENT] No unsettled bets found in DB
[SETTLEMENT] Found 706 unsettled predictions in DB
[SETTLEMENT] No unsettled bets found in DB
[SETTLEMENT] Found 827 unsettled predictions in DB
[SETTLEMENT] No unsettled bets found in DB
[SETTLEMENT] Found 744 unsettled predictions in DB
[SETTLEMENT] No unsettled bets found in DB
[SETTLEMENT] Found 864 unsettled predictions in DB
[SETTLEMENT] No unsettled bets found in DB
[SETTLEMENT] Found 663 unsettled predictions in DB
[SETTLEMENT] No unsettled bets found in DB
[SETTLEMENT] Found 903 unsettled predictions in DB
[SETTLEMENT] No unsettled bets found in DB
[SETTLEMENT] Found 703 unsettled predictions in DB
[SETTLEMENT] No unsettled bets found in DB
[SETTLEMENT] Found 943 unsettled predictions in DB
[SETTLEMENT] No unsettled bets found in DB
[SETTLEMENT] Found 903 unsettled predictions in DB
[SETTLEMENT] No unsettled bets found in DB
[SETTLEMENT] Found 863 unsettled predictions in DB
[SETTLEMENT] No unsettled bets found in DB
[SETTLEMENT] Found 663 unsettled predictions in DB
[SETTLEMENT] No unsettled bets found in DB
[SETTLEMENT] Found 903 unsettled predictions in DB
[SETTLEMENT] No unsettled bets found in DB
[SETTLEMENT] Found 863 unsettled predictions in DB
[SETTLEMENT] No unsettled bets found in DB
[SETTLEMENT] Found 823 unsettled predictions in DB
[SETTLEMENT] No unsettled bets found in DB
[SETTLEMENT] Found 863 unsettled predictions in DB
[SETTLEMENT] No unsettled bets found in DB
[SETTLEMENT] Found 703 unsettled predictions in DB
[SETTLEMENT] No unsettled bets found in DB
[SETTLEMENT] Found 823 unsettled predictions in DB
[SETTLEMENT] No unsettled bets found in DB
[SETTLEMENT] Found 903 unsettled predictions in DB
[SETTLEMENT] No unsettled bets found in DB
[SETTLEMENT] Found 863 unsettled predictions in DB
[SETTLEMENT] No unsettled bets found in DB
[SETTLEMENT] Found 823 unsettled predictions in DB
[SETTLEMENT] No unsettled bets found in DB
[SETTLEMENT] Found 903 unsettled predictions in DB
[SETTLEMENT] No unsettled bets found in DB
[SETTLEMENT] Found 863 unsettled predictions in DB
[SETTLEMENT] No unsettled bets found in DB
[SETTLEMENT] Found 823 unsettled predictions in DB
[SETTLEMENT] No unsettled bets found in DB
[SETTLEMENT] Found 743 unsettled predictions in DB
[SETTLEMENT] No unsettled bets found in DB
[SETTLEMENT] Found 703 unsettled predictions in DB
[SETTLEMENT] No unsettled bets found in DB
[SETTLEMENT] Found 783 unsettled predictions in DB
[SETTLEMENT] No unsettled bets found in DB
[SETTLEMENT] Found 943 unsettled predictions in DB
[SETTLEMENT] No unsettled bets found in DB
[SETTLEMENT] Found 703 unsettled predictions in DB
[SETTLEMENT] No unsettled bets found in DB
[SETTLEMENT] Found 663 unsettled predictions in DB
[SETTLEMENT] No unsettled bets found in DB
[SETTLEMENT] Found 863 unsettled predictions in DB
[SETTLEMENT] No unsettled bets found in DB
[SETTLEMENT] Found 702 unsettled predictions in DB
[SETTLEMENT] No unsettled bets found in DB
[SETTLEMENT] Found 823 unsettled predictions in DB
[SETTLEMENT] No unsettled bets found in DB
[SETTLEMENT] Found 745 unsettled predictions in DB
[SETTLEMENT] No unsettled bets found in DB
[SETTLEMENT] Found 865 unsettled predictions in DB
[SETTLEMENT] No unsettled bets found in DB
[SETTLEMENT] Found 821 unsettled predictions in DB
[SETTLEMENT] No unsettled bets found in DB
[SETTLEMENT] Found 861 unsettled predictions in DB
[SETTLEMENT] No unsettled bets found in DB
[SETTLEMENT] Found 861 unsettled predictions in DB
[SETTLEMENT] No unsettled bets found in DB
[SETTLEMENT] Found 661 unsettled predictions in DB
[SETTLEMENT] No unsettled bets found in DB
[SETTLEMENT] Found 861 unsettled predictions in DB
[SETTLEMENT] No unsettled bets found in DB
[SETTLEMENT] Found 861 unsettled predictions in DB
[SETTLEMENT] No unsettled bets found in DB
[SETTLEMENT] Found 821 unsettled predictions in DB
[SETTLEMENT] No unsettled bets found in DB
[SETTLEMENT] Found 821 unsettled predictions in DB
[SETTLEMENT] No unsettled bets found in DB
[SETTLEMENT] Found 700 unsettled predictions in DB
[SETTLEMENT] No unsettled bets found in DB
[SETTLEMENT] Found 660 unsettled predictions in DB
[SETTLEMENT] No unsettled bets found in DB
[SETTLEMENT] Found 820 unsettled predictions in DB
[SETTLEMENT] No unsettled bets found in DB
[SETTLEMENT] Found 860 unsettled predictions in DB
[SETTLEMENT] No unsettled bets found in DB
[SETTLEMENT] Found 820 unsettled predictions in DB
[SETTLEMENT] No unsettled bets found in DB
[SETTLEMENT] Found 860 unsettled predictions in DB
[SETTLEMENT] No unsettled bets found in DB
[SETTLEMENT] Found 700 unsettled predictions in DB
[SETTLEMENT] No unsettled bets found in DB
[SETTLEMENT] Found 820 unsettled predictions in DB
[SETTLEMENT] No unsettled bets found in DB
[SETTLEMENT] Found 740 unsettled predictions in DB
[SETTLEMENT] No unsettled bets found in DB
[SETTLEMENT] Found 860 unsettled predictions in DB
[SETTLEMENT] No unsettled bets found in DB
[SETTLEMENT] Found 660 unsettled predictions in DB
[SETTLEMENT] No unsettled bets found in DB
[SETTLEMENT] Found 860 unsettled predictions in DB
[SETTLEMENT] No unsettled bets found in DB
[SETTLEMENT] Found 694 unsettled predictions in DB
[SETTLEMENT] No unsettled bets found in DB
[SETTLEMENT] Found 654 unsettled predictions in DB
[SETTLEMENT] No unsettled bets found in DB
[SETTLEMENT] Found 829 unsettled predictions in DB
[SETTLEMENT] No unsettled bets found in DB
[SETTLEMENT] Found 904 unsettled predictions in DB
[SETTLEMENT] No unsettled bets found in DB
[SETTLEMENT] Found 864 unsettled predictions in DB
[SETTLEMENT] No unsettled bets found in DB
[SETTLEMENT] Found 734 unsettled predictions in DB
[SETTLEMENT] No unsettled bets found in DB
[SETTLEMENT] Found 854 unsettled predictions in DB
[SETTLEMENT] No unsettled bets found in DB
[SETTLEMENT] Found 653 unsettled predictions in DB
[SETTLEMENT] No unsettled bets found in DB
[SETTLEMENT] Found 813 unsettled predictions in DB
[SETTLEMENT] No unsettled bets found in DB
[SETTLEMENT] Found 852 unsettled predictions in DB
[SETTLEMENT] No unsettled bets found in DB
[SETTLEMENT] Found 812 unsettled predictions in DB
[SETTLEMENT] No unsettled bets found in DB
[SETTLEMENT] Found 852 unsettled predictions in DB
[SETTLEMENT] No unsettled bets found in DB
[SETTLEMENT] Found 852 unsettled predictions in DB
[SETTLEMENT] No unsettled bets found in DB
[SETTLEMENT] Found 652 unsettled predictions in DB
[SETTLEMENT] No unsettled bets found in DB
[SETTLEMENT] Found 732 unsettled predictions in DB
[SETTLEMENT] No unsettled bets found in DB
[SETTLEMENT] Found 852 unsettled predictions in DB
[SETTLEMENT] No unsettled bets found in DB
[SETTLEMENT] Found 812 unsettled predictions in DB
[SETTLEMENT] No unsettled bets found in DB
[SETTLEMENT] Found 852 unsettled predictions in DB
[SETTLEMENT] No unsettled bets found in DB
[SETTLEMENT] Found 813 unsettled predictions in DB
[SETTLEMENT] No unsettled bets found in DB
[SETTLEMENT] Found 813 unsettled predictions in DB
[SETTLEMENT] No unsettled bets found in DB
[SETTLEMENT] Found 731 unsettled predictions in DB
[SETTLEMENT] No unsettled bets found in DB
[SETTLEMENT] Found 851 unsettled predictions in DB
[SETTLEMENT] No unsettled bets found in DB
[SETTLEMENT] Found 651 unsettled predictions in DB
[SETTLEMENT] No unsettled bets found in DB
[SETTLEMENT] Found 851 unsettled predictions in DB
[SETTLEMENT] No unsettled bets found in DB
[SETTLEMENT] Found 691 unsettled predictions in DB
[SETTLEMENT] No unsettled bets found in DB
[SETTLEMENT] Found 771 unsettled predictions in DB
[SETTLEMENT] No unsettled bets found in DB
[SETTLEMENT] Found 731 unsettled predictions in DB
[SETTLEMENT] No unsettled bets found in DB
[SETTLEMENT] Found 851 unsettled predictions in DB
[SETTLEMENT] No unsettled bets found in DB
[SETTLEMENT] Found 651 unsettled predictions in DB
[SETTLEMENT] No unsettled bets found in DB
[SETTLEMENT] Found 811 unsettled predictions in DB
[SETTLEMENT] No unsettled bets found in DB
[SETTLEMENT] Found 851 unsettled predictions in DB
[SETTLEMENT] No unsettled bets found in DB
[SETTLEMENT] Found 811 unsettled predictions in DB
[SETTLEMENT] No unsettled bets found in DB
[SETTLEMENT] Found 851 unsettled predictions in DB
[SETTLEMENT] No unsettled bets found in DB
[SETTLEMENT] Found 811 unsettled predictions in DB
[SETTLEMENT] No unsettled bets found in DB
[SETTLEMENT] Found 726 unsettled predictions in DB
[SETTLEMENT] No unsettled bets found in DB
[SETTLEMENT] Found 926 unsettled predictions in DB
[SETTLEMENT] No unsettled bets found in DB
[SETTLEMENT] Found 845 unsettled predictions in DB
[SETTLEMENT] No unsettled bets found in DB
[SETTLEMENT] Found 650 unsettled predictions in DB
[SETTLEMENT] No unsettled bets found in DB
[SETTLEMENT] Found 890 unsettled predictions in DB
[SETTLEMENT] No unsettled bets found in DB
[SETTLEMENT] Found 730 unsettled predictions in DB
[SETTLEMENT] No unsettled bets found in DB
[SETTLEMENT] Found 810 unsettled predictions in DB
[SETTLEMENT] No unsettled bets found in DB
[SETTLEMENT] Found 929 unsettled predictions in DB
[SETTLEMENT] No unsettled bets found in DB
[SETTLEMENT] Found 888 unsettled predictions in DB
[SETTLEMENT] No unsettled bets found in DB
[SETTLEMENT] Found 688 unsettled predictions in DB
[SETTLEMENT] No unsettled bets found in DB
[SETTLEMENT] Found 728 unsettled predictions in DB
[SETTLEMENT] No unsettled bets found in DB
[SETTLEMENT] Found 688 unsettled predictions in DB
[SETTLEMENT] No unsettled bets found in DB
[SETTLEMENT] Found 808 unsettled predictions in DB
[SETTLEMENT] No unsettled bets found in DB
[SETTLEMENT] Found 848 unsettled predictions in DB
[SETTLEMENT] No unsettled bets found in DB
[SETTLEMENT] Found 848 unsettled predictions in DB
[SETTLEMENT] No unsettled bets found in DB
[SETTLEMENT] Found 648 unsettled predictions in DB
[SETTLEMENT] No unsettled bets found in DB
[SETTLEMENT] Found 848 unsettled predictions in DB
[SETTLEMENT] No unsettled bets found in DB
[SETTLEMENT] Found 688 unsettled predictions in DB
[SETTLEMENT] No unsettled bets found in DB
[SETTLEMENT] Found 808 unsettled predictions in DB
[SETTLEMENT] No unsettled bets found in DB
[SETTLEMENT] Found 848 unsettled predictions in DB
[SETTLEMENT] No unsettled bets found in DB
[SETTLEMENT] Found 848 unsettled predictions in DB
[SETTLEMENT] No unsettled bets found in DB
[SETTLEMENT] Found 648 unsettled predictions in DB
[SETTLEMENT] No unsettled bets found in DB
[SETTLEMENT] Found 848 unsettled predictions in DB
[SETTLEMENT] No unsettled bets found in DB
[SETTLEMENT] Found 689 unsettled predictions in DB
[SETTLEMENT] No unsettled bets found in DB
[SETTLEMENT] Found 810 unsettled predictions in DB
[SETTLEMENT] No unsettled bets found in DB
[SETTLEMENT] Found 728 unsettled predictions in DB
[SETTLEMENT] No unsettled bets found in DB
[SETTLEMENT] Found 848 unsettled predictions in DB
[SETTLEMENT] No unsettled bets found in DB
[SETTLEMENT] Found 648 unsettled predictions in DB
[SETTLEMENT] No unsettled bets found in DB
[SETTLEMENT] Found 838 unsettled predictions in DB
[SETTLEMENT] No unsettled bets found in DB
[SETTLEMENT] Found 668 unsettled predictions in DB
[SETTLEMENT] No unsettled bets found in DB
[SETTLEMENT] Found 738 unsettled predictions in DB
[SETTLEMENT] No unsettled bets found in DB
[SETTLEMENT] Found 933 unsettled predictions in DB
[SETTLEMENT] No unsettled bets found in DB
[SETTLEMENT] Found 913 unsettled predictions in DB
[SETTLEMENT] No unsettled bets found in DB
[SETTLEMENT] Found 844 unsettled predictions in DB
[SETTLEMENT] No unsettled bets found in DB
[SETTLEMENT] Found 724 unsettled predictions in DB
[SETTLEMENT] No unsettled bets found in DB
[SETTLEMENT] Found 844 unsettled predictions in DB
[SETTLEMENT] No unsettled bets found in DB
[SETTLEMENT] Found 804 unsettled predictions in DB
[SETTLEMENT] No unsettled bets found in DB
[SETTLEMENT] Found 844 unsettled predictions in DB
[SETTLEMENT] No unsettled bets found in DB
[SETTLEMENT] Found 844 unsettled predictions in DB
[SETTLEMENT] No unsettled bets found in DB
[SETTLEMENT] Found 804 unsettled predictions in DB
[SETTLEMENT] No unsettled bets found in DB
[SETTLEMENT] Found 764 unsettled predictions in DB
[SETTLEMENT] No unsettled bets found in DB
[SETTLEMENT] Found 884 unsettled predictions in DB
[SETTLEMENT] No unsettled bets found in DB
[SETTLEMENT] Found 683 unsettled predictions in DB
[SETTLEMENT] No unsettled bets found in DB
[SETTLEMENT] Found 883 unsettled predictions in DB
[SETTLEMENT] No unsettled bets found in DB
[SETTLEMENT] Found 683 unsettled predictions in DB
[SETTLEMENT] No unsettled bets found in DB
[SETTLEMENT] Found 803 unsettled predictions in DB
[SETTLEMENT] No unsettled bets found in DB
[SETTLEMENT] Found 723 unsettled predictions in DB
[SETTLEMENT] No unsettled bets found in DB
[SETTLEMENT] Found 681 unsettled predictions in DB
[SETTLEMENT] No unsettled bets found in DB
[SETTLEMENT] Found 641 unsettled predictions in DB
[SETTLEMENT] No unsettled bets found in DB
[SETTLEMENT] Found 841 unsettled predictions in DB
[SETTLEMENT] No unsettled bets found in DB
[SETTLEMENT] Found 841 unsettled predictions in DB
[SETTLEMENT] No unsettled bets found in DB
[SETTLEMENT] Found 801 unsettled predictions in DB
[SETTLEMENT] No unsettled bets found in DB
[SETTLEMENT] Found 721 unsettled predictions in DB
[SETTLEMENT] No unsettled bets found in DB
[SETTLEMENT] Found 841 unsettled predictions in DB
[SETTLEMENT] No unsettled bets found in DB
[SETTLEMENT] Found 802 unsettled predictions in DB
[SETTLEMENT] No unsettled bets found in DB
[SETTLEMENT] Found 844 unsettled predictions in DB
[SETTLEMENT] No unsettled bets found in DB
[SETTLEMENT] Found 681 unsettled predictions in DB
[SETTLEMENT] No unsettled bets found in DB
[SETTLEMENT] Found 801 unsettled predictions in DB
[SETTLEMENT] No unsettled bets found in DB
[SETTLEMENT] Found 841 unsettled predictions in DB
[SETTLEMENT] No unsettled bets found in DB
[SETTLEMENT] Found 836 unsettled predictions in DB
[SETTLEMENT] No unsettled bets found in DB
[SETTLEMENT] Found 631 unsettled predictions in DB
[SETTLEMENT] No unsettled bets found in DB
[SETTLEMENT] Found 781 unsettled predictions in DB
[SETTLEMENT] No unsettled bets found in DB
[SETTLEMENT] Found 722 unsettled predictions in DB
[SETTLEMENT] No unsettled bets found in DB
[SETTLEMENT] Found 843 unsettled predictions in DB
[SETTLEMENT] No unsettled bets found in DB
[SETTLEMENT] Found 884 unsettled predictions in DB
[SETTLEMENT] No unsettled bets found in DB
[SETTLEMENT] Found 881 unsettled predictions in DB
[SETTLEMENT] No unsettled bets found in DB
[SETTLEMENT] Found 841 unsettled predictions in DB
[SETTLEMENT] No unsettled bets found in DB
[SETTLEMENT] Found 721 unsettled predictions in DB
[SETTLEMENT] No unsettled bets found in DB
[SETTLEMENT] Found 681 unsettled predictions in DB
[SETTLEMENT] No unsettled bets found in DB
[SETTLEMENT] Found 801 unsettled predictions in DB
[SETTLEMENT] No unsettled bets found in DB
[SETTLEMENT] Found 761 unsettled predictions in DB
[SETTLEMENT] No unsettled bets found in DB
[SETTLEMENT] Found 881 unsettled predictions in DB
[SETTLEMENT] No unsettled bets found in DB
[SETTLEMENT] Found 680 unsettled predictions in DB
[SETTLEMENT] No unsettled bets found in DB
[SETTLEMENT] Found 760 unsettled predictions in DB
[SETTLEMENT] No unsettled bets found in DB
[SETTLEMENT] Found 720 unsettled predictions in DB
[SETTLEMENT] No unsettled bets found in DB
[SETTLEMENT] Found 840 unsettled predictions in DB
[SETTLEMENT] No unsettled bets found in DB
[SETTLEMENT] Found 920 unsettled predictions in DB
[SETTLEMENT] No unsettled bets found in DB
[SETTLEMENT] Found 880 unsettled predictions in DB
[SETTLEMENT] No unsettled bets found in DB
[SETTLEMENT] Found 680 unsettled predictions in DB
[SETTLEMENT] No unsettled bets found in DB
[SETTLEMENT] Found 720 unsettled predictions in DB
[SETTLEMENT] No unsettled bets found in DB
[SETTLEMENT] Found 680 unsettled predictions in DB
[SETTLEMENT] No unsettled bets found in DB
[SETTLEMENT] Found 800 unsettled predictions in DB
[SETTLEMENT] No unsettled bets found in DB
[SETTLEMENT] Found 840 unsettled predictions in DB
[SETTLEMENT] No unsettled bets found in DB
[SETTLEMENT] Found 840 unsettled predictions in DB
[SETTLEMENT] No unsettled bets found in DB
[SETTLEMENT] Found 640 unsettled predictions in DB
[SETTLEMENT] No unsettled bets found in DB
[SETTLEMENT] Found 720 unsettled predictions in DB
[SETTLEMENT] No unsettled bets found in DB
[SETTLEMENT] Found 680 unsettled predictions in DB
[SETTLEMENT] No unsettled bets found in DB
[SETTLEMENT] Found 800 unsettled predictions in DB
[SETTLEMENT] No unsettled bets found in DB
[SETTLEMENT] Found 720 unsettled predictions in DB
[SETTLEMENT] No unsettled bets found in DB
[SETTLEMENT] Found 840 unsettled predictions in DB
[SETTLEMENT] No unsettled bets found in DB
[SETTLEMENT] Found 641 unsettled predictions in DB
[SETTLEMENT] No unsettled bets found in DB
[SETTLEMENT] Found 843 unsettled predictions in DB
[SETTLEMENT] No unsettled bets found in DB
[SETTLEMENT] Found 804 unsettled predictions in DB
[SETTLEMENT] No unsettled bets found in DB
[SETTLEMENT] Found 884 unsettled predictions in DB
[SETTLEMENT] No unsettled bets found in DB
[SETTLEMENT] Found 960 unsettled predictions in DB
[SETTLEMENT] No unsettled bets found in DB
[SETTLEMENT] Found 880 unsettled predictions in DB
[SETTLEMENT] No unsettled bets found in DB
[SETTLEMENT] Found 840 unsettled predictions in DB
[SETTLEMENT] No unsettled bets found in DB
[SETTLEMENT] Found 720 unsettled predictions in DB
[SETTLEMENT] No unsettled bets found in DB
[SETTLEMENT] Found 840 unsettled predictions in DB
[SETTLEMENT] No unsettled bets found in DB
[SETTLEMENT] Found 640 unsettled predictions in DB
[SETTLEMENT] No unsettled bets found in DB
[SETTLEMENT] Found 840 unsettled predictions in DB
[SETTLEMENT] No unsettled bets found in DB
[SETTLEMENT] Found 680 unsettled predictions in DB
[SETTLEMENT] No unsettled bets found in DB
[SETTLEMENT] Found 800 unsettled predictions in DB
[SETTLEMENT] No unsettled bets found in DB
[SETTLEMENT] Found 720 unsettled predictions in DB
[SETTLEMENT] No unsettled bets found in DB
[SETTLEMENT] Found 840 unsettled predictions in DB
[SETTLEMENT] No unsettled bets found in DB
[SETTLEMENT] Found 640 unsettled predictions in DB
[SETTLEMENT] No unsettled bets found in DB
[SETTLEMENT] Found 840 unsettled predictions in DB
[SETTLEMENT] No unsettled bets found in DB
[SETTLEMENT] Found 680 unsettled predictions in DB
[SETTLEMENT] No unsettled bets found in DB
[SETTLEMENT] Found 800 unsettled predictions in DB
[SETTLEMENT] No unsettled bets found in DB
[SETTLEMENT] Found 720 unsettled predictions in DB
[SETTLEMENT] No unsettled bets found in DB
[SETTLEMENT] Found 840 unsettled predictions in DB
[SETTLEMENT] No unsettled bets found in DB
[SETTLEMENT] Found 728 unsettled predictions in DB
[SETTLEMENT] No unsettled bets found in DB
[SETTLEMENT] Found 768 unsettled predictions in DB
[SETTLEMENT] No unsettled bets found in DB
[SETTLEMENT] Found 608 unsettled predictions in DB
[SETTLEMENT] No unsettled bets found in DB
[SETTLEMENT] Found 568 unsettled predictions in DB
[SETTLEMENT] No unsettled bets found in DB
[SETTLEMENT] Found 648 unsettled predictions in DB
[SETTLEMENT] No unsettled bets found in DB
[SETTLEMENT] Found 768 unsettled predictions in DB
[SETTLEMENT] No unsettled bets found in DB
[SETTLEMENT] Found 568 unsettled predictions in DB
[SETTLEMENT] No unsettled bets found in DB
[SETTLEMENT] Found 768 unsettled predictions in DB
[SETTLEMENT] No unsettled bets found in DB
[SETTLEMENT] Found 608 unsettled predictions in DB
[SETTLEMENT] No unsettled bets found in DB
[SETTLEMENT] Found 688 unsettled predictions in DB
[SETTLEMENT] No unsettled bets found in DB
[SETTLEMENT] Found 648 unsettled predictions in DB
[SETTLEMENT] No unsettled bets found in DB
[SETTLEMENT] Found 768 unsettled predictions in DB
[SETTLEMENT] No unsettled bets found in DB
[SETTLEMENT] Found 688 unsettled predictions in DB
[SETTLEMENT] No unsettled bets found in DB
[SETTLEMENT] Found 688 unsettled predictions in DB
[SETTLEMENT] No unsettled bets found in DB
[SETTLEMENT] Found 808 unsettled predictions in DB
[SETTLEMENT] No unsettled bets found in DB
[SETTLEMENT] Found 729 unsettled predictions in DB
[SETTLEMENT] No unsettled bets found in DB
[SETTLEMENT] Found 771 unsettled predictions in DB
[SETTLEMENT] No unsettled bets found in DB
[SETTLEMENT] Found 608 unsettled predictions in DB
[SETTLEMENT] No unsettled bets found in DB
[SETTLEMENT] Found 728 unsettled predictions in DB
[SETTLEMENT] No unsettled bets found in DB
[SETTLEMENT] Found 648 unsettled predictions in DB
[SETTLEMENT] No unsettled bets found in DB
[SETTLEMENT] Found 768 unsettled predictions in DB
[SETTLEMENT] No unsettled bets found in DB
[SETTLEMENT] Found 568 unsettled predictions in DB
[SETTLEMENT] No unsettled bets found in DB
[SETTLEMENT] Found 768 unsettled predictions in DB
[SETTLEMENT] No unsettled bets found in DB
[SETTLEMENT] Found 608 unsettled predictions in DB
[SETTLEMENT] No unsettled bets found in DB
[SETTLEMENT] Found 728 unsettled predictions in DB
[SETTLEMENT] No unsettled bets found in DB
[SETTLEMENT] Found 768 unsettled predictions in DB
[SETTLEMENT] No unsettled bets found in DB
[SETTLEMENT] Found 768 unsettled predictions in DB
[SETTLEMENT] No unsettled bets found in DB
[SETTLEMENT] Found 568 unsettled predictions in DB
[SETTLEMENT] No unsettled bets found in DB
[SETTLEMENT] Found 768 unsettled predictions in DB
[SETTLEMENT] No unsettled bets found in DB
[SETTLEMENT] Found 608 unsettled predictions in DB
[SETTLEMENT] No unsettled bets found in DB
[SETTLEMENT] Found 728 unsettled predictions in DB
[SETTLEMENT] No unsettled bets found in DB
[SETTLEMENT] Found 648 unsettled predictions in DB
[SETTLEMENT] No unsettled bets found in DB
[SETTLEMENT] Found 768 unsettled predictions in DB
[SETTLEMENT] No unsettled bets found in DB
[SETTLEMENT] Found 568 unsettled predictions in DB
[SETTLEMENT] No unsettled bets found in DB
[SETTLEMENT] Found 768 unsettled predictions in DB
[SETTLEMENT] No unsettled bets found in DB
[SETTLEMENT] Found 768 unsettled predictions in DB
[SETTLEMENT] No unsettled bets found in DB
[SETTLEMENT] Found 848 unsettled predictions in DB
[SETTLEMENT] No unsettled bets found in DB
[SETTLEMENT] Found 808 unsettled predictions in DB
[SETTLEMENT] No unsettled bets found in DB
[SETTLEMENT] Found 608 unsettled predictions in DB
[SETTLEMENT] No unsettled bets found in DB
[SETTLEMENT] Found 688 unsettled predictions in DB
[SETTLEMENT] No unsettled bets found in DB
[SETTLEMENT] Found 808 unsettled predictions in DB
[SETTLEMENT] No unsettled bets found in DB
[SETTLEMENT] Found 768 unsettled predictions in DB
[SETTLEMENT] No unsettled bets found in DB
[SETTLEMENT] Found 728 unsettled predictions in DB
[SETTLEMENT] No unsettled bets found in DB
[SETTLEMENT] Found 728 unsettled predictions in DB
[SETTLEMENT] No unsettled bets found in DB
[SETTLEMENT] Found 808 unsettled predictions in DB
[SETTLEMENT] No unsettled bets found in DB
[SETTLEMENT] Found 768 unsettled predictions in DB
[SETTLEMENT] No unsettled bets found in DB
[SETTLEMENT] Found 648 unsettled predictions in DB
[SETTLEMENT] No unsettled bets found in DB
[SETTLEMENT] Found 768 unsettled predictions in DB
[SETTLEMENT] No unsettled bets found in DB
[SETTLEMENT] Found 568 unsettled predictions in DB
[SETTLEMENT] No unsettled bets found in DB
[SETTLEMENT] Found 648 unsettled predictions in DB
[SETTLEMENT] No unsettled bets found in DB
[SETTLEMENT] Found 728 unsettled predictions in DB
[SETTLEMENT] No unsettled bets found in DB
[SETTLEMENT] Found 728 unsettled predictions in DB
[SETTLEMENT] No unsettled bets found in DB
[SETTLEMENT] Found 768 unsettled predictions in DB
[SETTLEMENT] No unsettled bets found in DB
[SETTLEMENT] Found 768 unsettled predictions in DB
[SETTLEMENT] No unsettled bets found in DB
[SETTLEMENT] Found 568 unsettled predictions in DB
[SETTLEMENT] No unsettled bets found in DB
[SETTLEMENT] Found 768 unsettled predictions in DB
[SETTLEMENT] No unsettled bets found in DB
[SETTLEMENT] Found 768 unsettled predictions in DB
[SETTLEMENT] No unsettled bets found in DB
[SETTLEMENT] Found 728 unsettled predictions in DB
[SETTLEMENT] No unsettled bets found in DB
[SETTLEMENT] Found 648 unsettled predictions in DB
[SETTLEMENT] No unsettled bets found in DB
[SETTLEMENT] Found 768 unsettled predictions in DB
[SETTLEMENT] No unsettled bets found in DB
[SETTLEMENT] Found 568 unsettled predictions in DB
[SETTLEMENT] No unsettled bets found in DB
[SETTLEMENT] Found 767 unsettled predictions in DB
[SETTLEMENT] No unsettled bets found in DB
[SETTLEMENT] Found 607 unsettled predictions in DB
[SETTLEMENT] No unsettled bets found in DB
[SETTLEMENT] Found 727 unsettled predictions in DB
[SETTLEMENT] No unsettled bets found in DB
[SETTLEMENT] Found 647 unsettled predictions in DB
[SETTLEMENT] No unsettled bets found in DB
[SETTLEMENT] Found 767 unsettled predictions in DB
[SETTLEMENT] No unsettled bets found in DB
[SETTLEMENT] Found 567 unsettled predictions in DB
[SETTLEMENT] No unsettled bets found in DB
[SETTLEMENT] Found 809 unsettled predictions in DB
[SETTLEMENT] No unsettled bets found in DB
[SETTLEMENT] Found 610 unsettled predictions in DB
[SETTLEMENT] No unsettled bets found in DB
[SETTLEMENT] Found 687 unsettled predictions in DB
[SETTLEMENT] No unsettled bets found in DB
[SETTLEMENT] Found 767 unsettled predictions in DB
[SETTLEMENT] No unsettled bets found in DB
[SETTLEMENT] Found 767 unsettled predictions in DB
[SETTLEMENT] No unsettled bets found in DB
[SETTLEMENT] Found 567 unsettled predictions in DB
[SETTLEMENT] No unsettled bets found in DB
[SETTLEMENT] Found 807 unsettled predictions in DB
[SETTLEMENT] No unsettled bets found in DB
[SETTLEMENT] Found 727 unsettled predictions in DB
[SETTLEMENT] No unsettled bets found in DB
[SETTLEMENT] Found 647 unsettled predictions in DB
[SETTLEMENT] No unsettled bets found in DB
[SETTLEMENT] Found 807 unsettled predictions in DB
[SETTLEMENT] No unsettled bets found in DB
[SETTLEMENT] Found 767 unsettled predictions in DB
[SETTLEMENT] No unsettled bets found in DB
[SETTLEMENT] Found 727 unsettled predictions in DB
[SETTLEMENT] No unsettled bets found in DB
[SETTLEMENT] Found 647 unsettled predictions in DB
[SETTLEMENT] No unsettled bets found in DB
[SETTLEMENT] Found 767 unsettled predictions in DB
[SETTLEMENT] No unsettled bets found in DB
[SETTLEMENT] Found 567 unsettled predictions in DB
[SETTLEMENT] No unsettled bets found in DB
[SETTLEMENT] Found 767 unsettled predictions in DB
[SETTLEMENT] No unsettled bets found in DB
[SETTLEMENT] Found 607 unsettled predictions in DB
[SETTLEMENT] No unsettled bets found in DB
[SETTLEMENT] Found 727 unsettled predictions in DB
[SETTLEMENT] No unsettled bets found in DB
[SETTLEMENT] Found 647 unsettled predictions in DB
[SETTLEMENT] No unsettled bets found in DB
[SETTLEMENT] Found 767 unsettled predictions in DB
[SETTLEMENT] No unsettled bets found in DB
[SETTLEMENT] Found 567 unsettled predictions in DB
[SETTLEMENT] No unsettled bets found in DB
[SETTLEMENT] Found 647 unsettled predictions in DB
[SETTLEMENT] No unsettled bets found in DB
[SETTLEMENT] Found 607 unsettled predictions in DB
[SETTLEMENT] No unsettled bets found in DB
[SETTLEMENT] Found 727 unsettled predictions in DB
[SETTLEMENT] No unsettled bets found in DB
[SETTLEMENT] Found 807 unsettled predictions in DB
[SETTLEMENT] No unsettled bets found in DB
[SETTLEMENT] Found 767 unsettled predictions in DB
[SETTLEMENT] No unsettled bets found in DB
[SETTLEMENT] Found 727 unsettled predictions in DB
[SETTLEMENT] No unsettled bets found in DB
[SETTLEMENT] Found 767 unsettled predictions in DB
[SETTLEMENT] No unsettled bets found in DB
[SETTLEMENT] Found 607 unsettled predictions in DB
[SETTLEMENT] No unsettled bets found in DB
[SETTLEMENT] Found 567 unsettled predictions in DB
[SETTLEMENT] No unsettled bets found in DB
[SETTLEMENT] Found 649 unsettled predictions in DB
[SETTLEMENT] No unsettled bets found in DB
[SETTLEMENT] Found 770 unsettled predictions in DB
[SETTLEMENT] No unsettled bets found in DB
[SETTLEMENT] Found 731 unsettled predictions in DB
[SETTLEMENT] No unsettled bets found in DB
[SETTLEMENT] Found 767 unsettled predictions in DB
[SETTLEMENT] No unsettled bets found in DB
[SETTLEMENT] Found 607 unsettled predictions in DB
[SETTLEMENT] No unsettled bets found in DB
[SETTLEMENT] Found 727 unsettled predictions in DB
[SETTLEMENT] No unsettled bets found in DB
[SETTLEMENT] Found 767 unsettled predictions in DB
[SETTLEMENT] No unsettled bets found in DB
[SETTLEMENT] Found 767 unsettled predictions in DB
[SETTLEMENT] No unsettled bets found in DB
[SETTLEMENT] Found 687 unsettled predictions in DB
[SETTLEMENT] No unsettled bets found in DB
[SETTLEMENT] Found 687 unsettled predictions in DB
[SETTLEMENT] No unsettled bets found in DB
[SETTLEMENT] Found 767 unsettled predictions in DB
[SETTLEMENT] No unsettled bets found in DB
[SETTLEMENT] Found 727 unsettled predictions in DB
[SETTLEMENT] No unsettled bets found in DB
[SETTLEMENT] Found 767 unsettled predictions in DB
[SETTLEMENT] No unsettled bets found in DB
[SETTLEMENT] Found 766 unsettled predictions in DB
[SETTLEMENT] No unsettled bets found in DB
[SETTLEMENT] Found 726 unsettled predictions in DB
[SETTLEMENT] No unsettled bets found in DB
[SETTLEMENT] Found 645 unsettled predictions in DB
[SETTLEMENT] No unsettled bets found in DB
[SETTLEMENT] Found 765 unsettled predictions in DB
[SETTLEMENT] No unsettled bets found in DB
[SETTLEMENT] Found 565 unsettled predictions in DB
[SETTLEMENT] No unsettled bets found in DB
[SETTLEMENT] Found 765 unsettled predictions in DB
[SETTLEMENT] No unsettled bets found in DB
[SETTLEMENT] Found 765 unsettled predictions in DB
[SETTLEMENT] No unsettled bets found in DB
[SETTLEMENT] Found 565 unsettled predictions in DB
[SETTLEMENT] No unsettled bets found in DB
[SETTLEMENT] Found 765 unsettled predictions in DB
[SETTLEMENT] No unsettled bets found in DB
[SETTLEMENT] Found 605 unsettled predictions in DB
[SETTLEMENT] No unsettled bets found in DB
[SETTLEMENT] Found 725 unsettled predictions in DB
[SETTLEMENT] No unsettled bets found in DB
[SETTLEMENT] Found 765 unsettled predictions in DB
[SETTLEMENT] No unsettled bets found in DB
[SETTLEMENT] Found 765 unsettled predictions in DB
[SETTLEMENT] No unsettled bets found in DB
[SETTLEMENT] Found 565 unsettled predictions in DB
[SETTLEMENT] No unsettled bets found in DB
[SETTLEMENT] Found 765 unsettled predictions in DB
[SETTLEMENT] No unsettled bets found in DB
[SETTLEMENT] Found 765 unsettled predictions in DB
[SETTLEMENT] No unsettled bets found in DB
[SETTLEMENT] Found 725 unsettled predictions in DB
[SETTLEMENT] No unsettled bets found in DB
[SETTLEMENT] Found 765 unsettled predictions in DB
[SETTLEMENT] No unsettled bets found in DB
[SETTLEMENT] Found 606 unsettled predictions in DB
[SETTLEMENT] No unsettled bets found in DB
[SETTLEMENT] Found 567 unsettled predictions in DB
[SETTLEMENT] No unsettled bets found in DB
[SETTLEMENT] Found 768 unsettled predictions in DB
[SETTLEMENT] No unsettled bets found in DB
[SETTLEMENT] Found 605 unsettled predictions in DB
[SETTLEMENT] No unsettled bets found in DB
[SETTLEMENT] Found 725 unsettled predictions in DB
[SETTLEMENT] No unsettled bets found in DB
[SETTLEMENT] Found 645 unsettled predictions in DB
[SETTLEMENT] No unsettled bets found in DB
[SETTLEMENT] Found 765 unsettled predictions in DB
[SETTLEMENT] No unsettled bets found in DB
[SETTLEMENT] Found 725 unsettled predictions in DB
[SETTLEMENT] No unsettled bets found in DB
[SETTLEMENT] Found 725 unsettled predictions in DB
[SETTLEMENT] No unsettled bets found in DB
[SETTLEMENT] Found 800 unsettled predictions in DB
[SETTLEMENT] No unsettled bets found in DB
[SETTLEMENT] Found 760 unsettled predictions in DB
[SETTLEMENT] No unsettled bets found in DB
[SETTLEMENT] Found 645 unsettled predictions in DB
[SETTLEMENT] No unsettled bets found in DB
[SETTLEMENT] Found 765 unsettled predictions in DB
[SETTLEMENT] No unsettled bets found in DB
[SETTLEMENT] Found 726 unsettled predictions in DB
[SETTLEMENT] No unsettled bets found in DB
[SETTLEMENT] Found 768 unsettled predictions in DB
[SETTLEMENT] No unsettled bets found in DB
[SETTLEMENT] Found 605 unsettled predictions in DB
[SETTLEMENT] No unsettled bets found in DB
[SETTLEMENT] Found 565 unsettled predictions in DB
[SETTLEMENT] No unsettled bets found in DB
[SETTLEMENT] Found 765 unsettled predictions in DB
[SETTLEMENT] No unsettled bets found in DB
[SETTLEMENT] Found 605 unsettled predictions in DB
[SETTLEMENT] No unsettled bets found in DB
[SETTLEMENT] Found 725 unsettled predictions in DB
[SETTLEMENT] No unsettled bets found in DB
[SETTLEMENT] Found 765 unsettled predictions in DB
[SETTLEMENT] No unsettled bets found in DB
[SETTLEMENT] Found 765 unsettled predictions in DB
[SETTLEMENT] No unsettled bets found in DB
[SETTLEMENT] Found 565 unsettled predictions in DB
[SETTLEMENT] No unsettled bets found in DB
[SETTLEMENT] Found 765 unsettled predictions in DB
[SETTLEMENT] No unsettled bets found in DB
[SETTLEMENT] Found 605 unsettled predictions in DB
[SETTLEMENT] No unsettled bets found in DB
[SETTLEMENT] Found 725 unsettled predictions in DB
[SETTLEMENT] No unsettled bets found in DB
[SETTLEMENT] Found 765 unsettled predictions in DB
[SETTLEMENT] No unsettled bets found in DB
[SETTLEMENT] Found 765 unsettled predictions in DB
[SETTLEMENT] No unsettled bets found in DB
[SETTLEMENT] Found 565 unsettled predictions in DB
[SETTLEMENT] No unsettled bets found in DB
[SETTLEMENT] Found 645 unsettled predictions in DB
[SETTLEMENT] No unsettled bets found in DB
[SETTLEMENT] Found 605 unsettled predictions in DB
[SETTLEMENT] No unsettled bets found in DB
[SETTLEMENT] Found 725 unsettled predictions in DB
[SETTLEMENT] No unsettled bets found in DB
[SETTLEMENT] Found 765 unsettled predictions in DB
[SETTLEMENT] No unsettled bets found in DB
[SETTLEMENT] Found 765 unsettled predictions in DB
[SETTLEMENT] No unsettled bets found in DB
[SETTLEMENT] Found 560 unsettled predictions in DB
[SETTLEMENT] No unsettled bets found in DB
[SETTLEMENT] Found 760 unsettled predictions in DB
[SETTLEMENT] No unsettled bets found in DB
[SETTLEMENT] Found 760 unsettled predictions in DB
[SETTLEMENT] No unsettled bets found in DB
[SETTLEMENT] Found 720 unsettled predictions in DB
[SETTLEMENT] No unsettled bets found in DB
[SETTLEMENT] Found 760 unsettled predictions in DB
[SETTLEMENT] No unsettled bets found in DB
[SETTLEMENT] Found 720 unsettled predictions in DB
[SETTLEMENT] No unsettled bets found in DB
[SETTLEMENT] Found 640 unsettled predictions in DB
[SETTLEMENT] No unsettled bets found in DB
[SETTLEMENT] Found 560 unsettled predictions in DB
[SETTLEMENT] No unsettled bets found in DB
[SETTLEMENT] Found 800 unsettled predictions in DB
[SETTLEMENT] No unsettled bets found in DB
[SETTLEMENT] Found 600 unsettled predictions in DB
[SETTLEMENT] No unsettled bets found in DB
[SETTLEMENT] Found 840 unsettled predictions in DB
[SETTLEMENT] No unsettled bets found in DB
[SETTLEMENT] Found 640 unsettled predictions in DB
[SETTLEMENT] No unsettled bets found in DB
[SETTLEMENT] Found 760 unsettled predictions in DB
[SETTLEMENT] No unsettled bets found in DB
[SETTLEMENT] Found 840 unsettled predictions in DB
[SETTLEMENT] No unsettled bets found in DB
[SETTLEMENT] Found 800 unsettled predictions in DB
[SETTLEMENT] No unsettled bets found in DB
[SETTLEMENT] Found 760 unsettled predictions in DB
[SETTLEMENT] No unsettled bets found in DB
[SETTLEMENT] Found 680 unsettled predictions in DB
[SETTLEMENT] No unsettled bets found in DB
[SETTLEMENT] Found 640 unsettled predictions in DB
[SETTLEMENT] No unsettled bets found in DB
[SETTLEMENT] Found 760 unsettled predictions in DB
[SETTLEMENT] No unsettled bets found in DB
[SETTLEMENT] Found 840 unsettled predictions in DB
[SETTLEMENT] No unsettled bets found in DB
[SETTLEMENT] Found 760 unsettled predictions in DB
[SETTLEMENT] No unsettled bets found in DB
[SETTLEMENT] Found 760 unsettled predictions in DB
[SETTLEMENT] No unsettled bets found in DB
[SETTLEMENT] Found 680 unsettled predictions in DB
[SETTLEMENT] No unsettled bets found in DB
[SETTLEMENT] Found 640 unsettled predictions in DB
[SETTLEMENT] No unsettled bets found in DB
[SETTLEMENT] Found 760 unsettled predictions in DB
[SETTLEMENT] No unsettled bets found in DB
[SETTLEMENT] Found 840 unsettled predictions in DB
[SETTLEMENT] No unsettled bets found in DB
[SETTLEMENT] Found 760 unsettled predictions in DB
[SETTLEMENT] No unsettled bets found in DB
[SETTLEMENT] Found 600 unsettled predictions in DB
[SETTLEMENT] No unsettled bets found in DB
[SETTLEMENT] Found 842 unsettled predictions in DB
[SETTLEMENT] No unsettled bets found in DB
[SETTLEMENT] Found 643 unsettled predictions in DB
[SETTLEMENT] No unsettled bets found in DB
[SETTLEMENT] Found 764 unsettled predictions in DB
[SETTLEMENT] No unsettled bets found in DB
[SETTLEMENT] Found 720 unsettled predictions in DB
[SETTLEMENT] No unsettled bets found in DB
[SETTLEMENT] Found 800 unsettled predictions in DB
[SETTLEMENT] No unsettled bets found in DB
[SETTLEMENT] Found 600 unsettled predictions in DB
[SETTLEMENT] No unsettled bets found in DB
[SETTLEMENT] Found 840 unsettled predictions in DB
[SETTLEMENT] No unsettled bets found in DB
[SETTLEMENT] Found 640 unsettled predictions in DB
[SETTLEMENT] No unsettled bets found in DB
[SETTLEMENT] Found 720 unsettled predictions in DB
[SETTLEMENT] No unsettled bets found in DB
[SETTLEMENT] Found 800 unsettled predictions in DB
[SETTLEMENT] No unsettled bets found in DB
[SETTLEMENT] Found 840 unsettled predictions in DB
[SETTLEMENT] No unsettled bets found in DB
[SETTLEMENT] Found 760 unsettled predictions in DB
[SETTLEMENT] No unsettled bets found in DB
[SETTLEMENT] Found 560 unsettled predictions in DB
[SETTLEMENT] No unsettled bets found in DB
[SETTLEMENT] Found 760 unsettled predictions in DB
[SETTLEMENT] No unsettled bets found in DB
[SETTLEMENT] Found 600 unsettled predictions in DB
[SETTLEMENT] No unsettled bets found in DB
[SETTLEMENT] Found 680 unsettled predictions in DB
[SETTLEMENT] No unsettled bets found in DB
[SETTLEMENT] Found 640 unsettled predictions in DB
[SETTLEMENT] No unsettled bets found in DB
[SETTLEMENT] Found 760 unsettled predictions in DB
[SETTLEMENT] No unsettled bets found in DB
[SETTLEMENT] Found 839 unsettled predictions in DB
[SETTLEMENT] No unsettled bets found in DB
[SETTLEMENT] Found 759 unsettled predictions in DB
[SETTLEMENT] No unsettled bets found in DB
[SETTLEMENT] Found 599 unsettled predictions in DB
[SETTLEMENT] No unsettled bets found in DB
[SETTLEMENT] Found 839 unsettled predictions in DB
[SETTLEMENT] No unsettled bets found in DB
[SETTLEMENT] Found 799 unsettled predictions in DB
[SETTLEMENT] No unsettled bets found in DB
[SETTLEMENT] Found 759 unsettled predictions in DB
[SETTLEMENT] No unsettled bets found in DB
[SETTLEMENT] Found 639 unsettled predictions in DB
[SETTLEMENT] No unsettled bets found in DB
[SETTLEMENT] Found 759 unsettled predictions in DB
[SETTLEMENT] No unsettled bets found in DB
[SETTLEMENT] Found 559 unsettled predictions in DB
[SETTLEMENT] No unsettled bets found in DB
[SETTLEMENT] Found 759 unsettled predictions in DB
[SETTLEMENT] No unsettled bets found in DB
[SETTLEMENT] Found 759 unsettled predictions in DB
[SETTLEMENT] No unsettled bets found in DB
[SETTLEMENT] Found 719 unsettled predictions in DB
[SETTLEMENT] No unsettled bets found in DB
[SETTLEMENT] Found 761 unsettled predictions in DB
[SETTLEMENT] No unsettled bets found in DB
[SETTLEMENT] Found 722 unsettled predictions in DB
[SETTLEMENT] No unsettled bets found in DB
[SETTLEMENT] Found 559 unsettled predictions in DB
[SETTLEMENT] No unsettled bets found in DB
[SETTLEMENT] Found 759 unsettled predictions in DB
[SETTLEMENT] No unsettled bets found in DB
[SETTLEMENT] Found 599 unsettled predictions in DB
[SETTLEMENT] No unsettled bets found in DB
[SETTLEMENT] Found 559 unsettled predictions in DB
[SETTLEMENT] No unsettled bets found in DB
[SETTLEMENT] Found 759 unsettled predictions in DB
[SETTLEMENT] No unsettled bets found in DB
[SETTLEMENT] Found 594 unsettled predictions in DB
[SETTLEMENT] No unsettled bets found in DB
[SETTLEMENT] Found 549 unsettled predictions in DB
[SETTLEMENT] No unsettled bets found in DB
[SETTLEMENT] Found 739 unsettled predictions in DB
[SETTLEMENT] No unsettled bets found in DB
[SETTLEMENT] Found 819 unsettled predictions in DB
[SETTLEMENT] No unsettled bets found in DB
[SETTLEMENT] Found 799 unsettled predictions in DB
[SETTLEMENT] No unsettled bets found in DB
[SETTLEMENT] Found 679 unsettled predictions in DB
[SETTLEMENT] No unsettled bets found in DB
[SETTLEMENT] Found 639 unsettled predictions in DB
[SETTLEMENT] No unsettled bets found in DB
[SETTLEMENT] Found 759 unsettled predictions in DB
[SETTLEMENT] No unsettled bets found in DB
[SETTLEMENT] Found 641 unsettled predictions in DB
[SETTLEMENT] No unsettled bets found in DB
[SETTLEMENT] Found 642 unsettled predictions in DB
[SETTLEMENT] No unsettled bets found in DB
[SETTLEMENT] Found 763 unsettled predictions in DB
[SETTLEMENT] No unsettled bets found in DB
[SETTLEMENT] Found 719 unsettled predictions in DB
[SETTLEMENT] No unsettled bets found in DB
[SETTLEMENT] Found 639 unsettled predictions in DB
[SETTLEMENT] No unsettled bets found in DB
[SETTLEMENT] Found 759 unsettled predictions in DB
[SETTLEMENT] No unsettled bets found in DB
[SETTLEMENT] Found 719 unsettled predictions in DB
[SETTLEMENT] No unsettled bets found in DB
[SETTLEMENT] Found 759 unsettled predictions in DB
[SETTLEMENT] No unsettled bets found in DB
[SETTLEMENT] Found 759 unsettled predictions in DB
[SETTLEMENT] No unsettled bets found in DB
[SETTLEMENT] Found 679 unsettled predictions in DB
[SETTLEMENT] No unsettled bets found in DB
[SETTLEMENT] Found 759 unsettled predictions in DB
[SETTLEMENT] No unsettled bets found in DB
[SETTLEMENT] Found 598 unsettled predictions in DB
[SETTLEMENT] No unsettled bets found in DB
[SETTLEMENT] Found 718 unsettled predictions in DB
[SETTLEMENT] No unsettled bets found in DB
[SETTLEMENT] Found 798 unsettled predictions in DB
[SETTLEMENT] No unsettled bets found in DB
[SETTLEMENT] Found 598 unsettled predictions in DB
[SETTLEMENT] No unsettled bets found in DB
[SETTLEMENT] Found 678 unsettled predictions in DB
[SETTLEMENT] No unsettled bets found in DB
[SETTLEMENT] Found 798 unsettled predictions in DB
[SETTLEMENT] No unsettled bets found in DB
[SETTLEMENT] Found 758 unsettled predictions in DB
[SETTLEMENT] No unsettled bets found in DB
[SETTLEMENT] Found 838 unsettled predictions in DB
[SETTLEMENT] No unsettled bets found in DB
[SETTLEMENT] Found 638 unsettled predictions in DB
[SETTLEMENT] No unsettled bets found in DB
[SETTLEMENT] Found 598 unsettled predictions in DB
[SETTLEMENT] No unsettled bets found in DB
[SETTLEMENT] Found 678 unsettled predictions in DB
[SETTLEMENT] No unsettled bets found in DB
[SETTLEMENT] Found 798 unsettled predictions in DB
[SETTLEMENT] No unsettled bets found in DB
[SETTLEMENT] Found 758 unsettled predictions in DB
[SETTLEMENT] No unsettled bets found in DB
[SETTLEMENT] Found 798 unsettled predictions in DB
[SETTLEMENT] No unsettled bets found in DB
[SETTLEMENT] Found 718 unsettled predictions in DB
[SETTLEMENT] No unsettled bets found in DB
[SETTLEMENT] Found 638 unsettled predictions in DB
[SETTLEMENT] No unsettled bets found in DB
[SETTLEMENT] Found 758 unsettled predictions in DB
[SETTLEMENT] No unsettled bets found in DB
[SETTLEMENT] Found 758 unsettled predictions in DB
[SETTLEMENT] No unsettled bets found in DB
[SETTLEMENT] Found 758 unsettled predictions in DB
[SETTLEMENT] No unsettled bets found in DB
[SETTLEMENT] Found 558 unsettled predictions in DB
[SETTLEMENT] No unsettled bets found in DB
[SETTLEMENT] Found 758 unsettled predictions in DB
[SETTLEMENT] No unsettled bets found in DB
[SETTLEMENT] Found 758 unsettled predictions in DB
[SETTLEMENT] No unsettled bets found in DB
[SETTLEMENT] Found 718 unsettled predictions in DB
[SETTLEMENT] No unsettled bets found in DB
[SETTLEMENT] Found 640 unsettled predictions in DB
[SETTLEMENT] No unsettled bets found in DB
[SETTLEMENT] Found 721 unsettled predictions in DB
[SETTLEMENT] No unsettled bets found in DB
[SETTLEMENT] Found 558 unsettled predictions in DB
[SETTLEMENT] No unsettled bets found in DB
[SETTLEMENT] Found 758 unsettled predictions in DB
[SETTLEMENT] No unsettled bets found in DB
[SETTLEMENT] Found 758 unsettled predictions in DB
[SETTLEMENT] No unsettled bets found in DB
[SETTLEMENT] Found 718 unsettled predictions in DB
[SETTLEMENT] No unsettled bets found in DB
[SETTLEMENT] Found 638 unsettled predictions in DB
[SETTLEMENT] No unsettled bets found in DB
[SETTLEMENT] Found 758 unsettled predictions in DB
[SETTLEMENT] No unsettled bets found in DB
[SETTLEMENT] Found 718 unsettled predictions in DB
[SETTLEMENT] No unsettled bets found in DB
[SETTLEMENT] Found 798 unsettled predictions in DB
[SETTLEMENT] No unsettled bets found in DB
[SETTLEMENT] Found 598 unsettled predictions in DB
[SETTLEMENT] No unsettled bets found in DB
[SETTLEMENT] Found 838 unsettled predictions in DB
[SETTLEMENT] No unsettled bets found in DB
[SETTLEMENT] Found 638 unsettled predictions in DB
[SETTLEMENT] No unsettled bets found in DB
[SETTLEMENT] Found 758 unsettled predictions in DB
[SETTLEMENT] No unsettled bets found in DB
[SETTLEMENT] Found 677 unsettled predictions in DB
[SETTLEMENT] No unsettled bets found in DB
[SETTLEMENT] Found 637 unsettled predictions in DB
[SETTLEMENT] No unsettled bets found in DB
[SETTLEMENT] Found 597 unsettled predictions in DB
[SETTLEMENT] No unsettled bets found in DB
[SETTLEMENT] Found 837 unsettled predictions in DB
[SETTLEMENT] No unsettled bets found in DB
[SETTLEMENT] Found 797 unsettled predictions in DB
[SETTLEMENT] No unsettled bets found in DB
[SETTLEMENT] Found 757 unsettled predictions in DB
[SETTLEMENT] No unsettled bets found in DB
[SETTLEMENT] Found 557 unsettled predictions in DB
[SETTLEMENT] No unsettled bets found in DB
[SETTLEMENT] Found 797 unsettled predictions in DB
[SETTLEMENT] No unsettled bets found in DB
[SETTLEMENT] Found 717 unsettled predictions in DB
[SETTLEMENT] No unsettled bets found in DB
[SETTLEMENT] Found 787 unsettled predictions in DB
[SETTLEMENT] No unsettled bets found in DB
[SETTLEMENT] Found 827 unsettled predictions in DB
[SETTLEMENT] No unsettled bets found in DB
[SETTLEMENT] Found 597 unsettled predictions in DB
[SETTLEMENT] No unsettled bets found in DB
[SETTLEMENT] Found 717 unsettled predictions in DB
[SETTLEMENT] No unsettled bets found in DB
[SETTLEMENT] Found 756 unsettled predictions in DB
[SETTLEMENT] No unsettled bets found in DB
[SETTLEMENT] Found 596 unsettled predictions in DB
[SETTLEMENT] No unsettled bets found in DB
[SETTLEMENT] Found 556 unsettled predictions in DB
[SETTLEMENT] No unsettled bets found in DB
[SETTLEMENT] Found 756 unsettled predictions in DB
[SETTLEMENT] No unsettled bets found in DB
[SETTLEMENT] Found 756 unsettled predictions in DB
[SETTLEMENT] No unsettled bets found in DB
[SETTLEMENT] Found 716 unsettled predictions in DB
[SETTLEMENT] No unsettled bets found in DB
[SETTLEMENT] Found 636 unsettled predictions in DB
[SETTLEMENT] No unsettled bets found in DB
[SETTLEMENT] Found 596 unsettled predictions in DB
[SETTLEMENT] No unsettled bets found in DB
[SETTLEMENT] Found 716 unsettled predictions in DB
[SETTLEMENT] No unsettled bets found in DB
[SETTLEMENT] Found 636 unsettled predictions in DB
[SETTLEMENT] No unsettled bets found in DB
[SETTLEMENT] Found 756 unsettled predictions in DB
[SETTLEMENT] No unsettled bets found in DB
[SETTLEMENT] Found 557 unsettled predictions in DB
[SETTLEMENT] No unsettled bets found in DB
[SETTLEMENT] Found 799 unsettled predictions in DB
[SETTLEMENT] No unsettled bets found in DB
[SETTLEMENT] Found 596 unsettled predictions in DB
[SETTLEMENT] No unsettled bets found in DB
[SETTLEMENT] Found 716 unsettled predictions in DB
[SETTLEMENT] No unsettled bets found in DB
[SETTLEMENT] Found 756 unsettled predictions in DB
[SETTLEMENT] No unsettled bets found in DB
[SETTLEMENT] Found 756 unsettled predictions in DB
[SETTLEMENT] No unsettled bets found in DB
[SETTLEMENT] Found 556 unsettled predictions in DB
[SETTLEMENT] No unsettled bets found in DB
[SETTLEMENT] Found 756 unsettled predictions in DB
[SETTLEMENT] No unsettled bets found in DB
[SETTLEMENT] Found 596 unsettled predictions in DB
[SETTLEMENT] No unsettled bets found in DB
[SETTLEMENT] Found 716 unsettled predictions in DB
[SETTLEMENT] No unsettled bets found in DB
[SETTLEMENT] Found 636 unsettled predictions in DB
[SETTLEMENT] No unsettled bets found in DB
[SETTLEMENT] Found 756 unsettled predictions in DB
[SETTLEMENT] No unsettled bets found in DB
[SETTLEMENT] Found 556 unsettled predictions in DB
[SETTLEMENT] No unsettled bets found in DB
[SETTLEMENT] Found 746 unsettled predictions in DB
[SETTLEMENT] No unsettled bets found in DB
[SETTLEMENT] Found 581 unsettled predictions in DB
[SETTLEMENT] No unsettled bets found in DB
[SETTLEMENT] Found 656 unsettled predictions in DB
[SETTLEMENT] No unsettled bets found in DB
[SETTLEMENT] Found 856 unsettled predictions in DB
[SETTLEMENT] No unsettled bets found in DB
[SETTLEMENT] Found 796 unsettled predictions in DB
[SETTLEMENT] No unsettled bets found in DB
[SETTLEMENT] Found 596 unsettled predictions in DB
[SETTLEMENT] No unsettled bets found in DB
[SETTLEMENT] Found 636 unsettled predictions in DB
[SETTLEMENT] No unsettled bets found in DB
[SETTLEMENT] Found 756 unsettled predictions in DB
[SETTLEMENT] Settlement failed: connection already closed
[SETTLEMENT] Found 556 unsettled predictions in DB
[SETTLEMENT] No unsettled bets found in DB
[SETTLEMENT] Found 781 unsettled predictions in DB
[SETTLEMENT] No unsettled bets found in DB
[SETTLEMENT] Found 621 unsettled predictions in DB
[SETTLEMENT] No unsettled bets found in DB
[SETTLEMENT] Found 742 unsettled predictions in DB
[SETTLEMENT] No unsettled bets found in DB
[SETTLEMENT] Found 814 unsettled predictions in DB
[SETTLEMENT] No unsettled bets found in DB
[SETTLEMENT] Found 790 unsettled predictions in DB
[SETTLEMENT] No unsettled bets found in DB
[SETTLEMENT] Found 586 unsettled predictions in DB
[SETTLEMENT] No unsettled bets found in DB
[SETTLEMENT] Found 826 unsettled predictions in DB
[SETTLEMENT] No unsettled bets found in DB
[SETTLEMENT] Found 636 unsettled predictions in DB
[SETTLEMENT] No unsettled bets found in DB
[SETTLEMENT] Found 756 unsettled predictions in DB
[SETTLEMENT] No unsettled bets found in DB
[SETTLEMENT] Found 656 unsettled predictions in DB
[SETTLEMENT] No unsettled bets found in DB
[SETTLEMENT] Found 776 unsettled predictions in DB
[SETTLEMENT] No unsettled bets found in DB
[SETTLEMENT] Found 576 unsettled predictions in DB
[SETTLEMENT] No unsettled bets found in DB
[SETTLEMENT] Found 816 unsettled predictions in DB
[SETTLEMENT] No unsettled bets found in DB
[SETTLEMENT] Found 636 unsettled predictions in DB
[SETTLEMENT] No unsettled bets found in DB
[SETTLEMENT] Found 596 unsettled predictions in DB
[SETTLEMENT] No unsettled bets found in DB
[SETTLEMENT] Found 676 unsettled predictions in DB
[SETTLEMENT] No unsettled bets found in DB
[SETTLEMENT] Found 796 unsettled predictions in DB
[SETTLEMENT] No unsettled bets found in DB
[SETTLEMENT] Found 756 unsettled predictions in DB
[SETTLEMENT] No unsettled bets found in DB
[SETTLEMENT] Found 836 unsettled predictions in DB
[SETTLEMENT] No unsettled bets found in DB
[SETTLEMENT] Found 796 unsettled predictions in DB
[SETTLEMENT] No unsettled bets found in DB
[SETTLEMENT] Found 756 unsettled predictions in DB
[SETTLEMENT] No unsettled bets found in DB
[SETTLEMENT] Found 676 unsettled predictions in DB
[SETTLEMENT] No unsettled bets found in DB
[SETTLEMENT] Found 636 unsettled predictions in DB
[SETTLEMENT] No unsettled bets found in DB
[SETTLEMENT] Found 596 unsettled predictions in DB
[SETTLEMENT] No unsettled bets found in DB
[SETTLEMENT] Found 676 unsettled predictions in DB
[SETTLEMENT] No unsettled bets found in DB
[SETTLEMENT] Found 676 unsettled predictions in DB
[SETTLEMENT] No unsettled bets found in DB
[SETTLEMENT] Found 796 unsettled predictions in DB
[SETTLEMENT] No unsettled bets found in DB
[SETTLEMENT] Found 716 unsettled predictions in DB
[SETTLEMENT] No unsettled bets found in DB
[SETTLEMENT] Found 756 unsettled predictions in DB
[SETTLEMENT] No unsettled bets found in DB
[SETTLEMENT] Found 596 unsettled predictions in DB
[SETTLEMENT] No unsettled bets found in DB
[SETTLEMENT] Found 676 unsettled predictions in DB
[SETTLEMENT] No unsettled bets found in DB
[SETTLEMENT] Found 756 unsettled predictions in DB
[SETTLEMENT] No unsettled bets found in DB
[SETTLEMENT] Found 756 unsettled predictions in DB
[SETTLEMENT] No unsettled bets found in DB
[SETTLEMENT] Found 556 unsettled predictions in DB
[SETTLEMENT] No unsettled bets found in DB
[SETTLEMENT] Found 756 unsettled predictions in DB
[SETTLEMENT] No unsettled bets found in DB
[SETTLEMENT] Found 551 unsettled predictions in DB
[SETTLEMENT] No unsettled bets found in DB
[SETTLEMENT] Found 671 unsettled predictions in DB
[SETTLEMENT] No unsettled bets found in DB
[SETTLEMENT] Found 593 unsettled predictions in DB
[SETTLEMENT] No unsettled bets found in DB
[SETTLEMENT] Found 714 unsettled predictions in DB
[SETTLEMENT] No unsettled bets found in DB
[SETTLEMENT] Found 511 unsettled predictions in DB
[SETTLEMENT] No unsettled bets found in DB
[SETTLEMENT] Found 711 unsettled predictions in DB
[SETTLEMENT] No unsettled bets found in DB
[SETTLEMENT] Found 551 unsettled predictions in DB
[SETTLEMENT] No unsettled bets found in DB
[SETTLEMENT] Found 671 unsettled predictions in DB
[SETTLEMENT] No unsettled bets found in DB
[SETTLEMENT] Found 591 unsettled predictions in DB
[SETTLEMENT] No unsettled bets found in DB
[SETTLEMENT] Found 711 unsettled predictions in DB
[SETTLEMENT] No unsettled bets found in DB
[SETTLEMENT] Found 511 unsettled predictions in DB
[SETTLEMENT] No unsettled bets found in DB
[SETTLEMENT] Found 711 unsettled predictions in DB
[SETTLEMENT] No unsettled bets found in DB
[SETTLEMENT] Found 551 unsettled predictions in DB
[SETTLEMENT] No unsettled bets found in DB
[SETTLEMENT] Found 671 unsettled predictions in DB
[SETTLEMENT] No unsettled bets found in DB
[SETTLEMENT] Found 711 unsettled predictions in DB
[SETTLEMENT] No unsettled bets found in DB
[SETTLEMENT] Found 711 unsettled predictions in DB
[SETTLEMENT] No unsettled bets found in DB
[SETTLEMENT] Found 671 unsettled predictions in DB
[SETTLEMENT] No unsettled bets found in DB
[SETTLEMENT] Found 711 unsettled predictions in DB
[SETTLEMENT] No unsettled bets found in DB
[SETTLEMENT] Found 551 unsettled predictions in DB
[SETTLEMENT] No unsettled bets found in DB
[SETTLEMENT] Found 666 unsettled predictions in DB
[SETTLEMENT] No unsettled bets found in DB
[SETTLEMENT] Found 656 unsettled predictions in DB
[SETTLEMENT] No unsettled bets found in DB
[SETTLEMENT] Found 566 unsettled predictions in DB
[SETTLEMENT] No unsettled bets found in DB
[SETTLEMENT] Found 686 unsettled predictions in DB
[SETTLEMENT] No unsettled bets found in DB
[SETTLEMENT] Found 706 unsettled predictions in DB
[SETTLEMENT] No unsettled bets found in DB
[SETTLEMENT] Found 711 unsettled predictions in DB
[SETTLEMENT] No unsettled bets found in DB
[SETTLEMENT] Found 510 unsettled predictions in DB
[SETTLEMENT] No unsettled bets found in DB
[SETTLEMENT] Found 710 unsettled predictions in DB
[SETTLEMENT] No unsettled bets found in DB
[SETTLEMENT] Found 550 unsettled predictions in DB
[SETTLEMENT] No unsettled bets found in DB
[SETTLEMENT] Found 670 unsettled predictions in DB
[SETTLEMENT] No unsettled bets found in DB
[SETTLEMENT] Found 710 unsettled predictions in DB
[SETTLEMENT] No unsettled bets found in DB
[SETTLEMENT] Found 710 unsettled predictions in DB
[SETTLEMENT] No unsettled bets found in DB
[SETTLEMENT] Found 670 unsettled predictions in DB
[SETTLEMENT] No unsettled bets found in DB
[SETTLEMENT] Found 590 unsettled predictions in DB
[SETTLEMENT] No unsettled bets found in DB
[SETTLEMENT] Found 710 unsettled predictions in DB
[SETTLEMENT] No unsettled bets found in DB
[SETTLEMENT] Found 670 unsettled predictions in DB
[SETTLEMENT] No unsettled bets found in DB
[SETTLEMENT] Found 592 unsettled predictions in DB
[SETTLEMENT] No unsettled bets found in DB
[SETTLEMENT] Found 713 unsettled predictions in DB
[SETTLEMENT] No unsettled bets found in DB
[SETTLEMENT] Found 510 unsettled predictions in DB
[SETTLEMENT] No unsettled bets found in DB
[SETTLEMENT] Found 710 unsettled predictions in DB
[SETTLEMENT] No unsettled bets found in DB
[SETTLEMENT] Found 550 unsettled predictions in DB
[SETTLEMENT] No unsettled bets found in DB
[SETTLEMENT] Found 670 unsettled predictions in DB
[SETTLEMENT] No unsettled bets found in DB
[SETTLEMENT] Found 590 unsettled predictions in DB
[SETTLEMENT] No unsettled bets found in DB
[SETTLEMENT] Found 710 unsettled predictions in DB
[SETTLEMENT] No unsettled bets found in DB
[SETTLEMENT] Found 510 unsettled predictions in DB
[SETTLEMENT] No unsettled bets found in DB
[SETTLEMENT] Found 670 unsettled predictions in DB
[SETTLEMENT] No unsettled bets found in DB
[SETTLEMENT] Found 710 unsettled predictions in DB
[SETTLEMENT] No unsettled bets found in DB
[SETTLEMENT] Found 670 unsettled predictions in DB
[SETTLEMENT] No unsettled bets found in DB
[SETTLEMENT] Found 710 unsettled predictions in DB
[SETTLEMENT] No unsettled bets found in DB
[SETTLEMENT] Found 550 unsettled predictions in DB
[SETTLEMENT] No unsettled bets found in DB
[SETTLEMENT] Found 670 unsettled predictions in DB
[SETTLEMENT] No unsettled bets found in DB
[SETTLEMENT] Found 590 unsettled predictions in DB
[SETTLEMENT] No unsettled bets found in DB
[SETTLEMENT] Found 670 unsettled predictions in DB
[SETTLEMENT] No unsettled bets found in DB
[SETTLEMENT] Found 750 unsettled predictions in DB
[SETTLEMENT] No unsettled bets found in DB
[SETTLEMENT] Found 790 unsettled predictions in DB
[SETTLEMENT] No unsettled bets found in DB
[SETTLEMENT] Found 710 unsettled predictions in DB
[SETTLEMENT] No unsettled bets found in DB
[SETTLEMENT] Found 510 unsettled predictions in DB
[SETTLEMENT] No unsettled bets found in DB
[SETTLEMENT] Found 750 unsettled predictions in DB
[SETTLEMENT] No unsettled bets found in DB
[SETTLEMENT] Found 750 unsettled predictions in DB
[SETTLEMENT] No unsettled bets found in DB
[SETTLEMENT] Found 550 unsettled predictions in DB
[SETTLEMENT] No unsettled bets found in DB
[SETTLEMENT] Found 592 unsettled predictions in DB
[SETTLEMENT] No unsettled bets found in DB
[SETTLEMENT] Found 553 unsettled predictions in DB
[SETTLEMENT] No unsettled bets found in DB
[SETTLEMENT] Found 674 unsettled predictions in DB
[SETTLEMENT] No unsettled bets found in DB
[SETTLEMENT] Found 750 unsettled predictions in DB
[SETTLEMENT] No unsettled bets found in DB
[SETTLEMENT] Found 750 unsettled predictions in DB
[SETTLEMENT] No unsettled bets found in DB
[SETTLEMENT] Found 710 unsettled predictions in DB
[SETTLEMENT] No unsettled bets found in DB
[SETTLEMENT] Found 630 unsettled predictions in DB
[SETTLEMENT] No unsettled bets found in DB
[SETTLEMENT] Found 750 unsettled predictions in DB
[SETTLEMENT] No unsettled bets found in DB
[SETTLEMENT] Found 710 unsettled predictions in DB
[SETTLEMENT] No unsettled bets found in DB
[SETTLEMENT] Found 790 unsettled predictions in DB
[SETTLEMENT] No unsettled bets found in DB
[SETTLEMENT] Found 590 unsettled predictions in DB
[SETTLEMENT] No unsettled bets found in DB
[SETTLEMENT] Found 550 unsettled predictions in DB
[SETTLEMENT] No unsettled bets found in DB
[SETTLEMENT] Found 590 unsettled predictions in DB
[SETTLEMENT] No unsettled bets found in DB
[SETTLEMENT] Found 550 unsettled predictions in DB
[SETTLEMENT] No unsettled bets found in DB
[SETTLEMENT] Found 670 unsettled predictions in DB
[SETTLEMENT] No unsettled bets found in DB
[SETTLEMENT] Found 710 unsettled predictions in DB
[SETTLEMENT] No unsettled bets found in DB
[SETTLEMENT] Found 710 unsettled predictions in DB
[SETTLEMENT] No unsettled bets found in DB
[SETTLEMENT] Found 510 unsettled predictions in DB
[SETTLEMENT] No unsettled bets found in DB
[SETTLEMENT] Found 590 unsettled predictions in DB
[SETTLEMENT] No unsettled bets found in DB
[SETTLEMENT] Found 710 unsettled predictions in DB
[SETTLEMENT] No unsettled bets found in DB
[SETTLEMENT] Found 670 unsettled predictions in DB
[SETTLEMENT] No unsettled bets found in DB
[SETTLEMENT] Found 590 unsettled predictions in DB
[SETTLEMENT] No unsettled bets found in DB
[SETTLEMENT] Found 710 unsettled predictions in DB
[SETTLEMENT] No unsettled bets found in DB
[SETTLEMENT] Found 630 unsettled predictions in DB
[SETTLEMENT] No unsettled bets found in DB
[SETTLEMENT] Found 670 unsettled predictions in DB
[SETTLEMENT] No unsettled bets found in DB
[SETTLEMENT] Found 750 unsettled predictions in DB
[SETTLEMENT] No unsettled bets found in DB
[SETTLEMENT] Found 710 unsettled predictions in DB
[SETTLEMENT] No unsettled bets found in DB
[SETTLEMENT] Found 590 unsettled predictions in DB
[SETTLEMENT] No unsettled bets found in DB
[SETTLEMENT] Found 710 unsettled predictions in DB
[SETTLEMENT] No unsettled bets found in DB
[SETTLEMENT] Found 670 unsettled predictions in DB
[SETTLEMENT] No unsettled bets found in DB
[SETTLEMENT] Found 590 unsettled predictions in DB
[SETTLEMENT] No unsettled bets found in DB
[SETTLEMENT] Found 550 unsettled predictions in DB
[SETTLEMENT] No unsettled bets found in DB
[SETTLEMENT] Found 510 unsettled predictions in DB
[SETTLEMENT] No unsettled bets found in DB
[SETTLEMENT] Found 710 unsettled predictions in DB
[SETTLEMENT] No unsettled bets found in DB
[SETTLEMENT] Found 710 unsettled predictions in DB
[SETTLEMENT] No unsettled bets found in DB
[SETTLEMENT] Found 670 unsettled predictions in DB
[SETTLEMENT] No unsettled bets found in DB
[SETTLEMENT] Found 710 unsettled predictions in DB
[SETTLEMENT] No unsettled bets found in DB
[SETTLEMENT] Found 550 unsettled predictions in DB
[SETTLEMENT] No unsettled bets found in DB
[SETTLEMENT] Found 670 unsettled predictions in DB
[SETTLEMENT] No unsettled bets found in DB
[SETTLEMENT] Found 710 unsettled predictions in DB
[SETTLEMENT] No unsettled bets found in DB
[SETTLEMENT] Found 550 unsettled predictions in DB
[SETTLEMENT] No unsettled bets found in DB
[SETTLEMENT] Found 671 unsettled predictions in DB
[SETTLEMENT] No unsettled bets found in DB
[SETTLEMENT] Found 593 unsettled predictions in DB
[SETTLEMENT] No unsettled bets found in DB
[SETTLEMENT] Found 714 unsettled predictions in DB
[SETTLEMENT] No unsettled bets found in DB
[SETTLEMENT] Found 510 unsettled predictions in DB
[SETTLEMENT] No unsettled bets found in DB
[SETTLEMENT] Found 710 unsettled predictions in DB
[SETTLEMENT] No unsettled bets found in DB
[SETTLEMENT] Found 550 unsettled predictions in DB
[SETTLEMENT] No unsettled bets found in DB
[SETTLEMENT] Found 670 unsettled predictions in DB
[SETTLEMENT] No unsettled bets found in DB
[SETTLEMENT] Found 590 unsettled predictions in DB
[SETTLEMENT] No unsettled bets found in DB
[SETTLEMENT] Found 670 unsettled predictions in DB
[SETTLEMENT] No unsettled bets found in DB
[SETTLEMENT] Found 510 unsettled predictions in DB
[SETTLEMENT] No unsettled bets found in DB
[SETTLEMENT] Found 710 unsettled predictions in DB
[SETTLEMENT] No unsettled bets found in DB
[SETTLEMENT] Found 550 unsettled predictions in DB
[SETTLEMENT] No unsettled bets found in DB
[SETTLEMENT] Found 670 unsettled predictions in DB
[SETTLEMENT] No unsettled bets found in DB
[SETTLEMENT] Found 705 unsettled predictions in DB
[SETTLEMENT] No unsettled bets found in DB
[SETTLEMENT] Found 620 unsettled predictions in DB
[SETTLEMENT] No unsettled bets found in DB
[SETTLEMENT] Found 740 unsettled predictions in DB
[SETTLEMENT] No unsettled bets found in DB
[SETTLEMENT] Found 780 unsettled predictions in DB
[SETTLEMENT] No unsettled bets found in DB
[SETTLEMENT] Found 750 unsettled predictions in DB
[SETTLEMENT] No unsettled bets found in DB
[SETTLEMENT] Found 549 unsettled predictions in DB
[SETTLEMENT] No unsettled bets found in DB
[SETTLEMENT] Found 589 unsettled predictions in DB
[SETTLEMENT] No unsettled bets found in DB
[SETTLEMENT] Found 709 unsettled predictions in DB
[SETTLEMENT] No unsettled bets found in DB
[SETTLEMENT] Found 669 unsettled predictions in DB
[SETTLEMENT] No unsettled bets found in DB
[SETTLEMENT] Found 589 unsettled predictions in DB
[SETTLEMENT] No unsettled bets found in DB
[SETTLEMENT] Found 709 unsettled predictions in DB
[SETTLEMENT] No unsettled bets found in DB
[SETTLEMENT] Found 509 unsettled predictions in DB
[SETTLEMENT] No unsettled bets found in DB
[SETTLEMENT] Found 709 unsettled predictions in DB
[SETTLEMENT] No unsettled bets found in DB
[SETTLEMENT] Found 549 unsettled predictions in DB
[SETTLEMENT] No unsettled bets found in DB
[SETTLEMENT] Found 669 unsettled predictions in DB
[SETTLEMENT] No unsettled bets found in DB
[SETTLEMENT] Found 589 unsettled predictions in DB
[SETTLEMENT] No unsettled bets found in DB
[SETTLEMENT] Found 709 unsettled predictions in DB
[SETTLEMENT] No unsettled bets found in DB
[SETTLEMENT] Found 668 unsettled predictions in DB
[SETTLEMENT] No unsettled bets found in DB
[SETTLEMENT] Found 708 unsettled predictions in DB
[SETTLEMENT] No unsettled bets found in DB
[SETTLEMENT] Found 548 unsettled predictions in DB
[SETTLEMENT] No unsettled bets found in DB
[SETTLEMENT] Found 508 unsettled predictions in DB
[SETTLEMENT] No unsettled bets found in DB
[SETTLEMENT] Found 588 unsettled predictions in DB
[SETTLEMENT] No unsettled bets found in DB
[SETTLEMENT] Found 709 unsettled predictions in DB
[SETTLEMENT] No unsettled bets found in DB
[SETTLEMENT] Found 670 unsettled predictions in DB
[SETTLEMENT] No unsettled bets found in DB
[SETTLEMENT] Found 711 unsettled predictions in DB
[SETTLEMENT] No unsettled bets found in DB
[SETTLEMENT] Found 548 unsettled predictions in DB
[SETTLEMENT] No unsettled bets found in DB
[SETTLEMENT] Found 504 unsettled predictions in DB
[SETTLEMENT] No unsettled bets found in DB
[SETTLEMENT] Found 704 unsettled predictions in DB
[SETTLEMENT] No unsettled bets found in DB
[SETTLEMENT] Found 544 unsettled predictions in DB
[SETTLEMENT] No unsettled bets found in DB
[SETTLEMENT] Found 654 unsettled predictions in DB
[SETTLEMENT] No unsettled bets found in DB
[SETTLEMENT] Found 674 unsettled predictions in DB
[SETTLEMENT] No unsettled bets found in DB
[SETTLEMENT] Found 624 unsettled predictions in DB
[SETTLEMENT] No unsettled bets found in DB
[SETTLEMENT] Found 579 unsettled predictions in DB
[SETTLEMENT] No unsettled bets found in DB
[SETTLEMENT] Found 819 unsettled predictions in DB
[SETTLEMENT] No unsettled bets found in DB
[SETTLEMENT] Found 739 unsettled predictions in DB
[SETTLEMENT] No unsettled bets found in DB
[SETTLEMENT] Found 544 unsettled predictions in DB
[SETTLEMENT] No unsettled bets found in DB
[SETTLEMENT] Found 624 unsettled predictions in DB
[SETTLEMENT] No unsettled bets found in DB
[SETTLEMENT] Found 744 unsettled predictions in DB
[SETTLEMENT] No unsettled bets found in DB
[SETTLEMENT] Found 704 unsettled predictions in DB
[SETTLEMENT] No unsettled bets found in DB
[SETTLEMENT] Found 784 unsettled predictions in DB
[SETTLEMENT] No unsettled bets found in DB
[SETTLEMENT] Found 744 unsettled predictions in DB
[SETTLEMENT] No unsettled bets found in DB
[SETTLEMENT] Found 544 unsettled predictions in DB
[SETTLEMENT] No unsettled bets found in DB
[SETTLEMENT] Found 584 unsettled predictions in DB
[SETTLEMENT] No unsettled bets found in DB
[SETTLEMENT] Found 544 unsettled predictions in DB
[SETTLEMENT] No unsettled bets found in DB
[SETTLEMENT] Found 664 unsettled predictions in DB
[SETTLEMENT] No unsettled bets found in DB
[SETTLEMENT] Found 584 unsettled predictions in DB
[SETTLEMENT] No unsettled bets found in DB
[SETTLEMENT] Found 704 unsettled predictions in DB
[SETTLEMENT] No unsettled bets found in DB
[SETTLEMENT] Found 504 unsettled predictions in DB
[SETTLEMENT] No unsettled bets found in DB
[SETTLEMENT] Found 704 unsettled predictions in DB
[SETTLEMENT] No unsettled bets found in DB
[SETTLEMENT] Found 544 unsettled predictions in DB
[SETTLEMENT] No unsettled bets found in DB
[SETTLEMENT] Found 664 unsettled predictions in DB
[SETTLEMENT] No unsettled bets found in DB
[SETTLEMENT] Found 584 unsettled predictions in DB
[SETTLEMENT] No unsettled bets found in DB
[SETTLEMENT] Found 704 unsettled predictions in DB
[SETTLEMENT] No unsettled bets found in DB
[SETTLEMENT] Found 664 unsettled predictions in DB
[SETTLEMENT] No unsettled bets found in DB
[SETTLEMENT] Found 704 unsettled predictions in DB
[SETTLEMENT] No unsettled bets found in DB
[SETTLEMENT] Found 704 unsettled predictions in DB
[SETTLEMENT] No unsettled bets found in DB
[SETTLEMENT] Found 504 unsettled predictions in DB
[SETTLEMENT] No unsettled bets found in DB
[SETTLEMENT] Found 704 unsettled predictions in DB
[SETTLEMENT] No unsettled bets found in DB
[SETTLEMENT] Found 705 unsettled predictions in DB
[SETTLEMENT] No unsettled bets found in DB
[SETTLEMENT] Found 666 unsettled predictions in DB
[SETTLEMENT] No unsettled bets found in DB
[SETTLEMENT] Found 707 unsettled predictions in DB
[SETTLEMENT] No unsettled bets found in DB
[SETTLEMENT] Found 544 unsettled predictions in DB
[SETTLEMENT] No unsettled bets found in DB
[SETTLEMENT] Found 624 unsettled predictions in DB
[SETTLEMENT] No unsettled bets found in DB
[SETTLEMENT] Found 784 unsettled predictions in DB
[SETTLEMENT] No unsettled bets found in DB
[SETTLEMENT] Found 745 unsettled predictions in DB
[SETTLEMENT] No unsettled bets found in DB
[SETTLEMENT] Found 506 unsettled predictions in DB
[SETTLEMENT] No unsettled bets found in DB
[SETTLEMENT] Found 584 unsettled predictions in DB
[SETTLEMENT] No unsettled bets found in DB
[SETTLEMENT] Found 704 unsettled predictions in DB
[SETTLEMENT] No unsettled bets found in DB
[SETTLEMENT] Found 504 unsettled predictions in DB
[SETTLEMENT] No unsettled bets found in DB
[SETTLEMENT] Found 744 unsettled predictions in DB
[SETTLEMENT] No unsettled bets found in DB
[SETTLEMENT] Found 584 unsettled predictions in DB
[SETTLEMENT] No unsettled bets found in DB
[SETTLEMENT] Found 704 unsettled predictions in DB
[SETTLEMENT] No unsettled bets found in DB
[SETTLEMENT] Found 584 unsettled predictions in DB
[SETTLEMENT] No unsettled bets found in DB
[SETTLEMENT] Found 704 unsettled predictions in DB
[SETTLEMENT] No unsettled bets found in DB
[SETTLEMENT] Found 504 unsettled predictions in DB
[SETTLEMENT] No unsettled bets found in DB
[SETTLEMENT] Found 744 unsettled predictions in DB
[SETTLEMENT] No unsettled bets found in DB
[SETTLEMENT] Found 584 unsettled predictions in DB
[SETTLEMENT] No unsettled bets found in DB
[SETTLEMENT] Found 704 unsettled predictions in DB
[SETTLEMENT] No unsettled bets found in DB
[SETTLEMENT] Found 584 unsettled predictions in DB
[SETTLEMENT] No unsettled bets found in DB
[SETTLEMENT] Found 544 unsettled predictions in DB
[SETTLEMENT] No unsettled bets found in DB
[SETTLEMENT] Found 664 unsettled predictions in DB
[SETTLEMENT] No unsettled bets found in DB
[SETTLEMENT] Found 584 unsettled predictions in DB
[SETTLEMENT] No unsettled bets found in DB
[SETTLEMENT] Found 704 unsettled predictions in DB
[SETTLEMENT] No unsettled bets found in DB
[SETTLEMENT] Found 504 unsettled predictions in DB
[SETTLEMENT] No unsettled bets found in DB
[SETTLEMENT] Found 704 unsettled predictions in DB
[SETTLEMENT] No unsettled bets found in DB
[SETTLEMENT] Found 544 unsettled predictions in DB
[SETTLEMENT] No unsettled bets found in DB
[SETTLEMENT] Found 664 unsettled predictions in DB
[SETTLEMENT] No unsettled bets found in DB
[SETTLEMENT] Found 584 unsettled predictions in DB
[SETTLEMENT] No unsettled bets found in DB
[SETTLEMENT] Found 704 unsettled predictions in DB
[SETTLEMENT] No unsettled bets found in DB
[SETTLEMENT] Found 504 unsettled predictions in DB
[SETTLEMENT] No unsettled bets found in DB
[SETTLEMENT] Found 704 unsettled predictions in DB
[SETTLEMENT] No unsettled bets found in DB
[SETTLEMENT] Found 544 unsettled predictions in DB
[SETTLEMENT] No unsettled bets found in DB
[SETTLEMENT] Found 624 unsettled predictions in DB
[SETTLEMENT] No unsettled bets found in DB
[SETTLEMENT] Found 694 unsettled predictions in DB
[SETTLEMENT] No unsettled bets found in DB
[SETTLEMENT] Found 774 unsettled predictions in DB
[SETTLEMENT] No unsettled bets found in DB
[SETTLEMENT] Found 734 unsettled predictions in DB
[SETTLEMENT] No unsettled bets found in DB
[SETTLEMENT] Found 734 unsettled predictions in DB
[SETTLEMENT] No unsettled bets found in DB
[SETTLEMENT] Found 694 unsettled predictions in DB
[SETTLEMENT] No unsettled bets found in DB
[SETTLEMENT] Found 493 unsettled predictions in DB
[SETTLEMENT] No unsettled bets found in DB
[SETTLEMENT] Found 723 unsettled predictions in DB
[SETTLEMENT] No unsettled bets found in DB
[SETTLEMENT] Found 563 unsettled predictions in DB
[SETTLEMENT] No unsettled bets found in DB
[SETTLEMENT] Found 683 unsettled predictions in DB
[SETTLEMENT] No unsettled bets found in DB
[SETTLEMENT] Found 723 unsettled predictions in DB
[SETTLEMENT] No unsettled bets found in DB
[SETTLEMENT] Found 693 unsettled predictions in DB
[SETTLEMENT] No unsettled bets found in DB
[SETTLEMENT] Found 493 unsettled predictions in DB
[SETTLEMENT] No unsettled bets found in DB
[SETTLEMENT] Found 733 unsettled predictions in DB
INFO:     Started server process [1957]
INFO:     Waiting for application startup.
[SETTLEMENT] Settlement Service starting on :8004
INFO:     Application startup complete.
INFO:     Uvicorn running on http://0.0.0.0:8004 (Press CTRL+C to quit)
db_manager PostgreSQL connection pool initialized
[SETTLEMENT] No unsettled bets found in DB
[SETTLEMENT] Found 573 unsettled predictions in DB
[SETTLEMENT] No unsettled bets found in DB
[SETTLEMENT] Found 573 unsettled predictions in DB
[SETTLEMENT] No unsettled bets found in DB
[SETTLEMENT] Found 773 unsettled predictions in DB
[SETTLEMENT] No unsettled bets found in DB
[SETTLEMENT] Found 771 unsettled predictions in DB
[SETTLEMENT] No unsettled bets found in DB
[SETTLEMENT] Found 731 unsettled predictions in DB
[SETTLEMENT] No unsettled bets found in DB
[SETTLEMENT] Found 571 unsettled predictions in DB
[SETTLEMENT] No unsettled bets found in DB
[SETTLEMENT] Found 532 unsettled predictions in DB
[SETTLEMENT] No unsettled bets found in DB
[SETTLEMENT] Found 653 unsettled predictions in DB
[SETTLEMENT] No unsettled bets found in DB
[SETTLEMENT] Found 694 unsettled predictions in DB
[SETTLEMENT] No unsettled bets found in DB
[SETTLEMENT] Found 531 unsettled predictions in DB
[SETTLEMENT] No unsettled bets found in DB
[SETTLEMENT] Found 491 unsettled predictions in DB
[SETTLEMENT] No unsettled bets found in DB
[SETTLEMENT] Found 691 unsettled predictions in DB
[SETTLEMENT] No unsettled bets found in DB
[SETTLEMENT] Found 692 unsettled predictions in DB
[SETTLEMENT] No unsettled bets found in DB
[SETTLEMENT] Found 653 unsettled predictions in DB
[SETTLEMENT] No unsettled bets found in DB
[SETTLEMENT] Found 571 unsettled predictions in DB
[SETTLEMENT] No unsettled bets found in DB
[SETTLEMENT] Found 691 unsettled predictions in DB
[SETTLEMENT] No unsettled bets found in DB
[SETTLEMENT] Found 651 unsettled predictions in DB
[SETTLEMENT] No unsettled bets found in DB
[SETTLEMENT] Found 571 unsettled predictions in DB
[SETTLEMENT] No unsettled bets found in DB
[SETTLEMENT] Found 651 unsettled predictions in DB
[SETTLEMENT] No unsettled bets found in DB
[SETTLEMENT] Found 731 unsettled predictions in DB
[SETTLEMENT] No unsettled bets found in DB
[SETTLEMENT] Found 811 unsettled predictions in DB
[SETTLEMENT] No unsettled bets found in DB
[SETTLEMENT] Found 571 unsettled predictions in DB
[SETTLEMENT] No unsettled bets found in DB
[SETTLEMENT] Found 531 unsettled predictions in DB
[SETTLEMENT] No unsettled bets found in DB
[SETTLEMENT] Found 571 unsettled predictions in DB
[SETTLEMENT] No unsettled bets found in DB
[SETTLEMENT] Found 531 unsettled predictions in DB
[SETTLEMENT] No unsettled bets found in DB
[SETTLEMENT] Found 651 unsettled predictions in DB
[SETTLEMENT] No unsettled bets found in DB
[SETTLEMENT] Found 571 unsettled predictions in DB
[SETTLEMENT] No unsettled bets found in DB
[SETTLEMENT] Found 691 unsettled predictions in DB
[SETTLEMENT] No unsettled bets found in DB
[SETTLEMENT] Found 651 unsettled predictions in DB
[SETTLEMENT] No unsettled bets found in DB
[SETTLEMENT] Found 693 unsettled predictions in DB
[SETTLEMENT] No unsettled bets found in DB
[SETTLEMENT] Found 534 unsettled predictions in DB
[SETTLEMENT] No unsettled bets found in DB
[SETTLEMENT] Found 655 unsettled predictions in DB
[SETTLEMENT] No unsettled bets found in DB
[SETTLEMENT] Found 571 unsettled predictions in DB
[SETTLEMENT] No unsettled bets found in DB
[SETTLEMENT] Found 691 unsettled predictions in DB
[SETTLEMENT] No unsettled bets found in DB
[SETTLEMENT] Found 490 unsettled predictions in DB
[SETTLEMENT] No unsettled bets found in DB
[SETTLEMENT] Found 690 unsettled predictions in DB
[SETTLEMENT] No unsettled bets found in DB
[SETTLEMENT] Found 530 unsettled predictions in DB
[SETTLEMENT] No unsettled bets found in DB
[SETTLEMENT] Found 490 unsettled predictions in DB
[SETTLEMENT] No unsettled bets found in DB
[SETTLEMENT] Found 690 unsettled predictions in DB
[SETTLEMENT] No unsettled bets found in DB
[SETTLEMENT] Found 530 unsettled predictions in DB
[SETTLEMENT] No unsettled bets found in DB
[SETTLEMENT] Found 650 unsettled predictions in DB
[SETTLEMENT] No unsettled bets found in DB
[SETTLEMENT] Found 569 unsettled predictions in DB
[SETTLEMENT] No unsettled bets found in DB
[SETTLEMENT] Found 689 unsettled predictions in DB
[SETTLEMENT] No unsettled bets found in DB
[SETTLEMENT] Found 609 unsettled predictions in DB
[SETTLEMENT] No unsettled bets found in DB
[SETTLEMENT] Found 729 unsettled predictions in DB
[SETTLEMENT] No unsettled bets found in DB
[SETTLEMENT] Found 529 unsettled predictions in DB
[SETTLEMENT] No unsettled bets found in DB
[SETTLEMENT] Found 769 unsettled predictions in DB
[SETTLEMENT] No unsettled bets found in DB
[SETTLEMENT] Found 559 unsettled predictions in DB
[SETTLEMENT] No unsettled bets found in DB
[SETTLEMENT] Found 669 unsettled predictions in DB
[SETTLEMENT] No unsettled bets found in DB
[SETTLEMENT] Found 579 unsettled predictions in DB
[SETTLEMENT] No unsettled bets found in DB
[SETTLEMENT] Found 587 unsettled predictions in DB
[SETTLEMENT] No unsettled bets found in DB
[SETTLEMENT] Found 667 unsettled predictions in DB
[SETTLEMENT] No unsettled bets found in DB
[SETTLEMENT] Found 647 unsettled predictions in DB
[SETTLEMENT] No unsettled bets found in DB
[SETTLEMENT] Found 647 unsettled predictions in DB
[SETTLEMENT] No unsettled bets found in DB
[SETTLEMENT] Found 527 unsettled predictions in DB
[SETTLEMENT] No unsettled bets found in DB
[SETTLEMENT] Found 607 unsettled predictions in DB
[SETTLEMENT] No unsettled bets found in DB
[SETTLEMENT] Found 567 unsettled predictions in DB
[SETTLEMENT] No unsettled bets found in DB
[SETTLEMENT] Found 647 unsettled predictions in DB
[SETTLEMENT] No unsettled bets found in DB
[SETTLEMENT] Found 607 unsettled predictions in DB
[SETTLEMENT] No unsettled bets found in DB
[SETTLEMENT] Found 566 unsettled predictions in DB
[SETTLEMENT] No unsettled bets found in DB
[SETTLEMENT] Found 646 unsettled predictions in DB
[SETTLEMENT] No unsettled bets found in DB
[SETTLEMENT] Found 606 unsettled predictions in DB
[SETTLEMENT] No unsettled bets found in DB
[SETTLEMENT] Found 726 unsettled predictions in DB
[SETTLEMENT] No unsettled bets found in DB
[SETTLEMENT] Found 686 unsettled predictions in DB
[SETTLEMENT] No unsettled bets found in DB
[SETTLEMENT] Found 606 unsettled predictions in DB
[SETTLEMENT] No unsettled bets found in DB
[SETTLEMENT] Found 566 unsettled predictions in DB
[SETTLEMENT] No unsettled bets found in DB
[SETTLEMENT] Found 526 unsettled predictions in DB
[SETTLEMENT] No unsettled bets found in DB
[SETTLEMENT] Found 606 unsettled predictions in DB
[SETTLEMENT] No unsettled bets found in DB
[SETTLEMENT] Found 726 unsettled predictions in DB
[SETTLEMENT] No unsettled bets found in DB
[SETTLEMENT] Found 526 unsettled predictions in DB
[SETTLEMENT] No unsettled bets found in DB
[SETTLEMENT] Found 746 unsettled predictions in DB
[SETTLEMENT] No unsettled bets found in DB
[SETTLEMENT] Found 546 unsettled predictions in DB
[SETTLEMENT] No unsettled bets found in DB
[SETTLEMENT] Found 506 unsettled predictions in DB
[SETTLEMENT] No unsettled bets found in DB
[SETTLEMENT] Found 566 unsettled predictions in DB
[SETTLEMENT] No unsettled bets found in DB
[SETTLEMENT] Found 687 unsettled predictions in DB
[SETTLEMENT] No unsettled bets found in DB
[SETTLEMENT] Found 648 unsettled predictions in DB
[SETTLEMENT] No unsettled bets found in DB
[SETTLEMENT] Found 689 unsettled predictions in DB
[SETTLEMENT] No unsettled bets found in DB
[SETTLEMENT] Found 679 unsettled predictions in DB
[SETTLEMENT] No unsettled bets found in DB
[SETTLEMENT] Found 479 unsettled predictions in DB
[SETTLEMENT] No unsettled bets found in DB
[SETTLEMENT] Found 559 unsettled predictions in DB
[SETTLEMENT] No unsettled bets found in DB
[SETTLEMENT] Found 639 unsettled predictions in DB
[SETTLEMENT] Found 1 unsettled bets in DB
[SETTLEMENT] Results not available yet for VFLM 5267 MD 3
[SETTLEMENT] Found 714 unsettled predictions in DB
[SETTLEMENT] Found 1 unsettled bets in DB
[SETTLEMENT] Results not available yet for VFLM 5267 MD 3
[SETTLEMENT] Found 674 unsettled predictions in DB
[SETTLEMENT] Found 2 unsettled bets in DB
[SETTLEMENT] Results not available yet for VFLM 5267 MD 4
[SETTLEMENT] Found 714 unsettled predictions in DB
[SETTLEMENT] No unsettled bets found in DB
[SETTLEMENT] Found 519 unsettled predictions in DB
[SETTLEMENT] No unsettled bets found in DB
[SETTLEMENT] Found 599 unsettled predictions in DB
[SETTLEMENT] No unsettled bets found in DB
[SETTLEMENT] Found 719 unsettled predictions in DB
[SETTLEMENT] Found 1 unsettled bets in DB
[SETTLEMENT] Results not available yet for VFLM 5267 MD 8
[SETTLEMENT] Found 679 unsettled predictions in DB
[SETTLEMENT] No unsettled bets found in DB
[SETTLEMENT] Found 601 unsettled predictions in DB
[SETTLEMENT] Found 1 unsettled bets in DB
[SETTLEMENT] Results not available yet for VFLM 5267 MD 11
[SETTLEMENT] Found 562 unsettled predictions in DB
[SETTLEMENT] Found 1 unsettled bets in DB
[SETTLEMENT] Results not available yet for VFLM 5267 MD 11
[SETTLEMENT] Found 683 unsettled predictions in DB
[SETTLEMENT] No unsettled bets found in DB
[SETTLEMENT] Found 598 unsettled predictions in DB
[SETTLEMENT] Found 1 unsettled bets in DB
[SETTLEMENT] Results not available yet for VFLM 5267 MD 14
[SETTLEMENT] Found 678 unsettled predictions in DB
[SETTLEMENT] Found 1 unsettled bets in DB
[SETTLEMENT] Results not available yet for VFLM 5267 MD 14
[SETTLEMENT] Found 518 unsettled predictions in DB
[SETTLEMENT] No unsettled bets found in DB
[SETTLEMENT] Found 598 unsettled predictions in DB
[SETTLEMENT] Found 1 unsettled bets in DB
[SETTLEMENT] Results not available yet for VFLM 5267 MD 16
[SETTLEMENT] Found 717 unsettled predictions in DB
[SETTLEMENT] Found 1 unsettled bets in DB
[SETTLEMENT] Found 677 unsettled predictions in DB
[SETTLEMENT] Found 1 unsettled bets in DB
[SETTLEMENT] Results not available yet for VFLM 5267 MD 19
[SETTLEMENT] Found 717 unsettled predictions in DB
[SETTLEMENT] Found 1 unsettled bets in DB
[SETTLEMENT] Results not available yet for VFLM 5267 MD 19
[SETTLEMENT] Found 677 unsettled predictions in DB
[SETTLEMENT] No unsettled bets found in DB
[SETTLEMENT] Found 477 unsettled predictions in DB
[SETTLEMENT] Found 1 unsettled bets in DB
[SETTLEMENT] Results not available yet for VFLM 5267 MD 21
[SETTLEMENT] Found 557 unsettled predictions in DB
[SETTLEMENT] Found 1 unsettled bets in DB
[SETTLEMENT] Results not available yet for VFLM 5267 MD 23
[SETTLEMENT] Found 517 unsettled predictions in DB
[SETTLEMENT] Found 1 unsettled bets in DB
[SETTLEMENT] Results not available yet for VFLM 5267 MD 23
[SETTLEMENT] Found 477 unsettled predictions in DB
[SETTLEMENT] Found 1 unsettled bets in DB
[SETTLEMENT] Found 677 unsettled predictions in DB
[SETTLEMENT] No unsettled bets found in DB
[SETTLEMENT] Found 517 unsettled predictions in DB
[SETTLEMENT] Found 1 unsettled bets in DB
[SETTLEMENT] Results not available yet for VFLM 5267 MD 27
[SETTLEMENT] Found 597 unsettled predictions in DB
[SETTLEMENT] Found 1 unsettled bets in DB
[SETTLEMENT] Results not available yet for VFLM 5267 MD 27
[SETTLEMENT] Found 557 unsettled predictions in DB
[SETTLEMENT] Found 1 unsettled bets in DB
[SETTLEMENT] Found 677 unsettled predictions in DB
[SETTLEMENT] No unsettled bets found in DB
[SETTLEMENT] Found 637 unsettled predictions in DB
[SETTLEMENT] Found 1 unsettled bets in DB
[SETTLEMENT] Results not available yet for VFLM 5267 MD 30
[SETTLEMENT] Found 677 unsettled predictions in DB
[SETTLEMENT] No unsettled bets found in DB
[SETTLEMENT] Found 507 unsettled predictions in DB
[SETTLEMENT] Found 1 unsettled bets in DB
[SETTLEMENT] Results not available yet for VFLM 5268 MD 2
[SETTLEMENT] Found 587 unsettled predictions in DB
[SETTLEMENT] Found 1 unsettled bets in DB
[SETTLEMENT] Results not available yet for VFLM 5268 MD 2
[SETTLEMENT] Found 627 unsettled predictions in DB
[SETTLEMENT] No unsettled bets found in DB
[SETTLEMENT] Found 547 unsettled predictions in DB
[SETTLEMENT] No unsettled bets found in DB
[SETTLEMENT] Found 667 unsettled predictions in DB
[SETTLEMENT] No unsettled bets found in DB
[SETTLEMENT] Found 707 unsettled predictions in DB
[SETTLEMENT] No unsettled bets found in DB
[SETTLEMENT] Found 667 unsettled predictions in DB
[SETTLEMENT] No unsettled bets found in DB
[SETTLEMENT] Found 468 unsettled predictions in DB
[SETTLEMENT] No unsettled bets found in DB
[SETTLEMENT] Found 590 unsettled predictions in DB
[SETTLEMENT] No unsettled bets found in DB
[SETTLEMENT] Found 547 unsettled predictions in DB
[SETTLEMENT] No unsettled bets found in DB
[SETTLEMENT] Found 667 unsettled predictions in DB
[SETTLEMENT] No unsettled bets found in DB
[SETTLEMENT] Found 547 unsettled predictions in DB
[SETTLEMENT] No unsettled bets found in DB
[SETTLEMENT] Found 507 unsettled predictions in DB
[SETTLEMENT] No unsettled bets found in DB
[SETTLEMENT] Found 627 unsettled predictions in DB
[SETTLEMENT] No unsettled bets found in DB
[SETTLEMENT] Found 547 unsettled predictions in DB
[SETTLEMENT] No unsettled bets found in DB
[SETTLEMENT] Found 667 unsettled predictions in DB
[SETTLEMENT] No unsettled bets found in DB
[SETTLEMENT] Found 467 unsettled predictions in DB
[SETTLEMENT] No unsettled bets found in DB
[SETTLEMENT] Found 687 unsettled predictions in DB
[SETTLEMENT] No unsettled bets found in DB
[SETTLEMENT] Found 527 unsettled predictions in DB
[SETTLEMENT] No unsettled bets found in DB
[SETTLEMENT] Found 647 unsettled predictions in DB
[SETTLEMENT] No unsettled bets found in DB
[SETTLEMENT] Found 727 unsettled predictions in DB
[SETTLEMENT] No unsettled bets found in DB
[SETTLEMENT] Found 707 unsettled predictions in DB
[SETTLEMENT] No unsettled bets found in DB
[SETTLEMENT] Found 507 unsettled predictions in DB
[SETTLEMENT] No unsettled bets found in DB
[SETTLEMENT] Found 707 unsettled predictions in DB
[SETTLEMENT] No unsettled bets found in DB
[SETTLEMENT] Found 667 unsettled predictions in DB
[SETTLEMENT] No unsettled bets found in DB
[SETTLEMENT] Found 627 unsettled predictions in DB
[SETTLEMENT] No unsettled bets found in DB
[SETTLEMENT] Found 667 unsettled predictions in DB
[SETTLEMENT] No unsettled bets found in DB
[SETTLEMENT] Found 507 unsettled predictions in DB
[SETTLEMENT] No unsettled bets found in DB
[SETTLEMENT] Found 467 unsettled predictions in DB
[SETTLEMENT] No unsettled bets found in DB
[SETTLEMENT] Found 547 unsettled predictions in DB
[SETTLEMENT] No unsettled bets found in DB
[SETTLEMENT] Found 667 unsettled predictions in DB
[SETTLEMENT] No unsettled bets found in DB
[SETTLEMENT] Found 467 unsettled predictions in DB
[SETTLEMENT] No unsettled bets found in DB
[SETTLEMENT] Found 667 unsettled predictions in DB
[SETTLEMENT] No unsettled bets found in DB
[SETTLEMENT] Found 747 unsettled predictions in DB
[SETTLEMENT] No unsettled bets found in DB
[SETTLEMENT] Found 707 unsettled predictions in DB
[SETTLEMENT] No unsettled bets found in DB
[SETTLEMENT] Found 587 unsettled predictions in DB
[SETTLEMENT] No unsettled bets found in DB
[SETTLEMENT] Found 547 unsettled predictions in DB
[SETTLEMENT] No unsettled bets found in DB
[SETTLEMENT] Found 507 unsettled predictions in DB
[SETTLEMENT] No unsettled bets found in DB
[SETTLEMENT] Found 707 unsettled predictions in DB
[SETTLEMENT] No unsettled bets found in DB
[SETTLEMENT] Found 707 unsettled predictions in DB
[SETTLEMENT] No unsettled bets found in DB
[SETTLEMENT] Found 667 unsettled predictions in DB
[SETTLEMENT] No unsettled bets found in DB
[SETTLEMENT] Found 589 unsettled predictions in DB
[SETTLEMENT] No unsettled bets found in DB
[SETTLEMENT] Found 550 unsettled predictions in DB
[SETTLEMENT] No unsettled bets found in DB
[SETTLEMENT] Found 507 unsettled predictions in DB
[SETTLEMENT] No unsettled bets found in DB
[SETTLEMENT] Found 547 unsettled predictions in DB
[SETTLEMENT] No unsettled bets found in DB
[SETTLEMENT] Found 667 unsettled predictions in DB
[SETTLEMENT] No unsettled bets found in DB
[SETTLEMENT] Found 626 unsettled predictions in DB
[SETTLEMENT] No unsettled bets found in DB
[SETTLEMENT] Found 546 unsettled predictions in DB
[SETTLEMENT] No unsettled bets found in DB
[SETTLEMENT] Found 506 unsettled predictions in DB
[SETTLEMENT] No unsettled bets found in DB
[SETTLEMENT] Found 466 unsettled predictions in DB
[SETTLEMENT] No unsettled bets found in DB
[SETTLEMENT] Found 706 unsettled predictions in DB
[SETTLEMENT] No unsettled bets found in DB
[SETTLEMENT] Found 546 unsettled predictions in DB
[SETTLEMENT] No unsettled bets found in DB
[SETTLEMENT] Found 666 unsettled predictions in DB
[SETTLEMENT] No unsettled bets found in DB
[SETTLEMENT] Found 706 unsettled predictions in DB
[SETTLEMENT] No unsettled bets found in DB
[SETTLEMENT] Found 666 unsettled predictions in DB
[SETTLEMENT] No unsettled bets found in DB
[SETTLEMENT] Found 466 unsettled predictions in DB
[SETTLEMENT] No unsettled bets found in DB
[SETTLEMENT] Found 666 unsettled predictions in DB
[SETTLEMENT] No unsettled bets found in DB
[SETTLEMENT] Found 666 unsettled predictions in DB
[SETTLEMENT] No unsettled bets found in DB
[SETTLEMENT] Found 466 unsettled predictions in DB
[SETTLEMENT] No unsettled bets found in DB
[SETTLEMENT] Found 546 unsettled predictions in DB
[SETTLEMENT] No unsettled bets found in DB
[SETTLEMENT] Found 506 unsettled predictions in DB
[SETTLEMENT] No unsettled bets found in DB
[SETTLEMENT] Found 621 unsettled predictions in DB
[SETTLEMENT] No unsettled bets found in DB
[SETTLEMENT] Found 531 unsettled predictions in DB
[SETTLEMENT] No unsettled bets found in DB
[SETTLEMENT] Found 606 unsettled predictions in DB
[SETTLEMENT] No unsettled bets found in DB
[SETTLEMENT] Found 686 unsettled predictions in DB
[SETTLEMENT] No unsettled bets found in DB
[SETTLEMENT] Found 666 unsettled predictions in DB
[SETTLEMENT] No unsettled bets found in DB
[SETTLEMENT] Found 546 unsettled predictions in DB
[SETTLEMENT] No unsettled bets found in DB
[SETTLEMENT] Found 506 unsettled predictions in DB
[SETTLEMENT] No unsettled bets found in DB
[SETTLEMENT] Found 626 unsettled predictions in DB
[SETTLEMENT] No unsettled bets found in DB
[SETTLEMENT] Found 545 unsettled predictions in DB
[SETTLEMENT] No unsettled bets found in DB
[SETTLEMENT] Found 665 unsettled predictions in DB
[SETTLEMENT] No unsettled bets found in DB
[SETTLEMENT] Found 465 unsettled predictions in DB
[SETTLEMENT] No unsettled bets found in DB
[SETTLEMENT] Found 667 unsettled predictions in DB
[SETTLEMENT] No unsettled bets found in DB
[SETTLEMENT] Found 668 unsettled predictions in DB
[SETTLEMENT] No unsettled bets found in DB
[SETTLEMENT] Found 465 unsettled predictions in DB
[SETTLEMENT] No unsettled bets found in DB
[SETTLEMENT] Found 625 unsettled predictions in DB
[SETTLEMENT] No unsettled bets found in DB
[SETTLEMENT] Found 665 unsettled predictions in DB
[SETTLEMENT] No unsettled bets found in DB
[SETTLEMENT] Found 625 unsettled predictions in DB
[SETTLEMENT] No unsettled bets found in DB
[SETTLEMENT] Found 705 unsettled predictions in DB
[SETTLEMENT] No unsettled bets found in DB
[SETTLEMENT] Found 665 unsettled predictions in DB
[SETTLEMENT] No unsettled bets found in DB
[SETTLEMENT] Found 465 unsettled predictions in DB
[SETTLEMENT] No unsettled bets found in DB
[SETTLEMENT] Found 545 unsettled predictions in DB
[SETTLEMENT] No unsettled bets found in DB
[SETTLEMENT] Found 505 unsettled predictions in DB
[SETTLEMENT] No unsettled bets found in DB
[SETTLEMENT] Found 705 unsettled predictions in DB
[SETTLEMENT] No unsettled bets found in DB
[SETTLEMENT] Found 545 unsettled predictions in DB
[SETTLEMENT] No unsettled bets found in DB
[SETTLEMENT] Found 505 unsettled predictions in DB
[SETTLEMENT] No unsettled bets found in DB
[SETTLEMENT] Found 585 unsettled predictions in DB
[SETTLEMENT] No unsettled bets found in DB
[SETTLEMENT] Found 705 unsettled predictions in DB
[SETTLEMENT] No unsettled bets found in DB
[SETTLEMENT] Found 665 unsettled predictions in DB
[SETTLEMENT] No unsettled bets found in DB
[SETTLEMENT] Found 705 unsettled predictions in DB
[SETTLEMENT] No unsettled bets found in DB
[SETTLEMENT] Found 665 unsettled predictions in DB
[SETTLEMENT] No unsettled bets found in DB
[SETTLEMENT] Found 465 unsettled predictions in DB
[SETTLEMENT] No unsettled bets found in DB
[SETTLEMENT] Found 580 unsettled predictions in DB
[SETTLEMENT] No unsettled bets found in DB
[SETTLEMENT] Found 540 unsettled predictions in DB
[SETTLEMENT] No unsettled bets found in DB
[SETTLEMENT] Found 620 unsettled predictions in DB
[SETTLEMENT] No unsettled bets found in DB
[SETTLEMENT] Found 535 unsettled predictions in DB
[SETTLEMENT] No unsettled bets found in DB
[SETTLEMENT] Found 540 unsettled predictions in DB
[SETTLEMENT] No unsettled bets found in DB
[SETTLEMENT] Found 660 unsettled predictions in DB
[SETTLEMENT] No unsettled bets found in DB
[SETTLEMENT] Found 465 unsettled predictions in DB
[SETTLEMENT] No unsettled bets found in DB
[SETTLEMENT] Found 665 unsettled predictions in DB
[SETTLEMENT] No unsettled bets found in DB
[SETTLEMENT] Found 505 unsettled predictions in DB
[SETTLEMENT] No unsettled bets found in DB
[SETTLEMENT] Found 625 unsettled predictions in DB
[SETTLEMENT] No unsettled bets found in DB
[SETTLEMENT] Found 665 unsettled predictions in DB
[SETTLEMENT] No unsettled bets found in DB
[SETTLEMENT] Found 665 unsettled predictions in DB
[SETTLEMENT] No unsettled bets found in DB
[SETTLEMENT] Found 465 unsettled predictions in DB
[SETTLEMENT] No unsettled bets found in DB
[SETTLEMENT] Found 625 unsettled predictions in DB
[SETTLEMENT] No unsettled bets found in DB
[SETTLEMENT] Found 665 unsettled predictions in DB
[SETTLEMENT] No unsettled bets found in DB
[SETTLEMENT] Found 585 unsettled predictions in DB
[SETTLEMENT] No unsettled bets found in DB
[SETTLEMENT] Found 545 unsettled predictions in DB
[SETTLEMENT] No unsettled bets found in DB
[SETTLEMENT] Found 665 unsettled predictions in DB
[SETTLEMENT] No unsettled bets found in DB
[SETTLEMENT] Found 465 unsettled predictions in DB
[SETTLEMENT] No unsettled bets found in DB
[SETTLEMENT] Found 545 unsettled predictions in DB
[SETTLEMENT] No unsettled bets found in DB
[SETTLEMENT] Found 505 unsettled predictions in DB
[SETTLEMENT] No unsettled bets found in DB
[SETTLEMENT] Found 465 unsettled predictions in DB
[SETTLEMENT] No unsettled bets found in DB
[SETTLEMENT] Found 667 unsettled predictions in DB
[SETTLEMENT] No unsettled bets found in DB
[SETTLEMENT] Found 508 unsettled predictions in DB
[SETTLEMENT] No unsettled bets found in DB
[SETTLEMENT] Found 629 unsettled predictions in DB
[SETTLEMENT] No unsettled bets found in DB
[SETTLEMENT] Found 545 unsettled predictions in DB
[SETTLEMENT] No unsettled bets found in DB
[SETTLEMENT] Found 625 unsettled predictions in DB
[SETTLEMENT] No unsettled bets found in DB
[SETTLEMENT] Found 465 unsettled predictions in DB
[SETTLEMENT] No unsettled bets found in DB
[SETTLEMENT] Found 665 unsettled predictions in DB
[SETTLEMENT] No unsettled bets found in DB
[SETTLEMENT] Found 665 unsettled predictions in DB
[SETTLEMENT] No unsettled bets found in DB
[SETTLEMENT] Found 625 unsettled predictions in DB
[SETTLEMENT] No unsettled bets found in DB
[SETTLEMENT] Found 545 unsettled predictions in DB
[SETTLEMENT] No unsettled bets found in DB
[SETTLEMENT] Found 665 unsettled predictions in DB
[SETTLEMENT] No unsettled bets found in DB
[SETTLEMENT] Found 585 unsettled predictions in DB
[SETTLEMENT] No unsettled bets found in DB
[SETTLEMENT] Found 585 unsettled predictions in DB
[SETTLEMENT] No unsettled bets found in DB
[SETTLEMENT] Found 705 unsettled predictions in DB
[SETTLEMENT] No unsettled bets found in DB
[SETTLEMENT] Found 625 unsettled predictions in DB
[SETTLEMENT] No unsettled bets found in DB
[SETTLEMENT] Found 665 unsettled predictions in DB
[SETTLEMENT] No unsettled bets found in DB
[SETTLEMENT] Found 665 unsettled predictions in DB
[SETTLEMENT] No unsettled bets found in DB
[SETTLEMENT] Found 625 unsettled predictions in DB
[SETTLEMENT] No unsettled bets found in DB
[SETTLEMENT] Found 665 unsettled predictions in DB
[SETTLEMENT] No unsettled bets found in DB
[SETTLEMENT] Found 505 unsettled predictions in DB
[SETTLEMENT] No unsettled bets found in DB
[SETTLEMENT] Found 626 unsettled predictions in DB
[SETTLEMENT] No unsettled bets found in DB
[SETTLEMENT] Found 548 unsettled predictions in DB
[SETTLEMENT] No unsettled bets found in DB
[SETTLEMENT] Found 669 unsettled predictions in DB
[SETTLEMENT] No unsettled bets found in DB
[SETTLEMENT] Found 465 unsettled predictions in DB
[SETTLEMENT] No unsettled bets found in DB
[SETTLEMENT] Found 625 unsettled predictions in DB
[SETTLEMENT] No unsettled bets found in DB
[SETTLEMENT] Found 505 unsettled predictions in DB
[SETTLEMENT] No unsettled bets found in DB
[SETTLEMENT] Found 625 unsettled predictions in DB
[SETTLEMENT] No unsettled bets found in DB
[SETTLEMENT] Found 545 unsettled predictions in DB
[SETTLEMENT] No unsettled bets found in DB
[SETTLEMENT] Found 665 unsettled predictions in DB
[SETTLEMENT] No unsettled bets found in DB
[SETTLEMENT] Found 465 unsettled predictions in DB
[SETTLEMENT] No unsettled bets found in DB
[SETTLEMENT] Found 665 unsettled predictions in DB
[SETTLEMENT] No unsettled bets found in DB
[SETTLEMENT] Found 505 unsettled predictions in DB
[SETTLEMENT] No unsettled bets found in DB
[SETTLEMENT] Found 585 unsettled predictions in DB
[SETTLEMENT] No unsettled bets found in DB
[SETTLEMENT] Found 545 unsettled predictions in DB
[SETTLEMENT] No unsettled bets found in DB
[SETTLEMENT] Found 665 unsettled predictions in DB
[SETTLEMENT] No unsettled bets found in DB
[SETTLEMENT] Found 625 unsettled predictions in DB
[SETTLEMENT] No unsettled bets found in DB
[SETTLEMENT] Found 665 unsettled predictions in DB
[SETTLEMENT] No unsettled bets found in DB
[SETTLEMENT] Found 665 unsettled predictions in DB
[SETTLEMENT] No unsettled bets found in DB
[SETTLEMENT] Found 625 unsettled predictions in DB
[SETTLEMENT] No unsettled bets found in DB
[SETTLEMENT] Found 545 unsettled predictions in DB
[SETTLEMENT] No unsettled bets found in DB
[SETTLEMENT] Found 500 unsettled predictions in DB
[SETTLEMENT] No unsettled bets found in DB
[SETTLEMENT] Found 615 unsettled predictions in DB
[SETTLEMENT] No unsettled bets found in DB
[SETTLEMENT] Found 605 unsettled predictions in DB
[SETTLEMENT] No unsettled bets found in DB
[SETTLEMENT] Found 545 unsettled predictions in DB
[SETTLEMENT] No unsettled bets found in DB
[SETTLEMENT] Found 665 unsettled predictions in DB
[SETTLEMENT] No unsettled bets found in DB
[SETTLEMENT] Found 665 unsettled predictions in DB
[SETTLEMENT] No unsettled bets found in DB
[SETTLEMENT] Found 665 unsettled predictions in DB
[SETTLEMENT] No unsettled bets found in DB
[SETTLEMENT] Found 465 unsettled predictions in DB
[SETTLEMENT] No unsettled bets found in DB
[SETTLEMENT] Found 665 unsettled predictions in DB
[SETTLEMENT] No unsettled bets found in DB
[SETTLEMENT] Found 505 unsettled predictions in DB
[SETTLEMENT] No unsettled bets found in DB
[SETTLEMENT] Found 625 unsettled predictions in DB
[SETTLEMENT] No unsettled bets found in DB
[SETTLEMENT] Found 545 unsettled predictions in DB
[SETTLEMENT] No unsettled bets found in DB
[SETTLEMENT] Found 665 unsettled predictions in DB
[SETTLEMENT] No unsettled bets found in DB
[SETTLEMENT] Found 625 unsettled predictions in DB
[SETTLEMENT] No unsettled bets found in DB
[SETTLEMENT] Found 665 unsettled predictions in DB
[SETTLEMENT] No unsettled bets found in DB
[SETTLEMENT] Found 504 unsettled predictions in DB
[SETTLEMENT] No unsettled bets found in DB
[SETTLEMENT] Found 625 unsettled predictions in DB
[SETTLEMENT] No unsettled bets found in DB
[SETTLEMENT] Found 667 unsettled predictions in DB
[SETTLEMENT] No unsettled bets found in DB
[SETTLEMENT] Found 503 unsettled predictions in DB
[SETTLEMENT] No unsettled bets found in DB
[SETTLEMENT] Found 623 unsettled predictions in DB
[SETTLEMENT] No unsettled bets found in DB
[SETTLEMENT] Found 543 unsettled predictions in DB
[SETTLEMENT] No unsettled bets found in DB
[SETTLEMENT] Found 663 unsettled predictions in DB
[SETTLEMENT] No unsettled bets found in DB
[SETTLEMENT] Found 463 unsettled predictions in DB
[SETTLEMENT] No unsettled bets found in DB
[SETTLEMENT] Found 663 unsettled predictions in DB
[SETTLEMENT] No unsettled bets found in DB
[SETTLEMENT] Found 503 unsettled predictions in DB
[SETTLEMENT] No unsettled bets found in DB
[SETTLEMENT] Found 623 unsettled predictions in DB
[SETTLEMENT] No unsettled bets found in DB
[SETTLEMENT] Found 543 unsettled predictions in DB
[SETTLEMENT] No unsettled bets found in DB
[SETTLEMENT] Found 663 unsettled predictions in DB
[SETTLEMENT] No unsettled bets found in DB
[SETTLEMENT] Found 463 unsettled predictions in DB
[SETTLEMENT] No unsettled bets found in DB
[SETTLEMENT] Found 663 unsettled predictions in DB
[SETTLEMENT] No unsettled bets found in DB
[SETTLEMENT] Found 503 unsettled predictions in DB
[SETTLEMENT] No unsettled bets found in DB
[SETTLEMENT] Found 623 unsettled predictions in DB
[SETTLEMENT] No unsettled bets found in DB
[SETTLEMENT] Found 703 unsettled predictions in DB
[SETTLEMENT] No unsettled bets found in DB
[SETTLEMENT] Found 623 unsettled predictions in DB
[SETTLEMENT] No unsettled bets found in DB
[SETTLEMENT] Found 698 unsettled predictions in DB
[SETTLEMENT] No unsettled bets found in DB
[SETTLEMENT] Found 738 unsettled predictions in DB
[SETTLEMENT] No unsettled bets found in DB
[SETTLEMENT] Found 658 unsettled predictions in DB
[SETTLEMENT] No unsettled bets found in DB
[SETTLEMENT] Found 463 unsettled predictions in DB
[SETTLEMENT] No unsettled bets found in DB
[SETTLEMENT] Found 663 unsettled predictions in DB
[SETTLEMENT] No unsettled bets found in DB
[SETTLEMENT] Found 663 unsettled predictions in DB
[SETTLEMENT] No unsettled bets found in DB
[SETTLEMENT] Found 463 unsettled predictions in DB
[SETTLEMENT] No unsettled bets found in DB
[SETTLEMENT] Found 543 unsettled predictions in DB
[SETTLEMENT] No unsettled bets found in DB
[SETTLEMENT] Found 503 unsettled predictions in DB
[SETTLEMENT] No unsettled bets found in DB
[SETTLEMENT] Found 623 unsettled predictions in DB
[SETTLEMENT] No unsettled bets found in DB
[SETTLEMENT] Found 543 unsettled predictions in DB
[SETTLEMENT] No unsettled bets found in DB
[SETTLEMENT] Found 663 unsettled predictions in DB
[SETTLEMENT] No unsettled bets found in DB
[SETTLEMENT] Found 623 unsettled predictions in DB
[SETTLEMENT] No unsettled bets found in DB
[SETTLEMENT] Found 543 unsettled predictions in DB
[SETTLEMENT] No unsettled bets found in DB
[SETTLEMENT] Found 503 unsettled predictions in DB
[SETTLEMENT] No unsettled bets found in DB
[SETTLEMENT] Found 623 unsettled predictions in DB
[SETTLEMENT] No unsettled bets found in DB
[SETTLEMENT] Found 703 unsettled predictions in DB
[SETTLEMENT] No unsettled bets found in DB
[SETTLEMENT] Found 442 unsettled predictions in DB
[SETTLEMENT] No unsettled bets found in DB
[SETTLEMENT] Found 562 unsettled predictions in DB
[SETTLEMENT] No unsettled bets found in DB
[SETTLEMENT] Found 482 unsettled predictions in DB
[SETTLEMENT] No unsettled bets found in DB
[SETTLEMENT] Found 602 unsettled predictions in DB
[SETTLEMENT] No unsettled bets found in DB
[SETTLEMENT] Found 562 unsettled predictions in DB
[SETTLEMENT] No unsettled bets found in DB
[SETTLEMENT] Found 604 unsettled predictions in DB
[SETTLEMENT] No unsettled bets found in DB
[SETTLEMENT] Found 605 unsettled predictions in DB
[SETTLEMENT] No unsettled bets found in DB
[SETTLEMENT] Found 402 unsettled predictions in DB
[SETTLEMENT] No unsettled bets found in DB
[SETTLEMENT] Found 482 unsettled predictions in DB
[SETTLEMENT] No unsettled bets found in DB
[SETTLEMENT] Found 602 unsettled predictions in DB
[SETTLEMENT] No unsettled bets found in DB
[SETTLEMENT] Found 682 unsettled predictions in DB
[SETTLEMENT] No unsettled bets found in DB
[SETTLEMENT] Found 472 unsettled predictions in DB
[SETTLEMENT] No unsettled bets found in DB
[SETTLEMENT] Found 582 unsettled predictions in DB
[SETTLEMENT] No unsettled bets found in DB
[SETTLEMENT] Found 492 unsettled predictions in DB
[SETTLEMENT] No unsettled bets found in DB
[SETTLEMENT] Found 644 unsettled predictions in DB
[SETTLEMENT] No unsettled bets found in DB
[SETTLEMENT] Found 625 unsettled predictions in DB
[SETTLEMENT] No unsettled bets found in DB
[SETTLEMENT] Found 525 unsettled predictions in DB
[SETTLEMENT] No unsettled bets found in DB
[SETTLEMENT] Found 602 unsettled predictions in DB
[SETTLEMENT] No unsettled bets found in DB
[SETTLEMENT] Found 440 unsettled predictions in DB
[SETTLEMENT] No unsettled bets found in DB
[SETTLEMENT] Found 560 unsettled predictions in DB
[SETTLEMENT] No unsettled bets found in DB
[SETTLEMENT] Found 480 unsettled predictions in DB
[SETTLEMENT] No unsettled bets found in DB
[SETTLEMENT] Found 600 unsettled predictions in DB
[SETTLEMENT] No unsettled bets found in DB
[SETTLEMENT] Found 400 unsettled predictions in DB
[SETTLEMENT] No unsettled bets found in DB
[SETTLEMENT] Found 600 unsettled predictions in DB
[SETTLEMENT] No unsettled bets found in DB
[SETTLEMENT] Found 440 unsettled predictions in DB
[SETTLEMENT] No unsettled bets found in DB
[SETTLEMENT] Found 560 unsettled predictions in DB
[SETTLEMENT] No unsettled bets found in DB
[SETTLEMENT] Found 480 unsettled predictions in DB
[SETTLEMENT] No unsettled bets found in DB
[SETTLEMENT] Found 440 unsettled predictions in DB
[SETTLEMENT] No unsettled bets found in DB
[SETTLEMENT] Found 560 unsettled predictions in DB
[SETTLEMENT] No unsettled bets found in DB
[SETTLEMENT] Found 479 unsettled predictions in DB
[SETTLEMENT] No unsettled bets found in DB
[SETTLEMENT] Found 599 unsettled predictions in DB
[SETTLEMENT] No unsettled bets found in DB
[SETTLEMENT] Found 399 unsettled predictions in DB
[SETTLEMENT] No unsettled bets found in DB
[SETTLEMENT] Found 599 unsettled predictions in DB
[SETTLEMENT] No unsettled bets found in DB
[SETTLEMENT] Found 599 unsettled predictions in DB
[SETTLEMENT] No unsettled bets found in DB
[SETTLEMENT] Found 559 unsettled predictions in DB
[SETTLEMENT] No unsettled bets found in DB
[SETTLEMENT] Found 479 unsettled predictions in DB
[SETTLEMENT] No unsettled bets found in DB
[SETTLEMENT] Found 599 unsettled predictions in DB
[SETTLEMENT] No unsettled bets found in DB
[SETTLEMENT] Found 399 unsettled predictions in DB
[SETTLEMENT] No unsettled bets found in DB
[SETTLEMENT] Found 479 unsettled predictions in DB
[SETTLEMENT] No unsettled bets found in DB
[SETTLEMENT] Found 439 unsettled predictions in DB
[SETTLEMENT] No unsettled bets found in DB
[SETTLEMENT] Found 399 unsettled predictions in DB
[SETTLEMENT] No unsettled bets found in DB
[SETTLEMENT] Found 599 unsettled predictions in DB
[SETTLEMENT] No unsettled bets found in DB
[SETTLEMENT] Found 434 unsettled predictions in DB
[SETTLEMENT] No unsettled bets found in DB
[SETTLEMENT] Found 549 unsettled predictions in DB
[SETTLEMENT] No unsettled bets found in DB
[SETTLEMENT] Found 539 unsettled predictions in DB
[SETTLEMENT] No unsettled bets found in DB
[SETTLEMENT] Found 479 unsettled predictions in DB
[SETTLEMENT] No unsettled bets found in DB
[SETTLEMENT] Found 599 unsettled predictions in DB
[SETTLEMENT] No unsettled bets found in DB
[SETTLEMENT] Found 599 unsettled predictions in DB
[SETTLEMENT] No unsettled bets found in DB
[SETTLEMENT] Found 599 unsettled predictions in DB
[SETTLEMENT] No unsettled bets found in DB
[SETTLEMENT] Found 399 unsettled predictions in DB
[SETTLEMENT] No unsettled bets found in DB
[SETTLEMENT] Found 599 unsettled predictions in DB
[SETTLEMENT] No unsettled bets found in DB
[SETTLEMENT] Found 439 unsettled predictions in DB
[SETTLEMENT] No unsettled bets found in DB
[SETTLEMENT] Found 560 unsettled predictions in DB
[SETTLEMENT] No unsettled bets found in DB
[SETTLEMENT] Found 602 unsettled predictions in DB
[SETTLEMENT] No unsettled bets found in DB
[SETTLEMENT] Found 435 unsettled predictions in DB
[SETTLEMENT] No unsettled bets found in DB
[SETTLEMENT] Found 395 unsettled predictions in DB
[SETTLEMENT] No unsettled bets found in DB
[SETTLEMENT] Found 475 unsettled predictions in DB
[SETTLEMENT] No unsettled bets found in DB
[SETTLEMENT] Found 595 unsettled predictions in DB
[SETTLEMENT] No unsettled bets found in DB
[SETTLEMENT] Found 395 unsettled predictions in DB
[SETTLEMENT] No unsettled bets found in DB
[SETTLEMENT] Found 595 unsettled predictions in DB
[SETTLEMENT] No unsettled bets found in DB
[SETTLEMENT] Found 435 unsettled predictions in DB
[SETTLEMENT] No unsettled bets found in DB
[SETTLEMENT] Found 555 unsettled predictions in DB
[SETTLEMENT] No unsettled bets found in DB
[SETTLEMENT] Found 475 unsettled predictions in DB
[SETTLEMENT] No unsettled bets found in DB
[SETTLEMENT] Found 435 unsettled predictions in DB
[SETTLEMENT] No unsettled bets found in DB
[SETTLEMENT] Found 555 unsettled predictions in DB
[SETTLEMENT] No unsettled bets found in DB
[SETTLEMENT] Found 475 unsettled predictions in DB
[SETTLEMENT] No unsettled bets found in DB
[SETTLEMENT] Found 595 unsettled predictions in DB
[SETTLEMENT] No unsettled bets found in DB
[SETTLEMENT] Found 395 unsettled predictions in DB
[SETTLEMENT] No unsettled bets found in DB
[SETTLEMENT] Found 475 unsettled predictions in DB
[SETTLEMENT] No unsettled bets found in DB
[SETTLEMENT] Found 435 unsettled predictions in DB
[SETTLEMENT] No unsettled bets found in DB
[SETTLEMENT] Found 395 unsettled predictions in DB
[SETTLEMENT] No unsettled bets found in DB
[SETTLEMENT] Found 595 unsettled predictions in DB
[SETTLEMENT] No unsettled bets found in DB
[SETTLEMENT] Found 555 unsettled predictions in DB
[SETTLEMENT] No unsettled bets found in DB
[SETTLEMENT] Found 555 unsettled predictions in DB
[SETTLEMENT] No unsettled bets found in DB
[SETTLEMENT] Found 575 unsettled predictions in DB
[SETTLEMENT] No unsettled bets found in DB
[SETTLEMENT] Found 525 unsettled predictions in DB
[SETTLEMENT] No unsettled bets found in DB
[SETTLEMENT] Found 435 unsettled predictions in DB
[SETTLEMENT] No unsettled bets found in DB
[SETTLEMENT] Found 515 unsettled predictions in DB
[SETTLEMENT] No unsettled bets found in DB
[SETTLEMENT] Found 595 unsettled predictions in DB
[SETTLEMENT] No unsettled bets found in DB
[SETTLEMENT] Found 435 unsettled predictions in DB
[SETTLEMENT] No unsettled bets found in DB
[SETTLEMENT] Found 517 unsettled predictions in DB
[SETTLEMENT] No unsettled bets found in DB
[SETTLEMENT] Found 638 unsettled predictions in DB
[SETTLEMENT] No unsettled bets found in DB
[SETTLEMENT] Found 599 unsettled predictions in DB
[SETTLEMENT] No unsettled bets found in DB
[SETTLEMENT] Found 515 unsettled predictions in DB
[SETTLEMENT] No unsettled bets found in DB
[SETTLEMENT] Found 475 unsettled predictions in DB
[SETTLEMENT] No unsettled bets found in DB
[SETTLEMENT] Found 435 unsettled predictions in DB
[SETTLEMENT] No unsettled bets found in DB
[SETTLEMENT] Found 475 unsettled predictions in DB
[SETTLEMENT] No unsettled bets found in DB
[SETTLEMENT] Found 595 unsettled predictions in DB
[SETTLEMENT] No unsettled bets found in DB
[SETTLEMENT] Found 395 unsettled predictions in DB
[SETTLEMENT] No unsettled bets found in DB
[SETTLEMENT] Found 595 unsettled predictions in DB
[SETTLEMENT] No unsettled bets found in DB
[SETTLEMENT] Found 595 unsettled predictions in DB
[SETTLEMENT] No unsettled bets found in DB
[SETTLEMENT] Found 395 unsettled predictions in DB
[SETTLEMENT] No unsettled bets found in DB
[SETTLEMENT] Found 595 unsettled predictions in DB
[SETTLEMENT] No unsettled bets found in DB
[SETTLEMENT] Found 435 unsettled predictions in DB
[SETTLEMENT] No unsettled bets found in DB
[SETTLEMENT] Found 555 unsettled predictions in DB
[SETTLEMENT] No unsettled bets found in DB
[SETTLEMENT] Found 515 unsettled predictions in DB
[SETTLEMENT] No unsettled bets found in DB
[SETTLEMENT] Found 595 unsettled predictions in DB
[SETTLEMENT] No unsettled bets found in DB
[SETTLEMENT] Found 435 unsettled predictions in DB
[SETTLEMENT] No unsettled bets found in DB
[SETTLEMENT] Found 475 unsettled predictions in DB
[SETTLEMENT] No unsettled bets found in DB
[SETTLEMENT] Found 435 unsettled predictions in DB
[SETTLEMENT] No unsettled bets found in DB
[SETTLEMENT] Found 395 unsettled predictions in DB
[SETTLEMENT] No unsettled bets found in DB
[SETTLEMENT] Found 595 unsettled predictions in DB
[SETTLEMENT] No unsettled bets found in DB
[SETTLEMENT] Found 435 unsettled predictions in DB
[SETTLEMENT] No unsettled bets found in DB
[SETTLEMENT] Found 555 unsettled predictions in DB
[SETTLEMENT] No unsettled bets found in DB
[SETTLEMENT] Found 465 unsettled predictions in DB
[SETTLEMENT] No unsettled bets found in DB
[SETTLEMENT] Found 580 unsettled predictions in DB
[SETTLEMENT] No unsettled bets found in DB
[SETTLEMENT] Found 495 unsettled predictions in DB
[SETTLEMENT] No unsettled bets found in DB
[SETTLEMENT] Found 555 unsettled predictions in DB
[SETTLEMENT] No unsettled bets found in DB
[SETTLEMENT] Found 675 unsettled predictions in DB
[SETTLEMENT] No unsettled bets found in DB
[SETTLEMENT] Found 555 unsettled predictions in DB
[SETTLEMENT] No unsettled bets found in DB
[SETTLEMENT] Found 675 unsettled predictions in DB
[SETTLEMENT] No unsettled bets found in DB
[SETTLEMENT] Found 635 unsettled predictions in DB
[SETTLEMENT] No unsettled bets found in DB
[SETTLEMENT] Found 595 unsettled predictions in DB
[SETTLEMENT] No unsettled bets found in DB
[SETTLEMENT] Found 515 unsettled predictions in DB
[SETTLEMENT] No unsettled bets found in DB
[SETTLEMENT] Found 475 unsettled predictions in DB
[SETTLEMENT] No unsettled bets found in DB
[SETTLEMENT] Found 596 unsettled predictions in DB
[SETTLEMENT] No unsettled bets found in DB
[SETTLEMENT] Found 518 unsettled predictions in DB
[SETTLEMENT] No unsettled bets found in DB
[SETTLEMENT] Found 639 unsettled predictions in DB
[SETTLEMENT] No unsettled bets found in DB
[SETTLEMENT] Found 595 unsettled predictions in DB
[SETTLEMENT] No unsettled bets found in DB
[SETTLEMENT] Found 555 unsettled predictions in DB
[SETTLEMENT] No unsettled bets found in DB
[SETTLEMENT] Found 475 unsettled predictions in DB
[SETTLEMENT] No unsettled bets found in DB
[SETTLEMENT] Found 435 unsettled predictions in DB
[SETTLEMENT] No unsettled bets found in DB
[SETTLEMENT] Found 515 unsettled predictions in DB
[SETTLEMENT] No unsettled bets found in DB
[SETTLEMENT] Found 475 unsettled predictions in DB
[SETTLEMENT] No unsettled bets found in DB
[SETTLEMENT] Found 595 unsettled predictions in DB
[SETTLEMENT] No unsettled bets found in DB
[SETTLEMENT] Found 395 unsettled predictions in DB
[SETTLEMENT] No unsettled bets found in DB
[SETTLEMENT] Found 595 unsettled predictions in DB
[SETTLEMENT] No unsettled bets found in DB
[SETTLEMENT] Found 429 unsettled predictions in DB
[SETTLEMENT] No unsettled bets found in DB
[SETTLEMENT] Found 549 unsettled predictions in DB
[SETTLEMENT] No unsettled bets found in DB
[SETTLEMENT] Found 469 unsettled predictions in DB
[SETTLEMENT] No unsettled bets found in DB
[SETTLEMENT] Found 429 unsettled predictions in DB
[SETTLEMENT] No unsettled bets found in DB
[SETTLEMENT] Found 389 unsettled predictions in DB
[SETTLEMENT] No unsettled bets found in DB
[SETTLEMENT] Found 629 unsettled predictions in DB
[SETTLEMENT] No unsettled bets found in DB
[SETTLEMENT] Found 589 unsettled predictions in DB
[SETTLEMENT] No unsettled bets found in DB
[SETTLEMENT] Found 502 unsettled predictions in DB
[SETTLEMENT] No unsettled bets found in DB
[SETTLEMENT] Found 622 unsettled predictions in DB
[SETTLEMENT] No unsettled bets found in DB
[SETTLEMENT] Found 422 unsettled predictions in DB
[SETTLEMENT] No unsettled bets found in DB
[SETTLEMENT] Found 502 unsettled predictions in DB
[SETTLEMENT] No unsettled bets found in DB
[SETTLEMENT] Found 662 unsettled predictions in DB
[SETTLEMENT] No unsettled bets found in DB
[SETTLEMENT] Found 622 unsettled predictions in DB
[SETTLEMENT] No unsettled bets found in DB
[SETTLEMENT] Found 382 unsettled predictions in DB
[SETTLEMENT] No unsettled bets found in DB
[SETTLEMENT] Found 582 unsettled predictions in DB
[SETTLEMENT] No unsettled bets found in DB
[SETTLEMENT] Found 422 unsettled predictions in DB
[SETTLEMENT] No unsettled bets found in DB
[SETTLEMENT] Found 542 unsettled predictions in DB
[SETTLEMENT] No unsettled bets found in DB
[SETTLEMENT] Found 462 unsettled predictions in DB
[SETTLEMENT] No unsettled bets found in DB
[SETTLEMENT] Found 582 unsettled predictions in DB
[SETTLEMENT] No unsettled bets found in DB
[SETTLEMENT] Found 542 unsettled predictions in DB
[SETTLEMENT] No unsettled bets found in DB
[SETTLEMENT] Found 582 unsettled predictions in DB
[SETTLEMENT] No unsettled bets found in DB
[SETTLEMENT] Found 422 unsettled predictions in DB
[SETTLEMENT] No unsettled bets found in DB
[SETTLEMENT] Found 662 unsettled predictions in DB
[SETTLEMENT] No unsettled bets found in DB
[SETTLEMENT] Found 462 unsettled predictions in DB
[SETTLEMENT] No unsettled bets found in DB
[SETTLEMENT] Found 582 unsettled predictions in DB
[SETTLEMENT] No unsettled bets found in DB
[SETTLEMENT] Found 382 unsettled predictions in DB
[SETTLEMENT] No unsettled bets found in DB
[SETTLEMENT] Found 462 unsettled predictions in DB
[SETTLEMENT] No unsettled bets found in DB
[SETTLEMENT] Found 422 unsettled predictions in DB
[SETTLEMENT] No unsettled bets found in DB
[SETTLEMENT] Found 502 unsettled predictions in DB
[SETTLEMENT] No unsettled bets found in DB
[SETTLEMENT] Found 622 unsettled predictions in DB
[SETTLEMENT] No unsettled bets found in DB
[SETTLEMENT] Found 422 unsettled predictions in DB
[SETTLEMENT] No unsettled bets found in DB
[SETTLEMENT] Found 503 unsettled predictions in DB
[SETTLEMENT] No unsettled bets found in DB
[SETTLEMENT] Found 464 unsettled predictions in DB
[SETTLEMENT] No unsettled bets found in DB
[SETTLEMENT] Found 585 unsettled predictions in DB
[SETTLEMENT] No unsettled bets found in DB
[SETTLEMENT] Found 502 unsettled predictions in DB
[SETTLEMENT] No unsettled bets found in DB
[SETTLEMENT] Found 462 unsettled predictions in DB
[SETTLEMENT] No unsettled bets found in DB
[SETTLEMENT] Found 582 unsettled predictions in DB
[SETTLEMENT] No unsettled bets found in DB
[SETTLEMENT] Found 502 unsettled predictions in DB
[SETTLEMENT] No unsettled bets found in DB
[SETTLEMENT] Found 622 unsettled predictions in DB
[SETTLEMENT] No unsettled bets found in DB
[SETTLEMENT] Found 422 unsettled predictions in DB
[SETTLEMENT] No unsettled bets found in DB
[SETTLEMENT] Found 382 unsettled predictions in DB
[SETTLEMENT] No unsettled bets found in DB
[SETTLEMENT] Found 542 unsettled predictions in DB
[SETTLEMENT] No unsettled bets found in DB
[SETTLEMENT] Found 461 unsettled predictions in DB
[SETTLEMENT] No unsettled bets found in DB
[SETTLEMENT] Found 581 unsettled predictions in DB
[SETTLEMENT] No unsettled bets found in DB
[SETTLEMENT] Found 580 unsettled predictions in DB
[SETTLEMENT] No unsettled bets found in DB
[SETTLEMENT] Found 419 unsettled predictions in DB
[SETTLEMENT] No unsettled bets found in DB
[SETTLEMENT] Found 379 unsettled predictions in DB
[SETTLEMENT] No unsettled bets found in DB
[SETTLEMENT] Found 578 unsettled predictions in DB
[SETTLEMENT] No unsettled bets found in DB
[SETTLEMENT] Found 578 unsettled predictions in DB
[SETTLEMENT] No unsettled bets found in DB
[SETTLEMENT] Found 378 unsettled predictions in DB
[SETTLEMENT] No unsettled bets found in DB
[SETTLEMENT] Found 458 unsettled predictions in DB
[SETTLEMENT] No unsettled bets found in DB
[SETTLEMENT] Found 418 unsettled predictions in DB
[SETTLEMENT] No unsettled bets found in DB
[SETTLEMENT] Found 378 unsettled predictions in DB
[SETTLEMENT] No unsettled bets found in DB
[SETTLEMENT] Found 580 unsettled predictions in DB
[SETTLEMENT] No unsettled bets found in DB
[SETTLEMENT] Found 421 unsettled predictions in DB
[SETTLEMENT] No unsettled bets found in DB
[SETTLEMENT] Found 542 unsettled predictions in DB
[SETTLEMENT] No unsettled bets found in DB
[SETTLEMENT] Found 458 unsettled predictions in DB
[SETTLEMENT] No unsettled bets found in DB
[SETTLEMENT] Found 578 unsettled predictions in DB
[SETTLEMENT] No unsettled bets found in DB
[SETTLEMENT] Found 378 unsettled predictions in DB
[SETTLEMENT] No unsettled bets found in DB
[SETTLEMENT] Found 618 unsettled predictions in DB
[SETTLEMENT] No unsettled bets found in DB
[SETTLEMENT] Found 578 unsettled predictions in DB
[SETTLEMENT] No unsettled bets found in DB
[SETTLEMENT] Found 498 unsettled predictions in DB
[SETTLEMENT] No unsettled bets found in DB
[SETTLEMENT] Found 458 unsettled predictions in DB
[SETTLEMENT] No unsettled bets found in DB
[SETTLEMENT] Found 418 unsettled predictions in DB
[SETTLEMENT] No unsettled bets found in DB
[SETTLEMENT] Found 498 unsettled predictions in DB
[SETTLEMENT] No unsettled bets found in DB
[SETTLEMENT] Found 618 unsettled predictions in DB
[SETTLEMENT] No unsettled bets found in DB
[SETTLEMENT] Found 578 unsettled predictions in DB
[SETTLEMENT] No unsettled bets found in DB
[SETTLEMENT] Found 618 unsettled predictions in DB
[SETTLEMENT] No unsettled bets found in DB
[SETTLEMENT] Found 418 unsettled predictions in DB
[SETTLEMENT] No unsettled bets found in DB
[SETTLEMENT] Found 378 unsettled predictions in DB
[SETTLEMENT] No unsettled bets found in DB
[SETTLEMENT] Found 578 unsettled predictions in DB
[SETTLEMENT] No unsettled bets found in DB
[SETTLEMENT] Found 413 unsettled predictions in DB
[SETTLEMENT] No unsettled bets found in DB
[SETTLEMENT] Found 488 unsettled predictions in DB
[SETTLEMENT] No unsettled bets found in DB
[SETTLEMENT] Found 563 unsettled predictions in DB
[SETTLEMENT] No unsettled bets found in DB
[SETTLEMENT] Found 603 unsettled predictions in DB
[SETTLEMENT] No unsettled bets found in DB
[SETTLEMENT] Found 418 unsettled predictions in DB
[SETTLEMENT] No unsettled bets found in DB
[SETTLEMENT] Found 498 unsettled predictions in DB
[SETTLEMENT] No unsettled bets found in DB
[SETTLEMENT] Found 618 unsettled predictions in DB
[SETTLEMENT] No unsettled bets found in DB
[SETTLEMENT] Found 418 unsettled predictions in DB
[SETTLEMENT] No unsettled bets found in DB
[SETTLEMENT] Found 658 unsettled predictions in DB
[SETTLEMENT] No unsettled bets found in DB
[SETTLEMENT] Found 458 unsettled predictions in DB
[SETTLEMENT] No unsettled bets found in DB
[SETTLEMENT] Found 418 unsettled predictions in DB
[SETTLEMENT] No unsettled bets found in DB
[SETTLEMENT] Found 498 unsettled predictions in DB
[SETTLEMENT] No unsettled bets found in DB
[SETTLEMENT] Found 458 unsettled predictions in DB
[SETTLEMENT] No unsettled bets found in DB
[SETTLEMENT] Found 578 unsettled predictions in DB
[SETTLEMENT] No unsettled bets found in DB
[SETTLEMENT] Found 498 unsettled predictions in DB
[SETTLEMENT] No unsettled bets found in DB
[SETTLEMENT] Found 618 unsettled predictions in DB
[SETTLEMENT] No unsettled bets found in DB
[SETTLEMENT] Found 418 unsettled predictions in DB
[SETTLEMENT] No unsettled bets found in DB
[SETTLEMENT] Found 658 unsettled predictions in DB
[SETTLEMENT] No unsettled bets found in DB
[SETTLEMENT] Found 456 unsettled predictions in DB
[SETTLEMENT] No unsettled bets found in DB
[SETTLEMENT] Found 417 unsettled predictions in DB
[SETTLEMENT] No unsettled bets found in DB
[SETTLEMENT] Found 619 unsettled predictions in DB
[SETTLEMENT] No unsettled bets found in DB
[SETTLEMENT] Found 416 unsettled predictions in DB
[SETTLEMENT] No unsettled bets found in DB
[SETTLEMENT] Found 376 unsettled predictions in DB
[SETTLEMENT] No unsettled bets found in DB
[SETTLEMENT] Found 576 unsettled predictions in DB
[SETTLEMENT] No unsettled bets found in DB
[SETTLEMENT] Found 576 unsettled predictions in DB
[SETTLEMENT] No unsettled bets found in DB
[SETTLEMENT] Found 576 unsettled predictions in DB
[SETTLEMENT] No unsettled bets found in DB
[SETTLEMENT] Found 636 unsettled predictions in DB
[SETTLEMENT] No unsettled bets found in DB
[SETTLEMENT] Found 596 unsettled predictions in DB
[SETTLEMENT] No unsettled bets found in DB
[SETTLEMENT] Found 396 unsettled predictions in DB
[SETTLEMENT] No unsettled bets found in DB
[SETTLEMENT] Found 596 unsettled predictions in DB
[SETTLEMENT] No unsettled bets found in DB
[SETTLEMENT] Found 411 unsettled predictions in DB
[SETTLEMENT] No unsettled bets found in DB
[SETTLEMENT] Found 526 unsettled predictions in DB
[SETTLEMENT] No unsettled bets found in DB
[SETTLEMENT] Found 561 unsettled predictions in DB
[SETTLEMENT] No unsettled bets found in DB
[SETTLEMENT] Found 626 unsettled predictions in DB
[SETTLEMENT] No unsettled bets found in DB
[SETTLEMENT] Found 606 unsettled predictions in DB
[SETTLEMENT] No unsettled bets found in DB
[SETTLEMENT] Found 496 unsettled predictions in DB
[SETTLEMENT] No unsettled bets found in DB
[SETTLEMENT] Found 456 unsettled predictions in DB
[SETTLEMENT] No unsettled bets found in DB
[SETTLEMENT] Found 416 unsettled predictions in DB
[SETTLEMENT] No unsettled bets found in DB
[SETTLEMENT] Found 458 unsettled predictions in DB
[SETTLEMENT] No unsettled bets found in DB
[SETTLEMENT] Found 579 unsettled predictions in DB
[SETTLEMENT] No unsettled bets found in DB
[SETTLEMENT] Found 540 unsettled predictions in DB
[SETTLEMENT] No unsettled bets found in DB
[SETTLEMENT] Found 496 unsettled predictions in DB
[SETTLEMENT] No unsettled bets found in DB
[SETTLEMENT] Found 456 unsettled predictions in DB
[SETTLEMENT] No unsettled bets found in DB
[SETTLEMENT] Found 416 unsettled predictions in DB
[SETTLEMENT] No unsettled bets found in DB
[SETTLEMENT] Found 496 unsettled predictions in DB
[SETTLEMENT] No unsettled bets found in DB
[SETTLEMENT] Found 456 unsettled predictions in DB
[SETTLEMENT] No unsettled bets found in DB
[SETTLEMENT] Found 416 unsettled predictions in DB
[SETTLEMENT] No unsettled bets found in DB
[SETTLEMENT] Found 496 unsettled predictions in DB
[SETTLEMENT] No unsettled bets found in DB
[SETTLEMENT] Found 456 unsettled predictions in DB
[SETTLEMENT] No unsettled bets found in DB
[SETTLEMENT] Found 576 unsettled predictions in DB
[SETTLEMENT] No unsettled bets found in DB
[SETTLEMENT] Found 496 unsettled predictions in DB
[SETTLEMENT] No unsettled bets found in DB
[SETTLEMENT] Found 616 unsettled predictions in DB
[SETTLEMENT] No unsettled bets found in DB
[SETTLEMENT] Found 416 unsettled predictions in DB
[SETTLEMENT] No unsettled bets found in DB
[SETTLEMENT] Found 656 unsettled predictions in DB
[SETTLEMENT] No unsettled bets found in DB
[SETTLEMENT] Found 456 unsettled predictions in DB
[SETTLEMENT] No unsettled bets found in DB
[SETTLEMENT] Found 416 unsettled predictions in DB
[SETTLEMENT] No unsettled bets found in DB
[SETTLEMENT] Found 376 unsettled predictions in DB
[SETTLEMENT] No unsettled bets found in DB
[SETTLEMENT] Found 456 unsettled predictions in DB
[SETTLEMENT] No unsettled bets found in DB
[SETTLEMENT] Found 416 unsettled predictions in DB
[SETTLEMENT] No unsettled bets found in DB
[SETTLEMENT] Found 496 unsettled predictions in DB
[SETTLEMENT] No unsettled bets found in DB
[SETTLEMENT] Found 576 unsettled predictions in DB
[SETTLEMENT] No unsettled bets found in DB
[SETTLEMENT] Found 576 unsettled predictions in DB
[SETTLEMENT] No unsettled bets found in DB
[SETTLEMENT] Found 611 unsettled predictions in DB
[SETTLEMENT] No unsettled bets found in DB
[SETTLEMENT] Found 521 unsettled predictions in DB
[SETTLEMENT] No unsettled bets found in DB
[SETTLEMENT] Found 436 unsettled predictions in DB
[SETTLEMENT] No unsettled bets found in DB
[SETTLEMENT] Found 556 unsettled predictions in DB
[SETTLEMENT] No unsettled bets found in DB
[SETTLEMENT] Found 576 unsettled predictions in DB
[SETTLEMENT] No unsettled bets found in DB
[SETTLEMENT] Found 416 unsettled predictions in DB
[SETTLEMENT] No unsettled bets found in DB
[SETTLEMENT] Found 536 unsettled predictions in DB
[SETTLEMENT] No unsettled bets found in DB
[SETTLEMENT] Found 458 unsettled predictions in DB
[SETTLEMENT] No unsettled bets found in DB
[SETTLEMENT] Found 419 unsettled predictions in DB
[SETTLEMENT] No unsettled bets found in DB
[SETTLEMENT] Found 376 unsettled predictions in DB
[SETTLEMENT] No unsettled bets found in DB
[SETTLEMENT] Found 456 unsettled predictions in DB
[SETTLEMENT] No unsettled bets found in DB
[SETTLEMENT] Found 576 unsettled predictions in DB
[SETTLEMENT] Found 1 unsettled bets in DB
[SETTLEMENT] Results not available yet for VFLM 5283 MD 13
[SETTLEMENT] Found 376 unsettled predictions in DB
[SETTLEMENT] Found 1 unsettled bets in DB
[SETTLEMENT] Results not available yet for VFLM 5283 MD 13
[SETTLEMENT] Found 616 unsettled predictions in DB
[SETTLEMENT] Found 2 unsettled bets in DB
[SETTLEMENT] Results not available yet for VFLM 5283 MD 14
[SETTLEMENT] Found 576 unsettled predictions in DB
[SETTLEMENT] Found 1 unsettled bets in DB
[SETTLEMENT] Found 536 unsettled predictions in DB
[SETTLEMENT] No unsettled bets found in DB
[SETTLEMENT] Found 576 unsettled predictions in DB
[SETTLEMENT] Found 1 unsettled bets in DB
[SETTLEMENT] Results not available yet for VFLM 5283 MD 17
[SETTLEMENT] Found 416 unsettled predictions in DB
[SETTLEMENT] Found 1 unsettled bets in DB
[SETTLEMENT] Results not available yet for VFLM 5283 MD 19
[SETTLEMENT] Found 376 unsettled predictions in DB
[SETTLEMENT] Found 2 unsettled bets in DB
[SETTLEMENT] Results not available yet for VFLM 5283 MD 19
[SETTLEMENT] Found 456 unsettled predictions in DB
[SETTLEMENT] Found 3 unsettled bets in DB
[SETTLEMENT] Results not available yet for VFLM 5283 MD 21
[SETTLEMENT] Found 576 unsettled predictions in DB
[SETTLEMENT] Found 2 unsettled bets in DB
[SETTLEMENT] Results not available yet for VFLM 5283 MD 21
[SETTLEMENT] Found 584 unsettled predictions in DB
[SETTLEMENT] Found 3 unsettled bets in DB
[SETTLEMENT] Results not available yet for VFLM 5283 MD 23
[SETTLEMENT] Found 688 unsettled predictions in DB
[SETTLEMENT] Found 2 unsettled bets in DB
[SETTLEMENT] Results not available yet for VFLM 5283 MD 23
[SETTLEMENT] Found 704 unsettled predictions in DB
[SETTLEMENT] Found 3 unsettled bets in DB
[SETTLEMENT] Results not available yet for VFLM 5283 MD 24
[SETTLEMENT] Found 648 unsettled predictions in DB
[SETTLEMENT] Found 1 unsettled bets in DB
[SETTLEMENT] Found 704 unsettled predictions in DB
[SETTLEMENT] Found 1 unsettled bets in DB
[SETTLEMENT] Results not available yet for VFLM 5283 MD 27
[SETTLEMENT] Found 480 unsettled predictions in DB
[SETTLEMENT] Found 2 unsettled bets in DB
[SETTLEMENT] Results not available yet for VFLM 5283 MD 27
[SETTLEMENT] Found 648 unsettled predictions in DB
[SETTLEMENT] Found 2 unsettled bets in DB
[SETTLEMENT] Found 704 unsettled predictions in DB
[SETTLEMENT] Found 1 unsettled bets in DB
[SETTLEMENT] Results not available yet for VFLM 5283 MD 29
[SETTLEMENT] Found 704 unsettled predictions in DB
[SETTLEMENT] Found 1 unsettled bets in DB
[SETTLEMENT] Results not available yet for VFLM 5283 MD 30
[SETTLEMENT] Found 414 unsettled predictions in DB
[SETTLEMENT] Found 1 unsettled bets in DB
[SETTLEMENT] Found 678 unsettled predictions in DB
[SETTLEMENT] Found 1 unsettled bets in DB
[SETTLEMENT] Results not available yet for VFLM 5284 MD 2
[SETTLEMENT] Found 614 unsettled predictions in DB
[SETTLEMENT] Found 2 unsettled bets in DB
[SETTLEMENT] Results not available yet for VFLM 5284 MD 2
[SETTLEMENT] Found 518 unsettled predictions in DB
[SETTLEMENT] Found 1 unsettled bets in DB
[SETTLEMENT] Results not available yet for VFLM 5284 MD 4
[SETTLEMENT] Found 508 unsettled predictions in DB
[SETTLEMENT] Found 2 unsettled bets in DB
[SETTLEMENT] Results not available yet for VFLM 5284 MD 4
[SETTLEMENT] Results not available yet for VFLM 5284 MD 5
[SETTLEMENT] Found 661 unsettled predictions in DB
[SETTLEMENT] Found 2 unsettled bets in DB
[SETTLEMENT] Results not available yet for VFLM 5284 MD 5
[SETTLEMENT] Results not available yet for VFLM 5284 MD 6
[SETTLEMENT] Found 407 unsettled predictions in DB
[SETTLEMENT] Found 3 unsettled bets in DB
[SETTLEMENT] Results not available yet for VFLM 5284 MD 6
[SETTLEMENT] Results not available yet for VFLM 5284 MD 7
[SETTLEMENT] Found 673 unsettled predictions in DB
[SETTLEMENT] Found 1 unsettled bets in DB
[SETTLEMENT] Results not available yet for VFLM 5284 MD 7
[SETTLEMENT] Found 512 unsettled predictions in DB
[SETTLEMENT] Found 2 unsettled bets in DB
[SETTLEMENT] Results not available yet for VFLM 5284 MD 9
[SETTLEMENT] Found 667 unsettled predictions in DB
[SETTLEMENT] Found 2 unsettled bets in DB
[SETTLEMENT] Results not available yet for VFLM 5284 MD 9
[SETTLEMENT] Results not available yet for VFLM 5284 MD 10
[SETTLEMENT] Found 569 unsettled predictions in DB
[SETTLEMENT] Found 2 unsettled bets in DB
[SETTLEMENT] Results not available yet for VFLM 5284 MD 10
[SETTLEMENT] Found 525 unsettled predictions in DB
[SETTLEMENT] Found 3 unsettled bets in DB
[SETTLEMENT] Results not available yet for VFLM 5284 MD 12
[SETTLEMENT] Found 689 unsettled predictions in DB
[SETTLEMENT] Found 2 unsettled bets in DB
[SETTLEMENT] Results not available yet for VFLM 5284 MD 12
[SETTLEMENT] Found 569 unsettled predictions in DB
[SETTLEMENT] Found 3 unsettled bets in DB
[SETTLEMENT] Results not available yet for VFLM 5284 MD 14
[SETTLEMENT] Found 725 unsettled predictions in DB
[SETTLEMENT] Found 2 unsettled bets in DB
[SETTLEMENT] Results not available yet for VFLM 5284 MD 14
[SETTLEMENT] Found 455 unsettled predictions in DB
[SETTLEMENT] Found 1 unsettled bets in DB
[SETTLEMENT] Results not available yet for VFLM 5284 MD 16
[SETTLEMENT] Found 509 unsettled predictions in DB
[SETTLEMENT] Found 2 unsettled bets in DB
[SETTLEMENT] Results not available yet for VFLM 5284 MD 17
[SETTLEMENT] Results not available yet for VFLM 5284 MD 16
[SETTLEMENT] Found 453 unsettled predictions in DB
[SETTLEMENT] Found 2 unsettled bets in DB
[SETTLEMENT] Results not available yet for VFLM 5284 MD 17
[SETTLEMENT] Found 413 unsettled predictions in DB
[SETTLEMENT] Found 2 unsettled bets in DB
[SETTLEMENT] Found 623 unsettled predictions in DB
[SETTLEMENT] No unsettled bets found in DB
[SETTLEMENT] Found 459 unsettled predictions in DB
[SETTLEMENT] No unsettled bets found in DB
[SETTLEMENT] Found 616 unsettled predictions in DB
[SETTLEMENT] No unsettled bets found in DB
[SETTLEMENT] Found 520 unsettled predictions in DB
[SETTLEMENT] No unsettled bets found in DB
[SETTLEMENT] Found 680 unsettled predictions in DB
[SETTLEMENT] No unsettled bets found in DB
[SETTLEMENT] Found 411 unsettled predictions in DB
[SETTLEMENT] No unsettled bets found in DB
[SETTLEMENT] Found 678 unsettled predictions in DB
[SETTLEMENT] No unsettled bets found in DB
[SETTLEMENT] Found 679 unsettled predictions in DB
[SETTLEMENT] No unsettled bets found in DB
[SETTLEMENT] Found 410 unsettled predictions in DB
[SETTLEMENT] No unsettled bets found in DB
[SETTLEMENT] Found 671 unsettled predictions in DB
[SETTLEMENT] No unsettled bets found in DB
[SETTLEMENT] Found 667 unsettled predictions in DB
[SETTLEMENT] No unsettled bets found in DB
[SETTLEMENT] Found 613 unsettled predictions in DB
[SETTLEMENT] No unsettled bets found in DB
[SETTLEMENT] Found 505 unsettled predictions in DB
[SETTLEMENT] No unsettled bets found in DB
[SETTLEMENT] Found 659 unsettled predictions in DB
[SETTLEMENT] No unsettled bets found in DB
[SETTLEMENT] Found 558 unsettled predictions in DB
[SETTLEMENT] No unsettled bets found in DB
[SETTLEMENT] Found 618 unsettled predictions in DB
[SETTLEMENT] No unsettled bets found in DB
[SETTLEMENT] Found 774 unsettled predictions in DB
[SETTLEMENT] No unsettled bets found in DB
[SETTLEMENT] Found 665 unsettled predictions in DB
[SETTLEMENT] No unsettled bets found in DB
[SETTLEMENT] Found 778 unsettled predictions in DB
[SETTLEMENT] No unsettled bets found in DB
[SETTLEMENT] Found 728 unsettled predictions in DB
[SETTLEMENT] No unsettled bets found in DB
[SETTLEMENT] Found 458 unsettled predictions in DB
[SETTLEMENT] No unsettled bets found in DB
[SETTLEMENT] Found 567 unsettled predictions in DB
[SETTLEMENT] No unsettled bets found in DB
[SETTLEMENT] Found 725 unsettled predictions in DB
[SETTLEMENT] No unsettled bets found in DB
[SETTLEMENT] Found 672 unsettled predictions in DB
[SETTLEMENT] No unsettled bets found in DB
[SETTLEMENT] Found 520 unsettled predictions in DB
[SETTLEMENT] No unsettled bets found in DB
[SETTLEMENT] Found 625 unsettled predictions in DB
[SETTLEMENT] No unsettled bets found in DB
[SETTLEMENT] Found 412 unsettled predictions in DB
[SETTLEMENT] No unsettled bets found in DB
[SETTLEMENT] Found 678 unsettled predictions in DB
[SETTLEMENT] No unsettled bets found in DB
[SETTLEMENT] Found 455 unsettled predictions in DB
[SETTLEMENT] No unsettled bets found in DB
[SETTLEMENT] Found 609 unsettled predictions in DB
[SETTLEMENT] No unsettled bets found in DB
[SETTLEMENT] Found 717 unsettled predictions in DB
[SETTLEMENT] No unsettled bets found in DB
[SETTLEMENT] Found 724 unsettled predictions in DB
[SETTLEMENT] No unsettled bets found in DB
[SETTLEMENT] Found 668 unsettled predictions in DB
[SETTLEMENT] No unsettled bets found in DB
[SETTLEMENT] Found 720 unsettled predictions in DB
[SETTLEMENT] No unsettled bets found in DB
[SETTLEMENT] Found 460 unsettled predictions in DB
[SETTLEMENT] No unsettled bets found in DB
[SETTLEMENT] Found 409 unsettled predictions in DB
[SETTLEMENT] No unsettled bets found in DB
[SETTLEMENT] Found 667 unsettled predictions in DB
[SETTLEMENT] No unsettled bets found in DB
[SETTLEMENT] Found 455 unsettled predictions in DB
[SETTLEMENT] No unsettled bets found in DB
[SETTLEMENT] Found 410 unsettled predictions in DB
[SETTLEMENT] No unsettled bets found in DB
[SETTLEMENT] Found 671 unsettled predictions in DB
[SETTLEMENT] No unsettled bets found in DB
[SETTLEMENT] Found 461 unsettled predictions in DB
[SETTLEMENT] No unsettled bets found in DB
[SETTLEMENT] Found 622 unsettled predictions in DB
[SETTLEMENT] No unsettled bets found in DB
[SETTLEMENT] Found 679 unsettled predictions in DB
[SETTLEMENT] No unsettled bets found in DB
[SETTLEMENT] Found 678 unsettled predictions in DB
[SETTLEMENT] No unsettled bets found in DB
[SETTLEMENT] Found 407 unsettled predictions in DB
[SETTLEMENT] No unsettled bets found in DB
[SETTLEMENT] Found 658 unsettled predictions in DB
[SETTLEMENT] No unsettled bets found in DB
[SETTLEMENT] Found 754 unsettled predictions in DB
[SETTLEMENT] No unsettled bets found in DB
[SETTLEMENT] Found 702 unsettled predictions in DB
[SETTLEMENT] No unsettled bets found in DB
[SETTLEMENT] Found 763 unsettled predictions in DB
[SETTLEMENT] No unsettled bets found in DB
[SETTLEMENT] Found 515 unsettled predictions in DB
[SETTLEMENT] No unsettled bets found in DB
[SETTLEMENT] Found 673 unsettled predictions in DB
[SETTLEMENT] No unsettled bets found in DB
[SETTLEMENT] Found 555 unsettled predictions in DB
[SETTLEMENT] No unsettled bets found in DB
[SETTLEMENT] Found 500 unsettled predictions in DB
[SETTLEMENT] No unsettled bets found in DB
[SETTLEMENT] Found 448 unsettled predictions in DB
[SETTLEMENT] No unsettled bets found in DB
[SETTLEMENT] Found 712 unsettled predictions in DB
[SETTLEMENT] No unsettled bets found in DB
[SETTLEMENT] Found 676 unsettled predictions in DB
[SETTLEMENT] No unsettled bets found in DB
[SETTLEMENT] Found 630 unsettled predictions in DB
[SETTLEMENT] No unsettled bets found in DB
[SETTLEMENT] Found 520 unsettled predictions in DB
[SETTLEMENT] No unsettled bets found in DB
[SETTLEMENT] Found 460 unsettled predictions in DB
[SETTLEMENT] No unsettled bets found in DB
[SETTLEMENT] Found 404 unsettled predictions in DB
[SETTLEMENT] No unsettled bets found in DB
[SETTLEMENT] Found 614 unsettled predictions in DB
[SETTLEMENT] No unsettled bets found in DB
[SETTLEMENT] Found 672 unsettled predictions in DB
[SETTLEMENT] No unsettled bets found in DB
[SETTLEMENT] Found 610 unsettled predictions in DB
[SETTLEMENT] No unsettled bets found in DB
[SETTLEMENT] Found 514 unsettled predictions in DB
[SETTLEMENT] No unsettled bets found in DB
[SETTLEMENT] Found 672 unsettled predictions in DB
[SETTLEMENT] No unsettled bets found in DB
[SETTLEMENT] Found 410 unsettled predictions in DB
[SETTLEMENT] No unsettled bets found in DB
[SETTLEMENT] Found 510 unsettled predictions in DB
[SETTLEMENT] No unsettled bets found in DB
[SETTLEMENT] Found 457 unsettled predictions in DB
[SETTLEMENT] No unsettled bets found in DB
[SETTLEMENT] Found 409 unsettled predictions in DB
[SETTLEMENT] No unsettled bets found in DB
[SETTLEMENT] Found 621 unsettled predictions in DB
[SETTLEMENT] No unsettled bets found in DB
[SETTLEMENT] Found 465 unsettled predictions in DB
[SETTLEMENT] No unsettled bets found in DB
[SETTLEMENT] Found 413 unsettled predictions in DB
[SETTLEMENT] No unsettled bets found in DB
[SETTLEMENT] Found 519 unsettled predictions in DB
[SETTLEMENT] No unsettled bets found in DB
[SETTLEMENT] Found 462 unsettled predictions in DB
[SETTLEMENT] No unsettled bets found in DB
[SETTLEMENT] Found 609 unsettled predictions in DB
[SETTLEMENT] No unsettled bets found in DB
[SETTLEMENT] Found 481 unsettled predictions in DB
[SETTLEMENT] No unsettled bets found in DB
[SETTLEMENT] Found 573 unsettled predictions in DB
[SETTLEMENT] No unsettled bets found in DB
[SETTLEMENT] Found 673 unsettled predictions in DB
[SETTLEMENT] No unsettled bets found in DB
[SETTLEMENT] Found 758 unsettled predictions in DB
[SETTLEMENT] No unsettled bets found in DB
[SETTLEMENT] Found 517 unsettled predictions in DB
[SETTLEMENT] No unsettled bets found in DB
[SETTLEMENT] Found 672 unsettled predictions in DB
[SETTLEMENT] No unsettled bets found in DB
[SETTLEMENT] Found 755 unsettled predictions in DB
[SETTLEMENT] No unsettled bets found in DB
[SETTLEMENT] Found 502 unsettled predictions in DB
[SETTLEMENT] No unsettled bets found in DB
[SETTLEMENT] Found 453 unsettled predictions in DB
[SETTLEMENT] No unsettled bets found in DB
[SETTLEMENT] Found 517 unsettled predictions in DB
[SETTLEMENT] No unsettled bets found in DB
[SETTLEMENT] Found 464 unsettled predictions in DB
[SETTLEMENT] No unsettled bets found in DB
[SETTLEMENT] Found 569 unsettled predictions in DB
[SETTLEMENT] No unsettled bets found in DB
[SETTLEMENT] Found 510 unsettled predictions in DB
[SETTLEMENT] No unsettled bets found in DB
[SETTLEMENT] Found 457 unsettled predictions in DB
[SETTLEMENT] No unsettled bets found in DB
[SETTLEMENT] Found 613 unsettled predictions in DB
[SETTLEMENT] No unsettled bets found in DB
[SETTLEMENT] Found 671 unsettled predictions in DB
[SETTLEMENT] No unsettled bets found in DB
[SETTLEMENT] Found 672 unsettled predictions in DB
[SETTLEMENT] No unsettled bets found in DB
[SETTLEMENT] Found 616 unsettled predictions in DB
[SETTLEMENT] No unsettled bets found in DB
[SETTLEMENT] Found 512 unsettled predictions in DB
[SETTLEMENT] No unsettled bets found in DB
[SETTLEMENT] Found 461 unsettled predictions in DB
[SETTLEMENT] No unsettled bets found in DB
[SETTLEMENT] Found 409 unsettled predictions in DB
[SETTLEMENT] No unsettled bets found in DB
[SETTLEMENT] Found 511 unsettled predictions in DB
[SETTLEMENT] No unsettled bets found in DB
[SETTLEMENT] Found 464 unsettled predictions in DB
[SETTLEMENT] No unsettled bets found in DB
[SETTLEMENT] Found 624 unsettled predictions in DB
[SETTLEMENT] No unsettled bets found in DB
[SETTLEMENT] Found 522 unsettled predictions in DB
[SETTLEMENT] No unsettled bets found in DB
[SETTLEMENT] Found 681 unsettled predictions in DB
[SETTLEMENT] No unsettled bets found in DB
[SETTLEMENT] Found 406 unsettled predictions in DB
[SETTLEMENT] No unsettled bets found in DB
[SETTLEMENT] Found 510 unsettled predictions in DB
[SETTLEMENT] No unsettled bets found in DB
[SETTLEMENT] Found 612 unsettled predictions in DB
[SETTLEMENT] No unsettled bets found in DB
[SETTLEMENT] Found 561 unsettled predictions in DB
[SETTLEMENT] No unsettled bets found in DB
[SETTLEMENT] Found 671 unsettled predictions in DB
[SETTLEMENT] No unsettled bets found in DB
[SETTLEMENT] Found 460 unsettled predictions in DB
[SETTLEMENT] No unsettled bets found in DB
[SETTLEMENT] Found 564 unsettled predictions in DB
[SETTLEMENT] No unsettled bets found in DB
[SETTLEMENT] Found 461 unsettled predictions in DB
[SETTLEMENT] No unsettled bets found in DB
[SETTLEMENT] Found 725 unsettled predictions in DB
[SETTLEMENT] No unsettled bets found in DB
[SETTLEMENT] Found 676 unsettled predictions in DB
[SETTLEMENT] No unsettled bets found in DB
[SETTLEMENT] Found 621 unsettled predictions in DB
[SETTLEMENT] No unsettled bets found in DB
[SETTLEMENT] Found 668 unsettled predictions in DB
[SETTLEMENT] No unsettled bets found in DB
[SETTLEMENT] Found 462 unsettled predictions in DB
[SETTLEMENT] No unsettled bets found in DB
[SETTLEMENT] Found 620 unsettled predictions in DB
[SETTLEMENT] No unsettled bets found in DB
[SETTLEMENT] Found 512 unsettled predictions in DB
[SETTLEMENT] No unsettled bets found in DB
[SETTLEMENT] Found 460 unsettled predictions in DB
[SETTLEMENT] No unsettled bets found in DB
[SETTLEMENT] Found 409 unsettled predictions in DB
[SETTLEMENT] No unsettled bets found in DB
[SETTLEMENT] Found 725 unsettled predictions in DB
[SETTLEMENT] No unsettled bets found in DB
[SETTLEMENT] Found 676 unsettled predictions in DB
[SETTLEMENT] No unsettled bets found in DB
[SETTLEMENT] Found 623 unsettled predictions in DB
[SETTLEMENT] No unsettled bets found in DB
[SETTLEMENT] Found 727 unsettled predictions in DB
[SETTLEMENT] No unsettled bets found in DB
[SETTLEMENT] Found 672 unsettled predictions in DB
[SETTLEMENT] No unsettled bets found in DB
[SETTLEMENT] Found 410 unsettled predictions in DB
[SETTLEMENT] No unsettled bets found in DB
[SETTLEMENT] Found 520 unsettled predictions in DB
[SETTLEMENT] No unsettled bets found in DB
[SETTLEMENT] Found 627 unsettled predictions in DB
[SETTLEMENT] No unsettled bets found in DB
[SETTLEMENT] Found 569 unsettled predictions in DB
[SETTLEMENT] No unsettled bets found in DB
[SETTLEMENT] Found 673 unsettled predictions in DB
[SETTLEMENT] No unsettled bets found in DB
[SETTLEMENT] Found 463 unsettled predictions in DB
[SETTLEMENT] No unsettled bets found in DB
[SETTLEMENT] Found 772 unsettled predictions in DB
[SETTLEMENT] No unsettled bets found in DB
[SETTLEMENT] Found 505 unsettled predictions in DB
[SETTLEMENT] No unsettled bets found in DB
[SETTLEMENT] Found 454 unsettled predictions in DB
[SETTLEMENT] No unsettled bets found in DB
[SETTLEMENT] Found 407 unsettled predictions in DB
[SETTLEMENT] No unsettled bets found in DB
[SETTLEMENT] Found 511 unsettled predictions in DB
[SETTLEMENT] No unsettled bets found in DB
[SETTLEMENT] Found 615 unsettled predictions in DB
[SETTLEMENT] No unsettled bets found in DB
[SETTLEMENT] Found 564 unsettled predictions in DB
[SETTLEMENT] No unsettled bets found in DB
[SETTLEMENT] Found 721 unsettled predictions in DB
[SETTLEMENT] No unsettled bets found in DB
[SETTLEMENT] Found 675 unsettled predictions in DB
[SETTLEMENT] No unsettled bets found in DB
[SETTLEMENT] Found 672 unsettled predictions in DB
[SETTLEMENT] No unsettled bets found in DB
[SETTLEMENT] Found 776 unsettled predictions in DB
[SETTLEMENT] No unsettled bets found in DB
[SETTLEMENT] Found 722 unsettled predictions in DB
[SETTLEMENT] No unsettled bets found in DB
[SETTLEMENT] Found 622 unsettled predictions in DB
[SETTLEMENT] No unsettled bets found in DB
[SETTLEMENT] Found 518 unsettled predictions in DB
[SETTLEMENT] No unsettled bets found in DB
[SETTLEMENT] Found 675 unsettled predictions in DB
[SETTLEMENT] No unsettled bets found in DB
[SETTLEMENT] Found 762 unsettled predictions in DB
[SETTLEMENT] No unsettled bets found in DB
[SETTLEMENT] Found 500 unsettled predictions in DB
[SETTLEMENT] No unsettled bets found in DB
[SETTLEMENT] Found 654 unsettled predictions in DB
[SETTLEMENT] No unsettled bets found in DB
[SETTLEMENT] Found 416 unsettled predictions in DB
[SETTLEMENT] No unsettled bets found in DB
[SETTLEMENT] Found 738 unsettled predictions in DB
[SETTLEMENT] No unsettled bets found in DB
[SETTLEMENT] Found 461 unsettled predictions in DB
[SETTLEMENT] No unsettled bets found in DB
[SETTLEMENT] Found 524 unsettled predictions in DB
[SETTLEMENT] No unsettled bets found in DB
[SETTLEMENT] Found 470 unsettled predictions in DB
[SETTLEMENT] No unsettled bets found in DB
[SETTLEMENT] Found 416 unsettled predictions in DB
[SETTLEMENT] No unsettled bets found in DB
[SETTLEMENT] Found 522 unsettled predictions in DB
[SETTLEMENT] No unsettled bets found in DB
[SETTLEMENT] Found 467 unsettled predictions in DB
[SETTLEMENT] No unsettled bets found in DB
[SETTLEMENT] Found 415 unsettled predictions in DB
[SETTLEMENT] No unsettled bets found in DB
[SETTLEMENT] Found 523 unsettled predictions in DB
[SETTLEMENT] No unsettled bets found in DB
[SETTLEMENT] Found 473 unsettled predictions in DB
[SETTLEMENT] No unsettled bets found in DB
[SETTLEMENT] Found 407 unsettled predictions in DB
[SETTLEMENT] No unsettled bets found in DB
[SETTLEMENT] Found 557 unsettled predictions in DB
[SETTLEMENT] No unsettled bets found in DB
[SETTLEMENT] Found 361 unsettled predictions in DB
[SETTLEMENT] No unsettled bets found in DB
[SETTLEMENT] Found 528 unsettled predictions in DB
[SETTLEMENT] No unsettled bets found in DB
[SETTLEMENT] Found 472 unsettled predictions in DB
[SETTLEMENT] No unsettled bets found in DB
[SETTLEMENT] Found 420 unsettled predictions in DB
[SETTLEMENT] No unsettled bets found in DB
[SETTLEMENT] Found 526 unsettled predictions in DB
[SETTLEMENT] No unsettled bets found in DB
[SETTLEMENT] Found 685 unsettled predictions in DB
[SETTLEMENT] Found 1 unsettled bets in DB
[SETTLEMENT] Results not available yet for VFLM 5289 MD 30
[SETTLEMENT] Found 625 unsettled predictions in DB
[SETTLEMENT] Found 1 unsettled bets in DB
[SETTLEMENT] Found 573 unsettled predictions in DB
[SETTLEMENT] No unsettled bets found in DB
[SETTLEMENT] Found 567 unsettled predictions in DB
[SETTLEMENT] Found 1 unsettled bets in DB
[SETTLEMENT] Results not available yet for VFLM 5290 MD 2
[SETTLEMENT] Found 667 unsettled predictions in DB
[SETTLEMENT] Found 1 unsettled bets in DB
[SETTLEMENT] Results not available yet for VFLM 5290 MD 3
[SETTLEMENT] Found 363 unsettled predictions in DB
[SETTLEMENT] Found 1 unsettled bets in DB
[SETTLEMENT] Results not available yet for VFLM 5290 MD 5
[SETTLEMENT] Found 471 unsettled predictions in DB
[SETTLEMENT] Found 1 unsettled bets in DB
[SETTLEMENT] Results not available yet for VFLM 5290 MD 5
[SETTLEMENT] Found 413 unsettled predictions in DB
[SETTLEMENT] Found 2 unsettled bets in DB
[SETTLEMENT] Results not available yet for VFLM 5290 MD 7
[SETTLEMENT] Found 569 unsettled predictions in DB
[SETTLEMENT] Found 1 unsettled bets in DB
[SETTLEMENT] Results not available yet for VFLM 5290 MD 7
[SETTLEMENT] Found 471 unsettled predictions in DB
[SETTLEMENT] Found 2 unsettled bets in DB
[SETTLEMENT] Results not available yet for VFLM 5290 MD 9
[SETTLEMENT] Found 627 unsettled predictions in DB
[SETTLEMENT] Found 2 unsettled bets in DB
[SETTLEMENT] Results not available yet for VFLM 5290 MD 9
[SETTLEMENT] Found 359 unsettled predictions in DB
[SETTLEMENT] No unsettled bets found in DB
[SETTLEMENT] Found 463 unsettled predictions in DB
[SETTLEMENT] Found 1 unsettled bets in DB
[SETTLEMENT] Results not available yet for VFLM 5290 MD 12
[SETTLEMENT] Found 618 unsettled predictions in DB
[SETTLEMENT] Found 2 unsettled bets in DB
[SETTLEMENT] Results not available yet for VFLM 5290 MD 12
[SETTLEMENT] Found 364 unsettled predictions in DB
[SETTLEMENT] Found 3 unsettled bets in DB
[SETTLEMENT] Results not available yet for VFLM 5290 MD 14
[SETTLEMENT] Found 625 unsettled predictions in DB
[SETTLEMENT] Found 2 unsettled bets in DB
[SETTLEMENT] Results not available yet for VFLM 5290 MD 14
[SETTLEMENT] Found 420 unsettled predictions in DB
[SETTLEMENT] Found 2 unsettled bets in DB
[SETTLEMENT] Found 579 unsettled predictions in DB
[SETTLEMENT] Found 1 unsettled bets in DB
[SETTLEMENT] Results not available yet for VFLM 5290 MD 17
[SETTLEMENT] Found 467 unsettled predictions in DB
[SETTLEMENT] Found 1 unsettled bets in DB
[SETTLEMENT] Results not available yet for VFLM 5290 MD 17
[SETTLEMENT] Found 626 unsettled predictions in DB
[SETTLEMENT] Found 1 unsettled bets in DB
[SETTLEMENT] Results not available yet for VFLM 5290 MD 19
[SETTLEMENT] Found 368 unsettled predictions in DB
[SETTLEMENT] Found 2 unsettled bets in DB
[SETTLEMENT] Results not available yet for VFLM 5290 MD 19
[SETTLEMENT] Results not available yet for VFLM 5290 MD 20
[SETTLEMENT] Found 468 unsettled predictions in DB
[SETTLEMENT] Found 1 unsettled bets in DB
[SETTLEMENT] Results not available yet for VFLM 5290 MD 20
[SETTLEMENT] Found 423 unsettled predictions in DB
[SETTLEMENT] Found 1 unsettled bets in DB
[SETTLEMENT] Results not available yet for VFLM 5290 MD 22
[SETTLEMENT] Found 367 unsettled predictions in DB
[SETTLEMENT] Found 2 unsettled bets in DB
[SETTLEMENT] Results not available yet for VFLM 5290 MD 22
[SETTLEMENT] Found 646 unsettled predictions in DB
[SETTLEMENT] Found 1 unsettled bets in DB
[SETTLEMENT] Results not available yet for VFLM 5290 MD 24
[SETTLEMENT] Found 432 unsettled predictions in DB
[SETTLEMENT] Found 2 unsettled bets in DB
[SETTLEMENT] Results not available yet for VFLM 5290 MD 24
[SETTLEMENT] Found 534 unsettled predictions in DB
[SETTLEMENT] Found 2 unsettled bets in DB
[SETTLEMENT] Found 630 unsettled predictions in DB
[SETTLEMENT] Found 1 unsettled bets in DB
[SETTLEMENT] Results not available yet for VFLM 5290 MD 27
[SETTLEMENT] Found 623 unsettled predictions in DB
[SETTLEMENT] Found 2 unsettled bets in DB
[SETTLEMENT] Results not available yet for VFLM 5290 MD 27
[SETTLEMENT] Found 363 unsettled predictions in DB
[SETTLEMENT] No unsettled bets found in DB
[SETTLEMENT] Found 519 unsettled predictions in DB
[SETTLEMENT] Found 1 unsettled bets in DB
[SETTLEMENT] Results not available yet for VFLM 5290 MD 30
[SETTLEMENT] Found 675 unsettled predictions in DB
[SETTLEMENT] Found 1 unsettled bets in DB
[SETTLEMENT] Results not available yet for VFLM 5290 MD 30
[SETTLEMENT] Found 415 unsettled predictions in DB
[SETTLEMENT] Found 1 unsettled bets in DB
[SETTLEMENT] Found 675 unsettled predictions in DB
[SETTLEMENT] Found 1 unsettled bets in DB
[SETTLEMENT] Results not available yet for VFLM 5291 MD 2
[SETTLEMENT] Found 571 unsettled predictions in DB
[SETTLEMENT] Found 1 unsettled bets in DB
[SETTLEMENT] Results not available yet for VFLM 5291 MD 2
[SETTLEMENT] Found 663 unsettled predictions in DB
[SETTLEMENT] Found 1 unsettled bets in DB
[SETTLEMENT] Found 770 unsettled predictions in DB
[SETTLEMENT] Found 1 unsettled bets in DB
[SETTLEMENT] Results not available yet for VFLM 5291 MD 5
[SETTLEMENT] Found 469 unsettled predictions in DB
[SETTLEMENT] Found 2 unsettled bets in DB
[SETTLEMENT] Results not available yet for VFLM 5291 MD 5
[SETTLEMENT] Found 419 unsettled predictions in DB
[SETTLEMENT] Found 2 unsettled bets in DB
[SETTLEMENT] Found 736 unsettled predictions in DB
[SETTLEMENT] Found 1 unsettled bets in DB
[SETTLEMENT] Results not available yet for VFLM 5291 MD 8
[SETTLEMENT] Found 470 unsettled predictions in DB
[SETTLEMENT] Found 1 unsettled bets in DB
[SETTLEMENT] Results not available yet for VFLM 5291 MD 8
[SETTLEMENT] Found 626 unsettled predictions in DB
[SETTLEMENT] No unsettled bets found in DB
[SETTLEMENT] Found 518 unsettled predictions in DB
[SETTLEMENT] No unsettled bets found in DB
[SETTLEMENT] Found 470 unsettled predictions in DB
[SETTLEMENT] No unsettled bets found in DB
[SETTLEMENT] Found 416 unsettled predictions in DB
[SETTLEMENT] No unsettled bets found in DB
[SETTLEMENT] Found 678 unsettled predictions in DB
[SETTLEMENT] No unsettled bets found in DB
[SETTLEMENT] Found 628 unsettled predictions in DB
[SETTLEMENT] No unsettled bets found in DB
[SETTLEMENT] Found 364 unsettled predictions in DB
[SETTLEMENT] No unsettled bets found in DB
[SETTLEMENT] Found 464 unsettled predictions in DB
[SETTLEMENT] No unsettled bets found in DB
[SETTLEMENT] Found 415 unsettled predictions in DB
[SETTLEMENT] No unsettled bets found in DB
[SETTLEMENT] Found 366 unsettled predictions in DB
[SETTLEMENT] No unsettled bets found in DB
[SETTLEMENT] Found 656 unsettled predictions in DB
[SETTLEMENT] No unsettled bets found in DB
[SETTLEMENT] Found 439 unsettled predictions in DB
[SETTLEMENT] No unsettled bets found in DB
[SETTLEMENT] Found 595 unsettled predictions in DB
[SETTLEMENT] No unsettled bets found in DB
[SETTLEMENT] Found 658 unsettled predictions in DB
[SETTLEMENT] No unsettled bets found in DB
[SETTLEMENT] Found 422 unsettled predictions in DB
[SETTLEMENT] No unsettled bets found in DB
[SETTLEMENT] Found 358 unsettled predictions in DB
[SETTLEMENT] No unsettled bets found in DB
[SETTLEMENT] Found 564 unsettled predictions in DB
[SETTLEMENT] No unsettled bets found in DB
[SETTLEMENT] Found 618 unsettled predictions in DB
[SETTLEMENT] No unsettled bets found in DB
[SETTLEMENT] Found 362 unsettled predictions in DB
[SETTLEMENT] No unsettled bets found in DB
[SETTLEMENT] Found 618 unsettled predictions in DB
[SETTLEMENT] No unsettled bets found in DB
[SETTLEMENT] Found 462 unsettled predictions in DB
[SETTLEMENT] No unsettled bets found in DB
[SETTLEMENT] Found 620 unsettled predictions in DB
[SETTLEMENT] No unsettled bets found in DB
[SETTLEMENT] Found 526 unsettled predictions in DB
[SETTLEMENT] No unsettled bets found in DB
[SETTLEMENT] Found 473 unsettled predictions in DB
[SETTLEMENT] No unsettled bets found in DB
[SETTLEMENT] Found 579 unsettled predictions in DB
[SETTLEMENT] No unsettled bets found in DB
[SETTLEMENT] Found 467 unsettled predictions in DB
[SETTLEMENT] No unsettled bets found in DB
[SETTLEMENT] Found 471 unsettled predictions in DB
[SETTLEMENT] No unsettled bets found in DB
[SETTLEMENT] Found 629 unsettled predictions in DB
[SETTLEMENT] No unsettled bets found in DB
[SETTLEMENT] Found 362 unsettled predictions in DB
[SETTLEMENT] No unsettled bets found in DB
[SETTLEMENT] Found 622 unsettled predictions in DB
INFO:     Shutting down
INFO:     Waiting for application shutdown.
[SETTLEMENT] Settlement Service shutting down
INFO:     Application shutdown complete.
INFO:     Finished server process [1957]
INFO:     Started server process [1910]
INFO:     Waiting for application startup.
[SETTLEMENT] Settlement Service starting on :8004
INFO:     Application startup complete.
INFO:     Uvicorn running on http://0.0.0.0:8004 (Press CTRL+C to quit)
INFO:     Shutting down
INFO:     Waiting for application shutdown.
[SETTLEMENT] Settlement Service shutting down
INFO:     Application shutdown complete.
INFO:     Finished server process [1910]
INFO:     Started server process [1967]
INFO:     Waiting for application startup.
[SETTLEMENT] Settlement Service starting on :8004
INFO:     Application startup complete.
INFO:     Uvicorn running on http://0.0.0.0:8004 (Press CTRL+C to quit)
db_manager PostgreSQL connection pool initialized
[SETTLEMENT] No unsettled bets found in DB
[SETTLEMENT] Found 20495 unsettled predictions in DB
[SETTLEMENT] No unsettled bets found in DB
[SETTLEMENT] Found 20625 unsettled predictions in DB
[SETTLEMENT] No unsettled bets found in DB
[SETTLEMENT] Found 17016 unsettled predictions in DB
[SETTLEMENT] No unsettled bets found in DB
[SETTLEMENT] Found 16903 unsettled predictions in DB
[SETTLEMENT] No unsettled bets found in DB
[SETTLEMENT] Found 16689 unsettled predictions in DB
[SETTLEMENT] No unsettled bets found in DB
[SETTLEMENT] Found 16667 unsettled predictions in DB
[SETTLEMENT] No unsettled bets found in DB
[SETTLEMENT] Found 15572 unsettled predictions in DB
[SETTLEMENT] No unsettled bets found in DB
[SETTLEMENT] Found 3349 unsettled predictions in DB
[SETTLEMENT] No unsettled bets found in DB
[SETTLEMENT] Found 2959 unsettled predictions in DB
[SETTLEMENT] No unsettled bets found in DB
[SETTLEMENT] Found 3583 unsettled predictions in DB
[SETTLEMENT] No unsettled bets found in DB
[SETTLEMENT] Found 3679 unsettled predictions in DB
[SETTLEMENT] No unsettled bets found in DB
[SETTLEMENT] Found 3794 unsettled predictions in DB
[SETTLEMENT] No unsettled bets found in DB
[SETTLEMENT] Found 3249 unsettled predictions in DB
[SETTLEMENT] No unsettled bets found in DB
[SETTLEMENT] Found 3202 unsettled predictions in DB
[SETTLEMENT] No unsettled bets found in DB
[SETTLEMENT] Found 3685 unsettled predictions in DB
[SETTLEMENT] No unsettled bets found in DB
[SETTLEMENT] Found 3542 unsettled predictions in DB
[SETTLEMENT] No unsettled bets found in DB
[SETTLEMENT] Found 3552 unsettled predictions in DB
[SETTLEMENT] No unsettled bets found in DB
[SETTLEMENT] Found 2270 unsettled predictions in DB
[SETTLEMENT] No unsettled bets found in DB
[SETTLEMENT] Found 2373 unsettled predictions in DB
[SETTLEMENT] No unsettled bets found in DB
[SETTLEMENT] Found 2899 unsettled predictions in DB
[SETTLEMENT] No unsettled bets found in DB
[SETTLEMENT] Found 3376 unsettled predictions in DB
[SETTLEMENT] No unsettled bets found in DB
[SETTLEMENT] Found 3701 unsettled predictions in DB
[SETTLEMENT] No unsettled bets found in DB
[SETTLEMENT] Found 3853 unsettled predictions in DB
[SETTLEMENT] No unsettled bets found in DB
[SETTLEMENT] Found 3072 unsettled predictions in DB
[SETTLEMENT] No unsettled bets found in DB
[SETTLEMENT] Found 3073 unsettled predictions in DB
[SETTLEMENT] No unsettled bets found in DB
[SETTLEMENT] Found 3181 unsettled predictions in DB
[SETTLEMENT] No unsettled bets found in DB
[SETTLEMENT] Found 3601 unsettled predictions in DB
[SETTLEMENT] No unsettled bets found in DB
[SETTLEMENT] Found 2906 unsettled predictions in DB
[SETTLEMENT] No unsettled bets found in DB
[SETTLEMENT] Found 3667 unsettled predictions in DB
[SETTLEMENT] No unsettled bets found in DB
[SETTLEMENT] Found 3101 unsettled predictions in DB
[SETTLEMENT] No unsettled bets found in DB
[SETTLEMENT] Found 3075 unsettled predictions in DB
[SETTLEMENT] No unsettled bets found in DB
[SETTLEMENT] Found 3616 unsettled predictions in DB
[SETTLEMENT] No unsettled bets found in DB
[SETTLEMENT] Found 3014 unsettled predictions in DB
[SETTLEMENT] No unsettled bets found in DB
[SETTLEMENT] Found 3666 unsettled predictions in DB
[SETTLEMENT] No unsettled bets found in DB
[SETTLEMENT] Found 3170 unsettled predictions in DB
[SETTLEMENT] No unsettled bets found in DB
[SETTLEMENT] Found 3105 unsettled predictions in DB
[SETTLEMENT] No unsettled bets found in DB
[SETTLEMENT] Found 3536 unsettled predictions in DB
[SETTLEMENT] No unsettled bets found in DB
[SETTLEMENT] Found 3056 unsettled predictions in DB
[SETTLEMENT] No unsettled bets found in DB
[SETTLEMENT] Found 3711 unsettled predictions in DB
[SETTLEMENT] No unsettled bets found in DB
[SETTLEMENT] Found 3056 unsettled predictions in DB
[SETTLEMENT] No unsettled bets found in DB
[SETTLEMENT] Found 3811 unsettled predictions in DB
[SETTLEMENT] No unsettled bets found in DB
[SETTLEMENT] Found 3563 unsettled predictions in DB
[SETTLEMENT] No unsettled bets found in DB
[SETTLEMENT] Found 2851 unsettled predictions in DB
[SETTLEMENT] No unsettled bets found in DB
[SETTLEMENT] Found 3053 unsettled predictions in DB
[SETTLEMENT] No unsettled bets found in DB
[SETTLEMENT] Found 3713 unsettled predictions in DB
[SETTLEMENT] No unsettled bets found in DB
[SETTLEMENT] Found 3211 unsettled predictions in DB
[SETTLEMENT] No unsettled bets found in DB
[SETTLEMENT] Found 2991 unsettled predictions in DB
[SETTLEMENT] No unsettled bets found in DB
[SETTLEMENT] Found 3648 unsettled predictions in DB
[SETTLEMENT] No unsettled bets found in DB
[SETTLEMENT] Found 3147 unsettled predictions in DB
[SETTLEMENT] No unsettled bets found in DB
[SETTLEMENT] Found 3805 unsettled predictions in DB
[SETTLEMENT] No unsettled bets found in DB
[SETTLEMENT] Found 2977 unsettled predictions in DB
[SETTLEMENT] No unsettled bets found in DB
[SETTLEMENT] Found 3393 unsettled predictions in DB
[SETTLEMENT] No unsettled bets found in DB
[SETTLEMENT] Found 3122 unsettled predictions in DB
[SETTLEMENT] No unsettled bets found in DB
[SETTLEMENT] Found 3052 unsettled predictions in DB
[SETTLEMENT] No unsettled bets found in DB
[SETTLEMENT] Found 3484 unsettled predictions in DB
[SETTLEMENT] No unsettled bets found in DB
[SETTLEMENT] Found 2962 unsettled predictions in DB
[SETTLEMENT] No unsettled bets found in DB
[SETTLEMENT] Found 2960 unsettled predictions in DB
[SETTLEMENT] No unsettled bets found in DB
[SETTLEMENT] Found 3605 unsettled predictions in DB
[SETTLEMENT] No unsettled bets found in DB
[SETTLEMENT] Found 3103 unsettled predictions in DB
[SETTLEMENT] No unsettled bets found in DB
[SETTLEMENT] Found 3070 unsettled predictions in DB
[SETTLEMENT] No unsettled bets found in DB
[SETTLEMENT] Found 3674 unsettled predictions in DB
[SETTLEMENT] No unsettled bets found in DB
[SETTLEMENT] Found 2981 unsettled predictions in DB
[SETTLEMENT] No unsettled bets found in DB
[SETTLEMENT] Found 3634 unsettled predictions in DB
[SETTLEMENT] No unsettled bets found in DB
[SETTLEMENT] Found 2977 unsettled predictions in DB
[SETTLEMENT] No unsettled bets found in DB
[SETTLEMENT] Found 3114 unsettled predictions in DB
[SETTLEMENT] No unsettled bets found in DB
[SETTLEMENT] Found 3562 unsettled predictions in DB
[SETTLEMENT] No unsettled bets found in DB
[SETTLEMENT] Found 2891 unsettled predictions in DB
[SETTLEMENT] No unsettled bets found in DB
[SETTLEMENT] Found 3018 unsettled predictions in DB
[SETTLEMENT] No unsettled bets found in DB
[SETTLEMENT] Found 3659 unsettled predictions in DB
[SETTLEMENT] No unsettled bets found in DB
[SETTLEMENT] Found 2976 unsettled predictions in DB
[SETTLEMENT] No unsettled bets found in DB
[SETTLEMENT] Found 2936 unsettled predictions in DB
[SETTLEMENT] No unsettled bets found in DB
[SETTLEMENT] Found 2934 unsettled predictions in DB
[SETTLEMENT] No unsettled bets found in DB
[SETTLEMENT] Found 2920 unsettled predictions in DB
[SETTLEMENT] No unsettled bets found in DB
[SETTLEMENT] Found 3679 unsettled predictions in DB
[SETTLEMENT] No unsettled bets found in DB
[SETTLEMENT] Found 3735 unsettled predictions in DB
[SETTLEMENT] No unsettled bets found in DB
[SETTLEMENT] Found 2971 unsettled predictions in DB
[SETTLEMENT] No unsettled bets found in DB
[SETTLEMENT] Found 3506 unsettled predictions in DB
[SETTLEMENT] No unsettled bets found in DB
[SETTLEMENT] Found 2904 unsettled predictions in DB
[SETTLEMENT] No unsettled bets found in DB
[SETTLEMENT] Found 3553 unsettled predictions in DB
[SETTLEMENT] No unsettled bets found in DB
[SETTLEMENT] Found 3087 unsettled predictions in DB
[SETTLEMENT] No unsettled bets found in DB
[SETTLEMENT] Found 3042 unsettled predictions in DB
[SETTLEMENT] No unsettled bets found in DB
[SETTLEMENT] Found 3460 unsettled predictions in DB
[SETTLEMENT] No unsettled bets found in DB
[SETTLEMENT] Found 3413 unsettled predictions in DB
[SETTLEMENT] No unsettled bets found in DB
[SETTLEMENT] Found 2895 unsettled predictions in DB
[SETTLEMENT] No unsettled bets found in DB
[SETTLEMENT] Found 3499 unsettled predictions in DB
[SETTLEMENT] No unsettled bets found in DB
[SETTLEMENT] Found 3577 unsettled predictions in DB
[SETTLEMENT] No unsettled bets found in DB
[SETTLEMENT] Found 3623 unsettled predictions in DB
[SETTLEMENT] No unsettled bets found in DB
[SETTLEMENT] Found 2957 unsettled predictions in DB
[SETTLEMENT] No unsettled bets found in DB
[SETTLEMENT] Found 3042 unsettled predictions in DB
[SETTLEMENT] No unsettled bets found in DB
[SETTLEMENT] Found 3468 unsettled predictions in DB
[SETTLEMENT] No unsettled bets found in DB
[SETTLEMENT] Found 2793 unsettled predictions in DB
[SETTLEMENT] No unsettled bets found in DB
[SETTLEMENT] Found 3554 unsettled predictions in DB
[SETTLEMENT] No unsettled bets found in DB
[SETTLEMENT] Found 2968 unsettled predictions in DB
[SETTLEMENT] No unsettled bets found in DB
[SETTLEMENT] Found 2957 unsettled predictions in DB
[SETTLEMENT] No unsettled bets found in DB
[SETTLEMENT] Found 3045 unsettled predictions in DB
[SETTLEMENT] No unsettled bets found in DB
[SETTLEMENT] Found 2857 unsettled predictions in DB
[SETTLEMENT] No unsettled bets found in DB
[SETTLEMENT] Found 2858 unsettled predictions in DB
[SETTLEMENT] No unsettled bets found in DB
[SETTLEMENT] Found 2988 unsettled predictions in DB
[SETTLEMENT] No unsettled bets found in DB
[SETTLEMENT] Found 3571 unsettled predictions in DB
[SETTLEMENT] No unsettled bets found in DB
[SETTLEMENT] Found 2759 unsettled predictions in DB
[SETTLEMENT] No unsettled bets found in DB
[SETTLEMENT] Found 3503 unsettled predictions in DB
[SETTLEMENT] No unsettled bets found in DB
[SETTLEMENT] Found 2914 unsettled predictions in DB
[SETTLEMENT] No unsettled bets found in DB
[SETTLEMENT] Found 3564 unsettled predictions in DB
[SETTLEMENT] No unsettled bets found in DB
[SETTLEMENT] Found 3009 unsettled predictions in DB
[SETTLEMENT] No unsettled bets found in DB
[SETTLEMENT] Found 2789 unsettled predictions in DB
[SETTLEMENT] No unsettled bets found in DB
[SETTLEMENT] Found 3379 unsettled predictions in DB
[SETTLEMENT] No unsettled bets found in DB
[SETTLEMENT] Found 2896 unsettled predictions in DB
[SETTLEMENT] No unsettled bets found in DB
[SETTLEMENT] Found 2918 unsettled predictions in DB
[SETTLEMENT] No unsettled bets found in DB
[SETTLEMENT] Found 3582 unsettled predictions in DB
[SETTLEMENT] No unsettled bets found in DB
[SETTLEMENT] Found 3702 unsettled predictions in DB
[SETTLEMENT] No unsettled bets found in DB
[SETTLEMENT] Found 2976 unsettled predictions in DB
[SETTLEMENT] No unsettled bets found in DB
[SETTLEMENT] Found 3470 unsettled predictions in DB
[SETTLEMENT] No unsettled bets found in DB
[SETTLEMENT] Found 2905 unsettled predictions in DB
[SETTLEMENT] No unsettled bets found in DB
[SETTLEMENT] Found 3387 unsettled predictions in DB
[SETTLEMENT] No unsettled bets found in DB
[SETTLEMENT] Found 3757 unsettled predictions in DB
[SETTLEMENT] No unsettled bets found in DB
[SETTLEMENT] Found 3726 unsettled predictions in DB
[SETTLEMENT] No unsettled bets found in DB
[SETTLEMENT] Found 2961 unsettled predictions in DB
[SETTLEMENT] No unsettled bets found in DB
[SETTLEMENT] Found 3393 unsettled predictions in DB
[SETTLEMENT] No unsettled bets found in DB
[SETTLEMENT] Found 2831 unsettled predictions in DB
[SETTLEMENT] No unsettled bets found in DB
[SETTLEMENT] Found 2831 unsettled predictions in DB
[SETTLEMENT] No unsettled bets found in DB
[SETTLEMENT] Found 2839 unsettled predictions in DB
[SETTLEMENT] No unsettled bets found in DB
[SETTLEMENT] Found 3601 unsettled predictions in DB
[SETTLEMENT] No unsettled bets found in DB
[SETTLEMENT] Found 2917 unsettled predictions in DB
[SETTLEMENT] No unsettled bets found in DB
[SETTLEMENT] Found 2876 unsettled predictions in DB
[SETTLEMENT] No unsettled bets found in DB
[SETTLEMENT] Found 3433 unsettled predictions in DB
[SETTLEMENT] No unsettled bets found in DB
[SETTLEMENT] Found 2853 unsettled predictions in DB
[SETTLEMENT] No unsettled bets found in DB
[SETTLEMENT] Found 2846 unsettled predictions in DB
[SETTLEMENT] No unsettled bets found in DB
[SETTLEMENT] Found 3026 unsettled predictions in DB
[SETTLEMENT] No unsettled bets found in DB
[SETTLEMENT] Found 3462 unsettled predictions in DB
[SETTLEMENT] No unsettled bets found in DB
[SETTLEMENT] Found 2771 unsettled predictions in DB
[SETTLEMENT] No unsettled bets found in DB
[SETTLEMENT] Found 2937 unsettled predictions in DB
[SETTLEMENT] No unsettled bets found in DB
[SETTLEMENT] Found 2945 unsettled predictions in DB
[SETTLEMENT] No unsettled bets found in DB
[SETTLEMENT] Found 2897 unsettled predictions in DB
[SETTLEMENT] No unsettled bets found in DB
[SETTLEMENT] Found 3491 unsettled predictions in DB
[SETTLEMENT] No unsettled bets found in DB
[SETTLEMENT] Found 2868 unsettled predictions in DB
[SETTLEMENT] No unsettled bets found in DB
[SETTLEMENT] Found 3524 unsettled predictions in DB
[SETTLEMENT] No unsettled bets found in DB
[SETTLEMENT] Found 2952 unsettled predictions in DB
[SETTLEMENT] No unsettled bets found in DB
[SETTLEMENT] Found 2873 unsettled predictions in DB
[SETTLEMENT] No unsettled bets found in DB
[SETTLEMENT] Found 2843 unsettled predictions in DB
[SETTLEMENT] No unsettled bets found in DB
[SETTLEMENT] Found 2799 unsettled predictions in DB
[SETTLEMENT] No unsettled bets found in DB
[SETTLEMENT] Found 2809 unsettled predictions in DB
[SETTLEMENT] No unsettled bets found in DB
[SETTLEMENT] Found 2789 unsettled predictions in DB
[SETTLEMENT] No unsettled bets found in DB
[SETTLEMENT] Found 2945 unsettled predictions in DB
[SETTLEMENT] No unsettled bets found in DB
[SETTLEMENT] Found 2837 unsettled predictions in DB
[SETTLEMENT] No unsettled bets found in DB
[SETTLEMENT] Found 3272 unsettled predictions in DB
[SETTLEMENT] No unsettled bets found in DB
[SETTLEMENT] Found 3763 unsettled predictions in DB
[SETTLEMENT] No unsettled bets found in DB
[SETTLEMENT] Found 3710 unsettled predictions in DB
[SETTLEMENT] No unsettled bets found in DB
[SETTLEMENT] Found 2895 unsettled predictions in DB
[SETTLEMENT] No unsettled bets found in DB
[SETTLEMENT] Found 3384 unsettled predictions in DB
[SETTLEMENT] No unsettled bets found in DB
[SETTLEMENT] Found 2864 unsettled predictions in DB
[SETTLEMENT] No unsettled bets found in DB
[SETTLEMENT] Found 2854 unsettled predictions in DB
[SETTLEMENT] No unsettled bets found in DB
[SETTLEMENT] Found 2971 unsettled predictions in DB
[SETTLEMENT] No unsettled bets found in DB
[SETTLEMENT] Found 2767 unsettled predictions in DB
[SETTLEMENT] No unsettled bets found in DB
[SETTLEMENT] Found 2697 unsettled predictions in DB
[SETTLEMENT] No unsettled bets found in DB
[SETTLEMENT] Found 2873 unsettled predictions in DB
[SETTLEMENT] No unsettled bets found in DB
[SETTLEMENT] Found 2879 unsettled predictions in DB
[SETTLEMENT] No unsettled bets found in DB
[SETTLEMENT] Found 2865 unsettled predictions in DB
[SETTLEMENT] No unsettled bets found in DB
[SETTLEMENT] Found 2976 unsettled predictions in DB
[SETTLEMENT] No unsettled bets found in DB
[SETTLEMENT] Found 2748 unsettled predictions in DB
[SETTLEMENT] No unsettled bets found in DB
[SETTLEMENT] Found 3362 unsettled predictions in DB
[SETTLEMENT] No unsettled bets found in DB
[SETTLEMENT] Found 2825 unsettled predictions in DB
[SETTLEMENT] No unsettled bets found in DB
[SETTLEMENT] Found 2832 unsettled predictions in DB
[SETTLEMENT] No unsettled bets found in DB
[SETTLEMENT] Found 2800 unsettled predictions in DB
[SETTLEMENT] No unsettled bets found in DB
[SETTLEMENT] Found 2773 unsettled predictions in DB
[SETTLEMENT] No unsettled bets found in DB
[SETTLEMENT] Found 2784 unsettled predictions in DB
[SETTLEMENT] No unsettled bets found in DB
[SETTLEMENT] Found 2756 unsettled predictions in DB
[SETTLEMENT] No unsettled bets found in DB
[SETTLEMENT] Found 3457 unsettled predictions in DB
[SETTLEMENT] No unsettled bets found in DB
[SETTLEMENT] Found 2702 unsettled predictions in DB
[SETTLEMENT] No unsettled bets found in DB
[SETTLEMENT] Found 3341 unsettled predictions in DB
[SETTLEMENT] No unsettled bets found in DB
[SETTLEMENT] Found 2860 unsettled predictions in DB
[SETTLEMENT] No unsettled bets found in DB
[SETTLEMENT] Found 2844 unsettled predictions in DB
[SETTLEMENT] No unsettled bets found in DB
[SETTLEMENT] Found 2783 unsettled predictions in DB
[SETTLEMENT] No unsettled bets found in DB
[SETTLEMENT] Found 2739 unsettled predictions in DB
[SETTLEMENT] No unsettled bets found in DB
[SETTLEMENT] Found 3387 unsettled predictions in DB
[SETTLEMENT] No unsettled bets found in DB
[SETTLEMENT] Found 2659 unsettled predictions in DB
[SETTLEMENT] No unsettled bets found in DB
[SETTLEMENT] Found 3314 unsettled predictions in DB
[SETTLEMENT] No unsettled bets found in DB
[SETTLEMENT] Found 3647 unsettled predictions in DB
[SETTLEMENT] No unsettled bets found in DB
[SETTLEMENT] Found 3560 unsettled predictions in DB
[SETTLEMENT] No unsettled bets found in DB
[SETTLEMENT] Found 2875 unsettled predictions in DB
[SETTLEMENT] No unsettled bets found in DB
[SETTLEMENT] Found 2885 unsettled predictions in DB
[SETTLEMENT] No unsettled bets found in DB
[SETTLEMENT] Found 2677 unsettled predictions in DB
[SETTLEMENT] No unsettled bets found in DB
[SETTLEMENT] Found 3325 unsettled predictions in DB
[SETTLEMENT] No unsettled bets found in DB
[SETTLEMENT] Found 2814 unsettled predictions in DB
[SETTLEMENT] No unsettled bets found in DB
[SETTLEMENT] Found 3463 unsettled predictions in DB
[SETTLEMENT] No unsettled bets found in DB
[SETTLEMENT] Found 2761 unsettled predictions in DB
[SETTLEMENT] No unsettled bets found in DB
[SETTLEMENT] Found 2702 unsettled predictions in DB
[SETTLEMENT] No unsettled bets found in DB
[SETTLEMENT] Found 2678 unsettled predictions in DB
[SETTLEMENT] No unsettled bets found in DB
[SETTLEMENT] Found 2700 unsettled predictions in DB
[SETTLEMENT] No unsettled bets found in DB
[SETTLEMENT] Found 2844 unsettled predictions in DB
[SETTLEMENT] No unsettled bets found in DB
[SETTLEMENT] Found 2800 unsettled predictions in DB
[SETTLEMENT] No unsettled bets found in DB
[SETTLEMENT] Found 2747 unsettled predictions in DB
[SETTLEMENT] No unsettled bets found in DB
[SETTLEMENT] Found 2761 unsettled predictions in DB
[SETTLEMENT] No unsettled bets found in DB
[SETTLEMENT] Found 3420 unsettled predictions in DB
[SETTLEMENT] No unsettled bets found in DB
[SETTLEMENT] Found 2900 unsettled predictions in DB
[SETTLEMENT] No unsettled bets found in DB
[SETTLEMENT] Found 2692 unsettled predictions in DB
[SETTLEMENT] No unsettled bets found in DB
[SETTLEMENT] Found 2667 unsettled predictions in DB
[SETTLEMENT] No unsettled bets found in DB
[SETTLEMENT] Found 2649 unsettled predictions in DB
[SETTLEMENT] No unsettled bets found in DB
[SETTLEMENT] Found 2813 unsettled predictions in DB
[SETTLEMENT] No unsettled bets found in DB
[SETTLEMENT] Found 2623 unsettled predictions in DB
[SETTLEMENT] No unsettled bets found in DB
[SETTLEMENT] Found 3246 unsettled predictions in DB
[SETTLEMENT] No unsettled bets found in DB
[SETTLEMENT] Found 2737 unsettled predictions in DB
[SETTLEMENT] No unsettled bets found in DB
[SETTLEMENT] Found 3377 unsettled predictions in DB
[SETTLEMENT] No unsettled bets found in DB
[SETTLEMENT] Found 2883 unsettled predictions in DB
[SETTLEMENT] No unsettled bets found in DB
[SETTLEMENT] Found 2810 unsettled predictions in DB
[SETTLEMENT] No unsettled bets found in DB
[SETTLEMENT] Found 3203 unsettled predictions in DB
[SETTLEMENT] No unsettled bets found in DB
[SETTLEMENT] Found 2362 unsettled predictions in DB
[SETTLEMENT] No unsettled bets found in DB
[SETTLEMENT] Found 2883 unsettled predictions in DB
[SETTLEMENT] No unsettled bets found in DB
[SETTLEMENT] Found 2697 unsettled predictions in DB
[SETTLEMENT] No unsettled bets found in DB
[SETTLEMENT] Found 3295 unsettled predictions in DB
[SETTLEMENT] No unsettled bets found in DB
[SETTLEMENT] Found 3298 unsettled predictions in DB
[SETTLEMENT] No unsettled bets found in DB
[SETTLEMENT] Found 2688 unsettled predictions in DB
[SETTLEMENT] No unsettled bets found in DB
[SETTLEMENT] Found 3335 unsettled predictions in DB
[SETTLEMENT] No unsettled bets found in DB
[SETTLEMENT] Found 3233 unsettled predictions in DB
[SETTLEMENT] No unsettled bets found in DB
[SETTLEMENT] Found 2646 unsettled predictions in DB
[SETTLEMENT] No unsettled bets found in DB
[SETTLEMENT] Found 2643 unsettled predictions in DB
[SETTLEMENT] No unsettled bets found in DB
[SETTLEMENT] Found 3406 unsettled predictions in DB
[SETTLEMENT] No unsettled bets found in DB
[SETTLEMENT] Found 3249 unsettled predictions in DB
[SETTLEMENT] No unsettled bets found in DB
[SETTLEMENT] Found 2526 unsettled predictions in DB
[SETTLEMENT] No unsettled bets found in DB
[SETTLEMENT] Found 3264 unsettled predictions in DB
[SETTLEMENT] No unsettled bets found in DB
[SETTLEMENT] Found 2666 unsettled predictions in DB
[SETTLEMENT] No unsettled bets found in DB
[SETTLEMENT] Found 2673 unsettled predictions in DB
[SETTLEMENT] No unsettled bets found in DB
[SETTLEMENT] Found 2198 unsettled predictions in DB
[SETTLEMENT] No unsettled bets found in DB
[SETTLEMENT] Found 2418 unsettled predictions in DB
[SETTLEMENT] No unsettled bets found in DB
[SETTLEMENT] Found 2820 unsettled predictions in DB
[SETTLEMENT] No unsettled bets found in DB
[SETTLEMENT] Found 2749 unsettled predictions in DB
[SETTLEMENT] No unsettled bets found in DB
[SETTLEMENT] Found 2667 unsettled predictions in DB
[SETTLEMENT] No unsettled bets found in DB
[SETTLEMENT] Found 3216 unsettled predictions in DB
[SETTLEMENT] No unsettled bets found in DB
[SETTLEMENT] Found 2627 unsettled predictions in DB
[SETTLEMENT] No unsettled bets found in DB
[SETTLEMENT] Found 2645 unsettled predictions in DB
[SETTLEMENT] No unsettled bets found in DB
[SETTLEMENT] Found 2776 unsettled predictions in DB
[SETTLEMENT] No unsettled bets found in DB
[SETTLEMENT] Found 3212 unsettled predictions in DB
[SETTLEMENT] No unsettled bets found in DB
[SETTLEMENT] Found 2547 unsettled predictions in DB
[SETTLEMENT] No unsettled bets found in DB
[SETTLEMENT] Found 3289 unsettled predictions in DB
[SETTLEMENT] No unsettled bets found in DB
[SETTLEMENT] Found 2700 unsettled predictions in DB
[SETTLEMENT] No unsettled bets found in DB
[SETTLEMENT] Found 2647 unsettled predictions in DB
[SETTLEMENT] No unsettled bets found in DB
[SETTLEMENT] Found 3154 unsettled predictions in DB
[SETTLEMENT] No unsettled bets found in DB
[SETTLEMENT] Found 3059 unsettled predictions in DB
[SETTLEMENT] No unsettled bets found in DB
[SETTLEMENT] Found 2730 unsettled predictions in DB
[SETTLEMENT] No unsettled bets found in DB
[SETTLEMENT] Found 2760 unsettled predictions in DB
[SETTLEMENT] No unsettled bets found in DB
[SETTLEMENT] Found 3196 unsettled predictions in DB
[SETTLEMENT] No unsettled bets found in DB
[SETTLEMENT] Found 3142 unsettled predictions in DB
[SETTLEMENT] No unsettled bets found in DB
[SETTLEMENT] Found 2650 unsettled predictions in DB
[SETTLEMENT] No unsettled bets found in DB
[SETTLEMENT] Found 3291 unsettled predictions in DB
[SETTLEMENT] No unsettled bets found in DB
[SETTLEMENT] Found 2627 unsettled predictions in DB
[SETTLEMENT] No unsettled bets found in DB
[SETTLEMENT] Found 2495 unsettled predictions in DB
[SETTLEMENT] No unsettled bets found in DB
[SETTLEMENT] Found 2526 unsettled predictions in DB
[SETTLEMENT] No unsettled bets found in DB
[SETTLEMENT] Found 2575 unsettled predictions in DB
[SETTLEMENT] No unsettled bets found in DB
[SETTLEMENT] Found 2623 unsettled predictions in DB
[SETTLEMENT] No unsettled bets found in DB
[SETTLEMENT] Found 2472 unsettled predictions in DB
[SETTLEMENT] No unsettled bets found in DB
[SETTLEMENT] Found 3177 unsettled predictions in DB
[SETTLEMENT] No unsettled bets found in DB
[SETTLEMENT] Found 2582 unsettled predictions in DB
[SETTLEMENT] No unsettled bets found in DB
[SETTLEMENT] Found 3233 unsettled predictions in DB
[SETTLEMENT] No unsettled bets found in DB
[SETTLEMENT] Found 2761 unsettled predictions in DB
[SETTLEMENT] No unsettled bets found in DB
[SETTLEMENT] Found 2710 unsettled predictions in DB
[SETTLEMENT] No unsettled bets found in DB
[SETTLEMENT] Found 3154 unsettled predictions in DB
[SETTLEMENT] No unsettled bets found in DB
[SETTLEMENT] Found 2642 unsettled predictions in DB
[SETTLEMENT] No unsettled bets found in DB
[SETTLEMENT] Found 2614 unsettled predictions in DB
[SETTLEMENT] No unsettled bets found in DB
[SETTLEMENT] Found 3418 unsettled predictions in DB
[SETTLEMENT] No unsettled bets found in DB
[SETTLEMENT] Found 3365 unsettled predictions in DB
[SETTLEMENT] No unsettled bets found in DB
[SETTLEMENT] Found 2531 unsettled predictions in DB
[SETTLEMENT] No unsettled bets found in DB
[SETTLEMENT] Found 3357 unsettled predictions in DB
[SETTLEMENT] No unsettled bets found in DB
[SETTLEMENT] Found 2684 unsettled predictions in DB
[SETTLEMENT] No unsettled bets found in DB
[SETTLEMENT] Found 2485 unsettled predictions in DB
[SETTLEMENT] No unsettled bets found in DB
[SETTLEMENT] Found 3228 unsettled predictions in DB
[SETTLEMENT] No unsettled bets found in DB
[SETTLEMENT] Found 2616 unsettled predictions in DB
[SETTLEMENT] No unsettled bets found in DB
[SETTLEMENT] Found 2613 unsettled predictions in DB
[SETTLEMENT] No unsettled bets found in DB
[SETTLEMENT] Found 2632 unsettled predictions in DB
[SETTLEMENT] No unsettled bets found in DB
[SETTLEMENT] Found 3134 unsettled predictions in DB
[SETTLEMENT] No unsettled bets found in DB
[SETTLEMENT] Found 3500 unsettled predictions in DB
[SETTLEMENT] No unsettled bets found in DB
[SETTLEMENT] Found 3334 unsettled predictions in DB
[SETTLEMENT] No unsettled bets found in DB
[SETTLEMENT] Found 2706 unsettled predictions in DB
[SETTLEMENT] No unsettled bets found in DB
[SETTLEMENT] Found 2665 unsettled predictions in DB
[SETTLEMENT] No unsettled bets found in DB
[SETTLEMENT] Found 2437 unsettled predictions in DB
[SETTLEMENT] No unsettled bets found in DB
[SETTLEMENT] Found 2613 unsettled predictions in DB
[SETTLEMENT] No unsettled bets found in DB
[SETTLEMENT] Found 2597 unsettled predictions in DB
[SETTLEMENT] No unsettled bets found in DB
[SETTLEMENT] Found 2594 unsettled predictions in DB
[SETTLEMENT] No unsettled bets found in DB
[SETTLEMENT] Found 2730 unsettled predictions in DB
[SETTLEMENT] No unsettled bets found in DB
[SETTLEMENT] Found 2562 unsettled predictions in DB
[SETTLEMENT] No unsettled bets found in DB
[SETTLEMENT] Found 2543 unsettled predictions in DB
[SETTLEMENT] No unsettled bets found in DB
[SETTLEMENT] Found 3305 unsettled predictions in DB
[SETTLEMENT] No unsettled bets found in DB
[SETTLEMENT] Found 3153 unsettled predictions in DB
[SETTLEMENT] No unsettled bets found in DB
[SETTLEMENT] Found 2486 unsettled predictions in DB
[SETTLEMENT] No unsettled bets found in DB
[SETTLEMENT] Found 3235 unsettled predictions in DB
[SETTLEMENT] No unsettled bets found in DB
[SETTLEMENT] Found 2639 unsettled predictions in DB
[SETTLEMENT] No unsettled bets found in DB
[SETTLEMENT] Found 2749 unsettled predictions in DB
[SETTLEMENT] No unsettled bets found in DB
[SETTLEMENT] Found 3181 unsettled predictions in DB
[SETTLEMENT] No unsettled bets found in DB
[SETTLEMENT] Found 2490 unsettled predictions in DB
[SETTLEMENT] No unsettled bets found in DB
[SETTLEMENT] Found 2474 unsettled predictions in DB
[SETTLEMENT] No unsettled bets found in DB
[SETTLEMENT] Found 3287 unsettled predictions in DB
[SETTLEMENT] No unsettled bets found in DB
[SETTLEMENT] Found 2651 unsettled predictions in DB
[SETTLEMENT] No unsettled bets found in DB
[SETTLEMENT] Found 2753 unsettled predictions in DB
[SETTLEMENT] No unsettled bets found in DB
[SETTLEMENT] Found 3188 unsettled predictions in DB
[SETTLEMENT] No unsettled bets found in DB
[SETTLEMENT] Found 2540 unsettled predictions in DB
[SETTLEMENT] No unsettled bets found in DB
[SETTLEMENT] Found 3370 unsettled predictions in DB
[SETTLEMENT] No unsettled bets found in DB
[SETTLEMENT] Found 2709 unsettled predictions in DB
[SETTLEMENT] No unsettled bets found in DB
[SETTLEMENT] Found 2485 unsettled predictions in DB
[SETTLEMENT] No unsettled bets found in DB
[SETTLEMENT] Found 2538 unsettled predictions in DB
[SETTLEMENT] No unsettled bets found in DB
[SETTLEMENT] Found 2443 unsettled predictions in DB
[SETTLEMENT] No unsettled bets found in DB
[SETTLEMENT] Found 2904 unsettled predictions in DB
[SETTLEMENT] No unsettled bets found in DB
[SETTLEMENT] Found 3225 unsettled predictions in DB
[SETTLEMENT] No unsettled bets found in DB
[SETTLEMENT] Found 3310 unsettled predictions in DB
[SETTLEMENT] No unsettled bets found in DB
[SETTLEMENT] Found 3202 unsettled predictions in DB
[SETTLEMENT] No unsettled bets found in DB
[SETTLEMENT] Found 2558 unsettled predictions in DB
[SETTLEMENT] No unsettled bets found in DB
[SETTLEMENT] Found 2557 unsettled predictions in DB
[SETTLEMENT] No unsettled bets found in DB
[SETTLEMENT] Found 2561 unsettled predictions in DB
[SETTLEMENT] No unsettled bets found in DB
[SETTLEMENT] Found 2563 unsettled predictions in DB
[SETTLEMENT] No unsettled bets found in DB
[SETTLEMENT] Found 3327 unsettled predictions in DB
[SETTLEMENT] No unsettled bets found in DB
[SETTLEMENT] Found 2460 unsettled predictions in DB
[SETTLEMENT] No unsettled bets found in DB
[SETTLEMENT] Found 2446 unsettled predictions in DB
[SETTLEMENT] No unsettled bets found in DB
[SETTLEMENT] Found 2623 unsettled predictions in DB
[SETTLEMENT] No unsettled bets found in DB
[SETTLEMENT] Found 2620 unsettled predictions in DB
[SETTLEMENT] No unsettled bets found in DB
[SETTLEMENT] Found 3052 unsettled predictions in DB
[SETTLEMENT] No unsettled bets found in DB
[SETTLEMENT] Found 2558 unsettled predictions in DB
[SETTLEMENT] No unsettled bets found in DB
[SETTLEMENT] Found 2560 unsettled predictions in DB
[SETTLEMENT] No unsettled bets found in DB
[SETTLEMENT] Found 3208 unsettled predictions in DB
[SETTLEMENT] No unsettled bets found in DB
[SETTLEMENT] Found 3231 unsettled predictions in DB
[SETTLEMENT] No unsettled bets found in DB
[SETTLEMENT] Found 2474 unsettled predictions in DB
[SETTLEMENT] No unsettled bets found in DB
[SETTLEMENT] Found 3123 unsettled predictions in DB
[SETTLEMENT] No unsettled bets found in DB
[SETTLEMENT] Found 2668 unsettled predictions in DB
[SETTLEMENT] No unsettled bets found in DB
[SETTLEMENT] Found 2613 unsettled predictions in DB
[SETTLEMENT] No unsettled bets found in DB
[SETTLEMENT] Found 2561 unsettled predictions in DB
[SETTLEMENT] No unsettled bets found in DB
[SETTLEMENT] Found 2511 unsettled predictions in DB
[SETTLEMENT] No unsettled bets found in DB
[SETTLEMENT] Found 2505 unsettled predictions in DB
[SETTLEMENT] No unsettled bets found in DB
[SETTLEMENT] Found 2520 unsettled predictions in DB
[SETTLEMENT] No unsettled bets found in DB
[SETTLEMENT] Found 3234 unsettled predictions in DB
[SETTLEMENT] No unsettled bets found in DB
[SETTLEMENT] Found 2448 unsettled predictions in DB
[SETTLEMENT] No unsettled bets found in DB
[SETTLEMENT] Found 3093 unsettled predictions in DB
[SETTLEMENT] No unsettled bets found in DB
[SETTLEMENT] Found 2582 unsettled predictions in DB
[SETTLEMENT] No unsettled bets found in DB
[SETTLEMENT] Found 3010 unsettled predictions in DB
[SETTLEMENT] No unsettled bets found in DB
[SETTLEMENT] Found 2950 unsettled predictions in DB
[SETTLEMENT] No unsettled bets found in DB
[SETTLEMENT] Found 2762 unsettled predictions in DB
[SETTLEMENT] No unsettled bets found in DB
[SETTLEMENT] Found 3346 unsettled predictions in DB
[SETTLEMENT] No unsettled bets found in DB
[SETTLEMENT] Found 2373 unsettled predictions in DB
[SETTLEMENT] No unsettled bets found in DB
[SETTLEMENT] Found 2557 unsettled predictions in DB
[SETTLEMENT] No unsettled bets found in DB
[SETTLEMENT] Found 3214 unsettled predictions in DB
[SETTLEMENT] No unsettled bets found in DB
[SETTLEMENT] Found 2542 unsettled predictions in DB
[SETTLEMENT] No unsettled bets found in DB
[SETTLEMENT] Found 2503 unsettled predictions in DB
[SETTLEMENT] No unsettled bets found in DB
[SETTLEMENT] Found 3143 unsettled predictions in DB
[SETTLEMENT] No unsettled bets found in DB
[SETTLEMENT] Found 2468 unsettled predictions in DB
[SETTLEMENT] No unsettled bets found in DB
[SETTLEMENT] Found 2610 unsettled predictions in DB
[SETTLEMENT] No unsettled bets found in DB
[SETTLEMENT] Found 2582 unsettled predictions in DB
[SETTLEMENT] No unsettled bets found in DB
[SETTLEMENT] Found 3176 unsettled predictions in DB
[SETTLEMENT] No unsettled bets found in DB
[SETTLEMENT] Found 2553 unsettled predictions in DB
[SETTLEMENT] No unsettled bets found in DB
[SETTLEMENT] Found 3195 unsettled predictions in DB
[SETTLEMENT] No unsettled bets found in DB
[SETTLEMENT] Found 2543 unsettled predictions in DB
[SETTLEMENT] No unsettled bets found in DB
[SETTLEMENT] Found 2531 unsettled predictions in DB
[SETTLEMENT] No unsettled bets found in DB
[SETTLEMENT] Found 2512 unsettled predictions in DB
[SETTLEMENT] No unsettled bets found in DB
[SETTLEMENT] Found 2509 unsettled predictions in DB
[SETTLEMENT] No unsettled bets found in DB
[SETTLEMENT] Found 3059 unsettled predictions in DB
[SETTLEMENT] No unsettled bets found in DB
[SETTLEMENT] Found 2480 unsettled predictions in DB
[SETTLEMENT] No unsettled bets found in DB
[SETTLEMENT] Found 3126 unsettled predictions in DB
[SETTLEMENT] No unsettled bets found in DB
[SETTLEMENT] Found 2630 unsettled predictions in DB
[SETTLEMENT] No unsettled bets found in DB
[SETTLEMENT] Found 2592 unsettled predictions in DB
[SETTLEMENT] No unsettled bets found in DB
[SETTLEMENT] Found 3034 unsettled predictions in DB
[SETTLEMENT] No unsettled bets found in DB
[SETTLEMENT] Found 2467 unsettled predictions in DB
[SETTLEMENT] No unsettled bets found in DB
[SETTLEMENT] Found 2455 unsettled predictions in DB
[SETTLEMENT] No unsettled bets found in DB
[SETTLEMENT] Found 3102 unsettled predictions in DB
[SETTLEMENT] No unsettled bets found in DB
[SETTLEMENT] Found 2610 unsettled predictions in DB
[SETTLEMENT] No unsettled bets found in DB
[SETTLEMENT] Found 2560 unsettled predictions in DB
[SETTLEMENT] No unsettled bets found in DB
[SETTLEMENT] Found 2340 unsettled predictions in DB
[SETTLEMENT] No unsettled bets found in DB
[SETTLEMENT] Found 3016 unsettled predictions in DB
[SETTLEMENT] No unsettled bets found in DB
[SETTLEMENT] Found 2649 unsettled predictions in DB
[SETTLEMENT] No unsettled bets found in DB
[SETTLEMENT] Found 3085 unsettled predictions in DB
[SETTLEMENT] No unsettled bets found in DB
[SETTLEMENT] Found 2818 unsettled predictions in DB
[SETTLEMENT] No unsettled bets found in DB
[SETTLEMENT] Found 2569 unsettled predictions in DB
[SETTLEMENT] No unsettled bets found in DB
[SETTLEMENT] Found 2997 unsettled predictions in DB
[SETTLEMENT] No unsettled bets found in DB
[SETTLEMENT] Found 2541 unsettled predictions in DB
[SETTLEMENT] No unsettled bets found in DB
[SETTLEMENT] Found 2541 unsettled predictions in DB
[SETTLEMENT] No unsettled bets found in DB
[SETTLEMENT] Found 2535 unsettled predictions in DB
[SETTLEMENT] No unsettled bets found in DB
[SETTLEMENT] Found 2633 unsettled predictions in DB
[SETTLEMENT] No unsettled bets found in DB
[SETTLEMENT] Found 2599 unsettled predictions in DB
[SETTLEMENT] No unsettled bets found in DB
[SETTLEMENT] Found 2379 unsettled predictions in DB
[SETTLEMENT] No unsettled bets found in DB
[SETTLEMENT] Found 3175 unsettled predictions in DB
[SETTLEMENT] No unsettled bets found in DB
[SETTLEMENT] Found 2546 unsettled predictions in DB
[SETTLEMENT] No unsettled bets found in DB
[SETTLEMENT] Found 2550 unsettled predictions in DB
[SETTLEMENT] No unsettled bets found in DB
[SETTLEMENT] Found 2453 unsettled predictions in DB
[SETTLEMENT] No unsettled bets found in DB
[SETTLEMENT] Found 2427 unsettled predictions in DB
[SETTLEMENT] No unsettled bets found in DB
[SETTLEMENT] Found 2426 unsettled predictions in DB
[SETTLEMENT] No unsettled bets found in DB
[SETTLEMENT] Found 2976 unsettled predictions in DB
[SETTLEMENT] No unsettled bets found in DB
[SETTLEMENT] Found 2439 unsettled predictions in DB
[SETTLEMENT] No unsettled bets found in DB
[SETTLEMENT] Found 2420 unsettled predictions in DB
[SETTLEMENT] No unsettled bets found in DB
[SETTLEMENT] Found 2960 unsettled predictions in DB
[SETTLEMENT] No unsettled bets found in DB
[SETTLEMENT] Found 3069 unsettled predictions in DB
[SETTLEMENT] No unsettled bets found in DB
[SETTLEMENT] Found 2420 unsettled predictions in DB
[SETTLEMENT] No unsettled bets found in DB
[SETTLEMENT] Found 2955 unsettled predictions in DB
[SETTLEMENT] No unsettled bets found in DB
[SETTLEMENT] Found 3066 unsettled predictions in DB
[SETTLEMENT] No unsettled bets found in DB
[SETTLEMENT] Found 2430 unsettled predictions in DB
[SETTLEMENT] No unsettled bets found in DB
[SETTLEMENT] Found 2965 unsettled predictions in DB
[SETTLEMENT] No unsettled bets found in DB
[SETTLEMENT] Found 2409 unsettled predictions in DB
[SETTLEMENT] No unsettled bets found in DB
[SETTLEMENT] Found 2381 unsettled predictions in DB
[SETTLEMENT] No unsettled bets found in DB
[SETTLEMENT] Found 2881 unsettled predictions in DB
[SETTLEMENT] No unsettled bets found in DB
[SETTLEMENT] Found 2841 unsettled predictions in DB
[SETTLEMENT] No unsettled bets found in DB
[SETTLEMENT] Found 3161 unsettled predictions in DB
[SETTLEMENT] No unsettled bets found in DB
[SETTLEMENT] Found 3233 unsettled predictions in DB
[SETTLEMENT] No unsettled bets found in DB
[SETTLEMENT] Found 2463 unsettled predictions in DB
[SETTLEMENT] No unsettled bets found in DB
[SETTLEMENT] Found 2953 unsettled predictions in DB
[SETTLEMENT] No unsettled bets found in DB
[SETTLEMENT] Found 2583 unsettled predictions in DB
[SETTLEMENT] No unsettled bets found in DB
[SETTLEMENT] Found 3075 unsettled predictions in DB
[SETTLEMENT] No unsettled bets found in DB
[SETTLEMENT] Found 2475 unsettled predictions in DB
[SETTLEMENT] No unsettled bets found in DB
[SETTLEMENT] Found 2506 unsettled predictions in DB
[SETTLEMENT] No unsettled bets found in DB
[SETTLEMENT] Found 3002 unsettled predictions in DB
[SETTLEMENT] No unsettled bets found in DB
[SETTLEMENT] Found 2428 unsettled predictions in DB
[SETTLEMENT] No unsettled bets found in DB
[SETTLEMENT] Found 2248 unsettled predictions in DB
[SETTLEMENT] No unsettled bets found in DB
[SETTLEMENT] Found 3070 unsettled predictions in DB
[SETTLEMENT] No unsettled bets found in DB
[SETTLEMENT] Found 2981 unsettled predictions in DB
[SETTLEMENT] No unsettled bets found in DB
[SETTLEMENT] Found 2801 unsettled predictions in DB
[SETTLEMENT] No unsettled bets found in DB
[SETTLEMENT] Found 3062 unsettled predictions in DB
[SETTLEMENT] No unsettled bets found in DB
[SETTLEMENT] Found 2928 unsettled predictions in DB
[SETTLEMENT] No unsettled bets found in DB
[SETTLEMENT] Found 2303 unsettled predictions in DB
[SETTLEMENT] No unsettled bets found in DB
[SETTLEMENT] Found 2786 unsettled predictions in DB
[SETTLEMENT] No unsettled bets found in DB
[SETTLEMENT] Found 2286 unsettled predictions in DB
[SETTLEMENT] No unsettled bets found in DB
[SETTLEMENT] Found 2298 unsettled predictions in DB
[SETTLEMENT] No unsettled bets found in DB
[SETTLEMENT] Found 2788 unsettled predictions in DB
[SETTLEMENT] No unsettled bets found in DB
[SETTLEMENT] Found 2428 unsettled predictions in DB
[SETTLEMENT] No unsettled bets found in DB
[SETTLEMENT] Found 2325 unsettled predictions in DB
[SETTLEMENT] No unsettled bets found in DB
[SETTLEMENT] Found 2252 unsettled predictions in DB
[SETTLEMENT] No unsettled bets found in DB
[SETTLEMENT] Found 3027 unsettled predictions in DB
[SETTLEMENT] No unsettled bets found in DB
[SETTLEMENT] Found 2917 unsettled predictions in DB
[SETTLEMENT] No unsettled bets found in DB
[SETTLEMENT] Found 2958 unsettled predictions in DB
[SETTLEMENT] No unsettled bets found in DB
[SETTLEMENT] Found 2502 unsettled predictions in DB
[SETTLEMENT] No unsettled bets found in DB
[SETTLEMENT] Found 2350 unsettled predictions in DB
[SETTLEMENT] No unsettled bets found in DB
[SETTLEMENT] Found 2312 unsettled predictions in DB
[SETTLEMENT] No unsettled bets found in DB
[SETTLEMENT] Found 2853 unsettled predictions in DB
[SETTLEMENT] No unsettled bets found in DB
[SETTLEMENT] Found 2635 unsettled predictions in DB
[SETTLEMENT] No unsettled bets found in DB
[SETTLEMENT] Found 3063 unsettled predictions in DB
[SETTLEMENT] No unsettled bets found in DB
[SETTLEMENT] Found 2972 unsettled predictions in DB
[SETTLEMENT] No unsettled bets found in DB
[SETTLEMENT] Found 2383 unsettled predictions in DB
[SETTLEMENT] No unsettled bets found in DB
[SETTLEMENT] Found 2859 unsettled predictions in DB
[SETTLEMENT] No unsettled bets found in DB
[SETTLEMENT] Found 2210 unsettled predictions in DB
[SETTLEMENT] No unsettled bets found in DB
[SETTLEMENT] Found 2988 unsettled predictions in DB
[SETTLEMENT] No unsettled bets found in DB
[SETTLEMENT] Found 2964 unsettled predictions in DB
[SETTLEMENT] No unsettled bets found in DB
[SETTLEMENT] Found 2266 unsettled predictions in DB
[SETTLEMENT] No unsettled bets found in DB
[SETTLEMENT] Found 3073 unsettled predictions in DB
[SETTLEMENT] No unsettled bets found in DB
[SETTLEMENT] Found 2906 unsettled predictions in DB
[SETTLEMENT] No unsettled bets found in DB
[SETTLEMENT] Found 2497 unsettled predictions in DB
[SETTLEMENT] No unsettled bets found in DB
[SETTLEMENT] Found 2308 unsettled predictions in DB
[SETTLEMENT] No unsettled bets found in DB
[SETTLEMENT] Found 2961 unsettled predictions in DB
[SETTLEMENT] No unsettled bets found in DB
[SETTLEMENT] Found 2552 unsettled predictions in DB
[SETTLEMENT] No unsettled bets found in DB
[SETTLEMENT] Found 3044 unsettled predictions in DB
[SETTLEMENT] No unsettled bets found in DB
[SETTLEMENT] Found 2422 unsettled predictions in DB
[SETTLEMENT] No unsettled bets found in DB
[SETTLEMENT] Found 2857 unsettled predictions in DB
[SETTLEMENT] No unsettled bets found in DB
[SETTLEMENT] Found 2426 unsettled predictions in DB
[SETTLEMENT] No unsettled bets found in DB
[SETTLEMENT] Found 2908 unsettled predictions in DB
[SETTLEMENT] No unsettled bets found in DB
[SETTLEMENT] Found 2792 unsettled predictions in DB
[SETTLEMENT] No unsettled bets found in DB
[SETTLEMENT] Found 2373 unsettled predictions in DB
[SETTLEMENT] No unsettled bets found in DB
[SETTLEMENT] Found 2887 unsettled predictions in DB
[SETTLEMENT] No unsettled bets found in DB
[SETTLEMENT] Found 3110 unsettled predictions in DB
[SETTLEMENT] No unsettled bets found in DB
[SETTLEMENT] Found 2983 unsettled predictions in DB
[SETTLEMENT] No unsettled bets found in DB
[SETTLEMENT] Found 2873 unsettled predictions in DB
[SETTLEMENT] No unsettled bets found in DB
[SETTLEMENT] Found 2519 unsettled predictions in DB
[SETTLEMENT] No unsettled bets found in DB
[SETTLEMENT] Found 2409 unsettled predictions in DB
[SETTLEMENT] No unsettled bets found in DB
[SETTLEMENT] Found 2394 unsettled predictions in DB
[SETTLEMENT] No unsettled bets found in DB
[SETTLEMENT] Found 2892 unsettled predictions in DB
[SETTLEMENT] No unsettled bets found in DB
[SETTLEMENT] Found 2760 unsettled predictions in DB
[SETTLEMENT] No unsettled bets found in DB
[SETTLEMENT] Found 3058 unsettled predictions in DB
[SETTLEMENT] No unsettled bets found in DB
[SETTLEMENT] Found 2984 unsettled predictions in DB
[SETTLEMENT] No unsettled bets found in DB
[SETTLEMENT] Found 2339 unsettled predictions in DB
[SETTLEMENT] No unsettled bets found in DB
[SETTLEMENT] Found 2358 unsettled predictions in DB
[SETTLEMENT] No unsettled bets found in DB
[SETTLEMENT] Found 2242 unsettled predictions in DB
[SETTLEMENT] No unsettled bets found in DB
[SETTLEMENT] Found 2845 unsettled predictions in DB
[SETTLEMENT] No unsettled bets found in DB
[SETTLEMENT] Found 2344 unsettled predictions in DB
[SETTLEMENT] No unsettled bets found in DB
[SETTLEMENT] Found 2821 unsettled predictions in DB
[SETTLEMENT] No unsettled bets found in DB
[SETTLEMENT] Found 2957 unsettled predictions in DB
[SETTLEMENT] No unsettled bets found in DB
[SETTLEMENT] Found 2896 unsettled predictions in DB
[SETTLEMENT] No unsettled bets found in DB
[SETTLEMENT] Found 2959 unsettled predictions in DB
[SETTLEMENT] No unsettled bets found in DB
[SETTLEMENT] Found 2274 unsettled predictions in DB
[SETTLEMENT] No unsettled bets found in DB
[SETTLEMENT] Found 2921 unsettled predictions in DB
[SETTLEMENT] No unsettled bets found in DB
[SETTLEMENT] Found 2762 unsettled predictions in DB
[SETTLEMENT] No unsettled bets found in DB
[SETTLEMENT] Found 2980 unsettled predictions in DB
[SETTLEMENT] No unsettled bets found in DB
[SETTLEMENT] Found 2377 unsettled predictions in DB
[SETTLEMENT] No unsettled bets found in DB
[SETTLEMENT] Found 3037 unsettled predictions in DB
[SETTLEMENT] No unsettled bets found in DB
[SETTLEMENT] Found 2441 unsettled predictions in DB
[SETTLEMENT] No unsettled bets found in DB
[SETTLEMENT] Found 2877 unsettled predictions in DB
[SETTLEMENT] No unsettled bets found in DB
[SETTLEMENT] Found 3074 unsettled predictions in DB
[SETTLEMENT] No unsettled bets found in DB
[SETTLEMENT] Found 2893 unsettled predictions in DB
[SETTLEMENT] No unsettled bets found in DB
[SETTLEMENT] Found 2886 unsettled predictions in DB
[SETTLEMENT] No unsettled bets found in DB
[SETTLEMENT] Found 2885 unsettled predictions in DB
[SETTLEMENT] No unsettled bets found in DB
[SETTLEMENT] Found 2169 unsettled predictions in DB
[SETTLEMENT] No unsettled bets found in DB
[SETTLEMENT] Found 2231 unsettled predictions in DB
[SETTLEMENT] No unsettled bets found in DB
[SETTLEMENT] Found 2294 unsettled predictions in DB
[SETTLEMENT] No unsettled bets found in DB
[SETTLEMENT] Found 2778 unsettled predictions in DB
[SETTLEMENT] No unsettled bets found in DB
[SETTLEMENT] Found 2836 unsettled predictions in DB
[SETTLEMENT] No unsettled bets found in DB
[SETTLEMENT] Found 2848 unsettled predictions in DB
[SETTLEMENT] No unsettled bets found in DB
[SETTLEMENT] Found 2908 unsettled predictions in DB
[SETTLEMENT] No unsettled bets found in DB
[SETTLEMENT] Found 2743 unsettled predictions in DB
[SETTLEMENT] No unsettled bets found in DB
[SETTLEMENT] Found 2487 unsettled predictions in DB
[SETTLEMENT] No unsettled bets found in DB
[SETTLEMENT] Found 3062 unsettled predictions in DB
[SETTLEMENT] No unsettled bets found in DB
[SETTLEMENT] Found 2974 unsettled predictions in DB
[SETTLEMENT] No unsettled bets found in DB
[SETTLEMENT] Found 2935 unsettled predictions in DB
[SETTLEMENT] No unsettled bets found in DB
[SETTLEMENT] Found 2920 unsettled predictions in DB
[SETTLEMENT] No unsettled bets found in DB
[SETTLEMENT] Found 2337 unsettled predictions in DB
[SETTLEMENT] No unsettled bets found in DB
[SETTLEMENT] Found 2827 unsettled predictions in DB
[SETTLEMENT] No unsettled bets found in DB
[SETTLEMENT] Found 2834 unsettled predictions in DB
[SETTLEMENT] No unsettled bets found in DB
[SETTLEMENT] Found 2284 unsettled predictions in DB
[SETTLEMENT] No unsettled bets found in DB
[SETTLEMENT] Found 2720 unsettled predictions in DB
[SETTLEMENT] No unsettled bets found in DB
[SETTLEMENT] Found 2881 unsettled predictions in DB
[SETTLEMENT] No unsettled bets found in DB
[SETTLEMENT] Found 2821 unsettled predictions in DB
[SETTLEMENT] No unsettled bets found in DB
[SETTLEMENT] Found 2120 unsettled predictions in DB
[SETTLEMENT] No unsettled bets found in DB
[SETTLEMENT] Found 2876 unsettled predictions in DB
[SETTLEMENT] No unsettled bets found in DB
[SETTLEMENT] Found 2766 unsettled predictions in DB
[SETTLEMENT] No unsettled bets found in DB
[SETTLEMENT] Found 2239 unsettled predictions in DB
[SETTLEMENT] No unsettled bets found in DB
[SETTLEMENT] Found 2222 unsettled predictions in DB
[SETTLEMENT] No unsettled bets found in DB
[SETTLEMENT] Found 2876 unsettled predictions in DB
[SETTLEMENT] No unsettled bets found in DB
[SETTLEMENT] Found 2760 unsettled predictions in DB
[SETTLEMENT] No unsettled bets found in DB
[SETTLEMENT] Found 2864 unsettled predictions in DB
[SETTLEMENT] No unsettled bets found in DB
[SETTLEMENT] Found 2963 unsettled predictions in DB
[SETTLEMENT] No unsettled bets found in DB
[SETTLEMENT] Found 2749 unsettled predictions in DB
[SETTLEMENT] No unsettled bets found in DB
[SETTLEMENT] Found 2294 unsettled predictions in DB
[SETTLEMENT] No unsettled bets found in DB
[SETTLEMENT] Found 2786 unsettled predictions in DB
[SETTLEMENT] No unsettled bets found in DB
[SETTLEMENT] Found 2708 unsettled predictions in DB
[SETTLEMENT] No unsettled bets found in DB
[SETTLEMENT] Found 2753 unsettled predictions in DB
[SETTLEMENT] No unsettled bets found in DB
[SETTLEMENT] Found 2845 unsettled predictions in DB
[SETTLEMENT] No unsettled bets found in DB
[SETTLEMENT] Found 2314 unsettled predictions in DB
[SETTLEMENT] No unsettled bets found in DB
[SETTLEMENT] Found 2811 unsettled predictions in DB
[SETTLEMENT] No unsettled bets found in DB
[SETTLEMENT] Found 2733 unsettled predictions in DB
[SETTLEMENT] No unsettled bets found in DB
[SETTLEMENT] Found 2626 unsettled predictions in DB
[SETTLEMENT] No unsettled bets found in DB
[SETTLEMENT] Found 3116 unsettled predictions in DB
[SETTLEMENT] No unsettled bets found in DB
[SETTLEMENT] Found 2913 unsettled predictions in DB
[SETTLEMENT] No unsettled bets found in DB
[SETTLEMENT] Found 2202 unsettled predictions in DB
[SETTLEMENT] No unsettled bets found in DB
[SETTLEMENT] Found 2966 unsettled predictions in DB
[SETTLEMENT] No unsettled bets found in DB
[SETTLEMENT] Found 2811 unsettled predictions in DB
[SETTLEMENT] No unsettled bets found in DB
[SETTLEMENT] Found 2211 unsettled predictions in DB
[SETTLEMENT] No unsettled bets found in DB
[SETTLEMENT] Found 2344 unsettled predictions in DB
[SETTLEMENT] No unsettled bets found in DB
[SETTLEMENT] Found 2768 unsettled predictions in DB
[SETTLEMENT] No unsettled bets found in DB
[SETTLEMENT] Found 2018 unsettled predictions in DB
[SETTLEMENT] No unsettled bets found in DB
[SETTLEMENT] Found 2779 unsettled predictions in DB
[SETTLEMENT] No unsettled bets found in DB
[SETTLEMENT] Found 2182 unsettled predictions in DB
[SETTLEMENT] No unsettled bets found in DB
[SETTLEMENT] Found 2667 unsettled predictions in DB
[SETTLEMENT] No unsettled bets found in DB
[SETTLEMENT] Found 2828 unsettled predictions in DB
[SETTLEMENT] No unsettled bets found in DB
[SETTLEMENT] Found 2776 unsettled predictions in DB
[SETTLEMENT] No unsettled bets found in DB
[SETTLEMENT] Found 2126 unsettled predictions in DB
[SETTLEMENT] No unsettled bets found in DB
[SETTLEMENT] Found 2777 unsettled predictions in DB
[SETTLEMENT] No unsettled bets found in DB
[SETTLEMENT] Found 2500 unsettled predictions in DB
[SETTLEMENT] No unsettled bets found in DB
[SETTLEMENT] Found 2610 unsettled predictions in DB
[SETTLEMENT] No unsettled bets found in DB
[SETTLEMENT] Found 2281 unsettled predictions in DB
[SETTLEMENT] No unsettled bets found in DB
[SETTLEMENT] Found 2264 unsettled predictions in DB
[SETTLEMENT] No unsettled bets found in DB
[SETTLEMENT] Found 2185 unsettled predictions in DB
[SETTLEMENT] No unsettled bets found in DB
[SETTLEMENT] Found 2334 unsettled predictions in DB
[SETTLEMENT] No unsettled bets found in DB
[SETTLEMENT] Found 2762 unsettled predictions in DB
[SETTLEMENT] No unsettled bets found in DB
[SETTLEMENT] Found 2167 unsettled predictions in DB
[SETTLEMENT] No unsettled bets found in DB
[SETTLEMENT] Found 2766 unsettled predictions in DB
[SETTLEMENT] No unsettled bets found in DB
[SETTLEMENT] Found 2218 unsettled predictions in DB
[SETTLEMENT] No unsettled bets found in DB
[SETTLEMENT] Found 2117 unsettled predictions in DB
[SETTLEMENT] No unsettled bets found in DB
[SETTLEMENT] Found 2772 unsettled predictions in DB
[SETTLEMENT] No unsettled bets found in DB
[SETTLEMENT] Found 2813 unsettled predictions in DB
[SETTLEMENT] No unsettled bets found in DB
[SETTLEMENT] Found 2634 unsettled predictions in DB
[SETTLEMENT] No unsettled bets found in DB
[SETTLEMENT] Found 2576 unsettled predictions in DB
[SETTLEMENT] No unsettled bets found in DB
[SETTLEMENT] Found 2897 unsettled predictions in DB
[SETTLEMENT] No unsettled bets found in DB
[SETTLEMENT] Found 2829 unsettled predictions in DB
[SETTLEMENT] No unsettled bets found in DB
[SETTLEMENT] Found 2668 unsettled predictions in DB
[SETTLEMENT] No unsettled bets found in DB
[SETTLEMENT] Found 2763 unsettled predictions in DB
[SETTLEMENT] No unsettled bets found in DB
[SETTLEMENT] Found 2614 unsettled predictions in DB
[SETTLEMENT] No unsettled bets found in DB
[SETTLEMENT] Found 2831 unsettled predictions in DB
[SETTLEMENT] No unsettled bets found in DB
[SETTLEMENT] Found 2750 unsettled predictions in DB
[SETTLEMENT] No unsettled bets found in DB
[SETTLEMENT] Found 2213 unsettled predictions in DB
[SETTLEMENT] No unsettled bets found in DB
[SETTLEMENT] Found 2304 unsettled predictions in DB
[SETTLEMENT] No unsettled bets found in DB
[SETTLEMENT] Found 2796 unsettled predictions in DB
[SETTLEMENT] No unsettled bets found in DB
[SETTLEMENT] Found 2246 unsettled predictions in DB
[SETTLEMENT] No unsettled bets found in DB
[SETTLEMENT] Found 2793 unsettled predictions in DB
[SETTLEMENT] No unsettled bets found in DB
[SETTLEMENT] Found 2803 unsettled predictions in DB
[SETTLEMENT] No unsettled bets found in DB
[SETTLEMENT] Found 2730 unsettled predictions in DB
[SETTLEMENT] No unsettled bets found in DB
[SETTLEMENT] Found 2633 unsettled predictions in DB
[SETTLEMENT] No unsettled bets found in DB
[SETTLEMENT] Found 2627 unsettled predictions in DB
[SETTLEMENT] No unsettled bets found in DB
[SETTLEMENT] Found 2731 unsettled predictions in DB
[SETTLEMENT] No unsettled bets found in DB
[SETTLEMENT] Found 2062 unsettled predictions in DB
[SETTLEMENT] No unsettled bets found in DB
[SETTLEMENT] Found 2115 unsettled predictions in DB
[SETTLEMENT] No unsettled bets found in DB
[SETTLEMENT] Found 2174 unsettled predictions in DB
[SETTLEMENT] No unsettled bets found in DB
[SETTLEMENT] Found 2832 unsettled predictions in DB
[SETTLEMENT] No unsettled bets found in DB
[SETTLEMENT] Found 2806 unsettled predictions in DB
[SETTLEMENT] No unsettled bets found in DB
[SETTLEMENT] Found 2256 unsettled predictions in DB
[SETTLEMENT] No unsettled bets found in DB
[SETTLEMENT] Found 2700 unsettled predictions in DB
[SETTLEMENT] No unsettled bets found in DB
[SETTLEMENT] Found 2861 unsettled predictions in DB
[SETTLEMENT] No unsettled bets found in DB
[SETTLEMENT] Found 2244 unsettled predictions in DB
[SETTLEMENT] No unsettled bets found in DB
[SETTLEMENT] Found 2746 unsettled predictions in DB
[SETTLEMENT] No unsettled bets found in DB
[SETTLEMENT] Found 2770 unsettled predictions in DB
[SETTLEMENT] No unsettled bets found in DB
[SETTLEMENT] Found 2646 unsettled predictions in DB
[SETTLEMENT] No unsettled bets found in DB
[SETTLEMENT] Found 2038 unsettled predictions in DB
[SETTLEMENT] No unsettled bets found in DB
[SETTLEMENT] Found 2588 unsettled predictions in DB
[SETTLEMENT] No unsettled bets found in DB
[SETTLEMENT] Found 2918 unsettled predictions in DB
[SETTLEMENT] No unsettled bets found in DB
[SETTLEMENT] Found 2886 unsettled predictions in DB
[SETTLEMENT] No unsettled bets found in DB
[SETTLEMENT] Found 2044 unsettled predictions in DB
[SETTLEMENT] No unsettled bets found in DB
[SETTLEMENT] Found 2105 unsettled predictions in DB
[SETTLEMENT] No unsettled bets found in DB
[SETTLEMENT] Found 2178 unsettled predictions in DB
[SETTLEMENT] No unsettled bets found in DB
[SETTLEMENT] Found 2222 unsettled predictions in DB
[SETTLEMENT] No unsettled bets found in DB
[SETTLEMENT] Found 2865 unsettled predictions in DB
[SETTLEMENT] No unsettled bets found in DB
[SETTLEMENT] Found 2703 unsettled predictions in DB
[SETTLEMENT] No unsettled bets found in DB
[SETTLEMENT] Found 2282 unsettled predictions in DB
[SETTLEMENT] No unsettled bets found in DB
[SETTLEMENT] Found 2299 unsettled predictions in DB
[SETTLEMENT] No unsettled bets found in DB
[SETTLEMENT] Found 2156 unsettled predictions in DB
[SETTLEMENT] No unsettled bets found in DB
[SETTLEMENT] Found 2301 unsettled predictions in DB
[SETTLEMENT] No unsettled bets found in DB
[SETTLEMENT] Found 2787 unsettled predictions in DB
[SETTLEMENT] No unsettled bets found in DB
[SETTLEMENT] Found 2705 unsettled predictions in DB
[SETTLEMENT] No unsettled bets found in DB
[SETTLEMENT] Found 2760 unsettled predictions in DB
[SETTLEMENT] No unsettled bets found in DB
[SETTLEMENT] Found 2667 unsettled predictions in DB
[SETTLEMENT] No unsettled bets found in DB
[SETTLEMENT] Found 2714 unsettled predictions in DB
[SETTLEMENT] No unsettled bets found in DB
[SETTLEMENT] Found 2737 unsettled predictions in DB
[SETTLEMENT] No unsettled bets found in DB
[SETTLEMENT] Found 2659 unsettled predictions in DB
[SETTLEMENT] No unsettled bets found in DB
[SETTLEMENT] Found 2605 unsettled predictions in DB
[SETTLEMENT] No unsettled bets found in DB
[SETTLEMENT] Found 2519 unsettled predictions in DB
[SETTLEMENT] No unsettled bets found in DB
[SETTLEMENT] Found 2670 unsettled predictions in DB
[SETTLEMENT] No unsettled bets found in DB
[SETTLEMENT] Found 2186 unsettled predictions in DB
[SETTLEMENT] No unsettled bets found in DB
[SETTLEMENT] Found 2084 unsettled predictions in DB
[SETTLEMENT] No unsettled bets found in DB
[SETTLEMENT] Found 2257 unsettled predictions in DB
[SETTLEMENT] No unsettled bets found in DB
[SETTLEMENT] Found 2743 unsettled predictions in DB
[SETTLEMENT] No unsettled bets found in DB
[SETTLEMENT] Found 2772 unsettled predictions in DB
[SETTLEMENT] No unsettled bets found in DB
[SETTLEMENT] Found 2654 unsettled predictions in DB
[SETTLEMENT] No unsettled bets found in DB
[SETTLEMENT] Found 2760 unsettled predictions in DB
[SETTLEMENT] No unsettled bets found in DB
[SETTLEMENT] Found 2548 unsettled predictions in DB
[SETTLEMENT] No unsettled bets found in DB
[SETTLEMENT] Found 2620 unsettled predictions in DB
[SETTLEMENT] No unsettled bets found in DB
[SETTLEMENT] Found 2616 unsettled predictions in DB
[SETTLEMENT] No unsettled bets found in DB
[SETTLEMENT] Found 2774 unsettled predictions in DB
[SETTLEMENT] No unsettled bets found in DB
[SETTLEMENT] Found 2169 unsettled predictions in DB
[SETTLEMENT] No unsettled bets found in DB
[SETTLEMENT] Found 2055 unsettled predictions in DB
[SETTLEMENT] No unsettled bets found in DB
[SETTLEMENT] Found 2677 unsettled predictions in DB
[SETTLEMENT] No unsettled bets found in DB
[SETTLEMENT] Found 2710 unsettled predictions in DB
[SETTLEMENT] No unsettled bets found in DB
[SETTLEMENT] Found 2635 unsettled predictions in DB
[SETTLEMENT] No unsettled bets found in DB
[SETTLEMENT] Found 2727 unsettled predictions in DB
[SETTLEMENT] No unsettled bets found in DB
[SETTLEMENT] Found 2894 unsettled predictions in DB
[SETTLEMENT] No unsettled bets found in DB
[SETTLEMENT] Found 2724 unsettled predictions in DB
[SETTLEMENT] No unsettled bets found in DB
[SETTLEMENT] Found 2128 unsettled predictions in DB
[SETTLEMENT] No unsettled bets found in DB
[SETTLEMENT] Found 2733 unsettled predictions in DB
[SETTLEMENT] No unsettled bets found in DB
[SETTLEMENT] Found 2181 unsettled predictions in DB
[SETTLEMENT] No unsettled bets found in DB
[SETTLEMENT] Found 2784 unsettled predictions in DB
[SETTLEMENT] No unsettled bets found in DB
[SETTLEMENT] Found 2820 unsettled predictions in DB
[SETTLEMENT] No unsettled bets found in DB
[SETTLEMENT] Found 2701 unsettled predictions in DB
[SETTLEMENT] No unsettled bets found in DB
[SETTLEMENT] Found 2002 unsettled predictions in DB
[SETTLEMENT] No unsettled bets found in DB
[SETTLEMENT] Found 2200 unsettled predictions in DB
[SETTLEMENT] No unsettled bets found in DB
[SETTLEMENT] Found 2096 unsettled predictions in DB
[SETTLEMENT] No unsettled bets found in DB
[SETTLEMENT] Found 1991 unsettled predictions in DB
[SETTLEMENT] No unsettled bets found in DB
[SETTLEMENT] Found 1893 unsettled predictions in DB
[SETTLEMENT] No unsettled bets found in DB
[SETTLEMENT] Found 2122 unsettled predictions in DB
[SETTLEMENT] No unsettled bets found in DB
[SETTLEMENT] Found 2613 unsettled predictions in DB
[SETTLEMENT] No unsettled bets found in DB
[SETTLEMENT] Found 2536 unsettled predictions in DB
[SETTLEMENT] No unsettled bets found in DB
[SETTLEMENT] Found 2740 unsettled predictions in DB
[SETTLEMENT] No unsettled bets found in DB
[SETTLEMENT] Found 2810 unsettled predictions in DB
[SETTLEMENT] No unsettled bets found in DB
[SETTLEMENT] Found 2192 unsettled predictions in DB
[SETTLEMENT] No unsettled bets found in DB
[SETTLEMENT] Found 2195 unsettled predictions in DB
[SETTLEMENT] No unsettled bets found in DB
[SETTLEMENT] Found 2631 unsettled predictions in DB
[SETTLEMENT] No unsettled bets found in DB
[SETTLEMENT] Found 2745 unsettled predictions in DB
[SETTLEMENT] No unsettled bets found in DB
[SETTLEMENT] Found 2516 unsettled predictions in DB
[SETTLEMENT] No unsettled bets found in DB
[SETTLEMENT] Found 2249 unsettled predictions in DB
[SETTLEMENT] No unsettled bets found in DB
[SETTLEMENT] Found 2740 unsettled predictions in DB
[SETTLEMENT] No unsettled bets found in DB
[SETTLEMENT] Found 2088 unsettled predictions in DB
[SETTLEMENT] No unsettled bets found in DB
[SETTLEMENT] Found 2579 unsettled predictions in DB
[SETTLEMENT] No unsettled bets found in DB
[SETTLEMENT] Found 2631 unsettled predictions in DB
[SETTLEMENT] No unsettled bets found in DB
[SETTLEMENT] Found 2635 unsettled predictions in DB
[SETTLEMENT] No unsettled bets found in DB
[SETTLEMENT] Found 2022 unsettled predictions in DB
[SETTLEMENT] No unsettled bets found in DB
[SETTLEMENT] Found 1899 unsettled predictions in DB
[SETTLEMENT] No unsettled bets found in DB
[SETTLEMENT] Found 2649 unsettled predictions in DB
[SETTLEMENT] No unsettled bets found in DB
[SETTLEMENT] Found 2547 unsettled predictions in DB
[SETTLEMENT] No unsettled bets found in DB
[SETTLEMENT] Found 2616 unsettled predictions in DB
[SETTLEMENT] No unsettled bets found in DB
[SETTLEMENT] Found 2575 unsettled predictions in DB
[SETTLEMENT] No unsettled bets found in DB
[SETTLEMENT] Found 2664 unsettled predictions in DB
[SETTLEMENT] No unsettled bets found in DB
[SETTLEMENT] Found 2055 unsettled predictions in DB
[SETTLEMENT] No unsettled bets found in DB
[SETTLEMENT] Found 2640 unsettled predictions in DB
[SETTLEMENT] No unsettled bets found in DB
[SETTLEMENT] Found 2747 unsettled predictions in DB
[SETTLEMENT] No unsettled bets found in DB
[SETTLEMENT] Found 2566 unsettled predictions in DB
[SETTLEMENT] No unsettled bets found in DB
[SETTLEMENT] Found 2576 unsettled predictions in DB
[SETTLEMENT] No unsettled bets found in DB
[SETTLEMENT] Found 2614 unsettled predictions in DB
[SETTLEMENT] No unsettled bets found in DB
[SETTLEMENT] Found 2505 unsettled predictions in DB
[SETTLEMENT] No unsettled bets found in DB
[SETTLEMENT] Found 2056 unsettled predictions in DB
[SETTLEMENT] No unsettled bets found in DB
[SETTLEMENT] Found 1952 unsettled predictions in DB
[SETTLEMENT] No unsettled bets found in DB
[SETTLEMENT] Found 2446 unsettled predictions in DB
[SETTLEMENT] No unsettled bets found in DB
[SETTLEMENT] Found 2657 unsettled predictions in DB
[SETTLEMENT] No unsettled bets found in DB
[SETTLEMENT] Found 2042 unsettled predictions in DB
[SETTLEMENT] No unsettled bets found in DB
[SETTLEMENT] Found 2323 unsettled predictions in DB
[SETTLEMENT] No unsettled bets found in DB
[SETTLEMENT] Found 2762 unsettled predictions in DB
[SETTLEMENT] No unsettled bets found in DB
[SETTLEMENT] Found 2801 unsettled predictions in DB
[SETTLEMENT] No unsettled bets found in DB
[SETTLEMENT] Found 2626 unsettled predictions in DB
[SETTLEMENT] No unsettled bets found in DB
[SETTLEMENT] Found 2094 unsettled predictions in DB
[SETTLEMENT] No unsettled bets found in DB
[SETTLEMENT] Found 2524 unsettled predictions in DB
[SETTLEMENT] No unsettled bets found in DB
[SETTLEMENT] Found 3005 unsettled predictions in DB
[SETTLEMENT] No unsettled bets found in DB
[SETTLEMENT] Found 2672 unsettled predictions in DB
[SETTLEMENT] No unsettled bets found in DB
[SETTLEMENT] Found 2081 unsettled predictions in DB
[SETTLEMENT] No unsettled bets found in DB
[SETTLEMENT] Found 2568 unsettled predictions in DB
[SETTLEMENT] No unsettled bets found in DB
[SETTLEMENT] Found 1881 unsettled predictions in DB
[SETTLEMENT] No unsettled bets found in DB
[SETTLEMENT] Found 2706 unsettled predictions in DB
[SETTLEMENT] No unsettled bets found in DB
[SETTLEMENT] Found 2596 unsettled predictions in DB
[SETTLEMENT] No unsettled bets found in DB
[SETTLEMENT] Found 2062 unsettled predictions in DB
[SETTLEMENT] No unsettled bets found in DB
[SETTLEMENT] Found 1971 unsettled predictions in DB
[SETTLEMENT] No unsettled bets found in DB
[SETTLEMENT] Found 2619 unsettled predictions in DB
[SETTLEMENT] No unsettled bets found in DB
[SETTLEMENT] Found 2535 unsettled predictions in DB
[SETTLEMENT] No unsettled bets found in DB
[SETTLEMENT] Found 2560 unsettled predictions in DB
[SETTLEMENT] No unsettled bets found in DB
[SETTLEMENT] Found 2722 unsettled predictions in DB
[SETTLEMENT] No unsettled bets found in DB
[SETTLEMENT] Found 2591 unsettled predictions in DB
[SETTLEMENT] No unsettled bets found in DB
[SETTLEMENT] Found 2138 unsettled predictions in DB
[SETTLEMENT] No unsettled bets found in DB
[SETTLEMENT] Found 2636 unsettled predictions in DB
[SETTLEMENT] No unsettled bets found in DB
[SETTLEMENT] Found 2197 unsettled predictions in DB
[SETTLEMENT] No unsettled bets found in DB
[SETTLEMENT] Found 2676 unsettled predictions in DB
[SETTLEMENT] No unsettled bets found in DB
[SETTLEMENT] Found 2720 unsettled predictions in DB
[SETTLEMENT] No unsettled bets found in DB
[SETTLEMENT] Found 2727 unsettled predictions in DB
[SETTLEMENT] No unsettled bets found in DB
[SETTLEMENT] Found 2624 unsettled predictions in DB
[SETTLEMENT] No unsettled bets found in DB
[SETTLEMENT] Found 2076 unsettled predictions in DB
[SETTLEMENT] No unsettled bets found in DB
[SETTLEMENT] Found 2112 unsettled predictions in DB
[SETTLEMENT] No unsettled bets found in DB
[SETTLEMENT] Found 2589 unsettled predictions in DB
[SETTLEMENT] No unsettled bets found in DB
[SETTLEMENT] Found 2050 unsettled predictions in DB
[SETTLEMENT] No unsettled bets found in DB
[SETTLEMENT] Found 2702 unsettled predictions in DB
[SETTLEMENT] No unsettled bets found in DB
[SETTLEMENT] Found 2592 unsettled predictions in DB
[SETTLEMENT] No unsettled bets found in DB
[SETTLEMENT] Found 2652 unsettled predictions in DB
[SETTLEMENT] No unsettled bets found in DB
[SETTLEMENT] Found 2547 unsettled predictions in DB
[SETTLEMENT] No unsettled bets found in DB
[SETTLEMENT] Found 2679 unsettled predictions in DB
[SETTLEMENT] No unsettled bets found in DB
[SETTLEMENT] Found 2590 unsettled predictions in DB
[SETTLEMENT] No unsettled bets found in DB
[SETTLEMENT] Found 2200 unsettled predictions in DB
[SETTLEMENT] No unsettled bets found in DB
[SETTLEMENT] Found 2730 unsettled predictions in DB
[SETTLEMENT] No unsettled bets found in DB
[SETTLEMENT] Found 2320 unsettled predictions in DB
[SETTLEMENT] No unsettled bets found in DB
[SETTLEMENT] Found 2448 unsettled predictions in DB
[SETTLEMENT] No unsettled bets found in DB
[SETTLEMENT] Found 2633 unsettled predictions in DB
[SETTLEMENT] No unsettled bets found in DB
[SETTLEMENT] Found 2581 unsettled predictions in DB
[SETTLEMENT] No unsettled bets found in DB
[SETTLEMENT] Found 2449 unsettled predictions in DB
[SETTLEMENT] No unsettled bets found in DB
[SETTLEMENT] Found 2588 unsettled predictions in DB
[SETTLEMENT] No unsettled bets found in DB
[SETTLEMENT] Found 2545 unsettled predictions in DB
[SETTLEMENT] No unsettled bets found in DB
[SETTLEMENT] Found 2428 unsettled predictions in DB
[SETTLEMENT] No unsettled bets found in DB
[SETTLEMENT] Found 2479 unsettled predictions in DB
[SETTLEMENT] No unsettled bets found in DB
[SETTLEMENT] Found 1979 unsettled predictions in DB
[SETTLEMENT] No unsettled bets found in DB
[SETTLEMENT] Found 1892 unsettled predictions in DB
[SETTLEMENT] No unsettled bets found in DB
[SETTLEMENT] Found 2491 unsettled predictions in DB
[SETTLEMENT] No unsettled bets found in DB
[SETTLEMENT] Found 2602 unsettled predictions in DB
[SETTLEMENT] No unsettled bets found in DB
[SETTLEMENT] Found 1988 unsettled predictions in DB
[SETTLEMENT] No unsettled bets found in DB
[SETTLEMENT] Found 2568 unsettled predictions in DB
[SETTLEMENT] No unsettled bets found in DB
[SETTLEMENT] Found 2500 unsettled predictions in DB
[SETTLEMENT] No unsettled bets found in DB
[SETTLEMENT] Found 2536 unsettled predictions in DB
[SETTLEMENT] No unsettled bets found in DB
[SETTLEMENT] Found 2117 unsettled predictions in DB
[SETTLEMENT] No unsettled bets found in DB
[SETTLEMENT] Found 2610 unsettled predictions in DB
[SETTLEMENT] No unsettled bets found in DB
[SETTLEMENT] Found 2484 unsettled predictions in DB
[SETTLEMENT] No unsettled bets found in DB
[SETTLEMENT] Found 2028 unsettled predictions in DB
[SETTLEMENT] No unsettled bets found in DB
[SETTLEMENT] Found 1928 unsettled predictions in DB
[SETTLEMENT] No unsettled bets found in DB
[SETTLEMENT] Found 2421 unsettled predictions in DB
[SETTLEMENT] No unsettled bets found in DB
[SETTLEMENT] Found 2534 unsettled predictions in DB
[SETTLEMENT] No unsettled bets found in DB
[SETTLEMENT] Found 2034 unsettled predictions in DB
[SETTLEMENT] No unsettled bets found in DB
[SETTLEMENT] Found 1947 unsettled predictions in DB
[SETTLEMENT] No unsettled bets found in DB
[SETTLEMENT] Found 2542 unsettled predictions in DB
[SETTLEMENT] No unsettled bets found in DB
[SETTLEMENT] Found 2413 unsettled predictions in DB
[SETTLEMENT] No unsettled bets found in DB
[SETTLEMENT] Found 2350 unsettled predictions in DB
[SETTLEMENT] No unsettled bets found in DB
[SETTLEMENT] Found 2732 unsettled predictions in DB
[SETTLEMENT] No unsettled bets found in DB
[SETTLEMENT] Found 2806 unsettled predictions in DB
[SETTLEMENT] No unsettled bets found in DB
[SETTLEMENT] Found 1978 unsettled predictions in DB
[SETTLEMENT] No unsettled bets found in DB
[SETTLEMENT] Found 2132 unsettled predictions in DB
[SETTLEMENT] No unsettled bets found in DB
[SETTLEMENT] Found 2022 unsettled predictions in DB
[SETTLEMENT] No unsettled bets found in DB
[SETTLEMENT] Found 2020 unsettled predictions in DB
[SETTLEMENT] No unsettled bets found in DB
[SETTLEMENT] Found 2509 unsettled predictions in DB
[SETTLEMENT] No unsettled bets found in DB
[SETTLEMENT] Found 2512 unsettled predictions in DB
[SETTLEMENT] No unsettled bets found in DB
[SETTLEMENT] Found 2571 unsettled predictions in DB
[SETTLEMENT] No unsettled bets found in DB
[SETTLEMENT] Found 2631 unsettled predictions in DB
[SETTLEMENT] No unsettled bets found in DB
[SETTLEMENT] Found 1961 unsettled predictions in DB
[SETTLEMENT] No unsettled bets found in DB
[SETTLEMENT] Found 1892 unsettled predictions in DB
[SETTLEMENT] No unsettled bets found in DB
[SETTLEMENT] Found 2349 unsettled predictions in DB
[SETTLEMENT] No unsettled bets found in DB
[SETTLEMENT] Found 2417 unsettled predictions in DB
[SETTLEMENT] No unsettled bets found in DB
[SETTLEMENT] Found 2516 unsettled predictions in DB
[SETTLEMENT] No unsettled bets found in DB
[SETTLEMENT] Found 2378 unsettled predictions in DB
[SETTLEMENT] No unsettled bets found in DB
[SETTLEMENT] Found 2563 unsettled predictions in DB
[SETTLEMENT] No unsettled bets found in DB
[SETTLEMENT] Found 1862 unsettled predictions in DB
[SETTLEMENT] No unsettled bets found in DB
[SETTLEMENT] Found 1893 unsettled predictions in DB
[SETTLEMENT] No unsettled bets found in DB
[SETTLEMENT] Found 2431 unsettled predictions in DB
[SETTLEMENT] No unsettled bets found in DB
[SETTLEMENT] Found 2529 unsettled predictions in DB
[SETTLEMENT] No unsettled bets found in DB
[SETTLEMENT] Found 2407 unsettled predictions in DB
[SETTLEMENT] No unsettled bets found in DB
[SETTLEMENT] Found 2500 unsettled predictions in DB
[SETTLEMENT] No unsettled bets found in DB
[SETTLEMENT] Found 1832 unsettled predictions in DB
[SETTLEMENT] No unsettled bets found in DB
[SETTLEMENT] Found 2328 unsettled predictions in DB
[SETTLEMENT] No unsettled bets found in DB
[SETTLEMENT] Found 1946 unsettled predictions in DB
[SETTLEMENT] No unsettled bets found in DB
[SETTLEMENT] Found 2432 unsettled predictions in DB
[SETTLEMENT] No unsettled bets found in DB
[SETTLEMENT] Found 2360 unsettled predictions in DB
[SETTLEMENT] No unsettled bets found in DB
[SETTLEMENT] Found 2466 unsettled predictions in DB
[SETTLEMENT] No unsettled bets found in DB
[SETTLEMENT] Found 2460 unsettled predictions in DB
[SETTLEMENT] No unsettled bets found in DB
[SETTLEMENT] Found 2360 unsettled predictions in DB
[SETTLEMENT] No unsettled bets found in DB
[SETTLEMENT] Found 2746 unsettled predictions in DB
[SETTLEMENT] No unsettled bets found in DB
[SETTLEMENT] Found 2691 unsettled predictions in DB
[SETTLEMENT] No unsettled bets found in DB
[SETTLEMENT] Found 2017 unsettled predictions in DB
[SETTLEMENT] No unsettled bets found in DB
[SETTLEMENT] Found 2449 unsettled predictions in DB
[SETTLEMENT] No unsettled bets found in DB
[SETTLEMENT] Found 2016 unsettled predictions in DB
[SETTLEMENT] No unsettled bets found in DB
[SETTLEMENT] Found 1861 unsettled predictions in DB
[SETTLEMENT] No unsettled bets found in DB
[SETTLEMENT] Found 2503 unsettled predictions in DB
[SETTLEMENT] No unsettled bets found in DB
[SETTLEMENT] Found 2550 unsettled predictions in DB
[SETTLEMENT] No unsettled bets found in DB
[SETTLEMENT] Found 2559 unsettled predictions in DB
[SETTLEMENT] No unsettled bets found in DB
[SETTLEMENT] Found 2471 unsettled predictions in DB
[SETTLEMENT] No unsettled bets found in DB
[SETTLEMENT] Found 2550 unsettled predictions in DB
[SETTLEMENT] No unsettled bets found in DB
[SETTLEMENT] Found 1995 unsettled predictions in DB
[SETTLEMENT] No unsettled bets found in DB
[SETTLEMENT] Found 2489 unsettled predictions in DB
[SETTLEMENT] No unsettled bets found in DB
[SETTLEMENT] Found 2537 unsettled predictions in DB
[SETTLEMENT] No unsettled bets found in DB
[SETTLEMENT] Found 2490 unsettled predictions in DB
[SETTLEMENT] No unsettled bets found in DB
[SETTLEMENT] Found 2374 unsettled predictions in DB
[SETTLEMENT] No unsettled bets found in DB
[SETTLEMENT] Found 1977 unsettled predictions in DB
[SETTLEMENT] No unsettled bets found in DB
[SETTLEMENT] Found 1894 unsettled predictions in DB
[SETTLEMENT] No unsettled bets found in DB
[SETTLEMENT] Found 2379 unsettled predictions in DB
[SETTLEMENT] No unsettled bets found in DB
[SETTLEMENT] Found 1996 unsettled predictions in DB
[SETTLEMENT] No unsettled bets found in DB
[SETTLEMENT] Found 2008 unsettled predictions in DB
[SETTLEMENT] No unsettled bets found in DB
[SETTLEMENT] Found 2483 unsettled predictions in DB
[SETTLEMENT] No unsettled bets found in DB
[SETTLEMENT] Found 2046 unsettled predictions in DB
[SETTLEMENT] No unsettled bets found in DB
[SETTLEMENT] Found 2474 unsettled predictions in DB
[SETTLEMENT] No unsettled bets found in DB
[SETTLEMENT] Found 2524 unsettled predictions in DB
[SETTLEMENT] No unsettled bets found in DB
[SETTLEMENT] Found 2571 unsettled predictions in DB
[SETTLEMENT] No unsettled bets found in DB
[SETTLEMENT] Found 2394 unsettled predictions in DB
[SETTLEMENT] No unsettled bets found in DB
[SETTLEMENT] Found 2437 unsettled predictions in DB
[SETTLEMENT] No unsettled bets found in DB
[SETTLEMENT] Found 2488 unsettled predictions in DB
[SETTLEMENT] No unsettled bets found in DB
[SETTLEMENT] Found 1841 unsettled predictions in DB
[SETTLEMENT] No unsettled bets found in DB
[SETTLEMENT] Found 2330 unsettled predictions in DB
[SETTLEMENT] No unsettled bets found in DB
[SETTLEMENT] Found 1992 unsettled predictions in DB
[SETTLEMENT] No unsettled bets found in DB
[SETTLEMENT] Found 2586 unsettled predictions in DB
[SETTLEMENT] No unsettled bets found in DB
[SETTLEMENT] Found 2370 unsettled predictions in DB
[SETTLEMENT] No unsettled bets found in DB
[SETTLEMENT] Found 2406 unsettled predictions in DB
[SETTLEMENT] No unsettled bets found in DB
[SETTLEMENT] Found 2391 unsettled predictions in DB
[SETTLEMENT] No unsettled bets found in DB
[SETTLEMENT] Found 2496 unsettled predictions in DB
[SETTLEMENT] No unsettled bets found in DB
[SETTLEMENT] Found 2391 unsettled predictions in DB
[SETTLEMENT] No unsettled bets found in DB
[SETTLEMENT] Found 1970 unsettled predictions in DB
[SETTLEMENT] No unsettled bets found in DB
[SETTLEMENT] Found 2410 unsettled predictions in DB
[SETTLEMENT] No unsettled bets found in DB
[SETTLEMENT] Found 2458 unsettled predictions in DB
[SETTLEMENT] No unsettled bets found in DB
[SETTLEMENT] Found 2423 unsettled predictions in DB
[SETTLEMENT] No unsettled bets found in DB
[SETTLEMENT] Found 2467 unsettled predictions in DB
[SETTLEMENT] No unsettled bets found in DB
[SETTLEMENT] Found 2367 unsettled predictions in DB
[SETTLEMENT] No unsettled bets found in DB
[SETTLEMENT] Found 2388 unsettled predictions in DB
[SETTLEMENT] No unsettled bets found in DB
[SETTLEMENT] Found 2382 unsettled predictions in DB
[SETTLEMENT] No unsettled bets found in DB
[SETTLEMENT] Found 2262 unsettled predictions in DB
[SETTLEMENT] No unsettled bets found in DB
[SETTLEMENT] Found 2412 unsettled predictions in DB
[SETTLEMENT] No unsettled bets found in DB
[SETTLEMENT] Found 1816 unsettled predictions in DB
[SETTLEMENT] No unsettled bets found in DB
[SETTLEMENT] Found 1758 unsettled predictions in DB
[SETTLEMENT] No unsettled bets found in DB
[SETTLEMENT] Found 2347 unsettled predictions in DB
[SETTLEMENT] No unsettled bets found in DB
[SETTLEMENT] Found 2455 unsettled predictions in DB
[SETTLEMENT] No unsettled bets found in DB
[SETTLEMENT] Found 2366 unsettled predictions in DB
[SETTLEMENT] No unsettled bets found in DB
[SETTLEMENT] Found 2541 unsettled predictions in DB
[SETTLEMENT] No unsettled bets found in DB
[SETTLEMENT] Found 2495 unsettled predictions in DB
[SETTLEMENT] No unsettled bets found in DB
[SETTLEMENT] Found 1888 unsettled predictions in DB
[SETTLEMENT] No unsettled bets found in DB
[SETTLEMENT] Found 2423 unsettled predictions in DB
[SETTLEMENT] No unsettled bets found in DB
[SETTLEMENT] Found 2505 unsettled predictions in DB
[SETTLEMENT] No unsettled bets found in DB
[SETTLEMENT] Found 1877 unsettled predictions in DB
[SETTLEMENT] No unsettled bets found in DB
[SETTLEMENT] Found 1939 unsettled predictions in DB
[SETTLEMENT] No unsettled bets found in DB
[SETTLEMENT] Found 2367 unsettled predictions in DB
[SETTLEMENT] No unsettled bets found in DB
[SETTLEMENT] Found 2177 unsettled predictions in DB
[SETTLEMENT] No unsettled bets found in DB
[SETTLEMENT] Found 2498 unsettled predictions in DB
[SETTLEMENT] No unsettled bets found in DB
[SETTLEMENT] Found 1920 unsettled predictions in DB
[SETTLEMENT] No unsettled bets found in DB
[SETTLEMENT] Found 2413 unsettled predictions in DB
[SETTLEMENT] No unsettled bets found in DB
[SETTLEMENT] Found 2304 unsettled predictions in DB
[SETTLEMENT] No unsettled bets found in DB
[SETTLEMENT] Found 2337 unsettled predictions in DB
[SETTLEMENT] No unsettled bets found in DB
[SETTLEMENT] Found 2434 unsettled predictions in DB
[SETTLEMENT] No unsettled bets found in DB
[SETTLEMENT] Found 2318 unsettled predictions in DB
[SETTLEMENT] No unsettled bets found in DB
[SETTLEMENT] Found 1948 unsettled predictions in DB
[SETTLEMENT] No unsettled bets found in DB
[SETTLEMENT] Found 2383 unsettled predictions in DB
[SETTLEMENT] No unsettled bets found in DB
[SETTLEMENT] Found 2437 unsettled predictions in DB
[SETTLEMENT] No unsettled bets found in DB
[SETTLEMENT] Found 2419 unsettled predictions in DB
[SETTLEMENT] No unsettled bets found in DB
[SETTLEMENT] Found 2464 unsettled predictions in DB
[SETTLEMENT] No unsettled bets found in DB
[SETTLEMENT] Found 2287 unsettled predictions in DB
[SETTLEMENT] No unsettled bets found in DB
[SETTLEMENT] Found 2432 unsettled predictions in DB
[SETTLEMENT] No unsettled bets found in DB
[SETTLEMENT] Found 2374 unsettled predictions in DB
[SETTLEMENT] No unsettled bets found in DB
[SETTLEMENT] Found 1734 unsettled predictions in DB
[SETTLEMENT] No unsettled bets found in DB
[SETTLEMENT] Found 1788 unsettled predictions in DB
[SETTLEMENT] No unsettled bets found in DB
[SETTLEMENT] Found 1705 unsettled predictions in DB
[SETTLEMENT] No unsettled bets found in DB
[SETTLEMENT] Found 2357 unsettled predictions in DB
[SETTLEMENT] No unsettled bets found in DB
[SETTLEMENT] Found 1840 unsettled predictions in DB
[SETTLEMENT] No unsettled bets found in DB
[SETTLEMENT] Found 2323 unsettled predictions in DB
[SETTLEMENT] No unsettled bets found in DB
[SETTLEMENT] Found 1748 unsettled predictions in DB
[SETTLEMENT] No unsettled bets found in DB
[SETTLEMENT] Found 1821 unsettled predictions in DB
[SETTLEMENT] No unsettled bets found in DB
[SETTLEMENT] Found 2466 unsettled predictions in DB
[SETTLEMENT] No unsettled bets found in DB
[SETTLEMENT] Found 2357 unsettled predictions in DB
[SETTLEMENT] No unsettled bets found in DB
[SETTLEMENT] Found 1982 unsettled predictions in DB
[SETTLEMENT] No unsettled bets found in DB
[SETTLEMENT] Found 2473 unsettled predictions in DB
[SETTLEMENT] No unsettled bets found in DB
[SETTLEMENT] Found 2509 unsettled predictions in DB
[SETTLEMENT] No unsettled bets found in DB
[SETTLEMENT] Found 2419 unsettled predictions in DB
[SETTLEMENT] No unsettled bets found in DB
[SETTLEMENT] Found 2491 unsettled predictions in DB
[SETTLEMENT] No unsettled bets found in DB
[SETTLEMENT] Found 2267 unsettled predictions in DB
[SETTLEMENT] No unsettled bets found in DB
[SETTLEMENT] Found 2643 unsettled predictions in DB
[SETTLEMENT] No unsettled bets found in DB
[SETTLEMENT] Found 2565 unsettled predictions in DB
[SETTLEMENT] No unsettled bets found in DB
[SETTLEMENT] Found 2479 unsettled predictions in DB
[SETTLEMENT] No unsettled bets found in DB
[SETTLEMENT] Found 2166 unsettled predictions in DB
[SETTLEMENT] No unsettled bets found in DB
[SETTLEMENT] Found 1830 unsettled predictions in DB
[SETTLEMENT] No unsettled bets found in DB
[SETTLEMENT] Found 1789 unsettled predictions in DB
[SETTLEMENT] No unsettled bets found in DB
[SETTLEMENT] Found 2274 unsettled predictions in DB
[SETTLEMENT] No unsettled bets found in DB
[SETTLEMENT] Found 2313 unsettled predictions in DB
[SETTLEMENT] No unsettled bets found in DB
[SETTLEMENT] Found 2469 unsettled predictions in DB
[SETTLEMENT] No unsettled bets found in DB
[SETTLEMENT] Found 2360 unsettled predictions in DB
[SETTLEMENT] No unsettled bets found in DB
[SETTLEMENT] Found 2371 unsettled predictions in DB
[SETTLEMENT] No unsettled bets found in DB
[SETTLEMENT] Found 2432 unsettled predictions in DB
[SETTLEMENT] No unsettled bets found in DB
[SETTLEMENT] Found 2325 unsettled predictions in DB
[SETTLEMENT] No unsettled bets found in DB
[SETTLEMENT] Found 2482 unsettled predictions in DB
[SETTLEMENT] No unsettled bets found in DB
[SETTLEMENT] Found 2411 unsettled predictions in DB
[SETTLEMENT] No unsettled bets found in DB
[SETTLEMENT] Found 2483 unsettled predictions in DB
[SETTLEMENT] No unsettled bets found in DB
[SETTLEMENT] Found 2417 unsettled predictions in DB
[SETTLEMENT] No unsettled bets found in DB
[SETTLEMENT] Found 2362 unsettled predictions in DB
[SETTLEMENT] No unsettled bets found in DB
[SETTLEMENT] Found 2266 unsettled predictions in DB
[SETTLEMENT] No unsettled bets found in DB
[SETTLEMENT] Found 2321 unsettled predictions in DB
[SETTLEMENT] No unsettled bets found in DB
[SETTLEMENT] Found 2332 unsettled predictions in DB
[SETTLEMENT] No unsettled bets found in DB
[SETTLEMENT] Found 2250 unsettled predictions in DB
[SETTLEMENT] No unsettled bets found in DB
[SETTLEMENT] Found 2314 unsettled predictions in DB
[SETTLEMENT] No unsettled bets found in DB
[SETTLEMENT] Found 2311 unsettled predictions in DB
[SETTLEMENT] No unsettled bets found in DB
[SETTLEMENT] Found 2221 unsettled predictions in DB
[SETTLEMENT] No unsettled bets found in DB
[SETTLEMENT] Found 2414 unsettled predictions in DB
[SETTLEMENT] No unsettled bets found in DB
[SETTLEMENT] Found 2313 unsettled predictions in DB
[SETTLEMENT] No unsettled bets found in DB
[SETTLEMENT] Found 2376 unsettled predictions in DB
[SETTLEMENT] No unsettled bets found in DB
[SETTLEMENT] Found 2359 unsettled predictions in DB
[SETTLEMENT] No unsettled bets found in DB
[SETTLEMENT] Found 2288 unsettled predictions in DB
[SETTLEMENT] No unsettled bets found in DB
[SETTLEMENT] Found 2234 unsettled predictions in DB
[SETTLEMENT] No unsettled bets found in DB
[SETTLEMENT] Found 2558 unsettled predictions in DB
[SETTLEMENT] No unsettled bets found in DB
[SETTLEMENT] Found 2561 unsettled predictions in DB
[SETTLEMENT] No unsettled bets found in DB
[SETTLEMENT] Found 1760 unsettled predictions in DB
[SETTLEMENT] No unsettled bets found in DB
[SETTLEMENT] Found 1707 unsettled predictions in DB
[SETTLEMENT] No unsettled bets found in DB
[SETTLEMENT] Found 2306 unsettled predictions in DB
[SETTLEMENT] No unsettled bets found in DB
[SETTLEMENT] Found 2308 unsettled predictions in DB
[SETTLEMENT] No unsettled bets found in DB
[SETTLEMENT] Found 2252 unsettled predictions in DB
[SETTLEMENT] No unsettled bets found in DB
[SETTLEMENT] Found 2376 unsettled predictions in DB
[SETTLEMENT] No unsettled bets found in DB
[SETTLEMENT] Found 1822 unsettled predictions in DB
[SETTLEMENT] No unsettled bets found in DB
[SETTLEMENT] Found 1749 unsettled predictions in DB
[SETTLEMENT] No unsettled bets found in DB
[SETTLEMENT] Found 1974 unsettled predictions in DB
[SETTLEMENT] No unsettled bets found in DB
[SETTLEMENT] Found 2457 unsettled predictions in DB
[SETTLEMENT] No unsettled bets found in DB
[SETTLEMENT] Found 2280 unsettled predictions in DB
[SETTLEMENT] No unsettled bets found in DB
[SETTLEMENT] Found 2529 unsettled predictions in DB
[SETTLEMENT] No unsettled bets found in DB
[SETTLEMENT] Found 2391 unsettled predictions in DB
[SETTLEMENT] No unsettled bets found in DB
[SETTLEMENT] Found 1845 unsettled predictions in DB
[SETTLEMENT] No unsettled bets found in DB
[SETTLEMENT] Found 2435 unsettled predictions in DB
[SETTLEMENT] No unsettled bets found in DB
[SETTLEMENT] Found 1861 unsettled predictions in DB
[SETTLEMENT] No unsettled bets found in DB
[SETTLEMENT] Found 2355 unsettled predictions in DB
[SETTLEMENT] No unsettled bets found in DB
[SETTLEMENT] Found 2251 unsettled predictions in DB
[SETTLEMENT] No unsettled bets found in DB
[SETTLEMENT] Found 2294 unsettled predictions in DB
[SETTLEMENT] No unsettled bets found in DB
[SETTLEMENT] Found 1745 unsettled predictions in DB
[SETTLEMENT] No unsettled bets found in DB
[SETTLEMENT] Found 2408 unsettled predictions in DB
[SETTLEMENT] No unsettled bets found in DB
[SETTLEMENT] Found 2361 unsettled predictions in DB
[SETTLEMENT] No unsettled bets found in DB
[SETTLEMENT] Found 1731 unsettled predictions in DB
[SETTLEMENT] No unsettled bets found in DB
[SETTLEMENT] Found 2367 unsettled predictions in DB
[SETTLEMENT] No unsettled bets found in DB
[SETTLEMENT] Found 2308 unsettled predictions in DB
[SETTLEMENT] No unsettled bets found in DB
[SETTLEMENT] Found 2266 unsettled predictions in DB
[SETTLEMENT] No unsettled bets found in DB
[SETTLEMENT] Found 2336 unsettled predictions in DB
[SETTLEMENT] No unsettled bets found in DB
[SETTLEMENT] Found 2337 unsettled predictions in DB
[SETTLEMENT] No unsettled bets found in DB
[SETTLEMENT] Found 2231 unsettled predictions in DB
[SETTLEMENT] No unsettled bets found in DB
[SETTLEMENT] Found 1877 unsettled predictions in DB
[SETTLEMENT] No unsettled bets found in DB
[SETTLEMENT] Found 2650 unsettled predictions in DB
[SETTLEMENT] No unsettled bets found in DB
[SETTLEMENT] Found 1784 unsettled predictions in DB
[SETTLEMENT] No unsettled bets found in DB
[SETTLEMENT] Found 2448 unsettled predictions in DB
[SETTLEMENT] No unsettled bets found in DB
[SETTLEMENT] Found 1853 unsettled predictions in DB
[SETTLEMENT] No unsettled bets found in DB
[SETTLEMENT] Found 2350 unsettled predictions in DB
[SETTLEMENT] No unsettled bets found in DB
[SETTLEMENT] Found 1668 unsettled predictions in DB
[SETTLEMENT] No unsettled bets found in DB
[SETTLEMENT] Found 1756 unsettled predictions in DB
[SETTLEMENT] No unsettled bets found in DB
[SETTLEMENT] Found 1703 unsettled predictions in DB
[SETTLEMENT] No unsettled bets found in DB
[SETTLEMENT] Found 1656 unsettled predictions in DB
[SETTLEMENT] No unsettled bets found in DB
[SETTLEMENT] Found 2309 unsettled predictions in DB
[SETTLEMENT] No unsettled bets found in DB
[SETTLEMENT] Found 1736 unsettled predictions in DB
[SETTLEMENT] No unsettled bets found in DB
[SETTLEMENT] Found 1622 unsettled predictions in DB
[SETTLEMENT] No unsettled bets found in DB
[SETTLEMENT] Found 2362 unsettled predictions in DB
[SETTLEMENT] No unsettled bets found in DB
[SETTLEMENT] Found 2272 unsettled predictions in DB
[SETTLEMENT] No unsettled bets found in DB
[SETTLEMENT] Found 2330 unsettled predictions in DB
[SETTLEMENT] No unsettled bets found in DB
[SETTLEMENT] Found 2352 unsettled predictions in DB
[SETTLEMENT] No unsettled bets found in DB
[SETTLEMENT] Found 2305 unsettled predictions in DB
[SETTLEMENT] No unsettled bets found in DB
[SETTLEMENT] Found 2330 unsettled predictions in DB
[SETTLEMENT] No unsettled bets found in DB
[SETTLEMENT] Found 2318 unsettled predictions in DB
[SETTLEMENT] No unsettled bets found in DB
[SETTLEMENT] Found 1721 unsettled predictions in DB
[SETTLEMENT] No unsettled bets found in DB
[SETTLEMENT] Found 1673 unsettled predictions in DB
[SETTLEMENT] No unsettled bets found in DB
[SETTLEMENT] Found 1768 unsettled predictions in DB
[SETTLEMENT] No unsettled bets found in DB
[SETTLEMENT] Found 1716 unsettled predictions in DB
[SETTLEMENT] No unsettled bets found in DB
[SETTLEMENT] Found 2213 unsettled predictions in DB
[SETTLEMENT] No unsettled bets found in DB
[SETTLEMENT] Found 2297 unsettled predictions in DB
[SETTLEMENT] No unsettled bets found in DB
[SETTLEMENT] Found 2304 unsettled predictions in DB
[SETTLEMENT] No unsettled bets found in DB
[SETTLEMENT] Found 2247 unsettled predictions in DB
[SETTLEMENT] No unsettled bets found in DB
[SETTLEMENT] Found 2297 unsettled predictions in DB
[SETTLEMENT] No unsettled bets found in DB
[SETTLEMENT] Found 2348 unsettled predictions in DB
[SETTLEMENT] No unsettled bets found in DB
[SETTLEMENT] Found 2194 unsettled predictions in DB
[SETTLEMENT] No unsettled bets found in DB
[SETTLEMENT] Found 2524 unsettled predictions in DB
[SETTLEMENT] No unsettled bets found in DB
[SETTLEMENT] Found 2537 unsettled predictions in DB
[SETTLEMENT] No unsettled bets found in DB
[SETTLEMENT] Found 1705 unsettled predictions in DB
[SETTLEMENT] No unsettled bets found in DB
[SETTLEMENT] Found 2199 unsettled predictions in DB
[SETTLEMENT] No unsettled bets found in DB
[SETTLEMENT] Found 2368 unsettled predictions in DB
[SETTLEMENT] No unsettled bets found in DB
[SETTLEMENT] Found 2303 unsettled predictions in DB
[SETTLEMENT] No unsettled bets found in DB
[SETTLEMENT] Found 1643 unsettled predictions in DB
[SETTLEMENT] No unsettled bets found in DB
[SETTLEMENT] Found 1750 unsettled predictions in DB
[SETTLEMENT] No unsettled bets found in DB
[SETTLEMENT] Found 1649 unsettled predictions in DB
[SETTLEMENT] No unsettled bets found in DB
[SETTLEMENT] Found 1733 unsettled predictions in DB
[SETTLEMENT] No unsettled bets found in DB
[SETTLEMENT] Found 1622 unsettled predictions in DB
[SETTLEMENT] No unsettled bets found in DB
[SETTLEMENT] Found 2101 unsettled predictions in DB
[SETTLEMENT] No unsettled bets found in DB
[SETTLEMENT] Found 2051 unsettled predictions in DB
[SETTLEMENT] No unsettled bets found in DB
[SETTLEMENT] Found 2072 unsettled predictions in DB
[SETTLEMENT] No unsettled bets found in DB
[SETTLEMENT] Found 1708 unsettled predictions in DB
[SETTLEMENT] No unsettled bets found in DB
[SETTLEMENT] Found 1625 unsettled predictions in DB
[SETTLEMENT] No unsettled bets found in DB
[SETTLEMENT] Found 1828 unsettled predictions in DB
[SETTLEMENT] No unsettled bets found in DB
[SETTLEMENT] Found 2315 unsettled predictions in DB
[SETTLEMENT] No unsettled bets found in DB
[SETTLEMENT] Found 2164 unsettled predictions in DB
[SETTLEMENT] No unsettled bets found in DB
[SETTLEMENT] Found 2332 unsettled predictions in DB
[SETTLEMENT] No unsettled bets found in DB
[SETTLEMENT] Found 2230 unsettled predictions in DB
[SETTLEMENT] No unsettled bets found in DB
[SETTLEMENT] Found 2434 unsettled predictions in DB
[SETTLEMENT] No unsettled bets found in DB
[SETTLEMENT] Found 2329 unsettled predictions in DB
[SETTLEMENT] No unsettled bets found in DB
[SETTLEMENT] Found 1680 unsettled predictions in DB
[SETTLEMENT] No unsettled bets found in DB
[SETTLEMENT] Found 2167 unsettled predictions in DB
[SETTLEMENT] No unsettled bets found in DB
[SETTLEMENT] Found 2225 unsettled predictions in DB
[SETTLEMENT] No unsettled bets found in DB
[SETTLEMENT] Found 1689 unsettled predictions in DB
[SETTLEMENT] No unsettled bets found in DB
[SETTLEMENT] Found 1794 unsettled predictions in DB
[SETTLEMENT] No unsettled bets found in DB
[SETTLEMENT] Found 1751 unsettled predictions in DB
[SETTLEMENT] No unsettled bets found in DB
[SETTLEMENT] Found 1639 unsettled predictions in DB
[SETTLEMENT] No unsettled bets found in DB
[SETTLEMENT] Found 2023 unsettled predictions in DB
[SETTLEMENT] No unsettled bets found in DB
[SETTLEMENT] Found 2513 unsettled predictions in DB
[SETTLEMENT] No unsettled bets found in DB
[SETTLEMENT] Found 1626 unsettled predictions in DB
[SETTLEMENT] No unsettled bets found in DB
[SETTLEMENT] Found 1668 unsettled predictions in DB
[SETTLEMENT] No unsettled bets found in DB
[SETTLEMENT] Found 2261 unsettled predictions in DB
[SETTLEMENT] No unsettled bets found in DB
[SETTLEMENT] Found 2200 unsettled predictions in DB
[SETTLEMENT] No unsettled bets found in DB
[SETTLEMENT] Found 2252 unsettled predictions in DB
[SETTLEMENT] No unsettled bets found in DB
[SETTLEMENT] Found 2198 unsettled predictions in DB
[SETTLEMENT] No unsettled bets found in DB
[SETTLEMENT] Found 2317 unsettled predictions in DB
[SETTLEMENT] No unsettled bets found in DB
[SETTLEMENT] Found 1624 unsettled predictions in DB
[SETTLEMENT] No unsettled bets found in DB
[SETTLEMENT] Found 1732 unsettled predictions in DB
[SETTLEMENT] No unsettled bets found in DB
[SETTLEMENT] Found 1506 unsettled predictions in DB
[SETTLEMENT] No unsettled bets found in DB
[SETTLEMENT] Found 1993 unsettled predictions in DB
[SETTLEMENT] No unsettled bets found in DB
[SETTLEMENT] Found 1566 unsettled predictions in DB
[SETTLEMENT] No unsettled bets found in DB
[SETTLEMENT] Found 1518 unsettled predictions in DB
[SETTLEMENT] No unsettled bets found in DB
[SETTLEMENT] Found 2008 unsettled predictions in DB
[SETTLEMENT] No unsettled bets found in DB
[SETTLEMENT] Found 2053 unsettled predictions in DB
[SETTLEMENT] No unsettled bets found in DB
[SETTLEMENT] Found 2199 unsettled predictions in DB
[SETTLEMENT] No unsettled bets found in DB
[SETTLEMENT] Found 1587 unsettled predictions in DB
[SETTLEMENT] No unsettled bets found in DB
[SETTLEMENT] Found 1644 unsettled predictions in DB
[SETTLEMENT] No unsettled bets found in DB
[SETTLEMENT] Found 2287 unsettled predictions in DB
[SETTLEMENT] No unsettled bets found in DB
[SETTLEMENT] Found 2189 unsettled predictions in DB
[SETTLEMENT] No unsettled bets found in DB
[SETTLEMENT] Found 1691 unsettled predictions in DB
[SETTLEMENT] No unsettled bets found in DB
[SETTLEMENT] Found 2345 unsettled predictions in DB
[SETTLEMENT] No unsettled bets found in DB
[SETTLEMENT] Found 2233 unsettled predictions in DB
[SETTLEMENT] No unsettled bets found in DB
[SETTLEMENT] Found 2183 unsettled predictions in DB
[SETTLEMENT] No unsettled bets found in DB
[SETTLEMENT] Found 1703 unsettled predictions in DB
[SETTLEMENT] No unsettled bets found in DB
[SETTLEMENT] Found 1646 unsettled predictions in DB
[SETTLEMENT] No unsettled bets found in DB
[SETTLEMENT] Found 1427 unsettled predictions in DB
[SETTLEMENT] No unsettled bets found in DB
[SETTLEMENT] Found 1548 unsettled predictions in DB
[SETTLEMENT] No unsettled bets found in DB
[SETTLEMENT] Found 2029 unsettled predictions in DB
[SETTLEMENT] No unsettled bets found in DB
[SETTLEMENT] Found 1963 unsettled predictions in DB
[SETTLEMENT] No unsettled bets found in DB
[SETTLEMENT] Found 2287 unsettled predictions in DB
[SETTLEMENT] No unsettled bets found in DB
[SETTLEMENT] Found 1482 unsettled predictions in DB
[SETTLEMENT] No unsettled bets found in DB
[SETTLEMENT] Found 2121 unsettled predictions in DB
[SETTLEMENT] Prediction settlement failed: deadlock detected
DETAIL:  Process 594781 waits for ShareLock on transaction 314645; blocked by process 395997.
Process 395997 waits for ShareLock on transaction 314647; blocked by process 594781.
HINT:  See server log for query details.
CONTEXT:  while updating tuple (29398,6) in relation "vfl_predictions"
Traceback (most recent call last):
  File "/home/ubuntu/faith-workspace/vfl-empire/services/settlement/server.py", line 228, in settle_predictions
    cur.execute(
  File "/home/ubuntu/.hermes/hermes-agent/venv/lib/python3.11/site-packages/psycopg2/extras.py", line 146, in execute
    return super().execute(query, vars)
           ^^^^^^^^^^^^^^^^^^^^^^^^^^^^
psycopg2.errors.DeadlockDetected: deadlock detected
DETAIL:  Process 594781 waits for ShareLock on transaction 314645; blocked by process 395997.
Process 395997 waits for ShareLock on transaction 314647; blocked by process 594781.
HINT:  See server log for query details.
CONTEXT:  while updating tuple (29398,6) in relation "vfl_predictions"

[SETTLEMENT] No unsettled bets found in DB
[SETTLEMENT] Found 1702 unsettled predictions in DB
[SETTLEMENT] No unsettled bets found in DB
[SETTLEMENT] Found 2192 unsettled predictions in DB
[SETTLEMENT] No unsettled bets found in DB
[SETTLEMENT] Found 2252 unsettled predictions in DB
[SETTLEMENT] No unsettled bets found in DB
[SETTLEMENT] Found 2248 unsettled predictions in DB
[SETTLEMENT] No unsettled bets found in DB
[SETTLEMENT] Found 2367 unsettled predictions in DB
[SETTLEMENT] No unsettled bets found in DB
[SETTLEMENT] Found 2254 unsettled predictions in DB
[SETTLEMENT] No unsettled bets found in DB
[SETTLEMENT] Found 2251 unsettled predictions in DB
[SETTLEMENT] No unsettled bets found in DB
[SETTLEMENT] Found 1689 unsettled predictions in DB
[SETTLEMENT] No unsettled bets found in DB
[SETTLEMENT] Found 2019 unsettled predictions in DB
[SETTLEMENT] No unsettled bets found in DB
[SETTLEMENT] Found 1535 unsettled predictions in DB
[SETTLEMENT] No unsettled bets found in DB
[SETTLEMENT] Found 2032 unsettled predictions in DB
[SETTLEMENT] No unsettled bets found in DB
[SETTLEMENT] Found 1969 unsettled predictions in DB
[SETTLEMENT] No unsettled bets found in DB
[SETTLEMENT] Found 2038 unsettled predictions in DB
[SETTLEMENT] No unsettled bets found in DB
[SETTLEMENT] Found 1473 unsettled predictions in DB
[SETTLEMENT] No unsettled bets found in DB
[SETTLEMENT] Found 1987 unsettled predictions in DB
[SETTLEMENT] No unsettled bets found in DB
[SETTLEMENT] Found 2100 unsettled predictions in DB
[SETTLEMENT] No unsettled bets found in DB
[SETTLEMENT] Found 2266 unsettled predictions in DB
[SETTLEMENT] No unsettled bets found in DB
[SETTLEMENT] Found 1634 unsettled predictions in DB
[SETTLEMENT] No unsettled bets found in DB
[SETTLEMENT] Found 2228 unsettled predictions in DB
[SETTLEMENT] No unsettled bets found in DB
[SETTLEMENT] Found 2292 unsettled predictions in DB
[SETTLEMENT] No unsettled bets found in DB
[SETTLEMENT] Found 2193 unsettled predictions in DB
[SETTLEMENT] No unsettled bets found in DB
[SETTLEMENT] Found 1671 unsettled predictions in DB
[SETTLEMENT] No unsettled bets found in DB
[SETTLEMENT] Found 1736 unsettled predictions in DB
[SETTLEMENT] No unsettled bets found in DB
[SETTLEMENT] Found 2225 unsettled predictions in DB
[SETTLEMENT] No unsettled bets found in DB
[SETTLEMENT] Found 2256 unsettled predictions in DB
[SETTLEMENT] No unsettled bets found in DB
[SETTLEMENT] Found 2282 unsettled predictions in DB
[SETTLEMENT] No unsettled bets found in DB
[SETTLEMENT] Found 1583 unsettled predictions in DB
[SETTLEMENT] No unsettled bets found in DB
[SETTLEMENT] Found 2189 unsettled predictions in DB
[SETTLEMENT] No unsettled bets found in DB
[SETTLEMENT] Found 2455 unsettled predictions in DB
[SETTLEMENT] No unsettled bets found in DB
[SETTLEMENT] Found 1843 unsettled predictions in DB
[SETTLEMENT] No unsettled bets found in DB
[SETTLEMENT] Found 2072 unsettled predictions in DB
[SETTLEMENT] No unsettled bets found in DB
[SETTLEMENT] Found 1689 unsettled predictions in DB
[SETTLEMENT] No unsettled bets found in DB
[SETTLEMENT] Found 1641 unsettled predictions in DB
[SETTLEMENT] No unsettled bets found in DB
[SETTLEMENT] Found 1524 unsettled predictions in DB
[SETTLEMENT] No unsettled bets found in DB
[SETTLEMENT] Found 2282 unsettled predictions in DB
[SETTLEMENT] No unsettled bets found in DB
[SETTLEMENT] Found 2219 unsettled predictions in DB
[SETTLEMENT] No unsettled bets found in DB
[SETTLEMENT] Found 2280 unsettled predictions in DB
[SETTLEMENT] No unsettled bets found in DB
[SETTLEMENT] Found 2287 unsettled predictions in DB
[SETTLEMENT] No unsettled bets found in DB
[SETTLEMENT] Found 2221 unsettled predictions in DB
[SETTLEMENT] No unsettled bets found in DB
[SETTLEMENT] Found 2099 unsettled predictions in DB
[SETTLEMENT] No unsettled bets found in DB
[SETTLEMENT] Found 2269 unsettled predictions in DB
[SETTLEMENT] No unsettled bets found in DB
[SETTLEMENT] Found 2231 unsettled predictions in DB
[SETTLEMENT] No unsettled bets found in DB
[SETTLEMENT] Found 1631 unsettled predictions in DB
[SETTLEMENT] No unsettled bets found in DB
[SETTLEMENT] Found 1674 unsettled predictions in DB
[SETTLEMENT] No unsettled bets found in DB
[SETTLEMENT] Found 1468 unsettled predictions in DB
[SETTLEMENT] No unsettled bets found in DB
[SETTLEMENT] Found 1426 unsettled predictions in DB
[SETTLEMENT] No unsettled bets found in DB
[SETTLEMENT] Found 1641 unsettled predictions in DB
[SETTLEMENT] No unsettled bets found in DB
[SETTLEMENT] Found 2139 unsettled predictions in DB
[SETTLEMENT] No unsettled bets found in DB
[SETTLEMENT] Found 1576 unsettled predictions in DB
[SETTLEMENT] No unsettled bets found in DB
[SETTLEMENT] Found 2172 unsettled predictions in DB
[SETTLEMENT] No unsettled bets found in DB
[SETTLEMENT] Found 2198 unsettled predictions in DB
[SETTLEMENT] No unsettled bets found in DB
[SETTLEMENT] Found 1555 unsettled predictions in DB
[SETTLEMENT] No unsettled bets found in DB
[SETTLEMENT] Found 1632 unsettled predictions in DB
[SETTLEMENT] No unsettled bets found in DB
[SETTLEMENT] Found 2286 unsettled predictions in DB
[SETTLEMENT] No unsettled bets found in DB
[SETTLEMENT] Found 2152 unsettled predictions in DB
[SETTLEMENT] No unsettled bets found in DB
[SETTLEMENT] Found 1700 unsettled predictions in DB
[SETTLEMENT] No unsettled bets found in DB
[SETTLEMENT] Found 2347 unsettled predictions in DB
[SETTLEMENT] No unsettled bets found in DB
[SETTLEMENT] Found 2088 unsettled predictions in DB
[SETTLEMENT] No unsettled bets found in DB
[SETTLEMENT] Found 2091 unsettled predictions in DB
[SETTLEMENT] No unsettled bets found in DB
[SETTLEMENT] Found 2316 unsettled predictions in DB
[SETTLEMENT] No unsettled bets found in DB
[SETTLEMENT] Found 1514 unsettled predictions in DB
[SETTLEMENT] No unsettled bets found in DB
[SETTLEMENT] Found 2063 unsettled predictions in DB
[SETTLEMENT] No unsettled bets found in DB
[SETTLEMENT] Found 1659 unsettled predictions in DB
[SETTLEMENT] No unsettled bets found in DB
[SETTLEMENT] Found 2138 unsettled predictions in DB
[SETTLEMENT] No unsettled bets found in DB
[SETTLEMENT] Found 1909 unsettled predictions in DB
[SETTLEMENT] No unsettled bets found in DB
[SETTLEMENT] Found 1955 unsettled predictions in DB
[SETTLEMENT] No unsettled bets found in DB
[SETTLEMENT] Found 2132 unsettled predictions in DB
[SETTLEMENT] No unsettled bets found in DB
[SETTLEMENT] Found 1529 unsettled predictions in DB
[SETTLEMENT] No unsettled bets found in DB
[SETTLEMENT] Found 2293 unsettled predictions in DB
[SETTLEMENT] No unsettled bets found in DB
[SETTLEMENT] Found 2222 unsettled predictions in DB
[SETTLEMENT] No unsettled bets found in DB
[SETTLEMENT] Found 1623 unsettled predictions in DB
[SETTLEMENT] No unsettled bets found in DB
[SETTLEMENT] Found 2221 unsettled predictions in DB
[SETTLEMENT] No unsettled bets found in DB
[SETTLEMENT] Found 2180 unsettled predictions in DB
[SETTLEMENT] No unsettled bets found in DB
[SETTLEMENT] Found 2222 unsettled predictions in DB
[SETTLEMENT] No unsettled bets found in DB
[SETTLEMENT] Found 2228 unsettled predictions in DB
[SETTLEMENT] No unsettled bets found in DB
[SETTLEMENT] Found 2190 unsettled predictions in DB
[SETTLEMENT] No unsettled bets found in DB
[SETTLEMENT] Found 1553 unsettled predictions in DB
[SETTLEMENT] No unsettled bets found in DB
[SETTLEMENT] Found 1993 unsettled predictions in DB
[SETTLEMENT] No unsettled bets found in DB
[SETTLEMENT] Found 1992 unsettled predictions in DB
[SETTLEMENT] No unsettled bets found in DB
[SETTLEMENT] Found 1553 unsettled predictions in DB
[SETTLEMENT] No unsettled bets found in DB
[SETTLEMENT] Found 2035 unsettled predictions in DB
[SETTLEMENT] No unsettled bets found in DB
[SETTLEMENT] Found 2009 unsettled predictions in DB
[SETTLEMENT] No unsettled bets found in DB
[SETTLEMENT] Found 1590 unsettled predictions in DB
[SETTLEMENT] No unsettled bets found in DB
[SETTLEMENT] Found 2190 unsettled predictions in DB
[SETTLEMENT] No unsettled bets found in DB
[SETTLEMENT] Found 2140 unsettled predictions in DB
[SETTLEMENT] No unsettled bets found in DB
[SETTLEMENT] Found 2188 unsettled predictions in DB
[SETTLEMENT] No unsettled bets found in DB
[SETTLEMENT] Found 2187 unsettled predictions in DB
[SETTLEMENT] No unsettled bets found in DB
[SETTLEMENT] Found 1687 unsettled predictions in DB
[SETTLEMENT] No unsettled bets found in DB
[SETTLEMENT] Found 2123 unsettled predictions in DB
[SETTLEMENT] No unsettled bets found in DB
[SETTLEMENT] Found 2080 unsettled predictions in DB
[SETTLEMENT] No unsettled bets found in DB
[SETTLEMENT] Found 2436 unsettled predictions in DB
[SETTLEMENT] No unsettled bets found in DB
[SETTLEMENT] Found 2298 unsettled predictions in DB
[SETTLEMENT] No unsettled bets found in DB
[SETTLEMENT] Found 1465 unsettled predictions in DB
[SETTLEMENT] No unsettled bets found in DB
[SETTLEMENT] Found 2121 unsettled predictions in DB
[SETTLEMENT] No unsettled bets found in DB
[SETTLEMENT] Found 1557 unsettled predictions in DB
[SETTLEMENT] No unsettled bets found in DB
[SETTLEMENT] Found 1881 unsettled predictions in DB
[SETTLEMENT] No unsettled bets found in DB
[SETTLEMENT] Found 1956 unsettled predictions in DB
[SETTLEMENT] No unsettled bets found in DB
[SETTLEMENT] Found 1938 unsettled predictions in DB
[SETTLEMENT] No unsettled bets found in DB
[SETTLEMENT] Found 1918 unsettled predictions in DB
[SETTLEMENT] No unsettled bets found in DB
[SETTLEMENT] Found 1975 unsettled predictions in DB
[SETTLEMENT] No unsettled bets found in DB
[SETTLEMENT] Found 1622 unsettled predictions in DB
[SETTLEMENT] No unsettled bets found in DB
[SETTLEMENT] Found 1520 unsettled predictions in DB
[SETTLEMENT] No unsettled bets found in DB
[SETTLEMENT] Found 2103 unsettled predictions in DB
[SETTLEMENT] No unsettled bets found in DB
[SETTLEMENT] Found 2199 unsettled predictions in DB
[SETTLEMENT] No unsettled bets found in DB
[SETTLEMENT] Found 2118 unsettled predictions in DB
[SETTLEMENT] No unsettled bets found in DB
[SETTLEMENT] Found 2073 unsettled predictions in DB
[SETTLEMENT] No unsettled bets found in DB
[SETTLEMENT] Found 2247 unsettled predictions in DB
[SETTLEMENT] No unsettled bets found in DB
[SETTLEMENT] Found 2135 unsettled predictions in DB
[SETTLEMENT] No unsettled bets found in DB
[SETTLEMENT] Found 2132 unsettled predictions in DB
[SETTLEMENT] No unsettled bets found in DB
[SETTLEMENT] Found 1576 unsettled predictions in DB
[SETTLEMENT] No unsettled bets found in DB
[SETTLEMENT] Found 1350 unsettled predictions in DB
[SETTLEMENT] No unsettled bets found in DB
[SETTLEMENT] Found 1458 unsettled predictions in DB
[SETTLEMENT] No unsettled bets found in DB
[SETTLEMENT] Found 1404 unsettled predictions in DB
[SETTLEMENT] No unsettled bets found in DB
[SETTLEMENT] Found 1344 unsettled predictions in DB
[SETTLEMENT] No unsettled bets found in DB
[SETTLEMENT] Found 1608 unsettled predictions in DB
[SETTLEMENT] No unsettled bets found in DB
[SETTLEMENT] Found 1563 unsettled predictions in DB
[SETTLEMENT] No unsettled bets found in DB
[SETTLEMENT] Found 1509 unsettled predictions in DB
[SETTLEMENT] No unsettled bets found in DB
[SETTLEMENT] Found 1563 unsettled predictions in DB
[SETTLEMENT] No unsettled bets found in DB
[SETTLEMENT] Found 2210 unsettled predictions in DB
[SETTLEMENT] No unsettled bets found in DB
[SETTLEMENT] Found 2044 unsettled predictions in DB
[SETTLEMENT] No unsettled bets found in DB
[SETTLEMENT] Found 2037 unsettled predictions in DB
[SETTLEMENT] No unsettled bets found in DB
[SETTLEMENT] Found 2410 unsettled predictions in DB
[SETTLEMENT] No unsettled bets found in DB
[SETTLEMENT] Found 1451 unsettled predictions in DB
[SETTLEMENT] No unsettled bets found in DB
[SETTLEMENT] Found 2219 unsettled predictions in DB
[SETTLEMENT] No unsettled bets found in DB
[SETTLEMENT] Found 1579 unsettled predictions in DB
[SETTLEMENT] No unsettled bets found in DB
[SETTLEMENT] Found 1523 unsettled predictions in DB
[SETTLEMENT] No unsettled bets found in DB
[SETTLEMENT] Found 1624 unsettled predictions in DB
[SETTLEMENT] No unsettled bets found in DB
[SETTLEMENT] Found 1942 unsettled predictions in DB
[SETTLEMENT] No unsettled bets found in DB
[SETTLEMENT] Found 1874 unsettled predictions in DB
[SETTLEMENT] No unsettled bets found in DB
[SETTLEMENT] Found 1935 unsettled predictions in DB
[SETTLEMENT] No unsettled bets found in DB
[SETTLEMENT] Found 2016 unsettled predictions in DB
[SETTLEMENT] No unsettled bets found in DB
[SETTLEMENT] Found 1958 unsettled predictions in DB
[SETTLEMENT] No unsettled bets found in DB
[SETTLEMENT] Found 2066 unsettled predictions in DB
[SETTLEMENT] No unsettled bets found in DB
[SETTLEMENT] Found 1577 unsettled predictions in DB
[SETTLEMENT] No unsettled bets found in DB
[SETTLEMENT] Found 1447 unsettled predictions in DB
[SETTLEMENT] No unsettled bets found in DB
[SETTLEMENT] Found 1568 unsettled predictions in DB
[SETTLEMENT] No unsettled bets found in DB
[SETTLEMENT] Found 2210 unsettled predictions in DB
[SETTLEMENT] No unsettled bets found in DB
[SETTLEMENT] Found 2084 unsettled predictions in DB
[SETTLEMENT] No unsettled bets found in DB
[SETTLEMENT] Found 2016 unsettled predictions in DB
[SETTLEMENT] No unsettled bets found in DB
[SETTLEMENT] Found 2294 unsettled predictions in DB
[SETTLEMENT] No unsettled bets found in DB
[SETTLEMENT] Found 2208 unsettled predictions in DB
[SETTLEMENT] No unsettled bets found in DB
[SETTLEMENT] Found 1947 unsettled predictions in DB
[SETTLEMENT] No unsettled bets found in DB
[SETTLEMENT] Found 1515 unsettled predictions in DB
[SETTLEMENT] No unsettled bets found in DB
[SETTLEMENT] Found 2002 unsettled predictions in DB
[SETTLEMENT] No unsettled bets found in DB
[SETTLEMENT] Found 1509 unsettled predictions in DB
[SETTLEMENT] No unsettled bets found in DB
[SETTLEMENT] Found 1622 unsettled predictions in DB
[SETTLEMENT] No unsettled bets found in DB
[SETTLEMENT] Found 2109 unsettled predictions in DB
[SETTLEMENT] No unsettled bets found in DB
[SETTLEMENT] Found 1507 unsettled predictions in DB
[SETTLEMENT] No unsettled bets found in DB
[SETTLEMENT] Found 1614 unsettled predictions in DB
[SETTLEMENT] No unsettled bets found in DB
[SETTLEMENT] Found 1486 unsettled predictions in DB
[SETTLEMENT] No unsettled bets found in DB
[SETTLEMENT] Found 1384 unsettled predictions in DB
[SETTLEMENT] No unsettled bets found in DB
[SETTLEMENT] Found 2078 unsettled predictions in DB
[SETTLEMENT] No unsettled bets found in DB
[SETTLEMENT] Found 2440 unsettled predictions in DB
[SETTLEMENT] No unsettled bets found in DB
[SETTLEMENT] Found 2288 unsettled predictions in DB
[SETTLEMENT] No unsettled bets found in DB
[SETTLEMENT] Found 2120 unsettled predictions in DB
[SETTLEMENT] No unsettled bets found in DB
[SETTLEMENT] Found 1622 unsettled predictions in DB
[SETTLEMENT] No unsettled bets found in DB
[SETTLEMENT] Found 1553 unsettled predictions in DB
[SETTLEMENT] No unsettled bets found in DB
[SETTLEMENT] Found 2103 unsettled predictions in DB
[SETTLEMENT] No unsettled bets found in DB
[SETTLEMENT] Found 1608 unsettled predictions in DB
[SETTLEMENT] No unsettled bets found in DB
[SETTLEMENT] Found 1567 unsettled predictions in DB
[SETTLEMENT] No unsettled bets found in DB
[SETTLEMENT] Found 1516 unsettled predictions in DB
[SETTLEMENT] No unsettled bets found in DB
[SETTLEMENT] Found 1629 unsettled predictions in DB
[SETTLEMENT] No unsettled bets found in DB
[SETTLEMENT] Found 2172 unsettled predictions in DB
[SETTLEMENT] No unsettled bets found in DB
[SETTLEMENT] Found 2040 unsettled predictions in DB
[SETTLEMENT] No unsettled bets found in DB
[SETTLEMENT] Found 2133 unsettled predictions in DB
[SETTLEMENT] No unsettled bets found in DB
[SETTLEMENT] Found 2140 unsettled predictions in DB
[SETTLEMENT] No unsettled bets found in DB
[SETTLEMENT] Found 2063 unsettled predictions in DB
[SETTLEMENT] No unsettled bets found in DB
[SETTLEMENT] Found 2293 unsettled predictions in DB
[SETTLEMENT] No unsettled bets found in DB
[SETTLEMENT] Found 2147 unsettled predictions in DB
[SETTLEMENT] No unsettled bets found in DB
[SETTLEMENT] Found 1450 unsettled predictions in DB
[SETTLEMENT] No unsettled bets found in DB
[SETTLEMENT] Found 2262 unsettled predictions in DB
[SETTLEMENT] No unsettled bets found in DB
[SETTLEMENT] Found 2169 unsettled predictions in DB
[SETTLEMENT] No unsettled bets found in DB
[SETTLEMENT] Found 2263 unsettled predictions in DB
[SETTLEMENT] No unsettled bets found in DB
[SETTLEMENT] Found 2150 unsettled predictions in DB
[SETTLEMENT] No unsettled bets found in DB
[SETTLEMENT] Found 2151 unsettled predictions in DB
[SETTLEMENT] No unsettled bets found in DB
[SETTLEMENT] Found 2089 unsettled predictions in DB
[SETTLEMENT] No unsettled bets found in DB
[SETTLEMENT] Found 2200 unsettled predictions in DB
[SETTLEMENT] No unsettled bets found in DB
[SETTLEMENT] Found 1612 unsettled predictions in DB
[SETTLEMENT] No unsettled bets found in DB
[SETTLEMENT] Found 1939 unsettled predictions in DB
[SETTLEMENT] No unsettled bets found in DB
[SETTLEMENT] Found 1868 unsettled predictions in DB
[SETTLEMENT] No unsettled bets found in DB
[SETTLEMENT] Found 1423 unsettled predictions in DB
[SETTLEMENT] No unsettled bets found in DB
[SETTLEMENT] Found 1490 unsettled predictions in DB
[SETTLEMENT] No unsettled bets found in DB
[SETTLEMENT] Found 2027 unsettled predictions in DB
[SETTLEMENT] No unsettled bets found in DB
[SETTLEMENT] Found 2403 unsettled predictions in DB
[SETTLEMENT] No unsettled bets found in DB
[SETTLEMENT] Found 1468 unsettled predictions in DB
[SETTLEMENT] No unsettled bets found in DB
[SETTLEMENT] Found 1543 unsettled predictions in DB
[SETTLEMENT] No unsettled bets found in DB
[SETTLEMENT] Found 2135 unsettled predictions in DB
[SETTLEMENT] No unsettled bets found in DB
[SETTLEMENT] Found 2072 unsettled predictions in DB
[SETTLEMENT] No unsettled bets found in DB
[SETTLEMENT] Found 2137 unsettled predictions in DB
[SETTLEMENT] No unsettled bets found in DB
[SETTLEMENT] Found 2142 unsettled predictions in DB
[SETTLEMENT] No unsettled bets found in DB
[SETTLEMENT] Found 2116 unsettled predictions in DB
[SETTLEMENT] No unsettled bets found in DB
[SETTLEMENT] Found 2036 unsettled predictions in DB
[SETTLEMENT] No unsettled bets found in DB
[SETTLEMENT] Found 2064 unsettled predictions in DB
[SETTLEMENT] No unsettled bets found in DB
[SETTLEMENT] Found 2059 unsettled predictions in DB
[SETTLEMENT] No unsettled bets found in DB
[SETTLEMENT] Found 1999 unsettled predictions in DB
[SETTLEMENT] No unsettled bets found in DB
[SETTLEMENT] Found 2080 unsettled predictions in DB
[SETTLEMENT] No unsettled bets found in DB
[SETTLEMENT] Found 2070 unsettled predictions in DB
[SETTLEMENT] No unsettled bets found in DB
[SETTLEMENT] Found 2015 unsettled predictions in DB
[SETTLEMENT] No unsettled bets found in DB
[SETTLEMENT] Found 2119 unsettled predictions in DB
[SETTLEMENT] No unsettled bets found in DB
[SETTLEMENT] Found 1580 unsettled predictions in DB
[SETTLEMENT] No unsettled bets found in DB
[SETTLEMENT] Found 2073 unsettled predictions in DB
[SETTLEMENT] No unsettled bets found in DB
[SETTLEMENT] Found 2305 unsettled predictions in DB
[SETTLEMENT] No unsettled bets found in DB
[SETTLEMENT] Found 2182 unsettled predictions in DB
[SETTLEMENT] No unsettled bets found in DB
[SETTLEMENT] Found 1463 unsettled predictions in DB
[SETTLEMENT] No unsettled bets found in DB
[SETTLEMENT] Found 2278 unsettled predictions in DB
[SETTLEMENT] No unsettled bets found in DB
[SETTLEMENT] Found 2185 unsettled predictions in DB
[SETTLEMENT] No unsettled bets found in DB
[SETTLEMENT] Found 1532 unsettled predictions in DB
[SETTLEMENT] No unsettled bets found in DB
[SETTLEMENT] Found 1651 unsettled predictions in DB
[SETTLEMENT] No unsettled bets found in DB
[SETTLEMENT] Found 1595 unsettled predictions in DB
[SETTLEMENT] No unsettled bets found in DB
[SETTLEMENT] Found 1536 unsettled predictions in DB
[SETTLEMENT] No unsettled bets found in DB
[SETTLEMENT] Found 1631 unsettled predictions in DB
[SETTLEMENT] No unsettled bets found in DB
[SETTLEMENT] Found 1564 unsettled predictions in DB
[SETTLEMENT] No unsettled bets found in DB
[SETTLEMENT] Found 1374 unsettled predictions in DB
[SETTLEMENT] No unsettled bets found in DB
[SETTLEMENT] Found 1757 unsettled predictions in DB
[SETTLEMENT] No unsettled bets found in DB
[SETTLEMENT] Found 2081 unsettled predictions in DB
[SETTLEMENT] No unsettled bets found in DB
[SETTLEMENT] Found 2228 unsettled predictions in DB
[SETTLEMENT] No unsettled bets found in DB
[SETTLEMENT] Found 1529 unsettled predictions in DB
[SETTLEMENT] No unsettled bets found in DB
[SETTLEMENT] Found 2038 unsettled predictions in DB
[SETTLEMENT] No unsettled bets found in DB
[SETTLEMENT] Found 2207 unsettled predictions in DB
[SETTLEMENT] No unsettled bets found in DB
[SETTLEMENT] Found 2139 unsettled predictions in DB
[SETTLEMENT] No unsettled bets found in DB
[SETTLEMENT] Found 2010 unsettled predictions in DB
[SETTLEMENT] No unsettled bets found in DB
[SETTLEMENT] Found 2120 unsettled predictions in DB
[SETTLEMENT] No unsettled bets found in DB
[SETTLEMENT] Found 1589 unsettled predictions in DB
[SETTLEMENT] No unsettled bets found in DB
[SETTLEMENT] Found 1647 unsettled predictions in DB
[SETTLEMENT] No unsettled bets found in DB
[SETTLEMENT] Found 1591 unsettled predictions in DB
[SETTLEMENT] No unsettled bets found in DB
[SETTLEMENT] Found 1518 unsettled predictions in DB
[SETTLEMENT] No unsettled bets found in DB
[SETTLEMENT] Found 1575 unsettled predictions in DB
[SETTLEMENT] No unsettled bets found in DB
[SETTLEMENT] Found 1413 unsettled predictions in DB
[SETTLEMENT] No unsettled bets found in DB
[SETTLEMENT] Found 1403 unsettled predictions in DB
[SETTLEMENT] No unsettled bets found in DB
[SETTLEMENT] Found 1411 unsettled predictions in DB
[SETTLEMENT] No unsettled bets found in DB
[SETTLEMENT] Found 1555 unsettled predictions in DB
[SETTLEMENT] No unsettled bets found in DB
[SETTLEMENT] Found 2039 unsettled predictions in DB
[SETTLEMENT] No unsettled bets found in DB
[SETTLEMENT] Found 1998 unsettled predictions in DB
[SETTLEMENT] No unsettled bets found in DB
[SETTLEMENT] Found 2062 unsettled predictions in DB
[SETTLEMENT] No unsettled bets found in DB
[SETTLEMENT] Found 2161 unsettled predictions in DB
[SETTLEMENT] No unsettled bets found in DB
[SETTLEMENT] Found 2032 unsettled predictions in DB
[SETTLEMENT] No unsettled bets found in DB
[SETTLEMENT] Found 1519 unsettled predictions in DB
[SETTLEMENT] No unsettled bets found in DB
[SETTLEMENT] Found 2173 unsettled predictions in DB
[SETTLEMENT] No unsettled bets found in DB
[SETTLEMENT] Found 2067 unsettled predictions in DB
[SETTLEMENT] No unsettled bets found in DB
[SETTLEMENT] Found 1516 unsettled predictions in DB
[SETTLEMENT] No unsettled bets found in DB
[SETTLEMENT] Found 1439 unsettled predictions in DB
[SETTLEMENT] No unsettled bets found in DB
[SETTLEMENT] Found 2115 unsettled predictions in DB
[SETTLEMENT] No unsettled bets found in DB
[SETTLEMENT] Found 1566 unsettled predictions in DB
[SETTLEMENT] No unsettled bets found in DB
[SETTLEMENT] Found 1444 unsettled predictions in DB
[SETTLEMENT] No unsettled bets found in DB
[SETTLEMENT] Found 1820 unsettled predictions in DB
[SETTLEMENT] No unsettled bets found in DB
[SETTLEMENT] Found 2306 unsettled predictions in DB
[SETTLEMENT] No unsettled bets found in DB
[SETTLEMENT] Found 1510 unsettled predictions in DB
[SETTLEMENT] No unsettled bets found in DB
[SETTLEMENT] Found 2004 unsettled predictions in DB
[SETTLEMENT] No unsettled bets found in DB
[SETTLEMENT] Found 1583 unsettled predictions in DB
[SETTLEMENT] No unsettled bets found in DB
[SETTLEMENT] Found 1514 unsettled predictions in DB
[SETTLEMENT] No unsettled bets found in DB
[SETTLEMENT] Found 1469 unsettled predictions in DB
[SETTLEMENT] No unsettled bets found in DB
[SETTLEMENT] Found 2074 unsettled predictions in DB
[SETTLEMENT] No unsettled bets found in DB
[SETTLEMENT] Found 2169 unsettled predictions in DB
[SETTLEMENT] No unsettled bets found in DB
[SETTLEMENT] Found 2050 unsettled predictions in DB
[SETTLEMENT] Prediction settlement failed: deadlock detected
DETAIL:  Process 594781 waits for ShareLock on transaction 373631; blocked by process 1368344.
Process 1368344 waits for ShareLock on transaction 373630; blocked by process 594781.
HINT:  See server log for query details.
CONTEXT:  while updating tuple (42147,17) in relation "vfl_predictions"
Traceback (most recent call last):
  File "/home/ubuntu/faith-workspace/vfl-empire/services/settlement/server.py", line 228, in settle_predictions
    cur.execute(
  File "/home/ubuntu/.hermes/hermes-agent/venv/lib/python3.11/site-packages/psycopg2/extras.py", line 146, in execute
    return super().execute(query, vars)
           ^^^^^^^^^^^^^^^^^^^^^^^^^^^^
psycopg2.errors.DeadlockDetected: deadlock detected
DETAIL:  Process 594781 waits for ShareLock on transaction 373631; blocked by process 1368344.
Process 1368344 waits for ShareLock on transaction 373630; blocked by process 594781.
HINT:  See server log for query details.
CONTEXT:  while updating tuple (42147,17) in relation "vfl_predictions"

[SETTLEMENT] No unsettled bets found in DB
[SETTLEMENT] Found 2047 unsettled predictions in DB
[SETTLEMENT] No unsettled bets found in DB
[SETTLEMENT] Found 2167 unsettled predictions in DB
[SETTLEMENT] No unsettled bets found in DB
[SETTLEMENT] Found 2030 unsettled predictions in DB
[SETTLEMENT] No unsettled bets found in DB
[SETTLEMENT] Found 1568 unsettled predictions in DB
[SETTLEMENT] No unsettled bets found in DB
[SETTLEMENT] Found 2062 unsettled predictions in DB
[SETTLEMENT] No unsettled bets found in DB
[SETTLEMENT] Found 2009 unsettled predictions in DB
[SETTLEMENT] No unsettled bets found in DB
[SETTLEMENT] Found 1558 unsettled predictions in DB
[SETTLEMENT] No unsettled bets found in DB
[SETTLEMENT] Found 1885 unsettled predictions in DB
[SETTLEMENT] No unsettled bets found in DB
[SETTLEMENT] Found 1295 unsettled predictions in DB
[SETTLEMENT] No unsettled bets found in DB
[SETTLEMENT] Found 1454 unsettled predictions in DB
[SETTLEMENT] No unsettled bets found in DB
[SETTLEMENT] Found 1458 unsettled predictions in DB
[SETTLEMENT] No unsettled bets found in DB
[SETTLEMENT] Found 1395 unsettled predictions in DB
[SETTLEMENT] No unsettled bets found in DB
[SETTLEMENT] Found 2205 unsettled predictions in DB
[SETTLEMENT] No unsettled bets found in DB
[SETTLEMENT] Found 2152 unsettled predictions in DB
[SETTLEMENT] No unsettled bets found in DB
[SETTLEMENT] Found 1458 unsettled predictions in DB
[SETTLEMENT] No unsettled bets found in DB
[SETTLEMENT] Found 2230 unsettled predictions in DB
[SETTLEMENT] No unsettled bets found in DB
[SETTLEMENT] Found 2116 unsettled predictions in DB
[SETTLEMENT] No unsettled bets found in DB
[SETTLEMENT] Found 1975 unsettled predictions in DB
[SETTLEMENT] No unsettled bets found in DB
[SETTLEMENT] Found 2123 unsettled predictions in DB
[SETTLEMENT] No unsettled bets found in DB
[SETTLEMENT] Found 1930 unsettled predictions in DB
[SETTLEMENT] No unsettled bets found in DB
[SETTLEMENT] Found 1839 unsettled predictions in DB
[SETTLEMENT] No unsettled bets found in DB
[SETTLEMENT] Found 1944 unsettled predictions in DB
[SETTLEMENT] No unsettled bets found in DB
[SETTLEMENT] Found 2162 unsettled predictions in DB
[SETTLEMENT] No unsettled bets found in DB
[SETTLEMENT] Found 2004 unsettled predictions in DB
[SETTLEMENT] No unsettled bets found in DB
[SETTLEMENT] Found 1989 unsettled predictions in DB
[SETTLEMENT] No unsettled bets found in DB
[SETTLEMENT] Found 2004 unsettled predictions in DB
[SETTLEMENT] No unsettled bets found in DB
[SETTLEMENT] Found 1988 unsettled predictions in DB
[SETTLEMENT] No unsettled bets found in DB
[SETTLEMENT] Found 1439 unsettled predictions in DB
[SETTLEMENT] No unsettled bets found in DB
[SETTLEMENT] Found 2194 unsettled predictions in DB
[SETTLEMENT] No unsettled bets found in DB
[SETTLEMENT] Found 2138 unsettled predictions in DB
[SETTLEMENT] No unsettled bets found in DB
[SETTLEMENT] Found 2028 unsettled predictions in DB
[SETTLEMENT] No unsettled bets found in DB
[SETTLEMENT] Found 2125 unsettled predictions in DB
[SETTLEMENT] No unsettled bets found in DB
[SETTLEMENT] Found 2074 unsettled predictions in DB
[SETTLEMENT] No unsettled bets found in DB
[SETTLEMENT] Found 2002 unsettled predictions in DB
[SETTLEMENT] No unsettled bets found in DB
[SETTLEMENT] Found 2052 unsettled predictions in DB
[SETTLEMENT] No unsettled bets found in DB
[SETTLEMENT] Found 1513 unsettled predictions in DB
[SETTLEMENT] No unsettled bets found in DB
[SETTLEMENT] Found 2003 unsettled predictions in DB
[SETTLEMENT] No unsettled bets found in DB
[SETTLEMENT] Found 1551 unsettled predictions in DB
[SETTLEMENT] No unsettled bets found in DB
[SETTLEMENT] Found 1881 unsettled predictions in DB
[SETTLEMENT] No unsettled bets found in DB
[SETTLEMENT] Found 1820 unsettled predictions in DB
[SETTLEMENT] No unsettled bets found in DB
[SETTLEMENT] Found 1533 unsettled predictions in DB
[SETTLEMENT] No unsettled bets found in DB
[SETTLEMENT] Found 1860 unsettled predictions in DB
[SETTLEMENT] No unsettled bets found in DB
[SETTLEMENT] Found 1821 unsettled predictions in DB
[SETTLEMENT] No unsettled bets found in DB
[SETTLEMENT] Found 1874 unsettled predictions in DB
[SETTLEMENT] No unsettled bets found in DB
[SETTLEMENT] Found 1496 unsettled predictions in DB
[SETTLEMENT] No unsettled bets found in DB
[SETTLEMENT] Found 1433 unsettled predictions in DB
[SETTLEMENT] No unsettled bets found in DB
[SETTLEMENT] Found 1478 unsettled predictions in DB
[SETTLEMENT] No unsettled bets found in DB
[SETTLEMENT] Found 2128 unsettled predictions in DB
[SETTLEMENT] No unsettled bets found in DB
[SETTLEMENT] Found 2022 unsettled predictions in DB
[SETTLEMENT] No unsettled bets found in DB
[SETTLEMENT] Found 2000 unsettled predictions in DB
[SETTLEMENT] No unsettled bets found in DB
[SETTLEMENT] Found 2104 unsettled predictions in DB
[SETTLEMENT] No unsettled bets found in DB
[SETTLEMENT] Found 1964 unsettled predictions in DB
[SETTLEMENT] No unsettled bets found in DB
[SETTLEMENT] Found 1960 unsettled predictions in DB
[SETTLEMENT] No unsettled bets found in DB
[SETTLEMENT] Found 1798 unsettled predictions in DB
[SETTLEMENT] No unsettled bets found in DB
[SETTLEMENT] Found 2012 unsettled predictions in DB
[SETTLEMENT] No unsettled bets found in DB
[SETTLEMENT] Found 1803 unsettled predictions in DB
[SETTLEMENT] No unsettled bets found in DB
[SETTLEMENT] Found 1545 unsettled predictions in DB
[SETTLEMENT] No unsettled bets found in DB
[SETTLEMENT] Found 1872 unsettled predictions in DB
[SETTLEMENT] No unsettled bets found in DB
[SETTLEMENT] Found 1809 unsettled predictions in DB
[SETTLEMENT] No unsettled bets found in DB
[SETTLEMENT] Found 1366 unsettled predictions in DB
[SETTLEMENT] No unsettled bets found in DB
[SETTLEMENT] Found 1312 unsettled predictions in DB
[SETTLEMENT] No unsettled bets found in DB
[SETTLEMENT] Found 1590 unsettled predictions in DB
[SETTLEMENT] No unsettled bets found in DB
[SETTLEMENT] Found 1543 unsettled predictions in DB
[SETTLEMENT] No unsettled bets found in DB
[SETTLEMENT] Found 2037 unsettled predictions in DB
[SETTLEMENT] No unsettled bets found in DB
[SETTLEMENT] Found 1978 unsettled predictions in DB
[SETTLEMENT] No unsettled bets found in DB
[SETTLEMENT] Found 2131 unsettled predictions in DB
[SETTLEMENT] No unsettled bets found in DB
[SETTLEMENT] Found 2067 unsettled predictions in DB
[SETTLEMENT] No unsettled bets found in DB
[SETTLEMENT] Found 1411 unsettled predictions in DB
[SETTLEMENT] No unsettled bets found in DB
[SETTLEMENT] Found 1936 unsettled predictions in DB
[SETTLEMENT] No unsettled bets found in DB
[SETTLEMENT] Found 1972 unsettled predictions in DB
[SETTLEMENT] No unsettled bets found in DB
[SETTLEMENT] Found 1908 unsettled predictions in DB
[SETTLEMENT] No unsettled bets found in DB
[SETTLEMENT] Found 1447 unsettled predictions in DB
[SETTLEMENT] No unsettled bets found in DB
[SETTLEMENT] Found 1985 unsettled predictions in DB
[SETTLEMENT] No unsettled bets found in DB
[SETTLEMENT] Found 1407 unsettled predictions in DB
[SETTLEMENT] No unsettled bets found in DB
[SETTLEMENT] Found 2004 unsettled predictions in DB
[SETTLEMENT] No unsettled bets found in DB
[SETTLEMENT] Found 1849 unsettled predictions in DB
[SETTLEMENT] No unsettled bets found in DB
[SETTLEMENT] Found 1942 unsettled predictions in DB
[SETTLEMENT] No unsettled bets found in DB
[SETTLEMENT] Found 1533 unsettled predictions in DB
[SETTLEMENT] No unsettled bets found in DB
[SETTLEMENT] Found 1473 unsettled predictions in DB
[SETTLEMENT] No unsettled bets found in DB
[SETTLEMENT] Found 1984 unsettled predictions in DB
[SETTLEMENT] No unsettled bets found in DB
[SETTLEMENT] Found 2205 unsettled predictions in DB
[SETTLEMENT] No unsettled bets found in DB
[SETTLEMENT] Found 2139 unsettled predictions in DB
[SETTLEMENT] No unsettled bets found in DB
[SETTLEMENT] Found 1969 unsettled predictions in DB
[SETTLEMENT] No unsettled bets found in DB
[SETTLEMENT] Found 1990 unsettled predictions in DB
[SETTLEMENT] No unsettled bets found in DB
[SETTLEMENT] Found 1680 unsettled predictions in DB
[SETTLEMENT] No unsettled bets found in DB
[SETTLEMENT] Found 2173 unsettled predictions in DB
[SETTLEMENT] No unsettled bets found in DB
[SETTLEMENT] Found 1406 unsettled predictions in DB
[SETTLEMENT] No unsettled bets found in DB
[SETTLEMENT] Found 2005 unsettled predictions in DB
[SETTLEMENT] No unsettled bets found in DB
[SETTLEMENT] Found 2013 unsettled predictions in DB
[SETTLEMENT] No unsettled bets found in DB
[SETTLEMENT] Found 1970 unsettled predictions in DB
[SETTLEMENT] No unsettled bets found in DB
[SETTLEMENT] Found 2009 unsettled predictions in DB
[SETTLEMENT] No unsettled bets found in DB
[SETTLEMENT] Found 1468 unsettled predictions in DB
[SETTLEMENT] No unsettled bets found in DB
[SETTLEMENT] Found 1948 unsettled predictions in DB
[SETTLEMENT] No unsettled bets found in DB
[SETTLEMENT] Found 1525 unsettled predictions in DB
[SETTLEMENT] No unsettled bets found in DB
[SETTLEMENT] Found 2023 unsettled predictions in DB
[SETTLEMENT] No unsettled bets found in DB
[SETTLEMENT] Found 1918 unsettled predictions in DB
[SETTLEMENT] No unsettled bets found in DB
[SETTLEMENT] Found 2115 unsettled predictions in DB
[SETTLEMENT] No unsettled bets found in DB
[SETTLEMENT] Found 2050 unsettled predictions in DB
[SETTLEMENT] No unsettled bets found in DB
[SETTLEMENT] Found 1505 unsettled predictions in DB
[SETTLEMENT] No unsettled bets found in DB
[SETTLEMENT] Found 2098 unsettled predictions in DB
[SETTLEMENT] No unsettled bets found in DB
[SETTLEMENT] Found 2045 unsettled predictions in DB
[SETTLEMENT] No unsettled bets found in DB
[SETTLEMENT] Found 2108 unsettled predictions in DB
[SETTLEMENT] No unsettled bets found in DB
[SETTLEMENT] Found 2152 unsettled predictions in DB
[SETTLEMENT] No unsettled bets found in DB
[SETTLEMENT] Found 1353 unsettled predictions in DB
[SETTLEMENT] No unsettled bets found in DB
[SETTLEMENT] Found 1441 unsettled predictions in DB
[SETTLEMENT] No unsettled bets found in DB
[SETTLEMENT] Found 1943 unsettled predictions in DB
[SETTLEMENT] No unsettled bets found in DB
[SETTLEMENT] Found 1413 unsettled predictions in DB
[SETTLEMENT] No unsettled bets found in DB
[SETTLEMENT] Found 1369 unsettled predictions in DB
[SETTLEMENT] No unsettled bets found in DB
[SETTLEMENT] Found 1346 unsettled predictions in DB
[SETTLEMENT] No unsettled bets found in DB
[SETTLEMENT] Found 1454 unsettled predictions in DB
[SETTLEMENT] No unsettled bets found in DB
[SETTLEMENT] Found 1964 unsettled predictions in DB
[SETTLEMENT] No unsettled bets found in DB
[SETTLEMENT] Found 1869 unsettled predictions in DB
[SETTLEMENT] No unsettled bets found in DB
[SETTLEMENT] Found 2075 unsettled predictions in DB
[SETTLEMENT] No unsettled bets found in DB
[SETTLEMENT] Found 1975 unsettled predictions in DB
[SETTLEMENT] No unsettled bets found in DB
[SETTLEMENT] Found 1903 unsettled predictions in DB
[SETTLEMENT] No unsettled bets found in DB
[SETTLEMENT] Found 2451 unsettled predictions in DB
[SETTLEMENT] No unsettled bets found in DB
[SETTLEMENT] Found 2276 unsettled predictions in DB
[SETTLEMENT] No unsettled bets found in DB
[SETTLEMENT] Found 1501 unsettled predictions in DB
[SETTLEMENT] No unsettled bets found in DB
[SETTLEMENT] Found 1989 unsettled predictions in DB
[SETTLEMENT] No unsettled bets found in DB
[SETTLEMENT] Found 1511 unsettled predictions in DB
[SETTLEMENT] No unsettled bets found in DB
[SETTLEMENT] Found 1997 unsettled predictions in DB
[SETTLEMENT] No unsettled bets found in DB
[SETTLEMENT] Found 1378 unsettled predictions in DB
[SETTLEMENT] No unsettled bets found in DB
[SETTLEMENT] Found 1510 unsettled predictions in DB
[SETTLEMENT] No unsettled bets found in DB
[SETTLEMENT] Found 1450 unsettled predictions in DB
[SETTLEMENT] No unsettled bets found in DB
[SETTLEMENT] Found 1404 unsettled predictions in DB
[SETTLEMENT] No unsettled bets found in DB
[SETTLEMENT] Found 1507 unsettled predictions in DB
[SETTLEMENT] No unsettled bets found in DB
[SETTLEMENT] Found 1439 unsettled predictions in DB
[SETTLEMENT] No unsettled bets found in DB
[SETTLEMENT] Found 1381 unsettled predictions in DB
[SETTLEMENT] No unsettled bets found in DB
[SETTLEMENT] Found 2137 unsettled predictions in DB
[SETTLEMENT] No unsettled bets found in DB
[SETTLEMENT] Found 1502 unsettled predictions in DB
[SETTLEMENT] No unsettled bets found in DB
[SETTLEMENT] Found 2048 unsettled predictions in DB
[SETTLEMENT] No unsettled bets found in DB
[SETTLEMENT] Found 2212 unsettled predictions in DB
[SETTLEMENT] No unsettled bets found in DB
[SETTLEMENT] Found 2089 unsettled predictions in DB
[SETTLEMENT] No unsettled bets found in DB
[SETTLEMENT] Found 2086 unsettled predictions in DB
[SETTLEMENT] No unsettled bets found in DB
[SETTLEMENT] Found 2156 unsettled predictions in DB
[SETTLEMENT] No unsettled bets found in DB
[SETTLEMENT] Found 2002 unsettled predictions in DB
[SETTLEMENT] No unsettled bets found in DB
[SETTLEMENT] Found 2277 unsettled predictions in DB
[SETTLEMENT] No unsettled bets found in DB
[SETTLEMENT] Found 2291 unsettled predictions in DB
[SETTLEMENT] No unsettled bets found in DB
[SETTLEMENT] Found 2291 unsettled predictions in DB
[SETTLEMENT] No unsettled bets found in DB
[SETTLEMENT] Found 583 unsettled predictions in DB
[SETTLEMENT] No unsettled bets found in DB
[SETTLEMENT] Found 597 unsettled predictions in DB
[SETTLEMENT] No unsettled bets found in DB
[SETTLEMENT] Found 693 unsettled predictions in DB
[SETTLEMENT] No unsettled bets found in DB
[SETTLEMENT] Found 1112 unsettled predictions in DB
[SETTLEMENT] No unsettled bets found in DB
[SETTLEMENT] Found 1446 unsettled predictions in DB
[SETTLEMENT] No unsettled bets found in DB
[SETTLEMENT] Found 1995 unsettled predictions in DB
[SETTLEMENT] No unsettled bets found in DB
[SETTLEMENT] Found 1312 unsettled predictions in DB
[SETTLEMENT] No unsettled bets found in DB
[SETTLEMENT] Found 1798 unsettled predictions in DB
[SETTLEMENT] No unsettled bets found in DB
[SETTLEMENT] Found 1670 unsettled predictions in DB
[SETTLEMENT] No unsettled bets found in DB
[SETTLEMENT] Found 1454 unsettled predictions in DB
[SETTLEMENT] No unsettled bets found in DB
[SETTLEMENT] Found 1470 unsettled predictions in DB
[SETTLEMENT] No unsettled bets found in DB
[SETTLEMENT] Found 1537 unsettled predictions in DB
[SETTLEMENT] No unsettled bets found in DB
[SETTLEMENT] Found 2095 unsettled predictions in DB
[SETTLEMENT] No unsettled bets found in DB
[SETTLEMENT] Found 1976 unsettled predictions in DB
[SETTLEMENT] No unsettled bets found in DB
[SETTLEMENT] Found 1495 unsettled predictions in DB
[SETTLEMENT] No unsettled bets found in DB
[SETTLEMENT] Found 1979 unsettled predictions in DB
[SETTLEMENT] No unsettled bets found in DB
[SETTLEMENT] Found 1910 unsettled predictions in DB
[SETTLEMENT] No unsettled bets found in DB
[SETTLEMENT] Found 1959 unsettled predictions in DB
[SETTLEMENT] No unsettled bets found in DB
[SETTLEMENT] Found 1960 unsettled predictions in DB
[SETTLEMENT] No unsettled bets found in DB
[SETTLEMENT] Found 1919 unsettled predictions in DB
[SETTLEMENT] No unsettled bets found in DB
[SETTLEMENT] Found 1489 unsettled predictions in DB
[SETTLEMENT] No unsettled bets found in DB
[SETTLEMENT] Found 1413 unsettled predictions in DB
[SETTLEMENT] No unsettled bets found in DB
[SETTLEMENT] Found 1351 unsettled predictions in DB
[SETTLEMENT] No unsettled bets found in DB
[SETTLEMENT] Found 1965 unsettled predictions in DB
[SETTLEMENT] No unsettled bets found in DB
[SETTLEMENT] Found 1983 unsettled predictions in DB
[SETTLEMENT] No unsettled bets found in DB
[SETTLEMENT] Found 2037 unsettled predictions in DB
[SETTLEMENT] No unsettled bets found in DB
[SETTLEMENT] Found 2101 unsettled predictions in DB
[SETTLEMENT] No unsettled bets found in DB
[SETTLEMENT] Found 2042 unsettled predictions in DB
[SETTLEMENT] No unsettled bets found in DB
[SETTLEMENT] Found 2085 unsettled predictions in DB
[SETTLEMENT] No unsettled bets found in DB
[SETTLEMENT] Found 1961 unsettled predictions in DB
[SETTLEMENT] No unsettled bets found in DB
[SETTLEMENT] Found 1476 unsettled predictions in DB
[SETTLEMENT] No unsettled bets found in DB
[SETTLEMENT] Found 1386 unsettled predictions in DB
[SETTLEMENT] No unsettled bets found in DB
[SETTLEMENT] Found 1316 unsettled predictions in DB
[SETTLEMENT] No unsettled bets found in DB
[SETTLEMENT] Found 1407 unsettled predictions in DB
[SETTLEMENT] No unsettled bets found in DB
[SETTLEMENT] Found 1423 unsettled predictions in DB
[SETTLEMENT] No unsettled bets found in DB
[SETTLEMENT] Found 1951 unsettled predictions in DB
[SETTLEMENT] No unsettled bets found in DB
[SETTLEMENT] Found 1990 unsettled predictions in DB
[SETTLEMENT] No unsettled bets found in DB
[SETTLEMENT] Found 1953 unsettled predictions in DB
[SETTLEMENT] No unsettled bets found in DB
[SETTLEMENT] Found 1792 unsettled predictions in DB
[SETTLEMENT] No unsettled bets found in DB
[SETTLEMENT] Found 2280 unsettled predictions in DB
[SETTLEMENT] No unsettled bets found in DB
[SETTLEMENT] Found 1529 unsettled predictions in DB
[SETTLEMENT] No unsettled bets found in DB
[SETTLEMENT] Found 2022 unsettled predictions in DB
[SETTLEMENT] No unsettled bets found in DB
[SETTLEMENT] Found 1984 unsettled predictions in DB
[SETTLEMENT] No unsettled bets found in DB
[SETTLEMENT] Found 2081 unsettled predictions in DB
[SETTLEMENT] No unsettled bets found in DB
[SETTLEMENT] Found 1976 unsettled predictions in DB
[SETTLEMENT] No unsettled bets found in DB
[SETTLEMENT] Found 1411 unsettled predictions in DB
[SETTLEMENT] No unsettled bets found in DB
[SETTLEMENT] Found 2050 unsettled predictions in DB
[SETTLEMENT] No unsettled bets found in DB
[SETTLEMENT] Found 1778 unsettled predictions in DB
[SETTLEMENT] No unsettled bets found in DB
[SETTLEMENT] Found 1805 unsettled predictions in DB
[SETTLEMENT] No unsettled bets found in DB
[SETTLEMENT] Found 1325 unsettled predictions in DB
[SETTLEMENT] No unsettled bets found in DB
[SETTLEMENT] Found 1870 unsettled predictions in DB
[SETTLEMENT] No unsettled bets found in DB
[SETTLEMENT] Found 1489 unsettled predictions in DB
[SETTLEMENT] No unsettled bets found in DB
[SETTLEMENT] Found 1438 unsettled predictions in DB
[SETTLEMENT] No unsettled bets found in DB
[SETTLEMENT] Found 1385 unsettled predictions in DB
[SETTLEMENT] No unsettled bets found in DB
[SETTLEMENT] Found 1463 unsettled predictions in DB
[SETTLEMENT] No unsettled bets found in DB
[SETTLEMENT] Found 1366 unsettled predictions in DB
[SETTLEMENT] No unsettled bets found in DB
[SETTLEMENT] Found 2016 unsettled predictions in DB
[SETTLEMENT] No unsettled bets found in DB
[SETTLEMENT] Found 1520 unsettled predictions in DB
[SETTLEMENT] No unsettled bets found in DB
[SETTLEMENT] Found 1402 unsettled predictions in DB
[SETTLEMENT] No unsettled bets found in DB
[SETTLEMENT] Found 1883 unsettled predictions in DB
[SETTLEMENT] No unsettled bets found in DB
[SETTLEMENT] Found 2084 unsettled predictions in DB
[SETTLEMENT] No unsettled bets found in DB
[SETTLEMENT] Found 1966 unsettled predictions in DB
[SETTLEMENT] No unsettled bets found in DB
[SETTLEMENT] Found 1987 unsettled predictions in DB
[SETTLEMENT] No unsettled bets found in DB
[SETTLEMENT] Found 2197 unsettled predictions in DB
[SETTLEMENT] No unsettled bets found in DB
[SETTLEMENT] Found 2118 unsettled predictions in DB
[SETTLEMENT] No unsettled bets found in DB
[SETTLEMENT] Found 2002 unsettled predictions in DB
[SETTLEMENT] No unsettled bets found in DB
[SETTLEMENT] Found 1304 unsettled predictions in DB
[SETTLEMENT] No unsettled bets found in DB
[SETTLEMENT] Found 1244 unsettled predictions in DB
[SETTLEMENT] No unsettled bets found in DB
[SETTLEMENT] Found 1726 unsettled predictions in DB
[SETTLEMENT] No unsettled bets found in DB
[SETTLEMENT] Found 1830 unsettled predictions in DB
[SETTLEMENT] No unsettled bets found in DB
[SETTLEMENT] Found 2046 unsettled predictions in DB
[SETTLEMENT] No unsettled bets found in DB
[SETTLEMENT] Found 1408 unsettled predictions in DB
[SETTLEMENT] No unsettled bets found in DB
[SETTLEMENT] Found 2061 unsettled predictions in DB
[SETTLEMENT] No unsettled bets found in DB
[SETTLEMENT] Found 1459 unsettled predictions in DB
[SETTLEMENT] No unsettled bets found in DB
[SETTLEMENT] Found 1359 unsettled predictions in DB
[SETTLEMENT] No unsettled bets found in DB
[SETTLEMENT] Found 2187 unsettled predictions in DB
[SETTLEMENT] No unsettled bets found in DB
[SETTLEMENT] Found 2086 unsettled predictions in DB
[SETTLEMENT] No unsettled bets found in DB
[SETTLEMENT] Found 1957 unsettled predictions in DB
[SETTLEMENT] No unsettled bets found in DB
[SETTLEMENT] Found 2163 unsettled predictions in DB
[SETTLEMENT] No unsettled bets found in DB
[SETTLEMENT] Found 2045 unsettled predictions in DB
[SETTLEMENT] No unsettled bets found in DB
[SETTLEMENT] Found 1999 unsettled predictions in DB
[SETTLEMENT] No unsettled bets found in DB
[SETTLEMENT] Found 2083 unsettled predictions in DB
[SETTLEMENT] No unsettled bets found in DB
[SETTLEMENT] Found 2049 unsettled predictions in DB
[SETTLEMENT] No unsettled bets found in DB
[SETTLEMENT] Found 1933 unsettled predictions in DB
[SETTLEMENT] No unsettled bets found in DB
[SETTLEMENT] Found 1511 unsettled predictions in DB
[SETTLEMENT] No unsettled bets found in DB
[SETTLEMENT] Found 1993 unsettled predictions in DB
[SETTLEMENT] No unsettled bets found in DB
[SETTLEMENT] Found 1400 unsettled predictions in DB
[SETTLEMENT] No unsettled bets found in DB
[SETTLEMENT] Found 1727 unsettled predictions in DB
[SETTLEMENT] No unsettled bets found in DB
[SETTLEMENT] Found 1839 unsettled predictions in DB
[SETTLEMENT] No unsettled bets found in DB
[SETTLEMENT] Found 1397 unsettled predictions in DB
[SETTLEMENT] No unsettled bets found in DB
[SETTLEMENT] Found 1512 unsettled predictions in DB
[SETTLEMENT] No unsettled bets found in DB
[SETTLEMENT] Found 1412 unsettled predictions in DB
[SETTLEMENT] No unsettled bets found in DB
[SETTLEMENT] Found 2073 unsettled predictions in DB
[SETTLEMENT] No unsettled bets found in DB
[SETTLEMENT] Found 2129 unsettled predictions in DB
[SETTLEMENT] No unsettled bets found in DB
[SETTLEMENT] Found 1414 unsettled predictions in DB
[SETTLEMENT] No unsettled bets found in DB
[SETTLEMENT] Found 2064 unsettled predictions in DB
[SETTLEMENT] No unsettled bets found in DB
[SETTLEMENT] Found 1932 unsettled predictions in DB
[SETTLEMENT] No unsettled bets found in DB
[SETTLEMENT] Found 1435 unsettled predictions in DB
[SETTLEMENT] No unsettled bets found in DB
[SETTLEMENT] Found 1371 unsettled predictions in DB
[SETTLEMENT] No unsettled bets found in DB
[SETTLEMENT] Found 1916 unsettled predictions in DB
[SETTLEMENT] No unsettled bets found in DB
[SETTLEMENT] Found 1785 unsettled predictions in DB
[SETTLEMENT] No unsettled bets found in DB
[SETTLEMENT] Found 1525 unsettled predictions in DB
[SETTLEMENT] No unsettled bets found in DB
[SETTLEMENT] Found 1335 unsettled predictions in DB
[SETTLEMENT] No unsettled bets found in DB
[SETTLEMENT] Found 1440 unsettled predictions in DB
[SETTLEMENT] No unsettled bets found in DB
[SETTLEMENT] Found 1933 unsettled predictions in DB
[SETTLEMENT] No unsettled bets found in DB
[SETTLEMENT] Found 1351 unsettled predictions in DB
[SETTLEMENT] No unsettled bets found in DB
[SETTLEMENT] Found 1963 unsettled predictions in DB
[SETTLEMENT] No unsettled bets found in DB
[SETTLEMENT] Found 2053 unsettled predictions in DB
[SETTLEMENT] No unsettled bets found in DB
[SETTLEMENT] Found 1959 unsettled predictions in DB
[SETTLEMENT] No unsettled bets found in DB
[SETTLEMENT] Found 2014 unsettled predictions in DB
[SETTLEMENT] No unsettled bets found in DB
[SETTLEMENT] Found 2091 unsettled predictions in DB
[SETTLEMENT] No unsettled bets found in DB
[SETTLEMENT] Found 1985 unsettled predictions in DB
[SETTLEMENT] No unsettled bets found in DB
[SETTLEMENT] Found 1707 unsettled predictions in DB
[SETTLEMENT] No unsettled bets found in DB
[SETTLEMENT] Found 2052 unsettled predictions in DB
[SETTLEMENT] No unsettled bets found in DB
[SETTLEMENT] Found 1933 unsettled predictions in DB
[SETTLEMENT] No unsettled bets found in DB
[SETTLEMENT] Found 1482 unsettled predictions in DB
[SETTLEMENT] No unsettled bets found in DB
[SETTLEMENT] Found 1452 unsettled predictions in DB
[SETTLEMENT] No unsettled bets found in DB
[SETTLEMENT] Found 1390 unsettled predictions in DB
[SETTLEMENT] No unsettled bets found in DB
[SETTLEMENT] Found 1345 unsettled predictions in DB
[SETTLEMENT] No unsettled bets found in DB
[SETTLEMENT] Found 1468 unsettled predictions in DB
[SETTLEMENT] No unsettled bets found in DB
[SETTLEMENT] Found 1396 unsettled predictions in DB
[SETTLEMENT] No unsettled bets found in DB
[SETTLEMENT] Found 1331 unsettled predictions in DB
[SETTLEMENT] No unsettled bets found in DB
[SETTLEMENT] Found 1385 unsettled predictions in DB
[SETTLEMENT] No unsettled bets found in DB
[SETTLEMENT] Found 1439 unsettled predictions in DB
[SETTLEMENT] No unsettled bets found in DB
[SETTLEMENT] Found 1928 unsettled predictions in DB
[SETTLEMENT] No unsettled bets found in DB
[SETTLEMENT] Found 1935 unsettled predictions in DB
[SETTLEMENT] No unsettled bets found in DB
[SETTLEMENT] Found 2044 unsettled predictions in DB
[SETTLEMENT] No unsettled bets found in DB
[SETTLEMENT] Found 1930 unsettled predictions in DB
[SETTLEMENT] No unsettled bets found in DB
[SETTLEMENT] Found 1948 unsettled predictions in DB
[SETTLEMENT] No unsettled bets found in DB
[SETTLEMENT] Found 1944 unsettled predictions in DB
[SETTLEMENT] No unsettled bets found in DB
[SETTLEMENT] Found 1840 unsettled predictions in DB
[SETTLEMENT] No unsettled bets found in DB
[SETTLEMENT] Found 1813 unsettled predictions in DB
[SETTLEMENT] No unsettled bets found in DB
[SETTLEMENT] Found 2187 unsettled predictions in DB
[SETTLEMENT] No unsettled bets found in DB
[SETTLEMENT] Found 1359 unsettled predictions in DB
[SETTLEMENT] No unsettled bets found in DB
[SETTLEMENT] Found 1812 unsettled predictions in DB
[SETTLEMENT] No unsettled bets found in DB
[SETTLEMENT] Found 1412 unsettled predictions in DB
[SETTLEMENT] No unsettled bets found in DB
[SETTLEMENT] Found 1947 unsettled predictions in DB
[SETTLEMENT] No unsettled bets found in DB
[SETTLEMENT] Found 1882 unsettled predictions in DB
[SETTLEMENT] No unsettled bets found in DB
[SETTLEMENT] Found 1953 unsettled predictions in DB
[SETTLEMENT] No unsettled bets found in DB
[SETTLEMENT] Found 1914 unsettled predictions in DB
[SETTLEMENT] No unsettled bets found in DB
[SETTLEMENT] Found 2132 unsettled predictions in DB
[SETTLEMENT] No unsettled bets found in DB
[SETTLEMENT] Found 2031 unsettled predictions in DB
[SETTLEMENT] No unsettled bets found in DB
[SETTLEMENT] Found 1374 unsettled predictions in DB
[SETTLEMENT] No unsettled bets found in DB
[SETTLEMENT] Found 1855 unsettled predictions in DB
[SETTLEMENT] No unsettled bets found in DB
[SETTLEMENT] Found 2008 unsettled predictions in DB
[SETTLEMENT] No unsettled bets found in DB
[SETTLEMENT] Found 1966 unsettled predictions in DB
[SETTLEMENT] No unsettled bets found in DB
[SETTLEMENT] Found 1449 unsettled predictions in DB
[SETTLEMENT] No unsettled bets found in DB
[SETTLEMENT] Found 1881 unsettled predictions in DB
[SETTLEMENT] No unsettled bets found in DB
[SETTLEMENT] Found 1269 unsettled predictions in DB
[SETTLEMENT] No unsettled bets found in DB
[SETTLEMENT] Found 1805 unsettled predictions in DB
[SETTLEMENT] No unsettled bets found in DB
[SETTLEMENT] Found 1900 unsettled predictions in DB
[SETTLEMENT] No unsettled bets found in DB
[SETTLEMENT] Found 1419 unsettled predictions in DB
[SETTLEMENT] No unsettled bets found in DB
[SETTLEMENT] Found 1366 unsettled predictions in DB
[SETTLEMENT] No unsettled bets found in DB
[SETTLEMENT] Found 1696 unsettled predictions in DB
[SETTLEMENT] No unsettled bets found in DB
[SETTLEMENT] Found 1766 unsettled predictions in DB
[SETTLEMENT] No unsettled bets found in DB
[SETTLEMENT] Found 1374 unsettled predictions in DB
[SETTLEMENT] No unsettled bets found in DB
[SETTLEMENT] Found 1327 unsettled predictions in DB
[SETTLEMENT] No unsettled bets found in DB
[SETTLEMENT] Found 1922 unsettled predictions in DB
[SETTLEMENT] No unsettled bets found in DB
[SETTLEMENT] Found 2015 unsettled predictions in DB
[SETTLEMENT] No unsettled bets found in DB
[SETTLEMENT] Found 1900 unsettled predictions in DB
[SETTLEMENT] No unsettled bets found in DB
[SETTLEMENT] Found 1429 unsettled predictions in DB
[SETTLEMENT] No unsettled bets found in DB
[SETTLEMENT] Found 1912 unsettled predictions in DB
[SETTLEMENT] No unsettled bets found in DB
[SETTLEMENT] Found 1791 unsettled predictions in DB
[SETTLEMENT] No unsettled bets found in DB
[SETTLEMENT] Found 2274 unsettled predictions in DB
[SETTLEMENT] No unsettled bets found in DB
[SETTLEMENT] Found 1362 unsettled predictions in DB
[SETTLEMENT] No unsettled bets found in DB
[SETTLEMENT] Found 1839 unsettled predictions in DB
[SETTLEMENT] No unsettled bets found in DB
[SETTLEMENT] Found 1424 unsettled predictions in DB
[SETTLEMENT] No unsettled bets found in DB
[SETTLEMENT] Found 1356 unsettled predictions in DB
[SETTLEMENT] No unsettled bets found in DB
[SETTLEMENT] Found 1841 unsettled predictions in DB
[SETTLEMENT] No unsettled bets found in DB
[SETTLEMENT] Found 2008 unsettled predictions in DB
[SETTLEMENT] No unsettled bets found in DB
[SETTLEMENT] Found 1956 unsettled predictions in DB
[SETTLEMENT] No unsettled bets found in DB
[SETTLEMENT] Found 1912 unsettled predictions in DB
[SETTLEMENT] No unsettled bets found in DB
[SETTLEMENT] Found 2047 unsettled predictions in DB
[SETTLEMENT] No unsettled bets found in DB
[SETTLEMENT] Found 1993 unsettled predictions in DB
[SETTLEMENT] No unsettled bets found in DB
[SETTLEMENT] Found 2027 unsettled predictions in DB
[SETTLEMENT] No unsettled bets found in DB
[SETTLEMENT] Found 2070 unsettled predictions in DB
[SETTLEMENT] No unsettled bets found in DB
[SETTLEMENT] Found 1517 unsettled predictions in DB
[SETTLEMENT] No unsettled bets found in DB
[SETTLEMENT] Found 2000 unsettled predictions in DB
[SETTLEMENT] No unsettled bets found in DB
[SETTLEMENT] Found 2030 unsettled predictions in DB
[SETTLEMENT] No unsettled bets found in DB
[SETTLEMENT] Found 1922 unsettled predictions in DB
[SETTLEMENT] No unsettled bets found in DB
[SETTLEMENT] Found 1846 unsettled predictions in DB
[SETTLEMENT] No unsettled bets found in DB
[SETTLEMENT] Found 1310 unsettled predictions in DB
[SETTLEMENT] No unsettled bets found in DB
[SETTLEMENT] Found 1851 unsettled predictions in DB
[SETTLEMENT] No unsettled bets found in DB
[SETTLEMENT] Found 1264 unsettled predictions in DB
[SETTLEMENT] No unsettled bets found in DB
[SETTLEMENT] Found 1413 unsettled predictions in DB
[SETTLEMENT] No unsettled bets found in DB
[SETTLEMENT] Found 1740 unsettled predictions in DB
[SETTLEMENT] No unsettled bets found in DB
[SETTLEMENT] Found 1850 unsettled predictions in DB
[SETTLEMENT] No unsettled bets found in DB
[SETTLEMENT] Found 1753 unsettled predictions in DB
[SETTLEMENT] No unsettled bets found in DB
[SETTLEMENT] Found 1365 unsettled predictions in DB
[SETTLEMENT] No unsettled bets found in DB
[SETTLEMENT] Found 1855 unsettled predictions in DB
[SETTLEMENT] No unsettled bets found in DB
[SETTLEMENT] Found 1353 unsettled predictions in DB
[SETTLEMENT] No unsettled bets found in DB
[SETTLEMENT] Found 2007 unsettled predictions in DB
[SETTLEMENT] No unsettled bets found in DB
[SETTLEMENT] Found 1846 unsettled predictions in DB
[SETTLEMENT] No unsettled bets found in DB
[SETTLEMENT] Found 1914 unsettled predictions in DB
[SETTLEMENT] No unsettled bets found in DB
[SETTLEMENT] Found 1582 unsettled predictions in DB
[SETTLEMENT] No unsettled bets found in DB
[SETTLEMENT] Found 2069 unsettled predictions in DB
[SETTLEMENT] No unsettled bets found in DB
[SETTLEMENT] Found 1235 unsettled predictions in DB
[SETTLEMENT] No unsettled bets found in DB
[SETTLEMENT] Found 1864 unsettled predictions in DB
[SETTLEMENT] No unsettled bets found in DB
[SETTLEMENT] Found 1811 unsettled predictions in DB
[SETTLEMENT] No unsettled bets found in DB
[SETTLEMENT] Found 1193 unsettled predictions in DB
[SETTLEMENT] No unsettled bets found in DB
[SETTLEMENT] Found 1838 unsettled predictions in DB
[SETTLEMENT] No unsettled bets found in DB
[SETTLEMENT] Found 1328 unsettled predictions in DB
[SETTLEMENT] No unsettled bets found in DB
[SETTLEMENT] Found 1109 unsettled predictions in DB
[SETTLEMENT] No unsettled bets found in DB
[SETTLEMENT] Found 1760 unsettled predictions in DB
[SETTLEMENT] No unsettled bets found in DB
[SETTLEMENT] Found 1834 unsettled predictions in DB
[SETTLEMENT] No unsettled bets found in DB
[SETTLEMENT] Found 1285 unsettled predictions in DB
[SETTLEMENT] No unsettled bets found in DB
[SETTLEMENT] Found 1874 unsettled predictions in DB
[SETTLEMENT] No unsettled bets found in DB
[SETTLEMENT] Found 1317 unsettled predictions in DB
[SETTLEMENT] No unsettled bets found in DB
[SETTLEMENT] Found 1797 unsettled predictions in DB
[SETTLEMENT] No unsettled bets found in DB
[SETTLEMENT] Found 1881 unsettled predictions in DB
[SETTLEMENT] No unsettled bets found in DB
[SETTLEMENT] Found 1992 unsettled predictions in DB
[SETTLEMENT] No unsettled bets found in DB
[SETTLEMENT] Found 1922 unsettled predictions in DB
[SETTLEMENT] No unsettled bets found in DB
[SETTLEMENT] Found 1891 unsettled predictions in DB
[SETTLEMENT] No unsettled bets found in DB
[SETTLEMENT] Found 1835 unsettled predictions in DB
[SETTLEMENT] No unsettled bets found in DB
[SETTLEMENT] Found 1760 unsettled predictions in DB
[SETTLEMENT] No unsettled bets found in DB
[SETTLEMENT] Found 1343 unsettled predictions in DB
[SETTLEMENT] No unsettled bets found in DB
[SETTLEMENT] Found 1332 unsettled predictions in DB
[SETTLEMENT] No unsettled bets found in DB
[SETTLEMENT] Found 1817 unsettled predictions in DB
[SETTLEMENT] No unsettled bets found in DB
[SETTLEMENT] Found 1867 unsettled predictions in DB
[SETTLEMENT] No unsettled bets found in DB
[SETTLEMENT] Found 1217 unsettled predictions in DB
[SETTLEMENT] No unsettled bets found in DB
[SETTLEMENT] Found 1544 unsettled predictions in DB
[SETTLEMENT] No unsettled bets found in DB
[SETTLEMENT] Found 1553 unsettled predictions in DB
[SETTLEMENT] No unsettled bets found in DB
[SETTLEMENT] Found 1220 unsettled predictions in DB
[SETTLEMENT] No unsettled bets found in DB
[SETTLEMENT] Found 1274 unsettled predictions in DB
[SETTLEMENT] No unsettled bets found in DB
[SETTLEMENT] Found 1711 unsettled predictions in DB
[SETTLEMENT] No unsettled bets found in DB
[SETTLEMENT] Found 2198 unsettled predictions in DB
[SETTLEMENT] No unsettled bets found in DB
[SETTLEMENT] Found 1306 unsettled predictions in DB
[SETTLEMENT] No unsettled bets found in DB
[SETTLEMENT] Found 1797 unsettled predictions in DB
[SETTLEMENT] No unsettled bets found in DB
[SETTLEMENT] Found 1953 unsettled predictions in DB
[SETTLEMENT] No unsettled bets found in DB
[SETTLEMENT] Found 1160 unsettled predictions in DB
[SETTLEMENT] No unsettled bets found in DB
[SETTLEMENT] Found 1168 unsettled predictions in DB
[SETTLEMENT] No unsettled bets found in DB
[SETTLEMENT] Found 1826 unsettled predictions in DB
[SETTLEMENT] No unsettled bets found in DB
[SETTLEMENT] Found 1324 unsettled predictions in DB
[SETTLEMENT] No unsettled bets found in DB
[SETTLEMENT] Found 1801 unsettled predictions in DB
[SETTLEMENT] No unsettled bets found in DB
[SETTLEMENT] Found 1671 unsettled predictions in DB
[SETTLEMENT] No unsettled bets found in DB
[SETTLEMENT] Found 1175 unsettled predictions in DB
[SETTLEMENT] No unsettled bets found in DB
[SETTLEMENT] Found 1187 unsettled predictions in DB
[SETTLEMENT] No unsettled bets found in DB
[SETTLEMENT] Found 1342 unsettled predictions in DB
[SETTLEMENT] No unsettled bets found in DB
[SETTLEMENT] Found 1832 unsettled predictions in DB
[SETTLEMENT] No unsettled bets found in DB
[SETTLEMENT] Found 1812 unsettled predictions in DB
[SETTLEMENT] No unsettled bets found in DB
[SETTLEMENT] Found 1874 unsettled predictions in DB
[SETTLEMENT] No unsettled bets found in DB
[SETTLEMENT] Found 1922 unsettled predictions in DB
[SETTLEMENT] No unsettled bets found in DB
[SETTLEMENT] Found 1866 unsettled predictions in DB
[SETTLEMENT] No unsettled bets found in DB
[SETTLEMENT] Found 1851 unsettled predictions in DB
[SETTLEMENT] No unsettled bets found in DB
[SETTLEMENT] Found 1872 unsettled predictions in DB
[SETTLEMENT] No unsettled bets found in DB
[SETTLEMENT] Found 1849 unsettled predictions in DB
[SETTLEMENT] No unsettled bets found in DB
[SETTLEMENT] Found 1930 unsettled predictions in DB
[SETTLEMENT] No unsettled bets found in DB
[SETTLEMENT] Found 1872 unsettled predictions in DB
[SETTLEMENT] No unsettled bets found in DB
[SETTLEMENT] Found 1275 unsettled predictions in DB
[SETTLEMENT] No unsettled bets found in DB
[SETTLEMENT] Found 1392 unsettled predictions in DB
[SETTLEMENT] No unsettled bets found in DB
[SETTLEMENT] Found 1716 unsettled predictions in DB
[SETTLEMENT] No unsettled bets found in DB
[SETTLEMENT] Found 1207 unsettled predictions in DB
[SETTLEMENT] No unsettled bets found in DB
[SETTLEMENT] Found 1347 unsettled predictions in DB
[SETTLEMENT] No unsettled bets found in DB
[SETTLEMENT] Found 1834 unsettled predictions in DB
[SETTLEMENT] No unsettled bets found in DB
[SETTLEMENT] Found 1270 unsettled predictions in DB
[SETTLEMENT] No unsettled bets found in DB
[SETTLEMENT] Found 1820 unsettled predictions in DB
[SETTLEMENT] No unsettled bets found in DB
[SETTLEMENT] Found 2201 unsettled predictions in DB
[SETTLEMENT] No unsettled bets found in DB
[SETTLEMENT] Found 2015 unsettled predictions in DB
[SETTLEMENT] No unsettled bets found in DB
[SETTLEMENT] Found 1306 unsettled predictions in DB
[SETTLEMENT] No unsettled bets found in DB
[SETTLEMENT] Found 1899 unsettled predictions in DB
[SETTLEMENT] No unsettled bets found in DB
[SETTLEMENT] Found 1300 unsettled predictions in DB
[SETTLEMENT] No unsettled bets found in DB
[SETTLEMENT] Found 1231 unsettled predictions in DB
[SETTLEMENT] No unsettled bets found in DB
[SETTLEMENT] Found 1289 unsettled predictions in DB
[SETTLEMENT] No unsettled bets found in DB
[SETTLEMENT] Found 1199 unsettled predictions in DB
[SETTLEMENT] No unsettled bets found in DB
[SETTLEMENT] Found 1748 unsettled predictions in DB
[SETTLEMENT] No unsettled bets found in DB
[SETTLEMENT] Found 1311 unsettled predictions in DB
[SETTLEMENT] No unsettled bets found in DB
[SETTLEMENT] Found 1320 unsettled predictions in DB
[SETTLEMENT] No unsettled bets found in DB
[SETTLEMENT] Found 1784 unsettled predictions in DB
[SETTLEMENT] No unsettled bets found in DB
[SETTLEMENT] Found 1871 unsettled predictions in DB
[SETTLEMENT] No unsettled bets found in DB
[SETTLEMENT] Found 1241 unsettled predictions in DB
[SETTLEMENT] No unsettled bets found in DB
[SETTLEMENT] Found 1568 unsettled predictions in DB
[SETTLEMENT] No unsettled bets found in DB
[SETTLEMENT] Found 1688 unsettled predictions in DB
[SETTLEMENT] No unsettled bets found in DB
[SETTLEMENT] Found 1302 unsettled predictions in DB
[SETTLEMENT] No unsettled bets found in DB
[SETTLEMENT] Found 1251 unsettled predictions in DB
[SETTLEMENT] No unsettled bets found in DB
[SETTLEMENT] Found 1358 unsettled predictions in DB
[SETTLEMENT] No unsettled bets found in DB
[SETTLEMENT] Found 1835 unsettled predictions in DB
[SETTLEMENT] No unsettled bets found in DB
[SETTLEMENT] Found 1761 unsettled predictions in DB
[SETTLEMENT] No unsettled bets found in DB
[SETTLEMENT] Found 1807 unsettled predictions in DB
[SETTLEMENT] No unsettled bets found in DB
[SETTLEMENT] Found 1819 unsettled predictions in DB
[SETTLEMENT] No unsettled bets found in DB
[SETTLEMENT] Found 1136 unsettled predictions in DB
[SETTLEMENT] No unsettled bets found in DB
[SETTLEMENT] Found 1257 unsettled predictions in DB
[SETTLEMENT] No unsettled bets found in DB
[SETTLEMENT] Found 1255 unsettled predictions in DB
[SETTLEMENT] No unsettled bets found in DB
[SETTLEMENT] Found 1243 unsettled predictions in DB
[SETTLEMENT] No unsettled bets found in DB
[SETTLEMENT] Found 1828 unsettled predictions in DB
[SETTLEMENT] No unsettled bets found in DB
[SETTLEMENT] Found 1127 unsettled predictions in DB
[SETTLEMENT] No unsettled bets found in DB
[SETTLEMENT] Found 1086 unsettled predictions in DB
[SETTLEMENT] No unsettled bets found in DB
[SETTLEMENT] Found 1681 unsettled predictions in DB
[SETTLEMENT] No unsettled bets found in DB
[SETTLEMENT] Found 2056 unsettled predictions in DB
[SETTLEMENT] No unsettled bets found in DB
[SETTLEMENT] Found 1284 unsettled predictions in DB
[SETTLEMENT] No unsettled bets found in DB
[SETTLEMENT] Found 1943 unsettled predictions in DB
[SETTLEMENT] No unsettled bets found in DB
[SETTLEMENT] Found 1858 unsettled predictions in DB
[SETTLEMENT] No unsettled bets found in DB
[SETTLEMENT] Found 1313 unsettled predictions in DB
[SETTLEMENT] No unsettled bets found in DB
[SETTLEMENT] Found 1971 unsettled predictions in DB
[SETTLEMENT] No unsettled bets found in DB
[SETTLEMENT] Found 1900 unsettled predictions in DB
[SETTLEMENT] No unsettled bets found in DB
[SETTLEMENT] Found 1891 unsettled predictions in DB
[SETTLEMENT] No unsettled bets found in DB
[SETTLEMENT] Found 1931 unsettled predictions in DB
[SETTLEMENT] No unsettled bets found in DB
[SETTLEMENT] Found 1981 unsettled predictions in DB
[SETTLEMENT] No unsettled bets found in DB
[SETTLEMENT] Found 1757 unsettled predictions in DB
[SETTLEMENT] No unsettled bets found in DB
[SETTLEMENT] Found 1334 unsettled predictions in DB
[SETTLEMENT] No unsettled bets found in DB
[SETTLEMENT] Found 1321 unsettled predictions in DB
[SETTLEMENT] No unsettled bets found in DB
[SETTLEMENT] Found 1287 unsettled predictions in DB
[SETTLEMENT] No unsettled bets found in DB
[SETTLEMENT] Found 1339 unsettled predictions in DB
[SETTLEMENT] No unsettled bets found in DB
[SETTLEMENT] Found 1269 unsettled predictions in DB
[SETTLEMENT] No unsettled bets found in DB
[SETTLEMENT] Found 1227 unsettled predictions in DB
[SETTLEMENT] No unsettled bets found in DB
[SETTLEMENT] Found 1402 unsettled predictions in DB
[SETTLEMENT] No unsettled bets found in DB
[SETTLEMENT] Found 1904 unsettled predictions in DB
[SETTLEMENT] No unsettled bets found in DB
[SETTLEMENT] Found 1859 unsettled predictions in DB
[SETTLEMENT] No unsettled bets found in DB
[SETTLEMENT] Found 1734 unsettled predictions in DB
[SETTLEMENT] No unsettled bets found in DB
[SETTLEMENT] Found 1932 unsettled predictions in DB
[SETTLEMENT] No unsettled bets found in DB
[SETTLEMENT] Found 1270 unsettled predictions in DB
[SETTLEMENT] No unsettled bets found in DB
[SETTLEMENT] Found 1909 unsettled predictions in DB
[SETTLEMENT] No unsettled bets found in DB
[SETTLEMENT] Found 1904 unsettled predictions in DB
[SETTLEMENT] No unsettled bets found in DB
[SETTLEMENT] Found 1392 unsettled predictions in DB
[SETTLEMENT] No unsettled bets found in DB
[SETTLEMENT] Found 1214 unsettled predictions in DB
[SETTLEMENT] No unsettled bets found in DB
[SETTLEMENT] Found 1316 unsettled predictions in DB
[SETTLEMENT] No unsettled bets found in DB
[SETTLEMENT] Found 1637 unsettled predictions in DB
[SETTLEMENT] No unsettled bets found in DB
[SETTLEMENT] Found 1051 unsettled predictions in DB
[SETTLEMENT] No unsettled bets found in DB
[SETTLEMENT] Found 1587 unsettled predictions in DB
[SETTLEMENT] No unsettled bets found in DB
[SETTLEMENT] Found 1961 unsettled predictions in DB
[SETTLEMENT] No unsettled bets found in DB
[SETTLEMENT] Found 1193 unsettled predictions in DB
[SETTLEMENT] No unsettled bets found in DB
[SETTLEMENT] Found 1617 unsettled predictions in DB
[SETTLEMENT] No unsettled bets found in DB
[SETTLEMENT] Found 1103 unsettled predictions in DB
[SETTLEMENT] No unsettled bets found in DB
[SETTLEMENT] Found 1226 unsettled predictions in DB
[SETTLEMENT] No unsettled bets found in DB
[SETTLEMENT] Found 1827 unsettled predictions in DB
[SETTLEMENT] No unsettled bets found in DB
[SETTLEMENT] Found 1832 unsettled predictions in DB
[SETTLEMENT] No unsettled bets found in DB
[SETTLEMENT] Found 1795 unsettled predictions in DB
[SETTLEMENT] No unsettled bets found in DB
[SETTLEMENT] Found 1966 unsettled predictions in DB
[SETTLEMENT] No unsettled bets found in DB
[SETTLEMENT] Found 1899 unsettled predictions in DB
[SETTLEMENT] No unsettled bets found in DB
[SETTLEMENT] Found 1770 unsettled predictions in DB
[SETTLEMENT] No unsettled bets found in DB
[SETTLEMENT] Found 1977 unsettled predictions in DB
[SETTLEMENT] No unsettled bets found in DB
[SETTLEMENT] Found 1758 unsettled predictions in DB
[SETTLEMENT] No unsettled bets found in DB
[SETTLEMENT] Found 1674 unsettled predictions in DB
[SETTLEMENT] No unsettled bets found in DB
[SETTLEMENT] Found 1745 unsettled predictions in DB
[SETTLEMENT] No unsettled bets found in DB
[SETTLEMENT] Found 1114 unsettled predictions in DB
[SETTLEMENT] No unsettled bets found in DB
[SETTLEMENT] Found 1044 unsettled predictions in DB
[SETTLEMENT] No unsettled bets found in DB
[SETTLEMENT] Found 1707 unsettled predictions in DB
[SETTLEMENT] No unsettled bets found in DB
[SETTLEMENT] Found 1236 unsettled predictions in DB
[SETTLEMENT] No unsettled bets found in DB
[SETTLEMENT] Found 1236 unsettled predictions in DB
[SETTLEMENT] No unsettled bets found in DB
[SETTLEMENT] Found 1885 unsettled predictions in DB
[SETTLEMENT] No unsettled bets found in DB
[SETTLEMENT] Found 1972 unsettled predictions in DB
[SETTLEMENT] No unsettled bets found in DB
[SETTLEMENT] Found 1873 unsettled predictions in DB
[SETTLEMENT] No unsettled bets found in DB
[SETTLEMENT] Found 1496 unsettled predictions in DB
[SETTLEMENT] No unsettled bets found in DB
[SETTLEMENT] Found 1381 unsettled predictions in DB
[SETTLEMENT] No unsettled bets found in DB
[SETTLEMENT] Found 1813 unsettled predictions in DB
[SETTLEMENT] No unsettled bets found in DB
[SETTLEMENT] Found 2022 unsettled predictions in DB
[SETTLEMENT] No unsettled bets found in DB
[SETTLEMENT] Found 1917 unsettled predictions in DB
[SETTLEMENT] No unsettled bets found in DB
[SETTLEMENT] Found 1259 unsettled predictions in DB
[SETTLEMENT] No unsettled bets found in DB
[SETTLEMENT] Found 1799 unsettled predictions in DB
[SETTLEMENT] No unsettled bets found in DB
[SETTLEMENT] Found 1634 unsettled predictions in DB
[SETTLEMENT] No unsettled bets found in DB
[SETTLEMENT] Found 2008 unsettled predictions in DB
[SETTLEMENT] No unsettled bets found in DB
[SETTLEMENT] Found 1690 unsettled predictions in DB
[SETTLEMENT] No unsettled bets found in DB
[SETTLEMENT] Found 1783 unsettled predictions in DB
[SETTLEMENT] No unsettled bets found in DB
[SETTLEMENT] Found 1131 unsettled predictions in DB
[SETTLEMENT] No unsettled bets found in DB
[SETTLEMENT] Found 1089 unsettled predictions in DB
[SETTLEMENT] No unsettled bets found in DB
[SETTLEMENT] Found 1184 unsettled predictions in DB
[SETTLEMENT] No unsettled bets found in DB
[SETTLEMENT] Found 1850 unsettled predictions in DB
[SETTLEMENT] No unsettled bets found in DB
[SETTLEMENT] Found 1095 unsettled predictions in DB
[SETTLEMENT] No unsettled bets found in DB
[SETTLEMENT] Found 1240 unsettled predictions in DB
[SETTLEMENT] No unsettled bets found in DB
[SETTLEMENT] Found 1250 unsettled predictions in DB
[SETTLEMENT] No unsettled bets found in DB
[SETTLEMENT] Found 1736 unsettled predictions in DB
[SETTLEMENT] No unsettled bets found in DB
[SETTLEMENT] Found 1226 unsettled predictions in DB
[SETTLEMENT] No unsettled bets found in DB
[SETTLEMENT] Found 1380 unsettled predictions in DB
[SETTLEMENT] No unsettled bets found in DB
[SETTLEMENT] Found 1323 unsettled predictions in DB
[SETTLEMENT] No unsettled bets found in DB
[SETTLEMENT] Found 1219 unsettled predictions in DB
[SETTLEMENT] No unsettled bets found in DB
[SETTLEMENT] Found 1105 unsettled predictions in DB
[SETTLEMENT] No unsettled bets found in DB
[SETTLEMENT] Found 1160 unsettled predictions in DB
[SETTLEMENT] No unsettled bets found in DB
[SETTLEMENT] Found 1256 unsettled predictions in DB
[SETTLEMENT] No unsettled bets found in DB
[SETTLEMENT] Found 1068 unsettled predictions in DB
[SETTLEMENT] No unsettled bets found in DB
[SETTLEMENT] Found 1173 unsettled predictions in DB
[SETTLEMENT] No unsettled bets found in DB
[SETTLEMENT] Found 1156 unsettled predictions in DB
[SETTLEMENT] No unsettled bets found in DB
[SETTLEMENT] Found 1340 unsettled predictions in DB
[SETTLEMENT] No unsettled bets found in DB
[SETTLEMENT] Found 1830 unsettled predictions in DB
[SETTLEMENT] No unsettled bets found in DB
[SETTLEMENT] Found 1434 unsettled predictions in DB
[SETTLEMENT] No unsettled bets found in DB
[SETTLEMENT] Found 2020 unsettled predictions in DB
[SETTLEMENT] No unsettled bets found in DB
[SETTLEMENT] Found 1931 unsettled predictions in DB
[SETTLEMENT] No unsettled bets found in DB
[SETTLEMENT] Found 1827 unsettled predictions in DB
[SETTLEMENT] No unsettled bets found in DB
[SETTLEMENT] Found 2034 unsettled predictions in DB
[SETTLEMENT] No unsettled bets found in DB
[SETTLEMENT] Found 1920 unsettled predictions in DB
[SETTLEMENT] No unsettled bets found in DB
[SETTLEMENT] Found 1226 unsettled predictions in DB
[SETTLEMENT] No unsettled bets found in DB
[SETTLEMENT] Found 1825 unsettled predictions in DB
[SETTLEMENT] No unsettled bets found in DB
[SETTLEMENT] Found 1487 unsettled predictions in DB
[SETTLEMENT] No unsettled bets found in DB
[SETTLEMENT] Found 1971 unsettled predictions in DB
[SETTLEMENT] No unsettled bets found in DB
[SETTLEMENT] Found 1221 unsettled predictions in DB
[SETTLEMENT] No unsettled bets found in DB
[SETTLEMENT] Found 1179 unsettled predictions in DB
[SETTLEMENT] No unsettled bets found in DB
[SETTLEMENT] Found 1675 unsettled predictions in DB
[SETTLEMENT] No unsettled bets found in DB
[SETTLEMENT] Found 1610 unsettled predictions in DB
[SETTLEMENT] No unsettled bets found in DB
[SETTLEMENT] Found 1720 unsettled predictions in DB
[SETTLEMENT] No unsettled bets found in DB
[SETTLEMENT] Found 1162 unsettled predictions in DB
[SETTLEMENT] No unsettled bets found in DB
[SETTLEMENT] Found 1649 unsettled predictions in DB
[SETTLEMENT] No unsettled bets found in DB
[SETTLEMENT] Found 1383 unsettled predictions in DB
[SETTLEMENT] No unsettled bets found in DB
[SETTLEMENT] Found 1874 unsettled predictions in DB
[SETTLEMENT] No unsettled bets found in DB
[SETTLEMENT] Found 2087 unsettled predictions in DB
[SETTLEMENT] No unsettled bets found in DB
[SETTLEMENT] Found 1814 unsettled predictions in DB
[SETTLEMENT] No unsettled bets found in DB
[SETTLEMENT] Found 1858 unsettled predictions in DB
[SETTLEMENT] No unsettled bets found in DB
[SETTLEMENT] Found 1389 unsettled predictions in DB
[SETTLEMENT] No unsettled bets found in DB
[SETTLEMENT] Found 1318 unsettled predictions in DB
[SETTLEMENT] No unsettled bets found in DB
[SETTLEMENT] Found 1265 unsettled predictions in DB
[SETTLEMENT] No unsettled bets found in DB
[SETTLEMENT] Found 1395 unsettled predictions in DB
[SETTLEMENT] No unsettled bets found in DB
[SETTLEMENT] Found 1339 unsettled predictions in DB
[SETTLEMENT] No unsettled bets found in DB
[SETTLEMENT] Found 1280 unsettled predictions in DB
[SETTLEMENT] No unsettled bets found in DB
[SETTLEMENT] Found 1002 unsettled predictions in DB
[SETTLEMENT] No unsettled bets found in DB
[SETTLEMENT] Found 1449 unsettled predictions in DB
[SETTLEMENT] No unsettled bets found in DB
[SETTLEMENT] Found 955 unsettled predictions in DB
[SETTLEMENT] No unsettled bets found in DB
[SETTLEMENT] Found 1225 unsettled predictions in DB
[SETTLEMENT] No unsettled bets found in DB
[SETTLEMENT] Found 1512 unsettled predictions in DB
[SETTLEMENT] No unsettled bets found in DB
[SETTLEMENT] Found 1766 unsettled predictions in DB
[SETTLEMENT] No unsettled bets found in DB
[SETTLEMENT] Found 1806 unsettled predictions in DB
[SETTLEMENT] No unsettled bets found in DB
[SETTLEMENT] Found 1829 unsettled predictions in DB
[SETTLEMENT] No unsettled bets found in DB
[SETTLEMENT] Found 1933 unsettled predictions in DB
[SETTLEMENT] No unsettled bets found in DB
[SETTLEMENT] Found 1758 unsettled predictions in DB
[SETTLEMENT] No unsettled bets found in DB
[SETTLEMENT] Found 1791 unsettled predictions in DB
[SETTLEMENT] No unsettled bets found in DB
[SETTLEMENT] Found 2132 unsettled predictions in DB
[SETTLEMENT] No unsettled bets found in DB
[SETTLEMENT] Found 2097 unsettled predictions in DB
[SETTLEMENT] No unsettled bets found in DB
[SETTLEMENT] Found 1325 unsettled predictions in DB
[SETTLEMENT] No unsettled bets found in DB
[SETTLEMENT] Found 1868 unsettled predictions in DB
[SETTLEMENT] No unsettled bets found in DB
[SETTLEMENT] Found 1294 unsettled predictions in DB
[SETTLEMENT] No unsettled bets found in DB
[SETTLEMENT] Found 1957 unsettled predictions in DB
[SETTLEMENT] No unsettled bets found in DB
[SETTLEMENT] Found 1856 unsettled predictions in DB
[SETTLEMENT] No unsettled bets found in DB
[SETTLEMENT] Found 1779 unsettled predictions in DB
[SETTLEMENT] No unsettled bets found in DB
[SETTLEMENT] Found 1876 unsettled predictions in DB
[SETTLEMENT] No unsettled bets found in DB
[SETTLEMENT] Found 1842 unsettled predictions in DB
[SETTLEMENT] No unsettled bets found in DB
[SETTLEMENT] Found 1810 unsettled predictions in DB
[SETTLEMENT] No unsettled bets found in DB
[SETTLEMENT] Found 1984 unsettled predictions in DB
[SETTLEMENT] No unsettled bets found in DB
[SETTLEMENT] Found 1930 unsettled predictions in DB
[SETTLEMENT] No unsettled bets found in DB
[SETTLEMENT] Found 1277 unsettled predictions in DB
[SETTLEMENT] No unsettled bets found in DB
[SETTLEMENT] Found 1938 unsettled predictions in DB
[SETTLEMENT] No unsettled bets found in DB
[SETTLEMENT] Found 2075 unsettled predictions in DB
[SETTLEMENT] No unsettled bets found in DB
[SETTLEMENT] Found 1965 unsettled predictions in DB
[SETTLEMENT] No unsettled bets found in DB
[SETTLEMENT] Found 2006 unsettled predictions in DB
[SETTLEMENT] No unsettled bets found in DB
[SETTLEMENT] Found 1345 unsettled predictions in DB
[SETTLEMENT] No unsettled bets found in DB
[SETTLEMENT] Found 1296 unsettled predictions in DB
[SETTLEMENT] No unsettled bets found in DB
[SETTLEMENT] Found 1958 unsettled predictions in DB
[SETTLEMENT] No unsettled bets found in DB
[SETTLEMENT] Found 1952 unsettled predictions in DB
[SETTLEMENT] No unsettled bets found in DB
[SETTLEMENT] Found 1336 unsettled predictions in DB
[SETTLEMENT] No unsettled bets found in DB
[SETTLEMENT] Found 1148 unsettled predictions in DB
[SETTLEMENT] No unsettled bets found in DB
[SETTLEMENT] Found 1297 unsettled predictions in DB
[SETTLEMENT] No unsettled bets found in DB
[SETTLEMENT] Found 1299 unsettled predictions in DB
[SETTLEMENT] No unsettled bets found in DB
[SETTLEMENT] Found 1787 unsettled predictions in DB
[SETTLEMENT] No unsettled bets found in DB
[SETTLEMENT] Found 2052 unsettled predictions in DB
[SETTLEMENT] No unsettled bets found in DB
[SETTLEMENT] Found 1972 unsettled predictions in DB
[SETTLEMENT] No unsettled bets found in DB
[SETTLEMENT] Found 1273 unsettled predictions in DB
[SETTLEMENT] No unsettled bets found in DB
[SETTLEMENT] Found 1887 unsettled predictions in DB
[SETTLEMENT] No unsettled bets found in DB
[SETTLEMENT] Found 1546 unsettled predictions in DB
[SETTLEMENT] No unsettled bets found in DB
[SETTLEMENT] Found 2036 unsettled predictions in DB
[SETTLEMENT] No unsettled bets found in DB
[SETTLEMENT] Found 1539 unsettled predictions in DB
[SETTLEMENT] No unsettled bets found in DB
[SETTLEMENT] Found 2026 unsettled predictions in DB
[SETTLEMENT] No unsettled bets found in DB
[SETTLEMENT] Found 1913 unsettled predictions in DB
[SETTLEMENT] No unsettled bets found in DB
[SETTLEMENT] Found 1754 unsettled predictions in DB
[SETTLEMENT] No unsettled bets found in DB
[SETTLEMENT] Found 1801 unsettled predictions in DB
[SETTLEMENT] No unsettled bets found in DB
[SETTLEMENT] Found 1784 unsettled predictions in DB
[SETTLEMENT] No unsettled bets found in DB
[SETTLEMENT] Found 1455 unsettled predictions in DB
[SETTLEMENT] No unsettled bets found in DB
[SETTLEMENT] Found 1953 unsettled predictions in DB
[SETTLEMENT] No unsettled bets found in DB
[SETTLEMENT] Found 1346 unsettled predictions in DB
[SETTLEMENT] No unsettled bets found in DB
[SETTLEMENT] Found 1956 unsettled predictions in DB
[SETTLEMENT] No unsettled bets found in DB
[SETTLEMENT] Found 1941 unsettled predictions in DB
[SETTLEMENT] No unsettled bets found in DB
[SETTLEMENT] Found 2013 unsettled predictions in DB
[SETTLEMENT] No unsettled bets found in DB
[SETTLEMENT] Found 2030 unsettled predictions in DB
[SETTLEMENT] No unsettled bets found in DB
[SETTLEMENT] Found 1375 unsettled predictions in DB
[SETTLEMENT] No unsettled bets found in DB
[SETTLEMENT] Found 2044 unsettled predictions in DB
[SETTLEMENT] No unsettled bets found in DB
[SETTLEMENT] Found 1926 unsettled predictions in DB
[SETTLEMENT] No unsettled bets found in DB
[SETTLEMENT] Found 1391 unsettled predictions in DB
[SETTLEMENT] No unsettled bets found in DB
[SETTLEMENT] Found 2045 unsettled predictions in DB
[SETTLEMENT] No unsettled bets found in DB
[SETTLEMENT] Found 1808 unsettled predictions in DB
[SETTLEMENT] No unsettled bets found in DB
[SETTLEMENT] Found 1377 unsettled predictions in DB
[SETTLEMENT] No unsettled bets found in DB
[SETTLEMENT] Found 1393 unsettled predictions in DB
[SETTLEMENT] No unsettled bets found in DB
[SETTLEMENT] Found 1479 unsettled predictions in DB
[SETTLEMENT] No unsettled bets found in DB
[SETTLEMENT] Found 1697 unsettled predictions in DB
[SETTLEMENT] No unsettled bets found in DB
[SETTLEMENT] Found 1263 unsettled predictions in DB
[SETTLEMENT] No unsettled bets found in DB
[SETTLEMENT] Found 1490 unsettled predictions in DB
[SETTLEMENT] No unsettled bets found in DB
[SETTLEMENT] Found 1169 unsettled predictions in DB
[SETTLEMENT] No unsettled bets found in DB
[SETTLEMENT] Found 1713 unsettled predictions in DB
[SETTLEMENT] No unsettled bets found in DB
[SETTLEMENT] Found 1885 unsettled predictions in DB
[SETTLEMENT] No unsettled bets found in DB
[SETTLEMENT] Found 1991 unsettled predictions in DB
[SETTLEMENT] No unsettled bets found in DB
[SETTLEMENT] Found 1659 unsettled predictions in DB
[SETTLEMENT] No unsettled bets found in DB
[SETTLEMENT] Found 2140 unsettled predictions in DB
[SETTLEMENT] No unsettled bets found in DB
[SETTLEMENT] Found 1640 unsettled predictions in DB
[SETTLEMENT] No unsettled bets found in DB
[SETTLEMENT] Found 2138 unsettled predictions in DB
[SETTLEMENT] No unsettled bets found in DB
[SETTLEMENT] Found 2050 unsettled predictions in DB
[SETTLEMENT] No unsettled bets found in DB
[SETTLEMENT] Found 2104 unsettled predictions in DB
[SETTLEMENT] No unsettled bets found in DB
[SETTLEMENT] Found 2066 unsettled predictions in DB
[SETTLEMENT] No unsettled bets found in DB
[SETTLEMENT] Found 2012 unsettled predictions in DB
[SETTLEMENT] No unsettled bets found in DB
[SETTLEMENT] Found 1732 unsettled predictions in DB
[SETTLEMENT] No unsettled bets found in DB
[SETTLEMENT] Found 1385 unsettled predictions in DB
[SETTLEMENT] No unsettled bets found in DB
[SETTLEMENT] Found 1878 unsettled predictions in DB
[SETTLEMENT] No unsettled bets found in DB
[SETTLEMENT] Found 2040 unsettled predictions in DB
[SETTLEMENT] No unsettled bets found in DB
[SETTLEMENT] Found 1887 unsettled predictions in DB
[SETTLEMENT] No unsettled bets found in DB
[SETTLEMENT] Found 1989 unsettled predictions in DB
[SETTLEMENT] No unsettled bets found in DB
[SETTLEMENT] Found 1558 unsettled predictions in DB
[SETTLEMENT] No unsettled bets found in DB
[SETTLEMENT] Found 2051 unsettled predictions in DB
[SETTLEMENT] No unsettled bets found in DB
[SETTLEMENT] Found 2017 unsettled predictions in DB
[SETTLEMENT] No unsettled bets found in DB
[SETTLEMENT] Found 1511 unsettled predictions in DB
[SETTLEMENT] No unsettled bets found in DB
[SETTLEMENT] Found 1462 unsettled predictions in DB
[SETTLEMENT] No unsettled bets found in DB
[SETTLEMENT] Found 1404 unsettled predictions in DB
[SETTLEMENT] No unsettled bets found in DB
[SETTLEMENT] Found 2016 unsettled predictions in DB
[SETTLEMENT] No unsettled bets found in DB
[SETTLEMENT] Found 2141 unsettled predictions in DB
[SETTLEMENT] No unsettled bets found in DB
[SETTLEMENT] Found 2012 unsettled predictions in DB
[SETTLEMENT] No unsettled bets found in DB
[SETTLEMENT] Found 1899 unsettled predictions in DB
[SETTLEMENT] No unsettled bets found in DB
[SETTLEMENT] Found 1904 unsettled predictions in DB
[SETTLEMENT] No unsettled bets found in DB
[SETTLEMENT] Found 1830 unsettled predictions in DB
[SETTLEMENT] No unsettled bets found in DB
[SETTLEMENT] Found 1937 unsettled predictions in DB
[SETTLEMENT] No unsettled bets found in DB
[SETTLEMENT] Found 1931 unsettled predictions in DB
[SETTLEMENT] No unsettled bets found in DB
[SETTLEMENT] Found 1394 unsettled predictions in DB
[SETTLEMENT] No unsettled bets found in DB
[SETTLEMENT] Found 1826 unsettled predictions in DB
[SETTLEMENT] No unsettled bets found in DB
[SETTLEMENT] Found 1845 unsettled predictions in DB
[SETTLEMENT] No unsettled bets found in DB
[SETTLEMENT] Found 1588 unsettled predictions in DB
[SETTLEMENT] No unsettled bets found in DB
[SETTLEMENT] Found 2087 unsettled predictions in DB
[SETTLEMENT] No unsettled bets found in DB
[SETTLEMENT] Found 1553 unsettled predictions in DB
[SETTLEMENT] No unsettled bets found in DB
[SETTLEMENT] Found 2049 unsettled predictions in DB
[SETTLEMENT] No unsettled bets found in DB
[SETTLEMENT] Found 1444 unsettled predictions in DB
[SETTLEMENT] No unsettled bets found in DB
[SETTLEMENT] Found 1563 unsettled predictions in DB
[SETTLEMENT] No unsettled bets found in DB
[SETTLEMENT] Found 2050 unsettled predictions in DB
[SETTLEMENT] No unsettled bets found in DB
[SETTLEMENT] Found 1984 unsettled predictions in DB
[SETTLEMENT] No unsettled bets found in DB
[SETTLEMENT] Found 1849 unsettled predictions in DB
[SETTLEMENT] No unsettled bets found in DB
[SETTLEMENT] Found 1567 unsettled predictions in DB
[SETTLEMENT] No unsettled bets found in DB
[SETTLEMENT] Found 1135 unsettled predictions in DB
[SETTLEMENT] No unsettled bets found in DB
[SETTLEMENT] Found 1320 unsettled predictions in DB
[SETTLEMENT] No unsettled bets found in DB
[SETTLEMENT] Found 1705 unsettled predictions in DB
[SETTLEMENT] No unsettled bets found in DB
[SETTLEMENT] Found 1718 unsettled predictions in DB
[SETTLEMENT] No unsettled bets found in DB
[SETTLEMENT] Found 1282 unsettled predictions in DB
[SETTLEMENT] No unsettled bets found in DB
[SETTLEMENT] Found 1663 unsettled predictions in DB
[SETTLEMENT] No unsettled bets found in DB
[SETTLEMENT] Found 1401 unsettled predictions in DB
[SETTLEMENT] No unsettled bets found in DB
[SETTLEMENT] Found 2076 unsettled predictions in DB
[SETTLEMENT] No unsettled bets found in DB
[SETTLEMENT] Found 2122 unsettled predictions in DB
[SETTLEMENT] No unsettled bets found in DB
[SETTLEMENT] Found 2170 unsettled predictions in DB
[SETTLEMENT] No unsettled bets found in DB
[SETTLEMENT] Found 2237 unsettled predictions in DB
[SETTLEMENT] No unsettled bets found in DB
[SETTLEMENT] Found 1566 unsettled predictions in DB
[SETTLEMENT] No unsettled bets found in DB
[SETTLEMENT] Found 2220 unsettled predictions in DB
[SETTLEMENT] No unsettled bets found in DB
[SETTLEMENT] Found 2268 unsettled predictions in DB
[SETTLEMENT] No unsettled bets found in DB
[SETTLEMENT] Found 2157 unsettled predictions in DB
[SETTLEMENT] No unsettled bets found in DB
[SETTLEMENT] Found 1504 unsettled predictions in DB
[SETTLEMENT] No unsettled bets found in DB
[SETTLEMENT] Found 2160 unsettled predictions in DB
[SETTLEMENT] No unsettled bets found in DB
[SETTLEMENT] Found 1593 unsettled predictions in DB
[SETTLEMENT] No unsettled bets found in DB
[SETTLEMENT] Found 2089 unsettled predictions in DB
[SETTLEMENT] No unsettled bets found in DB
[SETTLEMENT] Found 1957 unsettled predictions in DB
[SETTLEMENT] No unsettled bets found in DB
[SETTLEMENT] Found 1904 unsettled predictions in DB
[SETTLEMENT] No unsettled bets found in DB
[SETTLEMENT] Found 2179 unsettled predictions in DB
[SETTLEMENT] No unsettled bets found in DB
[SETTLEMENT] Found 1413 unsettled predictions in DB
[SETTLEMENT] No unsettled bets found in DB
[SETTLEMENT] Found 2021 unsettled predictions in DB
[SETTLEMENT] No unsettled bets found in DB
[SETTLEMENT] Found 1486 unsettled predictions in DB
[SETTLEMENT] No unsettled bets found in DB
[SETTLEMENT] Found 2143 unsettled predictions in DB
[SETTLEMENT] No unsettled bets found in DB
[SETTLEMENT] Found 2130 unsettled predictions in DB
[SETTLEMENT] No unsettled bets found in DB
[SETTLEMENT] Found 1529 unsettled predictions in DB
[SETTLEMENT] No unsettled bets found in DB
[SETTLEMENT] Found 1434 unsettled predictions in DB
[SETTLEMENT] No unsettled bets found in DB
[SETTLEMENT] Found 1644 unsettled predictions in DB
[SETTLEMENT] No unsettled bets found in DB
[SETTLEMENT] Found 2118 unsettled predictions in DB
[SETTLEMENT] No unsettled bets found in DB
[SETTLEMENT] Found 2045 unsettled predictions in DB
[SETTLEMENT] No unsettled bets found in DB
[SETTLEMENT] Found 1647 unsettled predictions in DB
[SETTLEMENT] No unsettled bets found in DB
[SETTLEMENT] Found 2131 unsettled predictions in DB
[SETTLEMENT] No unsettled bets found in DB
[SETTLEMENT] Found 1553 unsettled predictions in DB
[SETTLEMENT] No unsettled bets found in DB
[SETTLEMENT] Found 2210 unsettled predictions in DB
[SETTLEMENT] No unsettled bets found in DB
[SETTLEMENT] Found 1621 unsettled predictions in DB
[SETTLEMENT] No unsettled bets found in DB
[SETTLEMENT] Found 1551 unsettled predictions in DB
[SETTLEMENT] No unsettled bets found in DB
[SETTLEMENT] Found 1610 unsettled predictions in DB
[SETTLEMENT] No unsettled bets found in DB
[SETTLEMENT] Found 1553 unsettled predictions in DB
[SETTLEMENT] No unsettled bets found in DB
[SETTLEMENT] Found 2032 unsettled predictions in DB
[SETTLEMENT] No unsettled bets found in DB
[SETTLEMENT] Found 2092 unsettled predictions in DB
[SETTLEMENT] No unsettled bets found in DB
[SETTLEMENT] Found 2218 unsettled predictions in DB
[SETTLEMENT] No unsettled bets found in DB
[SETTLEMENT] Found 2110 unsettled predictions in DB
[SETTLEMENT] No unsettled bets found in DB
[SETTLEMENT] Found 1552 unsettled predictions in DB
[SETTLEMENT] No unsettled bets found in DB
[SETTLEMENT] Found 2042 unsettled predictions in DB
[SETTLEMENT] No unsettled bets found in DB
[SETTLEMENT] Found 2108 unsettled predictions in DB
[SETTLEMENT] No unsettled bets found in DB
[SETTLEMENT] Found 1495 unsettled predictions in DB
[SETTLEMENT] No unsettled bets found in DB
[SETTLEMENT] Found 1609 unsettled predictions in DB
[SETTLEMENT] No unsettled bets found in DB
[SETTLEMENT] Found 1540 unsettled predictions in DB
[SETTLEMENT] No unsettled bets found in DB
[SETTLEMENT] Found 1576 unsettled predictions in DB
[SETTLEMENT] No unsettled bets found in DB
[SETTLEMENT] Found 1968 unsettled predictions in DB
[SETTLEMENT] No unsettled bets found in DB
[SETTLEMENT] Found 2362 unsettled predictions in DB
[SETTLEMENT] No unsettled bets found in DB
[SETTLEMENT] Found 1539 unsettled predictions in DB
[SETTLEMENT] No unsettled bets found in DB
[SETTLEMENT] Found 2045 unsettled predictions in DB
[SETTLEMENT] No unsettled bets found in DB
[SETTLEMENT] Found 2048 unsettled predictions in DB
[SETTLEMENT] No unsettled bets found in DB
[SETTLEMENT] Found 1519 unsettled predictions in DB
[SETTLEMENT] No unsettled bets found in DB
[SETTLEMENT] Found 2121 unsettled predictions in DB
[SETTLEMENT] No unsettled bets found in DB
[SETTLEMENT] Found 1567 unsettled predictions in DB
[SETTLEMENT] No unsettled bets found in DB
[SETTLEMENT] Found 2217 unsettled predictions in DB
[SETTLEMENT] No unsettled bets found in DB
[SETTLEMENT] Found 1703 unsettled predictions in DB
[SETTLEMENT] No unsettled bets found in DB
[SETTLEMENT] Found 2189 unsettled predictions in DB
[SETTLEMENT] No unsettled bets found in DB
[SETTLEMENT] Found 1541 unsettled predictions in DB
[SETTLEMENT] No unsettled bets found in DB
[SETTLEMENT] Found 1617 unsettled predictions in DB
[SETTLEMENT] No unsettled bets found in DB
[SETTLEMENT] Found 1480 unsettled predictions in DB
[SETTLEMENT] No unsettled bets found in DB
[SETTLEMENT] Found 1960 unsettled predictions in DB
[SETTLEMENT] No unsettled bets found in DB
[SETTLEMENT] Found 1975 unsettled predictions in DB
[SETTLEMENT] No unsettled bets found in DB
[SETTLEMENT] Found 1433 unsettled predictions in DB
[SETTLEMENT] No unsettled bets found in DB
[SETTLEMENT] Found 1917 unsettled predictions in DB
[SETTLEMENT] No unsettled bets found in DB
[SETTLEMENT] Found 2031 unsettled predictions in DB
[SETTLEMENT] No unsettled bets found in DB
[SETTLEMENT] Found 1749 unsettled predictions in DB
[SETTLEMENT] No unsettled bets found in DB
[SETTLEMENT] Found 1206 unsettled predictions in DB
[SETTLEMENT] No unsettled bets found in DB
[SETTLEMENT] Found 1748 unsettled predictions in DB
[SETTLEMENT] No unsettled bets found in DB
[SETTLEMENT] Found 1519 unsettled predictions in DB
[SETTLEMENT] No unsettled bets found in DB
[SETTLEMENT] Found 1578 unsettled predictions in DB
[SETTLEMENT] No unsettled bets found in DB
[SETTLEMENT] Found 2296 unsettled predictions in DB
[SETTLEMENT] No unsettled bets found in DB
[SETTLEMENT] Found 2134 unsettled predictions in DB
[SETTLEMENT] No unsettled bets found in DB
[SETTLEMENT] Found 2248 unsettled predictions in DB
[SETTLEMENT] No unsettled bets found in DB
[SETTLEMENT] Found 2304 unsettled predictions in DB
[SETTLEMENT] No unsettled bets found in DB
[SETTLEMENT] Found 1650 unsettled predictions in DB
[SETTLEMENT] No unsettled bets found in DB
[SETTLEMENT] Found 1529 unsettled predictions in DB
[SETTLEMENT] No unsettled bets found in DB
[SETTLEMENT] Found 1530 unsettled predictions in DB
[SETTLEMENT] No unsettled bets found in DB
[SETTLEMENT] Found 1901 unsettled predictions in DB
[SETTLEMENT] No unsettled bets found in DB
[SETTLEMENT] Found 2008 unsettled predictions in DB
[SETTLEMENT] No unsettled bets found in DB
[SETTLEMENT] Found 1100 unsettled predictions in DB
[SETTLEMENT] No unsettled bets found in DB
[SETTLEMENT] Found 1177 unsettled predictions in DB
[SETTLEMENT] No unsettled bets found in DB
[SETTLEMENT] Found 1278 unsettled predictions in DB
[SETTLEMENT] No unsettled bets found in DB
[SETTLEMENT] Found 1333 unsettled predictions in DB
[SETTLEMENT] No unsettled bets found in DB
[SETTLEMENT] Found 1720 unsettled predictions in DB
[SETTLEMENT] No unsettled bets found in DB
[SETTLEMENT] Found 1667 unsettled predictions in DB
[SETTLEMENT] No unsettled bets found in DB
[SETTLEMENT] Found 1335 unsettled predictions in DB
[SETTLEMENT] No unsettled bets found in DB
[SETTLEMENT] Found 1683 unsettled predictions in DB
[SETTLEMENT] No unsettled bets found in DB
[SETTLEMENT] Found 1730 unsettled predictions in DB
[SETTLEMENT] No unsettled bets found in DB
[SETTLEMENT] Found 1321 unsettled predictions in DB
[SETTLEMENT] No unsettled bets found in DB
[SETTLEMENT] Found 1700 unsettled predictions in DB
[SETTLEMENT] No unsettled bets found in DB
[SETTLEMENT] Found 1772 unsettled predictions in DB
[SETTLEMENT] No unsettled bets found in DB
[SETTLEMENT] Found 1675 unsettled predictions in DB
[SETTLEMENT] No unsettled bets found in DB
[SETTLEMENT] Found 1219 unsettled predictions in DB
[SETTLEMENT] No unsettled bets found in DB
[SETTLEMENT] Found 1595 unsettled predictions in DB
[SETTLEMENT] No unsettled bets found in DB
[SETTLEMENT] Found 1707 unsettled predictions in DB
[SETTLEMENT] No unsettled bets found in DB
[SETTLEMENT] Found 1414 unsettled predictions in DB
[SETTLEMENT] No unsettled bets found in DB
[SETTLEMENT] Found 1359 unsettled predictions in DB
[SETTLEMENT] No unsettled bets found in DB
[SETTLEMENT] Found 1899 unsettled predictions in DB
[SETTLEMENT] No unsettled bets found in DB
[SETTLEMENT] Found 1958 unsettled predictions in DB
[SETTLEMENT] No unsettled bets found in DB
[SETTLEMENT] Found 2121 unsettled predictions in DB
[SETTLEMENT] No unsettled bets found in DB
[SETTLEMENT] Found 1638 unsettled predictions in DB
[SETTLEMENT] No unsettled bets found in DB
[SETTLEMENT] Found 1572 unsettled predictions in DB
[SETTLEMENT] No unsettled bets found in DB
[SETTLEMENT] Found 1665 unsettled predictions in DB
[SETTLEMENT] No unsettled bets found in DB
[SETTLEMENT] Found 1550 unsettled predictions in DB
[SETTLEMENT] No unsettled bets found in DB
[SETTLEMENT] Found 2212 unsettled predictions in DB
[SETTLEMENT] No unsettled bets found in DB
[SETTLEMENT] Found 2231 unsettled predictions in DB
[SETTLEMENT] No unsettled bets found in DB
[SETTLEMENT] Found 1499 unsettled predictions in DB
[SETTLEMENT] No unsettled bets found in DB
[SETTLEMENT] Found 1455 unsettled predictions in DB
[SETTLEMENT] No unsettled bets found in DB
[SETTLEMENT] Found 1984 unsettled predictions in DB
[SETTLEMENT] No unsettled bets found in DB
[SETTLEMENT] Found 2096 unsettled predictions in DB
[SETTLEMENT] No unsettled bets found in DB
[SETTLEMENT] Found 1722 unsettled predictions in DB
[SETTLEMENT] No unsettled bets found in DB
[SETTLEMENT] Found 1413 unsettled predictions in DB
[SETTLEMENT] No unsettled bets found in DB
[SETTLEMENT] Found 1356 unsettled predictions in DB
[SETTLEMENT] No unsettled bets found in DB
[SETTLEMENT] Found 1645 unsettled predictions in DB
[SETTLEMENT] No unsettled bets found in DB
[SETTLEMENT] Found 1410 unsettled predictions in DB
[SETTLEMENT] No unsettled bets found in DB
[SETTLEMENT] Found 1684 unsettled predictions in DB
[SETTLEMENT] No unsettled bets found in DB
[SETTLEMENT] Found 1404 unsettled predictions in DB
[SETTLEMENT] No unsettled bets found in DB
[SETTLEMENT] Found 1505 unsettled predictions in DB
[SETTLEMENT] No unsettled bets found in DB
[SETTLEMENT] Found 1994 unsettled predictions in DB
[SETTLEMENT] No unsettled bets found in DB
[SETTLEMENT] Found 1529 unsettled predictions in DB
[SETTLEMENT] No unsettled bets found in DB
[SETTLEMENT] Found 1634 unsettled predictions in DB
[SETTLEMENT] No unsettled bets found in DB
[SETTLEMENT] Found 1566 unsettled predictions in DB
[SETTLEMENT] No unsettled bets found in DB
[SETTLEMENT] Found 2060 unsettled predictions in DB
[SETTLEMENT] Prediction settlement failed: deadlock detected
DETAIL:  Process 594781 waits for ShareLock on transaction 1628953; blocked by process 161427.
Process 161427 waits for ShareLock on transaction 1628952; blocked by process 594781.
HINT:  See server log for query details.
CONTEXT:  while updating tuple (57791,34) in relation "vfl_predictions"
Traceback (most recent call last):
  File "/home/ubuntu/faith-workspace/vfl-empire/services/settlement/server.py", line 228, in settle_predictions
    cur.execute(
  File "/home/ubuntu/.hermes/hermes-agent/venv/lib/python3.11/site-packages/psycopg2/extras.py", line 146, in execute
    return super().execute(query, vars)
           ^^^^^^^^^^^^^^^^^^^^^^^^^^^^
psycopg2.errors.DeadlockDetected: deadlock detected
DETAIL:  Process 594781 waits for ShareLock on transaction 1628953; blocked by process 161427.
Process 161427 waits for ShareLock on transaction 1628952; blocked by process 594781.
HINT:  See server log for query details.
CONTEXT:  while updating tuple (57791,34) in relation "vfl_predictions"

[SETTLEMENT] No unsettled bets found in DB
[SETTLEMENT] Found 1682 unsettled predictions in DB
[SETTLEMENT] No unsettled bets found in DB
[SETTLEMENT] Found 1620 unsettled predictions in DB
[SETTLEMENT] No unsettled bets found in DB
[SETTLEMENT] Found 1578 unsettled predictions in DB
[SETTLEMENT] No unsettled bets found in DB
[SETTLEMENT] Found 1751 unsettled predictions in DB
[SETTLEMENT] No unsettled bets found in DB
[SETTLEMENT] Found 2131 unsettled predictions in DB
[SETTLEMENT] No unsettled bets found in DB
[SETTLEMENT] Found 1862 unsettled predictions in DB
[SETTLEMENT] No unsettled bets found in DB
[SETTLEMENT] Found 1751 unsettled predictions in DB
[SETTLEMENT] No unsettled bets found in DB
[SETTLEMENT] Found 1666 unsettled predictions in DB
[SETTLEMENT] No unsettled bets found in DB
[SETTLEMENT] Found 1599 unsettled predictions in DB
[SETTLEMENT] No unsettled bets found in DB
[SETTLEMENT] Found 1690 unsettled predictions in DB
[SETTLEMENT] No unsettled bets found in DB
[SETTLEMENT] Found 1470 unsettled predictions in DB
[SETTLEMENT] No unsettled bets found in DB
[SETTLEMENT] Found 1803 unsettled predictions in DB
[SETTLEMENT] No unsettled bets found in DB
[SETTLEMENT] Found 2158 unsettled predictions in DB
[SETTLEMENT] No unsettled bets found in DB
[SETTLEMENT] Found 1983 unsettled predictions in DB
[SETTLEMENT] No unsettled bets found in DB
[SETTLEMENT] Found 1856 unsettled predictions in DB
[SETTLEMENT] No unsettled bets found in DB
[SETTLEMENT] Found 1424 unsettled predictions in DB
[SETTLEMENT] No unsettled bets found in DB
[SETTLEMENT] Found 1810 unsettled predictions in DB
[SETTLEMENT] No unsettled bets found in DB
[SETTLEMENT] Found 2054 unsettled predictions in DB
[SETTLEMENT] No unsettled bets found in DB
[SETTLEMENT] Found 2170 unsettled predictions in DB
[SETTLEMENT] No unsettled bets found in DB
[SETTLEMENT] Found 1692 unsettled predictions in DB
[SETTLEMENT] No unsettled bets found in DB
[SETTLEMENT] Found 1460 unsettled predictions in DB
[SETTLEMENT] No unsettled bets found in DB
[SETTLEMENT] Found 1938 unsettled predictions in DB
[SETTLEMENT] No unsettled bets found in DB
[SETTLEMENT] Found 1461 unsettled predictions in DB
[SETTLEMENT] No unsettled bets found in DB
[SETTLEMENT] Found 1711 unsettled predictions in DB
[SETTLEMENT] No unsettled bets found in DB
[SETTLEMENT] Found 1698 unsettled predictions in DB
[SETTLEMENT] No unsettled bets found in DB
[SETTLEMENT] Found 1661 unsettled predictions in DB
[SETTLEMENT] No unsettled bets found in DB
[SETTLEMENT] Found 1988 unsettled predictions in DB
[SETTLEMENT] No unsettled bets found in DB
[SETTLEMENT] Found 1456 unsettled predictions in DB
[SETTLEMENT] No unsettled bets found in DB
[SETTLEMENT] Found 2231 unsettled predictions in DB
[SETTLEMENT] No unsettled bets found in DB
[SETTLEMENT] Found 2246 unsettled predictions in DB
[SETTLEMENT] No unsettled bets found in DB
[SETTLEMENT] Found 1616 unsettled predictions in DB
[SETTLEMENT] No unsettled bets found in DB
[SETTLEMENT] Found 1563 unsettled predictions in DB
[SETTLEMENT] No unsettled bets found in DB
[SETTLEMENT] Found 2388 unsettled predictions in DB
[SETTLEMENT] No unsettled bets found in DB
[SETTLEMENT] Found 1681 unsettled predictions in DB
[SETTLEMENT] No unsettled bets found in DB
[SETTLEMENT] Found 2330 unsettled predictions in DB
[SETTLEMENT] No unsettled bets found in DB
[SETTLEMENT] Found 2319 unsettled predictions in DB
[SETTLEMENT] No unsettled bets found in DB
[SETTLEMENT] Found 1953 unsettled predictions in DB
[SETTLEMENT] No unsettled bets found in DB
[SETTLEMENT] Found 1955 unsettled predictions in DB
[SETTLEMENT] No unsettled bets found in DB
[SETTLEMENT] Found 1722 unsettled predictions in DB
[SETTLEMENT] No unsettled bets found in DB
[SETTLEMENT] Found 1353 unsettled predictions in DB
[SETTLEMENT] No unsettled bets found in DB
[SETTLEMENT] Found 1839 unsettled predictions in DB
[SETTLEMENT] No unsettled bets found in DB
[SETTLEMENT] Found 1574 unsettled predictions in DB
[SETTLEMENT] No unsettled bets found in DB
[SETTLEMENT] Found 2109 unsettled predictions in DB
[SETTLEMENT] No unsettled bets found in DB
[SETTLEMENT] Found 1799 unsettled predictions in DB
[SETTLEMENT] No unsettled bets found in DB
[SETTLEMENT] Found 2293 unsettled predictions in DB
[SETTLEMENT] No unsettled bets found in DB
[SETTLEMENT] Found 2227 unsettled predictions in DB
[SETTLEMENT] No unsettled bets found in DB
[SETTLEMENT] Found 1735 unsettled predictions in DB
[SETTLEMENT] No unsettled bets found in DB
[SETTLEMENT] Found 2129 unsettled predictions in DB
[SETTLEMENT] No unsettled bets found in DB
[SETTLEMENT] Found 2476 unsettled predictions in DB
[SETTLEMENT] No unsettled bets found in DB
[SETTLEMENT] Found 2424 unsettled predictions in DB
[SETTLEMENT] No unsettled bets found in DB
[SETTLEMENT] Found 2315 unsettled predictions in DB
[SETTLEMENT] No unsettled bets found in DB
[SETTLEMENT] Found 1602 unsettled predictions in DB
[SETTLEMENT] No unsettled bets found in DB
[SETTLEMENT] Found 1561 unsettled predictions in DB
[SETTLEMENT] No unsettled bets found in DB
[SETTLEMENT] Found 1841 unsettled predictions in DB
[SETTLEMENT] No unsettled bets found in DB
[SETTLEMENT] Found 1498 unsettled predictions in DB
[SETTLEMENT] No unsettled bets found in DB
[SETTLEMENT] Found 1380 unsettled predictions in DB
[SETTLEMENT] No unsettled bets found in DB
[SETTLEMENT] Found 1433 unsettled predictions in DB
[SETTLEMENT] No unsettled bets found in DB
[SETTLEMENT] Found 1335 unsettled predictions in DB
[SETTLEMENT] No unsettled bets found in DB
[SETTLEMENT] Found 1603 unsettled predictions in DB
[SETTLEMENT] No unsettled bets found in DB
[SETTLEMENT] Found 1476 unsettled predictions in DB
[SETTLEMENT] No unsettled bets found in DB
[SETTLEMENT] Found 1761 unsettled predictions in DB
[SETTLEMENT] No unsettled bets found in DB
[SETTLEMENT] Found 2150 unsettled predictions in DB
[SETTLEMENT] No unsettled bets found in DB
[SETTLEMENT] Found 2375 unsettled predictions in DB
[SETTLEMENT] No unsettled bets found in DB
[SETTLEMENT] Found 1698 unsettled predictions in DB
[SETTLEMENT] No unsettled bets found in DB
[SETTLEMENT] Found 2190 unsettled predictions in DB
[SETTLEMENT] No unsettled bets found in DB
[SETTLEMENT] Found 2348 unsettled predictions in DB
[SETTLEMENT] No unsettled bets found in DB
[SETTLEMENT] Found 1731 unsettled predictions in DB
[SETTLEMENT] No unsettled bets found in DB
[SETTLEMENT] Found 1701 unsettled predictions in DB
[SETTLEMENT] No unsettled bets found in DB
[SETTLEMENT] Found 2309 unsettled predictions in DB
[SETTLEMENT] No unsettled bets found in DB
[SETTLEMENT] Found 2095 unsettled predictions in DB
[SETTLEMENT] No unsettled bets found in DB
[SETTLEMENT] Found 1484 unsettled predictions in DB
[SETTLEMENT] No unsettled bets found in DB
[SETTLEMENT] Found 1695 unsettled predictions in DB
[SETTLEMENT] No unsettled bets found in DB
[SETTLEMENT] Found 1634 unsettled predictions in DB
[SETTLEMENT] No unsettled bets found in DB
[SETTLEMENT] Found 1848 unsettled predictions in DB
[SETTLEMENT] No unsettled bets found in DB
[SETTLEMENT] Found 2023 unsettled predictions in DB
[SETTLEMENT] No unsettled bets found in DB
[SETTLEMENT] Found 1452 unsettled predictions in DB
[SETTLEMENT] No unsettled bets found in DB
[SETTLEMENT] Found 1618 unsettled predictions in DB
[SETTLEMENT] No unsettled bets found in DB
[SETTLEMENT] Found 1511 unsettled predictions in DB
[SETTLEMENT] No unsettled bets found in DB
[SETTLEMENT] Found 1909 unsettled predictions in DB
[SETTLEMENT] No unsettled bets found in DB
[SETTLEMENT] Found 1857 unsettled predictions in DB
[SETTLEMENT] No unsettled bets found in DB
[SETTLEMENT] Found 2345 unsettled predictions in DB
[SETTLEMENT] No unsettled bets found in DB
[SETTLEMENT] Found 1841 unsettled predictions in DB
[SETTLEMENT] No unsettled bets found in DB
[SETTLEMENT] Found 1769 unsettled predictions in DB
[SETTLEMENT] No unsettled bets found in DB
[SETTLEMENT] Found 2250 unsettled predictions in DB
[SETTLEMENT] No unsettled bets found in DB
[SETTLEMENT] Found 2160 unsettled predictions in DB
[SETTLEMENT] No unsettled bets found in DB
[SETTLEMENT] Found 2168 unsettled predictions in DB
[SETTLEMENT] No unsettled bets found in DB
[SETTLEMENT] Found 1624 unsettled predictions in DB
[SETTLEMENT] No unsettled bets found in DB
[SETTLEMENT] Found 1726 unsettled predictions in DB
[SETTLEMENT] No unsettled bets found in DB
[SETTLEMENT] Found 1567 unsettled predictions in DB
[SETTLEMENT] No unsettled bets found in DB
[SETTLEMENT] Found 1833 unsettled predictions in DB
[SETTLEMENT] No unsettled bets found in DB
[SETTLEMENT] Found 1880 unsettled predictions in DB
[SETTLEMENT] No unsettled bets found in DB
[SETTLEMENT] Found 1944 unsettled predictions in DB
[SETTLEMENT] No unsettled bets found in DB
[SETTLEMENT] Found 2130 unsettled predictions in DB
[SETTLEMENT] No unsettled bets found in DB
[SETTLEMENT] Found 2313 unsettled predictions in DB
[SETTLEMENT] No unsettled bets found in DB
[SETTLEMENT] Found 2131 unsettled predictions in DB
[SETTLEMENT] No unsettled bets found in DB
[SETTLEMENT] Found 1773 unsettled predictions in DB
[SETTLEMENT] No unsettled bets found in DB
[SETTLEMENT] Found 1791 unsettled predictions in DB
[SETTLEMENT] No unsettled bets found in DB
[SETTLEMENT] Found 1770 unsettled predictions in DB
[SETTLEMENT] No unsettled bets found in DB
[SETTLEMENT] Found 2260 unsettled predictions in DB
[SETTLEMENT] No unsettled bets found in DB
[SETTLEMENT] Found 1858 unsettled predictions in DB
[SETTLEMENT] No unsettled bets found in DB
[SETTLEMENT] Found 2345 unsettled predictions in DB
[SETTLEMENT] No unsettled bets found in DB
[SETTLEMENT] Found 2283 unsettled predictions in DB
[SETTLEMENT] No unsettled bets found in DB
[SETTLEMENT] Found 2234 unsettled predictions in DB
[SETTLEMENT] No unsettled bets found in DB
[SETTLEMENT] Found 2003 unsettled predictions in DB
[SETTLEMENT] No unsettled bets found in DB
[SETTLEMENT] Found 1563 unsettled predictions in DB
[SETTLEMENT] No unsettled bets found in DB
[SETTLEMENT] Found 1839 unsettled predictions in DB
[SETTLEMENT] No unsettled bets found in DB
[SETTLEMENT] Found 1788 unsettled predictions in DB
[SETTLEMENT] No unsettled bets found in DB
[SETTLEMENT] Found 1307 unsettled predictions in DB
[SETTLEMENT] No unsettled bets found in DB
[SETTLEMENT] Found 1357 unsettled predictions in DB
[SETTLEMENT] No unsettled bets found in DB
[SETTLEMENT] Found 1703 unsettled predictions in DB
[SETTLEMENT] No unsettled bets found in DB
[SETTLEMENT] Found 1328 unsettled predictions in DB
[SETTLEMENT] No unsettled bets found in DB
[SETTLEMENT] Found 1603 unsettled predictions in DB
[SETTLEMENT] No unsettled bets found in DB
[SETTLEMENT] Found 1493 unsettled predictions in DB
[SETTLEMENT] No unsettled bets found in DB
[SETTLEMENT] Found 1556 unsettled predictions in DB
[SETTLEMENT] No unsettled bets found in DB
[SETTLEMENT] Found 1986 unsettled predictions in DB
[SETTLEMENT] No unsettled bets found in DB
[SETTLEMENT] Found 1777 unsettled predictions in DB
[SETTLEMENT] No unsettled bets found in DB
[SETTLEMENT] Found 1804 unsettled predictions in DB
[SETTLEMENT] No unsettled bets found in DB
[SETTLEMENT] Found 1873 unsettled predictions in DB
[SETTLEMENT] No unsettled bets found in DB
[SETTLEMENT] Found 2256 unsettled predictions in DB
[SETTLEMENT] No unsettled bets found in DB
[SETTLEMENT] Found 1524 unsettled predictions in DB
[SETTLEMENT] No unsettled bets found in DB
[SETTLEMENT] Found 1677 unsettled predictions in DB
[SETTLEMENT] No unsettled bets found in DB
[SETTLEMENT] Found 1745 unsettled predictions in DB
[SETTLEMENT] No unsettled bets found in DB
[SETTLEMENT] Found 1684 unsettled predictions in DB
[SETTLEMENT] No unsettled bets found in DB
[SETTLEMENT] Found 1631 unsettled predictions in DB
[SETTLEMENT] No unsettled bets found in DB
[SETTLEMENT] Found 1690 unsettled predictions in DB
[SETTLEMENT] No unsettled bets found in DB
[SETTLEMENT] Found 1481 unsettled predictions in DB
[SETTLEMENT] No unsettled bets found in DB
[SETTLEMENT] Found 1639 unsettled predictions in DB
[SETTLEMENT] No unsettled bets found in DB
[SETTLEMENT] Found 1591 unsettled predictions in DB
[SETTLEMENT] No unsettled bets found in DB
[SETTLEMENT] Found 1522 unsettled predictions in DB
[SETTLEMENT] No unsettled bets found in DB
[SETTLEMENT] Found 1753 unsettled predictions in DB
[SETTLEMENT] No unsettled bets found in DB
[SETTLEMENT] Found 1955 unsettled predictions in DB
[SETTLEMENT] No unsettled bets found in DB
[SETTLEMENT] Found 1997 unsettled predictions in DB
[SETTLEMENT] No unsettled bets found in DB
[SETTLEMENT] Found 1764 unsettled predictions in DB
[SETTLEMENT] No unsettled bets found in DB
[SETTLEMENT] Found 1729 unsettled predictions in DB
[SETTLEMENT] No unsettled bets found in DB
[SETTLEMENT] Found 2005 unsettled predictions in DB
[SETTLEMENT] No unsettled bets found in DB
[SETTLEMENT] Found 1477 unsettled predictions in DB
[SETTLEMENT] No unsettled bets found in DB
[SETTLEMENT] Found 1532 unsettled predictions in DB
[SETTLEMENT] No unsettled bets found in DB
[SETTLEMENT] Found 1690 unsettled predictions in DB
[SETTLEMENT] No unsettled bets found in DB
[SETTLEMENT] Found 1383 unsettled predictions in DB
[SETTLEMENT] No unsettled bets found in DB
[SETTLEMENT] Found 1679 unsettled predictions in DB
[SETTLEMENT] No unsettled bets found in DB
[SETTLEMENT] Found 1957 unsettled predictions in DB
[SETTLEMENT] No unsettled bets found in DB
[SETTLEMENT] Found 1608 unsettled predictions in DB
[SETTLEMENT] No unsettled bets found in DB
[SETTLEMENT] Found 1942 unsettled predictions in DB
[SETTLEMENT] No unsettled bets found in DB
[SETTLEMENT] Found 2003 unsettled predictions in DB
[SETTLEMENT] No unsettled bets found in DB
[SETTLEMENT] Found 2060 unsettled predictions in DB
[SETTLEMENT] No unsettled bets found in DB
[SETTLEMENT] Found 2109 unsettled predictions in DB
[SETTLEMENT] No unsettled bets found in DB
[SETTLEMENT] Found 2061 unsettled predictions in DB
[SETTLEMENT] No unsettled bets found in DB
[SETTLEMENT] Found 2098 unsettled predictions in DB
[SETTLEMENT] No unsettled bets found in DB
[SETTLEMENT] Found 2022 unsettled predictions in DB
[SETTLEMENT] No unsettled bets found in DB
[SETTLEMENT] Found 1594 unsettled predictions in DB
[SETTLEMENT] No unsettled bets found in DB
[SETTLEMENT] Found 1541 unsettled predictions in DB
[SETTLEMENT] No unsettled bets found in DB
[SETTLEMENT] Found 1811 unsettled predictions in DB
[SETTLEMENT] No unsettled bets found in DB
[SETTLEMENT] Found 1338 unsettled predictions in DB
[SETTLEMENT] No unsettled bets found in DB
[SETTLEMENT] Found 1451 unsettled predictions in DB
[SETTLEMENT] No unsettled bets found in DB
[SETTLEMENT] Found 1496 unsettled predictions in DB
[SETTLEMENT] No unsettled bets found in DB
[SETTLEMENT] Found 1613 unsettled predictions in DB
[SETTLEMENT] No unsettled bets found in DB
[SETTLEMENT] Found 1566 unsettled predictions in DB
[SETTLEMENT] No unsettled bets found in DB
[SETTLEMENT] Found 1843 unsettled predictions in DB
[SETTLEMENT] No unsettled bets found in DB
[SETTLEMENT] Found 1862 unsettled predictions in DB
[SETTLEMENT] No unsettled bets found in DB
[SETTLEMENT] Found 1734 unsettled predictions in DB
[SETTLEMENT] No unsettled bets found in DB
[SETTLEMENT] Found 1661 unsettled predictions in DB
[SETTLEMENT] No unsettled bets found in DB
[SETTLEMENT] Found 1717 unsettled predictions in DB
[SETTLEMENT] No unsettled bets found in DB
[SETTLEMENT] Found 2086 unsettled predictions in DB
[SETTLEMENT] No unsettled bets found in DB
[SETTLEMENT] Found 1765 unsettled predictions in DB
[SETTLEMENT] No unsettled bets found in DB
[SETTLEMENT] Found 2013 unsettled predictions in DB
[SETTLEMENT] No unsettled bets found in DB
[SETTLEMENT] Found 1852 unsettled predictions in DB
[SETTLEMENT] No unsettled bets found in DB
[SETTLEMENT] Found 1517 unsettled predictions in DB
[SETTLEMENT] No unsettled bets found in DB
[SETTLEMENT] Found 1552 unsettled predictions in DB
[SETTLEMENT] No unsettled bets found in DB
[SETTLEMENT] Found 1944 unsettled predictions in DB
[SETTLEMENT] No unsettled bets found in DB
[SETTLEMENT] Found 2218 unsettled predictions in DB
[SETTLEMENT] No unsettled bets found in DB
[SETTLEMENT] Found 1926 unsettled predictions in DB
[SETTLEMENT] No unsettled bets found in DB
[SETTLEMENT] Found 1817 unsettled predictions in DB
[SETTLEMENT] No unsettled bets found in DB
[SETTLEMENT] Found 1562 unsettled predictions in DB
[SETTLEMENT] No unsettled bets found in DB
[SETTLEMENT] Found 1641 unsettled predictions in DB
[SETTLEMENT] No unsettled bets found in DB
[SETTLEMENT] Found 1479 unsettled predictions in DB
[SETTLEMENT] No unsettled bets found in DB
[SETTLEMENT] Found 1854 unsettled predictions in DB
[SETTLEMENT] No unsettled bets found in DB
[SETTLEMENT] Found 1856 unsettled predictions in DB
[SETTLEMENT] No unsettled bets found in DB
[SETTLEMENT] Found 1848 unsettled predictions in DB
[SETTLEMENT] No unsettled bets found in DB
[SETTLEMENT] Found 1794 unsettled predictions in DB
[SETTLEMENT] No unsettled bets found in DB
[SETTLEMENT] Found 2180 unsettled predictions in DB
[SETTLEMENT] No unsettled bets found in DB
[SETTLEMENT] Found 2123 unsettled predictions in DB
[SETTLEMENT] No unsettled bets found in DB
[SETTLEMENT] Found 2225 unsettled predictions in DB
[SETTLEMENT] No unsettled bets found in DB
[SETTLEMENT] Found 2502 unsettled predictions in DB
[SETTLEMENT] No unsettled bets found in DB
[SETTLEMENT] Found 1862 unsettled predictions in DB
[SETTLEMENT] No unsettled bets found in DB
[SETTLEMENT] Found 2399 unsettled predictions in DB
[SETTLEMENT] No unsettled bets found in DB
[SETTLEMENT] Found 2328 unsettled predictions in DB
[SETTLEMENT] No unsettled bets found in DB
[SETTLEMENT] Found 2000 unsettled predictions in DB
[SETTLEMENT] No unsettled bets found in DB
[SETTLEMENT] Found 2380 unsettled predictions in DB
[SETTLEMENT] No unsettled bets found in DB
[SETTLEMENT] Found 2228 unsettled predictions in DB
[SETTLEMENT] No unsettled bets found in DB
[SETTLEMENT] Found 2292 unsettled predictions in DB
[SETTLEMENT] No unsettled bets found in DB
[SETTLEMENT] Found 1693 unsettled predictions in DB
[SETTLEMENT] No unsettled bets found in DB
[SETTLEMENT] Found 1905 unsettled predictions in DB
[SETTLEMENT] No unsettled bets found in DB
[SETTLEMENT] Found 1842 unsettled predictions in DB
[SETTLEMENT] No unsettled bets found in DB
[SETTLEMENT] Found 1808 unsettled predictions in DB
[SETTLEMENT] No unsettled bets found in DB
[SETTLEMENT] Found 1915 unsettled predictions in DB
[SETTLEMENT] No unsettled bets found in DB
[SETTLEMENT] Found 1862 unsettled predictions in DB
[SETTLEMENT] No unsettled bets found in DB
[SETTLEMENT] Found 1787 unsettled predictions in DB
[SETTLEMENT] No unsettled bets found in DB
[SETTLEMENT] Found 2485 unsettled predictions in DB
[SETTLEMENT] No unsettled bets found in DB
[SETTLEMENT] Found 2484 unsettled predictions in DB
[SETTLEMENT] No unsettled bets found in DB
[SETTLEMENT] Found 2216 unsettled predictions in DB
[SETTLEMENT] No unsettled bets found in DB
[SETTLEMENT] Found 2496 unsettled predictions in DB
[SETTLEMENT] No unsettled bets found in DB
[SETTLEMENT] Found 1636 unsettled predictions in DB
[SETTLEMENT] No unsettled bets found in DB
[SETTLEMENT] Found 1911 unsettled predictions in DB
[SETTLEMENT] No unsettled bets found in DB
[SETTLEMENT] Found 1531 unsettled predictions in DB
[SETTLEMENT] No unsettled bets found in DB
[SETTLEMENT] Found 1642 unsettled predictions in DB
[SETTLEMENT] No unsettled bets found in DB
[SETTLEMENT] Found 1489 unsettled predictions in DB
[SETTLEMENT] No unsettled bets found in DB
[SETTLEMENT] Found 1424 unsettled predictions in DB
[SETTLEMENT] No unsettled bets found in DB
[SETTLEMENT] Found 1424 unsettled predictions in DB
[SETTLEMENT] No unsettled bets found in DB
[SETTLEMENT] Found 1591 unsettled predictions in DB
[SETTLEMENT] No unsettled bets found in DB
[SETTLEMENT] Found 1721 unsettled predictions in DB
[SETTLEMENT] No unsettled bets found in DB
[SETTLEMENT] Found 1945 unsettled predictions in DB
[SETTLEMENT] No unsettled bets found in DB
[SETTLEMENT] Found 1792 unsettled predictions in DB
[SETTLEMENT] No unsettled bets found in DB
[SETTLEMENT] Found 2058 unsettled predictions in DB
[SETTLEMENT] No unsettled bets found in DB
[SETTLEMENT] Found 2357 unsettled predictions in DB
[SETTLEMENT] No unsettled bets found in DB
[SETTLEMENT] Found 2022 unsettled predictions in DB
[SETTLEMENT] No unsettled bets found in DB
[SETTLEMENT] Found 2412 unsettled predictions in DB
[SETTLEMENT] No unsettled bets found in DB
[SETTLEMENT] Found 1811 unsettled predictions in DB
[SETTLEMENT] No unsettled bets found in DB
[SETTLEMENT] Found 2042 unsettled predictions in DB
[SETTLEMENT] No unsettled bets found in DB
[SETTLEMENT] Found 1767 unsettled predictions in DB
[SETTLEMENT] No unsettled bets found in DB
[SETTLEMENT] Found 1765 unsettled predictions in DB
[SETTLEMENT] No unsettled bets found in DB
[SETTLEMENT] Found 1603 unsettled predictions in DB
[SETTLEMENT] No unsettled bets found in DB
[SETTLEMENT] Found 1708 unsettled predictions in DB
[SETTLEMENT] No unsettled bets found in DB
[SETTLEMENT] Found 1699 unsettled predictions in DB
[SETTLEMENT] No unsettled bets found in DB
[SETTLEMENT] Found 1600 unsettled predictions in DB
[SETTLEMENT] No unsettled bets found in DB
[SETTLEMENT] Found 1744 unsettled predictions in DB
[SETTLEMENT] No unsettled bets found in DB
[SETTLEMENT] Found 1847 unsettled predictions in DB
[SETTLEMENT] No unsettled bets found in DB
[SETTLEMENT] Found 1646 unsettled predictions in DB
[SETTLEMENT] No unsettled bets found in DB
[SETTLEMENT] Found 1707 unsettled predictions in DB
[SETTLEMENT] No unsettled bets found in DB
[SETTLEMENT] Found 1702 unsettled predictions in DB
[SETTLEMENT] No unsettled bets found in DB
[SETTLEMENT] Found 1824 unsettled predictions in DB
[SETTLEMENT] No unsettled bets found in DB
[SETTLEMENT] Found 2110 unsettled predictions in DB
[SETTLEMENT] No unsettled bets found in DB
[SETTLEMENT] Found 2383 unsettled predictions in DB
[SETTLEMENT] No unsettled bets found in DB
[SETTLEMENT] Found 2205 unsettled predictions in DB
[SETTLEMENT] No unsettled bets found in DB
[SETTLEMENT] Found 1931 unsettled predictions in DB
[SETTLEMENT] No unsettled bets found in DB
[SETTLEMENT] Found 1498 unsettled predictions in DB
[SETTLEMENT] No unsettled bets found in DB
[SETTLEMENT] Found 1780 unsettled predictions in DB
[SETTLEMENT] No unsettled bets found in DB
[SETTLEMENT] Found 1685 unsettled predictions in DB
[SETTLEMENT] No unsettled bets found in DB
[SETTLEMENT] Found 1569 unsettled predictions in DB
INFO:     Started server process [2006]
INFO:     Waiting for application startup.
[SETTLEMENT] Settlement Service starting on :8004
INFO:     Application startup complete.
INFO:     Uvicorn running on http://0.0.0.0:8004 (Press CTRL+C to quit)
db_manager PostgreSQL connection pool initialized
[SETTLEMENT] No unsettled bets found in DB
[SETTLEMENT] Found 1229 unsettled predictions in DB
[SETTLEMENT] No unsettled bets found in DB
[SETTLEMENT] Found 1684 unsettled predictions in DB
[SETTLEMENT] No unsettled bets found in DB
[SETTLEMENT] Found 2067 unsettled predictions in DB
[SETTLEMENT] No unsettled bets found in DB
[SETTLEMENT] Found 2906 unsettled predictions in DB
[SETTLEMENT] No unsettled bets found in DB
[SETTLEMENT] Found 2793 unsettled predictions in DB
[SETTLEMENT] No unsettled bets found in DB
[SETTLEMENT] Found 2175 unsettled predictions in DB
[SETTLEMENT] No unsettled bets found in DB
[SETTLEMENT] Found 2853 unsettled predictions in DB
[SETTLEMENT] No unsettled bets found in DB
[SETTLEMENT] Found 2748 unsettled predictions in DB
[SETTLEMENT] No unsettled bets found in DB
[SETTLEMENT] Found 2857 unsettled predictions in DB
[SETTLEMENT] No unsettled bets found in DB
[SETTLEMENT] Found 3024 unsettled predictions in DB
[SETTLEMENT] No unsettled bets found in DB
[SETTLEMENT] Found 2798 unsettled predictions in DB
[SETTLEMENT] No unsettled bets found in DB
[SETTLEMENT] Found 2854 unsettled predictions in DB
[SETTLEMENT] No unsettled bets found in DB
[SETTLEMENT] Found 3020 unsettled predictions in DB
[SETTLEMENT] No unsettled bets found in DB
[SETTLEMENT] Found 2822 unsettled predictions in DB
[SETTLEMENT] No unsettled bets found in DB
[SETTLEMENT] Found 2214 unsettled predictions in DB
[SETTLEMENT] No unsettled bets found in DB
[SETTLEMENT] Found 2860 unsettled predictions in DB
[SETTLEMENT] No unsettled bets found in DB
[SETTLEMENT] Found 2914 unsettled predictions in DB
[SETTLEMENT] No unsettled bets found in DB
[SETTLEMENT] Found 2717 unsettled predictions in DB
[SETTLEMENT] No unsettled bets found in DB
[SETTLEMENT] Found 2764 unsettled predictions in DB
[SETTLEMENT] No unsettled bets found in DB
[SETTLEMENT] Found 2722 unsettled predictions in DB
[SETTLEMENT] No unsettled bets found in DB
[SETTLEMENT] Found 2662 unsettled predictions in DB
[SETTLEMENT] No unsettled bets found in DB
[SETTLEMENT] Found 2987 unsettled predictions in DB
[SETTLEMENT] No unsettled bets found in DB
[SETTLEMENT] Found 2289 unsettled predictions in DB
[SETTLEMENT] No unsettled bets found in DB
[SETTLEMENT] Found 2921 unsettled predictions in DB
[SETTLEMENT] No unsettled bets found in DB
[SETTLEMENT] Found 2927 unsettled predictions in DB
[SETTLEMENT] No unsettled bets found in DB
[SETTLEMENT] Found 2804 unsettled predictions in DB
[SETTLEMENT] No unsettled bets found in DB
[SETTLEMENT] Found 2837 unsettled predictions in DB
[SETTLEMENT] No unsettled bets found in DB
[SETTLEMENT] Found 2830 unsettled predictions in DB
[SETTLEMENT] No unsettled bets found in DB
[SETTLEMENT] Found 2908 unsettled predictions in DB
[SETTLEMENT] No unsettled bets found in DB
[SETTLEMENT] Found 2842 unsettled predictions in DB
[SETTLEMENT] No unsettled bets found in DB
[SETTLEMENT] Found 2845 unsettled predictions in DB
[SETTLEMENT] No unsettled bets found in DB
[SETTLEMENT] Found 2220 unsettled predictions in DB
[SETTLEMENT] No unsettled bets found in DB
[SETTLEMENT] Found 2868 unsettled predictions in DB
[SETTLEMENT] No unsettled bets found in DB
[SETTLEMENT] Found 2070 unsettled predictions in DB
[SETTLEMENT] No unsettled bets found in DB
[SETTLEMENT] Found 2250 unsettled predictions in DB
[SETTLEMENT] No unsettled bets found in DB
[SETTLEMENT] Found 2264 unsettled predictions in DB
[SETTLEMENT] No unsettled bets found in DB
[SETTLEMENT] Found 2165 unsettled predictions in DB
[SETTLEMENT] No unsettled bets found in DB
[SETTLEMENT] Found 2925 unsettled predictions in DB
[SETTLEMENT] No unsettled bets found in DB
[SETTLEMENT] Found 2747 unsettled predictions in DB
[SETTLEMENT] No unsettled bets found in DB
[SETTLEMENT] Found 2788 unsettled predictions in DB
[SETTLEMENT] No unsettled bets found in DB
[SETTLEMENT] Found 2895 unsettled predictions in DB
[SETTLEMENT] No unsettled bets found in DB
[SETTLEMENT] Found 2914 unsettled predictions in DB
[SETTLEMENT] No unsettled bets found in DB
[SETTLEMENT] Found 2799 unsettled predictions in DB
[SETTLEMENT] No unsettled bets found in DB
[SETTLEMENT] Found 2900 unsettled predictions in DB
[SETTLEMENT] No unsettled bets found in DB
[SETTLEMENT] Found 2739 unsettled predictions in DB
[SETTLEMENT] No unsettled bets found in DB
[SETTLEMENT] Found 2766 unsettled predictions in DB
[SETTLEMENT] No unsettled bets found in DB
[SETTLEMENT] Found 2894 unsettled predictions in DB
[SETTLEMENT] No unsettled bets found in DB
[SETTLEMENT] Found 2184 unsettled predictions in DB
[SETTLEMENT] No unsettled bets found in DB
[SETTLEMENT] Found 2838 unsettled predictions in DB
[SETTLEMENT] No unsettled bets found in DB
[SETTLEMENT] Found 2269 unsettled predictions in DB
[SETTLEMENT] No unsettled bets found in DB
[SETTLEMENT] Found 2861 unsettled predictions in DB
[SETTLEMENT] No unsettled bets found in DB
[SETTLEMENT] Found 2648 unsettled predictions in DB
[SETTLEMENT] No unsettled bets found in DB
[SETTLEMENT] Found 3242 unsettled predictions in DB
[SETTLEMENT] No unsettled bets found in DB
[SETTLEMENT] Found 2940 unsettled predictions in DB
[SETTLEMENT] No unsettled bets found in DB
[SETTLEMENT] Found 2210 unsettled predictions in DB
[SETTLEMENT] No unsettled bets found in DB
[SETTLEMENT] Found 2747 unsettled predictions in DB
[SETTLEMENT] No unsettled bets found in DB
[SETTLEMENT] Found 2213 unsettled predictions in DB
[SETTLEMENT] No unsettled bets found in DB
[SETTLEMENT] Found 2233 unsettled predictions in DB
[SETTLEMENT] No unsettled bets found in DB
[SETTLEMENT] Found 2384 unsettled predictions in DB
[SETTLEMENT] No unsettled bets found in DB
[SETTLEMENT] Found 2201 unsettled predictions in DB
[SETTLEMENT] No unsettled bets found in DB
[SETTLEMENT] Found 2861 unsettled predictions in DB
[SETTLEMENT] No unsettled bets found in DB
[SETTLEMENT] Found 2349 unsettled predictions in DB
[SETTLEMENT] No unsettled bets found in DB
[SETTLEMENT] Found 2789 unsettled predictions in DB
[SETTLEMENT] No unsettled bets found in DB
[SETTLEMENT] Found 2810 unsettled predictions in DB
[SETTLEMENT] No unsettled bets found in DB
[SETTLEMENT] Found 2707 unsettled predictions in DB
[SETTLEMENT] No unsettled bets found in DB
[SETTLEMENT] Found 2208 unsettled predictions in DB
[SETTLEMENT] No unsettled bets found in DB
[SETTLEMENT] Found 2364 unsettled predictions in DB
[SETTLEMENT] No unsettled bets found in DB
[SETTLEMENT] Found 2837 unsettled predictions in DB
[SETTLEMENT] No unsettled bets found in DB
[SETTLEMENT] Found 2738 unsettled predictions in DB
[SETTLEMENT] No unsettled bets found in DB
[SETTLEMENT] Found 2774 unsettled predictions in DB
[SETTLEMENT] No unsettled bets found in DB
[SETTLEMENT] Found 2726 unsettled predictions in DB
[SETTLEMENT] No unsettled bets found in DB
[SETTLEMENT] Found 2241 unsettled predictions in DB
[SETTLEMENT] No unsettled bets found in DB
[SETTLEMENT] Found 2896 unsettled predictions in DB
[SETTLEMENT] No unsettled bets found in DB
[SETTLEMENT] Found 2445 unsettled predictions in DB
[SETTLEMENT] No unsettled bets found in DB
[SETTLEMENT] Found 2445 unsettled predictions in DB
[SETTLEMENT] No unsettled bets found in DB
[SETTLEMENT] Found 2649 unsettled predictions in DB
[SETTLEMENT] No unsettled bets found in DB
[SETTLEMENT] Found 2649 unsettled predictions in DB
[SETTLEMENT] No unsettled bets found in DB
[SETTLEMENT] Found 3953 unsettled predictions in DB
[SETTLEMENT] No unsettled bets found in DB
[SETTLEMENT] Found 3953 unsettled predictions in DB
[SETTLEMENT] No unsettled bets found in DB
[SETTLEMENT] Found 3441 unsettled predictions in DB
[SETTLEMENT] No unsettled bets found in DB
[SETTLEMENT] Found 3441 unsettled predictions in DB
[SETTLEMENT] No unsettled bets found in DB
[SETTLEMENT] Found 3057 unsettled predictions in DB
[SETTLEMENT] No unsettled bets found in DB
[SETTLEMENT] Found 3057 unsettled predictions in DB
[SETTLEMENT] No unsettled bets found in DB
[SETTLEMENT] Found 4320 unsettled predictions in DB
[SETTLEMENT] No unsettled bets found in DB
[SETTLEMENT] Found 3301 unsettled predictions in DB
[SETTLEMENT] No unsettled bets found in DB
[SETTLEMENT] Found 3093 unsettled predictions in DB
[SETTLEMENT] No unsettled bets found in DB
[SETTLEMENT] Found 3370 unsettled predictions in DB
[SETTLEMENT] No unsettled bets found in DB
[SETTLEMENT] Found 3050 unsettled predictions in DB
[SETTLEMENT] No unsettled bets found in DB
[SETTLEMENT] Found 3051 unsettled predictions in DB
[SETTLEMENT] No unsettled bets found in DB
[SETTLEMENT] Found 3019 unsettled predictions in DB
[SETTLEMENT] No unsettled bets found in DB
[SETTLEMENT] Found 3184 unsettled predictions in DB
[SETTLEMENT] No unsettled bets found in DB
[SETTLEMENT] Found 3620 unsettled predictions in DB
[SETTLEMENT] No unsettled bets found in DB
[SETTLEMENT] Found 2768 unsettled predictions in DB
[SETTLEMENT] No unsettled bets found in DB
[SETTLEMENT] Found 2993 unsettled predictions in DB
[SETTLEMENT] No unsettled bets found in DB
[SETTLEMENT] Found 3814 unsettled predictions in DB
[SETTLEMENT] No unsettled bets found in DB
[SETTLEMENT] Found 3816 unsettled predictions in DB
[SETTLEMENT] No unsettled bets found in DB
[SETTLEMENT] Found 4573 unsettled predictions in DB
[SETTLEMENT] No unsettled bets found in DB
[SETTLEMENT] Found 4573 unsettled predictions in DB
[SETTLEMENT] No unsettled bets found in DB
[SETTLEMENT] Found 2889 unsettled predictions in DB
[SETTLEMENT] No unsettled bets found in DB
[SETTLEMENT] Found 2889 unsettled predictions in DB
[SETTLEMENT] No unsettled bets found in DB
[SETTLEMENT] Found 3239 unsettled predictions in DB
[SETTLEMENT] No unsettled bets found in DB
[SETTLEMENT] Found 3351 unsettled predictions in DB
[SETTLEMENT] No unsettled bets found in DB
[SETTLEMENT] Found 3087 unsettled predictions in DB
[SETTLEMENT] No unsettled bets found in DB
[SETTLEMENT] Found 3089 unsettled predictions in DB
