2026-06-15 17:55:02,158 [WARNING] Discord post failed with status 404: {"message": "Unknown Webhook", "code": 10015}
## 🚨 MASTER LOCKS IDENTIFIED 🚨

**Match:** Wolverhampton [R14, L5] vs Chelsea [R3, W5]
**Trap:** 💀 GUARANTEED LOSER (Gravity Well)
**Bet:** **Away Win or Draw (X2)** against Wolverhampton [Odds: 1.8 / 4.15]

**Match:** Newcastle [R15, L5] vs London Guns [R13, W1]
**Trap:** 💀 GUARANTEED LOSER (Gravity Well)
**Bet:** **Away Win or Draw (X2)** against Newcastle [Odds: 1.95 / 3.95]

=> Action: Place these bets immediately.

2026-06-15 17:56:01,532 [INFO] Already posted to Discord for vf:season:3100750-20
## 🚨 MASTER LOCKS IDENTIFIED 🚨

**Match:** Wolverhampton [R14, L5] vs Chelsea [R3, W5]
**Trap:** 💀 GUARANTEED LOSER (Gravity Well)
**Bet:** **Away Win or Draw (X2)** against Wolverhampton [Odds: 1.8 / 4.15]

**Match:** Newcastle [R15, L5] vs London Guns [R13, W1]
**Trap:** 💀 GUARANTEED LOSER (Gravity Well)
**Bet:** **Away Win or Draw (X2)** against Newcastle [Odds: 1.95 / 3.95]

=> Action: Place these bets immediately.

2026-06-15 17:57:03,727 [WARNING] Discord post failed with status 404: {"message": "Unknown Webhook", "code": 10015}
## 🚨 MASTER LOCKS IDENTIFIED 🚨

**Match:** Newcastle [R15, L4] vs Fulham [R11, D1]
**Trap:** 💀 GUARANTEED LOSER (Gravity Well)
**Bet:** **Away Win or Draw (X2)** against Newcastle [Odds: 3.55 / 3.55]

**Match:** Wolverhampton [R14, L4] vs Aston Villa [R5, L1]
**Trap:** 💀 GUARANTEED LOSER (Gravity Well)
**Bet:** **Away Win or Draw (X2)** against Wolverhampton [Odds: 2.05 / 3.55]

=> Action: Place these bets immediately.

2026-06-15 17:58:03,030 [INFO] Already posted to Discord for vf:season:3100750-21
## 🚨 MASTER LOCKS IDENTIFIED 🚨

**Match:** Newcastle [R15, L4] vs Fulham [R11, D1]
**Trap:** 💀 GUARANTEED LOSER (Gravity Well)
**Bet:** **Away Win or Draw (X2)** against Newcastle [Odds: 3.55 / 3.55]

**Match:** Wolverhampton [R14, L4] vs Aston Villa [R5, L1]
**Trap:** 💀 GUARANTEED LOSER (Gravity Well)
**Bet:** **Away Win or Draw (X2)** against Wolverhampton [Odds: 2.05 / 3.55]

=> Action: Place these bets immediately.

2026-06-15 17:59:02,148 [INFO] Already posted to Discord for vf:season:3100750-21
## 🚨 MASTER LOCKS IDENTIFIED 🚨

**Match:** Newcastle [R15, L4] vs Fulham [R11, D1]
**Trap:** 💀 GUARANTEED LOSER (Gravity Well)
**Bet:** **Away Win or Draw (X2)** against Newcastle [Odds: 3.55 / 3.55]

**Match:** Wolverhampton [R14, L4] vs Aston Villa [R5, L1]
**Trap:** 💀 GUARANTEED LOSER (Gravity Well)
**Bet:** **Away Win or Draw (X2)** against Wolverhampton [Odds: 2.05 / 3.55]

=> Action: Place these bets immediately.

2026-06-15 18:00:02,490 [WARNING] Discord post failed with status 404: {"message": "Unknown Webhook", "code": 10015}
## 🚨 MASTER LOCKS IDENTIFIED 🚨

**Match:** Liverpool [R1, L1] vs London Guns [R13, L4]
**Trap:** 💀 GUARANTEED LOSER (Gravity Well)
**Bet:** **Home Win or Draw (1X)** against London Guns [Odds: 1.75 / 3.8]

**Match:** Wolverhampton [R14, L3] vs Aston Villa [R4, W5]
**Trap:** 🔥 THE ABSOLUTE CRUSHER
**Bet:** **Away Win (2) + U3.5** [Odds: 2.05 / 1.3]

=> Action: Place these bets immediately.

2026-06-15 18:01:02,094 [INFO] Sending trap alert to Discord via hermes CLI...
2026-06-15 18:01:14,919 [ERROR] Error posting to Discord via hermes: Command '['/home/ubuntu/.local/bin/hermes', 'send', '--to', 'discord:1507922324072960031:1507922324072960031', '## MD 22 - vf:season:3100750\n\n## 🚨 MASTER LOCKS IDENTIFIED 🚨\n\n**Match:** Liverpool [R1, L1] vs London Guns [R13, L4]\n**Trap:** 💀 GUARANTEED LOSER (Gravity Well)\n**Bet:** **Home Win or Draw (1X)** against London Guns [Odds: 1.75 / 3.8]\n\n**Match:** Wolverhampton [R14, L3] vs Aston Villa [R4, W5]\n**Trap:** 🔥 THE ABSOLUTE CRUSHER\n**Bet:** **Away Win (2) + U3.5** [Odds: 2.05 / 1.3]\n\n=> Action: Place these bets immediately.\n']' returned non-zero exit status 1.
## 🚨 MASTER LOCKS IDENTIFIED 🚨

**Match:** Liverpool [R1, L1] vs London Guns [R13, L4]
**Trap:** 💀 GUARANTEED LOSER (Gravity Well)
**Bet:** **Home Win or Draw (1X)** against London Guns [Odds: 1.75 / 3.8]

**Match:** Wolverhampton [R14, L3] vs Aston Villa [R4, W5]
**Trap:** 🔥 THE ABSOLUTE CRUSHER
**Bet:** **Away Win (2) + U3.5** [Odds: 2.05 / 1.3]

=> Action: Place these bets immediately.

2026-06-15 18:02:02,755 [INFO] Already posted to Discord for vf:season:3100750-22
## 🚨 MASTER LOCKS IDENTIFIED 🚨

**Match:** Liverpool [R1, L1] vs London Guns [R13, L4]
**Trap:** 💀 GUARANTEED LOSER (Gravity Well)
**Bet:** **Home Win or Draw (1X)** against London Guns [Odds: 1.75 / 3.8]

**Match:** Wolverhampton [R14, L3] vs Aston Villa [R4, W5]
**Trap:** 🔥 THE ABSOLUTE CRUSHER
**Bet:** **Away Win (2) + U3.5** [Odds: 2.05 / 1.3]

=> Action: Place these bets immediately.

2026-06-15 18:03:01,991 [INFO] Sending trap alert to Discord via hermes CLI...
2026-06-15 18:03:12,993 [INFO] Successfully posted to Discord. Output: sent
## 🚨 MASTER LOCKS IDENTIFIED 🚨

**Match:** Liverpool [R1, L1] vs London Guns [R13, L4]
**Trap:** 💀 GUARANTEED LOSER (Gravity Well)
**Bet:** **Home Win or Draw (1X)** against London Guns [Odds: 1.75 / 3.8]

**Match:** Wolverhampton [R14, L3] vs Aston Villa [R4, W5]
**Trap:** 🔥 THE ABSOLUTE CRUSHER
**Bet:** **Away Win (2) + U3.5** [Odds: 2.05 / 1.3]

=> Action: Place these bets immediately.

2026-06-15 18:04:02,018 [INFO] Sending trap alert to Discord via hermes CLI...
2026-06-15 18:04:08,793 [INFO] Successfully posted to Discord. Output: sent
No extreme algorithmic traps active this matchday.
=> Action: Wait for next matchday.

2026-06-15 18:05:02,120 [INFO] Already posted to Discord for vf:season:3100750-23
No extreme algorithmic traps active this matchday.
=> Action: Wait for next matchday.

2026-06-15 18:06:03,246 [INFO] Already posted to Discord for vf:season:3100750-23
No extreme algorithmic traps active this matchday.
=> Action: Wait for next matchday.

2026-06-15 18:07:01,822 [INFO] Already posted to Discord for vf:season:3100750-23
No extreme algorithmic traps active this matchday.
=> Action: Wait for next matchday.

2026-06-15 18:08:01,803 [INFO] Sending trap alert to Discord via hermes CLI...
2026-06-15 18:08:10,319 [INFO] Successfully posted to Discord. Output: sent
## 🚨 MASTER LOCKS IDENTIFIED 🚨

**Match:** Bournemouth [R13, L5] vs Brighton [R7, W2]
**Trap:** 💀 GUARANTEED LOSER (Gravity Well)
**Bet:** **Away Win or Draw (X2)** against Bournemouth [Odds: 2.35 / 3.15]

=> Action: Place these bets immediately.

2026-06-15 18:09:02,666 [INFO] Already posted to Discord for vf:season:3100750-24
## 🚨 MASTER LOCKS IDENTIFIED 🚨

**Match:** Bournemouth [R13, L5] vs Brighton [R7, W2]
**Trap:** 💀 GUARANTEED LOSER (Gravity Well)
**Bet:** **Away Win or Draw (X2)** against Bournemouth [Odds: 2.35 / 3.15]

=> Action: Place these bets immediately.

2026-06-15 18:10:02,969 [INFO] Already posted to Discord for vf:season:3100750-24
## 🚨 MASTER LOCKS IDENTIFIED 🚨

**Match:** Bournemouth [R13, L5] vs Brighton [R7, W2]
**Trap:** 💀 GUARANTEED LOSER (Gravity Well)
**Bet:** **Away Win or Draw (X2)** against Bournemouth [Odds: 2.35 / 3.15]

=> Action: Place these bets immediately.

2026-06-15 18:11:01,919 [INFO] Sending trap alert to Discord via hermes CLI...
2026-06-15 18:11:07,877 [INFO] Successfully posted to Discord. Output: sent
## 🚨 MASTER LOCKS IDENTIFIED 🚨

**Match:** Bournemouth [R13, L5] vs Brighton [R8, W1]
**Trap:** 💀 GUARANTEED LOSER (Gravity Well)
**Bet:** **Away Win or Draw (X2)** against Bournemouth [Odds: 2.35 / 3.15]

=> Action: Place these bets immediately.

2026-06-15 18:12:01,661 [INFO] Already posted to Discord for vf:season:3100750-25
## 🚨 MASTER LOCKS IDENTIFIED 🚨

**Match:** Bournemouth [R13, L5] vs Brighton [R8, W1]
**Trap:** 💀 GUARANTEED LOSER (Gravity Well)
**Bet:** **Away Win or Draw (X2)** against Bournemouth [Odds: 2.35 / 3.15]

=> Action: Place these bets immediately.

2026-06-15 18:13:02,159 [INFO] Already posted to Discord for vf:season:3100750-25
## 🚨 MASTER LOCKS IDENTIFIED 🚨

**Match:** Bournemouth [R13, L5] vs Brighton [R8, W1]
**Trap:** 💀 GUARANTEED LOSER (Gravity Well)
**Bet:** **Away Win or Draw (X2)** against Bournemouth [Odds: 2.35 / 3.15]

=> Action: Place these bets immediately.

2026-06-15 18:14:02,509 [INFO] Already posted to Discord for vf:season:3100750-25
## 🚨 MASTER LOCKS IDENTIFIED 🚨

**Match:** Bournemouth [R13, L5] vs Brighton [R8, W1]
**Trap:** 💀 GUARANTEED LOSER (Gravity Well)
**Bet:** **Away Win or Draw (X2)** against Bournemouth [Odds: 2.35 / 3.15]

=> Action: Place these bets immediately.

2026-06-15 18:15:02,552 [INFO] Sending trap alert to Discord via hermes CLI...
2026-06-15 18:15:12,037 [INFO] Successfully posted to Discord. Output: sent
## 🚨 MASTER LOCKS IDENTIFIED 🚨

**Match:** West Ham [R7, W1] vs Bournemouth [R13, L4]
**Trap:** 💀 GUARANTEED LOSER (Gravity Well)
**Bet:** **Home Win or Draw (1X)** against Bournemouth [Odds: 1.6 / 4.35]

=> Action: Place these bets immediately.

2026-06-15 18:16:01,995 [INFO] Already posted to Discord for vf:season:3100750-26
## 🚨 MASTER LOCKS IDENTIFIED 🚨

**Match:** West Ham [R7, W1] vs Bournemouth [R13, L4]
**Trap:** 💀 GUARANTEED LOSER (Gravity Well)
**Bet:** **Home Win or Draw (1X)** against Bournemouth [Odds: 1.6 / 4.35]

=> Action: Place these bets immediately.

2026-06-15 18:17:01,778 [INFO] Already posted to Discord for vf:season:3100750-26
## 🚨 MASTER LOCKS IDENTIFIED 🚨

**Match:** West Ham [R7, W1] vs Bournemouth [R13, L4]
**Trap:** 💀 GUARANTEED LOSER (Gravity Well)
**Bet:** **Home Win or Draw (1X)** against Bournemouth [Odds: 1.6 / 4.35]

=> Action: Place these bets immediately.

2026-06-15 18:18:02,514 [INFO] Already posted to Discord for vf:season:3100750-26
## 🚨 MASTER LOCKS IDENTIFIED 🚨

**Match:** West Ham [R7, W1] vs Bournemouth [R13, L4]
**Trap:** 💀 GUARANTEED LOSER (Gravity Well)
**Bet:** **Home Win or Draw (1X)** against Bournemouth [Odds: 1.6 / 4.35]

=> Action: Place these bets immediately.

2026-06-15 18:19:03,301 [INFO] Sending trap alert to Discord via hermes CLI...
2026-06-15 18:19:12,083 [INFO] Successfully posted to Discord. Output: sent
## 🚨 MASTER LOCKS IDENTIFIED 🚨

**Match:** Liverpool [R1, W3] vs Newcastle [R16, L3]
**Trap:** 🔥 THE ABSOLUTE CRUSHER
**Bet:** **Home Win (1) + U3.5** [Odds: 1.35 / 1.4]

=> Action: Place these bets immediately.

2026-06-15 18:20:02,041 [INFO] Already posted to Discord for vf:season:3100750-27
## 🚨 MASTER LOCKS IDENTIFIED 🚨

**Match:** Liverpool [R1, W3] vs Newcastle [R16, L3]
**Trap:** 🔥 THE ABSOLUTE CRUSHER
**Bet:** **Home Win (1) + U3.5** [Odds: 1.35 / 1.4]

=> Action: Place these bets immediately.

2026-06-15 18:21:02,413 [INFO] Already posted to Discord for vf:season:3100750-27
## 🚨 MASTER LOCKS IDENTIFIED 🚨

**Match:** Liverpool [R1, W3] vs Newcastle [R16, L3]
**Trap:** 🔥 THE ABSOLUTE CRUSHER
**Bet:** **Home Win (1) + U3.5** [Odds: 1.35 / 1.4]

=> Action: Place these bets immediately.

2026-06-15 18:22:01,920 [INFO] Sending trap alert to Discord via hermes CLI...
2026-06-15 18:22:09,930 [INFO] Successfully posted to Discord. Output: sent
## 🚨 MASTER LOCKS IDENTIFIED 🚨

**Match:** Liverpool [R1, W3] vs Newcastle [R16, L3]
**Trap:** 🔥 THE ABSOLUTE CRUSHER
**Bet:** **Home Win (1) + U3.5** [Odds: 1.35 / 1.4]

=> Action: Place these bets immediately.

2026-06-15 18:23:03,346 [INFO] Already posted to Discord for vf:season:3100750-28
## 🚨 MASTER LOCKS IDENTIFIED 🚨

**Match:** Liverpool [R1, W3] vs Newcastle [R16, L3]
**Trap:** 🔥 THE ABSOLUTE CRUSHER
**Bet:** **Home Win (1) + U3.5** [Odds: 1.35 / 1.4]

=> Action: Place these bets immediately.

2026-06-15 18:24:02,867 [INFO] Already posted to Discord for vf:season:3100750-28
## 🚨 MASTER LOCKS IDENTIFIED 🚨

**Match:** Liverpool [R1, W3] vs Newcastle [R16, L3]
**Trap:** 🔥 THE ABSOLUTE CRUSHER
**Bet:** **Home Win (1) + U3.5** [Odds: 1.35 / 1.4]

=> Action: Place these bets immediately.

2026-06-15 18:25:02,478 [INFO] Already posted to Discord for vf:season:3100750-28
## 🚨 MASTER LOCKS IDENTIFIED 🚨

**Match:** Liverpool [R1, W3] vs Newcastle [R16, L3]
**Trap:** 🔥 THE ABSOLUTE CRUSHER
**Bet:** **Home Win (1) + U3.5** [Odds: 1.35 / 1.4]

=> Action: Place these bets immediately.

2026-06-15 18:26:02,346 [INFO] Sending trap alert to Discord via hermes CLI...
2026-06-15 18:26:08,836 [INFO] Successfully posted to Discord. Output: sent
No extreme algorithmic traps active this matchday.
=> Action: Wait for next matchday.

2026-06-15 18:27:03,478 [INFO] Already posted to Discord for vf:season:3100750-29
No extreme algorithmic traps active this matchday.
=> Action: Wait for next matchday.

2026-06-15 18:28:02,241 [INFO] Already posted to Discord for vf:season:3100750-29
No extreme algorithmic traps active this matchday.
=> Action: Wait for next matchday.

2026-06-15 18:29:02,186 [INFO] Already posted to Discord for vf:season:3100750-29
No extreme algorithmic traps active this matchday.
=> Action: Wait for next matchday.

2026-06-15 18:30:01,698 [INFO] Sending trap alert to Discord via hermes CLI...
2026-06-15 18:30:08,352 [INFO] Successfully posted to Discord. Output: sent
No extreme algorithmic traps active this matchday.
=> Action: Wait for next matchday.

2026-06-15 18:31:01,958 [INFO] Already posted to Discord for vf:season:3100750-30
No extreme algorithmic traps active this matchday.
=> Action: Wait for next matchday.

2026-06-15 18:32:01,326 [INFO] Already posted to Discord for vf:season:3100750-30
No extreme algorithmic traps active this matchday.
=> Action: Wait for next matchday.

2026-06-15 18:33:03,401 [INFO] Sending trap alert to Discord via hermes CLI...
2026-06-15 18:33:16,919 [INFO] Successfully posted to Discord. Output: sent
No extreme algorithmic traps active this matchday.
=> Action: Wait for next matchday.

2026-06-15 18:34:02,146 [INFO] Sending trap alert to Discord via hermes CLI...
2026-06-15 18:34:06,056 [INFO] Successfully posted to Discord. Output: sent
No extreme algorithmic traps active this matchday.
=> Action: Wait for next matchday.

2026-06-15 18:35:01,621 [INFO] Already posted to Discord for vf:season:3100784-0
No extreme algorithmic traps active this matchday.
=> Action: Wait for next matchday.

2026-06-15 18:36:02,068 [INFO] Sending trap alert to Discord via hermes CLI...
2026-06-15 18:36:07,080 [INFO] Successfully posted to Discord. Output: sent
No extreme algorithmic traps active this matchday.
=> Action: Wait for next matchday.

2026-06-15 18:37:02,087 [INFO] Already posted to Discord for vf:season:3100784-1
No extreme algorithmic traps active this matchday.
=> Action: Wait for next matchday.

2026-06-15 18:38:01,661 [INFO] Already posted to Discord for vf:season:3100784-1
No extreme algorithmic traps active this matchday.
=> Action: Wait for next matchday.

2026-06-15 18:39:02,981 [INFO] Sending trap alert to Discord via hermes CLI...
2026-06-15 18:39:07,918 [INFO] Successfully posted to Discord. Output: sent
No extreme algorithmic traps active this matchday.
=> Action: Wait for next matchday.

2026-06-15 18:40:01,557 [INFO] Already posted to Discord for vf:season:3100784-2
No extreme algorithmic traps active this matchday.
=> Action: Wait for next matchday.

2026-06-15 18:41:02,394 [INFO] Already posted to Discord for vf:season:3100784-2
No extreme algorithmic traps active this matchday.
=> Action: Wait for next matchday.

2026-06-15 18:42:01,740 [INFO] Already posted to Discord for vf:season:3100784-2
No extreme algorithmic traps active this matchday.
=> Action: Wait for next matchday.

2026-06-15 18:43:02,191 [INFO] Sending trap alert to Discord via hermes CLI...
2026-06-15 18:43:06,446 [INFO] Successfully posted to Discord. Output: sent
No extreme algorithmic traps active this matchday.
=> Action: Wait for next matchday.

2026-06-15 18:44:01,813 [INFO] Already posted to Discord for vf:season:3100784-3
No extreme algorithmic traps active this matchday.
=> Action: Wait for next matchday.

2026-06-15 18:45:01,986 [INFO] Already posted to Discord for vf:season:3100784-3
No extreme algorithmic traps active this matchday.
=> Action: Wait for next matchday.

2026-06-15 18:46:01,862 [INFO] Sending trap alert to Discord via hermes CLI...
2026-06-15 18:46:05,529 [INFO] Successfully posted to Discord. Output: sent
No extreme algorithmic traps active this matchday.
=> Action: Wait for next matchday.

2026-06-15 18:47:01,948 [INFO] Already posted to Discord for vf:season:3100784-4
No extreme algorithmic traps active this matchday.
=> Action: Wait for next matchday.

2026-06-15 18:48:02,385 [INFO] Already posted to Discord for vf:season:3100784-4
No extreme algorithmic traps active this matchday.
=> Action: Wait for next matchday.

2026-06-15 18:49:01,955 [INFO] Already posted to Discord for vf:season:3100784-4
No extreme algorithmic traps active this matchday.
=> Action: Wait for next matchday.

2026-06-15 18:50:01,846 [INFO] Sending trap alert to Discord via hermes CLI...
2026-06-15 18:50:05,805 [INFO] Successfully posted to Discord. Output: sent
No extreme algorithmic traps active this matchday.
=> Action: Wait for next matchday.

2026-06-15 18:51:02,785 [INFO] Already posted to Discord for vf:season:3100784-5
No extreme algorithmic traps active this matchday.
=> Action: Wait for next matchday.

2026-06-15 18:52:01,846 [INFO] Already posted to Discord for vf:season:3100784-5
No extreme algorithmic traps active this matchday.
=> Action: Wait for next matchday.

2026-06-15 18:53:01,967 [INFO] Already posted to Discord for vf:season:3100784-5
No extreme algorithmic traps active this matchday.
=> Action: Wait for next matchday.

2026-06-15 18:54:01,964 [INFO] Sending trap alert to Discord via hermes CLI...
2026-06-15 18:54:07,219 [INFO] Successfully posted to Discord. Output: sent
No extreme algorithmic traps active this matchday.
=> Action: Wait for next matchday.

2026-06-15 18:55:02,762 [INFO] Already posted to Discord for vf:season:3100784-6
No extreme algorithmic traps active this matchday.
=> Action: Wait for next matchday.

2026-06-15 18:56:01,859 [INFO] Already posted to Discord for vf:season:3100784-6
No extreme algorithmic traps active this matchday.
=> Action: Wait for next matchday.

2026-06-15 18:57:01,768 [INFO] Sending trap alert to Discord via hermes CLI...
2026-06-15 18:57:06,568 [INFO] Successfully posted to Discord. Output: sent
## 🚨 MASTER LOCKS IDENTIFIED 🚨

**Match:** Brighton [R11, D1] vs Aston Villa [R13, L4]
**Trap:** 💀 GUARANTEED LOSER (Gravity Well)
**Bet:** **Home Win or Draw (1X)** against Aston Villa [Odds: 3.4 / 3.3]

**Match:** West Ham [R16, L5] vs Manchester Red [R3, D1]
**Trap:** 💀 GUARANTEED LOSER (Gravity Well)
**Bet:** **Away Win or Draw (X2)** against West Ham [Odds: 2.0 / 3.35]

=> Action: Place these bets immediately.

2026-06-15 18:58:02,026 [INFO] Already posted to Discord for vf:season:3100784-7
## 🚨 MASTER LOCKS IDENTIFIED 🚨

**Match:** Brighton [R11, D1] vs Aston Villa [R13, L4]
**Trap:** 💀 GUARANTEED LOSER (Gravity Well)
**Bet:** **Home Win or Draw (1X)** against Aston Villa [Odds: 3.4 / 3.3]

**Match:** West Ham [R16, L5] vs Manchester Red [R3, D1]
**Trap:** 💀 GUARANTEED LOSER (Gravity Well)
**Bet:** **Away Win or Draw (X2)** against West Ham [Odds: 2.0 / 3.35]

=> Action: Place these bets immediately.

2026-06-15 18:59:01,588 [INFO] Already posted to Discord for vf:season:3100784-7
## 🚨 MASTER LOCKS IDENTIFIED 🚨

**Match:** Brighton [R11, D1] vs Aston Villa [R13, L4]
**Trap:** 💀 GUARANTEED LOSER (Gravity Well)
**Bet:** **Home Win or Draw (1X)** against Aston Villa [Odds: 3.4 / 3.3]

**Match:** West Ham [R16, L5] vs Manchester Red [R3, D1]
**Trap:** 💀 GUARANTEED LOSER (Gravity Well)
**Bet:** **Away Win or Draw (X2)** against West Ham [Odds: 2.0 / 3.35]

=> Action: Place these bets immediately.

2026-06-15 19:00:01,718 [INFO] Already posted to Discord for vf:season:3100784-7
## 🚨 MASTER LOCKS IDENTIFIED 🚨

**Match:** Brighton [R11, D1] vs Aston Villa [R13, L4]
**Trap:** 💀 GUARANTEED LOSER (Gravity Well)
**Bet:** **Home Win or Draw (1X)** against Aston Villa [Odds: 3.4 / 3.3]

**Match:** West Ham [R16, L5] vs Manchester Red [R3, D1]
**Trap:** 💀 GUARANTEED LOSER (Gravity Well)
**Bet:** **Away Win or Draw (X2)** against West Ham [Odds: 2.0 / 3.35]

=> Action: Place these bets immediately.

2026-06-15 19:01:01,904 [INFO] Sending trap alert to Discord via hermes CLI...
2026-06-15 19:01:07,862 [INFO] Successfully posted to Discord. Output: sent
## 🚨 MASTER LOCKS IDENTIFIED 🚨

**Match:** Crystal Palace [R9, L1] vs West Ham [R16, L5]
**Trap:** 💀 GUARANTEED LOSER (Gravity Well)
**Bet:** **Home Win or Draw (1X)** against West Ham [Odds: 3.0 / 3.4]

=> Action: Place these bets immediately.

2026-06-15 19:02:02,354 [INFO] Already posted to Discord for vf:season:3100784-8
## 🚨 MASTER LOCKS IDENTIFIED 🚨

**Match:** Crystal Palace [R9, L1] vs West Ham [R16, L5]
**Trap:** 💀 GUARANTEED LOSER (Gravity Well)
**Bet:** **Home Win or Draw (1X)** against West Ham [Odds: 3.0 / 3.4]

=> Action: Place these bets immediately.

2026-06-15 19:03:02,401 [INFO] Already posted to Discord for vf:season:3100784-8
## 🚨 MASTER LOCKS IDENTIFIED 🚨

**Match:** Crystal Palace [R9, L1] vs West Ham [R16, L5]
**Trap:** 💀 GUARANTEED LOSER (Gravity Well)
**Bet:** **Home Win or Draw (1X)** against West Ham [Odds: 3.0 / 3.4]

=> Action: Place these bets immediately.

2026-06-15 19:04:02,302 [INFO] Already posted to Discord for vf:season:3100784-8
## 🚨 MASTER LOCKS IDENTIFIED 🚨

**Match:** Crystal Palace [R9, L1] vs West Ham [R16, L5]
**Trap:** 💀 GUARANTEED LOSER (Gravity Well)
**Bet:** **Home Win or Draw (1X)** against West Ham [Odds: 3.0 / 3.4]

=> Action: Place these bets immediately.

2026-06-15 19:05:01,477 [INFO] Sending trap alert to Discord via hermes CLI...
2026-06-15 19:05:08,605 [INFO] Successfully posted to Discord. Output: sent
No extreme algorithmic traps active this matchday.
=> Action: Wait for next matchday.

2026-06-15 19:06:02,196 [INFO] Already posted to Discord for vf:season:3100784-9
No extreme algorithmic traps active this matchday.
=> Action: Wait for next matchday.

2026-06-15 19:07:01,847 [INFO] Already posted to Discord for vf:season:3100784-9
No extreme algorithmic traps active this matchday.
=> Action: Wait for next matchday.

2026-06-15 19:08:02,809 [INFO] Sending trap alert to Discord via hermes CLI...
2026-06-15 19:08:08,633 [INFO] Successfully posted to Discord. Output: sent
## 🚨 MASTER LOCKS IDENTIFIED 🚨

**Match:** Aston Villa [R10, L1] vs Bournemouth [R16, L4]
**Trap:** 💀 GUARANTEED LOSER (Gravity Well)
**Bet:** **Home Win or Draw (1X)** against Bournemouth [Odds: 1.35 / 4.35]

=> Action: Place these bets immediately.

2026-06-15 19:09:02,295 [INFO] Already posted to Discord for vf:season:3100784-10
## 🚨 MASTER LOCKS IDENTIFIED 🚨

**Match:** Aston Villa [R10, L1] vs Bournemouth [R16, L4]
**Trap:** 💀 GUARANTEED LOSER (Gravity Well)
**Bet:** **Home Win or Draw (1X)** against Bournemouth [Odds: 1.35 / 4.35]

=> Action: Place these bets immediately.

2026-06-15 19:10:01,883 [INFO] Already posted to Discord for vf:season:3100784-10
## 🚨 MASTER LOCKS IDENTIFIED 🚨

**Match:** Aston Villa [R10, L1] vs Bournemouth [R16, L4]
**Trap:** 💀 GUARANTEED LOSER (Gravity Well)
**Bet:** **Home Win or Draw (1X)** against Bournemouth [Odds: 1.35 / 4.35]

=> Action: Place these bets immediately.

2026-06-15 19:11:02,814 [INFO] Already posted to Discord for vf:season:3100784-10
## 🚨 MASTER LOCKS IDENTIFIED 🚨

**Match:** Aston Villa [R10, L1] vs Bournemouth [R16, L4]
**Trap:** 💀 GUARANTEED LOSER (Gravity Well)
**Bet:** **Home Win or Draw (1X)** against Bournemouth [Odds: 1.35 / 4.35]

=> Action: Place these bets immediately.

2026-06-15 19:12:02,929 [INFO] Sending trap alert to Discord via hermes CLI...
2026-06-15 19:12:11,033 [INFO] Successfully posted to Discord. Output: sent
## 🚨 MASTER LOCKS IDENTIFIED 🚨

**Match:** Bournemouth [R15, L3] vs Manchester Red [R3, W3]
**Trap:** 🔥 THE ABSOLUTE CRUSHER
**Bet:** **Away Win (2) + U3.5** [Odds: 1.55 / 1.25]

=> Action: Place these bets immediately.

2026-06-15 19:13:01,793 [INFO] Already posted to Discord for vf:season:3100784-11
## 🚨 MASTER LOCKS IDENTIFIED 🚨

**Match:** Bournemouth [R15, L3] vs Manchester Red [R3, W3]
**Trap:** 🔥 THE ABSOLUTE CRUSHER
**Bet:** **Away Win (2) + U3.5** [Odds: 1.55 / 1.25]

=> Action: Place these bets immediately.

2026-06-15 19:14:02,985 [INFO] Already posted to Discord for vf:season:3100784-11
## 🚨 MASTER LOCKS IDENTIFIED 🚨

**Match:** Bournemouth [R15, L3] vs Manchester Red [R3, W3]
**Trap:** 🔥 THE ABSOLUTE CRUSHER
**Bet:** **Away Win (2) + U3.5** [Odds: 1.55 / 1.25]

=> Action: Place these bets immediately.

2026-06-15 19:15:02,810 [INFO] Already posted to Discord for vf:season:3100784-11
## 🚨 MASTER LOCKS IDENTIFIED 🚨

**Match:** Bournemouth [R15, L3] vs Manchester Red [R3, W3]
**Trap:** 🔥 THE ABSOLUTE CRUSHER
**Bet:** **Away Win (2) + U3.5** [Odds: 1.55 / 1.25]

=> Action: Place these bets immediately.

2026-06-15 19:16:02,235 [INFO] Sending trap alert to Discord via hermes CLI...
2026-06-15 19:16:07,399 [INFO] Successfully posted to Discord. Output: sent
No extreme algorithmic traps active this matchday.
=> Action: Wait for next matchday.

2026-06-15 19:17:01,843 [INFO] Already posted to Discord for vf:season:3100784-12
No extreme algorithmic traps active this matchday.
=> Action: Wait for next matchday.

2026-06-15 19:18:02,767 [INFO] Already posted to Discord for vf:season:3100784-12
No extreme algorithmic traps active this matchday.
=> Action: Wait for next matchday.

2026-06-15 19:19:02,574 [INFO] Sending trap alert to Discord via hermes CLI...
2026-06-15 19:19:08,749 [INFO] Successfully posted to Discord. Output: sent
No extreme algorithmic traps active this matchday.
=> Action: Wait for next matchday.

2026-06-15 19:20:02,059 [INFO] Already posted to Discord for vf:season:3100784-13
No extreme algorithmic traps active this matchday.
=> Action: Wait for next matchday.

2026-06-15 19:21:02,601 [INFO] Already posted to Discord for vf:season:3100784-13
No extreme algorithmic traps active this matchday.
=> Action: Wait for next matchday.

2026-06-15 19:22:01,873 [INFO] Already posted to Discord for vf:season:3100784-13
No extreme algorithmic traps active this matchday.
=> Action: Wait for next matchday.

2026-06-15 19:23:02,512 [INFO] Sending trap alert to Discord via hermes CLI...
2026-06-15 19:23:13,469 [INFO] Successfully posted to Discord. Output: sent
No extreme algorithmic traps active this matchday.
=> Action: Wait for next matchday.

2026-06-15 19:24:02,281 [INFO] Already posted to Discord for vf:season:3100784-14
No extreme algorithmic traps active this matchday.
=> Action: Wait for next matchday.

2026-06-15 19:25:01,980 [INFO] Already posted to Discord for vf:season:3100784-14
No extreme algorithmic traps active this matchday.
=> Action: Wait for next matchday.

2026-06-15 19:26:01,684 [INFO] Already posted to Discord for vf:season:3100784-14
No extreme algorithmic traps active this matchday.
=> Action: Wait for next matchday.

2026-06-15 19:27:02,234 [INFO] Sending trap alert to Discord via hermes CLI...
2026-06-15 19:27:11,802 [INFO] Successfully posted to Discord. Output: sent
No extreme algorithmic traps active this matchday.
=> Action: Wait for next matchday.

2026-06-15 19:28:02,600 [INFO] Already posted to Discord for vf:season:3100784-15
No extreme algorithmic traps active this matchday.
=> Action: Wait for next matchday.

2026-06-15 19:29:02,582 [INFO] Already posted to Discord for vf:season:3100784-15
No extreme algorithmic traps active this matchday.
=> Action: Wait for next matchday.

2026-06-15 19:30:02,705 [INFO] Sending trap alert to Discord via hermes CLI...
2026-06-15 19:30:10,966 [INFO] Successfully posted to Discord. Output: sent
## 🚨 MASTER LOCKS IDENTIFIED 🚨

**Match:** Leeds [R15, L5] vs Brighton [R10, W1]
**Trap:** 💀 GUARANTEED LOSER (Gravity Well)
**Bet:** **Away Win or Draw (X2)** against Leeds [Odds: 2.45 / 2.8]

=> Action: Place these bets immediately.

2026-06-15 19:31:01,326 [INFO] Already posted to Discord for vf:season:3100784-16
## 🚨 MASTER LOCKS IDENTIFIED 🚨

**Match:** Leeds [R15, L5] vs Brighton [R10, W1]
**Trap:** 💀 GUARANTEED LOSER (Gravity Well)
**Bet:** **Away Win or Draw (X2)** against Leeds [Odds: 2.45 / 2.8]

=> Action: Place these bets immediately.

2026-06-15 19:32:02,601 [INFO] Already posted to Discord for vf:season:3100784-16
## 🚨 MASTER LOCKS IDENTIFIED 🚨

**Match:** Leeds [R15, L5] vs Brighton [R10, W1]
**Trap:** 💀 GUARANTEED LOSER (Gravity Well)
**Bet:** **Away Win or Draw (X2)** against Leeds [Odds: 2.45 / 2.8]

=> Action: Place these bets immediately.

2026-06-15 19:33:02,176 [INFO] Already posted to Discord for vf:season:3100784-16
## 🚨 MASTER LOCKS IDENTIFIED 🚨

**Match:** Leeds [R15, L5] vs Brighton [R10, W1]
**Trap:** 💀 GUARANTEED LOSER (Gravity Well)
**Bet:** **Away Win or Draw (X2)** against Leeds [Odds: 2.45 / 2.8]

=> Action: Place these bets immediately.

2026-06-15 19:34:02,109 [INFO] Sending trap alert to Discord via hermes CLI...
2026-06-15 19:34:06,149 [INFO] Successfully posted to Discord. Output: sent
## 🚨 MASTER LOCKS IDENTIFIED 🚨

**Match:** Newcastle [R15, L2] vs Leeds [R14, L4]
**Trap:** 💀 GUARANTEED LOSER (Gravity Well)
**Bet:** **Home Win or Draw (1X)** against Leeds [Odds: 2.55 / 3.0]

=> Action: Place these bets immediately.

2026-06-15 19:35:01,425 [INFO] Already posted to Discord for vf:season:3100784-17
## 🚨 MASTER LOCKS IDENTIFIED 🚨

**Match:** Newcastle [R15, L2] vs Leeds [R14, L4]
**Trap:** 💀 GUARANTEED LOSER (Gravity Well)
**Bet:** **Home Win or Draw (1X)** against Leeds [Odds: 2.55 / 3.0]

=> Action: Place these bets immediately.

2026-06-15 19:36:02,010 [INFO] Already posted to Discord for vf:season:3100784-17
## 🚨 MASTER LOCKS IDENTIFIED 🚨

**Match:** Newcastle [R15, L2] vs Leeds [R14, L4]
**Trap:** 💀 GUARANTEED LOSER (Gravity Well)
**Bet:** **Home Win or Draw (1X)** against Leeds [Odds: 2.55 / 3.0]

=> Action: Place these bets immediately.

2026-06-15 19:37:01,848 [INFO] Already posted to Discord for vf:season:3100784-17
## 🚨 MASTER LOCKS IDENTIFIED 🚨

**Match:** Newcastle [R15, L2] vs Leeds [R14, L4]
**Trap:** 💀 GUARANTEED LOSER (Gravity Well)
**Bet:** **Home Win or Draw (1X)** against Leeds [Odds: 2.55 / 3.0]

=> Action: Place these bets immediately.

2026-06-15 19:38:02,063 [INFO] Sending trap alert to Discord via hermes CLI...
2026-06-15 19:38:05,571 [INFO] Successfully posted to Discord. Output: sent
No extreme algorithmic traps active this matchday.
=> Action: Wait for next matchday.

2026-06-15 19:39:02,688 [INFO] Already posted to Discord for vf:season:3100784-18
No extreme algorithmic traps active this matchday.
=> Action: Wait for next matchday.

2026-06-15 19:40:01,670 [INFO] Already posted to Discord for vf:season:3100784-18
No extreme algorithmic traps active this matchday.
=> Action: Wait for next matchday.

2026-06-15 19:41:01,844 [INFO] Sending trap alert to Discord via hermes CLI...
2026-06-15 19:41:05,972 [INFO] Successfully posted to Discord. Output: sent
No extreme algorithmic traps active this matchday.
=> Action: Wait for next matchday.

2026-06-15 19:42:01,916 [INFO] Already posted to Discord for vf:season:3100784-19
No extreme algorithmic traps active this matchday.
=> Action: Wait for next matchday.

2026-06-15 19:43:01,570 [INFO] Already posted to Discord for vf:season:3100784-19
No extreme algorithmic traps active this matchday.
=> Action: Wait for next matchday.

2026-06-15 19:44:02,081 [INFO] Already posted to Discord for vf:season:3100784-19
No extreme algorithmic traps active this matchday.
=> Action: Wait for next matchday.

2026-06-15 19:45:01,969 [INFO] Sending trap alert to Discord via hermes CLI...
2026-06-15 19:45:08,106 [INFO] Successfully posted to Discord. Output: sent
No extreme algorithmic traps active this matchday.
=> Action: Wait for next matchday.

2026-06-15 19:46:01,933 [INFO] Already posted to Discord for vf:season:3100784-20
No extreme algorithmic traps active this matchday.
=> Action: Wait for next matchday.

2026-06-15 19:47:01,481 [INFO] Already posted to Discord for vf:season:3100784-20
No extreme algorithmic traps active this matchday.
=> Action: Wait for next matchday.

2026-06-15 19:48:02,509 [INFO] Already posted to Discord for vf:season:3100784-20
No extreme algorithmic traps active this matchday.
=> Action: Wait for next matchday.

2026-06-15 19:49:02,271 [INFO] Sending trap alert to Discord via hermes CLI...
2026-06-15 19:49:05,774 [INFO] Successfully posted to Discord. Output: sent
## 🚨 MASTER LOCKS IDENTIFIED 🚨

**Match:** Brighton [R15, L5] vs Everton [R11, W1]
**Trap:** 💀 GUARANTEED LOSER (Gravity Well)
**Bet:** **Away Win or Draw (X2)** against Brighton [Odds: 3.1 / 2.9]

=> Action: Place these bets immediately.

2026-06-15 19:50:02,355 [INFO] Already posted to Discord for vf:season:3100784-21
## 🚨 MASTER LOCKS IDENTIFIED 🚨

**Match:** Brighton [R15, L5] vs Everton [R11, W1]
**Trap:** 💀 GUARANTEED LOSER (Gravity Well)
**Bet:** **Away Win or Draw (X2)** against Brighton [Odds: 3.1 / 2.9]

=> Action: Place these bets immediately.

2026-06-15 19:51:01,962 [INFO] Already posted to Discord for vf:season:3100784-21
## 🚨 MASTER LOCKS IDENTIFIED 🚨

**Match:** Brighton [R15, L5] vs Everton [R11, W1]
**Trap:** 💀 GUARANTEED LOSER (Gravity Well)
**Bet:** **Away Win or Draw (X2)** against Brighton [Odds: 3.1 / 2.9]

=> Action: Place these bets immediately.

2026-06-15 19:52:02,400 [INFO] Sending trap alert to Discord via hermes CLI...
2026-06-15 19:52:06,357 [INFO] Successfully posted to Discord. Output: sent
## 🚨 MASTER LOCKS IDENTIFIED 🚨

**Match:** Aston Villa [R10, W1] vs Brighton [R14, L4]
**Trap:** 💀 GUARANTEED LOSER (Gravity Well)
**Bet:** **Home Win or Draw (1X)** against Brighton [Odds: 1.7 / 3.3]

=> Action: Place these bets immediately.

2026-06-15 19:53:01,767 [INFO] Already posted to Discord for vf:season:3100784-22
## 🚨 MASTER LOCKS IDENTIFIED 🚨

**Match:** Aston Villa [R10, W1] vs Brighton [R14, L4]
**Trap:** 💀 GUARANTEED LOSER (Gravity Well)
**Bet:** **Home Win or Draw (1X)** against Brighton [Odds: 1.7 / 3.3]

=> Action: Place these bets immediately.

2026-06-15 19:54:02,646 [INFO] Already posted to Discord for vf:season:3100784-22
## 🚨 MASTER LOCKS IDENTIFIED 🚨

**Match:** Aston Villa [R10, W1] vs Brighton [R14, L4]
**Trap:** 💀 GUARANTEED LOSER (Gravity Well)
**Bet:** **Home Win or Draw (1X)** against Brighton [Odds: 1.7 / 3.3]

=> Action: Place these bets immediately.

2026-06-15 19:55:01,496 [INFO] Already posted to Discord for vf:season:3100784-22
## 🚨 MASTER LOCKS IDENTIFIED 🚨

**Match:** Aston Villa [R10, W1] vs Brighton [R14, L4]
**Trap:** 💀 GUARANTEED LOSER (Gravity Well)
**Bet:** **Home Win or Draw (1X)** against Brighton [Odds: 1.7 / 3.3]

=> Action: Place these bets immediately.

2026-06-15 19:56:02,261 [INFO] Sending trap alert to Discord via hermes CLI...
2026-06-15 19:56:06,108 [INFO] Successfully posted to Discord. Output: sent
No extreme algorithmic traps active this matchday.
=> Action: Wait for next matchday.

2026-06-15 19:57:01,497 [INFO] Already posted to Discord for vf:season:3100784-23
No extreme algorithmic traps active this matchday.
=> Action: Wait for next matchday.

2026-06-15 19:58:02,138 [INFO] Already posted to Discord for vf:season:3100784-23
No extreme algorithmic traps active this matchday.
=> Action: Wait for next matchday.

2026-06-15 19:59:02,574 [INFO] Already posted to Discord for vf:season:3100784-23
No extreme algorithmic traps active this matchday.
=> Action: Wait for next matchday.

2026-06-15 20:00:01,486 [INFO] Sending trap alert to Discord via hermes CLI...
2026-06-15 20:00:13,681 [INFO] Successfully posted to Discord. Output: sent
No extreme algorithmic traps active this matchday.
=> Action: Wait for next matchday.

2026-06-15 20:01:02,534 [INFO] Already posted to Discord for vf:season:3100784-24
No extreme algorithmic traps active this matchday.
=> Action: Wait for next matchday.

2026-06-15 20:02:01,800 [INFO] Already posted to Discord for vf:season:3100784-24
No extreme algorithmic traps active this matchday.
=> Action: Wait for next matchday.

2026-06-15 20:03:02,612 [INFO] Sending trap alert to Discord via hermes CLI...
2026-06-15 20:03:10,552 [INFO] Successfully posted to Discord. Output: sent
No extreme algorithmic traps active this matchday.
=> Action: Wait for next matchday.

2026-06-15 20:04:01,729 [INFO] Already posted to Discord for vf:season:3100784-25
No extreme algorithmic traps active this matchday.
=> Action: Wait for next matchday.

2026-06-15 20:05:02,933 [INFO] Already posted to Discord for vf:season:3100784-25
No extreme algorithmic traps active this matchday.
=> Action: Wait for next matchday.

2026-06-15 20:06:02,567 [INFO] Already posted to Discord for vf:season:3100784-25
No extreme algorithmic traps active this matchday.
=> Action: Wait for next matchday.

2026-06-15 20:07:02,552 [INFO] Sending trap alert to Discord via hermes CLI...
2026-06-15 20:07:07,501 [INFO] Successfully posted to Discord. Output: sent
No extreme algorithmic traps active this matchday.
=> Action: Wait for next matchday.

2026-06-15 20:08:02,204 [INFO] Already posted to Discord for vf:season:3100784-26
No extreme algorithmic traps active this matchday.
=> Action: Wait for next matchday.

2026-06-15 20:09:02,376 [INFO] Already posted to Discord for vf:season:3100784-26
No extreme algorithmic traps active this matchday.
=> Action: Wait for next matchday.

2026-06-15 20:10:02,616 [INFO] Already posted to Discord for vf:season:3100784-26
No extreme algorithmic traps active this matchday.
=> Action: Wait for next matchday.

2026-06-15 20:11:02,239 [INFO] Sending trap alert to Discord via hermes CLI...
2026-06-15 20:11:09,487 [INFO] Successfully posted to Discord. Output: sent
## 🚨 MASTER LOCKS IDENTIFIED 🚨

**Match:** Brighton [R15, L5] vs Wolverhampton [R11, L1]
**Trap:** 💀 GUARANTEED LOSER (Gravity Well)
**Bet:** **Away Win or Draw (X2)** against Brighton [Odds: 3.4 / 3.7]

=> Action: Place these bets immediately.

2026-06-15 20:12:02,918 [INFO] Already posted to Discord for vf:season:3100784-27
## 🚨 MASTER LOCKS IDENTIFIED 🚨

**Match:** Brighton [R15, L5] vs Wolverhampton [R11, L1]
**Trap:** 💀 GUARANTEED LOSER (Gravity Well)
**Bet:** **Away Win or Draw (X2)** against Brighton [Odds: 3.4 / 3.7]

=> Action: Place these bets immediately.

2026-06-15 20:13:02,712 [INFO] Already posted to Discord for vf:season:3100784-27
## 🚨 MASTER LOCKS IDENTIFIED 🚨

**Match:** Brighton [R15, L5] vs Wolverhampton [R11, L1]
**Trap:** 💀 GUARANTEED LOSER (Gravity Well)
**Bet:** **Away Win or Draw (X2)** against Brighton [Odds: 3.4 / 3.7]

=> Action: Place these bets immediately.

2026-06-15 20:14:01,970 [INFO] Sending trap alert to Discord via hermes CLI...
2026-06-15 20:14:12,010 [INFO] Successfully posted to Discord. Output: sent
## 🚨 MASTER LOCKS IDENTIFIED 🚨

**Match:** Brighton [R15, L4] vs Newcastle [R11, W2]
**Trap:** 💀 GUARANTEED LOSER (Gravity Well)
**Bet:** **Away Win or Draw (X2)** against Brighton [Odds: 4.15 / 3.4]

=> Action: Place these bets immediately.

2026-06-15 20:15:01,865 [INFO] Already posted to Discord for vf:season:3100784-28
## 🚨 MASTER LOCKS IDENTIFIED 🚨

**Match:** Brighton [R15, L4] vs Newcastle [R11, W2]
**Trap:** 💀 GUARANTEED LOSER (Gravity Well)
**Bet:** **Away Win or Draw (X2)** against Brighton [Odds: 4.15 / 3.4]

=> Action: Place these bets immediately.

2026-06-15 20:16:02,099 [INFO] Already posted to Discord for vf:season:3100784-28
## 🚨 MASTER LOCKS IDENTIFIED 🚨

**Match:** Brighton [R15, L4] vs Newcastle [R11, W2]
**Trap:** 💀 GUARANTEED LOSER (Gravity Well)
**Bet:** **Away Win or Draw (X2)** against Brighton [Odds: 4.15 / 3.4]

=> Action: Place these bets immediately.

2026-06-15 20:17:01,843 [INFO] Already posted to Discord for vf:season:3100784-28
## 🚨 MASTER LOCKS IDENTIFIED 🚨

**Match:** Brighton [R15, L4] vs Newcastle [R11, W2]
**Trap:** 💀 GUARANTEED LOSER (Gravity Well)
**Bet:** **Away Win or Draw (X2)** against Brighton [Odds: 4.15 / 3.4]

=> Action: Place these bets immediately.

2026-06-15 20:18:02,907 [INFO] Sending trap alert to Discord via hermes CLI...
2026-06-15 20:18:12,780 [INFO] Successfully posted to Discord. Output: sent
No extreme algorithmic traps active this matchday.
=> Action: Wait for next matchday.

2026-06-15 20:19:03,728 [INFO] Already posted to Discord for vf:season:3100784-29
No extreme algorithmic traps active this matchday.
=> Action: Wait for next matchday.

2026-06-15 20:20:02,305 [INFO] Already posted to Discord for vf:season:3100784-29
No extreme algorithmic traps active this matchday.
=> Action: Wait for next matchday.

2026-06-15 20:21:02,597 [INFO] Already posted to Discord for vf:season:3100784-29
No extreme algorithmic traps active this matchday.
=> Action: Wait for next matchday.

2026-06-15 20:22:01,954 [INFO] Sending trap alert to Discord via hermes CLI...
2026-06-15 20:22:08,537 [INFO] Successfully posted to Discord. Output: sent
No extreme algorithmic traps active this matchday.
=> Action: Wait for next matchday.

2026-06-15 20:23:03,494 [INFO] Already posted to Discord for vf:season:3100784-30
No extreme algorithmic traps active this matchday.
=> Action: Wait for next matchday.

2026-06-15 20:24:02,467 [INFO] Already posted to Discord for vf:season:3100784-30
No extreme algorithmic traps active this matchday.
=> Action: Wait for next matchday.

2026-06-15 20:25:02,458 [INFO] Sending trap alert to Discord via hermes CLI...
2026-06-15 20:25:18,282 [INFO] Successfully posted to Discord. Output: sent
No extreme algorithmic traps active this matchday.
=> Action: Wait for next matchday.

2026-06-15 20:26:02,589 [INFO] Sending trap alert to Discord via hermes CLI...
2026-06-15 20:26:10,129 [INFO] Successfully posted to Discord. Output: sent
No extreme algorithmic traps active this matchday.
=> Action: Wait for next matchday.

2026-06-15 20:27:04,291 [INFO] Already posted to Discord for vf:season:3100809-0
No extreme algorithmic traps active this matchday.
=> Action: Wait for next matchday.

2026-06-15 20:28:21,346 [INFO] Already posted to Discord for vf:season:3100809-0
No extreme algorithmic traps active this matchday.
=> Action: Wait for next matchday.

2026-06-15 20:29:02,683 [INFO] Sending trap alert to Discord via hermes CLI...
2026-06-15 20:29:16,451 [INFO] Successfully posted to Discord. Output: sent
No extreme algorithmic traps active this matchday.
=> Action: Wait for next matchday.

2026-06-15 20:30:02,047 [INFO] Already posted to Discord for vf:season:3100809-1
No extreme algorithmic traps active this matchday.
=> Action: Wait for next matchday.

2026-06-15 20:31:01,668 [INFO] Sending trap alert to Discord via hermes CLI...
2026-06-15 20:31:06,226 [INFO] Successfully posted to Discord. Output: sent
No extreme algorithmic traps active this matchday.
=> Action: Wait for next matchday.

2026-06-15 20:32:01,942 [INFO] Already posted to Discord for vf:season:3100809-2
No extreme algorithmic traps active this matchday.
=> Action: Wait for next matchday.

2026-06-15 20:33:02,364 [INFO] Already posted to Discord for vf:season:3100809-2
No extreme algorithmic traps active this matchday.
=> Action: Wait for next matchday.

2026-06-15 20:34:01,791 [INFO] Already posted to Discord for vf:season:3100809-2
No extreme algorithmic traps active this matchday.
=> Action: Wait for next matchday.

2026-06-15 20:35:02,310 [INFO] Sending trap alert to Discord via hermes CLI...
2026-06-15 20:35:08,644 [INFO] Successfully posted to Discord. Output: sent
No extreme algorithmic traps active this matchday.
=> Action: Wait for next matchday.

2026-06-15 20:36:02,041 [INFO] Already posted to Discord for vf:season:3100809-3
No extreme algorithmic traps active this matchday.
=> Action: Wait for next matchday.

2026-06-15 20:37:01,875 [INFO] Already posted to Discord for vf:season:3100809-3
No extreme algorithmic traps active this matchday.
=> Action: Wait for next matchday.

2026-06-15 20:38:02,379 [INFO] Sending trap alert to Discord via hermes CLI...
2026-06-15 20:38:06,664 [INFO] Successfully posted to Discord. Output: sent
No extreme algorithmic traps active this matchday.
=> Action: Wait for next matchday.

2026-06-15 20:39:02,358 [INFO] Already posted to Discord for vf:season:3100809-4
No extreme algorithmic traps active this matchday.
=> Action: Wait for next matchday.

2026-06-15 20:40:02,498 [INFO] Already posted to Discord for vf:season:3100809-4
No extreme algorithmic traps active this matchday.
=> Action: Wait for next matchday.

2026-06-15 20:41:01,706 [INFO] Already posted to Discord for vf:season:3100809-4
No extreme algorithmic traps active this matchday.
=> Action: Wait for next matchday.

2026-06-15 20:42:02,726 [INFO] Sending trap alert to Discord via hermes CLI...
2026-06-15 20:42:08,390 [INFO] Successfully posted to Discord. Output: sent
No extreme algorithmic traps active this matchday.
=> Action: Wait for next matchday.

2026-06-15 20:43:02,386 [INFO] Already posted to Discord for vf:season:3100809-5
No extreme algorithmic traps active this matchday.
=> Action: Wait for next matchday.

2026-06-15 20:44:02,859 [INFO] Already posted to Discord for vf:season:3100809-5
No extreme algorithmic traps active this matchday.
=> Action: Wait for next matchday.

2026-06-15 20:45:01,824 [INFO] Already posted to Discord for vf:season:3100809-5
No extreme algorithmic traps active this matchday.
=> Action: Wait for next matchday.

2026-06-15 20:46:01,618 [INFO] Sending trap alert to Discord via hermes CLI...
2026-06-15 20:46:08,027 [INFO] Successfully posted to Discord. Output: sent
No extreme algorithmic traps active this matchday.
=> Action: Wait for next matchday.

2026-06-15 20:47:01,856 [INFO] Already posted to Discord for vf:season:3100809-6
No extreme algorithmic traps active this matchday.
=> Action: Wait for next matchday.

2026-06-15 20:48:01,502 [INFO] Already posted to Discord for vf:season:3100809-6
No extreme algorithmic traps active this matchday.
=> Action: Wait for next matchday.

2026-06-15 20:49:02,658 [INFO] Sending trap alert to Discord via hermes CLI...
2026-06-15 20:49:07,927 [INFO] Successfully posted to Discord. Output: sent
No extreme algorithmic traps active this matchday.
=> Action: Wait for next matchday.

2026-06-15 20:50:01,416 [INFO] Already posted to Discord for vf:season:3100809-7
No extreme algorithmic traps active this matchday.
=> Action: Wait for next matchday.

2026-06-15 20:51:02,412 [INFO] Already posted to Discord for vf:season:3100809-7
No extreme algorithmic traps active this matchday.
=> Action: Wait for next matchday.

2026-06-15 20:52:02,102 [INFO] Already posted to Discord for vf:season:3100809-7
No extreme algorithmic traps active this matchday.
=> Action: Wait for next matchday.

2026-06-15 20:53:01,991 [INFO] Sending trap alert to Discord via hermes CLI...
2026-06-15 20:53:06,848 [INFO] Successfully posted to Discord. Output: sent
## 🚨 MASTER LOCKS IDENTIFIED 🚨

**Match:** Wolverhampton [R13, L4] vs Manchester Blue [R4, L1]
**Trap:** 💀 GUARANTEED LOSER (Gravity Well)
**Bet:** **Away Win or Draw (X2)** against Wolverhampton [Odds: 1.7 / 4.2]

=> Action: Place these bets immediately.

2026-06-15 20:54:02,623 [INFO] Already posted to Discord for vf:season:3100809-8
## 🚨 MASTER LOCKS IDENTIFIED 🚨

**Match:** Wolverhampton [R13, L4] vs Manchester Blue [R4, L1]
**Trap:** 💀 GUARANTEED LOSER (Gravity Well)
**Bet:** **Away Win or Draw (X2)** against Wolverhampton [Odds: 1.7 / 4.2]

=> Action: Place these bets immediately.

2026-06-15 20:55:02,260 [INFO] Already posted to Discord for vf:season:3100809-8
## 🚨 MASTER LOCKS IDENTIFIED 🚨

**Match:** Wolverhampton [R13, L4] vs Manchester Blue [R4, L1]
**Trap:** 💀 GUARANTEED LOSER (Gravity Well)
**Bet:** **Away Win or Draw (X2)** against Wolverhampton [Odds: 1.7 / 4.2]

=> Action: Place these bets immediately.

2026-06-15 20:56:02,543 [INFO] Already posted to Discord for vf:season:3100809-8
## 🚨 MASTER LOCKS IDENTIFIED 🚨

**Match:** Wolverhampton [R13, L4] vs Manchester Blue [R4, L1]
**Trap:** 💀 GUARANTEED LOSER (Gravity Well)
**Bet:** **Away Win or Draw (X2)** against Wolverhampton [Odds: 1.7 / 4.2]

=> Action: Place these bets immediately.

2026-06-15 20:57:01,828 [INFO] Sending trap alert to Discord via hermes CLI...
2026-06-15 20:57:08,397 [INFO] Successfully posted to Discord. Output: sent
## 🚨 MASTER LOCKS IDENTIFIED 🚨

**Match:** Aston Villa [R8, D2] vs Newcastle [R16, L5]
**Trap:** 💀 GUARANTEED LOSER (Gravity Well)
**Bet:** **Home Win or Draw (1X)** against Newcastle [Odds: 1.45 / 4.6]

=> Action: Place these bets immediately.

2026-06-15 20:58:01,684 [INFO] Already posted to Discord for vf:season:3100809-9
## 🚨 MASTER LOCKS IDENTIFIED 🚨

**Match:** Aston Villa [R8, D2] vs Newcastle [R16, L5]
**Trap:** 💀 GUARANTEED LOSER (Gravity Well)
**Bet:** **Home Win or Draw (1X)** against Newcastle [Odds: 1.45 / 4.6]

=> Action: Place these bets immediately.

2026-06-15 20:59:01,718 [INFO] Already posted to Discord for vf:season:3100809-9
## 🚨 MASTER LOCKS IDENTIFIED 🚨

**Match:** Aston Villa [R8, D2] vs Newcastle [R16, L5]
**Trap:** 💀 GUARANTEED LOSER (Gravity Well)
**Bet:** **Home Win or Draw (1X)** against Newcastle [Odds: 1.45 / 4.6]

=> Action: Place these bets immediately.

2026-06-15 21:00:02,078 [INFO] Sending trap alert to Discord via hermes CLI...
2026-06-15 21:00:13,394 [INFO] Successfully posted to Discord. Output: sent
## 🚨 MASTER LOCKS IDENTIFIED 🚨

**Match:** Aston Villa [R8, D1] vs Newcastle [R16, L4]
**Trap:** 💀 GUARANTEED LOSER (Gravity Well)
**Bet:** **Home Win or Draw (1X)** against Newcastle [Odds: 1.45 / 4.6]

=> Action: Place these bets immediately.

2026-06-15 21:01:02,081 [INFO] Already posted to Discord for vf:season:3100809-10
## 🚨 MASTER LOCKS IDENTIFIED 🚨

**Match:** Aston Villa [R8, D1] vs Newcastle [R16, L4]
**Trap:** 💀 GUARANTEED LOSER (Gravity Well)
**Bet:** **Home Win or Draw (1X)** against Newcastle [Odds: 1.45 / 4.6]

=> Action: Place these bets immediately.

2026-06-15 21:02:01,700 [INFO] Already posted to Discord for vf:season:3100809-10
## 🚨 MASTER LOCKS IDENTIFIED 🚨

**Match:** Aston Villa [R8, D1] vs Newcastle [R16, L4]
**Trap:** 💀 GUARANTEED LOSER (Gravity Well)
**Bet:** **Home Win or Draw (1X)** against Newcastle [Odds: 1.45 / 4.6]

=> Action: Place these bets immediately.

2026-06-15 21:03:02,745 [INFO] Already posted to Discord for vf:season:3100809-10
## 🚨 MASTER LOCKS IDENTIFIED 🚨

**Match:** Aston Villa [R8, D1] vs Newcastle [R16, L4]
**Trap:** 💀 GUARANTEED LOSER (Gravity Well)
**Bet:** **Home Win or Draw (1X)** against Newcastle [Odds: 1.45 / 4.6]

=> Action: Place these bets immediately.

2026-06-15 21:04:03,212 [INFO] Sending trap alert to Discord via hermes CLI...
2026-06-15 21:04:11,147 [INFO] Successfully posted to Discord. Output: sent
No extreme algorithmic traps active this matchday.
=> Action: Wait for next matchday.

2026-06-15 21:05:02,881 [INFO] Already posted to Discord for vf:season:3100809-11
No extreme algorithmic traps active this matchday.
=> Action: Wait for next matchday.

2026-06-15 21:06:02,327 [INFO] Already posted to Discord for vf:season:3100809-11
No extreme algorithmic traps active this matchday.
=> Action: Wait for next matchday.

2026-06-15 21:07:01,866 [INFO] Already posted to Discord for vf:season:3100809-11
No extreme algorithmic traps active this matchday.
=> Action: Wait for next matchday.

2026-06-15 21:08:01,863 [INFO] Sending trap alert to Discord via hermes CLI...
2026-06-15 21:08:13,209 [INFO] Successfully posted to Discord. Output: sent
## 🚨 MASTER LOCKS IDENTIFIED 🚨

**Match:** Manchester Red [R3, W3] vs West Ham [R14, L3]
**Trap:** 🔥 THE ABSOLUTE CRUSHER
**Bet:** **Home Win (1) + U3.5** [Odds: 1.45 / 1.4]

=> Action: Place these bets immediately.

2026-06-15 21:09:01,777 [INFO] Already posted to Discord for vf:season:3100809-12
## 🚨 MASTER LOCKS IDENTIFIED 🚨

**Match:** Manchester Red [R3, W3] vs West Ham [R14, L3]
**Trap:** 🔥 THE ABSOLUTE CRUSHER
**Bet:** **Home Win (1) + U3.5** [Odds: 1.45 / 1.4]

=> Action: Place these bets immediately.

2026-06-15 21:10:01,981 [INFO] Already posted to Discord for vf:season:3100809-12
## 🚨 MASTER LOCKS IDENTIFIED 🚨

**Match:** Manchester Red [R3, W3] vs West Ham [R14, L3]
**Trap:** 🔥 THE ABSOLUTE CRUSHER
**Bet:** **Home Win (1) + U3.5** [Odds: 1.45 / 1.4]

=> Action: Place these bets immediately.

2026-06-15 21:11:03,398 [INFO] Sending trap alert to Discord via hermes CLI...
2026-06-15 21:11:10,030 [INFO] Successfully posted to Discord. Output: sent
No extreme algorithmic traps active this matchday.
=> Action: Wait for next matchday.

2026-06-15 21:12:02,120 [INFO] Already posted to Discord for vf:season:3100809-13
No extreme algorithmic traps active this matchday.
=> Action: Wait for next matchday.

2026-06-15 21:13:02,541 [INFO] Already posted to Discord for vf:season:3100809-13
No extreme algorithmic traps active this matchday.
=> Action: Wait for next matchday.

2026-06-15 21:14:04,951 [INFO] Already posted to Discord for vf:season:3100809-13
No extreme algorithmic traps active this matchday.
=> Action: Wait for next matchday.

2026-06-15 21:15:02,705 [INFO] Sending trap alert to Discord via hermes CLI...
2026-06-15 21:15:15,185 [INFO] Successfully posted to Discord. Output: sent
No extreme algorithmic traps active this matchday.
=> Action: Wait for next matchday.

2026-06-15 21:16:02,415 [INFO] Already posted to Discord for vf:season:3100809-14
No extreme algorithmic traps active this matchday.
=> Action: Wait for next matchday.

2026-06-15 21:17:02,795 [INFO] Already posted to Discord for vf:season:3100809-14
No extreme algorithmic traps active this matchday.
=> Action: Wait for next matchday.

2026-06-15 21:18:02,068 [INFO] Already posted to Discord for vf:season:3100809-14
No extreme algorithmic traps active this matchday.
=> Action: Wait for next matchday.

2026-06-15 21:19:03,290 [INFO] Sending trap alert to Discord via hermes CLI...
2026-06-15 21:19:12,594 [INFO] Successfully posted to Discord. Output: sent
No extreme algorithmic traps active this matchday.
=> Action: Wait for next matchday.

2026-06-15 21:20:03,156 [INFO] Already posted to Discord for vf:season:3100809-15
No extreme algorithmic traps active this matchday.
=> Action: Wait for next matchday.

2026-06-15 21:21:03,195 [INFO] Already posted to Discord for vf:season:3100809-15
No extreme algorithmic traps active this matchday.
=> Action: Wait for next matchday.

2026-06-15 21:22:02,627 [INFO] Sending trap alert to Discord via hermes CLI...
2026-06-15 21:22:15,761 [INFO] Successfully posted to Discord. Output: sent
No extreme algorithmic traps active this matchday.
=> Action: Wait for next matchday.

2026-06-15 21:23:02,216 [INFO] Already posted to Discord for vf:season:3100809-16
No extreme algorithmic traps active this matchday.
=> Action: Wait for next matchday.

2026-06-15 21:24:04,158 [INFO] Already posted to Discord for vf:season:3100809-16
No extreme algorithmic traps active this matchday.
=> Action: Wait for next matchday.

2026-06-15 21:25:02,251 [INFO] Already posted to Discord for vf:season:3100809-16
No extreme algorithmic traps active this matchday.
=> Action: Wait for next matchday.

2026-06-15 21:26:03,384 [INFO] Sending trap alert to Discord via hermes CLI...
2026-06-15 21:26:16,008 [INFO] Successfully posted to Discord. Output: sent
## 🚨 MASTER LOCKS IDENTIFIED 🚨

**Match:** Brighton [R9, L5] vs Wolverhampton [R16, L4]
**Trap:** 💀 GUARANTEED LOSER (Gravity Well)
**Bet:** **Home Win or Draw (1X)** against Wolverhampton [Odds: 1.95 / 3.7]

=> Action: Place these bets immediately.

2026-06-15 21:27:02,450 [INFO] Already posted to Discord for vf:season:3100809-17
## 🚨 MASTER LOCKS IDENTIFIED 🚨

**Match:** Brighton [R9, L5] vs Wolverhampton [R16, L4]
**Trap:** 💀 GUARANTEED LOSER (Gravity Well)
**Bet:** **Home Win or Draw (1X)** against Wolverhampton [Odds: 1.95 / 3.7]

=> Action: Place these bets immediately.

2026-06-15 21:28:04,084 [INFO] Already posted to Discord for vf:season:3100809-17
## 🚨 MASTER LOCKS IDENTIFIED 🚨

**Match:** Brighton [R9, L5] vs Wolverhampton [R16, L4]
**Trap:** 💀 GUARANTEED LOSER (Gravity Well)
**Bet:** **Home Win or Draw (1X)** against Wolverhampton [Odds: 1.95 / 3.7]

=> Action: Place these bets immediately.

2026-06-15 21:29:02,326 [INFO] Already posted to Discord for vf:season:3100809-17
## 🚨 MASTER LOCKS IDENTIFIED 🚨

**Match:** Brighton [R9, L5] vs Wolverhampton [R16, L4]
**Trap:** 💀 GUARANTEED LOSER (Gravity Well)
**Bet:** **Home Win or Draw (1X)** against Wolverhampton [Odds: 1.95 / 3.7]

=> Action: Place these bets immediately.

2026-06-15 21:30:03,798 [INFO] Sending trap alert to Discord via hermes CLI...
2026-06-15 21:30:11,745 [INFO] Successfully posted to Discord. Output: sent
## 🚨 MASTER LOCKS IDENTIFIED 🚨

**Match:** Wolverhampton [R13, L3] vs Liverpool [R2, W5]
**Trap:** 🔥 THE ABSOLUTE CRUSHER
**Bet:** **Away Win (2) + U3.5** [Odds: 1.7 / 1.5]

=> Action: Place these bets immediately.

2026-06-15 21:31:02,077 [INFO] Already posted to Discord for vf:season:3100809-18
## 🚨 MASTER LOCKS IDENTIFIED 🚨

**Match:** Wolverhampton [R13, L3] vs Liverpool [R2, W5]
**Trap:** 🔥 THE ABSOLUTE CRUSHER
**Bet:** **Away Win (2) + U3.5** [Odds: 1.7 / 1.5]

=> Action: Place these bets immediately.

2026-06-15 21:32:02,524 [INFO] Already posted to Discord for vf:season:3100809-18
## 🚨 MASTER LOCKS IDENTIFIED 🚨

**Match:** Wolverhampton [R13, L3] vs Liverpool [R2, W5]
**Trap:** 🔥 THE ABSOLUTE CRUSHER
**Bet:** **Away Win (2) + U3.5** [Odds: 1.7 / 1.5]

=> Action: Place these bets immediately.

2026-06-15 21:33:02,173 [INFO] Sending trap alert to Discord via hermes CLI...
2026-06-15 21:33:08,409 [INFO] Successfully posted to Discord. Output: sent
## 🚨 MASTER LOCKS IDENTIFIED 🚨

**Match:** Newcastle [R15, L5] vs Manchester Blue [R2, W1]
**Trap:** 💀 GUARANTEED LOSER (Gravity Well)
**Bet:** **Away Win or Draw (X2)** against Newcastle [Odds: 1.6 / 3.85]

**Match:** Liverpool [R1, W5] vs Fulham [R16, L5]
**Trap:** 💀 GUARANTEED LOSER (Gravity Well)
**Bet:** **Home Win or Draw (1X)** against Fulham [Odds: 1.3 / 4.7]

=> Action: Place these bets immediately.

2026-06-15 21:34:02,695 [INFO] Already posted to Discord for vf:season:3100809-19
## 🚨 MASTER LOCKS IDENTIFIED 🚨

**Match:** Newcastle [R15, L5] vs Manchester Blue [R2, W1]
**Trap:** 💀 GUARANTEED LOSER (Gravity Well)
**Bet:** **Away Win or Draw (X2)** against Newcastle [Odds: 1.6 / 3.85]

**Match:** Liverpool [R1, W5] vs Fulham [R16, L5]
**Trap:** 💀 GUARANTEED LOSER (Gravity Well)
**Bet:** **Home Win or Draw (1X)** against Fulham [Odds: 1.3 / 4.7]

=> Action: Place these bets immediately.

2026-06-15 21:35:02,069 [INFO] Already posted to Discord for vf:season:3100809-19
## 🚨 MASTER LOCKS IDENTIFIED 🚨

**Match:** Newcastle [R15, L5] vs Manchester Blue [R2, W1]
**Trap:** 💀 GUARANTEED LOSER (Gravity Well)
**Bet:** **Away Win or Draw (X2)** against Newcastle [Odds: 1.6 / 3.85]

**Match:** Liverpool [R1, W5] vs Fulham [R16, L5]
**Trap:** 💀 GUARANTEED LOSER (Gravity Well)
**Bet:** **Home Win or Draw (1X)** against Fulham [Odds: 1.3 / 4.7]

=> Action: Place these bets immediately.

2026-06-15 21:36:01,749 [INFO] Already posted to Discord for vf:season:3100809-19
## 🚨 MASTER LOCKS IDENTIFIED 🚨

**Match:** Newcastle [R15, L5] vs Manchester Blue [R2, W1]
**Trap:** 💀 GUARANTEED LOSER (Gravity Well)
**Bet:** **Away Win or Draw (X2)** against Newcastle [Odds: 1.6 / 3.85]

**Match:** Liverpool [R1, W5] vs Fulham [R16, L5]
**Trap:** 💀 GUARANTEED LOSER (Gravity Well)
**Bet:** **Home Win or Draw (1X)** against Fulham [Odds: 1.3 / 4.7]

=> Action: Place these bets immediately.

2026-06-15 21:37:03,384 [INFO] Sending trap alert to Discord via hermes CLI...
2026-06-15 21:37:12,599 [INFO] Successfully posted to Discord. Output: sent
## 🚨 MASTER LOCKS IDENTIFIED 🚨

**Match:** Fulham [R16, L5] vs London Guns [R5, W2]
**Trap:** 💀 GUARANTEED LOSER (Gravity Well)
**Bet:** **Away Win or Draw (X2)** against Fulham [Odds: 1.9 / 3.6]

**Match:** Manchester Red [R6, W2] vs Newcastle [R15, L5]
**Trap:** 💀 GUARANTEED LOSER (Gravity Well)
**Bet:** **Home Win or Draw (1X)** against Newcastle [Odds: 1.3 / 4.6]

=> Action: Place these bets immediately.

2026-06-15 21:38:02,087 [INFO] Already posted to Discord for vf:season:3100809-20
## 🚨 MASTER LOCKS IDENTIFIED 🚨

**Match:** Fulham [R16, L5] vs London Guns [R5, W2]
**Trap:** 💀 GUARANTEED LOSER (Gravity Well)
**Bet:** **Away Win or Draw (X2)** against Fulham [Odds: 1.9 / 3.6]

**Match:** Manchester Red [R6, W2] vs Newcastle [R15, L5]
**Trap:** 💀 GUARANTEED LOSER (Gravity Well)
**Bet:** **Home Win or Draw (1X)** against Newcastle [Odds: 1.3 / 4.6]

=> Action: Place these bets immediately.

2026-06-15 21:39:02,505 [INFO] Already posted to Discord for vf:season:3100809-20
## 🚨 MASTER LOCKS IDENTIFIED 🚨

**Match:** Fulham [R16, L5] vs London Guns [R5, W2]
**Trap:** 💀 GUARANTEED LOSER (Gravity Well)
**Bet:** **Away Win or Draw (X2)** against Fulham [Odds: 1.9 / 3.6]

**Match:** Manchester Red [R6, W2] vs Newcastle [R15, L5]
**Trap:** 💀 GUARANTEED LOSER (Gravity Well)
**Bet:** **Home Win or Draw (1X)** against Newcastle [Odds: 1.3 / 4.6]

=> Action: Place these bets immediately.

2026-06-15 21:40:01,955 [INFO] Already posted to Discord for vf:season:3100809-20
## 🚨 MASTER LOCKS IDENTIFIED 🚨

**Match:** Fulham [R16, L5] vs London Guns [R5, W2]
**Trap:** 💀 GUARANTEED LOSER (Gravity Well)
**Bet:** **Away Win or Draw (X2)** against Fulham [Odds: 1.9 / 3.6]

**Match:** Manchester Red [R6, W2] vs Newcastle [R15, L5]
**Trap:** 💀 GUARANTEED LOSER (Gravity Well)
**Bet:** **Home Win or Draw (1X)** against Newcastle [Odds: 1.3 / 4.6]

=> Action: Place these bets immediately.

2026-06-15 21:41:01,673 [INFO] Sending trap alert to Discord via hermes CLI...
2026-06-15 21:41:04,985 [INFO] Successfully posted to Discord. Output: sent
## 🚨 MASTER LOCKS IDENTIFIED 🚨

**Match:** Newcastle [R15, L4] vs Everton [R8, W1]
**Trap:** 💀 GUARANTEED LOSER (Gravity Well)
**Bet:** **Away Win or Draw (X2)** against Newcastle [Odds: 2.35 / 3.05]

**Match:** Tottenham [R4, W1] vs Fulham [R16, L4]
**Trap:** 💀 GUARANTEED LOSER (Gravity Well)
**Bet:** **Home Win or Draw (1X)** against Fulham [Odds: 1.35 / 4.1]

=> Action: Place these bets immediately.

2026-06-15 21:42:02,012 [INFO] Already posted to Discord for vf:season:3100809-21
## 🚨 MASTER LOCKS IDENTIFIED 🚨

**Match:** Newcastle [R15, L4] vs Everton [R8, W1]
**Trap:** 💀 GUARANTEED LOSER (Gravity Well)
**Bet:** **Away Win or Draw (X2)** against Newcastle [Odds: 2.35 / 3.05]

**Match:** Tottenham [R4, W1] vs Fulham [R16, L4]
**Trap:** 💀 GUARANTEED LOSER (Gravity Well)
**Bet:** **Home Win or Draw (1X)** against Fulham [Odds: 1.35 / 4.1]

=> Action: Place these bets immediately.

2026-06-15 21:43:02,418 [INFO] Already posted to Discord for vf:season:3100809-21
## 🚨 MASTER LOCKS IDENTIFIED 🚨

**Match:** Newcastle [R15, L4] vs Everton [R8, W1]
**Trap:** 💀 GUARANTEED LOSER (Gravity Well)
**Bet:** **Away Win or Draw (X2)** against Newcastle [Odds: 2.35 / 3.05]

**Match:** Tottenham [R4, W1] vs Fulham [R16, L4]
**Trap:** 💀 GUARANTEED LOSER (Gravity Well)
**Bet:** **Home Win or Draw (1X)** against Fulham [Odds: 1.35 / 4.1]

=> Action: Place these bets immediately.

2026-06-15 21:44:01,885 [INFO] Sending trap alert to Discord via hermes CLI...
2026-06-15 21:44:06,274 [INFO] Successfully posted to Discord. Output: sent
No extreme algorithmic traps active this matchday.
=> Action: Wait for next matchday.

2026-06-15 21:45:01,926 [INFO] Already posted to Discord for vf:season:3100809-22
No extreme algorithmic traps active this matchday.
=> Action: Wait for next matchday.

2026-06-15 21:46:01,476 [INFO] Already posted to Discord for vf:season:3100809-22
No extreme algorithmic traps active this matchday.
=> Action: Wait for next matchday.

2026-06-15 21:47:02,623 [INFO] Already posted to Discord for vf:season:3100809-22
No extreme algorithmic traps active this matchday.
=> Action: Wait for next matchday.

2026-06-15 21:48:02,155 [INFO] Sending trap alert to Discord via hermes CLI...
2026-06-15 21:48:08,725 [INFO] Successfully posted to Discord. Output: sent
No extreme algorithmic traps active this matchday.
=> Action: Wait for next matchday.

2026-06-15 21:49:02,131 [INFO] Already posted to Discord for vf:season:3100809-23
No extreme algorithmic traps active this matchday.
=> Action: Wait for next matchday.

2026-06-15 21:50:01,601 [INFO] Already posted to Discord for vf:season:3100809-23
No extreme algorithmic traps active this matchday.
=> Action: Wait for next matchday.

2026-06-15 21:51:01,910 [INFO] Already posted to Discord for vf:season:3100809-23
No extreme algorithmic traps active this matchday.
=> Action: Wait for next matchday.

2026-06-15 21:52:01,290 [INFO] Sending trap alert to Discord via hermes CLI...
2026-06-15 21:52:05,634 [INFO] Successfully posted to Discord. Output: sent
No extreme algorithmic traps active this matchday.
=> Action: Wait for next matchday.

2026-06-15 21:53:02,178 [INFO] Already posted to Discord for vf:season:3100809-24
No extreme algorithmic traps active this matchday.
=> Action: Wait for next matchday.

2026-06-15 21:54:01,879 [INFO] Already posted to Discord for vf:season:3100809-24
No extreme algorithmic traps active this matchday.
=> Action: Wait for next matchday.

2026-06-15 21:55:02,307 [INFO] Sending trap alert to Discord via hermes CLI...
2026-06-15 21:55:05,964 [INFO] Successfully posted to Discord. Output: sent
No extreme algorithmic traps active this matchday.
=> Action: Wait for next matchday.

2026-06-15 21:56:01,868 [INFO] Already posted to Discord for vf:season:3100809-25
No extreme algorithmic traps active this matchday.
=> Action: Wait for next matchday.

2026-06-15 21:57:02,958 [INFO] Already posted to Discord for vf:season:3100809-25
No extreme algorithmic traps active this matchday.
=> Action: Wait for next matchday.

2026-06-15 21:58:02,172 [INFO] Already posted to Discord for vf:season:3100809-25
No extreme algorithmic traps active this matchday.
=> Action: Wait for next matchday.

2026-06-15 21:59:01,412 [INFO] Sending trap alert to Discord via hermes CLI...
2026-06-15 21:59:07,440 [INFO] Successfully posted to Discord. Output: sent
No extreme algorithmic traps active this matchday.
=> Action: Wait for next matchday.

2026-06-15 22:00:01,880 [INFO] Already posted to Discord for vf:season:3100809-26
No extreme algorithmic traps active this matchday.
=> Action: Wait for next matchday.

2026-06-15 22:01:03,332 [INFO] Already posted to Discord for vf:season:3100809-26
No extreme algorithmic traps active this matchday.
=> Action: Wait for next matchday.

2026-06-15 22:02:02,857 [INFO] Already posted to Discord for vf:season:3100809-26
No extreme algorithmic traps active this matchday.
=> Action: Wait for next matchday.

2026-06-15 22:03:04,686 [INFO] Sending trap alert to Discord via hermes CLI...
2026-06-15 22:03:19,324 [INFO] Successfully posted to Discord. Output: sent
## 🚨 MASTER LOCKS IDENTIFIED 🚨

**Match:** Newcastle [R15, L1] vs Bournemouth [R13, L4]
**Trap:** 💀 GUARANTEED LOSER (Gravity Well)
**Bet:** **Home Win or Draw (1X)** against Bournemouth [Odds: 1.9 / 3.4]

=> Action: Place these bets immediately.

2026-06-15 22:04:02,123 [INFO] Already posted to Discord for vf:season:3100809-27
## 🚨 MASTER LOCKS IDENTIFIED 🚨

**Match:** Newcastle [R15, L1] vs Bournemouth [R13, L4]
**Trap:** 💀 GUARANTEED LOSER (Gravity Well)
**Bet:** **Home Win or Draw (1X)** against Bournemouth [Odds: 1.9 / 3.4]

=> Action: Place these bets immediately.

2026-06-15 22:05:02,679 [INFO] Already posted to Discord for vf:season:3100809-27
## 🚨 MASTER LOCKS IDENTIFIED 🚨

**Match:** Newcastle [R15, L1] vs Bournemouth [R13, L4]
**Trap:** 💀 GUARANTEED LOSER (Gravity Well)
**Bet:** **Home Win or Draw (1X)** against Bournemouth [Odds: 1.9 / 3.4]

=> Action: Place these bets immediately.

2026-06-15 22:06:03,060 [INFO] Sending trap alert to Discord via hermes CLI...
2026-06-15 22:06:17,786 [INFO] Successfully posted to Discord. Output: sent
No extreme algorithmic traps active this matchday.
=> Action: Wait for next matchday.

2026-06-15 22:07:02,480 [INFO] Already posted to Discord for vf:season:3100809-28
No extreme algorithmic traps active this matchday.
=> Action: Wait for next matchday.

2026-06-15 22:08:02,828 [INFO] Already posted to Discord for vf:season:3100809-28
No extreme algorithmic traps active this matchday.
=> Action: Wait for next matchday.

2026-06-15 22:09:02,704 [INFO] Already posted to Discord for vf:season:3100809-28
No extreme algorithmic traps active this matchday.
=> Action: Wait for next matchday.

2026-06-15 22:10:01,988 [INFO] Sending trap alert to Discord via hermes CLI...
2026-06-15 22:10:08,183 [INFO] Successfully posted to Discord. Output: sent
No extreme algorithmic traps active this matchday.
=> Action: Wait for next matchday.

2026-06-15 22:11:03,407 [INFO] Already posted to Discord for vf:season:3100809-29
No extreme algorithmic traps active this matchday.
=> Action: Wait for next matchday.

2026-06-15 22:12:02,411 [INFO] Already posted to Discord for vf:season:3100809-29
No extreme algorithmic traps active this matchday.
=> Action: Wait for next matchday.

2026-06-15 22:13:02,683 [INFO] Already posted to Discord for vf:season:3100809-29
No extreme algorithmic traps active this matchday.
=> Action: Wait for next matchday.

2026-06-15 22:14:01,958 [INFO] Sending trap alert to Discord via hermes CLI...
2026-06-15 22:14:08,889 [INFO] Successfully posted to Discord. Output: sent
No extreme algorithmic traps active this matchday.
=> Action: Wait for next matchday.

2026-06-15 22:15:02,871 [INFO] Already posted to Discord for vf:season:3100809-30
No extreme algorithmic traps active this matchday.
=> Action: Wait for next matchday.

2026-06-15 22:16:03,021 [INFO] Already posted to Discord for vf:season:3100809-30
No extreme algorithmic traps active this matchday.
=> Action: Wait for next matchday.

2026-06-15 22:17:01,631 [INFO] Sending trap alert to Discord via hermes CLI...
2026-06-15 22:17:16,246 [INFO] Successfully posted to Discord. Output: sent
No extreme algorithmic traps active this matchday.
=> Action: Wait for next matchday.

2026-06-15 22:18:03,206 [INFO] Sending trap alert to Discord via hermes CLI...
2026-06-15 22:18:13,628 [INFO] Successfully posted to Discord. Output: sent
No extreme algorithmic traps active this matchday.
=> Action: Wait for next matchday.

2026-06-15 22:19:02,302 [INFO] Already posted to Discord for vf:season:3100840-0
No extreme algorithmic traps active this matchday.
=> Action: Wait for next matchday.

2026-06-15 22:20:02,168 [INFO] Sending trap alert to Discord via hermes CLI...
2026-06-15 22:20:08,395 [INFO] Successfully posted to Discord. Output: sent
No extreme algorithmic traps active this matchday.
=> Action: Wait for next matchday.

2026-06-15 22:21:01,777 [INFO] Already posted to Discord for vf:season:3100840-1
No extreme algorithmic traps active this matchday.
=> Action: Wait for next matchday.

2026-06-15 22:22:02,269 [INFO] Already posted to Discord for vf:season:3100840-1
No extreme algorithmic traps active this matchday.
=> Action: Wait for next matchday.

2026-06-15 22:23:02,524 [INFO] Sending trap alert to Discord via hermes CLI...
2026-06-15 22:23:07,768 [INFO] Successfully posted to Discord. Output: sent
No extreme algorithmic traps active this matchday.
=> Action: Wait for next matchday.

2026-06-15 22:24:02,609 [INFO] Already posted to Discord for vf:season:3100840-2
No extreme algorithmic traps active this matchday.
=> Action: Wait for next matchday.

2026-06-15 22:25:03,074 [INFO] Already posted to Discord for vf:season:3100840-2
No extreme algorithmic traps active this matchday.
=> Action: Wait for next matchday.

2026-06-15 22:26:01,644 [INFO] Already posted to Discord for vf:season:3100840-2
No extreme algorithmic traps active this matchday.
=> Action: Wait for next matchday.

2026-06-15 22:27:02,585 [INFO] Sending trap alert to Discord via hermes CLI...
2026-06-15 22:27:09,870 [INFO] Successfully posted to Discord. Output: sent
No extreme algorithmic traps active this matchday.
=> Action: Wait for next matchday.

2026-06-15 22:28:02,033 [INFO] Already posted to Discord for vf:season:3100840-3
No extreme algorithmic traps active this matchday.
=> Action: Wait for next matchday.

2026-06-15 22:29:01,753 [INFO] Already posted to Discord for vf:season:3100840-3
No extreme algorithmic traps active this matchday.
=> Action: Wait for next matchday.

2026-06-15 22:30:02,075 [INFO] Sending trap alert to Discord via hermes CLI...
2026-06-15 22:30:10,337 [INFO] Successfully posted to Discord. Output: sent
No extreme algorithmic traps active this matchday.
=> Action: Wait for next matchday.

2026-06-15 22:31:01,886 [INFO] Already posted to Discord for vf:season:3100840-4
No extreme algorithmic traps active this matchday.
=> Action: Wait for next matchday.

2026-06-15 22:32:02,519 [INFO] Already posted to Discord for vf:season:3100840-4
No extreme algorithmic traps active this matchday.
=> Action: Wait for next matchday.

2026-06-15 22:33:02,158 [INFO] Already posted to Discord for vf:season:3100840-4
No extreme algorithmic traps active this matchday.
=> Action: Wait for next matchday.

2026-06-15 22:34:02,105 [INFO] Sending trap alert to Discord via hermes CLI...
2026-06-15 22:34:08,660 [INFO] Successfully posted to Discord. Output: sent
No extreme algorithmic traps active this matchday.
=> Action: Wait for next matchday.

2026-06-15 22:35:02,044 [INFO] Already posted to Discord for vf:season:3100840-5
No extreme algorithmic traps active this matchday.
=> Action: Wait for next matchday.

2026-06-15 22:36:01,808 [INFO] Already posted to Discord for vf:season:3100840-5
No extreme algorithmic traps active this matchday.
=> Action: Wait for next matchday.

2026-06-15 22:37:02,123 [INFO] Already posted to Discord for vf:season:3100840-5
No extreme algorithmic traps active this matchday.
=> Action: Wait for next matchday.

2026-06-15 22:38:01,976 [INFO] Sending trap alert to Discord via hermes CLI...
2026-06-15 22:38:07,732 [INFO] Successfully posted to Discord. Output: sent
## 🚨 MASTER LOCKS IDENTIFIED 🚨

**Match:** Tottenham [R11, W1] vs Bournemouth [R16, L5]
**Trap:** 💀 GUARANTEED LOSER (Gravity Well)
**Bet:** **Home Win or Draw (1X)** against Bournemouth [Odds: 1.3 / 5.25]

=> Action: Place these bets immediately.

2026-06-15 22:39:02,660 [INFO] Already posted to Discord for vf:season:3100840-6
## 🚨 MASTER LOCKS IDENTIFIED 🚨

**Match:** Tottenham [R11, W1] vs Bournemouth [R16, L5]
**Trap:** 💀 GUARANTEED LOSER (Gravity Well)
**Bet:** **Home Win or Draw (1X)** against Bournemouth [Odds: 1.3 / 5.25]

=> Action: Place these bets immediately.

2026-06-15 22:40:01,375 [INFO] Already posted to Discord for vf:season:3100840-6
## 🚨 MASTER LOCKS IDENTIFIED 🚨

**Match:** Tottenham [R11, W1] vs Bournemouth [R16, L5]
**Trap:** 💀 GUARANTEED LOSER (Gravity Well)
**Bet:** **Home Win or Draw (1X)** against Bournemouth [Odds: 1.3 / 5.25]

=> Action: Place these bets immediately.

2026-06-15 22:41:02,194 [INFO] Sending trap alert to Discord via hermes CLI...
2026-06-15 22:41:08,291 [INFO] Successfully posted to Discord. Output: sent
## 🚨 MASTER LOCKS IDENTIFIED 🚨

**Match:** Bournemouth [R16, L4] vs Wolverhampton [R13, L3]
**Trap:** 💀 GUARANTEED LOSER (Gravity Well)
**Bet:** **Away Win or Draw (X2)** against Bournemouth [Odds: 2.0 / 4.6]

=> Action: Place these bets immediately.

2026-06-15 22:42:02,036 [INFO] Already posted to Discord for vf:season:3100840-7
## 🚨 MASTER LOCKS IDENTIFIED 🚨

**Match:** Bournemouth [R16, L4] vs Wolverhampton [R13, L3]
**Trap:** 💀 GUARANTEED LOSER (Gravity Well)
**Bet:** **Away Win or Draw (X2)** against Bournemouth [Odds: 2.0 / 4.6]

=> Action: Place these bets immediately.

2026-06-15 22:43:01,380 [INFO] Already posted to Discord for vf:season:3100840-7
## 🚨 MASTER LOCKS IDENTIFIED 🚨

**Match:** Bournemouth [R16, L4] vs Wolverhampton [R13, L3]
**Trap:** 💀 GUARANTEED LOSER (Gravity Well)
**Bet:** **Away Win or Draw (X2)** against Bournemouth [Odds: 2.0 / 4.6]

=> Action: Place these bets immediately.

2026-06-15 22:44:01,874 [INFO] Already posted to Discord for vf:season:3100840-7
## 🚨 MASTER LOCKS IDENTIFIED 🚨

**Match:** Bournemouth [R16, L4] vs Wolverhampton [R13, L3]
**Trap:** 💀 GUARANTEED LOSER (Gravity Well)
**Bet:** **Away Win or Draw (X2)** against Bournemouth [Odds: 2.0 / 4.6]

=> Action: Place these bets immediately.

2026-06-15 22:45:01,607 [INFO] Sending trap alert to Discord via hermes CLI...
2026-06-15 22:45:06,789 [INFO] Successfully posted to Discord. Output: sent
No extreme algorithmic traps active this matchday.
=> Action: Wait for next matchday.

2026-06-15 22:46:02,224 [INFO] Already posted to Discord for vf:season:3100840-8
No extreme algorithmic traps active this matchday.
=> Action: Wait for next matchday.

2026-06-15 22:47:02,580 [INFO] Already posted to Discord for vf:season:3100840-8
No extreme algorithmic traps active this matchday.
=> Action: Wait for next matchday.

2026-06-15 22:48:02,644 [INFO] Already posted to Discord for vf:season:3100840-8
No extreme algorithmic traps active this matchday.
=> Action: Wait for next matchday.

2026-06-15 22:49:02,017 [INFO] Sending trap alert to Discord via hermes CLI...
2026-06-15 22:49:09,699 [INFO] Successfully posted to Discord. Output: sent
No extreme algorithmic traps active this matchday.
=> Action: Wait for next matchday.

2026-06-15 22:50:02,546 [INFO] Already posted to Discord for vf:season:3100840-9
No extreme algorithmic traps active this matchday.
=> Action: Wait for next matchday.

2026-06-15 22:51:02,656 [INFO] Already posted to Discord for vf:season:3100840-9
No extreme algorithmic traps active this matchday.
=> Action: Wait for next matchday.

2026-06-15 22:52:01,933 [INFO] Sending trap alert to Discord via hermes CLI...
2026-06-15 22:52:06,818 [INFO] Successfully posted to Discord. Output: sent
No extreme algorithmic traps active this matchday.
=> Action: Wait for next matchday.

2026-06-15 22:53:02,137 [INFO] Already posted to Discord for vf:season:3100840-10
No extreme algorithmic traps active this matchday.
=> Action: Wait for next matchday.

2026-06-15 22:54:01,908 [INFO] Already posted to Discord for vf:season:3100840-10
No extreme algorithmic traps active this matchday.
=> Action: Wait for next matchday.

2026-06-15 22:55:02,316 [INFO] Already posted to Discord for vf:season:3100840-10
No extreme algorithmic traps active this matchday.
=> Action: Wait for next matchday.

2026-06-15 22:56:02,017 [INFO] Sending trap alert to Discord via hermes CLI...
2026-06-15 22:56:06,627 [INFO] Successfully posted to Discord. Output: sent
No extreme algorithmic traps active this matchday.
=> Action: Wait for next matchday.

2026-06-15 22:57:02,134 [INFO] Already posted to Discord for vf:season:3100840-11
No extreme algorithmic traps active this matchday.
=> Action: Wait for next matchday.

2026-06-15 22:58:02,325 [INFO] Already posted to Discord for vf:season:3100840-11
No extreme algorithmic traps active this matchday.
=> Action: Wait for next matchday.

2026-06-15 22:59:01,997 [INFO] Already posted to Discord for vf:season:3100840-11
No extreme algorithmic traps active this matchday.
=> Action: Wait for next matchday.

2026-06-15 23:00:01,741 [INFO] Sending trap alert to Discord via hermes CLI...
2026-06-15 23:00:35,055 [INFO] Successfully posted to Discord. Output: sent
No extreme algorithmic traps active this matchday.
=> Action: Wait for next matchday.

2026-06-15 23:01:02,729 [INFO] Already posted to Discord for vf:season:3100840-12
No extreme algorithmic traps active this matchday.
=> Action: Wait for next matchday.

2026-06-15 23:02:01,920 [INFO] Already posted to Discord for vf:season:3100840-12
No extreme algorithmic traps active this matchday.
=> Action: Wait for next matchday.

2026-06-15 23:03:06,042 [INFO] Sending trap alert to Discord via hermes CLI...
2026-06-15 23:04:53,402 [INFO] Sending trap alert to Discord via hermes CLI...
2026-06-15 23:05:21,855 [INFO] Sending trap alert to Discord via hermes CLI...
2026-06-15 23:05:31,552 [INFO] Successfully posted to Discord. Output: sent
No extreme algorithmic traps active this matchday.
=> Action: Wait for next matchday.

2026-06-15 23:06:10,362 [INFO] Already posted to Discord for vf:season:3100840-13
No extreme algorithmic traps active this matchday.
=> Action: Wait for next matchday.

2026-06-15 23:07:15,668 [INFO] Successfully posted to Discord. Output: sent
2026-06-15 23:07:15,686 [INFO] Successfully posted to Discord. Output: sent
No extreme algorithmic traps active this matchday.
=> Action: Wait for next matchday.

No extreme algorithmic traps active this matchday.
=> Action: Wait for next matchday.

2026-06-15 23:07:18,576 [INFO] Already posted to Discord for vf:season:3100840-13
No extreme algorithmic traps active this matchday.
=> Action: Wait for next matchday.

2026-06-15 23:08:05,900 [INFO] Already posted to Discord for vf:season:3100840-13
No extreme algorithmic traps active this matchday.
=> Action: Wait for next matchday.

2026-06-15 23:09:10,472 [INFO] Sending trap alert to Discord via hermes CLI...
2026-06-15 23:10:17,018 [INFO] Sending trap alert to Discord via hermes CLI...
2026-06-15 23:11:26,231 [INFO] Successfully posted to Discord. Output: sent
No extreme algorithmic traps active this matchday.
=> Action: Wait for next matchday.

2026-06-15 23:11:30,322 [INFO] Already posted to Discord for vf:season:3100840-14
No extreme algorithmic traps active this matchday.
=> Action: Wait for next matchday.

2026-06-15 23:12:15,877 [INFO] Sending trap alert to Discord via hermes CLI...
2026-06-15 23:12:32,885 [INFO] Successfully posted to Discord. Output: sent
No extreme algorithmic traps active this matchday.
=> Action: Wait for next matchday.

2026-06-15 23:12:48,510 [INFO] Successfully posted to Discord. Output: sent
No extreme algorithmic traps active this matchday.
=> Action: Wait for next matchday.

2026-06-15 23:13:04,195 [INFO] Already posted to Discord for vf:season:3100840-15
No extreme algorithmic traps active this matchday.
=> Action: Wait for next matchday.

2026-06-15 23:14:08,835 [INFO] Sending trap alert to Discord via hermes CLI...
2026-06-15 23:15:19,311 [INFO] Successfully posted to Discord. Output: sent
No extreme algorithmic traps active this matchday.
=> Action: Wait for next matchday.

2026-06-15 23:15:26,832 [INFO] Already posted to Discord for vf:season:3100840-16
No extreme algorithmic traps active this matchday.
=> Action: Wait for next matchday.

2026-06-15 23:16:02,755 [INFO] Already posted to Discord for vf:season:3100840-16
No extreme algorithmic traps active this matchday.
=> Action: Wait for next matchday.

2026-06-15 23:17:02,241 [INFO] Already posted to Discord for vf:season:3100840-16
No extreme algorithmic traps active this matchday.
=> Action: Wait for next matchday.

2026-06-15 23:18:02,541 [INFO] Sending trap alert to Discord via hermes CLI...
2026-06-15 23:18:16,560 [INFO] Successfully posted to Discord. Output: sent
No extreme algorithmic traps active this matchday.
=> Action: Wait for next matchday.

2026-06-15 23:19:02,661 [INFO] Already posted to Discord for vf:season:3100840-17
No extreme algorithmic traps active this matchday.
=> Action: Wait for next matchday.

2026-06-15 23:20:03,208 [INFO] Already posted to Discord for vf:season:3100840-17
No extreme algorithmic traps active this matchday.
=> Action: Wait for next matchday.

2026-06-15 23:21:02,444 [INFO] Already posted to Discord for vf:season:3100840-17
No extreme algorithmic traps active this matchday.
=> Action: Wait for next matchday.

2026-06-15 23:22:02,074 [INFO] Sending trap alert to Discord via hermes CLI...
2026-06-15 23:22:06,737 [INFO] Successfully posted to Discord. Output: sent
## 🚨 MASTER LOCKS IDENTIFIED 🚨

**Match:** Crystal Palace [R15, L4] vs Liverpool [R3, L1]
**Trap:** 💀 GUARANTEED LOSER (Gravity Well)
**Bet:** **Away Win or Draw (X2)** against Crystal Palace [Odds: 1.65 / 3.7]

=> Action: Place these bets immediately.

2026-06-15 23:23:02,169 [INFO] Already posted to Discord for vf:season:3100840-18
## 🚨 MASTER LOCKS IDENTIFIED 🚨

**Match:** Crystal Palace [R15, L4] vs Liverpool [R3, L1]
**Trap:** 💀 GUARANTEED LOSER (Gravity Well)
**Bet:** **Away Win or Draw (X2)** against Crystal Palace [Odds: 1.65 / 3.7]

=> Action: Place these bets immediately.

2026-06-15 23:24:02,990 [INFO] Already posted to Discord for vf:season:3100840-18
## 🚨 MASTER LOCKS IDENTIFIED 🚨

**Match:** Crystal Palace [R15, L4] vs Liverpool [R3, L1]
**Trap:** 💀 GUARANTEED LOSER (Gravity Well)
**Bet:** **Away Win or Draw (X2)** against Crystal Palace [Odds: 1.65 / 3.7]

=> Action: Place these bets immediately.

2026-06-15 23:25:03,739 [INFO] Sending trap alert to Discord via hermes CLI...
2026-06-15 23:25:14,724 [INFO] Successfully posted to Discord. Output: sent
No extreme algorithmic traps active this matchday.
=> Action: Wait for next matchday.

2026-06-15 23:26:02,873 [INFO] Already posted to Discord for vf:season:3100840-19
No extreme algorithmic traps active this matchday.
=> Action: Wait for next matchday.

2026-06-15 23:27:01,991 [INFO] Already posted to Discord for vf:season:3100840-19
No extreme algorithmic traps active this matchday.
=> Action: Wait for next matchday.

2026-06-15 23:28:02,287 [INFO] Already posted to Discord for vf:season:3100840-19
No extreme algorithmic traps active this matchday.
=> Action: Wait for next matchday.

2026-06-15 23:29:02,028 [INFO] Sending trap alert to Discord via hermes CLI...
2026-06-15 23:29:12,506 [INFO] Successfully posted to Discord. Output: sent
No extreme algorithmic traps active this matchday.
=> Action: Wait for next matchday.

2026-06-15 23:30:02,043 [INFO] Already posted to Discord for vf:season:3100840-20
No extreme algorithmic traps active this matchday.
=> Action: Wait for next matchday.

2026-06-15 23:31:01,830 [INFO] Already posted to Discord for vf:season:3100840-20
No extreme algorithmic traps active this matchday.
=> Action: Wait for next matchday.

2026-06-15 23:32:01,665 [INFO] Already posted to Discord for vf:season:3100840-20
No extreme algorithmic traps active this matchday.
=> Action: Wait for next matchday.

2026-06-15 23:33:01,936 [INFO] Sending trap alert to Discord via hermes CLI...
2026-06-15 23:33:10,271 [INFO] Successfully posted to Discord. Output: sent
No extreme algorithmic traps active this matchday.
=> Action: Wait for next matchday.

2026-06-15 23:34:02,264 [INFO] Already posted to Discord for vf:season:3100840-21
No extreme algorithmic traps active this matchday.
=> Action: Wait for next matchday.

2026-06-15 23:35:01,819 [INFO] Already posted to Discord for vf:season:3100840-21
No extreme algorithmic traps active this matchday.
=> Action: Wait for next matchday.

2026-06-15 23:36:02,101 [INFO] Sending trap alert to Discord via hermes CLI...
2026-06-15 23:36:06,723 [INFO] Successfully posted to Discord. Output: sent
No extreme algorithmic traps active this matchday.
=> Action: Wait for next matchday.

2026-06-15 23:37:02,009 [INFO] Already posted to Discord for vf:season:3100840-22
No extreme algorithmic traps active this matchday.
=> Action: Wait for next matchday.

2026-06-15 23:38:01,551 [INFO] Already posted to Discord for vf:season:3100840-22
No extreme algorithmic traps active this matchday.
=> Action: Wait for next matchday.

2026-06-15 23:39:02,782 [INFO] Already posted to Discord for vf:season:3100840-22
No extreme algorithmic traps active this matchday.
=> Action: Wait for next matchday.

2026-06-15 23:40:02,563 [INFO] Sending trap alert to Discord via hermes CLI...
2026-06-15 23:40:06,297 [INFO] Successfully posted to Discord. Output: sent
No extreme algorithmic traps active this matchday.
=> Action: Wait for next matchday.

2026-06-15 23:41:01,781 [INFO] Already posted to Discord for vf:season:3100840-23
No extreme algorithmic traps active this matchday.
=> Action: Wait for next matchday.

2026-06-15 23:42:03,759 [INFO] Already posted to Discord for vf:season:3100840-23
No extreme algorithmic traps active this matchday.
=> Action: Wait for next matchday.

2026-06-15 23:43:01,606 [INFO] Already posted to Discord for vf:season:3100840-23
No extreme algorithmic traps active this matchday.
=> Action: Wait for next matchday.

2026-06-15 23:44:02,288 [INFO] Sending trap alert to Discord via hermes CLI...
2026-06-15 23:44:06,255 [INFO] Successfully posted to Discord. Output: sent
No extreme algorithmic traps active this matchday.
=> Action: Wait for next matchday.

2026-06-15 23:45:02,433 [INFO] Already posted to Discord for vf:season:3100840-24
No extreme algorithmic traps active this matchday.
=> Action: Wait for next matchday.

2026-06-15 23:46:02,989 [INFO] Already posted to Discord for vf:season:3100840-24
No extreme algorithmic traps active this matchday.
=> Action: Wait for next matchday.

2026-06-15 23:47:01,885 [INFO] Sending trap alert to Discord via hermes CLI...
2026-06-15 23:47:06,200 [INFO] Successfully posted to Discord. Output: sent
No extreme algorithmic traps active this matchday.
=> Action: Wait for next matchday.

2026-06-15 23:48:01,992 [INFO] Already posted to Discord for vf:season:3100840-25
No extreme algorithmic traps active this matchday.
=> Action: Wait for next matchday.

2026-06-15 23:49:01,693 [INFO] Already posted to Discord for vf:season:3100840-25
No extreme algorithmic traps active this matchday.
=> Action: Wait for next matchday.

2026-06-15 23:50:02,520 [INFO] Already posted to Discord for vf:season:3100840-25
No extreme algorithmic traps active this matchday.
=> Action: Wait for next matchday.

2026-06-15 23:51:02,757 [INFO] Sending trap alert to Discord via hermes CLI...
2026-06-15 23:51:10,296 [INFO] Successfully posted to Discord. Output: sent
No extreme algorithmic traps active this matchday.
=> Action: Wait for next matchday.

2026-06-15 23:52:02,571 [INFO] Already posted to Discord for vf:season:3100840-26
No extreme algorithmic traps active this matchday.
=> Action: Wait for next matchday.

2026-06-15 23:53:02,202 [INFO] Already posted to Discord for vf:season:3100840-26
No extreme algorithmic traps active this matchday.
=> Action: Wait for next matchday.

2026-06-15 23:54:02,438 [INFO] Already posted to Discord for vf:season:3100840-26
No extreme algorithmic traps active this matchday.
=> Action: Wait for next matchday.

2026-06-15 23:55:01,811 [INFO] Sending trap alert to Discord via hermes CLI...
2026-06-15 23:55:09,013 [INFO] Successfully posted to Discord. Output: sent
No extreme algorithmic traps active this matchday.
=> Action: Wait for next matchday.

2026-06-15 23:56:01,478 [INFO] Already posted to Discord for vf:season:3100840-27
No extreme algorithmic traps active this matchday.
=> Action: Wait for next matchday.

2026-06-15 23:57:01,617 [INFO] Already posted to Discord for vf:season:3100840-27
No extreme algorithmic traps active this matchday.
=> Action: Wait for next matchday.

2026-06-15 23:58:01,417 [INFO] Sending trap alert to Discord via hermes CLI...
2026-06-15 23:58:05,366 [INFO] Successfully posted to Discord. Output: sent
No extreme algorithmic traps active this matchday.
=> Action: Wait for next matchday.

2026-06-15 23:59:01,925 [INFO] Already posted to Discord for vf:season:3100840-28
No extreme algorithmic traps active this matchday.
=> Action: Wait for next matchday.

2026-06-16 00:00:01,968 [INFO] Already posted to Discord for vf:season:3100840-28
No extreme algorithmic traps active this matchday.
=> Action: Wait for next matchday.

2026-06-16 00:01:01,910 [INFO] Already posted to Discord for vf:season:3100840-28
No extreme algorithmic traps active this matchday.
=> Action: Wait for next matchday.

2026-06-16 00:02:02,054 [INFO] Sending trap alert to Discord via hermes CLI...
2026-06-16 00:02:06,907 [INFO] Successfully posted to Discord. Output: sent
No extreme algorithmic traps active this matchday.
=> Action: Wait for next matchday.

2026-06-16 00:03:02,633 [INFO] Already posted to Discord for vf:season:3100840-29
No extreme algorithmic traps active this matchday.
=> Action: Wait for next matchday.

2026-06-16 00:04:01,750 [INFO] Already posted to Discord for vf:season:3100840-29
No extreme algorithmic traps active this matchday.
=> Action: Wait for next matchday.

2026-06-16 00:05:01,965 [INFO] Already posted to Discord for vf:season:3100840-29
No extreme algorithmic traps active this matchday.
=> Action: Wait for next matchday.

2026-06-16 00:06:01,950 [INFO] Sending trap alert to Discord via hermes CLI...
2026-06-16 00:06:09,736 [INFO] Successfully posted to Discord. Output: sent
No extreme algorithmic traps active this matchday.
=> Action: Wait for next matchday.

2026-06-16 00:07:05,344 [INFO] Already posted to Discord for vf:season:3100840-30
No extreme algorithmic traps active this matchday.
=> Action: Wait for next matchday.

2026-06-16 00:08:02,177 [INFO] Already posted to Discord for vf:season:3100840-30
No extreme algorithmic traps active this matchday.
=> Action: Wait for next matchday.

2026-06-16 00:09:02,054 [INFO] Sending trap alert to Discord via hermes CLI...
2026-06-16 00:09:10,719 [INFO] Successfully posted to Discord. Output: sent
No extreme algorithmic traps active this matchday.
=> Action: Wait for next matchday.

2026-06-16 00:10:02,906 [INFO] Already posted to Discord for vf:season:3100840-0
No extreme algorithmic traps active this matchday.
=> Action: Wait for next matchday.

2026-06-16 00:11:02,553 [INFO] Sending trap alert to Discord via hermes CLI...
2026-06-16 00:11:14,317 [INFO] Successfully posted to Discord. Output: sent
No extreme algorithmic traps active this matchday.
=> Action: Wait for next matchday.

2026-06-16 00:12:04,583 [INFO] Sending trap alert to Discord via hermes CLI...
2026-06-16 00:12:11,907 [INFO] Successfully posted to Discord. Output: sent
No extreme algorithmic traps active this matchday.
=> Action: Wait for next matchday.

2026-06-16 00:13:01,775 [INFO] Already posted to Discord for vf:season:3100866-1
No extreme algorithmic traps active this matchday.
=> Action: Wait for next matchday.

2026-06-16 00:14:03,241 [INFO] Already posted to Discord for vf:season:3100866-1
No extreme algorithmic traps active this matchday.
=> Action: Wait for next matchday.

2026-06-16 00:15:01,981 [INFO] Sending trap alert to Discord via hermes CLI...
2026-06-16 00:15:07,216 [INFO] Successfully posted to Discord. Output: sent
No extreme algorithmic traps active this matchday.
=> Action: Wait for next matchday.

2026-06-16 00:16:02,604 [INFO] Already posted to Discord for vf:season:3100866-2
No extreme algorithmic traps active this matchday.
=> Action: Wait for next matchday.

2026-06-16 00:17:03,096 [INFO] Already posted to Discord for vf:season:3100866-2
No extreme algorithmic traps active this matchday.
=> Action: Wait for next matchday.

2026-06-16 00:18:03,810 [INFO] Already posted to Discord for vf:season:3100866-2
No extreme algorithmic traps active this matchday.
=> Action: Wait for next matchday.

2026-06-16 00:19:03,339 [INFO] Sending trap alert to Discord via hermes CLI...
2026-06-16 00:19:10,446 [INFO] Successfully posted to Discord. Output: sent
No extreme algorithmic traps active this matchday.
=> Action: Wait for next matchday.

2026-06-16 00:20:01,766 [INFO] Already posted to Discord for vf:season:3100866-3
No extreme algorithmic traps active this matchday.
=> Action: Wait for next matchday.

2026-06-16 00:21:01,630 [INFO] Already posted to Discord for vf:season:3100866-3
No extreme algorithmic traps active this matchday.
=> Action: Wait for next matchday.

2026-06-16 00:22:02,064 [INFO] Sending trap alert to Discord via hermes CLI...
2026-06-16 00:22:07,406 [INFO] Successfully posted to Discord. Output: sent
No extreme algorithmic traps active this matchday.
=> Action: Wait for next matchday.

2026-06-16 00:23:02,466 [INFO] Already posted to Discord for vf:season:3100866-4
No extreme algorithmic traps active this matchday.
=> Action: Wait for next matchday.

2026-06-16 00:24:02,871 [INFO] Already posted to Discord for vf:season:3100866-4
No extreme algorithmic traps active this matchday.
=> Action: Wait for next matchday.

2026-06-16 00:25:01,831 [INFO] Already posted to Discord for vf:season:3100866-4
No extreme algorithmic traps active this matchday.
=> Action: Wait for next matchday.

2026-06-16 00:26:02,563 [INFO] Sending trap alert to Discord via hermes CLI...
2026-06-16 00:26:16,223 [INFO] Successfully posted to Discord. Output: sent
## 🚨 MASTER LOCKS IDENTIFIED 🚨

**Match:** Chelsea [R10, W2] vs Bournemouth [R13, L4]
**Trap:** 💀 GUARANTEED LOSER (Gravity Well)
**Bet:** **Home Win or Draw (1X)** against Bournemouth [Odds: 1.25 / 6.25]

**Match:** Wolverhampton [R16, L5] vs Aston Villa [R5, W1]
**Trap:** 💀 GUARANTEED LOSER (Gravity Well)
**Bet:** **Away Win or Draw (X2)** against Wolverhampton [Odds: 2.05 / 3.55]

=> Action: Place these bets immediately.

2026-06-16 00:27:03,200 [INFO] Already posted to Discord for vf:season:3100866-5
## 🚨 MASTER LOCKS IDENTIFIED 🚨

**Match:** Chelsea [R10, W2] vs Bournemouth [R13, L4]
**Trap:** 💀 GUARANTEED LOSER (Gravity Well)
**Bet:** **Home Win or Draw (1X)** against Bournemouth [Odds: 1.25 / 6.25]

**Match:** Wolverhampton [R16, L5] vs Aston Villa [R5, W1]
**Trap:** 💀 GUARANTEED LOSER (Gravity Well)
**Bet:** **Away Win or Draw (X2)** against Wolverhampton [Odds: 2.05 / 3.55]

=> Action: Place these bets immediately.

2026-06-16 00:28:01,728 [INFO] Already posted to Discord for vf:season:3100866-5
## 🚨 MASTER LOCKS IDENTIFIED 🚨

**Match:** Chelsea [R10, W2] vs Bournemouth [R13, L4]
**Trap:** 💀 GUARANTEED LOSER (Gravity Well)
**Bet:** **Home Win or Draw (1X)** against Bournemouth [Odds: 1.25 / 6.25]

**Match:** Wolverhampton [R16, L5] vs Aston Villa [R5, W1]
**Trap:** 💀 GUARANTEED LOSER (Gravity Well)
**Bet:** **Away Win or Draw (X2)** against Wolverhampton [Odds: 2.05 / 3.55]

=> Action: Place these bets immediately.

2026-06-16 00:29:02,060 [INFO] Already posted to Discord for vf:season:3100866-5
## 🚨 MASTER LOCKS IDENTIFIED 🚨

**Match:** Chelsea [R10, W2] vs Bournemouth [R13, L4]
**Trap:** 💀 GUARANTEED LOSER (Gravity Well)
**Bet:** **Home Win or Draw (1X)** against Bournemouth [Odds: 1.25 / 6.25]

**Match:** Wolverhampton [R16, L5] vs Aston Villa [R5, W1]
**Trap:** 💀 GUARANTEED LOSER (Gravity Well)
**Bet:** **Away Win or Draw (X2)** against Wolverhampton [Odds: 2.05 / 3.55]

=> Action: Place these bets immediately.

2026-06-16 00:30:04,228 [INFO] Sending trap alert to Discord via hermes CLI...
2026-06-16 00:30:10,662 [INFO] Successfully posted to Discord. Output: sent
No extreme algorithmic traps active this matchday.
=> Action: Wait for next matchday.

2026-06-16 00:31:02,347 [INFO] Already posted to Discord for vf:season:3100866-6
No extreme algorithmic traps active this matchday.
=> Action: Wait for next matchday.

2026-06-16 00:32:02,090 [INFO] Already posted to Discord for vf:season:3100866-6
No extreme algorithmic traps active this matchday.
=> Action: Wait for next matchday.

2026-06-16 00:33:01,701 [INFO] Sending trap alert to Discord via hermes CLI...
2026-06-16 00:33:06,154 [INFO] Successfully posted to Discord. Output: sent
No extreme algorithmic traps active this matchday.
=> Action: Wait for next matchday.

2026-06-16 00:34:01,552 [INFO] Already posted to Discord for vf:season:3100866-7
No extreme algorithmic traps active this matchday.
=> Action: Wait for next matchday.

2026-06-16 00:35:01,944 [INFO] Already posted to Discord for vf:season:3100866-7
No extreme algorithmic traps active this matchday.
=> Action: Wait for next matchday.

2026-06-16 00:36:01,903 [INFO] Already posted to Discord for vf:season:3100866-7
No extreme algorithmic traps active this matchday.
=> Action: Wait for next matchday.

2026-06-16 00:37:01,779 [INFO] Sending trap alert to Discord via hermes CLI...
2026-06-16 00:37:05,104 [INFO] Successfully posted to Discord. Output: sent
No extreme algorithmic traps active this matchday.
=> Action: Wait for next matchday.

2026-06-16 00:38:01,595 [INFO] Already posted to Discord for vf:season:3100866-8
No extreme algorithmic traps active this matchday.
=> Action: Wait for next matchday.

2026-06-16 00:39:02,136 [INFO] Already posted to Discord for vf:season:3100866-8
No extreme algorithmic traps active this matchday.
=> Action: Wait for next matchday.

2026-06-16 00:40:01,791 [INFO] Already posted to Discord for vf:season:3100866-8
No extreme algorithmic traps active this matchday.
=> Action: Wait for next matchday.

2026-06-16 00:41:01,834 [INFO] Sending trap alert to Discord via hermes CLI...
2026-06-16 00:41:05,533 [INFO] Successfully posted to Discord. Output: sent
## 🚨 MASTER LOCKS IDENTIFIED 🚨

**Match:** Newcastle [R14, L4] vs Aston Villa [R5, W1]
**Trap:** 💀 GUARANTEED LOSER (Gravity Well)
**Bet:** **Away Win or Draw (X2)** against Newcastle [Odds: 1.9 / 3.15]

=> Action: Place these bets immediately.

2026-06-16 00:42:01,795 [INFO] Already posted to Discord for vf:season:3100866-9
## 🚨 MASTER LOCKS IDENTIFIED 🚨

**Match:** Newcastle [R14, L4] vs Aston Villa [R5, W1]
**Trap:** 💀 GUARANTEED LOSER (Gravity Well)
**Bet:** **Away Win or Draw (X2)** against Newcastle [Odds: 1.9 / 3.15]

=> Action: Place these bets immediately.

2026-06-16 00:43:01,750 [INFO] Already posted to Discord for vf:season:3100866-9
## 🚨 MASTER LOCKS IDENTIFIED 🚨

**Match:** Newcastle [R14, L4] vs Aston Villa [R5, W1]
**Trap:** 💀 GUARANTEED LOSER (Gravity Well)
**Bet:** **Away Win or Draw (X2)** against Newcastle [Odds: 1.9 / 3.15]

=> Action: Place these bets immediately.

2026-06-16 00:44:02,155 [INFO] Sending trap alert to Discord via hermes CLI...
2026-06-16 00:44:05,957 [INFO] Successfully posted to Discord. Output: sent
## 🚨 MASTER LOCKS IDENTIFIED 🚨

**Match:** Bournemouth [R16, L5] vs Manchester Red [R9, D1]
**Trap:** 💀 GUARANTEED LOSER (Gravity Well)
**Bet:** **Away Win or Draw (X2)** against Bournemouth [Odds: 1.55 / 3.55]

=> Action: Place these bets immediately.

2026-06-16 00:45:02,453 [INFO] Already posted to Discord for vf:season:3100866-10
## 🚨 MASTER LOCKS IDENTIFIED 🚨

**Match:** Bournemouth [R16, L5] vs Manchester Red [R9, D1]
**Trap:** 💀 GUARANTEED LOSER (Gravity Well)
**Bet:** **Away Win or Draw (X2)** against Bournemouth [Odds: 1.55 / 3.55]

=> Action: Place these bets immediately.

2026-06-16 00:46:02,717 [INFO] Already posted to Discord for vf:season:3100866-10
## 🚨 MASTER LOCKS IDENTIFIED 🚨

**Match:** Bournemouth [R16, L5] vs Manchester Red [R9, D1]
**Trap:** 💀 GUARANTEED LOSER (Gravity Well)
**Bet:** **Away Win or Draw (X2)** against Bournemouth [Odds: 1.55 / 3.55]

=> Action: Place these bets immediately.

2026-06-16 00:47:02,462 [INFO] Already posted to Discord for vf:season:3100866-10
## 🚨 MASTER LOCKS IDENTIFIED 🚨

**Match:** Bournemouth [R16, L5] vs Manchester Red [R9, D1]
**Trap:** 💀 GUARANTEED LOSER (Gravity Well)
**Bet:** **Away Win or Draw (X2)** against Bournemouth [Odds: 1.55 / 3.55]

=> Action: Place these bets immediately.

2026-06-16 00:48:01,845 [INFO] Sending trap alert to Discord via hermes CLI...
2026-06-16 00:48:07,077 [INFO] Successfully posted to Discord. Output: sent
## 🚨 MASTER LOCKS IDENTIFIED 🚨

**Match:** Newcastle [R14, L2] vs Bournemouth [R15, L4]
**Trap:** 💀 GUARANTEED LOSER (Gravity Well)
**Bet:** **Home Win or Draw (1X)** against Bournemouth [Odds: 1.9 / 3.4]

=> Action: Place these bets immediately.

2026-06-16 00:49:01,636 [INFO] Already posted to Discord for vf:season:3100866-11
## 🚨 MASTER LOCKS IDENTIFIED 🚨

**Match:** Newcastle [R14, L2] vs Bournemouth [R15, L4]
**Trap:** 💀 GUARANTEED LOSER (Gravity Well)
**Bet:** **Home Win or Draw (1X)** against Bournemouth [Odds: 1.9 / 3.4]

=> Action: Place these bets immediately.

2026-06-16 00:50:02,088 [INFO] Already posted to Discord for vf:season:3100866-11
## 🚨 MASTER LOCKS IDENTIFIED 🚨

**Match:** Newcastle [R14, L2] vs Bournemouth [R15, L4]
**Trap:** 💀 GUARANTEED LOSER (Gravity Well)
**Bet:** **Home Win or Draw (1X)** against Bournemouth [Odds: 1.9 / 3.4]

=> Action: Place these bets immediately.

2026-06-16 00:51:02,151 [INFO] Already posted to Discord for vf:season:3100866-11
## 🚨 MASTER LOCKS IDENTIFIED 🚨

**Match:** Newcastle [R14, L2] vs Bournemouth [R15, L4]
**Trap:** 💀 GUARANTEED LOSER (Gravity Well)
**Bet:** **Home Win or Draw (1X)** against Bournemouth [Odds: 1.9 / 3.4]

=> Action: Place these bets immediately.

2026-06-16 00:52:03,089 [INFO] Sending trap alert to Discord via hermes CLI...
2026-06-16 00:52:08,797 [INFO] Successfully posted to Discord. Output: sent
## 🚨 MASTER LOCKS IDENTIFIED 🚨

**Match:** Bournemouth [R16, L3] vs Tottenham [R1, W5]
**Trap:** 🔥 THE ABSOLUTE CRUSHER
**Bet:** **Away Win (2) + U3.5** [Odds: 1.7 / 1.25]

=> Action: Place these bets immediately.

2026-06-16 00:53:02,221 [INFO] Already posted to Discord for vf:season:3100866-12
## 🚨 MASTER LOCKS IDENTIFIED 🚨

**Match:** Bournemouth [R16, L3] vs Tottenham [R1, W5]
**Trap:** 🔥 THE ABSOLUTE CRUSHER
**Bet:** **Away Win (2) + U3.5** [Odds: 1.7 / 1.25]

=> Action: Place these bets immediately.

2026-06-16 00:54:01,643 [INFO] Already posted to Discord for vf:season:3100866-12
## 🚨 MASTER LOCKS IDENTIFIED 🚨

**Match:** Bournemouth [R16, L3] vs Tottenham [R1, W5]
**Trap:** 🔥 THE ABSOLUTE CRUSHER
**Bet:** **Away Win (2) + U3.5** [Odds: 1.7 / 1.25]

=> Action: Place these bets immediately.

2026-06-16 00:55:02,243 [INFO] Sending trap alert to Discord via hermes CLI...
2026-06-16 00:55:05,642 [INFO] Successfully posted to Discord. Output: sent
No extreme algorithmic traps active this matchday.
=> Action: Wait for next matchday.

2026-06-16 00:56:02,212 [INFO] Already posted to Discord for vf:season:3100866-13
No extreme algorithmic traps active this matchday.
=> Action: Wait for next matchday.

2026-06-16 00:57:01,470 [INFO] Already posted to Discord for vf:season:3100866-13
No extreme algorithmic traps active this matchday.
=> Action: Wait for next matchday.

2026-06-16 00:58:02,663 [INFO] Already posted to Discord for vf:season:3100866-13
No extreme algorithmic traps active this matchday.
=> Action: Wait for next matchday.

2026-06-16 00:59:01,469 [INFO] Sending trap alert to Discord via hermes CLI...
2026-06-16 00:59:07,405 [INFO] Successfully posted to Discord. Output: sent
No extreme algorithmic traps active this matchday.
=> Action: Wait for next matchday.

2026-06-16 01:00:01,797 [INFO] Already posted to Discord for vf:season:3100866-14
No extreme algorithmic traps active this matchday.
=> Action: Wait for next matchday.

2026-06-16 01:01:02,747 [INFO] Already posted to Discord for vf:season:3100866-14
No extreme algorithmic traps active this matchday.
=> Action: Wait for next matchday.

2026-06-16 01:02:01,806 [INFO] Already posted to Discord for vf:season:3100866-14
No extreme algorithmic traps active this matchday.
=> Action: Wait for next matchday.

2026-06-16 01:03:02,300 [INFO] Sending trap alert to Discord via hermes CLI...
2026-06-16 01:03:11,689 [INFO] Successfully posted to Discord. Output: sent
No extreme algorithmic traps active this matchday.
=> Action: Wait for next matchday.

2026-06-16 01:04:01,733 [INFO] Already posted to Discord for vf:season:3100866-15
No extreme algorithmic traps active this matchday.
=> Action: Wait for next matchday.

2026-06-16 01:05:01,560 [INFO] Already posted to Discord for vf:season:3100866-15
No extreme algorithmic traps active this matchday.
=> Action: Wait for next matchday.

2026-06-16 01:06:02,215 [INFO] Sending trap alert to Discord via hermes CLI...
2026-06-16 01:06:09,889 [INFO] Successfully posted to Discord. Output: sent
## 🚨 MASTER LOCKS IDENTIFIED 🚨

**Match:** Brighton [R10, W1] vs Wolverhampton [R15, L5]
**Trap:** 💀 GUARANTEED LOSER (Gravity Well)
**Bet:** **Home Win or Draw (1X)** against Wolverhampton [Odds: 1.9 / 3.7]

=> Action: Place these bets immediately.

2026-06-16 01:07:02,062 [INFO] Already posted to Discord for vf:season:3100866-16
## 🚨 MASTER LOCKS IDENTIFIED 🚨

**Match:** Brighton [R10, W1] vs Wolverhampton [R15, L5]
**Trap:** 💀 GUARANTEED LOSER (Gravity Well)
**Bet:** **Home Win or Draw (1X)** against Wolverhampton [Odds: 1.9 / 3.7]

=> Action: Place these bets immediately.

2026-06-16 01:08:01,795 [INFO] Already posted to Discord for vf:season:3100866-16
## 🚨 MASTER LOCKS IDENTIFIED 🚨

**Match:** Brighton [R10, W1] vs Wolverhampton [R15, L5]
**Trap:** 💀 GUARANTEED LOSER (Gravity Well)
**Bet:** **Home Win or Draw (1X)** against Wolverhampton [Odds: 1.9 / 3.7]

=> Action: Place these bets immediately.

2026-06-16 01:09:01,928 [INFO] Already posted to Discord for vf:season:3100866-16
## 🚨 MASTER LOCKS IDENTIFIED 🚨

**Match:** Brighton [R10, W1] vs Wolverhampton [R15, L5]
**Trap:** 💀 GUARANTEED LOSER (Gravity Well)
**Bet:** **Home Win or Draw (1X)** against Wolverhampton [Odds: 1.9 / 3.7]

=> Action: Place these bets immediately.

2026-06-16 01:10:02,109 [INFO] Sending trap alert to Discord via hermes CLI...
2026-06-16 01:10:07,886 [INFO] Successfully posted to Discord. Output: sent
## 🚨 MASTER LOCKS IDENTIFIED 🚨

**Match:** Wolverhampton [R13, L4] vs Liverpool [R2, L1]
**Trap:** 💀 GUARANTEED LOSER (Gravity Well)
**Bet:** **Away Win or Draw (X2)** against Wolverhampton [Odds: 1.75 / 4.05]

=> Action: Place these bets immediately.

2026-06-16 01:11:01,526 [INFO] Already posted to Discord for vf:season:3100866-17
## 🚨 MASTER LOCKS IDENTIFIED 🚨

**Match:** Wolverhampton [R13, L4] vs Liverpool [R2, L1]
**Trap:** 💀 GUARANTEED LOSER (Gravity Well)
**Bet:** **Away Win or Draw (X2)** against Wolverhampton [Odds: 1.75 / 4.05]

=> Action: Place these bets immediately.

2026-06-16 01:12:02,790 [INFO] Already posted to Discord for vf:season:3100866-17
## 🚨 MASTER LOCKS IDENTIFIED 🚨

**Match:** Wolverhampton [R13, L4] vs Liverpool [R2, L1]
**Trap:** 💀 GUARANTEED LOSER (Gravity Well)
**Bet:** **Away Win or Draw (X2)** against Wolverhampton [Odds: 1.75 / 4.05]

=> Action: Place these bets immediately.

2026-06-16 01:13:02,335 [INFO] Already posted to Discord for vf:season:3100866-17
## 🚨 MASTER LOCKS IDENTIFIED 🚨

**Match:** Wolverhampton [R13, L4] vs Liverpool [R2, L1]
**Trap:** 💀 GUARANTEED LOSER (Gravity Well)
**Bet:** **Away Win or Draw (X2)** against Wolverhampton [Odds: 1.75 / 4.05]

=> Action: Place these bets immediately.

2026-06-16 01:14:01,699 [INFO] Sending trap alert to Discord via hermes CLI...
2026-06-16 01:14:07,474 [ERROR] Error posting to Discord via hermes (exit 1): hermes send: Discord forum thread creation error (503): upstream connect error or disconnect/reset before headers. reset reason: remote connection failure, transport failure reason: immediate connect error: No such file or directory
No extreme algorithmic traps active this matchday.
=> Action: Wait for next matchday.

2026-06-16 01:15:01,972 [INFO] Already posted to Discord for vf:season:3100866-18
No extreme algorithmic traps active this matchday.
=> Action: Wait for next matchday.

2026-06-16 01:16:01,826 [INFO] Already posted to Discord for vf:season:3100866-18
No extreme algorithmic traps active this matchday.
=> Action: Wait for next matchday.

2026-06-16 01:17:03,207 [INFO] Sending trap alert to Discord via hermes CLI...
2026-06-16 01:17:16,480 [INFO] Successfully posted to Discord. Output: sent
No extreme algorithmic traps active this matchday.
=> Action: Wait for next matchday.

2026-06-16 01:18:02,543 [INFO] Already posted to Discord for vf:season:3100866-19
No extreme algorithmic traps active this matchday.
=> Action: Wait for next matchday.

2026-06-16 01:19:01,826 [INFO] Already posted to Discord for vf:season:3100866-19
No extreme algorithmic traps active this matchday.
=> Action: Wait for next matchday.

2026-06-16 01:20:01,901 [INFO] Already posted to Discord for vf:season:3100866-19
No extreme algorithmic traps active this matchday.
=> Action: Wait for next matchday.

2026-06-16 01:21:02,128 [INFO] Sending trap alert to Discord via hermes CLI...
2026-06-16 01:21:14,187 [INFO] Successfully posted to Discord. Output: sent
## 🚨 MASTER LOCKS IDENTIFIED 🚨

**Match:** Brighton [R11, L2] vs Newcastle [R16, L5]
**Trap:** 💀 GUARANTEED LOSER (Gravity Well)
**Bet:** **Home Win or Draw (1X)** against Newcastle [Odds: 1.85 / 3.4]

=> Action: Place these bets immediately.

2026-06-16 01:22:01,953 [INFO] Already posted to Discord for vf:season:3100866-20
## 🚨 MASTER LOCKS IDENTIFIED 🚨

**Match:** Brighton [R11, L2] vs Newcastle [R16, L5]
**Trap:** 💀 GUARANTEED LOSER (Gravity Well)
**Bet:** **Home Win or Draw (1X)** against Newcastle [Odds: 1.85 / 3.4]

=> Action: Place these bets immediately.

2026-06-16 01:23:02,183 [INFO] Already posted to Discord for vf:season:3100866-20
## 🚨 MASTER LOCKS IDENTIFIED 🚨

**Match:** Brighton [R11, L2] vs Newcastle [R16, L5]
**Trap:** 💀 GUARANTEED LOSER (Gravity Well)
**Bet:** **Home Win or Draw (1X)** against Newcastle [Odds: 1.85 / 3.4]

=> Action: Place these bets immediately.

2026-06-16 01:24:02,211 [INFO] Already posted to Discord for vf:season:3100866-20
## 🚨 MASTER LOCKS IDENTIFIED 🚨

**Match:** Brighton [R11, L2] vs Newcastle [R16, L5]
**Trap:** 💀 GUARANTEED LOSER (Gravity Well)
**Bet:** **Home Win or Draw (1X)** against Newcastle [Odds: 1.85 / 3.4]

=> Action: Place these bets immediately.

2026-06-16 01:25:02,288 [INFO] Sending trap alert to Discord via hermes CLI...
2026-06-16 01:25:15,732 [INFO] Successfully posted to Discord. Output: sent
No extreme algorithmic traps active this matchday.
=> Action: Wait for next matchday.

2026-06-16 01:26:02,551 [INFO] Already posted to Discord for vf:season:3100866-21
No extreme algorithmic traps active this matchday.
=> Action: Wait for next matchday.

2026-06-16 01:27:01,907 [INFO] Already posted to Discord for vf:season:3100866-21
No extreme algorithmic traps active this matchday.
=> Action: Wait for next matchday.

2026-06-16 01:28:02,177 [INFO] Sending trap alert to Discord via hermes CLI...
2026-06-16 01:28:10,934 [INFO] Successfully posted to Discord. Output: sent
No extreme algorithmic traps active this matchday.
=> Action: Wait for next matchday.

2026-06-16 01:29:02,533 [INFO] Already posted to Discord for vf:season:3100866-22
No extreme algorithmic traps active this matchday.
=> Action: Wait for next matchday.

2026-06-16 01:30:02,337 [INFO] Already posted to Discord for vf:season:3100866-22
No extreme algorithmic traps active this matchday.
=> Action: Wait for next matchday.

2026-06-16 01:31:01,730 [INFO] Already posted to Discord for vf:season:3100866-22
No extreme algorithmic traps active this matchday.
=> Action: Wait for next matchday.

2026-06-16 01:32:02,299 [INFO] Sending trap alert to Discord via hermes CLI...
2026-06-16 01:32:08,021 [INFO] Successfully posted to Discord. Output: sent
No extreme algorithmic traps active this matchday.
=> Action: Wait for next matchday.

2026-06-16 01:33:01,915 [INFO] Already posted to Discord for vf:season:3100866-23
No extreme algorithmic traps active this matchday.
=> Action: Wait for next matchday.

2026-06-16 01:34:02,362 [INFO] Already posted to Discord for vf:season:3100866-23
No extreme algorithmic traps active this matchday.
=> Action: Wait for next matchday.

2026-06-16 01:35:02,590 [INFO] Already posted to Discord for vf:season:3100866-23
No extreme algorithmic traps active this matchday.
=> Action: Wait for next matchday.

2026-06-16 01:36:01,412 [INFO] Sending trap alert to Discord via hermes CLI...
2026-06-16 01:36:07,197 [INFO] Successfully posted to Discord. Output: sent
No extreme algorithmic traps active this matchday.
=> Action: Wait for next matchday.

2026-06-16 01:37:01,676 [INFO] Already posted to Discord for vf:season:3100866-24
No extreme algorithmic traps active this matchday.
=> Action: Wait for next matchday.

2026-06-16 01:38:02,229 [INFO] Already posted to Discord for vf:season:3100866-24
No extreme algorithmic traps active this matchday.
=> Action: Wait for next matchday.

2026-06-16 01:39:01,976 [INFO] Sending trap alert to Discord via hermes CLI...
2026-06-16 01:39:13,485 [INFO] Successfully posted to Discord. Output: sent
No extreme algorithmic traps active this matchday.
=> Action: Wait for next matchday.

2026-06-16 01:40:01,726 [INFO] Already posted to Discord for vf:season:3100866-25
No extreme algorithmic traps active this matchday.
=> Action: Wait for next matchday.

2026-06-16 01:41:01,783 [INFO] Already posted to Discord for vf:season:3100866-25
No extreme algorithmic traps active this matchday.
=> Action: Wait for next matchday.

2026-06-16 01:42:02,641 [INFO] Already posted to Discord for vf:season:3100866-25
No extreme algorithmic traps active this matchday.
=> Action: Wait for next matchday.

2026-06-16 01:43:01,756 [INFO] Sending trap alert to Discord via hermes CLI...
2026-06-16 01:43:09,490 [INFO] Successfully posted to Discord. Output: sent
No extreme algorithmic traps active this matchday.
=> Action: Wait for next matchday.

2026-06-16 01:44:01,976 [INFO] Already posted to Discord for vf:season:3100866-26
No extreme algorithmic traps active this matchday.
=> Action: Wait for next matchday.

2026-06-16 01:45:01,614 [INFO] Already posted to Discord for vf:season:3100866-26
No extreme algorithmic traps active this matchday.
=> Action: Wait for next matchday.

2026-06-16 01:46:01,711 [INFO] Already posted to Discord for vf:season:3100866-26
No extreme algorithmic traps active this matchday.
=> Action: Wait for next matchday.

2026-06-16 01:47:01,804 [INFO] Sending trap alert to Discord via hermes CLI...
2026-06-16 01:47:07,647 [INFO] Successfully posted to Discord. Output: sent
No extreme algorithmic traps active this matchday.
=> Action: Wait for next matchday.

2026-06-16 01:48:02,094 [INFO] Already posted to Discord for vf:season:3100866-27
No extreme algorithmic traps active this matchday.
=> Action: Wait for next matchday.

2026-06-16 01:49:01,924 [INFO] Already posted to Discord for vf:season:3100866-27
No extreme algorithmic traps active this matchday.
=> Action: Wait for next matchday.

2026-06-16 01:50:02,788 [INFO] Sending trap alert to Discord via hermes CLI...
2026-06-16 01:50:11,250 [INFO] Successfully posted to Discord. Output: sent
## 🚨 MASTER LOCKS IDENTIFIED 🚨

**Match:** Crystal Palace [R15, L5] vs London Guns [R5, W2]
**Trap:** 💀 GUARANTEED LOSER (Gravity Well)
**Bet:** **Away Win or Draw (X2)** against Crystal Palace [Odds: 1.8 / 4.35]

=> Action: Place these bets immediately.

2026-06-16 01:51:01,712 [INFO] Already posted to Discord for vf:season:3100866-28
## 🚨 MASTER LOCKS IDENTIFIED 🚨

**Match:** Crystal Palace [R15, L5] vs London Guns [R5, W2]
**Trap:** 💀 GUARANTEED LOSER (Gravity Well)
**Bet:** **Away Win or Draw (X2)** against Crystal Palace [Odds: 1.8 / 4.35]

=> Action: Place these bets immediately.

2026-06-16 01:52:01,455 [INFO] Already posted to Discord for vf:season:3100866-28
## 🚨 MASTER LOCKS IDENTIFIED 🚨

**Match:** Crystal Palace [R15, L5] vs London Guns [R5, W2]
**Trap:** 💀 GUARANTEED LOSER (Gravity Well)
**Bet:** **Away Win or Draw (X2)** against Crystal Palace [Odds: 1.8 / 4.35]

=> Action: Place these bets immediately.

2026-06-16 01:53:02,652 [INFO] Already posted to Discord for vf:season:3100866-28
## 🚨 MASTER LOCKS IDENTIFIED 🚨

**Match:** Crystal Palace [R15, L5] vs London Guns [R5, W2]
**Trap:** 💀 GUARANTEED LOSER (Gravity Well)
**Bet:** **Away Win or Draw (X2)** against Crystal Palace [Odds: 1.8 / 4.35]

=> Action: Place these bets immediately.

2026-06-16 01:54:01,980 [INFO] Sending trap alert to Discord via hermes CLI...
2026-06-16 01:54:05,905 [INFO] Successfully posted to Discord. Output: sent
## 🚨 MASTER LOCKS IDENTIFIED 🚨

**Match:** Everton [R7, W1] vs Crystal Palace [R16, L5]
**Trap:** 💀 GUARANTEED LOSER (Gravity Well)
**Bet:** **Home Win or Draw (1X)** against Crystal Palace [Odds: 1.6 / 3.5]

=> Action: Place these bets immediately.

2026-06-16 01:55:02,400 [INFO] Already posted to Discord for vf:season:3100866-29
## 🚨 MASTER LOCKS IDENTIFIED 🚨

**Match:** Everton [R7, W1] vs Crystal Palace [R16, L5]
**Trap:** 💀 GUARANTEED LOSER (Gravity Well)
**Bet:** **Home Win or Draw (1X)** against Crystal Palace [Odds: 1.6 / 3.5]

=> Action: Place these bets immediately.

2026-06-16 01:56:02,135 [INFO] Already posted to Discord for vf:season:3100866-29
## 🚨 MASTER LOCKS IDENTIFIED 🚨

**Match:** Everton [R7, W1] vs Crystal Palace [R16, L5]
**Trap:** 💀 GUARANTEED LOSER (Gravity Well)
**Bet:** **Home Win or Draw (1X)** against Crystal Palace [Odds: 1.6 / 3.5]

=> Action: Place these bets immediately.

2026-06-16 01:57:02,728 [INFO] Already posted to Discord for vf:season:3100866-29
## 🚨 MASTER LOCKS IDENTIFIED 🚨

**Match:** Everton [R7, W1] vs Crystal Palace [R16, L5]
**Trap:** 💀 GUARANTEED LOSER (Gravity Well)
**Bet:** **Home Win or Draw (1X)** against Crystal Palace [Odds: 1.6 / 3.5]

=> Action: Place these bets immediately.

2026-06-16 01:58:01,509 [INFO] Sending trap alert to Discord via hermes CLI...
2026-06-16 01:58:05,396 [INFO] Successfully posted to Discord. Output: sent
## 🚨 MASTER LOCKS IDENTIFIED 🚨

**Match:** Crystal Palace [R15, L4] vs Aston Villa [R7, W1]
**Trap:** 💀 GUARANTEED LOSER (Gravity Well)
**Bet:** **Away Win or Draw (X2)** against Crystal Palace [Odds: 1.75 / 3.65]

=> Action: Place these bets immediately.

2026-06-16 01:59:02,032 [INFO] Already posted to Discord for vf:season:3100866-30
## 🚨 MASTER LOCKS IDENTIFIED 🚨

**Match:** Crystal Palace [R15, L4] vs Aston Villa [R7, W1]
**Trap:** 💀 GUARANTEED LOSER (Gravity Well)
**Bet:** **Away Win or Draw (X2)** against Crystal Palace [Odds: 1.75 / 3.65]

=> Action: Place these bets immediately.

2026-06-16 02:00:01,680 [INFO] Already posted to Discord for vf:season:3100866-30
## 🚨 MASTER LOCKS IDENTIFIED 🚨

**Match:** Crystal Palace [R15, L4] vs Aston Villa [R7, W1]
**Trap:** 💀 GUARANTEED LOSER (Gravity Well)
**Bet:** **Away Win or Draw (X2)** against Crystal Palace [Odds: 1.75 / 3.65]

=> Action: Place these bets immediately.

2026-06-16 02:01:02,757 [INFO] Sending trap alert to Discord via hermes CLI...
2026-06-16 02:01:14,738 [INFO] Successfully posted to Discord. Output: sent
## 🚨 MASTER LOCKS IDENTIFIED 🚨

**Match:** Crystal Palace [R15, L4] vs London Guns [R5, L2]
**Trap:** 💀 GUARANTEED LOSER (Gravity Well)
**Bet:** **Away Win or Draw (X2)** against Crystal Palace [Odds: 1.8 / 4.3]

=> Action: Place these bets immediately.

2026-06-16 02:02:02,790 [INFO] Sending trap alert to Discord via hermes CLI...
2026-06-16 02:02:10,908 [INFO] Successfully posted to Discord. Output: sent
## 🚨 MASTER LOCKS IDENTIFIED 🚨

**Match:** Crystal Palace [R15, L4] vs London Guns [R5, L2]
**Trap:** 💀 GUARANTEED LOSER (Gravity Well)
**Bet:** **Away Win or Draw (X2)** against Crystal Palace [Odds: 1.8 / 4.3]

=> Action: Place these bets immediately.

2026-06-16 02:03:02,960 [INFO] Already posted to Discord for vf:season:3100896-0
## 🚨 MASTER LOCKS IDENTIFIED 🚨

**Match:** Crystal Palace [R15, L4] vs London Guns [R5, L2]
**Trap:** 💀 GUARANTEED LOSER (Gravity Well)
**Bet:** **Away Win or Draw (X2)** against Crystal Palace [Odds: 1.8 / 4.3]

=> Action: Place these bets immediately.

2026-06-16 02:04:02,160 [INFO] Sending trap alert to Discord via hermes CLI...
2026-06-16 02:04:11,599 [INFO] Successfully posted to Discord. Output: sent
## 🚨 MASTER LOCKS IDENTIFIED 🚨

**Match:** Manchester Blue [R6, W1] vs Crystal Palace [R15, L4]
**Trap:** 💀 GUARANTEED LOSER (Gravity Well)
**Bet:** **Home Win or Draw (1X)** against Crystal Palace [Odds: 1.22 / 6.25]

=> Action: Place these bets immediately.

2026-06-16 02:05:01,920 [INFO] Already posted to Discord for vf:season:3100896-1
## 🚨 MASTER LOCKS IDENTIFIED 🚨

**Match:** Manchester Blue [R6, W1] vs Crystal Palace [R15, L4]
**Trap:** 💀 GUARANTEED LOSER (Gravity Well)
**Bet:** **Home Win or Draw (1X)** against Crystal Palace [Odds: 1.22 / 6.25]

=> Action: Place these bets immediately.

2026-06-16 02:06:01,871 [INFO] Already posted to Discord for vf:season:3100896-1
## 🚨 MASTER LOCKS IDENTIFIED 🚨

**Match:** Manchester Blue [R6, W1] vs Crystal Palace [R15, L4]
**Trap:** 💀 GUARANTEED LOSER (Gravity Well)
**Bet:** **Home Win or Draw (1X)** against Crystal Palace [Odds: 1.22 / 6.25]

=> Action: Place these bets immediately.

2026-06-16 02:07:02,206 [INFO] Sending trap alert to Discord via hermes CLI...
2026-06-16 02:07:33,744 [INFO] Successfully posted to Discord. Output: sent
No extreme algorithmic traps active this matchday.
=> Action: Wait for next matchday.

2026-06-16 02:08:05,487 [INFO] Already posted to Discord for vf:season:3100896-2
No extreme algorithmic traps active this matchday.
=> Action: Wait for next matchday.

2026-06-16 02:09:01,640 [INFO] Already posted to Discord for vf:season:3100896-2
No extreme algorithmic traps active this matchday.
=> Action: Wait for next matchday.

2026-06-16 02:10:01,918 [INFO] Already posted to Discord for vf:season:3100896-2
No extreme algorithmic traps active this matchday.
=> Action: Wait for next matchday.

2026-06-16 02:11:03,326 [INFO] Sending trap alert to Discord via hermes CLI...
2026-06-16 02:11:17,414 [INFO] Successfully posted to Discord. Output: sent
No extreme algorithmic traps active this matchday.
=> Action: Wait for next matchday.

2026-06-16 02:12:03,515 [INFO] Already posted to Discord for vf:season:3100896-3
No extreme algorithmic traps active this matchday.
=> Action: Wait for next matchday.

2026-06-16 02:13:07,455 [INFO] Sending trap alert to Discord via hermes CLI...
2026-06-16 02:13:20,159 [INFO] Successfully posted to Discord. Output: sent
No extreme algorithmic traps active this matchday.
=> Action: Wait for next matchday.

2026-06-16 02:14:02,291 [INFO] Sending trap alert to Discord via hermes CLI...
2026-06-16 02:14:11,563 [INFO] Successfully posted to Discord. Output: sent
No extreme algorithmic traps active this matchday.
=> Action: Wait for next matchday.

2026-06-16 02:15:02,989 [INFO] Already posted to Discord for vf:season:3100896-4
No extreme algorithmic traps active this matchday.
=> Action: Wait for next matchday.

2026-06-16 02:16:04,768 [INFO] Already posted to Discord for vf:season:3100896-4
No extreme algorithmic traps active this matchday.
=> Action: Wait for next matchday.

2026-06-16 02:17:03,501 [INFO] Already posted to Discord for vf:season:3100896-4
No extreme algorithmic traps active this matchday.
=> Action: Wait for next matchday.

2026-06-16 02:18:03,603 [INFO] Sending trap alert to Discord via hermes CLI...
2026-06-16 02:18:24,153 [INFO] Successfully posted to Discord. Output: sent
No extreme algorithmic traps active this matchday.
=> Action: Wait for next matchday.

2026-06-16 02:19:02,323 [INFO] Already posted to Discord for vf:season:3100896-5
No extreme algorithmic traps active this matchday.
=> Action: Wait for next matchday.

2026-06-16 02:20:02,962 [INFO] Already posted to Discord for vf:season:3100896-5
No extreme algorithmic traps active this matchday.
=> Action: Wait for next matchday.

2026-06-16 02:21:03,186 [INFO] Already posted to Discord for vf:season:3100896-5
No extreme algorithmic traps active this matchday.
=> Action: Wait for next matchday.

2026-06-16 02:22:03,740 [INFO] Sending trap alert to Discord via hermes CLI...
2026-06-16 02:22:13,687 [INFO] Successfully posted to Discord. Output: sent
## 🚨 MASTER LOCKS IDENTIFIED 🚨

**Match:** Brighton [R16, L4] vs Tottenham [R9, W1]
**Trap:** 💀 GUARANTEED LOSER (Gravity Well)
**Bet:** **Away Win or Draw (X2)** against Brighton [Odds: 2.15 / 3.5]

=> Action: Place these bets immediately.

2026-06-16 02:23:03,280 [INFO] Already posted to Discord for vf:season:3100896-6
## 🚨 MASTER LOCKS IDENTIFIED 🚨

**Match:** Brighton [R16, L4] vs Tottenham [R9, W1]
**Trap:** 💀 GUARANTEED LOSER (Gravity Well)
**Bet:** **Away Win or Draw (X2)** against Brighton [Odds: 2.15 / 3.5]

=> Action: Place these bets immediately.

2026-06-16 02:24:01,999 [INFO] Already posted to Discord for vf:season:3100896-6
## 🚨 MASTER LOCKS IDENTIFIED 🚨

**Match:** Brighton [R16, L4] vs Tottenham [R9, W1]
**Trap:** 💀 GUARANTEED LOSER (Gravity Well)
**Bet:** **Away Win or Draw (X2)** against Brighton [Odds: 2.15 / 3.5]

=> Action: Place these bets immediately.

2026-06-16 02:25:04,718 [INFO] Sending trap alert to Discord via hermes CLI...
2026-06-16 02:25:17,968 [INFO] Successfully posted to Discord. Output: sent
No extreme algorithmic traps active this matchday.
=> Action: Wait for next matchday.

2026-06-16 02:26:02,059 [INFO] Already posted to Discord for vf:season:3100896-7
No extreme algorithmic traps active this matchday.
=> Action: Wait for next matchday.

2026-06-16 02:27:03,801 [INFO] Already posted to Discord for vf:season:3100896-7
No extreme algorithmic traps active this matchday.
=> Action: Wait for next matchday.

2026-06-16 02:28:01,926 [INFO] Already posted to Discord for vf:season:3100896-7
No extreme algorithmic traps active this matchday.
=> Action: Wait for next matchday.

2026-06-16 02:29:02,474 [INFO] Sending trap alert to Discord via hermes CLI...
2026-06-16 02:29:14,206 [INFO] Successfully posted to Discord. Output: sent
No extreme algorithmic traps active this matchday.
=> Action: Wait for next matchday.

2026-06-16 02:30:04,366 [INFO] Already posted to Discord for vf:season:3100896-8
No extreme algorithmic traps active this matchday.
=> Action: Wait for next matchday.

2026-06-16 02:31:02,381 [INFO] Already posted to Discord for vf:season:3100896-8
No extreme algorithmic traps active this matchday.
=> Action: Wait for next matchday.

2026-06-16 02:32:01,789 [INFO] Already posted to Discord for vf:season:3100896-8
No extreme algorithmic traps active this matchday.
=> Action: Wait for next matchday.

2026-06-16 02:33:02,216 [INFO] Sending trap alert to Discord via hermes CLI...
2026-06-16 02:33:08,965 [INFO] Successfully posted to Discord. Output: sent
No extreme algorithmic traps active this matchday.
=> Action: Wait for next matchday.

2026-06-16 02:34:02,547 [INFO] Already posted to Discord for vf:season:3100896-9
No extreme algorithmic traps active this matchday.
=> Action: Wait for next matchday.

2026-06-16 02:35:02,224 [INFO] Already posted to Discord for vf:season:3100896-9
No extreme algorithmic traps active this matchday.
=> Action: Wait for next matchday.

2026-06-16 02:36:03,322 [INFO] Sending trap alert to Discord via hermes CLI...
2026-06-16 02:36:07,181 [INFO] Successfully posted to Discord. Output: sent
No extreme algorithmic traps active this matchday.
=> Action: Wait for next matchday.

2026-06-16 02:37:02,279 [INFO] Already posted to Discord for vf:season:3100896-10
No extreme algorithmic traps active this matchday.
=> Action: Wait for next matchday.

2026-06-16 02:38:01,955 [INFO] Already posted to Discord for vf:season:3100896-10
No extreme algorithmic traps active this matchday.
=> Action: Wait for next matchday.

2026-06-16 02:39:02,184 [INFO] Already posted to Discord for vf:season:3100896-10
No extreme algorithmic traps active this matchday.
=> Action: Wait for next matchday.

2026-06-16 02:40:01,742 [INFO] Sending trap alert to Discord via hermes CLI...
2026-06-16 02:40:05,836 [INFO] Successfully posted to Discord. Output: sent
## 🚨 MASTER LOCKS IDENTIFIED 🚨

**Match:** Tottenham [R11, L1] vs Bournemouth [R16, L4]
**Trap:** 💀 GUARANTEED LOSER (Gravity Well)
**Bet:** **Home Win or Draw (1X)** against Bournemouth [Odds: 1.3 / 5.25]

=> Action: Place these bets immediately.

2026-06-16 02:41:02,447 [INFO] Already posted to Discord for vf:season:3100896-11
## 🚨 MASTER LOCKS IDENTIFIED 🚨

**Match:** Tottenham [R11, L1] vs Bournemouth [R16, L4]
**Trap:** 💀 GUARANTEED LOSER (Gravity Well)
**Bet:** **Home Win or Draw (1X)** against Bournemouth [Odds: 1.3 / 5.25]

=> Action: Place these bets immediately.

2026-06-16 02:42:01,874 [INFO] Already posted to Discord for vf:season:3100896-11
## 🚨 MASTER LOCKS IDENTIFIED 🚨

**Match:** Tottenham [R11, L1] vs Bournemouth [R16, L4]
**Trap:** 💀 GUARANTEED LOSER (Gravity Well)
**Bet:** **Home Win or Draw (1X)** against Bournemouth [Odds: 1.3 / 5.25]

=> Action: Place these bets immediately.

2026-06-16 02:43:01,822 [INFO] Already posted to Discord for vf:season:3100896-11
## 🚨 MASTER LOCKS IDENTIFIED 🚨

**Match:** Tottenham [R11, L1] vs Bournemouth [R16, L4]
**Trap:** 💀 GUARANTEED LOSER (Gravity Well)
**Bet:** **Home Win or Draw (1X)** against Bournemouth [Odds: 1.3 / 5.25]

=> Action: Place these bets immediately.

2026-06-16 02:44:02,131 [INFO] Sending trap alert to Discord via hermes CLI...
2026-06-16 02:44:06,914 [INFO] Successfully posted to Discord. Output: sent
No extreme algorithmic traps active this matchday.
=> Action: Wait for next matchday.

2026-06-16 02:45:02,035 [INFO] Already posted to Discord for vf:season:3100896-12
No extreme algorithmic traps active this matchday.
=> Action: Wait for next matchday.

2026-06-16 02:46:02,158 [INFO] Already posted to Discord for vf:season:3100896-12
No extreme algorithmic traps active this matchday.
=> Action: Wait for next matchday.

2026-06-16 02:47:02,169 [INFO] Sending trap alert to Discord via hermes CLI...
2026-06-16 02:47:05,613 [INFO] Successfully posted to Discord. Output: sent
No extreme algorithmic traps active this matchday.
=> Action: Wait for next matchday.

2026-06-16 02:48:02,514 [INFO] Already posted to Discord for vf:season:3100896-13
No extreme algorithmic traps active this matchday.
=> Action: Wait for next matchday.

2026-06-16 02:49:02,077 [INFO] Already posted to Discord for vf:season:3100896-13
No extreme algorithmic traps active this matchday.
=> Action: Wait for next matchday.

2026-06-16 02:50:01,694 [INFO] Already posted to Discord for vf:season:3100896-13
No extreme algorithmic traps active this matchday.
=> Action: Wait for next matchday.

2026-06-16 02:51:01,777 [INFO] Sending trap alert to Discord via hermes CLI...
2026-06-16 02:51:06,660 [INFO] Successfully posted to Discord. Output: sent
No extreme algorithmic traps active this matchday.
=> Action: Wait for next matchday.

2026-06-16 02:52:02,578 [INFO] Already posted to Discord for vf:season:3100896-14
No extreme algorithmic traps active this matchday.
=> Action: Wait for next matchday.

2026-06-16 02:53:01,788 [INFO] Already posted to Discord for vf:season:3100896-14
No extreme algorithmic traps active this matchday.
=> Action: Wait for next matchday.

2026-06-16 02:54:01,778 [INFO] Already posted to Discord for vf:season:3100896-14
No extreme algorithmic traps active this matchday.
=> Action: Wait for next matchday.

2026-06-16 02:55:01,971 [INFO] Sending trap alert to Discord via hermes CLI...
2026-06-16 02:55:04,892 [INFO] Successfully posted to Discord. Output: sent
No extreme algorithmic traps active this matchday.
=> Action: Wait for next matchday.

2026-06-16 02:56:02,477 [INFO] Already posted to Discord for vf:season:3100896-15
No extreme algorithmic traps active this matchday.
=> Action: Wait for next matchday.

2026-06-16 02:57:03,150 [INFO] Already posted to Discord for vf:season:3100896-15
No extreme algorithmic traps active this matchday.
=> Action: Wait for next matchday.

2026-06-16 02:58:02,008 [INFO] Sending trap alert to Discord via hermes CLI...
2026-06-16 02:58:06,316 [INFO] Successfully posted to Discord. Output: sent
No extreme algorithmic traps active this matchday.
=> Action: Wait for next matchday.

2026-06-16 02:59:02,146 [INFO] Already posted to Discord for vf:season:3100896-16
No extreme algorithmic traps active this matchday.
=> Action: Wait for next matchday.

2026-06-16 03:00:02,790 [INFO] Already posted to Discord for vf:season:3100896-16
No extreme algorithmic traps active this matchday.
=> Action: Wait for next matchday.

2026-06-16 03:01:01,829 [INFO] Already posted to Discord for vf:season:3100896-16
No extreme algorithmic traps active this matchday.
=> Action: Wait for next matchday.

2026-06-16 03:02:02,268 [INFO] Sending trap alert to Discord via hermes CLI...
2026-06-16 03:02:08,823 [INFO] Successfully posted to Discord. Output: sent
No extreme algorithmic traps active this matchday.
=> Action: Wait for next matchday.

2026-06-16 03:03:02,716 [INFO] Already posted to Discord for vf:season:3100896-17
No extreme algorithmic traps active this matchday.
=> Action: Wait for next matchday.

2026-06-16 03:04:02,438 [INFO] Already posted to Discord for vf:season:3100896-17
No extreme algorithmic traps active this matchday.
=> Action: Wait for next matchday.

2026-06-16 03:05:02,277 [INFO] Already posted to Discord for vf:season:3100896-17
No extreme algorithmic traps active this matchday.
=> Action: Wait for next matchday.

2026-06-16 03:06:02,345 [INFO] Sending trap alert to Discord via hermes CLI...
2026-06-16 03:06:17,210 [INFO] Successfully posted to Discord. Output: sent
No extreme algorithmic traps active this matchday.
=> Action: Wait for next matchday.

2026-06-16 03:07:02,523 [INFO] Already posted to Discord for vf:season:3100896-18
No extreme algorithmic traps active this matchday.
=> Action: Wait for next matchday.

2026-06-16 03:08:02,101 [INFO] Already posted to Discord for vf:season:3100896-18
No extreme algorithmic traps active this matchday.
=> Action: Wait for next matchday.

2026-06-16 03:09:02,890 [INFO] Sending trap alert to Discord via hermes CLI...
2026-06-16 03:09:09,268 [INFO] Successfully posted to Discord. Output: sent
No extreme algorithmic traps active this matchday.
=> Action: Wait for next matchday.

2026-06-16 03:10:02,231 [INFO] Already posted to Discord for vf:season:3100896-19
No extreme algorithmic traps active this matchday.
=> Action: Wait for next matchday.

2026-06-16 03:11:02,240 [INFO] Already posted to Discord for vf:season:3100896-19
No extreme algorithmic traps active this matchday.
=> Action: Wait for next matchday.

2026-06-16 03:12:03,488 [INFO] Already posted to Discord for vf:season:3100896-19
No extreme algorithmic traps active this matchday.
=> Action: Wait for next matchday.

2026-06-16 03:13:02,062 [INFO] Sending trap alert to Discord via hermes CLI...
2026-06-16 03:13:12,088 [INFO] Successfully posted to Discord. Output: sent
No extreme algorithmic traps active this matchday.
=> Action: Wait for next matchday.

2026-06-16 03:14:01,753 [INFO] Already posted to Discord for vf:season:3100896-20
No extreme algorithmic traps active this matchday.
=> Action: Wait for next matchday.

2026-06-16 03:15:02,900 [INFO] Already posted to Discord for vf:season:3100896-20
No extreme algorithmic traps active this matchday.
=> Action: Wait for next matchday.

2026-06-16 03:16:02,409 [INFO] Already posted to Discord for vf:season:3100896-20
No extreme algorithmic traps active this matchday.
=> Action: Wait for next matchday.

2026-06-16 03:17:02,779 [INFO] Sending trap alert to Discord via hermes CLI...
2026-06-16 03:17:07,687 [INFO] Successfully posted to Discord. Output: sent
No extreme algorithmic traps active this matchday.
=> Action: Wait for next matchday.

2026-06-16 03:18:02,575 [INFO] Already posted to Discord for vf:season:3100896-21
No extreme algorithmic traps active this matchday.
=> Action: Wait for next matchday.

2026-06-16 03:19:01,885 [INFO] Already posted to Discord for vf:season:3100896-21
No extreme algorithmic traps active this matchday.
=> Action: Wait for next matchday.

2026-06-16 03:20:03,816 [INFO] Sending trap alert to Discord via hermes CLI...
2026-06-16 03:20:13,638 [INFO] Successfully posted to Discord. Output: sent
No extreme algorithmic traps active this matchday.
=> Action: Wait for next matchday.

2026-06-16 03:21:03,272 [INFO] Already posted to Discord for vf:season:3100896-22
No extreme algorithmic traps active this matchday.
=> Action: Wait for next matchday.

2026-06-16 03:22:01,852 [INFO] Already posted to Discord for vf:season:3100896-22
No extreme algorithmic traps active this matchday.
=> Action: Wait for next matchday.

2026-06-16 03:23:02,896 [INFO] Already posted to Discord for vf:season:3100896-22
No extreme algorithmic traps active this matchday.
=> Action: Wait for next matchday.

2026-06-16 03:24:02,242 [INFO] Sending trap alert to Discord via hermes CLI...
2026-06-16 03:24:10,367 [INFO] Successfully posted to Discord. Output: sent
No extreme algorithmic traps active this matchday.
=> Action: Wait for next matchday.

2026-06-16 03:25:02,748 [INFO] Already posted to Discord for vf:season:3100896-23
No extreme algorithmic traps active this matchday.
=> Action: Wait for next matchday.

2026-06-16 03:26:02,062 [INFO] Already posted to Discord for vf:season:3100896-23
No extreme algorithmic traps active this matchday.
=> Action: Wait for next matchday.

2026-06-16 03:27:02,247 [INFO] Already posted to Discord for vf:season:3100896-23
No extreme algorithmic traps active this matchday.
=> Action: Wait for next matchday.

2026-06-16 03:28:01,982 [INFO] Sending trap alert to Discord via hermes CLI...
2026-06-16 03:28:05,753 [INFO] Successfully posted to Discord. Output: sent
No extreme algorithmic traps active this matchday.
=> Action: Wait for next matchday.

2026-06-16 03:29:02,231 [INFO] Already posted to Discord for vf:season:3100896-24
No extreme algorithmic traps active this matchday.
=> Action: Wait for next matchday.

2026-06-16 03:30:01,852 [INFO] Already posted to Discord for vf:season:3100896-24
No extreme algorithmic traps active this matchday.
=> Action: Wait for next matchday.

2026-06-16 03:31:02,585 [INFO] Sending trap alert to Discord via hermes CLI...
2026-06-16 03:31:06,842 [INFO] Successfully posted to Discord. Output: sent
No extreme algorithmic traps active this matchday.
=> Action: Wait for next matchday.

2026-06-16 03:32:02,209 [INFO] Already posted to Discord for vf:season:3100896-25
No extreme algorithmic traps active this matchday.
=> Action: Wait for next matchday.

2026-06-16 03:33:01,846 [INFO] Already posted to Discord for vf:season:3100896-25
No extreme algorithmic traps active this matchday.
=> Action: Wait for next matchday.

2026-06-16 03:34:01,907 [INFO] Already posted to Discord for vf:season:3100896-25
No extreme algorithmic traps active this matchday.
=> Action: Wait for next matchday.

2026-06-16 03:35:01,882 [INFO] Sending trap alert to Discord via hermes CLI...
2026-06-16 03:35:05,881 [INFO] Successfully posted to Discord. Output: sent
No extreme algorithmic traps active this matchday.
=> Action: Wait for next matchday.

2026-06-16 03:36:02,501 [INFO] Already posted to Discord for vf:season:3100896-26
No extreme algorithmic traps active this matchday.
=> Action: Wait for next matchday.

2026-06-16 03:37:01,488 [INFO] Already posted to Discord for vf:season:3100896-26
No extreme algorithmic traps active this matchday.
=> Action: Wait for next matchday.

2026-06-16 03:38:01,557 [INFO] Already posted to Discord for vf:season:3100896-26
No extreme algorithmic traps active this matchday.
=> Action: Wait for next matchday.

2026-06-16 03:39:02,374 [INFO] Sending trap alert to Discord via hermes CLI...
2026-06-16 03:39:08,388 [INFO] Successfully posted to Discord. Output: sent
No extreme algorithmic traps active this matchday.
=> Action: Wait for next matchday.

2026-06-16 03:40:02,331 [INFO] Already posted to Discord for vf:season:3100896-27
No extreme algorithmic traps active this matchday.
=> Action: Wait for next matchday.

2026-06-16 03:41:01,621 [INFO] Already posted to Discord for vf:season:3100896-27
No extreme algorithmic traps active this matchday.
=> Action: Wait for next matchday.

2026-06-16 03:42:02,503 [INFO] Sending trap alert to Discord via hermes CLI...
2026-06-16 03:42:10,900 [INFO] Successfully posted to Discord. Output: sent
No extreme algorithmic traps active this matchday.
=> Action: Wait for next matchday.

2026-06-16 03:43:02,583 [INFO] Already posted to Discord for vf:season:3100896-28
No extreme algorithmic traps active this matchday.
=> Action: Wait for next matchday.

2026-06-16 03:44:02,956 [INFO] Already posted to Discord for vf:season:3100896-28
No extreme algorithmic traps active this matchday.
=> Action: Wait for next matchday.

2026-06-16 03:45:02,509 [INFO] Already posted to Discord for vf:season:3100896-28
No extreme algorithmic traps active this matchday.
=> Action: Wait for next matchday.

2026-06-16 03:46:02,086 [INFO] Sending trap alert to Discord via hermes CLI...
2026-06-16 03:46:05,649 [INFO] Successfully posted to Discord. Output: sent
No extreme algorithmic traps active this matchday.
=> Action: Wait for next matchday.

2026-06-16 03:47:01,932 [INFO] Already posted to Discord for vf:season:3100896-29
No extreme algorithmic traps active this matchday.
=> Action: Wait for next matchday.

2026-06-16 03:48:01,916 [INFO] Already posted to Discord for vf:season:3100896-29
No extreme algorithmic traps active this matchday.
=> Action: Wait for next matchday.

2026-06-16 03:49:01,887 [INFO] Already posted to Discord for vf:season:3100896-29
No extreme algorithmic traps active this matchday.
=> Action: Wait for next matchday.

2026-06-16 03:50:01,768 [INFO] Sending trap alert to Discord via hermes CLI...
2026-06-16 03:50:05,876 [INFO] Successfully posted to Discord. Output: sent
No extreme algorithmic traps active this matchday.
=> Action: Wait for next matchday.

2026-06-16 03:51:02,696 [INFO] Already posted to Discord for vf:season:3100896-30
No extreme algorithmic traps active this matchday.
=> Action: Wait for next matchday.

2026-06-16 03:52:01,315 [INFO] Already posted to Discord for vf:season:3100896-30
No extreme algorithmic traps active this matchday.
=> Action: Wait for next matchday.

2026-06-16 03:53:01,888 [INFO] Sending trap alert to Discord via hermes CLI...
2026-06-16 03:53:08,864 [INFO] Successfully posted to Discord. Output: sent
No extreme algorithmic traps active this matchday.
=> Action: Wait for next matchday.

2026-06-16 03:54:01,854 [INFO] Already posted to Discord for vf:season:3100896-0
No extreme algorithmic traps active this matchday.
=> Action: Wait for next matchday.

2026-06-16 03:55:02,761 [INFO] Sending trap alert to Discord via hermes CLI...
2026-06-16 03:55:06,997 [INFO] Successfully posted to Discord. Output: sent
No extreme algorithmic traps active this matchday.
=> Action: Wait for next matchday.

2026-06-16 03:56:02,965 [INFO] Sending trap alert to Discord via hermes CLI...
2026-06-16 03:56:08,778 [INFO] Successfully posted to Discord. Output: sent
No extreme algorithmic traps active this matchday.
=> Action: Wait for next matchday.

2026-06-16 03:57:02,354 [INFO] Already posted to Discord for vf:season:3100924-1
No extreme algorithmic traps active this matchday.
=> Action: Wait for next matchday.

2026-06-16 03:58:01,866 [INFO] Already posted to Discord for vf:season:3100924-1
No extreme algorithmic traps active this matchday.
=> Action: Wait for next matchday.

2026-06-16 03:59:01,493 [INFO] Sending trap alert to Discord via hermes CLI...
2026-06-16 03:59:05,985 [INFO] Successfully posted to Discord. Output: sent
No extreme algorithmic traps active this matchday.
=> Action: Wait for next matchday.

2026-06-16 04:00:01,965 [INFO] Already posted to Discord for vf:season:3100924-2
No extreme algorithmic traps active this matchday.
=> Action: Wait for next matchday.

2026-06-16 04:01:02,989 [INFO] Already posted to Discord for vf:season:3100924-2
No extreme algorithmic traps active this matchday.
=> Action: Wait for next matchday.

2026-06-16 04:02:02,298 [INFO] Already posted to Discord for vf:season:3100924-2
No extreme algorithmic traps active this matchday.
=> Action: Wait for next matchday.

2026-06-16 04:03:02,704 [INFO] Sending trap alert to Discord via hermes CLI...
2026-06-16 04:03:12,383 [INFO] Successfully posted to Discord. Output: sent
No extreme algorithmic traps active this matchday.
=> Action: Wait for next matchday.

2026-06-16 04:04:03,340 [INFO] Already posted to Discord for vf:season:3100924-3
No extreme algorithmic traps active this matchday.
=> Action: Wait for next matchday.

2026-06-16 04:05:01,905 [INFO] Already posted to Discord for vf:season:3100924-3
No extreme algorithmic traps active this matchday.
=> Action: Wait for next matchday.

2026-06-16 04:06:03,698 [INFO] Sending trap alert to Discord via hermes CLI...
2026-06-16 04:06:15,510 [INFO] Successfully posted to Discord. Output: sent
No extreme algorithmic traps active this matchday.
=> Action: Wait for next matchday.

2026-06-16 04:07:01,651 [INFO] Already posted to Discord for vf:season:3100924-4
No extreme algorithmic traps active this matchday.
=> Action: Wait for next matchday.

2026-06-16 04:08:03,397 [INFO] Already posted to Discord for vf:season:3100924-4
No extreme algorithmic traps active this matchday.
=> Action: Wait for next matchday.

2026-06-16 04:09:02,978 [INFO] Already posted to Discord for vf:season:3100924-4
No extreme algorithmic traps active this matchday.
=> Action: Wait for next matchday.

2026-06-16 04:10:02,281 [INFO] Sending trap alert to Discord via hermes CLI...
2026-06-16 04:10:07,632 [INFO] Successfully posted to Discord. Output: sent
No extreme algorithmic traps active this matchday.
=> Action: Wait for next matchday.

2026-06-16 04:11:02,225 [INFO] Already posted to Discord for vf:season:3100924-5
No extreme algorithmic traps active this matchday.
=> Action: Wait for next matchday.

2026-06-16 04:12:01,991 [INFO] Already posted to Discord for vf:season:3100924-5
No extreme algorithmic traps active this matchday.
=> Action: Wait for next matchday.

2026-06-16 04:13:03,056 [INFO] Already posted to Discord for vf:season:3100924-5
No extreme algorithmic traps active this matchday.
=> Action: Wait for next matchday.

2026-06-16 04:14:01,904 [INFO] Sending trap alert to Discord via hermes CLI...
2026-06-16 04:14:12,530 [INFO] Successfully posted to Discord. Output: sent
No extreme algorithmic traps active this matchday.
=> Action: Wait for next matchday.

2026-06-16 04:15:02,950 [INFO] Already posted to Discord for vf:season:3100924-6
No extreme algorithmic traps active this matchday.
=> Action: Wait for next matchday.

2026-06-16 04:16:02,060 [INFO] Already posted to Discord for vf:season:3100924-6
No extreme algorithmic traps active this matchday.
=> Action: Wait for next matchday.

2026-06-16 04:17:09,797 [INFO] Sending trap alert to Discord via hermes CLI...
2026-06-16 04:17:24,444 [INFO] Successfully posted to Discord. Output: sent
No extreme algorithmic traps active this matchday.
=> Action: Wait for next matchday.

2026-06-16 04:18:02,927 [INFO] Already posted to Discord for vf:season:3100924-7
No extreme algorithmic traps active this matchday.
=> Action: Wait for next matchday.

2026-06-16 04:19:02,867 [INFO] Already posted to Discord for vf:season:3100924-7
No extreme algorithmic traps active this matchday.
=> Action: Wait for next matchday.

2026-06-16 04:20:02,724 [INFO] Already posted to Discord for vf:season:3100924-7
No extreme algorithmic traps active this matchday.
=> Action: Wait for next matchday.

2026-06-16 04:21:06,894 [INFO] Sending trap alert to Discord via hermes CLI...
2026-06-16 04:24:23,775 [INFO] Sending trap alert to Discord via hermes CLI...
2026-06-16 04:24:23,776 [INFO] Sending trap alert to Discord via hermes CLI...
2026-06-16 04:24:55,304 [INFO] Sending trap alert to Discord via hermes CLI...
2026-06-16 04:25:03,273 [INFO] Successfully posted to Discord. Output: sent
## 🚨 MASTER LOCKS IDENTIFIED 🚨

**Match:** Crystal Palace [R16, L4] vs Liverpool [R4, W2]
**Trap:** 💀 GUARANTEED LOSER (Gravity Well)
**Bet:** **Away Win or Draw (X2)** against Crystal Palace [Odds: 1.65 / 3.65]

=> Action: Place these bets immediately.

2026-06-16 04:25:48,554 [INFO] Already posted to Discord for vf:season:3100924-8
## 🚨 MASTER LOCKS IDENTIFIED 🚨

**Match:** Crystal Palace [R16, L4] vs Liverpool [R4, W2]
**Trap:** 💀 GUARANTEED LOSER (Gravity Well)
**Bet:** **Away Win or Draw (X2)** against Crystal Palace [Odds: 1.65 / 3.65]

=> Action: Place these bets immediately.

2026-06-16 04:29:12,202 [INFO] Already posted to Discord for vf:season:3100924-8
## 🚨 MASTER LOCKS IDENTIFIED 🚨

**Match:** Crystal Palace [R16, L4] vs Liverpool [R4, W2]
**Trap:** 💀 GUARANTEED LOSER (Gravity Well)
**Bet:** **Away Win or Draw (X2)** against Crystal Palace [Odds: 1.65 / 3.65]

=> Action: Place these bets immediately.

2026-06-16 04:30:43,192 [INFO] Already posted to Discord for vf:season:3100924-8
## 🚨 MASTER LOCKS IDENTIFIED 🚨

**Match:** Crystal Palace [R16, L4] vs Liverpool [R4, W2]
**Trap:** 💀 GUARANTEED LOSER (Gravity Well)
**Bet:** **Away Win or Draw (X2)** against Crystal Palace [Odds: 1.65 / 3.65]

=> Action: Place these bets immediately.

2026-06-16 04:30:43,192 [INFO] Already posted to Discord for vf:season:3100924-8
## 🚨 MASTER LOCKS IDENTIFIED 🚨

**Match:** Crystal Palace [R16, L4] vs Liverpool [R4, W2]
**Trap:** 💀 GUARANTEED LOSER (Gravity Well)
**Bet:** **Away Win or Draw (X2)** against Crystal Palace [Odds: 1.65 / 3.65]

=> Action: Place these bets immediately.

2026-06-16 04:30:43,192 [INFO] Already posted to Discord for vf:season:3100924-8
## 🚨 MASTER LOCKS IDENTIFIED 🚨

**Match:** Crystal Palace [R16, L4] vs Liverpool [R4, W2]
**Trap:** 💀 GUARANTEED LOSER (Gravity Well)
**Bet:** **Away Win or Draw (X2)** against Crystal Palace [Odds: 1.65 / 3.65]

=> Action: Place these bets immediately.

2026-06-16 04:33:41,271 [INFO] Already posted to Discord for vf:season:3100924-8
## 🚨 MASTER LOCKS IDENTIFIED 🚨

**Match:** Crystal Palace [R16, L4] vs Liverpool [R4, W2]
**Trap:** 💀 GUARANTEED LOSER (Gravity Well)
**Bet:** **Away Win or Draw (X2)** against Crystal Palace [Odds: 1.65 / 3.65]

=> Action: Place these bets immediately.

2026-06-16 04:35:57,037 [INFO] Already posted to Discord for vf:season:3100924-8
2026-06-16 04:35:57,037 [INFO] Already posted to Discord for vf:season:3100924-8
## 🚨 MASTER LOCKS IDENTIFIED 🚨

**Match:** Crystal Palace [R16, L4] vs Liverpool [R4, W2]
**Trap:** 💀 GUARANTEED LOSER (Gravity Well)
**Bet:** **Away Win or Draw (X2)** against Crystal Palace [Odds: 1.65 / 3.65]

=> Action: Place these bets immediately.

## 🚨 MASTER LOCKS IDENTIFIED 🚨

**Match:** Crystal Palace [R16, L4] vs Liverpool [R4, W2]
**Trap:** 💀 GUARANTEED LOSER (Gravity Well)
**Bet:** **Away Win or Draw (X2)** against Crystal Palace [Odds: 1.65 / 3.65]

=> Action: Place these bets immediately.

2026-06-16 04:35:57,036 [INFO] Already posted to Discord for vf:season:3100924-8
## 🚨 MASTER LOCKS IDENTIFIED 🚨

**Match:** Crystal Palace [R16, L4] vs Liverpool [R4, W2]
**Trap:** 💀 GUARANTEED LOSER (Gravity Well)
**Bet:** **Away Win or Draw (X2)** against Crystal Palace [Odds: 1.65 / 3.65]

=> Action: Place these bets immediately.

2026-06-16 04:37:15,006 [INFO] Already posted to Discord for vf:season:3100924-8
## 🚨 MASTER LOCKS IDENTIFIED 🚨

**Match:** Crystal Palace [R16, L4] vs Liverpool [R4, W2]
**Trap:** 💀 GUARANTEED LOSER (Gravity Well)
**Bet:** **Away Win or Draw (X2)** against Crystal Palace [Odds: 1.65 / 3.65]

=> Action: Place these bets immediately.

2026-06-16 04:37:31,249 [INFO] Already posted to Discord for vf:season:3100924-8
## 🚨 MASTER LOCKS IDENTIFIED 🚨

**Match:** Crystal Palace [R16, L4] vs Liverpool [R4, W2]
**Trap:** 💀 GUARANTEED LOSER (Gravity Well)
**Bet:** **Away Win or Draw (X2)** against Crystal Palace [Odds: 1.65 / 3.65]

=> Action: Place these bets immediately.

2026-06-16 04:37:31,250 [INFO] Already posted to Discord for vf:season:3100924-8
## 🚨 MASTER LOCKS IDENTIFIED 🚨

**Match:** Crystal Palace [R16, L4] vs Liverpool [R4, W2]
**Trap:** 💀 GUARANTEED LOSER (Gravity Well)
**Bet:** **Away Win or Draw (X2)** against Crystal Palace [Odds: 1.65 / 3.65]

=> Action: Place these bets immediately.

2026-06-16 04:37:37,736 [INFO] Already posted to Discord for vf:season:3100924-8
## 🚨 MASTER LOCKS IDENTIFIED 🚨

**Match:** Crystal Palace [R16, L4] vs Liverpool [R4, W2]
**Trap:** 💀 GUARANTEED LOSER (Gravity Well)
**Bet:** **Away Win or Draw (X2)** against Crystal Palace [Odds: 1.65 / 3.65]

=> Action: Place these bets immediately.

2026-06-16 04:38:16,039 [INFO] Successfully posted to Discord. Output: sent
2026-06-16 04:38:16,053 [INFO] Successfully posted to Discord. Output: sent
2026-06-16 04:38:16,054 [INFO] Successfully posted to Discord. Output: sent
## 🚨 MASTER LOCKS IDENTIFIED 🚨

**Match:** Crystal Palace [R16, L4] vs Liverpool [R4, W2]
**Trap:** 💀 GUARANTEED LOSER (Gravity Well)
**Bet:** **Away Win or Draw (X2)** against Crystal Palace [Odds: 1.65 / 3.65]

=> Action: Place these bets immediately.

## 🚨 MASTER LOCKS IDENTIFIED 🚨

**Match:** Crystal Palace [R16, L4] vs Liverpool [R4, W2]
**Trap:** 💀 GUARANTEED LOSER (Gravity Well)
**Bet:** **Away Win or Draw (X2)** against Crystal Palace [Odds: 1.65 / 3.65]

=> Action: Place these bets immediately.

## 🚨 MASTER LOCKS IDENTIFIED 🚨

**Match:** Crystal Palace [R16, L4] vs Liverpool [R4, W2]
**Trap:** 💀 GUARANTEED LOSER (Gravity Well)
**Bet:** **Away Win or Draw (X2)** against Crystal Palace [Odds: 1.65 / 3.65]

=> Action: Place these bets immediately.

2026-06-16 04:39:05,832 [INFO] Already posted to Discord for vf:season:3100924-8
## 🚨 MASTER LOCKS IDENTIFIED 🚨

**Match:** Crystal Palace [R16, L4] vs Liverpool [R4, W2]
**Trap:** 💀 GUARANTEED LOSER (Gravity Well)
**Bet:** **Away Win or Draw (X2)** against Crystal Palace [Odds: 1.65 / 3.65]

=> Action: Place these bets immediately.

2026-06-16 04:43:40,654 [INFO] Already posted to Discord for vf:season:3100924-8
## 🚨 MASTER LOCKS IDENTIFIED 🚨

**Match:** Crystal Palace [R16, L4] vs Liverpool [R4, W2]
**Trap:** 💀 GUARANTEED LOSER (Gravity Well)
**Bet:** **Away Win or Draw (X2)** against Crystal Palace [Odds: 1.65 / 3.65]

=> Action: Place these bets immediately.

2026-06-16 04:51:23,636 [INFO] Already posted to Discord for vf:season:3100924-8
2026-06-16 04:51:23,637 [INFO] Already posted to Discord for vf:season:3100924-8
2026-06-16 04:51:23,636 [INFO] Already posted to Discord for vf:season:3100924-8
## 🚨 MASTER LOCKS IDENTIFIED 🚨

**Match:** Crystal Palace [R16, L4] vs Liverpool [R4, W2]
**Trap:** 💀 GUARANTEED LOSER (Gravity Well)
**Bet:** **Away Win or Draw (X2)** against Crystal Palace [Odds: 1.65 / 3.65]

=> Action: Place these bets immediately.

## 🚨 MASTER LOCKS IDENTIFIED 🚨

**Match:** Crystal Palace [R16, L4] vs Liverpool [R4, W2]
**Trap:** 💀 GUARANTEED LOSER (Gravity Well)
**Bet:** **Away Win or Draw (X2)** against Crystal Palace [Odds: 1.65 / 3.65]

=> Action: Place these bets immediately.

## 🚨 MASTER LOCKS IDENTIFIED 🚨

**Match:** Crystal Palace [R16, L4] vs Liverpool [R4, W2]
**Trap:** 💀 GUARANTEED LOSER (Gravity Well)
**Bet:** **Away Win or Draw (X2)** against Crystal Palace [Odds: 1.65 / 3.65]

=> Action: Place these bets immediately.

2026-06-16 04:54:33,404 [INFO] Already posted to Discord for vf:season:3100924-8
2026-06-16 04:54:33,405 [INFO] Already posted to Discord for vf:season:3100924-8
## 🚨 MASTER LOCKS IDENTIFIED 🚨

**Match:** Crystal Palace [R16, L4] vs Liverpool [R4, W2]
**Trap:** 💀 GUARANTEED LOSER (Gravity Well)
**Bet:** **Away Win or Draw (X2)** against Crystal Palace [Odds: 1.65 / 3.65]

=> Action: Place these bets immediately.

2026-06-16 04:54:33,404 [INFO] Already posted to Discord for vf:season:3100924-8
## 🚨 MASTER LOCKS IDENTIFIED 🚨

**Match:** Crystal Palace [R16, L4] vs Liverpool [R4, W2]
**Trap:** 💀 GUARANTEED LOSER (Gravity Well)
**Bet:** **Away Win or Draw (X2)** against Crystal Palace [Odds: 1.65 / 3.65]

=> Action: Place these bets immediately.

## 🚨 MASTER LOCKS IDENTIFIED 🚨

**Match:** Crystal Palace [R16, L4] vs Liverpool [R4, W2]
**Trap:** 💀 GUARANTEED LOSER (Gravity Well)
**Bet:** **Away Win or Draw (X2)** against Crystal Palace [Odds: 1.65 / 3.65]

=> Action: Place these bets immediately.

2026-06-16 06:19:01,180 [INFO] Already posted to Discord for vf:season:3100924-8
## 🚨 MASTER LOCKS IDENTIFIED 🚨

**Match:** Crystal Palace [R16, L4] vs Liverpool [R4, W2]
**Trap:** 💀 GUARANTEED LOSER (Gravity Well)
**Bet:** **Away Win or Draw (X2)** against Crystal Palace [Odds: 1.65 / 3.65]

=> Action: Place these bets immediately.

2026-06-16 06:19:01,430 [INFO] Already posted to Discord for vf:season:3100924-8
## 🚨 MASTER LOCKS IDENTIFIED 🚨

**Match:** Crystal Palace [R16, L4] vs Liverpool [R4, W2]
**Trap:** 💀 GUARANTEED LOSER (Gravity Well)
**Bet:** **Away Win or Draw (X2)** against Crystal Palace [Odds: 1.65 / 3.65]

=> Action: Place these bets immediately.

2026-06-16 06:19:01,565 [INFO] Already posted to Discord for vf:season:3100924-8
## 🚨 MASTER LOCKS IDENTIFIED 🚨

**Match:** Crystal Palace [R16, L4] vs Liverpool [R4, W2]
**Trap:** 💀 GUARANTEED LOSER (Gravity Well)
**Bet:** **Away Win or Draw (X2)** against Crystal Palace [Odds: 1.65 / 3.65]

=> Action: Place these bets immediately.

2026-06-16 06:19:02,074 [INFO] Already posted to Discord for vf:season:3100924-8
## 🚨 MASTER LOCKS IDENTIFIED 🚨

**Match:** Crystal Palace [R16, L4] vs Liverpool [R4, W2]
**Trap:** 💀 GUARANTEED LOSER (Gravity Well)
**Bet:** **Away Win or Draw (X2)** against Crystal Palace [Odds: 1.65 / 3.65]

=> Action: Place these bets immediately.

2026-06-16 06:19:02,904 [INFO] Already posted to Discord for vf:season:3100924-8
## 🚨 MASTER LOCKS IDENTIFIED 🚨

**Match:** Crystal Palace [R16, L4] vs Liverpool [R4, W2]
**Trap:** 💀 GUARANTEED LOSER (Gravity Well)
**Bet:** **Away Win or Draw (X2)** against Crystal Palace [Odds: 1.65 / 3.65]

=> Action: Place these bets immediately.

2026-06-16 06:19:03,688 [INFO] Already posted to Discord for vf:season:3100924-8
## 🚨 MASTER LOCKS IDENTIFIED 🚨

**Match:** Crystal Palace [R16, L4] vs Liverpool [R4, W2]
**Trap:** 💀 GUARANTEED LOSER (Gravity Well)
**Bet:** **Away Win or Draw (X2)** against Crystal Palace [Odds: 1.65 / 3.65]

=> Action: Place these bets immediately.

2026-06-16 06:19:04,327 [INFO] Already posted to Discord for vf:season:3100924-8
## 🚨 MASTER LOCKS IDENTIFIED 🚨

**Match:** Crystal Palace [R16, L4] vs Liverpool [R4, W2]
**Trap:** 💀 GUARANTEED LOSER (Gravity Well)
**Bet:** **Away Win or Draw (X2)** against Crystal Palace [Odds: 1.65 / 3.65]

=> Action: Place these bets immediately.

2026-06-16 06:19:04,422 [INFO] Already posted to Discord for vf:season:3100924-8
## 🚨 MASTER LOCKS IDENTIFIED 🚨

**Match:** Crystal Palace [R16, L4] vs Liverpool [R4, W2]
**Trap:** 💀 GUARANTEED LOSER (Gravity Well)
**Bet:** **Away Win or Draw (X2)** against Crystal Palace [Odds: 1.65 / 3.65]

=> Action: Place these bets immediately.

2026-06-16 06:19:05,086 [INFO] Already posted to Discord for vf:season:3100924-8
## 🚨 MASTER LOCKS IDENTIFIED 🚨

**Match:** Crystal Palace [R16, L4] vs Liverpool [R4, W2]
**Trap:** 💀 GUARANTEED LOSER (Gravity Well)
**Bet:** **Away Win or Draw (X2)** against Crystal Palace [Odds: 1.65 / 3.65]

=> Action: Place these bets immediately.

2026-06-16 06:19:05,115 [INFO] Already posted to Discord for vf:season:3100924-8
## 🚨 MASTER LOCKS IDENTIFIED 🚨

**Match:** Crystal Palace [R16, L4] vs Liverpool [R4, W2]
**Trap:** 💀 GUARANTEED LOSER (Gravity Well)
**Bet:** **Away Win or Draw (X2)** against Crystal Palace [Odds: 1.65 / 3.65]

=> Action: Place these bets immediately.

2026-06-16 06:19:05,680 [INFO] Already posted to Discord for vf:season:3100924-8
## 🚨 MASTER LOCKS IDENTIFIED 🚨

**Match:** Crystal Palace [R16, L4] vs Liverpool [R4, W2]
**Trap:** 💀 GUARANTEED LOSER (Gravity Well)
**Bet:** **Away Win or Draw (X2)** against Crystal Palace [Odds: 1.65 / 3.65]

=> Action: Place these bets immediately.

2026-06-16 06:19:06,708 [INFO] Already posted to Discord for vf:season:3100924-8
## 🚨 MASTER LOCKS IDENTIFIED 🚨

**Match:** Crystal Palace [R16, L4] vs Liverpool [R4, W2]
**Trap:** 💀 GUARANTEED LOSER (Gravity Well)
**Bet:** **Away Win or Draw (X2)** against Crystal Palace [Odds: 1.65 / 3.65]

=> Action: Place these bets immediately.

2026-06-16 06:19:08,033 [INFO] Already posted to Discord for vf:season:3100924-8
## 🚨 MASTER LOCKS IDENTIFIED 🚨

**Match:** Crystal Palace [R16, L4] vs Liverpool [R4, W2]
**Trap:** 💀 GUARANTEED LOSER (Gravity Well)
**Bet:** **Away Win or Draw (X2)** against Crystal Palace [Odds: 1.65 / 3.65]

=> Action: Place these bets immediately.

2026-06-16 06:19:11,974 [INFO] Already posted to Discord for vf:season:3100924-8
## 🚨 MASTER LOCKS IDENTIFIED 🚨

**Match:** Crystal Palace [R16, L4] vs Liverpool [R4, W2]
**Trap:** 💀 GUARANTEED LOSER (Gravity Well)
**Bet:** **Away Win or Draw (X2)** against Crystal Palace [Odds: 1.65 / 3.65]

=> Action: Place these bets immediately.

2026-06-16 06:19:14,551 [INFO] Already posted to Discord for vf:season:3100924-8
## 🚨 MASTER LOCKS IDENTIFIED 🚨

**Match:** Crystal Palace [R16, L4] vs Liverpool [R4, W2]
**Trap:** 💀 GUARANTEED LOSER (Gravity Well)
**Bet:** **Away Win or Draw (X2)** against Crystal Palace [Odds: 1.65 / 3.65]

=> Action: Place these bets immediately.

2026-06-16 06:19:14,852 [INFO] Already posted to Discord for vf:season:3100924-8
## 🚨 MASTER LOCKS IDENTIFIED 🚨

**Match:** Crystal Palace [R16, L4] vs Liverpool [R4, W2]
**Trap:** 💀 GUARANTEED LOSER (Gravity Well)
**Bet:** **Away Win or Draw (X2)** against Crystal Palace [Odds: 1.65 / 3.65]

=> Action: Place these bets immediately.

2026-06-16 06:19:13,288 [INFO] Already posted to Discord for vf:season:3100924-8
## 🚨 MASTER LOCKS IDENTIFIED 🚨

**Match:** Crystal Palace [R16, L4] vs Liverpool [R4, W2]
**Trap:** 💀 GUARANTEED LOSER (Gravity Well)
**Bet:** **Away Win or Draw (X2)** against Crystal Palace [Odds: 1.65 / 3.65]

=> Action: Place these bets immediately.

2026-06-16 06:19:16,791 [INFO] Already posted to Discord for vf:season:3100924-8
## 🚨 MASTER LOCKS IDENTIFIED 🚨

**Match:** Crystal Palace [R16, L4] vs Liverpool [R4, W2]
**Trap:** 💀 GUARANTEED LOSER (Gravity Well)
**Bet:** **Away Win or Draw (X2)** against Crystal Palace [Odds: 1.65 / 3.65]

=> Action: Place these bets immediately.

2026-06-16 06:19:17,303 [INFO] Already posted to Discord for vf:season:3100924-8
## 🚨 MASTER LOCKS IDENTIFIED 🚨

**Match:** Crystal Palace [R16, L4] vs Liverpool [R4, W2]
**Trap:** 💀 GUARANTEED LOSER (Gravity Well)
**Bet:** **Away Win or Draw (X2)** against Crystal Palace [Odds: 1.65 / 3.65]

=> Action: Place these bets immediately.

2026-06-16 06:19:20,253 [INFO] Already posted to Discord for vf:season:3100924-8
## 🚨 MASTER LOCKS IDENTIFIED 🚨

**Match:** Crystal Palace [R16, L4] vs Liverpool [R4, W2]
**Trap:** 💀 GUARANTEED LOSER (Gravity Well)
**Bet:** **Away Win or Draw (X2)** against Crystal Palace [Odds: 1.65 / 3.65]

=> Action: Place these bets immediately.

2026-06-16 06:19:20,523 [INFO] Already posted to Discord for vf:season:3100924-8
## 🚨 MASTER LOCKS IDENTIFIED 🚨

**Match:** Crystal Palace [R16, L4] vs Liverpool [R4, W2]
**Trap:** 💀 GUARANTEED LOSER (Gravity Well)
**Bet:** **Away Win or Draw (X2)** against Crystal Palace [Odds: 1.65 / 3.65]

=> Action: Place these bets immediately.

2026-06-16 06:19:20,914 [INFO] Already posted to Discord for vf:season:3100924-8
## 🚨 MASTER LOCKS IDENTIFIED 🚨

**Match:** Crystal Palace [R16, L4] vs Liverpool [R4, W2]
**Trap:** 💀 GUARANTEED LOSER (Gravity Well)
**Bet:** **Away Win or Draw (X2)** against Crystal Palace [Odds: 1.65 / 3.65]

=> Action: Place these bets immediately.

2026-06-16 06:23:21,570 [INFO] Already posted to Discord for vf:season:3100924-8
## 🚨 MASTER LOCKS IDENTIFIED 🚨

**Match:** Crystal Palace [R16, L4] vs Liverpool [R4, W2]
**Trap:** 💀 GUARANTEED LOSER (Gravity Well)
**Bet:** **Away Win or Draw (X2)** against Crystal Palace [Odds: 1.65 / 3.65]

=> Action: Place these bets immediately.

2026-06-16 06:23:21,571 [INFO] Already posted to Discord for vf:season:3100924-8
## 🚨 MASTER LOCKS IDENTIFIED 🚨

**Match:** Crystal Palace [R16, L4] vs Liverpool [R4, W2]
**Trap:** 💀 GUARANTEED LOSER (Gravity Well)
**Bet:** **Away Win or Draw (X2)** against Crystal Palace [Odds: 1.65 / 3.65]

=> Action: Place these bets immediately.

2026-06-16 06:23:21,572 [INFO] Already posted to Discord for vf:season:3100924-8
2026-06-16 06:23:21,572 [INFO] Already posted to Discord for vf:season:3100924-8
## 🚨 MASTER LOCKS IDENTIFIED 🚨

**Match:** Crystal Palace [R16, L4] vs Liverpool [R4, W2]
**Trap:** 💀 GUARANTEED LOSER (Gravity Well)
**Bet:** **Away Win or Draw (X2)** against Crystal Palace [Odds: 1.65 / 3.65]

=> Action: Place these bets immediately.

## 🚨 MASTER LOCKS IDENTIFIED 🚨

**Match:** Crystal Palace [R16, L4] vs Liverpool [R4, W2]
**Trap:** 💀 GUARANTEED LOSER (Gravity Well)
**Bet:** **Away Win or Draw (X2)** against Crystal Palace [Odds: 1.65 / 3.65]

=> Action: Place these bets immediately.

2026-06-16 06:23:21,573 [INFO] Already posted to Discord for vf:season:3100924-8
## 🚨 MASTER LOCKS IDENTIFIED 🚨

**Match:** Crystal Palace [R16, L4] vs Liverpool [R4, W2]
**Trap:** 💀 GUARANTEED LOSER (Gravity Well)
**Bet:** **Away Win or Draw (X2)** against Crystal Palace [Odds: 1.65 / 3.65]

=> Action: Place these bets immediately.

2026-06-16 06:23:21,574 [INFO] Already posted to Discord for vf:season:3100924-8
## 🚨 MASTER LOCKS IDENTIFIED 🚨

**Match:** Crystal Palace [R16, L4] vs Liverpool [R4, W2]
**Trap:** 💀 GUARANTEED LOSER (Gravity Well)
**Bet:** **Away Win or Draw (X2)** against Crystal Palace [Odds: 1.65 / 3.65]

=> Action: Place these bets immediately.

2026-06-16 06:23:21,575 [INFO] Already posted to Discord for vf:season:3100924-8
## 🚨 MASTER LOCKS IDENTIFIED 🚨

**Match:** Crystal Palace [R16, L4] vs Liverpool [R4, W2]
**Trap:** 💀 GUARANTEED LOSER (Gravity Well)
**Bet:** **Away Win or Draw (X2)** against Crystal Palace [Odds: 1.65 / 3.65]

=> Action: Place these bets immediately.

2026-06-16 06:23:21,575 [INFO] Already posted to Discord for vf:season:3100924-8
## 🚨 MASTER LOCKS IDENTIFIED 🚨

**Match:** Crystal Palace [R16, L4] vs Liverpool [R4, W2]
**Trap:** 💀 GUARANTEED LOSER (Gravity Well)
**Bet:** **Away Win or Draw (X2)** against Crystal Palace [Odds: 1.65 / 3.65]

=> Action: Place these bets immediately.

2026-06-16 06:23:21,575 [INFO] Already posted to Discord for vf:season:3100924-8
## 🚨 MASTER LOCKS IDENTIFIED 🚨

**Match:** Crystal Palace [R16, L4] vs Liverpool [R4, W2]
**Trap:** 💀 GUARANTEED LOSER (Gravity Well)
**Bet:** **Away Win or Draw (X2)** against Crystal Palace [Odds: 1.65 / 3.65]

=> Action: Place these bets immediately.

2026-06-16 06:23:21,575 [INFO] Already posted to Discord for vf:season:3100924-8
## 🚨 MASTER LOCKS IDENTIFIED 🚨

**Match:** Crystal Palace [R16, L4] vs Liverpool [R4, W2]
**Trap:** 💀 GUARANTEED LOSER (Gravity Well)
**Bet:** **Away Win or Draw (X2)** against Crystal Palace [Odds: 1.65 / 3.65]

=> Action: Place these bets immediately.

2026-06-16 06:23:21,575 [INFO] Already posted to Discord for vf:season:3100924-8
## 🚨 MASTER LOCKS IDENTIFIED 🚨

**Match:** Crystal Palace [R16, L4] vs Liverpool [R4, W2]
**Trap:** 💀 GUARANTEED LOSER (Gravity Well)
**Bet:** **Away Win or Draw (X2)** against Crystal Palace [Odds: 1.65 / 3.65]

=> Action: Place these bets immediately.

2026-06-16 06:23:21,576 [INFO] Already posted to Discord for vf:season:3100924-8
## 🚨 MASTER LOCKS IDENTIFIED 🚨

**Match:** Crystal Palace [R16, L4] vs Liverpool [R4, W2]
**Trap:** 💀 GUARANTEED LOSER (Gravity Well)
**Bet:** **Away Win or Draw (X2)** against Crystal Palace [Odds: 1.65 / 3.65]

=> Action: Place these bets immediately.

2026-06-16 06:23:21,576 [INFO] Already posted to Discord for vf:season:3100924-8
## 🚨 MASTER LOCKS IDENTIFIED 🚨

**Match:** Crystal Palace [R16, L4] vs Liverpool [R4, W2]
**Trap:** 💀 GUARANTEED LOSER (Gravity Well)
**Bet:** **Away Win or Draw (X2)** against Crystal Palace [Odds: 1.65 / 3.65]

=> Action: Place these bets immediately.

2026-06-16 06:23:21,576 [INFO] Already posted to Discord for vf:season:3100924-8
## 🚨 MASTER LOCKS IDENTIFIED 🚨

**Match:** Crystal Palace [R16, L4] vs Liverpool [R4, W2]
**Trap:** 💀 GUARANTEED LOSER (Gravity Well)
**Bet:** **Away Win or Draw (X2)** against Crystal Palace [Odds: 1.65 / 3.65]

=> Action: Place these bets immediately.

2026-06-16 06:23:21,577 [INFO] Already posted to Discord for vf:season:3100924-8
## 🚨 MASTER LOCKS IDENTIFIED 🚨

**Match:** Crystal Palace [R16, L4] vs Liverpool [R4, W2]
**Trap:** 💀 GUARANTEED LOSER (Gravity Well)
**Bet:** **Away Win or Draw (X2)** against Crystal Palace [Odds: 1.65 / 3.65]

=> Action: Place these bets immediately.

2026-06-16 06:23:21,577 [INFO] Already posted to Discord for vf:season:3100924-8
## 🚨 MASTER LOCKS IDENTIFIED 🚨

**Match:** Crystal Palace [R16, L4] vs Liverpool [R4, W2]
**Trap:** 💀 GUARANTEED LOSER (Gravity Well)
**Bet:** **Away Win or Draw (X2)** against Crystal Palace [Odds: 1.65 / 3.65]

=> Action: Place these bets immediately.

2026-06-16 06:23:21,577 [INFO] Already posted to Discord for vf:season:3100924-8
## 🚨 MASTER LOCKS IDENTIFIED 🚨

**Match:** Crystal Palace [R16, L4] vs Liverpool [R4, W2]
**Trap:** 💀 GUARANTEED LOSER (Gravity Well)
**Bet:** **Away Win or Draw (X2)** against Crystal Palace [Odds: 1.65 / 3.65]

=> Action: Place these bets immediately.

2026-06-16 06:23:21,578 [INFO] Already posted to Discord for vf:season:3100924-8
2026-06-16 06:23:21,578 [INFO] Already posted to Discord for vf:season:3100924-8
## 🚨 MASTER LOCKS IDENTIFIED 🚨

**Match:** Crystal Palace [R16, L4] vs Liverpool [R4, W2]
**Trap:** 💀 GUARANTEED LOSER (Gravity Well)
**Bet:** **Away Win or Draw (X2)** against Crystal Palace [Odds: 1.65 / 3.65]

=> Action: Place these bets immediately.

2026-06-16 06:23:21,578 [INFO] Already posted to Discord for vf:season:3100924-8
## 🚨 MASTER LOCKS IDENTIFIED 🚨

**Match:** Crystal Palace [R16, L4] vs Liverpool [R4, W2]
**Trap:** 💀 GUARANTEED LOSER (Gravity Well)
**Bet:** **Away Win or Draw (X2)** against Crystal Palace [Odds: 1.65 / 3.65]

=> Action: Place these bets immediately.

## 🚨 MASTER LOCKS IDENTIFIED 🚨

**Match:** Crystal Palace [R16, L4] vs Liverpool [R4, W2]
**Trap:** 💀 GUARANTEED LOSER (Gravity Well)
**Bet:** **Away Win or Draw (X2)** against Crystal Palace [Odds: 1.65 / 3.65]

=> Action: Place these bets immediately.

2026-06-16 06:23:21,578 [INFO] Already posted to Discord for vf:season:3100924-8
## 🚨 MASTER LOCKS IDENTIFIED 🚨

**Match:** Crystal Palace [R16, L4] vs Liverpool [R4, W2]
**Trap:** 💀 GUARANTEED LOSER (Gravity Well)
**Bet:** **Away Win or Draw (X2)** against Crystal Palace [Odds: 1.65 / 3.65]

=> Action: Place these bets immediately.

2026-06-16 06:23:21,578 [INFO] Already posted to Discord for vf:season:3100924-8
## 🚨 MASTER LOCKS IDENTIFIED 🚨

**Match:** Crystal Palace [R16, L4] vs Liverpool [R4, W2]
**Trap:** 💀 GUARANTEED LOSER (Gravity Well)
**Bet:** **Away Win or Draw (X2)** against Crystal Palace [Odds: 1.65 / 3.65]

=> Action: Place these bets immediately.

2026-06-16 06:23:21,579 [INFO] Already posted to Discord for vf:season:3100924-8
## 🚨 MASTER LOCKS IDENTIFIED 🚨

**Match:** Crystal Palace [R16, L4] vs Liverpool [R4, W2]
**Trap:** 💀 GUARANTEED LOSER (Gravity Well)
**Bet:** **Away Win or Draw (X2)** against Crystal Palace [Odds: 1.65 / 3.65]

=> Action: Place these bets immediately.

2026-06-16 06:23:21,579 [INFO] Already posted to Discord for vf:season:3100924-8
## 🚨 MASTER LOCKS IDENTIFIED 🚨

**Match:** Crystal Palace [R16, L4] vs Liverpool [R4, W2]
**Trap:** 💀 GUARANTEED LOSER (Gravity Well)
**Bet:** **Away Win or Draw (X2)** against Crystal Palace [Odds: 1.65 / 3.65]

=> Action: Place these bets immediately.

2026-06-16 06:23:21,584 [INFO] Already posted to Discord for vf:season:3100924-8
## 🚨 MASTER LOCKS IDENTIFIED 🚨

**Match:** Crystal Palace [R16, L4] vs Liverpool [R4, W2]
**Trap:** 💀 GUARANTEED LOSER (Gravity Well)
**Bet:** **Away Win or Draw (X2)** against Crystal Palace [Odds: 1.65 / 3.65]

=> Action: Place these bets immediately.

2026-06-16 06:23:21,584 [INFO] Already posted to Discord for vf:season:3100924-8
## 🚨 MASTER LOCKS IDENTIFIED 🚨

**Match:** Crystal Palace [R16, L4] vs Liverpool [R4, W2]
**Trap:** 💀 GUARANTEED LOSER (Gravity Well)
**Bet:** **Away Win or Draw (X2)** against Crystal Palace [Odds: 1.65 / 3.65]

=> Action: Place these bets immediately.

2026-06-16 06:23:21,585 [INFO] Already posted to Discord for vf:season:3100924-8
## 🚨 MASTER LOCKS IDENTIFIED 🚨

**Match:** Crystal Palace [R16, L4] vs Liverpool [R4, W2]
**Trap:** 💀 GUARANTEED LOSER (Gravity Well)
**Bet:** **Away Win or Draw (X2)** against Crystal Palace [Odds: 1.65 / 3.65]

=> Action: Place these bets immediately.

2026-06-16 06:23:21,585 [INFO] Already posted to Discord for vf:season:3100924-8
## 🚨 MASTER LOCKS IDENTIFIED 🚨

**Match:** Crystal Palace [R16, L4] vs Liverpool [R4, W2]
**Trap:** 💀 GUARANTEED LOSER (Gravity Well)
**Bet:** **Away Win or Draw (X2)** against Crystal Palace [Odds: 1.65 / 3.65]

=> Action: Place these bets immediately.

2026-06-16 06:23:21,603 [INFO] Already posted to Discord for vf:season:3100924-8
2026-06-16 06:23:21,604 [INFO] Already posted to Discord for vf:season:3100924-8
## 🚨 MASTER LOCKS IDENTIFIED 🚨

**Match:** Crystal Palace [R16, L4] vs Liverpool [R4, W2]
**Trap:** 💀 GUARANTEED LOSER (Gravity Well)
**Bet:** **Away Win or Draw (X2)** against Crystal Palace [Odds: 1.65 / 3.65]

=> Action: Place these bets immediately.

2026-06-16 06:23:21,604 [INFO] Already posted to Discord for vf:season:3100924-8
## 🚨 MASTER LOCKS IDENTIFIED 🚨

**Match:** Crystal Palace [R16, L4] vs Liverpool [R4, W2]
**Trap:** 💀 GUARANTEED LOSER (Gravity Well)
**Bet:** **Away Win or Draw (X2)** against Crystal Palace [Odds: 1.65 / 3.65]

=> Action: Place these bets immediately.

## 🚨 MASTER LOCKS IDENTIFIED 🚨

**Match:** Crystal Palace [R16, L4] vs Liverpool [R4, W2]
**Trap:** 💀 GUARANTEED LOSER (Gravity Well)
**Bet:** **Away Win or Draw (X2)** against Crystal Palace [Odds: 1.65 / 3.65]

=> Action: Place these bets immediately.

2026-06-16 06:23:21,585 [INFO] Already posted to Discord for vf:season:3100924-8
## 🚨 MASTER LOCKS IDENTIFIED 🚨

**Match:** Crystal Palace [R16, L4] vs Liverpool [R4, W2]
**Trap:** 💀 GUARANTEED LOSER (Gravity Well)
**Bet:** **Away Win or Draw (X2)** against Crystal Palace [Odds: 1.65 / 3.65]

=> Action: Place these bets immediately.

2026-06-16 06:23:21,587 [INFO] Already posted to Discord for vf:season:3100924-8
## 🚨 MASTER LOCKS IDENTIFIED 🚨

**Match:** Crystal Palace [R16, L4] vs Liverpool [R4, W2]
**Trap:** 💀 GUARANTEED LOSER (Gravity Well)
**Bet:** **Away Win or Draw (X2)** against Crystal Palace [Odds: 1.65 / 3.65]

=> Action: Place these bets immediately.

2026-06-16 06:23:21,764 [INFO] Already posted to Discord for vf:season:3100924-8
## 🚨 MASTER LOCKS IDENTIFIED 🚨

**Match:** Crystal Palace [R16, L4] vs Liverpool [R4, W2]
**Trap:** 💀 GUARANTEED LOSER (Gravity Well)
**Bet:** **Away Win or Draw (X2)** against Crystal Palace [Odds: 1.65 / 3.65]

=> Action: Place these bets immediately.

2026-06-16 06:23:21,765 [INFO] Already posted to Discord for vf:season:3100924-8
## 🚨 MASTER LOCKS IDENTIFIED 🚨

**Match:** Crystal Palace [R16, L4] vs Liverpool [R4, W2]
**Trap:** 💀 GUARANTEED LOSER (Gravity Well)
**Bet:** **Away Win or Draw (X2)** against Crystal Palace [Odds: 1.65 / 3.65]

=> Action: Place these bets immediately.

2026-06-16 06:23:21,765 [INFO] Already posted to Discord for vf:season:3100924-8
## 🚨 MASTER LOCKS IDENTIFIED 🚨

**Match:** Crystal Palace [R16, L4] vs Liverpool [R4, W2]
**Trap:** 💀 GUARANTEED LOSER (Gravity Well)
**Bet:** **Away Win or Draw (X2)** against Crystal Palace [Odds: 1.65 / 3.65]

=> Action: Place these bets immediately.

2026-06-16 06:23:21,772 [INFO] Already posted to Discord for vf:season:3100924-8
## 🚨 MASTER LOCKS IDENTIFIED 🚨

**Match:** Crystal Palace [R16, L4] vs Liverpool [R4, W2]
**Trap:** 💀 GUARANTEED LOSER (Gravity Well)
**Bet:** **Away Win or Draw (X2)** against Crystal Palace [Odds: 1.65 / 3.65]

=> Action: Place these bets immediately.

2026-06-16 06:23:21,773 [INFO] Already posted to Discord for vf:season:3100924-8
## 🚨 MASTER LOCKS IDENTIFIED 🚨

**Match:** Crystal Palace [R16, L4] vs Liverpool [R4, W2]
**Trap:** 💀 GUARANTEED LOSER (Gravity Well)
**Bet:** **Away Win or Draw (X2)** against Crystal Palace [Odds: 1.65 / 3.65]

=> Action: Place these bets immediately.

2026-06-16 06:23:21,765 [INFO] Already posted to Discord for vf:season:3100924-8
## 🚨 MASTER LOCKS IDENTIFIED 🚨

**Match:** Crystal Palace [R16, L4] vs Liverpool [R4, W2]
**Trap:** 💀 GUARANTEED LOSER (Gravity Well)
**Bet:** **Away Win or Draw (X2)** against Crystal Palace [Odds: 1.65 / 3.65]

=> Action: Place these bets immediately.

2026-06-16 06:23:21,773 [INFO] Already posted to Discord for vf:season:3100924-8
## 🚨 MASTER LOCKS IDENTIFIED 🚨

**Match:** Crystal Palace [R16, L4] vs Liverpool [R4, W2]
**Trap:** 💀 GUARANTEED LOSER (Gravity Well)
**Bet:** **Away Win or Draw (X2)** against Crystal Palace [Odds: 1.65 / 3.65]

=> Action: Place these bets immediately.

2026-06-16 06:23:21,773 [INFO] Already posted to Discord for vf:season:3100924-8
## 🚨 MASTER LOCKS IDENTIFIED 🚨

**Match:** Crystal Palace [R16, L4] vs Liverpool [R4, W2]
**Trap:** 💀 GUARANTEED LOSER (Gravity Well)
**Bet:** **Away Win or Draw (X2)** against Crystal Palace [Odds: 1.65 / 3.65]

=> Action: Place these bets immediately.

2026-06-16 06:23:21,586 [INFO] Already posted to Discord for vf:season:3100924-8
## 🚨 MASTER LOCKS IDENTIFIED 🚨

**Match:** Crystal Palace [R16, L4] vs Liverpool [R4, W2]
**Trap:** 💀 GUARANTEED LOSER (Gravity Well)
**Bet:** **Away Win or Draw (X2)** against Crystal Palace [Odds: 1.65 / 3.65]

=> Action: Place these bets immediately.

2026-06-16 06:23:21,774 [INFO] Already posted to Discord for vf:season:3100924-8
## 🚨 MASTER LOCKS IDENTIFIED 🚨

**Match:** Crystal Palace [R16, L4] vs Liverpool [R4, W2]
**Trap:** 💀 GUARANTEED LOSER (Gravity Well)
**Bet:** **Away Win or Draw (X2)** against Crystal Palace [Odds: 1.65 / 3.65]

=> Action: Place these bets immediately.

2026-06-16 06:23:21,587 [INFO] Already posted to Discord for vf:season:3100924-8
## 🚨 MASTER LOCKS IDENTIFIED 🚨

**Match:** Crystal Palace [R16, L4] vs Liverpool [R4, W2]
**Trap:** 💀 GUARANTEED LOSER (Gravity Well)
**Bet:** **Away Win or Draw (X2)** against Crystal Palace [Odds: 1.65 / 3.65]

=> Action: Place these bets immediately.

2026-06-16 06:23:21,774 [INFO] Already posted to Discord for vf:season:3100924-8
## 🚨 MASTER LOCKS IDENTIFIED 🚨

**Match:** Crystal Palace [R16, L4] vs Liverpool [R4, W2]
**Trap:** 💀 GUARANTEED LOSER (Gravity Well)
**Bet:** **Away Win or Draw (X2)** against Crystal Palace [Odds: 1.65 / 3.65]

=> Action: Place these bets immediately.

2026-06-16 06:23:21,774 [INFO] Already posted to Discord for vf:season:3100924-8
## 🚨 MASTER LOCKS IDENTIFIED 🚨

**Match:** Crystal Palace [R16, L4] vs Liverpool [R4, W2]
**Trap:** 💀 GUARANTEED LOSER (Gravity Well)
**Bet:** **Away Win or Draw (X2)** against Crystal Palace [Odds: 1.65 / 3.65]

=> Action: Place these bets immediately.

2026-06-16 06:23:21,775 [INFO] Already posted to Discord for vf:season:3100924-8
## 🚨 MASTER LOCKS IDENTIFIED 🚨

**Match:** Crystal Palace [R16, L4] vs Liverpool [R4, W2]
**Trap:** 💀 GUARANTEED LOSER (Gravity Well)
**Bet:** **Away Win or Draw (X2)** against Crystal Palace [Odds: 1.65 / 3.65]

=> Action: Place these bets immediately.

2026-06-16 06:23:21,775 [INFO] Already posted to Discord for vf:season:3100924-8
## 🚨 MASTER LOCKS IDENTIFIED 🚨

**Match:** Crystal Palace [R16, L4] vs Liverpool [R4, W2]
**Trap:** 💀 GUARANTEED LOSER (Gravity Well)
**Bet:** **Away Win or Draw (X2)** against Crystal Palace [Odds: 1.65 / 3.65]

=> Action: Place these bets immediately.

2026-06-16 06:23:21,778 [INFO] Already posted to Discord for vf:season:3100924-8
## 🚨 MASTER LOCKS IDENTIFIED 🚨

**Match:** Crystal Palace [R16, L4] vs Liverpool [R4, W2]
**Trap:** 💀 GUARANTEED LOSER (Gravity Well)
**Bet:** **Away Win or Draw (X2)** against Crystal Palace [Odds: 1.65 / 3.65]

=> Action: Place these bets immediately.

2026-06-16 06:23:21,778 [INFO] Already posted to Discord for vf:season:3100924-8
## 🚨 MASTER LOCKS IDENTIFIED 🚨

**Match:** Crystal Palace [R16, L4] vs Liverpool [R4, W2]
**Trap:** 💀 GUARANTEED LOSER (Gravity Well)
**Bet:** **Away Win or Draw (X2)** against Crystal Palace [Odds: 1.65 / 3.65]

=> Action: Place these bets immediately.

2026-06-16 06:23:21,779 [INFO] Already posted to Discord for vf:season:3100924-8
## 🚨 MASTER LOCKS IDENTIFIED 🚨

**Match:** Crystal Palace [R16, L4] vs Liverpool [R4, W2]
**Trap:** 💀 GUARANTEED LOSER (Gravity Well)
**Bet:** **Away Win or Draw (X2)** against Crystal Palace [Odds: 1.65 / 3.65]

=> Action: Place these bets immediately.

2026-06-16 06:23:21,780 [INFO] Already posted to Discord for vf:season:3100924-8
## 🚨 MASTER LOCKS IDENTIFIED 🚨

**Match:** Crystal Palace [R16, L4] vs Liverpool [R4, W2]
**Trap:** 💀 GUARANTEED LOSER (Gravity Well)
**Bet:** **Away Win or Draw (X2)** against Crystal Palace [Odds: 1.65 / 3.65]

=> Action: Place these bets immediately.

2026-06-16 06:23:21,780 [INFO] Already posted to Discord for vf:season:3100924-8
## 🚨 MASTER LOCKS IDENTIFIED 🚨

**Match:** Crystal Palace [R16, L4] vs Liverpool [R4, W2]
**Trap:** 💀 GUARANTEED LOSER (Gravity Well)
**Bet:** **Away Win or Draw (X2)** against Crystal Palace [Odds: 1.65 / 3.65]

=> Action: Place these bets immediately.

2026-06-16 06:23:21,780 [INFO] Already posted to Discord for vf:season:3100924-8
## 🚨 MASTER LOCKS IDENTIFIED 🚨

**Match:** Crystal Palace [R16, L4] vs Liverpool [R4, W2]
**Trap:** 💀 GUARANTEED LOSER (Gravity Well)
**Bet:** **Away Win or Draw (X2)** against Crystal Palace [Odds: 1.65 / 3.65]

=> Action: Place these bets immediately.

2026-06-16 06:23:21,781 [INFO] Already posted to Discord for vf:season:3100924-8
## 🚨 MASTER LOCKS IDENTIFIED 🚨

**Match:** Crystal Palace [R16, L4] vs Liverpool [R4, W2]
**Trap:** 💀 GUARANTEED LOSER (Gravity Well)
**Bet:** **Away Win or Draw (X2)** against Crystal Palace [Odds: 1.65 / 3.65]

=> Action: Place these bets immediately.

2026-06-16 06:23:21,773 [INFO] Already posted to Discord for vf:season:3100924-8
## 🚨 MASTER LOCKS IDENTIFIED 🚨

**Match:** Crystal Palace [R16, L4] vs Liverpool [R4, W2]
**Trap:** 💀 GUARANTEED LOSER (Gravity Well)
**Bet:** **Away Win or Draw (X2)** against Crystal Palace [Odds: 1.65 / 3.65]

=> Action: Place these bets immediately.

2026-06-16 06:23:21,782 [INFO] Already posted to Discord for vf:season:3100924-8
## 🚨 MASTER LOCKS IDENTIFIED 🚨

**Match:** Crystal Palace [R16, L4] vs Liverpool [R4, W2]
**Trap:** 💀 GUARANTEED LOSER (Gravity Well)
**Bet:** **Away Win or Draw (X2)** against Crystal Palace [Odds: 1.65 / 3.65]

=> Action: Place these bets immediately.

2026-06-16 06:23:21,785 [INFO] Already posted to Discord for vf:season:3100924-8
## 🚨 MASTER LOCKS IDENTIFIED 🚨

**Match:** Crystal Palace [R16, L4] vs Liverpool [R4, W2]
**Trap:** 💀 GUARANTEED LOSER (Gravity Well)
**Bet:** **Away Win or Draw (X2)** against Crystal Palace [Odds: 1.65 / 3.65]

=> Action: Place these bets immediately.

2026-06-16 06:23:38,031 [INFO] Already posted to Discord for vf:season:3100924-8
2026-06-16 06:23:38,032 [INFO] Already posted to Discord for vf:season:3100924-8
## 🚨 MASTER LOCKS IDENTIFIED 🚨

**Match:** Crystal Palace [R16, L4] vs Liverpool [R4, W2]
**Trap:** 💀 GUARANTEED LOSER (Gravity Well)
**Bet:** **Away Win or Draw (X2)** against Crystal Palace [Odds: 1.65 / 3.65]

=> Action: Place these bets immediately.

2026-06-16 06:23:38,148 [INFO] Already posted to Discord for vf:season:3100924-8
2026-06-16 06:23:38,170 [INFO] Already posted to Discord for vf:season:3100924-8
## 🚨 MASTER LOCKS IDENTIFIED 🚨

**Match:** Crystal Palace [R16, L4] vs Liverpool [R4, W2]
**Trap:** 💀 GUARANTEED LOSER (Gravity Well)
**Bet:** **Away Win or Draw (X2)** against Crystal Palace [Odds: 1.65 / 3.65]

=> Action: Place these bets immediately.

2026-06-16 06:23:38,184 [INFO] Already posted to Discord for vf:season:3100924-8
2026-06-16 06:23:38,205 [INFO] Already posted to Discord for vf:season:3100924-8
## 🚨 MASTER LOCKS IDENTIFIED 🚨

**Match:** Crystal Palace [R16, L4] vs Liverpool [R4, W2]
**Trap:** 💀 GUARANTEED LOSER (Gravity Well)
**Bet:** **Away Win or Draw (X2)** against Crystal Palace [Odds: 1.65 / 3.65]

=> Action: Place these bets immediately.

## 🚨 MASTER LOCKS IDENTIFIED 🚨

**Match:** Crystal Palace [R16, L4] vs Liverpool [R4, W2]
**Trap:** 💀 GUARANTEED LOSER (Gravity Well)
**Bet:** **Away Win or Draw (X2)** against Crystal Palace [Odds: 1.65 / 3.65]

=> Action: Place these bets immediately.

2026-06-16 06:23:38,244 [INFO] Already posted to Discord for vf:season:3100924-8
2026-06-16 06:23:38,244 [INFO] Already posted to Discord for vf:season:3100924-8
## 🚨 MASTER LOCKS IDENTIFIED 🚨

**Match:** Crystal Palace [R16, L4] vs Liverpool [R4, W2]
**Trap:** 💀 GUARANTEED LOSER (Gravity Well)
**Bet:** **Away Win or Draw (X2)** against Crystal Palace [Odds: 1.65 / 3.65]

=> Action: Place these bets immediately.

## 🚨 MASTER LOCKS IDENTIFIED 🚨

**Match:** Crystal Palace [R16, L4] vs Liverpool [R4, W2]
**Trap:** 💀 GUARANTEED LOSER (Gravity Well)
**Bet:** **Away Win or Draw (X2)** against Crystal Palace [Odds: 1.65 / 3.65]

=> Action: Place these bets immediately.

2026-06-16 06:23:38,310 [INFO] Already posted to Discord for vf:season:3100924-8
## 🚨 MASTER LOCKS IDENTIFIED 🚨

**Match:** Crystal Palace [R16, L4] vs Liverpool [R4, W2]
**Trap:** 💀 GUARANTEED LOSER (Gravity Well)
**Bet:** **Away Win or Draw (X2)** against Crystal Palace [Odds: 1.65 / 3.65]

=> Action: Place these bets immediately.

2026-06-16 06:23:38,347 [INFO] Already posted to Discord for vf:season:3100924-8
## 🚨 MASTER LOCKS IDENTIFIED 🚨

**Match:** Crystal Palace [R16, L4] vs Liverpool [R4, W2]
**Trap:** 💀 GUARANTEED LOSER (Gravity Well)
**Bet:** **Away Win or Draw (X2)** against Crystal Palace [Odds: 1.65 / 3.65]

=> Action: Place these bets immediately.

## 🚨 MASTER LOCKS IDENTIFIED 🚨

**Match:** Crystal Palace [R16, L4] vs Liverpool [R4, W2]
**Trap:** 💀 GUARANTEED LOSER (Gravity Well)
**Bet:** **Away Win or Draw (X2)** against Crystal Palace [Odds: 1.65 / 3.65]

=> Action: Place these bets immediately.

2026-06-16 06:23:38,668 [INFO] Already posted to Discord for vf:season:3100924-8
2026-06-16 06:23:38,672 [INFO] Already posted to Discord for vf:season:3100924-8
## 🚨 MASTER LOCKS IDENTIFIED 🚨

**Match:** Crystal Palace [R16, L4] vs Liverpool [R4, W2]
**Trap:** 💀 GUARANTEED LOSER (Gravity Well)
**Bet:** **Away Win or Draw (X2)** against Crystal Palace [Odds: 1.65 / 3.65]

=> Action: Place these bets immediately.

## 🚨 MASTER LOCKS IDENTIFIED 🚨

**Match:** Crystal Palace [R16, L4] vs Liverpool [R4, W2]
**Trap:** 💀 GUARANTEED LOSER (Gravity Well)
**Bet:** **Away Win or Draw (X2)** against Crystal Palace [Odds: 1.65 / 3.65]

=> Action: Place these bets immediately.

2026-06-16 06:23:38,900 [INFO] Already posted to Discord for vf:season:3100924-8
## 🚨 MASTER LOCKS IDENTIFIED 🚨

**Match:** Crystal Palace [R16, L4] vs Liverpool [R4, W2]
**Trap:** 💀 GUARANTEED LOSER (Gravity Well)
**Bet:** **Away Win or Draw (X2)** against Crystal Palace [Odds: 1.65 / 3.65]

=> Action: Place these bets immediately.

## 🚨 MASTER LOCKS IDENTIFIED 🚨

**Match:** Crystal Palace [R16, L4] vs Liverpool [R4, W2]
**Trap:** 💀 GUARANTEED LOSER (Gravity Well)
**Bet:** **Away Win or Draw (X2)** against Crystal Palace [Odds: 1.65 / 3.65]

=> Action: Place these bets immediately.

2026-06-16 06:23:39,027 [INFO] Already posted to Discord for vf:season:3100924-8
## 🚨 MASTER LOCKS IDENTIFIED 🚨

**Match:** Crystal Palace [R16, L4] vs Liverpool [R4, W2]
**Trap:** 💀 GUARANTEED LOSER (Gravity Well)
**Bet:** **Away Win or Draw (X2)** against Crystal Palace [Odds: 1.65 / 3.65]

=> Action: Place these bets immediately.

2026-06-16 06:23:47,486 [INFO] Already posted to Discord for vf:season:3100924-8
## 🚨 MASTER LOCKS IDENTIFIED 🚨

**Match:** Crystal Palace [R16, L4] vs Liverpool [R4, W2]
**Trap:** 💀 GUARANTEED LOSER (Gravity Well)
**Bet:** **Away Win or Draw (X2)** against Crystal Palace [Odds: 1.65 / 3.65]

=> Action: Place these bets immediately.

2026-06-16 06:23:50,509 [INFO] Already posted to Discord for vf:season:3100924-8
## 🚨 MASTER LOCKS IDENTIFIED 🚨

**Match:** Crystal Palace [R16, L4] vs Liverpool [R4, W2]
**Trap:** 💀 GUARANTEED LOSER (Gravity Well)
**Bet:** **Away Win or Draw (X2)** against Crystal Palace [Odds: 1.65 / 3.65]

=> Action: Place these bets immediately.

2026-06-16 06:23:51,207 [INFO] Already posted to Discord for vf:season:3100924-8
## 🚨 MASTER LOCKS IDENTIFIED 🚨

**Match:** Crystal Palace [R16, L4] vs Liverpool [R4, W2]
**Trap:** 💀 GUARANTEED LOSER (Gravity Well)
**Bet:** **Away Win or Draw (X2)** against Crystal Palace [Odds: 1.65 / 3.65]

=> Action: Place these bets immediately.

2026-06-16 06:23:53,468 [INFO] Already posted to Discord for vf:season:3100924-8
## 🚨 MASTER LOCKS IDENTIFIED 🚨

**Match:** Crystal Palace [R16, L4] vs Liverpool [R4, W2]
**Trap:** 💀 GUARANTEED LOSER (Gravity Well)
**Bet:** **Away Win or Draw (X2)** against Crystal Palace [Odds: 1.65 / 3.65]

=> Action: Place these bets immediately.

2026-06-16 07:29:02,753 [INFO] Sending trap alert to Discord via hermes CLI...
2026-06-16 07:29:02,842 [INFO] Sending trap alert to Discord via hermes CLI...
2026-06-16 07:29:02,843 [INFO] Sending trap alert to Discord via hermes CLI...
2026-06-16 07:29:02,846 [INFO] Sending trap alert to Discord via hermes CLI...
2026-06-16 07:29:02,847 [INFO] Sending trap alert to Discord via hermes CLI...
2026-06-16 07:29:02,847 [INFO] Sending trap alert to Discord via hermes CLI...
2026-06-16 07:29:02,848 [INFO] Sending trap alert to Discord via hermes CLI...
2026-06-16 07:29:02,851 [INFO] Sending trap alert to Discord via hermes CLI...
2026-06-16 07:29:02,852 [INFO] Sending trap alert to Discord via hermes CLI...
2026-06-16 07:29:02,853 [INFO] Sending trap alert to Discord via hermes CLI...
2026-06-16 07:29:02,853 [INFO] Sending trap alert to Discord via hermes CLI...
2026-06-16 07:29:02,854 [INFO] Sending trap alert to Discord via hermes CLI...
2026-06-16 07:29:11,816 [INFO] Sending trap alert to Discord via hermes CLI...
2026-06-16 07:29:11,830 [INFO] Sending trap alert to Discord via hermes CLI...
2026-06-16 07:29:11,894 [INFO] Sending trap alert to Discord via hermes CLI...
2026-06-16 07:29:12,524 [INFO] Sending trap alert to Discord via hermes CLI...
2026-06-16 07:29:12,785 [INFO] Sending trap alert to Discord via hermes CLI...
2026-06-16 07:29:12,880 [INFO] Sending trap alert to Discord via hermes CLI...
2026-06-16 07:29:12,907 [INFO] Sending trap alert to Discord via hermes CLI...
2026-06-16 07:29:12,953 [INFO] Sending trap alert to Discord via hermes CLI...
2026-06-16 07:29:14,966 [INFO] Sending trap alert to Discord via hermes CLI...
2026-06-16 07:29:15,965 [INFO] Sending trap alert to Discord via hermes CLI...
2026-06-16 07:29:17,230 [INFO] Sending trap alert to Discord via hermes CLI...
2026-06-16 07:29:17,229 [INFO] Sending trap alert to Discord via hermes CLI...
2026-06-16 07:29:17,375 [INFO] Sending trap alert to Discord via hermes CLI...
2026-06-16 07:29:44,450 [INFO] Sending trap alert to Discord via hermes CLI...
2026-06-16 07:29:46,275 [INFO] Sending trap alert to Discord via hermes CLI...
2026-06-16 07:29:46,444 [INFO] Sending trap alert to Discord via hermes CLI...
2026-06-16 07:29:51,895 [INFO] Sending trap alert to Discord via hermes CLI...
2026-06-16 07:29:54,534 [INFO] Sending trap alert to Discord via hermes CLI...
2026-06-16 07:29:54,536 [INFO] Sending trap alert to Discord via hermes CLI...
2026-06-16 07:30:24,572 [INFO] Sending trap alert to Discord via hermes CLI...
2026-06-16 07:30:24,600 [INFO] Sending trap alert to Discord via hermes CLI...
2026-06-16 07:30:24,605 [INFO] Sending trap alert to Discord via hermes CLI...
2026-06-16 07:30:24,608 [INFO] Sending trap alert to Discord via hermes CLI...
2026-06-16 07:30:24,610 [INFO] Sending trap alert to Discord via hermes CLI...
2026-06-16 07:30:24,611 [INFO] Sending trap alert to Discord via hermes CLI...
2026-06-16 07:30:24,613 [INFO] Sending trap alert to Discord via hermes CLI...
2026-06-16 07:30:24,619 [INFO] Sending trap alert to Discord via hermes CLI...
2026-06-16 07:30:24,622 [INFO] Sending trap alert to Discord via hermes CLI...
2026-06-16 07:30:24,625 [INFO] Sending trap alert to Discord via hermes CLI...
2026-06-16 07:30:24,626 [INFO] Sending trap alert to Discord via hermes CLI...
2026-06-16 07:30:24,627 [INFO] Sending trap alert to Discord via hermes CLI...
2026-06-16 07:30:24,637 [INFO] Sending trap alert to Discord via hermes CLI...
2026-06-16 07:30:24,637 [INFO] Sending trap alert to Discord via hermes CLI...
2026-06-16 07:30:24,637 [INFO] Sending trap alert to Discord via hermes CLI...
2026-06-16 07:30:24,630 [INFO] Sending trap alert to Discord via hermes CLI...
2026-06-16 07:30:24,638 [INFO] Sending trap alert to Discord via hermes CLI...
2026-06-16 07:30:24,841 [INFO] Sending trap alert to Discord via hermes CLI...
2026-06-16 07:30:24,880 [INFO] Sending trap alert to Discord via hermes CLI...
2026-06-16 07:30:24,903 [INFO] Sending trap alert to Discord via hermes CLI...
2026-06-16 07:30:24,923 [INFO] Sending trap alert to Discord via hermes CLI...
2026-06-16 07:30:24,933 [INFO] Sending trap alert to Discord via hermes CLI...
2026-06-16 07:30:24,935 [INFO] Sending trap alert to Discord via hermes CLI...
2026-06-16 07:30:24,936 [INFO] Sending trap alert to Discord via hermes CLI...
2026-06-16 07:30:24,940 [INFO] Sending trap alert to Discord via hermes CLI...
2026-06-16 07:30:24,941 [INFO] Sending trap alert to Discord via hermes CLI...
2026-06-16 07:30:24,948 [INFO] Sending trap alert to Discord via hermes CLI...
2026-06-16 07:30:24,976 [INFO] Sending trap alert to Discord via hermes CLI...
2026-06-16 07:30:24,980 [INFO] Sending trap alert to Discord via hermes CLI...
2026-06-16 07:30:24,986 [INFO] Sending trap alert to Discord via hermes CLI...
2026-06-16 07:31:01,884 [INFO] Sending trap alert to Discord via hermes CLI...
2026-06-16 07:31:01,924 [INFO] Sending trap alert to Discord via hermes CLI...
2026-06-16 07:31:01,938 [INFO] Sending trap alert to Discord via hermes CLI...
2026-06-16 07:31:02,166 [INFO] Sending trap alert to Discord via hermes CLI...
2026-06-16 08:18:01,963 [INFO] Sending trap alert to Discord via hermes CLI...
2026-06-16 08:18:15,578 [INFO] Successfully posted to Discord. Output: sent
No extreme algorithmic traps active this matchday.
=> Action: Wait for next matchday.

2026-06-16 08:19:01,880 [INFO] Sending trap alert to Discord via hermes CLI...
2026-06-16 08:19:05,113 [INFO] Successfully posted to Discord. Output: sent
## 🚨 MASTER LOCKS IDENTIFIED 🚨

**Match:** Crystal Palace [R16, L4] vs Brighton [R10, D1]
**Trap:** 💀 GUARANTEED LOSER (Gravity Well)
**Bet:** **Away Win or Draw (X2)** against Crystal Palace [Odds: 2.65 / 3.35]

=> Action: Place these bets immediately.

2026-06-16 08:20:01,681 [INFO] Sending trap alert to Discord via hermes CLI...
2026-06-16 08:20:04,574 [INFO] Successfully posted to Discord. Output: sent
No extreme algorithmic traps active this matchday.
=> Action: Wait for next matchday.

2026-06-16 08:21:01,843 [INFO] Already posted to Discord for vf:season:3100985-12
No extreme algorithmic traps active this matchday.
=> Action: Wait for next matchday.

2026-06-16 08:22:02,058 [INFO] Already posted to Discord for vf:season:3100985-12
No extreme algorithmic traps active this matchday.
=> Action: Wait for next matchday.

2026-06-16 08:23:01,999 [INFO] Sending trap alert to Discord via hermes CLI...
2026-06-16 08:23:04,542 [INFO] Successfully posted to Discord. Output: sent
## 🚨 MASTER LOCKS IDENTIFIED 🚨

**Match:** Bournemouth [R14, L5] vs Newcastle [R16, L1]
**Trap:** 💀 GUARANTEED LOSER (Gravity Well)
**Bet:** **Away Win or Draw (X2)** against Bournemouth [Odds: 2.75 / 3.1]

**Match:** Tottenham [R11, L2] vs Crystal Palace [R15, L5]
**Trap:** 💀 GUARANTEED LOSER (Gravity Well)
**Bet:** **Home Win or Draw (1X)** against Crystal Palace [Odds: 1.4 / 4.75]

=> Action: Place these bets immediately.

2026-06-16 08:24:01,781 [INFO] Already posted to Discord for vf:season:3100985-13
## 🚨 MASTER LOCKS IDENTIFIED 🚨

**Match:** Bournemouth [R14, L5] vs Newcastle [R16, L1]
**Trap:** 💀 GUARANTEED LOSER (Gravity Well)
**Bet:** **Away Win or Draw (X2)** against Bournemouth [Odds: 2.75 / 3.1]

**Match:** Tottenham [R11, L2] vs Crystal Palace [R15, L5]
**Trap:** 💀 GUARANTEED LOSER (Gravity Well)
**Bet:** **Home Win or Draw (1X)** against Crystal Palace [Odds: 1.4 / 4.75]

=> Action: Place these bets immediately.

2026-06-16 08:25:01,790 [INFO] Already posted to Discord for vf:season:3100985-13
## 🚨 MASTER LOCKS IDENTIFIED 🚨

**Match:** Bournemouth [R14, L5] vs Newcastle [R16, L1]
**Trap:** 💀 GUARANTEED LOSER (Gravity Well)
**Bet:** **Away Win or Draw (X2)** against Bournemouth [Odds: 2.75 / 3.1]

**Match:** Tottenham [R11, L2] vs Crystal Palace [R15, L5]
**Trap:** 💀 GUARANTEED LOSER (Gravity Well)
**Bet:** **Home Win or Draw (1X)** against Crystal Palace [Odds: 1.4 / 4.75]

=> Action: Place these bets immediately.

2026-06-16 08:26:02,255 [INFO] Already posted to Discord for vf:season:3100985-13
## 🚨 MASTER LOCKS IDENTIFIED 🚨

**Match:** Bournemouth [R14, L5] vs Newcastle [R16, L1]
**Trap:** 💀 GUARANTEED LOSER (Gravity Well)
**Bet:** **Away Win or Draw (X2)** against Bournemouth [Odds: 2.75 / 3.1]

**Match:** Tottenham [R11, L2] vs Crystal Palace [R15, L5]
**Trap:** 💀 GUARANTEED LOSER (Gravity Well)
**Bet:** **Home Win or Draw (1X)** against Crystal Palace [Odds: 1.4 / 4.75]

=> Action: Place these bets immediately.

2026-06-16 08:27:01,667 [INFO] Sending trap alert to Discord via hermes CLI...
2026-06-16 08:27:04,512 [INFO] Successfully posted to Discord. Output: sent
## 🚨 MASTER LOCKS IDENTIFIED 🚨

**Match:** Fulham [R13, L2] vs Bournemouth [R14, L5]
**Trap:** 💀 GUARANTEED LOSER (Gravity Well)
**Bet:** **Home Win or Draw (1X)** against Bournemouth [Odds: 2.1 / 3.15]

**Match:** Crystal Palace [R16, L5] vs Chelsea [R7, L1]
**Trap:** 💀 GUARANTEED LOSER (Gravity Well)
**Bet:** **Away Win or Draw (X2)** against Crystal Palace [Odds: 1.45 / 4.45]

=> Action: Place these bets immediately.

2026-06-16 08:28:02,541 [INFO] Already posted to Discord for vf:season:3100985-14
## 🚨 MASTER LOCKS IDENTIFIED 🚨

**Match:** Fulham [R13, L2] vs Bournemouth [R14, L5]
**Trap:** 💀 GUARANTEED LOSER (Gravity Well)
**Bet:** **Home Win or Draw (1X)** against Bournemouth [Odds: 2.1 / 3.15]

**Match:** Crystal Palace [R16, L5] vs Chelsea [R7, L1]
**Trap:** 💀 GUARANTEED LOSER (Gravity Well)
**Bet:** **Away Win or Draw (X2)** against Crystal Palace [Odds: 1.45 / 4.45]

=> Action: Place these bets immediately.

2026-06-16 08:29:01,544 [INFO] Already posted to Discord for vf:season:3100985-14
## 🚨 MASTER LOCKS IDENTIFIED 🚨

**Match:** Fulham [R13, L2] vs Bournemouth [R14, L5]
**Trap:** 💀 GUARANTEED LOSER (Gravity Well)
**Bet:** **Home Win or Draw (1X)** against Bournemouth [Odds: 2.1 / 3.15]

**Match:** Crystal Palace [R16, L5] vs Chelsea [R7, L1]
**Trap:** 💀 GUARANTEED LOSER (Gravity Well)
**Bet:** **Away Win or Draw (X2)** against Crystal Palace [Odds: 1.45 / 4.45]

=> Action: Place these bets immediately.

2026-06-16 08:30:02,489 [INFO] Already posted to Discord for vf:season:3100985-14
## 🚨 MASTER LOCKS IDENTIFIED 🚨

**Match:** Fulham [R13, L2] vs Bournemouth [R14, L5]
**Trap:** 💀 GUARANTEED LOSER (Gravity Well)
**Bet:** **Home Win or Draw (1X)** against Bournemouth [Odds: 2.1 / 3.15]

**Match:** Crystal Palace [R16, L5] vs Chelsea [R7, L1]
**Trap:** 💀 GUARANTEED LOSER (Gravity Well)
**Bet:** **Away Win or Draw (X2)** against Crystal Palace [Odds: 1.45 / 4.45]

=> Action: Place these bets immediately.

2026-06-16 08:31:02,195 [INFO] Sending trap alert to Discord via hermes CLI...
2026-06-16 08:31:05,351 [INFO] Successfully posted to Discord. Output: sent
## 🚨 MASTER LOCKS IDENTIFIED 🚨

**Match:** Bournemouth [R14, L3] vs Crystal Palace [R16, L5]
**Trap:** 💀 GUARANTEED LOSER (Gravity Well)
**Bet:** **Home Win or Draw (1X)** against Crystal Palace [Odds: 2.45 / 3.25]

=> Action: Place these bets immediately.

2026-06-16 08:32:01,632 [INFO] Already posted to Discord for vf:season:3100985-15
## 🚨 MASTER LOCKS IDENTIFIED 🚨

**Match:** Bournemouth [R14, L3] vs Crystal Palace [R16, L5]
**Trap:** 💀 GUARANTEED LOSER (Gravity Well)
**Bet:** **Home Win or Draw (1X)** against Crystal Palace [Odds: 2.45 / 3.25]

=> Action: Place these bets immediately.

2026-06-16 08:33:02,316 [INFO] Already posted to Discord for vf:season:3100985-15
## 🚨 MASTER LOCKS IDENTIFIED 🚨

**Match:** Bournemouth [R14, L3] vs Crystal Palace [R16, L5]
**Trap:** 💀 GUARANTEED LOSER (Gravity Well)
**Bet:** **Home Win or Draw (1X)** against Crystal Palace [Odds: 2.45 / 3.25]

=> Action: Place these bets immediately.

2026-06-16 08:34:02,434 [INFO] Sending trap alert to Discord via hermes CLI...
2026-06-16 08:34:05,412 [INFO] Successfully posted to Discord. Output: sent
## 🚨 MASTER LOCKS IDENTIFIED 🚨

**Match:** Aston Villa [R5, W1] vs Crystal Palace [R16, L5]
**Trap:** 💀 GUARANTEED LOSER (Gravity Well)
**Bet:** **Home Win or Draw (1X)** against Crystal Palace [Odds: 1.35 / 4.95]

=> Action: Place these bets immediately.

2026-06-16 08:35:01,674 [INFO] Already posted to Discord for vf:season:3100985-16
## 🚨 MASTER LOCKS IDENTIFIED 🚨

**Match:** Aston Villa [R5, W1] vs Crystal Palace [R16, L5]
**Trap:** 💀 GUARANTEED LOSER (Gravity Well)
**Bet:** **Home Win or Draw (1X)** against Crystal Palace [Odds: 1.35 / 4.95]

=> Action: Place these bets immediately.

2026-06-16 08:36:02,250 [INFO] Already posted to Discord for vf:season:3100985-16
## 🚨 MASTER LOCKS IDENTIFIED 🚨

**Match:** Aston Villa [R5, W1] vs Crystal Palace [R16, L5]
**Trap:** 💀 GUARANTEED LOSER (Gravity Well)
**Bet:** **Home Win or Draw (1X)** against Crystal Palace [Odds: 1.35 / 4.95]

=> Action: Place these bets immediately.

2026-06-16 08:37:01,587 [INFO] Already posted to Discord for vf:season:3100985-16
## 🚨 MASTER LOCKS IDENTIFIED 🚨

**Match:** Aston Villa [R5, W1] vs Crystal Palace [R16, L5]
**Trap:** 💀 GUARANTEED LOSER (Gravity Well)
**Bet:** **Home Win or Draw (1X)** against Crystal Palace [Odds: 1.35 / 4.95]

=> Action: Place these bets immediately.

2026-06-16 08:38:02,250 [INFO] Sending trap alert to Discord via hermes CLI...
2026-06-16 08:38:05,876 [INFO] Successfully posted to Discord. Output: sent
## 🚨 MASTER LOCKS IDENTIFIED 🚨

**Match:** Crystal Palace [R15, L4] vs Liverpool [R1, W2]
**Trap:** 💀 GUARANTEED LOSER (Gravity Well)
**Bet:** **Away Win or Draw (X2)** against Crystal Palace [Odds: 1.65 / 3.65]

=> Action: Place these bets immediately.

2026-06-16 08:39:02,679 [INFO] Already posted to Discord for vf:season:3100985-17
## 🚨 MASTER LOCKS IDENTIFIED 🚨

**Match:** Crystal Palace [R15, L4] vs Liverpool [R1, W2]
**Trap:** 💀 GUARANTEED LOSER (Gravity Well)
**Bet:** **Away Win or Draw (X2)** against Crystal Palace [Odds: 1.65 / 3.65]

=> Action: Place these bets immediately.

2026-06-16 08:40:01,225 [INFO] Already posted to Discord for vf:season:3100985-17
## 🚨 MASTER LOCKS IDENTIFIED 🚨

**Match:** Crystal Palace [R15, L4] vs Liverpool [R1, W2]
**Trap:** 💀 GUARANTEED LOSER (Gravity Well)
**Bet:** **Away Win or Draw (X2)** against Crystal Palace [Odds: 1.65 / 3.65]

=> Action: Place these bets immediately.

2026-06-16 08:41:01,899 [INFO] Already posted to Discord for vf:season:3100985-17
## 🚨 MASTER LOCKS IDENTIFIED 🚨

**Match:** Crystal Palace [R15, L4] vs Liverpool [R1, W2]
**Trap:** 💀 GUARANTEED LOSER (Gravity Well)
**Bet:** **Away Win or Draw (X2)** against Crystal Palace [Odds: 1.65 / 3.65]

=> Action: Place these bets immediately.

2026-06-16 08:42:01,874 [INFO] Sending trap alert to Discord via hermes CLI...
2026-06-16 08:42:05,552 [INFO] Successfully posted to Discord. Output: sent
No extreme algorithmic traps active this matchday.
=> Action: Wait for next matchday.

2026-06-16 08:43:01,690 [INFO] Already posted to Discord for vf:season:3100985-18
No extreme algorithmic traps active this matchday.
=> Action: Wait for next matchday.

2026-06-16 08:44:02,159 [INFO] Already posted to Discord for vf:season:3100985-18
No extreme algorithmic traps active this matchday.
=> Action: Wait for next matchday.

2026-06-16 08:45:01,846 [INFO] Sending trap alert to Discord via hermes CLI...
2026-06-16 08:45:05,741 [INFO] Successfully posted to Discord. Output: sent
## 🚨 MASTER LOCKS IDENTIFIED 🚨

**Match:** Newcastle [R16, L5] vs Wolverhampton [R12, L4]
**Trap:** 💀 GUARANTEED LOSER (Gravity Well)
**Bet:** **Away Win or Draw (X2)** against Newcastle [Odds: 2.35 / 3.95]

=> Action: Place these bets immediately.

2026-06-16 08:46:02,259 [INFO] Already posted to Discord for vf:season:3100985-19
## 🚨 MASTER LOCKS IDENTIFIED 🚨

**Match:** Newcastle [R16, L5] vs Wolverhampton [R12, L4]
**Trap:** 💀 GUARANTEED LOSER (Gravity Well)
**Bet:** **Away Win or Draw (X2)** against Newcastle [Odds: 2.35 / 3.95]

=> Action: Place these bets immediately.

2026-06-16 08:47:01,693 [INFO] Already posted to Discord for vf:season:3100985-19
## 🚨 MASTER LOCKS IDENTIFIED 🚨

**Match:** Newcastle [R16, L5] vs Wolverhampton [R12, L4]
**Trap:** 💀 GUARANTEED LOSER (Gravity Well)
**Bet:** **Away Win or Draw (X2)** against Newcastle [Odds: 2.35 / 3.95]

=> Action: Place these bets immediately.

2026-06-16 08:48:01,422 [INFO] Already posted to Discord for vf:season:3100985-19
## 🚨 MASTER LOCKS IDENTIFIED 🚨

**Match:** Newcastle [R16, L5] vs Wolverhampton [R12, L4]
**Trap:** 💀 GUARANTEED LOSER (Gravity Well)
**Bet:** **Away Win or Draw (X2)** against Newcastle [Odds: 2.35 / 3.95]

=> Action: Place these bets immediately.

2026-06-16 08:49:01,458 [INFO] Sending trap alert to Discord via hermes CLI...
2026-06-16 08:49:04,087 [INFO] Successfully posted to Discord. Output: sent
## 🚨 MASTER LOCKS IDENTIFIED 🚨

**Match:** Newcastle [R16, L5] vs Fulham [R13, D1]
**Trap:** 💀 GUARANTEED LOSER (Gravity Well)
**Bet:** **Away Win or Draw (X2)** against Newcastle [Odds: 3.5 / 3.6]

=> Action: Place these bets immediately.

2026-06-16 08:50:01,379 [INFO] Already posted to Discord for vf:season:3100985-20
## 🚨 MASTER LOCKS IDENTIFIED 🚨

**Match:** Newcastle [R16, L5] vs Fulham [R13, D1]
**Trap:** 💀 GUARANTEED LOSER (Gravity Well)
**Bet:** **Away Win or Draw (X2)** against Newcastle [Odds: 3.5 / 3.6]

=> Action: Place these bets immediately.

2026-06-16 08:51:02,496 [INFO] Already posted to Discord for vf:season:3100985-20
## 🚨 MASTER LOCKS IDENTIFIED 🚨

**Match:** Newcastle [R16, L5] vs Fulham [R13, D1]
**Trap:** 💀 GUARANTEED LOSER (Gravity Well)
**Bet:** **Away Win or Draw (X2)** against Newcastle [Odds: 3.5 / 3.6]

=> Action: Place these bets immediately.

2026-06-16 08:52:01,650 [INFO] Already posted to Discord for vf:season:3100985-20
## 🚨 MASTER LOCKS IDENTIFIED 🚨

**Match:** Newcastle [R16, L5] vs Fulham [R13, D1]
**Trap:** 💀 GUARANTEED LOSER (Gravity Well)
**Bet:** **Away Win or Draw (X2)** against Newcastle [Odds: 3.5 / 3.6]

=> Action: Place these bets immediately.

2026-06-16 08:53:01,781 [INFO] Sending trap alert to Discord via hermes CLI...
2026-06-16 08:53:04,558 [INFO] Successfully posted to Discord. Output: sent
No extreme algorithmic traps active this matchday.
=> Action: Wait for next matchday.

2026-06-16 08:54:01,956 [INFO] Already posted to Discord for vf:season:3100985-21
No extreme algorithmic traps active this matchday.
=> Action: Wait for next matchday.

2026-06-16 08:55:01,547 [INFO] Already posted to Discord for vf:season:3100985-21
No extreme algorithmic traps active this matchday.
=> Action: Wait for next matchday.

2026-06-16 08:56:01,780 [INFO] Sending trap alert to Discord via hermes CLI...
2026-06-16 08:56:04,329 [INFO] Successfully posted to Discord. Output: sent
## 🚨 MASTER LOCKS IDENTIFIED 🚨

**Match:** Newcastle [R16, L4] vs Everton [R3, D1]
**Trap:** 💀 GUARANTEED LOSER (Gravity Well)
**Bet:** **Away Win or Draw (X2)** against Newcastle [Odds: 2.35 / 3.05]

=> Action: Place these bets immediately.

2026-06-16 08:57:01,597 [INFO] Already posted to Discord for vf:season:3100985-22
## 🚨 MASTER LOCKS IDENTIFIED 🚨

**Match:** Newcastle [R16, L4] vs Everton [R3, D1]
**Trap:** 💀 GUARANTEED LOSER (Gravity Well)
**Bet:** **Away Win or Draw (X2)** against Newcastle [Odds: 2.35 / 3.05]

=> Action: Place these bets immediately.

2026-06-16 08:58:02,358 [INFO] Already posted to Discord for vf:season:3100985-22
## 🚨 MASTER LOCKS IDENTIFIED 🚨

**Match:** Newcastle [R16, L4] vs Everton [R3, D1]
**Trap:** 💀 GUARANTEED LOSER (Gravity Well)
**Bet:** **Away Win or Draw (X2)** against Newcastle [Odds: 2.35 / 3.05]

=> Action: Place these bets immediately.

2026-06-16 08:59:01,849 [INFO] Already posted to Discord for vf:season:3100985-22
## 🚨 MASTER LOCKS IDENTIFIED 🚨

**Match:** Newcastle [R16, L4] vs Everton [R3, D1]
**Trap:** 💀 GUARANTEED LOSER (Gravity Well)
**Bet:** **Away Win or Draw (X2)** against Newcastle [Odds: 2.35 / 3.05]

=> Action: Place these bets immediately.

2026-06-16 09:00:01,761 [INFO] Sending trap alert to Discord via hermes CLI...
2026-06-16 09:00:08,219 [INFO] Successfully posted to Discord. Output: sent
No extreme algorithmic traps active this matchday.
=> Action: Wait for next matchday.

2026-06-16 09:01:01,348 [INFO] Already posted to Discord for vf:season:3100985-23
No extreme algorithmic traps active this matchday.
=> Action: Wait for next matchday.

2026-06-16 09:02:01,989 [INFO] Already posted to Discord for vf:season:3100985-23
No extreme algorithmic traps active this matchday.
=> Action: Wait for next matchday.

2026-06-16 09:03:01,832 [INFO] Already posted to Discord for vf:season:3100985-23
No extreme algorithmic traps active this matchday.
=> Action: Wait for next matchday.

2026-06-16 09:04:02,096 [INFO] Sending trap alert to Discord via hermes CLI...
2026-06-16 09:04:06,909 [INFO] Successfully posted to Discord. Output: sent
No extreme algorithmic traps active this matchday.
=> Action: Wait for next matchday.

2026-06-16 09:05:02,461 [INFO] Already posted to Discord for vf:season:3100985-24
No extreme algorithmic traps active this matchday.
=> Action: Wait for next matchday.

2026-06-16 09:06:02,653 [INFO] Already posted to Discord for vf:season:3100985-24
No extreme algorithmic traps active this matchday.
=> Action: Wait for next matchday.

2026-06-16 09:07:01,866 [INFO] Sending trap alert to Discord via hermes CLI...
2026-06-16 09:07:06,758 [INFO] Successfully posted to Discord. Output: sent
No extreme algorithmic traps active this matchday.
=> Action: Wait for next matchday.

2026-06-16 09:08:01,985 [INFO] Already posted to Discord for vf:season:3100985-25
No extreme algorithmic traps active this matchday.
=> Action: Wait for next matchday.

2026-06-16 09:09:02,076 [INFO] Already posted to Discord for vf:season:3100985-25
No extreme algorithmic traps active this matchday.
=> Action: Wait for next matchday.

2026-06-16 09:10:02,088 [INFO] Already posted to Discord for vf:season:3100985-25
No extreme algorithmic traps active this matchday.
=> Action: Wait for next matchday.

2026-06-16 09:11:01,497 [INFO] Sending trap alert to Discord via hermes CLI...
2026-06-16 09:11:04,610 [INFO] Successfully posted to Discord. Output: sent
No extreme algorithmic traps active this matchday.
=> Action: Wait for next matchday.

2026-06-16 09:12:02,476 [INFO] Already posted to Discord for vf:season:3100985-26
No extreme algorithmic traps active this matchday.
=> Action: Wait for next matchday.

2026-06-16 09:13:01,972 [INFO] Already posted to Discord for vf:season:3100985-26
No extreme algorithmic traps active this matchday.
=> Action: Wait for next matchday.

2026-06-16 09:14:01,428 [INFO] Already posted to Discord for vf:season:3100985-26
No extreme algorithmic traps active this matchday.
=> Action: Wait for next matchday.

2026-06-16 09:15:02,157 [INFO] Sending trap alert to Discord via hermes CLI...
2026-06-16 09:15:06,893 [INFO] Successfully posted to Discord. Output: sent
No extreme algorithmic traps active this matchday.
=> Action: Wait for next matchday.

2026-06-16 09:16:02,235 [INFO] Already posted to Discord for vf:season:3100985-27
No extreme algorithmic traps active this matchday.
=> Action: Wait for next matchday.

2026-06-16 09:17:01,915 [INFO] Already posted to Discord for vf:season:3100985-27
No extreme algorithmic traps active this matchday.
=> Action: Wait for next matchday.

2026-06-16 09:18:01,886 [INFO] Sending trap alert to Discord via hermes CLI...
2026-06-16 09:18:06,530 [INFO] Successfully posted to Discord. Output: sent
No extreme algorithmic traps active this matchday.
=> Action: Wait for next matchday.

2026-06-16 09:19:01,627 [INFO] Already posted to Discord for vf:season:3100985-28
No extreme algorithmic traps active this matchday.
=> Action: Wait for next matchday.

2026-06-16 09:20:02,213 [INFO] Already posted to Discord for vf:season:3100985-28
No extreme algorithmic traps active this matchday.
=> Action: Wait for next matchday.

2026-06-16 09:21:02,558 [INFO] Already posted to Discord for vf:season:3100985-28
No extreme algorithmic traps active this matchday.
=> Action: Wait for next matchday.

2026-06-16 09:22:01,522 [INFO] Sending trap alert to Discord via hermes CLI...
2026-06-16 09:22:05,167 [INFO] Successfully posted to Discord. Output: sent
No extreme algorithmic traps active this matchday.
=> Action: Wait for next matchday.

2026-06-16 09:23:01,795 [INFO] Already posted to Discord for vf:season:3100985-29
No extreme algorithmic traps active this matchday.
=> Action: Wait for next matchday.

2026-06-16 09:24:01,867 [INFO] Already posted to Discord for vf:season:3100985-29
No extreme algorithmic traps active this matchday.
=> Action: Wait for next matchday.

2026-06-16 09:25:01,862 [INFO] Already posted to Discord for vf:season:3100985-29
No extreme algorithmic traps active this matchday.
=> Action: Wait for next matchday.

2026-06-16 09:26:02,065 [INFO] Sending trap alert to Discord via hermes CLI...
2026-06-16 09:26:06,896 [INFO] Successfully posted to Discord. Output: sent
No extreme algorithmic traps active this matchday.
=> Action: Wait for next matchday.

2026-06-16 09:27:02,684 [INFO] Already posted to Discord for vf:season:3100985-30
No extreme algorithmic traps active this matchday.
=> Action: Wait for next matchday.

2026-06-16 09:28:02,352 [INFO] Already posted to Discord for vf:season:3100985-30
No extreme algorithmic traps active this matchday.
=> Action: Wait for next matchday.

2026-06-16 09:29:01,936 [INFO] Sending trap alert to Discord via hermes CLI...
2026-06-16 09:29:07,745 [INFO] Successfully posted to Discord. Output: sent
No extreme algorithmic traps active this matchday.
=> Action: Wait for next matchday.

2026-06-16 09:30:01,890 [INFO] Sending trap alert to Discord via hermes CLI...
2026-06-16 09:30:06,800 [INFO] Successfully posted to Discord. Output: sent
No extreme algorithmic traps active this matchday.
=> Action: Wait for next matchday.

2026-06-16 09:31:02,118 [INFO] Already posted to Discord for vf:season:3101012-0
No extreme algorithmic traps active this matchday.
=> Action: Wait for next matchday.

2026-06-16 09:32:01,310 [INFO] Sending trap alert to Discord via hermes CLI...
2026-06-16 09:32:03,929 [INFO] Successfully posted to Discord. Output: sent
No extreme algorithmic traps active this matchday.
=> Action: Wait for next matchday.

2026-06-16 09:33:02,586 [INFO] Already posted to Discord for vf:season:3101012-1
No extreme algorithmic traps active this matchday.
=> Action: Wait for next matchday.

2026-06-16 09:34:02,060 [INFO] Already posted to Discord for vf:season:3101012-1
No extreme algorithmic traps active this matchday.
=> Action: Wait for next matchday.

2026-06-16 09:35:01,451 [INFO] Sending trap alert to Discord via hermes CLI...
2026-06-16 09:35:04,555 [INFO] Successfully posted to Discord. Output: sent
No extreme algorithmic traps active this matchday.
=> Action: Wait for next matchday.

2026-06-16 09:36:01,942 [INFO] Already posted to Discord for vf:season:3101012-2
No extreme algorithmic traps active this matchday.
=> Action: Wait for next matchday.

2026-06-16 09:37:01,597 [INFO] Already posted to Discord for vf:season:3101012-2
No extreme algorithmic traps active this matchday.
=> Action: Wait for next matchday.

2026-06-16 09:38:02,044 [INFO] Already posted to Discord for vf:season:3101012-2
No extreme algorithmic traps active this matchday.
=> Action: Wait for next matchday.

2026-06-16 09:39:02,441 [INFO] Sending trap alert to Discord via hermes CLI...
2026-06-16 09:39:05,644 [INFO] Successfully posted to Discord. Output: sent
No extreme algorithmic traps active this matchday.
=> Action: Wait for next matchday.

2026-06-16 09:40:01,456 [INFO] Already posted to Discord for vf:season:3101012-3
No extreme algorithmic traps active this matchday.
=> Action: Wait for next matchday.

2026-06-16 09:41:01,834 [INFO] Already posted to Discord for vf:season:3101012-3
No extreme algorithmic traps active this matchday.
=> Action: Wait for next matchday.

2026-06-16 09:42:02,017 [INFO] Sending trap alert to Discord via hermes CLI...
2026-06-16 09:42:05,608 [INFO] Successfully posted to Discord. Output: sent
No extreme algorithmic traps active this matchday.
=> Action: Wait for next matchday.

2026-06-16 09:43:02,011 [INFO] Already posted to Discord for vf:season:3101012-4
No extreme algorithmic traps active this matchday.
=> Action: Wait for next matchday.

2026-06-16 09:44:01,680 [INFO] Already posted to Discord for vf:season:3101012-4
No extreme algorithmic traps active this matchday.
=> Action: Wait for next matchday.

2026-06-16 09:45:02,579 [INFO] Already posted to Discord for vf:season:3101012-4
No extreme algorithmic traps active this matchday.
=> Action: Wait for next matchday.

2026-06-16 09:46:01,627 [INFO] Sending trap alert to Discord via hermes CLI...
2026-06-16 09:46:04,289 [INFO] Successfully posted to Discord. Output: sent
## 🚨 MASTER LOCKS IDENTIFIED 🚨

**Match:** Everton [R6, D1] vs Fulham [R16, L5]
**Trap:** 💀 GUARANTEED LOSER (Gravity Well)
**Bet:** **Home Win or Draw (1X)** against Fulham [Odds: 1.65 / 3.45]

**Match:** Chelsea [R4, D1] vs Wolverhampton [R14, L4]
**Trap:** 💀 GUARANTEED LOSER (Gravity Well)
**Bet:** **Home Win or Draw (1X)** against Wolverhampton [Odds: 1.4 / 5.0]

=> Action: Place these bets immediately.

2026-06-16 09:47:01,543 [INFO] Already posted to Discord for vf:season:3101012-5
## 🚨 MASTER LOCKS IDENTIFIED 🚨

**Match:** Everton [R6, D1] vs Fulham [R16, L5]
**Trap:** 💀 GUARANTEED LOSER (Gravity Well)
**Bet:** **Home Win or Draw (1X)** against Fulham [Odds: 1.65 / 3.45]

**Match:** Chelsea [R4, D1] vs Wolverhampton [R14, L4]
**Trap:** 💀 GUARANTEED LOSER (Gravity Well)
**Bet:** **Home Win or Draw (1X)** against Wolverhampton [Odds: 1.4 / 5.0]

=> Action: Place these bets immediately.

2026-06-16 09:48:01,932 [INFO] Already posted to Discord for vf:season:3101012-5
## 🚨 MASTER LOCKS IDENTIFIED 🚨

**Match:** Everton [R6, D1] vs Fulham [R16, L5]
**Trap:** 💀 GUARANTEED LOSER (Gravity Well)
**Bet:** **Home Win or Draw (1X)** against Fulham [Odds: 1.65 / 3.45]

**Match:** Chelsea [R4, D1] vs Wolverhampton [R14, L4]
**Trap:** 💀 GUARANTEED LOSER (Gravity Well)
**Bet:** **Home Win or Draw (1X)** against Wolverhampton [Odds: 1.4 / 5.0]

=> Action: Place these bets immediately.

2026-06-16 09:49:01,672 [INFO] Already posted to Discord for vf:season:3101012-5
## 🚨 MASTER LOCKS IDENTIFIED 🚨

**Match:** Everton [R6, D1] vs Fulham [R16, L5]
**Trap:** 💀 GUARANTEED LOSER (Gravity Well)
**Bet:** **Home Win or Draw (1X)** against Fulham [Odds: 1.65 / 3.45]

**Match:** Chelsea [R4, D1] vs Wolverhampton [R14, L4]
**Trap:** 💀 GUARANTEED LOSER (Gravity Well)
**Bet:** **Home Win or Draw (1X)** against Wolverhampton [Odds: 1.4 / 5.0]

=> Action: Place these bets immediately.

2026-06-16 09:50:01,953 [INFO] Sending trap alert to Discord via hermes CLI...
2026-06-16 09:50:05,194 [INFO] Successfully posted to Discord. Output: sent
## 🚨 MASTER LOCKS IDENTIFIED 🚨

**Match:** Crystal Palace [R16, L5] vs Leeds [R13, D2]
**Trap:** 💀 GUARANTEED LOSER (Gravity Well)
**Bet:** **Away Win or Draw (X2)** against Crystal Palace [Odds: 3.0 / 3.3]

**Match:** Fulham [R15, L4] vs Bournemouth [R12, L2]
**Trap:** 💀 GUARANTEED LOSER (Gravity Well)
**Bet:** **Away Win or Draw (X2)** against Fulham [Odds: 3.5 / 3.15]

=> Action: Place these bets immediately.

2026-06-16 09:51:01,658 [INFO] Already posted to Discord for vf:season:3101012-6
## 🚨 MASTER LOCKS IDENTIFIED 🚨

**Match:** Crystal Palace [R16, L5] vs Leeds [R13, D2]
**Trap:** 💀 GUARANTEED LOSER (Gravity Well)
**Bet:** **Away Win or Draw (X2)** against Crystal Palace [Odds: 3.0 / 3.3]

**Match:** Fulham [R15, L4] vs Bournemouth [R12, L2]
**Trap:** 💀 GUARANTEED LOSER (Gravity Well)
**Bet:** **Away Win or Draw (X2)** against Fulham [Odds: 3.5 / 3.15]

=> Action: Place these bets immediately.

2026-06-16 09:52:02,329 [INFO] Already posted to Discord for vf:season:3101012-6
## 🚨 MASTER LOCKS IDENTIFIED 🚨

**Match:** Crystal Palace [R16, L5] vs Leeds [R13, D2]
**Trap:** 💀 GUARANTEED LOSER (Gravity Well)
**Bet:** **Away Win or Draw (X2)** against Crystal Palace [Odds: 3.0 / 3.3]

**Match:** Fulham [R15, L4] vs Bournemouth [R12, L2]
**Trap:** 💀 GUARANTEED LOSER (Gravity Well)
**Bet:** **Away Win or Draw (X2)** against Fulham [Odds: 3.5 / 3.15]

=> Action: Place these bets immediately.

2026-06-16 09:53:01,625 [INFO] Sending trap alert to Discord via hermes CLI...
2026-06-16 09:53:04,001 [INFO] Successfully posted to Discord. Output: sent
## 🚨 MASTER LOCKS IDENTIFIED 🚨

**Match:** Aston Villa [R11, D5] vs Crystal Palace [R16, L5]
**Trap:** 💀 GUARANTEED LOSER (Gravity Well)
**Bet:** **Home Win or Draw (1X)** against Crystal Palace [Odds: 1.35 / 5.0]

=> Action: Place these bets immediately.

2026-06-16 09:54:01,559 [INFO] Already posted to Discord for vf:season:3101012-7
## 🚨 MASTER LOCKS IDENTIFIED 🚨

**Match:** Aston Villa [R11, D5] vs Crystal Palace [R16, L5]
**Trap:** 💀 GUARANTEED LOSER (Gravity Well)
**Bet:** **Home Win or Draw (1X)** against Crystal Palace [Odds: 1.35 / 5.0]

=> Action: Place these bets immediately.

2026-06-16 09:55:01,711 [INFO] Already posted to Discord for vf:season:3101012-7
## 🚨 MASTER LOCKS IDENTIFIED 🚨

**Match:** Aston Villa [R11, D5] vs Crystal Palace [R16, L5]
**Trap:** 💀 GUARANTEED LOSER (Gravity Well)
**Bet:** **Home Win or Draw (1X)** against Crystal Palace [Odds: 1.35 / 5.0]

=> Action: Place these bets immediately.

2026-06-16 09:56:01,647 [INFO] Already posted to Discord for vf:season:3101012-7
## 🚨 MASTER LOCKS IDENTIFIED 🚨

**Match:** Aston Villa [R11, D5] vs Crystal Palace [R16, L5]
**Trap:** 💀 GUARANTEED LOSER (Gravity Well)
**Bet:** **Home Win or Draw (1X)** against Crystal Palace [Odds: 1.35 / 5.0]

=> Action: Place these bets immediately.

2026-06-16 09:57:01,936 [INFO] Sending trap alert to Discord via hermes CLI...
2026-06-16 09:57:05,830 [INFO] Successfully posted to Discord. Output: sent
## 🚨 MASTER LOCKS IDENTIFIED 🚨

**Match:** Crystal Palace [R15, L4] vs Manchester Red [R5, W1]
**Trap:** 💀 GUARANTEED LOSER (Gravity Well)
**Bet:** **Away Win or Draw (X2)** against Crystal Palace [Odds: 1.45 / 4.7]

=> Action: Place these bets immediately.

2026-06-16 09:58:02,154 [INFO] Already posted to Discord for vf:season:3101012-8
## 🚨 MASTER LOCKS IDENTIFIED 🚨

**Match:** Crystal Palace [R15, L4] vs Manchester Red [R5, W1]
**Trap:** 💀 GUARANTEED LOSER (Gravity Well)
**Bet:** **Away Win or Draw (X2)** against Crystal Palace [Odds: 1.45 / 4.7]

=> Action: Place these bets immediately.

2026-06-16 09:59:01,553 [INFO] Already posted to Discord for vf:season:3101012-8
## 🚨 MASTER LOCKS IDENTIFIED 🚨

**Match:** Crystal Palace [R15, L4] vs Manchester Red [R5, W1]
**Trap:** 💀 GUARANTEED LOSER (Gravity Well)
**Bet:** **Away Win or Draw (X2)** against Crystal Palace [Odds: 1.45 / 4.7]

=> Action: Place these bets immediately.

2026-06-16 10:00:02,486 [INFO] Already posted to Discord for vf:season:3101012-8
## 🚨 MASTER LOCKS IDENTIFIED 🚨

**Match:** Crystal Palace [R15, L4] vs Manchester Red [R5, W1]
**Trap:** 💀 GUARANTEED LOSER (Gravity Well)
**Bet:** **Away Win or Draw (X2)** against Crystal Palace [Odds: 1.45 / 4.7]

=> Action: Place these bets immediately.

2026-06-16 10:01:02,356 [INFO] Sending trap alert to Discord via hermes CLI...
2026-06-16 10:01:08,734 [INFO] Successfully posted to Discord. Output: sent
No extreme algorithmic traps active this matchday.
=> Action: Wait for next matchday.

2026-06-16 10:02:02,529 [INFO] Already posted to Discord for vf:season:3101012-9
No extreme algorithmic traps active this matchday.
=> Action: Wait for next matchday.

2026-06-16 10:03:02,113 [INFO] Already posted to Discord for vf:season:3101012-9
No extreme algorithmic traps active this matchday.
=> Action: Wait for next matchday.

Traceback (most recent call last):
  File "/home/ubuntu/faith-workspace/vfl-empire/scripts/vfl_trap_interceptor.py", line 148, in <module>
    run_interception()
  File "/home/ubuntu/faith-workspace/vfl-empire/scripts/vfl_trap_interceptor.py", line 57, in run_interception
    data = json.load(f)
           ^^^^^^^^^^^^
  File "/usr/lib/python3.12/json/__init__.py", line 293, in load
    return loads(fp.read(),
           ^^^^^^^^^^^^^^^^
  File "/usr/lib/python3.12/json/__init__.py", line 346, in loads
    return _default_decoder.decode(s)
           ^^^^^^^^^^^^^^^^^^^^^^^^^^
  File "/usr/lib/python3.12/json/decoder.py", line 337, in decode
    obj, end = self.raw_decode(s, idx=_w(s, 0).end())
               ^^^^^^^^^^^^^^^^^^^^^^^^^^^^^^^^^^^^^^
  File "/usr/lib/python3.12/json/decoder.py", line 353, in raw_decode
    obj, end = self.scan_once(s, idx)
               ^^^^^^^^^^^^^^^^^^^^^^
json.decoder.JSONDecodeError: Expecting ',' delimiter: line 3644 column 39 (char 139598)
2026-06-16 10:05:01,538 [INFO] Sending trap alert to Discord via hermes CLI...
2026-06-16 10:05:05,450 [INFO] Successfully posted to Discord. Output: sent
No extreme algorithmic traps active this matchday.
=> Action: Wait for next matchday.

2026-06-16 10:06:02,536 [INFO] Already posted to Discord for vf:season:3101012-10
No extreme algorithmic traps active this matchday.
=> Action: Wait for next matchday.

2026-06-16 10:07:02,133 [INFO] Already posted to Discord for vf:season:3101012-10
No extreme algorithmic traps active this matchday.
=> Action: Wait for next matchday.

2026-06-16 10:08:02,454 [INFO] Sending trap alert to Discord via hermes CLI...
2026-06-16 10:08:07,869 [INFO] Successfully posted to Discord. Output: sent
No extreme algorithmic traps active this matchday.
=> Action: Wait for next matchday.

2026-06-16 10:09:02,658 [INFO] Already posted to Discord for vf:season:3101012-11
No extreme algorithmic traps active this matchday.
=> Action: Wait for next matchday.

2026-06-16 10:10:01,691 [INFO] Already posted to Discord for vf:season:3101012-11
No extreme algorithmic traps active this matchday.
=> Action: Wait for next matchday.

2026-06-16 10:11:02,485 [INFO] Already posted to Discord for vf:season:3101012-11
No extreme algorithmic traps active this matchday.
=> Action: Wait for next matchday.

2026-06-16 10:12:02,106 [INFO] Sending trap alert to Discord via hermes CLI...
2026-06-16 10:12:10,551 [INFO] Successfully posted to Discord. Output: sent
No extreme algorithmic traps active this matchday.
=> Action: Wait for next matchday.

2026-06-16 10:13:02,182 [INFO] Already posted to Discord for vf:season:3101012-12
No extreme algorithmic traps active this matchday.
=> Action: Wait for next matchday.

2026-06-16 10:14:02,160 [INFO] Already posted to Discord for vf:season:3101012-12
No extreme algorithmic traps active this matchday.
=> Action: Wait for next matchday.

2026-06-16 10:15:01,689 [INFO] Sending trap alert to Discord via hermes CLI...
2026-06-16 10:15:07,128 [INFO] Successfully posted to Discord. Output: sent
No extreme algorithmic traps active this matchday.
=> Action: Wait for next matchday.

2026-06-16 10:16:02,159 [INFO] Already posted to Discord for vf:season:3101012-13
No extreme algorithmic traps active this matchday.
=> Action: Wait for next matchday.

2026-06-16 10:17:01,626 [INFO] Already posted to Discord for vf:season:3101012-13
No extreme algorithmic traps active this matchday.
=> Action: Wait for next matchday.

2026-06-16 10:18:02,514 [INFO] Already posted to Discord for vf:season:3101012-13
No extreme algorithmic traps active this matchday.
=> Action: Wait for next matchday.

2026-06-16 10:19:02,362 [INFO] Sending trap alert to Discord via hermes CLI...
2026-06-16 10:19:07,617 [INFO] Successfully posted to Discord. Output: sent
## 🚨 MASTER LOCKS IDENTIFIED 🚨

**Match:** Bournemouth [R15, L5] vs Aston Villa [R8, W1]
**Trap:** 💀 GUARANTEED LOSER (Gravity Well)
**Bet:** **Away Win or Draw (X2)** against Bournemouth [Odds: 1.7 / 3.55]

=> Action: Place these bets immediately.

2026-06-16 10:20:01,906 [INFO] Already posted to Discord for vf:season:3101012-14
## 🚨 MASTER LOCKS IDENTIFIED 🚨

**Match:** Bournemouth [R15, L5] vs Aston Villa [R8, W1]
**Trap:** 💀 GUARANTEED LOSER (Gravity Well)
**Bet:** **Away Win or Draw (X2)** against Bournemouth [Odds: 1.7 / 3.55]

=> Action: Place these bets immediately.

2026-06-16 10:21:02,733 [INFO] Already posted to Discord for vf:season:3101012-14
## 🚨 MASTER LOCKS IDENTIFIED 🚨

**Match:** Bournemouth [R15, L5] vs Aston Villa [R8, W1]
**Trap:** 💀 GUARANTEED LOSER (Gravity Well)
**Bet:** **Away Win or Draw (X2)** against Bournemouth [Odds: 1.7 / 3.55]

=> Action: Place these bets immediately.

2026-06-16 10:22:02,423 [INFO] Already posted to Discord for vf:season:3101012-14
## 🚨 MASTER LOCKS IDENTIFIED 🚨

**Match:** Bournemouth [R15, L5] vs Aston Villa [R8, W1]
**Trap:** 💀 GUARANTEED LOSER (Gravity Well)
**Bet:** **Away Win or Draw (X2)** against Bournemouth [Odds: 1.7 / 3.55]

=> Action: Place these bets immediately.

2026-06-16 10:23:01,711 [INFO] Sending trap alert to Discord via hermes CLI...
2026-06-16 10:23:05,282 [INFO] Successfully posted to Discord. Output: sent
## 🚨 MASTER LOCKS IDENTIFIED 🚨

**Match:** London Guns [R5, L1] vs Bournemouth [R15, L4]
**Trap:** 💀 GUARANTEED LOSER (Gravity Well)
**Bet:** **Home Win or Draw (1X)** against Bournemouth [Odds: 1.35 / 4.7]

=> Action: Place these bets immediately.

2026-06-16 10:24:02,062 [INFO] Already posted to Discord for vf:season:3101012-15
## 🚨 MASTER LOCKS IDENTIFIED 🚨

**Match:** London Guns [R5, L1] vs Bournemouth [R15, L4]
**Trap:** 💀 GUARANTEED LOSER (Gravity Well)
**Bet:** **Home Win or Draw (1X)** against Bournemouth [Odds: 1.35 / 4.7]

=> Action: Place these bets immediately.

2026-06-16 10:25:02,085 [INFO] Already posted to Discord for vf:season:3101012-15
## 🚨 MASTER LOCKS IDENTIFIED 🚨

**Match:** London Guns [R5, L1] vs Bournemouth [R15, L4]
**Trap:** 💀 GUARANTEED LOSER (Gravity Well)
**Bet:** **Home Win or Draw (1X)** against Bournemouth [Odds: 1.35 / 4.7]

=> Action: Place these bets immediately.

2026-06-16 10:26:02,328 [INFO] Sending trap alert to Discord via hermes CLI...
2026-06-16 10:26:06,980 [INFO] Successfully posted to Discord. Output: sent
No extreme algorithmic traps active this matchday.
=> Action: Wait for next matchday.

2026-06-16 10:27:02,679 [INFO] Already posted to Discord for vf:season:3101012-16
No extreme algorithmic traps active this matchday.
=> Action: Wait for next matchday.

2026-06-16 10:28:02,077 [INFO] Already posted to Discord for vf:season:3101012-16
No extreme algorithmic traps active this matchday.
=> Action: Wait for next matchday.

2026-06-16 10:29:02,093 [INFO] Already posted to Discord for vf:season:3101012-16
No extreme algorithmic traps active this matchday.
=> Action: Wait for next matchday.

2026-06-16 10:30:01,563 [INFO] Sending trap alert to Discord via hermes CLI...
2026-06-16 10:30:04,824 [INFO] Successfully posted to Discord. Output: sent
No extreme algorithmic traps active this matchday.
=> Action: Wait for next matchday.

2026-06-16 10:31:01,750 [INFO] Already posted to Discord for vf:season:3101012-17
No extreme algorithmic traps active this matchday.
=> Action: Wait for next matchday.

2026-06-16 10:32:02,324 [INFO] Already posted to Discord for vf:season:3101012-17
No extreme algorithmic traps active this matchday.
=> Action: Wait for next matchday.

2026-06-16 10:33:01,661 [INFO] Already posted to Discord for vf:season:3101012-17
No extreme algorithmic traps active this matchday.
=> Action: Wait for next matchday.

2026-06-16 10:34:01,438 [INFO] Sending trap alert to Discord via hermes CLI...
2026-06-16 10:34:04,465 [INFO] Successfully posted to Discord. Output: sent
No extreme algorithmic traps active this matchday.
=> Action: Wait for next matchday.

2026-06-16 10:35:01,708 [INFO] Already posted to Discord for vf:season:3101012-18
No extreme algorithmic traps active this matchday.
=> Action: Wait for next matchday.

2026-06-16 10:36:02,562 [INFO] Already posted to Discord for vf:season:3101012-18
No extreme algorithmic traps active this matchday.
=> Action: Wait for next matchday.

2026-06-16 10:37:01,482 [INFO] Sending trap alert to Discord via hermes CLI...
2026-06-16 10:37:04,596 [INFO] Successfully posted to Discord. Output: sent
No extreme algorithmic traps active this matchday.
=> Action: Wait for next matchday.

2026-06-16 10:38:01,863 [INFO] Already posted to Discord for vf:season:3101012-19
No extreme algorithmic traps active this matchday.
=> Action: Wait for next matchday.

2026-06-16 10:39:01,641 [INFO] Already posted to Discord for vf:season:3101012-19
No extreme algorithmic traps active this matchday.
=> Action: Wait for next matchday.

2026-06-16 10:40:02,111 [INFO] Already posted to Discord for vf:season:3101012-19
No extreme algorithmic traps active this matchday.
=> Action: Wait for next matchday.

2026-06-16 10:41:01,364 [INFO] Sending trap alert to Discord via hermes CLI...
2026-06-16 10:41:04,421 [INFO] Successfully posted to Discord. Output: sent
## 🚨 MASTER LOCKS IDENTIFIED 🚨

**Match:** Brighton [R11, W1] vs Leeds [R14, L4]
**Trap:** 💀 GUARANTEED LOSER (Gravity Well)
**Bet:** **Home Win or Draw (1X)** against Leeds [Odds: 1.85 / 2.95]

=> Action: Place these bets immediately.

2026-06-16 10:42:01,692 [INFO] Already posted to Discord for vf:season:3101012-20
## 🚨 MASTER LOCKS IDENTIFIED 🚨

**Match:** Brighton [R11, W1] vs Leeds [R14, L4]
**Trap:** 💀 GUARANTEED LOSER (Gravity Well)
**Bet:** **Home Win or Draw (1X)** against Leeds [Odds: 1.85 / 2.95]

=> Action: Place these bets immediately.

2026-06-16 10:43:01,744 [INFO] Already posted to Discord for vf:season:3101012-20
## 🚨 MASTER LOCKS IDENTIFIED 🚨

**Match:** Brighton [R11, W1] vs Leeds [R14, L4]
**Trap:** 💀 GUARANTEED LOSER (Gravity Well)
**Bet:** **Home Win or Draw (1X)** against Leeds [Odds: 1.85 / 2.95]

=> Action: Place these bets immediately.

2026-06-16 10:44:01,571 [INFO] Already posted to Discord for vf:season:3101012-20
## 🚨 MASTER LOCKS IDENTIFIED 🚨

**Match:** Brighton [R11, W1] vs Leeds [R14, L4]
**Trap:** 💀 GUARANTEED LOSER (Gravity Well)
**Bet:** **Home Win or Draw (1X)** against Leeds [Odds: 1.85 / 2.95]

=> Action: Place these bets immediately.

2026-06-16 10:45:02,113 [INFO] Sending trap alert to Discord via hermes CLI...
2026-06-16 10:45:05,886 [INFO] Successfully posted to Discord. Output: sent
No extreme algorithmic traps active this matchday.
=> Action: Wait for next matchday.

2026-06-16 10:46:01,501 [INFO] Already posted to Discord for vf:season:3101012-21
No extreme algorithmic traps active this matchday.
=> Action: Wait for next matchday.

2026-06-16 10:47:02,103 [INFO] Already posted to Discord for vf:season:3101012-21
No extreme algorithmic traps active this matchday.
=> Action: Wait for next matchday.

2026-06-16 10:48:01,857 [INFO] Sending trap alert to Discord via hermes CLI...
2026-06-16 10:48:04,833 [INFO] Successfully posted to Discord. Output: sent
No extreme algorithmic traps active this matchday.
=> Action: Wait for next matchday.

2026-06-16 10:49:01,602 [INFO] Already posted to Discord for vf:season:3101012-22
No extreme algorithmic traps active this matchday.
=> Action: Wait for next matchday.

2026-06-16 10:50:01,935 [INFO] Already posted to Discord for vf:season:3101012-22
No extreme algorithmic traps active this matchday.
=> Action: Wait for next matchday.

2026-06-16 10:51:01,603 [INFO] Already posted to Discord for vf:season:3101012-22
No extreme algorithmic traps active this matchday.
=> Action: Wait for next matchday.

2026-06-16 10:52:02,112 [INFO] Sending trap alert to Discord via hermes CLI...
2026-06-16 10:52:04,795 [INFO] Successfully posted to Discord. Output: sent
No extreme algorithmic traps active this matchday.
=> Action: Wait for next matchday.

2026-06-16 10:53:02,165 [INFO] Already posted to Discord for vf:season:3101012-23
No extreme algorithmic traps active this matchday.
=> Action: Wait for next matchday.

2026-06-16 10:54:01,710 [INFO] Already posted to Discord for vf:season:3101012-23
No extreme algorithmic traps active this matchday.
=> Action: Wait for next matchday.

2026-06-16 10:55:01,691 [INFO] Already posted to Discord for vf:season:3101012-23
No extreme algorithmic traps active this matchday.
=> Action: Wait for next matchday.

2026-06-16 10:56:01,519 [INFO] Sending trap alert to Discord via hermes CLI...
2026-06-16 10:56:04,508 [INFO] Successfully posted to Discord. Output: sent
## 🚨 MASTER LOCKS IDENTIFIED 🚨

**Match:** Crystal Palace [R16, L5] vs London Guns [R7, D1]
**Trap:** 💀 GUARANTEED LOSER (Gravity Well)
**Bet:** **Away Win or Draw (X2)** against Crystal Palace [Odds: 1.8 / 4.3]

=> Action: Place these bets immediately.

2026-06-16 10:57:01,978 [INFO] Already posted to Discord for vf:season:3101012-24
## 🚨 MASTER LOCKS IDENTIFIED 🚨

**Match:** Crystal Palace [R16, L5] vs London Guns [R7, D1]
**Trap:** 💀 GUARANTEED LOSER (Gravity Well)
**Bet:** **Away Win or Draw (X2)** against Crystal Palace [Odds: 1.8 / 4.3]

=> Action: Place these bets immediately.

2026-06-16 10:58:01,337 [INFO] Already posted to Discord for vf:season:3101012-24
## 🚨 MASTER LOCKS IDENTIFIED 🚨

**Match:** Crystal Palace [R16, L5] vs London Guns [R7, D1]
**Trap:** 💀 GUARANTEED LOSER (Gravity Well)
**Bet:** **Away Win or Draw (X2)** against Crystal Palace [Odds: 1.8 / 4.3]

=> Action: Place these bets immediately.

2026-06-16 10:59:01,709 [INFO] Sending trap alert to Discord via hermes CLI...
2026-06-16 10:59:04,903 [INFO] Successfully posted to Discord. Output: sent
## 🚨 MASTER LOCKS IDENTIFIED 🚨

**Match:** Brighton [R11, L2] vs Crystal Palace [R16, L5]
**Trap:** 💀 GUARANTEED LOSER (Gravity Well)
**Bet:** **Home Win or Draw (1X)** against Crystal Palace [Odds: 1.75 / 4.0]

=> Action: Place these bets immediately.

2026-06-16 11:00:02,666 [INFO] Already posted to Discord for vf:season:3101012-25
## 🚨 MASTER LOCKS IDENTIFIED 🚨

**Match:** Brighton [R11, L2] vs Crystal Palace [R16, L5]
**Trap:** 💀 GUARANTEED LOSER (Gravity Well)
**Bet:** **Home Win or Draw (1X)** against Crystal Palace [Odds: 1.75 / 4.0]

=> Action: Place these bets immediately.

2026-06-16 11:01:01,974 [INFO] Already posted to Discord for vf:season:3101012-25
## 🚨 MASTER LOCKS IDENTIFIED 🚨

**Match:** Brighton [R11, L2] vs Crystal Palace [R16, L5]
**Trap:** 💀 GUARANTEED LOSER (Gravity Well)
**Bet:** **Home Win or Draw (1X)** against Crystal Palace [Odds: 1.75 / 4.0]

=> Action: Place these bets immediately.

2026-06-16 11:02:02,082 [INFO] Already posted to Discord for vf:season:3101012-25
## 🚨 MASTER LOCKS IDENTIFIED 🚨

**Match:** Brighton [R11, L2] vs Crystal Palace [R16, L5]
**Trap:** 💀 GUARANTEED LOSER (Gravity Well)
**Bet:** **Home Win or Draw (1X)** against Crystal Palace [Odds: 1.75 / 4.0]

=> Action: Place these bets immediately.

2026-06-16 11:03:02,372 [INFO] Sending trap alert to Discord via hermes CLI...
2026-06-16 11:03:09,942 [INFO] Successfully posted to Discord. Output: sent
## 🚨 MASTER LOCKS IDENTIFIED 🚨

**Match:** Newcastle [R12, L1] vs Crystal Palace [R16, L5]
**Trap:** 💀 GUARANTEED LOSER (Gravity Well)
**Bet:** **Home Win or Draw (1X)** against Crystal Palace [Odds: 2.05 / 3.9]

=> Action: Place these bets immediately.

2026-06-16 11:04:01,695 [INFO] Already posted to Discord for vf:season:3101012-26
## 🚨 MASTER LOCKS IDENTIFIED 🚨

**Match:** Newcastle [R12, L1] vs Crystal Palace [R16, L5]
**Trap:** 💀 GUARANTEED LOSER (Gravity Well)
**Bet:** **Home Win or Draw (1X)** against Crystal Palace [Odds: 2.05 / 3.9]

=> Action: Place these bets immediately.

2026-06-16 11:05:01,505 [INFO] Already posted to Discord for vf:season:3101012-26
## 🚨 MASTER LOCKS IDENTIFIED 🚨

**Match:** Newcastle [R12, L1] vs Crystal Palace [R16, L5]
**Trap:** 💀 GUARANTEED LOSER (Gravity Well)
**Bet:** **Home Win or Draw (1X)** against Crystal Palace [Odds: 2.05 / 3.9]

=> Action: Place these bets immediately.

2026-06-16 11:06:01,953 [INFO] Already posted to Discord for vf:season:3101012-26
## 🚨 MASTER LOCKS IDENTIFIED 🚨

**Match:** Newcastle [R12, L1] vs Crystal Palace [R16, L5]
**Trap:** 💀 GUARANTEED LOSER (Gravity Well)
**Bet:** **Home Win or Draw (1X)** against Crystal Palace [Odds: 2.05 / 3.9]

=> Action: Place these bets immediately.

2026-06-16 11:07:02,243 [INFO] Sending trap alert to Discord via hermes CLI...
2026-06-16 11:07:06,770 [INFO] Successfully posted to Discord. Output: sent
## 🚨 MASTER LOCKS IDENTIFIED 🚨

**Match:** Crystal Palace [R16, L4] vs Wolverhampton [R9, W1]
**Trap:** 💀 GUARANTEED LOSER (Gravity Well)
**Bet:** **Away Win or Draw (X2)** against Crystal Palace [Odds: 2.4 / 4.25]

**Match:** London Guns [R6, L1] vs Fulham [R15, L4]
**Trap:** 💀 GUARANTEED LOSER (Gravity Well)
**Bet:** **Home Win or Draw (1X)** against Fulham [Odds: 1.35 / 4.4]

=> Action: Place these bets immediately.

2026-06-16 11:08:02,285 [INFO] Already posted to Discord for vf:season:3101012-27
## 🚨 MASTER LOCKS IDENTIFIED 🚨

**Match:** Crystal Palace [R16, L4] vs Wolverhampton [R9, W1]
**Trap:** 💀 GUARANTEED LOSER (Gravity Well)
**Bet:** **Away Win or Draw (X2)** against Crystal Palace [Odds: 2.4 / 4.25]

**Match:** London Guns [R6, L1] vs Fulham [R15, L4]
**Trap:** 💀 GUARANTEED LOSER (Gravity Well)
**Bet:** **Home Win or Draw (1X)** against Fulham [Odds: 1.35 / 4.4]

=> Action: Place these bets immediately.

2026-06-16 11:09:01,879 [INFO] Already posted to Discord for vf:season:3101012-27
## 🚨 MASTER LOCKS IDENTIFIED 🚨

**Match:** Crystal Palace [R16, L4] vs Wolverhampton [R9, W1]
**Trap:** 💀 GUARANTEED LOSER (Gravity Well)
**Bet:** **Away Win or Draw (X2)** against Crystal Palace [Odds: 2.4 / 4.25]

**Match:** London Guns [R6, L1] vs Fulham [R15, L4]
**Trap:** 💀 GUARANTEED LOSER (Gravity Well)
**Bet:** **Home Win or Draw (1X)** against Fulham [Odds: 1.35 / 4.4]

=> Action: Place these bets immediately.

2026-06-16 11:10:02,169 [INFO] Sending trap alert to Discord via hermes CLI...
2026-06-16 11:10:07,170 [INFO] Successfully posted to Discord. Output: sent
No extreme algorithmic traps active this matchday.
=> Action: Wait for next matchday.

2026-06-16 11:11:01,647 [INFO] Already posted to Discord for vf:season:3101012-28
No extreme algorithmic traps active this matchday.
=> Action: Wait for next matchday.

2026-06-16 11:12:02,623 [INFO] Already posted to Discord for vf:season:3101012-28
No extreme algorithmic traps active this matchday.
=> Action: Wait for next matchday.

2026-06-16 11:13:02,141 [INFO] Already posted to Discord for vf:season:3101012-28
No extreme algorithmic traps active this matchday.
=> Action: Wait for next matchday.

2026-06-16 11:14:01,940 [INFO] Sending trap alert to Discord via hermes CLI...
2026-06-16 11:14:05,417 [INFO] Successfully posted to Discord. Output: sent
No extreme algorithmic traps active this matchday.
=> Action: Wait for next matchday.

2026-06-16 11:15:02,045 [INFO] Already posted to Discord for vf:season:3101012-29
No extreme algorithmic traps active this matchday.
=> Action: Wait for next matchday.

2026-06-16 11:16:01,697 [INFO] Already posted to Discord for vf:season:3101012-29
No extreme algorithmic traps active this matchday.
=> Action: Wait for next matchday.

2026-06-16 11:17:01,416 [INFO] Already posted to Discord for vf:season:3101012-29
No extreme algorithmic traps active this matchday.
=> Action: Wait for next matchday.

2026-06-16 11:18:01,674 [INFO] Sending trap alert to Discord via hermes CLI...
2026-06-16 11:18:08,460 [INFO] Successfully posted to Discord. Output: sent
No extreme algorithmic traps active this matchday.
=> Action: Wait for next matchday.

2026-06-16 11:19:01,787 [INFO] Already posted to Discord for vf:season:3101012-30
No extreme algorithmic traps active this matchday.
=> Action: Wait for next matchday.

2026-06-16 11:20:02,191 [INFO] Already posted to Discord for vf:season:3101012-30
No extreme algorithmic traps active this matchday.
=> Action: Wait for next matchday.

2026-06-16 11:21:02,496 [INFO] Sending trap alert to Discord via hermes CLI...
2026-06-16 11:21:11,016 [INFO] Successfully posted to Discord. Output: sent
No extreme algorithmic traps active this matchday.
=> Action: Wait for next matchday.

2026-06-16 11:22:01,408 [INFO] Already posted to Discord for vf:season:3101012-0
No extreme algorithmic traps active this matchday.
=> Action: Wait for next matchday.

2026-06-16 11:23:01,738 [INFO] Sending trap alert to Discord via hermes CLI...
2026-06-16 11:23:08,916 [INFO] Successfully posted to Discord. Output: sent
No extreme algorithmic traps active this matchday.
=> Action: Wait for next matchday.

2026-06-16 11:24:02,612 [INFO] Sending trap alert to Discord via hermes CLI...
2026-06-16 11:24:08,724 [INFO] Successfully posted to Discord. Output: sent
No extreme algorithmic traps active this matchday.
=> Action: Wait for next matchday.

2026-06-16 11:25:02,231 [INFO] Already posted to Discord for vf:season:3101041-1
No extreme algorithmic traps active this matchday.
=> Action: Wait for next matchday.

2026-06-16 11:26:01,977 [INFO] Already posted to Discord for vf:season:3101041-1
No extreme algorithmic traps active this matchday.
=> Action: Wait for next matchday.

2026-06-16 11:27:01,671 [INFO] Sending trap alert to Discord via hermes CLI...
2026-06-16 11:27:08,202 [INFO] Successfully posted to Discord. Output: sent
No extreme algorithmic traps active this matchday.
=> Action: Wait for next matchday.

2026-06-16 11:28:01,337 [INFO] Already posted to Discord for vf:season:3101041-2
No extreme algorithmic traps active this matchday.
=> Action: Wait for next matchday.

2026-06-16 11:29:02,329 [INFO] Already posted to Discord for vf:season:3101041-2
No extreme algorithmic traps active this matchday.
=> Action: Wait for next matchday.

2026-06-16 11:30:02,414 [INFO] Already posted to Discord for vf:season:3101041-2
No extreme algorithmic traps active this matchday.
=> Action: Wait for next matchday.

2026-06-16 11:31:01,632 [INFO] Sending trap alert to Discord via hermes CLI...
2026-06-16 11:31:04,536 [INFO] Successfully posted to Discord. Output: sent
No extreme algorithmic traps active this matchday.
=> Action: Wait for next matchday.

2026-06-16 11:32:01,810 [INFO] Already posted to Discord for vf:season:3101041-3
No extreme algorithmic traps active this matchday.
=> Action: Wait for next matchday.

2026-06-16 11:33:01,562 [INFO] Already posted to Discord for vf:season:3101041-3
No extreme algorithmic traps active this matchday.
=> Action: Wait for next matchday.

2026-06-16 11:34:01,915 [INFO] Sending trap alert to Discord via hermes CLI...
2026-06-16 11:34:05,022 [INFO] Successfully posted to Discord. Output: sent
No extreme algorithmic traps active this matchday.
=> Action: Wait for next matchday.

2026-06-16 11:35:01,471 [INFO] Already posted to Discord for vf:season:3101041-4
No extreme algorithmic traps active this matchday.
=> Action: Wait for next matchday.

2026-06-16 11:36:01,811 [INFO] Already posted to Discord for vf:season:3101041-4
No extreme algorithmic traps active this matchday.
=> Action: Wait for next matchday.

2026-06-16 11:37:01,783 [INFO] Already posted to Discord for vf:season:3101041-4
No extreme algorithmic traps active this matchday.
=> Action: Wait for next matchday.

2026-06-16 11:38:01,933 [INFO] Sending trap alert to Discord via hermes CLI...
2026-06-16 11:38:04,816 [INFO] Successfully posted to Discord. Output: sent
No extreme algorithmic traps active this matchday.
=> Action: Wait for next matchday.

2026-06-16 11:39:02,768 [INFO] Already posted to Discord for vf:season:3101041-5
No extreme algorithmic traps active this matchday.
=> Action: Wait for next matchday.

2026-06-16 11:40:02,010 [INFO] Already posted to Discord for vf:season:3101041-5
No extreme algorithmic traps active this matchday.
=> Action: Wait for next matchday.

2026-06-16 11:41:01,743 [INFO] Already posted to Discord for vf:season:3101041-5
No extreme algorithmic traps active this matchday.
=> Action: Wait for next matchday.

2026-06-16 11:42:01,422 [INFO] Sending trap alert to Discord via hermes CLI...
2026-06-16 11:42:04,769 [INFO] Successfully posted to Discord. Output: sent
## 🚨 MASTER LOCKS IDENTIFIED 🚨

**Match:** Bournemouth [R14, L4] vs Leeds [R6, D2]
**Trap:** 💀 GUARANTEED LOSER (Gravity Well)
**Bet:** **Away Win or Draw (X2)** against Bournemouth [Odds: 2.75 / 3.05]

**Match:** Liverpool [R4, W1] vs Manchester Blue [R16, L5]
**Trap:** 💀 GUARANTEED LOSER (Gravity Well)
**Bet:** **Home Win or Draw (1X)** against Manchester Blue [Odds: 2.15 / 3.75]

=> Action: Place these bets immediately.

2026-06-16 11:43:01,722 [INFO] Already posted to Discord for vf:season:3101041-6
## 🚨 MASTER LOCKS IDENTIFIED 🚨

**Match:** Bournemouth [R14, L4] vs Leeds [R6, D2]
**Trap:** 💀 GUARANTEED LOSER (Gravity Well)
**Bet:** **Away Win or Draw (X2)** against Bournemouth [Odds: 2.75 / 3.05]

**Match:** Liverpool [R4, W1] vs Manchester Blue [R16, L5]
**Trap:** 💀 GUARANTEED LOSER (Gravity Well)
**Bet:** **Home Win or Draw (1X)** against Manchester Blue [Odds: 2.15 / 3.75]

=> Action: Place these bets immediately.

2026-06-16 11:44:02,068 [INFO] Already posted to Discord for vf:season:3101041-6
## 🚨 MASTER LOCKS IDENTIFIED 🚨

**Match:** Bournemouth [R14, L4] vs Leeds [R6, D2]
**Trap:** 💀 GUARANTEED LOSER (Gravity Well)
**Bet:** **Away Win or Draw (X2)** against Bournemouth [Odds: 2.75 / 3.05]

**Match:** Liverpool [R4, W1] vs Manchester Blue [R16, L5]
**Trap:** 💀 GUARANTEED LOSER (Gravity Well)
**Bet:** **Home Win or Draw (1X)** against Manchester Blue [Odds: 2.15 / 3.75]

=> Action: Place these bets immediately.

2026-06-16 11:45:02,105 [INFO] Sending trap alert to Discord via hermes CLI...
2026-06-16 11:45:06,429 [INFO] Successfully posted to Discord. Output: sent
## 🚨 MASTER LOCKS IDENTIFIED 🚨

**Match:** Liverpool [R3, D1] vs Manchester Blue [R15, L4]
**Trap:** 💀 GUARANTEED LOSER (Gravity Well)
**Bet:** **Home Win or Draw (1X)** against Manchester Blue [Odds: 2.15 / 3.75]

=> Action: Place these bets immediately.

2026-06-16 11:46:02,063 [INFO] Already posted to Discord for vf:season:3101041-7
## 🚨 MASTER LOCKS IDENTIFIED 🚨

**Match:** Liverpool [R3, D1] vs Manchester Blue [R15, L4]
**Trap:** 💀 GUARANTEED LOSER (Gravity Well)
**Bet:** **Home Win or Draw (1X)** against Manchester Blue [Odds: 2.15 / 3.75]

=> Action: Place these bets immediately.

2026-06-16 11:47:01,559 [INFO] Already posted to Discord for vf:season:3101041-7
## 🚨 MASTER LOCKS IDENTIFIED 🚨

**Match:** Liverpool [R3, D1] vs Manchester Blue [R15, L4]
**Trap:** 💀 GUARANTEED LOSER (Gravity Well)
**Bet:** **Home Win or Draw (1X)** against Manchester Blue [Odds: 2.15 / 3.75]

=> Action: Place these bets immediately.

2026-06-16 11:48:02,134 [INFO] Already posted to Discord for vf:season:3101041-7
## 🚨 MASTER LOCKS IDENTIFIED 🚨

**Match:** Liverpool [R3, D1] vs Manchester Blue [R15, L4]
**Trap:** 💀 GUARANTEED LOSER (Gravity Well)
**Bet:** **Home Win or Draw (1X)** against Manchester Blue [Odds: 2.15 / 3.75]

=> Action: Place these bets immediately.

2026-06-16 11:49:02,044 [INFO] Sending trap alert to Discord via hermes CLI...
2026-06-16 11:49:04,741 [INFO] Successfully posted to Discord. Output: sent
No extreme algorithmic traps active this matchday.
=> Action: Wait for next matchday.

2026-06-16 11:50:02,071 [INFO] Already posted to Discord for vf:season:3101041-8
No extreme algorithmic traps active this matchday.
=> Action: Wait for next matchday.

2026-06-16 11:51:01,818 [INFO] Already posted to Discord for vf:season:3101041-8
No extreme algorithmic traps active this matchday.
=> Action: Wait for next matchday.

2026-06-16 11:52:01,318 [INFO] Already posted to Discord for vf:season:3101041-8
No extreme algorithmic traps active this matchday.
=> Action: Wait for next matchday.

2026-06-16 11:53:01,551 [INFO] Sending trap alert to Discord via hermes CLI...
2026-06-16 11:53:04,332 [INFO] Successfully posted to Discord. Output: sent
No extreme algorithmic traps active this matchday.
=> Action: Wait for next matchday.

2026-06-16 11:54:01,924 [INFO] Already posted to Discord for vf:season:3101041-9
No extreme algorithmic traps active this matchday.
=> Action: Wait for next matchday.

2026-06-16 11:55:01,613 [INFO] Already posted to Discord for vf:season:3101041-9
No extreme algorithmic traps active this matchday.
=> Action: Wait for next matchday.

2026-06-16 11:56:01,492 [INFO] Sending trap alert to Discord via hermes CLI...
2026-06-16 11:56:04,406 [INFO] Successfully posted to Discord. Output: sent
No extreme algorithmic traps active this matchday.
=> Action: Wait for next matchday.

2026-06-16 11:57:01,841 [INFO] Already posted to Discord for vf:season:3101041-10
No extreme algorithmic traps active this matchday.
=> Action: Wait for next matchday.

2026-06-16 11:58:02,273 [INFO] Already posted to Discord for vf:season:3101041-10
No extreme algorithmic traps active this matchday.
=> Action: Wait for next matchday.

2026-06-16 11:59:01,797 [INFO] Already posted to Discord for vf:season:3101041-10
No extreme algorithmic traps active this matchday.
=> Action: Wait for next matchday.

2026-06-16 12:00:02,473 [INFO] Sending trap alert to Discord via hermes CLI...
2026-06-16 12:00:10,832 [INFO] Successfully posted to Discord. Output: sent
No extreme algorithmic traps active this matchday.
=> Action: Wait for next matchday.

2026-06-16 12:01:01,909 [INFO] Already posted to Discord for vf:season:3101041-11
No extreme algorithmic traps active this matchday.
=> Action: Wait for next matchday.

2026-06-16 12:02:01,882 [INFO] Already posted to Discord for vf:season:3101041-11
No extreme algorithmic traps active this matchday.
=> Action: Wait for next matchday.

2026-06-16 12:03:01,870 [INFO] Already posted to Discord for vf:season:3101041-11
No extreme algorithmic traps active this matchday.
=> Action: Wait for next matchday.

2026-06-16 12:04:02,200 [INFO] Sending trap alert to Discord via hermes CLI...
2026-06-16 12:04:06,235 [INFO] Successfully posted to Discord. Output: sent
No extreme algorithmic traps active this matchday.
=> Action: Wait for next matchday.

2026-06-16 12:05:02,338 [INFO] Already posted to Discord for vf:season:3101041-12
No extreme algorithmic traps active this matchday.
=> Action: Wait for next matchday.

2026-06-16 12:06:02,877 [INFO] Already posted to Discord for vf:season:3101041-12
No extreme algorithmic traps active this matchday.
=> Action: Wait for next matchday.

2026-06-16 12:07:02,561 [INFO] Sending trap alert to Discord via hermes CLI...
2026-06-16 12:07:07,812 [INFO] Successfully posted to Discord. Output: sent
No extreme algorithmic traps active this matchday.
=> Action: Wait for next matchday.

2026-06-16 12:08:01,575 [INFO] Already posted to Discord for vf:season:3101041-13
No extreme algorithmic traps active this matchday.
=> Action: Wait for next matchday.

2026-06-16 12:09:01,539 [INFO] Already posted to Discord for vf:season:3101041-13
No extreme algorithmic traps active this matchday.
=> Action: Wait for next matchday.

2026-06-16 12:10:01,720 [INFO] Already posted to Discord for vf:season:3101041-13
No extreme algorithmic traps active this matchday.
=> Action: Wait for next matchday.

2026-06-16 12:11:02,367 [INFO] Sending trap alert to Discord via hermes CLI...
2026-06-16 12:11:07,309 [INFO] Successfully posted to Discord. Output: sent
No extreme algorithmic traps active this matchday.
=> Action: Wait for next matchday.

2026-06-16 12:12:01,843 [INFO] Already posted to Discord for vf:season:3101041-14
No extreme algorithmic traps active this matchday.
=> Action: Wait for next matchday.

2026-06-16 12:13:02,154 [INFO] Already posted to Discord for vf:season:3101041-14
No extreme algorithmic traps active this matchday.
=> Action: Wait for next matchday.

2026-06-16 12:14:01,903 [INFO] Already posted to Discord for vf:season:3101041-14
No extreme algorithmic traps active this matchday.
=> Action: Wait for next matchday.

2026-06-16 12:15:02,299 [INFO] Sending trap alert to Discord via hermes CLI...
2026-06-16 12:15:07,628 [INFO] Successfully posted to Discord. Output: sent
No extreme algorithmic traps active this matchday.
=> Action: Wait for next matchday.

2026-06-16 12:16:02,021 [INFO] Already posted to Discord for vf:season:3101041-15
No extreme algorithmic traps active this matchday.
=> Action: Wait for next matchday.

2026-06-16 12:17:02,682 [INFO] Already posted to Discord for vf:season:3101041-15
No extreme algorithmic traps active this matchday.
=> Action: Wait for next matchday.

2026-06-16 12:18:02,284 [INFO] Sending trap alert to Discord via hermes CLI...
2026-06-16 12:18:09,780 [INFO] Successfully posted to Discord. Output: sent
## 🚨 MASTER LOCKS IDENTIFIED 🚨

**Match:** Leeds [R15, L2] vs Fulham [R16, L5]
**Trap:** 💀 GUARANTEED LOSER (Gravity Well)
**Bet:** **Home Win or Draw (1X)** against Fulham [Odds: 2.1 / 3.05]

=> Action: Place these bets immediately.

2026-06-16 12:19:02,268 [INFO] Already posted to Discord for vf:season:3101041-16
## 🚨 MASTER LOCKS IDENTIFIED 🚨

**Match:** Leeds [R15, L2] vs Fulham [R16, L5]
**Trap:** 💀 GUARANTEED LOSER (Gravity Well)
**Bet:** **Home Win or Draw (1X)** against Fulham [Odds: 2.1 / 3.05]

=> Action: Place these bets immediately.

2026-06-16 12:20:02,415 [INFO] Already posted to Discord for vf:season:3101041-16
## 🚨 MASTER LOCKS IDENTIFIED 🚨

**Match:** Leeds [R15, L2] vs Fulham [R16, L5]
**Trap:** 💀 GUARANTEED LOSER (Gravity Well)
**Bet:** **Home Win or Draw (1X)** against Fulham [Odds: 2.1 / 3.05]

=> Action: Place these bets immediately.

2026-06-16 12:21:01,704 [INFO] Already posted to Discord for vf:season:3101041-16
## 🚨 MASTER LOCKS IDENTIFIED 🚨

**Match:** Leeds [R15, L2] vs Fulham [R16, L5]
**Trap:** 💀 GUARANTEED LOSER (Gravity Well)
**Bet:** **Home Win or Draw (1X)** against Fulham [Odds: 2.1 / 3.05]

=> Action: Place these bets immediately.

2026-06-16 12:22:01,653 [INFO] Sending trap alert to Discord via hermes CLI...
2026-06-16 12:22:05,215 [INFO] Successfully posted to Discord. Output: sent
## 🚨 MASTER LOCKS IDENTIFIED 🚨

**Match:** Fulham [R16, L4] vs Manchester Blue [R5, W2]
**Trap:** 💀 GUARANTEED LOSER (Gravity Well)
**Bet:** **Away Win or Draw (X2)** against Fulham [Odds: 1.5 / 4.6]

=> Action: Place these bets immediately.

2026-06-16 12:23:01,980 [INFO] Already posted to Discord for vf:season:3101041-17
## 🚨 MASTER LOCKS IDENTIFIED 🚨

**Match:** Fulham [R16, L4] vs Manchester Blue [R5, W2]
**Trap:** 💀 GUARANTEED LOSER (Gravity Well)
**Bet:** **Away Win or Draw (X2)** against Fulham [Odds: 1.5 / 4.6]

=> Action: Place these bets immediately.

2026-06-16 12:24:01,998 [INFO] Already posted to Discord for vf:season:3101041-17
## 🚨 MASTER LOCKS IDENTIFIED 🚨

**Match:** Fulham [R16, L4] vs Manchester Blue [R5, W2]
**Trap:** 💀 GUARANTEED LOSER (Gravity Well)
**Bet:** **Away Win or Draw (X2)** against Fulham [Odds: 1.5 / 4.6]

=> Action: Place these bets immediately.

2026-06-16 12:25:02,302 [INFO] Already posted to Discord for vf:season:3101041-17
## 🚨 MASTER LOCKS IDENTIFIED 🚨

**Match:** Fulham [R16, L4] vs Manchester Blue [R5, W2]
**Trap:** 💀 GUARANTEED LOSER (Gravity Well)
**Bet:** **Away Win or Draw (X2)** against Fulham [Odds: 1.5 / 4.6]

=> Action: Place these bets immediately.

2026-06-16 12:26:02,568 [INFO] Sending trap alert to Discord via hermes CLI...
2026-06-16 12:26:06,677 [INFO] Successfully posted to Discord. Output: sent
No extreme algorithmic traps active this matchday.
=> Action: Wait for next matchday.

2026-06-16 12:27:02,803 [INFO] Already posted to Discord for vf:season:3101041-18
No extreme algorithmic traps active this matchday.
=> Action: Wait for next matchday.

2026-06-16 12:28:01,912 [INFO] Already posted to Discord for vf:season:3101041-18
No extreme algorithmic traps active this matchday.
=> Action: Wait for next matchday.

2026-06-16 12:29:01,676 [INFO] Sending trap alert to Discord via hermes CLI...
2026-06-16 12:29:06,771 [INFO] Successfully posted to Discord. Output: sent
No extreme algorithmic traps active this matchday.
=> Action: Wait for next matchday.

2026-06-16 12:30:02,000 [INFO] Already posted to Discord for vf:season:3101041-19
No extreme algorithmic traps active this matchday.
=> Action: Wait for next matchday.

2026-06-16 12:31:01,674 [INFO] Already posted to Discord for vf:season:3101041-19
No extreme algorithmic traps active this matchday.
=> Action: Wait for next matchday.

2026-06-16 12:32:02,158 [INFO] Already posted to Discord for vf:season:3101041-19
No extreme algorithmic traps active this matchday.
=> Action: Wait for next matchday.

2026-06-16 12:33:01,908 [INFO] Sending trap alert to Discord via hermes CLI...
2026-06-16 12:33:05,208 [INFO] Successfully posted to Discord. Output: sent
No extreme algorithmic traps active this matchday.
=> Action: Wait for next matchday.

2026-06-16 12:34:02,105 [INFO] Already posted to Discord for vf:season:3101041-20
No extreme algorithmic traps active this matchday.
=> Action: Wait for next matchday.

2026-06-16 12:35:01,743 [INFO] Already posted to Discord for vf:season:3101041-20
No extreme algorithmic traps active this matchday.
=> Action: Wait for next matchday.

2026-06-16 12:36:02,214 [INFO] Already posted to Discord for vf:season:3101041-20
No extreme algorithmic traps active this matchday.
=> Action: Wait for next matchday.

2026-06-16 12:37:01,881 [INFO] Sending trap alert to Discord via hermes CLI...
2026-06-16 12:37:05,241 [INFO] Successfully posted to Discord. Output: sent
## 🚨 MASTER LOCKS IDENTIFIED 🚨

**Match:** Wolverhampton [R15, L5] vs Fulham [R16, D1]
**Trap:** 💀 GUARANTEED LOSER (Gravity Well)
**Bet:** **Away Win or Draw (X2)** against Wolverhampton [Odds: 4.3 / 3.65]

=> Action: Place these bets immediately.

2026-06-16 12:38:02,006 [INFO] Already posted to Discord for vf:season:3101041-21
## 🚨 MASTER LOCKS IDENTIFIED 🚨

**Match:** Wolverhampton [R15, L5] vs Fulham [R16, D1]
**Trap:** 💀 GUARANTEED LOSER (Gravity Well)
**Bet:** **Away Win or Draw (X2)** against Wolverhampton [Odds: 4.3 / 3.65]

=> Action: Place these bets immediately.

2026-06-16 12:39:01,850 [INFO] Already posted to Discord for vf:season:3101041-21
## 🚨 MASTER LOCKS IDENTIFIED 🚨

**Match:** Wolverhampton [R15, L5] vs Fulham [R16, D1]
**Trap:** 💀 GUARANTEED LOSER (Gravity Well)
**Bet:** **Away Win or Draw (X2)** against Wolverhampton [Odds: 4.3 / 3.65]

=> Action: Place these bets immediately.

2026-06-16 12:40:01,908 [INFO] Sending trap alert to Discord via hermes CLI...
2026-06-16 12:40:05,301 [INFO] Successfully posted to Discord. Output: sent
## 🚨 MASTER LOCKS IDENTIFIED 🚨

**Match:** Everton [R10, L1] vs Wolverhampton [R15, L4]
**Trap:** 💀 GUARANTEED LOSER (Gravity Well)
**Bet:** **Home Win or Draw (1X)** against Wolverhampton [Odds: 1.9 / 3.65]

=> Action: Place these bets immediately.

2026-06-16 12:41:01,646 [INFO] Already posted to Discord for vf:season:3101041-22
## 🚨 MASTER LOCKS IDENTIFIED 🚨

**Match:** Everton [R10, L1] vs Wolverhampton [R15, L4]
**Trap:** 💀 GUARANTEED LOSER (Gravity Well)
**Bet:** **Home Win or Draw (1X)** against Wolverhampton [Odds: 1.9 / 3.65]

=> Action: Place these bets immediately.

2026-06-16 12:42:02,421 [INFO] Already posted to Discord for vf:season:3101041-22
## 🚨 MASTER LOCKS IDENTIFIED 🚨

**Match:** Everton [R10, L1] vs Wolverhampton [R15, L4]
**Trap:** 💀 GUARANTEED LOSER (Gravity Well)
**Bet:** **Home Win or Draw (1X)** against Wolverhampton [Odds: 1.9 / 3.65]

=> Action: Place these bets immediately.

2026-06-16 12:43:01,450 [INFO] Already posted to Discord for vf:season:3101041-22
## 🚨 MASTER LOCKS IDENTIFIED 🚨

**Match:** Everton [R10, L1] vs Wolverhampton [R15, L4]
**Trap:** 💀 GUARANTEED LOSER (Gravity Well)
**Bet:** **Home Win or Draw (1X)** against Wolverhampton [Odds: 1.9 / 3.65]

=> Action: Place these bets immediately.

2026-06-16 12:44:01,874 [INFO] Sending trap alert to Discord via hermes CLI...
2026-06-16 12:44:04,906 [INFO] Successfully posted to Discord. Output: sent
No extreme algorithmic traps active this matchday.
=> Action: Wait for next matchday.

2026-06-16 12:45:01,646 [INFO] Already posted to Discord for vf:season:3101041-23
No extreme algorithmic traps active this matchday.
=> Action: Wait for next matchday.

2026-06-16 12:46:01,612 [INFO] Already posted to Discord for vf:season:3101041-23
No extreme algorithmic traps active this matchday.
=> Action: Wait for next matchday.

2026-06-16 12:47:02,101 [INFO] Already posted to Discord for vf:season:3101041-23
No extreme algorithmic traps active this matchday.
=> Action: Wait for next matchday.

2026-06-16 12:48:01,873 [INFO] Sending trap alert to Discord via hermes CLI...
2026-06-16 12:48:05,175 [INFO] Successfully posted to Discord. Output: sent
No extreme algorithmic traps active this matchday.
=> Action: Wait for next matchday.

2026-06-16 12:49:01,654 [INFO] Already posted to Discord for vf:season:3101041-24
No extreme algorithmic traps active this matchday.
=> Action: Wait for next matchday.

2026-06-16 12:50:02,088 [INFO] Already posted to Discord for vf:season:3101041-24
No extreme algorithmic traps active this matchday.
=> Action: Wait for next matchday.

2026-06-16 12:51:01,842 [INFO] Sending trap alert to Discord via hermes CLI...
2026-06-16 12:51:05,373 [INFO] Successfully posted to Discord. Output: sent
No extreme algorithmic traps active this matchday.
=> Action: Wait for next matchday.

2026-06-16 12:52:01,553 [INFO] Already posted to Discord for vf:season:3101041-25
No extreme algorithmic traps active this matchday.
=> Action: Wait for next matchday.

2026-06-16 12:53:01,933 [INFO] Already posted to Discord for vf:season:3101041-25
No extreme algorithmic traps active this matchday.
=> Action: Wait for next matchday.

2026-06-16 12:54:01,980 [INFO] Already posted to Discord for vf:season:3101041-25
No extreme algorithmic traps active this matchday.
=> Action: Wait for next matchday.

2026-06-16 12:55:01,675 [INFO] Sending trap alert to Discord via hermes CLI...
2026-06-16 12:55:05,421 [INFO] Successfully posted to Discord. Output: sent
No extreme algorithmic traps active this matchday.
=> Action: Wait for next matchday.

2026-06-16 12:56:01,753 [INFO] Already posted to Discord for vf:season:3101041-26
No extreme algorithmic traps active this matchday.
=> Action: Wait for next matchday.

2026-06-16 12:57:02,470 [INFO] Already posted to Discord for vf:season:3101041-26
No extreme algorithmic traps active this matchday.
=> Action: Wait for next matchday.

2026-06-16 12:58:01,956 [INFO] Already posted to Discord for vf:season:3101041-26
No extreme algorithmic traps active this matchday.
=> Action: Wait for next matchday.

2026-06-16 12:59:02,028 [INFO] Sending trap alert to Discord via hermes CLI...
2026-06-16 12:59:05,723 [INFO] Successfully posted to Discord. Output: sent
## 🚨 MASTER LOCKS IDENTIFIED 🚨

**Match:** Wolverhampton [R15, L4] vs Brighton [R8, L1]
**Trap:** 💀 GUARANTEED LOSER (Gravity Well)
**Bet:** **Away Win or Draw (X2)** against Wolverhampton [Odds: 3.1 / 3.55]

=> Action: Place these bets immediately.

2026-06-16 13:00:01,618 [INFO] Already posted to Discord for vf:season:3101041-27
## 🚨 MASTER LOCKS IDENTIFIED 🚨

**Match:** Wolverhampton [R15, L4] vs Brighton [R8, L1]
**Trap:** 💀 GUARANTEED LOSER (Gravity Well)
**Bet:** **Away Win or Draw (X2)** against Wolverhampton [Odds: 3.1 / 3.55]

=> Action: Place these bets immediately.

2026-06-16 13:01:01,836 [INFO] Already posted to Discord for vf:season:3101041-27
## 🚨 MASTER LOCKS IDENTIFIED 🚨

**Match:** Wolverhampton [R15, L4] vs Brighton [R8, L1]
**Trap:** 💀 GUARANTEED LOSER (Gravity Well)
**Bet:** **Away Win or Draw (X2)** against Wolverhampton [Odds: 3.1 / 3.55]

=> Action: Place these bets immediately.

2026-06-16 13:02:02,402 [INFO] Sending trap alert to Discord via hermes CLI...
2026-06-16 13:02:07,657 [INFO] Successfully posted to Discord. Output: sent
No extreme algorithmic traps active this matchday.
=> Action: Wait for next matchday.

2026-06-16 13:03:02,479 [INFO] Already posted to Discord for vf:season:3101041-28
No extreme algorithmic traps active this matchday.
=> Action: Wait for next matchday.

2026-06-16 13:04:02,450 [INFO] Already posted to Discord for vf:season:3101041-28
No extreme algorithmic traps active this matchday.
=> Action: Wait for next matchday.

2026-06-16 13:05:01,927 [INFO] Already posted to Discord for vf:season:3101041-28
No extreme algorithmic traps active this matchday.
=> Action: Wait for next matchday.

2026-06-16 13:06:02,685 [INFO] Sending trap alert to Discord via hermes CLI...
2026-06-16 13:06:08,255 [INFO] Successfully posted to Discord. Output: sent
No extreme algorithmic traps active this matchday.
=> Action: Wait for next matchday.

2026-06-16 13:07:02,556 [INFO] Already posted to Discord for vf:season:3101041-29
No extreme algorithmic traps active this matchday.
=> Action: Wait for next matchday.

2026-06-16 13:08:02,153 [INFO] Already posted to Discord for vf:season:3101041-29
No extreme algorithmic traps active this matchday.
=> Action: Wait for next matchday.

2026-06-16 13:09:01,947 [INFO] Already posted to Discord for vf:season:3101041-29
No extreme algorithmic traps active this matchday.
=> Action: Wait for next matchday.

2026-06-16 13:10:01,838 [INFO] Sending trap alert to Discord via hermes CLI...
2026-06-16 13:10:06,677 [INFO] Successfully posted to Discord. Output: sent
No extreme algorithmic traps active this matchday.
=> Action: Wait for next matchday.

2026-06-16 13:11:02,695 [INFO] Already posted to Discord for vf:season:3101041-30
No extreme algorithmic traps active this matchday.
=> Action: Wait for next matchday.

2026-06-16 13:12:02,605 [INFO] Already posted to Discord for vf:season:3101041-30
No extreme algorithmic traps active this matchday.
=> Action: Wait for next matchday.

2026-06-16 13:13:02,006 [INFO] Sending trap alert to Discord via hermes CLI...
2026-06-16 13:13:05,582 [INFO] Successfully posted to Discord. Output: sent
No extreme algorithmic traps active this matchday.
=> Action: Wait for next matchday.

2026-06-16 13:14:02,334 [INFO] Already posted to Discord for vf:season:3101041-0
No extreme algorithmic traps active this matchday.
=> Action: Wait for next matchday.

2026-06-16 13:15:02,112 [INFO] Sending trap alert to Discord via hermes CLI...
2026-06-16 13:15:08,799 [INFO] Successfully posted to Discord. Output: sent
No extreme algorithmic traps active this matchday.
=> Action: Wait for next matchday.

2026-06-16 13:16:01,794 [INFO] Sending trap alert to Discord via hermes CLI...
2026-06-16 13:16:05,678 [INFO] Successfully posted to Discord. Output: sent
No extreme algorithmic traps active this matchday.
=> Action: Wait for next matchday.

2026-06-16 13:17:02,286 [INFO] Already posted to Discord for vf:season:3101069-1
No extreme algorithmic traps active this matchday.
=> Action: Wait for next matchday.

2026-06-16 13:18:02,091 [INFO] Already posted to Discord for vf:season:3101069-1
No extreme algorithmic traps active this matchday.
=> Action: Wait for next matchday.

2026-06-16 13:19:02,478 [INFO] Sending trap alert to Discord via hermes CLI...
2026-06-16 13:19:06,451 [INFO] Successfully posted to Discord. Output: sent
No extreme algorithmic traps active this matchday.
=> Action: Wait for next matchday.

2026-06-16 13:20:02,358 [INFO] Already posted to Discord for vf:season:3101069-2
No extreme algorithmic traps active this matchday.
=> Action: Wait for next matchday.

2026-06-16 13:21:02,416 [INFO] Already posted to Discord for vf:season:3101069-2
No extreme algorithmic traps active this matchday.
=> Action: Wait for next matchday.

2026-06-16 13:22:01,762 [INFO] Already posted to Discord for vf:season:3101069-2
No extreme algorithmic traps active this matchday.
=> Action: Wait for next matchday.

2026-06-16 13:23:01,895 [INFO] Sending trap alert to Discord via hermes CLI...
2026-06-16 13:23:05,797 [INFO] Successfully posted to Discord. Output: sent
No extreme algorithmic traps active this matchday.
=> Action: Wait for next matchday.

2026-06-16 13:24:02,518 [INFO] Already posted to Discord for vf:season:3101069-3
No extreme algorithmic traps active this matchday.
=> Action: Wait for next matchday.

2026-06-16 13:25:02,030 [INFO] Already posted to Discord for vf:season:3101069-3
No extreme algorithmic traps active this matchday.
=> Action: Wait for next matchday.

2026-06-16 13:26:01,809 [INFO] Sending trap alert to Discord via hermes CLI...
2026-06-16 13:26:06,115 [INFO] Successfully posted to Discord. Output: sent
No extreme algorithmic traps active this matchday.
=> Action: Wait for next matchday.

2026-06-16 13:27:01,937 [INFO] Already posted to Discord for vf:season:3101069-4
No extreme algorithmic traps active this matchday.
=> Action: Wait for next matchday.

2026-06-16 13:28:02,514 [INFO] Already posted to Discord for vf:season:3101069-4
No extreme algorithmic traps active this matchday.
=> Action: Wait for next matchday.

2026-06-16 13:29:01,898 [INFO] Already posted to Discord for vf:season:3101069-4
No extreme algorithmic traps active this matchday.
=> Action: Wait for next matchday.

2026-06-16 13:30:01,634 [INFO] Sending trap alert to Discord via hermes CLI...
2026-06-16 13:30:07,667 [INFO] Successfully posted to Discord. Output: sent
No extreme algorithmic traps active this matchday.
=> Action: Wait for next matchday.

