timestamp,season,matchday,home_team,home_tier,away_team,away_tier,odds_home,odds_draw,odds_away,is_lock,lock_outcome,lock_confidence,bet_placed,bet_status,bet_error
2026-06-09 06:24:21,VFLM 5333,12,Fulham,T3,Crystal Palace,T4,2.3,3.35,2.95,False,,,False,N/A,
2026-06-09 06:24:21,VFLM 5333,12,Leeds,T4,Brighton,T2,3.15,2.65,2.6,False,,,False,N/A,
2026-06-09 06:24:21,VFLM 5333,12,Newcastle,T4,Bournemouth,T4,1.8,3.6,3.95,False,,,False,N/A,
2026-06-09 06:24:21,VFLM 5333,12,Everton,T3,West Ham,T3,2.3,3.65,2.7,False,,,False,N/A,
2026-06-09 06:24:21,VFLM 5333,12,London Guns,T2,Chelsea,T1,2.3,3.45,2.85,False,,,False,N/A,
2026-06-09 06:24:21,VFLM 5333,12,Aston Villa,T2,Tottenham,T1,2.15,3.1,3.45,False,,,False,N/A,
2026-06-09 06:24:21,VFLM 5333,12,Wolverhampton,T3,Manchester Blue,T1,4.0,4.35,1.65,False,,,False,N/A,
2026-06-09 06:24:21,VFLM 5333,12,Manchester Red,T1,Liverpool,T2,2.3,3.35,2.85,False,,,False,N/A,
2026-06-09 06:27:03,VFLM 5333,13,Crystal Palace,T4,Leeds,T4,2.25,3.2,3.1,False,,,False,N/A,
2026-06-09 06:27:03,VFLM 5333,13,Tottenham,T1,Wolverhampton,T3,1.55,4.4,5.0,False,,,False,N/A,
2026-06-09 06:27:03,VFLM 5333,13,Bournemouth,T4,Everton,T2,3.6,3.25,2.05,False,,,False,N/A,
2026-06-09 06:27:03,VFLM 5333,13,Newcastle,T4,Manchester Red,T1,5.25,3.8,1.6,False,,,False,N/A,
2026-06-09 06:27:03,VFLM 5333,13,Chelsea,T1,Liverpool,T2,2.15,3.55,2.95,False,,,False,N/A,
2026-06-09 06:27:03,VFLM 5333,13,West Ham,T3,Aston Villa,T2,2.95,3.55,2.2,False,,,False,N/A,
2026-06-09 06:27:03,VFLM 5333,13,Manchester Blue,T1,Fulham,T3,1.2,7.0,9.75,False,,,False,N/A,
2026-06-09 06:27:03,VFLM 5333,13,Brighton,T2,London Guns,T3,3.2,3.55,2.05,False,,,False,N/A,
2026-06-09 06:30:44,VFLM 5333,14,Manchester Red,T1,Chelsea,T2,2.0,3.5,3.35,False,,,False,N/A,
2026-06-09 06:30:44,VFLM 5333,14,Everton,T2,Newcastle,T4,1.65,3.5,5.25,False,,,False,N/A,
2026-06-09 06:30:44,VFLM 5333,14,Aston Villa,T2,Bournemouth,T3,1.4,4.05,8.75,False,,,False,N/A,
2026-06-09 06:30:44,VFLM 5333,14,London Guns,T2,Crystal Palace,T4,1.35,5.0,7.0,False,,,False,N/A,
2026-06-09 06:30:44,VFLM 5333,14,Fulham,T4,Tottenham,T1,4.15,3.4,1.85,False,,,False,N/A,
2026-06-09 06:30:44,VFLM 5333,14,Leeds,T4,Manchester Blue,T1,5.0,3.4,1.7,False,,,False,N/A,
2026-06-09 06:30:44,VFLM 5333,14,Wolverhampton,T3,West Ham,T3,2.1,4.3,2.7,False,,,False,N/A,
2026-06-09 06:30:44,VFLM 5333,14,Liverpool,T1,Brighton,T3,1.4,5.25,6.25,False,,,False,N/A,
2026-06-09 06:34:25,VFLM 5333,15,West Ham,T3,Fulham,T4,1.6,3.55,5.75,False,,,False,N/A,
2026-06-09 06:34:25,VFLM 5333,15,Brighton,T3,Chelsea,T2,3.7,3.45,1.95,False,,,False,N/A,
2026-06-09 06:34:25,VFLM 5333,15,Everton,T2,Manchester Red,T1,3.8,3.15,2.0,False,,,False,N/A,
2026-06-09 06:34:25,VFLM 5333,15,Tottenham,T1,Leeds,T4,1.5,3.95,6.75,False,,,False,N/A,
2026-06-09 06:34:25,VFLM 5333,15,Manchester Blue,T1,London Guns,T2,1.65,4.15,4.25,False,,,False,N/A,
2026-06-09 06:34:25,VFLM 5333,15,Crystal Palace,T4,Liverpool,T1,4.75,4.1,1.6,False,,,False,N/A,
2026-06-09 06:34:25,VFLM 5333,15,Bournemouth,T3,Wolverhampton,T4,2.85,4.5,2.0,False,,,False,N/A,
2026-06-09 06:34:25,VFLM 5333,15,Newcastle,T3,Aston Villa,T2,3.85,3.45,1.9,False,,,False,N/A,
2026-06-09 06:38:06,VFLM 5333,16,Manchester Blue,T1,Liverpool,T1,2.05,3.8,3.05,False,,,False,N/A,
2026-06-09 06:38:06,VFLM 5333,16,Everton,T2,Aston Villa,T2,3.0,2.9,2.5,False,,,False,N/A,
2026-06-09 06:38:06,VFLM 5333,16,Tottenham,T1,London Guns,T2,2.05,3.35,3.45,False,,,False,N/A,
2026-06-09 06:38:06,VFLM 5333,16,West Ham,T3,Leeds,T4,1.8,3.45,4.2,False,,,False,N/A,
2026-06-09 06:38:06,VFLM 5333,16,Newcastle,T3,Wolverhampton,T4,2.45,3.75,2.45,False,,,False,N/A,
2026-06-09 06:38:06,VFLM 5333,16,Bournemouth,T3,Fulham,T4,2.35,3.2,2.9,False,,,False,N/A,
2026-06-09 06:38:06,VFLM 5333,16,Manchester Red,T2,Brighton,T3,1.5,3.6,7.25,False,,,False,N/A,
2026-06-09 06:38:06,VFLM 5333,16,Crystal Palace,T4,Chelsea,T1,6.25,3.95,1.5,False,,,False,N/A,
2026-06-09 06:41:42,VFLM 5333,17,Liverpool,T1,Tottenham,T1,1.65,4.45,3.9,False,,,False,N/A,
2026-06-09 06:41:42,VFLM 5333,17,Wolverhampton,T4,Everton,T3,2.5,3.25,2.65,False,,,False,N/A,
2026-06-09 06:41:42,VFLM 5333,17,Leeds,T4,Bournemouth,T3,1.85,3.25,4.2,False,,,False,N/A,
2026-06-09 06:41:42,VFLM 5333,17,Fulham,T4,Newcastle,T3,2.2,3.35,3.0,False,,,False,N/A,
2026-06-09 06:41:42,VFLM 5333,17,Brighton,T3,Crystal Palace,T4,1.8,3.8,3.9,False,,,False,N/A,
2026-06-09 06:41:42,VFLM 5333,17,Aston Villa,T2,Manchester Red,T1,2.4,3.75,2.55,False,,,False,N/A,
2026-06-09 06:41:42,VFLM 5333,17,London Guns,T2,West Ham,T2,1.7,3.9,4.15,False,,,False,N/A,
2026-06-09 06:41:42,VFLM 5333,17,Chelsea,T2,Manchester Blue,T1,2.05,4.35,2.75,False,,,False,N/A,
2026-06-09 06:44:17,VFLM 5333,17,Liverpool,T1,Tottenham,T1,1.65,4.45,3.9,False,,,False,N/A,
2026-06-09 06:44:17,VFLM 5333,17,Wolverhampton,T4,Everton,T3,2.5,3.25,2.65,False,,,False,N/A,
2026-06-09 06:44:17,VFLM 5333,17,Leeds,T4,Bournemouth,T3,1.85,3.25,4.2,False,,,False,N/A,
2026-06-09 06:44:17,VFLM 5333,17,Fulham,T4,Newcastle,T3,2.2,3.35,3.0,False,,,False,N/A,
2026-06-09 06:44:17,VFLM 5333,17,Brighton,T3,Crystal Palace,T4,1.8,3.8,3.9,False,,,False,N/A,
2026-06-09 06:44:17,VFLM 5333,17,Aston Villa,T2,Manchester Red,T1,2.4,3.75,2.55,False,,,False,N/A,
2026-06-09 06:44:17,VFLM 5333,17,London Guns,T2,West Ham,T2,1.7,3.9,4.15,False,,,False,N/A,
2026-06-09 06:44:17,VFLM 5333,17,Chelsea,T2,Manchester Blue,T1,2.05,4.35,2.75,False,,,False,N/A,
2026-06-09 06:45:25,VFLM 5333,18,Aston Villa,T2,Wolverhampton,T4,1.55,4.05,5.25,False,,,False,N/A,
2026-06-09 06:45:25,VFLM 5333,18,Tottenham,T1,Chelsea,T2,2.3,4.35,2.45,False,,,False,N/A,
2026-06-09 06:45:25,VFLM 5333,18,Manchester Red,T1,Crystal Palace,T4,1.25,5.5,10.0,False,,,False,N/A,
2026-06-09 06:45:25,VFLM 5333,18,Manchester Blue,T1,Brighton,T3,1.35,4.8,7.25,False,,,False,N/A,
2026-06-09 06:45:25,VFLM 5333,18,Bournemouth,T3,London Guns,T2,3.7,3.85,1.8,False,,,False,N/A,
2026-06-09 06:45:25,VFLM 5333,18,Newcastle,T3,Leeds,T4,2.5,3.05,2.85,False,,,False,N/A,
2026-06-09 06:45:25,VFLM 5333,18,Everton,T3,Fulham,T4,1.7,3.2,5.5,False,,,False,N/A,
2026-06-09 06:45:25,VFLM 5333,18,West Ham,T2,Liverpool,T1,3.65,3.75,1.85,False,,,False,N/A,
2026-06-09 06:47:46,VFLM 5333,18,Aston Villa,T2,Wolverhampton,T4,1.55,4.05,5.25,False,,,False,N/A,
2026-06-09 06:47:46,VFLM 5333,18,Tottenham,T1,Chelsea,T2,2.3,4.35,2.45,False,,,False,N/A,
2026-06-09 06:47:46,VFLM 5333,18,Manchester Red,T1,Crystal Palace,T4,1.25,5.5,10.0,False,,,False,N/A,
2026-06-09 06:47:46,VFLM 5333,18,Manchester Blue,T1,Brighton,T3,1.35,4.8,7.25,False,,,False,N/A,
2026-06-09 06:47:46,VFLM 5333,18,Bournemouth,T3,London Guns,T2,3.7,3.85,1.8,False,,,False,N/A,
2026-06-09 06:47:46,VFLM 5333,18,Newcastle,T3,Leeds,T4,2.5,3.05,2.85,False,,,False,N/A,
2026-06-09 06:47:46,VFLM 5333,18,Everton,T3,Fulham,T4,1.7,3.2,5.5,False,,,False,N/A,
2026-06-09 06:47:46,VFLM 5333,18,West Ham,T2,Liverpool,T1,3.65,3.75,1.85,False,,,False,N/A,
2026-06-09 06:49:04,VFLM 5333,19,Chelsea,T2,West Ham,T3,1.6,4.15,4.55,False,,,False,N/A,
2026-06-09 06:49:04,VFLM 5333,19,Wolverhampton,T4,Manchester Red,T1,3.8,3.7,1.85,False,,,False,N/A,
2026-06-09 06:49:04,VFLM 5333,19,Brighton,T3,Tottenham,T1,3.1,3.3,2.2,False,,,False,N/A,
2026-06-09 06:49:04,VFLM 5333,19,Crystal Palace,T4,Manchester Blue,T1,5.0,4.0,1.6,False,,,False,N/A,
2026-06-09 06:49:04,VFLM 5333,19,Liverpool,T1,Bournemouth,T3,1.25,5.5,10.25,False,,,False,N/A,
2026-06-09 06:49:04,VFLM 5333,19,Fulham,T4,Aston Villa,T2,4.8,3.45,1.7,False,,,False,N/A,
2026-06-09 06:49:04,VFLM 5333,19,Leeds,T4,Everton,T3,3.3,2.65,2.5,False,,,False,N/A,
2026-06-09 06:49:04,VFLM 5333,19,London Guns,T2,Newcastle,T2,1.5,4.0,5.75,False,,,False,N/A,
2026-06-09 06:52:46,VFLM 5333,20,Bournemouth,T3,Chelsea,T2,6.0,3.95,1.5,False,,,False,N/A,
2026-06-09 06:52:46,VFLM 5333,20,Aston Villa,T2,Leeds,T4,1.5,3.4,7.75,False,,,False,N/A,
2026-06-09 06:52:46,VFLM 5333,20,West Ham,T3,Brighton,T3,2.05,3.25,3.6,False,,,False,N/A,
2026-06-09 06:52:46,VFLM 5333,20,Manchester Red,T1,Manchester Blue,T1,2.35,3.75,2.55,False,,,False,N/A,
2026-06-09 06:52:46,VFLM 5333,20,Tottenham,T1,Crystal Palace,T4,1.4,4.7,6.75,False,,,False,N/A,
2026-06-09 06:52:46,VFLM 5333,20,Everton,T3,London Guns,T2,2.75,3.25,2.45,False,,,False,N/A,
2026-06-09 06:52:46,VFLM 5333,20,Newcastle,T2,Liverpool,T1,5.5,3.8,1.55,False,,,False,N/A,
2026-06-09 06:52:46,VFLM 5333,20,Wolverhampton,T4,Fulham,T4,1.75,3.6,4.25,False,,,False,N/A,
2026-06-09 06:56:23,VFLM 5333,21,Brighton,T3,Bournemouth,T3,1.85,3.3,4.35,False,,,False,N/A,
2026-06-09 06:56:23,VFLM 5333,21,Manchester Blue,T1,Tottenham,T2,1.65,4.25,4.15,False,,,False,N/A,
2026-06-09 06:56:23,VFLM 5333,21,Liverpool,T1,Everton,T3,1.55,3.65,6.25,False,,,False,N/A,
2026-06-09 06:56:23,VFLM 5333,21,London Guns,T2,Aston Villa,T2,2.1,3.5,3.15,False,,,False,N/A,
2026-06-09 06:56:23,VFLM 5333,21,Chelsea,T1,Newcastle,T2,1.35,5.25,7.5,False,,,False,N/A,
2026-06-09 06:56:23,VFLM 5333,21,Crystal Palace,T4,West Ham,T3,2.85,3.65,2.2,False,,,False,N/A,
2026-06-09 06:56:23,VFLM 5333,21,Fulham,T4,Manchester Red,T1,5.0,3.75,1.6,False,,,False,N/A,
2026-06-09 06:56:23,VFLM 5333,21,Leeds,T4,Wolverhampton,T4,2.5,3.45,2.6,False,,,False,N/A,
2026-06-09 07:00:06,VFLM 5333,22,Fulham,T4,Leeds,T4,2.7,2.85,2.75,False,,,False,N/A,
2026-06-09 07:00:06,VFLM 5333,22,Newcastle,T2,Brighton,T2,2.5,3.35,2.65,False,,,False,N/A,
2026-06-09 07:00:06,VFLM 5333,22,Bournemouth,T4,Crystal Palace,T4,2.35,3.15,2.95,False,,,False,N/A,
2026-06-09 07:00:06,VFLM 5333,22,Wolverhampton,T3,London Guns,T3,2.8,3.6,2.2,False,,,False,N/A,
2026-06-09 07:00:06,VFLM 5333,22,Manchester Red,T1,Tottenham,T2,1.75,3.8,4.2,False,,,False,N/A,
2026-06-09 07:00:06,VFLM 5333,22,Aston Villa,T2,Liverpool,T1,2.4,3.3,2.75,False,,,False,N/A,
2026-06-09 07:00:06,VFLM 5333,22,West Ham,T3,Manchester Blue,T1,4.1,4.05,1.7,False,,,False,N/A,
2026-06-09 07:00:06,VFLM 5333,22,Everton,T3,Chelsea,T1,3.1,3.25,2.2,False,,,False,N/A,
2026-06-09 07:03:45,VFLM 5333,23,Crystal Palace,T4,Newcastle,T2,2.3,3.35,2.85,False,,,False,N/A,
2026-06-09 07:03:45,VFLM 5333,23,Brighton,T3,Everton,T3,2.4,2.9,3.15,False,,,False,N/A,
2026-06-09 07:03:45,VFLM 5333,23,London Guns,T2,Fulham,T4,1.3,5.0,8.0,False,,,False,N/A,
2026-06-09 07:03:45,VFLM 5333,23,Tottenham,T2,West Ham,T3,1.6,4.05,4.7,False,,,False,N/A,
2026-06-09 07:03:45,VFLM 5333,23,Manchester Blue,T1,Bournemouth,T4,1.3,5.0,8.5,False,,,False,N/A,
2026-06-09 07:03:45,VFLM 5333,23,Chelsea,T1,Aston Villa,T2,1.9,3.35,3.9,False,,,False,N/A,
2026-06-09 07:03:45,VFLM 5333,23,Liverpool,T1,Wolverhampton,T3,1.4,4.4,8.0,False,,,False,N/A,
2026-06-09 07:03:45,VFLM 5333,23,Leeds,T4,Manchester Red,T1,5.5,3.4,1.65,False,,,False,N/A,
2026-06-09 07:07:14,VFLM 5333,23,Crystal Palace,T4,Newcastle,T2,2.3,3.35,2.85,False,,,False,N/A,
2026-06-09 07:07:14,VFLM 5333,23,Brighton,T3,Everton,T3,2.4,2.9,3.15,False,,,False,N/A,
2026-06-09 07:07:14,VFLM 5333,23,London Guns,T2,Fulham,T4,1.3,5.0,8.0,False,,,False,N/A,
2026-06-09 07:07:14,VFLM 5333,23,Tottenham,T2,West Ham,T3,1.6,4.05,4.7,False,,,False,N/A,
2026-06-09 07:07:14,VFLM 5333,23,Manchester Blue,T1,Bournemouth,T3,1.3,5.0,8.5,False,,,False,N/A,
2026-06-09 07:07:14,VFLM 5333,23,Chelsea,T1,Aston Villa,T2,1.9,3.35,3.9,False,,,False,N/A,
2026-06-09 07:07:14,VFLM 5333,23,Liverpool,T1,Wolverhampton,T4,1.4,4.4,8.0,False,,,False,N/A,
2026-06-09 07:07:14,VFLM 5333,23,Leeds,T4,Manchester Red,T1,5.5,3.4,1.65,False,,,False,N/A,
2026-06-09 07:07:28,VFLM 5333,24,Manchester Red,T1,West Ham,T3,1.45,4.5,5.75,False,,,False,N/A,
2026-06-09 07:07:28,VFLM 5333,24,Leeds,T4,London Guns,T2,3.95,3.25,1.95,False,,,False,N/A,
2026-06-09 07:07:28,VFLM 5333,24,Aston Villa,T2,Brighton,T3,1.65,3.15,6.0,False,,,False,N/A,
2026-06-09 07:07:28,VFLM 5333,24,Bournemouth,T3,Tottenham,T2,4.75,3.4,1.75,False,,,False,N/A,
2026-06-09 07:07:28,VFLM 5333,24,Newcastle,T2,Manchester Blue,T1,5.25,4.05,1.55,False,,,False,N/A,
2026-06-09 07:07:28,VFLM 5333,24,Wolverhampton,T4,Chelsea,T1,3.5,4.2,1.8,False,,,False,N/A,
2026-06-09 07:07:28,VFLM 5333,24,Everton,T3,Crystal Palace,T4,1.65,3.35,5.75,False,,,False,N/A,
2026-06-09 07:07:28,VFLM 5333,24,Fulham,T4,Liverpool,T1,5.75,3.55,1.6,False,,,False,N/A,
2026-06-09 07:11:07,VFLM 5333,25,Brighton,T3,Wolverhampton,T4,1.9,3.85,3.35,False,,,False,N/A,
2026-06-09 07:11:07,VFLM 5333,25,London Guns,T2,Manchester Red,T1,2.4,3.55,2.65,False,,,False,N/A,
2026-06-09 07:11:07,VFLM 5333,25,Tottenham,T2,Newcastle,T2,1.4,4.95,6.5,False,,,False,N/A,
2026-06-09 07:11:07,VFLM 5333,25,Manchester Blue,T1,Everton,T3,1.45,4.65,6.0,False,,,False,N/A,
2026-06-09 07:11:07,VFLM 5333,25,Crystal Palace,T4,Aston Villa,T2,4.35,3.5,1.75,False,,,False,N/A,
2026-06-09 07:11:07,VFLM 5333,25,Chelsea,T1,Fulham,T4,1.3,4.6,10.75,False,,,False,N/A,
2026-06-09 07:11:07,VFLM 5333,25,West Ham,T3,Bournemouth,T3,1.6,4.0,4.95,False,,,False,N/A,
2026-06-09 07:11:21,VFLM 5333,25,Liverpool,T1,Leeds,T4,1.4,3.9,9.5,True,HOME WIN,7/7 (100%),True,SUCCESS,
2026-06-09 07:14:46,VFLM 5333,26,Manchester Red,T1,Bournemouth,T3,1.3,4.85,9.0,False,,,False,N/A,
2026-06-09 07:14:46,VFLM 5333,26,Everton,T3,Tottenham,T2,2.7,3.15,2.55,False,,,False,N/A,
2026-06-09 07:14:46,VFLM 5333,26,Wolverhampton,T4,Crystal Palace,T4,1.8,3.95,3.8,False,,,False,N/A,
2026-06-09 07:14:46,VFLM 5333,26,Leeds,T4,Chelsea,T1,6.25,3.5,1.6,False,,,False,N/A,
2026-06-09 07:14:46,VFLM 5333,26,Fulham,T4,Brighton,T3,2.95,3.5,2.2,False,,,False,N/A,
2026-06-09 07:14:46,VFLM 5333,26,Aston Villa,T2,Manchester Blue,T1,2.55,3.75,2.35,False,,,False,N/A,
2026-06-09 07:14:46,VFLM 5333,26,Newcastle,T2,West Ham,T3,2.6,3.9,2.3,False,,,False,N/A,
2026-06-09 07:14:46,VFLM 5333,26,London Guns,T2,Liverpool,T1,2.55,3.65,2.45,False,,,False,N/A,
2026-06-09 07:18:25,VFLM 5333,27,Tottenham,T2,Aston Villa,T2,2.35,3.1,3.0,False,,,False,N/A,
2026-06-09 07:18:25,VFLM 5333,27,Manchester Blue,T1,Wolverhampton,T4,1.3,6.0,6.5,False,,,False,N/A,
2026-06-09 07:18:25,VFLM 5333,27,Liverpool,T1,Manchester Red,T1,2.0,3.75,3.15,False,,,False,N/A,
2026-06-09 07:18:25,VFLM 5333,27,Crystal Palace,T4,Fulham,T4,2.15,3.4,3.1,False,,,False,N/A,
2026-06-09 07:18:25,VFLM 5333,27,Brighton,T3,Leeds,T4,1.85,3.25,4.25,False,,,False,N/A,
2026-06-09 07:18:25,VFLM 5333,27,Bournemouth,T3,Newcastle,T2,2.6,3.15,2.65,False,,,False,N/A,
2026-06-09 07:18:25,VFLM 5333,27,West Ham,T3,Everton,T3,2.15,3.25,3.25,False,,,False,N/A,
2026-06-09 07:18:25,VFLM 5333,27,Chelsea,T1,London Guns,T2,1.8,3.9,3.7,False,,,False,N/A,
2026-06-09 07:22:10,VFLM 5333,28,Manchester Red,T1,Newcastle,T2,1.3,5.0,9.25,False,,,False,N/A,
2026-06-09 07:22:10,VFLM 5333,28,Liverpool,T1,Chelsea,T1,2.15,3.65,2.95,False,,,False,N/A,
2026-06-09 07:22:10,VFLM 5333,28,Aston Villa,T2,West Ham,T4,1.7,4.0,4.2,False,,,False,N/A,
2026-06-09 07:22:10,VFLM 5333,28,Fulham,T4,Manchester Blue,T1,4.65,4.75,1.55,False,,,False,N/A,
2026-06-09 07:22:10,VFLM 5333,28,London Guns,T2,Brighton,T3,1.5,4.35,5.5,False,,,False,N/A,
2026-06-09 07:22:10,VFLM 5333,28,Leeds,T4,Crystal Palace,T4,2.05,3.0,3.9,False,,,False,N/A,
2026-06-09 07:22:10,VFLM 5333,28,Wolverhampton,T3,Tottenham,T2,3.05,4.1,1.95,False,,,False,N/A,
2026-06-09 07:22:10,VFLM 5333,28,Everton,T3,Bournemouth,T3,1.6,3.4,6.0,False,,,False,N/A,
2026-06-09 07:25:30,VFLM 5333,28,Manchester Red,T1,Newcastle,T2,1.3,5.0,9.25,False,,,False,N/A,
2026-06-09 07:25:30,VFLM 5333,28,Liverpool,T1,Chelsea,T1,2.15,3.65,2.95,False,,,False,N/A,
2026-06-09 07:25:30,VFLM 5333,28,Aston Villa,T2,West Ham,T3,1.7,4.0,4.2,False,,,False,N/A,
2026-06-09 07:25:30,VFLM 5333,28,Fulham,T4,Manchester Blue,T1,4.65,4.75,1.55,False,,,False,N/A,
2026-06-09 07:25:30,VFLM 5333,28,London Guns,T2,Brighton,T3,1.5,4.35,5.5,False,,,False,N/A,
2026-06-09 07:25:30,VFLM 5333,28,Leeds,T4,Crystal Palace,T4,2.05,3.0,3.9,False,,,False,N/A,
2026-06-09 07:25:30,VFLM 5333,28,Wolverhampton,T4,Tottenham,T2,3.05,4.1,1.95,False,,,False,N/A,
2026-06-09 07:25:30,VFLM 5333,28,Everton,T3,Bournemouth,T3,1.6,3.4,6.0,False,,,False,N/A,
2026-06-09 07:25:45,VFLM 5333,29,Manchester Blue,T1,Leeds,T4,1.3,4.95,8.5,False,,,False,N/A,
2026-06-09 07:25:45,VFLM 5333,29,West Ham,T3,Wolverhampton,T4,1.8,4.55,3.2,False,,,False,N/A,
2026-06-09 07:25:45,VFLM 5333,29,Brighton,T3,Liverpool,T1,3.85,3.25,1.95,False,,,False,N/A,
2026-06-09 07:25:45,VFLM 5333,29,Chelsea,T1,Manchester Red,T1,2.6,3.6,2.4,False,,,False,N/A,
2026-06-09 07:25:45,VFLM 5333,29,Newcastle,T2,Everton,T3,3.15,3.05,2.3,False,,,False,N/A,
2026-06-09 07:25:45,VFLM 5333,29,Bournemouth,T3,Aston Villa,T2,4.6,3.8,1.65,False,,,False,N/A,
2026-06-09 07:25:45,VFLM 5333,29,Crystal Palace,T4,London Guns,T2,3.7,3.85,1.85,False,,,False,N/A,
2026-06-09 07:25:45,VFLM 5333,29,Tottenham,T2,Fulham,T4,1.35,3.95,11.0,False,,,False,N/A,
2026-06-09 07:29:24,VFLM 5333,30,Leeds,T4,Tottenham,T3,4.2,3.35,1.85,False,,,False,N/A,
2026-06-09 07:29:24,VFLM 5333,30,London Guns,T2,Manchester Blue,T1,2.25,4.35,2.45,False,,,False,N/A,
2026-06-09 07:29:41,VFLM 5333,30,Liverpool,T1,Crystal Palace,T4,1.25,5.25,11.5,True,HOME WIN,4/4 (100%),True,SUCCESS,
2026-06-09 07:29:41,VFLM 5333,30,Wolverhampton,T3,Bournemouth,T3,1.55,4.4,4.7,False,,,False,N/A,
2026-06-09 07:29:41,VFLM 5333,30,Aston Villa,T2,Newcastle,T2,1.4,4.65,6.25,False,,,False,N/A,
2026-06-09 07:29:41,VFLM 5333,30,Fulham,T4,West Ham,T4,3.05,3.5,2.15,False,,,False,N/A,
2026-06-09 07:29:41,VFLM 5333,30,Chelsea,T1,Brighton,T3,1.55,3.95,5.5,False,,,False,N/A,
2026-06-09 07:29:41,VFLM 5333,30,Manchester Red,T1,Everton,T2,1.65,3.5,5.5,False,,,False,N/A,
2026-06-09 07:31:26,VFLM 5333,30,Leeds,T4,Tottenham,T3,4.2,3.35,1.85,False,,,False,N/A,
2026-06-09 07:31:26,VFLM 5333,30,London Guns,T2,Manchester Blue,T1,2.25,4.35,2.45,False,,,False,N/A,
2026-06-09 07:31:26,VFLM 5333,30,Wolverhampton,T3,Bournemouth,T3,1.55,4.4,4.7,False,,,False,N/A,
2026-06-09 07:31:26,VFLM 5333,30,Aston Villa,T2,Newcastle,T2,1.4,4.65,6.25,False,,,False,N/A,
2026-06-09 07:31:26,VFLM 5333,30,Fulham,T4,West Ham,T4,3.05,3.5,2.15,False,,,False,N/A,
2026-06-09 07:31:26,VFLM 5333,30,Chelsea,T1,Brighton,T3,1.55,3.95,5.5,False,,,False,N/A,
2026-06-09 07:31:26,VFLM 5333,30,Manchester Red,T1,Everton,T2,1.65,3.5,5.5,False,,,False,N/A,
2026-06-09 07:33:02,VFLM 5333,1,Fulham,T0,Chelsea,T0,5.75,4.0,1.55,False,,,False,N/A,
2026-06-09 07:33:02,VFLM 5333,1,Manchester Red,T0,Newcastle,T0,1.3,5.0,9.25,False,,,False,N/A,
2026-06-09 07:33:02,VFLM 5333,1,Leeds,T0,Crystal Palace,T0,2.05,3.0,3.9,False,,,False,N/A,
2026-06-09 07:33:02,VFLM 5333,1,Wolverhampton,T0,Bournemouth,T0,1.55,4.4,4.7,False,,,False,N/A,
2026-06-09 07:33:02,VFLM 5333,1,West Ham,T0,Tottenham,T0,2.95,3.45,2.2,False,,,False,N/A,
2026-06-09 07:33:02,VFLM 5333,1,Aston Villa,T0,Manchester Blue,T0,2.55,3.75,2.35,False,,,False,N/A,
2026-06-09 07:33:02,VFLM 5333,1,Everton,T0,Brighton,T0,2.05,3.05,3.8,False,,,False,N/A,
2026-06-09 07:33:02,VFLM 5333,1,Liverpool,T0,London Guns,T0,1.75,3.8,4.0,False,,,False,N/A,
2026-06-09 07:37:02,VFLM 5334,1,Fulham,T0,Chelsea,T0,5.75,4.0,1.55,False,,,False,N/A,
2026-06-09 07:37:02,VFLM 5334,1,Manchester Red,T0,Newcastle,T0,1.3,5.0,9.25,False,,,False,N/A,
2026-06-09 07:37:02,VFLM 5334,1,Leeds,T0,Crystal Palace,T0,2.05,3.0,3.9,False,,,False,N/A,
2026-06-09 07:37:02,VFLM 5334,1,Wolverhampton,T0,Bournemouth,T0,1.55,4.4,4.7,False,,,False,N/A,
2026-06-09 07:37:02,VFLM 5334,1,West Ham,T0,Tottenham,T0,2.95,3.45,2.2,False,,,False,N/A,
2026-06-09 07:37:02,VFLM 5334,1,Aston Villa,T0,Manchester Blue,T0,2.55,3.75,2.35,False,,,False,N/A,
2026-06-09 07:37:02,VFLM 5334,1,Everton,T0,Brighton,T0,2.05,3.05,3.8,False,,,False,N/A,
2026-06-09 07:37:02,VFLM 5334,1,Liverpool,T0,London Guns,T0,1.75,3.8,4.0,False,,,False,N/A,
2026-06-09 07:38:44,VFLM 5334,2,Crystal Palace,T0,Fulham,T0,2.2,3.4,3.05,False,,,False,N/A,
2026-06-09 07:38:44,VFLM 5334,2,Newcastle,T0,West Ham,T0,2.65,3.9,2.25,False,,,False,N/A,
2026-06-09 07:38:44,VFLM 5334,2,Manchester Blue,T0,Wolverhampton,T0,1.3,6.0,6.5,False,,,False,N/A,
2026-06-09 07:38:44,VFLM 5334,2,Tottenham,T0,Aston Villa,T0,2.35,3.15,3.0,False,,,False,N/A,
2026-06-09 07:38:44,VFLM 5334,2,London Guns,T0,Everton,T0,1.65,3.95,4.45,False,,,False,N/A,
2026-06-09 07:38:44,VFLM 5334,2,Brighton,T0,Manchester Red,T0,3.55,3.6,1.95,False,,,False,N/A,
2026-06-09 07:38:44,VFLM 5334,2,Bournemouth,T0,Leeds,T0,2.55,3.0,2.8,False,,,False,N/A,
2026-06-09 07:38:44,VFLM 5334,2,Chelsea,T0,Liverpool,T0,2.15,3.6,2.95,False,,,False,N/A,
2026-06-09 07:42:23,VFLM 5334,3,West Ham,T2,Manchester Red,T1,3.9,3.4,1.9,False,,,False,N/A,
2026-06-09 07:42:23,VFLM 5334,3,Liverpool,T1,Crystal Palace,T4,1.25,5.25,11.5,False,,,False,N/A,
2026-06-09 07:42:23,VFLM 5334,3,London Guns,T4,Brighton,T3,1.5,4.3,5.5,False,,,False,N/A,
2026-06-09 07:42:23,VFLM 5334,3,Everton,T3,Chelsea,T3,3.1,3.3,2.2,False,,,False,N/A,
2026-06-09 07:42:23,VFLM 5334,3,Leeds,T1,Manchester Blue,T4,5.0,3.4,1.7,False,,,False,N/A,
2026-06-09 07:42:23,VFLM 5334,3,Wolverhampton,T2,Tottenham,T2,3.05,4.1,1.95,False,,,False,N/A,
2026-06-09 07:42:23,VFLM 5334,3,Aston Villa,T1,Newcastle,T4,1.4,4.65,6.25,False,,,False,N/A,
2026-06-09 07:42:23,VFLM 5334,3,Fulham,T2,Bournemouth,T3,2.3,2.95,3.25,False,,,False,N/A,
2026-06-09 07:46:03,VFLM 5334,4,Bournemouth,T4,Liverpool,T1,5.75,4.0,1.5,False,,,False,N/A,
2026-06-09 07:46:03,VFLM 5334,4,Brighton,T3,West Ham,T2,2.15,3.5,3.05,False,,,False,N/A,
2026-06-09 07:46:03,VFLM 5334,4,Crystal Palace,T3,Everton,T4,3.0,3.3,2.25,False,,,False,N/A,
2026-06-09 07:46:03,VFLM 5334,4,Chelsea,T3,London Guns,T2,1.8,3.85,3.7,False,,,False,N/A,
2026-06-09 07:46:03,VFLM 5334,4,Manchester Blue,T4,Fulham,T3,1.2,7.0,9.75,False,,,False,N/A,
2026-06-09 07:46:03,VFLM 5334,4,Manchester Red,T1,Aston Villa,T2,1.9,3.35,3.95,False,,,False,N/A,
2026-06-09 07:46:03,VFLM 5334,4,Newcastle,T4,Wolverhampton,T1,2.45,3.75,2.45,False,,,False,N/A,
2026-06-09 07:46:03,VFLM 5334,4,Tottenham,T2,Leeds,T1,1.5,3.9,6.75,False,,,False,N/A,
2026-06-09 07:49:43,VFLM 5334,5,Liverpool,T1,Manchester Blue,T3,2.0,3.95,3.1,False,,,False,N/A,
2026-06-09 07:49:43,VFLM 5334,5,Wolverhampton,T1,Manchester Red,T1,3.85,3.7,1.8,False,,,False,N/A,
2026-06-09 07:49:43,VFLM 5334,5,Everton,T4,Bournemouth,T4,1.65,3.35,6.0,False,,,False,N/A,
2026-06-09 07:49:43,VFLM 5334,5,Chelsea,T3,Brighton,T4,1.55,3.95,5.5,False,,,False,N/A,
2026-06-09 07:49:43,VFLM 5334,5,London Guns,T1,Crystal Palace,T2,1.35,4.9,7.0,False,,,False,N/A,
2026-06-09 07:49:43,VFLM 5334,5,Leeds,T2,Newcastle,T4,2.1,3.2,3.45,False,,,False,N/A,
2026-06-09 07:49:43,VFLM 5334,5,Fulham,T3,Tottenham,T3,4.15,3.45,1.8,False,,,False,N/A,
2026-06-09 07:49:43,VFLM 5334,5,Aston Villa,T2,West Ham,T2,1.7,4.0,4.15,False,,,False,N/A,
2026-06-09 07:53:23,VFLM 5334,6,Manchester Blue,T2,Everton,T4,1.45,4.6,6.0,False,,,False,N/A,
2026-06-09 07:53:23,VFLM 5334,6,Crystal Palace,T3,Chelsea,T3,6.25,4.0,1.5,False,,,False,N/A,
2026-06-09 07:53:23,VFLM 5334,6,Newcastle,T3,Fulham,T4,1.95,3.55,3.45,False,,,False,N/A,
2026-06-09 07:53:23,VFLM 5334,6,Manchester Red,T1,Leeds,T2,1.35,4.25,10.0,False,,,False,N/A,
2026-06-09 07:53:23,VFLM 5334,6,Tottenham,T2,Liverpool,T1,2.65,3.25,2.55,False,,,False,N/A,
2026-06-09 07:53:23,VFLM 5334,6,Bournemouth,T4,London Guns,T1,3.7,3.9,1.8,False,,,False,N/A,
2026-06-09 07:53:23,VFLM 5334,6,Brighton,T4,Aston Villa,T3,3.25,3.15,2.2,False,,,False,N/A,
2026-06-09 07:53:23,VFLM 5334,6,West Ham,T2,Wolverhampton,T1,1.8,4.55,3.25,False,,,False,N/A,
2026-06-09 07:57:03,VFLM 5334,7,Wolverhampton,T2,Aston Villa,T1,3.25,3.8,1.95,False,,,False,N/A,
2026-06-09 07:57:03,VFLM 5334,7,Everton,T3,Tottenham,T3,2.7,3.15,2.55,False,,,False,N/A,
2026-06-09 07:57:03,VFLM 5334,7,London Guns,T1,Manchester Blue,T1,2.25,4.35,2.45,False,,,False,N/A,
2026-06-09 07:57:03,VFLM 5334,7,Leeds,T2,West Ham,T3,3.0,3.2,2.3,False,,,False,N/A,
2026-06-09 07:57:03,VFLM 5334,7,Crystal Palace,T4,Brighton,T4,2.4,3.45,2.65,False,,,False,N/A,
2026-06-09 07:57:03,VFLM 5334,7,Fulham,T3,Manchester Red,T1,5.0,3.7,1.65,False,,,False,N/A,
2026-06-09 07:57:03,VFLM 5334,7,Chelsea,T2,Bournemouth,T4,1.25,6.25,8.25,False,,,False,N/A,
2026-06-09 07:57:03,VFLM 5334,7,Liverpool,T2,Newcastle,T4,1.25,5.0,10.5,False,,,False,N/A,
2026-06-09 08:00:44,VFLM 5334,8,Tottenham,T3,London Guns,T1,2.05,3.35,3.4,False,,,False,N/A,
2026-06-09 08:00:44,VFLM 5334,8,Newcastle,T4,Everton,T1,3.15,3.05,2.3,False,,,False,N/A,
2026-06-09 08:00:44,VFLM 5334,8,Aston Villa,T3,Leeds,T3,1.55,3.35,7.75,False,,,False,N/A,
2026-06-09 08:00:44,VFLM 5334,8,Bournemouth,T4,Crystal Palace,T4,2.35,3.15,2.95,False,,,False,N/A,
2026-06-09 08:00:44,VFLM 5334,8,Manchester Blue,T2,Chelsea,T2,1.9,4.15,3.25,False,,,False,N/A,
2026-06-09 08:00:44,VFLM 5334,8,Manchester Red,T1,Liverpool,T1,2.3,3.35,2.85,False,,,False,N/A,
2026-06-09 08:00:44,VFLM 5334,8,West Ham,T2,Fulham,T2,1.6,3.55,5.75,False,,,False,N/A,
2026-06-09 08:00:44,VFLM 5334,8,Brighton,T4,Wolverhampton,T3,1.9,3.85,3.35,False,,,False,N/A,
2026-06-09 08:04:25,VFLM 5334,9,Bournemouth,T4,Brighton,T4,3.0,3.05,2.4,False,,,False,N/A,
2026-06-09 08:04:25,VFLM 5334,9,Leeds,T4,Wolverhampton,T2,2.5,3.45,2.6,False,,,False,N/A,
2026-06-09 08:04:25,VFLM 5334,9,Everton,T3,Manchester Red,T1,3.75,3.15,2.0,False,,,False,N/A,
2026-06-09 08:04:25,VFLM 5334,9,Crystal Palace,T3,Manchester Blue,T2,5.0,4.0,1.6,False,,,False,N/A,
2026-06-09 08:04:25,VFLM 5334,9,Chelsea,T1,Tottenham,T3,1.95,3.25,3.85,False,,,False,N/A,
2026-06-09 08:04:25,VFLM 5334,9,Liverpool,T1,West Ham,T2,1.4,5.25,5.5,False,,,False,N/A,
2026-06-09 08:04:25,VFLM 5334,9,London Guns,T1,Newcastle,T4,1.5,3.95,6.0,False,,,False,N/A,
2026-06-09 08:04:25,VFLM 5334,9,Fulham,T2,Aston Villa,T3,4.8,3.45,1.7,False,,,False,N/A,
2026-06-09 08:08:06,VFLM 5334,10,West Ham,T2,Everton,T3,2.15,3.25,3.25,False,,,False,N/A,
2026-06-09 08:08:06,VFLM 5334,10,Brighton,T4,Leeds,T4,1.85,3.25,4.25,False,,,False,N/A,
2026-06-09 08:08:06,VFLM 5334,10,Tottenham,T3,Crystal Palace,T3,1.4,4.75,6.75,False,,,False,N/A,
2026-06-09 08:08:06,VFLM 5334,10,Newcastle,T4,Chelsea,T2,5.0,4.1,1.55,False,,,False,N/A,
2026-06-09 08:08:06,VFLM 5334,10,Manchester Red,T1,London Guns,T1,1.85,3.7,3.8,False,,,False,N/A,
2026-06-09 08:08:06,VFLM 5334,10,Aston Villa,T2,Liverpool,T1,2.4,3.3,2.75,False,,,False,N/A,
2026-06-09 08:08:06,VFLM 5334,10,Manchester Blue,T2,Bournemouth,T4,1.3,5.0,8.5,False,,,False,N/A,
2026-06-09 08:08:06,VFLM 5334,10,Wolverhampton,T3,Fulham,T1,1.75,3.55,4.25,False,,,False,N/A,
2026-06-09 08:11:42,VFLM 5334,11,Manchester Blue,T2,Brighton,T4,1.35,4.8,7.25,False,,,False,N/A,
2026-06-09 08:11:42,VFLM 5334,11,Crystal Palace,T3,Newcastle,T4,2.3,3.35,2.9,False,,,False,N/A,
2026-06-09 08:11:42,VFLM 5334,11,London Guns,T1,West Ham,T2,1.7,3.9,4.15,False,,,False,N/A,
2026-06-09 08:11:42,VFLM 5334,11,Liverpool,T1,Wolverhampton,T2,1.4,4.4,8.0,False,,,False,N/A,
2026-06-09 08:11:42,VFLM 5334,11,Everton,T3,Aston Villa,T3,3.0,2.9,2.5,False,,,False,N/A,
2026-06-09 08:11:42,VFLM 5334,11,Chelsea,T2,Manchester Red,T1,2.6,3.6,2.4,False,,,False,N/A,
2026-06-09 08:11:42,VFLM 5334,11,Bournemouth,T4,Tottenham,T3,4.8,3.4,1.75,False,,,False,N/A,
2026-06-09 08:11:42,VFLM 5334,11,Fulham,T1,Leeds,T4,2.7,2.85,2.75,False,,,False,N/A,
2026-06-09 08:15:24,VFLM 5334,12,Manchester Red,T1,Crystal Palace,T3,1.25,5.5,10.0,False,,,False,N/A,
2026-06-09 08:15:24,VFLM 5334,12,West Ham,T1,Chelsea,T2,3.3,4.05,1.9,False,,,False,N/A,
2026-06-09 08:15:24,VFLM 5334,12,Brighton,T3,Fulham,T2,1.75,3.45,4.7,False,,,False,N/A,
2026-06-09 08:15:24,VFLM 5334,12,Aston Villa,T3,London Guns,T1,2.2,3.15,3.25,False,,,False,N/A,
2026-06-09 08:15:24,VFLM 5334,12,Wolverhampton,T2,Everton,T4,2.55,3.25,2.65,False,,,False,N/A,
2026-06-09 08:15:24,VFLM 5334,12,Tottenham,T3,Manchester Blue,T1,2.4,3.8,2.5,False,,,False,N/A,
2026-06-09 08:15:24,VFLM 5334,12,Newcastle,T4,Bournemouth,T4,1.8,3.55,4.0,False,,,False,N/A,
2026-06-09 08:15:24,VFLM 5334,12,Leeds,T4,Liverpool,T2,5.75,3.4,1.65,False,,,False,N/A,
2026-06-09 08:19:05,VFLM 5334,13,Tottenham,T4,Brighton,T3,1.55,3.85,5.75,False,,,False,N/A,
2026-06-09 08:19:05,VFLM 5334,13,Liverpool,T1,Fulham,T2,1.3,4.65,11.25,False,,,False,N/A,
2026-06-09 08:19:05,VFLM 5334,13,Bournemouth,T4,Manchester Red,T1,6.25,3.65,1.55,False,,,False,N/A,
2026-06-09 08:19:05,VFLM 5334,13,Chelsea,T1,Aston Villa,T3,1.9,3.35,3.9,False,,,False,N/A,
2026-06-09 08:19:05,VFLM 5334,13,Everton,T3,Leeds,T4,1.9,2.95,4.55,False,,,False,N/A,
2026-06-09 08:19:05,VFLM 5334,13,London Guns,T1,Wolverhampton,T3,1.5,4.9,5.0,False,,,False,N/A,
2026-06-09 08:19:05,VFLM 5334,13,Crystal Palace,T2,West Ham,T2,2.8,3.7,2.2,False,,,False,N/A,
2026-06-09 08:19:05,VFLM 5334,13,Manchester Blue,T2,Newcastle,T4,1.3,5.25,8.25,False,,,False,N/A,
2026-06-09 08:22:47,VFLM 5334,14,Wolverhampton,T2,Chelsea,T1,3.5,4.25,1.8,False,,,False,N/A,
2026-06-09 08:22:47,VFLM 5334,14,West Ham,T2,Bournemouth,T4,1.6,4.0,5.0,False,,,False,N/A,
2026-06-09 08:22:47,VFLM 5334,14,Fulham,T3,Everton,T3,4.4,3.0,1.95,False,,,False,N/A,
2026-06-09 08:22:47,VFLM 5334,14,Brighton,T2,Liverpool,T1,3.85,3.25,1.95,False,,,False,N/A,
2026-06-09 08:22:47,VFLM 5334,14,Newcastle,T4,Tottenham,T4,3.5,4.1,1.8,False,,,False,N/A,
2026-06-09 08:22:47,VFLM 5334,14,Manchester Red,T1,Manchester Blue,T2,2.35,3.75,2.55,False,,,False,N/A,
2026-06-09 08:22:47,VFLM 5334,14,Leeds,T4,London Guns,T1,3.95,3.2,1.95,False,,,False,N/A,
2026-06-09 08:22:47,VFLM 5334,14,Aston Villa,T3,Crystal Palace,T3,1.35,4.35,8.5,False,,,False,N/A,
2026-06-09 08:26:24,VFLM 5334,15,Crystal Palace,T3,Wolverhampton,T3,2.35,4.15,2.45,False,,,False,N/A,
2026-06-09 08:26:24,VFLM 5334,15,Chelsea,T2,Leeds,T4,1.35,4.2,9.25,False,,,False,N/A,
2026-06-09 08:26:24,VFLM 5334,15,London Guns,T1,Fulham,T2,1.35,5.0,8.0,False,,,False,N/A,
2026-06-09 08:26:24,VFLM 5334,15,Manchester Blue,T1,West Ham,T2,1.45,5.0,5.25,False,,,False,N/A,
2026-06-09 08:26:24,VFLM 5334,15,Tottenham,T4,Manchester Red,T1,2.45,3.65,2.5,False,,,False,N/A,
2026-06-09 08:26:24,VFLM 5334,15,Bournemouth,T4,Aston Villa,T3,4.65,3.8,1.65,False,,,False,N/A,
2026-06-09 08:26:24,VFLM 5334,15,Everton,T3,Liverpool,T1,3.85,3.0,2.05,False,,,False,N/A,
2026-06-09 08:26:24,VFLM 5334,15,Newcastle,T4,Brighton,T2,2.5,3.35,2.65,False,,,False,N/A,
2026-06-09 08:30:06,VFLM 5334,16,Manchester Blue,T1,Aston Villa,T3,1.75,4.05,3.8,False,,,False,N/A,
2026-06-09 08:30:06,VFLM 5334,16,Brighton,T2,Everton,T2,2.4,2.85,3.15,False,,,False,N/A,
2026-06-09 08:30:06,VFLM 5334,16,London Guns,T1,Liverpool,T1,2.55,3.65,2.45,False,,,False,N/A,
2026-06-09 08:30:06,VFLM 5334,16,Chelsea,T2,Fulham,T3,1.3,4.6,10.75,False,,,False,N/A,
2026-06-09 08:30:06,VFLM 5334,16,Newcastle,T4,Manchester Red,T1,5.25,3.8,1.6,False,,,False,N/A,
2026-06-09 08:30:06,VFLM 5334,16,Crystal Palace,T3,Leeds,T4,2.25,3.15,3.1,False,,,False,N/A,
2026-06-09 08:30:06,VFLM 5334,16,Bournemouth,T4,Wolverhampton,T3,2.85,4.5,2.0,False,,,False,N/A,
2026-06-09 08:30:06,VFLM 5334,16,Tottenham,T4,West Ham,T2,1.6,4.05,4.7,False,,,False,N/A,
2026-06-09 08:33:42,VFLM 5334,17,Aston Villa,T3,Tottenham,T3,2.15,3.1,3.45,False,,,False,N/A,
2026-06-09 08:33:42,VFLM 5334,17,Everton,T2,London Guns,T1,2.75,3.25,2.45,False,,,False,N/A,
2026-06-09 08:33:42,VFLM 5334,17,Manchester Red,T1,Brighton,T2,1.5,3.6,7.25,False,,,False,N/A,
2026-06-09 08:33:42,VFLM 5334,17,Leeds,T4,Bournemouth,T4,1.85,3.3,4.2,False,,,False,N/A,
2026-06-09 08:33:42,VFLM 5334,17,Liverpool,T2,Chelsea,T1,2.15,3.65,2.95,False,,,False,N/A,
2026-06-09 08:33:42,VFLM 5334,17,Fulham,T3,Crystal Palace,T4,2.3,3.35,2.95,False,,,False,N/A,
2026-06-09 08:33:42,VFLM 5334,17,West Ham,T2,Newcastle,T4,1.6,4.65,4.25,False,,,False,N/A,
2026-06-09 08:33:42,VFLM 5334,17,Wolverhampton,T3,Manchester Blue,T1,4.0,4.3,1.65,False,,,False,N/A,
2026-06-09 08:37:24,VFLM 5334,18,Tottenham,T3,Wolverhampton,T2,1.55,4.4,4.95,False,,,False,N/A,
2026-06-09 08:37:24,VFLM 5334,18,Newcastle,T4,Aston Villa,T2,3.9,3.4,1.9,False,,,False,N/A,
2026-06-09 08:37:24,VFLM 5334,18,Bournemouth,T4,Fulham,T4,2.35,3.25,2.9,False,,,False,N/A,
2026-06-09 08:37:24,VFLM 5334,18,Manchester Red,T1,West Ham,T3,1.45,4.5,5.75,False,,,False,N/A,
2026-06-09 08:37:24,VFLM 5334,18,Crystal Palace,T3,Liverpool,T2,4.75,4.1,1.6,False,,,False,N/A,
2026-06-09 08:37:24,VFLM 5334,18,Brighton,T2,London Guns,T1,3.2,3.6,2.05,False,,,False,N/A,
2026-06-09 08:37:24,VFLM 5334,18,Chelsea,T1,Everton,T3,1.65,3.5,5.25,False,,,False,N/A,
2026-06-09 08:41:06,VFLM 5334,19,London Guns,T1,Chelsea,T1,2.3,3.45,2.85,False,,,False,N/A,
2026-06-09 08:41:06,VFLM 5334,19,Fulham,T3,Manchester Blue,T1,4.65,4.7,1.55,False,,,False,N/A,
2026-06-09 08:41:06,VFLM 5334,19,Aston Villa,T2,Manchester Red,T1,2.4,3.7,2.55,False,,,False,N/A,
2026-06-09 08:41:06,VFLM 5334,19,Wolverhampton,T3,Newcastle,T4,1.8,3.8,3.9,False,,,False,N/A,
2026-06-09 08:41:06,VFLM 5334,19,Leeds,T4,Tottenham,T2,4.15,3.35,1.85,False,,,False,N/A,
2026-06-09 08:41:06,VFLM 5334,19,Liverpool,T2,Bournemouth,T4,1.25,5.5,10.25,False,,,False,N/A,
2026-06-09 08:41:06,VFLM 5334,19,West Ham,T3,Brighton,T2,2.05,3.25,3.6,False,,,False,N/A,
2026-06-09 08:41:06,VFLM 5334,19,Everton,T3,Crystal Palace,T4,1.65,3.35,5.75,False,,,False,N/A,
2026-06-09 08:44:43,VFLM 5334,20,Newcastle,T4,Leeds,T4,2.5,3.05,2.85,False,,,False,N/A,
2026-06-09 08:44:43,VFLM 5334,20,Tottenham,T2,Fulham,T3,1.35,3.95,11.0,False,,,False,N/A,
2026-06-09 08:44:43,VFLM 5334,20,West Ham,T3,Aston Villa,T2,2.95,3.55,2.15,False,,,False,N/A,
2026-06-09 08:44:43,VFLM 5334,20,Manchester Blue,T1,Liverpool,T1,2.05,3.8,3.05,False,,,False,N/A,
2026-06-09 08:44:43,VFLM 5334,20,Manchester Red,T1,Wolverhampton,T3,1.4,4.35,6.75,False,,,False,N/A,
2026-06-09 08:44:43,VFLM 5334,20,Bournemouth,T4,Everton,T3,3.6,3.25,2.05,False,,,False,N/A,
2026-06-09 08:44:43,VFLM 5334,20,Brighton,T2,Chelsea,T1,3.7,3.45,1.9,False,,,False,N/A,
2026-06-09 08:44:43,VFLM 5334,20,Crystal Palace,T4,London Guns,T2,3.7,3.85,1.85,False,,,False,N/A,
2026-06-09 08:48:25,VFLM 5334,21,Leeds,T4,Manchester Red,T1,5.5,3.4,1.65,False,,,False,N/A,
2026-06-09 08:48:25,VFLM 5334,21,Liverpool,T1,Tottenham,T2,1.65,4.45,3.9,False,,,False,N/A,
2026-06-09 08:48:25,VFLM 5334,21,London Guns,T2,Bournemouth,T4,1.35,4.65,7.75,False,,,False,N/A,
2026-06-09 08:48:25,VFLM 5334,21,Aston Villa,T2,Brighton,T2,1.65,3.15,6.0,False,,,False,N/A,
2026-06-09 08:48:25,VFLM 5334,21,Wolverhampton,T3,West Ham,T3,2.1,4.3,2.7,False,,,False,N/A,
2026-06-09 08:48:25,VFLM 5334,21,Everton,T4,Manchester Blue,T1,3.1,3.3,2.2,False,,,False,N/A,
2026-06-09 08:48:25,VFLM 5334,21,Chelsea,T1,Crystal Palace,T3,1.3,5.0,8.75,False,,,False,N/A,
2026-06-09 08:48:25,VFLM 5334,21,Fulham,T3,Newcastle,T4,2.2,3.35,3.0,False,,,False,N/A,
2026-06-09 08:52:08,VFLM 5334,22,Manchester Red,T1,Fulham,T3,1.3,4.85,9.25,False,,,False,N/A,
2026-06-09 08:52:08,VFLM 5334,22,Bournemouth,T4,Chelsea,T1,6.0,3.95,1.5,False,,,False,N/A,
2026-06-09 08:52:08,VFLM 5334,22,Newcastle,T4,Liverpool,T1,5.5,3.85,1.55,False,,,False,N/A,
2026-06-09 08:52:08,VFLM 5334,22,Aston Villa,T2,Wolverhampton,T3,1.55,4.05,5.25,False,,,False,N/A,
2026-06-09 08:52:08,VFLM 5334,22,Manchester Blue,T1,London Guns,T2,1.65,4.2,4.25,False,,,False,N/A,
2026-06-09 08:52:08,VFLM 5334,22,West Ham,T4,Leeds,T4,1.8,3.45,4.2,False,,,False,N/A,
2026-06-09 08:52:08,VFLM 5334,22,Brighton,T2,Crystal Palace,T3,1.8,3.8,3.85,False,,,False,N/A,
2026-06-09 08:55:45,VFLM 5334,23,Crystal Palace,T3,Bournemouth,T4,2.0,3.4,3.45,False,,,False,N/A,
2026-06-09 08:55:45,VFLM 5334,23,Chelsea,T1,Manchester Blue,T1,2.05,4.35,2.75,False,,,False,N/A,
2026-06-09 08:55:45,VFLM 5334,23,Liverpool,T2,Manchester Red,T1,2.0,3.75,3.15,False,,,False,N/A,
2026-06-09 08:55:45,VFLM 5334,23,Fulham,T4,West Ham,T3,3.05,3.5,2.15,False,,,False,N/A,
2026-06-09 08:55:45,VFLM 5334,23,Wolverhampton,T3,Brighton,T1,2.05,3.85,3.05,False,,,False,N/A,
2026-06-09 08:55:45,VFLM 5334,23,London Guns,T2,Tottenham,T2,1.95,4.05,3.1,False,,,False,N/A,
2026-06-09 08:55:45,VFLM 5334,23,Everton,T3,Newcastle,T4,1.65,3.5,5.25,False,,,False,N/A,
2026-06-09 08:55:45,VFLM 5334,23,Leeds,T4,Aston Villa,T2,4.15,3.15,1.95,False,,,False,N/A,
2026-06-09 08:59:28,VFLM 5334,24,West Ham,T3,Liverpool,T1,3.7,3.75,1.85,False,,,False,N/A,
2026-06-09 08:59:28,VFLM 5334,24,Newcastle,T4,London Guns,T2,3.15,3.95,1.95,False,,,False,N/A,
2026-06-09 08:59:28,VFLM 5334,24,Aston Villa,T2,Fulham,T3,1.45,3.8,7.25,False,,,False,N/A,
2026-06-09 08:59:28,VFLM 5334,24,Brighton,T1,Bournemouth,T4,1.8,3.3,4.4,False,,,False,N/A,
2026-06-09 08:59:28,VFLM 5334,24,Wolverhampton,T4,Leeds,T4,2.0,3.5,3.5,False,,,False,N/A,
2026-06-09 08:59:28,VFLM 5334,24,Manchester Red,T1,Everton,T3,1.65,3.5,5.25,False,,,False,N/A,
2026-06-09 08:59:28,VFLM 5334,24,Manchester Blue,T1,Crystal Palace,T3,1.22,6.75,8.5,False,,,False,N/A,
2026-06-09 08:59:28,VFLM 5334,24,Tottenham,T2,Chelsea,T2,2.25,4.35,2.45,False,,,False,N/A,
2026-06-09 09:03:06,VFLM 5334,25,Chelsea,T1,Newcastle,T4,1.35,5.25,7.5,False,,,False,N/A,
2026-06-09 09:03:06,VFLM 5334,25,London Guns,T2,Manchester Red,T1,2.35,3.55,2.65,False,,,False,N/A,
2026-06-09 09:03:06,VFLM 5334,25,Liverpool,T2,Aston Villa,T2,1.8,3.3,4.35,False,,,False,N/A,
2026-06-09 09:03:06,VFLM 5334,25,Bournemouth,T4,Manchester Blue,T1,5.5,4.6,1.45,False,,,False,N/A,
2026-06-09 09:03:06,VFLM 5334,25,Fulham,T3,Wolverhampton,T3,2.6,3.9,2.3,False,,,False,N/A,
2026-06-09 09:03:06,VFLM 5334,25,Everton,T3,West Ham,T4,2.3,3.65,2.7,False,,,False,N/A,
2026-06-09 09:03:06,VFLM 5334,25,Leeds,T4,Brighton,T1,3.2,2.65,2.6,False,,,False,N/A,
2026-06-09 09:03:06,VFLM 5334,25,Crystal Palace,T3,Tottenham,T2,4.45,3.65,1.7,False,,,False,N/A,
2026-06-09 09:06:45,VFLM 5334,26,Manchester Red,T1,Chelsea,T2,2.0,3.5,3.35,False,,,False,N/A,
2026-06-09 09:06:45,VFLM 5334,26,Tottenham,T1,Bournemouth,T4,1.35,4.8,8.25,False,,,False,N/A,
2026-06-09 09:06:45,VFLM 5334,26,Leeds,T4,Fulham,T3,2.1,3.2,3.45,False,,,False,N/A,
2026-06-09 09:06:45,VFLM 5334,26,Brighton,T1,Manchester Blue,T1,4.1,3.55,1.8,False,,,False,N/A,
2026-06-09 09:06:45,VFLM 5334,26,Newcastle,T4,Crystal Palace,T3,2.05,3.85,3.05,False,,,False,N/A,
2026-06-09 09:06:45,VFLM 5334,26,West Ham,T4,London Guns,T2,2.9,3.75,2.15,False,,,False,N/A,
2026-06-09 09:06:45,VFLM 5334,26,Wolverhampton,T3,Liverpool,T2,4.4,3.85,1.7,False,,,False,N/A,
2026-06-09 09:06:45,VFLM 5334,26,Aston Villa,T2,Everton,T3,1.95,2.95,4.4,False,,,False,N/A,
2026-06-09 09:10:29,VFLM 5334,27,London Guns,T2,Aston Villa,T2,2.1,3.5,3.15,False,,,False,N/A,
2026-06-09 09:10:29,VFLM 5334,27,Everton,T3,Wolverhampton,T3,1.85,3.6,3.7,False,,,False,N/A,
2026-06-09 09:10:29,VFLM 5334,27,Manchester Blue,T1,Tottenham,T1,1.65,4.25,4.15,False,,,False,N/A,
2026-06-09 09:10:29,VFLM 5334,27,Bournemouth,T4,Newcastle,T4,2.65,3.1,2.65,False,,,False,N/A,
2026-06-09 09:10:29,VFLM 5334,27,Crystal Palace,T3,Manchester Red,T1,4.95,4.6,1.5,False,,,False,N/A,
2026-06-09 09:10:29,VFLM 5334,27,Chelsea,T2,West Ham,T4,1.6,4.15,4.55,False,,,False,N/A,
2026-06-09 09:10:29,VFLM 5334,27,Fulham,T3,Brighton,T2,2.95,3.5,2.2,False,,,False,N/A,
2026-06-09 09:14:07,VFLM 5334,28,West Ham,T3,Crystal Palace,T4,1.6,3.9,4.8,False,,,False,N/A,
2026-06-09 09:14:07,VFLM 5334,28,Newcastle,T4,Manchester Blue,T1,5.25,4.1,1.55,False,,,False,N/A,
2026-06-09 09:14:07,VFLM 5334,28,Brighton,T2,Tottenham,T1,3.15,3.25,2.2,False,,,False,N/A,
2026-06-09 09:14:07,VFLM 5334,28,Fulham,T3,Liverpool,T1,5.75,3.55,1.6,False,,,False,N/A,
2026-06-09 09:14:07,VFLM 5334,28,Manchester Red,T1,Bournemouth,T4,1.3,4.8,9.0,False,,,False,N/A,
2026-06-09 09:14:07,VFLM 5334,28,Aston Villa,T2,Chelsea,T2,2.4,3.35,2.7,False,,,False,N/A,
2026-06-09 09:14:07,VFLM 5334,28,Leeds,T4,Everton,T3,3.25,2.65,2.55,False,,,False,N/A,
2026-06-09 09:17:47,VFLM 5334,29,Liverpool,T1,Brighton,T2,1.4,5.25,6.25,False,,,False,N/A,
2026-06-09 09:17:47,VFLM 5334,29,Tottenham,T1,Newcastle,T4,1.4,4.95,6.5,False,,,False,N/A,
2026-06-09 09:17:47,VFLM 5334,29,Manchester Blue,T1,Manchester Red,T1,1.85,4.05,3.4,False,,,False,N/A,
2026-06-09 09:17:47,VFLM 5334,29,London Guns,T2,Leeds,T4,1.5,4.1,6.25,False,,,False,N/A,
2026-06-09 09:17:47,VFLM 5334,29,Crystal Palace,T4,Aston Villa,T3,4.35,3.45,1.8,False,,,False,N/A,
2026-06-09 09:17:47,VFLM 5334,29,Chelsea,T2,Wolverhampton,T3,1.45,5.0,5.25,False,,,False,N/A,
2026-06-09 09:17:47,VFLM 5334,29,Bournemouth,T4,West Ham,T3,3.3,3.35,2.1,False,,,False,N/A,
2026-06-09 09:17:47,VFLM 5334,29,Everton,T2,Fulham,T3,1.7,3.2,5.5,False,,,False,N/A,
2026-06-09 09:21:26,VFLM 5334,30,Aston Villa,T3,Bournemouth,T4,1.4,4.05,8.75,False,,,False,N/A,
2026-06-09 09:21:26,VFLM 5334,30,Liverpool,T1,Everton,T2,1.55,3.65,6.25,False,,,False,N/A,
2026-06-09 09:21:26,VFLM 5334,30,Brighton,T2,Newcastle,T4,1.9,3.15,4.2,False,,,False,N/A,
2026-06-09 09:21:26,VFLM 5334,30,Wolverhampton,T3,Crystal Palace,T4,1.8,3.9,3.8,False,,,False,N/A,
2026-06-09 09:21:26,VFLM 5334,30,Leeds,T4,Chelsea,T2,6.25,3.45,1.6,False,,,False,N/A,
2026-06-09 09:21:26,VFLM 5334,30,Fulham,T3,London Guns,T2,3.85,3.45,1.9,False,,,False,N/A,
2026-06-09 09:21:26,VFLM 5334,30,West Ham,T3,Manchester Blue,T1,4.1,4.05,1.7,False,,,False,N/A,
2026-06-09 09:21:26,VFLM 5334,30,Manchester Red,T1,Tottenham,T1,1.75,3.8,4.2,False,,,False,N/A,
2026-06-09 09:25:01,VFLM 5334,1,Newcastle,T0,Liverpool,T0,5.5,3.85,1.55,False,,,False,N/A,
2026-06-09 09:25:01,VFLM 5334,1,Tottenham,T0,London Guns,T0,2.05,3.35,3.45,False,,,False,N/A,
2026-06-09 09:25:01,VFLM 5334,1,Everton,T0,Brighton,T0,2.05,3.05,3.8,False,,,False,N/A,
2026-06-09 09:25:01,VFLM 5334,1,Wolverhampton,T0,Manchester Blue,T0,4.0,4.25,1.7,False,,,False,N/A,
2026-06-09 09:25:01,VFLM 5334,1,Aston Villa,T0,Chelsea,T0,2.45,3.35,2.7,False,,,False,N/A,
2026-06-09 09:25:01,VFLM 5334,1,Fulham,T0,West Ham,T0,3.05,3.5,2.15,False,,,False,N/A,
2026-06-09 09:25:01,VFLM 5334,1,Crystal Palace,T0,Leeds,T0,2.25,3.15,3.1,False,,,False,N/A,
2026-06-09 09:25:01,VFLM 5334,1,Manchester Red,T0,Bournemouth,T0,1.3,4.8,9.0,False,,,False,N/A,
2026-06-09 09:28:56,VFLM 5335,1,Newcastle,T0,Liverpool,T0,5.5,3.85,1.55,False,,,False,N/A,
2026-06-09 09:28:56,VFLM 5335,1,Tottenham,T0,London Guns,T0,2.05,3.35,3.45,False,,,False,N/A,
2026-06-09 09:28:56,VFLM 5335,1,Everton,T0,Brighton,T0,2.05,3.05,3.8,False,,,False,N/A,
2026-06-09 09:28:56,VFLM 5335,1,Wolverhampton,T0,Manchester Blue,T0,4.0,4.25,1.7,False,,,False,N/A,
2026-06-09 09:28:56,VFLM 5335,1,Aston Villa,T0,Chelsea,T0,2.45,3.35,2.7,False,,,False,N/A,
2026-06-09 09:28:56,VFLM 5335,1,Fulham,T0,West Ham,T0,3.05,3.5,2.15,False,,,False,N/A,
2026-06-09 09:28:56,VFLM 5335,1,Crystal Palace,T0,Leeds,T0,2.25,3.15,3.1,False,,,False,N/A,
2026-06-09 09:28:56,VFLM 5335,1,Manchester Red,T0,Bournemouth,T0,1.3,4.8,9.0,False,,,False,N/A,
2026-06-09 09:30:44,VFLM 5335,2,Chelsea,T0,Everton,T0,1.65,3.5,5.25,False,,,False,N/A,
2026-06-09 09:30:44,VFLM 5335,2,Manchester Blue,T0,Crystal Palace,T0,1.22,6.75,8.5,False,,,False,N/A,
2026-06-09 09:30:44,VFLM 5335,2,Bournemouth,T0,Fulham,T0,2.35,3.2,2.9,False,,,False,N/A,
2026-06-09 09:30:44,VFLM 5335,2,Leeds,T0,Manchester Red,T0,5.5,3.45,1.65,False,,,False,N/A,
2026-06-09 09:30:44,VFLM 5335,2,London Guns,T0,Newcastle,T0,1.5,3.95,6.0,False,,,False,N/A,
2026-06-09 09:30:44,VFLM 5335,2,Liverpool,T0,Wolverhampton,T0,1.4,4.4,8.0,False,,,False,N/A,
2026-06-09 09:30:44,VFLM 5335,2,West Ham,T0,Aston Villa,T0,2.95,3.6,2.15,False,,,False,N/A,
2026-06-09 09:30:44,VFLM 5335,2,Brighton,T0,Tottenham,T0,3.1,3.3,2.2,False,,,False,N/A,
2026-06-09 09:34:24,VFLM 5335,3,Manchester Red,T1,Manchester Blue,T4,2.35,3.75,2.6,False,,,False,N/A,
2026-06-09 09:34:24,VFLM 5335,3,Everton,T3,West Ham,T1,2.3,3.7,2.7,False,,,False,N/A,
2026-06-09 09:34:24,VFLM 5335,3,Crystal Palace,T3,Wolverhampton,T1,2.35,4.15,2.45,False,,,False,N/A,
2026-06-09 09:34:24,VFLM 5335,3,Tottenham,T2,Chelsea,T3,2.3,4.35,2.45,False,,,False,N/A,
2026-06-09 09:34:24,VFLM 5335,3,London Guns,T2,Liverpool,T4,2.55,3.65,2.45,False,,,False,N/A,
2026-06-09 09:34:24,VFLM 5335,3,Newcastle,T2,Brighton,T3,2.5,3.35,2.65,False,,,False,N/A,
2026-06-09 09:34:24,VFLM 5335,3,Aston Villa,T2,Bournemouth,T4,1.4,4.05,8.5,False,,,False,N/A,
2026-06-09 09:34:24,VFLM 5335,3,Fulham,T4,Leeds,T1,2.7,2.85,2.8,False,,,False,N/A,
2026-06-09 09:38:04,VFLM 5335,4,West Ham,T1,Tottenham,T1,2.95,3.45,2.2,False,,,False,N/A,
2026-06-09 09:38:04,VFLM 5335,4,Liverpool,T2,Crystal Palace,T4,1.25,5.25,11.75,False,,,False,N/A,
2026-06-09 09:38:04,VFLM 5335,4,Chelsea,T4,Newcastle,T3,1.35,5.25,7.5,False,,,False,N/A,
2026-06-09 09:38:04,VFLM 5335,4,Brighton,T4,London Guns,T1,3.25,3.6,2.05,False,,,False,N/A,
2026-06-09 09:38:04,VFLM 5335,4,Bournemouth,T4,Everton,T2,3.6,3.25,2.05,False,,,False,N/A,
2026-06-09 09:38:04,VFLM 5335,4,Wolverhampton,T2,Manchester Red,T2,3.85,3.7,1.85,False,,,False,N/A,
2026-06-09 09:38:04,VFLM 5335,4,Manchester Blue,T3,Fulham,T3,1.2,7.0,9.75,False,,,False,N/A,
2026-06-09 09:38:04,VFLM 5335,4,Leeds,T1,Aston Villa,T3,4.15,3.15,1.95,False,,,False,N/A,
2026-06-09 09:41:44,VFLM 5335,5,Everton,T1,Leeds,T2,1.9,3.0,4.55,False,,,False,N/A,
2026-06-09 09:41:44,VFLM 5335,5,Manchester Red,T3,Crystal Palace,T4,1.25,5.5,10.0,False,,,False,N/A,
2026-06-09 09:41:44,VFLM 5335,5,Tottenham,T1,Bournemouth,T4,1.35,4.8,8.25,False,,,False,N/A,
2026-06-09 09:41:44,VFLM 5335,5,Fulham,T2,Wolverhampton,T2,2.6,3.95,2.3,False,,,False,N/A,
2026-06-09 09:41:44,VFLM 5335,5,Newcastle,T4,West Ham,T1,2.65,3.85,2.3,False,,,False,N/A,
2026-06-09 09:41:44,VFLM 5335,5,Brighton,T3,Liverpool,T1,3.85,3.25,1.95,False,,,False,N/A,
2026-06-09 09:41:44,VFLM 5335,5,London Guns,T3,Chelsea,T4,2.25,3.45,2.9,False,,,False,N/A,
2026-06-09 09:41:44,VFLM 5335,5,Aston Villa,T3,Manchester Blue,T2,2.55,3.75,2.35,False,,,False,N/A,
2026-06-09 09:45:24,VFLM 5335,6,Bournemouth,T4,Newcastle,T4,2.65,3.1,2.65,False,,,False,N/A,
2026-06-09 09:45:24,VFLM 5335,6,Chelsea,T4,Brighton,T3,1.55,3.95,5.5,False,,,False,N/A,
2026-06-09 09:45:24,VFLM 5335,6,Manchester Blue,T1,Everton,T1,1.45,4.6,6.25,False,,,False,N/A,
2026-06-09 09:45:24,VFLM 5335,6,Wolverhampton,T2,Aston Villa,T2,3.3,3.75,1.95,False,,,False,N/A,
2026-06-09 09:45:24,VFLM 5335,6,Leeds,T3,Tottenham,T1,4.1,3.35,1.85,False,,,False,N/A,
2026-06-09 09:45:24,VFLM 5335,6,West Ham,T2,London Guns,T3,2.9,3.75,2.15,False,,,False,N/A,
2026-06-09 09:45:24,VFLM 5335,6,Liverpool,T1,Manchester Red,T3,2.0,3.7,3.2,False,,,False,N/A,
2026-06-09 09:45:24,VFLM 5335,6,Crystal Palace,T4,Fulham,T2,2.15,3.45,3.05,False,,,False,N/A,
2026-06-09 09:49:06,VFLM 5335,7,Brighton,T4,West Ham,T3,2.15,3.55,3.0,False,,,False,N/A,
2026-06-09 09:49:06,VFLM 5335,7,Tottenham,T1,Manchester Blue,T1,2.4,3.8,2.5,False,,,False,N/A,
2026-06-09 09:49:06,VFLM 5335,7,Fulham,T2,Manchester Red,T2,5.0,3.75,1.6,False,,,False,N/A,
2026-06-09 09:49:06,VFLM 5335,7,Newcastle,T3,Leeds,T3,2.5,3.05,2.85,False,,,False,N/A,
2026-06-09 09:49:06,VFLM 5335,7,London Guns,T2,Bournemouth,T4,1.35,4.65,8.0,False,,,False,N/A,
2026-06-09 09:49:06,VFLM 5335,7,Aston Villa,T1,Crystal Palace,T4,1.35,4.4,8.5,False,,,False,N/A,
2026-06-09 09:49:06,VFLM 5335,7,Chelsea,T4,Liverpool,T1,2.15,3.6,2.95,False,,,False,N/A,
2026-06-09 09:49:06,VFLM 5335,7,Everton,T2,Wolverhampton,T3,1.85,3.6,3.7,False,,,False,N/A,
2026-06-09 09:52:41,VFLM 5335,8,Leeds,T2,London Guns,T3,3.9,3.2,1.95,False,,,False,N/A,
2026-06-09 09:52:41,VFLM 5335,8,Manchester Blue,T1,Newcastle,T4,1.3,5.25,8.25,False,,,False,N/A,
2026-06-09 09:52:41,VFLM 5335,8,Manchester Red,T3,Aston Villa,T1,1.9,3.35,3.95,False,,,False,N/A,
2026-06-09 09:52:41,VFLM 5335,8,West Ham,T2,Chelsea,T4,3.3,4.05,1.9,False,,,False,N/A,
2026-06-09 09:52:41,VFLM 5335,8,Bournemouth,T4,Brighton,T3,3.0,3.05,2.4,False,,,False,N/A,
2026-06-09 09:52:41,VFLM 5335,8,Wolverhampton,T3,Tottenham,T2,3.05,4.15,1.95,False,,,False,N/A,
2026-06-09 09:52:41,VFLM 5335,8,Crystal Palace,T4,Everton,T2,3.0,3.3,2.25,False,,,False,N/A,
2026-06-09 09:52:41,VFLM 5335,8,Liverpool,T1,Fulham,T1,1.3,4.7,11.25,False,,,False,N/A,
2026-06-09 09:56:22,VFLM 5335,9,London Guns,T3,Manchester Blue,T1,2.25,4.4,2.45,False,,,False,N/A,
2026-06-09 09:56:22,VFLM 5335,9,Everton,T1,Manchester Red,T2,3.75,3.15,2.0,False,,,False,N/A,
2026-06-09 09:56:22,VFLM 5335,9,West Ham,T2,Liverpool,T1,3.65,3.75,1.85,False,,,False,N/A,
2026-06-09 09:56:22,VFLM 5335,9,Aston Villa,T1,Fulham,T2,1.45,3.85,7.25,False,,,False,N/A,
2026-06-09 09:56:22,VFLM 5335,9,Newcastle,T4,Wolverhampton,T4,2.5,3.75,2.45,False,,,False,N/A,
2026-06-09 09:56:22,VFLM 5335,9,Chelsea,T3,Bournemouth,T4,1.25,6.25,8.25,False,,,False,N/A,
2026-06-09 09:56:22,VFLM 5335,9,Brighton,T3,Leeds,T2,1.85,3.25,4.25,False,,,False,N/A,
2026-06-09 09:56:22,VFLM 5335,9,Tottenham,T3,Crystal Palace,T4,1.4,4.75,6.75,False,,,False,N/A,
2026-06-09 10:00:03,VFLM 5335,10,Crystal Palace,T4,Newcastle,T4,2.3,3.35,2.85,False,,,False,N/A,
2026-06-09 10:00:03,VFLM 5335,10,Liverpool,T1,Aston Villa,T2,1.85,3.3,4.35,False,,,False,N/A,
2026-06-09 10:00:03,VFLM 5335,10,Leeds,T2,Chelsea,T3,6.25,3.45,1.6,False,,,False,N/A,
2026-06-09 10:00:03,VFLM 5335,10,Manchester Blue,T1,Brighton,T4,1.35,4.8,7.25,False,,,False,N/A,
2026-06-09 10:00:03,VFLM 5335,10,Wolverhampton,T3,London Guns,T3,2.85,3.6,2.2,False,,,False,N/A,
2026-06-09 10:00:03,VFLM 5335,10,Manchester Red,T1,Tottenham,T3,1.75,3.8,4.2,False,,,False,N/A,
2026-06-09 10:00:03,VFLM 5335,10,Bournemouth,T4,West Ham,T2,3.25,3.35,2.1,False,,,False,N/A,
2026-06-09 10:00:03,VFLM 5335,10,Fulham,T2,Everton,T1,4.4,3.0,1.95,False,,,False,N/A,
2026-06-09 10:03:45,VFLM 5335,11,West Ham,T2,Leeds,T2,1.8,3.5,4.2,False,,,False,N/A,
2026-06-09 10:03:45,VFLM 5335,11,Everton,T2,Aston Villa,T1,3.0,2.9,2.5,False,,,False,N/A,
2026-06-09 10:03:45,VFLM 5335,11,Bournemouth,T3,Liverpool,T1,5.75,4.05,1.5,False,,,False,N/A,
2026-06-09 10:03:45,VFLM 5335,11,Chelsea,T4,Manchester Blue,T1,2.05,4.35,2.75,False,,,False,N/A,
2026-06-09 10:03:45,VFLM 5335,11,London Guns,T3,Crystal Palace,T4,1.35,4.85,7.0,False,,,False,N/A,
2026-06-09 10:03:45,VFLM 5335,11,Tottenham,T2,Fulham,T3,1.35,3.95,11.0,False,,,False,N/A,
2026-06-09 10:03:45,VFLM 5335,11,Newcastle,T4,Manchester Red,T1,5.25,3.85,1.6,False,,,False,N/A,
2026-06-09 10:03:45,VFLM 5335,11,Brighton,T4,Wolverhampton,T3,1.9,3.9,3.35,False,,,False,N/A,
2026-06-09 10:07:26,VFLM 5335,12,Wolverhampton,T3,Chelsea,T4,3.5,4.25,1.8,False,,,False,N/A,
2026-06-09 10:07:26,VFLM 5335,12,Crystal Palace,T4,Brighton,T4,2.45,3.45,2.65,False,,,False,N/A,
2026-06-09 10:07:26,VFLM 5335,12,Liverpool,T1,Everton,T2,1.55,3.65,6.25,False,,,False,N/A,
2026-06-09 10:07:26,VFLM 5335,12,Manchester Red,T1,London Guns,T2,1.85,3.7,3.8,False,,,False,N/A,
2026-06-09 10:07:26,VFLM 5335,12,Fulham,T3,Newcastle,T4,2.2,3.35,3.0,False,,,False,N/A,
2026-06-09 10:07:26,VFLM 5335,12,Leeds,T2,Bournemouth,T3,1.85,3.3,4.2,False,,,False,N/A,
2026-06-09 10:07:26,VFLM 5335,12,Manchester Blue,T1,West Ham,T2,1.45,5.0,5.25,False,,,False,N/A,
2026-06-09 10:07:26,VFLM 5335,12,Aston Villa,T1,Tottenham,T3,2.15,3.1,3.45,False,,,False,N/A,
2026-06-09 10:11:02,VFLM 5335,13,Chelsea,T4,Crystal Palace,T4,1.3,5.0,9.0,False,,,False,N/A,
2026-06-09 10:11:02,VFLM 5335,13,Leeds,T2,Liverpool,T1,5.75,3.4,1.65,False,,,False,N/A,
2026-06-09 10:11:02,VFLM 5335,13,Tottenham,T3,Everton,T2,1.8,3.25,4.55,False,,,False,N/A,
2026-06-09 10:11:02,VFLM 5335,13,West Ham,T2,Wolverhampton,T3,1.8,4.55,3.2,False,,,False,N/A,
2026-06-09 10:11:02,VFLM 5335,13,Brighton,T3,Manchester Red,T1,3.55,3.55,1.95,False,,,False,N/A,
2026-06-09 10:11:02,VFLM 5335,13,Newcastle,T4,Aston Villa,T1,3.9,3.4,1.9,False,,,False,N/A,
2026-06-09 10:11:02,VFLM 5335,13,London Guns,T2,Fulham,T3,1.35,5.0,8.0,False,,,False,N/A,
2026-06-09 10:14:44,VFLM 5335,14,Fulham,T2,Brighton,T4,2.9,3.5,2.2,False,,,False,N/A,
2026-06-09 10:14:44,VFLM 5335,14,Crystal Palace,T4,West Ham,T2,2.8,3.75,2.2,False,,,False,N/A,
2026-06-09 10:14:44,VFLM 5335,14,Everton,T3,Newcastle,T4,1.65,3.5,5.25,False,,,False,N/A,
2026-06-09 10:14:44,VFLM 5335,14,Liverpool,T1,Tottenham,T3,1.65,4.45,3.9,False,,,False,N/A,
2026-06-09 10:14:44,VFLM 5335,14,Manchester Blue,T1,Leeds,T2,1.3,4.95,8.75,False,,,False,N/A,
2026-06-09 10:14:44,VFLM 5335,14,Wolverhampton,T3,Bournemouth,T3,1.55,4.4,4.7,False,,,False,N/A,
2026-06-09 10:14:44,VFLM 5335,14,Aston Villa,T1,London Guns,T2,2.2,3.15,3.25,False,,,False,N/A,
2026-06-09 10:14:44,VFLM 5335,14,Manchester Red,T1,Chelsea,T4,2.0,3.5,3.4,False,,,False,N/A,
2026-06-09 10:18:27,VFLM 5335,15,Newcastle,T4,Tottenham,T3,3.45,4.1,1.8,False,,,False,N/A,
2026-06-09 10:18:27,VFLM 5335,15,Manchester Blue,T2,Liverpool,T1,2.05,3.8,3.05,False,,,False,N/A,
2026-06-09 10:18:27,VFLM 5335,15,Chelsea,T4,Fulham,T1,1.3,4.6,10.75,False,,,False,N/A,
2026-06-09 10:18:27,VFLM 5335,15,Brighton,T4,Aston Villa,T1,3.25,3.15,2.2,False,,,False,N/A,
2026-06-09 10:18:27,VFLM 5335,15,London Guns,T3,Everton,T2,1.65,3.95,4.45,False,,,False,N/A,
2026-06-09 10:18:27,VFLM 5335,15,Bournemouth,T3,Crystal Palace,T4,2.35,3.15,2.95,False,,,False,N/A,
2026-06-09 10:18:27,VFLM 5335,15,Leeds,T2,Wolverhampton,T3,2.5,3.45,2.6,False,,,False,N/A,
2026-06-09 10:18:27,VFLM 5335,15,West Ham,T2,Manchester Red,T1,3.9,3.4,1.9,False,,,False,N/A,
2026-06-09 10:22:04,VFLM 5335,16,Bournemouth,T4,Manchester Red,T1,6.0,3.7,1.55,False,,,False,N/A,
2026-06-09 10:22:04,VFLM 5335,16,Liverpool,T1,Newcastle,T4,1.3,5.0,10.25,False,,,False,N/A,
2026-06-09 10:22:04,VFLM 5335,16,London Guns,T3,Tottenham,T3,1.95,4.1,3.1,False,,,False,N/A,
2026-06-09 10:22:04,VFLM 5335,16,Brighton,T4,Everton,T2,2.4,2.85,3.15,False,,,False,N/A,
2026-06-09 10:22:04,VFLM 5335,16,Manchester Blue,T1,Wolverhampton,T3,1.3,6.0,6.5,False,,,False,N/A,
2026-06-09 10:22:04,VFLM 5335,16,Chelsea,T3,Aston Villa,T1,1.9,3.35,3.9,False,,,False,N/A,
2026-06-09 10:22:04,VFLM 5335,16,West Ham,T2,Fulham,T2,1.6,3.55,5.75,False,,,False,N/A,
2026-06-09 10:22:04,VFLM 5335,16,Leeds,T2,Crystal Palace,T4,2.05,3.0,3.9,False,,,False,N/A,
2026-06-09 10:25:46,VFLM 5335,17,Crystal Palace,T4,Manchester Blue,T1,5.0,4.05,1.6,False,,,False,N/A,
2026-06-09 10:25:46,VFLM 5335,17,Fulham,T2,Bournemouth,T4,2.3,3.0,3.25,False,,,False,N/A,
2026-06-09 10:25:46,VFLM 5335,17,Manchester Red,T1,Leeds,T2,1.35,4.25,10.0,False,,,False,N/A,
2026-06-09 10:25:46,VFLM 5335,17,Newcastle,T4,London Guns,T2,3.15,4.0,1.95,False,,,False,N/A,
2026-06-09 10:25:46,VFLM 5335,17,Wolverhampton,T3,Liverpool,T1,4.4,3.85,1.7,False,,,False,N/A,
2026-06-09 10:25:46,VFLM 5335,17,Aston Villa,T1,West Ham,T3,1.7,4.0,4.15,False,,,False,N/A,
2026-06-09 10:25:46,VFLM 5335,17,Tottenham,T3,Brighton,T4,1.55,3.85,5.75,False,,,False,N/A,
2026-06-09 10:25:46,VFLM 5335,17,Everton,T2,Chelsea,T3,3.1,3.3,2.2,False,,,False,N/A,
2026-06-09 10:29:23,VFLM 5335,18,Leeds,T2,Fulham,T2,2.1,3.2,3.4,False,,,False,N/A,
2026-06-09 10:29:23,VFLM 5335,18,Manchester Blue,T1,Manchester Red,T1,1.85,4.05,3.4,False,,,False,N/A,
2026-06-09 10:29:23,VFLM 5335,18,West Ham,T2,Everton,T3,2.15,3.25,3.2,False,,,False,N/A,
2026-06-09 10:29:23,VFLM 5335,18,Wolverhampton,T3,Crystal Palace,T4,1.8,3.85,3.8,False,,,False,N/A,
2026-06-09 10:29:23,VFLM 5335,18,Chelsea,T3,Tottenham,T2,1.95,3.25,3.85,False,,,False,N/A,
2026-06-09 10:29:23,VFLM 5335,18,Liverpool,T1,London Guns,T3,1.75,3.8,4.0,False,,,False,N/A,
2026-06-09 10:29:23,VFLM 5335,18,Brighton,T4,Newcastle,T4,1.9,3.15,4.2,False,,,False,N/A,
2026-06-09 10:29:23,VFLM 5335,18,Bournemouth,T4,Aston Villa,T1,4.65,3.85,1.65,False,,,False,N/A,
2026-06-09 10:33:06,VFLM 5335,19,Crystal Palace,T4,Liverpool,T1,4.75,4.05,1.6,False,,,False,N/A,
2026-06-09 10:33:06,VFLM 5335,19,Newcastle,T4,Chelsea,T3,5.0,4.1,1.55,False,,,False,N/A,
2026-06-09 10:33:06,VFLM 5335,19,London Guns,T3,Brighton,T4,1.5,4.3,5.5,False,,,False,N/A,
2026-06-09 10:33:06,VFLM 5335,19,Everton,T3,Bournemouth,T4,1.65,3.35,6.0,False,,,False,N/A,
2026-06-09 10:33:06,VFLM 5335,19,Manchester Red,T1,Wolverhampton,T3,1.4,4.35,6.75,False,,,False,N/A,
2026-06-09 10:33:06,VFLM 5335,19,Fulham,T2,Manchester Blue,T1,4.65,4.65,1.55,False,,,False,N/A,
2026-06-09 10:33:06,VFLM 5335,19,Aston Villa,T2,Leeds,T1,1.55,3.35,7.75,False,,,False,N/A,
2026-06-09 10:33:06,VFLM 5335,19,Tottenham,T2,West Ham,T2,1.6,4.0,4.7,False,,,False,N/A,
2026-06-09 10:36:39,VFLM 5335,19,Crystal Palace,T4,Liverpool,T1,4.75,4.05,1.6,False,,,False,N/A,
2026-06-09 10:36:39,VFLM 5335,19,Newcastle,T4,Chelsea,T2,5.0,4.1,1.55,False,,,False,N/A,
2026-06-09 10:36:39,VFLM 5335,19,London Guns,T3,Brighton,T4,1.5,4.3,5.5,False,,,False,N/A,
2026-06-09 10:36:39,VFLM 5335,19,Everton,T3,Bournemouth,T3,1.65,3.35,6.0,False,,,False,N/A,
2026-06-09 10:36:54,VFLM 5335,19,Manchester Red,T1,Wolverhampton,T4,1.4,4.35,6.75,True,HOME WIN,4/4 (100%),False,FAILED,Confirm button not found
2026-06-09 10:36:54,VFLM 5335,19,Fulham,T2,Manchester Blue,T1,4.65,4.65,1.55,False,,,False,N/A,
2026-06-09 10:36:54,VFLM 5335,19,Aston Villa,T2,Leeds,T1,1.55,3.35,7.75,False,,,False,N/A,
2026-06-09 10:36:54,VFLM 5335,19,Tottenham,T3,West Ham,T2,1.6,4.0,4.7,False,,,False,N/A,
2026-06-09 10:37:08,VFLM 5335,20,Manchester Blue,T1,Aston Villa,T2,1.75,4.05,3.8,False,,,False,N/A,
2026-06-09 10:37:08,VFLM 5335,20,Leeds,T1,Everton,T3,3.25,2.65,2.55,False,,,False,N/A,
2026-06-09 10:37:08,VFLM 5335,20,Crystal Palace,T4,Manchester Red,T1,4.95,4.6,1.5,False,,,False,N/A,
2026-06-09 10:37:08,VFLM 5335,20,Bournemouth,T3,Tottenham,T3,4.85,3.4,1.7,False,,,False,N/A,
2026-06-09 10:37:08,VFLM 5335,20,Wolverhampton,T4,Fulham,T2,1.75,3.6,4.25,False,,,False,N/A,
2026-06-09 10:37:08,VFLM 5335,20,West Ham,T2,Newcastle,T4,1.6,4.6,4.3,False,,,False,N/A,
2026-06-09 10:37:08,VFLM 5335,20,Liverpool,T1,Brighton,T4,1.4,5.25,6.25,False,,,False,N/A,
2026-06-09 10:37:08,VFLM 5335,20,Chelsea,T2,London Guns,T3,1.8,3.9,3.7,False,,,False,N/A,
2026-06-09 10:39:56,VFLM 5335,20,Manchester Blue,T1,Aston Villa,T1,1.75,4.05,3.8,False,,,False,N/A,
2026-06-09 10:39:56,VFLM 5335,20,Leeds,T2,Everton,T3,3.25,2.65,2.55,False,,,False,N/A,
2026-06-09 10:39:56,VFLM 5335,20,Crystal Palace,T4,Manchester Red,T2,4.95,4.6,1.5,False,,,False,N/A,
2026-06-09 10:39:56,VFLM 5335,20,Bournemouth,T4,Tottenham,T2,4.85,3.4,1.7,False,,,False,N/A,
2026-06-09 10:39:56,VFLM 5335,20,Wolverhampton,T3,Fulham,T2,1.75,3.6,4.25,False,,,False,N/A,
2026-06-09 10:39:56,VFLM 5335,20,West Ham,T3,Newcastle,T4,1.6,4.6,4.3,False,,,False,N/A,
2026-06-09 10:39:56,VFLM 5335,20,Liverpool,T1,Brighton,T4,1.4,5.25,6.25,False,,,False,N/A,
2026-06-09 10:39:56,VFLM 5335,20,Chelsea,T1,London Guns,T3,1.8,3.9,3.7,False,,,False,N/A,
2026-06-09 10:40:26,VFLM 5335,21,Brighton,T4,Chelsea,T1,3.7,3.45,1.9,False,,,False,N/A,
2026-06-09 10:40:26,VFLM 5335,21,Everton,T3,Manchester Blue,T1,3.15,3.3,2.2,False,,,False,N/A,
2026-06-09 10:40:26,VFLM 5335,21,Aston Villa,T1,Wolverhampton,T3,1.55,4.0,5.25,False,,,False,N/A,
2026-06-09 10:40:26,VFLM 5335,21,Tottenham,T2,Leeds,T2,1.5,3.9,6.75,False,,,False,N/A,
2026-06-09 10:40:26,VFLM 5335,21,London Guns,T3,West Ham,T3,1.7,3.95,4.1,False,,,False,N/A,
2026-06-09 10:40:26,VFLM 5335,21,Manchester Red,T2,Liverpool,T1,2.3,3.35,2.85,False,,,False,N/A,
2026-06-09 10:40:26,VFLM 5335,21,Fulham,T2,Crystal Palace,T4,2.3,3.35,2.95,False,,,False,N/A,
2026-06-09 10:40:26,VFLM 5335,21,Newcastle,T4,Bournemouth,T4,1.8,3.6,4.0,False,,,False,N/A,
2026-06-09 10:44:03,VFLM 5335,22,Wolverhampton,T3,Everton,T3,2.55,3.25,2.65,False,,,False,N/A,
2026-06-09 10:44:03,VFLM 5335,22,West Ham,T3,Brighton,T4,2.05,3.25,3.6,False,,,False,N/A,
2026-06-09 10:44:03,VFLM 5335,22,Manchester Blue,T1,Tottenham,T2,1.65,4.2,4.15,False,,,False,N/A,
2026-06-09 10:44:03,VFLM 5335,22,Manchester Red,T1,Fulham,T2,1.3,4.85,9.5,False,,,False,N/A,
2026-06-09 10:44:03,VFLM 5335,22,Leeds,T2,Newcastle,T4,2.1,3.2,3.45,False,,,False,N/A,
2026-06-09 10:44:03,VFLM 5335,22,Bournemouth,T4,London Guns,T3,3.65,3.95,1.8,False,,,False,N/A,
2026-06-09 10:44:03,VFLM 5335,22,Crystal Palace,T4,Aston Villa,T1,4.35,3.45,1.8,False,,,False,N/A,
2026-06-09 10:44:03,VFLM 5335,22,Liverpool,T1,Chelsea,T2,2.15,3.65,2.95,False,,,False,N/A,
2026-06-09 10:47:46,VFLM 5335,23,Newcastle,T4,Manchester Blue,T1,5.25,4.05,1.55,False,,,False,N/A,
2026-06-09 10:47:46,VFLM 5335,23,Aston Villa,T1,Manchester Red,T1,2.4,3.7,2.55,False,,,False,N/A,
2026-06-09 10:47:46,VFLM 5335,23,Chelsea,T2,West Ham,T3,1.6,4.15,4.55,False,,,False,N/A,
2026-06-09 10:47:46,VFLM 5335,23,Brighton,T4,Bournemouth,T4,1.85,3.3,4.35,False,,,False,N/A,
2026-06-09 10:47:46,VFLM 5335,23,Tottenham,T2,Wolverhampton,T3,1.55,4.4,4.95,False,,,False,N/A,
2026-06-09 10:47:46,VFLM 5335,23,Everton,T3,Crystal Palace,T4,1.65,3.35,5.75,False,,,False,N/A,
2026-06-09 10:47:46,VFLM 5335,23,Fulham,T2,Liverpool,T1,5.75,3.5,1.6,False,,,False,N/A,
2026-06-09 10:47:46,VFLM 5335,23,London Guns,T3,Leeds,T2,1.5,4.05,6.25,False,,,False,N/A,
2026-06-09 10:51:24,VFLM 5335,24,Crystal Palace,T4,Tottenham,T2,4.4,3.65,1.7,False,,,False,N/A,
2026-06-09 10:51:24,VFLM 5335,24,Manchester Blue,T1,London Guns,T3,1.65,4.2,4.3,False,,,False,N/A,
2026-06-09 10:51:24,VFLM 5335,24,Manchester Red,T1,Everton,T3,1.65,3.55,5.25,False,,,False,N/A,
2026-06-09 10:51:24,VFLM 5335,24,Liverpool,T1,West Ham,T3,1.4,5.25,5.75,False,,,False,N/A,
2026-06-09 10:51:24,VFLM 5335,24,Fulham,T2,Aston Villa,T1,4.8,3.45,1.7,False,,,False,N/A,
2026-06-09 10:51:24,VFLM 5335,24,Wolverhampton,T3,Newcastle,T4,1.8,3.8,3.9,False,,,False,N/A,
2026-06-09 10:51:24,VFLM 5335,24,Bournemouth,T4,Chelsea,T2,6.0,3.95,1.5,False,,,False,N/A,
2026-06-09 10:51:24,VFLM 5335,24,Leeds,T2,Brighton,T4,3.15,2.65,2.6,False,,,False,N/A,
2026-06-09 10:55:08,VFLM 5335,25,Aston Villa,T2,Liverpool,T1,2.4,3.3,2.75,False,,,False,N/A,
2026-06-09 10:55:08,VFLM 5335,25,Chelsea,T1,Leeds,T2,1.35,4.2,9.25,False,,,False,N/A,
2026-06-09 10:55:08,VFLM 5335,25,Brighton,T4,Manchester Blue,T1,4.1,3.55,1.8,False,,,False,N/A,
2026-06-09 10:55:08,VFLM 5335,25,London Guns,T3,Wolverhampton,T3,1.5,4.9,5.0,False,,,False,N/A,
2026-06-09 10:55:08,VFLM 5335,25,Tottenham,T2,Manchester Red,T1,2.45,3.65,2.5,False,,,False,N/A,
2026-06-09 10:55:08,VFLM 5335,25,West Ham,T3,Bournemouth,T4,1.6,4.05,4.95,False,,,False,N/A,
2026-06-09 10:55:08,VFLM 5335,25,Everton,T3,Fulham,T2,1.7,3.2,5.5,False,,,False,N/A,
2026-06-09 10:55:08,VFLM 5335,25,Newcastle,T4,Crystal Palace,T4,2.05,3.85,3.05,False,,,False,N/A,
2026-06-09 10:58:45,VFLM 5335,26,Wolverhampton,T3,Brighton,T4,2.05,3.85,3.05,False,,,False,N/A,
2026-06-09 10:58:45,VFLM 5335,26,Leeds,T2,West Ham,T3,3.0,3.2,2.3,False,,,False,N/A,
2026-06-09 10:58:45,VFLM 5335,26,Aston Villa,T2,Everton,T3,1.95,2.95,4.45,False,,,False,N/A,
2026-06-09 10:58:45,VFLM 5335,26,Liverpool,T1,Bournemouth,T4,1.25,5.5,10.25,False,,,False,N/A,
2026-06-09 10:58:45,VFLM 5335,26,Manchester Blue,T1,Chelsea,T1,1.9,4.15,3.25,False,,,False,N/A,
2026-06-09 10:58:45,VFLM 5335,26,Crystal Palace,T4,London Guns,T3,3.7,3.85,1.8,False,,,False,N/A,
2026-06-09 10:58:45,VFLM 5335,26,Fulham,T2,Tottenham,T2,4.15,3.45,1.8,False,,,False,N/A,
2026-06-09 10:58:45,VFLM 5335,26,Manchester Red,T1,Newcastle,T4,1.3,5.0,9.25,False,,,False,N/A,
2026-06-09 11:02:25,VFLM 5335,27,Brighton,T4,Crystal Palace,T4,1.8,3.8,3.85,False,,,False,N/A,
2026-06-09 11:02:25,VFLM 5335,27,Everton,T3,Liverpool,T1,3.85,3.05,2.05,False,,,False,N/A,
2026-06-09 11:02:25,VFLM 5335,27,London Guns,T3,Manchester Red,T1,2.35,3.55,2.65,False,,,False,N/A,
2026-06-09 11:02:25,VFLM 5335,27,Newcastle,T4,Fulham,T2,1.95,3.5,3.5,False,,,False,N/A,
2026-06-09 11:02:25,VFLM 5335,27,Bournemouth,T4,Leeds,T2,2.55,3.0,2.8,False,,,False,N/A,
2026-06-09 11:02:25,VFLM 5335,27,West Ham,T2,Manchester Blue,T1,4.1,4.1,1.7,False,,,False,N/A,
2026-06-09 11:02:25,VFLM 5335,27,Tottenham,T3,Aston Villa,T2,2.3,3.15,3.0,False,,,False,N/A,
2026-06-09 11:02:25,VFLM 5335,27,Chelsea,T1,Wolverhampton,T3,1.45,5.0,5.25,False,,,False,N/A,
2026-06-09 11:06:05,VFLM 5335,28,Fulham,T3,London Guns,T3,3.9,3.45,1.85,False,,,False,N/A,
2026-06-09 11:06:05,VFLM 5335,28,Crystal Palace,T4,Chelsea,T1,6.25,4.05,1.5,False,,,False,N/A,
2026-06-09 11:06:20,VFLM 5335,28,Manchester Blue,T1,Bournemouth,T4,1.3,5.0,8.5,True,HOME WIN,5/5 (100%),True,SUCCESS,
2026-06-09 11:06:20,VFLM 5335,28,Liverpool,T1,Leeds,T2,1.4,3.85,9.5,False,,,False,N/A,
2026-06-09 11:06:20,VFLM 5335,28,Everton,T3,Tottenham,T2,2.7,3.15,2.55,False,,,False,N/A,
2026-06-09 11:06:20,VFLM 5335,28,Wolverhampton,T3,West Ham,T2,2.1,4.3,2.7,False,,,False,N/A,
2026-06-09 11:06:20,VFLM 5335,28,Manchester Red,T1,Brighton,T4,1.5,3.6,7.25,False,,,False,N/A,
2026-06-09 11:06:20,VFLM 5335,28,Aston Villa,T2,Newcastle,T4,1.4,4.7,6.25,False,,,False,N/A,
2026-06-09 11:09:47,VFLM 5335,29,West Ham,T2,Crystal Palace,T4,1.65,3.9,4.7,False,,,False,N/A,
2026-06-09 11:09:47,VFLM 5335,29,Newcastle,T4,Everton,T3,3.15,3.05,2.3,False,,,False,N/A,
2026-06-09 11:09:47,VFLM 5335,29,Tottenham,T2,Liverpool,T1,2.65,3.2,2.55,False,,,False,N/A,
2026-06-09 11:09:47,VFLM 5335,29,Leeds,T2,Manchester Blue,T1,5.0,3.4,1.7,False,,,False,N/A,
2026-06-09 11:09:47,VFLM 5335,29,Bournemouth,T4,Wolverhampton,T3,2.85,4.5,2.0,False,,,False,N/A,
2026-06-09 11:09:47,VFLM 5335,29,London Guns,T3,Aston Villa,T2,2.1,3.5,3.15,False,,,False,N/A,
2026-06-09 11:09:47,VFLM 5335,29,Chelsea,T1,Manchester Red,T1,2.65,3.6,2.35,False,,,False,N/A,
2026-06-09 11:09:47,VFLM 5335,29,Brighton,T4,Fulham,T3,1.75,3.45,4.7,False,,,False,N/A,
2026-06-09 11:13:29,VFLM 5335,30,Manchester Red,T1,West Ham,T2,1.45,4.55,5.75,False,,,False,N/A,
2026-06-09 11:13:29,VFLM 5335,30,Tottenham,T2,Newcastle,T4,1.4,4.95,6.5,False,,,False,N/A,
2026-06-09 11:13:29,VFLM 5335,30,Liverpool,T1,Manchester Blue,T1,2.0,3.95,3.1,False,,,False,N/A,
2026-06-09 11:13:29,VFLM 5335,30,Fulham,T3,Chelsea,T2,5.5,4.05,1.5,False,,,False,N/A,
2026-06-09 11:13:29,VFLM 5335,30,Aston Villa,T1,Brighton,T4,1.65,3.15,6.25,False,,,False,N/A,
2026-06-09 11:13:29,VFLM 5335,30,Everton,T3,London Guns,T2,2.75,3.25,2.45,False,,,False,N/A,
2026-06-09 11:13:29,VFLM 5335,30,Crystal Palace,T4,Bournemouth,T4,2.0,3.4,3.4,False,,,False,N/A,
2026-06-09 11:13:29,VFLM 5335,30,Wolverhampton,T3,Leeds,T3,2.0,3.5,3.5,False,,,False,N/A,
2026-06-09 11:17:04,VFLM 5335,1,Wolverhampton,T0,Chelsea,T0,3.55,4.25,1.8,False,,,False,N/A,
2026-06-09 11:17:04,VFLM 5335,1,Brighton,T0,Everton,T0,2.4,2.85,3.15,False,,,False,N/A,
2026-06-09 11:17:04,VFLM 5335,1,Bournemouth,T0,Tottenham,T0,4.85,3.4,1.7,False,,,False,N/A,
2026-06-09 11:17:04,VFLM 5335,1,Aston Villa,T0,Crystal Palace,T0,1.35,4.5,8.25,False,,,False,N/A,
2026-06-09 11:17:04,VFLM 5335,1,Manchester Red,T0,Newcastle,T0,1.3,4.9,9.25,False,,,False,N/A,
2026-06-09 11:17:04,VFLM 5335,1,Manchester Blue,T0,Fulham,T0,1.2,7.0,9.75,False,,,False,N/A,
2026-06-09 11:17:04,VFLM 5335,1,London Guns,T0,Liverpool,T0,2.55,3.65,2.45,False,,,False,N/A,
2026-06-09 11:17:04,VFLM 5335,1,Leeds,T0,West Ham,T0,3.0,3.15,2.3,False,,,False,N/A,
2026-06-09 11:21:04,VFLM 5336,1,Wolverhampton,T0,Chelsea,T0,3.55,4.25,1.8,False,,,False,N/A,
2026-06-09 11:21:04,VFLM 5336,1,Brighton,T0,Everton,T0,2.4,2.85,3.15,False,,,False,N/A,
2026-06-09 11:21:04,VFLM 5336,1,Bournemouth,T0,Tottenham,T0,4.85,3.4,1.7,False,,,False,N/A,
2026-06-09 11:21:04,VFLM 5336,1,Aston Villa,T0,Crystal Palace,T0,1.35,4.5,8.25,False,,,False,N/A,
2026-06-09 11:21:04,VFLM 5336,1,Manchester Red,T0,Newcastle,T0,1.3,4.9,9.25,False,,,False,N/A,
2026-06-09 11:21:04,VFLM 5336,1,Manchester Blue,T0,Fulham,T0,1.2,7.0,9.75,False,,,False,N/A,
2026-06-09 11:21:04,VFLM 5336,1,London Guns,T0,Liverpool,T0,2.55,3.65,2.45,False,,,False,N/A,
2026-06-09 11:21:04,VFLM 5336,1,Leeds,T0,West Ham,T0,3.0,3.15,2.3,False,,,False,N/A,
2026-06-09 11:22:41,VFLM 5336,2,Chelsea,T0,London Guns,T0,1.8,3.9,3.7,False,,,False,N/A,
2026-06-09 11:22:41,VFLM 5336,2,West Ham,T0,Bournemouth,T0,1.6,4.05,4.9,False,,,False,N/A,
2026-06-09 11:22:41,VFLM 5336,2,Crystal Palace,T0,Brighton,T0,2.45,3.45,2.65,False,,,False,N/A,
2026-06-09 11:22:41,VFLM 5336,2,Tottenham,T0,Aston Villa,T0,2.3,3.15,3.0,False,,,False,N/A,
2026-06-09 11:22:41,VFLM 5336,2,Fulham,T0,Manchester Red,T0,4.95,3.75,1.65,False,,,False,N/A,
2026-06-09 11:22:41,VFLM 5336,2,Newcastle,T0,Leeds,T0,2.5,3.05,2.8,False,,,False,N/A,
2026-06-09 11:22:41,VFLM 5336,2,Everton,T0,Wolverhampton,T0,1.9,3.6,3.7,False,,,False,N/A,
2026-06-09 11:22:41,VFLM 5336,2,Liverpool,T0,Manchester Blue,T0,2.0,3.95,3.1,False,,,False,N/A,
2026-06-09 11:26:21,VFLM 5336,3,Fulham,T3,Newcastle,T4,2.2,3.35,3.0,False,,,False,N/A,
2026-06-09 11:26:21,VFLM 5336,3,Manchester Red,T1,Liverpool,T4,2.3,3.35,2.85,False,,,False,N/A,
2026-06-09 11:26:21,VFLM 5336,3,Wolverhampton,T3,Crystal Palace,T4,1.8,3.85,3.8,False,,,False,N/A,
2026-06-09 11:26:21,VFLM 5336,3,Brighton,T4,Tottenham,T2,3.1,3.3,2.2,False,,,False,N/A,
2026-06-09 11:26:21,VFLM 5336,3,Aston Villa,T1,West Ham,T3,1.7,3.95,4.2,False,,,False,N/A,
2026-06-09 11:26:21,VFLM 5336,3,London Guns,T1,Everton,T1,1.65,3.95,4.45,False,,,False,N/A,
2026-06-09 11:26:21,VFLM 5336,3,Bournemouth,T3,Leeds,T2,2.5,3.05,2.8,False,,,False,N/A,
2026-06-09 11:26:21,VFLM 5336,3,Manchester Blue,T2,Chelsea,T2,1.9,4.15,3.25,False,,,False,N/A,
2026-06-09 11:30:02,VFLM 5336,4,Everton,T1,Manchester Blue,T3,3.15,3.3,2.15,False,,,False,N/A,
2026-06-09 11:30:02,VFLM 5336,4,Newcastle,T4,Bournemouth,T4,1.8,3.6,4.0,False,,,False,N/A,
2026-06-09 11:30:02,VFLM 5336,4,Chelsea,T1,Manchester Red,T2,2.65,3.6,2.35,False,,,False,N/A,
2026-06-09 11:30:02,VFLM 5336,4,Liverpool,T3,Fulham,T2,1.3,4.65,11.25,False,,,False,N/A,
2026-06-09 11:30:02,VFLM 5336,4,Crystal Palace,T4,London Guns,T2,3.7,3.85,1.8,False,,,False,N/A,
2026-06-09 11:30:02,VFLM 5336,4,Leeds,T1,Aston Villa,T2,4.15,3.1,1.95,False,,,False,N/A,
2026-06-09 11:30:02,VFLM 5336,4,West Ham,T3,Brighton,T3,2.05,3.2,3.6,False,,,False,N/A,
2026-06-09 11:30:02,VFLM 5336,4,Tottenham,T1,Wolverhampton,T4,1.55,4.4,5.0,False,,,False,N/A,
2026-06-09 11:33:44,VFLM 5336,5,Manchester Red,T1,Everton,T1,1.65,3.55,5.25,False,,,False,N/A,
2026-06-09 11:33:44,VFLM 5336,5,Liverpool,T3,Newcastle,T4,1.3,5.0,10.25,False,,,False,N/A,
2026-06-09 11:33:44,VFLM 5336,5,Fulham,T2,Chelsea,T1,5.5,4.1,1.5,False,,,False,N/A,
2026-06-09 11:33:44,VFLM 5336,5,Wolverhampton,T3,West Ham,T4,2.15,4.25,2.7,False,,,False,N/A,
2026-06-09 11:33:44,VFLM 5336,5,London Guns,T2,Tottenham,T1,1.95,4.1,3.1,False,,,False,N/A,
2026-06-09 11:33:44,VFLM 5336,5,Aston Villa,T2,Bournemouth,T2,1.4,4.05,8.5,False,,,False,N/A,
2026-06-09 11:33:44,VFLM 5336,5,Manchester Blue,T3,Crystal Palace,T4,1.22,6.75,8.5,False,,,False,N/A,
2026-06-09 11:33:44,VFLM 5336,5,Brighton,T4,Leeds,T3,1.85,3.2,4.3,False,,,False,N/A,
2026-06-09 11:37:25,VFLM 5336,6,Crystal Palace,T4,Manchester Red,T2,4.95,4.6,1.5,False,,,False,N/A,
2026-06-09 11:37:25,VFLM 5336,6,Chelsea,T1,Liverpool,T3,2.15,3.55,2.95,False,,,False,N/A,
2026-06-09 11:37:25,VFLM 5336,6,West Ham,T4,London Guns,T2,2.95,3.75,2.15,False,,,False,N/A,
2026-06-09 11:37:25,VFLM 5336,6,Leeds,T4,Wolverhampton,T2,2.5,3.45,2.6,False,,,False,N/A,
2026-06-09 11:37:25,VFLM 5336,6,Tottenham,T1,Manchester Blue,T3,2.4,3.8,2.5,False,,,False,N/A,
2026-06-09 11:37:25,VFLM 5336,6,Everton,T1,Fulham,T3,1.7,3.25,5.5,False,,,False,N/A,
2026-06-09 11:37:25,VFLM 5336,6,Newcastle,T4,Aston Villa,T1,3.9,3.4,1.9,False,,,False,N/A,
2026-06-09 11:37:25,VFLM 5336,6,Bournemouth,T3,Brighton,T2,3.0,3.05,2.4,False,,,False,N/A,
2026-06-09 11:41:06,VFLM 5336,7,Fulham,T2,Crystal Palace,T4,2.3,3.35,2.95,False,,,False,N/A,
2026-06-09 11:41:06,VFLM 5336,7,Wolverhampton,T1,Bournemouth,T3,1.55,4.4,4.7,False,,,False,N/A,
2026-06-09 11:41:06,VFLM 5336,7,Chelsea,T1,Newcastle,T4,1.35,5.25,7.5,False,,,False,N/A,
2026-06-09 11:41:06,VFLM 5336,7,London Guns,T3,Leeds,T4,1.5,4.05,6.5,False,,,False,N/A,
2026-06-09 11:41:06,VFLM 5336,7,Liverpool,T3,Everton,T2,1.55,3.65,6.25,False,,,False,N/A,
2026-06-09 11:41:06,VFLM 5336,7,Manchester Blue,T2,West Ham,T4,1.45,5.0,5.25,False,,,False,N/A,
2026-06-09 11:41:06,VFLM 5336,7,Brighton,T2,Aston Villa,T1,3.3,3.1,2.2,False,,,False,N/A,
2026-06-09 11:41:06,VFLM 5336,7,Manchester Red,T3,Tottenham,T1,1.75,3.8,4.15,False,,,False,N/A,
2026-06-09 11:44:41,VFLM 5336,8,Tottenham,T1,Fulham,T2,1.35,3.95,11.25,False,,,False,N/A,
2026-06-09 11:44:41,VFLM 5336,8,West Ham,T4,Manchester Red,T2,3.85,3.4,1.9,False,,,False,N/A,
2026-06-09 11:44:41,VFLM 5336,8,Aston Villa,T1,Wolverhampton,T1,1.55,4.05,5.25,False,,,False,N/A,
2026-06-09 11:44:41,VFLM 5336,8,Everton,T2,Chelsea,T1,3.1,3.3,2.2,False,,,False,N/A,
2026-06-09 11:44:41,VFLM 5336,8,Crystal Palace,T4,Liverpool,T3,4.75,4.05,1.6,False,,,False,N/A,
2026-06-09 11:44:41,VFLM 5336,8,Leeds,T4,Manchester Blue,T3,5.0,3.45,1.7,False,,,False,N/A,
2026-06-09 11:44:41,VFLM 5336,8,Bournemouth,T3,London Guns,T3,3.7,3.95,1.8,False,,,False,N/A,
2026-06-09 11:44:41,VFLM 5336,8,Newcastle,T4,Brighton,T2,2.45,3.35,2.65,False,,,False,N/A,
2026-06-09 11:48:22,VFLM 5336,9,Manchester Red,T2,Leeds,T4,1.35,4.2,10.25,False,,,False,N/A,
2026-06-09 11:48:22,VFLM 5336,9,Chelsea,T1,Crystal Palace,T4,1.3,5.0,9.0,False,,,False,N/A,
2026-06-09 11:48:22,VFLM 5336,9,Liverpool,T3,Tottenham,T1,1.65,4.45,3.9,False,,,False,N/A,
2026-06-09 11:48:22,VFLM 5336,9,Manchester Blue,T2,Bournemouth,T3,1.3,5.0,8.5,False,,,False,N/A,
2026-06-09 11:48:22,VFLM 5336,9,Fulham,T3,West Ham,T4,3.05,3.5,2.15,False,,,False,N/A,
2026-06-09 11:48:22,VFLM 5336,9,London Guns,T3,Aston Villa,T1,2.1,3.5,3.15,False,,,False,N/A,
2026-06-09 11:48:22,VFLM 5336,9,Everton,T2,Newcastle,T4,1.65,3.5,5.25,False,,,False,N/A,
2026-06-09 11:48:22,VFLM 5336,9,Wolverhampton,T1,Brighton,T2,2.05,3.85,3.05,False,,,False,N/A,
2026-06-09 11:52:04,VFLM 5336,10,Bournemouth,T3,Manchester Red,T2,6.0,3.7,1.55,False,,,False,N/A,
2026-06-09 11:52:04,VFLM 5336,10,Newcastle,T4,Wolverhampton,T1,2.5,3.75,2.45,False,,,False,N/A,
2026-06-09 11:52:04,VFLM 5336,10,Tottenham,T1,Chelsea,T1,2.3,4.35,2.4,False,,,False,N/A,
2026-06-09 11:52:04,VFLM 5336,10,West Ham,T4,Liverpool,T2,3.65,3.75,1.85,False,,,False,N/A,
2026-06-09 11:52:04,VFLM 5336,10,Leeds,T4,Fulham,T3,2.1,3.15,3.45,False,,,False,N/A,
2026-06-09 11:52:04,VFLM 5336,10,Aston Villa,T1,Manchester Blue,T2,2.55,3.75,2.35,False,,,False,N/A,
2026-06-09 11:52:04,VFLM 5336,10,Crystal Palace,T4,Everton,T3,3.0,3.3,2.25,False,,,False,N/A,
2026-06-09 11:52:04,VFLM 5336,10,Brighton,T2,London Guns,T3,3.2,3.6,2.05,False,,,False,N/A,
2026-06-09 11:55:45,VFLM 5336,11,Fulham,T3,Bournemouth,T3,2.3,3.0,3.25,False,,,False,N/A,
2026-06-09 11:55:45,VFLM 5336,11,Manchester Blue,T2,Brighton,T2,1.35,4.8,7.25,False,,,False,N/A,
2026-06-09 11:55:45,VFLM 5336,11,Manchester Red,T2,Aston Villa,T1,1.9,3.35,3.95,False,,,False,N/A,
2026-06-09 11:55:45,VFLM 5336,11,Liverpool,T2,Leeds,T4,1.4,3.8,9.5,False,,,False,N/A,
2026-06-09 11:55:45,VFLM 5336,11,Everton,T3,Tottenham,T1,2.7,3.15,2.55,False,,,False,N/A,
2026-06-09 11:55:45,VFLM 5336,11,London Guns,T3,Wolverhampton,T1,1.5,4.9,5.0,False,,,False,N/A,
2026-06-09 11:55:45,VFLM 5336,11,Crystal Palace,T4,Newcastle,T4,2.3,3.35,2.85,False,,,False,N/A,
2026-06-09 11:55:45,VFLM 5336,11,Chelsea,T1,West Ham,T4,1.6,4.1,4.55,False,,,False,N/A,
2026-06-09 11:59:23,VFLM 5336,12,Leeds,T4,Chelsea,T1,6.0,3.5,1.6,False,,,False,N/A,
2026-06-09 11:59:23,VFLM 5336,12,Bournemouth,T3,Liverpool,T2,5.75,4.05,1.5,False,,,False,N/A,
2026-06-09 11:59:23,VFLM 5336,12,Newcastle,T4,London Guns,T3,3.15,4.0,1.95,False,,,False,N/A,
2026-06-09 11:59:23,VFLM 5336,12,Aston Villa,T1,Fulham,T3,1.45,3.85,7.25,False,,,False,N/A,
2026-06-09 11:59:23,VFLM 5336,12,Brighton,T2,Manchester Red,T2,3.55,3.6,1.95,False,,,False,N/A,
2026-06-09 11:59:23,VFLM 5336,12,Tottenham,T1,Crystal Palace,T4,1.4,4.75,6.75,False,,,False,N/A,
2026-06-09 11:59:23,VFLM 5336,12,West Ham,T4,Everton,T3,2.15,3.3,3.2,False,,,False,N/A,
2026-06-09 11:59:23,VFLM 5336,12,Wolverhampton,T1,Manchester Blue,T2,4.0,4.25,1.7,False,,,False,N/A,
2026-06-09 12:03:05,VFLM 5336,13,Everton,T3,Leeds,T4,1.9,3.0,4.55,False,,,False,N/A,
2026-06-09 12:03:05,VFLM 5336,13,Liverpool,T2,Aston Villa,T1,1.8,3.3,4.35,False,,,False,N/A,
2026-06-09 12:03:05,VFLM 5336,13,Manchester Red,T2,Wolverhampton,T1,1.4,4.35,7.0,False,,,False,N/A,
2026-06-09 12:03:05,VFLM 5336,13,Fulham,T3,Brighton,T3,2.9,3.55,2.2,False,,,False,N/A,
2026-06-09 12:03:05,VFLM 5336,13,Chelsea,T1,Bournemouth,T3,1.25,6.25,8.25,False,,,False,N/A,
2026-06-09 12:03:05,VFLM 5336,13,Crystal Palace,T4,West Ham,T4,2.8,3.7,2.2,False,,,False,N/A,
2026-06-09 12:03:05,VFLM 5336,13,Tottenham,T1,Newcastle,T4,1.4,4.95,6.5,False,,,False,N/A,
2026-06-09 12:03:05,VFLM 5336,13,Manchester Blue,T2,London Guns,T2,1.65,4.2,4.3,False,,,False,N/A,
2026-06-09 12:06:42,VFLM 5336,14,Brighton,T3,Liverpool,T2,3.85,3.25,1.95,False,,,False,N/A,
2026-06-09 12:06:42,VFLM 5336,14,Bournemouth,T3,Everton,T2,3.6,3.25,2.0,False,,,False,N/A,
2026-06-09 12:06:42,VFLM 5336,14,London Guns,T3,Manchester Red,T2,2.35,3.55,2.65,False,,,False,N/A,
2026-06-09 12:06:42,VFLM 5336,14,Newcastle,T4,Manchester Blue,T2,5.25,4.05,1.55,False,,,False,N/A,
2026-06-09 12:06:42,VFLM 5336,14,West Ham,T4,Tottenham,T1,2.95,3.5,2.2,False,,,False,N/A,
2026-06-09 12:06:42,VFLM 5336,14,Leeds,T4,Crystal Palace,T4,2.05,3.0,3.85,False,,,False,N/A,
2026-06-09 12:06:42,VFLM 5336,14,Wolverhampton,T1,Fulham,T3,1.75,3.6,4.25,False,,,False,N/A,
2026-06-09 12:06:42,VFLM 5336,14,Aston Villa,T1,Chelsea,T1,2.45,3.35,2.7,False,,,False,N/A,
2026-06-09 12:10:25,VFLM 5336,15,Fulham,T3,London Guns,T3,3.9,3.4,1.9,False,,,False,N/A,
2026-06-09 12:10:25,VFLM 5336,15,Crystal Palace,T4,Bournemouth,T3,2.0,3.45,3.4,False,,,False,N/A,
2026-06-09 12:10:25,VFLM 5336,15,Tottenham,T1,Leeds,T4,1.5,3.9,6.5,False,,,False,N/A,
2026-06-09 12:10:25,VFLM 5336,15,Everton,T2,Aston Villa,T1,3.0,2.95,2.5,False,,,False,N/A,
2026-06-09 12:10:25,VFLM 5336,15,Manchester Red,T2,Manchester Blue,T2,2.35,3.7,2.6,False,,,False,N/A,
2026-06-09 12:10:25,VFLM 5336,15,West Ham,T4,Newcastle,T4,1.6,4.6,4.35,False,,,False,N/A,
2026-06-09 12:10:25,VFLM 5336,15,Chelsea,T1,Brighton,T3,1.55,4.0,5.25,False,,,False,N/A,
2026-06-09 12:10:25,VFLM 5336,15,Liverpool,T2,Wolverhampton,T1,1.4,4.4,8.0,False,,,False,N/A,
2026-06-09 12:14:02,VFLM 5336,16,Crystal Palace,T4,Aston Villa,T1,4.4,3.45,1.8,False,,,False,N/A,
2026-06-09 12:14:02,VFLM 5336,16,Newcastle,T4,Manchester Red,T2,5.25,3.85,1.6,False,,,False,N/A,
2026-06-09 12:14:02,VFLM 5336,16,Fulham,T3,Manchester Blue,T2,4.65,4.7,1.55,False,,,False,N/A,
2026-06-09 12:14:02,VFLM 5336,16,Liverpool,T2,London Guns,T3,1.75,3.85,3.95,False,,,False,N/A,
2026-06-09 12:14:02,VFLM 5336,16,West Ham,T4,Leeds,T4,1.8,3.45,4.25,False,,,False,N/A,
2026-06-09 12:14:02,VFLM 5336,16,Chelsea,T1,Wolverhampton,T1,1.45,5.0,5.25,False,,,False,N/A,
2026-06-09 12:14:02,VFLM 5336,16,Everton,T2,Brighton,T3,2.05,3.1,3.8,False,,,False,N/A,
2026-06-09 12:14:02,VFLM 5336,16,Tottenham,T1,Bournemouth,T3,1.35,4.8,8.25,False,,,False,N/A,
2026-06-09 12:17:45,VFLM 5336,17,Leeds,T4,Newcastle,T4,2.05,3.25,3.45,False,,,False,N/A,
2026-06-09 12:17:45,VFLM 5336,17,Wolverhampton,T2,Everton,T2,2.55,3.25,2.65,False,,,False,N/A,
2026-06-09 12:17:45,VFLM 5336,17,Manchester Blue,T2,Liverpool,T2,2.05,3.8,3.05,False,,,False,N/A,
2026-06-09 12:17:45,VFLM 5336,17,London Guns,T3,Chelsea,T1,2.3,3.45,2.85,False,,,False,N/A,
2026-06-09 12:17:45,VFLM 5336,17,Bournemouth,T4,West Ham,T4,3.25,3.35,2.1,False,,,False,N/A,
2026-06-09 12:17:45,VFLM 5336,17,Brighton,T3,Crystal Palace,T3,1.8,3.8,3.85,False,,,False,N/A,
2026-06-09 12:17:45,VFLM 5336,17,Aston Villa,T1,Tottenham,T1,2.15,3.1,3.45,False,,,False,N/A,
2026-06-09 12:17:45,VFLM 5336,17,Manchester Red,T1,Fulham,T3,1.3,4.85,9.5,False,,,False,N/A,
2026-06-09 12:21:22,VFLM 5336,18,Tottenham,T1,Brighton,T3,1.55,3.8,5.75,False,,,False,N/A,
2026-06-09 12:21:22,VFLM 5336,18,West Ham,T4,Aston Villa,T1,2.95,3.55,2.15,False,,,False,N/A,
2026-06-09 12:21:22,VFLM 5336,18,Everton,T2,London Guns,T3,2.75,3.25,2.45,False,,,False,N/A,
2026-06-09 12:21:22,VFLM 5336,18,Leeds,T4,Bournemouth,T3,1.85,3.3,4.2,False,,,False,N/A,
2026-06-09 12:21:22,VFLM 5336,18,Chelsea,T1,Manchester Blue,T2,2.05,4.35,2.75,False,,,False,N/A,
2026-06-09 12:21:22,VFLM 5336,18,Newcastle,T4,Fulham,T3,1.95,3.55,3.45,False,,,False,N/A,
2026-06-09 12:21:22,VFLM 5336,18,Liverpool,T2,Manchester Red,T1,2.0,3.75,3.15,False,,,False,N/A,
2026-06-09 12:21:22,VFLM 5336,18,Crystal Palace,T4,Wolverhampton,T2,2.35,4.15,2.45,False,,,False,N/A,
2026-06-09 12:25:06,VFLM 5336,19,Aston Villa,T1,Leeds,T4,1.55,3.35,7.75,False,,,False,N/A,
2026-06-09 12:25:06,VFLM 5336,19,Brighton,T3,West Ham,T4,2.15,3.6,3.0,False,,,False,N/A,
2026-06-09 12:25:06,VFLM 5336,19,Wolverhampton,T2,Tottenham,T1,3.1,4.15,1.95,False,,,False,N/A,
2026-06-09 12:25:06,VFLM 5336,19,Manchester Blue,T2,Everton,T2,1.45,4.6,6.0,False,,,False,N/A,
2026-06-09 12:25:06,VFLM 5336,19,Bournemouth,T3,Newcastle,T4,2.65,3.05,2.65,False,,,False,N/A,
2026-06-09 12:25:06,VFLM 5336,19,Manchester Red,T1,Chelsea,T1,2.0,3.5,3.4,False,,,False,N/A,
2026-06-09 12:25:06,VFLM 5336,19,Fulham,T3,Liverpool,T2,5.75,3.55,1.6,False,,,False,N/A,
2026-06-09 12:25:06,VFLM 5336,19,London Guns,T3,Crystal Palace,T4,1.35,4.85,7.0,False,,,False,N/A,
2026-06-09 12:28:44,VFLM 5336,20,West Ham,T4,Wolverhampton,T2,1.8,4.65,3.2,False,,,False,N/A,
2026-06-09 12:28:44,VFLM 5336,20,Tottenham,T1,London Guns,T3,2.05,3.35,3.45,False,,,False,N/A,
2026-06-09 12:28:44,VFLM 5336,20,Bournemouth,T3,Aston Villa,T1,4.7,3.85,1.65,False,,,False,N/A,
2026-06-09 12:28:44,VFLM 5336,20,Crystal Palace,T3,Manchester Blue,T2,5.0,4.0,1.6,False,,,False,N/A,
2026-06-09 12:28:44,VFLM 5336,20,Leeds,T4,Brighton,T3,3.1,2.65,2.6,False,,,False,N/A,
2026-06-09 12:28:44,VFLM 5336,20,Everton,T2,Manchester Red,T1,3.75,3.15,2.0,False,,,False,N/A,
2026-06-09 12:28:44,VFLM 5336,20,Newcastle,T4,Liverpool,T2,5.5,3.85,1.55,False,,,False,N/A,
2026-06-09 12:28:44,VFLM 5336,20,Chelsea,T1,Fulham,T4,1.3,4.6,10.75,False,,,False,N/A,
2026-06-09 12:32:27,VFLM 5336,21,Fulham,T4,Everton,T3,4.4,3.0,1.9,False,,,False,N/A,
2026-06-09 12:32:27,VFLM 5336,21,Aston Villa,T2,Newcastle,T4,1.4,4.7,6.25,False,,,False,N/A,
2026-06-09 12:32:27,VFLM 5336,21,Brighton,T3,Bournemouth,T3,1.8,3.3,4.4,False,,,False,N/A,
2026-06-09 12:32:27,VFLM 5336,21,Manchester Red,T1,Crystal Palace,T4,1.25,5.5,10.0,False,,,False,N/A,
2026-06-09 12:32:27,VFLM 5336,21,Liverpool,T1,Chelsea,T1,2.15,3.7,2.95,False,,,False,N/A,
2026-06-09 12:32:27,VFLM 5336,21,London Guns,T2,West Ham,T4,1.7,4.0,4.1,False,,,False,N/A,
2026-06-09 12:32:27,VFLM 5336,21,Wolverhampton,T2,Leeds,T3,2.0,3.5,3.5,False,,,False,N/A,
2026-06-09 12:32:27,VFLM 5336,21,Manchester Blue,T2,Tottenham,T1,1.65,4.2,4.1,False,,,False,N/A,
2026-06-09 12:36:05,VFLM 5336,22,Leeds,T3,London Guns,T2,3.9,3.25,1.95,False,,,False,N/A,
2026-06-09 12:36:05,VFLM 5336,22,Everton,T3,Liverpool,T1,3.8,3.05,2.05,False,,,False,N/A,
2026-06-09 12:36:05,VFLM 5336,22,West Ham,T4,Manchester Blue,T2,4.1,4.1,1.7,False,,,False,N/A,
2026-06-09 12:36:05,VFLM 5336,22,Aston Villa,T2,Brighton,T3,1.65,3.2,6.25,False,,,False,N/A,
2026-06-09 12:36:05,VFLM 5336,22,Tottenham,T1,Manchester Red,T1,2.45,3.65,2.55,False,,,False,N/A,
2026-06-09 12:36:05,VFLM 5336,22,Crystal Palace,T3,Fulham,T4,2.15,3.45,3.05,False,,,False,N/A,
2026-06-09 12:36:05,VFLM 5336,22,Bournemouth,T4,Wolverhampton,T2,2.8,4.55,2.0,False,,,False,N/A,
2026-06-09 12:36:05,VFLM 5336,22,Newcastle,T4,Chelsea,T1,5.0,4.1,1.55,False,,,False,N/A,
2026-06-09 12:39:48,VFLM 5336,23,Manchester Blue,T2,Leeds,T3,1.3,4.95,8.5,False,,,False,N/A,
2026-06-09 12:39:48,VFLM 5336,23,London Guns,T3,Bournemouth,T4,1.35,4.7,8.0,False,,,False,N/A,
2026-06-09 12:39:48,VFLM 5336,23,Brighton,T2,Newcastle,T4,1.9,3.15,4.2,False,,,False,N/A,
2026-06-09 12:39:48,VFLM 5336,23,Fulham,T4,Tottenham,T1,4.1,3.45,1.85,False,,,False,N/A,
2026-06-09 12:39:48,VFLM 5336,23,Manchester Red,T1,West Ham,T4,1.45,4.6,5.75,False,,,False,N/A,
2026-06-09 12:39:48,VFLM 5336,23,Wolverhampton,T2,Aston Villa,T2,3.25,3.75,1.95,False,,,False,N/A,
2026-06-09 12:39:48,VFLM 5336,23,Chelsea,T1,Everton,T3,1.65,3.45,5.25,False,,,False,N/A,
2026-06-09 12:40:04,VFLM 5336,23,Liverpool,T1,Crystal Palace,T3,1.25,5.25,11.75,True,HOME WIN,5/5 (100%),True,SUCCESS,
2026-06-09 12:43:27,VFLM 5336,24,Bournemouth,T4,Manchester Blue,T2,5.5,4.6,1.45,False,,,False,N/A,
2026-06-09 12:43:27,VFLM 5336,24,West Ham,T4,Fulham,T4,1.6,3.55,5.75,False,,,False,N/A,
2026-06-09 12:43:27,VFLM 5336,24,Aston Villa,T2,London Guns,T2,2.2,3.15,3.25,False,,,False,N/A,
2026-06-09 12:43:27,VFLM 5336,24,Newcastle,T4,Everton,T3,3.15,3.05,2.3,False,,,False,N/A,
2026-06-09 12:43:27,VFLM 5336,24,Brighton,T3,Wolverhampton,T2,1.9,3.85,3.35,False,,,False,N/A,
2026-06-09 12:43:27,VFLM 5336,24,Leeds,T3,Manchester Red,T1,5.5,3.45,1.65,False,,,False,N/A,
2026-06-09 12:43:27,VFLM 5336,24,Crystal Palace,T3,Chelsea,T1,6.0,4.1,1.5,False,,,False,N/A,
2026-06-09 12:43:27,VFLM 5336,24,Tottenham,T1,Liverpool,T1,2.7,3.2,2.55,False,,,False,N/A,
2026-06-09 12:47:07,VFLM 5336,25,Manchester Blue,T1,Aston Villa,T2,1.75,4.0,3.8,False,,,False,N/A,
2026-06-09 12:47:07,VFLM 5336,25,Everton,T3,Crystal Palace,T3,1.65,3.35,5.75,False,,,False,N/A,
2026-06-09 12:47:07,VFLM 5336,25,London Guns,T2,Brighton,T3,1.5,4.3,5.5,False,,,False,N/A,
2026-06-09 12:47:07,VFLM 5336,25,Manchester Red,T2,Bournemouth,T4,1.3,4.8,9.0,False,,,False,N/A,
2026-06-09 12:47:07,VFLM 5336,25,Wolverhampton,T2,Newcastle,T4,1.8,3.8,3.85,False,,,False,N/A,
2026-06-09 12:47:07,VFLM 5336,25,Chelsea,T1,Tottenham,T1,1.95,3.25,3.8,False,,,False,N/A,
2026-06-09 12:47:07,VFLM 5336,25,Liverpool,T1,West Ham,T3,1.4,5.25,5.75,False,,,False,N/A,
2026-06-09 12:47:07,VFLM 5336,25,Fulham,T4,Leeds,T4,2.7,2.85,2.8,False,,,False,N/A,
2026-06-09 12:50:47,VFLM 5336,26,Leeds,T4,Liverpool,T1,5.75,3.4,1.65,False,,,False,N/A,
2026-06-09 12:50:47,VFLM 5336,26,Tottenham,T1,Everton,T3,1.8,3.25,4.55,False,,,False,N/A,
2026-06-09 12:50:47,VFLM 5336,26,Wolverhampton,T2,London Guns,T2,2.8,3.6,2.25,False,,,False,N/A,
2026-06-09 12:50:47,VFLM 5336,26,Newcastle,T4,Crystal Palace,T3,2.05,3.85,3.0,False,,,False,N/A,
2026-06-09 12:50:47,VFLM 5336,26,West Ham,T3,Chelsea,T1,3.3,4.05,1.9,False,,,False,N/A,
2026-06-09 12:50:47,VFLM 5336,26,Bournemouth,T4,Fulham,T4,2.35,3.2,2.95,False,,,False,N/A,
2026-06-09 12:50:47,VFLM 5336,26,Brighton,T3,Manchester Blue,T1,4.1,3.55,1.8,False,,,False,N/A,
2026-06-09 12:50:47,VFLM 5336,26,Aston Villa,T2,Manchester Red,T2,2.4,3.75,2.55,False,,,False,N/A,
2026-06-09 12:54:26,VFLM 5336,27,Crystal Palace,T4,Tottenham,T1,4.4,3.7,1.7,False,,,False,N/A,
2026-06-09 12:54:26,VFLM 5336,27,Everton,T3,West Ham,T3,2.3,3.65,2.7,False,,,False,N/A,
2026-06-09 12:54:26,VFLM 5336,27,Manchester Blue,T1,Wolverhampton,T2,1.3,6.0,6.5,False,,,False,N/A,
2026-06-09 12:54:26,VFLM 5336,27,Chelsea,T1,Leeds,T3,1.35,4.25,9.25,False,,,False,N/A,
2026-06-09 12:54:42,VFLM 5336,27,Liverpool,T1,Bournemouth,T4,1.25,5.5,10.75,True,HOME WIN,7/7 (100%),True,SUCCESS,
2026-06-09 12:54:42,VFLM 5336,27,London Guns,T2,Newcastle,T4,1.5,3.95,6.0,False,,,False,N/A,
2026-06-09 12:54:42,VFLM 5336,27,Fulham,T4,Aston Villa,T2,4.8,3.45,1.7,False,,,False,N/A,
2026-06-09 12:54:42,VFLM 5336,27,Manchester Red,T2,Brighton,T3,1.5,3.6,7.25,False,,,False,N/A,
2026-06-09 12:58:05,VFLM 5336,28,Brighton,T3,Fulham,T4,1.7,3.45,4.75,False,,,False,N/A,
2026-06-09 12:58:05,VFLM 5336,28,Bournemouth,T4,Chelsea,T1,6.0,3.95,1.5,False,,,False,N/A,
2026-06-09 12:58:05,VFLM 5336,28,West Ham,T3,Crystal Palace,T3,1.65,3.9,4.7,False,,,False,N/A,
2026-06-09 12:58:05,VFLM 5336,28,Newcastle,T4,Tottenham,T1,3.45,4.1,1.85,False,,,False,N/A,
2026-06-09 12:58:05,VFLM 5336,28,London Guns,T2,Manchester Blue,T1,2.25,4.4,2.45,False,,,False,N/A,
2026-06-09 12:58:05,VFLM 5336,28,Leeds,T4,Everton,T3,3.3,2.65,2.5,False,,,False,N/A,
2026-06-09 12:58:05,VFLM 5336,28,Aston Villa,T2,Liverpool,T1,2.4,3.3,2.75,False,,,False,N/A,
2026-06-09 12:58:05,VFLM 5336,28,Wolverhampton,T2,Manchester Red,T2,3.85,3.7,1.8,False,,,False,N/A,
2026-06-09 13:01:48,VFLM 5336,29,Crystal Palace,T3,Leeds,T4,2.25,3.15,3.1,False,,,False,N/A,
2026-06-09 13:01:48,VFLM 5336,29,Fulham,T4,Wolverhampton,T2,2.6,3.95,2.3,False,,,False,N/A,
2026-06-09 13:01:48,VFLM 5336,29,Chelsea,T1,Aston Villa,T2,1.9,3.35,3.85,False,,,False,N/A,
2026-06-09 13:01:48,VFLM 5336,29,Liverpool,T1,Brighton,T3,1.4,5.25,6.0,False,,,False,N/A,
2026-06-09 13:01:48,VFLM 5336,29,Everton,T3,Bournemouth,T4,1.65,3.35,6.0,False,,,False,N/A,
2026-06-09 13:01:48,VFLM 5336,29,Manchester Red,T2,London Guns,T2,1.85,3.7,3.8,False,,,False,N/A,
2026-06-09 13:01:48,VFLM 5336,29,Manchester Blue,T1,Newcastle,T4,1.3,5.25,8.25,False,,,False,N/A,
2026-06-09 13:01:48,VFLM 5336,29,Tottenham,T1,West Ham,T3,1.6,4.0,4.7,False,,,False,N/A,
2026-06-09 13:05:27,VFLM 5336,30,Aston Villa,T1,Everton,T2,1.95,2.9,4.55,False,,,False,N/A,
2026-06-09 13:05:27,VFLM 5336,30,Manchester Blue,T1,Manchester Red,T2,1.85,4.0,3.4,False,,,False,N/A,
2026-06-09 13:05:27,VFLM 5336,30,Newcastle,T4,West Ham,T3,2.65,3.8,2.3,False,,,False,N/A,
2026-06-09 13:05:27,VFLM 5336,30,Brighton,T3,Chelsea,T1,3.7,3.4,1.95,False,,,False,N/A,
2026-06-09 13:05:27,VFLM 5336,30,Wolverhampton,T3,Liverpool,T1,4.4,3.85,1.7,False,,,False,N/A,
2026-06-09 13:05:27,VFLM 5336,30,London Guns,T2,Fulham,T4,1.3,5.0,8.0,False,,,False,N/A,
2026-06-09 13:05:27,VFLM 5336,30,Bournemouth,T4,Crystal Palace,T3,2.35,3.1,2.95,False,,,False,N/A,
2026-06-09 13:05:27,VFLM 5336,30,Leeds,T4,Tottenham,T2,4.15,3.3,1.85,False,,,False,N/A,
2026-06-09 13:09:02,VFLM 5336,1,Tottenham,T0,Crystal Palace,T0,1.4,4.8,6.75,False,,,False,N/A,
2026-06-09 13:09:02,VFLM 5336,1,Newcastle,T0,London Guns,T0,3.2,3.95,1.95,False,,,False,N/A,
2026-06-09 13:09:02,VFLM 5336,1,Fulham,T0,Wolverhampton,T0,2.6,3.95,2.3,False,,,False,N/A,
2026-06-09 13:09:19,VFLM 5336,1,Manchester Blue,T0,Leeds,T0,1.3,4.95,8.5,True,HOME WIN,6/6 (100%),True,SUCCESS,
2026-06-09 13:09:19,VFLM 5336,1,Chelsea,T0,Manchester Red,T0,2.65,3.6,2.35,False,,,False,N/A,
2026-06-09 13:09:19,VFLM 5336,1,Aston Villa,T0,Everton,T0,1.95,2.9,4.55,False,,,False,N/A,
2026-06-09 13:09:19,VFLM 5336,1,Liverpool,T0,Brighton,T0,1.4,5.25,6.0,False,,,False,N/A,
2026-06-09 13:09:19,VFLM 5336,1,Bournemouth,T0,West Ham,T0,3.3,3.35,2.1,False,,,False,N/A,
2026-06-09 13:12:58,VFLM 5337,1,Tottenham,T0,Crystal Palace,T0,1.4,4.8,6.75,False,,,False,N/A,
2026-06-09 13:12:58,VFLM 5337,1,Newcastle,T0,London Guns,T0,3.2,3.95,1.95,False,,,False,N/A,
2026-06-09 13:12:58,VFLM 5337,1,Fulham,T0,Wolverhampton,T0,2.6,3.95,2.3,False,,,False,N/A,
2026-06-09 13:12:58,VFLM 5337,1,Chelsea,T0,Manchester Red,T0,2.65,3.6,2.35,False,,,False,N/A,
2026-06-09 13:12:58,VFLM 5337,1,Aston Villa,T0,Everton,T0,1.95,2.9,4.55,False,,,False,N/A,
2026-06-09 13:12:58,VFLM 5337,1,Liverpool,T0,Brighton,T0,1.4,5.25,6.0,False,,,False,N/A,
2026-06-09 13:12:58,VFLM 5337,1,Bournemouth,T0,West Ham,T0,3.3,3.35,2.1,False,,,False,N/A,
2026-06-09 13:14:40,VFLM 5337,2,Everton,T0,Manchester Blue,T0,3.15,3.35,2.15,False,,,False,N/A,
2026-06-09 13:14:40,VFLM 5337,2,West Ham,T0,Chelsea,T0,3.3,4.1,1.85,False,,,False,N/A,
2026-06-09 13:14:40,VFLM 5337,2,Wolverhampton,T0,Liverpool,T0,4.4,3.85,1.7,False,,,False,N/A,
2026-06-09 13:14:40,VFLM 5337,2,Crystal Palace,T0,Newcastle,T0,2.3,3.35,2.85,False,,,False,N/A,
2026-06-09 13:14:40,VFLM 5337,2,Brighton,T0,Bournemouth,T0,1.85,3.3,4.35,False,,,False,N/A,
2026-06-09 13:14:40,VFLM 5337,2,Manchester Red,T0,Aston Villa,T0,1.9,3.35,3.95,False,,,False,N/A,
2026-06-09 13:14:40,VFLM 5337,2,London Guns,T0,Fulham,T0,1.3,5.0,8.0,False,,,False,N/A,
2026-06-09 13:14:40,VFLM 5337,2,Leeds,T0,Tottenham,T0,4.15,3.3,1.85,False,,,False,N/A,
2026-06-09 13:18:25,VFLM 5337,3,Manchester Blue,T1,Manchester Red,T3,1.85,4.0,3.4,False,,,False,N/A,
2026-06-09 13:18:25,VFLM 5337,3,Bournemouth,T4,Wolverhampton,T4,2.8,4.55,2.0,False,,,False,N/A,
2026-06-09 13:18:25,VFLM 5337,3,Tottenham,T2,Everton,T3,1.8,3.25,4.65,False,,,False,N/A,
2026-06-09 13:18:25,VFLM 5337,3,Liverpool,T1,Fulham,T1,1.3,4.7,11.25,False,,,False,N/A,
2026-06-09 13:18:25,VFLM 5337,3,Newcastle,T3,Leeds,T4,2.5,3.05,2.8,False,,,False,N/A,
2026-06-09 13:18:25,VFLM 5337,3,Crystal Palace,T4,London Guns,T2,3.65,3.9,1.8,False,,,False,N/A,
2026-06-09 13:18:25,VFLM 5337,3,Aston Villa,T2,West Ham,T1,1.7,3.95,4.2,False,,,False,N/A,
2026-06-09 13:18:25,VFLM 5337,3,Chelsea,T2,Brighton,T3,1.55,3.95,5.25,False,,,False,N/A,
2026-06-09 13:22:01,VFLM 5337,4,Manchester Red,T3,Tottenham,T1,1.75,3.8,4.1,False,,,False,N/A,
2026-06-09 13:22:01,VFLM 5337,4,Everton,T3,Newcastle,T3,1.65,3.5,5.25,False,,,False,N/A,
2026-06-09 13:22:01,VFLM 5337,4,London Guns,T1,Liverpool,T2,2.55,3.65,2.45,False,,,False,N/A,
2026-06-09 13:22:01,VFLM 5337,4,West Ham,T2,Manchester Blue,T2,4.1,4.1,1.7,False,,,False,N/A,
2026-06-09 13:22:01,VFLM 5337,4,Leeds,T4,Crystal Palace,T4,2.05,3.0,3.85,False,,,False,N/A,
2026-06-09 13:22:01,VFLM 5337,4,Wolverhampton,T4,Chelsea,T1,3.55,4.25,1.8,False,,,False,N/A,
2026-06-09 13:22:01,VFLM 5337,4,Fulham,T1,Bournemouth,T4,2.3,3.0,3.25,False,,,False,N/A,
2026-06-09 13:22:01,VFLM 5337,4,Brighton,T3,Aston Villa,T2,3.3,3.1,2.2,False,,,False,N/A,
2026-06-09 13:25:42,VFLM 5337,5,Bournemouth,T4,Liverpool,T1,5.75,4.05,1.5,False,,,False,N/A,
2026-06-09 13:25:42,VFLM 5337,5,Manchester Blue,T3,Brighton,T3,1.35,4.7,7.25,False,,,False,N/A,
2026-06-09 13:25:42,VFLM 5337,5,Chelsea,T1,Fulham,T3,1.3,4.6,10.75,False,,,False,N/A,
2026-06-09 13:25:42,VFLM 5337,5,Tottenham,T2,West Ham,T4,1.6,4.0,4.7,False,,,False,N/A,
2026-06-09 13:25:42,VFLM 5337,5,Leeds,T4,London Guns,T1,3.9,3.2,1.95,False,,,False,N/A,
2026-06-09 13:25:42,VFLM 5337,5,Newcastle,T2,Manchester Red,T2,5.25,3.85,1.6,False,,,False,N/A,
2026-06-09 13:25:42,VFLM 5337,5,Crystal Palace,T4,Everton,T1,3.0,3.3,2.25,False,,,False,N/A,
2026-06-09 13:25:42,VFLM 5337,5,Aston Villa,T2,Wolverhampton,T3,1.55,4.1,5.25,False,,,False,N/A,
2026-06-09 13:29:23,VFLM 5337,6,West Ham,T2,Newcastle,T3,1.6,4.6,4.35,False,,,False,N/A,
2026-06-09 13:29:23,VFLM 5337,6,Wolverhampton,T3,Manchester Blue,T4,4.05,4.2,1.7,False,,,False,N/A,
2026-06-09 13:29:23,VFLM 5337,6,Everton,T1,Leeds,T4,1.9,3.0,4.55,False,,,False,N/A,
2026-06-09 13:29:23,VFLM 5337,6,Brighton,T3,Tottenham,T1,3.1,3.3,2.2,False,,,False,N/A,
2026-06-09 13:29:23,VFLM 5337,6,Fulham,T2,Aston Villa,T2,4.8,3.5,1.7,False,,,False,N/A,
2026-06-09 13:29:23,VFLM 5337,6,London Guns,T1,Bournemouth,T4,1.35,4.7,8.0,False,,,False,N/A,
2026-06-09 13:29:23,VFLM 5337,6,Manchester Red,T3,Crystal Palace,T4,1.25,5.5,10.0,False,,,False,N/A,
2026-06-09 13:29:23,VFLM 5337,6,Liverpool,T2,Chelsea,T1,2.15,3.75,2.9,False,,,False,N/A,
2026-06-09 13:33:04,VFLM 5337,7,Tottenham,T1,Wolverhampton,T2,1.55,4.4,5.0,False,,,False,N/A,
2026-06-09 13:33:04,VFLM 5337,7,Leeds,T4,Manchester Red,T2,5.5,3.45,1.65,False,,,False,N/A,
2026-06-09 13:33:04,VFLM 5337,7,Newcastle,T3,Brighton,T4,2.45,3.4,2.65,False,,,False,N/A,
2026-06-09 13:33:04,VFLM 5337,7,Chelsea,T1,Bournemouth,T4,1.25,6.25,8.25,False,,,False,N/A,
2026-06-09 13:33:04,VFLM 5337,7,Aston Villa,T3,Liverpool,T2,2.45,3.3,2.7,False,,,False,N/A,
2026-06-09 13:33:04,VFLM 5337,7,Crystal Palace,T4,West Ham,T3,2.8,3.7,2.2,False,,,False,N/A,
2026-06-09 13:33:04,VFLM 5337,7,Everton,T1,London Guns,T1,2.75,3.2,2.5,False,,,False,N/A,
2026-06-09 13:33:04,VFLM 5337,7,Manchester Blue,T3,Fulham,T2,1.2,7.0,9.75,False,,,False,N/A,
2026-06-09 13:36:45,VFLM 5337,8,Brighton,T3,Crystal Palace,T4,1.8,3.8,3.8,False,,,False,N/A,
2026-06-09 13:36:45,VFLM 5337,8,Bournemouth,T4,Aston Villa,T3,4.65,3.9,1.65,False,,,False,N/A,
2026-06-09 13:36:45,VFLM 5337,8,Wolverhampton,T3,Newcastle,T4,1.8,3.8,3.9,False,,,False,N/A,
2026-06-09 13:36:45,VFLM 5337,8,West Ham,T3,Leeds,T4,1.8,3.5,4.25,False,,,False,N/A,
2026-06-09 13:36:45,VFLM 5337,8,Manchester Red,T2,Everton,T2,1.65,3.6,5.25,False,,,False,N/A,
2026-06-09 13:36:45,VFLM 5337,8,Liverpool,T1,Manchester Blue,T2,2.0,3.9,3.05,False,,,False,N/A,
2026-06-09 13:36:45,VFLM 5337,8,Fulham,T2,Tottenham,T1,4.1,3.45,1.85,False,,,False,N/A,
2026-06-09 13:36:45,VFLM 5337,8,London Guns,T1,Chelsea,T1,2.3,3.45,2.85,False,,,False,N/A,
2026-06-09 13:40:21,VFLM 5337,9,Manchester Blue,T2,Bournemouth,T4,1.3,5.0,8.75,False,,,False,N/A,
2026-06-09 13:40:21,VFLM 5337,9,Crystal Palace,T4,Wolverhampton,T3,2.35,4.15,2.45,False,,,False,N/A,
2026-06-09 13:40:21,VFLM 5337,9,Aston Villa,T3,Chelsea,T1,2.45,3.35,2.7,False,,,False,N/A,
2026-06-09 13:40:21,VFLM 5337,9,Manchester Red,T2,London Guns,T1,1.85,3.7,3.85,False,,,False,N/A,
2026-06-09 13:40:21,VFLM 5337,9,Everton,T1,West Ham,T2,2.3,3.7,2.7,False,,,False,N/A,
2026-06-09 13:40:21,VFLM 5337,9,Newcastle,T3,Fulham,T3,1.95,3.55,3.45,False,,,False,N/A,
2026-06-09 13:40:21,VFLM 5337,9,Leeds,T4,Brighton,T4,3.1,2.65,2.6,False,,,False,N/A,
2026-06-09 13:40:21,VFLM 5337,9,Tottenham,T1,Liverpool,T2,2.7,3.15,2.55,False,,,False,N/A,
2026-06-09 13:44:02,VFLM 5337,10,Liverpool,T3,Newcastle,T3,1.3,5.0,10.0,False,,,False,N/A,
2026-06-09 13:44:02,VFLM 5337,10,Brighton,T4,Everton,T2,2.4,2.85,3.2,False,,,False,N/A,
2026-06-09 13:44:02,VFLM 5337,10,London Guns,T1,Aston Villa,T2,2.05,3.5,3.2,False,,,False,N/A,
2026-06-09 13:44:02,VFLM 5337,10,Fulham,T3,Crystal Palace,T4,2.3,3.3,2.95,False,,,False,N/A,
2026-06-09 13:44:02,VFLM 5337,10,Wolverhampton,T2,Leeds,T4,1.95,3.5,3.5,False,,,False,N/A,
2026-06-09 13:44:02,VFLM 5337,10,West Ham,T3,Manchester Red,T1,3.85,3.4,1.9,False,,,False,N/A,
2026-06-09 13:44:02,VFLM 5337,10,Bournemouth,T4,Tottenham,T1,4.8,3.4,1.75,False,,,False,N/A,
2026-06-09 13:44:02,VFLM 5337,10,Chelsea,T1,Manchester Blue,T2,2.05,4.35,2.75,False,,,False,N/A,
2026-06-09 13:47:45,VFLM 5337,11,Manchester Blue,T2,Aston Villa,T3,1.75,4.0,3.8,False,,,False,N/A,
2026-06-09 13:47:45,VFLM 5337,11,Manchester Red,T1,Brighton,T4,1.5,3.55,7.25,False,,,False,N/A,
2026-06-09 13:47:45,VFLM 5337,11,Everton,T2,Wolverhampton,T1,1.9,3.6,3.7,False,,,False,N/A,
2026-06-09 13:47:45,VFLM 5337,11,West Ham,T3,London Guns,T1,2.95,3.75,2.1,False,,,False,N/A,
2026-06-09 13:47:45,VFLM 5337,11,Tottenham,T2,Chelsea,T1,2.3,4.3,2.45,False,,,False,N/A,
2026-06-09 13:47:45,VFLM 5337,11,Crystal Palace,T4,Liverpool,T2,4.7,4.05,1.6,False,,,False,N/A,
2026-06-09 13:47:45,VFLM 5337,11,Newcastle,T3,Bournemouth,T4,1.8,3.65,4.0,False,,,False,N/A,
2026-06-09 13:47:45,VFLM 5337,11,Leeds,T4,Fulham,T3,2.1,3.15,3.45,False,,,False,N/A,
2026-06-09 13:51:26,VFLM 5337,12,Fulham,T3,Everton,T2,4.45,3.0,1.9,False,,,False,N/A,
2026-06-09 13:51:26,VFLM 5337,12,London Guns,T2,Manchester Blue,T2,2.25,4.4,2.45,False,,,False,N/A,
2026-06-09 13:51:26,VFLM 5337,12,Liverpool,T1,Leeds,T4,1.4,3.8,9.5,False,,,False,N/A,
2026-06-09 13:51:26,VFLM 5337,12,Chelsea,T1,Newcastle,T3,1.35,5.25,7.5,False,,,False,N/A,
2026-06-09 13:51:26,VFLM 5337,12,Bournemouth,T4,Crystal Palace,T4,2.4,3.1,2.95,False,,,False,N/A,
2026-06-09 13:51:26,VFLM 5337,12,Wolverhampton,T1,Manchester Red,T1,3.85,3.7,1.8,False,,,False,N/A,
2026-06-09 13:51:26,VFLM 5337,12,Brighton,T4,West Ham,T3,2.15,3.6,3.0,False,,,False,N/A,
2026-06-09 13:51:26,VFLM 5337,12,Aston Villa,T3,Tottenham,T2,2.15,3.1,3.45,False,,,False,N/A,
2026-06-09 13:55:03,VFLM 5337,13,West Ham,T3,Wolverhampton,T2,1.8,4.7,3.2,False,,,False,N/A,
2026-06-09 13:55:03,VFLM 5337,13,Everton,T1,Liverpool,T2,3.8,3.05,2.05,False,,,False,N/A,
2026-06-09 13:55:03,VFLM 5337,13,Tottenham,T3,Manchester Blue,T1,2.4,3.8,2.5,False,,,False,N/A,
2026-06-09 13:55:03,VFLM 5337,13,Brighton,T4,London Guns,T2,3.2,3.6,2.05,False,,,False,N/A,
2026-06-09 13:55:03,VFLM 5337,13,Leeds,T4,Bournemouth,T4,1.85,3.3,4.15,False,,,False,N/A,
2026-06-09 13:55:03,VFLM 5337,13,Manchester Red,T1,Fulham,T2,1.3,4.85,9.5,False,,,False,N/A,
2026-06-09 13:55:03,VFLM 5337,13,Newcastle,T3,Aston Villa,T3,3.9,3.4,1.9,False,,,False,N/A,
2026-06-09 13:55:03,VFLM 5337,13,Crystal Palace,T4,Chelsea,T1,6.0,4.1,1.5,False,,,False,N/A,
2026-06-09 13:58:45,VFLM 5337,14,Chelsea,T1,Leeds,T4,1.35,4.3,9.25,False,,,False,N/A,
2026-06-09 13:58:45,VFLM 5337,14,Manchester Blue,T2,Newcastle,T3,1.3,5.25,8.25,False,,,False,N/A,
2026-06-09 13:58:45,VFLM 5337,14,Liverpool,T2,Manchester Red,T1,2.0,3.75,3.15,False,,,False,N/A,
2026-06-09 13:58:45,VFLM 5337,14,Wolverhampton,T1,Brighton,T4,2.05,3.85,3.05,False,,,False,N/A,
2026-06-09 13:58:45,VFLM 5337,14,London Guns,T2,Tottenham,T3,1.95,4.1,3.15,False,,,False,N/A,
2026-06-09 13:58:45,VFLM 5337,14,Aston Villa,T3,Crystal Palace,T4,1.35,4.5,8.25,False,,,False,N/A,
2026-06-09 13:58:45,VFLM 5337,14,Fulham,T1,West Ham,T3,3.0,3.5,2.15,False,,,False,N/A,
2026-06-09 13:58:45,VFLM 5337,14,Bournemouth,T4,Everton,T2,3.55,3.25,2.05,False,,,False,N/A,
2026-06-09 14:02:27,VFLM 5337,15,Wolverhampton,T2,London Guns,T2,2.8,3.6,2.25,False,,,False,N/A,
2026-06-09 14:02:27,VFLM 5337,15,Newcastle,T3,Tottenham,T3,3.45,4.1,1.8,False,,,False,N/A,
2026-06-09 14:02:27,VFLM 5337,15,Leeds,T4,Aston Villa,T3,4.1,3.1,1.95,False,,,False,N/A,
2026-06-09 14:02:27,VFLM 5337,15,Everton,T2,Chelsea,T1,3.1,3.3,2.2,False,,,False,N/A,
2026-06-09 14:02:27,VFLM 5337,15,West Ham,T3,Liverpool,T1,3.65,3.7,1.85,False,,,False,N/A,
2026-06-09 14:02:27,VFLM 5337,15,Crystal Palace,T4,Manchester Blue,T1,5.0,4.0,1.6,False,,,False,N/A,
2026-06-09 14:02:27,VFLM 5337,15,Brighton,T4,Fulham,T2,1.7,3.45,4.75,False,,,False,N/A,
2026-06-09 14:02:27,VFLM 5337,15,Manchester Red,T1,Bournemouth,T4,1.3,4.8,9.0,False,,,False,N/A,
2026-06-09 14:06:04,VFLM 5337,16,West Ham,T2,Bournemouth,T4,1.6,4.1,4.9,False,,,False,N/A,
2026-06-09 14:06:04,VFLM 5337,16,Crystal Palace,T4,Tottenham,T3,4.45,3.65,1.7,False,,,False,N/A,
2026-06-09 14:06:04,VFLM 5337,16,London Guns,T2,Newcastle,T3,1.5,3.95,6.0,False,,,False,N/A,
2026-06-09 14:06:04,VFLM 5337,16,Wolverhampton,T3,Fulham,T3,1.75,3.65,4.25,False,,,False,N/A,
2026-06-09 14:06:04,VFLM 5337,16,Leeds,T4,Manchester Blue,T1,5.0,3.45,1.7,False,,,False,N/A,
2026-06-09 14:06:21,VFLM 5337,16,Manchester Red,T1,Chelsea,T1,2.0,3.45,3.4,True,HOME WIN,5/5 (100%),True,SUCCESS,
2026-06-09 14:06:21,VFLM 5337,16,Everton,T2,Aston Villa,T2,3.0,2.9,2.5,False,,,False,N/A,
2026-06-09 14:06:21,VFLM 5337,16,Brighton,T4,Liverpool,T1,3.85,3.25,1.95,False,,,False,N/A,
2026-06-09 14:09:47,VFLM 5337,17,Chelsea,T1,West Ham,T2,1.65,4.05,4.55,False,,,False,N/A,
2026-06-09 14:09:47,VFLM 5337,17,Liverpool,T2,Wolverhampton,T3,1.4,4.4,8.0,False,,,False,N/A,
2026-06-09 14:09:47,VFLM 5337,17,Newcastle,T3,Crystal Palace,T4,2.05,3.85,3.05,False,,,False,N/A,
2026-06-09 14:09:47,VFLM 5337,17,Bournemouth,T4,Brighton,T4,3.0,3.1,2.35,False,,,False,N/A,
2026-06-09 14:09:47,VFLM 5337,17,Aston Villa,T2,Manchester Red,T1,2.4,3.75,2.55,False,,,False,N/A,
2026-06-09 14:09:47,VFLM 5337,17,Fulham,T3,London Guns,T1,3.9,3.4,1.9,False,,,False,N/A,
2026-06-09 14:09:47,VFLM 5337,17,Tottenham,T3,Leeds,T4,1.5,3.9,6.5,False,,,False,N/A,
2026-06-09 14:09:47,VFLM 5337,17,Manchester Blue,T1,Everton,T2,1.45,4.6,6.0,False,,,False,N/A,
2026-06-09 14:13:27,VFLM 5337,18,Brighton,T4,Chelsea,T1,3.7,3.4,1.95,False,,,False,N/A,
2026-06-09 14:13:27,VFLM 5337,18,Manchester Red,T1,Manchester Blue,T1,2.35,3.65,2.6,False,,,False,N/A,
2026-06-09 14:13:27,VFLM 5337,18,Wolverhampton,T2,Bournemouth,T4,1.55,4.4,4.7,False,,,False,N/A,
2026-06-09 14:13:27,VFLM 5337,18,Everton,T2,Tottenham,T3,2.7,3.1,2.55,False,,,False,N/A,
2026-06-09 14:13:27,VFLM 5337,18,Fulham,T3,Liverpool,T2,5.75,3.55,1.6,False,,,False,N/A,
2026-06-09 14:13:27,VFLM 5337,18,Leeds,T4,Newcastle,T3,2.05,3.25,3.45,False,,,False,N/A,
2026-06-09 14:13:27,VFLM 5337,18,London Guns,T1,Crystal Palace,T4,1.35,4.85,7.0,False,,,False,N/A,
2026-06-09 14:13:27,VFLM 5337,18,West Ham,T2,Aston Villa,T3,3.0,3.55,2.15,False,,,False,N/A,
2026-06-09 14:17:04,VFLM 5337,19,Newcastle,T4,Everton,T2,3.15,3.05,2.3,False,,,False,N/A,
2026-06-09 14:17:04,VFLM 5337,19,Liverpool,T2,London Guns,T1,1.75,3.85,3.95,False,,,False,N/A,
2026-06-09 14:17:04,VFLM 5337,19,Manchester Blue,T1,West Ham,T2,1.45,5.0,5.25,False,,,False,N/A,
2026-06-09 14:17:04,VFLM 5337,19,Crystal Palace,T4,Leeds,T4,2.25,3.15,3.1,False,,,False,N/A,
2026-06-09 14:17:04,VFLM 5337,19,Chelsea,T1,Wolverhampton,T2,1.45,5.0,5.25,False,,,False,N/A,
2026-06-09 14:17:04,VFLM 5337,19,Bournemouth,T4,Fulham,T3,2.35,3.15,2.95,False,,,False,N/A,
2026-06-09 14:17:04,VFLM 5337,19,Aston Villa,T3,Brighton,T3,1.65,3.2,6.0,False,,,False,N/A,
2026-06-09 14:17:04,VFLM 5337,19,Tottenham,T3,Manchester Red,T1,2.4,3.7,2.55,False,,,False,N/A,
2026-06-09 14:20:47,VFLM 5337,20,Wolverhampton,T2,Aston Villa,T3,3.25,3.8,1.95,False,,,False,N/A,
2026-06-09 14:20:47,VFLM 5337,20,Liverpool,T1,Bournemouth,T4,1.25,5.5,10.75,False,,,False,N/A,
2026-06-09 14:20:47,VFLM 5337,20,Brighton,T3,Manchester Blue,T2,4.1,3.6,1.8,False,,,False,N/A,
2026-06-09 14:20:47,VFLM 5337,20,Fulham,T3,Chelsea,T1,5.75,4.1,1.5,False,,,False,N/A,
2026-06-09 14:20:47,VFLM 5337,20,West Ham,T2,Tottenham,T3,2.95,3.5,2.2,False,,,False,N/A,
2026-06-09 14:20:47,VFLM 5337,20,London Guns,T1,Leeds,T4,1.5,4.05,6.5,False,,,False,N/A,
2026-06-09 14:20:47,VFLM 5337,20,Manchester Red,T1,Newcastle,T4,1.3,4.9,9.0,False,,,False,N/A,
2026-06-09 14:20:47,VFLM 5337,20,Everton,T2,Crystal Palace,T4,1.65,3.35,5.75,False,,,False,N/A,
2026-06-09 14:24:25,VFLM 5337,21,Manchester Blue,T1,Wolverhampton,T2,1.3,6.0,6.5,False,,,False,N/A,
2026-06-09 14:24:25,VFLM 5337,21,Leeds,T4,Everton,T2,3.3,2.65,2.5,False,,,False,N/A,
2026-06-09 14:24:25,VFLM 5337,21,Tottenham,T3,Brighton,T3,1.55,3.8,5.75,False,,,False,N/A,
2026-06-09 14:24:25,VFLM 5337,21,Aston Villa,T3,Fulham,T3,1.45,3.85,7.25,False,,,False,N/A,
2026-06-09 14:24:25,VFLM 5337,21,Bournemouth,T4,London Guns,T2,3.7,4.0,1.8,False,,,False,N/A,
2026-06-09 14:24:25,VFLM 5337,21,Crystal Palace,T4,Manchester Red,T1,4.95,4.7,1.5,False,,,False,N/A,
2026-06-09 14:24:25,VFLM 5337,21,Chelsea,T1,Liverpool,T1,2.15,3.55,2.95,False,,,False,N/A,
2026-06-09 14:24:25,VFLM 5337,21,Newcastle,T4,West Ham,T2,2.65,3.8,2.25,False,,,False,N/A,
2026-06-09 14:28:08,VFLM 5337,22,Fulham,T3,Manchester Blue,T1,4.65,4.7,1.55,False,,,False,N/A,
2026-06-09 14:28:08,VFLM 5337,22,Wolverhampton,T2,Tottenham,T3,3.1,4.15,1.95,False,,,False,N/A,
2026-06-09 14:28:08,VFLM 5337,22,Manchester Red,T1,Leeds,T4,1.35,4.2,10.25,False,,,False,N/A,
2026-06-09 14:28:08,VFLM 5337,22,Brighton,T3,Newcastle,T4,1.9,3.15,4.25,False,,,False,N/A,
2026-06-09 14:28:08,VFLM 5337,22,Bournemouth,T4,Chelsea,T1,6.0,3.95,1.5,False,,,False,N/A,
2026-06-09 14:28:08,VFLM 5337,22,Liverpool,T1,Aston Villa,T3,1.8,3.3,4.35,False,,,False,N/A,
2026-06-09 14:28:08,VFLM 5337,22,West Ham,T2,Crystal Palace,T4,1.65,3.9,4.7,False,,,False,N/A,
2026-06-09 14:28:08,VFLM 5337,22,London Guns,T2,Everton,T2,1.65,3.95,4.45,False,,,False,N/A,
2026-06-09 14:31:46,VFLM 5337,23,Aston Villa,T3,Bournemouth,T4,1.4,4.05,8.5,False,,,False,N/A,
2026-06-09 14:31:46,VFLM 5337,23,Newcastle,T4,Wolverhampton,T2,2.5,3.75,2.45,False,,,False,N/A,
2026-06-09 14:31:46,VFLM 5337,23,Leeds,T4,West Ham,T2,3.0,3.2,2.3,False,,,False,N/A,
2026-06-09 14:31:46,VFLM 5337,23,Everton,T2,Manchester Red,T1,3.75,3.15,2.0,False,,,False,N/A,
2026-06-09 14:31:46,VFLM 5337,23,Manchester Blue,T1,Liverpool,T1,2.05,3.8,3.05,False,,,False,N/A,
2026-06-09 14:31:46,VFLM 5337,23,Tottenham,T3,Fulham,T3,1.35,3.95,11.25,False,,,False,N/A,
2026-06-09 14:31:46,VFLM 5337,23,Chelsea,T1,London Guns,T2,1.8,3.9,3.7,False,,,False,N/A,
2026-06-09 14:31:46,VFLM 5337,23,Crystal Palace,T4,Brighton,T3,2.45,3.4,2.65,False,,,False,N/A,
2026-06-09 14:35:24,VFLM 5337,24,Liverpool,T2,Tottenham,T3,1.65,4.4,3.95,False,,,False,N/A,
2026-06-09 14:35:24,VFLM 5337,24,Bournemouth,T4,Manchester Blue,T1,5.5,4.6,1.45,False,,,False,N/A,
2026-06-09 14:35:24,VFLM 5337,24,Wolverhampton,T2,Crystal Palace,T4,1.8,3.85,3.8,False,,,False,N/A,
2026-06-09 14:35:24,VFLM 5337,24,Chelsea,T1,Aston Villa,T3,1.9,3.35,3.9,False,,,False,N/A,
2026-06-09 14:35:24,VFLM 5337,24,London Guns,T2,Manchester Red,T1,2.4,3.55,2.65,False,,,False,N/A,
2026-06-09 14:35:24,VFLM 5337,24,West Ham,T2,Everton,T1,2.15,3.3,3.2,False,,,False,N/A,
2026-06-09 14:35:24,VFLM 5337,24,Fulham,T3,Newcastle,T4,2.2,3.4,3.0,False,,,False,N/A,
2026-06-09 14:35:24,VFLM 5337,24,Brighton,T3,Leeds,T4,1.85,3.2,4.3,False,,,False,N/A,
2026-06-09 14:39:08,VFLM 5337,25,Everton,T1,Brighton,T3,2.05,3.1,3.8,False,,,False,N/A,
2026-06-09 14:39:08,VFLM 5337,25,Aston Villa,T2,London Guns,T2,2.2,3.15,3.25,False,,,False,N/A,
2026-06-09 14:39:08,VFLM 5337,25,Crystal Palace,T4,Fulham,T3,2.15,3.45,3.05,False,,,False,N/A,
2026-06-09 14:39:08,VFLM 5337,25,Leeds,T4,Wolverhampton,T3,2.5,3.4,2.6,False,,,False,N/A,
2026-06-09 14:39:08,VFLM 5337,25,Manchester Red,T1,West Ham,T2,1.45,4.6,5.75,False,,,False,N/A,
2026-06-09 14:39:08,VFLM 5337,25,Tottenham,T3,Bournemouth,T4,1.35,4.8,8.25,False,,,False,N/A,
2026-06-09 14:39:08,VFLM 5337,25,Manchester Blue,T1,Chelsea,T1,1.85,4.2,3.25,False,,,False,N/A,
2026-06-09 14:39:08,VFLM 5337,25,Newcastle,T4,Liverpool,T2,5.5,3.85,1.55,False,,,False,N/A,
2026-06-09 14:42:48,VFLM 5337,26,Fulham,T3,Leeds,T4,2.7,2.85,2.8,False,,,False,N/A,
2026-06-09 14:42:48,VFLM 5337,26,Aston Villa,T3,Manchester Blue,T1,2.55,3.75,2.35,False,,,False,N/A,
2026-06-09 14:42:48,VFLM 5337,26,Brighton,T3,Manchester Red,T1,3.55,3.6,1.9,False,,,False,N/A,
2026-06-09 14:42:48,VFLM 5337,26,Wolverhampton,T2,Everton,T2,2.55,3.25,2.65,False,,,False,N/A,
2026-06-09 14:42:48,VFLM 5337,26,London Guns,T2,West Ham,T2,1.7,3.95,4.15,False,,,False,N/A,
2026-06-09 14:42:48,VFLM 5337,26,Chelsea,T1,Tottenham,T3,1.95,3.25,3.85,False,,,False,N/A,
2026-06-09 14:42:48,VFLM 5337,26,Liverpool,T1,Crystal Palace,T4,1.25,5.25,11.75,False,,,False,N/A,
2026-06-09 14:42:48,VFLM 5337,26,Bournemouth,T4,Newcastle,T4,2.65,3.05,2.65,False,,,False,N/A,
2026-06-09 14:46:27,VFLM 5337,27,Manchester Blue,T1,London Guns,T2,1.65,4.2,4.3,False,,,False,N/A,
2026-06-09 14:46:27,VFLM 5337,27,Leeds,T4,Liverpool,T1,5.75,3.4,1.65,False,,,False,N/A,
2026-06-09 14:46:27,VFLM 5337,27,Newcastle,T4,Chelsea,T1,5.0,4.1,1.55,False,,,False,N/A,
2026-06-09 14:46:27,VFLM 5337,27,Crystal Palace,T4,Bournemouth,T4,2.05,3.4,3.4,False,,,False,N/A,
2026-06-09 14:46:27,VFLM 5337,27,Manchester Red,T1,Wolverhampton,T2,1.4,4.35,6.75,False,,,False,N/A,
2026-06-09 14:46:27,VFLM 5337,27,West Ham,T2,Brighton,T3,2.05,3.2,3.6,False,,,False,N/A,
2026-06-09 14:46:27,VFLM 5337,27,Tottenham,T3,Aston Villa,T3,2.3,3.15,3.0,False,,,False,N/A,
2026-06-09 14:46:27,VFLM 5337,27,Everton,T2,Fulham,T3,1.7,3.3,5.5,False,,,False,N/A,
2026-06-09 14:50:06,VFLM 5337,28,Chelsea,T1,Crystal Palace,T4,1.3,5.0,9.0,False,,,False,N/A,
2026-06-09 14:50:06,VFLM 5337,28,Wolverhampton,T2,West Ham,T2,2.15,4.25,2.7,False,,,False,N/A,
2026-06-09 14:50:06,VFLM 5337,28,Liverpool,T1,Everton,T2,1.55,3.65,6.25,False,,,False,N/A,
2026-06-09 14:50:06,VFLM 5337,28,Manchester Blue,T1,Tottenham,T3,1.7,4.2,4.05,False,,,False,N/A,
2026-06-09 14:50:06,VFLM 5337,28,London Guns,T2,Brighton,T3,1.5,4.3,5.5,False,,,False,N/A,
2026-06-09 14:50:06,VFLM 5337,28,Bournemouth,T4,Leeds,T4,2.55,3.05,2.8,False,,,False,N/A,
2026-06-09 14:50:06,VFLM 5337,28,Fulham,T3,Manchester Red,T1,5.0,3.7,1.65,False,,,False,N/A,
2026-06-09 14:50:06,VFLM 5337,28,Aston Villa,T3,Newcastle,T4,1.4,4.65,6.25,False,,,False,N/A,
2026-06-09 14:53:50,VFLM 5337,29,Newcastle,T4,Manchester Blue,T1,5.25,4.05,1.55,False,,,False,N/A,
2026-06-09 14:53:50,VFLM 5337,29,Manchester Red,T1,Liverpool,T1,2.35,3.35,2.85,False,,,False,N/A,
2026-06-09 14:53:50,VFLM 5337,29,Brighton,T3,Wolverhampton,T2,1.9,3.85,3.35,False,,,False,N/A,
2026-06-09 14:53:50,VFLM 5337,29,Tottenham,T3,London Guns,T2,2.05,3.3,3.45,False,,,False,N/A,
2026-06-09 14:53:50,VFLM 5337,29,Crystal Palace,T4,Aston Villa,T3,4.4,3.45,1.8,False,,,False,N/A,
2026-06-09 14:53:50,VFLM 5337,29,West Ham,T2,Fulham,T3,1.6,3.55,5.75,False,,,False,N/A,
2026-06-09 14:53:50,VFLM 5337,29,Everton,T2,Bournemouth,T4,1.65,3.3,6.0,False,,,False,N/A,
2026-06-09 14:53:50,VFLM 5337,29,Leeds,T4,Chelsea,T1,6.0,3.45,1.6,False,,,False,N/A,
2026-06-09 14:57:28,VFLM 5337,30,Bournemouth,T4,Manchester Red,T1,6.0,3.7,1.55,False,,,False,N/A,
2026-06-09 14:57:28,VFLM 5337,30,London Guns,T1,Wolverhampton,T2,1.5,4.9,4.9,False,,,False,N/A,
2026-06-09 14:57:28,VFLM 5337,30,Tottenham,T3,Newcastle,T4,1.4,4.85,6.5,False,,,False,N/A,
2026-06-09 14:57:28,VFLM 5337,30,Aston Villa,T3,Leeds,T4,1.55,3.35,7.75,False,,,False,N/A,
2026-06-09 14:57:28,VFLM 5337,30,Chelsea,T1,Everton,T2,1.65,3.4,5.25,False,,,False,N/A,
2026-06-09 14:57:28,VFLM 5337,30,Liverpool,T2,West Ham,T2,1.4,5.25,5.75,False,,,False,N/A,
2026-06-09 14:57:42,VFLM 5337,30,Manchester Blue,T1,Crystal Palace,T4,1.22,6.75,8.5,True,HOME WIN,4/4 (100%),True,SUCCESS,
2026-06-09 14:57:42,VFLM 5337,30,Fulham,T3,Brighton,T3,2.9,3.55,2.2,False,,,False,N/A,
2026-06-09 15:01:01,VFLM 5337,1,Newcastle,T0,Manchester Blue,T0,5.25,4.05,1.55,False,,,False,N/A,
2026-06-09 15:01:01,VFLM 5337,1,Aston Villa,T0,Leeds,T0,1.55,3.35,7.75,False,,,False,N/A,
2026-06-09 15:01:01,VFLM 5337,1,Chelsea,T0,London Guns,T0,1.8,3.95,3.7,False,,,False,N/A,
2026-06-09 15:01:01,VFLM 5337,1,Liverpool,T0,West Ham,T0,1.4,5.25,5.75,False,,,False,N/A,
2026-06-09 15:01:01,VFLM 5337,1,Bournemouth,T0,Manchester Red,T0,6.0,3.7,1.55,False,,,False,N/A,
2026-06-09 15:01:01,VFLM 5337,1,Fulham,T0,Tottenham,T0,4.1,3.45,1.8,False,,,False,N/A,
2026-06-09 15:01:01,VFLM 5337,1,Everton,T0,Brighton,T0,2.05,3.1,3.75,False,,,False,N/A,
2026-06-09 15:01:01,VFLM 5337,1,Crystal Palace,T0,Wolverhampton,T0,2.3,4.15,2.45,False,,,False,N/A,
2026-06-09 15:05:02,VFLM 5338,1,Newcastle,T0,Manchester Blue,T0,5.25,4.05,1.55,False,,,False,N/A,
2026-06-09 15:05:02,VFLM 5338,1,Aston Villa,T0,Leeds,T0,1.55,3.35,7.75,False,,,False,N/A,
2026-06-09 15:05:02,VFLM 5338,1,Chelsea,T0,London Guns,T0,1.8,3.95,3.7,False,,,False,N/A,
2026-06-09 15:05:02,VFLM 5338,1,Liverpool,T0,West Ham,T0,1.4,5.25,5.75,False,,,False,N/A,
2026-06-09 15:05:02,VFLM 5338,1,Bournemouth,T0,Manchester Red,T0,6.0,3.7,1.55,False,,,False,N/A,
2026-06-09 15:05:02,VFLM 5338,1,Fulham,T0,Tottenham,T0,4.1,3.45,1.8,False,,,False,N/A,
2026-06-09 15:05:02,VFLM 5338,1,Everton,T0,Brighton,T0,2.05,3.1,3.75,False,,,False,N/A,
2026-06-09 15:05:02,VFLM 5338,1,Crystal Palace,T0,Wolverhampton,T0,2.3,4.15,2.45,False,,,False,N/A,
2026-06-09 15:06:47,VFLM 5338,2,Leeds,T0,Chelsea,T0,6.0,3.45,1.6,False,,,False,N/A,
2026-06-09 15:06:47,VFLM 5338,2,Wolverhampton,T0,Newcastle,T0,1.8,3.8,3.85,False,,,False,N/A,
2026-06-09 15:06:47,VFLM 5338,2,Tottenham,T0,Everton,T0,1.8,3.25,4.65,False,,,False,N/A,
2026-06-09 15:06:47,VFLM 5338,2,London Guns,T0,Liverpool,T0,2.55,3.6,2.45,False,,,False,N/A,
2026-06-09 15:06:47,VFLM 5338,2,Manchester Red,T0,Aston Villa,T0,1.9,3.35,3.95,False,,,False,N/A,
2026-06-09 15:06:47,VFLM 5338,2,Brighton,T0,Bournemouth,T0,1.85,3.3,4.35,False,,,False,N/A,
2026-06-09 15:06:47,VFLM 5338,2,Manchester Blue,T0,Fulham,T0,1.2,6.75,9.75,False,,,False,N/A,
2026-06-09 15:06:47,VFLM 5338,2,West Ham,T0,Crystal Palace,T0,1.65,3.9,4.8,False,,,False,N/A,
2026-06-09 15:10:23,VFLM 5338,3,Fulham,T3,Wolverhampton,T3,2.6,3.9,2.3,False,,,False,N/A,
2026-06-09 15:10:23,VFLM 5338,3,Bournemouth,T4,Tottenham,T2,4.75,3.45,1.75,False,,,False,N/A,
2026-06-09 15:10:23,VFLM 5338,3,Newcastle,T3,West Ham,T4,2.65,3.75,2.3,False,,,False,N/A,
2026-06-09 15:10:23,VFLM 5338,3,Aston Villa,T1,Brighton,T3,1.65,3.2,6.0,False,,,False,N/A,
2026-06-09 15:10:23,VFLM 5338,3,Crystal Palace,T2,Liverpool,T1,4.7,4.1,1.6,False,,,False,N/A,
2026-06-09 15:10:23,VFLM 5338,3,Chelsea,T1,Manchester Red,T1,2.65,3.6,2.35,False,,,False,N/A,
2026-06-09 15:10:23,VFLM 5338,3,Leeds,T4,London Guns,T4,3.9,3.2,1.95,False,,,False,N/A,
2026-06-09 15:10:23,VFLM 5338,3,Everton,T2,Manchester Blue,T2,3.15,3.35,2.15,False,,,False,N/A,
2026-06-09 15:14:03,VFLM 5338,4,Manchester Blue,T1,Bournemouth,T4,1.3,5.0,9.0,False,,,False,N/A,
2026-06-09 15:14:03,VFLM 5338,4,Manchester Red,T2,Leeds,T4,1.35,4.15,10.25,False,,,False,N/A,
2026-06-09 15:14:03,VFLM 5338,4,West Ham,T4,Fulham,T3,1.6,3.55,5.75,False,,,False,N/A,
2026-06-09 15:14:03,VFLM 5338,4,Liverpool,T2,Newcastle,T4,1.3,5.0,10.0,False,,,False,N/A,
2026-06-09 15:14:03,VFLM 5338,4,Wolverhampton,T3,Everton,T3,2.55,3.25,2.65,False,,,False,N/A,
2026-06-09 15:14:03,VFLM 5338,4,Tottenham,T1,Aston Villa,T2,2.35,3.1,3.0,False,,,False,N/A,
2026-06-09 15:14:03,VFLM 5338,4,Brighton,T2,Chelsea,T1,3.75,3.4,1.9,False,,,False,N/A,
2026-06-09 15:14:03,VFLM 5338,4,London Guns,T3,Crystal Palace,T1,1.35,4.8,7.0,False,,,False,N/A,
2026-06-09 15:17:44,VFLM 5338,5,Everton,T2,West Ham,T4,2.25,3.75,2.7,False,,,False,N/A,
2026-06-09 15:17:44,VFLM 5338,5,Newcastle,T4,Crystal Palace,T1,2.05,3.8,3.05,False,,,False,N/A,
2026-06-09 15:17:44,VFLM 5338,5,Bournemouth,T3,Wolverhampton,T3,2.8,4.55,2.0,False,,,False,N/A,
2026-06-09 15:17:44,VFLM 5338,5,Fulham,T3,Liverpool,T1,5.75,3.55,1.6,False,,,False,N/A,
2026-06-09 15:17:44,VFLM 5338,5,Aston Villa,T1,Manchester Blue,T2,2.55,3.8,2.35,False,,,False,N/A,
2026-06-09 15:17:44,VFLM 5338,5,Manchester Red,T2,London Guns,T4,1.85,3.7,3.8,False,,,False,N/A,
2026-06-09 15:17:44,VFLM 5338,5,Chelsea,T1,Tottenham,T2,1.95,3.25,3.85,False,,,False,N/A,
2026-06-09 15:17:44,VFLM 5338,5,Leeds,T4,Brighton,T3,3.15,2.65,2.6,False,,,False,N/A,
2026-06-09 15:21:26,VFLM 5338,6,Wolverhampton,T3,Aston Villa,T2,3.25,3.8,1.95,False,,,False,N/A,
2026-06-09 15:21:26,VFLM 5338,6,Liverpool,T1,Everton,T2,1.55,3.65,6.25,False,,,False,N/A,
2026-06-09 15:21:26,VFLM 5338,6,London Guns,T4,Newcastle,T4,1.55,3.9,6.0,False,,,False,N/A,
2026-06-09 15:21:26,VFLM 5338,6,Tottenham,T1,Leeds,T4,1.5,3.9,6.5,False,,,False,N/A,
2026-06-09 15:21:26,VFLM 5338,6,Crystal Palace,T1,Fulham,T4,2.15,3.45,3.1,False,,,False,N/A,
2026-06-09 15:21:26,VFLM 5338,6,Manchester Blue,T1,Chelsea,T2,1.9,4.2,3.2,False,,,False,N/A,
2026-06-09 15:21:26,VFLM 5338,6,West Ham,T3,Bournemouth,T3,1.6,4.05,4.9,False,,,False,N/A,
2026-06-09 15:21:26,VFLM 5338,6,Brighton,T3,Manchester Red,T2,3.55,3.6,1.9,False,,,False,N/A,
2026-06-09 15:25:02,VFLM 5338,7,Bournemouth,T3,Liverpool,T1,5.75,4.05,1.5,False,,,False,N/A,
2026-06-09 15:25:02,VFLM 5338,7,Aston Villa,T2,West Ham,T2,1.7,3.95,4.2,False,,,False,N/A,
2026-06-09 15:25:02,VFLM 5338,7,Manchester Red,T1,Tottenham,T2,1.75,3.8,4.15,False,,,False,N/A,
2026-06-09 15:25:02,VFLM 5338,7,Chelsea,T1,Wolverhampton,T3,1.45,5.0,5.25,False,,,False,N/A,
2026-06-09 15:25:02,VFLM 5338,7,Fulham,T4,Newcastle,T4,2.2,3.45,3.0,False,,,False,N/A,
2026-06-09 15:25:02,VFLM 5338,7,Everton,T3,Crystal Palace,T2,1.65,3.35,5.75,False,,,False,N/A,
2026-06-09 15:25:02,VFLM 5338,7,Leeds,T4,Manchester Blue,T1,5.0,3.45,1.7,False,,,False,N/A,
2026-06-09 15:25:02,VFLM 5338,7,Brighton,T3,London Guns,T4,3.15,3.6,2.05,False,,,False,N/A,
2026-06-09 15:28:44,VFLM 5338,8,Manchester Blue,T1,Manchester Red,T1,1.85,3.95,3.4,False,,,False,N/A,
2026-06-09 15:28:44,VFLM 5338,8,Tottenham,T2,Brighton,T3,1.55,3.8,5.75,False,,,False,N/A,
2026-06-09 15:28:44,VFLM 5338,8,Crystal Palace,T1,Bournemouth,T4,2.05,3.4,3.4,False,,,False,N/A,
2026-06-09 15:28:44,VFLM 5338,8,Liverpool,T1,Aston Villa,T2,1.8,3.3,4.4,False,,,False,N/A,
2026-06-09 15:28:44,VFLM 5338,8,London Guns,T3,Fulham,T4,1.3,5.0,8.0,False,,,False,N/A,
2026-06-09 15:28:44,VFLM 5338,8,Wolverhampton,T3,Leeds,T4,1.95,3.5,3.5,False,,,False,N/A,
2026-06-09 15:28:44,VFLM 5338,8,Newcastle,T4,Everton,T3,3.1,3.1,2.3,False,,,False,N/A,
2026-06-09 15:28:44,VFLM 5338,8,West Ham,T2,Chelsea,T2,3.3,4.1,1.85,False,,,False,N/A,
2026-06-09 15:32:26,VFLM 5338,9,Aston Villa,T2,Crystal Palace,T1,1.35,4.5,8.25,False,,,False,N/A,
2026-06-09 15:32:26,VFLM 5338,9,Bournemouth,T4,Newcastle,T4,2.65,3.1,2.65,False,,,False,N/A,
2026-06-09 15:32:26,VFLM 5338,9,Leeds,T4,West Ham,T2,3.0,3.2,2.3,False,,,False,N/A,
2026-06-09 15:32:26,VFLM 5338,9,Everton,T3,Fulham,T4,1.7,3.3,5.25,False,,,False,N/A,
2026-06-09 15:32:26,VFLM 5338,9,Tottenham,T2,London Guns,T3,2.05,3.3,3.45,False,,,False,N/A,
2026-06-09 15:32:26,VFLM 5338,9,Brighton,T3,Manchester Blue,T1,4.1,3.6,1.8,False,,,False,N/A,
2026-06-09 15:32:26,VFLM 5338,9,Chelsea,T2,Liverpool,T1,2.2,3.55,2.95,False,,,False,N/A,
2026-06-09 15:32:26,VFLM 5338,9,Manchester Red,T1,Wolverhampton,T3,1.4,4.35,6.75,False,,,False,N/A,
2026-06-09 15:36:03,VFLM 5338,10,Liverpool,T1,Leeds,T4,1.4,3.8,9.5,False,,,False,N/A,
2026-06-09 15:36:03,VFLM 5338,10,West Ham,T2,Manchester Red,T1,3.85,3.4,1.9,False,,,False,N/A,
2026-06-09 15:36:03,VFLM 5338,10,Manchester Blue,T1,Tottenham,T2,1.7,4.2,4.05,False,,,False,N/A,
2026-06-09 15:36:03,VFLM 5338,10,Newcastle,T3,Aston Villa,T3,3.9,3.35,1.9,False,,,False,N/A,
2026-06-09 15:36:03,VFLM 5338,10,Fulham,T4,Bournemouth,T4,2.3,2.95,3.25,False,,,False,N/A,
2026-06-09 15:36:03,VFLM 5338,10,Crystal Palace,T1,Chelsea,T2,6.0,4.15,1.5,False,,,False,N/A,
2026-06-09 15:36:03,VFLM 5338,10,Wolverhampton,T3,Brighton,T4,2.05,3.85,3.05,False,,,False,N/A,
2026-06-09 15:36:03,VFLM 5338,10,London Guns,T2,Everton,T3,1.65,3.95,4.45,False,,,False,N/A,
2026-06-09 15:39:45,VFLM 5338,11,Manchester Red,T1,Liverpool,T1,2.35,3.35,2.8,False,,,False,N/A,
2026-06-09 15:39:45,VFLM 5338,11,Bournemouth,T4,Everton,T3,3.55,3.3,2.0,False,,,False,N/A,
2026-06-09 15:39:45,VFLM 5338,11,Tottenham,T2,Wolverhampton,T3,1.55,4.4,5.0,False,,,False,N/A,
2026-06-09 15:39:45,VFLM 5338,11,Brighton,T3,West Ham,T1,2.15,3.65,2.95,False,,,False,N/A,
2026-06-09 15:39:45,VFLM 5338,11,Manchester Blue,T1,London Guns,T3,1.65,4.2,4.3,False,,,False,N/A,
2026-06-09 15:39:45,VFLM 5338,11,Aston Villa,T2,Fulham,T4,1.45,3.85,7.25,False,,,False,N/A,
2026-06-09 15:39:45,VFLM 5338,11,Leeds,T4,Crystal Palace,T2,2.05,3.0,3.85,False,,,False,N/A,
2026-06-09 15:39:45,VFLM 5338,11,Chelsea,T2,Newcastle,T4,1.35,5.25,7.5,False,,,False,N/A,
2026-06-09 15:43:22,VFLM 5338,12,Fulham,T4,Chelsea,T2,5.75,4.1,1.5,False,,,False,N/A,
2026-06-09 15:43:22,VFLM 5338,12,Newcastle,T4,Leeds,T4,2.5,3.05,2.8,False,,,False,N/A,
2026-06-09 15:43:22,VFLM 5338,12,West Ham,T1,Tottenham,T2,2.9,3.5,2.2,False,,,False,N/A,
2026-06-09 15:43:22,VFLM 5338,12,Wolverhampton,T3,Manchester Blue,T1,4.05,4.2,1.7,False,,,False,N/A,
2026-06-09 15:43:22,VFLM 5338,12,Everton,T3,Aston Villa,T2,3.0,2.95,2.45,False,,,False,N/A,
2026-06-09 15:43:22,VFLM 5338,12,Liverpool,T1,Brighton,T4,1.4,5.25,6.0,False,,,False,N/A,
2026-06-09 15:43:22,VFLM 5338,12,London Guns,T3,Bournemouth,T3,1.35,4.7,8.0,False,,,False,N/A,
2026-06-09 15:43:22,VFLM 5338,12,Crystal Palace,T2,Manchester Red,T1,4.95,4.6,1.5,False,,,False,N/A,
2026-06-09 15:47:03,VFLM 5338,13,Leeds,T4,Fulham,T4,2.1,3.15,3.45,False,,,False,N/A,
2026-06-09 15:47:03,VFLM 5338,13,Manchester Blue,T1,West Ham,T1,1.45,5.0,5.25,False,,,False,N/A,
2026-06-09 15:47:03,VFLM 5338,13,Brighton,T4,Crystal Palace,T2,1.8,3.85,3.8,False,,,False,N/A,
2026-06-09 15:47:03,VFLM 5338,13,Aston Villa,T2,Bournemouth,T3,1.4,4.05,8.5,False,,,False,N/A,
2026-06-09 15:47:03,VFLM 5338,13,Wolverhampton,T3,London Guns,T3,2.8,3.6,2.25,False,,,False,N/A,
2026-06-09 15:47:03,VFLM 5338,13,Manchester Red,T1,Newcastle,T4,1.3,4.9,9.0,False,,,False,N/A,
2026-06-09 15:47:03,VFLM 5338,13,Tottenham,T2,Liverpool,T1,2.7,3.15,2.55,False,,,False,N/A,
2026-06-09 15:47:03,VFLM 5338,13,Chelsea,T2,Everton,T3,1.65,3.4,5.5,False,,,False,N/A,
2026-06-09 15:50:43,VFLM 5338,14,West Ham,T1,Wolverhampton,T3,1.8,4.7,3.2,False,,,False,N/A,
2026-06-09 15:50:43,VFLM 5338,14,London Guns,T3,Aston Villa,T2,2.05,3.55,3.2,False,,,False,N/A,
2026-06-09 15:50:43,VFLM 5338,14,Everton,T3,Leeds,T4,1.9,3.05,4.5,False,,,False,N/A,
2026-06-09 15:50:43,VFLM 5338,14,Liverpool,T1,Manchester Blue,T1,2.0,3.9,3.05,False,,,False,N/A,
2026-06-09 15:50:43,VFLM 5338,14,Newcastle,T3,Brighton,T4,2.45,3.4,2.65,False,,,False,N/A,
2026-06-09 15:50:43,VFLM 5338,14,Fulham,T4,Manchester Red,T1,5.0,3.7,1.6,False,,,False,N/A,
2026-06-09 15:50:43,VFLM 5338,14,Bournemouth,T4,Chelsea,T2,6.0,3.95,1.5,False,,,False,N/A,
2026-06-09 15:50:43,VFLM 5338,14,Crystal Palace,T2,Tottenham,T2,4.4,3.65,1.7,False,,,False,N/A,
2026-06-09 15:54:25,VFLM 5338,15,Tottenham,T3,Newcastle,T3,1.4,4.85,6.5,False,,,False,N/A,
2026-06-09 15:54:25,VFLM 5338,15,West Ham,T1,London Guns,T2,2.95,3.75,2.1,False,,,False,N/A,
2026-06-09 15:54:25,VFLM 5338,15,Chelsea,T1,Aston Villa,T2,1.9,3.35,3.85,False,,,False,N/A,
2026-06-09 15:54:25,VFLM 5338,15,Manchester Red,T2,Everton,T3,1.65,3.55,5.25,False,,,False,N/A,
2026-06-09 15:54:25,VFLM 5338,15,Brighton,T4,Fulham,T4,1.7,3.45,4.75,False,,,False,N/A,
2026-06-09 15:54:25,VFLM 5338,15,Manchester Blue,T1,Crystal Palace,T2,1.22,6.75,8.5,False,,,False,N/A,
2026-06-09 15:54:25,VFLM 5338,15,Leeds,T4,Bournemouth,T4,1.85,3.3,4.15,False,,,False,N/A,
2026-06-09 15:54:25,VFLM 5338,15,Wolverhampton,T3,Liverpool,T1,4.35,3.85,1.7,False,,,False,N/A,
2026-06-09 15:58:07,VFLM 5338,16,West Ham,T1,Liverpool,T1,3.7,3.7,1.85,False,,,False,N/A,
2026-06-09 15:58:07,VFLM 5338,16,Manchester Red,T2,Bournemouth,T4,1.3,4.8,9.0,False,,,False,N/A,
2026-06-09 15:58:07,VFLM 5338,16,Tottenham,T3,Fulham,T4,1.35,3.95,11.0,False,,,False,N/A,
2026-06-09 15:58:07,VFLM 5338,16,Brighton,T4,Everton,T3,2.4,2.85,3.2,False,,,False,N/A,
2026-06-09 15:58:07,VFLM 5338,16,Wolverhampton,T3,Crystal Palace,T2,1.8,3.85,3.8,False,,,False,N/A,
2026-06-09 15:58:07,VFLM 5338,16,Manchester Blue,T1,Newcastle,T3,1.3,5.25,8.25,False,,,False,N/A,
2026-06-09 15:58:07,VFLM 5338,16,Leeds,T4,Aston Villa,T2,4.1,3.1,1.95,False,,,False,N/A,
2026-06-09 15:58:07,VFLM 5338,16,London Guns,T2,Chelsea,T1,2.25,3.5,2.85,False,,,False,N/A,
2026-06-09 16:01:44,VFLM 5338,17,Bournemouth,T4,Brighton,T3,3.0,3.1,2.35,False,,,False,N/A,
2026-06-09 16:01:44,VFLM 5338,17,Fulham,T4,Manchester Blue,T1,4.65,4.7,1.55,False,,,False,N/A,
2026-06-09 16:01:44,VFLM 5338,17,Crystal Palace,T3,West Ham,T1,2.8,3.75,2.2,False,,,False,N/A,
2026-06-09 16:01:44,VFLM 5338,17,Chelsea,T1,Leeds,T4,1.35,4.3,9.0,False,,,False,N/A,
2026-06-09 16:01:44,VFLM 5338,17,Newcastle,T3,Wolverhampton,T4,2.5,3.75,2.45,False,,,False,N/A,
2026-06-09 16:01:44,VFLM 5338,17,Everton,T3,Tottenham,T2,2.75,3.1,2.55,False,,,False,N/A,
2026-06-09 16:01:44,VFLM 5338,17,Liverpool,T1,London Guns,T2,1.75,3.85,3.95,False,,,False,N/A,
2026-06-09 16:01:44,VFLM 5338,17,Aston Villa,T2,Manchester Red,T2,2.4,3.75,2.55,False,,,False,N/A,
2026-06-09 16:05:27,VFLM 5338,18,Brighton,T3,Aston Villa,T2,3.3,3.1,2.2,False,,,False,N/A,
2026-06-09 16:05:43,VFLM 5338,18,Liverpool,T1,Crystal Palace,T3,1.25,5.25,11.75,True,HOME WIN,4/4 (100%),True,SUCCESS,
2026-06-09 16:05:43,VFLM 5338,18,Manchester Red,T1,Chelsea,T1,2.0,3.45,3.45,False,,,False,N/A,
2026-06-09 16:05:43,VFLM 5338,18,London Guns,T2,Leeds,T4,1.5,4.05,6.25,False,,,False,N/A,
2026-06-09 16:05:43,VFLM 5338,18,Manchester Blue,T1,Everton,T3,1.45,4.6,6.25,False,,,False,N/A,
2026-06-09 16:05:43,VFLM 5338,18,Wolverhampton,T4,Fulham,T4,1.75,3.65,4.25,False,,,False,N/A,
2026-06-09 16:05:43,VFLM 5338,18,Tottenham,T2,Bournemouth,T4,1.35,4.8,8.25,False,,,False,N/A,
2026-06-09 16:05:43,VFLM 5338,18,West Ham,T2,Newcastle,T3,1.6,4.6,4.35,False,,,False,N/A,
2026-06-09 16:09:05,VFLM 5338,19,Aston Villa,T2,Tottenham,T2,2.1,3.15,3.45,False,,,False,N/A,
2026-06-09 16:09:05,VFLM 5338,19,Chelsea,T1,Brighton,T3,1.55,3.95,5.25,False,,,False,N/A,
2026-06-09 16:09:05,VFLM 5338,19,Crystal Palace,T3,London Guns,T2,3.65,3.85,1.85,False,,,False,N/A,
2026-06-09 16:09:05,VFLM 5338,19,Bournemouth,T4,Manchester Blue,T1,5.5,4.65,1.45,False,,,False,N/A,
2026-06-09 16:09:05,VFLM 5338,19,Leeds,T4,Manchester Red,T1,5.5,3.45,1.65,False,,,False,N/A,
2026-06-09 16:09:05,VFLM 5338,19,Fulham,T4,West Ham,T2,3.0,3.5,2.15,False,,,False,N/A,
2026-06-09 16:09:05,VFLM 5338,19,Newcastle,T4,Liverpool,T1,5.5,3.8,1.6,False,,,False,N/A,
2026-06-09 16:09:05,VFLM 5338,19,Everton,T3,Wolverhampton,T3,1.9,3.6,3.7,False,,,False,N/A,
2026-06-09 16:12:46,VFLM 5338,20,Liverpool,T1,Fulham,T4,1.3,4.7,11.25,False,,,False,N/A,
2026-06-09 16:12:46,VFLM 5338,20,Manchester Blue,T1,Aston Villa,T2,1.75,4.0,3.8,False,,,False,N/A,
2026-06-09 16:12:46,VFLM 5338,20,London Guns,T2,Manchester Red,T1,2.4,3.55,2.65,False,,,False,N/A,
2026-06-09 16:12:46,VFLM 5338,20,Tottenham,T2,Chelsea,T1,2.3,4.25,2.45,False,,,False,N/A,
2026-06-09 16:12:46,VFLM 5338,20,Brighton,T3,Leeds,T4,1.85,3.2,4.3,False,,,False,N/A,
2026-06-09 16:12:46,VFLM 5338,20,West Ham,T2,Everton,T3,2.15,3.3,3.2,False,,,False,N/A,
2026-06-09 16:12:46,VFLM 5338,20,Crystal Palace,T3,Newcastle,T4,2.3,3.35,2.85,False,,,False,N/A,
2026-06-09 16:12:46,VFLM 5338,20,Wolverhampton,T3,Bournemouth,T4,1.55,4.4,4.7,False,,,False,N/A,
2026-06-09 16:16:24,VFLM 5338,21,Chelsea,T1,Manchester Blue,T1,2.05,4.35,2.75,False,,,False,N/A,
2026-06-09 16:16:24,VFLM 5338,21,Bournemouth,T4,West Ham,T2,3.25,3.35,2.1,False,,,False,N/A,
2026-06-09 16:16:24,VFLM 5338,21,Manchester Red,T1,Brighton,T3,1.5,3.55,7.25,False,,,False,N/A,
2026-06-09 16:16:24,VFLM 5338,21,Aston Villa,T2,Wolverhampton,T3,1.55,4.05,5.25,False,,,False,N/A,
2026-06-09 16:16:24,VFLM 5338,21,Everton,T3,Liverpool,T1,3.8,3.0,2.05,False,,,False,N/A,
2026-06-09 16:16:24,VFLM 5338,21,Newcastle,T4,London Guns,T2,3.2,3.9,1.95,False,,,False,N/A,
2026-06-09 16:16:24,VFLM 5338,21,Leeds,T4,Tottenham,T2,4.15,3.3,1.85,False,,,False,N/A,
2026-06-09 16:16:24,VFLM 5338,21,Fulham,T4,Crystal Palace,T3,2.3,3.3,2.95,False,,,False,N/A,
2026-06-09 16:20:08,VFLM 5338,22,Wolverhampton,T3,Chelsea,T2,3.55,4.25,1.8,False,,,False,N/A,
2026-06-09 16:20:08,VFLM 5338,22,Newcastle,T4,Fulham,T4,1.95,3.6,3.45,False,,,False,N/A,
2026-06-09 16:20:08,VFLM 5338,22,Crystal Palace,T3,Everton,T3,3.0,3.3,2.25,False,,,False,N/A,
2026-06-09 16:20:24,VFLM 5338,22,Manchester Blue,T1,Leeds,T4,1.3,4.95,8.5,True,HOME WIN,5/5 (100%),True,SUCCESS,
2026-06-09 16:20:24,VFLM 5338,22,London Guns,T2,Brighton,T3,1.5,4.3,5.5,False,,,False,N/A,
2026-06-09 16:20:24,VFLM 5338,22,Liverpool,T1,Bournemouth,T4,1.25,5.5,10.25,False,,,False,N/A,
2026-06-09 16:20:24,VFLM 5338,22,West Ham,T2,Aston Villa,T2,3.0,3.55,2.15,False,,,False,N/A,
2026-06-09 16:20:24,VFLM 5338,22,Tottenham,T1,Manchester Red,T1,2.4,3.7,2.55,False,,,False,N/A,
2026-06-09 16:23:46,VFLM 5338,23,Leeds,T4,Wolverhampton,T3,2.5,3.35,2.6,False,,,False,N/A,
2026-06-09 16:23:46,VFLM 5338,23,Everton,T3,Newcastle,T4,1.65,3.5,5.25,False,,,False,N/A,
2026-06-09 16:23:46,VFLM 5338,23,Chelsea,T2,West Ham,T2,1.65,4.0,4.55,False,,,False,N/A,
2026-06-09 16:23:46,VFLM 5338,23,Manchester Red,T1,Manchester Blue,T1,2.35,3.65,2.6,False,,,False,N/A,
2026-06-09 16:23:46,VFLM 5338,23,Brighton,T3,Tottenham,T1,3.1,3.3,2.2,False,,,False,N/A,
2026-06-09 16:23:46,VFLM 5338,23,Bournemouth,T4,Crystal Palace,T3,2.4,3.1,2.95,False,,,False,N/A,
2026-06-09 16:23:46,VFLM 5338,23,Aston Villa,T2,Liverpool,T1,2.45,3.3,2.7,False,,,False,N/A,
2026-06-09 16:23:46,VFLM 5338,23,Fulham,T4,London Guns,T2,3.9,3.45,1.85,False,,,False,N/A,
2026-06-09 16:27:28,VFLM 5338,24,Fulham,T4,Everton,T3,4.55,3.0,1.9,False,,,False,N/A,
2026-06-09 16:27:28,VFLM 5338,24,London Guns,T2,Tottenham,T1,1.95,4.05,3.15,False,,,False,N/A,
2026-06-09 16:27:28,VFLM 5338,24,Manchester Blue,T1,Brighton,T4,1.35,4.7,7.25,False,,,False,N/A,
2026-06-09 16:27:28,VFLM 5338,24,Liverpool,T1,Chelsea,T2,2.15,3.75,2.9,False,,,False,N/A,
2026-06-09 16:27:28,VFLM 5338,24,Wolverhampton,T3,Manchester Red,T1,3.85,3.7,1.8,False,,,False,N/A,
2026-06-09 16:27:28,VFLM 5338,24,Crystal Palace,T3,Aston Villa,T2,4.4,3.45,1.8,False,,,False,N/A,
2026-06-09 16:27:28,VFLM 5338,24,Newcastle,T3,Bournemouth,T4,1.8,3.65,4.0,False,,,False,N/A,
2026-06-09 16:27:28,VFLM 5338,24,West Ham,T2,Leeds,T4,1.8,3.5,4.25,False,,,False,N/A,
2026-06-09 16:31:07,VFLM 5338,25,Chelsea,T2,Crystal Palace,T3,1.3,5.0,9.0,False,,,False,N/A,
2026-06-09 16:31:07,VFLM 5338,25,Brighton,T4,Wolverhampton,T3,1.9,3.85,3.35,False,,,False,N/A,
2026-06-09 16:31:07,VFLM 5338,25,Everton,T3,London Guns,T2,2.75,3.2,2.5,False,,,False,N/A,
2026-06-09 16:31:07,VFLM 5338,25,Leeds,T4,Liverpool,T1,5.75,3.4,1.65,False,,,False,N/A,
2026-06-09 16:31:07,VFLM 5338,25,Manchester Red,T1,West Ham,T2,1.45,4.6,6.0,False,,,False,N/A,
2026-06-09 16:31:07,VFLM 5338,25,Tottenham,T1,Manchester Blue,T1,2.4,3.8,2.5,False,,,False,N/A,
2026-06-09 16:31:07,VFLM 5338,25,Aston Villa,T2,Newcastle,T3,1.4,4.65,6.25,False,,,False,N/A,
2026-06-09 16:31:07,VFLM 5338,25,Bournemouth,T4,Fulham,T4,2.35,3.15,2.95,False,,,False,N/A,
2026-06-09 16:34:45,VFLM 5338,26,West Ham,T2,Brighton,T3,2.05,3.2,3.6,False,,,False,N/A,
2026-06-09 16:34:45,VFLM 5338,26,London Guns,T2,Manchester Blue,T1,2.3,4.4,2.4,False,,,False,N/A,
2026-06-09 16:34:45,VFLM 5338,26,Fulham,T4,Aston Villa,T2,4.85,3.5,1.7,False,,,False,N/A,
2026-06-09 16:34:45,VFLM 5338,26,Crystal Palace,T3,Leeds,T4,2.25,3.15,3.1,False,,,False,N/A,
2026-06-09 16:34:45,VFLM 5338,26,Newcastle,T4,Chelsea,T2,5.0,4.05,1.6,False,,,False,N/A,
2026-06-09 16:34:45,VFLM 5338,26,Liverpool,T1,Manchester Red,T1,2.05,3.75,3.1,False,,,False,N/A,
2026-06-09 16:34:45,VFLM 5338,26,Everton,T3,Bournemouth,T4,1.65,3.25,6.0,False,,,False,N/A,
2026-06-09 16:34:45,VFLM 5338,26,Wolverhampton,T3,Tottenham,T1,3.1,4.15,1.95,False,,,False,N/A,
2026-06-09 16:38:24,VFLM 5338,27,Brighton,T3,Liverpool,T1,3.85,3.25,1.95,False,,,False,N/A,
2026-06-09 16:38:24,VFLM 5338,27,Bournemouth,T4,London Guns,T2,3.7,3.95,1.8,False,,,False,N/A,
2026-06-09 16:38:24,VFLM 5338,27,Manchester Red,T1,Crystal Palace,T3,1.25,5.5,10.0,False,,,False,N/A,
2026-06-09 16:38:24,VFLM 5338,27,Chelsea,T2,Fulham,T4,1.3,4.55,10.75,False,,,False,N/A,
2026-06-09 16:38:24,VFLM 5338,27,Leeds,T4,Newcastle,T4,2.05,3.25,3.45,False,,,False,N/A,
2026-06-09 16:38:24,VFLM 5338,27,Tottenham,T1,West Ham,T2,1.6,3.95,4.7,False,,,False,N/A,
2026-06-09 16:38:24,VFLM 5338,27,Manchester Blue,T1,Wolverhampton,T3,1.3,6.0,6.5,False,,,False,N/A,
2026-06-09 16:38:24,VFLM 5338,27,Aston Villa,T2,Everton,T3,1.95,2.9,4.55,False,,,False,N/A,
2026-06-09 16:42:08,VFLM 5338,28,Bournemouth,T4,Aston Villa,T2,4.6,3.9,1.65,False,,,False,N/A,
2026-06-09 16:42:08,VFLM 5338,28,London Guns,T2,Wolverhampton,T3,1.5,4.95,4.85,False,,,False,N/A,
2026-06-09 16:42:08,VFLM 5338,28,Newcastle,T4,Manchester Red,T1,5.25,3.8,1.6,False,,,False,N/A,
2026-06-09 16:42:08,VFLM 5338,28,Liverpool,T1,Tottenham,T1,1.7,4.35,3.95,False,,,False,N/A,
2026-06-09 16:42:08,VFLM 5338,28,Everton,T3,Chelsea,T2,3.1,3.25,2.2,False,,,False,N/A,
2026-06-09 16:42:24,VFLM 5338,28,Fulham,T4,Leeds,T4,2.7,2.85,2.8,True,HOME WIN,4/4 (100%),True,SUCCESS,
2026-06-09 16:42:24,VFLM 5338,28,West Ham,T2,Manchester Blue,T1,4.15,4.05,1.7,False,,,False,N/A,
2026-06-09 16:42:24,VFLM 5338,28,Crystal Palace,T3,Brighton,T3,2.45,3.35,2.7,False,,,False,N/A,
2026-06-09 16:45:48,VFLM 5338,29,Manchester Red,T1,Fulham,T4,1.3,4.8,9.5,False,,,False,N/A,
2026-06-09 16:45:48,VFLM 5338,29,Chelsea,T2,Bournemouth,T4,1.25,6.25,8.25,False,,,False,N/A,
2026-06-09 16:45:48,VFLM 5338,29,Tottenham,T1,Crystal Palace,T3,1.4,4.8,6.75,False,,,False,N/A,
2026-06-09 16:45:48,VFLM 5338,29,Wolverhampton,T3,West Ham,T2,2.15,4.2,2.7,False,,,False,N/A,
2026-06-09 16:45:48,VFLM 5338,29,Aston Villa,T2,London Guns,T3,2.2,3.15,3.25,False,,,False,N/A,
2026-06-09 16:45:48,VFLM 5338,29,Leeds,T4,Everton,T2,3.25,2.65,2.55,False,,,False,N/A,
2026-06-09 16:45:48,VFLM 5338,29,Manchester Blue,T1,Liverpool,T1,2.05,3.85,3.0,False,,,False,N/A,
2026-06-09 16:45:48,VFLM 5338,29,Brighton,T3,Newcastle,T4,1.9,3.15,4.25,False,,,False,N/A,
2026-06-09 16:49:29,VFLM 5338,30,Everton,T2,Manchester Red,T1,3.75,3.2,2.0,False,,,False,N/A,
2026-06-09 16:49:29,VFLM 5338,30,Fulham,T4,Brighton,T3,2.9,3.55,2.2,False,,,False,N/A,
2026-06-09 16:49:29,VFLM 5338,30,Crystal Palace,T3,Manchester Blue,T1,5.0,3.95,1.6,False,,,False,N/A,
2026-06-09 16:49:29,VFLM 5338,30,Bournemouth,T4,Leeds,T4,2.55,3.0,2.8,False,,,False,N/A,
2026-06-09 16:49:29,VFLM 5338,30,Liverpool,T1,Wolverhampton,T3,1.4,4.35,8.0,False,,,False,N/A,
2026-06-09 16:49:29,VFLM 5338,30,Newcastle,T4,Tottenham,T1,3.5,4.1,1.8,False,,,False,N/A,
2026-06-09 16:49:29,VFLM 5338,30,London Guns,T2,West Ham,T3,1.7,3.95,4.15,False,,,False,N/A,
2026-06-09 16:49:29,VFLM 5338,30,Aston Villa,T2,Chelsea,T2,2.4,3.35,2.7,False,,,False,N/A,
2026-06-09 16:53:04,VFLM 5338,1,Manchester Blue,T0,Crystal Palace,T0,1.22,6.75,8.5,False,,,False,N/A,
2026-06-09 16:53:04,VFLM 5338,1,Tottenham,T0,Wolverhampton,T0,1.5,4.45,5.0,False,,,False,N/A,
2026-06-09 16:53:04,VFLM 5338,1,Manchester Red,T0,Bournemouth,T0,1.3,4.8,9.0,False,,,False,N/A,
2026-06-09 16:53:04,VFLM 5338,1,Brighton,T0,Leeds,T0,1.85,3.2,4.35,False,,,False,N/A,
2026-06-09 16:53:04,VFLM 5338,1,London Guns,T0,Chelsea,T0,2.25,3.5,2.85,False,,,False,N/A,
2026-06-09 16:53:04,VFLM 5338,1,Fulham,T0,Aston Villa,T0,4.85,3.5,1.7,False,,,False,N/A,
2026-06-09 16:53:04,VFLM 5338,1,Newcastle,T0,West Ham,T0,2.65,3.75,2.3,False,,,False,N/A,
2026-06-09 16:53:04,VFLM 5338,1,Liverpool,T0,Everton,T0,1.55,3.65,6.5,False,,,False,N/A,
2026-06-09 16:56:59,VFLM 5339,1,Manchester Blue,T0,Crystal Palace,T0,1.22,6.75,8.5,False,,,False,N/A,
2026-06-09 16:56:59,VFLM 5339,1,Tottenham,T0,Wolverhampton,T0,1.5,4.45,5.0,False,,,False,N/A,
2026-06-09 16:56:59,VFLM 5339,1,Manchester Red,T0,Bournemouth,T0,1.3,4.8,9.0,False,,,False,N/A,
2026-06-09 16:56:59,VFLM 5339,1,Brighton,T0,Leeds,T0,1.85,3.2,4.35,False,,,False,N/A,
2026-06-09 16:56:59,VFLM 5339,1,London Guns,T0,Chelsea,T0,2.25,3.5,2.85,False,,,False,N/A,
2026-06-09 16:56:59,VFLM 5339,1,Fulham,T0,Aston Villa,T0,4.85,3.5,1.7,False,,,False,N/A,
2026-06-09 16:56:59,VFLM 5339,1,Newcastle,T0,West Ham,T0,2.65,3.75,2.3,False,,,False,N/A,
2026-06-09 16:56:59,VFLM 5339,1,Liverpool,T0,Everton,T0,1.55,3.65,6.5,False,,,False,N/A,
2026-06-09 16:58:41,VFLM 5339,2,Chelsea,T0,Tottenham,T0,1.95,3.25,3.85,False,,,False,N/A,
2026-06-09 16:58:41,VFLM 5339,2,West Ham,T0,London Guns,T0,2.9,3.75,2.15,False,,,False,N/A,
2026-06-09 16:58:41,VFLM 5339,2,Crystal Palace,T0,Fulham,T0,2.15,3.45,3.05,False,,,False,N/A,
2026-06-09 16:58:41,VFLM 5339,2,Leeds,T0,Liverpool,T0,5.75,3.4,1.65,False,,,False,N/A,
2026-06-09 16:58:41,VFLM 5339,2,Wolverhampton,T0,Manchester Red,T0,3.85,3.7,1.8,False,,,False,N/A,
2026-06-09 16:58:41,VFLM 5339,2,Everton,T0,Manchester Blue,T0,3.2,3.35,2.15,False,,,False,N/A,
2026-06-09 16:58:41,VFLM 5339,2,Aston Villa,T0,Newcastle,T0,1.4,4.65,6.25,False,,,False,N/A,
2026-06-09 16:58:41,VFLM 5339,2,Bournemouth,T0,Brighton,T0,3.0,3.05,2.35,False,,,False,N/A,
2026-06-09 17:02:22,VFLM 5339,3,Fulham,T4,Everton,T3,4.55,3.0,1.9,False,,,False,N/A,
2026-06-09 17:02:22,VFLM 5339,3,London Guns,T2,Aston Villa,T1,2.05,3.55,3.2,False,,,False,N/A,
2026-06-09 17:02:22,VFLM 5339,3,Manchester Blue,T1,Leeds,T4,1.3,4.95,8.5,False,,,False,N/A,
2026-06-09 17:02:22,VFLM 5339,3,Tottenham,T1,West Ham,T3,1.65,3.95,4.65,False,,,False,N/A,
2026-06-09 17:02:22,VFLM 5339,3,Liverpool,T2,Brighton,T1,1.4,5.25,6.0,False,,,False,N/A,
2026-06-09 17:02:22,VFLM 5339,3,Manchester Red,T2,Chelsea,T3,2.0,3.45,3.45,False,,,False,N/A,
2026-06-09 17:02:22,VFLM 5339,3,Wolverhampton,T3,Bournemouth,T4,1.55,4.4,4.7,False,,,False,N/A,
2026-06-09 17:02:22,VFLM 5339,3,Newcastle,T2,Crystal Palace,T4,2.05,3.85,3.05,False,,,False,N/A,
2026-06-09 17:06:04,VFLM 5339,4,Everton,T2,Newcastle,T1,1.65,3.5,5.25,False,,,False,N/A,
2026-06-09 17:06:04,VFLM 5339,4,Aston Villa,T2,Tottenham,T2,2.1,3.15,3.45,False,,,False,N/A,
2026-06-09 17:06:04,VFLM 5339,4,West Ham,T4,Manchester Red,T1,3.85,3.4,1.9,False,,,False,N/A,
2026-06-09 17:06:04,VFLM 5339,4,Bournemouth,T3,Liverpool,T3,5.75,4.05,1.5,False,,,False,N/A,
2026-06-09 17:06:04,VFLM 5339,4,Crystal Palace,T4,London Guns,T1,3.65,3.85,1.85,False,,,False,N/A,
2026-06-09 17:06:04,VFLM 5339,4,Chelsea,T3,Wolverhampton,T4,1.45,5.0,5.25,False,,,False,N/A,
2026-06-09 17:06:04,VFLM 5339,4,Leeds,T3,Fulham,T4,2.1,3.15,3.5,False,,,False,N/A,
2026-06-09 17:06:04,VFLM 5339,4,Brighton,T1,Manchester Blue,T2,4.15,3.6,1.8,False,,,False,N/A,
2026-06-09 17:09:45,VFLM 5339,5,Newcastle,T2,Leeds,T4,2.5,3.05,2.8,False,,,False,N/A,
2026-06-09 17:09:45,VFLM 5339,5,Manchester Blue,T1,Liverpool,T2,2.05,3.85,3.0,False,,,False,N/A,
2026-06-09 17:09:45,VFLM 5339,5,London Guns,T1,Everton,T1,1.65,3.95,4.45,False,,,False,N/A,
2026-06-09 17:09:45,VFLM 5339,5,Fulham,T4,Brighton,T2,2.9,3.55,2.2,False,,,False,N/A,
2026-06-09 17:09:45,VFLM 5339,5,Tottenham,T3,Crystal Palace,T3,1.4,4.8,6.5,False,,,False,N/A,
2026-06-09 17:09:45,VFLM 5339,5,Chelsea,T3,Bournemouth,T4,1.25,6.25,8.25,False,,,False,N/A,
2026-06-09 17:09:45,VFLM 5339,5,Manchester Red,T1,Aston Villa,T2,1.9,3.4,3.9,False,,,False,N/A,
2026-06-09 17:09:45,VFLM 5339,5,Wolverhampton,T3,West Ham,T4,2.15,4.15,2.7,False,,,False,N/A,
2026-06-09 17:13:22,VFLM 5339,6,Liverpool,T2,Fulham,T4,1.3,4.65,11.25,False,,,False,N/A,
2026-06-09 17:13:22,VFLM 5339,6,Crystal Palace,T3,Manchester Red,T1,5.0,4.55,1.5,False,,,False,N/A,
2026-06-09 17:13:22,VFLM 5339,6,Leeds,T3,London Guns,T1,3.9,3.25,1.95,False,,,False,N/A,
2026-06-09 17:13:22,VFLM 5339,6,West Ham,T4,Chelsea,T2,3.3,4.1,1.85,False,,,False,N/A,
2026-06-09 17:13:22,VFLM 5339,6,Everton,T1,Tottenham,T3,2.75,3.1,2.55,False,,,False,N/A,
2026-06-09 17:13:22,VFLM 5339,6,Brighton,T3,Newcastle,T2,1.9,3.15,4.2,False,,,False,N/A,
2026-06-09 17:13:22,VFLM 5339,6,Bournemouth,T4,Manchester Blue,T1,5.5,4.65,1.45,False,,,False,N/A,
2026-06-09 17:13:22,VFLM 5339,6,Aston Villa,T2,Wolverhampton,T4,1.55,4.1,5.25,False,,,False,N/A,
2026-06-09 17:17:05,VFLM 5339,7,London Guns,T1,Brighton,T3,1.5,4.35,5.5,False,,,False,N/A,
2026-06-09 17:17:05,VFLM 5339,7,Tottenham,T2,Leeds,T4,1.5,3.9,6.5,False,,,False,N/A,
2026-06-09 17:17:05,VFLM 5339,7,Chelsea,T2,Aston Villa,T3,1.9,3.4,3.85,False,,,False,N/A,
2026-06-09 17:17:05,VFLM 5339,7,Manchester Red,T1,Everton,T1,1.65,3.55,5.25,False,,,False,N/A,
2026-06-09 17:17:05,VFLM 5339,7,Fulham,T4,Manchester Blue,T1,4.55,4.75,1.55,False,,,False,N/A,
2026-06-09 17:17:05,VFLM 5339,7,Newcastle,T2,Liverpool,T2,5.5,3.85,1.55,False,,,False,N/A,
2026-06-09 17:17:05,VFLM 5339,7,Wolverhampton,T4,Crystal Palace,T3,1.8,3.9,3.8,False,,,False,N/A,
2026-06-09 17:17:05,VFLM 5339,7,West Ham,T3,Bournemouth,T4,1.6,4.05,4.9,False,,,False,N/A,
2026-06-09 17:20:42,VFLM 5339,8,Bournemouth,T4,Fulham,T4,2.35,3.15,3.0,False,,,False,N/A,
2026-06-09 17:20:42,VFLM 5339,8,Everton,T2,Wolverhampton,T4,1.9,3.6,3.65,False,,,False,N/A,
2026-06-09 17:20:42,VFLM 5339,8,Manchester Blue,T1,Newcastle,T2,1.3,5.25,8.25,False,,,False,N/A,
2026-06-09 17:20:42,VFLM 5339,8,Leeds,T4,Manchester Red,T1,5.5,3.45,1.65,False,,,False,N/A,
2026-06-09 17:20:42,VFLM 5339,8,Crystal Palace,T3,Chelsea,T1,6.0,4.15,1.5,False,,,False,N/A,
2026-06-09 17:20:42,VFLM 5339,8,Aston Villa,T3,West Ham,T3,1.7,3.95,4.25,False,,,False,N/A,
2026-06-09 17:20:42,VFLM 5339,8,Liverpool,T2,London Guns,T1,1.75,3.9,3.95,False,,,False,N/A,
2026-06-09 17:20:42,VFLM 5339,8,Brighton,T3,Tottenham,T2,3.1,3.3,2.2,False,,,False,N/A,
2026-06-09 17:24:23,VFLM 5339,9,Tottenham,T2,Liverpool,T2,2.7,3.2,2.55,False,,,False,N/A,
2026-06-09 17:24:23,VFLM 5339,9,London Guns,T1,Manchester Blue,T1,2.3,4.4,2.4,False,,,False,N/A,
2026-06-09 17:24:23,VFLM 5339,9,Wolverhampton,T4,Leeds,T4,1.95,3.55,3.5,False,,,False,N/A,
2026-06-09 17:24:23,VFLM 5339,9,Newcastle,T2,Fulham,T4,1.95,3.6,3.45,False,,,False,N/A,
2026-06-09 17:24:23,VFLM 5339,9,Aston Villa,T3,Bournemouth,T3,1.4,4.05,8.5,False,,,False,N/A,
2026-06-09 17:24:23,VFLM 5339,9,West Ham,T4,Crystal Palace,T3,1.6,3.9,4.85,False,,,False,N/A,
2026-06-09 17:24:23,VFLM 5339,9,Manchester Red,T1,Brighton,T3,1.5,3.55,7.25,False,,,False,N/A,
2026-06-09 17:24:23,VFLM 5339,9,Chelsea,T1,Everton,T2,1.65,3.4,5.5,False,,,False,N/A,
2026-06-09 17:28:05,VFLM 5339,10,Fulham,T4,London Guns,T1,3.85,3.5,1.85,False,,,False,N/A,
2026-06-09 17:28:05,VFLM 5339,10,Liverpool,T2,Manchester Red,T1,2.0,3.8,3.1,False,,,False,N/A,
2026-06-09 17:28:05,VFLM 5339,10,Everton,T2,West Ham,T4,2.25,3.75,2.7,False,,,False,N/A,
2026-06-09 17:28:05,VFLM 5339,10,Bournemouth,T3,Newcastle,T2,2.65,3.05,2.65,False,,,False,N/A,
2026-06-09 17:28:05,VFLM 5339,10,Brighton,T3,Wolverhampton,T4,1.9,3.9,3.3,False,,,False,N/A,
2026-06-09 17:28:05,VFLM 5339,10,Leeds,T4,Chelsea,T1,6.0,3.45,1.6,False,,,False,N/A,
2026-06-09 17:28:05,VFLM 5339,10,Crystal Palace,T3,Aston Villa,T3,4.45,3.4,1.8,False,,,False,N/A,
2026-06-09 17:28:05,VFLM 5339,10,Manchester Blue,T2,Tottenham,T1,1.7,4.2,4.0,False,,,False,N/A,
2026-06-09 17:31:42,VFLM 5339,11,Chelsea,T1,Brighton,T3,1.55,4.0,5.25,False,,,False,N/A,
2026-06-09 17:31:42,VFLM 5339,11,London Guns,T1,Newcastle,T1,1.55,3.9,6.0,False,,,False,N/A,
2026-06-09 17:31:42,VFLM 5339,11,Aston Villa,T3,Everton,T2,1.95,2.9,4.6,False,,,False,N/A,
2026-06-09 17:31:42,VFLM 5339,11,West Ham,T4,Leeds,T4,1.8,3.5,4.25,False,,,False,N/A,
2026-06-09 17:31:42,VFLM 5339,11,Crystal Palace,T3,Bournemouth,T3,2.05,3.4,3.4,False,,,False,N/A,
2026-06-09 17:31:42,VFLM 5339,11,Tottenham,T2,Fulham,T4,1.35,3.95,11.0,False,,,False,N/A,
2026-06-09 17:31:42,VFLM 5339,11,Wolverhampton,T4,Liverpool,T2,4.35,3.8,1.7,False,,,False,N/A,
2026-06-09 17:31:42,VFLM 5339,11,Manchester Red,T1,Manchester Blue,T2,2.35,3.65,2.6,False,,,False,N/A,
2026-06-09 17:35:24,VFLM 5339,12,Newcastle,T1,Tottenham,T2,3.5,4.15,1.8,False,,,False,N/A,
2026-06-09 17:35:24,VFLM 5339,12,Brighton,T3,West Ham,T3,2.15,3.65,2.95,False,,,False,N/A,
2026-06-09 17:35:24,VFLM 5339,12,Bournemouth,T3,London Guns,T1,3.7,3.95,1.8,False,,,False,N/A,
2026-06-09 17:35:24,VFLM 5339,12,Liverpool,T2,Chelsea,T2,2.15,3.75,2.9,False,,,False,N/A,
2026-06-09 17:35:24,VFLM 5339,12,Fulham,T4,Manchester Red,T1,5.0,3.7,1.6,False,,,False,N/A,
2026-06-09 17:35:24,VFLM 5339,12,Manchester Blue,T1,Wolverhampton,T4,1.3,5.75,6.5,False,,,False,N/A,
2026-06-09 17:35:24,VFLM 5339,12,Leeds,T4,Aston Villa,T3,4.1,3.1,1.95,False,,,False,N/A,
2026-06-09 17:35:24,VFLM 5339,12,Everton,T2,Crystal Palace,T4,1.65,3.35,5.75,False,,,False,N/A,
2026-06-09 17:39:05,VFLM 5339,13,Wolverhampton,T4,Fulham,T4,1.75,3.65,4.25,False,,,False,N/A,
2026-06-09 17:39:05,VFLM 5339,13,Crystal Palace,T4,Leeds,T4,2.25,3.15,3.1,False,,,False,N/A,
2026-06-09 17:39:05,VFLM 5339,13,West Ham,T3,Liverpool,T1,3.65,3.75,1.85,False,,,False,N/A,
2026-06-09 17:39:05,VFLM 5339,13,Tottenham,T2,London Guns,T2,2.05,3.35,3.45,False,,,False,N/A,
2026-06-09 17:39:05,VFLM 5339,13,Everton,T2,Bournemouth,T3,1.65,3.25,6.0,False,,,False,N/A,
2026-06-09 17:39:05,VFLM 5339,13,Chelsea,T2,Manchester Blue,T1,2.05,4.35,2.8,False,,,False,N/A,
2026-06-09 17:39:05,VFLM 5339,13,Aston Villa,T3,Brighton,T3,1.65,3.2,6.0,False,,,False,N/A,
2026-06-09 17:39:05,VFLM 5339,13,Manchester Red,T1,Newcastle,T1,1.3,4.9,9.0,False,,,False,N/A,
2026-06-09 17:42:43,VFLM 5339,14,Manchester Blue,T1,West Ham,T3,1.45,5.0,5.5,False,,,False,N/A,
2026-06-09 17:42:43,VFLM 5339,14,Fulham,T4,Chelsea,T2,5.75,4.1,1.5,False,,,False,N/A,
2026-06-09 17:42:43,VFLM 5339,14,London Guns,T1,Manchester Red,T1,2.35,3.55,2.65,False,,,False,N/A,
2026-06-09 17:42:43,VFLM 5339,14,Liverpool,T2,Aston Villa,T3,1.8,3.3,4.4,False,,,False,N/A,
2026-06-09 17:42:43,VFLM 5339,14,Leeds,T4,Everton,T2,3.25,2.65,2.55,False,,,False,N/A,
2026-06-09 17:42:43,VFLM 5339,14,Bournemouth,T4,Tottenham,T2,4.8,3.45,1.7,False,,,False,N/A,
2026-06-09 17:42:43,VFLM 5339,14,Newcastle,T1,Wolverhampton,T4,2.5,3.7,2.45,False,,,False,N/A,
2026-06-09 17:42:43,VFLM 5339,14,Brighton,T3,Crystal Palace,T3,1.8,3.9,3.8,False,,,False,N/A,
2026-06-09 17:46:25,VFLM 5339,15,Aston Villa,T3,Manchester Blue,T2,2.5,3.8,2.4,False,,,False,N/A,
2026-06-09 17:46:25,VFLM 5339,15,Leeds,T4,Bournemouth,T4,1.85,3.35,4.1,False,,,False,N/A,
2026-06-09 17:46:25,VFLM 5339,15,Manchester Red,T1,Tottenham,T1,1.75,3.8,4.1,False,,,False,N/A,
2026-06-09 17:46:25,VFLM 5339,15,Chelsea,T2,Newcastle,T2,1.35,5.25,7.25,False,,,False,N/A,
2026-06-09 17:46:25,VFLM 5339,15,West Ham,T3,Fulham,T4,1.6,3.5,5.75,False,,,False,N/A,
2026-06-09 17:46:25,VFLM 5339,15,Crystal Palace,T3,Liverpool,T1,4.65,4.1,1.6,False,,,False,N/A,
2026-06-09 17:46:25,VFLM 5339,15,Wolverhampton,T4,London Guns,T1,2.8,3.6,2.25,False,,,False,N/A,
2026-06-09 17:46:25,VFLM 5339,15,Everton,T2,Brighton,T3,2.05,3.1,3.75,False,,,False,N/A,
2026-06-09 17:50:02,VFLM 5339,16,Everton,T1,Liverpool,T2,3.85,3.0,2.05,False,,,False,N/A,
2026-06-09 17:50:02,VFLM 5339,16,Crystal Palace,T3,Manchester Blue,T2,5.0,3.9,1.6,False,,,False,N/A,
2026-06-09 17:50:02,VFLM 5339,16,Wolverhampton,T4,Tottenham,T1,3.1,4.15,1.95,False,,,False,N/A,
2026-06-09 17:50:02,VFLM 5339,16,Bournemouth,T4,Manchester Red,T1,6.0,3.65,1.55,False,,,False,N/A,
2026-06-09 17:50:02,VFLM 5339,16,Leeds,T4,Brighton,T3,3.1,2.7,2.6,False,,,False,N/A,
2026-06-09 17:50:02,VFLM 5339,16,Chelsea,T2,London Guns,T2,1.8,3.95,3.7,False,,,False,N/A,
2026-06-09 17:50:02,VFLM 5339,16,Aston Villa,T3,Fulham,T4,1.45,3.85,7.25,False,,,False,N/A,
2026-06-09 17:50:02,VFLM 5339,16,West Ham,T3,Newcastle,T1,1.55,4.65,4.35,False,,,False,N/A,
2026-06-09 17:53:45,VFLM 5339,17,London Guns,T2,West Ham,T4,1.7,3.95,4.15,False,,,False,N/A,
2026-06-09 17:53:45,VFLM 5339,17,Fulham,T4,Crystal Palace,T3,2.3,3.3,2.95,False,,,False,N/A,
2026-06-09 17:53:45,VFLM 5339,17,Liverpool,T1,Leeds,T4,1.4,3.8,9.25,False,,,False,N/A,
2026-06-09 17:53:45,VFLM 5339,17,Manchester Red,T1,Wolverhampton,T4,1.4,4.35,7.0,False,,,False,N/A,
2026-06-09 17:53:45,VFLM 5339,17,Manchester Blue,T2,Everton,T1,1.45,4.65,6.25,False,,,False,N/A,
2026-06-09 17:53:45,VFLM 5339,17,Newcastle,T2,Aston Villa,T3,3.9,3.35,1.9,False,,,False,N/A,
2026-06-09 17:53:45,VFLM 5339,17,Brighton,T3,Bournemouth,T3,1.85,3.3,4.3,False,,,False,N/A,
2026-06-09 17:53:45,VFLM 5339,17,Tottenham,T2,Chelsea,T1,2.3,4.25,2.45,False,,,False,N/A,
2026-06-09 17:57:28,VFLM 5339,18,Crystal Palace,T3,Newcastle,T2,2.3,3.35,2.85,False,,,False,N/A,
2026-06-09 17:57:28,VFLM 5339,18,Everton,T2,Fulham,T4,1.7,3.3,5.25,False,,,False,N/A,
2026-06-09 17:57:28,VFLM 5339,18,Aston Villa,T3,London Guns,T1,2.2,3.15,3.2,False,,,False,N/A,
2026-06-09 17:57:28,VFLM 5339,18,Leeds,T4,Manchester Blue,T2,5.0,3.45,1.7,False,,,False,N/A,
2026-06-09 17:57:28,VFLM 5339,18,West Ham,T3,Tottenham,T2,2.9,3.55,2.2,False,,,False,N/A,
2026-06-09 17:57:28,VFLM 5339,18,Brighton,T3,Liverpool,T1,3.85,3.25,1.95,False,,,False,N/A,
2026-06-09 17:57:28,VFLM 5339,18,Chelsea,T1,Manchester Red,T1,2.65,3.6,2.35,False,,,False,N/A,
2026-06-09 17:57:28,VFLM 5339,18,Bournemouth,T4,Wolverhampton,T4,2.75,4.6,2.0,False,,,False,N/A,
2026-06-09 18:01:05,VFLM 5339,19,Tottenham,T2,Aston Villa,T2,2.35,3.1,3.0,False,,,False,N/A,
2026-06-09 18:01:05,VFLM 5339,19,Manchester Red,T1,West Ham,T3,1.45,4.6,6.0,False,,,False,N/A,
2026-06-09 18:01:05,VFLM 5339,19,Liverpool,T1,Bournemouth,T4,1.25,5.5,10.0,False,,,False,N/A,
2026-06-09 18:01:05,VFLM 5339,19,London Guns,T2,Crystal Palace,T3,1.35,4.8,7.25,False,,,False,N/A,
2026-06-09 18:01:05,VFLM 5339,19,Wolverhampton,T4,Chelsea,T1,3.5,4.3,1.8,False,,,False,N/A,
2026-06-09 18:01:05,VFLM 5339,19,Fulham,T4,Leeds,T4,2.7,2.8,2.85,False,,,False,N/A,
2026-06-09 18:01:05,VFLM 5339,19,Manchester Blue,T3,Brighton,T2,1.35,4.7,7.25,False,,,False,N/A,
2026-06-09 18:01:05,VFLM 5339,19,Newcastle,T3,Everton,T1,3.15,3.05,2.3,False,,,False,N/A,
2026-06-09 18:04:43,VFLM 5339,20,West Ham,T3,Wolverhampton,T4,1.8,4.7,3.2,False,,,False,N/A,
2026-06-09 18:04:43,VFLM 5339,20,Leeds,T4,Newcastle,T3,2.05,3.3,3.4,False,,,False,N/A,
2026-06-09 18:04:43,VFLM 5339,20,Liverpool,T1,Manchester Blue,T3,2.0,3.9,3.05,False,,,False,N/A,
2026-06-09 18:04:43,VFLM 5339,20,Everton,T1,London Guns,T3,2.75,3.2,2.5,False,,,False,N/A,
2026-06-09 18:04:43,VFLM 5339,20,Brighton,T2,Fulham,T4,1.75,3.45,4.75,False,,,False,N/A,
2026-06-09 18:04:43,VFLM 5339,20,Crystal Palace,T2,Tottenham,T2,4.35,3.7,1.7,False,,,False,N/A,
2026-06-09 18:04:58,VFLM 5339,20,Bournemouth,T4,Chelsea,T1,6.0,3.95,1.5,True,AWAY WIN,5/5 (100%),True,SUCCESS,
2026-06-09 18:04:58,VFLM 5339,20,Aston Villa,T2,Manchester Red,T1,2.4,3.75,2.55,False,,,False,N/A,
2026-06-09 18:08:25,VFLM 5339,21,Manchester Red,T1,Crystal Palace,T2,1.25,5.5,9.75,False,,,False,N/A,
2026-06-09 18:08:25,VFLM 5339,21,London Guns,T3,Leeds,T4,1.5,4.05,6.25,False,,,False,N/A,
2026-06-09 18:08:25,VFLM 5339,21,Chelsea,T2,West Ham,T3,1.65,3.95,4.55,False,,,False,N/A,
2026-06-09 18:08:25,VFLM 5339,21,Tottenham,T1,Everton,T1,1.8,3.25,4.65,False,,,False,N/A,
2026-06-09 18:08:25,VFLM 5339,21,Newcastle,T3,Brighton,T2,2.5,3.35,2.65,False,,,False,N/A,
2026-06-09 18:08:25,VFLM 5339,21,Manchester Blue,T2,Bournemouth,T4,1.3,5.0,9.0,False,,,False,N/A,
2026-06-09 18:08:25,VFLM 5339,21,Wolverhampton,T4,Aston Villa,T3,3.25,3.8,1.95,False,,,False,N/A,
2026-06-09 18:08:25,VFLM 5339,21,Fulham,T4,Liverpool,T1,5.5,3.55,1.6,False,,,False,N/A,
2026-06-09 18:12:07,VFLM 5339,22,Bournemouth,T4,West Ham,T3,3.2,3.35,2.1,False,,,False,N/A,
2026-06-09 18:12:07,VFLM 5339,22,Brighton,T2,London Guns,T2,3.15,3.6,2.05,False,,,False,N/A,
2026-06-09 18:12:07,VFLM 5339,22,Leeds,T4,Tottenham,T1,4.1,3.3,1.85,False,,,False,N/A,
2026-06-09 18:12:07,VFLM 5339,22,Aston Villa,T2,Chelsea,T2,2.4,3.35,2.7,False,,,False,N/A,
2026-06-09 18:12:07,VFLM 5339,22,Everton,T1,Manchester Red,T1,3.75,3.15,2.0,False,,,False,N/A,
2026-06-09 18:12:07,VFLM 5339,22,Manchester Blue,T3,Fulham,T4,1.2,6.75,9.75,False,,,False,N/A,
2026-06-09 18:12:07,VFLM 5339,22,Liverpool,T1,Newcastle,T3,1.3,5.0,10.0,False,,,False,N/A,
2026-06-09 18:12:07,VFLM 5339,22,Crystal Palace,T3,Wolverhampton,T4,2.35,4.15,2.45,False,,,False,N/A,
2026-06-09 18:15:45,VFLM 5339,23,Wolverhampton,T4,Everton,T1,2.55,3.25,2.65,False,,,False,N/A,
2026-06-09 18:15:45,VFLM 5339,23,Newcastle,T3,Manchester Blue,T3,5.25,4.05,1.55,False,,,False,N/A,
2026-06-09 18:15:45,VFLM 5339,23,Manchester Red,T1,Leeds,T4,1.35,4.15,10.25,False,,,False,N/A,
2026-06-09 18:15:45,VFLM 5339,23,Chelsea,T2,Crystal Palace,T3,1.3,5.0,9.0,False,,,False,N/A,
2026-06-09 18:15:45,VFLM 5339,23,West Ham,T3,Aston Villa,T2,2.95,3.55,2.15,False,,,False,N/A,
2026-06-09 18:15:45,VFLM 5339,23,London Guns,T2,Liverpool,T1,2.55,3.65,2.45,False,,,False,N/A,
2026-06-09 18:15:45,VFLM 5339,23,Tottenham,T1,Brighton,T2,1.55,3.8,5.5,False,,,False,N/A,
2026-06-09 18:15:45,VFLM 5339,23,Fulham,T4,Bournemouth,T4,2.3,2.95,3.25,False,,,False,N/A,
2026-06-09 18:19:24,VFLM 5339,24,Everton,T2,Chelsea,T2,3.1,3.3,2.2,False,,,False,N/A,
2026-06-09 18:19:24,VFLM 5339,24,Liverpool,T1,Tottenham,T1,1.7,4.35,3.95,False,,,False,N/A,
2026-06-09 18:19:24,VFLM 5339,24,Manchester Blue,T2,London Guns,T2,1.65,4.2,4.25,False,,,False,N/A,
2026-06-09 18:19:24,VFLM 5339,24,Leeds,T4,Wolverhampton,T4,2.5,3.4,2.6,False,,,False,N/A,
2026-06-09 18:19:24,VFLM 5339,24,Fulham,T4,Newcastle,T3,2.2,3.45,2.95,False,,,False,N/A,
2026-06-09 18:19:24,VFLM 5339,24,Bournemouth,T4,Aston Villa,T1,4.65,3.85,1.65,False,,,False,N/A,
2026-06-09 18:19:24,VFLM 5339,24,Crystal Palace,T3,West Ham,T3,2.8,3.75,2.2,False,,,False,N/A,
2026-06-09 18:19:24,VFLM 5339,24,Brighton,T3,Manchester Red,T1,3.55,3.6,1.9,False,,,False,N/A,
2026-06-09 18:23:08,VFLM 5339,25,Manchester Red,T1,Liverpool,T1,2.35,3.35,2.8,False,,,False,N/A,
2026-06-09 18:23:08,VFLM 5339,25,West Ham,T4,Everton,T2,2.15,3.3,3.2,False,,,False,N/A,
2026-06-09 18:23:08,VFLM 5339,25,Newcastle,T3,Bournemouth,T3,1.8,3.65,3.95,False,,,False,N/A,
2026-06-09 18:23:08,VFLM 5339,25,Wolverhampton,T4,Brighton,T3,2.0,3.9,3.05,False,,,False,N/A,
2026-06-09 18:23:08,VFLM 5339,25,Chelsea,T2,Leeds,T4,1.35,4.35,9.0,False,,,False,N/A,
2026-06-09 18:23:08,VFLM 5339,25,Aston Villa,T1,Crystal Palace,T3,1.35,4.5,8.25,False,,,False,N/A,
2026-06-09 18:23:08,VFLM 5339,25,Tottenham,T1,Manchester Blue,T2,2.4,3.8,2.5,False,,,False,N/A,
2026-06-09 18:23:08,VFLM 5339,25,London Guns,T2,Fulham,T4,1.3,5.0,8.0,False,,,False,N/A,
2026-06-09 18:26:47,VFLM 5339,26,Manchester Blue,T2,Manchester Red,T1,1.85,3.95,3.4,False,,,False,N/A,
2026-06-09 18:26:47,VFLM 5339,26,Brighton,T3,Chelsea,T2,3.75,3.45,1.9,False,,,False,N/A,
2026-06-09 18:26:47,VFLM 5339,26,Newcastle,T3,London Guns,T2,3.15,3.9,1.95,False,,,False,N/A,
2026-06-09 18:26:47,VFLM 5339,26,Everton,T2,Aston Villa,T1,3.0,2.95,2.45,False,,,False,N/A,
2026-06-09 18:26:47,VFLM 5339,26,Leeds,T4,West Ham,T3,3.0,3.2,2.3,False,,,False,N/A,
2026-06-09 18:26:47,VFLM 5339,26,Bournemouth,T4,Crystal Palace,T3,2.4,3.1,2.95,False,,,False,N/A,
2026-06-09 18:26:47,VFLM 5339,26,Fulham,T4,Tottenham,T1,4.1,3.45,1.8,False,,,False,N/A,
2026-06-09 18:26:47,VFLM 5339,26,Liverpool,T1,Wolverhampton,T4,1.4,4.35,7.75,False,,,False,N/A,
2026-06-09 18:30:26,VFLM 5339,27,West Ham,T3,Brighton,T3,2.05,3.2,3.6,False,,,False,N/A,
2026-06-09 18:30:26,VFLM 5339,27,London Guns,T2,Bournemouth,T4,1.35,4.7,7.75,False,,,False,N/A,
2026-06-09 18:30:26,VFLM 5339,27,Chelsea,T2,Liverpool,T1,2.15,3.55,2.95,False,,,False,N/A,
2026-06-09 18:30:26,VFLM 5339,27,Manchester Red,T1,Fulham,T4,1.3,4.85,9.5,False,,,False,N/A,
2026-06-09 18:30:26,VFLM 5339,27,Wolverhampton,T4,Manchester Blue,T2,4.0,4.2,1.7,False,,,False,N/A,
2026-06-09 18:30:26,VFLM 5339,27,Aston Villa,T1,Leeds,T4,1.55,3.3,7.75,False,,,False,N/A,
2026-06-09 18:30:26,VFLM 5339,27,Crystal Palace,T3,Everton,T2,3.0,3.3,2.25,False,,,False,N/A,
2026-06-09 18:30:26,VFLM 5339,27,Tottenham,T1,Newcastle,T3,1.4,4.85,6.5,False,,,False,N/A,
2026-06-09 18:34:05,VFLM 5339,28,Newcastle,T3,Manchester Red,T1,5.25,3.75,1.6,False,,,False,N/A,
2026-06-09 18:34:05,VFLM 5339,28,Fulham,T4,Wolverhampton,T4,2.65,3.9,2.25,False,,,False,N/A,
2026-06-09 18:34:05,VFLM 5339,28,Leeds,T4,Crystal Palace,T3,2.05,3.05,3.85,False,,,False,N/A,
2026-06-09 18:34:05,VFLM 5339,28,Liverpool,T1,West Ham,T3,1.4,5.0,5.75,False,,,False,N/A,
2026-06-09 18:34:05,VFLM 5339,28,London Guns,T2,Tottenham,T1,1.95,4.0,3.15,False,,,False,N/A,
2026-06-09 18:34:05,VFLM 5339,28,Bournemouth,T4,Everton,T2,3.55,3.25,2.05,False,,,False,N/A,
2026-06-09 18:34:05,VFLM 5339,28,Manchester Blue,T2,Chelsea,T2,1.9,4.2,3.2,False,,,False,N/A,
2026-06-09 18:34:05,VFLM 5339,28,Brighton,T3,Aston Villa,T1,3.3,3.1,2.2,False,,,False,N/A,
2026-06-09 18:37:44,VFLM 5339,29,Chelsea,T2,Fulham,T4,1.3,4.6,10.75,False,,,False,N/A,
2026-06-09 18:37:44,VFLM 5339,29,Manchester Red,T1,London Guns,T2,1.85,3.7,3.8,False,,,False,N/A,
2026-06-09 18:37:44,VFLM 5339,29,Aston Villa,T1,Liverpool,T1,2.45,3.3,2.7,False,,,False,N/A,
2026-06-09 18:37:44,VFLM 5339,29,Everton,T2,Leeds,T4,1.9,3.0,4.55,False,,,False,N/A,
2026-06-09 18:37:44,VFLM 5339,29,Tottenham,T1,Bournemouth,T4,1.35,4.8,8.25,False,,,False,N/A,
2026-06-09 18:37:44,VFLM 5339,29,Wolverhampton,T4,Newcastle,T3,1.8,3.8,3.8,False,,,False,N/A,
2026-06-09 18:37:44,VFLM 5339,29,Crystal Palace,T3,Brighton,T3,2.45,3.35,2.7,False,,,False,N/A,
2026-06-09 18:37:44,VFLM 5339,29,West Ham,T3,Manchester Blue,T2,4.15,4.05,1.7,False,,,False,N/A,
2026-06-09 18:41:25,VFLM 5339,30,Brighton,T3,Everton,T2,2.4,2.8,3.2,False,,,False,N/A,
2026-06-09 18:41:25,VFLM 5339,30,Manchester Blue,T2,Aston Villa,T1,1.75,4.05,3.8,False,,,False,N/A,
2026-06-09 18:41:25,VFLM 5339,30,Bournemouth,T4,Leeds,T4,2.5,3.0,2.85,False,,,False,N/A,
2026-06-09 18:41:25,VFLM 5339,30,Tottenham,T1,Manchester Red,T1,2.4,3.65,2.55,False,,,False,N/A,
2026-06-09 18:41:25,VFLM 5339,30,Newcastle,T3,Chelsea,T2,5.0,4.1,1.55,False,,,False,N/A,
2026-06-09 18:41:25,VFLM 5339,30,Fulham,T4,West Ham,T3,3.0,3.5,2.15,False,,,False,N/A,
2026-06-09 18:41:25,VFLM 5339,30,Liverpool,T1,Crystal Palace,T3,1.25,5.25,11.75,False,,,False,N/A,
2026-06-09 18:41:25,VFLM 5339,30,London Guns,T2,Wolverhampton,T4,1.5,4.95,4.85,False,,,False,N/A,
2026-06-09 18:45:05,VFLM 5339,1,Tottenham,T0,Crystal Palace,T0,1.4,4.8,6.5,False,,,False,N/A,
2026-06-09 18:45:05,VFLM 5339,1,London Guns,T0,Liverpool,T0,2.55,3.6,2.45,False,,,False,N/A,
2026-06-09 18:45:05,VFLM 5339,1,Aston Villa,T0,Leeds,T0,1.55,3.3,7.75,False,,,False,N/A,
2026-06-09 18:45:05,VFLM 5339,1,Brighton,T0,Chelsea,T0,3.7,3.45,1.9,False,,,False,N/A,
2026-06-09 18:45:05,VFLM 5339,1,Bournemouth,T0,West Ham,T0,3.25,3.35,2.1,False,,,False,N/A,
2026-06-09 18:45:05,VFLM 5339,1,Newcastle,T0,Fulham,T0,1.95,3.6,3.45,False,,,False,N/A,
2026-06-09 18:45:05,VFLM 5339,1,Manchester Red,T0,Manchester Blue,T0,2.35,3.65,2.65,False,,,False,N/A,
2026-06-09 18:45:05,VFLM 5339,1,Wolverhampton,T0,Everton,T0,2.55,3.25,2.65,False,,,False,N/A,
2026-06-09 18:49:00,VFLM 5340,1,Tottenham,T0,Crystal Palace,T0,1.4,4.8,6.5,False,,,False,N/A,
2026-06-09 18:49:00,VFLM 5340,1,London Guns,T0,Liverpool,T0,2.55,3.6,2.45,False,,,False,N/A,
2026-06-09 18:49:00,VFLM 5340,1,Aston Villa,T0,Leeds,T0,1.55,3.3,7.75,False,,,False,N/A,
2026-06-09 18:49:00,VFLM 5340,1,Brighton,T0,Chelsea,T0,3.7,3.45,1.9,False,,,False,N/A,
2026-06-09 18:49:00,VFLM 5340,1,Bournemouth,T0,West Ham,T0,3.25,3.35,2.1,False,,,False,N/A,
2026-06-09 18:49:00,VFLM 5340,1,Newcastle,T0,Fulham,T0,1.95,3.6,3.45,False,,,False,N/A,
2026-06-09 18:49:00,VFLM 5340,1,Manchester Red,T0,Manchester Blue,T0,2.35,3.65,2.65,False,,,False,N/A,
2026-06-09 18:49:00,VFLM 5340,1,Wolverhampton,T0,Everton,T0,2.55,3.25,2.65,False,,,False,N/A,
2026-06-09 18:50:42,VFLM 5340,2,Fulham,T0,Manchester Red,T0,5.0,3.7,1.6,False,,,False,N/A,
2026-06-09 18:50:42,VFLM 5340,2,Leeds,T0,Brighton,T0,3.1,2.7,2.6,False,,,False,N/A,
2026-06-09 18:50:42,VFLM 5340,2,West Ham,T0,London Guns,T0,2.9,3.75,2.15,False,,,False,N/A,
2026-06-09 18:50:42,VFLM 5340,2,Manchester Blue,T0,Bournemouth,T0,1.3,5.0,9.0,False,,,False,N/A,
2026-06-09 18:50:42,VFLM 5340,2,Crystal Palace,T0,Newcastle,T0,2.3,3.35,2.85,False,,,False,N/A,
2026-06-09 18:50:42,VFLM 5340,2,Chelsea,T0,Wolverhampton,T0,1.45,5.0,5.25,False,,,False,N/A,
2026-06-09 18:50:42,VFLM 5340,2,Liverpool,T0,Aston Villa,T0,1.8,3.3,4.45,False,,,False,N/A,
2026-06-09 18:50:42,VFLM 5340,2,Everton,T0,Tottenham,T0,2.75,3.1,2.55,False,,,False,N/A,
2026-06-09 18:54:22,VFLM 5340,3,Newcastle,T2,Everton,T1,3.15,3.05,2.3,False,,,False,N/A,
2026-06-09 18:54:22,VFLM 5340,3,Bournemouth,T4,Fulham,T2,2.35,3.15,3.0,False,,,False,N/A,
2026-06-09 18:54:22,VFLM 5340,3,Tottenham,T1,Chelsea,T1,2.3,4.25,2.45,False,,,False,N/A,
2026-06-09 18:54:22,VFLM 5340,3,London Guns,T1,Manchester Blue,T3,2.3,4.35,2.4,False,,,False,N/A,
2026-06-09 18:54:22,VFLM 5340,3,Wolverhampton,T3,Brighton,T4,2.0,3.9,3.05,False,,,False,N/A,
2026-06-09 18:54:22,VFLM 5340,3,Aston Villa,T3,West Ham,T2,1.7,3.95,4.25,False,,,False,N/A,
2026-06-09 18:54:22,VFLM 5340,3,Liverpool,T4,Leeds,T3,1.4,3.8,9.0,False,,,False,N/A,
2026-06-09 18:54:22,VFLM 5340,3,Manchester Red,T2,Crystal Palace,T4,1.25,5.5,9.75,False,,,False,N/A,
2026-06-09 18:58:03,VFLM 5340,4,Chelsea,T2,Newcastle,T4,1.35,5.25,7.25,False,,,False,N/A,
2026-06-09 18:58:03,VFLM 5340,4,Brighton,T3,Tottenham,T2,3.05,3.3,2.2,False,,,False,N/A,
2026-06-09 18:58:03,VFLM 5340,4,Everton,T1,Manchester Red,T3,3.75,3.15,2.0,False,,,False,N/A,
2026-06-09 18:58:03,VFLM 5340,4,Fulham,T1,London Guns,T1,3.85,3.5,1.85,False,,,False,N/A,
2026-06-09 18:58:03,VFLM 5340,4,Manchester Blue,T2,Aston Villa,T4,1.75,4.05,3.8,False,,,False,N/A,
2026-06-09 18:58:03,VFLM 5340,4,Leeds,T4,Wolverhampton,T2,2.5,3.4,2.6,False,,,False,N/A,
2026-06-09 18:58:03,VFLM 5340,4,Crystal Palace,T3,Bournemouth,T4,2.0,3.45,3.4,False,,,False,N/A,
2026-06-09 18:58:03,VFLM 5340,4,West Ham,T1,Liverpool,T3,3.6,3.75,1.85,False,,,False,N/A,
2026-06-09 19:01:44,VFLM 5340,5,Manchester Red,T4,Chelsea,T1,2.0,3.45,3.5,False,,,False,N/A,
2026-06-09 19:01:44,VFLM 5340,5,Tottenham,T3,Wolverhampton,T2,1.5,4.45,5.0,False,,,False,N/A,
2026-06-09 19:01:44,VFLM 5340,5,Bournemouth,T4,Everton,T1,3.5,3.3,2.05,False,,,False,N/A,
2026-06-09 19:01:44,VFLM 5340,5,Newcastle,T4,Brighton,T3,2.5,3.4,2.6,False,,,False,N/A,
2026-06-09 19:01:44,VFLM 5340,5,London Guns,T2,Crystal Palace,T2,1.35,4.85,7.0,False,,,False,N/A,
2026-06-09 19:01:44,VFLM 5340,5,West Ham,T3,Leeds,T4,1.8,3.5,4.2,False,,,False,N/A,
2026-06-09 19:01:44,VFLM 5340,5,Aston Villa,T2,Fulham,T1,1.45,3.85,7.25,False,,,False,N/A,
2026-06-09 19:01:44,VFLM 5340,5,Liverpool,T3,Manchester Blue,T1,2.0,3.9,3.05,False,,,False,N/A,
2026-06-09 19:05:21,VFLM 5340,6,Leeds,T4,Tottenham,T3,4.1,3.3,1.9,False,,,False,N/A,
2026-06-09 19:05:21,VFLM 5340,6,Fulham,T1,Liverpool,T4,5.5,3.55,1.6,False,,,False,N/A,
2026-06-09 19:05:21,VFLM 5340,6,Wolverhampton,T2,Newcastle,T4,1.8,3.8,3.85,False,,,False,N/A,
2026-06-09 19:05:21,VFLM 5340,6,Crystal Palace,T1,Aston Villa,T3,4.5,3.4,1.75,False,,,False,N/A,
2026-06-09 19:05:21,VFLM 5340,6,Chelsea,T1,Bournemouth,T4,1.25,6.25,8.25,False,,,False,N/A,
2026-06-09 19:05:21,VFLM 5340,6,Manchester Blue,T2,West Ham,T2,1.45,5.0,5.25,False,,,False,N/A,
2026-06-09 19:05:21,VFLM 5340,6,Everton,T1,London Guns,T2,2.7,3.25,2.5,False,,,False,N/A,
2026-06-09 19:05:21,VFLM 5340,6,Brighton,T3,Manchester Red,T3,3.55,3.6,1.9,False,,,False,N/A,
2026-06-09 19:09:02,VFLM 5340,7,Bournemouth,T4,Brighton,T3,3.0,3.1,2.35,False,,,False,N/A,
2026-06-09 19:09:02,VFLM 5340,7,London Guns,T1,Chelsea,T1,2.25,3.5,2.85,False,,,False,N/A,
2026-06-09 19:09:02,VFLM 5340,7,West Ham,T1,Fulham,T2,1.6,3.5,5.75,False,,,False,N/A,
2026-06-09 19:09:02,VFLM 5340,7,Aston Villa,T2,Everton,T2,1.95,2.85,4.65,False,,,False,N/A,
2026-06-09 19:09:02,VFLM 5340,7,Newcastle,T4,Tottenham,T4,3.5,4.2,1.8,False,,,False,N/A,
2026-06-09 19:09:02,VFLM 5340,7,Manchester Red,T3,Wolverhampton,T2,1.4,4.4,7.0,False,,,False,N/A,
2026-06-09 19:09:02,VFLM 5340,7,Liverpool,T3,Crystal Palace,T1,1.25,5.25,11.75,False,,,False,N/A,
2026-06-09 19:09:02,VFLM 5340,7,Manchester Blue,T3,Leeds,T4,1.3,4.95,8.5,False,,,False,N/A,
2026-06-09 19:12:43,VFLM 5340,8,Wolverhampton,T1,Bournemouth,T4,1.55,4.4,4.65,False,,,False,N/A,
2026-06-09 19:12:43,VFLM 5340,8,Brighton,T2,London Guns,T1,3.15,3.6,2.05,False,,,False,N/A,
2026-06-09 19:12:43,VFLM 5340,8,Leeds,T4,Newcastle,T4,2.05,3.3,3.4,False,,,False,N/A,
2026-06-09 19:12:43,VFLM 5340,8,Everton,T3,Liverpool,T2,3.85,3.0,2.05,False,,,False,N/A,
2026-06-09 19:12:43,VFLM 5340,8,Tottenham,T3,Manchester Red,T4,2.4,3.65,2.55,False,,,False,N/A,
2026-06-09 19:12:43,VFLM 5340,8,Chelsea,T1,Aston Villa,T3,1.9,3.4,3.85,False,,,False,N/A,
2026-06-09 19:12:43,VFLM 5340,8,Crystal Palace,T2,West Ham,T2,2.8,3.7,2.2,False,,,False,N/A,
2026-06-09 19:12:43,VFLM 5340,8,Fulham,T3,Manchester Blue,T1,4.55,4.75,1.55,False,,,False,N/A,
2026-06-09 19:16:25,VFLM 5340,9,London Guns,T1,Wolverhampton,T2,1.5,4.95,4.8,False,,,False,N/A,
2026-06-09 19:16:25,VFLM 5340,9,Bournemouth,T4,Tottenham,T2,4.8,3.45,1.7,False,,,False,N/A,
2026-06-09 19:16:25,VFLM 5340,9,Liverpool,T1,Chelsea,T1,2.15,3.8,2.9,False,,,False,N/A,
2026-06-09 19:16:25,VFLM 5340,9,Manchester Red,T3,Newcastle,T4,1.3,4.85,9.0,False,,,False,N/A,
2026-06-09 19:16:25,VFLM 5340,9,Fulham,T4,Leeds,T4,2.7,2.8,2.85,False,,,False,N/A,
2026-06-09 19:16:25,VFLM 5340,9,Manchester Blue,T1,Crystal Palace,T3,1.25,6.5,8.5,False,,,False,N/A,
2026-06-09 19:16:25,VFLM 5340,9,Aston Villa,T3,Brighton,T2,1.65,3.2,6.25,False,,,False,N/A,
2026-06-09 19:16:25,VFLM 5340,9,West Ham,T2,Everton,T3,2.15,3.3,3.2,False,,,False,N/A,
2026-06-09 19:20:06,VFLM 5340,10,Crystal Palace,T4,Fulham,T3,2.15,3.45,3.05,False,,,False,N/A,
2026-06-09 19:20:06,VFLM 5340,10,Tottenham,T2,London Guns,T1,2.05,3.35,3.45,False,,,False,N/A,
2026-06-09 19:20:06,VFLM 5340,10,Newcastle,T4,Bournemouth,T4,1.8,3.7,3.95,False,,,False,N/A,
2026-06-09 19:20:06,VFLM 5340,10,Wolverhampton,T2,Aston Villa,T3,3.25,3.8,1.95,False,,,False,N/A,
2026-06-09 19:20:06,VFLM 5340,10,Everton,T3,Manchester Blue,T2,3.2,3.35,2.15,False,,,False,N/A,
2026-06-09 19:20:06,VFLM 5340,10,Leeds,T4,Manchester Red,T3,5.5,3.4,1.65,False,,,False,N/A,
2026-06-09 19:20:06,VFLM 5340,10,Brighton,T2,Liverpool,T1,3.85,3.25,1.95,False,,,False,N/A,
2026-06-09 19:20:06,VFLM 5340,10,Chelsea,T1,West Ham,T1,1.65,3.95,4.55,False,,,False,N/A,
2026-06-09 19:23:43,VFLM 5340,11,West Ham,T2,Brighton,T2,2.0,3.2,3.65,False,,,False,N/A,
2026-06-09 19:23:43,VFLM 5340,11,Bournemouth,T4,Manchester Red,T3,6.0,3.65,1.55,False,,,False,N/A,
2026-06-09 19:23:43,VFLM 5340,11,Fulham,T3,Everton,T3,4.55,3.0,1.9,False,,,False,N/A,
2026-06-09 19:23:43,VFLM 5340,11,Manchester Blue,T2,Chelsea,T1,1.9,4.2,3.2,False,,,False,N/A,
2026-06-09 19:23:43,VFLM 5340,11,Crystal Palace,T4,Leeds,T4,2.25,3.15,3.1,False,,,False,N/A,
2026-06-09 19:23:43,VFLM 5340,11,London Guns,T1,Newcastle,T4,1.5,3.9,6.0,False,,,False,N/A,
2026-06-09 19:23:43,VFLM 5340,11,Liverpool,T1,Wolverhampton,T3,1.4,4.35,7.75,False,,,False,N/A,
2026-06-09 19:23:43,VFLM 5340,11,Aston Villa,T2,Tottenham,T1,2.1,3.15,3.45,False,,,False,N/A,
2026-06-09 19:27:25,VFLM 5340,12,Chelsea,T1,Fulham,T3,1.3,4.6,10.75,False,,,False,N/A,
2026-06-09 19:27:25,VFLM 5340,12,Everton,T2,Crystal Palace,T3,1.65,3.35,5.75,False,,,False,N/A,
2026-06-09 19:27:25,VFLM 5340,12,Manchester Red,T4,London Guns,T1,1.85,3.7,3.8,False,,,False,N/A,
2026-06-09 19:27:25,VFLM 5340,12,Brighton,T2,Manchester Blue,T2,4.1,3.65,1.8,False,,,False,N/A,
2026-06-09 19:27:25,VFLM 5340,12,Leeds,T4,Bournemouth,T4,1.85,3.35,4.1,False,,,False,N/A,
2026-06-09 19:27:25,VFLM 5340,12,Wolverhampton,T3,West Ham,T3,2.1,4.15,2.75,False,,,False,N/A,
2026-06-09 19:27:25,VFLM 5340,12,Newcastle,T4,Aston Villa,T2,3.85,3.35,1.9,False,,,False,N/A,
2026-06-09 19:27:25,VFLM 5340,12,Tottenham,T1,Liverpool,T1,2.65,3.2,2.55,False,,,False,N/A,
2026-06-09 19:31:07,VFLM 5340,13,Liverpool,T1,Newcastle,T4,1.3,4.95,10.0,False,,,False,N/A,
2026-06-09 19:31:07,VFLM 5340,13,Crystal Palace,T3,Chelsea,T1,6.0,4.2,1.5,False,,,False,N/A,
2026-06-09 19:31:07,VFLM 5340,13,Manchester Blue,T2,Wolverhampton,T4,1.3,5.75,6.75,False,,,False,N/A,
2026-06-09 19:31:07,VFLM 5340,13,London Guns,T2,Bournemouth,T4,1.35,4.7,8.0,False,,,False,N/A,
2026-06-09 19:31:07,VFLM 5340,13,Everton,T2,Leeds,T4,1.9,3.05,4.45,False,,,False,N/A,
2026-06-09 19:31:07,VFLM 5340,13,West Ham,T3,Tottenham,T1,2.9,3.55,2.2,False,,,False,N/A,
2026-06-09 19:31:07,VFLM 5340,13,Fulham,T3,Brighton,T2,2.9,3.5,2.2,False,,,False,N/A,
2026-06-09 19:31:07,VFLM 5340,13,Aston Villa,T1,Manchester Red,T3,2.4,3.75,2.5,False,,,False,N/A,
2026-06-09 19:34:43,VFLM 5340,14,Manchester Red,T2,Liverpool,T1,2.35,3.35,2.8,False,,,False,N/A,
2026-06-09 19:34:43,VFLM 5340,14,Brighton,T3,Crystal Palace,T2,1.75,3.95,3.8,False,,,False,N/A,
2026-06-09 19:34:43,VFLM 5340,14,Tottenham,T2,Manchester Blue,T1,2.4,3.8,2.5,False,,,False,N/A,
2026-06-09 19:34:43,VFLM 5340,14,Newcastle,T4,West Ham,T3,2.65,3.75,2.3,False,,,False,N/A,
2026-06-09 19:34:43,VFLM 5340,14,Bournemouth,T4,Aston Villa,T1,4.65,3.85,1.65,False,,,False,N/A,
2026-06-09 19:34:43,VFLM 5340,14,Wolverhampton,T3,Fulham,T4,1.75,3.65,4.3,False,,,False,N/A,
2026-06-09 19:34:43,VFLM 5340,14,Chelsea,T1,Everton,T3,1.65,3.45,5.5,False,,,False,N/A,
2026-06-09 19:34:43,VFLM 5340,14,Leeds,T4,London Guns,T2,3.9,3.2,1.95,False,,,False,N/A,
2026-06-09 19:38:24,VFLM 5340,15,Fulham,T4,Tottenham,T2,4.1,3.45,1.85,False,,,False,N/A,
2026-06-09 19:38:24,VFLM 5340,15,Chelsea,T1,Leeds,T4,1.35,4.4,9.0,False,,,False,N/A,
2026-06-09 19:38:24,VFLM 5340,15,Aston Villa,T1,London Guns,T2,2.2,3.15,3.2,False,,,False,N/A,
2026-06-09 19:38:24,VFLM 5340,15,West Ham,T3,Manchester Red,T2,3.85,3.4,1.9,False,,,False,N/A,
2026-06-09 19:38:24,VFLM 5340,15,Manchester Blue,T1,Newcastle,T4,1.3,5.25,8.5,False,,,False,N/A,
2026-06-09 19:38:24,VFLM 5340,15,Crystal Palace,T3,Wolverhampton,T3,2.35,4.15,2.45,False,,,False,N/A,
2026-06-09 19:38:24,VFLM 5340,15,Liverpool,T1,Bournemouth,T4,1.25,5.5,10.0,False,,,False,N/A,
2026-06-09 19:38:24,VFLM 5340,15,Everton,T2,Brighton,T3,2.05,3.1,3.75,False,,,False,N/A,
2026-06-09 19:42:07,VFLM 5340,16,Fulham,T4,Newcastle,T4,2.2,3.45,2.95,False,,,False,N/A,
2026-06-09 19:42:07,VFLM 5340,16,Manchester Blue,T1,Manchester Red,T2,1.85,3.95,3.45,False,,,False,N/A,
2026-06-09 19:42:07,VFLM 5340,16,Everton,T3,Wolverhampton,T3,1.9,3.6,3.65,False,,,False,N/A,
2026-06-09 19:42:07,VFLM 5340,16,Crystal Palace,T3,Tottenham,T2,4.35,3.7,1.7,False,,,False,N/A,
2026-06-09 19:42:07,VFLM 5340,16,Liverpool,T1,London Guns,T2,1.75,3.9,3.95,False,,,False,N/A,
2026-06-09 19:42:07,VFLM 5340,16,Leeds,T4,Aston Villa,T1,4.1,3.1,1.95,False,,,False,N/A,
2026-06-09 19:42:07,VFLM 5340,16,Chelsea,T1,Brighton,T3,1.55,4.0,5.25,False,,,False,N/A,
2026-06-09 19:42:07,VFLM 5340,16,West Ham,T2,Bournemouth,T4,1.6,4.05,4.95,False,,,False,N/A,
2026-06-09 19:45:43,VFLM 5340,17,Bournemouth,T4,Manchester Blue,T1,5.5,4.7,1.45,False,,,False,N/A,
2026-06-09 19:45:43,VFLM 5340,17,Newcastle,T4,Crystal Palace,T3,2.0,3.85,3.1,False,,,False,N/A,
2026-06-09 19:45:43,VFLM 5340,17,Wolverhampton,T3,Chelsea,T1,3.5,4.35,1.75,False,,,False,N/A,
2026-06-09 19:45:43,VFLM 5340,17,Aston Villa,T1,Liverpool,T1,2.45,3.3,2.7,False,,,False,N/A,
2026-06-09 19:45:43,VFLM 5340,17,Tottenham,T2,Everton,T3,1.8,3.25,4.55,False,,,False,N/A,
2026-06-09 19:45:43,VFLM 5340,17,Manchester Red,T2,Fulham,T4,1.3,4.85,9.75,False,,,False,N/A,
2026-06-09 19:45:43,VFLM 5340,17,Brighton,T3,Leeds,T4,1.85,3.15,4.35,False,,,False,N/A,
2026-06-09 19:45:43,VFLM 5340,17,London Guns,T2,West Ham,T2,1.7,4.0,4.15,False,,,False,N/A,
2026-06-09 19:49:27,VFLM 5340,18,West Ham,T2,Aston Villa,T1,2.95,3.5,2.15,False,,,False,N/A,
2026-06-09 19:49:27,VFLM 5340,18,Leeds,T4,Liverpool,T1,5.75,3.4,1.65,False,,,False,N/A,
2026-06-09 19:49:27,VFLM 5340,18,Crystal Palace,T3,Manchester Red,T2,5.0,4.55,1.5,False,,,False,N/A,
2026-06-09 19:49:27,VFLM 5340,18,Everton,T3,Newcastle,T4,1.65,3.5,5.25,False,,,False,N/A,
2026-06-09 19:49:27,VFLM 5340,18,Fulham,T4,Bournemouth,T4,2.3,3.0,3.25,False,,,False,N/A,
2026-06-09 19:49:27,VFLM 5340,18,Chelsea,T1,Tottenham,T2,1.95,3.25,3.85,False,,,False,N/A,
2026-06-09 19:49:27,VFLM 5340,18,Manchester Blue,T1,London Guns,T3,1.65,4.2,4.25,False,,,False,N/A,
2026-06-09 19:49:27,VFLM 5340,18,Brighton,T3,Wolverhampton,T2,1.9,3.9,3.3,False,,,False,N/A,
2026-06-09 19:53:04,VFLM 5340,19,London Guns,T2,Fulham,T4,1.3,5.0,8.0,False,,,False,N/A,
2026-06-09 19:53:04,VFLM 5340,19,Aston Villa,T2,Manchester Blue,T1,2.5,3.85,2.35,False,,,False,N/A,
2026-06-09 19:53:04,VFLM 5340,19,Wolverhampton,T3,Leeds,T4,1.95,3.55,3.5,False,,,False,N/A,
2026-06-09 19:53:04,VFLM 5340,19,Bournemouth,T4,Crystal Palace,T3,2.4,3.15,2.9,False,,,False,N/A,
2026-06-09 19:53:04,VFLM 5340,19,Liverpool,T1,West Ham,T2,1.4,5.0,5.75,False,,,False,N/A,
2026-06-09 19:53:04,VFLM 5340,19,Newcastle,T4,Chelsea,T1,5.0,4.1,1.55,False,,,False,N/A,
2026-06-09 19:53:04,VFLM 5340,19,Tottenham,T1,Brighton,T3,1.55,3.85,5.5,False,,,False,N/A,
2026-06-09 19:53:04,VFLM 5340,19,Manchester Red,T2,Everton,T3,1.65,3.55,5.25,False,,,False,N/A,
2026-06-09 19:56:47,VFLM 5340,20,Leeds,T4,West Ham,T2,3.0,3.2,2.3,False,,,False,N/A,
2026-06-09 19:56:47,VFLM 5340,20,Fulham,T4,Aston Villa,T1,4.85,3.45,1.7,False,,,False,N/A,
2026-06-09 19:56:47,VFLM 5340,20,Manchester Blue,T1,Liverpool,T1,2.05,3.8,3.0,False,,,False,N/A,
2026-06-09 19:56:47,VFLM 5340,20,Chelsea,T1,Manchester Red,T2,2.65,3.6,2.35,False,,,False,N/A,
2026-06-09 19:56:47,VFLM 5340,20,Wolverhampton,T3,Tottenham,T2,3.1,4.15,1.95,False,,,False,N/A,
2026-06-09 19:56:47,VFLM 5340,20,Everton,T3,Bournemouth,T4,1.65,3.25,6.0,False,,,False,N/A,
2026-06-09 19:56:47,VFLM 5340,20,Brighton,T2,Newcastle,T4,1.9,3.15,4.2,False,,,False,N/A,
2026-06-09 19:56:47,VFLM 5340,20,Crystal Palace,T3,London Guns,T3,3.65,3.9,1.8,False,,,False,N/A,
2026-06-09 20:00:24,VFLM 5340,21,Aston Villa,T1,Crystal Palace,T3,1.35,4.5,8.0,False,,,False,N/A,
2026-06-09 20:00:24,VFLM 5340,21,Bournemouth,T4,Chelsea,T1,6.0,3.95,1.5,False,,,False,N/A,
2026-06-09 20:00:24,VFLM 5340,21,West Ham,T2,Manchester Blue,T2,4.15,4.0,1.7,False,,,False,N/A,
2026-06-09 20:00:24,VFLM 5340,21,London Guns,T2,Everton,T3,1.65,3.95,4.45,False,,,False,N/A,
2026-06-09 20:00:24,VFLM 5340,21,Manchester Red,T1,Brighton,T3,1.5,3.55,7.5,False,,,False,N/A,
2026-06-09 20:00:24,VFLM 5340,21,Tottenham,T2,Leeds,T4,1.5,3.9,6.5,False,,,False,N/A,
2026-06-09 20:00:24,VFLM 5340,21,Liverpool,T1,Fulham,T4,1.3,4.65,11.25,False,,,False,N/A,
2026-06-09 20:00:24,VFLM 5340,21,Newcastle,T4,Wolverhampton,T3,2.5,3.65,2.45,False,,,False,N/A,
2026-06-09 20:04:08,VFLM 5340,22,Wolverhampton,T3,Manchester Red,T1,3.85,3.7,1.8,False,,,False,N/A,
2026-06-09 20:04:08,VFLM 5340,22,Crystal Palace,T3,Liverpool,T1,4.65,4.1,1.6,False,,,False,N/A,
2026-06-09 20:04:08,VFLM 5340,22,Leeds,T4,Manchester Blue,T2,5.0,3.45,1.7,False,,,False,N/A,
2026-06-09 20:04:08,VFLM 5340,22,Brighton,T3,Bournemouth,T4,1.85,3.3,4.3,False,,,False,N/A,
2026-06-09 20:04:08,VFLM 5340,22,Chelsea,T1,London Guns,T2,1.8,3.95,3.75,False,,,False,N/A,
2026-06-09 20:04:08,VFLM 5340,22,Fulham,T4,West Ham,T2,2.95,3.5,2.15,False,,,False,N/A,
2026-06-09 20:04:08,VFLM 5340,22,Everton,T3,Aston Villa,T1,3.0,2.95,2.45,False,,,False,N/A,
2026-06-09 20:04:08,VFLM 5340,22,Tottenham,T2,Newcastle,T4,1.4,4.8,6.75,False,,,False,N/A,
2026-06-09 20:07:48,VFLM 5340,23,Liverpool,T1,Everton,T3,1.55,3.7,6.5,False,,,False,N/A,
2026-06-09 20:07:48,VFLM 5340,23,Manchester Red,T1,Tottenham,T2,1.75,3.8,4.1,False,,,False,N/A,
2026-06-09 20:07:48,VFLM 5340,23,Aston Villa,T1,Chelsea,T1,2.4,3.35,2.7,False,,,False,N/A,
2026-06-09 20:07:48,VFLM 5340,23,West Ham,T2,Crystal Palace,T3,1.65,3.9,4.8,False,,,False,N/A,
2026-06-09 20:07:48,VFLM 5340,23,Manchester Blue,T2,Fulham,T4,1.2,6.75,9.75,False,,,False,N/A,
2026-06-09 20:07:48,VFLM 5340,23,Bournemouth,T4,Wolverhampton,T3,2.75,4.6,2.0,False,,,False,N/A,
2026-06-09 20:07:48,VFLM 5340,23,London Guns,T2,Brighton,T3,1.5,4.4,5.5,False,,,False,N/A,
2026-06-09 20:07:48,VFLM 5340,23,Newcastle,T4,Leeds,T4,2.55,3.05,2.8,False,,,False,N/A,
2026-06-09 20:11:26,VFLM 5340,24,Crystal Palace,T3,Manchester Blue,T2,5.0,3.9,1.6,False,,,False,N/A,
2026-06-09 20:11:26,VFLM 5340,24,Brighton,T3,Aston Villa,T1,3.35,3.1,2.2,False,,,False,N/A,
2026-06-09 20:11:26,VFLM 5340,24,Everton,T3,West Ham,T3,2.25,3.7,2.7,False,,,False,N/A,
2026-06-09 20:11:26,VFLM 5340,24,Wolverhampton,T2,London Guns,T2,2.8,3.65,2.25,False,,,False,N/A,
2026-06-09 20:11:26,VFLM 5340,24,Tottenham,T1,Bournemouth,T4,1.35,4.9,8.25,False,,,False,N/A,
2026-06-09 20:11:26,VFLM 5340,24,Chelsea,T1,Liverpool,T1,2.2,3.55,2.95,False,,,False,N/A,
2026-06-09 20:11:26,VFLM 5340,24,Newcastle,T4,Manchester Red,T2,5.25,3.75,1.6,False,,,False,N/A,
2026-06-09 20:11:26,VFLM 5340,24,Leeds,T4,Fulham,T4,2.1,3.15,3.5,False,,,False,N/A,
2026-06-09 20:15:05,VFLM 5340,25,Aston Villa,T1,Wolverhampton,T2,1.55,4.1,5.25,False,,,False,N/A,
2026-06-09 20:15:05,VFLM 5340,25,Manchester Blue,T2,Everton,T3,1.45,4.65,6.25,False,,,False,N/A,
2026-06-09 20:15:05,VFLM 5340,25,Manchester Red,T2,Leeds,T4,1.35,4.2,10.25,False,,,False,N/A,
2026-06-09 20:15:05,VFLM 5340,25,Liverpool,T1,Brighton,T3,1.4,5.25,6.0,False,,,False,N/A,
2026-06-09 20:15:05,VFLM 5340,25,West Ham,T3,Chelsea,T1,3.3,4.05,1.9,False,,,False,N/A,
2026-06-09 20:15:05,VFLM 5340,25,Fulham,T4,Crystal Palace,T3,2.3,3.25,3.0,False,,,False,N/A,
2026-06-09 20:15:05,VFLM 5340,25,London Guns,T2,Tottenham,T1,1.95,4.0,3.15,False,,,False,N/A,
2026-06-09 20:15:05,VFLM 5340,25,Bournemouth,T4,Newcastle,T4,2.65,3.05,2.65,False,,,False,N/A,
2026-06-09 20:18:49,VFLM 5340,26,Newcastle,T4,London Guns,T2,3.15,3.95,1.95,False,,,False,N/A,
2026-06-09 20:18:49,VFLM 5340,26,Wolverhampton,T2,Liverpool,T1,4.3,3.8,1.7,False,,,False,N/A,
2026-06-09 20:18:49,VFLM 5340,26,Tottenham,T1,Aston Villa,T1,2.35,3.1,3.0,False,,,False,N/A,
2026-06-09 20:18:49,VFLM 5340,26,Brighton,T3,West Ham,T3,2.15,3.65,2.95,False,,,False,N/A,
2026-06-09 20:18:49,VFLM 5340,26,Manchester Red,T2,Bournemouth,T4,1.3,4.8,9.0,False,,,False,N/A,
2026-06-09 20:18:49,VFLM 5340,26,Everton,T3,Fulham,T4,1.7,3.3,5.25,False,,,False,N/A,
2026-06-09 20:18:49,VFLM 5340,26,Chelsea,T1,Manchester Blue,T2,2.0,4.45,2.8,False,,,False,N/A,
2026-06-09 20:18:49,VFLM 5340,26,Leeds,T4,Crystal Palace,T3,2.05,3.05,3.85,False,,,False,N/A,
2026-06-09 20:22:28,VFLM 5340,27,Manchester Blue,T1,Brighton,T3,1.35,4.8,7.25,False,,,False,N/A,
2026-06-09 20:22:28,VFLM 5340,27,Bournemouth,T4,Leeds,T4,2.55,3.0,2.85,False,,,False,N/A,
2026-06-09 20:22:28,VFLM 5340,27,West Ham,T3,Wolverhampton,T2,1.8,4.65,3.2,False,,,False,N/A,
2026-06-09 20:22:28,VFLM 5340,27,Aston Villa,T1,Newcastle,T4,1.4,4.65,6.5,False,,,False,N/A,
2026-06-09 20:22:28,VFLM 5340,27,Liverpool,T1,Tottenham,T2,1.7,4.35,3.95,False,,,False,N/A,
2026-06-09 20:22:28,VFLM 5340,27,Fulham,T4,Chelsea,T1,5.75,4.1,1.5,False,,,False,N/A,
2026-06-09 20:22:28,VFLM 5340,27,Crystal Palace,T3,Everton,T3,3.0,3.3,2.25,False,,,False,N/A,
2026-06-09 20:22:28,VFLM 5340,27,London Guns,T2,Manchester Red,T2,2.35,3.6,2.65,False,,,False,N/A,
2026-06-09 20:26:08,VFLM 5340,28,Tottenham,T1,West Ham,T3,1.65,3.9,4.7,False,,,False,N/A,
2026-06-09 20:26:08,VFLM 5340,28,Brighton,T2,Fulham,T4,1.75,3.4,4.75,False,,,False,N/A,
2026-06-09 20:26:08,VFLM 5340,28,Manchester Red,T2,Aston Villa,T1,1.9,3.35,3.9,False,,,False,N/A,
2026-06-09 20:26:08,VFLM 5340,28,Newcastle,T4,Liverpool,T1,5.5,3.8,1.55,False,,,False,N/A,
2026-06-09 20:26:08,VFLM 5340,28,Chelsea,T1,Crystal Palace,T3,1.3,5.0,8.75,False,,,False,N/A,
2026-06-09 20:26:08,VFLM 5340,28,Wolverhampton,T3,Manchester Blue,T2,4.05,4.2,1.7,False,,,False,N/A,
2026-06-09 20:26:08,VFLM 5340,28,Bournemouth,T4,London Guns,T2,3.7,3.95,1.8,False,,,False,N/A,
2026-06-09 20:26:08,VFLM 5340,28,Leeds,T4,Everton,T3,3.25,2.65,2.55,False,,,False,N/A,
2026-06-09 20:29:47,VFLM 5340,29,West Ham,T3,Newcastle,T4,1.55,4.65,4.35,False,,,False,N/A,
2026-06-09 20:29:47,VFLM 5340,29,Aston Villa,T1,Bournemouth,T4,1.4,4.1,8.5,False,,,False,N/A,
2026-06-09 20:29:47,VFLM 5340,29,Fulham,T4,Wolverhampton,T3,2.6,3.9,2.3,False,,,False,N/A,
2026-06-09 20:29:47,VFLM 5340,29,Everton,T3,Chelsea,T1,3.1,3.3,2.2,False,,,False,N/A,
2026-06-09 20:29:47,VFLM 5340,29,London Guns,T2,Leeds,T4,1.5,4.05,6.25,False,,,False,N/A,
2026-06-09 20:29:47,VFLM 5340,29,Liverpool,T1,Manchester Red,T2,2.0,3.85,3.1,False,,,False,N/A,
2026-06-09 20:29:47,VFLM 5340,29,Crystal Palace,T3,Brighton,T2,2.45,3.35,2.7,False,,,False,N/A,
2026-06-09 20:29:47,VFLM 5340,29,Manchester Blue,T2,Tottenham,T1,1.7,4.2,3.95,False,,,False,N/A,
2026-06-09 20:33:25,VFLM 5340,30,Wolverhampton,T3,Crystal Palace,T3,1.8,3.9,3.8,False,,,False,N/A,
2026-06-09 20:33:25,VFLM 5340,30,Bournemouth,T4,Liverpool,T1,5.75,4.1,1.5,False,,,False,N/A,
2026-06-09 20:33:25,VFLM 5340,30,Brighton,T2,Everton,T3,2.4,2.8,3.2,False,,,False,N/A,
2026-06-09 20:33:25,VFLM 5340,30,Tottenham,T1,Fulham,T4,1.35,3.95,10.75,False,,,False,N/A,
2026-06-09 20:33:25,VFLM 5340,30,Leeds,T4,Chelsea,T1,6.25,3.45,1.6,False,,,False,N/A,
2026-06-09 20:33:25,VFLM 5340,30,London Guns,T2,Aston Villa,T2,2.05,3.55,3.2,False,,,False,N/A,
2026-06-09 20:33:25,VFLM 5340,30,Manchester Red,T2,West Ham,T3,1.45,4.65,6.0,False,,,False,N/A,
2026-06-09 20:33:25,VFLM 5340,30,Newcastle,T4,Manchester Blue,T1,5.25,4.0,1.55,False,,,False,N/A,
2026-06-09 20:37:00,VFLM 5340,1,Leeds,T0,Bournemouth,T0,1.85,3.3,4.1,False,,,False,N/A,
2026-06-09 20:37:00,VFLM 5340,1,Crystal Palace,T0,Fulham,T0,2.15,3.45,3.05,False,,,False,N/A,
2026-06-09 20:37:00,VFLM 5340,1,Brighton,T0,Newcastle,T0,1.9,3.1,4.25,False,,,False,N/A,
2026-06-09 20:37:00,VFLM 5340,1,Manchester Red,T0,Liverpool,T0,2.35,3.4,2.8,False,,,False,N/A,
2026-06-09 20:37:00,VFLM 5340,1,Manchester Blue,T0,West Ham,T0,1.45,5.0,5.25,False,,,False,N/A,
2026-06-09 20:37:00,VFLM 5340,1,Chelsea,T0,Everton,T0,1.65,3.45,5.25,False,,,False,N/A,
2026-06-09 20:37:00,VFLM 5340,1,London Guns,T0,Aston Villa,T0,2.05,3.55,3.2,False,,,False,N/A,
2026-06-09 20:37:00,VFLM 5340,1,Tottenham,T0,Wolverhampton,T0,1.5,4.5,5.0,False,,,False,N/A,
2026-06-09 20:41:10,VFLM 5341,1,Leeds,T0,Bournemouth,T0,1.85,3.3,4.1,False,,,False,N/A,
2026-06-09 20:41:10,VFLM 5341,1,Crystal Palace,T0,Fulham,T0,2.15,3.45,3.05,False,,,False,N/A,
2026-06-09 20:41:10,VFLM 5341,1,Brighton,T0,Newcastle,T0,1.9,3.1,4.25,False,,,False,N/A,
2026-06-09 20:41:10,VFLM 5341,1,Manchester Red,T0,Liverpool,T0,2.35,3.4,2.8,False,,,False,N/A,
2026-06-09 20:41:10,VFLM 5341,1,Manchester Blue,T0,West Ham,T0,1.45,5.0,5.25,False,,,False,N/A,
2026-06-09 20:41:10,VFLM 5341,1,Chelsea,T0,Everton,T0,1.65,3.45,5.25,False,,,False,N/A,
2026-06-09 20:41:10,VFLM 5341,1,London Guns,T0,Aston Villa,T0,2.05,3.55,3.2,False,,,False,N/A,
2026-06-09 20:41:10,VFLM 5341,1,Tottenham,T0,Wolverhampton,T0,1.5,4.5,5.0,False,,,False,N/A,
2026-06-09 20:42:42,VFLM 5341,2,Bournemouth,T0,Chelsea,T0,6.0,3.95,1.5,False,,,False,N/A,
2026-06-09 20:42:42,VFLM 5341,2,Liverpool,T0,Tottenham,T0,1.7,4.3,3.95,False,,,False,N/A,
2026-06-09 20:42:42,VFLM 5341,2,Fulham,T0,Brighton,T0,2.9,3.5,2.2,False,,,False,N/A,
2026-06-09 20:42:55,VFLM 5341,2,Wolverhampton,T0,Leeds,T0,1.95,3.55,3.5,True,HOME WIN,5/5 (100%),False,FAILED,Confirm button not found
2026-06-09 20:42:55,VFLM 5341,2,Everton,T0,London Guns,T0,2.7,3.25,2.5,False,,,False,N/A,
2026-06-09 20:42:55,VFLM 5341,2,Newcastle,T0,Manchester Red,T0,5.25,3.7,1.6,False,,,False,N/A,
2026-06-09 20:42:55,VFLM 5341,2,West Ham,T0,Crystal Palace,T0,1.6,3.9,4.85,False,,,False,N/A,
2026-06-09 20:42:55,VFLM 5341,2,Aston Villa,T0,Manchester Blue,T0,2.5,3.85,2.35,False,,,False,N/A,
2026-06-09 20:46:24,VFLM 5341,3,Chelsea,T1,Wolverhampton,T2,1.45,5.0,5.25,False,,,False,N/A,
2026-06-09 20:46:24,VFLM 5341,3,Manchester Blue,T1,Everton,T3,1.4,4.7,6.25,False,,,False,N/A,
2026-06-09 20:46:24,VFLM 5341,3,Leeds,T3,Liverpool,T4,5.75,3.4,1.65,False,,,False,N/A,
2026-06-09 20:46:24,VFLM 5341,3,Crystal Palace,T2,Aston Villa,T3,4.5,3.4,1.75,False,,,False,N/A,
2026-06-09 20:46:24,VFLM 5341,3,Tottenham,T2,Manchester Red,T2,2.4,3.7,2.55,False,,,False,N/A,
2026-06-09 20:46:24,VFLM 5341,3,Brighton,T1,West Ham,T4,2.15,3.6,2.95,False,,,False,N/A,
2026-06-09 20:46:24,VFLM 5341,3,Fulham,T4,Newcastle,T4,2.2,3.5,2.95,False,,,False,N/A,
2026-06-09 20:46:24,VFLM 5341,3,London Guns,T3,Bournemouth,T1,1.35,4.75,8.0,False,,,False,N/A,
2026-06-09 20:50:04,VFLM 5341,4,Aston Villa,T1,Brighton,T2,1.65,3.2,6.0,False,,,False,N/A,
2026-06-09 20:50:04,VFLM 5341,4,Newcastle,T4,Tottenham,T2,3.5,4.2,1.8,False,,,False,N/A,
2026-06-09 20:50:04,VFLM 5341,4,Bournemouth,T1,Manchester Blue,T3,5.5,4.65,1.45,False,,,False,N/A,
2026-06-09 20:50:04,VFLM 5341,4,West Ham,T3,Fulham,T3,1.6,3.5,5.75,False,,,False,N/A,
2026-06-09 20:50:04,VFLM 5341,4,Liverpool,T4,Chelsea,T2,2.15,3.8,2.9,False,,,False,N/A,
2026-06-09 20:50:04,VFLM 5341,4,Manchester Red,T1,Leeds,T4,1.35,4.25,10.25,False,,,False,N/A,
2026-06-09 20:50:04,VFLM 5341,4,Wolverhampton,T2,London Guns,T1,2.8,3.6,2.25,False,,,False,N/A,
2026-06-09 20:50:04,VFLM 5341,4,Everton,T4,Crystal Palace,T3,1.65,3.35,5.75,False,,,False,N/A,
2026-06-09 20:53:44,VFLM 5341,5,London Guns,T2,Liverpool,T3,2.6,3.6,2.4,False,,,False,N/A,
2026-06-09 20:53:44,VFLM 5341,5,Leeds,T4,Tottenham,T1,4.1,3.25,1.9,False,,,False,N/A,
2026-06-09 20:53:44,VFLM 5341,5,Manchester Blue,T1,Wolverhampton,T3,1.3,5.75,6.75,False,,,False,N/A,
2026-06-09 20:53:44,VFLM 5341,5,Chelsea,T1,Manchester Red,T1,2.65,3.6,2.35,False,,,False,N/A,
2026-06-09 20:53:44,VFLM 5341,5,Crystal Palace,T3,Bournemouth,T2,2.0,3.45,3.4,False,,,False,N/A,
2026-06-09 20:53:44,VFLM 5341,5,West Ham,T3,Newcastle,T4,1.55,4.65,4.4,False,,,False,N/A,
2026-06-09 20:53:44,VFLM 5341,5,Brighton,T2,Everton,T4,2.4,2.85,3.2,False,,,False,N/A,
2026-06-09 20:53:44,VFLM 5341,5,Fulham,T4,Aston Villa,T2,4.85,3.45,1.7,False,,,False,N/A,
2026-06-09 20:57:24,VFLM 5341,6,Liverpool,T4,Manchester Blue,T1,2.0,3.9,3.05,False,,,False,N/A,
2026-06-09 20:57:24,VFLM 5341,6,Aston Villa,T2,West Ham,T2,1.7,3.95,4.25,False,,,False,N/A,
2026-06-09 20:57:24,VFLM 5341,6,Wolverhampton,T3,Crystal Palace,T3,1.8,3.9,3.8,False,,,False,N/A,
2026-06-09 20:57:24,VFLM 5341,6,Manchester Red,T1,London Guns,T1,1.85,3.65,3.8,False,,,False,N/A,
2026-06-09 20:57:24,VFLM 5341,6,Newcastle,T2,Leeds,T4,2.5,3.1,2.8,False,,,False,N/A,
2026-06-09 20:57:24,VFLM 5341,6,Everton,T4,Fulham,T4,1.7,3.35,5.25,False,,,False,N/A,
2026-06-09 20:57:24,VFLM 5341,6,Tottenham,T2,Chelsea,T1,2.3,4.25,2.45,False,,,False,N/A,
2026-06-09 20:57:24,VFLM 5341,6,Bournemouth,T3,Brighton,T3,3.0,3.1,2.35,False,,,False,N/A,
2026-06-09 21:01:05,VFLM 5341,7,Manchester Blue,T1,Manchester Red,T2,1.85,3.95,3.4,False,,,False,N/A,
2026-06-09 21:01:05,VFLM 5341,7,Crystal Palace,T2,Liverpool,T4,4.65,4.1,1.6,False,,,False,N/A,
2026-06-09 21:01:05,VFLM 5341,7,West Ham,T1,Everton,T4,2.15,3.3,3.2,False,,,False,N/A,
2026-06-09 21:01:05,VFLM 5341,7,Brighton,T2,Wolverhampton,T4,1.95,3.85,3.3,False,,,False,N/A,
2026-06-09 21:01:05,VFLM 5341,7,Chelsea,T1,Leeds,T4,1.35,4.35,9.0,False,,,False,N/A,
2026-06-09 21:01:05,VFLM 5341,7,London Guns,T1,Tottenham,T2,1.95,4.0,3.15,False,,,False,N/A,
2026-06-09 21:01:05,VFLM 5341,7,Fulham,T3,Bournemouth,T3,2.3,3.0,3.25,False,,,False,N/A,
2026-06-09 21:01:05,VFLM 5341,7,Aston Villa,T3,Newcastle,T3,1.4,4.65,6.5,False,,,False,N/A,
2026-06-09 21:04:46,VFLM 5341,8,Leeds,T4,London Guns,T1,3.9,3.25,1.95,False,,,False,N/A,
2026-06-09 21:04:46,VFLM 5341,8,Liverpool,T4,Brighton,T3,1.4,5.25,6.0,False,,,False,N/A,
2026-06-09 21:04:46,VFLM 5341,8,Bournemouth,T2,West Ham,T1,3.25,3.3,2.15,False,,,False,N/A,
2026-06-09 21:04:46,VFLM 5341,8,Everton,T3,Aston Villa,T2,3.0,2.95,2.45,False,,,False,N/A,
2026-06-09 21:04:46,VFLM 5341,8,Tottenham,T3,Manchester Blue,T1,2.4,3.8,2.5,False,,,False,N/A,
2026-06-09 21:04:46,VFLM 5341,8,Manchester Red,T2,Crystal Palace,T2,1.25,5.5,10.0,False,,,False,N/A,
2026-06-09 21:04:46,VFLM 5341,8,Newcastle,T3,Chelsea,T1,4.95,4.1,1.55,False,,,False,N/A,
2026-06-09 21:04:46,VFLM 5341,8,Wolverhampton,T4,Fulham,T4,1.75,3.65,4.3,False,,,False,N/A,
2026-06-09 21:08:21,VFLM 5341,9,Crystal Palace,T3,Tottenham,T2,4.35,3.7,1.7,False,,,False,N/A,
2026-06-09 21:08:21,VFLM 5341,9,Manchester Blue,T1,Leeds,T4,1.3,4.85,8.5,False,,,False,N/A,
2026-06-09 21:08:21,VFLM 5341,9,Fulham,T3,Liverpool,T3,5.5,3.55,1.6,False,,,False,N/A,
2026-06-09 21:08:21,VFLM 5341,9,London Guns,T1,Chelsea,T1,2.25,3.5,2.85,False,,,False,N/A,
2026-06-09 21:08:21,VFLM 5341,9,Everton,T4,Newcastle,T4,1.65,3.45,5.25,False,,,False,N/A,
2026-06-09 21:08:21,VFLM 5341,9,Aston Villa,T2,Bournemouth,T3,1.4,4.15,8.5,False,,,False,N/A,
2026-06-09 21:08:21,VFLM 5341,9,Brighton,T2,Manchester Red,T2,3.55,3.6,1.9,False,,,False,N/A,
2026-06-09 21:08:21,VFLM 5341,9,West Ham,T1,Wolverhampton,T4,1.85,4.65,3.15,False,,,False,N/A,
2026-06-09 21:12:02,VFLM 5341,10,Wolverhampton,T4,Aston Villa,T2,3.25,3.8,1.95,False,,,False,N/A,
2026-06-09 21:12:02,VFLM 5341,10,Newcastle,T4,London Guns,T2,3.15,4.0,1.95,False,,,False,N/A,
2026-06-09 21:12:02,VFLM 5341,10,Manchester Red,T1,Fulham,T3,1.3,4.85,9.75,False,,,False,N/A,
2026-06-09 21:12:02,VFLM 5341,10,Liverpool,T2,West Ham,T1,1.4,5.0,5.75,False,,,False,N/A,
2026-06-09 21:12:02,VFLM 5341,10,Bournemouth,T3,Everton,T3,3.55,3.25,2.05,False,,,False,N/A,
2026-06-09 21:12:02,VFLM 5341,10,Leeds,T4,Crystal Palace,T4,2.05,3.05,3.85,False,,,False,N/A,
2026-06-09 21:12:02,VFLM 5341,10,Chelsea,T1,Manchester Blue,T1,2.0,4.45,2.8,False,,,False,N/A,
2026-06-09 21:12:02,VFLM 5341,10,Tottenham,T2,Brighton,T3,1.55,3.85,5.5,False,,,False,N/A,
2026-06-09 21:15:44,VFLM 5341,11,West Ham,T1,Manchester Red,T1,3.85,3.4,1.9,False,,,False,N/A,
2026-06-09 21:15:44,VFLM 5341,11,Manchester Blue,T1,London Guns,T2,1.65,4.25,4.25,False,,,False,N/A,
2026-06-09 21:15:44,VFLM 5341,11,Everton,T3,Wolverhampton,T4,1.9,3.6,3.7,False,,,False,N/A,
2026-06-09 21:15:44,VFLM 5341,11,Aston Villa,T2,Liverpool,T2,2.45,3.3,2.7,False,,,False,N/A,
2026-06-09 21:15:44,VFLM 5341,11,Bournemouth,T4,Newcastle,T3,2.65,3.05,2.65,False,,,False,N/A,
2026-06-09 21:15:44,VFLM 5341,11,Crystal Palace,T4,Chelsea,T1,6.0,4.2,1.5,False,,,False,N/A,
2026-06-09 21:15:44,VFLM 5341,11,Fulham,T3,Tottenham,T2,4.1,3.45,1.85,False,,,False,N/A,
2026-06-09 21:15:44,VFLM 5341,11,Brighton,T3,Leeds,T4,1.9,3.15,4.35,False,,,False,N/A,
2026-06-09 21:19:25,VFLM 5341,12,Newcastle,T3,Manchester Blue,T1,5.25,4.0,1.55,False,,,False,N/A,
2026-06-09 21:19:25,VFLM 5341,12,Tottenham,T2,West Ham,T1,1.65,3.9,4.7,False,,,False,N/A,
2026-06-09 21:19:25,VFLM 5341,12,Chelsea,T1,Brighton,T3,1.55,4.0,5.25,False,,,False,N/A,
2026-06-09 21:19:25,VFLM 5341,12,Leeds,T4,Fulham,T3,2.1,3.1,3.5,False,,,False,N/A,
2026-06-09 21:19:25,VFLM 5341,12,Liverpool,T2,Everton,T4,1.55,3.65,6.5,False,,,False,N/A,
2026-06-09 21:19:25,VFLM 5341,12,Wolverhampton,T4,Bournemouth,T3,1.55,4.45,4.65,False,,,False,N/A,
2026-06-09 21:19:25,VFLM 5341,12,London Guns,T2,Crystal Palace,T4,1.35,4.85,7.0,False,,,False,N/A,
2026-06-09 21:19:25,VFLM 5341,12,Manchester Red,T1,Aston Villa,T2,1.9,3.35,3.9,False,,,False,N/A,
2026-06-09 21:23:06,VFLM 5341,13,Fulham,T3,Chelsea,T1,5.75,4.1,1.5,False,,,False,N/A,
2026-06-09 21:23:06,VFLM 5341,13,Bournemouth,T3,Liverpool,T2,5.75,4.05,1.5,False,,,False,N/A,
2026-06-09 21:23:06,VFLM 5341,13,Aston Villa,T2,Tottenham,T1,2.1,3.15,3.45,False,,,False,N/A,
2026-06-09 21:23:06,VFLM 5341,13,Crystal Palace,T4,Manchester Blue,T1,5.0,3.9,1.6,False,,,False,N/A,
2026-06-09 21:23:06,VFLM 5341,13,Wolverhampton,T4,Newcastle,T3,1.8,3.8,3.85,False,,,False,N/A,
2026-06-09 21:23:06,VFLM 5341,13,West Ham,T1,Leeds,T4,1.8,3.5,4.15,False,,,False,N/A,
2026-06-09 21:23:06,VFLM 5341,13,Everton,T3,Manchester Red,T2,3.75,3.15,2.0,False,,,False,N/A,
2026-06-09 21:23:06,VFLM 5341,13,Brighton,T4,London Guns,T2,3.15,3.6,2.05,False,,,False,N/A,
2026-06-09 21:26:43,VFLM 5341,14,Manchester Blue,T1,Brighton,T4,1.35,4.8,7.25,False,,,False,N/A,
2026-06-09 21:26:43,VFLM 5341,14,Tottenham,T1,Everton,T3,1.8,3.25,4.55,False,,,False,N/A,
2026-06-09 21:26:43,VFLM 5341,14,Liverpool,T2,Wolverhampton,T4,1.4,4.35,7.75,False,,,False,N/A,
2026-06-09 21:26:43,VFLM 5341,14,Newcastle,T3,Crystal Palace,T4,2.0,3.85,3.1,False,,,False,N/A,
2026-06-09 21:26:43,VFLM 5341,14,London Guns,T2,Fulham,T4,1.35,5.0,7.75,False,,,False,N/A,
2026-06-09 21:26:43,VFLM 5341,14,Manchester Red,T2,Bournemouth,T3,1.3,4.8,9.0,False,,,False,N/A,
2026-06-09 21:26:43,VFLM 5341,14,Leeds,T3,Aston Villa,T2,4.15,3.1,1.95,False,,,False,N/A,
2026-06-09 21:26:43,VFLM 5341,14,Chelsea,T1,West Ham,T1,1.65,3.95,4.55,False,,,False,N/A,
2026-06-09 21:30:24,VFLM 5341,15,Everton,T3,Leeds,T3,1.9,3.05,4.45,False,,,False,N/A,
2026-06-09 21:30:24,VFLM 5341,15,Liverpool,T2,Newcastle,T3,1.3,4.95,10.0,False,,,False,N/A,
2026-06-09 21:30:24,VFLM 5341,15,Brighton,T4,Crystal Palace,T4,1.75,4.0,3.8,False,,,False,N/A,
2026-06-09 21:30:24,VFLM 5341,15,West Ham,T1,London Guns,T2,2.85,3.8,2.15,False,,,False,N/A,
2026-06-09 21:30:24,VFLM 5341,15,Aston Villa,T2,Chelsea,T1,2.4,3.35,2.7,False,,,False,N/A,
2026-06-09 21:30:24,VFLM 5341,15,Bournemouth,T3,Tottenham,T1,4.8,3.4,1.75,False,,,False,N/A,
2026-06-09 21:30:24,VFLM 5341,15,Fulham,T4,Manchester Blue,T1,4.65,4.75,1.55,False,,,False,N/A,
2026-06-09 21:30:24,VFLM 5341,15,Wolverhampton,T4,Manchester Red,T2,3.9,3.7,1.8,False,,,False,N/A,
2026-06-09 21:34:05,VFLM 5341,16,Fulham,T4,Crystal Palace,T3,2.3,3.25,3.0,False,,,False,N/A,
2026-06-09 21:34:05,VFLM 5341,16,Newcastle,T3,Brighton,T4,2.45,3.45,2.6,False,,,False,N/A,
2026-06-09 21:34:05,VFLM 5341,16,Liverpool,T2,Manchester Red,T2,2.0,3.85,3.1,False,,,False,N/A,
2026-06-09 21:34:05,VFLM 5341,16,West Ham,T1,Manchester Blue,T2,4.15,4.0,1.7,False,,,False,N/A,
2026-06-09 21:34:05,VFLM 5341,16,Everton,T3,Chelsea,T1,3.15,3.3,2.2,False,,,False,N/A,
2026-06-09 21:34:05,VFLM 5341,16,Aston Villa,T2,London Guns,T1,2.2,3.2,3.15,False,,,False,N/A,
2026-06-09 21:34:05,VFLM 5341,16,Wolverhampton,T4,Tottenham,T1,3.05,4.15,1.95,False,,,False,N/A,
2026-06-09 21:34:05,VFLM 5341,16,Bournemouth,T3,Leeds,T4,2.55,3.0,2.85,False,,,False,N/A,
2026-06-09 21:37:47,VFLM 5341,17,Manchester Blue,T2,Aston Villa,T2,1.75,4.05,3.8,False,,,False,N/A,
2026-06-09 21:37:47,VFLM 5341,17,Chelsea,T1,Bournemouth,T3,1.25,6.25,8.25,False,,,False,N/A,
2026-06-09 21:37:47,VFLM 5341,17,Tottenham,T1,Liverpool,T2,2.65,3.2,2.6,False,,,False,N/A,
2026-06-09 21:37:47,VFLM 5341,17,Brighton,T3,Fulham,T4,1.75,3.4,4.7,False,,,False,N/A,
2026-06-09 21:37:47,VFLM 5341,17,Leeds,T3,Wolverhampton,T4,2.5,3.4,2.6,False,,,False,N/A,
2026-06-09 21:37:47,VFLM 5341,17,London Guns,T1,Everton,T4,1.65,3.95,4.4,False,,,False,N/A,
2026-06-09 21:37:47,VFLM 5341,17,Manchester Red,T1,Newcastle,T4,1.3,4.85,9.0,False,,,False,N/A,
2026-06-09 21:37:47,VFLM 5341,17,Crystal Palace,T3,West Ham,T2,2.8,3.7,2.2,False,,,False,N/A,
2026-06-09 21:41:23,VFLM 5341,18,Everton,T4,Manchester Blue,T2,3.2,3.35,2.15,False,,,False,N/A,
2026-06-09 21:41:23,VFLM 5341,18,Liverpool,T2,Leeds,T3,1.4,3.85,9.0,False,,,False,N/A,
2026-06-09 21:41:23,VFLM 5341,18,Aston Villa,T2,Crystal Palace,T3,1.35,4.5,8.0,False,,,False,N/A,
2026-06-09 21:41:23,VFLM 5341,18,Manchester Red,T2,Tottenham,T1,1.75,3.8,4.1,False,,,False,N/A,
2026-06-09 21:41:23,VFLM 5341,18,West Ham,T1,Brighton,T4,2.0,3.25,3.6,False,,,False,N/A,
2026-06-09 21:41:23,VFLM 5341,18,Newcastle,T4,Fulham,T4,1.95,3.6,3.45,False,,,False,N/A,
2026-06-09 21:41:23,VFLM 5341,18,Bournemouth,T3,London Guns,T1,3.7,3.95,1.8,False,,,False,N/A,
2026-06-09 21:41:23,VFLM 5341,18,Wolverhampton,T3,Chelsea,T1,3.5,4.3,1.8,False,,,False,N/A,
2026-06-09 21:45:04,VFLM 5341,19,Crystal Palace,T4,Everton,T4,3.0,3.3,2.25,False,,,False,N/A,
2026-06-09 21:45:04,VFLM 5341,19,Brighton,T4,Aston Villa,T2,3.35,3.1,2.2,False,,,False,N/A,
2026-06-09 21:45:04,VFLM 5341,19,Tottenham,T1,Newcastle,T4,1.4,4.8,6.75,False,,,False,N/A,
2026-06-09 21:45:04,VFLM 5341,19,Manchester Blue,T2,Bournemouth,T3,1.3,5.0,8.75,False,,,False,N/A,
2026-06-09 21:45:04,VFLM 5341,19,Fulham,T3,West Ham,T1,2.95,3.55,2.15,False,,,False,N/A,
2026-06-09 21:45:04,VFLM 5341,19,Chelsea,T1,Liverpool,T2,2.15,3.6,2.95,False,,,False,N/A,
2026-06-09 21:45:04,VFLM 5341,19,Leeds,T3,Manchester Red,T2,5.5,3.4,1.65,False,,,False,N/A,
2026-06-09 21:45:04,VFLM 5341,19,London Guns,T1,Wolverhampton,T3,1.5,5.0,4.8,False,,,False,N/A,
2026-06-09 21:48:47,VFLM 5341,20,Tottenham,T2,Leeds,T3,1.5,3.9,6.5,False,,,False,N/A,
2026-06-09 21:48:47,VFLM 5341,20,Wolverhampton,T3,Manchester Blue,T1,4.0,4.2,1.7,False,,,False,N/A,
2026-06-09 21:48:47,VFLM 5341,20,Manchester Red,T1,Chelsea,T1,2.0,3.4,3.5,False,,,False,N/A,
2026-06-09 21:48:47,VFLM 5341,20,Bournemouth,T4,Crystal Palace,T4,2.35,3.15,2.9,False,,,False,N/A,
2026-06-09 21:48:47,VFLM 5341,20,Newcastle,T3,West Ham,T2,2.65,3.75,2.3,False,,,False,N/A,
2026-06-09 21:48:47,VFLM 5341,20,Everton,T4,Brighton,T4,2.05,3.1,3.75,False,,,False,N/A,
2026-06-09 21:48:47,VFLM 5341,20,Aston Villa,T2,Fulham,T3,1.45,3.85,7.25,False,,,False,N/A,
2026-06-09 21:48:47,VFLM 5341,20,Liverpool,T2,London Guns,T1,1.75,3.9,3.95,False,,,False,N/A,
2026-06-09 21:52:23,VFLM 5341,21,Brighton,T4,Bournemouth,T4,1.85,3.3,4.35,False,,,False,N/A,
2026-06-09 21:52:23,VFLM 5341,21,Manchester Blue,T1,Liverpool,T2,2.05,3.8,3.0,False,,,False,N/A,
2026-06-09 21:52:23,VFLM 5341,21,West Ham,T2,Aston Villa,T2,2.95,3.5,2.2,False,,,False,N/A,
2026-06-09 21:52:23,VFLM 5341,21,Crystal Palace,T4,Wolverhampton,T3,2.3,4.2,2.45,False,,,False,N/A,
2026-06-09 21:52:23,VFLM 5341,21,London Guns,T1,Manchester Red,T1,2.4,3.6,2.6,False,,,False,N/A,
2026-06-09 21:52:23,VFLM 5341,21,Leeds,T3,Newcastle,T3,2.1,3.3,3.4,False,,,False,N/A,
2026-06-09 21:52:23,VFLM 5341,21,Fulham,T3,Everton,T4,4.5,3.05,1.9,False,,,False,N/A,
2026-06-09 21:52:23,VFLM 5341,21,Chelsea,T1,Tottenham,T2,1.95,3.3,3.8,False,,,False,N/A,
2026-06-09 21:56:05,VFLM 5341,22,Liverpool,T2,Crystal Palace,T4,1.25,5.25,11.75,False,,,False,N/A,
2026-06-09 21:56:05,VFLM 5341,22,Everton,T3,West Ham,T1,2.25,3.75,2.7,False,,,False,N/A,
2026-06-09 21:56:05,VFLM 5341,22,Wolverhampton,T4,Brighton,T4,2.0,3.9,3.05,False,,,False,N/A,
2026-06-09 21:56:05,VFLM 5341,22,Leeds,T3,Chelsea,T1,6.25,3.45,1.6,False,,,False,N/A,
2026-06-09 21:56:05,VFLM 5341,22,Tottenham,T1,London Guns,T2,2.05,3.35,3.45,False,,,False,N/A,
2026-06-09 21:56:05,VFLM 5341,22,Bournemouth,T3,Fulham,T4,2.35,3.15,3.0,False,,,False,N/A,
2026-06-09 21:56:05,VFLM 5341,22,Newcastle,T3,Aston Villa,T2,3.85,3.4,1.9,False,,,False,N/A,
2026-06-09 21:56:05,VFLM 5341,22,Manchester Red,T2,Manchester Blue,T1,2.35,3.65,2.65,False,,,False,N/A,
2026-06-09 21:59:47,VFLM 5341,23,Fulham,T3,Wolverhampton,T4,2.6,3.95,2.3,False,,,False,N/A,
2026-06-09 21:59:47,VFLM 5341,23,London Guns,T1,Leeds,T3,1.5,4.05,6.25,False,,,False,N/A,
2026-06-09 21:59:47,VFLM 5341,23,Brighton,T4,Liverpool,T2,3.85,3.25,1.95,False,,,False,N/A,
2026-06-09 21:59:47,VFLM 5341,23,West Ham,T1,Bournemouth,T3,1.6,4.05,4.9,False,,,False,N/A,
2026-06-09 21:59:47,VFLM 5341,23,Aston Villa,T2,Everton,T4,1.95,2.9,4.65,False,,,False,N/A,
2026-06-09 21:59:47,VFLM 5341,23,Manchester Blue,T1,Tottenham,T2,1.7,4.2,3.95,False,,,False,N/A,
2026-06-09 21:59:47,VFLM 5341,23,Crystal Palace,T3,Manchester Red,T2,5.0,4.55,1.5,False,,,False,N/A,
2026-06-09 21:59:47,VFLM 5341,23,Chelsea,T1,Newcastle,T4,1.35,5.25,7.25,False,,,False,N/A,
2026-06-09 22:03:26,VFLM 5341,24,Leeds,T3,Manchester Blue,T1,4.9,3.45,1.7,False,,,False,N/A,
2026-06-09 22:03:26,VFLM 5341,24,Liverpool,T2,Fulham,T3,1.3,4.65,10.75,False,,,False,N/A,
2026-06-09 22:03:26,VFLM 5341,24,Chelsea,T1,London Guns,T1,1.8,3.95,3.8,False,,,False,N/A,
2026-06-09 22:03:26,VFLM 5341,24,Newcastle,T4,Everton,T4,3.1,3.05,2.3,False,,,False,N/A,
2026-06-09 22:03:26,VFLM 5341,24,Bournemouth,T3,Aston Villa,T2,4.65,3.8,1.65,False,,,False,N/A,
2026-06-09 22:03:26,VFLM 5341,24,Manchester Red,T2,Brighton,T4,1.5,3.5,7.5,False,,,False,N/A,
2026-06-09 22:03:26,VFLM 5341,24,Wolverhampton,T4,West Ham,T1,2.1,4.15,2.75,False,,,False,N/A,
2026-06-09 22:03:26,VFLM 5341,24,Tottenham,T2,Crystal Palace,T3,1.4,4.8,6.5,False,,,False,N/A,
2026-06-09 22:07:03,VFLM 5341,25,Brighton,T4,Tottenham,T2,3.05,3.3,2.2,False,,,False,N/A,
2026-06-09 22:07:03,VFLM 5341,25,Aston Villa,T2,Wolverhampton,T4,1.55,4.1,5.25,False,,,False,N/A,
2026-06-09 22:07:19,VFLM 5341,25,London Guns,T1,Newcastle,T4,1.5,3.9,6.0,True,HOME WIN,4/4 (100%),False,FAILED,Confirm button not found
2026-06-09 22:07:19,VFLM 5341,25,Fulham,T3,Manchester Red,T2,5.25,3.7,1.6,False,,,False,N/A,
2026-06-09 22:07:19,VFLM 5341,25,West Ham,T1,Liverpool,T2,3.6,3.75,1.85,False,,,False,N/A,
2026-06-09 22:07:19,VFLM 5341,25,Everton,T4,Bournemouth,T3,1.65,3.25,6.0,False,,,False,N/A,
2026-06-09 22:07:19,VFLM 5341,25,Crystal Palace,T3,Leeds,T3,2.25,3.2,3.1,False,,,False,N/A,
2026-06-09 22:07:19,VFLM 5341,25,Manchester Blue,T1,Chelsea,T1,1.9,4.15,3.2,False,,,False,N/A,
2026-06-09 22:10:47,VFLM 5341,26,London Guns,T1,Manchester Blue,T1,2.3,4.3,2.45,False,,,False,N/A,
2026-06-09 22:10:47,VFLM 5341,26,Wolverhampton,T4,Everton,T4,2.5,3.25,2.65,False,,,False,N/A,
2026-06-09 22:10:47,VFLM 5341,26,Liverpool,T2,Aston Villa,T2,1.8,3.3,4.45,False,,,False,N/A,
2026-06-09 22:10:47,VFLM 5341,26,Newcastle,T3,Bournemouth,T3,1.8,3.65,3.95,False,,,False,N/A,
2026-06-09 22:10:47,VFLM 5341,26,Chelsea,T1,Crystal Palace,T3,1.3,5.0,8.75,False,,,False,N/A,
2026-06-09 22:10:47,VFLM 5341,26,Tottenham,T2,Fulham,T4,1.35,3.9,10.75,False,,,False,N/A,
2026-06-09 22:10:47,VFLM 5341,26,Leeds,T3,Brighton,T4,3.1,2.65,2.6,False,,,False,N/A,
2026-06-09 22:10:47,VFLM 5341,26,Manchester Red,T2,West Ham,T1,1.45,4.65,6.0,False,,,False,N/A,
2026-06-09 22:14:25,VFLM 5341,27,Aston Villa,T2,Manchester Red,T2,2.4,3.75,2.5,False,,,False,N/A,
2026-06-09 22:14:25,VFLM 5341,27,Manchester Blue,T1,Newcastle,T3,1.3,5.25,8.5,False,,,False,N/A,
2026-06-09 22:14:25,VFLM 5341,27,West Ham,T1,Tottenham,T2,2.9,3.55,2.2,False,,,False,N/A,
2026-06-09 22:14:25,VFLM 5341,27,Brighton,T4,Chelsea,T1,3.7,3.4,1.95,False,,,False,N/A,
2026-06-09 22:14:25,VFLM 5341,27,Fulham,T4,Leeds,T3,2.7,2.8,2.85,False,,,False,N/A,
2026-06-09 22:14:25,VFLM 5341,27,Everton,T4,Liverpool,T2,3.8,3.0,2.05,False,,,False,N/A,
2026-06-09 22:14:25,VFLM 5341,27,Bournemouth,T3,Wolverhampton,T4,2.75,4.6,2.0,False,,,False,N/A,
2026-06-09 22:14:25,VFLM 5341,27,Crystal Palace,T3,London Guns,T1,3.65,3.9,1.8,False,,,False,N/A,
2026-06-09 22:18:08,VFLM 5341,28,Liverpool,T2,Bournemouth,T3,1.25,5.5,10.0,False,,,False,N/A,
2026-06-09 22:18:08,VFLM 5341,28,Tottenham,T2,Aston Villa,T2,2.35,3.1,3.0,False,,,False,N/A,
2026-06-09 22:18:08,VFLM 5341,28,Manchester Blue,T1,Crystal Palace,T3,1.22,6.75,8.5,False,,,False,N/A,
2026-06-09 22:18:08,VFLM 5341,28,Newcastle,T4,Wolverhampton,T4,2.5,3.65,2.45,False,,,False,N/A,
2026-06-09 22:18:08,VFLM 5341,28,Leeds,T3,West Ham,T2,3.0,3.15,2.3,False,,,False,N/A,
2026-06-09 22:18:08,VFLM 5341,28,Manchester Red,T1,Everton,T3,1.65,3.5,5.25,False,,,False,N/A,
2026-06-09 22:18:08,VFLM 5341,28,London Guns,T1,Brighton,T4,1.5,4.4,5.5,False,,,False,N/A,
2026-06-09 22:18:08,VFLM 5341,28,Chelsea,T1,Fulham,T4,1.3,4.6,10.75,False,,,False,N/A,
2026-06-09 22:21:47,VFLM 5341,29,West Ham,T2,Chelsea,T1,3.3,4.05,1.9,False,,,False,N/A,
2026-06-09 22:21:47,VFLM 5341,29,Brighton,T4,Manchester Blue,T1,4.1,3.65,1.8,False,,,False,N/A,
2026-06-09 22:21:47,VFLM 5341,29,Everton,T4,Tottenham,T2,2.75,3.1,2.55,False,,,False,N/A,
2026-06-09 22:21:47,VFLM 5341,29,Wolverhampton,T4,Liverpool,T1,4.3,3.8,1.7,False,,,False,N/A,
2026-06-09 22:21:47,VFLM 5341,29,Crystal Palace,T3,Newcastle,T4,2.3,3.35,2.85,False,,,False,N/A,
2026-06-09 22:21:47,VFLM 5341,29,Fulham,T3,London Guns,T1,3.85,3.5,1.85,False,,,False,N/A,
2026-06-09 22:21:47,VFLM 5341,29,Bournemouth,T3,Manchester Red,T2,6.0,3.6,1.55,False,,,False,N/A,
2026-06-09 22:21:47,VFLM 5341,29,Aston Villa,T2,Leeds,T3,1.55,3.3,7.75,False,,,False,N/A,
2026-06-09 22:25:26,VFLM 5341,30,Newcastle,T3,Liverpool,T1,5.5,3.85,1.55,False,,,False,N/A,
2026-06-09 22:25:26,VFLM 5341,30,Crystal Palace,T3,Brighton,T4,2.4,3.35,2.7,False,,,False,N/A,
2026-06-09 22:25:26,VFLM 5341,30,London Guns,T1,West Ham,T2,1.7,4.0,4.15,False,,,False,N/A,
2026-06-09 22:25:26,VFLM 5341,30,Chelsea,T1,Aston Villa,T2,1.9,3.4,3.8,False,,,False,N/A,
2026-06-09 22:25:26,VFLM 5341,30,Tottenham,T2,Bournemouth,T3,1.35,4.85,8.25,False,,,False,N/A,
2026-06-09 22:25:26,VFLM 5341,30,Manchester Blue,T1,Fulham,T4,1.2,6.75,9.5,False,,,False,N/A,
2026-06-09 22:25:26,VFLM 5341,30,Manchester Red,T2,Wolverhampton,T4,1.4,4.4,7.0,False,,,False,N/A,
2026-06-09 22:25:26,VFLM 5341,30,Leeds,T3,Everton,T4,3.25,2.65,2.55,False,,,False,N/A,
2026-06-09 22:29:00,VFLM 5341,1,Aston Villa,T0,Tottenham,T0,2.1,3.1,3.5,False,,,False,N/A,
2026-06-09 22:29:00,VFLM 5341,1,Newcastle,T0,Everton,T0,3.15,3.05,2.3,False,,,False,N/A,
2026-06-09 22:29:00,VFLM 5341,1,Manchester Red,T0,Liverpool,T0,2.35,3.4,2.8,False,,,False,N/A,
2026-06-09 22:29:00,VFLM 5341,1,Manchester Blue,T0,Chelsea,T0,1.9,4.2,3.2,False,,,False,N/A,
2026-06-09 22:29:00,VFLM 5341,1,London Guns,T0,West Ham,T0,1.7,4.0,4.15,False,,,False,N/A,
2026-06-09 22:29:00,VFLM 5341,1,Wolverhampton,T0,Crystal Palace,T0,1.8,3.95,3.8,False,,,False,N/A,
2026-06-09 22:29:00,VFLM 5341,1,Bournemouth,T0,Brighton,T0,3.0,3.1,2.35,False,,,False,N/A,
2026-06-09 22:29:00,VFLM 5341,1,Fulham,T0,Leeds,T0,2.7,2.8,2.85,False,,,False,N/A,
2026-06-09 22:33:10,VFLM 5342,1,Aston Villa,T0,Tottenham,T0,2.1,3.1,3.5,False,,,False,N/A,
2026-06-09 22:33:10,VFLM 5342,1,Newcastle,T0,Everton,T0,3.15,3.05,2.3,False,,,False,N/A,
2026-06-09 22:33:10,VFLM 5342,1,Manchester Red,T0,Liverpool,T0,2.35,3.4,2.8,False,,,False,N/A,
2026-06-09 22:33:10,VFLM 5342,1,Manchester Blue,T0,Chelsea,T0,1.9,4.2,3.2,False,,,False,N/A,
2026-06-09 22:33:10,VFLM 5342,1,London Guns,T0,West Ham,T0,1.7,4.0,4.15,False,,,False,N/A,
2026-06-09 22:33:10,VFLM 5342,1,Wolverhampton,T0,Crystal Palace,T0,1.8,3.95,3.8,False,,,False,N/A,
2026-06-09 22:33:10,VFLM 5342,1,Bournemouth,T0,Brighton,T0,3.0,3.1,2.35,False,,,False,N/A,
2026-06-09 22:33:10,VFLM 5342,1,Fulham,T0,Leeds,T0,2.7,2.8,2.85,False,,,False,N/A,
2026-06-09 22:34:55,VFLM 5342,2,Chelsea,T0,Newcastle,T0,1.35,5.25,7.5,True,HOME WIN,9/9 (100%),False,FAILED,Confirm button not found
2026-06-09 22:34:55,VFLM 5342,2,Crystal Palace,T0,Manchester Red,T0,5.0,4.6,1.5,False,,,False,N/A,
2026-06-09 22:34:55,VFLM 5342,2,Tottenham,T0,London Guns,T0,2.05,3.35,3.4,False,,,False,N/A,
2026-06-09 22:34:55,VFLM 5342,2,Brighton,T0,Fulham,T0,1.75,3.35,4.75,False,,,False,N/A,
2026-06-09 22:34:55,VFLM 5342,2,West Ham,T0,Wolverhampton,T0,1.85,4.65,3.15,False,,,False,N/A,
2026-06-09 22:34:55,VFLM 5342,2,Liverpool,T0,Manchester Blue,T0,2.0,3.9,3.05,False,,,False,N/A,
2026-06-09 22:34:55,VFLM 5342,2,Leeds,T0,Aston Villa,T0,4.15,3.1,1.95,False,,,False,N/A,
2026-06-09 22:34:55,VFLM 5342,2,Everton,T0,Bournemouth,T0,1.65,3.25,6.0,False,,,False,N/A,
2026-06-09 22:38:24,VFLM 5342,3,Bournemouth,T2,Chelsea,T4,6.0,4.0,1.5,False,,,False,N/A,
2026-06-09 22:38:24,VFLM 5342,3,London Guns,T3,Aston Villa,T3,2.05,3.6,3.15,False,,,False,N/A,
2026-06-09 22:38:24,VFLM 5342,3,Fulham,T2,Everton,T4,4.6,3.0,1.9,False,,,False,N/A,
2026-06-09 22:38:24,VFLM 5342,3,Brighton,T3,Leeds,T2,1.9,3.1,4.4,False,,,False,N/A,
2026-06-09 22:38:24,VFLM 5342,3,Manchester Blue,T2,Crystal Palace,T1,1.25,6.5,8.5,False,,,False,N/A,
2026-06-09 22:38:24,VFLM 5342,3,Manchester Red,T1,West Ham,T1,1.45,4.6,6.0,False,,,False,N/A,
2026-06-09 22:38:24,VFLM 5342,3,Newcastle,T1,Liverpool,T4,5.5,3.9,1.55,False,,,False,N/A,
2026-06-09 22:38:24,VFLM 5342,3,Wolverhampton,T4,Tottenham,T3,3.1,4.1,1.95,False,,,False,N/A,
2026-06-09 22:42:04,VFLM 5342,4,Liverpool,T2,Bournemouth,T3,1.25,5.75,10.0,False,,,False,N/A,
2026-06-09 22:42:04,VFLM 5342,4,Chelsea,T3,Fulham,T1,1.3,4.6,10.75,False,,,False,N/A,
2026-06-09 22:42:04,VFLM 5342,4,Leeds,T4,London Guns,T2,3.9,3.25,1.95,False,,,False,N/A,
2026-06-09 22:42:04,VFLM 5342,4,Crystal Palace,T3,Newcastle,T1,2.35,3.35,2.85,False,,,False,N/A,
2026-06-09 22:42:04,VFLM 5342,4,Everton,T4,Brighton,T4,2.0,3.15,3.75,False,,,False,N/A,
2026-06-09 22:42:04,VFLM 5342,4,Tottenham,T4,Manchester Red,T1,2.4,3.65,2.55,False,,,False,N/A,
2026-06-09 22:42:04,VFLM 5342,4,Aston Villa,T1,Wolverhampton,T2,1.55,4.1,5.0,False,,,False,N/A,
2026-06-09 22:42:04,VFLM 5342,4,West Ham,T2,Manchester Blue,T3,4.15,4.05,1.7,False,,,False,N/A,
2026-06-09 22:44:28,VFLM 5342,4,Liverpool,T2,Bournemouth,T3,1.25,5.75,10.0,False,,,False,N/A,
2026-06-09 22:44:28,VFLM 5342,4,Chelsea,T3,Fulham,T1,1.3,4.6,10.75,False,,,False,N/A,
2026-06-09 22:44:28,VFLM 5342,4,Leeds,T4,London Guns,T2,3.9,3.25,1.95,False,,,False,N/A,
2026-06-09 22:44:28,VFLM 5342,4,Crystal Palace,T3,Newcastle,T1,2.35,3.35,2.85,False,,,False,N/A,
2026-06-09 22:44:28,VFLM 5342,4,Everton,T4,Brighton,T4,2.0,3.15,3.75,False,,,False,N/A,
2026-06-09 22:44:28,VFLM 5342,4,Tottenham,T4,Manchester Red,T1,2.4,3.65,2.55,False,,,False,N/A,
2026-06-09 22:44:28,VFLM 5342,4,Aston Villa,T1,Wolverhampton,T2,1.55,4.1,5.0,False,,,False,N/A,
2026-06-09 22:44:28,VFLM 5342,4,West Ham,T2,Manchester Blue,T3,4.15,4.05,1.7,False,,,False,N/A,
2026-06-09 22:45:43,VFLM 5342,5,Manchester Red,T1,Aston Villa,T2,1.9,3.35,3.95,False,,,False,N/A,
2026-06-09 22:45:43,VFLM 5342,5,Bournemouth,T4,Crystal Palace,T4,2.4,3.15,2.9,False,,,False,N/A,
2026-06-09 22:45:43,VFLM 5342,5,Everton,T3,Leeds,T3,1.9,3.05,4.5,False,,,False,N/A,
2026-06-09 22:45:43,VFLM 5342,5,Fulham,T2,Liverpool,T3,5.5,3.6,1.6,False,,,False,N/A,
2026-06-09 22:45:43,VFLM 5342,5,Brighton,T4,Chelsea,T2,3.7,3.45,1.95,False,,,False,N/A,
2026-06-09 22:45:43,VFLM 5342,5,Manchester Blue,T1,Tottenham,T2,1.7,4.15,3.95,False,,,False,N/A,
2026-06-09 22:45:43,VFLM 5342,5,Wolverhampton,T4,London Guns,T3,2.8,3.6,2.25,False,,,False,N/A,
2026-06-09 22:45:43,VFLM 5342,5,Newcastle,T1,West Ham,T1,2.65,3.75,2.3,False,,,False,N/A,
2026-06-09 22:49:23,VFLM 5342,6,Crystal Palace,T3,Fulham,T4,2.15,3.45,3.05,False,,,False,N/A,
2026-06-09 22:49:23,VFLM 5342,6,Tottenham,T1,Newcastle,T1,1.4,4.8,6.75,False,,,False,N/A,
2026-06-09 22:49:23,VFLM 5342,6,Chelsea,T1,Everton,T2,1.65,3.4,5.25,False,,,False,N/A,
2026-06-09 22:49:23,VFLM 5342,6,West Ham,T2,Bournemouth,T4,1.6,4.1,4.9,False,,,False,N/A,
2026-06-09 22:49:23,VFLM 5342,6,Aston Villa,T3,Manchester Blue,T1,2.55,3.8,2.35,False,,,False,N/A,
2026-06-09 22:49:23,VFLM 5342,6,Leeds,T3,Wolverhampton,T2,2.5,3.45,2.6,False,,,False,N/A,
2026-06-09 22:49:23,VFLM 5342,6,Liverpool,T4,Brighton,T4,1.4,5.25,6.0,False,,,False,N/A,
2026-06-09 22:49:23,VFLM 5342,6,London Guns,T3,Manchester Red,T2,2.4,3.6,2.6,False,,,False,N/A,
2026-06-09 22:53:03,VFLM 5342,7,Fulham,T4,West Ham,T1,2.95,3.5,2.15,False,,,False,N/A,
2026-06-09 22:53:03,VFLM 5342,7,Manchester Red,T1,Wolverhampton,T2,1.4,4.4,7.0,False,,,False,N/A,
2026-06-09 22:53:03,VFLM 5342,7,Manchester Blue,T2,London Guns,T3,1.65,4.3,4.25,False,,,False,N/A,
2026-06-09 22:53:03,VFLM 5342,7,Brighton,T4,Crystal Palace,T3,1.75,4.05,3.8,False,,,False,N/A,
2026-06-09 22:53:03,VFLM 5342,7,Chelsea,T1,Leeds,T3,1.35,4.3,9.0,False,,,False,N/A,
2026-06-09 22:53:03,VFLM 5342,7,Newcastle,T2,Aston Villa,T4,3.85,3.35,1.9,False,,,False,N/A,
2026-06-09 22:53:03,VFLM 5342,7,Bournemouth,T3,Tottenham,T1,4.75,3.4,1.75,False,,,False,N/A,
2026-06-09 22:53:03,VFLM 5342,7,Everton,T2,Liverpool,T4,3.8,3.0,2.05,False,,,False,N/A,
2026-06-09 22:56:43,VFLM 5342,8,West Ham,T1,Brighton,T4,2.0,3.25,3.6,False,,,False,N/A,
2026-06-09 22:56:43,VFLM 5342,8,Wolverhampton,T2,Manchester Blue,T1,4.0,4.2,1.7,False,,,False,N/A,
2026-06-09 22:56:43,VFLM 5342,8,Tottenham,T1,Fulham,T4,1.35,3.95,10.75,False,,,False,N/A,
2026-06-09 22:56:43,VFLM 5342,8,Crystal Palace,T2,Everton,T3,3.0,3.3,2.25,False,,,False,N/A,
2026-06-09 22:56:43,VFLM 5342,8,Liverpool,T3,Chelsea,T1,2.15,3.8,2.9,False,,,False,N/A,
2026-06-09 22:56:43,VFLM 5342,8,London Guns,T2,Newcastle,T3,1.5,3.9,6.0,False,,,False,N/A,
2026-06-09 22:56:43,VFLM 5342,8,Aston Villa,T4,Bournemouth,T4,1.4,4.15,8.5,False,,,False,N/A,
2026-06-09 22:56:43,VFLM 5342,8,Leeds,T3,Manchester Red,T2,5.5,3.4,1.65,False,,,False,N/A,
2026-06-09 23:00:23,VFLM 5342,9,Manchester Blue,T1,Manchester Red,T2,1.85,3.95,3.4,False,,,False,N/A,
2026-06-09 23:00:23,VFLM 5342,9,Liverpool,T3,Leeds,T4,1.4,3.85,9.0,False,,,False,N/A,
2026-06-09 23:00:23,VFLM 5342,9,Chelsea,T1,Crystal Palace,T2,1.3,5.25,8.75,False,,,False,N/A,
2026-06-09 23:00:23,VFLM 5342,9,Fulham,T3,Aston Villa,T4,4.9,3.4,1.7,False,,,False,N/A,
2026-06-09 23:00:23,VFLM 5342,9,Everton,T3,West Ham,T1,2.25,3.75,2.7,False,,,False,N/A,
2026-06-09 23:00:23,VFLM 5342,9,Bournemouth,T4,London Guns,T2,3.65,3.95,1.8,False,,,False,N/A,
2026-06-09 23:00:23,VFLM 5342,9,Newcastle,T3,Wolverhampton,T2,2.5,3.65,2.45,False,,,False,N/A,
2026-06-09 23:00:23,VFLM 5342,9,Brighton,T4,Tottenham,T1,3.05,3.3,2.2,False,,,False,N/A,
2026-06-09 23:04:05,VFLM 5342,10,London Guns,T2,Fulham,T3,1.35,5.0,7.75,False,,,False,N/A,
2026-06-09 23:04:05,VFLM 5342,10,West Ham,T1,Chelsea,T1,3.35,4.0,1.9,False,,,False,N/A,
2026-06-09 23:04:05,VFLM 5342,10,Leeds,T4,Manchester Blue,T1,4.9,3.45,1.7,False,,,False,N/A,
2026-06-09 23:04:05,VFLM 5342,10,Aston Villa,T4,Brighton,T4,1.65,3.2,6.0,False,,,False,N/A,
2026-06-09 23:04:05,VFLM 5342,10,Tottenham,T2,Everton,T2,1.8,3.25,4.5,False,,,False,N/A,
2026-06-09 23:04:05,VFLM 5342,10,Crystal Palace,T2,Liverpool,T3,4.65,4.1,1.6,False,,,False,N/A,
2026-06-09 23:04:05,VFLM 5342,10,Wolverhampton,T3,Bournemouth,T4,1.55,4.45,4.7,False,,,False,N/A,
2026-06-09 23:04:05,VFLM 5342,10,Manchester Red,T1,Newcastle,T3,1.3,4.85,9.0,False,,,False,N/A,
2026-06-09 23:07:47,VFLM 5342,11,Chelsea,T1,Tottenham,T1,1.95,3.3,3.8,False,,,False,N/A,
2026-06-09 23:07:47,VFLM 5342,11,Crystal Palace,T2,Leeds,T4,2.25,3.2,3.1,False,,,False,N/A,
2026-06-09 23:07:47,VFLM 5342,11,Bournemouth,T4,Manchester Red,T2,6.0,3.6,1.55,False,,,False,N/A,
2026-06-09 23:07:47,VFLM 5342,11,Brighton,T4,London Guns,T1,3.15,3.6,2.05,False,,,False,N/A,
2026-06-09 23:07:47,VFLM 5342,11,Fulham,T3,Wolverhampton,T3,2.6,3.95,2.3,False,,,False,N/A,
2026-06-09 23:07:47,VFLM 5342,11,Everton,T2,Aston Villa,T4,3.0,2.95,2.45,False,,,False,N/A,
2026-06-09 23:07:47,VFLM 5342,11,Newcastle,T3,Manchester Blue,T1,5.25,4.0,1.55,False,,,False,N/A,
2026-06-09 23:07:47,VFLM 5342,11,Liverpool,T3,West Ham,T2,1.4,5.0,5.75,False,,,False,N/A,
2026-06-09 23:11:23,VFLM 5342,12,Aston Villa,T4,Chelsea,T1,2.45,3.35,2.7,False,,,False,N/A,
2026-06-09 23:11:23,VFLM 5342,12,Leeds,T4,Newcastle,T3,2.1,3.25,3.4,False,,,False,N/A,
2026-06-09 23:11:23,VFLM 5342,12,London Guns,T2,Everton,T2,1.65,3.95,4.4,False,,,False,N/A,
2026-06-09 23:11:23,VFLM 5342,12,Manchester Red,T1,Fulham,T3,1.3,4.85,9.75,False,,,False,N/A,
2026-06-09 23:11:23,VFLM 5342,12,Wolverhampton,T3,Brighton,T4,2.0,3.9,3.1,False,,,False,N/A,
2026-06-09 23:11:23,VFLM 5342,12,Tottenham,T1,Liverpool,T2,2.65,3.2,2.6,False,,,False,N/A,
2026-06-09 23:11:23,VFLM 5342,12,West Ham,T2,Crystal Palace,T3,1.6,3.9,4.85,False,,,False,N/A,
2026-06-09 23:11:23,VFLM 5342,12,Manchester Blue,T1,Bournemouth,T4,1.3,5.0,8.5,False,,,False,N/A,
2026-06-09 23:15:05,VFLM 5342,13,Bournemouth,T4,Newcastle,T4,2.65,3.1,2.6,False,,,False,N/A,
2026-06-09 23:15:05,VFLM 5342,13,West Ham,T2,Leeds,T4,1.8,3.5,4.15,False,,,False,N/A,
2026-06-09 23:15:05,VFLM 5342,13,Everton,T3,Wolverhampton,T2,1.9,3.6,3.65,False,,,False,N/A,
2026-06-09 23:15:05,VFLM 5342,13,Liverpool,T2,Aston Villa,T3,1.8,3.3,4.45,False,,,False,N/A,
2026-06-09 23:15:05,VFLM 5342,13,Fulham,T3,Manchester Blue,T1,4.65,4.75,1.55,False,,,False,N/A,
2026-06-09 23:15:05,VFLM 5342,13,Brighton,T4,Manchester Red,T1,3.55,3.65,1.9,False,,,False,N/A,
2026-06-09 23:15:05,VFLM 5342,13,Crystal Palace,T3,Tottenham,T1,4.35,3.7,1.7,False,,,False,N/A,
2026-06-09 23:15:05,VFLM 5342,13,Chelsea,T1,London Guns,T2,1.75,4.0,3.8,False,,,False,N/A,
2026-06-09 23:19:00,VFLM 5342,14,Manchester Red,T1,Everton,T3,1.65,3.55,5.25,True,HOME WIN,5/5 (100%),False,FAILED,Confirm button not found
2026-06-09 23:19:00,VFLM 5342,14,Newcastle,T4,Fulham,T3,1.95,3.6,3.4,False,,,False,N/A,
2026-06-09 23:19:00,VFLM 5342,14,London Guns,T2,Liverpool,T2,2.6,3.6,2.4,False,,,False,N/A,
2026-06-09 23:19:00,VFLM 5342,14,Tottenham,T1,West Ham,T2,1.65,3.9,4.7,False,,,False,N/A,
2026-06-09 23:19:00,VFLM 5342,14,Leeds,T4,Bournemouth,T4,1.85,3.3,4.15,False,,,False,N/A,
2026-06-09 23:19:00,VFLM 5342,14,Manchester Blue,T1,Brighton,T4,1.35,4.8,7.25,False,,,False,N/A,
2026-06-09 23:19:00,VFLM 5342,14,Aston Villa,T3,Crystal Palace,T3,1.35,4.55,8.0,False,,,False,N/A,
2026-06-09 23:19:00,VFLM 5342,14,Wolverhampton,T2,Chelsea,T1,3.5,4.25,1.8,False,,,False,N/A,
2026-06-09 23:22:26,VFLM 5342,15,Everton,T3,Manchester Blue,T1,3.2,3.35,2.15,False,,,False,N/A,
2026-06-09 23:22:26,VFLM 5342,15,Chelsea,T1,Manchester Red,T2,2.65,3.6,2.35,False,,,False,N/A,
2026-06-09 23:22:26,VFLM 5342,15,Crystal Palace,T3,London Guns,T2,3.65,3.9,1.8,False,,,False,N/A,
2026-06-09 23:22:26,VFLM 5342,15,Brighton,T4,Newcastle,T4,1.9,3.1,4.25,False,,,False,N/A,
2026-06-09 23:22:26,VFLM 5342,15,West Ham,T2,Aston Villa,T3,2.95,3.5,2.15,False,,,False,N/A,
2026-06-09 23:22:26,VFLM 5342,15,Liverpool,T2,Wolverhampton,T1,1.4,4.35,7.75,False,,,False,N/A,
2026-06-09 23:22:26,VFLM 5342,15,Tottenham,T1,Leeds,T3,1.5,3.85,6.5,False,,,False,N/A,
2026-06-09 23:22:26,VFLM 5342,15,Fulham,T4,Bournemouth,T4,2.3,3.0,3.25,False,,,False,N/A,
2026-06-09 23:26:03,VFLM 5342,16,Crystal Palace,T3,Wolverhampton,T1,2.35,4.15,2.45,False,,,False,N/A,
2026-06-09 23:26:03,VFLM 5342,16,Brighton,T4,Bournemouth,T4,1.8,3.3,4.4,False,,,False,N/A,
2026-06-09 23:26:03,VFLM 5342,16,Leeds,T4,Fulham,T4,2.1,3.1,3.5,False,,,False,N/A,
2026-06-09 23:26:03,VFLM 5342,16,Tottenham,T2,Aston Villa,T3,2.35,3.1,3.0,False,,,False,N/A,
2026-06-09 23:26:03,VFLM 5342,16,Everton,T3,Newcastle,T3,1.65,3.45,5.25,False,,,False,N/A,
2026-06-09 23:26:03,VFLM 5342,16,Liverpool,T2,Manchester Red,T1,2.0,3.85,3.1,False,,,False,N/A,
2026-06-09 23:26:03,VFLM 5342,16,Chelsea,T1,Manchester Blue,T1,2.0,4.45,2.8,False,,,False,N/A,
2026-06-09 23:26:03,VFLM 5342,16,West Ham,T2,London Guns,T2,2.85,3.75,2.15,False,,,False,N/A,
2026-06-09 23:29:46,VFLM 5342,17,Fulham,T4,Brighton,T4,2.9,3.5,2.2,False,,,False,N/A,
2026-06-09 23:29:46,VFLM 5342,17,Wolverhampton,T1,West Ham,T2,2.1,4.15,2.75,False,,,False,N/A,
2026-06-09 23:29:46,VFLM 5342,17,Manchester Blue,T1,Liverpool,T2,2.05,3.75,3.0,False,,,False,N/A,
2026-06-09 23:29:46,VFLM 5342,17,Aston Villa,T3,Leeds,T4,1.55,3.3,7.75,False,,,False,N/A,
2026-06-09 23:29:46,VFLM 5342,17,Bournemouth,T4,Everton,T3,3.6,3.2,2.05,False,,,False,N/A,
2026-06-09 23:29:46,VFLM 5342,17,Newcastle,T3,Chelsea,T1,4.95,4.15,1.55,False,,,False,N/A,
2026-06-09 23:29:46,VFLM 5342,17,Manchester Red,T2,Crystal Palace,T3,1.25,5.5,10.0,False,,,False,N/A,
2026-06-09 23:29:46,VFLM 5342,17,London Guns,T2,Tottenham,T1,1.95,3.95,3.2,False,,,False,N/A,
2026-06-09 23:33:23,VFLM 5342,18,West Ham,T2,Manchester Red,T2,3.9,3.4,1.9,False,,,False,N/A,
2026-06-09 23:33:23,VFLM 5342,18,Liverpool,T2,Newcastle,T4,1.3,4.95,10.0,False,,,False,N/A,
2026-06-09 23:33:23,VFLM 5342,18,Tottenham,T1,Wolverhampton,T1,1.5,4.55,5.0,False,,,False,N/A,
2026-06-09 23:33:23,VFLM 5342,18,Chelsea,T1,Bournemouth,T4,1.25,6.25,8.25,False,,,False,N/A,
2026-06-09 23:33:23,VFLM 5342,18,Aston Villa,T3,London Guns,T2,2.2,3.2,3.15,False,,,False,N/A,
2026-06-09 23:33:23,VFLM 5342,18,Everton,T3,Fulham,T3,1.7,3.35,5.25,False,,,False,N/A,
2026-06-09 23:33:23,VFLM 5342,18,Leeds,T4,Brighton,T4,3.1,2.7,2.6,False,,,False,N/A,
2026-06-09 23:33:23,VFLM 5342,18,Crystal Palace,T3,Manchester Blue,T1,5.0,3.9,1.6,False,,,False,N/A,
2026-06-09 23:37:50,VFLM 5342,19,Newcastle,T4,Crystal Palace,T3,2.0,3.85,3.15,False,,,False,N/A,
2026-06-09 23:37:50,VFLM 5342,19,Brighton,T4,Everton,T2,2.4,2.85,3.2,False,,,False,N/A,
2026-06-09 23:37:50,VFLM 5342,19,Manchester Red,T2,Tottenham,T1,1.75,3.8,4.05,False,,,False,N/A,
2026-06-09 23:37:50,VFLM 5342,19,Wolverhampton,T2,Aston Villa,T3,3.25,3.8,1.95,False,,,False,N/A,
2026-06-09 23:37:50,VFLM 5342,19,Manchester Blue,T1,West Ham,T1,1.45,5.0,5.25,False,,,False,N/A,
2026-06-09 23:37:50,VFLM 5342,19,Bournemouth,T4,Liverpool,T2,5.75,4.1,1.5,False,,,False,N/A,
2026-06-09 23:37:50,VFLM 5342,19,Fulham,T3,Chelsea,T1,5.75,4.05,1.5,False,,,False,N/A,
2026-06-09 23:37:50,VFLM 5342,19,London Guns,T3,Leeds,T4,1.5,4.05,6.25,False,,,False,N/A,
2026-06-09 23:40:44,VFLM 5342,20,Tottenham,T1,Manchester Blue,T1,2.4,3.85,2.5,False,,,False,N/A,
2026-06-09 23:40:44,VFLM 5342,20,London Guns,T3,Wolverhampton,T2,1.5,5.0,4.75,False,,,False,N/A,
2026-06-09 23:40:44,VFLM 5342,20,West Ham,T2,Newcastle,T4,1.55,4.6,4.4,False,,,False,N/A,
2026-06-09 23:40:44,VFLM 5342,20,Aston Villa,T3,Manchester Red,T1,2.4,3.75,2.5,False,,,False,N/A,
2026-06-09 23:40:44,VFLM 5342,20,Crystal Palace,T3,Bournemouth,T4,2.0,3.45,3.4,False,,,False,N/A,
2026-06-09 23:40:44,VFLM 5342,20,Leeds,T4,Everton,T2,3.25,2.6,2.6,False,,,False,N/A,
2026-06-09 23:40:44,VFLM 5342,20,Liverpool,T2,Fulham,T3,1.3,4.7,10.75,False,,,False,N/A,
2026-06-09 23:40:44,VFLM 5342,20,Chelsea,T1,Brighton,T4,1.55,4.0,5.25,False,,,False,N/A,
