matchday,trap_type,h_rank,a_rank,h_points,a_points,h_gd,a_gd,h_gs,a_gs,h_gc,a_gc,won
9,GRAVITY_AWAY_DOG,6,15,12,5,4,-6,13,8,9,14,True
10,GRAVITY_HOME_DOG,16,4,5,17,-9,7,8,17,17,10,False
14,GRAVITY_HOME_DOG,13,4,13,24,-13,11,11,25,24,14,True
19,GRAVITY_AWAY_DOG,2,16,35,12,15,-11,28,9,13,20,True
20,GRAVITY_HOME_DOG,16,5,12,32,-12,20,10,44,22,24,True
21,GRAVITY_AWAY_DOG,14,16,19,12,-15,-15,17,10,32,25,False
6,GRAVITY_AWAY_DOG,9,13,5,3,-1,-4,3,3,4,7,True
7,GRAVITY_HOME_DOG,13,14,3,3,-6,-7,3,4,9,11,True
8,GRAVITY_AWAY_DOG,11,15,7,3,1,-7,10,3,9,10,False
13,GRAVITY_AWAY_DOG,2,16,27,6,13,-12,29,7,16,19,False
22,GRAVITY_HOME_DOG,14,16,18,13,-15,-19,18,18,33,37,True
23,GRAVITY_HOME_DOG,13,12,24,25,-7,-10,22,24,29,34,False
23,GRAVITY_AWAY_DOG,7,14,30,18,0,-16,26,19,26,35,True
24,GRAVITY_HOME_DOG,14,1,18,47,-18,28,20,46,38,18,False
28,GRAVITY_AWAY_DOG,5,13,46,25,3,-14,38,25,35,39,False
6,GRAVITY_HOME_DOG,16,15,1,3,-7,-3,2,3,9,6,True
11,GRAVITY_HOME_DOG,16,10,2,13,-13,-4,6,11,19,15,True
13,GRAVITY_HOME_DOG,15,13,8,11,-15,-6,10,13,25,19,True
14,GRAVITY_AWAY_DOG,10,16,16,8,2,-18,16,10,14,28,False
16,GRAVITY_HOME_DOG,15,4,11,28,-6,11,15,23,21,12,True
28,GRAVITY_AWAY_DOG,5,14,48,25,9,-10,39,27,30,37,True
29,GRAVITY_HOME_DOG,15,2,25,53,-11,21,27,43,38,22,True
12,GRAVITY_AWAY_DOG,9,15,15,7,3,-8,12,9,9,17,True
13,GRAVITY_HOME_DOG,16,9,7,16,-10,1,9,15,19,14,True
14,GRAVITY_AWAY_DOG,14,16,11,7,-6,-11,11,10,17,21,True
22,GRAVITY_HOME_DOG,15,7,14,33,-19,11,18,28,37,17,False
11,GRAVITY_HOME_DOG,13,4,8,17,-12,9,7,18,19,9,True
11,GRAVITY_AWAY_DOG,14,16,7,5,-13,-8,8,3,21,11,True
12,GRAVITY_HOME_DOG,16,15,5,8,-9,-14,4,8,13,22,True
18,GRAVITY_HOME_DOG,16,2,11,34,-15,12,10,25,25,13,True
19,CRUSHER_AWAY_FAV,15,4,12,34,-20,20,14,33,34,13,False
19,GRAVITY_AWAY_DOG,12,16,16,11,-11,-16,19,10,30,26,True
20,GRAVITY_HOME_DOG,16,11,11,21,-18,-8,10,21,28,29,True
22,GRAVITY_HOME_DOG,15,12,13,19,-15,-11,13,23,28,34,True
23,GRAVITY_AWAY_DOG,7,16,28,13,-6,-17,25,13,31,30,True
24,GRAVITY_HOME_DOG,16,14,13,19,-19,-20,13,18,32,38,False
6,GRAVITY_HOME_DOG,13,8,3,7,-4,-1,6,8,10,9,True
7,GRAVITY_AWAY_DOG,10,13,8,3,1,-5,7,7,6,12,True
8,CRUSHER_AWAY_FAV,15,3,2,13,-8,5,3,15,11,10,False
25,GRAVITY_HOME_DOG,16,15,16,18,-19,-18,14,19,33,37,False
30,GRAVITY_HOME_DOG,16,9,18,36,-28,-9,19,28,47,37,False
11,GRAVITY_AWAY_DOG,10,16,10,7,-3,-15,10,6,13,21,True
12,GRAVITY_HOME_DOG,16,10,7,11,-16,-5,6,14,22,19,True
13,GRAVITY_AWAY_DOG,4,16,23,7,3,-18,12,6,9,24,True
14,GRAVITY_HOME_DOG,16,12,7,12,-19,-8,6,14,25,22,True
18,GRAVITY_HOME_DOG,15,3,12,33,-18,17,8,28,26,11,True
19,GRAVITY_AWAY_DOG,7,16,27,12,4,-22,26,9,22,31,True
20,GRAVITY_HOME_DOG,16,2,12,38,-25,21,9,42,34,21,True
23,GRAVITY_AWAY_DOG,8,16,28,12,3,-26,25,9,22,35,True
24,GRAVITY_HOME_DOG,16,4,12,38,-30,20,9,42,39,22,True
25,GRAVITY_AWAY_DOG,10,16,24,12,-7,-31,31,9,38,40,True
26,GRAVITY_HOME_DOG,16,1,12,50,-34,20,10,35,44,15,True
27,GRAVITY_AWAY_DOG,8,16,33,12,3,-36,28,10,25,46,True
28,GRAVITY_HOME_DOG,16,10,12,32,-37,0,10,33,47,33,False
28,GRAVITY_AWAY_DOG,5,15,44,18,14,-28,39,26,25,54,True
29,GRAVITY_HOME_DOG,15,14,18,19,-29,-27,27,17,56,44,False
30,GRAVITY_AWAY_DOG,5,15,50,19,16,-28,43,17,27,45,False
16,CRUSHER_HOME_FAV,2,15,31,10,9,-16,23,9,14,25,True
17,GRAVITY_HOME_DOG,16,9,10,21,-19,0,9,26,28,26,True
18,GRAVITY_AWAY_DOG,10,16,23,10,-2,-21,19,10,21,31,True
19,GRAVITY_HOME_DOG,16,6,10,29,-23,9,10,28,33,19,True
20,GRAVITY_AWAY_DOG,10,16,25,10,-5,-25,31,10,36,35,True
21,GRAVITY_HOME_DOG,16,12,10,19,-26,-7,10,21,36,28,True
28,GRAVITY_AWAY_DOG,4,16,48,14,17,-33,40,14,23,47,True
29,GRAVITY_HOME_DOG,16,12,14,27,-34,-13,14,31,48,44,True
30,GRAVITY_HOME_DOG,16,13,14,26,-35,-8,14,31,49,39,False
8,GRAVITY_AWAY_DOG,5,16,13,2,5,-8,10,4,5,12,True
9,GRAVITY_HOME_DOG,16,9,2,11,-11,-2,4,6,15,8,True
10,GRAVITY_AWAY_DOG,4,16,17,2,9,-14,17,5,8,19,True
13,GRAVITY_HOME_DOG,15,8,5,17,-13,0,9,15,22,15,True
20,GRAVITY_HOME_DOG,14,1,17,38,-19,17,16,33,35,16,True
24,GRAVITY_AWAY_DOG,8,14,31,20,-2,-6,32,24,34,30,True
27,GRAVITY_HOME_DOG,16,14,17,24,-25,-8,22,29,47,37,True
28,GRAVITY_AWAY_DOG,5,16,46,17,22,-27,49,22,27,49,True
29,GRAVITY_HOME_DOG,16,8,17,36,-30,-1,23,31,53,32,True
8,GRAVITY_AWAY_DOG,12,13,7,7,-3,-5,4,8,7,13,True
12,GRAVITY_AWAY_DOG,16,13,2,7,-6,-6,6,10,12,16,False
18,GRAVITY_HOME_DOG,13,15,13,10,-13,-9,9,11,22,20,False
21,GRAVITY_HOME_DOG,16,5,10,30,-14,9,12,25,26,16,False
25,GRAVITY_HOME_DOG,16,15,13,14,-32,-15,13,17,45,32,True
26,GRAVITY_AWAY_DOG,10,16,26,13,-4,-34,22,13,26,47,True
27,GRAVITY_HOME_DOG,16,12,13,23,-35,-2,13,26,48,28,True
28,GRAVITY_AWAY_DOG,1,16,51,13,21,-36,47,13,26,49,True
29,GRAVITY_HOME_DOG,16,8,13,34,-39,0,13,26,52,26,True
30,GRAVITY_AWAY_DOG,12,16,28,13,-9,-43,26,13,35,56,True
12,CRUSHER_AWAY_FAV,16,1,3,17,-8,4,5,16,13,12,True
13,GRAVITY_AWAY_DOG,11,16,10,3,-2,-11,11,5,13,16,True
14,GRAVITY_HOME_DOG,16,5,3,17,-13,4,5,18,18,14,True
15,GRAVITY_AWAY_DOG,14,16,10,3,-7,-14,14,6,21,20,False
18,GRAVITY_HOME_DOG,15,11,10,17,-11,-3,16,14,27,17,True
20,GRAVITY_HOME_DOG,15,9,10,20,-13,2,17,20,30,18,True
21,GRAVITY_AWAY_DOG,1,15,31,10,11,-14,32,17,21,31,True
22,GRAVITY_AWAY_DOG,14,15,17,10,-1,-19,17,17,18,36,True
23,GRAVITY_AWAY_DOG,16,14,11,18,-19,-17,18,14,37,31,False
27,GRAVITY_HOME_DOG,16,5,11,38,-24,6,23,31,47,25,False
10,CRUSHER_AWAY_FAV,16,1,4,24,-10,16,2,23,12,7,True
11,GRAVITY_AWAY_DOG,12,16,10,4,-9,-12,9,2,18,14,False
11,GRAVITY_HOME_DOG,13,5,9,17,-11,0,9,13,20,13,True
12,GRAVITY_AWAY_DOG,9,13,12,9,-2,-14,12,10,14,24,True
13,GRAVITY_HOME_DOG,14,15,9,7,-16,-14,10,4,26,18,False
14,GRAVITY_AWAY_DOG,16,14,6,10,-14,-13,6,11,20,24,False
15,GRAVITY_AWAY_DOG,11,14,13,11,-11,-8,14,12,25,20,True
16,GRAVITY_AWAY_DOG,7,14,23,11,5,-10,22,12,17,22,False
16,GRAVITY_AWAY_DOG,11,16,16,6,-10,-17,17,8,27,25,True
23,GRAVITY_AWAY_DOG,6,14,38,18,18,-14,43,18,25,32,True
24,GRAVITY_HOME_DOG,14,1,18,59,-15,37,20,50,35,13,True
24,CRUSHER_AWAY_FAV,16,4,10,42,-25,8,12,34,37,26,False
13,GRAVITY_AWAY_DOG,3,16,22,7,6,-11,20,10,14,21,True
14,GRAVITY_HOME_DOG,16,2,7,29,-13,16,10,25,23,9,True
15,GRAVITY_HOME_DOG,16,14,7,12,-15,-12,11,11,26,23,False
17,GRAVITY_HOME_DOG,16,13,11,13,-21,-9,18,18,39,27,True
18,GRAVITY_AWAY_DOG,15,16,13,11,-14,-25,12,18,26,43,True
23,GRAVITY_HOME_DOG,13,15,20,18,-8,-15,15,14,23,29,True
26,CRUSHER_AWAY_FAV,16,1,19,54,-26,28,22,45,48,17,False
28,GRAVITY_HOME_DOG,14,3,22,51,-16,18,26,48,42,30,True
29,GRAVITY_AWAY_DOG,1,14,58,22,27,-17,51,28,24,45,True
30,CRUSHER_AWAY_FAV,13,1,23,61,-21,28,18,52,39,24,False
30,GRAVITY_AWAY_DOG,15,14,21,22,-24,-18,22,28,46,46,True
6,GRAVITY_HOME_DOG,16,10,1,5,-9,0,5,10,14,10,True
7,GRAVITY_AWAY_DOG,13,16,4,1,-5,-10,6,6,11,16,True
8,GRAVITY_HOME_DOG,16,8,1,10,-11,-4,8,7,19,11,True
9,GRAVITY_HOME_DOG,15,16,4,2,-8,-11,7,9,15,20,True
10,GRAVITY_AWAY_DOG,3,13,20,8,8,-6,14,8,6,14,True
11,GRAVITY_HOME_DOG,13,5,8,17,-8,9,9,21,17,12,True
12,GRAVITY_AWAY_DOG,13,14,9,8,-7,-9,14,9,21,18,True
12,GRAVITY_AWAY_DOG,10,16,13,6,-2,-12,17,5,19,17,True
14,GRAVITY_AWAY_DOG,9,14,16,8,-2,-10,19,10,21,20,True
14,GRAVITY_AWAY_DOG,6,16,22,6,5,-14,18,5,13,19,True
15,GRAVITY_HOME_DOG,16,13,6,12,-16,-11,5,11,21,22,False
15,GRAVITY_HOME_DOG,14,4,8,25,-11,7,11,20,22,13,False
17,GRAVITY_HOME_DOG,16,11,7,14,-14,-8,12,16,26,24,True
18,GRAVITY_AWAY_DOG,4,15,31,12,5,-14,23,13,18,27,True
18,GRAVITY_AWAY_DOG,1,16,38,7,18,-15,28,12,10,27,False
19,GRAVITY_HOME_DOG,15,12,13,16,-17,-8,18,19,35,27,False
24,GRAVITY_HOME_DOG,13,6,21,38,-18,4,24,29,42,25,True
25,GRAVITY_HOME_DOG,14,3,18,43,-22,14,20,41,42,27,True
25,GRAVITY_AWAY_DOG,16,13,14,21,-26,-19,18,25,44,44,False
26,GRAVITY_AWAY_DOG,5,16,44,14,8,-28,34,18,26,46,False
29,GRAVITY_HOME_DOG,13,4,25,50,-18,9,23,36,41,27,True
6,GRAVITY_HOME_DOG,14,8,1,7,-7,5,4,9,11,4,True
7,GRAVITY_HOME_DOG,14,15,1,1,-9,-11,5,4,14,15,True
14,GRAVITY_HOME_DOG,15,1,5,34,-18,19,15,30,33,11,True
15,GRAVITY_AWAY_DOG,11,15,13,5,-3,-22,14,15,17,37,False
19,GRAVITY_AWAY_DOG,7,16,28,7,6,-19,18,13,12,32,True
20,GRAVITY_HOME_DOG,16,2,7,41,-20,19,13,35,33,16,True
21,GRAVITY_AWAY_DOG,6,16,33,7,13,-23,36,13,23,36,True
22,GRAVITY_AWAY_DOG,15,16,12,7,-24,-24,22,13,46,37,True
23,GRAVITY_HOME_DOG,16,14,7,16,-26,-25,13,17,39,42,True
24,GRAVITY_HOME_DOG,13,2,17,50,-15,24,21,42,36,18,True
14,GRAVITY_HOME_DOG,15,14,12,13,-10,-8,11,9,21,17,False
21,GRAVITY_AWAY_DOG,1,14,45,18,26,-17,41,16,15,33,True
21,GRAVITY_AWAY_DOG,4,16,38,16,18,-20,44,18,26,38,True
22,GRAVITY_AWAY_DOG,4,16,40,16,18,-21,39,20,21,41,True
23,GRAVITY_HOME_DOG,16,15,16,17,-22,-17,20,17,42,34,True
24,GRAVITY_AWAY_DOG,12,16,22,16,-17,-24,23,21,40,45,False
26,GRAVITY_AWAY_DOG,4,13,49,22,23,-20,45,25,22,45,True
26,GRAVITY_HOME_DOG,15,12,21,23,-21,-16,19,22,40,38,True
27,GRAVITY_HOME_DOG,14,15,22,21,-23,-22,25,19,48,41,True
7,GRAVITY_HOME_DOG,15,8,3,6,-5,-5,4,6,9,11,True
8,GRAVITY_AWAY_DOG,2,16,15,3,10,-6,15,4,5,10,True
9,GRAVITY_HOME_DOG,16,10,3,7,-7,-4,4,11,11,15,True
14,GRAVITY_HOME_DOG,16,10,4,14,-16,-6,5,15,21,21,False
19,CRUSHER_AWAY_FAV,14,3,14,39,-8,22,17,39,25,17,True
20,GRAVITY_AWAY_DOG,8,14,21,14,-4,-10,21,17,25,27,True
21,CRUSHER_AWAY_FAV,13,1,16,45,-19,25,21,42,40,17,True
22,GRAVITY_AWAY_DOG,7,14,25,16,-3,-20,22,21,25,41,True
25,GRAVITY_HOME_DOG,16,10,11,26,-23,-6,10,22,33,28,False
6,GRAVITY_HOME_DOG,14,16,3,1,-6,-6,4,6,10,12,True
14,CRUSHER_AWAY_FAV,15,2,7,31,-11,14,10,23,21,9,True
15,GRAVITY_AWAY_DOG,7,15,20,7,2,-13,14,10,12,23,True
16,GRAVITY_AWAY_DOG,2,16,35,4,14,-24,29,13,15,37,True
16,GRAVITY_AWAY_DOG,11,15,17,7,-1,-14,18,11,19,25,True
17,GRAVITY_HOME_DOG,15,4,7,33,-18,12,11,30,29,18,False
17,GRAVITY_HOME_DOG,16,10,4,20,-26,-4,14,16,40,20,True
18,GRAVITY_AWAY_DOG,11,16,21,4,-10,-28,15,15,25,43,True
19,GRAVITY_HOME_DOG,16,5,4,32,-29,18,16,32,45,14,False
30,GRAVITY_HOME_DOG,15,9,21,36,-20,-4,22,29,42,33,False
8,GRAVITY_AWAY_DOG,9,15,10,3,-2,-11,8,6,10,17,True
9,GRAVITY_HOME_DOG,15,4,3,16,-12,3,6,12,18,9,True
19,GRAVITY_AWAY_DOG,15,13,11,16,-17,-10,12,19,29,29,False
23,GRAVITY_HOME_DOG,16,3,11,39,-24,12,14,29,38,17,False
28,GRAVITY_HOME_DOG,15,14,14,22,-31,-22,19,25,50,47,True
30,GRAVITY_AWAY_DOG,14,16,26,12,-21,-32,28,28,49,60,True
26,CRUSHER_AWAY_FAV,13,2,23,53,-17,18,22,39,39,21,False
26,GRAVITY_HOME_DOG,16,9,14,31,-27,1,18,24,45,23,True
27,GRAVITY_AWAY_DOG,6,16,39,14,9,-28,48,18,39,46,True
27,GRAVITY_AWAY_DOG,10,14,31,22,-2,-21,36,30,38,51,True
28,GRAVITY_HOME_DOG,16,6,14,41,-30,4,19,36,49,32,True
28,GRAVITY_HOME_DOG,15,9,22,36,-23,-11,30,35,53,46,False
29,GRAVITY_AWAY_DOG,8,16,37,14,2,-32,41,19,39,51,True
30,GRAVITY_HOME_DOG,16,11,14,36,-33,-13,20,36,53,49,True
6,CRUSHER_AWAY_FAV,13,2,3,13,-4,5,3,8,7,3,True
16,GRAVITY_HOME_DOG,14,2,11,32,-14,9,12,23,26,14,True
17,GRAVITY_AWAY_DOG,8,14,22,11,1,-15,18,14,17,29,True
20,GRAVITY_HOME_DOG,15,5,9,28,-16,5,15,24,31,19,True
21,GRAVITY_AWAY_DOG,2,15,42,9,11,-18,32,15,21,33,True
22,GRAVITY_HOME_DOG,15,16,9,5,-19,-29,15,12,34,41,True
23,GRAVITY_AWAY_DOG,11,15,27,9,-3,-20,23,15,26,35,True
24,GRAVITY_AWAY_DOG,1,13,51,27,16,-11,37,26,21,37,True
7,GRAVITY_HOME_DOG,15,1,4,14,-6,5,2,10,8,5,True
7,GRAVITY_AWAY_DOG,4,16,13,4,4,-7,8,5,4,12,True
18,CRUSHER_HOME_FAV,2,14,33,16,16,-11,34,12,18,23,False
20,CRUSHER_HOME_FAV,3,15,32,15,9,-19,28,13,19,32,False
26,GRAVITY_HOME_DOG,14,16,22,17,-17,-20,25,18,42,38,True
27,GRAVITY_AWAY_DOG,6,14,41,22,7,-18,39,26,32,44,False
27,GRAVITY_HOME_DOG,13,3,24,50,-14,12,19,42,33,30,True
28,GRAVITY_AWAY_DOG,2,14,53,24,26,-16,51,19,25,35,False
9,CRUSHER_HOME_FAV,1,15,18,5,11,-4,18,5,7,9,False
18,GRAVITY_AWAY_DOG,14,13,17,18,-9,-7,12,17,21,24,True
19,GRAVITY_HOME_DOG,15,5,18,27,-9,5,17,23,26,18,True
23,GRAVITY_HOME_DOG,16,3,18,37,-11,9,23,31,34,22,True
24,GRAVITY_HOME_DOG,16,7,18,35,-12,10,24,42,36,32,True
25,GRAVITY_AWAY_DOG,9,16,34,18,-5,-13,21,26,26,39,False
26,GRAVITY_AWAY_DOG,13,14,27,22,-9,-14,26,23,35,37,True
27,GRAVITY_HOME_DOG,15,13,22,28,-16,-14,23,28,39,42,False
7,GRAVITY_AWAY_DOG,2,16,13,3,9,-7,13,3,4,10,False
12,GRAVITY_HOME_DOG,14,5,8,17,-5,10,6,20,11,10,True
13,GRAVITY_HOME_DOG,15,11,8,11,-6,-6,6,15,12,21,False
13,GRAVITY_AWAY_DOG,7,14,16,10,6,-10,15,8,9,18,True
15,GRAVITY_AWAY_DOG,14,15,11,10,-9,-15,12,8,21,23,True
21,GRAVITY_AWAY_DOG,10,15,23,14,4,-6,28,17,24,23,True
29,GRAVITY_AWAY_DOG,2,16,55,19,24,-31,46,19,22,50,False
6,GRAVITY_AWAY_DOG,14,16,4,3,-5,-6,4,4,9,10,False
10,GRAVITY_AWAY_DOG,1,16,20,6,9,-10,16,6,7,16,False
14,CRUSHER_AWAY_FAV,13,2,12,28,-7,15,7,25,14,10,True
15,GRAVITY_AWAY_DOG,10,13,16,12,-6,-8,21,7,27,15,True
21,GRAVITY_AWAY_DOG,8,14,28,19,-5,-14,18,19,23,33,True
22,GRAVITY_HOME_DOG,14,7,19,36,-15,10,20,32,35,22,True
25,GRAVITY_HOME_DOG,13,6,21,40,-14,13,23,33,37,20,False
27,GRAVITY_AWAY_DOG,7,14,41,23,12,-18,34,25,22,43,True
28,GRAVITY_AWAY_DOG,12,15,27,23,-18,-21,26,25,44,46,True
29,GRAVITY_HOME_DOG,15,16,23,21,-23,-30,25,21,48,51,False
30,GRAVITY_HOME_DOG,14,3,29,53,-26,13,20,40,46,27,True
14,GRAVITY_AWAY_DOG,10,15,12,8,1,-9,16,8,15,17,True
15,GRAVITY_HOME_DOG,13,1,12,25,-7,7,13,16,20,9,True
15,GRAVITY_HOME_DOG,16,3,8,23,-10,4,8,15,18,11,True
16,GRAVITY_HOME_DOG,14,10,12,16,-9,-3,14,19,23,22,True
17,GRAVITY_AWAY_DOG,11,16,18,12,-2,-11,19,14,21,25,False
19,GRAVITY_HOME_DOG,16,7,13,23,-12,3,17,15,29,12,True
20,GRAVITY_AWAY_DOG,11,15,22,13,-3,-13,23,18,26,31,True
21,GRAVITY_HOME_DOG,15,8,13,25,-14,4,19,27,33,23,True
22,GRAVITY_AWAY_DOG,3,16,36,13,8,-18,24,19,16,37,False
29,GRAVITY_HOME_DOG,13,12,24,24,-14,-14,31,22,45,36,False
7,GRAVITY_HOME_DOG,16,6,1,8,-6,2,1,8,7,6,True
8,GRAVITY_AWAY_DOG,1,16,15,1,8,-8,11,1,3,9,True
9,GRAVITY_HOME_DOG,16,2,1,15,-9,8,2,13,11,5,True
9,GRAVITY_HOME_DOG,14,15,2,2,-7,-7,4,3,11,10,True
10,GRAVITY_AWAY_DOG,6,16,13,1,2,-12,11,2,9,14,True
12,GRAVITY_AWAY_DOG,5,13,17,12,2,-4,10,11,8,15,True
13,GRAVITY_HOME_DOG,13,6,12,16,-5,3,11,21,16,18,True
14,GRAVITY_AWAY_DOG,15,13,7,12,-10,-7,5,11,15,18,True
20,GRAVITY_HOME_DOG,13,15,19,12,-15,-16,19,7,34,23,False
20,GRAVITY_HOME_DOG,16,9,6,23,-21,-1,10,24,31,25,True
21,GRAVITY_AWAY_DOG,11,16,25,6,-6,-22,21,11,27,33,True
22,GRAVITY_AWAY_DOG,10,16,27,6,3,-24,31,11,28,35,True
23,GRAVITY_HOME_DOG,14,5,16,36,-17,8,14,38,31,30,True
23,GRAVITY_HOME_DOG,16,2,6,44,-25,30,12,50,37,20,True
25,GRAVITY_HOME_DOG,16,9,6,28,-26,-4,13,22,39,26,False
14,GRAVITY_AWAY_DOG,6,16,21,6,4,-14,17,8,13,22,False
15,GRAVITY_AWAY_DOG,1,15,32,11,18,-14,33,12,15,26,True
16,GRAVITY_HOME_DOG,16,13,11,14,-18,-6,12,11,30,17,True
17,GRAVITY_AWAY_DOG,3,16,30,11,11,-19,26,12,15,31,True
18,GRAVITY_HOME_DOG,16,10,11,19,-20,-4,13,18,33,22,False
20,GRAVITY_AWAY_DOG,14,13,17,17,-18,-7,17,20,35,27,True
21,GRAVITY_HOME_DOG,14,15,17,16,-8,-13,21,13,29,26,False
22,GRAVITY_HOME_DOG,16,7,16,28,-20,-1,19,20,39,21,True
23,GRAVITY_AWAY_DOG,10,16,28,16,-3,-23,25,19,28,42,True
24,GRAVITY_HOME_DOG,16,14,16,20,-25,-6,19,27,44,33,True
25,GRAVITY_AWAY_DOG,15,16,17,16,-23,-27,13,20,36,47,False
27,GRAVITY_HOME_DOG,13,5,21,41,-11,10,26,35,37,25,False
28,GRAVITY_AWAY_DOG,7,16,38,17,6,-27,36,14,30,41,True
28,GRAVITY_HOME_DOG,14,15,21,20,-29,-25,22,24,51,49,True
29,GRAVITY_HOME_DOG,16,7,17,41,-28,2,15,35,43,33,True
30,GRAVITY_AWAY_DOG,4,16,47,17,14,-30,48,16,34,46,True
7,GRAVITY_AWAY_DOG,4,16,11,1,1,-13,9,2,8,15,True
7,GRAVITY_AWAY_DOG,10,15,8,2,-1,-5,8,5,9,10,True
8,GRAVITY_HOME_DOG,15,9,2,10,-6,2,5,7,11,5,True
8,GRAVITY_HOME_DOG,16,14,1,7,-14,-2,3,7,17,9,True
9,GRAVITY_AWAY_DOG,4,15,14,2,3,-7,12,5,9,12,True
13,GRAVITY_AWAY_DOG,15,13,9,11,-14,-8,8,7,22,15,True
14,GRAVITY_AWAY_DOG,16,14,4,11,-11,-10,6,14,17,24,True
15,GRAVITY_AWAY_DOG,12,15,15,11,-3,-11,17,14,20,25,True
22,GRAVITY_HOME_DOG,14,16,18,15,-19,-16,14,21,33,37,True
25,GRAVITY_AWAY_DOG,5,15,41,17,13,-16,37,19,24,35,True
26,GRAVITY_HOME_DOG,16,14,17,21,-17,-17,19,16,36,33,True
30,GRAVITY_HOME_DOG,16,10,19,30,-29,-15,29,36,58,51,True
6,GRAVITY_AWAY_DOG,16,14,2,3,-7,-4,4,3,11,7,True
7,GRAVITY_HOME_DOG,16,3,3,12,-5,1,3,9,8,8,True
8,GRAVITY_AWAY_DOG,12,16,8,3,-3,-7,10,4,13,11,False
17,GRAVITY_AWAY_DOG,6,15,23,10,1,-8,22,12,21,20,True
17,GRAVITY_AWAY_DOG,13,14,14,12,-6,-12,16,17,22,29,False
25,GRAVITY_HOME_DOG,14,15,18,16,-18,-14,23,19,41,33,True
26,GRAVITY_AWAY_DOG,10,16,28,18,-14,-19,23,23,37,42,False
8,GRAVITY_HOME_DOG,13,10,6,8,-4,-2,8,7,12,9,True
8,GRAVITY_HOME_DOG,15,4,4,14,-4,2,8,9,12,7,True
9,GRAVITY_HOME_DOG,13,4,6,14,-5,5,8,14,13,9,False
9,GRAVITY_AWAY_DOG,11,15,10,4,-3,-5,13,9,16,14,True
10,GRAVITY_HOME_DOG,15,7,4,13,-6,4,10,10,16,6,True
11,GRAVITY_HOME_DOG,15,5,7,17,-10,4,7,18,17,14,True
12,GRAVITY_AWAY_DOG,2,15,25,7,10,-13,18,7,8,20,True
13,GRAVITY_HOME_DOG,16,14,7,9,-18,-13,7,7,25,20,False
15,GRAVITY_HOME_DOG,16,4,9,25,-15,11,7,27,22,16,True
16,GRAVITY_HOME_DOG,16,14,9,12,-16,-9,7,14,23,23,True
17,GRAVITY_AWAY_DOG,7,13,24,15,3,-8,29,15,26,23,True
18,GRAVITY_HOME_DOG,13,8,15,23,-10,1,15,15,25,14,False
20,GRAVITY_HOME_DOG,13,4,16,37,-22,6,15,32,37,26,True
21,GRAVITY_AWAY_DOG,10,14,22,16,-11,-23,26,16,37,39,False
25,GRAVITY_AWAY_DOG,11,16,28,18,-13,-20,30,27,43,47,True
26,GRAVITY_HOME_DOG,16,8,18,34,-22,1,27,32,49,31,False
27,GRAVITY_AWAY_DOG,8,14,35,21,0,-13,28,29,28,42,False
27,GRAVITY_AWAY_DOG,12,16,30,19,-4,-20,25,15,29,35,True
28,GRAVITY_HOME_DOG,16,14,19,24,-22,-25,16,23,38,48,True
6,GRAVITY_AWAY_DOG,10,15,7,3,-2,-6,3,4,5,10,True
7,GRAVITY_HOME_DOG,13,12,4,7,-2,-6,5,9,7,15,True
7,GRAVITY_HOME_DOG,16,9,3,7,-7,1,4,9,11,8,False
15,GRAVITY_HOME_DOG,15,12,10,15,-10,-6,11,13,21,19,False
16,GRAVITY_HOME_DOG,13,12,14,15,-10,-8,8,13,18,21,True
16,GRAVITY_AWAY_DOG,9,15,20,12,5,-12,21,20,16,32,False
17,GRAVITY_AWAY_DOG,14,15,14,14,-8,-11,14,8,22,19,True
18,GRAVITY_AWAY_DOG,16,15,6,14,-26,-12,12,8,38,20,True
19,GRAVITY_HOME_DOG,15,8,14,25,-16,-1,9,25,25,26,True
20,GRAVITY_AWAY_DOG,3,15,37,14,17,-18,32,11,15,29,True
21,GRAVITY_HOME_DOG,15,4,14,37,-20,12,11,37,31,25,True
22,GRAVITY_AWAY_DOG,1,14,46,20,14,-18,36,22,22,40,True
22,GRAVITY_AWAY_DOG,8,15,29,14,3,-21,29,12,26,33,False
23,GRAVITY_HOME_DOG,14,16,20,13,-19,-22,23,25,42,47,True
24,GRAVITY_HOME_DOG,14,2,20,46,-20,21,23,45,43,24,True
27,GRAVITY_HOME_DOG,16,1,17,55,-27,16,14,44,41,28,True
28,GRAVITY_AWAY_DOG,14,16,25,17,-18,-29,28,14,46,43,False
29,GRAVITY_AWAY_DOG,13,16,27,17,-17,-25,21,31,38,56,True
9,CRUSHER_HOME_FAV,1,16,16,2,12,-10,18,6,6,16,True
10,GRAVITY_HOME_DOG,16,2,2,16,-13,4,8,8,21,4,True
11,GRAVITY_AWAY_DOG,4,16,18,2,6,-14,20,9,14,23,True
17,GRAVITY_HOME_DOG,15,10,11,19,-18,4,8,21,26,17,False
21,GRAVITY_AWAY_DOG,8,15,31,15,4,-18,19,12,15,30,True
24,GRAVITY_AWAY_DOG,12,13,24,22,-17,-17,18,17,35,34,True
8,GRAVITY_AWAY_DOG,9,13,8,7,1,-3,9,4,8,7,True
9,GRAVITY_AWAY_DOG,6,14,13,7,2,-5,12,5,10,10,True
10,GRAVITY_AWAY_DOG,12,16,9,4,-6,-12,4,7,10,19,True
10,GRAVITY_HOME_DOG,14,1,7,19,-7,7,6,15,13,8,True
11,GRAVITY_HOME_DOG,16,15,4,5,-13,-13,8,6,21,19,True
11,GRAVITY_AWAY_DOG,12,14,11,7,-3,-9,9,6,12,15,False
12,GRAVITY_AWAY_DOG,8,16,16,4,0,-15,15,8,15,23,True
13,GRAVITY_HOME_DOG,16,14,4,9,-19,-15,8,12,27,27,True
18,GRAVITY_HOME_DOG,16,4,5,29,-26,9,11,26,37,17,True
23,GRAVITY_AWAY_DOG,1,14,47,17,26,-22,46,10,20,32,True
24,GRAVITY_HOME_DOG,14,4,17,41,-24,12,10,38,34,26,True
25,GRAVITY_AWAY_DOG,16,15,10,17,-38,-25,17,11,55,36,False
26,GRAVITY_AWAY_DOG,13,16,24,10,-14,-40,27,17,41,57,True
27,GRAVITY_HOME_DOG,16,6,10,43,-41,14,17,44,58,30,False
27,CRUSHER_AWAY_FAV,13,4,25,48,-16,9,16,38,32,29,False
29,GRAVITY_AWAY_DOG,14,15,24,18,-23,-32,19,30,42,62,True
30,GRAVITY_HOME_DOG,16,12,18,30,-33,-14,30,33,63,47,True
6,GRAVITY_AWAY_DOG,15,14,3,3,-15,-8,3,3,18,11,True
13,GRAVITY_AWAY_DOG,12,15,13,5,-5,-20,17,9,22,29,False
21,GRAVITY_HOME_DOG,14,8,17,28,-19,4,17,24,36,20,True
21,GRAVITY_AWAY_DOG,13,16,17,12,-13,-26,25,17,38,43,False
14,GRAVITY_AWAY_DOG,12,16,15,7,-8,-16,11,10,19,26,True
15,GRAVITY_HOME_DOG,16,15,7,11,-18,-3,10,17,28,20,True
16,GRAVITY_HOME_DOG,16,8,7,22,-19,1,11,17,30,16,True
17,GRAVITY_AWAY_DOG,5,16,28,7,11,-20,26,12,15,32,False
25,GRAVITY_AWAY_DOG,2,14,38,21,14,-10,36,26,22,36,False
10,CRUSHER_AWAY_FAV,15,3,3,13,-7,9,3,13,10,4,False
15,GRAVITY_HOME_DOG,16,10,5,11,-14,-9,9,12,23,21,False
16,GRAVITY_AWAY_DOG,5,13,19,9,10,-13,18,7,8,20,True
17,GRAVITY_HOME_DOG,15,8,9,15,-16,-3,8,17,24,20,False
19,GRAVITY_AWAY_DOG,15,16,9,8,-12,-20,8,9,20,29,True
20,GRAVITY_HOME_DOG,16,9,8,16,-25,-9,9,21,34,30,False
29,GRAVITY_AWAY_DOG,13,16,22,16,-19,-31,15,16,34,47,True
30,GRAVITY_HOME_DOG,16,9,16,29,-32,-4,17,21,49,25,True
9,GRAVITY_AWAY_DOG,12,13,4,3,-5,-4,3,5,8,9,False
10,GRAVITY_HOME_DOG,14,10,4,9,-7,-3,5,9,12,12,True
11,CRUSHER_HOME_FAV,4,15,14,3,8,-12,13,5,5,17,True
12,GRAVITY_HOME_DOG,15,7,3,13,-14,4,6,9,20,5,False
12,GRAVITY_AWAY_DOG,13,14,6,4,-7,-9,9,5,16,14,True
13,GRAVITY_AWAY_DOG,6,15,16,4,4,-11,13,5,9,16,True
18,GRAVITY_AWAY_DOG,1,13,39,12,21,-11,33,12,12,23,True
19,GRAVITY_HOME_DOG,16,14,6,9,-19,-16,6,9,25,25,False
19,GRAVITY_HOME_DOG,13,15,12,8,-15,-17,13,9,28,26,True
6,GRAVITY_HOME_DOG,15,8,1,8,-8,2,1,7,9,5,True
7,GRAVITY_AWAY_DOG,7,16,10,1,3,-12,8,1,5,13,False
16,GRAVITY_HOME_DOG,15,10,13,18,-12,1,9,16,21,15,False
21,GRAVITY_AWAY_DOG,15,16,20,13,-13,-24,13,18,26,42,True
22,GRAVITY_HOME_DOG,16,4,13,36,-26,10,18,33,44,23,True
23,GRAVITY_AWAY_DOG,7,16,32,13,-3,-28,26,18,29,46,True
24,GRAVITY_AWAY_DOG,6,16,35,13,10,-31,38,18,28,49,True
25,GRAVITY_AWAY_DOG,10,14,29,26,-10,-14,18,18,28,32,False
25,GRAVITY_AWAY_DOG,16,15,14,24,-31,-16,18,28,49,44,False
11,GRAVITY_AWAY_DOG,15,16,8,7,-12,-11,7,7,19,18,False
21,GRAVITY_HOME_DOG,14,13,18,19,-2,-13,22,21,24,34,True
7,GRAVITY_AWAY_DOG,4,16,13,3,7,-8,14,6,7,14,True
10,GRAVITY_HOME_DOG,16,8,4,14,-15,1,6,15,21,14,True
11,GRAVITY_AWAY_DOG,7,16,17,4,7,-16,19,8,12,24,True
12,GRAVITY_HOME_DOG,16,11,4,13,-18,-8,8,6,26,14,True
13,GRAVITY_AWAY_DOG,3,16,23,4,13,-19,24,10,11,29,True
14,GRAVITY_HOME_DOG,16,14,4,10,-23,-12,11,13,34,25,False
25,GRAVITY_AWAY_DOG,15,13,13,20,-21,-16,19,19,40,35,False
28,GRAVITY_AWAY_DOG,4,16,46,13,18,-26,42,21,24,47,True
29,GRAVITY_HOME_DOG,16,15,13,20,-28,-23,21,26,49,49,False
11,GRAVITY_AWAY_DOG,12,16,8,4,-5,-10,5,6,10,16,False
21,GRAVITY_AWAY_DOG,10,15,22,14,0,-13,26,12,26,25,False
28,GRAVITY_HOME_DOG,16,10,20,28,-15,-2,15,35,30,37,True
13,GRAVITY_AWAY_DOG,6,16,10,3,5,-10,13,2,8,12,True
13,GRAVITY_AWAY_DOG,14,15,5,4,-5,-5,9,6,14,11,True
14,GRAVITY_HOME_DOG,16,3,3,18,-11,11,3,15,14,4,True
15,GRAVITY_AWAY_DOG,13,16,7,3,-8,-13,3,3,11,16,False
19,GRAVITY_AWAY_DOG,14,16,10,9,-12,-7,8,13,20,20,False
24,CRUSHER_AWAY_FAV,14,2,13,41,-10,23,18,40,28,17,True
26,CRUSHER_AWAY_FAV,13,2,18,44,-19,25,11,43,30,18,False
26,GRAVITY_HOME_DOG,15,16,13,12,-12,-22,19,10,31,32,True
30,GRAVITY_AWAY_DOG,16,14,17,22,-15,-16,22,19,37,35,True
9,GRAVITY_HOME_DOG,16,15,2,5,-15,-5,6,4,21,9,True
19,GRAVITY_AWAY_DOG,14,16,18,13,-10,-14,13,21,23,35,False
20,GRAVITY_AWAY_DOG,1,13,37,18,24,-11,47,13,23,24,True
23,GRAVITY_HOME_DOG,16,2,18,44,-17,8,23,24,40,16,True
24,GRAVITY_AWAY_DOG,13,16,22,18,-13,-19,16,23,29,42,True
12,GRAVITY_HOME_DOG,16,6,5,16,-11,1,8,13,19,12,True
13,GRAVITY_AWAY_DOG,3,16,21,5,11,-13,18,8,7,21,True
14,GRAVITY_AWAY_DOG,6,15,19,7,1,-12,17,10,16,22,True
16,GRAVITY_AWAY_DOG,16,15,7,7,-13,-13,8,11,21,24,True
16,GRAVITY_HOME_DOG,14,5,9,22,-12,2,15,19,27,17,True
17,GRAVITY_HOME_DOG,16,7,7,21,-15,-5,11,17,26,22,True
18,GRAVITY_AWAY_DOG,15,16,13,7,-10,-17,18,11,28,28,True
26,CRUSHER_HOME_FAV,1,15,59,17,35,-20,50,25,15,45,True
27,GRAVITY_HOME_DOG,15,2,17,45,-21,14,26,34,47,20,True
28,GRAVITY_AWAY_DOG,10,15,31,17,-3,-22,31,26,34,48,True
29,GRAVITY_HOME_DOG,15,5,17,41,-24,12,26,38,50,26,True
29,GRAVITY_AWAY_DOG,12,14,25,21,-12,-16,24,21,36,37,False
30,GRAVITY_HOME_DOG,13,16,25,13,-14,-27,24,18,38,45,False
30,GRAVITY_AWAY_DOG,6,15,42,17,6,-25,34,28,28,53,False
9,CRUSHER_AWAY_FAV,14,1,6,19,-7,9,6,15,13,6,True
9,GRAVITY_HOME_DOG,16,8,2,13,-13,-1,2,12,15,13,False
10,GRAVITY_AWAY_DOG,6,14,15,6,5,-9,16,6,11,15,True
11,GRAVITY_HOME_DOG,14,9,6,12,-10,0,7,12,17,12,True
11,CRUSHER_HOME_FAV,3,15,21,5,10,-11,21,9,11,20,True
12,GRAVITY_AWAY_DOG,7,15,16,6,-5,-12,14,7,19,19,True
12,GRAVITY_HOME_DOG,16,13,5,9,-12,-6,11,9,23,15,False
13,GRAVITY_HOME_DOG,16,15,6,6,-13,-12,7,7,20,19,False
18,GRAVITY_HOME_DOG,15,8,8,23,-16,-6,14,20,30,26,True
19,GRAVITY_HOME_DOG,14,4,9,36,-14,7,14,30,28,23,True
20,GRAVITY_AWAY_DOG,4,15,37,9,15,-15,40,14,25,29,True
21,GRAVITY_HOME_DOG,15,13,9,19,-18,-8,15,21,33,29,False
27,GRAVITY_AWAY_DOG,7,16,35,12,-4,-24,36,18,40,42,False
6,GRAVITY_AWAY_DOG,4,16,8,3,2,-5,7,3,5,8,True
7,GRAVITY_HOME_DOG,16,12,3,5,-7,-2,3,7,10,9,False
8,GRAVITY_HOME_DOG,15,11,5,9,-7,-7,13,9,20,16,True
9,GRAVITY_AWAY_DOG,3,15,17,5,3,-9,9,14,6,23,True
10,GRAVITY_HOME_DOG,16,15,5,6,-12,-9,15,7,27,16,False
12,GRAVITY_AWAY_DOG,11,16,13,6,-8,-14,13,8,21,22,True
13,GRAVITY_HOME_DOG,16,2,6,26,-17,8,9,16,26,8,True
14,GRAVITY_AWAY_DOG,6,16,22,6,7,-18,20,9,13,27,False
14,GRAVITY_HOME_DOG,13,9,12,18,-10,-4,15,10,25,14,True
15,GRAVITY_AWAY_DOG,3,14,27,12,10,-12,21,15,11,27,True
16,GRAVITY_AWAY_DOG,13,14,12,12,-12,-13,14,16,26,29,False
17,GRAVITY_HOME_DOG,15,3,11,33,-15,12,21,26,36,14,False
22,GRAVITY_HOME_DOG,14,1,18,45,-15,17,25,33,40,16,True
23,GRAVITY_AWAY_DOG,16,14,15,18,-19,-16,18,25,37,41,True
28,GRAVITY_HOME_DOG,13,5,23,49,-19,16,35,48,54,32,True
29,GRAVITY_AWAY_DOG,4,14,51,23,22,-20,49,36,27,56,False
10,GRAVITY_HOME_DOG,16,1,3,21,-15,12,4,18,19,6,True
11,GRAVITY_AWAY_DOG,6,16,15,3,5,-16,17,5,12,21,False
15,GRAVITY_HOME_DOG,15,2,12,26,-12,6,13,23,25,17,True
18,GRAVITY_HOME_DOG,15,10,13,19,-15,0,13,24,28,24,False
21,GRAVITY_AWAY_DOG,5,14,33,17,13,-12,34,13,21,25,True
22,GRAVITY_HOME_DOG,14,8,17,30,-13,5,14,23,27,18,True
23,GRAVITY_AWAY_DOG,2,15,43,17,18,-15,43,14,25,29,True
24,GRAVITY_HOME_DOG,15,8,17,34,-17,11,16,43,33,32,True
25,GRAVITY_AWAY_DOG,12,15,24,17,-15,-18,29,16,44,34,False
12,GRAVITY_HOME_DOG,13,14,10,9,-6,-5,8,13,14,18,True
16,GRAVITY_HOME_DOG,13,5,15,23,-3,3,22,24,25,21,False
17,GRAVITY_AWAY_DOG,15,16,12,10,-18,-11,15,16,33,27,True
7,GRAVITY_HOME_DOG,14,8,3,9,-8,1,7,11,15,10,True
16,GRAVITY_HOME_DOG,15,7,10,22,-12,5,12,24,24,19,False
18,GRAVITY_HOME_DOG,16,5,9,29,-19,2,14,24,33,22,True
19,GRAVITY_AWAY_DOG,11,16,21,9,-5,-22,24,15,29,37,True
20,GRAVITY_AWAY_DOG,3,16,38,9,18,-23,36,15,18,38,True
20,GRAVITY_AWAY_DOG,2,15,41,13,20,-16,38,17,18,33,False
18,GRAVITY_HOME_DOG,13,15,15,9,-8,-17,12,15,20,32,True
29,GRAVITY_HOME_DOG,14,10,26,29,-9,-4,24,29,33,33,True
30,GRAVITY_AWAY_DOG,15,14,19,26,-27,-10,31,26,58,36,True
6,GRAVITY_AWAY_DOG,9,16,6,3,3,-8,8,2,5,10,True
7,GRAVITY_HOME_DOG,16,12,3,8,-9,0,4,9,13,9,False
8,GRAVITY_HOME_DOG,16,13,3,6,-10,0,4,9,14,9,True
11,GRAVITY_HOME_DOG,13,11,8,10,-7,-2,11,11,18,13,False
17,GRAVITY_HOME_DOG,16,11,5,18,-25,-9,7,13,32,22,True
26,GRAVITY_HOME_DOG,15,9,21,32,-23,-1,16,31,39,32,True
9,GRAVITY_AWAY_DOG,4,14,11,6,5,-5,11,4,6,9,True
10,GRAVITY_HOME_DOG,15,8,6,10,-6,0,5,10,11,10,True
11,GRAVITY_AWAY_DOG,10,16,10,6,2,-7,15,6,13,13,True
12,GRAVITY_HOME_DOG,16,11,6,12,-9,-3,6,10,15,13,False
14,GRAVITY_HOME_DOG,16,5,8,18,-12,5,11,17,23,12,True
15,GRAVITY_AWAY_DOG,7,16,18,8,-4,-14,10,11,14,25,True
16,GRAVITY_HOME_DOG,16,13,8,13,-16,-6,12,18,28,24,False
24,CRUSHER_AWAY_FAV,15,3,17,38,-14,24,14,39,28,15,True
25,GRAVITY_AWAY_DOG,14,15,19,17,-17,-15,22,15,39,30,False
30,CRUSHER_AWAY_FAV,15,4,24,43,-16,13,27,39,43,26,False
14,GRAVITY_AWAY_DOG,1,14,26,12,12,-1,21,20,9,21,False
15,GRAVITY_HOME_DOG,14,12,13,14,-11,-2,11,14,22,16,True
20,CRUSHER_HOME_FAV,3,15,33,16,16,-12,31,22,15,34,True
22,GRAVITY_AWAY_DOG,1,15,39,16,12,-18,33,22,21,40,True
23,GRAVITY_HOME_DOG,15,8,16,28,-20,-3,22,29,42,32,True
24,GRAVITY_AWAY_DOG,11,16,26,16,-4,-22,32,22,36,44,True
30,GRAVITY_AWAY_DOG,11,16,27,16,-14,-25,17,22,31,47,False
10,GRAVITY_HOME_DOG,14,5,7,15,-7,4,7,13,14,9,True
11,GRAVITY_AWAY_DOG,13,16,9,6,-7,-7,8,17,15,24,True
16,GRAVITY_AWAY_DOG,11,16,19,12,-9,-29,16,10,25,39,True
17,GRAVITY_HOME_DOG,16,5,12,26,-31,3,11,20,42,17,False
23,GRAVITY_AWAY_DOG,16,15,19,19,-33,-14,17,24,50,38,True
23,GRAVITY_AWAY_DOG,14,13,21,23,-14,-16,15,24,29,40,True
24,GRAVITY_AWAY_DOG,15,13,20,23,-14,-17,24,26,38,43,False
26,GRAVITY_HOME_DOG,15,2,23,50,-16,28,21,53,37,25,True
27,GRAVITY_AWAY_DOG,1,15,53,23,30,-17,51,22,21,39,True
28,GRAVITY_HOME_DOG,15,6,23,42,-18,12,22,37,40,25,True
13,GRAVITY_HOME_DOG,14,3,9,22,-10,11,13,21,23,10,True
22,GRAVITY_AWAY_DOG,1,16,42,14,19,-20,38,19,19,39,True
25,GRAVITY_AWAY_DOG,12,15,25,15,-11,-19,23,17,34,36,True
7,GRAVITY_HOME_DOG,16,8,1,8,-11,-1,4,6,15,7,True
9,GRAVITY_AWAY_DOG,7,15,11,4,1,-12,7,7,6,19,True
10,GRAVITY_HOME_DOG,16,11,4,10,-13,0,7,11,20,11,True
11,GRAVITY_AWAY_DOG,14,16,8,4,-10,-14,9,7,19,21,False
13,GRAVITY_AWAY_DOG,8,13,16,9,5,-9,17,13,12,22,True
14,GRAVITY_HOME_DOG,14,16,9,8,-10,-16,15,9,25,25,True
15,GRAVITY_AWAY_DOG,16,15,8,9,-14,-12,8,16,22,28,True
19,GRAVITY_AWAY_DOG,4,15,31,11,14,-19,31,13,17,32,True
20,GRAVITY_AWAY_DOG,10,15,26,11,-2,-20,21,14,23,34,True
20,GRAVITY_HOME_DOG,16,4,9,34,-20,15,12,33,32,18,True
21,GRAVITY_HOME_DOG,15,16,11,9,-23,-22,14,13,37,35,True
22,GRAVITY_AWAY_DOG,13,16,19,11,-9,-24,12,15,21,39,True
22,GRAVITY_AWAY_DOG,5,14,36,14,3,-14,25,22,22,36,True
23,GRAVITY_HOME_DOG,16,9,11,31,-26,2,15,35,41,33,False
27,GRAVITY_AWAY_DOG,10,13,32,21,-1,-11,38,22,39,33,True
9,GRAVITY_AWAY_DOG,7,13,12,9,5,-4,11,12,6,16,True
10,GRAVITY_HOME_DOG,13,3,9,18,-5,7,12,17,17,10,True
11,GRAVITY_AWAY_DOG,14,13,7,9,-6,-8,14,12,20,20,True
12,GRAVITY_AWAY_DOG,15,16,4,4,-16,-16,7,7,23,23,False
12,GRAVITY_HOME_DOG,14,10,9,13,-10,-3,12,9,22,12,True
13,GRAVITY_AWAY_DOG,15,14,7,9,-15,-11,8,12,23,23,False
16,CRUSHER_HOME_FAV,4,13,27,15,11,-12,24,11,13,23,True
17,GRAVITY_HOME_DOG,13,7,15,24,-13,2,12,18,25,16,False
19,CRUSHER_HOME_FAV,2,15,38,10,18,-19,37,14,19,33,True
20,GRAVITY_HOME_DOG,15,12,10,22,-20,-6,14,26,34,32,True
21,GRAVITY_AWAY_DOG,12,15,23,10,-9,-22,15,14,24,36,False
6,GRAVITY_HOME_DOG,15,12,1,4,-5,-1,2,5,7,6,True
7,GRAVITY_AWAY_DOG,9,16,8,1,1,-6,5,3,4,9,True
8,GRAVITY_HOME_DOG,16,4,1,13,-8,6,3,13,11,7,True
9,GRAVITY_HOME_DOG,16,2,1,17,-9,4,3,12,12,8,False
19,GRAVITY_AWAY_DOG,13,16,19,13,-8,-20,12,15,20,35,False
21,GRAVITY_AWAY_DOG,7,16,27,13,-1,-15,24,12,25,27,True
28,GRAVITY_HOME_DOG,14,6,23,41,-18,4,22,33,40,29,False
7,GRAVITY_HOME_DOG,16,2,1,13,-9,4,4,8,13,4,True
8,GRAVITY_AWAY_DOG,13,16,7,1,-3,-10,5,5,8,15,True
9,GRAVITY_HOME_DOG,16,14,1,8,-12,-7,5,6,17,13,True
10,GRAVITY_AWAY_DOG,12,16,12,1,-2,-13,11,5,13,18,False
16,GRAVITY_AWAY_DOG,13,16,17,7,-8,-17,16,12,24,29,False
20,GRAVITY_HOME_DOG,14,10,20,24,-10,-11,15,19,25,30,False
21,GRAVITY_HOME_DOG,14,1,20,42,-3,22,26,43,29,21,False
22,GRAVITY_AWAY_DOG,4,16,37,13,5,-20,24,16,19,36,False
26,GRAVITY_AWAY_DOG,9,15,33,22,-4,-17,28,21,32,38,False
14,GRAVITY_AWAY_DOG,5,15,19,9,0,-11,21,8,21,19,True
15,GRAVITY_HOME_DOG,15,14,9,10,-14,-13,8,13,22,26,True
16,GRAVITY_AWAY_DOG,1,15,38,9,23,-16,31,8,8,24,True
28,GRAVITY_AWAY_DOG,11,14,30,23,-22,-14,17,27,39,41,True
8,CRUSHER_AWAY_FAV,16,3,2,14,-12,3,3,10,15,7,False
9,GRAVITY_AWAY_DOG,13,15,7,6,-2,-7,9,5,11,12,False
10,GRAVITY_HOME_DOG,14,1,7,19,-3,3,12,15,15,12,True
11,GRAVITY_AWAY_DOG,6,14,16,7,5,-4,15,12,10,16,True
12,GRAVITY_HOME_DOG,14,5,7,20,-7,13,12,24,19,11,False
15,GRAVITY_AWAY_DOG,10,14,19,10,-2,-16,16,10,18,26,True
15,GRAVITY_AWAY_DOG,6,16,25,7,6,-14,25,11,19,25,True
16,GRAVITY_AWAY_DOG,5,14,27,10,13,-18,30,10,17,28,True
16,GRAVITY_AWAY_DOG,12,16,16,7,-11,-15,13,11,24,26,True
23,CRUSHER_HOME_FAV,2,14,42,19,23,-18,43,20,20,38,False
7,CRUSHER_AWAY_FAV,14,1,4,18,-6,10,3,14,9,4,False
10,GRAVITY_HOME_DOG,14,5,7,15,-6,3,8,15,14,12,True
10,GRAVITY_AWAY_DOG,2,16,21,5,12,-9,22,8,10,17,False
11,GRAVITY_AWAY_DOG,14,16,8,7,-8,-7,9,10,17,17,True
13,GRAVITY_AWAY_DOG,12,16,13,9,-6,-12,15,13,21,25,False
15,GRAVITY_HOME_DOG,13,1,13,39,-10,19,15,30,25,11,True
16,GRAVITY_HOME_DOG,16,4,13,25,-11,10,16,29,27,19,True
22,GRAVITY_AWAY_DOG,1,16,54,20,25,-22,39,18,14,40,True
24,GRAVITY_AWAY_DOG,15,13,22,22,-14,-11,22,21,36,32,True
29,GRAVITY_AWAY_DOG,13,16,28,23,-18,-21,22,27,40,48,False
29,GRAVITY_HOME_DOG,15,11,24,31,-23,-19,26,26,49,45,False
13,GRAVITY_HOME_DOG,16,3,7,22,-12,5,8,19,20,14,True
19,GRAVITY_AWAY_DOG,15,16,14,13,-11,-15,11,18,22,33,True
20,GRAVITY_HOME_DOG,16,15,13,16,-16,-14,19,13,35,27,False
28,GRAVITY_AWAY_DOG,6,15,47,19,8,-22,37,25,29,47,True
28,GRAVITY_AWAY_DOG,10,13,33,28,-2,-7,35,27,37,34,False
29,GRAVITY_HOME_DOG,16,10,19,33,-26,-3,25,35,51,38,True
29,GRAVITY_HOME_DOG,15,9,19,38,-23,1,19,42,42,41,False
15,GRAVITY_HOME_DOG,15,8,13,18,-9,1,9,21,18,20,False
19,GRAVITY_AWAY_DOG,7,16,23,14,2,-16,19,20,17,36,True
20,GRAVITY_HOME_DOG,13,1,20,45,-10,30,17,51,27,21,True
20,GRAVITY_HOME_DOG,16,11,14,20,-17,-6,20,18,37,24,True
23,GRAVITY_AWAY_DOG,10,14,25,20,-6,-17,16,22,22,39,False
12,GRAVITY_AWAY_DOG,11,14,13,10,2,-2,12,17,10,19,True
13,GRAVITY_HOME_DOG,14,13,10,12,-4,-4,17,8,21,12,True
14,GRAVITY_HOME_DOG,16,6,10,19,-13,-2,11,16,24,18,True
14,GRAVITY_AWAY_DOG,8,14,18,10,4,-5,19,17,15,22,False
15,GRAVITY_AWAY_DOG,7,16,20,10,5,-14,15,11,10,25,True
16,GRAVITY_HOME_DOG,16,8,10,22,-17,-10,12,21,29,31,True
20,GRAVITY_HOME_DOG,15,2,18,38,-10,23,16,43,26,20,True
6,GRAVITY_HOME_DOG,15,2,3,12,-6,4,4,11,10,7,False
8,GRAVITY_AWAY_DOG,12,14,7,4,-4,-4,7,5,11,9,True
9,GRAVITY_HOME_DOG,16,10,3,11,-15,-1,4,9,19,10,True
9,GRAVITY_HOME_DOG,14,12,6,10,-6,-3,4,10,10,13,True
9,GRAVITY_HOME_DOG,15,6,4,13,-5,2,7,11,12,9,True
10,GRAVITY_AWAY_DOG,6,15,16,4,2,-6,14,7,12,13,True
10,GRAVITY_AWAY_DOG,4,16,16,3,7,-17,14,4,7,21,True
10,GRAVITY_AWAY_DOG,5,14,16,6,3,-7,12,4,9,11,True
11,GRAVITY_HOME_DOG,14,5,6,19,-10,3,4,16,14,13,True
11,GRAVITY_HOME_DOG,15,9,4,14,-7,0,8,11,15,11,False
14,GRAVITY_HOME_DOG,13,10,13,15,-11,-2,12,15,23,17,False
19,GRAVITY_HOME_DOG,15,5,16,30,-20,7,17,23,37,16,True
20,GRAVITY_HOME_DOG,15,5,16,32,-21,8,18,27,39,19,True
20,GRAVITY_AWAY_DOG,9,14,26,17,8,-8,27,15,19,23,False
21,GRAVITY_AWAY_DOG,8,15,28,16,-5,-25,27,18,32,43,True
27,GRAVITY_HOME_DOG,13,3,26,47,-9,18,21,40,30,22,True
29,GRAVITY_HOME_DOG,16,15,24,25,-19,-34,31,27,50,61,False
6,GRAVITY_HOME_DOG,13,14,3,3,-4,-6,6,3,10,9,False
10,GRAVITY_HOME_DOG,16,12,3,9,-19,-3,3,13,22,16,True
17,GRAVITY_HOME_DOG,16,12,9,14,-15,-9,17,15,32,24,False
20,GRAVITY_HOME_DOG,15,6,14,35,-15,12,16,32,31,20,False
23,GRAVITY_AWAY_DOG,9,15,29,15,2,-15,28,16,26,31,True
24,GRAVITY_HOME_DOG,15,6,15,39,-18,12,17,36,35,24,True
25,GRAVITY_AWAY_DOG,9,16,32,15,-12,-19,21,18,33,37,True
26,GRAVITY_HOME_DOG,16,14,15,22,-20,-19,18,21,38,40,False
7,GRAVITY_HOME_DOG,15,14,1,2,-9,-10,2,1,11,11,True
10,GRAVITY_HOME_DOG,14,8,6,10,-8,1,8,10,16,9,False
15,GRAVITY_AWAY_DOG,10,15,16,11,-3,-14,14,7,17,21,True
16,GRAVITY_AWAY_DOG,7,15,19,11,1,-15,20,7,19,22,True
17,GRAVITY_HOME_DOG,15,14,11,14,-19,-16,7,14,26,30,True
18,GRAVITY_AWAY_DOG,6,15,28,11,4,-20,24,7,20,27,True
20,GRAVITY_HOME_DOG,16,3,9,36,-19,22,17,42,36,20,True
21,GRAVITY_AWAY_DOG,15,16,12,9,-23,-20,9,18,32,38,True
22,GRAVITY_HOME_DOG,16,9,9,26,-22,-1,18,18,40,19,True
27,GRAVITY_AWAY_DOG,13,14,27,24,-13,-16,27,17,40,33,True
28,GRAVITY_HOME_DOG,14,8,24,38,-17,-3,19,39,36,42,False
6,GRAVITY_HOME_DOG,15,11,3,4,-3,-2,8,5,11,7,True
9,CRUSHER_HOME_FAV,2,15,17,6,9,-5,16,8,7,13,True
10,GRAVITY_HOME_DOG,15,9,6,12,-6,-1,9,11,15,12,True
11,GRAVITY_AWAY_DOG,7,15,14,6,5,-7,17,9,12,16,False
13,GRAVITY_AWAY_DOG,8,16,17,5,5,-14,18,4,13,18,True
14,GRAVITY_HOME_DOG,16,9,5,16,-16,1,4,15,20,14,True
24,GRAVITY_HOME_DOG,16,4,12,41,-20,7,14,35,34,28,True
24,GRAVITY_HOME_DOG,15,12,22,26,-11,-14,19,30,30,44,False
25,GRAVITY_AWAY_DOG,10,16,31,12,-3,-22,24,15,27,37,True
26,GRAVITY_HOME_DOG,16,7,12,39,-23,10,15,39,38,29,True
27,GRAVITY_AWAY_DOG,6,14,41,26,9,-11,33,28,24,39,False
7,GRAVITY_AWAY_DOG,5,14,11,3,2,-5,10,6,8,11,True
8,GRAVITY_AWAY_DOG,14,16,4,2,-5,-9,7,4,12,13,True
9,GRAVITY_HOME_DOG,16,7,2,13,-10,1,5,10,15,9,True
10,GRAVITY_AWAY_DOG,10,16,12,2,-2,-11,11,6,13,17,True
11,GRAVITY_HOME_DOG,16,6,2,17,-13,3,7,10,20,7,False
15,GRAVITY_HOME_DOG,16,5,10,25,-12,7,16,24,28,17,True
16,GRAVITY_HOME_DOG,15,9,10,22,-13,2,17,15,30,13,True
17,GRAVITY_HOME_DOG,13,11,14,18,-9,-7,16,13,25,20,False
17,GRAVITY_AWAY_DOG,5,15,29,10,12,-14,24,18,12,32,True
18,GRAVITY_HOME_DOG,16,10,10,24,-16,-7,18,16,34,23,False
23,CRUSHER_AWAY_FAV,13,3,20,42,-11,17,24,34,35,17,False
7,GRAVITY_AWAY_DOG,3,16,10,3,8,-7,14,6,6,13,True
8,GRAVITY_HOME_DOG,16,13,3,8,-9,-2,6,8,15,10,True
8,GRAVITY_AWAY_DOG,11,15,9,4,-5,-7,8,6,13,13,True
9,GRAVITY_HOME_DOG,15,3,4,16,-11,5,6,12,17,7,True
9,GRAVITY_AWAY_DOG,11,16,10,3,0,-10,9,6,9,16,False
10,GRAVITY_AWAY_DOG,15,16,6,4,-9,-13,7,6,16,19,False
27,CRUSHER_AWAY_FAV,16,1,20,49,-26,16,25,45,51,29,False
7,GRAVITY_AWAY_DOG,14,16,3,1,-3,-7,3,4,6,11,True
8,GRAVITY_HOME_DOG,16,13,1,6,-9,-3,4,5,13,8,False
12,GRAVITY_AWAY_DOG,10,15,12,6,-5,-10,15,6,20,16,True
13,GRAVITY_AWAY_DOG,3,16,26,4,15,-14,20,8,5,22,True
13,GRAVITY_HOME_DOG,15,14,6,10,-13,-15,6,9,19,24,True
14,GRAVITY_HOME_DOG,16,1,4,30,-15,13,11,24,26,11,True
15,GRAVITY_HOME_DOG,16,5,4,26,-17,5,11,26,28,21,True
21,GRAVITY_AWAY_DOG,14,16,15,6,-24,-25,18,13,42,38,True
26,GRAVITY_AWAY_DOG,9,15,30,16,-4,-37,31,22,35,59,False
30,GRAVITY_AWAY_DOG,11,14,30,26,-12,-16,33,25,45,41,False
10,GRAVITY_HOME_DOG,16,15,5,6,-12,-12,3,10,15,22,True
11,GRAVITY_AWAY_DOG,12,16,10,5,-2,-14,7,4,9,18,True
26,GRAVITY_AWAY_DOG,16,14,17,20,-25,-10,17,21,42,31,True
27,GRAVITY_HOME_DOG,14,5,20,43,-13,14,22,43,35,29,False
9,GRAVITY_AWAY_DOG,15,16,2,2,-9,-14,2,0,11,14,True
10,GRAVITY_HOME_DOG,16,5,2,15,-16,1,1,10,17,9,False
14,GRAVITY_HOME_DOG,16,7,5,21,-20,2,9,19,29,17,True
6,GRAVITY_AWAY_DOG,2,15,13,3,9,-6,9,3,0,9,True
7,GRAVITY_HOME_DOG,15,12,3,6,-10,-1,4,7,14,8,True
7,GRAVITY_AWAY_DOG,8,14,8,3,-1,-4,5,4,6,8,True
8,GRAVITY_AWAY_DOG,6,16,10,3,1,-11,7,5,6,16,True
9,GRAVITY_AWAY_DOG,15,16,4,3,-9,-13,3,5,12,18,False
13,GRAVITY_AWAY_DOG,14,16,10,4,-11,-20,6,4,17,24,True
14,GRAVITY_HOME_DOG,16,1,4,31,-21,22,5,27,26,5,True
15,GRAVITY_AWAY_DOG,11,16,15,4,-3,-22,14,6,17,28,True
19,GRAVITY_HOME_DOG,16,12,14,20,-17,-6,18,16,35,22,False
28,GRAVITY_AWAY_DOG,9,15,35,24,1,-18,37,20,36,38,True
29,GRAVITY_HOME_DOG,15,13,24,27,-21,-21,20,27,41,48,True
30,GRAVITY_AWAY_DOG,2,15,54,24,15,-22,52,21,37,43,True
11,GRAVITY_AWAY_DOG,15,14,8,9,-10,-9,6,12,16,21,True
15,GRAVITY_AWAY_DOG,14,16,14,7,-8,-18,11,10,19,28,True
16,GRAVITY_AWAY_DOG,1,16,35,7,21,-19,34,10,13,29,False
27,GRAVITY_HOME_DOG,16,10,20,36,-24,-5,21,26,45,31,True
28,GRAVITY_HOME_DOG,15,3,23,46,-22,9,23,35,45,26,True
28,GRAVITY_AWAY_DOG,14,16,25,20,-17,-25,16,21,33,46,True
29,GRAVITY_AWAY_DOG,7,15,43,23,12,-23,43,24,31,47,False
6,GRAVITY_HOME_DOG,13,6,3,8,-1,1,7,10,8,9,True
7,GRAVITY_AWAY_DOG,14,13,3,3,-5,-2,4,7,9,9,False
10,GRAVITY_HOME_DOG,15,16,5,5,-7,-9,10,9,17,18,True
17,GRAVITY_HOME_DOG,15,2,14,34,-13,14,13,28,26,14,True
18,GRAVITY_AWAY_DOG,13,16,16,14,-11,-14,17,13,28,27,True
19,GRAVITY_HOME_DOG,16,2,14,38,-15,16,13,32,28,16,True
20,GRAVITY_HOME_DOG,16,10,14,22,-18,-12,13,20,31,32,False
25,GRAVITY_HOME_DOG,14,10,20,28,-19,-4,27,36,46,40,True
26,GRAVITY_AWAY_DOG,1,16,57,20,26,-20,45,28,19,48,True
27,GRAVITY_HOME_DOG,16,13,20,26,-25,-12,28,26,53,38,False
29,GRAVITY_AWAY_DOG,6,14,40,26,9,-14,46,27,37,41,True
30,GRAVITY_HOME_DOG,13,12,26,32,-15,-11,28,41,43,52,True
6,CRUSHER_HOME_FAV,1,15,13,1,10,-5,13,6,3,11,True
7,GRAVITY_HOME_DOG,16,12,1,5,-7,-8,6,5,13,13,True
8,GRAVITY_AWAY_DOG,14,16,4,1,-6,-8,4,6,10,14,True
9,GRAVITY_HOME_DOG,16,14,1,5,-10,-8,7,5,17,13,True
10,GRAVITY_AWAY_DOG,11,13,11,6,-7,-3,8,11,15,14,True
11,GRAVITY_HOME_DOG,13,12,6,10,-4,-4,12,8,16,12,False
12,GRAVITY_AWAY_DOG,16,15,3,3,-11,-9,10,7,21,16,False
17,GRAVITY_HOME_DOG,16,8,6,24,-17,-1,10,22,27,23,True
21,GRAVITY_HOME_DOG,15,8,13,28,-18,-3,14,22,32,25,False
29,CRUSHER_HOME_FAV,4,14,48,25,18,-13,44,30,26,43,False
19,GRAVITY_HOME_DOG,16,14,12,17,-14,-8,16,22,30,30,False
23,GRAVITY_HOME_DOG,16,5,13,36,-21,16,20,39,41,23,True
7,GRAVITY_HOME_DOG,16,11,1,7,-8,1,1,5,9,4,False
16,GRAVITY_AWAY_DOG,11,14,17,11,-3,-13,15,12,18,25,True
17,GRAVITY_HOME_DOG,15,4,11,28,-16,14,13,33,29,19,True
18,GRAVITY_AWAY_DOG,5,16,30,11,3,-18,26,13,23,31,True
19,GRAVITY_HOME_DOG,16,15,11,11,-21,-9,14,14,35,23,True
20,GRAVITY_AWAY_DOG,6,16,31,11,5,-22,35,15,30,37,True
21,GRAVITY_HOME_DOG,16,11,11,23,-23,-4,18,26,41,30,True
22,GRAVITY_AWAY_DOG,13,16,19,11,-13,-24,19,20,32,44,True
23,GRAVITY_HOME_DOG,16,10,11,29,-27,-5,20,23,47,28,False
25,GRAVITY_AWAY_DOG,10,15,30,15,-2,-17,33,18,35,35,True
6,GRAVITY_AWAY_DOG,13,16,4,1,-2,-7,7,5,9,12,True
7,GRAVITY_HOME_DOG,16,7,1,8,-9,4,5,10,14,6,False
15,GRAVITY_AWAY_DOG,5,14,23,11,7,-7,25,11,18,18,True
16,GRAVITY_AWAY_DOG,2,15,29,11,9,-9,28,12,19,21,True
16,GRAVITY_AWAY_DOG,6,14,25,12,0,-18,24,11,24,29,True
17,GRAVITY_HOME_DOG,15,11,11,20,-11,2,13,23,24,21,True
18,GRAVITY_AWAY_DOG,16,15,10,11,-13,-14,12,14,25,28,True
19,GRAVITY_HOME_DOG,16,13,11,14,-16,-11,15,17,31,28,False
20,GRAVITY_HOME_DOG,13,7,14,28,-13,-1,17,21,30,22,True
26,GRAVITY_AWAY_DOG,7,14,37,19,1,-22,30,18,29,40,True
27,GRAVITY_HOME_DOG,15,11,19,33,-25,-8,18,37,43,45,False
9,GRAVITY_HOME_DOG,15,10,6,9,-9,2,5,9,14,7,False
14,GRAVITY_AWAY_DOG,16,15,5,7,-13,-14,8,9,21,23,True
19,GRAVITY_HOME_DOG,16,14,8,15,-22,-18,11,13,33,31,False
20,GRAVITY_HOME_DOG,14,13,15,18,-20,-14,13,18,33,32,True
24,GRAVITY_AWAY_DOG,5,16,40,11,15,-25,40,18,25,43,True
25,GRAVITY_HOME_DOG,16,5,11,43,-28,7,18,31,46,24,True
8,GRAVITY_AWAY_DOG,6,13,12,6,3,-3,10,8,7,11,True
9,GRAVITY_HOME_DOG,14,15,6,6,-4,-5,9,2,13,7,False
12,GRAVITY_HOME_DOG,16,15,6,7,-12,-8,5,7,17,15,False
13,GRAVITY_HOME_DOG,13,3,10,24,-11,6,10,16,21,10,True
14,GRAVITY_AWAY_DOG,9,13,18,10,-2,-13,19,10,21,23,True
15,GRAVITY_HOME_DOG,15,13,10,10,-15,-12,11,9,26,21,True
15,GRAVITY_HOME_DOG,14,10,10,18,-15,-2,10,16,25,18,True
20,GRAVITY_HOME_DOG,16,8,11,28,-23,4,12,27,35,23,True
25,CRUSHER_HOME_FAV,1,16,54,16,30,-20,52,14,22,34,True
26,GRAVITY_HOME_DOG,16,6,16,40,-23,10,14,35,37,25,True
27,GRAVITY_HOME_DOG,15,16,17,16,-20,-25,19,14,39,39,True
28,GRAVITY_AWAY_DOG,5,16,47,17,7,-21,41,19,34,40,True
29,GRAVITY_HOME_DOG,16,12,17,32,-24,-17,20,28,44,45,True
30,GRAVITY_AWAY_DOG,10,16,35,17,-4,-26,43,20,47,46,True
6,GRAVITY_AWAY_DOG,6,16,8,1,0,-8,5,2,5,10,True
7,GRAVITY_HOME_DOG,16,14,1,5,-9,-4,2,6,11,10,True
7,GRAVITY_HOME_DOG,15,5,4,11,-8,1,4,6,12,5,True
8,GRAVITY_AWAY_DOG,1,14,17,6,12,-9,17,8,5,17,True
23,GRAVITY_HOME_DOG,16,11,11,20,-26,-11,12,26,38,37,True
23,GRAVITY_HOME_DOG,15,8,16,34,-22,8,21,33,43,25,False
26,GRAVITY_HOME_DOG,16,12,17,23,-18,-19,16,19,34,38,True
27,GRAVITY_AWAY_DOG,5,16,45,17,15,-19,37,16,22,35,False
14,GRAVITY_HOME_DOG,13,16,11,8,-13,-10,10,16,23,26,True
15,GRAVITY_AWAY_DOG,8,15,22,11,7,-14,25,10,18,24,True
21,GRAVITY_HOME_DOG,16,11,13,23,-22,-11,14,19,36,30,True
22,GRAVITY_AWAY_DOG,4,16,40,13,13,-23,31,15,18,38,True
22,GRAVITY_HOME_DOG,15,14,16,18,-16,-10,17,26,33,36,False
23,GRAVITY_HOME_DOG,15,10,18,26,-11,-9,27,29,38,38,False
8,CRUSHER_AWAY_FAV,15,2,4,18,-7,8,4,10,11,2,False
15,GRAVITY_HOME_DOG,13,16,13,11,-10,-16,14,8,24,24,False
16,GRAVITY_AWAY_DOG,10,16,17,11,0,-18,20,9,20,27,True
17,GRAVITY_HOME_DOG,16,7,11,21,-19,-3,9,15,28,18,True
23,GRAVITY_HOME_DOG,13,12,24,24,-15,-7,21,22,36,29,True
9,GRAVITY_HOME_DOG,15,7,7,12,-3,-2,10,7,13,9,False
14,GRAVITY_HOME_DOG,13,3,12,25,-6,12,10,22,16,10,True
15,GRAVITY_HOME_DOG,16,3,8,28,-8,13,12,26,20,13,True
15,GRAVITY_AWAY_DOG,12,13,14,12,-5,-7,15,13,20,20,True
15,GRAVITY_AWAY_DOG,6,15,25,10,2,-21,19,10,17,31,True
16,GRAVITY_AWAY_DOG,7,15,24,10,5,-23,15,11,10,34,True
16,GRAVITY_AWAY_DOG,13,16,13,8,-7,-10,13,12,20,22,True
17,GRAVITY_HOME_DOG,15,10,10,18,-24,-4,13,18,37,22,True
19,GRAVITY_HOME_DOG,14,11,12,20,-19,-5,22,24,41,29,False
21,GRAVITY_AWAY_DOG,14,15,15,14,-19,-15,24,17,43,32,True
25,CRUSHER_HOME_FAV,2,16,55,16,29,-28,48,25,19,53,True
26,GRAVITY_HOME_DOG,16,15,16,18,-29,-13,26,30,55,43,True
6,GRAVITY_AWAY_DOG,11,16,6,1,-3,-6,6,2,9,8,False
7,GRAVITY_HOME_DOG,16,14,2,4,-9,-5,3,5,12,10,True
8,GRAVITY_AWAY_DOG,9,16,9,2,-1,-12,11,3,12,15,True
9,GRAVITY_AWAY_DOG,9,16,12,2,-3,-14,9,3,12,17,True
17,GRAVITY_HOME_DOG,16,15,10,10,-19,-10,14,5,33,15,True
18,GRAVITY_AWAY_DOG,8,16,23,10,-6,-20,17,15,23,35,True
27,GRAVITY_HOME_DOG,13,16,25,20,-18,-25,27,26,45,51,True
10,GRAVITY_AWAY_DOG,13,16,6,3,-6,-10,8,4,14,14,True
11,GRAVITY_AWAY_DOG,5,16,16,3,7,-12,21,4,14,16,True
12,GRAVITY_HOME_DOG,16,15,3,4,-13,-13,4,7,17,20,True
17,GRAVITY_AWAY_DOG,3,14,30,10,3,-12,20,14,17,26,True
18,GRAVITY_HOME_DOG,14,10,10,21,-17,2,14,17,31,15,False
20,GRAVITY_AWAY_DOG,14,16,13,8,-20,-21,15,11,35,32,False
6,GRAVITY_HOME_DOG,14,15,3,2,-5,-3,2,3,7,6,True
6,GRAVITY_AWAY_DOG,2,16,10,1,6,-13,11,2,5,15,True
7,GRAVITY_HOME_DOG,16,4,1,11,-14,2,2,5,16,3,False
10,GRAVITY_HOME_DOG,15,6,4,16,-10,7,7,20,17,13,False
12,GRAVITY_HOME_DOG,15,12,6,13,-10,-1,8,20,18,21,True
13,GRAVITY_AWAY_DOG,10,15,16,6,1,-12,16,9,15,21,False
15,GRAVITY_HOME_DOG,13,15,14,9,-5,-13,18,10,23,23,True
15,GRAVITY_HOME_DOG,14,5,13,24,-3,6,15,24,18,18,False
21,GRAVITY_AWAY_DOG,4,15,31,17,9,-6,33,20,24,26,True
21,GRAVITY_AWAY_DOG,16,13,17,18,-16,-12,14,22,30,34,True
22,GRAVITY_HOME_DOG,16,8,17,29,-10,3,21,34,31,31,False
7,GRAVITY_AWAY_DOG,3,16,13,1,5,-13,11,4,6,17,False
10,GRAVITY_HOME_DOG,16,14,5,8,-8,-10,4,6,12,16,True
11,GRAVITY_AWAY_DOG,8,16,14,5,5,-11,16,5,11,16,True
11,GRAVITY_AWAY_DOG,13,15,9,6,-3,-8,13,8,16,16,False
21,GRAVITY_AWAY_DOG,12,14,23,17,-11,-15,18,20,29,35,False
21,GRAVITY_AWAY_DOG,3,16,37,15,16,-16,33,18,17,34,True
22,GRAVITY_HOME_DOG,16,6,15,32,-20,1,18,31,38,30,True
22,CRUSHER_AWAY_FAV,13,2,21,40,-14,20,19,37,33,17,True
23,GRAVITY_AWAY_DOG,8,13,33,21,1,-15,33,20,32,35,True
24,GRAVITY_HOME_DOG,15,13,21,22,-18,-11,20,28,38,39,False
13,GRAVITY_HOME_DOG,15,10,9,15,-12,-3,10,12,22,15,True
14,GRAVITY_AWAY_DOG,11,15,16,9,-2,-13,11,10,13,23,True
15,GRAVITY_HOME_DOG,15,10,9,19,-15,-5,10,17,25,22,True
16,GRAVITY_HOME_DOG,16,9,9,20,-18,0,11,18,29,18,False
20,GRAVITY_AWAY_DOG,2,16,40,9,18,-23,35,10,17,33,True
21,GRAVITY_HOME_DOG,16,13,9,19,-27,-8,10,16,37,24,False
27,GRAVITY_AWAY_DOG,6,15,36,20,-2,-17,45,19,47,36,True
29,CRUSHER_HOME_FAV,3,13,52,32,14,-23,41,28,27,51,False
7,GRAVITY_HOME_DOG,16,4,2,10,-9,4,3,12,12,8,True
16,GRAVITY_HOME_DOG,15,16,11,8,-13,-14,16,7,29,21,True
8,GRAVITY_AWAY_DOG,5,15,12,6,0,-3,10,7,10,10,True
9,GRAVITY_HOME_DOG,15,14,6,8,-5,-4,7,6,12,10,True
11,GRAVITY_AWAY_DOG,8,16,16,3,3,-10,15,6,12,16,True
12,GRAVITY_HOME_DOG,16,5,3,20,-13,8,6,21,19,13,True
13,GRAVITY_AWAY_DOG,15,16,10,3,-7,-15,12,6,19,21,True
14,GRAVITY_AWAY_DOG,7,15,21,11,2,-8,13,16,11,24,True
14,GRAVITY_HOME_DOG,16,9,3,19,-16,-1,7,17,23,18,True
15,GRAVITY_AWAY_DOG,3,16,26,3,10,-17,27,8,17,25,True
16,GRAVITY_AWAY_DOG,14,16,13,3,-8,-18,20,9,28,27,False
6,GRAVITY_AWAY_DOG,9,16,6,1,-1,-5,4,4,5,9,True
6,GRAVITY_AWAY_DOG,8,15,7,3,-2,-7,4,3,6,10,True
7,GRAVITY_HOME_DOG,16,8,1,10,-6,0,4,6,10,6,True
7,GRAVITY_HOME_DOG,15,4,3,11,-9,7,3,14,12,7,True
7,GRAVITY_HOME_DOG,14,12,4,6,-4,-3,5,6,9,9,False
8,GRAVITY_AWAY_DOG,14,15,6,3,-4,-11,6,5,10,16,True
9,GRAVITY_HOME_DOG,15,3,3,16,-13,1,5,9,18,8,True
18,GRAVITY_AWAY_DOG,7,16,24,11,-3,-19,17,14,20,33,True
19,GRAVITY_HOME_DOG,16,8,11,26,-22,0,14,21,36,21,True
20,GRAVITY_AWAY_DOG,10,16,24,11,-6,-26,18,15,24,41,True
23,GRAVITY_HOME_DOG,14,7,25,34,-11,1,27,27,38,26,True
26,GRAVITY_AWAY_DOG,14,16,27,16,-4,-24,25,22,29,46,True
29,GRAVITY_HOME_DOG,14,7,29,43,-19,6,26,41,45,35,True
30,GRAVITY_AWAY_DOG,6,14,47,29,9,-22,52,26,43,48,False
8,GRAVITY_AWAY_DOG,4,13,13,7,1,-5,12,4,11,9,True
11,CRUSHER_HOME_FAV,3,14,19,8,8,-6,18,11,10,17,False
15,GRAVITY_HOME_DOG,13,3,15,26,-18,7,12,24,30,17,True
16,GRAVITY_HOME_DOG,13,8,15,21,-20,-3,13,23,33,26,True
30,GRAVITY_AWAY_DOG,16,13,15,28,-37,-19,21,18,58,37,False
15,GRAVITY_AWAY_DOG,4,16,25,11,6,-14,26,11,20,25,True
16,GRAVITY_AWAY_DOG,2,16,28,11,14,-17,31,11,17,28,True
16,GRAVITY_HOME_DOG,14,10,14,21,-14,-1,9,17,23,18,True
17,GRAVITY_AWAY_DOG,4,14,26,14,8,-15,27,9,19,24,True
17,GRAVITY_HOME_DOG,16,6,11,24,-18,4,11,29,29,25,True
18,GRAVITY_AWAY_DOG,11,16,21,11,-1,-20,21,11,22,31,True
19,GRAVITY_HOME_DOG,16,8,11,27,-22,7,13,30,35,23,False
21,GRAVITY_HOME_DOG,13,6,19,32,-12,7,16,37,28,30,False
28,CRUSHER_AWAY_FAV,14,3,26,49,-32,11,25,44,57,33,True
29,GRAVITY_AWAY_DOG,2,14,58,26,24,-33,51,25,27,58,True
30,CRUSHER_AWAY_FAV,15,3,23,55,-29,14,28,48,57,34,False
30,GRAVITY_HOME_DOG,14,7,26,43,-36,-1,26,45,62,46,True
8,GRAVITY_HOME_DOG,13,4,6,13,-5,8,4,16,9,8,True
9,GRAVITY_AWAY_DOG,7,14,13,6,7,-6,13,5,6,11,True
10,GRAVITY_HOME_DOG,15,14,6,8,-7,-8,6,6,13,14,True
22,GRAVITY_HOME_DOG,15,16,18,15,-25,-16,14,19,39,35,True
6,GRAVITY_AWAY_DOG,9,13,6,3,0,-4,7,4,7,8,True
6,CRUSHER_AWAY_FAV,14,4,3,10,-7,4,4,8,11,4,True
7,GRAVITY_AWAY_DOG,9,15,8,3,1,-8,5,5,4,13,False
25,GRAVITY_HOME_DOG,16,2,16,45,-22,24,19,42,41,18,True
26,GRAVITY_AWAY_DOG,4,16,45,16,9,-24,41,19,32,43,True
27,GRAVITY_HOME_DOG,16,6,16,41,-25,10,19,37,44,27,False
12,GRAVITY_AWAY_DOG,8,16,16,1,-1,-14,18,8,19,22,True
13,GRAVITY_AWAY_DOG,13,15,12,7,-8,-11,7,10,15,21,True
13,GRAVITY_AWAY_DOG,6,16,20,1,4,-15,18,8,14,23,False
21,GRAVITY_HOME_DOG,14,12,19,23,-17,-11,19,26,36,37,True
28,GRAVITY_HOME_DOG,16,2,16,52,-22,18,21,45,43,27,True
29,GRAVITY_AWAY_DOG,6,16,47,16,12,-23,39,21,27,44,True
30,GRAVITY_HOME_DOG,16,9,16,38,-26,-4,21,31,47,35,True
6,GRAVITY_HOME_DOG,14,8,3,7,-3,-1,3,5,6,6,True
6,GRAVITY_HOME_DOG,15,10,3,6,-5,-1,4,8,9,9,False
7,GRAVITY_AWAY_DOG,10,15,6,3,-2,-7,9,4,11,11,True
7,CRUSHER_HOME_FAV,2,14,18,4,8,-5,12,3,4,8,True
8,GRAVITY_HOME_DOG,15,12,3,6,-9,-4,5,2,14,6,False
8,GRAVITY_HOME_DOG,14,4,4,13,-12,5,3,13,15,8,False
8,GRAVITY_HOME_DOG,16,10,1,9,-11,0,1,12,12,12,True
10,GRAVITY_AWAY_DOG,13,14,6,6,-7,-9,10,7,17,16,False
12,GRAVITY_AWAY_DOG,12,16,12,6,-9,-12,12,5,21,17,True
13,GRAVITY_HOME_DOG,16,3,6,27,-13,14,5,27,18,13,True
14,GRAVITY_AWAY_DOG,6,16,25,6,7,-15,22,6,15,21,True
14,GRAVITY_HOME_DOG,14,5,13,25,-7,9,15,27,22,18,True
15,GRAVITY_AWAY_DOG,15,14,9,13,-9,-9,14,16,23,25,True
15,GRAVITY_HOME_DOG,13,6,14,26,-5,7,10,22,15,15,False
16,GRAVITY_HOME_DOG,14,16,13,7,-10,-17,16,6,26,23,False
19,GRAVITY_HOME_DOG,14,11,17,19,-19,-7,16,20,35,27,False
20,GRAVITY_AWAY_DOG,7,14,30,17,11,-14,25,12,14,26,True
22,GRAVITY_AWAY_DOG,10,16,24,10,-3,-27,27,10,30,37,True
25,GRAVITY_AWAY_DOG,3,15,46,22,18,-13,45,26,27,39,True
9,CRUSHER_AWAY_FAV,15,3,6,16,-8,3,4,8,12,5,False
11,GRAVITY_HOME_DOG,14,7,10,16,-7,0,10,19,17,19,False
15,GRAVITY_HOME_DOG,15,11,10,18,-14,3,9,14,23,11,True
16,GRAVITY_HOME_DOG,16,12,10,18,-15,-5,10,16,25,21,False
19,GRAVITY_HOME_DOG,14,15,18,17,-9,-12,21,13,30,25,False
23,GRAVITY_HOME_DOG,14,2,20,44,-14,12,21,32,35,20,True
24,GRAVITY_HOME_DOG,14,12,20,30,-15,-12,22,29,37,41,True
25,GRAVITY_AWAY_DOG,11,16,33,15,-10,-28,24,23,34,51,True
25,GRAVITY_AWAY_DOG,8,14,35,20,-3,-16,31,23,34,39,True
26,GRAVITY_HOME_DOG,14,13,20,26,-19,-9,23,29,42,38,True
27,GRAVITY_AWAY_DOG,5,15,39,20,13,-21,39,23,26,44,True
28,GRAVITY_HOME_DOG,15,3,20,45,-25,10,23,31,48,21,True
29,GRAVITY_AWAY_DOG,9,15,40,20,6,-27,43,24,37,51,True
7,CRUSHER_HOME_FAV,1,15,16,2,10,-5,15,3,5,8,True
7,GRAVITY_HOME_DOG,16,3,1,14,-13,5,2,8,15,3,False
8,GRAVITY_HOME_DOG,16,5,2,11,-7,-1,4,8,11,9,True
9,GRAVITY_AWAY_DOG,8,16,11,2,3,-8,14,7,11,15,True
10,GRAVITY_HOME_DOG,16,3,2,18,-9,11,7,16,16,5,True
10,GRAVITY_HOME_DOG,14,15,6,4,-10,-14,6,5,16,19,False
11,GRAVITY_AWAY_DOG,15,16,4,2,-16,-11,6,7,22,18,True
12,GRAVITY_HOME_DOG,16,9,2,17,-14,0,7,16,21,16,True
26,GRAVITY_HOME_DOG,14,13,22,25,-15,-8,30,19,45,27,True
27,GRAVITY_AWAY_DOG,2,15,50,22,16,-16,41,30,25,46,True
28,GRAVITY_HOME_DOG,15,7,22,39,-17,3,31,32,48,29,True
29,GRAVITY_AWAY_DOG,1,15,56,22,27,-20,56,31,29,51,True
30,GRAVITY_HOME_DOG,15,6,22,47,-21,15,31,39,52,24,True
30,CRUSHER_AWAY_FAV,13,1,28,59,-11,28,20,57,31,29,True
8,GRAVITY_AWAY_DOG,6,13,11,7,4,-3,14,8,10,11,True
9,GRAVITY_HOME_DOG,15,6,7,14,-4,2,8,14,12,12,False
10,GRAVITY_AWAY_DOG,9,13,11,8,-2,-5,10,8,12,13,True
11,GRAVITY_HOME_DOG,13,3,8,18,-6,6,9,18,15,12,True
12,GRAVITY_AWAY_DOG,4,13,20,8,3,-8,18,9,15,17,True
13,GRAVITY_HOME_DOG,15,13,7,11,-5,-10,6,11,11,21,False
23,GRAVITY_HOME_DOG,16,12,15,25,-9,-8,13,27,22,35,True
24,GRAVITY_AWAY_DOG,9,16,31,15,5,-11,32,13,27,24,True
25,GRAVITY_HOME_DOG,16,2,15,46,-12,19,13,44,25,25,True
30,GRAVITY_AWAY_DOG,14,13,30,30,-13,-12,25,33,38,45,True
8,GRAVITY_HOME_DOG,15,6,3,10,-11,1,8,8,19,7,True
9,GRAVITY_AWAY_DOG,5,15,13,3,11,-14,21,8,10,22,True
10,GRAVITY_HOME_DOG,15,12,3,10,-17,-4,9,9,26,13,True
11,GRAVITY_AWAY_DOG,14,15,7,3,-5,-23,5,9,10,32,False
12,GRAVITY_AWAY_DOG,13,14,11,7,-7,-6,13,5,20,11,True
13,GRAVITY_HOME_DOG,15,11,7,15,-9,0,5,13,14,13,True
14,GRAVITY_AWAY_DOG,4,15,22,7,15,-10,32,6,17,16,True
15,GRAVITY_HOME_DOG,15,7,7,20,-11,2,6,21,17,19,True
28,GRAVITY_HOME_DOG,13,16,25,18,-12,-27,26,20,38,47,True
30,GRAVITY_HOME_DOG,13,5,25,49,-17,10,26,45,43,35,True
7,CRUSHER_AWAY_FAV,13,1,6,16,-4,6,7,6,11,0,False
11,GRAVITY_HOME_DOG,14,16,7,3,-10,-15,6,2,16,17,True
15,GRAVITY_HOME_DOG,13,7,13,21,-4,4,15,11,19,7,True
16,GRAVITY_HOME_DOG,16,13,4,13,-25,-5,4,16,29,21,False
17,GRAVITY_HOME_DOG,13,12,13,15,-6,-10,16,18,22,28,True
18,GRAVITY_AWAY_DOG,15,13,12,13,-19,-7,16,17,35,24,True
19,GRAVITY_HOME_DOG,14,5,13,32,-8,11,18,27,26,16,True
28,GRAVITY_AWAY_DOG,4,13,47,25,11,-21,46,27,35,48,True
29,GRAVITY_HOME_DOG,13,10,25,38,-24,-14,27,34,51,48,True
29,GRAVITY_HOME_DOG,15,4,17,49,-29,18,22,44,51,26,True
7,GRAVITY_HOME_DOG,15,1,4,16,-6,8,4,13,10,5,False
17,GRAVITY_AWAY_DOG,14,16,13,11,-10,-13,18,14,28,27,True
25,GRAVITY_HOME_DOG,15,10,23,28,-9,-6,30,24,39,30,False
13,GRAVITY_HOME_DOG,16,6,8,19,-9,7,9,22,18,15,False
26,GRAVITY_AWAY_DOG,3,14,49,21,17,-17,42,21,25,38,False
23,GRAVITY_AWAY_DOG,15,13,17,22,-14,-9,17,27,31,36,True
27,GRAVITY_AWAY_DOG,3,15,46,22,16,-20,50,22,34,42,True
28,GRAVITY_HOME_DOG,15,10,22,33,-21,-8,22,38,43,46,False
9,CRUSHER_AWAY_FAV,16,1,5,16,-5,7,5,10,10,3,False
13,CRUSHER_AWAY_FAV,14,3,12,22,-6,4,9,15,15,11,False
14,GRAVITY_HOME_DOG,13,11,15,15,-9,-5,16,11,25,16,True
15,GRAVITY_AWAY_DOG,6,14,22,14,6,2,22,25,16,23,True
15,GRAVITY_AWAY_DOG,12,13,15,15,-9,-10,13,18,22,28,True
16,GRAVITY_HOME_DOG,14,1,14,29,-1,15,25,29,26,14,True
17,GRAVITY_AWAY_DOG,5,15,29,14,6,-3,19,26,13,29,True
22,GRAVITY_AWAY_DOG,4,15,37,18,8,-15,25,17,17,32,True
23,GRAVITY_HOME_DOG,16,14,14,22,-30,-13,16,18,46,31,True
29,GRAVITY_AWAY_DOG,1,15,56,20,24,-21,53,23,29,44,True
29,CRUSHER_AWAY_FAV,16,2,16,52,-36,19,19,36,55,17,True
30,GRAVITY_AWAY_DOG,10,16,38,16,-7,-37,36,20,43,57,True
15,GRAVITY_AWAY_DOG,10,14,14,13,0,-11,19,15,19,26,False
18,GRAVITY_AWAY_DOG,11,13,18,16,-12,-11,13,15,25,26,False
28,GRAVITY_HOME_DOG,14,1,26,54,-14,29,28,62,42,33,True
30,GRAVITY_HOME_DOG,16,10,21,35,-23,-7,18,21,41,28,True
12,GRAVITY_AWAY_DOG,6,15,18,8,3,-9,17,9,14,18,True
13,GRAVITY_HOME_DOG,15,16,8,6,-12,-12,9,9,21,21,True
14,GRAVITY_AWAY_DOG,7,16,20,8,3,-13,14,10,11,23,False
26,GRAVITY_AWAY_DOG,3,16,45,21,15,-12,37,17,22,29,True
26,GRAVITY_AWAY_DOG,12,14,29,22,-2,-15,28,23,30,38,True
27,GRAVITY_HOME_DOG,16,1,21,59,-14,42,18,66,32,24,True
10,GRAVITY_HOME_DOG,15,2,6,19,-8,12,8,15,16,3,True
11,GRAVITY_AWAY_DOG,14,15,7,6,-14,-9,4,8,18,17,False
13,GRAVITY_HOME_DOG,16,7,7,19,-17,3,4,17,21,14,True
14,GRAVITY_AWAY_DOG,3,16,23,7,13,-18,27,5,14,23,True
15,GRAVITY_HOME_DOG,16,11,7,17,-21,-4,6,13,27,17,False
25,GRAVITY_AWAY_DOG,4,16,41,15,15,-21,34,15,19,36,False
29,GRAVITY_HOME_DOG,16,7,19,43,-28,3,19,36,47,33,True
30,GRAVITY_AWAY_DOG,3,16,52,19,21,-29,55,19,34,48,True
30,GRAVITY_AWAY_DOG,13,14,28,26,-15,-30,32,23,47,53,True
7,GRAVITY_HOME_DOG,15,13,3,6,-8,-2,3,4,11,6,False
8,GRAVITY_AWAY_DOG,12,16,7,2,-7,-14,6,4,13,18,True
14,GRAVITY_HOME_DOG,16,14,4,14,-22,-11,7,12,29,23,True
15,GRAVITY_AWAY_DOG,7,16,22,4,-8,-23,16,8,24,31,True
16,GRAVITY_AWAY_DOG,10,16,19,4,-1,-24,23,10,24,34,True
16,GRAVITY_AWAY_DOG,14,15,15,9,-4,-16,15,13,19,29,True
17,GRAVITY_HOME_DOG,15,11,9,19,-19,-4,13,21,32,25,False
17,GRAVITY_HOME_DOG,16,6,4,27,-26,10,10,37,36,27,False
21,GRAVITY_AWAY_DOG,2,14,37,19,10,-11,23,21,13,32,True
25,GRAVITY_HOME_DOG,13,11,26,27,-10,-9,35,28,45,37,False
7,GRAVITY_HOME_DOG,14,9,6,8,-4,5,7,9,11,4,True
7,GRAVITY_HOME_DOG,16,7,1,9,-12,2,3,7,15,5,True
8,GRAVITY_AWAY_DOG,14,15,7,6,-2,-7,6,7,8,14,True
8,GRAVITY_AWAY_DOG,13,16,8,1,-1,-13,8,3,9,16,True
9,GRAVITY_HOME_DOG,16,6,1,12,-14,2,3,10,17,8,True
10,GRAVITY_AWAY_DOG,13,16,10,1,0,-16,13,3,13,19,True
11,GRAVITY_HOME_DOG,16,7,1,15,-17,8,3,18,20,10,True
11,GRAVITY_AWAY_DOG,4,13,18,11,5,-4,17,8,12,12,True
19,GRAVITY_HOME_DOG,13,9,18,27,-9,12,16,27,25,15,True
11,GRAVITY_HOME_DOG,15,6,6,16,-12,6,7,10,19,4,True
12,GRAVITY_AWAY_DOG,2,15,23,6,9,-14,21,7,12,21,True
13,GRAVITY_HOME_DOG,15,4,6,23,-16,8,7,23,23,15,False
14,GRAVITY_HOME_DOG,16,15,4,9,-15,-15,4,9,19,24,True
15,GRAVITY_AWAY_DOG,12,16,16,4,-3,-17,15,4,18,21,True
16,GRAVITY_AWAY_DOG,1,16,34,4,19,-18,33,4,14,22,True
20,GRAVITY_HOME_DOG,16,10,16,22,-13,-6,12,21,25,27,True
21,GRAVITY_AWAY_DOG,12,16,22,16,-11,-14,21,12,32,26,False
25,GRAVITY_HOME_DOG,16,4,22,42,-20,13,23,43,43,30,False
6,GRAVITY_AWAY_DOG,10,16,7,1,-1,-8,5,3,6,11,True
7,GRAVITY_AWAY_DOG,11,16,9,1,-3,-9,11,3,14,12,True
16,GRAVITY_AWAY_DOG,2,15,28,11,10,-14,24,11,14,25,False
22,GRAVITY_HOME_DOG,16,5,15,36,-19,11,14,40,33,29,False
28,GRAVITY_AWAY_DOG,16,15,20,20,-24,-21,19,18,43,39,False
29,GRAVITY_HOME_DOG,15,11,23,32,-31,-6,24,20,55,26,True
10,GRAVITY_AWAY_DOG,7,13,14,6,2,-7,10,9,8,16,True
11,GRAVITY_HOME_DOG,14,8,6,16,-8,3,11,15,19,12,True
12,GRAVITY_AWAY_DOG,11,15,11,6,-2,-10,11,12,13,22,False
15,GRAVITY_AWAY_DOG,4,13,29,11,17,-13,24,16,7,29,True
10,GRAVITY_AWAY_DOG,12,13,8,7,-3,-6,9,8,12,14,True
11,GRAVITY_HOME_DOG,15,8,7,17,-7,0,8,12,15,12,True
16,GRAVITY_HOME_DOG,16,3,9,29,-17,10,15,31,32,21,True
17,GRAVITY_AWAY_DOG,11,16,19,9,-5,-18,14,15,19,33,True
18,GRAVITY_HOME_DOG,16,9,9,24,-19,-3,15,20,34,23,True
19,GRAVITY_AWAY_DOG,2,16,37,9,16,-20,34,15,18,35,True
20,GRAVITY_HOME_DOG,16,14,9,16,-24,-13,15,13,39,26,True
21,GRAVITY_AWAY_DOG,15,16,15,9,-16,-25,13,16,29,41,True
22,GRAVITY_HOME_DOG,16,11,9,25,-28,-4,16,23,44,27,False
6,GRAVITY_HOME_DOG,13,10,3,7,-6,-3,4,8,10,11,False
6,GRAVITY_HOME_DOG,16,9,3,7,-10,-2,2,4,12,6,True
7,GRAVITY_AWAY_DOG,11,16,7,3,-6,-11,8,3,14,14,True
8,GRAVITY_HOME_DOG,16,15,3,4,-16,-10,3,1,19,11,False
9,GRAVITY_AWAY_DOG,11,14,9,6,-1,-8,11,6,12,14,True
10,GRAVITY_HOME_DOG,14,10,6,13,-10,-1,6,9,16,10,True
11,GRAVITY_AWAY_DOG,7,15,14,6,-2,-11,17,6,19,17,True
12,GRAVITY_HOME_DOG,15,16,6,5,-16,-13,6,3,22,16,False
17,GRAVITY_HOME_DOG,16,13,9,19,-25,-12,9,15,34,27,False
21,GRAVITY_AWAY_DOG,5,14,35,19,7,-18,30,16,23,34,True
26,GRAVITY_AWAY_DOG,4,16,47,17,8,-28,45,11,37,39,True
27,GRAVITY_HOME_DOG,16,15,17,18,-30,-31,12,14,42,45,True
27,GRAVITY_AWAY_DOG,11,13,35,26,5,-14,48,23,43,37,True
28,GRAVITY_AWAY_DOG,13,16,27,17,-14,-33,25,12,39,45,True
29,GRAVITY_HOME_DOG,14,12,24,34,-27,-13,19,25,46,38,True
30,GRAVITY_AWAY_DOG,4,14,53,24,19,-29,38,19,19,48,True
8,GRAVITY_AWAY_DOG,12,15,7,5,-2,-6,11,3,13,9,True
8,GRAVITY_HOME_DOG,16,2,4,14,-9,5,9,10,18,5,True
9,GRAVITY_HOME_DOG,15,5,5,14,-7,6,3,16,10,10,True
10,GRAVITY_AWAY_DOG,11,15,10,5,-13,-9,6,3,19,12,True
13,GRAVITY_HOME_DOG,14,5,10,20,-9,-1,14,16,23,17,True
19,GRAVITY_AWAY_DOG,15,14,13,15,-13,-22,21,10,34,32,True
20,GRAVITY_HOME_DOG,15,10,15,22,-26,0,10,18,36,18,True
25,GRAVITY_AWAY_DOG,4,15,42,20,11,-20,37,22,26,42,True
26,GRAVITY_AWAY_DOG,5,16,42,20,4,-24,31,23,27,47,False
28,GRAVITY_AWAY_DOG,6,13,42,27,0,-16,32,29,32,45,True
29,GRAVITY_HOME_DOG,13,3,27,50,-21,22,29,51,50,29,False
7,GRAVITY_HOME_DOG,16,1,1,13,-9,8,2,12,11,4,True
8,GRAVITY_AWAY_DOG,11,16,6,1,-4,-10,8,3,12,13,False
11,GRAVITY_AWAY_DOG,16,15,5,6,-13,-15,9,7,22,22,False
12,GRAVITY_AWAY_DOG,2,16,23,5,10,-15,17,10,7,25,True
17,GRAVITY_HOME_DOG,15,8,10,24,-23,7,11,22,34,15,True
18,GRAVITY_AWAY_DOG,2,16,35,10,17,-24,35,11,18,35,True
19,GRAVITY_HOME_DOG,16,12,10,21,-26,-8,11,17,37,25,True
20,GRAVITY_HOME_DOG,16,6,10,31,-28,9,11,29,39,20,True
21,GRAVITY_AWAY_DOG,15,16,13,10,-23,-29,9,13,32,42,False
22,CRUSHER_HOME_FAV,4,15,37,13,14,-24,36,9,22,33,True
23,GRAVITY_HOME_DOG,14,2,13,42,-23,14,17,36,40,22,False
23,GRAVITY_HOME_DOG,15,11,13,25,-25,-12,9,22,34,34,False
28,GRAVITY_AWAY_DOG,8,13,41,24,10,-15,36,20,26,35,True
29,GRAVITY_HOME_DOG,13,4,24,47,-20,17,20,50,40,33,True
30,GRAVITY_AWAY_DOG,15,13,22,24,-33,-25,20,20,53,45,True
17,GRAVITY_AWAY_DOG,11,13,18,12,0,-14,15,16,15,30,True
17,CRUSHER_AWAY_FAV,16,3,10,31,-23,21,14,36,37,15,False
22,GRAVITY_HOME_DOG,16,1,11,45,-28,28,16,44,44,16,False
23,GRAVITY_HOME_DOG,16,3,12,43,-23,24,11,45,34,21,True
7,GRAVITY_AWAY_DOG,3,13,12,6,5,-5,8,7,3,12,True
9,GRAVITY_AWAY_DOG,8,16,11,1,2,-15,14,2,12,17,True
10,GRAVITY_HOME_DOG,16,1,1,20,-16,8,2,14,18,6,True
13,GRAVITY_HOME_DOG,15,2,4,26,-18,12,7,24,25,12,True
14,GRAVITY_AWAY_DOG,7,16,22,4,7,-20,21,7,14,27,False
28,GRAVITY_HOME_DOG,13,4,26,45,-17,17,24,53,41,36,True
18,GRAVITY_AWAY_DOG,5,16,26,11,6,-21,31,10,25,31,True
19,GRAVITY_HOME_DOG,16,12,11,21,-22,-2,10,22,32,24,True
21,GRAVITY_HOME_DOG,14,8,18,27,-15,8,23,28,38,20,False
23,GRAVITY_HOME_DOG,15,6,20,33,-21,7,15,43,36,36,False
26,GRAVITY_HOME_DOG,16,7,13,34,-33,-5,13,33,46,38,True
27,GRAVITY_AWAY_DOG,8,16,36,13,2,-34,28,13,26,47,True
28,GRAVITY_HOME_DOG,16,13,13,32,-35,-16,14,32,49,48,True
29,GRAVITY_AWAY_DOG,5,16,44,13,7,-37,42,14,35,51,True
29,GRAVITY_AWAY_DOG,14,15,30,27,-23,-16,21,34,44,50,True
30,GRAVITY_HOME_DOG,15,11,27,36,-17,1,34,40,51,39,False
30,GRAVITY_HOME_DOG,16,13,13,33,-40,-22,14,22,54,44,True
8,GRAVITY_AWAY_DOG,12,15,7,3,-2,-8,9,5,11,13,False
10,GRAVITY_HOME_DOG,13,4,7,18,-4,10,9,15,13,5,True
11,GRAVITY_AWAY_DOG,4,13,19,7,4,-5,15,10,11,15,False
13,GRAVITY_AWAY_DOG,15,16,7,5,-13,-13,7,8,20,21,True
14,GRAVITY_HOME_DOG,16,4,5,24,-14,13,8,26,22,13,False
16,GRAVITY_HOME_DOG,13,6,12,25,-18,6,19,27,37,21,False
17,GRAVITY_HOME_DOG,15,12,11,15,-11,-15,13,22,24,37,False
23,GRAVITY_HOME_DOG,13,12,21,23,-14,-7,22,20,36,27,True
24,GRAVITY_AWAY_DOG,16,14,14,21,-23,-16,16,23,39,39,True
28,CRUSHER_AWAY_FAV,14,1,23,54,-18,19,22,42,40,23,False
28,GRAVITY_AWAY_DOG,16,15,16,17,-25,-25,19,16,44,41,True
29,GRAVITY_HOME_DOG,16,13,17,29,-28,-11,16,21,44,32,True
30,GRAVITY_AWAY_DOG,14,16,24,17,-21,-29,22,16,43,45,False
8,GRAVITY_HOME_DOG,13,5,7,10,-3,2,9,10,12,8,True
9,GRAVITY_AWAY_DOG,5,15,13,4,5,-11,14,5,9,16,True
9,GRAVITY_AWAY_DOG,8,14,10,7,-3,-6,10,10,13,16,True
10,GRAVITY_HOME_DOG,14,9,7,12,-7,0,11,9,18,9,True
11,GRAVITY_HOME_DOG,14,9,7,13,-8,0,11,14,19,14,True
12,GRAVITY_AWAY_DOG,15,14,6,7,-13,-10,6,11,19,21,False
12,GRAVITY_HOME_DOG,16,1,3,28,-16,23,5,31,21,8,True
13,GRAVITY_AWAY_DOG,5,16,20,3,0,-17,16,6,16,23,True
14,GRAVITY_HOME_DOG,16,9,3,16,-18,3,6,19,24,16,True
15,GRAVITY_AWAY_DOG,15,14,7,12,-16,-6,8,12,24,18,True
16,GRAVITY_AWAY_DOG,3,14,29,12,12,-9,31,12,19,21,True
17,GRAVITY_HOME_DOG,15,10,12,18,-12,-4,12,21,24,25,True
18,GRAVITY_HOME_DOG,15,13,12,14,-13,-13,13,21,26,34,False
29,GRAVITY_AWAY_DOG,8,14,40,25,1,-12,42,42,41,54,False
6,GRAVITY_AWAY_DOG,4,15,9,3,2,-9,11,5,9,14,True
7,GRAVITY_HOME_DOG,16,9,3,8,-11,-1,5,5,16,6,True
8,GRAVITY_AWAY_DOG,9,14,9,6,-1,-9,5,7,6,16,True
11,GRAVITY_HOME_DOG,16,14,6,8,-9,-8,6,4,15,12,False
20,GRAVITY_AWAY_DOG,2,14,37,20,18,-15,35,18,17,33,False
24,GRAVITY_AWAY_DOG,3,15,42,20,18,-15,43,22,25,37,True
28,GRAVITY_AWAY_DOG,12,15,30,23,-16,-21,22,23,38,44,True
29,GRAVITY_HOME_DOG,16,4,23,48,-22,12,23,41,45,29,True
30,GRAVITY_HOME_DOG,16,11,23,34,-24,-18,23,27,47,45,False
6,GRAVITY_AWAY_DOG,10,15,6,3,-4,-5,5,6,9,11,True
7,GRAVITY_HOME_DOG,16,4,3,12,-6,5,6,11,12,6,True
8,GRAVITY_AWAY_DOG,15,16,3,3,-6,-8,2,7,8,15,False
10,GRAVITY_HOME_DOG,16,9,3,12,-9,0,3,12,12,12,True
11,GRAVITY_AWAY_DOG,12,16,9,3,-1,-11,11,3,12,14,True
27,GRAVITY_AWAY_DOG,11,16,31,16,-5,-26,35,18,40,44,True
28,GRAVITY_HOME_DOG,16,2,16,55,-29,16,19,44,48,28,True
28,GRAVITY_HOME_DOG,14,5,26,49,-10,20,26,43,36,23,False
28,GRAVITY_HOME_DOG,13,3,27,52,-15,15,35,44,50,29,True
29,GRAVITY_AWAY_DOG,5,16,49,16,19,-30,43,19,24,49,False
9,GRAVITY_AWAY_DOG,16,15,3,4,-8,-9,7,3,15,12,True
12,GRAVITY_HOME_DOG,16,13,6,10,-13,-3,7,11,20,14,False
15,GRAVITY_HOME_DOG,16,13,8,14,-17,-6,10,11,27,17,True
16,GRAVITY_HOME_DOG,16,9,8,21,-14,2,14,25,28,23,False
22,GRAVITY_AWAY_DOG,12,14,20,20,-7,-16,18,27,25,43,False
25,GRAVITY_HOME_DOG,16,7,16,37,-20,11,23,36,43,25,True
26,GRAVITY_AWAY_DOG,12,16,27,16,-9,-21,28,24,37,45,False
27,GRAVITY_AWAY_DOG,12,13,27,27,-8,-11,23,28,31,39,True
28,GRAVITY_HOME_DOG,13,10,27,31,-12,-11,29,37,41,48,True
29,GRAVITY_AWAY_DOG,9,13,41,27,4,-13,39,29,35,42,True
30,GRAVITY_HOME_DOG,13,8,27,44,-16,10,29,40,45,30,True
9,CRUSHER_AWAY_FAV,16,4,2,14,-14,6,4,9,18,3,True
10,GRAVITY_AWAY_DOG,1,16,21,2,13,-15,17,4,4,19,True
14,GRAVITY_AWAY_DOG,12,14,14,12,-9,-18,11,10,20,28,True
20,GRAVITY_AWAY_DOG,15,14,14,15,-19,-18,22,16,41,34,False
20,GRAVITY_AWAY_DOG,1,16,42,6,18,-25,38,12,20,37,True
21,GRAVITY_HOME_DOG,16,3,6,38,-27,10,12,33,39,23,True
22,GRAVITY_AWAY_DOG,7,16,35,6,6,-28,28,13,22,41,True
23,GRAVITY_HOME_DOG,16,15,6,15,-29,-22,13,24,42,46,True
25,GRAVITY_HOME_DOG,13,5,21,42,-27,16,17,29,44,13,False
7,GRAVITY_AWAY_DOG,4,16,11,3,4,-8,8,6,4,14,True
7,GRAVITY_HOME_DOG,13,15,6,5,-4,-7,6,2,10,9,True
11,GRAVITY_HOME_DOG,15,5,10,16,-4,2,9,14,13,12,True
12,GRAVITY_AWAY_DOG,8,16,15,7,5,-13,17,7,12,20,False
17,GRAVITY_HOME_DOG,16,7,15,22,-14,4,11,24,25,20,True
18,GRAVITY_HOME_DOG,16,11,15,20,-16,-3,13,20,29,23,True
30,GRAVITY_AWAY_DOG,13,14,31,28,-9,-15,30,31,39,46,True
12,GRAVITY_HOME_DOG,16,3,5,21,-13,12,10,23,23,11,True
13,GRAVITY_AWAY_DOG,14,16,10,5,-9,-14,10,10,19,24,True
14,GRAVITY_HOME_DOG,16,12,5,14,-15,-10,11,18,26,28,True
18,GRAVITY_HOME_DOG,15,3,13,34,-17,13,13,29,30,16,True
19,GRAVITY_AWAY_DOG,13,15,19,13,-13,-19,17,13,30,32,False
26,CRUSHER_HOME_FAV,1,14,53,23,22,-30,44,20,22,50,False
9,GRAVITY_HOME_DOG,16,4,4,17,-12,7,3,14,15,7,True
9,GRAVITY_AWAY_DOG,6,14,13,5,7,-10,16,6,9,16,True
9,GRAVITY_HOME_DOG,13,11,5,7,-10,-7,7,7,17,14,False
10,GRAVITY_HOME_DOG,14,16,5,4,-11,-13,6,3,17,16,False
11,GRAVITY_AWAY_DOG,2,13,26,7,19,-9,23,7,4,16,True
11,GRAVITY_AWAY_DOG,15,16,5,4,-10,-14,7,3,17,17,False
12,GRAVITY_HOME_DOG,15,5,7,19,-11,11,8,21,19,10,False
25,GRAVITY_AWAY_DOG,12,16,23,16,-13,-20,19,18,32,38,True
25,CRUSHER_AWAY_FAV,15,1,17,54,-25,23,21,45,46,22,True
26,GRAVITY_HOME_DOG,16,6,16,42,-22,15,18,36,40,21,True
26,GRAVITY_AWAY_DOG,11,15,26,17,-11,-26,21,23,32,49,True
27,GRAVITY_HOME_DOG,15,16,17,16,-27,-25,24,18,51,43,True
28,GRAVITY_HOME_DOG,16,11,17,27,-28,-11,24,29,52,40,False
7,GRAVITY_HOME_DOG,14,13,3,4,-3,-7,7,6,10,13,True
13,GRAVITY_HOME_DOG,16,13,6,9,-14,-11,6,10,20,21,True
14,GRAVITY_AWAY_DOG,6,16,24,6,14,-15,25,7,11,22,True
15,GRAVITY_HOME_DOG,16,1,6,33,-17,17,8,27,25,10,False
27,GRAVITY_AWAY_DOG,7,16,40,21,5,-27,39,21,34,48,True
28,GRAVITY_HOME_DOG,16,15,21,22,-29,-16,22,20,51,36,True
14,GRAVITY_HOME_DOG,16,2,10,24,-13,9,9,24,22,15,True
15,GRAVITY_AWAY_DOG,15,16,11,10,-9,-16,14,9,23,25,True
19,CRUSHER_AWAY_FAV,16,1,12,36,-12,19,16,34,28,15,False
19,GRAVITY_AWAY_DOG,11,14,20,14,-8,-13,11,23,19,36,True
20,GRAVITY_HOME_DOG,16,10,14,25,-14,-4,24,18,38,22,False
6,GRAVITY_HOME_DOG,14,11,3,5,-4,-5,7,2,11,7,True
9,GRAVITY_AWAY_DOG,10,13,10,8,-3,-3,8,8,11,11,False
11,GRAVITY_HOME_DOG,15,10,5,12,-14,-3,6,12,20,15,False
13,GRAVITY_HOME_DOG,14,9,10,18,-12,3,9,20,21,17,True
14,GRAVITY_AWAY_DOG,10,14,15,10,-3,-14,16,9,19,23,True
14,GRAVITY_HOME_DOG,13,9,11,21,-7,0,12,18,19,18,True
15,GRAVITY_AWAY_DOG,2,15,29,10,13,-16,26,9,13,25,True
16,GRAVITY_AWAY_DOG,6,15,26,10,9,-18,23,10,14,28,True
17,GRAVITY_HOME_DOG,15,16,10,7,-19,-18,12,11,31,29,True
18,GRAVITY_AWAY_DOG,8,16,27,10,8,-20,25,13,17,33,True
23,GRAVITY_HOME_DOG,16,13,13,17,-20,-20,20,17,40,37,False
25,GRAVITY_AWAY_DOG,10,14,30,17,-8,-22,28,17,36,39,True
26,GRAVITY_AWAY_DOG,8,14,37,17,4,-24,37,19,33,43,True
27,GRAVITY_HOME_DOG,15,5,17,45,-27,13,19,35,46,22,True
28,GRAVITY_AWAY_DOG,9,16,37,17,4,-30,41,19,37,49,True
29,GRAVITY_HOME_DOG,16,13,17,22,-32,-18,19,29,51,47,False
6,GRAVITY_HOME_DOG,15,4,1,9,-6,4,5,5,11,1,True
7,GRAVITY_AWAY_DOG,14,16,5,1,-5,-7,7,6,12,13,True
14,GRAVITY_HOME_DOG,13,4,12,23,-7,8,8,11,15,3,True
15,GRAVITY_AWAY_DOG,9,14,16,12,-5,-10,21,8,26,18,True
16,GRAVITY_AWAY_DOG,7,15,22,12,6,-13,20,8,14,21,False
18,GRAVITY_AWAY_DOG,8,13,23,15,4,-18,20,10,16,28,True
21,GRAVITY_HOME_DOG,15,16,15,14,-17,-17,12,17,29,34,False
22,GRAVITY_HOME_DOG,16,12,14,20,-18,-10,17,22,35,32,True
23,GRAVITY_HOME_DOG,15,16,16,14,-27,-19,13,18,40,37,False
24,GRAVITY_HOME_DOG,16,6,14,35,-21,3,18,25,39,22,True
25,GRAVITY_AWAY_DOG,3,16,49,14,26,-23,34,18,8,41,True
26,GRAVITY_HOME_DOG,15,8,19,37,-19,-1,23,31,42,32,True
26,GRAVITY_HOME_DOG,16,11,14,30,-26,-9,19,33,45,42,True
27,GRAVITY_AWAY_DOG,9,16,37,14,5,-28,33,20,28,48,True
27,GRAVITY_AWAY_DOG,11,15,33,19,-15,-20,22,24,37,44,False
28,GRAVITY_HOME_DOG,13,12,24,25,-15,-29,26,21,41,50,True
28,GRAVITY_HOME_DOG,16,7,14,40,-33,-1,20,34,53,35,True
29,GRAVITY_AWAY_DOG,8,14,40,24,1,-16,30,27,29,43,True
29,GRAVITY_AWAY_DOG,10,16,36,14,-15,-34,23,20,38,54,True
30,GRAVITY_HOME_DOG,16,15,14,22,-35,-21,20,28,55,49,True
30,GRAVITY_HOME_DOG,14,2,24,59,-18,34,27,45,45,11,True
7,GRAVITY_AWAY_DOG,12,16,7,1,-1,-6,4,4,5,10,False
16,GRAVITY_AWAY_DOG,11,15,17,13,-10,-15,19,11,29,26,True
17,GRAVITY_HOME_DOG,16,7,13,24,-16,2,11,19,27,17,True
28,GRAVITY_HOME_DOG,14,9,25,37,-22,-1,22,31,44,32,True
29,GRAVITY_HOME_DOG,16,12,22,34,-31,-11,16,36,47,47,True
29,GRAVITY_AWAY_DOG,6,15,44,25,6,-23,41,22,35,45,True
30,GRAVITY_HOME_DOG,15,2,25,54,-26,19,23,58,49,39,True
8,GRAVITY_HOME_DOG,14,8,5,10,-5,-1,4,7,9,8,True
9,GRAVITY_AWAY_DOG,2,16,17,5,5,-7,15,5,10,12,True
10,GRAVITY_HOME_DOG,16,13,5,8,-11,-3,5,10,16,13,True
16,GRAVITY_AWAY_DOG,8,15,19,12,-1,-17,18,12,19,29,False
20,GRAVITY_HOME_DOG,13,9,19,23,-6,-14,23,18,29,32,True
21,GRAVITY_AWAY_DOG,15,13,17,19,-19,-8,16,23,35,31,True
23,GRAVITY_AWAY_DOG,9,14,29,19,-10,-21,23,18,33,39,True
29,GRAVITY_HOME_DOG,13,16,24,23,-13,-31,28,23,41,54,False
7,GRAVITY_AWAY_DOG,12,13,4,3,-6,-6,2,3,8,9,True
13,GRAVITY_HOME_DOG,16,7,3,18,-15,6,5,23,20,17,True
14,GRAVITY_AWAY_DOG,12,16,13,3,-4,-16,12,5,16,21,True
15,GRAVITY_HOME_DOG,16,3,3,28,-17,11,6,25,23,14,True
16,GRAVITY_HOME_DOG,16,7,3,24,-20,7,6,27,26,20,True
17,GRAVITY_AWAY_DOG,2,16,33,3,12,-22,25,7,13,29,True
18,GRAVITY_HOME_DOG,16,13,3,14,-23,-15,8,7,31,22,True
19,GRAVITY_AWAY_DOG,10,16,24,3,-7,-24,20,9,27,33,True
20,GRAVITY_HOME_DOG,16,2,3,39,-25,18,9,34,34,16,True
21,GRAVITY_AWAY_DOG,7,16,33,3,7,-26,36,9,29,35,True
22,GRAVITY_HOME_DOG,16,6,3,36,-27,6,10,25,37,19,False
23,GRAVITY_HOME_DOG,14,5,17,38,-21,12,11,41,32,29,False
13,GRAVITY_HOME_DOG,16,14,8,11,-13,-6,11,8,24,14,True
14,GRAVITY_AWAY_DOG,3,16,23,8,10,-14,28,12,18,26,True
15,GRAVITY_HOME_DOG,16,4,8,23,-18,8,12,21,30,13,True
16,GRAVITY_HOME_DOG,16,6,8,21,-21,3,13,24,34,21,True
20,GRAVITY_AWAY_DOG,3,15,32,17,10,-14,37,14,27,28,True
27,GRAVITY_HOME_DOG,15,7,26,39,-21,13,29,43,50,30,True
6,GRAVITY_AWAY_DOG,12,15,5,3,-2,-5,4,4,6,9,False
10,GRAVITY_AWAY_DOG,8,15,15,4,2,-12,12,7,10,19,False
10,GRAVITY_AWAY_DOG,11,16,9,3,-2,-9,8,7,10,16,True
11,GRAVITY_HOME_DOG,16,7,3,16,-10,1,7,13,17,12,False
15,GRAVITY_AWAY_DOG,6,16,21,9,3,-13,21,9,18,22,True
16,GRAVITY_AWAY_DOG,13,16,13,9,-13,-14,17,11,30,25,True
17,GRAVITY_HOME_DOG,16,5,9,27,-16,7,11,27,27,20,True
18,GRAVITY_AWAY_DOG,12,14,16,15,-13,-10,20,14,33,24,True
22,GRAVITY_HOME_DOG,16,7,12,34,-30,6,11,35,41,29,True
23,GRAVITY_HOME_DOG,14,4,17,40,-22,14,24,40,46,26,False
23,GRAVITY_AWAY_DOG,15,16,14,12,-19,-31,15,12,34,43,True
24,GRAVITY_HOME_DOG,16,12,12,21,-32,-14,12,24,44,38,False
25,GRAVITY_HOME_DOG,14,16,19,15,-22,-31,20,14,42,45,False
30,GRAVITY_AWAY_DOG,4,14,53,22,15,-26,52,31,37,57,True
7,GRAVITY_AWAY_DOG,3,16,12,1,7,-10,12,4,5,14,True
8,GRAVITY_HOME_DOG,16,8,1,12,-11,1,4,11,15,10,False
9,GRAVITY_HOME_DOG,16,15,3,4,-11,-10,5,6,16,16,True
10,GRAVITY_AWAY_DOG,11,16,9,3,-4,-12,10,7,14,19,True
11,GRAVITY_HOME_DOG,16,8,3,13,-15,1,7,16,22,15,True
12,GRAVITY_AWAY_DOG,11,16,12,3,-12,-17,9,8,21,25,True
13,GRAVITY_HOME_DOG,16,8,3,18,-18,4,8,18,26,14,False
17,GRAVITY_HOME_DOG,13,12,16,16,-9,-3,19,19,28,22,True
18,GRAVITY_HOME_DOG,14,6,16,28,-12,1,19,27,31,26,True
19,GRAVITY_AWAY_DOG,9,14,21,16,-11,-13,18,20,29,33,False
29,GRAVITY_AWAY_DOG,4,16,49,22,22,-11,49,28,27,39,True
30,GRAVITY_HOME_DOG,16,10,22,34,-12,-14,29,32,41,46,True
7,GRAVITY_HOME_DOG,16,8,1,10,-10,0,4,8,14,8,True
21,GRAVITY_HOME_DOG,16,2,11,41,-21,22,14,42,35,20,True
22,GRAVITY_AWAY_DOG,3,16,42,11,20,-23,42,14,22,37,True
23,GRAVITY_HOME_DOG,16,14,11,18,-24,-16,16,15,40,31,True
24,GRAVITY_AWAY_DOG,5,16,39,11,15,-25,42,16,27,41,True
25,GRAVITY_HOME_DOG,16,6,11,37,-27,4,16,30,43,26,True
29,GRAVITY_AWAY_DOG,16,15,15,22,-28,-27,24,26,52,53,False
12,GRAVITY_AWAY_DOG,12,15,13,5,0,-10,8,7,8,17,False
13,GRAVITY_HOME_DOG,16,12,5,13,-14,-1,10,9,24,10,False
14,GRAVITY_AWAY_DOG,7,15,20,9,-2,-8,16,10,18,18,True
19,GRAVITY_HOME_DOG,14,9,16,24,-10,-6,14,20,24,26,False
28,GRAVITY_AWAY_DOG,11,16,30,17,-8,-32,28,23,36,55,True
29,GRAVITY_HOME_DOG,16,8,17,35,-33,1,23,34,56,33,True
7,GRAVITY_HOME_DOG,15,2,3,14,-11,6,4,9,15,3,True
9,GRAVITY_AWAY_DOG,5,16,15,2,6,-10,9,2,3,12,True
10,GRAVITY_HOME_DOG,14,11,8,9,-4,-4,10,8,14,12,True
14,GRAVITY_HOME_DOG,13,2,11,28,-5,11,14,21,19,10,True
15,GRAVITY_AWAY_DOG,6,14,23,11,8,-6,20,14,12,20,True
16,GRAVITY_AWAY_DOG,16,14,7,11,-21,-9,10,14,31,23,True
17,GRAVITY_HOME_DOG,14,13,11,14,-10,-10,14,11,24,21,True
18,GRAVITY_AWAY_DOG,8,14,21,11,-3,-11,29,14,32,25,True
19,GRAVITY_HOME_DOG,15,14,11,12,-12,-11,16,10,28,21,True
28,GRAVITY_AWAY_DOG,15,14,19,29,-20,-9,22,33,42,42,True
29,GRAVITY_HOME_DOG,14,12,29,32,-12,-16,33,28,45,44,True
6,GRAVITY_AWAY_DOG,12,15,4,1,-4,-7,6,4,10,11,False
6,GRAVITY_HOME_DOG,16,2,1,13,-10,5,1,9,11,4,True
7,GRAVITY_AWAY_DOG,13,16,4,1,-6,-11,5,3,11,14,True
8,GRAVITY_HOME_DOG,16,7,1,13,-16,4,3,15,19,11,True
8,GRAVITY_HOME_DOG,14,8,4,13,-9,3,6,12,15,9,True
9,GRAVITY_AWAY_DOG,6,16,16,1,4,-17,13,4,9,21,True
9,GRAVITY_AWAY_DOG,7,15,15,4,5,-10,16,6,11,16,True
10,GRAVITY_HOME_DOG,16,6,1,18,-19,7,5,18,24,11,True
10,GRAVITY_HOME_DOG,15,10,4,10,-12,-4,6,11,18,15,True
11,GRAVITY_HOME_DOG,15,11,4,10,-14,-7,6,11,20,18,True
11,GRAVITY_AWAY_DOG,9,16,13,1,-2,-22,13,5,15,27,True
12,GRAVITY_HOME_DOG,16,15,1,4,-23,-16,5,6,28,22,False
13,GRAVITY_HOME_DOG,15,13,4,9,-17,-7,7,12,24,19,True
14,GRAVITY_AWAY_DOG,2,16,27,4,11,-20,32,7,21,27,True
15,GRAVITY_HOME_DOG,16,13,4,12,-23,-9,8,11,31,20,False
29,GRAVITY_AWAY_DOG,8,16,42,19,5,-23,43,24,38,47,True
6,CRUSHER_AWAY_FAV,13,4,4,10,0,5,4,10,4,5,True
7,GRAVITY_AWAY_DOG,15,14,3,4,-8,-1,3,4,11,5,False
12,GRAVITY_AWAY_DOG,10,14,14,9,1,-6,15,8,14,14,True
16,GRAVITY_AWAY_DOG,7,15,23,9,2,-15,26,14,24,29,True
17,GRAVITY_HOME_DOG,15,2,9,31,-18,18,15,30,33,12,True
20,GRAVITY_AWAY_DOG,13,14,22,20,3,-13,22,23,19,36,True
21,GRAVITY_HOME_DOG,14,11,20,25,-14,-6,23,22,37,28,False
26,GRAVITY_AWAY_DOG,9,14,34,24,-6,-14,25,26,31,40,True
8,GRAVITY_AWAY_DOG,13,16,7,2,-10,-10,5,4,15,14,True
9,GRAVITY_HOME_DOG,13,4,7,13,-6,6,9,11,15,5,True
10,GRAVITY_AWAY_DOG,14,15,8,7,-12,-9,5,10,17,19,True
11,GRAVITY_HOME_DOG,16,8,7,12,-11,2,10,12,21,10,True
12,GRAVITY_AWAY_DOG,5,16,16,7,0,-13,10,10,10,23,False
13,GRAVITY_HOME_DOG,14,9,11,15,-3,-7,14,10,17,17,False
16,GRAVITY_HOME_DOG,13,4,15,23,-14,7,12,20,26,13,False
18,GRAVITY_HOME_DOG,14,11,14,22,-5,0,20,18,25,18,False
23,GRAVITY_AWAY_DOG,6,15,35,17,3,-23,24,16,21,39,False
23,GRAVITY_HOME_DOG,13,1,24,48,-12,26,29,41,41,15,False
24,GRAVITY_AWAY_DOG,4,16,38,17,15,-23,39,20,24,43,True
25,GRAVITY_HOME_DOG,16,11,17,31,-25,-10,20,23,45,33,True
27,CRUSHER_AWAY_FAV,13,4,27,45,-15,13,34,36,49,23,True
28,GRAVITY_AWAY_DOG,7,13,42,27,4,-16,30,35,26,51,True
28,GRAVITY_HOME_DOG,15,2,20,54,-29,26,20,46,49,20,True
29,GRAVITY_AWAY_DOG,12,15,32,20,0,-31,24,20,24,51,False
8,GRAVITY_AWAY_DOG,13,14,7,4,-1,-4,5,3,6,7,True
9,GRAVITY_HOME_DOG,15,16,4,4,-5,-15,3,3,8,18,True
10,GRAVITY_AWAY_DOG,9,16,11,4,-6,-6,12,3,18,9,True
11,GRAVITY_HOME_DOG,16,2,4,22,-12,3,3,17,15,14,True
12,GRAVITY_AWAY_DOG,8,16,14,4,1,-17,13,3,12,20,True
13,GRAVITY_HOME_DOG,13,8,10,17,-14,2,7,13,21,11,True
13,GRAVITY_HOME_DOG,16,5,4,21,-18,4,3,16,21,12,True
14,GRAVITY_AWAY_DOG,5,16,22,4,13,-21,26,3,13,24,True
15,GRAVITY_AWAY_DOG,9,16,19,4,-1,-23,17,3,18,26,True
16,GRAVITY_AWAY_DOG,11,16,18,4,-6,-26,17,3,23,29,True
18,GRAVITY_AWAY_DOG,10,14,23,13,0,-20,20,14,20,34,True
19,GRAVITY_HOME_DOG,15,3,13,34,-22,25,14,41,36,16,True
23,GRAVITY_HOME_DOG,16,13,13,23,-21,-10,18,24,39,34,False
24,GRAVITY_HOME_DOG,16,15,14,14,-28,-25,17,13,45,38,False
28,GRAVITY_AWAY_DOG,6,13,43,26,2,-15,39,26,37,41,True
29,GRAVITY_HOME_DOG,13,1,26,57,-17,23,28,49,45,26,True
13,CRUSHER_HOME_FAV,1,16,30,4,16,-19,24,8,8,27,True
14,GRAVITY_HOME_DOG,16,8,4,17,-22,-1,10,21,32,22,False
22,GRAVITY_AWAY_DOG,5,13,32,23,9,-10,40,29,31,39,True
23,GRAVITY_HOME_DOG,13,7,23,31,-13,4,29,27,42,23,False
25,GRAVITY_HOME_DOG,16,6,16,33,-26,0,21,27,47,27,True
26,GRAVITY_HOME_DOG,16,15,16,18,-27,-32,21,17,48,49,True
27,GRAVITY_AWAY_DOG,14,16,22,16,-25,-28,23,23,48,51,True
28,GRAVITY_HOME_DOG,16,3,16,53,-29,21,23,43,52,22,True
30,GRAVITY_HOME_DOG,13,10,31,37,-12,-7,33,41,45,48,False
10,GRAVITY_AWAY_DOG,7,15,15,6,7,-7,21,10,14,17,True
11,GRAVITY_HOME_DOG,15,12,6,10,-9,-3,10,17,19,20,True
12,GRAVITY_AWAY_DOG,7,16,17,6,6,-11,18,10,12,21,True
12,GRAVITY_AWAY_DOG,11,14,13,7,-1,-10,19,10,20,20,False
13,GRAVITY_HOME_DOG,16,15,6,7,-14,-13,10,11,24,24,True
16,GRAVITY_HOME_DOG,14,6,12,23,-11,4,13,24,24,20,False
18,GRAVITY_AWAY_DOG,13,16,17,8,-5,-22,15,12,20,34,True
19,GRAVITY_HOME_DOG,16,6,8,30,-23,3,13,25,36,22,True
7,GRAVITY_AWAY_DOG,8,16,9,1,1,-7,10,4,9,11,False
7,GRAVITY_AWAY_DOG,4,15,12,3,5,-8,10,2,5,10,True
7,GRAVITY_HOME_DOG,14,6,3,11,-5,1,3,9,8,8,True
8,GRAVITY_AWAY_DOG,12,15,6,3,-12,-6,6,3,18,9,True
8,GRAVITY_HOME_DOG,16,9,3,9,-10,-2,3,10,13,12,True
9,GRAVITY_HOME_DOG,16,11,3,7,-9,-3,3,8,12,11,True
10,GRAVITY_AWAY_DOG,14,16,7,3,-8,-10,5,3,13,13,False
15,GRAVITY_HOME_DOG,16,5,11,22,-11,4,14,18,25,14,True
16,GRAVITY_AWAY_DOG,10,16,18,11,-7,-14,16,14,23,28,True
19,GRAVITY_AWAY_DOG,3,15,38,13,14,-20,26,12,12,32,True
20,GRAVITY_HOME_DOG,15,1,13,44,-23,26,12,46,35,20,False
21,GRAVITY_HOME_DOG,16,11,12,23,-24,-13,16,26,40,39,True
22,GRAVITY_AWAY_DOG,12,16,24,12,-2,-25,22,18,24,43,True
23,GRAVITY_HOME_DOG,16,15,12,16,-30,-25,18,13,48,38,False
30,GRAVITY_AWAY_DOG,2,14,58,24,29,-25,62,25,33,50,True
6,GRAVITY_HOME_DOG,16,7,1,7,-4,1,4,7,8,6,True
7,GRAVITY_AWAY_DOG,3,16,15,1,6,-5,12,4,6,9,True
8,GRAVITY_HOME_DOG,16,6,1,12,-7,3,5,11,12,8,True
9,GRAVITY_AWAY_DOG,14,16,5,1,-8,-9,7,6,15,15,True
9,GRAVITY_HOME_DOG,15,8,3,11,-9,2,5,6,14,4,True
10,GRAVITY_HOME_DOG,16,15,1,3,-11,-11,7,5,18,16,True
16,GRAVITY_AWAY_DOG,2,14,32,11,12,-14,27,14,15,28,True
17,GRAVITY_HOME_DOG,14,15,11,7,-16,-18,15,12,31,30,True
19,GRAVITY_HOME_DOG,14,16,12,6,-21,-19,11,19,32,38,True
23,GRAVITY_HOME_DOG,13,10,15,26,-22,-1,19,22,41,23,True
27,GRAVITY_HOME_DOG,16,14,13,20,-32,-23,22,18,54,41,True
28,GRAVITY_AWAY_DOG,9,16,38,13,-9,-33,34,22,43,55,True
29,GRAVITY_HOME_DOG,16,8,13,41,-34,-2,22,41,56,43,False
13,GRAVITY_HOME_DOG,16,12,4,13,-24,-2,5,8,29,10,True
18,GRAVITY_AWAY_DOG,3,14,34,14,16,-11,29,12,13,23,True
22,GRAVITY_AWAY_DOG,5,16,33,9,4,-30,25,15,21,45,True
23,GRAVITY_HOME_DOG,16,13,9,22,-32,-7,15,20,47,27,False
27,GRAVITY_AWAY_DOG,6,14,42,22,6,-14,31,21,25,35,True
9,GRAVITY_HOME_DOG,13,11,7,8,-4,-4,12,9,16,13,True
15,GRAVITY_AWAY_DOG,13,16,12,7,-13,-14,14,8,27,22,False
18,GRAVITY_HOME_DOG,14,6,12,27,-17,6,15,34,32,28,True
19,GRAVITY_AWAY_DOG,3,15,33,12,10,-20,31,15,21,35,True
20,GRAVITY_AWAY_DOG,11,16,22,12,-3,-21,22,16,25,37,True
25,GRAVITY_HOME_DOG,16,10,13,32,-28,-3,17,27,45,30,True
26,GRAVITY_AWAY_DOG,13,16,24,13,-15,-33,19,17,34,50,True
7,GRAVITY_AWAY_DOG,6,14,11,4,2,-4,8,7,6,11,True
8,GRAVITY_HOME_DOG,14,3,4,14,-5,6,7,12,12,6,True
9,GRAVITY_AWAY_DOG,16,13,3,7,-12,-6,5,12,17,18,True
15,GRAVITY_HOME_DOG,13,9,13,21,-11,3,16,19,27,16,True
18,GRAVITY_HOME_DOG,15,12,11,15,-15,-13,17,15,32,28,False
21,GRAVITY_AWAY_DOG,1,14,52,15,32,-16,48,21,16,37,True
22,GRAVITY_AWAY_DOG,15,14,14,15,-22,-19,22,21,44,40,False
23,GRAVITY_AWAY_DOG,9,15,32,14,4,-23,28,23,24,46,False
25,GRAVITY_HOME_DOG,16,3,11,43,-35,15,11,54,46,39,True
26,GRAVITY_AWAY_DOG,5,16,42,11,8,-36,44,13,36,49,True
27,GRAVITY_HOME_DOG,16,11,11,25,-40,-14,14,29,54,43,False
29,GRAVITY_AWAY_DOG,6,15,44,20,16,-31,50,29,34,60,True
30,GRAVITY_HOME_DOG,15,11,20,27,-32,-17,29,32,61,49,False
7,GRAVITY_HOME_DOG,15,9,3,7,-7,1,4,9,11,8,True
8,GRAVITY_AWAY_DOG,1,16,18,3,12,-12,16,4,4,16,True
9,GRAVITY_HOME_DOG,16,3,3,16,-14,5,5,16,19,11,True
10,GRAVITY_AWAY_DOG,14,16,7,3,-6,-17,10,5,16,22,True
11,GRAVITY_HOME_DOG,16,15,3,6,-18,-13,6,7,24,20,True
18,GRAVITY_AWAY_DOG,5,14,32,16,9,-15,30,17,21,32,True
19,GRAVITY_HOME_DOG,15,11,16,19,-18,-7,17,25,35,32,True
19,CRUSHER_AWAY_FAV,16,2,10,36,-21,27,16,46,37,19,False
20,GRAVITY_AWAY_DOG,11,15,20,16,-7,-11,26,19,33,30,True
21,GRAVITY_HOME_DOG,15,6,16,35,-12,17,20,40,32,23,True
27,GRAVITY_AWAY_DOG,4,13,47,25,15,-17,45,29,30,46,True
29,GRAVITY_HOME_DOG,16,9,14,37,-32,-8,21,27,53,35,True
30,GRAVITY_HOME_DOG,16,15,14,26,-35,-20,21,17,56,37,True
6,GRAVITY_HOME_DOG,16,9,1,6,-5,0,0,4,5,4,False
9,GRAVITY_HOME_DOG,14,12,5,8,-6,-4,5,10,11,14,False
16,GRAVITY_AWAY_DOG,8,16,23,7,1,-24,19,10,18,34,True
22,GRAVITY_AWAY_DOG,2,15,43,10,23,-18,44,18,21,36,True
23,GRAVITY_HOME_DOG,15,8,10,32,-19,4,19,30,38,26,True
24,GRAVITY_AWAY_DOG,5,16,38,10,10,-23,35,20,25,43,True
25,GRAVITY_HOME_DOG,16,10,10,31,-25,-7,22,29,47,36,False
30,GRAVITY_HOME_DOG,14,12,26,31,-20,-14,28,18,48,32,True
6,GRAVITY_HOME_DOG,13,15,3,2,-4,-7,3,1,7,8,True
7,GRAVITY_HOME_DOG,14,2,3,13,-5,8,4,14,9,6,False
8,GRAVITY_HOME_DOG,15,14,4,5,-6,-7,7,3,13,10,False
10,GRAVITY_HOME_DOG,15,6,7,15,-12,3,8,15,20,12,False
19,GRAVITY_HOME_DOG,15,9,14,25,-9,-2,14,28,23,30,True
8,GRAVITY_HOME_DOG,15,1,4,17,-11,7,4,13,15,6,True
9,GRAVITY_AWAY_DOG,12,15,6,4,-6,-12,7,4,13,16,True
10,GRAVITY_HOME_DOG,15,12,4,8,-13,-5,5,11,18,16,True
13,GRAVITY_AWAY_DOG,11,15,16,6,-3,-14,14,6,17,20,False
16,CRUSHER_HOME_FAV,1,14,37,10,17,-19,25,16,8,35,True
17,GRAVITY_HOME_DOG,16,11,10,17,-23,-8,16,16,39,24,True
18,GRAVITY_AWAY_DOG,12,16,15,10,-8,-24,21,16,29,40,True
19,GRAVITY_HOME_DOG,16,3,10,37,-26,18,16,35,42,17,True
20,GRAVITY_AWAY_DOG,10,16,24,10,-3,-27,19,17,22,44,True
21,GRAVITY_HOME_DOG,16,15,10,13,-30,-21,17,13,47,34,True
6,GRAVITY_AWAY_DOG,10,13,6,3,0,-6,5,4,5,10,False
6,GRAVITY_HOME_DOG,15,11,3,6,-12,-1,2,1,14,2,False
12,GRAVITY_AWAY_DOG,6,15,17,5,7,-16,24,6,17,22,True
13,GRAVITY_HOME_DOG,15,5,5,21,-18,7,7,17,25,10,False
20,GRAVITY_HOME_DOG,13,7,18,31,-15,9,23,35,38,26,False
25,GRAVITY_AWAY_DOG,4,13,44,21,19,-11,37,17,18,28,True
26,GRAVITY_AWAY_DOG,8,14,36,21,12,-14,41,17,29,31,True
6,GRAVITY_HOME_DOG,13,7,3,9,-5,-1,3,8,8,9,True
16,GRAVITY_AWAY_DOG,12,15,17,10,-9,-9,12,11,21,20,False
17,GRAVITY_HOME_DOG,15,10,12,18,-16,-1,12,17,28,18,False
19,CRUSHER_HOME_FAV,1,13,37,17,14,-14,25,14,11,28,True
20,GRAVITY_HOME_DOG,13,15,17,15,-16,-16,14,16,30,32,True
21,GRAVITY_AWAY_DOG,4,15,39,17,11,-17,24,15,13,32,True
9,GRAVITY_AWAY_DOG,11,14,8,6,-5,-14,7,4,12,18,True
14,GRAVITY_AWAY_DOG,13,16,11,6,-7,-18,15,8,22,26,True
15,GRAVITY_HOME_DOG,16,4,6,26,-19,7,8,15,27,8,False
18,GRAVITY_AWAY_DOG,12,13,18,14,-9,-8,20,22,29,30,True
22,GRAVITY_HOME_DOG,16,7,12,32,-27,4,14,33,41,29,True
23,GRAVITY_AWAY_DOG,12,16,21,12,-12,-31,24,14,36,45,True
26,GRAVITY_HOME_DOG,16,7,15,38,-30,7,19,43,49,36,True
27,GRAVITY_AWAY_DOG,13,16,26,15,-13,-32,29,19,42,51,True
28,GRAVITY_HOME_DOG,16,15,15,17,-33,-31,19,19,52,50,False
7,GRAVITY_HOME_DOG,16,2,2,13,-5,6,3,12,8,6,False
9,GRAVITY_HOME_DOG,15,10,6,10,-7,-1,8,5,15,6,True
15,GRAVITY_AWAY_DOG,4,13,26,13,9,-2,25,15,16,17,True
16,GRAVITY_HOME_DOG,15,1,13,33,-5,16,16,27,21,11,True
17,GRAVITY_HOME_DOG,13,6,15,25,-11,2,14,17,25,15,True
17,GRAVITY_AWAY_DOG,9,16,21,13,-6,-6,27,16,33,22,False
18,GRAVITY_AWAY_DOG,4,15,30,15,7,-12,29,14,22,26,True
19,GRAVITY_HOME_DOG,16,3,14,36,-10,9,10,29,20,20,True
19,GRAVITY_HOME_DOG,15,10,15,21,-15,-9,14,28,29,37,True
20,GRAVITY_AWAY_DOG,1,15,40,15,24,-16,34,15,10,31,True
20,GRAVITY_AWAY_DOG,13,16,17,14,-8,-11,19,11,27,22,True
21,GRAVITY_HOME_DOG,16,12,15,20,-17,-5,17,22,34,27,True
6,GRAVITY_HOME_DOG,15,4,3,9,-7,2,4,9,11,7,True
7,GRAVITY_AWAY_DOG,16,15,1,3,-15,-9,5,5,20,14,True
10,GRAVITY_HOME_DOG,15,4,5,14,-12,7,7,16,19,9,True
15,GRAVITY_AWAY_DOG,6,16,21,6,7,-21,22,9,15,30,True
16,GRAVITY_AWAY_DOG,9,16,21,6,1,-22,17,9,16,31,True
17,GRAVITY_HOME_DOG,15,4,7,28,-20,12,10,31,30,19,True
17,GRAVITY_HOME_DOG,16,12,6,21,-24,-4,10,18,34,22,True
18,GRAVITY_AWAY_DOG,6,16,28,6,6,-25,22,10,16,35,True
19,GRAVITY_HOME_DOG,16,15,6,11,-28,-19,10,13,38,32,False
19,GRAVITY_HOME_DOG,13,6,21,30,-7,12,14,33,21,21,True
20,GRAVITY_HOME_DOG,13,16,21,9,-13,-26,14,12,27,38,False
22,GRAVITY_AWAY_DOG,15,14,12,14,-22,-25,15,16,37,41,False
25,GRAVITY_AWAY_DOG,10,16,31,12,-5,-28,27,17,32,45,True
26,GRAVITY_HOME_DOG,16,1,12,48,-29,20,18,41,47,21,False
6,GRAVITY_HOME_DOG,15,16,3,3,-4,-5,4,3,8,8,True
7,GRAVITY_AWAY_DOG,3,16,11,3,3,-5,8,4,5,9,True
8,GRAVITY_HOME_DOG,16,7,3,10,-8,4,4,13,12,9,True
9,GRAVITY_AWAY_DOG,2,16,17,3,5,-10,13,4,8,14,True
10,GRAVITY_HOME_DOG,16,11,3,10,-11,2,4,10,15,8,False
26,CRUSHER_AWAY_FAV,16,2,21,52,-18,29,17,54,35,25,False
10,GRAVITY_AWAY_DOG,7,16,12,4,1,-12,9,5,8,17,True
10,GRAVITY_HOME_DOG,13,1,8,23,-4,13,8,17,12,4,True
11,GRAVITY_HOME_DOG,16,11,4,11,-14,-6,6,11,20,17,True
12,GRAVITY_AWAY_DOG,11,16,12,4,-3,-16,11,6,14,22,True
13,GRAVITY_HOME_DOG,16,3,4,25,-17,9,6,24,23,15,True
14,GRAVITY_AWAY_DOG,6,16,21,4,3,-18,17,6,14,24,True
15,GRAVITY_AWAY_DOG,8,15,21,10,1,-5,16,14,15,19,True
15,GRAVITY_HOME_DOG,16,14,4,11,-19,-13,6,11,25,24,True
16,GRAVITY_HOME_DOG,15,2,10,32,-8,14,15,24,23,10,True
16,GRAVITY_HOME_DOG,16,1,4,35,-22,17,6,32,28,15,True
17,GRAVITY_AWAY_DOG,10,15,18,10,-7,-11,19,15,26,26,True
17,GRAVITY_AWAY_DOG,11,16,18,4,-9,-23,17,8,26,31,True
18,GRAVITY_HOME_DOG,16,1,4,38,-25,19,9,30,34,11,True
19,GRAVITY_AWAY_DOG,14,16,18,4,-15,-29,19,10,34,39,True
20,GRAVITY_AWAY_DOG,15,16,12,4,-13,-31,17,11,30,42,True
21,GRAVITY_HOME_DOG,16,3,4,38,-32,18,12,36,44,18,True
22,GRAVITY_AWAY_DOG,4,16,39,4,14,-34,33,12,19,46,True
22,CRUSHER_AWAY_FAV,14,1,20,47,-13,20,23,43,36,23,False
23,GRAVITY_HOME_DOG,16,9,4,29,-36,-3,12,22,48,25,False
10,GRAVITY_HOME_DOG,15,1,6,20,-7,13,8,15,15,2,True
10,GRAVITY_HOME_DOG,16,12,5,8,-7,-11,12,4,19,15,False
11,GRAVITY_AWAY_DOG,4,16,19,6,11,-8,20,9,9,17,True
12,GRAVITY_HOME_DOG,16,7,6,15,-12,4,10,16,22,12,True
13,GRAVITY_AWAY_DOG,14,16,8,6,-17,-13,4,11,21,24,False
13,GRAVITY_AWAY_DOG,8,15,16,7,0,-18,13,11,13,29,True
14,GRAVITY_HOME_DOG,16,3,7,28,-19,18,11,28,30,10,True
14,GRAVITY_AWAY_DOG,12,15,14,8,-6,-19,17,5,23,24,False
18,GRAVITY_AWAY_DOG,8,15,24,9,2,-17,20,19,18,36,False
26,GRAVITY_HOME_DOG,16,10,13,31,-32,-11,22,25,54,36,True
27,GRAVITY_AWAY_DOG,3,16,50,13,20,-34,46,22,26,56,True
28,GRAVITY_HOME_DOG,16,8,13,39,-37,4,22,34,59,30,False
8,GRAVITY_HOME_DOG,15,8,2,9,-8,-5,1,9,9,14,True
9,GRAVITY_AWAY_DOG,12,16,7,2,-5,-9,8,1,13,10,False
29,GRAVITY_AWAY_DOG,15,13,28,32,-19,-1,22,40,41,41,True
30,GRAVITY_HOME_DOG,16,9,23,39,-25,0,26,34,51,34,False
30,GRAVITY_HOME_DOG,14,1,32,54,-2,21,40,52,42,31,False
14,GRAVITY_AWAY_DOG,13,16,13,6,-3,-10,11,12,14,22,False
18,GRAVITY_AWAY_DOG,16,15,9,14,-14,-12,13,21,27,33,True
22,GRAVITY_AWAY_DOG,3,13,39,22,14,-14,40,17,26,31,True
23,GRAVITY_HOME_DOG,14,13,22,22,-16,-13,17,20,33,33,True
24,GRAVITY_AWAY_DOG,13,15,24,22,-7,-17,21,17,28,34,True
25,GRAVITY_HOME_DOG,15,1,22,50,-18,23,18,36,36,13,True
6,GRAVITY_HOME_DOG,15,16,3,2,-6,-4,7,6,13,10,True
12,GRAVITY_AWAY_DOG,2,16,22,4,9,-11,16,9,7,20,True
13,GRAVITY_HOME_DOG,16,1,4,32,-15,16,9,22,24,6,True
16,GRAVITY_HOME_DOG,15,14,11,11,-8,-7,13,12,21,19,False
17,GRAVITY_AWAY_DOG,10,14,20,14,-7,-14,11,16,18,30,True
17,GRAVITY_HOME_DOG,15,11,11,19,-9,-5,12,21,21,26,True
18,GRAVITY_AWAY_DOG,8,15,23,11,-2,-10,21,12,23,22,True
21,GRAVITY_AWAY_DOG,3,14,35,14,3,-12,26,16,23,28,True
22,GRAVITY_HOME_DOG,14,16,14,12,-16,-22,16,18,32,40,False
6,GRAVITY_HOME_DOG,16,13,1,4,-7,-3,2,4,9,7,False
8,GRAVITY_AWAY_DOG,13,15,7,4,-8,-6,7,5,15,11,True
9,GRAVITY_HOME_DOG,16,10,2,10,-12,-6,3,10,15,16,True
9,GRAVITY_AWAY_DOG,7,15,12,4,2,-8,7,6,5,14,False
10,GRAVITY_AWAY_DOG,13,15,8,7,-5,-8,10,8,15,16,True
11,GRAVITY_HOME_DOG,15,13,7,9,-10,-2,8,11,18,13,False
14,GRAVITY_HOME_DOG,15,1,7,31,-13,18,8,31,21,13,True
15,GRAVITY_AWAY_DOG,3,16,27,7,10,-14,22,9,12,23,True
24,GRAVITY_AWAY_DOG,12,14,21,20,-15,-21,22,16,37,37,True
25,GRAVITY_HOME_DOG,15,11,20,25,-22,-8,16,28,38,36,False
29,GRAVITY_AWAY_DOG,2,15,58,21,24,-19,56,19,32,38,True
29,GRAVITY_AWAY_DOG,6,13,47,25,14,-16,43,33,29,49,True
29,GRAVITY_AWAY_DOG,16,14,19,24,-17,-19,19,27,36,46,True
30,GRAVITY_HOME_DOG,15,6,21,50,-20,15,21,44,41,29,True
30,GRAVITY_HOME_DOG,13,16,25,20,-17,-17,33,19,50,36,True
6,GRAVITY_AWAY_DOG,1,16,15,1,12,-6,16,1,4,7,True
7,GRAVITY_HOME_DOG,16,15,1,3,-8,-4,3,3,11,7,True
8,GRAVITY_AWAY_DOG,5,16,11,1,4,-9,13,3,9,12,True
9,GRAVITY_HOME_DOG,16,14,1,6,-10,-7,5,9,15,16,True
9,GRAVITY_AWAY_DOG,2,13,21,6,15,-4,17,8,2,12,True
10,GRAVITY_HOME_DOG,14,11,6,11,-5,-5,9,10,14,15,False
10,GRAVITY_AWAY_DOG,12,15,9,4,-6,-11,11,8,17,19,True
10,GRAVITY_AWAY_DOG,4,16,16,1,4,-11,13,6,9,17,True
11,GRAVITY_HOME_DOG,15,3,4,19,-13,6,9,15,22,9,True
11,GRAVITY_HOME_DOG,16,9,1,13,-13,-3,6,9,19,12,True
12,GRAVITY_AWAY_DOG,10,16,15,1,-4,-14,14,6,18,20,True
20,GRAVITY_AWAY_DOG,10,13,24,19,-4,-9,23,17,27,26,True
21,GRAVITY_HOME_DOG,14,6,19,33,-12,7,17,23,29,16,True
22,GRAVITY_AWAY_DOG,1,15,54,8,33,-25,51,15,18,40,True
23,GRAVITY_HOME_DOG,16,11,8,24,-26,-3,16,20,42,23,True
24,GRAVITY_AWAY_DOG,12,14,23,21,-10,-20,21,23,31,43,True
25,GRAVITY_HOME_DOG,14,13,21,26,-22,-13,24,29,46,42,True
26,GRAVITY_HOME_DOG,14,5,21,39,-26,9,24,39,50,30,True
29,GRAVITY_HOME_DOG,13,3,26,57,-10,24,26,51,36,27,True
9,GRAVITY_HOME_DOG,14,10,6,10,-7,2,5,10,12,8,True
9,GRAVITY_AWAY_DOG,3,16,15,2,5,-13,18,3,13,16,True
15,CRUSHER_AWAY_FAV,13,1,14,32,-5,16,17,31,22,15,True
16,GRAVITY_HOME_DOG,15,12,10,16,-13,-5,8,16,21,21,False
16,GRAVITY_HOME_DOG,13,3,14,29,-6,17,18,28,24,11,True
17,GRAVITY_AWAY_DOG,12,13,16,14,-7,-7,16,19,23,26,True
20,GRAVITY_AWAY_DOG,12,13,18,17,-13,-13,20,25,33,38,True
22,GRAVITY_HOME_DOG,16,5,12,39,-19,5,10,28,29,23,True
8,GRAVITY_HOME_DOG,15,4,6,12,-8,5,6,11,14,6,True
18,GRAVITY_HOME_DOG,16,13,11,17,-19,-4,11,16,30,20,True
28,GRAVITY_AWAY_DOG,4,14,43,31,7,-10,43,29,36,39,False
28,GRAVITY_AWAY_DOG,9,16,39,16,1,-32,28,19,27,51,True
29,GRAVITY_HOME_DOG,16,12,16,39,-33,-8,19,26,52,34,True
11,GRAVITY_AWAY_DOG,10,14,12,7,-5,-6,10,11,15,17,True
18,GRAVITY_AWAY_DOG,4,16,29,14,9,-13,23,20,14,33,True
19,GRAVITY_HOME_DOG,16,12,14,19,-16,-9,22,24,38,33,True
20,GRAVITY_AWAY_DOG,15,16,14,14,-15,-17,15,23,30,40,True
21,GRAVITY_HOME_DOG,16,11,14,22,-18,-9,24,20,42,29,False
28,GRAVITY_AWAY_DOG,13,16,29,20,-8,-21,31,22,39,43,True
29,GRAVITY_HOME_DOG,16,12,20,31,-23,-6,22,29,45,35,True
30,GRAVITY_AWAY_DOG,6,16,43,20,12,-26,48,22,36,48,True
22,GRAVITY_AWAY_DOG,9,13,27,22,-4,-14,24,16,28,30,True
23,GRAVITY_HOME_DOG,13,3,22,41,-16,16,16,43,32,27,True
24,GRAVITY_AWAY_DOG,16,15,17,17,-23,-16,14,25,37,41,True
25,GRAVITY_HOME_DOG,16,9,17,32,-17,0,25,28,42,28,True
26,GRAVITY_AWAY_DOG,2,16,48,17,25,-21,44,25,19,46,True
26,GRAVITY_AWAY_DOG,9,14,33,24,-5,-10,28,18,33,28,False
27,GRAVITY_HOME_DOG,16,9,17,33,-23,-2,25,25,48,27,True
29,GRAVITY_HOME_DOG,15,1,26,57,-23,33,21,54,44,21,True
11,GRAVITY_HOME_DOG,16,5,7,17,-9,0,4,15,13,15,True
11,GRAVITY_HOME_DOG,13,3,9,20,-4,9,11,19,15,10,True
12,GRAVITY_AWAY_DOG,8,13,16,9,3,-5,17,11,14,16,True
12,GRAVITY_AWAY_DOG,4,16,21,7,14,-11,20,4,6,15,False
17,GRAVITY_AWAY_DOG,8,15,24,10,2,-15,24,10,22,25,True
18,GRAVITY_AWAY_DOG,9,16,23,10,6,-17,28,10,22,27,True
19,GRAVITY_HOME_DOG,16,3,10,34,-18,8,10,20,28,12,True
19,GRAVITY_AWAY_DOG,7,13,28,16,12,-14,30,13,18,27,True
19,GRAVITY_AWAY_DOG,8,14,28,13,4,-13,27,15,23,28,False
20,GRAVITY_HOME_DOG,14,2,16,37,-15,12,14,32,29,20,True
6,GRAVITY_AWAY_DOG,13,16,4,3,-2,-6,5,5,7,11,False
7,GRAVITY_AWAY_DOG,8,15,8,4,-3,-3,12,6,15,9,False
8,GRAVITY_AWAY_DOG,16,14,5,6,-4,-5,4,6,8,11,False
11,GRAVITY_HOME_DOG,15,6,7,17,-13,3,7,11,20,8,True
11,GRAVITY_AWAY_DOG,13,16,11,6,-4,-12,17,10,21,22,False
28,GRAVITY_AWAY_DOG,8,15,37,22,4,-20,37,13,33,33,True
29,GRAVITY_HOME_DOG,15,6,22,42,-21,11,13,40,34,29,True
15,GRAVITY_HOME_DOG,15,9,9,20,-14,-2,7,23,21,25,True
16,GRAVITY_HOME_DOG,15,4,9,26,-16,8,7,25,23,17,False
20,GRAVITY_AWAY_DOG,2,16,37,9,14,-29,33,13,19,42,True
21,GRAVITY_HOME_DOG,16,1,9,42,-32,23,13,39,45,16,True
25,GRAVITY_AWAY_DOG,10,15,31,14,2,-25,32,10,30,35,True
28,GRAVITY_AWAY_DOG,10,14,36,23,-3,-17,39,27,42,44,True
29,GRAVITY_HOME_DOG,16,9,14,38,-40,11,19,40,59,29,True
11,GRAVITY_HOME_DOG,16,15,6,8,-13,-6,7,5,20,11,False
12,GRAVITY_HOME_DOG,13,14,9,9,-7,-10,6,10,13,20,True
23,GRAVITY_HOME_DOG,15,7,16,33,-18,7,23,38,41,31,True
23,GRAVITY_HOME_DOG,13,9,21,29,-12,-7,21,28,33,35,True
24,GRAVITY_AWAY_DOG,3,15,42,16,18,-19,42,25,24,44,True
25,GRAVITY_HOME_DOG,15,8,16,31,-21,0,25,26,46,26,False
27,GRAVITY_AWAY_DOG,15,14,20,23,-19,-22,29,17,48,39,False
9,GRAVITY_HOME_DOG,15,2,4,21,-12,11,6,17,18,6,True
10,GRAVITY_AWAY_DOG,9,16,12,4,-4,-14,10,6,14,20,True
13,CRUSHER_HOME_FAV,4,13,24,10,12,-7,22,11,10,18,False
14,GRAVITY_AWAY_DOG,8,16,19,4,9,-18,22,3,13,21,True
15,GRAVITY_HOME_DOG,16,11,4,14,-19,-6,3,14,22,20,True
16,GRAVITY_HOME_DOG,14,1,12,37,-12,19,15,30,27,11,True
16,GRAVITY_HOME_DOG,16,3,4,30,-20,16,3,28,23,12,True
17,GRAVITY_AWAY_DOG,15,16,7,4,-20,-23,14,4,34,27,True
17,GRAVITY_AWAY_DOG,12,14,16,12,-9,-15,19,15,28,30,True
18,GRAVITY_AWAY_DOG,4,16,33,4,14,-27,35,5,21,32,True
18,GRAVITY_HOME_DOG,14,11,12,20,-16,-10,16,19,32,29,True
8,GRAVITY_AWAY_DOG,11,14,8,5,5,-6,12,9,7,15,True
9,GRAVITY_HOME_DOG,15,11,5,9,-7,-1,10,8,17,9,True
23,GRAVITY_AWAY_DOG,7,14,32,23,-2,-13,26,16,28,29,True
24,GRAVITY_HOME_DOG,14,9,23,32,-16,-1,16,31,32,32,True
25,GRAVITY_AWAY_DOG,16,14,16,23,-11,-18,15,17,26,35,False
26,GRAVITY_AWAY_DOG,5,14,39,23,11,-14,38,24,27,38,False
26,GRAVITY_AWAY_DOG,11,16,30,16,-5,-12,30,15,35,27,True
27,GRAVITY_AWAY_DOG,10,15,33,18,2,-28,23,19,21,47,True
6,GRAVITY_AWAY_DOG,9,13,7,3,0,-6,9,6,9,12,True
6,GRAVITY_AWAY_DOG,2,14,13,3,7,-10,13,6,6,16,True
7,GRAVITY_HOME_DOG,14,7,3,10,-13,1,6,10,19,9,True
7,GRAVITY_HOME_DOG,13,4,3,13,-7,4,6,10,13,6,False
8,GRAVITY_AWAY_DOG,5,14,13,3,2,-14,10,6,8,20,True
9,GRAVITY_HOME_DOG,14,11,3,9,-16,0,6,7,22,7,False
13,GRAVITY_AWAY_DOG,6,16,19,1,1,-21,16,9,15,30,True
14,GRAVITY_HOME_DOG,16,13,1,14,-22,0,9,15,31,15,False
17,GRAVITY_AWAY_DOG,13,14,18,14,-11,-4,16,17,27,21,True
18,GRAVITY_HOME_DOG,14,11,14,21,-5,-4,17,20,22,24,True
19,GRAVITY_HOME_DOG,16,11,4,23,-31,-4,12,25,43,29,False
19,GRAVITY_AWAY_DOG,9,15,26,14,-3,-6,22,17,25,23,True
20,GRAVITY_HOME_DOG,13,3,23,33,-6,13,25,29,31,16,True
20,GRAVITY_AWAY_DOG,14,15,17,14,-9,-7,24,17,33,24,True
21,GRAVITY_HOME_DOG,15,8,14,30,-10,11,17,31,27,20,False
24,GRAVITY_HOME_DOG,16,3,7,43,-35,17,16,36,51,19,False
9,GRAVITY_HOME_DOG,13,16,7,4,-5,-7,8,7,13,14,True
10,GRAVITY_HOME_DOG,14,7,8,14,-7,2,6,11,13,9,True
12,GRAVITY_HOME_DOG,15,8,8,16,-3,3,12,15,15,12,False
14,GRAVITY_AWAY_DOG,8,14,18,9,0,-14,14,7,14,21,True
15,GRAVITY_AWAY_DOG,6,13,24,13,10,-11,25,7,15,18,False
15,GRAVITY_HOME_DOG,15,16,9,8,-16,-21,7,8,23,29,True
16,GRAVITY_HOME_DOG,16,5,9,25,-17,6,8,20,25,14,False
20,GRAVITY_HOME_DOG,13,11,19,23,-7,-8,21,26,28,34,False
25,GRAVITY_HOME_DOG,14,1,22,56,-10,30,28,44,38,14,True
26,GRAVITY_AWAY_DOG,12,14,29,22,2,-13,39,29,37,42,True
27,GRAVITY_HOME_DOG,14,13,22,26,-15,-17,30,24,45,41,False
29,GRAVITY_AWAY_DOG,5,13,45,26,10,-21,36,24,26,45,True
30,GRAVITY_HOME_DOG,14,1,26,66,-24,36,24,54,48,18,True
9,GRAVITY_AWAY_DOG,5,14,16,6,3,-7,13,5,10,12,True
10,GRAVITY_HOME_DOG,16,6,2,14,-11,5,6,16,17,11,True
10,GRAVITY_HOME_DOG,14,3,6,19,-8,7,6,12,14,5,False
11,GRAVITY_AWAY_DOG,11,16,10,2,0,-12,11,7,11,19,True
12,GRAVITY_HOME_DOG,16,5,2,19,-13,-1,7,17,20,18,True
14,GRAVITY_HOME_DOG,15,4,8,24,-11,6,8,24,19,18,False
27,GRAVITY_AWAY_DOG,2,15,53,20,18,-17,46,22,28,39,True
9,GRAVITY_HOME_DOG,15,14,5,7,-3,-2,10,6,13,8,True
11,GRAVITY_AWAY_DOG,16,14,6,8,-4,-6,10,8,14,14,True
12,GRAVITY_HOME_DOG,16,10,8,13,-8,-4,8,9,16,13,False
26,GRAVITY_AWAY_DOG,5,16,44,17,15,-19,34,24,19,43,True
27,GRAVITY_HOME_DOG,16,5,17,45,-21,17,24,44,45,27,True
28,GRAVITY_HOME_DOG,16,14,17,24,-24,-19,24,23,48,42,True
29,GRAVITY_AWAY_DOG,2,16,51,17,7,-26,39,24,32,50,True
30,GRAVITY_HOME_DOG,16,12,17,32,-29,-12,25,28,54,40,True
9,GRAVITY_AWAY_DOG,16,15,6,7,-9,-9,3,6,12,15,True
9,GRAVITY_AWAY_DOG,11,14,9,7,-2,-6,7,7,9,13,True
10,GRAVITY_HOME_DOG,16,7,7,13,-10,1,7,11,17,10,False
15,GRAVITY_HOME_DOG,15,4,9,25,-17,4,12,20,29,16,True
16,GRAVITY_HOME_DOG,16,14,9,16,-18,-4,12,15,30,19,True
17,GRAVITY_AWAY_DOG,2,16,33,9,10,-19,26,13,16,32,False
24,GRAVITY_HOME_DOG,13,10,22,29,-11,-6,19,17,30,23,False
30,GRAVITY_HOME_DOG,13,8,30,40,-16,6,21,41,37,35,True
11,GRAVITY_HOME_DOG,15,1,5,22,-7,16,9,26,16,10,True
18,GRAVITY_HOME_DOG,13,14,17,12,-8,-15,18,14,26,29,False
19,GRAVITY_AWAY_DOG,10,16,23,9,-4,-16,16,13,20,29,True
20,GRAVITY_HOME_DOG,16,6,9,32,-17,4,15,29,32,25,True
21,GRAVITY_AWAY_DOG,7,16,30,9,1,-18,27,17,26,35,True
22,GRAVITY_HOME_DOG,15,1,12,45,-21,24,16,44,37,20,True
22,GRAVITY_HOME_DOG,16,6,9,34,-20,3,18,25,38,22,True
23,GRAVITY_AWAY_DOG,14,15,20,12,-10,-22,17,17,27,39,True
24,GRAVITY_HOME_DOG,13,14,23,22,-16,-8,22,19,38,27,False
24,GRAVITY_HOME_DOG,16,8,12,33,-24,-2,18,24,42,26,True
25,GRAVITY_AWAY_DOG,6,13,42,23,8,-14,37,25,29,39,True
26,GRAVITY_HOME_DOG,14,7,23,41,-18,4,26,31,44,27,True
6,GRAVITY_AWAY_DOG,4,16,10,1,3,-8,9,4,6,12,True
7,GRAVITY_HOME_DOG,15,4,3,13,-7,5,6,12,13,7,True
7,GRAVITY_AWAY_DOG,11,14,7,6,1,-2,7,7,6,9,True
7,GRAVITY_AWAY_DOG,13,16,7,1,-4,-10,6,5,10,15,True
8,GRAVITY_AWAY_DOG,9,15,11,3,-1,-8,8,7,9,15,True
8,GRAVITY_HOME_DOG,16,2,1,15,-12,0,5,12,17,12,True
8,GRAVITY_HOME_DOG,14,3,6,13,-3,6,8,14,11,8,True
9,GRAVITY_HOME_DOG,15,5,3,14,-9,7,7,18,16,11,False
9,GRAVITY_AWAY_DOG,12,16,9,1,-4,-13,6,6,10,19,True
10,GRAVITY_HOME_DOG,16,10,1,12,-14,-2,6,12,20,14,True
11,GRAVITY_AWAY_DOG,2,16,19,1,6,-15,16,7,10,22,True
11,GRAVITY_HOME_DOG,14,7,7,16,-6,3,9,18,15,15,True
12,GRAVITY_HOME_DOG,16,6,1,17,-17,6,7,19,24,13,True
15,GRAVITY_AWAY_DOG,6,13,22,15,11,-11,25,11,14,22,True
16,GRAVITY_AWAY_DOG,14,13,11,15,-8,-15,14,12,22,27,True
19,GRAVITY_AWAY_DOG,2,16,36,10,14,-18,28,15,14,33,True
25,GRAVITY_HOME_DOG,14,12,23,29,-22,-10,19,28,41,38,False
29,CRUSHER_HOME_FAV,4,14,48,26,14,-27,42,24,28,51,True
30,GRAVITY_HOME_DOG,14,6,26,46,-28,17,24,52,52,35,True
30,GRAVITY_HOME_DOG,13,16,29,20,-17,-30,31,28,48,58,True
6,GRAVITY_HOME_DOG,15,3,3,10,-4,3,3,8,7,5,True
21,CRUSHER_HOME_FAV,2,16,41,12,15,-19,35,13,20,32,True
21,GRAVITY_AWAY_DOG,9,15,28,18,-1,-15,23,22,24,37,True
22,GRAVITY_HOME_DOG,16,7,12,31,-23,3,13,26,36,23,True
22,GRAVITY_HOME_DOG,15,11,18,22,-16,-19,23,23,39,42,False
23,GRAVITY_AWAY_DOG,6,16,35,12,1,-24,28,14,27,38,True
24,GRAVITY_HOME_DOG,16,7,12,35,-25,1,14,28,39,27,False
27,GRAVITY_HOME_DOG,15,13,21,25,-20,-14,29,36,49,50,True
28,GRAVITY_AWAY_DOG,9,15,35,21,-6,-22,22,29,28,51,True
29,GRAVITY_HOME_DOG,15,4,21,52,-23,19,30,57,53,38,True
30,GRAVITY_AWAY_DOG,15,16,23,21,-22,-24,23,30,45,54,True
7,CRUSHER_HOME_FAV,2,14,14,4,7,-5,8,6,1,11,False
9,GRAVITY_AWAY_DOG,14,16,6,4,-5,-10,9,8,14,18,True
10,GRAVITY_HOME_DOG,16,2,4,18,-11,8,8,11,19,3,True
11,GRAVITY_AWAY_DOG,12,16,12,4,0,-12,9,9,9,21,True
12,GRAVITY_HOME_DOG,16,10,4,15,-15,-2,10,12,25,14,True
14,GRAVITY_AWAY_DOG,5,14,20,9,3,-12,15,12,12,24,True
15,GRAVITY_AWAY_DOG,2,14,30,9,14,-17,23,12,9,29,True
16,GRAVITY_AWAY_DOG,13,15,17,9,1,-19,16,12,15,31,True
17,GRAVITY_HOME_DOG,15,9,9,21,-21,-1,13,19,34,20,False
30,GRAVITY_AWAY_DOG,3,13,56,28,17,-12,54,27,37,39,True
6,GRAVITY_HOME_DOG,16,14,1,3,-10,-9,0,5,10,14,False
7,GRAVITY_HOME_DOG,16,8,3,9,-10,-1,5,6,15,7,True
8,GRAVITY_AWAY_DOG,8,16,11,3,1,-11,12,5,11,16,True
15,GRAVITY_AWAY_DOG,14,16,13,7,-9,-16,12,10,21,26,True
15,GRAVITY_AWAY_DOG,8,13,18,15,0,-6,20,16,20,22,True
16,GRAVITY_HOME_DOG,13,7,15,22,-7,3,17,20,24,17,True
17,GRAVITY_AWAY_DOG,2,14,33,15,13,-11,29,17,16,28,True
17,GRAVITY_HOME_DOG,15,9,10,21,-19,-3,8,22,27,25,True
18,GRAVITY_HOME_DOG,14,1,15,42,-12,22,17,31,29,9,True
19,GRAVITY_AWAY_DOG,15,14,11,15,-21,-13,12,17,33,30,True
20,CRUSHER_AWAY_FAV,13,1,17,48,-13,26,16,35,29,9,False
20,GRAVITY_HOME_DOG,14,7,15,29,-14,1,18,32,32,31,True
21,GRAVITY_AWAY_DOG,5,14,34,15,3,-16,31,18,28,34,True
21,CRUSHER_AWAY_FAV,13,2,17,45,-8,18,17,37,25,19,True
22,GRAVITY_AWAY_DOG,14,13,17,17,-21,-10,15,17,36,27,True
22,GRAVITY_AWAY_DOG,6,16,35,10,3,-22,33,12,30,34,True
23,GRAVITY_HOME_DOG,16,15,10,16,-25,-17,12,20,37,37,True
29,GRAVITY_AWAY_DOG,8,15,43,18,0,-24,42,22,42,46,False
30,GRAVITY_AWAY_DOG,16,14,15,23,-33,-24,16,23,49,47,True
8,GRAVITY_AWAY_DOG,4,15,14,4,4,-8,9,10,5,18,True
9,GRAVITY_HOME_DOG,15,5,4,14,-11,6,11,13,22,7,True
10,GRAVITY_AWAY_DOG,12,15,9,4,-7,-12,5,11,12,23,False
14,GRAVITY_HOME_DOG,15,3,9,26,-18,11,7,22,25,11,False
19,GRAVITY_AWAY_DOG,14,15,12,12,-22,-26,12,13,34,39,True
25,GRAVITY_AWAY_DOG,12,13,24,23,-6,-12,19,27,25,39,True
26,GRAVITY_HOME_DOG,16,15,17,20,-26,-24,18,17,44,41,True
26,GRAVITY_HOME_DOG,14,7,23,37,-14,5,27,33,41,28,False
27,GRAVITY_AWAY_DOG,11,16,28,17,-15,-27,35,18,50,45,True
28,GRAVITY_HOME_DOG,16,7,17,39,-30,7,18,47,48,40,False
9,GRAVITY_AWAY_DOG,2,16,17,5,13,-7,19,9,6,16,True
10,GRAVITY_HOME_DOG,16,5,5,13,-8,2,11,15,19,13,False
11,CRUSHER_HOME_FAV,1,14,27,10,13,-8,19,12,6,20,False
14,GRAVITY_HOME_DOG,13,16,12,10,-5,-6,14,19,19,25,True
17,GRAVITY_AWAY_DOG,12,13,16,16,-11,-14,18,15,29,29,True
25,CRUSHER_AWAY_FAV,16,3,21,47,-21,28,19,46,40,18,False
29,CRUSHER_HOME_FAV,4,13,52,30,22,-16,47,33,25,49,False
7,GRAVITY_AWAY_DOG,2,13,14,6,11,-5,12,9,1,14,True
8,GRAVITY_HOME_DOG,15,11,6,7,-9,-3,10,5,19,8,False
10,GRAVITY_AWAY_DOG,12,15,8,6,-7,-13,10,9,17,22,True
11,GRAVITY_HOME_DOG,15,16,6,1,-14,-12,11,4,25,16,True
15,GRAVITY_AWAY_DOG,5,14,26,8,10,-11,21,10,11,21,True
16,GRAVITY_AWAY_DOG,10,15,19,8,0,-13,18,11,18,24,True
17,GRAVITY_AWAY_DOG,13,16,14,3,-13,-16,13,7,26,23,False
20,GRAVITY_AWAY_DOG,8,14,29,14,-4,-18,36,15,40,33,True
21,GRAVITY_HOME_DOG,15,11,14,26,-19,-3,16,32,35,35,True
12,GRAVITY_HOME_DOG,16,15,6,9,-8,-13,6,14,14,27,False
23,GRAVITY_HOME_DOG,16,12,15,23,-22,-13,23,18,45,31,False
25,CRUSHER_AWAY_FAV,13,2,23,47,-15,15,20,37,35,22,True
25,GRAVITY_AWAY_DOG,6,16,37,20,8,-20,31,24,23,44,True
26,GRAVITY_HOME_DOG,16,4,20,45,-21,24,24,38,45,14,True
26,GRAVITY_HOME_DOG,13,9,23,32,-17,-5,20,26,37,31,True
27,GRAVITY_AWAY_DOG,10,13,30,23,-14,-18,22,20,36,38,False
27,GRAVITY_AWAY_DOG,12,16,24,20,-17,-23,21,24,38,47,False
29,GRAVITY_AWAY_DOG,3,16,51,22,28,-16,44,19,16,35,True
6,GRAVITY_AWAY_DOG,9,15,8,1,3,-5,11,3,8,8,True
6,GRAVITY_HOME_DOG,14,5,1,10,-4,4,7,12,11,8,False
21,GRAVITY_AWAY_DOG,10,16,25,12,-12,-20,18,15,30,35,False
6,GRAVITY_AWAY_DOG,10,14,5,3,-3,-6,4,7,7,13,True
16,GRAVITY_AWAY_DOG,4,16,25,8,8,-15,21,11,13,26,True
25,GRAVITY_AWAY_DOG,8,16,34,16,-3,-20,30,22,33,42,True
29,GRAVITY_AWAY_DOG,14,13,22,28,-19,-9,26,20,45,29,True
30,GRAVITY_AWAY_DOG,5,13,46,28,16,-10,44,21,28,31,True
30,CRUSHER_AWAY_FAV,15,2,21,58,-23,23,39,48,62,25,False
7,GRAVITY_HOME_DOG,14,4,4,11,-8,7,5,14,13,7,True
8,GRAVITY_AWAY_DOG,16,15,2,4,-10,-11,3,5,13,16,False
9,GRAVITY_HOME_DOG,16,2,2,17,-11,14,4,21,15,7,True
14,GRAVITY_HOME_DOG,15,12,8,14,-14,-4,13,15,27,19,False
19,GRAVITY_AWAY_DOG,8,15,26,16,2,-20,25,13,23,33,True
20,GRAVITY_HOME_DOG,15,14,16,17,-21,-16,13,21,34,37,False
24,GRAVITY_HOME_DOG,14,11,20,24,-15,-17,16,28,31,45,False
25,GRAVITY_AWAY_DOG,9,15,33,19,-5,-25,29,17,34,42,True
25,GRAVITY_HOME_DOG,16,13,15,23,-23,-14,18,18,41,32,False
26,GRAVITY_HOME_DOG,14,8,23,34,-17,1,35,32,52,31,True
27,GRAVITY_AWAY_DOG,9,13,35,23,-5,-18,32,36,37,54,True
28,GRAVITY_HOME_DOG,14,12,23,27,-19,-21,38,31,57,52,True
29,GRAVITY_AWAY_DOG,16,15,19,23,-27,-23,22,38,49,61,False
8,GRAVITY_AWAY_DOG,9,15,10,6,0,-8,11,6,11,14,True
9,GRAVITY_HOME_DOG,15,10,6,10,-12,-2,7,11,19,13,True
10,GRAVITY_AWAY_DOG,10,15,12,6,2,-13,15,8,13,21,True
11,GRAVITY_HOME_DOG,15,12,6,12,-10,-11,11,11,21,22,False
14,GRAVITY_HOME_DOG,13,12,12,12,-17,-7,12,15,29,22,False
15,GRAVITY_HOME_DOG,16,15,7,9,-24,-18,10,11,34,29,True
16,GRAVITY_HOME_DOG,16,12,7,15,-26,-17,10,16,36,33,False
19,GRAVITY_HOME_DOG,14,8,15,21,-24,-1,16,21,40,22,True
20,GRAVITY_AWAY_DOG,6,15,35,15,8,-26,32,17,24,43,True
21,GRAVITY_HOME_DOG,16,11,15,22,-27,-9,17,20,44,29,True
25,GRAVITY_HOME_DOG,16,8,17,28,-34,0,20,28,54,28,False
13,GRAVITY_AWAY_DOG,14,16,11,4,-6,-10,7,7,13,17,True
15,GRAVITY_HOME_DOG,16,11,8,16,-12,-7,16,19,28,26,False
18,GRAVITY_HOME_DOG,14,4,16,30,-14,6,18,26,32,20,False
18,GRAVITY_HOME_DOG,16,13,12,16,-11,-9,9,16,20,25,False
23,GRAVITY_AWAY_DOG,15,16,18,18,-12,-16,17,25,29,41,True
23,GRAVITY_AWAY_DOG,2,14,45,19,12,-22,37,22,25,44,True
28,GRAVITY_AWAY_DOG,9,16,39,20,1,-30,30,25,29,55,True
29,GRAVITY_HOME_DOG,16,5,20,48,-34,2,25,34,59,32,True
30,GRAVITY_AWAY_DOG,13,16,30,20,-9,-35,28,25,37,60,True
7,GRAVITY_AWAY_DOG,8,16,7,1,1,-11,10,2,9,13,True
8,GRAVITY_HOME_DOG,16,10,1,9,-12,0,2,8,14,8,True
12,GRAVITY_AWAY_DOG,14,16,8,7,-14,-11,9,11,23,22,True
13,GRAVITY_AWAY_DOG,3,16,25,7,12,-13,22,12,10,25,True
20,GRAVITY_AWAY_DOG,15,16,16,9,-15,-20,20,19,35,39,True
21,GRAVITY_HOME_DOG,16,6,9,31,-21,1,20,25,41,24,True
22,GRAVITY_AWAY_DOG,15,16,17,9,-18,-22,13,20,31,42,True
23,GRAVITY_HOME_DOG,16,7,9,29,-25,1,20,24,45,23,True
24,GRAVITY_AWAY_DOG,3,16,48,9,22,-27,32,20,10,47,True
25,GRAVITY_HOME_DOG,16,11,9,29,-30,-11,20,29,50,40,True
26,GRAVITY_AWAY_DOG,1,16,58,9,38,-31,60,21,22,52,True
27,CRUSHER_AWAY_FAV,13,3,25,57,-16,27,26,39,42,12,True
28,GRAVITY_AWAY_DOG,9,15,33,25,-14,-19,34,26,48,45,False
29,CRUSHER_AWAY_FAV,15,1,25,63,-22,31,30,43,52,12,False
7,GRAVITY_AWAY_DOG,14,15,2,1,-8,-11,5,2,13,13,False
7,GRAVITY_HOME_DOG,16,2,1,13,-14,7,3,10,17,3,True
8,GRAVITY_AWAY_DOG,11,16,8,1,1,-15,10,4,9,19,True
7,GRAVITY_HOME_DOG,15,13,3,6,-5,-9,4,10,9,19,False
8,GRAVITY_HOME_DOG,14,8,6,10,-11,-2,10,9,21,11,True
9,GRAVITY_HOME_DOG,15,8,6,11,-13,-6,11,8,24,14,True
10,GRAVITY_AWAY_DOG,11,15,10,6,-1,-14,2,12,3,26,False
13,GRAVITY_HOME_DOG,14,10,10,14,-6,-2,3,16,9,18,True
13,GRAVITY_HOME_DOG,15,16,7,5,-11,-15,7,9,18,24,False
14,CRUSHER_AWAY_FAV,16,2,5,26,-20,7,9,21,29,14,False
14,GRAVITY_AWAY_DOG,3,15,25,10,7,-7,23,3,16,10,True
15,GRAVITY_HOME_DOG,15,3,10,28,-9,6,3,20,12,14,True
19,GRAVITY_HOME_DOG,16,2,8,35,-26,10,12,32,38,22,True
20,GRAVITY_AWAY_DOG,3,16,38,8,11,-27,30,12,19,39,True
21,GRAVITY_HOME_DOG,16,8,8,30,-32,-8,12,19,44,27,True
25,GRAVITY_HOME_DOG,15,10,18,27,-17,-7,18,33,35,40,False
29,GRAVITY_HOME_DOG,14,1,26,57,-13,20,17,52,30,32,True
30,GRAVITY_AWAY_DOG,2,15,58,26,20,-15,46,17,26,32,True
10,GRAVITY_AWAY_DOG,11,16,11,1,1,-19,9,3,8,22,True
11,GRAVITY_HOME_DOG,16,1,1,23,-21,14,3,19,24,5,True
13,GRAVITY_HOME_DOG,14,12,10,13,-13,-4,7,15,20,19,True
17,GRAVITY_HOME_DOG,16,10,3,21,-31,-7,8,14,39,21,True
29,GRAVITY_HOME_DOG,15,8,26,38,-27,-1,21,48,48,49,False
13,GRAVITY_HOME_DOG,13,16,11,8,-8,-11,12,9,20,20,False
13,GRAVITY_AWAY_DOG,2,15,23,8,14,-7,25,10,11,17,True
15,GRAVITY_HOME_DOG,16,13,8,13,-14,-3,10,4,24,7,False
26,GRAVITY_AWAY_DOG,3,16,45,20,22,-21,43,18,21,39,True
27,GRAVITY_AWAY_DOG,6,15,41,20,15,-12,44,7,29,19,True
27,GRAVITY_HOME_DOG,16,12,20,28,-24,-8,18,22,42,30,True
28,GRAVITY_HOME_DOG,16,3,20,49,-13,9,8,41,21,32,True
29,GRAVITY_AWAY_DOG,10,16,33,20,-11,-15,28,9,39,24,True
30,GRAVITY_HOME_DOG,16,14,20,25,-17,-18,9,27,26,45,False
30,GRAVITY_AWAY_DOG,9,13,36,29,-9,-19,30,21,39,40,True
6,GRAVITY_HOME_DOG,14,9,3,7,-6,1,1,4,7,3,True
7,GRAVITY_AWAY_DOG,9,15,8,3,1,-7,10,1,9,8,True
8,GRAVITY_HOME_DOG,16,10,3,11,-9,0,1,7,10,7,True
17,GRAVITY_HOME_DOG,16,11,10,21,-15,-2,7,13,22,15,True
20,GRAVITY_HOME_DOG,16,4,15,31,-16,8,13,30,29,22,True
25,GRAVITY_AWAY_DOG,12,16,25,16,-14,-23,25,14,39,37,True
25,GRAVITY_AWAY_DOG,3,13,44,22,13,-15,38,16,25,31,True
26,GRAVITY_HOME_DOG,16,9,16,34,-25,5,14,29,39,24,True
26,GRAVITY_HOME_DOG,14,13,22,24,-19,-12,16,25,35,37,True
27,GRAVITY_AWAY_DOG,7,16,42,16,11,-28,44,14,33,42,True
28,GRAVITY_AWAY_DOG,7,16,43,16,13,-33,41,14,28,47,True
29,GRAVITY_HOME_DOG,16,5,16,48,-35,16,15,44,50,28,True
30,GRAVITY_AWAY_DOG,7,16,49,16,14,-36,36,16,22,52,True
7,GRAVITY_AWAY_DOG,1,15,16,4,6,-7,11,3,5,10,False
12,GRAVITY_AWAY_DOG,3,16,21,4,4,-11,21,5,17,16,False
18,GRAVITY_HOME_DOG,15,10,13,20,-10,-6,17,18,27,24,True
23,GRAVITY_AWAY_DOG,2,13,46,22,24,-5,47,29,23,34,True
24,GRAVITY_AWAY_DOG,4,16,40,11,14,-26,35,12,21,38,True
24,GRAVITY_HOME_DOG,13,3,22,42,-6,13,29,37,35,24,False
25,GRAVITY_HOME_DOG,16,13,11,25,-28,-7,12,23,40,30,True
14,GRAVITY_HOME_DOG,14,8,11,19,-9,1,12,13,21,12,True
22,GRAVITY_AWAY_DOG,16,14,15,20,-16,-18,17,25,33,43,False
10,GRAVITY_HOME_DOG,15,1,6,21,-10,10,8,16,18,6,True
11,GRAVITY_HOME_DOG,14,8,6,15,-8,-3,8,18,16,21,False
11,GRAVITY_AWAY_DOG,3,15,21,6,8,-11,18,8,10,19,True
14,GRAVITY_HOME_DOG,16,14,2,9,-20,-9,6,14,26,23,True
15,GRAVITY_AWAY_DOG,11,16,15,2,-5,-21,9,6,14,27,True
16,GRAVITY_AWAY_DOG,11,16,18,2,-7,-22,22,8,29,30,True
23,CRUSHER_AWAY_FAV,15,2,12,46,-23,18,16,43,39,25,False
29,GRAVITY_AWAY_DOG,9,16,35,13,-4,-30,37,22,41,52,True
30,GRAVITY_HOME_DOG,16,11,13,34,-32,-9,23,22,55,31,True
8,GRAVITY_HOME_DOG,16,14,1,5,-13,-3,3,7,16,10,False
8,GRAVITY_HOME_DOG,13,11,6,9,-3,-3,8,4,11,7,True
9,GRAVITY_AWAY_DOG,2,13,18,6,2,-5,10,9,8,14,True
10,GRAVITY_HOME_DOG,13,9,6,13,-8,-2,9,7,17,9,False
10,CRUSHER_AWAY_FAV,16,1,2,21,-16,5,5,13,21,8,True
11,GRAVITY_AWAY_DOG,10,16,13,2,-5,-18,8,5,13,23,True
12,GRAVITY_HOME_DOG,16,13,2,9,-19,-3,7,10,26,13,False
13,GRAVITY_HOME_DOG,16,10,4,16,-19,0,7,6,26,6,True
14,GRAVITY_AWAY_DOG,14,16,12,4,-9,-21,17,9,26,30,True
22,GRAVITY_HOME_DOG,15,11,10,24,-27,-3,17,25,44,28,True
7,GRAVITY_HOME_DOG,14,8,4,8,-5,-1,1,4,6,5,False
8,GRAVITY_HOME_DOG,15,16,4,3,-7,-11,5,5,12,16,False
8,GRAVITY_AWAY_DOG,7,14,11,6,1,-6,5,6,4,12,True
9,GRAVITY_HOME_DOG,15,5,6,14,-7,3,6,9,13,6,False
10,CRUSHER_HOME_FAV,2,13,19,7,10,-6,14,11,4,17,True
11,GRAVITY_HOME_DOG,14,13,7,9,-9,-10,12,10,21,20,True
12,GRAVITY_HOME_DOG,16,15,7,7,-13,-10,3,12,16,22,False
13,GRAVITY_HOME_DOG,16,14,7,9,-11,-7,12,8,23,15,False
14,GRAVITY_AWAY_DOG,15,16,9,9,-8,-11,8,11,16,22,True
15,GRAVITY_HOME_DOG,16,15,9,11,-13,-10,12,13,25,23,False
19,GRAVITY_HOME_DOG,16,5,12,30,-14,9,12,26,26,17,True
27,GRAVITY_HOME_DOG,16,13,17,28,-24,-17,25,13,49,30,False
13,GRAVITY_AWAY_DOG,6,16,20,3,11,-20,23,8,12,28,True
14,GRAVITY_HOME_DOG,16,10,3,16,-21,-4,9,15,30,19,True
17,GRAVITY_AWAY_DOG,6,13,26,13,9,-15,23,16,14,31,True
18,GRAVITY_HOME_DOG,13,14,13,12,-16,-16,17,15,33,31,False
24,GRAVITY_HOME_DOG,13,12,19,27,-25,-11,20,18,45,29,False
9,GRAVITY_AWAY_DOG,8,15,12,6,3,-12,13,5,10,17,True
10,GRAVITY_HOME_DOG,15,5,6,16,-14,5,5,15,19,10,True
10,GRAVITY_HOME_DOG,14,11,7,11,-11,-1,7,7,18,8,False
11,GRAVITY_AWAY_DOG,6,15,18,6,3,-15,13,6,10,21,True
12,GRAVITY_HOME_DOG,15,10,6,14,-16,2,7,16,23,14,False
18,GRAVITY_HOME_DOG,16,15,6,14,-17,-18,6,18,23,36,True
19,GRAVITY_AWAY_DOG,7,16,30,6,5,-19,26,6,21,25,True
19,GRAVITY_HOME_DOG,15,9,14,27,-19,10,13,33,32,23,True
20,GRAVITY_HOME_DOG,16,11,6,21,-20,-5,6,19,26,24,True
20,GRAVITY_AWAY_DOG,6,15,33,14,7,-20,35,14,28,34,True
21,GRAVITY_HOME_DOG,15,16,14,6,-24,-22,14,6,38,28,False
22,GRAVITY_HOME_DOG,16,14,6,18,-23,-17,8,14,31,31,True
27,GRAVITY_AWAY_DOG,8,16,40,7,4,-33,43,9,39,42,True
29,GRAVITY_AWAY_DOG,1,15,64,24,32,-21,53,30,21,51,True
14,GRAVITY_HOME_DOG,15,16,10,8,-15,-12,13,16,28,28,False
18,GRAVITY_HOME_DOG,15,14,14,16,-10,-9,16,15,26,24,True
24,GRAVITY_AWAY_DOG,3,16,45,11,20,-30,44,27,24,57,True
8,GRAVITY_HOME_DOG,16,13,3,5,-8,-6,5,8,13,14,False
10,GRAVITY_AWAY_DOG,10,16,11,4,-2,-11,10,10,12,21,True
11,GRAVITY_HOME_DOG,16,7,4,16,-15,2,10,11,25,9,True
12,GRAVITY_AWAY_DOG,11,16,10,4,-5,-16,17,10,22,26,True
13,GRAVITY_HOME_DOG,16,6,4,21,-17,-1,11,15,28,16,True
13,GRAVITY_HOME_DOG,14,7,6,20,-13,4,9,15,22,11,False
14,GRAVITY_AWAY_DOG,4,15,25,6,6,-16,15,12,9,28,True
14,GRAVITY_AWAY_DOG,1,16,31,4,17,-18,27,12,10,30,False
15,GRAVITY_HOME_DOG,16,11,6,14,-17,-6,13,20,30,26,True
16,GRAVITY_HOME_DOG,16,7,6,25,-18,-2,13,18,31,20,False
28,GRAVITY_HOME_DOG,16,1,20,60,-23,38,18,65,41,27,True
29,GRAVITY_AWAY_DOG,14,16,24,20,-21,-24,23,19,44,43,True
6,GRAVITY_HOME_DOG,16,12,3,5,-7,-4,4,3,11,7,False
7,GRAVITY_AWAY_DOG,5,15,11,3,1,-5,10,3,9,8,False
8,GRAVITY_AWAY_DOG,13,16,6,4,-8,-12,7,6,15,18,True
9,GRAVITY_HOME_DOG,16,1,4,21,-16,14,7,18,23,4,True
10,GRAVITY_AWAY_DOG,7,16,16,4,3,-19,13,8,10,27,True
10,GRAVITY_HOME_DOG,15,6,6,16,-13,4,6,11,19,7,True
11,GRAVITY_HOME_DOG,16,15,4,7,-21,-13,8,6,29,19,False
15,GRAVITY_AWAY_DOG,5,15,26,7,6,-21,22,8,16,29,True
16,GRAVITY_AWAY_DOG,3,16,31,7,16,-24,29,13,13,37,True
16,GRAVITY_AWAY_DOG,6,15,26,7,7,-23,22,8,15,31,True
17,GRAVITY_HOME_DOG,14,5,11,29,-21,9,9,24,30,15,True
17,GRAVITY_HOME_DOG,16,7,7,26,-26,9,13,26,39,17,True
17,GRAVITY_HOME_DOG,15,1,7,38,-25,19,8,29,33,10,True
18,GRAVITY_AWAY_DOG,4,16,33,7,10,-27,28,13,18,40,True
18,GRAVITY_AWAY_DOG,1,14,39,11,19,-22,30,10,11,32,True
19,GRAVITY_HOME_DOG,14,10,11,23,-24,3,10,21,34,18,True
19,GRAVITY_HOME_DOG,16,5,7,35,-32,11,14,27,46,16,True
20,GRAVITY_AWAY_DOG,12,15,20,11,-11,-26,16,10,27,36,False
20,GRAVITY_AWAY_DOG,2,16,42,7,19,-34,32,15,13,49,True
21,GRAVITY_HOME_DOG,16,9,7,29,-37,6,15,25,52,19,True
22,GRAVITY_AWAY_DOG,13,16,20,7,-15,-38,16,15,31,53,True
27,GRAVITY_AWAY_DOG,6,14,43,21,10,-20,40,19,30,39,True
7,GRAVITY_HOME_DOG,16,2,3,13,-9,6,4,11,13,5,True
8,GRAVITY_AWAY_DOG,13,16,6,3,-2,-11,6,4,8,15,True
9,GRAVITY_AWAY_DOG,16,14,4,4,-11,-9,5,7,16,16,False
15,GRAVITY_HOME_DOG,16,3,7,26,-20,11,7,25,27,14,True
16,GRAVITY_HOME_DOG,16,11,7,16,-22,-5,7,16,29,21,True
17,GRAVITY_AWAY_DOG,4,16,29,7,13,-23,25,7,12,30,True
18,GRAVITY_HOME_DOG,16,13,7,20,-25,-11,7,18,32,29,False
19,GRAVITY_HOME_DOG,14,16,15,10,-15,-20,11,12,26,32,True
20,GRAVITY_AWAY_DOG,11,14,23,15,-3,-16,22,12,25,28,False
20,GRAVITY_HOME_DOG,16,1,11,40,-25,22,13,36,38,14,True
21,GRAVITY_AWAY_DOG,10,16,25,11,3,-30,30,13,27,43,True
22,GRAVITY_AWAY_DOG,5,16,36,11,13,-33,33,14,20,47,True
23,GRAVITY_HOME_DOG,16,11,11,27,-35,-2,14,18,49,20,True
24,GRAVITY_AWAY_DOG,13,16,23,11,-17,-37,23,15,40,52,True
28,GRAVITY_HOME_DOG,15,1,22,54,-23,31,16,50,39,19,True
29,GRAVITY_AWAY_DOG,10,15,35,22,3,-25,39,16,36,41,True
29,GRAVITY_HOME_DOG,14,13,24,28,-23,-10,25,29,48,39,True
14,GRAVITY_HOME_DOG,15,1,7,31,-15,15,6,19,21,4,False
21,GRAVITY_HOME_DOG,16,4,8,38,-33,19,11,36,44,17,True
22,GRAVITY_AWAY_DOG,10,16,23,8,-10,-36,18,11,28,47,True
30,GRAVITY_AWAY_DOG,10,14,37,25,-12,-25,40,23,52,48,True
8,GRAVITY_AWAY_DOG,1,15,17,5,6,-6,14,8,8,14,True
9,GRAVITY_HOME_DOG,15,16,5,5,-9,-10,8,2,17,12,True
10,GRAVITY_HOME_DOG,13,15,9,6,-6,-9,13,9,19,18,True
12,GRAVITY_AWAY_DOG,9,16,13,6,-5,-9,15,11,20,20,True
14,GRAVITY_AWAY_DOG,9,14,15,11,-5,-12,16,8,21,20,True
15,GRAVITY_HOME_DOG,14,7,11,19,-13,5,9,21,22,16,True
16,GRAVITY_HOME_DOG,14,3,11,27,-14,12,10,31,24,19,False
18,GRAVITY_AWAY_DOG,11,16,19,10,-2,-10,26,18,28,28,True
19,GRAVITY_HOME_DOG,14,11,15,20,-13,-2,9,26,22,28,True
21,GRAVITY_AWAY_DOG,9,14,24,18,-4,-15,22,21,26,36,True
22,GRAVITY_HOME_DOG,14,16,18,14,-19,-11,22,20,41,31,True
23,GRAVITY_AWAY_DOG,4,14,39,18,13,-20,36,24,23,44,True
24,GRAVITY_HOME_DOG,14,16,18,17,-22,-19,24,16,46,35,True
25,GRAVITY_AWAY_DOG,10,13,28,19,-7,-17,28,17,35,34,True
26,GRAVITY_HOME_DOG,13,16,19,17,-19,-16,17,25,36,41,True
27,GRAVITY_AWAY_DOG,4,16,48,19,19,-20,43,18,24,38,True
28,GRAVITY_HOME_DOG,16,13,19,24,-21,-15,19,24,40,39,True
8,GRAVITY_HOME_DOG,16,5,2,11,-9,3,4,11,13,8,False
9,GRAVITY_AWAY_DOG,13,16,7,4,-6,-12,4,5,10,17,True
10,GRAVITY_HOME_DOG,16,7,4,12,-14,2,6,14,20,12,True
11,GRAVITY_AWAY_DOG,14,16,8,4,-10,-15,9,8,19,23,True
11,GRAVITY_HOME_DOG,13,15,8,7,-4,-6,11,7,15,13,False
12,GRAVITY_HOME_DOG,16,6,4,18,-16,2,8,17,24,15,False
13,CRUSHER_HOME_FAV,4,15,23,7,8,-11,18,8,10,19,False
16,GRAVITY_AWAY_DOG,9,14,20,14,0,-20,21,14,21,34,False
22,GRAVITY_HOME_DOG,16,3,15,42,-27,13,21,39,48,26,True
14,GRAVITY_AWAY_DOG,3,16,24,6,8,-14,21,11,13,25,True
15,GRAVITY_AWAY_DOG,4,16,26,6,11,-16,25,12,14,28,True
16,GRAVITY_AWAY_DOG,6,16,25,6,0,-17,18,12,18,29,True
7,GRAVITY_HOME_DOG,15,2,3,13,-9,6,3,14,12,8,False
13,GRAVITY_HOME_DOG,15,3,9,21,-10,4,10,18,20,14,True
14,GRAVITY_AWAY_DOG,4,16,23,9,7,-11,22,11,15,22,True
15,GRAVITY_HOME_DOG,16,13,9,14,-14,-6,11,16,25,22,False
21,GRAVITY_AWAY_DOG,3,16,36,15,5,-19,32,14,27,33,False
30,GRAVITY_AWAY_DOG,7,16,44,23,3,-24,34,24,31,48,False
7,GRAVITY_HOME_DOG,16,2,1,15,-6,8,4,12,10,4,True
8,GRAVITY_AWAY_DOG,14,16,6,1,-4,-7,10,4,14,11,True
8,GRAVITY_HOME_DOG,15,4,6,13,-7,3,7,12,14,9,True
12,GRAVITY_AWAY_DOG,5,15,17,9,6,-4,20,13,14,17,True
13,GRAVITY_HOME_DOG,15,7,9,20,-5,4,14,14,19,10,True
14,GRAVITY_AWAY_DOG,6,15,23,9,2,-6,20,14,18,20,True
15,GRAVITY_HOME_DOG,15,5,9,24,-7,6,16,19,23,13,True
16,GRAVITY_HOME_DOG,13,14,14,12,-9,-12,16,15,25,27,False
20,GRAVITY_HOME_DOG,13,12,19,20,-7,-25,28,14,35,39,False
21,CRUSHER_AWAY_FAV,14,2,20,41,-26,15,15,36,41,21,False
28,GRAVITY_HOME_DOG,15,14,25,26,-33,-7,20,32,53,39,False
7,CRUSHER_AWAY_FAV,13,3,5,13,-1,6,9,12,10,6,True
8,GRAVITY_AWAY_DOG,13,14,6,5,-6,-4,4,9,10,13,True
9,GRAVITY_HOME_DOG,15,3,5,18,-6,5,9,15,15,10,True
10,GRAVITY_AWAY_DOG,13,16,9,5,-6,-9,4,9,10,18,True
11,GRAVITY_HOME_DOG,16,9,5,14,-10,-1,9,9,19,10,False
17,GRAVITY_AWAY_DOG,3,14,29,15,9,-5,27,13,18,18,True
18,GRAVITY_HOME_DOG,14,7,15,25,-10,1,13,17,23,16,True
18,CRUSHER_AWAY_FAV,15,3,11,32,-9,14,10,32,19,18,False
19,GRAVITY_AWAY_DOG,11,14,20,15,-6,-12,22,13,28,25,True
21,GRAVITY_HOME_DOG,14,9,20,23,-9,-5,16,24,25,29,True
22,GRAVITY_AWAY_DOG,15,14,19,20,-12,-10,14,16,26,26,True
23,GRAVITY_HOME_DOG,15,11,20,23,-11,-5,17,20,28,25,True
23,GRAVITY_AWAY_DOG,16,14,17,21,-23,-19,14,19,37,38,True
24,GRAVITY_AWAY_DOG,14,15,22,20,-19,-12,20,18,39,30,False
13,GRAVITY_AWAY_DOG,11,14,14,10,-1,-12,12,10,13,22,False
18,GRAVITY_HOME_DOG,15,16,13,9,-15,-15,17,16,32,31,False
27,GRAVITY_HOME_DOG,16,15,14,23,-21,-19,20,18,41,37,True
29,CRUSHER_AWAY_FAV,15,2,24,54,-14,21,27,48,41,27,True
30,GRAVITY_AWAY_DOG,5,15,49,24,9,-15,42,28,33,43,True
9,GRAVITY_AWAY_DOG,12,16,8,1,-1,-13,9,3,10,16,True
10,GRAVITY_HOME_DOG,16,4,1,17,-14,5,4,20,18,15,False
11,GRAVITY_AWAY_DOG,15,16,4,2,-12,-14,6,6,18,20,True
17,GRAVITY_HOME_DOG,16,12,7,15,-19,-6,10,15,29,21,False
19,GRAVITY_AWAY_DOG,13,15,13,9,-11,-24,9,14,20,38,True
20,GRAVITY_HOME_DOG,15,12,9,19,-25,-6,14,18,39,24,True
21,GRAVITY_AWAY_DOG,3,16,40,7,16,-24,30,10,14,34,False
29,GRAVITY_AWAY_DOG,5,13,48,25,11,-18,45,19,34,37,False
20,GRAVITY_HOME_DOG,15,9,13,22,-21,-4,13,21,34,25,True
21,GRAVITY_HOME_DOG,13,15,17,14,-12,-21,22,13,34,34,False
26,GRAVITY_AWAY_DOG,4,13,50,22,15,-22,39,30,24,52,True
27,GRAVITY_HOME_DOG,14,1,22,59,-23,39,30,54,53,15,True
28,GRAVITY_AWAY_DOG,10,15,30,22,-17,-24,29,31,46,55,False
14,GRAVITY_AWAY_DOG,12,15,13,10,-11,-9,12,8,23,17,True
20,GRAVITY_AWAY_DOG,12,15,18,15,-15,-22,24,15,39,37,True
21,GRAVITY_HOME_DOG,15,11,15,21,-23,-8,16,18,39,26,False
27,GRAVITY_AWAY_DOG,14,13,24,25,-17,-21,22,29,39,50,True
28,GRAVITY_HOME_DOG,14,9,25,31,-22,-6,31,30,53,36,True
6,GRAVITY_HOME_DOG,16,15,1,1,-9,-5,3,1,12,6,True
7,GRAVITY_AWAY_DOG,9,16,8,1,-1,-10,9,4,10,14,True
8,GRAVITY_HOME_DOG,16,15,1,4,-15,-6,5,2,20,8,False
11,GRAVITY_AWAY_DOG,10,14,14,8,0,-5,7,8,7,13,False
14,GRAVITY_AWAY_DOG,8,13,20,14,2,-5,16,8,14,13,True
15,GRAVITY_HOME_DOG,13,14,14,10,-7,-10,8,10,15,20,False
25,GRAVITY_AWAY_DOG,5,16,38,12,13,-30,38,19,25,49,True
26,GRAVITY_HOME_DOG,16,6,12,41,-32,3,20,31,52,28,True
27,GRAVITY_AWAY_DOG,9,16,36,12,-3,-33,36,21,39,54,True
28,GRAVITY_HOME_DOG,16,12,12,30,-34,-15,21,25,55,40,True
14,GRAVITY_HOME_DOG,15,8,9,19,-16,2,11,18,27,16,True
15,GRAVITY_AWAY_DOG,10,15,15,9,-10,-19,11,11,21,30,True
16,GRAVITY_AWAY_DOG,9,15,22,9,-7,-20,13,11,20,31,True
17,GRAVITY_HOME_DOG,16,9,9,24,-21,2,11,18,32,16,True
17,CRUSHER_HOME_FAV,3,14,29,13,9,-9,22,17,13,26,True
18,GRAVITY_HOME_DOG,14,16,13,10,-10,-21,17,12,27,33,False
26,GRAVITY_AWAY_DOG,16,15,15,20,-33,-8,20,23,53,31,True
27,GRAVITY_HOME_DOG,15,14,20,21,-9,-16,24,21,33,37,True
28,GRAVITY_AWAY_DOG,1,15,59,20,39,-11,60,24,21,35,True
29,GRAVITY_HOME_DOG,15,7,20,40,-13,11,24,47,37,36,True
11,GRAVITY_AWAY_DOG,9,16,12,6,1,-11,17,6,16,17,True
12,GRAVITY_HOME_DOG,16,12,6,12,-13,3,8,16,21,13,True
16,GRAVITY_HOME_DOG,13,8,15,22,-6,6,14,22,20,16,True
17,GRAVITY_AWAY_DOG,14,13,15,15,-12,-8,6,15,18,23,False
25,GRAVITY_AWAY_DOG,1,16,56,17,27,-21,39,9,12,30,True
26,GRAVITY_HOME_DOG,16,13,17,28,-24,-8,9,27,33,35,True
30,GRAVITY_HOME_DOG,16,10,22,36,-26,-4,26,32,52,36,True
6,GRAVITY_HOME_DOG,15,2,1,11,-5,3,2,7,7,4,True
12,GRAVITY_AWAY_DOG,11,13,12,10,6,-7,20,8,14,15,False
21,GRAVITY_AWAY_DOG,7,16,32,13,1,-13,25,13,24,26,True
22,GRAVITY_HOME_DOG,14,13,18,24,-14,-18,23,19,37,37,False
22,GRAVITY_AWAY_DOG,12,16,25,13,-6,-15,22,13,28,28,True
23,GRAVITY_HOME_DOG,16,8,13,32,-18,8,13,31,31,23,True
24,GRAVITY_AWAY_DOG,2,16,41,13,15,-20,43,13,28,33,True
25,GRAVITY_HOME_DOG,16,7,13,37,-23,2,13,27,36,25,False
27,GRAVITY_AWAY_DOG,5,14,44,21,15,-16,40,28,25,44,True
28,GRAVITY_HOME_DOG,15,3,21,48,-18,18,28,49,46,31,True
6,GRAVITY_HOME_DOG,13,11,3,6,-5,2,4,10,9,8,True
7,GRAVITY_AWAY_DOG,4,14,12,3,4,-7,9,4,5,11,True
8,GRAVITY_HOME_DOG,15,14,3,3,-8,-7,4,3,12,10,True
9,GRAVITY_AWAY_DOG,2,15,16,3,12,-10,18,4,6,14,True
10,GRAVITY_HOME_DOG,15,1,3,20,-11,10,4,18,15,8,True
11,GRAVITY_AWAY_DOG,13,16,8,3,-11,-12,7,5,18,17,True
12,GRAVITY_HOME_DOG,16,3,3,21,-14,6,7,15,21,9,True
13,GRAVITY_AWAY_DOG,6,16,21,3,2,-17,18,8,16,25,True
14,GRAVITY_HOME_DOG,16,11,3,17,-19,0,9,17,28,17,False
16,GRAVITY_AWAY_DOG,14,13,15,16,-12,-12,15,13,27,25,True
18,GRAVITY_AWAY_DOG,8,13,27,17,3,-4,20,18,17,22,True
19,GRAVITY_HOME_DOG,13,15,17,10,-5,-24,18,10,23,34,True
21,GRAVITY_HOME_DOG,14,4,16,37,-21,17,19,35,40,18,True
9,GRAVITY_AWAY_DOG,8,16,10,4,-1,-9,6,7,7,16,True
9,GRAVITY_HOME_DOG,15,7,4,11,-6,1,6,7,12,6,True
12,GRAVITY_AWAY_DOG,1,15,25,7,16,-12,22,7,6,19,False
14,GRAVITY_AWAY_DOG,13,16,12,5,-12,-14,9,8,21,22,True
15,GRAVITY_AWAY_DOG,10,14,16,11,-7,-8,16,12,23,20,True
15,GRAVITY_HOME_DOG,16,4,5,27,-16,15,8,25,24,10,True
16,GRAVITY_AWAY_DOG,9,13,17,15,-7,-4,17,14,24,18,True
20,GRAVITY_AWAY_DOG,10,16,22,6,-3,-26,21,12,24,38,True
21,GRAVITY_HOME_DOG,14,11,17,23,-15,-8,14,20,29,28,True
22,GRAVITY_AWAY_DOG,9,14,26,17,0,-18,24,14,24,32,True
23,GRAVITY_HOME_DOG,14,5,17,40,-19,18,14,35,33,17,True
24,GRAVITY_AWAY_DOG,5,15,41,17,20,-21,39,14,19,35,False
25,GRAVITY_HOME_DOG,16,2,7,46,-34,22,17,39,51,17,True
7,GRAVITY_AWAY_DOG,3,15,13,3,7,-8,13,3,6,11,True
12,GRAVITY_AWAY_DOG,12,15,13,6,-8,-9,12,7,20,16,True
13,GRAVITY_HOME_DOG,15,1,6,30,-10,26,8,33,18,7,True
14,GRAVITY_AWAY_DOG,5,16,23,6,5,-11,20,8,15,19,True
15,GRAVITY_HOME_DOG,16,5,6,24,-12,2,8,25,20,23,True
18,GRAVITY_HOME_DOG,15,3,10,35,-19,11,13,26,32,15,True
19,GRAVITY_AWAY_DOG,6,16,26,10,-2,-20,25,14,27,34,True
20,GRAVITY_HOME_DOG,16,15,10,14,-22,-12,14,14,36,26,True
27,GRAVITY_AWAY_DOG,15,13,25,27,-15,-23,21,28,36,51,True
28,GRAVITY_HOME_DOG,14,9,27,35,-25,3,29,32,54,29,True
29,GRAVITY_AWAY_DOG,6,15,38,27,5,-26,36,30,31,56,True
30,GRAVITY_HOME_DOG,15,10,27,37,-30,-12,30,38,60,50,False
6,GRAVITY_AWAY_DOG,1,15,15,1,12,-5,15,1,3,6,True
7,GRAVITY_HOME_DOG,15,11,1,7,-6,-2,1,6,7,8,True
12,CRUSHER_HOME_FAV,2,13,25,7,13,-9,26,9,13,18,True
13,GRAVITY_HOME_DOG,15,8,7,18,-11,-2,9,14,20,16,False
28,GRAVITY_AWAY_DOG,11,15,31,21,-16,-20,27,22,43,42,True
29,GRAVITY_HOME_DOG,15,6,21,48,-23,0,22,37,45,37,True
30,GRAVITY_AWAY_DOG,8,16,39,21,2,-24,43,23,41,47,True
12,GRAVITY_HOME_DOG,16,8,7,14,-11,2,7,13,18,11,False
12,GRAVITY_AWAY_DOG,6,15,17,10,2,-11,12,10,10,21,True
15,GRAVITY_HOME_DOG,15,6,12,22,-12,5,22,19,34,14,True
16,GRAVITY_HOME_DOG,15,12,12,17,-13,-5,23,20,36,25,True
17,GRAVITY_AWAY_DOG,14,16,14,12,-9,-16,14,23,23,39,False
24,GRAVITY_HOME_DOG,15,13,21,24,-24,-11,29,21,53,32,False
25,GRAVITY_HOME_DOG,13,4,24,43,-12,11,21,38,33,27,True
26,GRAVITY_AWAY_DOG,11,15,27,24,-10,-14,25,22,35,36,True
27,GRAVITY_HOME_DOG,15,4,24,48,-16,22,22,46,38,24,False
15,GRAVITY_HOME_DOG,14,15,12,9,-16,-10,13,20,29,30,True
26,GRAVITY_AWAY_DOG,12,14,27,22,-17,-22,28,20,45,42,True
24,GRAVITY_AWAY_DOG,11,16,27,14,0,-24,36,13,36,37,True
25,GRAVITY_HOME_DOG,16,7,14,36,-25,1,14,22,39,21,True
27,GRAVITY_AWAY_DOG,3,15,48,23,14,-16,39,24,25,40,True
28,GRAVITY_HOME_DOG,15,13,23,28,-22,-14,24,27,46,41,True
15,GRAVITY_AWAY_DOG,16,15,10,11,-11,-12,15,16,26,28,True
16,GRAVITY_HOME_DOG,16,12,11,17,-14,-10,17,19,31,29,False
18,GRAVITY_AWAY_DOG,4,13,27,17,10,-14,30,20,20,34,True
19,GRAVITY_HOME_DOG,14,1,17,35,-15,15,22,32,37,17,True
20,GRAVITY_AWAY_DOG,8,15,27,17,-1,-18,23,22,24,40,True
6,GRAVITY_HOME_DOG,16,13,1,4,-9,-5,3,5,12,10,False
10,CRUSHER_AWAY_FAV,15,2,4,22,-13,7,5,11,18,4,True
11,GRAVITY_AWAY_DOG,15,16,4,4,-10,-14,6,6,16,20,True
12,GRAVITY_HOME_DOG,16,5,4,18,-17,6,6,18,23,12,True
13,GRAVITY_AWAY_DOG,6,16,21,4,4,-18,18,7,14,25,False
15,GRAVITY_HOME_DOG,14,12,9,12,-10,-12,12,14,22,26,True
20,GRAVITY_AWAY_DOG,15,16,11,10,-13,-27,15,12,28,39,True
21,GRAVITY_HOME_DOG,16,13,10,16,-28,-23,13,19,41,42,True
29,GRAVITY_HOME_DOG,15,2,16,59,-24,20,25,47,49,27,True
30,GRAVITY_AWAY_DOG,16,15,16,16,-40,-26,17,25,57,51,True
7,GRAVITY_HOME_DOG,13,16,6,2,-5,-9,5,8,10,17,False
13,CRUSHER_HOME_FAV,3,16,22,6,9,-14,19,16,10,30,True
14,CRUSHER_AWAY_FAV,14,3,13,25,-8,12,17,22,25,10,True
14,GRAVITY_HOME_DOG,16,12,6,15,-17,-6,16,7,33,13,True
15,GRAVITY_AWAY_DOG,12,13,16,13,-6,-9,8,18,14,27,False
19,GRAVITY_AWAY_DOG,9,14,24,16,2,-13,23,11,21,24,False
21,CRUSHER_HOME_FAV,4,14,37,17,9,-15,31,26,22,41,False
21,GRAVITY_HOME_DOG,13,12,17,22,-15,-10,8,14,23,24,True
7,GRAVITY_AWAY_DOG,11,15,8,3,2,-7,8,8,6,15,True
12,GRAVITY_HOME_DOG,16,5,4,18,-14,4,11,14,25,10,True
13,GRAVITY_AWAY_DOG,6,16,20,4,2,-15,18,11,16,26,True
14,GRAVITY_HOME_DOG,13,5,14,21,-8,4,11,15,19,11,False
16,GRAVITY_AWAY_DOG,15,14,10,13,-20,-6,17,16,37,22,True
17,GRAVITY_HOME_DOG,14,4,13,30,-8,13,17,29,25,16,False
19,GRAVITY_HOME_DOG,13,7,17,28,-13,4,14,28,27,24,True
22,GRAVITY_HOME_DOG,16,15,8,16,-26,-21,17,19,43,40,False
23,GRAVITY_HOME_DOG,15,12,16,25,-22,-27,20,26,42,53,True
24,GRAVITY_AWAY_DOG,13,15,23,16,-14,-27,20,20,34,47,True
25,GRAVITY_HOME_DOG,16,8,16,36,-29,7,20,43,49,36,True
26,GRAVITY_AWAY_DOG,6,16,41,16,17,-30,41,21,24,51,True
7,GRAVITY_HOME_DOG,15,1,1,18,-7,8,4,11,11,3,True
8,GRAVITY_AWAY_DOG,12,16,7,1,-4,-8,4,4,8,12,False
9,GRAVITY_AWAY_DOG,14,16,4,4,-7,-10,5,4,12,14,False
18,GRAVITY_AWAY_DOG,12,16,19,10,-7,-21,13,11,20,32,True
19,GRAVITY_HOME_DOG,16,5,10,32,-18,8,12,29,30,21,True
20,GRAVITY_AWAY_DOG,6,16,31,10,14,-19,27,12,13,31,True
20,CRUSHER_HOME_FAV,1,13,48,17,22,-10,34,16,12,26,True
21,GRAVITY_HOME_DOG,13,11,17,24,-12,-5,16,18,28,23,True
21,GRAVITY_HOME_DOG,16,1,10,51,-23,24,12,36,35,12,True
22,GRAVITY_AWAY_DOG,15,13,12,17,-27,-13,13,18,40,31,True
22,GRAVITY_AWAY_DOG,10,16,27,10,-4,-25,21,13,25,38,True
23,GRAVITY_HOME_DOG,16,15,10,13,-26,-27,14,13,40,40,True
24,GRAVITY_AWAY_DOG,2,16,47,10,23,-27,55,15,32,42,True
25,GRAVITY_HOME_DOG,16,12,10,28,-32,-9,15,24,47,33,True
27,GRAVITY_AWAY_DOG,14,15,20,18,-19,-21,21,19,40,40,True
28,GRAVITY_HOME_DOG,15,5,18,46,-23,9,19,44,42,35,True
29,GRAVITY_AWAY_DOG,10,15,38,18,-10,-26,30,19,40,45,False
11,GRAVITY_AWAY_DOG,10,14,13,10,-5,-7,6,9,11,16,True
14,GRAVITY_AWAY_DOG,6,15,22,9,5,-9,19,10,14,19,True
15,GRAVITY_HOME_DOG,15,11,9,18,-11,-1,10,18,21,19,True
16,GRAVITY_AWAY_DOG,15,14,11,13,-17,-15,15,7,32,22,True
17,GRAVITY_HOME_DOG,15,3,13,28,-16,3,7,21,23,18,True
18,GRAVITY_AWAY_DOG,7,15,26,13,5,-18,18,7,13,25,False
20,GRAVITY_HOME_DOG,16,10,10,25,-23,1,12,21,35,20,True
23,GRAVITY_AWAY_DOG,6,15,34,18,1,-12,22,19,21,31,True
24,GRAVITY_HOME_DOG,15,16,18,12,-13,-26,19,13,32,39,True
25,GRAVITY_AWAY_DOG,9,15,33,18,15,-16,49,19,34,35,True
26,GRAVITY_HOME_DOG,15,11,18,33,-19,-1,19,31,38,32,False
12,GRAVITY_AWAY_DOG,9,13,15,10,-2,-2,13,13,15,15,True
22,GRAVITY_HOME_DOG,15,5,18,36,-9,19,20,38,29,19,True
22,CRUSHER_AWAY_FAV,14,1,21,43,-13,23,18,44,31,21,True
23,GRAVITY_AWAY_DOG,7,14,33,21,1,-14,37,19,36,33,True
24,GRAVITY_HOME_DOG,14,3,21,40,-15,20,21,40,36,20,False
8,GRAVITY_HOME_DOG,15,11,4,8,-11,0,8,5,19,5,True
10,GRAVITY_HOME_DOG,13,10,8,11,-9,4,5,13,14,9,True
12,GRAVITY_HOME_DOG,13,11,11,14,-8,-4,11,7,19,11,False
13,GRAVITY_AWAY_DOG,15,16,6,5,-16,-19,11,11,27,30,False
15,GRAVITY_HOME_DOG,14,1,14,34,-10,15,7,36,17,21,True
15,GRAVITY_HOME_DOG,16,11,6,17,-19,-7,12,14,31,21,False
16,GRAVITY_HOME_DOG,14,2,14,33,-11,13,9,34,20,21,False
19,GRAVITY_AWAY_DOG,12,15,21,16,1,-15,23,9,22,24,True
23,GRAVITY_AWAY_DOG,8,15,32,18,3,-23,24,23,21,46,True
7,GRAVITY_HOME_DOG,15,13,2,5,-6,-6,0,5,6,11,True
8,GRAVITY_AWAY_DOG,1,16,16,2,7,-9,13,0,6,9,True
16,GRAVITY_AWAY_DOG,6,15,26,11,1,-16,21,19,20,35,True
17,GRAVITY_HOME_DOG,15,12,11,16,-17,-12,19,19,36,31,True
20,GRAVITY_HOME_DOG,15,16,12,12,-17,-22,15,22,32,44,True
20,GRAVITY_HOME_DOG,13,2,17,40,-11,16,27,36,38,20,True
21,GRAVITY_AWAY_DOG,3,13,35,17,17,-14,35,27,18,41,True
21,GRAVITY_AWAY_DOG,6,16,32,12,6,-18,26,17,20,35,True
22,GRAVITY_HOME_DOG,16,7,12,34,-23,2,17,27,40,25,False
25,GRAVITY_HOME_DOG,16,2,15,45,-29,15,25,40,54,25,False
7,GRAVITY_AWAY_DOG,11,15,7,3,-4,-6,7,6,11,12,True
8,GRAVITY_HOME_DOG,16,8,3,10,-7,0,7,6,14,6,True
9,GRAVITY_AWAY_DOG,14,16,6,3,-5,-9,8,9,13,18,False
21,GRAVITY_AWAY_DOG,4,16,34,10,7,-23,25,15,18,38,True
22,GRAVITY_HOME_DOG,16,11,10,28,-29,-7,15,26,44,33,True
23,GRAVITY_AWAY_DOG,1,16,44,10,19,-31,41,16,22,47,True
24,GRAVITY_HOME_DOG,16,13,10,21,-33,-9,16,20,49,29,True
10,GRAVITY_AWAY_DOG,12,14,11,7,-5,-6,5,8,10,14,True
11,GRAVITY_HOME_DOG,15,4,7,17,-8,2,8,13,16,11,True
18,GRAVITY_AWAY_DOG,5,16,27,13,7,-18,24,17,17,35,True
19,GRAVITY_HOME_DOG,16,15,13,14,-19,-15,18,18,37,33,True
30,GRAVITY_AWAY_DOG,11,13,35,33,-3,-16,31,30,34,46,True
6,GRAVITY_AWAY_DOG,16,15,1,1,-10,-7,2,3,12,10,True
10,GRAVITY_AWAY_DOG,8,16,14,2,1,-13,14,2,13,15,True
10,GRAVITY_AWAY_DOG,4,14,18,6,7,-5,14,7,7,12,True
11,GRAVITY_AWAY_DOG,13,16,7,2,-9,-14,8,2,17,16,True
11,GRAVITY_HOME_DOG,14,10,6,14,-6,2,8,11,14,9,True
12,GRAVITY_HOME_DOG,16,15,2,6,-15,-7,2,8,17,15,False
13,GRAVITY_HOME_DOG,15,11,6,13,-11,-7,8,10,19,17,True
14,GRAVITY_AWAY_DOG,9,15,20,6,0,-13,19,8,19,21,True
14,GRAVITY_AWAY_DOG,4,14,24,10,8,-13,20,15,12,28,True
15,GRAVITY_HOME_DOG,14,9,10,20,-14,0,15,16,29,16,True
15,GRAVITY_AWAY_DOG,1,16,33,6,13,-14,28,8,15,22,True
16,GRAVITY_AWAY_DOG,13,16,13,6,-9,-16,16,9,25,25,True
19,GRAVITY_HOME_DOG,15,11,8,22,-20,-5,11,23,31,28,False
21,GRAVITY_HOME_DOG,16,11,7,23,-25,-6,11,25,36,31,False
24,GRAVITY_AWAY_DOG,7,16,36,11,3,-27,26,13,23,40,True
24,GRAVITY_AWAY_DOG,13,14,25,17,-11,-19,25,22,36,41,False
25,GRAVITY_HOME_DOG,16,9,11,32,-28,-3,13,29,41,32,True
26,GRAVITY_HOME_DOG,16,11,11,27,-31,-11,13,22,44,33,True
27,GRAVITY_AWAY_DOG,15,16,12,11,-27,-33,16,13,43,46,True
28,GRAVITY_AWAY_DOG,9,13,38,26,0,-13,34,32,34,45,True
28,GRAVITY_HOME_DOG,16,1,11,65,-36,31,13,57,49,26,False
29,GRAVITY_HOME_DOG,13,12,26,31,-14,-18,33,29,47,47,True
30,GRAVITY_AWAY_DOG,2,13,60,26,23,-15,49,34,26,49,True
15,GRAVITY_HOME_DOG,16,8,10,18,-14,-5,12,17,26,22,True
16,GRAVITY_HOME_DOG,16,7,10,21,-16,4,13,22,29,18,True
17,GRAVITY_AWAY_DOG,2,16,30,10,11,-20,22,13,11,33,True
18,GRAVITY_HOME_DOG,16,6,10,27,-24,1,13,22,37,21,True
19,GRAVITY_AWAY_DOG,1,16,40,10,16,-25,28,15,12,40,True
8,GRAVITY_HOME_DOG,14,16,4,2,-10,-9,5,3,15,12,True
9,GRAVITY_AWAY_DOG,3,15,15,4,1,-11,10,5,9,16,True
10,GRAVITY_HOME_DOG,16,1,4,18,-12,9,6,17,18,8,False
23,GRAVITY_AWAY_DOG,8,15,30,19,7,-19,35,24,28,43,True
24,GRAVITY_HOME_DOG,16,5,19,39,-21,8,26,34,47,26,True
25,GRAVITY_AWAY_DOG,14,16,25,19,-7,-22,18,27,25,49,True
28,CRUSHER_AWAY_FAV,15,1,22,53,-20,11,29,41,49,30,True
29,GRAVITY_AWAY_DOG,4,16,45,22,23,-21,52,30,29,51,True
6,GRAVITY_HOME_DOG,14,13,3,5,-7,-5,6,3,13,8,True
12,GRAVITY_AWAY_DOG,15,16,9,9,-6,-7,15,11,21,18,True
13,GRAVITY_AWAY_DOG,14,16,11,9,-6,-8,10,11,16,19,True
14,GRAVITY_HOME_DOG,16,9,9,18,-10,-3,11,15,21,18,True
15,GRAVITY_AWAY_DOG,12,16,15,9,-6,-13,14,11,20,24,False
18,GRAVITY_AWAY_DOG,12,15,17,15,-9,-9,19,15,28,24,False
20,GRAVITY_HOME_DOG,14,15,19,16,-10,-16,31,12,41,28,False
22,GRAVITY_AWAY_DOG,14,15,20,16,-6,-19,22,13,28,32,True
23,GRAVITY_HOME_DOG,15,12,16,23,-20,-10,14,27,34,37,True
24,GRAVITY_HOME_DOG,16,8,16,35,-21,6,14,28,35,22,True
16,GRAVITY_AWAY_DOG,6,16,25,6,1,-15,17,9,16,24,False
23,GRAVITY_AWAY_DOG,1,15,42,16,21,-13,42,22,21,35,True
24,GRAVITY_HOME_DOG,15,4,16,40,-15,4,23,30,38,26,False
8,GRAVITY_AWAY_DOG,7,15,10,4,0,-6,10,8,10,14,False
14,GRAVITY_HOME_DOG,13,11,10,16,-8,-1,11,20,19,21,False
23,GRAVITY_AWAY_DOG,4,16,39,12,14,-28,39,12,25,40,True
24,GRAVITY_HOME_DOG,16,8,12,32,-29,-5,13,36,42,41,False
27,GRAVITY_HOME_DOG,14,11,21,31,-17,-5,26,34,43,39,False
28,GRAVITY_HOME_DOG,15,8,20,36,-14,2,23,39,37,37,True
29,GRAVITY_AWAY_DOG,14,16,24,15,-17,-33,28,16,45,49,True
30,GRAVITY_AWAY_DOG,16,13,16,31,-33,-17,17,36,50,53,False
6,GRAVITY_HOME_DOG,15,1,3,15,-7,10,2,11,9,1,True
7,GRAVITY_AWAY_DOG,16,15,1,3,-10,-8,3,2,13,10,False
9,GRAVITY_HOME_DOG,16,9,1,11,-13,-2,5,9,18,11,True
10,GRAVITY_AWAY_DOG,8,14,13,7,0,-9,9,5,9,14,False
10,GRAVITY_AWAY_DOG,3,16,20,1,7,-14,13,6,6,20,True
11,GRAVITY_HOME_DOG,16,7,1,15,-18,-2,6,13,24,15,False
12,GRAVITY_AWAY_DOG,4,15,19,6,7,-14,15,6,8,20,True
12,GRAVITY_HOME_DOG,13,1,13,27,-2,14,11,20,13,6,True
13,GRAVITY_HOME_DOG,15,8,6,18,-16,-1,6,13,22,14,True
13,GRAVITY_AWAY_DOG,16,13,4,13,-19,-3,9,13,28,16,True
14,GRAVITY_HOME_DOG,14,6,13,21,-4,7,16,18,20,11,True
14,GRAVITY_AWAY_DOG,3,16,24,6,5,-19,19,7,14,26,True
15,GRAVITY_HOME_DOG,16,11,6,16,-20,-9,8,16,28,25,False
15,GRAVITY_AWAY_DOG,7,14,21,13,0,-6,21,16,21,22,True
16,GRAVITY_AWAY_DOG,4,14,28,13,7,-10,24,17,17,27,True
17,GRAVITY_HOME_DOG,14,16,13,10,-15,-19,17,10,32,29,True
18,GRAVITY_AWAY_DOG,7,14,29,13,8,-16,24,17,16,33,True
18,GRAVITY_AWAY_DOG,3,13,33,16,12,-13,30,17,18,30,False
19,GRAVITY_HOME_DOG,15,4,13,33,-20,5,17,24,37,19,False
21,GRAVITY_HOME_DOG,16,7,13,33,-24,9,23,31,47,22,True
22,GRAVITY_AWAY_DOG,15,16,17,13,-17,-25,19,23,36,48,True
30,GRAVITY_HOME_DOG,14,8,27,46,-13,9,21,43,34,34,True
15,GRAVITY_HOME_DOG,15,14,9,14,-16,-4,10,15,26,19,True
16,GRAVITY_HOME_DOG,15,3,9,27,-18,8,10,22,28,14,False
18,GRAVITY_HOME_DOG,13,5,18,27,-6,8,13,27,19,19,True
19,GRAVITY_AWAY_DOG,4,14,31,15,8,-12,26,16,18,28,True
26,GRAVITY_HOME_DOG,15,9,23,31,-9,-10,29,29,38,39,True
27,GRAVITY_AWAY_DOG,16,15,16,23,-28,-10,19,32,47,42,False
29,GRAVITY_HOME_DOG,16,5,16,44,-31,9,20,41,51,32,True
30,GRAVITY_AWAY_DOG,9,16,38,16,-10,-33,36,20,46,53,True
6,GRAVITY_HOME_DOG,14,10,3,7,-6,-1,3,6,9,7,True
7,GRAVITY_AWAY_DOG,13,14,6,3,-5,-8,6,3,11,11,False
10,GRAVITY_AWAY_DOG,13,15,7,6,-9,-12,8,8,17,20,True
11,GRAVITY_HOME_DOG,15,9,6,15,-13,-2,9,12,22,14,True
12,GRAVITY_AWAY_DOG,16,15,5,6,-8,-16,8,10,16,26,False
14,GRAVITY_HOME_DOG,13,14,12,12,-10,-14,13,13,23,27,False
18,GRAVITY_AWAY_DOG,11,15,22,12,-7,-20,22,14,29,34,False
8,GRAVITY_AWAY_DOG,16,13,1,6,-15,-8,4,6,19,14,True
9,GRAVITY_HOME_DOG,13,10,6,7,-9,-2,7,6,16,8,False
23,GRAVITY_AWAY_DOG,12,15,25,19,-17,-29,19,15,36,44,True
25,GRAVITY_AWAY_DOG,11,14,27,20,-9,-22,27,26,36,48,False
29,GRAVITY_HOME_DOG,13,5,27,46,-13,13,27,35,40,22,True
30,GRAVITY_AWAY_DOG,12,16,29,20,-23,-23,30,23,53,46,True
30,GRAVITY_AWAY_DOG,6,13,46,27,17,-14,51,27,34,41,True
8,GRAVITY_AWAY_DOG,8,15,10,4,0,-5,7,6,7,11,True
8,GRAVITY_HOME_DOG,14,16,5,1,-9,-10,2,2,11,12,False
9,GRAVITY_HOME_DOG,15,2,4,17,-10,6,6,12,16,6,True
10,GRAVITY_AWAY_DOG,16,15,1,4,-18,-12,2,6,20,18,True
12,GRAVITY_HOME_DOG,13,8,10,16,-11,3,11,15,22,12,True
13,GRAVITY_AWAY_DOG,12,14,10,10,-11,-14,8,11,19,25,True
20,GRAVITY_AWAY_DOG,8,16,26,5,6,-33,28,8,22,41,True
21,GRAVITY_HOME_DOG,16,5,5,36,-34,14,8,36,42,22,True
28,GRAVITY_HOME_DOG,15,3,23,48,-24,14,20,43,44,29,True
29,GRAVITY_AWAY_DOG,12,15,32,23,-11,-27,27,21,38,48,True
21,GRAVITY_HOME_DOG,15,16,18,15,-15,-18,18,14,33,32,True
22,GRAVITY_AWAY_DOG,11,15,25,18,-4,-16,22,18,26,34,True
26,GRAVITY_HOME_DOG,13,1,26,57,-14,29,25,52,39,23,True
27,GRAVITY_AWAY_DOG,16,14,22,26,-19,-18,23,25,42,43,True
6,GRAVITY_AWAY_DOG,13,14,4,3,-4,-5,10,6,14,11,True
7,GRAVITY_HOME_DOG,14,2,3,16,-7,7,7,8,14,1,True
8,GRAVITY_AWAY_DOG,1,15,17,2,7,-10,9,6,2,16,True
9,GRAVITY_HOME_DOG,15,14,2,4,-11,-10,6,8,17,18,False
11,GRAVITY_HOME_DOG,16,6,2,16,-19,3,7,13,26,10,True
12,GRAVITY_AWAY_DOG,11,16,13,2,-2,-20,18,7,20,27,True
13,GRAVITY_HOME_DOG,16,1,2,28,-24,10,8,15,32,5,True
20,GRAVITY_AWAY_DOG,8,15,27,12,2,-17,18,9,16,26,True
24,GRAVITY_AWAY_DOG,6,16,37,12,0,-40,28,19,28,59,True
6,GRAVITY_HOME_DOG,14,8,3,7,-5,-1,4,8,9,9,True
7,GRAVITY_AWAY_DOG,9,16,8,3,2,-6,7,4,5,10,True
8,GRAVITY_HOME_DOG,16,10,4,9,-10,-2,3,5,13,7,False
10,GRAVITY_HOME_DOG,16,7,5,12,-8,2,8,15,16,13,False
14,GRAVITY_AWAY_DOG,16,14,9,11,-8,-5,13,11,21,16,False
17,GRAVITY_HOME_DOG,16,3,9,30,-11,5,13,21,24,16,True
18,GRAVITY_AWAY_DOG,14,16,15,9,-14,-13,13,13,27,26,True
19,GRAVITY_HOME_DOG,16,12,9,19,-14,-5,14,20,28,25,False
26,GRAVITY_HOME_DOG,15,1,22,49,-17,15,23,38,40,23,True
6,GRAVITY_AWAY_DOG,13,16,4,1,-2,-11,2,1,4,12,True
7,GRAVITY_HOME_DOG,16,12,1,7,-12,-4,1,4,13,8,True
8,GRAVITY_AWAY_DOG,5,16,11,1,3,-13,11,1,8,14,True
9,GRAVITY_HOME_DOG,16,12,1,9,-15,-8,1,7,16,15,False
22,GRAVITY_AWAY_DOG,1,14,43,19,17,-15,43,14,26,29,True
23,GRAVITY_HOME_DOG,15,2,19,44,-20,20,14,40,34,20,False
25,GRAVITY_HOME_DOG,14,7,22,35,-11,4,23,30,34,26,True
26,GRAVITY_HOME_DOG,15,2,22,49,-13,18,23,40,36,22,True
27,GRAVITY_AWAY_DOG,11,15,30,22,-7,-18,28,23,35,41,True
9,GRAVITY_AWAY_DOG,11,15,9,4,-2,-9,9,4,11,13,True
9,GRAVITY_HOME_DOG,16,7,3,13,-8,2,4,10,12,8,True
10,GRAVITY_AWAY_DOG,14,16,7,3,-8,-9,6,4,14,13,False
10,GRAVITY_HOME_DOG,15,7,4,15,-10,2,4,11,14,9,True
8,GRAVITY_HOME_DOG,15,5,5,12,-4,3,4,10,8,7,False
9,GRAVITY_AWAY_DOG,3,16,15,5,6,-12,14,6,8,18,True
10,CRUSHER_AWAY_FAV,13,2,8,18,-5,7,7,16,12,9,True
10,GRAVITY_HOME_DOG,16,5,5,15,-13,2,7,13,20,11,False
11,GRAVITY_AWAY_DOG,7,15,15,8,1,-8,13,9,12,17,True
12,GRAVITY_HOME_DOG,16,9,8,11,-12,-1,9,13,21,14,False
14,GRAVITY_HOME_DOG,16,1,10,34,-13,17,12,25,25,8,True
15,GRAVITY_AWAY_DOG,3,16,27,10,11,-14,23,12,12,26,True
16,GRAVITY_AWAY_DOG,2,16,32,10,16,-15,29,12,13,27,True
17,GRAVITY_HOME_DOG,16,6,10,25,-16,2,12,20,28,18,True
18,GRAVITY_AWAY_DOG,10,16,20,10,1,-17,23,13,22,30,False
22,GRAVITY_HOME_DOG,13,2,20,42,-6,21,25,39,31,18,True
30,CRUSHER_HOME_FAV,3,14,57,26,20,-24,45,20,25,44,True
7,GRAVITY_AWAY_DOG,4,15,11,3,2,-8,13,4,11,12,True
7,GRAVITY_AWAY_DOG,16,14,2,3,-8,-8,5,6,13,14,False
8,GRAVITY_HOME_DOG,15,7,3,12,-10,5,5,13,15,8,True
9,GRAVITY_AWAY_DOG,14,16,5,3,-7,-13,9,5,16,18,True
10,GRAVITY_HOME_DOG,16,11,3,10,-16,1,5,14,21,13,True
11,GRAVITY_HOME_DOG,16,12,3,12,-18,-8,5,13,23,21,True
11,GRAVITY_AWAY_DOG,6,15,16,3,9,-12,20,6,11,18,True
12,GRAVITY_AWAY_DOG,14,16,11,3,-7,-21,11,5,18,26,False
12,GRAVITY_HOME_DOG,15,5,3,20,-15,2,6,18,21,16,True
16,GRAVITY_AWAY_DOG,14,13,15,16,-6,-8,19,18,25,26,False
17,GRAVITY_AWAY_DOG,16,15,5,6,-20,-30,9,7,29,37,True
18,GRAVITY_HOME_DOG,16,13,6,19,-31,-9,7,22,38,31,True
19,GRAVITY_AWAY_DOG,3,16,38,6,11,-32,32,7,21,39,True
20,GRAVITY_HOME_DOG,16,5,6,34,-33,17,8,38,41,21,True
21,GRAVITY_AWAY_DOG,8,16,28,6,-6,-35,28,8,34,43,True
22,GRAVITY_HOME_DOG,16,5,6,39,-36,14,9,39,45,25,True
22,GRAVITY_HOME_DOG,13,14,23,19,-17,-10,25,26,42,36,True
23,GRAVITY_AWAY_DOG,2,16,47,6,30,-38,50,9,20,47,True
23,GRAVITY_AWAY_DOG,15,13,12,23,-23,-18,13,26,36,44,True
24,GRAVITY_HOME_DOG,16,14,6,22,-42,-10,9,29,51,39,True
24,GRAVITY_HOME_DOG,13,7,23,34,-20,6,28,32,48,26,True
25,GRAVITY_AWAY_DOG,10,14,30,23,-8,-21,30,28,38,49,False
25,GRAVITY_AWAY_DOG,6,16,37,6,7,-43,33,9,26,52,True
26,GRAVITY_AWAY_DOG,13,16,26,6,-20,-45,29,9,49,54,False
14,GRAVITY_HOME_DOG,14,10,14,16,-11,-2,9,18,20,20,False
16,GRAVITY_AWAY_DOG,6,16,24,8,2,-17,23,11,21,28,True
17,GRAVITY_HOME_DOG,16,12,8,19,-21,-1,11,21,32,22,True
17,GRAVITY_HOME_DOG,14,6,14,26,-11,11,11,27,22,16,True
20,GRAVITY_HOME_DOG,14,16,18,9,-15,-25,11,13,26,38,True
21,GRAVITY_AWAY_DOG,7,14,30,18,2,-17,26,11,24,28,True
28,GRAVITY_HOME_DOG,16,9,19,39,-32,-9,22,31,54,40,True
29,GRAVITY_AWAY_DOG,2,16,57,19,26,-34,46,22,20,56,True
30,GRAVITY_HOME_DOG,15,4,25,49,-23,15,22,48,45,33,True
30,GRAVITY_HOME_DOG,16,6,19,45,-35,2,23,34,58,32,True
11,GRAVITY_AWAY_DOG,14,16,9,8,-5,-13,10,7,15,20,True
12,GRAVITY_HOME_DOG,16,1,8,31,-10,29,8,35,18,6,True
18,GRAVITY_HOME_DOG,14,6,16,26,-14,2,11,23,25,21,True
19,GRAVITY_HOME_DOG,16,2,13,31,-18,8,9,27,27,19,True
22,GRAVITY_AWAY_DOG,15,16,17,13,-18,-22,13,14,31,36,True
6,GRAVITY_HOME_DOG,16,5,1,9,-5,1,4,8,9,7,True
7,GRAVITY_AWAY_DOG,11,16,6,1,-5,-6,3,4,8,10,False
18,GRAVITY_HOME_DOG,15,14,13,13,-21,-18,14,11,35,29,False
21,GRAVITY_HOME_DOG,15,9,13,28,-24,1,12,21,36,20,True
22,GRAVITY_AWAY_DOG,16,15,10,13,-20,-25,17,12,37,37,False
23,GRAVITY_AWAY_DOG,12,16,24,10,-4,-22,15,18,19,40,True
25,GRAVITY_HOME_DOG,15,8,20,36,-26,4,22,40,48,36,True
26,GRAVITY_AWAY_DOG,1,13,61,23,37,-15,59,24,22,39,True
26,GRAVITY_AWAY_DOG,7,15,39,20,-6,-28,29,23,35,51,True
27,GRAVITY_HOME_DOG,13,2,23,54,-17,14,25,43,42,29,True
27,GRAVITY_HOME_DOG,15,8,20,38,-30,1,24,28,54,27,False
28,GRAVITY_AWAY_DOG,10,14,35,23,3,-20,34,25,31,45,False
7,GRAVITY_AWAY_DOG,6,16,9,1,1,-10,5,5,4,15,True
17,GRAVITY_HOME_DOG,16,11,7,18,-18,-2,13,14,31,16,True
18,GRAVITY_AWAY_DOG,7,16,23,7,-3,-19,25,15,28,34,True
19,GRAVITY_HOME_DOG,16,2,7,38,-21,13,15,33,36,20,True
23,GRAVITY_HOME_DOG,13,16,21,14,-16,-19,23,24,39,43,False
26,GRAVITY_AWAY_DOG,6,13,39,26,10,-11,33,22,23,33,True
27,GRAVITY_AWAY_DOG,15,16,18,14,-23,-30,22,27,45,57,True
28,GRAVITY_HOME_DOG,14,10,24,33,-25,-15,26,29,51,44,False
11,GRAVITY_HOME_DOG,16,8,5,15,-7,-3,12,9,19,12,True
12,GRAVITY_AWAY_DOG,3,15,20,7,3,-17,20,11,17,28,True
13,GRAVITY_HOME_DOG,16,5,7,21,-18,9,11,24,29,15,True
14,GRAVITY_AWAY_DOG,11,16,14,7,-1,-20,16,12,17,32,True
15,GRAVITY_HOME_DOG,16,6,7,22,-21,-2,12,15,33,17,True
26,GRAVITY_AWAY_DOG,8,15,32,22,-4,-16,23,29,27,45,True
27,GRAVITY_HOME_DOG,15,10,22,31,-19,-4,29,34,48,38,False
28,GRAVITY_AWAY_DOG,3,14,50,24,15,-16,44,23,29,39,True
29,GRAVITY_HOME_DOG,15,4,24,53,-18,16,23,49,41,33,True
30,GRAVITY_AWAY_DOG,2,15,56,24,29,-20,57,24,28,44,True
6,GRAVITY_AWAY_DOG,5,16,9,1,2,-7,11,3,9,10,True
7,GRAVITY_AWAY_DOG,10,16,8,1,0,-13,4,3,4,16,True
9,GRAVITY_HOME_DOG,14,9,6,12,-8,-1,6,10,14,11,True
12,GRAVITY_HOME_DOG,16,8,2,17,-19,2,6,19,25,17,True
13,GRAVITY_AWAY_DOG,4,13,21,13,9,-8,15,10,6,18,True
13,GRAVITY_AWAY_DOG,8,16,18,2,4,-21,22,7,18,28,True
14,GRAVITY_HOME_DOG,16,12,2,14,-23,-7,7,13,30,20,True
14,GRAVITY_HOME_DOG,14,11,13,15,-10,-6,11,17,21,23,True
15,GRAVITY_AWAY_DOG,5,16,25,2,11,-25,18,7,7,32,True
16,GRAVITY_AWAY_DOG,11,16,17,2,-6,-26,20,7,26,33,True
17,GRAVITY_HOME_DOG,16,15,2,14,-28,-10,8,18,36,28,False
18,GRAVITY_AWAY_DOG,8,14,25,15,5,-8,29,18,24,26,True
22,GRAVITY_HOME_DOG,16,3,5,38,-33,12,9,29,42,17,False
28,GRAVITY_HOME_DOG,14,12,22,26,-20,-9,28,32,48,41,True
29,GRAVITY_AWAY_DOG,8,15,41,22,0,-29,43,21,43,50,True
30,GRAVITY_HOME_DOG,15,13,22,26,-32,-22,21,28,53,50,True
6,GRAVITY_HOME_DOG,15,14,3,3,-9,-6,3,4,12,10,True
7,GRAVITY_AWAY_DOG,11,16,6,3,-2,-10,7,3,9,13,True
8,GRAVITY_HOME_DOG,16,9,3,9,-11,-4,4,8,15,12,True
8,GRAVITY_HOME_DOG,15,3,3,17,-9,10,8,17,17,7,False
12,GRAVITY_HOME_DOG,14,11,8,10,-6,-8,10,13,16,21,False
13,GRAVITY_HOME_DOG,16,10,10,12,-15,-7,11,10,26,17,True
15,GRAVITY_HOME_DOG,16,4,10,28,-14,8,11,20,25,12,False
19,GRAVITY_AWAY_DOG,16,14,12,15,-13,-9,17,18,30,27,True
21,GRAVITY_AWAY_DOG,15,13,16,18,-11,-22,20,21,31,43,True
26,CRUSHER_AWAY_FAV,14,2,20,52,-24,30,20,48,44,18,False
6,CRUSHER_AWAY_FAV,15,3,2,10,-7,7,3,13,10,6,False
16,GRAVITY_HOME_DOG,16,8,5,21,-21,4,8,18,29,14,True
17,GRAVITY_AWAY_DOG,13,16,18,5,-10,-22,24,8,34,30,True
18,GRAVITY_HOME_DOG,16,6,5,27,-24,3,8,20,32,17,True
19,GRAVITY_AWAY_DOG,7,16,28,5,2,-25,31,9,29,34,True
19,CRUSHER_HOME_FAV,4,15,30,16,4,-17,22,15,18,32,True
20,GRAVITY_HOME_DOG,15,7,16,31,-18,4,16,34,34,30,False
20,GRAVITY_HOME_DOG,16,11,5,24,-27,-4,10,19,37,23,False
23,GRAVITY_AWAY_DOG,5,15,36,19,3,-17,29,22,26,39,True
24,GRAVITY_HOME_DOG,15,9,19,35,-18,1,22,35,40,34,False
30,GRAVITY_AWAY_DOG,7,13,46,31,4,-14,52,23,48,37,True
11,GRAVITY_HOME_DOG,16,10,5,11,-12,-3,2,9,14,12,False
29,GRAVITY_HOME_DOG,15,10,24,36,-20,-3,25,32,45,35,True
30,GRAVITY_AWAY_DOG,10,15,39,24,-3,-21,33,25,36,46,True
11,GRAVITY_HOME_DOG,14,7,9,15,-2,5,10,12,12,7,True
12,GRAVITY_AWAY_DOG,2,15,21,9,3,-3,15,11,12,14,False
15,GRAVITY_HOME_DOG,14,3,12,25,-8,8,13,20,21,12,True
16,GRAVITY_AWAY_DOG,13,16,16,9,-1,-20,19,16,20,36,True
17,GRAVITY_HOME_DOG,16,10,9,21,-21,1,16,21,37,20,False
22,GRAVITY_HOME_DOG,15,12,20,23,-13,-5,24,26,37,31,True
25,GRAVITY_HOME_DOG,16,7,16,38,-24,-3,27,28,51,31,True
26,GRAVITY_AWAY_DOG,7,16,38,16,8,-25,40,27,32,52,True
28,GRAVITY_AWAY_DOG,1,13,53,30,27,-10,50,26,23,36,False
29,GRAVITY_HOME_DOG,14,8,30,43,-11,9,32,45,43,36,False
9,GRAVITY_AWAY_DOG,8,14,11,6,1,-4,9,10,8,14,True
10,GRAVITY_HOME_DOG,14,1,6,21,-6,16,12,21,18,5,True
11,GRAVITY_AWAY_DOG,8,15,16,6,0,-8,14,13,14,21,True
11,CRUSHER_AWAY_FAV,16,1,5,24,-11,18,5,24,16,6,True
12,GRAVITY_HOME_DOG,15,16,6,5,-9,-17,13,5,22,22,False
13,GRAVITY_AWAY_DOG,12,16,11,5,-7,-18,10,5,17,23,True
14,GRAVITY_HOME_DOG,15,9,8,19,-13,4,13,18,26,14,True
14,GRAVITY_HOME_DOG,16,5,5,24,-19,9,5,21,24,12,True
15,GRAVITY_AWAY_DOG,6,16,24,5,6,-20,19,7,13,27,True
16,GRAVITY_AWAY_DOG,9,16,21,5,1,-22,16,8,15,30,False
30,GRAVITY_HOME_DOG,15,3,24,58,-23,23,23,49,46,26,True
9,GRAVITY_HOME_DOG,13,9,6,11,-4,-1,9,7,13,8,True
21,GRAVITY_HOME_DOG,13,7,16,34,-20,15,14,35,34,20,True
22,GRAVITY_AWAY_DOG,9,13,26,16,1,-21,22,14,21,35,True
23,GRAVITY_HOME_DOG,13,12,16,19,-22,-18,14,26,36,44,True
7,GRAVITY_AWAY_DOG,13,15,7,3,-4,-12,4,6,8,18,True
8,GRAVITY_HOME_DOG,15,5,3,12,-13,5,6,14,19,9,True
9,GRAVITY_AWAY_DOG,9,16,12,3,-1,-14,8,8,9,22,True
10,GRAVITY_HOME_DOG,16,10,3,12,-15,1,8,19,23,18,True
11,GRAVITY_HOME_DOG,15,11,4,13,-15,-1,7,13,22,14,True
11,GRAVITY_AWAY_DOG,5,16,17,3,6,-18,18,8,12,26,False
14,GRAVITY_HOME_DOG,14,9,11,18,-8,4,6,20,14,16,True
21,GRAVITY_HOME_DOG,13,12,20,25,-7,-12,20,24,27,36,False
24,GRAVITY_AWAY_DOG,15,16,17,12,-18,-26,9,16,27,42,True
7,CRUSHER_AWAY_FAV,14,3,4,13,-6,7,6,12,12,5,False
9,GRAVITY_HOME_DOG,14,7,6,13,-7,8,5,19,12,11,True
10,GRAVITY_AWAY_DOG,5,14,17,6,7,-8,15,6,8,14,True
11,GRAVITY_HOME_DOG,15,12,6,11,-10,-2,6,13,16,15,True
12,GRAVITY_AWAY_DOG,14,15,7,6,-14,-12,10,6,24,18,False
23,GRAVITY_HOME_DOG,16,2,12,45,-24,21,14,43,38,22,True
24,GRAVITY_AWAY_DOG,6,16,39,12,12,-26,34,14,22,40,True
25,GRAVITY_HOME_DOG,13,2,19,51,-17,24,15,47,32,23,True
25,GRAVITY_HOME_DOG,16,14,12,18,-31,-31,14,19,45,50,True
26,GRAVITY_AWAY_DOG,6,13,45,19,18,-22,40,15,22,37,True
7,GRAVITY_HOME_DOG,16,7,2,10,-8,1,5,10,13,9,False
13,GRAVITY_AWAY_DOG,3,16,22,10,5,-13,20,8,15,21,True
14,GRAVITY_HOME_DOG,16,6,10,21,-14,9,8,26,22,17,True
15,GRAVITY_AWAY_DOG,7,16,19,10,3,-16,24,9,21,25,True
16,GRAVITY_AWAY_DOG,9,16,19,10,-1,-19,22,9,23,28,False
17,GRAVITY_HOME_DOG,14,10,15,19,-11,-2,20,23,31,25,True
25,GRAVITY_AWAY_DOG,12,16,27,17,-25,-26,24,14,49,40,True
26,GRAVITY_HOME_DOG,16,5,17,43,-28,12,14,41,42,29,True
29,GRAVITY_HOME_DOG,15,11,24,33,-24,-8,32,26,56,34,True
30,CRUSHER_AWAY_FAV,16,1,18,59,-32,24,19,56,51,32,False
6,CRUSHER_HOME_FAV,3,13,10,4,6,-6,11,4,5,10,True
7,GRAVITY_HOME_DOG,14,11,4,7,-8,-1,4,7,12,8,True
8,GRAVITY_HOME_DOG,16,11,2,8,-10,-4,2,8,12,12,False
11,GRAVITY_HOME_DOG,14,2,8,24,-12,11,8,18,20,7,True
12,GRAVITY_AWAY_DOG,6,14,20,8,8,-15,24,8,16,23,False
18,GRAVITY_HOME_DOG,16,4,11,33,-16,15,17,33,33,18,True
19,GRAVITY_AWAY_DOG,10,16,22,11,-3,-18,28,19,31,37,True
20,GRAVITY_AWAY_DOG,8,16,26,11,-3,-20,21,19,24,39,True
23,GRAVITY_HOME_DOG,13,12,19,22,-22,-12,19,18,41,30,False
30,GRAVITY_HOME_DOG,16,13,21,28,-24,-16,20,34,44,50,False
6,GRAVITY_HOME_DOG,16,2,1,12,-5,8,2,12,7,4,True
7,GRAVITY_AWAY_DOG,8,16,10,1,4,-6,14,4,10,10,True
8,GRAVITY_HOME_DOG,16,3,1,15,-7,4,5,11,12,7,True
9,GRAVITY_HOME_DOG,16,15,1,2,-8,-10,5,6,13,16,False
10,GRAVITY_HOME_DOG,16,7,2,14,-14,4,6,13,20,9,True
11,GRAVITY_AWAY_DOG,5,16,19,2,7,-15,16,6,9,21,True
12,CRUSHER_AWAY_FAV,13,2,11,23,-10,12,8,25,18,13,True
12,GRAVITY_HOME_DOG,16,12,2,12,-17,-6,6,11,23,17,True
13,GRAVITY_AWAY_DOG,5,13,24,11,7,-15,17,8,10,23,True
13,GRAVITY_AWAY_DOG,8,16,19,2,-2,-18,15,7,17,25,True
14,GRAVITY_HOME_DOG,13,14,11,9,-16,-4,9,13,25,17,True
14,GRAVITY_HOME_DOG,16,11,2,13,-21,-8,7,12,28,20,True
15,GRAVITY_AWAY_DOG,15,16,9,2,-12,-22,10,8,22,30,True
15,GRAVITY_AWAY_DOG,6,14,25,11,8,-17,22,9,14,26,True
16,GRAVITY_AWAY_DOG,7,14,28,11,6,-19,24,10,18,29,True
17,GRAVITY_HOME_DOG,15,14,11,13,-22,-10,10,13,32,23,False
22,CRUSHER_AWAY_FAV,15,2,16,41,-11,19,18,42,29,23,False
26,GRAVITY_HOME_DOG,15,8,17,36,-20,0,21,29,41,29,True
27,GRAVITY_AWAY_DOG,14,15,27,17,-8,-21,23,24,31,45,True
30,CRUSHER_AWAY_FAV,14,4,33,52,-20,14,28,43,48,29,True
8,GRAVITY_AWAY_DOG,12,14,7,3,-6,-11,4,5,10,16,True
9,GRAVITY_HOME_DOG,15,6,3,13,-12,1,5,7,17,6,True
10,GRAVITY_AWAY_DOG,13,16,8,3,-7,-13,12,5,19,18,True
11,GRAVITY_AWAY_DOG,6,16,17,3,2,-14,14,6,12,20,True
16,GRAVITY_HOME_DOG,15,10,7,21,-18,-4,10,10,28,14,True
17,GRAVITY_HOME_DOG,16,7,5,23,-22,-7,7,16,29,23,True
8,GRAVITY_AWAY_DOG,13,15,6,1,2,-8,16,4,14,12,True
8,GRAVITY_HOME_DOG,14,11,4,8,-5,-4,4,8,9,12,False
9,GRAVITY_HOME_DOG,16,2,1,17,-9,8,4,15,13,7,False
12,GRAVITY_HOME_DOG,14,9,8,14,-11,-7,6,16,17,23,True
13,GRAVITY_AWAY_DOG,4,14,23,8,6,-13,16,6,10,19,True
14,GRAVITY_HOME_DOG,15,12,8,13,-14,-6,7,13,21,19,True
20,GRAVITY_AWAY_DOG,3,16,35,12,18,-20,34,13,16,33,True
21,GRAVITY_HOME_DOG,16,15,12,16,-21,-16,14,12,35,28,True
22,GRAVITY_AWAY_DOG,13,16,20,12,-21,-22,10,14,31,36,True
27,GRAVITY_AWAY_DOG,12,16,29,13,-12,-30,27,18,39,48,True
28,GRAVITY_HOME_DOG,16,6,13,46,-31,11,20,39,51,28,False
9,CRUSHER_AWAY_FAV,15,2,7,18,-5,4,8,11,13,7,False
16,GRAVITY_AWAY_DOG,11,14,19,16,-6,-11,15,16,21,27,True
17,GRAVITY_HOME_DOG,14,4,16,30,-12,4,17,19,29,15,False
20,GRAVITY_HOME_DOG,14,15,20,19,-7,-11,21,14,28,25,True
11,GRAVITY_HOME_DOG,15,1,3,23,-15,13,4,20,19,7,True
12,GRAVITY_AWAY_DOG,14,15,9,3,-12,-17,6,5,18,22,True
16,GRAVITY_HOME_DOG,13,2,13,31,-20,14,13,26,33,12,True
17,GRAVITY_HOME_DOG,15,13,10,13,-19,-21,6,14,25,35,True
18,GRAVITY_AWAY_DOG,11,15,22,10,0,-20,26,7,26,27,True
19,GRAVITY_HOME_DOG,15,13,10,17,-21,-5,9,26,30,31,True
20,GRAVITY_AWAY_DOG,7,15,29,10,6,-22,24,10,18,32,True
21,GRAVITY_HOME_DOG,15,10,10,27,-25,-4,10,18,35,22,False
27,GRAVITY_AWAY_DOG,8,14,39,23,4,-11,44,35,40,46,True
28,GRAVITY_AWAY_DOG,13,14,24,23,-22,-12,24,37,46,49,False
10,GRAVITY_HOME_DOG,16,11,3,10,-11,0,5,14,16,14,True
11,GRAVITY_AWAY_DOG,14,16,9,3,-7,-12,10,5,17,17,True
12,GRAVITY_HOME_DOG,16,3,3,23,-14,13,5,22,19,9,True
13,GRAVITY_HOME_DOG,16,15,3,6,-15,-17,5,6,20,23,False
14,GRAVITY_HOME_DOG,16,6,6,20,-19,-5,6,19,25,24,False
15,GRAVITY_AWAY_DOG,10,13,16,14,-2,-13,21,12,23,25,True
16,GRAVITY_AWAY_DOG,12,13,15,14,-9,-16,14,12,23,28,True
19,GRAVITY_AWAY_DOG,14,15,15,13,-19,-13,14,14,33,27,False
20,CRUSHER_AWAY_FAV,14,1,15,44,-16,32,15,46,31,14,True
21,GRAVITY_HOME_DOG,15,2,15,43,-21,14,15,33,36,19,True
21,GRAVITY_AWAY_DOG,4,14,37,15,10,-19,24,15,14,34,True
22,GRAVITY_HOME_DOG,15,7,15,33,-21,8,15,39,36,31,True
23,GRAVITY_AWAY_DOG,14,16,16,15,-22,-24,17,15,39,39,True
24,GRAVITY_HOME_DOG,16,12,15,26,-25,-9,15,23,40,32,True
25,CRUSHER_HOME_FAV,1,13,56,19,38,-16,57,21,19,37,True
26,GRAVITY_HOME_DOG,14,5,19,43,-19,16,23,48,42,32,True
9,GRAVITY_AWAY_DOG,11,16,10,4,3,-12,11,7,8,19,True
10,GRAVITY_HOME_DOG,16,3,4,18,-10,8,8,16,18,8,True
11,GRAVITY_AWAY_DOG,9,16,14,4,-2,-11,11,9,13,20,True
12,GRAVITY_HOME_DOG,15,6,6,18,-16,10,8,22,24,12,True
15,GRAVITY_HOME_DOG,15,5,12,27,-17,9,16,24,33,15,False
16,GRAVITY_AWAY_DOG,8,16,21,5,-2,-20,24,13,26,33,False
23,GRAVITY_AWAY_DOG,1,16,46,16,16,-23,42,20,26,43,True
24,GRAVITY_HOME_DOG,16,3,16,44,-24,12,21,34,45,22,True
25,GRAVITY_AWAY_DOG,8,16,31,16,-8,-26,20,22,28,48,True
26,GRAVITY_HOME_DOG,16,7,16,39,-27,13,24,36,51,23,True
6,GRAVITY_HOME_DOG,16,10,1,6,-9,1,3,3,12,2,True
7,GRAVITY_AWAY_DOG,11,16,9,1,-1,-10,8,4,9,14,True
8,GRAVITY_HOME_DOG,16,4,1,12,-11,6,5,14,16,8,False
14,GRAVITY_AWAY_DOG,4,13,23,11,9,-9,19,12,10,21,True
14,GRAVITY_AWAY_DOG,7,16,21,8,2,-10,21,10,19,20,True
15,GRAVITY_HOME_DOG,16,9,8,20,-12,3,10,24,22,21,True
15,GRAVITY_HOME_DOG,14,11,11,16,-10,-7,14,20,24,27,False
16,GRAVITY_AWAY_DOG,10,16,19,8,-5,-13,16,12,21,25,False
17,GRAVITY_AWAY_DOG,2,16,29,10,10,-10,25,16,15,26,True
22,CRUSHER_AWAY_FAV,16,4,14,35,-13,12,23,40,36,28,True
23,GRAVITY_AWAY_DOG,14,16,22,14,-6,-17,21,23,27,40,True
8,GRAVITY_HOME_DOG,16,3,3,13,-7,7,3,13,10,6,False
18,GRAVITY_HOME_DOG,16,4,10,29,-25,8,8,23,33,15,True
19,GRAVITY_AWAY_DOG,8,16,24,10,2,-28,29,8,27,36,True
20,GRAVITY_HOME_DOG,16,3,10,32,-31,12,8,29,39,17,True
20,GRAVITY_AWAY_DOG,10,15,24,14,2,-11,22,18,20,29,False
21,GRAVITY_AWAY_DOG,9,16,27,10,-4,-32,33,9,37,41,True
22,GRAVITY_HOME_DOG,16,4,10,35,-33,11,10,31,43,20,True
24,GRAVITY_HOME_DOG,13,11,24,28,-6,-11,22,27,28,38,False
10,GRAVITY_HOME_DOG,13,14,10,8,-7,-5,8,12,15,17,False
10,GRAVITY_AWAY_DOG,3,16,17,1,5,-15,19,2,14,17,True
14,GRAVITY_AWAY_DOG,3,15,23,8,6,-9,19,14,13,23,True
15,GRAVITY_HOME_DOG,16,15,2,8,-19,-10,5,14,24,24,True
16,GRAVITY_AWAY_DOG,3,16,27,2,7,-21,20,6,13,27,True
16,GRAVITY_AWAY_DOG,12,14,19,16,-7,-12,20,15,27,27,False
17,GRAVITY_HOME_DOG,16,8,2,24,-22,5,7,21,29,16,False
20,GRAVITY_HOME_DOG,14,15,19,17,-13,-9,24,22,37,31,False
7,GRAVITY_AWAY_DOG,12,16,4,1,-5,-8,6,1,11,9,False
10,CRUSHER_HOME_FAV,4,15,19,4,9,-9,19,6,10,15,True
11,GRAVITY_AWAY_DOG,3,16,23,4,16,-13,24,7,8,20,True
12,GRAVITY_HOME_DOG,16,7,4,15,-17,1,7,13,24,12,True
13,GRAVITY_AWAY_DOG,3,16,26,4,20,-20,28,8,8,28,False
15,GRAVITY_HOME_DOG,13,12,11,15,-10,-9,12,19,22,28,True
16,GRAVITY_HOME_DOG,15,6,10,27,-19,10,8,28,27,18,True
17,GRAVITY_AWAY_DOG,16,15,8,10,-22,-21,12,9,34,30,True
18,GRAVITY_HOME_DOG,16,2,10,34,-22,19,10,35,32,16,True
24,GRAVITY_HOME_DOG,13,7,20,34,-12,1,23,36,35,35,False
28,GRAVITY_AWAY_DOG,12,16,28,17,-20,-28,32,20,52,48,False
30,GRAVITY_HOME_DOG,13,11,28,34,-23,-6,34,30,57,36,True
20,GRAVITY_HOME_DOG,15,4,15,33,-17,8,16,34,33,26,True
25,GRAVITY_AWAY_DOG,8,16,34,16,3,-24,30,16,27,40,False
26,GRAVITY_HOME_DOG,13,9,27,33,-13,-6,31,26,44,32,False
11,GRAVITY_AWAY_DOG,9,15,15,6,-3,-10,14,8,17,18,True
12,GRAVITY_HOME_DOG,13,9,9,18,-6,-1,13,16,19,17,True
12,GRAVITY_HOME_DOG,15,8,6,19,-12,3,8,13,20,10,True
13,GRAVITY_AWAY_DOG,10,15,19,6,-1,-7,17,9,18,16,True
14,GRAVITY_HOME_DOG,15,13,6,11,-10,-6,10,15,20,21,True
7,GRAVITY_HOME_DOG,14,11,4,7,-4,0,6,6,10,6,False
11,GRAVITY_HOME_DOG,15,2,8,24,-4,15,8,20,12,5,False
23,GRAVITY_AWAY_DOG,7,16,31,14,5,-18,28,10,23,28,True
24,GRAVITY_HOME_DOG,16,1,14,51,-21,21,10,37,31,16,True
25,GRAVITY_AWAY_DOG,4,16,42,14,11,-22,39,11,28,33,True
26,GRAVITY_HOME_DOG,16,11,14,29,-23,-2,11,29,34,31,True
27,GRAVITY_HOME_DOG,13,9,26,35,-13,-1,30,23,43,24,False
27,GRAVITY_AWAY_DOG,11,15,32,18,-1,-23,31,15,32,38,True
27,GRAVITY_AWAY_DOG,14,16,19,14,-20,-24,25,12,45,36,True
28,GRAVITY_HOME_DOG,15,14,18,22,-24,-17,15,28,39,45,True
28,GRAVITY_HOME_DOG,16,2,14,59,-27,30,12,52,39,22,True
29,GRAVITY_AWAY_DOG,9,16,36,14,-1,-29,39,12,40,41,True
30,GRAVITY_HOME_DOG,16,13,14,29,-30,-14,12,33,42,47,True
10,GRAVITY_AWAY_DOG,13,14,9,7,-3,-8,8,6,11,14,True
11,GRAVITY_AWAY_DOG,6,14,15,7,7,-9,15,6,8,15,False
11,GRAVITY_HOME_DOG,16,10,3,13,-9,0,4,10,13,10,False
18,GRAVITY_AWAY_DOG,2,16,32,11,15,-15,32,10,17,25,True
19,GRAVITY_HOME_DOG,16,8,11,25,-18,-2,11,21,29,23,True
20,GRAVITY_AWAY_DOG,14,13,14,20,-9,-7,19,18,28,25,False
20,GRAVITY_AWAY_DOG,15,16,13,11,-24,-19,15,11,39,30,True
21,GRAVITY_HOME_DOG,16,3,11,36,-20,12,11,35,31,23,True
23,CRUSHER_AWAY_FAV,13,2,25,39,-8,9,29,25,37,16,False
28,GRAVITY_AWAY_DOG,11,13,30,30,-4,-15,30,24,34,39,True
29,GRAVITY_HOME_DOG,13,9,30,39,-17,4,25,36,42,32,True
30,GRAVITY_AWAY_DOG,11,13,33,30,-12,-19,41,25,53,44,True
12,GRAVITY_AWAY_DOG,9,15,16,7,-7,-13,10,10,17,23,True
13,GRAVITY_HOME_DOG,16,3,7,22,-15,6,10,16,25,10,True
14,GRAVITY_AWAY_DOG,5,16,21,7,6,-16,16,10,10,26,True
19,GRAVITY_AWAY_DOG,3,14,31,20,7,-13,26,22,19,35,False
24,GRAVITY_AWAY_DOG,6,14,36,21,-1,-14,24,18,25,32,False
7,GRAVITY_AWAY_DOG,11,13,6,4,1,-6,9,1,8,7,True
8,GRAVITY_HOME_DOG,14,7,4,11,-8,0,1,9,9,9,True
9,GRAVITY_AWAY_DOG,5,14,14,4,7,-9,13,2,6,11,True
10,GRAVITY_HOME_DOG,16,12,4,9,-10,-4,2,13,12,17,False
17,GRAVITY_AWAY_DOG,15,16,12,9,-15,-13,10,15,25,28,True
18,GRAVITY_HOME_DOG,16,12,9,17,-14,-7,15,18,29,25,False
20,GRAVITY_AWAY_DOG,1,14,45,17,20,-12,35,18,15,30,True
21,GRAVITY_HOME_DOG,15,9,17,26,-17,-3,18,18,35,21,False
24,CRUSHER_AWAY_FAV,15,4,21,41,-11,7,21,37,32,30,True
25,GRAVITY_AWAY_DOG,5,15,43,21,16,-13,38,22,22,35,True
26,GRAVITY_HOME_DOG,16,15,21,22,-17,-17,22,22,39,39,False
19,GRAVITY_HOME_DOG,16,11,9,22,-22,-6,14,20,36,26,True
20,GRAVITY_AWAY_DOG,2,16,35,9,18,-23,30,14,12,37,True
21,GRAVITY_HOME_DOG,16,6,9,35,-25,7,14,35,39,28,True
22,GRAVITY_HOME_DOG,16,3,9,39,-27,15,14,33,41,18,True
23,GRAVITY_AWAY_DOG,9,16,30,9,5,-28,30,15,25,43,True
24,GRAVITY_AWAY_DOG,10,15,31,17,-1,-22,25,17,26,39,True
24,GRAVITY_HOME_DOG,16,2,9,44,-29,16,16,47,45,31,True
25,GRAVITY_HOME_DOG,15,8,17,36,-25,-5,17,35,42,40,False
9,CRUSHER_AWAY_FAV,13,1,6,21,-9,7,6,16,15,9,False
15,GRAVITY_AWAY_DOG,16,14,4,10,-15,-8,7,16,22,24,True
16,GRAVITY_HOME_DOG,13,9,12,23,-9,-3,17,14,26,17,True
22,GRAVITY_AWAY_DOG,3,14,41,14,17,-18,33,20,16,38,True
23,GRAVITY_HOME_DOG,14,10,14,29,-21,-8,20,24,41,32,False
8,CRUSHER_AWAY_FAV,14,1,4,18,-9,8,5,10,14,2,True
8,GRAVITY_AWAY_DOG,7,16,11,3,2,-9,11,9,9,18,True
9,GRAVITY_HOME_DOG,16,14,3,4,-13,-10,9,6,22,16,False
10,GRAVITY_HOME_DOG,15,4,4,16,-12,4,7,7,19,3,False
10,GRAVITY_HOME_DOG,16,2,4,18,-14,6,6,13,20,7,True
15,GRAVITY_HOME_DOG,16,13,7,14,-15,-7,10,17,25,24,True
16,GRAVITY_HOME_DOG,16,9,7,22,-16,3,10,21,26,18,True
20,GRAVITY_AWAY_DOG,6,16,30,10,7,-24,27,14,20,38,True
21,GRAVITY_HOME_DOG,16,1,10,38,-25,17,16,36,41,19,True
22,GRAVITY_AWAY_DOG,9,16,32,10,9,-26,34,16,25,42,True
23,GRAVITY_HOME_DOG,16,13,10,24,-28,-14,16,27,44,41,True
8,GRAVITY_HOME_DOG,16,14,2,3,-8,-7,2,5,10,12,False
13,GRAVITY_AWAY_DOG,8,16,17,4,4,-19,23,4,19,23,True
16,GRAVITY_HOME_DOG,14,15,13,10,-6,-12,13,14,19,26,True
14,GRAVITY_AWAY_DOG,5,15,21,11,10,-6,20,8,10,14,True
14,GRAVITY_AWAY_DOG,4,16,23,10,8,-7,21,7,13,14,False
15,GRAVITY_HOME_DOG,16,6,11,23,-7,5,8,22,15,17,True
16,GRAVITY_HOME_DOG,16,11,11,16,-9,-10,8,15,17,25,False
17,GRAVITY_AWAY_DOG,4,16,27,14,12,-11,25,10,13,21,True
18,GRAVITY_HOME_DOG,16,5,14,30,-12,9,10,27,22,18,True
19,GRAVITY_AWAY_DOG,14,16,17,14,-12,-15,18,10,30,25,False
22,GRAVITY_HOME_DOG,16,15,17,17,-13,-7,20,12,33,19,True
23,GRAVITY_AWAY_DOG,1,15,46,18,19,-20,34,19,15,39,False
23,GRAVITY_AWAY_DOG,11,16,21,17,-9,-14,14,20,23,34,False
28,GRAVITY_AWAY_DOG,15,16,24,20,-23,-20,23,27,46,47,True
29,GRAVITY_HOME_DOG,16,4,20,49,-24,20,28,47,52,27,True
6,GRAVITY_AWAY_DOG,15,16,4,1,-1,-5,4,3,5,8,True
7,GRAVITY_HOME_DOG,16,6,1,10,-7,-2,3,5,10,7,True
8,GRAVITY_AWAY_DOG,3,16,14,1,4,-10,13,4,9,14,True
10,GRAVITY_AWAY_DOG,11,15,11,6,-3,-8,10,3,13,11,True
10,GRAVITY_HOME_DOG,14,2,6,19,-7,6,2,13,9,7,True
11,GRAVITY_HOME_DOG,15,4,6,18,-11,4,3,17,14,13,True
15,GRAVITY_HOME_DOG,14,16,13,8,-5,-14,16,6,21,20,True
21,GRAVITY_AWAY_DOG,11,14,21,19,-6,-9,20,19,26,28,True
22,GRAVITY_HOME_DOG,14,16,19,13,-10,-18,20,13,30,31,True
24,CRUSHER_AWAY_FAV,15,2,20,43,-18,15,11,31,29,16,True
25,GRAVITY_AWAY_DOG,3,16,44,20,9,-19,38,11,29,30,True
28,GRAVITY_AWAY_DOG,12,16,27,21,-17,-25,27,15,44,40,True
30,GRAVITY_HOME_DOG,16,3,21,53,-29,25,14,49,43,24,True
10,GRAVITY_AWAY_DOG,14,16,7,1,-5,-13,7,4,12,17,True
12,GRAVITY_AWAY_DOG,10,13,15,9,-2,-9,9,12,11,21,True
12,GRAVITY_AWAY_DOG,16,15,2,6,-14,-12,5,12,19,24,True
13,GRAVITY_HOME_DOG,15,11,6,14,-14,-10,12,12,26,22,False
13,GRAVITY_HOME_DOG,13,10,10,16,-3,-2,15,9,18,11,True
14,GRAVITY_AWAY_DOG,16,14,6,10,-12,-4,9,15,21,19,True
18,GRAVITY_AWAY_DOG,6,15,27,11,9,-15,31,18,22,33,True
19,GRAVITY_HOME_DOG,16,4,11,32,-17,10,18,27,35,17,True
20,GRAVITY_AWAY_DOG,2,16,36,11,13,-20,29,19,16,39,True
24,GRAVITY_AWAY_DOG,7,16,37,14,0,-24,21,24,21,48,True
25,GRAVITY_HOME_DOG,16,11,14,29,-25,-3,25,28,50,31,False
26,GRAVITY_HOME_DOG,13,7,25,38,-17,6,18,34,35,28,True
27,GRAVITY_AWAY_DOG,4,13,46,25,17,-18,56,18,39,36,False
6,GRAVITY_HOME_DOG,13,6,3,9,-7,2,5,5,12,3,True
7,GRAVITY_AWAY_DOG,14,16,3,3,-3,-10,5,6,8,16,True
8,GRAVITY_HOME_DOG,16,7,3,10,-12,4,7,14,19,10,True
8,GRAVITY_AWAY_DOG,10,13,8,5,1,-5,11,7,10,12,True
9,GRAVITY_HOME_DOG,13,5,5,15,-8,4,7,13,15,9,True
10,GRAVITY_AWAY_DOG,12,14,8,5,-10,-9,12,9,22,18,True
11,GRAVITY_AWAY_DOG,12,16,10,5,-3,-18,9,4,12,22,True
12,GRAVITY_HOME_DOG,16,14,5,8,-19,-11,5,10,24,21,True
13,GRAVITY_HOME_DOG,16,14,5,9,-20,-13,6,16,26,29,True
14,GRAVITY_HOME_DOG,13,11,10,14,-7,-4,9,12,16,16,False
20,CRUSHER_AWAY_FAV,16,2,12,37,-21,20,23,39,44,19,True
21,GRAVITY_AWAY_DOG,5,16,34,12,15,-22,34,24,19,46,True
22,GRAVITY_HOME_DOG,16,7,12,31,-24,8,25,30,49,22,True
23,GRAVITY_AWAY_DOG,6,16,38,12,12,-25,35,26,23,51,True
24,GRAVITY_HOME_DOG,16,10,12,29,-26,0,26,28,52,28,False
26,GRAVITY_HOME_DOG,16,10,14,30,-28,-3,16,31,44,34,True
10,CRUSHER_HOME_FAV,1,14,21,7,11,-5,19,10,8,15,True
11,GRAVITY_HOME_DOG,16,12,7,10,-8,-11,10,12,18,23,True
12,GRAVITY_AWAY_DOG,3,16,21,7,13,-10,26,11,13,21,True
13,GRAVITY_HOME_DOG,16,13,7,11,-11,-5,11,16,22,21,True
14,GRAVITY_AWAY_DOG,13,16,13,7,-6,-13,12,12,18,25,True
15,GRAVITY_HOME_DOG,15,13,9,16,-10,-3,13,15,23,18,False
15,GRAVITY_HOME_DOG,16,9,7,19,-16,-2,12,17,28,19,True
16,GRAVITY_AWAY_DOG,10,16,20,7,-8,-17,19,12,27,29,True
16,GRAVITY_HOME_DOG,15,2,11,31,-17,15,7,33,24,18,True
17,GRAVITY_AWAY_DOG,12,15,19,11,-11,-21,21,7,32,28,True
21,CRUSHER_AWAY_FAV,14,2,13,40,-16,18,17,39,33,21,False
22,GRAVITY_HOME_DOG,16,15,12,13,-28,-21,10,17,38,38,True
23,GRAVITY_AWAY_DOG,14,16,19,12,-14,-32,19,10,33,42,False
25,GRAVITY_HOME_DOG,13,3,22,43,-9,16,23,48,32,32,True
26,GRAVITY_AWAY_DOG,7,13,38,22,6,-13,43,24,37,37,True
26,CRUSHER_HOME_FAV,1,14,55,19,26,-21,51,21,25,42,True
27,GRAVITY_HOME_DOG,15,12,19,27,-22,-18,21,32,43,50,True
27,GRAVITY_HOME_DOG,13,8,22,40,-14,-2,25,36,39,38,True
28,GRAVITY_AWAY_DOG,2,15,50,19,22,-23,57,22,35,45,True
29,GRAVITY_HOME_DOG,15,6,19,45,-24,10,23,49,47,39,False
6,GRAVITY_AWAY_DOG,7,15,7,3,2,-6,6,5,4,11,True
8,CRUSHER_HOME_FAV,1,14,17,4,15,-4,17,8,2,12,False
8,GRAVITY_AWAY_DOG,11,15,8,4,-8,-6,6,3,14,9,True
9,GRAVITY_HOME_DOG,16,10,4,10,-8,-2,5,10,13,12,True
9,GRAVITY_HOME_DOG,15,3,5,16,-9,7,9,15,18,8,True
10,GRAVITY_AWAY_DOG,5,16,15,4,4,-9,15,6,11,15,True
19,GRAVITY_HOME_DOG,15,8,13,27,-17,7,15,31,32,24,True
20,GRAVITY_AWAY_DOG,8,13,29,17,6,-13,22,9,16,22,True
20,GRAVITY_AWAY_DOG,9,16,29,11,4,-19,24,13,20,32,False
21,GRAVITY_HOME_DOG,13,10,17,29,-14,2,9,24,23,22,True
10,GRAVITY_AWAY_DOG,15,16,3,2,-10,-16,6,5,16,21,True
15,GRAVITY_HOME_DOG,16,8,4,18,-17,-2,10,22,27,24,True
16,GRAVITY_HOME_DOG,16,11,4,15,-19,-1,10,16,29,17,True
18,GRAVITY_HOME_DOG,15,14,8,15,-24,-13,10,14,34,27,True
26,GRAVITY_HOME_DOG,14,9,22,30,-17,-12,29,28,46,40,False
29,GRAVITY_HOME_DOG,16,4,10,53,-35,24,21,53,56,29,True
30,GRAVITY_AWAY_DOG,8,16,39,10,-4,-36,44,21,48,57,True
8,GRAVITY_HOME_DOG,16,15,3,4,-10,-10,4,5,14,15,True
9,GRAVITY_AWAY_DOG,13,16,7,3,-5,-13,3,4,8,17,True
10,GRAVITY_HOME_DOG,16,7,3,15,-15,6,4,15,19,9,True
11,GRAVITY_AWAY_DOG,2,15,22,5,9,-6,21,10,12,16,True
11,GRAVITY_HOME_DOG,16,5,3,17,-17,4,4,10,21,6,True
12,GRAVITY_AWAY_DOG,14,16,8,3,-16,-18,9,5,25,23,True
25,GRAVITY_AWAY_DOG,1,16,47,12,21,-30,43,16,22,46,True
26,GRAVITY_AWAY_DOG,7,16,41,12,10,-32,30,16,20,48,True
27,GRAVITY_HOME_DOG,16,12,12,28,-33,-24,16,20,49,44,True
28,GRAVITY_AWAY_DOG,15,16,23,12,-23,-35,19,17,42,52,False
7,GRAVITY_AWAY_DOG,9,15,9,3,-1,-7,9,5,10,12,True
8,GRAVITY_HOME_DOG,15,4,3,13,-9,3,5,9,14,6,True
9,GRAVITY_AWAY_DOG,7,15,12,3,4,-10,13,6,9,16,False
16,GRAVITY_AWAY_DOG,9,13,21,11,-5,-11,20,15,25,26,True
16,GRAVITY_HOME_DOG,16,6,8,25,-15,3,10,16,25,13,True
17,GRAVITY_AWAY_DOG,3,16,30,8,18,-19,29,10,11,29,True
17,GRAVITY_HOME_DOG,14,1,11,40,-16,22,15,30,31,8,True
18,GRAVITY_HOME_DOG,16,2,8,34,-20,24,11,40,31,16,True
19,GRAVITY_AWAY_DOG,4,16,36,8,13,-23,28,11,15,34,False
20,GRAVITY_HOME_DOG,16,9,10,27,-33,2,12,28,45,26,True
20,GRAVITY_HOME_DOG,13,4,16,36,-11,12,22,28,33,16,True
21,GRAVITY_AWAY_DOG,12,13,18,16,-19,-14,19,22,38,36,True
22,GRAVITY_HOME_DOG,13,9,16,31,-15,3,22,30,37,27,True
23,GRAVITY_AWAY_DOG,8,14,33,16,3,-19,34,22,31,41,True
24,GRAVITY_HOME_DOG,14,1,16,57,-20,28,23,41,43,13,True
11,GRAVITY_AWAY_DOG,5,16,17,5,4,-12,13,9,9,21,False
16,GRAVITY_AWAY_DOG,8,15,22,12,-5,-13,19,12,24,25,True
23,GRAVITY_AWAY_DOG,5,14,39,19,13,-29,36,22,23,51,True
24,GRAVITY_AWAY_DOG,14,16,20,14,-29,-20,23,9,52,29,True
25,GRAVITY_AWAY_DOG,3,14,48,20,22,-20,51,24,29,44,True
25,GRAVITY_HOME_DOG,16,1,14,49,-23,30,9,48,32,18,True
26,GRAVITY_HOME_DOG,15,5,20,43,-22,14,24,40,46,26,True
26,GRAVITY_AWAY_DOG,11,16,29,14,-9,-25,25,10,34,35,False
27,GRAVITY_AWAY_DOG,10,15,31,20,-4,-26,27,25,31,51,True
28,GRAVITY_HOME_DOG,15,3,20,50,-27,21,26,47,53,26,True
29,GRAVITY_AWAY_DOG,16,15,19,20,-22,-29,14,26,36,55,False
9,GRAVITY_AWAY_DOG,9,16,9,2,3,-10,10,5,7,15,True
10,GRAVITY_HOME_DOG,16,12,2,9,-12,-3,5,9,17,12,True
20,GRAVITY_AWAY_DOG,16,15,14,15,-17,-10,15,15,32,25,True
21,GRAVITY_HOME_DOG,16,6,15,31,-13,6,15,29,28,23,True
22,GRAVITY_AWAY_DOG,15,16,17,15,-15,-14,16,15,31,29,True
26,GRAVITY_HOME_DOG,16,3,17,50,-19,17,26,35,45,18,True
27,GRAVITY_AWAY_DOG,1,16,53,17,28,-20,47,26,19,46,True
28,GRAVITY_HOME_DOG,15,7,23,45,-18,11,23,39,41,28,True
10,CRUSHER_AWAY_FAV,15,1,5,25,-9,20,8,27,17,7,True
11,GRAVITY_AWAY_DOG,11,16,13,5,-5,-12,10,8,15,20,False
13,GRAVITY_HOME_DOG,15,14,10,11,-12,-10,11,15,23,25,True
14,GRAVITY_AWAY_DOG,9,16,17,10,0,-15,15,12,15,27,True
17,CRUSHER_AWAY_FAV,16,2,11,34,-23,17,12,33,35,16,False
17,GRAVITY_HOME_DOG,14,10,11,21,-16,-6,9,17,25,23,False
19,GRAVITY_AWAY_DOG,15,16,14,11,-14,-20,14,15,28,35,False
22,GRAVITY_AWAY_DOG,14,13,18,21,-16,-22,20,18,36,40,True
6,GRAVITY_HOME_DOG,16,15,3,3,-6,-4,4,2,10,6,False
12,GRAVITY_HOME_DOG,13,12,12,13,-6,-7,14,8,20,15,False
19,GRAVITY_HOME_DOG,16,2,11,33,-13,14,9,35,22,21,True
20,GRAVITY_AWAY_DOG,7,16,25,11,2,-18,16,9,14,27,False
21,GRAVITY_AWAY_DOG,11,14,24,23,-7,-7,21,20,28,27,True
22,GRAVITY_HOME_DOG,13,14,23,23,-8,-8,21,21,29,29,True
23,GRAVITY_AWAY_DOG,1,14,47,23,23,-10,53,22,30,32,True
24,GRAVITY_AWAY_DOG,8,14,31,23,-7,-13,30,22,37,35,True
25,GRAVITY_HOME_DOG,15,4,23,43,-14,15,22,40,36,25,False
26,GRAVITY_AWAY_DOG,16,15,18,25,-19,-17,14,17,33,34,True
27,GRAVITY_HOME_DOG,14,11,26,30,-15,-15,26,31,41,46,True
19,GRAVITY_AWAY_DOG,6,16,28,15,4,-11,25,25,21,36,True
20,GRAVITY_HOME_DOG,16,11,15,20,-16,-5,25,20,41,25,False
6,CRUSHER_AWAY_FAV,13,2,3,12,-3,4,8,8,11,4,False
10,GRAVITY_HOME_DOG,16,5,2,15,-13,3,5,16,18,13,False
13,GRAVITY_AWAY_DOG,10,13,15,13,-1,-6,18,20,19,26,True
14,GRAVITY_HOME_DOG,14,5,13,21,-7,4,20,18,27,14,True
15,GRAVITY_AWAY_DOG,2,16,30,6,14,-19,25,10,11,29,False
19,GRAVITY_HOME_DOG,15,7,14,28,-15,-2,25,28,40,30,True
23,GRAVITY_AWAY_DOG,8,15,31,18,-7,-28,19,24,26,52,True
24,GRAVITY_HOME_DOG,15,4,18,41,-32,11,24,29,56,18,True
10,GRAVITY_AWAY_DOG,12,15,9,7,-7,-9,8,6,15,15,True
11,GRAVITY_HOME_DOG,16,1,5,22,-9,8,8,21,17,13,True
11,GRAVITY_HOME_DOG,15,2,7,20,-11,11,6,17,17,6,True
12,GRAVITY_AWAY_DOG,2,15,23,7,8,-12,22,8,14,20,True
13,GRAVITY_HOME_DOG,16,7,7,17,-14,2,10,21,24,19,True
14,GRAVITY_AWAY_DOG,13,16,12,7,-9,-15,12,10,21,25,True
22,GRAVITY_HOME_DOG,15,9,16,27,-20,2,20,26,40,24,False
29,GRAVITY_AWAY_DOG,7,14,42,23,0,-28,38,26,38,54,True
30,GRAVITY_AWAY_DOG,12,14,33,23,-13,-29,37,27,50,56,True
7,GRAVITY_HOME_DOG,14,10,6,7,-2,-2,9,8,11,10,False
9,GRAVITY_HOME_DOG,16,15,7,7,-10,-7,7,9,17,16,True
9,CRUSHER_HOME_FAV,3,13,17,7,6,-6,12,10,6,16,True
10,GRAVITY_HOME_DOG,16,15,7,8,-9,-10,10,9,19,19,False
15,GRAVITY_HOME_DOG,16,14,9,14,-5,-10,10,19,15,29,False
16,GRAVITY_HOME_DOG,14,1,15,31,-13,12,14,23,27,11,True
17,GRAVITY_AWAY_DOG,13,14,16,15,-13,-15,14,15,27,30,True
23,GRAVITY_HOME_DOG,16,15,17,17,-24,-7,20,23,44,30,True
24,GRAVITY_AWAY_DOG,3,16,43,17,16,-25,38,20,22,45,True
25,GRAVITY_HOME_DOG,16,5,17,40,-27,11,20,39,47,28,True
26,GRAVITY_AWAY_DOG,7,16,38,17,13,-28,31,20,18,48,True
27,GRAVITY_HOME_DOG,16,14,17,26,-29,-19,22,32,51,51,True
30,GRAVITY_HOME_DOG,14,11,28,32,-20,-17,28,24,48,41,True
8,GRAVITY_HOME_DOG,16,10,1,9,-12,0,2,11,14,11,True
9,GRAVITY_AWAY_DOG,15,16,3,1,-11,-13,4,3,15,16,False
10,GRAVITY_AWAY_DOG,1,16,20,3,10,-13,22,4,12,17,False
12,GRAVITY_AWAY_DOG,5,13,20,10,6,-6,13,11,7,17,True
15,GRAVITY_AWAY_DOG,13,14,14,14,-6,-10,15,18,21,28,True
16,GRAVITY_AWAY_DOG,3,14,30,14,16,-12,28,18,12,30,True
17,GRAVITY_HOME_DOG,14,15,14,11,-13,-13,20,15,33,28,False
18,GRAVITY_HOME_DOG,16,13,10,17,-16,-10,13,23,29,33,False
18,GRAVITY_HOME_DOG,15,8,11,24,-16,0,15,22,31,22,True
19,GRAVITY_AWAY_DOG,1,16,38,11,16,-18,33,15,17,33,True
20,GRAVITY_HOME_DOG,16,11,11,22,-20,-2,15,21,35,23,True
21,GRAVITY_AWAY_DOG,2,16,39,11,15,-21,35,15,20,36,False
28,GRAVITY_HOME_DOG,15,9,22,37,-22,-1,33,36,55,37,False
7,GRAVITY_AWAY_DOG,1,13,16,6,8,-6,11,3,3,9,True
12,GRAVITY_AWAY_DOG,12,16,11,5,-6,-14,9,7,15,21,False
14,GRAVITY_HOME_DOG,13,15,11,8,-8,-13,10,10,18,23,False
15,GRAVITY_HOME_DOG,16,1,8,30,-14,14,10,21,24,7,True
16,GRAVITY_HOME_DOG,16,15,8,11,-17,-22,10,9,27,31,True
21,GRAVITY_AWAY_DOG,16,15,11,13,-19,-23,13,15,32,38,True
24,GRAVITY_HOME_DOG,13,15,22,14,-16,-25,20,17,36,42,True
25,GRAVITY_AWAY_DOG,12,13,22,22,-15,-17,21,20,36,37,False
29,GRAVITY_HOME_DOG,16,11,13,31,-27,-15,23,28,50,43,False
7,GRAVITY_HOME_DOG,14,4,3,11,-5,4,5,13,10,9,True
14,GRAVITY_HOME_DOG,16,10,8,16,-14,-1,10,17,24,18,True
16,CRUSHER_HOME_FAV,2,16,34,10,29,-16,40,12,11,28,False
30,GRAVITY_AWAY_DOG,12,14,33,29,-13,-15,34,29,47,44,True
9,GRAVITY_AWAY_DOG,11,16,8,1,0,-10,12,4,12,14,True
10,GRAVITY_HOME_DOG,16,11,1,10,-12,-2,4,11,16,13,True
11,CRUSHER_AWAY_FAV,15,2,5,22,-10,15,7,22,17,7,False
20,GRAVITY_HOME_DOG,14,2,15,40,-12,19,13,35,25,16,False
21,GRAVITY_AWAY_DOG,2,14,40,18,17,-17,37,25,20,42,True
22,GRAVITY_HOME_DOG,14,15,18,14,-18,-14,25,21,43,35,False
23,GRAVITY_HOME_DOG,15,3,14,40,-15,11,22,34,37,23,True
24,GRAVITY_HOME_DOG,16,8,6,35,-25,4,8,38,33,34,True
28,GRAVITY_AWAY_DOG,4,13,45,25,8,-14,42,26,34,40,True
6,GRAVITY_HOME_DOG,15,10,3,5,-6,-1,3,5,9,6,False
10,GRAVITY_AWAY_DOG,1,16,23,5,11,-10,15,7,4,17,True
15,GRAVITY_AWAY_DOG,4,16,26,6,5,-22,21,10,16,32,True
15,GRAVITY_HOME_DOG,15,9,7,18,-12,0,11,17,23,17,False
16,GRAVITY_AWAY_DOG,6,16,23,6,12,-24,26,11,14,35,True
17,GRAVITY_HOME_DOG,16,12,6,20,-27,-4,11,12,38,16,False
20,GRAVITY_AWAY_DOG,10,13,26,20,-1,-8,24,15,25,23,True
21,GRAVITY_HOME_DOG,13,1,20,38,-9,14,16,31,25,17,True
22,GRAVITY_AWAY_DOG,9,13,28,20,-8,-13,20,16,28,29,True
23,GRAVITY_HOME_DOG,14,15,20,19,-17,-11,16,18,33,29,False
25,CRUSHER_AWAY_FAV,16,2,15,47,-35,10,18,34,53,24,False
27,GRAVITY_AWAY_DOG,15,14,20,21,-16,-23,23,18,39,41,True
28,GRAVITY_AWAY_DOG,8,15,39,21,-3,-26,35,18,38,44,True
29,GRAVITY_HOME_DOG,15,8,21,39,-30,0,18,35,48,35,True
8,GRAVITY_HOME_DOG,16,5,2,11,-8,6,4,15,12,9,True
11,GRAVITY_AWAY_DOG,1,16,23,7,11,-8,21,6,10,14,True
12,GRAVITY_HOME_DOG,14,13,8,8,-8,-7,9,10,17,17,True
14,GRAVITY_HOME_DOG,13,12,12,12,-11,-3,9,14,20,17,False
19,GRAVITY_HOME_DOG,16,9,12,24,-18,-2,9,25,27,27,False
24,GRAVITY_AWAY_DOG,10,16,26,17,-7,-11,27,21,34,32,False
26,CRUSHER_AWAY_FAV,16,2,21,49,-17,21,18,44,35,23,True
27,GRAVITY_AWAY_DOG,1,16,58,21,26,-18,53,18,27,36,True
28,GRAVITY_HOME_DOG,16,6,21,43,-19,8,18,34,37,26,False
13,CRUSHER_AWAY_FAV,14,3,10,23,-9,11,9,28,18,17,True
14,GRAVITY_AWAY_DOG,10,14,16,10,-12,-10,14,9,26,19,False
15,GRAVITY_HOME_DOG,16,1,10,38,-13,26,11,38,24,12,True
16,GRAVITY_HOME_DOG,16,13,10,13,-15,-9,12,10,27,19,True
19,GRAVITY_HOME_DOG,15,4,13,33,-15,8,11,32,26,24,True
20,GRAVITY_HOME_DOG,14,15,14,13,-14,-16,15,12,29,28,True
21,GRAVITY_AWAY_DOG,3,15,37,14,9,-15,35,16,26,31,False
24,GRAVITY_AWAY_DOG,6,13,39,22,12,-14,35,22,23,36,True
24,GRAVITY_AWAY_DOG,10,15,25,17,-8,-17,21,12,29,29,True
25,GRAVITY_HOME_DOG,13,4,22,45,-15,15,22,45,37,30,False
11,GRAVITY_AWAY_DOG,14,13,9,10,-4,-2,10,14,14,16,True
15,CRUSHER_AWAY_FAV,16,1,7,32,-19,19,8,27,27,8,True
16,GRAVITY_AWAY_DOG,10,14,17,13,-4,-9,15,15,19,24,True
16,GRAVITY_HOME_DOG,16,9,7,17,-24,-1,8,19,32,20,True
17,GRAVITY_AWAY_DOG,13,16,13,7,-8,-25,17,8,25,33,True
17,GRAVITY_HOME_DOG,14,12,13,17,-10,-11,16,9,26,20,False
18,GRAVITY_HOME_DOG,16,6,7,30,-26,8,9,25,35,17,True
19,GRAVITY_AWAY_DOG,14,16,16,7,-11,-28,18,9,29,37,True
20,GRAVITY_HOME_DOG,16,14,7,17,-29,-18,9,9,38,27,False
21,GRAVITY_HOME_DOG,14,8,17,26,-21,0,9,23,30,23,False
29,GRAVITY_HOME_DOG,13,9,30,36,-4,-11,28,18,32,29,False
12,GRAVITY_AWAY_DOG,13,14,12,9,-10,-5,13,14,23,19,True
13,GRAVITY_AWAY_DOG,15,14,9,9,-14,-8,7,14,21,22,True
16,GRAVITY_HOME_DOG,13,14,16,14,-5,-7,16,16,21,23,True
17,GRAVITY_AWAY_DOG,15,14,13,16,-18,-6,9,16,27,22,False
19,GRAVITY_HOME_DOG,13,2,19,33,-2,16,15,31,17,15,True
20,GRAVITY_AWAY_DOG,8,13,26,19,5,-6,18,15,13,21,False
27,GRAVITY_AWAY_DOG,11,15,33,18,3,-22,24,24,21,46,True
28,GRAVITY_HOME_DOG,16,3,18,47,-23,17,24,41,47,24,True
28,GRAVITY_HOME_DOG,14,15,21,19,-22,-33,26,19,48,52,True
28,GRAVITY_AWAY_DOG,11,13,35,26,-2,-12,34,23,36,35,True
29,GRAVITY_HOME_DOG,13,14,26,22,-13,-22,24,27,37,49,True
29,GRAVITY_AWAY_DOG,1,16,60,18,27,-24,49,25,22,49,True
30,GRAVITY_AWAY_DOG,8,16,42,18,-8,-26,38,25,46,51,True
11,CRUSHER_HOME_FAV,2,15,20,6,7,-7,18,6,11,13,True
12,GRAVITY_HOME_DOG,16,5,6,19,-11,8,6,17,17,9,True
13,GRAVITY_AWAY_DOG,2,16,26,6,9,-13,21,6,12,19,True
14,GRAVITY_HOME_DOG,16,3,6,27,-16,10,6,26,22,16,True
15,GRAVITY_AWAY_DOG,13,16,14,6,-2,-17,19,7,21,24,True
17,GRAVITY_HOME_DOG,15,14,14,15,-14,-11,8,20,22,31,True
18,GRAVITY_AWAY_DOG,11,15,19,14,-2,-15,25,9,27,24,False
20,GRAVITY_HOME_DOG,15,2,15,34,-11,12,21,31,32,19,True
21,GRAVITY_AWAY_DOG,6,15,32,15,5,-13,24,22,19,35,False
28,GRAVITY_AWAY_DOG,4,15,47,24,17,-17,46,18,29,35,False
12,GRAVITY_HOME_DOG,14,10,9,14,-14,-1,8,15,22,16,True
25,GRAVITY_AWAY_DOG,9,15,29,18,-7,-26,26,19,33,45,True
26,GRAVITY_HOME_DOG,15,1,18,55,-28,25,19,45,47,20,True
27,GRAVITY_AWAY_DOG,12,15,29,18,0,-29,33,19,33,48,True
28,CRUSHER_AWAY_FAV,16,2,17,54,-33,27,17,52,50,25,False
6,GRAVITY_HOME_DOG,15,12,3,5,-7,-3,4,7,11,10,True
7,GRAVITY_HOME_DOG,14,10,4,6,-6,-2,4,7,10,9,True
11,GRAVITY_AWAY_DOG,7,14,15,6,3,-10,16,11,13,21,True
12,GRAVITY_HOME_DOG,14,10,6,14,-11,-2,12,11,23,13,True
13,GRAVITY_AWAY_DOG,14,15,9,6,-12,-14,8,12,20,26,True
14,GRAVITY_HOME_DOG,15,3,6,26,-15,14,12,27,27,13,True
14,GRAVITY_AWAY_DOG,9,14,19,9,-3,-10,18,14,21,24,False
22,GRAVITY_HOME_DOG,16,7,11,33,-29,6,18,23,47,17,False
11,GRAVITY_AWAY_DOG,14,16,11,6,-7,-11,11,11,18,22,False
14,GRAVITY_AWAY_DOG,5,16,20,11,1,-17,12,13,11,30,False
19,GRAVITY_HOME_DOG,15,10,19,23,-10,-3,20,21,30,24,False
22,GRAVITY_HOME_DOG,15,14,22,23,-9,-11,13,23,22,34,True
30,GRAVITY_AWAY_DOG,13,15,32,30,-12,-22,30,26,42,48,True
6,GRAVITY_AWAY_DOG,16,15,1,3,-8,-6,3,3,11,9,False
8,GRAVITY_HOME_DOG,16,1,1,16,-10,9,4,16,14,7,False
9,GRAVITY_HOME_DOG,16,8,4,11,-9,6,3,14,12,8,True
10,GRAVITY_AWAY_DOG,14,16,7,4,-6,-11,9,4,15,15,False
11,CRUSHER_HOME_FAV,1,13,24,10,12,-10,19,8,7,18,True
11,GRAVITY_HOME_DOG,16,11,7,12,-10,-8,7,7,17,15,True
12,GRAVITY_HOME_DOG,13,10,10,14,-11,-5,8,10,19,15,False
16,GRAVITY_AWAY_DOG,4,16,28,8,14,-18,26,9,12,27,True
17,GRAVITY_HOME_DOG,16,8,8,22,-21,3,9,20,30,17,False
23,GRAVITY_AWAY_DOG,12,13,23,22,-4,-13,25,24,29,37,True
24,GRAVITY_HOME_DOG,15,9,22,31,-14,-5,24,22,38,27,False
28,GRAVITY_AWAY_DOG,3,15,52,24,21,-21,46,22,25,43,True
29,GRAVITY_HOME_DOG,15,1,24,56,-23,24,22,51,45,27,True
30,GRAVITY_HOME_DOG,15,16,24,22,-24,-25,25,22,49,47,False
10,CRUSHER_AWAY_FAV,13,1,8,27,-5,19,6,26,11,7,True
11,GRAVITY_AWAY_DOG,3,13,17,8,7,-6,19,7,12,13,True
12,GRAVITY_HOME_DOG,14,13,8,9,-7,-7,9,14,16,21,True
13,GRAVITY_AWAY_DOG,12,15,12,8,-3,-9,7,10,10,19,True
19,GRAVITY_HOME_DOG,16,13,10,16,-28,-10,14,11,42,21,True
20,GRAVITY_AWAY_DOG,15,16,14,10,-17,-29,14,14,31,43,True
21,GRAVITY_HOME_DOG,16,15,10,16,-32,-14,14,16,46,30,False
23,CRUSHER_HOME_FAV,4,15,39,16,7,-17,30,16,23,33,True
24,GRAVITY_HOME_DOG,15,11,16,27,-19,-13,16,25,35,38,True
25,CRUSHER_AWAY_FAV,16,2,13,47,-40,22,17,37,57,15,False
25,GRAVITY_AWAY_DOG,3,15,46,17,18,-21,42,22,24,43,True
26,GRAVITY_HOME_DOG,15,12,17,28,-22,-11,23,32,45,43,True
27,GRAVITY_AWAY_DOG,13,15,28,17,-9,-23,17,24,26,47,True
28,GRAVITY_AWAY_DOG,10,16,35,17,-5,-24,36,25,41,49,True
29,GRAVITY_HOME_DOG,16,15,17,19,-28,-23,25,18,53,41,True
7,GRAVITY_AWAY_DOG,8,16,9,1,-1,-6,6,2,7,8,True
8,GRAVITY_HOME_DOG,16,11,1,8,-7,1,2,12,9,11,True
9,GRAVITY_AWAY_DOG,10,16,10,1,0,-9,8,3,8,12,True
10,GRAVITY_HOME_DOG,16,15,1,6,-11,-9,3,9,14,18,True
11,GRAVITY_AWAY_DOG,12,16,11,1,-4,-13,13,3,17,16,True
12,GRAVITY_HOME_DOG,16,11,1,13,-14,-1,3,8,17,9,True
13,GRAVITY_AWAY_DOG,6,16,19,1,-1,-16,13,3,14,19,True
13,GRAVITY_HOME_DOG,13,5,12,19,-4,5,19,20,23,15,True
14,GRAVITY_AWAY_DOG,1,13,29,12,12,-6,22,20,10,26,True
14,GRAVITY_HOME_DOG,16,3,1,25,-17,8,3,22,20,14,False
15,GRAVITY_HOME_DOG,13,16,12,4,-8,-16,21,6,29,22,False
16,GRAVITY_AWAY_DOG,10,14,19,11,-4,-13,13,9,17,22,True
17,GRAVITY_HOME_DOG,14,4,11,27,-15,2,10,17,25,15,True
18,GRAVITY_AWAY_DOG,2,14,34,11,14,-16,33,10,19,26,True
19,GRAVITY_AWAY_DOG,11,16,22,4,2,-23,21,9,19,32,True
20,GRAVITY_HOME_DOG,16,3,4,34,-24,11,9,29,33,18,True
10,GRAVITY_AWAY_DOG,11,15,12,7,-3,-5,14,6,17,11,True
11,GRAVITY_HOME_DOG,15,8,7,15,-6,2,8,10,14,8,False
19,GRAVITY_HOME_DOG,13,11,18,22,-8,1,14,20,22,19,True
20,GRAVITY_AWAY_DOG,12,13,21,18,-12,-9,25,14,37,23,True
21,GRAVITY_HOME_DOG,15,1,16,48,-17,27,9,39,26,12,False
21,GRAVITY_HOME_DOG,13,5,18,31,-10,4,14,22,24,18,True
11,GRAVITY_AWAY_DOG,6,13,16,10,5,-4,13,10,8,14,True
11,GRAVITY_AWAY_DOG,7,16,15,1,-3,-16,13,3,16,19,True
12,GRAVITY_HOME_DOG,16,11,1,12,-19,-4,3,12,22,16,False
12,GRAVITY_HOME_DOG,14,5,10,19,-7,6,10,21,17,15,False
16,GRAVITY_AWAY_DOG,14,15,14,9,-9,-17,16,10,25,27,True
17,GRAVITY_HOME_DOG,15,6,9,25,-20,8,10,28,30,20,True
18,GRAVITY_AWAY_DOG,12,15,20,9,-7,-22,26,10,33,32,False
19,GRAVITY_HOME_DOG,16,12,7,20,-22,-9,10,27,32,36,True
20,GRAVITY_AWAY_DOG,15,16,12,7,-23,-25,13,11,36,36,False
23,GRAVITY_AWAY_DOG,12,15,24,12,-10,-31,19,14,29,45,False
24,GRAVITY_AWAY_DOG,11,14,26,19,-7,-16,27,18,34,34,True
25,GRAVITY_HOME_DOG,14,6,19,39,-17,11,18,40,35,29,True
26,GRAVITY_AWAY_DOG,10,14,30,19,-10,-18,36,19,46,37,True
27,GRAVITY_HOME_DOG,14,15,19,16,-19,-34,19,15,38,49,True
7,GRAVITY_HOME_DOG,14,12,4,6,-13,-5,4,7,17,12,True
8,GRAVITY_AWAY_DOG,7,15,10,4,4,-14,10,5,6,19,True
9,GRAVITY_HOME_DOG,15,8,4,12,-15,3,7,11,22,8,True
10,GRAVITY_AWAY_DOG,13,16,8,4,-8,-17,7,7,15,24,False
18,GRAVITY_HOME_DOG,14,6,13,27,-17,9,18,26,35,17,True
19,GRAVITY_AWAY_DOG,16,14,12,13,-21,-19,12,18,33,37,False
19,GRAVITY_HOME_DOG,13,7,16,28,-11,12,15,24,26,12,False
7,GRAVITY_AWAY_DOG,16,15,1,1,-9,-7,3,2,12,9,False
9,GRAVITY_HOME_DOG,16,1,1,20,-12,11,3,17,15,6,True
10,GRAVITY_AWAY_DOG,12,16,10,1,-3,-13,11,3,14,16,True
11,GRAVITY_HOME_DOG,16,11,1,13,-14,0,3,14,17,14,True
12,GRAVITY_AWAY_DOG,10,16,14,1,-9,-17,10,4,19,21,True
21,GRAVITY_HOME_DOG,14,12,15,19,-14,-6,21,22,35,28,True
30,GRAVITY_HOME_DOG,16,8,18,39,-25,4,17,38,42,34,False
12,GRAVITY_AWAY_DOG,12,15,11,7,-5,-7,5,6,10,13,True
13,CRUSHER_AWAY_FAV,15,4,9,20,-8,5,6,21,14,16,False
13,GRAVITY_HOME_DOG,16,14,7,10,-8,-10,6,8,14,18,True
14,GRAVITY_AWAY_DOG,6,16,20,7,3,-10,21,6,18,16,True
15,GRAVITY_HOME_DOG,16,12,7,14,-12,-12,7,12,19,24,True
16,GRAVITY_HOME_DOG,16,1,7,34,-13,21,7,32,20,11,True
16,CRUSHER_AWAY_FAV,14,2,13,28,-4,8,14,23,18,15,False
23,GRAVITY_HOME_DOG,16,9,15,31,-17,-13,13,23,30,36,True
24,GRAVITY_AWAY_DOG,5,16,40,15,14,-20,39,14,25,34,True
25,GRAVITY_HOME_DOG,15,12,19,24,-24,-15,17,22,41,37,True
25,GRAVITY_HOME_DOG,16,3,15,47,-22,18,14,40,36,22,True
26,GRAVITY_AWAY_DOG,6,15,36,19,3,-26,38,17,35,43,False
26,GRAVITY_AWAY_DOG,13,16,26,15,-11,-23,18,14,29,37,True
27,GRAVITY_HOME_DOG,16,10,15,30,-25,-11,14,26,39,37,True
28,GRAVITY_AWAY_DOG,9,16,36,15,0,-26,40,14,40,40,True
29,GRAVITY_HOME_DOG,16,15,15,22,-30,-27,14,21,44,48,True
30,GRAVITY_AWAY_DOG,2,16,60,15,26,-31,50,15,24,46,True
10,GRAVITY_HOME_DOG,13,12,7,9,-6,-4,8,6,14,10,True
10,GRAVITY_HOME_DOG,16,3,5,18,-6,7,10,17,16,10,True
11,GRAVITY_HOME_DOG,14,12,7,10,-7,-8,8,7,15,15,True
12,GRAVITY_HOME_DOG,16,6,6,19,-17,8,4,18,21,10,True
12,GRAVITY_AWAY_DOG,12,14,10,7,-8,-9,14,8,22,17,True
13,GRAVITY_HOME_DOG,15,2,7,26,-16,20,8,30,24,10,True
13,GRAVITY_AWAY_DOG,3,16,24,6,5,-19,21,5,16,24,True
14,GRAVITY_HOME_DOG,16,12,6,15,-22,-7,5,9,27,16,False
22,GRAVITY_HOME_DOG,16,8,12,29,-17,-4,21,23,38,27,True
23,GRAVITY_AWAY_DOG,13,16,24,12,-17,-19,20,22,37,41,False
25,GRAVITY_AWAY_DOG,2,13,48,24,24,-1,46,34,22,35,True
26,GRAVITY_HOME_DOG,13,9,24,28,-3,-11,35,22,38,33,False
29,GRAVITY_AWAY_DOG,12,13,30,25,-18,-30,27,23,45,53,True
30,GRAVITY_HOME_DOG,13,6,25,47,-31,14,25,39,56,25,True
8,GRAVITY_HOME_DOG,16,11,2,8,-10,-1,4,6,14,7,True
9,GRAVITY_AWAY_DOG,1,16,19,2,16,-11,20,4,4,15,True
10,GRAVITY_HOME_DOG,16,7,2,14,-13,6,6,13,19,7,False
10,GRAVITY_HOME_DOG,13,14,9,7,2,-7,14,9,12,16,False
16,GRAVITY_AWAY_DOG,6,14,24,14,6,-10,25,10,19,20,True
17,GRAVITY_HOME_DOG,13,15,15,13,-7,-10,20,17,27,27,True
17,GRAVITY_HOME_DOG,14,11,14,18,-11,-13,10,14,21,27,False
18,GRAVITY_AWAY_DOG,10,15,22,15,-5,-8,13,21,18,29,False
28,CRUSHER_AWAY_FAV,14,3,25,51,-19,25,27,45,46,20,True
29,GRAVITY_AWAY_DOG,10,15,35,25,-10,-22,28,27,38,49,True
30,GRAVITY_HOME_DOG,15,13,25,28,-24,-19,28,28,52,47,True
9,CRUSHER_HOME_FAV,1,13,22,7,13,-4,18,3,5,7,False
21,GRAVITY_HOME_DOG,15,12,15,20,-18,-10,9,13,27,23,True
26,GRAVITY_AWAY_DOG,12,13,24,22,-14,-12,17,24,31,36,False
28,GRAVITY_HOME_DOG,13,3,24,52,-17,29,19,60,36,31,True
29,GRAVITY_AWAY_DOG,16,13,20,24,-29,-18,19,19,48,37,True
30,GRAVITY_HOME_DOG,13,8,24,41,-21,-1,19,34,40,35,True
8,GRAVITY_AWAY_DOG,13,16,7,1,-8,-10,6,4,14,14,True
9,GRAVITY_HOME_DOG,14,16,7,2,-5,-10,9,4,14,14,True
10,GRAVITY_AWAY_DOG,10,13,11,10,-3,-5,9,10,12,15,True
20,GRAVITY_HOME_DOG,14,8,18,27,-17,7,19,25,36,18,True
21,GRAVITY_AWAY_DOG,12,15,19,17,-20,-14,18,17,38,31,True
21,GRAVITY_AWAY_DOG,4,14,36,18,14,-21,34,19,20,40,False
30,GRAVITY_HOME_DOG,16,6,17,46,-18,12,14,51,32,39,False
6,GRAVITY_HOME_DOG,15,4,3,10,-5,4,4,6,9,2,True
7,GRAVITY_AWAY_DOG,9,15,8,3,-2,-6,5,4,7,10,False
8,GRAVITY_HOME_DOG,15,13,6,7,-6,-5,2,8,8,13,True
9,GRAVITY_AWAY_DOG,5,14,14,6,-1,-7,10,2,11,9,True
10,GRAVITY_HOME_DOG,16,6,6,14,-10,6,2,15,12,9,True
11,GRAVITY_AWAY_DOG,9,16,14,6,4,-11,14,2,10,13,True
12,GRAVITY_HOME_DOG,14,10,8,13,-12,-3,8,9,20,12,True
16,GRAVITY_AWAY_DOG,13,14,14,12,-11,-18,9,11,20,29,False
17,GRAVITY_HOME_DOG,16,14,10,14,-14,-12,15,9,29,21,False
17,GRAVITY_HOME_DOG,13,6,14,26,-9,7,16,20,25,13,True
18,GRAVITY_AWAY_DOG,12,14,16,14,-10,-10,7,17,17,27,True
19,GRAVITY_HOME_DOG,14,16,14,13,-12,-14,18,17,30,31,True
20,GRAVITY_AWAY_DOG,9,16,25,14,-9,-13,19,19,28,32,True
21,GRAVITY_HOME_DOG,16,14,14,17,-15,-12,19,14,34,26,True
22,GRAVITY_HOME_DOG,16,4,14,38,-17,9,19,32,36,23,True
23,GRAVITY_AWAY_DOG,6,16,38,14,15,-19,31,19,16,38,True
24,GRAVITY_HOME_DOG,16,9,14,30,-22,-4,19,25,41,29,False
8,GRAVITY_AWAY_DOG,1,16,16,3,9,-10,17,2,8,12,True
10,GRAVITY_HOME_DOG,14,6,7,15,-8,3,6,12,14,9,True
17,GRAVITY_AWAY_DOG,14,15,13,11,-18,-14,10,9,28,23,True
18,GRAVITY_HOME_DOG,15,8,11,23,-16,-2,10,16,26,18,True
18,GRAVITY_HOME_DOG,16,13,9,16,-22,-16,10,13,32,29,True
19,GRAVITY_AWAY_DOG,7,15,31,11,8,-18,26,10,18,28,False
20,GRAVITY_AWAY_DOG,6,14,34,14,11,-16,29,13,18,29,True
21,GRAVITY_HOME_DOG,15,14,14,17,-17,-14,13,16,30,30,False
24,GRAVITY_HOME_DOG,14,8,20,31,-28,-2,18,21,46,23,False
26,GRAVITY_AWAY_DOG,5,14,46,20,12,-25,39,19,27,44,True
6,GRAVITY_HOME_DOG,16,7,1,7,-6,3,2,6,8,3,True
9,GRAVITY_AWAY_DOG,1,16,22,5,12,-11,17,10,5,21,True
10,GRAVITY_HOME_DOG,16,10,5,10,-15,0,11,12,26,12,True
11,GRAVITY_AWAY_DOG,8,16,14,5,-1,-16,12,12,13,28,True
13,GRAVITY_HOME_DOG,14,2,9,24,-14,9,6,16,20,7,True
14,GRAVITY_AWAY_DOG,14,15,10,9,-7,-17,11,7,18,24,True
19,GRAVITY_AWAY_DOG,3,14,36,11,10,-11,26,18,16,29,True
20,GRAVITY_HOME_DOG,13,12,18,19,-18,-7,22,20,40,27,False
20,GRAVITY_HOME_DOG,15,3,11,37,-14,10,18,29,32,19,False
27,GRAVITY_AWAY_DOG,9,13,36,24,2,-25,27,29,25,54,False
11,GRAVITY_HOME_DOG,16,2,4,20,-11,8,7,18,18,10,True
12,GRAVITY_AWAY_DOG,15,16,4,4,-12,-14,8,7,20,21,True
13,GRAVITY_HOME_DOG,16,7,4,21,-16,5,7,21,23,16,True
17,CRUSHER_HOME_FAV,2,16,34,5,7,-20,24,13,17,33,True
18,GRAVITY_HOME_DOG,16,7,5,27,-22,8,14,31,36,23,True
19,GRAVITY_AWAY_DOG,10,16,23,5,-10,-23,19,14,29,37,False
21,GRAVITY_AWAY_DOG,16,14,11,13,-21,-18,16,24,37,42,False
29,GRAVITY_AWAY_DOG,16,14,18,27,-32,-23,23,26,55,49,True
29,GRAVITY_AWAY_DOG,10,15,32,19,-8,-29,23,22,31,51,False
30,GRAVITY_HOME_DOG,14,13,27,29,-24,-12,26,39,50,51,True
9,GRAVITY_AWAY_DOG,13,16,5,1,-6,-21,7,3,13,24,False
12,GRAVITY_HOME_DOG,16,5,4,19,-12,1,5,12,17,11,True
16,GRAVITY_AWAY_DOG,14,13,13,14,-11,-15,14,11,25,26,False
17,GRAVITY_AWAY_DOG,4,16,28,9,9,-24,20,12,11,36,True
18,GRAVITY_HOME_DOG,16,7,9,28,-25,9,12,25,37,16,True
19,GRAVITY_AWAY_DOG,3,13,35,16,18,-11,36,10,18,21,True
19,GRAVITY_AWAY_DOG,6,16,32,9,10,-27,26,12,16,39,True
20,GRAVITY_HOME_DOG,14,1,16,40,-12,19,12,37,24,18,True
21,GRAVITY_AWAY_DOG,11,14,21,16,-13,-13,16,12,29,25,True
11,GRAVITY_AWAY_DOG,7,15,15,5,3,-10,10,6,7,16,True
12,GRAVITY_HOME_DOG,15,16,5,3,-11,-21,6,7,17,28,True
13,GRAVITY_AWAY_DOG,3,16,23,5,9,-12,21,7,12,19,True
14,GRAVITY_HOME_DOG,16,1,5,28,-15,15,7,21,22,6,True
15,GRAVITY_AWAY_DOG,11,16,16,5,-3,-17,22,7,25,24,True
16,GRAVITY_AWAY_DOG,13,16,15,5,-10,-18,10,8,20,26,True
17,GRAVITY_HOME_DOG,16,14,5,16,-20,-12,8,15,28,27,True
21,GRAVITY_AWAY_DOG,2,13,41,19,20,-10,33,27,13,37,True
22,GRAVITY_AWAY_DOG,5,14,36,19,18,-14,37,28,19,42,True
23,GRAVITY_HOME_DOG,14,12,19,23,-15,-12,29,19,44,31,True
23,GRAVITY_HOME_DOG,16,4,7,39,-29,19,10,39,39,20,True
24,GRAVITY_AWAY_DOG,13,14,23,19,-14,-16,20,30,34,46,True
29,GRAVITY_HOME_DOG,14,9,20,35,-25,3,32,36,57,33,True
30,GRAVITY_AWAY_DOG,16,14,13,20,-34,-26,14,32,48,58,True
6,GRAVITY_AWAY_DOG,16,15,1,3,-7,-6,4,3,11,9,True
7,GRAVITY_HOME_DOG,16,6,3,9,-7,-1,3,8,10,9,False
11,GRAVITY_HOME_DOG,15,12,10,11,-7,-2,10,8,17,10,False
13,GRAVITY_AWAY_DOG,1,16,22,11,12,-6,20,11,8,17,True
16,GRAVITY_AWAY_DOG,5,16,24,13,6,-12,20,8,14,20,False
24,GRAVITY_HOME_DOG,13,8,22,34,-12,-2,25,35,37,37,True
25,CRUSHER_HOME_FAV,2,16,43,19,16,-19,37,14,21,33,False
11,GRAVITY_HOME_DOG,16,13,5,11,-8,-5,6,13,14,18,True
12,GRAVITY_AWAY_DOG,4,16,18,5,3,-9,16,6,13,15,True
18,GRAVITY_HOME_DOG,16,5,7,27,-18,7,10,28,28,21,True
29,GRAVITY_HOME_DOG,15,5,23,43,-17,5,26,32,43,27,True
30,GRAVITY_AWAY_DOG,14,16,31,16,-19,-27,26,20,45,47,False
30,GRAVITY_AWAY_DOG,3,15,51,23,21,-18,47,26,26,44,True
10,GRAVITY_AWAY_DOG,6,16,14,8,0,-8,10,11,10,19,True
11,GRAVITY_HOME_DOG,16,15,8,8,-10,-2,12,9,22,11,True
12,GRAVITY_AWAY_DOG,8,16,14,8,0,-11,19,12,19,23,True
13,GRAVITY_HOME_DOG,16,14,8,12,-13,-7,12,7,25,14,False
13,GRAVITY_AWAY_DOG,10,15,15,10,0,-4,18,17,18,21,False
14,GRAVITY_AWAY_DOG,15,14,12,13,-9,-6,9,8,18,14,False
17,GRAVITY_HOME_DOG,16,4,12,27,-13,-1,11,27,24,28,True
23,GRAVITY_HOME_DOG,16,10,15,29,-22,1,23,28,45,27,True
24,GRAVITY_AWAY_DOG,4,16,37,15,5,-23,32,24,27,47,True
25,GRAVITY_HOME_DOG,16,5,15,37,-27,12,24,39,51,27,True
26,GRAVITY_AWAY_DOG,13,16,29,15,-3,-29,30,24,33,53,True
27,GRAVITY_HOME_DOG,16,7,15,35,-32,-4,24,35,56,39,False
6,GRAVITY_AWAY_DOG,10,14,7,3,-3,-1,8,5,11,6,False
7,CRUSHER_AWAY_FAV,14,1,4,15,-7,7,6,14,13,7,True
8,GRAVITY_AWAY_DOG,12,16,7,4,-2,-8,7,6,9,14,True
12,CRUSHER_AWAY_FAV,13,1,12,26,-7,23,8,32,15,9,True
13,GRAVITY_HOME_DOG,13,3,12,25,-10,9,8,27,18,18,True
14,GRAVITY_AWAY_DOG,4,13,23,12,7,-13,19,8,12,21,True
15,GRAVITY_HOME_DOG,14,9,12,17,-15,4,8,24,23,20,False
19,GRAVITY_AWAY_DOG,1,16,42,10,28,-24,41,14,13,38,False
22,GRAVITY_AWAY_DOG,10,15,25,17,0,-16,28,20,28,36,True
23,GRAVITY_HOME_DOG,15,2,17,47,-17,15,21,42,38,27,True
24,GRAVITY_HOME_DOG,16,12,17,22,-19,-14,21,25,40,39,False
26,GRAVITY_AWAY_DOG,15,14,20,22,-19,-22,23,22,42,44,True
27,GRAVITY_HOME_DOG,15,12,22,28,-23,-9,22,32,45,41,False
8,GRAVITY_AWAY_DOG,9,16,9,3,1,-7,12,4,11,11,True
8,GRAVITY_AWAY_DOG,8,14,10,4,2,-6,12,2,10,8,False
8,GRAVITY_AWAY_DOG,5,15,12,3,4,-6,9,5,5,11,True
9,GRAVITY_HOME_DOG,16,5,3,13,-7,0,5,9,12,9,False
25,GRAVITY_HOME_DOG,14,16,23,19,-10,-20,18,22,28,42,True
7,GRAVITY_AWAY_DOG,3,13,13,4,8,-5,13,5,5,10,True
8,GRAVITY_HOME_DOG,14,6,4,11,-6,4,5,14,11,10,True
10,GRAVITY_AWAY_DOG,13,16,5,3,-9,-16,6,6,15,22,False
15,GRAVITY_HOME_DOG,15,16,7,6,-15,-16,11,6,26,22,False
20,GRAVITY_AWAY_DOG,9,15,24,14,-5,-18,21,21,26,39,False
26,GRAVITY_AWAY_DOG,8,14,31,21,-9,-12,28,31,37,43,True
6,GRAVITY_HOME_DOG,16,4,1,11,-10,5,5,10,15,5,False
9,GRAVITY_AWAY_DOG,6,14,14,3,2,-10,13,7,11,17,True
10,GRAVITY_HOME_DOG,15,8,3,14,-11,0,8,9,19,9,True
11,GRAVITY_AWAY_DOG,14,16,5,3,-8,-12,8,9,16,21,True
11,GRAVITY_AWAY_DOG,15,13,4,8,-13,-12,7,8,20,20,False
19,GRAVITY_AWAY_DOG,7,14,25,18,4,-13,29,23,25,36,True
20,GRAVITY_HOME_DOG,14,5,18,32,-14,16,24,33,38,17,True
21,GRAVITY_AWAY_DOG,3,14,39,18,11,-16,37,25,26,41,False
8,GRAVITY_HOME_DOG,16,6,3,11,-7,3,3,9,10,6,True
9,GRAVITY_AWAY_DOG,9,16,10,3,1,-8,8,3,7,11,True
10,GRAVITY_HOME_DOG,16,15,3,6,-10,-7,3,3,13,10,True
11,GRAVITY_AWAY_DOG,13,16,10,3,-6,-11,13,4,19,15,True
14,GRAVITY_HOME_DOG,15,4,8,24,-12,8,9,19,21,11,True
22,GRAVITY_HOME_DOG,13,1,20,44,-7,22,32,38,39,16,True
23,GRAVITY_AWAY_DOG,4,13,39,20,10,-9,35,32,25,41,True
24,GRAVITY_HOME_DOG,13,8,20,30,-10,-1,32,26,42,27,True
24,CRUSHER_HOME_FAV,2,14,45,19,9,-15,33,15,24,30,True
25,GRAVITY_HOME_DOG,15,16,19,17,-16,-18,16,13,32,31,True
26,GRAVITY_AWAY_DOG,6,16,39,19,11,-19,37,16,26,35,True
27,GRAVITY_HOME_DOG,16,15,19,22,-21,-13,16,33,37,46,False
14,GRAVITY_HOME_DOG,14,2,12,28,-10,7,8,22,18,15,True
15,GRAVITY_AWAY_DOG,4,14,25,12,11,-12,26,8,15,20,True
16,GRAVITY_AWAY_DOG,7,14,21,12,2,-15,26,8,24,23,True
17,GRAVITY_AWAY_DOG,11,16,19,10,-1,-15,19,15,20,30,False
22,GRAVITY_HOME_DOG,16,9,13,26,-20,-7,19,20,39,27,False
27,GRAVITY_HOME_DOG,15,16,22,17,-21,-22,18,26,39,48,True
29,GRAVITY_AWAY_DOG,11,14,32,25,-11,-15,26,27,37,42,False
6,GRAVITY_HOME_DOG,15,6,3,9,-11,2,3,8,14,6,False
8,GRAVITY_HOME_DOG,15,4,4,13,-9,2,5,6,14,4,True
9,GRAVITY_HOME_DOG,16,8,2,10,-9,1,3,11,12,10,False
9,GRAVITY_AWAY_DOG,12,15,9,4,-1,-12,9,5,10,17,True
10,GRAVITY_HOME_DOG,16,15,4,5,-13,-6,5,6,18,12,True
11,GRAVITY_AWAY_DOG,1,16,22,4,9,-14,20,5,11,19,True
13,GRAVITY_HOME_DOG,15,12,10,14,-10,-4,13,13,23,17,False
16,CRUSHER_HOME_FAV,1,15,34,11,20,-14,32,18,12,32,False
28,GRAVITY_HOME_DOG,16,11,26,31,-20,-13,28,31,48,44,False
17,GRAVITY_HOME_DOG,16,5,13,25,-12,0,18,27,30,27,True
18,GRAVITY_AWAY_DOG,11,13,19,18,-8,-10,15,16,23,26,True
18,GRAVITY_AWAY_DOG,4,16,30,13,7,-14,31,19,24,33,True
19,GRAVITY_HOME_DOG,16,9,13,26,-17,0,20,29,37,29,True
20,GRAVITY_HOME_DOG,16,4,13,32,-18,12,20,32,38,20,False
26,GRAVITY_AWAY_DOG,14,15,26,22,-18,-19,20,18,38,37,True
27,GRAVITY_HOME_DOG,16,11,22,30,-20,1,18,39,38,38,True
28,GRAVITY_AWAY_DOG,2,14,48,26,11,-17,44,21,33,38,True
28,GRAVITY_AWAY_DOG,13,16,26,22,-10,-21,31,18,41,39,True
29,GRAVITY_HOME_DOG,15,3,26,49,-19,10,22,46,41,36,True
7,GRAVITY_HOME_DOG,14,10,4,8,-2,2,5,7,7,5,True
7,GRAVITY_HOME_DOG,13,16,6,1,-6,-7,5,4,11,11,True
8,GRAVITY_AWAY_DOG,8,14,10,4,3,-3,10,6,7,9,True
8,GRAVITY_AWAY_DOG,7,13,11,6,0,-8,9,6,9,14,True
9,GRAVITY_HOME_DOG,14,1,6,19,-11,8,7,16,18,8,True
9,GRAVITY_HOME_DOG,15,12,4,8,-4,-5,7,7,11,12,False
10,GRAVITY_AWAY_DOG,6,15,15,6,0,-12,14,7,14,19,True
10,GRAVITY_HOME_DOG,13,16,8,3,-6,-10,7,4,13,14,False
11,GRAVITY_HOME_DOG,16,11,3,12,-13,2,4,14,17,12,True
11,GRAVITY_AWAY_DOG,12,15,12,6,-8,-15,7,8,15,23,False
14,GRAVITY_HOME_DOG,14,7,12,22,-17,1,9,14,26,13,True
15,CRUSHER_AWAY_FAV,13,3,13,28,-4,12,16,30,20,18,False
15,GRAVITY_AWAY_DOG,2,14,33,12,15,-18,27,9,12,27,True
16,GRAVITY_AWAY_DOG,12,15,15,12,-4,-19,13,9,17,28,False
18,GRAVITY_HOME_DOG,13,5,15,28,-8,1,13,17,21,16,True
19,GRAVITY_AWAY_DOG,1,13,45,15,19,-9,32,13,13,22,True
20,GRAVITY_AWAY_DOG,4,14,35,15,12,-10,34,13,22,23,False
20,GRAVITY_HOME_DOG,13,8,17,26,-8,1,19,23,27,22,True
21,GRAVITY_HOME_DOG,15,12,15,20,-23,-4,13,24,36,28,True
21,GRAVITY_AWAY_DOG,2,14,45,17,20,-9,43,19,23,28,True
22,GRAVITY_AWAY_DOG,5,16,38,14,11,-24,36,13,25,37,True
26,GRAVITY_HOME_DOG,15,1,18,57,-14,24,21,44,35,20,True
27,GRAVITY_AWAY_DOG,10,15,32,18,0,-15,26,23,26,38,True
27,GRAVITY_AWAY_DOG,7,13,38,24,11,-23,42,25,31,48,True
28,GRAVITY_HOME_DOG,13,5,24,49,-24,8,26,30,50,22,False
28,GRAVITY_HOME_DOG,16,15,18,21,-16,-25,23,21,39,46,True
9,GRAVITY_AWAY_DOG,12,14,8,6,-2,-2,9,7,11,9,True
10,GRAVITY_HOME_DOG,14,2,6,19,-3,6,7,13,10,7,True
11,GRAVITY_AWAY_DOG,3,15,17,6,10,-4,21,8,11,12,True
12,GRAVITY_HOME_DOG,15,11,6,11,-5,-4,8,11,13,15,False
12,GRAVITY_HOME_DOG,16,5,5,19,-13,0,13,17,26,17,True
13,GRAVITY_HOME_DOG,13,15,10,9,-4,-2,10,11,14,13,False
13,GRAVITY_HOME_DOG,16,14,5,10,-14,-7,13,11,27,18,True
14,GRAVITY_AWAY_DOG,3,16,24,5,6,-15,16,15,10,30,True
14,GRAVITY_AWAY_DOG,2,14,28,11,8,-9,19,13,11,22,False
14,CRUSHER_HOME_FAV,4,13,24,12,5,-7,23,15,18,22,True
15,GRAVITY_HOME_DOG,16,1,5,30,-16,10,15,25,31,15,True
15,GRAVITY_HOME_DOG,14,15,12,10,-10,-4,16,13,26,17,True
27,CRUSHER_AWAY_FAV,13,1,24,54,-12,17,30,44,42,27,False
28,GRAVITY_AWAY_DOG,16,13,17,25,-18,-12,25,27,43,39,False
6,GRAVITY_HOME_DOG,14,8,3,6,-6,-2,5,7,11,9,False
6,GRAVITY_HOME_DOG,16,6,1,7,-6,2,2,8,8,6,False
9,GRAVITY_HOME_DOG,16,14,4,5,-8,-4,7,6,15,10,True
10,GRAVITY_HOME_DOG,15,1,5,22,-7,12,7,19,14,7,True
12,GRAVITY_HOME_DOG,14,6,8,18,-14,-1,10,16,24,17,True
13,GRAVITY_AWAY_DOG,13,14,12,8,-6,-15,16,11,22,26,True
14,GRAVITY_HOME_DOG,15,8,8,19,-16,0,11,16,27,16,False
27,GRAVITY_AWAY_DOG,14,15,27,24,-13,-16,23,28,36,44,True
28,GRAVITY_HOME_DOG,15,5,24,45,-17,9,28,43,45,34,True
29,GRAVITY_AWAY_DOG,9,15,37,24,-2,-21,33,29,35,50,True
11,GRAVITY_HOME_DOG,15,7,8,13,-8,2,7,13,15,11,True
14,GRAVITY_AWAY_DOG,13,16,14,7,-5,-12,13,11,18,23,False
14,GRAVITY_AWAY_DOG,5,15,20,12,6,-11,18,12,12,23,True
15,GRAVITY_HOME_DOG,15,4,12,25,-13,5,12,19,25,14,False
23,GRAVITY_AWAY_DOG,14,13,19,19,-19,-12,18,16,37,28,False
26,GRAVITY_AWAY_DOG,8,16,38,16,12,-24,37,19,25,43,True
27,GRAVITY_HOME_DOG,13,9,23,36,-14,1,18,28,32,27,True
28,CRUSHER_HOME_FAV,3,14,48,23,18,-20,44,24,26,44,True
29,GRAVITY_HOME_DOG,15,5,23,45,-25,17,24,44,49,27,True
30,GRAVITY_AWAY_DOG,9,16,40,23,3,-29,31,24,28,53,True
17,GRAVITY_AWAY_DOG,12,15,17,15,-11,-15,14,11,25,26,False
23,GRAVITY_AWAY_DOG,9,14,29,18,-5,-16,19,11,24,27,True
24,GRAVITY_AWAY_DOG,6,15,37,17,4,-20,30,12,26,32,True
25,GRAVITY_HOME_DOG,15,12,17,27,-23,-12,12,24,35,36,False
28,CRUSHER_AWAY_FAV,14,1,20,60,-20,35,14,55,34,20,False
29,GRAVITY_AWAY_DOG,7,13,40,27,-3,-22,34,27,37,49,True
11,GRAVITY_HOME_DOG,15,6,8,16,-4,3,6,11,10,8,False
24,GRAVITY_AWAY_DOG,14,15,19,17,-16,-18,18,25,34,43,False
25,GRAVITY_AWAY_DOG,1,16,50,16,24,-23,47,22,23,45,True
8,GRAVITY_AWAY_DOG,11,16,7,3,-4,-8,8,7,12,15,True
9,GRAVITY_HOME_DOG,16,8,3,10,-10,-1,7,9,17,10,True
11,GRAVITY_HOME_DOG,13,16,9,4,-2,-12,13,8,15,20,False
12,GRAVITY_HOME_DOG,14,15,10,8,-7,-8,10,8,17,16,False
7,GRAVITY_HOME_DOG,16,15,1,3,-9,-10,2,4,11,14,True
8,GRAVITY_AWAY_DOG,6,16,12,1,10,-10,19,4,9,14,True
9,GRAVITY_HOME_DOG,16,10,1,10,-13,-4,5,12,18,16,True
21,GRAVITY_HOME_DOG,14,15,14,14,-17,-24,17,16,34,40,True
6,GRAVITY_AWAY_DOG,11,15,6,1,-3,-5,2,4,5,9,True
12,GRAVITY_HOME_DOG,13,4,9,18,-3,6,10,15,13,9,True
13,GRAVITY_AWAY_DOG,9,14,15,9,-2,-6,7,11,9,17,True
14,GRAVITY_HOME_DOG,14,10,9,15,-7,-1,11,12,18,13,True
15,GRAVITY_HOME_DOG,14,11,9,15,-8,-5,12,11,20,16,True
17,GRAVITY_HOME_DOG,14,8,12,22,-17,0,13,16,30,16,True
23,GRAVITY_HOME_DOG,15,11,16,24,-25,-8,17,17,42,25,True
6,GRAVITY_AWAY_DOG,4,16,10,3,2,-8,6,3,4,11,False
7,GRAVITY_HOME_DOG,16,8,3,8,-3,-3,12,7,15,10,True
8,GRAVITY_AWAY_DOG,11,16,7,3,-4,-5,8,12,12,17,True
10,GRAVITY_AWAY_DOG,14,15,9,5,-7,-13,10,4,17,17,True
11,GRAVITY_HOME_DOG,15,4,5,17,-15,-1,4,13,19,14,True
18,GRAVITY_AWAY_DOG,3,14,30,17,7,-9,27,21,20,30,True
19,GRAVITY_HOME_DOG,15,14,17,17,-11,-10,22,21,33,31,True
24,GRAVITY_AWAY_DOG,7,15,37,21,7,-14,35,20,28,34,False
25,GRAVITY_HOME_DOG,15,11,21,25,-13,-11,28,24,41,35,False
29,GRAVITY_HOME_DOG,15,13,24,27,-16,-17,25,31,41,48,False
29,CRUSHER_AWAY_FAV,16,1,22,59,-26,24,16,50,42,26,True
30,GRAVITY_AWAY_DOG,15,16,27,22,-18,-29,31,16,49,45,True
30,GRAVITY_HOME_DOG,13,3,28,50,-16,15,31,50,47,35,True
7,GRAVITY_AWAY_DOG,15,14,3,3,-5,-3,8,7,13,10,False
8,GRAVITY_HOME_DOG,14,15,4,3,-7,-9,8,8,15,17,False
10,GRAVITY_AWAY_DOG,5,15,16,3,4,-13,10,10,6,23,True
11,GRAVITY_HOME_DOG,14,8,8,15,-13,9,4,21,17,12,True
12,GRAVITY_AWAY_DOG,13,14,11,8,-3,-14,17,4,20,18,False
15,GRAVITY_HOME_DOG,13,9,11,21,-4,3,17,17,21,14,False
17,GRAVITY_AWAY_DOG,4,15,29,11,4,-16,25,7,21,23,True
13,GRAVITY_AWAY_DOG,7,15,19,6,0,-14,15,8,15,22,True
14,GRAVITY_HOME_DOG,15,13,6,14,-15,-6,8,10,23,16,True
16,GRAVITY_HOME_DOG,13,16,16,8,-5,-15,20,10,25,25,False
26,GRAVITY_HOME_DOG,13,8,26,33,-14,-5,32,23,46,28,True
29,GRAVITY_HOME_DOG,15,11,26,31,-22,-13,25,36,47,49,True
15,CRUSHER_AWAY_FAV,15,1,13,35,-7,26,16,31,23,5,False
17,GRAVITY_AWAY_DOG,6,16,24,12,4,-16,22,14,18,30,True
18,GRAVITY_HOME_DOG,16,2,12,35,-18,21,14,42,32,21,True
19,GRAVITY_AWAY_DOG,3,16,30,12,8,-22,31,15,23,37,True
27,GRAVITY_HOME_DOG,14,3,24,43,-11,7,26,40,37,33,True
30,GRAVITY_AWAY_DOG,7,15,45,22,-1,-25,41,24,42,49,True
30,CRUSHER_AWAY_FAV,16,3,22,50,-31,17,25,56,56,39,True
6,GRAVITY_AWAY_DOG,6,15,7,3,2,-5,6,4,4,9,True
8,GRAVITY_AWAY_DOG,1,15,17,3,8,-9,11,4,3,13,True
9,GRAVITY_HOME_DOG,15,6,3,14,-10,3,4,11,14,8,True
11,GRAVITY_HOME_DOG,15,2,7,22,-15,9,7,15,22,6,True
12,GRAVITY_AWAY_DOG,6,15,18,7,3,-17,14,7,11,24,True
13,GRAVITY_HOME_DOG,16,7,7,18,-19,4,8,14,27,10,True
14,GRAVITY_AWAY_DOG,8,16,18,7,4,-20,21,9,17,29,True
19,GRAVITY_HOME_DOG,16,14,8,17,-28,-12,11,19,39,31,True
23,CRUSHER_AWAY_FAV,14,1,19,48,-13,24,15,35,28,11,True
24,GRAVITY_AWAY_DOG,3,15,40,19,16,-16,39,16,23,32,True
25,GRAVITY_HOME_DOG,15,7,19,37,-19,6,16,34,35,28,True
6,GRAVITY_AWAY_DOG,13,15,5,3,-3,-5,4,3,7,8,False
17,GRAVITY_HOME_DOG,16,1,15,31,-7,12,24,26,31,14,False
20,GRAVITY_HOME_DOG,13,7,20,25,-7,5,22,26,29,21,True
21,GRAVITY_AWAY_DOG,10,15,24,20,-1,-8,33,23,34,31,True
22,GRAVITY_HOME_DOG,15,16,20,20,-9,-12,24,20,33,32,False
23,GRAVITY_HOME_DOG,16,7,20,32,-15,1,20,33,35,32,True
24,GRAVITY_AWAY_DOG,3,16,42,20,6,-16,26,21,20,37,True
25,GRAVITY_HOME_DOG,16,7,20,32,-17,4,21,34,38,30,True
27,CRUSHER_HOME_FAV,3,15,50,24,7,-12,38,30,31,42,False
6,GRAVITY_HOME_DOG,14,11,3,5,-6,-5,5,4,11,9,False
14,GRAVITY_AWAY_DOG,14,15,12,8,-9,-18,11,11,20,29,True
19,GRAVITY_AWAY_DOG,6,16,31,9,7,-24,28,14,21,38,True
20,GRAVITY_HOME_DOG,16,8,9,27,-27,-9,15,24,42,33,True
21,GRAVITY_AWAY_DOG,12,16,25,9,-2,-28,27,15,29,43,False
25,GRAVITY_HOME_DOG,13,15,30,19,-15,-20,28,18,43,38,False
30,GRAVITY_AWAY_DOG,8,13,42,34,5,-13,33,25,28,38,True
6,GRAVITY_HOME_DOG,15,7,1,9,-10,0,3,5,13,5,False
19,GRAVITY_AWAY_DOG,13,15,19,9,-12,-23,15,14,27,37,True
19,GRAVITY_AWAY_DOG,9,14,23,15,-2,-10,19,19,21,29,True
20,GRAVITY_HOME_DOG,15,13,9,19,-25,-5,15,21,40,26,False
20,GRAVITY_HOME_DOG,14,3,15,38,-11,13,19,31,30,18,False
21,GRAVITY_HOME_DOG,13,6,19,33,-7,8,22,32,29,24,True
24,GRAVITY_AWAY_DOG,16,13,13,21,-33,-17,13,17,46,34,True
25,GRAVITY_HOME_DOG,13,8,21,34,-18,1,17,28,35,27,True
6,GRAVITY_HOME_DOG,14,16,3,1,-3,-8,5,2,8,10,False
7,GRAVITY_HOME_DOG,16,3,1,11,-11,3,2,11,13,8,True
8,GRAVITY_AWAY_DOG,2,15,14,3,5,-11,8,2,3,13,True
8,GRAVITY_AWAY_DOG,9,16,10,1,-2,-12,8,3,10,15,False
9,GRAVITY_HOME_DOG,16,8,3,11,-14,-1,2,9,16,10,True
15,GRAVITY_HOME_DOG,14,15,13,10,-13,-15,11,13,24,28,True
16,GRAVITY_HOME_DOG,15,11,13,17,-14,-6,12,14,26,20,False
20,GRAVITY_AWAY_DOG,4,15,34,17,11,-12,23,14,12,26,True
21,GRAVITY_HOME_DOG,15,11,17,24,-13,-5,15,19,28,24,False
26,GRAVITY_AWAY_DOG,11,15,30,20,-6,-21,35,19,41,40,True
27,GRAVITY_HOME_DOG,15,11,20,32,-25,-8,20,29,45,37,False
7,GRAVITY_AWAY_DOG,15,16,1,1,-9,-10,3,3,12,13,False
8,GRAVITY_AWAY_DOG,14,16,2,1,-8,-11,1,3,9,14,True
9,GRAVITY_HOME_DOG,16,11,1,8,-12,-8,3,7,15,15,False
13,GRAVITY_AWAY_DOG,15,13,7,8,-15,-18,11,12,26,30,False
16,GRAVITY_HOME_DOG,16,12,7,13,-21,-7,14,11,35,18,False
18,GRAVITY_AWAY_DOG,15,14,11,13,-16,-21,14,15,30,36,True
18,GRAVITY_HOME_DOG,16,9,10,22,-15,-6,12,22,27,28,True
19,GRAVITY_AWAY_DOG,1,16,42,10,25,-17,36,12,11,29,True
19,GRAVITY_HOME_DOG,15,2,13,41,-23,24,15,38,38,14,True
20,GRAVITY_AWAY_DOG,6,15,32,13,16,-27,38,15,22,42,True
20,GRAVITY_HOME_DOG,16,5,10,34,-21,7,13,26,34,19,True
26,GRAVITY_HOME_DOG,13,7,23,38,-13,9,23,36,36,27,False
17,GRAVITY_AWAY_DOG,16,15,7,12,-14,-15,18,18,32,33,False
25,CRUSHER_HOME_FAV,1,13,52,25,21,-15,43,31,22,46,True
26,GRAVITY_HOME_DOG,13,5,25,40,-16,11,32,38,48,27,False
8,GRAVITY_AWAY_DOG,3,14,16,2,6,-6,14,6,8,12,True
9,GRAVITY_AWAY_DOG,9,16,11,1,1,-11,13,4,12,15,True
10,GRAVITY_HOME_DOG,16,9,1,12,-13,1,4,14,17,13,False
15,GRAVITY_AWAY_DOG,1,15,39,10,20,-14,28,11,8,25,True
16,GRAVITY_AWAY_DOG,10,15,18,10,-5,-17,20,12,25,29,False
19,GRAVITY_HOME_DOG,15,1,11,43,-13,21,17,36,30,15,True
20,GRAVITY_AWAY_DOG,10,16,20,11,-8,-15,23,17,31,32,False
27,GRAVITY_AWAY_DOG,10,15,30,20,-10,-18,32,36,42,54,True
28,GRAVITY_HOME_DOG,15,5,20,48,-20,11,36,48,56,37,True
29,GRAVITY_AWAY_DOG,7,16,45,20,1,-23,37,37,36,60,False
30,GRAVITY_HOME_DOG,14,11,24,32,-22,-11,20,38,42,49,True
