tree
version=v4
num_class=1
num_tree_per_iteration=1
label_index=0
max_feature_idx=59
objective=binary sigmoid:1
feature_names=Column_0 Column_1 Column_2 Column_3 Column_4 Column_5 Column_6 Column_7 Column_8 Column_9 Column_10 Column_11 Column_12 Column_13 Column_14 Column_15 Column_16 Column_17 Column_18 Column_19 Column_20 Column_21 Column_22 Column_23 Column_24 Column_25 Column_26 Column_27 Column_28 Column_29 Column_30 Column_31 Column_32 Column_33 Column_34 Column_35 Column_36 Column_37 Column_38 Column_39 Column_40 Column_41 Column_42 Column_43 Column_44 Column_45 Column_46 Column_47 Column_48 Column_49 Column_50 Column_51 Column_52 Column_53 Column_54 Column_55 Column_56 Column_57 Column_58 Column_59
feature_infos=[1:16] [0:76] [1:30] [0:6] [0:5] [-5:6] [0:1] [0:1] [0:1] [0:3] [1:16] [0:74] [1:30] [0:5] [0:6] [-6:5] [0:1] [0:1] [0:1] [0:3] [-15:15] [-51:53] [-1:1] [-5:6] [0:12] [503:516] [0.10000000000000001:0.73399999999999999] [0.151:0.33500000000000002] [0.10000000000000001:0.73399999999999999] [1.6499999999999999:3.5169999999999999] [1.2370000000000001:1.702] [0.498:0.91600000000000004] [0.23400000000000001:0.69499999999999995] [0.083000000000000004:0.48499999999999999] [0.30499999999999999:0.76600000000000001] [0.51500000000000001:0.91700000000000004] [0.316:0.65000000000000002] [0.34999999999999998:0.68400000000000005] none [2.2829999999999999:2.8490000000000002] [0.65000000000000002:0.81399999999999995] [0.39700000000000002:0.56899999999999995] [0.19600000000000001:0.33800000000000002] [0.66200000000000003:0.80400000000000005] [0.38200000000000001:0.57099999999999995] none none none none none none none none none none none none none none [1:30]
tree_sizes=3349 3502 3507 3502 3484 3499 3509 3486 3497 3499 3515 3386 3507 3382 3486 3484 3487 3477 3491 3502 3501 3507 3505 3512 3505 3497 3492 3477 3513 3510 3406 3506 3409 3501 3500 3531 3305 3499 3397 3527 3386 3509 3507 3383 3417 3413 3199 3492 2991 3490 2977 3084 2986 3491 2979 3388 3280 3395 3487 3096 3207 3085 3186 3071 3107 3204 2875 3086 2982 2968 2884 2662 2989 2883 2993 2756 3467 3269 2881 2874 2892 2972 2989 2880 2763 3200 2888 2879 2855 2880 2891 3095 2994 2997 2752 2566 2990 2670 3204 3005 3233 2339 3442 2883 2679 2900 2549 3514 2685 3109 3412 2778 3232 2768 2770 2415 2757 3216 2723 2435 2790 2551 2325 3115 2661 3388 3453 2670 2791 2679 2000 2682 2429 2432 3007 2995 2341 3303 2634 3054 3005 2346 2427 2105 3027 2547 3101 3166 2230 3481 3126 2449 2634 3113 3081 3267 2229 2754 3105 2439 2675 3061 3291 3245 2819 2639 3467 3413 2728 2629 2911 2863 3102 2992 3250 3245 2443 3477 2557 2998 2865 3356 3415 3062 2881 3130 3255 2406 2335 2640 2864 2998 2333 3118 3196 3455 2728 2746 2995 3021 2413 2441 3255 3360 2622 2925 2903 3467 3158 3359 2279 2891 3146 2758 2527 3365 2884 2783 2944 3459 2243 3115 2714 2547 3138 2770 2436 2870 2759 2435 3354 3008 3380 2933 2919 3343 3169 2868 2532 3125 2228 3084 2713 3443 3034 3473 3307 2657 2932 2806 3069 3051 3018 3264 2892 3206 3482 3365 3471 3161 2771 2955 3472 3460 2706 3147 3222 2735 3220 2373 3092 2387 3321 2992 3465 3239 2608 2167 2557 3092 3186 3115 3499 3154 3037 2745 2528 2538 2903 3465 2875 3091 3362 2479 3028 3008 2641 3222 3484 2998

Tree=0
num_leaves=30
num_cat=0
split_feature=22 22 22 17 17 22 22 17 7 8 17 7 7 17 8 7 17 22 17 22 6 17 8 17 8 22 17 8 20
split_gain=14520.9 1572.19 1465.96 449.194 383.708 376.528 225.076 222.591 202.507 148.816 147.381 117.951 101.485 99.2077 89.9992 79.8917 118.765 77.9523 75.6275 56.5349 51.7835 50.1288 38.4187 35.9672 31.0974 29.3094 29.0437 20.1224 4.63808
threshold=1.0000000180025095e-35 0.24999999999999997 -0.14999999999999997 0.27100000000000007 0.18650000000000003 0.45555555555555566 -0.29999999999999988 0.30200000000000005 0.24550000000000002 0.18333333333333332 0.10900000000000001 0.31900000000000006 0.49150000000000005 0.33900000000000002 0.18333333333333332 0.23900000000000002 0.46550000000000008 0.15000000000000002 0.21250000000000002 -0.43055555555555552 0.45650000000000007 0.16350000000000003 0.18333333333333332 0.45250000000000007 0.18333333333333332 0.083333333333333273 0.093000000000000013 0.93333333333333346 -2.4999999999999996
decision_type=2 2 2 2 2 2 2 2 2 2 2 2 2 2 2 2 2 2 2 2 2 2 2 2 2 2 2 2 2
left_child=2 4 6 9 20 7 19 21 17 -4 -11 24 -9 -10 -8 27 -17 -6 -16 28 25 -3 -21 -13 -5 -2 -22 -7 -1
right_child=1 5 3 11 8 15 14 12 13 10 -12 23 -14 -15 18 16 -18 -19 -20 22 26 -23 -24 -25 -26 -27 -28 -29 -30
leaf_value=-0.27969327404346084 -0.18966299413886839 -0.12825848781505991 -0.30527383327834506 -0.30327067517444323 -0.19774209805511136 -0.11716128145817967 -0.30527383327834506 -0.17368747291012238 -0.20940463583821969 -0.1852052417495843 -0.22508615525120404 -0.27033353572042151 -0.25759356681795581 -0.24666332429955745 -0.25073209711259503 -0.12910040817517876 -0.21948034663844862 -0.16477952743302887 -0.27662624119661561 -0.30527383327834506 -0.12668843608837466 -0.14869457562455751 -0.28241088257856517 -0.29963895484548597 -0.24624575219568379 -0.16138860413193118 -0.15733614166611029 -0.10295486478426091 -0.3030937490038107
leaf_weight=21.500703379511833 148.77498200535774 454.48038522899151 48.932635277509689 24.960586681962013 502.17734789848328 714.46590195596218 164.59159138798714 506.13150024414062 543.44881300628185 294.83148427307606 1081.2135320156813 238.97908239066601 38.800119891762733 266.16387976706028 485.86646947264671 525.90226197242737 39.047254413366318 279.01487489044666 671.95876424014568 236.26060265302658 128.50995123386383 883.25878021121025 826.66497476398945 186.33942928910255 566.67945803701878 238.73194786906242 194.00059945881367 382.81137396395206 1399.0285267978907
leaf_count=87 602 1839 198 101 2032 2891 666 2048 2199 1193 4375 967 157 1077 1966 2128 158 1129 2719 956 520 3574 3345 754 2293 966 785 1549 5661
internal_value=-0.214945 -0.158303 -0.267941 -0.237704 -0.190489 -0.137413 -0.287341 -0.152725 -0.20413 -0.219588 -0.216541 -0.263089 -0.179662 -0.221654 -0.270678 -0.12007 -0.135347 -0.185969 -0.26576 -0.296214 -0.159925 -0.141752 -0.287493 -0.283173 -0.248652 -0.172244 -0.145124 -0.112205 -0.30274
internal_weight=12093.5 5845.72 6247.81 2441.94 2300.82 3544.9 3805.87 1882.67 1590.8 1424.98 1376.05 1016.96 544.932 809.613 1322.42 1662.23 564.95 781.192 1157.83 2483.45 710.017 1337.74 1062.93 425.319 591.64 387.507 322.511 1097.28 1420.53
internal_count=48935 23654 25281 9881 9310 14344 15400 7618 6437 5766 5568 4115 2205 3276 5351 6726 2286 3161 4685 10049 2873 5413 4301 1721 2394 1568 1305 4440 5748
is_linear=0
shrinkage=1


Tree=1
num_leaves=31
num_cat=0
split_feature=22 22 22 17 17 22 22 17 17 8 17 8 17 17 22 17 1 17 17 22 17 8 17 22 17 21 8 9 21 17
split_gain=13114.4 1399.38 1348.77 409.244 343.333 333.668 209.106 198.021 162.418 142.336 136.772 113.313 95.6498 91.8224 89.0536 72.2705 75.0175 62.0445 47.8338 46.0198 42.2025 33.6471 32.6574 22.1274 16.5678 15.9608 13.2223 12.3942 4.82802 4.51924e-05
threshold=1.0000000180025095e-35 0.24999999999999997 -0.14999999999999997 0.27700000000000008 0.18650000000000003 0.45555555555555566 -0.36666666666666653 0.30900000000000005 0.38300000000000006 0.18333333333333332 0.10900000000000001 0.18333333333333332 0.45250000000000007 0.21250000000000002 0.15000000000000002 0.26500000000000007 5.5000000000000009 0.57700000000000007 0.16950000000000001 0.15000000000000002 0.55300000000000016 0.18333333333333332 0.070000000000000021 -0.43055555555555552 0.078500000000000014 1.0000000180025095e-35 0.18333333333333332 1.4310000000000003 -2.4999999999999996 0.26500000000000007
decision_type=2 2 2 2 2 2 2 2 2 2 2 2 2 2 2 2 2 2 2 2 2 2 2 2 2 2 2 2 2 2
left_child=2 4 6 9 19 7 23 18 14 29 -11 -8 21 -13 -6 24 -17 -9 -3 22 -10 -5 -2 28 -7 -14 -25 -21 -1 -4
right_child=1 5 3 12 8 15 11 17 20 10 -12 13 25 -15 -16 16 -18 -19 -20 27 -22 -23 -24 26 -26 -27 -28 -29 -30 -31
leaf_value=-0.085022802982082438 0.064843531588301348 0.0805502408448205 -0.086846075347912666 -0.086028023324806413 0.0082404832538875792 0.10512061869189851 -0.086846075347912666 0.037104042910422817 -0.012798677281899261 0.028166411557105642 -0.010062345468037878 -0.038746805211827058 -0.079257822734635316 -0.062902994803957987 0.035723707038277631 -0.025802624811790804 0.078445469638651719 -0.029628544976040283 0.061360877375178563 0.054305131056030756 -0.059431235777224339 -0.035267428428136086 0.033996047941447366 -0.086846075347912666 0.092326495848540913 -0.044949335261407819 -0.06729675799223353 0.076480595501906196 -0.071076109589948755 -0.086999281686042484
leaf_weight=1339.5001580119133 116.30056577920914 522.00919438898563 45.921778917312622 34.280940890312195 803.44690501689911 401.00502748787403 282.85861694812775 474.19046783447266 263.94136488437653 295.70698794722557 1120.6155547499657 689.72334262728691 208.07657009363174 915.66709505021572 465.53872740268707 17.795061841607094 570.76804113388062 37.592430651187897 859.41553458571434 100.09741427004337 59.4447241127491 684.65147502720356 327.14453649520874 113.33885860443115 685.75044767558575 40.49702987074852 365.17034590244293 170.06658698618412 65.067902386188507 5.3770095109939566
leaf_count=5482 468 2097 188 140 3248 1609 1158 1912 1069 1193 4540 2806 850 3734 1879 72 2292 152 3457 403 241 2783 1318 464 2753 165 1490 684 266 22
internal_value=-1.13846e-05 0.0535349 -0.0506938 -0.0216867 0.0231772 0.073152 -0.0694235 0.0587696 0.0102618 -0.00504417 -0.00208075 -0.0576661 -0.046932 -0.0525248 0.0183229 0.089405 0.0752936 0.0322023 0.0686121 0.051997 -0.0213707 -0.0376879 0.0420863 -0.0812132 0.0970474 -0.0736684 -0.0719272 0.0682645 -0.0843767 -0.0868621
internal_weight=12081 5874.51 6206.45 2435.13 2305.98 3568.53 3771.33 1893.21 1592.37 1467.62 1416.32 1888.25 967.506 1605.39 1268.99 1675.32 588.563 511.783 1381.42 713.609 323.386 718.932 443.445 1883.08 1086.76 248.574 478.509 270.164 1404.57 51.2988
internal_count=48935 23654 25281 9881 9310 14344 15400 7618 6437 5943 5733 7698 3938 6540 5127 6726 2364 2064 5554 2873 1310 2923 1786 7702 4362 1015 1954 1087 5748 210
is_linear=0
shrinkage=0.05


Tree=2
num_leaves=31
num_cat=0
split_feature=22 22 22 17 17 22 7 17 22 22 7 17 7 8 8 17 22 22 17 17 6 17 6 21 7 17 15 22 22 21
split_gain=11869.1 1255.43 1254.82 421.17 379.521 258.542 239.699 154.788 135.634 127.208 115.769 133.885 99.774 96.6138 81.5404 81.4832 66.9506 48.4034 48.2182 44.4442 42.4907 32.5517 32.534 21.6069 14.1204 10.4001 7.07636 0.776473 0.00218486 0.00482677
threshold=1.0000000180025095e-35 0.36666666666666664 -0.21111111111111108 0.21550000000000002 0.27100000000000007 -0.11111111111111104 0.22900000000000004 0.42600000000000005 0.15000000000000002 0.15000000000000002 0.17300000000000001 0.47900000000000004 0.31900000000000006 0.18333333333333332 0.18333333333333332 0.10900000000000001 -0.43055555555555552 -0.066666666666666638 0.21950000000000003 0.24050000000000002 0.32700000000000007 0.042500000000000003 0.044000000000000004 6.5000000000000009 0.054500000000000007 0.30900000000000005 -0.34699999999999992 0.40833333333333338 -0.43055555555555552 -2.4999999999999996
decision_type=2 2 2 2 2 2 2 2 2 2 2 2 2 2 2 2 2 2 2 2 2 2 2 2 2 2 2 2 2 2
left_child=2 3 13 9 5 14 8 -8 -5 20 24 19 17 28 -4 -7 26 -6 -18 -12 -2 -11 -14 -13 27 -26 -15 -3 29 -1
right_child=1 10 4 6 12 15 7 -9 -10 21 11 23 22 16 -16 -17 18 -19 -20 -21 -22 -23 -24 -25 25 -27 -28 -29 -30 -31
leaf_value=-0.083916664743304836 0.013369883354238049 0.092463682494441105 -0.083781049942054597 0.014474229874754939 -0.048341896604454225 0.032223598122409242 0.011352440726554877 -0.037172076089709412 0.052687446054765524 0.084112008583863515 0.082864690934424223 -0.023752082615553075 -0.084424377710631493 -0.04154971084913988 -0.027521769526556706 -0.0023364210122047129 -0.048511185909432701 -0.023149509190137224 -0.067685026810885215 0.063889542179957709 0.043282836277234754 0.060043656531637971 -0.056582357208300293 0.037123992049561287 0.091181506372886592 0.073997938284398629 -0.079098201367050425 0.10004644227150475 -0.083781156643701879 -0.084645578731818161
leaf_weight=720.04210367798805 166.98118616640568 36.70091125369072 70.023616969585419 395.42400681972504 390.35424038767815 218.29888319969177 988.59330180287361 197.11267226934433 562.58183862268925 173.85790345072746 647.14572262763977 39.335988461971283 146.80795678496361 12.803470954298971 802.77444837987423 779.79088072478771 620.57564707100391 372.72358903288841 695.23279781639576 589.87357242405415 410.73628163337708 731.78306646645069 367.77448919415474 23.156918495893478 391.55455324053764 113.60125094652176 628.17479595541954 421.41891178488731 307.28595724701881 23.451101809740067
leaf_count=2990 672 147 291 1597 1601 879 3985 801 2259 696 2590 159 608 53 3269 3164 2547 1522 2864 2363 1651 2933 1511 93 1567 455 2608 1686 1277 97
internal_value=-2.07956e-05 0.0507202 -0.0485672 0.0324871 -0.0265044 -0.0121589 0.0183142 0.00328569 0.0369147 0.0529695 0.0799463 0.0702092 -0.0475107 -0.0716641 -0.0320354 0.00522243 -0.0650971 -0.0360367 -0.0586421 0.0738164 0.0346369 0.0646641 -0.0645256 -0.00119429 0.0930821 0.0873172 -0.0783482 0.099439 -0.0838933 -0.0839397
internal_weight=12046 5889.86 6156.11 3627.07 3148.55 1870.89 2143.71 1185.71 958.006 1483.36 2262.79 1299.51 1277.66 3007.57 872.798 998.09 1956.79 763.078 1315.81 1237.02 577.717 905.641 514.582 62.4929 963.276 505.156 640.978 458.12 1050.78 743.493
internal_count=48935 23654 25281 14594 12845 7603 8642 4786 3856 5952 9060 5205 5242 12436 3560 4043 8072 3123 5411 4953 2323 3629 2119 252 3855 2022 2661 1833 4364 3087
is_linear=0
shrinkage=0.05


Tree=3
num_leaves=31
num_cat=0
split_feature=22 22 22 17 17 22 22 7 17 7 7 8 18 8 17 17 7 17 22 17 22 6 7 17 6 6 8 16 22 21
split_gain=10760.7 1168.48 1153.99 347.898 285.637 274.171 234.772 168.23 163.745 94.6071 92.8929 92.362 83.5934 76.1309 75.981 73.3436 63.1212 89.6548 56.359 50.2121 44.5543 42.8702 40.4323 38.1604 30.8852 18.7618 15.6913 0.196079 0.00169408 0.00374053
threshold=1.0000000180025095e-35 -0.21111111111111108 0.24999999999999997 0.27100000000000007 0.18650000000000003 0.45555555555555566 -0.11111111111111104 0.24550000000000002 0.30200000000000005 0.085000000000000006 0.31900000000000006 0.18333333333333332 0.81666666666666676 0.18333333333333332 0.33900000000000002 0.10900000000000001 0.23900000000000002 0.46550000000000008 0.15000000000000002 0.23900000000000002 -0.066666666666666638 0.32050000000000006 0.18900000000000003 0.093000000000000013 0.044000000000000004 0.085000000000000006 0.93333333333333346 0.33900000000000002 -0.43055555555555552 -2.4999999999999996
decision_type=2 2 2 2 2 2 2 2 2 2 2 2 2 2 2 2 2 2 2 2 2 2 2 2 2 2 2 2 2 2
left_child=1 11 4 6 21 8 13 18 22 -10 20 28 19 -3 -9 -8 26 -18 -6 -13 -5 25 -4 -23 -12 -2 -7 -14 29 -1
right_child=2 3 5 10 7 16 15 14 9 -11 24 12 27 -15 -16 -17 17 -19 -20 -21 -22 23 -24 -25 -26 -27 -28 -29 -30 -31
leaf_value=-0.081186639054863036 -0.061715103426453657 -0.081066155535985285 0.073362322556888057 -0.046308740222706819 0.015307031720946504 0.083254083685575464 0.030539535826121907 0.0035028569133286011 0.088129898473184198 0.022502522799726487 -0.081637886996919887 -0.048693274953637414 -0.071821728887560346 -0.026247213283676008 -0.029162580298683113 -0.0022202350577082757 0.072515092106125986 -0.0059286239611518604 0.043231403779367475 -0.067092677379883725 -0.022069527281750323 0.071060506073634552 0.05553539697235485 0.043594076861824843 -0.054303596910780398 0.02838806395690174 0.095737402408687292 -0.082017298154806351 -0.081066247417889092 -0.081833823264058303
leaf_weight=707.36025243997574 5.9818997383117667 68.781450390815735 511.38661317527294 387.19843107461929 503.95072703063488 722.12499774992466 218.80597278475761 545.52446754276752 61.891409501433372 487.20545823872089 144.29102516174316 818.62134337425232 4.7678620368242255 799.74720558524132 264.25280220806599 779.57394118607044 531.81063912808895 39.1030403226614 281.6911012083292 677.82964061200619 371.44789156317711 200.89351019263268 841.36191143095493 341.30191086232662 364.13953548669815 169.006825953722 386.44802311062813 431.2675134986639 301.8349721133709 23.053977072238922
leaf_count=2990 24 291 2046 1601 2032 2891 879 2199 248 1957 608 3405 20 3269 1077 3164 2128 158 1129 2834 1522 804 3367 1367 1511 678 1549 1813 1277 97
internal_value=-2.8739e-05 -0.0465891 0.0481493 -0.0253025 0.0206172 0.0659279 -0.0115783 0.0088356 0.0529274 0.0298997 -0.0455237 -0.0690908 -0.0626409 -0.0305885 -0.00715678 0.00495943 0.0806496 0.0671423 0.0253193 -0.0570274 -0.0344408 0.0468261 0.0622746 0.0537709 -0.062061 0.0253079 0.0876058 -0.0819058 -0.0811659 -0.0812071
internal_weight=11992.7 6098.72 5893.94 3133.99 2312.6 3581.33 1866.91 1595.42 1901.85 549.097 1267.08 2964.74 1932.49 868.529 809.777 998.38 1679.49 570.914 785.642 1496.45 758.646 717.184 1352.75 542.195 508.431 174.989 1108.57 436.035 1032.25 730.414
internal_count=48935 25281 23654 12845 9310 14344 7603 6437 7618 2205 5242 12436 8072 3560 3276 4043 6726 2286 3161 6239 3123 2873 5413 2171 2119 702 4440 1833 4364 3087
is_linear=0
shrinkage=0.05


Tree=4
num_leaves=31
num_cat=0
split_feature=21 8 8 18 18 18 8 18 8 18 8 8 8 7 8 8 18 8 18 18 18 18 1 18 8 1 8 8 18 18
split_gain=6518.18 1397.26 1369.24 784.886 536.339 326.013 285.142 264.883 261.904 236.971 186.639 180.328 151.971 144.89 126.356 124.21 101.762 99.1124 88.9292 83.6226 64.8427 51.0769 48.6528 47.0014 40.3565 29.7882 22.7097 0.286058 0.185023 0.0581059
threshold=1.0000000180025095e-35 0.36666666666666675 0.59166666666666679 0.51666666666666672 0.29999999999999999 0.51666666666666672 0.18333333333333332 0.81666666666666676 0.36666666666666675 0.51666666666666672 0.78888888888888908 0.56944444444444453 0.36666666666666675 0.31900000000000006 0.18333333333333332 0.74166666666666681 0.097222222222222224 0.59166666666666679 0.12222222222222222 0.51666666666666672 0.29999999999999999 0.70000000000000007 5.5000000000000009 0.70000000000000007 0.93333333333333346 5.5000000000000009 0.93333333333333346 0.63333333333333341 0.074999999999999969 0.14999999999999999
decision_type=2 2 2 2 2 2 2 2 2 2 2 2 2 2 2 2 2 2 2 2 2 2 2 2 2 2 2 2 2 2
left_child=1 6 4 17 8 10 28 11 14 13 18 -5 22 -8 -2 21 -10 20 -4 -14 -3 -7 -6 -11 -17 -19 -12 -9 -1 -30
right_child=2 3 5 7 12 15 9 27 16 23 26 -13 19 -15 -16 24 -18 25 -20 -21 -22 -23 -24 -25 -26 -27 -28 -29 29 -31
leaf_value=-0.088810235011595878 -0.082001681965863979 0.037711215636360845 0.083082059708683029 -0.037079510574198719 0.090941455459142881 0.01424579090991236 -0.015380180214122975 -0.079957859177586216 0.077703471095741813 -0.054641075364872518 0.076636593768990041 0.00061095398385165424 0.0083728107103718859 -0.055996271147487786 0.008819340556277604 0.043093283224385381 0.038262217971555774 -0.05863203197556676 0.050531349356041158 -0.024686686264351519 0.0043783719474313953 -0.038616367034473076 -0.041786931993889324 -0.074689627512178697 0.096044641372121431 0.048155644027660593 0.09173730024626639 -0.084648986494619091 -0.08204966370716113 -0.078784058813649027
leaf_weight=4.6580310314893714 42.857583895325661 197.14717978239059 246.68198347091675 887.23554471135139 7.0342587083578101 300.10738049447536 635.09207409620285 199.02961739897728 214.63899447023869 747.50312460958958 675.13393887877464 494.07642263174057 629.18262548744678 335.60754784941673 359.8820389509201 190.16993740200996 686.93577587604523 6.666382208466529 1404.4852468371391 274.83453370630741 561.27929815649986 53.903144851326942 373.7324600070715 480.09593661129475 44.380665600299835 320.22053003311157 394.43631014227867 38.838052421808243 13.792058333754538 1103.0875189900398
leaf_count=19 181 791 991 3680 29 1213 2604 850 861 3149 2710 2006 2544 1400 1453 763 2756 27 5633 1136 2275 222 1556 2058 178 1284 1591 161 58 4756
internal_value=-3.53982e-05 -0.0366166 0.0373268 -0.00993764 0.0100913 0.0586351 -0.0583505 -0.0319903 0.0326773 -0.0478839 0.0659343 -0.0235981 -0.0128381 -0.0294227 -0.000845389 0.0248934 0.047652 0.0229627 0.0553944 -0.00167776 0.013043 0.00619677 -0.0393349 -0.0624818 0.0531125 0.0459779 0.0822054 -0.0807238 -0.0788659 -0.0788244
internal_weight=11922.7 6024.33 5898.4 2704.49 2589.1 3309.3 3319.84 1619.18 1304.31 2198.3 2720.74 1381.31 1284.78 970.7 402.74 588.561 901.575 1085.31 1651.17 904.017 758.426 354.011 380.767 1227.6 234.551 326.887 1069.57 237.868 1121.54 1116.88
internal_count=48935 25118 23817 11074 10516 13301 14044 6697 5251 9211 10925 5686 5265 4004 1634 2376 3617 4377 6624 3680 3066 1435 1585 5207 941 1311 4301 1011 4833 4814
is_linear=0
shrinkage=0.05


Tree=5
num_leaves=31
num_cat=0
split_feature=22 22 22 17 17 22 22 7 7 7 17 22 7 17 18 17 17 7 17 11 22 18 17 7 18 22 7 21 17 22
split_gain=8903.33 1031.79 960.394 350.788 312.672 198.011 197.213 172.234 106.094 96.6837 98.3704 86.8267 83.5014 76.8165 67.0771 64.8533 57.9754 44.9582 42.7281 41.6843 38.5315 35.0783 29.1968 26.6994 24.4887 18.1416 9.94424 4.34222 4.09768 1.3685
threshold=1.0000000180025095e-35 -0.21111111111111108 0.36666666666666664 0.30200000000000005 0.27100000000000007 -0.11111111111111104 0.15000000000000002 0.12750000000000003 0.38300000000000006 0.23900000000000002 0.32050000000000006 -0.43055555555555552 0.31900000000000006 0.13450000000000004 0.36666666666666675 0.10900000000000001 0.18350000000000002 0.38700000000000007 0.22900000000000004 3.5000000000000004 -0.066666666666666638 0.59166666666666679 0.45250000000000007 0.060500000000000005 1.0000000180025095e-35 0.5916666666666669 0.32050000000000006 -2.4999999999999996 0.15600000000000003 -0.54444444444444429
decision_type=2 2 2 2 2 2 2 2 2 2 2 2 2 2 2 2 2 2 2 2 2 2 2 2 2 2 2 2 2 2
left_child=1 11 3 6 5 14 13 19 -9 23 24 27 20 -2 -3 -7 -8 -12 21 -5 -6 -13 -14 -4 -11 -25 -20 29 -29 -1
right_child=2 4 9 7 12 15 16 8 -10 10 17 18 22 -15 -16 -17 -18 -19 26 -21 -22 -23 -24 25 -26 -27 -28 28 -30 -31
leaf_value=-0.07632393738435872 0.044864342876680084 -0.070249033590090104 0.087204397045460902 0.10002307277689411 -0.043053079889264823 0.029131277521092548 0.060495785103993838 0.0038395119242528083 -0.039540877214197911 0.091119148076030387 0.040492029344627908 -0.065673417755232 -0.048433357708453424 0.012869533217471217 -0.023069611994075898 -0.0016635436531296612 0.040815526859415696 -0.011131608018848597 -0.061069707028686061 0.037979172409041313 -0.020387104105036476 -0.041726838425001689 -0.073183766784357548 0.067445357027865763 0.061903254625145676 0.081702477442062257 -0.073153663545002787 -0.036207847440203708 -0.067869054121487957 -0.072996634787464432
leaf_weight=678.65947380661964 249.95480677485466 83.451178595423698 455.97634619474411 33.457185879349709 381.03346182405949 219.09610866010189 664.99511556327343 761.55160290002823 172.95142461359501 83.189294263720512 153.6948988288641 210.76363813877106 297.90788584947586 752.0303607583046 774.83123564720154 778.32379077374935 855.81003373861313 58.124330043792725 544.45833887159824 141.84183509647846 369.16350620985031 557.31708329916 198.58129155635834 624.55045787990093 520.43790623545647 347.14810758829117 247.71213087439537 12.955085277557371 48.393711730837822 567.39829087257385
leaf_count=2991 1001 363 1855 134 1601 879 2668 3069 702 336 617 911 1259 3023 3197 3164 3428 234 2348 569 1522 2360 860 2517 2095 1406 1069 56 210 2491
internal_value=-4.10301e-05 -0.0430448 0.0436531 0.0277683 -0.0230603 -0.0100499 0.0380737 0.00434209 -0.00418903 0.0693776 0.0556423 -0.0646651 -0.0424264 0.0208509 -0.0276569 0.00510093 0.049421 0.0263262 -0.0567009 0.0498207 -0.0318994 -0.0482979 -0.0583328 0.0772228 0.0659297 0.0725388 -0.0648484 -0.0741695 -0.0611831 -0.0748088
internal_weight=11845.8 5970.05 5875.71 3632.59 3102.39 1855.7 2522.79 1109.8 934.503 2243.12 815.446 2867.66 1246.69 1001.99 858.282 997.42 1520.81 211.819 1560.25 175.299 750.197 768.081 496.489 1427.67 603.627 971.699 792.17 1307.41 61.3488 1246.06
internal_count=48935 25281 23654 14594 12845 7603 10120 4474 3771 9060 3282 12436 5242 4024 3560 4043 6096 851 6688 703 3123 3271 2119 5778 2431 3923 3417 5748 266 5482
is_linear=0
shrinkage=0.05


Tree=6
num_leaves=31
num_cat=0
split_feature=22 22 22 17 17 22 22 7 17 8 7 6 18 17 8 17 17 7 17 22 22 7 6 17 6 18 19 7 21 22
split_gain=8103.34 970.806 892.2 287.523 235.403 219.578 179.942 141.44 133.833 86.1459 83.0588 78.7312 77.2254 67.1231 64.9393 58.4434 55.9287 69.0166 46.4945 43.6949 43.1793 37.7436 37.2014 20.9407 20.0032 12.5498 0.19205 0.0244578 0.0215624 0.00210803
threshold=1.0000000180025095e-35 -0.21111111111111108 0.24999999999999997 0.27100000000000007 0.18650000000000003 0.45555555555555566 -0.11111111111111104 0.24550000000000002 0.30900000000000005 0.18333333333333332 0.08900000000000001 0.044000000000000004 0.81666666666666676 0.42600000000000005 0.18333333333333332 0.10900000000000001 0.26500000000000007 0.42600000000000005 0.23900000000000002 0.15000000000000002 -0.066666666666666638 0.18900000000000003 0.45650000000000007 0.093000000000000013 0.085000000000000006 1.0000000180025095e-35 1.2790000000000001 0.32700000000000007 1.0000000180025095e-35 -0.40833333333333327
decision_type=2 2 2 2 2 2 2 2 2 2 2 2 2 2 2 2 2 2 2 2 2 2 2 2 2 2 2 2 2 2
left_child=1 9 4 6 22 8 14 19 21 28 -10 27 18 -9 -3 -8 25 -18 -11 -6 -13 -4 24 -24 -2 -7 -14 -5 -1 -30
right_child=2 3 5 11 7 16 15 13 10 12 -12 20 26 -15 -16 -17 17 -19 -20 -21 -22 -23 23 -25 -26 -27 -28 -29 29 -31
leaf_value=-0.074701334529628044 -0.059993330956288886 -0.074703967922095466 0.064602467128040672 -0.078854292066350459 0.013092341525316867 0.085423833850999109 0.027639067529434465 -0.0016116737504747681 0.079982885922333255 -0.042722455876993221 0.016830987368974287 -0.046205875520257976 -0.064953219757094519 -0.040981542981451964 -0.02248867467666954 -0.0015807052952023894 0.062673455527856664 -0.0094028647686411528 -0.060800934390549934 0.037654901309728678 -0.026318747631682626 0.047514083579490426 0.069425229127846572 0.043492508430282413 0.032317756034227041 0.073819064786988728 -0.075573293857434054 -0.075599103341565235 -0.076572599257994395 -0.075719768295593098
leaf_weight=932.21715311706066 5.959308221936225 64.406691268086433 516.71389323472977 6.0258603990077964 505.58553700149059 344.26407989859581 219.37102553248405 681.19872227311134 58.77653381228447 790.06012895703316 456.02772621810436 541.20396311581135 4.3020859211683264 128.72203098237514 789.01264280080795 778.16129496693611 546.25425581634045 35.363174945116043 646.80496640503407 282.07833272218704 550.64779596030712 862.5202349126339 129.17472270131111 195.90798276662827 385.42327830195427 720.66057457029819 405.71811729669571 136.11008229851723 10.42271715402603 23.772465541958809
leaf_count=4212 24 291 2086 26 2032 1419 879 2746 236 3405 1828 2306 19 530 3269 3164 2221 143 2834 1129 2302 3468 520 785 1544 2943 1814 608 46 106
internal_value=-4.58282e-05 -0.0414095 0.0416259 -0.0220381 0.0174823 0.0574057 -0.0095746 0.00680266 0.045796 -0.0626512 0.0240412 -0.0407331 -0.0563221 -0.00786879 -0.0264293 0.00484512 0.0707604 0.0582911 -0.0508605 0.0218887 -0.0361763 0.053916 0.0412958 0.0537971 0.0309122 0.0775706 -0.0754619 -0.0757371 -0.0747466 -0.0759797
internal_weight=11752.9 5898.24 5854.63 3084.94 2314.05 3540.58 1850.95 1597.58 1894.04 2813.3 514.804 1233.99 1846.89 809.921 853.419 997.532 1646.54 581.617 1436.87 787.664 1091.85 1379.23 716.465 325.083 391.383 1064.92 410.02 142.136 966.412 34.1952
internal_count=48935 25281 23654 12845 9310 14344 7603 6437 7618 12436 2064 5242 8072 3276 3560 4043 6726 2364 6239 3161 4608 5554 2873 1305 1568 4362 1833 634 4364 152
is_linear=0
shrinkage=0.05


Tree=7
num_leaves=31
num_cat=0
split_feature=22 22 22 17 17 22 22 22 17 22 17 8 17 1 8 6 17 8 17 17 6 18 8 18 28 8 21 17 8 11
split_gain=7382.88 915.907 825.095 296.459 266.742 175.403 131.959 119.316 99.197 85.1212 84.8551 71.871 71.206 63.3014 55.6077 52.4313 45.1625 43.0042 40.8201 38.1399 38.1151 28.2313 26.6814 38.708 10.1751 4.46796 4.36545 3.89961 1.74987 0.0136909
threshold=1.0000000180025095e-35 -0.21111111111111108 0.36666666666666664 0.25450000000000006 0.31900000000000006 -0.11111111111111104 0.16666666666666669 0.15000000000000002 0.57700000000000007 -0.43055555555555552 0.26500000000000007 0.18333333333333332 0.13150000000000003 5.5000000000000009 0.18333333333333332 0.046500000000000007 0.12750000000000003 0.78888888888888908 0.21950000000000003 0.042500000000000003 0.075500000000000012 0.70000000000000007 0.74166666666666681 0.29999999999999999 0.23850000000000002 0.93333333333333346 -2.4999999999999996 0.15600000000000003 0.18333333333333332 2.5000000000000004
decision_type=2 2 2 2 2 2 2 2 2 2 2 2 2 2 2 2 2 2 2 2 2 2 2 2 2 2 2 2 2 2
left_child=1 9 3 7 5 11 20 16 -8 26 22 -3 -7 24 -11 29 -2 -15 -16 -9 -5 -17 23 -4 -12 -24 28 -28 -1 -6
right_child=2 4 10 6 15 12 8 19 -10 14 13 -13 -14 17 18 21 -18 -19 -20 -21 -22 -23 25 -25 -26 -27 27 -29 -30 -31
leaf_value=-0.072875140510722233 0.041372490238564832 -0.07350236024596235 0.066136987824467655 -0.082815230041473314 -0.073564521268334654 0.022778258322485735 0.025022573402639043 0.069714567456240759 -0.048752336917928796 -0.073088863339816429 0.0080631479605782954 -0.023446789255957407 -0.0058592611173529218 0.042857504596670107 -0.038742526397501795 -0.036824826940925016 0.015281389534680726 0.066566801382181809 -0.056949324902065682 0.0442287128808702 -0.0058213292773514466 -0.074768498108598966 0.074425989498348319 -0.0057674092843046192 -0.057718980181868752 0.082299066079512193 -0.032515607167949816 -0.063877198252676723 -0.069022532070034517 -0.074852354550376976
leaf_weight=643.94041296839714 234.75187876820564 77.562060907483101 652.92002031207085 16.475050747394562 108.83818380534649 284.02996851503849 892.44332775473595 171.07156006991863 48.01536200940609 275.95216380059719 10.37315718829632 950.69088780879974 920.6389707326889 432.81439578533173 588.88273838162422 646.65687073767185 565.13580404222012 342.68216602504253 645.10096284747124 1034.5907680988312 660.37403574585915 53.043362081050873 411.70642359554768 19.26909551024437 13.566799357533453 320.47138170897961 12.604299470782278 46.406054630875587 543.50819824635983 25.465930730104446
leaf_count=2990 942 357 2681 68 500 1141 3586 696 196 1277 42 3978 3769 1755 2547 2759 2268 1407 2864 4168 2670 226 1697 78 55 1345 56 210 2492 115
internal_value=-4.99897e-05 -0.0398648 0.039742 0.0250672 -0.021066 -0.0120543 0.00913971 0.0379114 0.021256 -0.0607814 0.0638661 -0.0272225 0.00089273 0.0508623 -0.0527982 -0.0451938 0.0229386 0.0533343 -0.0482607 0.0478449 -0.00769542 -0.0397013 0.0712685 0.0640758 -0.0292157 0.077872 -0.0704521 -0.0571785 -0.0711118 -0.0738087
internal_weight=11650 5823.32 5826.66 3622.86 3066.93 2232.92 1617.31 2005.55 940.459 2756.39 2203.8 1028.25 1204.67 799.437 1509.94 834.004 799.888 775.497 1233.98 1205.66 676.849 699.7 1404.37 672.189 23.94 732.178 1246.46 59.0104 1187.45 134.304
internal_count=48935 25281 23654 14594 12845 9245 6520 8074 3782 12436 9060 4335 4910 3259 6688 3600 3210 3162 5411 4864 2738 2985 5801 2759 97 3042 5748 266 5482 615
is_linear=0
shrinkage=0.05


Tree=8
num_leaves=31
num_cat=0
split_feature=22 22 22 17 17 17 7 22 22 7 7 8 18 8 17 8 17 17 22 7 17 17 2 17 18 17 17 19 21 22
split_gain=6731.16 866.233 766.758 249.166 236.492 140.266 119.1 111.099 110.854 107.452 103.884 84.0918 75.7984 69.9585 63.2364 62.5995 60.744 60.4783 52.7521 52.3062 44.2598 43.4617 30.3242 29.6852 23.9754 14.8922 13.0071 0.199226 0.01666 0.00273103
threshold=1.0000000180025095e-35 -0.21111111111111108 0.29999999999999999 0.23900000000000002 0.31900000000000006 0.26500000000000007 0.31900000000000006 -1.0000000180025095e-35 0.15000000000000002 0.31900000000000006 0.13450000000000004 0.18333333333333332 0.81666666666666676 0.18333333333333332 0.57700000000000007 0.18333333333333332 0.55900000000000016 0.13450000000000004 0.40833333333333338 0.078500000000000014 0.18050000000000002 0.23900000000000002 4.5000000000000009 0.45250000000000007 0.54444444444444462 0.16350000000000003 0.078500000000000014 1.2790000000000001 1.0000000180025095e-35 -0.40833333333333327
decision_type=2 2 2 2 2 2 2 2 2 2 2 2 2 2 2 2 2 2 2 2 2 2 2 2 2 2 2 2 2 2
left_child=1 11 4 7 8 18 19 13 17 15 24 28 21 -3 -8 -5 -12 -2 25 -7 -10 -13 -9 -11 -6 -4 -20 -14 -1 -30
right_child=2 3 5 9 10 6 14 22 20 23 16 12 27 -15 -16 -17 -18 -19 26 -21 -22 -23 -24 -25 -26 -27 -28 -29 29 -31
leaf_value=-0.071315780011062535 0.038631844866295117 -0.072862934452959036 0.063635092367122253 -0.074281718137729866 0.04312717893834761 0.079723499221223376 0.019936075729765801 0.042850694424828042 0.051788824595504324 -0.043526804843769668 -0.0064109605844051122 -0.039306895657468949 -0.061245029637619547 -0.012204816818903863 -0.067372747871773567 -0.021153379113857538 -0.057271070659928862 0.010459772383936959 0.079629929797167917 0.045945254622338998 0.031469191797658995 -0.057076474484800035 0.008433392168767961 -0.067956010127260519 -0.04386333703603891 0.048564928520766867 0.068130000421942963 -0.072297379861488362 -0.073158435511694195 -0.072164000527591907
leaf_weight=882.62929798662663 249.02291792631149 50.06785985827446 271.96771647036076 58.928341016173363 121.52490401268005 136.48817954957485 221.51544041931629 75.245323896408081 449.48800849914551 372.82614825665951 589.47683665156364 769.75642232596874 4.1208262890577307 939.18136294186115 22.881384626030922 937.82960867881775 65.200241535902023 810.6611505150795 389.40273560583591 714.96071629226208 663.68736976385117 622.29016384482384 428.21161694824696 186.59058631956577 8.4729274660348874 412.6782006919384 667.15125589072704 386.27925831079483 9.9500680267810804 22.554196730256081
leaf_count=4212 1001 235 1119 266 488 567 896 301 1828 1612 2385 3405 19 3887 93 3949 270 3255 1658 2919 2668 2834 1735 860 34 1680 2793 1814 46 106
internal_value=-5.36618e-05 -0.0383982 0.0379724 -0.020138 0.0201586 0.0565428 0.0425287 -0.00554365 0.0286552 -0.0341372 -0.00336933 -0.0590363 -0.0527108 -0.0152748 0.0117619 -0.0242943 -0.0114762 0.0170801 0.0653627 0.0513599 0.039674 -0.0472505 0.0135773 -0.051675 0.0374574 0.0545514 0.0723684 -0.0721807 -0.0713567 -0.0724684
internal_weight=11541 5746.46 5794.58 3048.88 2957.53 2837.05 1095.85 1492.71 2172.86 1556.17 784.675 2697.58 1782.45 989.249 244.397 996.758 654.677 1059.68 1741.2 851.449 1113.18 1392.05 503.457 559.417 129.998 684.646 1056.55 390.4 915.134 32.5043
internal_count=48935 25281 23654 12845 11929 11725 4475 6158 8752 6687 3177 12436 8072 4122 989 4215 2655 4256 7250 3486 4496 6239 2036 2472 522 2799 4451 1833 4364 152
is_linear=0
shrinkage=0.05


Tree=9
num_leaves=31
num_cat=0
split_feature=22 22 22 17 17 22 7 7 8 7 17 8 17 17 17 7 7 18 17 11 18 17 22 17 7 8 17 20 22 16
split_gain=6155.9 1155.65 478.825 270.033 207.553 155.645 137.578 119.133 97.074 86.8194 93.208 84.7641 80.9215 70.0448 68.2485 60.7689 54.8777 49.0643 42.4551 42.0844 34.6799 28.9703 17.124 14.8482 10.4644 10.0636 7.74417 4.30713 0.678089 0.454058
threshold=0.074999999999999969 -0.14999999999999997 0.36666666666666664 0.24050000000000002 0.30200000000000005 -0.36666666666666653 0.31900000000000006 0.19600000000000004 0.18333333333333332 0.17300000000000001 0.47900000000000004 0.18333333333333332 0.10900000000000001 0.18350000000000002 0.21250000000000002 0.43100000000000005 0.45250000000000007 0.70000000000000007 0.44600000000000006 2.5000000000000004 1.0000000180025095e-35 0.036500000000000005 -0.43055555555555552 0.60550000000000004 0.042500000000000003 0.18333333333333332 0.30900000000000005 -3.4999999999999996 -0.09722222222222214 0.19600000000000004
decision_type=2 2 2 2 2 2 2 2 2 2 2 2 2 2 2 2 2 2 2 2 2 2 2 2 2 2 2 2 2 2
left_child=1 5 4 8 13 22 17 19 28 24 20 -7 -10 21 -13 -9 -15 -5 -8 -6 -11 -2 27 -12 29 -24 -26 -1 -3 -4
right_child=2 3 9 6 7 11 18 15 12 10 23 14 -14 16 -16 -17 -18 -19 -20 -21 -22 -23 25 -25 26 -27 -28 -29 -30 -31
leaf_value=-0.035614090041572698 0.063726495885172277 -0.069764054073812559 0.077870539766032462 -0.011669541368242092 0.089201712970683952 -0.070303026010644143 -0.035819888437333865 0.0019333444230783898 0.025854264973590991 0.080429065088619786 0.0037995237870462086 -0.025987447040783915 -0.00059624949056338731 0.031143798013266218 -0.047636939718428389 -0.042664260816212024 -0.024052091346107692 -0.059324157047124487 -0.065699047889764453 0.027804578106797664 0.051061010252370198 0.042472782831607547 -0.069962654108177091 -0.055699627507542829 0.069532424638896348 -0.051446061691645541 0.054586436455965795 -0.067627413405318512 -0.083414874070282044 0.074011466773668308
leaf_weight=10.601838424801825 214.4272246658802 19.694903865456581 309.80887542665005 956.12347932159901 31.392177641391754 237.59173446893692 362.4862834662199 511.87485060095787 392.14522324502468 110.87397803366184 48.92735467851162 649.20258842408657 1101.0356104820967 1092.3825838118792 828.72637651860714 89.780547127127647 46.968355119228363 57.246570318937302 176.90828040242195 251.63650181889534 1076.8160543292761 635.56002189218998 94.613630175590515 13.345702201128004 377.67225730419159 326.95460110902786 112.48203781247139 1170.7376002818346 16.906454816460609 101.09577421844006
leaf_count=49 885 97 1348 3983 128 1158 1550 2067 1580 472 198 2806 4485 4405 3734 369 189 241 827 1011 4481 2587 464 54 1602 1490 469 5699 71 436
internal_value=-5.68501e-05 -0.0325742 0.0413642 -0.0105311 0.0280116 -0.0530504 -0.0252199 0.0078628 0.00437833 0.0592049 0.0506762 -0.0425833 0.00635029 0.0369721 -0.0381271 -0.00472162 0.0288684 -0.0143616 -0.0456195 0.0346145 0.0538026 0.0478345 -0.0642529 -0.0089517 0.0710361 -0.0556018 0.0661026 -0.0673401 -0.0760695 0.0769211
internal_weight=11426 6400.98 5025.04 3082.55 2874.02 3318.43 1552.76 884.684 1529.78 2151.02 1249.96 1715.52 1493.18 1989.34 1477.93 601.655 1139.35 1013.37 539.395 283.029 1187.69 849.987 1602.91 62.2731 901.059 421.568 490.154 1181.34 36.6014 410.905
internal_count=48935 28234 20701 12834 11641 15400 6601 3575 6233 9060 5205 7698 6065 8066 6540 2436 4594 4224 2377 1139 4953 3472 7702 252 3855 1954 2071 5748 168 1784
is_linear=0
shrinkage=0.05


Tree=10
num_leaves=31
num_cat=0
split_feature=22 22 22 17 17 8 22 22 17 8 8 18 18 22 17 17 17 17 18 18 17 8 8 18 21 22 9 19 21 22
split_gain=5625.23 778.337 668.219 232.294 218.686 150.74 119.925 118.262 83.9939 83.2865 78.6296 76.2523 74.6143 66.9247 45.5877 44.8336 44.0856 41.3926 32.1797 27.6216 22.708 20.3664 19.068 16.2954 13.5935 0.504481 0.327677 0.204792 0.0125026 0.0032304
threshold=1.0000000180025095e-35 -0.21111111111111108 0.36666666666666664 0.21550000000000002 0.31900000000000006 0.18333333333333332 0.16666666666666669 -0.11111111111111104 0.57700000000000007 0.18333333333333332 0.78888888888888908 0.097222222222222224 0.81666666666666676 0.15000000000000002 0.33900000000000002 0.49150000000000005 0.38000000000000006 0.23900000000000002 0.59166666666666679 0.70000000000000007 0.042500000000000003 0.93333333333333346 0.81666666666666676 1.0000000180025095e-35 1.0000000180025095e-35 -0.09722222222222214 2.8285000000000005 1.2790000000000001 1.0000000180025095e-35 -0.40833333333333327
decision_type=2 2 2 2 2 2 2 2 2 2 2 2 2 2 2 2 2 2 2 2 2 2 2 2 2 2 2 2 2 2
left_child=1 9 3 13 5 25 16 -7 -8 28 11 23 17 18 -13 19 -5 -11 -2 -6 -15 22 -12 -4 -17 -3 -23 -14 -1 -30
right_child=2 4 10 6 15 7 8 -9 -10 12 21 14 27 20 -16 24 -18 -19 -20 -21 -22 26 -24 -25 -26 -27 -28 -29 29 -31
leaf_value=-0.068537484866005832 0.017721683684755771 -0.069160790933072244 0.077768648785479372 0.0037155099719392952 -0.030073581380045306 -0.020786158142156844 0.023940824718647499 0.0030278460443385253 -0.044135001297602311 -0.036232463934260925 0.07148348418379534 0.045204675247631332 -0.058079219137930398 0.062425671638295349 0.015488691537728526 -0.064309424002332582 -0.021818578654316682 -0.053877203245010233 0.046616475514664697 -0.069816382612918337 0.041877525588673949 0.078080564997732735 0.053754323065906218 0.057185585654717278 -0.028153335474417791 -0.077349901893470893 0.075092946488491907 -0.069547047314894597 -0.070333945551621521 -0.069222900681118929
leaf_weight=831.08019191026688 455.21905180811882 71.365535154938698 161.15965563058853 680.09919117391109 527.50140120089054 937.43711715936661 1185.2790165245533 1174.5479518026114 47.111804559826851 749.09616006910801 272.14336709678173 551.49552498757839 3.9349617213010779 165.54607227444649 168.49762347340584 198.13559912145138 224.95700550079346 597.48472817242146 122.22916039824486 47.669993713498116 715.88687874376774 150.0889842659235 342.55814269185066 238.40481738746166 29.922012463212013 25.536073014140129 236.22710928320885 365.60553912818432 9.4508233815431613 21.258601382374763
leaf_count=4212 1830 357 703 2737 2309 3978 4785 4798 196 3405 1168 2314 19 696 689 946 924 2834 493 212 2933 653 1459 1012 133 112 1062 1814 46 106
internal_value=-5.95761e-05 -0.0357245 0.0348138 0.0216874 -0.0184643 -0.0103402 0.011189 -0.00754237 0.0213384 -0.0558918 0.0570752 0.0479712 -0.0495231 0.0370688 0.0382503 -0.0408058 -0.00263114 -0.0440615 0.0238379 -0.0333675 0.0457368 0.0672573 0.0616035 0.0654875 -0.0595656 -0.0713188 0.0762537 -0.0694249 -0.0685741 -0.0695648
internal_weight=11306.9 5590.03 5716.9 3596.33 3012.12 2208.89 2137.45 2111.99 1232.39 2577.91 2120.58 1119.56 1716.12 1458.88 719.993 803.229 905.056 1346.58 577.448 575.171 881.433 1001.02 614.702 399.564 228.058 96.9016 386.316 369.541 861.79 30.7094
internal_count=48935 25281 23654 14594 12845 9245 8642 8776 4981 12436 9060 4718 8072 5952 3003 3600 3661 6239 2323 2521 3629 4342 2627 1715 1079 469 1715 1833 4364 152
is_linear=0
shrinkage=0.05


Tree=11
num_leaves=30
num_cat=0
split_feature=8 18 8 8 18 18 8 18 8 18 18 17 18 8 18 17 18 6 7 8 8 20 8 18 18 17 18 5 17
split_gain=3621.62 1486.78 443.895 408.242 354.58 323.85 262.359 183.291 159.417 118.278 273.464 116.353 106.521 92.6705 86.2373 83.9044 73.9256 72.663 69.0789 22.5351 18.2313 7.41644 2.10262 1.19824 0.315293 0.16619 0.0864828 0.0346951 0.0225187
threshold=0.36666666666666675 0.51666666666666672 0.59166666666666679 0.18333333333333332 0.70000000000000007 0.29999999999999999 0.74166666666666681 0.29999999999999999 0.78888888888888908 0.74166666666666681 0.81666666666666676 0.44200000000000006 0.70000000000000007 0.59166666666666679 1.0000000180025095e-35 0.12250000000000001 0.097222222222222224 0.044000000000000004 0.40800000000000003 0.93333333333333346 0.93333333333333346 -2.4999999999999996 0.78888888888888908 0.097222222222222224 0.14999999999999999 0.22900000000000004 0.36666666666666675 -0.78449999999999986 0.27100000000000007
decision_type=2 2 2 2 2 2 2 2 2 2 2 2 2 2 2 2 2 2 2 2 2 2 2 2 2 2 2 2 2
left_child=3 2 7 23 6 14 13 16 11 22 -11 -4 17 -3 25 -9 -2 -7 -16 -10 -8 -14 -6 27 28 -5 -26 -1 -25
right_child=1 4 8 5 9 12 20 15 19 10 -12 -13 21 -15 18 -17 -18 -19 -20 -21 -22 -23 -24 24 26 -27 -28 -29 -30
leaf_value=-0.08169853036383562 0.059060660247834552 -0.019340327767472201 0.042529785850276419 0.084548696498851564 -0.075583522358493846 -0.07028285402786523 0.041372354816771637 0.034512997038991959 0.058499771953219197 0.0040393996152410351 -0.070587581499485019 -0.0090581871648061137 -0.018059586957690967 0.0064040645373332778 0.0036559765697710082 -0.0011312264524638708 0.026665306547427658 -0.031085889434505479 -0.052158745984775934 0.074118204647115646 0.078916252249501662 -0.063241318052590256 -0.095628751186894345 -0.075863321993137708 -0.068562707653531174 0.093795454999976269 -0.067340456567683685 -0.087532408987267496 -0.072481335474371342
leaf_weight=4.6996523886919022 222.37710039317608 846.462073802948 1735.8599499613047 22.402184233069423 173.58116236329079 128.11660046875477 206.80229446291924 198.33519500494003 672.78993357717991 265.4719650298357 228.34923903644085 116.6448900103569 9.2870953530073148 595.45479246973991 511.19985421001911 985.24472899734974 846.31277734041214 1533.0526616275311 62.178217366337776 351.67503978312016 38.328431278467178 412.47196997702122 14.148480921983717 8.0850457698106784 176.97986783087254 6.2051674127578726 794.14930540323257 5.5679944753646833 12.580987334251402
leaf_count=20 956 3647 7246 93 786 632 844 799 2909 1162 1122 476 44 2425 2078 4020 3452 6858 262 1605 166 2082 57 36 897 25 4154 23 59
internal_value=-6.19365e-05 0.0198895 0.0350197 -0.0406352 -0.0128751 -0.0304709 -0.000579052 0.0183955 0.0480341 -0.0433117 -0.0304691 0.0392815 -0.0398063 -0.00870891 0.00183042 0.00484176 0.0334063 -0.0341089 -0.00239668 0.0638612 0.0472427 -0.0622464 -0.0770943 -0.0678692 -0.0676933 0.0865544 -0.0675632 -0.0848622 -0.0738044
internal_weight=11184.8 7497.84 5129.24 3686.98 2368.6 2684.91 1687.05 2252.27 2876.97 681.551 493.821 1852.5 2082.93 1441.92 601.985 1183.58 1068.69 1661.17 573.378 1024.46 245.131 421.759 187.73 1002.06 991.795 28.6074 971.129 10.2676 20.666
internal_count=48935 31672 21463 17263 10209 12074 7082 9227 12236 3127 2284 7722 9616 6072 2458 4819 4408 7490 2340 4514 1010 2126 843 5189 5146 118 5051 43 95
is_linear=0
shrinkage=0.05


Tree=12
num_leaves=31
num_cat=0
split_feature=22 22 22 17 17 7 8 22 17 7 22 17 22 22 8 7 17 18 22 18 17 17 7 6 17 21 17 8 16 22
split_gain=4691.97 712.707 593.179 206.598 196.428 145.735 134.489 98.1317 86.3833 83.2756 82.5545 79.7017 57.7054 56.7743 51.4612 51.393 35.7992 33.1706 31.9708 29.7678 21.6109 13.2912 10.7509 7.87296 7.63885 4.81349 4.0316 1.74952 0.519065 0.332826
threshold=1.0000000180025095e-35 -0.21111111111111108 0.36666666666666664 0.21550000000000002 0.31900000000000006 0.22900000000000004 0.18333333333333332 -0.11111111111111104 0.42600000000000005 0.17300000000000001 -0.43055555555555552 0.47900000000000004 0.15000000000000002 0.15000000000000002 0.18333333333333332 0.36750000000000005 0.21950000000000003 1.0000000180025095e-35 -1.0000000180025095e-35 0.59166666666666679 0.042500000000000003 0.60550000000000004 0.042500000000000003 0.10900000000000001 0.30900000000000005 -2.4999999999999996 0.15600000000000003 0.18333333333333332 0.19600000000000004 -0.09722222222222214
decision_type=2 2 2 2 2 2 2 2 2 2 2 2 2 2 2 2 2 2 2 2 2 2 2 2 2 2 2 2 2 2
left_child=1 10 3 13 6 12 29 -8 -7 22 25 17 -5 19 -12 18 -16 -11 -6 -2 -15 -13 28 -17 -24 27 -27 -1 -4 -3
right_child=2 4 9 5 15 8 7 -9 -10 11 14 21 -14 20 16 23 -18 -19 -20 -21 -22 -23 24 -25 -26 26 -28 -29 -30 -31
leaf_value=-0.066157023749477448 0.016158460089010115 -0.066699104412676957 0.072559893485445157 0.009738289899854263 -0.036952798145716101 0.0039479522580704932 -0.018652400792259795 0.0031171195791145274 -0.032663902882233899 0.074731655934803215 -0.066257779773545716 0.0017647434463345932 0.034699643734647345 0.058795298308979053 -0.031522353254706315 -0.066948940556517123 -0.049236292794289566 0.045162750516411887 -0.0093933587091571055 0.044006960984562034 0.038517950879920188 -0.054618173727901759 0.063720065744001284 -0.0489972695985895 0.048563102259063302 -0.022503895328841554 -0.056045040999015319 -0.062019645939071159 0.068292919401986188 -0.073531049798126372
leaf_weight=551.88686817884445 454.26072263717651 66.862130582332611 288.60268242657185 397.69110964238644 392.71093352138996 987.12801875174046 926.44154265522957 1173.2420739531517 192.53549920022488 104.36517125368118 236.4378799200058 48.736323669552803 554.18548764288425 161.42513863742352 554.77097238600254 111.9455921202898 587.02940589189529 1039.9519238620996 143.75467383861542 121.6573913693428 706.40449072420597 13.305862724781035 358.37456980347633 134.40465523302555 108.23256738483906 11.465858086943625 40.977543756365776 475.79131865501404 94.646031200885773 24.307377770543098
leaf_count=2990 1830 357 1348 1597 1768 3985 3978 4798 801 472 1277 198 2259 696 2547 587 2864 4481 622 493 2933 54 1602 623 469 56 210 2492 436 112
internal_value=-6.4711e-05 -0.0332184 0.0319146 0.0196083 -0.0167512 0.00971647 -0.00906962 -0.00648823 -0.00202755 0.0533126 -0.0531374 0.044867 0.0242709 0.0342125 -0.0450261 -0.0382494 -0.0406296 0.0478595 -0.0295678 0.0220412 0.0422897 -0.0103274 0.0653009 -0.0571548 0.0602043 -0.0634875 -0.0487118 -0.0642415 0.0715061 -0.0685206
internal_weight=11063.5 5432.03 5631.5 3575.29 2973.67 2131.54 2190.85 2099.68 1179.66 2056.22 2458.36 1206.36 951.877 1443.75 1378.24 782.816 1141.8 1144.32 536.466 575.918 867.83 62.0422 849.856 246.35 466.607 1080.12 52.4434 1027.68 383.249 91.1695
internal_count=48935 25281 23654 14594 12845 8642 9245 8776 4786 9060 12436 5205 3856 5952 6688 3600 5411 4953 2390 2323 3629 252 3855 1210 2071 5748 266 5482 1784 469
is_linear=0
shrinkage=0.05


Tree=13
num_leaves=30
num_cat=0
split_feature=8 18 8 8 18 18 18 8 18 18 17 17 18 18 17 6 7 7 8 8 14 20 8 18 18 7 18 5 6
split_gain=3061.46 1244.92 386.163 385.574 310.418 274.219 228.7 221.61 113.056 256.471 111.285 110.882 101.035 78.2037 75.1558 69.1502 44.5507 40.5209 22.7841 17.3028 13.8249 7.3131 1.91808 1.06249 0.231884 0.210355 0.0654209 0.0348328 0.0119133
threshold=0.36666666666666675 0.51666666666666672 0.78888888888888908 0.18333333333333332 0.70000000000000007 0.29999999999999999 0.29999999999999999 0.74166666666666681 0.74166666666666681 0.81666666666666676 0.35500000000000004 0.44200000000000006 0.70000000000000007 0.12222222222222222 0.19100000000000003 0.044000000000000004 0.43650000000000005 0.40800000000000003 0.93333333333333346 0.93333333333333346 0.60350000000000004 -2.4999999999999996 0.78888888888888908 0.097222222222222224 0.14999999999999999 0.051500000000000011 0.36666666666666675 -0.78449999999999986 0.078500000000000014
decision_type=2 2 2 2 2 2 2 2 2 2 2 2 2 2 2 2 2 2 2 2 2 2 2 2 2 2 2 2 2
left_child=3 2 6 23 7 13 10 14 22 -10 -2 -8 15 16 -3 -7 -5 -15 20 -9 -4 -14 -6 27 28 -20 -26 -1 -25
right_child=1 4 18 5 8 12 11 19 9 -11 -12 -13 21 17 -16 -17 -18 -19 25 -21 -22 -23 -24 24 26 -27 -28 -29 -30
leaf_value=-0.078632892410406663 0.043136266287449904 0.0083438707148581742 -0.023233820995126889 0.048969117941692931 -0.073084118170229306 -0.067972122562783274 0.017169280632249883 0.038198860559133102 0.0049456848414843012 -0.068471867207767462 0.011100074844572557 -0.028009887532687645 -0.015253699902307348 -0.0021215300564573895 -0.01597831736270151 -0.028662352846109785 -0.078694139124440884 -0.048865140438316967 0.070131693075228027 0.075424512493403664 0.055599471451207194 -0.060740225393742402 -0.092317031382376957 -0.069003693820013007 -0.066277309133307719 0.072825539985004448 -0.065179942647674724 -0.084552894989031069 -0.071681672584992848
leaf_weight=4.5526521354913712 1626.0483758896589 475.60081274807453 5.6096679568290702 99.324145123362541 166.84783563017845 120.88365106284618 1962.2416345477104 204.72707103192806 263.46842208504677 216.86724030971527 325.31135864555836 145.90646755695343 9.0418565869331342 441.63196839392185 956.12411357462406 1501.185679718852 7.3387328684329978 51.801491692662239 226.89744958281517 36.83154921233654 645.89982470870018 388.90542167425156 14.055376872420309 5.9598916172981289 166.2459203004837 106.47482064366341 742.01779934763908 5.4704410880804044 13.697746366262434
leaf_count=20 6964 1977 24 408 786 632 8032 844 1162 1122 1340 613 44 1797 4095 6858 30 223 1109 166 2885 2082 57 30 897 496 4154 23 65
internal_value=-6.64744e-05 0.018303 0.0322743 -0.0381621 -0.0118861 -0.0283142 0.0254603 -0.00042465 -0.0408895 -0.0282017 0.0377955 0.0140424 -0.0371306 0.00136324 -0.0078988 -0.0315919 0.0401855 -0.00702875 0.0603607 0.0438748 0.0549207 -0.0597067 -0.0745784 -0.065672 -0.0654971 0.0709921 -0.0653808 -0.0818639 -0.0708698
internal_weight=10937 7378.91 5044.39 3558.06 2334.52 2620.11 4059.51 1673.28 661.239 480.336 1951.36 2108.15 2020.02 600.096 1431.72 1622.07 106.663 493.433 984.882 241.559 651.509 397.947 180.903 937.944 927.921 333.372 908.264 10.0231 19.6576
internal_count=48935 31672 21463 17263 10209 12074 16949 7082 3127 2284 8304 8645 9616 2458 6072 7490 438 2020 4514 1010 2909 2126 843 5189 5146 1605 5051 43 95
is_linear=0
shrinkage=0.05


Tree=14
num_leaves=31
num_cat=0
split_feature=22 22 22 17 17 8 7 18 7 7 8 17 17 17 7 17 7 8 17 7 22 11 18 9 7 7 22 18 22 17
split_gain=3947.9 867.938 360.077 213.158 151.657 141.458 116.326 110.616 99.0196 81.4371 71.1619 72.0144 67.5771 58.7016 58.6362 56.274 51.5198 37.9494 35.5205 29.4379 24.8747 23.93 21.6593 16.8228 14.8941 2.8522 0.559683 0.330444 0.0290577 0.0356271
threshold=0.074999999999999969 -0.18333333333333326 0.36666666666666664 0.24050000000000002 0.30200000000000005 0.18333333333333332 0.31900000000000006 0.81666666666666676 0.12750000000000003 0.23900000000000002 0.18333333333333332 0.10900000000000001 0.32050000000000006 0.081500000000000017 0.43100000000000005 0.21250000000000002 0.45250000000000007 0.18333333333333332 0.44600000000000006 0.38700000000000007 0.54444444444444462 3.5000000000000004 1.0000000180025095e-35 0.70200000000000007 0.042500000000000003 0.08900000000000001 -0.21111111111111108 0.12222222222222222 -0.21111111111111108 0.27100000000000007
decision_type=2 2 2 2 2 2 2 2 2 2 2 2 2 2 2 2 2 2 2 2 2 2 2 2 2 2 2 2 2 2
left_child=1 5 4 10 13 28 17 15 21 20 27 -12 22 23 -10 -7 -15 -5 -8 -14 24 -6 -11 -2 -4 -22 -9 -3 -1 -30
right_child=2 3 9 6 8 7 18 26 14 12 11 -13 19 16 -16 -17 -18 -19 -20 -21 25 -23 -24 -25 -26 -27 -28 -29 29 -31
leaf_value=-0.064222376871436046 -0.035162925188081694 -0.080299995972870339 0.067709331697665159 -0.067941851896647393 0.082874805531665346 -0.025250479880847172 -0.03193765533177767 -0.065010267218825898 0.002954741592546291 0.071875883726617615 0.024589799476833357 -0.00022925610033996513 0.024267598560011192 0.028364875243097911 -0.040415469570006718 -0.042967591035623372 -0.015014460628325075 -0.009985853927628045 -0.060040596863299461 -0.018018072198819016 0.069350855238039619 0.032821532389133698 0.042266769576109066 0.05344272573730157 0.048171220564352427 0.062160744589088358 -0.073254984260193848 -0.066635726442549961 -0.06412405102354625 -0.066732856470071822
leaf_weight=752.298483684659 5.4677750617265692 5.3008979856967917 117.59445016086102 29.0888661891222 30.893029808998108 836.68708728253841 357.34028120338917 326.08219811320305 654.56566575169563 71.055074259638786 398.54716138541698 1096.0780599266291 146.01647934317589 1601.6578101962805 88.466109588742256 965.24215903878212 71.501650512218475 974.14947547018528 164.06135715544224 57.314055696129799 275.1963547617197 105.17522965371609 472.3405929505825 264.25994075834751 571.99059282243252 276.51336771249771 21.970944046974182 26.762119874358177 25.931464716792107 26.420680746436119
leaf_count=4364 23 23 558 146 130 3882 1584 1833 2647 336 1616 4485 617 6607 369 4777 292 4119 865 234 1366 429 2095 1144 2562 1292 102 146 151 141
internal_value=-6.90121e-05 -0.0271025 0.033686 -0.00839866 0.0222038 -0.0464184 -0.0216228 -0.0397255 0.00497206 0.0499851 0.00480775 0.00638883 0.0369376 0.0300006 -0.00220896 -0.034741 0.0265111 -0.0116663 -0.0407804 0.0123483 0.0578341 0.0441857 0.0461385 0.0516466 0.051503 0.0657472 -0.0655307 -0.0688948 -0.0643016 -0.0654406
internal_weight=10816 6005.96 4810.01 3051.33 2821.99 2954.63 1524.64 2149.98 879.1 1988.02 1526.69 1494.63 746.726 1942.89 743.032 1801.93 1673.16 1003.24 521.402 203.331 1241.29 136.068 543.396 269.728 689.585 551.71 348.053 32.063 804.651 52.3521
internal_count=48935 28234 20701 12984 11641 15250 6714 10594 3575 9060 6270 6101 3282 8066 3016 8659 6899 4265 2449 851 5778 559 2431 1167 3120 2658 1935 169 4656 292
is_linear=0
shrinkage=0.05


Tree=15
num_leaves=31
num_cat=0
split_feature=22 22 22 6 17 22 17 7 7 17 9 17 7 17 18 22 2 17 7 18 17 18 6 7 17 6 21 17 17 6
split_gain=3625.72 757.434 384.825 251.272 163.514 152.701 95.6101 93.7706 88.0694 61.5803 55.7023 51.209 48.3082 48.9546 42.4839 39.8251 37.7338 33.707 28.5549 26.2552 21.9809 15.8665 12.9769 12.9056 6.25443 5.69805 5.10135 4.0106 3.12987 1.91981
threshold=-1.0000000180025095e-35 0.24999999999999997 -0.29999999999999988 0.10400000000000001 0.18650000000000003 0.45555555555555566 0.10900000000000001 0.24550000000000002 0.37250000000000005 0.31900000000000006 0.68900000000000006 0.26000000000000006 0.23900000000000002 0.46550000000000008 0.81666666666666676 -0.43055555555555552 4.5000000000000009 0.19600000000000004 0.19600000000000004 0.56944444444444453 0.22900000000000004 0.8500000000000002 0.046500000000000007 0.060500000000000005 0.14900000000000002 0.051500000000000011 -2.4999999999999996 0.15600000000000003 0.097500000000000017 0.41900000000000004
decision_type=2 2 2 2 2 2 2 2 2 2 2 2 2 2 2 2 2 2 2 2 2 2 2 2 2 2 2 2 2 2
left_child=2 3 15 22 16 8 10 -6 11 14 25 -3 23 -14 -8 26 -5 -10 -11 29 -21 -12 28 -7 -24 -4 -1 -28 -2 -17
right_child=1 5 6 4 7 12 9 -9 17 18 21 -13 13 -15 -16 19 -18 -19 -20 20 -22 -23 24 -25 -26 -27 27 -29 -30 -31
leaf_value=-0.061216545701662455 -0.10517209998531341 0.042991146218949644 -0.076268552850606602 0.050617687857121063 0.012182824378707702 0.067796819762785981 -0.019896858396824941 -0.0089254940328572716 0.034556990478882825 -0.02261231527290683 0.015163889420039867 0.024750446721017196 0.045003883820789681 -0.01343580516888738 -0.071550117010820438 -0.061368456293639184 0.022031101095699057 -0.010113283308552325 -0.046860072796852364 -0.032270164185048043 -0.051471120607352032 -0.076819341260412663 0.019676475670716703 0.055379760547918766 -0.041984861012006866 -0.034292053978136214 -0.017860793644042989 -0.052314748324668481 -0.067134582499211296 -0.032345867253740605
leaf_weight=931.60051690042019 5.7259535044431678 892.51487520337105 17.177382007241249 132.66155478358269 1026.7693030387163 323.91818483173847 1493.6727942228317 1079.0804630964994 56.890833005309105 168.22028723359108 233.40815655887127 676.3558854162693 466.60082632303238 38.817049160599709 40.897867381572723 208.27113315463066 889.09045206010342 163.87408174574375 436.38772688806057 359.05841030180454 254.8440089225769 4.7842769324779502 4.9251059442758587 591.15397515892982 24.923897460103035 15.272500514984129 10.88194617629051 37.738290682435036 97.414414465427399 5.8583275526762
leaf_count=5482 23 3897 84 550 4179 1652 6698 4472 247 790 997 2800 2128 158 199 1201 3648 674 2145 1731 1337 22 20 2788 105 71 56 210 539 32
internal_value=-7.01453e-05 0.0234415 -0.0361381 0.00646775 0.00932992 0.0406822 -0.0230559 0.00136649 0.0309666 -0.0265984 0.00494391 0.0351274 0.0529225 0.0405156 -0.0212735 -0.0535726 0.0257427 0.00139819 -0.0401136 -0.0454992 -0.0402409 0.0133163 -0.060844 0.0597752 -0.0318107 -0.0565124 -0.0603925 -0.0446034 -0.0692463 -0.0605744
internal_weight=10688.8 6470.72 4218.07 3260.59 3127.6 3210.13 2409.82 2105.85 1789.64 2139.18 270.642 1568.87 1420.49 505.418 1534.57 1808.25 1021.75 220.765 604.608 828.032 613.902 238.192 132.989 915.072 29.849 32.4499 980.221 48.6202 103.14 214.129
internal_count=48935 27880 21055 13536 12849 14344 11006 8651 7618 9832 1174 6697 6726 2286 6897 10049 4198 921 2935 4301 3068 1019 687 4440 125 155 5748 266 562 1233
is_linear=0
shrinkage=0.05


Tree=16
num_leaves=31
num_cat=0
split_feature=22 22 22 17 17 8 17 18 7 8 17 6 17 7 17 7 17 17 6 8 19 7 19 17 26 17 8 22 22 17
split_gain=3322.81 775.643 320.235 188.431 153.003 142.604 124.911 108.315 94.9554 77.4663 57.9806 57.8887 55.5684 54.2444 52.0025 48.1634 38.1186 34.3808 25.0565 23.0165 18.6329 16.8762 32.3925 9.57853 8.62849 8.51359 6.2194 0.366983 0.0392767 0.0218598
threshold=0.11111111111111106 -0.18333333333333326 0.43055555555555564 0.45250000000000007 0.31900000000000006 0.18333333333333332 0.15900000000000003 0.81666666666666676 0.10900000000000001 0.18333333333333332 0.16350000000000003 0.049000000000000009 0.56650000000000011 0.38300000000000006 0.21250000000000002 0.35500000000000004 0.31100000000000005 0.23650000000000002 0.046500000000000007 0.93333333333333346 0.81350000000000011 0.13150000000000003 1.1225000000000003 0.10600000000000001 0.35900000000000004 0.60550000000000004 0.76388888888888895 -0.21111111111111108 -0.21111111111111108 0.27100000000000007
decision_type=2 2 2 2 2 2 2 2 2 2 2 2 2 2 2 2 2 2 2 2 2 2 2 2 2 2 2 2 2 2
left_child=1 5 4 6 10 28 11 14 20 -8 18 -3 -10 17 -7 -12 23 26 -2 -19 -6 22 -5 -15 -18 -23 -4 -9 -1 -30
right_child=2 3 13 21 8 7 9 27 12 -11 15 -13 -14 16 -16 -17 24 19 -20 -21 -22 25 -24 -25 -26 -27 -28 -29 29 -31
leaf_value=-0.062582452040483016 -0.12039044876154009 -0.086125293835402419 0.055461490158170458 0.08007874266290349 0.07789525864651009 -0.02313785607288267 -0.066695820367736067 -0.063289319823655751 0.0031013636261323307 -0.0084956433442089536 0.027476516910523448 0.015840095043094339 -0.045163907195876471 0.069772094458721748 -0.040412618434741455 0.0022493708886454976 -0.064546800733129517 0.040989075384843143 0.041636072568156574 0.068778610906039081 0.033844400356066909 -0.044951350670496826 -0.04303790328596966 0.02787335815112545 -0.0092768574359313218 -0.064504673970921952 0.065090904577810943 -0.070158498558325941 -0.062981302373793902 -0.065077775523477488
leaf_weight=700.79663848876953 2.3939794152975074 14.194143563508986 269.82806645333767 7.1604906022548702 38.181141465902328 819.746547088027 58.86174064874649 304.79527336359024 719.97330522537231 1994.9219812899828 1450.4268820434809 719.75263588130474 65.020110085606575 19.032773420214653 929.78399151563644 217.58223767578602 9.2526570707559568 501.3386155217886 724.96573507785797 87.517263159155846 64.657631888985634 139.7820179015398 21.043724343180656 48.148706167936325 29.818719744682312 92.512021422386169 442.95314459502697 20.768439292907715 24.703432947397232 25.034450009465218
leaf_count=4364 10 63 1300 30 164 3882 314 1833 2928 8420 6080 2951 276 94 4777 894 38 2320 3184 443 268 672 94 222 123 532 2265 102 151 141
internal_value=-7.11058e-05 -0.0251301 0.0313061 -0.00763677 0.0227514 -0.0440016 -0.00383663 -0.0372463 0.00502208 -0.0101637 0.0293227 0.0138681 -0.000896394 0.0512556 -0.0323185 0.0241858 0.0169047 0.0540596 0.0411028 0.0451192 0.0501992 -0.0483041 -0.011781 0.0397434 -0.0223656 -0.0527385 0.0614456 -0.0637275 -0.0626788 -0.0640365
internal_weight=10564.9 5873.86 4691.09 3048.23 3283.2 2825.63 2787.73 2075.09 887.832 2053.78 2395.37 733.947 784.993 1407.89 1749.53 1668.01 106.253 1301.64 727.36 588.856 102.839 260.498 28.2042 67.1815 39.0714 232.294 712.781 325.564 750.535 49.7379
internal_count=48935 28326 20609 13076 13804 15250 11748 10594 3636 8734 10168 3014 3204 6805 8659 6974 477 6328 3194 2763 432 1328 124 316 161 1204 3565 1935 4656 292
is_linear=0
shrinkage=0.05


Tree=17
num_leaves=31
num_cat=0
split_feature=20 18 6 17 7 18 18 6 7 6 24 18 18 9 17 7 6 23 16 9 32 17 18 16 6 7 26 9 18 9
split_gain=2184.8 436.618 398.896 320.286 199.426 205.936 139.756 78.9801 77.0051 76.0666 66.1973 55.9442 136.754 69.982 52.7025 24.6526 20.9035 17.882 11.8328 8.50514 6.79156 5.69868 2.27284 2.0406 0.999598 0.954692 0.860506 0.432414 0.221856 0.106954
threshold=-1.4999999999999998 0.70000000000000007 0.10400000000000001 0.044000000000000004 0.35500000000000004 0.29999999999999999 0.51666666666666672 0.39000000000000007 0.16350000000000003 0.29800000000000004 3.5455000000000005 0.81666666666666676 0.74166666666666681 1.4790000000000003 0.31900000000000006 0.59400000000000008 0.044000000000000004 0.80000000000000027 0.19600000000000004 2.2545000000000006 0.31100000000000005 0.15200000000000002 0.29999999999999999 0.93100000000000016 0.42600000000000005 0.057500000000000002 0.31650000000000006 1.7635000000000003 0.25833333333333336 2.1960000000000006
decision_type=2 2 2 2 2 2 2 2 2 2 2 2 2 2 2 2 2 2 2 2 2 2 2 2 2 2 2 2 2 2
left_child=3 2 16 18 5 8 7 -4 -5 -8 -7 12 24 -14 17 -16 23 -6 22 20 -20 -18 28 -2 -3 -21 -24 -13 -1 -29
right_child=1 11 6 4 14 10 9 -9 -10 -11 -12 27 13 -15 15 -17 21 -19 19 25 -22 -23 26 -25 -26 -27 -28 29 -30 -31
leaf_value=0.066040032431230231 -0.063999581752732612 -0.065684521331635742 -0.0056267884329447987 0.052519565010879968 -0.0001045538094153188 0.0093534318606586647 -0.032276908338371317 0.018571266296723298 0.029559383945511983 -0.01103934830788519 0.036104386404923743 -0.062393985538445142 -0.035442585495597409 0.011063139276752884 -0.017736243455288011 -0.060576860941035426 -0.022495049245054279 0.028016892438250236 0.0058741060765803311 0.062142054791803403 0.049805652299654085 -0.047172261311352881 0.10140028169501308 -0.081603868702551846 -0.072762074966833512 0.073221005604218084 0.077459934230067598 -0.066881232149405556 0.074386831294994765 -0.075056822858256517
leaf_weight=230.10412755608559 309.35703927278519 200.8590822070837 1747.975368142128 518.04520504176617 325.14103247225285 1744.7893259972334 730.97074322402477 417.80758203566074 1237.5747191905975 996.27303792536259 266.59627714753151 431.65830139815807 252.48104609549046 119.03010232746601 200.27589736878872 40.345762699842453 28.93659944832325 68.427077442407608 9.1742403060197812 43.206571772694588 214.20382854342461 122.16048662364483 5.5222554504871395 17.386340022087097 66.37400010228157 35.357329934835434 11.718555271625517 36.21997919678688 8.2463861703872663 4.4970357567071906
leaf_count=1238 1888 1138 7750 2423 1396 7539 3734 1776 5511 4470 1169 2733 1376 534 858 178 146 300 41 228 958 640 24 83 326 166 52 200 39 21
internal_value=-7.19736e-05 -0.0218254 -0.0147108 0.0239769 0.0194541 0.0238212 -0.00941888 -0.00095867 0.0363344 -0.0200271 0.0128991 -0.0498123 -0.0401641 -0.0205424 -0.00648551 -0.0249195 -0.0578248 0.00478474 0.0596798 0.052978 0.0480014 -0.0424463 0.0675969 -0.0649363 -0.0674424 0.0671281 0.0851281 -0.0628586 0.0663288 -0.0677842
internal_weight=10440.7 5481.99 4370.87 4958.73 4401.2 3767.01 3893.03 2165.78 1755.62 1727.24 2011.39 1111.12 638.744 371.511 634.19 240.622 477.84 393.568 557.533 301.942 223.378 151.097 255.591 326.743 267.233 78.5639 17.2408 472.375 238.351 40.717
internal_count=48935 26815 20487 22120 19374 16642 17730 9526 7934 8204 8708 6328 3374 1910 2732 1036 2757 1696 2746 1393 999 786 1353 1971 1464 394 76 2954 1277 221
is_linear=0
shrinkage=0.05


Tree=18
num_leaves=31
num_cat=0
split_feature=22 22 22 6 22 17 17 17 7 7 17 9 22 18 11 17 18 7 17 7 18 19 6 17 17 21 18 17 6 17
split_gain=2877.35 624.331 348.461 202.503 138.665 132.764 98.2849 84.1635 79.6452 58.9965 54.2796 46.6655 40.9516 37.7776 34.5659 29.3549 27.1539 26.4552 22.9692 21.3249 21.0021 17.6783 12.7109 8.57635 5.23525 5.06797 4.51102 3.86648 1.87914 1.7793
threshold=-1.0000000180025095e-35 0.24999999999999997 -0.29999999999999988 0.10400000000000001 0.51666666666666683 0.18650000000000003 0.26500000000000007 0.31900000000000006 0.30900000000000005 0.078500000000000014 0.10900000000000001 0.68900000000000006 -0.43055555555555552 0.81666666666666676 3.5000000000000004 0.051500000000000011 0.56944444444444453 0.19600000000000004 0.24050000000000002 0.27450000000000008 0.81666666666666676 1.7755000000000003 0.046500000000000007 0.41900000000000004 0.14900000000000002 -2.4999999999999996 1.0000000180025095e-35 0.15600000000000003 0.41900000000000004 0.34550000000000003
decision_type=2 2 2 2 2 2 2 2 2 2 2 2 2 2 2 2 2 2 2 2 2 2 2 2 2 2 2 2 2 2
left_child=2 3 12 22 6 14 15 10 -7 -8 11 -4 25 -12 -5 -3 28 21 26 -20 -18 -9 29 -19 -24 -1 -6 -27 -14 -2
right_child=1 4 7 5 18 8 9 17 -10 -11 13 -13 16 -15 -16 -17 20 23 19 -21 -22 -23 24 -25 -26 27 -28 -29 -30 -31
leaf_value=-0.058819242281055055 -0.080364972072781385 0.056558379068271762 -0.052478491140621288 0.049897638346539312 0.065254144056231464 0.0070694018040200037 0.058956080639947561 -0.011099067953849172 -0.014515746337996722 0.013387407084785412 -0.017751422335436792 0.012883324141793401 -0.059125925595625739 -0.0683674750625657 0.019803601008027215 0.035676802825251638 -0.033329162802433331 -0.038949815188837916 0.050817709674162527 0.025489195186115539 -0.062638765936404453 -0.049629019927283628 0.01855048443370879 -0.054236517898061554 -0.037994851630628712 -0.015144286023509413 0.055902006044741784 -0.049677228183874725 -0.029816330900232287 -0.062871442910588798
leaf_weight=843.19160090386868 17.975762262940407 201.34285672008991 30.851177111268044 106.66227665543556 215.48036247491837 1501.7025976330042 77.763381198048592 125.21269719302654 597.35018348693848 820.13456326723099 1467.3724681288004 237.76580099761486 191.39762865006924 37.813614904880524 905.07257418334484 1025.657609552145 513.53792119026184 280.403250426054 314.25351652503014 112.97659248113632 69.377117916941643 39.056263998150826 4.9179545938968685 136.3758799135685 24.414397150278091 10.525496378540991 321.06223744153976 35.256912961602211 5.6295000165700904 75.953356727957726
leaf_count=5482 81 999 155 453 1209 6132 352 601 2519 3452 6698 1019 1201 199 3745 4621 2650 1412 1561 512 418 189 20 733 105 56 1638 210 32 481
internal_value=-7.25782e-05 0.020962 -0.0331252 0.00560744 0.0370393 0.00809796 0.0299044 -0.0207381 0.000926682 0.0173339 -0.0153281 0.00537639 -0.0506033 -0.019023 0.0229763 0.0391033 -0.0422415 -0.0372538 0.0527701 0.0441198 -0.0368175 -0.0202599 -0.0572467 -0.0439518 -0.0285143 -0.0579396 0.0596579 -0.041738 -0.0582885 -0.0662193
internal_weight=10346.5 6322.72 4023.77 3234.05 3088.67 3110.79 2124.9 2354.85 2099.05 897.898 1773.8 268.617 1668.92 1505.19 1011.73 1227 779.942 581.048 963.773 427.23 582.915 164.269 123.261 416.779 29.3324 888.974 536.543 45.7824 197.027 93.9291
internal_count=48935 27880 21055 13536 14344 12849 9424 11006 8651 3804 8071 1174 10049 6897 4198 5620 4301 2935 4920 2073 3068 790 687 2145 125 5748 2847 266 1233 562
is_linear=0
shrinkage=0.05


Tree=19
num_leaves=31
num_cat=0
split_feature=22 22 22 17 8 8 18 17 17 17 6 22 17 8 18 9 8 18 19 17 18 8 21 11 30 14 25 22 21 6
split_gain=2635.56 578.134 337.378 191.948 139.902 121.565 112.002 76.5765 76.2329 72.7279 54.8091 48.1139 46.5335 44.957 42.8438 35.4039 35.2667 31.5358 31.4538 27.9527 25.8166 17.623 3.47411 0.390767 0.287382 0.142993 0.234018 0.115728 0.0175874 0.00563505
threshold=-1.0000000180025095e-35 0.24999999999999997 -0.29999999999999988 0.38300000000000006 0.78888888888888908 0.18333333333333332 0.074999999999999969 0.10900000000000001 0.13150000000000003 0.22450000000000003 0.17300000000000001 0.12222222222222222 0.31900000000000006 0.18333333333333332 0.81666666666666676 0.49150000000000005 0.93333333333333346 0.54444444444444462 2.9165000000000005 0.23900000000000002 1.0000000180025095e-35 0.81666666666666676 -10.499999999999998 4.5000000000000009 1.3600000000000001 0.83650000000000013 511.50000000000006 -0.066666666666666638 -1.4999999999999998 0.044000000000000004
decision_type=2 2 2 2 2 2 2 2 2 2 2 2 2 2 2 2 2 2 2 2 2 2 2 2 2 2 2 2 2 2
left_child=2 3 13 8 6 25 20 18 15 -8 22 -10 -9 28 19 -2 21 -12 -7 -15 -3 -6 -5 -18 -16 26 -4 -27 29 -1
right_child=1 4 5 10 16 7 9 12 11 -11 17 -13 -14 14 24 -17 23 -19 -20 -21 -22 -23 -24 -25 -26 27 -28 -29 -30 -31
leaf_value=-0.060409305768777566 -0.073780137112470792 0.067970528503166705 -0.062061848195399054 -0.0087527376796881842 0.053328667437560755 0.012525503360698999 0.035674141031323534 -0.015532734725226809 -0.001127725267350162 0.014116465732165757 -0.010490980172266545 0.013709099076817208 -0.033105081159670896 -0.02966885979094544 -0.046756674256337838 0.028298084535376328 0.063526558864023627 -0.057355238719051009 -0.078358841339599195 -0.049016625471223818 0.042042070342031071 0.037111878806868219 -0.059609269224042444 0.067086927701874174 -0.061136285553170855 -0.062330586267960134 -0.04534307195562657 -0.06648560233143834 -0.061894095491025175 -0.060729657342695267
leaf_weight=244.30078835785389 8.6255834847688657 152.21272626519203 6.3304311931133253 3.4843363910913459 317.45012181997299 244.1614186167717 639.01231905817986 1411.4318998605013 1112.1837736368179 1008.9831075519323 337.22048716247082 1074.1671793460846 513.92109757661819 464.81461879611015 3.5226117372512809 557.82526034116745 173.63737897574902 40.17360819876194 9.9062174409627897 311.98245160281658 259.97072494029999 354.73369027674198 92.66642864048481 138.56912925839424 254.94316364824772 127.3614809513092 3.1269272416830063 19.297541633248329 27.080595552921295 313.33683426678181
leaf_count=1713 36 798 41 15 1557 1037 2945 6371 4577 4326 1424 4386 2579 2441 24 2346 1037 184 45 1821 1227 1715 568 739 1720 808 21 104 175 2155
internal_value=-7.30902e-05 0.0200864 -0.0320332 0.00533867 0.0357147 -0.0198717 0.0283059 -0.0168186 0.0103969 0.0224755 -0.0240658 0.00616169 -0.0202232 -0.0495665 -0.0433067 0.0267437 0.0512203 -0.0154797 0.00898188 -0.0374394 0.051617 0.0447705 -0.0577663 0.0651068 -0.0609403 -0.062493 -0.056534 -0.0628773 -0.0606497 -0.0605893
internal_weight=10226.4 6270.92 3955.52 3226.35 3044.57 2335.54 2060.18 2179.42 2752.8 1648 473.545 2186.35 1925.35 1619.98 1035.26 566.451 984.39 377.394 254.068 776.797 412.183 672.184 96.1508 312.207 258.466 156.116 9.45736 146.659 584.718 557.638
internal_count=48935 27880 21055 13536 14344 11006 9296 10032 11345 7271 2191 8963 8950 10049 6006 2382 5048 1608 1082 4262 2025 3272 583 1776 1744 974 62 912 4043 3868
is_linear=0
shrinkage=0.05


Tree=20
num_leaves=31
num_cat=0
split_feature=22 22 22 6 8 8 17 17 7 7 17 7 8 8 17 11 16 22 17 15 6 15 17 17 11 14 25 22 21 6
split_gain=2414.63 535.161 326.393 176.821 134.7 117.041 111.856 86.6277 71.8456 70.8792 69.8034 52.736 45.9013 35.8356 31.8838 31.0389 28.9386 28.6292 22.7914 21.4843 12.3207 7.77527 4.80654 1.40039 0.322906 0.140477 0.233393 0.0954892 0.0146579 0.00469905
threshold=-1.0000000180025095e-35 0.24999999999999997 -0.29999999999999988 0.10400000000000001 0.78888888888888908 0.18333333333333332 0.18650000000000003 0.26500000000000007 0.24550000000000002 0.10900000000000001 0.10900000000000001 0.26200000000000007 0.18333333333333332 0.93333333333333346 0.072500000000000009 3.5000000000000004 0.93100000000000016 -0.43055555555555552 0.23900000000000002 -0.20349999999999999 0.046500000000000007 -0.34699999999999992 0.14900000000000002 0.34550000000000003 4.5000000000000009 0.83650000000000013 511.50000000000006 -0.066666666666666638 -1.4999999999999998 0.044000000000000004
decision_type=2 2 2 2 2 2 2 2 2 2 2 2 2 2 2 2 2 2 2 2 2 2 2 2 2 2 2 2 2 2
left_child=2 3 12 20 7 25 15 14 -8 -9 16 -12 28 19 -3 -5 -7 21 -19 -6 23 -14 -22 -2 -15 26 -4 -27 29 -1
right_child=1 4 5 6 13 10 8 9 -10 -11 11 -13 17 24 -16 -17 -18 18 -20 -21 22 -23 -24 -25 -26 27 -28 -29 -30 -31
leaf_value=-0.05979911394298492 -0.077236966924697684 0.053822563147314977 -0.061341335572177164 0.046819977066709061 0.051166594985048802 0.011870815568884564 0.010261532718537541 0.056402136395980101 -0.008259650680211025 0.010660380252260512 -0.012093706770629483 -0.028854182549716764 -0.0078294902026354272 0.062694393912829452 0.032306376180763569 0.018075911151862453 -0.076330308203362535 -0.027566918875610354 -0.047339428913173123 0.032937957095941807 0.01809034677628233 -0.053671042898879466 -0.036187235329013606 -0.061430550503432352 0.065988595682752851 -0.061587958631582042 -0.044374322394572174 -0.06542865374437587 -0.061181315178141682 -0.060097557683280504
leaf_weight=234.69709646701813 17.490037426352501 211.0616307258606 6.0906228423118574 104.85867317020893 376.80013950169086 244.73072080314159 1023.3194720596075 94.722630366683006 1072.2358646392822 799.61002378165722 1082.4595567733049 828.57406401634216 9.4741660505533201 167.30546206235886 934.60928444564342 900.14943850040436 9.6670639514923078 369.0148501843214 240.8785122781992 283.07643274962902 4.9081538468599346 390.76739324629307 24.138230934739113 70.479826360940933 133.94887456297874 122.57362434267998 3.0377146005630493 18.645348131656647 26.052331373095512 301.1104149222374
leaf_count=1713 81 1093 41 453 1926 1037 4179 439 4472 3407 4997 3953 53 1037 4357 3745 45 1924 1421 1346 20 2608 105 481 739 808 21 104 175 2155
internal_value=-7.36382e-05 0.0192503 -0.0309833 0.00508452 0.0344377 -0.0190471 0.00736158 0.0271668 0.000784772 0.0155051 -0.0160853 -0.0193606 -0.0485672 0.0498702 0.0362702 0.021075 0.00851919 -0.0421951 -0.0353761 0.0433468 -0.0552504 -0.0525859 -0.0270156 -0.0645732 0.0641591 -0.0617065 -0.0556951 -0.0620951 -0.0600231 -0.0599668
internal_weight=10106.5 6218.71 3887.77 3217.58 3001.13 2315.78 3100.56 2040 2095.56 894.333 2165.43 1911.03 1571.99 961.131 1145.67 1005.01 254.398 1010.13 609.893 659.877 117.016 400.242 29.0464 87.9699 301.254 150.347 9.12834 141.219 561.86 535.808
internal_count=48935 27880 21055 13536 14344 11006 12849 9296 8651 3846 10032 8950 10049 5048 5450 4198 1082 6006 3345 3272 687 2661 125 562 1776 974 62 912 4043 3868
is_linear=0
shrinkage=0.05


Tree=21
num_leaves=31
num_cat=0
split_feature=22 22 22 8 17 17 8 7 18 17 7 17 17 17 7 7 17 7 6 17 7 19 23 22 19 44 14 20 22 22
split_gain=2216.03 598.844 259.467 153.819 132.016 115.935 86.4191 75.9466 68.1319 65.9754 57.7052 50.8956 47.9057 46.4882 43.8139 42.8447 34.3235 23.3362 16.4418 10.6979 12.3782 9.92617 7.95876 0.68114 0.329703 0.264788 0.211899 0.0153135 0.00857684 0.0010642
threshold=0.11111111111111106 -0.21111111111111108 0.43055555555555564 0.18333333333333332 0.31900000000000006 0.31900000000000006 0.18333333333333332 0.078500000000000014 0.81666666666666676 0.11900000000000001 0.37250000000000005 0.24050000000000002 0.56650000000000011 0.036500000000000005 0.42600000000000005 0.37250000000000005 0.23900000000000002 0.085000000000000006 0.18050000000000002 0.078500000000000014 0.37250000000000005 0.81350000000000011 1.3795000000000002 1.0000000180025095e-35 1.2745000000000002 0.55550000000000022 0.83650000000000013 1.0000000180025095e-35 -0.29999999999999988 -0.40833333333333327
decision_type=2 2 2 2 2 2 2 2 2 2 2 2 2 2 2 2 2 2 2 2 2 2 2 2 2 2 2 2 2 2
left_child=1 6 5 23 9 13 27 21 16 -5 -6 19 -9 18 17 -15 -8 -13 -2 25 -21 -7 -16 26 -10 -4 -3 29 -29 -1
right_child=2 3 11 4 10 7 8 12 24 -11 -12 14 -14 15 22 -17 -18 -19 -20 20 -22 -23 -24 -25 -26 -27 -28 28 -30 -31
leaf_value=-0.061224400803281558 -0.037465621768962683 -0.052864161232641038 0.062376729276170551 0.014239169865978047 -0.016585221539664845 0.074200206674265398 -0.02380925781812325 0.0022929482247064556 -0.042111154933370282 -0.0054806331591660887 -0.046706702046101313 0.062193924489142322 -0.04263498830486151 0.024682474055707421 -0.0068155249721908303 0.0016954859256098341 -0.041481903564421128 0.033718789404322359 0.049865750006457425 0.052083720765826624 0.02124119021929791 0.036387736126465828 -0.073774712899519881 -0.078362312109710383 -0.060107945790812002 0.048094024755970563 -0.062273376960057518 -0.05939725666576471 -0.060171451589103399 -0.060508768112255022
leaf_weight=7.4701624959707287 5.5432365387678137 6.3087660521268836 268.20480865240097 534.24701184034348 626.69743382930756 30.586700469255447 649.3358901143074 742.72487939894199 2.5708637386560431 2058.1281438469887 213.05760726332664 85.418127700686455 64.484071969985962 1889.7277919352055 36.807394921779633 227.06609290838242 476.25429150462151 456.37436839938164 194.32199558615685 378.53637239336967 35.589556664228439 40.123971983790398 5.0461781919002524 6.5297780632972708 252.07368217408657 3.2847601175308219 116.09013263881207 521.92210069298744 38.406411409378052 17.056715801358223
leaf_count=50 24 44 1636 2215 2871 142 3405 3042 17 8775 1204 485 279 8227 156 956 2834 2262 961 2046 179 173 21 29 1816 20 752 3921 274 119
internal_value=-7.39398e-05 -0.0212389 0.0261279 -0.009012 -0.00699791 0.0185295 -0.0433961 0.00305644 -0.0365706 -0.0014167 -0.0242275 0.0452523 -0.00129613 0.0243931 0.0344005 0.0222167 -0.0312868 0.0382081 0.0474436 0.0544901 0.0494331 0.0527439 -0.0148886 -0.0626278 -0.0599263 0.0622039 -0.0617884 -0.0595039 -0.0594503 -0.0607267
internal_weight=9989.99 5526.15 4463.84 3561.06 3432.13 3194.58 1965.09 877.92 1380.23 2592.38 839.755 1269.26 807.209 2316.66 583.646 2116.79 1125.59 541.792 199.865 685.615 414.126 70.7107 41.8536 128.929 254.645 271.49 122.399 584.855 560.329 24.5269
internal_count=48935 28326 20609 15890 15065 13804 12436 3636 8072 10990 4075 6805 3321 10168 2924 9183 6239 2747 985 3881 2225 315 177 825 1833 1656 796 4364 4195 169
is_linear=0
shrinkage=0.05


Tree=22
num_leaves=31
num_cat=0
split_feature=8 18 8 8 18 15 18 8 17 17 18 18 59 6 8 8 18 8 23 8 18 34 18 17 6 17 18 14 9 20
split_gain=1567.75 571.927 309.378 258.642 206.337 155.136 152.908 132.751 111.19 68.8257 68.0813 53.0254 43.2013 41.1259 27.9208 25.0201 17.291 13.5313 8.4409 1.05726 0.72336 0.385979 0.178413 0.156072 0.138272 0.0754237 0.0599863 0.143056 0.0273541 0.0116276
threshold=0.36666666666666675 0.51666666666666672 0.18333333333333332 0.78888888888888908 0.81666666666666676 -0.054499999999999993 0.097222222222222224 0.74166666666666681 0.34700000000000003 0.25450000000000006 1.0000000180025095e-35 0.70000000000000007 4.5000000000000009 0.044000000000000004 0.93333333333333346 0.93333333333333346 1.0000000180025095e-35 0.81666666666666676 0.35999999999999999 0.70000000000000007 0.14999999999999999 0.68900000000000017 0.074999999999999969 0.075500000000000012 0.89450000000000018 0.12250000000000001 0.36666666666666675 0.83650000000000013 0.49150000000000005 1.0000000180025095e-35
decision_type=2 2 2 2 2 2 2 2 2 2 2 2 2 2 2 2 2 2 2 2 2 2 2 2 2 2 2 2 2 2
left_child=2 3 20 6 7 10 16 9 -8 -3 23 13 -12 -7 -9 17 -2 -5 -13 21 22 -6 -1 -4 -17 -21 27 -22 -24 -28
right_child=1 4 5 15 19 11 8 14 -10 -11 12 18 -14 -15 -16 24 -18 -19 -20 25 26 -23 28 -25 -26 -27 29 -29 -30 -31
leaf_value=-0.073982154113184678 0.064313219787380541 -0.00060312034018770902 0.067992846678035998 0.050971680788174517 -0.060688660702910846 -0.061385635778801073 0.019062784289699139 0.022227770374825425 -0.0031606780912253915 -0.020950299047190628 0.02757132959762423 -0.053088014833428315 -0.012219054576519294 -0.024575774682708555 0.068734784538595717 0.063656189802578228 0.041053563225276993 0.035340517238418766 0.02686589052325164 -0.07912861495103142 -0.053568230071805639 -0.041695912700759757 -0.061525632015534792 0.076608728195476192 0.061208239903491085 -0.071432549119868308 -0.060082147093068243 -0.060563625543151256 -0.066094997349422396 -0.058878977922699673
leaf_weight=7.9555020332336452 120.48195457458496 1052.1675274968147 7.5241623520851162 272.45796893537045 143.79476891458035 82.980111703276634 2777.817528873682 244.29697060585022 705.85472425818443 686.95315109193325 73.188303247094154 284.59985008835793 1003.8962270021439 886.80493684113026 37.184602588415146 90.525035455822945 237.2224945127964 281.49275220930576 3.3397673666477194 4.1450707316398647 7.7854158878326407 2.725732520222663 4.3933926969766643 17.437021031975746 159.01877517998219 13.72392889857292 20.899646237492561 119.28312983363867 12.869745686650274 512.37068732082844
leaf_count=38 703 4595 39 1441 1016 575 12081 1048 2982 3249 339 1999 4535 4488 195 541 1183 1468 21 19 57 20 29 78 1064 67 150 840 71 4004
internal_value=-7.39979e-05 0.0132289 -0.0299089 0.0231526 -0.00786689 -0.0213191 0.0177565 -0.00348431 0.0145599 -0.00864026 -0.00762341 -0.0333196 -0.00951528 -0.0277254 0.0283715 0.0489505 0.0488879 0.0430286 -0.0521606 -0.0617357 -0.0594762 -0.0603353 -0.0677871 0.0740116 0.0620963 -0.0732178 -0.0591588 -0.060135 -0.0649321 -0.0589261
internal_weight=9875.19 6829.86 3045.33 4644.87 2184.99 2359.77 3841.38 2020.6 3483.67 1739.12 1102.05 1257.72 1077.08 969.785 281.482 803.495 357.704 553.951 287.94 164.39 685.558 146.521 25.2186 24.9612 249.544 17.869 660.339 127.069 17.2631 533.27
internal_count=48935 31672 17263 21463 10209 12074 16949 9087 15063 7844 4991 7083 4874 5063 1243 4514 1886 2909 2020 1122 5189 1036 138 117 1605 86 5051 897 100 4154
is_linear=0
shrinkage=0.05


Tree=23
num_leaves=31
num_cat=0
split_feature=22 22 22 6 17 8 7 7 17 17 18 8 22 18 18 17 19 6 17 7 17 4 16 16 19 14 41 22 21 6
split_gain=1892.33 438.826 293.074 190.05 118.354 103.346 99.316 74.0689 59.5745 54.0419 50.1972 47.4858 46.1181 43.7404 31.9458 26.3325 22.8375 15.006 12.2449 12.1915 8.38784 6.94439 1.89926 0.703681 0.362051 0.138065 0.250786 0.0566958 0.00862584 0.00285723
threshold=-1.0000000180025095e-35 0.36666666666666664 -0.29999999999999988 0.10400000000000001 0.21550000000000002 0.18333333333333332 0.14050000000000004 0.17300000000000001 0.31900000000000006 0.47900000000000004 0.81666666666666676 0.18333333333333332 0.15000000000000002 0.81666666666666676 1.0000000180025095e-35 0.23900000000000002 1.6450000000000002 0.046500000000000007 0.60550000000000004 0.042500000000000003 0.28300000000000008 1.4790000000000003 0.27100000000000007 0.14050000000000004 1.2745000000000002 0.83650000000000013 0.47400000000000003 -0.066666666666666638 -1.4999999999999998 0.044000000000000004
decision_type=2 2 2 2 2 2 2 2 2 2 2 2 2 2 2 2 2 2 2 2 2 2 2 2 2 2 2 2 2 2
left_child=2 3 11 17 12 25 -6 19 10 14 -7 28 -5 15 -9 -13 -10 22 -11 23 -21 -19 -2 -3 -15 26 -4 -27 29 -1
right_child=1 7 5 4 6 8 -8 9 16 18 -12 13 -14 24 -16 -17 -18 21 -20 20 -22 -23 -24 -25 -26 27 -28 -29 -30 -31
leaf_value=-0.058200613822136704 -0.062266604723187714 0.061682172270212658 -0.040710879823213142 0.013196931886507121 0.02665641206151545 -0.0084025194660337903 -0.00075767169089658551 0.063776648112199824 -0.022460003299782233 -0.0035316437180709908 -0.066063488907493959 -0.025644244030885305 0.029496449014362471 -0.038938898386030235 0.030647792151050707 -0.045221866449719428 -0.045864656301839696 -0.061113281857910033 -0.058115394242320623 0.051494153042012783 0.035680351371656392 -0.010064222422376291 -0.086290736688654585 0.056115229378329107 -0.058883494514811396 -0.059650476718165028 -0.059420743670187064 -0.062774376242306834 -0.059329033286923918 -0.05844814041936619
leaf_weight=207.34837545454502 76.221068538725376 193.52716583013535 2.6483892276883108 974.87528339028358 391.57457263767719 1599.3853585124016 2113.9873181283474 79.189088463783264 340.55834908783436 47.332188472151756 38.656945407390594 438.78318320214748 782.15223814547062 2.2991916090250006 897.42292477190495 282.23265224695206 150.19529753923416 9.3845019042491895 13.123541608452795 249.44033697247505 126.31543983519077 22.962865069508553 9.2221140861511213 80.326492458581924 219.98126777261496 108.77400123327971 5.5324408710002899 16.762642219662666 23.111239030957222 266.33679880201817
leaf_count=1713 543 1283 20 4001 1660 7232 8824 472 1770 198 221 2441 3610 16 4481 1821 809 42 54 1410 661 99 41 501 1728 808 42 104 175 2155
internal_value=-7.41681e-05 0.0171165 -0.0282427 0.00877228 0.0105036 -0.0170198 0.00352666 0.0387869 -0.0143416 0.0304943 -0.00976329 -0.0458748 0.0204528 -0.0392858 0.0333341 -0.0333077 -0.029623 -0.053879 -0.0153805 0.0520257 0.0461781 -0.0248744 -0.0648596 0.0600493 -0.0586772 -0.0596575 -0.0533638 -0.0600676 -0.0583858 -0.0583398
internal_weight=9769.66 6067.06 3702.61 4380.38 4262.59 2262.51 2505.56 1686.68 2128.8 1037.07 1638.04 1440.09 1757.03 943.296 976.612 721.016 490.754 117.791 60.4557 649.609 375.756 32.3474 85.4432 273.854 222.28 133.717 8.18083 125.537 496.796 473.685
internal_count=48935 27880 21055 18820 18095 11006 10484 9060 10032 5205 7453 10049 7611 6006 4953 4262 2579 725 252 3855 2071 141 584 1784 1744 974 62 912 4043 3868
is_linear=0
shrinkage=0.05


Tree=24
num_leaves=31
num_cat=0
split_feature=22 22 22 6 7 17 8 7 17 11 17 7 8 18 18 6 17 7 17 17 16 22 16 19 12 24 20 22 21 6
split_gain=1732.83 410.699 282.963 175.772 110.662 102.03 99.6364 72.5084 57.0759 52.6735 49.7782 48.5792 48.4465 43.941 31.3832 26.7917 25.5831 12.5638 11.0879 8.25675 1.56004 0.898363 0.739641 0.369376 0.140574 0.0992588 0.327492 0.0459252 0.00723943 0.0023989
threshold=-1.0000000180025095e-35 0.36666666666666664 -0.29999999999999988 0.046500000000000007 0.18650000000000003 0.30200000000000005 0.18333333333333332 0.17300000000000001 0.10900000000000001 2.5000000000000004 0.47900000000000004 0.26200000000000007 0.18333333333333332 0.81666666666666676 1.0000000180025095e-35 0.051500000000000011 0.23900000000000002 0.042500000000000003 0.60550000000000004 0.28300000000000008 0.27100000000000007 1.0000000180025095e-35 0.14050000000000004 1.2745000000000002 1.5000000000000002 1.6035000000000001 2.5000000000000004 -0.066666666666666638 -1.4999999999999998 0.044000000000000004
decision_type=2 2 2 2 2 2 2 2 2 2 2 2 2 2 2 2 2 2 2 2 2 2 2 2 2 2 2 2 2 2
left_child=2 3 12 20 9 -6 25 17 15 -5 14 -10 28 16 -9 -8 -14 22 -12 -19 21 -2 -3 -15 -22 26 -4 -27 29 -1
right_child=1 7 6 4 5 -7 8 10 11 -11 18 -13 13 23 -16 -17 -18 19 -20 -21 24 -23 -24 -25 -26 27 -28 -29 -30 -31
leaf_value=-0.057736961549948611 -0.058208845818934887 0.060990107531555177 -0.0385931869619194 0.068974025835926947 0.010580989894198279 -0.0096045464013902078 -0.0736101988273615 0.062930132510787842 -0.0097124436792904081 0.019314966281934673 -0.003354271689148227 -0.02601799197839116 -0.024699638098522294 -0.037971446967884369 0.029513410387220659 0.011757995527881116 -0.04421321793913937 0.050340332361450357 -0.055341192014900779 0.034488192954029433 -0.089551880566640429 -0.070662916939775264 0.055181308693627584 -0.058376706516309357 -0.077075383819637133 -0.059130488692686667 -0.058807470852057855 -0.062039213968150334 -0.058792333618521132 -0.057968592764062722
leaf_weight=198.77956338971853 53.42214497178793 186.12447962164879 2.4855223223567 55.608768060803413 1966.122205004096 918.45490378141403 9.5503014028072339 76.314440473914146 1060.0808028876781 1343.9665057808161 47.343048378825188 802.66333004832268 432.93731482326984 2.2413673847913733 885.62609606981277 244.08283522725105 274.43725928664207 242.57513999938965 13.093053385615347 124.20226749777794 4.7246334105730039 19.864201828837395 77.669287249445915 211.02312581986189 4.3238172754645348 99.921146772801876 10.335143052041529 15.702754884958265 22.179680198431015 255.39003822207451
leaf_count=1713 443 1283 20 270 8345 3873 46 472 4997 5748 198 3953 2441 16 4481 1036 1821 1410 54 661 20 100 501 1728 21 771 82 101 175 2155
internal_value=-7.44714e-05 0.0163962 -0.0272984 0.00836067 0.00975138 0.00415388 -0.0163038 0.0376233 -0.0137087 0.021288 0.0293991 -0.0167386 -0.0449657 -0.0382681 0.0321645 0.00854354 -0.0322702 0.0509577 -0.0146169 0.0449723 -0.0640029 -0.0615845 0.0592798 -0.0581623 -0.08359 -0.0590627 -0.0548886 -0.0595255 -0.0579103 -0.0578672
internal_weight=9661.25 6019.43 3641.81 4366.49 4284.15 2884.58 2244.82 1652.95 2116.38 1399.58 1022.38 1862.74 1396.99 920.639 961.941 253.633 707.375 630.571 60.4361 366.777 82.3348 73.2863 263.794 213.264 9.04845 128.445 12.8207 115.624 476.349 454.17
internal_count=48935 27880 21055 18820 18236 12218 11006 9060 10032 6018 5205 8950 10049 6006 4953 1082 4262 3855 252 2071 584 543 1784 1744 41 974 102 872 4043 3868
is_linear=0
shrinkage=0.05


Tree=25
num_leaves=31
num_cat=0
split_feature=22 22 22 6 17 17 7 8 7 18 7 17 11 7 17 17 17 6 22 21 17 7 7 17 19 17 22 44 21 22
split_gain=1596.49 480.551 213.901 127.254 102.134 92.6074 91.6292 87.0124 68.9531 65.3206 64.1344 45.8614 34.2197 33.7751 31.8452 23.6942 18.7842 14.2568 12.8592 11.7287 11.0558 12.4624 9.93246 0.90754 0.314775 0.205845 0.190621 0.186776 0.00875198 0.00345774
threshold=0.11111111111111106 -0.21111111111111108 0.45555555555555566 0.044000000000000004 0.15600000000000003 0.18350000000000002 0.49150000000000005 0.18333333333333332 0.21950000000000003 0.81666666666666676 0.10900000000000001 0.24050000000000002 3.5000000000000004 0.23900000000000002 0.28300000000000008 0.036500000000000005 0.46550000000000008 0.18050000000000002 0.54444444444444462 5.5000000000000009 0.078500000000000014 0.37250000000000005 0.59400000000000008 0.070000000000000021 1.2790000000000001 0.37250000000000005 -0.074999999999999942 0.55200000000000016 -1.4999999999999998 -0.29999999999999988
decision_type=2 2 2 2 2 2 2 2 2 2 2 2 2 2 2 2 2 2 2 2 2 2 2 2 2 2 2 2 2 2
left_child=1 7 5 23 12 15 10 28 -6 14 -7 20 -5 18 -9 17 -15 -2 -13 -17 27 -22 -8 26 -11 -25 -3 -4 29 -1
right_child=2 3 11 4 8 6 22 9 -10 24 -12 13 -14 16 -16 19 -18 -19 -20 -21 21 -23 -24 25 -26 -27 -28 -29 -30 -31
leaf_value=-0.057424920612768951 -0.034545158823395518 -0.066952459929405309 0.059452151264263342 0.04209139487475555 -0.00083197196368353448 0.036575831798809279 -0.022741157688031866 -0.022300622722555966 -0.017595558556560541 -0.040467326112163651 0.0095792303152079719 0.031119302363677499 0.006096743061221821 0.022647309253013843 -0.041595098141525684 0.019111085370919913 -0.015584337584091208 0.047172697220838618 0.051956237398797372 0.032251638325550051 0.048129225776661511 0.016201525145988036 -0.054405405518263686 -0.063556507036301557 -0.058028624452135726 -0.058221663052386179 -0.079010647481817686 0.049255843419297368 -0.058327738745619612 -0.057991654629852611
leaf_weight=435.26252306252718 5.4904852956533423 5.9608417898416519 222.91369751095772 72.394233979284763 1013.7419062405825 248.59418831765652 60.398600965738297 763.3291002959013 1553.3915427774191 2.5824268683791152 1912.2766094356775 144.47483024001122 751.09225738793612 203.92852526903152 297.08552075922489 366.09988713264465 38.136492908000946 191.39953714609146 151.8842815309763 316.71114692091942 344.46349735558033 33.539799466729164 41.979763984680176 24.400695838034153 214.33774688839912 69.821106947958469 7.280829653143881 4.5836870074272147 30.996987923979759 28.687576957046986
leaf_count=3868 24 35 1576 304 4447 1129 254 4302 7148 19 8103 783 3176 1027 1937 1666 158 1008 924 1511 2046 179 188 162 1814 586 32 33 254 242
internal_value=-7.46501e-05 -0.0185051 0.0225841 -0.00775856 -0.00606078 0.0158461 0.0104952 -0.0397165 -0.0109757 -0.0328201 0.012685 0.0410971 0.0092611 0.0304804 -0.0277062 0.0296125 0.016624 0.0448939 0.0417982 0.0252061 0.0505377 0.0452963 -0.0357249 -0.0613258 -0.0578196 -0.0596032 -0.0735826 0.0592467 -0.0575143 -0.05746
internal_weight=9557.24 5270.37 4286.88 3498.08 3390.62 3142.95 2263.25 1772.28 2567.13 1277.33 2160.87 1143.92 823.486 538.424 1060.41 879.701 242.065 196.89 296.359 682.811 605.501 378.003 102.378 107.463 216.92 94.2218 13.2417 227.497 494.947 463.95
internal_count=48935 28326 20609 15890 15075 13883 9674 12436 11595 8072 9232 6726 3480 2892 6239 4209 1185 1032 1707 3177 3834 2225 442 815 1833 748 67 1609 4364 4110
is_linear=0
shrinkage=0.05


Tree=26
num_leaves=31
num_cat=0
split_feature=8 18 8 18 8 18 18 15 7 17 17 7 18 18 18 7 8 8 7 23 8 23 16 8 18 18 21 21 9 18
split_gain=1151.33 406.782 281.683 258.121 189.087 129.987 187.253 123.147 116.283 89.4293 68.076 64.5927 54.228 49.976 43.4643 42.826 30.9875 29.3881 28.9488 27.4902 26.9584 8.58672 2.92254 2.88558 0.694617 0.167038 0.04571 0.0408641 0.032928 0.0107717
threshold=0.36666666666666675 0.29999999999999999 0.18333333333333332 0.70000000000000007 0.74166666666666681 0.74166666666666681 0.81666666666666676 -0.054499999999999993 0.24050000000000002 0.44200000000000006 0.30900000000000005 0.078500000000000014 1.0000000180025095e-35 0.70000000000000007 0.12222222222222222 0.31900000000000006 0.93333333333333346 0.59166666666666679 0.59400000000000008 0.29700000000000004 0.59166666666666679 0.35999999999999999 0.23400000000000001 0.78888888888888908 0.14999999999999999 0.074999999999999969 1.0000000180025095e-35 -1.0000000180025095e-35 0.49150000000000005 0.36666666666666675
decision_type=2 2 2 2 2 2 2 2 2 2 2 2 2 2 2 2 2 2 2 2 2 2 2 2 2 2 2 2 2 2
left_child=2 8 24 4 9 23 -7 11 14 -3 17 19 -13 15 22 -9 -6 -10 -12 -4 -16 -15 -2 -5 25 -1 27 -26 -27 -28
right_child=1 3 7 5 16 6 -8 13 10 -11 18 12 -14 21 20 -17 -18 -19 -20 -21 -22 -23 -24 -25 26 28 29 -29 -30 -31
leaf_value=-0.072187097928159735 0.057346021786403245 0.004959457417808657 0.010891710827735476 -0.06654609173371008 0.02922049205494694 0.012367626507764757 -0.059719029477686363 -0.017078268410046341 0.015645321459895709 -0.027961833844271439 0.0011248475637621721 0.072173703909073336 -0.011772977432266478 -0.050479746518263216 0.023517081957713334 -0.04016880052505984 0.061841747980044742 0.037093967534039651 -0.06213738968164894 0.067692777272464227 0.041512053510770461 0.032192974958834601 0.044427687169968755 -0.090466789372998194 -0.057234787887698306 -0.059055074056766237 -0.059702155440031629 -0.054648404037808823 -0.064425896972948038 -0.057989678700709812
leaf_weight=7.5702649205923089 276.00217968225479 3158.1119751632214 50.841108560562134 138.63143035024405 469.88710051774979 244.2711266875267 142.7214475274086 629.45860742032528 341.32092195749283 220.70016980916262 293.32216426730156 19.624859467148781 975.54515648633242 251.78318847715855 361.48314660787582 294.87796742469072 86.14532533288002 300.13382636010647 19.271528467535973 36.661534935235977 490.59690713882446 3.1804926320910445 52.035386234521866 13.868658542633055 507.20644601434469 3.7423422560095796 21.334138743579388 15.746124282479284 12.019648455083368 16.122152879834175
leaf_count=38 1866 13557 236 786 2319 1162 1122 3292 1584 1034 1265 95 4492 1999 1609 1771 574 1612 85 168 2733 21 307 57 4619 29 159 137 71 136
internal_value=-7.38103e-05 0.0113761 -0.0266634 0.00280866 0.00725545 -0.0296244 -0.0142177 -0.0186721 0.0293378 0.00280908 0.0163573 -0.00649615 -0.0101175 -0.0298503 0.0398318 -0.0244445 0.0342745 0.025681 -0.0027753 0.03469 0.0338779 -0.0494485 0.0552968 -0.0687215 -0.0576297 -0.0660826 -0.0572778 -0.0571569 -0.0631507 -0.0589651
internal_weight=9454.22 6608.5 2845.71 4474.34 3934.84 539.493 386.993 2261.97 2134.17 3378.81 954.048 1082.67 995.17 1179.3 1180.12 924.337 556.032 641.455 312.594 87.5026 852.08 254.964 328.038 152.5 583.741 23.3323 560.409 522.953 15.762 37.4563
internal_count=48935 31672 17263 20611 17484 3127 2284 12074 11061 14591 4546 4991 4587 7083 6515 5063 2893 3196 1350 404 4342 2020 2173 843 5189 138 5051 4756 100 295
is_linear=0
shrinkage=0.05


Tree=27
num_leaves=31
num_cat=0
split_feature=21 6 18 17 7 18 17 7 18 18 21 7 17 6 18 9 18 26 2 2 23 29 29 59 26 18 6 18 16 18
split_gain=1014.78 261.239 244.797 235.873 137.72 120.157 71.6916 67.5178 55.6655 115.086 52.2949 38.4956 21.3606 20.5338 17.0898 13.826 13.8105 12.4687 6.99347 5.92344 5.53938 5.24909 4.91344 5.99518 3.55507 2.82013 0.732123 0.270123 1.29766 0.059314
threshold=1.0000000180025095e-35 0.10400000000000001 0.70000000000000007 0.044000000000000004 0.35500000000000004 0.12222222222222222 0.41900000000000004 0.057500000000000002 0.74166666666666681 0.81666666666666676 -2.4999999999999996 0.5415000000000002 0.26500000000000007 0.041000000000000009 0.54444444444444462 1.413 1.0000000180025095e-35 0.20150000000000004 2.5000000000000004 6.5000000000000009 0.66700000000000026 1.9450000000000003 1.9280000000000002 17.500000000000004 0.13950000000000004 0.51666666666666672 0.42600000000000005 0.48333333333333339 0.66100000000000014 0.81666666666666676
decision_type=2 2 2 2 2 2 2 2 2 2 2 2 2 2 2 2 2 2 2 2 2 2 2 2 2 2 2 2 2 2
left_child=1 13 6 15 5 16 10 -7 26 -10 -3 12 -6 27 -8 17 -5 -2 25 -19 -13 -20 23 -15 -24 -17 -4 28 -1 -29
right_child=3 2 8 4 11 7 14 -9 9 -11 -12 20 -14 22 -16 18 -18 19 21 -21 -22 -23 24 -25 -26 -27 -28 29 -30 -31
leaf_value=-0.059294759271448366 -0.046676987442631213 -0.0096884214557026276 -0.061189542867280781 0.063003734071017767 0.0053208177776755718 0.038890286254310208 -0.026678980263439397 0.01112464991099754 -0.010265831933826387 -0.057845163659847265 0.0045392405571751532 -0.050910348948852269 -0.01379913467549532 0.035552082161786284 -0.058420510308323029 0.060829258838421829 0.03856419048434815 0.048626039346821262 0.00095056150350856486 0.016840891338720503 -0.017279243453307003 0.049656952125415404 -0.054936275845944217 -0.048467910431036675 -0.034688285644600407 0.095161999280662296 -0.068246744181957517 -0.058274906983807828 -0.081133853217298324 -0.056530013724294427
leaf_weight=128.79022092372179 4.9705785512924185 2159.8356431797147 138.67173323780298 72.630936786532402 279.46967678517103 235.05594711750746 143.09451195597649 3195.2214734256268 287.27518039941788 227.93450333178043 921.36574178189039 55.825557626783848 306.04183818399906 5.0316427499055845 60.264352716505527 155.88542817533016 283.17787984013557 36.018049031496048 5.6839838922023764 24.715946950018406 15.683671593666075 206.35070282965899 26.919470489025116 3.6729543209075928 111.34274689853191 6.2199194729328147 50.001209363341331 119.70976328849792 7.1811910942196837 82.109298951923847
leaf_count=1097 23 10893 1003 462 1276 1211 749 14891 1660 2046 4161 254 1363 28 362 1170 1547 182 30 124 69 1186 198 22 718 29 285 1055 37 804
internal_value=-7.41514e-05 -0.0172785 -0.013066 0.0156865 0.0122289 0.015896 -0.00733169 0.0130273 -0.0398244 -0.0313155 -0.00543395 -0.00890262 -0.00467302 -0.0519378 -0.0360854 0.0506135 0.043553 0.0294598 0.0543284 0.0356909 -0.0435342 0.0483513 -0.0363366 9.93677e-05 -0.0386305 0.0621466 -0.0630598 -0.0587256 -0.0604482 -0.057565
internal_weight=9356.15 4473.2 3988.44 4882.95 4443.11 3786.09 3284.56 3430.28 703.883 515.21 3081.2 657.021 585.512 484.757 203.359 439.845 355.809 65.7046 374.14 60.734 71.5092 212.035 146.967 8.7046 138.262 162.105 188.673 337.79 135.971 201.819
internal_count=48935 25118 21159 23817 21073 18111 16165 16102 4994 3706 15054 2962 2639 3959 1111 2744 2009 329 2415 306 323 1216 966 50 916 1199 1288 2993 1134 1859
is_linear=0
shrinkage=0.05


Tree=28
num_leaves=31
num_cat=0
split_feature=22 22 8 6 18 8 17 18 24 17 18 17 8 18 17 15 17 30 22 8 8 11 22 22 6 6 17 18 6 17
split_gain=1303.53 389.64 196.478 126.8 115.784 108.775 89.0262 84.9079 59.2875 57.4107 40.0966 39.6898 38.4885 32.188 25.7671 20.6012 0.911217 0.398936 0.367923 0.362936 0.2792 0.259431 0.124153 0.0536917 0.0178351 0.0130591 0.00802983 0.0061561 0.000714661 0.000195117
threshold=-0.11111111111111104 0.24999999999999997 0.18333333333333332 0.046500000000000007 0.81666666666666676 0.78888888888888908 0.34700000000000003 1.0000000180025095e-35 3.9095000000000004 0.23900000000000002 0.63333333333333341 0.26500000000000007 0.93333333333333346 0.70000000000000007 0.55900000000000016 -0.20349999999999999 0.34550000000000003 1.3600000000000001 -0.21111111111111108 0.36666666666666675 0.18333333333333332 4.5000000000000009 1.0000000180025095e-35 -0.21111111111111108 0.046500000000000007 0.10400000000000001 0.27100000000000007 0.70000000000000007 0.042500000000000003 0.18050000000000002
decision_type=2 2 2 2 2 2 2 2 2 2 2 2 2 2 2 2 2 2 2 2 2 2 2 2 2 2 2 2 2 2
left_child=2 3 23 16 9 7 8 19 -5 10 -4 -9 15 -11 -8 -7 20 -6 -19 -3 -2 -14 -18 25 29 28 -26 -27 -1 -25
right_child=1 5 4 6 17 12 14 11 -10 13 -12 -13 21 -15 -16 -17 22 18 -20 -21 -22 -23 -24 24 26 27 -28 -29 -30 -31
leaf_value=-0.056157318151370664 -0.059872380816055365 0.068147339219559622 -0.0024310895509855506 0.0058155862717573295 -0.03798271157591139 0.043701683754831327 -0.010068185473446909 0.024659316931308073 0.051736481686968962 -0.023611754424570267 -0.020740118919994065 0.0096690806405685253 0.057892551468381237 -0.047575997547159687 -0.043530497867172613 0.024702787263941178 -0.056729063379304161 -0.056825239378487505 -0.063603630080858384 0.060404299020792418 -0.072941352283638627 0.061257923585859478 -0.063195256299797928 -0.05609986482110435 -0.057938432249864752 -0.056893920001132983 -0.059239935566227392 -0.056299816492812516 -0.056403150904198868 -0.056625831751217784
leaf_weight=176.76653727889061 5.4129228666424778 17.876934036612511 603.04433742165565 2949.1535189449787 2.6391974166035643 322.23326170444489 605.46818148344755 927.82606476545334 72.004282787442207 731.98338179290295 593.16322046518326 842.57009409368038 121.80286260694265 173.2955663651228 63.570288076996803 256.07250842452049 47.156617477536201 189.00051383674145 22.390716746449471 98.624899595975876 16.679725736379623 108.07978626340628 8.8102778047323209 2.0302584618329993 26.995715171098709 171.07485893368721 21.12470106780529 58.518721543252468 35.501362718641758 13.408193685114382
leaf_count=1811 41 95 2860 12400 25 1926 2675 4734 323 4128 3176 3764 1037 1224 301 1346 456 1808 136 703 79 739 54 21 229 1610 161 590 353 130
internal_value=-7.36455e-05 0.0123036 -0.0284325 0.00192143 -0.0222675 0.02682 0.00325541 0.020246 0.00691003 -0.0186994 -0.01151 0.0175251 0.0421685 -0.0281992 -0.0132477 0.035289 -0.0611411 -0.057302 -0.0575432 0.0615925 -0.0697393 0.0594748 -0.057747 -0.0566766 -0.0580354 -0.0564811 -0.0585098 -0.0567425 -0.0561984 -0.0565567
internal_weight=9284.28 6463.34 2820.94 3768.26 2315.52 2695.09 3690.2 1886.9 3021.16 2101.49 1196.21 1770.4 808.188 905.279 669.038 578.306 78.0595 214.03 211.391 116.502 22.0926 229.883 55.9669 505.42 63.5589 441.861 48.1204 229.594 212.268 15.4385
internal_count=48935 30673 18262 16329 13357 14344 15699 9296 12723 11388 6036 8498 5048 5352 2976 3272 630 1969 1944 798 120 1776 510 4905 541 4364 390 2200 2164 151
is_linear=0
shrinkage=0.05


Tree=29
num_leaves=31
num_cat=0
split_feature=22 22 8 6 18 8 18 7 7 8 7 22 18 16 16 19 22 8 22 7 22 7 22 18 6 6 21 16 6 2
split_gain=1195.49 359.38 194.245 118.913 113.171 105.368 75.8 78.438 73.2501 55.0247 43.7754 40.8116 36.6177 34.133 0.678387 0.405993 0.313315 0.307192 0.252365 0.216629 0.0884827 0.0741546 0.0452397 0.0316711 0.0149996 0.0110286 0.00646668 0.00151275 0.000603729 8.03169e-05
threshold=-0.11111111111111104 0.24999999999999997 0.18333333333333332 0.046500000000000007 0.81666666666666676 0.93333333333333346 1.0000000180025095e-35 0.37250000000000005 0.12750000000000003 0.36666666666666675 0.30200000000000005 -0.36666666666666653 0.78888888888888908 0.081500000000000017 0.19600000000000004 1.2545000000000002 -0.21111111111111108 0.36666666666666675 1.0000000180025095e-35 0.054500000000000007 0.36666666666666664 0.24550000000000002 -0.21111111111111108 0.56944444444444453 0.046500000000000007 0.10400000000000001 -2.4999999999999996 0.20350000000000004 0.042500000000000003 3.5000000000000004
decision_type=2 2 2 2 2 2 2 2 2 2 2 2 2 2 2 2 2 2 2 2 2 2 2 2 2 2 2 2 2 2
left_child=2 3 22 14 10 6 17 -8 13 -10 11 -4 -12 -5 18 -6 -17 -3 -2 23 -21 -16 25 -7 29 28 -27 -26 -1 -24
right_child=1 5 4 8 15 19 7 -9 9 -11 12 -13 -14 -15 21 16 -18 -19 -20 20 -22 -23 24 -25 27 26 -28 -29 -30 -31
leaf_value=-0.05582108118681911 -0.056372610221668062 0.066982970706476408 -0.030374072302480931 0.07378388037017794 -0.035383963400613505 0.057489369574870365 0.024295604136469869 -0.0034559617454200039 -0.01230458783555999 0.0035980023811194649 -0.033051208827619132 -0.0092471658711341699 0.010582057478626923 0.016314003235112493 -0.073833058090234757 -0.056430176667034843 -0.062832584216761286 0.059803146437533497 -0.064247630775095932 0.06694760310850166 0.06045358390044106 -0.066808231501157264 -0.056028172246662726 0.06101680797984687 -0.058457799549457928 -0.056257599648242965 -0.057020637242155781 -0.057836569341428667 -0.05605205073749623 -0.056277116643159368
leaf_weight=169.13269368559122 46.791147939860821 17.293109834194183 282.79697652906179 27.02259387075901 2.1745311468839637 126.82753150165081 2021.749021589756 291.30640861392021 706.45745443552732 2364.7395291477442 553.28028957545757 1192.4741393327713 52.659998625516891 588.62061360478401 6.7109420746564856 181.55504770576954 21.356636874377728 107.55535340309143 12.999853648245333 5.6061144322156897 81.501521594822407 8.5338365212082845 4.7975114583969107 6.6994665563106528 14.120179355144499 187.19672635942698 32.603060998022556 32.024801962077618 33.976110279560089 9.9797848835587484
leaf_count=1811 471 95 1893 129 18 1122 10358 1318 3081 10001 3171 6011 313 2488 31 1817 134 797 78 30 578 50 50 46 115 1897 303 275 353 101
internal_value=-7.33975e-05 0.0117717 -0.0275272 0.0018272 -0.0214364 0.0258434 0.0228489 0.0208006 0.0030954 -6.00187e-05 -0.0179444 -0.013297 -0.0292592 0.0188365 -0.0604854 -0.0568737 -0.057104 0.0607976 -0.0580848 0.0589318 0.0608715 -0.0699006 -0.0563088 0.0576664 -0.0575827 -0.0561253 -0.0563708 -0.0580267 -0.0558597 -0.0561963
internal_weight=9190.54 6420.41 2770.13 3761.88 2286.3 2658.54 2437.9 2313.06 3686.84 3071.2 2081.21 1475.27 605.94 615.643 75.0358 205.086 202.912 124.848 59.791 220.635 87.1076 15.2448 483.831 133.527 60.9223 422.909 219.8 46.145 203.109 14.7773
internal_count=48935 30673 18262 16329 13357 14344 12568 11676 15699 13082 11388 7904 3484 2617 630 1969 1951 892 549 1776 608 81 4905 1168 541 4364 2200 390 2164 151
is_linear=0
shrinkage=0.05


Tree=30
num_leaves=30
num_cat=0
split_feature=22 22 8 8 18 18 6 7 17 17 7 8 18 24 18 15 21 17 18 8 30 22 22 6 6 17 21 6 17
split_gain=1095.84 334.184 191.948 140.318 110.59 93.8827 93.0117 79.3152 69.9633 53.9246 46.5635 42.9751 36.8073 35.3235 31.624 20.6173 2.28224 0.776013 0.561974 0.469673 0.417719 0.25886 0.0381839 0.0126378 0.00932261 0.00573953 0.00545879 0.000510523 0.000140941
threshold=-0.11111111111111104 0.15000000000000002 0.18333333333333332 0.78888888888888908 0.81666666666666676 1.0000000180025095e-35 0.060500000000000005 0.18900000000000003 0.26200000000000007 0.23900000000000002 0.13150000000000003 0.93333333333333346 0.63333333333333341 3.9095000000000004 0.70000000000000007 -0.20349999999999999 -10.499999999999998 0.35500000000000004 0.78888888888888908 0.36666666666666675 1.3600000000000001 -0.21111111111111108 -0.21111111111111108 0.046500000000000007 0.10400000000000001 0.27100000000000007 -2.4999999999999996 0.042500000000000003 0.18050000000000002
decision_type=2 2 2 2 2 2 2 2 2 2 2 2 2 2 2 2 2 2 2 2 2 2 2 2 2 2 2 2 2
left_child=2 6 22 5 9 19 16 -7 13 12 -10 15 -4 -8 -11 -5 -2 -18 -13 -3 -6 -22 24 28 27 -25 -26 -1 -24
right_child=1 3 4 11 20 7 8 -9 10 14 -12 18 -14 -15 -16 -17 17 -19 -20 -21 21 -23 23 25 26 -27 -28 -29 -30
leaf_value=-0.055505057942485128 -0.012594207264519132 0.067455505020478645 -0.0015202302064356624 0.041889594711262593 -0.035991357910560205 0.027969694661852253 0.0057469664752895621 0.0082566302743551385 0.017916350856328325 -0.022011138662236002 -0.012550148871041332 0.058422366361847861 -0.019176598937801725 0.05322473367617897 -0.046251999977656388 0.023745237956495861 -0.068008803539549675 -0.056330083755463091 0.075046745461214592 0.059234141069426753 -0.05609858824645822 -0.062005411957111456 -0.055451896512911547 -0.057070423005940833 -0.05591542845584524 -0.058217923468444177 -0.056631878573194162 -0.055722206777636223 -0.055919246651451204
leaf_weight=161.77680648118258 2.6500163897871962 21.473090529441833 598.74115572869778 319.45623338967562 2.4585902839899054 724.10714410245419 1669.60700070858 1727.7449377179146 142.40576626360416 715.72138317674398 1050.9665103182197 211.65734125673771 582.16891437768936 40.117597669363022 165.68954806029797 307.0399122685194 20.496618904173374 46.477620333433151 5.2086288630962363 90.957075074315071 173.20725018531084 20.77242186665535 1.857142686843871 24.778646223247051 179.12909670174122 19.451371654868126 31.220487400889397 32.505539990961552 12.282465249300001
leaf_count=1811 15 118 2860 1970 25 3631 6895 7934 592 4128 4642 1776 3176 177 1224 1600 117 479 24 703 1808 136 21 229 1897 161 303 353 130
internal_value=-7.3131e-05 0.011258 -0.0266357 0.0219459 -0.020624 0.0161272 -0.000993495 0.0140785 0.00037616 -0.0172095 -0.00891456 0.0396378 -0.0102245 0.006861 -0.026568 0.0329972 -0.0581035 -0.0599042 0.0588216 0.0608043 -0.0564715 -0.0567311 -0.0559636 -0.0571591 -0.0557911 -0.0575751 -0.0560218 -0.0555414 -0.0558579
internal_weight=9102.13 6380.37 2721.76 3407.64 2258.76 2564.28 2972.72 2451.85 2903.1 2062.32 1193.37 843.362 1180.91 1709.72 881.411 626.496 69.6243 66.9742 216.866 112.43 196.438 193.98 463.002 58.3696 404.632 44.23 210.35 194.282 14.1396
internal_count=48935 30673 18262 17756 13357 12386 12917 11565 12306 11388 5234 5370 6036 7072 5352 3570 611 596 1800 821 1969 1944 4905 541 4364 390 2200 2164 151
is_linear=0
shrinkage=0.05


Tree=31
num_leaves=31
num_cat=0
split_feature=22 22 22 6 17 7 17 17 7 6 21 18 18 7 22 19 22 18 17 17 18 21 7 6 22 22 22 17 22 6
split_gain=1004.64 312.284 166.85 130.561 95.6898 80.0745 68.142 50.9102 46.92 34.1759 30.5342 29.5618 29.3523 27.9247 21.3297 18.4234 17.3701 10.3676 10.3475 9.20022 7.38051 7.26557 6.99639 4.68293 2.21386 1.62225 1.13079 0.540296 0.0708857 0.000934682
threshold=-0.11111111111111104 0.36666666666666664 -0.36666666666666653 0.046500000000000007 0.16350000000000003 0.14050000000000004 0.16950000000000001 0.23900000000000002 0.23900000000000002 0.32050000000000006 10.500000000000002 0.8500000000000002 0.36666666666666675 0.24550000000000002 -0.43055555555555552 1.9665000000000001 0.54444444444444462 0.59166666666666679 0.41550000000000004 0.072500000000000009 0.81666666666666676 -2.4999999999999996 0.33900000000000002 0.46550000000000008 -0.54444444444444429 0.40833333333333338 0.25833333333333336 0.34550000000000003 -0.21111111111111108 0.10400000000000001
decision_type=2 2 2 2 2 2 2 2 2 2 2 2 2 2 2 2 2 2 2 2 2 2 2 2 2 2 2 2 2 2
left_child=2 3 14 26 9 -6 19 11 16 -5 -10 12 -4 15 21 -9 -8 29 -15 25 -19 24 -21 -23 -1 -3 27 -2 -13 -16
right_child=1 6 7 4 5 -7 8 13 10 -11 -12 28 -14 18 17 -17 -18 20 -20 22 -22 23 -24 -25 -26 -27 -28 -29 -30 -31
leaf_value=-0.054702456619628206 -0.066350451355379036 0.043558136310829304 -0.050551969490114923 0.0036525719578981357 0.018736009243275776 -0.0012789394395162719 0.027550471267492715 -0.012005214182244825 0.00064627627409164184 0.024000345792623834 0.026205954242540665 -0.057166980026502869 -0.0067737202489783228 -0.031360731324813866 -0.055274340846129824 -0.045351022986129197 0.046413327538094871 -0.025252727385319685 -0.051016023424159278 0.043697869519065485 -0.054293320772205639 -0.039503974177654402 0.016381028323192121 0.0020301687717974625 -0.048205337885467686 0.056657872385470723 -0.084456049543326819 -0.056625860048782339 -0.062105839565387101 -0.055772077697778193
leaf_weight=267.04577872902155 20.098283931612968 27.091522432863712 39.89019051939249 277.25991326570511 594.72350180149078 3128.1897918209434 359.85497835278511 319.01382542401552 254.30619027465582 806.9961913228035 216.17157053947449 16.481172703206543 953.38771220296621 383.95441597700119 14.321033895015715 47.602420531213284 184.68295476585627 196.35835015028715 81.104425601661205 202.84958698600531 24.621768392622471 22.784338027238846 26.502156756818295 9.6654659137129766 257.58106316626072 185.16828786581755 4.8313334584236136 49.3674161657691 12.992425635457037 27.628430046141148
leaf_count=2991 120 178 339 1197 2609 13425 2057 1874 1245 3730 1170 151 4753 2443 166 299 1323 1242 617 1314 248 189 150 77 2491 1623 22 510 84 298
internal_value=-7.25087e-05 0.0107715 -0.0257715 0.0047088 0.00572538 0.00191838 0.0310888 -0.0174668 0.0239555 0.0187971 0.0123902 -0.00999617 -0.00853186 -0.0266539 -0.0445523 -0.0163349 0.0339479 -0.0328143 -0.0347885 0.0474841 -0.0284885 -0.0500924 0.0405413 -0.0271327 -0.0515125 0.0549859 -0.0610662 -0.0594394 -0.0593441 -0.0556022
internal_weight=9012.53 6338.09 2674.43 4881.47 4807.17 3722.91 1456.63 1854.43 1015.02 1084.26 470.478 1022.75 993.278 831.675 820.006 366.616 544.538 262.93 465.059 441.612 220.98 557.077 229.352 32.4498 524.627 212.26 74.297 69.4657 29.4736 41.9495
internal_count=48935 30673 18262 21613 20961 16034 9060 10560 5795 4927 2415 5327 5092 5233 7702 2173 3380 1954 3060 3265 1490 5748 1464 266 5482 1801 652 630 235 464
is_linear=0
shrinkage=0.05


Tree=32
num_leaves=30
num_cat=0
split_feature=22 22 8 8 18 18 6 7 17 17 8 7 7 24 18 27 11 33 17 18 8 22 22 6 6 22 21 6 17
split_gain=920.422 293.627 189.437 128.339 106.531 88.9645 81.8439 70.1872 60.2875 49.3025 43.6997 39.2744 36.4516 31.9991 26.1874 19.1015 2.31309 0.591749 0.587879 0.462049 0.415727 0.188587 0.0322165 0.0116226 0.00556753 0.00428446 0.00384797 0.000359463 0.000239197
threshold=-0.11111111111111104 0.15000000000000002 0.18333333333333332 0.78888888888888908 0.81666666666666676 1.0000000180025095e-35 0.060500000000000005 0.18900000000000003 0.26200000000000007 0.19600000000000004 0.93333333333333346 0.13150000000000003 0.31900000000000006 3.9095000000000004 0.63333333333333341 0.22450000000000003 20.500000000000004 0.12250000000000001 0.30200000000000005 0.78888888888888908 0.36666666666666675 -0.21111111111111108 -0.29999999999999988 0.046500000000000007 0.10400000000000001 -0.21111111111111108 -2.4999999999999996 0.044000000000000004 0.10900000000000001
decision_type=2 2 2 2 2 2 2 2 2 2 2 2 2 2 2 2 2 2 2 2 2 2 2 2 2 2 2 2 2
left_child=2 6 22 5 9 20 16 -7 13 14 15 -10 -11 -8 -4 -5 18 -6 -2 -12 -3 -19 24 28 27 -25 -26 -1 -24
right_child=1 3 4 10 17 7 8 -9 11 12 19 -13 -14 -15 -16 -17 -18 21 -20 -21 -22 -23 23 25 26 -27 -28 -29 -30
leaf_value=-0.054945124104919335 -0.067364938524516707 0.066283501800910388 0.0025849212734521758 0.043021298583160332 -0.026570309743294742 0.026208367590450501 0.0050475535269028501 0.0075095133868138784 0.016046446235196042 -0.016688822427442955 0.05763585732589404 -0.011912365064093001 -0.035994140422137201 0.050651304901265716 -0.015371241881135249 0.024503975987742579 -0.011241296963764967 -0.055491448091344223 -0.056097655685855098 0.072971334901578463 0.058373310834624326 -0.0607182754124206 -0.054800512557007401 -0.056047822934187565 -0.055293926180682365 -0.056913207654616951 -0.056018236694042489 -0.055143612091256844 -0.055316731091767282
leaf_weight=141.01284570246935 15.44721609354019 20.66764409840107 415.19297228753567 216.75081194937229 1.7179113626480091 709.15327632427216 1667.8182782381773 1716.674553617835 142.71802484989166 868.77137403935194 196.06537271291018 1047.6273251101375 340.28559465706348 39.374098017811775 397.40196607261896 389.5891849771142 2.6531988754868499 159.78421271592379 46.20454715937376 5.0379272848367682 84.608067102730274 19.346930898725986 2.5561501607298878 21.893565341830254 153.91097888350487 41.2518460303545 20.816799968481064 27.211769215762615 18.378048904240131
leaf_count=1722 90 118 1963 1350 19 3631 6895 7934 592 5050 1776 4642 2185 177 2190 2220 15 1814 506 24 703 136 32 228 1781 390 218 322 212
internal_value=-7.16529e-05 0.0102987 -0.0249192 0.0204656 -0.0190099 0.0149286 -0.00116118 0.0129758 7.70135e-05 -0.015721 0.0378224 -0.00856021 -0.0221222 0.00609934 -0.00619659 0.0311234 -0.0569535 -0.0557759 -0.0589207 0.05802 0.0599262 -0.056056 -0.0553976 -0.0562747 -0.0551825 -0.0566132 -0.0553802 -0.0549772 -0.0552537
internal_weight=8929.92 6300.39 2629.53 3338.55 2202.5 2531.1 2961.84 2425.83 2897.54 2021.65 807.443 1190.35 1209.06 1707.19 812.595 606.34 64.305 180.849 61.6518 201.103 105.276 179.131 427.032 84.0796 342.952 63.1454 174.728 168.225 20.9342
internal_count=48935 30673 18262 17756 13357 12386 12917 11565 12306 11388 5370 5234 7235 7072 4153 3570 611 1969 596 1800 821 1950 4905 862 4043 618 1999 2044 244
is_linear=0
shrinkage=0.05


Tree=33
num_leaves=31
num_cat=0
split_feature=8 18 8 18 8 7 18 17 7 17 18 8 18 7 8 8 28 20 17 18 18 8 18 34 18 20 6 15 20 18
split_gain=704.547 257.251 241.13 156.83 119.462 95.719 85.1439 76.1003 75.9125 67.0778 56.9866 39.1033 34.9347 22.9249 15.3042 10.9097 10.4611 8.55847 7.44299 4.92176 4.55602 0.819174 0.753129 0.560795 0.152742 0.0653025 0.0476143 0.0386598 0.267099 0.0286857
threshold=0.36666666666666675 0.29999999999999999 0.18333333333333332 0.81666666666666676 0.74166666666666681 0.16950000000000001 0.70000000000000007 0.15600000000000003 0.40800000000000003 0.41900000000000004 0.12222222222222222 0.93333333333333346 0.074999999999999969 0.054500000000000007 0.25833333333333336 0.59166666666666679 0.23850000000000002 -2.4999999999999996 0.21950000000000003 0.23611111111111113 0.74166666666666681 0.74166666666666681 0.14999999999999999 0.68900000000000017 0.074999999999999969 1.5000000000000002 0.081500000000000017 -0.054499999999999993 1.0000000180025095e-35 0.21111111111111114
decision_type=2 2 2 2 2 2 2 2 2 2 2 2 2 2 2 2 2 2 2 2 2 2 2 2 2 2 2 2 2 2
left_child=2 5 22 4 7 13 8 -3 10 12 -4 -6 -7 19 -10 -15 -11 18 -8 -2 -19 23 24 -5 -1 -23 -26 29 -29 -24
right_child=1 3 6 21 11 9 17 -9 14 16 -12 -13 -14 15 -16 -17 -18 20 -20 -21 -22 25 27 -25 26 -27 -28 28 -30 -31
leaf_value=-0.070783102592031175 0.057013233337417639 0.013221884097288736 0.03197517970411741 -0.056216905379713945 0.020057348288808209 0.03824284523610972 0.060063857797817727 -0.0036931722215537942 -0.062962456863109292 -0.00067585466652477161 -0.010289803566814193 0.0592701677335188 0.016325570372383576 0.022803488262548237 -0.032113755732357335 0.040029809773545109 -0.028581797480575856 -0.057507032909440661 -0.044768685803946585 0.038710545044701221 -0.041541337132823791 -0.074175234445604019 -0.057578111475831209 -0.028065804305544829 -0.056817765454243732 -0.06596220500578992 -0.063478236372711619 -0.039790056198245133 -0.054938683173608005 -0.055509122718244042
leaf_weight=7.0597813650965699 177.21132224053144 874.82451875507832 83.909130230545998 97.257342584431171 485.77300503849983 222.29267884790897 3.5950069427490225 2771.4771168753505 54.284071244299412 58.92914043366909 1610.4633636027575 73.150292128324509 998.40993218123913 154.45207314193249 155.01320829242468 226.98571167886257 78.08224119246006 63.703440628945827 3.2004916593432426 46.334628067910671 149.66179525852203 5.8045735061168653 19.590265981853008 1.8018799722194661 3.6079166382551202 4.1511045768857002 10.470236748456953 2.9397051110863677 286.17155738174915 115.66603221744299
leaf_count=38 1563 3935 397 1048 2523 1436 21 12428 369 262 8143 603 4946 750 1039 1491 335 573 23 278 1509 29 188 20 36 25 64 29 3523 1311
internal_value=-7.08357e-05 0.00895695 -0.0221259 0.00212964 0.00366454 0.0239642 -0.0151105 0.000365106 -0.0117059 0.0165934 -0.00819675 0.0251894 0.0203168 0.0405057 -0.0401148 0.0330545 -0.0165793 -0.0445488 0.0106906 0.0532196 -0.0463081 -0.0570789 -0.0555699 -0.0557048 -0.0647811 -0.0707507 -0.0617713 -0.0551111 -0.0547847 -0.0558088
internal_weight=8846.27 6276.94 2569.34 4314.24 4205.22 1962.7 2123.83 3646.3 1903.67 1357.71 1694.37 558.923 1220.7 604.984 209.297 381.438 137.011 220.161 6.7955 223.546 213.365 109.015 445.505 99.0592 21.1379 9.95568 14.0782 424.368 289.111 135.256
internal_count=48935 31672 17263 20611 19489 11061 12074 16363 9948 6979 8540 3126 6382 4082 1408 2241 597 2126 44 1841 2082 1122 5189 1068 138 54 100 5051 3552 1499
is_linear=0
shrinkage=0.05


Tree=34
num_leaves=31
num_cat=0
split_feature=21 6 17 18 7 18 18 18 17 24 20 7 6 18 2 17 18 9 29 26 21 19 17 18 7 6 18 18 16 18
split_gain=585.389 203.818 188.685 168.601 102.691 92.4975 63.9514 106.933 59.2794 53.0936 39.2381 27.6436 21.9076 16.6939 14.5237 14.2413 13.7736 9.07725 6.71336 4.74741 4.06258 3.46148 2.66395 2.52563 1.69311 0.717524 0.711926 0.174804 0.928093 0.0510918
threshold=1.0000000180025095e-35 0.10400000000000001 0.044000000000000004 0.70000000000000007 0.37700000000000006 0.12222222222222222 0.74166666666666681 0.81666666666666676 0.41900000000000004 3.3345000000000007 6.5000000000000009 0.59400000000000008 0.041000000000000009 0.54444444444444462 2.5000000000000004 0.58950000000000002 1.0000000180025095e-35 2.2545000000000006 1.9520000000000002 0.18150000000000002 -24.499999999999996 1.0850000000000002 0.15200000000000002 0.51666666666666672 0.057500000000000002 0.42600000000000005 0.12222222222222222 0.48333333333333339 0.93100000000000016 0.81666666666666676
decision_type=2 2 2 2 2 2 2 2 2 2 2 2 2 2 2 2 2 2 2 2 2 2 2 2 2 2 2 2 2 2
left_child=1 12 14 8 5 16 25 -8 10 -7 -3 15 27 -10 23 -6 -4 18 -16 22 -21 -13 -14 26 -19 -5 -2 28 -1 -29
right_child=2 3 4 6 11 9 7 -9 13 -11 -12 21 19 -15 17 -17 -18 24 -20 20 -22 -23 -24 -25 -26 -27 -28 29 -30 -31
leaf_value=-0.057156846540049371 0.055675540819931972 -0.0004267910833554709 0.059246127468036917 -0.05928055148399191 -0.0065889206833729579 0.0062890324736557552 -0.0047605672181411391 -0.055537466739331492 -0.023228494207685579 0.021388351667383263 -0.013560976601567016 -0.055023452450377701 -0.021888360806088386 -0.056007034194307914 -0.0049893608290247889 -0.053891242982869708 0.032605805681781209 0.045228446087592376 0.036278532193804079 0.024670678824550422 -0.027150531979245992 -0.024078520151226399 -0.05201601345309529 0.092363055209815415 0.063626055850290922 -0.066687221905111213 0.063807073463182248 -0.056303775800518444 -0.079027935132250759 -0.054431971286167294
leaf_weight=100.31778555363417 80.203414127230644 2204.1156373620033 59.376866765320301 116.15286985784769 424.27486502379179 2689.9336199015379 266.09465154260397 169.88145757466555 135.3673559576273 743.00552206486464 766.36113003641367 37.958849765360355 9.466033533215521 54.47496485710144 10.413624487817286 16.532039761543274 265.31448561698198 19.3444579616189 183.70056392252445 3.9616525694727889 83.420048519968987 11.86064901947975 32.627120167016983 5.7355241626501074 35.373188175261021 45.510582149028778 40.514315411448479 92.672423861920834 5.0969974026083937 60.097770094871521
leaf_count=1104 884 10687 476 1003 1940 12824 1660 2046 749 3923 4367 186 74 362 58 77 1595 175 1075 32 578 52 282 29 237 285 286 1055 30 804
internal_value=-6.99078e-05 -0.0137128 0.0121627 -0.010152 0.00916063 0.0119696 -0.034506 -0.0245462 -0.00554649 0.00955704 -0.00381531 -0.0123529 -0.0482309 -0.0326342 0.0461468 -0.00836295 0.0374776 0.0391349 0.0340646 -0.0314462 -0.0248011 -0.0476563 -0.0452408 0.0599448 0.0571219 -0.0613656 0.0584046 -0.0566481 -0.0582144 -0.0555674
internal_weight=8769.16 4145.62 4623.54 3757.96 4248.26 3757.63 597.64 435.976 3160.32 3432.94 2970.48 490.626 387.66 189.842 375.285 440.807 324.691 248.832 194.114 129.475 87.3817 49.8195 42.0932 126.453 54.7176 161.663 120.718 258.185 105.415 152.77
internal_count=48935 25118 23817 21159 21073 18818 4994 3706 16165 16747 15054 2255 3959 1111 2744 2017 2071 1545 1133 966 610 238 356 1199 412 1288 1170 2993 1134 1859
is_linear=0
shrinkage=0.05


Tree=35
num_leaves=31
num_cat=0
split_feature=22 22 8 8 17 18 18 8 17 17 8 17 15 18 18 18 18 15 30 24 18 8 22 22 6 6 18 22 6 6
split_gain=754.3 287.394 127.898 115.795 88.5598 81.6264 75.661 65.8098 52.9858 51.0707 43.6872 30.057 19.3442 19.0146 23.9009 17.904 17.8218 0.937203 0.647113 0.564801 0.329985 0.312103 0.0726914 0.0168786 0.00807977 0.00592044 0.00371729 0.0016338 0.000638491 0.000579483
threshold=-0.18333333333333326 0.15000000000000002 0.18333333333333332 0.78888888888888908 0.45250000000000007 1.0000000180025095e-35 0.81666666666666676 0.18333333333333332 0.075500000000000012 0.42600000000000005 0.93333333333333346 0.21250000000000002 -0.20349999999999999 0.54444444444444462 0.51666666666666672 0.78888888888888908 0.63333333333333341 0.049000000000000009 1.3405000000000002 1.6035000000000001 0.78888888888888908 0.36666666666666675 -0.21111111111111108 -0.29999999999999988 0.10150000000000002 0.10400000000000001 0.70000000000000007 -0.21111111111111108 0.042500000000000003 0.042500000000000003
decision_type=2 2 2 2 2 2 2 2 2 2 2 2 2 2 2 2 2 2 2 2 2 2 2 2 2 2 2 2 2 2
left_child=2 4 23 5 7 21 11 19 -9 -7 12 16 -5 14 -6 -13 -4 -15 -8 -2 -12 -3 -20 24 29 28 -26 -27 -25 -1
right_child=1 3 6 10 13 9 18 8 -10 -11 20 15 -14 17 -16 -17 -18 -19 22 -21 -22 -23 -24 25 26 27 -28 -29 -30 -31
leaf_value=-0.054190298488972458 -0.034772167326483437 0.064390184177586324 -0.0013978233779854052 0.038008696852183423 -0.032014534781643948 0.013964306306389455 -0.022155020300195952 0.020273480644844855 -0.0012567873314894137 -0.0099226191655935256 0.05668247805225516 -0.027388558524751971 0.019803787533938126 -0.039507033074005583 0.023658335924736443 0.003906068392948324 -0.017440269875851341 -0.066048478228776533 -0.054706264334539047 -0.060240186714131949 0.070041345242560185 0.057255469750879688 -0.058668156391813553 -0.054434994764670001 -0.054897996586633038 -0.055454599043447794 -0.054354380231783773 -0.056112939282102127 -0.055121367158752689 -0.054460945237798354
leaf_weight=122.62667814642191 2.2893259823322287 19.206083118915558 301.18597538769245 291.15239932388067 166.71150023490191 2137.5525550842285 1.5114329457283009 316.45914424955845 2945.6499815359712 249.92737965285778 175.70120871812105 655.20199712365866 292.52930738031864 3.6630696505308142 21.798974230885506 49.130614668130875 407.15103286504745 36.146942242980003 140.68824096024036 44.341895937919617 4.7476021200418463 75.910943157970905 12.615766756236551 10.823075748980044 115.06975848227739 17.786510035395619 43.273141011595726 20.044498145580295 4.9323599189519873 23.580870419740677
leaf_count=1719 24 118 1516 1970 1141 10455 18 1374 12669 1110 1776 4434 1600 23 111 343 2366 216 1815 371 24 703 102 145 1420 201 590 208 59 314
internal_value=-6.92181e-05 0.00777044 -0.0276876 0.0185121 -0.00208951 0.0132734 -0.0215282 -1.12116e-05 0.000831877 0.0114638 0.0355322 -0.0178916 0.0288848 -0.0322075 -0.0255766 -0.0252056 -0.010619 -0.0636063 -0.0547113 -0.0589899 0.0570339 0.0586961 -0.0550323 -0.0546459 -0.054502 -0.0554643 -0.0547494 -0.0558034 -0.0546499 -0.0542339
internal_weight=8709.41 6783.79 1925.62 3246.73 3537.06 2482.6 1567.49 3308.74 3262.11 2387.48 764.131 1412.67 583.682 228.32 188.51 704.333 708.337 39.81 154.815 46.6312 180.449 95.117 153.304 358.137 304.55 53.5864 158.343 37.831 15.7554 146.208
internal_count=48935 33685 15250 17756 15929 12386 10594 14438 14043 11565 5370 8659 3570 1491 1252 4777 3882 239 1935 395 1800 821 1917 4656 4043 613 2010 409 204 2033
is_linear=0
shrinkage=0.05


Tree=36
num_leaves=29
num_cat=0
split_feature=22 22 8 8 6 18 18 7 8 7 6 11 21 30 22 16 18 8 11 22 8 22 6 6 18 22 6 6
split_gain=693.167 262.784 126.905 110.415 82.7924 76.0022 74.2744 69.1373 52.6851 47.7907 27.2838 23.3686 4.14878 0.652774 0.394175 0.365367 0.275215 0.266008 0.114158 0.0614599 0.0346923 0.0143196 0.00686364 0.00501531 0.00315355 0.00138357 0.000542285 0.000492459
threshold=-0.18333333333333326 0.15000000000000002 0.18333333333333332 0.93333333333333346 0.060500000000000005 1.0000000180025095e-35 0.81666666666666676 0.22900000000000004 0.18333333333333332 0.31900000000000006 0.041000000000000009 3.5000000000000004 -11.499999999999998 1.3405000000000002 -1.0000000180025095e-35 0.057500000000000002 0.78888888888888908 0.36666666666666675 4.5000000000000009 -0.21111111111111108 0.36666666666666675 -0.29999999999999988 0.10150000000000002 0.10400000000000001 0.70000000000000007 -0.21111111111111108 0.042500000000000003 0.042500000000000003
decision_type=2 2 2 2 2 2 2 2 2 2 2 2 2 2 2 2 2 2 2 2 2 2 2 2 2 2 2 2
left_child=2 4 21 5 12 17 10 -7 14 -10 20 -12 -2 -8 -6 -14 18 -3 -5 -15 -4 22 27 26 -24 -25 -23 -1
right_child=1 3 6 16 8 7 13 -9 9 -11 11 -13 15 19 -16 -17 -18 -19 -20 -21 -22 23 24 25 -26 -27 -28 -29
leaf_value=-0.053969274670855043 0.0021159077084157945 0.063527485944576176 -0.057859990400219601 0.05504581023696508 -0.055556689269810645 0.022265448765664164 -0.021439807623229085 0.0069010646432088544 0.0031426049980680681 -0.010565744215151357 0.087445536416569519 -0.016413218859885566 -0.055166778585311632 -0.054456511327026363 -0.066279703833878351 -0.062766814281095318 0.068715001959758437 0.05689856516379297 0.057651793936461929 -0.05817701554440418 -0.062649374691329682 -0.054200131822242981 -0.05463650222435508 -0.05516048473377283 -0.054124221984675515 -0.055779954588465401 -0.054847187971664803 -0.054224552494523494
leaf_weight=117.11172846704721 3.0006645396351805 18.511167325079441 34.82282343506813 85.938311509788036 25.421711526811123 1376.4879865422845 1.4844587966799725 1564.2507791742682 2576.5501630231738 844.07149048894644 5.4378512054681769 1353.4976757541299 43.044677264988422 134.42503399401903 12.928963556885718 24.997481510043144 4.6009964644908896 82.947889685630798 82.241792820394039 12.099227450788019 4.2416211813688269 10.338711380958555 109.96835423260927 17.006979472935196 41.333296380937099 19.17785515636206 4.7146663814783087 22.5261310338974
leaf_count=1719 22 118 310 1037 234 7549 18 7492 10986 3873 25 8296 548 1815 74 192 24 797 739 102 28 145 1420 201 590 208 59 314
internal_value=-6.85068e-05 0.00742759 -0.0268461 0.0177689 -0.00199085 0.0155607 -0.0207479 0.0140928 -0.000893456 -0.000240063 -0.0171819 -0.0159976 -0.0554215 -0.0544295 -0.0591717 -0.0579589 0.0566502 0.058108 0.0563202 -0.0547637 -0.05838 -0.054399 -0.0542632 -0.0551697 -0.0544966 -0.0554888 -0.0544028 -0.0540105
internal_weight=8633.18 6744.99 1888.19 3214.98 3530.02 3042.2 1546.01 2940.74 3458.97 3420.62 1398 1358.94 71.0428 148.009 38.3507 68.0422 172.781 101.459 168.18 146.524 39.0644 342.178 290.94 51.2382 151.302 36.1848 15.0534 139.638
internal_count=48935 33685 15250 17756 15929 15956 10594 15041 15167 14859 8659 8321 762 1935 308 740 1800 915 1776 1917 338 4656 4043 613 2010 409 204 2033
is_linear=0
shrinkage=0.05


Tree=37
num_leaves=31
num_cat=0
split_feature=8 8 15 18 8 8 18 7 18 8 7 8 59 8 6 18 19 20 18 39 8 18 18 8 7 20 24 10 18 6
split_gain=536.144 217.045 201.536 112.274 108.162 75.7321 72.6548 66.7138 61.2294 50.1117 48.3537 44.7294 38.8501 18.9275 17.9263 15.053 10.2133 8.11188 4.77548 3.81201 0.564114 0.490464 0.101997 0.068456 0.0600832 0.0467652 0.0342949 0.695314 0.0365989 0.0291477
threshold=0.36666666666666675 0.18333333333333332 -0.033499999999999995 0.81666666666666676 0.78888888888888908 0.56944444444444453 0.70000000000000007 0.31900000000000006 0.074999999999999969 0.25833333333333336 0.078500000000000014 0.93333333333333346 4.5000000000000009 0.93333333333333346 0.070000000000000021 1.0000000180025095e-35 1.0725000000000002 -2.4999999999999996 0.74166666666666681 2.5555000000000003 0.74166666666666681 0.14999999999999999 0.074999999999999969 0.63333333333333341 0.057500000000000002 1.5000000000000002 1.6035000000000001 12.500000000000002 0.29999999999999999 0.081500000000000017
decision_type=2 2 2 2 2 2 2 2 2 2 2 2 2 2 2 2 2 2 2 2 2 2 2 2 2 2 2 2 2 2
left_child=1 21 4 5 8 14 7 12 15 -9 -10 -7 -3 16 -4 -2 -6 19 -19 -8 23 22 -1 -5 -15 -22 27 -23 -28 -24
right_child=2 6 3 20 13 11 17 9 10 -11 -12 -13 -14 24 -16 -17 -18 18 -20 -21 25 26 29 -25 -26 -27 28 -29 -30 -31
leaf_value=-0.067558839198156348 0.056459885313019854 0.026192539698221502 -0.064525239708304052 -0.054371277359866056 0.039422206241469443 0.0065698289586092716 0.046351530520264493 -0.057516290955264553 0.032834475313404991 -0.018079637129665056 0.0082066508298923469 0.058272560651922094 -0.0069267817583956257 0.05479298394704999 -0.0077313922488309976 0.028812872907613387 0.021659804222981874 -0.056425865184547043 -0.03909609724355681 -0.029557374673918498 -0.071562486462430172 -0.053893366292806437 -0.055565225644412776 -0.057929281649304623 0.05713563384101264 -0.064206439475914576 -0.055877333718585553 -0.017900551250069424 -0.054237491275844124 -0.061195132850578662
leaf_weight=6.4605309218168268 68.276935696601868 95.277022637426853 14.03636561334133 65.227544002234936 213.10899581760168 1369.7084803283215 3.6397507712244979 100.0580300539732 218.14805993437767 413.21282230317593 2307.3215187415481 43.149617500603199 1253.3709384873509 80.864551670849323 1369.9205237776041 176.52482246607542 130.4772883951664 56.504218906164169 134.09435439109802 3.0313257128000259 5.0442509427666646 93.572816159576178 3.049132578074933 17.053181856870651 41.374073691666126 3.7794354856014252 40.046509277075529 1.3613266646862019 226.30416078865528 9.3451513126492483
leaf_count=38 691 495 91 898 1525 6344 23 675 1166 2438 10554 394 6340 1018 6517 1075 805 573 1509 21 27 1405 36 154 388 25 452 19 3175 64
internal_value=-6.78808e-05 -0.019891 0.0078281 -0.00177357 0.0163967 5.75525e-06 -0.0134829 -0.0104258 0.0126483 -0.0257675 0.010334 0.00814886 -0.00458702 0.0386885 -0.00830741 0.0365238 0.0326769 -0.0423367 -0.0442336 0.0118587 -0.0563971 -0.0546035 -0.0624652 -0.0551087 0.0555859 -0.0684117 -0.0541932 -0.0533772 -0.054484 -0.0598101
internal_weight=8563.34 2439.33 6124.02 2887.92 3236.1 2796.81 2059.19 1861.92 2770.27 513.271 2525.47 1412.86 1348.65 465.825 1383.96 244.802 343.586 197.27 190.599 6.67108 91.1044 380.14 18.8548 82.2807 122.239 8.82369 361.285 94.9341 266.351 12.3943
internal_count=48935 17263 31672 14450 17222 13346 12074 9948 13486 3113 11720 6738 6835 3736 6608 1766 2330 2126 2082 44 1104 5189 138 1052 1406 52 5051 1424 3627 100
is_linear=0
shrinkage=0.05


Tree=38
num_leaves=30
num_cat=0
split_feature=22 22 8 6 17 7 18 17 8 18 17 7 9 18 17 8 22 22 34 17 22 7 22 6 6 18 22 6 6
split_gain=592.403 227.271 123.294 108.64 86.6475 80.1081 71.1766 63.9955 38.3771 30.9356 28.1361 20.4244 19.478 16.2782 9.54877 8.60276 1.96516 0.989735 0.676033 0.248327 0.0429106 0.0167727 0.0103851 0.00498518 0.00362965 0.00231225 0.000998616 0.000389822 0.00037354
threshold=-0.18333333333333326 0.36666666666666664 0.18333333333333332 0.046500000000000007 0.085000000000000006 0.30900000000000005 0.81666666666666676 0.16950000000000001 0.93333333333333346 0.097222222222222224 0.21250000000000002 0.32700000000000007 1.413 0.63333333333333341 0.072500000000000009 0.78888888888888908 0.40833333333333338 0.25833333333333336 0.69150000000000011 0.34550000000000003 -0.21111111111111108 0.23900000000000002 -0.29999999999999988 0.10400000000000001 0.10400000000000001 0.70000000000000007 -0.21111111111111108 0.042500000000000003 0.042500000000000003
decision_type=2 2 2 2 2 2 2 2 2 2 2 2 2 2 2 2 2 2 2 2 2 2 2 2 2 2 2 2 2
left_child=2 3 22 17 12 -6 10 14 9 -9 13 -12 -5 -4 16 -16 -3 19 20 -2 -8 -10 23 28 27 -25 -26 -24 -1
right_child=1 7 6 4 5 -7 18 8 21 -11 11 -13 -14 -15 15 -17 -18 -19 -20 -21 -22 -23 24 25 26 -27 -28 -29 -30
leaf_value=-0.053563060101788199 -0.061397466900487432 0.038674072418195607 -8.7846144725367892e-05 0.010383043750983284 0.00497993070355446 -0.0095493979548992875 -0.05403237602141784 0.034715582461594958 0.05607554332952383 0.011143487706864691 -0.01800647812169915 -0.037596708123567232 0.030400175652139816 -0.015560295621532164 0.027414057726935101 0.048345626471150892 0.054286470249174171 -0.081251129245925702 -0.019822433357360333 -0.055022924750492766 -0.057277525068751639 0.058347230422838819 -0.053770010086812807 -0.054161075961820904 -0.054625110890126782 -0.05370125971391302 -0.055175479011331421 -0.054344306995323458 -0.053792535132951319
leaf_weight=106.72665690258145 23.461006309837103 23.471284665167332 297.43879716098309 198.14397405087948 3488.5457525476813 1303.0497911572456 123.41463791206479 174.10495081543922 52.943314284086227 694.0324073061347 497.56890663504601 181.61090672761202 314.30193155258894 396.73054536432028 120.72107163071632 82.726125203073025 142.68497989326715 4.5868163108825675 1.4369562044739712 43.802586309611797 11.103209272027014 9.5985765084624273 9.4282727614045125 99.652361981570721 15.542218215763564 37.677755776792765 17.547229647636417 4.3035908043384543 21.26791886985302
leaf_count=1719 191 178 1516 905 15426 5916 1814 1206 556 3953 3362 1415 1585 2366 805 659 1623 22 19 580 102 80 145 1409 201 590 208 59 325
internal_value=-6.72184e-05 0.00682842 -0.0253419 0.00229139 0.00311867 0.00102875 -0.0194259 0.0255863 0.0185961 0.0158709 -0.0160096 -0.0232449 0.0226603 -0.00893064 0.0431882 0.0359253 0.0520811 -0.0587787 -0.0539358 -0.0572463 -0.0543002 0.0564242 -0.0539468 -0.0538257 -0.0546334 -0.0540349 -0.054917 -0.05395 -0.0536012
internal_weight=8497.62 6676.17 1821.45 5375.89 5304.04 4791.6 1509.3 1300.28 930.679 868.137 1373.35 679.18 512.446 694.169 369.603 203.447 166.156 71.8504 135.955 67.2636 134.518 62.5419 312.146 265.325 46.8213 137.33 33.0894 13.7319 127.995
internal_count=48935 33685 15250 24625 23832 21342 10594 9060 5795 5159 8659 4777 2490 3882 3265 1464 1801 793 1935 771 1916 636 4656 4043 613 1999 409 204 2044
is_linear=0
shrinkage=0.05


Tree=39
num_leaves=31
num_cat=0
split_feature=22 22 8 17 8 18 17 8 7 17 18 7 18 17 22 19 2 32 22 7 22 18 22 22 6 6 18 22 6 6
split_gain=543.86 212.893 121.933 93.6984 84.7465 69.6795 64.4245 56.585 49.1949 47.0347 36.0984 38.322 33.6467 26.7937 21.8393 15.946 7.71472 0.681937 0.188401 0.0738565 0.0363794 0.0341904 0.00882991 0.00796317 0.00424329 0.00308221 0.00196586 0.000847811 0.00033176 0.000318057
threshold=-0.18333333333333326 0.25833333333333336 0.18333333333333332 0.38300000000000006 0.93333333333333346 0.81666666666666676 0.26500000000000007 0.18333333333333332 0.078500000000000014 0.10900000000000001 0.54444444444444462 0.13150000000000003 1.0000000180025095e-35 0.31700000000000006 -0.36666666666666653 1.6450000000000002 16.500000000000004 0.30850000000000005 1.0000000180025095e-35 0.051500000000000011 -0.21111111111111108 0.63333333333333341 -0.29999999999999988 0.45555555555555566 0.10400000000000001 0.10400000000000001 0.70000000000000007 -0.21111111111111108 0.042500000000000003 0.042500000000000003
decision_type=2 2 2 2 2 2 2 2 2 2 2 2 2 2 2 2 2 2 2 2 2 2 2 2 2 2 2 2 2 2
left_child=2 3 22 7 6 13 12 18 -8 -9 11 -5 -3 14 -4 -15 -12 -7 -2 23 -19 -21 24 -6 29 28 -26 -27 -24 -1
right_child=1 4 5 10 19 17 8 9 -10 -11 16 -13 -14 15 -16 -17 -18 20 -20 21 -22 -23 25 -25 26 27 -28 -29 -30 -31
leaf_value=-0.053377236575378587 -0.057285929568295507 0.056399639496225631 -0.02420465039180799 0.024762472059139454 0.056570179021190728 -0.019153071284316925 0.045561704520541133 0.016939310964087961 0.0038834192056934505 0.0010257779967662245 -0.06061222873273639 -0.019389654762907063 0.021915946805123553 -0.018801371452043743 -0.0079598804046026195 -0.044033452081571528 -0.017803573046708314 -0.053820900776899633 -0.068039568741721887 0.056368629650776061 -0.056874397663904189 0.060963713608573861 -0.053572725536271348 0.054313663709334915 -0.053941812167174134 -0.054379338024270779 -0.053507891517005891 -0.054898082551979477 -0.054114868584045642 -0.053593957796877381
leaf_weight=101.86603181436658 32.51087886467576 75.578129760921001 275.4835354834795 55.430105745792389 4.1069468781352034 1.4134263619780529 76.50822789222002 544.54013185203075 949.15367456525564 3152.2338548079133 57.241278164088726 433.46988730505109 1104.6337091252208 140.77745150029659 831.0036188736558 112.77841068059206 12.895333856344221 117.84524429216981 4.6563305109739295 57.06925743073225 10.634662888944147 4.3572377786040297 9.0006421729922277 81.427668191492558 95.167827624827623 14.849343337118624 35.966435272246599 16.77364702522755 4.1106198504567137 20.303733874112368
leaf_count=1719 331 796 2080 243 41 19 498 2471 4630 13562 335 2413 6544 1025 4594 960 64 1814 27 581 102 30 145 1119 1409 201 590 208 59 325
internal_value=-6.62078e-05 0.0065196 -0.0245453 -0.00010551 0.0186078 -0.0187055 0.0161584 0.00275269 0.00699237 0.00336986 -0.0191961 -0.0143838 0.0241242 -0.0153639 -0.0120044 -0.0300243 -0.0527414 -0.0536937 -0.0586332 0.0553719 -0.0540736 0.0566946 -0.0537396 0.054422 -0.0536253 -0.0543873 -0.0538228 -0.0546545 -0.0537427 -0.0534133
internal_weight=8433.79 6645.81 1787.97 4292.98 2352.83 1489.94 2205.87 3733.94 1025.66 3696.77 559.037 488.9 1180.21 1360.04 1106.49 253.556 70.1366 129.893 37.1672 146.961 128.48 61.4265 298.038 85.5346 253.304 44.7343 131.134 31.623 13.1113 122.17
internal_count=48935 33685 15250 19446 14239 10594 12468 16391 5128 16033 3055 2656 7340 8659 6674 1985 399 1935 358 1771 1916 611 4656 1160 4043 613 1999 409 204 2044
is_linear=0
shrinkage=0.05


Tree=40
num_leaves=30
num_cat=0
split_feature=8 8 18 18 7 17 8 18 6 59 17 8 11 8 28 20 17 7 18 30 34 8 18 17 18 24 10 18 6
split_gain=428.075 198.906 165.393 108.864 81.6084 74.3914 78.1493 63.7101 61.0554 60.3998 51.7663 29.3577 22.9722 10.5825 8.70189 8.04738 6.54854 5.21637 5.16145 1.41595 0.728085 0.603173 0.374855 0.14576 0.0724909 0.0306461 0.748988 0.0320575 0.0225593
threshold=0.36666666666666675 0.18333333333333332 0.29999999999999999 0.81666666666666676 0.16950000000000001 0.58550000000000002 0.74166666666666681 0.70000000000000007 0.044000000000000004 4.5000000000000009 0.41900000000000004 0.59166666666666679 2.5000000000000004 0.59166666666666679 0.23850000000000002 -2.4999999999999996 0.21950000000000003 0.14050000000000004 0.74166666666666681 1.2925000000000002 0.68350000000000011 0.74166666666666681 0.14999999999999999 0.37250000000000005 0.074999999999999969 1.6035000000000001 12.500000000000002 0.21111111111111114 0.081500000000000017
decision_type=2 2 2 2 2 2 2 2 2 2 2 2 2 2 2 2 2 2 2 2 2 2 2 2 2 2 2 2 2
left_child=1 22 4 5 12 6 -4 8 23 -10 11 -6 19 -14 -12 16 -9 -7 -17 -2 21 -5 24 -3 -1 26 -24 -27 -26
right_child=2 7 3 20 10 17 -8 15 9 -11 14 -13 13 -15 -16 18 -18 -19 -20 -21 -22 -23 25 -25 28 27 -28 -29 -30
leaf_value=-0.065547053924530418 0.01813705768009935 -0.059644678897738418 0.00078680099292858206 -0.054473092618215119 0.008676403073504679 -0.0096450292525004436 0.021705948015136589 0.059037413458614046 0.031181163527328151 -0.00989755089941762 -0.0018732386589323698 0.024640388189808737 0.020737069426585913 0.037057664847667447 -0.027507760771155555 -0.05578776641154537 -0.041865209315648792 -0.063630001405061518 -0.036982783183518775 0.055604989088568417 -0.020592366838581556 -0.068312032614881987 -0.053323320367338792 -0.054856009546887942 -0.054740880682436849 -0.056014082146249401 -0.014360130990364019 -0.053694556933449204 -0.059993953912463698
leaf_weight=6.0111096128821382 2.5748438835144034 27.030167743563652 3550.7153557837009 72.144519671797752 611.76341084390879 4.9738384112715712 510.6636895313859 3.6065507903695098 94.53292640298605 1675.1651098802686 57.973216786980629 544.15784697979689 169.62208201736212 239.6598090082407 77.178866684436798 51.934178307652473 2.9016898572444916 44.588738895952702 122.69760543853045 121.82050145417452 1.4797865673899639 8.8382247909903509 81.497550673782825 38.560627732425928 2.6742933467030534 15.993543744087217 1.2523584067821492 217.08269270136952 8.6690304428338987
leaf_count=38 29 214 16131 1047 2961 24 3093 21 484 8736 262 3421 862 1802 335 573 23 241 1509 1389 21 54 1405 514 36 185 19 3442 64
internal_value=-6.53745e-05 -0.0181646 0.00700092 0.00153308 0.0195664 0.00267408 0.0034171 -0.0122511 -0.00945893 -0.00770323 0.0127681 0.0161916 0.0360128 0.0302938 -0.0165119 -0.0405407 0.0140501 -0.0582124 -0.0425752 0.0548294 -0.0553483 -0.0559834 -0.0539534 -0.0568294 -0.0611079 -0.0535602 -0.0527336 -0.0538537 -0.0587555
internal_weight=8367.76 2349.61 6018.15 4193.4 1824.75 4110.94 4061.38 2016.43 1835.29 1769.7 1291.07 1155.92 533.677 409.282 135.152 181.14 6.50824 49.5626 174.632 124.395 82.4625 80.9827 333.181 65.5908 17.3544 315.826 82.7499 233.076 11.3433
internal_count=48935 17263 31672 20611 11061 19489 19224 12074 9948 9220 6979 6382 4082 2664 597 2126 44 265 2082 1418 1122 1101 5189 728 138 5051 1424 3627 100
is_linear=0
shrinkage=0.05


Tree=41
num_leaves=31
num_cat=0
split_feature=22 22 8 17 22 18 17 8 17 18 8 17 17 14 18 15 6 8 18 21 59 22 6 22 6 6 21 22 6 6
split_gain=466.639 184.454 117.385 101.633 67.667 66.2451 47.3249 47.1139 44.9641 37.8515 28.711 26.5001 25.4176 21.8886 17.4858 16.2079 15.9296 5.77949 8.40532 0.714326 0.555145 0.0236226 0.00694339 0.00644856 0.00308715 0.00223897 0.00143872 0.000618087 0.000239807 0.000233395
threshold=-0.18333333333333326 0.43055555555555564 0.18333333333333332 0.37700000000000006 0.15000000000000002 0.81666666666666676 0.16950000000000001 0.18333333333333332 0.56650000000000011 0.59166666666666679 0.93333333333333346 0.16350000000000003 0.21250000000000002 0.9425 0.78888888888888908 -0.17299999999999996 0.10600000000000001 0.76388888888888895 0.23611111111111113 9.5000000000000018 28.500000000000004 -0.21111111111111108 0.87250000000000016 -0.29999999999999988 0.10400000000000001 0.10400000000000001 -2.4999999999999996 -0.21111111111111108 0.042500000000000003 0.042500000000000003
decision_type=2 2 2 2 2 2 2 2 2 2 2 2 2 2 2 2 2 2 2 2 2 2 2 2 2 2 2 2 2 2
left_child=2 3 23 4 7 12 17 -2 9 -5 13 -6 16 -8 -14 -10 -4 18 -3 21 -19 -7 -12 24 29 28 -26 -27 -25 -1
right_child=1 6 5 8 11 19 10 -9 15 -11 22 -13 14 -15 -16 -17 -18 20 -20 -21 -22 -23 -24 25 26 27 -28 -29 -30 -31
leaf_value=-0.053035127683427843 -0.057719374978641227 0.0418212892502801 -0.040613517106299866 -0.0047944736772795576 0.023466772651144024 -0.053456093436346247 -0.028857731518227105 0.0014957095024272721 -0.018006381423635188 -0.045900374157718069 0.055841433465632223 0.0095759831406747788 -0.023661996782168543 0.018938732988858467 0.0081172661215650112 -0.054825856102182817 -0.0058536779150514771 0.053106091913252641 -0.005578715503457168 -0.015260166671917062 0.034822526639701666 -0.056081758862241551 0.054522641414629036 -0.053211695883396332 -0.053368898087065547 -0.053930943745136163 -0.053899419018384055 -0.054394462035513902 -0.053694456547896952 -0.053229653641625463
leaf_weight=92.731303922832012 33.971021823585033 95.862571343779564 34.726132996380329 603.85437141731381 449.6092824190855 108.69805202633142 25.117184437811375 3003.9146652370691 47.826420675963163 61.728369012475014 38.915121987462044 1452.7582985013723 609.19401078671217 516.97259263694286 46.595844246447086 79.693470392376184 648.09474673867226 140.01775172352791 10.363840259611605 1.2234591469168652 4.2785529121756545 9.2990308254957181 13.423366777598856 8.2002702578902227 104.94321475923061 13.550985619425772 14.551397535949944 15.326603412628176 3.7482008785009375 18.495185453444719
leaf_count=1719 356 867 239 2846 2623 1824 144 12906 253 351 425 6861 4434 3429 343 684 3643 1657 69 13 37 98 177 145 1781 201 218 208 59 325
internal_value=-6.47934e-05 0.00601108 -0.0231765 0.00279691 0.00546423 -0.0175544 0.0278205 0.000833539 -0.0138178 -0.00860677 0.0201386 0.012859 -0.0143736 0.0167241 -0.021404 -0.0410167 -0.00762145 0.046048 0.0371968 -0.0532689 0.052564 -0.053663 0.0555032 -0.0533595 -0.053257 -0.0539388 -0.0534335 -0.054177 -0.0533631 -0.0530675
internal_weight=8307.69 6578.31 1729.38 5733.36 4940.25 1457.83 844.951 3037.89 793.103 665.583 594.428 1902.37 1338.61 542.09 655.79 127.52 682.821 250.523 106.226 119.221 144.296 117.997 52.3385 271.547 230.721 40.8261 119.495 28.8776 11.9485 111.226
internal_count=48935 33685 15250 26880 22746 10594 6805 13262 4134 3197 4175 9484 8659 3573 4777 937 3882 2630 936 1935 1694 1922 602 4656 4043 613 1999 409 204 2044
is_linear=0
shrinkage=0.05


Tree=42
num_leaves=31
num_cat=0
split_feature=8 8 15 18 8 17 8 18 6 11 7 17 19 19 8 19 18 18 8 18 17 8 18 7 14 18 18 6 17 8
split_gain=363.928 187.408 147.392 87.3351 86.9038 78.9078 60.8772 59.1776 57.4778 55.9606 49.0003 51.5933 30.6339 19.4787 18.9816 10.0547 7.46905 13.8642 0.446326 0.280153 0.12005 0.0540584 0.0531425 0.0333171 0.0288779 0.721503 0.0243526 0.0163554 0.0148482 0.0134406
threshold=0.36666666666666675 0.18333333333333332 -0.033499999999999995 0.81666666666666676 0.78888888888888908 0.43650000000000005 0.56944444444444453 0.70000000000000007 0.044000000000000004 3.5000000000000004 0.10900000000000001 0.24050000000000002 0.7965000000000001 1.6450000000000002 0.93333333333333346 1.0725000000000002 0.74166666666666681 0.81666666666666676 0.70000000000000007 0.14999999999999999 0.37250000000000005 0.78888888888888908 0.074999999999999969 0.057500000000000002 0.83650000000000013 0.29999999999999999 0.29999999999999999 0.081500000000000017 0.23900000000000002 0.63333333333333341
decision_type=2 2 2 2 2 2 2 2 2 2 2 2 2 2 2 2 2 2 2 2 2 2 2 2 2 2 2 2 2 2
left_child=1 19 4 5 10 6 -4 8 20 -10 12 -12 -2 -7 15 -6 28 -18 29 22 -3 -20 -1 -16 25 -21 -26 -24 -9 -5
right_child=2 7 3 18 14 13 -8 16 9 -11 11 -13 -14 -15 23 -17 17 -19 21 24 -22 -23 27 -25 26 -27 -28 -29 -30 -31
leaf_value=-0.063870840432215359 0.050216819847498963 -0.058966606425674729 -0.0059115161642423735 -0.053346268527573217 0.036305316752152331 -0.021638777933215947 0.0094695366645768473 -0.05674158836311869 0.039042265558409422 -0.0088111438232313499 0.016005625403029831 0.0012556065837395845 0.017869019235213366 -0.057566259173246842 0.053676731709172212 0.018060884714919061 -0.018721794321628044 -0.053177773263714305 -0.05981019967063296 -0.014072805824656915 -0.05447870166034622 -0.066750037248557922 -0.054280260967092736 0.055607890622475689 -0.054653335166979233 -0.052972931348722913 -0.053221126162817267 -0.058940407371493725 -0.054932903115073574 -0.055329635621558598
leaf_weight=5.6261813603341588 110.67592349648476 25.593625694513321 1271.689772978425 51.80785708501935 195.2439945936203 126.73693902790546 1301.9203149154782 17.127977840602398 63.380357645452023 1693.3611887767911 1117.0057256668806 1263.4184878133237 216.09152346849442 53.716766469180584 64.552597232162952 123.15008146315813 71.999224349856377 49.106899380683899 4.4474597424268705 1.2143117636442173 35.666672099381685 7.6035368517041206 2.4597873240709314 34.149410106241703 35.290824256837368 64.87328514456749 186.70188643783331 8.0264718830585462 33.620603561401367 10.228212673217056
leaf_count=38 839 214 6057 898 1525 640 6313 168 304 8916 5792 5777 1078 336 1018 805 657 882 34 16 514 49 36 388 487 1230 3318 64 419 123
internal_value=-6.39829e-05 -0.0169835 0.00645676 -0.00181283 0.0139425 -0.000371719 0.00186935 -0.0113959 -0.00874486 -0.00708467 0.0106693 0.008177 0.0288252 -0.0323335 0.0351874 0.0292486 -0.0394409 -0.0326932 -0.0553837 -0.0535345 -0.0563537 -0.0641889 -0.0599506 0.0543449 -0.0531757 -0.0522582 -0.0534488 -0.0578473 -0.0555433 -0.0536733
internal_weight=8246.49 2294.05 5952.44 2828.15 3124.29 2754.06 2573.61 1989.86 1818 1756.74 2707.19 2380.42 326.767 180.454 417.096 318.394 171.855 121.106 74.0871 304.193 61.2603 12.051 16.1124 98.702 288.08 66.0876 221.993 10.4863 50.7486 62.0361
internal_count=48935 17263 31672 14450 17222 13346 12370 12074 9948 9220 13486 11569 1917 976 3736 2330 2126 1539 1104 5189 728 83 138 1406 5051 1246 3805 100 587 1021
is_linear=0
shrinkage=0.05


Tree=43
num_leaves=30
num_cat=0
split_feature=20 18 17 17 7 20 18 7 7 9 7 7 19 2 18 19 29 15 7 11 2 18 21 9 44 9 9 18 9
split_gain=295.73 140.523 116.045 86.8207 63.7281 59.4026 52.3978 34.3766 33.5035 21.7774 17.8242 17.3401 20.1873 13.2538 10.3104 8.17617 6.43697 8.80183 5.30144 4.59426 3.93061 2.70896 1.0318 0.208325 0.0675075 0.0357561 0.0181835 0.00903165 0.000707491
threshold=-2.4999999999999996 0.81666666666666676 0.044000000000000004 0.44200000000000006 0.37250000000000005 6.5000000000000009 0.12222222222222222 0.25450000000000006 0.057500000000000002 0.40350000000000003 0.59400000000000008 0.28900000000000003 1.7635000000000003 2.5000000000000004 1.0000000180025095e-35 1.6890000000000003 1.9450000000000003 -0.80399999999999994 0.30600000000000005 6.5000000000000009 3.5000000000000004 0.51666666666666672 1.0000000180025095e-35 1.9635000000000002 0.53150000000000019 2.1805000000000003 1.3655000000000002 0.93333333333333346 0.94850000000000001
decision_type=2 2 2 2 2 2 2 2 2 2 2 2 2 2 2 2 2 2 2 2 2 2 2 2 2 2 2 2 2
left_child=2 3 13 5 6 7 14 -2 -8 -7 15 12 -5 21 -4 -6 17 -15 -18 -12 -13 22 -1 26 25 -25 28 -28 -3
right_child=1 23 4 11 10 9 8 -9 -10 -11 19 20 -14 16 -16 -17 18 -19 -20 -21 -22 -23 -24 24 -26 -27 27 -29 -30
leaf_value=0.035300325412976265 0.0027316004387441129 -0.052804173982370854 0.056525437879153456 -0.0092316793988129857 -0.0059176681008263898 -0.050437492794273155 0.031432504519594465 -0.0076193290392487754 0.0074323952587333477 -0.014043814630060009 -0.051086887568749566 -0.056268780211015168 -0.056856422417818547 0.044125636797926471 0.028630035002710986 -0.073728924222563746 0.030859854571171377 -0.061830764933344211 0.050637251210615443 -0.0056772362869636382 -0.039354246159078815 0.09055042171859945 0.056445320702724434 -0.056103792018671342 -0.068282244287912894 -0.06295004637712813 -0.054643845474914993 -0.053087785115697228 -0.053065988707332201
leaf_weight=6.1979764699935904 1895.5219063460827 71.038561884313822 39.537974510341883 92.969632998108864 372.81370851770043 42.972033105790615 154.81347401440144 1390.5820380561054 2394.8343247063458 946.09887063875794 30.729288142174482 58.461152691394091 29.252299454063177 3.8220400735735893 204.20522187277675 4.4987867102026931 128.17071811854839 4.0231636613607398 46.061082437634468 6.803212344646453 83.264853496104479 5.6935887560248366 83.411992382258177 5.5985781066119653 2.1897211968898764 2.8924638070166111 27.790773287415504 14.034285277128218 40.521798364818096
leaf_count=29 9695 1417 422 563 1748 647 999 7393 12150 6474 152 815 254 26 1418 24 980 22 317 30 630 30 1136 71 15 23 433 263 759
internal_value=-6.34629e-05 -0.00824342 0.0109739 -0.00660029 0.00829131 -0.00488208 0.011007 -0.00164861 0.00888967 -0.015625 -0.00999498 -0.0344303 -0.0206301 0.0420008 0.033155 -0.0067262 0.0340934 -0.0102107 0.0360883 -0.0428558 -0.0463314 0.0571077 0.0549828 -0.0537028 -0.0604546 -0.058436 -0.0532326 -0.0541217 -0.0528993
internal_weight=8188.81 4703.19 3485.62 4539.12 3208.24 4275.17 2793.39 3286.1 2549.65 989.071 414.845 263.948 122.222 277.381 243.743 377.312 182.077 7.8452 174.232 37.5325 141.726 95.3036 89.61 164.066 10.6808 8.49104 153.385 41.8251 111.56
internal_count=48935 29452 19483 26471 16943 24209 14989 17088 13149 7121 1954 2262 817 2540 1840 1772 1345 48 1297 182 1445 1195 1165 2981 109 94 2872 696 2176
is_linear=0
shrinkage=0.05


Tree=44
num_leaves=30
num_cat=0
split_feature=22 22 8 6 17 7 18 17 7 6 6 17 59 7 8 18 22 30 7 17 17 22 6 22 18 22 22 22 6
split_gain=379.174 154.301 112.951 89.7753 71.3234 64.1904 60.3538 45.2511 30.4183 28.9305 23.8379 22.6755 17.2915 12.65 6.02411 8.03057 1.19049 0.819972 0.614402 0.214342 0.0361925 0.0172017 0.00611463 0.00420264 0.00134797 0.000505047 0.000203296 2.82479e-05 2.60847e-05
threshold=-0.18333333333333326 0.43055555555555564 0.18333333333333332 0.046500000000000007 0.16350000000000003 0.21950000000000003 0.81666666666666676 0.16950000000000001 0.23900000000000002 0.32050000000000006 0.041000000000000009 0.19600000000000004 9.5000000000000018 0.060500000000000005 0.76388888888888895 0.23611111111111113 0.25833333333333336 1.3405000000000002 0.33900000000000002 0.070000000000000021 0.21950000000000003 -0.21111111111111108 0.054500000000000007 -0.29999999999999988 0.70000000000000007 -0.21111111111111108 -0.36666666666666653 -0.21111111111111108 0.042500000000000003
decision_type=2 2 2 2 2 2 2 2 2 2 2 2 2 2 2 2 2 2 2 2 2 2 2 2 2 2 2 2 2
left_child=2 3 22 16 9 -6 10 14 13 -5 20 -12 -10 -9 15 -3 19 -8 -16 -2 -4 -19 26 24 -24 -25 28 -28 -1
right_child=1 7 6 4 5 -7 17 8 12 -11 11 -13 -14 -15 18 -17 -18 21 -20 -21 -22 -23 23 25 -26 -27 27 -29 -30
leaf_value=-0.052596802620913347 -0.063794024025629822 0.040123116362900668 -0.058477174827611035 0.0013669739213214749 0.0073655569685666892 -0.0049613518266860132 -0.010927423099970704 0.054964566695790841 -0.013815938132289613 0.018284475461109992 -0.0044237179883931379 -0.017852729409862631 0.014141468031514615 0.025297868298832429 0.052221476222396271 -0.0066493686539582653 -0.082576325647140361 -0.052962368798648712 0.031168737337649036 -0.054962105814300194 -0.05498919006296326 -0.055296961929164237 -0.053127737402865777 -0.053471209399118536 -0.05275491731557215 -0.053886373764691436 -0.052766685770180045 -0.052938847746171025 -0.052810263970441453
leaf_weight=72.962891258299351 8.0324196144938451 89.782815348356962 12.331121914088728 349.3963547386229 1793.8881983906031 2567.7966835536063 1.1624376401305188 41.804508071392775 76.301777638494968 913.22292000055313 553.52663514018059 727.48421017080545 201.00090318918228 255.83668220043182 127.09838433563709 10.221923746168612 4.6508013755083075 94.136520721018314 3.5627176091074935 47.457059357315302 18.739397995173931 8.6120619103312475 89.184972770512104 13.780257415026426 33.296828906983137 15.638788022100925 12.844245679676531 2.9252301529049864 1.4597918726503838
leaf_count=1555 54 867 106 1586 8250 11648 18 463 386 4601 3147 5174 1288 2038 1666 69 24 1815 28 717 232 102 1616 228 677 236 259 56 29
internal_value=-6.12804e-05 0.00539051 -0.0214006 0.00248817 0.00313793 0.0001085 -0.0160046 0.0258697 0.0183638 0.013603 -0.0130996 -0.01205 0.00644879 0.0294646 0.0445784 0.0353423 -0.0582772 -0.0526856 0.0516474 -0.0562406 -0.0563735 -0.053158 -0.0529617 -0.0531553 -0.0530264 -0.0536919 -0.0526355 -0.0527986 -0.052601
internal_weight=8148.14 6490.05 1658.09 5684.44 5624.3 4361.68 1415.99 805.61 574.944 1262.62 1312.08 1281.01 277.303 297.641 230.666 100.005 60.1403 103.911 130.661 55.4895 31.0705 102.749 242.093 151.901 122.482 29.419 90.1922 15.7695 74.4227
internal_count=48935 33685 15250 26880 26085 19898 10594 6805 4175 6187 8659 8321 1674 2501 2630 936 795 1935 1694 771 338 1917 4656 2757 2293 464 1899 315 1584
is_linear=0
shrinkage=0.05


Tree=45
num_leaves=30
num_cat=0
split_feature=22 22 8 6 17 18 22 17 7 7 6 17 59 7 17 7 22 30 41 17 17 22 6 22 21 22 22 22 6
split_gain=347.431 143.067 111.092 84.4408 66.297 58.8357 50.4413 43.9624 43.0197 28.5553 23.007 20.9391 15.687 12.5365 6.27998 6.69065 1.01896 0.822926 0.650361 0.180057 0.0306827 0.014647 0.00521835 0.00358236 0.00117713 0.000430278 0.00017361 2.41136e-05 2.22713e-05
threshold=-0.18333333333333326 0.43055555555555564 0.18333333333333332 0.046500000000000007 0.34700000000000003 0.81666666666666676 0.15000000000000002 0.16950000000000001 0.078500000000000014 0.23900000000000002 0.041000000000000009 0.19600000000000004 9.5000000000000018 0.060500000000000005 0.075500000000000012 0.41300000000000003 0.25833333333333336 1.3405000000000002 0.50700000000000012 0.070000000000000021 0.21950000000000003 -0.21111111111111108 0.054500000000000007 -0.29999999999999988 -2.4999999999999996 -0.21111111111111108 -0.36666666666666653 -0.21111111111111108 0.042500000000000003
decision_type=2 2 2 2 2 2 2 2 2 2 2 2 2 2 2 2 2 2 2 2 2 2 2 2 2 2 2 2 2
left_child=2 3 22 16 6 10 -5 14 -6 13 20 -12 -11 -9 18 -16 19 -7 -3 -2 -4 -19 26 24 -24 -25 28 -28 -1
right_child=1 7 5 4 8 17 -8 9 -10 12 11 -13 -14 -15 15 -17 -18 21 -20 -21 -22 -23 23 25 -26 -27 27 -29 -30
leaf_value=-0.052463752384022483 -0.062964657246540198 0.054626661501012252 -0.058005384350204539 0.001454598972703468 0.02805352331380781 -0.010481112144869282 0.01226072271445239 0.054588055109625014 -0.011263423718348792 -0.013075845093461505 -0.0042120565484641609 -0.017156080129164464 0.013547639987080556 0.024462881529873644 0.038882324381480891 -0.0094473307903783482 -0.080624838868501872 -0.052809993814348588 0.045854759752606167 -0.054712693282785822 -0.054723459200231417 -0.055013473369737421 -0.052814432568500484 -0.053290575129470233 -0.053321997579812465 -0.05368279533018884 -0.052624510258676829 -0.05278737713766022 -0.052665717645690294
leaf_weight=69.576014023274183 7.7387529984116545 81.975379269570112 11.822710111737253 2834.4610107429326 74.991525061428547 1.1516226269304741 1744.5787829086185 40.033023376017809 963.10724204778671 76.582021266222 552.3069845661521 719.38441991060972 199.3634602278471 251.4541016407311 104.60702411830425 7.6873812526464453 4.5283137857913962 89.797269146889448 28.468564823269844 45.343135505914688 17.909834705293179 8.233192350715397 104.01145019754767 13.151494819670916 12.832378178834913 14.931062512099743 12.249999362975357 2.7903476469218722 1.3923118487000454
leaf_count=1555 54 1209 106 12278 391 18 8933 463 4483 386 3147 5174 1288 2038 953 51 24 1815 417 717 232 102 2072 228 221 236 259 56 29
internal_value=-6.013e-05 0.00514312 -0.0206778 0.00236759 0.00298527 -0.0153799 0.00557165 0.025076 -0.0084232 0.0176869 -0.0125509 -0.0115344 0.00615893 0.0286003 0.0438999 0.0355738 -0.0578579 -0.0525014 0.0523656 -0.0559157 -0.0560285 -0.0529951 -0.0528089 -0.052992 -0.0528702 -0.0534991 -0.0525004 -0.0526547 -0.0524677
internal_weight=8096.46 6464.92 1631.54 5674.75 5617.14 1400.61 4579.04 790.171 1038.1 567.433 1301.42 1271.69 275.945 291.487 222.738 112.294 57.6102 99.1821 110.444 53.0819 29.7325 98.0305 230.935 144.926 116.844 28.0826 86.0087 15.0403 70.9683
internal_count=48935 33685 15250 26880 26085 10594 21211 6805 4874 4175 8659 8321 1674 2501 2630 1004 795 1935 1626 771 338 1917 4656 2757 2293 464 1899 315 1584
is_linear=0
shrinkage=0.05


Tree=46
num_leaves=28
num_cat=0
split_feature=22 8 8 17 8 22 7 15 17 19 17 15 7 21 41 31 19 22 11 40 40 22 22 22 22 6 17
split_gain=320.473 163.757 109.765 81.4119 66.2992 59.181 53.0365 38.9583 35.5301 29.4512 25.4937 23.3988 11.1754 10.4023 4.6161 3.3554 3.04781 0.194847 0.0624742 0.0368796 0.902949 0.0455599 0.0260993 0.00989743 0.00415922 0.00393866 0.00150805
threshold=-1.0000000180025095e-35 0.18333333333333332 0.93333333333333346 0.55300000000000016 0.59166666666666679 -0.43055555555555552 0.10600000000000001 -0.56099999999999994 0.31900000000000006 1.6450000000000002 0.036500000000000005 -0.17299999999999996 0.081500000000000017 -2.4999999999999996 0.49000000000000005 0.66200000000000014 2.3170000000000006 0.24999999999999997 4.5000000000000009 0.69900000000000007 0.69700000000000006 -0.066666666666666638 0.40833333333333338 -0.21111111111111108 -0.13333333333333333 0.078500000000000014 0.075500000000000012
decision_type=2 2 2 2 2 2 2 2 2 2 2 2 2 2 2 2 2 2 2 2 2 2 2 2 2 2 2
left_child=1 19 3 4 6 13 -2 -6 10 -10 -7 12 -5 16 -15 -13 -3 -4 26 20 24 23 -20 -21 -1 -23 -19
right_child=2 5 17 11 7 8 -8 -9 9 -11 -12 15 -14 14 -16 -17 -18 18 22 21 -22 25 -24 -25 -26 -27 -28
leaf_value=-0.052670163122676021 0.02348018207782537 -0.036863963002800162 0.065282061438719452 0.051810347140165205 0.023284243284868406 0.013802380079124469 -0.00099380035754353144 0.0091320799432337892 -0.01133099378585129 -0.037928656189355328 -0.006562805390971327 -0.027839209854101123 -0.018481017420005293 0.021168095756230781 -0.030537509575419404 -0.059064875838300612 -0.052701538578875155 0.052872578308843302 0.057274326663858503 -0.052605258126193204 -0.0047264968521748447 -0.053940874962124255 0.054770681612153919 -0.053588793360300702 -0.055058245179780654 -0.056771083833919725 0.053563626811172188
leaf_weight=20.748413011431698 245.25299091264606 134.56911800801754 4.1197786629199973 6.2888251021504393 662.42433420568705 168.85426704213023 2272.5064380578697 1828.8757624551654 316.18681675568223 155.14594028517604 1709.1645289957523 10.191134966909884 56.067547142505646 10.402745146304371 7.3780860006809226 55.214267369359732 39.233998086303473 45.251050136983395 13.360643714666365 183.55384914204478 1.0170518644154061 1.4592756405472735 47.12377892807126 29.720620393753052 1.9989381060004259 7.7995914295315742 9.5631984360516054
leaf_count=438 1287 1802 24 42 4416 844 10287 9180 2020 1218 9295 103 277 91 78 488 690 882 127 3941 18 23 612 496 26 75 155
internal_value=-5.89955e-05 -0.0137645 0.00720863 0.00610696 0.00711224 -0.00999122 0.00139019 0.0128951 -0.00781216 -0.020086 -0.00473175 -0.0333065 -0.0113919 -0.0367126 -0.000286942 -0.0541995 -0.0404391 0.0545975 0.0542157 -0.0526914 -0.0508192 -0.0528914 0.0553237 -0.0527423 -0.05288 -0.056325 0.0529931
internal_weight=8043.47 2787.23 5256.24 5136.82 5009.06 2540.94 2517.76 2491.3 2349.35 471.333 1878.02 127.762 62.3564 191.584 17.7808 65.4054 173.803 119.418 115.299 246.298 23.7644 222.533 60.4844 213.274 22.7474 9.25887 54.8142
internal_count=48935 21055 27880 26080 25170 16038 11574 13596 13377 3238 10139 910 319 2661 169 591 2492 1800 1776 5017 482 4535 739 4437 464 98 1037
is_linear=0
shrinkage=0.05


Tree=47
num_leaves=31
num_cat=0
split_feature=22 22 18 6 7 17 17 22 18 11 18 19 17 1 21 40 5 17 22 18 6 42 7 31 22 17 21 17 16 17
split_gain=295.77 163.225 87.5988 71.4282 57.1012 51.8701 44.2995 40.3141 39.3952 28.6103 22.5663 15.3856 14.2537 12.3154 9.21004 8.89655 5.80943 9.12668 3.4229 3.74633 3.179 2.7874 1.2889 0.649761 0.368028 0.153093 0.0581839 0.0477144 0.0416078 0.0212095
threshold=-0.29999999999999988 0.15000000000000002 1.0000000180025095e-35 0.044000000000000004 0.22900000000000004 0.075500000000000012 0.18050000000000002 -0.43055555555555552 0.70000000000000007 2.5000000000000004 0.56944444444444453 2.6285000000000003 0.22900000000000004 6.5000000000000009 -2.4999999999999996 0.78500000000000014 0.32050000000000006 0.15600000000000003 -0.54444444444444429 0.74166666666666681 0.41900000000000004 0.25150000000000006 0.27450000000000008 0.88750000000000007 0.36666666666666664 0.22900000000000004 1.0000000180025095e-35 0.060500000000000005 0.43400000000000005 0.35150000000000003
decision_type=2 2 2 2 2 2 2 2 2 2 2 2 2 2 2 2 2 2 2 2 2 2 2 2 2 2 2 2 2 2
left_child=7 3 24 25 9 11 -6 14 -7 -4 20 -5 13 -12 18 -14 21 -18 23 -20 22 -16 -9 -1 26 28 -3 -26 -2 -27
right_child=1 2 4 5 6 8 -8 10 -10 -11 12 -13 15 -15 16 -17 17 -19 19 -21 -22 -23 -24 -25 27 29 -28 -29 -30 -31
leaf_value=-0.051346960116427101 -0.056477386271515009 0.067572806795609841 0.048788863636375329 0.016748266269959351 0.020667111195199803 -0.002790651279591631 -0.00054464040662156779 -0.040323000026758947 -0.024369694510570434 0.01626670383530195 0.016407759536976357 -0.074499899812820056 -0.030453812233491709 -0.012857098442379672 -0.057956646030349626 0.035182355562195386 0.10554294324813292 -0.014784217208479744 -0.046282683311692469 -0.030525357334057163 0.0054168060779785981 -0.013966736055660177 -0.053405075258161773 -0.016166467217755429 0.053090873796252464 -0.05543097750194468 0.060435495719722621 0.05536860584127095 -0.061341810405377173 -0.053064303333434294
leaf_weight=135.34367950633168 7.9406573697924641 3.6571951955556896 71.48677484318614 363.59054207801819 309.53013756871223 3598.73792546615 1201.93785341084 42.37308943271637 224.71061633899808 1251.6144602485001 43.340405076742172 4.6790539287030688 131.55206507444382 210.81813041120768 5.4962110891938236 5.3735610134899607 2.3614705428481093 4.7371362410485744 98.056220803409815 61.303327165544033 3.1124403774738303 10.443779233843086 33.884050842374563 1.3253227621316899 60.088232763111591 13.132755883038042 13.025129511952398 37.243286281824112 9.8475453555583936 33.910864014178514
leaf_count=2967 111 20 631 1640 1858 17090 5772 645 1353 7805 278 24 1286 1453 60 51 19 57 1585 906 32 130 556 24 1127 178 98 445 69 665
internal_value=-5.81909e-05 0.00312533 0.0121673 -0.00313822 0.0104389 -0.0023327 0.00379927 -0.0291109 -0.00405889 0.0180239 -0.0198063 0.0155889 -0.014873 -0.00786671 -0.0428303 -0.027878 -0.0123795 0.0252446 -0.0452001 -0.0402211 -0.0441143 -0.0291347 -0.0461359 -0.0510058 0.0551385 -0.0552191 0.0620002 0.0539624 -0.0591703 -0.053725
internal_weight=7994.65 7205.13 2948.58 4256.55 2834.57 4191.72 1511.47 789.521 3823.45 1323.1 470.454 368.27 391.084 254.159 319.067 136.926 23.0386 7.09861 296.029 159.36 79.3696 15.94 76.2571 136.669 114.014 64.8318 16.6823 97.3315 17.7882 47.0436
internal_count=48935 38886 17756 21130 16066 20107 7630 10049 18443 8436 4301 1664 3068 1731 5748 1337 266 76 5482 2491 1233 190 1201 2991 1690 1023 118 1572 180 843
is_linear=0
shrinkage=0.05


Tree=48
num_leaves=26
num_cat=0
split_feature=8 22 18 18 8 6 17 17 29 22 8 18 17 18 22 21 17 40 40 22 6 6 6 22 6
split_gain=278.288 191.396 92.8586 90.4205 66.6095 59.0377 45.1083 44.4439 0.940325 0.535115 0.311533 0.273501 0.139738 0.136341 0.0524571 0.048446 0.0406384 0.0378573 0.918254 0.0279884 0.018185 0.00982158 0.00362232 0.0032983 0.00200948
threshold=0.18333333333333332 0.11111111111111106 0.81666666666666676 1.0000000180025095e-35 0.93333333333333346 0.041000000000000009 0.18350000000000002 0.30600000000000005 1.9410000000000003 -0.09722222222222214 0.36666666666666675 0.14999999999999999 0.22900000000000004 0.78888888888888908 1.0000000180025095e-35 1.0000000180025095e-35 0.060500000000000005 0.69900000000000007 0.69700000000000006 -0.13333333333333333 0.075500000000000012 0.046500000000000007 0.054500000000000007 -0.13333333333333333 0.20350000000000004
decision_type=2 2 2 2 2 2 2 2 2 2 2 2 2 2 2 2 2 2 2 2 2 2 2 2 2
left_child=11 2 5 10 6 12 -5 -7 -4 -10 15 14 -2 -6 20 -3 -12 18 23 22 -1 -21 -19 -13 -22
right_child=1 3 8 4 13 7 -8 -9 9 -11 16 17 -14 -15 -16 -17 -18 19 -20 21 24 -23 -24 -25 -26
leaf_value=-0.052955745516749746 -0.058911841313113791 0.066468665219645132 -0.0068824552820142236 0.017577146324753653 0.054601780489301713 -0.00090267658798379212 0.0042844135034837095 -0.013362679410781945 -0.052955426783250562 -0.068025346112292537 0.052931701935737555 -0.052438486423208933 -0.053629400187926529 0.064154038248569009 -0.06409083131118129 0.059839813171557454 0.055082419637252848 -0.052145966794178933 -0.0034335367093282867 -0.05248238209664971 -0.05777745660582391 -0.055017301969785659 -0.052602671373715597 -0.054494179975806467 -0.059291478688637711
leaf_weight=1.8074721917510022 18.759170889854431 3.535144209861758 1.0742652490735043 849.49172429740429 71.459285985678434 3009.7742595337331 2566.1172591894865 938.94019868969917 92.470523845404387 6.2914662584662429 57.325231567025185 19.042529296129949 37.638295732438564 3.9416035488247863 4.2585967183113089 12.510089710354803 35.606314599514008 69.841563526540995 0.99207483232021232 5.0964415036141899 4.8676325231790525 15.270245019346474 114.75050005316734 2.1740204542875281 3.9864125624299049
leaf_count=35 160 20 19 5160 1001 14835 12734 5479 1950 35 1127 438 659 24 29 98 445 1773 18 114 43 194 2482 32 31
internal_value=-5.68871e-05 0.00160162 -0.00577826 0.0100166 0.0086166 -0.00459095 0.00759043 -0.00386546 -0.0534093 -0.0539154 0.0548666 -0.0528422 -0.0553865 0.0551011 -0.0593999 0.0613003 0.0537557 -0.0524115 -0.0504506 -0.052624 -0.0575261 -0.054383 -0.0524299 -0.0526491 -0.0584591
internal_weight=7947.02 7704.93 4104.95 3599.99 3491.01 4005.11 3415.61 3948.71 99.8363 98.762 108.977 242.087 56.3975 75.4009 14.9201 16.0452 92.9315 227.167 22.2086 204.959 10.6615 20.3667 184.592 21.2165 8.85405
internal_count=48935 43746 23137 20609 18919 21133 17894 20314 2004 1985 1690 5189 819 1025 138 118 1572 5051 488 4563 109 308 4255 470 74
is_linear=0
shrinkage=0.05


Tree=49
num_leaves=31
num_cat=0
split_feature=20 18 1 7 7 18 18 16 7 18 24 7 28 9 32 18 26 2 16 18 9 18 44 9 9 9 18 24 2 9
split_gain=191.218 112.651 92.6523 83.885 46.3743 47.7997 45.8148 34.1167 32.1149 30.5709 24.883 13.5153 11.0057 7.16753 3.97454 2.03625 0.908851 0.73542 0.442765 0.466919 0.156743 0.0643368 0.0467565 0.025251 0.0174238 0.0145838 0.00672728 0.00455896 0.00262159 0.000594091
threshold=-2.4999999999999996 0.81666666666666676 2.5000000000000004 0.054500000000000007 0.26000000000000006 0.63333333333333341 1.0000000180025095e-35 0.12250000000000001 0.37700000000000006 0.78888888888888908 3.5715000000000008 0.52300000000000013 0.36150000000000004 2.6045000000000003 0.56950000000000001 0.29999999999999999 0.34000000000000008 9.5000000000000018 0.93100000000000016 0.4555555555555556 1.9635000000000002 0.14999999999999999 0.53150000000000019 2.1805000000000003 1.5810000000000002 1.3655000000000002 0.93333333333333346 3.1555000000000004 8.5000000000000018 0.94850000000000001
decision_type=2 2 2 2 2 2 2 2 2 2 2 2 2 2 2 2 2 2 2 2 2 2 2 2 2 2 2 2 2 2
left_child=3 2 18 7 5 -4 24 15 10 -6 -8 -10 14 -14 -9 17 -17 -1 21 -20 25 -2 23 -22 27 29 -27 -5 -26 -3
right_child=1 20 4 6 9 -7 8 12 11 -11 -12 -13 13 -15 -16 16 -18 -19 19 -21 22 -23 -24 -25 28 26 -28 -29 -30 -31
leaf_value=0.055571295888786988 -0.059665580579393578 -0.052066259812141635 0.0039626207586778697 0.056521043184841017 -0.011830233765941063 -0.012129062084269235 0.0058192691431684001 0.025036971147689182 -0.003591987855820278 0.020422703365482523 0.019612961903145459 -0.029469372419859072 -0.0020884484876170714 0.059586691151902932 0.046815132047511282 0.088210001020485582 0.062971332528291568 0.03540689140004049 -0.080688662974232161 -0.058072700299066943 -0.055226177185017815 -0.053415196492129759 -0.066061858262950593 -0.061390344694652856 0.053416684451067953 -0.053893341129271292 -0.052385193867507257 0.055003324622013752 0.054477777807735751 -0.052339827387875251
leaf_weight=88.848370105028152 4.3523603752255431 53.733988899737597 1895.6710708402097 14.969865072518589 1731.3156149871647 609.98733495920897 2267.4307579174638 86.041921824216843 333.91220518946648 76.725907701998949 382.03842712938786 59.439503978937864 52.18975805491209 5.1781314425170413 27.692828457802534 6.706639535725115 7.6194138415157795 4.7641900219023219 3.1373967714607707 8.3723750300705415 4.687126584351061 76.149568557739258 1.9901001788675783 2.5736237093806267 8.8849645927548426 22.52394575625658 11.007917139679192 7.3907629698514929 16.87989741936326 31.467474538832903
leaf_count=1382 48 1417 9894 164 10115 4059 11822 650 1602 585 2360 290 307 75 213 36 58 45 21 87 71 1662 15 23 149 433 263 97 233 759
internal_value=-5.57543e-05 -0.0067609 -0.00541757 0.00896478 -0.00435859 4.51982e-05 0.00659457 0.0352196 0.00582901 -0.0104616 0.00780824 -0.00750233 0.0213335 0.00347846 0.0303397 0.0572316 0.0747866 0.0545451 -0.0550646 -0.0642375 -0.0530033 -0.0537531 -0.0592721 -0.0574111 0.0549982 -0.0525149 -0.0533982 0.0560194 0.0541119 -0.0521673
internal_weight=7903.68 4533.7 4405.71 3369.99 4313.7 2505.66 3090.95 279.041 3042.82 1808.04 2649.47 393.352 171.103 57.3679 113.735 107.939 14.3261 93.6126 92.0117 11.5098 127.984 80.5019 9.25085 7.26075 48.1255 118.733 33.5319 22.3606 25.7649 85.2015
internal_count=48935 29452 26471 19483 24653 13953 16717 2766 16074 10700 14182 1892 1245 382 863 1521 94 1427 1818 108 2981 1710 109 94 643 2872 696 261 382 2176
is_linear=0
shrinkage=0.05


Tree=50
num_leaves=26
num_cat=0
split_feature=8 8 8 18 6 18 14 18 11 18 17 18 8 18 8 11 18 40 40 18 6 6 6 18 6
split_gain=258.076 153.185 80.354 78.2441 65.6274 57.6591 57.061 53.8836 53.5236 36.694 29.3343 0.235244 0.182653 0.138565 0.108842 0.0492289 0.0408219 0.0402068 0.920366 0.0222205 0.012994 0.00718653 0.00358665 0.00273945 0.00122355
threshold=0.18333333333333332 0.59166666666666679 0.93333333333333346 0.70000000000000007 0.044000000000000004 0.74166666666666681 0.89100000000000013 0.81666666666666676 3.5000000000000004 0.29999999999999999 0.31900000000000006 0.14999999999999999 0.36666666666666675 0.78888888888888908 0.36666666666666675 4.5000000000000009 0.074999999999999969 0.69900000000000007 0.69700000000000006 0.29999999999999999 0.081500000000000017 0.051500000000000011 0.042500000000000003 0.29999999999999999 0.17500000000000002
decision_type=2 2 2 2 2 2 2 2 2 2 2 2 2 2 2 2 2 2 2 2 2 2 2 2 2
left_child=11 3 6 4 14 12 10 -7 -6 -8 -3 16 -5 15 -2 -4 -1 18 23 21 -18 -19 -21 -13 -22
right_child=1 2 13 5 8 7 9 -9 -10 -11 -12 17 -14 -15 -16 -17 20 19 -20 22 24 -23 -24 -25 -26
leaf_value=-0.062446876941477804 -0.054700565338785007 0.00019014833991960492 0.052449946507595338 -0.054688195653124799 0.022412845525495172 0.00142780245623072 0.021117869174837867 -0.051480790618528727 -0.0027021894619633146 0.0076947231644561619 -0.030881455194102111 -0.054013139699276916 -0.058888241193186613 0.06337113680776825 -0.06030429451583498 0.054679652744341348 -0.053128561111916273 -0.052255893790404156 -0.0028779363424934097 -0.051934545332256943 -0.057057096517107192 -0.054225974565065199 -0.052416891433009087 -0.052254081471496919 -0.058373090734442072
leaf_weight=5.1123790442943546 45.591536208987236 238.62443566322327 45.655753817409277 43.53459969162941 223.40104381367564 174.7726161442697 744.1215588785708 66.406487457454205 4207.5194436050951 1612.1725029200315 111.43243870139122 2.5381505340337815 63.852351855486631 3.8128507733345023 10.698714707046745 54.075597129762173 1.8544073924422262 5.948856886476281 0.98150742799043555 61.504054024815559 3.0504681169986725 20.864666998386383 103.22027896717191 17.293998092412949 4.1954826712608337
leaf_count=38 728 1206 1037 587 1304 1292 5332 1668 20700 7950 550 41 539 24 90 739 36 146 18 1718 29 312 2387 429 35
internal_value=-5.36225e-05 0.00150479 0.0107893 -0.00389009 -0.00211747 -0.0267097 0.00913542 -0.0131401 -0.00143592 0.0119338 -0.00970077 -0.0526441 -0.0571855 0.0540166 -0.0557656 0.0536589 -0.0588717 -0.0522273 -0.0501402 -0.0524541 -0.0568633 -0.0537889 -0.0522368 -0.0524792 -0.0578191
internal_weight=7872.24 7645.67 2809.9 4835.78 4487.21 348.566 2706.35 241.179 4430.92 2356.29 350.057 226.564 107.387 103.544 56.2903 99.7314 14.2127 212.352 20.8137 191.538 9.10036 26.8135 164.724 19.8321 7.24595
internal_count=48935 43746 16838 26908 22822 4086 15038 2960 22004 13282 1756 5189 1126 1800 818 1776 138 5051 488 4563 100 458 4105 470 64
is_linear=0
shrinkage=0.05


Tree=51
num_leaves=27
num_cat=0
split_feature=8 22 18 18 8 7 18 7 8 8 33 22 8 18 21 17 17 22 12 22 9 22 1 11 17 20
split_gain=244.45 152.719 86.0029 78.0437 61.4444 48.0515 39.3498 38.8129 37.5634 29.1684 1.02694 0.409483 0.260764 0.201896 0.0451276 0.0397118 1.00319 0.0374292 0.0319758 0.02333 0.0111508 0.00758911 0.00197211 0.00154818 0.00138825 0.000540037
threshold=0.18333333333333332 0.15000000000000002 0.81666666666666676 1.0000000180025095e-35 0.78888888888888908 0.37250000000000005 0.70000000000000007 0.054500000000000007 0.25833333333333336 0.93333333333333346 0.12250000000000001 -0.09722222222222214 0.36666666666666675 0.14999999999999999 1.0000000180025095e-35 0.41550000000000004 0.41900000000000004 1.0000000180025095e-35 6.5000000000000009 -0.066666666666666638 0.58950000000000002 -0.29999999999999988 3.5000000000000004 7.5000000000000009 0.26500000000000007 1.0000000180025095e-35
decision_type=2 2 2 2 2 2 2 2 2 2 2 2 2 2 2 2 2 2 2 2 2 2 2 2 2 2
left_child=13 2 5 12 7 6 -2 -5 -7 -6 -4 -12 14 17 -3 19 -17 20 -14 21 23 -15 -18 -1 -22 -21
right_child=1 3 10 4 9 8 -8 -9 -10 -11 11 -13 18 15 -16 16 22 -19 -20 25 24 -23 -24 -25 -26 -27
leaf_value=-0.052426852531054002 0.00050547745312797356 0.065532675389705045 -0.0020577259972384037 0.032177521743645403 0.019568120746996737 -0.05440214612351002 -0.016007575360099585 0.0036367463601473683 -0.012109564161792047 0.054550222246078653 -0.052625190107106291 -0.066241520796226736 0.052450826350146834 -0.052072752146375426 0.059004920298170886 0.00204119065846823 -0.051895712641198223 -0.062499075076046455 0.054428579365048871 -0.056020541848143701 -0.058306798471211535 -0.052893483149700972 -0.052903505495195492 -0.055066937218494295 -0.056942711695103967 -0.055042523366992696
leaf_weight=1.2287280485033973 3617.1667315922678 3.4260402768850318 0.97916607186198135 126.29111216962337 488.64461177960038 57.796014953404665 400.73632378876209 2097.8101537674665 573.17828636988997 67.863952551037073 81.360157359391451 5.9234712272882453 45.559815295040607 138.36700011044741 11.652751453220842 0.88574392721057194 15.054766807705166 3.9239594340324393 37.062101930379868 2.6445484012365332 3.8216211125254631 35.365296993404627 7.1644786633551112 1.0131858289241789 3.6434271484613419 3.0271014235913754
leaf_count=28 17225 20 19 918 3476 541 2814 10647 3406 1025 1950 35 1049 3674 98 15 430 29 523 28 32 711 154 14 35 39
internal_value=-5.31908e-05 0.001435 -0.00408423 0.0105186 0.00897529 -0.00315594 -0.0011415 0.00525738 -0.0159835 0.023834 -0.052978 -0.0535493 0.0544415 -0.052488 0.0604881 -0.0520916 -0.0501405 -0.0583782 0.053338 -0.0523428 -0.0567123 -0.0522398 -0.0522207 -0.05362 -0.057641 -0.0554985
internal_weight=7831.59 7615.45 4737.14 2878.31 2780.61 4648.88 4017.9 2224.1 630.974 556.509 88.2628 87.2836 97.7007 216.14 15.0788 202.509 23.105 13.6309 82.6219 179.404 9.70696 173.732 22.2192 2.24191 7.46505 5.67165
internal_count=48935 43746 25990 17756 16066 23986 20039 11565 3947 4501 2004 1985 1690 5189 118 5051 599 138 1572 4452 109 4385 584 42 67 67
is_linear=0
shrinkage=0.05


Tree=52
num_leaves=26
num_cat=0
split_feature=8 22 18 18 8 6 7 8 29 22 8 18 18 9 40 40 21 22 2 22 6 6 6 22 6
split_gain=231.593 139.266 79.655 78.7307 58.1933 50.921 38.3174 35.9049 1.02138 0.347104 0.221314 0.173426 0.0867051 0.0693612 0.0441383 0.954411 0.0377296 0.0316724 0.0272965 0.0178669 0.0110687 0.00640923 0.00313344 0.00208545 0.00128189
threshold=0.18333333333333332 0.11111111111111106 1.0000000180025095e-35 0.81666666666666676 0.93333333333333346 0.041000000000000009 0.59400000000000008 0.81666666666666676 1.9410000000000003 -0.09722222222222214 0.36666666666666675 0.14999999999999999 0.78888888888888908 0.34050000000000008 0.69900000000000007 0.69700000000000006 1.0000000180025095e-35 1.0000000180025095e-35 6.5000000000000009 -0.13333333333333333 0.075500000000000012 0.046500000000000007 0.041000000000000009 -0.13333333333333333 0.20350000000000004
decision_type=2 2 2 2 2 2 2 2 2 2 2 2 2 2 2 2 2 2 2 2 2 2 2 2 2
left_child=11 3 10 5 6 13 -4 -7 -5 -10 16 17 -6 -2 15 23 -3 20 -12 22 -1 -21 -16 -13 -22
right_child=1 2 4 8 12 7 -8 -9 9 -11 18 14 -14 -15 19 -17 -18 -19 -20 21 24 -23 -24 -25 -26
leaf_value=-0.052427303263474417 -0.057974470680905027 0.064583169756657677 0.0070980921307381836 -0.0019584896442069798 0.053878028757871781 -0.0035629171076787865 -0.040291327922511111 0.085069551234305041 -0.052494064800780643 -0.065259911087671013 0.052325948873713272 -0.052050311174011467 0.061913184199881892 -0.053552570518496545 -0.051745516762109416 -0.00057103696294159487 0.058502609881917182 -0.061775953368597841 0.054196405119940796 -0.052030445386063898 -0.056521646376638257 -0.054263498649253006 -0.052210779187200157 -0.053811999574216555 -0.05781089126553926
leaf_weight=1.5099494606256465 11.629516061395405 3.3056417405605307 3328.919783923775 0.97738771885633369 61.270849701017141 3910.8962337449193 43.20893282070756 11.459834054112433 77.58061251975596 5.7171715423464766 43.438652481883764 16.154408309608701 3.5519773885607711 37.350291900336742 56.771246716380119 0.94061405584216018 11.177197284996508 3.7751664519309989 35.401770286262035 4.2355793341994312 4.2602689489722252 13.313154019415377 99.811380088329315 1.8748619556427026 3.5219891741871834
leaf_count=35 110 20 17664 19 1001 20263 230 51 1950 35 1049 438 24 709 1745 18 98 29 523 114 43 194 2510 32 31
internal_value=-5.1836e-05 0.00136923 0.00863052 -0.00495148 0.00739292 -0.00393664 0.00649087 -0.00330396 -0.052774 -0.0533703 0.0542094 -0.0523394 0.0543183 -0.0546025 -0.0519621 -0.0496718 0.0598905 -0.057914 0.0531658 -0.0522116 -0.056345 -0.0537245 -0.0520421 -0.0522335 -0.0571051
internal_weight=7792.05 7585.89 3530.27 4055.61 3436.95 3971.34 3372.13 3922.36 84.2752 83.2978 93.3233 206.169 64.8228 48.9798 193.101 18.9699 14.4828 13.0674 78.8404 174.131 9.29221 17.5487 156.583 18.0293 7.78226
internal_count=48935 43746 20609 23137 18919 21133 17894 20314 2004 1985 1690 5189 1025 819 5051 488 118 138 1572 4563 109 308 4255 470 74
is_linear=0
shrinkage=0.05


Tree=53
num_leaves=31
num_cat=0
split_feature=22 22 6 17 17 17 19 22 7 2 17 17 7 21 1 6 41 7 23 5 17 22 43 59 26 44 29 22 17 6
split_gain=207.677 99.6564 76.2135 58.2898 45.6134 40.3556 38.143 35.6498 24.6389 19.7458 16.2733 13.6833 11.0699 9.58129 9.28834 15.3161 7.9996 7.09077 5.78695 5.63877 7.61122 3.63442 3.00801 2.23082 1.81222 0.864356 0.748863 0.733904 0.0736693 0.0164017
threshold=-0.29999999999999988 0.43055555555555564 0.044000000000000004 0.34700000000000003 0.03500000000000001 0.24050000000000002 1.7710000000000001 -0.43055555555555552 0.064500000000000016 7.5000000000000009 0.23900000000000002 0.075500000000000012 0.37250000000000005 -2.4999999999999996 6.5000000000000009 0.081500000000000017 0.56000000000000016 0.32050000000000006 0.12549999999999997 0.32050000000000006 0.15600000000000003 -0.54444444444444429 0.74850000000000005 18.500000000000004 0.26600000000000007 0.55550000000000022 3.3980000000000001 0.25833333333333336 0.070000000000000021 0.8620000000000001
decision_type=2 2 2 2 2 2 2 2 2 2 2 2 2 2 2 2 2 2 2 2 2 2 2 2 2 2 2 2 2 2
left_child=7 2 27 4 -4 11 -5 13 29 -10 14 25 -13 21 15 -9 -16 18 -12 22 -21 26 -15 -23 -19 -3 -1 28 -2 -7
right_child=1 5 3 6 -6 8 -8 10 9 -11 17 12 -14 19 16 -17 -18 24 -20 20 -22 23 -24 -25 -26 -27 -28 -29 -30 -31
leaf_value=-0.050444876111469909 -0.058414766035715451 0.051382713079540523 0.019829759961034494 -0.0064595074132759948 0.0019937968679426092 0.055521673890986334 -0.039715437726202965 -0.054407703042832878 -0.016805735670239658 0.01201253996953394 -0.027968001278973344 0.03115660544028781 -0.0033243996591969592 -0.0090242368106928563 -0.015347360428854746 0.02193660463693823 0.058668917265536191 -0.0552987574067264 0.0053185416393300442 0.10157751488163867 -0.0098799088336169079 -0.042850444481846751 -0.057431218539319033 -0.029859905836185779 -0.035297593682532671 0.0054324044723402659 -0.0095969949324416336 -0.076877513624486277 -0.053608542501707407 0.052850317646616664
leaf_weight=105.62885302305222 9.6630999241024238 83.066757880151272 387.54603492841125 1023.7008087523282 4776.0344020202756 19.824696708470587 94.151774644851685 7.8222277350723735 75.167708352208138 284.07908834889531 92.352960815653205 209.27762524783611 26.189798876643181 9.3997415155172366 236.69172700494528 41.022799100726843 3.7076969258487216 26.294612240046263 15.20734918117523 2.3913799040019503 4.2608109675347805 83.895624533295631 4.872959963977336 54.528166450560093 19.892900450155139 1.0361906252801407 1.1340733692049969 3.9052439779043189 45.583496581763029 8.0910965427756292
leaf_count=2967 103 1606 2122 5095 23191 235 591 162 411 2109 1095 2074 181 130 1922 277 27 366 170 19 57 1590 60 901 282 20 24 23 956 169
internal_value=-5.07355e-05 0.0025445 0.000559435 0.00109139 0.00333245 0.0203538 -0.00926051 -0.025843 0.0094988 0.00598269 -0.0171539 0.0335048 0.0273215 -0.0403078 -0.010167 0.00971054 -0.0142058 -0.0302982 -0.0232618 -0.00783142 0.0301876 -0.0430794 -0.0255513 -0.0377332 -0.0466843 0.0508166 -0.050011 -0.0559299 -0.0544492 0.0547474
internal_weight=7756.42 7047.32 6340.58 6281.43 5163.58 706.733 1117.85 709.104 387.163 359.247 442.992 319.57 235.467 266.112 289.244 48.845 240.399 153.748 107.56 20.9249 6.65219 245.187 14.2727 138.424 46.1875 84.1029 106.763 59.1518 55.2466 27.9158
internal_count=48935 38886 32081 30999 25313 6805 5686 10049 2924 2520 4301 3881 2255 5748 2388 439 1949 1913 1265 266 76 5482 190 2491 648 1626 2991 1082 1059 404
is_linear=0
shrinkage=0.05


Tree=54
num_leaves=26
num_cat=0
split_feature=8 22 18 18 8 17 24 17 8 19 30 22 8 18 40 40 21 22 17 22 1 1 1 22 8
split_gain=212.652 120.773 76.3669 70.7286 53.8297 43.8232 40.7219 29.3483 27.6553 8.40733 1.08688 0.298316 0.189443 0.152151 0.0472153 0.959681 0.0315806 0.0269666 0.0237291 0.0160988 0.00599128 0.0052139 0.00279174 0.0018738 0.00109482
threshold=0.18333333333333332 0.15000000000000002 0.81666666666666676 1.0000000180025095e-35 0.78888888888888908 0.55900000000000016 4.1465000000000014 0.57700000000000007 0.93333333333333346 0.82700000000000007 1.3405000000000002 -0.09722222222222214 0.36666666666666675 0.14999999999999999 0.69900000000000007 0.69700000000000006 1.0000000180025095e-35 1.0000000180025095e-35 0.060500000000000005 -0.13333333333333333 7.5000000000000009 3.5000000000000004 3.5000000000000004 -0.13333333333333333 0.12222222222222222
decision_type=2 2 2 2 2 2 2 2 2 2 2 2 2 2 2 2 2 2 2 2 2 2 2 2 2
left_child=13 2 5 12 7 6 -2 -5 -6 -7 -4 -12 16 17 15 23 -3 20 -14 22 -1 -21 -16 -15 -22
right_child=1 3 10 4 8 9 -8 -9 -10 -11 11 -13 18 14 19 -17 -18 -19 -20 21 24 -23 -24 -25 -26
leaf_value=-0.053512837029714044 -0.0025761504809241834 0.063677013438848171 0.0017233091979042253 0.0055028400554385532 0.018175066595634833 0.0015358484093409141 0.061712979250295064 -0.031122240378171264 0.054043986681393964 -0.050453647852537746 -0.052334871530547306 -0.064393177673332372 0.052187705310279969 -0.051893875818122603 -0.051579981722070893 0.00015616156437828538 0.058001627462168005 -0.061144706083439283 0.05403255957265371 -0.051802969318760397 -0.055820189643696852 -0.0539839165127525 -0.052041833379808125 -0.053613163361452158 -0.057144112693958443
leaf_weight=1.8839074745774249 4531.613803230226 3.1830771192908278 0.91155700385570426 2150.7511010169983 476.93880859389901 9.0104966945946199 24.76625119894743 56.124581784009933 60.561657730489969 56.766760863363743 72.031244479119778 5.5223684534430495 43.640285853296518 14.917483180761341 50.121050637215376 0.92830150574445625 10.659737370908259 3.6068036444485179 29.020977888256311 3.4657366238534477 2.3711937703192234 13.093722380697725 94.24249661155045 1.7731422856450088 4.5732927992939949
leaf_count=39 23132 20 18 11290 3476 64 121 275 1025 669 1951 35 1127 438 1692 18 98 29 445 104 27 204 2563 32 43
internal_value=-4.96709e-05 0.00127155 -0.00364202 0.00943044 0.00802729 -0.00281167 -0.00222671 0.0045714 0.0222165 -0.0433319 -0.0525555 -0.0531935 0.0539458 -0.0521543 -0.0517818 -0.0493245 0.0593067 -0.0575019 0.0529245 -0.0520509 -0.0560136 -0.0535275 -0.0518815 -0.0520765 -0.0566921
internal_weight=7722.48 7531.5 4700.62 2830.88 2744.38 4622.16 4556.38 2206.88 537.5 65.7773 78.4652 77.5536 86.5041 190.977 178.542 17.6189 13.8428 12.4352 72.6613 160.923 8.82839 16.5595 144.364 16.6906 6.94449
internal_count=48935 43746 25990 17756 16066 23986 23253 11565 4501 733 2004 1986 1690 5189 5051 488 118 138 1572 4563 109 308 4255 470 70
is_linear=0
shrinkage=0.05


Tree=55
num_leaves=30
num_cat=0
split_feature=22 18 6 17 7 22 19 18 17 1 21 18 5 17 22 18 3 7 14 41 29 22 22 17 21 17 17 17 22
split_gain=182.021 88.2698 75.6532 60.8612 71.4602 33.9034 19.9995 19.0656 11.9861 10.1209 9.47144 8.33148 5.17235 6.40166 3.74513 4.02695 3.22184 5.58258 3.14109 1.25251 0.770282 0.688443 0.161068 0.0627938 0.0265006 0.0202725 0.0108729 0.00296882 0.00247164
threshold=-0.29999999999999988 1.0000000180025095e-35 0.044000000000000004 0.075500000000000012 0.37250000000000005 -0.43055555555555552 2.6775000000000007 0.56944444444444453 0.22900000000000004 6.5000000000000009 -2.4999999999999996 0.78888888888888908 0.32050000000000006 0.15600000000000003 -0.54444444444444429 0.74166666666666681 1.3470000000000002 0.21950000000000003 1.4260000000000004 0.44100000000000006 3.3980000000000001 0.25833333333333336 0.36666666666666664 0.070000000000000021 1.0000000180025095e-35 0.060500000000000005 0.13150000000000003 0.26200000000000007 0.96666666666666667
decision_type=2 2 2 2 2 2 2 2 2 2 2 2 2 2 2 2 2 2 2 2 2 2 2 2 2 2 2 2 2
left_child=5 22 21 6 -5 10 -4 16 9 -9 14 -10 18 -14 20 -16 19 -18 -12 -7 -1 23 24 -3 -2 28 -26 -27 -24
right_child=1 2 3 4 -6 7 -8 8 11 -11 12 -13 13 -15 15 -17 17 -19 -20 -21 -22 -23 25 -25 26 27 -28 -29 -30
leaf_value=-0.050112323121195304 0.062862198713223155 -0.057968145260841521 0.019316494338335058 0.0029318828473540929 -0.012719911672231044 -0.018530656978787984 -0.093733475875099947 0.016598527087289285 -0.029911643642118492 -0.010101123514578427 -0.04897094181096736 0.0060810767880538812 0.092652521512679067 -0.0085836713159331245 -0.043821939435230141 -0.025949617531966847 0.04214341743654474 -0.056033659563987259 -0.0011482573181944645 -0.046757695724293558 -0.0079061506735474182 -0.073848849120309437 0.052545767611128683 -0.053410553107856529 0.055755405583264118 0.053530040902592002 0.059034870879378268 0.054738229494648939 0.051760085537006374
leaf_weight=96.797065675258636 3.0660837143659583 9.201288376003502 527.02471811324358 5493.1654950603843 840.88138607889414 4.2338362131267777 3.9414305984973899 43.075066667050123 105.82529889605939 201.6595794223249 6.6286779623478669 18.958366537466645 2.503223154693841 4.1511569917201996 79.399290351197124 52.263981221243739 2.9734887704253188 2.8222775310277939 7.1236088126897812 54.759976867586374 1.0932390391826619 4.8937605991959563 16.77343525364995 42.308279950171709 4.5882776565849763 21.001807454973463 5.6270775645971298 6.7087931409478179 24.824590228497982
leaf_count=2967 20 103 3112 28743 4232 91 21 278 1069 1453 93 268 19 57 1585 906 33 45 97 1064 24 29 371 956 53 356 45 89 756
internal_value=-4.82765e-05 0.0023564 0.00174324 0.00221707 0.000854017 -0.024662 0.0184773 -0.0162186 -0.011832 -0.00540179 -0.0393324 -0.0244433 -0.00668872 0.029499 -0.0422343 -0.0367275 -0.0412371 -0.0056644 -0.0241991 -0.0447319 -0.049641 -0.0559274 0.0537414 -0.0542247 0.0587855 0.0527748 0.0575619 0.0538225 0.0520769
internal_weight=7688.27 7004.01 6921.42 6865.01 6334.05 684.268 530.966 434.308 369.518 244.735 249.96 124.784 20.4067 6.65438 229.554 131.663 64.7896 5.79577 13.7523 58.9938 97.8903 56.4033 82.5901 51.5096 13.2814 69.3086 10.2154 27.7106 41.598
internal_count=48935 38886 37196 36108 32975 10049 3133 4301 3068 1731 5748 1337 266 76 5482 2491 1233 78 190 1155 2991 1088 1690 1059 118 1572 98 445 1127
is_linear=0
shrinkage=0.05


Tree=56
num_leaves=29
num_cat=0
split_feature=22 22 6 7 11 18 22 7 18 18 18 18 21 18 32 6 18 15 22 18 6 7 13 41 21 29 22 1
split_gain=167.707 84.5563 67.3295 46.7616 56.1147 35.516 33.0445 20.5101 18.2902 13.3053 9.30789 10.3592 9.22453 8.4746 4.94233 4.8531 6.79598 4.67222 3.86926 4.00183 3.13396 1.50887 1.24666 0.858058 0.924367 0.769819 0.558069 0.052391
threshold=-0.29999999999999988 0.51666666666666683 0.044000000000000004 0.21950000000000003 2.5000000000000004 0.74166666666666681 -0.43055555555555552 0.081500000000000017 0.56944444444444453 0.097222222222222224 0.81666666666666676 0.78888888888888908 -2.4999999999999996 0.18333333333333332 0.46700000000000003 0.46550000000000008 0.8500000000000002 -0.34699999999999992 -0.54444444444444429 0.74166666666666681 0.41900000000000004 0.27450000000000008 1.2830000000000001 0.41550000000000004 12.500000000000002 3.3980000000000001 0.25833333333333336 1.0000000180025095e-35
decision_type=2 2 2 2 2 2 2 2 2 2 2 2 2 2 2 2 2 2 2 2 2 2 2 2 2 2 2 2
left_child=6 2 26 4 -4 -5 12 23 20 14 11 -10 18 -11 -9 17 -17 -14 25 -20 21 -8 -12 -3 -25 -1 27 -2
right_child=1 7 3 5 -6 -7 8 9 10 13 22 -13 15 -15 -16 16 -18 -19 19 -21 -22 -23 -24 24 -26 -27 -28 -29
leaf_value=-0.049911853056322453 -0.058093648036395766 0.0027110386070733974 0.054358139032029289 -0.0031086207728666915 0.0051149501645631201 0.031946014747703602 -0.036150558257004799 0.018889946563619826 -0.014091920776000827 0.00029931175813984324 0.014161054519831184 0.0069867429606236238 0.010055807263099632 0.019226724522917113 0.040721941650692678 0.059256602916874374 -0.052975186710470704 -0.049328590359728419 -0.043274172189137913 -0.025205906005260598 0.010285574121023754 -0.052206613261122359 -0.052060118034889524 0.052845683224550077 0.037424435623939961 -0.0075639087224000437 -0.074319401281100914 -0.053360098894457843
leaf_weight=92.436769744381309 6.7801707051694384 0.97436520829796691 59.103525049984455 3631.093325316906 2733.7808220759034 73.722802814096212 34.069116670638323 39.684683904051781 276.78098226524889 90.14708599075675 0.74601765722036262 73.83762414753437 5.8219717405736455 171.93251055106521 74.754318375140429 4.876716185361146 1.8645533733069894 7.6834483705461034 76.458945963531733 51.144642196595669 2.8878007046878329 25.647756705060601 15.018920430913566 52.402654979377985 11.929431729018686 1.0857647322118271 3.6332647874951354 42.404695682227612
leaf_count=2967 68 17 520 18006 13931 427 645 422 2199 629 17 451 75 1582 824 38 39 114 1585 906 32 556 401 1256 190 24 23 991
internal_value=-4.76557e-05 0.00224267 0.000814705 0.00127174 0.00615704 -0.00241106 -0.0239374 0.0234138 -0.0156105 0.0189273 -0.0113428 -0.00965291 -0.0387368 0.0127163 0.0331511 -0.00643396 0.0282147 -0.0237289 -0.0416945 -0.0360323 -0.0405864 -0.0430465 -0.0489264 0.0492807 0.049986 -0.0494202 -0.0554095 -0.0540126
internal_weight=7662.7 6992.34 6550.52 6497.7 2792.88 3704.82 670.361 441.825 428.988 376.519 366.384 350.619 241.373 262.08 114.439 20.2467 6.74127 13.5054 221.126 127.604 62.6047 59.7169 15.7649 65.3065 64.3321 93.5225 52.8181 49.1849
internal_count=48935 38886 33966 32884 14451 18433 10049 4920 4301 3457 3068 2650 5748 2211 1246 266 77 189 5482 2491 1233 1201 418 1463 1446 2991 1082 1059
is_linear=0
shrinkage=0.05


Tree=57
num_leaves=30
num_cat=0
split_feature=22 18 7 22 22 24 6 7 6 18 18 28 22 18 16 11 30 30 31 40 22 20 2 16 2 11 6 22 27
split_gain=157.253 77.9117 64.701 59.6259 45.8532 29.5179 25.9482 23.9654 20.5635 17.3404 27.1151 10.6785 7.76601 8.73996 11.7943 5.83302 4.4909 1.08615 0.776103 0.393525 0.138715 0.0214513 0.0169843 0.014192 0.00941939 0.00361985 0.00289783 0.00132168 0.000457484
threshold=-0.18333333333333326 1.0000000180025095e-35 0.37250000000000005 -0.43055555555555552 0.25833333333333336 4.1465000000000014 0.11900000000000001 0.054500000000000007 0.044000000000000004 0.81666666666666676 0.78888888888888908 0.43150000000000005 -0.54444444444444429 0.74166666666666681 0.58450000000000013 10.500000000000002 1.6610000000000003 1.3815000000000002 0.88750000000000007 0.75350000000000017 0.36666666666666664 -1.0000000180025095e-35 6.5000000000000009 0.59650000000000014 11.500000000000002 26.500000000000004 0.28300000000000008 0.96666666666666667 0.24250000000000002
decision_type=2 2 2 2 2 2 2 2 2 2 2 2 2 2 2 2 2 2 2 2 2 2 2 2 2 2 2 2 2
left_child=3 20 4 12 5 -3 15 -6 23 10 -10 -8 18 16 -15 -4 -14 -11 19 -1 21 24 27 25 -2 -5 -24 -22 -25
right_child=1 2 6 8 7 -7 11 -9 9 17 -12 -13 13 14 -16 -17 -18 -19 -20 -21 22 -23 26 28 -26 -27 -28 -29 -30
leaf_value=-0.052117307262470415 0.05526546730699812 0.0011865601225764452 -0.055646388240469913 -0.052446672809397216 0.032485320904269817 0.049929819182190499 -0.0043267215141809907 0.0098950621598940525 -0.011339666655176628 0.0042788480225795693 0.012936773961486722 -0.017624925080772163 -0.042778885517321695 0.010591047442433167 -0.035058471671725586 -0.022239034197530438 0.044297088678746578 -0.052490240938629577 -0.0072343286671349557 -0.045048076615318927 0.052237892368522366 0.062153385857885927 0.054709625962827801 -0.056098372506058813 0.058431355418399125 -0.055429494245677217 0.053251829175374077 0.051585593608135749 -0.055096562281087273
leaf_weight=62.649878146126866 3.8513122946023923 3553.1468412429094 34.709971405565739 22.035333914682276 126.85652047209442 31.33351444453001 586.4105033390224 1575.5462099127471 1011.6156768016517 0.87282015755772846 129.77798976004124 203.29474705457687 81.129665039479733 24.401473172008991 33.677983101457357 20.954194117337465 1.5082609243690956 24.312592171132565 1.0786545537412155 28.707128677517176 11.862398002296684 2.8022317960858336 3.9320969432592419 2.4442777000367633 6.025027222931385 1.0663517899811257 25.621435765177011 22.48510542139411 2.1349377986043692
leaf_count=2070 48 15937 694 605 1392 165 2823 9858 7499 19 720 1001 1683 353 636 125 28 585 24 954 294 19 53 29 51 16 470 755 29
internal_value=-4.64506e-05 0.00339387 0.00276796 -0.0150109 0.00482167 0.00161265 -0.0100758 0.0115784 -0.0104956 -0.00948493 -0.0085794 -0.00775009 -0.038139 -0.0307431 -0.0158793 -0.0430705 -0.0411896 -0.0505229 -0.0493981 -0.0498959 0.0535149 0.0582923 0.052567 -0.0530884 0.0571968 -0.0525844 0.0534458 0.0518109 -0.0556313
internal_weight=7636.25 6208.83 6132.25 1427.41 5286.88 3584.48 845.369 1702.4 1194.26 1166.58 1141.39 789.705 233.153 140.717 58.0795 55.6642 82.6379 25.1854 92.4357 91.357 76.5796 12.6786 63.901 27.6809 9.87634 23.1017 29.5535 34.3475 4.57922
internal_count=48935 33685 31995 15250 27352 16102 4643 11250 9502 8823 8219 3824 5748 2700 989 819 1711 604 3048 3024 1690 118 1572 679 99 621 523 1049 58
is_linear=0
shrinkage=0.05


Tree=58
num_leaves=31
num_cat=0
split_feature=22 18 17 23 17 22 7 18 19 41 17 1 21 40 2 6 18 14 22 18 3 3 44 29 22 21 17 17 6 22
split_gain=143.988 77.6987 67.2173 59.171 42.2338 30.7307 23.3756 17.3996 16.5675 11.5124 11.0331 9.58515 9.01887 8.89735 5.63914 4.34445 6.09484 4.84393 4.07347 3.89159 3.16895 5.19496 1.30678 0.768115 0.118009 0.0189593 0.014568 0.00790048 0.00212053 0.00178429
threshold=-0.29999999999999988 1.0000000180025095e-35 0.55300000000000016 0.87050000000000016 0.16350000000000003 -0.43055555555555552 0.054500000000000007 0.56944444444444453 0.90250000000000019 0.47850000000000004 0.22900000000000004 6.5000000000000009 -2.4999999999999996 0.78500000000000014 6.5000000000000009 0.46550000000000008 0.8500000000000002 1.4260000000000004 -0.54444444444444429 0.74166666666666681 1.3470000000000002 1.3920000000000001 0.45550000000000007 3.3980000000000001 0.36666666666666664 1.0000000180025095e-35 0.060500000000000005 0.13150000000000003 0.29800000000000004 0.96666666666666667
decision_type=2 2 2 2 2 2 2 2 2 2 2 2 2 2 2 2 2 2 2 2 2 2 2 2 2 2 2 2 2 2
left_child=5 24 3 4 -3 12 -5 20 9 -4 11 -9 18 -12 -10 17 -17 -14 23 -20 22 -22 -7 -1 25 -2 29 -27 -28 -26
right_child=1 2 8 6 -6 7 -8 10 14 -11 13 -13 15 -15 -16 16 -18 -19 19 -21 21 -23 -24 -25 26 27 28 -29 -30 -31
leaf_value=-0.049511465667335851 0.061407790548447673 0.0082905077171060559 0.018738548081430866 0.039616569326407468 -0.0016603595694710824 -0.021461333563687582 0.01243388671409645 0.017107812119689873 -0.057061517138144648 -0.029582535823935791 -0.025734111024559997 -0.0089778766588312093 -0.055833496868551005 0.04241359750268732 -0.030589723753181641 0.05540640586631107 -0.052788688989357492 0.0055867131393527282 -0.042183401070194512 -0.023894189163325519 0.075925922539002558 -0.032907958050388125 -0.046141260280056828 -0.0069171193783961254 0.052220492355758458 0.055113269977135074 0.054402205131881411 0.058044008834021721 0.053163575711912929 0.051506102185838801
leaf_weight=84.285625010728836 2.8406893610954276 1382.4129652250558 20.040847010910511 90.848735470324755 4663.0270428098738 6.0387565344572058 611.02052132040262 42.828417491167784 51.974213091656566 32.021432725712657 115.02033089287579 198.1154280602932 5.8584469538182038 4.9976974651217452 32.82319600135088 5.0033363029360762 1.7593190055340526 7.1010045446455479 71.035533303394914 49.251685064285994 1.4950545914471138 4.1126672513782978 47.97246415168047 1.0718911830335844 14.750479228794573 4.1392336376011354 4.152786340564492 5.1738175302743912 20.577209729701281 21.451892398297787
leaf_count=2967 20 7301 123 932 24082 128 3707 278 666 185 1286 1453 92 51 200 38 39 97 1585 906 18 60 1027 24 371 53 59 45 386 756
internal_value=-4.52863e-05 0.00205131 0.00150687 0.00221052 0.000615109 -0.0226269 0.0159524 -0.0146437 -0.0331838 -0.0109818 -0.0105106 -0.00434108 -0.0375253 -0.0228964 -0.0468149 -0.0052267 0.0272592 -0.0221789 -0.0406228 -0.0346949 -0.0396675 -0.00389215 -0.0433819 -0.0489766 0.0533335 0.0578321 0.0524362 0.0567414 0.0533716 0.0517972
internal_weight=7603.2 6957.26 6884.17 6747.31 6045.44 645.948 701.869 420.581 136.86 52.0623 360.962 240.944 225.367 120.018 84.7974 19.7221 6.76266 12.9595 205.645 120.287 59.6189 5.60772 54.0112 85.3575 73.0861 12.1537 60.9324 9.31305 24.73 36.2024
internal_count=48935 38886 37196 36022 31383 10049 4639 4301 1174 308 3068 1731 5748 1337 866 266 77 189 5482 2491 1233 78 1155 2991 1690 118 1572 98 445 1127
is_linear=0
shrinkage=0.05


Tree=59
num_leaves=27
num_cat=0
split_feature=8 8 8 15 7 17 18 18 6 18 16 10 18 18 40 40 18 7 18 18 6 6 18 18 20 17
split_gain=177.014 92.5788 62.5672 51.902 48.357 43.6557 42.9109 33.635 28.1173 27.8712 25.0559 22.3803 0.140007 0.0734902 0.0557023 1.0197 0.0215209 0.0215046 0.0177807 0.0166717 0.00707031 0.00478402 0.00240826 0.00196277 0.000946736 0.000768707
threshold=0.18333333333333332 0.59166666666666679 0.93333333333333346 -0.040999999999999995 0.081500000000000017 0.44600000000000006 0.70000000000000007 0.81666666666666676 0.041000000000000009 1.0000000180025095e-35 0.054500000000000007 12.500000000000002 0.14999999999999999 0.63333333333333341 0.69900000000000007 0.69700000000000006 0.074999999999999969 0.051500000000000011 0.78888888888888908 0.29999999999999999 0.081500000000000017 0.046500000000000007 0.40833333333333338 0.29999999999999999 1.0000000180025095e-35 0.23650000000000002
decision_type=2 2 2 2 2 2 2 2 2 2 2 2 2 2 2 2 2 2 2 2 2 2 2 2 2 2
left_child=12 3 5 4 10 6 -3 8 -5 -6 -2 -7 16 17 15 23 -1 -4 -15 21 -18 -16 -21 -14 -9 -22
right_child=1 2 13 7 9 11 -8 24 -10 -11 -12 -13 14 18 19 -17 20 -19 -20 22 25 -23 -24 -25 -26 -27
leaf_value=-0.059946620508540244 0.064001434432214885 0.010637501050575043 0.05167395641749907 -0.053755515527611632 0.0553127157344704 -0.032187240801863935 -0.01425484604243599 -0.052446475739701549 -0.0071315112599082105 -0.00073272044292353278 0.017368994620506038 0.0094014207355830725 -0.053238031748634597 0.055683655616576982 -0.051477316274784218 0.0041315065239334453 -0.052175913459615475 0.0534533578095037 0.060412252188068144 -0.051997255076659844 -0.057024881793247009 -0.053410951224472564 -0.051421752929278419 -0.051564086198968587 -0.051455844701055402 -0.055827175628049668
leaf_weight=4.308928292244671 35.554858673363924 2287.2611338943243 34.349482065066695 32.834269419312477 22.399224143475294 102.42214170470834 187.30946974642575 2.5571281909942618 2133.6235816404223 2295.5243380684406 151.74055612832308 47.282078742980957 2.0519712213426802 5.1237853914499265 3.9130760971456793 0.86494754068553525 1.3145069647580383 33.577163152396679 3.2484387904405594 22.747084110975266 1.9935924485325811 17.523513592779636 90.502121903002262 11.945777911692856 42.443060915917158 4.0842803865671158
leaf_count=38 350 13145 1134 722 319 529 1115 60 12178 10948 755 249 41 61 142 18 36 581 24 653 19 316 3452 429 1576 45
internal_value=-4.42357e-05 0.00108247 0.00846481 -0.00314436 0.00178353 0.00716713 0.00875331 -0.00872684 -0.00783813 -0.000191126 0.0262214 -0.019052 -0.0518709 0.0530983 -0.0514588 -0.0485539 -0.057138 0.0525535 0.0575184 -0.0517794 -0.0555009 -0.053058 -0.0515373 -0.0518095 -0.0515121 -0.05622
internal_weight=7578.5 7417.25 2700.57 4716.68 2505.22 2624.27 2474.57 2211.46 2166.46 2317.92 187.295 149.704 161.25 76.2989 149.548 14.8627 11.7013 67.9266 8.37222 134.686 7.39238 21.4366 113.249 13.9977 45.0002 6.07787
internal_count=48935 43746 16838 26908 12372 15038 14260 14536 12900 11267 1105 778 5189 1800 5051 488 138 1715 85 4563 100 458 4105 470 1636 64
is_linear=0
shrinkage=0.05


Tree=60
num_leaves=28
num_cat=0
split_feature=8 8 8 19 7 17 18 17 16 17 18 15 1 18 18 22 7 22 7 18 22 6 6 6 6 6 17
split_gain=167.824 83.9835 60.2097 48.6457 53.251 39.5395 38.8918 36.3247 35.187 28.8532 23.7802 20.3228 4.69151 0.121015 0.0625652 0.0606911 1.00139 0.0196749 0.0183861 0.0149733 0.0082623 0.00580614 0.00531517 0.00282276 0.00163642 0.000976681 0.000739434
threshold=0.18333333333333332 0.59166666666666679 0.93333333333333346 1.7710000000000001 0.10900000000000001 0.44600000000000006 0.70000000000000007 0.23650000000000002 0.15900000000000003 0.31900000000000006 0.81666666666666676 -1.0000000180025095e-35 33.500000000000007 0.14999999999999999 0.63333333333333341 -0.066666666666666638 0.20950000000000002 1.0000000180025095e-35 0.051500000000000011 0.78888888888888908 -0.29999999999999988 0.10400000000000001 0.051500000000000011 0.046500000000000007 0.070000000000000021 0.042500000000000003 0.23650000000000002
decision_type=2 2 2 2 2 2 2 2 2 2 2 2 2 2 2 2 2 2 2 2 2 2 2 2 2 2 2
left_child=13 3 5 4 8 6 -3 -6 -2 10 -5 -7 -11 17 18 20 -17 21 -4 -16 25 24 -18 -22 -1 -15 -23
right_child=1 2 14 9 7 11 -8 -9 -10 12 -12 -13 -14 15 19 16 22 -19 -20 -21 23 26 -24 -25 -26 -27 -28
leaf_value=-0.051671943015573041 0.051213118169998822 0.010146710670525569 0.051589891836894532 -0.0082948450929493499 0.0031086887696601833 -0.0017735321943562279 -0.013601835509103755 -0.0072253716031199389 0.010291515408089348 -0.040700252356513422 -0.051403850801787887 -0.038928040087473838 -0.0039450990203498725 -0.051168884997309864 0.055381094822749367 0.0049756634979657884 -0.051443754626405575 -0.060013843955591221 0.053274821106096937 0.059812431441532171 -0.051305793235814148 -0.05689156132000122 -0.05456892915291487 -0.052493771375293499 -0.054650604569599671 -0.051488356047152642 -0.055741971446432441
leaf_weight=1.0554055869579295 62.040434403344989 2278.236221794039 32.726136211305857 715.51412685215473 1536.9257423672825 83.512922022491693 186.50787596590817 1903.5620302408934 342.72714233957231 101.37113457173109 33.487657843157649 65.804905980825424 9.4951497912406904 38.297286981716752 4.8998486660420877 0.82429838180541892 1.9729610253125427 3.2708229087293148 32.043917313218117 3.1202109083533287 6.127045050263404 2.1910274401307106 4.383002657443285 27.191013965755701 0.81883884593844403 63.743375536054373 3.8685511648654938
leaf_count=34 500 13145 1134 4357 7633 424 1115 10271 1730 1045 1297 354 75 1719 61 10 73 29 581 24 249 21 58 618 11 2324 43
internal_value=-4.29115e-05 0.00103247 0.00808509 -0.00299491 -0.000590768 0.0068361 0.00834965 -0.00260897 0.0165637 -0.013746 -0.0102222 -0.0181477 -0.0375524 -0.0517473 0.0529393 -0.051354 -0.0468745 -0.0567507 0.0524235 0.0571051 -0.0515917 -0.0554054 -0.0535988 -0.0522753 -0.0529733 -0.0513685 -0.0561576
internal_weight=7545.72 7391.98 2686.85 4705.12 3845.26 2614.06 2464.74 3440.49 404.768 859.868 749.002 149.318 110.866 153.744 72.7901 142.539 7.18026 11.2046 64.7701 8.02006 135.359 7.93382 6.35596 33.3181 1.87424 102.041 6.05958
internal_count=48935 43746 16838 26908 20134 15038 14260 17904 2230 6774 5654 778 1120 5189 1800 5051 141 138 1715 85 4910 109 131 867 45 4043 64
is_linear=0
shrinkage=0.05


Tree=61
num_leaves=27
num_cat=0
split_feature=8 18 18 8 6 8 18 7 0 36 32 22 18 8 22 7 22 21 12 22 6 6 6 6 6 17
split_gain=159.131 77.5872 69.3239 66.3758 43.5723 41.856 25.1844 16.8424 10.3882 5.58608 1.72657 0.246535 0.104694 0.0856445 0.0674709 0.983943 0.0167128 0.0138082 0.0117828 0.00707739 0.00492668 0.00453271 0.00241618 0.00139758 0.00083779 0.000624447
threshold=0.18333333333333332 0.074999999999999969 0.81666666666666676 0.59166666666666679 0.041000000000000009 0.93333333333333346 1.0000000180025095e-35 0.24050000000000002 9.5000000000000018 0.44950000000000007 0.30700000000000005 -0.09722222222222214 0.14999999999999999 0.36666666666666675 -0.066666666666666638 0.20950000000000002 1.0000000180025095e-35 1.0000000180025095e-35 6.5000000000000009 -0.29999999999999988 0.10400000000000001 0.051500000000000011 0.046500000000000007 0.070000000000000021 0.042500000000000003 0.23650000000000002
decision_type=2 2 2 2 2 2 2 2 2 2 2 2 2 2 2 2 2 2 2 2 2 2 2 2 2 2
left_child=12 6 3 4 -3 -5 13 9 -9 -8 -4 -12 16 17 19 -16 20 -2 -15 24 23 -17 -21 -1 -14 -22
right_child=1 2 10 5 -6 -7 7 8 -10 -11 11 -13 14 18 15 21 -18 -19 -20 22 25 -23 -24 -25 -26 -27
leaf_value=-0.051587791696358722 0.060189473292286688 -0.053996894427618396 0.034172214937124322 0.0059804042269052601 -0.0027888177975202702 0.05339277099323874 0.017895753061737477 0.017048226849813376 -0.01289096031259168 0.04007194341399066 -0.051998491366873172 -0.063304677385085259 -0.051110583786251232 0.051514903244349153 0.004707663381338969 -0.051371405308082707 -0.05945312993371768 0.056044107660957299 0.052983201954936936 -0.051240515282579994 -0.056512248057557529 -0.054327066140196903 -0.052366621493143334 -0.054405750667778786 -0.051413773326036784 -0.055432386555808622
leaf_weight=1.005529161542652 2.6314225047826758 41.933640861883759 0.57392222061753173 2476.7426213379949 4432.7806144468486 47.441033845767379 46.540775133296847 71.478999815881252 48.722652286291122 72.841915208846331 57.501173598691821 5.2628513202071181 36.470012415200472 28.756970077753067 0.82757658697664638 1.8793150279670952 3.1399013549089432 8.4910440742969495 26.032127261161804 5.8354630768299129 2.0978042781352997 4.1873328424990177 25.926108159124851 0.78232039883732785 60.720313087105751 3.6999110914766788
leaf_count=34 20 876 13 13451 23057 963 384 486 251 584 1956 35 1719 1049 10 73 29 98 523 249 21 58 618 11 2324 43
internal_value=-4.19582e-05 0.000984312 -8.28489e-05 0.000388408 -0.0032687 0.0068715 0.0256542 0.0181243 0.00491265 0.0314267 -0.0521571 -0.0529465 -0.0516296 0.0530246 -0.0512541 -0.0464349 -0.0563854 0.0570248 0.0522125 -0.0515118 -0.0551155 -0.0534115 -0.0521597 -0.0528209 -0.0513 -0.0558231
internal_weight=7514.3 7367.73 7062.24 6998.9 4474.71 2524.18 305.496 239.584 120.202 119.383 63.3379 62.764 146.572 65.9116 135.846 6.89422 10.7255 11.1225 54.7891 128.952 7.58556 6.06665 31.7616 1.78785 97.1903 5.79772
internal_count=48935 43746 40351 38347 23933 14414 3395 1705 737 968 2004 1991 5189 1690 5051 141 138 118 1572 4910 109 131 867 45 4043 64
is_linear=0
shrinkage=0.05


Tree=62
num_leaves=28
num_cat=0
split_feature=8 18 18 18 8 17 18 8 8 8 15 8 30 8 8 18 22 7 7 22 22 6 6 6 6 6 17
split_gain=150.908 72.4181 167.854 84.8037 73.5868 53.9879 44.5868 30.3447 24.4489 17.3017 14.9932 3.64271 1.76417 1.03822 0.312441 0.0907295 0.074367 1.09315 0.0175927 0.0142071 0.00606389 0.00418361 0.00393387 0.00206875 0.0011941 0.000718775 0.000527886
threshold=0.18333333333333332 0.70000000000000007 0.74166666666666681 0.81666666666666676 0.78888888888888908 0.55300000000000016 1.0000000180025095e-35 0.93333333333333346 0.81666666666666676 0.81666666666666676 -0.17299999999999996 0.63333333333333341 1.3110000000000002 0.78888888888888908 0.4555555555555556 0.14999999999999999 -0.066666666666666638 0.20750000000000002 0.054500000000000007 1.0000000180025095e-35 -0.29999999999999988 0.10400000000000001 0.051500000000000011 0.046500000000000007 0.070000000000000021 0.042500000000000003 0.23650000000000002
decision_type=2 2 2 2 2 2 2 2 2 2 2 2 2 2 2 2 2 2 2 2 2 2 2 2 2 2 2
left_child=15 4 11 8 5 6 -2 9 -4 -6 -7 14 -5 -13 -3 19 20 -18 -9 21 25 24 -19 -22 -1 -17 -23
right_child=1 2 3 12 7 10 -8 18 -10 -11 -12 13 -14 -15 -16 16 17 22 -20 -21 23 26 -24 -25 -26 -27 -28
leaf_value=-0.051508000442562721 0.05364113540978737 -0.054595295371685074 0.009899254505686704 0.036550019809586783 0.024898386110600204 -0.013632864857300704 0.0010312910158165067 0.0515231346964296 0.076866256115530399 0.0061513735919381026 -0.048603729844025646 -0.069295552508033473 -0.052799977737960302 -0.086372204930481714 -0.05997359105712801 -0.051055252195593176 0.010855120244935781 -0.051302770121065239 0.053193519309260653 -0.058927588964726829 -0.051178576513740873 -0.056156060720442061 -0.054114264941683143 -0.052246222947599355 -0.054174701403467231 -0.051343023737238105 -0.055141004365749459
leaf_weight=0.95793323032557764 40.538638668134809 52.703644517809153 264.15680884942412 0.5575922466814508 246.1768463999033 58.098534595221281 6142.2795405592769 31.250216210260987 14.370906732976435 246.11856193095446 64.871624704450369 26.530191780999303 59.897681590169668 13.394379958510397 55.375973965972662 34.727997180074453 0.74979914724826713 1.789990998804569 31.806786820292473 3.0127278082072735 5.5574125852435854 2.007829487323761 4.0803714096546173 24.717073120176792 0.74725968018174171 57.836530588567257 3.5375913940370083
leaf_count=34 821 784 1739 12 1868 310 31133 1163 80 1846 744 144 1992 57 445 1719 9 73 608 29 249 21 59 618 11 2324 43
internal_value=-4.07422e-05 0.000938055 -0.0176933 0.00170326 0.00226046 0.000723774 0.00137624 0.0197089 0.0133545 0.015526 -0.0320814 -0.0621185 -0.0519759 -0.0750246 -0.0573509 -0.0515165 -0.0511578 -0.0459957 0.0523657 -0.0560417 -0.051436 -0.0548425 -0.053257 -0.0520502 -0.0526766 -0.0512351 -0.0555085
internal_weight=7487.85 7348.13 486.987 338.983 6861.14 6305.79 6182.82 555.352 278.528 492.295 122.97 148.004 60.4553 39.9246 108.08 139.723 129.459 6.62016 63.057 10.2633 122.839 7.25061 5.87036 30.2745 1.70519 92.5645 5.54542
internal_count=48935 43746 5253 3823 38493 33008 31954 5485 1819 3714 1054 1430 2004 201 1229 5189 5051 141 1771 138 4910 109 132 867 45 4043 64
is_linear=0
shrinkage=0.05


Tree=63
num_leaves=27
num_cat=0
split_feature=8 18 18 8 6 8 18 7 0 30 30 22 18 22 14 8 22 21 2 22 6 6 6 6 6 17
split_gain=143.12 68.886 62.2106 57.9627 41.0266 38.2011 24.026 15.7095 9.38667 6.19336 1.69711 0.183477 0.0787677 0.081329 1.14407 0.0629471 0.0120853 0.0101323 0.00879026 0.00519672 0.00364396 0.00355516 0.00177175 0.00102065 0.000616765 0.000446691
threshold=0.18333333333333332 0.074999999999999969 0.81666666666666676 0.59166666666666679 0.041000000000000009 0.93333333333333346 1.0000000180025095e-35 0.24050000000000002 9.5000000000000018 1.429 1.3110000000000002 -0.09722222222222214 0.14999999999999999 -0.066666666666666638 0.95350000000000013 0.36666666666666675 1.0000000180025095e-35 1.0000000180025095e-35 6.5000000000000009 -0.29999999999999988 0.051500000000000011 0.10400000000000001 0.046500000000000007 0.070000000000000021 0.042500000000000003 0.23650000000000002
decision_type=2 2 2 2 2 2 2 2 2 2 2 2 2 2 2 2 2 2 2 2 2 2 2 2 2 2
left_child=12 6 3 4 -3 -5 15 9 -9 -8 -4 -12 16 19 -15 17 21 -2 -17 24 -16 23 -21 -1 -14 -23
right_child=1 2 10 5 -6 -7 7 8 -10 -11 11 -13 13 14 20 18 -18 -19 -20 22 -22 25 -24 -25 -26 -27
leaf_value=-0.051432330461576414 0.059124545604593584 -0.053806148126194601 0.033591651353217476 0.005590706593084715 -0.0026378370818573066 0.053043571064314211 0.013184545265948555 0.01624651780599316 -0.012248887519493781 0.038089444605182127 -0.051806206169632663 -0.061921699664920372 -0.051002732894357174 0.012940074947352671 -0.051243516234998815 0.051368026599762501 -0.058434613876643837 0.055428840678580019 0.052696974096057919 -0.051119798306340239 -0.054056791300694233 -0.055821350480936838 -0.052132190671228679 -0.053956588934152817 -0.05127590005139035 -0.054866596676606684
leaf_weight=0.91252105124294558 2.4350170865654928 39.524281017482281 0.57586884126067062 2465.5520014613867 4426.9581306092441 43.15459643304348 36.170117888599634 70.62450522556901 48.9180006980896 80.566126121208072 52.204539967700839 4.9038651436567298 33.067451056092978 0.73871512338518996 1.6155247427523134 26.096516167744994 2.8893588408827782 7.7806828729808331 23.782927844673395 5.2922993507236269 4.0033763125538826 1.921068377792835 23.56173712015152 0.71361611410975456 55.086011849343777 3.3814649470150471
leaf_count=34 20 876 12 13451 23057 963 271 486 251 697 1957 35 1719 13 69 1049 29 98 523 249 59 21 618 11 2324 43
internal_value=-4.06847e-05 0.000892732 -0.000102351 0.000325297 -0.00309063 0.00640699 0.0245058 0.0173262 0.00458591 0.0303728 -0.0518136 -0.0526748 -0.0514079 -0.0510648 -0.0455573 0.052734 -0.0557181 0.0563097 0.0520017 -0.0513641 -0.0532479 -0.0545853 -0.0519465 -0.0525401 -0.0511734 -0.0552125
internal_weight=7462.43 7329.25 7032.87 6975.19 4466.48 2508.71 296.374 236.279 119.543 116.736 57.6843 57.1084 133.183 123.365 6.35762 60.0951 9.81803 10.2157 49.8794 117.007 5.6189 6.92867 28.854 1.62614 88.1535 5.30253
internal_count=48935 43746 40351 38347 23933 14414 3395 1705 737 968 2004 1992 5189 5051 141 1690 138 118 1572 4910 128 109 867 45 4043 64
is_linear=0
shrinkage=0.05


Tree=64
num_leaves=27
num_cat=0
split_feature=8 15 17 18 18 8 8 24 18 18 8 22 22 17 17 22 8 22 21 11 22 6 21 6 6 6
split_gain=135.754 65.494 54.5235 53.1014 51.1413 36.8788 31.8828 24.2141 20.3298 21.6928 9.65606 5.0088 0.123606 0.0686166 1.21986 0.059386 0.0532188 0.0135312 0.00870146 0.00720133 0.004193 0.00314547 0.00236335 0.000931598 0.000766594 0.000473832
threshold=0.18333333333333332 -0.033499999999999995 0.42600000000000005 0.81666666666666676 1.0000000180025095e-35 0.78888888888888908 0.54444444444444462 3.8335000000000004 0.54444444444444462 0.51666666666666672 0.93333333333333346 -0.18333333333333326 -0.14999999999999997 0.41550000000000004 0.41900000000000004 -0.066666666666666638 0.36666666666666675 1.0000000180025095e-35 1.0000000180025095e-35 1.0000000180025095e-35 -0.29999999999999988 0.075500000000000012 3.5000000000000004 0.046500000000000007 0.13150000000000003 0.044000000000000004
decision_type=2 2 2 2 2 2 2 2 2 2 2 2 2 2 2 2 2 2 2 2 2 2 2 2 2 2
left_child=13 4 3 6 16 7 -3 -6 9 -4 -7 -10 -5 15 -15 20 18 21 -2 -18 25 -17 24 -22 -16 -1
right_child=1 2 8 12 5 10 -8 -9 11 -11 -12 -13 -14 14 22 17 19 -19 -20 -21 23 -23 -24 -25 -26 -27
leaf_value=-0.050951417410834546 0.058615335432169541 -0.0055239433359900378 -0.02743917947723537 -0.051458397191545595 0.0022867697435874127 0.019274174110047088 0.0047775191731657075 0.021126533294390428 -0.03388563234750739 0.01359260351415288 0.052301604854835572 -0.062453940568990986 -0.058643069620606107 0.015378724516432483 -0.0510495287998474 -0.051740218592657261 0.051294528252253363 -0.058143292115885627 0.055110892390924621 0.052536526114015616 -0.051081109638168448 -0.054424721099483708 -0.054085708619777254 -0.052010214076579325 -0.051959906147536761 -0.051212705081934512
leaf_weight=26.499687099829316 2.335871294140814 1950.7628344278783 144.18054459057748 45.286129152402282 3321.8656024653465 254.74645137786865 1221.3606107663363 179.7825206592679 25.640277169644833 41.478745168074965 24.23590393178165 38.202849786728621 6.898271992802619 0.72015272453427215 9.3694975618272966 1.2422339823096979 24.650597216561437 2.5920268520712844 7.3287560231983662 22.165638456121087 3.1113006230443743 8.9739602766931039 0.79525153897702772 20.309453509747982 3.0701024364680061 50.258834453299642
leaf_count=1449 20 11255 1093 1867 16623 2237 6261 1132 368 260 632 281 62 16 476 43 1043 27 97 515 151 125 14 560 103 2225
internal_value=-3.94534e-05 0.000850648 -0.0041231 -0.00238058 0.00535348 0.00464794 -0.00155758 0.00325405 -0.0266416 -0.0182721 0.0221434 -0.0509805 -0.0524081 -0.0513025 -0.0479948 -0.0517111 0.0525799 -0.0549169 0.0559579 0.0518826 -0.0513012 -0.0540983 -0.0514431 -0.0518868 -0.0512742 -0.0511225
internal_weight=7437.86 7310.92 3473.81 3224.31 3837.11 3780.63 3172.12 3501.65 249.502 185.659 278.982 63.8431 52.1844 126.943 13.955 112.987 56.4809 12.8082 9.66463 46.8162 100.179 10.2162 13.2349 23.4208 12.4396 76.7585
internal_count=48935 43746 21447 19445 22299 20624 17516 17755 2002 1353 2869 649 1929 5189 609 4580 1675 195 117 1558 4385 168 593 711 579 3674
is_linear=0
shrinkage=0.05


Tree=65
num_leaves=28
num_cat=0
split_feature=8 8 15 7 16 6 8 8 8 40 40 11 21 15 23 16 6 8 10 10 11 20 21 28 16 11 7
split_gain=128.778 62.4071 56.8938 44.2965 35.5103 34.0928 33.1132 19.411 0.577629 0.0689882 1.23651 0.0203675 0.017069 0.00828973 0.00470692 0.00367904 0.00288395 0.00254879 0.00238452 0.0013877 0.00130175 0.00120217 0.000978132 0.000813933 0.000461959 0.000236814 0.000117225
threshold=0.18333333333333332 0.93333333333333346 -0.033499999999999995 0.081500000000000017 0.054500000000000007 0.041000000000000009 0.36666666666666675 0.56944444444444453 0.63333333333333341 0.69900000000000007 0.69700000000000006 8.5000000000000018 1.0000000180025095e-35 0.28900000000000003 0.47649999999999998 0.40350000000000003 0.046500000000000007 0.12222222222222222 12.500000000000002 3.5000000000000004 3.5000000000000004 -5.4999999999999991 1.0000000180025095e-35 0.17050000000000004 0.11300000000000002 1.0000000180025095e-35 0.16350000000000003
decision_type=2 2 2 2 2 2 2 2 2 2 2 2 2 2 2 2 2 2 2 2 2 2 2 2 2 2 2
left_child=9 2 3 4 -2 8 -5 -7 -4 10 14 20 15 21 22 16 -11 24 -19 -15 25 -13 -1 -17 -14 -3 -22
right_child=1 11 5 6 -6 7 -8 -9 -10 12 -12 13 17 19 -16 23 -18 18 -20 -21 26 -23 -24 -25 -26 -27 -28
leaf_value=-0.05126628390302055 0.059898792466859335 0.051050976593629498 -0.053140834336334687 -0.0051387458063482001 0.015027595000797861 -0.0067375368394381715 0.005938177472896101 0.0010248136824400108 -0.074940335472835282 -0.051029324389095743 0.016002803890570037 0.052426820721213123 -0.053231700767699786 0.055052638413443628 -0.05642709735911166 -0.052889780967054517 -0.051983693359549825 -0.052201727941918567 -0.054159611218872944 0.05387937400741083 0.051922685905301004 0.053337125767656125 -0.052751567831206991 -0.05107114576270675 -0.05206420227768304 0.051416992619425318 0.052573698707665567
leaf_weight=9.4947975426912254 53.642669782042503 15.275561917573219 28.83523222617805 914.4505801293999 247.6453016307205 2108.623598895967 2573.2453974094242 1303.0951889529824 3.3967132400721303 10.902327796444295 0.71836072392761785 16.173111492767934 1.082317352294919 4.2496082670986635 0.49484763108193952 0.62224250286817451 28.896614463999867 1.9969613421708343 7.0288908574730158 6.1930660102516413 4.6942808162420979 4.6753358431160477 1.2549645639955986 54.593159776180983 3.9017599355429411 6.2181491944938889 0.8109346032142638
leaf_count=442 662 758 784 4662 1536 13588 14033 6655 26 560 18 388 22 60 10 29 985 55 130 111 138 92 29 2796 113 235 18
internal_value=-3.86196e-05 0.000810338 0.000395071 0.00462285 0.0230167 -0.00425627 0.00303388 -0.00377273 -0.0554381 -0.0512005 -0.0475962 0.0523388 -0.051596 0.0532069 -0.0516592 -0.0513558 -0.0517223 -0.0532253 -0.0537264 0.0543568 0.0513326 0.052631 -0.0514397 -0.0510916 -0.0523177 0.0511569 0.0520186
internal_weight=7412.21 7291.22 7232.93 3788.98 301.288 3443.95 3487.7 3411.72 32.2319 120.987 11.963 58.29 109.024 31.2911 11.2446 95.0143 39.7989 14.0099 9.02585 10.4427 26.9989 20.8484 10.7498 55.2154 4.98408 21.4937 5.50522
internal_count=48935 43746 41946 20893 2198 21053 18695 20243 810 5189 499 1800 4690 651 481 4370 1545 320 185 171 1149 480 471 2825 135 993 156
is_linear=0
shrinkage=0.05


Tree=66
num_leaves=25
num_cat=0
split_feature=8 8 6 15 7 22 8 40 40 22 8 22 22 7 22 6 22 22 6 6 7 22 6 22
split_gain=122.177 59.289 51.603 47.7423 40.1635 24.8639 0.48749 0.0719433 1.20886 0.036835 0.0299669 0.0283487 0.010157 0.00789191 0.0062099 0.00553178 0.0050744 0.00287954 0.00148875 0.00103647 0.000938843 0.000470422 0.000343612 0.000319973
threshold=0.18333333333333332 0.93333333333333346 0.041000000000000009 -0.048999999999999995 0.081500000000000017 -0.43055555555555552 0.63333333333333341 0.69900000000000007 0.69700000000000006 -0.066666666666666638 0.36666666666666675 0.36666666666666664 1.0000000180025095e-35 0.051500000000000011 0.24999999999999997 0.051500000000000011 -0.066666666666666638 -0.29999999999999988 0.93100000000000016 0.046500000000000007 0.24050000000000002 0.96666666666666667 0.044000000000000004 -0.29999999999999988
decision_type=2 2 2 2 2 2 2 2 2 2 2 2 2 2 2 2 2 2 2 2 2 2 2 2
left_child=7 2 6 4 -4 -5 10 8 16 17 -2 14 15 21 -3 -11 23 22 -16 -19 -15 -13 -9 -1
right_child=1 11 3 5 -6 -7 -8 9 -10 12 -12 13 -14 20 18 -17 -18 19 -20 -21 -22 -23 -24 -25
leaf_value=-0.051015697014476905 -0.052819752079708418 0.057286502378610119 0.022273284874071056 -0.027060979991918595 0.0030972683243809464 -0.002771762563757428 -0.073175913559159853 -0.05086023664352745 0.014986596990967683 -0.051131604134930023 -0.05624563308215335 0.051444459180256086 -0.057128953960547027 0.05229047212007526 0.05485909721760817 -0.05397283761398728 -0.054484607552678394 -0.050961066112349462 0.052839902061962311 -0.051819861860133036 0.053057028841943146 0.050998904648595356 -0.051091234021383602 -0.051720240726291403
leaf_weight=7.3299245778471205 30.001190137118101 2.5155555568635455 296.70094820298254 108.78932202607393 3426.602670924738 3343.8975795153528 3.4500398691743603 25.857386852614582 0.72844899445772249 2.1535346023738375 8.1083637401461583 9.975357424467802 2.1975358966737977 19.585572576150302 2.4225366003811359 8.3770998716354352 1.3170029316097469 4.3498574234545258 1.4648466631770136 18.268682917580009 5.0176490135490885 14.587115837261081 42.657168874517083 2.065674265846611
leaf_count=388 832 24 2190 2371 18310 18104 27 1558 18 101 112 374 24 484 31 128 25 237 30 555 97 760 2087 68
internal_value=-3.71407e-05 0.000772416 0.000376305 0.000698047 0.00462536 -0.00353708 -0.055178 -0.0511029 -0.0473399 -0.0515174 -0.0535487 0.0522214 -0.054037 0.0518139 0.0553508 -0.0533918 -0.051578 -0.0511655 0.0540982 -0.0516547 0.0524468 0.0511799 -0.0510041 -0.0511706
internal_weight=7388.42 7273.12 7217.55 7175.99 3723.3 3452.69 41.5596 115.302 11.4411 103.861 38.1096 55.5686 12.7282 49.1657 6.40294 10.5306 10.7126 91.1331 3.88738 22.6185 24.6032 24.5625 68.5146 9.3956
internal_count=48935 43746 41946 40975 20500 20475 971 5189 499 4690 944 1800 253 1715 85 229 481 4437 61 792 581 1134 3645 456
is_linear=0
shrinkage=0.05


Tree=67
num_leaves=27
num_cat=0
split_feature=8 18 18 18 7 17 18 8 8 4 7 6 8 30 8 8 17 17 22 22 22 6 21 6 6 6
split_gain=115.918 58.4459 164.087 72.8414 58.8047 59.6017 57.36 36.5965 27.2987 22.9164 15.8861 9.5892 3.09143 1.72634 0.844392 0.267822 0.075981 1.28298 0.0374949 0.00851243 0.00268418 0.00196097 0.00149089 0.000595377 0.000486623 0.000303305
threshold=0.18333333333333332 0.70000000000000007 0.74166666666666681 0.81666666666666676 0.37250000000000005 0.054500000000000007 0.12222222222222222 0.59166666666666679 0.25833333333333336 1.2405000000000002 0.15900000000000003 0.19600000000000004 0.63333333333333341 1.3110000000000002 0.78888888888888908 0.51666666666666672 0.41550000000000004 0.41900000000000004 -0.066666666666666638 1.0000000180025095e-35 -0.29999999999999988 0.075500000000000012 3.5000000000000004 0.046500000000000007 0.13150000000000003 0.044000000000000004
decision_type=2 2 2 2 2 2 2 2 2 2 2 2 2 2 2 2 2 2 2 2 2 2 2 2 2 2
left_child=16 4 12 9 6 11 10 -8 -7 -4 -2 -6 15 -5 -14 -3 18 -18 20 21 25 -20 24 -22 -19 -1
right_child=1 2 3 13 5 8 7 -9 -10 -11 -12 -13 14 -15 -16 -17 17 22 19 -21 23 -23 -24 -25 -26 -27
leaf_value=-0.050816499202722423 0.045324105522570435 -0.05516437541896179 0.026974758427681766 0.035648657474117183 -0.017991013647741482 -0.051977026286530351 -0.00039408561172328733 0.0080013073358928093 -0.010989653973447554 -0.001856520648255258 0.018551384507122914 0.04762430658633976 -0.068224565400683904 -0.052444095734839297 -0.08378953475681622 -0.060658540195587085 0.019484333228311591 -0.050900491886285398 -0.051491725367212429 -0.056914390486511118 -0.050927621514547099 -0.053769675580180532 -0.053486975639159287 -0.051726844956545892 -0.051680579047477353 -0.051041506516765769
leaf_weight=22.862473868764937 77.868980497121811 69.166305769234896 144.52053719572723 0.56226907670497794 6.2719084210693827 42.718540737405419 3548.6689551360905 2046.7456184439361 828.49489153176546 131.75722019188106 192.08933609724045 49.624301321804523 25.724650550633669 51.051599792204797 13.176511280238627 32.652568280696869 0.67937592417001624 8.0853025177493638 1.0744816157966832 2.2874459605664006 2.6856043459847596 7.8256730660796165 0.69249373115599233 17.608891882002354 2.6558268340304503 43.423517384566367
leaf_count=1449 1655 978 823 12 46 452 17536 12166 4638 996 1652 348 144 1992 57 251 16 476 43 27 151 125 14 560 103 2225
internal_value=-3.6258e-05 0.000735077 -0.0163436 0.00303907 0.00191333 -0.00978824 0.00376294 0.00267686 -0.0129994 0.0132251 0.0262739 0.0402619 -0.0615071 -0.0514844 -0.0734967 -0.0569263 -0.0510071 -0.0472718 -0.0514699 -0.0541939 -0.0511179 -0.0534947 -0.0512383 -0.0516211 -0.0510934 -0.0509639
internal_weight=7370.98 7261.09 468.612 327.892 6792.48 927.11 5865.37 5595.41 871.213 276.278 269.958 55.8962 140.72 51.6139 38.9012 101.819 109.881 12.113 97.7681 11.1876 86.5805 8.90015 11.4336 20.2945 10.7411 66.286
internal_count=48935 43746 5253 3823 38493 5484 33009 29702 5090 1819 3307 394 1430 2004 201 1229 5189 609 4580 195 4385 168 593 711 579 3674
is_linear=0
shrinkage=0.05


Tree=68
num_leaves=26
num_cat=0
split_feature=8 8 18 18 18 17 18 15 8 40 40 22 18 22 9 18 18 1 22 17 18 1 22 11 1
split_gain=109.987 55.3227 53.5625 152.926 67.1893 51.1015 39.1179 16.3854 2.56635 0.0787329 1.22308 0.0271024 0.0228461 0.0073334 0.00639883 0.00476376 0.00422087 0.00359973 0.00212867 0.00140804 0.000758924 0.000680262 0.000502632 0.00031818 0.000238182
threshold=0.18333333333333332 0.93333333333333346 0.70000000000000007 0.74166666666666681 0.81666666666666676 0.55300000000000016 1.0000000180025095e-35 -0.17299999999999996 0.63333333333333341 0.69900000000000007 0.69700000000000006 -0.066666666666666638 0.63333333333333341 1.0000000180025095e-35 2.9165000000000005 0.78888888888888908 0.14999999999999999 4.5000000000000009 -0.29999999999999988 0.14900000000000002 0.59166666666666679 3.5000000000000004 -0.29999999999999988 1.0000000180025095e-35 3.5000000000000004
decision_type=2 2 2 2 2 2 2 2 2 2 2 2 2 2 2 2 2 2 2 2 2 2 2 2 2
left_child=9 2 5 8 -5 6 -2 -7 -4 10 16 18 14 17 20 19 -1 -13 24 -14 -3 -20 -18 -16 -11
right_child=1 12 3 4 -6 7 -8 -9 -10 11 -12 13 15 -15 23 -17 22 -19 21 -21 -22 -23 -24 -25 -26
leaf_value=-0.055228967696359925 0.052968463897422893 0.052136192938134998 -0.056556474520814248 0.012093770935064689 -0.051331646250852847 -0.011626065127398468 0.0017651635343122378 -0.047759878085958662 -0.071904026286611661 -0.050778915351027659 0.016449648700712166 -0.051079434186849328 0.052521695592977341 -0.056375049967383385 0.050907184235738229 0.056724962068926035 -0.050917335828160971 -0.05353071501525225 -0.050861106611381268 0.054569626894448497 0.052964038840771124 -0.05162496256292981 -0.051761648454068256 0.051315939167857573 -0.050981838202306264
leaf_weight=0.6789385471492978 37.514112982898951 22.099284956231717 97.470157757401466 274.67619571834803 49.240944811142981 61.226180071011186 6565.129453882575 64.346900334581733 37.80188562348485 22.910613609477878 0.71229593083262521 1.8567028939723949 1.2941621579229825 2.0142466314136973 13.259240660816433 2.3667666651308537 6.64481617696583 7.7458060067147017 3.5168967153877047 2.3880745433270931 3.1649545431137076 17.022088513709605 2.3991636522114286 7.4279656503349534 39.207232271321118
leaf_count=11 915 593 1229 1790 2004 340 34703 764 201 1521 18 95 29 24 758 24 388 134 213 32 61 579 82 303 2124
internal_value=-3.65663e-05 0.000699319 0.000327538 -0.0161947 0.00245202 0.00145515 0.00205608 -0.030142 -0.0608454 -0.0509146 -0.0467936 -0.0513707 0.0520862 -0.0536321 0.051706 0.0549748 -0.0514267 -0.0530567 -0.0510529 0.0538499 0.0522399 -0.0514942 -0.0511413 0.051054 -0.050907
internal_weight=7344.12 7239.41 7187.41 459.189 323.917 6728.22 6602.64 125.573 135.272 104.709 10.4352 94.2736 52.0004 11.6168 45.9514 6.049 9.72292 9.60251 82.6568 3.68224 25.2642 20.539 9.04398 20.6872 62.1178
internal_count=48935 43746 41946 5224 3794 36722 35618 1104 1430 5189 499 4690 1800 253 1715 85 481 229 4437 61 654 792 470 1061 3645
is_linear=0
shrinkage=0.05


Tree=69
num_leaves=26
num_cat=0
split_feature=8 8 17 19 7 8 19 2 2 17 17 22 22 22 7 22 22 6 17 21 7 6 22 6 6
split_gain=104.365 52.5667 48.0069 69.6496 53.8893 41.9636 27.7499 25.9111 22.4891 0.0813927 1.2947 0.0274885 0.0195112 0.00620182 0.00576329 0.00404638 0.00199528 0.00143063 0.00119973 0.0010954 0.000693713 0.000442461 0.000383226 0.000359632 0.000225666
threshold=0.18333333333333332 0.93333333333333346 0.30200000000000005 1.651 0.064500000000000016 0.36666666666666675 2.6775000000000007 4.5000000000000009 9.5000000000000018 0.41550000000000004 0.41900000000000004 -0.066666666666666638 0.36666666666666664 1.0000000180025095e-35 0.051500000000000011 0.24999999999999997 -0.29999999999999988 0.075500000000000012 0.14900000000000002 3.5000000000000004 0.24050000000000002 0.046500000000000007 0.96666666666666667 0.13150000000000003 0.044000000000000004
decision_type=2 2 2 2 2 2 2 2 2 2 2 2 2 2 2 2 2 2 2 2 2 2 2 2 2
left_child=9 2 5 4 -4 7 -7 -2 -5 11 -11 16 15 17 22 -3 24 -13 -17 23 -16 -18 -14 -12 -1
right_child=1 12 3 8 -6 6 -8 -9 -10 10 19 13 14 -15 20 18 21 -19 -20 -21 -22 -23 -24 -25 -26
leaf_value=-0.050737608814419549 0.023054921483767574 0.056358657674212026 0.033018534247277458 -0.046059136722137684 -0.0043579743905682259 0.0057733602782657906 -0.070298857606403017 -0.0066124792135019263 -0.01816917202291974 0.020746668974999192 -0.050813379736750444 -0.051345732437505835 0.051289591348697254 -0.0561938519749191 0.052044716211954035 0.052392988060197959 -0.050837726711077572 -0.053388271916659007 0.05432825432680212 -0.053137755303033676 0.05273776415548978 -0.051561328234316521 0.050862142581373906 -0.051517417994249332 -0.050941460667343612
leaf_weight=20.717658706009388 78.280015895143151 2.2655999362468711 102.57834044843912 106.92035921290517 1610.8534560445696 3813.0294961016625 12.025883791968225 1230.5175962150097 223.09602633770555 0.66703430749475856 7.327656071633097 0.97443800047039797 8.9520005267113447 2.0961868502199641 17.630731604993347 1.2339929230511191 2.43391592986882 7.1307570151984692 2.281443864107132 0.63073792308569032 4.5406159143894902 16.002399384975433 12.657744653522968 2.4105718676000834 39.384546916931868
leaf_count=1449 585 24 689 990 8761 21447 224 7709 1541 16 476 43 374 27 484 29 151 125 32 14 97 560 760 103 2225
internal_value=-3.67713e-05 0.000664414 0.000310054 -0.00617153 -0.00212035 0.00288995 0.00553419 -0.00483805 -0.0272051 -0.0508243 -0.0467748 -0.0513279 0.0519808 -0.0537697 0.0516203 0.0547109 -0.0510108 -0.0531427 0.0536489 -0.0511184 0.0521867 -0.0514658 0.0510392 -0.0509877 -0.0508712
internal_weight=7326.64 7226.86 7177.3 2043.45 1713.43 5133.85 3825.06 1308.8 330.016 99.7759 11.036 88.7399 49.5621 10.2014 43.7811 5.78104 78.5385 8.1052 3.51544 10.369 22.1713 18.4363 21.6097 9.73823 60.1022
internal_count=48935 43746 41946 11981 9450 29965 21671 8294 2531 5189 609 4580 1800 195 1715 85 4385 168 61 593 581 711 1134 579 3674
is_linear=0
shrinkage=0.05


Tree=70
num_leaves=25
num_cat=0
split_feature=8 18 18 6 17 32 8 22 40 40 8 22 6 11 22 59 18 6 22 17 7 6 22 6
split_gain=99.0432 51.6606 49.8174 46.2774 43.2777 1.68316 0.377606 0.105195 0.0860852 1.2343 0.038574 0.0199804 0.00585838 0.00565499 0.00530161 0.00342545 0.00312988 0.00298695 0.00157617 0.000922231 0.00060908 0.000566164 0.000370955 0.000188167
threshold=0.18333333333333332 1.0000000180025095e-35 0.81666666666666676 0.041000000000000009 0.16350000000000003 0.30700000000000005 0.63333333333333341 -0.09722222222222214 0.69900000000000007 0.69700000000000006 0.36666666666666675 -0.066666666666666638 0.12250000000000001 1.0000000180025095e-35 1.0000000180025095e-35 12.500000000000002 0.14999999999999999 0.051500000000000011 -0.29999999999999988 0.26200000000000007 0.14050000000000004 0.046500000000000007 -0.29999999999999988 0.044000000000000004
decision_type=2 2 2 2 2 2 2 2 2 2 2 2 2 2 2 2 2 2 2 2 2 2 2 2
left_child=8 10 3 6 -5 -4 -3 -7 9 16 12 18 -2 20 17 -14 -1 -13 23 -15 -12 -20 -18 -10
right_child=1 2 5 4 -6 7 -8 -9 11 -11 13 14 15 19 -16 -17 22 -19 21 -21 -22 -23 -24 -25
leaf_value=-0.054714422186120985 0.058489244519477158 -0.053371574736503093 0.033861422632111046 0.008026474269116483 -0.0012328755643586167 -0.05147234559945877 -0.071329912926574118 -0.059753447636036849 -0.050702040872580317 0.017787557720095163 0.05087927982275451 -0.050924901335137808 0.053331052693729356 0.052053597968977988 -0.055707831321147649 0.055567108652927244 -0.050828648613366258 -0.05322327203431703 -0.050784025397138437 0.052880080578443969 0.051553613201884646 -0.051484044814795626 -0.051589891293731774 -0.050890629681381361
leaf_weight=0.62031182646751126 1.2435440197586993 34.112227987498045 0.57481167837977309 1643.411439076066 5436.7772340793163 41.934555074200034 3.2019124869257203 4.2209471836686125 21.233912007883191 0.69782480038702566 14.921131584793331 1.7726494306698422 2.6343429069966078 15.723566459491851 1.84376043640077 4.8957988992333412 6.022649904713032 6.9791391082108021 3.5731718344613936 4.2979103755205861 4.3175666742026797 15.072724623605607 2.1794907804578552 35.075148042291403
leaf_count=11 11 888 13 9443 29696 1956 25 35 1558 18 894 101 50 440 24 57 388 128 237 89 149 555 82 2087
internal_value=-3.60079e-05 0.000632321 0.000285822 0.000623662 0.00091635 -0.0511707 -0.0549126 -0.0522297 -0.0507368 -0.0462266 0.0523126 -0.0512387 0.0553099 0.0516428 -0.0532711 0.0547848 -0.0512899 -0.0527577 -0.0509515 0.052231 0.0510306 -0.0513499 -0.0510309 -0.0508195
internal_weight=7307.34 7212.27 7164.23 7117.5 7080.19 46.7303 37.3141 46.1555 95.0708 9.52028 48.0339 85.5505 8.77369 39.2602 10.5955 7.53014 8.82245 8.75179 74.955 20.0215 19.2387 18.6459 8.20214 56.3091
internal_count=48935 43746 42056 40052 39139 2004 913 1991 5189 499 1690 4690 118 1572 253 107 481 229 4437 529 1043 792 470 3645
is_linear=0
shrinkage=0.05


Tree=71
num_leaves=23
num_cat=0
split_feature=6 22 17 18 17 9 18 19 18 18 4 18 12 16 22 22 22 17 9 22 15 9
split_gain=72.605 53.5652 49.7585 31.4392 29.8271 26.8008 26.708 17.8797 16.8516 44.3045 18.6136 12.0656 1.97334 1.75341 0.382537 0.0213017 0.0103747 0.0176713 0.00471197 0.00251857 0.0009446 0.000484893
threshold=0.041000000000000009 -0.19999999999999993 0.075500000000000012 0.074999999999999969 0.56650000000000011 2.2890000000000001 0.81666666666666676 2.4645000000000006 0.78888888888888908 0.70000000000000007 1.2405000000000002 1.0000000180025095e-35 4.5000000000000009 0.31100000000000005 0.25833333333333336 1.0000000180025095e-35 -0.40833333333333327 0.070000000000000021 0.34050000000000008 -0.29999999999999988 -0.60349999999999981 0.55800000000000016
decision_type=2 2 2 2 2 2 2 2 2 2 2 2 2 2 2 2 2 2 2 2 2 2
left_child=14 6 5 11 -5 7 8 -3 9 -2 -10 -4 -7 -8 15 16 21 -18 -17 -15 -20 -1
right_child=1 2 3 4 -6 12 13 -9 10 -11 -12 -13 -14 19 -16 18 17 -19 20 -21 -22 -23
leaf_value=-0.05074619736365546 -0.0076958347386977353 0.014550095462650452 0.053183475594923119 0.00063434275547476064 -0.026802326938196931 0.055795885928227887 0.039701479282148663 -0.074871773398233962 0.024153211820192807 -0.047384549363529344 -0.0080947150367624687 0.014842548263566549 0.035171264623896997 -0.050953934496132586 -0.068502787911385615 -0.057138392214475531 -0.054294475828079627 -0.051549076812495535 -0.054493438472871629 -0.052064462066107542 -0.053031184147180166 -0.051534998615342845
leaf_weight=20.564294090494517 763.07091358862817 417.33022347278893 22.575909480452538 5337.1988257076591 100.93088720366359 40.643790978007019 0.53861956298351188 5.6658989340066901 76.742825836874545 77.453169483691454 107.3284383257851 225.24259623326361 16.228377206251025 33.629276492632926 3.7050766348838797 1.5261122062802304 7.7598394164815572 23.957774977199733 2.9201377592980857 6.0192994214594355 1.7762414254248144 2.1521770469844332
leaf_count=1532 6965 2659 506 27175 592 1208 14 28 498 1236 998 1681 181 1972 29 17 184 1123 44 169 37 87
internal_value=-3.53195e-05 0.000435298 0.00222368 0.000918804 0.000125122 0.0176851 -0.00992063 0.0133523 -0.00835233 -0.0113531 0.00535006 0.0183354 0.0499107 -0.0499052 -0.0529061 -0.0519534 -0.0516366 -0.0522207 -0.0547247 -0.0511225 -0.0539404 -0.0508209
internal_weight=7294.96 7230.6 6165.82 5685.95 5438.13 479.868 1064.78 422.996 1024.6 840.524 184.071 247.819 56.8722 40.1872 64.3617 60.6566 54.4341 31.7176 6.22249 39.6486 4.69638 22.7165
internal_count=48935 45882 34030 29954 27767 4076 11852 2687 9697 8201 1496 2187 1389 2155 3053 3024 2926 1307 98 2141 81 1619
is_linear=0
shrinkage=0.05


Tree=72
num_leaves=26
num_cat=0
split_feature=8 8 19 17 17 7 18 15 59 40 40 22 22 7 22 18 18 6 22 17 7 6 18 22 6
split_gain=91.9837 48.3998 45.3694 43.1666 39.799 37.0268 20.9688 15.8541 7.88853 0.0914323 1.21401 0.0177405 0.016407 0.00514258 0.00479886 0.00340667 0.00279009 0.00257584 0.00139531 0.00111527 0.000588689 0.000515224 0.000410103 0.000326722 0.000200231
threshold=0.18333333333333332 0.93333333333333346 1.9625000000000001 0.55300000000000016 0.31900000000000006 0.22450000000000003 0.81666666666666676 -0.17299999999999996 9.5000000000000018 0.69900000000000007 0.69700000000000006 -0.066666666666666638 0.36666666666666664 0.051500000000000011 1.0000000180025095e-35 0.78888888888888908 0.14999999999999999 0.051500000000000011 -0.29999999999999988 0.14900000000000002 0.24050000000000002 0.046500000000000007 1.0000000180025095e-35 -0.29999999999999988 0.044000000000000004
decision_type=2 2 2 2 2 2 2 2 2 2 2 2 2 2 2 2 2 2 2 2 2 2 2 2 2
left_child=9 2 3 5 6 -2 -4 -5 -6 10 16 18 15 22 17 19 -1 -13 24 -3 -15 -20 -14 -18 -11
right_child=1 12 4 7 8 -7 -8 -9 -10 11 -12 14 13 20 -16 -17 23 -19 21 -21 -22 -23 -24 -25 -26
leaf_value=-0.054540037725182081 0.0063560910121163222 0.052159941277060209 -0.0058845069290661342 -0.0097449137333572768 -0.058475695725445399 -0.0013344286003007021 -0.051875891129616138 -0.045787833199839235 -0.023330458390650288 -0.050634205353804779 0.017262237704006381 -0.050835810899917344 0.050736565858944122 0.05193619471144853 -0.055498184284747724 0.055999335563204737 -0.0507716060506802 -0.053065932737434908 -0.050707981098124813 0.054101817006626009 0.052591373882666839 -0.051406608355549166 0.051202667483331465 -0.05150858038831703 -0.050837235981847889
leaf_weight=0.58960816077887646 2859.6181093174964 1.119094263762235 603.9745267033577 60.653822867199779 48.579669143073261 3457.3852351848036 25.843821970745921 61.390276464633644 23.782724166288972 19.233586117625237 0.70225981436669904 1.6066593015566448 10.867433555424215 16.730875901877884 1.7748447395861138 2.1545047089457512 5.5797382751479736 6.6706045530736446 3.2356384042650488 2.1792598143219948 4.3121653813868752 14.31267264857888 8.3416221681982261 2.0587755059823403 32.942879543639719
leaf_count=11 16527 29 3509 340 572 18682 1292 781 243 1558 18 101 760 484 24 24 388 128 237 32 97 555 374 82 2087
internal_value=-3.44748e-05 0.000590119 0.000261861 0.00157793 -0.0118066 0.00214696 -0.00777171 -0.0278751 -0.0469248 -0.0506381 -0.0458403 -0.0511752 0.0518792 0.0515305 -0.0531389 0.054453 -0.051226 -0.0526331 -0.0508921 0.053443 0.0520705 -0.0512778 0.050939 -0.0509702 -0.0507624
internal_weight=7275.64 7186.93 7141.23 6439.05 702.181 6317 629.818 122.044 72.3624 88.7073 8.93038 79.7769 45.705 40.2521 10.0521 5.45286 8.22812 8.27726 69.7248 3.29835 21.043 17.5483 19.2091 7.63851 52.1765
internal_count=48935 43746 41946 36330 5616 35209 4801 1121 815 5189 499 4690 1800 1715 253 85 481 229 4437 61 581 792 1134 470 3645
is_linear=0
shrinkage=0.05


Tree=73
num_leaves=25
num_cat=0
split_feature=8 18 18 7 17 24 30 40 40 22 8 22 6 12 22 59 18 6 22 17 8 6 22 6
split_gain=87.3026 46.3334 43.7145 43.2013 46.5518 37.7499 1.78457 0.0951451 1.18427 0.0831556 0.0284633 0.0152043 0.00467815 0.00414441 0.00409432 0.00240906 0.00240296 0.00220411 0.00119778 0.000692176 0.000488299 0.000442106 0.000280672 0.000172014
threshold=0.18333333333333332 1.0000000180025095e-35 0.81666666666666676 0.37250000000000005 0.054500000000000007 3.1555000000000004 1.3110000000000002 0.69900000000000007 0.69700000000000006 -0.14999999999999997 0.36666666666666675 -0.066666666666666638 0.11650000000000001 5.5000000000000009 1.0000000180025095e-35 12.500000000000002 0.14999999999999999 0.051500000000000011 -0.29999999999999988 0.26200000000000007 0.93333333333333346 0.046500000000000007 -0.29999999999999988 0.044000000000000004
decision_type=2 2 2 2 2 2 2 2 2 2 2 2 2 2 2 2 2 2 2 2 2 2 2 2
left_child=7 10 3 5 -5 -3 -4 8 16 -8 12 18 -2 20 17 -14 -1 -13 23 -15 -12 -20 -18 -9
right_child=1 2 6 4 -6 -7 9 11 -10 -11 13 14 15 19 -16 -17 22 -19 21 -21 -22 -23 -24 -25
leaf_value=-0.054312434284592481 0.057847237162971611 0.00011045855759276418 0.039586643693681416 0.033223852741397324 -0.012263973604379115 0.0098773418771403877 -0.051107092613166344 -0.050602893381883757 0.016150502669381596 -0.05736219831980649 0.051260100431307964 -0.050794407128917654 0.053040636245330744 0.051842416155004949 -0.055205793394993298 0.054986975497235815 -0.050733462764474817 -0.052908295278966705 -0.050672984028652439 0.052590929031169624 0.05069923415516854 -0.051336261800858873 -0.051433386881774769 -0.050795774358795377
leaf_weight=0.56314355786889603 1.0774846524000148 4903.898325394839 0.53810612112283607 60.046686995774508 888.4443124094978 1239.3738088281825 34.75858389493078 18.306588281877339 0.71278974972665299 6.2720280345529309 6.2443809900432834 1.529515896923838 2.4412822388112545 14.867473316378893 1.6969999950379131 4.5583376921713352 5.311501018702983 6.3637029938399792 3.0799065427854684 3.8984346203505984 10.251857344992459 13.632820811122654 1.9611586462706334 31.361169056035578
leaf_count=11 10 26300 12 373 5396 7983 1925 1558 18 67 269 101 50 460 24 58 388 128 237 89 754 555 82 2087
internal_value=-3.40234e-05 0.000560948 0.000247799 0.000547469 -0.00938425 0.00208088 -0.0508769 -0.050554 -0.045553 -0.0520633 0.052103 -0.0511167 0.0547803 0.0514897 -0.0529777 0.0543081 -0.0511659 -0.0524987 -0.0508479 0.0519979 0.0509115 -0.051214 -0.0509222 -0.0507247
internal_weight=7261.19 7176.67 7133.33 7091.76 948.491 6143.27 41.5687 84.5193 8.54859 41.0306 43.3393 75.9707 8.0771 35.2621 9.59022 6.99962 7.8358 7.89322 66.3805 18.7659 16.4962 16.7127 7.27266 49.6678
internal_count=48935 43746 42056 40052 5769 34283 2004 5189 499 1992 1690 4690 118 1572 253 108 481 229 4437 549 1023 792 470 3645
is_linear=0
shrinkage=0.05


Tree=74
num_leaves=26
num_cat=0
split_feature=8 8 18 18 18 7 17 18 8 17 17 22 18 7 22 18 22 17 6 21 7 18 6 6 6
split_gain=82.8665 45.2988 42.1228 146.133 53.2677 42.1961 52.6021 37.507 2.13333 0.0983823 1.39178 0.0152752 0.0138379 0.00440411 0.00354732 0.00287696 0.00116204 0.000943824 0.000768335 0.000621149 0.000510146 0.000385776 0.000265108 0.000209423 0.0001558
threshold=0.18333333333333332 0.93333333333333346 0.70000000000000007 0.74166666666666681 0.81666666666666676 0.35500000000000004 0.075500000000000012 0.12222222222222222 0.63333333333333341 0.41550000000000004 0.41900000000000004 -0.066666666666666638 0.63333333333333341 0.051500000000000011 1.0000000180025095e-35 0.78888888888888908 -0.29999999999999988 0.14900000000000002 0.075500000000000012 3.5000000000000004 0.24050000000000002 1.0000000180025095e-35 0.046500000000000007 0.13150000000000003 0.044000000000000004
decision_type=2 2 2 2 2 2 2 2 2 2 2 2 2 2 2 2 2 2 2 2 2 2 2 2 2
left_child=9 2 5 8 -5 7 -7 -2 -4 11 -11 16 13 21 18 17 24 -14 -13 23 -15 -3 -18 -12 -1
right_child=1 12 3 4 -6 6 -8 -9 -10 10 19 14 15 20 -16 -17 22 -19 -20 -21 -22 -23 -24 -25 -26
leaf_value=-0.050572359364183167 0.022531178948093963 0.050665508185498136 -0.056127494988958186 0.011254856421708179 -0.050722642918903493 0.034801488926155463 -0.010718979652063882 0.0020997941191478299 -0.07049678222834603 0.027272961349861593 -0.050635432721051234 -0.051071492513387357 0.052034290602788628 0.051828652373163697 -0.055078406620856252 0.055656291195507163 -0.050649680983979123 0.053869018079941572 -0.052749829619833599 -0.052565584529582911 0.052454556609121177 0.051134772868252798 -0.051281273340220868 -0.051233252101071727 -0.050762773925600593
leaf_weight=16.18137370608747 234.42732571437955 9.8466125270351785 89.644777800887823 275.44038933329284 39.660444267094135 67.726025057956576 1008.5694552343339 5371.4800995774567 36.285455957986414 0.61163462139665981 5.7455417662858945 0.77071875240653565 1.0592209063470357 15.845116872340443 1.7615116816014049 2.0543780326843262 1.9010179694741953 2.0723582841455936 5.9184759352356195 0.52480648458003987 4.0973376166075459 7.8882495220750561 13.184556348249314 1.9663043264299629 31.960716858506203
leaf_count=1449 2402 760 1229 1790 2004 469 5854 27997 201 16 476 43 29 484 27 24 151 32 125 14 97 374 560 103 2225
internal_value=-3.29728e-05 0.000533814 0.000225441 -0.0147409 0.003454 0.00121323 -0.0078546 0.00295419 -0.0602679 -0.0504716 -0.0454974 -0.0510856 0.0517808 0.0514475 -0.0530821 0.0542023 -0.0508188 0.0532484 -0.0525565 -0.0509011 0.0519572 0.0508742 -0.0512017 -0.0507879 -0.0506988
internal_weight=7246.62 7166.1 7123.23 441.031 315.101 6682.2 1076.3 5605.91 125.93 80.5267 8.84829 71.6784 42.8633 37.6773 8.45071 5.18596 63.2277 3.13158 6.68919 8.23665 19.9425 17.7349 15.0856 7.71185 48.1421
internal_count=48935 43746 41946 5224 3794 36722 6323 30399 1430 5189 609 4580 1800 1715 195 85 4385 61 168 593 581 1134 711 579 3674
is_linear=0
shrinkage=0.05


Tree=75
num_leaves=24
num_cat=0
split_feature=6 22 17 7 18 18 20 7 22 4 24 15 1 27 39 5 22 22 22 17 7 15 7
split_gain=63.7133 44.4653 44.7659 41.7651 41.1893 24.4418 20.4043 11.5595 11.0103 10.5348 8.88577 21.3211 9.24449 1.14596 5.84115 1.46882 0.322131 0.0168557 0.0091047 0.0163685 0.00429107 0.000809034 0.00047258
threshold=0.041000000000000009 -0.36666666666666653 1.0000000180025095e-35 0.30900000000000005 0.29999999999999999 0.78888888888888908 1.0000000180025095e-35 0.23400000000000001 -0.54444444444444429 0.66100000000000014 1.3720000000000001 0.53450000000000009 43.500000000000007 0.19050000000000003 2.7210000000000005 -1.5109999999999999 0.25833333333333336 1.0000000180025095e-35 -0.40833333333333327 0.070000000000000021 0.39650000000000007 -0.60349999999999981 0.55900000000000016
decision_type=2 2 2 2 2 2 2 2 2 2 2 2 2 2 2 2 2 2 2 2 2 2 2
left_child=16 8 6 4 -4 -5 9 -8 13 -3 11 -10 -12 14 -2 -15 17 18 22 -20 -19 -22 -1
right_child=1 2 3 5 -6 -7 7 -9 10 -11 12 -13 -14 15 -16 -17 -18 20 19 -21 21 -23 -24
leaf_value=-0.050637384931679567 -0.04144401160399562 0.046519470725912858 0.0098131769193326862 -0.007284058190001887 -0.00042674591929047395 0.04315019665783483 -0.0045591411391821034 0.021979445267538675 0.18341039579039223 0.020995440095916126 -0.018982012146575574 -0.0024571797564754919 0.036584180190146774 0.025714724715912997 0.13171975836463043 -0.050635379957918107 -0.067589329459244049 -0.056783550347559601 -0.054184007161765226 -0.051433187116844192 -0.054169236504488016 -0.052756962779576692 -0.051459832651713715
leaf_weight=17.027626472525302 4.7665123427286735 51.212526796385646 1386.7040323847905 1679.5727745182812 3365.3018737565726 24.371304608881474 122.71064125560224 61.644725407473743 1.8513869214802969 191.95024083275348 235.07990369293839 9.2604199750348908 7.7313473140820852 0.64391337428242224 0.54241352528333653 28.996446873992682 3.4770164526998988 1.4502142295241345 7.2639050316065576 21.164188422262669 2.7129169628024097 1.6193912997841837 1.9462621742859472
leaf_count=1532 282 1012 9112 9059 17736 214 588 290 25 1897 3764 189 100 38 26 1550 29 17 184 1123 44 37 87
internal_value=-3.28402e-05 0.000384374 0.00119087 0.000153248 0.00256141 -0.0065627 0.0168599 0.00431483 -0.0188333 0.0263711 -0.0152118 0.028511 -0.0172127 -0.045145 -0.0237519 -0.0489767 -0.0528448 -0.0518808 -0.05157 -0.0521361 -0.0544294 -0.0536413 -0.0507217
internal_weight=7229 7172.34 6883.47 6455.95 4752.01 1703.94 427.518 184.355 288.872 243.163 253.923 11.1118 242.811 34.9493 5.30893 29.6404 56.6615 53.1845 47.402 28.4281 5.78252 4.33231 18.9739
internal_count=48935 45882 39908 36121 26848 9273 3787 878 5974 2909 4078 214 3864 1896 308 1588 3053 3024 2926 1307 98 81 1619
is_linear=0
shrinkage=0.05


Tree=76
num_leaves=31
num_cat=0
split_feature=22 17 19 18 9 17 19 2 22 18 9 19 17 40 3 40 1 23 40 27 20 20 21 22 22 18 16 22 2 2
split_gain=52.4527 42.3549 50.1244 36.878 27.0598 21.8064 20.487 19.0971 14.3806 13.8729 9.01175 9.64673 9.77594 7.15964 5.80267 6.5854 4.2168 2.83372 1.21858 2.63812 7.32337 1.80959 0.724363 0.556795 0.0219582 0.0195763 0.0193955 0.0150209 0.00317326 0.00314697
threshold=-0.36666666666666653 0.31900000000000006 1.651 1.0000000180025095e-35 2.5770000000000004 0.81650000000000011 2.6775000000000007 5.5000000000000009 -0.54444444444444429 0.18333333333333332 1.6890000000000003 2.0165000000000002 0.20950000000000002 0.68900000000000006 0.78050000000000008 0.70200000000000007 44.500000000000007 -0.33399999999999991 0.75350000000000017 0.19050000000000003 9.5000000000000018 13.500000000000002 5.5000000000000009 1.0000000180025095e-35 0.36666666666666664 0.8500000000000002 0.22450000000000003 -0.63333333333333319 11.500000000000002 5.5000000000000009
decision_type=2 2 2 2 2 2 2 2 2 2 2 2 2 2 2 2 2 2 2 2 2 2 2 2 2 2 2 2 2 2
left_child=8 3 5 24 6 9 -5 23 18 -3 14 12 -12 -9 15 -10 -16 -6 26 20 -20 -21 -7 -4 28 -13 -1 -28 -2 -26
right_child=1 2 7 4 17 22 -8 13 10 -11 11 25 -14 -15 16 -17 -18 -19 19 21 -22 -23 -24 -25 29 -27 27 -29 -30 -31
leaf_value=-0.063199719739168922 0.052761867475730653 0.009025682704090562 -0.057574132254775923 0.0026087890668432256 -0.035739847855824902 -0.058032443193646838 -0.071246139930757721 -0.07033546825097757 0.0341082763407307 -0.0039794669870414252 0.086032213910085475 -0.058971176641835168 -0.0024709792618144611 -0.019293107041272298 -0.023243657637861292 -0.011732141235715362 0.055407593131684377 0.049550419792988291 0.13932044828594412 -0.051624653021441626 -0.051309347204803235 0.0018625977004431825 -0.108672145456706 -0.074127867087492166 0.050811988599625074 -0.050841065408396252 -0.05057524748384206 -0.05278507550025377 0.055048831551234127 0.051819980576198688
leaf_weight=0.37063378375023859 2.1384900826960793 245.94644368533045 30.082488652318716 5084.9161837557331 1.0032364372164 15.337061984464526 9.4072213079780322 7.1122869839891782 9.307462349534033 1233.4282466610894 6.1098264809697849 2.0836020745337005 6.3766280962154269 201.84174373466522 182.97171443141997 49.515356553718448 1.7201858600601543 33.263784475624561 0.77950499672442619 10.236699988134204 1.4245042540132997 1.8702198667451728 0.74026170372963029 6.1118053160607806 14.613824080675842 1.1485667256638405 15.201881280168893 15.561755633912979 5.2174458615481853 16.469682824797928
leaf_count=4 48 1605 358 28190 16 478 103 53 167 6878 54 23 90 1294 3043 1181 23 555 35 694 104 130 3 35 1023 73 1401 680 68 526
internal_value=-3.19472e-05 0.000863568 -0.00588215 0.00313598 0.00277028 -0.00244678 0.00247241 -0.0268386 -0.020335 -0.00181736 -0.0157868 0.0209063 0.0408351 -0.0210305 -0.0181553 -0.00447887 -0.0225111 0.0470534 -0.0462791 -0.0342027 0.0161118 -0.0433622 -0.0603641 -0.0603694 0.0519274 -0.0560821 -0.0518301 -0.0516931 0.054384 0.0513461
internal_weight=7212.31 6907.63 1740.6 5167.03 5128.59 1495.45 5094.32 245.148 304.679 1479.37 259.233 15.7186 12.4865 208.954 243.515 58.8228 184.692 34.267 45.4452 14.3109 2.20401 12.1069 16.0773 36.1943 38.4394 3.23217 31.1343 30.7636 7.35594 31.0835
internal_count=48935 41233 10704 30529 28864 8964 28293 1740 7702 8483 4654 240 144 1347 4414 1348 3066 571 3048 963 139 824 481 393 1665 96 2085 2081 116 1549
is_linear=0
shrinkage=0.05


Tree=77
num_leaves=29
num_cat=0
split_feature=22 23 7 15 19 7 2 22 7 7 14 7 21 3 3 5 15 16 32 16 11 5 40 44 21 27 16 22
split_gain=48.2152 37.0816 30.9897 27.594 20.5689 26.5835 21.7318 14.0912 12.3039 11.7854 15.678 8.73295 9.30648 8.72588 8.50457 7.88485 7.0793 7.01109 6.31781 5.0506 2.55315 1.30951 1.24103 3.92488 6.7761 1.33669 0.0164874 0.0129471
threshold=-0.36666666666666653 0.87050000000000016 0.5355000000000002 -0.75449999999999984 1.9425000000000001 0.22900000000000004 2.5000000000000004 -0.54444444444444429 0.054500000000000007 0.11900000000000001 0.91100000000000014 0.36550000000000005 -2.4999999999999996 0.78050000000000008 2.0850000000000004 0.32050000000000006 -1.3964999999999999 0.56900000000000006 0.62650000000000017 0.14050000000000004 48.500000000000007 -0.9534999999999999 0.75350000000000017 0.46500000000000008 -14.499999999999998 0.19050000000000003 0.22450000000000003 -0.63333333333333319
decision_type=2 2 2 2 2 2 2 2 2 2 2 2 2 2 2 2 2 2 2 2 2 2 2 2 2 2 2 2
left_child=7 2 4 8 5 -2 -6 22 19 18 -11 12 13 -9 17 -14 -10 -4 -5 -3 21 -13 26 24 -24 -25 -1 -28
right_child=1 3 14 9 6 -7 -8 11 16 10 -12 20 15 -15 -16 -17 -18 -19 -20 -21 -22 -23 23 25 -26 -27 27 -29
leaf_value=-0.062424215922281916 0.0048606277501842456 0.055810741407360823 -0.032858366320177898 0.026080464360763181 -0.065700322299430056 -0.0021370667308095188 -0.0070646253981392453 0.0019512662760440295 0.037157209615636198 -0.03031408527301024 0.0030803559722607701 -0.010465612528879592 -0.0076022099143034181 -0.022192379194349129 0.060259765846056391 0.043207612900536901 0.014842623583877685 0.011678418780074607 -0.018497043881845206 0.020519334148653687 0.0092624829756727187 -0.049324186732676759 0.24570891707242484 -0.002994061041938115 -0.051466127886700921 -0.047015913340086063 -0.050546929061181661 -0.05264889194237328
leaf_weight=0.3568261750042464 2485.3228532625362 35.810815254226327 98.161820508539677 67.065673294477165 16.231506319716573 2989.9698983011767 597.10274412389845 50.358547911047935 42.853535378351808 40.151825426146388 281.94344084803015 2.3860350567847552 18.587309112772349 145.69577373098582 2.7457840936258426 12.95892817340791 208.34435231424868 9.7108275908976776 9.0169571135193092 14.141079108230768 2.2921123504638663 23.734521447680891 0.33391416631639004 2.0437656762078396 0.45077089499682088 11.03439183719456 14.468373645097019 14.840122874826191
leaf_count=4 14000 1220 1056 626 173 16496 3483 1058 410 217 1684 140 259 2465 31 135 1535 61 74 167 36 561 15 131 32 785 1401 680
internal_value=-3.13373e-05 0.000821372 -0.000409861 0.0117357 6.66393e-05 0.0010393 -0.00861638 -0.0196696 0.0231562 0.00309821 -0.00108254 -0.015198 -0.0119352 -0.0159908 -0.0266372 0.01327 0.0186494 -0.0288491 0.0207973 0.04582 -0.0413346 -0.0457746 -0.0459699 -0.0336197 0.0749935 -0.0401365 -0.0517413 -0.0516112
internal_weight=7198.11 6898.57 6199.25 699.328 6088.63 5475.29 613.334 299.541 301.15 398.178 322.095 256.013 227.601 196.054 110.618 31.5462 251.198 107.873 76.0826 49.9519 28.4127 26.1206 43.5282 13.8628 0.784685 13.0782 29.6653 29.3085
internal_count=48935 41233 35300 5933 34152 30496 3656 7702 3332 2601 1901 4654 3917 3523 1148 394 1945 1117 700 1387 737 701 3048 963 47 916 2085 2081
is_linear=0
shrinkage=0.05


Tree=78
num_leaves=25
num_cat=0
split_feature=8 8 18 6 18 30 8 40 40 22 22 18 7 22 18 18 6 22 6 7 6 18 22 6
split_gain=74.1016 40.9549 37.253 35.7551 30.5853 1.90899 0.183333 0.109464 1.21564 0.0620415 0.0117833 0.0115693 0.00387904 0.00299077 0.00249367 0.00184626 0.0016644 0.00106654 0.000775515 0.00045882 0.00035568 0.000333988 0.000233165 0.000138336
threshold=0.18333333333333332 0.93333333333333346 0.81666666666666676 0.041000000000000009 1.0000000180025095e-35 1.3110000000000002 0.63333333333333341 0.69900000000000007 0.69700000000000006 -0.14999999999999997 -0.066666666666666638 0.63333333333333341 0.051500000000000011 1.0000000180025095e-35 0.78888888888888908 0.14999999999999999 0.051500000000000011 -0.29999999999999988 0.84400000000000008 0.24050000000000002 0.046500000000000007 1.0000000180025095e-35 -0.29999999999999988 0.044000000000000004
decision_type=2 2 2 2 2 2 2 2 2 2 2 2 2 2 2 2 2 2 2 2 2 2 2 2
left_child=7 2 3 6 -5 -4 -2 8 15 -7 17 12 21 16 18 -1 -12 23 -13 -14 -19 -3 -17 -9
right_child=1 11 5 4 -6 9 -8 10 -10 -11 13 14 19 -15 -16 22 -18 20 -20 -21 -22 -23 -24 -25
leaf_value=-0.053941483494909494 -0.052766464729382984 0.050549290896892002 0.04643999878760724 0.052251233637177499 0.00048211684204062472 -0.05098243122600872 -0.066484859836361473 -0.050487239219380337 0.018975460385977423 -0.056646787568224305 -0.050687634637807857 0.053736248130870835 0.051714938205108973 -0.054706543807034949 0.055353461317927635 -0.050621300324188982 -0.052648981913654275 -0.050572634843624023 0.052081576313621675 0.05232483830050786 -0.051213311059787638 0.051019029203088033 -0.051299910965931519 -0.050678103633206066
leaf_weight=0.51131179742514987 27.349125999026004 8.1614028839394432 0.50041603483259578 28.647763550281525 6978.2363467793912 29.720170732587576 2.6734929829835883 14.799291727133093 0.68278533034026612 5.7732028365135184 1.3277187356725315 1.6873437277972689 14.8748198999092 1.5519210919737814 1.9485089555382726 4.4237545132637015 5.836494630202651 2.6242718668654552 1.2201915960758924 3.8900904562324277 12.41387077141553 7.0552675426006308 1.7731527602300055 26.479622881859541
leaf_count=11 888 760 12 915 38114 1925 25 1558 18 67 101 27 484 24 24 388 128 237 34 97 555 374 82 2087
internal_value=-3.03261e-05 0.000482122 0.000200956 0.000460478 0.000693776 -0.0505365 -0.0539881 -0.0503505 -0.0445844 -0.0519038 -0.0510058 0.0516865 0.0513603 -0.0527166 0.0539694 -0.0510537 -0.0522855 -0.050741 0.0530418 0.0518414 -0.0511015 0.0507671 -0.0508155 -0.0506097
internal_weight=7184.16 7111.74 7072.9 7036.91 7006.88 35.9938 30.0226 72.4242 7.391 35.4934 65.0332 38.8376 33.9816 8.71613 4.85604 6.70822 7.16421 56.3171 2.90754 18.7649 15.0381 15.2167 6.19691 41.2789
internal_count=48935 43746 41946 39942 39029 2004 913 5189 499 1992 4690 1800 1715 253 85 481 229 4437 61 581 792 1134 470 3645
is_linear=0
shrinkage=0.05


Tree=79
num_leaves=25
num_cat=0
split_feature=8 8 18 17 19 8 30 17 17 22 22 18 7 22 18 22 17 21 7 9 18 1 1 22
split_gain=70.3422 38.917 35.3059 35.7359 52.1403 31.9098 1.81892 0.112081 1.39612 0.053269 0.0117002 0.00989843 0.00332702 0.00264258 0.00212432 0.00104104 0.00072442 0.000483647 0.000393049 0.000362012 0.000286903 0.000185301 0.000162267 0.000143489
threshold=0.18333333333333332 0.93333333333333346 0.81666666666666676 0.30200000000000005 1.651 0.36666666666666675 1.3110000000000002 0.41550000000000004 0.41900000000000004 -0.14999999999999997 -0.066666666666666638 0.63333333333333341 0.051500000000000011 1.0000000180025095e-35 0.78888888888888908 -0.29999999999999988 0.14900000000000002 3.5000000000000004 0.24050000000000002 0.46550000000000008 1.0000000180025095e-35 3.5000000000000004 3.5000000000000004 -0.54444444444444429
decision_type=2 2 2 2 2 2 2 2 2 2 2 2 2 2 2 2 2 2 2 2 2 2 2 2
left_child=7 2 3 5 -5 -2 -4 10 -9 -8 15 12 20 19 16 23 -13 22 -14 -12 -3 -17 -10 -1
right_child=1 11 6 4 -6 -7 9 8 17 -11 13 14 18 -15 -16 21 -18 -19 -20 -21 -22 -23 -24 -25
leaf_value=-0.050485979852554347 -0.0041359583170117583 0.050522216027904 0.042321632801100954 -0.0017551045573493574 -0.024043618234178752 0.0050106864882016339 -0.05093413949726236 0.028731707516892132 -0.050507781520273298 -0.056301851745114186 -0.051223018785805201 0.051724127854000823 0.051628740113820515 -0.054605046596114752 0.055068515383857736 -0.050550667057779344 0.053447703028886621 -0.052343293013664333 0.052206924503177925 -0.052460956532141417 0.050968437606344341 -0.051157135318841675 -0.051030168877125984 -0.050676036218923616
leaf_weight=18.271002955734726 1278.3929216619581 7.7674219477921707 0.52109256200492282 1692.7344396151602 310.52786559797823 3752.531298016198 28.296828812919557 0.59886006079614063 4.2605440868064761 5.5244334973394862 0.66267902404069801 0.90476296842098181 14.172393512912096 1.6081696264445779 1.8628269173204897 1.403779039159416 1.8689396120607851 0.47445438615977753 3.7085150256752959 5.4266782989725471 6.7176715591922402 12.255643741227685 2.2832140885293484 21.756750224158171
leaf_count=1962 7527 760 12 9398 2328 20689 1925 16 435 67 39 29 484 27 24 131 32 14 97 129 374 580 144 1712
internal_value=-2.9451e-05 0.000458429 0.000190702 0.000437611 -0.00521007 0.00268646 -0.0503826 -0.0502694 -0.0445488 -0.0518109 -0.0509793 0.0516019 0.0512924 -0.0528023 0.0537626 -0.0507179 0.0528855 -0.0508018 0.0517487 -0.0523262 0.0507292 -0.0510948 -0.0506901 -0.0505893
internal_weight=7174.53 7105.53 7068.53 7034.19 2003.26 5030.92 34.3424 69.0018 7.61707 33.8213 61.3847 37.0025 32.366 7.69753 4.63653 53.6872 2.7737 7.01821 17.8809 6.08936 14.4851 13.6594 6.54376 40.0278
internal_count=48935 43746 41946 39942 11726 28216 2004 5189 609 1992 4580 1800 1715 195 85 4385 61 593 581 168 1134 711 579 3674
is_linear=0
shrinkage=0.05


Tree=80
num_leaves=25
num_cat=0
split_feature=8 8 18 17 18 22 16 40 40 22 22 18 7 22 18 18 9 22 17 7 18 9 22 22
split_gain=66.7771 36.9825 33.4626 33.0138 45.5734 31.3935 1.87389 0.11911 1.21656 0.0455767 0.00872715 0.00847109 0.00285406 0.00216695 0.00181086 0.00136948 0.000853124 0.000792847 0.000618927 0.000336787 0.000246484 0.000208275 0.000172653 9.93931e-05
threshold=0.18333333333333332 0.93333333333333346 0.81666666666666676 0.23650000000000002 0.70000000000000007 0.40833333333333338 0.31100000000000005 0.69900000000000007 0.69700000000000006 -0.14999999999999997 -0.066666666666666638 0.63333333333333341 0.051500000000000011 1.0000000180025095e-35 0.78888888888888908 0.14999999999999999 0.55800000000000016 -0.29999999999999988 0.14900000000000002 0.24050000000000002 1.0000000180025095e-35 0.50850000000000006 -0.29999999999999988 -0.54444444444444429
decision_type=2 2 2 2 2 2 2 2 2 2 2 2 2 2 2 2 2 2 2 2 2 2 2 2
left_child=7 2 3 5 -5 -2 -4 8 15 -8 17 12 20 16 18 -1 -12 23 -13 -14 -3 -19 -17 -9
right_child=1 11 6 4 -6 -7 9 10 -10 -11 13 14 19 -15 -16 22 -18 21 -20 -21 -22 -23 -24 -25
leaf_value=-0.053557648428122565 0.0026927964318173444 0.050496486887777095 0.04511034166683809 -0.0018820743212746805 -0.032701267874990191 0.022701214796223005 -0.050898274046583813 -0.050458890430271131 0.019939102884860185 -0.0559761131883467 -0.051123818683237843 0.051637413474641451 0.051546997079891556 -0.054225088248339971 0.054799945948107144 -0.050561563443289471 -0.052413931947046424 -0.050630824852790746 0.053269118301010679 0.052095210163340316 0.050920400414622286 -0.051100927449643466 -0.051174617508762454 -0.050623201015967567
leaf_weight=0.46611891500651736 3245.2269292101264 7.392270006239416 0.50739783141761918 3447.5688859121874 124.27623961307108 208.64861172344536 26.973611040040851 16.360646080225703 0.67201333865523327 5.284809883683919 1.7519892705604423 0.86204593256115858 13.502036575227978 1.4163068206980822 1.7804403193295 4.0073710065335026 4.7710968889296055 3.0281334789469829 1.783599719405174 3.5350223779678336 6.3959230491891503 10.616235614754258 1.6098184529691941 21.039784523658458
leaf_count=11 17030 760 17 18884 1429 2599 1920 1853 18 67 115 29 484 24 24 388 114 269 32 97 374 523 82 1792
internal_value=-2.88233e-05 0.000436033 0.000180902 0.000416006 -0.00295438 0.0039015 -0.0502305 -0.05019 -0.043901 -0.0517302 -0.0509102 0.0515216 0.0512279 -0.0524523 0.0535671 -0.0509534 -0.0520674 -0.0506703 0.0527375 0.0516607 0.0506931 -0.0509966 -0.0507373 -0.0505513
internal_weight=7159.48 7093.74 7058.49 7025.72 3571.85 3453.88 32.7658 65.7395 6.75532 32.2584 58.9842 35.2513 30.8253 7.93939 4.42609 6.08331 6.52309 51.0448 2.64565 17.0371 13.7882 13.6444 5.61719 37.4004
internal_count=48935 43746 41946 39942 20313 19629 2004 5189 499 1987 4690 1800 1715 253 85 481 229 4437 61 581 1134 792 470 3645
is_linear=0
shrinkage=0.05


Tree=81
num_leaves=26
num_cat=0
split_feature=6 24 17 16 7 28 27 11 1 14 12 23 36 24 17 15 15 29 11 17 26 32 15 43 7
split_gain=51.9357 36.604 24.3343 37.2767 37.6216 21.327 17.0271 14.9422 14.6154 14.2591 13.0172 11.1438 9.0689 9.01217 8.1322 1.35466 0.0782371 0.136865 0.0152735 0.0114542 0.012246 0.00198633 0.00133829 0.00094757 0.000407144
threshold=0.041000000000000009 3.6255000000000002 0.31900000000000006 0.43400000000000005 0.13450000000000004 0.37750000000000006 0.25850000000000006 4.5000000000000009 3.5000000000000004 1.6035000000000001 5.5000000000000009 1.4915000000000005 0.48650000000000004 4.1465000000000014 0.12750000000000003 -0.50849999999999984 3.1665000000000005 2.1050000000000004 3.5000000000000004 0.58950000000000002 0.48700000000000004 0.57450000000000012 0.16350000000000003 0.69800000000000006 0.59400000000000008
decision_type=2 2 2 2 2 2 2 2 2 2 2 2 2 2 2 2 2 2 2 2 2 2 2 2 2
left_child=16 2 5 4 -4 7 9 -2 15 13 -5 -11 -10 -3 -7 -8 18 -18 19 20 -1 -21 23 -20 -24
right_child=1 6 3 10 -6 14 8 -9 12 11 -12 -13 -14 -15 -16 -17 17 -19 22 21 -22 -23 24 -25 -26
leaf_value=-0.053269674146482954 0.020700951604962547 0.003046018576803311 0.016710390049808069 -0.059212803264401037 -0.0063171719344886417 0.0031733598428580418 0.067803276800336418 0.0033801296389374099 0.0035868303453826982 0.019696558175402043 -0.020750717816809122 0.049297589640451112 -0.03675704293668524 -0.071793310236916846 -0.0038173380087813875 -0.0024873419118929562 -0.098038082047219866 -0.051168303264387253 -0.05326441212911795 -0.051242495808449577 -0.056831295144425802 -0.053364634074093434 -0.050916960371172229 -0.051667708142748271 -0.051491283000069304
leaf_weight=11.946444851811977 131.07570419460535 69.239821319468319 207.93422117829323 24.814862469211221 1206.7019299841486 534.36253359215334 5.9823717717081308 2487.2234410122037 25.917631697840989 262.7848242148757 193.82222067192197 36.171559573151171 30.115363383665681 4.2707442725077263 1878.3478844915517 0.77415171917527814 0.25766595965251227 0.39381448552012444 1.0615024142898635 6.3275733622722319 3.0244759735651305 1.3353754710406063 10.713837105315177 7.4543234226293862 4.3342258278280488
leaf_count=695 1126 515 1347 276 6742 3684 186 14383 242 2141 1665 738 224 50 12557 6 2 38 45 419 103 64 1053 449 185
internal_value=-2.79937e-05 0.000318261 -0.000599258 -0.00590201 -0.0029324 0.00112223 0.0143665 0.00424723 -0.00971963 0.0184269 -0.0251161 0.0232781 -0.0180963 -0.00130192 -0.00226905 0.0597495 -0.0524995 -0.0697057 -0.0522569 -0.0531845 -0.0539892 -0.0516123 -0.0513658 -0.0518667 -0.0510824
internal_weight=7146.39 7099.54 6664.28 1633.27 1414.64 5031.01 435.256 2618.3 62.7895 372.467 218.637 298.956 56.033 73.5106 2412.71 6.75652 46.8492 0.65148 46.1978 22.6339 14.9709 7.66295 23.5639 8.51583 15.0481
internal_count=48935 45882 41780 10030 8089 31750 4102 15509 658 3444 1941 2879 466 565 16241 192 3053 40 3013 1281 798 483 1732 494 1238
is_linear=0
shrinkage=0.05


Tree=82
num_leaves=26
num_cat=0
split_feature=8 18 8 24 14 7 8 17 19 40 40 8 22 21 2 22 18 2 1 22 17 8 1 22 1
split_gain=62.3702 35.6955 33.0161 27.5453 26.098 21.8671 19.4309 16.8701 6.87667 0.125449 1.18219 0.0164895 0.00754691 0.00262381 0.00257574 0.00187219 0.00118489 0.00115025 0.000925446 0.000688404 0.000484832 0.000316328 0.000209883 0.000149484 9.99426e-05
threshold=0.18333333333333332 1.0000000180025095e-35 0.59166666666666679 4.0930000000000009 0.89100000000000013 0.52500000000000013 0.93333333333333346 0.31900000000000006 1.1635000000000002 0.69900000000000007 0.69700000000000006 0.36666666666666675 -0.066666666666666638 1.0000000180025095e-35 6.5000000000000009 1.0000000180025095e-35 0.14999999999999999 12.500000000000002 4.5000000000000009 -0.29999999999999988 0.26200000000000007 0.93333333333333346 3.5000000000000004 -0.29999999999999988 3.5000000000000004
decision_type=2 2 2 2 2 2 2 2 2 2 2 2 2 2 2 2 2 2 2 2 2 2 2 2 2
left_child=9 11 3 5 7 -3 -6 -4 -5 10 16 13 19 -2 21 18 -1 -15 -14 24 -16 -13 -21 -18 -11
right_child=1 2 4 8 6 -7 -8 -9 -10 12 -12 14 15 17 20 -17 23 -19 -20 22 -22 -23 -24 -25 -26
leaf_value=-0.053396604025753261 0.055685492719940791 -0.0022331227075736682 -0.00073752128261179322 0.027901526679661379 0.0062517425336390819 -0.026407572196820196 0.051636820918699804 -0.025157629197751382 0.077567817223725188 -0.050399952014936349 0.018708877276358633 0.050970974560545314 -0.050605474276012863 0.052500655137528475 0.05151336515179307 -0.05402520747653175 -0.050527801491184243 0.054029002883809109 -0.052244671327860863 -0.050462731690434186 0.052200017538170454 0.05045416655314993 -0.051030142752317188 -0.051115490681553827 -0.050578555355557546
leaf_weight=0.44075888115912576 1.6937201619148243 4394.0907635386102 227.03575711883605 29.730429046787322 2155.6488189548254 95.579095811583102 23.844252661801875 102.72181305196136 9.1034048572182638 11.86946484306827 0.68285208754241455 5.2885348144918698 1.0352053297683586 2.0568099394440651 11.508236356079577 1.349720077589154 3.7407429842278357 3.0664953403174877 5.1182375811040401 1.9147133622318495 3.3101722532883278 6.7271982310339808 10.950568237341939 1.5223953444510701 23.030828691553324
leaf_count=11 20 25043 1263 204 12828 1155 952 566 45 1521 18 294 95 51 434 24 388 47 134 213 89 755 579 82 2124
internal_value=-2.6779e-05 0.000409791 0.000164146 -0.00238509 0.00476482 -0.00274776 0.00674827 -0.00834456 0.0395443 -0.0500979 -0.0434633 0.0517835 -0.0508646 0.0539794 0.0512256 -0.0523388 -0.0509063 0.0534154 -0.0519689 -0.0506331 0.0516668 0.0506816 -0.0509457 -0.0506978 -0.0505178
internal_weight=7133.06 7071.41 7037.75 4528.5 2509.25 4489.67 2179.49 329.758 38.8338 61.6555 6.38675 33.6512 55.2687 6.81703 26.8341 7.50316 5.7039 5.12331 6.15344 47.7656 14.8184 12.0157 12.8653 5.26314 34.9003
internal_count=48935 43746 42056 26447 15609 26198 13780 1829 249 5189 499 1690 4690 118 1572 253 481 98 229 4437 523 1049 792 470 3645
is_linear=0
shrinkage=0.05


Tree=83
num_leaves=25
num_cat=0
split_feature=8 18 6 18 8 16 8 16 14 8 8 18 21 2 18 18 2 18 6 7 8 18 18 23
split_gain=59.2133 33.9118 31.781 31.3104 30.9063 2.03066 0.139526 0.0898841 2.03301 0.0141171 0.00827359 0.00572145 0.00223802 0.00221082 0.00104596 0.00101269 0.000980837 0.000707676 0.000421359 0.000393896 0.000271759 0.000240549 0.000188746 4.38232e-05
threshold=0.18333333333333332 1.0000000180025095e-35 0.041000000000000009 0.81666666666666676 0.78888888888888908 0.31100000000000005 0.63333333333333341 0.16950000000000001 0.85450000000000015 0.36666666666666675 0.36666666666666675 0.18333333333333332 1.0000000180025095e-35 6.5000000000000009 0.29999999999999999 0.074999999999999969 12.500000000000002 0.12222222222222222 0.081500000000000017 0.35850000000000004 0.93333333333333346 0.40833333333333338 0.23611111111111113 -0.067999999999999991
decision_type=2 2 2 2 2 2 2 2 2 2 2 2 2 2 2 2 2 2 2 2 2 2 2 2
left_child=7 9 6 4 -4 -5 10 8 -1 12 -3 17 -2 20 22 -10 -14 -9 -17 -15 -11 -16 -13 -19
right_child=1 2 3 5 -6 -7 -8 11 15 13 -12 14 16 19 21 18 -18 23 -20 -21 -22 -23 -24 -25
leaf_value=0.060382654864359911 0.055383841353318169 -0.051964031398685377 -0.00036195338373183595 0.053683269933972835 0.012252206075508235 -0.051672072174590022 -0.064796575092040065 -0.053902018944511701 -0.053186719419484808 0.050922792498391503 -0.054178266822859547 -0.051594576882586923 0.052374010364329371 0.051472750215256324 -0.050784220958632657 -0.050520177957388772 0.053818936410740648 -0.052002352933254059 -0.051452289177899638 0.05221447458452301 0.050431820689384822 -0.050486208438429873 -0.051024522452540903 -0.052529217996421622
leaf_weight=0.43201680853962798 1.6196694038808335 19.511557319667197 6445.2614019382745 0.464407073333862 525.15730800200254 30.165720251388848 2.5166315296664825 1.1765125915408126 0.718996051698923 5.0352497035637516 5.38260001130402 2.3617848721332839 1.9611096307635305 12.014669851399956 8.4536055489443225 1.6510531669482587 2.9280381128191948 0.73936127405613661 4.5637934496626258 2.1032772008329621 6.4018727317452431 34.026937333401293 3.7697609220631421 0.84661369770765305
leaf_count=33 20 832 34313 12 4826 1934 27 19 19 294 112 90 51 467 615 170 47 23 195 56 755 3792 214 19
internal_value=-2.55003e-05 0.000390422 0.000156374 0.000366753 0.000588408 -0.0500747 -0.053577 -0.0500188 -0.0448534 0.0516941 -0.0524428 -0.0507594 0.053773 0.0511647 -0.0506336 -0.0514102 0.0532394 -0.0529729 -0.0512047 0.0515833 0.050648 -0.0505455 -0.0512441 -0.0522836
internal_weight=7119.26 7060.52 7028.46 7001.05 6970.42 30.6301 27.4108 58.7404 7.36586 32.0639 24.8942 51.3746 6.50882 25.5551 48.6121 6.93384 4.88915 2.76249 6.21485 14.1179 11.4371 42.4805 6.13155 1.58597
internal_count=48935 43746 42056 41085 39139 1946 971 5189 417 1690 944 4772 118 1572 4711 384 98 61 365 523 1049 4407 304 42
is_linear=0
shrinkage=0.05


Tree=84
num_leaves=24
num_cat=0
split_feature=8 9 19 7 8 2 5 19 22 22 40 40 8 15 22 22 22 23 1 22 22 1 1
split_gain=56.218 33.8768 29.4503 30.6723 25.9903 20.7717 10.2687 5.31639 0.570683 0.449392 0.135376 1.16968 0.0530864 0.0277031 0.0055582 0.00137076 0.000987219 0.000787232 0.000680354 0.000508231 0.000211041 0.000153708 7.38018e-05
threshold=0.18333333333333332 2.7205000000000004 1.9625000000000001 0.5355000000000002 0.36666666666666675 2.5000000000000004 -1.4904999999999997 1.0785000000000002 1.0000000180025095e-35 1.0000000180025095e-35 0.69900000000000007 0.69700000000000006 0.93333333333333346 -0.50849999999999984 -0.066666666666666638 1.0000000180025095e-35 0.36666666666666664 0.54100000000000015 4.5000000000000009 -0.29999999999999988 -0.13333333333333333 3.5000000000000004 3.5000000000000004
decision_type=2 2 2 2 2 2 2 2 2 2 2 2 2 2 2 2 2 2 2 2 2 2 2
left_child=10 2 3 4 -2 8 -7 -5 -4 -3 11 17 13 -11 19 18 -14 20 -16 22 -1 -21 -12
right_child=1 9 5 7 -6 6 -8 -9 -10 12 14 -13 16 -15 15 -17 -18 -19 -20 21 -22 -23 -24
leaf_value=-0.050534035603114869 -0.0039057049931907175 0.070558265348593996 -0.058582138936879247 -0.036405993813899633 0.0035339179116513847 0.079597741809126446 -0.0087560926706935806 -0.014105104733178223 -0.082370193670930486 0.053729084743520096 -0.050361688763121061 0.019150421300280364 0.052102575053301063 0.059034210967864466 -0.050549959286847947 -0.053618393928821798 0.05058936154556614 -0.05365382619398134 -0.052023374030988792 -0.050422175374583926 -0.05138994240909172 -0.050930305153225365 -0.0505229598564403
leaf_weight=4.0652661873027682 1567.6393371745944 4.3299718126654652 15.112806990277024 53.880540739744902 4674.57177716773 3.3051621103659263 654.45015091588721 53.025055157952011 3.0260987654328337 7.2386306943371892 10.749313043896107 0.67522344924509514 1.1950045563280589 3.7282320223748684 0.94217567890882392 1.2305947272107003 10.992945173755286 0.23397179786115874 4.6513262102380395 1.7507741451263452 0.8752627675421526 9.9268348999321443 20.86195760872215
leaf_count=433 9381 26 305 713 26297 62 5252 401 23 130 1521 18 37 37 95 24 1082 7 134 213 41 579 2124
internal_value=-2.48357e-05 0.000371258 0.000154501 0.00121077 0.00166557 -0.00976772 -0.00831212 -0.0253448 -0.0625507 0.0557735 -0.0499411 -0.0427433 0.0530087 0.0555326 -0.0507813 -0.0521076 0.0507377 -0.0508199 -0.0517752 -0.0505722 -0.0506857 -0.0508541 -0.0504681
internal_weight=7108.46 7052.5 7025.01 6349.12 6242.21 675.894 657.755 106.906 18.1389 27.4848 55.9627 5.84972 23.1548 10.9669 50.113 6.8241 12.1879 5.1745 5.5935 43.2889 4.94053 11.6776 31.6113
internal_count=48935 43746 42434 36792 35678 5642 5314 1114 328 1312 5189 499 1286 167 4690 253 1119 481 229 4437 474 792 3645
is_linear=0
shrinkage=0.05


Tree=85
num_leaves=28
num_cat=0
split_feature=8 8 17 18 24 15 39 31 19 40 17 34 18 22 7 18 22 18 17 12 22 40 7 18 2 22 22
split_gain=53.3737 31.9114 30.4115 30.1911 25.9314 13.9385 7.70066 4.8517 1.89768 0.14035 1.16376 2.36448 0.00625332 0.00477082 0.00207871 0.00137263 0.0011727 0.00064231 0.000468728 0.000445597 0.000436708 0.00026181 0.000235918 0.000178854 9.11921e-05 5.62364e-05 1.87995e-05
threshold=0.18333333333333332 0.93333333333333346 0.55300000000000016 0.81666666666666676 4.1465000000000014 -0.17299999999999996 2.5030000000000006 0.66200000000000014 1.2545000000000002 0.69900000000000007 0.41550000000000004 0.63650000000000018 0.63333333333333341 -0.066666666666666638 0.051500000000000011 0.78888888888888908 1.0000000180025095e-35 0.18333333333333332 0.14900000000000002 6.5000000000000009 -0.29999999999999988 0.69700000000000006 0.24050000000000002 1.0000000180025095e-35 5.5000000000000009 -0.54444444444444429 -0.29999999999999988
decision_type=2 2 2 2 2 2 2 2 2 2 2 2 2 2 2 2 2 2 2 2 2 2 2 2 2 2 2
left_child=9 2 3 4 -2 6 -4 -7 -5 10 17 26 14 20 23 18 19 -1 -14 -15 25 -19 -16 -3 -22 -11 -12
right_child=1 12 5 8 -6 7 -8 -9 -10 13 11 -13 15 16 22 -17 -18 21 -20 -21 24 -23 -24 -25 -26 -27 -28
leaf_value=-0.052988309299663652 0.00040591585308970756 0.050391195401599378 0.028630315022089056 0.047361997420878654 0.026482630921050555 -0.0069294126664097306 -0.017241220611647446 -0.049321386632385653 -0.051577593643427372 -0.05036708131769118 -0.050401883624561356 0.14263956045982504 0.051419146840008811 -0.050552663002916214 0.051377633203317986 0.054337652667935776 -0.05343131221725194 -0.050605297234639239 0.052931343728823348 -0.051870433979251611 -0.050396728823915174 -0.051804147580654991 0.051862942446568333 0.050789039778218831 -0.050861238974334234 -0.050505000894507858 -0.051059637252310046
leaf_weight=0.341144691221415 6771.5742124281824 5.8447039816528612 11.299220891669391 0.49288160260767 96.698083113878965 7.8588030431419602 48.081736225634813 47.812981942668557 28.999698549509048 13.066272765863685 0.24917300557717681 0.24634894076734781 0.75143641978502218 0.74589987471699615 12.050947942771016 1.6268479973077776 1.174572925083339 4.0700032170861959 1.611190643161535 4.5837519001215696 1.1823359765112424 0.51277931407093991 3.1610317667946211 5.4677209025248885 9.9347603325732035 17.016675786115229 0.19260099437087763
leaf_count=10 37909 760 66 13 917 128 274 653 1986 1853 33 8 29 79 484 24 24 417 32 150 153 17 97 374 639 1792 14
internal_value=-2.42228e-05 0.000353044 0.000131042 0.000556284 0.000773049 -0.0253636 -0.00851262 -0.0433372 -0.0499241 -0.0498628 -0.0423835 0.0185231 0.0513744 -0.0507427 0.0510968 0.05322 -0.0520012 -0.0508952 0.0524504 -0.051686 -0.0505441 -0.0507394 0.0514785 0.0505835 -0.0508118 -0.0504451 -0.0506886
internal_weight=7096.65 7043.33 7012.82 6897.76 6868.27 115.053 59.381 55.6718 29.4926 53.3163 5.61205 0.688123 30.5139 47.7043 26.5244 3.98948 6.50422 4.92393 2.36263 5.32965 41.2 4.58278 15.212 11.3124 11.1171 30.0829 0.441774
internal_count=48935 43746 41946 40825 38826 1121 340 781 1999 5189 499 55 1800 4690 1715 85 253 444 61 229 4437 434 581 1134 792 3645 47
is_linear=0
shrinkage=0.05


Tree=86
num_leaves=25
num_cat=0
split_feature=8 18 18 8 24 14 30 40 40 22 8 22 21 2 22 2 18 1 22 7 8 1 22 1
split_gain=50.6847 31.5467 28.1852 27.662 23.7438 22.2214 1.87499 0.142924 1.12291 0.0296794 0.0121459 0.0040961 0.00192783 0.00187576 0.00100341 0.000845344 0.000649975 0.000500264 0.000375316 0.000337194 0.000249117 0.000113465 8.43849e-05 5.45817e-05
threshold=0.18333333333333332 1.0000000180025095e-35 0.81666666666666676 0.59166666666666679 4.1465000000000014 0.57400000000000007 1.3110000000000002 0.69900000000000007 0.69700000000000006 -0.14999999999999997 0.36666666666666675 -0.066666666666666638 1.0000000180025095e-35 6.5000000000000009 1.0000000180025095e-35 12.500000000000002 0.14999999999999999 4.5000000000000009 -0.29999999999999988 0.35850000000000004 0.93333333333333346 3.5000000000000004 -0.29999999999999988 3.5000000000000004
decision_type=2 2 2 2 2 2 2 2 2 2 2 2 2 2 2 2 2 2 2 2 2 2 2 2
left_child=7 10 3 4 -3 -5 -4 8 16 -8 12 18 -2 20 17 -14 -1 -13 23 -15 -12 -20 -18 -9
right_child=1 2 6 5 -6 -7 9 11 -10 -11 13 14 15 19 -16 -17 22 -19 21 -21 -22 -23 -24 -25
leaf_value=-0.052768925610686003 0.055116986265495327 -0.0023374825488519228 0.046621566164648826 -0.028535876765985752 0.03945829982762844 0.0052330911107920201 -0.050771384349591581 -0.050327015518509627 0.018194689764770591 -0.055155685790209644 0.050865761572186502 -0.050497172473262075 0.052261112446763583 0.051393293979996979 -0.053254418871012871 0.053633085873247902 -0.050432320214645159 -0.051824572367537437 -0.050381639314534189 0.052097442823423906 0.050371148133869774 -0.050840408714706221 -0.050917744611815779 -0.050472763248287415
leaf_weight=0.36559869907796283 1.552858449518683 4463.9868090050295 0.49552486278116958 49.712430546991527 34.240723291411996 2431.7462081294507 23.055523585062481 9.7321654967963678 0.67551884800195683 4.6362946322187737 4.7278691390529293 0.8531386642716815 1.8726282604038713 11.379950361326335 1.1209057811647651 2.8037609606981277 3.0747915562242265 4.2246706318110228 1.5852036606520439 1.9987808484584082 5.5156294773332775 8.9978561727330071 1.2630463894456627 18.895724830217659
leaf_count=11 20 24549 12 294 230 14979 1925 1521 18 67 294 95 51 467 24 47 388 134 213 56 755 579 82 2124
internal_value=-2.36192e-05 0.000335549 0.000117065 0.000318575 -0.00201933 0.00455658 -0.0497804 -0.0497932 -0.0420866 -0.0515054 0.0516265 -0.0507061 0.0535906 0.0511086 -0.0519004 0.0530837 -0.0507443 -0.0516016 -0.0505173 0.0514985 0.0505994 -0.0507717 -0.0505737 -0.0504232
internal_weight=7088.51 7037.72 7007.87 6979.69 4498.23 2481.46 28.1873 50.7886 5.37896 27.6918 29.8515 45.4097 6.22925 23.6222 6.19872 4.67639 4.70344 5.07781 39.211 13.3787 10.2435 10.5831 4.33784 28.6279
internal_count=48935 43746 42056 40052 24779 15273 2004 5189 499 1992 1690 4690 118 1572 253 98 481 229 4437 523 1049 792 470 3645
is_linear=0
shrinkage=0.05


Tree=87
num_leaves=25
num_cat=0
split_feature=6 17 19 7 17 17 16 21 2 16 24 17 32 59 22 22 22 22 17 22 22 7 17 22
split_gain=42.0887 31.167 31.492 31.8009 26.4588 24.704 22.7603 22.1308 14.539 13.1646 12.0819 11.3782 9.81113 8.30696 1.12915 0.768563 0.113632 0.00653379 0.00622918 0.00458618 0.0020352 0.000210376 7.43154e-05 7.20155e-05
threshold=0.041000000000000009 1.0000000180025095e-35 1.9625000000000001 0.044000000000000004 0.55300000000000016 0.31900000000000006 0.064500000000000016 1.0000000180025095e-35 2.5000000000000004 0.89450000000000018 1.6665000000000003 0.15600000000000003 0.31100000000000005 9.5000000000000018 -0.21111111111111108 -1.0000000180025095e-35 0.25833333333333336 -0.40833333333333327 0.070000000000000021 0.11111111111111106 -0.19999999999999993 0.55900000000000016 0.075500000000000012 -0.63333333333333319
decision_type=2 2 2 2 2 2 2 2 2 2 2 2 2 2 2 2 2 2 2 2 2 2 2 2
left_child=16 7 3 6 -5 11 -3 9 14 10 -2 -4 -10 -7 -9 -11 17 21 20 -20 -19 23 -23 -1
right_child=1 2 5 4 -6 13 -8 8 12 15 -12 -13 -14 -15 -16 -17 -18 18 19 -21 -22 22 -24 -25
leaf_value=-0.050292724072054353 0.034266399791817469 0.059090455378951023 0.0018331765556546466 0.00015172005762394199 -0.025872790908459804 -0.056436842725502118 0.012421023233091081 0.10590779458214668 -0.038567444582418252 -0.061421388071110486 0.00093086972433561663 -0.013992687884754546 0.02275836172215126 -0.01773463745972385 0.055997532024745111 -0.10576989531356472 -0.062038893414604848 -0.052226524454655365 -0.05114286667912793 -0.053319679954049841 -0.054081207852998352 -0.051588467553077326 -0.050808412851356448 -0.050565205246770079
leaf_weight=5.5999439479783133 31.19658478628844 29.709217918571085 176.90706119127572 5703.5779975308105 99.36790115153417 38.054372972343117 216.53489930089563 1.1791478395462061 6.818736044690012 4.5752697694115341 211.14089390309528 317.24335671123117 149.80505943018943 21.811480670236051 29.090210400987417 1.2421549260616291 2.7491357028484336 2.4924126914702356 15.387397205457093 2.8711045850068322 3.6382925845682648 0.46309294411912449 0.89625395089387894 4.2768728993833092
leaf_count=970 198 439 1497 34104 635 481 1419 5 53 209 1119 2786 1465 273 1194 5 29 132 1149 60 64 19 68 562
internal_value=-2.27867e-05 0.00026194 -0.000592096 0.000452877 -0.000293916 -0.0120019 0.0180517 0.0132246 0.0262192 0.00343792 0.00522222 -0.00832699 0.0200885 -0.0423361 0.0579418 -0.0708908 -0.0522444 -0.0514886 -0.0519482 -0.0514852 -0.0533272 -0.050491 -0.0510742 -0.0504107
internal_weight=7076.63 7038.25 6603.21 6049.19 5802.95 554.016 246.244 435.048 186.893 248.155 242.337 494.15 156.624 59.8659 30.2694 5.81742 38.3745 35.6254 24.3892 18.2585 6.13071 11.2362 1.35935 9.87682
internal_count=48935 45882 41634 36597 34739 5037 1858 4248 2717 1531 1317 4283 1518 754 1199 214 3053 3024 1405 1209 196 1619 87 1532
is_linear=0
shrinkage=0.05


Tree=88
num_leaves=25
num_cat=0
split_feature=8 9 18 7 17 17 17 17 10 18 26 17 17 8 8 8 18 18 18 8 21 6 6 6
split_gain=47.4294 29.6494 27.3043 36.5247 31.2736 25.8512 19.1313 11.1303 2.83872 0.192636 0.171991 0.153089 1.4933 0.0477339 0.03474 0.0254546 0.00369245 0.00110971 0.000316125 0.000177048 0.000163018 8.4055e-05 6.59517e-05 5.68033e-05
threshold=0.18333333333333332 2.7205000000000004 0.29999999999999999 0.10600000000000001 0.58550000000000002 0.15600000000000003 0.41900000000000004 0.27450000000000008 11.500000000000002 0.51666666666666672 0.26450000000000007 0.41550000000000004 0.41900000000000004 0.29999999999999999 0.93333333333333346 0.93333333333333346 0.23611111111111113 0.074999999999999969 0.43055555555555564 0.12222222222222222 3.5000000000000004 0.046500000000000007 0.13150000000000003 0.042500000000000003
decision_type=2 2 2 2 2 2 2 2 2 2 2 2 2 2 2 2 2 2 2 2 2 2 2 2
left_child=11 2 3 7 5 -4 -5 -2 -6 13 -11 16 -13 -3 -12 -15 17 -1 21 -19 22 -18 -14 -20
right_child=1 9 4 6 8 -7 -8 -9 -10 10 14 12 20 15 -16 -17 18 19 23 -21 -22 -23 -24 -25
leaf_value=-0.053012536403955514 0.017532086701019575 0.063082045661969427 0.004952712385929172 0.0046886694456808181 -0.048555449119894213 -0.0034902610885831327 -0.012625267383251046 0.043905063907505266 -0.0096107434853560259 0.07859233542003162 0.061579452900157997 0.038466211122249058 -0.050350856492149022 0.054277796904170443 0.051724489492691761 0.050485731169040197 -0.050351690896479277 -0.051024261615621624 -0.050290865638687676 -0.051652647760084838 -0.051614136948053571 -0.050778860006298734 -0.05078353631185259 -0.05045189753247184
leaf_weight=1.4490885566920031 111.74901178758591 1.1042798310518325 1192.6210226588883 1625.7148440247402 38.61106993816793 3780.7746752672829 176.91027062945068 62.315309680998325 5.3243815805762997 1.4230223763734091 2.7907108925282955 0.52365305460989375 3.131143189035356 8.7836598325520754 1.3159275539219377 8.9190801875665784 1.3141334783285845 1.6849808171391485 7.9915254157967892 3.348521193023771 0.33691033162176598 9.3113932423293573 1.22537718527019 17.399909761734307
leaf_count=35 1141 8 7174 9922 642 22033 910 563 49 10 24 16 476 154 50 1066 191 99 1398 125 14 666 103 2066
internal_value=-2.18306e-05 0.00031594 0.000124238 0.00510148 -0.00183666 -0.00146563 0.00298947 0.0269737 -0.0438359 0.0554085 0.0636124 -0.0497025 -0.0416193 0.0529964 0.0584215 0.0523673 -0.0506948 -0.0517933 -0.050497 -0.0514423 -0.0505545 -0.050726 -0.0504726 -0.0504012
internal_weight=7066.07 7018.36 6994.02 1976.69 5017.33 4973.4 1802.63 174.064 43.9355 24.3367 5.52966 47.7166 5.21708 18.807 4.10664 17.7027 42.4996 6.48259 36.017 5.0335 4.69343 10.6255 4.35652 25.3914
internal_count=48935 43746 42434 12536 29898 29207 10832 1704 691 1312 84 5189 609 1228 74 1220 4580 259 4321 224 593 857 579 3464
is_linear=0
shrinkage=0.05


Tree=89
num_leaves=25
num_cat=0
split_feature=8 18 6 18 8 16 17 17 8 8 8 18 21 2 18 2 17 18 8 8 21 6 6 6
split_gain=45.0341 29.0797 27.0515 26.1737 25.6742 1.89339 0.157401 1.42304 0.082754 0.0101041 0.00550904 0.00317161 0.00161603 0.00159663 0.000951138 0.000718493 0.00030174 0.00027184 0.000203022 0.000151865 0.000140108 7.22645e-05 5.67653e-05 4.88515e-05
threshold=0.18333333333333332 1.0000000180025095e-35 0.041000000000000009 0.81666666666666676 0.78888888888888908 0.31100000000000005 0.41550000000000004 0.41900000000000004 0.63333333333333341 0.36666666666666675 0.36666666666666675 0.23611111111111113 1.0000000180025095e-35 6.5000000000000009 0.074999999999999969 12.500000000000002 0.26200000000000007 0.43055555555555564 0.93333333333333346 0.12222222222222222 3.5000000000000004 0.046500000000000007 0.13150000000000003 0.042500000000000003
decision_type=2 2 2 2 2 2 2 2 2 2 2 2 2 2 2 2 2 2 2 2 2 2 2 2
left_child=6 9 8 4 -4 -5 11 -8 10 12 -3 14 -2 18 -1 -14 -15 21 -11 -16 22 -13 -9 -19
right_child=1 2 3 5 -6 -7 7 20 -10 13 -12 17 15 16 19 -17 -18 23 -20 -21 -22 -23 -24 -25
leaf_value=-0.052858983850960252 0.054817836115129075 -0.051755392241082401 -0.00039333106009370434 0.048046221311049006 0.01120650287364458 -0.051446487443226233 0.035435112345270567 -0.050333649135940295 -0.062380452492374575 0.05079220523565138 -0.053693654598870724 -0.050334423058272904 0.052122836470877426 0.051282755821508257 -0.050973505503809052 0.053425459729535309 0.051868389994223475 -0.050276600539636146 0.050317796481005289 -0.051569873180562387 -0.051533747699286619 -0.050740449727387851 -0.050745098915193736 -0.050429692130942422
leaf_weight=1.3823187462985504 1.4765693061053777 16.937577656004585 6415.7855058014393 0.4872458484023835 515.33136644028127 25.716599198058248 0.53959288261830707 2.979428100399673 2.1873565781861535 4.308650712482633 4.6786329597234717 1.2504604612477113 1.7579564973711965 9.7981575359590334 1.604359042830765 2.660870473831892 2.8361310157924882 7.6038765758276012 4.7318101497367024 3.1901954063214362 0.32096633221954096 8.8638070346787554 1.1664754734374581 16.558410285506397
leaf_count=35 20 832 34313 12 4826 1934 16 476 27 294 112 191 51 434 99 47 89 1398 755 125 14 666 103 2066
internal_value=-2.08494e-05 0.000300897 9.85005e-05 0.000280556 0.000469121 -0.0495965 -0.0496255 -0.0412624 -0.0531127 0.0515504 -0.0521749 -0.0506606 0.0533858 0.0510512 -0.0517035 0.0529072 0.0514142 -0.0504726 0.0505439 -0.0513703 -0.0505273 -0.0506903 -0.0504494 -0.0503815
internal_weight=7054.15 7008.69 6981.12 6957.32 6931.12 26.2038 45.4599 5.00646 23.8036 27.5701 21.6162 40.4534 5.8954 21.6747 6.17687 4.41883 12.6343 34.2766 9.04046 4.79455 4.46687 10.1143 4.1459 24.1623
internal_count=48935 43746 42056 41085 39139 1946 5189 609 971 1690 944 4580 118 1572 259 98 523 4321 1049 224 593 857 579 3464
is_linear=0
shrinkage=0.05


Tree=90
num_leaves=25
num_cat=0
split_feature=8 8 6 18 17 30 40 16 8 18 8 22 6 18 22 18 17 6 22 40 18 18 6 6
split_gain=42.7592 28.4463 25.6442 24.7998 25.3926 1.83855 0.162507 1.21692 0.0717962 0.00503971 0.00473179 0.00266222 0.00170248 0.00112606 0.000615318 0.000451483 0.000407551 0.000364138 0.0002472 0.000193366 0.000169415 0.000103193 8.61425e-05 4.44895e-05
threshold=0.18333333333333332 0.93333333333333346 0.041000000000000009 0.81666666666666676 0.16350000000000003 1.3110000000000002 0.69900000000000007 0.17300000000000001 0.63333333333333341 0.63333333333333341 0.36666666666666675 -0.066666666666666638 0.89450000000000018 0.78888888888888908 1.0000000180025095e-35 0.18333333333333332 0.14900000000000002 0.051500000000000011 -0.29999999999999988 0.69700000000000006 0.59166666666666679 1.0000000180025095e-35 0.046500000000000007 0.042500000000000003
decision_type=2 2 2 2 2 2 2 2 2 2 2 2 2 2 2 2 2 2 2 2 2 2 2 2
left_child=6 2 8 4 -4 -5 7 -1 10 12 -2 18 20 16 17 -9 -11 -13 23 -17 -3 -14 -20 -8
right_child=1 9 3 5 -6 -7 11 15 -10 13 -12 14 21 -15 -16 19 -18 -19 22 -21 -22 -23 -24 -25
leaf_value=0.024606861035892231 -0.051669234626755371 0.051287140734043626 0.0059529645729729077 0.04561284749639527 -0.0012226306922359347 -0.051383227923953292 -0.050265648519389951 -0.05296658054398147 -0.061771217362099333 0.051255792744501975 -0.053508289619067034 -0.050379595761223465 0.050302496954032508 0.054062206074633259 -0.052785317752094801 -0.050475812893278071 0.052742744436114819 -0.051598872836990807 -0.050314835561912019 -0.051577400352708275 0.051783865270566623 0.050652943594584034 -0.050734408089297169 -0.050409120652525209
leaf_weight=0.61816719500347872 16.137710080482073 13.100159112364056 1604.6400358770043 0.49848599731922405 5322.0419656494632 24.501858843956143 8.1292921300046128 0.21392788738012303 2.1006792676635078 0.66298083774745409 4.4654812132939687 0.73625306459143658 4.5176774030551314 1.5230891536921265 0.970513205975294 3.3671044008806352 1.5112091973423956 3.6387458145618439 1.4575317227281646 0.45182041265070427 1.9754123240709311 3.9261834789067507 7.6132303308695555 16.113736345432699
leaf_count=37 832 574 9699 12 29330 1934 1556 5 27 29 112 101 757 24 24 440 32 128 237 17 61 323 555 2089
internal_value=-2.02886e-05 0.00028608 8.69899e-05 0.000260257 0.000439673 -0.0494492 -0.0495482 -0.0407182 -0.0529656 0.0513036 -0.0520678 -0.0506105 0.0510339 0.0530197 -0.0516463 -0.0507314 0.0522893 -0.0513937 -0.0504443 -0.0506061 0.0513522 0.0504654 -0.050667 -0.050361
internal_weight=7044.91 7001.6 6974.39 6951.68 6926.68 25.0003 43.3103 4.65102 22.7039 27.2167 20.6032 38.6593 23.5194 3.69728 5.34551 4.03285 2.17419 4.375 33.3138 3.81892 15.0756 8.44386 9.07076 24.243
internal_count=48935 43746 41946 40975 39029 1946 5189 499 971 1800 944 4690 1715 85 253 462 61 229 4437 457 635 1080 792 3645
is_linear=0
shrinkage=0.05


Tree=91
num_leaves=27
num_cat=0
split_feature=8 18 8 8 18 12 6 11 40 31 6 8 22 22 21 2 2 22 6 18 7 22 8 40 6 6
split_gain=40.5971 27.3534 25.2811 21.23 19.6851 18.1761 21.79 14.126 0.168113 1.20092 1.65289 0.00857176 0.00364166 0.00228639 0.00137704 0.00136002 0.000619011 0.000527121 0.000312496 0.000311772 0.000245879 0.000212494 0.000177969 0.000146405 7.40327e-05 3.82598e-05
threshold=0.18333333333333332 1.0000000180025095e-35 0.36666666666666675 0.93333333333333346 0.29999999999999999 4.5000000000000009 0.24550000000000002 36.500000000000007 0.69900000000000007 0.61350000000000005 0.24050000000000002 0.36666666666666675 0.24999999999999997 -0.066666666666666638 1.0000000180025095e-35 6.5000000000000009 12.500000000000002 1.0000000180025095e-35 0.051500000000000011 0.14999999999999999 0.35850000000000004 -0.29999999999999988 0.93333333333333346 0.69700000000000006 0.046500000000000007 0.042500000000000003
decision_type=2 2 2 2 2 2 2 2 2 2 2 2 2 2 2 2 2 2 2 2 2 2 2 2 2 2
left_child=8 11 5 4 -4 6 -3 -7 9 10 -1 14 -5 21 -2 22 -16 18 -15 -11 -17 25 -13 -21 -23 -10
right_child=1 2 3 12 -6 7 -8 -9 13 19 -12 15 -14 17 16 20 -18 -19 -20 23 -22 24 -24 -25 -26 -27
leaf_value=-0.050763426845278327 0.054561611755867538 -0.051504910467668641 0.0066128711617765125 0.05385076660464945 -0.00027693969706974619 -0.004486951946053694 0.022853559342603712 -0.017417576718749651 -0.050252626119988091 -0.052325168358411389 0.11326960068553829 0.05074882725142052 0.051259429002766324 -0.050360954921903983 0.052007190383544614 0.051247874240608594 0.053247293819880595 -0.052643159214625437 -0.051518741331433415 -0.050462228526255495 0.051881430963006653 -0.05029938858365627 0.050287374511389295 -0.051479419568903263 -0.050698127511348071 -0.050389022478328618
leaf_weight=0.33538074837997456 1.4087616987526441 11.011839970480649 1425.2159170228988 1.4543519709259296 3803.3027804121375 1366.3028506562114 93.561282929964364 249.83456823881716 7.7347751720808473 0.27409394225105677 0.28330280166119337 4.078759057447316 20.005095152184367 0.70059826923534174 1.6678825579583643 10.204230082221327 2.5368548464030027 0.9256107136607169 3.4665298350155354 3.178596219979227 1.8018185067921866 1.3868621070869283 4.2840423532761633 0.39804243762046088 7.2469804529100657 15.333819615188984
leaf_count=34 20 663 9067 24 20008 8484 622 2187 1556 10 8 294 1001 101 51 467 47 24 128 431 56 237 755 16 555 2089
internal_value=-1.98209e-05 0.000271813 8.09458e-05 0.00180482 0.00160112 -0.00517868 0.0150234 -0.00648586 -0.0494682 -0.0403112 0.0243493 0.0514787 0.051435 -0.0505805 0.0532087 0.051002 0.0527554 -0.0515638 -0.0513241 -0.0507 0.051343 -0.0504225 0.0505124 -0.0505754 -0.0506341 -0.0503433
internal_weight=7037.94 6996.67 6970.69 5249.98 5228.52 1720.71 104.573 1616.14 41.2646 4.46942 0.618684 25.9823 21.4594 36.7952 5.6135 20.3688 4.20474 5.09274 4.16713 3.85073 12.006 31.7024 8.3628 3.57664 8.63384 23.0686
internal_count=48935 43746 42056 30100 29075 11956 1285 10671 5189 499 42 1690 1025 4690 118 1572 98 253 229 457 523 4437 1049 447 792 3645
is_linear=0
shrinkage=0.05


Tree=92
num_leaves=26
num_cat=0
split_feature=8 18 7 8 18 18 8 7 11 40 16 8 22 2 6 59 22 22 6 7 22 8 40 6 6
split_gain=38.556 25.9895 24.7189 30.3288 27.6312 128.755 19.8929 11.0499 2.56654 0.170429 1.15016 0.0073462 0.00196382 0.001168 0.00114583 0.000647682 0.000451673 0.000333282 0.000268217 0.000210843 0.000182672 0.000152973 0.000141646 6.363e-05 3.29038e-05
threshold=0.18333333333333332 1.0000000180025095e-35 0.37250000000000005 0.25833333333333336 0.70000000000000007 0.74166666666666681 0.59166666666666679 0.54750000000000021 46.500000000000007 0.69900000000000007 0.17300000000000001 0.36666666666666675 -0.066666666666666638 6.5000000000000009 0.13150000000000003 12.500000000000002 1.0000000180025095e-35 -1.0000000180025095e-35 0.051500000000000011 0.35850000000000004 -0.29999999999999988 0.93333333333333346 0.69700000000000006 0.046500000000000007 0.042500000000000003
decision_type=2 2 2 2 2 2 2 2 2 2 2 2 2 2 2 2 2 2 2 2 2 2 2 2 2
left_child=9 11 4 8 6 -6 -3 -5 -4 10 -1 14 20 21 -2 -16 18 22 -14 -15 24 -13 -12 -22 -11
right_child=1 2 3 7 5 -7 -8 -9 -10 12 17 13 16 19 15 -17 -18 -19 -20 -21 23 -23 -24 -25 -26
leaf_value=0.022839466746516178 0.054660923118332629 -0.00011906929382605339 -0.052702399806796765 -0.0036457297069721153 -0.060266722063339009 0.0059696477575467786 0.0060489562664206289 -0.021453100059010702 0.01645674327221518 -0.050240245523692162 -0.050434218978490646 0.050711823981311702 -0.050343235258344311 0.051185796584527821 0.051885501883699919 0.053153292665386258 -0.052508561840767604 -0.052676826709834049 -0.051442728492405942 0.051786824356934602 -0.050284703870068226 0.050273281468594125 -0.051423821872710031 -0.050663660975072126 -0.050369918666792628
leaf_weight=0.6226179338991632 0.90980290994048374 3625.9504007697105 38.357526853214949 781.21631085500121 100.62350803148001 270.87090925872326 2044.1645512487739 98.049960604868829 1.3901110398583103 7.3593132011592415 3.0603921730071311 3.8825952662155059 0.66665834141895119 9.718038921710102 1.5426987893879411 2.9033583179116249 0.88266808539628971 0.19474471174180541 3.3022146178409457 1.7169948546215881 1.3195995804853753 4.076220715418458 0.41004323028028 6.898112453520298 14.591372980270533
leaf_count=37 13 18343 574 4396 1194 3395 13097 1032 25 1556 440 294 101 467 50 55 24 5 128 56 237 755 17 555 2089
internal_value=-1.90323e-05 0.000258841 7.69818e-05 -0.00756271 0.00123909 -0.0119712 0.0021046 -0.00563149 -0.0502837 -0.0493999 -0.0399909 0.051405 -0.0505519 0.0509523 0.0530442 0.0527134 -0.0514856 -0.0506641 -0.051258 0.051276 -0.0504017 0.0504872 -0.0505511 -0.0506028 -0.0503264
internal_weight=7024.68 6985.37 6960.62 919.014 6041.61 371.494 5670.11 879.266 39.7476 39.3077 4.2878 24.7497 35.0199 19.3938 5.35586 4.44606 4.85154 3.66518 3.96887 11.435 30.1684 7.95882 3.47044 8.21771 21.9507
internal_count=48935 43746 42056 6027 36029 4589 31440 5428 599 5189 499 1690 4690 1572 118 105 253 462 229 523 4437 1049 457 792 3645
is_linear=0
shrinkage=0.05


Tree=93
num_leaves=26
num_cat=0
split_feature=8 8 19 17 7 7 2 17 22 17 17 18 22 7 18 22 17 22 7 18 21 1 1 1 1
split_gain=36.6057 25.3697 24.516 26.1693 31.2249 15.8201 13.1203 8.1013 0.441393 0.176784 1.38375 0.00362581 0.00188422 0.00125282 0.000806075 0.000419544 0.000293307 0.000195412 0.000144156 0.000106427 8.3681e-05 4.31146e-05 3.62494e-05 3.07349e-05 2.74735e-05
threshold=0.18333333333333332 0.93333333333333346 2.3170000000000006 1.0000000180025095e-35 0.37700000000000006 0.20950000000000002 4.5000000000000009 0.19600000000000004 -0.066666666666666638 0.41550000000000004 0.41900000000000004 0.63333333333333341 -0.066666666666666638 0.051500000000000011 0.78888888888888908 1.0000000180025095e-35 0.17500000000000002 -0.29999999999999988 0.24050000000000002 1.0000000180025095e-35 3.5000000000000004 7.5000000000000009 3.5000000000000004 3.5000000000000004 2.5000000000000004
decision_type=2 2 2 2 2 2 2 2 2 2 2 2 2 2 2 2 2 2 2 2 2 2 2 2 2
left_child=9 2 3 5 -5 -2 8 -8 -4 12 -11 13 17 19 16 21 -13 24 -15 -3 23 -14 -19 -12 -1
right_child=1 11 6 4 -6 -7 7 -9 -10 10 20 14 15 18 -16 -17 -18 22 -20 -21 -22 -23 -24 -25 -26
leaf_value=-0.050225254241053507 0.0049276613137996424 0.050260664511277142 -0.056089073245331002 0.00095016283912810235 -0.0097327832636662365 0.025534843243609093 -0.0088775129610873856 -0.053255251788656234 -0.072089501174323389 0.036644488653236149 -0.050255898264525992 0.051232599879483587 -0.050857957370064648 0.051154507241733094 0.053629491748254744 -0.052465131823270464 0.05250777954303331 -0.050271791820431101 0.051566916888901138 0.050621402985685973 -0.051286835133280619 -0.051339052501821261 -0.050649495367980829 -0.050566643833517305 -0.050353060980444925
leaf_weight=5.7526738150045302 238.28201124863699 3.9127355697564834 13.058510471601041 5681.0513913445175 777.63145837839693 152.89584940951318 67.731757093220949 12.125061785336582 6.4338864330202332 0.52059520222246547 2.1578768477775165 0.70050039514899176 0.55726704746484701 10.145191338378934 1.3812924399971962 0.91758316615596403 1.2657728493213651 0.70011831540614622 2.678307006135582 4.2823391817510128 0.26872648671269406 2.8340568724088371 6.8551219357177615 1.2605573022738097 15.627329539507626
leaf_count=1296 1775 760 433 32580 5048 1117 679 262 52 16 435 32 50 484 24 27 29 131 97 374 14 118 580 144 2378
internal_value=-1.93497e-05 0.000245416 6.68395e-05 0.000424498 -0.000336074 0.0129822 -0.0245927 -0.0156156 -0.0613704 -0.049319 -0.0396633 0.0511755 -0.0505412 0.050932 0.0527038 -0.0515166 0.0520535 -0.0503959 0.0512406 0.0504492 -0.0504373 -0.05126 -0.0506145 -0.0503705 -0.0503187
internal_weight=7011.03 6973.58 6949.21 6849.86 6458.68 391.178 99.3492 79.8568 19.4924 37.4519 4.20776 24.3661 33.2442 21.0186 3.34757 4.30891 1.96627 28.9352 12.8235 8.19507 3.68716 3.39132 7.55524 3.41843 21.38
internal_count=48935 43746 41946 40520 37628 2892 1426 941 485 5189 609 1800 4580 1715 85 195 61 4385 581 1134 593 168 711 579 3674
is_linear=0
shrinkage=0.05


Tree=94
num_leaves=24
num_cat=0
split_feature=8 9 18 6 18 30 40 40 18 26 8 8 26 8 8 18 18 18 18 6 6 6 18
split_gain=34.7574 25.8905 23.4915 22.566 21.6153 1.76336 0.182692 1.18603 0.15424 0.132944 0.05324 0.035923 0.0268799 0.0195726 0.0174826 0.00138882 0.000268163 0.000233985 0.000185996 7.06575e-05 6.78085e-05 4.90606e-05 3.33912e-05
threshold=0.18333333333333332 2.7205000000000004 0.81666666666666676 0.041000000000000009 0.074999999999999969 1.3110000000000002 0.69900000000000007 0.69700000000000006 0.51666666666666672 0.26450000000000007 0.63333333333333341 0.29999999999999999 0.36650000000000005 0.93333333333333346 0.70000000000000007 0.14999999999999999 0.29999999999999999 0.14999999999999999 0.074999999999999969 0.046500000000000007 0.13150000000000003 0.042500000000000003 0.29999999999999999
decision_type=2 2 2 2 2 2 2 2 2 2 2 2 2 2 2 2 2 2 2 2 2 2 2
left_child=6 2 3 10 -5 -4 7 17 11 -10 -2 -3 -11 -13 -7 18 19 -1 -8 -17 -20 -18 -19
right_child=1 8 5 4 -6 14 15 -9 9 12 -12 13 -14 -15 -16 16 21 22 20 -21 -22 -23 -24
leaf_value=-0.051947761402197479 -0.051920219733346464 0.061957618599243092 0.042278590685372652 0.0153660614832482 -0.00013286825491666627 -0.050647577887903562 -0.052082920116098268 0.02661297575047615 0.076293976531285862 0.063769830699269572 -0.060639613745100407 0.053997805733887218 0.054886662695376565 0.050384079020567435 -0.054124408792029503 -0.050284737419277893 -0.050220883665786691 -0.050780109578900973 -0.050667570891057549 -0.050801057618252279 -0.05141597320552143 -0.050375677207029207 -0.05034364323431198
leaf_weight=0.27225703513249744 18.087072793859992 1.0409653559327186 0.51434720866382377 232.80828157905489 6670.0386530645192 19.03555755503476 1.075627637095752 0.58495952654629935 1.3669170737266529 1.3235362432897093 1.9382826788350929 8.2407366242259723 2.3882266320288181 6.8711692248471072 4.4633631259202948 0.77956582838669675 7.4609254559036371 0.52902295952662859 0.39345720922574412 4.4167577177286148 1.3115173447877166 16.306001789867878 2.552356771659106
leaf_count=11 888 8 12 2604 36913 1906 35 18 10 16 25 154 58 1066 86 142 1718 41 41 316 51 2387 429
internal_value=-1.87074e-05 0.000233348 6.48568e-05 0.0002361 0.000389855 -0.0493034 -0.0492405 -0.0390836 0.0553632 0.0629634 -0.0527642 0.0529736 0.0580542 0.0523547 -0.051308 -0.0505007 -0.0503982 -0.0505427 -0.0515681 -0.0507236 -0.0512433 -0.0503271 -0.0504186
internal_weight=7003.8 6968.12 6946.89 6922.87 6902.85 24.0133 35.6824 3.9386 21.2316 5.07868 20.0254 16.1529 3.71176 15.1119 23.4989 31.7439 28.9633 3.35364 2.7806 5.19632 1.70497 23.7669 3.08138
internal_count=48935 43746 42434 40430 39517 2004 5189 499 1312 84 913 1228 74 1220 1992 4690 4563 481 127 458 92 4105 470
is_linear=0
shrinkage=0.05


Tree=95
num_leaves=22
num_cat=0
split_feature=8 9 18 6 18 16 22 31 30 22 6 22 8 22 18 18 22 6 6 22 6
split_gain=33.0007 24.5104 22.2712 21.3992 20.2467 1.73255 0.21118 0.172663 1.67828 0.0462705 0.0269129 0.0162652 0.0161876 0.00121437 0.000269835 0.000190718 0.000137777 0.000135098 4.39983e-05 3.74413e-05 2.44495e-05
threshold=0.18333333333333332 2.7205000000000004 0.81666666666666676 0.041000000000000009 1.0000000180025095e-35 0.31100000000000005 1.0000000180025095e-35 0.61350000000000005 1.4570000000000001 0.25833333333333336 0.87750000000000006 -0.14999999999999997 0.93333333333333346 -0.066666666666666638 0.074999999999999969 0.14999999999999999 -0.29999999999999988 0.070000000000000021 0.046500000000000007 -0.21111111111111108 0.042500000000000003
decision_type=2 2 2 2 2 2 2 2 2 2 2 2 2 2 2 2 2 2 2 2 2
left_child=7 2 3 9 -5 -4 -3 8 15 -2 -8 -7 -12 16 -15 -1 20 -16 -18 -17 -9
right_child=1 6 5 4 -6 11 10 13 -10 -11 12 -13 -14 14 17 19 18 -19 -20 -21 -22
leaf_value=-0.051549835516339675 -0.051730318741611971 0.06580151419384743 0.040963051375683623 0.051526555967713175 0.00022721212967838724 -0.050637060990520656 0.060638868410497142 -0.050206595988506714 0.053141413606961521 -0.059338260537385126 0.053715266570262425 -0.054211604096572663 0.050486590682255243 -0.052042371213233331 -0.05031953357359379 -0.050328993468050677 -0.050245955925952129 -0.051221711519736736 -0.050605280729305605 -0.050679397331109613 -0.05032549124466297
leaf_weight=0.46856704680249039 16.826730326749388 3.7527519464492824 0.52123385807499545 19.287982678040862 6881.3977206479758 18.549706112127758 0.99423284363001663 6.4797542816959384 0.43647495307959605 2.2678842823952428 8.025960845872758 3.8414819119498089 7.5192156899720439 0.9361867387779087 0.50101718865335021 1.9047578342724594 1.0053378338925529 2.4158324766904116 5.582817702088505 1.2710718908347187 12.996568132424725
leaf_count=22 884 26 17 930 38587 1920 12 1592 33 29 159 67 1115 32 84 323 209 110 510 122 2152
internal_value=-1.81824e-05 0.00022176 6.13813e-05 0.000224336 0.000370598 -0.0491526 0.0550933 -0.0491593 -0.0395115 -0.0526339 0.0526636 -0.0512503 0.0521536 -0.0504753 -0.0513038 -0.0506082 -0.0503528 -0.0510667 -0.0505504 -0.0504692 -0.0502859
internal_weight=6996.98 6962.98 6942.69 6919.78 6900.69 22.9124 20.2922 33.9984 4.08087 19.0946 16.5394 22.3912 15.5452 29.9175 3.85304 3.6444 26.0645 2.91685 6.58816 3.17583 19.4763
internal_count=48935 43746 42434 40430 39517 2004 1312 5189 500 913 1286 1987 1274 4689 226 467 4463 194 719 445 3744
is_linear=0
shrinkage=0.05


Tree=96
num_leaves=26
num_cat=0
split_feature=8 8 17 18 7 19 24 18 59 17 17 18 22 7 7 18 22 22 7 18 21 6 6 6 6
split_gain=31.3355 23.3157 22.8732 25.2436 24.7616 23.6527 21.6087 17.4997 12.3978 0.193466 1.33168 0.00298047 0.00118985 0.001091 0.000702818 0.000336663 0.000265597 0.000129331 0.000123287 7.72701e-05 5.30288e-05 4.38175e-05 2.78429e-05 2.02809e-05 2.02242e-05
threshold=0.18333333333333332 0.93333333333333346 0.37700000000000006 0.54444444444444462 0.10150000000000002 2.3170000000000006 4.0930000000000009 0.63333333333333341 4.5000000000000009 0.41550000000000004 0.41900000000000004 0.63333333333333341 -0.066666666666666638 0.051500000000000011 0.060500000000000005 0.78888888888888908 1.0000000180025095e-35 -0.29999999999999988 0.24050000000000002 1.0000000180025095e-35 3.5000000000000004 0.081500000000000017 0.046500000000000007 0.13150000000000003 0.042500000000000003
decision_type=2 2 2 2 2 2 2 2 2 2 2 2 2 2 2 2 2 2 2 2 2 2 2 2 2
left_child=9 2 5 4 -4 6 -2 -5 -7 12 -11 13 17 19 -13 -16 21 24 -15 -3 23 -14 -19 -12 -1
right_child=1 11 3 7 -6 8 -8 -9 -10 10 20 14 16 18 15 -17 -18 22 -20 -21 -22 -23 -24 -25 -26
leaf_value=-0.050195798637535649 0.0011508031784338583 0.050224178139803489 0.022315043743727489 -0.054796985177711914 -0.0076682343306758343 -0.060994965582427729 0.025977495909234184 -0.010570148845535064 -0.014877962234167284 0.036390064501335591 -0.050236687677470353 0.051320843182648193 -0.050549941070895603 0.0510948380758421 0.052403009206065276 0.053621076274997098 -0.052111199475307783 -0.05023703176062036 0.051486130144201926 0.050553630495142381 -0.051103828304156808 -0.051151379494467186 -0.050569992102520257 -0.05052814734306274 -0.05030975396200317
leaf_weight=5.5848815150093349 5895.5011573890224 3.3694364419207039 76.499396940693259 44.849782369099557 689.4411001317203 17.866903468500823 88.968560602515936 44.616970423143357 79.058996181003749 0.51364971697330419 2.1165517547633508 0.83939158078283016 0.34300509421155201 9.6217630365863425 1.1304856650531292 1.1386382579803467 0.79546750336885441 0.70365744433365662 2.5456559681333593 3.7724238275550306 0.23210413614287961 2.5858035665005445 5.8295482732355595 0.83127290662378062 12.856491246260701
leaf_count=1447 34059 760 511 394 3990 476 915 651 950 16 476 39 45 484 27 19 27 151 97 374 14 123 560 103 2227
internal_value=-1.76054e-05 0.000210766 4.6241e-05 -0.00760918 -0.00467361 0.00112305 0.00151989 -0.0327411 -0.023379 -0.049081 -0.03831 0.0511201 -0.0504673 0.0508888 0.052557 0.0530142 -0.051301 -0.050343 0.0511767 0.0503982 -0.0503762 -0.0510809 -0.0505341 -0.0503189 -0.0502752
internal_weight=6991.61 6959.22 6936.8 855.407 765.94 6081.4 5984.47 89.4668 96.9259 32.3924 3.69358 22.4178 28.6989 19.3093 3.10852 2.26912 3.72428 24.9746 12.1674 7.14186 3.17993 2.92881 6.53321 2.94782 18.4414
internal_count=48935 43746 41946 5546 4501 36400 34974 1045 1426 5189 609 1800 4580 1715 85 46 195 4385 581 1134 593 168 711 579 3674
is_linear=0
shrinkage=0.05


Tree=97
num_leaves=23
num_cat=0
split_feature=8 9 17 19 17 7 15 41 31 17 17 22 6 8 22 22 22 21 6 6 6 6
split_gain=29.7524 22.7516 21.7688 22.8703 32.0783 19.7567 12.1321 6.99143 5.01087 0.198001 1.26766 0.178426 0.0231172 0.0134255 0.00102249 0.000227917 0.00011124 4.55984e-05 3.75848e-05 2.39443e-05 1.7456e-05 1.73983e-05
threshold=0.18333333333333332 2.7205000000000004 0.55300000000000016 1.7070000000000001 0.30200000000000005 0.5415000000000002 -0.17299999999999996 0.47850000000000004 0.66200000000000014 0.41550000000000004 0.41900000000000004 1.0000000180025095e-35 0.87750000000000006 0.93333333333333346 -0.066666666666666638 1.0000000180025095e-35 -0.29999999999999988 3.5000000000000004 0.081500000000000017 0.046500000000000007 0.13150000000000003 0.042500000000000003
decision_type=2 2 2 2 2 2 2 2 2 2 2 2 2 2 2 2 2 2 2 2 2 2
left_child=9 2 3 5 -5 -2 7 -4 -8 14 -11 -3 -13 -14 16 18 21 20 -16 -18 -12 -1
right_child=1 11 6 4 -6 -7 8 -9 -10 10 17 12 13 -15 15 -17 19 -19 -20 -21 -22 -23
leaf_value=-0.050186213749268196 0.0023560574406347465 0.064907301477298382 0.014895717855998084 -0.0019029435772870886 -0.021985075164231024 -0.023152217703527073 -0.0015649680966808956 -0.020637983657169512 -0.046570095919921284 0.033687188237722009 -0.050225100243374447 0.060105553812819526 0.053498222220725401 0.050440193338945151 -0.050523127831774851 -0.052004922889780349 -0.050225418882079591 -0.051049221677026003 -0.051094085594019789 -0.050541965316729658 -0.05050228709271929 -0.050294572072967052
leaf_weight=5.3134926713537523 5182.952457241714 3.6080421432852772 22.910743267275393 1331.451438870281 233.76596063142642 77.037056946195662 7.2185871643014243 34.974901409819722 43.188573430292308 0.52676596026867573 2.0137790730223069 0.94982921518385133 7.5892170555889606 6.8094363086856902 0.32644533272832621 0.75817938428372134 0.66949052503332751 0.22101449361070979 2.4623809987679124 5.5482352818362415 0.79112594434991468 12.233071274356915
leaf_count=1447 29603 26 139 9109 2080 517 128 203 655 16 476 12 159 1115 45 27 151 14 123 560 103 2227
internal_value=-1.71828e-05 0.000200266 5.07079e-05 0.000403609 -0.00490222 0.00198247 -0.0221911 -0.00657399 -0.0401251 -0.049 -0.0378962 0.0549023 0.0525504 0.052052 -0.0504443 -0.0512362 -0.0503262 -0.0503578 -0.0510273 -0.0505079 -0.0503033 -0.0502618
internal_weight=6983.32 6952.46 6933.5 6825.21 1565.22 5259.99 108.293 57.8856 50.4072 30.864 3.55269 18.9565 15.3485 14.3987 27.3113 3.54701 23.7643 3.02592 2.78883 6.21773 2.80491 17.5466
internal_count=48935 43746 42434 41309 11189 30120 1125 342 783 5189 609 1312 1286 1274 4580 195 4385 593 168 711 579 3674
is_linear=0
shrinkage=0.05


Tree=98
num_leaves=28
num_cat=0
split_feature=8 8 8 17 19 12 22 1 11 40 17 40 22 7 22 7 22 22 23 7 1 22 40 11 1 1 9
split_gain=28.2485 21.8134 20.4246 20.3338 29.1333 17.0419 16.8795 14.8591 13.0767 0.207724 1.24345 2.02761 0.00253065 0.00093768 0.000827263 0.000610319 0.000282318 0.000170588 0.000105932 0.000104736 0.000102143 7.8624e-05 6.87659e-05 6.22574e-05 2.42269e-05 1.27506e-05 6.9231e-06
threshold=0.18333333333333332 0.93333333333333346 0.36666666666666675 0.24050000000000002 1.9625000000000001 4.5000000000000009 0.40833333333333338 2.5000000000000004 36.500000000000007 0.69900000000000007 0.41550000000000004 0.69700000000000006 0.36666666666666664 0.051500000000000011 -0.066666666666666638 0.060500000000000005 0.29999999999999999 1.0000000180025095e-35 0.54100000000000015 0.24050000000000002 4.5000000000000009 -0.29999999999999988 0.69700000000000006 3.5000000000000004 3.5000000000000004 3.5000000000000004 0.55800000000000016
decision_type=2 2 2 2 2 2 2 2 2 2 2 2 2 2 2 2 2 2 2 2 2 2 2 2 2 2 2
left_child=9 2 5 6 -5 7 -4 -2 -7 10 18 26 15 23 21 -3 -17 20 22 -15 -16 25 -1 -14 -23 -11 -12
right_child=1 12 3 4 -6 8 -8 -9 -10 14 11 -13 13 19 17 16 -18 -19 -20 -21 -22 24 -24 -25 -26 -27 -28
leaf_value=-0.050365175222510987 -0.051224933026579968 0.05121998418606704 0.0035721687261570968 -0.00033346188298807899 -0.025060014266217297 -0.0040426916416401336 0.01876789023019565 0.020544076283866165 -0.016556225780377413 -0.050179509603899289 -0.050227188285659412 0.14726340250504436 0.050274350132712115 0.051039551519010455 -0.050274244134610874 0.053429368106535258 0.052287066562116083 -0.051837703085033882 -0.051972218841692688 0.051409416238831489 -0.051077139859827328 -0.05020850668654056 -0.051135880869225631 0.050625789432195395 -0.05049305795263536 -0.050273589305784641 -0.050703033503457035
leaf_weight=2.3254215666092972 7.8070351099595419 0.76845452282578053 2394.8775448661763 2494.0174427544698 125.10037430981174 1364.5174927767366 197.84787837415934 94.63437845883891 246.48728610947728 5.3667033785022893 0.16531940805725742 0.22424863278865814 4.7977415237110135 9.1438904288224858 0.47012632386758557 1.0858216639608145 1.0778119061142206 0.66234032995998848 0.12127184960991133 2.4207714679650953 2.5164546491578221 0.87196188117377715 0.33056809846311797 1.7090813121758399 5.262857161462307 10.949258186155928 0.14217440318316221
leaf_count=421 603 39 12954 13154 1091 8585 2673 698 2188 1521 39 1 984 484 95 19 27 24 6 97 134 213 17 150 579 2124 15
internal_value=-1.68484e-05 0.000190183 3.58765e-05 0.0015928 -0.00151451 -0.00469986 0.00473174 0.0150746 -0.00595729 -0.0489172 -0.0371156 0.0329321 0.0510679 0.0508468 -0.0504135 0.0524304 0.0528603 -0.0511117 -0.0505271 0.051117 -0.0509508 -0.0503 -0.0504611 0.0503667 -0.0504526 -0.0502426 -0.0504472
internal_weight=6975.7 6946.29 6925.29 5211.84 2619.12 1713.45 2592.73 102.441 1611 29.4087 3.309 0.531742 21.0036 18.0715 26.0997 2.93209 2.16363 3.64892 2.77726 11.5647 2.98658 22.4508 2.65599 6.50682 6.13482 16.316 0.307494
internal_count=48935 43746 41946 29872 14245 12074 15627 1301 10773 5189 499 55 1800 1715 4690 85 46 253 444 581 229 4437 438 1134 792 3645 54
is_linear=0
shrinkage=0.05


Tree=99
num_leaves=26
num_cat=0
split_feature=8 18 18 8 6 27 30 31 29 22 8 21 11 22 2 6 6 22 18 8 22 6 22 6 2
split_gain=26.8381 22.0118 20.7606 19.6699 18.0056 16.5321 1.73557 0.187265 1.48117 0.0138187 0.00510124 0.00083367 0.000773845 0.000687999 0.000376801 0.000145724 0.000140422 0.000135773 0.000103464 0.000100831 7.7117e-05 2.46256e-05 2.12377e-05 1.36574e-05 3.07135e-07
threshold=0.18333333333333332 1.0000000180025095e-35 0.81666666666666676 0.78888888888888908 0.041000000000000009 0.22550000000000003 1.3110000000000002 0.61350000000000005 2.1155000000000004 -0.066666666666666638 0.36666666666666675 1.0000000180025095e-35 1.0000000180025095e-35 -0.066666666666666638 12.500000000000002 0.29800000000000004 0.064500000000000016 1.0000000180025095e-35 0.14999999999999999 0.93333333333333346 -0.29999999999999988 0.046500000000000007 -0.21111111111111108 0.042500000000000003 3.5000000000000004
decision_type=2 2 2 2 2 2 2 2 2 2 2 2 2 2 2 2 2 2 2 2 2 2 2 2 2
left_child=7 10 3 4 -3 -5 -4 8 18 -8 11 -2 19 20 -13 -14 24 -18 -1 -12 23 -22 -20 -9 -15
right_child=1 2 6 5 -6 -7 9 13 -10 -11 12 14 15 16 -16 -17 17 -19 22 -21 21 -23 -24 -25 -26
leaf_value=-0.051263109098402364 0.053840143409908836 -0.052119609300061626 0.041759810185382509 0.022177620031909116 -0.00043221210839961802 0.0030969895833754583 -0.050747234863706983 -0.050169012955215225 0.04786837792035975 -0.054935106152598279 0.0505992637908982 0.051686569726942966 0.051549018455630452 -0.050225778994676 0.052736769529531914 0.05103657801971398 -0.051038301080412379 -0.051923504758289357 -0.050269026606442835 0.050192095494751787 -0.050201184321662366 -0.05049807731174432 -0.050560129398486656 -0.050267161772290084 -0.050307678684981622
leaf_weight=0.38583579100668774 1.2150797545909906 16.893845476210117 0.51454661600291984 173.87644271599129 6375.1563279237598 327.05248286761343 18.841849518008537 5.3088769717142048 0.43877856573089946 2.1997611373662904 3.2327274344861534 1.4060431104153397 1.65968982502818 0.21205636672675199 2.1757686026394367 8.4544466142542642 2.1863353233784442 0.54021272249519814 1.5612096101976938 2.8707586866803467 0.8237871290184583 4.5900045060552657 1.0465516517870121 10.663830353645606 0.2487607947550714
leaf_count=22 20 909 12 1927 34313 2903 1959 1592 33 33 289 51 62 48 47 467 118 16 323 754 209 510 122 2152 44
internal_value=-1.62789e-05 0.000180971 2.56843e-05 0.000178896 -0.000568819 0.00972003 -0.0489665 -0.0488639 -0.0379241 -0.051185 0.051276 0.0527084 0.0508524 -0.050392 0.0523245 0.0511207 -0.0510773 -0.0512137 -0.0504989 0.0504078 -0.0502898 -0.0504529 -0.0503859 -0.0502345 -0.05027
internal_weight=6963.56 6935.55 6914.54 6892.98 6392.05 500.929 21.5562 28.0062 3.43238 21.0416 21.0145 4.79689 16.2176 24.5739 3.58181 10.1141 3.18737 2.72655 2.9936 6.10349 21.3865 5.41379 2.60776 15.9727 0.460817
internal_count=48935 43746 42056 40052 35222 4830 2004 5189 500 1992 1690 118 1572 4689 98 529 226 134 467 1043 4463 719 445 3744 92
is_linear=0
shrinkage=0.05


Tree=100
num_leaves=28
num_cat=0
split_feature=8 18 18 17 8 15 19 40 17 40 22 8 17 17 22 20 7 6 8 22 23 22 40 6 6 6 21
split_gain=25.484 20.9158 19.6826 19.6714 19.5634 11.5266 1.70122 0.210541 1.17737 1.66587 0.011821 0.00437477 0.000736497 0.000666422 0.000610328 0.000284733 0.000143577 0.000133583 0.000116833 0.000103852 7.84895e-05 5.88976e-05 5.08937e-05 2.0412e-05 1.02174e-05 5.42221e-06 4.70535e-07
threshold=0.18333333333333332 1.0000000180025095e-35 0.81666666666666676 0.55300000000000016 0.59166666666666679 -0.17299999999999996 1.2545000000000002 0.69900000000000007 0.41550000000000004 0.69700000000000006 -0.066666666666666638 0.36666666666666675 0.24550000000000002 0.044000000000000004 -0.066666666666666638 -2.4999999999999996 0.35850000000000004 0.064500000000000016 0.93333333333333346 1.0000000180025095e-35 0.54100000000000015 -0.29999999999999988 0.69700000000000006 0.046500000000000007 0.042500000000000003 0.081500000000000017 -3.4999999999999996
decision_type=2 2 2 2 2 2 2 2 2 2 2 2 2 2 2 2 2 2 2 2 2 2 2 2 2 2 2
left_child=7 11 3 4 -3 -5 -4 8 20 25 -8 12 15 18 21 -2 -15 26 -13 -19 22 24 -1 -23 -9 -10 -16
right_child=1 2 6 5 -6 -7 10 14 9 -11 -12 13 -14 16 17 -17 -18 19 -20 -21 -22 23 -24 -25 -26 -27 -28
leaf_value=-0.050330412335387223 0.051711843767147506 -0.0014774582608144042 0.040224914339681068 -0.0060297460313910381 0.0041421755361479209 -0.038992759078794924 -0.050719533356714121 -0.050161117485135076 -0.05020663527050151 0.13002116442424871 -0.054682710642506328 0.050608312672216486 0.053580238375636614 0.051011473686027965 -0.050350428276052406 0.052643702514715278 0.05157720505976604 -0.050985505681284293 0.050182912316075613 -0.051743836986936735 -0.051781858419590744 -0.050190647768886598 -0.051026555313216961 -0.050452283571718527 -0.050249206791752855 -0.050650576199982734 -0.050226790008046779
leaf_weight=2.1062327318359206 1.6600362099707124 4389.0467435736209 0.52284120023250835 57.944673368707299 2393.1301012518816 48.903672381769866 17.94494339986705 4.9484858533833238 0.15445355209521938 0.23667193949222565 2.1018914077430919 3.9258248209953299 1.2951213940978048 7.4522588965482992 0.095060124062001705 1.6194386016577511 1.3201889153569935 2.2442353283986454 2.7408719821833074 0.56517915241420258 0.11019016010686744 0.88683799724094825 0.29993462283164252 4.6765729268081486 9.8325336910784227 0.12399973720312119 0.40399826527572757
leaf_count=421 59 23921 18 350 15003 778 1953 1556 40 1 33 349 23 420 16 36 47 127 756 18 6 237 17 555 2089 14 92
internal_value=-1.56747e-05 0.000172123 2.4283e-05 0.000170104 0.000505462 -0.0211167 -0.0488129 -0.0487843 -0.0363785 0.0324913 -0.0511351 0.0512126 0.0525707 0.0508102 -0.0503743 0.052172 0.0510966 -0.0510042 0.0504334 -0.0511381 -0.0504769 -0.0502719 -0.0504172 -0.0504106 -0.0502197 -0.0504043 -0.0502503
internal_weight=6956.29 6929.61 6909.59 6889.03 6782.18 106.848 20.5697 26.6844 3.03148 0.515125 20.0468 20.0137 4.5746 15.4391 23.6529 3.27947 8.77245 3.30847 6.6667 2.80941 2.51636 20.3444 2.40617 5.56341 14.781 0.278453 0.499058
internal_count=48935 43746 42056 40052 38924 1128 2004 5189 499 55 1986 1690 118 1572 4690 95 467 253 1105 145 444 4437 438 792 3645 54 108
is_linear=0
shrinkage=0.05


Tree=101
num_leaves=20
num_cat=0
split_feature=6 9 18 17 7 18 16 22 22 6 22 22 22 17 1 22 22 16 7
split_gain=24.9439 20.7572 19.3542 18.2853 34.4408 22.6629 1.72312 0.144505 0.038682 0.0192393 0.0103486 0.00954732 0.00199358 0.00270887 0.000700237 0.000479737 0.000464005 0.000257419 6.37375e-05
threshold=0.041000000000000009 2.7205000000000004 0.81666666666666676 0.23650000000000002 0.10900000000000001 0.63333333333333341 0.31100000000000005 1.0000000180025095e-35 0.25833333333333336 0.87750000000000006 -0.14999999999999997 0.40833333333333338 -0.21111111111111108 0.34550000000000003 1.5000000000000002 0.15000000000000002 -0.40833333333333327 0.56900000000000006 0.55900000000000016
decision_type=2 2 2 2 2 2 2 2 2 2 2 2 2 2 2 2 2 2 2
left_child=8 2 3 5 -5 -2 -4 -3 12 -9 -8 -11 16 14 -14 -15 18 -18 -1
right_child=1 7 6 4 -6 -7 10 9 -10 11 -12 -13 13 15 -16 -17 17 -19 -20
leaf_value=-0.050242901814858 0.0048305289659061022 0.063917362574748948 0.041974458242205387 0.012849390540400629 -0.0039827273696050706 -0.0054044348360575206 -0.050533563238631986 0.059565785789875758 -0.058335925842028416 0.053395536175071291 -0.05359736581574695 0.050686117294434396 -0.052886953411356109 -0.050503319912295619 -0.051760819613884901 -0.051792815064379952 -0.050759779501328796 -0.051605617101477333 -0.050708742812894392
leaf_weight=5.079995175823572 2707.8796589532867 3.4486514106392887 0.51069321739487605 336.16514900466427 3166.7125139459968 675.84605978126638 16.4979953870643 0.89731743652373275 2.0137275960296384 6.2960296683013439 3.3089058632031039 6.7235695691779256 2.8266748571768403 4.1115717492066324 2.6979242733214051 0.87473218329250801 3.591422558762134 1.2000861100386826 0.85834398842416693
leaf_count=1532 16574 26 14 2364 18954 4436 2161 12 29 147 67 1127 84 602 157 29 477 56 87
internal_value=-1.52619e-05 0.000158359 2.10911e-05 0.000164855 -0.00236738 0.00278626 -0.0487073 0.0547549 -0.0517129 0.0524844 -0.0510454 0.0519963 -0.051085 -0.0515744 -0.052337 -0.0507295 -0.0506056 -0.0509716 -0.0503102
internal_weight=6947.54 6924.29 6906.92 6886.6 3502.88 3383.73 20.3176 17.3656 23.2545 13.9169 19.8069 13.0196 21.2408 10.5109 5.5246 4.9863 10.7298 4.79151 5.93834
internal_count=48935 45882 44570 42328 21318 21010 2242 1312 3053 1286 2228 1274 3024 872 241 631 2152 533 1619
is_linear=0
shrinkage=0.05


Tree=102
num_leaves=30
num_cat=0
split_feature=8 8 18 7 18 17 7 7 18 40 17 40 18 6 22 7 18 6 7 22 22 22 6 18 40 6 6 6 2
split_gain=23.8281 19.8896 18.7488 32.937 28.4517 31.3268 23.0509 15.8408 10.9002 0.21014 1.13721 1.46138 0.00208779 0.000756066 0.000526646 0.000516585 0.000236135 0.000112777 9.67267e-05 8.97657e-05 6.58569e-05 5.11662e-05 3.38477e-05 3.23929e-05 1.90132e-05 1.80064e-05 9.99818e-06 4.68824e-06 3.90081e-07
threshold=0.18333333333333332 0.93333333333333346 0.29999999999999999 0.08900000000000001 0.36666666666666675 0.42600000000000005 0.11300000000000002 0.33900000000000002 0.18333333333333332 0.69900000000000007 0.41550000000000004 0.69700000000000006 0.63333333333333341 0.87750000000000006 -0.066666666666666638 0.060500000000000005 0.78888888888888908 0.064500000000000016 0.24050000000000002 1.0000000180025095e-35 -0.21111111111111108 -0.29999999999999988 0.28300000000000008 1.0000000180025095e-35 0.69700000000000006 0.046500000000000007 0.042500000000000003 0.081500000000000017 10.500000000000002
decision_type=2 2 2 2 2 2 2 2 2 2 2 2 2 2 2 2 2 2 2 2 2 2 2 2 2 2 2 2 2
left_child=9 2 3 8 6 -6 -4 -5 -2 10 20 27 13 18 21 -14 -17 28 -3 -19 24 26 -22 -15 -1 -23 -11 -12 -16
right_child=1 12 4 7 5 -7 -8 -9 -10 14 11 -13 15 23 17 16 -18 19 -20 -21 22 25 -24 -25 -26 -27 -28 -29 -30
leaf_value=-0.050229458870502709 0.04993331446341634 0.050955588897011517 0.012746792050249903 0.0049121573479448738 0.0010860404275486115 -0.017574712722874791 -0.013611604865509361 -0.006447892561404542 0.018675969787879276 -0.050145711262945682 -0.050188143297671767 0.12054513145563001 0.0511144907759623 0.050165350352681159 -0.050205256825927462 0.052152337292319439 0.053226518508542875 -0.050935938771505256 0.051320494966148135 -0.051658163510002776 -0.050614972739056165 -0.050172506662375195 -0.051351948659858593 0.050418060273049986 -0.050790906959788086 -0.050429811271273155 -0.050236631374735198 -0.050616147719727757 -0.050323485151582005
leaf_weight=1.5034149370621892 41.04396618437022 9.0886655147187465 94.439050221815705 1419.132868077606 3942.5326545021962 238.51014338410459 681.49434101535007 391.53628667304292 87.037099229171872 4.4781080363318386 0.1402658144943415 0.24273796379566193 0.694991080090403 2.4829557449556878 0.36606974387541003 1.0179081577807665 1.0286215972155333 2.1342277787625794 2.2695145686157039 0.53886363096535195 0.45946452673524896 0.80258529400453227 0.23573186155408621 2.5916753206402063 0.16760155651718389 4.449595442507416 9.3101060329936427 0.11764392326585948 0.086194513831287622
leaf_count=372 708 528 556 8754 23610 1816 3642 2153 707 1556 40 1 39 757 92 27 19 127 97 18 48 237 12 333 12 555 2089 14 16
internal_value=-1.47242e-05 0.000161553 2.01501e-05 0.00418898 -0.00161034 2.15264e-05 -0.0104035 0.00245568 0.0286925 -0.0487089 -0.0359707 0.0324909 0.0510149 0.0508018 -0.0503564 0.0522923 0.0526922 -0.050958 0.0510285 -0.0510815 -0.0504559 -0.0502577 -0.0508649 0.0502944 -0.0502858 -0.0503905 -0.0502071 -0.0503834 -0.0502278
internal_weight=6939.93 6914.9 6895.73 1938.75 4956.98 4181.04 775.933 1810.67 128.081 25.0326 2.86686 0.500648 19.1743 16.4328 22.1658 2.74152 2.04653 3.12536 11.3582 2.67309 2.36621 19.0404 0.695196 5.07463 1.67102 5.25218 13.7882 0.25791 0.452264
internal_count=48935 43746 41946 12322 29624 25426 4198 10907 1415 5189 499 55 1800 1715 4690 85 46 253 625 145 444 4437 60 1090 384 792 3645 54 108
is_linear=0
shrinkage=0.05


Tree=103
num_leaves=25
num_cat=0
split_feature=6 8 2 8 17 19 18 8 19 20 39 29 17 22 8 18 9 15 15 6 7 22 22 17
split_gain=23.2998 19.9009 24.1464 17.795 16.4666 27.8241 17.8665 12.873 12.3861 9.48059 7.47921 6.13942 0.40078 0.0333456 0.00273328 0.00179083 0.00172564 0.000900112 0.000792809 0.000649568 0.000442004 9.02032e-07 2.96863e-07 1.86783e-07
threshold=0.041000000000000009 0.36666666666666675 4.5000000000000009 0.93333333333333346 0.30200000000000005 1.9425000000000001 0.63333333333333341 0.18333333333333332 2.2155000000000005 1.0000000180025095e-35 2.4615000000000005 2.1605000000000003 0.41550000000000004 0.25833333333333336 0.18333333333333332 0.63333333333333341 0.34050000000000008 0.078500000000000014 -1.0000000180025095e-35 0.87750000000000006 0.060500000000000005 -0.12222222222222219 -0.54444444444444429 0.49150000000000005
decision_type=2 2 2 2 2 2 2 2 2 2 2 2 2 2 2 2 2 2 2 2 2 2 2 2
left_child=13 2 9 4 6 -6 -3 12 -9 11 -11 -2 -4 14 21 19 17 -16 -18 -5 -17 22 -1 -23
right_child=1 3 7 15 5 -7 -8 8 -10 10 -12 -13 -14 -15 16 20 18 -19 -20 -21 -22 23 -24 -25
leaf_value=-0.050130585951180473 0.082267316741614027 0.0049934711318800973 -0.050403386177973832 0.050977462057522939 -0.0015584691492457497 -0.037515009565448287 -0.0039212850999507543 -0.0049103147405358226 -0.039118859982908788 -0.042932231523848098 0.014729180227334724 0.030254834130335397 -0.023118376104949941 -0.057941350528463276 -0.053617190156180008 0.051059477585467389 -0.051654940244957551 -0.051875176576907683 -0.050730100556835848 0.050279982082829938 0.052554774153101405 -0.050244415367515366 -0.05015396380439744 -0.05018447093437324
leaf_weight=2.817679397296164 7.4674869105219868 2986.4351277216338 16.400131772737954 10.814779553562405 1447.4847261281684 55.880003930535167 692.32494736509398 1571.8645890806802 26.9140570810996 6.2517569512128821 55.982562107034028 23.61625474318862 1.4661719889845688 1.9211095646023739 0.98666912689804975 0.66179028619080726 3.6922768838703623 2.984742546454072 6.2224796717055133 4.8284887617919585 1.951682388782501 0.22729810327291744 2.621245933463797 0.30342417326755822
leaf_count=1086 48 17156 2937 625 7548 572 4457 10036 568 39 410 141 170 29 18 39 145 119 660 1090 46 50 862 84
internal_value=-1.376e-05 0.000148968 -0.00453033 0.00168759 0.00151399 -0.00289497 0.00331576 -0.00595784 -0.00548619 0.0201999 0.0089368 0.0427502 -0.0481643 -0.0516512 -0.0510426 0.0509646 -0.0514273 -0.052308 -0.0510745 0.0507622 0.0521761 -0.0501479 -0.0501419 -0.0502101
internal_weight=6932.12 6910.34 1709.96 5200.38 5182.12 1503.36 3678.76 1616.64 1598.78 93.3181 62.2343 31.0837 17.8663 21.7769 19.8558 18.2567 13.8862 3.97141 9.91476 15.6433 2.61347 5.96965 5.43893 0.530722
internal_count=48935 45882 14349 31533 29733 8120 21613 13711 10604 638 449 189 3107 3053 3024 1800 942 137 805 1715 85 2082 1948 134
is_linear=0
shrinkage=0.05


Tree=104
num_leaves=23
num_cat=0
split_feature=6 18 18 18 18 4 30 22 22 8 8 9 15 15 17 17 20 17 8 22 22 17
split_gain=22.1262 19.2496 18.1219 19.8617 127.893 19.1165 1.72451 0.0288931 0.00877248 0.00366821 0.00234967 0.00148054 0.00076968 0.000680635 0.000653919 0.000541922 0.000233706 0.000113588 9.59004e-05 7.76102e-07 2.5538e-07 1.60708e-07
threshold=0.041000000000000009 1.0000000180025095e-35 0.81666666666666676 0.78888888888888908 0.70000000000000007 1.2405000000000002 1.3110000000000002 0.25833333333333336 -0.14999999999999997 0.36666666666666675 0.18333333333333332 0.34050000000000008 0.078500000000000014 -1.0000000180025095e-35 0.24550000000000002 0.044000000000000004 -2.4999999999999996 0.26200000000000007 0.93333333333333346 -0.12222222222222219 -0.54444444444444429 0.49150000000000005
decision_type=2 2 2 2 2 2 2 2 2 2 2 2 2 2 2 2 2 2 2 2 2 2
left_child=7 9 3 4 -3 -5 -4 10 -8 14 19 12 -12 -13 16 18 -2 -17 -11 20 -1 -21
right_child=1 2 6 5 -6 -7 8 -9 -10 15 11 13 -14 -15 -16 17 -18 -19 -20 21 -22 -23
leaf_value=-0.050124201762079594 0.051616786653214279 0.00060872494597318688 0.042528242918126319 0.027055305145155507 -0.049357437739010572 -0.00090795585992798169 -0.050510907909583548 -0.057555748615689108 -0.053406795911352473 0.050565317139344215 -0.053430900000573558 -0.051572497534757095 -0.051781722903783078 -0.050694427681005516 0.053410362055998188 0.050927457408011516 0.052487101452318469 0.051355443443856466 0.050149585161032295 -0.050232448117305033 -0.050146432222365936 -0.050175443305156477
leaf_weight=2.6805923474021291 1.5528955180197952 6484.6588733615354 0.50623165816068905 131.88906551711261 130.6465290072374 113.90122219407931 15.527939825551588 1.8393492884933937 3.1447998890653226 3.6323219714686266 0.94173830002546255 3.5176752572879186 2.8441696495283395 5.9230657746084026 1.2354550044983623 6.1684241511393321 1.5326788304373651 2.0707226735539734 2.2442662990652025 0.21626285649836319 2.4937712978571653 0.28867662372067571
leaf_count=1086 59 38390 12 755 1748 1057 2163 29 67 349 18 145 119 660 23 378 36 89 756 50 862 84
internal_value=-1.35114e-05 0.000141536 4.81412e-06 0.000140484 -0.000378063 0.0140969 -0.04853 -0.0515734 -0.0509986 0.0511636 -0.0509913 -0.0513566 -0.052192 -0.0510216 0.0524383 0.0507734 0.0520491 0.051035 0.0504065 -0.0501407 -0.0501349 -0.0501999
internal_weight=6919.46 6898.71 6880.27 6861.1 6615.31 245.79 19.179 20.7453 18.6727 18.4368 18.906 13.2266 3.78591 9.44074 4.32103 14.1157 3.08557 8.23915 5.87659 5.6793 5.17436 0.504939
internal_count=48935 45882 44192 41950 40138 1812 2242 3053 2230 1690 3024 942 137 805 118 1572 95 467 1105 2082 1948 134
is_linear=0
shrinkage=0.05


Tree=105
num_leaves=25
num_cat=0
split_feature=8 11 19 17 8 2 15 17 18 17 17 22 22 3 18 22 22 22 6 18 6 6 6 6
split_gain=21.1485 18.4635 16.9904 17.1963 17.1843 11.7174 10.4147 7.34239 0.316628 0.217928 1.04886 0.0940625 0.0219665 0.00625664 0.00557985 0.000416019 9.32233e-05 4.62996e-05 1.96317e-05 1.98939e-05 1.24868e-05 1.01498e-05 8.76795e-06 8.97036e-07
threshold=0.18333333333333332 1.0000000180025095e-35 2.3170000000000006 0.55300000000000016 0.76388888888888895 4.5000000000000009 -0.17299999999999996 0.19600000000000004 0.63333333333333341 0.41550000000000004 0.41900000000000004 -0.066666666666666638 0.16666666666666669 1.9835000000000003 1.0000000180025095e-35 -0.066666666666666638 1.0000000180025095e-35 -0.29999999999999988 0.13150000000000003 0.25833333333333336 0.10400000000000001 0.046500000000000007 0.042500000000000003 0.042500000000000003
decision_type=2 2 2 2 2 2 2 2 2 2 2 2 2 2 2 2 2 2 2 2 2 2 2 2
left_child=9 11 3 4 -3 8 -5 -7 -4 15 -11 -2 13 -13 -14 17 20 22 23 -20 -17 -19 -1 -12
right_child=1 2 5 6 -6 7 -8 -9 -10 10 18 12 14 -15 -16 16 -18 21 19 -21 -22 -23 -24 -25
leaf_value=-0.050124745300482589 0.063673486498817516 -9.4183155798505447e-05 -0.071842564057446143 -0.0055839195474506357 0.0095709210988514648 -0.006952929568283992 -0.037340220432874265 -0.0515371704320014 -0.056100200061213384 0.030142069094729509 -0.050140330894918622 0.058334668661497502 0.0503905134410512 0.05408017689747803 0.052761977862626125 -0.050512575082956514 -0.051486212084711318 -0.050151253812568887 -0.050872705600711825 -0.05031021410735699 -0.050821772931959511 -0.050401375412676454 -0.050217405438225129 -0.05026137181522991
leaf_weight=3.5674337462987813 2.2891791313886651 6181.6285467101261 4.4520555362105361 57.561198557261378 496.86027024220675 65.867869555950165 46.817523045931011 10.74029929563403 11.304385226685552 0.50029345694929306 1.1966422442346814 1.6741785369813418 5.2371743621770275 1.7860100753605364 4.7122922344133258 0.40676284744404245 0.56399171007797111 0.44977505621500569 0.22033534571528424 0.54850097117014229 1.6553544364869592 4.1294000567868352 8.9781658465508354 0.17551996605470765
leaf_count=1447 15 34990 57 350 4940 684 783 262 428 16 438 16 1068 28 125 59 27 151 14 103 109 560 2227 38
internal_value=-1.38846e-05 0.000143759 2.00847e-05 0.000310136 0.000624873 -0.0212801 -0.0198277 -0.0132035 -0.0605483 -0.0485268 -0.0350383 0.0543062 0.0527071 0.0561387 0.0515137 -0.0503306 -0.0509166 -0.0502407 -0.0502691 -0.0504714 -0.0507608 -0.0503768 -0.0501911 -0.0501558
internal_weight=6913.32 6890.93 6875.23 6782.87 6678.49 92.3646 104.379 76.6082 15.7564 22.3922 2.64129 15.6988 13.4097 3.46019 9.94947 19.7509 2.62611 17.1248 2.141 0.768836 2.06212 4.57918 12.5456 1.37216
internal_count=48935 43746 42494 41063 39930 1431 1133 946 485 5189 609 1252 1237 44 1193 4580 195 4385 593 117 168 711 3674 476
is_linear=0
shrinkage=0.05


Tree=106
num_leaves=22
num_cat=0
split_feature=6 9 18 18 18 4 16 18 26 15 26 18 42 21 18 16 1 17 18 17 16
split_gain=20.3956 18.1376 16.9998 17.7448 119.012 16.8168 1.68352 0.0729148 0.0568109 0.0147858 0.012053 0.00720928 0.00495125 0.00370918 0.00211506 0.00680577 0.000713889 0.000688141 0.000380835 0.000609057 3.68394e-07
threshold=0.041000000000000009 2.7205000000000004 0.81666666666666676 0.78888888888888908 0.70000000000000007 1.2405000000000002 0.31100000000000005 0.51666666666666672 0.26450000000000007 3.1665000000000005 0.36650000000000005 0.25833333333333336 0.29400000000000004 -1.4999999999999998 0.40833333333333338 0.93100000000000016 24.500000000000004 0.55300000000000016 0.81666666666666676 0.064500000000000016 0.55400000000000016
decision_type=2 2 2 2 2 2 2 2 2 2 2 2 2 2 2 2 2 2 2 2 2
left_child=9 2 3 4 -2 -5 -4 11 -9 14 -10 16 -13 -8 15 17 -3 -1 19 -16 -20
right_child=1 7 6 5 -6 -7 13 8 10 -11 -12 12 -14 -15 18 -17 -18 -19 20 -21 -22
leaf_value=-0.051728964975423557 0.00058082002562687726 0.050645156752419887 0.040920612421289346 0.025432051958634874 -0.048508554002600741 -0.00078399779171003199 -0.050573518121259479 0.069445210677473265 0.06057997099271465 -0.06187187558087525 0.053896767932837014 0.052909607718632762 0.057017283544560364 -0.052333764779525394 -0.051460008288917426 -0.055907739844841202 0.053624748264757251 -0.050756549343654013 -0.05024118180858235 -0.050586710616125657 -0.050118531291994187
leaf_weight=4.8063138416037017 6481.9062390406616 4.0641220358666015 0.51312899240292864 132.39732745569199 125.86591377598234 113.70803665998392 13.786447278223935 1.1839993773028243 1.0855755442753436 0.33466321835294266 1.7821432999335227 6.1568954470567405 0.83284018468111742 3.8225450180470917 3.2513560280203784 0.92099465103819955 0.21148932655341912 2.9274785029701889 0.063457990065217573 5.1730879615060985 1.7382722841575742
leaf_count=460 38780 916 14 748 1743 1057 2059 10 16 40 58 275 31 169 354 20 6 466 14 945 754
internal_value=-1.35109e-05 0.000130009 8.87028e-06 0.000136745 -0.000354242 0.0133195 -0.0483541 0.0544787 0.060231 -0.0514541 0.0564267 0.0524098 0.053399 -0.0509556 -0.0512695 -0.0518447 0.0507925 -0.0513609 -0.0507826 -0.0509238 -0.0501229
internal_weight=6906.53 6887.32 6872 6853.88 6607.77 246.105 18.1221 15.3171 4.05172 19.2156 2.86772 11.2653 6.98974 17.609 18.881 8.65479 4.27561 7.73379 10.2262 8.42444 1.80173
internal_count=48935 45882 44570 42328 40523 1805 2242 1312 84 3053 74 1228 306 2228 3013 946 922 926 2067 1299 768
is_linear=0
shrinkage=0.05


Tree=107
num_leaves=31
num_cat=0
split_feature=8 8 8 2 7 8 18 18 7 24 17 4 39 21 24 24 11 40 17 40 22 9 22 7 18 7 22 23 22 18
split_gain=19.8118 16.3769 16.3002 15.8206 17.6988 37.094 15.3707 24.0792 20.4831 18.6084 16.006 11.9536 11.8733 11.8294 11.7006 9.12742 9.0058 0.229837 1.13182 1.2129 0.00130558 0.000524763 0.000350047 0.000328511 0.000121311 7.05083e-05 6.57972e-05 4.39611e-05 3.49656e-05 2.01782e-05
threshold=0.36666666666666675 0.93333333333333346 0.18333333333333332 23.500000000000004 0.32700000000000007 0.25833333333333336 0.29999999999999999 0.36666666666666675 0.16950000000000001 3.9095000000000004 0.32700000000000007 0.71700000000000008 2.4490000000000003 -16.499999999999996 3.9415000000000004 3.2680000000000007 2.5000000000000004 0.69900000000000007 0.41550000000000004 0.69700000000000006 0.36666666666666664 2.7205000000000004 -0.066666666666666638 0.060500000000000005 0.78888888888888908 0.24050000000000002 1.0000000180025095e-35 0.54100000000000015 -0.29999999999999988 1.0000000180025095e-35
decision_type=2 2 2 2 2 2 2 2 2 2 2 2 2 2 2 2 2 2 2 2 2 2 2 2 2 2 2 2 2 2
left_child=2 6 17 4 14 -6 8 10 16 -9 -8 -10 13 -5 -4 -14 -2 18 27 -20 23 25 28 -3 -25 -22 -24 -1 -19 -23
right_child=1 20 3 12 5 -7 7 9 11 -11 -12 -13 15 -15 -16 -17 -18 22 19 -21 21 29 26 24 -26 -27 -28 -29 -30 -31
leaf_value=-0.050344221186982507 0.045251276028977494 0.050972174650424966 0.0014866406975895692 -0.061717409079123223 -0.053630755785142481 -0.0045874629583251931 -0.016324073207495082 0.00083941476635702506 -0.013574810542480435 0.027602834107579879 0.00084529658943581455 0.0042544656667297415 -0.015949695514012856 0.037199654127572833 0.055046502701690564 0.023253765459630368 0.014455539104337813 -0.050176245983865303 -0.050345997969453771 0.11202232515958127 0.050851409302370691 0.050128601673503165 -0.050722845243938053 0.051918157237203492 0.052738427779299268 0.051179945989726874 -0.051362373420501817 -0.051467007194195558 -0.050341041239455403 0.050351582903545966
leaf_weight=1.8990599366370617 25.822905132547021 0.60018800385296645 943.67842164402828 3.5646270839497474 45.015096234390512 268.6730104489252 353.44323975406587 3118.8093946650624 103.93042768817395 66.329413974191993 220.37986872158945 984.83102242741734 388.63219700404443 19.871416034176946 10.30831956071779 15.436756417155264 294.32062292844057 11.42306958534755 0.21515746973454941 0.24712055921554565 8.22762937331572 1.9337747311219562 2.1857660892419495 0.91404167562723138 0.88925517722964287 2.0375260510481885 0.49287780630402256 0.091374184004962333 4.4816029265057304 2.1344448812305927
leaf_count=438 560 39 6212 40 676 2328 1826 16680 742 456 1046 6099 2562 115 68 73 2463 3645 54 1 536 757 229 27 19 97 24 6 792 325
internal_value=-1.38355e-05 0.00152754 -0.00467027 -0.00412745 -0.0013224 -0.0116253 0.00136762 -0.00030181 0.00582167 0.00139675 -0.00973008 0.00255253 -0.0124452 0.0221543 0.00206538 -0.014452 0.0169395 -0.048413 -0.0340271 0.0364514 0.050907 0.0507262 -0.0503117 0.0519854 0.0523227 0.0509166 -0.0508405 -0.0503958 -0.0502227 0.0502456
internal_weight=6900.82 5184.6 1716.22 1695.18 1267.67 313.688 5167.87 3758.96 1408.9 3185.14 573.823 1088.76 427.505 23.436 953.987 404.069 320.144 21.036 2.45271 0.462278 16.7369 14.3334 18.5833 2.40348 1.8033 10.2652 2.67864 1.99043 15.9047 4.06822
internal_count=48935 31672 17263 12074 9284 3004 29872 20008 9864 17136 2872 6841 2790 155 6280 2635 3023 5189 499 55 1800 1715 4690 85 46 633 253 444 4437 1082
is_linear=0
shrinkage=0.05


Tree=108
num_leaves=23
num_cat=0
split_feature=6 18 18 18 18 8 32 22 22 8 8 9 15 17 15 17 17 7 8 22 22 17
split_gain=18.9244 17.7136 16.0557 16.1815 110.866 16.6215 1.66125 0.0182675 0.00660714 0.00312786 0.00156055 0.00103102 0.000627399 0.000559818 0.000463191 0.000447924 0.000205756 0.000110531 7.25923e-05 4.34976e-07 1.39052e-07 9.47418e-08
threshold=0.041000000000000009 1.0000000180025095e-35 0.81666666666666676 0.78888888888888908 0.70000000000000007 0.8500000000000002 0.30700000000000005 0.25833333333333336 -0.066666666666666638 0.36666666666666675 0.18333333333333332 0.34050000000000008 0.078500000000000014 0.24550000000000002 -1.0000000180025095e-35 0.044000000000000004 0.049000000000000009 0.35850000000000004 0.93333333333333346 -0.12222222222222219 -0.54444444444444429 0.49150000000000005
decision_type=2 2 2 2 2 2 2 2 2 2 2 2 2 2 2 2 2 2 2 2 2 2
left_child=7 9 3 4 -3 -5 -4 10 -8 13 19 12 -12 16 -13 18 -2 -17 -11 20 -1 -21
right_child=1 2 6 5 -6 -7 8 -9 -10 15 11 14 -14 -15 -16 17 -18 -19 -20 21 -22 -23
leaf_value=-0.050101564324821629 0.051169371919822362 0.00053446648063868666 0.040212621100923301 0.0099770706011594983 -0.047607954796313801 0.074968788999091443 -0.050577962833290996 -0.056426850767857556 -0.053829628032483506 0.050515013306418922 -0.053105430485389495 -0.051383989024872428 -0.051537220144161747 0.053241104198406455 -0.050610372442906421 0.050896200283819852 0.052176390999318534 0.051419309059650697 0.050122372473578147 -0.050191649366282703 -0.050119697001614276 -0.050143287823994354
leaf_weight=2.1940226835431567 0.65335018187761607 6470.1131020931061 0.51551166456192987 236.88040072424337 121.83878006739542 10.263978798873721 14.983803045703102 1.6395792961120594 1.7440544646233291 3.2757416102103871 0.86029115598648731 3.0940795005299142 2.4659339978825301 1.181217238306999 5.1643239059485486 6.5746626837644726 2.2682734970003366 1.1930503305047748 1.8374943758826701 0.17735369526781397 2.0406832339940593 0.23606426827609539
leaf_count=1086 35 38390 13 1743 1748 69 2196 29 33 349 18 145 119 23 660 420 60 47 756 50 862 84
internal_value=-1.31991e-05 0.000120412 -5.91977e-06 0.000115573 -0.000355348 0.0126762 -0.0481926 -0.0513971 -0.050917 0.0511203 -0.050889 -0.0511996 -0.0519428 0.0523226 -0.0509002 0.0507373 0.0519512 0.0509765 0.0503739 -0.0501151 -0.0501103 -0.050164
internal_weight=6891.2 6873.32 6856.34 6839.1 6591.95 247.144 17.2434 17.8723 16.7279 16.9838 16.2328 11.5846 3.32623 4.10284 8.2584 12.8809 2.92162 7.76771 5.11324 4.64812 4.23471 0.413418
internal_count=48935 45882 44192 41950 40138 1812 2242 3053 2229 1690 3024 942 137 118 805 1572 95 467 1105 2082 1948 134
is_linear=0
shrinkage=0.05


Tree=109
num_leaves=27
num_cat=0
split_feature=8 18 7 19 2 2 6 44 30 31 34 8 21 11 22 2 7 6 22 6 18 22 6 22 6 2
split_gain=18.5181 16.8253 15.5937 16.5242 16.5206 15.5805 7.28351 6.89045 1.43614 0.204102 1.22829 0.00268389 0.000446331 0.000382096 0.000293884 0.000206493 9.53692e-05 5.44691e-05 5.29939e-05 4.54658e-05 4.26446e-05 3.36106e-05 1.08941e-05 9.0832e-06 8.24211e-06 7.97506e-08
threshold=0.18333333333333332 1.0000000180025095e-35 0.5355000000000002 1.7070000000000001 2.5000000000000004 2.5000000000000004 0.14050000000000004 0.5415000000000002 1.3815000000000002 0.61350000000000005 0.66900000000000015 0.36666666666666675 1.0000000180025095e-35 1.0000000180025095e-35 -0.066666666666666638 12.500000000000002 0.35850000000000004 0.064500000000000016 1.0000000180025095e-35 0.93100000000000016 0.14999999999999999 -0.29999999999999988 0.046500000000000007 -0.21111111111111108 0.042500000000000003 3.5000000000000004
decision_type=2 2 2 2 2 2 2 2 2 2 2 2 2 2 2 2 2 2 2 2 2 2 2 2 2 2
left_child=9 11 3 5 -5 -3 8 -8 -4 10 -1 12 -2 19 21 -14 -15 25 -19 -13 -12 24 -23 -22 -11 -16
right_child=1 2 6 4 -6 -7 7 -9 -10 14 20 13 15 16 17 -17 -18 18 -20 -21 23 22 -24 -25 -26 -27
leaf_value=0.043915771616902327 0.053111391792398002 0.023479843431109752 -0.019447106883246423 -0.061340586706806727 -0.0037999437560557558 0.0013014265102661631 -0.018924288815184875 0.021345904308220989 -0.057403706438780636 -0.050102267750645413 -0.050946975929458772 0.050452613627445832 0.051353889718770453 0.050829214124010758 -0.050136303400960737 0.052221854008294634 0.051312269074796329 -0.050781491576525686 -0.051419422154347229 0.050117711568436529 -0.05019749632742139 -0.050121930904185798 -0.050371759807551889 -0.050422774809615448 -0.050197451274903798 -0.050189792287858019
leaf_weight=0.41195901646279098 1.0084186531603365 80.427436111494899 3.0887437723577014 12.578142073471097 1511.3378779678605 5138.4722085027024 78.473717916524038 12.285296183079479 12.900675104930995 3.220974485739136 0.28447646577842567 2.3931303415447465 1.1086445553228261 6.9113455121405405 0.12848232639953261 1.7942330762743948 1.1990404604002831 1.6424540430307391 0.40603068657219399 1.7577900812029836 1.0960517742205413 0.50002234545536461 3.4273861534893513 0.75611683004535679 7.7385415469761938 0.15227975929155946
leaf_count=33 20 764 109 290 10722 28974 445 71 681 1592 22 286 51 477 48 47 52 118 16 757 323 209 510 122 2152 44
internal_value=-1.3335e-05 0.000125789 5.51652e-06 0.000305691 -0.00427487 0.00164321 -0.0189551 -0.0134732 -0.0500715 -0.0483412 -0.0351354 0.0510647 0.0522052 0.0507009 -0.0502962 0.0518904 0.0509006 -0.0508184 -0.0509079 0.0503108 -0.050377 -0.0502145 -0.05034 -0.0502895 -0.0501695 -0.0501653
internal_weight=6885.5 6865.74 6849.56 6742.82 1523.92 5218.9 106.748 90.759 15.9894 19.7648 2.5486 16.1726 3.9113 12.2613 17.2162 2.90288 8.11039 2.32925 2.04848 4.15092 2.13665 14.8869 3.92741 1.85217 10.9595 0.280762
internal_count=48935 43746 42056 40750 11012 29738 1306 516 790 5189 500 1690 118 1572 4689 98 529 226 134 1043 467 4463 719 445 3744 92
is_linear=0
shrinkage=0.05


Tree=110
num_leaves=30
num_cat=0
split_feature=8 8 8 12 26 14 5 2 7 39 6 39 15 39 13 40 31 7 15 20 21 24 11 23 6 15 16 20 11
split_gain=17.6652 15.3433 14.6375 15.2813 14.088 11.4598 11.326 10.7645 12.4135 10.7192 10.7162 8.11677 6.44344 3.38774 1.30128 0.231063 1.02453 0.000732308 0.000336688 0.000316948 0.00010653 8.4092e-05 6.81519e-05 3.58146e-05 3.30489e-05 2.34485e-05 1.87293e-05 1.6691e-05 1.23814e-05
threshold=0.36666666666666675 0.93333333333333346 0.18333333333333332 4.5000000000000009 0.10250000000000002 0.40450000000000003 -0.075499999999999984 23.500000000000004 0.32700000000000007 2.4490000000000003 0.24550000000000002 2.4595000000000007 0.32050000000000006 2.5465000000000004 1.6170000000000002 0.69900000000000007 0.61350000000000005 0.051500000000000011 -0.33899999999999991 -5.4999999999999991 1.0000000180025095e-35 2.4285000000000005 5.5000000000000009 0.55700000000000016 0.041000000000000009 -0.33899999999999991 0.11300000000000002 -2.4999999999999996 1.0000000180025095e-35
decision_type=2 2 2 2 2 2 2 2 2 2 2 2 2 2 2 2 2 2 2 2 2 2 2 2 2 2 2 2 2
left_child=2 4 15 10 13 12 -7 8 -5 -9 18 -12 -6 -2 -15 16 -1 22 -4 25 24 -21 28 -18 -17 -19 -22 -24 -3
right_child=1 17 3 7 5 6 -8 9 -10 -11 11 -13 -14 14 -16 20 23 19 -20 21 26 -23 27 -25 -26 -27 -28 -29 -30
leaf_value=0.033747915022634779 -0.020431224338392825 0.050111403967222634 -0.051471289709330327 0.00041591953782840979 0.027450178985483954 0.0051785382384233452 5.2254323981845859e-05 0.020858722682337894 -0.011366744561785859 -0.013849430261385796 -0.030669368690705596 0.023793575300423041 -0.038610683793446593 -0.051785145867202988 -0.095086140023291937 -0.050103200261951142 -0.050302974138420734 0.050775998856301532 -0.050614629874585981 0.051943636011025487 -0.050792381863551554 0.051305685326946363 0.050530277517129622 -0.051403552862732474 -0.050275819004643445 0.050984353207577306 -0.050493563631438809 0.050943915153368151 0.050305309313301905
leaf_weight=0.45548079872969838 4.6180381402373296 1.6726966197602444 1.5790516161359835 864.67928073857911 4.30168199236505 1542.933600762859 3571.7800397053361 23.550620744004846 301.47362925717607 401.3707646059338 7.4427581848576656 84.615501172374934 26.010152525268495 3.1563695664517581 3.8531285244971514 3.8097345295827862 1.6900034872815011 4.2367213231045753 4.1915759504772723 0.5898897284641843 0.72608822677284424 4.1553817028179765 1.0920735199470071 0.077300296165048965 10.187645765370688 1.9821221209131179 1.8876312836073337 0.31400794256478537 1.6211039514746515
leaf_count=42 25 758 75 5609 35 8290 21163 155 2374 2635 50 588 312 20 27 1892 452 301 588 21 64 194 116 5 2478 114 256 20 276
internal_value=-1.29287e-05 0.00144287 -0.00442218 -0.00393335 0.00129278 0.00141702 0.00159868 -0.00511268 -0.00263013 -0.0119258 0.0152471 0.0193903 -0.0292357 -0.0536816 -0.0755877 -0.0482577 -0.033118 0.0508534 -0.050849 0.0510772 -0.0502836 0.051385 0.0503312 -0.0503511 -0.0502288 0.0508424 -0.0505766 0.0506227 0.0502068
internal_weight=6880.05 5172.32 1707.74 1688.9 5156.65 5145.03 5114.71 1591.07 1166.15 424.921 97.8289 92.0583 30.3118 11.6275 7.0095 18.8339 2.22278 15.664 5.77063 10.9641 16.6111 4.74527 4.69988 1.7673 13.9974 6.21884 2.61372 1.40608 3.2938
internal_count=48935 31672 17263 12074 29872 29800 29453 10773 7983 2790 1301 638 347 72 47 5189 499 1800 663 630 4690 215 1170 457 4370 415 320 136 1034
is_linear=0
shrinkage=0.05


Tree=111
num_leaves=24
num_cat=0
split_feature=8 9 18 18 18 7 31 30 30 40 16 22 6 8 22 6 18 22 22 40 6 6 21
split_gain=16.6923 16.0208 15.0668 14.4059 16.0159 10.3529 7.59697 6.12489 1.62274 0.234003 1.00238 0.0712065 0.0137882 0.00619733 0.000223549 4.41429e-05 3.53409e-05 3.47792e-05 2.28464e-05 1.98694e-05 8.10648e-06 5.51585e-06 1.7869e-07
threshold=0.18333333333333332 2.7205000000000004 0.074999999999999969 0.81666666666666676 0.78888888888888908 0.24050000000000002 0.59450000000000014 1.429 1.3110000000000002 0.69900000000000007 0.17300000000000001 1.0000000180025095e-35 0.87750000000000006 0.93333333333333346 -0.066666666666666638 0.064500000000000016 0.18333333333333332 1.0000000180025095e-35 -0.29999999999999988 0.69700000000000006 0.046500000000000007 0.042500000000000003 -3.4999999999999996
decision_type=2 2 2 2 2 2 2 2 2 2 2 2 2 2 2 2 2 2 2 2 2 2 2
left_child=9 2 5 4 -4 7 -7 -2 -5 10 -1 -3 -13 -14 18 22 -12 -17 21 -18 -20 -11 -16
right_child=1 11 3 8 -6 6 -8 -9 -10 14 16 12 13 -15 15 17 19 -19 20 -21 -22 -23 -24
leaf_value=0.033478376798366571 0.0066535095117527428 0.061143955458128355 -0.00079376173570654032 0.038836159504668413 0.012188519799160453 -0.044904684117021809 0.0060836891923068005 0.032717103860070491 -0.050893120053990784 -0.050092870353484337 -0.051261596030635986 0.058615944378277191 0.05284131682576975 0.050286909176125383 -0.050228269331979394 -0.050704434266505699 -0.05021050902033717 -0.051223302856236441 -0.050110244796435756 -0.050732266891358749 -0.050323785841660876 -0.05017563657871317 -0.050130126065692615
leaf_weight=0.45201513799839022 33.156051756814122 2.9219280146062365 6358.900989582995 0.5209364015609016 246.7884785560891 7.827133364044129 109.57549428148195 70.404980025719851 15.382404066389425 2.8585550625575689 0.097131543792784103 0.80909312050789317 5.9846964916214347 3.9361357907764614 0.057920400286093354 1.603356571402401 1.3849711483344433 0.40441707149147976 0.51289156451821449 0.21015535667538632 3.3298723828047514 6.8054393824422732 0.23274902487173443
leaf_count=37 393 26 36208 12 1612 61 1075 1081 1992 1556 5 12 159 1115 16 127 440 18 237 17 555 2089 92
internal_value=-1.26861e-05 0.000113381 5.42283e-06 -0.000423175 -0.000308744 0.0128492 0.00268434 0.0243726 -0.0479539 -0.0481669 -0.0326675 0.0542241 0.0523397 0.0518278 -0.0502697 -0.0507256 -0.0503356 -0.0508089 -0.0501922 -0.0502792 -0.0502953 -0.0501512 -0.0501497
internal_weight=6874.16 6856.21 6842.56 6621.59 6605.69 220.964 117.403 103.561 15.9033 17.9495 2.14427 13.6519 10.7299 9.92083 15.8052 2.29844 1.69226 2.00777 13.5068 1.59513 3.84276 9.66399 0.290669
internal_count=48935 43746 42434 39824 37820 2610 1136 1474 2004 5189 499 1312 1286 1274 4690 253 462 145 4437 457 792 3645 108
is_linear=0
shrinkage=0.05


Tree=112
num_leaves=28
num_cat=0
split_feature=8 18 17 23 15 19 15 17 31 17 40 40 8 17 17 22 20 7 8 22 17 22 21 40 1 17 40
split_gain=15.8466 15.6361 15.1421 15.4236 13.6153 13.5482 10.1014 9.50576 0.915134 0.239645 1.0305 0.942645 0.00225574 0.000412141 0.000309346 0.000197228 0.00014696 8.35486e-05 5.12531e-05 4.36978e-05 4.12938e-05 2.28561e-05 7.29101e-06 4.86395e-06 4.29292e-06 4.09743e-06 1.42518e-06
threshold=0.18333333333333332 1.0000000180025095e-35 0.55300000000000016 0.87050000000000016 -1.3964999999999999 2.3170000000000006 0.23200000000000004 0.81650000000000011 0.82650000000000012 0.41550000000000004 0.69900000000000007 0.69700000000000006 0.36666666666666675 0.24550000000000002 0.044000000000000004 -0.066666666666666638 -2.4999999999999996 0.35850000000000004 0.93333333333333346 1.0000000180025095e-35 0.41900000000000004 -0.29999999999999988 1.0000000180025095e-35 0.69900000000000007 2.5000000000000004 0.26800000000000007 0.69400000000000006
decision_type=2 2 2 2 2 2 2 2 2 2 2 2 2 2 2 2 2 2 2 2 2 2 2 2 2 2 2
left_child=9 12 3 5 -5 -3 7 -4 -8 15 11 26 13 16 18 21 -2 -16 -14 25 -12 24 -22 -23 -1 -17 -11
right_child=1 2 6 4 -6 -7 8 -9 -10 10 20 -13 14 -15 17 19 -18 -19 -20 -21 22 23 -24 -25 -26 -27 -28
leaf_value=-0.050087094864124028 0.051373014909135845 -0.00018565672361388848 -0.0063496531643450543 0.033896693912154566 0.0057203508975875415 -0.019935634254318213 -0.058018876520388618 -0.06089877935212034 -0.020046912449379176 -0.050185116003757801 -0.050960043956864723 0.099590306499423936 0.050459341667198926 0.052911580062559929 0.050797804861625474 -0.050673545666695401 0.052120463369731154 0.051276760601968653 0.050100135089319764 -0.051157472155544406 -0.050157374561456462 -0.050451370145426271 -0.05048460454338103 -0.050274290594706353 -0.050166409906466175 -0.050513825338611963 -0.050468740607976459
leaf_weight=2.2344483232591283 1.3096686629578473 6036.8344043968245 76.536324409302324 46.394295676378533 565.08662038622424 88.100725546246395 15.371309914626183 8.9168579033575934 1.7693568756803859 0.10295057680923436 0.2064352948218583 0.24999576807022095 2.9199121478013677 1.0716514624655245 5.846295389579609 0.82011729897931329 1.3208627905696624 1.0784844327718017 1.5048414577031506 0.44049891852773715 1.2183751586126161 0.44291682704351965 0.19786931062117208 3.1154653996927664 7.2137280916795135 0.78674325509928167 0.077734880498610437
leaf_count=1296 59 34846 496 520 4134 1423 173 446 18 38 14 1 349 23 420 74 36 47 756 27 513 66 27 645 2378 94 16
internal_value=-1.20654e-05 0.000107895 -4.1405e-06 0.000286203 0.00785815 -0.000469739 -0.0190684 -0.0120417 -0.0540992 -0.0480745 -0.0320511 0.0367032 0.0510133 0.052085 0.0506637 -0.0502601 0.0517483 0.0508724 0.0503372 -0.0507163 -0.0502994 -0.0501883 -0.0502031 -0.0502963 -0.0501477 -0.0505953 -0.0503071
internal_weight=6871.17 6854.06 6839.01 6736.42 611.481 6124.94 102.594 85.4532 17.1407 17.1073 2.05336 0.430681 15.0517 3.70218 11.3495 15.0539 2.63053 6.92478 4.42475 2.04736 1.62268 13.0066 1.41624 3.55838 9.44818 1.60686 0.180685
internal_count=48935 43746 42056 40923 4654 36269 1133 942 191 5189 609 55 1690 118 1572 4580 95 467 1105 195 554 4385 540 711 3674 168 54
is_linear=0
shrinkage=0.05


Tree=113
num_leaves=24
num_cat=0
split_feature=6 17 7 18 18 7 9 9 18 5 44 18 7 18 7 18 15 18 16 17 18 17 16
split_gain=16.0837 16.0053 19.935 19.472 113.209 18.0081 15.6658 15.4252 15.2326 10.3832 10.1911 9.13258 9.4476 9.28864 5.15942 0.0372117 0.00862868 0.00125653 0.00355283 0.000484327 0.000230303 0.000415266 1.90728e-07
threshold=0.041000000000000009 1.0000000180025095e-35 0.37700000000000006 0.70000000000000007 0.78888888888888908 0.23400000000000001 1.6130000000000002 2.5085000000000002 0.074999999999999969 -0.50849999999999984 0.54550000000000021 0.78888888888888908 0.47500000000000003 0.70000000000000007 0.37250000000000005 0.51666666666666672 3.1665000000000005 0.40833333333333338 0.93100000000000016 0.55300000000000016 0.81666666666666676 0.064500000000000016 0.55400000000000016
decision_type=2 2 2 2 2 2 2 2 2 2 2 2 2 2 2 2 2 2 2 2 2 2 2
left_child=16 5 3 8 -5 7 9 10 -3 -7 -2 13 -13 -4 -8 -9 17 18 19 -1 21 -19 -22
right_child=1 2 11 4 -6 6 14 15 -10 -11 -12 12 -14 -15 -16 -17 -18 20 -20 -21 22 -23 -24
leaf_value=-0.051559492996534999 0.00045055059931671044 0.015369259643592693 -0.0081650913792973689 -0.058397398662080102 0.0085117134856409864 0.042978482052626638 0.032731045245772791 0.052230836136600546 0.00069900497849953956 0.0013124719463184396 -0.06596638845276323 0.012070748417150307 0.11883033236590544 -0.055041040489110973 0.063612345557087724 0.057796724383006572 -0.060035736181283085 -0.051307136096326256 -0.054811983162936728 -0.050645763366083167 -0.050185540052393784 -0.050501257983134665 -0.050085012481277891
leaf_weight=3.9334936324739793 239.62728389294352 183.17648545000702 735.03389143850654 91.037127702613361 206.89378183265217 18.966686107218266 40.746451939688995 8.7095532759558392 5201.2165059796534 70.645811091875657 5.9183078943751743 10.209585924050769 2.6000101822428396 10.722138524055479 20.245769567787647 4.5832059322856358 0.27709263283759433 2.6430705707753077 0.77518006367608894 2.2972209851723164 0.049055799026973212 4.0450319214724004 1.2358226036885753
leaf_count=460 1864 2041 4167 1436 3232 131 368 1075 30237 464 51 235 72 214 215 80 40 354 20 466 14 945 754
internal_value=-1.16027e-05 0.000102603 -0.000506751 0.000509589 -0.0119333 0.00968826 0.0234351 0.00168969 0.00119809 0.0101312 -0.00115028 -0.00812003 0.0337401 -0.00883905 0.0429818 0.0541499 -0.051293 -0.0511312 -0.0516198 -0.0512226 -0.0507019 -0.0508197 -0.0500889
internal_weight=6865.59 6850.33 6440.89 5682.32 297.931 409.443 150.605 258.838 5384.39 89.6125 245.546 758.566 12.8096 745.756 60.9922 13.2928 15.256 14.9789 7.00589 6.23071 7.97298 6.6881 1.28488
internal_count=48935 45882 41634 36946 4668 4248 1178 3070 32278 595 1915 4688 307 4381 583 1155 3053 3013 946 926 2067 1299 768
is_linear=0
shrinkage=0.05


Tree=114
num_leaves=24
num_cat=0
split_feature=6 17 7 9 19 7 7 11 9 33 7 21 14 20 7 22 22 17 1 22 22 17 22
split_gain=15.2787 14.531 18.0246 16.6176 16.5768 17.8108 14.899 13.5064 12.2903 9.90446 9.02941 6.7961 5.00469 3.71723 1.86405 0.0103565 0.000639403 0.000882459 0.000273232 0.000148578 0.000136552 7.46634e-05 1.85923e-05
threshold=0.041000000000000009 1.0000000180025095e-35 0.37700000000000006 2.2745000000000002 1.9625000000000001 0.044000000000000004 0.35150000000000003 12.500000000000002 1.6130000000000002 0.11600000000000001 0.59400000000000008 -14.499999999999998 1.7290000000000003 1.0000000180025095e-35 0.057500000000000002 0.25833333333333336 -0.21111111111111108 0.34550000000000003 1.5000000000000002 0.15000000000000002 -0.40833333333333327 0.23400000000000001 -0.63333333333333319
decision_type=2 2 2 2 2 2 2 2 2 2 2 2 2 2 2 2 2 2 2 2 2 2 2
left_child=15 3 4 6 5 -3 9 -6 -8 -2 11 -4 -12 14 -5 16 20 18 -18 -19 22 -22 -1
right_child=1 2 10 13 7 -7 8 -9 -10 -11 12 -13 -14 -15 -16 -17 17 19 -20 -21 21 -23 -24
leaf_value=-0.05007803378553103 -0.052515679009246558 0.014745362886624772 -0.028408929813972146 0.032579709237689575 -0.04194072312530045 0.00065839374315907536 0.012265750362922424 -0.006368289650742695 0.060926994447592336 0.0037046599641666214 -0.018550970511527105 -0.0051198756387251521 -0.053475944320577742 -0.070187380721850823 0.05845091389360877 -0.05530200029204721 -0.052059845174467045 -0.050338408528580549 -0.051201577238255726 -0.051220577210209506 -0.050954129699351786 -0.050452869674193934 -0.050316695980090115
leaf_weight=1.4989221020368853 8.0342426630668324 234.98285861720797 32.861732229706831 11.658652834128594 28.40657590306364 4973.9370784031926 34.950108012300916 440.08674307726324 20.638203211128712 314.32689640275203 40.750110026681796 670.01357660384383 13.708191432058809 0.68059904873371024 17.285047195851803 1.4108276870101679 1.9368641844484948 2.5088497616816317 1.7790855620987711 0.58943683002144087 1.3285203386330979 1.6852417449699713 1.7911583303939549
leaf_count=981 60 1858 386 1138 340 30686 224 4062 222 2364 261 3973 68 3 237 29 84 602 157 29 191 342 638
internal_value=-1.17431e-05 9.70161e-05 -0.000482885 0.00925245 0.000483622 0.00129388 0.0064259 -0.00852518 0.0303321 0.00230347 -0.00772838 -0.00620872 -0.0273423 0.0453139 0.0480299 -0.0512314 -0.0507936 -0.0511294 -0.0516489 -0.0505062 -0.0504307 -0.0506738 -0.050208
internal_weight=6856.85 6842.32 6434.75 407.574 5677.41 5208.92 377.949 468.493 55.5883 322.361 757.334 702.875 54.4583 29.6243 28.9437 14.5289 13.1181 6.81424 3.71595 3.09829 6.30384 3.01376 3.29008
internal_count=48935 45882 41634 4248 36946 32544 2870 4402 446 2424 4688 4359 329 1378 1375 3053 3024 872 241 631 2152 533 1619
is_linear=0
shrinkage=0.05


Tree=115
num_leaves=21
num_cat=0
split_feature=18 8 18 18 17 7 12 17 8 4 44 6 42 11 31 16 4 22 22 30
split_gain=15.4865 15.0282 15.5195 89.3742 27.5731 16.0206 13.4273 13.2886 11.9022 11.3465 11.2567 11.9905 10.1252 9.87919 4.32206 1.59483 0.954469 0.00502132 0.000693778 0.000317152
threshold=0.81666666666666676 0.36666666666666675 0.78888888888888908 0.70000000000000007 0.072500000000000009 0.26500000000000007 4.5000000000000009 0.42600000000000005 0.8500000000000002 1.2455000000000003 0.42450000000000004 0.24550000000000002 0.32300000000000006 36.500000000000007 0.70700000000000007 0.31100000000000005 1.6545000000000003 -0.066666666666666638 -0.18333333333333326 1.3110000000000002
decision_type=2 2 2 2 2 2 2 2 2 2 2 2 2 2 2 2 2 2 2 2
left_child=1 6 3 7 -5 8 10 -3 -4 -7 16 -12 13 -8 -14 -2 -1 18 19 -17
right_child=15 2 5 4 -6 9 12 -9 -10 -11 11 -13 14 -15 -16 17 -18 -19 -20 -21
leaf_value=-0.045819455449937707 0.037684988440248784 0.0025880736750545784 0.0030361463799147941 0.022384470726598063 -0.058968698007850123 0.052011766437419664 -0.0028388457832941977 -0.0070629889026200907 0.070624430063471716 0.0030080036121812679 -0.050604603176236065 0.022256867336677224 -0.013419584879264807 -0.014002991542852753 -0.049655005273334087 -0.051859487045842922 -0.094631320647990347 -0.053463156187846188 -0.05173280101696294 -0.05036163100094098
leaf_weight=2.2511583277955642 0.52588985185139137 4462.5495665312046 138.09218558110297 11.999714402481912 78.8875376007054 40.038006372749805 1327.515794737963 387.65618130238727 6.8361103357747188 16.756117176264524 6.0360066543798885 87.509266136214137 15.637249689316375 232.92627354990691 17.371096121496521 0.36309315345715987 1.804122927947901 1.5811988282948704 1.0546742547303445 13.238209696952252
leaf_count=28 19 26221 700 63 901 193 10621 2324 55 93 1405 541 120 2460 145 23 19 33 36 2935
internal_value=-1.11099e-05 0.00010663 0.00145115 0.00089618 -0.0482278 0.015045 -0.00398233 0.00181671 0.00622421 0.0375541 0.01402 0.0175555 -0.00508499 -0.00450531 -0.032489 -0.0480107 -0.067535 -0.0507862 -0.0504974 -0.0504016
internal_weight=6850.63 6833.87 5142.82 4941.09 90.8873 201.722 1691.05 4850.21 144.928 56.7941 97.6006 93.5453 1593.45 1560.44 33.0083 16.7631 4.05528 16.2372 14.656 13.6013
internal_count=48935 45889 30550 29509 964 1041 15339 28545 755 286 1993 1946 13346 13081 265 3046 47 3027 2994 2958
is_linear=0
shrinkage=0.05


Tree=116
num_leaves=24
num_cat=0
split_feature=8 18 17 18 18 7 24 8 8 30 8 41 18 6 10 6 7 18 11 20 18 11 1
split_gain=14.77 14.6168 13.9239 18.9165 19.5895 18.1175 15.76 13.7358 9.83817 1.52961 0.0039791 0.000830136 0.000641965 0.000356852 0.000208322 0.000186393 5.06864e-05 4.24414e-05 3.30757e-05 1.96219e-05 1.31573e-05 3.24611e-06 2.58299e-09
threshold=0.93333333333333346 0.81666666666666676 0.37700000000000006 0.54444444444444462 0.63333333333333341 0.10150000000000002 4.1465000000000014 0.59166666666666679 0.54444444444444462 1.3110000000000002 0.70000000000000007 0.52350000000000019 0.63333333333333341 0.87750000000000006 9.5000000000000018 0.85100000000000009 0.24050000000000002 0.51666666666666672 35.500000000000007 -6.4999999999999991 1.0000000180025095e-35 6.5000000000000009 8.5000000000000018
decision_type=2 2 2 2 2 2 2 2 2 2 2 2 2 2 2 2 2 2 2 2 2 2 2
left_child=1 2 6 5 -5 -4 7 -1 -8 -3 14 -12 13 16 -11 18 17 -2 -14 -18 22 -22 -15
right_child=12 9 3 4 -6 -7 8 -9 -10 10 11 -13 15 20 -16 -17 19 -19 -20 -21 21 -23 -24
leaf_value=-0.0011970945406452509 0.050707611518086372 0.034789287001149874 0.019869055442131071 -0.053134611053323247 -0.0037440031916115982 -0.0061633902915572067 0.050579712271133517 0.0038776097171897422 0.011329534388531584 -0.050341633068758489 -0.052013246411953241 -0.054113684510058151 0.051671450127631281 0.050086741663633243 -0.05160739535099515 0.050740828534525662 0.05092583484100062 0.051008254572483348 0.052132339857804667 0.051258293322034826 0.050263739919115348 0.050437983399958419 0.050096941358586777
leaf_weight=3869.195069515612 5.8339266318362188 0.54095060809049655 74.136594953131862 41.289644544478506 39.074952142313123 678.66508599265944 23.442559051793069 2034.6270578862168 50.051880773156881 12.385007281554859 2.1348385987803336 0.6033469927497207 0.81211043708026343 1.2486343925120302 0.33382774551864791 0.4536010525189339 1.0832625008188186 1.4695980967953799 0.74764849431812763 0.75186456087976683 1.4766513442154972 0.32637209258973587 0.065317999571561702
leaf_count=24576 449 24 528 451 830 4461 210 12401 632 2916 73 13 27 723 20 38 64 79 20 33 293 40 34
internal_value=-1.17262e-05 -0.000117946 -5.81161e-06 -0.00606129 -0.0291199 -0.00359969 0.000838249 0.000551795 0.0238492 -0.0478548 -0.0507471 -0.0524761 0.0508055 0.0506696 -0.0503749 0.0516329 0.0508271 0.0507681 0.0518924 0.051062 0.0502076 0.0502953 0.0500872
internal_weight=6840.75 6826.48 6810.48 833.166 80.3646 752.802 5977.32 5903.82 73.4944 15.998 15.457 2.73819 14.269 12.2556 12.7188 2.01336 9.13865 7.30352 1.55976 1.83513 3.11698 1.80302 1.31395
internal_count=48935 47135 44089 6270 1281 4989 37819 36977 842 3046 3022 86 1800 1715 2936 85 625 528 47 97 1090 333 757
is_linear=0
shrinkage=0.05


Tree=117
num_leaves=28
num_cat=0
split_feature=18 8 8 17 19 15 17 40 40 8 22 17 17 22 6 6 20 17 17 22 6 17 6 6 22 6 1
split_gain=14.4442 14.3194 12.7098 12.6377 12.721 9.65755 0.251784 0.999889 0.825992 0.00187111 0.000462061 0.000339904 0.000252727 0.000169665 0.000159758 0.000150383 0.000124029 5.87327e-05 5.82595e-05 3.90047e-05 3.77675e-05 3.37521e-05 2.79687e-05 2.10663e-05 1.95453e-05 6.29686e-06 8.99809e-09
threshold=1.0000000180025095e-35 0.18333333333333332 0.93333333333333346 0.55300000000000016 2.3170000000000006 0.23200000000000004 0.41550000000000004 0.69900000000000007 0.69700000000000006 0.36666666666666675 0.36666666666666664 0.24550000000000002 0.044000000000000004 -0.066666666666666638 0.85100000000000009 0.87250000000000016 -2.4999999999999996 0.072500000000000009 0.26200000000000007 1.0000000180025095e-35 0.93100000000000016 0.41900000000000004 0.30600000000000005 0.32050000000000006 -0.29999999999999988 0.49150000000000005 8.5000000000000018
decision_type=2 2 2 2 2 2 2 2 2 2 2 2 2 2 2 2 2 2 2 2 2 2 2 2 2 2 2
left_child=9 6 3 4 -3 -5 13 8 -8 11 14 16 20 24 -4 -12 17 -1 22 -15 25 -9 -14 -20 -2 -11 -22
right_child=1 2 10 5 -6 -7 7 21 -10 12 15 -13 18 19 -16 -17 -18 -19 23 -21 26 -23 -24 -25 -26 -27 -28
leaf_value=0.050792723527133793 -0.050138628353815988 0.00041606515569327161 0.051796993732182939 -0.010932550411016179 -0.018896300186983812 -0.053205652859085066 -0.050298126418638012 -0.050902762589874584 0.095234039059471753 0.050549700909871445 0.050794797215159532 0.052737783243171993 0.050963089695211863 -0.050566317432875485 0.050704426374621525 0.050296361240844856 0.052001680636473251 0.051532050265116286 0.051383713493303729 -0.051112398892661261 0.050083243291151693 -0.050192659446609417 0.050669517971708225 0.050972219211962405 -0.050281398915603015 0.050372103205784703 0.050102699610051454
leaf_weight=0.39536433480680011 8.5169935545418376 6604.2873662770726 1.4863515980541695 83.922744780778885 86.383945237961598 16.103184184525162 0.1600888833636408 0.19355623004958022 0.24937388300895691 0.66911375476047252 8.5107740527018869 1.0123727824538944 1.0308902086690066 1.5123846199130628 0.43178062373772252 1.8405496429186321 1.2506893109530204 0.83798093535006046 0.41709564998745907 0.41719894809648383 1.1955964030930775 1.2354407277889548 3.8088345949072391 1.2230933010578153 3.3362266219919556 1.9643145848531274 0.062533061951398738
leaf_count=29 3674 38484 47 931 1426 190 54 14 1 64 594 23 60 168 38 346 36 30 17 27 725 540 318 72 711 283 33
internal_value=-1.12699e-05 -0.000114948 -5.15003e-06 -9.70141e-05 0.000166721 -0.0177381 -0.0479312 -0.0305505 0.0383349 0.0509653 0.0508383 0.0519656 0.0506281 -0.0502496 0.0515511 0.0507062 0.0516508 0.051295 0.0508193 -0.0506844 0.0503096 -0.0502888 0.0507321 0.0510769 -0.0501788 0.0504172 0.0500842
internal_weight=6832.46 6818.59 6802.97 6790.7 6690.67 100.026 15.6213 1.83846 0.409463 13.8679 12.2695 3.49641 10.3715 13.7828 1.91813 10.3513 2.48403 1.23335 6.47991 1.92958 3.89156 1.429 4.83972 1.64019 11.8532 2.63343 1.25813
internal_count=48935 47245 42056 41031 39910 1121 5189 609 55 1690 1025 118 1572 4580 85 940 95 59 467 195 1105 554 378 89 4385 347 758
is_linear=0
shrinkage=0.05


Tree=118
num_leaves=24
num_cat=0
split_feature=6 5 14 33 8 2 26 8 19 26 19 18 28 19 33 39 8 8 10 8 17 17 18
split_gain=13.8099 14.2797 16.469 20.9943 14.5553 15.2408 12.8414 12.6463 10.9042 10.268 7.20032 6.70053 17.5766 6.30003 5.23506 3.19042 0.00792013 0.00130317 0.000488783 0.000413893 0.000225284 0.00010187 1.352e-07
threshold=0.041000000000000009 -1.3954999999999997 0.89100000000000013 0.26150000000000007 0.36666666666666675 4.5000000000000009 0.10250000000000002 0.93333333333333346 2.2155000000000005 0.26750000000000007 1.4915000000000003 0.63333333333333341 0.63900000000000012 1.6230000000000002 0.30100000000000005 2.5465000000000004 0.63333333333333341 0.36666666666666675 8.5000000000000018 0.18333333333333332 0.37250000000000005 0.32700000000000007 0.23611111111111113
decision_type=2 2 2 2 2 2 2 2 2 2 2 2 2 2 2 2 2 2 2 2 2 2 2
left_child=16 2 11 10 5 9 15 -8 -7 -3 -4 13 -13 -2 -5 -6 17 19 21 22 -21 -19 -1
right_child=1 4 3 14 6 8 7 -9 -10 -11 -12 12 -14 -15 -16 -17 -18 18 -20 20 -22 -23 -24
leaf_value=-0.050106453685838596 0.10067863840950926 -0.0056170746203939364 0.03317354202753111 -0.091571240518062813 -0.019289903926821297 -0.0047840621075619563 0.0012175344337423451 0.050727865189069979 -0.038674331079928626 0.02995733540770908 0.11797241020460639 0.060276527567205335 0.33466503789331115 0.0056506465759987188 -0.01794672675847379 -0.073176357417691199 -0.05529062235492993 -0.051576200798552865 -0.052829127401906234 -0.05101598343919931 -0.050433228405339016 -0.050600852033275058 -0.050070241763737693
leaf_weight=0.28529935958795105 4.2275374229066056 32.874072651611641 14.213095637271186 3.165947754518128 4.5722916256636363 1536.2763159635942 5104.8108697449788 12.930333644268101 24.10718851047568 52.962173921987414 3.0384391917614257 1.6828411635942759 0.89353089639917005 2.9690614324063063 10.17155225179158 6.8799549345858395 1.0771364148240525 0.99482578667811983 0.87366143148392428 4.1131954751908779 2.7788741642143577 0.36627945443615317 2.6701389575609937
leaf_count=144 24 248 109 36 25 12686 29614 1800 699 343 35 45 30 30 111 47 27 43 30 303 529 39 1938
internal_value=-1.07813e-05 8.80171e-05 0.02974 0.011687 -8.86232e-05 -0.00417928 0.00122428 0.00134263 -0.00530765 0.0163328 0.0481088 0.0862449 0.155439 0.0614735 -0.0354231 -0.0516623 -0.0511824 -0.0508161 -0.0519062 -0.0505687 -0.050781 -0.0513137 -0.0500737
internal_weight=6828.93 6815.78 40.362 30.589 6775.41 1646.22 5129.19 5117.74 1560.38 85.8362 17.2515 9.77297 2.57637 7.1966 13.3375 11.4522 13.1594 12.0823 2.23477 9.84751 6.89207 1.36111 2.95544
internal_count=48935 45882 420 291 45462 13976 31486 31414 13385 591 144 129 75 54 147 72 3053 3026 112 2914 832 82 2082
is_linear=0
shrinkage=0.05


Tree=119
num_leaves=21
num_cat=0
split_feature=11 6 5 14 35 14 5 23 43 22 22 2 22 7 22 22 17 6 22 22
split_gain=13.3007 13.0736 12.7375 13.9618 18.866 12.8641 13.162 13.0956 5.41007 0.0339376 0.00914557 0.00894386 0.0074094 0.00195256 0.00165421 0.000441334 0.0006178 0.000262856 9.04129e-05 5.22879e-05
threshold=1.0000000180025095e-35 0.041000000000000009 -1.3954999999999997 0.89100000000000013 0.73850000000000005 0.89100000000000013 0.32050000000000006 0.83350000000000013 0.75150000000000017 0.16666666666666669 -0.074999999999999942 1.5000000000000002 0.25833333333333336 0.63950000000000007 0.48333333333333339 -0.21111111111111108 0.34550000000000003 0.93100000000000016 -0.40833333333333327 0.90277777777777779
decision_type=2 2 2 2 2 2 2 2 2 2 2 2 2 2 2 2 2 2 2 2
left_child=9 12 3 8 -5 6 -4 -7 -3 10 -1 -12 15 14 17 18 -17 -11 -2 -16
right_child=1 2 5 4 -6 7 -8 -9 -10 13 11 -13 -14 -15 19 16 -18 -19 -20 -21
leaf_value=0.060128689403656177 -0.050183432101753946 0.098327257310365457 -0.0009390388824858407 -0.034118078062263857 0.04509150652532172 -0.00018755585704936778 -0.014032656062860475 0.0073912436690228532 0.010875368561826044 0.052345327432412603 0.052893251546068887 0.058317295480253988 -0.054745129587000035 0.055150092259363986 0.050497090468310725 -0.051471394259250451 -0.050446516571023406 0.051477030223846899 -0.050596049224683248 0.050075024096814136
leaf_weight=1.4733864963054655 2.7024718431057395 7.8682908355258387 485.27529111178592 13.192689241259361 17.474553244770505 5317.5812676468631 317.50516934518237 638.4152895512525 2.2812324650585651 1.7800799133256078 1.6872241161763653 1.3829630091786382 1.2706631533801545 0.32213600864633907 2.1027677496895194 3.2888920984696588 2.6594279042910784 1.707843306241557 2.6096572265960281 1.1271431461209434
leaf_count=11 1619 100 4394 143 144 32822 2071 4927 29 77 35 13 29 10 285 241 631 66 533 755
internal_value=-1.08686e-05 -0.000101897 -7.86405e-06 0.0278396 0.0110165 -0.000176037 -0.00611765 0.000624806 0.0786714 0.0535217 0.0568905 0.0553365 -0.0511258 0.0513475 0.0511651 -0.0507174 -0.0510132 0.0519202 -0.0503861 0.0503498
internal_weight=6823.71 6812.12 6799.59 40.8168 30.6672 6758.78 802.78 5956 10.1495 11.5835 4.54357 3.07019 12.5311 7.03997 6.71783 11.2604 5.94832 3.48792 5.31213 3.22991
internal_count=48935 47683 44630 416 287 44214 6465 37749 129 1252 59 48 3053 1193 1183 3024 872 143 2152 1040
is_linear=0
shrinkage=0.05


Tree=120
num_leaves=24
num_cat=0
split_feature=8 9 17 19 17 7 17 40 40 21 7 22 6 8 22 22 17 22 6 6 6 22 40
split_gain=13.3441 12.992 12.1153 11.3805 24.5077 14.1735 0.255554 0.957165 0.740691 0.247881 0.0428861 0.040618 0.0119439 0.00382394 0.000144441 3.30077e-05 2.9617e-05 1.66579e-05 5.83643e-06 4.42064e-06 3.56235e-06 3.18536e-06 1.16319e-06
threshold=0.18333333333333332 2.7205000000000004 0.81650000000000011 1.7070000000000001 0.30200000000000005 0.5415000000000002 0.41550000000000004 0.69900000000000007 0.69700000000000006 5.5000000000000009 0.63950000000000007 1.0000000180025095e-35 0.87750000000000006 0.93333333333333346 -0.066666666666666638 1.0000000180025095e-35 0.41900000000000004 -0.29999999999999988 0.14900000000000002 0.042500000000000003 0.046500000000000007 -1.0000000180025095e-35 0.69400000000000006
decision_type=2 2 2 2 2 2 2 2 2 2 2 2 2 2 2 2 2 2 2 2 2 2 2
left_child=6 2 3 5 -5 -2 14 8 22 10 -4 -3 -13 -14 17 21 -9 19 -18 -1 -19 -16 -8
right_child=1 11 9 4 -6 -7 7 16 -10 -11 -12 12 13 -15 15 -17 18 20 -20 -21 -22 -23 -24
leaf_value=-0.050061395743415421 0.0015004113147670754 0.059479219902669966 -0.059839167925912928 -0.0011118461255216383 -0.01909522505673699 -0.019736803913236768 -0.050163641419959139 -0.050868387844398101 0.091361025500076173 -0.088458968350668424 -0.050776235686242337 0.058257867403241154 0.052503967767254738 0.050227164604216973 -0.050468392235112326 -0.051056780201850227 -0.050098521529259192 -0.050078770822468824 -0.05033651289356178 -0.050151468541066446 -0.050282640164278559 -0.050617944458144673 -0.050445930662116889
leaf_weight=1.7499413421610341 5182.93312102044 2.4955219179391852 5.8602274563163501 1302.1287071207771 221.70988156506792 79.772959875175729 0.07984749076422204 0.18443895783275355 0.24776466190814972 0.72350691258907307 1.6794034868944434 0.75449830433353593 5.0702895515132695 2.8983517048181966 0.75157260289415706 0.39282673806883384 0.71340569853782632 0.23130560712888959 0.40321070910431445 6.1476662971545011 2.9103650022298098 0.67657245043665071 0.067208191379904747
leaf_count=1447 30129 26 49 9109 2126 621 38 14 1 3 397 12 159 1115 93 27 455 151 85 2227 560 75 16
internal_value=-1.04576e-05 9.182e-05 3.05465e-06 7.67256e-05 -0.00372833 0.00117849 -0.0478325 -0.0295887 0.0386004 -0.0605031 -0.0578205 0.0538543 0.0522452 0.0516758 -0.0502383 -0.0506509 -0.0502814 -0.0501702 -0.0501845 -0.0501315 -0.0502676 -0.0505392 -0.0502927
internal_weight=6820.58 6806.03 6794.81 6786.54 1523.84 5262.71 14.5561 1.69588 0.39482 8.26314 7.53963 11.2187 8.72314 7.96864 12.8603 1.82097 1.30106 11.0393 1.11662 7.89761 3.14167 1.42815 0.147056
internal_count=48935 43746 42434 41985 11235 30750 5189 609 55 449 446 1312 1286 1274 4580 195 554 4385 540 3674 711 168 54
is_linear=0
shrinkage=0.05


Tree=121
num_leaves=22
num_cat=0
split_feature=18 18 18 18 8 18 7 19 8 17 8 8 21 30 17 17 8 17 7 32 9
split_gain=13.5388 13.3366 12.4848 116.188 15.6907 14.7158 11.0038 1.59071 0.780802 0.302263 0.00329294 0.00154726 0.000715156 0.000313999 0.000275946 0.000209109 0.000114175 0.00010614 6.68603e-05 4.55823e-05 2.8476e-05
threshold=0.81666666666666676 1.0000000180025095e-35 0.74166666666666681 0.70000000000000007 0.81666666666666676 0.56944444444444453 0.29300000000000004 1.2545000000000002 0.63333333333333341 0.21950000000000003 0.70000000000000007 0.36666666666666675 1.0000000180025095e-35 1.3110000000000002 0.24550000000000002 0.044000000000000004 0.59166666666666679 0.049000000000000009 0.35850000000000004 0.56650000000000011 2.7820000000000005
decision_type=2 2 2 2 2 2 2 2 2 2 2 2 2 2 2 2 2 2 2 2 2
left_child=1 11 3 5 6 -3 -4 -2 -5 -6 13 14 19 -9 17 20 -15 -1 -17 -12 -13
right_child=7 2 4 8 9 -7 -8 10 -10 -11 12 15 -14 16 -16 18 -18 -19 -20 -21 -22
leaf_value=0.050919538690327608 0.038541132374116271 -0.00082431586144737887 0.0026255917554420106 -0.05415432862654708 0.064740380711308651 0.0052376712745381832 0.027422492619977996 -0.051840734974496511 -0.06424918781711178 0.082680454776336718 -0.051782738844482284 0.050383178120877448 -0.053253896954295957 -0.050240769617341655 0.052568685201942369 0.050704339542644729 -0.050619023942781366 0.0517390065168786 0.051155412106447362 -0.051178395294303972 0.05006901592272775
leaf_weight=0.50309911230579007 0.51700464589521189 5190.4276340823853 201.07018543756567 60.389488928369246 6.7023661099374277 1240.3815360815497 57.542904536239803 0.35262331657577206 28.053064571227878 3.6138390433043242 0.9464771882630878 2.4059700623620284 1.1732346471399067 8.8662237618118507 0.96238383091986168 5.1603615885833278 2.5742431252729139 1.8415086865425108 0.97706051543354977 0.46544548962265253 1.0301143982214855
leaf_count=35 20 32002 1500 1450 59 8411 555 23 201 21 36 347 27 2670 23 420 247 60 47 23 758
internal_value=-1.01927e-05 9.40948e-05 -2.35324e-06 -0.000437869 0.0105552 0.000344927 0.00814305 -0.0476271 -0.0573563 0.0710249 -0.0507255 0.0509234 -0.0523416 -0.0503712 0.0518558 0.0506013 -0.0503259 0.0515632 0.0507761 -0.0515835 0.050289
internal_weight=6815.96 6801.06 6788.18 6519.25 268.929 6430.81 258.613 14.8953 88.4426 10.3162 14.3782 12.8805 2.58516 11.7931 3.30699 9.57351 11.4405 2.34461 6.13742 1.41192 3.43608
internal_count=48935 45889 44199 42064 2135 40413 2055 3046 1651 80 3026 1690 86 2940 118 1572 2917 95 467 59 1105
is_linear=0
shrinkage=0.05


Tree=122
num_leaves=20
num_cat=0
split_feature=18 18 8 18 18 2 8 23 39 19 22 8 22 30 17 17 17 17 9
split_gain=12.833 12.676 11.8876 13.5846 77.3969 12.3514 12.3207 10.2434 9.7172 1.52369 0.00309576 0.00132833 0.000419427 0.000267835 0.000236581 0.000179748 9.09726e-05 4.23497e-05 2.4495e-05
threshold=0.81666666666666676 1.0000000180025095e-35 0.36666666666666675 0.78888888888888908 0.70000000000000007 23.500000000000004 0.8500000000000002 0.85700000000000021 2.4490000000000003 1.2545000000000002 -0.066666666666666638 0.36666666666666675 -0.18333333333333326 1.3110000000000002 0.24550000000000002 0.044000000000000004 0.049000000000000009 0.26200000000000007 2.7820000000000005
decision_type=2 2 2 2 2 2 2 2 2 2 2 2 2 2 2 2 2 2 2
left_child=1 11 5 4 -4 7 -5 -3 -7 -2 12 14 13 -11 16 18 -1 -17 -13
right_child=9 2 3 6 -6 8 -8 -9 -10 10 -12 15 -14 -15 -16 17 -18 -19 -20
leaf_value=0.050874185721831583 0.03554253036260472 -0.0019489156641420509 0.0015022300769595191 0.011216735028322464 -0.046845649325503613 0.020075143264192755 0.070647008552927923 0.02508939491430124 -0.012924961381488041 -0.051749022772723918 -0.052953698113304797 0.05036437476559999 -0.051477286975717511 -0.050316127750360831 0.052438509029062157 0.050659439276960733 0.051651647718040573 0.05096900323532453 0.050065646429377046
leaf_weight=0.4789785430766641 0.53218151512555678 1219.9452746196184 4824.2512525171041 192.81378702819347 84.2219313737005 23.635278542991728 9.1340292878448945 36.064222262706608 397.07927018625196 0.3360051251947852 1.3603694103658188 2.2894624287728207 0.90364118898287493 11.086279433919115 0.91766297444701184 4.3629409680142999 1.7545851152390239 1.4794534591492263 0.97993941488675762
leaf_count=35 20 11613 26973 972 964 182 69 211 3215 23 33 347 36 2934 23 378 60 89 758
internal_value=-1.05211e-05 8.87075e-05 -3.05818e-06 0.00119554 0.000672654 -0.00365623 0.0139047 -0.00117256 -0.0110711 -0.0474625 -0.0506901 0.0508777 -0.0504403 -0.0503583 0.0517626 0.0505717 0.0514849 0.0507378 0.0502748
internal_weight=6813.63 6799.41 6787.15 5110.42 4908.47 1676.72 201.948 1256.01 420.715 14.2185 13.6863 12.263 12.3259 11.4223 3.15123 9.1118 2.23356 5.84239 3.2694
internal_count=48935 45889 44199 28978 27937 15221 1041 11824 3397 3046 3026 1690 2993 2957 118 1572 95 467 1105
is_linear=0
shrinkage=0.05


Tree=123
num_leaves=27
num_cat=0
split_feature=8 8 11 19 5 2 40 40 22 20 26 6 22 22 20 22 11 22 6 11 22 22 6 6 22 22
split_gain=12.5075 12.1899 10.9378 10.6849 10.4097 9.84701 0.233269 0.84097 0.020799 0.00482254 0.0010202 0.000310563 0.000284868 0.000120768 2.67718e-05 2.19461e-05 2.03126e-05 1.85761e-05 1.37642e-05 1.32271e-05 1.20355e-05 6.0411e-06 4.22214e-06 3.74613e-06 3.24835e-06 3.06636e-06
threshold=0.18333333333333332 0.93333333333333346 1.0000000180025095e-35 2.3170000000000006 -1.3954999999999997 4.5000000000000009 0.69900000000000007 0.69700000000000006 0.16666666666666669 -9.4999999999999982 0.16350000000000003 0.89450000000000018 0.36666666666666664 -0.066666666666666638 -5.4999999999999991 1.0000000180025095e-35 35.500000000000007 1.0000000180025095e-35 0.051500000000000011 3.5000000000000004 -0.29999999999999988 -0.13333333333333333 0.046500000000000007 0.042500000000000003 0.96666666666666667 0.36666666666666664
decision_type=2 2 2 2 2 2 2 2 2 2 2 2 2 2 2 2 2 2 2 2 2 2 2 2 2 2
left_child=6 2 8 4 -4 -5 7 17 9 -2 -10 12 16 20 -14 18 -3 21 -15 24 23 -1 -22 -8 -13 -21
right_child=1 11 3 5 -6 -7 13 -9 10 -11 -12 19 14 15 -16 -17 -18 -19 -20 25 22 -23 -24 -25 -26 -27
leaf_value=-0.050155175277965064 0.053823074291832279 0.051315671230861816 0.025472528190757682 -0.059728397742581076 -8.8444200565483542e-06 -0.010808373946511912 -0.050057045195882999 0.031700151843027248 0.054686286129779063 0.057434735774809391 0.051378410506482924 0.050196021395838092 0.050637471509491806 -0.050089407132310783 0.050829851169527963 -0.0509578260811148 0.051707456051110934 -0.051135650067767671 -0.050569469887846878 0.05049343028748942 -0.050072248043099232 -0.050432983852025048 -0.050260852389246227 -0.050141535132182058 0.050061323867420029 0.050294789693319943
leaf_weight=0.99794677423778899 1.3795132823288438 0.72047930955886641 40.323716960148886 11.992429404286666 6646.5100247637602 72.316446867072955 1.7330443742684991 0.41255620541051019 0.2443065047264098 2.8008462991565448 5.0776235505472869 0.86955651617608898 5.1269929595291606 0.16853497514966775 2.7938913432881245 0.34459291375242163 0.61173366568982601 0.056629938539117464 1.3090389235876498 0.306070549879223 0.33352958527393761 0.24342087958939285 2.6898477054201066 5.3992208683630452 0.92237064649816602 0.53191236325073987
leaf_count=438 27 30 288 485 39738 941 1556 18 11 32 424 227 448 101 187 24 20 5 128 35 237 38 555 2089 755 98
internal_value=-1.05264e-05 8.56929e-05 -2.97809e-06 -7.82068e-05 0.000144816 -0.017767 -0.0477571 -0.0304851 0.0536035 0.0562429 0.0515303 0.0506828 0.0508191 -0.0502237 0.0507053 -0.0505985 0.0514956 -0.0502501 -0.0505147 0.0502034 -0.0501564 -0.0502097 -0.05024 -0.050121 0.0501267 0.0503673
internal_weight=6806.22 6792.53 6780.64 6771.14 6686.83 84.3089 13.6884 1.71055 9.50229 4.18036 5.32193 11.883 9.2531 11.9778 7.92088 1.82217 1.33221 1.298 1.47757 2.62991 10.1556 1.24137 3.02338 7.13227 1.79193 0.837983
internal_count=48935 43746 41946 41452 40026 1426 5189 499 494 59 435 1800 685 4690 635 253 50 481 229 1115 4437 476 792 3645 982 133
is_linear=0
shrinkage=0.05


Tree=124
num_leaves=23
num_cat=0
split_feature=18 18 8 27 6 7 8 11 42 30 8 8 21 15 11 11 21 21 7 24 32 6
split_gain=12.0238 11.8985 11.382 14.6286 12.8643 12.5649 51.1919 20.8099 8.50308 1.54333 0.00239949 0.00112205 0.000531987 0.000287277 0.00018278 0.000154584 8.68085e-05 6.65094e-05 4.94585e-05 4.08975e-05 3.40073e-05 1.26222e-05
threshold=0.81666666666666676 1.0000000180025095e-35 0.78888888888888908 0.22550000000000003 0.64150000000000007 0.23650000000000002 0.25833333333333336 2.5000000000000004 0.28350000000000003 1.3110000000000002 0.70000000000000007 0.36666666666666675 1.0000000180025095e-35 -0.37249999999999994 10.500000000000002 1.0000000180025095e-35 -2.4999999999999996 2.5000000000000004 0.35850000000000004 2.9690000000000007 0.56650000000000011 0.93100000000000016
decision_type=2 2 2 2 2 2 2 2 2 2 2 2 2 2 2 2 2 2 2 2 2 2
left_child=1 11 5 8 -5 7 -7 -3 -4 -2 13 14 20 -11 19 21 -15 -16 -17 -1 -12 -13
right_child=9 2 3 4 -6 6 -8 -9 -10 10 12 15 -14 16 17 18 -18 -19 -20 -21 -22 -23
leaf_value=0.051444076922060017 0.037202904238343021 0.037163338321327961 0.01333577102439951 0.0082469496628398663 -0.013291745114571965 -0.033222874213446246 -0.0014333277334625228 0.0012672514807136645 0.040423431742677381 -0.052290208613582669 -0.05159917909918868 0.050295477778671077 -0.05293296483620407 -0.050243039581292649 0.052289364704124069 0.050619831007840066 -0.050640682210260662 0.051673786457416854 0.051016000556021263 0.050857270465467667 -0.051047733216227964 0.05005936143944243
leaf_weight=0.72137542208656602 0.51990271254908194 40.927493314608 125.36175885843113 209.76542559452355 103.54465572442859 131.96715869137552 3137.4338882814627 2992.4173191281734 37.679548512911424 0.18553991173393924 0.85292363492771917 1.5694328024983391 1.0676785390824077 8.7679601706913637 0.92621999047696568 5.1576469941064715 1.627235037158244 0.8337927833199501 0.92983300378546108 0.50463922647759318 0.41591168008744717 0.88528508774470527
leaf_count=29 24 537 1477 1669 1234 3685 17196 17951 450 8 36 286 27 2762 24 477 166 28 52 37 23 757
internal_value=-1.00784e-05 8.34203e-05 -2.88883e-06 0.00744948 0.00112871 -0.000566127 -0.00271649 0.00175158 0.0195958 -0.0472608 -0.0506603 0.0508369 -0.0521105 -0.0503401 0.0516712 0.0505453 -0.0503053 0.0519977 0.0506803 0.0512025 -0.0514184 0.0502103
internal_weight=6804.06 6790.63 6779.1 476.351 313.31 6302.75 3269.4 3033.34 163.041 13.4372 12.9172 11.5282 2.33651 10.5807 2.98603 8.5422 10.3952 1.76001 6.08748 1.22601 1.26884 2.45472
internal_count=48935 45889 44199 4830 2903 39369 20881 18488 1927 3046 3022 1690 86 2936 118 1572 2928 52 529 66 59 1043
is_linear=0
shrinkage=0.05


Tree=125
num_leaves=30
num_cat=0
split_feature=17 19 7 8 7 18 18 18 8 8 8 17 4 18 17 11 18 8 9 7 29 3 19 2 3 15 44 8 18
split_gain=11.7827 21.6152 20.9421 26.8464 22.4871 18.0069 17.8653 22.6107 17.4694 39.6111 24.5241 16.1246 16.4017 15.4463 14.5962 14.2844 14.0791 12.1195 11.5303 11.021 10.2232 8.81211 8.42262 8.26982 7.8356 6.37059 4.02434 0.350347 0.0643959
threshold=0.16350000000000003 1.9625000000000001 0.22900000000000004 0.25833333333333336 0.26800000000000007 0.63333333333333341 0.59166666666666679 0.51666666666666672 0.4555555555555556 0.36666666666666675 0.59166666666666679 0.064500000000000016 1.4310000000000003 0.59166666666666679 0.38700000000000007 9.5000000000000018 0.78888888888888908 0.76388888888888895 2.4630000000000005 0.34900000000000003 2.9570000000000003 0.58950000000000002 2.3170000000000006 24.500000000000004 0.74550000000000016 0.48050000000000004 0.47850000000000004 0.74166666666666681 0.59166666666666679
decision_type=2 2 2 2 2 2 2 2 2 2 2 2 2 2 2 2 2 2 2 2 2 2 2 2 2 2 2 2 2
left_child=5 2 8 4 -4 6 7 17 9 -2 -10 19 -13 -5 18 24 20 -1 22 -8 -17 -18 -3 -9 26 -26 -7 28 -16
right_child=1 14 3 13 -6 15 11 23 10 -11 -12 12 -14 -15 27 16 21 -19 -20 -21 -22 -23 -24 -25 25 -27 -28 -29 -30
leaf_value=0.0033394325591626405 0.00083843076151132213 -0.007649257650027514 0.0094695991139574966 -0.0036954465010228645 -0.041540995279768532 -0.071304014614839414 -0.0036146323479372706 -0.058691573077067738 -0.0084960529275174314 0.024411326376116465 0.0052180166174025299 0.039240013593172959 0.0054013480962177935 0.0076665174356271059 -0.064424752168838847 -0.0272208988425723 0.090234982180293036 0.027255461246983234 -0.099850639387194781 0.045002623366266509 0.0058077493551380276 -0.00073173763483571708 -0.039423416587027485 -0.00040314277565791355 -5.9304049300506753e-06 0.040976762053999395 -3.3450782428622008e-05 -0.080005851167216105 -0.05403073962334623
leaf_weight=883.05632418394089 489.70000448578503 292.78649700444657 29.754284364287741 2280.2076085482258 78.882177423103712 3.0672933720634301 89.946637158747762 19.531673392630186 524.80546448659152 280.16664457856677 860.4783078454202 107.65381426841486 53.658691903576255 344.29394040326588 1.6570236107800216 125.20174203719944 2.717258582590147 56.352692435495555 3.6044024853035799 13.392460989067329 28.821923687704839 131.59820242057322 22.456010503403377 8.8389552738517505 14.419546181336043 27.694547230144963 5.5910609029815532 1.5414913855493058 14.797444852651095
leaf_count=6020 3948 2643 632 12071 2141 173 550 126 2634 1431 6061 569 347 2582 32 801 115 1819 25 74 192 1569 720 54 96 577 366 10 557
internal_value=-9.50498e-06 -0.00115122 -0.00030704 -0.00321313 -0.0275698 0.00378653 0.006594 0.00344595 0.00337843 0.00941698 2.25334e-05 0.0181058 0.027984 -0.00220493 -0.0134021 -0.00641667 -0.0107228 0.00477409 -0.0109294 0.00268603 -0.0210404 0.00110856 -0.00991266 -0.0405316 0.0180383 0.0269446 -0.0252816 -0.0572128 -0.0550775
internal_weight=6796.67 5225.13 4888.29 2733.14 108.636 1571.54 1232.43 967.78 2155.15 769.867 1385.28 264.652 161.313 2624.5 336.843 339.112 288.339 939.409 318.847 103.339 154.024 134.315 315.243 28.3706 50.7724 42.1141 8.65835 17.996 16.4545
internal_count=48935 35487 31500 17426 2773 13448 9559 8019 14074 5379 8695 1540 916 14653 3987 3889 2677 7839 3388 624 993 1684 3363 180 1212 673 539 599 589
is_linear=0
shrinkage=0.05


Tree=126
num_leaves=31
num_cat=0
split_feature=18 7 18 17 18 17 18 17 7 11 3 40 14 8 8 26 9 27 18 7 1 2 27 1 1 4 18 4 21 14
split_gain=11.7755 25.5941 25.5197 22.5621 27.5852 37.4246 20.1606 18.3752 18.0321 15.5121 14.0599 13.2828 11.2662 11.1856 18.2212 20.4062 14.1005 14.5707 10.6982 9.55566 9.16196 8.22986 7.54906 5.98042 5.9539 5.48218 2.97539 2.79882 2.05671 1.73259
threshold=0.29999999999999999 0.08900000000000001 0.36666666666666675 0.37250000000000005 0.43055555555555564 0.28300000000000008 0.56944444444444453 0.21250000000000002 0.10900000000000001 2.5000000000000004 1.6275000000000002 0.71500000000000008 1.7020000000000002 0.78888888888888908 0.81666666666666676 0.30400000000000005 1.6545000000000003 0.25850000000000006 0.18333333333333332 0.18900000000000003 5.5000000000000009 3.5000000000000004 0.20250000000000004 25.500000000000004 40.500000000000007 1.9245000000000003 0.25833333333333336 0.96650000000000003 23.500000000000004 1.7925000000000002
decision_type=2 2 2 2 2 2 2 2 2 2 2 2 2 2 2 2 2 2 2 2 2 2 2 2 2 2 2 2 2 2
left_child=1 18 7 4 5 -4 -6 10 23 27 20 -12 -10 16 26 -16 19 -18 24 -3 -2 -11 29 -9 28 -24 -15 -5 -1 -20
right_child=2 13 3 9 6 -7 -8 8 12 21 11 -13 -14 14 15 -17 17 -19 22 -21 -22 -23 25 -25 -26 -27 -28 -29 -30 -31
leaf_value=0.053653728771725299 0.0079909335215714288 0.012405199787228906 0.017032067029428576 0.13455855443840933 -0.0045733107691741338 -0.012354390396558492 0.0035882117122670006 0.02666550706395961 -0.0059195059890083841 -0.056078457309433144 -0.076638971163168368 0.01530562815441714 -0.025271499450254344 0.053458141917849693 -0.11884814731783203 0.007395389282279583 -0.0019464292910254897 -0.023403753214818038 0.065275311235134401 0.0014002231546741144 -0.041294948894278795 -0.0104047889424676 0.0037906815555880688 -0.015563665977754375 -0.053668959605814463 0.043172959060282526 0.026476498317778818 0.052706037007991528 -0.052382017248084792 0.025328350435357295
leaf_weight=34.696351957973093 10.555068537476471 248.78807109373156 515.35839999385644 1.5404305959818874 1508.7665463669691 137.18327492033131 1517.8997472801711 50.87906611408107 489.38766826823121 10.098491477256173 4.5863534931559142 27.3666551632341 88.865219113882631 25.849881635047495 3.3665127330459645 65.101218494353816 370.7949613542296 100.57728405389935 8.1930049220100027 952.23706529138144 88.415328509407118 422.6071530112531 60.556655294960365 10.037975386716424 1.3786290782736603 10.346557808923533 16.895931981503963 3.2430318969418295 0.46341526042669912 4.0591785071883342
leaf_count=1540 92 1517 2952 24 8807 736 13803 315 2893 388 44 230 566 358 36 977 2528 641 91 5527 485 3318 586 67 31 73 191 55 8 56
internal_value=-9.68889e-06 0.00332672 -0.00130915 0.000253613 0.00153003 0.0108542 -0.000480236 -0.00966324 -0.00616769 -0.0104808 -0.0267285 0.00210842 -0.0088935 0.00182471 0.0171794 0.00118808 0.000803636 -0.00652481 0.0257088 0.00367986 -0.0360387 -0.0114707 0.0158 0.0197069 0.0482595 0.00953754 0.0427932 0.0790652 0.0522561 0.0520408
internal_weight=6790.1 1903.3 4886.79 4116.7 3679.21 652.542 3026.67 770.093 639.17 437.489 130.923 31.953 578.253 1783.61 111.214 68.4677 1672.4 471.372 119.694 1201.03 98.9704 432.706 83.1554 60.917 36.5384 70.9032 42.7458 4.78346 35.1598 12.2522
internal_count=48935 14160 34775 30083 26298 3688 22610 4692 3841 3785 851 274 3459 11775 1562 1013 10213 3169 2385 7044 577 3706 806 382 1579 659 549 79 1548 147
is_linear=0
shrinkage=0.05


Tree=127
num_leaves=23
num_cat=0
split_feature=6 8 18 24 17 31 19 8 8 8 2 8 18 17 6 26 17 6 5 7 18 18
split_gain=11.5782 11.3162 10.6457 10.4197 10.8952 4.88384 1.51914 0.00544872 0.00199059 0.000956781 0.000397281 0.000261465 0.000256149 0.000160636 0.000141821 0.000128852 6.20054e-05 3.95575e-05 3.64179e-05 2.80027e-05 5.8433e-06 7.33592e-08
threshold=0.041000000000000009 0.93333333333333346 0.81666666666666676 4.7635000000000014 0.57700000000000007 0.77850000000000008 1.2545000000000002 0.63333333333333341 0.70000000000000007 0.36666666666666675 1.5000000000000002 0.18333333333333332 0.59166666666666679 0.32700000000000007 0.87750000000000006 0.44750000000000006 0.26000000000000006 0.84800000000000009 -1.0000000180025095e-35 0.24050000000000002 1.0000000180025095e-35 0.63333333333333341
decision_type=2 2 2 2 2 2 2 2 2 2 2 2 2 2 2 2 2 2 2 2 2 2
left_child=7 2 3 4 -2 -5 -4 9 -8 11 18 21 14 -13 19 -12 17 -14 -11 -3 -16 -1
right_child=1 12 6 5 -6 -7 8 -9 -10 10 15 13 16 -15 20 -17 -18 -19 -20 -21 -22 -23
leaf_value=-0.050065625443787357 0.00018709666060764019 0.050580791062603409 0.036769984776517953 0.0084245205002245367 -0.018986657559511021 0.0602603241589241 -0.050351220374913234 -0.054698160757837969 -0.05201573843667906 -0.051180384092673219 -0.051860965864907474 -0.050982802165268896 0.051059951191986967 -0.050457657587711792 0.050051276867489426 -0.052954447309103592 0.051505746524172558 0.050501988956537659 -0.050492818363996196 0.05083975423715386 0.050224181405393753 -0.050047512099461559
leaf_weight=1.1036112956353412 6656.7864541530143 5.0547894259216246 0.51901809975970437 8.0775506517384219 74.924160894006491 10.387602396542205 9.3316717335255799 0.96011253423057574 2.2242836034856728 0.62090041791088868 0.55701674590818562 2.624303578864783 1.5121119339019053 3.2716285047354177 0.7730617031338628 0.52176198083907366 0.65683353133499611 0.40213686623610545 0.27918167342431932 1.3156082995701579 1.328100226819515 1.132693142048083
leaf_count=871 41003 477 15 143 541 153 2141 27 86 34 27 205 79 627 757 16 25 48 35 88 326 1211
internal_value=-8.25139e-06 7.52576e-05 -7.32916e-06 7.65777e-05 -2.63079e-05 0.0375848 -0.0469131 -0.0510985 -0.0506716 -0.0507567 -0.0517427 -0.0505168 0.0506494 -0.0506914 0.0505168 -0.0523898 0.0510866 0.0509427 -0.0509671 0.0506343 0.0501606 -0.0500565
internal_weight=6784.36 6773.29 6762.25 6750.18 6731.71 18.4652 12.075 11.0712 11.556 10.1111 1.97886 8.13224 11.0426 5.89593 8.47156 1.07878 2.57108 1.91425 0.900082 6.3704 2.10116 2.2363
internal_count=48935 45882 44082 41840 41544 296 2242 3053 2227 3026 112 2914 1800 832 1648 43 152 127 69 565 1083 2082
is_linear=0
shrinkage=0.05


Tree=128
num_leaves=24
num_cat=0
split_feature=8 17 18 8 42 17 40 21 7 7 8 7 22 17 17 22 22 17 22 6 6 40 17
split_gain=11.3363 11.0778 11.0336 9.97808 9.96621 0.268236 0.899258 0.189232 0.0329113 0.00625096 0.000932414 0.000559794 0.000187105 0.000170722 0.000127557 9.65492e-05 2.27887e-05 1.83448e-05 1.14728e-05 4.1052e-06 3.17915e-06 3.16971e-06 2.403e-06
threshold=0.18333333333333332 0.81650000000000011 1.0000000180025095e-35 0.93333333333333346 0.33300000000000007 0.41550000000000004 0.69900000000000007 5.5000000000000009 0.63950000000000007 0.37250000000000005 0.36666666666666675 0.73850000000000005 0.36666666666666664 0.24550000000000002 0.044000000000000004 -0.066666666666666638 1.0000000180025095e-35 0.41900000000000004 -0.29999999999999988 0.14900000000000002 0.042500000000000003 0.69900000000000007 0.26800000000000007
decision_type=2 2 2 2 2 2 2 2 2 2 2 2 2 2 2 2 2 2 2 2 2 2 2
left_child=5 2 10 4 -4 15 -7 8 9 -3 13 -10 -5 -2 -12 18 22 -8 20 -19 -1 -20 -17
right_child=1 7 3 12 -6 6 17 -9 11 -11 14 -13 -14 -15 -16 16 -18 19 21 -21 -22 -23 -24
leaf_value=-0.050049467092464661 0.051328664595520393 -0.06084613841150819 0.00017634962785605679 0.051179282092077977 -0.020364345950272471 0.040349822082874826 -0.050747290771674274 -0.084349558655095774 -0.053824168738381084 -0.057467990058845148 0.050239886385602645 -0.050410729098362229 0.050569603510833255 0.052182673651816835 0.050664234765391419 -0.050540500404296668 -0.050933371146520204 -0.050083065360284888 -0.050377654012310105 -0.050300153202291233 -0.050134350662048334 -0.05021743520251664 -0.050401239273491771
leaf_weight=1.3900929981027701 1.9912226325832292 2.5344920605421057 6681.6141186800087 1.4850578764453519 59.579263374791481 0.36659377726027642 0.15884771617129423 0.70777872204780568 0.13150449469685521 2.9789165956899524 2.6749834549264051 1.3863579026656225 8.2457441762089712 0.82876869104802597 5.2399424951290712 0.64531032310332992 0.34437394596170623 0.57269520423142239 0.35453611344564828 0.35139374731807038 5.3423277726978995 2.3875908309128135 0.59573413291946054
leaf_count=1447 95 19 40219 85 363 55 14 3 2 30 1105 395 940 23 467 74 27 455 66 85 2227 645 94
internal_value=-7.92226e-06 7.99548e-05 0.000148383 6.78419e-05 -5.19086e-06 -0.0475618 -0.0273375 -0.0597066 -0.057226 -0.0590209 0.050799 -0.0507065 0.0506626 0.0515796 0.0505208 -0.0502124 -0.0505735 -0.0502509 -0.0501519 -0.0501656 -0.0501168 -0.0502382 -0.0504737
internal_weight=6781.91 6769.4 6761.66 6750.92 6741.19 12.5095 1.44953 7.73905 7.03127 5.51341 10.7349 1.51786 9.7308 2.81999 7.91493 11.06 1.58542 1.08294 9.47455 0.924089 6.73242 2.74213 1.24104
internal_count=48935 43746 43297 41607 40582 5189 609 449 446 49 1690 397 1025 118 1572 4580 195 554 4385 540 3674 711 168
is_linear=0
shrinkage=0.05


Tree=129
num_leaves=23
num_cat=0
split_feature=6 18 18 18 18 22 30 22 22 8 8 8 12 11 15 11 21 20 6 19 6 18
split_gain=10.83 10.5185 10.0707 10.1761 105.033 13.7845 1.5036 0.00511741 0.00189948 0.000800872 0.00050858 0.000220669 0.000172804 0.000134208 0.000127711 0.000107642 4.71292e-05 3.66888e-05 2.83118e-05 2.36407e-05 8.55638e-06 5.52938e-08
threshold=0.041000000000000009 1.0000000180025095e-35 0.81666666666666676 0.74166666666666681 0.70000000000000007 1.0000000180025095e-35 1.3110000000000002 0.25833333333333336 -0.066666666666666638 0.36666666666666675 0.36666666666666675 0.18333333333333332 1.5000000000000002 10.500000000000002 -0.18649999999999997 1.0000000180025095e-35 2.5000000000000004 4.5000000000000009 0.29800000000000004 0.20550000000000004 0.93100000000000016 0.63333333333333341
decision_type=2 2 2 2 2 2 2 2 2 2 2 2 2 2 2 2 2 2 2 2 2 2
left_child=7 9 3 4 -3 -5 -4 10 -8 13 11 21 17 19 -13 20 -15 -12 -17 -2 -11 -1
right_child=1 2 6 5 -6 -7 8 -9 -10 15 12 14 -14 16 -16 18 -18 -19 -20 -21 -22 -23
leaf_value=-0.050059591688882556 0.050709900482991732 0.00039718432004219682 0.036554541941662202 0.007428043092765413 -0.056693918865509001 0.068476144040081302 -0.050416054370927089 -0.054256174364826507 -0.052544021467090078 0.05026161591766385 -0.050471441011689766 -0.050975069909348594 -0.052014786568587157 0.052052151636802872 -0.050478232328844491 0.050862409396790244 0.051507209966304868 -0.051188749954041372 0.050560123771410115 0.051222676161667681 0.050047202927066825 -0.050043077028326791
leaf_weight=1.0009529225062563 0.31590747879817926 6397.4839144547004 0.51765160635113616 259.29228966240771 81.588814611779526 9.5886319330893439 9.8241927235503663 1.1153077101334918 1.1740034697577346 1.3754638624377551 0.2457635167520491 2.0423560822382569 0.76620387041475624 0.83732111379504182 3.5271596852689981 0.93482174910604943 0.75408094562590122 0.64904028933960944 4.519180357339792 0.7791534336283803 0.70316055585863058 1.0267631675233131
leaf_count=871 30 38390 12 1910 1570 80 2197 29 33 286 36 142 39 24 690 62 28 35 467 36 757 1211
internal_value=-7.51684e-06 7.07083e-05 -5.92412e-06 7.38027e-05 -0.000321745 0.0096051 -0.0467236 -0.0510566 -0.0506432 0.0507596 -0.0506711 -0.0504978 -0.0514637 0.0515008 -0.0506604 0.0504953 0.0517939 -0.0509917 0.0506119 0.0510747 0.0501891 -0.0500512
internal_weight=6780.06 6769.69 6759.47 6747.95 6479.07 268.881 11.5158 10.3735 10.9982 10.2191 9.25824 7.59723 1.66101 2.68646 5.56952 7.53263 1.5914 0.894804 5.454 1.09506 2.07862 2.02772
internal_count=48935 45882 44192 41950 39960 1990 2242 3053 2230 1690 3024 2914 110 118 832 1572 52 71 529 66 1043 2082
is_linear=0
shrinkage=0.05


Tree=130
num_leaves=17
num_cat=0
split_feature=9 17 18 18 18 7 16 21 29 1 22 6 7 22 22 22
split_gain=11.0263 10.3587 10.1733 9.64848 21.8316 21.5313 1.48221 0.155053 0.0318718 0.0277452 0.0182111 0.00990732 0.00566897 0.00288954 0.00167721 9.20003e-05
threshold=2.7205000000000004 0.81650000000000011 0.81666666666666676 0.29999999999999999 0.36666666666666675 0.08900000000000001 0.31100000000000005 5.5000000000000009 3.3980000000000001 3.5000000000000004 -0.074999999999999942 0.87750000000000006 0.37250000000000005 0.40833333333333338 -0.066666666666666638 0.51666666666666683
decision_type=2 2 2 2 2 2 2 2 2 2 2 2 2 2 2 2
left_child=1 2 3 5 -5 -1 -4 9 10 15 -2 -12 -11 -13 -8 -3
right_child=8 7 6 4 -6 -7 14 -9 -10 12 11 13 -14 -15 -16 -17
leaf_value=0.024110385948039072 0.059258580064749211 -0.050212008076492537 0.035871166458633696 -0.008883324718121732 0.00032908694434395999 0.0017365899516443063 -0.050376433659790998 -0.081666135995480088 0.071149100551033323 -0.060234767178467721 0.058024860025320125 0.052626022830270028 -0.056976190156966505 0.050583866041202741 -0.052417310001392547 -0.051490942121905595
leaf_weight=114.44919938070234 1.1042252406477917 1.162464991386513 0.51891898864414443 763.06693578371778 4090.5236919526942 1778.7765886500711 9.9994767319876683 0.69497600197792042 0.25500583584653291 2.4355306699872017 0.71860757935791841 4.7275565331801772 2.9530234485864639 2.7338487251545303 1.1193780656903971 0.15996539033949364
leaf_count=1410 9 434 14 4217 26724 11739 2994 3 18 19 12 163 30 1110 33 6
internal_value=-7.93661e-06 -8.36745e-05 -1.89114e-05 6.16567e-05 -0.00111926 0.00308913 -0.046727 -0.0591845 0.0537104 -0.0568564 0.0532314 0.0524178 -0.058449 0.0518778 -0.0505819 -0.0503667
internal_weight=6775.4 6765.86 6758.45 6746.82 4853.59 1893.23 11.6378 7.40596 9.53924 6.71098 9.28424 8.18001 5.38855 7.46141 11.1189 1.32243
internal_count=48935 47623 47131 44090 30941 13149 3041 492 1312 489 1294 1285 49 1273 3027 440
is_linear=0
shrinkage=0.05


Tree=131
num_leaves=23
num_cat=0
split_feature=8 9 17 19 18 18 7 18 17 17 40 29 22 7 22 22 17 22 9 40 2 17
split_gain=10.5979 10.4184 10.0379 15.0362 11.3875 69.9778 11.6679 11.018 1.77852 0.272405 0.848673 0.0269521 0.0154639 0.00851799 8.33592e-05 1.97657e-05 1.55666e-05 9.77882e-06 3.29914e-06 2.70969e-06 2.1053e-06 2.07174e-06
threshold=0.18333333333333332 2.7205000000000004 0.44600000000000006 1.7635000000000003 0.51666666666666672 0.56944444444444453 0.22450000000000003 0.14999999999999999 0.46550000000000008 0.41550000000000004 0.69900000000000007 3.3980000000000001 -0.074999999999999942 0.12250000000000001 -0.066666666666666638 1.0000000180025095e-35 0.41900000000000004 -0.29999999999999988 0.62750000000000006 0.69900000000000007 5.5000000000000009 0.26800000000000007
decision_type=2 2 2 2 2 2 2 2 2 2 2 2 2 2 2 2 2 2 2 2 2 2
left_child=9 2 4 7 6 -6 -2 -4 -5 14 -11 12 -3 -14 17 21 -12 20 -18 -19 -1 -16
right_child=1 11 3 8 5 -7 -8 -9 -10 10 16 -13 13 -15 15 -17 18 19 -20 -21 -22 -23
leaf_value=-0.050042190916944111 0.0048883969737810893 0.058738749385876213 0.030556924206787479 -0.022233505728803584 -0.017682616976804098 0.0029010290042746061 -0.00037226430251725563 -0.007946194144554504 -0.056994627586752056 0.038558927387123278 -0.050710136011364017 0.069812875415734263 0.051786498143528183 0.057611608457772218 -0.050515638603516322 -0.05089101141797088 -0.050066213131785789 -0.050359304134978279 -0.050262799292616511 -0.050207213561614089 -0.050123651781598971 -0.050383068604935549
leaf_weight=0.93132889177649936 1879.514367672964 1.0594312846660603 19.773301134351641 4.7483872401062426 561.30504774907604 1561.8344459177461 2399.8880928377621 307.93817042326555 16.349341934430413 0.36716385162435372 0.15076190163381376 0.24709320958936665 7.1096999408327948 0.68833973351865996 0.61434259288944193 0.3275871849618851 0.45143202529288828 0.33641126565635326 0.40478941198671237 2.2619963323813863 5.3459391915239394 0.56641599885188043
leaf_count=1142 11758 9 121 42 3059 11942 12836 2350 326 55 14 18 1273 12 74 27 423 66 117 645 2532 94
internal_value=-7.46396e-06 7.50251e-05 2.9448e-06 -0.00825702 0.000452946 -0.00254077 0.00193822 -0.00562301 -0.0491711 -0.0474353 -0.0265147 0.0535251 0.0530707 0.0523007 -0.0502037 -0.0505474 -0.0502416 -0.0501453 -0.0501592 -0.0502269 -0.0501116 -0.050452
internal_weight=6772.21 6760.46 6751.35 348.809 6402.54 2123.14 4279.4 327.711 21.0977 11.7582 1.37415 9.10456 8.85747 7.79804 10.384 1.50835 1.00698 8.87568 0.856221 2.59841 6.27727 1.18076
internal_count=48935 43746 42434 2839 39595 15001 24594 2471 368 5189 609 1312 1294 1285 4580 195 554 4385 540 711 3674 168
is_linear=0
shrinkage=0.05


Tree=132
num_leaves=21
num_cat=0
split_feature=6 5 30 8 8 17 8 14 42 24 18 29 34 22 8 8 2 17 20 18
split_gain=10.0818 9.94625 13.0887 10.5367 17.193 17.3866 14.58 10.8895 9.53291 10.8751 9.08309 8.81879 3.89724 0.00449347 0.000440134 0.000184408 0.00014826 0.000115386 3.26108e-05 4.55473e-08
threshold=0.041000000000000009 -1.3954999999999997 1.6025000000000003 0.59166666666666679 0.51666666666666672 0.08900000000000001 0.36666666666666675 0.57400000000000007 0.23100000000000004 1.6680000000000004 0.21111111111111114 2.3540000000000005 0.41600000000000004 0.25833333333333336 0.36666666666666675 0.18333333333333332 1.5000000000000002 0.32700000000000007 4.5000000000000009 0.63333333333333341
decision_type=2 2 2 2 2 2 2 2 2 2 2 2 2 2 2 2 2 2 2 2
left_child=13 2 8 4 6 -6 -3 11 -2 -10 -9 -5 -4 14 15 19 18 -17 -16 -1
right_child=1 3 12 7 5 -7 -8 10 9 -11 -12 -13 -14 -15 16 17 -18 -19 -20 -21
leaf_value=-0.050054054546141327 -0.06428460913393233 -0.0035860521859648661 -0.096448419758293505 0.011984003007587176 0.017876515610570434 -0.010507293815697281 0.0028249873317873122 0.010634552173567648 0.084385701036102267 0.02296486445869278 0.001772661545236808 -0.036828071634180823 -0.010963596099069835 -0.054102585226459325 -0.050440260379526182 -0.050888969772210073 -0.051932214026041312 -0.050417325391062723 -0.051143820582519942 -0.050038193659692365
leaf_weight=0.90567778114927733 2.237204967532306 1627.2058787929709 2.3336833070497951 13.259382364340125 58.40323266480118 708.01231133262627 1949.101312073064 338.28255073842593 10.525116005504968 22.858287503535394 1990.7498842423083 30.626231824047863 3.1101674946839921 1.0580807356163848 0.22411582781933226 2.3763266141759232 0.72391135874204338 2.8544932892546058 0.62127445684745908 0.90486142167355865
leaf_count=871 29 13976 28 86 385 3596 10702 4535 129 201 11939 243 33 29 36 205 39 627 35 1211
internal_value=-7.41374e-06 6.55954e-05 0.0245982 -8.4415e-05 -0.00154841 -0.00834436 -9.20107e-05 0.00259487 0.0356336 0.0423296 0.00305982 -0.0220802 -0.0476094 -0.0510277 -0.0506498 -0.0504811 -0.051407 -0.0506316 -0.0509573 -0.0500461
internal_weight=6766.37 6756.71 41.0645 6715.64 4342.72 766.416 3576.31 2372.92 35.6206 33.3834 2329.03 43.8856 5.44385 9.66874 8.61066 7.04136 1.5693 5.23082 0.84539 1.81054
internal_count=48935 45882 420 45462 28659 3981 24678 16803 359 330 16474 329 61 3053 3024 2914 110 832 71 2082
is_linear=0
shrinkage=0.05


Tree=133
num_leaves=21
num_cat=0
split_feature=19 9 17 42 17 30 9 22 21 29 1 22 22 6 6 22 22 44 22 22
split_gain=9.89271 9.86406 9.63313 9.07446 9.09906 6.78205 0.178448 0.144794 0.122438 0.0226917 0.0222605 0.0171884 0.0132066 0.00736837 0.00539213 0.0047202 0.00461366 0.00320617 0.000784123 0.000104091
threshold=2.6775000000000007 2.7205000000000004 0.81650000000000011 0.33300000000000007 0.24050000000000002 1.5935000000000004 1.3270000000000002 -0.066666666666666638 5.5000000000000009 3.3980000000000001 3.5000000000000004 -0.29999999999999988 -0.074999999999999942 0.87750000000000006 0.19600000000000004 0.25833333333333336 -0.40833333333333327 0.53500000000000014 -0.49166666666666659 -0.40833333333333327
decision_type=2 2 2 2 2 2 2 2 2 2 2 2 2 2 2 2 2 2 2 2
left_child=1 2 3 4 -1 -5 14 11 10 12 -4 17 -3 -14 15 19 18 -8 -16 -2
right_child=6 9 8 5 -6 -7 7 -9 -10 -11 -12 -13 13 -15 16 -17 -18 -19 -20 -21
leaf_value=0.0020374203704839758 -0.05009064405433248 0.058266145209227987 -0.05033375391443741 -0.011230180679439922 -0.0016539678651017386 -0.054285526608279747 -0.050216820649586262 -0.080273487022857082 -0.078880674724672264 0.068554441426630239 -0.057924409661390647 -0.063264495447618974 0.057231110340108429 0.051699218321188248 -0.050929632001490935 -0.056392849516929203 -0.06022400071404909 -0.058720271079202503 -0.055333185721869738 -0.050924921475981426
leaf_weight=3385.4051702651777 0.60063435585470915 1.017983354628085 1.1899044495658007 48.359917481488083 3293.4134630923509 11.279664278321432 0.40284117648843665 1.7404652703553436 0.67619071900844563 0.23884502780856642 5.1297886967658997 1.15083604445681 0.6608943413011702 6.7498173393541947 0.23292704013874754 0.45343566685914982 0.43550546187907446 0.15293283760547638 0.17861055908724666 0.99033348500961371
leaf_count=23283 738 9 440 340 22373 77 141 11 3 18 49 13 12 1273 64 5 5 7 3 71
internal_value=-7.22018e-06 5.13733e-05 -1.71212e-05 4.37608e-05 0.000217148 -0.0193733 -0.0624425 -0.0701261 -0.0586589 0.0533568 -0.0564952 -0.0597774 0.0529261 0.0521926 -0.0532824 -0.0518926 -0.0566369 -0.0525567 -0.0528408 -0.05061
internal_weight=6760.46 6754.12 6745.45 6738.46 6678.82 59.6396 6.33852 3.44708 6.99588 8.66754 6.31969 1.70661 8.4287 7.41071 2.89145 2.0444 0.847043 0.555774 0.411538 1.59097
internal_count=48935 47877 46565 46073 45656 417 1058 172 492 1312 489 161 1294 1285 886 814 72 148 67 809
is_linear=0
shrinkage=0.05


Tree=134
num_leaves=26
num_cat=0
split_feature=8 18 7 17 19 17 59 15 26 17 17 8 17 17 18 17 7 18 18 6 18 6 6 6 6
split_gain=9.92152 9.79025 9.46349 18.3238 10.0539 17.0179 11.6227 5.64257 1.92552 0.278715 0.733706 0.000675042 0.000126235 8.76595e-05 6.65908e-05 4.67642e-05 3.17585e-05 1.29937e-05 1.18734e-05 9.80792e-06 4.23315e-06 3.67073e-06 2.40617e-06 1.90158e-06 1.34845e-06
threshold=0.18333333333333332 1.0000000180025095e-35 0.5355000000000002 0.075500000000000012 1.7070000000000001 0.30200000000000005 2.5000000000000004 -1.1634999999999998 0.31350000000000006 0.41550000000000004 0.41900000000000004 0.36666666666666675 0.24550000000000002 0.044000000000000004 0.18333333333333332 0.049000000000000009 0.35850000000000004 0.29999999999999999 0.074999999999999969 0.93100000000000016 0.14999999999999999 0.042500000000000003 0.075500000000000012 0.14050000000000004 0.049000000000000009
decision_type=2 2 2 2 2 2 2 2 2 2 2 2 2 2 2 2 2 2 2 2 2 2 2 2 2
left_child=9 11 4 8 6 -6 -3 -5 -4 14 -11 12 15 19 18 -2 -15 24 -1 -13 -12 -19 -22 -20 -16
right_child=1 2 3 7 5 -7 -8 -9 -10 10 20 13 -14 16 17 -17 -18 21 23 -21 22 -23 -24 -25 -26
leaf_value=-0.05079447760786085 0.050694429923192209 0.021264203029646069 0.023287396512837184 -0.059619603241945179 -0.0012221754647130925 -0.016573115371668935 0.00099419150255482367 -0.017400259057003264 0.076779536453945821 0.031681906313571033 -0.050586010327449082 0.050277799311410909 0.051966726485324147 0.050538742450800117 -0.050071926777498735 0.051325174937969821 0.050891897321583723 -0.050040284212324974 -0.050278409722710263 0.050038085538307714 -0.05004650539872172 -0.050136665834222133 -0.050215187407030341 -0.050490159155270622 -0.050284253543921104
leaf_weight=0.39555194124113668 0.37002413719892358 71.718670965638012 2.5039959180867291 8.7383421368431282 1280.6179451480275 210.17072948243003 5075.4065393139608 83.88722585933283 5.1266998931532726 0.39141767448745557 0.056589866348076612 1.7146753002889457 0.75234451144933689 3.9324104817351326 0.078392391267696371 1.4277283791452644 0.7595686214044689 1.1870440123602746 0.1375610992545262 0.56807818461675186 0.38357975205872208 5.8878938865382224 0.47101027949247509 0.4624944836832583 1.6211291442159561
leaf_count=35 35 748 31 57 9027 1985 28990 1181 37 16 9 347 23 420 66 60 47 1543 43 758 434 2521 150 50 322
internal_value=-6.89532e-06 7.07068e-05 -8.98747e-07 -0.0152479 0.000229386 -0.00338634 0.00127663 -0.0213833 0.0592262 -0.0472977 -0.0255724 0.0507268 0.0514229 0.0504723 -0.0501943 0.0511954 0.0505959 -0.0501503 -0.0505818 0.0502181 -0.0501672 -0.0501205 -0.0501395 -0.0504416 -0.0502745
internal_weight=6758.77 6747.69 6738.17 100.256 6637.91 1490.79 5147.13 92.6256 7.6307 11.0727 1.3026 9.52483 2.5501 6.97473 9.77007 1.79775 4.69198 8.77446 0.995608 2.28275 0.91118 7.07494 0.85459 0.600056 1.69952
internal_count=48935 43746 42056 1306 40750 11012 29738 1238 68 5189 609 1690 118 1572 4580 95 467 4452 128 1105 593 4064 584 93 388
is_linear=0
shrinkage=0.05


Tree=135
num_leaves=26
num_cat=0
split_feature=8 8 17 24 19 33 17 17 21 1 6 22 22 20 22 17 17 19 22 22 6 22 17 6 1
split_gain=9.76793 9.38758 9.09341 9.35335 8.86501 5.00381 0.278856 0.69432 0.100371 0.0185113 0.000165086 0.000158018 6.10726e-05 1.77025e-05 1.44949e-05 1.37046e-05 8.50272e-06 8.33464e-06 7.12903e-06 6.61436e-06 3.59819e-06 2.67524e-06 1.90226e-06 1.07632e-06 2.2531e-10
threshold=0.93333333333333346 0.18333333333333332 0.81650000000000011 4.7635000000000014 2.6775000000000007 0.30850000000000005 0.41550000000000004 0.41900000000000004 5.5000000000000009 3.5000000000000004 0.87250000000000016 0.36666666666666664 -0.066666666666666638 -5.4999999999999991 1.0000000180025095e-35 0.26000000000000006 0.33900000000000002 1.5275000000000001 -0.29999999999999988 0.45555555555555566 0.13150000000000003 0.96666666666666667 0.12250000000000001 0.91300000000000014 8.5000000000000018
decision_type=2 2 2 2 2 2 2 2 2 2 2 2 2 2 2 2 2 2 2 2 2 2 2 2 2
left_child=1 6 3 4 -3 -5 12 -8 9 -4 11 15 18 19 -14 -2 -15 21 -1 -13 -9 23 -19 -12 -23
right_child=10 2 8 5 -6 -7 7 20 -10 -11 17 13 14 16 -16 -17 -18 22 -20 -21 -22 24 -24 -25 -26
leaf_value=-0.050101115365251525 0.051097364692280406 1.0820490604209582e-05 -0.05032175211864124 0.0087065056475836879 -0.062604750915052229 0.061964800718107838 0.029848990732149944 -0.050062811934837352 -0.076784543826851015 -0.057550439368033168 0.050300414158775314 0.050759576219682301 -0.050408465888919646 0.050678653247402811 -0.050804437539879337 0.051455645965906266 0.050981244780484394 0.050268679385583506 -0.050205055292726522 0.050522545551112907 -0.050266875303392126 0.05003533025011804 0.050490862856950008 0.05015269666924952 0.050040025030729629
leaf_weight=5.5970157788251518 0.61089478805661002 6704.3700893396745 1.0787799804238591 8.4861321907956171 5.6574490435887119 9.1824317490681988 0.39459636830724665 0.45806785533204675 0.66074109077453602 4.9467925429344177 0.14377885684370972 0.31859181262552638 1.06385522650089 2.0641499282792224 0.29525715007912356 0.47400448471307755 0.26157851051539172 0.18334280909039069 2.339161449635867 3.8631151746958494 0.40881074423668906 0.50958798825740803 0.20300042536109686 0.86644469678867608 0.026905152655672282
leaf_count=3674 30 40843 397 150 358 146 16 476 3 49 25 22 168 165 27 18 15 36 711 410 117 723 24 298 34
internal_value=-6.6284e-06 -7.80827e-05 -4.22866e-06 5.36935e-05 -4.19728e-05 0.0363851 -0.0471911 -0.0251321 -0.0582849 -0.0562563 0.0505902 0.0506952 -0.0501848 0.0506021 -0.0504945 0.0512539 0.0507127 0.0501777 -0.0501318 0.0505406 -0.050159 0.0501258 0.0503854 0.0501737 0.0500356
internal_weight=6754.46 6744.94 6734.38 6727.7 6710.03 17.6686 10.5568 1.26147 6.68631 6.02557 9.52539 7.59233 9.29529 6.50744 1.35911 1.0849 2.32573 1.93306 7.93618 4.18171 0.866879 1.54672 0.386343 1.01022 0.536493
internal_count=48935 47135 41946 41497 41201 296 5189 609 449 446 1800 660 4580 612 195 48 180 1140 4385 432 593 1080 60 323 757
is_linear=0
shrinkage=0.05


Tree=136
num_leaves=20
num_cat=0
split_feature=18 18 18 18 22 18 7 30 22 17 22 22 15 22 17 17 17 7 6
split_gain=9.40922 9.26825 8.79482 99.0592 13.0633 11.4119 10.243 1.45203 0.513359 0.176379 0.00141387 0.000576847 0.000271432 0.000205014 0.000108314 7.42261e-05 4.01167e-05 2.72523e-05 8.18633e-06
threshold=0.81666666666666676 1.0000000180025095e-35 0.74166666666666681 0.70000000000000007 1.0000000180025095e-35 0.56944444444444453 0.29300000000000004 1.3110000000000002 -0.066666666666666638 0.21950000000000003 -0.066666666666666638 0.36666666666666664 -0.37249999999999994 -0.14999999999999997 0.24550000000000002 0.044000000000000004 0.049000000000000009 0.35850000000000004 0.93100000000000016
decision_type=2 2 2 2 2 2 2 2 2 2 2 2 2 2 2 2 2 2 2
left_child=1 11 3 5 6 -3 -4 -2 -5 -6 12 14 -9 -14 16 18 -1 -17 -13
right_child=7 2 4 8 9 -7 -8 10 -10 -11 -12 15 13 -15 -16 17 -18 -19 -20
leaf_value=0.050660291030992059 0.034920988878265911 -0.00072079320763979442 0.0014602271698555172 -0.053585084687659303 0.062143585463783582 0.004627141030654815 0.025257991790563206 -0.052289926915814605 -0.062262584237693021 0.07652891361455666 -0.052304452239847823 0.050263449470823555 -0.050265151057663264 -0.051169256369943218 0.051867880568272975 0.050512397441254089 0.051259047258989048 0.050847721602390095 0.050034502067779624
leaf_weight=0.3522052974440143 0.52173588203731824 5147.7107701382483 202.38130600302247 52.798295009124558 5.8592250351794046 1237.2913322388777 58.225088370556477 0.18056273419642721 25.168858378892764 3.3486201744526625 1.0515519445762027 1.6223527339752766 8.4486696929088758 0.67729052691720504 0.71697416901588429 3.7403163914568722 1.3597907284274695 0.72304753400385369 0.5141907584038562
leaf_count=35 24 32002 1500 1450 59 8411 555 8 201 21 33 347 2947 34 23 420 60 47 758
internal_value=-6.3519e-06 6.86255e-05 7.36435e-07 -0.000368498 0.00884516 0.000315534 0.00677716 -0.0464671 -0.0563863 0.0673751 -0.0505666 0.0506932 -0.0503702 -0.0503322 0.0513519 0.0504507 0.0511359 0.0505667 0.0502083
internal_weight=6752.69 6741.81 6732.78 6462.97 269.814 6385 260.606 10.8798 77.9672 9.20785 10.3581 9.02888 9.30652 9.12596 2.42897 6.59991 1.712 4.46336 2.13654
internal_count=48935 45889 44199 42064 2135 40413 2055 3046 1651 80 3022 1690 2989 2981 118 1572 95 467 1105
is_linear=0
shrinkage=0.05


Tree=137
num_leaves=29
num_cat=0
split_feature=8 19 18 18 18 5 6 2 24 6 31 5 8 18 5 9 7 18 7 18 11 11 20 18 15 11 5 2
split_gain=9.22273 9.00358 8.8122 87.4378 11.5035 10.3686 12.9214 8.79469 8.11318 5.97059 5.81571 4.88925 0.423246 0.158825 0.129998 0.0158605 0.000137888 0.000113335 1.47873e-05 1.38733e-05 1.13291e-05 8.98645e-06 6.68602e-06 2.0617e-06 1.67993e-06 4.94194e-07 1.20949e-07 2.28119e-10
threshold=0.93333333333333346 2.3170000000000006 0.74166666666666681 0.70000000000000007 0.56944444444444453 0.16950000000000001 0.55400000000000016 4.5000000000000009 1.4040000000000001 0.31900000000000006 0.85350000000000004 -1.4904999999999997 0.63333333333333341 0.63333333333333341 -0.50849999999999984 1.4915000000000003 0.051500000000000011 0.63333333333333341 0.24050000000000002 0.51666666666666672 6.5000000000000009 35.500000000000007 -6.4999999999999991 1.0000000180025095e-35 0.19600000000000004 3.5000000000000004 1.3390000000000002 2.5000000000000004
decision_type=2 2 2 2 2 2 2 2 2 2 2 2 2 2 2 2 2 2 2 2 2 2 2 2 2 2 2 2
left_child=1 2 3 4 -1 8 -7 13 -4 11 -11 -9 -5 14 -3 -15 20 18 19 -18 23 -19 -20 27 26 -25 -22 -2
right_child=16 7 5 12 -6 6 -8 9 -10 10 -12 -13 -14 15 -16 -17 17 21 22 -21 24 -23 -24 25 -26 -27 -28 -29
leaf_value=-0.00064218147566034523 0.050031965886618193 -0.053589748339883773 0.062790949711331742 -0.05345325748069564 0.0047701413012060058 0.034618830653794563 0.00025081170581044777 0.10186384427322688 -0.0032491811939849452 -0.0058904687293319432 0.069321688634217934 -0.041917675411471782 -0.061856528297070404 -0.052091570660899339 -0.074862422045478258 -0.05662293789192438 0.050494811172099544 0.051011147532071914 0.050633807467427329 0.050709055645902612 0.050323380350824301 0.051309671839316867 0.050866668841953712 0.050130798939998424 0.050462880762521894 0.05020552885829286 0.050260313115095462 0.05003698982708376
leaf_weight=5144.4874604006181 0.46112408739281663 1.0865423441282476 4.8470110497437409 47.261105334968306 1213.2951488392428 66.767348602239508 46.324000839376822 0.61421671713469805 114.80634843703592 51.863023008860182 2.7042106001172206 15.816899447061585 21.940665242611431 3.7716032963944599 2.1183662544935924 3.9571568360552192 3.7591910235350952 0.53891094122081973 0.74566483544185758 0.94570322614163149 0.16619266348425288 0.47368129435926676 0.52549629751592852 0.58289557264652103 0.28706603404134512 0.35656155622564256 0.14011261105770245 0.023759191040880978
leaf_count=31982 723 58 145 1330 8092 626 335 44 2102 560 33 467 179 1010 12 160 413 29 64 71 27 20 33 228 36 92 31 33
internal_value=-6.76777e-06 -7.43166e-05 0.000128355 -0.00021776 0.000390686 0.00968593 0.0205411 -0.0165482 -0.000573976 -0.0101196 -0.00216315 -0.0365429 -0.0561175 -0.0582922 -0.0676505 -0.0544116 0.0505565 0.0506616 0.0505788 0.0505379 0.0501924 0.0511508 0.0507301 0.0501159 0.050376 0.0501592 0.0502945 0.0500322
internal_weight=6750.67 6741.66 6659.73 6426.98 6357.78 232.745 113.091 81.932 119.653 70.9983 54.5672 16.4311 69.2018 10.9337 3.20491 7.72876 9.00636 6.98865 5.97606 4.70489 2.01771 1.01259 1.27116 1.42434 0.593371 0.939457 0.306305 0.484883
internal_count=48935 47135 44791 41583 40074 3208 961 2344 2247 1104 593 511 1509 1240 70 1170 1800 630 581 484 1170 49 97 1076 94 320 58 756
is_linear=0
shrinkage=0.05


Tree=138
num_leaves=23
num_cat=0
split_feature=11 22 7 17 19 17 4 44 40 44 21 9 32 22 16 18 2 22 3 18 6 6
split_gain=9.0604 8.90982 8.67605 16.2086 8.95219 11.404 8.89526 5.5367 3.31499 6.02836 2.7014 1.32564 0.815056 0.0130529 0.0107393 0.00673354 0.00324112 0.0038624 0.00148523 0.000986653 0.000849992 6.27949e-06
threshold=1.0000000180025095e-35 -0.54444444444444429 0.5355000000000002 0.075500000000000012 1.3550000000000002 0.57700000000000007 1.4790000000000003 0.5415000000000002 0.75350000000000017 0.46500000000000008 -23.499999999999996 0.46550000000000008 0.54950000000000021 0.16666666666666669 0.22450000000000003 0.81666666666666676 1.5000000000000002 -0.066666666666666638 0.49150000000000005 1.0000000180025095e-35 0.93100000000000016 0.93100000000000016
decision_type=2 2 2 2 2 2 2 2 2 2 2 2 2 2 2 2 2 2 2 2 2 2
left_child=13 8 4 12 6 -6 -3 -5 14 11 -11 -10 -4 16 -2 -16 17 -1 -15 21 -21 -20
right_child=1 2 3 7 5 -7 -8 -9 9 10 -12 -13 -14 18 15 -17 -18 -19 19 20 -22 -23
leaf_value=0.056308065399553131 -0.062201283790883313 0.00042375787898233123 0.069173499149238205 -0.025203139311502643 -0.001570158322080583 -0.058718493881221939 0.0060594627029755752 0.010625187108782888 0.30136203948908086 0.056168450632282402 -0.039615041393302949 0.11408557341146019 0.033608920586828371 0.05631719140790703 -0.053441669604952939 -0.050244045509197303 0.05705470081136136 0.051882142911015144 0.050245217201158682 0.052707007161109577 0.050898804935523526 0.050031283657652539
leaf_weight=0.94014574587345112 0.31416391197126259 2581.6419956068858 4.832629037089645 79.435260328231379 3074.5373876811354 8.7543628129060362 960.72744189429795 12.476586347271221 0.13881757858325627 0.91616546700242896 3.7456898873206228 0.29593517127796076 2.4165647360496223 0.1407685400918125 8.4637138707912509 2.0439708544872692 1.5264917425811289 1.0362686663866028 1.3099613408558068 1.1853748448193073 1.4387816125527024 0.46468703472055484
leaf_count=11 4 16220 36 1080 20768 136 6225 148 14 146 770 33 22 4 812 1269 16 32 308 27 97 757
internal_value=-7.31936e-06 -7.06002e-05 1.78422e-05 -0.0146625 0.000237551 -0.00173242 0.00195222 -0.0203396 -0.0374335 -0.00418509 -0.0207913 0.173883 0.0573178 0.053031 -0.053092 -0.0528197 0.0553241 0.0539875 0.0512616 0.0510998 0.0517156 0.0501892
internal_weight=6748.78 6740.74 6724.82 99.161 6625.66 3083.29 3542.37 91.9118 15.9185 5.09661 4.66186 0.434753 7.24919 8.04248 10.8218 10.5077 3.50291 1.97641 4.53957 4.3988 2.62416 1.77465
internal_count=48935 47683 44635 1286 43349 20904 22445 1228 3048 963 916 47 58 1252 2085 2081 59 43 1193 1189 124 1065
is_linear=0
shrinkage=0.05


Tree=139
num_leaves=27
num_cat=0
split_feature=8 8 7 18 28 44 24 44 7 8 42 5 14 27 9 24 18 7 18 14 31 17 10 25 27 31
split_gain=8.87328 16.0695 16.4685 24.1051 13.3414 12.9025 12.6748 12.4976 12.4082 32.721 11.6791 11.5499 9.64399 9.75789 10.7871 10.4987 10.1224 9.99835 9.49305 8.8165 8.00222 6.18939 4.83713 3.56664 4.44987 2.01311
threshold=0.59166666666666679 0.51666666666666672 0.22900000000000004 0.59166666666666679 0.42450000000000004 0.43450000000000005 4.1465000000000014 0.51350000000000018 0.33900000000000002 0.25833333333333336 0.32300000000000006 0.18350000000000002 0.57400000000000007 0.25650000000000006 0.81350000000000011 3.6980000000000008 0.29999999999999999 0.11650000000000001 0.74166666666666681 0.91100000000000014 0.64750000000000008 0.39650000000000007 13.500000000000002 505.50000000000006 0.21300000000000002 0.80100000000000016
decision_type=2 2 2 2 2 2 2 2 2 2 2 2 2 2 2 2 2 2 2 2 2 2 2 2 2 2
left_child=1 6 3 7 -5 11 8 -3 10 -10 -1 -4 20 16 -15 -16 19 -18 -7 -14 -2 25 -23 -22 -25 -8
right_child=12 2 5 4 -6 18 21 -9 9 -11 -12 -13 13 14 15 -17 17 -19 -20 -21 23 22 -24 24 -26 -27
leaf_value=0.0015910184581680639 0.044465472834748082 -0.041871720700746046 0.0055157446208869785 -0.013172627861120466 0.049570417786602962 -0.0043521111207411268 0.066717910868511143 0.00037254074001461814 -0.047325850153945151 -0.0033663726701397122 -0.021149702570776887 -0.079298616809484301 -0.029377964233371308 -0.089705259520800537 -0.00039675917400737096 -0.03102208939503999 -0.0075748509598456831 0.0046286137897373972 0.028399768683981148 0.012731989628340035 -0.074327438704970369 -0.077080431726079923 0.04319189794988966 -0.064923260922700843 -0.015542248358293258 0.028528387809571499
leaf_weight=2938.9998470676364 4.239252751460298 92.802823799196631 6.4595307279378202 19.758441761950962 14.83291015261784 575.75387663394213 10.439527882699624 21.578664815984666 45.820157665439183 555.94254174560774 57.565756424708525 10.602590055204926 12.806112907128407 3.5046244729310265 632.07674501196016 29.28071203205036 200.96266919362824 1018.4176900621969 23.008649740600958 423.08393246965716 3.7334646976087233 1.7847991917515167 1.572540263761766 5.3693832743447265 30.344501200597733 5.1546953185461453
leaf_count=21715 30 465 32 126 90 2892 120 109 1795 3935 433 56 85 19 3947 484 1476 5575 235 4909 36 31 18 47 230 45
internal_value=-7.18138e-06 -0.00133904 -0.00792395 -0.0228416 0.0137318 -0.00431526 5.31956e-05 -0.0339021 -0.000161598 -0.00671359 0.00115416 -0.0471888 0.00246184 0.00290008 -0.00221627 -0.00175265 0.00495513 0.00261739 -0.00309355 0.0114948 -0.0208123 0.040836 -0.0207462 -0.0278274 -0.0229664 0.0540943
internal_weight=6745.9 4382.08 764.797 148.973 34.5914 615.825 3617.28 114.381 3598.33 601.763 2996.57 17.0621 2363.82 2320.13 664.862 661.357 1655.27 1219.38 598.763 435.89 43.6866 18.9516 3.35734 39.4473 35.7139 15.5942
internal_count=48935 32097 4005 790 216 3215 28092 574 27878 5730 22148 88 16838 16495 4450 4431 12045 7051 3127 4994 343 214 49 313 277 165
is_linear=0
shrinkage=0.05


Tree=140
num_leaves=26
num_cat=0
split_feature=8 8 17 24 43 33 17 40 21 7 7 22 22 17 22 7 11 17 22 6 11 40 6 15 17
split_gain=8.74067 8.70307 8.52542 8.37615 7.90485 4.85665 0.282972 0.785167 0.0809521 0.015527 0.000115653 9.93008e-05 5.12423e-05 1.64449e-05 1.20509e-05 1.20173e-05 9.87144e-06 9.68234e-06 6.01063e-06 2.16196e-06 1.77345e-06 1.7337e-06 1.71574e-06 1.52824e-06 1.36447e-06
threshold=0.18333333333333332 0.93333333333333346 0.81650000000000011 4.7635000000000014 0.66700000000000015 0.30850000000000005 0.41550000000000004 0.69900000000000007 5.5000000000000009 0.63950000000000007 0.051500000000000011 0.36666666666666664 -0.066666666666666638 0.41900000000000004 1.0000000180025095e-35 0.24050000000000002 6.5000000000000009 0.26000000000000006 -0.29999999999999988 0.14900000000000002 1.0000000180025095e-35 0.69900000000000007 0.042500000000000003 0.19600000000000004 0.26800000000000007
decision_type=2 2 2 2 2 2 2 2 2 2 2 2 2 2 2 2 2 2 2 2 2 2 2 2 2
left_child=6 2 3 4 -2 -5 12 -8 9 -4 16 17 18 -9 24 -13 20 -12 22 -15 -3 -20 -1 -18 -14
right_child=1 10 8 5 -6 -7 7 13 -10 -11 11 15 14 19 -16 -17 23 -19 21 -21 -22 -23 -24 -25 -26
leaf_value=-0.050034100387403295 -0.018244794339934301 0.05002964365452145 -0.057206191894980656 0.0075972256687356901 0.00012558126228963155 0.06079232084544748 0.038550358610160491 -0.050713404207777805 -0.074734110768080564 -0.05054613760363677 0.050952815443460142 0.05051048840270006 -0.050442902062634458 -0.050065594197392017 -0.050758987091275881 0.050688687039661465 0.050280718202084324 0.051270808672247342 -0.050308913704436201 -0.050244401093610905 0.05015213230540734 -0.050177446254662264 -0.050109484533162545 0.050444870942236854 -0.050326275317656044
leaf_weight=0.9176521257031699 59.080503167118877 0.44182150042615631 4.6510078911669543 8.352234697085807 6640.9067450499278 8.8237294177524728 0.35168801073450484 0.15082224202342331 0.6376136690378188 1.077954495558515 0.52916274219751347 4.4631660962477326 0.52566728403326013 0.41787271510111168 0.27841374115087081 1.2006093789823351 0.29164898704038922 0.43711808230727911 0.28834076161729205 0.2839074173825793 0.89233272324781865 1.924628513981588 4.2531145131215453 0.2759336126036942 0.47959656664170325
leaf_count=1447 370 758 49 150 40831 146 55 14 3 397 30 484 74 455 27 97 58 19 66 85 318 645 2227 36 94
internal_value=-6.72527e-06 6.22149e-05 -1.82549e-06 5.29882e-05 -3.64088e-05 0.0349249 -0.0470208 -0.0243104 -0.057834 -0.055953 0.0505296 0.0506282 -0.0501763 -0.0502397 -0.0504679 0.0505483 0.0501859 0.0510967 -0.0501256 -0.0501379 0.0501116 -0.0501946 -0.0500961 0.0503605 -0.0503873
internal_weight=6741.93 6732.06 6723.53 6717.16 6699.99 17.176 9.8717 1.20429 6.36658 5.72896 8.53179 6.63006 8.66741 0.852602 1.28368 5.66378 1.90174 0.966281 7.38374 0.70178 1.33415 2.21297 5.17077 0.567583 1.00526
internal_count=48935 43746 41946 41497 41201 296 5189 609 449 446 1800 630 4580 554 195 581 1170 49 4385 540 1076 711 3674 94 168
is_linear=0
shrinkage=0.05


Tree=141
num_leaves=20
num_cat=0
split_feature=18 18 17 18 18 8 8 27 18 30 22 8 15 22 17 17 17 17 6
split_gain=8.76823 8.62481 8.30009 13.1206 21.0368 9.88279 16.2337 9.25831 6.97046 1.40428 0.00129105 0.000482851 0.000229802 0.000180979 9.11152e-05 6.13326e-05 3.41331e-05 1.69362e-05 6.00418e-06
threshold=0.81666666666666676 1.0000000180025095e-35 0.44600000000000006 0.54444444444444462 0.51666666666666672 0.59166666666666679 0.51666666666666672 0.25650000000000006 0.63333333333333341 1.3110000000000002 -0.066666666666666638 0.36666666666666675 -0.37249999999999994 -0.14999999999999997 0.24550000000000002 0.044000000000000004 0.049000000000000009 0.26200000000000007 0.93100000000000016
decision_type=2 2 2 2 2 2 2 2 2 2 2 2 2 2 2 2 2 2 2
left_child=1 11 5 4 -4 6 -3 -7 -5 -2 12 14 -11 -14 16 18 -1 -17 -13
right_child=9 2 3 8 -6 7 -8 -9 -10 10 -12 15 13 -15 -16 17 -18 -19 -20
leaf_value=0.050618549239691252 0.033419263050183251 0.0003954472653661204 -0.0086363756630536779 -0.057091277639006677 0.035493757463685903 0.005143946245676722 -0.0078839321859000295 -0.0019984382033263483 -0.0093267087328411068 -0.052171825749275202 -0.052250464313690029 0.050242567662757455 -0.050254817693009018 -0.051122272839685484 0.051767138426896411 0.050478874649236907 0.051192604917841701 0.050708433493949781 0.050028307523332628
leaf_weight=0.32391368946991717 0.52477858733618532 3439.0369278484141 283.97833140555304 19.211590280989189 29.843328326707706 1586.497359746485 715.17537822108716 635.44697569822893 12.679183604952412 0.17106700938893382 1.004478403367101 1.4711568334605543 7.8846522697713191 0.6509157971013354 0.68077786080539215 3.1445370375877246 1.2910216581076381 1.0792208370985461 0.42041051184060041
leaf_count=35 24 22918 2401 287 231 10524 3470 3885 483 8 33 347 2947 34 23 378 60 89 758
internal_value=-6.39377e-06 6.39338e-05 6.18609e-07 -0.00754489 -0.00443976 0.000409733 -0.0010299 0.00310132 -0.038101 -0.046248 -0.0505532 0.0506637 -0.0503573 -0.050321 0.051282 0.0504316 0.0510775 0.0505375 0.0501949
internal_weight=6740.52 6730.28 6721.87 345.712 313.822 6376.16 4154.21 2221.94 31.8908 10.2359 9.71111 8.41104 8.70664 8.53557 2.29571 6.11533 1.61494 4.22376 1.89157
internal_count=48935 45889 44199 3402 2632 40797 26388 14409 770 3046 3022 1690 2989 2981 118 1572 95 467 1105
is_linear=0
shrinkage=0.05


Tree=142
num_leaves=21
num_cat=0
split_feature=9 6 5 8 26 2 31 41 43 29 18 26 15 8 22 18 22 5 8 18
split_gain=8.66273 8.51652 8.77483 9.23732 11.779 11.0838 8.88942 9.07251 8.30041 0.0192936 0.00933633 0.00533087 0.0025366 0.00142199 0.00103992 0.000806953 0.000788016 0.000245765 0.000219679 1.30368e-06
threshold=2.7205000000000004 0.041000000000000009 -1.3954999999999997 0.36666666666666675 0.10250000000000002 4.5000000000000009 0.79800000000000015 0.48400000000000004 0.76900000000000013 3.3980000000000001 0.51666666666666672 0.36650000000000005 3.1665000000000005 0.93333333333333346 0.19999999999999998 0.36666666666666675 1.0000000180025095e-35 -0.50849999999999984 0.36666666666666675 1.0000000180025095e-35
decision_type=2 2 2 2 2 2 2 2 2 2 2 2 2 2 2 2 2 2 2 2
left_child=1 12 6 5 -5 -4 8 -8 -3 10 13 -12 14 15 18 -2 -13 -16 -1 -15
right_child=9 2 3 4 -6 -7 7 -9 -10 -11 11 16 -14 19 17 -17 -18 -19 -20 -21
leaf_value=-0.050462911803792802 0.051433380359175399 0.039192045233444155 0.01435686257575248 -0.050237524967383623 0.001019069482725749 -0.0043953843949897506 0.041689921828149075 -0.078542124074325703 -0.063624710942158144 0.06768260318327983 0.057563661134535385 0.054598641647412252 -0.057030428479275169 0.050026324530136994 -0.053022055194391952 0.052867965317651769 0.051604021500324039 -0.051488359930755213 -0.051231410301553454 0.050138017022656439
leaf_weight=5.9036500171641784 2.1773454931098963 32.697655749740079 83.060111847124062 11.233435250353066 5049.0635453400901 1536.2246043823543 2.6126389546552664 3.9279210031381808 2.0883323214948168 0.2245025916781741 1.3026032126508655 0.33896169066429127 0.16693415012559931 0.3908463781699536 0.53584910742938519 1.782924812287092 0.62426674517337233 0.50962986284866907 1.1037747294758444 0.78792668308597058
leaf_count=2874 115 306 571 72 30122 13385 36 51 27 18 25 5 40 745 12 46 53 31 96 305
internal_value=-6.26524e-06 -6.66375e-05 -4.43043e-06 -0.000146537 0.000905284 -0.0034335 0.0229642 -0.0305152 0.0330196 0.0532422 0.0528044 0.0554781 -0.0509299 0.0516255 -0.0508034 0.0520792 0.0526578 -0.0522744 -0.050584 0.050101
internal_weight=6736.76 6729.13 6720.91 6679.58 5060.3 1619.28 41.3265 6.54056 34.786 7.62938 7.40488 2.26583 8.21984 5.13904 8.0529 3.96027 0.963228 1.04548 7.00742 1.17877
internal_count=48935 47623 44570 44150 30194 13956 420 87 333 1312 1294 83 3053 1211 3013 161 58 43 2970 1050
is_linear=0
shrinkage=0.05


Tree=143
num_leaves=18
num_cat=0
split_feature=18 9 18 18 7 18 7 0 16 19 29 18 26 8 22 30 22
split_gain=8.2853 8.19331 7.92388 11.4554 26.3329 14.1727 8.32826 8.3257 7.39866 1.42427 0.0163144 0.00799861 0.00454748 0.00122236 0.0010996 0.000249576 0.000159349
threshold=0.81666666666666676 2.7205000000000004 0.074999999999999969 0.14999999999999999 0.081500000000000017 0.29999999999999999 0.24050000000000002 15.500000000000002 0.36900000000000005 1.2545000000000002 3.3980000000000001 0.51666666666666672 0.36650000000000005 0.93333333333333346 -0.066666666666666638 1.3110000000000002 -0.14999999999999997
decision_type=2 2 2 2 2 2 2 2 2 2 2 2 2 2 2 2 2
left_child=1 2 6 4 -4 -5 7 -1 -8 -2 11 13 -13 -3 15 -11 -17
right_child=9 10 3 5 -6 -7 8 -9 -10 14 -12 12 -14 -15 -16 16 -18
leaf_value=0.022746272507780774 0.035145880658266584 0.051976136801591938 0.055553134737219935 0.0047784713384968307 -0.012052495135388501 -0.0010593333781908287 -0.0024423195090961291 -0.081306202631019675 0.057374092273084522 -0.051743082233663966 0.06658386961566938 0.057160320603403571 0.052524619641303505 0.050096050055505083 -0.052141128402888086 -0.05023324920734952 -0.051067653556742067
leaf_weight=92.475547301117331 0.51183957443572481 3.7744085255544624 15.054850554093717 1324.3435140547226 332.99120048061013 4836.5433410844125 107.07764517283067 1.9632688689744089 5.431783750653266 0.31047123530879428 0.21698748145718116 1.2475962946191432 0.91851553029846389 1.1213912560197057 0.95837756805121799 7.3576350016519401 0.62043420039117592
leaf_count=1471 20 161 231 8317 1981 31400 1112 17 48 23 18 25 58 1050 33 2936 34
internal_value=-6.11884e-06 6.07052e-05 3.24141e-06 -0.000303 -0.00912819 0.00019556 0.00963513 0.0205831 0.000445526 -0.0460436 0.0530797 0.0526648 0.0551946 0.0515455 -0.0505377 -0.0503523 -0.0502981
internal_weight=6732.92 6723.16 6715.88 6508.93 348.046 6160.89 206.948 94.4388 112.509 9.75876 7.2789 7.06191 2.16611 4.8958 9.24692 8.28854 7.97807
internal_count=48935 45889 44577 41929 2212 39717 2648 1488 1160 3046 1312 1294 83 1211 3026 2993 2970
is_linear=0
shrinkage=0.05


Tree=144
num_leaves=26
num_cat=0
split_feature=8 8 17 16 5 17 40 5 21 7 7 22 22 17 22 20 17 11 22 6 40 6 11 15 17
split_gain=8.14701 8.07448 7.93542 7.58882 7.66453 0.286991 0.741396 0.0834205 0.0661069 0.0124692 9.41828e-05 8.49073e-05 4.36122e-05 1.4326e-05 1.10213e-05 1.09113e-05 8.37329e-06 7.82812e-06 5.12344e-06 1.79765e-06 1.49245e-06 1.44005e-06 1.14414e-06 1.12349e-06 1.11639e-06
threshold=0.18333333333333332 0.93333333333333346 0.81650000000000011 0.89450000000000018 -1.3954999999999997 0.41550000000000004 0.69900000000000007 -0.50849999999999984 5.5000000000000009 0.63950000000000007 0.051500000000000011 0.36666666666666664 -0.066666666666666638 0.41900000000000004 1.0000000180025095e-35 -5.4999999999999991 0.26000000000000006 6.5000000000000009 -0.29999999999999988 0.14900000000000002 0.69900000000000007 0.042500000000000003 1.0000000180025095e-35 0.19600000000000004 0.26800000000000007
decision_type=2 2 2 2 2 2 2 2 2 2 2 2 2 2 2 2 2 2 2 2 2 2 2 2 2
left_child=5 2 3 4 -2 12 -7 -5 9 -4 17 16 18 -8 24 -13 -12 22 21 -15 -20 -1 -3 -19 -14
right_child=1 10 8 7 -6 6 13 -9 -10 -11 11 15 14 19 -16 -17 -18 23 20 -21 -22 -23 -24 -25 -26
leaf_value=-0.050030397473962908 0.02149022041085517 0.050024320659780297 -0.056769913130899456 -0.052912239960945295 -3.6955433242431352e-05 0.037074396064326769 -0.050683599715732691 -0.066625020345017633 -0.072898964373952282 -0.050514494725943576 0.050903166541455241 0.050465727506439885 -0.050417143217674522 -0.050061627333459369 -0.050729293672135259 0.050614027631929161 0.051206829957665539 0.050261231268832335 -0.050294070788790161 -0.050230772479784108 -0.050168985033525126 -0.050103909979308449 0.050132101927546982 0.050408701014628937 -0.050308438759504338
leaf_weight=0.79890837019774963 41.60602882161038 0.36178861340158508 4.4216272290796033 1.6839561134111134 6659.3106674902374 0.35104173398576566 0.14358417340554297 3.2487474860972716 0.61867760121822346 0.97172198863700021 0.50158806610852469 3.4051843299530447 0.49476804106961825 0.37985171633772552 0.26641184778418392 1.9509330377914009 0.41470314096659422 0.26746013981755812 0.27434905007248778 0.26784467906691134 1.8231745786033569 4.0100114531815052 0.77085336105665192 0.24975812737829983 0.45193022792227566
leaf_count=1447 320 758 49 149 40857 55 14 171 3 397 30 406 74 455 27 175 19 58 66 85 645 2227 318 36 94
internal_value=-5.45011e-06 5.91397e-05 -4.06316e-07 5.10711e-05 9.67069e-05 -0.0468674 -0.0234021 -0.0619437 -0.0574186 -0.0556429 0.0505074 0.0505958 -0.0501687 -0.0502317 -0.0504452 0.0505197 0.0510406 0.0501713 -0.0501201 -0.0501316 -0.0501853 -0.0500917 0.0500977 0.0503324 -0.0503653
internal_weight=6729.05 6719.78 6711.86 6705.85 6700.92 9.26188 1.14232 4.9327 6.01203 5.39335 7.92227 6.27241 8.11955 0.791281 1.21311 5.35612 0.916291 1.64986 6.90644 0.647696 2.09752 4.80892 1.13264 0.517218 0.946698
internal_count=48935 43746 41946 41497 41177 5189 609 320 449 446 1800 630 4580 554 195 581 49 1170 4385 540 711 3674 1076 94 168
is_linear=0
shrinkage=0.05


Tree=145
num_leaves=22
num_cat=0
split_feature=6 11 4 8 26 24 14 42 8 22 2 22 22 23 22 8 2 8 17 20 19
split_gain=7.92761 7.90262 7.80176 13.8359 13.7697 10.7509 9.96887 9.64899 6.90159 0.00907763 0.00300562 0.00237184 0.00186725 0.00121858 0.000381447 0.000274829 0.000157839 0.000110349 8.03048e-05 1.21195e-05 2.64121e-08
threshold=0.041000000000000009 1.0000000180025095e-35 1.4690000000000003 0.59166666666666679 0.16150000000000003 4.0930000000000009 0.57400000000000007 0.33300000000000007 0.4555555555555556 0.16666666666666669 1.5000000000000002 -0.066666666666666638 0.25833333333333336 -0.33399999999999991 0.48333333333333339 0.36666666666666675 1.5000000000000002 0.18333333333333332 0.32700000000000007 5.5000000000000009 2.419
decision_type=2 2 2 2 2 2 2 2 2 2 2 2 2 2 2 2 2 2 2 2 2
left_child=12 9 3 5 8 -3 -5 -6 -4 10 11 -2 15 -11 -15 17 19 20 -19 -17 -1
right_child=1 2 4 6 7 -7 -8 -9 -10 13 -12 -13 -14 14 -16 16 -18 18 -20 -21 -22
leaf_value=-0.050037025332560561 0.055337100392557154 -0.0035950829310667123 -0.013956779087269664 -0.023092155545096981 0.0049186618341678697 0.034686214382888436 0.0025183645153691332 -0.030709116703447448 0.0039287546701678522 0.055825964918504938 0.0565074724704571 0.051618181239589667 -0.053129461277605462 0.051463323518129711 0.050452156867534653 -0.050336460121797599 -0.051816172734246116 -0.050799503902601233 -0.05036909212833042 -0.050833407356695219 -0.050019774574562449
leaf_weight=0.93041068222373613 0.82194876298308372 2781.4423424708075 167.60904680896783 38.717928516911343 1567.6546139014536 18.46233246801421 2040.6062444275012 19.237185165227856 79.529533370980062 0.1375412987545136 1.4177196044474838 0.8962159110233181 0.81931383116170753 2.2054549183230852 1.6161126778169999 0.1699522780254481 0.64596196979982778 2.0383155050221831 2.3139882635441609 0.4411626294022426 0.29136968235252425
leaf_count=1327 11 17114 1995 301 10695 119 13830 141 435 6 16 32 29 140 1047 37 39 205 627 34 755
internal_value=-5.30319e-06 5.26058e-05 -3.13439e-06 -0.00104816 0.00277704 -0.00334266 0.00204149 0.00448676 -0.00820119 0.0527938 0.0548034 0.0533973 -0.0508739 0.0512021 0.0510357 -0.0506034 -0.0512712 -0.0504528 -0.0505707 -0.0506952 -0.0500329
internal_weight=6728 6720.35 6713.26 4879.23 1834.03 2799.9 2079.32 1586.89 247.139 7.09499 3.13588 1.71816 7.65047 3.95911 3.82157 6.83116 1.25708 5.57408 4.3523 0.611115 1.22178
internal_count=48935 45882 44630 31364 13266 17233 14131 10836 2430 1252 59 43 3053 1193 1187 3024 110 2914 832 71 2082
is_linear=0
shrinkage=0.05


Tree=146
num_leaves=27
num_cat=0
split_feature=18 22 18 18 22 18 7 40 7 21 8 17 16 18 18 8 17 17 17 7 20 17 9 17 11 27
split_gain=8.00144 7.76912 8.14426 88.3459 12.0063 10.1016 9.3943 3.37212 5.34894 10.7509 0.378669 0.137774 0.00893516 0.00520437 0.00146996 0.000399299 7.53253e-05 4.92494e-05 2.80629e-05 2.03447e-05 1.17782e-05 9.79263e-06 4.21998e-06 2.94815e-06 1.74643e-06 5.18345e-10
threshold=1.0000000180025095e-35 -0.54444444444444429 0.74166666666666681 0.70000000000000007 1.0000000180025095e-35 0.56944444444444453 0.29300000000000004 0.75350000000000017 0.17500000000000002 -23.499999999999996 0.63333333333333341 0.21950000000000003 0.22450000000000003 0.81666666666666676 0.81666666666666676 0.36666666666666675 0.24550000000000002 0.044000000000000004 0.049000000000000009 0.35850000000000004 -2.4999999999999996 0.26500000000000007 2.7820000000000005 0.21950000000000003 2.5000000000000004 0.32050000000000006
decision_type=2 2 2 2 2 2 2 2 2 2 2 2 2 2 2 2 2 2 2 2 2 2 2 2 2 2
left_child=15 7 3 5 6 -3 -4 12 9 -9 -5 -6 -2 -14 -10 16 18 22 -1 21 -20 -19 24 -21 -17 -24
right_child=1 2 4 10 11 -7 -8 8 14 -11 -12 -13 13 -15 -16 17 -18 19 20 23 -22 -23 25 -25 -26 -27
leaf_value=0.050582721238801011 -0.061484889461328712 -0.00069618741166233445 0.0014436278975579614 -0.053247986109843798 0.061354471636071828 0.0043409007362958194 0.024295827215539856 0.37342247687718599 -0.053333993163071837 0.01647338344048874 -0.061020401274078817 0.074354526669934334 -0.053281494273987207 -0.050233914186642206 -0.050146404894838507 0.0501874237448151 0.051664121626146101 0.050407984406024633 0.05095269600361118 0.050667578365125157 0.051264806805588009 0.050607278872373096 0.050021737545811976 0.050881751882677212 0.050315946199456375 0.050033180271404465
leaf_weight=0.29685154720209483 0.30138019542209704 5129.8042580076726 197.81583444838179 47.647506224690005 5.5532118941191566 1234.9545007710112 58.205447041022126 0.23429137840867076 2.0853520519158342 2.1171739839192005 23.350268583744764 3.2196992971003056 7.9097135650517867 1.7023726916231678 0.4375690649030729 0.96995765250176169 0.64385506696999062 2.5000297239166693 0.54844923969358206 0.36095374077558506 0.67342819739133097 0.81807700998615462 0.3171328100725076 0.28959016222506762 0.36333458183798939 0.01021572932950221
leaf_count=35 4 31997 2026 1229 59 7925 739 44 258 399 201 21 812 1269 262 286 23 343 31 29 29 77 738 18 61 20
internal_value=-5.11463e-06 -6.38711e-05 1.60239e-05 -0.000337562 0.00860984 0.000281159 0.00663899 -0.0362652 -0.00221484 0.0520385 -0.0558042 0.0661256 -0.0530075 -0.0527417 -0.0527811 0.0506334 0.0512109 0.0504116 0.0510188 0.0505072 0.0511247 0.0504571 0.050183 0.0507629 0.0502224 0.0500221
internal_weight=6723.13 6715.34 6700.55 6435.76 264.794 6364.76 256.021 14.7879 4.87439 2.35147 70.9978 8.77291 9.91347 9.61209 2.52292 7.79188 2.16258 5.62929 1.51873 3.96865 1.22188 3.31811 1.66064 0.650544 1.33329 0.327349
internal_count=48935 47245 44197 41352 2845 39922 2765 3048 963 443 1430 80 2085 2081 520 1690 118 1572 95 467 60 420 1105 47 347 758
is_linear=0
shrinkage=0.05


Tree=147
num_leaves=28
num_cat=0
split_feature=19 17 2 18 18 18 18 14 17 18 18 18 7 17 2 35 27 42 4 22 21 26 21 26 44 22 18
split_gain=7.82557 15.4039 11.7047 11.3049 29.02 17.4712 14.3403 13.0582 11.9051 10.4977 14.4917 12.82 10.2046 12.0846 9.58076 8.30107 11.5044 9.80526 7.83552 7.82334 10.7986 8.44969 4.4932 5.21698 1.01362 0.201214 0.0169577
threshold=1.7070000000000001 0.30200000000000005 5.5000000000000009 0.56944444444444453 0.63333333333333341 0.51666666666666672 0.74166666666666681 1.5085000000000002 0.25450000000000006 0.63333333333333341 0.59166666666666679 0.70000000000000007 0.59400000000000008 0.12250000000000001 2.5000000000000004 0.65750000000000008 0.21000000000000002 0.32650000000000007 1.3725000000000003 0.48333333333333339 1.0000000180025095e-35 0.33150000000000007 6.5000000000000009 0.63050000000000017 0.49550000000000005 0.083333333333333273 0.59166666666666679
decision_type=2 2 2 2 2 2 2 2 2 2 2 2 2 2 2 2 2 2 2 2 2 2 2 2 2 2 2
left_child=12 3 25 5 8 7 -6 -2 -5 10 -4 -11 14 24 19 17 -17 -16 -7 20 -1 -21 23 -15 -14 26 -3
right_child=1 2 9 4 6 18 -8 -9 -10 11 -12 -13 13 22 15 16 -18 -19 -20 21 -22 -23 -24 -25 -26 -27 -28
leaf_value=0.010157041404903051 0.00040625490683981227 -0.060073843251082608 -0.010997589085736052 0.019594748911674814 -0.0097299856366619905 -0.032493939178268164 0.0067219920818998892 -0.061352465113752974 -0.020472518802223286 0.028267685539412352 -0.05040641740031937 -0.025714798977868575 0.073620001348371183 -0.031677814735979734 -0.0030537531856535752 0.0089941666468948047 0.00083742546951624374 -0.052935155077702967 -0.007329290711391892 -0.072052922814204001 0.054771583300366911 0.010523637176363336 -0.11630279446203001 0.029216089396414454 0.029285104005862667 -0.073248786173038177 -0.053392532784697883
leaf_weight=34.262190455774544 317.04616331250872 1.0160476960008988 116.89338845032034 233.76849238295108 371.57870408811141 80.971296809846535 205.81998651108006 8.7965739126084355 20.136300392798148 29.690386067843065 29.143776720709866 17.469402344926493 2.5742046423256388 41.221518469275907 839.57478259739582 488.42282890452771 3761.0610311307828 9.9689177499094495 50.056118137435988 4.2782221744710105 22.450046700425446 11.228695562167557 1.4367143511772145 3.8454392317216834 2.5826649339869618 1.4589118752628554 14.542404952866489
leaf_count=378 1781 25 724 1385 2924 427 4056 53 124 256 280 686 22 780 5431 3395 23646 69 349 261 333 836 6 56 21 12 619
internal_value=-5.67295e-06 -0.00319094 -0.0157405 -0.001143 0.00232942 -0.00746129 -0.0038655 -0.00126101 0.0164172 -0.0122389 -0.0188622 0.00827095 0.00090814 -0.0212039 0.00112904 0.000872912 0.00177494 -0.00363908 -0.0228803 0.0192128 0.0278181 -0.0122585 -0.0292569 -0.0264819 0.0514162 -0.0554937 -0.0538289
internal_weight=6721.3 1498.39 210.214 1288.17 831.303 456.87 577.399 325.843 253.905 193.197 146.037 47.1598 5222.91 51.6605 5171.25 5099.03 4249.48 849.544 131.027 72.2192 56.7122 15.5069 46.5037 45.067 5.15687 17.0174 15.5585
internal_count=48935 13701 2602 11099 8489 2610 6980 1834 1509 1946 1004 942 35234 885 34349 32541 27041 5500 776 1808 711 1097 842 836 43 656 644
is_linear=0
shrinkage=0.05


Tree=148
num_leaves=19
num_cat=0
split_feature=18 18 17 9 43 30 6 35 6 22 22 15 22 17 17 17 7 6
split_gain=7.76673 7.58302 7.55581 6.97588 6.90793 1.39185 0.0547416 0.0125918 0.00817025 0.000967263 0.000342601 0.00022806 0.00014058 6.4553e-05 4.23276e-05 2.38917e-05 1.73327e-05 3.63916e-06
threshold=0.81666666666666676 1.0000000180025095e-35 0.81650000000000011 2.7205000000000004 0.75650000000000006 1.3110000000000002 0.66100000000000014 0.57400000000000007 0.14050000000000004 -0.066666666666666638 0.36666666666666664 -0.37249999999999994 -0.14999999999999997 0.24550000000000002 0.044000000000000004 0.049000000000000009 0.35850000000000004 0.93100000000000016
decision_type=2 2 2 2 2 2 2 2 2 2 2 2 2 2 2 2 2 2
left_child=1 10 3 4 -3 -2 8 -5 -4 11 13 -7 -13 15 17 -1 -16 -12
right_child=5 2 6 7 -6 9 -8 -9 -10 -11 14 12 -14 -15 16 -17 -18 -19
leaf_value=0.050554209659153471 0.034102547025772249 0.00084697801925137867 -0.050230102132146529 0.064704423761063154 -0.0030525900349377359 -0.052157668990578249 -0.067363609948257769 0.052551303038875931 -0.055769873396090831 -0.052055860267834958 0.050211261151161923 -0.050236066495023601 -0.05103301772844792 0.051579590228186228 0.050434099228603924 0.051067308726448324 0.05072368521371156 0.050021214727743714
leaf_weight=0.28191062691621427 0.51457366047543374 5238.1386273166281 0.80213440698571403 0.22098691260907699 1450.0642698505544 0.16862151934765179 1.0681153535842893 5.9975931255612522 3.9092330634593964 0.91641531884670158 1.2700077272020278 7.0427385628572656 0.60053242114372629 0.61283367872238148 3.1534752857987773 1.1621071193367241 0.6179737877100705 0.31421894568484265
leaf_count=35 24 33857 435 10 9303 8 6 542 46 33 347 2947 34 23 420 60 47 758
internal_value=-5.80033e-06 5.73137e-05 1.39636e-06 5.07313e-05 1.51558e-06 -0.045808 -0.0571437 0.0529832 -0.0548267 -0.0505191 0.0506011 -0.0503388 -0.0502987 0.0511496 0.0503904 0.0509671 0.0504815 0.0501736
internal_weight=6716.86 6707.61 6700.2 6694.42 6688.2 9.24288 5.77948 6.21858 4.71137 8.72831 7.41253 7.81189 7.64327 2.05685 5.35568 1.44402 3.77145 1.58423
internal_count=48935 45889 44199 43712 43160 3046 487 552 481 3022 1690 2989 2981 118 1572 95 467 1105
is_linear=0
shrinkage=0.05


Tree=149
num_leaves=31
num_cat=0
split_feature=19 2 17 19 24 18 40 59 42 42 21 37 24 22 7 43 7 4 40 17 24 40 15 22 18 6 22 10 7 22
split_gain=7.6342 7.90494 7.67401 12.9169 10.5549 13.1267 9.26421 9.2336 8.61676 9.48424 7.54193 7.20379 6.97357 6.23739 8.88127 7.295 6.53386 7.90592 6.32339 1.93254 3.68258 0.994804 0.356081 0.209097 0.111905 0.0661419 0.0118517 0.0101631 0.003089 0.00158996
threshold=2.3170000000000006 4.5000000000000009 0.44600000000000006 1.7635000000000003 1.9235000000000002 0.14999999999999999 0.72350000000000014 2.5000000000000004 0.33300000000000007 0.25050000000000006 1.0000000180025095e-35 0.43900000000000006 2.4825000000000004 -0.29999999999999988 0.16950000000000001 0.73750000000000016 0.075500000000000012 1.1960000000000002 0.74700000000000011 0.46550000000000008 2.1775000000000007 0.68650000000000011 1.4900000000000002 0.083333333333333273 0.63333333333333341 0.49150000000000005 -0.19999999999999993 1.5000000000000002 0.24550000000000002 -0.40833333333333327
decision_type=2 2 2 2 2 2 2 2 2 2 2 2 2 2 2 2 2 2 2 2 2 2 2 2 2 2 2 2 2 2
left_child=2 24 7 4 6 -6 -4 10 9 -9 12 -10 -1 14 15 -3 18 -18 -15 20 -5 -16 -12 -21 25 27 29 -2 -28 -26
right_child=1 13 3 19 5 -7 -8 8 11 -11 22 -13 -14 16 21 -17 17 -19 -20 23 -22 -23 -24 -25 26 -27 28 -29 -30 -31
leaf_value=0.037048441231074612 -0.062043646920744211 -0.028292207641051944 -0.015321311946123859 0.030361917528769017 0.032640544378527703 -0.010955450182352054 0.036311497654583968 -0.0022825621757729445 -0.051558315127847532 0.0019206289362540261 0.054702339553614955 -0.009085939179606017 -0.0091929085342189326 0.0010230424385683095 -0.0032775384613677261 0.071087603244154668 -0.010363162247769285 0.033850967725897831 -0.097933070956288323 -0.053687105302955909 -0.060181056400025468 -0.059296849125510032 0.093631009443608568 -0.070484539032640417 -0.050841353633949884 -0.071353959810299655 -0.055019002689732699 -0.051565561444654955 -0.058108016783797935 -0.053011541810449141
leaf_weight=14.309993332659358 0.36687396833440145 4.6623884265718543 12.898448000341885 2.0693811412784298 18.465299277100712 265.9362093603122 26.610813269275241 1966.4181724563241 13.208339719276408 4227.1944449854491 11.568989225896072 40.892633275710978 18.950762025662698 3.37514361180365 0.84402154159033571 3.0575600956508424 24.771856307052076 17.082559314090759 3.0945295703131706 12.201402473321648 2.45561488927342 12.984090787038438 0.61884413298685181 2.184367843437939 1.4502572991186737 1.8999003544449804 1.9958314280957004 0.62680403533158824 1.3613463081419466 2.0188477134797722
leaf_count=137 12 145 205 24 124 2111 415 13056 82 28289 1163 292 129 23 25 113 166 111 24 514 19 502 9 17 1028 10 36 48 15 91
internal_value=-5.51927e-06 -0.0153987 0.000179106 -0.00710588 -0.00476081 -0.0081249 0.0194551 0.000575958 0.000412607 0.000586152 0.0230314 -0.0194552 0.0107018 -0.00952159 -0.0318932 0.0110681 0.00045407 0.0076825 -0.046309 -0.0472732 -0.0187737 -0.0558776 0.056679 -0.0562377 -0.0576467 -0.065887 -0.0541538 -0.0554342 -0.0562716 -0.0521043
internal_weight=6715.58 79.592 6635.98 342.822 323.911 284.402 39.5093 6293.16 6247.71 6193.61 45.4486 54.101 33.2608 69.8721 21.5481 7.71995 48.3241 41.8544 6.46967 18.9108 4.525 13.8281 12.1878 14.3858 9.71986 2.89358 6.82628 0.993678 3.35718 3.46911
internal_count=48935 2349 46586 3429 2855 2235 620 43157 41719 41345 1438 374 266 1109 785 258 324 277 47 574 43 527 1172 531 1240 70 1170 60 51 1119
is_linear=0
shrinkage=0.05


Tree=150
num_leaves=27
num_cat=0
split_feature=8 8 4 26 8 24 7 27 8 17 40 6 22 22 17 20 22 17 22 11 6 40 6 17 11 17
split_gain=7.57063 7.51334 7.18521 12.3822 11.709 10.3346 10.2981 9.51505 6.13216 0.2932 0.703618 7.38664e-05 6.72308e-05 3.73433e-05 1.22176e-05 9.72685e-06 9.38834e-06 7.58264e-06 4.39913e-06 3.31134e-06 1.55762e-06 1.31097e-06 1.1877e-06 9.60017e-07 8.83429e-07 3.53312e-07
threshold=0.18333333333333332 0.93333333333333346 1.4690000000000003 0.16150000000000003 0.59166666666666679 4.0930000000000009 0.36900000000000005 0.25650000000000006 0.4555555555555556 0.41550000000000004 0.69900000000000007 0.87250000000000016 0.36666666666666664 -0.066666666666666638 0.41900000000000004 -5.4999999999999991 1.0000000180025095e-35 0.26000000000000006 -0.29999999999999988 8.5000000000000018 0.14900000000000002 0.69900000000000007 0.042500000000000003 0.26800000000000007 1.0000000180025095e-35 0.19600000000000004
decision_type=2 2 2 2 2 2 2 2 2 2 2 2 2 2 2 2 2 2 2 2 2 2 2 2 2 2
left_child=9 2 4 8 5 -2 -5 -6 -4 13 -11 12 17 18 -12 -14 23 -3 22 24 -16 -20 -1 -15 -13 -21
right_child=1 11 3 6 7 -7 -8 -9 -10 10 14 19 15 16 20 -17 -18 -19 21 25 -22 -23 -24 -25 -26 -27
leaf_value=-0.050027053011426847 -0.0033642549069087396 0.050833537713514509 -0.013263555461268631 0.005455996739498134 0.004017781601760897 0.033867289269766447 -0.0095867996190256728 -0.0034501436885267345 0.0036320721453927209 0.036124147192688874 -0.050653554689393379 0.050019132845679576 0.050435986034928826 -0.050397982739926253 -0.050059024135839715 0.050577565008926621 -0.050693503069056456 0.051135139524688872 -0.050281462147450322 0.050230091895769095 -0.050222812014166153 -0.050161265163830619 -0.050098637208192964 -0.050294622572461617 0.050122998560400395 0.050349172355191957
leaf_weight=0.68496093704015848 2778.6716606583504 0.46855824906378885 165.71809803380165 1462.4882073424524 1467.2386657865718 18.764340778347105 123.37096791306976 601.34434005862568 79.451276815496385 0.34869067568797596 0.13680291944183409 0.28403395440545842 3.3695650753215887 0.4706638868083235 0.33820477448171005 1.8956422368064521 0.25275532098021358 0.37533080950379372 0.26105626532807935 0.11196987034054462 0.25430406141094863 1.7314782925823236 3.7614513268927112 0.42980302206706256 0.73317060386762023 0.14039028994739056
leaf_count=1447 16696 30 1488 8794 9713 159 1008 3649 439 55 14 758 432 74 455 180 27 18 66 29 85 645 2227 94 330 23
internal_value=-5.59711e-06 5.47849e-05 -7.73855e-07 0.00266908 -0.00100541 -0.00311452 0.00428575 0.00184683 -0.00778824 -0.0466975 -0.0222963 0.0504812 0.0505534 -0.0501622 -0.0502277 0.050487 -0.0504242 0.0509677 -0.0501153 0.0501342 -0.0501293 -0.050177 -0.0500876 -0.0503486 0.050094 0.0502963
internal_weight=6713.1 6704.43 6697.05 1831.03 4866.02 2797.44 1585.86 2068.58 245.169 8.67017 1.078 7.37866 6.1091 7.59217 0.729312 5.26521 1.15322 0.843889 6.43895 1.26956 0.592509 1.99253 4.44641 0.900467 1.0172 0.25236
internal_count=48935 43746 41946 11729 30217 16855 9802 13362 1927 5189 609 1800 660 4580 554 612 195 48 4385 1140 540 711 3674 168 1088 52
is_linear=0
shrinkage=0.05


Tree=151
num_leaves=21
num_cat=0
split_feature=18 18 17 8 2 5 19 21 6 8 8 30 41 21 17 17 8 17 7 6
split_gain=7.25739 7.1471 7.10689 7.1883 10.4914 8.83657 1.39545 0.0452157 0.00877534 0.000733857 0.00028994 0.000250921 0.000202468 6.99891e-05 5.50428e-05 3.52317e-05 2.60386e-05 2.03709e-05 1.50274e-05 2.89545e-06
threshold=0.81666666666666676 1.0000000180025095e-35 0.81650000000000011 0.36666666666666675 23.500000000000004 -0.075499999999999984 1.2545000000000002 5.5000000000000009 0.14050000000000004 0.70000000000000007 0.36666666666666675 1.3110000000000002 0.52350000000000019 3.5000000000000004 0.24550000000000002 0.044000000000000004 0.59166666666666679 0.049000000000000009 0.35850000000000004 0.93100000000000016
decision_type=2 2 2 2 2 2 2 2 2 2 2 2 2 2 2 2 2 2 2 2
left_child=1 10 3 4 -3 -5 -2 8 -4 11 14 -8 13 -11 17 19 -13 -1 -17 -12
right_child=6 2 7 5 -6 -7 9 -9 -10 12 15 16 -14 -15 -16 18 -18 -19 -20 -21
leaf_value=0.05052626523879581 0.034926966166335373 -0.00051155803363245214 -0.050223107791540982 0.0041546077087009697 -0.0097181526612450612 -0.00039779826797328125 -0.051712415664767808 -0.069914666984388585 -0.056060324380554465 -0.050894897154137891 0.050199630998397783 -0.05015184459374368 -0.052495108720338204 -0.051699872202592749 0.051497799393765122 0.050412189576890046 -0.050386202651793749 0.051012556803936682 0.050688661809223767 0.050018346500637551
leaf_weight=0.26750984066165884 0.50743332970887323 1234.6509067007282 0.76116451533744012 1531.1879732121015 412.93251272063935 3508.3756397559191 0.29065759415970926 0.58030925691127766 4.1779379695653915 0.81786966999061383 1.18702146661235 4.7705745264247525 0.37049896083772171 0.40311854798346758 0.58265983872115601 2.9931956065702257 1.5770129761658607 1.1046099504455922 0.58805821603164066 0.27044233615742985
leaf_count=35 20 11436 435 7864 3397 21015 23 3 49 59 347 2670 13 14 23 420 247 60 47 758
internal_value=-5.35786e-06 5.40316e-05 1.24107e-06 4.80508e-05 -0.002819 0.000985375 -0.0455452 -0.056712 -0.0551608 -0.050507 0.0505738 -0.0502758 -0.0514713 -0.0511607 0.0510906 0.0503732 -0.0502101 0.0509177 0.0504576 0.050166
internal_weight=6708.4 6699.66 6692.67 6687.15 1647.58 5039.56 8.73717 5.51941 4.9391 8.22973 6.9935 6.63825 1.59149 1.22099 1.95478 5.03872 6.34759 1.37212 3.58125 1.45746
internal_count=48935 45889 44199 43712 14833 28879 3046 487 484 3026 1690 2940 86 73 118 1572 2917 95 467 1105
is_linear=0
shrinkage=0.05


Tree=152
num_leaves=23
num_cat=0
split_feature=6 24 5 30 14 19 17 7 31 10 33 31 22 14 17 22 8 2 8 17 10 18
split_gain=7.1719 7.16836 6.9742 11.2921 7.76822 7.4515 10.7794 8.96403 4.51001 7.04603 12.021 3.36662 1.0567 1.0501 0.906336 0.00143389 0.000243297 0.000154045 8.90497e-05 6.87128e-05 7.41698e-06 2.48933e-08
threshold=0.041000000000000009 4.7635000000000014 -1.3954999999999997 1.6025000000000003 0.89100000000000013 1.3550000000000002 0.40800000000000003 0.47500000000000003 0.77850000000000008 13.500000000000002 0.26900000000000007 0.7875000000000002 1.0000000180025095e-35 1.9835000000000003 0.49150000000000005 0.25833333333333336 0.36666666666666675 1.5000000000000002 0.18333333333333332 0.32700000000000007 5.5000000000000009 0.63333333333333341
decision_type=2 2 2 2 2 2 2 2 2 2 2 2 2 2 2 2 2 2 2 2 2 2
left_child=15 2 3 4 -2 7 -7 -4 9 10 -3 -5 -10 -14 -11 16 18 20 21 -20 -18 -1
right_child=1 8 5 11 -6 6 -8 -9 12 14 -12 -13 13 -15 -16 -17 17 -19 19 -21 -22 -23
leaf_value=-0.050036240218633343 0.067216727440696969 0.0060598916949184227 0.0019381615259253264 0.01034394100740374 0.015844565561867186 -0.0013087490314625944 -0.015374238069939256 -0.010276405542213839 0.014904034266701657 0.061467881906219018 -0.20484618471524396 -0.074125519756472857 -0.0021816294243472401 0.068557362518068793 -0.0093324530509339976 -0.052907080940575626 -0.050764361730392282 -0.051791526376167518 -0.050764119964351033 -0.050348198299281235 -0.050372615611747364 -0.050020672864615173
leaf_weight=0.59749369797645957 10.291732892394064 2.7643183608306603 3398.4491146501969 1.7381622593966302 25.821967856114497 2942.1633729731257 142.82694104779512 157.15181135444436 1.3096959292888621 3.2787509625777607 0.89415656239725638 3.6707281257840805 0.5655829895986243 7.2453760931675788 0.52430376142729063 0.748559359461069 0.3672478499356655 0.60856896039331332 1.9078101899940523 2.0709250918007456 0.18006805545883253 0.45035924414696638
leaf_count=871 112 71 21938 20 247 20695 1281 901 8 239 30 41 11 278 10 29 31 39 205 627 40 1211
internal_value=-5.21296e-06 4.73853e-05 -3.40943e-05 0.0203937 0.0304847 -0.000161826 -0.00195994 0.0013983 0.0328812 0.00405168 -0.045487 -0.046981 0.0564663 0.0634352 0.0517071 -0.0508403 -0.05059 -0.0512441 -0.0504396 -0.0505476 -0.0506355 -0.0500295
internal_weight=6705.63 6698.7 6682.11 41.5226 36.1137 6640.59 3084.99 3555.6 16.5822 7.46153 3.65847 5.40889 9.12066 7.81096 3.80305 6.93103 6.18247 1.15588 5.02659 3.97874 0.547316 1.04785
internal_count=48935 45882 45235 420 359 44815 21976 22839 647 350 101 61 297 289 249 3053 3024 110 2914 832 71 2082
is_linear=0
shrinkage=0.05


Tree=153
num_leaves=27
num_cat=0
split_feature=8 8 19 16 17 17 3 41 8 17 40 6 22 22 17 20 22 17 7 22 7 11 11 17 11 37
split_gain=7.14314 7.08312 6.73878 7.7111 7.62513 6.75626 6.61951 6.2987 0.537123 0.295482 0.660662 6.24097e-05 5.80356e-05 3.19337e-05 1.04426e-05 8.52438e-06 8.06025e-06 6.53592e-06 5.09348e-06 3.73677e-06 2.96889e-06 2.82505e-06 7.42057e-07 3.05384e-07 2.45411e-07 1.04006e-10
threshold=0.93333333333333346 0.18333333333333332 2.3170000000000006 0.72900000000000009 0.23400000000000001 0.55300000000000016 2.0680000000000005 0.47400000000000003 0.8500000000000002 0.41550000000000004 0.69900000000000007 0.87250000000000016 0.36666666666666664 -0.066666666666666638 0.41900000000000004 -5.4999999999999991 1.0000000180025095e-35 0.26000000000000006 0.24050000000000002 -0.29999999999999988 0.23900000000000002 8.5000000000000018 1.0000000180025095e-35 0.19600000000000004 3.5000000000000004 0.65800000000000014
decision_type=2 2 2 2 2 2 2 2 2 2 2 2 2 2 2 2 2 2 2 2 2 2 2 2 2 2
left_child=1 9 3 5 6 -3 -4 -5 -6 13 -11 12 17 19 -12 20 -15 -2 -17 -1 -14 22 25 -23 -24 -13
right_child=11 2 4 7 8 -7 -8 -9 -10 10 14 21 15 16 -16 18 -18 -19 -20 -21 -22 23 24 -25 -26 -27
leaf_value=-0.050083625552205996 0.050793271687105061 0.00024996910460602204 -0.013207881648704449 -0.014693786275937357 -0.054534254069172367 -0.013378245968028266 0.047791843432593378 0.039498565024561311 -0.099193327128513753 0.034393658413815274 -0.050623163849006309 0.050016891388300871 0.050389845143139572 -0.050331690607068963 -0.050124249345121989 0.050505173641704773 -0.050659846862223759 0.051080067251221467 0.050706779261032876 -0.050168407505684555 0.050508923430669476 0.050219251587464979 0.050091476001334678 0.050332722351527852 0.050151400021364305 0.050022205799700382
leaf_weight=4.1713446281792121 0.44653251674026151 6488.3010766897933 64.561401720566209 7.1353422969114062 8.1413268800824845 92.235625732166227 4.7764784406172103 21.572483413270675 0.73397660255432207 0.34925171220675089 0.12959142588078976 0.24285684488131642 2.5438324073911649 0.85413963423343264 0.55003387189935893 1.4038849635981021 0.23961804126156494 0.35786510445177555 0.4032906824722885 1.8878539720608385 0.65905711636878539 0.10646094806725159 0.3990808924427256 0.1338382912799716 0.29876627132762223 0.009569120651576668
leaf_count=3674 30 39222 1027 47 348 1121 47 130 4 55 14 732 362 168 540 149 27 18 31 711 70 29 224 23 106 26
internal_value=-4.99431e-06 -5.77903e-05 -9.07452e-07 0.000171753 -0.0145913 5.89502e-05 -0.00900579 0.026029 -0.0582275 -0.0465512 -0.0214975 0.0504591 0.0505266 -0.0501549 -0.0502194 0.0504633 -0.0504036 0.0509209 0.0505502 -0.05011 0.0504143 0.0501293 0.0500906 0.0502825 0.0501171 0.0500171
internal_weight=6702.64 6695.64 6687.46 6609.24 78.2132 6580.54 69.3379 28.7078 8.8753 8.18183 1.02888 7.00504 5.81446 7.15296 0.679625 5.01007 1.09376 0.804398 1.80718 6.0592 3.20289 1.19057 0.950273 0.240299 0.697847 0.252426
internal_count=48935 47135 41946 40520 1426 40343 1074 177 352 5189 609 1800 660 4580 554 612 195 48 180 4385 432 1140 1088 52 330 758
is_linear=0
shrinkage=0.05


Tree=154
num_leaves=27
num_cat=0
split_feature=22 18 18 22 6 9 8 18 18 17 40 27 20 37 31 8 17 8 8 17 16 18 8 18 4 32
split_gain=6.90304 7.50788 82.6245 11.1431 9.9253 17.241 11.8414 9.17653 46.2519 24.505 3.38226 5.07383 6.55993 4.62792 6.79168 0.316293 0.113929 0.0863082 0.0256544 0.0177053 0.00741225 0.0040961 0.00272959 0.00144811 0.000624895 3.68544e-05
threshold=-0.54444444444444429 0.74166666666666681 0.70000000000000007 1.0000000180025095e-35 0.55800000000000016 1.5845000000000002 0.76388888888888895 0.56944444444444453 0.51666666666666672 0.42200000000000004 0.75350000000000017 0.19050000000000003 9.5000000000000018 0.59650000000000014 0.66850000000000021 0.63333333333333341 0.21950000000000003 0.78888888888888908 0.51666666666666672 0.097500000000000017 0.22450000000000003 0.81666666666666676 0.18333333333333332 0.81666666666666676 2.4045000000000001 0.30700000000000005
decision_type=2 2 2 2 2 2 2 2 2 2 2 2 2 2 2 2 2 2 2 2 2 2 2 2 2 2
left_child=10 2 7 4 5 -3 -6 8 -2 -9 20 12 -12 23 -15 18 19 -17 -4 -5 -1 22 -22 -13 -14 -23
right_child=1 3 15 16 6 -7 -8 9 -10 -11 11 13 24 14 -16 17 -18 -19 -20 -21 21 25 -24 -25 -26 -27
leaf_value=-0.060816060412161657 0.0010896143717992043 0.0020257861704648535 -0.052183617265479591 0.057288828795988726 -0.0017182282070955905 0.033916191154405362 -0.063435241757396177 0.0053749524177678339 -0.013816327590514557 -0.037594454108950369 0.21280862397077727 -0.053243075251608901 -0.052440820396132286 -0.052681470611924165 0.26431343960025616 -0.057898904712346835 0.072675737942138802 -0.064302321494379533 -0.054680525392987213 0.063145546024612684 -0.050060995342209105 -0.051019952817435078 -0.053445014192335272 -0.050251643291043237 -0.056805516230960598 -0.050142285866807239
leaf_weight=0.28892868978436936 4535.9771076423058 143.50942438316997 28.847304191673175 2.2764738146215659 42.224654592573643 60.144158519804478 9.5252631565090251 1198.1864463099628 587.86234659346519 34.124973352067173 0.55697307334048574 2.622169431648218 0.27791954411077313 0.37252978680771764 0.30923198972595856 13.627052026451567 3.115583335980773 8.5726008601486665 15.989018506603314 2.9792310427874327 0.65317193948430752 0.13178916857577849 6.7957722877617925 0.47836458269739512 0.11632986986660399 1.2943765008385524
leaf_count=4 29949 1804 978 32 336 549 76 7304 3738 621 35 279 89 105 37 144 21 57 251 27 682 14 130 403 15 1255
internal_value=-4.8881e-06 6.82729e-05 -0.000271239 0.00833575 0.00647521 0.0114438 -0.0130781 0.00031114 -0.000620557 0.00418505 -0.0352071 -0.000886455 0.102338 -0.0268467 0.0911004 -0.0554907 0.0650998 -0.0603716 -0.053074 0.0606087 -0.0529348 -0.0526783 -0.0531483 -0.0527815 -0.0537287 -0.0502234
internal_weight=6700.86 6686.96 6423.19 263.775 255.404 203.654 51.7499 6356.15 5123.84 1232.31 13.8976 4.73352 0.951222 3.7823 0.681762 67.036 8.37129 22.1997 44.8363 5.2557 9.16404 8.87511 7.44894 3.10053 0.394249 1.42617
internal_count=48935 45887 43042 2845 2765 2353 412 41612 33687 7925 3048 963 139 824 142 1430 80 201 1229 59 2085 2081 812 682 104 1269
is_linear=0
shrinkage=0.05


Tree=155
num_leaves=29
num_cat=0
split_feature=28 4 18 18 8 17 7 18 18 26 17 27 28 19 24 3 5 14 18 29 24 17 7 23 12 9 22 18
split_gain=6.86228 10.3072 18.854 14.911 12.1571 9.64927 9.41142 14.6158 8.76755 11.3899 8.50384 7.53633 7.29403 6.40997 6.42133 10.9446 9.63696 8.95252 8.13197 7.7486 6.34981 6.12364 5.92788 4.52618 5.1393 3.72537 0.640868 0.0602399
threshold=0.37750000000000006 1.2830000000000001 0.78888888888888908 0.70000000000000007 0.78888888888888908 0.34550000000000003 0.26500000000000007 0.29999999999999999 0.14999999999999999 0.63050000000000017 0.078500000000000014 0.20850000000000002 0.11900000000000001 2.3170000000000006 1.8335000000000001 0.49150000000000005 -1.3954999999999997 0.55800000000000016 0.43055555555555564 3.0070000000000001 1.7475000000000003 0.20750000000000002 0.060500000000000005 0.16000000000000006 5.5000000000000009 0.57400000000000007 0.25833333333333336 0.70000000000000007
decision_type=2 2 2 2 2 2 2 2 2 2 2 2 2 2 2 2 2 2 2 2 2 2 2 2 2 2 2 2
left_child=1 2 3 4 -1 20 7 22 9 -8 -5 -10 -9 14 16 25 18 -17 -2 -18 -4 23 -3 24 -15 -16 27 -23
right_child=13 6 5 10 -6 -7 8 12 11 -11 -12 -13 -14 21 15 17 19 -19 -20 -21 -22 26 -24 -25 -26 -27 -28 -29
leaf_value=-0.0020761710282298307 -0.010442668942162232 0.039662063645271452 0.13533113675640868 0.019678265525336358 0.0090306499149413917 0.12814978983900163 -0.026721896655099966 0.043238497702783818 0.021480623768208758 0.034222785939605128 -0.056984950007992433 -0.00054174920080529872 0.0021359160502652593 -0.05248625580624066 -0.0056662264512132654 -0.045410456025985001 0.0010849483735141739 -0.0019238453672728506 0.066885930356818488 0.031854588265879474 0.020606821546318904 -0.06296719947417373 0.014725495821992882 0.048733351574954661 -0.0083801014029692266 -0.07448230396863835 -0.11709439562851381 -0.05315455687181922
leaf_weight=2087.9007460321009 4.929205789754632 26.002282633271534 1.231642564816865 4.5248200686182853 279.33181231011986 2.2642689703498027 54.070152111933567 11.03493053682905 44.165175338304834 8.9328766632825118 18.034851503965911 322.69411068550835 493.68736569298198 7.8852348887594408 2.7323166744026803 11.890138098475289 319.55383314104984 2559.867765501549 10.957593504193936 21.860296699655009 58.198391105805058 2.3220716387731946 285.57891679491149 2.9025597474537781 40.666036561044166 7.0182097355136648 0.46256025135517109 4.791265784195275
leaf_count=11911 78 379 85 27 3921 26 382 65 277 64 294 2153 3090 789 71 109 3466 17662 355 238 504 26 1902 23 619 50 2 367
internal_value=-5.76762e-06 0.00143553 -0.000446601 -0.00115113 -0.000765574 0.0268441 0.00513811 0.00829128 -0.000849744 -0.0180809 -0.0416085 0.00210946 0.00303456 -0.00178352 -0.00145585 -0.00232536 0.00482642 -0.0021249 0.0428931 0.00305509 0.0229844 -0.0180969 0.0168065 -0.0119175 -0.0155434 -0.0551985 -0.0600662 -0.0563578
internal_weight=6695.49 3697.65 2451.49 2389.79 2367.23 61.6943 1246.17 816.303 429.862 63.003 22.5597 366.859 504.722 2997.84 2938.81 2581.51 357.301 2571.76 15.8868 341.414 59.43 59.0297 311.581 51.4538 48.5513 9.75053 7.5759 7.11334
internal_count=48935 25080 16768 16153 15832 615 8312 5436 2876 446 321 2430 3155 23855 22029 17892 4137 17771 433 3704 589 1826 2281 1431 1408 121 395 393
is_linear=0
shrinkage=0.05


Tree=156
num_leaves=19
num_cat=0
split_feature=18 18 17 8 26 2 30 21 1 22 8 19 22 17 17 17 7 6
split_gain=6.78258 6.73887 6.58309 6.57631 10.6581 9.47226 1.34042 0.0370646 0.00691257 0.000718487 0.000247537 0.000217131 0.000109769 4.84775e-05 2.96645e-05 1.69981e-05 1.31617e-05 2.32484e-06
threshold=0.81666666666666676 1.0000000180025095e-35 0.81650000000000011 0.36666666666666675 0.10250000000000002 23.500000000000004 1.3110000000000002 5.5000000000000009 3.5000000000000004 -0.066666666666666638 0.36666666666666675 1.1190000000000004 -0.14999999999999997 0.24550000000000002 0.044000000000000004 0.057500000000000002 0.35850000000000004 0.93100000000000016
decision_type=2 2 2 2 2 2 2 2 2 2 2 2 2 2 2 2 2 2
left_child=1 10 3 5 -5 -3 -2 8 -4 11 13 -8 -13 15 17 -1 -16 -12
right_child=6 2 7 4 -6 -7 9 -9 -10 -11 14 12 -14 -15 16 -17 -18 -19
leaf_value=0.050515118240486018 0.033454003966395841 -0.00051049292118978014 -0.05019876941678092 -0.048166846178344686 0.001049363767424402 -0.009277480630234031 -0.052096952249789545 -0.068475178486117602 -0.055666868442872691 -0.051895222382941288 0.050188309320835657 -0.050221574146008308 -0.050955368376472715 0.051428513564696521 0.050391260947558761 0.050962337212633928 0.050656546876048529 0.050016210874746204
leaf_weight=0.26749537652358313 0.50668164429953133 1232.587870117597 0.67725185558083367 11.024408251978455 5017.045511779841 410.78072476235684 0.1688979041064157 0.56099930405616749 3.9427191875874996 0.81563024036586274 1.1118913484388029 6.1967988417600273 0.5553198803681888 0.55502666998654593 2.8347044324036692 1.0329134613275526 0.559892929624766 0.23829257237957779
leaf_count=36 24 11436 435 64 28815 3397 11 3 49 33 347 2944 34 23 420 59 47 758
internal_value=-5.7526e-06 5.01543e-05 2.34645e-07 4.39871e-05 0.000941454 -0.00270191 -0.0453319 -0.056339 -0.0548653 -0.0504916 0.0505477 -0.0503262 -0.0502819 0.0510373 0.0503562 0.0508703 0.050435 0.0501579
internal_weight=6691.46 6683.22 6676.62 6671.44 5028.07 1643.37 8.24333 5.18097 4.61997 7.73665 6.60022 6.92102 6.75212 1.85544 4.74478 1.30041 3.3946 1.35018
internal_count=48935 45889 44199 43712 28879 14833 3046 487 484 3022 1690 2989 2978 118 1572 95 467 1105
is_linear=0
shrinkage=0.05


Tree=157
num_leaves=24
num_cat=0
split_feature=8 21 17 44 23 15 23 19 20 15 22 18 6 18 20 17 7 7 19 19 17 6 36
split_gain=6.69781 6.72061 17.0369 8.42428 7.4912 14.182 13.8346 10.0396 8.94312 9.07445 8.47816 2.88869 5.08839e-05 4.39183e-05 7.40041e-06 5.71892e-06 4.33831e-06 2.47396e-06 1.79788e-06 6.51742e-07 5.60256e-07 4.2131e-07 8.99109e-11
threshold=0.93333333333333346 38.500000000000007 0.29500000000000004 0.47850000000000004 0.87050000000000016 -0.66099999999999992 1.0555000000000003 1.1560000000000001 -11.499999999999998 -0.37249999999999994 0.70000000000000018 0.36666666666666675 0.87250000000000016 0.63333333333333341 -5.4999999999999991 0.26000000000000006 0.24050000000000002 0.23900000000000002 1.5275000000000001 1.0000000180025095e-35 0.11650000000000001 0.91300000000000014 0.34200000000000003
decision_type=2 2 2 2 2 2 2 2 2 2 2 2 2 2 2 2 2 2 2 2 2 2 2
left_child=1 4 3 -3 8 7 -7 -6 9 -1 -10 -5 13 14 17 -15 -16 -2 19 22 -20 -21 -14
right_child=12 2 -4 11 5 6 -8 -9 10 -11 -12 -13 18 15 16 -17 -18 -19 20 21 -22 -23 -24
leaf_value=-0.021087455338758075 0.050366968103895786 -0.073075632009106647 -0.13627265172998271 0.062082001541730825 0.011268107748278347 0.0076103141584583636 -0.013721443024730356 0.056017437318090571 -0.00020160288192949639 0.038918519876261284 -0.044203456180912953 -0.011671493708217014 0.050020411881461162 0.050725569125243321 0.050477524360682126 0.051004721405388788 0.050668732969837961 0.050478987336221519 0.050155957406332267 0.05020869482292574 0.050309378382802708 0.050096663550380442 0.050015206893619837
leaf_weight=80.550266238627955 2.3946736475918446 2.7083913246169669 3.1992369461804619 3.5108642475679517 276.27655584580498 166.33049157407368 139.9667813598644 13.129446908831595 5975.7190292690211 6.8350728605873874 10.967205291148273 2.1349503546953201 0.0086248330771920845 0.40815870417281974 1.3280284218490113 0.33329194691032171 0.38197568338364352 0.6206278254976495 0.10561917652375996 0.099320519366301596 0.13629201822914183 0.54119400132913142 0.21817260090028867
leaf_count=579 362 21 23 38 2617 1003 911 84 41624 46 173 16 26 30 149 18 31 70 35 26 25 296 732
internal_value=-5.59793e-06 -5.52389e-05 -0.0381568 -0.000583417 1.0761e-05 0.00536152 -0.00213753 0.0132982 -0.000514004 -0.0163939 -0.000282211 0.0341923 0.0504306 0.0504933 0.0504371 0.0508511 0.0505202 0.05039 0.0501219 0.0500882 0.0502424 0.050114 0.0500154
internal_weight=6687.9 6681.33 11.5534 8.35421 6669.77 595.703 306.297 289.406 6074.07 87.3853 5986.69 5.64581 6.57598 5.46676 4.72531 0.741451 1.71 3.0153 1.10922 0.867312 0.241911 0.640515 0.226797
internal_count=48935 47135 98 75 47037 4615 1914 2701 42422 625 41797 54 1800 660 612 48 180 432 1140 1080 60 322 758
is_linear=0
shrinkage=0.05


Tree=158
num_leaves=27
num_cat=0
split_feature=8 18 18 17 7 17 18 7 17 7 4 37 39 23 44 11 17 40 22 17 22 22 6 40 6 17
split_gain=6.65112 6.55758 10.7036 31.1742 13.3368 12.1247 19.7113 13.722 10.3965 7.50168 12.4601 12.1213 7.50123 7.41025 7.21436 6.31629 0.290848 0.616806 2.70255e-05 8.8844e-06 6.7676e-06 3.20787e-06 1.14809e-06 9.62959e-07 8.16933e-07 7.21865e-07
threshold=0.18333333333333332 0.074999999999999969 0.14999999999999999 0.31400000000000006 0.081500000000000017 0.34700000000000003 0.23611111111111113 0.078500000000000014 0.43900000000000006 0.38700000000000007 1.2195000000000003 0.62700000000000011 2.6335000000000002 0.57100000000000017 0.49550000000000005 8.5000000000000018 0.41550000000000004 0.69900000000000007 -0.066666666666666638 0.41900000000000004 1.0000000180025095e-35 -0.29999999999999988 0.14900000000000002 0.69900000000000007 0.042500000000000003 0.26800000000000007
decision_type=2 2 2 2 2 2 2 2 2 2 2 2 2 2 2 2 2 2 2 2 2 2 2 2 2 2
left_child=16 9 3 4 -3 6 -4 -7 -5 11 15 14 -13 -12 -2 -11 18 -18 21 -19 25 24 -21 -23 -1 -20
right_child=1 2 5 8 -6 7 -8 -9 -10 10 13 12 -14 -15 -16 -17 17 19 20 22 -22 23 -24 -25 -26 -27
leaf_value=-0.050023267599632187 0.0083521058836000632 0.050613230623253791 0.012661040072783056 0.0020857683504122725 -0.025511970874682263 0.017047915789710346 0.00040657894193334046 -0.0062323120073628797 0.039160082366864156 -0.0095035589876045004 -0.091132902298058177 -0.0055308617843467297 -0.076829089630975567 -0.009454808844078004 0.030186758823673922 0.055655708642179703 0.032384176077342945 -0.050591777071115923 -0.050359854185388658 -0.05005295988845905 -0.050623864014949393 -0.050254393517286992 -0.050202724043399663 -0.050145941430008445 -0.050088724983025849 -0.050265362780684136
leaf_weight=0.55625165275705502 93.459007005265448 5.9477344256592906 352.50306186918169 142.87154396611731 176.20988921774551 67.762412404350471 4749.0611572026974 960.50746833585436 21.793959531001747 11.108668501023208 6.3952835076488537 12.705596381973011 5.1984087064047335 4.9080388837028295 63.55818738952803 5.5911164744757107 0.34887524170335371 0.1228678347542882 0.42452988331206032 0.29036572517361492 0.22679461544612423 0.23561983887339044 0.22880617796909064 1.5586296586843671 3.3313034196617082 0.38580475031631067
leaf_count=1447 1662 100 2369 877 1058 619 28817 6383 128 139 39 195 96 36 1181 47 55 14 74 455 27 66 85 645 2227 94
internal_value=-4.784e-06 4.87883e-05 -0.000228517 -0.00877386 -0.0230264 0.000254974 0.00125333 -0.00469816 0.00699266 0.00889944 -0.0151276 0.0127459 -0.0262322 -0.0556673 0.0171904 0.0123119 -0.0464182 -0.0211304 -0.0501477 -0.0502094 -0.0503824 -0.0501049 -0.050119 -0.0501602 -0.0500794 -0.0503149
internal_weight=6687.29 6679.58 6476.66 346.823 182.158 6129.83 5101.56 1028.27 164.666 202.924 28.0031 174.921 17.904 11.3033 157.017 16.6998 7.70985 0.990915 6.71893 0.64204 1.03713 5.6818 0.519172 1.79425 3.88756 0.810335
internal_count=48935 43746 40351 2163 1158 38188 31186 7002 1005 3395 261 3134 291 75 2843 186 5189 609 4580 554 195 4385 540 711 3674 168
is_linear=0
shrinkage=0.05


Tree=159
num_leaves=21
num_cat=0
split_feature=19 9 17 18 40 9 18 6 34 18 18 1 6 28 15 4 18 18 6 2
split_gain=6.5993 6.42712 6.20219 6.11832 6.06123 0.0627472 0.0360073 0.0315586 0.0116794 0.00868378 0.00458644 0.00457766 0.00275772 0.00240027 0.00100673 0.000940866 0.000419873 0.000218296 0.000129666 4.55429e-06
threshold=2.6775000000000007 2.7205000000000004 0.81650000000000011 1.0000000180025095e-35 0.68650000000000011 1.3270000000000002 0.63333333333333341 0.66100000000000014 0.31550000000000006 0.8500000000000002 0.51666666666666672 3.5000000000000004 0.19600000000000004 0.37900000000000006 3.1665000000000005 1.5965000000000003 0.29999999999999999 0.4555555555555556 0.29500000000000004 8.5000000000000018
decision_type=2 2 2 2 2 2 2 2 2 2 2 2 2 2 2 2 2 2 2 2
left_child=1 2 3 18 -5 12 -7 11 -3 -8 16 -4 14 -12 17 -14 -10 -2 -1 -11
right_child=5 8 7 4 -6 6 9 -9 10 19 13 -13 15 -15 -16 -17 -18 -19 -20 -21
leaf_value=0.050892183703859867 -0.051920887992665067 0.06476292088678437 -0.050190521793034459 -0.0080730486821016072 0.00026968438708315385 -0.069016935340481977 -0.060361078648916169 -0.064149645147413628 0.0507494630918124 -0.050181918578596996 0.052212694041122866 -0.054775672423785206 -0.053056805884939488 0.055951776234951761 -0.055571960254159829 -0.057012162367947795 0.051809578093181388 -0.050385894473346807 0.050384357438621685 -0.050691002352666915
leaf_weight=1.7944085844792415 0.34657004082691745 0.195516483639948 0.65031127983820569 225.33405511290766 6437.0590259957098 1.7932705208659174 0.64694713801145542 0.95437598973512638 1.6470684392261321 0.26497078512329608 0.72471284703351546 3.3407372906804085 0.24365169910015527 1.0526309621054677 0.12929997385072045 0.39261312893358991 2.1574401370598935 0.69830496801296249 4.1971356638241559 0.052663770504295826
leaf_count=134 20 18 440 1509 43634 10 5 6 969 146 57 46 37 26 40 35 242 754 796 11
internal_value=-4.02727e-06 3.7062e-05 -8.57452e-06 3.29364e-05 -1.24818e-05 -0.060079 -0.0648268 -0.0559817 0.052751 -0.0570369 0.0523302 -0.0540286 -0.0528466 0.0544272 -0.0514101 -0.0554975 0.0513506 -0.050895 0.0505364 -0.0502663
internal_weight=6683.68 6679.11 6673.33 6668.38 6662.39 4.56829 2.75785 4.94542 5.77737 0.964582 5.58185 3.99105 1.81044 1.77734 1.17417 0.636265 3.80451 1.04488 5.99154 0.317635
internal_count=48935 47877 46565 46073 45143 1058 172 492 1312 162 1294 486 886 83 814 72 1211 774 930 157
is_linear=0
shrinkage=0.05


Tree=160
num_leaves=23
num_cat=0
split_feature=6 8 18 44 4 4 19 22 22 8 2 8 17 6 18 20 10 17 11 11 17 18
split_gain=6.49329 6.29317 6.18041 6.11914 14.9587 9.28034 1.34414 0.00102719 0.000599343 0.000206182 0.000141376 7.05321e-05 5.70636e-05 4.28694e-05 3.77126e-05 6.31214e-06 5.53237e-06 4.94111e-06 1.76194e-06 4.48294e-07 1.98721e-07 1.76522e-08
threshold=0.041000000000000009 0.93333333333333346 0.81666666666666676 0.51250000000000007 0.57400000000000007 0.9425 1.2545000000000002 0.25833333333333336 -0.066666666666666638 0.36666666666666675 1.5000000000000002 0.18333333333333332 0.32700000000000007 0.87250000000000016 0.63333333333333341 -5.4999999999999991 5.5000000000000009 0.26000000000000006 8.5000000000000018 1.0000000180025095e-35 0.19600000000000004 0.63333333333333341
decision_type=2 2 2 2 2 2 2 2 2 2 2 2 2 2 2 2 2 2 2 2 2 2
left_child=7 2 3 5 -5 -2 -4 9 -8 11 16 21 -13 14 15 -3 -11 -16 19 -15 -20 -1
right_child=1 13 6 4 -6 -7 8 -9 -10 10 -12 12 -14 18 17 -17 -18 -19 20 -21 -22 -23
leaf_value=-0.050031817692593072 -0.0048601162696119953 0.050370922992611249 0.034564790243777475 0.03518144166979835 0.0021564683660570266 0.00033532728600504214 -0.050330002346646141 -0.052636725870855321 -0.051803042646341148 -0.050687331097164716 -0.051734566930935394 -0.050728690242094601 -0.050334871895668036 0.050013757576606213 0.050689249190998258 0.050494271416980263 -0.050322619872211254 0.050955250714196321 0.050186394813782675 0.050099925009228635 0.050285618252144199 -0.050017351136171451
leaf_weight=0.51777438490535033 1082.0211027699988 2.8630026978789829 0.49682235094951366 35.17167368135415 1365.470019234519 4179.9677194134565 6.3656673711375333 0.67745384294539679 0.77455813204869617 0.32425978846731573 0.57482214027550071 1.7842492918716746 1.898618527833605 0.20242042976315111 0.38826474966481317 1.6263333288952697 0.15306406206218526 0.31721359398216009 0.089504825591575354 0.59355997777311131 0.1156770724337548 0.35574666610045824
leaf_count=871 6705 432 15 279 8527 26329 2194 29 33 31 39 205 627 758 30 180 40 18 29 330 23 1211
internal_value=-3.80241e-06 4.40208e-05 -2.76511e-06 4.87633e-05 0.00298576 -0.00073301 -0.0449566 -0.0507977 -0.0504898 -0.0505755 -0.0512064 -0.0504299 -0.0505257 0.0504113 0.050469 0.0504156 -0.0505704 0.0508089 0.0501117 0.050078 0.0502423 -0.0500259
internal_weight=6682.75 6676.46 6670.27 6662.63 1400.64 5261.99 7.63705 6.28599 7.14023 5.60853 1.05215 4.55639 3.68287 6.19598 5.19481 4.48934 0.477324 0.705478 1.00116 0.79598 0.205182 0.873521
internal_count=48935 45882 44082 41840 8806 33034 2242 3053 2227 3024 110 2914 832 1800 660 612 71 48 1140 1088 52 2082
is_linear=0
shrinkage=0.05


Tree=161
num_leaves=27
num_cat=0
split_feature=19 17 59 7 8 29 44 18 36 21 17 6 9 22 21 28 17 27 24 22 43 44 22 22 22 1
split_gain=6.40666 14.8138 8.42105 7.88329 18.3235 10.4679 7.34744 7.16593 10.1988 7.65638 6.54098 10.3096 7.87441 6.05436 10.475 6.8609 6.49798 6.22309 5.85048 3.82311 5.65934 1.52509 0.32951 0.100705 0.0754529 0.0119522
threshold=1.9425000000000001 0.38700000000000007 2.5000000000000004 0.41300000000000003 0.25833333333333336 2.1425000000000005 0.42450000000000004 0.074999999999999969 0.37300000000000005 38.500000000000007 0.15600000000000003 0.7320000000000001 2.2890000000000001 0.48333333333333339 1.0000000180025095e-35 0.36800000000000005 0.9285000000000001 0.28950000000000004 2.4825000000000004 1.0000000180025095e-35 0.75650000000000006 0.54550000000000021 0.25833333333333336 0.12222222222222222 0.083333333333333273 12.500000000000002
decision_type=2 2 2 2 2 2 2 2 2 2 2 2 2 2 2 2 2 2 2 2 2 2 2 2 2 2
left_child=2 6 13 7 23 -6 19 8 -4 -9 12 -12 -8 14 18 17 -16 -15 -1 20 -2 -17 24 -5 25 -3
right_child=1 22 3 4 5 -7 10 9 -10 -11 11 -13 -14 15 16 21 -18 -19 -20 -21 -22 -23 -24 -25 -26 -27
leaf_value=0.03253953742119578 0.049965989393853216 -0.052864645505735532 -0.024241667372674525 -0.057620081006275387 0.013616570619291647 -0.0075671253151639506 0.0010770020967286115 0.00057490938383101859 0.014648118598081789 -0.041045404362693022 -0.0063592116825953535 -0.071088655481418739 0.04458521098498032 0.029760635220278903 0.061610905455647159 -0.070584713537272081 -0.05416936449381804 -0.079278559710894536 -0.0095846841808301768 -0.090048030608367108 -0.044619438143740774 0.023099175084066309 -0.096100652741081441 -0.076488530528677628 -0.067138673825823655 -0.057120317253926078
leaf_weight=14.505345949844921 1.9721272826427574 10.078880422515789 18.814447604760062 15.343015734702931 69.603622882626951 359.63661522243638 274.92886133480351 5328.0876987640222 162.16329889160988 11.072715958813204 330.0473072934692 6.2682701791636637 10.808424024609847 8.4117394291824876 18.882458589796446 4.1577625680656629 1.2949596270918835 1.5495719471946348 19.091291067074053 3.0273297131061545 7.9833022107923171 0.48510070270276617 0.49916775524616319 0.74132845178246576 1.1181944473646588 1.9728123707754992
leaf_count=502 25 544 232 562 385 2061 3263 33495 2180 95 3571 48 117 668 330 315 19 82 249 14 99 12 2 7 10 48
internal_value=-3.63106e-06 -0.00472522 0.000503992 0.000304009 -0.00609538 -0.00413207 -0.00361669 0.000820265 0.0106051 0.000488594 -0.00283971 -0.00756564 0.00272276 0.0179509 0.0257044 -0.0105982 0.0541803 0.0127986 0.00860245 -0.0408446 -0.0258825 -0.0607963 -0.0562254 -0.0584897 -0.0547141 -0.0535613
internal_weight=6682.55 648.705 6033.84 5965.46 445.325 429.24 635.036 5520.14 180.978 5339.16 622.053 336.316 285.737 68.3782 53.7741 14.6042 20.1774 9.96131 33.5966 12.9828 9.95543 4.64286 13.6691 16.0843 13.1699 12.0517
internal_count=48935 7741 41194 39017 3015 2446 7137 36002 2412 33590 6999 3619 3380 2177 1100 1077 349 750 751 138 124 327 604 569 602 592
is_linear=0
shrinkage=0.05


Tree=162
num_leaves=29
num_cat=0
split_feature=22 39 39 44 40 59 40 39 35 4 44 23 13 1 59 26 40 27 44 5 37 9 16 22 22 21 0 16
split_gain=6.21219 5.99864 11.6173 13.1412 10.3184 9.30857 10.2623 9.36636 8.11235 7.97102 10.2183 9.95372 7.47632 7.4062 6.74943 5.88887 3.32949 4.38791 5.52073 6.46551 4.16457 5.0315 0.00606619 0.00286267 0.00110071 0.000951689 0.000198251 4.89879e-06
threshold=-0.54444444444444429 2.7390000000000003 2.6560000000000001 0.47050000000000003 0.73150000000000015 21.500000000000004 0.77450000000000008 2.7625000000000006 0.77250000000000008 0.9425 0.44450000000000006 0.85700000000000021 0.62750000000000006 27.500000000000004 11.500000000000002 0.45050000000000007 0.75350000000000017 0.19050000000000003 0.52350000000000019 -0.64849999999999997 0.59650000000000014 0.62750000000000006 0.22450000000000003 -0.63333333333333319 -0.63333333333333319 -1.4999999999999998 11.500000000000002 0.36200000000000004
decision_type=2 2 2 2 2 2 2 2 2 2 2 2 2 2 2 2 2 2 2 2 2 2 2 2 2 2 2 2
left_child=16 2 9 13 -5 7 8 14 -7 10 -2 -11 -9 -4 -3 -8 22 18 19 -18 24 -22 -1 27 -19 -25 -20 -24
right_child=1 5 3 4 -6 6 15 12 -10 11 -12 -13 -14 -15 -16 -17 17 20 26 -21 21 -23 23 25 -26 -27 -28 -29
leaf_value=-0.060125138027487229 -0.019841679103241278 -0.033032572137541009 0.017252807698974821 -0.011733855223933738 0.0052537868220142421 -0.047061975721456976 0.0061679322786233606 0.052856383847740343 -0.0081414260247647009 -0.0002907600876198011 -0.002881269075890452 0.0090658081622102867 0.0040218971072033009 0.058116450432933502 -0.0024588323000622105 -0.023767275801852204 -0.053646960795213409 -0.050070638245553058 -0.055676111204766801 0.29455614020555715 0.21259591627986582 -0.052579084937909706 -0.050495302930463941 -0.052785305841493491 -0.053062037179895855 -0.055080780337799964 -0.053425834725006616 -0.050068774654013028
leaf_weight=0.27608341770246525 97.625147231883602 30.400576574567822 38.702073549808119 98.024574112088885 1014.7335360082652 36.254091905342648 46.705333623569459 8.2598139209003403 21.227614983159583 3743.78780448818 983.10544517921517 307.59873724143836 153.26833714642271 15.540619048522784 44.43785153736826 25.343591769458726 0.19448207286768593 0.34989731720997985 0.2086836704693269 0.42387341588619054 0.36330191808519874 0.35240157155203633 0.072515745530834286 6.7638334890652914 2.5386736956133977 0.48383275070227671 0.18433478273800574 0.93922802155429963
leaf_count=4 692 270 296 677 7110 244 296 99 133 24683 7146 2574 1129 100 289 149 73 460 11 18 71 71 29 666 222 14 37 1372
internal_value=-3.43775e-06 6.43022e-05 0.000425825 0.00492876 0.00375732 -0.00615951 -0.0169326 -0.000255794 -0.0326889 -0.000598106 -0.00441335 0.000419631 0.00651907 0.0289603 -0.0148784 -0.00436194 -0.0343341 -0.000122414 0.0919088 0.185041 -0.0259468 0.0820278 -0.0528345 -0.0525908 -0.0526997 -0.0529385 -0.0546207 -0.0500993
internal_weight=6678.17 6665.02 6299.12 1167 1112.76 365.897 129.531 236.367 57.4817 5132.12 1080.73 4051.39 161.528 54.2427 74.8384 72.0489 13.1511 4.61565 1.01137 0.618355 3.60427 0.715703 8.53549 8.25941 2.88857 7.24767 0.393018 1.01174
internal_count=48935 45887 43278 8183 7787 2609 822 1787 377 35095 7838 27257 1228 396 559 445 3048 963 139 91 824 142 2085 2081 682 680 48 1401
is_linear=0
shrinkage=0.05


Tree=163
num_leaves=28
num_cat=0
split_feature=8 19 8 17 11 17 31 34 9 22 21 18 6 22 22 6 18 22 17 22 18 22 11 6 17 39 6
split_gain=6.1937 5.99905 5.97476 5.78368 5.74872 0.294436 0.597929 0.389938 0.0472243 0.0412111 0.0279852 0.00573774 0.00209752 0.00133978 0.000818338 3.67096e-05 3.23971e-05 2.33896e-05 6.02864e-06 5.96165e-06 3.00497e-06 2.72355e-06 1.63284e-06 6.72677e-07 6.39826e-07 6.00611e-07 5.44658e-07
threshold=0.18333333333333332 2.6775000000000007 0.93333333333333346 0.81650000000000011 1.0000000180025095e-35 0.41550000000000004 0.61350000000000005 0.66900000000000015 1.3270000000000002 -0.066666666666666638 5.5000000000000009 0.8500000000000002 0.19600000000000004 -0.40833333333333327 0.25833333333333336 0.87250000000000016 0.63333333333333341 -0.066666666666666638 0.41900000000000004 1.0000000180025095e-35 0.12222222222222222 -0.29999999999999988 8.5000000000000018 0.042500000000000003 0.26800000000000007 2.4405000000000006 0.042500000000000003
decision_type=2 2 2 2 2 2 2 2 2 2 2 2 2 2 2 2 2 2 2 2 2 2 2 2 2 2 2
left_child=5 2 3 4 -2 17 7 -7 12 11 -5 -10 14 -14 -3 16 -4 21 -8 24 -20 23 -17 -1 -19 -9 -23
right_child=1 8 15 10 -6 6 18 25 9 -11 -12 -13 13 -15 -16 22 -18 19 20 -21 -22 26 -24 -25 -26 -27 -28
leaf_value=-0.050020959433928452 0.052521830093924408 -0.05049934185686316 0.050395072482741401 -0.054316704753718262 3.7465937996981195e-05 0.066974802305117251 -0.050564084463646103 -0.050473816764091108 -0.058846235513448267 -0.069667811405567867 -0.066526557085089616 -0.050141286800686594 -0.052548533647699049 -0.057336180253712593 -0.053747125943683506 0.050073819428236271 0.05076901286647463 -0.050343715644972947 -0.050690379062424754 -0.05059769272130421 -0.050121078307031858 -0.050030043456172194 0.050235365886897837 -0.050084177450273971 -0.050252355468691737 -0.050146508119600003 -0.050158963972873886
leaf_weight=0.48634050216060121 5.2214595669065593 0.64404516576905624 4.2717723189271046 4.1197371258749618 6650.3870072722784 0.24176503173657682 0.10633485927246511 0.016835484973853454 0.94504683464765571 1.4571795840747652 0.52962861955165852 0.2367147704353556 0.25587662542238832 0.34068691125139594 0.2775329016149044 0.75797418190632004 0.67007395811378945 0.40386928239604358 0.024380171671509743 0.21596434875391424 0.47050701483385637 0.086307535850210448 0.19709058513399214 3.1219619148760103 0.36469081800896674 0.083684340206673369 1.6136244433000682
leaf_count=1447 494 110 612 446 40645 7 13 4 8 11 3 153 66 5 5 1088 48 74 2 27 507 150 52 2227 94 76 561
internal_value=-3.36195e-06 4.67938e-05 8.42389e-05 3.9698e-05 7.8641e-05 -0.0462364 -0.0201895 0.0325633 -0.0599989 -0.0640409 -0.0557076 -0.0571026 -0.0529727 -0.0552827 -0.0514774 0.0503909 0.0504458 -0.0501418 -0.0502225 -0.0503656 -0.0501491 -0.0501002 0.0501072 -0.0500757 -0.0503004 -0.0502013 -0.0501524
internal_weight=6677.55 6670.31 6666.15 6660.26 6655.61 7.23627 0.943507 0.342285 4.15708 2.63894 4.64937 1.18176 1.51814 0.596564 0.921578 5.89691 4.94185 6.29276 0.601222 0.984524 0.494887 5.30823 0.955065 3.6083 0.76856 0.10052 1.69993
internal_count=48935 43746 43388 41588 41139 5189 609 87 358 172 449 161 186 71 115 1800 660 4580 522 195 509 4385 1140 3674 168 80 711
is_linear=0
shrinkage=0.05


Tree=164
num_leaves=24
num_cat=0
split_feature=6 18 18 18 18 22 30 22 22 7 22 17 22 15 17 22 17 22 17 7 17 43 6
split_gain=5.99874 5.89458 5.73043 6.22013 76.3107 10.419 1.32892 0.00080457 0.000517937 0.000216657 0.0001688 9.78314e-05 0.000126135 5.77876e-05 3.46671e-05 2.08452e-05 2.04063e-05 1.45533e-05 1.13298e-05 1.04229e-05 5.56225e-06 1.62867e-06 1.4205e-06
threshold=0.041000000000000009 1.0000000180025095e-35 0.81666666666666676 0.74166666666666681 0.70000000000000007 1.0000000180025095e-35 1.3110000000000002 0.19999999999999998 -0.066666666666666638 0.49150000000000005 0.36666666666666664 0.27100000000000007 -0.21111111111111108 0.69400000000000006 0.24550000000000002 1.0000000180025095e-35 0.044000000000000004 -0.40833333333333327 0.057500000000000002 0.35850000000000004 0.49150000000000005 0.72650000000000003 0.93100000000000016
decision_type=2 2 2 2 2 2 2 2 2 2 2 2 2 2 2 2 2 2 2 2 2 2 2
left_child=7 10 3 4 -3 -5 -4 11 -8 -9 14 12 17 -14 18 20 22 -1 -2 -18 -13 -17 -12
right_child=1 2 6 5 -6 -7 8 9 -10 -11 16 15 13 -15 -16 21 19 -19 -20 -21 -22 -23 -24
leaf_value=-0.050196112738069433 0.050457120084934019 0.00027737992876716866 0.034643598829297718 0.0057896495807566372 -0.055067431742407261 0.064009069135843838 -0.050314532453234279 -0.053037012464790291 -0.051726540238825537 -0.051437929632024787 0.050164131894054859 -0.050290710687246831 -0.051258998679229277 -0.050506515562564094 0.051270308682511791 -0.050676507528461839 0.050346265368050563 -0.050528848412127736 0.050848049390776168 0.050595149154507302 -0.050114897013488549 -0.050490744075110505 0.050012670247869852
leaf_weight=0.61175236476992711 0.23264797567389794 6326.8781601762748 0.49236964341252942 259.81793135096086 62.902566838660277 7.9190191563684484 5.9627347309578909 0.39364114403724659 0.72882749699056137 0.45859726564958692 0.95353449898539089 0.84068210284749534 0.98672158247791142 0.34412335738306865 0.49241814110428084 0.18877359502948809 2.5048420547391292 0.71006586094154056 0.91140574216842651 0.50556921306997527 0.96771242555405479 0.31468415790004656 0.18480392775381915
leaf_count=1200 36 38390 12 1910 1570 80 2197 9 33 35 347 438 128 39 23 19 420 235 59 47 909 41 758
internal_value=-3.23441e-06 4.10238e-05 -2.76748e-06 4.53938e-05 -0.000267448 0.00751164 -0.044635 -0.0507572 -0.0504683 -0.0521765 0.0504895 -0.0505136 -0.0507208 -0.0510644 0.0509195 -0.0502758 0.0503199 -0.0503749 0.0507686 0.0503881 -0.0501966 -0.0505604 0.0501395
internal_weight=6676.3 6670.49 6664.7 6657.52 6389.78 267.737 7.18393 5.81675 6.69156 0.852238 5.78522 4.96452 2.65266 1.33084 1.63647 2.31185 4.14875 1.32182 1.14405 3.01041 1.80839 0.503458 1.13834
internal_count=48935 45882 44192 41950 39960 1990 2242 3053 2230 44 1690 3009 1602 167 118 1407 1572 1435 95 467 1347 60 1105
is_linear=0
shrinkage=0.05


Tree=165
num_leaves=23
num_cat=0
split_feature=24 8 7 13 7 14 15 3 23 30 40 31 34 15 7 5 14 10 18 18 18 20
split_gain=5.97122 5.8194 5.80321 7.32476 8.98051 8.11837 6.65427 6.7293 5.32617 5.27269 4.35493 3.81306 7.22454 1.82124 1.01483 0.875954 0.273439 1.03247 2.1789e-05 6.39322e-06 2.01454e-06 8.38923e-07
threshold=4.7635000000000014 0.18333333333333332 0.5355000000000002 0.62750000000000006 0.11300000000000002 0.40450000000000003 -1.1634999999999998 1.6325000000000001 0.33300000000000002 1.4570000000000001 0.75350000000000017 0.75750000000000017 0.50500000000000012 -0.33899999999999991 0.39650000000000007 0.66100000000000014 0.83650000000000013 13.500000000000002 0.21111111111111114 0.074999999999999969 0.40833333333333338 3.5000000000000004
decision_type=2 2 2 2 2 2 2 2 2 2 2 2 2 2 2 2 2 2 2 2 2 2
left_child=1 16 3 4 -3 -5 9 -8 -2 -4 13 12 -12 15 -13 -10 17 21 19 -18 -20 -1
right_child=8 2 6 5 -6 -7 7 -9 10 -11 11 14 -14 -15 -16 -17 18 -19 20 -21 -22 -23
leaf_value=-0.050240453120781049 -0.094367322370108281 0.025942599504315329 -0.0080276243600548077 -0.028169674359947244 0.0037734037135669428 -0.00013497483109042578 -0.01445682364837314 0.022472300581198364 0.018409793619012401 -0.087002934470342089 -0.19816340438783131 0.057867580766108706 0.0036964754970158099 -0.017069493049787027 -0.0063152088306268079 0.069603265727541538 -0.050538516130114189 0.073332623753968429 -0.050140460434651257 -0.050273180665784428 -0.050073361101900339 -0.050060017741316666
leaf_weight=0.071477435369159958 0.80744581542967253 53.779094399767928 3.6307425086852145 25.932122383150272 303.39132577046985 6171.9312457207852 71.618050096178195 14.902885606832568 0.93494037794880203 5.0572188575752079 0.58410117206221857 2.135155027470319 1.8381510940380392 0.74871177633758712 0.86553924903273571 7.8631755148817319 0.29384337575174846 0.22128632513340563 1.9113763917121103 0.99832907435484231 2.6969934271619422 0.65241673303535208
leaf_count=49 32 1050 27 458 1957 38323 1069 155 15 39 17 109 62 14 9 412 38 2 947 305 2651 1195
internal_value=-3.66354e-06 -7.64782e-05 -2.90476e-05 0.000148959 0.00711142 -0.000252273 -0.0122846 -0.00809593 0.03072 -0.0539988 0.037467 0.00168495 -0.04498 0.0577925 0.0393543 0.0641631 -0.0461526 -0.0211849 -0.0501521 -0.0503335 -0.0501012 -0.0500778
internal_weight=6672.87 6657.09 6650.24 6555.03 357.17 6197.86 95.2089 86.5209 15.7772 8.68796 14.9698 5.42295 2.42225 9.54683 3.00069 8.79812 6.84572 0.94518 5.90054 1.29217 4.60837 0.723894
internal_count=48935 48265 43078 41788 3007 38781 1290 1224 670 66 638 197 79 441 118 427 5187 1246 3941 343 3598 1244
is_linear=0
shrinkage=0.05


Tree=166
num_leaves=31
num_cat=0
split_feature=8 9 8 26 23 42 8 18 18 18 19 1 7 8 8 27 33 5 16 19 18 31 39 15 18 9 1 18 35 5
split_gain=5.84303 13.6937 14.0291 13.1246 10.9044 10.4964 10.1594 33.3299 16.4564 11.947 10.2299 10.1205 10.0599 9.30039 13.7556 8.98305 8.21922 8.21634 8.20494 8.10863 7.22981 7.2203 6.63041 6.26995 6.6634 6.11593 6.05821 4.60142 0.778513 0.414138
threshold=0.78888888888888908 1.7170000000000003 0.8500000000000002 0.31650000000000006 0.23100000000000001 0.25850000000000006 0.70000000000000007 0.56944444444444453 0.78888888888888908 0.63333333333333341 1.9625000000000001 36.500000000000007 0.14900000000000002 0.59166666666666679 0.51666666666666672 0.21750000000000003 0.32000000000000006 -0.14049999999999999 0.53700000000000014 1.6450000000000002 0.36666666666666675 0.64250000000000018 2.6400000000000001 0.69400000000000006 0.36666666666666675 1.7755000000000003 15.500000000000002 0.63333333333333341 0.73850000000000005 0.35500000000000004
decision_type=2 2 2 2 2 2 2 2 2 2 2 2 2 2 2 2 2 2 2 2 2 2 2 2 2 2 2 2 2 2
left_child=6 2 23 4 25 -6 10 11 9 -9 13 19 20 14 -1 27 -13 -14 -12 -8 -4 -20 -17 24 -2 -3 -15 -5 -25 -10
right_child=1 3 12 15 5 -7 7 8 29 -11 18 16 17 26 -16 22 -18 -19 21 -21 -22 -23 -24 28 -26 -27 -28 -29 -30 -31
leaf_value=0.000889884999694621 0.050630496251420631 -0.10872540935626585 -0.16384437998311596 0.02114263797026919 -0.034913503795003908 0.054270466923538235 -0.0055515578630144797 0.044728469000150789 0.10383539519516086 -0.0026926739077642796 -0.053641498316677305 -0.019728793731526501 -0.061516017646210557 -0.0021107458108773976 -0.0068305591170102105 -0.0068859125133459605 -0.052252146433348301 0.013023434455376648 -0.036053798567381411 -0.034613147809953941 -0.010425075609933413 -0.0045784197201091453 0.01228425613417993 0.073940132747312995 0.01469061648416102 -0.036871078716306474 0.0060655130373910727 -0.018764362540022728 0.045760439576950952 0.080314293721407859
leaf_weight=3280.4790093016927 20.013531860662624 3.4457336803898242 1.5849347922485315 79.840775144548388 6.6398529177677101 6.5574476711772149 169.03660127695184 20.254784397780895 2.7747407145798189 38.579607219842728 9.0927989361662167 62.250938860699534 4.1668479247018686 287.65295891003916 700.06882784125628 157.0977463254967 28.237574581056833 32.784485923475586 18.911855797181488 27.974237978458405 1.4896350488997994 498.20577213278739 63.27181494962133 9.2692281254567188 36.268245345912874 21.068262936314568 1066.6494672349654 7.9417633421253404 3.3319773566909126 5.7483970108442008
leaf_count=22702 264 21 26 1454 151 175 1099 99 18 209 477 375 32 1986 3543 2008 166 296 297 142 16 6089 792 54 222 161 5931 53 25 52
internal_value=-3.37802e-06 0.00546753 0.0209291 0.000598835 -0.0272436 0.00940004 -0.000403643 -0.00861876 0.0230394 0.0136329 9.37391e-05 -0.0160359 -0.00261265 0.000749787 -0.000467929 0.00400617 -0.0298779 0.00461793 -0.00655744 -0.00967811 -0.0895124 -0.00572953 -0.00138183 0.0346085 0.0274707 -0.0469711 0.00432888 0.0175322 0.0664889 0.0879717
internal_weight=6670.69 454.772 108.909 345.863 37.7113 13.1973 6215.92 354.857 67.3575 58.8344 5861.06 287.499 40.0259 5334.85 3980.55 308.152 90.4885 36.9513 526.21 197.011 3.07457 517.118 220.37 68.883 56.2818 24.514 1354.3 87.7825 12.6012 8.52314
internal_count=48935 5750 935 4815 508 326 43185 2160 378 308 41025 1782 370 34162 26245 4307 541 328 6863 1241 42 6386 2800 565 486 182 7917 1507 79 70
is_linear=0
shrinkage=0.05


Tree=167
num_leaves=30
num_cat=0
split_feature=22 18 18 22 18 18 17 7 19 30 27 20 9 20 7 16 20 22 17 22 22 17 21 18 22 42 22 39 22
split_gain=5.67204 6.10783 72.0257 9.76904 8.91099 40.28 21.5138 8.60762 10.1341 4.96923 2.63828 4.13533 5.22498 2.59648 4.97234 2.31786 1.61445 0.211119 0.0739046 0.053587 0.0171987 0.0117854 0.00513297 0.00308351 0.000543264 0.000330013 0.000320859 0.000223272 1.97114e-08
threshold=-0.54444444444444429 0.74166666666666681 0.70000000000000007 1.0000000180025095e-35 0.56944444444444453 0.51666666666666672 0.42200000000000004 0.29300000000000004 2.2035000000000005 1.5430000000000004 0.19050000000000003 9.5000000000000018 1.1345000000000003 13.500000000000002 0.046500000000000007 0.69100000000000006 8.5000000000000018 -0.066666666666666638 0.20950000000000002 0.066666666666666666 -0.19999999999999993 0.13700000000000004 6.5000000000000009 0.81666666666666676 -0.63333333333333319 0.29050000000000004 -0.63333333333333319 2.6535000000000006 -0.81666666666666654
decision_type=2 2 2 2 2 2 2 2 2 2 2 2 2 2 2 2 2 2 2 2 2 2 2 2 2 2 2 2 2
left_child=10 2 4 7 5 -2 -6 9 -9 -3 11 12 16 22 15 -15 -1 20 21 -19 -4 -5 23 -12 28 -14 -16 -26 -13
right_child=1 3 17 18 6 -7 -8 8 -10 -11 13 24 25 14 26 -17 -18 19 -20 -21 -22 -23 -24 -25 27 -27 -28 -29 -30
leaf_value=0.099453163443083456 0.00094679677113627925 -0.0079338249665969907 -0.051944868709452058 0.056932726427989903 0.0051796351382840068 -0.013003351654966827 -0.036136739998261211 0.036598743309997711 -0.0087647801644864763 0.0080292665947163788 -0.052912300025736894 -0.050013074962136375 -0.052016113412353127 0.2173513833464733 -0.050061953450396629 -0.051376757334254876 0.26052428777794806 -0.056952688887575535 0.069180421138587009 -0.062266847152113794 -0.054112284657998166 0.062070468730674434 -0.058557559947655193 -0.050230956204267568 -0.052634806294168501 -0.054937720163454544 -0.052876784850011099 -0.054405757064755624 -0.050069787093902252
leaf_weight=0.31095011065190126 4519.1787153668993 88.324132958921837 25.695497006759979 2.5659870130475602 1196.7347952546552 584.36539051617729 32.359403182985261 40.399782419961412 17.707940121239517 108.81483241851674 7.647934115826498 0.017035027689416893 0.21390667543164454 0.35053601935214718 0.11973182203655597 0.10406313986459281 0.31133585656061769 12.239618779916784 3.1014038324356079 7.7460816334933034 14.21672504005255 1.975537496153265 0.36862186132930297 1.2470427778753217 0.59348028532986041 0.17633378857863136 0.65549080436176155 0.25420965719968081 0.15233248277218081
leaf_count=45 29949 908 978 38 7304 3738 621 450 289 1118 916 79 38 8 181 139 22 144 23 57 251 19 7 1296 60 10 71 23 153
internal_value=-2.33436e-06 6.09228e-05 -0.000246245 0.00753015 0.000269922 -0.000650521 0.00409186 0.00586229 0.0227745 0.000877326 -0.0336207 0.0185625 0.090093 -0.0437137 0.0245473 0.155836 0.180039 -0.0548175 0.0632307 -0.0590124 -0.0527169 0.0591676 -0.052776 -0.0525364 -0.0526494 -0.0533363 -0.052442 -0.0531659 -0.0500641
internal_weight=6667.95 6655.43 6392.54 262.89 6332.64 5103.54 1229.09 255.247 58.1077 197.139 12.523 2.02958 1.01253 10.4934 1.22982 0.454599 0.622286 59.8979 7.64293 19.9857 39.9122 4.54152 9.2636 8.89498 1.01706 0.39024 0.775223 0.84769 0.169368
internal_count=48935 45887 43042 2845 41612 33687 7925 2765 739 2026 3048 430 115 2618 399 147 67 1430 80 201 1229 57 2219 2212 315 48 252 83 232
is_linear=0
shrinkage=0.05


Tree=168
num_leaves=24
num_cat=0
split_feature=8 26 2 3 39 21 28 5 25 27 24 26 24 21 19 23 44 24 9 44 43 14 23
split_gain=5.88983 9.59694 8.47634 9.12484 9.02092 10.4056 8.56525 8.31413 10.2096 8.6642 11.3534 10.8188 7.93072 11.4078 7.82466 7.70076 6.79333 6.26977 5.7523 5.44266 2.09122 0.819157 0.0497584
threshold=0.36666666666666675 0.10250000000000002 23.500000000000004 2.2245000000000004 2.4490000000000003 -16.499999999999996 0.10650000000000001 -0.075499999999999984 503.50000000000006 0.25650000000000006 3.6980000000000008 0.30150000000000005 3.2680000000000007 18.500000000000004 2.3170000000000006 0.88250000000000017 0.48200000000000004 2.3645000000000005 1.2125000000000001 0.47850000000000004 0.73150000000000015 1.0890000000000002 -0.55549999999999977
decision_type=2 2 2 2 2 2 2 2 2 2 2 2 2 2 2 2 2 2 2 2 2 2 2
left_child=2 19 3 6 5 22 -1 8 17 11 -11 -9 18 -14 -8 -10 -7 -3 -6 -2 -5 -21 -4
right_child=1 7 4 20 12 16 14 9 15 10 -12 -13 13 -15 -16 -17 -18 -19 -20 21 -22 -23 -24
leaf_value=-0.080109360616527264 -0.0050613174460977777 0.08091680270707674 -0.056665990311641372 0.042722488690334556 -0.007647689998817056 0.051138318770149176 -0.00016631301614242007 -0.007109181993323545 0.0033726132914949991 -0.0032352945049008057 -0.029990515687311588 0.0024779364967609015 0.066328069745261023 -0.020217346578016424 -0.044712591847166701 0.04584070167627239 -0.017869010257395995 0.0061164379537923357 -0.020800173645958882 -0.061126949728417257 0.12551077870489624 -0.097814718823249741 -0.069714642245748415
leaf_weight=3.3904273012594777 4.6524259923025948 6.9335529548116011 2.1876674960658424 1.4673376514401746 244.82315722823841 15.27428857778432 1215.1514828139188 340.66526048984088 1497.3608355341712 949.17301673471229 41.378958472196246 2160.5553251783131 7.9114594531711173 7.3404546107631177 9.9384823873406258 10.751152272103353 4.6528108596103257 4.7007786552421749 125.87243061169283 3.6349462259095162 1.5886069443949962 2.6167726543499157 1.0969179605599517
leaf_count=25 28 37 45 22 2457 108 12068 2175 8267 5694 581 14740 43 36 1438 78 31 28 954 29 19 15 17
internal_value=-3.24776e-06 0.000846402 -0.00260416 -0.000532668 -0.00883918 0.0214341 -0.000747326 0.000948353 0.00403531 -0.000395204 -0.00435296 0.00117217 -0.0106599 0.0246754 -0.000527693 0.00367536 0.0350257 0.0506942 -0.0121137 -0.04601 0.0857593 -0.0764833 -0.0610237
internal_weight=6663.12 5022.42 1640.7 1231.54 409.159 23.2117 1228.48 5011.52 1519.75 3491.77 990.552 2501.22 385.948 15.2519 1225.09 1508.11 19.9271 11.6343 370.696 10.9041 3.05594 6.25172 3.28459
internal_count=48935 31672 17263 13572 3691 201 13531 31600 8410 23190 6275 16915 3490 79 13506 8345 139 65 3411 72 41 44 62
is_linear=0
shrinkage=0.05


Tree=169
num_leaves=23
num_cat=0
split_feature=9 39 24 44 42 4 4 13 8 39 13 18 10 30 23 34 18 28 8 15 8 18
split_gain=5.63221 5.75515 10.98 10.8643 16.3337 10.6933 8.15534 9.40035 8.45025 7.83404 7.8218 7.4943 5.74372 1.48882 0.295601 0.0111793 0.00340815 0.00167823 0.0004321 0.000360783 0.00016568 2.45448e-07
threshold=2.7205000000000004 2.7390000000000003 4.2580000000000009 0.51250000000000007 0.23600000000000002 0.57400000000000007 1.4690000000000003 0.55800000000000016 0.59166666666666679 2.7625000000000006 0.62750000000000006 0.25833333333333336 11.500000000000002 1.5990000000000004 0.9610000000000003 0.31550000000000006 0.51666666666666672 0.37900000000000006 0.93333333333333346 -0.67299999999999993 0.70000000000000007 1.0000000180025095e-35
decision_type=2 2 2 2 2 2 2 2 2 2 2 2 2 2 2 2 2 2 2 2 2 2
left_child=1 3 9 6 12 -6 8 -8 -1 11 -11 -3 -5 14 -4 -2 18 20 19 -17 -18 -20
right_child=15 2 13 4 5 -7 7 -9 -10 10 -12 -13 -14 -15 -16 16 17 -19 21 -21 -22 -23
leaf_value=-0.0038580396190802946 0.064528691011425873 0.013321475498669362 0.082275610252419085 -0.016163676069751099 0.035394720433473033 0.0048900376413471298 0.024915308404474732 0.0018976088324919324 0.00091537624498520549 0.042928119307561199 -0.0041102663620368246 -0.023345004930289452 -0.062270897847678579 0.01573274991773772 0.057848265473744546 0.051038503050786069 0.053008557975967818 0.0554123336019876 0.050011422128087228 0.052218207663510832 0.051386061372101735 0.05008217994688835
leaf_weight=2205.4177035651446 0.1895686112693501 16.22445889946539 1.7984512877301302 20.529721162340142 29.508236500114435 1087.8810668904625 45.935302593105007 1290.7961024796314 1599.6361740354332 9.1856657888274622 233.33602149577928 98.792541710718069 10.066557452024425 2.0363508108421229 3.9777431013062596 1.5907163792289796 0.27849354688078143 0.93829169683158398 0.1667457900912267 1.0936944587156179 0.36167897941777483 0.46251849294640124
leaf_count=14469 18 138 14 154 255 7787 415 10941 10812 87 1714 686 71 19 61 127 8 26 745 34 49 305
internal_value=-3.35089e-06 -4.35293e-05 -0.00614427 0.000310842 0.00470871 0.00569561 -0.000671051 0.00268859 -0.00185131 -0.00742557 -0.00232866 -0.0181728 -0.0313335 0.052494 0.0654539 0.0526152 0.0521535 0.0540657 0.0512427 0.0515191 0.0520919 0.0500634
internal_weight=6660.2 6655.12 365.351 6289.77 1147.99 1117.39 5141.79 1336.73 3805.05 357.539 242.522 115.017 30.5963 7.81255 5.77619 5.08171 4.89214 1.57846 3.31368 2.68441 0.640173 0.629264
internal_count=48935 47623 2719 44904 8267 8042 36637 11356 25281 2625 1801 824 225 94 75 1312 1294 83 1211 161 57 1050
is_linear=0
shrinkage=0.05


Tree=170
num_leaves=26
num_cat=0
split_feature=17 41 10 24 19 15 26 39 39 44 21 59 3 39 10 4 24 29 44 25 39 44 13 20 41
split_gain=5.63394 7.76378 11.7497 6.62135 8.87724 12.448 9.48525 7.18493 10.677 13.3542 7.04825 6.7193 8.82885 7.36317 5.29905 5.29229 4.68433 4.35797 4.06423 3.23054 3.07952 1.58435 1.42695 1.39077 1.17581
threshold=0.57700000000000007 0.47550000000000003 9.5000000000000018 4.2580000000000009 1.1635000000000002 -0.45249999999999996 0.56550000000000011 2.7390000000000003 2.6560000000000001 0.47050000000000003 37.500000000000007 21.500000000000004 2.1455000000000006 2.7625000000000006 14.500000000000002 0.66100000000000014 2.7395000000000005 2.1605000000000003 0.48650000000000004 506.50000000000006 2.5525000000000007 0.48650000000000004 1.6610000000000003 -9.4999999999999982 0.47400000000000003
decision_type=2 2 2 2 2 2 2 2 2 2 2 2 2 2 2 2 2 2 2 2 2 2 2 2 2
left_child=3 2 17 7 5 6 -5 8 10 -10 -1 13 -13 -9 18 21 -17 -2 23 -6 -20 -4 -19 -3 -21
right_child=1 14 15 4 19 -7 -8 11 9 -11 -12 12 -14 -15 -16 16 -18 22 20 24 -22 -23 -24 -25 -26
leaf_value=-0.00050623969097953099 0.071220465919267659 -0.11399233142223618 -0.074724472809275216 -0.018437827704524894 -0.007290895330543716 -0.1371820206449646 0.031388620824789312 -0.01486962519054298 0.029520035215987825 0.0035911744720776568 -0.043935300682628894 -0.01252923291603672 -0.064890572138838115 0.0044970687428968576 0.029033018300619814 0.057070988004356442 0.005097428301782809 -0.067375206991962908 0.033528651058061486 0.035778727098516566 -0.029995316496786679 0.0078545871167512715 -0.014400201758091744 -0.057392460894622202 0.071274415912529962
leaf_weight=5032.7955221107477 0.74175637643202375 1.4083198505686594 1.4917506647470902 16.140473043211387 1.9721763558045484 1.4689678503200401 23.397199563187314 72.272118439170299 52.042955694108969 1083.7268934811 9.3598232036456448 120.049771902457 8.6291661865543556 152.93285057932371 3.7705459017597596 10.62780926434789 7.3222586752090129 5.8429988074058201 2.0348776079481459 3.1832364627625784 30.566771516227163 0.95119636275921937 1.6246267249807713 4.7324018292129031 8.7355495334195421
leaf_count=35702 31 7 39 475 24 17 520 551 397 7873 84 806 53 1193 26 118 46 139 30 38 487 24 54 100 101
internal_value=-3.02031e-06 -0.0140009 0.00614023 0.000148112 0.0174403 0.00573796 0.011048 2.77747e-06 0.000399671 0.00477928 -0.000586858 -0.00692598 -0.0160406 -0.00171803 -0.0275517 0.026473 0.0358697 -0.0443687 -0.0330588 0.0519859 -0.0260304 -0.0425711 -0.0558502 -0.0703731 0.0617943
internal_weight=6657.82 71.1153 28.6024 6586.71 54.8976 41.0066 39.5377 6531.81 6177.93 1135.77 5042.16 353.884 128.679 225.205 42.5129 20.393 17.9501 8.20938 38.7424 13.891 32.6016 2.44295 7.46763 6.14072 11.9188
internal_count=48935 1101 451 47834 1175 1012 995 46659 44056 8270 35786 2603 859 1744 650 227 164 224 624 163 517 63 193 107 139
is_linear=0
shrinkage=0.05


Tree=171
num_leaves=25
num_cat=0
split_feature=19 11 30 14 4 4 17 15 22 9 22 22 22 5 6 22 22 22 22 22 22 9 22 22
split_gain=5.57168 5.38721 5.37865 8.98628 8.77606 7.91057 7.0388 7.65157 6.39114 0.0407447 0.0324426 0.00456707 0.00350655 0.00247626 0.00198639 0.00126909 0.00106176 0.00102903 0.000776954 0.000199252 0.00017246 0.000129631 0.000137797 1.27939e-05
threshold=2.6775000000000007 1.0000000180025095e-35 1.3110000000000002 1.2950000000000002 0.9425 1.268 0.55300000000000016 0.23200000000000004 -0.36666666666666653 1.3270000000000002 -0.066666666666666638 -0.14999999999999997 0.24999999999999997 0.98350000000000015 0.19600000000000004 -0.40833333333333327 -0.40833333333333327 -0.066666666666666638 0.36666666666666664 -0.49166666666666659 0.25833333333333336 2.3770000000000002 0.48333333333333339 0.63333333333333353
decision_type=2 2 2 2 2 2 2 2 2 2 2 2 2 2 2 2 2 2 2 2 2 2 2 2
left_child=1 12 3 5 -5 -3 8 -8 -4 14 11 15 13 -1 18 -11 19 -15 20 -16 -2 22 -14 -23
right_child=9 2 6 4 -6 -7 7 -9 -10 10 -12 -13 21 17 16 -17 -18 -19 -20 -21 -22 23 -24 -25
leaf_value=0.055664679748633365 -0.050377242862650211 -0.012063936313915681 -0.0081350814554067164 -0.062866943837489406 -0.013726120064405725 0.018969934010607297 -0.0077056141839869892 -0.049454561478977144 0.00071346376535728114 -0.050138614225855707 -0.068158374061492957 -0.060828493071843973 0.051604573206317096 0.053781719120787747 -0.050680507135725764 -0.055319631651516571 -0.056848744565771714 0.05132517667859942 -0.055604956727154167 -0.053672505021328899 -0.052198110939409736 0.050500682171629063 0.050627188007798932 0.050063807791803965
leaf_weight=0.90540924784727339 0.67095530751248522 40.666522571555106 211.04475540350541 10.149790189811027 86.656455981341423 41.477950514803524 72.324532262835419 12.938176156778352 6172.9697537104366 0.1519253000151366 1.3997866185382006 0.41280374675989173 0.79322477325331442 0.77734977193176757 0.097634393867338076 0.53238860168494284 0.32268454728182405 0.94399203592911329 0.090639039874076843 0.12938247248530388 0.16130048781633377 0.6147206479217856 0.66123317938763648 0.2303909141337499
leaf_count=14 809 270 6582 69 526 303 983 228 37664 125 11 3 70 14 64 33 5 51 1 3 4 74 250 779
internal_value=-2.79072e-06 3.25417e-05 -6.18817e-06 -0.00855715 -0.0188784 0.00360628 0.000230345 -0.0140408 0.000420946 -0.0592224 -0.0631127 -0.056675 0.0522998 0.0535479 -0.0526262 -0.0541694 -0.0550056 0.0524345 -0.0512089 -0.0523857 -0.0507301 0.0508741 0.0511602 0.0503816
internal_weight=6657.12 6653.15 6648.23 178.951 96.8062 82.1445 6469.28 85.2627 6384.01 3.9695 2.4969 1.09712 4.92632 2.62675 1.4726 0.684314 0.549701 1.72134 0.922895 0.227017 0.832256 2.29957 1.45446 0.845112
internal_count=48935 47877 46625 1168 595 573 45457 1211 44246 1058 172 161 1252 79 886 158 72 65 814 67 813 1173 320 853
is_linear=0
shrinkage=0.05


Tree=172
num_leaves=27
num_cat=0
split_feature=8 6 5 14 35 40 14 8 41 22 19 8 2 8 6 18 20 17 17 18 1 15 19 6 18 36
split_gain=5.57058 5.48474 5.52349 9.01119 14.6561 6.70783 6.11527 6.153 3.01307 0.000636643 0.000136288 0.000101475 9.46095e-05 4.47227e-05 2.88927e-05 2.48563e-05 4.96662e-06 4.27606e-06 2.49101e-06 1.42493e-06 1.00105e-06 4.20424e-07 2.30186e-07 1.12811e-07 6.12965e-08 3.5773e-11
threshold=0.93333333333333346 0.041000000000000009 -1.3954999999999997 0.89100000000000013 0.73850000000000005 0.74900000000000011 0.26150000000000007 0.23611111111111113 0.52150000000000019 0.19999999999999998 1.3205000000000002 0.36666666666666675 1.5000000000000002 0.18333333333333332 0.87250000000000016 0.63333333333333341 -5.4999999999999991 0.23900000000000002 0.33900000000000002 0.59166666666666679 14.500000000000002 0.24050000000000002 0.20550000000000004 0.90450000000000019 0.51666666666666672 0.34200000000000003
decision_type=2 2 2 2 2 2 2 2 2 2 2 2 2 2 2 2 2 2 2 2 2 2 2 2 2 2
left_child=1 9 3 5 -5 -3 8 -8 -4 11 -11 13 -13 -1 15 16 19 -17 -18 -2 22 23 25 -22 -24 -16
right_child=14 2 6 4 -6 -7 7 -9 -10 10 -12 12 -14 -15 20 17 18 -19 -20 -21 21 -23 24 -25 -26 -27
leaf_value=-0.050021081603841694 0.050321240965189841 0.08371758971663483 -0.058205684464690946 -0.036013771520655935 0.033855093058922738 -0.0002242378536966747 -0.0069399251093614986 0.00027480760465912156 0.017996588105497986 -0.051455873585916682 -0.052779038279818481 -0.050405423412775568 -0.051548060621151803 -0.050470223106630789 0.050014314536742134 0.050570023885899332 0.050423690572403937 0.050835246897061086 0.050627240839323198 0.050461769140482185 0.05017397742421327 0.050263308787712728 0.050072969465732989 0.050089488774026948 0.050122085260430473 0.050010430637103337
leaf_weight=0.67316224969545091 2.3655822200234984 7.4849637688312196 6.6007745533424877 13.025223665084924 17.712213026970858 3.4894506367854774 310.1026115185814 6284.1020741719403 1.6145147654460741 0.44805546384304751 0.34404881810769439 0.3294808281934819 0.40242088574450463 3.1374608704209095 0.006176656868774332 0.27689261501654971 1.3059797110036004 0.33684956002980471 0.16985244443640102 0.19527819799259294 0.078359351027756929 0.097723620827309787 0.34592419228283688 0.079687966499477625 0.077812298550270498 0.14768245458253659
leaf_count=2082 410 74 149 147 144 55 5496 37991 26 34 10 64 33 830 26 26 165 22 15 22 24 22 252 52 33 731
internal_value=-2.74663e-06 -4.42894e-05 -3.5994e-06 0.018134 0.00424763 0.0570272 -0.000118186 -6.44763e-05 -0.04323 -0.0507225 -0.0520306 -0.0504944 -0.0510337 -0.0503909 0.0503705 0.0504191 0.0503741 0.0507156 0.0504471 0.050332 0.0500994 0.0501818 0.050063 0.0501314 0.050082 0.0500106
internal_weight=6654.95 6649.47 6644.13 41.7119 30.7374 10.9744 6602.42 6594.2 8.21529 5.33463 0.792104 4.54252 0.731902 3.81062 5.4838 4.65043 4.03669 0.613742 1.47583 2.56086 0.833367 0.255771 0.577596 0.158047 0.423736 0.153859
internal_count=48935 47135 44082 420 291 129 43662 43487 175 3053 44 3009 97 2912 1800 660 612 48 180 432 1140 98 1042 76 285 757
is_linear=0
shrinkage=0.05


Tree=173
num_leaves=26
num_cat=0
split_feature=18 18 18 18 8 18 7 19 8 17 22 30 8 24 17 17 14 7 17 20 11 17 11 7 8
split_gain=5.49614 5.44922 5.39907 68.0168 9.28379 8.40146 7.59373 1.33458 0.180593 0.06097 0.000454436 0.000219454 0.000142667 0.000117285 2.94404e-05 1.65504e-05 9.90874e-06 8.93036e-06 3.5081e-06 3.18555e-06 2.17618e-06 1.30001e-06 1.21662e-06 5.77555e-07 1.01104e-07
threshold=1.0000000180025095e-35 0.81666666666666676 0.74166666666666681 0.70000000000000007 0.81666666666666676 0.56944444444444453 0.29300000000000004 1.2545000000000002 0.63333333333333341 0.20950000000000002 -0.14999999999999997 1.3110000000000002 0.36666666666666675 2.9460000000000006 0.24550000000000002 0.044000000000000004 1.9245000000000003 0.35850000000000004 0.26500000000000007 -2.4999999999999996 3.5000000000000004 0.21950000000000003 2.5000000000000004 0.14050000000000004 0.51666666666666672
decision_type=2 2 2 2 2 2 2 2 2 2 2 2 2 2 2 2 2 2 2 2 2 2 2 2 2
left_child=12 2 3 5 6 -2 -4 -3 -5 -6 11 -9 14 -12 16 22 19 18 -17 -1 -18 -19 23 -14 -24
right_child=1 7 4 8 9 -7 -8 10 -10 -11 13 -13 15 -15 -16 17 20 21 -20 -21 -22 -23 24 -25 -26
leaf_value=0.050703950895389482 -0.00069362622749139825 0.035418409869667926 0.00077284095814457356 -0.052577162231480713 0.058643512312333446 0.0039139598192300925 0.02120086414131828 -0.051694226394620346 -0.058528425040835566 0.067916677131968264 -0.050926375326331576 -0.050186058507442899 0.050053508433349964 -0.051925324703934406 0.051205821833820588 0.05029233383218662 0.050360127168105763 0.050490314609520449 0.050433732198702501 0.050911272134947283 0.050625018213603171 0.050656208324027167 0.050268966174926044 0.050141250115349811 0.050202778440968314
leaf_weight=0.31239915546029795 5088.7774857244367 0.48662494932068412 200.79479484105832 38.006628496936173 4.3450326039455822 1228.111725376817 58.819000251431135 0.2535499186196829 19.180638442514464 2.9939326075837016 0.7231174486223606 4.9535548198837205 0.35951245042087998 0.49494641739875078 0.46703676134347905 1.7754958843870561 0.15569188771769404 0.26484544202685345 0.58259013423230488 0.45535176619887252 0.15445467736572027 0.21312515251338482 0.087456431007012725 0.39210840687155724 0.16956099777598865
leaf_count=24 32002 20 1500 1450 57 8411 555 23 201 23 48 2936 894 19 23 343 31 29 77 27 13 18 17 149 45
internal_value=-2.77631e-06 -4.36944e-05 2.48744e-06 -0.000289269 0.00696881 0.000202168 0.00540108 -0.0444164 -0.0545732 0.0624265 -0.0504629 -0.0502595 0.0504684 -0.0513323 0.0508742 0.0503053 0.0507306 0.0503672 0.0503273 0.0508269 0.050492 0.0505643 0.0501314 0.0500993 0.0502253
internal_weight=6653.33 6647.94 6641.03 6374.08 266.953 6316.89 259.614 6.91179 57.1873 7.33897 6.42517 5.2071 5.38963 1.21806 1.54493 3.84469 1.0779 2.83606 2.35809 0.767751 0.310147 0.477971 1.00864 0.751621 0.257017
internal_count=48935 47245 44199 42064 2135 40413 2055 3046 1651 80 3026 2959 1690 67 118 1572 95 467 420 51 44 47 1105 1043 62
is_linear=0
shrinkage=0.05


Tree=174
num_leaves=29
num_cat=0
split_feature=6 36 3 4 13 4 5 8 24 6 11 1 59 22 21 23 14 21 5 4 25 41 2 23 11 27 24 1
split_gain=5.42113 8.01659 9.54952 7.35248 6.12204 5.89782 5.75512 9.35016 13.8636 8.58659 8.24106 10.3915 7.92853 7.78141 6.99719 8.52126 7.4279 6.88758 7.28276 5.59662 4.9422 4.21569 5.69662 3.94935 3.89039 5.40043 2.67177 0.00415387
threshold=0.10400000000000001 0.33300000000000007 0.62750000000000006 1.7635000000000003 0.86850000000000016 1.3965000000000003 -0.069999999999999993 0.59166666666666679 4.0930000000000009 0.32050000000000006 43.500000000000007 16.500000000000004 26.500000000000004 0.43055555555555564 -11.499999999999998 -0.74749999999999983 0.89100000000000013 16.500000000000004 -0.20349999999999999 2.2040000000000006 506.50000000000006 0.44500000000000006 14.500000000000002 0.23100000000000001 9.5000000000000018 0.24750000000000003 3.1990000000000003 7.5000000000000009
decision_type=2 2 2 2 2 2 2 2 2 2 2 2 2 2 2 2 2 2 2 2 2 2 2 2 2 2 2 2
left_child=1 2 5 -4 21 -1 9 8 13 10 12 -12 -2 -8 15 -9 -16 19 -19 -11 -10 22 -3 -23 26 -26 -6 -7
right_child=6 4 3 -5 24 27 7 14 20 17 11 -13 -14 -15 16 -17 -18 18 -20 -21 -22 23 -24 -25 25 -27 -28 -29
leaf_value=0.1298226094282002 -0.00027032043249632516 0.098624359625277866 0.054327430733859844 0.25427946533729701 -0.062398792711818599 -0.06334059674406127 -0.0038008483219407288 0.07503398155551376 -0.015959928676977386 0.0048147591292583836 0.061118011749223169 -0.013874052275576077 0.010063730922712949 -0.036211713095372848 -0.0071366702270344376 0.011345938829037588 0.0021285057996539708 0.0041006968896357618 0.073365425495876935 0.029875042897002369 0.039686002786838863 -0.066988071232182034 -0.070048745048698041 0.010414573245512454 -0.021398511399358944 0.0097056890943068262 0.02879334642135219 -0.058376402130231687
leaf_weight=0.53314480204426162 1508.343469329353 1.1037996700615615 1.1020488235662922 0.78883427745313373 5.0309417646203647 0.87339316616998963 1846.5793611542758 6.6190978894010177 4.7692194160772514 800.31752672459697 4.7766182944760649 140.35353609890444 211.64995694658137 18.70657506363932 248.012014807784 25.429617324378341 1692.9070160848059 7.4270101630827412 7.7603018633089942 22.91684854903724 24.428020202729385 11.102379947013103 0.91595522515126493 1.9352501831453981 27.179949594421487 28.680358832025377 0.95579515711870033 0.81427949271164834
leaf_count=34 10862 48 26 24 1797 32 10642 39 36 4921 92 1458 1337 274 1512 144 13075 56 56 176 223 438 7 109 794 514 194 15
internal_value=-3.1704e-06 -0.0128581 0.0551631 0.137743 -0.0164948 -0.0151483 0.000155322 -0.00108187 -0.00359076 0.00192513 3.58782e-05 -0.0114059 0.00100131 -0.00412589 0.00132722 0.0244996 0.000944595 0.00612791 0.0394931 0.00551238 0.0305965 -0.0450857 0.0221314 -0.0554988 -0.00953404 -0.00542868 -0.0478398 -0.0609454
internal_weight=6652.01 81.0161 4.1117 1.89088 76.9044 2.22082 6571 3867.45 1894.48 2703.55 1865.12 145.13 1719.99 1865.29 1972.97 32.0487 1940.92 838.422 15.1873 823.234 29.1972 15.0574 2.01975 13.0376 61.847 55.8603 5.98674 1.68767
internal_count=48935 4032 131 50 3901 81 44903 25945 11175 18958 13749 1550 12199 10916 14770 183 14587 5209 112 5097 259 602 55 547 3299 1308 1991 47
is_linear=0
shrinkage=0.05


Tree=175
num_leaves=28
num_cat=0
split_feature=8 8 17 18 42 17 31 20 21 8 8 6 18 22 22 20 17 17 18 22 17 1 40 17 6 15 18
split_gain=5.34511 5.25666 5.23224 5.07865 5.07465 0.289458 0.535066 0.358553 0.022645 0.00348747 0.000115321 2.4138e-05 1.98166e-05 1.68782e-05 4.32213e-06 4.23761e-06 4.14344e-06 3.98291e-06 2.08115e-06 1.95475e-06 9.6611e-07 8.3784e-07 5.82356e-07 4.76325e-07 4.36922e-07 3.53779e-07 1.89914e-07
threshold=0.18333333333333332 0.93333333333333346 0.81650000000000011 1.0000000180025095e-35 0.33300000000000007 0.41550000000000004 0.61350000000000005 1.0000000180025095e-35 5.5000000000000009 0.76388888888888895 0.36666666666666675 0.87250000000000016 0.63333333333333341 -0.066666666666666638 1.0000000180025095e-35 -5.4999999999999991 0.41900000000000004 0.27700000000000008 0.12222222222222222 -0.29999999999999988 0.43900000000000006 14.500000000000002 0.69900000000000007 0.26800000000000007 0.042500000000000003 0.24050000000000002 1.0000000180025095e-35
decision_type=2 2 2 2 2 2 2 2 2 2 2 2 2 2 2 2 2 2 2 2 2 2 2 2 2 2 2
left_child=5 2 3 10 -5 13 7 -7 9 -4 -2 12 15 19 23 -3 -8 -14 -18 24 -9 26 -21 -15 -1 -23 -13
right_child=1 11 8 4 -6 6 16 20 -10 -11 -12 21 17 14 -16 -17 18 -19 -20 22 -22 25 -24 -25 -26 -27 -28
leaf_value=-0.050016402646145278 0.050831340062636635 0.050315175585370311 -0.053517512937667489 0.00012952064133917273 -0.014641272996853492 0.066144355783150172 -0.050507159822427664 -0.050404540678756597 -0.065329752289922147 -0.058411796669090667 0.050304130659945018 0.05000926859805236 0.050567987902018288 -0.050310760202469808 -0.050538732745728059 0.050424333736489427 -0.050615881961538073 0.050840342485381343 -0.050114693122798273 -0.050217116269405532 -0.050082711239019306 0.050124718283473348 -0.050125664903948847 -0.050227490670645372 -0.050075251955874624 0.05024918945414672 0.050077431139215089
leaf_weight=0.35659178269997927 1.4707017504842941 2.4318114671041258 3.3481988471467043 6569.3480309505539 58.667816988076083 0.22688263942836773 0.094834126764908433 0.04843502287985757 0.50469148159027089 0.40836825966835011 3.5193836498074234 0.13674243840796396 0.35589971300214518 0.36276250850642 0.193592244759202 1.4014977621845894 0.021859540138393641 0.21552904415875673 0.39487070011091419 0.20056879014009643 0.044970550370635465 0.14994504138303455 1.3180955978750715 0.32614340839791112 2.7303590439842083 0.09218203870113939 0.40440539963310584
leaf_count=1447 118 432 441 40219 363 9 13 15 3 5 797 753 34 74 27 180 2 14 507 66 63 76 645 94 2227 22 289
internal_value=-3.24721e-06 4.04819e-05 1.15707e-06 3.67393e-05 -1.22289e-06 -0.0459637 -0.0184788 0.0322004 -0.0553856 -0.0540496 0.0504595 0.0503506 0.050396 -0.0501297 -0.05033 0.0503551 -0.0502089 0.0506707 -0.050141 -0.0500913 -0.0502496 0.0500948 -0.0501377 -0.0502713 -0.0500685 0.0501721 0.0500602
internal_weight=6648.78 6642.46 6637.27 6633.01 6628.02 6.31997 0.831853 0.320288 4.26126 3.75657 4.99009 5.18801 4.40474 5.48811 0.882498 3.83331 0.511564 0.571429 0.41673 4.60562 0.0934056 0.783275 1.51866 0.688906 3.08695 0.242127 0.541148
internal_count=48935 43746 41946 41497 40582 5189 609 87 449 446 915 1800 660 4580 195 612 522 48 509 4385 78 1140 711 168 3674 98 1042
is_linear=0
shrinkage=0.05


Tree=176
num_leaves=21
num_cat=0
split_feature=9 18 40 9 7 30 8 7 17 30 29 18 26 22 8 15 15 22 24 18
split_gain=5.15044 5.13862 5.02545 11.0822 8.08852 7.17491 5.93628 58.0664 7.23114 1.31454 0.00970507 0.00285509 0.001362 0.000392445 0.000328943 0.000319544 0.000210107 0.000209294 0.000100872 1.48994e-07
threshold=2.7205000000000004 0.81666666666666676 0.68650000000000011 2.2245000000000004 0.042500000000000003 1.3240000000000003 0.23611111111111113 0.26800000000000007 0.12750000000000003 1.3110000000000002 3.3980000000000001 0.51666666666666672 0.36650000000000005 -0.14999999999999997 0.93333333333333346 -0.67299999999999993 -0.37249999999999994 1.0000000180025095e-35 2.9460000000000006 1.0000000180025095e-35
decision_type=2 2 2 2 2 2 2 2 2 2 2 2 2 2 2 2 2 2 2 2
left_child=1 2 3 5 -5 -1 7 -4 -8 -3 11 14 -13 16 15 -2 -11 -14 -15 -16
right_child=10 9 6 4 -6 -7 8 -9 -10 13 -12 12 17 18 19 -17 -18 -19 -20 -21
leaf_value=-0.050207445898126049 0.050952408105711937 0.03515797142860385 0.0072431367570689248 0.01553176463338634 -0.095694228187959335 -0.0033548107342970708 0.0046195542080710809 -0.04057814951145642 -0.00013348927480592856 -0.052054661951701137 0.063840822030322028 0.055130919045142626 0.053231316698838786 -0.050881960889313751 0.050008887673533411 0.052101745075181873 -0.050187750000083756 0.051287978850782637 -0.051830956816551012 0.050070645394083527
leaf_weight=8.5054023257980571 1.4505250904476272 0.48405520283267733 221.09381848113844 2.266846416750921 5.8599306622054428 207.98616046406096 947.26578137898468 89.042799419476069 5154.520498934784 0.15559794061118726 0.18229613015864732 0.87679057416971751 0.22274845093488693 0.68817296624183633 0.12958065808925301 1.0371586987748735 4.7940203438847675 0.3665218036621809 0.47211535833775997 0.39648345828754827
leaf_count=54 127 24 3645 29 46 1363 6302 2901 30237 8 18 25 5 48 745 34 2947 53 19 305
internal_value=-3.08487e-06 -3.99536e-05 3.88019e-06 -0.00734732 -0.0646694 -0.00519553 0.000261403 -0.00648675 0.000604392 -0.0441568 0.0525319 0.0520718 0.0538815 -0.0504405 0.0511914 0.0514316 -0.0502464 0.0520226 -0.0512681 0.0500554
internal_weight=6647.8 6643.14 6636.54 224.618 8.12678 216.492 6411.92 310.137 6101.79 6.59396 4.6621 4.47981 1.46606 6.10991 3.01375 2.48768 4.94962 0.58927 1.16029 0.526064
internal_count=48935 47623 44577 1492 75 1417 43085 6546 36539 3046 1312 1294 83 3022 1211 161 2955 58 67 1050
is_linear=0
shrinkage=0.05


Tree=177
num_leaves=31
num_cat=0
split_feature=28 6 6 14 17 7 19 31 18 36 18 18 21 42 6 18 28 15 16 40 14 36 16 39 30 44 44 29 9 23
split_gain=5.10223 9.41124 11.0569 11.2488 8.05759 22.8604 15.5708 13.2558 10.6277 9.53685 9.5153 13.7389 9.02021 8.4113 8.36704 6.36513 5.56599 7.086 9.45291 7.75858 6.0363 6.85897 6.35386 5.43559 5.35212 4.82044 4.57522 1.99991 0.0316324 0.00653364
threshold=0.37750000000000006 0.77550000000000019 0.8620000000000001 1.2830000000000001 0.24050000000000002 0.10900000000000001 0.7965000000000001 0.79550000000000021 0.78888888888888908 0.62700000000000011 0.63333333333333341 0.59166666666666679 19.500000000000004 0.23600000000000002 0.53100000000000014 0.74166666666666681 0.38100000000000006 0.62750000000000006 0.53700000000000014 0.72250000000000003 2.1455000000000006 0.53700000000000014 0.072500000000000009 2.5610000000000004 1.5595000000000001 0.46000000000000008 0.47450000000000003 1.9280000000000002 2.6275000000000004 0.12549999999999997
decision_type=2 2 2 2 2 2 2 2 2 2 2 2 2 2 2 2 2 2 2 2 2 2 2 2 2 2 2 2 2 2
left_child=4 16 3 23 9 6 27 8 -7 10 11 -1 -8 -9 26 -12 17 18 -2 -19 22 -22 -18 -3 -5 -16 -11 -6 -4 -30
right_child=1 2 28 24 5 7 12 13 -10 14 15 -13 -14 -15 25 -17 20 19 -20 -21 21 -23 -24 -25 -26 -27 -28 -29 29 -31
leaf_value=0.0027185223709907842 -0.013255649751040514 -0.073223261429164632 0.073842391733084087 -0.17395485886177528 -0.019218094883524786 -0.00091763131213726734 0.013267462266573575 -0.033075415115372819 0.050487245950705389 0.012685477638299353 -0.012771734800417961 0.018263275909792095 -0.041932441063663575 -0.0086859857250238936 -0.034978942350434167 0.0062593168097218391 0.018898854542324373 -0.041158025333348995 -0.086166805032524496 0.038496726759280085 -0.037561131847733159 0.0060077360510365991 -0.00092105165183675611 0.017611823059579874 -0.063979744370762315 0.014680257844629395 0.056025233297081312 0.054573580859686971 0.058164118001724545 0.052213112254067155
leaf_weight=1321.2835150452156 102.7139712615899 2.9630515649914724 0.22627405868843142 2.4932045754976571 0.95233142864890652 1409.7660756422993 128.73910679925757 40.178859319887124 10.126986680297703 8.7796870601960126 145.40348826549598 159.27777522569522 7.8522240307647726 294.18965425491479 5.8984802360791937 62.960842784050328 41.037985131697496 4.0589033108408357 4.6465729568153611 12.384909528445858 23.31122928444529 14.748430886960703 2759.4096749537566 3.7078930693678558 1.9888004953972993 28.492774242658925 19.87333589042828 25.616639737098012 0.6860512366110928 1.4074346235865958
leaf_count=9921 628 23 2 24 10 8524 944 229 163 58 872 883 65 1774 40 773 565 37 30 96 194 122 21704 32 21 239 133 452 28 349
internal_value=-3.18893e-06 -0.00154167 -0.0432364 -0.0638943 0.00124448 -0.000995166 0.0169065 -0.00266016 -0.000551001 0.00369564 0.00298291 0.00439082 0.0100942 -0.0116167 0.0227894 -0.00702118 -0.00135204 -0.0117298 -0.0164113 0.0188352 -0.000899409 -0.0206778 -0.000630609 -0.0227346 -0.125156 0.00616316 0.0427453 0.0519286 0.0560828 0.0541633
internal_weight=6645.18 2975.78 13.4727 11.1529 3669.39 1917.42 163.16 1754.26 1419.89 1751.97 1688.93 1480.56 136.591 334.369 63.0443 208.364 2962.31 123.804 107.361 16.4438 2838.51 38.0597 2800.45 6.67094 4.48201 34.3913 28.653 26.569 2.31976 2.09349
internal_count=48935 23855 479 100 25080 12161 1471 10690 8687 12919 12449 10804 1009 2003 470 1645 23376 791 658 133 22585 316 22269 55 45 279 191 462 379 377
is_linear=0
shrinkage=0.05


Tree=178
num_leaves=22
num_cat=0
split_feature=16 17 24 8 43 31 10 15 14 9 22 21 22 8 1 9 18 22 22 22 22
split_gain=5.0286 4.98087 5.10451 4.91275 4.87789 4.42438 6.53353 2.21429 0.301134 0.0345798 0.0263247 0.0190655 0.00342058 0.00286867 0.00207318 0.00167229 0.00134975 0.000779372 0.000480755 0.000140736 0.000107539
threshold=0.89450000000000018 0.81650000000000011 4.7635000000000014 0.18333333333333332 0.74550000000000016 0.77850000000000008 13.500000000000002 -1.0000000180025095e-35 0.83650000000000013 1.3270000000000002 -0.066666666666666638 5.5000000000000009 -0.14999999999999997 0.76388888888888895 3.5000000000000004 0.7380000000000001 0.8500000000000002 -0.40833333333333327 0.36666666666666664 -0.49166666666666659 0.25833333333333336
decision_type=2 2 2 2 2 2 2 2 2 2 2 2 2 2 2 2 2 2 2 2 2
left_child=1 2 3 8 -5 6 -4 -7 -1 15 12 13 16 14 -3 18 -11 19 20 -17 -2
right_child=9 11 5 4 -6 7 -8 -9 -10 10 -12 -13 -14 -15 -16 17 -18 -19 -20 -21 -22
leaf_value=-0.016102941300255181 -0.050338547177790439 -0.05010294426954498 -0.047265007054708465 0.0011158669322164367 -0.0016726144231463871 0.063464878737506988 0.050289067582024852 -0.023445841714102078 -0.050138136053564965 -0.055613938083600045 -0.067393114387744396 -0.06437407857783628 -0.06024621217810644 -0.057879753958422701 -0.053837823931821141 -0.050742715803811116 -0.050128507285853621 -0.056394078089870348 -0.054757122008289985 -0.053441753490363446 -0.051887747993324719
leaf_weight=0.74471067787817347 0.55800163213279963 0.42860371943970665 3.5499592865962759 4058.3509681930154 2556.1299221687077 7.1840797575569013 3.3228084098664112 0.8161290358984824 5.1045362942677457 0.45258098095655452 1.3205736465752123 0.48662809282541264 0.39435104280710243 0.39027752727270115 2.7915135361254215 0.079929757455829531 0.14908307566656731 0.29897285997867584 0.07932918518781662 0.12204311147797853 0.14015542715787888
leaf_count=795 796 438 101 26094 16236 282 250 14 3655 5 9 3 3 5 46 58 134 3 1 3 4
internal_value=-2.53974e-06 2.94717e-05 6.35022e-05 -2.23012e-06 3.82736e-05 0.0293226 -0.000100093 0.0545988 -0.0458049 -0.0591213 -0.0627642 -0.0550836 -0.0566269 -0.0538314 -0.0533407 -0.0525202 -0.0542547 -0.0547731 -0.0510687 -0.0523736 -0.0506496
internal_weight=6642.9 6639.3 6635.2 6620.33 6614.48 14.873 6.87277 8.00021 5.84925 3.59502 2.31659 4.09702 0.996015 3.61039 3.22012 1.27843 0.601664 0.500946 0.777486 0.201973 0.698157
internal_count=48935 47919 47427 46780 42330 647 351 296 4450 1016 151 492 142 489 484 865 139 64 801 61 800
is_linear=0
shrinkage=0.05


Tree=179
num_leaves=26
num_cat=0
split_feature=8 6 13 7 44 27 26 8 29 22 4 8 2 8 6 22 20 17 17 7 11 11 17 11 36
split_gain=4.9549 4.85071 4.79876 6.25417 8.35536 5.15341 5.76009 5.68126 1.82121 0.000448818 8.65306e-05 7.60736e-05 7.39706e-05 3.22224e-05 2.01747e-05 1.73868e-05 3.59762e-06 3.51082e-06 1.93337e-06 1.03368e-06 8.10001e-07 1.51451e-07 1.12621e-07 5.74899e-08 2.23606e-11
threshold=0.93333333333333346 0.041000000000000009 0.25850000000000006 0.24550000000000002 0.49250000000000005 0.16050000000000003 0.13950000000000004 0.23611111111111113 1.8520000000000001 0.19999999999999998 1.9665000000000001 0.36666666666666675 1.5000000000000002 0.18333333333333332 0.87250000000000016 0.36666666666666664 -5.4999999999999991 0.27700000000000008 0.33900000000000002 0.23900000000000002 8.5000000000000018 1.0000000180025095e-35 0.19600000000000004 3.5000000000000004 0.34200000000000003
decision_type=2 2 2 2 2 2 2 2 2 2 2 2 2 2 2 2 2 2 2 2 2 2 2 2 2
left_child=1 9 3 8 -5 7 -7 -4 -3 11 -11 13 -13 -1 15 17 19 -2 -18 -17 21 24 -22 -23 -16
right_child=14 2 5 4 -6 6 -8 -9 -10 10 -12 12 -14 -15 20 16 18 -19 -20 -21 22 23 -24 -25 -26
leaf_value=-0.05001742305616183 0.050541463087573096 -0.017325647911873784 -0.047437057780977496 -0.028850045659716245 0.037487224449275443 -0.0070040844757098125 7.0383895055223263e-05 0.014838603675152138 0.052300425998206994 -0.051332443975948987 -0.052444690949402684 -0.050355243170425792 -0.051429613970214942 -0.050437776205529118 0.050011707043654853 0.050283092187408174 0.050381405802341309 0.050803010302109555 0.050569540507634604 0.050365864625791672 0.050136392296726222 0.05005560345171825 0.050223863554069985 0.050092954153815233 0.050008281266799785
leaf_weight=0.54360764193552258 0.33903897553682227 1.0217928187921668 3.8330916752456679 10.425372115685606 8.7143082170514372 301.69952046351682 6212.9674645222549 82.166692589700688 11.619024825398808 0.38951338757760812 0.31732609425671399 0.28448750819370605 0.36674430372659117 2.8256273102451814 0.0049655568582237511 1.8386046864616221 1.1778699567075821 0.20642731990665197 0.15446607396006573 0.47453375358600158 0.06232171255396679 0.23863901568984147 0.08985231420956552 0.18128596770111471 0.11693016749632079
leaf_count=2082 34 10 134 76 65 2851 40134 589 223 31 13 64 33 830 26 362 165 14 15 70 29 224 23 106 732
internal_value=-2.43793e-06 -3.94867e-05 -3.39968e-06 0.0193792 0.00135335 -9.67217e-05 -0.00025724 0.0120629 0.0466724 -0.0506699 -0.0518318 -0.0504656 -0.0509603 -0.05037 0.0503358 0.0503772 0.0503378 0.0506404 0.0504032 0.0503001 0.0500861 0.0500575 0.050188 0.0500717 0.0500084
internal_weight=6642.06 6637.17 6632.45 31.7805 19.1397 6600.67 6514.67 85.9998 12.6408 4.72731 0.706839 4.02047 0.651232 3.36923 4.88494 4.19094 3.64547 0.545466 1.33234 2.31314 0.693995 0.541821 0.152174 0.419925 0.121896
internal_count=48935 47135 44082 374 141 43708 42985 723 233 3053 44 3009 97 2912 1800 660 612 48 180 432 1140 1088 52 330 758
is_linear=0
shrinkage=0.05


Tree=180
num_leaves=25
num_cat=0
split_feature=18 18 30 4 17 39 2 9 19 16 8 30 41 8 17 17 11 17 17 8 9 11 9 8
split_gain=4.93544 4.88434 4.92482 7.68255 6.21665 7.43412 5.89644 5.65808 5.44826 1.25018 0.000306147 0.000217332 0.000106218 0.000103186 2.16353e-05 1.19597e-05 7.23251e-06 4.18356e-06 3.09624e-06 1.81731e-06 1.58634e-06 1.26097e-06 3.85298e-07 1.50773e-07
threshold=1.0000000180025095e-35 0.81666666666666676 1.3110000000000002 0.9425 0.55300000000000016 2.5030000000000006 22.500000000000004 1.3585000000000003 1.7070000000000001 0.31100000000000005 0.70000000000000007 1.3110000000000002 0.52350000000000019 0.36666666666666675 0.24550000000000002 0.060500000000000005 11.500000000000002 0.26200000000000007 0.049000000000000009 0.59166666666666679 1.1960000000000002 2.5000000000000004 2.9165000000000005 0.59166666666666679
decision_type=2 2 2 2 2 2 2 2 2 2 2 2 2 2 2 2 2 2 2 2 2 2 2 2
left_child=13 2 3 7 8 -6 -5 -2 -4 -3 11 -11 -12 14 16 21 18 19 -1 -17 -19 22 -15 -23
right_child=1 9 4 6 5 -7 -8 -9 -10 10 12 -13 -14 15 -16 17 -18 20 -20 -21 -22 23 -24 -25
leaf_value=0.050370477343077348 -0.076443396895117519 0.032955776727407161 0.00120465877950524 0.0020542223536994483 0.015881429522118143 -0.020869378871507974 -0.019150849797499925 -0.020043687141604406 -0.0022767810478729633 -0.05168465080268865 -0.050877730503132546 -0.050165333189236008 -0.051973578228558186 0.050108638992881996 0.051088004605649474 0.050350438400218293 0.050815615213493731 0.050586188126370474 0.050622607656730684 0.050250191104713099 0.050402558322162387 0.050249189233168824 0.050008016281434489 0.050180669427295016
leaf_weight=0.18052807834464946 6.1682084615167723 0.48703269427642126 4909.2299052242452 109.57094269087247 17.339685090410057 66.665040220788796 46.779267812089529 15.934959355858153 1457.3897959909809 0.24882683009491291 0.93154588411562123 4.355054413957987 0.28995035425759852 0.53708391572581637 0.42094938782975078 0.86580689833499513 0.4198550172150135 0.15276088844984759 0.37408506032079458 0.94610545263276435 0.51114009757293388 0.14560257061384618 0.11561540942057036 0.1789651949366089
leaf_count=35 53 19 31037 718 237 969 273 102 10810 23 73 2918 13 286 23 137 28 15 32 219 74 31 757 53
internal_value=-2.26533e-06 -3.91131e-05 2.74799e-06 -0.0081909 0.000229421 -0.0132835 -0.00429024 -0.0357828 0.000407719 -0.0440002 -0.0504342 -0.0502474 -0.0511379 0.0504256 0.0507885 0.050279 0.0506591 0.0503374 0.0505405 0.0502981 0.0504448 0.0501309 0.0500908 0.0502114
internal_weight=6640.24 6635.39 6629.08 178.453 6450.62 84.0047 156.35 22.1032 6366.62 6.31241 5.82538 4.60388 1.2215 4.8485 1.39542 3.45308 0.974468 2.47581 0.554613 1.81191 0.663901 0.977267 0.652699 0.324568
internal_count=48935 47245 44199 1146 43053 1206 991 155 41847 3046 3027 2941 86 1690 118 1572 95 445 67 356 89 1127 1043 84
is_linear=0
shrinkage=0.05


Tree=181
num_leaves=30
num_cat=0
split_feature=8 9 22 8 9 27 8 22 22 22 17 22 11 19 17 15 28 44 28 8 8 59 15 13 40 13 10 30 17
split_gain=4.80685 12.5855 13.8609 13.106 10.6799 10.5335 9.46451 29.9081 14.6511 14.2238 9.60066 12.4526 9.1979 8.49546 9.50146 8.48759 10.2048 7.54497 7.43319 7.119 12.1993 6.4987 5.89816 6.91749 4.40269 3.00266 2.35617 0.699786 0.370498
threshold=0.78888888888888908 1.7170000000000003 1.0000000180025095e-35 0.8500000000000002 1.7290000000000003 0.21750000000000003 0.70000000000000007 0.16666666666666669 -1.0000000180025095e-35 0.11111111111111106 0.17750000000000002 0.5916666666666669 12.500000000000002 1.9625000000000001 0.15600000000000003 0.89100000000000013 0.49650000000000005 0.5415000000000002 0.30950000000000005 0.59166666666666679 0.51666666666666672 9.5000000000000018 0.69400000000000006 1.1835000000000002 0.73150000000000015 1.2365000000000002 2.5000000000000004 1.5115000000000001 0.13450000000000004
decision_type=2 2 2 2 2 2 2 2 2 2 2 2 2 2 2 2 2 2 2 2 2 2 2 2 2 2 2 2 2
left_child=6 3 24 22 25 -6 13 8 28 -10 11 -9 -12 19 18 16 -5 -16 -15 20 -1 -21 23 -2 -3 -4 -26 -24 -8
right_child=1 2 4 15 5 -7 7 10 9 -11 12 -13 -14 14 17 -17 -18 -19 -20 21 -22 -23 27 -25 26 -27 -28 -29 -30
leaf_value=0.0009308263330223206 0.0451916033932298 -0.010533421897124626 -0.029145321182732289 0.00069092246389546811 0.018142879906339792 -0.0021275652795811977 0.068994066192738387 0.011571166755829853 -0.0065833849835488225 0.04425842036869345 -0.0055829576170812762 -0.074889547571388049 -0.026549805636677606 -0.024010216082530324 -0.014482724029249938 0.071967526650488153 -0.076170078508288996 0.018517872084616093 0.0042940690450816365 -0.002879791010482833 -0.0063461852458698764 0.0056470538888204113 0.043382522767063204 0.0096477358335674453 -0.1019987365139633 -0.1086991191903123 -0.048017593861826025 0.0715150712856885 0.091181181857034166
leaf_weight=3268.1864323479895 25.958261008840054 4.278216286096721 2.2025587675161651 31.306080978771206 87.857100972956687 236.90851962347369 2.8459952272241917 47.957471765577793 35.69666812592186 22.382253475487232 78.369358797324821 4.5604996909969477 157.28944851458073 25.981117251802061 259.70430712513917 3.4672065335325888 5.0095392703078678 18.557896927901311 216.37481658125762 282.87680140283192 699.13171042478643 1063.7478183230851 2.8969351109117261 28.960273308679461 3.7899070743005705 2.5701886778697371 4.332071078941226 9.3286030367016775 5.5526057980023324
leaf_count=22702 284 29 23 308 1589 3098 21 376 188 120 453 107 846 318 3482 23 39 289 2774 1970 3543 5947 23 202 35 17 24 56 49
internal_value=-2.23446e-06 0.00499395 0.000312118 0.0199659 0.0022649 0.00335609 -0.000364577 -0.00829512 0.021936 0.0130099 -0.0152689 0.00406318 -0.0195772 0.000117481 -0.005978 -0.00277559 -0.00991163 -0.0122818 0.00125978 0.000714669 -0.000351549 0.00385587 0.0334402 0.0264482 -0.0515835 -0.0719861 -0.0732065 0.0648488 0.0836627
internal_weight=6638.08 448.865 341.939 106.927 329.538 324.766 6189.22 354.654 66.4775 58.0789 288.177 52.518 235.659 5834.56 520.618 39.7828 36.3156 278.262 242.356 5313.94 3967.32 1346.62 67.1441 54.9185 12.4002 4.77275 8.12198 12.2255 8.3986
internal_count=48935 5750 4815 935 4727 4687 43185 2160 378 308 1782 483 1299 41025 6863 370 347 3771 3092 34162 26245 7917 565 486 88 40 59 79 70
is_linear=0
shrinkage=0.05


Tree=182
num_leaves=30
num_cat=0
split_feature=22 18 18 22 6 5 26 18 18 18 27 20 0 20 7 16 17 8 17 8 8 17 16 18 22 22 42 17 6
split_gain=4.73952 5.22733 63.9899 8.59 8.83234 10.2802 10.258 7.57142 35.1557 19.7949 2.67424 3.70446 3.9295 2.6023 4.32159 1.56665 1.13916 0.154316 0.0482736 0.0398357 0.0125048 0.00856727 0.00402105 0.00224004 0.000360202 0.000225125 0.000177393 0.000163888 9.64889e-09
threshold=-0.54444444444444429 0.74166666666666681 0.70000000000000007 1.0000000180025095e-35 0.55800000000000016 0.18350000000000002 0.30400000000000005 0.56944444444444453 0.51666666666666672 0.63333333333333341 0.19050000000000003 9.5000000000000018 10.500000000000002 13.500000000000002 0.046500000000000007 0.69100000000000006 0.16350000000000003 0.63333333333333341 0.20950000000000002 0.78888888888888908 0.59166666666666679 0.13700000000000004 0.22450000000000003 0.81666666666666676 -0.63333333333333319 -0.63333333333333319 0.29050000000000004 0.18050000000000002 0.072500000000000009
decision_type=2 2 2 2 2 2 2 2 2 2 2 2 2 2 2 2 2 2 2 2 2 2 2 2 2 2 2 2 2
left_child=10 2 7 4 5 -3 -6 8 -2 -9 11 12 26 22 15 -15 -14 20 21 -19 -4 -5 -12 -24 28 -16 -1 -26 -13
right_child=1 3 17 18 6 -7 -8 9 -10 -11 13 24 16 14 25 -17 -18 19 -20 -21 -22 -23 23 -25 27 -27 -28 -29 -30
leaf_value=-0.051888051412478257 0.00087630842845115163 0.0015033995131808098 -0.052005531509090333 0.056134245801803498 -0.062971241062709737 0.024750947104237486 -0.0030470389656304872 0.010288130418487725 -0.012198851543291832 -0.002427186533849544 -0.058841377448489496 -0.050017901200493764 0.21751799707501465 0.18695321103062376 -0.050051427968224628 -0.051406974472432226 0.088588233145732817 -0.056211975956028851 0.066589842016902587 -0.060987099838817727 -0.054443515875991937 0.060721643625012513 -0.05276231898535954 -0.050229502810347597 -0.05350765005961379 -0.052694674097507638 -0.054194004970867196 -0.052025455775730235 -0.050057709874384439
leaf_weight=0.18758118514960986 4502.4118291023551 127.91759742467548 29.415900632389821 2.3172515103360629 8.5778022985905391 75.693116758135147 42.655969855375588 596.37473216615035 580.36033582512755 628.81816578780126 0.25398571550613169 0.017568491195561253 0.35569281497009797 0.38540519295201991 0.093118704760854598 0.083952120949106757 0.33052864774072077 11.153488723619377 2.8706846553832293 7.1787224542349568 6.4048003787174812 1.8149010851047931 7.1411547687021066 0.99451772903557856 0.44390537888102699 0.59700120889465325 0.15016955544706434 0.32162358742789365 0.11395015366724692
leaf_count=42 29949 1616 1126 38 78 737 334 3732 3738 4193 7 95 27 8 181 139 37 144 23 57 103 19 916 1296 31 71 9 52 137
internal_value=-1.41981e-06 5.4187e-05 -0.000230767 0.00697772 0.00547651 0.0101458 -0.0130798 0.000233846 -0.000616638 0.00376212 -0.0321141 0.0217131 0.0867006 -0.0429427 0.0272688 0.144319 0.155417 -0.0543509 0.0616092 -0.0580819 -0.0524414 0.0581491 -0.0526461 -0.0524527 -0.0524696 -0.052338 -0.0529133 -0.0528849 -0.0500524
internal_weight=6635.44 6623.97 6362.12 261.847 254.844 203.611 51.2338 6307.97 5082.77 1225.19 11.4702 1.92102 1.02397 9.54914 1.15948 0.469357 0.686221 54.1529 7.00284 18.3322 35.8207 4.13215 8.38966 8.13567 0.897048 0.69012 0.337751 0.765529 0.131519
internal_count=48935 45887 43042 2845 2765 2353 412 41612 33687 7925 3048 430 115 2618 399 147 64 1430 80 201 1229 57 2219 2212 315 252 51 83 232
is_linear=0
shrinkage=0.05


Tree=183
num_leaves=27
num_cat=0
split_feature=18 42 30 6 4 20 36 26 42 41 44 15 40 44 2 22 11 11 7 24 24 22 6 7 6 22
split_gain=4.69275 4.66702 5.54894 6.69376 8.5219 7.17884 6.0632 5.21907 5.36115 14.4073 8.19686 4.42149 5.24403 2.97586 2.51144 8.81845e-05 1.57154e-05 9.76721e-06 5.84154e-06 5.61701e-06 3.45025e-06 1.72772e-06 1.1353e-06 3.54575e-07 1.0886e-07 6.04759e-08
threshold=1.0000000180025095e-35 0.33300000000000007 1.5935000000000004 0.51800000000000013 1.1455000000000002 -3.4999999999999996 0.56100000000000005 0.10250000000000002 0.25450000000000006 0.47850000000000004 0.48800000000000004 0.96350000000000013 0.74150000000000016 0.48800000000000004 18.500000000000004 0.36666666666666664 10.500000000000002 1.0000000180025095e-35 0.35850000000000004 2.5835000000000004 2.9690000000000007 0.5916666666666669 0.31100000000000005 0.14050000000000004 0.93100000000000016 0.56944444444444453
decision_type=2 2 2 2 2 2 2 2 2 2 2 2 2 2 2 2 2 2 2 2 2 2 2 2 2 2
left_child=15 7 3 5 -5 -3 -4 11 9 -9 -10 13 -13 -2 -8 16 20 23 21 -18 -1 -19 -20 24 -17 -25
right_child=1 2 6 4 -6 -7 14 8 10 -11 -12 12 -14 -15 -16 17 19 18 22 -21 -22 -23 -24 25 -26 -27
leaf_value=0.050635744639434724 -0.017477359361013356 -0.055492194813864561 0.022463799353550418 0.050270997084693639 -0.038487649576297855 -0.0042552434734595994 -0.03834504531374041 0.0011327005276574513 -0.0015885179174029514 -0.0067380432209545385 0.0030773501459299339 0.11501227396225203 -0.028222122991796168 -0.061793428602357536 -0.092474768849227312 0.050070866067636423 0.050993584878284648 0.050321783137197797 0.050577003353036123 0.050723172918699599 0.050371274380217858 0.050233478656451051 0.050410762986938355 0.050152900134326418 0.05000760276845867 0.05010768672944256
leaf_weight=0.32240368612110504 8.5832854332693405 9.377132686320687 2.5065301975264438 9.1286383000551705 3.8426701454445711 25.231353515002414 4.2034214243758452 1657.8382943788965 1517.6180323308145 895.47453882192349 2478.6440755490112 1.1213438154663884 1.4856119384858173 6.780870095913996 4.3712531140772626 0.17932790209306437 0.48671910632401705 1.0302163150627173 0.16729349456727494 0.3171926336362958 0.19971167633775622 1.1981219101871827 0.26600018911994994 0.10939802380744368 0.1095329584350111 0.22830149834044278
leaf_count=29 74 48 20 66 27 211 37 11703 10825 6306 17775 21 31 75 26 137 28 177 16 24 37 300 36 37 757 112
internal_value=-2.14867e-06 -3.72494e-05 -0.0140778 -0.00665646 0.0239768 -0.0181378 -0.0459431 8.81601e-05 0.000161992 -0.00162765 0.00130544 -0.02682 0.0333881 -0.037036 -0.0659396 0.050404 0.0507482 0.0502652 0.050307 0.0508869 0.0505346 0.0502743 0.0504749 0.0500875 0.0500469 0.0501223
internal_weight=6630.82 6626.21 58.661 47.5798 12.9713 34.6085 11.0812 6567.55 6549.57 2553.31 3996.26 17.9711 2.60696 15.3642 8.57467 4.61422 1.32603 3.28819 2.66163 0.803912 0.522115 2.22834 0.433294 0.62656 0.288861 0.3377
internal_count=48935 47245 435 352 93 259 83 46810 46609 18009 28600 201 52 149 63 1690 118 1572 529 52 66 477 52 1043 894 149
is_linear=0
shrinkage=0.05


Tree=184
num_leaves=25
num_cat=0
split_feature=16 8 26 12 44 8 7 7 24 43 26 28 44 4 17 9 22 13 6 22 22 22 22 22
split_gain=4.68067 4.69413 8.17402 7.8389 10.342 7.65451 19.0679 10.7301 7.41671 7.76665 6.86201 6.52793 5.06536 0.999862 0.737651 0.0280829 0.0210227 0.00292308 0.00143239 0.000669703 0.000630377 0.000393318 0.000113908 7.68261e-05
threshold=0.89450000000000018 0.36666666666666675 0.10250000000000002 4.5000000000000009 0.42450000000000004 0.29999999999999999 0.33900000000000002 0.17500000000000002 1.8335000000000001 0.76250000000000007 0.29950000000000004 0.14800000000000002 0.47850000000000004 1.6545000000000003 0.27700000000000008 1.3270000000000002 -0.066666666666666638 3.0555000000000008 0.19600000000000004 -0.29999999999999988 -0.40833333333333327 0.36666666666666664 -0.49166666666666659 0.25833333333333336
decision_type=2 2 2 2 2 2 2 2 2 2 2 2 2 2 2 2 2 2 2 2 2 2 2 2
left_child=1 3 12 4 13 6 -5 -7 11 -10 -6 -4 -3 -1 -14 18 17 19 21 -17 22 23 -20 -2
right_child=15 2 8 5 10 7 -8 -9 9 -11 -12 -13 14 -15 -16 16 -18 -19 20 -21 -22 -23 -24 -25
leaf_value=-0.044813169951182008 -0.050308788752920545 -0.0037055729743596302 -0.063125913818090004 0.0021599810846911396 0.00029784921183649928 -0.031934751824457923 -0.020359593464071873 -0.0057393195831751728 0.0012436715064033921 -0.0046803614048610224 0.028604587905884576 0.01032984288941366 -0.088898830766101153 -0.095784534715554259 -0.053645632501331968 -0.052619250713561085 -0.066202049363293061 -0.062185551330148095 -0.050692393496382153 -0.055940512961085355 -0.056038419571600717 -0.054426835192719097 -0.053253191277542349 -0.051689472148786192
leaf_weight=2.1387476629752196 0.49785441271524111 4.6367391010280681 3.0632032690336919 841.82883409685746 39.535252652502095 42.084051928017288 105.81404012753046 549.9430275533814 4104.3523194415538 639.47425982954883 46.698833472342812 239.81301322428044 3.3445102695841342 1.7488261752878314 2.6672436664812267 0.20736372325336572 1.2739307242445645 0.17623250966425985 0.069374271988635883 0.56624433421529852 0.28582429140806198 0.074720054864883423 0.11609739472623914 0.12631715089082718
leaf_count=29 799 28 28 8892 974 246 1813 3490 25758 4029 988 1581 21 19 23 117 9 15 55 10 3 1 3 4
internal_value=-2.03476e-06 2.80288e-05 0.000787971 -0.00230215 0.0120306 -0.00314109 -0.00035456 -0.00760141 0.000881416 0.000445104 0.015627 0.0094034 -0.0429724 -0.0677427 -0.073258 -0.058705 -0.0620042 -0.0563741 -0.0524351 -0.0550503 -0.0545654 -0.0509986 -0.0522953 -0.0505882
internal_weight=6630.54 6627.14 4997.35 1629.79 90.1217 1539.67 947.643 592.027 4986.7 4743.83 86.2341 242.876 10.6485 3.88757 6.01175 3.39396 2.22377 0.949841 1.17019 0.773608 0.471296 0.698892 0.185472 0.624172
internal_count=48935 47919 31468 16451 2010 14441 10705 3736 31396 29787 1962 1609 72 48 44 1016 151 142 865 127 61 804 58 803
is_linear=0
shrinkage=0.05


Tree=185
num_leaves=27
num_cat=0
split_feature=8 8 5 6 17 18 7 11 28 17 31 20 6 18 22 20 18 17 17 17 22 7 11 11 11 6
split_gain=4.66759 4.65203 4.7591 8.38854 8.27406 14.2485 12.733 6.51193 5.50379 0.295981 0.508229 0.323061 1.67694e-05 1.42545e-05 1.20213e-05 3.33609e-06 3.10789e-06 3.05955e-06 2.90161e-06 1.98621e-06 1.39442e-06 8.58569e-07 6.68328e-07 1.42266e-07 5.91434e-08 3.92598e-08
threshold=0.93333333333333346 0.18333333333333332 -0.069999999999999993 0.32050000000000006 0.16350000000000003 0.78888888888888908 0.10400000000000001 49.500000000000007 0.16700000000000004 0.41550000000000004 0.61350000000000005 1.0000000180025095e-35 0.87250000000000016 0.63333333333333341 -0.066666666666666638 -5.4999999999999991 0.074999999999999969 0.27700000000000008 0.41900000000000004 0.33900000000000002 -0.29999999999999988 0.23900000000000002 9.5000000000000018 3.5000000000000004 1.0000000180025095e-35 0.91300000000000014
decision_type=2 2 2 2 2 2 2 2 2 2 2 2 2 2 2 2 2 2 2 2 2 2 2 2 2 2
left_child=1 9 3 7 6 -6 -4 -3 -5 14 11 -11 13 15 20 21 -16 -15 -12 -17 -1 -2 23 24 -14 -25
right_child=12 2 4 8 5 -7 -8 -9 -10 10 18 -13 22 17 16 19 -18 -19 -20 -21 -22 -23 -24 25 -26 -27
leaf_value=-0.050062179545941637 0.050267470301630736 0.00030643601366929784 -0.010644573567174194 0.026293681030149466 -0.0029234662160538944 0.019188787846384135 0.0059046310348000383 -0.016007532600285319 0.0049658886145283925 0.064964392466455398 -0.05045322381807215 -0.050234176519764598 0.050007284055468761 0.050507712033620325 -0.050454482759939356 0.050362467828049179 -0.050233965029471042 0.05075959047943001 -0.050128442694046899 0.05055620255008049 -0.050124287933420955 0.050345169575471083 0.050190260954916202 0.050138890811061966 0.050052758625678699 0.050081413570801626
leaf_weight=2.7033661790555921 1.7332905634248175 1869.6719978492329 138.83503940503579 31.431092698767316 2922.1595552841027 74.714864205277991 713.84154017077526 63.237797290843446 804.26513636737945 0.22151923933415663 0.084625355782918632 0.083914110000478104 0.10461052259779524 0.31543846847489465 0.22320215951185574 1.1190949224401254 0.56229560522479005 0.1951522883027792 0.36704431485850364 0.15003408957272757 1.3575279622164091 0.44728046283125866 0.11751832489972003 0.036473221145570278 0.22590428918192629 0.16021022089989856
leaf_count=3674 362 11937 1342 190 17198 943 4893 587 4856 9 13 78 758 34 35 165 160 14 509 15 711 70 39 14 224 105
internal_value=-2.21712e-06 -3.72017e-05 1.35506e-06 0.00158238 -0.00113572 -0.00237219 0.00321005 -0.000227298 0.00576804 -0.0455756 -0.0165017 0.033315 0.0503189 0.0503574 -0.0501176 0.0503209 -0.0502966 0.050604 -0.0501893 0.0503854 -0.0500829 0.0502834 0.0500824 0.0500584 0.0500384 0.0500921
internal_weight=6628.37 6623.76 6618.16 2768.61 3849.55 2996.87 852.677 1932.91 835.696 5.60349 0.757103 0.305433 4.60501 3.96029 4.84639 3.4497 0.785498 0.510591 0.45167 1.26913 4.06089 2.18057 0.644717 0.527198 0.330515 0.196683
internal_count=48935 47135 41946 17570 24376 18141 6235 12524 5046 5189 609 87 1800 660 4580 612 195 48 522 180 4385 432 1140 1101 982 119
is_linear=0
shrinkage=0.05


Tree=186
num_leaves=29
num_cat=0
split_feature=39 44 42 4 21 4 19 17 18 18 18 21 14 7 39 18 28 15 30 28 28 21 7 30 20 25 4 21
split_gain=4.67407 9.15433 13.842 10.3909 9.16048 8.81015 7.77378 7.47163 10.7374 15.5758 8.39285 7.58046 8.46537 6.55323 5.62791 6.59616 6.51882 6.87809 5.96272 5.86286 5.61243 6.10564 5.13503 4.38889 4.3278 3.44995 6.45128 0.827557
threshold=2.7390000000000003 0.51250000000000007 0.23600000000000002 0.57400000000000007 1.0000000180025095e-35 0.69400000000000006 0.57400000000000007 0.41900000000000004 0.54444444444444462 0.51666666666666672 0.63333333333333341 37.500000000000007 1.7290000000000003 0.54750000000000021 2.7625000000000006 0.25833333333333336 0.63050000000000017 -0.74549999999999994 1.5045000000000002 0.24100000000000002 0.51200000000000012 -3.4999999999999996 0.27900000000000008 1.6095000000000004 -8.4999999999999982 510.50000000000006 1.3620000000000003 5.5000000000000009
decision_type=2 2 2 2 2 2 2 2 2 2 2 2 2 2 2 2 2 2 2 2 2 2 2 2 2 2 2 2
left_child=1 7 20 4 -4 -5 23 11 9 -9 -10 13 -13 -1 15 19 17 -16 -17 -8 24 -22 -18 25 -3 27 -27 -2
right_child=6 2 3 5 -6 -7 14 8 10 -11 -12 12 -14 -15 16 18 22 -19 -20 -21 21 -23 -24 -25 -26 26 -28 -29
leaf_value=0.00020903150861945912 0.026671673327035197 -0.069294855616740814 -0.045570727562634 -0.026291291480468462 0.044198097474055682 0.00513714350784065 -0.031632506326224753 -0.0091879162427093847 -0.058207579543749256 0.02456454056384462 -0.0019117874819467831 -0.093262219580821162 0.0021088613587762713 -0.017873312702534384 -0.020595830750990245 -0.033981192358993544 -0.045250806585354936 0.0036179397151358799 -0.0093587722935273565 0.036632967084513871 -0.034537566283236495 -0.14705383275039138 0.022899215666286925 -0.058683944996418075 -0.010679100524790855 -0.04229032229571774 0.045827209486140982 0.066403005403991217
leaf_weight=4714.7048827966937 1.6671011139260432 3.682241280032037 3.1851316120519213 22.777447961838334 26.371442534051312 1060.7020887619001 4.595155657050781 278.88220187052502 17.734787945184511 38.954980488590081 10.56443142579519 4.6122406814247352 4.6955632392782718 50.643768772482872 35.042533360334346 46.479438883266994 14.182631647330711 179.84572139549709 52.204661218049296 9.9676276968966686 3.2450965495663695 1.9185250263399201 3.4331850718081105 1.3940640258006158 21.746971504901012 3.3567354872211563 5.4487680458405521 6.1288286009657895
leaf_count=33930 43 31 66 179 316 7698 51 2187 268 280 457 42 43 432 229 309 136 1325 396 60 44 13 40 22 146 66 59 67
internal_value=-2.10257e-06 0.000317846 0.00436238 0.00527436 0.0345243 0.00447644 -0.00551224 -0.000585422 -0.00767885 -0.00505112 -0.0371917 -7.11874e-05 -0.0451498 1.68613e-05 -0.00717982 -0.0163202 -0.00272777 -0.000330679 -0.0209557 0.0150924 -0.0288173 -0.0763426 -0.0319689 0.0265273 -0.0191669 0.0336827 0.012236 0.0579068
internal_weight=6628.17 6264.42 1143.63 1113.04 29.5566 1083.48 363.746 5120.79 346.136 317.837 28.2992 4774.66 9.3078 4765.35 345.751 113.247 232.504 214.888 98.6841 14.5628 30.5928 5.16362 17.6158 17.9955 25.4292 16.6014 8.8055 7.79593
internal_count=48935 46132 8493 8259 382 7877 2803 37639 3192 2467 725 34447 85 34362 2546 816 1730 1554 705 111 234 57 176 257 177 235 125 110
is_linear=0
shrinkage=0.05


Tree=187
num_leaves=21
num_cat=0
split_feature=17 24 19 17 16 39 31 39 35 10 33 44 14 43 8 21 8 1 42 8
split_gain=4.64332 4.71592 4.54744 6.58853 6.20477 10.6021 5.55793 5.13996 4.26899 7.2145 7.16263 1.75403 0.611187 0.950656 0.375376 0.0160517 0.00230219 0.00164976 0.000106798 9.32305e-07
threshold=0.81650000000000011 4.7635000000000014 2.3170000000000006 0.23400000000000001 0.72900000000000009 2.5215000000000001 0.85350000000000004 2.7475000000000005 0.69150000000000011 13.500000000000002 0.27900000000000008 0.44450000000000006 1.7925000000000002 0.76250000000000007 0.8500000000000002 5.5000000000000009 0.76388888888888895 3.5000000000000004 0.26600000000000007 0.63333333333333341
decision_type=2 2 2 2 2 2 2 2 2 2 2 2 2 2 2 2 2 2 2 2
left_child=1 2 4 6 7 -6 -4 -1 12 10 -10 -11 -3 -14 -5 16 17 19 -19 -2
right_child=15 8 3 14 5 -7 -8 -9 9 11 -12 -13 13 -15 -16 -17 -18 18 -20 -21
leaf_value=0.0003282441155828418 -0.050060293786236332 0.0050208446497132103 -0.010357422361536209 -0.0538780658886618 -0.033605672691507875 0.039583460221514759 0.064225588152447666 -0.0060911706143663685 -0.0020990116456454633 -0.06294243012530791 -0.15170300853791685 0.065713473453714075 0.065866576081426487 -0.0056018311579725073 -0.093535983913970361 -0.063479392826971293 -0.057350994473380823 -0.053938557916141938 -0.053302073078977441 -0.050289246363803025
leaf_weight=6178.1870930875157 0.3308305328828286 0.53947802993934413 63.510941754255327 6.6601405198016428 6.3608458388043827 22.278824820881709 2.6001523820668799 328.39838692350168 2.8548885892305411 0.2892222522204978 1.1115819021579225 3.15303911009687 6.0641031986233429 0.50397215811972262 0.65540533512830723 0.46956793218851078 0.36778908222913731 1.2601509355008604 1.3816905077546833 0.051367668900638819
leaf_count=42867 424 9 1843 446 51 173 54 2356 81 11 30 247 246 25 4 3 5 21 25 14
internal_value=-1.99237e-06 2.99645e-05 -3.2566e-05 -0.0124063 0.000106459 0.0233282 -0.00742407 4.24538e-06 0.0284975 0.00193961 -0.0440247 0.0549037 0.0561807 0.0603828 -0.057431 -0.0548152 -0.0536158 -0.0531615 -0.0536057 -0.0500911
internal_weight=6627.03 6623.17 6608.65 73.4266 6535.23 28.6397 66.1111 6506.59 14.5163 7.40873 3.96647 3.44226 7.10755 6.56808 7.31555 3.8614 3.39183 3.02404 2.64184 0.382198
internal_count=48935 48443 47794 2347 45447 224 1897 45223 649 369 111 258 280 271 450 492 489 484 46 438
is_linear=0
shrinkage=0.05


Tree=188
num_leaves=20
num_cat=0
split_feature=18 9 27 7 23 23 36 24 24 30 34 18 6 22 8 15 24 21 19
split_gain=4.62774 4.58762 4.46742 8.32509 8.52652 8.39878 7.83772 11.4044 9.73263 1.24165 0.00740423 0.00209864 0.00097242 0.00030949 0.000236241 0.000195753 7.00804e-05 1.47358e-05 5.93661e-06
threshold=0.81666666666666676 2.7205000000000004 0.27700000000000008 0.12750000000000003 -0.21099999999999994 -0.39949999999999991 0.48400000000000004 3.8335000000000004 1.5465000000000002 1.3110000000000002 0.31550000000000006 0.51666666666666672 0.87750000000000006 -0.14999999999999997 0.93333333333333346 -0.37249999999999994 2.9460000000000006 -2.4999999999999996 2.0490000000000004
decision_type=2 2 2 2 2 2 2 2 2 2 2 2 2 2 2 2 2 2 2
left_child=1 2 6 5 -5 -4 7 -1 -8 -2 -3 14 -13 15 -12 -11 18 -17 -15
right_child=9 10 3 4 -6 -7 8 -9 -10 13 11 12 -14 16 -16 17 -18 -19 -20
leaf_value=0.0021523268914955319 0.03369434663674558 0.062581140812068115 -0.019264775967706586 0.0032628398012281077 -0.0076886013429700159 0.013881093848603435 0.025969323703735628 0.023945327630395131 -0.0013615012314545649 -0.052007797944079309 0.051331506914560558 0.055993393310066614 0.052805267619876507 -0.050996543166883512 0.050047333394192262 -0.05013105358336415 -0.051660983793128758 -0.050358752821540634 -0.050696439106105086
leaf_weight=2358.8689484149581 0.47627896396443148 0.17006910946656617 22.889982389999204 243.01670823741006 661.61366317459033 115.78175570312305 32.917254501997377 61.598875911091454 3119.2676351129194 0.15141857462003816 2.2678869411174678 0.313419485464692 1.0097373063326811 0.33488212851807453 0.4252978780059492 3.4001790526453983 0.4448864534497261 0.89825018169358406 0.32444870145991445
leaf_count=16375 24 18 178 1848 4021 808 569 738 20040 8 161 5 78 20 1050 2773 19 174 28
internal_value=-1.89437e-06 3.79861e-05 4.87645e-06 -0.00299794 -0.00474664 0.00840984 0.000567057 0.00270694 -0.00107609 -0.0437829 0.0523625 0.0519298 0.0535604 -0.0504268 0.0511287 -0.0502409 -0.0511761 -0.0501786 -0.0508489
internal_weight=6626.17 6620.14 6615.95 1043.3 904.63 138.672 5572.65 2420.47 3152.18 6.03034 4.18641 4.01634 1.32316 5.55407 2.69318 4.44985 1.10422 4.29843 0.659331
internal_count=48935 45889 44577 6855 5869 986 37722 17113 20609 3046 1312 1294 83 3022 1211 2955 67 2947 48
is_linear=0
shrinkage=0.05


Tree=189
num_leaves=23
num_cat=0
split_feature=6 5 30 42 11 6 36 3 21 18 18 12 31 17 22 8 2 7 8 17 18 18
split_gain=4.49513 4.73972 9.18912 7.5448 6.91261 4.84585 8.03667 8.09901 6.17591 5.39725 10.3113 7.71493 3.07807 0.859616 0.000350495 6.45152e-05 6.45356e-05 5.81431e-05 2.66485e-05 2.77677e-05 2.93278e-07 4.49044e-09
threshold=0.041000000000000009 -1.3954999999999997 1.6025000000000003 0.23100000000000004 8.5000000000000018 0.10400000000000001 0.33300000000000007 0.62750000000000006 -27.499999999999996 0.074999999999999969 0.14999999999999999 23.500000000000004 0.7875000000000002 0.16350000000000003 0.19999999999999998 0.36666666666666675 1.5000000000000002 0.49150000000000005 0.18333333333333332 0.32700000000000007 0.63333333333333341 0.63333333333333341
decision_type=2 2 2 2 2 2 2 2 2 2 2 2 2 2 2 2 2 2 2 2 2 2
left_child=14 2 3 -2 -5 6 7 -3 -8 11 -11 -7 -4 -14 15 18 20 -16 21 -20 -17 -1
right_child=1 5 12 4 -6 9 8 -9 -10 10 -12 -13 13 -15 17 16 -18 -19 19 -21 -22 -23
leaf_value=-0.050019532077502926 -0.064550832818334361 -0.013126012302374241 0.0094059264300177491 0.0050924915169514133 0.050585588095155599 0.002495364664336394 0.036705144664666615 0.12796085748768013 -0.022239811909648965 -0.0086747820051113599 0.00029210764136513375 0.02548125779593334 -0.09938169567480791 -0.049684213233888039 -0.052231090157841789 -0.050281275310739164 -0.051369443012383768 -0.051281017098629124 -0.050585554778153997 -0.050261870461133389 -0.050392402950647813 -0.050009325335958615
leaf_weight=0.31203795655164857 2.1750602763495399 2.1169560341513707 1.7455448887194496 14.395103779679628 19.884204370333464 144.97867820181273 4.808111780715989 1.9579740294429937 58.635913711201283 338.77019649452996 5978.9851754821575 48.78964598372113 1.5671130803821145 1.9563362012850118 0.29319218825548876 0.16149868664797384 0.34687661004136316 0.35726462979800999 1.3120359711319909 1.3385400336119344 0.093886085349367931 0.16460365719467518
leaf_count=871 29 26 20 85 245 2818 90 21 718 2156 39062 571 19 22 9 42 33 35 205 625 22 1211
internal_value=-1.75432e-06 3.1744e-05 0.0168308 0.0257516 0.0314814 -7.4793e-05 -0.0134009 0.0546652 -0.0177727 6.3387e-05 -0.000188714 0.00828307 -0.0448896 -0.071788 -0.0506383 -0.0504515 -0.0509253 -0.0517093 -0.0503602 -0.0504221 -0.0503221 -0.050016
internal_weight=6625.15 6620.77 41.7234 36.4544 34.2793 6579.04 67.519 4.07493 63.444 6511.52 6317.76 193.768 5.26899 3.52345 4.37994 3.72948 0.602261 0.650457 3.12722 2.65058 0.255385 0.476642
internal_count=48935 45882 420 359 330 45462 855 47 808 44607 41218 3389 61 41 3053 3009 97 44 2912 830 64 2082
is_linear=0
shrinkage=0.05


Tree=190
num_leaves=25
num_cat=0
split_feature=11 40 9 17 7 30 14 41 32 17 23 39 11 39 11 22 5 22 18 6 10 22 6 6
split_gain=4.45839 4.44919 9.31896 7.92903 12.2116 6.41834 7.19366 5.96909 8.27021 9.23434 7.79047 5.06951 8.06562 7.49095 4.78745 0.00229578 0.00210758 0.000584314 0.000218605 0.000263056 3.10548e-05 2.11904e-06 5.00893e-07 2.50615e-07
threshold=1.0000000180025095e-35 0.68650000000000011 2.2245000000000004 0.12250000000000001 0.17500000000000002 1.3240000000000003 0.87250000000000016 0.45350000000000007 0.58400000000000007 0.44600000000000006 -1.1094999999999997 2.4520000000000004 48.500000000000007 2.4710000000000005 13.500000000000002 0.24999999999999997 0.98350000000000015 -0.066666666666666638 1.0000000180025095e-35 0.93100000000000016 14.500000000000002 0.45555555555555566 0.28300000000000008 0.82700000000000007
decision_type=2 2 2 2 2 2 2 2 2 2 2 2 2 2 2 2 2 2 2 2 2 2 2 2
left_child=15 2 5 -4 -5 14 -7 8 10 -10 -3 12 -9 -13 -2 16 -1 -18 22 -20 -19 -21 -17 -24
right_child=1 7 3 4 -6 6 -8 11 9 -11 -12 13 -14 -15 -16 18 17 20 19 21 -22 -23 23 -25
leaf_value=0.055217446496632995 -0.0037860303646510235 0.044866822490743016 0.032927677721518896 -0.035310790848949294 -0.17905950064771348 -0.029403855528913489 0.00011031053539484301 0.012376476132220935 -0.0047337984501333377 -0.070569035460103888 0.0056362453080000818 -0.012817658237348232 -0.047931175849837054 -0.00031856329900810853 -0.079708753821179895 0.050233528148573015 0.053147563653817724 0.05079670991002571 0.051888216441155294 0.050473536609799224 0.051434612703099937 0.050259789667770206 0.050096249301474327 0.050007299035629352
leaf_weight=0.82818482746370081 3.6045593022281519 12.898281304751434 1.8500271477387267 4.3409839289379306 2.2396776536479592 23.250454474346043 184.28473629650398 119.40082890457415 116.84959152957163 5.5807282710884456 670.31200685969452 122.62387098588806 5.8140869660273884 5342.747877839116 4.8974626169074327 0.06007393286563445 0.64489616546779882 0.39621987240388956 0.67830805946141459 0.36568183021154255 0.36799114057794213 0.16979047292261384 0.49214036407647654 0.09437152068130672
leaf_count=14 26 228 31 44 14 241 1219 903 853 63 4627 900 41 38464 29 14 14 30 22 45 21 40 293 759
internal_value=-1.81086e-06 -3.40801e-05 -0.00695308 -0.0585245 -0.0842346 -0.00494055 -0.0031962 0.000208734 0.00423238 -0.00773476 0.00637688 -0.0003711 0.00957622 -0.000598999 -0.0475202 0.0521365 0.0532157 0.0520392 0.0508386 0.0512342 0.0511039 0.0504058 0.050096 0.0500819
internal_weight=6624.79 6620.7 224.468 8.43069 6.58066 216.037 207.535 6396.23 805.641 122.43 683.21 5590.59 125.215 5465.37 8.50202 4.09766 2.23729 1.40911 1.86037 1.21378 0.764211 0.535472 0.646586 0.586512
internal_count=48935 47683 1604 89 58 1515 1460 46079 5771 916 4855 40308 944 39364 55 1252 79 65 1173 107 51 85 1066 1052
is_linear=0
shrinkage=0.05


Tree=191
num_leaves=26
num_cat=0
split_feature=19 8 21 3 11 19 17 7 21 9 22 23 6 8 22 22 22 22 6 22 20 17 11 11 17
split_gain=4.41137 4.40212 4.51289 10.0978 7.05828 5.49949 8.89532 7.56513 3.65222 0.0218594 0.0172628 0.00266379 0.00121965 0.000727183 0.000584374 0.00028194 0.00010179 5.73193e-05 1.39412e-05 1.20575e-05 2.90351e-06 2.66561e-06 5.3868e-07 8.85942e-08 8.00928e-08
threshold=2.6775000000000007 0.93333333333333346 23.500000000000004 2.2035000000000005 17.500000000000004 1.3550000000000002 0.57700000000000007 0.59400000000000008 31.500000000000004 1.3270000000000002 -0.066666666666666638 -1.9719999999999998 0.19600000000000004 0.48333333333333339 -0.40833333333333327 0.36666666666666664 -0.49166666666666659 0.25833333333333336 0.87250000000000016 0.36666666666666664 -5.4999999999999991 0.27700000000000008 8.5000000000000018 1.0000000180025095e-35 0.19600000000000004
decision_type=2 2 2 2 2 2 2 2 2 2 2 2 2 2 2 2 2 2 2 2 2 2 2 2 2
left_child=1 2 5 4 -4 7 -7 -1 -5 12 11 -11 15 -13 16 17 -14 -2 19 21 -21 -3 23 -20 -24
right_child=9 18 3 8 -6 6 -8 -9 -10 10 -12 13 14 -15 -16 -17 -18 -19 22 20 -22 -23 24 -25 -26
leaf_value=0.0018691213101229261 -0.050281157089599654 0.050480908793177695 0.003155642244865932 0.05879177267059485 -0.017848423289690482 -0.0011836588625408282 -0.056473503574993672 -0.020309878236087632 -0.00051464799928600986 -0.059877300345185708 -0.064828326460696681 -0.054762340004046423 -0.050610996431097822 -0.050114563760461063 -0.055718412282698838 -0.053947252338694421 -0.053033800935081865 -0.051531016881879534 0.050006191556276773 0.050270223551543758 0.050367692101637988 0.05072209117319379 0.050118425329544559 0.050062073821147274 0.050197914551029635
leaf_weight=3326.0983030573843 0.45062627244624243 0.29955760482698623 61.161599799990654 7.396906122681683 115.58723821700551 3056.6105436377984 7.2919836362125343 38.897520292041008 3.9995750293601304 0.28113825936452497 1.2477409015409646 0.54485796563676581 0.071966475326917134 0.099530867650173604 0.27902140526566654 0.067815013229846954 0.1090306406840682 0.11517754010856152 0.088320614770054706 2.0763112756831115 1.208966096164658 0.18551022000610828 0.05292982242826838 0.36009083357930649 0.078969400841742754
leaf_count=21138 809 34 518 72 777 22589 172 775 36 16 11 47 64 98 5 1 3 4 758 432 180 14 29 330 23
internal_value=-1.66767e-06 2.69918e-05 -6.0658e-06 -0.00763892 -0.0105802 0.000217314 -0.00131525 0.00161274 0.0379783 -0.058089 -0.0609904 -0.0558162 -0.0523235 -0.0540445 -0.0542831 -0.0509007 -0.0520705 -0.0505356 0.0503053 0.0503404 0.0503061 0.0505731 0.0500772 0.0500511 0.050166
internal_weight=6624.66 6621.39 6617.04 188.145 176.749 6428.9 3063.9 3365 11.3965 3.26691 2.17327 0.925527 1.09364 0.644389 0.460019 0.633619 0.180997 0.565804 4.35066 3.77035 3.28528 0.485068 0.580311 0.448411 0.131899
internal_count=48935 47877 46077 1403 1295 44674 22761 21913 108 1058 172 161 886 145 72 814 67 813 1800 660 612 48 1140 1088 52
is_linear=0
shrinkage=0.05


Tree=192
num_leaves=20
num_cat=0
split_feature=17 18 18 30 14 21 16 21 7 0 7 10 59 21 5 20 17 17 18
split_gain=4.37539 4.35894 4.34148 4.29155 8.05477 4.3873 1.21099 0.0135629 0.00179446 0.0011022 0.000222352 0.000204428 0.000159601 7.83066e-05 5.00951e-05 4.73117e-05 1.61033e-05 1.34738e-05 6.8055e-07
threshold=0.81650000000000011 0.81666666666666676 1.0000000180025095e-35 1.3110000000000002 1.2950000000000002 23.500000000000004 0.31100000000000005 5.5000000000000009 0.63950000000000007 3.5000000000000004 0.37250000000000005 7.5000000000000009 26.500000000000004 -1.4999999999999998 0.32050000000000006 -2.4999999999999996 0.26500000000000007 0.064500000000000016 0.18333333333333332
decision_type=2 2 2 2 2 2 2 2 2 2 2 2 2 2 2 2 2 2 2
left_child=1 2 15 4 -4 -5 -3 8 9 -2 -11 13 -13 -8 18 17 -17 -1 -10
right_child=7 6 3 5 -6 -7 11 -9 14 10 -12 12 -14 -15 -16 16 -18 -19 -20
leaf_value=0.050127433876294127 -0.05571480306768737 0.032744736599027956 0.003983035895745452 0.00047190544962685127 -0.017380855409316193 -0.0072953155158392612 -0.050215667713970402 -0.062711205639800774 -0.050305049630448156 -0.053906254907592967 -0.052890607475714259 -0.050635453081611242 -0.052572164236031886 -0.050697360825346552 -0.05165756433161868 0.050574030721652577 0.051052124085513254 0.050353533507668774 -0.050074306653508018
leaf_weight=0.91671611773927031 0.64927398413419757 0.47742512897821043 81.175951496392372 6244.2738353235836 96.649064151657512 187.25736778543796 3.7421134845681077 0.45206963270902623 0.03569546912331123 1.0129948065441567 1.1513873006915674 0.25138985053854401 0.1844100730959326 1.0893243599566633 0.060703244060277939 0.79847139975026837 0.22597457095980644 2.3430807492113672 0.30497806130733807
leaf_count=1143 8 14 549 41136 581 1446 2812 3 7 18 59 62 9 144 2 98 13 436 395
internal_value=-1.54292e-06 2.87055e-05 6.65204e-05 3.39048e-05 -0.00762838 0.000245759 -0.0435064 -0.0546021 -0.0534618 -0.053908 -0.053366 -0.0504178 -0.051455 -0.0503243 -0.0503343 0.0503831 0.0506795 0.05029 -0.0500985
internal_weight=6623.05 6619.39 6613.64 6609.36 177.825 6431.53 5.74466 3.6671 3.21503 2.81366 2.16438 5.26724 0.4358 4.83144 0.401377 4.28424 1.02445 3.2598 0.340674
internal_count=48935 48443 45402 43712 1130 42582 3041 492 489 85 77 3027 71 2956 404 1690 111 1579 402
is_linear=0
shrinkage=0.05


Tree=193
num_leaves=27
num_cat=0
split_feature=8 18 18 17 24 14 7 16 17 3 18 17 17 14 42 28 14 10 22 22 22 6 22 6 6 6
split_gain=4.39763 4.3351 22.0238 18.4109 14.9411 14.3761 14.1107 13.1888 13.0651 11.2439 10.4787 20.1523 14.1361 7.10388 5.39484 3.26669 0.289007 0.834259 1.21603e-05 2.78e-06 1.46559e-06 9.46299e-07 5.9577e-07 3.43757e-07 2.03371e-07 1.14371e-07
threshold=0.18333333333333332 0.29999999999999999 0.36666666666666675 0.21250000000000002 3.9095000000000004 1.7020000000000002 0.070000000000000021 0.044000000000000004 0.23650000000000002 1.6545000000000003 0.18333333333333332 0.31900000000000006 0.29500000000000004 1.5275000000000001 0.23100000000000004 0.62850000000000017 0.83650000000000013 13.500000000000002 -0.066666666666666638 1.0000000180025095e-35 -0.29999999999999988 0.051500000000000011 -0.19999999999999993 0.042500000000000003 0.042500000000000003 0.046500000000000007
decision_type=2 2 2 2 2 2 2 2 2 2 2 2 2 2 2 2 2 2 2 2 2 2 2 2 2 2
left_child=16 6 3 9 7 -5 8 -4 14 -3 12 -12 -8 -6 -2 -10 17 22 20 21 24 -20 25 -22 -18 -1
right_child=1 2 4 5 13 -7 10 -9 15 -11 11 -13 -14 -15 -16 -17 18 -19 19 -21 23 -23 -24 -25 -26 -27
leaf_value=-0.050010972841134219 -0.041921273267915803 -0.033668671407639135 0.08234280061357914 -0.0017878623132823871 -0.014240836139497413 -0.022570983344030016 -0.01205698058980335 0.00022653333077024483 0.048349002522497554 0.0017702371636448351 0.0074673334363980076 -0.0073787040112307306 0.0040380729741679123 0.031860313969203045 0.0111474400280769 -0.032831498380373532 -0.050014455727577713 0.069254158226429122 -0.050026629865039168 -0.050468077063057497 -0.050018364832987543 -0.050264408974518532 -0.050230160089145971 -0.050132645035950607 -0.05006708222013459 -0.050067767958023604
leaf_weight=0.11983688287000405 5.4676677127135909 100.37830909481272 4.8958060820878009 530.96309490353451 9.8885648036957701 98.669103726395406 293.39452524899389 3944.6732199566031 34.002418214891804 28.804592708765995 912.99281306983903 304.92609724996146 254.98410180356586 53.926202460017521 38.580109785987588 1.2860789553378698 0.20114927718168507 0.20497957454062998 0.044789743376895674 0.18343199684750289 0.069174245640170162 0.63596187718212605 0.052898612892021357 1.3504798555513842 2.1015133364126086 0.34051027632813202
leaf_count=825 164 521 80 2937 111 581 2821 25251 571 259 5500 1596 1501 487 1352 14 909 2 103 29 209 139 39 599 1955 380
internal_value=-1.49149e-06 3.49857e-05 -0.000760853 -0.00857252 0.000716109 -0.00504477 0.00209276 0.000328323 0.0227212 -0.0257667 0.0011662 0.00375038 -0.00457313 0.0247166 0.00456 0.0453904 -0.045508 -0.0160161 -0.0501263 -0.0502953 -0.0500871 -0.0502488 -0.0500712 -0.0501271 -0.0500625 -0.050053
internal_weight=6623.14 6617.83 4772.2 758.815 4013.38 629.632 1845.63 3949.57 79.3363 129.183 1766.3 1217.92 548.379 63.8148 44.0478 35.2885 5.30473 0.718225 4.5865 0.864184 3.72232 0.680752 0.513246 1.41965 2.30266 0.460347
internal_count=48935 43746 30227 4298 25929 3518 13519 25331 2101 780 11418 7096 4322 598 1516 585 5189 1246 3943 271 3672 242 1244 808 2864 1205
is_linear=0
shrinkage=0.05


Tree=194
num_leaves=28
num_cat=0
split_feature=22 18 18 22 6 9 26 18 18 18 40 28 7 16 8 8 2 8 16 14 18 8 18 22 7 15 32
split_gain=4.3093 4.28191 60.3969 8.07576 7.8122 13.2227 9.27944 6.82648 30.4895 18.9503 3.20252 3.70192 4.57959 3.0184 0.129247 0.0331784 0.0177041 0.0106434 0.00341082 0.00309081 0.00146504 0.00097207 0.000443834 0.000308142 0.000103911 1.74705e-05 1.35075e-05
threshold=-0.54444444444444429 0.74166666666666681 0.70000000000000007 1.0000000180025095e-35 0.55800000000000016 1.5845000000000002 0.30400000000000005 0.59166666666666679 0.51666666666666672 0.63333333333333341 0.75350000000000017 0.61150000000000004 0.17500000000000002 0.69800000000000006 0.63333333333333341 0.78888888888888908 14.500000000000002 0.59166666666666679 0.22450000000000003 1.0645000000000002 0.81666666666666676 0.18333333333333332 0.81666666666666676 -0.63333333333333319 0.12750000000000003 -0.35499999999999993 0.30700000000000005
decision_type=2 2 2 2 2 2 2 2 2 2 2 2 2 2 2 2 2 2 2 2 2 2 2 2 2 2 2
left_child=10 2 7 4 5 -3 -6 8 -2 -9 18 22 13 -13 17 -16 -5 -4 -1 -18 21 -20 24 -14 -12 -24 -22
right_child=1 3 14 16 6 -7 -8 9 -10 -11 11 12 23 -15 15 -17 19 -19 20 -21 26 -23 25 -25 -26 -27 -28
leaf_value=-0.058373621563597392 0.00085878442347683847 0.001003751135919415 -0.051906667807268186 0.057306842683831842 -0.060481351601318768 0.028841667432051063 -0.0031062502134596554 0.01026809855105479 -0.0110704084630142 -0.0023439755784039422 -0.053300625449323784 0.12634076217712112 -0.050062773471536218 -0.052967795810327761 -0.05585813367844035 -0.060321778952317266 0.064045024392336586 -0.054211289966768529 -0.050037062381709907 0.061346873851661932 -0.050765511525035591 -0.052738667092072616 -0.051455024276162359 -0.052974431149561546 -0.052439331005011004 -0.0501009979739949 -0.050113512890207261
leaf_weight=0.24037433142075126 4494.0260864718039 143.65980302394019 27.979153488005977 2.3963412252487606 8.4444559680414368 60.671860112459399 42.5892796368571 566.39116360637126 608.11484652473882 628.16452694279724 0.54955881804926299 1.284737945723464 0.10423597112821892 0.28716049111608288 10.611038052389633 6.8509741425514212 2.1012889426201582 6.1024637129157773 0.35458239370927902 2.1447631395421922 0.090747597823792492 5.4605300846742466 0.027477974072098399 0.70852430500963215 0.96525625170761487 0.17908075416562519 0.63732416726998053
leaf_count=4 29949 1804 1126 37 78 549 334 3544 3926 4193 57 82 140 87 144 57 20 103 682 23 14 130 1 76 180 340 1255
internal_value=-9.27082e-07 5.0846e-05 -0.000207684 0.00631481 0.00489906 0.00926962 -0.0126 0.000233563 -0.000563034 0.00363596 -0.0314285 0.00342357 0.0437599 0.093584 -0.0541115 -0.0576094 0.0607429 -0.0523193 -0.0525241 0.0626821 -0.0523092 -0.0525739 -0.0524553 -0.052601 -0.0527518 -0.0502811 -0.0501948
internal_weight=6621.14 6610.25 6348.24 262.008 255.365 204.332 51.0337 6296.7 5102.14 1194.56 10.8896 4.10603 2.38466 1.5719 51.5436 17.462 6.64239 34.0816 6.78356 4.24605 6.54318 5.81511 1.72137 0.81276 1.51482 0.206559 0.728072
internal_count=48935 45887 43042 2845 2765 2353 412 41612 33875 7737 3048 963 385 169 1430 201 80 1229 2085 43 2081 812 578 216 237 341 1269
is_linear=0
shrinkage=0.05


Tree=195
num_leaves=31
num_cat=0
split_feature=8 9 22 8 9 43 8 18 22 22 1 39 5 14 30 36 0 8 8 1 43 44 30 44 18 40 4 13 14 5
split_gain=4.2761 11.4988 12.1991 12.0703 9.28997 8.90185 8.29366 26.9033 12.894 12.1624 8.12135 10.4098 7.16383 16.7858 7.14653 11.2301 7.5877 6.96061 10.121 9.36089 6.71809 6.3667 4.14613 3.92838 4.40425 3.82984 2.60913 2.39171 1.13607 0.232174
threshold=0.78888888888888908 1.7170000000000003 1.0000000180025095e-35 0.8500000000000002 1.7290000000000003 0.74850000000000005 0.70000000000000007 0.56944444444444453 -1.0000000180025095e-35 0.11111111111111106 20.500000000000004 2.7270000000000008 1.4335000000000002 1.5965000000000003 1.6040000000000003 0.59600000000000009 6.5000000000000009 0.59166666666666679 0.51666666666666672 13.500000000000002 0.69100000000000006 0.45150000000000007 1.6065000000000003 0.51250000000000007 0.36666666666666675 0.73150000000000015 0.96650000000000003 1.2365000000000002 1.2095000000000002 0.35500000000000004
decision_type=2 2 2 2 2 2 2 2 2 2 2 2 2 2 2 2 2 2 2 2 2 2 2 2 2 2 2 2 2 2
left_child=6 3 25 23 27 -6 12 10 29 -10 20 -12 17 22 16 -16 -5 18 -1 -19 -8 -15 -14 24 -2 -3 -27 -4 -25 -9
right_child=1 2 4 14 5 -7 7 8 9 -11 11 -13 13 21 15 -17 -18 19 -20 -21 -22 -23 -24 28 -26 26 -28 -29 -30 -31
leaf_value=0.00034802712774993454 0.048934575480812988 -0.0099937700864103016 -0.027539495150462331 0.029548910668818946 0.0087732742725818852 -0.009139151894190024 0.055320252314079416 0.09122924123021342 -0.0054331726367259445 0.04201140582863569 -0.01735873412632671 -0.067070424921855179 -0.038316358956133674 -0.072518705332730277 -0.10122403189800605 0.034526731609407363 -0.018328139275009033 -0.005360505317772768 -0.0060312089861227925 0.0050593177285565127 -0.005486860911338716 0.036382787980490126 -0.094454055835952233 0.077270555373964267 0.017619982265907198 -0.096162564797680566 -0.039565734747730057 -0.097374835640866214 0.045274294878325856 0.073505276898974556
leaf_weight=3551.5728120487511 15.846023790305479 4.2614907335955641 2.2338905532378694 17.410050238773692 220.78445221488073 101.13118678937462 4.7787539607961653 2.7787496410310251 35.283996863872744 21.886808773502707 181.60240885289386 11.179184433538465 18.581447824952196 1.5234251435613249 4.0776814566925159 2.4322087420150638 15.772829794324933 262.06145613902481 753.71498199299094 1214.3035358454799 91.806832169590052 11.276189354190135 3.9964884268119922 4.8984356282744539 38.532100875861943 4.1646087127737683 3.9847299477551132 2.7174189267680049 6.3975883591920137 5.5145597394439392
leaf_count=28048 224 29 23 163 3238 1449 39 18 188 120 1050 65 121 16 37 23 147 1852 3971 6831 628 162 24 29 246 29 30 17 66 52
internal_value=-1.60324e-06 0.00473407 0.000253168 0.0191624 0.00210061 0.00314601 -0.000342779 -0.00776399 0.0211817 0.0127301 -0.0143124 -0.0202415 0.000109905 -0.0223214 -0.00260556 -0.0505052 0.0067915 0.000247161 -0.000768768 0.00320975 -0.00247831 0.0234212 -0.0482532 0.0323187 0.0267452 -0.0484034 -0.0684888 -0.0658671 0.0591492 0.0794439
internal_weight=6616.51 444.645 339.278 105.367 326.867 321.916 6171.86 354.831 65.4641 57.1708 289.367 192.782 5817.03 35.3776 39.6928 6.50989 33.1829 5781.65 4305.29 1476.36 96.5856 12.7996 22.5779 65.6741 54.3781 12.4108 8.14934 4.95131 11.296 8.29331
internal_count=48935 5750 4815 935 4727 4687 43185 2160 378 308 1782 1115 41025 323 370 60 310 40702 32019 8683 667 178 145 565 470 88 59 40 95 70
is_linear=0
shrinkage=0.05


Tree=196
num_leaves=24
num_cat=0
split_feature=8 26 12 59 3 28 41 24 31 0 5 25 3 24 36 19 43 31 15 36 44 41 17
split_gain=4.33722 7.54808 6.70685 7.86363 7.7516 7.77919 7.49401 7.33892 7.21931 9.08834 7.54442 7.11633 6.37994 6.11059 8.03989 7.84573 6.80469 9.93405 6.64375 6.63874 4.75425 1.76415 0.682203
threshold=0.36666666666666675 0.10250000000000002 23.500000000000004 28.500000000000004 2.2245000000000004 0.10650000000000001 0.46650000000000008 3.2415000000000007 0.70450000000000002 12.500000000000002 -1.0754999999999997 506.50000000000006 1.2790000000000001 1.8335000000000001 0.37050000000000005 1.9355000000000002 0.76250000000000007 0.66750000000000009 1.1455000000000002 0.49650000000000005 0.47850000000000004 0.48200000000000004 0.27700000000000008
decision_type=2 2 2 2 2 2 2 2 2 2 2 2 2 2 2 2 2 2 2 2 2 2 2
left_child=2 20 4 6 5 -1 12 -8 9 -5 -10 -7 -4 14 18 -16 19 -18 -3 -15 -2 -6 -22
right_child=1 13 3 8 21 11 7 -9 10 -11 -12 -13 -14 16 15 -17 17 -19 -20 -21 22 -23 -24
leaf_value=-0.077105948799018623 -0.0037452042256114326 -0.016595822206499935 0.008457662352580754 0.012554072920377732 0.039743601973018045 -0.008544834593975684 -0.019095572014499001 0.023301317444056585 0.12031326657121351 -0.030991395054968937 0.01176215526615669 0.0014077703414874169 -0.026800539331072477 0.0032090557469229191 0.019684817481061115 -0.0013961504883194635 -0.018571172804945465 -0.0016391529635836515 0.055802477206226067 -0.0008174978608535507 -0.086672815141622173 0.1170082213290087 -0.052348609713501061
leaf_weight=3.3130903152923556 4.6321221027756092 40.255589005711954 61.76752853517246 22.066114166300395 1.4048294977037579 219.07911633698677 203.5533508057415 10.745995164732447 1.6433670436235832 26.220315944869071 61.584276972324005 996.84866013093779 16.194092548175831 2022.2548113561861 134.64855507429456 65.657595448967186 103.32454709228477 536.01484784308559 3.4395647915662257 2073.0449542228234 3.2751461864681914 1.5582239824943824 2.5942910860758275
leaf_count=25 28 241 576 160 19 2266 1898 55 30 247 597 11242 126 12794 760 686 621 3421 27 13050 21 22 23
internal_value=-6.9276e-07 0.000730197 -0.00224335 -0.00783029 -0.000397611 -0.00059391 -0.0121404 -0.0169696 0.00346591 -0.0110918 0.0145835 -0.000385435 0.00113387 0.000819516 0.00853572 0.0127748 0.000421859 -0.00437556 -0.0108968 0.00117081 -0.041615 0.0803759 -0.0715015
internal_weight=6615.12 4989.14 1625.98 403.775 1222.2 1219.24 292.261 214.299 111.514 48.2864 63.2276 1215.93 77.9616 4978.64 244.001 200.306 4734.64 639.339 43.6952 4095.3 10.5016 2.96305 5.86944
internal_count=48935 31672 17263 3689 13574 13533 2655 1953 1034 407 627 13508 702 31600 1714 1446 29886 4042 268 25844 72 41 44
is_linear=0
shrinkage=0.05


Tree=197
num_leaves=24
num_cat=0
split_feature=6 13 27 18 4 26 23 11 22 24 15 44 5 39 22 22 8 2 4 8 9 10 18
split_gain=4.17192 4.20062 4.47789 5.22208 6.30601 4.87472 8.11676 8.05393 4.05049 5.60126 10.8721 3.28149 2.37056 3.57901 0.0898208 0.000283443 5.73957e-05 5.8036e-05 5.4866e-05 2.16191e-05 1.75414e-05 4.92313e-07 3.31274e-09
threshold=0.041000000000000009 0.25850000000000006 0.16050000000000003 0.12222222222222222 0.89850000000000019 0.13950000000000004 -1.1999999999999995 48.500000000000007 0.19999999999999998 3.0930000000000004 -1.6199999999999999 0.45150000000000007 -0.40799999999999992 2.5310000000000001 0.36666666666666664 0.19999999999999998 0.36666666666666675 1.5000000000000002 1.9665000000000001 0.18333333333333332 0.54000000000000015 5.5000000000000009 0.63333333333333341
decision_type=2 2 2 2 2 2 2 2 2 2 2 2 2 2 2 2 2 2 2 2 2 2 2
left_child=15 8 3 14 -5 7 -7 -4 12 10 -10 -11 -2 -14 -3 16 19 21 -17 22 -21 -18 -1
right_child=1 2 5 4 -6 6 -8 -9 9 11 -12 -13 13 -15 -16 18 17 -19 -20 20 -22 -23 -24
leaf_value=-0.050017724877625937 0.084842513115943874 0.074444955282133407 -0.0034223176140459328 -0.023745590868118095 0.014392612800306764 0.017256690526193143 -9.5589606712372883e-05 -0.028745752967112095 -0.11724286495397361 -0.1116772805617829 0.007753144546715128 0.057775622086363866 -0.031479208674267664 0.060305449925901158 0.057829742910792875 -0.051176756666092976 -0.050341889940116548 -0.051322608026803357 -0.052134037711647756 -0.050565308873679653 -0.050293842995721517 -0.050185891845770075 -0.050008292258277735
leaf_weight=0.28166003123624239 2.9813704453408718 1.027859398163854 263.58911193560198 12.914205229259094 67.43736085598357 68.141905787393625 6125.366120225699 35.643833463502233 1.9624465993838409 0.30058184738299942 15.323331088075067 5.7711817594608874 1.6474369242787386 2.989230418112129 3.8984994604761596 0.33135537419002492 0.15820236864965398 0.33111087614088319 0.27300010854378343 0.99065919569693539 1.4902531965490196 0.074342408712254837 0.13902593040620559
leaf_count=871 16 9 2434 101 561 790 40686 423 27 44 291 368 13 41 78 31 29 33 13 176 654 35 1211
internal_value=-9.71103e-07 3.01923e-05 -5.63087e-05 0.0113266 0.00826299 -0.000205816 9.53228e-05 -0.00643878 0.0183997 0.00807391 -0.0064376 0.0493869 0.0500593 0.0276938 0.0612964 -0.05061 -0.0504357 -0.0508974 -0.0516092 -0.050346 -0.0504022 -0.050292 -0.0500146
internal_weight=6613.06 6608.99 6578.02 85.2779 80.3516 6492.74 6193.51 299.233 30.9756 23.3575 17.2858 6.07176 7.61804 4.63667 4.92636 4.06961 3.46525 0.563656 0.604355 2.9016 2.48091 0.232545 0.420686
internal_count=48935 45882 45082 749 662 44333 41476 2857 800 730 318 412 70 54 87 3053 3009 97 44 2912 830 64 2082
is_linear=0
shrinkage=0.05


Tree=198
num_leaves=26
num_cat=0
split_feature=18 19 17 59 11 40 9 22 21 22 1 9 22 22 22 17 17 11 7 17 17 11 22 7 22
split_gain=4.16147 4.14672 4.12493 4.21473 8.68582 4.37796 0.018608 0.0146529 0.011408 0.00424555 0.00147945 0.00108366 0.000475259 0.000218063 6.412e-05 1.31737e-05 7.0687e-06 6.23485e-06 4.1887e-06 2.02659e-06 1.53646e-06 7.81654e-07 5.80843e-07 2.0066e-07 9.02032e-08
threshold=1.0000000180025095e-35 2.6775000000000007 0.81650000000000011 2.5000000000000004 3.5000000000000004 0.68650000000000011 1.3270000000000002 -1.0000000180025095e-35 5.5000000000000009 -0.14999999999999997 3.5000000000000004 0.7380000000000001 -0.40833333333333327 0.36666666666666664 0.36666666666666664 0.26500000000000007 0.060500000000000005 12.500000000000002 0.35850000000000004 0.049000000000000009 0.26500000000000007 2.5000000000000004 0.5916666666666669 0.14050000000000004 0.5916666666666669
decision_type=2 2 2 2 2 2 2 2 2 2 2 2 2 2 2 2 2 2 2 2 2 2 2 2 2
left_child=14 2 3 4 -2 -5 11 9 10 -8 -4 13 -13 -3 15 17 21 19 20 -1 -18 23 -20 -16 -23
right_child=1 6 8 5 -6 -7 7 -9 -10 -11 -12 12 -14 -15 16 -17 18 -19 22 -21 -22 24 -24 -25 -26
leaf_value=0.050324750705809898 0.01727138736453613 -0.050489826637016059 -0.050088803097787474 -0.0070108236343813472 -0.056230982465651447 0.00013865174816799536 -0.053624994225853206 -0.065409738890449459 -0.06193997011600616 -0.059615158362677272 -0.053659722162385175 -0.052107785163266113 -0.055460670979267414 -0.05361365369042409 0.0500424617349704 0.050992675642074374 0.050228622410047156 0.050741442207212301 0.050502757646695498 0.050539604042807711 0.050335988334455121 0.050212784633262189 0.050376746692382172 0.050105162107942948 0.050155456683769153
leaf_weight=0.15196815913077333 62.354404276469722 0.50219708546865083 0.32453983892628446 221.64026628418651 4.2962085348990504 6313.3178497211593 0.53360245347721513 0.89245213847607363 0.43440952897071827 0.66373651381582033 2.72980847209692 0.17430640690872679 0.26848213572520763 0.062858700752258301 0.23086602361217989 0.25742035312578082 1.2945237074309264 0.39064113888889551 0.19042279198765744 0.39510986534878612 0.44872147717978794 0.12450779229402542 0.1759478768799454 0.28528197802370414 0.15285587245307397
leaf_count=35 893 807 440 1489 307 43006 158 6 3 8 49 73 5 1 894 15 322 29 21 39 77 31 25 149 53
internal_value=-8.53307e-07 -3.20908e-05 -4.96663e-06 2.37577e-05 0.0125335 -0.000103831 -0.057869 -0.0605602 -0.0543586 -0.0569456 -0.0532803 -0.0522887 -0.0541408 -0.0508373 0.0503676 0.0506758 0.0502407 0.0505889 0.0502886 0.0504799 0.0502563 0.0501135 0.0504422 0.0500771 0.0501812
internal_weight=6612.29 6608.2 6605.1 6601.61 66.6506 6534.96 3.09764 2.08979 3.48876 1.19734 3.05435 1.00784 0.442789 0.565056 4.09827 1.19514 2.90313 0.937719 2.10962 0.547078 1.74325 0.793512 0.366371 0.516148 0.277364
internal_count=48935 47245 46187 45695 1200 44495 1058 172 492 166 489 886 78 808 1690 118 1572 103 445 74 399 1127 46 1043 84
is_linear=0
shrinkage=0.05


Tree=199
num_leaves=26
num_cat=0
split_feature=8 8 5 0 27 15 14 7 16 14 10 6 22 18 20 22 17 17 22 7 22 11 11 11 6
split_gain=4.15024 4.11556 4.25687 7.85439 7.79452 11.2056 10.6104 6.2822 6.26719 0.283178 0.778014 1.14625e-05 1.03337e-05 9.60257e-06 2.62944e-06 2.35456e-06 2.22327e-06 1.79859e-06 1.25454e-06 6.37393e-07 5.03873e-07 4.55445e-07 8.7487e-08 3.19844e-08 2.83733e-08
threshold=0.93333333333333346 0.18333333333333332 -0.069999999999999993 7.5000000000000009 0.25650000000000006 -1.3964999999999999 1.6035000000000001 0.26000000000000006 0.54000000000000015 0.83650000000000013 13.500000000000002 0.87250000000000016 -0.066666666666666638 0.63333333333333341 -5.4999999999999991 1.0000000180025095e-35 0.27700000000000008 0.33900000000000002 -0.29999999999999988 0.23900000000000002 -0.19999999999999993 9.5000000000000018 3.5000000000000004 1.0000000180025095e-35 0.91300000000000014
decision_type=2 2 2 2 2 2 2 2 2 2 2 2 2 2 2 2 2 2 2 2 2 2 2 2 2
left_child=1 9 3 8 5 -4 -6 -5 -3 10 20 13 18 14 19 -14 -15 -16 -11 -2 -1 22 23 -13 -24
right_child=11 2 4 7 6 -7 -8 -9 -10 12 -12 21 15 16 17 -17 -18 -19 -20 -21 -22 -23 24 -25 -26
leaf_value=-0.050051403867025605 0.050241766013894032 0.01824867191337998 0.025538808464834879 0.0028804901301647196 -0.0024813684563545647 -4.9619369159218406e-05 -0.015850630045971259 -0.0021163231282293666 -0.013619879785498388 -0.050059504086718658 0.06782913800169614 0.050005239810019177 -0.050236527529890107 0.050450276194062338 0.050328248667012347 -0.050444016001208951 0.050678248060499212 0.050520058975142813 -0.050121038817626432 0.050312215805936804 -0.050219859192006701 0.050168497161715168 0.050121802913915103 0.050044016151094189 0.050069321105498471
leaf_weight=0.42399969583493657 1.5613175072940069 107.98165629955474 43.475799120496958 1600.1658715163212 928.11555245195632 2691.3287265959952 176.65512474370189 1036.4467695390049 17.998708434111904 2.1541576493473258 0.19861664844211191 0.074302961020293767 0.64476693703909393 0.27757010422646988 1.0124912003520865 0.17352807859424502 0.17398284841328859 0.1389938914217056 1.3457399481703762 0.40417297574458655 0.049581610612220994 0.1022665591299301 0.031778424279764295 0.18706205274793319 0.13583099871175364
leaf_count=1205 362 617 688 9929 5590 16875 1223 6888 136 2864 2 758 242 34 165 29 14 15 808 70 39 39 14 224 105
internal_value=-8.49676e-07 -3.20556e-05 2.25285e-06 0.00149902 -0.00107468 0.000357166 -0.00461914 0.000916254 0.0136956 -0.0454213 -0.0152333 0.0502904 -0.0501206 0.0503226 0.0502914 -0.0502805 0.0505381 0.0503514 -0.0500832 0.0502563 -0.050069 0.0500737 0.0500511 0.050033 0.0500793
internal_weight=6611.26 6607.16 6602.17 2762.59 3839.58 2734.8 1104.77 2636.61 125.98 4.99039 0.672198 4.09977 4.31819 3.56853 3.11698 0.818295 0.451553 1.15149 3.4999 1.96549 0.473581 0.531241 0.428974 0.261365 0.167609
internal_count=48935 47135 41946 17570 24376 17563 6813 16817 753 5189 1246 1800 3943 660 612 271 48 180 3672 432 1244 1140 1101 982 119
is_linear=0
shrinkage=0.05


Tree=200
num_leaves=21
num_cat=0
split_feature=9 22 9 23 36 16 16 17 4 26 11 15 44 42 6 15 34 6 22 15
split_gain=4.06696 4.06584 6.74245 6.86675 8.09898 6.90903 6.78247 8.1157 6.36526 9.31597 11.1689 6.72775 4.65055 11.2695 6.47548 0.00890463 0.00584028 0.00160933 0.000682724 0.000366028
threshold=2.7205000000000004 -0.36666666666666653 1.6890000000000003 -0.47799999999999981 0.37050000000000005 0.41550000000000004 0.6170000000000001 0.15900000000000003 2.1705000000000001 0.46500000000000008 21.500000000000004 0.32050000000000006 0.51250000000000007 0.23600000000000002 0.64150000000000007 0.64850000000000019 0.31550000000000006 0.87750000000000006 -0.074999999999999942 -0.67299999999999993
decision_type=2 2 2 2 2 2 2 2 2 2 2 2 2 2 2 2 2 2 2 2
left_child=1 2 3 5 -5 -1 7 -4 12 10 -10 -11 14 -14 -3 -8 -2 -18 -19 -20
right_child=16 8 6 4 -6 -7 15 -9 9 11 -12 -13 13 -15 -16 -17 17 18 19 -21
leaf_value=0.043456898105457747 0.061585599437537969 -0.00019930486296488014 0.12142167231777601 0.03717503918004763 -0.024725877502979013 -0.0046752328791458868 -0.066169563298089887 0.01941026196853813 -0.0010067790860204052 0.069837496495661858 0.058194948057179133 -0.021116594918864438 -0.028378931860210812 0.003329813715685795 -0.0073497859804892698 -0.057426326478215411 0.054659496790157407 0.053275248702716861 0.050520549916921856 0.051688970397470869
leaf_weight=7.999423701898194 0.1603539580428327 4646.9485140855031 2.5869360095821303 5.6857378614804466 74.816835734465712 109.6859434442631 0.36166021227836509 7.915101753998897 61.332630778910243 10.660802303886156 9.1561093225609493 2.5122419330291441 28.639629624201916 1297.4452380599105 339.77296665895847 1.4950330853753255 0.44066385086625848 0.43254592828452709 1.2746818665837065 1.4136195022874725
leaf_count=372 18 28030 23 164 2064 4828 2 143 541 92 60 21 175 8119 2886 103 12 9 999 274
internal_value=-7.04135e-07 -3.01387e-05 -0.00686671 -0.00910107 -0.0203539 -0.00140355 0.0289641 0.0445384 0.000194894 0.013896 0.00668321 0.0524916 1.33175e-05 0.002645 -0.000686507 -0.0591294 0.0522513 0.051831 0.0514316 0.051135
internal_weight=6610.74 6607.01 210.547 198.188 80.5026 117.685 12.3587 10.502 6396.47 83.6618 70.4887 13.173 6312.81 1326.08 4986.72 1.85669 3.72187 3.56151 3.12085 2.6883
internal_count=48935 47623 7699 7428 2228 5200 271 166 39924 714 601 113 39210 8294 30916 105 1312 1294 1282 1273
is_linear=0
shrinkage=0.05


Tree=201
num_leaves=21
num_cat=0
split_feature=18 39 24 44 42 4 17 18 4 27 20 40 16 21 32 23 15 22 21 22
split_gain=4.09261 4.07629 8.98623 7.58412 11.1395 9.58429 6.6387 9.87148 6.41946 6.0548 9.57427 5.85437 4.6093 1.77301 1.16644 0.457604 0.000239102 0.000169872 1.35561e-05 1.06754e-05
threshold=0.81666666666666676 2.7390000000000003 4.2580000000000009 0.51250000000000007 0.23600000000000002 0.57400000000000007 0.41900000000000004 0.54444444444444462 1.4690000000000003 0.25000000000000006 7.5000000000000009 0.75700000000000012 0.36200000000000004 19.500000000000004 0.30700000000000005 0.79249999999999998 -0.14549999999999996 -0.14999999999999997 1.0000000180025095e-35 -0.21111111111111108
decision_type=2 2 2 2 2 2 2 2 2 2 2 2 2 2 2 2 2 2 2 2
left_child=1 3 9 6 12 -6 8 -8 -1 11 -11 -3 -5 15 -2 -4 -16 19 -19 -18
right_child=14 2 13 4 5 -7 7 -9 -10 10 -12 -13 -14 -15 16 -17 17 18 -20 -21
leaf_value=-0.0010965902174579515 0.031901328102674847 -0.031426700042371546 0.085971790850998514 -0.046814040679136242 0.033268696751249972 0.0040849814649284791 -0.0047142877603625682 -0.036085270599800372 0.0030829704552247056 -0.0015769065161869132 0.057065344617889181 -0.0082213239331814358 -0.0079051051594224483 -0.0025188369916034209 -0.051692649259173634 0.053901713633919823 -0.050121879246316225 -0.050743930570043706 -0.051127858277773996 -0.050353735904977485
leaf_weight=3516.6883373981145 0.47118417538513213 32.428241434841766 1.4929584186902491 14.028118115100371 28.886016432337783 1079.4472505407357 316.51863757123647 27.23409674839786 1243.5830980093015 147.12364535496454 7.305873318015073 167.92702978381567 16.640890862676315 1.2976436959725104 0.33529036385880306 4.3627947009626951 3.1255566414256464 0.52036216249689493 0.41192849259823561 0.59020992153091345
leaf_count=22901 23 248 14 101 375 7387 2467 699 9238 968 82 1174 119 22 33 94 2821 43 22 104
internal_value=-8.72376e-07 3.48795e-05 -0.00512391 0.000333959 0.00402305 0.00484558 -0.00048929 -0.00719968 -4.71319e-06 -0.00624261 0.00119739 -0.0119772 -0.0257022 0.0503601 -0.0432933 0.0620782 -0.0504031 -0.0503101 -0.0509136 -0.0501587
internal_weight=6610.42 6604.96 361.938 6243.03 1139 1108.33 5104.02 343.753 4760.27 354.785 154.43 200.355 30.669 7.1534 5.45453 5.85575 4.98335 4.64806 0.932291 3.71577
internal_count=48935 45889 2602 43287 7982 7762 35305 3166 32139 2472 1050 1422 220 130 3046 108 3023 2990 65 2925
is_linear=0
shrinkage=0.05


Tree=202
num_leaves=29
num_cat=0
split_feature=28 6 24 11 5 28 19 4 27 4 23 7 36 4 10 40 31 4 5 21 22 11 7 34 15 43 4 15
split_gain=4.1308 8.53319 9.25206 11.5087 8.69616 7.1852 9.06737 8.43835 8.96201 9.97886 8.12634 7.89652 7.69871 7.45313 7.26746 6.66073 6.63458 5.32583 7.4487 7.81549 5.3876 4.83564 4.80922 3.41737 3.62882 2.35145 0.0539398 0.00516104
threshold=0.37750000000000006 0.77550000000000019 2.7145000000000006 5.5000000000000009 1.2035000000000002 0.35600000000000004 1.9665000000000001 1.2830000000000001 0.27200000000000008 1.2245000000000001 -0.55549999999999977 0.21550000000000002 0.33300000000000007 0.62750000000000006 11.500000000000002 0.77350000000000019 0.80800000000000016 2.7640000000000007 -1.3954999999999997 -8.4999999999999982 -0.43055555555555552 60.500000000000007 0.44200000000000006 0.37350000000000005 -0.40349999999999991 0.75650000000000006 0.79050000000000009 -0.20349999999999999
decision_type=2 2 2 2 2 2 2 2 2 2 2 2 2 2 2 2 2 2 2 2 2 2 2 2 2 2 2 2
left_child=5 17 25 27 -5 7 13 8 10 -10 -1 16 -13 14 -7 -15 -9 18 19 -2 -20 22 -8 -19 -25 26 -3 -4
right_child=1 2 3 4 -6 6 21 11 9 -11 -12 12 -14 15 -16 -17 -18 23 20 -21 -22 -23 -24 24 -26 -27 -28 -29
leaf_value=0.022681000930889109 0.056638362658866216 0.052443372544827421 0.052336370386870702 -0.14396123628031252 -0.04230415388798673 0.072576600828441112 -0.025694083732159662 0.011482847263685272 -0.0051163566569207425 -0.02888461670151184 -0.00034539975351990698 0.040055307143858264 -0.00089827459861408637 0.010892973126135195 -0.018227767057304108 -0.014349442733819313 -0.0035407095109223617 -0.20095554805831026 -0.016353548991823036 0.003888088100502562 -0.0010823823232819251 0.050766969071277847 0.049942683315984449 0.07009488858488537 -0.072411398616315847 -0.033291363449246207 0.067867708678947744 0.058052313827003633
leaf_weight=39.163796788623586 11.234026308215109 1.1049566554502233 1.0671079971943962 3.840726138558237 4.6516754209878854 8.662398839456726 32.33885449317313 398.4518073432555 367.74439718553913 50.186194420326501 1770.4892390532004 11.725748252720221 537.86411145247985 306.77152220800053 2.9552035881788461 28.567293377222086 90.104540358730446 0.40280290246300809 58.947841546327254 18.726974192351918 2854.5273474716378 2.5347983692772678 2.2476591181766699 0.55015716949128624 2.3760464949191369 0.95144332335621573 1.163804139010608 0.626923424657435
leaf_count=326 345 71 255 30 56 71 323 2811 2406 281 12451 73 3440 1954 43 208 640 38 4084 493 18139 19 34 11 266 29 10 28
internal_value=-9.36311e-07 -0.00138885 -0.0411886 -0.0645425 -0.088279 0.00112473 0.0075937 0.000363926 -0.00137116 -0.00797051 0.000152929 0.00408695 -2.45114e-05 0.0101066 0.0494784 0.00874259 0.00871205 -0.00120778 -0.00113629 0.0236671 -0.00139136 -0.0158933 -0.0207787 -0.0644141 -0.0456187 0.0326866 0.0603556 0.0544517
internal_weight=6609.98 2960.17 13.4066 10.1864 8.4924 3649.81 384.078 3265.73 2227.58 417.931 1809.65 1038.15 549.59 346.956 11.6176 335.339 488.556 2946.77 2943.44 29.961 2913.48 37.1213 34.5865 3.32901 2.9262 3.2202 2.26876 1.69403
internal_count=48935 23855 479 369 86 25080 2652 22428 15464 2687 12777 6964 3513 2276 114 2162 3451 23376 23061 838 22223 376 357 315 277 110 81 283
is_linear=0
shrinkage=0.05


Tree=203
num_leaves=30
num_cat=0
split_feature=8 9 8 22 27 6 28 7 8 18 22 22 23 20 19 5 31 44 2 8 8 4 15 18 27 40 4 30 5
split_gain=4.14644 10.3081 11.1605 10.8008 8.69906 9.90055 8.48065 7.90582 7.2666 24.3068 11.8286 11.1575 7.89505 8.14343 6.96753 6.69463 6.63531 8.29081 5.95946 5.90865 9.65941 6.72299 5.70577 6.68221 3.57657 3.43324 2.33828 0.652292 0.190742
threshold=0.78888888888888908 1.7170000000000003 0.8500000000000002 1.0000000180025095e-35 0.22550000000000003 0.47500000000000003 0.46500000000000008 0.14900000000000002 0.70000000000000007 0.56944444444444453 -1.0000000180025095e-35 0.11111111111111106 -0.7054999999999999 -4.4999999999999991 1.9625000000000001 -0.14049999999999999 0.64250000000000018 0.46650000000000008 2.5000000000000004 0.59166666666666679 0.51666666666666672 0.94850000000000001 0.69400000000000006 0.36666666666666675 0.24750000000000003 0.73150000000000015 0.96650000000000003 1.5115000000000001 0.35500000000000004
decision_type=2 2 2 2 2 2 2 2 2 2 2 2 2 2 2 2 2 2 2 2 2 2 2 2 2 2 2 2 2
left_child=8 2 22 25 5 -5 -6 24 14 12 28 -12 -10 -14 19 -9 17 -16 -18 20 -1 -21 23 -2 -4 -3 -27 -24 -11
right_child=1 3 7 4 6 -7 -8 15 9 10 11 -13 13 -15 16 -17 18 -19 -20 21 -22 -23 27 -25 -26 26 -28 -29 -30
leaf_value=0.00080032981533782136 0.049292831975671761 -0.0089292340541102626 -0.027039142831359605 -0.1230564106417994 -0.001486154794257569 0.01486951085013748 -0.046832942656292197 -0.053885484863066657 0.062250009597073011 0.087297788510449448 -0.0050361531688013677 0.040614086202645193 -0.0082071316421125345 -0.025879432484867321 0.03426566930522091 0.012221739781148148 -0.05543075575088649 -0.050767180943159199 -0.0037732845742604812 -0.0020032375373129924 -0.0056817673375557229 0.0057789404869643159 0.041622318687778839 0.011581837765130498 -0.13102490649783891 -0.090342320002968587 -0.036836149589412746 0.069384475537900323 0.07115146432698391
leaf_weight=3256.6115831439965 17.703152324538678 4.2671195704024276 1.7455274411477142 1.3162042498588551 201.33859470130119 113.3111255061267 10.866894316925025 4.3488347870297721 3.4046340137720099 2.7631741957738978 35.280604365107138 21.567443881183863 187.86984896793729 99.823825280880556 3.5345329027586585 32.084030249738134 5.6473883060752987 15.168629097493975 490.95340203859814 392.55493884341558 697.88639191334369 947.07675338117406 2.7696476867422453 34.91431244276464 1.5712746342178432 4.189025894738732 3.983629685593769 8.962475495063698 5.4108716458431445
leaf_count=22702 264 29 25 8 2594 1973 152 32 17 18 188 120 1238 527 68 296 1006 285 5504 2331 3543 5586 23 222 17 29 30 56 52
internal_value=-7.8075e-07 0.00466951 0.0184329 0.000446469 0.00218694 0.0132858 -0.00380833 -0.00239725 -0.000336627 -0.00726958 0.0203696 0.012283 -0.0134433 -0.0143391 8.83655e-05 0.0043308 -0.00546183 -0.0346976 -0.00436074 0.000628593 -0.000343625 0.00349851 0.0313001 0.0242697 -0.0763005 -0.0452814 -0.0642616 0.0628306 0.0766096
internal_weight=6608.93 443.372 104.099 339.273 326.833 114.627 212.205 39.7497 6165.55 356.12 65.0221 56.848 291.098 287.694 5809.43 36.4329 515.304 18.7032 496.601 5294.13 3954.5 1339.63 64.3496 52.6175 3.3168 12.4398 8.17266 11.7321 8.17405
internal_count=48935 5750 935 4815 4727 1981 2746 370 43185 2160 378 308 1782 1765 41025 328 6863 353 6510 34162 26245 7917 565 486 42 88 59 79 70
is_linear=0
shrinkage=0.05


Tree=204
num_leaves=23
num_cat=0
split_feature=8 26 42 2 39 21 3 28 59 24 36 19 15 59 19 42 44 14 0 2 2 14
split_gain=4.18877 6.84619 6.56733 6.58587 7.58132 9.14443 6.9647 7.27696 6.13584 5.62783 7.17056 6.68516 5.96419 5.72066 6.99162 5.94501 4.5254 4.28943 7.74884 2.97774 4.01843 0.579239
threshold=0.36666666666666675 0.10250000000000002 0.32300000000000006 23.500000000000004 2.4490000000000003 -16.499999999999996 2.2245000000000004 0.10650000000000001 28.500000000000004 1.8335000000000001 0.37050000000000005 1.9355000000000002 1.1455000000000002 16.500000000000004 1.7755000000000003 0.26400000000000007 0.47850000000000004 0.83650000000000013 13.500000000000002 27.500000000000004 5.5000000000000009 1.0645000000000002
decision_type=2 2 2 2 2 2 2 2 2 2 2 2 2 2 2 2 2 2 2 2 2 2
left_child=2 16 3 6 5 -5 7 -1 -6 10 12 -12 -3 14 -11 -15 -2 18 -4 20 -19 -18
right_child=1 9 17 4 8 -7 -8 -9 -10 13 11 -13 -14 15 -16 -17 21 19 -20 -21 -22 -23
leaf_value=-0.074668265241120038 -0.0031668587416243468 -0.015621853675345916 -0.059746912836801697 -0.060164713233960714 -0.013061938460316093 0.032673821447866576 0.077088829004924697 0.00010555449531839805 0.0013216917118006708 -0.00012468189100470458 0.018583058325624378 -0.00091593590892061075 0.052870773326755549 -0.00031933923597004139 -0.0074754786987519545 0.0045803384715994632 -0.054991740188388843 0.034161778079307717 0.15106161509278512 0.020000868328161933 -0.039521123758634688 -0.086935195423671452
leaf_weight=3.2627176006935761 4.6261315537849423 40.033199063735083 0.8264598538189627 3.056144712885728 268.67965669003752 20.077764918853063 2.9296185613129628 1190.3668974704597 102.40296852240863 1860.5987834641237 134.68200219905702 65.254406445485074 3.4524657031870438 1264.7190440242412 391.55691269223462 1212.7518778666999 3.0832480225944892 1.9962765995951546 0.92246430936211254 2.8004122704733154 25.31974931111472 2.6294717153650708
leaf_count=24 28 241 27 62 2458 139 39 13244 958 12872 760 686 27 7263 2715 7036 28 41 23 26 222 16
internal_value=-2.03684e-07 0.000718238 -0.00220665 -0.00175645 -0.0073614 0.0204092 9.01485e-05 -9.88354e-05 -0.00909267 0.000802739 0.00821691 0.0122191 -0.010184 0.00042115 -0.00140268 0.00207911 -0.0399268 -0.0246816 0.0514434 -0.0291023 -0.0341363 -0.0696948
internal_weight=6606.03 4983.39 1622.64 1590.78 394.217 23.1339 1196.56 1193.63 371.083 4973.05 243.422 199.936 43.4857 4729.63 2252.16 2477.47 10.3389 31.8654 1.74892 30.1164 27.316 5.71272
internal_count=48935 31672 17263 16924 3617 201 13307 13268 3416 31600 1714 1446 268 29886 15587 14299 72 339 50 289 263 44
is_linear=0
shrinkage=0.05


Tree=205
num_leaves=26
num_cat=0
split_feature=6 36 3 13 4 28 21 44 18 18 17 17 17 18 17 11 30 30 7 3 4 41 1 23 1
split_gain=4.06606 6.20989 6.45038 5.69811 5.36129 5.24137 15.0607 4.49518 4.42772 9.05513 24.8429 11.5117 9.92925 8.2869 38.5371 10.1092 7.51102 7.27295 11.4876 9.37916 4.07247 4.02308 5.34844 3.91111 0.00348276
threshold=0.10400000000000001 0.33300000000000007 0.62750000000000006 0.86850000000000016 1.3965000000000003 0.58050000000000013 -27.499999999999996 0.47850000000000004 0.074999999999999969 0.14999999999999999 0.31400000000000006 0.13450000000000004 0.43900000000000006 0.21111111111111114 0.27900000000000008 1.5000000000000002 1.6825000000000003 1.429 0.52300000000000013 1.3920000000000001 1.7635000000000003 0.44500000000000006 6.5000000000000009 0.23100000000000001 7.5000000000000009
decision_type=2 2 2 2 2 2 2 2 2 2 2 2 2 2 2 2 2 2 2 2 2 2 2 2 2
left_child=1 2 4 21 -1 6 -5 -7 16 10 11 -10 -12 14 -11 -15 17 19 -19 -2 -4 22 -3 -23 -6
right_child=8 3 20 5 24 7 -8 -9 9 13 12 -13 -14 15 -16 -17 -18 18 -20 -21 -22 23 -24 -25 -26
leaf_value=0.11916567658806672 0.0031471307237204622 0.098745110063228003 0.044425730081993957 0.20275080468521911 -0.062594165804555499 0.0057036488669069581 -0.0020478691585267528 -0.044649245546087138 -0.086502769046199537 0.019153539421939411 0.0014700500518425531 -0.018303022401605317 0.038245422270867982 0.055865703203203804 -0.009580903281751034 -0.00026858218914921301 -0.079409725807411707 0.016809318180112262 -0.11342771998745427 -0.050025015044975911 0.18294736872831424 -0.065313949520047543 -0.066001662647263357 0.01355018227894275 -0.057927373471442549
leaf_weight=0.56196086881754981 47.427942915252061 1.0734751658455923 1.1410772282251858 0.91909140782081422 0.82791754343634216 6.5222489974512454 38.57204636136521 13.833066375689667 6.4152367115020743 269.12156896427041 138.60301258444088 174.27063120965613 21.156086630304344 8.0321652178536151 206.00221344913007 5508.2911532220605 2.4491050438155062 131.40184502916964 1.7152774553978805 10.051016121920837 0.9917544202908174 10.540467149359754 0.91049177665263403 1.8476863806245081 0.77310032713285182
leaf_count=34 537 48 26 13 32 355 2109 822 54 2006 866 1125 119 162 1233 35938 37 2524 17 285 24 438 7 109 15
internal_value=-5.13789e-07 -0.0113111 0.0471371 -0.0146941 -0.0137033 -0.00790489 0.00271848 -0.0285152 0.000135586 -9.18369e-05 -0.00802402 -0.0207244 0.00634003 0.000358884 0.00669498 -0.000186847 0.00759507 0.00871306 0.0151312 -0.00615078 0.108837 -0.0429649 0.0231387 -0.0535514 -0.0603407
internal_weight=6603.45 78.5144 4.29581 74.2186 2.16298 59.8465 39.4911 20.3553 6524.94 6331.89 340.445 180.686 159.759 5991.45 475.124 5516.32 193.045 190.596 133.117 57.479 2.13283 14.3721 1.98397 12.3882 1.60102
internal_count=48935 4032 131 3901 81 3299 2122 1177 44903 41503 2164 1179 985 39339 3239 36100 3400 3363 2541 822 50 602 55 547 47
is_linear=0
shrinkage=0.05


Tree=206
num_leaves=25
num_cat=0
split_feature=8 17 8 18 18 14 16 6 6 42 8 6 22 18 20 17 17 22 7 11 17 11 11 59
split_gain=3.92014 3.90574 3.8711 3.82309 3.75347 0.278972 0.709681 0.00907485 0.00102323 0.000115509 5.1037e-05 9.58322e-06 8.849e-06 8.50158e-06 2.3423e-06 1.92138e-06 1.40195e-06 9.89281e-07 5.26171e-07 3.80695e-07 5.85648e-08 5.21282e-08 2.24108e-08 6.36602e-09
threshold=0.93333333333333346 0.81650000000000011 0.18333333333333332 1.0000000180025095e-35 0.81666666666666676 0.83650000000000013 0.19600000000000004 0.66100000000000014 0.14050000000000004 0.26600000000000007 0.36666666666666675 0.87250000000000016 -0.066666666666666638 0.63333333333333341 -5.4999999999999991 0.27700000000000008 0.33900000000000002 0.51666666666666683 0.23900000000000002 8.5000000000000018 0.19600000000000004 3.5000000000000004 1.0000000180025095e-35 7.5000000000000009
decision_type=2 2 2 2 2 2 2 2 2 2 2 2 2 2 2 2 2 2 2 2 2 2 2 2
left_child=1 2 5 10 -5 6 -1 8 17 -10 -4 13 -7 14 18 -15 -16 -3 -2 21 -21 22 -13 -23
right_child=11 7 3 4 -6 12 -8 -9 9 -11 -12 19 -14 15 16 -17 -18 -19 -20 20 -22 23 -24 -25
leaf_value=0.064796585616635191 0.050229848705546434 -0.050049518887995685 0.050636588212280731 3.4428070767454108e-05 -0.042859937903223622 -0.050079591745073072 -0.050066855086870615 -0.059216962222594517 -0.053536052308736919 -0.052830880426340557 0.050234370270269703 0.050004635097755573 -0.050267096154163998 0.050431427762884229 0.050314524383048058 0.05064808265814455 0.050488384038489736 -0.050324190753426937 0.050295684603548142 0.050103726308380281 0.050176854493775486 0.050063254617669584 0.050039128723327567 0.050090786525899406
leaf_weight=0.19529981570667487 1.4814672537904701 0.26621091169363342 1.1230908624129363 6580.1688135546283 5.103980500745819 3.3001658045577642 0.43177355361331138 0.70066656172275532 1.1177166271954777 1.2087182663381097 2.6487464648816967 0.065722527357138349 0.77747101653949346 0.26557410322129715 0.96926145418547049 0.16648450819775462 0.13170745596289635 0.037385394331067801 0.38167673815041792 0.045131482052966021 0.069600473972968757 0.10565557196969166 0.16608790002646856 0.02620304113952443
leaf_count=9 362 434 118 38583 1999 3653 1213 6 21 25 797 758 271 34 165 14 15 6 70 29 23 90 224 16
internal_value=-1.79802e-07 -2.97091e-05 -2.36605e-06 3.00064e-05 1.18237e-06 -0.0453407 -0.014293 -0.0541605 -0.0528134 -0.0531697 0.0503541 0.0502782 -0.0501153 0.0503077 0.0502775 0.0505149 0.0503353 -0.0500833 0.0502433 0.0500687 0.0501481 0.0500436 0.0500293 0.0500687
internal_weight=6600.95 6597.08 6593.75 6589.04 6585.27 4.70471 0.627073 3.3307 2.63003 2.32643 3.77184 3.87457 4.07764 3.39617 2.96411 0.432059 1.10097 0.303596 1.86314 0.478401 0.114732 0.363669 0.23181 0.131859
internal_count=48935 47135 46643 41497 40582 5146 1222 492 486 46 915 1800 3924 660 612 48 180 440 432 1140 52 1088 982 106
is_linear=0
shrinkage=0.05


Tree=207
num_leaves=31
num_cat=0
split_feature=8 7 22 2 11 20 17 7 9 41 3 5 7 2 39 9 40 17 42 26 39 13 27 33 2 41 12 40 22 7
split_gain=3.73859 50.5797 14.6761 14.1219 11.1714 7.30757 5.41492 17.2239 13.3201 11.4179 14.3226 10.8008 7.66952 6.68818 6.37618 10.2365 9.78123 5.42393 5.21887 5.03265 3.83502 15.289 10.6288 7.64569 2.70421 1.95143 1.89594 4.70995 2.29146 0.459984
threshold=0.23611111111111113 0.26800000000000007 1.0000000180025095e-35 15.500000000000002 29.500000000000004 -7.4999999999999991 1.0000000180025095e-35 0.049000000000000009 1.5580000000000003 0.49400000000000005 2.5580000000000003 0.36550000000000005 0.59400000000000008 3.5000000000000004 2.6440000000000006 2.2455000000000003 0.73150000000000015 0.12250000000000001 0.21900000000000003 0.63050000000000017 2.5085000000000002 1.7805000000000002 0.19750000000000004 0.16150000000000003 14.500000000000002 0.47050000000000003 28.500000000000004 0.74150000000000016 0.12222222222222222 0.08900000000000001
decision_type=2 2 2 2 2 2 2 2 2 2 2 2 2 2 2 2 2 2 2 2 2 2 2 2 2 2 2 2 2 2
left_child=1 2 3 5 -5 -1 7 9 11 18 -11 -9 14 -10 15 -8 -16 -14 -2 -19 21 23 -23 -3 29 -26 28 -28 -22 -4
right_child=6 20 24 4 -6 -7 12 8 13 10 -12 -13 17 -15 16 -17 -18 19 -20 -21 26 22 -24 -25 25 -27 27 -29 -30 -31
leaf_value=0.12575270860377782 0.041868434622787339 0.037997619387931364 0.069991320104214216 0.030138733564948783 -0.00054932360759268591 -0.01159746675836185 -0.00045129100811406079 0.0079873668826137938 0.059609648857075086 -0.023136639907509124 -0.16902945962095836 -0.048842320777585713 0.060756805939192061 0.022976308129160499 -0.010085136299453037 -0.01374486483651345 0.0040587371414800783 -0.027791250250780764 -0.0015090633103675283 0.029740130730369515 -0.043545016903922505 -0.055540284358780223 0.26602233437522033 -0.046829055693401789 0.0063407412823357464 0.05713330444072702 0.035836849210494924 -0.061119609864390592 -0.093747817949584297 0.098958684942560896
leaf_weight=0.97811960242688556 7.6031906044117923 3.3464637150536936 2.7731164048891506 61.654240999472677 57.140554783363768 97.447746241259665 4177.8663449133164 124.08881407114677 14.672218603722284 42.629332445358159 1.7513719498820126 8.9647496456454956 2.0206517940387121 82.610335534380283 133.8476433622418 150.01353257594019 1408.9327736981795 44.282460388989421 78.789479396931711 4.1582028296834315 62.080686334502388 0.38546706604756653 0.77092938527857768 12.881950720729945 2.9423115127719921 5.2924134554341435 2.4637214309695983 2.5479832640558016 2.3593711466528466 2.7094394960440695
leaf_count=7 143 115 23 805 1293 2559 24876 804 249 667 170 66 10 734 840 1358 8754 805 1321 53 2507 35 78 446 19 36 59 71 15 17
internal_value=-2.03944e-07 -0.00529134 0.00694079 0.00377333 0.0153777 -0.0102325 0.000267438 0.00621161 0.0144396 -0.00828072 -0.0288939 0.00415835 -9.50773e-05 0.0285014 7.1758e-05 -0.000912075 0.00283165 -0.0195047 0.00230848 -0.0228527 -0.0378222 -0.0168202 0.158834 -0.0293369 0.0570992 0.0389848 -0.0430793 -0.0134564 -0.0453831 0.0843068
internal_weight=6600.01 317.775 230.938 217.221 118.795 98.4259 6282.23 361.109 230.336 130.773 44.3807 133.054 5921.12 97.2826 5870.66 4327.88 1542.78 50.4613 86.3927 48.4407 86.8366 17.3848 1.1564 16.2284 13.7173 8.23472 69.4518 5.0117 64.4401 5.48256
internal_count=48935 8085 4759 4664 2098 2566 40850 4154 1853 2301 837 870 36696 983 35828 26234 9594 868 1464 858 3326 674 113 561 95 55 2652 130 2522 40
is_linear=0
shrinkage=0.05


Tree=208
num_leaves=28
num_cat=0
split_feature=39 24 44 42 4 36 26 26 18 36 17 18 18 18 3 4 8 7 28 20 14 22 20 17 1 35 15
split_gain=3.87751 8.24478 6.71552 9.86177 8.8703 7.68729 5.98409 8.99922 6.86157 10.8573 5.84491 9.14709 14.5081 8.77779 5.52879 5.528 7.64876 7.54718 5.48633 5.40851 5.27367 5.00882 3.6013 3.12769 1.40191 0.278397 0.199076
threshold=2.7390000000000003 4.2580000000000009 0.51250000000000007 0.23600000000000002 0.57400000000000007 0.58600000000000008 0.47700000000000004 0.49150000000000005 0.21111111111111114 0.46050000000000008 0.41900000000000004 0.54444444444444462 0.51666666666666672 0.63333333333333341 1.2245000000000001 1.4690000000000003 0.59166666666666679 0.37250000000000005 0.51200000000000012 1.0000000180025095e-35 1.4310000000000003 -1.0000000180025095e-35 -8.4999999999999982 0.22450000000000003 31.500000000000004 0.63650000000000018 -0.67299999999999993
decision_type=2 2 2 2 2 2 2 2 2 2 2 2 2 2 2 2 2 2 2 2 2 2 2 2 2 2 2
left_child=2 6 10 18 19 -6 8 23 9 -2 15 12 -12 -13 -10 16 -1 -17 22 -5 -9 -20 -4 -8 25 -3 -27
right_child=1 24 3 4 5 -7 7 20 14 -11 11 13 -14 -15 -16 17 -18 -19 21 -21 -22 -23 -24 -25 -26 26 -28
leaf_value=-0.0030182340704083088 0.050622443146658827 0.036658859697323222 -0.059502645051118554 0.039284813866947543 0.005421293112121188 -0.0072672506583760822 -0.035778699193257713 -0.030994958065901565 -0.013491220853204281 -0.0093579667425346801 -0.0084575407489023494 -0.057389515418086616 0.024112481765667923 0.0022228593886587504 0.0022515198489108097 0.0038890140648597743 0.0017115292919479431 -0.01161018442171219 -0.029965608360631415 -0.033394532185352988 -0.0044492170161737057 -0.13119520183545177 -0.0069712311552977803 -0.098050440985656809 0.0049678253349146294 0.057985884070720174 0.080006026999553448
leaf_weight=2046.7168810064722 14.953263040137246 1.0058822690116347 3.8362304905604168 25.708502113226135 941.36714148330793 136.70283862493307 4.0088410640018974 26.169303839084023 103.81909099384939 15.227971072134094 276.7171247840015 16.504620779618566 39.011433218067396 9.8669447451466095 120.50706143973002 1157.838670093297 1467.7609702747031 84.258473807694827 2.9492293960647658 2.8427909244928733 65.634172661553748 2.08646385292377 21.818194308612874 4.057129102293402 1.43663475291396 2.9078503126911524 1.586348653509049
leaf_count=13114 112 19 31 344 6886 991 32 187 946 115 2187 268 280 457 797 9499 10961 873 44 38 465 13 146 19 21 73 17
internal_value=-4.34706e-07 -0.0050363 0.000291344 0.00376548 0.00454084 0.00381234 -0.00609302 -0.0164652 -0.00202294 0.0203593 -0.000483597 -0.00679609 -0.00443319 -0.0350855 -0.00503429 -2.95928e-05 -0.00104293 0.00283762 -0.0241926 0.0320483 -0.0120163 -0.0719086 -0.0148265 -0.067101 0.0489487 0.0604366 0.0657585
internal_weight=6597.3 361.314 6235.99 1137.31 1106.62 1078.07 354.377 99.8694 254.507 30.1812 5098.68 342.1 315.729 26.3716 224.326 4756.57 3514.48 1242.1 30.6901 28.5513 91.8035 5.03569 25.6544 8.06597 6.93672 5.50008 4.4942
internal_count=48935 2803 46132 8493 8259 7877 2673 703 1970 227 37639 3192 2467 725 1743 34447 24075 10372 234 382 652 57 177 51 130 109 90
is_linear=0
shrinkage=0.05


Tree=209
num_leaves=30
num_cat=0
split_feature=41 19 7 39 8 40 40 5 27 3 25 42 44 44 15 44 6 29 3 3 0 39 31 37 32 28 27 37 15
split_gain=3.93849 8.55647 7.71833 7.45823 13.2301 8.87231 7.94147 7.62478 7.39944 8.81707 6.99582 6.43825 9.32503 6.38011 8.71944 11.8563 7.77368 6.71889 6.17342 21.7662 5.98182 5.78945 7.07999 6.70477 5.31512 4.21468 3.56851 2.02833 1.52524
threshold=0.51050000000000006 0.55800000000000016 0.39650000000000007 2.6440000000000006 0.23611111111111113 0.77000000000000013 0.73150000000000015 -1.1634999999999998 0.25850000000000006 1.6450000000000002 511.50000000000006 0.26250000000000007 0.53150000000000019 0.44700000000000006 -1.4914999999999998 0.51150000000000018 0.42600000000000005 2.3355000000000001 0.82700000000000007 0.87750000000000006 4.5000000000000009 2.5995000000000004 0.75550000000000017 0.39350000000000007 0.5415000000000002 0.10900000000000001 0.27200000000000008 0.54100000000000015 -1.0409999999999997
decision_type=2 2 2 2 2 2 2 2 2 2 2 2 2 2 2 2 2 2 2 2 2 2 2 2 2 2 2 2 2
left_child=3 2 25 5 18 21 20 -8 10 -10 -7 -4 -13 16 15 -15 24 -16 28 -20 -6 23 -23 -1 -3 -2 -27 -18 -5
right_child=1 13 11 4 6 8 7 -9 9 -11 -12 12 -14 14 17 -17 27 -19 19 -21 -22 22 -24 -25 -26 26 -28 -29 -30
leaf_value=0.0095709535349563363 -0.051431319377669371 0.021073818314846296 -0.063383577398784918 0.02901348778017972 0.013799433966639194 -0.011205558529386019 0.062011604491954635 0.008061307816134726 -0.015632253756488523 -0.063605871217527685 0.014745176392730673 0.059141237833918947 -0.037748592967611433 -0.0010358653959726197 0.0022312784175506331 -0.15054789446762659 0.072031745312228904 -0.0055000657452806976 0.097711467121818163 -0.03359670493857287 -0.014579552286308643 -0.0089159496985106081 0.0019502163068862246 0.00054960120940535605 -0.040829785758257207 0.0392290939063034 0.0065216841087940266 0.023813714363913857 -0.065428446227947121
leaf_weight=219.42841414778377 1.643217235112387 9.9339814209561172 4.6618161642400073 0.44957159584737283 25.423584320866212 94.753074669963098 6.6181452202145001 627.4959331958562 46.808950729981007 12.041493799231828 35.776164806466113 4.6865515482058964 5.2823642675066367 3.0020969317702102 394.41920939552074 2.3749549795902567 6.6897029695101065 977.35298679397965 3.7656695057521601 19.493946023842 68.866969837603392 343.17223859400474 266.18108889705036 3355.2006092366028 5.32695311619318 30.229019903163135 11.516508930384587 3.236056431371253 8.7127210628241283
leaf_count=1536 21 77 33 16 185 732 47 4141 326 83 258 52 43 32 2750 20 44 7198 67 474 423 2524 1997 24734 36 537 147 22 380
internal_value=-4.95916e-07 -0.00229162 0.0165244 0.000651186 0.00522014 -0.000143667 0.00661119 0.00862438 -0.0107291 -0.0254482 -0.00409284 -0.0148807 0.00780091 -0.00307011 -0.0035262 -0.0670729 0.021868 -0.00327711 -0.0260318 -0.0123383 -0.00692772 0.000335462 -0.00416933 0.00110338 -0.000534137 0.0271142 0.030206 0.0563114 -0.0607944
internal_weight=6594.54 1460.36 58.0195 5134.19 760.827 4373.36 728.405 634.114 189.38 58.8504 130.529 14.6307 9.96892 1402.34 1377.15 5.37705 25.1867 1371.77 32.4219 23.2596 94.2906 4183.98 609.353 3574.63 15.2609 43.3887 41.7455 9.92576 9.16229
internal_count=48935 11012 833 37923 5733 32190 4796 4188 1399 409 990 128 95 10179 10000 52 179 9948 937 541 608 30791 4521 26270 113 705 684 66 396
is_linear=0
shrinkage=0.05


Tree=210
num_leaves=20
num_cat=0
split_feature=14 0 7 21 17 40 27 8 21 13 7 28 36 6 36 21 22 13 44
split_gain=3.85449 3.99441 5.59795 3.82346 13.4818 6.42243 4.031 4.95312 5.13913 4.50358 5.77259 4.34235 2.56956 2.36593 2.34285 1.87639 1.57998 0.785471 0.00227126
threshold=0.26150000000000007 14.500000000000002 0.16350000000000003 38.500000000000007 0.29500000000000004 0.73150000000000015 0.16050000000000003 0.23611111111111113 -25.499999999999996 0.25850000000000006 0.24550000000000002 0.67400000000000015 0.31750000000000006 0.74550000000000016 0.61750000000000005 41.500000000000007 -0.066666666666666638 0.49150000000000005 0.40400000000000008
decision_type=2 2 2 2 2 2 2 2 2 2 2 2 2 2 2 2 2 2 2
left_child=1 12 17 6 5 -5 7 16 -9 10 -8 -11 -1 14 -14 -7 -2 -3 -19
right_child=3 2 -4 4 -6 15 9 8 -10 11 -12 -13 13 -15 -16 -17 -18 18 -20
leaf_value=0.11127877742131885 -0.058473237408692362 0.065334895935475437 0.22096136898505692 -0.04380962485273536 -0.10897213372769654 0.06427820498747433 0.047869473599891854 0.081480457633772346 0.011165481202616854 6.1716089865803048e-05 0.0022788379251903303 -0.0086742602805950971 -0.065133004843267825 0.070313402131555736 0.065769775902846606 -0.00085123942180193491 0.043037501135581108 -0.06144734949164489 -0.054140148576832518
leaf_weight=0.25040561396235528 3.1865160705892781 0.17962235212326028 0.35074700606128317 3.7320572668686491 3.6141254401300094 3.3596826696884818 11.123890869905155 2.6878057327703564 78.268093283371854 6312.9031205626889 18.474282903014682 145.52575142540081 6.5381255014708586 0.37718927324749518 0.36066766760268354 1.648505314486101 0.43574330944102158 0.15164244983679964 0.3559790008202981
leaf_count=5 176 1 31 33 27 39 649 28 594 44846 168 1579 537 3 18 20 4 2 175
internal_value=-4.05831e-07 -0.0335219 0.0584267 4.31921e-05 -0.0277463 0.00584092 9.54273e-05 0.0109406 0.0135 -4.59502e-05 0.0194132 -0.000135129 -0.0462028 -0.0516226 -0.0582894 0.0428401 -0.0462619 -0.0245258 -0.056323
internal_weight=6593.52 8.56438 1.03799 6584.96 12.3544 8.74025 6572.61 84.5782 80.9559 6488.03 29.5982 6458.43 7.52639 7.27598 6.89879 5.00819 3.62226 0.687244 0.507621
internal_count=48935 772 209 48163 119 92 48044 802 622 47242 817 46425 563 558 555 59 180 178 177
is_linear=0
shrinkage=0.05


Tree=211
num_leaves=25
num_cat=0
split_feature=8 17 21 15 28 28 28 24 21 1 40 7 18 17 14 7 22 1 7 15 2 19 18 37
split_gain=3.73132 3.68196 3.65797 4.96924 5.83485 4.59854 6.10423 5.22987 0.00958985 0.00100724 0.000280945 7.95051e-06 6.93795e-06 1.57607e-06 1.5465e-06 9.6693e-07 7.45674e-07 7.44833e-07 3.25127e-07 2.47635e-07 5.28803e-08 3.66942e-08 1.43616e-08 4.44494e-12
threshold=0.93333333333333346 0.81650000000000011 23.500000000000004 -0.11649999999999998 0.30400000000000005 0.37750000000000006 0.35600000000000004 1.8335000000000001 5.5000000000000009 3.5000000000000004 0.73150000000000015 0.051500000000000011 0.63333333333333341 0.27700000000000008 1.0815000000000003 0.31900000000000006 0.51666666666666683 14.500000000000002 0.23200000000000004 0.19600000000000004 6.5000000000000009 0.20550000000000004 0.51666666666666672 0.65800000000000014
decision_type=2 2 2 2 2 2 2 2 2 2 2 2 2 2 2 2 2 2 2 2 2 2 2 2
left_child=1 2 5 4 -4 6 -1 -7 9 16 -11 17 14 -14 18 -16 -3 21 -13 20 -19 23 -23 -2
right_child=11 8 3 -5 -6 7 -8 -9 -10 10 -12 12 13 -15 15 -17 -18 19 -20 -21 -22 22 -24 -25
leaf_value=0.00069675123578725301 0.050004266044063161 -0.050045471314320057 -0.006891271799763829 0.045026262990454494 -0.071928309023829309 0.0043340504299209867 0.0073983082796066583 -0.0020438720247203663 -0.061130666613601295 -0.053788689065809386 -0.052722446290250191 0.05032092808465493 0.050408658504090036 0.050609206067705206 0.050240670470264329 0.050392916489443065 -0.05029520009806572 0.050058129415895963 0.050411332052957926 0.050215158384093142 0.050129665823250937 0.050041616153345937 0.050072650487778585 0.050006362687250505
leaf_weight=3065.887369643955 0.059065463734440882 0.24274243593390554 180.67115719022695 4.5036911517381659 3.5157524487003675 367.12444089650671 382.15125876395541 2581.8168242314969 0.41035453975200642 1.2380948364734652 1.2331239115446804 0.39722655341029245 0.24930053832940746 0.16138675715774298 2.0718162752746143 0.1098180916160344 0.034089644439518452 0.032053306058514863 0.1326695024035871 0.1010378795908764 0.1331250783696305 0.19370211110799573 0.046162651618942618 0.0026409090532979454
leaf_count=19496 731 434 1351 24 28 5071 2544 18129 3 22 27 67 34 15 481 15 6 36 18 29 63 252 33 26
internal_value=-3.89143e-07 -2.85396e-05 -2.65508e-06 -0.00686389 -0.0081327 0.00019973 0.00143949 -0.00124986 -0.0540009 -0.0529363 -0.0532566 0.0502647 0.050296 0.0504875 0.0502669 0.0502483 -0.0500762 0.0500925 0.0503436 0.0501535 0.0501158 0.0500387 0.0500476 0.0500044
internal_weight=6592.52 6588.83 6585.67 188.691 184.187 6396.98 3448.04 2948.94 3.15841 2.74805 2.47122 3.69001 3.12222 0.410687 2.71153 2.18163 0.276832 0.567787 0.529896 0.266216 0.165178 0.301571 0.239865 0.0617064
internal_count=48935 47135 46643 1403 1379 45240 22040 23200 492 489 49 1800 630 49 581 496 440 1170 85 128 99 1042 285 757
is_linear=0
shrinkage=0.05


Tree=212
num_leaves=27
num_cat=0
split_feature=6 18 30 14 2 22 18 17 8 22 22 10 8 8 17 15 18 17 15 17 7 14 11 18 22 18
split_gain=3.68231 3.66239 3.61142 7.49485 7.33759 6.91313 4.5806 4.24287 0.000234377 0.000166746 9.35137e-05 5.28175e-05 4.29836e-05 1.66812e-05 1.76722e-05 1.27362e-05 1.20109e-05 9.66485e-06 7.66884e-06 4.98643e-06 3.17169e-06 3.10776e-06 5.30502e-07 2.00432e-09 9.22559e-10 3.58639e-10
threshold=0.041000000000000009 1.0000000180025095e-35 1.3110000000000002 1.2950000000000002 22.500000000000004 0.29999999999999999 0.81666666666666676 0.44600000000000006 0.36666666666666675 -0.14999999999999997 0.29999999999999999 8.5000000000000018 0.36666666666666675 0.18333333333333332 0.32700000000000007 -0.77549999999999997 0.51666666666666672 0.24550000000000002 -1.0000000180025095e-35 0.060500000000000005 0.35850000000000004 1.9245000000000003 2.5000000000000004 0.63333333333333341 -0.066666666666666638 0.81666666666666676
decision_type=2 2 2 2 2 2 2 2 2 2 2 2 2 2 2 2 2 2 2 2 2 2 2 2 2 2
left_child=8 12 3 4 -3 -5 7 -4 13 -8 11 16 17 23 15 -15 -10 21 -16 22 -21 -2 -14 24 -1 -25
right_child=1 2 6 5 -6 -7 9 -9 10 -11 -12 -13 19 14 18 -17 -18 -19 -20 20 -22 -23 -24 25 -26 -27
leaf_value=-0.050013587168246082 0.050561455771388722 0.012638487828334431 0.00052210604144655424 -0.022576779113787023 -0.022365318885300741 0.01299646943003876 -0.050217098480482295 -0.0054396164989441859 -0.050841230088380387 -0.050962368307896883 -0.052163985588026797 -0.051461582327404165 0.050069170537977825 -0.05093194612946135 -0.050370180303735426 -0.050458779937577636 -0.050313277342839857 0.05082584932924842 -0.050108749258508334 0.050229788464323438 0.05040041995076941 0.050332260139825571 0.050160979648053605 -0.05000871204047496 -0.050021783335513451 -0.050002415895349775
leaf_weight=0.19151593958667945 0.52390735456719928 61.615083510725526 6089.4190161204897 79.715128537733108 19.776864750892855 16.481030806608032 3.5208303192048334 313.8195551277895 0.2751421933644449 0.95386458886787195 0.21495142416097224 0.33682543548638932 0.43862804041418746 0.16703873639926314 0.60501065128482878 0.95707303456583781 0.17704711492115166 0.32128210598602891 0.52300821746757697 1.5511319862998787 0.33033981127664436 0.2060794715071097 0.24536316057492513 0.072579678460897412 0.041832320828689151 0.032856693416761118
leaf_count=755 51 395 38545 428 123 121 2163 2350 39 67 14 33 1043 11 109 194 53 23 518 399 46 44 84 465 116 746
internal_value=-3.19736e-07 2.72822e-05 -3.43598e-07 -0.00703375 0.00413316 -0.0164821 0.000194585 0.000229925 -0.0505909 -0.050376 -0.0512395 -0.0509876 0.0503281 -0.0503396 -0.0503888 -0.0505291 -0.0506345 0.0505973 -0.050249 0.0502177 0.0502597 0.0504968 0.0501021 -0.0500125 -0.0500151 -0.0500067
internal_weight=6592.51 6588.92 6585.3 177.588 81.3919 96.1962 6407.71 6403.24 3.59488 4.47469 1.00397 0.789015 3.61673 2.59092 2.25213 1.12411 0.452189 1.05127 1.12802 2.56546 1.88147 0.729987 0.683991 0.338785 0.233348 0.105436
internal_count=48935 45882 44192 1067 518 549 43125 40895 3053 2230 139 125 1690 2914 832 205 92 118 627 1572 445 95 1127 2082 871 1211
is_linear=0
shrinkage=0.05


Tree=213
num_leaves=24
num_cat=0
split_feature=19 40 28 28 31 21 7 7 11 13 7 3 40 31 42 26 22 10 18 5 44 32 11
split_gain=3.58837 3.53316 6.94347 8.338 12.5356 8.85616 7.13304 5.89325 4.23143 4.01796 5.45467 4.83191 4.24132 9.00865 4.37596 3.92556 0.0115207 0.00477114 0.00070855 0.000530653 0.000164703 8.17982e-07 1.37933e-08
threshold=2.6775000000000007 0.68650000000000011 0.17750000000000002 0.36500000000000005 0.66400000000000015 -5.4999999999999991 0.24050000000000002 0.32700000000000007 23.500000000000004 0.25850000000000006 0.32700000000000007 0.65100000000000013 0.69400000000000006 0.65600000000000014 0.25150000000000006 0.62850000000000017 -0.14999999999999997 1.5000000000000002 0.8500000000000002 -0.50849999999999984 0.48650000000000004 0.30700000000000005 18.500000000000004
decision_type=2 2 2 2 2 2 2 2 2 2 2 2 2 2 2 2 2 2 2 2 2 2 2
left_child=1 2 6 5 -5 -4 8 -8 -1 10 15 -12 13 -11 -14 -3 18 -18 19 20 -2 -20 -23
right_child=16 9 3 4 -6 -7 7 -9 -10 12 11 -13 14 -15 -16 -17 17 -19 21 -21 -22 22 -24
leaf_value=0.01029522121214143 -0.052754425328195333 0.048451264247758079 0.073136992318768676 -0.055974809965731648 -0.0055353904141000627 0.0046058825387265611 -0.077685026940686255 -0.012791151584745371 -0.064503975320394744 -0.015078125826574746 -0.073176573582027532 0.0083559234675891856 -0.0021777849782779087 0.010422871464493185 0.00075907912960953455 -0.024576727373440604 -0.062151029445266064 -0.056868095684768062 -0.050360957783880091 -0.05453151877120626 -0.050390791173740047 -0.050020869955215375 -0.050054217649727444
leaf_weight=10.920288781802812 0.22666577133350074 13.701819528196213 4.9927104302405487 14.220760005453483 92.071492934221169 84.516329687659891 9.2505691510159505 5.6264592560473821 2.2866608165204516 41.119136533641722 2.1531446824301375 11.645980590197722 1804.3238555057105 219.54148714340772 4270.0254469634492 2.1256725741732216 0.89194575161673018 0.82054109289310873 0.021190580093389144 0.52423362512126936 0.10921436978242127 0.11391690934760845 0.042605537611962063
leaf_count=104 28 551 41 112 703 540 57 37 14 261 153 89 12749 1565 30767 134 12 35 12 10 49 854 58
internal_value=-3.72472e-07 2.34634e-05 -0.00615004 -0.00281526 -0.0122836 0.00842847 -0.0294001 -0.0531423 -0.00265557 0.000240625 0.018611 -0.00436599 0.000154713 0.0064001 -0.000113287 0.0386434 -0.0571005 -0.0596197 -0.0529436 -0.0535374 -0.0519859 -0.0500694 -0.0500299
internal_weight=6591.27 6588.52 223.885 195.801 106.292 89.509 28.084 14.877 13.2069 6364.64 29.6266 13.7991 6335.01 260.661 6074.35 15.8275 2.75031 1.71249 1.03783 0.860114 0.33588 0.177713 0.156522
internal_count=48935 47877 1608 1396 815 581 212 94 118 46269 927 242 45342 1826 43516 685 1058 47 1011 87 77 924 912
is_linear=0
shrinkage=0.05


Tree=214
num_leaves=22
num_cat=0
split_feature=9 59 59 23 26 26 17 9 44 19 17 20 30 24 1 14 34 6 18 24 8
split_gain=3.61765 3.65598 10.4519 11.8214 12.4074 8.47984 7.96028 7.75594 7.48503 7.21136 13.204 23.393 9.19364 9.00712 7.56164 7.18353 0.00419911 0.00143595 0.000507008 0.000256237 0.000112363
threshold=2.7205000000000004 16.500000000000004 17.500000000000004 -0.95249999999999979 0.41800000000000004 0.13950000000000004 0.47900000000000004 1.3490000000000004 0.45750000000000007 1.7755000000000003 0.19600000000000004 -1.4999999999999998 1.3775000000000002 2.3575000000000004 35.500000000000007 1.6830000000000001 0.31550000000000006 0.87750000000000006 0.59166666666666679 3.1990000000000003 0.93333333333333346
decision_type=2 2 2 2 2 2 2 2 2 2 2 2 2 2 2 2 2 2 2 2 2
left_child=1 9 3 8 -5 7 -7 -4 -3 13 12 -12 -11 15 -15 -1 -2 -18 20 -20 -19
right_child=16 2 5 4 -6 6 -8 -9 -10 10 11 -13 -14 14 -16 -17 17 18 19 -21 -22
leaf_value=0.0039957423688079547 0.060311903952851201 0.15066302542747381 -0.0079317506686664065 -0.001039990947159628 0.021681238831053114 0.0011320749218759929 -0.029202278613405304 -0.0509768688712968 0.041622039165302022 -0.048347399231526672 -0.058488080835167523 -0.009643401027180535 0.001276553260094787 -0.0017636468793832264 -0.050785690514901116 0.04604218349652995 0.054431812871808094 0.051082973615864495 0.054009387714544159 0.051851216856812633 0.050037407406715896
leaf_weight=719.51663297842606 0.14885784765283405 2.131484531775639 144.52795871461421 137.01025003418908 107.01283006457379 2997.612478412535 21.784299880353501 11.281551816646241 6.0153308983062743 9.5963260944063205 27.759714846964926 209.57053424735568 340.79632036502699 1834.5219430190264 7.9002266181632868 10.303729676219517 0.4231806633761156 1.8329268878296723 0.20408891141414631 0.42174623149912804 0.29885184210797877
leaf_count=5638 18 17 1506 906 651 19299 147 85 79 155 173 2964 3591 12214 79 119 12 165 13 48 1056
internal_value=-3.28847e-07 -2.66656e-05 0.00110437 0.0109021 0.00892408 0.000326251 0.000913219 -0.0110485 0.0701509 -0.00125342 -0.00625039 -0.0153566 -8.25153e-05 -0.000111676 -0.00197385 0.00458936 0.052104 0.0517199 0.0513037 0.052555 0.0509364
internal_weight=6590.67 6587.34 3427.38 252.17 244.023 3175.21 3019.4 155.81 8.14682 3159.97 587.723 237.33 350.393 2572.24 1842.42 729.82 3.32965 3.18079 2.75761 0.625835 2.13178
internal_count=48935 47623 22690 1653 1557 21037 19446 1591 96 24933 6883 3137 3746 18050 12293 5757 1312 1294 1282 61 1221
is_linear=0
shrinkage=0.05


Tree=215
num_leaves=30
num_cat=0
split_feature=8 9 8 22 9 27 15 28 8 18 22 22 17 23 7 41 36 17 39 8 40 18 15 13 19 7 39 30 17
split_gain=3.7164 9.25438 10.4228 9.65051 7.94244 8.65454 7.69152 7.91382 6.7079 22.057 11.0197 10.1528 8.05432 7.84357 6.37712 5.80162 7.75342 7.55688 6.85596 12.703 9.04661 6.79888 5.41866 6.67685 3.27089 5.32255 1.58761 0.608258 0.166028
threshold=0.78888888888888908 1.7170000000000003 0.8500000000000002 1.0000000180025095e-35 1.7290000000000003 0.21600000000000003 0.89100000000000013 0.49650000000000005 0.70000000000000007 0.56944444444444453 -1.0000000180025095e-35 0.11111111111111106 0.08900000000000001 -0.49999999999999989 0.13150000000000003 0.51050000000000006 0.34200000000000003 0.22900000000000004 2.6440000000000006 0.23611111111111113 0.77250000000000008 0.12222222222222222 0.69400000000000006 1.1835000000000002 1.7755000000000003 0.12250000000000001 2.5555000000000003 1.5115000000000001 0.13450000000000004
decision_type=2 2 2 2 2 2 2 2 2 2 2 2 2 2 2 2 2 2 2 2 2 2 2 2 2 2 2 2 2
left_child=8 2 22 24 26 -6 7 -4 15 12 28 -12 14 -14 -10 18 17 -17 20 -20 -1 -18 23 -2 -3 -26 -5 -24 -11
right_child=1 3 6 4 5 -7 -8 -9 9 10 11 -13 13 -15 -16 16 21 -19 19 -21 -22 -23 27 -25 25 -27 -28 -29 -30
leaf_value=0.0004870409079305079 0.042890911566521625 -0.0016594988008432861 0.00055836798461386444 -0.031740153758917262 0.017003954316047464 -0.0017695746996381431 0.070478407350646935 -0.065279964303141688 -0.033510230083694671 0.06389343263373215 -0.0047152983370324364 0.039143120024166644 0.024726069049002486 -0.016397554227048559 0.046506208209602322 0.03465734246594783 0.017567697667416376 -0.0027998091057107061 -0.025126701264978086 0.00717620084798333 -0.016214911914993451 -0.0043169244344033707 0.040717828424485784 0.0067650205125832034 -0.00050400655946587422 -0.08431603326516407 -0.087339770259806673 0.067838528176794852 0.079296924036972194
leaf_weight=3753.2152601080452 23.623156819725409 3.4778325185179702 30.952046678314218 2.5630521774291983 82.792629190604202 237.46576644364177 3.3089846801012746 5.3537080809473983 3.3636107076890758 2.5776130137965065 35.231578674487537 21.096744110807776 12.121866027591748 266.77905496023595 9.5877038328908366 26.615451597634092 36.569786011794349 27.252896057470934 31.970472099186736 633.43045901836012 82.865829815906181 1201.3505865766219 2.7109816398005924 27.890844189096242 2.7233146768994612 6.2227158895693719 2.5726860072463751 8.7087136348709446 5.4443499881308526
leaf_count=26419 284 17 308 18 1536 3151 23 39 57 21 188 120 60 1517 148 196 490 205 937 3856 571 8351 23 202 28 43 22 56 49
internal_value=-4.10644e-07 0.00443675 0.0175924 0.000443199 0.0020945 0.00308372 -0.00249895 -0.00915026 -0.000318158 -0.00697791 0.0195194 0.0117111 -0.0128203 -0.0146102 0.025725 9.13204e-05 -0.00286237 0.0157071 0.000938939 0.00562415 0.000126251 -0.00367042 0.0302393 0.0233315 -0.0428062 -0.0588023 -0.0595921 0.0614002 0.0743475
internal_weight=6589.84 440.366 102.548 337.818 325.394 320.258 39.6147 36.3058 6149.47 356.203 64.3503 56.3283 291.852 278.901 12.9513 5793.27 1291.79 53.8683 4501.48 665.401 3836.08 1237.92 62.9337 51.514 12.4239 8.94603 5.13574 11.4197 8.02196
internal_count=48935 5750 935 4815 4727 4687 370 347 43185 2160 378 308 1782 1577 205 41025 9242 401 31783 4793 26990 8841 565 486 88 71 40 79 70
is_linear=0
shrinkage=0.05


Tree=216
num_leaves=25
num_cat=0
split_feature=8 19 2 6 3 14 19 18 18 7 29 14 19 18 39 22 22 22 22 6 41 22 6 6
split_gain=3.59117 3.52184 5.19876 5.10524 5.8268 4.90774 4.73961 4.24777 52.9524 7.66844 3.65068 0.274288 0.667001 0.0193996 0.00649098 0.00295099 7.71041e-06 2.09331e-06 9.21543e-07 5.20834e-07 3.67311e-07 3.55848e-07 1.12741e-07 6.20945e-08
threshold=0.18333333333333332 2.3170000000000006 4.5000000000000009 0.31900000000000006 0.7875000000000002 0.81350000000000011 2.302 0.74166666666666681 0.70000000000000007 0.29300000000000004 2.8350000000000004 0.83650000000000013 0.96500000000000008 0.63333333333333341 2.6190000000000002 -0.19999999999999993 -0.066666666666666638 1.0000000180025095e-35 -0.29999999999999988 0.051500000000000011 0.42300000000000004 -0.19999999999999993 0.042500000000000003 0.049000000000000009
decision_type=2 2 2 2 2 2 2 2 2 2 2 2 2 2 2 2 2 2 2 2 2 2 2 2
left_child=11 6 13 4 -4 -5 7 8 -2 -9 -8 12 -1 14 -3 -15 18 19 22 -18 -20 23 -13 -14
right_child=1 2 3 5 -6 -7 10 9 -10 -11 -12 16 21 15 -16 -17 17 -19 20 -21 -22 -23 -24 -25
leaf_value=0.064053765856623146 0.00026707547559093423 -0.056084851998850917 0.017241983420989548 0.015188811379181195 -0.053672253494483749 -0.015976112266142643 0.0013370146469280741 0.0019978066839169027 -0.053951664755287301 0.024336898938520798 0.097378451454903592 -0.050011061791623672 -0.050008442910884299 -0.051678971695359316 -0.062261118121224951 -0.054242106070557163 -0.050021587223872267 -0.050416350400531877 -0.050261671563970448 -0.050223379857423103 -0.050104530436199758 -0.050203316458238792 -0.050056979458239906 -0.050058254588390805
leaf_weight=0.18867438499000755 6237.6289585059494 0.81937368179205694 4.0580549480218897 26.911202684888849 10.12172609263507 23.808588774059899 1.7864276952750504 176.608333984419 45.360043406486511 49.095820821050438 2.2178781693801284 0.14485474000503051 0.080807297345018014 2.1331568457680983 0.88473542779684067 2.3712848555296664 0.034005168461590407 0.15932111750589684 0.038420121563831233 0.53596016124356538 1.1588811785550204 0.040535779196943622 1.7327133399376178 0.27713969902833924
leaf_count=8 38258 39 102 364 257 223 26 2024 1302 686 19 909 826 377 18 51 103 29 17 139 791 33 1955 379
internal_value=2.12634e-07 3.0361e-05 -0.0110368 -0.00685531 -0.0333776 0.000559555 0.000151197 0.000117741 -0.000124357 0.00685707 0.0545318 -0.0452006 -0.0133932 -0.0547474 -0.0592914 -0.0530283 -0.05011 -0.0502561 -0.0500753 -0.0502113 -0.0501096 -0.0500629 -0.0500534 -0.050047
internal_weight=6588.2 6583.81 71.1081 64.8996 14.1798 50.7198 6512.7 6508.69 6282.99 225.704 4.00431 4.39131 0.587157 6.20855 1.70411 4.50444 3.80416 0.729286 3.07487 0.569965 1.1973 0.398483 1.87757 0.357947
internal_count=48935 43746 1431 946 359 587 42315 42270 39560 2710 45 5189 1246 485 57 428 3943 271 3672 242 808 1238 2864 1205
is_linear=0
shrinkage=0.05


Tree=217
num_leaves=24
num_cat=0
split_feature=8 17 24 31 10 22 18 40 22 21 6 40 6 18 20 17 17 22 17 6 18 21 19
split_gain=3.52366 3.45757 3.53749 4.29048 5.55078 3.43898 4.12215 3.32945 1.41975 0.00809934 0.00080198 0.000226329 6.8746e-06 6.14683e-06 1.87024e-06 1.45048e-06 1.24033e-06 5.24046e-07 3.90779e-07 2.24841e-07 7.90721e-08 2.9387e-08 2.10401e-08
threshold=0.93333333333333346 0.81650000000000011 4.7635000000000014 0.77850000000000008 13.500000000000002 -0.54444444444444429 0.74166666666666681 0.75350000000000017 1.0000000180025095e-35 5.5000000000000009 0.14050000000000004 0.73150000000000015 0.87250000000000016 0.63333333333333341 -5.4999999999999991 0.27700000000000008 0.33900000000000002 0.51666666666666683 0.23200000000000004 0.90450000000000019 0.56944444444444453 4.5000000000000009 1.0000000180025095e-35
decision_type=2 2 2 2 2 2 2 2 2 2 2 2 2 2 2 2 2 2 2 2 2 2 2
left_child=1 2 5 4 -4 7 -7 -1 -5 10 17 -12 13 14 18 -15 -16 -3 -2 -14 22 -22 -21
right_child=12 9 3 8 -6 6 -8 -9 -10 -11 11 -13 19 15 16 -17 -18 -19 -20 20 21 -23 -24
leaf_value=-0.052377330713442964 0.050192121316178062 -0.050040577165113065 -0.04592732994953394 0.00080130335312961871 0.048291495744563477 -0.00026544552574979971 0.0061613366543302496 0.0072203331305788713 0.061713813996567071 -0.060481049352661631 -0.053558220982588604 -0.05257657497666262 0.050139044574245742 0.050388391058965788 0.050285934077916143 0.050586250642553988 0.050456036623609903 -0.050262945515085533 0.050240924929485488 0.050003632667222887 0.050061330428288746 0.050127514407726982 0.05003910853831095
leaf_weight=6.1026908529856865 0.70893052370229315 0.21591618053935224 3.5468915512574295 1.1369078225252449 2.7950926786870696 6296.3036748726809 259.79855828512518 3.8042911142238154 6.0325832670787349 0.39354018121957768 1.1754601467400791 1.173256881535053 0.077232209732755908 0.23976737074553955 0.87883898871950761 0.15093759633600712 0.12204870115965605 0.03020089422352612 0.97331105262855999 0.051814300790283596 0.035167270427336916 0.032064529252238572 0.21613334779976867
leaf_count=2083 211 434 40 9 105 40490 2810 962 144 3 22 27 33 34 165 14 15 6 221 757 30 16 304
internal_value=-4.67276e-07 -2.70831e-05 -2.66113e-06 0.0255549 -0.00440242 -5.52533e-05 -1.07715e-05 -0.0294918 0.0520546 -0.053797 -0.0527833 -0.0530679 0.0502538 0.0502795 0.0502526 0.0504648 0.0503067 -0.0500679 0.0502204 0.0500621 0.0500444 0.0500929 0.0500322
internal_weight=6586 6582.51 6579.52 13.5115 6.34198 6566.01 6556.1 9.90698 7.16949 2.98837 2.59483 2.34872 3.48625 3.07383 2.68313 0.390705 1.00089 0.246117 1.68224 0.412412 0.335179 0.0672318 0.267948
internal_count=48935 47135 46643 298 145 46345 43300 3045 153 492 489 49 1800 660 612 48 180 440 432 1140 1107 46 1061
is_linear=0
shrinkage=0.05


Tree=218
num_leaves=26
num_cat=0
split_feature=8 12 44 19 28 11 8 7 7 26 28 20 26 36 31 44 23 8 9 9 44 7 5 13 17
split_gain=3.46363 6.0798 9.10935 7.54621 7.97482 8.51808 7.42068 16.753 10.1127 6.3178 6.59722 6.18036 5.96711 5.09237 6.44503 8.68564 7.30185 5.94465 9.85745 6.41952 4.32025 2.64051 0.945666 0.574153 0.57167
threshold=0.36666666666666675 4.5000000000000009 0.42450000000000004 2.2155000000000005 0.72150000000000014 43.500000000000007 0.29999999999999999 0.40800000000000003 0.23650000000000002 0.26750000000000007 0.46800000000000003 -4.4999999999999991 0.10250000000000002 0.49400000000000005 0.76000000000000012 0.38900000000000007 1.1455000000000004 0.78888888888888908 2.0680000000000005 2.4630000000000005 0.47850000000000004 0.18900000000000003 -0.50849999999999984 1.2405000000000002 0.27700000000000008
decision_type=2 2 2 2 2 2 2 2 2 2 2 2 2 2 2 2 2 2 2 2 2 2 2 2 2
left_child=1 2 22 6 21 -6 7 -3 -8 11 -11 -4 20 14 15 -14 -16 19 -19 -15 -2 -5 23 -1 -22
right_child=12 3 9 4 5 -7 8 -9 -10 10 -12 -13 13 17 16 -17 -18 18 -20 -21 24 -23 -24 -25 -26
leaf_value=-0.11906276239568192 -0.0019441606882374758 0.0018978826508054296 0.082965020684439672 -0.014893277579697689 -0.054554763997589954 0.25876286202334164 -0.017690997152052825 -0.030599237784936076 -0.0027862305973456558 0.02259364150605131 0.15945792638161765 -0.0082604801686582408 -0.057739466311484682 -0.0015438899654394512 0.0064718691557915133 0.0015852354689998649 0.031202206023026421 0.01459356677798335 -0.0053229119201907756 -0.049310587769160169 -0.081647561555187598 -0.053189718367268227 -0.040542302591932172 -0.063646949148574397 -0.049177554119078898
leaf_weight=0.91428712638116871 4.6052572543267143 883.19324815793516 1.972707662731408 7.0057378285891962 0.4010753644106434 0.47246389643260045 155.35263336164644 41.523808544428903 425.52231262403075 51.004032586286485 0.89594884038160572 31.547705684804896 6.1872800915589314 2223.246275051657 250.61216135082213 2183.3773225320547 33.8833510982804 150.07033194735413 106.01589667084409 7.0561546924000131 3.1201965101645328 12.589405229289694 1.8835079946729809 0.95630717306448787 2.3968911066185683
leaf_count=13 28 9329 16 254 36 11 888 755 2672 1411 50 1243 42 12638 1651 13674 410 1362 1731 92 21 532 25 28 23
internal_value=-4.35171e-07 -0.00201192 0.0106781 -0.00275345 -0.0329083 0.114907 -0.00234349 0.000438621 -0.00677245 0.0140283 0.0249563 -0.00289177 0.000653216 0.000731474 0.00233749 0.0014176 0.00941725 -0.000866575 0.00634844 -0.00169501 -0.0376971 -0.0394978 -0.065551 -0.0907324 -0.067541
internal_weight=6585.81 1615.24 89.1745 1526.06 20.4687 0.873539 1505.59 924.717 580.875 85.4204 51.9 33.5204 4970.57 4960.45 2474.06 2189.56 284.496 2486.39 256.086 2230.3 10.1223 19.5951 3.7541 1.87059 5.51709
internal_count=48935 17263 2786 14477 833 47 13644 10084 3560 2720 1461 1259 31672 31600 15777 13716 2061 15823 3093 12730 72 786 66 41 44
is_linear=0
shrinkage=0.05


Tree=219
num_leaves=31
num_cat=0
split_feature=27 14 4 28 8 20 34 23 4 19 29 35 6 15 20 11 27 24 13 42 37 18 18 18 4 41 10 11 40 23
split_gain=3.45733 7.38659 7.95964 9.59982 7.40317 6.98517 6.85748 8.16652 9.55712 7.14719 10.2095 8.72761 6.68862 6.10649 6.10391 5.96616 10.8624 6.88221 5.65591 5.42836 4.35645 4.3547 22.9473 15.1605 4.00772 3.37472 4.07052 3.51594 3.26397 3.17933
threshold=0.27700000000000008 2.0165000000000002 1.2830000000000001 0.48100000000000004 0.23611111111111113 -12.499999999999998 0.60050000000000014 0.4210000000000001 1.7070000000000001 0.96500000000000008 2.3145000000000002 0.82850000000000013 0.55100000000000016 -0.71099999999999985 7.5000000000000009 5.5000000000000009 0.32050000000000006 3.4985000000000004 1.651 0.32650000000000007 0.40400000000000008 0.59166666666666679 0.51666666666666672 0.63333333333333341 1.9510000000000003 0.50700000000000012 13.500000000000002 9.5000000000000018 0.72450000000000003 0.47649999999999998
decision_type=2 2 2 2 2 2 2 2 2 2 2 2 2 2 2 2 2 2 2 2 2 2 2 2 2 2 2 2 2 2
left_child=6 2 4 14 28 -6 19 9 12 10 -8 -11 -9 -10 -4 16 17 -3 -5 21 29 22 -1 -23 -22 26 -17 -27 -2 -21
right_child=1 15 3 18 5 -7 7 8 13 11 -12 -13 -14 -15 -16 25 -18 -19 -20 20 24 23 -24 -25 -26 27 -28 -29 -30 -31
leaf_value=0.000628138366937048 -0.0056982043087248097 0.064772307750087271 0.0026956189845877034 0.01377353607462622 0.0577392315872996 -0.0055749142984545183 0.016999241041250633 0.015846923252260732 0.077820045820387596 0.0045712738464018764 -0.026127002141167383 -0.0090794712182104189 -0.0035902099189435081 0.017534715393646406 -0.021467424143230052 -0.019572359049972468 -0.12821231729082544 -0.01622353509766827 0.06189602890334444 -0.023099175981810636 -0.0061971018908551492 0.01013285882912203 -0.011484207583532482 -0.0017093095934144213 -0.056314666476237819 -0.059236635288020638 -0.083285254787599683 0.013508420444093176 -0.05697819290439992 -0.090323013291734214
leaf_weight=3024.4281434717122 4.4836443403291915 4.4652603741124057 410.52109836151067 15.566544905326738 4.3926797046806305 525.62464368170549 117.13633444612788 144.17860983725404 8.8005241140199377 278.78046394104604 15.544569582212715 201.88424231405406 63.865586770829395 8.0364474149828293 27.913490160868605 3.7637043113354611 1.4572499330315611 6.3556365333788563 10.046521228325217 4.1752365584907229 51.075786480036186 424.34029143169755 449.10058257407945 744.33972774524227 4.3268551767741874 2.8883672929368904 7.507223738823086 3.908934002625756 10.077596161214386 3.0390984879122698
leaf_count=20476 133 43 2714 160 50 3238 781 867 66 2054 93 1563 633 59 416 23 28 124 106 44 372 2693 2883 8933 58 14 46 29 212 24
internal_value=-6.76213e-07 -0.00264755 -0.00191628 0.00289544 -0.00601646 -0.00505018 0.000495446 0.00466192 0.0128124 0.00167357 0.0119467 -0.00116218 0.0098801 0.0490453 0.00115725 -0.0269529 -5.88903e-05 0.0171995 0.0326492 -0.000246867 -0.0148703 -4.96168e-05 -0.000937895 0.00259051 -0.0101112 -0.0452285 -0.0620096 -0.017403 -0.0411882 -0.0514178
internal_weight=6582.03 1038.97 1008.63 464.048 544.579 530.017 5543.05 838.227 224.881 613.346 132.681 480.665 208.044 16.837 438.435 30.3464 12.2781 10.8209 25.6131 4704.83 62.617 4642.21 3473.53 1168.68 55.4026 18.0682 11.2709 6.7973 14.5612 7.21434
internal_count=48935 7336 7029 3396 3633 3288 41599 6116 1625 4491 874 3617 1500 125 3130 307 195 167 266 35483 498 34985 23359 11626 430 112 69 43 345 68
is_linear=0
shrinkage=0.05


Tree=220
num_leaves=19
num_cat=0
split_feature=9 6 18 21 40 23 34 6 18 24 22 19 9 22 22 22 59 11
split_gain=3.44243 3.41184 3.39107 3.38824 6.46568 3.50779 0.0041963 0.00125865 0.000438184 0.00022224 0.000155581 0.000105169 5.20104e-05 6.57024e-05 3.43584e-05 1.06994e-05 6.82457e-06 3.07633e-06
threshold=2.7205000000000004 0.041000000000000009 1.0000000180025095e-35 38.500000000000007 0.71350000000000013 0.83350000000000013 0.31550000000000006 0.87750000000000006 0.59166666666666679 3.1990000000000003 0.29999999999999999 0.31400000000000006 0.34050000000000008 -0.19999999999999993 0.36666666666666664 0.19999999999999998 12.500000000000002 1.0000000180025095e-35
decision_type=2 2 2 2 2 2 2 2 2 2 2 2 2 2 2 2 2 2
left_child=1 10 14 5 -5 -4 -2 -8 11 -10 12 -9 13 -1 16 -14 -3 -16
right_child=6 2 3 4 -6 -7 7 8 9 -11 -12 -13 15 -15 17 -17 -18 -19
leaf_value=-0.050267039370721411 0.060295755554976321 0.050339377559431832 -0.00035708433240964595 -0.087959945541209811 -0.0050934551085388977 0.0035357773509871442 0.054260688010010688 0.0505374429944409 0.053839979841908053 0.051783050054686801 -0.051926023031462723 0.051259124935886594 -0.050290200891021708 -0.051050827914293544 0.050074699713181917 -0.050752890473752116 0.050639325919594386 0.050234551073431992
leaf_weight=0.4382557911721966 0.14786563628876992 0.25585275760386084 5915.7749422510387 3.1529847235651678 9.2885690543334913 641.41914806273417 0.40570707374718074 0.95838849621213817 0.19605052587576199 0.39771013392601162 0.19558790163137008 1.0666726445488164 1.8852815707323318 0.6857440117018988 0.35416406099102493 0.13381309609394509 0.73273942433297634 2.0043674643384293
leaf_count=1477 18 52 38829 23 88 4700 12 879 13 48 14 342 1412 128 286 22 66 526
internal_value=-6.62658e-07 -2.5782e-05 -1.14783e-07 -2.57491e-05 -0.0260938 2.37121e-05 0.0520713 0.0516693 0.0512678 0.0524622 -0.0505578 0.0509176 -0.0504726 -0.0507452 0.0503143 -0.0503209 0.0505617 0.0502105
internal_weight=6579.49 6576.32 6572.98 6569.64 12.4416 6557.19 3.17239 3.02453 2.61882 0.593761 3.33868 2.02506 3.14309 1.124 3.34712 2.01909 0.988592 2.35853
internal_count=48935 47623 44570 43640 111 43529 1312 1294 1282 61 3053 1221 3039 1605 930 1434 118 812
is_linear=0
shrinkage=0.05


Tree=221
num_leaves=27
num_cat=0
split_feature=8 5 0 19 21 3 8 24 26 11 30 22 28 26 3 14 14 10 22 22 22 6 40 22 6 6
split_gain=3.38625 3.37605 6.92393 6.82184 10.5873 7.901 6.53206 10.6486 8.1086 10.3902 7.91491 7.32339 5.33126 4.94394 6.82348 5.31194 0.262816 0.630164 6.60804e-06 1.78658e-06 7.94451e-07 4.33727e-07 4.00827e-07 2.8043e-07 9.40327e-08 5.1115e-08
threshold=0.18333333333333332 -0.069999999999999993 7.5000000000000009 1.6830000000000001 1.0000000180025095e-35 1.0850000000000002 0.59166666666666679 4.0930000000000009 0.30150000000000005 51.500000000000007 1.5755000000000001 0.43055555555555564 0.14800000000000002 0.42450000000000004 0.7875000000000002 0.55800000000000016 0.83650000000000013 13.500000000000002 -0.066666666666666638 1.0000000180025095e-35 -0.29999999999999988 0.051500000000000011 0.69900000000000007 -0.19999999999999993 0.042500000000000003 0.049000000000000009
decision_type=2 2 2 2 2 2 2 2 2 2 2 2 2 2 2 2 2 2 2 2 2 2 2 2 2 2
left_child=16 2 3 4 -2 -5 7 11 10 -10 -8 -3 -9 15 -15 -4 17 23 20 21 24 -20 -22 25 -18 -1
right_child=1 6 13 5 -6 -7 8 12 9 -11 -12 -13 -14 14 -16 -17 18 -19 19 -21 22 -23 -24 -25 -26 -27
leaf_value=-0.050007608995447178 0.061250792063533344 -0.0031818520188060572 0.022083713130526858 -0.043638840645802555 0.012555607039565091 0.012463137691063844 -0.0020246588842896401 0.065577735411694801 0.001654168988931488 0.025537695881216533 -0.022499628217533298 -0.034636081675034736 0.015037628224728178 -0.011364742560502628 0.007551534974761325 -0.00048374903730027762 -0.05001003231005563 0.064254764718699675 -0.050019988015429562 -0.050395938748793535 -0.050177038276158631 -0.050212489346358261 -0.050092386708191432 -0.050184116363150857 -0.050054209901031536 -0.050055327156063957
leaf_weight=0.071601133815420326 12.828423345228655 1830.8075651710533 26.399885962084227 10.408444552303992 85.944601405411959 15.805852363293523 177.19148700307414 6.9460097697447081 1659.6019199744878 46.821838191710413 64.337868020960741 18.694177366967779 20.97325298684882 53.723621748766163 423.30699889138486 2120.3378552695212 0.13002655304990218 0.17839069326873869 0.03104277566308189 0.15103982368600555 0.16329005765146554 0.50979515945073217 0.97368715229822556 0.040680715370398413 1.6358219622779868 0.25956826336914673
leaf_count=826 70 10822 502 78 498 111 1194 63 12905 258 435 274 217 352 2382 13585 909 2 103 29 71 139 737 39 1955 379
internal_value=-5.46891e-07 2.79379e-05 0.00136461 0.0128622 0.01888 -0.00981228 -0.000932538 -0.00303712 0.00109584 0.0023095 -0.00747872 -0.00349978 0.0276115 0.000816901 0.00542117 -0.000206222 -0.0451792 -0.0129988 -0.050105 -0.0502439 -0.0500719 -0.0502014 -0.0501045 -0.0500602 -0.050051 -0.050045
internal_weight=6578.27 6574.13 2748.76 124.987 98.773 26.2143 3825.37 1877.42 1947.95 1706.42 241.529 1849.5 27.9193 2623.77 477.031 2146.74 4.14494 0.550241 3.5947 0.691878 2.90283 0.540838 1.13698 0.37185 1.76585 0.331169
internal_count=48935 43746 17578 757 568 189 26168 11376 14792 13163 1629 11096 280 16821 2734 14087 5189 1246 3943 271 3672 242 808 1244 2864 1205
is_linear=0
shrinkage=0.05


Tree=222
num_leaves=24
num_cat=0
split_feature=14 0 7 24 1 35 5 4 39 4 22 1 42 18 18 18 18 36 8 36 15 0 44
split_gain=3.42739 3.72577 4.1557 3.51312 8.79209 9.8756 8.34298 7.8998 6.80042 9.08359 5.86604 6.655 7.64882 6.4105 5.31048 26.7042 19.414 2.37016 1.98701 1.96672 0.686634 0.673897 0.00164407
threshold=0.26150000000000007 14.500000000000002 0.16350000000000003 1.6680000000000004 24.500000000000004 0.63650000000000018 -0.9534999999999999 2.1275000000000004 2.4615000000000005 1.1695000000000002 -0.36666666666666653 43.500000000000007 0.24550000000000002 0.78888888888888908 0.59166666666666679 0.51666666666666672 0.63333333333333341 0.31750000000000006 0.59166666666666679 0.61750000000000005 0.24050000000000002 2.5000000000000004 0.40400000000000008
decision_type=2 2 2 2 2 2 2 2 2 2 2 2 2 2 2 2 2 2 2 2 2 2 2
left_child=1 17 20 4 5 6 -2 -7 9 -6 11 12 -5 -13 15 -12 -16 -1 -10 21 -3 -19 -22
right_child=3 2 -4 10 8 7 -8 -9 18 -11 14 13 -14 -15 16 -17 -18 19 -20 -21 22 -23 -24
leaf_value=0.10529701983285966 -0.0059488505109737428 0.063223096159012074 0.18322244618866015 -0.031702995892470102 0.091163978066030146 0.0039269467402215218 0.077456744636461988 0.05641848686491157 -0.067389365019604283 -0.052112277656746253 0.00066920889080624346 -0.034674672147026034 -0.0056642677930855484 0.068473462747232455 0.010526158060983816 -0.010857675794418514 -0.0022418886441856376 -0.017701839523261317 -0.015520502833425771 0.061794874762118972 -0.060279317590913796 -0.063666037547515805 -0.053779133019727476
leaf_weight=0.25233976852177686 4.4769188639820632 0.16540613770484902 0.39774131240847055 35.860718889680356 2.2215866154874666 196.8592306266255 9.0778956194153562 7.4384948927654468 7.5234881451833626 2.2034461171278963 4363.6862157079522 2.1430683419457628 132.0727844739522 5.0694129348048591 506.10235118871788 567.83531294157729 723.07481249020202 0.93059620214626182 2.4469299969496205 0.36754754903449782 0.14148367123198113 5.5727578274527332 0.31133214332839998
leaf_count=5 145 1 31 1100 18 2801 106 235 89 25 28492 31 4206 86 2770 3210 4834 8 15 18 2 532 175
internal_value=-4.621e-07 -0.0324263 0.0571486 3.97202e-05 0.00607953 0.00858028 0.0499093 0.00583817 -0.0317655 0.0198195 -0.000181676 -0.00920477 -0.0112246 0.0378247 7.48464e-05 -0.000658043 0.00301524 -0.0452021 -0.0546598 -0.0507293 -0.0239626 -0.0570888 -0.0558101
internal_weight=6576.23 8.1392 1.01596 6568.09 232.248 217.853 13.5548 204.298 14.3955 4.42503 6335.84 175.146 167.934 7.21248 6160.7 4931.52 1229.18 7.12324 9.97042 6.8709 0.618222 6.50335 0.452816
internal_count=48935 772 209 48163 3434 3287 251 3036 147 43 44729 5423 5306 117 39306 31702 7604 563 104 558 178 540 177
is_linear=0
shrinkage=0.05


Tree=223
num_leaves=22
num_cat=0
split_feature=18 18 18 8 7 43 28 18 18 18 19 8 8 2 8 14 22 30 21 22 43
split_gain=3.38456 3.58372 53.6001 7.54267 5.93275 7.6633 6.63756 5.88941 23.887 13.0703 1.20135 0.0980274 0.0275687 0.01319 0.00788564 0.00261558 0.000155305 0.000143073 2.1569e-05 7.29676e-06 3.72205e-06
threshold=0.81666666666666676 0.74166666666666681 0.70000000000000007 0.81666666666666676 0.31700000000000006 0.72450000000000003 0.18450000000000003 0.56944444444444453 0.51666666666666672 0.63333333333333341 1.2545000000000002 0.63333333333333341 0.78888888888888908 14.500000000000002 0.59166666666666679 1.0645000000000002 -0.14999999999999997 1.3110000000000002 3.5000000000000004 -0.21111111111111108 0.73000000000000009
decision_type=2 2 2 2 2 2 2 2 2 2 2 2 2 2 2 2 2 2 2 2 2
left_child=1 2 7 4 6 -6 -3 8 -1 -9 -2 14 -13 -5 -4 -15 17 -12 20 -19 -18
right_child=10 3 11 13 5 -7 -8 9 -10 -11 16 12 -14 15 -16 -17 18 19 -20 -21 -22
leaf_value=0.00066501303296883231 0.035546834769257671 0.05194555497454556 -0.051703607673795351 0.056946743384525045 0.048950974599085179 0.0060559313549425932 -0.00066930483720480593 0.0086189323301757419 -0.010188408602852113 -0.0017518461252302811 -0.051520764925141543 -0.055235685568147008 -0.059480026325494463 0.063009583656665966 -0.053785954749664779 0.060448103205944292 -0.050876538109311864 -0.05010659890610128 -0.051284635560787495 -0.050312691193464411 -0.050626501207188125
leaf_weight=4469.9834255700043 0.44935369995073315 6.1743513665132914 24.855976229620868 2.2670212630764572 15.751198470257803 30.718109707784606 205.44327135813364 593.57693681537057 571.80319108781987 622.34723760945781 0.19955157835283932 9.6358202650008007 6.3453641273081294 1.9849117249250414 5.5641791941598049 2.0016031740233302 0.37973061483353365 2.6359809591431262 0.31757293175905943 0.51308081380557258 0.2447822627145797
leaf_count=29949 20 31 1347 37 139 312 1573 3808 3743 4603 23 144 57 20 103 23 27 2834 15 102 25
internal_value=-9.51899e-07 2.95266e-05 -0.000209626 0.00573295 0.00441824 0.0205956 0.000865835 0.000187381 -0.000565904 0.00331085 -0.042236 -0.0537502 -0.0569209 0.0599918 -0.0520845 0.0617235 -0.050382 -0.0502225 -0.0509491 -0.0501402 -0.0507785
internal_weight=6573.19 6568.45 6304.11 264.34 258.087 46.4693 211.618 6257.71 5041.79 1215.92 4.74005 46.4013 15.9812 6.25354 30.4202 3.98651 4.2907 3.34861 0.942086 3.14906 0.624513
internal_count=48935 45889 43754 2135 2055 451 1604 42103 33692 8411 3046 1651 201 80 1450 43 3026 2959 67 2936 52
is_linear=0
shrinkage=0.05


Tree=224
num_leaves=28
num_cat=0
split_feature=21 11 16 7 4 7 25 39 40 16 16 59 59 23 26 26 9 32 21 11 17 40 15 41 44 32 59
split_gain=3.35333 5.13379 10.1071 8.67185 11.3359 7.8138 6.49751 8.94967 8.10498 5.73002 12.3893 4.37316 9.34035 10.0179 12.3558 8.04796 7.09994 6.92416 6.57979 9.65702 15.0602 6.34423 7.2957 7.25831 6.19604 1.90303 1.64307
threshold=23.500000000000004 17.500000000000004 0.10900000000000001 0.13150000000000003 0.93550000000000011 0.097500000000000017 506.50000000000006 2.5255000000000005 0.75700000000000012 0.15200000000000002 0.12250000000000001 16.500000000000004 17.500000000000004 -0.95249999999999979 0.41800000000000004 0.13950000000000004 1.3490000000000004 0.35000000000000003 18.500000000000004 15.500000000000002 0.27100000000000007 0.68650000000000011 -0.80399999999999994 0.45750000000000007 0.45750000000000007 0.50150000000000017 22.500000000000004
decision_type=2 2 2 2 2 2 2 2 2 2 2 2 2 2 2 2 2 2 2 2 2 2 2 2 2 2 2
left_child=11 3 -3 4 25 -6 8 -8 -4 10 -5 18 13 24 -15 16 -14 -17 21 20 -20 22 -1 -23 -13 -2 -11
right_child=1 2 6 9 5 -7 7 -9 -10 26 -12 12 15 14 -16 17 -18 -19 19 -21 -22 23 -24 -25 -26 -27 -28
leaf_value=-0.046235172962788312 -0.021259261342318484 -0.1114296048732463 -0.066915763536535389 0.019019397660701685 -0.021902811567210443 -0.15326345366701399 0.019075100699936707 -0.014322523908421342 0.0061565119642445123 0.029111390497921771 -0.041816015842642371 0.13579769863134342 -0.0074224672704563642 -0.0009221148831005376 0.022019042813464396 -0.0063482545777237319 -0.048983936636305681 0.0021161033532831066 0.02449382490709719 -0.14161820697260324 -0.064398677434371207 0.0049243395170301798 -0.0077964499692062877 -0.0016255653717775643 0.038587559289821355 0.059211870629767918 0.067792761775703578
leaf_weight=14.247415040848862 1.1828545813914382 2.526885697618126 10.240074983565139 32.146206731180428 2.0397159262793139 2.5440343876834959 26.813914057100192 79.630009241285734 6.0290274876169851 8.6411890224262589 11.314691799459977 2.2382206953116093 143.53209544772108 136.62347747607419 102.89553223911207 266.77665303229151 11.068119263509287 2561.4197073012929 9.7745601079514071 1.748314908123574 9.2963994832243753 508.54137963375615 92.417651567429857 2513.5273770912172 6.1247830295105814 1.9391055791202232 4.0236121963243923
leaf_count=158 16 16 82 275 29 32 192 607 38 100 96 17 1506 906 620 1683 85 16301 135 19 84 4150 713 20919 79 34 43
internal_value=-1.47622e-06 -0.00656374 -0.0124457 0.00497691 -0.0447605 -0.0948095 -0.0104074 -0.00590945 -0.0398365 0.0118056 0.00318139 0.00019299 0.00148548 0.0108115 0.00893323 0.000710454 -0.0103979 0.00131768 -0.00113279 -0.0291486 -0.018838 -0.000946368 -0.0129308 -0.000523374 0.0646043 0.0287228 0.0414005
internal_weight=6569.3 189.071 125.24 63.8314 7.70571 4.58375 122.713 106.444 16.2691 56.1257 43.4609 6380.23 3230.68 247.882 239.519 2982.8 154.6 2828.2 3149.55 20.8193 19.071 3128.73 106.665 3022.07 8.363 3.12196 12.6648
internal_count=48935 1560 935 625 111 61 919 799 120 514 371 47375 21197 1622 1526 19575 1591 17984 26178 238 219 25940 871 25069 96 50 143
is_linear=0
shrinkage=0.05


Tree=225
num_leaves=24
num_cat=0
split_feature=8 17 39 39 26 44 24 26 24 21 8 1 6 18 20 17 17 17 11 9 11 11 59
split_gain=3.31348 3.26065 3.23715 10.6127 8.64071 6.62059 6.55537 5.68558 2.18302 0.00687004 0.000700591 0.000498067 5.65736e-06 5.28073e-06 1.53296e-06 1.26301e-06 1.07122e-06 3.46053e-07 2.35603e-07 4.97016e-08 2.8045e-08 1.04087e-08 5.22464e-09
threshold=0.93333333333333346 0.81650000000000011 2.7315000000000005 2.7295000000000003 0.58050000000000013 0.51250000000000007 4.2580000000000009 0.47700000000000004 4.7635000000000014 5.5000000000000009 0.76388888888888895 3.5000000000000004 0.87250000000000016 0.63333333333333341 -5.4999999999999991 0.23900000000000002 0.33900000000000002 0.23200000000000004 8.5000000000000018 2.7205000000000004 3.5000000000000004 1.0000000180025095e-35 7.5000000000000009
decision_type=2 2 2 2 2 2 2 2 2 2 2 2 2 2 2 2 2 2 2 2 2 2 2
left_child=1 2 3 5 -5 -1 7 -4 -8 10 11 -3 13 14 17 -15 -16 -2 20 -20 21 -14 -22
right_child=12 9 6 4 -6 -7 8 -9 -10 -11 -12 -13 18 15 16 -17 -18 -19 19 -21 22 -23 -24
leaf_value=-0.00063344351808555799 0.050181452216552291 -0.050051919087781241 -0.0013867890895411345 0.041889114254621142 -0.046977337652466894 0.0036037389153846934 0.057995923406931743 -0.01439444961165097 -0.0065914661054620113 -0.059893872214205071 -0.055071074328684459 -0.052606728438041928 0.050003361980312626 0.050335187362411132 0.050269345992632178 0.050522520887494017 0.050431726969590779 0.050228681667684107 0.050167152405190832 0.05009413703604431 0.050050346200735923 0.050030757956936227 0.050077872006552816
leaf_weight=4984.3051958505221 0.66875970432010989 0.2111124732618922 296.6046319971083 23.754924692424542 3.0913193251471958 1131.105897353922 5.5639225613704175 117.2022560503774 1.7104801000095902 0.37823875993490208 0.26750359404832114 1.9798401622101662 0.047313695537013589 0.15818354580551375 0.82883535348810222 0.20865555107593536 0.1157497251406312 0.9233143686724361 0.042276157299056649 0.051942497157142498 0.083547361136879772 0.12975000041478779 0.021721093682572246
leaf_count=35221 211 438 2237 188 30 8104 68 769 26 3 5 46 758 26 165 22 15 221 14 38 90 224 16
internal_value=-8.3837e-07 -2.59359e-05 -2.77213e-06 0.00028797 0.0316562 0.000150265 -0.00424379 -0.00507094 0.042809 -0.0536206 -0.0526555 -0.0523606 0.0502408 0.0502644 0.0502388 0.0504417 0.0502892 0.0502088 0.0500584 0.0501269 0.0500356 0.0500234 0.050056
internal_weight=6569.46 6566.18 6563.34 6142.26 26.8462 6115.41 421.081 413.807 7.2744 2.83669 2.45846 2.19095 3.28005 2.9035 2.53666 0.366839 0.944585 1.59207 0.376551 0.0942187 0.282332 0.177064 0.105268
internal_count=48935 47135 46643 43543 218 43325 3100 3006 94 492 489 484 1800 660 612 48 180 432 1140 52 1088 982 106
is_linear=0
shrinkage=0.05


Tree=226
num_leaves=21
num_cat=0
split_feature=9 8 5 27 24 15 0 44 23 17 40 34 9 15 26 8 19 17 9 19
split_gain=3.2559 3.20552 3.18883 6.29322 9.37735 9.08267 6.28512 9.33402 5.5898 0.240589 0.356692 0.00389382 0.000986414 0.000267273 0.000288212 8.2374e-05 1.67647e-06 1.38375e-06 8.38331e-07 4.64613e-07
threshold=2.7205000000000004 0.18333333333333332 -0.069999999999999993 0.25650000000000006 3.4445000000000006 -1.3964999999999999 7.5000000000000009 0.47350000000000003 0.88250000000000017 0.41550000000000004 0.69900000000000007 0.31550000000000006 2.7595000000000005 -0.56099999999999994 0.15450000000000003 0.36666666666666675 0.96500000000000008 0.41900000000000004 1.2155000000000002 1.413
decision_type=2 2 2 2 2 2 2 2 2 2 2 2 2 2 2 2 2 2 2 2
left_child=1 9 6 5 -5 -4 7 -3 -8 16 -11 -2 -13 15 -15 -14 18 -12 -1 -18
right_child=11 2 3 4 -6 -7 8 -9 -10 10 17 12 13 14 -16 -17 19 -19 -20 -21
leaf_value=-0.050129504205247977 0.060000200729939571 -0.015310423284687891 0.023570448007862978 -0.0027956311300925546 -0.020177592518964244 -5.91656401223883e-07 0.0006148581593306018 0.019067763702372151 0.032961416460517937 0.031798721194870039 -0.050335684880170407 0.053692602519747015 0.051338653185648758 0.054644859451217692 0.05153171042322429 0.050453690154914903 -0.050093556543818731 -0.050078564110704327 -0.050265731160382535 -0.050050535017646607
leaf_weight=0.72259962049429294 0.14466882971464601 24.605189359805081 41.503172558295773 1015.8770395508909 84.009687542828033 2675.4020148699346 2607.6847837653477 99.944561490410706 13.424864867643917 0.23693073654430907 0.06731537141604349 0.4678766644210558 0.36472333921119637 0.080257192661519539 1.0092567117826545 0.94238274201052263 1.1405762490467171 0.23500713095563697 0.13385559077141806 1.3952699089986706
leaf_count=448 18 155 641 6203 692 17320 16716 602 105 55 14 20 20 3 241 1010 1043 540 44 3045
internal_value=-7.12458e-07 -2.45413e-05 2.49861e-06 -0.000932318 -0.00412327 0.000359477 0.001302 0.0122762 0.000780532 -0.0451589 -0.0141364 0.0519969 0.0515927 0.0511827 0.051761 0.0507006 -0.0500903 -0.0501358 -0.0501508 -0.0500699
internal_weight=6569.39 6566.38 6562.45 3816.79 1099.89 2716.91 2745.66 124.55 2621.11 3.93155 0.539253 3.00917 2.8645 2.39662 1.08951 1.30711 3.3923 0.302323 0.856455 2.53585
internal_count=48935 47623 42434 24856 6895 17961 17578 757 16821 5189 609 1312 1294 1274 244 1030 4580 554 492 4088
is_linear=0
shrinkage=0.05


Tree=227
num_leaves=25
num_cat=0
split_feature=18 6 30 13 28 5 15 23 8 24 28 24 28 13 8 59 11 24 7 8 6 24 6 6
split_gain=3.27025 3.27636 5.83779 4.96471 4.18085 3.43987 6.15779 8.08389 5.99282 9.69944 7.17746 5.86718 3.19341 2.05736 2.99416e-05 5.75535e-06 3.26084e-06 3.0993e-06 2.36625e-06 7.05176e-07 5.67768e-07 5.66162e-07 8.73114e-08 4.70735e-08
threshold=1.0000000180025095e-35 0.10400000000000001 1.2580000000000002 0.86850000000000016 0.58050000000000013 -0.069999999999999993 -1.5109999999999999 0.75150000000000017 0.59166666666666679 4.1465000000000014 0.48400000000000004 3.0850000000000004 0.24850000000000003 1.0850000000000002 0.36666666666666675 12.500000000000002 1.0000000180025095e-35 2.6895000000000007 0.35850000000000004 0.59166666666666679 0.31100000000000005 2.6935000000000007 0.49150000000000005 0.82700000000000007
decision_type=2 2 2 2 2 2 2 2 2 2 2 2 2 2 2 2 2 2 2 2 2 2 2 2
left_child=14 2 13 12 -5 6 11 -8 9 -7 -10 -3 -4 -2 15 21 22 -17 19 -18 -20 -1 -16 -24
right_child=1 5 3 4 -6 8 7 -9 10 -11 -12 -13 -14 -15 16 17 18 -19 20 -21 -22 -23 23 -25
leaf_value=0.050400098118030458 0.14975241228409367 -0.073338643710936846 0.056081905049865266 0.0033633466601080764 -0.024308089230426991 -0.0032967241975584826 0.0013692228397354711 0.027611012971495315 0.0019393222718263347 0.028503616979885679 -0.0096419310091714807 -0.009062456112039886 -0.044584344591610751 0.032558255433942758 0.050110801410602646 0.050679414347139941 0.050234898369445537 0.050453744070101551 0.050431665470863196 0.050168318317612363 0.050294861418696039 0.050247410332672542 0.050059796722774899 0.050003790827985631
leaf_weight=0.12124237068928723 0.7018417785729969 5.125186501885767 0.83662648171593801 40.283666067467493 20.646333451299142 1849.5812821850268 2625.1992875706965 29.679457281948999 1799.285902851203 24.293496492318809 144.52887253282825 11.554200687445698 13.504283214933819 0.80290176902781241 0.078586039831862187 0.47018483886495233 0.75046813162043668 0.22492665448226035 0.1258615287952124 0.84602783471927978 0.19084081216715276 0.1216047708876431 0.256623218243476 0.04394344710817677
leaf_count=17 30 33 96 2158 1211 10747 18383 181 12718 193 879 84 518 14 38 39 177 27 16 300 36 35 246 759
internal_value=-5.63583e-07 -2.53078e-05 -0.0102936 -0.012243 -0.00601321 9.61791e-05 0.00147232 0.00166259 -0.00086682 -0.00288445 0.00107822 -0.028813 -0.0387116 0.0872199 0.0502952 0.0505332 0.0501978 0.0506064 0.0502244 0.0501996 0.0503492 0.0503236 0.0500639 0.0500516
internal_weight=6569.25 6566.02 76.7757 75.2709 60.93 6489.25 2671.56 2654.88 3817.69 1873.87 1943.81 16.6794 14.3409 1.50474 3.23031 0.937959 2.29235 0.695111 1.9132 1.5965 0.316702 0.242847 0.379153 0.300567
internal_count=48935 47245 4027 3983 3369 43218 18681 18564 24537 10940 13597 117 614 44 1690 118 1572 66 529 477 52 52 1043 1005
is_linear=0
shrinkage=0.05


Tree=228
num_leaves=24
num_cat=0
split_feature=6 5 14 33 11 40 42 27 25 14 59 11 6 41 6 22 7 22 15 15 22 22 16
split_gain=3.19783 3.2734 6.88302 12.0168 5.66952 5.16386 4.65415 4.59874 4.34901 4.04332 3.5151 7.09261 3.44539 2.82072 1.0405 0.000141634 4.64221e-05 5.39024e-05 4.25391e-05 9.74407e-06 9.86318e-06 4.26224e-06 2.97574e-06
threshold=0.041000000000000009 -1.3954999999999997 0.89100000000000013 0.26150000000000007 5.5000000000000009 0.74900000000000011 0.24850000000000003 0.30300000000000005 508.50000000000006 0.26150000000000007 2.5000000000000004 3.5000000000000004 0.10400000000000001 0.52150000000000019 0.66100000000000014 0.29999999999999999 0.33900000000000002 -0.19999999999999993 0.66100000000000014 -0.47699999999999992 0.19999999999999998 -0.40833333333333327 0.22900000000000004
decision_type=2 2 2 2 2 2 2 2 2 2 2 2 2 2 2 2 2 2 2 2 2 2 2
left_child=15 2 5 7 -5 6 -2 -4 -7 13 11 -11 -12 14 -3 16 17 21 -19 20 -18 -1 -21
right_child=1 9 3 4 -6 8 -8 -9 -10 10 12 -13 -14 -15 -16 -17 19 18 -20 22 -22 -23 -24
leaf_value=-0.050052398419441396 0.0034648795918963008 -0.0630585302767247 0.040116090996108543 -0.089298926509736587 -0.014786051200657714 0.068771841764085934 0.091920914134681772 -0.026747467287071464 -0.048244067279878441 0.015958977280118376 -0.011535745879538426 -0.054943195137645597 -2.2522766193651638e-05 0.022139170459812535 0.0013252830407745903 -0.051868807949374957 -0.050380766561800586 -0.051316170198472913 -0.050476089179762818 -0.050054820995139873 -0.050929552227448688 -0.050391316664481517 -0.050257467481903573
leaf_weight=0.14258268871708457 1.9896275197970661 4.7869831148709627 14.607144817186059 3.5131080863648085 9.3394645720327372 1.2721391115337612 5.8869955091795418 3.1210393280489361 2.1127780863753287 59.19022792924261 65.648608283314388 3.7506820641865479 6386.704900940771 1.529100523504894 0.72219101630616922 0.18923131644260127 0.64261906316096418 0.40892810028162729 0.23862350195122417 0.22550077109190148 0.093829710502177477 0.265508180600591 0.9212459626414784
leaf_count=1206 18 141 123 22 125 14 56 21 41 1547 855 127 42758 26 8 14 241 87 44 469 6 276 710
internal_value=-5.30109e-07 2.35552e-05 0.0139639 0.00165761 -0.0351533 0.0473816 0.069577 0.0283448 -0.00426647 -6.58753e-05 -2.49583e-05 0.0117339 -0.000139663 -0.0379425 -0.0546185 -0.0505429 -0.0504575 -0.050723 -0.0510066 -0.0503088 -0.0504507 -0.0502729 -0.0502176
internal_weight=6567.3 6564.17 41.8423 30.5808 12.8526 11.2615 7.87662 17.7282 3.38492 6522.33 6515.29 62.9409 6452.35 7.03827 5.50917 3.12807 2.93884 1.05564 0.647552 1.8832 0.736449 0.408091 1.14675
internal_count=48935 45882 420 291 147 129 74 144 55 45462 45287 1674 43613 175 149 3053 3039 1613 131 1426 247 1482 1179
is_linear=0
shrinkage=0.05


Tree=229
num_leaves=21
num_cat=0
split_feature=18 18 18 8 27 27 10 18 18 17 30 8 17 8 8 17 15 22 22 17
split_gain=3.18423 3.22559 50.7799 7.15872 5.81728 8.30373 6.1267 5.37025 21.6285 15.4622 1.20685 0.0837594 0.0251461 0.0233708 0.00676143 0.00501892 0.000150452 0.000113968 6.20493e-06 5.77932e-06
threshold=0.81666666666666676 0.74166666666666681 0.70000000000000007 0.81666666666666676 0.16650000000000004 0.21300000000000002 2.5000000000000004 0.56944444444444453 0.51666666666666672 0.42200000000000004 1.3110000000000002 0.63333333333333341 0.20950000000000002 0.78888888888888908 0.59166666666666679 0.08900000000000001 -0.14549999999999996 -0.14999999999999997 -0.21111111111111108 0.24550000000000002
decision_type=2 2 2 2 2 2 2 2 2 2 2 2 2 2 2 2 2 2 2 2
left_child=1 2 7 4 6 -6 -3 8 -1 -9 -2 14 15 -13 -4 -5 -12 18 -18 -19
right_child=10 3 11 12 5 -7 -8 9 -10 -11 16 13 -14 -15 -16 -17 17 19 -20 -21
leaf_value=0.00062925096149374794 0.036917559415938696 0.11251126169488518 -0.051618618344386316 0.054385000474916505 -0.013061852860720589 0.0081879386502831091 0.002361681788018453 0.0040437151695549003 -0.0097138965457652868 -0.03288013796017214 -0.051460548430197373 -0.054965015120957285 0.063266246195935169 -0.058957909366266575 -0.053592288654945745 0.058248535930930184 -0.05010336644052861 -0.050886864534163613 -0.050297970400503135 -0.050597955655359621
leaf_weight=4467.3924285739122 0.43851480252487718 2.5196741675390504 23.660141733009372 1.4029727645684027 60.34968942431442 192.98496821621666 2.5299950264525251 1186.7043039807359 569.90944710577605 29.046935137808759 0.29022245511441713 9.2079590122739301 2.499001738615334 6.0874364636838427 5.3140173498541108 2.0969700962305069 2.4861567420175565 0.57601858675479922 0.49041160114575166 0.24746500619221479
leaf_count=29949 24 28 1347 31 551 1436 40 7716 3743 695 33 144 23 57 103 26 2820 38 104 27
internal_value=-6.61075e-07 2.82655e-05 -0.000198881 0.00543864 0.00418499 0.00312579 0.0573239 0.000178904 -0.00054095 0.00316152 -0.041912 -0.0535608 0.0594352 -0.0565542 -0.0519806 0.0566998 -0.0503633 -0.0502795 -0.0501354 -0.0508
internal_weight=6566.23 6561.71 6297.32 264.383 258.384 253.335 5.04967 6253.05 5037.3 1215.75 4.52879 44.2696 5.99894 15.2954 28.9742 3.49994 4.09027 3.80005 2.97657 0.823484
internal_count=48935 45889 43754 2135 2055 1987 68 42103 33692 8411 3046 1651 80 201 1450 57 3022 2989 2924 65
is_linear=0
shrinkage=0.05


Tree=230
num_leaves=30
num_cat=0
split_feature=41 19 7 18 7 18 12 30 18 18 7 28 24 6 44 42 44 44 6 16 22 29 14 28 40 37 28 19 0
split_gain=3.16559 7.09941 6.85844 6.49558 20.8272 9.75694 10.1625 8.81186 7.74494 18.1339 13.4904 11.1883 11.1797 10.7991 6.74561 5.85838 8.47292 5.68894 7.17015 5.96052 7.35885 6.74534 5.2511 4.68547 3.82651 2.18176 2.07909 3.83607 0.243656
threshold=0.51050000000000006 0.55800000000000016 0.39650000000000007 0.14999999999999999 0.081500000000000017 0.074999999999999969 23.500000000000004 1.5430000000000004 0.29999999999999999 0.36666666666666675 0.12250000000000001 0.10650000000000001 3.645 0.54750000000000021 0.5485000000000001 0.26250000000000007 0.53150000000000019 0.44700000000000006 0.42600000000000005 0.20750000000000002 1.0000000180025095e-35 2.2400000000000007 1.5540000000000003 0.10650000000000001 0.77150000000000019 0.5445000000000001 0.11750000000000001 0.55800000000000016 15.500000000000002
decision_type=2 2 2 2 2 2 2 2 2 2 2 2 2 2 2 2 2 2 2 2 2 2 2 2 2 2 2 2 2
left_child=3 2 23 4 26 6 -6 -7 11 10 -10 13 -11 -5 -13 -4 -17 18 22 21 -21 -19 -3 -2 -25 -20 27 -1 -28
right_child=1 17 15 8 5 7 -8 -9 9 12 -12 14 -14 -15 -16 16 -18 19 25 20 -22 -23 -24 24 -26 -27 28 -29 -30
leaf_value=0.051401504597926029 -0.085709706744369174 -0.018622687240151745 -0.060714040729841282 -0.005234277383184301 -0.0049611547460729705 -0.0072562035114994011 0.024743181917236491 -0.027325083469549896 0.011950469953508069 0.001068933915225186 -0.010784312261044862 0.0050308644378656156 0.018724265541536275 -0.099891523785738762 0.035900503984473087 0.056791382840805683 -0.035998045498221609 0.0035236204658865497 0.070032380473187217 -0.0054915986881729321 0.0025292157104259594 -0.016037240983657063 0.047263809813652628 0.017851429923581196 0.050873037746344954 0.018716929708454944 0.055308284129654328 -0.23808134917199283 0.081522122864859992
leaf_weight=0.34278058710697124 0.92604129739265673 11.040931020033897 4.6355298775306428 7.8503630099585262 110.55655102463788 183.44015307664813 38.934219489601674 77.93468746378494 74.60032190563652 2984.8268808531411 520.60062927297622 981.37348881008802 92.44123817068612 4.890039794248878 18.021927699883236 4.6233747434162051 5.2583629670989467 60.628941785005736 6.7738942354917508 612.44087194505664 536.44645788736671 161.39151356609364 4.1648685551335793 28.498723078504554 12.67469483177956 2.9837085148319602 13.081121436063764 0.1717966590076685 0.95089242979884225
leaf_count=52 15 88 33 50 1368 1052 439 492 532 22467 3139 6370 778 48 120 52 43 398 45 5197 3250 1155 25 455 235 21 1007 4 5
internal_value=-1.2872e-06 -0.00206105 0.015296 0.000584187 -0.00533142 -0.00741309 0.00277521 -0.0132402 0.00112139 5.40961e-05 -0.00793482 0.00499398 0.0015993 -0.0415658 0.00558753 -0.0143391 0.0074154 -0.00276505 0.0208895 -0.00319579 -0.00174646 -0.0106956 -0.000576375 0.0255151 0.0280167 0.054341 0.0534648 -0.0452452 0.0570847
internal_weight=6562.51 1452.49 56.6167 5110.02 425.412 410.866 149.491 261.375 4684.6 3672.47 595.201 1012.14 3077.27 12.7404 999.395 14.5173 9.88174 1395.87 24.9634 1370.91 1148.89 222.02 15.2058 42.0995 41.1734 9.7576 14.5466 0.514577 14.032
internal_count=48935 11012 833 37923 4419 3351 1807 1544 33504 26916 3671 6588 23245 98 6490 128 95 10179 179 10000 8447 1553 113 705 690 66 1068 56 1012
is_linear=0
shrinkage=0.05


Tree=231
num_leaves=26
num_cat=0
split_feature=8 22 18 18 22 6 18 40 28 7 8 17 16 18 18 6 22 20 17 17 17 11 11 11 29
split_gain=3.11537 3.08363 3.31353 48.0535 6.60893 6.39542 4.82444 3.23992 3.53762 4.06029 0.071476 0.0213767 0.00234796 0.000793915 0.000278105 4.57331e-06 4.31739e-06 1.3516e-06 1.12979e-06 9.17086e-07 2.77617e-07 9.03173e-08 1.65687e-08 6.81005e-09 1.23399e-09
threshold=0.93333333333333346 -0.54444444444444429 0.74166666666666681 0.70000000000000007 1.0000000180025095e-35 0.55800000000000016 0.56944444444444453 0.75350000000000017 0.61150000000000004 0.17500000000000002 0.63333333333333341 0.20950000000000002 0.22450000000000003 0.81666666666666676 0.81666666666666676 0.87750000000000006 0.36666666666666664 -5.4999999999999991 0.27700000000000008 0.34700000000000003 0.23200000000000004 9.5000000000000018 3.5000000000000004 1.0000000180025095e-35 2.7080000000000006
decision_type=2 2 2 2 2 2 2 2 2 2 2 2 2 2 2 2 2 2 2 2 2 2 2 2 2
left_child=1 7 3 6 5 -4 -3 12 14 -10 -5 -6 -1 -14 -9 16 18 20 -2 -19 -18 22 23 -17 -24
right_child=15 2 4 10 11 -7 -8 8 9 -11 -12 -13 13 -15 -16 21 17 19 -20 -21 -22 -23 24 -25 -26
leaf_value=-0.057411676252856536 0.050342680525596754 -0.00053511695863745683 0.0083145440407782958 -0.051884810517411319 0.056431184121340516 -0.011580598204413886 0.0029755242122473735 -0.05256045079539759 0.091803596549884695 -0.052519450230834666 -0.056207867475846086 0.062665928283335268 -0.052282324281363625 -0.050173427376370622 -0.050259469695808245 0.050002745544691307 0.050172183343651304 0.0502564041405568 0.050528197930868761 0.050414652265902062 0.05021541983861904 0.050103736978481472 0.050052597021164602 0.050027125670338846 0.050041070361411311
leaf_weight=0.21574404751299692 0.20983557798899699 5030.2780640151213 203.41118587784149 27.565709642440197 3.2863201424479476 50.402978252212051 1214.9901742351067 1.3462783573086201 1.5621185155432615 0.70830101552564873 14.638931496374424 2.3636148422956467 4.9986764750647126 0.49002455783920584 0.14551109090825765 0.038237873985053628 0.63647797008161477 0.81107683107256856 0.13477887911722064 0.10320239793509245 0.89099388779141009 0.051958913456473965 0.053965486295055598 0.11414941650582477 0.040753613982815295
leaf_count=4 35 32044 2353 1229 36 412 7797 237 169 216 201 15 812 1269 341 758 212 170 14 14 229 33 57 224 54
internal_value=-5.60426e-07 -2.41987e-05 1.70346e-05 -0.000211471 0.00555431 0.00436372 0.000147863 -0.0285402 0.00747811 0.0467792 -0.0533843 0.0590395 -0.0522952 -0.052094 -0.052336 0.0502296 0.0502496 0.0502262 0.0504152 0.0502743 0.0501974 0.0500438 0.0500312 0.050021 0.0500476
internal_weight=6559.49 6556.4 6546.94 6287.47 259.464 253.814 6245.27 9.46665 3.76221 2.27042 42.2046 5.64993 5.70445 5.4887 1.49179 3.08543 2.78637 2.44175 0.344614 0.914279 1.52747 0.299065 0.247106 0.152387 0.0947191
internal_count=48935 47135 44087 41271 2816 2765 39841 3048 963 385 1430 51 2085 2081 578 1800 674 625 49 184 441 1126 1093 982 111
is_linear=0
shrinkage=0.05


Tree=232
num_leaves=30
num_cat=0
split_feature=19 2 22 7 39 23 27 32 26 11 35 3 26 18 18 7 7 4 40 44 44 8 40 18 39 22 36 7 22
split_gain=3.11913 4.88214 4.80856 8.95078 6.62025 4.4914 10.4754 15.3381 9.08208 7.02553 7.38241 6.16466 4.32656 4.45136 40.7205 8.12356 4.09317 6.64875 5.11112 2.79759 3.91568 2.30408 1.16107 0.0148569 0.00529177 0.00262043 0.00225936 0.00124701 0.000184378
threshold=2.3170000000000006 4.5000000000000009 -0.29999999999999988 0.16950000000000001 2.4915000000000007 -1.1374999999999997 0.24250000000000002 0.41450000000000004 0.29650000000000004 60.500000000000007 0.71400000000000008 0.87750000000000006 0.10250000000000002 0.74166666666666681 0.70000000000000007 0.29300000000000004 0.075500000000000012 1.1960000000000002 0.74700000000000011 0.47850000000000004 0.45550000000000007 0.36666666666666675 0.68650000000000011 0.63333333333333341 2.6190000000000002 -0.19999999999999993 0.51650000000000007 0.24550000000000002 -0.40833333333333327
decision_type=2 2 2 2 2 2 2 2 2 2 2 2 2 2 2 2 2 2 2 2 2 2 2 2 2 2 2 2 2
left_child=5 23 3 4 -3 6 9 11 -9 10 -1 -8 19 14 -14 -15 18 -18 -4 20 -7 -21 -5 24 26 28 -2 -27 -25
right_child=1 2 16 22 -6 12 7 8 -10 -11 -12 -13 13 15 -16 -17 17 -19 -20 21 -22 -23 -24 25 -26 27 -28 -29 -30
leaf_value=0.014431090170044351 -0.052176779254002305 0.13506114780378556 0.0082280310771312079 0.0055226198268143048 -0.0033101808845937986 -0.039897891676926367 -0.028633557299982043 0.099580104251825285 0.028195554052400401 0.10350722609748922 -0.015329887910277085 0.045865421775309619 6.378653821690277e-05 0.001925045513637351 -0.05329529574965694 0.025588381356691111 -0.0092596931884289333 0.032475770230469179 -0.08329242725730969 -0.016621864002351643 0.046083164068739892 -0.066470153033198517 -0.059125247549040465 -0.050867878149706273 -0.061324767264637037 -0.052999082967020154 -0.057854009238450556 -0.055373526012548108 -0.051890337150910293
leaf_weight=39.64302562703233 0.30363966775621409 1.0113482517117542 3.1690852601313955 0.74218666586239024 5.9498237822590454 2.7306375339394426 9.2078209042811086 9.1856752279272786 8.6530572286646912 1.63293881904974 43.926098915220791 3.975819248102197 6110.7268114274939 164.82924573522178 35.965392582631466 46.500922717863432 22.855934652732685 16.382614103029482 2.9414997615967877 4.2708268923961423 2.5708336496172706 5.0700453804456629 10.816279564485738 0.64788213874089606 0.82428779413021402 1.2571732308715597 0.41445099775592098 0.98712505470029999 1.3802509383240247
leaf_count=548 32 32 23 25 226 20 158 105 80 16 606 36 40690 2083 1364 747 166 111 24 71 26 36 502 1028 23 36 15 15 91
internal_value=-9.8399e-07 -0.0105231 -0.00652976 -0.0279983 0.016793 0.000112012 0.00985265 0.0347294 0.0649535 0.000794944 -0.00121205 -0.00616674 -6.56377e-05 -3.11685e-06 -0.000248427 0.00713191 0.00223752 0.00816542 -0.0358279 -0.0272136 0.00179676 -0.0436786 -0.0549741 -0.0543848 -0.0585912 -0.0528663 -0.0554534 -0.0540435 -0.0515637
internal_weight=6558.57 69.6836 63.8688 18.5196 6.96117 6488.89 116.224 31.0224 17.8387 85.2021 83.5691 13.1836 6372.66 6358.02 6146.69 211.33 45.3491 39.2385 6.11059 14.6423 5.30147 9.34087 11.5585 5.81481 1.54238 4.27243 0.718091 2.2443 2.02813
internal_count=48935 2349 1109 785 258 46586 1549 379 185 1170 1154 194 45037 44884 42054 2830 324 277 47 153 46 107 527 1240 70 1170 47 51 1119
is_linear=0
shrinkage=0.05


Tree=233
num_leaves=26
num_cat=0
split_feature=33 11 24 41 17 20 11 41 25 36 1 29 21 19 20 36 21 40 24 14 7 22 5 59 23
split_gain=3.10348 7.98341 10.2135 8.54354 7.08939 13.7025 7.34724 5.63064 5.60175 5.57466 5.36024 7.14034 6.65034 6.13218 5.53467 6.09014 5.40929 10.3697 5.77564 4.45251 4.23491 4.05975 3.09535 1.94888 1.8128
threshold=0.35250000000000004 19.500000000000004 1.7475000000000003 0.42600000000000005 0.11650000000000001 1.0000000180025095e-35 16.500000000000004 0.42850000000000005 510.50000000000006 0.57350000000000001 52.500000000000007 2.1425000000000005 30.500000000000004 0.74550000000000016 1.5000000000000002 0.53700000000000014 26.500000000000004 0.73750000000000016 3.6255000000000002 0.70500000000000007 0.27100000000000007 -0.13333333333333333 -0.50849999999999984 27.500000000000004 -0.10149999999999994
decision_type=2 2 2 2 2 2 2 2 2 2 2 2 2 2 2 2 2 2 2 2 2 2 2 2 2
left_child=10 2 8 20 5 -4 -6 -5 22 -9 12 -12 16 23 15 -13 18 -18 -1 -10 21 -3 -2 -14 -22
right_child=1 3 4 7 6 -7 -8 9 19 -11 11 14 13 -15 -16 -17 17 -19 -20 -21 24 -23 -24 -25 -26
leaf_value=0.0003912501640844588 -0.041309907698655106 -0.062714813110109707 0.021539687647521746 0.075463177623709965 -0.0091392159569980615 -0.018629214014689612 -0.028772967431412701 0.0096938151744522458 0.012524813400358088 -0.0016037246999221569 -0.087752204995518071 -0.0022638782559628806 0.054892305799792013 -0.044683503846824311 0.044038740252727811 -0.023876745665583898 0.014073988916522335 -0.040696612553381695 0.0085097114448213634 0.10459333937885218 -0.037982412067675393 0.005074264799383027 0.032051655177223373 0.0051173439644030226 -0.092503397569407828
leaf_weight=5211.1191302919406 2.3192164775409765 3.1119308170891609 46.794079788782255 2.6430488279002011 243.8429432107805 38.862219642509444 59.22203549407277 166.51141028624625 2.006610114738578 317.1994089745458 2.7954506662208578 107.0856946058484 10.987847793265244 2.1668279797304413 5.1123441243544212 46.856342142564245 14.432936762401367 21.538380747311749 228.68895379253081 3.7999653987280908 2.8903894870018121 7.608672597183614 3.7835322144819639 2.3952248913701615 3.2265868916874743
leaf_count=37567 97 34 645 18 1770 310 376 1289 86 2114 18 715 110 19 31 286 116 180 2931 60 26 48 50 23 16
internal_value=-1.78753e-06 -0.00272227 -0.00798872 0.00147076 -0.00938608 0.00331508 -0.0129759 0.00268299 0.0376214 0.00228531 0.00043316 -0.0085349 0.000697482 0.0333497 -0.00714262 -0.00884233 0.000604757 -0.0187208 0.000732549 0.0727767 -0.0335446 -0.0146033 0.00417219 0.0459839 -0.0667412
internal_weight=6557 903.822 400.631 503.191 388.721 85.6563 303.065 486.354 11.9093 483.711 5653.18 161.85 5491.33 15.5499 159.054 153.942 5475.78 35.9713 5439.81 5.80658 16.8376 10.7206 6.10275 13.3831 6.11698
internal_count=48935 6939 3394 3545 3101 955 2146 3421 293 3403 41996 1050 40946 152 1032 1001 40794 296 40498 146 124 82 147 133 42
is_linear=0
shrinkage=0.05


Tree=234
num_leaves=26
num_cat=0
split_feature=59 17 16 59 23 26 19 26 17 21 19 17 39 19 18 17 24 5 3 9 33 32 24 14 4
split_gain=3.07657 8.46429 10.9163 8.73161 8.64361 9.06962 7.92363 7.07524 6.54384 6.41887 9.52102 11.7612 7.84897 6.73471 12.5516 10.3377 7.31133 7.99439 7.64209 6.39094 6.0522 6.02816 4.8596 6.35532 4.49755
threshold=16.500000000000004 0.48050000000000004 0.24550000000000002 17.500000000000004 -0.95249999999999979 0.41800000000000004 1.4690000000000003 0.13950000000000004 0.064500000000000016 18.500000000000004 1.0575000000000003 0.27100000000000007 2.5955000000000008 1.7755000000000003 0.36666666666666675 0.43650000000000005 2.3575000000000004 0.55100000000000016 0.89600000000000013 1.3490000000000004 0.36350000000000005 0.56350000000000011 3.0385000000000004 1.3965000000000003 1.175
decision_type=2 2 2 2 2 2 2 2 2 2 2 2 2 2 2 2 2 2 2 2 2 2 2 2 2
left_child=9 3 22 4 24 -6 -4 19 -9 13 11 20 -13 16 21 -16 17 -1 -18 -5 -11 -15 23 -3 -2
right_child=1 2 6 7 5 -7 -8 8 -10 10 -12 12 -14 14 15 -17 18 -19 -20 -21 -22 -23 -24 -25 -26
leaf_value=0.0056194184140990729 0.11552216748405622 -0.056792895322586773 0.073693280448897155 -0.0071299299876392969 -7.6081368664534886e-05 0.019528495629332933 -0.045332647052539747 -0.015676271378661885 0.0013915666796226471 0.027833260120845912 -0.13854206875622083 -0.09101054908084999 -0.0031356708358788211 -0.069324823670792776 -0.0034410642126760254 -0.044299377126603486 -0.014003735566212407 -0.018456391007352652 -0.00067192725225076466 -0.046993507723303407 -0.081758586146942758 0.0042304312317373019 -0.10169162912913221 0.026173007801854217 0.036117694042087638
leaf_weight=691.05594432783982 2.5357487459550594 9.3306553685397429 3.6558664528420186 142.94722710168571 134.78021703015111 104.9191477526183 2.264222296391381 57.256282784766881 2929.1549484990646 10.957409665963501 1.7605500235222269 6.4582504125719407 4.1895601994474418 11.212419544521252 550.6849684587487 15.928944671100906 114.7580266189907 36.290378300527664 1697.573024075271 10.814989712001987 1.4234397918335151 3.7061792861204585 3.6812822377542025 3.0669211079366496 6.009807618749619
leaf_count=5542 20 59 25 1503 896 646 29 422 18897 154 17 59 42 75 6234 600 813 400 12254 84 28 22 20 18 76
internal_value=-1.52938e-06 0.00103874 -0.0298755 0.00123945 0.0102667 0.00850507 0.0281701 0.000525803 0.00106434 -0.00112923 -0.0264718 -0.017904 -0.0564347 -0.000927957 -0.00578163 -0.00458969 0.000183431 0.00441817 -0.00151611 -0.00993377 0.0152334 -0.0510517 -0.0512474 -0.0362687 0.0596796
internal_weight=6556.42 3410.42 21.9989 3388.42 248.245 239.699 5.92009 3140.17 2986.41 3146 24.7892 23.0287 10.6478 3121.21 581.533 566.614 2539.68 727.346 1812.33 153.762 12.3808 14.9186 16.0789 12.3976 8.54556
internal_count=48935 22695 151 22544 1638 1542 54 20906 19319 26240 300 283 101 25940 6931 6834 19009 5942 13067 1587 182 97 97 77 96
is_linear=0
shrinkage=0.05


Tree=235
num_leaves=30
num_cat=0
split_feature=30 4 14 2 24 9 41 39 2 22 26 17 39 14 10 22 9 18 15 42 26 41 22 14 43 10 24 15 22
split_gain=3.10651 6.66655 6.74264 9.20966 8.39588 5.18562 10.0525 5.94201 4.8085 5.6262 4.55537 3.9645 7.4984 7.63992 7.56649 5.48388 5.74972 3.98059 3.92636 3.63897 7.95824 7.95652 2.85794 2.72507 2.52257 1.44223 1.20759 0.000132255 9.90745e-05
threshold=1.3110000000000002 0.9425 1.1130000000000002 22.500000000000004 2.1210000000000004 1.3585000000000003 0.46850000000000008 2.4850000000000008 4.5000000000000009 1.0000000180025095e-35 0.38550000000000006 0.55300000000000016 2.5030000000000006 1.3620000000000003 11.500000000000002 0.11111111111111106 1.3270000000000002 0.81666666666666676 -0.50849999999999984 0.25150000000000006 0.13950000000000004 0.47850000000000004 0.19999999999999998 1.0165000000000002 0.7835000000000002 11.500000000000002 2.8845000000000005 -0.14549999999999996 -0.14999999999999997
decision_type=2 2 2 2 2 2 2 2 2 2 2 2 2 2 2 2 2 2 2 2 2 2 2 2 2 2 2 2 2
left_child=1 5 3 4 -3 22 7 -7 18 -10 -8 17 13 14 -13 24 -17 19 -4 21 -21 -2 25 -5 -14 -1 -15 -19 -29
right_child=11 2 8 23 -6 6 10 -9 9 -11 -12 12 15 26 -16 16 -18 27 -20 20 -22 -23 -24 -25 -26 -27 -28 28 -30
leaf_value=-0.076550474775995803 0.0006023730763619296 0.015299019817731411 0.0011324397413003061 -0.064715793491635074 0.082513593593889212 -0.017929119797057951 -0.10344852771172025 0.078070636680494326 -0.022885982991909228 -0.0007902877863803136 -0.027569719877506685 0.00076888129941474952 -0.044966966678556486 -0.086341682790434901 0.075401202354939467 0.032277191605573033 -0.016876128188527708 -0.05140512118113727 0.098585334185160786 -0.008024893171778423 0.0016801896891376065 -0.0063380913548132627 -0.11595581155879098 -0.0032810052711432906 0.052666613103751439 -0.014315742164740753 -0.022780173089031935 -0.050130846083757778 -0.050766168943903824
leaf_weight=1.8317806857667194 1428.9878838117911 19.996417633345121 2.3326660691709549 3.4820168974692924 6.0521695706993333 3.1813415840661028 2.8240598184747778 3.2673346312731155 50.195812444850162 67.620373736368492 6.6021655651165929 7.4405993168184086 18.037794603143997 1.4395935879147139 6.2477492566831643 7.0500587145215823 38.112004184164107 0.27603598694258868 1.8558873586589459 222.81865418393863 4061.9169108329334 580.76474849760416 2.2845715321600437 3.7479587707202882 0.68677262643177428 1.8928725966252384 1.5537871055130379 2.8125027598753158 0.78488773945718859
leaf_count=28 9814 197 31 26 36 20 26 27 360 358 50 150 639 15 48 71 254 33 17 2016 27687 3969 12 20 8 13 26 2919 65
internal_value=-1.40764e-06 -0.0065322 -0.00289112 0.0170582 0.0309158 -0.0323683 -0.0173935 0.0307108 -0.00833259 -0.0102042 -0.0503027 0.000179978 -0.0108411 0.0190098 0.0348332 -0.0186355 -0.00920301 0.000320958 0.0443124 0.00035214 0.0011755 -0.00140324 -0.0719279 -0.0328685 -0.041386 -0.0449227 -0.0533485 -0.0503504 -0.0502695
internal_weight=6556.1 177.167 155.283 33.2786 26.0486 21.8841 15.8749 6.44868 122.005 117.816 9.42623 6378.93 80.5684 16.6817 13.6883 63.8866 45.1621 6298.36 4.18855 6294.49 4284.74 2009.75 6.00922 7.22998 18.7246 3.72465 2.99338 3.87343 3.59739
internal_count=48935 1221 1045 279 233 176 123 47 766 718 76 47714 1211 239 198 972 325 46503 48 43486 29703 13783 53 46 647 41 41 3017 2984
is_linear=0
shrinkage=0.05


Tree=236
num_leaves=28
num_cat=0
split_feature=18 27 14 4 28 8 37 24 24 11 4 4 7 0 7 24 8 59 11 24 7 8 24 9 7 8 9
split_gain=3.07294 3.00637 6.60111 6.69446 8.60434 6.84585 6.19703 8.31226 7.53746 6.56444 6.53799 5.77946 5.57776 7.52866 5.44679 3.68582 2.50758e-05 4.74161e-06 2.67279e-06 2.58347e-06 2.02084e-06 5.92342e-07 4.89843e-07 3.31827e-07 6.78931e-08 3.48041e-08 1.94076e-08
threshold=1.0000000180025095e-35 0.27700000000000008 2.0165000000000002 1.2830000000000001 0.48100000000000004 0.23611111111111113 0.51600000000000013 3.8335000000000004 1.5465000000000002 18.500000000000004 1.651 1.3965000000000003 0.31100000000000005 5.5000000000000009 0.36200000000000004 3.4445000000000006 0.36666666666666675 12.500000000000002 1.0000000180025095e-35 2.6895000000000007 0.35850000000000004 0.59166666666666679 2.6935000000000007 1.4390000000000003 0.14050000000000004 0.56944444444444453 2.4905000000000004
decision_type=2 2 2 2 2 2 2 2 2 2 2 2 2 2 2 2 2 2 2 2 2 2 2 2 2 2 2
left_child=16 6 3 5 -5 -3 8 10 11 -10 -8 -2 13 -4 -9 -14 17 22 24 -19 21 -20 -1 -22 26 -26 -18
right_child=1 2 12 4 -6 -7 7 14 9 -11 -12 -13 15 -15 -16 -17 18 19 20 -21 23 -23 -24 -25 25 -27 -28
leaf_value=0.050380694063656528 0.0058660662825975674 -0.039926746612195835 -0.10910631091181147 0.00095908882736109736 0.030698043723306541 -0.0046545766529359524 0.0029700970667693991 0.027210585316512756 -0.0041062107754677645 0.00059889500622776722 -0.0045826792673614525 0.048944275291343826 0.027258470272787289 -0.02712924353043536 -0.016787838859310924 -0.033715559486363247 0.050045085229818535 0.050640891534564303 0.050221721750511789 0.05042884578414833 0.050393928608068864 0.050158865431932022 0.050234502521396322 0.05028693350604975 0.050106432347752083 0.05006353353047454 0.050002933770587593
leaf_weight=0.11525686469394658 19.690420553468357 14.124295206938767 3.3752841545792824 436.71728456521487 25.756875582772409 528.05427021759533 2000.5246947529404 49.999206801949185 1234.21280342113 1856.2058299862219 334.43014902649884 12.878251941375309 6.493036250365547 16.453520931770981 8.185654364700893 4.0086148192203837 0.10696689275209825 0.44338925834745169 0.70791500108316519 0.21247914829291403 0.12231379933655251 0.7965606559155276 0.11394948000088334 0.17780305072665215 0.07448433741228655 0.12945299336570315 0.036669080980573199
leaf_count=17 381 345 39 3067 266 3173 13932 664 8955 12260 3376 521 40 117 80 29 136 39 177 27 17 300 35 35 37 112 758
internal_value=-1.60903e-06 -2.49206e-05 -0.00249769 -0.00180388 0.00261536 -0.00557345 0.000439042 0.0023535 -0.001028 -0.00128017 0.00188833 0.0229 -0.0254793 -0.0410835 0.0210207 0.0039839 0.0502798 0.0505038 0.0501876 0.0505722 0.0502121 0.0501884 0.050308 0.0503305 0.0500607 0.0500792 0.0500343
internal_weight=6554.15 6551.11 1034.98 1004.65 462.474 542.179 5516.13 2393.14 3122.99 3090.42 2334.95 32.5687 30.3305 19.8288 58.1849 10.5017 3.03724 0.885075 2.15217 0.655868 1.80459 1.50448 0.229206 0.300117 0.347573 0.203937 0.143636
internal_count=48935 47245 7076 6851 3333 3518 40169 18052 22117 21215 17308 902 225 156 744 69 1690 118 1572 66 529 477 52 52 1043 149 894
is_linear=0
shrinkage=0.05


Tree=237
num_leaves=25
num_cat=0
split_feature=19 40 9 17 7 30 28 41 32 17 19 44 6 8 17 6 43 8 35 22 18 6 44 6
split_gain=3.04602 3.04002 7.66625 6.07257 9.12286 5.51259 6.19059 5.35288 7.30625 8.11155 6.48394 4.36366 10.7999 3.94196 3.17036 0.00124419 0.00100138 0.000323685 0.00021203 8.49132e-05 3.1159e-05 6.32244e-05 2.75646e-05 3.02538e-08
threshold=1.0000000180025095e-35 0.68650000000000011 2.2245000000000004 0.12250000000000001 0.17500000000000002 1.3240000000000003 0.18150000000000002 0.45350000000000007 0.58400000000000007 0.44600000000000006 1.5475000000000001 0.44000000000000006 0.65450000000000019 0.23611111111111113 0.20350000000000004 0.37250000000000005 0.71650000000000003 0.48333333333333339 0.83850000000000013 -0.074999999999999942 1.0000000180025095e-35 0.93100000000000016 0.49900000000000005 0.82700000000000007
decision_type=2 2 2 2 2 2 2 2 2 2 2 2 2 2 2 2 2 2 2 2 2 2 2 2
left_child=15 2 5 -4 -5 14 -7 8 10 -10 -3 12 -9 -13 -2 16 -1 18 19 -17 23 -22 -18 -19
right_child=1 7 3 4 -6 6 -8 11 9 -11 -12 13 -14 -15 -16 17 22 20 -20 -21 21 -23 -24 -25
leaf_value=0.055287538712335049 -0.0065397722389931292 0.0091300234414463371 0.031272196738720538 -0.030207964826565945 -0.149775000002527 -0.024415037334566757 0.0011242631978961258 -0.0077001754644834249 -0.0045362282608832766 -0.067596207293517563 -0.0016818632237058555 -0.0062557330860115437 -0.090886660742256375 9.4018549177000987e-05 -0.06923392839413442 0.051964663830057711 0.051017707728285414 0.050053000314257239 0.05289973463474127 0.050908039699190888 0.051257327557576608 0.050331797824550897 0.051945166776123035 0.050003207429801168
leaf_weight=0.38566008047200684 3.401368917016951 482.95810946303391 1.760272467014145 4.4922876418859232 2.4738420699723065 27.370114357065177 178.29186693869633 75.288370857727386 115.50441884749853 5.3351510912252698 194.51863510556723 256.49140174708828 4.1149361066054544 5193.9933584485661 4.9526101668525371 0.31582963839173317 0.1511643705307506 0.22363096967455909 0.29436704015824944 0.47778124433534708 0.29500864446163177 0.49267718559713103 0.17044224368873984 0.035324781722010812
leaf_count=16 24 3122 31 44 14 183 1277 555 853 63 1733 6729 43 32981 31 10 36 245 12 51 13 100 11 758
internal_value=-1.41777e-06 -2.38691e-05 -0.00576497 -0.0517023 -0.0726691 -0.0038919 -0.00227458 0.000178208 0.00400552 -0.00732037 0.00602569 -0.000374318 -0.0120112 -0.000204791 -0.0437077 0.051752 0.0535695 0.0511498 0.0517536 0.0513285 0.050522 0.0506784 0.0515092 0.0500462
internal_weight=6553.79 6550.95 222.742 8.7264 6.96613 214.016 205.662 6328.2 798.316 120.84 677.477 5529.89 79.4033 5450.48 8.35398 2.84189 0.707267 2.13462 1.08798 0.793611 1.04664 0.787686 0.321607 0.258956
internal_count=48935 47683 1604 89 58 1515 1460 46079 5771 916 4855 40308 598 39710 55 1252 63 1189 73 61 1116 113 47 1003
is_linear=0
shrinkage=0.05


Tree=238
num_leaves=22
num_cat=0
split_feature=17 21 3 10 10 9 23 14 16 21 22 26 33 21 33 17 21 8 1 7 22
split_gain=3.01915 3.03092 8.95058 5.97042 11.6982 5.23522 3.75136 8.45733 8.43597 7.83221 5.23255 11.6987 4.0195 3.53406 6.67434 0.577824 0.00548304 0.000530613 0.000383273 9.94171e-05 1.54161e-07
threshold=0.81650000000000011 23.500000000000004 2.2035000000000005 10.500000000000002 9.5000000000000018 2.2545000000000006 0.80000000000000027 1.0680000000000003 0.33900000000000002 1.0000000180025095e-35 0.70000000000000018 0.30150000000000005 0.41050000000000003 31.500000000000004 0.33650000000000008 0.19600000000000004 5.5000000000000009 0.76388888888888895 3.5000000000000004 0.37250000000000005 0.51666666666666683
decision_type=2 2 2 2 2 2 2 2 2 2 2 2 2 2 2 2 2 2 2 2 2
left_child=1 6 3 4 -3 -5 10 9 -9 -8 12 -12 -1 15 -15 -4 17 18 20 -20 -2
right_child=16 2 13 5 -6 -7 7 8 -10 -11 11 -13 -14 14 -16 -17 -18 -19 19 -21 -22
leaf_value=0.00010240750834927546 -0.050033740954364442 0.0087819566358562293 0.034065454936302801 -0.0040475792370202159 -0.094920238978735805 -0.037260624184673061 -0.046165059332299321 0.0042518003346897759 0.023196943705778319 -0.0035909286429435918 -0.17891751742606218 -0.016195792755398269 -0.0080213417682445977 0.061494253531368483 -0.067915220368157642 0.066579821405781919 -0.059136818369523385 -0.054657516104634922 -0.052843663420602455 -0.052106427248960641 -0.050199824264287742
leaf_weight=5598.7339799242227 0.17024252196279155 5.2618357434403134 1.8380957089248093 154.10925661487272 5.6283949015196413 12.854370327884679 11.989668741618514 405.10286033738521 68.728651011129841 109.12021851521786 1.2462821859153326 9.7127178368136793 156.52127120253135 2.0808842865517367 1.9117217218881704 5.3249154296354391 0.35772377997636784 0.24945104960352171 0.81744481995701779 1.0378907797858117 0.015221406705677509
leaf_count=39653 434 38 29 1210 41 136 81 4173 556 902 20 278 1220 26 24 56 3 5 17 29 4
internal_value=-1.2094e-06 2.03695e-05 -0.00621924 -0.00894426 -0.0448144 -0.00660462 0.000205768 0.00398588 0.00699977 -0.00780569 -0.000184253 -0.0347009 -0.000118528 0.0372256 -0.000469011 0.0582363 -0.0533799 -0.0524807 -0.0522146 -0.0524312 -0.0500474
internal_weight=6552.81 6550.17 189.009 177.854 10.8902 166.964 6361.16 594.941 473.832 121.11 5766.21 10.959 5755.26 11.1556 3.99261 7.16301 2.64797 2.29025 2.0408 1.85534 0.185464
internal_count=48935 48443 1560 1425 79 1346 46883 5712 4729 983 41171 298 40873 135 50 85 492 489 484 46 438
is_linear=0
shrinkage=0.05


Tree=239
num_leaves=27
num_cat=0
split_feature=8 8 39 39 26 44 24 40 24 14 10 18 9 18 18 20 17 18 17 40 20 17 11 1 1 11
split_gain=2.98029 2.97614 2.92619 9.47859 7.8286 6.12943 5.64112 5.66363 2.25721 0.252264 0.558397 4.62065e-06 3.89718e-06 3.65911e-06 1.56928e-06 1.2027e-06 9.34899e-07 4.41965e-07 3.01277e-07 2.94627e-07 1.7288e-07 7.19077e-08 4.5009e-08 4.31037e-08 3.54079e-08 1.05381e-08
threshold=0.18333333333333332 0.93333333333333346 2.7315000000000005 2.7295000000000003 0.58050000000000013 0.51250000000000007 4.2580000000000009 0.75700000000000012 4.7635000000000014 0.83650000000000013 13.500000000000002 0.21111111111111114 2.7205000000000004 0.63333333333333341 0.074999999999999969 -5.4999999999999991 0.23900000000000002 0.40833333333333338 0.41550000000000004 0.69900000000000007 3.5000000000000004 0.41550000000000004 9.5000000000000018 2.5000000000000004 3.5000000000000004 1.0000000180025095e-35
decision_type=2 2 2 2 2 2 2 2 2 2 2 2 2 2 2 2 2 2 2 2 2 2 2 2 2 2
left_child=9 2 3 5 -5 -2 7 -4 -8 10 20 14 13 15 -11 -3 -15 19 -16 -13 21 -1 25 -19 -22 -14
right_child=1 12 6 4 -6 -7 8 -9 -10 11 -12 17 22 16 18 -17 -18 23 -20 -21 24 -23 -24 -25 -26 -27
leaf_value=-0.05007517391264691 -0.00060662548801356908 0.05018946244964563 -0.016083590376206987 0.039763999287391508 -0.044640134351218552 0.0034764434591189742 0.056912046480747248 -0.0017525643864989403 -0.0090551972217414595 -0.050334725097432878 0.062570581567674866 -0.050148751664198389 0.050002372292535235 0.050297940367680621 -0.050149752196404135 0.050263070182428288 0.050469275499951033 -0.050008536327652703 -0.050253767706113596 -0.050075743314839598 -0.050006903810941833 -0.050214651040580038 0.050088138643409677 -0.050046082995510804 -0.050051622437622484 0.050033046354038394
leaf_weight=0.015845050869756405 4971.3328466191924 1.4736111771198925 87.479392999535776 23.663223500218013 3.1080804609227917 1127.6400433603412 5.2408653459278858 325.33113095265435 1.7230935079860499 0.17761457178858142 0.16726626188028604 0.16228948767820861 0.032758014323917339 0.13905998948030163 0.4895895290246699 0.89017177186906304 0.18626079382374883 0.081332677049431257 0.0811559539870359 0.93046095320460154 0.054881129790373961 0.022170699736307142 0.036929004440025892 1.2702327439310463 0.22884100932969886 0.19278182514972286
leaf_count=20 31698 445 583 161 29 7303 67 2074 31 38 2 88 758 26 223 188 22 750 82 859 804 29 28 1903 391 333
internal_value=-7.92365e-07 2.44925e-05 1.85743e-06 0.000278601 0.0299649 0.000148294 -0.00403665 -0.00478948 0.0405898 -0.0449741 -0.0115318 -0.0500962 0.0502209 0.0502388 -0.0502049 0.0502172 0.050396 -0.0500629 -0.0501645 -0.0500866 -0.0500564 -0.0501565 0.050037 -0.0500438 -0.050043 0.0500286
internal_weight=6552.15 6548.47 6545.52 6125.74 26.7713 6098.97 419.774 412.811 6.96396 3.68168 0.489004 3.19268 2.95157 2.6891 0.74836 2.36378 0.325321 2.44432 0.570745 1.09275 0.321738 0.0380158 0.262469 1.35157 0.283722 0.22554
internal_count=48935 43746 41946 39191 190 39001 2755 2657 98 5189 1246 3943 1800 681 343 633 48 3600 305 947 1244 49 1119 2653 1195 1091
is_linear=0
shrinkage=0.05


Tree=240
num_leaves=19
num_cat=0
split_feature=9 6 5 30 43 14 9 31 31 31 6 18 24 22 15 9 22 15
split_gain=2.94482 2.97329 2.91475 7.3529 6.34033 3.54532 3.39603 3.06788 2.60899 0.00361626 0.000922975 0.000289647 0.000154775 0.000113851 0.000101627 4.23472e-05 4.35764e-05 7.53643e-06
threshold=2.7205000000000004 0.041000000000000009 -1.3954999999999997 1.6025000000000003 0.76900000000000013 0.26150000000000007 0.81350000000000011 0.79800000000000015 0.7875000000000002 0.88750000000000007 0.87750000000000006 0.59166666666666679 3.1990000000000003 0.29999999999999999 -0.67299999999999993 0.34050000000000008 -0.19999999999999993 -0.47699999999999992
decision_type=2 2 2 2 2 2 2 2 2 2 2 2 2 2 2 2 2 2
left_child=1 13 3 4 -3 7 -7 -4 -5 10 -2 14 -13 15 -12 16 -1 -17
right_child=9 2 5 8 -6 6 -8 -9 -10 -11 11 12 -14 -15 -16 17 -18 -19
leaf_value=-0.050275825021220889 0.053846659941943924 0.026161078638854276 -0.048861085530391118 0.0078142774711262731 -0.063276285268060881 -0.0041224050380273191 0.00027369001292063748 0.054586445742588224 -0.067425809135278528 0.059744650031328575 0.05046848060071888 0.053399570135254593 0.051561601825463446 -0.051750705852104478 0.051241369340083553 -0.050425077932487065 -0.050968233570411525 -0.050213664466713173
leaf_weight=0.3640854681761998 0.36809509899467219 34.580582965078065 5.9208620915815109 1.7231595119592373 2.1020444417372337 473.87665920074869 6023.6391888255894 0.81540294479418651 3.4770200157363433 0.14122605080046913 0.90673820714437248 0.17401455712388259 0.33514797064708546 0.17699892073869694 0.80107908018544494 0.69390825531445433 0.60451866705261581 1.0739618568140938
leaf_count=1477 12 330 144 20 29 4521 39454 31 41 18 995 13 48 14 226 249 128 1185
internal_value=-6.96551e-07 -2.23246e-05 1.51036e-07 0.0131481 0.021036 -8.45126e-05 -4.69259e-05 -0.0363391 -0.0424938 0.0519537 0.051528 0.0511431 0.0521898 -0.0505217 0.050831 -0.0504422 -0.050708 -0.0502966
internal_weight=6551.77 6549.05 6546.13 41.8828 36.6826 6504.25 6497.52 6.73627 5.20018 2.7263 2.58507 2.21698 0.509163 2.91347 1.70782 2.73647 0.968604 1.76787
internal_count=48935 47623 44570 420 359 44150 43975 175 61 1312 1294 1282 61 3053 1221 3039 1605 1434
is_linear=0
shrinkage=0.05


Tree=241
num_leaves=27
num_cat=0
split_feature=18 18 7 18 24 7 11 18 33 11 24 22 36 44 4 23 8 59 11 24 7 8 6 24 6 6
split_gain=2.90069 2.88977 19.5664 20.477 11.277 11.0355 11.176 10.3526 10.0024 9.53469 11.0003 8.37639 5.57928 6.39627 4.08799 0.0694531 2.14725e-05 3.9925e-06 2.26081e-06 2.21856e-06 1.73013e-06 4.98188e-07 4.30961e-07 4.27965e-07 5.36992e-08 2.40836e-08
threshold=1.0000000180025095e-35 0.36666666666666675 0.10900000000000001 0.29999999999999999 3.9095000000000004 0.097500000000000017 3.5000000000000004 0.18333333333333332 0.35250000000000004 2.5000000000000004 4.4055000000000009 0.21111111111111114 0.50600000000000012 0.47650000000000003 1.4915000000000003 -0.34449999999999997 0.36666666666666675 12.500000000000002 1.0000000180025095e-35 2.6895000000000007 0.35850000000000004 0.59166666666666679 0.31100000000000005 2.6935000000000007 0.49150000000000005 0.82700000000000007
decision_type=2 2 2 2 2 2 2 2 2 2 2 2 2 2 2 2 2 2 2 2 2 2 2 2 2 2
left_child=16 2 9 7 5 11 -7 -4 -5 15 -11 -3 14 -14 -6 -2 17 23 24 -19 21 -20 -22 -1 -18 -26
right_child=1 4 3 8 12 6 -8 -9 -10 10 -12 -13 13 -15 -16 -17 18 19 20 -21 22 -23 -24 -25 25 -27
leaf_value=0.050364036264022173 0.071078544756535522 -0.0047981034610073171 -0.0055358617046827683 -0.0077055389258155029 0.053850759802196307 0.058870700219444509 0.0013045559393992075 0.0029296443414561311 -0.026048842947539966 0.011740587986790637 -0.079686495198064866 -0.029139305003415918 -0.018294250420988204 0.024643221876670604 -0.0066622774777935836 0.05308143675369395 0.050094920174834315 0.050609418470446234 0.050210773752190276 0.050407957929416748 0.050389611692556679 0.050151692146525477 0.050264169447216858 0.050223250692334021 0.050050360855679293 0.050002917622442224
leaf_weight=0.10965990391559843 0.55949414148926813 407.59871689950796 524.64252822400886 589.92947804306823 16.719005397462755 8.4518921218514134 3452.7144770191835 1158.8996414826834 85.029247698545078 204.18731836004372 3.3438745651510535 38.699492798827123 12.47084582960815 28.48446594494817 3.3502039996674275 12.80752329433744 0.067096286220476364 0.42185475351288915 0.67318901210091986 0.2021375868935138 0.11399377277120937 0.7591866130278504 0.17144240089692175 0.10631158924661577 0.21310361518408172 0.030588943141992786
leaf_count=17 5 3665 3611 3596 191 156 25168 7130 498 1752 76 444 111 290 58 494 38 39 177 27 16 300 36 35 246 759
internal_value=-7.53175e-07 -2.27752e-05 -0.00132566 -0.00265839 0.000824058 0.000490971 0.00144513 0.000291537 -0.0100164 0.0129038 0.0102675 -0.00690878 0.022152 0.0115688 0.0437492 0.0538347 0.0502674 0.05048 0.0501794 0.0505442 0.0502019 0.0501795 0.0503143 0.0502947 0.0500553 0.0500444
internal_weight=6550.76 6547.89 2579.4 2358.5 3968.49 3907.46 3461.17 1683.54 674.959 220.898 207.531 446.298 61.0245 40.9553 20.0692 13.367 2.86856 0.839964 2.0286 0.623992 1.71781 1.43238 0.285436 0.215971 0.310789 0.243693
internal_count=48935 47245 17162 14835 30083 29433 25324 10741 4094 2327 1828 4109 650 401 249 499 1690 118 1572 66 529 477 52 52 1043 1005
is_linear=0
shrinkage=0.05


Tree=242
num_leaves=24
num_cat=0
split_feature=7 17 44 41 4 3 13 44 19 3 18 39 17 18 19 18 18 18 31 23 37 24 4
split_gain=2.85187 12.8912 5.13034 11.2058 5.79423 4.13217 3.86689 7.03498 10.6951 6.99692 8.0687 5.94794 4.20326 8.21 7.00601 4.63594 20.8934 13.8254 3.58632 3.38266 3.03958 0.898891 0.621274
threshold=0.54750000000000021 0.12250000000000001 0.54550000000000021 0.50700000000000012 1.4420000000000002 1.6545000000000003 0.62750000000000006 0.41650000000000004 0.65100000000000013 0.63800000000000012 0.14999999999999999 2.8190000000000004 0.44600000000000006 0.14999999999999999 1.8545000000000003 0.36666666666666675 0.29999999999999999 0.51666666666666672 0.75850000000000006 0.63650000000000018 0.51150000000000018 2.3990000000000005 1.9665000000000001
decision_type=2 2 2 2 2 2 2 2 2 2 2 2 2 2 2 2 2 2 2 2 2 2 2
left_child=6 18 4 -4 5 -3 7 8 -1 10 -9 -11 15 19 -15 16 -8 -17 21 -14 -5 -2 -6
right_child=1 2 3 20 22 -7 12 9 -10 11 -12 -13 13 14 -16 17 -18 -19 -20 -21 -22 -23 -24
leaf_value=0.049177647442138456 0.039462521704346526 -0.022252502479231401 0.12599021373250616 -0.090282814740307596 -0.074445149454741538 0.013102933177132911 0.00157672688706221 -0.079548001213347708 -0.085892399470034769 0.0075318834578412741 -0.0053038311873187579 0.084648191073175463 0.050850921120832053 -0.006877088433583989 -0.05553040273694524 0.0044632428121555729 -0.0091244300774690479 -0.0016438372380275666 0.0041166189108103688 -0.0024452714175067381 0.0080682715115172107 0.076794344279203897 -0.025060211515082122
leaf_weight=2.1089816310559391 2.559687658758774 49.486894906302041 1.9396318702929409 1.1432858414482328 5.1608296908889306 9.9211216727853735 1463.2445894243265 4.6501085081981754 4.8038088680332294 315.91527006608703 17.177844082991214 2.5203750733016923 8.5276020633464196 243.50533352445927 7.6310948633217768 1716.6536521124581 662.71067077651242 2013.9242818991925 4.1342979128239676 4.5741133051924399 2.5109296734917734 4.3573332236846909 0.72649467569135584
leaf_count=38 27 832 24 26 96 57 10599 58 34 3069 224 43 52 1853 409 9904 3695 17635 39 37 36 33 115
internal_value=-1.58319e-07 -0.00926956 -0.0171 0.0288557 -0.021037 -0.0163482 0.000117273 0.00525056 -0.0446847 0.00626505 -0.0211204 0.00814225 -0.000173892 -0.00634244 -0.00835548 0.000104423 -0.00175908 0.00116638 0.0409589 0.032244 -0.0227026 0.0629795 -0.0683511
internal_weight=6549.89 81.9405 70.8892 5.59385 65.2953 59.408 6467.95 347.176 6.91279 340.264 21.828 318.436 6120.77 264.238 251.136 5856.53 2125.96 3730.58 11.0513 13.1017 3.65422 6.91702 5.88732
internal_count=48935 1285 1186 86 1100 889 47650 3466 72 3394 282 3112 44184 2351 2262 41833 14294 27539 99 89 62 60 211
is_linear=0
shrinkage=0.05


Tree=243
num_leaves=31
num_cat=0
split_feature=8 25 6 18 42 22 18 28 11 8 18 22 22 27 33 5 14 14 5 24 4 29 24 19 17 8 28 3 25 23
split_gain=2.85361 8.62189 8.99785 11.5798 8.19612 7.847 9.96418 7.69979 7.45845 6.01921 20.0318 9.80599 8.17313 7.23464 9.94072 6.99873 12.8704 5.31896 5.02306 4.66599 6.39603 7.43004 7.11956 4.64783 7.36549 4.78984 3.74252 3.53 3.49639 3.16506
threshold=0.78888888888888908 511.50000000000006 0.47700000000000004 0.25833333333333336 0.25850000000000006 0.70000000000000018 0.12222222222222222 0.24850000000000003 21.500000000000004 0.70000000000000007 0.56944444444444453 -1.0000000180025095e-35 0.11111111111111106 0.19550000000000003 0.30300000000000005 1.4335000000000002 1.5965000000000003 2.2245000000000004 1.3770000000000002 3.4685000000000006 0.85950000000000004 2.6310000000000007 3.3755000000000006 1.9625000000000001 0.38700000000000007 0.59166666666666679 0.14150000000000004 2.5580000000000003 512.50000000000011 1.5085000000000004
decision_type=2 2 2 2 2 2 2 2 2 2 2 2 2 2 2 2 2 2 2 2 2 2 2 2 2 2 2 2 2 2
left_child=9 2 5 7 -5 8 -7 -4 -2 15 13 -12 -13 18 -15 23 26 -18 -11 20 21 -3 -22 25 -25 -1 -17 29 -29 -21
right_child=1 19 3 4 -6 6 -8 -9 -10 10 11 12 -14 14 -16 16 17 -19 -20 27 22 -23 -24 24 -26 -27 -28 28 -30 -31
leaf_value=-0.00018443472098147594 0.051715292244509103 -0.035866602071224989 0.03499806939776378 -0.019471427418922615 -6.9246819992683245e-05 0.032711639367835013 -0.10999064067575555 -0.019694476558159112 0.010884082916154166 0.016790369656072661 0.071636510747874457 -0.0032539479717845427 0.036614250342497913 -0.00819218303713053 -0.029186791105417366 0.004631687024511927 0.039874618860203263 -0.034980709925675223 -0.050962501545232824 0.047414431947774477 0.023064644370174837 0.015323884094857455 -0.04899827430280157 -0.0036008050265952472 -0.053663814280671442 0.0033162894240261463 -0.053482383766261 0.028885659657303428 -0.090788531167058387 -0.042882190324781869
leaf_weight=3919.407277207014 15.599379546940325 13.62797762432456 27.105535484410211 98.435239897895372 121.75991670289659 2.2908388762152745 2.624915970955044 8.4386568732334108 39.514856315450743 28.864203250850554 7.7625061110011293 34.495064573842683 20.491574922576547 177.38613480579806 82.653760845860234 3.2448699921369579 8.6736219444428553 3.2669877020744016 3.0220117746503083 19.144651458540473 62.63077399082249 14.77198179643892 3.6258608576608813 495.92014430424933 7.4574406819228889 1301.6077706393553 18.94640732120024 1.4991796327321929 1.0293920563435675 1.0222818882284617
leaf_count=26172 153 193 859 968 1295 54 27 464 293 189 70 188 120 1084 482 20 89 89 27 373 578 187 53 6262 569 7699 125 99 73 81
internal_value=-1.85153e-07 0.00392173 -0.00037885 -0.00446806 -0.00874273 0.017042 -0.0434886 0.0220133 0.0224408 -0.000278053 -0.00659992 0.01903 0.0116035 -0.012109 -0.0148653 0.000111319 -0.0224627 0.019394 0.0103691 0.0154937 0.0106117 -0.00924033 0.019121 0.000245917 -0.00434248 0.000688302 -0.0449848 0.0358548 -0.0198342 0.0428372
internal_weight=6546.32 433.121 315.769 255.739 220.195 60.03 4.91575 35.5442 55.1142 6113.2 354.675 62.7491 54.9866 291.926 260.04 5758.52 34.1319 11.9406 31.8862 117.352 94.6566 28.4 66.2566 5724.39 503.378 5221.02 22.1913 22.6955 2.52857 20.1669
internal_count=48935 5750 4113 3586 2263 527 81 1323 446 43185 2160 378 308 1782 1566 41025 323 178 216 1637 1011 380 631 40702 6831 33871 145 626 172 454
is_linear=0
shrinkage=0.05


Tree=244
num_leaves=27
num_cat=0
split_feature=21 3 16 7 40 5 3 31 27 3 11 42 14 42 18 18 17 19 26 7 21 32 23 18 17 8
split_gain=2.85569 8.19196 5.3215 12.2472 5.88087 9.23082 8.81651 4.18619 4.01747 6.93081 8.42702 7.33732 4.25724 3.62551 7.87557 13.7411 11.7061 7.01779 7.47949 6.21786 3.37186 5.99173 3.15161 2.30979 0.558164 0.189658
threshold=23.500000000000004 2.2035000000000005 0.093000000000000013 0.13150000000000003 0.72800000000000009 0.74550000000000016 1.6275000000000002 0.7915000000000002 0.16050000000000003 1.8040000000000003 8.5000000000000018 0.28450000000000003 1.2390000000000001 0.25450000000000006 0.56944444444444453 0.51666666666666672 0.36900000000000005 1.2155000000000002 0.46950000000000003 0.081500000000000017 31.500000000000004 0.56850000000000012 0.79249999999999998 0.29999999999999999 0.19600000000000004 0.70000000000000007
decision_type=2 2 2 2 2 2 2 2 2 2 2 2 2 2 2 2 2 2 2 2 2 2 2 2 2 2
left_child=8 2 3 -2 5 -4 -6 -5 9 10 22 -12 -11 17 15 -15 -16 19 -19 -10 24 -22 -1 -14 -3 -26
right_child=1 20 4 7 6 -7 -8 -9 13 12 11 -13 23 14 16 -17 -18 18 -20 -21 21 -23 -24 -25 25 -27
leaf_value=-0.024068962717518256 -0.10957948972242192 0.033236586879381295 0.023897212299407326 0.039844972925963812 -0.04209021111409815 -0.016446534245656213 -0.0095101349129120931 -0.030453674520805121 0.015723535450003982 -0.019000333594245487 0.022069495463496902 -0.022386033515109913 0.031249664215062773 0.00098257931815522127 0.0063216362982205232 -0.0096851185531866193 -0.020581913089141157 -0.001963469346382073 -0.01118221049033611 0.00064123360172346961 0.060877012924018273 -0.061902421858229278 -0.09470286014454235 0.077545684506877766 0.076961955584276459 0.05744600456384117
leaf_weight=6.8638627009577231 1.7438491040375108 1.7813648044175332 25.176767415076029 14.487231871113183 29.06074762227945 32.456415312059107 72.741857164859539 2.4802631641505277 73.789323641509327 2.190495883289258 41.706518927039724 11.938555466131218 4.7777955691435618 2590.2668811579533 866.53904635800154 341.69181473778735 42.411738053659064 1168.4315364839031 271.06715491133036 924.54842605563317 1.9868041570298376 1.9878673148778032 2.0511620586148638 6.1777630659853457 2.1676600342616439 2.9243451925576665
leaf_count=79 21 29 191 124 195 270 595 29 1156 16 389 111 77 17287 8280 2269 929 9133 1697 5886 26 24 23 43 14 42
internal_value=6.92774e-07 -0.00605601 -0.00862477 0.0166006 -0.0115852 0.00117743 -0.0188105 0.0295689 0.000180832 0.0116301 0.00469513 0.012176 0.0446326 4.27821e-05 0.000999984 -0.000260639 0.00506631 -0.00146533 -0.00369942 0.001756 0.0361284 -0.000529125 -0.0403204 0.0573557 0.0573264 0.0657539
internal_weight=6543.45 188.995 178.147 18.7113 159.436 57.6332 101.803 16.9675 6354.45 75.7062 62.5601 53.6451 13.1461 6278.75 3840.91 2931.96 908.951 2437.84 1439.5 998.338 10.848 3.97467 8.91502 10.9556 6.87337 5.09201
internal_count=48935 1560 1425 174 1251 461 790 153 47375 738 602 500 136 46637 28765 19556 9209 17872 10830 7042 135 50 102 120 85 56
is_linear=0
shrinkage=0.05


Tree=245
num_leaves=31
num_cat=0
split_feature=41 19 4 11 7 23 19 44 18 7 17 18 40 18 17 8 7 39 25 11 44 44 44 14 26 8 21 26 5 0
split_gain=2.98597 6.26729 6.24821 7.53029 6.05494 5.92101 14.4029 6.10725 5.7615 18.5954 12.3583 13.1329 10.8445 6.31599 30.7077 14.0534 11.1032 7.71613 9.06632 6.35648 5.33885 6.79801 4.41998 4.11228 3.53323 2.9561 2.4347 1.16321 5.45419 0.203758
threshold=0.51050000000000006 0.55800000000000016 0.57400000000000007 5.5000000000000009 0.39650000000000007 -0.57199999999999984 1.4525000000000003 0.44700000000000006 0.14999999999999999 0.081500000000000017 0.27700000000000008 0.074999999999999969 0.70200000000000007 0.25833333333333336 0.23650000000000002 0.48333333333333339 0.18650000000000003 2.6780000000000004 505.50000000000006 2.5000000000000004 0.47450000000000003 0.53150000000000019 0.49250000000000005 1.6230000000000002 0.68450000000000022 0.29999999999999999 15.500000000000002 0.66850000000000021 -1.0000000180025095e-35 15.500000000000002
decision_type=2 2 2 2 2 2 2 2 2 2 2 2 2 2 2 2 2 2 2 2 2 2 2 2 2 2 2 2 2 2
left_child=8 4 3 23 24 6 -4 -7 9 27 11 -11 -12 14 15 -10 -16 19 -19 -15 -6 -22 -5 -3 25 -2 -26 29 -29 -1
right_child=1 2 5 22 20 7 -8 -9 13 10 12 -13 -14 17 16 -17 -18 18 -20 -21 21 -23 -24 -25 26 -27 -28 28 -30 -31
leaf_value=0.055068911738440321 -0.0030428356283702645 -0.045155945969480533 0.033518717528854568 0.0049836467996798904 -0.075527316792858568 0.022371184110924008 -0.0013381076106494727 -0.0050499635044525745 0.01105729906114844 -0.003020321002522512 -0.023565888628646118 -0.029221007920343219 0.0061595960636092427 0.04548209087064356 0.017470683924016121 0.040481099245539172 -0.0108638492391313 -0.018957283876617728 0.011323043085328124 -0.00012810471971259541 0.039000974858687809 -0.037505780743414791 0.053715149422558776 0.032334953183907049 0.013578137374115277 0.034585777341243427 -0.075361760516216458 -0.27501382795599727 0.051907575959979871 0.079394288402535679
leaf_weight=11.580227104663203 6.2439942630298892 5.4394922824249106 35.66426113457419 7.1676303658750866 2.791028178005944 20.676936218093033 175.31614117523441 1130.4426959207758 97.186000380781479 95.141977077539195 36.852788827847689 96.172615651827073 183.25899281381862 7.653575033244123 43.203808362944983 69.674094220536062 173.10382284301159 27.318233699269513 259.91953901495344 3993.6643508060561 5.9212035328964685 5.6971226485911757 13.26346141315298 2.4984539570577908 1.6825560117922571 31.808513206204225 1.4179158272017955 0.15200643526623026 0.79394330395371149 0.930002592038364
leaf_count=948 55 103 288 57 17 140 2054 7407 574 1348 228 614 1161 451 394 789 1033 179 1934 28150 62 49 105 25 25 608 17 6 109 5
internal_value=9.61507e-07 -0.00200438 -0.00266239 0.0205623 0.0144625 -0.0031461 0.00455411 -0.00455741 0.000569926 -0.00500452 -0.00689622 -0.0161912 0.00118273 0.00107691 0.00722745 0.0233435 -0.0052045 0.000527379 0.00844318 -4.08632e-05 -0.0134316 0.00148538 0.0366192 -0.0207658 0.0242294 0.0284113 -0.0270961 0.0528348 -0.000626037 0.0568772
internal_weight=6542.64 1446.03 1390.47 28.369 55.5623 1362.1 210.98 1151.12 5096.61 424.883 411.426 191.315 220.112 4671.72 383.168 166.86 216.308 4288.56 287.238 4001.32 14.4094 11.6183 20.4311 7.93795 41.153 38.0525 3.10047 13.4562 0.94595 12.5102
internal_count=48935 11012 10179 290 833 9889 2342 7547 37923 4419 3351 1962 1389 33504 2790 1363 1427 30714 2113 28601 128 111 162 128 705 663 42 1068 115 953
is_linear=0
shrinkage=0.05


Tree=246
num_leaves=29
num_cat=0
split_feature=22 40 28 7 41 41 33 13 13 36 40 24 39 13 32 43 7 21 24 41 16 18 21 18 22 14 32 10
split_gain=2.83592 3.12326 3.25225 3.49553 2.83906 9.38646 8.82401 10.6564 6.75165 7.84976 6.60344 6.22635 4.80574 8.344 8.83121 6.20155 10.4602 4.99267 4.66262 2.68342 0.00207244 0.000649623 0.000465707 0.000233924 0.000154402 0.000136692 7.49123e-06 7.45328e-06
threshold=-0.54444444444444429 0.75350000000000017 0.61150000000000004 0.17500000000000002 0.45350000000000007 0.44900000000000007 0.13350000000000004 1.0975000000000004 1.2830000000000001 0.44850000000000007 0.71650000000000003 2.6185000000000005 2.4520000000000004 0.62750000000000006 0.45750000000000007 0.76250000000000007 0.18900000000000003 24.500000000000004 2.2320000000000007 0.52750000000000019 0.22450000000000003 0.81666666666666676 -3.4999999999999996 0.81666666666666676 -0.63333333333333319 0.40450000000000003 0.30700000000000005 12.500000000000002
decision_type=2 2 2 2 2 2 2 2 2 2 2 2 2 2 2 2 2 2 2 2 2 2 2 2 2 2 2 2
left_child=1 20 23 19 5 6 11 -8 10 -10 -7 -2 13 18 -15 17 -17 -14 -6 -4 -1 22 -22 25 -5 -3 -23 -25
right_child=4 2 3 24 12 8 7 -9 9 -11 -12 -13 15 14 -16 16 -18 -19 -20 -21 21 26 -24 27 -26 -27 -28 -29
leaf_value=-0.057079104723755006 -0.012666163136162079 -0.054463854948618717 0.11301457607142913 -0.050041387568613205 0.13265613107906959 0.032779698347626778 0.0083172568430411233 -0.0042676531406101127 -0.0058240022075964912 0.029182848726900374 -0.00061180878037865474 -0.060285038308976691 0.00011477848740294077 -0.01228037610319254 0.016427227703841883 0.0038226375858391518 -0.01289374480157382 -0.0099382688581946058 0.037525960376015487 -0.055456861676764925 -0.052011509966129243 -0.050643438955573133 -0.053684411798391965 -0.050076824246373754 -0.052654562955163554 -0.052326173330373621 -0.050081488148817188 -0.051102521687021299
leaf_weight=0.20920627537998182 37.097125184009201 0.079733015703823518 1.3469530908696472 0.062360830597754213 1.8494760022986145 17.167141227095271 299.8789384240099 383.09765121175951 20.38967684590898 74.614084751312475 107.6508798771265 8.4232813349808549 4933.3272049003517 41.176649069428095 76.673531190026551 149.92204030439098 249.02936027754185 126.67423042203154 4.2431660009624466 0.28666396290827822 4.2765289414128347 0.070554267784245783 0.46084890410202195 0.11002717098199344 0.6042651908319383 1.2043659307746564 0.37198453991277347 0.021109225228428841
leaf_count=4 248 12 132 140 24 121 2098 2712 150 526 752 57 34491 291 543 1143 1625 1064 42 37 784 14 28 340 76 225 1255 1
internal_value=1.71275e-06 -0.0278842 0.00738503 0.0440779 4.0586e-05 0.00256996 -0.000162573 0.00125808 0.0116257 0.0216697 0.00398077 -0.0214778 -0.000389057 0.00934658 0.00639684 -0.0006101 -0.00661189 -0.000136894 0.0664036 0.0834515 -0.0522002 -0.0520031 -0.0521742 -0.0522535 -0.0524101 -0.0524589 -0.0501711 -0.0502419
internal_weight=6540.32 9.1046 3.71548 2.30024 6531.21 948.319 728.497 682.977 219.822 95.0038 124.818 45.5204 5582.9 123.943 117.85 5458.95 398.951 5060 6.09264 1.63362 5.38912 5.17992 4.73738 1.41524 0.666626 1.2841 0.442539 0.131136
internal_count=48935 3048 963 385 45887 6664 5115 4810 1549 676 873 305 39223 900 834 38323 2768 35555 66 169 2085 2081 812 578 216 237 1269 341
is_linear=0
shrinkage=0.05


Tree=247
num_leaves=23
num_cat=0
split_feature=6 24 33 10 33 3 26 30 9 15 59 44 43 15 15 22 9 15 22 22 10 17
split_gain=2.80456 2.80158 4.03169 6.36107 5.28618 3.01179 7.09462 6.02039 3.67307 3.51711 2.9052 1.49919 0.996761 0.832606 0.0120181 0.000100827 3.80916e-05 3.91133e-05 2.93081e-05 6.43665e-06 5.67595e-06 4.98083e-06
threshold=0.041000000000000009 4.7635000000000014 0.30850000000000005 13.500000000000002 0.26900000000000007 2.5580000000000003 0.60250000000000015 1.5635000000000001 2.6735000000000002 -0.45249999999999996 16.500000000000004 0.44450000000000006 0.76250000000000007 -1.0000000180025095e-35 0.66100000000000014 0.29999999999999999 0.34050000000000008 0.078500000000000014 -0.19999999999999993 0.19999999999999998 8.5000000000000018 0.32050000000000006
decision_type=2 2 2 2 2 2 2 2 2 2 2 2 2 2 2 2 2 2 2 2 2 2
left_child=15 5 3 4 -3 8 7 -7 10 -8 -2 -5 13 -4 -10 16 17 18 -1 21 -19 -18
right_child=1 2 12 11 -6 6 9 -9 14 -11 -12 -13 -14 -15 -16 -17 19 20 -20 -21 -22 -23
leaf_value=-0.05029236394124225 -0.0010905116860099537 -0.00031626798363196783 0.064249085097863798 -0.058643001176304312 -0.12093389944113449 -0.0089404001023962471 0.059225392233561873 -0.066554912301140121 0.052083871960742545 -0.0099318789675310656 0.0010267507557125985 0.065290697879268222 -0.01728851862345563 0.00088753261557453212 0.058812120779046212 -0.051686772718692389 -0.050361388948817913 -0.050325024355198603 -0.051270241784668893 -0.050652479408301747 -0.050866093192097318 -0.050180181918061686
leaf_weight=0.10042322448134655 3093.7163033584584 2.4463462783187411 5.1901003084130934 0.26976965629728544 1.4448641883900561 10.623061372694798 3.6624001812488132 7.910690456377778 2.1844631003568789 3.6914921265270086 3401.6413252938219 2.5560010478038748 0.47700352480569552 0.57601734506897617 0.95334971096599463 0.1694435505196451 0.66536588169401489 0.44174961508633714 0.3233031824347562 0.11088083265349258 0.054443809480289929 0.88178945826075505
leaf_count=290 21478 71 242 10 39 117 67 66 812 40 22613 247 25 13 42 14 435 1214 78 22 23 977
internal_value=1.53568e-06 2.27618e-05 0.0232467 -0.0036391 -0.0451034 -2.33705e-05 -0.0170439 -0.0335318 4.4433e-05 0.02451 1.8306e-05 0.053459 0.0521732 0.0579195 0.0541281 -0.0505053 -0.0504276 -0.0506857 -0.0510385 -0.0502845 -0.0503844 -0.0502581
internal_weight=6540.09 6537.34 12.9601 6.71698 3.89121 6524.38 25.8876 18.5338 6498.5 7.35389 6495.36 2.82577 6.24312 5.76612 3.13781 2.7474 2.57796 0.91992 0.423726 1.65804 0.496193 1.54716
internal_count=48935 45882 647 367 110 45235 290 183 44945 107 44091 257 280 255 854 3053 3039 1605 368 1434 1237 1412
is_linear=0
shrinkage=0.05


Tree=248
num_leaves=25
num_cat=0
split_feature=8 8 18 27 17 32 16 14 16 22 22 6 22 22 17 15 22 17 17 22 11 11 11 31
split_gain=2.80919 2.79641 2.75876 2.69053 6.49108 5.73234 1.20813 0.240733 0.492481 0.000113022 4.02928e-06 3.20499e-06 3.15031e-06 1.07668e-06 8.8976e-07 8.49213e-07 5.17848e-07 3.97419e-07 3.21053e-07 2.09133e-07 5.67174e-08 8.84898e-09 3.35825e-09 7.29174e-10
threshold=0.93333333333333346 0.18333333333333332 0.81666666666666676 0.27700000000000008 0.23200000000000004 0.39950000000000008 0.31100000000000005 0.83650000000000013 0.19600000000000004 -0.14999999999999997 -0.066666666666666638 0.87750000000000006 0.36666666666666664 1.0000000180025095e-35 0.27700000000000008 -0.097499999999999989 -0.29999999999999988 0.37250000000000005 0.23900000000000002 -0.19999999999999993 9.5000000000000018 3.5000000000000004 1.0000000180025095e-35 0.75450000000000006
decision_type=2 2 2 2 2 2 2 2 2 2 2 2 2 2 2 2 2 2 2 2 2 2 2 2
left_child=1 7 3 5 -5 -3 -4 8 -1 -8 16 12 14 -12 -2 18 -9 -17 -14 -10 21 22 -13 -23
right_child=11 2 6 4 -6 -7 9 10 19 -11 13 20 15 -15 -16 17 -18 -19 -20 -21 -22 23 -24 -25
leaf_value=0.058304849911432859 0.050310661582662813 0.0042954526076881766 0.038083567899474341 -0.0068260677184809222 0.0011715532329954099 -0.00021185462879057498 -0.050211651174725397 -0.050044671040665817 -0.050041337047359226 -0.050868780594976862 -0.050173881780111979 0.050001859828989782 0.050151767101540873 -0.050337937543859325 0.050483329620935685 0.05023236380338475 -0.050091882143569945 0.050334449998345014 0.050203328631655969 -0.050181305582236858 0.050089568556735423 0.050045013452865827 0.050022445485956794 0.050035313061741138
leaf_weight=0.16376516419040799 0.19015075219795097 831.02921759498713 0.4315976312791453 449.59000363410451 582.31605154155113 4666.334871210951 2.8074272298363212 1.452053404217623 0.26176883943389839 0.85319662699475918 0.45652115675329641 0.025291363344876916 0.52797872693918224 0.12806541082682088 0.12278537126258016 0.89282296691089835 0.96807866022572886 0.1067324357572943 0.70505981642054394 0.02971670450642705 0.043973576168355066 0.035546072816941887 0.09144313557408168 0.042578154520015232
leaf_count=33 35 5006 17 2578 3445 28913 1920 2864 1200 67 242 758 201 29 14 207 808 19 198 13 33 45 224 66
internal_value=1.63195e-06 -1.97558e-05 4.04303e-06 2.97651e-05 -0.00231292 0.000469509 -0.0410364 -0.0449584 -0.0110756 -0.0503648 -0.050092 0.0502134 0.0502298 -0.0502098 0.0503784 0.050209 -0.0500636 0.0502433 0.0501813 -0.0500556 0.0500383 0.0500267 0.050018 0.0500397
internal_weight=6539.61 6536.82 6533.36 6529.27 1031.91 5497.36 4.09222 3.45997 0.455251 3.66062 3.00472 2.78436 2.54553 0.584587 0.312936 2.23259 2.42013 0.999555 1.23304 0.291486 0.238832 0.194859 0.116734 0.0781242
internal_count=48935 47135 41946 39942 6023 33919 2004 5189 1246 1987 3943 1800 674 271 49 625 3672 226 399 1213 1126 1093 982 111
is_linear=0
shrinkage=0.05


Tree=249
num_leaves=25
num_cat=0
split_feature=39 39 28 44 4 4 9 39 7 4 24 40 35 22 13 15 3 12 11 1 19 30 21 13
split_gain=2.75427 8.28415 7.8496 5.49674 7.83396 8.5706 5.64951 5.13615 6.63561 5.42849 5.05184 5.22001 6.69914 6.90755 6.13883 6.64751 4.70132 4.27746 6.93306 3.95443 3.1941 2.7643 0.397874 0.150812
threshold=2.7315000000000005 2.7295000000000003 0.18350000000000002 0.51250000000000007 0.59650000000000014 0.69400000000000006 1.5965000000000003 2.5995000000000004 0.5355000000000002 0.34500000000000003 4.2580000000000009 0.75700000000000012 0.58950000000000002 0.51666666666666683 0.6170000000000001 -0.74549999999999994 2.7595000000000005 22.500000000000004 28.500000000000004 5.5000000000000009 1.1225000000000003 1.5635000000000001 17.500000000000004 1.6610000000000003
decision_type=2 2 2 2 2 2 2 2 2 2 2 2 2 2 2 2 2 2 2 2 2 2 2 2
left_child=1 3 -3 7 6 -6 -5 9 -9 -1 11 12 -2 -14 19 -16 22 18 -4 -13 -18 -19 23 -12
right_child=10 2 17 4 5 -7 -8 8 -10 -11 16 14 13 -15 15 -17 20 21 -20 -21 -22 -23 -24 -25
leaf_value=-0.021549172428830948 -0.088433253674486734 -0.052526538539552282 0.036870279397651161 -0.036880119187318268 -0.028416076147908337 0.0032294776883123977 0.035039743952421085 -0.0027798238371247192 -0.040054791281981222 0.00063077668703403545 0.056895584556959922 -0.023366030152953191 -0.010131042417774048 -0.088402826099336945 -0.018685054512941331 0.00051592632777684581 -0.15447422957780119 0.097728375577122134 -0.055022010831299095 0.061545574200451425 0.024543540719927408 0.029050025886806569 0.030593136090729358 0.076155648053946243
leaf_weight=27.805272825140491 3.0362173853427512 2.7153986673874924 15.328045861562719 3.0247090739212608 21.830702179264335 1073.6616125744758 28.078808051652231 1419.8727208697528 12.040746018941716 3507.2890940567622 2.9919026917013971 1.7766628758417926 81.470901635166229 2.9197471631578074 54.410102100557197 262.78070296925125 0.47649505239496637 3.9919414788164422 2.3699802202754645 6.0076760316605942 0.52228515906608663 2.3147345236502588 1.1575541254933339 1.5393176739817134
leaf_count=653 24 33 128 65 177 7905 346 10458 219 25596 60 48 621 55 385 1946 34 35 22 61 11 15 25 13
internal_value=1.51584e-06 0.000270032 0.0280496 0.00014822 0.0033014 0.00259885 0.0280458 -0.000566971 -0.00309326 0.00045632 -0.00391985 -0.00461891 -0.0154644 -0.0128391 -0.0017012 -0.00277776 0.0391891 0.0371643 0.0245648 0.0421657 -0.0608617 0.0725214 0.0567551 0.0634385
internal_weight=6539.41 6120.32 26.7201 6093.6 1126.6 1095.49 31.1035 4967.01 1431.91 3535.09 419.09 412.402 87.4269 84.3906 324.975 317.191 6.68755 24.0047 17.698 7.78434 0.99878 6.30668 5.68877 4.53122
internal_count=48935 45652 233 45419 8493 8082 411 36926 10677 26249 3283 3140 700 676 2440 2331 143 200 150 109 45 50 98 73
is_linear=0
shrinkage=0.05


Tree=250
num_leaves=27
num_cat=0
split_feature=18 19 17 16 39 59 9 6 39 3 15 27 16 22 18 22 17 17 11 7 17 17 22 16 6 22
split_gain=2.73569 2.6803 6.05322 5.08796 9.02643 6.60621 5.27586 4.9409 5.44045 4.7101 4.14347 8.30649 3.53486 0.48436 0.0124985 1.85154e-05 4.5253e-06 2.02329e-06 1.74053e-06 1.42435e-06 6.20057e-07 4.89525e-07 2.6201e-07 2.27815e-07 4.56534e-08 3.11898e-08
threshold=1.0000000180025095e-35 2.3170000000000006 0.23400000000000001 0.72900000000000009 2.5215000000000001 15.500000000000002 1.6230000000000002 0.28300000000000008 2.4630000000000005 0.78050000000000008 1.7640000000000002 0.23300000000000004 0.72300000000000009 0.25833333333333336 0.70000000000000007 0.36666666666666664 0.26500000000000007 0.060500000000000005 12.500000000000002 0.35850000000000004 0.049000000000000009 0.26500000000000007 0.5916666666666669 0.051500000000000011 0.49150000000000005 0.5916666666666669
decision_type=2 2 2 2 2 2 2 2 2 2 2 2 2 2 2 2 2 2 2 2 2 2 2 2 2 2
left_child=15 3 7 10 6 -6 -5 9 -9 -3 12 -12 -2 14 -4 16 18 23 20 21 -1 -19 -21 24 -17 -25
right_child=1 2 13 4 5 -7 -8 8 -10 -11 11 -13 -14 -15 -16 17 -18 19 -20 22 -22 -23 -24 25 -26 -27
leaf_value=0.050213637504426145 -5.9536341767911884e-06 0.01102618361289486 -0.057751570747696192 -0.067724507175738843 0.024163664046056271 0.09868834141763666 0.027922678608199608 0.055132087250366738 -0.0039187880810593878 -0.062336203490948643 -0.022358842537547368 0.12664256844637609 -0.04186551242042965 -0.10662506567482988 -0.052214200029782123 0.050090824629697217 0.050681152744234119 0.050158512508869706 0.050492643968627918 0.050355477662789583 0.050362403496640076 0.050232062164562857 0.050253647773986165 0.050146737830122128 0.050042781448165277 0.050105523657960976
leaf_weight=0.095183170458767008 6430.7462342784038 3.2881313184452647 1.3419515058340028 3.8949279365333522 18.833216077255205 3.5312279003555878 2.2890701987198554 4.2412438676547017 48.552496292148135 6.5385280926620908 1.8594384937132411 1.8821200818056238 5.0473472705925806 0.46569794416427601 4.2348605779279751 0.063452056550886371 0.17660185298882425 0.87817841467040103 0.26107471063733101 0.13546535233035673 0.26518794661387801 0.30473663020529784 0.11836460186168551 0.085267868009395897 0.22404884838942962 0.09943936927447794
leaf_count=35 44576 613 21 36 145 28 15 61 651 574 32 22 42 2 427 38 15 322 29 21 39 77 25 31 1006 52
internal_value=1.66501e-06 -1.91462e-05 -0.00984585 8.51707e-05 0.0211467 0.0359307 -0.0323197 -0.00523423 0.00082513 -0.0377882 -8.2016e-06 0.0525935 -3.87825e-05 -0.0576374 -0.0535467 0.0502556 0.0504578 0.050171 0.0503943 0.0502005 0.0503231 0.0501775 0.050308 0.0500812 0.0500534 0.0501245
internal_weight=6539.45 6536.75 68.6629 6468.08 28.5484 22.3644 6.184 62.6204 52.7937 9.82666 6439.54 3.74156 6435.79 6.04251 5.57681 2.707 0.798048 1.90895 0.621446 1.43674 0.360371 1.18292 0.25383 0.472208 0.287501 0.184707
internal_count=48935 47245 2349 44896 224 173 51 1899 712 1187 44672 54 44618 450 448 1690 118 1572 103 445 74 399 46 1127 1044 83
is_linear=0
shrinkage=0.05


Tree=251
num_leaves=27
num_cat=0
split_feature=8 25 42 12 44 8 4 24 26 3 26 24 44 26 24 8 36 16 43 31 41 44 18 4 26 14
split_gain=2.69988 6.32868 11.9886 6.26965 7.85874 5.92723 6.82224 6.52316 5.90812 5.7733 5.26554 8.83039 5.08282 4.95915 5.22485 6.45209 6.34129 6.03953 4.71483 8.83982 5.59287 3.795 3.03465 2.82856 1.05982 0.462331
threshold=0.36666666666666675 505.50000000000006 0.28600000000000003 4.5000000000000009 0.42450000000000004 0.29999999999999999 0.77550000000000019 2.3895000000000004 0.29950000000000004 0.96250000000000002 0.23250000000000004 1.5085000000000002 0.48650000000000004 0.10250000000000002 1.8335000000000001 0.63333333333333341 0.37050000000000005 0.46900000000000003 0.76250000000000007 0.66750000000000009 0.45350000000000007 0.47850000000000004 0.4555555555555556 1.6910000000000001 0.26600000000000007 1.0645000000000002
decision_type=2 2 2 2 2 2 2 2 2 2 2 2 2 2 2 2 2 2 2 2 2 2 2 2 2 2
left_child=1 2 10 4 24 6 -5 -7 -6 12 23 -12 -4 21 15 16 -15 -17 20 -20 -16 -2 -11 -1 -3 -23
right_child=13 3 9 5 8 7 -8 -9 -10 22 11 -13 -14 14 18 17 -18 -19 19 -21 -22 25 -24 -25 -26 -27
leaf_value=-0.055313449423993549 -0.001879569203910126 -0.030736423397008994 -0.084049557080031576 0.061623339511847189 0.00077341450941444167 0.00012970562083061259 0.00055303346508910186 -0.010877903711168006 0.028256074977687326 -0.077459120805100867 0.10019885196087813 -0.0031149166295461454 0.011760797623921201 -0.007192966824349215 0.0066317761126674776 0.017024484541475187 0.015330082138907903 -0.027642634612756435 -0.01714032808185343 -0.0011289205112340246 0.00030674090045128803 -0.0503040013154194 -0.030292774635242704 -0.0031638770139183169 -0.089212836165283582 -0.080224305945405236
leaf_weight=7.311983049996341 4.5889086541719717 1.3397301801933275 1.7905044982289862 4.5974906507326514 36.131086967996453 250.15075600953423 860.52401027506221 291.3419922424946 42.627316812367098 10.684174589419852 2.1244817830238381 78.14254938938484 6.1012162867536972 38.376211601163959 386.3546134428434 11.471397415327372 168.316148924765 22.23895231372444 102.88914148134427 531.55628040838565 3664.0540110895345 2.758947525289841 5.0090383297065264 4.0350764303420874 1.8376573432033181 2.4267505111929495
leaf_count=111 28 29 32 60 1323 1850 9937 1603 1174 64 83 703 86 240 2447 75 1227 172 621 3421 23397 28 86 93 29 16
internal_value=1.40204e-06 -0.00178085 -0.0130714 -0.000907077 0.0125379 -0.00169025 0.000877578 -0.00579277 0.0156482 -0.0448617 -0.0048874 -0.000380441 -0.00997703 0.000580586 0.000651196 0.00784023 0.0111483 -0.0124427 0.000282291 -0.00372552 0.000910064 -0.0349984 -0.0624043 -0.0367688 -0.0645565 -0.0643058
internal_weight=6538.78 1603.75 115.199 1488.55 81.9358 1406.61 865.122 541.493 78.7584 23.5849 91.6141 80.267 7.89172 4935.03 4925.26 240.403 206.692 33.7103 4684.85 634.445 4050.41 9.77461 15.6932 11.3471 3.17739 5.1857
internal_count=48935 17263 1258 16005 2555 13450 9997 3453 2497 268 990 786 118 31672 31600 1714 1467 247 29886 4042 25844 72 150 204 58 44
is_linear=0
shrinkage=0.05


Tree=252
num_leaves=26
num_cat=0
split_feature=8 8 18 5 0 27 12 11 14 10 13 22 9 18 18 20 44 22 7 24 22 11 11 11 21
split_gain=2.67213 2.65852 2.5918 2.57873 5.632 5.37575 1.19999 0.969029 0.230822 0.486985 0.000151229 3.46789e-06 2.70393e-06 2.75862e-06 9.3282e-07 8.52037e-07 4.88269e-07 4.46824e-07 4.39366e-07 1.99963e-07 1.44807e-07 2.65738e-08 5.66784e-09 2.81668e-09 9.50454e-10
threshold=0.93333333333333346 0.18333333333333332 0.81666666666666676 -0.069999999999999993 8.5000000000000018 0.25650000000000006 28.500000000000004 37.500000000000007 0.83650000000000013 13.500000000000002 0.96100000000000008 -0.066666666666666638 2.7205000000000004 0.63333333333333341 0.074999999999999969 -5.4999999999999991 0.49900000000000005 -0.29999999999999988 0.24050000000000002 3.2145000000000006 -0.19999999999999993 9.5000000000000018 3.5000000000000004 1.0000000180025095e-35 5.5000000000000009
decision_type=2 2 2 2 2 2 2 2 2 2 2 2 2 2 2 2 2 2 2 2 2 2 2 2 2
left_child=1 8 3 4 -3 -5 10 -8 9 20 -4 17 13 15 -13 19 -15 -10 -17 -2 -1 22 23 -14 -24
right_child=12 2 6 5 -6 -7 7 -9 11 -11 -12 14 21 16 -16 18 -18 -19 -20 -21 -22 -23 24 -25 -26
leaf_value=-0.050039153615779125 0.050198900063479324 0.008145001795858902 -0.05177751705577982 0.00038235476242013371 0.00045697878886379859 -0.0037723051443178837 0.10184525619899523 -0.050250600885381518 -0.050042509499763015 0.060612738547751004 -0.050324416770333863 -0.050301602434442608 0.050001721527614597 0.050292695210291706 -0.050158496489948745 0.050219594858889417 0.050421357714089871 -0.050087459118154022 0.050309761974470957 0.050158825396094446 -0.050151347568628657 0.050074522980762086 0.050040392242170821 0.050021345147762103 0.050028663579141125
leaf_weight=0.24925108565184928 0.49461433404940225 263.633222880424 0.18934609950520087 2699.2633733145776 2470.9853325370641 1094.2084058216278 0.24991793930530537 0.18025517393834889 1.3814462856735197 0.15360710956156254 3.2940923807545914 0.15981563285458777 0.023153467024712771 0.13883100333623577 0.39612270858924603 0.63600295188371059 0.15727230021730065 0.92177848692153963 0.1715458428952843 0.83979170046222862 0.032511605331819182 0.030843417436699383 0.040351997071411461 0.086982755296048708 0.030201404224499129
leaf_count=1205 140 1504 13 16931 14969 6538 1 95 2864 2 1895 38 758 26 233 157 22 808 31 305 39 28 53 224 56
internal_value=1.0254e-06 -1.93279e-05 3.32012e-06 2.77063e-05 0.00119815 -0.000816037 -0.040674 0.0381126 -0.0449231 -0.0110073 -0.0504034 -0.0500876 0.0502031 0.050218 -0.0501996 0.0501982 0.050361 -0.0500605 0.0502387 0.0501737 -0.0500521 0.0500316 0.0500243 0.0500172 0.0500354
internal_weight=6537.95 6535.3 6532 6528.09 2734.62 3793.47 3.91361 0.430173 3.29453 0.43537 3.48344 2.85916 2.64959 2.43806 0.555938 2.14195 0.296103 2.30322 0.807549 1.33441 0.281763 0.211533 0.18069 0.110136 0.0705534
internal_count=48935 47135 41946 39942 16473 23469 2004 96 5189 1246 1908 3943 1800 681 271 633 48 3672 188 445 1244 1119 1091 982 109
is_linear=0
shrinkage=0.05


Tree=253
num_leaves=29
num_cat=0
split_feature=40 9 7 15 14 5 30 14 31 5 41 32 17 23 29 15 16 16 44 1 17 23 44 28 17 30 15 10
split_gain=2.69508 6.66093 5.44098 6.3536 5.38091 6.50704 6.26719 8.10953 6.43026 4.95377 4.46146 6.57407 7.70529 7.69892 6.99711 6.33435 6.23902 4.05256 3.79902 6.23203 5.72561 5.56383 4.45911 6.51052 3.37056 3.10211 2.14956 0.0202086
threshold=0.68650000000000011 2.2245000000000004 0.054500000000000007 0.32050000000000006 0.87250000000000016 0.36550000000000005 1.3995000000000002 0.98350000000000015 0.59000000000000008 -0.28299999999999997 0.45350000000000007 0.58400000000000007 0.03500000000000001 -0.18149999999999988 2.7925000000000004 0.85950000000000004 0.41900000000000004 0.59650000000000014 0.44250000000000006 13.500000000000002 0.30200000000000005 -0.80749999999999977 0.44700000000000006 0.60600000000000009 0.35500000000000004 1.5595000000000001 0.68600000000000005 7.5000000000000009
decision_type=2 2 2 2 2 2 2 2 2 2 2 2 2 2 2 2 2 2 2 2 2 2 2 2 2 2 2 2
left_child=1 4 3 27 5 9 8 -8 -6 -1 11 14 17 -14 16 -16 -2 -13 19 21 -21 -12 23 -20 -24 -4 -7 -3
right_child=10 2 25 -5 6 26 7 -9 -10 -11 18 12 13 -15 15 -17 -18 -19 22 20 -22 -23 24 -25 -26 -27 -28 -29
leaf_value=-0.034850623453440831 0.0067178689139556231 0.065357492831136066 -0.10616152188990287 -0.10506155765166725 0.018499125955725806 -0.092355373811278285 0.038340926299705681 -0.00052980272784505344 -0.034414195372275351 0.025027929879106039 0.019700775904460694 0.073337375688395309 0.0085538306485919823 -0.019228003346797168 0.012974550605656224 0.054871530092784719 -0.004829274342392431 -0.0069923312755394125 0.019576227160586473 -0.0070302403187426452 0.03101988176577038 -0.034183399544652424 0.00026781862665265291 -0.036820260289894428 -0.0031929430852853397 -0.034114210481374273 -0.041010441510418522 0.054919046560178944
leaf_weight=7.0778185698427478 380.50550040699636 0.74825853598303949 3.3997271939879283 0.84462348866509263 7.5999238766671651 3.3492902086582017 14.781985021865692 145.42459173328461 23.482514375239589 6.7464622565385088 5.640122144727683 4.3769324851637057 36.986535657866625 76.547084409201489 116.59753838090364 9.7780055167231676 168.90548614443196 2.4482996344913772 50.610014681750727 63.428076200070791 11.712288532464298 31.806304326621103 4516.8509441816695 5.6930779494377921 833.36269114899915 2.6653422000817955 5.2082407666239305 1.2190768959480918
leaf_count=110 2561 8 28 8 48 25 123 949 162 71 75 66 334 505 820 117 1472 37 378 439 84 258 33466 54 6621 19 37 60
internal_value=9.41397e-07 -0.0054069 -0.0478458 0.00964359 -0.00364376 -0.0268403 -0.000929647 0.00305673 -0.0214764 -0.00562897 0.000191512 0.00369057 -0.00707549 -0.0101773 0.00560803 0.0162162 0.00316793 0.0445221 -0.000313236 -0.00940371 -0.00109929 -0.0260674 -0.000123934 0.0138737 -0.000271238 -0.0744998 -0.0611061 0.0588892
internal_weight=6537.8 222.548 8.87703 2.81196 213.671 22.3818 191.289 160.207 31.0824 13.8243 6315.25 796.145 120.359 113.534 675.787 126.376 549.411 6.82523 5519.1 112.587 75.1404 37.4464 5406.52 56.3031 5350.21 6.06507 8.55753 1.96734
internal_count=48935 1648 123 76 1525 243 1282 1072 210 181 47287 5912 942 839 4970 937 4033 103 41375 856 523 333 40519 432 40087 47 62 68
is_linear=0
shrinkage=0.05


Tree=254
num_leaves=25
num_cat=0
split_feature=6 24 23 40 27 17 43 19 4 27 18 27 8 10 0 4 17 8 10 22 8 8 17 43
split_gain=2.65219 2.58651 3.95116 4.35431 3.13696 2.84164 7.41254 7.26696 2.90009 8.24634 3.00972 2.28691 9.96513e-05 3.52523e-05 3.14174e-05 1.11269e-05 8.76484e-06 1.00898e-05 7.65782e-06 3.81563e-06 2.91188e-06 1.97778e-06 8.39636e-07 3.25801e-07
threshold=0.041000000000000009 4.7635000000000014 0.33300000000000002 0.75350000000000017 0.21300000000000002 0.60550000000000004 0.7875000000000002 1.1635000000000002 2.1705000000000001 0.29950000000000004 0.56944444444444453 0.26950000000000007 0.36666666666666675 8.5000000000000018 15.500000000000002 1.9665000000000001 0.27100000000000007 0.25833333333333336 7.5000000000000009 1.0000000180025095e-35 0.18333333333333332 0.63333333333333341 0.46000000000000008 0.73150000000000015
decision_type=2 2 2 2 2 2 2 2 2 2 2 2 2 2 2 2 2 2 2 2 2 2 2 2
left_child=12 5 -3 11 -5 8 7 -7 10 -10 -2 -4 16 14 21 -15 17 20 -19 22 -1 -14 -18 -21
right_child=1 2 3 4 -6 6 -8 -9 9 -11 -12 -13 13 15 -16 -17 19 18 -20 23 -22 -23 -24 -25
leaf_value=-0.050006966037013489 -0.00066201263010788451 -0.088149430925751227 0.0637427555946668 0.053284668544628128 -0.038993809500423936 -0.0073822662160289848 0.065768010937257204 -0.059492829601777111 0.012506600103578345 -0.056488133477175885 0.0019019760207990241 -0.013696190371679427 -0.050247340401713796 -0.051041362616112466 -0.051427184321865563 -0.051583998087875699 -0.050177662757651009 -0.050301242347981293 -0.050744869687770533 -0.050406788766702931 -0.050311729852367343 -0.050536296951947494 -0.05006763561507558 -0.050297518211633523
leaf_weight=0.099112774797503578 4895.0242795351805 0.75751453507109445 6.4912053038833601 1.332276986434408 2.9831870242778677 32.349867532582721 2.8122968476964152 8.4345696931995899 85.069684258451161 4.5631130302208467 1493.8313060082237 1.1175243907564434 0.17287180663697643 0.18571426207199693 0.090326459088828415 0.19228323176503181 0.37981456196212093 0.15245084492198657 0.26878348737955093 0.12524503201711923 0.37461520526267122 0.09007250948343426 0.31904196092727943 0.14981369682936929
leaf_count=1362 30805 9 369 77 120 236 21 126 709 32 13306 72 75 34 9 8 436 57 21 19 111 13 878 30
internal_value=9.57469e-07 2.10463e-05 0.0225799 0.0296142 -0.0105054 -2.28176e-05 -0.0127453 -0.0181592 6.27977e-05 0.00899415 -6.25052e-05 0.052369 -0.0504869 -0.0509818 -0.0506227 -0.0513174 -0.0502933 -0.0504063 -0.0505843 -0.0501895 -0.050248 -0.0503463 -0.0501274 -0.0503473
internal_weight=6537.37 6534.77 12.6817 11.9242 4.31546 6522.09 43.5967 40.7844 6478.49 89.6328 6388.86 7.60873 2.60015 0.731268 0.353271 0.377997 1.86888 0.894962 0.421234 0.973915 0.473728 0.262944 0.698857 0.275059
internal_count=48935 45882 647 638 197 45235 383 362 44852 741 44111 441 3053 139 97 42 2914 1551 78 1363 1473 88 1314 49
is_linear=0
shrinkage=0.05


Tree=255
num_leaves=28
num_cat=0
split_feature=22 40 26 7 59 18 18 22 29 31 18 18 7 1 22 17 17 22 17 16 18 21 18 15 42 10 32
split_gain=2.6004 2.99638 2.99311 3.67302 2.67023 2.65939 43.369 6.31378 5.89342 8.1995 4.05238 16.9627 13.9333 3.70337 0.0535756 0.0161545 0.0153078 0.00438734 0.00371474 0.00178203 0.00052122 0.000405063 0.000224357 0.000170835 8.05894e-05 6.08972e-06 4.5771e-06
threshold=-0.54444444444444429 0.75350000000000017 0.18150000000000002 0.17500000000000002 14.500000000000002 0.74166666666666681 0.70000000000000007 1.0000000180025095e-35 3.2000000000000006 0.82650000000000012 0.59166666666666679 0.51666666666666672 0.14550000000000002 20.500000000000004 -0.066666666666666638 0.20950000000000002 0.22900000000000004 -0.13333333333333333 0.08900000000000001 0.22450000000000003 0.81666666666666676 -3.4999999999999996 0.81666666666666676 1.4365000000000003 0.29400000000000004 12.500000000000002 0.30700000000000005
decision_type=2 2 2 2 2 2 2 2 2 2 2 2 2 2 2 2 2 2 2 2 2 2 2 2 2 2 2
left_child=1 19 3 4 -3 6 10 8 9 -7 11 -2 -12 -10 17 18 -16 -8 -9 -1 21 -21 23 -4 -5 -24 -22
right_child=5 2 22 24 -6 7 14 15 13 -11 12 -13 -14 -15 16 -17 -18 -19 -20 20 26 -23 25 -25 -26 -27 -28
leaf_value=-0.05673097100771262 0.00060188057927131229 0.0032050534465143522 -0.052283211671419243 -0.051842615222095434 0.13575084468177298 0.0028991267635766725 -0.051406740135458831 0.053857139378669365 -0.061296377581868927 0.035515314503119753 -0.0069574912523462625 -0.0083809043355306638 0.0058087112021048236 -0.0090079693999434596 -0.057832369728007697 0.061506158875681671 -0.054336345434862578 -0.05310966637466933 0.057362691833366168 -0.051921460607101483 -0.050553471597060765 -0.0535181739091833 -0.050075969621478471 -0.053829919904335811 -0.052909170992063687 -0.051037876809557063 -0.050077584457329287
leaf_weight=0.20103065855800917 4451.4153413353361 0.6238978915771447 1.0018641157003001 0.39723992732160684 0.97189917149080429 217.14981542876922 20.442102999601047 1.2462467701698181 5.0388031608890733 21.145447509421501 279.88377516858236 595.90321750720614 904.28132861651466 10.325560027617028 4.9885456785559645 2.2751286410493776 8.4094955803011526 4.6409231964498785 1.919949091854505 4.0537491787035833 0.059954530331196909 0.44034582427775593 0.094521632297073555 0.21723556314827863 0.31961788872649777 0.019921900704503059 0.32132316843035369
leaf_count=4 29949 129 202 205 50 2354 1126 31 73 248 1722 3926 6015 90 47 23 154 103 26 784 14 28 321 12 43 1 1255
internal_value=8.46721e-07 -0.0272812 0.00729708 0.0416971 0.0839303 3.72946e-05 -0.000167839 0.00500132 0.00385816 0.00579337 0.00015894 -0.000458657 0.00279135 -0.0261562 -0.0530853 0.0582923 -0.055638 -0.0517218 0.0559829 -0.0521176 -0.0519273 -0.0520779 -0.0523601 -0.0525588 -0.0523181 -0.0502434 -0.0501524
internal_weight=6537.79 8.7226 3.6462 2.31265 1.5958 6529.07 6269.96 259.101 253.66 238.295 6231.48 5047.32 1184.17 15.3644 38.4811 5.44132 13.398 25.083 3.1662 5.0764 4.87537 4.4941 1.33354 1.2191 0.716858 0.114444 0.381278
internal_count=48935 3048 963 427 179 45887 43042 2845 2765 2602 41612 33875 7737 163 1430 80 201 1229 57 2085 2081 812 536 214 248 322 1269
is_linear=0
shrinkage=0.05


Tree=256
num_leaves=31
num_cat=0
split_feature=18 17 18 17 7 18 17 3 17 17 19 18 18 25 11 39 18 17 7 17 11 22 39 19 17 2 36 8 17 18
split_gain=2.61623 14.512 14.2782 68.716 16.955 15.3481 34.5536 16.2161 14.3063 12.5653 8.82184 8.417 20.4791 8.18466 8.9872 7.5797 7.53482 25.3374 16.5404 7.49735 6.53381 5.40549 4.87956 4.50565 7.02845 2.48745 2.35072 0.0430762 0.00871204 0.00649487
threshold=0.63333333333333341 0.29300000000000004 0.59166666666666679 0.30600000000000005 0.11650000000000001 0.51666666666666672 0.32700000000000007 2.1835000000000004 0.47500000000000003 0.10400000000000001 2.1015000000000006 0.74166666666666681 0.70000000000000007 512.50000000000011 37.500000000000007 2.7890000000000001 0.36666666666666675 0.37250000000000005 0.10900000000000001 0.20350000000000004 12.500000000000002 1.0000000180025095e-35 2.5190000000000006 1.7290000000000003 0.37700000000000006 24.500000000000004 0.44250000000000006 0.63333333333333341 0.13700000000000004 0.70000000000000007
decision_type=2 2 2 2 2 2 2 2 2 2 2 2 2 2 2 2 2 2 2 2 2 2 2 2 2 2 2 2 2 2
left_child=2 11 5 4 15 16 7 -7 -8 -6 13 12 19 14 -3 -4 18 -18 -1 -2 -15 22 -13 24 -5 29 -25 -14 -23 -12
right_child=1 10 3 23 9 6 8 -9 -10 -11 25 21 27 20 -16 -17 17 -19 -20 -21 -22 28 -24 26 -26 -27 -28 -29 -30 -31
leaf_value=0.011996367407222904 -0.011226897440623766 0.019256043230953084 -0.0098418388351022568 -0.012683235347890041 0.005374174782253844 -0.018303266924754712 0.0043576376884809677 0.043571397060164919 0.048136781961284875 0.024722375329676916 -0.056162233904679219 -0.011570653270817802 -0.051909683791846434 -0.058770717106942739 -0.013334316549096501 0.061454068009656374 0.0050933306147999645 -0.01300098411270308 -0.0024031506799445787 0.0010735634046759907 0.063279105362327823 0.054294734230843272 0.0054003184902833533 -0.02405652437723596 -0.049606912813161763 0.096776939875221679 -0.061551482572359317 -0.056308939419694087 0.058861805994403327 -0.051970335654892397
leaf_weight=217.86709143086227 316.96493609841855 85.987304390842837 74.697067723991495 32.224800303141819 118.43403870674229 382.76122112560552 179.96758425070584 10.890428525162859 20.819658456865 287.889027917372 1.1494574469979841 54.571107020542513 15.502885234855059 1.2038589613184729 28.055634506639763 3.9237077037396366 1657.5663807355741 219.03814754250197 2356.5607696407496 203.36245079649962 12.30293037841693 1.6685318928502955 189.21010391027994 5.3515997032445766 21.478183717354113 0.29181659347523226 19.097049394335045 8.6798366587609035 2.7906397946062498 4.7117983308344265
leaf_count=3332 2074 1464 465 219 716 2390 1252 64 232 1673 16 991 742 73 410 22 9669 1428 15520 1403 194 38 3487 79 225 10 214 99 35 399
internal_value=2.39924e-07 -0.00246125 0.000406843 0.00795848 0.0149703 -0.000435951 -0.00798206 -0.0165915 0.0088971 0.0190828 0.0127765 -0.0050312 -0.00850987 0.0155974 0.0112385 -0.00628369 0.000571837 0.00298135 -0.00118456 -0.00641944 0.0524008 0.0025992 0.00160132 -0.0355511 -0.0274506 -0.0456989 -0.0533442 -0.0534887 0.0571529 -0.0527924
internal_weight=6535.02 926.453 5608.57 563.095 484.944 5045.47 594.439 393.652 200.787 406.323 133.703 792.75 544.51 127.55 114.043 78.6208 4451.03 1876.6 2574.43 520.327 13.5068 248.24 243.781 78.1516 53.703 6.15307 24.4486 24.1827 4.45917 5.86126
internal_count=48935 11435 37500 3613 2876 33887 3938 2454 1484 2389 2566 8869 4318 2141 1874 487 29949 11097 18852 3477 267 4551 4478 737 444 425 293 841 73 415
is_linear=0
shrinkage=0.05


Tree=257
num_leaves=30
num_cat=0
split_feature=39 59 40 14 33 24 24 2 24 18 14 5 44 21 25 17 42 36 23 27 21 16 17 11 7 10 11 24 3
split_gain=2.58991 5.83321 7.79777 7.14988 9.17637 7.00374 8.03438 8.42058 6.98992 6.45771 12.1843 6.31621 4.78501 7.74789 12.4947 7.387 7.26502 7.05606 5.94267 4.86202 7.18577 6.78562 6.14011 8.21647 6.90533 4.69478 4.47559 4.43503 3.01655
threshold=2.7390000000000003 21.500000000000004 0.77450000000000008 1.9110000000000003 0.22750000000000004 3.6665000000000005 3.2145000000000006 13.500000000000002 2.7335000000000007 0.59166666666666679 1.4820000000000004 -1.1889999999999998 0.51250000000000007 -7.4999999999999991 510.50000000000006 0.27450000000000008 0.23600000000000002 0.58600000000000008 -0.51749999999999974 0.17300000000000001 37.500000000000007 0.10600000000000001 0.27700000000000008 10.500000000000002 0.31400000000000006 11.500000000000002 22.500000000000004 3.1555000000000004 2.7385000000000006
decision_type=2 2 2 2 2 2 2 2 2 2 2 2 2 2 2 2 2 2 2 2 2 2 2 2 2 2 2 2 2
left_child=12 5 3 4 -3 6 8 -8 -2 11 -11 -4 19 14 18 -16 25 -18 -14 22 27 -22 24 -24 -1 -15 28 -21 -7
right_child=1 2 9 -5 -6 26 7 -9 -10 10 -12 -13 13 16 15 -17 17 -19 -20 20 21 -23 23 -25 -26 -27 -28 -29 -30
leaf_value=-0.0055531201463889929 -0.006355480795026478 -0.0049590579395359016 0.12127808018475486 0.034815349023082066 -0.048049861918701205 0.034575484880571578 -0.044491847018159142 0.0019453833883112358 0.014761266565991455 0.0024455523003454709 0.10232533837744878 -0.012615320832086963 0.017178161924240154 -0.0038216875906175781 -0.010704410915860932 -0.042714271996084616 0.007505914703390135 -0.0056919108572934078 -0.0075397724406631216 -0.0013064507547373601 -0.11783256172231034 -0.018221233943186869 -0.0091145036178620405 0.03297515849451689 0.024033972267342434 -0.047391934066727169 -0.046635626177820529 0.0027332460903856312 -0.035701592323955977
leaf_weight=87.533947039791201 95.323452978838759 19.951219781596592 0.89585115981753816 4.3857222817350694 32.449823875045695 23.780045906009043 20.988186061571469 18.251618799229618 66.546362864857656 13.878856634404658 3.9146435135335187 52.433496273471974 55.88460704755289 15.623559926354575 68.82996207153883 24.417391719354782 790.81062073932299 116.14825882200967 43.046464358936646 4054.3635780062514 2.4127892497926933 5.8668163464171812 16.107847671075433 41.387722673851385 25.455494265519519 10.231566383990865 2.0559031856246284 816.19798471734066 1.6317169811336487
leaf_count=885 890 137 7 30 233 274 152 116 435 130 27 307 629 102 642 300 5569 834 344 29162 20 49 146 325 220 73 16 6832 49
internal_value=-8.08636e-07 -0.00414464 -0.0126947 -0.0265107 -0.0316434 0.000639866 -0.00259468 -0.0228925 0.00232583 -0.00166345 0.0244195 -0.0103661 0.000238444 0.00318734 -0.00595447 -0.0190864 0.00507073 0.00581576 0.006423 -0.000418571 -0.000708603 -0.0472493 0.00788141 0.0211834 0.00111258 -0.0210636 0.0243222 -0.000629487 0.0300629
internal_weight=6530.81 356.487 127.91 56.7868 52.401 228.577 201.11 39.2398 161.87 71.1228 17.7935 53.3293 6174.32 1124.99 192.178 93.2474 932.814 906.959 98.9311 5049.33 4878.84 8.27961 170.485 57.4956 112.989 25.8551 27.4677 4870.56 25.4118
internal_count=48935 2803 871 400 370 1932 1593 268 1325 471 157 314 46132 8493 1915 942 6578 6403 973 37639 36063 69 1576 471 1105 175 339 35994 323
is_linear=0
shrinkage=0.05


Tree=258
num_leaves=31
num_cat=0
split_feature=8 25 7 42 27 19 21 14 8 18 18 9 17 23 7 24 4 35 24 19 17 31 15 16 19 39 15 23 35 18
split_gain=2.53336 7.78796 8.29991 10.7979 16.4789 6.64741 5.7965 5.28169 5.25993 17.7375 9.10822 7.7706 6.75236 7.19135 5.91069 4.44093 5.79179 6.5058 6.42648 4.35508 7.0513 5.78775 4.48622 8.12 6.94081 3.15709 3.14519 3.70709 0.13188 0.0234099
threshold=0.78888888888888908 511.50000000000006 0.19100000000000003 0.25850000000000006 0.28950000000000004 0.93550000000000011 -3.4999999999999996 1.5195000000000001 0.70000000000000007 0.56944444444444453 0.78888888888888908 1.7710000000000001 0.08900000000000001 -0.49999999999999989 0.13150000000000003 3.4685000000000006 0.85950000000000004 0.73100000000000009 3.3755000000000006 1.9625000000000001 0.38700000000000007 0.64250000000000018 0.20350000000000004 0.41550000000000004 1.3550000000000002 2.7560000000000007 0.46300000000000008 1.5085000000000004 0.6755000000000001 0.59166666666666679
decision_type=2 2 2 2 2 2 2 2 2 2 2 2 2 2 2 2 2 2 2 2 2 2 2 2 2 2 2 2 2 2
left_child=8 2 3 4 -2 25 -7 -5 19 12 11 -11 14 -14 -10 16 17 -3 -18 22 21 -21 24 -24 -1 -4 27 -17 -12 -22
right_child=1 15 5 7 -6 6 -8 -9 9 10 28 -13 13 -15 -16 26 18 -19 -20 20 29 -23 23 -25 -26 -27 -28 -29 -30 -31
leaf_value=0.00070016850113365783 -0.018873354599881223 0.014605582568626105 0.031188129848756546 0.011477128577987356 -0.1459014523771959 0.02894510363907107 -0.0015951189791435423 -0.017652067333603957 -0.031409319101354485 -0.017213329085230204 0.058121712859207524 0.023690618125642614 0.024902107163259152 -0.014616109470835914 0.045603134086851606 0.048763559959557397 0.02213168664046716 -0.033183161391584622 -0.04544320259194172 -0.031892903400587667 -0.060370502841194808 -0.0025940726521253782 0.010427593201194851 0.0010336722547301949 -0.0046312606016173071 -0.043181969162168252 -0.018997320872968394 -0.025550453279419412 0.073369021513514932 -0.052230211315092812
leaf_weight=3032.4879202072589 64.066295467877353 14.576923005028222 30.405100828153085 56.548398331266071 2.6590656773096262 17.85260878270492 119.7736774796067 21.470030959471842 3.4276642767945296 16.835520352135063 1.8906722946558137 37.413861967157573 12.028565700515172 268.13844784279354 9.1220228114980255 17.661046559378526 61.58014698101033 13.925155886667197 3.7315836331399614 17.470876043980297 1.0301567446294928 478.76950551917298 287.10347937468032 1157.3888264823436 764.33579019069657 1.4972916790284205 2.3961380182881831 1.8543558812434628 5.6748844896210358 6.1912282564990164
leaf_count=19212 1023 187 425 757 56 113 1027 691 57 83 28 225 60 1517 148 380 578 193 53 288 32 5994 2020 8189 4741 21 33 213 42 549
internal_value=-7.56601e-07 0.00370855 -0.000374739 -0.00916851 -0.0239355 0.00713339 0.0023665 0.00346101 -0.00026226 -0.00617282 0.0181641 0.0109967 -0.0113122 -0.0129195 0.0245689 0.0147974 0.0100638 -0.00874239 0.0182708 0.000102502 -0.0043394 -0.00362558 0.000529175 0.00290078 -0.000373098 0.0276977 0.0350644 0.0417022 0.0695586 -0.0533915
internal_weight=6529.31 429.998 314.272 144.744 66.7254 169.529 137.626 78.0184 6099.31 354.532 61.8149 54.2494 292.717 280.167 12.5497 115.725 93.8138 28.5021 65.3117 5744.78 503.462 496.24 5241.32 1444.49 3796.82 31.9024 21.9115 19.5154 7.56556 7.22139
internal_count=48935 5750 4113 2527 1079 1586 1140 1448 43185 2160 378 308 1782 1577 205 1637 1011 380 631 41025 6863 6282 34162 10209 23953 446 626 593 70 581
is_linear=0
shrinkage=0.05


Tree=259
num_leaves=28
num_cat=0
split_feature=41 19 15 27 32 18 21 7 18 7 17 18 40 18 17 8 7 39 25 6 42 44 28 40 28 23 0
split_gain=2.60058 5.60281 5.66639 7.88963 5.43147 8.37523 7.55209 5.42956 5.20376 17.0698 10.8716 11.6145 9.83901 5.79527 28.338 13.389 9.95519 6.68987 8.03147 6.73746 5.20039 7.33197 3.99481 3.6164 2.03281 3.58048 0.162902
threshold=0.51050000000000006 0.55800000000000016 -1.5109999999999999 0.24750000000000003 0.45450000000000007 0.12222222222222222 26.500000000000004 0.39650000000000007 0.14999999999999999 0.081500000000000017 0.27700000000000008 0.074999999999999969 0.70200000000000007 0.25833333333333336 0.23650000000000002 0.48333333333333339 0.15900000000000003 2.6780000000000004 505.50000000000006 0.64150000000000007 0.26250000000000007 0.53150000000000019 0.10650000000000001 0.77150000000000019 0.11750000000000001 0.5880000000000003 15.500000000000002
decision_type=2 2 2 2 2 2 2 2 2 2 2 2 2 2 2 2 2 2 2 2 2 2 2 2 2 2 2
left_child=8 7 3 -3 6 -6 -4 22 9 24 11 -11 -12 14 15 -10 -16 19 -19 -15 -9 -22 -2 -24 25 -1 -26
right_child=1 2 4 -5 5 -7 -8 20 13 10 12 -13 -14 17 16 -17 -18 18 -20 -21 21 -23 23 -25 26 -27 -28
leaf_value=-0.22705933654001942 -0.077363396626328254 0.011356655531977877 0.002475631092806828 -0.1235327262434126 0.034126491699480503 -0.0052784377314885915 -0.059131523112628349 -0.056762728706158373 0.010650143558790088 -0.0027939739551692032 -0.022424208372306298 -0.027355624688998527 0.0058347628850377118 0.00050319897959828568 0.021578336533766548 0.03965577038485546 -0.0093254689302577493 -0.017999795205753732 0.010572423728895046 -0.0077951656161245114 0.054526586801793953 -0.032433037366827559 0.01572492157975135 0.048744125361817457 0.054678556765120706 0.05128438941924706 0.07672493893770968
leaf_weight=0.17729374007376364 0.96433430157776356 2.0640082589816293 494.22528164225878 2.2831584508530796 13.69671468639717 870.42972236698006 5.0250273616984478 4.5555267035451825 96.775791921398195 95.290190407962655 37.044812337349867 97.253848102802294 182.77822526510136 3732.6188104940757 30.31983100825164 67.559706161526265 185.45814144529868 27.168988663651362 259.60796512529032 261.74940867218538 4.5257709752040665 5.2194453442207305 27.619311705610016 11.850475984006151 11.327292928711355 0.33168182743247598 0.90482903225347477
leaf_count=5 15 25 3450 17 218 6425 44 33 574 1348 228 614 1161 26426 313 789 1114 179 1934 2175 52 43 455 235 1007 51 5
internal_value=-5.10912e-08 -0.00187392 -0.00249279 -0.0594881 -0.00231369 -0.00466798 0.00185555 0.0138167 0.000531366 -0.00476437 -0.00652552 -0.0152 0.00107253 0.00101434 0.00693102 0.0225746 -0.00498305 0.000489009 0.00786552 -4.05897e-05 -0.0126631 0.00795184 0.0231821 0.0256387 0.0522354 -0.0456723 0.0563094
internal_weight=6528.83 1442.46 1387.72 4.34717 1383.38 884.126 499.25 54.7349 5086.37 425.108 412.367 192.544 219.823 4661.26 380.113 164.335 215.778 4281.15 286.777 3994.37 14.3007 9.74522 40.4341 39.4698 12.7411 0.508976 12.2321
internal_count=48935 11012 10179 42 10137 6643 3494 833 37923 4419 3351 1962 1389 33504 2790 1363 1427 30714 2113 28601 128 95 705 690 1068 56 1012
is_linear=0
shrinkage=0.05


Tree=260
num_leaves=24
num_cat=0
split_feature=18 18 24 1 6 33 2 21 12 30 15 8 8 17 17 11 6 17 17 5 11 6 8
split_gain=2.57841 2.53732 2.57134 7.5487 8.85742 7.12597 3.92815 8.04886 7.71667 1.12437 0.000108829 8.23202e-05 1.58449e-05 3.6856e-06 1.70491e-06 1.50682e-06 7.647e-07 4.89645e-07 4.41715e-07 2.26529e-07 1.85129e-07 4.08371e-08 2.67386e-08
threshold=1.0000000180025095e-35 0.81666666666666676 1.6680000000000004 24.500000000000004 0.28300000000000008 0.36350000000000005 16.500000000000004 18.500000000000004 17.500000000000004 1.3110000000000002 -0.14549999999999996 0.70000000000000007 0.36666666666666675 0.26500000000000007 0.060500000000000005 12.500000000000002 0.28300000000000008 0.081500000000000017 0.25450000000000006 -0.37999999999999995 2.5000000000000004 0.49150000000000005 0.59166666666666679
decision_type=2 2 2 2 2 2 2 2 2 2 2 2 2 2 2 2 2 2 2 2 2 2 2
left_child=12 2 3 5 -5 -2 7 -4 -8 -3 -11 -12 13 15 20 17 19 -1 -18 -16 21 -14 -22
right_child=1 9 6 4 -6 -7 8 -9 -10 10 11 -13 14 -15 16 -17 18 -19 -20 -21 22 -23 -24
leaf_value=0.05021997549016069 0.0050566784076263131 0.036893923394060751 -0.0012472047457387316 -0.078065866178107846 0.0027228639309615915 0.041826995708181741 0.0095488215486544317 -0.02887727003690109 0.00032121011780014138 -0.051347305212891763 -0.050114416807350161 -0.050700690462286958 0.050086790431043637 0.050643264774806268 0.050225102034114844 0.050470722219591424 0.050153048094763203 0.050349267379913056 0.050221403990830818 0.05032336379238489 0.050138316847612066 0.050039826953338501 0.05009908107566257
leaf_weight=0.10642952373018433 206.8052841446879 0.41450288346641118 2982.3542241207215 5.7544673305674214 8.2663641459948831 14.072793561359502 244.85940233994916 26.592913147091167 3032.2824420044271 0.25073711237200846 2.3338333121973847 0.80536982871126372 0.060064169549150281 0.16696317307651043 0.12078603683039546 0.24891551909968257 0.78580741883706628 0.23473967332392931 0.33798846894933376 0.11402289103716601 0.080014128121547401 0.20182862933143042 0.094950682345370296
leaf_count=38 2815 24 20509 57 60 205 1496 286 18771 33 2905 84 38 15 30 29 305 36 90 20 31 1005 53
internal_value=7.82476e-07 -1.88728e-05 4.94291e-06 0.00514115 -0.0304347 0.00739942 -0.000186987 -0.0014914 0.00101067 -0.04084 -0.0503449 -0.0502648 0.050244 0.0504359 0.0501631 0.0503772 0.0501908 0.0503089 0.0501736 0.0502728 0.0500772 0.0500506 0.050117
internal_weight=6527.34 6524.79 6520.99 234.899 14.0208 220.878 6286.09 3008.95 3277.14 3.80444 3.38994 3.1392 2.55251 0.757048 1.79546 0.590085 1.3586 0.341169 1.1238 0.234809 0.436858 0.261893 0.174965
internal_count=48935 47245 44199 3137 117 3020 41062 20795 20267 3046 3022 2989 1690 118 1572 103 445 74 395 50 1127 1043 84
is_linear=0
shrinkage=0.05


Tree=261
num_leaves=26
num_cat=0
split_feature=8 25 41 41 11 22 26 23 22 17 27 24 17 29 3 26 24 28 1 14 1 36 44 41 17
split_gain=2.57278 5.67929 7.80752 7.37555 6.18396 6.18204 7.846 6.80771 6.21432 6.1565 7.86528 6.13566 5.53391 5.27638 4.83138 4.55792 4.7691 5.83907 5.18601 3.93916 5.67277 4.54242 3.6322 1.5218 0.434924
threshold=0.36666666666666675 505.50000000000006 0.50300000000000011 0.51800000000000013 10.500000000000002 0.083333333333333273 0.53400000000000014 0.61650000000000016 0.19999999999999998 0.26200000000000007 0.24750000000000003 3.6255000000000002 0.46900000000000003 2.5190000000000006 0.81950000000000001 0.10250000000000002 1.8335000000000001 0.14800000000000002 8.5000000000000018 0.77100000000000013 7.5000000000000009 0.49650000000000005 0.47850000000000004 0.50500000000000012 0.19600000000000004
decision_type=2 2 2 2 2 2 2 2 2 2 2 2 2 2 2 2 2 2 2 2 2 2 2 2 2
left_child=1 2 9 23 -5 7 13 12 -8 14 -11 -9 -3 -7 -1 22 17 -17 -19 20 -18 -21 -2 -4 -24
right_child=15 5 3 4 -6 6 8 11 -10 10 -12 -13 -14 -15 -16 16 19 18 -20 21 -22 -23 24 -25 -26
leaf_value=-0.038889967533506077 -0.001589145800812374 -6.631299475113884e-05 -0.019584071846174122 -0.067318341047768557 0.0062861259625526028 0.0017815677773336967 -0.042429174209335244 0.0099295612999452283 0.0075133559189852822 -0.013728762134873047 0.038575957491080108 0.056296105304524627 -0.020514550933766224 -0.01960960710132174 -0.0051934140135836276 -0.063636894549258236 -0.028142395801447586 0.019570140397820058 0.0034874667402353351 0.0021838156736308312 -0.0032783643289005897 -0.00099827384175766838 -0.079655540715928341 -0.064581025995025798 -0.050073366110251143
leaf_weight=14.614167480808645 4.5835094778449257 1202.372845731069 2.1881617728167866 3.674027294888222 12.779619153687234 99.106911717695766 26.965402328874916 67.856035907636397 8.0995049329358135 13.431327523156144 15.460892787832561 7.9733565278875167 34.023461961305657 40.652070668525994 39.092771515917775 2.8501039923867202 26.685155022336403 71.901029344302515 165.50839623938373 2224.8064615405829 163.44923540193122 2261.5316458508241 2.2181462857988663 13.300158759942859 2.8247916575346608
leaf_count=199 28 13368 27 55 134 557 121 399 63 192 188 57 1230 210 332 30 268 645 1039 14230 1095 14293 14 131 30
internal_value=7.00783e-07 -0.00174018 -0.0124683 -0.0334602 -0.0101494 -0.000913843 -0.00974621 0.000262867 -0.0308931 -0.00435048 0.0142607 0.0148049 -0.000629013 -0.00444054 -0.0143626 0.000566674 0.000633969 0.00750416 0.00835821 0.000281004 -0.006768 0.000579747 -0.0338046 -0.0582239 -0.0630851
internal_weight=6527.95 1601.59 114.541 31.942 16.4536 1487.05 174.824 1312.23 35.0649 82.5992 28.8922 75.8294 1236.4 139.759 53.7069 4926.36 4916.73 240.26 237.409 4676.47 190.134 4486.34 9.62645 15.4883 5.04294
internal_count=48935 17263 1258 347 189 16005 951 15054 184 911 380 456 14598 767 531 31672 31600 1714 1684 29886 1363 28523 72 158 44
is_linear=0
shrinkage=0.05


Tree=262
num_leaves=31
num_cat=0
split_feature=36 17 5 42 5 36 41 43 42 1 13 5 15 23 41 5 5 14 5 1 24 19 33 15 4 21 8 15 15 18
split_gain=2.5063 8.28621 8.95193 8.09403 9.78507 7.97576 7.90557 9.78774 7.87535 7.01907 6.48303 11.7255 9.7646 6.86399 6.79889 6.6799 6.65249 6.18586 7.46448 5.50671 4.86063 8.85701 15.2099 10.8621 5.20398 5.86732 4.93197 4.23543 6.06756 4.85324
threshold=0.60650000000000015 0.21550000000000002 0.37700000000000006 0.22700000000000004 0.72900000000000009 0.59800000000000009 0.49700000000000005 0.74950000000000017 0.31950000000000006 44.500000000000007 1.2620000000000002 0.32050000000000006 -0.29299999999999993 0.79249999999999998 0.48650000000000004 0.20350000000000004 -0.45999999999999996 1.5540000000000003 0.89100000000000013 37.500000000000007 3.6255000000000002 0.77550000000000019 0.32450000000000007 0.42200000000000004 0.96100000000000008 39.500000000000007 0.81666666666666676 -0.87249999999999994 -0.36549999999999994 0.18333333333333332
decision_type=2 2 2 2 2 2 2 2 2 2 2 2 2 2 2 2 2 2 2 2 2 2 2 2 2 2 2 2 2 2
left_child=5 2 6 4 -4 20 19 -8 -5 27 11 16 15 -14 -13 -12 -3 18 -11 -2 24 22 -22 -23 25 -1 -26 29 -29 -7
right_child=1 10 3 8 -6 9 7 -9 -10 17 12 14 13 -15 -16 -17 -18 -19 -20 -21 21 23 -24 -25 26 -27 -28 28 -30 -31
leaf_value=-0.0029989798578400721 0.015052553044529463 -0.0089752692812409777 -0.096235864102539315 0.028324765521852702 0.019251181194780795 -0.041601749025896501 -0.0078694126321023194 -0.082827753209670424 -0.053686746251597521 -0.039486137455174763 -0.0043167395746386622 0.0078584269689935728 -0.0073862414067797496 0.047356931583276203 -0.046857074428971392 -0.08855482625749142 0.049280032378485758 -0.078795151756710563 0.023306514201949138 -0.033565487541068723 0.0081257003241809872 0.015889504937548985 -0.031948889647189366 -0.041959720190757888 0.00075797701657656343 -0.065935568664495334 -0.01287129812031952 -0.027798822596567081 -0.0034789341180872565 0.058788950953499841
leaf_weight=1163.3724229203162 58.587395703752918 6.4784006034606163 3.1075964021729297 89.788487121336402 4.4759432108439796 1.6041063888123961 26.24430154219954 5.221371002408886 3.0259014003986513 16.055613120086498 3.8139411789015849 14.825677513756093 135.71869268563205 5.9783026184886685 9.2010400873114104 6.1453858025633963 20.122549480191083 5.8055683709681025 6.7111332499189293 6.4671121955034314 72.693037234275835 172.7184701607257 35.114219000639423 8.5144540639394091 4384.5090373459443 3.7149907171260557 67.39696145990456 30.791550309608283 153.4925204159581 4.8252165625453927
leaf_count=8000 424 49 24 682 40 53 208 39 26 95 25 98 930 43 64 39 124 39 43 43 1465 1497 564 136 32015 27 742 198 1156 47
internal_value=3.82261e-07 0.00383909 0.0111402 0.021593 -0.0280733 -0.000249714 0.000267472 -0.0203079 0.0256511 -0.00961319 -0.00326836 0.0122239 -0.00844016 -0.00507659 -0.0130949 -0.0562957 0.0350925 -0.0327244 -0.0209763 0.0102194 9.78259e-05 0.00642114 -0.00492711 0.0131717 -0.000227445 -0.00319932 0.000551645 -0.00615071 -0.00754248 0.0337416
internal_weight=6526.52 399.202 196.918 100.398 7.58354 6127.32 96.5202 31.4657 92.8144 219.286 202.284 50.6277 151.656 141.697 24.0267 9.95933 26.601 28.5723 22.7667 65.0545 5908.03 289.04 107.807 181.233 5618.99 1167.09 4451.91 190.713 184.284 6.42932
internal_count=48935 2858 1486 772 64 46077 714 247 708 1631 1372 335 1037 973 162 64 173 177 138 467 44446 3662 2029 1633 40784 8027 32757 1454 1354 100
is_linear=0
shrinkage=0.05


Tree=263
num_leaves=31
num_cat=0
split_feature=8 27 42 25 20 28 3 40 5 3 31 8 18 17 18 32 5 24 40 2 8 8 1 1 40 29 15 17 35 17
split_gain=2.55779 7.45002 7.42863 7.05335 7.04925 8.21155 6.09454 6.32222 5.14534 11.0975 4.75322 4.52045 16.357 9.31275 10.7575 6.89343 6.26125 6.74186 7.34046 6.56452 4.19921 7.99962 7.64309 3.43639 3.40692 8.60841 3.90474 2.90774 0.123757 0.0746318
threshold=0.78888888888888908 0.22550000000000003 0.28350000000000003 511.50000000000006 2.5000000000000004 0.46650000000000008 1.8595000000000004 0.75050000000000006 0.38700000000000007 1.3270000000000002 0.83300000000000007 0.70000000000000007 0.78888888888888908 0.17750000000000002 0.18333333333333332 0.58600000000000008 1.4335000000000002 3.6665000000000005 0.76450000000000007 19.500000000000004 0.59166666666666679 0.51666666666666672 13.500000000000002 31.500000000000004 0.77450000000000008 2.8000000000000003 0.18050000000000002 0.17500000000000002 0.6755000000000001 0.19600000000000004
decision_type=2 2 2 2 2 2 2 2 2 2 2 2 2 2 2 2 2 2 2 2 2 2 2 2 2 2 2 2 2 2
left_child=11 2 6 4 5 -3 10 -8 27 -10 -2 16 13 14 -13 -15 20 18 -18 -19 21 -1 -22 -6 26 -26 -4 -5 -14 -30
right_child=1 3 24 8 23 -7 7 -9 9 -11 -12 12 28 15 -16 -17 17 19 -20 -21 22 -23 -24 -25 25 -27 -28 -29 29 -31
leaf_value=0.000411578474765112 0.0098316383175731728 -0.0048344653069214193 0.054303808615137832 -0.0080238510388227977 0.0021852413016794771 -0.041587396976421984 -0.020464117406670927 0.019579379825075488 -0.090631601957611038 0.010479217483821149 0.042885053230854925 -0.062740595276107328 0.056568842255927676 -0.0079324393077452211 0.013479518745804987 -0.028904806538816816 -0.069209504630740201 0.0057818687800854944 0.016240588304423483 -0.097764308104198616 -0.0053299782850830873 -0.0052861202621749016 0.0041992226629710642 0.049816563318672367 -0.095119893843575484 0.051417354064609094 0.012207813537166937 0.047027317615983714 0.066031435163929161 0.077641487754778027
leaf_weight=3508.1685859771305 50.400910173877492 184.90093009075918 18.438062649899628 2.9184011174365905 7.1382131503196424 16.55885549355844 29.59537458599425 14.779441570042762 2.8551831046443104 54.786376948681209 13.869802673239972 4.9602852490206706 1.858203142415731 226.15147933037952 69.365488617215306 47.392351637245156 10.357984605419913 18.268173132004453 3.3184571871533981 1.6706243790686119 255.28942788473796 747.26337165557197 1197.3497315397835 8.0649379668757302 1.6637486686540786 2.5206424819516542 7.8557865166221736 13.467765415553002 2.9527580009889789 2.6056699878536165
leaf_count=28048 653 2282 369 31 56 172 622 309 56 697 173 107 28 1229 502 252 72 220 22 9 1852 3971 6831 53 40 52 67 118 24 18
internal_value=8.29957e-07 0.00372878 0.0132441 -0.000825228 -0.0053778 -0.00785535 0.00712464 -0.00712726 0.0124992 0.00547085 0.0169647 -0.000261977 -0.00573509 -0.00730158 0.00839281 -0.011566 7.66906e-05 -0.0214391 -0.0484759 -0.00289402 0.000203399 -0.00058895 0.00252454 0.0274526 0.0350581 -0.00684707 0.0417268 0.0372226 0.0677396 0.071474
internal_weight=6526.79 429.814 139.124 290.691 216.663 201.46 108.646 44.3748 74.0277 57.6416 64.2707 6096.97 355.286 347.87 74.3258 273.544 5741.69 33.6152 13.6764 19.9388 5708.07 4255.43 1452.64 15.2032 30.4782 4.18439 26.2938 16.3862 7.41663 5.55843
internal_count=48935 5750 2285 3465 2563 2454 1757 931 902 753 826 43185 2160 2090 609 1481 41025 323 94 229 40702 32019 8683 109 528 92 436 149 70 42
is_linear=0
shrinkage=0.05


Tree=264
num_leaves=24
num_cat=0
split_feature=13 27 40 7 0 24 13 27 21 24 44 13 13 7 14 14 24 18 3 3 41 21 14
split_gain=2.51377 4.98804 5.3248 6.27192 4.52052 4.32756 3.86181 12.0299 12.8439 8.12817 6.2891 3.63641 3.4505 6.1935 5.44402 4.21494 4.15447 3.98161 2.53602 2.09741 1.74584 0.843687 0.529721
threshold=0.25850000000000006 0.18950000000000003 0.69400000000000006 0.32700000000000007 11.500000000000002 3.3285000000000005 0.40350000000000003 0.29300000000000004 16.500000000000004 2.8265000000000007 0.46850000000000008 1.0000000180025095e-35 0.6170000000000001 0.59400000000000008 2.0725000000000002 0.40450000000000003 1.5465000000000002 0.59166666666666679 1.1520000000000001 0.7965000000000001 0.49000000000000005 3.5000000000000004 0.98350000000000015
decision_type=2 2 2 2 2 2 2 2 2 2 2 2 2 2 2 2 2 2 2 2 2 2 2
left_child=1 11 4 20 19 -5 7 8 9 -2 -9 22 13 14 -8 17 -17 -14 -12 -3 -4 -15 -1
right_child=6 2 3 5 -6 -7 12 10 -10 -11 18 -13 15 21 -16 16 -18 -19 -20 -21 -22 -23 -24
leaf_value=-0.066537054279042718 -0.013554564897333372 -0.078339632933037653 0.059905390632754053 -0.012518384611967012 -0.18108201001790947 0.076344353106137908 0.0083861904573799464 -0.1370886499984374 -0.099443862785941903 0.032670144011333849 -0.066161039099255581 -0.2340067252859151 -0.052471788852722336 -0.041814015393465798 -0.025453819288043189 0.0095478389965256809 -0.00028036226296106854 -0.0077484886622765066 -0.00067980119307443031 0.07329935615718032 0.021768117488180427 -0.095765108360362228 0.052338038964861222
leaf_weight=0.19100595853888336 23.796628812451672 0.46246473163774016 8.9935313764326583 11.233139431056768 0.59096182521898299 1.5603884430311143 234.04185439768662 2.3605576967165671 3.1850397220550795 15.840636554328738 3.9053803386959771 0.33998617384349927 7.1372143684893699 1.5765604235057247 12.520814326626349 109.4658275668753 6062.8258171274292 16.439067398482621 2.3795668493730773 0.44985063533749781 4.5035609276210371 1.341007706010714 0.18398254907424416
leaf_count=7 187 8 356 203 5 24 1820 16 31 209 35 7 96 37 203 1872 42623 820 21 50 262 8 35
internal_value=1.56075e-06 0.0148162 0.0181706 0.0234038 -0.0733518 -0.00168006 -6.3448e-05 -0.0137052 -0.00284361 0.00491868 -0.0675041 -0.115583 4.54851e-05 0.00581077 0.00666775 -0.000186658 -0.000106059 -0.0212875 -0.0413689 -0.00356845 0.0471802 -0.0666117 -0.00821275
internal_weight=6525.32 28.5089 27.7939 26.2906 1.50328 12.7935 6496.82 51.4678 42.8223 39.6373 8.6455 0.714975 6445.35 249.48 246.563 6195.87 6172.29 23.5763 6.28495 0.912315 13.4971 2.91757 0.374989
internal_count=48935 957 908 845 63 227 47978 499 427 396 72 49 47479 2068 2023 45411 44495 916 56 58 618 45 42
is_linear=0
shrinkage=0.05


Tree=265
num_leaves=28
num_cat=0
split_feature=18 17 13 15 15 30 30 3 15 18 17 17 3 17 27 9 42 18 18 17 17 24 24 36 41 17 6
split_gain=2.4985 8.26564 13.9409 12.7125 26.4092 6.38184 6.8218 8.90067 6.34386 6.32868 18.7262 9.12153 12.411 7.99779 8.65263 7.16157 6.62522 4.71399 15.5192 19.0731 11.8813 9.79696 9.06816 8.25211 2.4475 2.75386 0.0217394
threshold=0.074999999999999969 0.097500000000000017 0.78050000000000008 -0.43399999999999994 -0.52749999999999997 1.6825000000000003 1.429 1.3920000000000001 -0.44199999999999995 0.14999999999999999 0.31400000000000006 0.13450000000000004 1.3270000000000002 0.43900000000000006 0.19750000000000004 1.7230000000000001 0.26600000000000007 0.29999999999999999 0.36666666666666675 0.41550000000000004 0.31900000000000006 3.9095000000000004 2.4010000000000007 0.35000000000000003 0.45100000000000007 0.08900000000000001 0.28300000000000008
decision_type=2 2 2 2 2 2 2 2 2 2 2 2 2 2 2 2 2 2 2 2 2 2 2 2 2 2 2
left_child=1 2 24 4 -4 6 7 -3 -8 10 11 12 -2 14 -12 -13 -15 20 19 -19 23 -20 -22 -11 25 -1 -26
right_child=9 5 3 -5 -6 -7 8 -9 -10 17 13 15 -14 16 -16 -17 -18 18 21 -21 22 -23 -24 -25 26 -27 -28
leaf_value=0.052226256143653942 -0.12852090496912491 0.0037782152980498497 -0.10142195597330808 0.061549598306896242 -0.58044627961935102 -0.070520131435968428 0.0095951747285415064 -0.047956593927678974 0.037370505581224026 0.02605394075528868 0.039482495235913823 -0.0091924935779218783 0.009921397303594124 0.0044002824951317847 -0.0026098231108742831 -0.031525457555267804 0.060889289729211898 -0.009773231506866268 0.00042895788421427823 0.016382910707494872 0.0071208833911478725 0.020905793237003936 -0.010623856287799551 0.004708229880727271 0.062153008413365518 -0.22725496753843683 0.052740828888057006
leaf_weight=0.18082849270740498 4.1374981299595666 45.870303266667179 3.3052510723155137 0.95980961190070946 0.31516177509911392 2.566736076725646 97.941525270882266 10.154131211238562 26.019058167694311 47.693901251652278 13.526457070387549 130.27986855333438 2.6593827451579273 9.6815706899942615 125.35814025472064 49.549458697118098 11.189544174725595 677.95177067850091 3894.7505988049552 77.683019719290314 104.14762891585269 59.30186503981713 233.23380250576156 893.72976768084482 1.0103791906731205 0.17195698921568692 1.5617793412047829
leaf_count=103 27 441 467 22 10 23 1251 130 273 337 107 766 28 64 806 396 69 3845 29433 847 698 650 1425 6004 26 2 685
internal_value=1.73187e-06 0.00565044 -0.0457751 -0.100232 -0.143122 0.00776468 0.00888108 -0.00559844 0.0154252 -0.000167739 -0.00673885 -0.0174951 -0.0743533 0.00582653 0.0014897 -0.015346 0.0346855 0.000212342 -0.000518648 -0.00708425 0.00290449 0.000736064 -0.00514616 0.00578963 0.0394994 -0.0840003 0.0564381
internal_weight=6524.93 190.057 7.50517 4.58022 3.62041 182.552 179.985 56.0244 123.961 6334.87 346.382 186.626 6.79688 159.756 138.885 179.829 20.8711 5988.49 4709.69 755.635 1278.81 3954.05 337.381 941.424 2.92494 0.352785 2.57216
internal_count=48935 3433 1315 499 477 2118 2095 571 1524 45502 2263 1217 55 1046 913 1162 133 43239 34775 4692 8464 30083 2123 6341 816 105 711
is_linear=0
shrinkage=0.05


Tree=266
num_leaves=28
num_cat=0
split_feature=8 18 18 18 7 2 39 30 39 18 14 15 42 42 6 23 14 10 18 18 18 5 40 20 36 6 6
split_gain=2.50887 2.48224 12.586 13.7667 11.7009 9.97975 9.53621 7.85563 7.6084 6.47479 6.3872 7.33843 5.64536 8.6859 6.0774 3.57036 0.224397 0.459651 2.96161e-06 1.07425e-06 2.77304e-07 2.44957e-07 1.92377e-07 1.10042e-07 3.43455e-08 3.08535e-08 2.16615e-08
threshold=0.18333333333333332 0.63333333333333341 0.59166666666666679 0.51666666666666672 0.11300000000000002 11.500000000000002 2.5390000000000001 1.3600000000000001 2.7890000000000001 0.36666666666666675 0.75450000000000006 0.50850000000000006 0.24350000000000002 0.24150000000000002 0.68600000000000005 0.13500000000000004 0.83650000000000013 13.500000000000002 0.21111111111111114 0.074999999999999969 0.40833333333333338 -1.4904999999999997 0.69900000000000007 3.5000000000000004 0.36650000000000005 0.042500000000000003 0.049000000000000009
decision_type=2 2 2 2 2 2 2 2 2 2 2 2 2 2 2 2 2 2 2 2 2 2 2 2 2 2 2
left_child=16 2 3 9 8 -5 -6 10 -4 -2 11 -3 13 -9 -14 -12 17 23 19 -18 22 -21 -20 24 -1 -22 -25
right_child=1 7 4 5 6 -7 -8 12 -10 -11 15 -13 14 -15 -16 -17 18 -19 20 21 25 -23 -24 26 -26 -27 -28
leaf_value=-0.050204477426819299 -0.0010470446105580314 0.12165183166077911 -0.012824702739584826 0.0020465847576452679 -0.00015944848338685777 -0.01192441427277004 0.015225979710625771 -0.0055053481599117438 0.058526823423400133 0.0028181110219481654 -0.055917555547506617 -0.039066047112662178 0.0013823366948881603 -0.03917301860196 -0.021294690469519463 0.0041342909046464468 -0.050293163229156418 0.060102098104123897 -0.050129553193494547 -0.050294721844140015 -0.050006457640972501 -0.050133437785709216 -0.050065818197182921 -0.050005180665686627 -0.050098323283058216 -0.050040630545726467 -0.050045939611991087
leaf_weight=0.011898610609932248 2568.9787330968111 1.3268239891622244 81.326169800449861 186.49549178156303 144.48311313727754 406.28400020906702 332.47700963233365 175.41802368366189 3.9160781204700461 1873.8202668799931 13.90626524743857 1.5284353767056016 675.7469808566093 21.505642967793392 30.895926767057972 3.0110721662640563 0.15448020142503116 0.14788044302258641 0.13909832880017381 0.024815375567413867 0.070433844690341973 0.45887070149910869 0.79550542963988846 0.039306320873947698 0.021188218480347132 1.0614991817674306 0.19098134522391774
leaf_count=6 17817 16 485 1196 834 2296 1890 1701 19 10078 129 28 6769 216 250 22 38 2 88 35 863 270 859 823 43 1790 372
internal_value=2.76517e-06 2.4198e-05 0.000420388 -0.000371799 0.00751591 -0.00752897 0.0105653 -0.00237772 -0.00954677 0.000583145 -0.0335543 0.0356187 -0.00169549 -0.00918213 0.000390849 -0.0452291 -0.0448521 -0.0104419 -0.0500842 -0.0501784 -0.0500551 -0.0501417 -0.0500753 -0.0500512 -0.0501365 -0.0500385 -0.050039
internal_weight=6524.24 6521.12 5597.78 5035.58 562.202 592.779 476.96 923.339 85.2422 4442.8 19.7726 2.85526 903.567 196.924 706.643 16.9173 3.11596 0.411255 2.7047 0.638166 2.06654 0.483686 0.934604 0.263374 0.0330868 1.13193 0.230288
internal_count=48935 43746 34615 31387 3228 3492 2724 9131 504 27895 195 44 8936 1917 7019 151 5189 1246 3943 343 3600 305 947 1244 49 2653 1195
is_linear=0
shrinkage=0.05


Tree=267
num_leaves=24
num_cat=0
split_feature=8 15 44 42 2 11 39 20 41 18 41 22 6 44 36 8 31 4 33 22 26 44 59
split_gain=2.50286 5.66694 5.45557 5.09773 5.21666 7.2901 6.46677 4.72812 5.64779 4.903 4.51661 9.29998 7.83405 3.86435 9.57211 5.39961 3.54366 5.44359 4.43828 2.36742 1.72732 0.000682525 0.000296834
threshold=0.36666666666666675 1.7640000000000002 0.48200000000000004 0.32300000000000006 23.500000000000004 21.500000000000004 2.4490000000000003 13.500000000000002 0.49000000000000005 0.63333333333333341 0.56000000000000016 -0.13333333333333333 0.46000000000000008 0.51250000000000007 0.58600000000000008 0.40833333333333338 0.70700000000000007 1.4690000000000003 0.33400000000000007 -0.36666666666666653 0.10250000000000002 0.42150000000000004 14.500000000000002
decision_type=2 2 2 2 2 2 2 2 2 2 2 2 2 2 2 2 2 2 2 2 2 2 2
left_child=1 3 21 4 5 -1 -6 10 9 -9 13 -12 -13 15 -15 -2 17 -5 -18 20 -4 -3 -23
right_child=7 2 19 16 6 -7 -8 8 -10 -11 11 12 -14 14 -16 -17 18 -19 -20 -21 -22 22 -24
leaf_value=-0.0024330844329763174 0.0043059342584331273 -0.057608268885584152 0.1404017391010571 -0.050666837451684821 0.019296130662625206 0.006028714381330548 -0.0080617863310832108 0.12085151137123051 -0.0074548142050525181 0.020409157679562404 0.046407639596835346 -0.047075263855087965 -0.0014404156756001681 0.0053640919526036449 -0.0085620849698552336 -0.00088103918415057415 -0.058919619057288479 0.014863880108083311 -0.0036900282528411115 0.18045878209928615 -0.052207386707442571 -0.052515494890621163 -0.055738931566841649
leaf_weight=807.99393199589076 592.83254399582802 0.11505602140550664 0.22950030234096619 4.5189492940235167 22.956033427642978 371.59574264316961 365.77155074748953 2.557893790304659 3.9244059809134342 2.3142037085963238 5.291741208115126 18.91472818236798 18.704242664991398 868.88952171152414 143.81409232280748 3265.1366221134131 9.9084870079695957 10.609317212313725 5.7476074860232975 0.94462974556881807 0.23620145477070764 0.31474860789285231 0.092381486489102826
leaf_count=8451 3349 9 4 40 201 4387 3416 13 32 35 37 103 171 5550 954 21428 125 104 57 15 275 177 2
internal_value=2.30704e-06 -0.00171496 0.0838548 -0.00181837 -0.00142285 0.000232561 -0.00644618 0.000560859 0.0371853 0.0731423 0.000495292 -0.0156553 -0.0243855 0.000637579 0.00338643 -8.3986e-05 -0.0219682 -0.00471073 -0.0386439 0.134974 0.0427114 -0.0542079 -0.0532469
internal_weight=6523.41 1601.03 1.93252 1599.1 1568.32 1179.59 388.728 4922.38 8.7965 4.8721 4913.58 42.9107 37.619 4870.67 1012.7 3857.97 30.7844 15.1283 15.6561 1.41033 0.465702 0.522186 0.40713
internal_count=48935 17263 482 16781 16455 12838 3617 31672 80 48 31592 311 274 31281 6504 24777 326 144 182 294 279 188 179
is_linear=0
shrinkage=0.05


Tree=268
num_leaves=28
num_cat=0
split_feature=6 39 39 26 59 36 11 59 59 15 44 21 39 2 8 28 27 0 17 8 21 27 2 22 8 17 42
split_gain=2.49497 2.47444 7.14286 6.60901 4.74854 7.33535 11.3256 5.24345 7.48012 7.19557 4.27328 7.16064 4.8504 3.9163 9.09829e-05 3.16297e-05 1.07654e-05 8.5798e-06 7.96214e-06 8.65943e-06 6.47763e-06 3.73977e-06 2.95633e-06 2.89859e-06 2.37027e-06 7.41693e-07 2.84971e-07
threshold=0.041000000000000009 2.7315000000000005 2.7295000000000003 0.58050000000000013 29.500000000000004 0.43100000000000005 40.500000000000007 21.500000000000004 11.500000000000002 0.50850000000000006 0.51250000000000007 -7.4999999999999991 2.5995000000000004 20.500000000000004 0.36666666666666675 0.30400000000000005 0.28950000000000004 13.500000000000002 0.27100000000000007 0.25833333333333336 -2.4999999999999996 0.22650000000000003 2.5000000000000004 1.0000000180025095e-35 0.18333333333333332 0.46000000000000008 0.27000000000000007
decision_type=2 2 2 2 2 2 2 2 2 2 2 2 2 2 2 2 2 2 2 2 2 2 2 2 2 2 2
left_child=14 2 10 13 7 -6 -7 8 -3 -9 12 -12 -2 -4 18 17 22 21 19 24 -21 -16 -17 25 -1 -20 -25
right_child=1 4 3 -5 5 6 -8 9 -10 -11 11 -13 -14 -15 15 16 -18 -19 23 20 -22 -23 -24 26 -26 -27 -28
leaf_value=-0.050006374403137467 0.00052711070299355151 -0.010390072074926641 0.021564920197246099 -0.04184387074614087 -0.044501075706860849 0.080682664669222526 -0.01203503563033154 -0.019269263402454079 0.0064955916417191346 0.0082464476750355158 -0.0058547216833724526 0.0047621346905180962 -0.0029270723782672103 0.065761101871244995 -0.051290253907608746 -0.050320580125144648 -0.051045496944200214 -0.051544703365889524 -0.050171158533746353 -0.050398096303741917 -0.050809300103616152 -0.050843048733033719 -0.050709513505734063 -0.050272951484880604 -0.050296915247239726 -0.050064054409713843 -0.050379078532541047
leaf_weight=0.087623698242168091 3527.1500835422712 114.89917353194323 16.104673059637214 3.1485247459040684 3.2767562729277442 7.3281670124852081 5.9824477757065324 102.42679969856908 152.81540871247125 30.936069863095327 191.51719796263205 930.19252242990478 1427.6854250704391 7.2774196585378368 0.088264742458704748 0.17237823554387433 0.10119683633092791 0.1687847034772858 0.35800925443254528 0.2428527392403339 0.15813609026372433 0.099390579620376229 0.068184971198206767 0.13777589086384978 0.35297948157312931 0.29469643503580301 0.11694421619176865
leaf_count=1362 24664 960 113 37 23 42 47 641 1094 253 1797 6091 10059 61 13 72 11 8 436 67 11 27 8 30 111 878 19
internal_value=1.98666e-06 2.09302e-05 0.00027573 0.026163 -0.00370231 0.0225134 0.0390108 -0.00478651 -0.000751488 -0.0128865 0.000162705 0.00294945 -0.000468177 0.0353205 -0.050474 -0.0509565 -0.0506128 -0.051286 -0.0502814 -0.0503921 -0.0505603 -0.0510534 -0.0504308 -0.0501786 -0.0502391 -0.0501228 -0.0503217
internal_weight=6523.19 6520.74 6103.08 26.5306 417.665 16.5874 13.3106 401.077 267.715 133.363 6076.55 1121.71 4954.84 23.3821 2.44722 0.6982 0.34176 0.35644 1.74902 0.841592 0.400989 0.187655 0.240563 0.907426 0.440603 0.652706 0.25472
internal_count=48935 45882 42822 211 3060 112 89 2948 2054 894 42611 7888 34723 174 3053 139 91 48 2914 1551 78 40 80 1363 1473 1314 49
is_linear=0
shrinkage=0.05


Tree=269
num_leaves=21
num_cat=0
split_feature=19 17 31 13 26 6 16 39 59 2 0 15 8 16 43 39 14 1 18 21
split_gain=2.47562 5.4644 4.80893 5.01121 6.87953 5.27034 4.44417 7.71201 5.82466 7.06629 4.40669 3.36544 6.97141 3.26856 6.46826 2.45824 1.53079 0.481141 0.0269682 0.00676713
threshold=2.3170000000000006 0.23400000000000001 0.85350000000000004 2.4460000000000002 0.11900000000000001 0.31900000000000006 0.72900000000000009 2.5215000000000001 15.500000000000002 7.5000000000000009 6.5000000000000009 1.7640000000000002 0.4555555555555556 0.72300000000000009 0.73750000000000016 2.7390000000000003 0.78050000000000008 54.500000000000007 0.63333333333333341 -15.499999999999998
decision_type=2 2 2 2 2 2 2 2 2 2 2 2 2 2 2 2 2 2 2 2
left_child=6 2 3 5 -5 -2 11 10 9 -9 -8 13 -13 15 -15 -1 -4 18 -3 -20
right_child=1 17 16 4 -6 -7 7 8 -10 -11 -12 12 -14 14 -16 -17 -18 -19 19 -21
leaf_value=0.00025150659266301011 -0.033754301470884991 -0.063083655163077457 0.11678268245967199 0.13900862945343406 -0.056198719561652913 0.0057958694760603946 0.02056102403027095 0.03789848115595059 0.091936772603849179 -0.037443724713569729 -0.066616653621754909 0.1382358694108704 -0.0033766492149879708 -0.0989492918196197 0.014706849995869754 -0.0040838837000350195 0.033784464293693729 -0.12674998441979554 -0.05768564957915262 -0.051987083928109759
leaf_weight=6072.2092148472184 10.603442069476385 0.73331282701110367 0.87722458601001507 0.4797556242610862 7.6210139107884061 40.967643818414217 2.4688735049276174 14.949083984967734 3.5602950409520409 3.9303280463864203 3.5110910037874419 1.3508965924356737 2.4366508439998142 2.4290183973789672 2.582986505003646 345.57841685266794 1.5149776548041698 0.23886497318744648 0.60097177598345242 3.9135546148181679
leaf_count=43670 820 8 25 47 485 493 16 114 28 31 35 31 23 19 23 2596 29 1 34 407
internal_value=1.91946e-06 -0.00952025 -0.00529199 -0.00807868 -0.0446379 -0.00233597 0.000101568 0.0198302 0.033276 0.0222137 -0.0306247 1.43235e-05 0.047132 -1.3462e-05 -0.0403755 1.8059e-05 0.0642201 -0.0573492 -0.0541903 -0.0527457
internal_weight=6522.56 67.5508 62.0641 59.6719 8.10077 51.5711 6455.01 28.4197 22.4397 18.8794 5.97996 6426.59 3.78755 6422.8 5.012 6417.79 2.3922 5.4867 5.24784 4.51453
internal_count=48935 2349 1899 1845 532 1313 46586 224 173 145 51 46362 54 46308 42 46266 54 450 449 441
is_linear=0
shrinkage=0.05


Tree=270
num_leaves=27
num_cat=0
split_feature=18 30 20 23 15 41 44 11 41 6 11 7 28 18 2 18 2 11 10 22 59 30 36 22 21 20
split_gain=2.42676 2.51385 6.16445 11.5251 8.14949 7.08963 9.47135 7.52583 4.66095 2.87735 4.68291 5.61431 4.58883 3.06609 6.99879 5.93348 1.07988 0.82257 0.000125537 7.38454e-05 6.62684e-05 1.94126e-05 8.44338e-06 5.9115e-06 3.1981e-06 2.12726e-07
threshold=0.81666666666666676 1.3110000000000002 1.5000000000000002 0.052999999999999957 -0.67299999999999993 0.47150000000000003 0.48000000000000004 31.500000000000004 0.44700000000000006 0.10400000000000001 41.500000000000007 0.27100000000000007 0.30400000000000005 0.074999999999999969 23.500000000000004 0.14999999999999999 28.500000000000004 37.500000000000007 7.5000000000000009 -0.14999999999999997 26.500000000000004 1.3110000000000002 0.45150000000000007 -0.14999999999999997 -1.0000000180025095e-35 1.0000000180025095e-35
decision_type=2 2 2 2 2 2 2 2 2 2 2 2 2 2 2 2 2 2 2 2 2 2 2 2 2 2
left_child=1 2 3 4 -1 7 -7 -4 -5 10 12 -12 -3 14 -11 -15 18 -18 19 21 22 -2 -20 25 -21 -19
right_child=16 9 5 8 -6 6 -8 -9 -10 13 11 -13 -14 15 -16 -17 17 23 20 24 -22 -23 -24 -25 -26 -27
leaf_value=-0.06929234630449696 -0.050837020376738241 0.027910769293596913 0.040748608198655611 -0.036377081960997142 -0.019303020578409217 0.047397398173287406 -0.018393251800376039 -0.051286520126175766 0.0024333783832414086 0.0011110437520099089 -0.062699810770700901 0.071514395999862604 -0.017308281847392602 -0.0064530141787485428 0.024107746694167331 0.00048252369171005859 0.092883024861327421 -0.050251177345647685 -0.051021676158008157 -0.050620136205830696 -0.051811644608247942 -0.05009883223473769 -0.050402588879717727 -0.050868761285732193 -0.050836421726877613 -0.050086509187117004
leaf_weight=12.023222529598568 0.093193559087013766 6.1845948533609763 19.173751502072268 8.6747664875583705 25.327761212888618 6.7273916070771511 29.279016912285442 2.5122276003676225 71.486359870135857 134.71911780456321 1.0150355979858421 3.3533550303327502 60.436848149634898 325.80124130156764 43.855282383738086 5767.8555890700518 0.2485322207212447 0.023758167400956154 0.0828972337885715 0.33724558737594634 0.21451504225842655 2.0086023005424067 0.16409530251439719 0.032179497182369232 0.3465361184207717 0.11240881282355986
leaf_count=77 21 469 146 50 156 53 244 23 448 2740 25 52 2471 2082 552 36301 1 6 15 35 10 2758 60 2 27 111
internal_value=1.60952e-06 2.44757e-05 -0.00588366 -0.0124551 -0.0353945 0.00750159 -0.00610101 0.0300867 -0.00176656 0.000187663 -0.00982212 0.0403285 -0.0131105 0.000300955 0.0067587 0.000111711 -0.0406788 0.0350784 -0.0504049 -0.0502784 -0.0511687 -0.0501316 -0.0506104 -0.0502593 -0.0507297 -0.0501152
internal_weight=6522.09 6518.43 175.204 117.512 37.351 57.6924 36.0064 21.686 80.1611 6343.22 70.9898 4.36839 66.6214 6272.23 178.574 6093.66 3.66396 0.416879 3.24709 2.78558 0.461508 2.1018 0.246993 0.168346 0.683782 0.136167
internal_count=48935 45889 1197 731 233 466 297 169 498 44692 3017 77 2940 41675 3292 38383 3046 120 2926 2841 85 2779 75 119 62 117
is_linear=0
shrinkage=0.05


Tree=271
num_leaves=21
num_cat=0
split_feature=17 18 40 39 13 27 40 9 13 27 21 44 22 13 14 14 9 1 1 17
split_gain=2.42813 3.22194 4.02344 3.0421 2.79359 4.45417 4.07754 4.36558 3.84469 10.4507 10.8477 5.40768 3.82425 3.36465 5.25168 3.72943 2.63036 0.0402823 0.00918286 0.00105876
threshold=0.7320000000000001 0.29999999999999999 0.74900000000000011 2.5235000000000003 0.25850000000000006 0.18950000000000003 0.69400000000000006 1.1960000000000002 0.40350000000000003 0.29300000000000004 16.500000000000004 0.46850000000000008 0.19999999999999998 0.6170000000000001 2.0725000000000002 0.40450000000000003 1.7805000000000002 12.500000000000002 9.5000000000000018 0.81650000000000011
decision_type=2 2 2 2 2 2 2 2 2 2 2 2 2 2 2 2 2 2 2 2
left_child=4 2 3 -2 5 16 7 -7 9 10 -6 -11 -8 14 -10 -15 -1 18 19 -3
right_child=1 17 -4 -5 8 6 12 -9 13 11 -12 -13 -14 15 -16 -17 -18 -19 -20 -21
leaf_value=-0.19382587885344704 0.012861836030976926 -0.054267298648579633 0.043869888924649762 -0.063342552750636341 0.0040049183652109497 -0.16066106833908322 0.060001720548018438 0.023591769112129467 0.0075324245287737351 -0.1275084402245531 -0.089853733108665026 -0.039272113791914989 0.013359870992364343 -0.020152207522352493 -0.025185620008158258 -6.6805049665434493e-05 -0.0067836913712600727 -0.07080260809612568 -0.05873397906834852 -0.052380809803220366
leaf_weight=0.38968642993131908 2.3711738872225379 1.2314444640505817 2.9205176584218862 2.9253948464174755 38.822106951285605 0.63226069801021612 5.7519654704374288 0.65402620383429166 233.57911431132743 2.4015011296578432 3.3435517526522736 6.2699922311949194 18.625317409618219 23.198162984352166 12.944592856449161 6161.8694465378139 0.36310950060578762 0.4147740751504897 0.9547591097652911 1.8780258966762631
leaf_count=6 25 31 25 26 391 5 94 51 1823 16 31 56 628 913 204 44101 37 2 9 461
internal_value=1.43409e-06 -0.0218433 -0.00324708 -0.0292273 4.40443e-05 0.0162708 0.0197872 -0.0669758 -2.20808e-05 -0.0137183 -0.00343766 -0.0637085 0.0243653 8.61779e-05 0.00581445 -0.000142139 -0.103606 -0.0559597 -0.0544449 -0.0531279
internal_weight=6521.54 12.6961 8.21709 5.29657 6508.84 26.4164 25.6636 1.28629 6482.43 50.8372 42.1657 8.67149 24.3773 6431.59 246.524 6185.07 0.752796 4.479 4.06423 3.10947
internal_count=48935 579 76 51 48356 821 778 56 47535 494 422 72 722 47041 2027 45014 43 503 501 492
is_linear=0
shrinkage=0.05


Tree=272
num_leaves=29
num_cat=0
split_feature=22 40 28 44 16 41 42 27 16 44 36 44 1 26 15 6 41 16 29 59 16 18 28 20 18 24 32 10
split_gain=2.36956 2.87777 2.69137 2.50643 3.05727 2.35382 10.2334 8.04885 7.62856 6.13962 7.99902 5.47492 6.43904 5.14644 6.39519 5.91195 5.07456 5.00426 4.787 4.3459 0.00146612 0.000405661 0.000392357 0.000337017 0.000146267 8.79772e-05 4.4092e-06 3.93823e-06
threshold=-0.54444444444444429 0.75350000000000017 0.61150000000000004 0.52350000000000019 0.69800000000000006 0.47850000000000004 0.25650000000000006 0.17000000000000004 0.10600000000000001 0.49550000000000005 0.37950000000000006 0.50300000000000011 53.500000000000007 0.13850000000000004 0.10400000000000001 0.44900000000000007 0.52000000000000013 0.14550000000000002 1.9280000000000002 29.500000000000004 0.22450000000000003 0.81666666666666676 0.68450000000000022 1.5000000000000002 0.81666666666666676 1.2070000000000003 0.30700000000000005 12.500000000000002
decision_type=2 2 2 2 2 2 2 2 2 2 2 2 2 2 2 2 2 2 2 2 2 2 2 2 2 2 2 2
left_child=1 20 24 4 -4 8 7 16 9 18 -11 19 -13 15 -15 -8 -7 -9 -2 -10 -1 23 -5 -22 25 -3 -23 -26
right_child=5 2 3 22 -6 6 13 17 11 10 -12 12 -14 14 -16 -17 -18 -19 -20 -21 21 26 -24 -25 27 -27 -28 -29
leaf_value=-0.056309068135230345 -0.030185002785930372 -0.053920380091288016 0.1038747258969621 -0.052309236337575032 -0.053159875956911906 0.015048101237412959 -0.0054562431311263168 -0.019050687439617728 0.00015494652684656116 0.068542403064602783 -0.013730958158292884 0.0081617459497923314 -0.060824200403600606 -0.00070627818911344687 0.0042502079019823185 -0.041490880291966792 0.085842509936850192 -0.0051034625349636389 0.020204515444948789 -0.011576912713386065 -0.053536564733342465 -0.050554084393149061 -0.055145290333222699 -0.051847632208163089 -0.050064550700968075 -0.052108022269394295 -0.05006578988220857 -0.050895817482463392
leaf_weight=0.19151624318373972 4.9310175956543381 0.071415931714000513 1.3664629360328038 0.37912665320436634 0.40086955830429349 18.795850327214797 129.92677608703889 69.994070444336103 2199.6810324078288 3.2586315487442326 31.636071089995312 265.12063894969833 3.4262317440006873 1754.8782490275244 1034.4074512487459 12.475203758483984 2.9252324696153655 792.5061021583424 106.741096309368 81.876229736662935 0.31934339409781376 0.055697212954328168 0.17978383690569899 3.9346680081616796 0.080963185238033364 1.0734451422686104 0.2720235957526711 0.017291197553277016
leaf_count=4 49 23 156 94 101 159 1133 743 14808 41 359 1736 23 12334 7244 86 26 5215 1428 503 18 14 34 794 340 214 1255 1
internal_value=1.45861e-06 -0.0266288 0.00733057 0.0390693 0.0682559 3.55719e-05 -0.000763518 -0.00547828 0.00116632 0.0122591 -0.00604788 0.000528766 0.00728159 0.000658493 0.00113184 -0.00861308 0.0245822 -0.00623532 0.0179795 -0.000266064 -0.052023 -0.0518438 -0.0532215 -0.0519744 -0.0520622 -0.0522211 -0.0501488 -0.0502108
internal_weight=6520.92 8.34261 3.56936 2.32624 1.76733 6512.58 3815.91 884.221 2696.67 146.567 34.8947 2550.1 268.547 2931.69 2789.29 142.402 21.7211 862.5 111.672 2281.56 4.77325 4.58173 0.55891 4.25401 1.24312 1.14486 0.327721 0.0982544
internal_count=48935 3048 963 385 257 45887 26940 6143 18947 1877 400 17070 1759 20797 19578 1219 185 5958 1477 15311 2085 2081 128 812 578 237 1269 341
is_linear=0
shrinkage=0.05


Tree=273
num_leaves=26
num_cat=0
split_feature=8 24 33 10 33 3 26 30 9 13 36 44 42 15 14 10 18 22 22 22 40 7 22 22 1
split_gain=2.35619 2.34469 3.72853 5.71759 3.83761 2.69946 6.19718 5.22558 3.4381 3.31312 2.63667 1.42361 1.03045 0.778524 0.218802 0.431876 0.0114795 2.6506e-06 8.13047e-07 3.27298e-07 2.03704e-07 1.55233e-07 1.07649e-07 3.0315e-08 1.65421e-08
threshold=0.18333333333333332 4.7635000000000014 0.30850000000000005 13.500000000000002 0.26900000000000007 2.5580000000000003 0.60250000000000015 1.5635000000000001 2.6735000000000002 1.2405000000000002 0.60650000000000015 0.44450000000000006 0.22850000000000004 -1.0000000180025095e-35 0.83650000000000013 13.500000000000002 0.63333333333333341 -0.066666666666666638 1.0000000180025095e-35 -0.29999999999999988 0.69900000000000007 0.25450000000000006 -0.19999999999999993 -0.54444444444444429 3.5000000000000004
decision_type=2 2 2 2 2 2 2 2 2 2 2 2 2 2 2 2 2 2 2 2 2 2 2 2 2
left_child=14 5 3 4 -3 8 7 -7 10 -8 -2 -5 -4 -14 15 22 -10 19 21 23 -21 -19 24 -16 -1
right_child=1 2 12 11 -6 6 9 -9 16 -11 -12 -13 13 -15 17 -17 -18 18 -20 20 -22 -23 -24 -25 -26
leaf_value=-0.050004747849873799 -0.00023652185915298352 -0.002723119594392677 -0.025235486561619638 -0.056639128566872414 -0.10444696385385742 -0.0082726571292782037 0.048727308609043389 -0.061978970332589478 0.052008535495595587 -0.022873851954506089 0.0039932324149856433 0.064456996118846047 0.063196474375413134 0.0010666416366846528 -0.050022292685058548 0.059564238822944787 0.058800763397171545 -0.050182160731498685 -0.050301600116683165 -0.050139385520252003 -0.050069327901240371 -0.050118706385317659 -0.050140153873220565 -0.050042637198289809 -0.050043443093443232
leaf_weight=0.03254302905907025 6085.1525852070936 2.351548049251504 0.41278870135829482 0.26999428665840275 1.5306698835738641 10.470155972812796 4.5883166583189441 7.9821962738860739 2.0506173219991974 2.493665490183048 392.18462249087315 2.4008592992504418 4.8406808712170459 0.56283546319173172 0.22423527202318005 0.14220101165119559 0.8929486587003338 0.18582716331002247 0.1132625785539858 0.12159017309750231 0.7075615828834998 0.20024419278342975 0.029036311552317229 0.9982929365869494 0.18255458221483423
leaf_count=808 39370 80 20 11 43 117 84 66 821 23 2564 247 249 18 1228 2 33 67 29 71 737 175 39 1636 397
internal_value=1.37029e-06 2.1546e-05 0.0217699 -0.00409235 -0.0428305 -1.98037e-05 -0.0162451 -0.0315052 4.4129e-05 0.0235155 1.95779e-05 0.0522155 0.0509082 0.056725 -0.0447699 -0.00970338 0.054069 -0.0500805 -0.0501838 -0.0500554 -0.0500796 -0.0501492 -0.0500498 -0.0500389 -0.0500376
internal_weight=6521.12 6518.18 12.3694 6.55307 3.88222 6505.82 25.5343 18.4524 6480.28 7.08198 6477.34 2.67085 5.81631 5.40352 2.93735 0.386335 2.94357 2.55101 0.499334 2.05168 0.829152 0.386071 0.244134 1.22253 0.215098
internal_count=48935 43746 668 381 123 43078 290 183 42788 107 41934 258 287 267 5189 1246 854 3943 271 3672 808 242 1244 2864 1205
is_linear=0
shrinkage=0.05


Tree=274
num_leaves=31
num_cat=0
split_feature=35 11 28 9 59 25 24 24 41 9 6 20 4 34 5 30 44 22 4 43 39 37 15 43 30 14 7 15 39 22
split_gain=2.33492 6.70523 10.4335 9.19396 10.0937 7.86968 8.52308 8.11956 7.58402 5.13959 5.98183 5.54665 4.32064 12.5469 10.1413 8.39014 6.51233 5.20393 4.8348 4.03911 3.82464 5.58956 5.17764 4.93735 6.68643 5.2225 3.68453 4.73943 3.63657 3.15181
threshold=0.64750000000000008 19.500000000000004 0.59100000000000008 0.70200000000000007 12.500000000000002 511.50000000000006 3.3285000000000005 2.1925000000000003 0.42600000000000005 1.7635000000000003 0.46550000000000008 2.5000000000000004 2.1705000000000001 0.45200000000000007 -0.9534999999999999 1.4910000000000003 0.5485000000000001 0.16666666666666669 2.2545000000000006 0.76600000000000013 2.4185000000000003 0.64100000000000013 0.58450000000000013 0.76250000000000007 1.4080000000000001 0.89100000000000013 0.27100000000000007 0.070000000000000021 2.3725000000000005 -0.066666666666666638
decision_type=2 2 2 2 2 2 2 2 2 2 2 2 2 2 2 2 2 2 2 2 2 2 2 2 2 2 2 2 2 2
left_child=1 2 3 19 -5 7 -7 -4 26 10 -10 -11 20 14 18 16 -15 -17 -14 -1 21 22 -2 25 -25 -22 27 -3 -23 -16
right_child=12 8 5 4 -6 6 -8 -9 9 11 -12 -13 13 15 29 17 -18 -19 -20 -21 23 28 -24 24 -26 -27 -28 -29 -30 -31
leaf_value=-0.074535438238829341 0.0061375608126150345 0.033748755789555177 -0.0040290700411379004 0.0029948701530479252 -0.015458627762961927 -0.015784962810550959 0.084284999369314773 -0.054304709868282203 0.0030638696500346757 -0.0078514764559472171 0.021728915544362223 0.059829178447151611 0.091219407588892701 0.022403546236412296 0.15811616996348976 -0.030035143229661904 -0.077772195615003176 0.061081299604799605 0.0009457127920911439 0.041585656494802586 -0.004020389564181894 -0.068808002442752689 0.031233918723599693 -0.014956033324175777 -0.0016720384320681487 0.0011187960844861696 -0.062689516392779837 -0.037358208532888494 -0.0083208000444348496 0.078533112843799033
leaf_weight=6.2173598858785217 150.17705041313184 3.499792985996466 11.396659593722687 230.56620361128807 109.19743517036841 9.5715785804527496 2.7360158001438313 27.191659204688222 310.89036788600333 120.94367045113177 49.80180455147638 3.1049215563107273 1.9348453145621514 32.891481248610035 2.1228070895886049 19.259733339626568 1.7065509787835242 1.7058246271444648 6.3538081330229943 0.85141619115620404 560.07003566641561 3.4538404815102686 23.810287058778158 118.30766940560716 475.27509143571933 4212.5191070541441 6.082529191109642 7.0920333970389038 8.8572498373978288 3.0055998337920746
leaf_count=221 1056 27 210 1832 753 122 22 215 2292 805 304 20 28 505 26 374 22 19 172 19 5520 28 262 788 3480 29628 42 55 67 21
internal_value=1.4466e-06 -0.00236432 -0.00721238 -0.00411015 -0.00293594 -0.0283527 0.0064609 -0.0394563 0.00148121 0.0026217 0.00564101 -0.00615744 0.000379848 0.0128164 0.0562115 0.00233766 0.0174624 -0.0226216 0.0220186 -0.0605489 0.000225344 0.00726822 0.00957201 -1.91648e-05 -0.00431969 0.000515705 -0.031674 -0.0138628 -0.0252903 0.111475
internal_weight=6520.59 899.143 397.728 346.832 339.764 50.8959 12.3076 38.5883 501.415 484.741 360.692 124.049 5621.45 68.9807 13.4171 55.5636 34.598 20.9656 8.28865 7.06878 5552.47 186.298 173.987 5366.17 593.583 4772.59 16.6744 10.5918 12.3111 5.12841
internal_count=48935 6939 3394 2825 2585 569 144 425 3545 3421 2596 825 41996 1167 247 920 527 393 200 240 40829 1413 1318 39416 4268 35148 124 82 95 47
is_linear=0
shrinkage=0.05


Tree=275
num_leaves=29
num_cat=0
split_feature=40 28 28 31 21 7 6 21 36 36 37 41 41 20 34 5 20 28 13 44 20 39 13 39 10 7 5 21
split_gain=2.34745 5.72709 7.71082 10.5282 7.72629 5.81615 9.62222 5.93284 5.80993 4.61541 4.43064 4.22352 6.05649 7.65894 7.59408 7.51011 5.86909 4.88109 4.19687 4.85254 5.693 3.93627 7.79545 5.40251 3.3979 2.7551 1.74711 0.497851
threshold=0.68650000000000011 0.17750000000000002 0.36500000000000005 0.66400000000000015 -5.4999999999999991 0.24050000000000002 0.54000000000000015 15.500000000000002 0.43100000000000005 0.57800000000000007 0.49700000000000005 0.45350000000000007 0.44900000000000007 -9.4999999999999982 0.37350000000000005 0.068000000000000019 -13.499999999999998 0.61650000000000016 2.5590000000000006 0.46250000000000008 6.5000000000000009 2.4520000000000004 0.71700000000000008 2.4710000000000005 14.500000000000002 0.34550000000000003 -0.25449999999999995 -2.4999999999999996
decision_type=2 2 2 2 2 2 2 2 2 2 2 2 2 2 2 2 2 2 2 2 2 2 2 2 2 2 2 2
left_child=1 5 4 25 26 10 7 -7 -5 -6 -1 12 13 15 -15 -2 -14 -18 21 27 -21 22 -13 -23 -12 -4 -3 -20
right_child=11 2 3 8 9 6 -8 -9 -10 -11 24 18 16 14 -16 -17 17 -19 19 20 -22 23 -24 -25 -26 -27 -28 -29
leaf_value=-0.069070005535800727 -0.078283884928768657 0.10489871961348261 -0.06228169716402901 0.038540995487705225 0.010606377082248583 -0.049236891233189722 -0.12166480859861878 0.028910818285306623 -0.0086599312783152381 -0.020414477358425408 0.028749579598945481 0.041782022707028493 -0.057673585950133423 -0.022611759921110378 0.00076056531358516222 0.02317914916152658 0.013707757417407849 -0.015533527421036163 -0.069224424589982236 -0.034142149512178518 0.031952417817345799 -0.010899581394485113 0.0038390618830003299 -0.0001964602063025449 -0.031637901346455936 -0.004132116380782298 0.044652496510881025 -0.1132276210381868
leaf_weight=2.0692558503947138 1.894248456461354 2.0425039747569826 11.337122593577076 7.06636036378677 69.4922137927324 8.0946013749344257 3.3824434917187309 3.4697279523825264 84.231530173728515 14.491028007637395 7.7623470025955594 15.470777191312207 3.098506227719553 37.42777366318569 486.59702170638457 49.019120390522403 201.01869142539908 15.361941997671691 1.8309068130756716 10.293377600847633 4.7667149605340446 120.61354415708774 108.29229349616844 5241.088498396055 3.328285582276294 2.4831180547553222 2.9290981216327046 0.99055728441453794
leaf_count=22 19 20 97 63 448 48 23 23 665 100 67 135 35 282 3533 438 1420 185 52 151 362 918 821 38930 30 18 24 6
internal_value=1.18338e-06 -0.00504994 -0.00199497 -0.0111632 0.00883911 -0.0261441 -0.0474861 -0.0257897 -0.00500663 0.00525383 -0.00190422 0.000179382 0.00358741 0.000890032 -0.000908772 0.0194042 0.0106534 0.0116318 -0.000312572 -0.0244963 -0.0132224 -0.000233738 0.00858205 -0.000437231 0.0106274 -0.0518338 0.0694037 -0.084673
internal_weight=6519.94 222.18 194.073 105.118 88.9548 28.1067 14.9468 11.5643 91.2979 83.9832 13.1599 6297.76 794.417 574.938 524.025 50.9134 219.479 216.381 5503.35 17.8816 15.0601 5485.47 123.763 5361.7 11.0906 13.8202 4.9716 2.82146
internal_count=48935 1648 1435 843 592 213 94 71 728 548 119 47287 5912 4272 3815 457 1640 1605 41375 571 513 40804 956 39848 97 115 44 58
is_linear=0
shrinkage=0.05


Tree=276
num_leaves=23
num_cat=0
split_feature=7 20 8 44 10 5 13 44 8 30 14 4 4 13 30 42 14 22 1 30 10 1
split_gain=2.35594 6.06134 5.37858 4.64725 6.76975 4.64391 2.6638 5.83281 7.70959 5.40058 5.08455 4.96097 3.74826 8.73111 6.80505 5.63091 4.18498 6.60595 3.71852 2.24809 0.0331147 0.00352145
threshold=0.54750000000000021 -8.4999999999999982 0.29999999999999999 0.5415000000000002 8.5000000000000018 0.79050000000000009 0.62750000000000006 0.41650000000000004 0.51666666666666672 1.6825000000000003 1.4820000000000004 1.7170000000000003 0.57400000000000007 1.2745000000000002 1.6450000000000002 0.24150000000000002 0.40450000000000003 -0.18333333333333326 63.500000000000007 1.4850000000000003 14.500000000000002 6.5000000000000009
decision_type=2 2 2 2 2 2 2 2 2 2 2 2 2 2 2 2 2 2 2 2 2 2
left_child=6 19 20 5 -5 -4 7 8 -1 11 -10 -9 13 14 -8 -15 17 -14 -18 -2 21 -3
right_child=1 2 3 4 -6 -7 12 9 10 -11 -12 -13 16 15 -16 -17 18 -19 -20 -21 -22 -23
leaf_value=0.0057551380170304213 -0.021027010233786853 -0.050186056307724936 -0.011278094531169219 0.082237543279803052 -0.0027491416269981848 0.030311957749483528 7.690707904510053e-05 0.0038282841951098948 -0.16431745659213609 -0.070033068752367367 -0.035844523984784014 0.024088608793092239 0.0057130506334055128 -0.0078393243978112422 -0.07579455596417474 0.030042599895133595 -0.00030397196770066346 -0.05190685830258384 0.027865911269056493 -0.074143936802656255 -0.064422323970210291 -0.05506435293755392
leaf_weight=3.9169877382382756 3.6852138231042755 0.42260832535612225 50.697426652535796 3.9280210991419136 5.8077322285971604 7.7360872396966434 78.308735524211897 300.17757518405142 1.5375573706951402 2.3602025398795368 1.5430075114800272 33.595976229735243 9.9071299121496867 12.326224433849346 3.0712969403048183 48.048261564804761 5922.0971333149246 9.9903334186528792 11.738173281773923 4.335461909067817 1.1052234617382053 2.9680603338965739
leaf_count=31 21 228 759 50 60 44 703 3053 16 22 25 319 732 106 39 455 41953 111 85 30 23 70
internal_value=1.20033e-06 -0.00848961 -0.00393661 -0.00044316 0.0315399 -0.00577193 0.000107603 0.00439406 -0.0407876 0.00533464 -0.0999673 0.00586759 -0.000133693 0.00790169 -0.0027865 0.0223085 -0.00032501 -0.0232174 -0.000248247 -0.0497386 -0.0569063 -0.0544563
internal_weight=6519.3 80.6858 72.6652 68.1693 9.73575 58.4335 6438.62 343.131 6.99755 336.134 3.08056 333.774 6095.49 141.755 81.38 60.3745 5953.73 19.8975 5933.84 8.02068 4.49589 3.39067
internal_count=48935 1285 1234 913 110 803 47650 3466 72 3394 41 3372 44184 1303 742 561 42881 843 42038 51 321 298
is_linear=0
shrinkage=0.05


Tree=277
num_leaves=19
num_cat=0
split_feature=17 13 27 13 27 21 7 40 6 42 13 7 2 10 41 30 40 13
split_gain=2.28703 2.44843 3.87088 3.77005 9.39088 9.3427 3.72714 7.19999 4.66425 3.52952 2.76797 5.50799 3.04809 2.11854 2.29293 2.4352 2.32589 2.0009
threshold=0.7320000000000001 0.25850000000000006 0.18950000000000003 0.40350000000000003 0.29300000000000004 16.500000000000004 0.32700000000000007 0.69400000000000006 0.32700000000000007 0.26600000000000007 0.6170000000000001 0.59400000000000008 2.5000000000000004 13.500000000000002 0.42600000000000005 1.3405000000000002 0.78200000000000014 1.0000000180025095e-35
decision_type=2 2 2 2 2 2 2 2 2 2 2 2 2 2 2 2 2 2
left_child=1 2 17 4 5 -3 7 -4 -8 -6 11 -5 -12 14 -2 -16 -17 -1
right_child=13 3 6 10 9 -7 8 -9 -10 -11 12 -13 -14 -15 15 16 -18 -19
leaf_value=-0.0068013889388548118 0.038592660150745126 0.0032451097300927201 -0.10302640428250881 0.0061012728252609061 -0.089694986275674071 -0.082299933376195025 0.042974666429258832 0.04812266925830587 -0.021330760378573007 -0.02556551121428129 0.012723424845179264 -0.063660350498310939 -0.00021519183784152898 0.025709202110528968 0.072006996376027657 -0.053541838255697971 0.025385008221576157 -0.16614778678959169
leaf_weight=0.36243503545756794 1.08068981256656 38.603392952948525 0.84446364431096554 243.10637198275072 4.7881582842746848 3.4793757807638022 4.1902194570793645 11.758901332129424 8.622399266343562 3.8875559400694328 45.859117909486486 2.8627560007589627 6137.0119011491661 2.0054261526893233 0.47498437907415691 7.8685580857891164 1.0590566341343217 0.43162078465684317
leaf_count=36 21 391 52 1989 37 31 48 611 67 35 2002 38 43012 14 29 478 37 7
internal_value=1.19935e-06 4.22336e-05 0.0152934 -1.94575e-05 -0.0135926 -0.0038277 0.0186898 0.0379952 -0.000300411 -0.0609588 8.77086e-05 0.00528934 -0.000119225 -0.021375 -0.0303821 -0.0383097 -0.044179 -0.0934165
internal_weight=6518.3 6505.81 26.21 6479.6 50.7585 42.0828 25.416 12.6034 12.8126 8.67571 6428.84 245.969 6182.87 12.4887 10.4833 9.4026 8.92761 0.794056
internal_count=48935 48356 821 47535 494 422 778 663 115 72 47041 2027 45014 579 565 544 515 43
is_linear=0
shrinkage=0.05


Tree=278
num_leaves=22
num_cat=0
split_feature=18 19 8 15 9 9 35 6 19 17 6 42 8 6 22 30 8 18 19 17 22
split_gain=2.27623 2.30959 2.3131 7.11396 7.41636 4.66496 4.12176 3.35987 1.0473 0.00654007 0.000948231 0.000687099 0.000124971 8.44604e-05 8.14712e-05 9.58026e-05 2.17197e-05 1.60878e-05 1.28353e-05 3.97825e-06 3.01225e-06
threshold=0.81666666666666676 1.0000000180025095e-35 0.78888888888888908 -1.2124999999999997 1.7170000000000003 2.4630000000000005 0.58950000000000002 0.77550000000000019 1.2545000000000002 0.39650000000000007 0.37250000000000005 0.28600000000000003 0.48333333333333339 0.66100000000000014 -0.14999999999999997 1.3110000000000002 0.51666666666666672 1.0000000180025095e-35 1.7875000000000003 0.17300000000000001 -0.21111111111111108
decision_type=2 2 2 2 2 2 2 2 2 2 2 2 2 2 2 2 2 2 2 2 2
left_child=1 10 5 9 -5 6 -3 -7 -2 -4 11 16 13 -12 15 -10 -1 -14 -16 -20 -17
right_child=8 2 3 4 -6 7 -8 -9 14 -11 12 -13 17 -15 18 20 -18 -19 19 -21 -22
leaf_value=0.050915855771763496 0.035465884865407152 -0.007708760716684822 0.053127936458767122 0.014881633565011829 -0.00089818543171371406 -0.079887392961737025 3.7615805288158346e-05 -0.015926595105206342 -0.051371096108734617 0.058033967933699249 0.051761790526890353 0.054720476896362169 0.05003783377390042 0.050722244714727777 -0.051171698999882123 -0.050079083109375588 0.051824153708242962 0.050572555656585728 -0.050822122679416305 -0.050561891020850902 -0.050235460216505212
leaf_weight=0.14564557181438376 0.40205085238312621 176.87191451700892 6.2061574657291194 96.696770134192775 323.80147600879354 2.8832938838750106 5897.3703402780739 7.1318703095894307 0.16085798939821083 0.76279271945531935 0.47563928345334694 0.3397439208929427 0.18621404468831315 0.33162061916664243 0.17071824241429512 1.780976338524398 0.12008086164132692 0.57503599703341024 0.2682878723135218 0.32449248759075999 0.37233437559916538
leaf_count=36 20 1182 224 894 3754 16 38480 59 23 28 30 16 1003 43 9 2834 11 113 21 37 102
internal_value=1.22732e-06 2.28243e-05 5.62158e-06 0.00356088 0.0027305 -0.000244164 -0.000187946 -0.0343404 -0.0404275 0.0536649 0.0515501 0.0532309 0.0509013 0.0513347 -0.0503418 -0.0501941 0.0513263 0.0504418 -0.0507897 -0.0506797 -0.0501061
internal_weight=6517.38 6513.9 6511.72 427.467 420.498 6084.26 6074.24 10.0152 3.47972 6.96895 2.17398 0.60547 1.56851 0.80726 3.07767 2.31417 0.265726 0.76125 0.763499 0.59278 2.15331
internal_count=48935 45889 44637 4900 4648 39737 39662 75 3046 252 1252 63 1189 73 3026 2959 47 1116 67 58 2936
is_linear=0
shrinkage=0.05


Tree=279
num_leaves=27
num_cat=0
split_feature=18 37 17 5 7 3 17 36 39 23 5 5 24 24 3 4 8 17 11 11 7 17 6 6 6 7
split_gain=2.42661 2.28681 7.10145 8.13108 10.7666 7.67283 7.45194 6.64637 6.61225 6.2225 7.13149 5.8286 4.61559 4.39587 10.1906 4.61713 1.4582e-05 3.29156e-06 1.64702e-06 1.3094e-06 1.05698e-06 3.99369e-07 3.84719e-07 2.89215e-07 2.82614e-08 9.40531e-09
threshold=1.0000000180025095e-35 0.39350000000000007 0.21550000000000002 0.37700000000000006 0.23400000000000001 1.9635000000000002 0.27700000000000008 0.59600000000000009 2.5720000000000005 0.19999999999999998 0.81950000000000001 0.32050000000000006 2.8185000000000007 3.6255000000000002 1.2745000000000002 0.96100000000000008 0.36666666666666675 0.26500000000000007 12.500000000000002 1.0000000180025095e-35 0.35850000000000004 0.24550000000000002 0.19600000000000004 0.31100000000000005 0.49150000000000005 0.14050000000000004
decision_type=2 2 2 2 2 2 2 2 2 2 2 2 2 2 2 2 2 2 2 2 2 2 2 2 2 2
left_child=16 2 3 11 -5 8 -7 13 -4 10 -9 -2 -11 15 -15 -3 17 18 22 24 21 -21 -1 -22 -18 -26
right_child=1 7 5 4 -6 6 -8 9 -10 12 -12 -13 -14 14 -16 -17 19 -19 -20 20 23 -23 -24 -25 25 -27
leaf_value=0.050361721635959845 0.0041741754946007341 -0.0030235618916203584 0.012198446482860625 0.0058127988478704137 0.038917915885892489 0.0048156419228613063 -0.038380056018851923 -0.0043756563592696734 -0.0081368410079538187 -0.040060284494114654 0.037036301667065924 -0.036893439938640249 -0.012426172263143199 -0.068233585634116425 0.0073816474803166006 0.00053076159360466188 0.05007744483732967 0.050624467279065513 0.050465534795070315 0.050135778362587584 0.050335584230351851 0.050198325362374945 0.050248377313128562 0.050224133918962965 0.050023800444819903 0.050046846157092074
leaf_weight=0.12227232102304642 86.732703727337139 1153.025898375703 80.416040702868486 55.510832251151442 44.048915617197054 16.166711369471159 26.110147085477365 151.62479318383157 79.489488774600431 17.910762688683462 11.161331123206763 9.59570422057004 96.645118614964304 4.5280437890610292 279.10903411170557 4401.7650156865075 0.053207584656774887 0.16074658976867795 0.2429766021668911 0.84597662908163307 0.097654253244399913 0.36546501320844982 0.19309695804258808 0.14411378442309797 0.084314223422552459 0.093222308001713827
leaf_count=18 642 7642 537 440 282 112 185 1167 535 114 79 58 629 47 2781 31995 38 15 29 368 16 109 56 36 891 114
internal_value=1.29624e-06 -1.72363e-05 0.00365484 0.0104396 0.0204597 -0.00291864 -0.021862 -0.000256249 0.00208972 -0.00781895 -0.00153627 8.32464e-05 -0.0167468 0.000103001 0.00617451 -0.000207021 0.0502366 0.0504251 0.0503677 0.0501561 0.0501737 0.0501546 0.0502923 0.0502692 0.0500455 0.0500359
internal_weight=6516.24 6513.84 398.071 195.888 99.5597 202.182 42.2769 6115.77 159.906 277.342 162.786 96.3284 114.556 5838.43 283.637 5554.79 2.40305 0.719092 0.558346 1.68395 1.45321 1.21144 0.315369 0.241768 0.230744 0.177537
internal_count=48935 47245 2791 1422 722 1369 297 44454 1072 1989 1246 700 743 42465 2828 39637 1690 118 103 1572 529 477 74 52 1043 1005
is_linear=0
shrinkage=0.05


Tree=280
num_leaves=28
num_cat=0
split_feature=18 8 17 4 41 39 9 27 4 0 4 40 9 40 31 43 8 17 11 11 17 8 17 8 1 8 5
split_gain=2.30767 2.26112 9.70665 7.56975 7.25904 6.79407 3.52215 3.22354 4.58127 12.1353 5.83481 2.98117 4.96153 3.70337 2.94976 1.16131 1.25431e-05 2.83e-06 1.41635e-06 1.12669e-06 5.49583e-07 3.40518e-07 3.23987e-07 1.91296e-07 1.67616e-08 1.38264e-08 2.33538e-09
threshold=1.0000000180025095e-35 0.23611111111111113 0.097500000000000017 1.2790000000000001 0.56000000000000016 2.6270000000000002 0.40350000000000003 0.16050000000000003 0.89850000000000019 4.5000000000000009 1.5965000000000003 0.68650000000000011 2.2245000000000004 0.69400000000000006 0.61750000000000005 0.78100000000000014 0.36666666666666675 0.26500000000000007 12.500000000000002 1.0000000180025095e-35 0.26200000000000007 0.59166666666666679 0.081500000000000017 0.59166666666666679 3.5000000000000004 0.56944444444444453 0.98350000000000015
decision_type=2 2 2 2 2 2 2 2 2 2 2 2 2 2 2 2 2 2 2 2 2 2 2 2 2 2 2
left_child=16 2 6 5 -5 -4 15 8 9 -3 -10 12 -9 -13 -8 -2 17 18 22 24 21 -21 -1 -22 26 -26 -18
right_child=1 7 3 4 -6 -7 14 11 10 -11 -12 13 -14 -15 -16 -17 19 -19 -20 20 23 -23 -24 -25 25 -27 -28
leaf_value=0.050199385673861119 0.044016284471093937 0.012977343076952736 -0.007382632996340583 0.0022515515403004928 0.10398239098502096 -0.048554833539310088 0.011824451908369678 -0.0041740711336975414 0.024566686974295298 -0.088951074193507673 -0.0095493778312843863 0.0062890422436759318 -0.041905627603885429 7.3266578745939742e-06 -0.0356249309787596 0.19767442533175716 0.050026258439225008 0.050593708586522394 0.050442660002671127 0.050176731337753938 0.050261429040465579 0.050119978735377151 0.050312334575459444 0.050184664431328518 0.050071429130684797 0.050040884389222398 0.050004047716149247
leaf_weight=0.091220381378661286 0.34940495305090635 10.573583298188167 38.211332991527343 217.95496117567927 1.7677540213517193 13.581154475431502 3.6562012350782416 198.2274948664417 48.716665149288019 4.034243114081618 16.873761072871275 244.74929904368764 9.1131184068071871 5673.9670800440272 31.449013861690219 0.18973598673755987 0.032945172308245563 0.15299750142730772 0.2312286626547575 0.51728716841898836 0.15836260165087868 0.54044859603345685 0.20885146223008633 0.16646559310902376 0.05513283156324178 0.11295170536595833 0.018470373505806492
leaf_count=38 850 100 886 5251 56 319 57 1199 344 27 122 1520 88 35783 581 62 70 15 29 168 34 272 36 55 44 261 668
internal_value=1.4037e-06 -1.6226e-05 -0.00420378 -0.000983292 0.00307002 -0.0181789 -0.0287353 0.000191024 0.0101503 -0.0151722 0.01579 6.06431e-05 -0.00583246 0.000267087 -0.0306831 0.0980921 0.050225 0.0504042 0.0503497 0.0501485 0.0501652 0.0501477 0.050278 0.0502221 0.0500433 0.0500509 0.0500183
internal_weight=6515.7 6513.41 307.16 271.515 219.723 51.7925 35.6444 6206.26 80.1983 14.6078 65.5904 6126.06 207.341 5918.72 35.1052 0.539141 2.28636 0.684298 0.531301 1.60206 1.38256 1.05774 0.300072 0.324828 0.2195 0.168085 0.0514155
internal_count=48935 47245 8062 6512 5307 1205 1550 39183 593 127 466 38590 1287 37303 638 912 1690 118 103 1572 529 440 74 89 1043 305 738
is_linear=0
shrinkage=0.05


Tree=281
num_leaves=27
num_cat=0
split_feature=8 41 36 2 4 13 40 22 30 39 8 40 24 3 36 28 14 10 22 22 22 40 4 22 17 1
split_gain=2.23753 2.18342 5.33237 6.23574 6.81985 5.3033 5.1071 8.50925 6.25533 3.88454 10.0219 6.51763 6.20393 5.75701 5.38297 5.29257 0.210159 0.40826 2.2827e-06 6.67547e-07 2.83674e-07 1.78082e-07 1.21519e-07 8.59302e-08 3.31253e-08 1.45131e-08
threshold=0.18333333333333332 0.51050000000000006 0.33300000000000007 20.500000000000004 1.3725000000000003 0.69400000000000006 0.75350000000000017 0.54444444444444462 1.3110000000000002 2.6440000000000006 0.23611111111111113 0.75700000000000012 3.1455000000000006 0.82700000000000007 0.60650000000000015 0.37300000000000005 0.83650000000000013 13.500000000000002 -0.066666666666666638 1.0000000180025095e-35 -0.29999999999999988 0.69900000000000007 2.1705000000000001 -0.19999999999999993 0.58550000000000002 3.5000000000000004
decision_type=2 2 2 2 2 2 2 2 2 2 2 2 2 2 2 2 2 2 2 2 2 2 2 2 2 2
left_child=16 9 3 5 -5 -3 8 -8 -4 11 13 14 -12 -11 -2 -13 17 23 20 22 24 -22 -20 25 -18 -1
right_child=1 2 6 4 -6 -7 7 -9 -10 10 12 15 -14 -15 -16 -17 18 -19 19 -21 21 -23 -24 -25 -26 -27
leaf_value=-0.05000462664142552 5.4103820749361595e-05 -0.012752459968860992 -0.044202151112742352 0.015684284690077738 -0.061461109573422337 0.045200625687960155 -0.0005943270470263679 0.033893921364841671 -0.0053442650214241454 -0.059192391620821884 0.007610463687465964 -0.0009713794670532565 -0.003317383843530509 -0.010789013596585668 0.0077283151103359543 -0.012957365365905034 -0.050036312448583968 0.058861530422407639 -0.050133854752952706 -0.050284828275367788 -0.050133186580971337 -0.050066054853245147 -0.050233192256740222 -0.05013058377904217 -0.050133152825460194 -0.05004169339083861
leaf_weight=0.031165370540293225 3709.0377568576841 5.0367334746570149 10.573517859069396 8.3132005697116238 4.3711375257116734 18.255717766183807 867.3060931187083 18.261579196961975 505.65207577288311 8.4692947213225143 549.16015429989511 203.41650010676312 170.11058161325127 22.365705099293336 243.50603058644447 168.30029988553997 1.1525898540098753 0.13699862861540169 0.33407921502657667 0.10713223891798407 0.11577354471955925 0.67334758304423303 0.033911327074747533 0.027237175129357083 0.0088987035051103502 0.17298369807213021
leaf_count=808 24688 47 59 49 26 120 5561 508 3451 107 3439 1351 1357 205 1631 1147 2846 2 212 29 71 737 30 39 18 397
internal_value=1.24712e-06 2.04409e-05 -0.00169954 0.0173076 -0.0109007 0.0326689 -0.00218735 0.000116866 -0.00614017 0.00050778 0.00382935 -6.83952e-05 0.00502598 -0.0240837 0.000526892 -0.00639821 -0.0447329 -0.00954512 -0.0500767 -0.050175 -0.0500528 -0.0500759 -0.050143 -0.0500472 -0.0500371 -0.050036
internal_weight=6514.93 6512.14 1437.77 35.9768 12.6843 23.2925 1401.79 885.568 516.226 5074.37 750.106 4324.26 719.271 30.835 3952.54 371.717 2.79412 0.368385 2.42573 0.475123 1.95061 0.789121 0.367991 0.231386 1.16149 0.204149
internal_count=48935 43746 9821 242 75 167 9579 6069 3510 33925 5108 28817 4796 312 26319 2498 5189 1246 3943 271 3672 808 242 1244 2864 1205
is_linear=0
shrinkage=0.05


Tree=282
num_leaves=31
num_cat=0
split_feature=18 17 18 17 17 18 17 3 17 7 19 7 4 35 21 35 11 44 30 18 17 7 3 4 17 10 27 17 7 18
split_gain=2.26115 13.1936 11.3926 62.1372 15.1809 12.5034 30.8549 14.6153 12.549 9.56957 9.49943 9.44831 8.83072 13.7809 10.3062 7.0744 7.13341 7.89514 7.3562 5.88602 22.7715 14.2021 5.11772 4.71209 4.37115 6.23979 0.746025 0.00577073 0.00301831 0.000786775
threshold=0.63333333333333341 0.29800000000000004 0.59166666666666679 0.30600000000000005 0.064500000000000016 0.51666666666666672 0.32700000000000007 2.1835000000000004 0.47500000000000003 0.17500000000000002 2.1015000000000006 0.34900000000000003 1.9245000000000003 0.69900000000000007 -12.499999999999998 0.83300000000000007 9.5000000000000018 0.48000000000000004 1.6825000000000003 0.36666666666666675 0.37250000000000005 0.10900000000000001 1.5690000000000002 0.95750000000000013 0.42200000000000004 5.5000000000000009 0.29950000000000004 0.31400000000000006 0.30600000000000005 0.70000000000000007
decision_type=2 2 2 2 2 2 2 2 2 2 2 2 2 2 2 2 2 2 2 2 2 2 2 2 2 2 2 2 2 2
left_child=2 15 5 4 11 19 7 -7 -8 -6 12 -4 14 -14 -3 16 17 -2 -18 21 -21 -1 23 -17 25 -5 -26 28 -12 -29
right_child=1 10 3 24 9 6 8 -9 -10 -11 27 -13 13 -15 -16 22 18 -19 -20 20 -22 -23 -24 -25 26 -27 -28 29 -30 -31
leaf_value=0.011277529868407389 -0.011721406012521494 -0.026032713063307039 -0.0096760234146150929 -0.046721058742692841 0.0064908769351574155 -0.017033361177737589 0.0044266691435594432 0.041952951714880213 0.045157274507813976 0.023501213286894335 -0.052991291565479728 0.036216870998443916 -0.001671533770301651 0.19850498474769449 0.019094160565740977 -0.060330003028936721 -0.0050844662954351522 0.031489400390689648 0.059921975532290644 0.004669476930123281 -0.01251707627304445 -0.0021450783105317985 0.033333386487494961 -0.019668817301493453 -0.059942114173893057 -0.014095084489908344 -0.020931839069999875 -0.053707641746287997 -0.058539933418515891 -0.051588822411439306
leaf_weight=215.09565505356659 16.642263787884076 14.46594001899757 86.273334917248576 25.912838126823772 119.89940896467306 379.54501911614716 179.96983642059058 10.800194565614218 21.131164279222503 266.35893554533322 0.44278935892725613 12.890855888013901 1.7861289883003331 1.6578015951836276 100.91806831399663 8.7881710879391886 697.33125450585794 28.976559158055352 4.3792460005060994 1653.9225157140354 218.15343928517541 2351.5524518443144 3.7535449483739276 37.652539978182176 15.812017541726165 33.731755927779886 1.3285348246063211 0.49500195472501207 0.54894619802144007 3.8133589099907113
leaf_count=3332 415 375 550 218 692 2390 1252 64 232 1560 30 74 102 120 1448 68 7190 699 41 9669 1428 15520 27 533 264 235 20 10 12 365
internal_value=1.12693e-06 -0.00229357 0.000379304 0.00712967 0.0137408 -0.000375165 -0.00720426 -0.0154013 0.00870653 0.018221 0.0128701 -0.00371017 0.0157914 0.0946872 0.0134365 -0.00465367 -0.00343324 0.0157256 -0.00467877 0.000534792 0.00266672 -0.00102021 -0.0228244 -0.0273633 -0.0346648 -0.0282696 -0.0569185 -0.0526238 -0.0560626 -0.0518323
internal_weight=6514.03 921.652 5592.38 562.208 485.423 5030.17 591.446 390.345 201.101 386.258 124.128 99.1642 118.828 3.44393 115.384 797.524 747.329 45.6188 701.711 4438.72 1872.08 2566.65 50.1943 46.4407 76.7851 59.6446 17.1406 5.3001 0.991736 4.30836
internal_count=48935 11435 37500 3613 2876 33887 3938 2454 1484 2252 2462 624 2045 222 1823 8973 8345 1114 7231 29949 11097 18852 628 601 737 453 284 417 42 375
is_linear=0
shrinkage=0.05


Tree=283
num_leaves=28
num_cat=0
split_feature=59 17 16 59 23 17 6 16 25 13 24 31 30 15 8 7 30 41 40 39 4 25 44 44 24 22 23
split_gain=2.17627 7.45521 9.48502 6.68411 7.45012 6.72673 6.62649 6.14824 5.91917 5.6238 5.33585 6.90224 7.56346 5.76242 5.65432 12.1034 8.67169 5.62613 7.23253 7.08311 5.26911 5.24546 4.78592 2.89451 2.93305 2.56333 1.116
threshold=16.500000000000004 0.47900000000000004 0.23900000000000002 17.500000000000004 -0.95249999999999979 0.064500000000000016 0.18650000000000003 0.31900000000000006 513.50000000000011 0.40350000000000003 1.6680000000000004 0.82300000000000006 1.5885000000000002 -0.50849999999999984 0.23611111111111113 0.32700000000000007 1.5115000000000001 0.45750000000000007 0.68100000000000016 2.5485000000000002 1.5275000000000001 509.50000000000006 0.45750000000000007 0.44250000000000006 1.4960000000000002 0.36666666666666664 -1.0004999999999997
decision_type=2 2 2 2 2 2 2 2 2 2 2 2 2 2 2 2 2 2 2 2 2 2 2 2 2 2 2
left_child=10 3 20 4 22 8 -6 -4 -5 -7 11 12 13 -1 15 16 -12 19 -19 -16 25 -14 -2 -13 -25 -3 -17
right_child=1 2 7 5 6 9 -8 -9 -10 -11 14 23 21 -15 17 26 -18 18 -20 -21 -22 -23 -24 24 -26 -27 -28
leaf_value=-0.069553315107072883 0.11474459739357222 -0.07902653785846242 0.052912297595835781 -0.010902863201560233 -0.016839973941220148 -0.065245169179520404 0.010206007912497064 -0.044730913911269612 -0.063323038101771936 0.00084294303004674252 -0.017387742459418605 -0.021415700005545366 0.0039153705696236179 0.008911534161907422 0.0013679952428710767 0.0038023529345200917 0.012460368709016725 -0.036266783200438017 -0.0018375200669931283 0.018341446602507399 0.0028854673931919469 -0.06788159625434885 0.031680768330176655 -0.00011554703510971463 0.064783447071725356 -0.032018312131431879 -0.055636539376705922
leaf_weight=2.3778226833819636 2.3832752322523429 8.4758645616384509 4.9019117007264859 54.085064734865682 25.343540858253618 3.2224088248331091 212.88237710061003 2.4021966916479869 5.9807222905592416 3059.0767917289013 62.863016517449523 1.5224172095950042 4.5131787687996603 146.66052557958574 451.05131702016024 0.83297594007490516 39.702245683556612 15.356024816719581 2288.6204675254094 71.161563376421327 3.9785331752937045 5.8304467851753543 6.36668021494188 2.1633366940332044 8.9162562408787363 4.408269182778894 15.200190968010245
leaf_count=50 17 50 31 410 230 21 1312 32 47 20413 1075 23 109 2756 3153 127 937 102 16149 493 27 157 79 151 127 26 831
internal_value=1.24519e-07 0.000876226 -0.0267957 0.0010747 0.00899304 0.000448372 0.00732874 0.0207991 -0.0161223 0.0007734 -0.000953766 0.0076068 0.00479023 0.00765967 -0.00145373 -0.0121491 -0.00583376 -0.00100491 -0.00206699 0.00368095 -0.0474115 -0.0365548 0.0543053 0.043229 0.0521116 -0.0629428 -0.0525485
internal_weight=6510.28 3393.51 24.1668 3369.34 246.976 3122.36 238.226 7.30411 60.0658 3062.3 3116.77 171.984 159.382 149.038 2944.79 118.598 102.565 2826.19 2303.98 522.213 16.8627 10.3436 8.74996 12.602 11.0796 12.8841 16.0332
internal_count=48935 22695 166 22529 1638 20891 1542 63 457 20434 26240 3373 3072 2806 22867 2970 2012 19897 16251 3646 103 266 96 301 278 76 958
is_linear=0
shrinkage=0.05


Tree=284
num_leaves=27
num_cat=0
split_feature=5 30 42 11 3 39 9 26 13 27 16 14 18 9 32 13 8 3 0 28 15 9 16 22 25 22
split_gain=2.16784 6.40239 5.85296 6.17034 6.90733 4.18676 3.09164 7.9053 8.79261 10.374 5.26329 4.8967 7.45129 4.38298 6.72185 8.22485 6.49321 5.18215 5.40245 4.09735 2.84096 2.61397 0.497802 0.56231 0.0657558 0.0301286
threshold=-1.3954999999999997 1.6025000000000003 0.23100000000000004 8.5000000000000018 0.54000000000000015 2.7890000000000001 0.81350000000000011 0.13950000000000004 1.5965000000000003 0.28400000000000009 0.29500000000000004 1.175 0.48333333333333339 0.90250000000000019 0.35000000000000003 0.86850000000000016 0.25833333333333336 0.49150000000000005 14.500000000000002 0.33150000000000007 -0.61299999999999988 0.75450000000000006 0.19600000000000004 -1.0000000180025095e-35 512.50000000000011 -0.13333333333333333
decision_type=2 2 2 2 2 2 2 2 2 2 2 2 2 2 2 2 2 2 2 2 2 2 2 2 2 2
left_child=1 2 24 5 -5 -4 7 11 10 -10 -9 12 -2 14 16 -16 -8 19 -19 -15 -3 -13 -22 -24 25 -1
right_child=6 20 3 4 -6 -7 13 8 9 -11 -12 21 -14 17 15 -17 -18 18 -20 -21 22 -23 23 -25 -26 -27
leaf_value=-0.061136512094884722 0.014577162818675583 0.016691907930494906 0.0047571390799300449 0.10105173310667093 0.027002425078484341 -0.11174996797304795 -0.068341683474242479 0.0017842202956327305 0.022023113800141509 -0.066475010655567754 -0.010505367694033908 -0.026570256275267042 -0.027385836144803277 0.026012433510459107 0.033550569772218514 0.0060351632004379697 -0.0050845523883671839 -0.0001236196677632366 0.018152451384006636 -0.049169505186168756 -0.011551461868056771 -0.062869499460165609 -0.062790227482239655 -0.12064959353464109 -0.045530651370379857 -0.074736269820816909
leaf_weight=0.9107749391937433 17.687261278597816 1.496000846775132 13.229583236512095 3.8790676135622588 16.738854440083287 0.81883134973759375 4.5548039880814022 173.91418350556341 54.513334751294224 3.5256132916429115 174.57076872913558 13.801836445522897 26.322455804087895 2.2711742311621483 31.522252529524849 196.21744911536189 37.101470884750597 5674.7125873081695 40.725945732589025 8.9684118611003196 0.38463382281042813 7.7413892405020297 2.7132954131911906 0.4968108870089053 0.44365636125803565 0.73661831980143611
leaf_count=82 152 17 641 152 270 17 85 1558 1171 88 2166 232 681 80 211 1667 213 38750 277 135 6 67 181 6 21 9
internal_value=-2.23265e-07 0.0113432 0.0186214 0.0235216 0.0409341 -0.00203364 -7.36139e-05 -0.00396946 -0.00137124 0.0166472 -0.00437215 -0.0200822 -0.0105211 0.00023311 0.00646582 0.00984367 -0.0120012 -6.00914e-05 6.60836e-06 -0.0339776 -0.0412082 -0.0396141 -0.0653042 -0.0717448 -0.0626162 -0.0672175
internal_weight=6510 41.8481 36.7574 34.6663 20.6179 14.0484 6468.15 472.077 406.524 58.0389 348.485 65.5529 44.0097 5996.07 269.396 227.74 41.6563 5726.68 5715.44 11.2396 5.09074 21.5432 3.59474 3.21011 2.09105 1.64739
internal_count=48935 1402 1192 1080 422 658 47533 6115 4983 1259 3724 1132 833 41418 2176 1878 298 39242 39027 215 210 299 193 187 112 91
is_linear=0
shrinkage=0.05


Tree=285
num_leaves=24
num_cat=0
split_feature=14 24 9 1 43 23 40 44 22 9 14 43 21 21 14 3 8 10 23 40 22 10 21
split_gain=2.14399 2.13781 6.91683 11.94 8.84803 10.4341 7.58039 7.01605 4.54485 6.56788 7.20194 6.69296 4.21505 5.40849 2.2826 1.44701 0.0523945 0.00318715 0.00119459 0.000444962 0.000354252 0.000260704 0.00016381
threshold=1.0000000180025095e-35 1.6680000000000004 1.1635000000000002 24.500000000000004 0.76600000000000013 -0.61449999999999994 0.7350000000000001 0.48800000000000004 -0.36666666666666653 1.7020000000000002 1.3270000000000002 0.75850000000000006 -32.499999999999993 -30.499999999999996 0.98350000000000015 0.67300000000000015 0.78888888888888908 1.5000000000000002 -1.0000000180025095e-35 0.70550000000000013 -1.0000000180025095e-35 2.5000000000000004 -5.4999999999999991
decision_type=2 2 2 2 2 2 2 2 2 2 2 2 2 2 2 2 2 2 2 2 2 2 2
left_child=16 2 3 7 6 -6 -4 -2 9 11 -11 -3 14 -14 -10 -5 17 18 20 21 -1 -19 -21
right_child=1 8 4 15 5 -7 -8 -9 12 10 -12 -13 13 -15 -16 -17 -18 19 -20 22 -22 -23 -24
leaf_value=-0.052251804008249081 0.011770181590031521 -0.0059850696051149477 -0.0075403896902739177 -0.025422115020787246 0.10930924596263732 0.018775832265848547 0.026711039339171433 -0.010083899926697592 -0.06617341792627722 0.046869083672883352 -0.061378785955241669 -0.0325871177458519 0.060018298504147839 7.3470483123070859e-05 -0.011561376522589588 -0.076755035810182975 -0.076873720109068067 -0.055998376673167108 -0.060945049898527996 -0.053221126434344547 -0.056751291581010346 -0.051826534809199312 -0.051199848988583187
leaf_weight=0.075081682967720553 79.59593018223768 130.37522882975554 33.081123979318363 1.8340228276792903 5.1910029912542077 8.2256985725689429 31.569360033476187 68.18685044097947 3.5725455634519667 9.276541516366704 1.8416077973088238 28.8823882857032 3.765141103649511 6092.7333363986982 4.1197618166333996 5.4594824222003808 0.28687736834399391 0.095958042871188587 0.14737746517857786 0.11609382250117029 0.10481066256761551 0.061416476682097709 0.73386615943627498
leaf_count=96 1419 4252 289 16 52 63 276 1351 22 217 25 937 27 39254 25 69 5 9 2 36 1 59 433
internal_value=-6.32101e-07 1.36916e-05 0.00471502 -0.00139543 0.0168531 0.0538038 0.00918486 0.00168673 -0.000160995 -0.00821567 0.0289389 -0.0108095 6.3821e-05 0.000110492 -0.0369249 -0.0638469 -0.0574879 -0.0533208 -0.0576076 -0.0519281 -0.0548733 -0.0543703 -0.0514759
internal_weight=6509.33 6507.71 233.143 155.076 78.0672 13.4167 64.6505 147.783 6274.57 170.376 11.1181 159.258 6104.19 6096.5 7.69231 7.29351 1.62148 1.3346 0.32727 1.00733 0.179892 0.157375 0.84996
internal_count=48935 48294 3535 2855 680 115 565 2770 44759 5431 242 5189 39328 39281 47 85 641 636 99 537 97 68 469
is_linear=0
shrinkage=0.05


Tree=286
num_leaves=22
num_cat=0
split_feature=11 7 8 23 20 23 36 12 3 7 15 15 36 15 25 22 23 29 9 18 22
split_gain=2.1867 2.14927 14.7944 7.93977 7.46773 3.92762 5.44407 12.9228 4.22761 8.1541 4.29591 3.86687 5.06268 3.61824 2.74315 0.0374218 0.000675516 0.000666911 0.000100358 0.000115176 3.04081e-05
threshold=1.0000000180025095e-35 0.40800000000000003 0.25833333333333336 1.4025000000000001 -12.499999999999998 1.5085000000000004 0.47750000000000004 12.500000000000002 2.6045000000000003 0.18650000000000003 -1.7099999999999997 1.1090000000000002 0.64400000000000013 -0.8304999999999999 510.50000000000006 -0.066666666666666638 0.12050000000000007 1.7185000000000001 2.1560000000000001 1.0000000180025095e-35 -0.13333333333333333
decision_type=2 2 2 2 2 2 2 2 2 2 2 2 2 2 2 2 2 2 2 2 2
left_child=16 5 11 4 -4 8 14 -8 10 -10 -2 15 -13 -5 -7 -3 -1 -18 19 -19 -20
right_child=1 2 3 13 -6 6 7 -9 9 -11 -12 12 -14 -15 -16 -17 17 18 20 -21 -22
leaf_value=0.054127758930160946 -0.025541726735916034 -0.054720843937094588 0.067889166645110674 -0.0093988916709961332 -0.0013965471079318841 0.048682512088341623 0.016771383163107455 -0.08860824259888285 -0.065084152351083141 0.014119004800214619 0.00027850396630369834 -0.051246668474403123 0.39377211063865236 -0.075141620454542674 0.011539401978665785 -0.06003243262707543 0.054442916259648436 0.050050164194664987 0.051176213131362613 0.051524675345939686 0.05034631104465468
leaf_weight=0.22485198134199835 16.153200530599861 8.7211870615124081 3.9201142638921729 3.4792100917547941 490.45910128677133 12.315775799441328 15.08089430020482 3.6046496461894995 6.9908098588557532 6.0722147822380066 5920.2940896062355 0.15091297924982505 0.11085418956554349 5.2523392997682077 8.3350784498597914 5.3503397928507157 0.1479137261321738 0.15891293915774418 0.13551178108900785 0.79489083727821708 0.59506641212919931
leaf_count=30 186 760 20 21 3570 174 221 40 102 49 42037 157 2 33 128 183 12 227 7 36 940
internal_value=-9.84435e-07 -1.7281e-05 -0.00310892 -0.00168191 -0.000847155 0.000249841 0.0159972 -0.00355752 0.000145724 -0.0282674 0.000208247 -0.0531983 0.137212 -0.0489455 0.0336908 -0.0567404 0.0515413 0.0512239 0.0509412 0.051279 0.0505002
internal_weight=6508.35 6506.29 517.444 503.111 494.379 5988.85 39.3364 18.6855 5949.51 13.063 5936.45 14.3333 0.261767 8.73155 20.6509 14.0715 2.05715 1.8323 1.68438 0.953804 0.730578
internal_count=48935 47683 4746 3644 3590 42937 563 261 42374 151 42223 1102 159 54 302 943 1252 1222 1210 263 947
is_linear=0
shrinkage=0.05


Tree=287
num_leaves=22
num_cat=0
split_feature=18 21 3 16 30 40 21 32 11 33 11 30 3 19 23 30 40 15 22 21 22
split_gain=2.13358 2.10384 7.53908 4.79861 5.57254 5.31896 3.01936 4.77171 2.90593 6.52764 8.2633 4.86566 8.46486 4.57378 4.09995 1.04643 0.589436 8.88501e-05 6.68384e-05 2.95362e-06 2.51504e-06
threshold=0.81666666666666676 23.500000000000004 2.2035000000000005 0.093000000000000013 1.5475000000000001 0.72800000000000009 31.500000000000004 0.56850000000000012 18.500000000000004 0.34950000000000003 16.500000000000004 1.6825000000000003 1.4750000000000003 1.2650000000000001 0.66700000000000026 1.3110000000000002 0.74150000000000016 -0.14549999999999996 -0.14999999999999997 -1.0000000180025095e-35 -0.21111111111111108
decision_type=2 2 2 2 2 2 2 2 2 2 2 2 2 2 2 2 2 2 2 2 2
left_child=1 8 3 4 -3 -5 16 -8 9 14 -11 13 -13 -10 -1 -2 -4 -17 20 -20 -19
right_child=15 2 6 5 -6 -7 7 -9 11 10 -12 12 -14 -15 -16 17 -18 18 19 -21 -22
leaf_value=-0.0011261778495366163 0.036506259907500636 0.033454188929478761 0.030590531692445019 0.001757688446333619 -0.028019473564250365 -0.017221215514775904 0.05996189256224263 -0.04941790287512704 0.0037696895312652502 -0.0043806523897633809 -0.026966222690385469 0.031861587019320681 -0.048446260866122998 -0.00020936217716388875 0.0039235969198784864 -0.051274460891549127 0.06533400054086165 -0.050077356584844329 -0.050568405691522024 -0.050778823865566362 -0.050224023541795171
leaf_weight=1935.7713329694825 0.39356473547513759 13.387628865079025 1.6215235536728849 57.700366574281361 5.0874131038435726 102.49060674645443 1.8705801181495187 2.1353230776439887 1025.301897100835 328.21436354189063 46.198091862788715 25.382718596367344 3.7684372328221789 2442.950867937594 507.28808856196883 0.22739871454905447 4.9393005627207458 1.6808894298424104 0.31728063826449215 0.35157392453402181 0.35382099638809439
leaf_count=14096 24 121 26 460 53 790 26 24 6097 2728 291 153 20 16067 4879 33 58 2820 36 29 104
internal_value=-9.04888e-07 1.95638e-05 -0.00517521 -0.00760227 0.0165264 -0.0103851 0.0358624 0.00165764 0.000175232 -0.00101978 -0.00716745 0.00113792 0.02148 0.000966945 -7.76194e-05 -0.0400459 0.0567471 -0.0503252 -0.0502454 -0.050679 -0.0501029
internal_weight=6507.43 6504.11 189.233 178.666 18.475 160.191 10.5667 4.0059 6314.88 2817.47 374.412 3497.4 29.1512 3468.25 2443.06 3.32453 6.56082 2.93096 2.70356 0.668855 2.03471
internal_count=48935 45889 1558 1424 174 1250 134 50 44331 21994 3019 22337 173 22164 18975 3046 84 3022 2989 65 2924
is_linear=0
shrinkage=0.05


Tree=288
num_leaves=26
num_cat=0
split_feature=39 39 1 27 5 24 40 30 44 14 59 30 44 4 4 41 39 9 9 21 10 24 42 36 13
split_gain=2.0859 6.25872 5.4987 7.69097 7.30318 4.27034 4.43988 6.01134 5.47403 7.40979 6.02731 5.39865 3.90873 6.7426 7.52708 5.29543 5.72281 5.18592 5.10097 3.57686 2.27348 2.11591 1.99192 1.20139 0.0979851
threshold=2.7315000000000005 2.7295000000000003 11.500000000000002 0.26850000000000007 -0.62299999999999989 4.2580000000000009 0.75700000000000012 1.6450000000000002 0.52350000000000019 0.83650000000000013 11.500000000000002 1.3240000000000003 0.51250000000000007 0.59650000000000014 0.69400000000000006 0.49400000000000005 2.669 2.2545000000000006 1.5965000000000003 -1.4999999999999998 6.5000000000000009 2.5835000000000004 0.28000000000000008 0.60150000000000003 1.6610000000000003
decision_type=2 2 2 2 2 2 2 2 2 2 2 2 2 2 2 2 2 2 2 2 2 2 2 2 2
left_child=1 12 19 4 -4 6 7 11 9 -8 -10 -2 15 18 -15 17 -17 -1 -14 -3 -9 -5 -7 24 -24
right_child=5 2 3 21 -6 22 8 20 10 -11 -12 -13 13 14 -16 16 -18 -19 -20 -21 -22 -23 23 -25 -26
leaf_value=0.00075064038901498549 -0.07411971138734362 0.12137578150103026 -0.076353453079840025 0.097109885957638309 0.012811904768925407 -0.02040222407891653 -0.050323872903280331 -0.033793442087563595 -0.021242696027821556 0.0081700111376044326 -0.0012009029914674971 -0.0082141168012950048 -0.036227202148671554 -0.026919992623770664 0.0027425309702578757 -0.00569306993540287 0.002036420797665812 -0.010202143348110254 0.03276107156678406 0.026066788286372225 -0.10096734284582672 0.033948357181239626 0.056111318088363428 -0.0044178074673603572 0.071796077262659713
leaf_weight=3675.4913441406907 3.2348799042806595 2.1967062449530208 2.731333590374569 2.8201443139332687 14.423617683743938 1.1959123616579734 5.6337382179344777 2.5419885034111749 53.517258985767057 138.86081242756518 125.44970425575411 78.776395172345929 2.969493837476878 21.824660455844423 1066.5660475374279 819.73943007052731 338.2922040617068 111.34698025019588 27.429983046063171 1.783756092692786 2.4967819702578709 2.5026516712969169 2.6373318214809842 0.81024655358396547 1.5997162455223586
leaf_count=26476 25 31 27 20 103 25 97 26 482 987 874 632 65 177 7905 6146 2584 1720 346 31 17 21 84 14 20
internal_value=-7.09032e-07 0.000233475 0.0244989 0.0149068 -0.0013846 -0.00342289 -0.00404706 -0.0140706 -0.00134953 0.00588938 -0.00719409 -0.0108137 0.000127595 0.00279644 0.00214773 -0.000476238 -0.00343508 0.000428588 0.0260221 0.0786652 -0.0670791 0.0674128 0.0376183 0.0513657 0.0620332
internal_weight=6506.87 6090.12 26.4582 22.4777 17.155 416.755 410.512 87.05 323.462 144.495 178.967 82.0113 6063.66 1118.79 1088.39 4944.87 1158.03 3786.84 30.3995 3.98046 5.03877 5.3228 6.24321 5.04729 4.23705
internal_count=48935 45652 233 171 130 3283 3140 700 2440 1084 1356 657 45419 8493 8082 36926 8730 28196 411 62 43 41 143 118 104
is_linear=0
shrinkage=0.05


Tree=289
num_leaves=31
num_cat=0
split_feature=27 1 14 26 15 15 40 18 4 59 40 4 32 23 9 15 9 19 29 15 27 40 24 39 1 1 24 3 11 19
split_gain=2.08684 6.52161 8.33344 10.7215 8.26115 6.62796 6.39982 7.99055 5.69864 6.53354 6.34075 5.59375 4.99062 6.51942 7.90862 8.31923 6.59979 5.9078 9.53818 8.58139 4.22441 9.24204 9.84902 5.22005 5.54408 5.18921 4.89424 3.19765 1.86138 0.46599
threshold=0.27700000000000008 8.5000000000000018 2.1130000000000009 0.38100000000000006 -1.3269999999999997 1.2245000000000001 0.69400000000000006 0.25833333333333336 0.93550000000000011 7.5000000000000009 0.76800000000000013 1.8985000000000001 0.39950000000000008 0.4210000000000001 1.1835000000000002 -0.71699999999999986 1.2390000000000001 0.96500000000000008 2.3145000000000002 -0.81649999999999989 0.25400000000000006 0.77700000000000014 3.7335000000000007 2.7475000000000005 57.500000000000007 6.5000000000000009 3.1555000000000004 0.93000000000000016 8.5000000000000018 1.9665000000000001
decision_type=2 2 2 2 2 2 2 2 2 2 2 2 2 2 2 2 2 2 2 2 2 2 2 2 2 2 2 2 2 2
left_child=12 5 8 27 -5 6 7 -2 10 -10 -3 -8 13 17 15 -15 -16 18 -1 -19 23 22 -22 26 -25 -23 -14 -4 29 -7
right_child=1 2 3 4 -6 28 11 -9 9 -11 -12 -13 20 14 16 -17 -18 19 -20 -21 21 25 -24 24 -26 -27 -28 -29 -30 -31
leaf_value=0.015607979322475827 -0.018509810121006862 -0.015131831568041593 -0.051792500056352643 0.062276614979970758 -0.049994319507480178 0.065249100581632788 0.0077436076253733612 0.069981825547465959 0.026497652080963875 -0.0019943249506139313 0.016514968172745385 -0.020474650124822521 -0.00014957991651242148 0.060872717118697274 -0.043114993928635714 0.0022473992011177823 0.009570923981742396 -0.054288731300387832 -0.026237048891242749 -0.00045059557399805967 -0.0040873788504220132 0.065825196261050295 -0.037952470994681679 -0.0064685380169649297 -0.076572044866115491 0.010656817563034125 0.004158313036914653 -0.12050831183683795 0.1372288902079058 -0.013953641279345095
leaf_weight=115.72366936565095 3.7431831088838399 142.17081995778608 3.3019865393871424 3.0814191997615126 3.4990786529378965 0.61822237074375097 111.47785435014248 8.0096735533275005 20.726239629046177 688.70298573609398 17.810669860773487 20.84651841022287 2772.8213911560001 15.26410050566483 6.1365973929641759 10.02616506560298 189.42306070065024 7.5202916784146501 15.434430417852125 468.41432200260306 728.46424888331421 4.5845955552190381 22.12180527872988 193.79215324693359 2.8619168682489535 60.664461631788072 864.99625409804321 3.4744160722475499 1.1912920215058873 0.26545006798005488
leaf_count=781 43 857 18 30 22 4 1231 76 127 4352 123 314 20997 103 37 71 1414 46 93 3571 4959 59 291 1570 17 403 7187 23 40 76
internal_value=-5.80451e-07 -0.00206667 -0.00368637 -0.0428803 0.00257827 0.00771645 0.00643864 0.041798 -0.00308423 -0.00116192 -0.0116086 0.00329807 0.00038747 0.00396404 0.0113202 0.0376311 0.00791766 0.00128798 0.0106837 -0.0013013 -0.000249305 -0.00351641 -0.00508547 0.000445817 -0.00748876 0.0145331 0.000874746 -0.0870247 0.0964422 0.0414571
internal_weight=6507.17 1028.92 882.768 13.3569 6.5805 146.152 144.077 11.7529 869.411 709.429 159.981 132.324 5478.25 827.943 220.85 25.2903 195.56 607.093 131.158 475.935 4650.31 815.835 750.586 3834.47 196.654 65.2491 3637.82 6.7764 2.07496 0.883672
internal_count=48935 7336 5552 93 52 1784 1664 119 5459 4479 980 1545 41599 6116 1625 174 1451 4491 874 3617 35483 5712 5250 29771 1587 462 28184 41 120 80
is_linear=0
shrinkage=0.05


Tree=290
num_leaves=25
num_cat=0
split_feature=8 17 4 26 4 9 13 4 15 22 8 9 40 21 14 19 22 22 22 40 7 22 17 6
split_gain=2.10829 2.08691 2.21882 10.3283 8.17758 4.96123 2.29625 7.17065 5.97112 1.88533 5.26589 3.50223 1.54956 1.24032 0.193305 0.370771 1.92232e-06 5.5128e-07 2.31086e-07 1.3955e-07 1.38409e-07 8.60002e-08 5.10903e-08 1.29967e-08
threshold=0.18333333333333332 0.7320000000000001 2.1705000000000001 0.46500000000000008 2.2545000000000006 1.3725000000000003 1.7400000000000004 2.0850000000000004 0.82500000000000007 0.24999999999999997 0.59166666666666679 0.86850000000000016 0.77150000000000019 5.5000000000000009 0.83650000000000013 0.96500000000000008 -0.066666666666666638 1.0000000180025095e-35 -0.29999999999999988 0.69900000000000007 0.25450000000000006 -0.19999999999999993 0.60550000000000004 0.049000000000000009
decision_type=2 2 2 2 2 2 2 2 2 2 2 2 2 2 2 2 2 2 2 2 2 2 2 2
left_child=14 2 6 4 -4 -5 8 -8 -2 11 -11 -3 -13 -12 15 -1 18 20 22 -20 -18 23 -16 -17
right_child=1 9 3 5 -6 -7 7 -9 -10 10 13 12 -14 -15 16 21 17 -19 19 -21 -22 -23 -24 -25
leaf_value=0.056731725973009677 -0.00020789047221121687 0.10347309812005188 0.023168009902137455 0.064030515430356136 -0.011123319717210147 -0.013845947344172741 0.002611275655573383 -0.057688005208199611 -0.012290965652780324 0.059275543752068317 -0.059705944558186279 -0.059458368383464244 0.024902389661026755 -0.0022441682387273269 -0.050034442393700806 -0.05000432874107346 -0.050167966316368121 -0.050268877694205641 -0.050123655513362168 -0.050062491969058334 -0.050104646557745096 -0.05013386266058642 -0.05016433192870632 -0.050040074152018749
leaf_weight=0.13006816574443236 5392.0265603172184 0.39555691007990201 26.713908594676468 10.544681323517578 49.790005444658163 2.5371897387349227 900.07491288352503 4.9574624015222062 104.22093032445264 2.2765101080294698 2.3190406347857793 5.0688686577486806 0.6098259224963839 1.5782069936394689 1.0846526583436571 0.030159699641899351 0.16969083515868955 0.10038992138288449 0.109373796680302 0.63289836492185714 0.17562254128279164 0.024539901740354253 0.0076238056190051076 0.16212877602811204
leaf_count=8 34382 10 180 75 429 23 7032 54 1046 20 43 380 62 10 2848 826 67 29 71 737 175 33 16 379
internal_value=-3.72307e-07 1.7719e-05 5.66273e-05 0.007871 0.000850649 0.0489266 -5.27346e-05 0.00228098 -0.000437012 -0.0206019 -0.0011437 -0.0403788 -0.050399 -0.0364366 -0.0447826 -0.0100097 -0.0500726 -0.0501657 -0.05005 -0.0500715 -0.0501358 -0.0500457 -0.0500353 -0.0500345
internal_weight=6505.74 6503.11 6490.87 89.5858 76.5039 13.0819 6401.28 905.032 5496.25 12.248 6.17376 6.07425 5.67869 3.89725 2.62715 0.346897 2.28025 0.445703 1.83455 0.742272 0.345313 0.216828 1.09228 0.192288
internal_count=48935 43746 43221 707 609 98 42514 7086 35428 525 73 452 442 53 5189 1246 3943 271 3672 808 242 1238 2864 1205
is_linear=0
shrinkage=0.05


Tree=291
num_leaves=27
num_cat=0
split_feature=22 40 26 7 18 18 22 27 27 10 23 27 21 19 22 22 17 17 17 21 28 18 21 14 30 32
split_gain=2.07569 2.77793 2.56917 2.97108 2.40224 39.5057 5.70059 5.53037 7.33665 5.17149 3.39758 10.3364 6.11573 2.10393 0.0421206 0.0139732 0.0116107 0.00624777 0.00266981 0.00123754 0.000373994 0.000278942 0.000127672 0.000113971 5.4351e-05 3.29956e-06
threshold=-0.54444444444444429 0.75350000000000017 0.18150000000000002 0.17500000000000002 0.74166666666666681 0.70000000000000007 1.0000000180025095e-35 0.16650000000000004 0.21300000000000002 2.5000000000000004 -1.1374999999999997 0.24250000000000002 -33.499999999999993 2.2245000000000004 0.066666666666666666 -0.13333333333333333 0.20950000000000002 0.22900000000000004 0.08900000000000001 5.5000000000000009 0.61650000000000016 0.81666666666666676 -3.4999999999999996 0.40450000000000003 1.5755000000000001 0.30700000000000005
decision_type=2 2 2 2 2 2 2 2 2 2 2 2 2 2 2 2 2 2 2 2 2 2 2 2 2 2
left_child=1 19 3 13 5 10 7 9 -9 -6 11 -2 -12 -3 15 -7 18 -16 -8 21 23 22 -1 -4 -5 -23
right_child=4 2 20 24 6 14 16 8 -10 -11 12 -13 -14 -15 17 -17 -18 -19 -20 -21 -22 25 -24 -25 -26 -27
leaf_value=-0.051704576750500622 -0.00052802056126157924 0.10033079552714529 -0.053893721539030985 -0.05172329790745786 0.10614426945977672 -0.051278394773658587 0.05354803031841554 -0.013086356183538546 0.0073839583795951335 0.0037168643636071447 -0.052506065983581235 0.034674371722751791 3.0008521632230867e-05 -0.053063500421641513 -0.059035634715827935 -0.053481642797159473 0.06029428914817208 -0.055483160988254281 0.056645083235589123 -0.054906619227101439 -0.055255921090056059 -0.050503434182488163 -0.052843273689052853 -0.051845864516799539 -0.052658803270759225 -0.05006077704592387
leaf_weight=3.5575752052864122 76.74027958372335 1.3568539229709138 0.072906796468941826 0.37575772191121348 2.5243304755713316 18.717261244994006 1.1466323781933163 56.86891432738048 190.05008026116047 2.4077023447607644 5.5445693367928461 28.63362748138934 6094.151731424794 0.26763074052360014 2.2434708178043357 11.691244293593629 2.113624140387401 2.7606396153569221 1.7700689461198633 0.31871325976680953 0.095180490894563152 0.051717185460802173 0.26445953372285558 0.99756777312086342 0.26457882260547194 0.22633624993250123
leaf_count=785 718 86 89 186 38 1126 31 670 2030 27 58 296 40540 93 18 247 23 39 26 9 10 14 24 437 62 1253
internal_value=-4.8836e-07 -0.025697 0.00806206 0.0391046 3.05549e-05 -0.000164504 0.00476918 0.00371651 0.00266936 0.0561416 0.000136032 0.00903765 -1.77463e-05 0.0750594 -0.052825 -0.0521255 0.0574724 -0.0570758 0.0554275 -0.0519054 -0.0522524 -0.0516721 -0.0517834 -0.0519853 -0.0521098 -0.0501431
internal_weight=6505.21 7.84928 3.43048 2.26482 6497.36 6240.48 256.881 251.851 246.919 4.93203 6205.07 105.374 6099.7 1.62448 35.4126 30.4085 5.03033 5.00411 2.9167 4.4188 1.16566 4.10009 3.82203 1.07047 0.640337 0.278053
internal_count=48935 3048 963 427 45887 43042 2845 2765 2700 65 41612 1014 40598 179 1430 1373 80 57 57 2085 536 2076 809 526 248 1267
is_linear=0
shrinkage=0.05


Tree=292
num_leaves=30
num_cat=0
split_feature=7 16 4 23 39 31 31 29 24 23 26 13 28 16 23 8 41 20 41 16 39 23 14 36 6 44 31 7 14
split_gain=2.06255 5.23344 8.39491 6.93855 5.87983 5.00846 4.33324 10.6501 6.90322 3.64635 3.28994 2.73724 2.43797 2.30771 12.1535 8.88413 8.66639 8.24403 6.39762 6.21418 8.04711 7.20633 6.47424 5.94309 7.54019 6.3804 5.758 2.48005 1.91797
threshold=0.59400000000000008 0.27100000000000007 1.1275000000000002 -0.12550000000000003 2.5650000000000008 0.80800000000000016 0.7380000000000001 2.7845000000000004 2.1210000000000004 0.66500000000000015 0.17150000000000001 0.25850000000000006 0.39850000000000008 0.42200000000000004 -0.53749999999999987 0.56944444444444453 0.51800000000000013 5.5000000000000009 0.48050000000000004 0.45250000000000007 2.4340000000000006 0.19199999999999998 0.74550000000000016 0.61750000000000005 0.46300000000000008 0.42450000000000004 0.65600000000000014 0.32700000000000007 1.3725000000000003
decision_type=2 2 2 2 2 2 2 2 2 2 2 2 2 2 2 2 2 2 2 2 2 2 2 2 2 2 2 2 2
left_child=13 6 3 5 -5 -3 10 8 -8 28 -2 -12 -9 14 15 16 -1 18 -16 20 21 -15 -22 25 -25 -21 -19 -17 -4
right_child=1 2 9 4 -6 -7 7 12 -10 -11 11 -13 -14 19 17 27 -18 26 -20 23 22 -23 -24 24 -26 -27 -28 -29 -30
leaf_value=0.0045231065948833846 0.046404027631515674 -0.0094262016982638915 -0.01983991877030886 0.020276739946266591 0.11417564871677754 0.097452515288807717 -0.061430091433670835 -0.067346694794804776 0.078449126292249718 0.041893591392250878 0.0072591848639999073 -0.060204877562280427 0.012975850120585409 -0.021091404122009289 0.0027641813224956974 0.052501503753417972 0.033581020350124717 -0.034178405891886011 -0.0013462973243279284 -0.019930820056796181 0.034182236735854486 -0.10242251809388103 -0.0069828497171892587 -0.0043053978920879745 0.016449018868526406 -0.00049293450653639106 -0.0069038262993974565 0.012265512709088064 -0.065327384106125277
leaf_weight=168.9675058963835 0.92213387435185978 10.307005745667995 4.7636979337221401 3.4239725955994826 3.249338674620958 1.2265733846579667 1.1223883470265699 4.4720094812146272 4.118861852100963 1.5067350433673699 1.7321472189032636 11.390918206758213 1.1977145096407182 8.7976841060658426 1731.4230994905533 16.184987025335435 30.25398376161138 26.113694026160374 2088.3977302038629 43.277411139571086 9.8322830604920437 3.9448213325813404 334.43747948429518 71.178980258020147 113.6159846241062 1723.3409768825113 74.717129267351993 5.01687361113727 4.5126481230836362
leaf_count=1405 29 164 137 24 26 16 91 104 57 13 78 235 64 78 11486 88 272 249 14178 357 89 22 2212 591 781 15297 705 29 58
internal_value=-9.60039e-07 -0.00973701 0.00471235 0.0254189 0.0659976 0.00194014 -0.0265219 -0.00288343 0.0484947 -0.03025 -0.0448854 -0.0513001 -0.0503788 8.04761e-05 0.00078663 0.0122105 0.00893587 0.000144365 0.000516873 -0.00118629 -0.00725138 -0.0462699 -0.00580718 -7.66782e-05 0.00845487 -0.000969111 -0.0139675 0.0429807 -0.0419681
internal_weight=6503.45 53.9461 28.99 18.2069 6.67331 11.5336 24.9562 10.911 5.24125 10.7831 14.0452 13.1231 5.66972 6449.5 4141.08 220.423 199.221 3920.65 3819.82 2308.43 357.012 12.7425 344.27 1951.41 184.795 1766.62 100.831 21.2019 9.27635
internal_count=48935 1096 438 230 50 180 658 316 148 208 342 313 168 47839 28412 1794 1677 26618 25664 19427 2401 100 2301 17026 1372 15654 954 117 195
is_linear=0
shrinkage=0.05


Tree=293
num_leaves=22
num_cat=0
split_feature=19 17 6 14 7 40 3 19 7 4 15 42 17 14 15 19 4 2 5 18 6
split_gain=2.01473 5.05886 4.41743 5.25626 5.23242 4.70277 4.29523 3.69453 3.92559 3.07755 2.7311 10.8799 11.9569 4.64277 3.33835 6.57618 2.32841 0.355015 0.126279 0.0219953 0.000703587
threshold=2.3170000000000006 0.23400000000000001 0.28300000000000008 0.83650000000000013 0.085000000000000006 0.77150000000000019 0.78050000000000008 2.302 0.18650000000000003 1.5540000000000003 1.1345000000000003 0.31700000000000006 0.081500000000000017 1.0515000000000001 1.1090000000000002 1.7755000000000003 2.1705000000000001 26.500000000000004 0.44600000000000006 0.70000000000000007 0.35150000000000003
decision_type=2 2 2 2 2 2 2 2 2 2 2 2 2 2 2 2 2 2 2 2 2
left_child=7 2 6 5 -5 -4 9 10 -9 -2 14 12 -12 -13 16 -16 -1 19 -8 -3 -21
right_child=1 17 3 4 -6 -7 18 8 -10 -11 11 13 -14 -15 15 -17 -18 -19 -20 20 -22
leaf_value=-0.00013617464955800298 -0.055860066604649143 -0.059260426635542998 0.019914029315455151 -0.073595394869784711 -0.0070236028280806608 -0.057075785058408914 -0.059942560156473382 -0.016098685419209158 0.08550214913844463 0.046296068592042577 0.046082762929685127 -0.061482789183338674 0.0041477328146748088 0.021093049402352512 0.068672000177067719 -0.030594785342994108 0.0082291003736110445 -0.11430014260979493 -0.09626430355868984 -0.050928233356524445 -0.052407250089555879
leaf_weight=6202.9219050692673 1.1424996736279793 1.4053704911784723 28.010146813187024 3.518705428097749 18.314987993515388 2.134638293660827 5.7852161930611601 1.5137506769970048 2.556054164240777 2.0785094470384138 20.707291980750597 7.6503023767145333 94.900620408551731 2.1893299737275811 1.8474147208689853 17.220100905204163 84.314563952702883 0.257550146896392 0.24962350726127613 1.3685160020668266 1.9496850098948924
leaf_count=44085 287 22 439 54 178 41 573 15 37 326 165 83 1004 14 11 173 999 3 1 310 115
internal_value=-1.16835e-06 -0.0086783 -0.0047366 0.000930405 -0.0177523 0.0144622 -0.0365611 8.8107e-05 0.047712 0.010061 5.79721e-05 0.00736315 0.011659 -0.0431096 -8.73455e-05 -0.020977 -2.39927e-05 -0.0571346 -0.061445 -0.0540177 -0.0517973
internal_weight=6502.04 66.2154 61.2343 51.9785 21.8337 30.1448 9.25585 6435.82 4.0698 3.22101 6431.75 125.448 115.608 9.83963 6306.3 19.0675 6287.24 4.98112 6.03484 4.72357 3.3182
internal_count=48935 2349 1899 712 232 480 1187 46586 52 613 46534 1266 1169 97 45268 184 45084 450 574 447 425
is_linear=0
shrinkage=0.05


Tree=294
num_leaves=27
num_cat=0
split_feature=8 15 25 6 18 4 8 18 17 7 4 5 14 14 0 33 7 8 8 1 5 7 17 17 25 1
split_gain=2.0353 6.78121 6.79513 7.37327 6.81993 6.1199 4.02175 15.2927 8.43606 6.5444 6.05115 5.36222 9.32982 5.42799 4.17891 3.90561 3.9968 3.64504 7.27391 6.7934 0.774541 0.10743 0.00588306 0.00140682 0.000497304 0.000451632
threshold=0.78888888888888908 -1.2124999999999997 511.50000000000006 0.47700000000000004 0.25833333333333336 1.0515000000000001 0.70000000000000007 0.78888888888888908 0.097500000000000017 0.13150000000000003 1.0605000000000002 1.4335000000000002 1.5965000000000003 2.2245000000000004 3.5000000000000004 0.40600000000000008 0.34550000000000003 0.59166666666666679 0.51666666666666672 9.5000000000000018 0.92450000000000021 0.29800000000000004 0.39650000000000007 0.24550000000000002 509.50000000000006 19.500000000000004
decision_type=2 2 2 2 2 2 2 2 2 2 2 2 2 2 2 2 2 2 2 2 2 2 2 2 2 2
left_child=6 22 3 5 -5 -3 11 8 9 -8 -10 17 14 -14 -13 16 -4 18 -1 -19 -17 -9 23 25 -25 -2
right_child=1 2 15 4 -6 -7 7 21 10 -11 -12 12 13 -15 -16 20 -18 19 -20 -21 -22 -23 -24 24 -26 -27
leaf_value=0.00041877370007703134 0.051527458084868805 0.043083536625845499 0.01308853742881565 0.017031314334010238 -0.0080979235296753087 0.0054269994860058745 -0.020243328500851691 0.07204061982084059 -0.0037629081679466966 0.039458235102609096 -0.017926768921001153 -0.028247550124467322 0.038106448974569058 -0.039674332290910642 -0.083381784138700496 0.061114799693614608 -0.031657500330522524 -0.010550552999452021 -0.0050208914846312618 0.0032771793668005152 0.017635948121972465 0.059724306676551077 0.057706211976418231 0.054715895983183653 0.053259854491688144 0.052711934938627851
leaf_weight=3495.5245909054129 1.256957284062991 14.39529837926966 100.18276715116372 30.793172563630833 219.17800639341294 43.075405247043818 6.3962212521146311 4.0760815210232968 205.65025458847958 16.257637056609383 119.06678947072942 17.630445755552504 8.2335658180236333 3.0828775714435315 4.2690466635685871 4.8340055649750857 5.2521147294901303 95.069270864696591 745.65500277212413 1351.9004959701269 1.2997028773197596 3.1302216557087377 0.72291913475783065 0.98878296460316084 1.441138119655079 2.2370354161103023
leaf_count=28048 533 123 1289 883 2212 393 72 35 1142 211 665 110 89 89 35 56 46 865 3971 7818 32 35 28 28 43 84
internal_value=-1.34798e-06 0.003341 0.00254614 -0.00128957 -0.00500233 0.0148592 -0.0002355 -0.00540282 -0.00689842 0.0226018 -0.00895649 8.47405e-05 -0.0199464 0.0169171 -0.0389953 0.0131159 0.0108596 0.000201712 -0.000537591 0.00236867 0.0519018 0.0666907 0.053448 0.0529284 0.0538523 0.0522858
internal_weight=6501.6 425.657 419.01 307.442 249.971 57.4707 6075.94 354.577 347.371 22.6539 324.717 5721.37 33.2159 11.3164 21.8995 111.569 105.435 5688.15 4241.18 1446.97 6.13371 7.2063 6.64683 5.92391 2.42992 3.49399
internal_count=48935 5750 5034 3611 3095 516 43185 2160 2090 283 1807 41025 323 178 145 1423 1335 40702 32019 8683 88 70 716 688 71 617
is_linear=0
shrinkage=0.05


Tree=295
num_leaves=27
num_cat=0
split_feature=24 35 10 33 3 0 21 17 3 6 29 33 19 17 19 21 24 10 19 19 7 44 43 14 17 17
split_gain=2.02005 3.53828 5.144 3.1243 2.30601 8.24867 9.64605 7.72269 7.50713 8.7528 13.364 7.06477 7.65393 7.16185 5.7112 3.54446 5.65003 4.96274 2.55643 1.886 1.33997 1.31578 0.96531 0.74171 0.184177 0.105385
threshold=4.7635000000000014 0.69150000000000011 13.500000000000002 0.26900000000000007 2.2745000000000002 2.5000000000000004 1.0000000180025095e-35 0.15600000000000003 2.1835000000000004 0.67300000000000015 2.6360000000000006 0.29950000000000004 1.1635000000000002 0.49150000000000005 1.7545000000000002 23.500000000000004 3.6255000000000002 10.500000000000002 2.0700000000000007 1.1090000000000002 0.16350000000000003 0.44450000000000006 0.77300000000000013 1.7400000000000004 0.63950000000000007 0.39650000000000007
decision_type=2 2 2 2 2 2 2 2 2 2 2 2 2 2 2 2 2 2 2 2 2 2 2 2 2 2
left_child=4 22 3 19 8 11 18 -8 15 14 -11 13 -13 -6 -10 16 -1 -17 -7 -3 -5 -4 23 -2 -23 -25
right_child=1 2 21 20 5 6 7 -9 9 10 -12 12 -14 -15 -16 17 -18 -19 -20 -21 -22 24 -24 25 -26 -27
leaf_value=-0.00015006697789782559 -0.011204559767659675 -0.036388211748252471 -0.053975456128456417 -0.13750830568881173 0.029381634501770965 0.03047028504954585 -0.081352508666718337 -0.024009744356295951 0.03853339505575732 -0.070850703462247394 0.01817345369494441 -0.045164633152535896 0.0032078006266464706 -0.050408126846089252 -0.0024550697324389691 -0.039282193316124168 0.0087202138839797983 -0.0048888610498972552 -0.022804019847494597 0.05827178477453783 -0.045277119918453061 0.05881269987219645 -0.024486550476638627 0.054757273221261574 0.10439673889613539 0.069849148140749898
leaf_weight=5939.987719127239 0.38300804278696698 1.5217852315054194 0.26479941948309749 0.84866490992135346 28.54892488564747 8.6733566971161036 7.3379981250964184 29.380409808974946 35.203721317928284 6.3475855623983106 12.551372581481699 11.195176118149901 30.339457173569826 3.1196807342203092 11.203058580053037 11.200690478668546 185.11582388505758 164.95254938296421 3.04151044034188 0.80431076983404626 0.73474439803976566 1.9773393239893269 0.40471797053123726 2.7389447680025114 0.24955657124519337 2.0023992388305487
leaf_count=43056 7 61 11 34 331 54 101 199 252 75 131 160 267 35 75 78 2089 1323 39 20 9 246 20 235 1 26
internal_value=-7.94194e-07 0.0205546 -0.0047521 -0.0405351 -3.85908e-05 -0.00685819 -0.0228657 -0.0354694 9.17012e-05 0.0169569 -0.0117271 0.00373281 -0.00983042 0.0215215 0.0286384 -8.30889e-05 0.000118015 -0.00707576 0.0166388 -0.00365695 -0.0947106 0.0513919 0.0498531 0.0557244 0.0639211 0.061131
internal_weight=6500.13 11.9303 6.4012 3.90951 6488.2 121.637 48.4333 36.7184 6366.56 65.3057 18.899 73.2032 41.5346 31.6686 46.4068 6301.26 6125.1 176.153 11.7149 2.3261 1.58341 2.4917 5.52907 5.12435 2.2269 4.74134
internal_count=48935 670 382 124 48265 1186 393 300 47079 533 206 793 427 366 327 46546 45145 1401 93 81 43 258 288 268 247 261
is_linear=0
shrinkage=0.05


Tree=296
num_leaves=23
num_cat=0
split_feature=18 6 29 13 26 16 5 22 23 21 36 26 0 13 12 11 13 22 29 19 22 20
split_gain=2.03187 1.96059 4.98701 4.58898 4.7899 4.74358 2.48419 4.95688 7.75659 4.88742 12.4472 5.95815 4.54459 1.70592 1.025 0.690565 0.000113281 7.39284e-05 1.51597e-05 9.41066e-06 4.68024e-06 1.54022e-07
threshold=0.81666666666666676 0.10400000000000001 1.7185000000000001 0.86850000000000016 0.13950000000000004 0.10900000000000001 -0.069999999999999993 0.63333333333333353 0.29700000000000004 -18.499999999999996 0.47150000000000003 0.19150000000000003 7.5000000000000009 1.0850000000000002 28.500000000000004 37.500000000000007 0.9425 -0.14999999999999997 2.0835000000000004 1.7875000000000003 -0.14999999999999997 1.0000000180025095e-35
decision_type=2 2 2 2 2 2 2 2 2 2 2 2 2 2 2 2 2 2 2 2 2 2
left_child=1 2 13 5 -5 -4 7 12 -9 10 -8 -11 -3 -1 16 -16 -2 18 -18 -19 21 -17
right_child=14 6 3 4 -6 -7 9 8 -10 11 -12 -13 -14 -15 15 20 17 19 -20 -21 -22 -23
leaf_value=0.13571440153810485 -0.051710335258688504 0.010762600226413812 0.024690100419753194 -0.037699472735043003 0.0021646611990233564 -0.050266548746727938 0.098187648881160772 0.0072104172632065575 -0.14615235333454291 -0.010565293591374635 -0.0039040410065279392 -0.00041331190555878342 0.00090621213603862035 0.030392935301786633 0.087371827885508319 -0.05022450886916946 -0.050667992050446788 -0.051081801600463307 -0.050108508210510799 -0.050644906935567884 -0.050803073306171467 -0.050075080810199693
leaf_weight=0.7392424523604848 0.15085949715080449 122.63316594308617 2.6060245375938385 8.8831639048257767 49.66272851150552 11.104845881523941 4.4165508400164972 1.8968198903894511 1.4583365881117059 150.5561925673037 9.2148183328681608 3609.2143804379675 2523.4062204271468 0.80113697329943534 0.24477750062942494 0.021115556941367686 0.12961996359308692 0.16039952216669862 1.8366204497658598 0.53225693304557353 0.030058388598263264 0.094072718322422588
leaf_count=30 14 711 294 423 2079 320 26 37 29 1005 70 23916 16939 10 1 6 88 9 2759 56 2 111
internal_value=-2.50401e-07 1.9369e-05 -0.00808395 -0.00998172 -0.00388392 -0.0360195 0.000112475 0.001286 -0.0594495 -0.000711487 0.0291736 -0.000819838 0.00136302 0.0809377 -0.039834 0.0361218 -0.0503775 -0.0503019 -0.0501454 -0.0507461 -0.0502475 -0.0501025
internal_weight=6499.79 6496.59 73.7971 72.2568 58.5459 13.7109 6422.8 2649.39 3.35516 3773.4 13.6314 3759.77 2646.04 1.54038 3.19978 0.390024 2.80976 2.6589 1.96624 0.692656 0.145247 0.115188
internal_count=48935 45889 3156 3116 2502 614 42733 17716 66 25017 96 24921 17650 40 3046 120 2926 2912 2847 65 119 117
is_linear=0
shrinkage=0.05


Tree=297
num_leaves=28
num_cat=0
split_feature=8 18 15 7 19 30 18 7 44 23 6 18 18 3 26 24 10 24 22 18 22 44 39 7 41 6 6
split_gain=1.99608 1.95161 7.63822 6.68443 9.11457 9.0109 5.27635 14.565 7.32573 4.40444 5.76888 4.3595 13.34 9.25805 1.22871 0.173135 0.359117 0.0692522 1.70116e-06 4.76045e-07 1.86374e-07 8.82753e-08 8.47936e-08 7.79476e-08 6.55991e-08 2.07341e-08 1.47693e-08
threshold=0.18333333333333332 0.074999999999999969 -0.35499999999999993 0.22450000000000003 1.2155000000000002 1.6450000000000002 0.14999999999999999 0.081500000000000017 0.52750000000000019 0.2639999999999999 0.49150000000000005 0.29999999999999999 0.36666666666666675 2.2745000000000002 0.66850000000000021 1.6035000000000001 13.500000000000002 2.4445000000000006 -0.066666666666666638 0.074999999999999969 -0.29999999999999988 0.44000000000000006 2.4520000000000004 0.26000000000000006 0.45750000000000007 0.044000000000000004 0.042500000000000003
decision_type=2 2 2 2 2 2 2 2 2 2 2 2 2 2 2 2 2 2 2 2 2 2 2 2 2 2 2
left_child=15 2 3 4 -2 -5 7 14 -9 10 -4 13 -13 -8 -3 16 21 -11 20 -20 26 22 -1 -21 -22 -23 -17
right_child=1 6 9 5 -6 -7 11 8 -10 17 -12 12 -14 -15 -16 18 -18 -19 19 23 24 25 -24 -25 -26 -27 -28
leaf_value=-0.05024178265439927 0.016034312465997892 0.056552026026153106 0.025603339428822442 -0.0045453288142558541 -0.17065993794116391 -0.095748292981097827 0.0033825898788067185 -0.01091129577546365 0.010499339138526083 0.068445533881250228 -0.061940289188786725 -0.0065782365818272438 0.00067912711899099996 -0.028991333021373668 -0.0064396527269899948 -0.050004757850317584 0.055712092783737982 0.056563889755190992 -0.050241089189500147 -0.050151792356617632 -0.05009582728953639 -0.050005612690468861 -0.050021813648259576 -0.050100325431037332 -0.05005927524397219 -0.050042330458579143 -0.050035341309747787
leaf_weight=0.010364549082623298 59.699838097132215 9.7647351813793613 16.558141012443691 96.802704183981405 0.66099248197860916 2.7862106652464709 1250.5075838719786 289.35048100340646 46.351203800411895 1.4727509394288043 2.1231325160479164 754.58807323036308 3936.0509848756792 22.480554478257545 0.84080453135538924 0.041123669897842996 0.12521469777857419 7.3305865469519631 0.126126893344917 0.14139382494613528 0.15921474820788728 0.051182400743527978 0.0075888621026933825 0.15336230566754239 0.53592074251719168 0.15452955656110134 0.98497345234864042
leaf_count=15 1987 243 135 1077 9 35 7647 1615 270 10 31 4298 25929 314 35 742 9 111 38 59 144 1026 49 153 627 328 1999
internal_value=-3.41154e-07 1.68152e-05 0.00504471 0.000860682 0.0139899 -0.00709692 -0.000132537 -0.0061325 -0.00795507 0.0293941 0.015654 0.000215881 -0.000488373 0.00281088 0.0515581 -0.0447499 -0.0120867 0.0585516 -0.0500697 -0.0501598 -0.0500477 -0.0500425 -0.0501488 -0.050125 -0.0500676 -0.0500332 -0.0500341
internal_weight=6499.86 6497.37 187.434 159.95 60.3608 99.5889 6309.93 346.307 335.702 27.4846 18.6813 5963.63 4690.64 1272.99 10.6055 2.491 0.34888 8.80334 2.14212 0.420883 1.72123 0.223665 0.0179534 0.294756 0.695135 0.205712 1.0261
internal_count=48935 43746 3395 3108 1996 1112 40351 2163 1885 287 166 38188 30227 7961 278 5189 1427 121 3762 250 3512 1418 64 212 771 1354 2741
is_linear=0
shrinkage=0.05


Tree=298
num_leaves=31
num_cat=0
split_feature=18 17 18 17 17 18 17 17 17 7 23 19 17 18 25 1 44 32 23 39 11 44 36 10 18 17 7 17 10 13
split_gain=1.93534 12.3017 10.3431 56.5555 13.4779 11.4414 27.738 11.1541 9.40246 8.55592 8.28249 7.35765 11.4383 11.4127 8.31534 8.0643 9.11338 6.4173 8.50938 6.1571 5.98107 7.51091 6.65721 5.78345 5.23371 20.5347 12.5606 4.37001 5.87691 0.835033
threshold=0.63333333333333341 0.29500000000000004 0.59166666666666679 0.30600000000000005 0.064500000000000016 0.51666666666666672 0.32700000000000007 0.45650000000000007 0.23200000000000004 0.34900000000000003 0.88250000000000017 1.9625000000000001 0.45250000000000007 0.70000000000000007 512.50000000000011 12.500000000000002 0.44000000000000006 0.37950000000000006 0.16699999999999998 2.6480000000000001 9.5000000000000018 0.47200000000000003 0.35900000000000004 5.5000000000000009 0.36666666666666675 0.37250000000000005 0.10900000000000001 0.42200000000000004 5.5000000000000009 0.82700000000000007
decision_type=2 2 2 2 2 2 2 2 2 2 2 2 2 2 2 2 2 2 2 2 2 2 2 2 2 2 2 2 2 2
left_child=2 17 5 4 9 24 10 -8 -6 -4 -7 12 14 -14 -3 -13 -17 18 23 -20 21 -19 -22 -2 26 -26 -1 28 -5 -29
right_child=1 11 3 27 8 6 7 -9 -10 -11 -12 15 13 -15 -16 16 -18 20 19 -21 22 -23 -24 -25 25 -27 -28 29 -30 -31
leaf_value=0.010655983889068686 -0.014020107369630505 0.0095421247942777659 -0.009083730753224337 -0.0454296809867243 0.02177416404861892 -0.01627824966783482 0.0035937172727505298 0.038603541992961538 0.0038238164148337314 0.034732471178451199 0.019617077688977032 -0.052664037964132659 0.15707657013700177 -0.052926862286595412 0.054847025706345358 0.16541873448911804 -0.0011693677968990593 -0.020232748695608628 -0.0064080860777629206 0.071299377022402577 0.029430881419297911 0.025980266542892195 -0.0050859508389406189 -0.049927566080107982 0.0044124134856917451 -0.011938564153423793 -0.0020216167630263161 -0.0096867349150763019 -0.013482109462485162 -0.05908439952782242
leaf_weight=213.10894294999707 24.270046010420401 92.059850919424207 86.253203749060049 25.215791033348069 289.26725281788822 371.46136100251351 175.59616978610575 26.137061543358868 97.554511306807399 12.793934515400904 16.797018282231875 8.4342602411620664 2.6680129009728257 0.85405879181780608 11.380152826004631 0.88599920146952982 11.186943439981404 11.800029120249972 8.7470486191377841 3.5975465231458648 14.266012150117147 34.494653063070473 671.32599950153826 20.84558852361306 1652.5198322918914 217.2622345030577 2348.3541552995994 0.90542012752485135 33.545146062009735 15.523465486625353
leaf_count=3332 411 1158 550 218 1669 2358 1223 261 583 74 96 773 31 76 157 25 282 288 52 24 227 812 6879 240 9669 1428 15520 18 235 266
internal_value=1.31298e-07 -0.00212892 0.0003498 0.00678838 0.0130332 -0.000369628 -0.00691062 0.00812968 0.0172472 -0.00342399 -0.0147253 0.0122837 0.0175435 0.106153 0.0145264 -0.0151509 0.0110561 -0.00445637 -0.0205462 0.016238 -0.00319317 0.0142011 -0.00436771 -0.0306111 0.000501262 0.00251249 -0.000966864 -0.0335653 -0.0271916 -0.056362
internal_weight=6499.11 916.816 5582.3 561.059 485.869 5021.24 589.992 201.733 386.822 99.0471 388.258 127.469 106.962 3.52207 103.44 20.5072 12.0729 789.347 57.4602 12.3446 731.887 46.2947 685.592 45.1156 4431.25 1869.78 2561.46 75.1898 58.7609 16.4289
internal_count=48935 11435 37500 3613 2876 33887 3938 1484 2252 624 2454 2502 1422 107 1315 1080 307 8933 727 76 8206 1100 7106 651 29949 11097 18852 737 453 284
is_linear=0
shrinkage=0.05


Tree=299
num_leaves=26
num_cat=0
split_feature=6 5 30 42 4 9 6 9 26 26 31 26 41 8 26 8 36 2 17 14 8 22 8 17 42
split_gain=2.19679 1.97135 5.83468 5.34784 4.99176 2.64287 5.40725 5.64133 5.12091 8.52142 2.33585 1.10163 0.756396 9.71847e-05 3.93942e-05 2.58494e-05 1.94415e-05 8.50983e-06 6.42363e-06 7.82349e-06 4.11684e-06 2.03423e-06 1.24254e-06 5.10437e-07 2.43196e-07
threshold=0.041000000000000009 -1.3954999999999997 1.6025000000000003 0.23100000000000004 2.4870000000000005 0.81950000000000001 0.12250000000000001 0.90250000000000019 0.63050000000000017 0.50150000000000017 0.7875000000000002 0.38550000000000006 0.48650000000000004 0.36666666666666675 0.44100000000000006 0.4555555555555556 0.44600000000000006 1.5000000000000002 0.27100000000000007 2.6075000000000004 0.25833333333333336 1.0000000180025095e-35 0.63333333333333341 0.46000000000000008 0.27000000000000007
decision_type=2 2 2 2 2 2 2 2 2 2 2 2 2 2 2 2 2 2 2 2 2 2 2 2 2
left_child=13 2 3 -2 -5 8 11 -8 9 -3 -4 -7 -12 18 17 -16 -17 22 19 20 -1 23 -15 -20 -23
right_child=1 5 10 4 -6 6 7 -9 -10 -11 12 -13 -14 14 15 16 -18 -19 21 -21 -22 24 -24 -25 -26
leaf_value=-0.050218896900574711 -0.062122965598186398 -0.0042403814765167606 0.0092091278024420964 0.033974602721602506 -0.0088920157769039904 -0.062341749937890906 0.0077401498414104118 -3.3178692787150292e-05 -0.076721658567100337 0.039949447096541323 -0.040819537717650269 -0.017889271148848467 -0.088807423611768993 -0.050111449286087906 -0.05188428629013038 -0.051498346699301291 -0.050523046217242046 -0.050787502421700464 -0.050160302199715512 -0.051036711911814997 -0.05046401472596216 -0.050246945597151094 -0.050455968213097571 -0.050063439101558041 -0.050351230072107081
leaf_weight=0.36232940767922561 1.9797612791435302 476.06084383452162 1.5951986303298316 25.117844044430967 9.3080196411319758 3.9716319820581694 243.34579856088385 5712.6877863497712 2.3817828699829979 11.165437081639537 1.6615082192292905 2.1472965627908707 1.6235577446677778 0.070572246655501547 0.14168993577186484 0.1011188511911314 0.10329072052263655 0.19173496105941013 0.30224565592106956 0.042130060330691776 0.32490345870610327 0.12071300109528238 0.041597487841499969 0.24728489686640387 0.10413320723455399
leaf_count=1460 29 4621 20 248 82 48 1953 38737 13 75 18 15 23 51 9 11 30 29 436 15 76 30 9 878 19
internal_value=-8.96637e-07 1.58505e-05 0.0109068 0.0177888 0.0223844 -5.38426e-05 0.000236153 0.000284416 -0.00358524 -0.00322771 -0.0404313 -0.0467422 -0.0645363 -0.0504897 -0.0510005 -0.0513653 -0.0510055 -0.0505851 -0.0502688 -0.0503753 -0.0503348 -0.0501686 -0.0502392 -0.0501167 -0.0502952
internal_weight=6495.2 6493.05 41.2859 36.4056 34.4259 6451.76 5962.15 5956.03 489.608 487.226 4.88026 6.11893 3.28507 2.15374 0.650004 0.3461 0.20441 0.303905 1.50374 0.729363 0.687233 0.774377 0.11217 0.549531 0.224846
internal_count=48935 45882 420 359 330 45462 40753 40690 4709 4696 61 63 41 3053 139 50 41 89 2914 1551 1536 1363 60 1314 49
is_linear=0
shrinkage=0.05


end of trees

feature_importances:
Column_18=869
Column_22=862
Column_17=832
Column_8=672
Column_6=501
Column_7=477
Column_21=200
Column_11=185
Column_40=181
Column_19=176
Column_15=168
Column_9=165
Column_24=153
Column_14=127
Column_44=117
Column_16=116
Column_2=110
Column_4=109
Column_1=108
Column_30=108
Column_20=100
Column_5=97
Column_26=96
Column_39=94
Column_23=93
Column_27=79
Column_28=76
Column_3=73
Column_41=69
Column_10=66
Column_42=64
Column_13=61
Column_31=59
Column_59=58
Column_36=57
Column_29=44
Column_32=38
Column_43=35
Column_33=31
Column_0=30
Column_25=30
Column_12=25
Column_35=21
Column_34=20
Column_37=15

parameters:
[boosting: gbdt]
[objective: binary]
[metric: binary_logloss]
[tree_learner: serial]
[device_type: cpu]
[data_sample_strategy: bagging]
[data: ]
[valid: ]
[num_iterations: 300]
[learning_rate: 0.05]
[num_leaves: 31]
[num_threads: 4]
[seed: 0]
[deterministic: 0]
[force_col_wise: 0]
[force_row_wise: 0]
[histogram_pool_size: -1]
[max_depth: 5]
[min_data_in_leaf: 20]
[min_sum_hessian_in_leaf: 0.001]
[bagging_fraction: 0.8]
[pos_bagging_fraction: 1]
[neg_bagging_fraction: 1]
[bagging_freq: 0]
[bagging_seed: 3]
[bagging_by_query: 0]
[feature_fraction: 0.8]
[feature_fraction_bynode: 1]
[feature_fraction_seed: 2]
[extra_trees: 0]
[extra_seed: 6]
[early_stopping_round: 0]
[early_stopping_min_delta: 0]
[first_metric_only: 0]
[max_delta_step: 0]
[lambda_l1: 0]
[lambda_l2: 0]
[linear_lambda: 0]
[min_gain_to_split: 0]
[drop_rate: 0.1]
[max_drop: 50]
[skip_drop: 0.5]
[xgboost_dart_mode: 0]
[uniform_drop: 0]
[drop_seed: 4]
[top_rate: 0.2]
[other_rate: 0.1]
[min_data_per_group: 100]
[max_cat_threshold: 32]
[cat_l2: 10]
[cat_smooth: 10]
[max_cat_to_onehot: 4]
[top_k: 20]
[monotone_constraints: ]
[monotone_constraints_method: basic]
[monotone_penalty: 0]
[feature_contri: ]
[forcedsplits_filename: ]
[refit_decay_rate: 0.9]
[cegb_tradeoff: 1]
[cegb_penalty_split: 0]
[cegb_penalty_feature_lazy: ]
[cegb_penalty_feature_coupled: ]
[path_smooth: 0]
[interaction_constraints: ]
[verbosity: -1]
[saved_feature_importance_type: 0]
[use_quantized_grad: 0]
[num_grad_quant_bins: 4]
[quant_train_renew_leaf: 0]
[stochastic_rounding: 1]
[linear_tree: 0]
[max_bin: 255]
[max_bin_by_feature: ]
[min_data_in_bin: 3]
[bin_construct_sample_cnt: 200000]
[data_random_seed: 1]
[is_enable_sparse: 1]
[enable_bundle: 1]
[use_missing: 1]
[zero_as_missing: 0]
[feature_pre_filter: 1]
[pre_partition: 0]
[two_round: 0]
[header: 0]
[label_column: ]
[weight_column: ]
[group_column: ]
[ignore_column: ]
[categorical_feature: ]
[forcedbins_filename: ]
[precise_float_parser: 0]
[parser_config_file: ]
[objective_seed: 5]
[num_class: 1]
[is_unbalance: 0]
[scale_pos_weight: 1]
[sigmoid: 1]
[boost_from_average: 1]
[reg_sqrt: 0]
[alpha: 0.9]
[fair_c: 1]
[poisson_max_delta_step: 0.7]
[tweedie_variance_power: 1.5]
[lambdarank_truncation_level: 30]
[lambdarank_norm: 1]
[label_gain: ]
[lambdarank_position_bias_regularization: 0]
[eval_at: ]
[multi_error_top_k: 1]
[auc_mu_weights: ]
[num_machines: 1]
[local_listen_port: 12400]
[time_out: 120]
[machine_list_filename: ]
[machines: ]
[gpu_platform_id: -1]
[gpu_device_id: -1]
[gpu_use_dp: 0]
[num_gpu: 1]

end of parameters

pandas_categorical:null
