tree
version=v4
num_class=1
num_tree_per_iteration=1
label_index=0
max_feature_idx=59
objective=binary sigmoid:1
feature_names=Column_0 Column_1 Column_2 Column_3 Column_4 Column_5 Column_6 Column_7 Column_8 Column_9 Column_10 Column_11 Column_12 Column_13 Column_14 Column_15 Column_16 Column_17 Column_18 Column_19 Column_20 Column_21 Column_22 Column_23 Column_24 Column_25 Column_26 Column_27 Column_28 Column_29 Column_30 Column_31 Column_32 Column_33 Column_34 Column_35 Column_36 Column_37 Column_38 Column_39 Column_40 Column_41 Column_42 Column_43 Column_44 Column_45 Column_46 Column_47 Column_48 Column_49 Column_50 Column_51 Column_52 Column_53 Column_54 Column_55 Column_56 Column_57 Column_58 Column_59
feature_infos=[1:16] [0:76] [1:30] [0:6] [0:5] [-5:6] [0:1] [0:1] [0:1] [0:3] [1:16] [0:74] [1:30] [0:5] [0:6] [-6:5] [0:1] [0:1] [0:1] [0:3] [-15:15] [-51:53] [-1:1] [-5:6] [0:12] [503:516] [0.10000000000000001:0.73399999999999999] [0.151:0.33500000000000002] [0.10000000000000001:0.73399999999999999] [1.6499999999999999:3.5169999999999999] [1.2370000000000001:1.702] [0.498:0.91600000000000004] [0.23400000000000001:0.69499999999999995] [0.083000000000000004:0.48499999999999999] [0.30499999999999999:0.76600000000000001] [0.51500000000000001:0.91700000000000004] [0.316:0.65000000000000002] [0.34999999999999998:0.68400000000000005] none [2.2829999999999999:2.8490000000000002] [0.65000000000000002:0.81399999999999995] [0.39700000000000002:0.56899999999999995] [0.19600000000000001:0.33800000000000002] [0.66200000000000003:0.80400000000000005] [0.38200000000000001:0.57099999999999995] none none none none none none none none none none none none none none [1:30]
tree_sizes=3448 3442 3437 3470 3460 3446 3456 3470 3451 3462 3472 3452 3341 3470 3469 3486 3459 3464 3346 3478 3451 3462 3457 3437 3470 3476 3351 3465 3459 3340 3480 3465 3480 3479 3438 3480 3461 3476 3467 3473 3480 3467 3470 3444 3466 3466 3466 3359 3457 3463 3365 3470 3450 3484 3247 3480 3480 3258 3476 3040 3485 3478 3373 3376 3471 3252 3049 3046 3494 3472 3486 3254 3176 3254 3480 3487 3271 3354 3265 3491 3270 2491 3347 3379 2727 3144 2813 3378 2391 3236 3024 3486 2705 3140 3248 2702 2920 3343 2825 3493 3081 2697 3266 3464 3156 3239 3163 3473 2921 2835 2918 2490 2823 3169 3130 3043 3160 3152 2823 2933 3349 3039 2493 3062 3486 2621 3478 3327 3364 3140 3035 2816 3481 2697 3473 3366 3387 2711 2286 2709 3493 3267 2837 3039 2726 2284 2302 2909 3253 3143 3029 2951 2289 2723 3473 2286 3348 3493 2406 3136 2411 3148 3460 2081 2725 2626 2638 2708 3229 2921 2381 3137 2929 1755 3481 3273 2814 2724 2634 2287 2612 3018 3155 1981 2502 3376 2161 2929 2296 3041 3043 3244 3154 2303 3471 2081 3031 2091 2931 3354 3252 2910 2417 3131 2935 3036 3156 3034 3255 2926 3136 2621 2937 3248 3472 3265 2936 3010 3269 3479 2500 3132 2926 3038 2175 2599 2497 2168 3258 3357 3349 2834 3148 3164 3234 2176 2490 1967 3137 2800 3161 3372 2810 3358 1761 3022 3235 2589 3469 3282 2491 3030 2836 2500 2518 3488 2927 3247 2701 1970 3477 2281 3487 3274 3170 3040 2413 3040 3269 2809 1973 2922 2916 2513 3049 2518 3257 2506 2377 3457 3259 2790 2593 2908 2404 3485 3486 3280 3046 3248 2690 2802 3075 3496 2254 2693 3041 2819 3044 3133

Tree=0
num_leaves=31
num_cat=0
split_feature=24 13 24 24 13 24 13 24 13 13 24 5 5 24 1 11 13 15 13 24 13 5 6 2 24 22 1 22 42 26
split_gain=2567.78 1173.65 430.944 411.44 369.844 330.709 297.298 217.011 170.368 112.306 163.825 108.171 104.592 102.959 91.2212 76.6244 51.5285 30.3641 26.2856 23.6156 21.4078 18.7622 13.9429 7.81934 6.4903 2.26028 1.81653 4.28047 0.190163 0.178989
threshold=2.9535000000000005 1.1345000000000003 4.0015000000000009 2.0010000000000003 1.8545000000000003 2.1685000000000003 1.0000000180025095e-35 3.3650000000000007 1.0545000000000002 2.8165000000000004 1.2565000000000002 -0.29799999999999993 -0.53699999999999992 2.6895000000000007 3.5000000000000004 4.5000000000000009 0.80400000000000016 -1.0604999999999998 0.7875000000000002 4.7635000000000014 1.0725000000000002 -1.6604999999999996 0.66100000000000014 1.5000000000000002 4.3335000000000008 0.36666666666666664 5.5000000000000009 0.8500000000000002 0.31700000000000006 0.63900000000000012
decision_type=2 2 2 2 2 2 2 2 2 2 2 2 2 2 2 2 2 2 2 2 2 2 2 2 2 2 2 2 2 2
left_child=1 3 6 15 5 12 22 8 -8 10 -6 -7 -3 16 -9 23 -5 -15 -17 20 24 -11 -2 -1 -4 -22 28 -28 -21 -24
right_child=2 4 19 13 9 11 7 14 -10 21 -12 -13 -14 17 -16 18 -18 -19 -20 26 25 -23 29 -25 -26 -27 27 -29 -30 -31
leaf_value=-0.15566122405097757 -0.085012573716226669 -0.072053314346236477 -0.0079158322794945571 -0.10671827168995279 -0.10633537553645714 -0.039490452295174394 -0.054566999284608335 0.033716408096340793 -0.024542839420317486 0.0423804713022869 -0.035294631326706398 -0.062238181844692965 -0.096943522531240903 -0.10066211500443561 -0.015566537493494709 -0.13544976550860871 -0.087678560521311621 -0.067611497834734899 -0.10913868177881805 0.044509951897483295 0.041097943216543621 -0.010253860390303168 -0.15566122405097757 -0.14015500619581511 0.014156126036446191 0.025991913593881193 0.039833055263173454 0.0087650990495438466 0.03450139310006025 -0.14565266525355453
leaf_weight=150.12151403725147 8.4927312433719617 881.49554581940174 73.437146633863449 545.53308928012848 87.175388351082802 755.35350823402405 867.50751788914204 101.91277492046356 1037.6119289696217 46.959808051586151 1174.7445599287748 1696.0483865439892 809.80690267682076 78.183084681630135 1193.4785259068012 128.63989971578121 1019.377535417676 625.21489124000072 362.19000890851021 94.91876095533371 43.962373495101929 26.477338582277298 42.213870003819466 177.34821125864983 60.947835981845856 56.701470360159874 53.4542495906353 13.988027930259703 4.9957242608070365 4.9957242608070365
leaf_count=601 34 3529 294 2184 349 3024 3473 408 4154 188 4703 6790 3242 313 4778 515 4081 2503 1450 380 176 106 169 710 244 227 214 56 20 20
internal_value=-0.0585024 -0.0734806 -0.0234392 -0.0981385 -0.0595871 -0.0669631 -0.0294717 -0.0274786 -0.0382145 -0.0367043 -0.0402022 -0.0552289 -0.0839709 -0.0871741 -0.0116893 -0.128532 -0.0943159 -0.0712851 -0.116034 0.025375 0.0151543 0.0234035 -0.143992 -0.147264 0.0020945 0.0325891 0.0397297 0.0333893 0.0440095 -0.154602
internal_weight=12223.3 8564.67 3658.62 3086.61 5478.06 4142.7 3256.21 3200.51 1905.12 1335.36 1261.92 2451.4 1691.3 2268.31 1295.39 818.3 1564.91 703.398 490.83 402.406 235.049 73.4371 55.7023 327.47 134.385 100.664 167.357 67.4423 99.9145 47.2096
internal_count=48935 34288 14647 12357 21931 16585 13036 12813 7627 5346 5052 9814 6771 9081 5186 3276 6265 2816 1965 1611 941 294 223 1311 538 403 670 270 400 189
is_linear=0
shrinkage=1


Tree=1
num_leaves=31
num_cat=0
split_feature=24 13 24 4 24 4 24 4 13 4 4 3 4 4 24 24 13 24 13 24 4 3 21 2 13 24 21 24 20 3
split_gain=2317.11 1073.16 485.072 467.616 388.615 285.693 267.141 184.39 169.47 168.677 156.495 136.134 117.992 110.117 108.222 98.0572 93.2102 79.0302 63.7886 63.1365 58.2433 55.1957 25.2588 21.8709 11.0936 7.91803 4.28062 3.24 6.2377 2.78765
threshold=2.9535000000000005 1.3390000000000002 2.1255000000000002 1.5275000000000001 4.0015000000000009 0.93550000000000011 2.4190000000000005 1.0000000180025095e-35 0.96100000000000008 1.0605000000000002 1.4260000000000004 0.95350000000000013 1.1015000000000004 2.2245000000000004 2.6895000000000007 3.2765000000000004 1.9650000000000001 3.5025000000000004 0.7965000000000001 3.1680000000000006 0.95750000000000013 0.90250000000000019 5.5000000000000009 3.5000000000000004 1.0725000000000002 4.3335000000000008 3.5000000000000004 4.2580000000000009 -6.4999999999999991 1.8165000000000002
decision_type=2 2 2 2 2 2 2 2 2 2 2 2 2 2 2 2 2 2 2 2 2 2 2 2 2 2 2 2 2 2
left_child=1 2 9 6 5 7 12 26 19 23 14 13 -3 -5 -4 -10 -13 -9 -11 -7 -8 -12 27 -1 25 -24 -2 28 -6 -26
right_child=4 3 10 11 22 8 20 17 15 18 21 16 -14 -15 -16 -17 -18 -19 -20 -21 -22 -23 24 -25 29 -27 -28 -29 -30 -31
leaf_value=-0.090646853630710317 -0.092094326168397578 -0.039960963906454927 -0.037505758461097292 0.00207329493350042 0.029933439888937236 -0.00047569080355638763 -0.00810840303784288 0.00025128543533778656 0.034507929775525144 -0.071488015892848283 -0.023925033070931648 0.029366081631408622 -0.011489121229096655 0.063435742565119135 -0.012834609781954748 0.05989131825149914 0.066424522437695477 0.033054766479873841 -0.037620042850921472 0.028886040984400448 0.018001055126835069 0.0018330267334269847 0.046641577205145703 -0.068485902298503473 0.052386667107015408 0.070398124935943773 -0.059481804221102844 0.095190480954435469 0.094202226436718176 0.086669409102185221
leaf_weight=255.36421185731888 42.016545608639717 548.49040366709232 1244.666647836566 567.67335833609104 5.7492103278636959 287.03248654305935 292.51905842125416 626.50756748020649 788.30798718333244 170.00758618116379 281.75206804275513 549.80680949985981 1081.141731724143 83.920249283313751 691.43641550838947 735.4078778475523 245.42026735842228 259.72570852935314 762.97237080335617 505.57134598493576 791.648746073246 794.30294635891914 63.249008491635323 197.39631946384907 6.4985289126634589 78.738466292619705 13.230118975043295 169.68275626003742 10.996867567300795 67.732789993286133
leaf_count=1027 169 2197 4988 2273 23 1149 1171 2507 3154 683 1129 2201 4330 336 2769 2942 982 1039 3059 2023 3169 3182 253 792 26 315 53 679 44 271
internal_value=-1.02814e-06 -0.0142405 -0.0314616 0.00396267 0.0332924 0.0275649 -0.00827656 0.00434015 0.0370048 -0.0559437 -0.0201986 0.0269198 -0.021072 0.00997631 -0.028695 0.046759 0.0408029 0.0098649 -0.0437915 0.018253 0.0109565 -0.00491141 0.0796331 -0.080985 0.0680046 0.0598157 -0.0842845 0.0931197 0.0721377 0.0836682
internal_weight=12219 8558.52 4397.9 4160.62 3660.45 3257.8 2713.8 941.48 2316.32 1385.74 3012.16 1446.82 1629.63 651.594 1936.1 1523.72 795.227 886.233 932.98 792.604 1084.17 1076.06 402.648 452.761 216.219 141.987 55.2467 186.429 16.7461 74.2313
internal_count=48935 34288 17629 16659 14647 13036 10867 3768 9268 5561 12068 5792 6527 2609 7757 6096 3183 3546 3742 3172 4340 4311 1611 1819 865 568 222 746 67 297
is_linear=0
shrinkage=0.05


Tree=2
num_leaves=31
num_cat=0
split_feature=24 13 4 24 24 24 4 13 13 4 24 13 24 24 4 4 4 4 24 24 24 13 21 2 13 30 14 21 24 20
split_gain=2092.73 988.749 502.6 352.885 328.595 296.777 258.829 204.896 155.663 152.702 118.617 118.563 114.992 91.4547 83.9608 75.9003 67.6558 63.0115 58.4515 51.568 30.4091 29.0563 23.1707 10.548 10.1434 8.7477 4.43173 4.00783 2.97288 5.67729
threshold=2.9535000000000005 1.0165000000000002 1.4915000000000003 4.0015000000000009 2.1010000000000004 2.1115000000000008 0.85950000000000004 1.7925000000000002 1.4565000000000003 1.0000000180025095e-35 3.3125000000000004 1.5580000000000003 2.1440000000000006 1.9665000000000001 1.4790000000000003 1.1130000000000002 1.0605000000000002 1.651 3.5025000000000004 2.6010000000000004 2.6650000000000005 0.75450000000000006 5.5000000000000009 3.5000000000000004 1.0725000000000002 1.6025000000000003 1.6380000000000001 3.5000000000000004 4.2580000000000009 -6.4999999999999991
decision_type=2 2 2 2 2 2 2 2 2 2 2 2 2 2 2 2 2 2 2 2 2 2 2 2 2 2 2 2 2 2
left_child=1 5 4 6 15 16 9 12 10 27 -8 -6 -4 -9 19 -3 23 -10 -11 -7 -16 -18 28 -1 25 -24 -26 -2 29 -5
right_child=3 2 7 22 11 14 8 13 17 18 -12 -13 -14 -15 20 -17 21 -19 -20 -21 -22 -23 24 -25 26 -27 -28 -29 -30 -31
leaf_value=-0.087308357019794447 -0.088277960250933041 -0.053001448538240695 -0.0087253630242128122 0.028447662790765917 -0.01295468422381872 -0.045314601490503259 0.015574565678658775 0.017663789931082887 0.047871371474734165 -0.0037771130158215415 0.040254461424349366 0.0087546246782358467 0.018430358275527577 0.053606966111987335 -0.019947205736879282 -0.026319887269611476 -0.070600306968673712 0.088381065701395589 0.028609482998438875 -0.024331910467387682 0.0054661686192033349 -0.043530237056276185 0.051018857385830146 -0.068255566853585192 0.034192480117870364 0.083129944583309467 0.08302103770339439 -0.056657449652661368 0.090807880351158332 0.089805074136539625
leaf_weight=243.24658185243607 41.650131791830063 421.35861432552338 730.29875372350216 5.7470539808273342 1521.6630182415247 634.95319600403309 1064.1780614256859 312.9317512512207 465.89365743100643 452.8183021992445 897.41642694175243 1071.9894241988659 836.2246857881546 407.34648895263672 370.71978770196438 725.4167358726263 146.45516914129257 120.90486854314804 201.22868318855762 543.4272516220808 172.47639545798302 306.76706330478191 115.84740315377712 103.5736430734396 4.98236060142517 25.96233081817627 69.022122606635094 13.195949494838713 168.99318020045757 10.959317669272421
leaf_count=987 169 1693 2927 23 6098 2551 4258 1253 1864 1812 3591 4292 3347 1630 1487 2909 592 484 805 2179 691 1234 464 418 20 104 277 53 679 44
internal_value=-1.96959e-06 -0.0135453 -0.00254666 0.0316423 -0.0138362 -0.0398346 0.0261905 0.0159192 0.0336242 -0.000532852 0.0268655 -0.00398195 0.00577061 0.0379911 -0.0281412 -0.0361235 -0.064997 0.0562181 0.00618717 -0.0356381 -0.0118779 -0.0522777 0.0758701 -0.0816185 0.0647283 0.0568977 0.0797336 -0.0806701 0.0888188 0.0686979
internal_weight=12207.6 8548.85 6027.23 3658.8 3740.43 2521.62 3257.29 2286.8 2548.39 708.893 1961.59 2593.65 1566.52 720.278 1721.58 1146.78 800.042 586.799 654.047 1178.38 543.196 453.222 401.514 346.82 215.814 141.81 74.0045 54.8461 185.7 16.7064
internal_count=48935 34288 24149 14647 14992 10139 13036 9157 10197 2839 7849 10390 6274 2883 6908 4602 3231 2348 2617 4730 2178 1826 1611 1405 865 568 297 222 746 67
is_linear=0
shrinkage=0.05


Tree=3
num_leaves=31
num_cat=0
split_feature=24 13 24 24 13 13 24 13 24 2 13 24 11 24 13 5 21 24 5 24 5 5 13 6 13 5 24 1 13 21
split_gain=1899.68 932.948 459.036 273.978 249.157 194.018 122.604 112.153 128.783 160.032 99.5654 142.19 97.2647 95.1131 92.7103 89.1842 80.4919 77.9415 56.7141 55.849 53.147 52.525 36.0425 30.0847 25.2033 21.8245 21.581 18.8938 15.6407 5.21341
threshold=2.7395000000000005 1.3550000000000002 3.6010000000000004 2.0010000000000003 1.0930000000000002 1.8545000000000003 1.9005000000000003 0.81950000000000001 4.3335000000000008 1.5000000000000002 2.6835000000000004 1.2565000000000002 3.5000000000000004 3.1255000000000002 0.93550000000000011 -0.42599999999999993 -1.0000000180025095e-35 3.1455000000000006 0.42200000000000004 3.9970000000000003 -0.12249999999999998 -0.57799999999999985 0.7875000000000002 0.77100000000000013 0.57400000000000007 -1.3954999999999997 2.9690000000000007 5.5000000000000009 1.4525000000000003 5.5000000000000009
decision_type=2 2 2 2 2 2 2 2 2 2 2 2 2 2 2 2 2 2 2 2 2 2 2 2 2 2 2 2 2 2
left_child=1 3 4 12 13 6 21 8 9 -4 11 -7 -1 18 24 -8 26 -18 -2 28 -16 -3 -14 -15 -5 -12 -6 -21 -9 -10
right_child=2 5 7 14 16 10 15 19 29 -11 25 -13 22 23 20 -17 17 -19 -20 27 -22 -23 -24 -25 -26 -27 -28 -29 -30 -31
leaf_value=-0.081097928284871945 0.0010635088393288617 -0.013122957074417916 -0.08576226361767271 -0.05498979560481683 0.036129651902126581 -0.04868277164069687 0.016251727376504474 0.04211842813738622 0.087114794551566399 0.026409629862195291 0.089399225613889313 0.018935655536786895 -0.068401391624467608 0.016980618839472845 -0.0085342550742319185 -0.0075301224132409573 0.012424567704922247 0.035463328173597368 -0.023800568334147232 0.089113865140372797 -0.027658712109766437 -0.041949846913587024 -0.041876410149670112 -0.032914446702564722 -0.033108046235555882 0.038389573919676796 0.057051926388075005 0.067200406660525402 0.067048446501789413 0.063934993110374622
leaf_weight=259.19453844428062 625.30297251045704 380.29695205390453 37.925028175115585 156.61228711903095 278.36298178136349 83.966414272785187 585.47373703122139 259.17422398924828 53.320631444454193 196.76723040640354 53.013806030154228 1049.454173758626 154.23414072394371 780.09269346296787 842.37777078151703 1206.7854620963335 863.03948251903057 638.84793436527252 362.18165174126625 156.83860053122044 638.73871630430222 270.3570636510849 754.93390123546124 31.428564622998238 823.74160359799862 34.690548419952393 221.18798685073853 263.83119285106659 83.083086788654327 44.503321021795273
leaf_count=1063 2505 1524 156 631 1114 337 2344 1038 216 788 213 4202 629 3122 3379 4837 3455 2558 1451 633 2566 1088 3045 126 3316 139 886 1062 333 179
internal_value=-2.80447e-06 -0.0161743 0.0240894 -0.0341405 0.0158697 0.00162422 -0.0065104 0.0526061 0.0283726 0.00828324 0.0178979 0.0139263 -0.054079 0.00236625 -0.0246764 0.000238647 0.0280073 0.0222244 -0.00805594 0.0631681 -0.0167818 -0.025101 -0.0463762 0.0150483 -0.0366037 0.0692229 0.0453935 0.0753704 0.0481702 0.0765695
internal_weight=12189.8 7293.87 4895.89 3629.83 3800.44 3664.04 2442.91 1095.44 332.516 234.692 1221.12 1133.42 1168.36 1799.01 2461.47 1792.26 2001.44 1501.89 987.485 762.927 1481.12 650.654 909.168 811.521 980.354 87.7044 499.551 420.67 342.257 97.824
internal_count=48935 29313 19622 14629 15217 14684 9793 4405 1339 944 4891 4539 4737 7204 9892 7181 8013 6013 3956 3066 5945 2612 3674 3248 3947 352 2000 1695 1371 395
is_linear=0
shrinkage=0.05


Tree=4
num_leaves=31
num_cat=0
split_feature=32 14 13 14 13 11 14 5 13 4 4 4 14 5 4 5 13 2 14 4 14 4 4 14 2 7 13 4 14 13
split_gain=933.235 491.549 350.878 252.973 198.056 160.365 156.25 146.487 124.01 120.238 120.003 104.044 84.9968 77.8068 76.2824 70.6581 65.4345 64.5238 61.3378 59.2861 54.4793 51.8519 50.1872 46.2229 40.6448 31.3613 29.2692 28.2978 24.5627 8.34587
threshold=0.47450000000000003 1.2365000000000002 1.5580000000000003 1.2890000000000004 1.0165000000000002 4.5000000000000009 1.8835000000000002 0.70200000000000007 1.2245000000000001 1.8440000000000003 2.2545000000000006 1.4790000000000003 0.60350000000000004 -0.50849999999999984 0.96350000000000013 -0.18649999999999997 0.82700000000000007 2.5000000000000004 0.64500000000000013 1.2245000000000001 2.0465000000000004 0.87250000000000016 1.7545000000000002 2.2245000000000004 2.5000000000000004 0.29300000000000004 2.4780000000000002 1.3965000000000003 1.9355000000000002 1.7170000000000003
decision_type=2 2 2 2 2 2 2 2 2 2 2 2 2 2 2 2 2 2 2 2 2 2 2 2 2 2 2 2 2 2
left_child=3 2 5 4 17 27 8 11 21 19 12 15 -4 -13 23 -5 20 -1 -7 -6 -8 -3 -10 -9 -18 -19 -11 -2 -16 -12
right_child=1 6 10 7 9 18 16 14 22 26 29 13 -14 -15 28 -17 24 25 -20 -21 -22 -23 -24 -25 -26 -27 -28 -29 -30 -31
leaf_value=-0.077743003922231796 -0.073397689675926955 -0.010634128002960918 -0.026678637010109332 -0.032140320334396524 -0.030918981015902666 -0.047519693618729007 -0.0041367132996225995 -0.00019789239446460006 0.025432075398567691 0.015707993910475667 0.022998914432444777 -0.0053480247189053717 0.013875286582638539 0.028691829806881543 0.038514644280594326 -0.008929474951631303 0.080023642965269079 -0.03299092440877132 -0.010187076951229871 -0.010951181377495688 0.045442206676644364 0.013383851718159033 0.051022505690978305 0.064738079530894152 0.04679895328309585 -0.053422312911497322 0.077065120123852943 -0.02512400715418785 0.085013645519230158 0.077543219999878399
leaf_weight=130.05210696160793 144.36072225868702 278.8143482208252 141.18140989542007 542.55994540452957 746.84130543470383 120.48118296265602 105.80570988357067 200.60508589446545 1264.9910440444946 141.35925737023354 7.7445389777421942 587.42388343811035 1522.9946309477091 235.04434636235237 66.772997379302979 828.67525777220726 117.92044898867607 555.83797077834606 1267.7634989768267 740.12670136988163 116.32707130908966 1158.1213897615671 225.78993996977806 31.740959405899048 419.57242466509342 283.67181423306465 22.53513240814209 38.442011877894402 49.421055719256401 74.260229215025902
leaf_count=540 596 1119 567 2185 3005 487 428 807 5070 567 31 2360 6102 943 268 3327 480 2250 5094 2972 470 4645 905 129 1689 1152 91 156 201 299
internal_value=-3.42604e-06 0.0118848 -0.00207994 -0.016133 -0.0270347 -0.0192239 0.0244478 -0.00489608 0.019205 -0.0165003 0.0133445 -0.00968016 0.0104349 0.00437986 0.0252148 -0.0181134 0.0446542 -0.0449715 -0.0134271 -0.0209802 0.0218269 0.00872355 0.0293079 0.00867306 0.0540881 -0.0398947 0.0241445 -0.0632461 0.0582922 0.0723921
internal_weight=12167.2 7004.57 3317.23 5162.67 2620.42 1571.05 3687.34 2542.24 2927.72 1650.86 1746.18 2193.7 1664.18 822.468 348.54 1371.24 759.626 969.562 1388.24 1486.97 222.133 1436.94 1490.78 232.346 537.493 839.51 163.894 182.803 116.194 82.0048
internal_count=48935 28138 13332 20797 10577 6333 14806 10220 11739 6635 6999 8815 6669 3303 1405 5512 3067 3942 5581 5977 898 5764 5975 936 2169 3402 658 752 469 330
is_linear=0
shrinkage=0.05


Tree=5
num_leaves=31
num_cat=0
split_feature=3 4 14 13 13 13 3 4 14 1 59 4 4 5 3 13 3 4 14 4 13 3 14 14 13 4 19 13 7 14
split_gain=1147.06 637.345 522.865 268.724 240.418 229.834 199.01 193.714 162.308 126.518 112.81 109.946 95.0251 114.126 90.8003 87.3096 86.3175 62.75 59.6818 53.4909 44.6896 41.1982 32.0935 31.7368 30.7133 26.126 19.9613 17.0098 14.3193 6.21239
threshold=1.2155000000000002 1.5310000000000001 1.4750000000000003 1.4915000000000003 1.5580000000000003 1.0165000000000002 2.0850000000000004 0.25650000000000006 1.0465000000000002 3.5000000000000004 3.5000000000000004 1.2290000000000003 2.1455000000000006 -1.9644999999999999 0.7380000000000001 0.96100000000000008 0.87250000000000016 1.2620000000000002 0.95350000000000013 1.175 0.91100000000000014 0.83650000000000013 0.93550000000000011 1.8545000000000003 0.92450000000000021 1.0390000000000004 0.96500000000000008 2.5120000000000005 0.097500000000000017 1.3270000000000002
decision_type=2 2 2 2 2 2 2 2 2 2 2 2 2 2 2 2 2 2 2 2 2 2 2 2 2 2 2 2 2 2
left_child=1 5 4 16 8 10 7 28 19 -9 29 18 13 -5 25 -10 20 -16 -6 -2 -3 -12 -13 26 -18 -7 -8 -14 -4 -1
right_child=2 3 6 12 11 14 23 9 15 -11 21 22 27 -15 17 -17 24 -19 -20 -21 -22 -23 -24 -25 -26 -27 -28 -29 -30 -31
leaf_value=-0.077675282180528105 -0.034062238793732297 -0.046793291293544731 -0.075697956595457652 -0.087751204892877951 -0.012135027427798446 -0.059717576250818444 0.027660360896254118 0.076093475124237669 -0.01227909166010935 0.025209464416247426 -0.052855435384112331 0.019683655688893933 0.048201900515019783 0.021149930609615588 -0.023257124962526039 0.011282148418496549 -0.0135219342099286 -0.0041908738747569443 0.017471034214349375 -0.0091548311503984337 -0.015837587384494575 -0.031359646756490091 0.043630110002189942 0.075427011475403871 0.0090744007157480943 -0.032527270367259123 0.061525252866995277 0.082275820530055374 0.01150092196065745 -0.059052808129095781
leaf_weight=231.01451447606087 495.71964801847935 163.44822791218758 48.932671323418617 24.866615861654282 260.45694068074226 118.88932597637177 73.341469809412956 130.72433464229107 600.50490075349808 1864.6738277077675 333.78410178422928 210.87264937162399 114.42406107485294 739.8752651065588 949.76983052492142 1138.9335821121931 223.94664765894413 790.89895507693291 491.35102628171444 381.40760043263435 406.69578988850117 670.98003032803535 415.82893890142441 243.45197297632694 457.77846418321133 343.88065518438816 106.99448589980602 53.869730770587921 5.2092528790235511 55.553660690784454
leaf_count=976 2001 666 203 100 1044 482 295 533 2414 7482 1361 845 459 2964 3824 4567 903 3175 1968 1535 1637 2715 1667 1000 1837 1383 432 220 21 226
internal_value=-3.79746e-06 -0.0164001 0.0143932 0.00478299 0.00320797 -0.0296436 0.0324603 0.026011 -0.0056949 0.028543 -0.046393 0.0201066 0.0250943 0.0176089 -0.0198275 0.00314812 -0.0103553 -0.0145941 0.00721429 -0.0232316 -0.0247119 -0.0385006 0.0355726 0.0636506 0.00165151 -0.0395127 0.0477526 0.0591087 -0.0673081 -0.0740652
internal_weight=12148.1 5679.68 6468.4 2184.9 3995.08 3494.77 2473.33 2049.54 2616.57 1995.4 1291.33 1378.51 933.036 764.742 2203.44 1739.44 1251.87 1740.67 751.808 877.127 570.144 1004.76 626.702 423.788 681.725 462.77 180.336 168.294 54.1419 286.568
internal_count=48935 22928 26007 8786 16041 14142 9966 8239 10517 8015 5278 5524 3743 3064 8864 6981 5043 6999 3012 3536 2303 4076 2512 1727 2740 1865 727 679 224 1202
is_linear=0
shrinkage=0.05


Tree=6
num_leaves=31
num_cat=0
split_feature=24 32 24 21 24 24 20 24 16 24 20 24 23 24 20 21 5 20 16 20 11 9 20 24 24 21 5 19 7 2
split_gain=1513.08 392.029 322.996 212.289 172.685 155.762 145.392 109.524 100.638 98.225 102.425 91.2982 208.438 69.8759 65.5368 50.6834 45.6516 43.0476 40.3236 38.3953 29.422 28.0793 23.3414 20.4483 14.2208 10.228 6.54239 4.80861 4.79088 1.35816
threshold=2.8135000000000008 0.46200000000000008 3.6010000000000004 -1.4999999999999998 2.2515000000000005 2.2855000000000003 1.0000000180025095e-35 3.1680000000000006 0.054500000000000007 1.9665000000000001 4.5000000000000009 4.2580000000000009 1.9705000000000001 1.3720000000000001 -6.4999999999999991 3.5000000000000004 -2.6334999999999993 7.5000000000000009 0.22900000000000004 -6.4999999999999991 2.5000000000000004 2.7205000000000004 5.5000000000000009 3.2865000000000006 2.2515000000000005 5.5000000000000009 -0.75449999999999984 1.3725000000000003 0.18350000000000002 5.5000000000000009
decision_type=2 2 2 2 2 2 2 2 2 2 2 2 2 2 2 2 2 2 2 2 2 2 2 2 2 2 2 2 2 2
left_child=1 8 6 4 13 20 7 14 24 16 -11 12 15 -3 -2 -4 -10 -6 -9 -7 -5 -14 23 -8 29 -13 -26 -24 -27 -1
right_child=2 3 11 5 17 19 22 18 9 10 -12 25 21 -15 -16 -17 -18 -19 -20 -21 -22 -23 27 -25 26 28 -28 -29 -30 -31
leaf_value=-0.07760597035488398 -0.010713514204560544 -0.032375805021792214 0.069081206785255755 -0.075300975368711331 0.014566948121961474 -0.033756308168501441 0.033535517568980371 0.01221357009750311 0.075838063713981066 -0.024029714704952902 0.0018433801148509115 0.079408904951624282 0.015151426840329153 -0.0019397235341391762 0.010448320465474977 0.038054599231595931 -0.038975794343373005 0.039306352759428002 0.029991539819407467 -0.0063348139212675708 -0.041125172780494879 -0.073518789074558361 0.0244118445549346 0.069428686381965019 -0.0090618830910527953 0.052578043686490529 -0.052693023899159565 0.075809852988318507 0.072046852650833534 -0.057433154382394019
leaf_weight=93.102767333388329 580.53238908946514 213.5549723803997 172.16104726493359 86.308545008301735 939.90108989179134 149.55914939939976 352.01265400648117 564.70259197056293 8.740373954176901 1825.9713724851608 483.8806634247303 161.96289001405239 11.208074405789374 1612.3257237821817 989.40723624825478 559.01818734407425 916.31368623673916 216.30316041409969 732.94689813256264 871.58435083925724 232.95030775666237 43.8953867405653 4.9741016626358023 44.721422865986824 10.380170986056326 76.719067573547363 49.868614867329597 53.445138558745384 53.72943015396595 9.1650389730930311
leaf_count=399 2327 872 705 371 3766 604 1413 2264 36 7384 1946 679 45 6485 3964 2255 3736 868 2942 3502 951 185 20 181 42 315 203 216 221 38
internal_value=-4.28605e-06 -0.0133431 0.0233913 -0.00335386 0.00407503 -0.0198814 0.0156739 0.011507 -0.0260522 -0.0241234 -0.0186097 0.0471636 0.0382928 -0.00549953 0.0026231 0.04536 -0.037891 0.0191952 0.022255 -0.010351 -0.0503643 -0.0554832 0.0419265 0.0375815 -0.0644457 0.0710166 -0.0451759 0.0714336 0.0605969 -0.0757981
internal_weight=12121.3 7719.91 4401.44 4322.49 2982.08 1340.4 3322.74 2867.59 3397.42 3234.91 2309.85 1078.69 786.283 1825.88 1569.94 731.179 925.054 1156.2 1297.65 1021.14 319.259 55.1035 455.153 396.734 162.517 292.411 60.2488 58.4192 130.448 102.268
internal_count=48935 31203 17732 17419 11991 5428 13327 11497 13784 13102 9330 4405 3190 7357 6291 2960 3772 4634 5206 4106 1322 230 1830 1594 682 1215 245 236 536 437
is_linear=0
shrinkage=0.05


Tree=7
num_leaves=31
num_cat=0
split_feature=24 13 4 24 24 13 4 24 24 13 4 24 4 4 13 4 4 15 17 13 24 4 24 13 13 13 21 59 6 4
split_gain=1377.22 698.586 356.649 337.927 196.688 179.252 159.602 145.469 125.112 200.557 110.474 100.808 95.123 82.4877 68.7448 55.8364 36.6282 35.9862 34.2804 33.4105 30.6191 29.1524 24.869 23.4156 20.7086 18.1183 9.93938 9.3892 8.72572 7.57397
threshold=2.7395000000000005 1.2790000000000001 1.2620000000000002 3.3650000000000007 2.0010000000000003 1.0440000000000003 2.1455000000000006 1.9665000000000001 4.2580000000000009 1.0000000180025095e-35 1.3205000000000002 2.1115000000000008 1.4190000000000003 1.0605000000000002 1.3655000000000002 1.2365000000000002 0.87750000000000006 -0.45249999999999996 0.29800000000000004 0.7875000000000002 3.1255000000000002 0.83650000000000013 2.3485000000000005 1.4525000000000003 2.5120000000000005 0.50850000000000006 5.5000000000000009 3.5000000000000004 0.66100000000000014 0.25650000000000006
decision_type=2 2 2 2 2 2 2 2 2 2 2 2 2 2 2 2 2 2 2 2 2 2 2 2 2 2 2 2 2 2
left_child=1 4 11 5 13 15 7 -4 9 28 18 21 22 27 -11 20 -13 -14 -7 -15 -2 -3 -6 -12 -8 -17 -10 -1 -5 -28
right_child=3 2 6 8 12 10 24 -9 26 14 23 16 17 19 -16 25 -18 -19 -20 -21 -22 -23 -24 -25 -26 -27 29 -29 -30 -31
leaf_value=-0.075156442716822258 -0.019251766368698568 -0.05856918774890274 -0.0089569700700507984 -0.0059412556858938932 -0.040962567800881984 0.017308760632846417 0.043528450926580309 0.017008644475469417 0.076873823954213036 0.029251468641383289 0.029792124945235574 -0.026361260159984207 -0.020992277372505148 -0.06109055101739224 0.054825919320523046 -0.022471116090772472 -0.0038478782087721258 -0.00051419589649063873 -0.0018880790071179267 -0.032851806840585418 0.0014268181297464313 -0.030307849999896483 -0.026473106654111813 0.04961445308965759 0.078936328765901703 0.011628701130139474 0.014477862316562028 -0.058878981882702013 -0.077546023309803661 0.061553515078990956
leaf_weight=220.68405547738075 494.68138207495213 114.67564956843853 847.58035902678967 4.7421550452709189 454.70627698302269 901.91170312464237 154.53172560036182 1483.5247782468796 159.01312337815762 1024.6954892873764 338.63859336078167 240.43343110382557 403.89688056707382 132.85537014901638 353.38349451124668 42.170134961605072 726.77041712403297 457.58775040507317 313.3528351187706 495.0414245724678 280.53627133369446 446.67601832747459 849.20097355544567 266.01519170403481 56.353403985500336 510.79781123995781 9.1999552100896818 148.00959385931492 41.38080669939518 119.87019915878773
leaf_count=968 1987 468 3407 19 1854 3616 621 5947 679 4139 1358 966 1633 561 1441 169 2916 1840 1256 2022 1123 1812 3447 1074 233 2047 38 618 178 498
internal_value=-4.24882e-06 -0.0138366 -0.00014078 0.0205791 -0.0314678 0.0108559 0.0113359 0.00756765 0.0384556 0.032377 0.0210484 -0.0192266 -0.0230078 -0.0498497 0.0358096 -0.00311019 -0.00944439 -0.0101151 0.0123589 -0.0388268 -0.0117686 -0.0360812 -0.031526 0.0385129 0.0529903 0.0090282 0.0685065 -0.068622 -0.0701839 0.058198
internal_weight=12092.9 7232.53 4070.55 4860.39 3161.98 3148.1 2541.99 2331.11 1712.29 1424.2 1819.92 1528.56 2165.39 996.59 1378.08 1328.19 967.204 861.485 1215.26 627.897 775.218 561.352 1303.91 604.654 210.885 552.968 288.083 368.694 46.123 129.07
internal_count=48935 29313 16370 19622 12943 12630 10208 9354 6992 5777 7304 6162 8774 4169 5580 5326 3882 3473 4872 2583 3110 2280 5301 2432 854 2216 1215 1586 197 536
is_linear=0
shrinkage=0.05


Tree=8
num_leaves=31
num_cat=0
split_feature=24 4 24 33 24 4 4 36 4 24 4 4 24 2 24 24 18 24 16 16 24 10 21 4 36 33 22 20 24 43
split_gain=1251.33 506.979 324.545 226.361 220.202 209.052 109.05 105.704 83.535 78.2729 82.7799 76.9102 71.2549 68.6187 65.5697 65.3411 54.5066 49.9787 47.6525 32.6842 28.6182 25.5369 17.6696 7.86909 7.04621 5.3546 2.73024 2.49317 2.18284 3.01154
threshold=2.9690000000000007 1.2620000000000002 2.1115000000000008 0.26650000000000007 4.0015000000000009 0.9425 1.0000000180025095e-35 0.46500000000000008 1.6170000000000002 2.2145000000000006 2.0850000000000004 1.8135000000000001 3.2015000000000007 3.5000000000000004 1.9665000000000001 2.5215000000000001 0.56944444444444453 3.5025000000000004 0.50850000000000006 0.53450000000000009 2.7655000000000007 8.5000000000000018 5.5000000000000009 0.25650000000000006 0.52050000000000007 0.41700000000000004 0.87777777777777788 -13.499999999999998 4.5105000000000013 0.74150000000000016
decision_type=2 2 2 2 2 2 2 2 2 2 2 2 2 2 2 2 2 2 2 2 2 2 2 2 2 2 2 2 2 2
left_child=1 2 13 11 5 6 26 20 12 10 -5 14 -7 25 -3 -9 -11 -8 -13 -15 -4 -10 28 27 -25 -1 -2 -24 29 -6
right_child=4 3 7 9 22 8 17 15 21 16 -12 18 -14 19 -16 -17 -18 -19 -20 -21 -22 -23 23 24 -26 -27 -28 -29 -30 -31
leaf_value=-0.069728041099451674 -0.053355390425376618 -0.029108570020126123 -0.031123450748274963 -0.0031938820959596312 0.073067885332134597 0.013045064864005765 -0.0027002803899652049 -0.019104689441028774 0.072236412060701832 0.012145070811421863 0.037079686570135821 -0.0016851323197104421 0.032934482893124693 -0.048508916622712776 -0.0088428221503065851 0.0018894575964048003 0.034247175861579444 0.023292748511496181 0.032729054619784557 -0.02799316626191466 -0.011717613642522114 0.042693571002658075 0.03255271483478802 0.045802710664993945 0.065166672405298706 -0.015398865271459916 -0.07795028902459547 -0.018241246340909879 0.076534619837086856 0.0476686717681402
leaf_weight=272.75291545689106 16.7373316437006 550.16168692708015 843.85667724907398 947.33516415953636 33.538128659129143 761.46205033361912 624.70340493321419 613.73598164319992 103.06794649362564 709.53708919882774 147.45200163125992 403.58846287429333 1102.0090507864952 465.7790564596653 1453.9496780633926 935.61990667879581 459.65667806565762 262.69860650599003 133.98220068216324 332.87595163285732 245.18426764011383 251.98126313090324 4.8240014016628265 120.94566610455513 76.81813058257103 4.611931934952735 34.629648491740227 4.8393882215023023 120.40879619121552 17.89880745112896
leaf_count=1204 70 2246 3434 3813 143 3056 2504 2477 428 2848 600 1636 4462 1930 5873 3757 1847 1062 543 1357 986 1019 20 503 322 20 152 20 527 76
internal_value=-4.78896e-06 -0.0103827 -0.0242559 0.000340159 0.0249971 0.0206729 0.000894448 -0.0148174 0.0290422 0.011838 0.00223039 -0.00990149 0.0248072 -0.047399 -0.0144061 -0.00642681 0.0208343 0.00499446 0.00689214 -0.039958 -0.0267545 0.0512696 0.0609946 0.0511716 0.0533243 -0.0688247 -0.0699363 0.0071153 0.0728515 0.0642296
internal_weight=12056.6 8520.08 3714.42 4805.66 3536.56 3157.29 938.769 2638.4 2218.52 2263.98 1094.79 2541.68 1863.47 1076.02 2004.11 1549.36 1169.19 887.402 537.571 798.655 1089.04 355.049 379.273 207.427 197.764 277.365 51.367 9.66339 171.846 51.4369
internal_count=48935 34571 15165 19406 14364 12753 3788 10654 8965 9108 4413 10298 7518 4511 8119 6234 4695 3566 2179 3287 4420 1447 1611 865 825 1224 222 40 746 219
is_linear=0
shrinkage=0.05


Tree=9
num_leaves=31
num_cat=0
split_feature=24 13 24 24 13 13 24 13 24 2 13 24 11 13 20 5 24 24 5 24 5 5 13 13 5 13 15 2 36 15
split_gain=1137.81 618.036 290.454 186.905 174.209 149.309 82.0138 80.4982 87.0772 100.365 73.4865 114.409 68.6584 65.836 64.4916 60.1022 56.8261 52.8722 41.6245 40.2888 35.9567 34.8494 28.022 24.9397 20.7904 17.3261 16.2333 13.058 12.8849 3.0239
threshold=2.7395000000000005 1.3550000000000002 3.6010000000000004 2.0010000000000003 1.0930000000000002 1.8545000000000003 1.9005000000000003 0.81950000000000001 4.3335000000000008 1.5000000000000002 2.5120000000000005 1.2565000000000002 3.5000000000000004 0.85950000000000004 1.5000000000000002 -0.42599999999999993 3.1255000000000002 3.0015000000000005 0.42200000000000004 3.9970000000000003 -0.57799999999999985 0.20350000000000004 0.7875000000000002 0.54000000000000015 0.21550000000000002 0.57400000000000007 -0.49149999999999994 1.5000000000000002 0.52650000000000008 -2.8999999999999995
decision_type=2 2 2 2 2 2 2 2 2 2 2 2 2 2 2 2 2 2 2 2 2 2 2 2 2 2 2 2 2 2
left_child=1 3 4 12 16 6 20 8 9 -4 11 -7 -1 25 17 -8 18 -6 -2 28 -3 -15 -14 -18 -12 -5 -16 -21 -9 -10
right_child=2 5 7 13 14 10 15 19 29 -11 24 -13 22 21 26 -17 23 -19 -20 27 -22 -23 -24 -25 -26 -27 -28 -29 -30 -31
leaf_value=-0.068525719844697366 0.0007462416461342568 -0.010716213170483655 -0.074237005564761455 -0.047208997181784784 0.0080712944078406689 -0.046199102723934571 0.013366020978203825 0.028721532533053769 0.073351625097866829 0.018535749135655928 0.059505918325011231 0.016563823124599492 -0.058081653315798502 -0.010365791587386 0.0092282444567522836 -0.0061810985402976915 -0.0158432554162211 0.026312522997745086 -0.020589324592813665 0.077227119999709493 -0.034731313086606874 -0.02731393414551795 -0.03407019664374069 0.013715288897980092 -0.012005962652154372 -0.02828506621496394 0.044259654609461692 0.056561891030006688 0.048315832802394931 0.054825831309178001
leaf_weight=233.52727633714676 624.46398922801018 378.5482090562582 34.301592469215393 152.90771824121475 723.31611450016499 78.220020264387131 584.44166791439056 169.53899584710598 37.529398083686829 194.22243896126747 110.97226874530315 1012.253917068243 145.53368382155895 1305.5951396375895 36.556644096970558 1202.0695655047894 79.101836249232292 881.20399959385395 360.6164023578167 103.53391809761524 264.964021936059 395.10308083891869 735.99946691095829 729.29871149361134 11.188293546438215 578.78923906385899 346.70733422040939 292.14132177829742 166.09666194021702 53.324217274785042
leaf_count=1063 2505 1524 156 631 2899 319 2344 691 167 788 458 4069 629 5280 148 4837 318 3558 1451 455 1088 1609 3045 2930 45 2372 1408 1240 680 228
internal_value=-4.9507e-06 -0.0126148 0.0187589 -0.0274693 0.0122969 0.00185158 -0.00529937 0.0420146 0.0210722 0.0046105 0.0161815 0.0120618 -0.0444201 -0.0196987 0.022491 0.000213572 0.000998318 0.0180894 -0.00706424 0.0511605 -0.0206044 -0.0143032 -0.0380343 0.010823 0.0529564 -0.0322397 0.0409183 0.0619692 0.0384182 0.0624784
internal_weight=12022.1 7190.11 4831.95 3547.46 3781.27 3642.66 2430.02 1050.69 319.378 228.524 1212.63 1090.47 1115.06 2432.4 1987.78 1786.51 1793.48 1604.52 985.08 731.311 643.512 1700.7 881.533 808.401 122.161 731.697 383.264 395.675 335.636 90.8536
internal_count=48935 29313 19622 14629 15217 14684 9793 4405 1339 944 4891 4388 4737 9892 8013 7181 7204 6457 3956 3066 2612 6889 3674 3248 503 3003 1556 1695 1371 395
is_linear=0
shrinkage=0.05


Tree=10
num_leaves=31
num_cat=0
split_feature=24 13 24 4 4 20 24 13 24 4 24 3 24 13 13 4 4 4 4 4 13 4 15 36 13 16 2 21 4 9
split_gain=1032.75 565.727 286.394 277.605 164.558 164.267 105.116 156.547 94.7402 88.2113 93.0546 76.8057 76.5666 70.7374 60.4232 58.5502 55.6772 45.6078 41.5179 38.635 34.5691 20.4292 23.5265 17.5699 16.4576 14.7256 13.2025 9.51657 6.71082 6.30875
threshold=2.6935000000000007 1.3550000000000002 3.3650000000000007 1.5230000000000004 1.1060000000000001 1.0000000180025095e-35 4.2580000000000009 1.0000000180025095e-35 2.1115000000000008 2.1275000000000004 1.4495000000000002 0.90250000000000019 2.0585000000000004 1.0165000000000002 1.3655000000000002 0.96350000000000013 1.1060000000000001 1.8040000000000003 1.1060000000000001 1.2365000000000002 0.75450000000000006 1.5475000000000001 -1.0604999999999998 0.46150000000000008 2.5120000000000005 0.63250000000000017 3.5000000000000004 5.5000000000000009 0.25650000000000006 2.3270000000000004
decision_type=2 2 2 2 2 2 2 2 2 2 2 2 2 2 2 2 2 2 2 2 2 2 2 2 2 2 2 2 2 2
left_child=1 4 5 8 12 13 7 29 16 10 -5 20 26 19 -9 -10 -3 -13 -15 -2 -6 25 -23 -14 -11 -7 -1 -8 -29 -4
right_child=2 3 6 9 11 21 27 14 15 24 -12 17 23 18 -16 -17 -18 -19 -20 -21 -22 22 -24 -25 -26 -27 -28 28 -30 -31
leaf_value=-0.069445913776952264 -0.011997116513494457 -0.039317140309985253 -0.017291216245010149 -0.031292138868471972 -0.050346978785651364 0.019467748416105608 0.070857071450514245 0.025274513563018866 -0.020568474004814593 0.041060804562043453 0.018454416155506404 -0.01599095133870955 -0.040446361928508527 0.003347566346109063 0.049482394286284925 0.0053887047002866353 -0.013259049533937944 0.0099220603711684952 0.020529635497422365 0.0053224848306112262 -0.026096583698028527 -0.02482138063181456 0.044972418796208835 -0.023694813603293913 0.073174738790003274 0.044394868350571853 -0.051045460649989861 0.010671833423686447 0.055376758243845664 -0.072591817432178948
leaf_weight=218.84822301566601 790.04932129383087 299.7577446103096 5.9803927987813941 103.49636702239513 179.30056953430176 337.56733441352844 149.00612652301788 1014.1479050964117 280.96356259286404 148.77294181287289 1025.0836621671915 1131.652710288763 363.5679859817028 779.45216035842896 345.61440415680408 957.96374958753586 648.3978599011898 199.77876234054565 640.47205880284309 543.50205934047699 814.67847272753716 12.679110631346701 253.15275005996227 274.87590609490871 54.513694912195206 71.859349861741066 175.79105480015278 9.0541294515132886 115.26081006228924 37.472427725791931
leaf_count=1027 3178 1238 24 418 764 1361 679 4139 1131 601 4116 4616 1504 3128 1441 3842 2623 809 2577 2181 3341 51 1032 1126 234 290 755 38 498 173
internal_value=-5.17033e-06 -0.0126521 0.0170319 0.00135748 -0.027331 0.00875088 0.0339676 0.0284421 -0.00960163 0.0193536 0.0138924 -0.0199541 -0.043936 0.00333121 0.0314275 -0.000497856 -0.0214973 -0.0121028 0.0110977 -0.00493834 -0.030471 0.0308505 0.0416435 -0.0332341 0.0496725 0.0238428 -0.0612495 0.0623352 0.0521208 -0.0649808
internal_weight=11982.7 6877.44 5105.27 3518.95 3358.49 3428.73 1676.54 1403.22 2187.08 1331.87 1128.58 2325.41 1033.08 2753.48 1359.76 1238.93 948.156 1331.43 1419.92 1333.55 993.979 675.259 265.832 638.444 203.287 409.427 394.639 273.321 124.315 43.4528
internal_count=48935 28145 20790 14203 13942 13798 6992 5777 8834 5369 4534 9530 4412 11064 5580 4973 3861 5425 5705 5359 4105 2734 1083 2630 835 1651 1782 1215 536 197
is_linear=0
shrinkage=0.05


Tree=11
num_leaves=31
num_cat=0
split_feature=24 13 24 4 24 4 4 4 24 11 13 13 4 24 4 4 13 24 13 4 24 12 4 21 13 30 13 14 24 13
split_gain=949.628 521.071 267.802 193.965 181.88 170.602 129.132 118.524 107.578 95.3174 94.8816 72.6304 66.0688 107.105 58.0432 47.4992 45.2139 42.0791 38.6152 36.9215 30.0712 25.2739 21.3176 16.8225 9.23176 8.15693 5.23537 4.05302 2.19161 3.03834
threshold=2.9535000000000005 1.5250000000000001 2.0010000000000003 1.5230000000000004 4.0015000000000009 0.9425 1.2620000000000002 1.4790000000000003 2.3485000000000005 2.5000000000000004 0.91850000000000021 1.0165000000000002 2.3800000000000003 1.4495000000000002 1.9110000000000003 0.88700000000000012 0.7965000000000001 3.5025000000000004 0.92450000000000021 0.95750000000000013 3.1680000000000006 3.5000000000000004 0.34500000000000003 5.5000000000000009 1.0725000000000002 1.6025000000000003 2.6835000000000004 1.6380000000000001 4.5105000000000013 1.1405000000000001
decision_type=2 2 2 2 2 2 2 2 2 2 2 2 2 2 2 2 2 2 2 2 2 2 2 2 2 2 2 2 2 2
left_child=1 2 6 8 5 9 21 11 15 22 20 -4 13 -5 -12 -3 -8 -11 -9 -10 -7 -1 -2 28 25 -25 -14 -26 29 -6
right_child=4 3 7 12 23 10 16 18 19 17 14 -13 26 -15 -16 -17 -18 -19 -20 -21 -22 -23 -24 24 27 -27 -28 -29 -30 -31
leaf_value=-0.067884031656224197 -0.067611098180757528 -0.040196069286588643 -0.026947354262542064 -0.030238555508883221 0.044265712693390094 -0.0037634343373499444 -0.054986301110760021 -0.012276719541498962 -0.0062613062025653823 -0.0013708645991710403 0.029309109269912505 -0.010423201448472034 0.052144665250555958 0.025649326526649443 0.06476936235609268 -0.0085773436301409788 -0.019833217060447605 0.023533132613654244 0.0066062028131209198 0.017674722057281902 0.017815633839493149 -0.046723960143897118 -0.022644461588136721 0.032129992134281353 0.015752741539608053 0.064324890511879756 0.074669910306843598 0.064000813497282649 0.071167766215763914 0.069411559278249643
leaf_weight=229.54931259155273 51.982848554849625 135.99214439094067 1196.944365799427 94.819397836923599 21.256836354732513 253.37010288238525 104.82680186629295 391.80023999512196 218.62026824057102 604.09271228313446 1431.4904095232487 1496.3267986923456 58.583670437335968 893.90196700394154 125.51938159763813 938.37526984512806 717.96210800111294 235.83396498858929 876.27679345011711 612.40883933007717 444.98800945281982 366.30439382791519 53.466495260596275 108.89368522167206 4.676894098520278 24.012356251478195 46.090447410941124 62.792146041989326 111.85502037405968 27.623646005988121
leaf_count=1098 236 559 4931 384 94 1015 464 1594 877 2425 5846 6050 239 3601 535 3796 2948 964 3520 2457 1799 1567 216 464 20 104 203 277 527 125
internal_value=-5.48521e-06 -0.00919898 -0.0185081 0.00750214 0.021621 0.0178259 -0.0371492 -0.0118324 -0.00213069 -3.76021e-06 0.0252995 -0.0177669 0.0242887 0.0202896 0.0321678 -0.0125796 -0.0243119 0.00562166 0.000771909 0.0113778 0.00998657 -0.0548758 -0.0448114 0.0552589 0.0455933 0.0379467 0.0620631 0.0606563 0.0673082 0.0584763
internal_weight=11940.6 8378.78 5379.99 2998.79 3561.85 3200.74 1418.64 3961.35 1905.4 945.376 2255.37 2693.27 1093.4 988.721 1557.01 1074.37 822.789 839.927 1268.08 831.029 698.358 595.854 105.449 361.111 200.375 132.906 104.674 67.469 160.736 48.8805
internal_count=48935 34288 22172 12116 14647 13036 6077 16095 7689 3841 9195 10981 4427 3985 6381 4355 3412 3389 5114 3334 2814 2665 452 1611 865 568 442 297 746 219
is_linear=0
shrinkage=0.05


Tree=12
num_leaves=30
num_cat=0
split_feature=24 4 24 3 16 24 4 11 23 19 15 24 17 3 24 34 36 4 15 24 1 24 7 21 4 3 3 34 37
split_gain=867.984 395.75 333.126 194.52 152.25 128.451 127.821 122.859 121.827 85.9416 62.7624 59.8179 55.7182 54.8697 53.3819 52.1237 45.8276 43.2187 35.5146 28.5032 19.9657 18.6987 13.2132 9.27994 6.28637 3.84983 1.33206 0.773972 0.599641
threshold=3.1255000000000002 1.4790000000000003 2.3485000000000005 0.89600000000000013 0.28900000000000003 4.2580000000000009 0.93550000000000011 5.5000000000000009 -0.49999999999999989 0.20550000000000004 2.6335000000000002 2.5465000000000004 0.060500000000000005 0.26150000000000007 3.9095000000000004 0.44500000000000006 0.52850000000000008 1.1060000000000001 -1.2829999999999997 3.645 3.5000000000000004 2.2145000000000006 0.14050000000000004 5.5000000000000009 0.25650000000000006 2.2035000000000005 1.5690000000000002 0.55950000000000022 0.43300000000000005
decision_type=2 2 2 2 2 2 2 2 2 2 2 2 2 2 2 2 2 2 2 2 2 2 2 2 2 2 2 2 2
left_child=1 2 7 10 18 6 9 21 12 22 13 -10 -5 -3 16 -9 -8 -6 -4 -11 -16 -1 -2 26 -25 -26 -7 -28 -12
right_child=5 3 4 8 17 23 14 15 11 19 28 -13 -14 -15 20 -17 -18 -19 -20 -21 -22 -23 -24 24 25 -27 27 -29 -30
leaf_value=-0.062792751676833056 -0.065529924352332611 -0.053708276256771353 -0.05893604891928389 0.063454887855253328 -0.0036671602904135483 0.041496266896209853 0.018488948043691122 -0.0065199650669114251 -0.0014297555406289559 0.0028211055423403089 0.056345232160419478 0.018841636449490873 0.026916594789573662 -0.0079212005222777902 0.075344417147990284 -0.027750775326215418 0.036936225201140267 0.010194050092483873 -0.016937183992008088 0.02565468507806682 0.042581678460318489 -0.02673834610208442 -0.0082866613654012204 0.0083655279575421959 0.038629112894777433 0.058386623239444116 0.070533879147810383 0.061648129640471588 0.076620274426720689
leaf_weight=270.16725708544254 46.670940294861794 69.46305251121521 52.523541137576103 133.27997669577599 1166.7602760493755 4.7420619130134574 806.67633810639381 342.24008563160896 758.44200171530247 461.84959879517555 4.5386652797460583 699.60574792325497 480.47627492249012 1127.3573538064957 68.171065554022789 1861.7373886704445 577.82497434318066 1085.5783234834671 1208.1211539208889 194.11856065690517 146.28827521204948 41.482849210500717 12.858262717723845 8.9550798833370191 36.698922589421272 75.132326319813728 104.61548037827015 32.002976447343826 18.557542458176613
leaf_count=1303 218 289 215 553 4709 22 3284 1392 3072 1859 20 2824 1945 4605 307 7717 2380 4376 4921 803 619 174 52 38 162 336 503 154 83
internal_value=-5.60812e-06 -0.00710656 -0.0147198 0.00683662 -0.00477371 0.0256806 0.0219234 -0.0286091 0.0161634 0.00435792 -0.0090032 0.00829694 0.0348511 -0.0105787 0.0297836 -0.024454 0.026188 0.00301364 -0.018687 0.00957817 0.0529961 -0.0579937 -0.0531654 0.0588522 0.0486751 0.0519029 0.0675481 0.0684524 0.072636
internal_weight=11896.9 9320.33 6028.61 3291.72 3512.98 2576.6 2314.46 2515.63 2071.8 715.497 1219.92 1458.05 613.756 1196.82 1598.96 2203.98 1384.5 2252.34 1260.64 655.968 214.459 311.65 59.5292 262.147 120.786 111.831 141.361 136.618 23.0962
internal_count=48935 38198 24807 13391 14221 10737 9522 10586 8394 2932 4997 5896 2498 4894 6590 9109 5664 9085 5136 2662 926 1477 270 1215 536 498 679 657 103
is_linear=0
shrinkage=0.05


Tree=13
num_leaves=31
num_cat=0
split_feature=24 13 24 4 4 13 3 24 4 4 13 3 24 13 24 13 4 13 5 13 17 24 13 24 16 2 11 13 4 4
split_gain=801.006 468.944 209.395 209.231 162.461 122.834 103.172 91.7717 71.4945 70.7933 63.8659 62.8121 61.2601 57.4872 55.1189 85.6827 53.1245 50.9092 44.2533 43.3649 33.2474 30.4443 27.2212 27.073 22.1906 21.2028 19.9797 18.6398 14.8568 11.8345
threshold=2.7505000000000006 1.5580000000000003 3.6010000000000004 1.1130000000000002 1.5690000000000002 1.0930000000000002 0.90250000000000019 2.1010000000000004 0.87750000000000006 1.3390000000000002 0.98350000000000015 0.95350000000000013 2.1115000000000008 2.3090000000000006 4.3335000000000008 1.0000000180025095e-35 1.2365000000000002 0.95350000000000013 -0.98349999999999993 0.75450000000000006 0.26000000000000006 3.1255000000000002 1.7290000000000003 3.9970000000000003 0.27900000000000008 3.5000000000000004 45.500000000000007 0.71700000000000008 0.25650000000000006 1.3515000000000004
decision_type=2 2 2 2 2 2 2 2 2 2 2 2 2 2 2 2 2 2 2 2 2 2 2 2 2 2 2 2 2 2
left_child=1 3 5 7 8 16 19 25 26 20 14 13 -10 -6 15 -4 21 -8 -13 -5 -7 -2 -11 29 -9 -1 -3 -18 -25 -12
right_child=2 4 10 6 11 9 17 24 12 22 23 18 -14 -15 -16 -17 27 -19 -20 -21 -22 -23 -24 28 -26 -27 -28 -29 -30 -31
leaf_value=-0.065133946755669678 -0.014590854911320825 -0.03475151267482636 -0.061851881303689571 -0.046921893019211076 0.0017550028374095684 0.019270780226014 -0.018752190611010553 -0.037078562293212554 -0.010209109327731341 0.028745398286736945 0.028971900132332029 0.061933397254155823 0.010590550763742426 0.052032413069849882 0.054799774549476203 0.020447342570183193 -0.0022690061884870667 -0.00079521728525964455 0.02724517744877214 -0.020260920200699278 0.0029385355671392964 0.0023501545284120044 0.055709557044321817 -0.019218298833169875 -0.020805058355743936 -0.044171924567955503 0.01019337770134498 0.016915609179655185 0.057625905372322365 0.054313926230133827
leaf_weight=217.3613009750843 518.98692563176155 192.82335062325001 35.712396398186684 176.77443070709705 356.71596917510033 857.07776394486427 544.60065871477127 326.51804572343826 626.51382791996002 419.75149889290333 202.24318017065525 123.68875442445278 813.85999301075935 67.634403005242348 93.46763864159584 276.37601014971733 169.58338718116283 1434.0099092870951 358.24168810248375 1111.6009351313114 489.61432433128357 542.31010486185551 120.46101593971252 6.4116427004337302 584.43001972138882 271.08012647926807 28.364072561264038 499.66718897223473 331.19958044588566 59.658415362238884
leaf_count=1098 2096 791 177 774 1438 3471 2255 1368 2551 1717 844 519 3267 287 438 1140 682 5803 1451 4574 1977 2186 510 28 2398 1189 115 2013 1525 253
internal_value=-5.21856e-06 -0.0103936 0.0162526 -0.019837 0.00676729 0.0106433 -0.0129078 -0.036014 -0.00252094 0.0194668 0.0364417 0.0237962 0.0015434 0.00976839 0.0211174 0.0110298 0.00102247 -0.00573777 0.036148 -0.023919 0.0133329 -0.0059342 0.0347581 0.0468082 -0.0266381 -0.0535002 -0.028988 0.0120544 0.0561665 0.0347445
internal_weight=11856.7 7234.22 4622.52 4666.38 2567.84 3617.45 3266.99 1399.39 1661.56 1886.9 1005.07 906.281 1440.37 424.35 405.556 312.088 1730.55 1978.61 481.93 1288.38 1346.69 1061.3 540.213 599.513 910.948 488.441 221.187 669.251 337.611 261.902
internal_count=48935 29878 19057 19459 10419 14652 13406 6053 6724 7675 4405 3695 5818 1725 1755 1317 6977 8058 1970 5348 5448 4282 2227 2650 3766 2287 906 2695 1553 1097
is_linear=0
shrinkage=0.05


Tree=14
num_leaves=31
num_cat=0
split_feature=24 13 4 24 13 24 4 4 24 4 4 4 24 24 1 24 4 7 4 24 24 13 15 17 13 26 13 15 1 2
split_gain=729.744 428.363 211.813 210.943 127.885 114.805 103.702 75.2901 63.4427 62.5906 59.4526 58.7161 56.4304 53.8311 68.4535 50.1149 64.9191 56.0035 49.9302 40.6066 37.2504 32.7179 27.4568 27.0768 26.1185 25.7886 21.7438 17.8354 13.2949 8.9785
threshold=2.6935000000000007 1.2790000000000001 1.7925000000000002 3.6010000000000004 1.0930000000000002 2.0010000000000003 1.2245000000000001 1.1695000000000002 2.0885000000000002 1.4190000000000003 0.88700000000000012 1.0605000000000002 2.1010000000000004 4.2040000000000015 3.5000000000000004 1.4960000000000002 2.5145000000000004 0.041000000000000009 0.87250000000000016 3.9970000000000003 3.1255000000000002 1.7290000000000003 -0.36199999999999993 0.35150000000000003 0.7875000000000002 0.43800000000000006 0.57400000000000007 -0.55399999999999994 5.5000000000000009 3.5000000000000004
decision_type=2 2 2 2 2 2 2 2 2 2 2 2 2 2 2 2 2 2 2 2 2 2 2 2 2 2 2 2 2 2
left_child=1 5 6 4 18 11 12 23 -8 26 13 29 -3 14 -5 16 -4 -17 25 27 -20 -9 -11 -6 -13 -2 -7 -12 -21 -1
right_child=3 2 15 10 7 9 8 21 -10 22 19 24 -14 -15 -16 17 -18 -19 20 28 -22 -23 -24 -25 -26 -27 -28 -29 -30 -31
leaf_value=-0.064313544036782605 -0.051048312623622541 -0.030079470198100394 -0.026057020117951326 -0.066014959944722007 0.01185060897039323 -0.049295666309824342 -0.0075994333744144535 0.022673298383533783 0.010789370680191706 -0.016202518705717702 0.022637539181938542 -0.051374556347836914 -0.0083907378298339452 0.046829465054243485 0.014600551898390882 0.059644384374242389 0.059089197057723246 0.022552244147944701 -0.0025303494335831619 0.067497252092633228 0.013430301984337032 0.043933610698677558 0.0023723447000226685 -0.011222294831955327 -0.025449163149978877 -0.011428998367832618 -0.023880963782248441 0.047609523874608185 0.047483885730456608 -0.047251013010531112
leaf_weight=186.49433964490891 46.837495625019073 471.87943793833256 89.608908131718636 30.654656574130058 990.1516692340374 91.292248547077179 890.16322083771229 771.14323802292347 991.47216960787773 436.0175199508667 217.55591131746769 121.79947912693024 822.9123799353838 105.01330871880054 186.78088429570198 130.4672412276268 29.84130734205246 462.5415927618742 900.04059734940529 138.15424163639545 615.61176784336567 236.44775687158108 365.90234017372131 145.88983400166035 480.01016749441624 333.70665211975574 1077.2202507704496 106.50602497160435 207.79084050655365 131.4404893219471
leaf_count=987 190 1990 366 160 4002 394 3605 3147 3987 1786 905 561 3324 498 777 548 134 1873 3627 675 2490 992 1476 588 2022 1349 4493 454 936 599
internal_value=-5.21627e-06 -0.0107131 0.000122206 0.0144195 0.00934559 -0.0252926 -0.00540422 0.0177125 0.00209 -0.0184842 0.0350731 -0.0398785 -0.0162951 0.0174327 0.00323516 0.0247612 -0.00478561 0.0307128 -0.000113107 0.0435628 0.00395238 0.0276624 -0.00772713 0.0088876 -0.0306962 -0.0163054 -0.0258665 0.0308448 0.0554763 -0.0572596
internal_weight=11811.3 6779.06 3888.89 5032.28 4039.83 2890.18 3176.43 2143.63 1881.64 1970.43 992.456 919.744 1294.79 322.449 217.436 712.459 119.45 593.009 1896.2 670.007 1515.65 1007.59 801.92 1136.04 601.81 380.544 1168.51 324.062 345.945 317.935
internal_count=48935 28145 15827 20790 16385 12318 12906 8729 7592 8149 4405 4169 5314 1435 937 2921 500 2421 7656 2970 6117 4139 3262 4590 2583 1539 4887 1359 1611 1586
is_linear=0
shrinkage=0.05


Tree=15
num_leaves=31
num_cat=0
split_feature=3 13 14 3 13 13 13 13 14 3 5 13 13 14 14 14 13 14 14 9 5 16 5 16 3 22 14 2 5 36
split_gain=491.606 283.56 242.879 149.062 139.868 121.933 76.5286 65.6709 58.517 58.0558 78.5101 58.0224 53.7947 89.4911 44.1243 42.6225 42.549 35.6883 34.7894 33.952 30.6247 26.2408 25.2858 24.7849 24.2763 24.0362 16.33 7.66147 6.49007 5.90094
threshold=1.1130000000000002 1.0680000000000003 1.2790000000000001 1.9425000000000001 1.5580000000000003 1.8545000000000003 0.50850000000000006 1.1890000000000003 0.95750000000000013 0.70200000000000007 -0.62299999999999989 0.98350000000000015 2.6550000000000002 0.40450000000000003 1.0645000000000002 2.1835000000000004 0.96100000000000008 1.9110000000000003 0.96350000000000013 1.5475000000000001 1.0000000180025095e-35 0.63250000000000017 -1.2094999999999998 0.56900000000000006 0.82700000000000007 -0.36666666666666653 0.50950000000000017 6.5000000000000009 -1.6604999999999996 0.41350000000000003
decision_type=2 2 2 2 2 2 2 2 2 2 2 2 2 2 2 2 2 2 2 2 2 2 2 2 2 2 2 2 2 2
left_child=1 6 4 7 8 9 27 19 25 22 -11 15 13 -7 26 -5 -10 -13 23 -4 -9 -20 -3 -6 -16 -2 -8 -1 -14 -29
right_child=2 5 3 11 18 12 14 20 16 10 -12 17 28 -15 24 -17 -18 -19 21 -21 -22 -23 -24 -25 -26 -27 -28 29 -30 -31
leaf_value=-0.06311853775634961 0.0041223241142613783 -0.0049411458090973951 0.013221975315897944 0.0084803403551602687 -0.015125125024531014 -0.059023537077124356 -0.063466231329593073 0.032484198871287388 -0.01809804111875191 0.007769217843828842 -0.013659681147647207 0.034906665083175692 0.067352739429867817 0.014403327407112136 -0.030493557420830372 0.052763052126008153 0.0013784440426223548 0.061352125172185516 0.013430807489508551 -0.00033776672000644442 0.015098822822131451 0.037425137597839268 -0.030724451546074956 0.007944278945300828 -0.014749318941792178 -0.026403229642500858 -0.036051150362574468 -0.059650577221005689 0.037637755594420279 -0.024889385374934802
leaf_weight=164.17718376219273 72.992280527949333 126.25045472383499 828.66443565487862 249.23756068944931 159.10128709673882 44.538482189178467 70.410448640584946 379.87186089158058 397.44593669474125 702.70041485130787 1091.1348181813955 332.96306680142879 41.614683419466019 607.53152707219124 396.27201762795448 69.488752290606499 952.36175103485584 206.81549774110317 593.84310626983643 1042.279863551259 760.25805230438709 141.00124645233154 385.28488405048847 434.07362192869186 640.69124664366245 553.4939808100462 237.6669042557478 22.320574700832367 32.905149400234222 26.949379876255989
leaf_count=823 299 513 3367 1077 644 186 348 1573 1644 2842 4493 1425 199 2473 1697 341 3859 1021 2407 4240 3112 579 1606 1759 2651 2304 1101 99 136 117
internal_value=-5.33324e-06 -0.0127828 0.00817074 0.0166723 -0.00178512 -0.00387327 -0.0301158 0.0114323 -0.0102178 -0.00950242 -0.00526532 0.0350508 0.0139873 0.00938804 -0.0257021 0.0181349 -0.00435634 0.0450392 0.010764 0.00566801 0.0208913 0.0180348 -0.024361 0.00175661 -0.0207659 -0.0228467 -0.0423168 -0.0579292 0.0542317 -0.0406371
internal_weight=11764.3 4590.45 7173.89 3869.58 3304.31 3031.96 1558.49 3011.07 1976.29 2305.37 1793.84 858.505 726.59 652.07 1345.04 318.726 1349.81 539.779 1328.02 1870.94 1140.13 734.844 511.535 593.175 1036.96 626.486 308.077 213.447 74.5198 49.27
internal_count=48935 19284 29651 16156 13495 12448 6836 12292 8106 9454 7335 3864 2994 2659 5797 1418 5503 2446 5389 7607 4685 2986 2119 2403 4348 2603 1449 1039 335 216
is_linear=0
shrinkage=0.05


Tree=16
num_leaves=31
num_cat=0
split_feature=3 4 3 4 13 13 3 4 4 3 17 3 2 3 2 13 13 13 3 29 1 13 4 4 13 4 2 59 19 21
split_gain=447.108 315.088 173.757 162.317 124.913 116.285 89.0649 84.2841 56.459 53.8844 53.4724 50.6269 51.2009 45.0375 42.7257 40.7042 39.9341 38.0164 36.0941 34.214 30.645 25.4163 22.5768 22.534 17.6993 13.706 9.77928 4.52851 4.34306 0.275886
threshold=1.2245000000000001 1.5400000000000003 1.9425000000000001 1.2545000000000002 0.50850000000000006 1.7400000000000004 0.7380000000000001 0.89100000000000013 1.2155000000000002 0.70200000000000007 0.30200000000000005 2.4310000000000005 1.5000000000000002 0.96250000000000002 1.5000000000000002 1.7875000000000003 2.3395000000000006 0.91100000000000014 1.5895000000000004 2.8045000000000004 1.0000000180025095e-35 1.5310000000000001 1.6275000000000002 0.71700000000000008 0.88350000000000006 1.8440000000000003 1.5000000000000002 3.5000000000000004 0.31400000000000006 3.5000000000000004
decision_type=2 2 2 2 2 2 2 2 2 2 2 2 2 2 2 2 2 2 2 2 2 2 2 2 2 2 2 2 2 2
left_child=1 4 3 10 27 9 21 11 -8 24 18 12 -4 16 -9 19 -7 -11 -2 -5 -15 -6 -16 -12 -3 -17 -13 29 -29 -1
right_child=2 5 7 15 6 13 8 14 -10 17 23 26 -14 20 22 25 -18 -19 -20 -21 -22 -23 -24 -25 -26 -27 -28 28 -30 -31
leaf_value=-0.066254209265344935 -0.0041495976124817585 -0.043951810475519777 -0.066257261084005425 0.007645262793132851 -0.040659743759262013 0.0038481276472893526 -0.02086586266473836 0.067663475397513301 -0.0060756133099837085 -0.013377192952254514 -0.03309263283265873 0.066377857388953035 0.0035920635535331342 0.073425749182218378 0.027934314665555671 0.027855422586428032 0.049976814594235482 0.0074024729461667537 0.0086735315269313371 0.02307909499152792 0.031064768655798283 -0.019904580707391237 0.056391251588728014 -0.0097187379387141601 -0.01453845068990119 0.054558557565806125 0.029355277891136684 -0.029277306978113343 -0.0572840711215378 -0.075859430143534301
leaf_weight=92.960329979658127 1183.0563603788614 63.957483604550362 28.883635669946671 1002.6812492311001 442.87390556931496 258.71488453447819 1247.6658830493689 87.072140216827393 1336.3419550955296 286.18745924532413 121.18637987971306 23.045674353837967 286.17933394014835 55.851195469498634 706.04540713131428 256.61752636730671 57.311748683452606 953.26316030323505 1023.5415010303259 559.42966620624065 181.23302307724953 221.16258454322815 77.333102703094482 691.42321421205997 255.31892295181751 59.125126615166664 78.91287736594677 17.714949622750282 63.320959448814392 8.1295289248228055
leaf_count=511 4826 288 156 4082 1973 1049 5289 455 5473 1191 505 124 1194 249 3019 1057 253 3861 4172 2291 747 914 355 2832 1050 256 356 77 291 39
internal_value=-5.34817e-06 -0.010319 0.00923677 0.00493954 -0.0196736 0.0048753 -0.0174142 0.0255818 -0.013217 -0.00211382 -0.00223954 0.00709905 -0.00281143 0.0245714 0.0344367 0.016482 0.0122136 0.00260448 0.00179848 0.0131725 0.041044 -0.0337471 0.0307435 -0.0132045 -0.0204305 0.0328558 0.0377235 -0.0599676 -0.0511616 -0.0670266
internal_weight=11726.5 5542.01 6184.53 4897.06 3430.17 2111.84 3248.04 1287.47 2584.01 1558.73 3019.21 417.022 315.063 553.111 870.451 1877.85 316.027 1239.45 2206.6 1562.11 237.084 664.036 783.379 812.61 319.276 315.743 101.959 182.126 81.0359 101.09
internal_count=48935 23255 25680 20021 14567 8688 13649 5659 10762 6390 12335 1830 1350 2298 3829 7686 1302 5052 8998 6373 996 2887 3374 3337 1338 1313 480 918 368 550
is_linear=0
shrinkage=0.05


Tree=17
num_leaves=31
num_cat=0
split_feature=24 13 24 4 4 24 4 4 24 13 13 3 11 13 4 24 4 2 2 13 4 4 24 7 24 13 4 40 41 4
split_gain=591.366 343.887 205.843 124.595 121.001 111.071 103.194 99.6049 71.6968 67.2986 60.6857 59.0032 56.0359 48.4539 44.9901 42.5153 38.4938 37.3624 32.4371 28.6278 21.7959 20.7524 19.8888 8.4138 6.9181 9.07383 6.41462 1.89852 3.91877 1.68326
threshold=3.0015000000000005 1.5580000000000003 2.2515000000000005 1.1520000000000001 1.5690000000000002 4.2580000000000009 0.87250000000000016 1.4690000000000003 2.3485000000000005 1.4565000000000003 0.7380000000000001 0.95350000000000013 1.0000000180025095e-35 0.7965000000000001 2.2245000000000004 3.7780000000000009 0.88700000000000012 2.5000000000000004 3.5000000000000004 0.92450000000000021 1.6450000000000002 0.95750000000000013 3.5025000000000004 0.24550000000000002 4.7635000000000014 1.0410000000000001 0.54750000000000021 0.71650000000000003 0.47850000000000004 0.85450000000000015
decision_type=2 2 2 2 2 2 2 2 2 2 2 2 2 2 2 2 2 2 2 2 2 2 2 2 2 2 2 2 2 2
left_child=1 2 3 18 8 6 12 10 16 15 -4 14 23 -5 -6 -8 -3 -13 -1 -9 -11 -10 -14 -2 25 26 -7 28 -26 -27
right_child=5 4 7 13 11 24 9 19 21 20 -12 17 22 -15 -16 -17 -18 -19 -20 -21 -22 -23 -24 -25 27 29 -28 -29 -30 -31
leaf_value=-0.061067204480520901 -0.061734767841042232 -0.034006148850835666 -0.03003181857198203 -0.041743331778517162 0.0012186096098466502 0.00066111986026064879 0.014084122184876363 -0.0053493274531702488 -0.0020787460051784256 0.034410301856713919 -0.0084060228795373292 0.068462846084548848 -0.0040154246057181207 -0.014635992899277457 0.046020268590766931 0.037175997564053806 -0.0047573247079061827 0.028299975915732134 -0.036640212373197117 0.011815453943529623 0.063961471746237161 0.015583118530056157 0.0150698258861451 -0.0038003419354132083 0.064085617189213892 0.043202510225826191 0.039280102976587898 0.064094542994405021 0.028576708305589338 0.065359359044575557
leaf_weight=194.78143560886383 40.939727827906609 127.83569188416004 381.34615997970104 187.34156228601933 356.15302927792072 13.634657785296438 1402.218451783061 358.25462071597576 223.56146179139614 350.52929827570915 2172.4309409856796 66.1658715903759 363.14482505619526 1373.2687759697437 66.499010637402534 232.35754400491714 937.09338745474815 463.86754325032234 449.64026406407356 754.49661283195019 75.909656122326851 649.52158419787884 218.72536298632622 7.3997194021940222 19.641898453235626 11.291442632675169 50.866858467459679 92.157837018370628 12.855055719614027 35.589468061923981
leaf_count=1098 210 539 1608 866 1439 63 5736 1463 898 1491 8873 301 1460 5697 294 1026 3815 1920 2004 3045 366 2626 915 30 106 56 243 496 68 183
internal_value=-5.21325e-06 -0.00650535 -0.0134555 -0.0255276 0.00761174 0.0194518 0.0165674 -0.00619543 0.000439413 0.0219815 -0.0116353 0.0222021 -0.0011386 -0.0178901 0.00826759 0.0173667 -0.0082684 0.0333136 -0.0440235 0.00628919 0.0396707 0.0110606 0.00315873 -0.0528663 0.0523389 0.0432832 0.0311166 0.0604304 0.0500391 0.0600228
internal_weight=11689.5 8762.26 5871.56 2205.03 2890.7 2927.26 2691.22 3666.53 1938.01 2061.01 2553.78 952.685 630.21 1560.61 422.652 1634.58 1064.93 530.033 644.422 1112.75 426.439 873.083 581.87 48.3394 236.037 111.382 64.5015 124.655 32.497 46.8809
internal_count=48935 36486 24654 9665 11832 12449 11234 14989 7878 8619 10481 3954 2615 6563 1733 6762 4354 2221 3102 4508 1857 3524 2375 240 1215 545 306 670 174 239
is_linear=0
shrinkage=0.05


Tree=18
num_leaves=30
num_cat=0
split_feature=3 4 14 3 4 13 34 13 4 13 5 7 4 11 3 3 7 13 3 9 13 14 4 13 13 14 21 2 11
split_gain=381.609 235.104 232.933 152.624 142.764 138.44 98.6775 81.7394 59.9255 49.0335 48.2668 47.2126 46.2215 38.4768 33.6062 26.3345 23.0215 20.5809 15.3215 14.8231 14.8087 16.0557 10.5381 9.86646 8.49837 8.10658 7.76476 4.92338 1.07153
threshold=0.96250000000000002 1.9665000000000001 1.1130000000000002 1.9300000000000004 1.1805000000000001 1.1635000000000002 0.48450000000000004 1.2950000000000002 2.1455000000000006 1.9650000000000001 -1.9644999999999999 0.060500000000000005 0.96650000000000003 3.5000000000000004 0.58950000000000002 0.33900000000000002 0.47900000000000004 0.67300000000000015 1.8545000000000003 0.77550000000000019 1.8910000000000002 1.0515000000000001 0.78050000000000008 2.6550000000000002 0.54000000000000015 0.64500000000000013 -18.499999999999996 2.5000000000000004 4.5000000000000009
decision_type=2 2 2 2 2 2 2 2 2 2 2 2 2 2 2 2 2 2 2 2 2 2 2 2 2 2 2 2 2
left_child=4 2 5 6 14 13 -4 15 10 -7 -9 24 -5 -2 26 28 -17 19 -19 -13 22 -22 -16 -10 -3 -26 -1 -28 -6
right_child=1 11 3 12 7 9 -8 8 23 -11 -12 17 -14 -15 20 16 -18 18 -20 -21 21 -23 -24 -25 25 -27 27 -29 -30
leaf_value=0.011310249567739064 -0.054540685078119537 0.010659123966208023 0.013682703943205553 0.014363926509633241 -0.069564932758545861 -0.0059351738195926006 -0.0010503863120953851 -0.075043224503224926 0.027425146247200549 0.014324608176021957 -0.0027077085353839534 -0.071127942156913704 0.036873617728479059 -0.022851649906670102 -0.049296101798061771 -0.017038940220080626 -0.060650182162875245 0.02665166489595739 0.063245920432157543 0.013129309955641275 -0.027614085264105512 0.02972551497572817 -0.028516812909463004 0.064477114629355917 0.030978149364387121 0.065738814935107998 -0.064683755913936922 -0.048055093246524266 -0.052850447293370739
leaf_weight=4.4024448692798606 114.54364991188049 8.5103147923946363 2002.989979416132 392.2861270159483 17.559622630476952 1586.0956597328186 2627.1608683913946 23.553585588932037 77.284217312932014 367.92860920727253 1103.5564792156219 8.511905252933504 544.7547871619463 585.0703449845314 73.734426841139793 972.58967228233814 31.232254177331924 259.54346694052219 32.146042346954346 13.496846213936804 28.845519036054611 21.1669802069664 353.72246703505516 23.409376353025436 18.876808598637581 150.47003358602524 84.326722517609596 94.280960619449615 21.123466938734055
leaf_count=19 625 38 8207 1766 84 6484 10739 100 317 1500 4477 36 2474 2493 338 4126 140 1082 167 56 120 86 1545 119 81 702 482 437 95
internal_value=-4.97418e-06 0.00524512 0.00323668 0.0090474 -0.015612 -0.00895391 0.00532311 -0.00965983 -0.000917693 -0.0021204 -0.00421933 0.0388346 0.0274501 -0.0280399 -0.0360718 -0.0199558 -0.0183958 0.0271667 0.0306846 -0.0194573 -0.0290892 -0.00334603 -0.0321011 0.036039 0.059414 0.0618641 -0.0542891 -0.055906 -0.0604377
internal_weight=11643.2 8712.39 8220.83 5567.19 2930.79 2653.64 4630.15 2270.31 1227.8 1954.02 1127.11 491.555 937.041 699.614 660.48 1042.51 1003.82 313.698 291.69 22.0088 477.469 50.0125 427.457 100.694 177.857 169.347 183.01 178.608 38.6831
internal_count=48935 36450 34288 23186 12485 11102 18946 9458 5013 7984 4577 2162 4240 3118 3027 4445 4266 1341 1249 92 2089 206 1883 436 821 783 938 919 179
is_linear=0
shrinkage=0.05


Tree=19
num_leaves=31
num_cat=0
split_feature=24 13 24 20 13 24 13 13 24 19 14 13 13 17 17 13 14 17 24 59 1 21 21 9 29 6 30 13 18 3
split_gain=501.631 272.305 185.341 130.458 96.6684 69.1476 91.597 67.6024 79.7798 73.8948 58.6275 56.5464 44.4665 37.5757 32.0896 27.7116 22.44 19.4459 18.2223 18.0831 13.1015 12.3956 10.3006 8.27701 9.83178 5.68602 5.55668 5.5394 2.51235 1.19792
threshold=2.5345000000000004 1.5400000000000003 3.3650000000000007 1.0000000180025095e-35 0.60350000000000004 4.2580000000000009 1.0000000180025095e-35 2.5120000000000005 1.4040000000000001 2.8225000000000002 0.70500000000000007 0.71100000000000008 1.3655000000000002 0.26500000000000007 0.68350000000000011 1.7925000000000002 1.0000000180025095e-35 0.21950000000000003 3.0785000000000005 9.5000000000000018 9.5000000000000018 -3.4999999999999996 5.5000000000000009 0.32550000000000007 2.9070000000000005 0.66100000000000014 1.3240000000000003 1.0410000000000001 0.36666666666666675 1.5690000000000002
decision_type=2 2 2 2 2 2 2 2 2 2 2 2 2 2 2 2 2 2 2 2 2 2 2 2 2 2 2 2 2 2
left_child=1 4 3 11 19 6 25 8 16 -10 21 18 -8 -13 -12 17 -3 -5 -2 28 -17 -6 29 -9 -25 -4 -21 -24 -1 -7
right_child=2 7 5 15 10 22 12 23 9 -11 14 13 -14 -15 -16 20 -18 -19 -20 26 -22 -23 27 24 -26 -27 -28 -29 -30 -31
leaf_value=-0.054211891910854793 -0.022872864220850105 -0.071733029040364313 -0.0055239457145182212 0.021814506992176349 -0.027974490591410169 0.034861939290976349 0.017429481927887531 0.060263396901623828 0.0021124697936538875 0.061801110633257578 -0.014184149227388872 0.0072981152347451617 0.038930389725279582 -0.0043341079921548403 -0.056469288403380516 0.049406627409744761 -0.023785190643073231 0.0059820478706331384 -0.0013374639137616157 0.0014286246790084453 0.026029471139622645 -0.04717885118983068 0.031648528121976917 0.017743464735986769 0.060271851531591258 -0.064553501052113701 -0.034414308268922549 0.056072114727139327 -0.068382512857317793 0.061539096064160838
leaf_weight=147.19120474159718 323.98748269677162 29.735968098044395 4.6691823154687873 403.07487018406391 179.86668103933334 4.3693307787179938 978.34341569244862 39.84734933078289 1892.9010567963123 53.312995240092278 2732.2560292184353 1668.6125519126654 318.83699369430542 1188.9429404735565 45.616282492876053 76.382620304822922 136.0368849337101 373.79397743940353 140.96767303347588 13.112914234399794 278.32459266483784 157.69087685644627 74.810258120298386 43.127316132187843 19.842363253235817 32.303316622972488 61.651981174945831 33.662203222513199 39.718441843986511 114.06102769076824
leaf_count=801 1342 128 19 1647 776 22 4139 208 7716 230 11514 6773 1441 4830 256 336 566 1523 567 60 1151 765 362 181 83 178 279 174 211 657
internal_value=-5.18188e-06 -0.0107858 0.0100169 0.00482098 -0.0197212 0.0248422 0.0205024 0.00283875 0.000911362 0.00374753 -0.0172695 -0.000172864 0.0227142 0.0024583 -0.0148785 0.0194838 -0.032386 0.0141966 -0.0163436 -0.0489101 0.0310635 -0.0369459 0.0503594 0.0424297 0.0311446 -0.0570988 -0.0281279 0.0392279 -0.0572232 0.0605549
internal_weight=11607.1 5591.91 6015.14 4454.09 3377.1 1561.06 1334.15 2214.8 2111.99 1946.21 3115.43 3322.51 1297.18 2857.56 2777.87 1131.58 165.773 776.869 464.955 261.675 354.707 337.558 226.903 102.817 62.9697 36.9725 74.7649 108.472 186.91 118.43
internal_count=48935 23774 25161 18169 14662 6992 5777 9112 8640 7946 13311 13512 5580 11603 11770 4657 694 3170 1909 1351 1487 1541 1215 472 264 197 339 536 1012 679
is_linear=0
shrinkage=0.05


Tree=20
num_leaves=31
num_cat=0
split_feature=24 13 4 24 4 4 24 24 13 4 24 24 16 16 4 24 13 4 24 2 21 4 17 2 39 7 0 37 14 2
split_gain=462.208 282.787 143.969 123.762 103.509 84.5098 75.2965 74.4353 54.7027 50.5413 74.1909 49.2746 48.804 47.5835 46.7487 46.326 45.2004 42.2427 36.0599 30.9523 29.5924 29.5444 21.6793 19.5177 17.8797 13.103 11.7004 11.0922 9.4155 4.39331
threshold=2.8335000000000004 1.5400000000000003 1.1060000000000001 3.8575000000000004 1.413 1.3140000000000003 1.9665000000000001 2.1010000000000004 0.95350000000000013 0.25650000000000006 4.4055000000000009 1.8780000000000001 0.84800000000000009 0.24550000000000002 2.2545000000000006 2.5215000000000001 1.2405000000000002 0.87750000000000006 3.2320000000000007 3.5000000000000004 4.5000000000000009 1.8135000000000001 0.33900000000000002 3.5000000000000004 2.7625000000000006 0.042500000000000003 1.5000000000000002 0.47350000000000003 1.3270000000000002 1.5000000000000002
decision_type=2 2 2 2 2 2 2 2 2 2 2 2 2 2 2 2 2 2 2 2 2 2 2 2 2 2 2 2 2 2
left_child=1 2 7 5 15 13 21 23 -8 10 -5 14 -13 19 -6 17 24 -3 -15 -2 28 -4 -9 -1 -7 -18 -17 -22 -11 -12
right_child=3 4 6 9 11 16 8 22 -10 20 29 12 -14 18 -16 26 25 -19 -20 -21 27 -23 -24 -25 -26 -27 -28 -29 -30 -31
leaf_value=-0.058428301551936172 -0.04124581736566188 -0.032348963680820846 -0.028174139859920917 -0.058120504268640544 -0.0037938836037702019 0.016043280315968425 -0.015688048935596874 -0.016409050237063221 -0.0001760052536915694 -0.010532681136891941 0.063367767835687358 0.019351475227953864 0.066274202261297696 0.0043534418365546229 0.044607241770800464 -0.017939764673681104 0.05877108499892926 -0.0049234328672532086 0.020209038150926738 -0.0016392041424976743 0.043518823315075082 -0.0042124317863921588 -0.033570164565474687 -0.03651523674156415 -0.018104441702366875 0.031821544695816349 0.013819883345710382 0.024125183537972123 0.058269768225132058 0.021400660747877821
leaf_weight=177.69026471674442 52.258163452148438 167.36066848039627 592.7404166162014 33.314717575907707 398.64539214968681 599.15140609443188 830.95161709189415 742.71187822520733 1798.3701715022326 5.112599089741706 20.637892276048664 804.56480170786381 59.51433789730072 923.97784085571766 57.024581581354141 31.667849436402321 51.921514883637428 871.72598679363728 586.02301310002804 879.89924448728561 116.84925831854343 164.298269495368 244.65430703759193 237.34859408438206 40.953630521893501 343.46049679815769 344.16324904561043 199.79675798118114 181.47107340395451 8.93641349673271
leaf_count=1098 216 705 2585 186 1620 2449 3523 3120 7318 23 124 3300 281 3739 266 127 239 3556 2455 3585 560 702 1042 1127 168 1479 1387 917 995 43
internal_value=-5.05177e-06 -0.00733261 -0.014658 0.0136279 0.00549516 0.0100986 -0.00907894 -0.0281297 -0.00507832 0.0353079 -0.00695266 0.0155674 0.0225833 0.00502329 0.00226325 -0.00389962 0.0220687 -0.00934073 0.0105069 -0.00385961 0.0405892 -0.0229738 -0.0206613 -0.0458969 0.0138585 0.0353606 0.0111438 0.0312819 0.0563845 0.0506866
internal_weight=11567.2 7523.43 4788.77 4043.76 2734.67 3477.65 3386.36 1402.41 2629.32 566.119 62.889 1319.75 864.079 2442.16 455.67 1414.92 1035.49 1039.09 1510 932.157 503.23 757.039 987.366 415.039 640.105 395.382 375.831 316.646 186.584 29.5743
internal_count=48935 31757 20515 17178 11242 14330 14128 6387 10841 2848 353 5467 3581 9995 1886 5775 4335 4261 6194 3801 2495 3287 4162 2225 2617 1718 1514 1477 1018 167
is_linear=0
shrinkage=0.05


Tree=21
num_leaves=31
num_cat=0
split_feature=24 13 24 24 13 24 13 5 59 24 13 13 13 2 13 16 24 24 5 9 13 32 24 13 24 42 26 40 1 6
split_gain=425.725 250.16 132.572 109.312 85.6596 78.6165 80.7296 60.9206 50.0888 49.1111 45.9366 45.5249 44.2641 32.8243 29.7738 29.6934 25.0589 22.5214 17.4422 15.2655 9.01763 7.45212 7.20442 8.80577 5.44389 4.70066 2.05687 2.03194 3.88961 1.26111
threshold=3.1680000000000006 1.1345000000000003 2.3020000000000005 2.3485000000000005 2.0165000000000002 4.2580000000000009 0.34150000000000008 0.20350000000000004 3.5000000000000004 1.3720000000000001 1.3585000000000003 1.9650000000000001 0.50850000000000006 1.5000000000000002 2.5590000000000006 0.63250000000000017 2.6895000000000007 1.7145000000000004 0.041000000000000009 2.3270000000000004 1.0000000180025095e-35 0.49350000000000005 4.7635000000000014 1.0410000000000001 1.2565000000000002 0.25150000000000006 0.65900000000000014 0.71650000000000003 5.5000000000000009 0.79250000000000009
decision_type=2 2 2 2 2 2 2 2 2 2 2 2 2 2 2 2 2 2 2 2 2 2 2 2 2 2 2 2 2 2
left_child=1 2 8 4 9 6 19 11 24 -3 13 -5 20 -8 -6 -9 -14 -10 -12 21 -4 -2 23 25 -1 -7 -21 28 -24 -25
right_child=5 3 12 7 14 22 10 15 17 -11 18 -13 16 -15 -16 -17 -18 -19 -20 26 -22 -23 27 29 -26 -27 -28 -29 -30 -31
leaf_value=-0.063297287433383934 0.0072176955472713807 -0.032327140970735947 -0.073738125280982364 0.012820674393315627 0.0091101076681607933 0.00063705439547024766 0.066260369538821459 -0.0012200094645941852 -0.042547242037925648 -0.0063986687817162088 0.053990394983441096 0.040902646438882605 -0.012906558454651912 0.012767925768979629 0.041782023868215688 0.021279200757594485 -0.0019659828118923982 -0.021256597654863686 0.027506286712220909 -0.062568370369556425 -0.030206346598965258 -0.042340164312408363 0.062329371424975161 0.060653437670148275 -0.046175988156824374 0.033910023152482795 -0.023599301787954191 0.060922181425981915 0.025863989045140791 0.039927519882749479
leaf_weight=72.693814441561699 20.057187780737877 197.28913678228855 12.901053011417387 1206.4665162116289 330.59613320231438 13.669494852423666 29.258251130580902 1255.9587284624577 148.75950117409229 2457.4103114455938 72.720001772046089 163.93275399506092 932.20226213335991 1446.3603840023279 88.370481699705124 166.02969554066658 1193.4489376544952 752.67531172931194 428.46092392504215 33.198513045907021 152.78351223468781 12.199617967009543 15.969828248023989 33.221132174134254 128.4919990003109 47.50207956135273 3.7707696110010138 82.765729933977127 13.490116387605665 9.4207957386970502
leaf_count=457 82 852 58 4920 1353 68 158 5089 708 10182 370 706 3924 6033 421 677 4832 3339 1875 187 653 50 101 188 776 238 18 496 73 51
internal_value=-4.77627e-06 -0.00475502 -0.0155592 0.00149603 -0.00500962 0.0194409 0.016412 0.008657 -0.0298046 -0.00832559 0.0182706 0.01618 -0.00870416 0.0138286 0.0160014 0.00140697 -0.00676396 -0.0247701 0.0313491 -0.0366615 -0.033596 -0.0115252 0.0481264 0.038633 -0.0523624 0.0264748 -0.0585936 0.0569082 0.0456314 0.0560745
internal_weight=11522.1 9260.01 3393.96 5866.05 3073.67 2262.06 2046.03 2792.39 1102.62 2654.7 1976.8 1370.4 2291.34 1475.62 418.967 1421.99 2125.65 901.435 501.181 69.2261 165.685 32.2568 216.039 103.814 201.186 61.1716 36.9693 112.226 29.4599 42.6419
internal_count=48935 38947 14747 24200 12808 9988 8773 11392 5280 11034 8436 5626 9467 6191 1774 5766 8756 4047 2245 337 711 132 1215 545 1233 306 205 670 174 239
is_linear=0
shrinkage=0.05


Tree=22
num_leaves=31
num_cat=0
split_feature=24 13 24 13 24 24 13 13 24 1 5 13 13 11 18 2 24 24 5 15 17 2 6 24 13 30 2 40 41 6
split_gain=387.481 234.04 118.218 93.9651 87.3425 82.5636 66.8399 56.6744 48.5715 48.5124 45.4429 43.5303 40.8277 40.2108 34.4643 34.2055 28.3459 20.976 19.7915 16.3537 12.4329 7.70886 7.27843 7.17798 8.54845 4.61337 3.11988 2.0131 4.18473 1.25004
threshold=3.0015000000000005 1.1960000000000002 2.1255000000000002 1.9650000000000001 4.2580000000000009 2.2515000000000005 1.4525000000000003 1.0000000180025095e-35 1.7725000000000002 3.5000000000000004 -0.30599999999999994 0.7380000000000001 2.5120000000000005 3.5000000000000004 0.78888888888888908 1.5000000000000002 2.6895000000000007 1.6665000000000003 0.30200000000000005 -1.0974999999999999 0.13450000000000004 10.500000000000002 0.66100000000000014 4.7635000000000014 1.0410000000000001 1.6025000000000003 1.5000000000000002 0.71650000000000003 0.47850000000000004 0.79250000000000009
decision_type=2 2 2 2 2 2 2 2 2 2 2 2 2 2 2 2 2 2 2 2 2 2 2 2 2 2 2 2 2 2
left_child=1 2 13 5 6 14 7 22 12 -10 -7 19 -5 26 -3 -9 -13 -15 21 -4 -20 -8 -2 24 25 -6 -1 28 -25 -26
right_child=4 3 11 8 23 10 18 15 9 -11 -12 16 -14 17 -16 -17 -18 -19 20 -21 -22 -23 -24 27 29 -27 -28 -29 -30 -31
leaf_value=-0.060491568332829343 0.00057525020629790576 -0.012717781274114916 -0.038309914644753314 -0.013959928182285279 0.019507026364616386 0.016512332641558519 0.056676358957814324 0.065217875549545362 0.052344654442378902 0.016384615285454988 0.00042544740627920171 -0.011559773659664709 0.036192374454364649 -0.041381898185825994 0.0038734100053150014 0.0098350550387696495 0.00062623630729352327 -0.021268411407877812 0.038877570984553925 -0.017771403755644646 0.019123228267295286 0.029397723417863703 -0.062455845182738993 0.060254555602995447 0.059614220888425717 0.05751274591528624 -0.046630127485025083 0.06000069657740921 0.021321172875143572 0.038737545332014421
leaf_weight=86.063945561647415 5.3949540853500357 1564.7193843126297 122.54249736666679 198.75295802950859 50.988866657018661 592.51123349368572 77.586712881922722 28.264824002981186 110.49367405474186 620.37445509433746 1694.3840889781713 1159.4971887022257 50.991209328174591 173.19822147488594 391.27848796546459 2045.375365793705 810.9741750061512 515.23950213193893 107.52224726974964 463.55538931488991 307.27143089473248 38.876389965415001 30.320605337619781 17.120491877198223 32.137773528695107 9.4672981202602369 76.83467572927475 79.9075548350811 11.563382506370543 9.2296026498079282
leaf_count=601 22 6518 528 829 257 2422 400 158 517 2553 6867 4866 243 857 1624 8496 3282 2336 475 1986 1328 173 182 106 188 49 457 496 68 51
internal_value=-4.56086e-06 -0.00528339 -0.0154766 0.00136684 0.015977 -0.00185712 0.0135066 0.00951435 0.0153162 0.0218211 0.0045934 -0.0101027 -0.00372014 -0.0316145 -0.00939887 0.01059 -0.00654446 -0.0263286 0.0293576 -0.0220656 0.0242439 0.0475705 -0.0529348 0.0469794 0.0374425 0.0254586 -0.0539535 0.0559219 0.0445593 0.0549564
internal_weight=11482.4 8631.41 3407.91 5223.51 2851.03 4242.89 2640.61 2109.36 980.612 730.868 2286.9 2556.57 249.744 851.336 1956 2073.64 1970.47 688.438 531.257 586.098 414.794 116.463 35.7156 210.415 101.824 60.4562 162.899 108.591 28.6839 41.3674
internal_count=48935 36486 14913 21573 12449 17431 11234 8858 4142 3070 9289 10662 1072 4251 8142 8654 8148 3193 2376 2514 1803 573 204 1215 545 306 1058 670 174 239
is_linear=0
shrinkage=0.05


Tree=23
num_leaves=31
num_cat=0
split_feature=24 4 24 4 13 13 59 13 4 14 16 4 24 24 24 13 4 13 3 14 21 24 17 7 21 13 44 1 13 3
split_gain=357.131 236.947 137.76 108.946 101.763 81.4416 81.3097 52.6104 48.4757 52.772 43.4902 41.5618 37.6895 34.4621 33.5312 41.1148 32.5528 32.2032 27.163 24.1074 20.2158 19.779 19.5412 16.2254 10.4003 9.3119 7.9882 7.57519 5.46894 10.1737
threshold=2.5345000000000004 1.413 3.8035000000000001 1.175 1.4105000000000001 1.4310000000000003 2.5000000000000004 1.5400000000000003 2.1275000000000004 0.34850000000000009 0.22900000000000004 0.88700000000000012 3.1010000000000004 3.2320000000000007 4.0015000000000009 0.40350000000000003 0.87750000000000006 0.7965000000000001 1.0785000000000002 0.70500000000000007 10.500000000000002 1.7475000000000003 0.046500000000000007 0.37250000000000005 5.5000000000000009 2.6550000000000002 0.50100000000000011 3.5000000000000004 1.9650000000000001 0.96650000000000003
decision_type=2 2 2 2 2 2 2 2 2 2 2 2 2 2 2 2 2 2 2 2 2 2 2 2 2 2 2 2 2 2
left_child=1 6 3 10 17 12 28 19 9 -6 18 14 -5 -12 15 -4 -9 23 -2 -8 27 -19 -7 -3 -16 -10 -22 -13 -1 -30
right_child=2 4 11 5 8 22 7 16 25 -11 13 20 -14 -15 24 -17 -18 21 -20 -21 26 -23 -24 -25 -26 -27 -28 -29 29 -31
leaf_value=-0.05667519186470929 -0.035791293666292759 -0.021599853696588123 -0.056385102883775275 0.0030834379262510698 -0.047757515641079031 0.053729076186435402 -0.040172358317216522 -0.028835267567585879 0.029620898111650841 0.009223358878761849 -0.00076064705683832944 0.061124089360811679 0.018256526930480538 0.014507740426787003 0.054589170749119675 0.013652050085267204 -0.0044395276396653463 -0.021292880776178438 -0.0073035270849450403 -0.020563075185789943 0.014344893815733596 -0.002314702158089326 0.025179739252641234 -0.063359648535749866 0.021757201981138969 0.057820008290704487 0.03927108690775432 0.043032870787445859 -0.076153350885294485 0.0060912887921508356
leaf_weight=145.654560983181 94.599983602762222 178.51207393407822 30.014771208167076 1282.2082962691784 42.037129431962967 66.159560650587082 175.28529638051987 162.17239543795586 127.96233831346035 1217.0274673402309 1445.0559642463923 90.841007128357887 601.15810053050518 496.56452211737633 36.184660747647285 69.419879496097565 871.99995082616806 163.34595920145512 724.6218431442976 1481.0759274959564 72.990151286125183 860.63575437664986 637.32883769273758 26.745467483997345 72.348356127738953 37.96047505736351 57.434364914894104 159.38625927269459 6.1351625919342032 9.7132619917392713
leaf_count=970 401 825 183 5216 181 307 845 687 541 4964 5868 577 2510 2091 227 299 3562 714 2977 6511 338 3554 2716 130 359 222 268 824 28 40
internal_value=-4.28944e-06 -0.00917603 0.00850301 0.005976 0.00157563 0.0133487 -0.019182 -0.0171136 0.0106687 0.0073209 -0.00093207 0.0314612 0.00792659 0.0031442 0.0134864 -0.00748896 -0.00826511 -0.00896541 -0.0105932 -0.0226382 0.0412817 -0.00534211 0.0278647 -0.0270412 0.0327033 0.0360724 0.0253215 0.0496006 -0.0536402 -0.0257468
internal_weight=11442.6 5506.26 5936.32 5347.7 2654.23 2586.85 2852.04 2690.53 1424.99 1259.06 2760.84 588.619 1883.37 1941.62 207.968 99.4347 1034.17 1229.24 819.222 1656.36 380.652 1023.98 703.488 205.258 108.533 165.923 130.425 250.227 161.503 15.8484
internal_count=48935 23774 25161 22086 11131 10749 12643 11605 5908 5145 11337 3075 7726 7959 1068 482 4249 5223 3378 7356 2007 4268 3023 955 586 763 606 1401 1038 68
is_linear=0
shrinkage=0.05


Tree=24
num_leaves=31
num_cat=0
split_feature=24 4 13 24 24 4 13 13 24 3 13 13 4 24 4 24 13 21 59 4 13 7 5 4 24 13 11 12 12 12
split_gain=326.557 226.585 132.244 105.817 88.4673 73.2535 63.3912 53.0503 65.4298 49.5852 40.9397 40.8265 40.7998 57.0016 26.5448 24.9369 24.9256 23.4149 20.1257 19.9967 19.5044 17.6647 15.234 14.9056 10.1716 8.89175 8.6082 5.04933 4.66358 3.51162
threshold=2.7505000000000006 1.2620000000000002 1.4260000000000004 3.9095000000000004 2.0585000000000004 1.6170000000000002 1.0930000000000002 2.3090000000000006 1.4040000000000001 0.82700000000000007 1.5310000000000001 1.2320000000000004 0.25650000000000006 4.4055000000000009 0.87250000000000016 3.2225000000000006 0.68600000000000005 4.5000000000000009 3.5000000000000004 0.87750000000000006 1.3390000000000002 0.47900000000000004 0.84800000000000009 0.64500000000000013 3.3650000000000007 1.1015000000000004 3.5000000000000004 11.500000000000002 1.5000000000000002 1.5000000000000002
decision_type=2 2 2 2 2 2 2 2 2 2 2 2 2 2 2 2 2 2 2 2 2 2 2 2 2 2 2 2 2 2
left_child=1 4 9 5 10 6 14 8 -4 21 18 22 13 -5 -2 -8 -11 29 -1 -13 24 -3 -6 -12 -7 -19 -9 -22 -15 -14
right_child=3 2 7 12 11 20 15 26 -10 16 23 19 17 28 -16 -17 -18 25 -20 -21 27 -23 -24 -25 -26 -27 -28 -29 -30 -31
leaf_value=-0.055709655848412976 -0.012459951740066822 -0.017765964171767117 -0.026704613495737772 -0.055016929072167146 -0.01850323398832451 0.015667730569695369 0.0077625739180747239 0.063788475892337326 0.0099066250660496593 -0.023123439565522957 -0.055999031496404311 -0.017682016143753872 0.061388273773052317 0.060564572432341916 0.0021204087116782266 0.02014334021048287 -0.00080778969038454137 0.022309533012036073 -0.033920769494756413 -0.0021115674933477923 0.051032327288678792 -0.062398852417990605 -0.044443718351989264 -0.014447151260580993 0.038845617731223102 0.041742235176816744 0.031906486251305599 0.031062480235024333 0.015358997472424786 0.046528134838938098
leaf_weight=153.51104648411274 408.70137099921703 650.07791355252266 131.29571604728699 29.711986884474754 792.67569519579411 240.61824429035187 1159.6132047921419 24.819845110177994 1730.3231457769871 138.09731455147266 23.325823411345482 271.62262736260891 67.720937222242355 17.850226715207103 1321.5743632614613 626.41532735526562 1332.7296374291182 179.91520966589451 342.27427689731121 856.16564105451107 81.078448921442032 22.951227992773056 60.949253425002098 288.83360254764557 58.927509099245071 87.491284087300301 144.0524268746376 51.925974100828171 8.385369345545767 96.274086713790894
leaf_count=1079 1670 2854 550 186 3452 984 4733 153 7073 613 106 1120 455 124 5401 2709 5498 861 1662 3482 399 113 271 1227 256 458 625 231 43 547
internal_value=-4.14195e-06 -0.0067585 0.000614143 0.0105985 -0.0177919 0.00788562 0.00549712 0.00975867 0.00732452 -0.00804683 -0.0317365 -0.0121058 0.03258 -0.00759246 -0.00132356 0.0121049 -0.00290303 0.0377899 -0.0406673 -0.00586164 0.0273022 -0.019288 -0.0203554 -0.0175521 0.0202274 0.0286676 0.0365923 0.0432359 0.0461161 0.0526646
internal_weight=11399.9 6963.71 4174.35 4436.2 2789.36 3948.85 3516.3 2030.49 1861.62 2143.86 807.945 1981.41 487.349 55.9476 1730.28 1786.03 1470.83 431.402 495.785 1127.79 432.55 673.029 853.625 312.159 299.546 267.406 168.872 133.004 26.2356 163.995
internal_count=48935 29878 17479 19057 12399 16383 14513 8401 7623 9078 4074 8325 2674 353 7071 7442 6111 2321 2741 4602 1870 2967 3723 1333 1240 1319 778 630 167 1002
is_linear=0
shrinkage=0.05


Tree=25
num_leaves=31
num_cat=0
split_feature=32 14 4 4 4 4 8 14 13 13 7 0 14 17 8 7 13 4 4 13 5 2 4 13 14 14 19 19 39 11
split_gain=223.335 119.024 102.853 62.0734 60.3368 56.4939 74.6364 50.4155 42.2246 40.669 39.1132 37.4203 33.7185 30.7022 23.7688 22.8841 19.3467 17.424 15.7526 13.3532 12.9702 17.1237 13.8654 12.9558 9.63064 8.73518 10.721 6.92291 6.24995 5.34922
threshold=0.45450000000000007 0.91850000000000021 1.7290000000000003 0.77550000000000019 1.7875000000000003 0.87750000000000006 0.36666666666666675 0.7965000000000001 1.9185000000000001 0.86850000000000016 0.039000000000000007 3.5000000000000004 0.55800000000000016 0.051500000000000011 0.36666666666666675 0.20350000000000004 1.3390000000000002 2.5145000000000004 1.0605000000000002 0.65100000000000013 -1.0364999999999998 3.5000000000000004 2.3800000000000003 1.5580000000000003 1.0515000000000001 0.60350000000000004 1.7925000000000002 2.5475000000000003 2.6440000000000006 33.500000000000007
decision_type=2 2 2 2 2 2 2 2 2 2 2 2 2 2 2 2 2 2 2 2 2 2 2 2 2 2 2 2 2 2
left_child=4 3 5 25 7 11 -7 18 12 14 27 -3 -5 -11 -9 20 -12 -10 29 28 22 -22 -6 -20 -21 -2 -27 -4 -17 -1
right_child=1 2 10 8 15 6 -8 9 17 13 16 -13 -14 -15 -16 19 -18 -19 23 24 21 -23 -24 -25 -26 26 -28 -29 -30 -31
leaf_value=-0.047486067032893951 -0.063285379934354721 0.0015310581018812023 0.040594454387044641 -0.033658230146864497 -0.0023324093275524007 -0.0028179074911336538 0.011974160481678311 -0.030724488578523119 0.0075176777079636915 0.015489777350503723 0.0090236763117750845 -0.018952512554850837 -0.0067043098013881879 -0.0078303387898398715 -0.013377493091976151 -0.060816950373251799 0.025741848142296381 0.056300818342674898 -0.030494517543213091 -0.019960080198941618 0.067260305465928691 0.020174604474587441 0.03734287166213008 -0.0030192476459695618 0.0067149216030311897 -0.058125678167853967 -0.017962314479581437 0.064922862034472423 -0.00073240141508271346 -0.020162622105637483
leaf_weight=117.20681297779083 40.075403682887554 666.81930719316006 113.6820624768734 137.45569004863501 97.730137914419174 1179.3196952790022 3079.762091204524 284.91332183033228 287.47956208884716 151.43000775575638 289.47513169050217 334.96780532598495 744.31913234293461 2076.8917018026114 643.39674038439989 14.621299415826799 430.25972007215023 19.548790484666824 126.32825537025928 46.543904423713684 24.068903475999832 97.63726519048214 28.425784185528755 64.974237874150276 123.93498675525188 27.61631415784359 41.711878150701523 39.367939680814743 6.1478534191846839 21.144087269902229
leaf_count=650 228 2887 541 654 420 4930 13072 1298 1191 691 1205 1511 3103 8774 2863 67 1856 108 573 199 122 406 139 269 530 129 176 222 28 93
internal_value=-4.13499e-06 0.00509157 0.00800263 -0.00866235 -0.00965172 0.00536543 0.00787831 -0.0118517 -0.0053456 -0.00990866 0.0238988 -0.00531804 -0.010906 -0.00624557 -0.0187016 0.00781512 0.0190179 0.0106237 -0.0304578 -0.0051793 0.0178415 0.0294864 0.00660733 -0.0211628 -0.000567849 -0.0447028 -0.0339611 0.0468523 -0.0430314 -0.0433102
internal_weight=11357.3 7431.86 6133.65 1298.21 3925.4 5260.87 4259.08 3486.29 1188.8 3156.63 872.785 1001.79 881.775 2228.32 928.31 439.11 719.735 307.028 329.653 191.248 247.862 121.706 126.156 191.302 170.479 109.404 69.3282 153.05 20.7692 138.351
internal_count=48935 31813 26224 5589 17122 22400 18002 15211 5056 13626 3824 4398 3757 9465 4161 1911 3061 1299 1585 824 1087 528 559 842 729 533 305 763 95 743
is_linear=0
shrinkage=0.05


Tree=26
num_leaves=30
num_cat=0
split_feature=24 4 24 16 4 3 24 4 7 18 2 4 4 32 2 36 4 15 14 4 14 21 4 3 42 3 32 30 1
split_gain=291.872 187.542 142.733 73.2948 70.2195 64.9683 64.5422 63.3998 57.9084 44.8728 37.2067 37.0877 32.4273 30.8796 30.185 26.3213 25.97 25.6239 45.2104 21.3663 14.5782 10.4866 6.1866 4.23852 3.2626 1.43873 1.09014 0.229176 0.0247335
threshold=3.1680000000000006 1.5400000000000003 2.3485000000000005 0.24050000000000002 1.0425000000000002 0.89100000000000013 4.2580000000000009 0.87250000000000016 0.03500000000000001 0.78888888888888908 2.5000000000000004 1.0000000180025095e-35 0.95750000000000013 0.49350000000000005 1.5000000000000002 0.51650000000000007 1.9665000000000001 2.6335000000000002 0.40450000000000003 0.80400000000000016 0.98350000000000015 5.5000000000000009 1.0000000180025095e-35 2.2035000000000005 0.28350000000000003 1.5690000000000002 0.44050000000000006 1.5955000000000001 2.5000000000000004
decision_type=2 2 2 2 2 2 2 2 2 2 2 2 2 2 2 2 2 2 2 2 2 2 2 2 2 2 2 2 2
left_child=1 2 4 19 10 17 7 11 16 -6 -1 24 -5 -10 28 -16 -7 18 -3 -4 -13 25 -23 -24 -2 -8 -27 -19 -9
right_child=6 5 3 12 9 8 21 14 13 -11 -12 20 -14 -15 15 -17 -18 27 -20 -21 -22 22 23 -25 -26 26 -28 -29 -30
leaf_value=-0.05433563844910401 -0.061573507639206965 -0.053917793199725256 -0.032300591838681815 -0.00691753395554324 -0.015818363098136615 0.013910143343113059 0.025438133230531776 0.059899021782569006 0.0018185560051107745 0.0046366656177290874 -0.025153812427313672 -0.076360606273151416 0.0048597892035853628 0.016314907976527609 0.011029533832256105 0.024469131827491282 0.053051129642570999 0.063152228032404209 -0.0016418279600277043 -0.011279176640093628 0.0029044640132695485 -0.019509831273779806 0.020209867985548122 0.042929294527063615 -0.023109879134142822 0.047021172454245488 0.059784827237164051 0.047946833400894937 0.06245480369741635
leaf_weight=130.6619730964303 25.517439916729927 43.282379001379013 141.72511525452137 812.83001743257046 1488.490744933486 64.951416224241257 3.8132864385843268 15.152666270732878 657.11612306535244 327.02129846811295 665.87336400151253 5.8737881183624259 2080.3073949068785 833.11617793142796 737.34668424725533 720.1076302677393 121.94215901196003 12.73840110003948 930.92707340419292 821.73255150020123 466.09152543544769 5.4376803189516059 30.768161416053772 61.684939235448837 7.0326275229454032 21.891977868974209 70.936189256608486 3.0765817314386359 25.224738910794258
leaf_count=959 160 195 611 3328 6408 273 22 110 2705 1352 3108 24 8504 3467 3132 3206 588 81 3922 3427 1941 26 164 346 42 154 503 19 158
internal_value=-4.31219e-06 -0.00393918 -0.00853923 -0.0024268 -0.017564 0.00721734 0.016359 0.0136877 0.013213 -0.0121339 -0.0299407 -0.00164217 0.00155094 0.00992276 0.0188513 0.0176698 0.0394484 -0.00293946 -0.00396436 -0.0143714 0.00191798 0.0438545 0.0323199 0.0353683 -0.0532632 0.0555382 0.0567747 0.0601942 0.0614957
internal_weight=11332.7 9135.79 6468.64 3856.6 2612.05 2667.15 2196.88 2002.35 1677.13 1815.51 796.535 504.515 2893.14 1490.23 1497.83 1457.45 186.894 990.024 974.209 963.458 471.965 194.532 97.8908 92.4531 32.5501 96.6415 92.8282 15.815 40.3774
internal_count=48935 38947 27697 15870 11827 11250 9988 8773 7033 7760 4067 2167 11832 6172 6606 6338 861 4217 4117 4038 1965 1215 536 510 202 679 657 100 268
is_linear=0
shrinkage=0.05


Tree=27
num_leaves=31
num_cat=0
split_feature=3 4 14 4 3 13 13 3 13 3 7 4 16 13 2 23 44 3 4 15 13 2 17 13 29 13 14 40 30 32
split_gain=209.943 156.632 123.366 95.5176 85.0622 80.7079 62.2452 44.8122 41.6019 41.0115 39.2764 32.5147 32.1687 29.7826 23.7569 22.0307 15.3273 13.8566 12.6538 11.6317 11.2045 10.1327 7.28538 6.81559 11.3343 6.4891 5.91102 5.86274 1.80924 0.636702
threshold=0.96250000000000002 1.9025000000000001 1.0850000000000002 1.4365000000000003 1.9300000000000004 1.1060000000000001 0.84400000000000008 0.55800000000000016 2.3090000000000006 0.33900000000000002 0.060500000000000005 0.96650000000000003 0.56600000000000006 0.7965000000000001 2.5000000000000004 -0.92899999999999983 0.50100000000000011 1.8545000000000003 0.78050000000000008 1.7640000000000002 0.67300000000000015 2.5000000000000004 0.10150000000000002 2.6835000000000004 2.9795000000000003 0.54000000000000015 0.64500000000000013 0.77450000000000008 1.4880000000000002 0.58750000000000002
decision_type=2 2 2 2 2 2 2 2 2 2 2 2 2 2 2 2 2 2 2 2 2 2 2 2 2 2 2 2 2 2
left_child=3 2 5 7 6 14 -4 21 9 19 25 -6 -7 -11 -2 16 -9 20 -17 -5 -12 29 -23 24 -10 -3 -27 -25 -19 -1
right_child=1 10 4 8 11 12 -8 15 23 13 17 -13 -14 -15 -16 18 -18 28 -20 -21 -22 22 -24 27 -26 26 -28 -29 -30 -31
leaf_value=-0.060771062099473229 -0.050620916260620555 0.0073408729403199695 -0.0071599534457119215 -0.029220665790673131 0.0092342242144441283 -0.0085202699517768748 0.0066416917385083724 -0.01226665369225107 0.0076644866364644548 -0.025282079898152895 -0.015195904598379693 0.028655324444889885 0.0047732784879422341 -0.00069075549621229167 -0.020363959528073322 -0.042796840342921583 0.016992942227588594 0.035274300651123802 -0.01939306953076252 -0.073732613005896938 0.021049301554255183 -0.012384926236147398 -0.040639898492099709 0.065984687372097686 0.06493191905232458 0.026665266723483905 0.057113033857808949 1.9227177232390365e-05 0.063734575025257423 -0.042800692494218723
leaf_weight=58.245472684502602 75.93070861697197 8.0350761860609037 1052.3014566749334 57.500489592552185 372.77431233227253 1001.5433095991611 3652.3137296587229 139.0255780518055 32.79872390627861 136.69790491461754 22.858968943357468 510.84945005178452 834.07343755662441 1239.8314720839262 445.57115625590086 62.15792877972126 66.008660882711411 7.8187201321125057 815.37741553783417 19.706827715039253 317.16829894483089 27.847952082753181 126.20892527699471 20.95965959131718 11.730108290910719 18.116325244307518 132.69717996567488 4.0132091194391242 19.538950778543949 5.384724259376525
leaf_count=442 538 38 4395 265 1795 4159 15111 579 137 647 98 2530 3450 5132 2011 315 274 47 3627 92 1353 129 611 124 50 82 716 21 127 40
internal_value=-3.97924e-06 0.0039314 0.00218172 -0.0118117 0.00622807 -0.00741135 0.00355462 -0.0217654 -0.003315 -0.00512174 0.0303491 0.0204621 -0.0024799 -0.00313283 -0.0247694 -0.0176031 -0.00284683 0.021367 -0.0210508 -0.0405821 0.0186126 -0.0424652 -0.0355324 0.034476 0.0227503 0.0511229 0.0534555 0.0553839 0.0556007 -0.0592503
internal_weight=11295.1 8471.59 7945.36 2823.5 5588.24 2357.12 4704.62 1300.26 1523.24 1453.74 526.234 883.624 1835.62 1376.53 521.502 1082.57 205.034 367.385 877.535 77.2073 340.027 217.687 154.057 69.5017 44.5288 158.849 150.814 24.9729 27.3577 63.6302
internal_count=48935 36450 33989 12485 23831 10158 19506 6017 6468 6136 2461 4325 7609 5779 2549 4795 853 1625 3942 357 1451 1222 740 332 187 836 798 145 174 482
is_linear=0
shrinkage=0.05


Tree=28
num_leaves=31
num_cat=0
split_feature=24 24 11 18 14 16 14 32 15 32 22 24 5 14 1 1 9 24 5 5 24 23 6 22 40 41 44 10 26 22
split_gain=252.049 104.456 90.5214 77.4735 71.0604 68.836 62.9149 57.2808 47.2941 45.6134 40.6739 25.9929 47.1482 25.0524 23.481 21.9993 21.948 21.2326 19.1203 15.7764 6.47898 6.14956 5.48169 6.24109 2.26689 4.47992 0.88228 0.348263 1.78931 0.257401
threshold=2.5345000000000004 3.8335000000000004 2.5000000000000004 0.78888888888888908 0.40450000000000003 0.52750000000000019 0.55800000000000016 0.5465000000000001 2.6335000000000002 0.52650000000000008 -0.96666666666666645 4.7635000000000014 1.9665000000000001 1.2890000000000004 5.5000000000000009 5.5000000000000009 1.5475000000000001 3.1680000000000006 0.36550000000000005 -2.0499999999999994 2.2405000000000004 -0.42099999999999999 0.10900000000000001 0.21111111111111114 0.71650000000000003 0.47850000000000004 0.45550000000000007 14.500000000000002 0.37750000000000006 -0.13333333333333333
decision_type=2 2 2 2 2 2 2 2 2 2 2 2 2 2 2 2 2 2 2 2 2 2 2 2 2 2 2 2 2 2
left_child=2 5 20 6 8 9 19 -8 -5 17 -6 12 14 18 -3 -14 -11 -2 -7 -4 27 -15 -22 -24 25 -13 -26 29 -29 -1
right_child=1 11 3 4 10 13 7 -9 -10 16 -12 24 15 21 -16 -17 -18 -19 -20 -21 22 -23 23 -25 26 -27 -28 28 -30 -31
leaf_value=-0.048432328139194923 -0.0035287145483476681 0.05602857981003715 0.037670749504588853 -0.046407106850796825 0.057690923251402793 0.035397057593878352 -0.011425015580747638 0.0024826533759281697 0.047468068552559139 0.015790121212236854 0.008963547465168328 0.057202497623038223 -0.059776947184499662 0.028762551218700739 0.023547274977224773 0.0066175452687499449 0.0047349455816724133 0.0059093382439856061 0.01056653857787717 -0.040453544557369756 -0.06804864618091655 0.051444025933312543 0.036756758194583884 -0.030428876119864806 0.03325357018896772 0.014305612774503904 0.058356014170219773 -0.017340319183425292 -0.062221152526100935 -0.058160281155309884
leaf_weight=7.4719624370336524 2061.702447488904 67.788248933851719 6.6988822668790808 88.398502871394157 45.445369049906731 99.424866080284119 3235.5205381065607 960.03024191409349 15.817361429333685 756.51764975488186 743.09666463732719 14.710462942719461 21.856656491756439 52.801754519343376 310.48457501828671 29.070259213447571 1104.3117474466562 838.16845797002316 352.04126113653183 182.84819809347391 7.7428321689367285 68.852792710065842 4.0670388638973263 23.02889396250248 3.6990263387560836 10.381784498691557 65.178847059607506 3.3122683092951757 6.739172987639904 75.610514245927334
leaf_count=55 8478 444 34 458 245 431 14018 3998 98 3185 3095 106 160 236 1532 143 4615 3508 1451 921 35 308 19 113 27 68 469 22 46 617
internal_value=-4.12153e-06 0.00718181 -0.00778978 -0.00678228 0.00664354 0.00509057 -0.00951563 -0.00824265 -0.0321592 0.00311976 0.0117718 0.0285024 0.0232875 0.0214614 0.0293681 -0.0218774 0.00922941 -0.000800773 0.0160349 -0.0376925 -0.0493411 0.0415996 -0.0309466 -0.0203445 0.0523206 0.0394541 0.0570079 -0.0562219 -0.0474315 -0.0572854
internal_weight=11262.8 5856.99 5405.83 5277.86 892.758 5333.82 4385.1 4195.55 104.216 4760.7 788.542 523.17 429.2 573.121 378.273 50.9269 1860.83 2899.87 451.466 189.547 127.973 121.655 34.8388 27.0959 93.9701 25.0922 68.8779 93.1339 10.0514 83.0825
internal_count=48935 25161 23774 22867 3896 22212 18971 18016 556 19786 3340 2949 2279 2426 1976 303 7800 11986 1882 955 907 544 167 132 670 174 496 740 68 672
is_linear=0
shrinkage=0.05


Tree=29
num_leaves=30
num_cat=0
split_feature=24 4 24 13 24 15 24 4 13 7 24 13 4 24 4 4 59 15 24 4 9 4 21 5 4 24 25 40 32
split_gain=229.366 162.501 110.111 100.298 57.6223 56.3484 56.2862 43.7494 41.1923 40.8676 40.4628 37.8154 37.7963 26.688 25.8726 25.2859 21.654 19.3002 13.5552 13.3777 12.3353 9.25631 8.48384 6.47541 4.96741 4.78959 4.02278 1.08586 0.813574
threshold=3.1680000000000006 1.2620000000000002 2.1115000000000008 1.7290000000000003 4.3335000000000008 -1.6199999999999999 1.9665000000000001 0.93550000000000011 1.0930000000000002 0.28900000000000003 2.3485000000000005 1.5310000000000001 2.2040000000000006 2.5215000000000001 1.8305000000000002 1.8985000000000001 3.5000000000000004 -1.3269999999999997 3.645 0.60350000000000004 2.0605000000000007 1.7635000000000003 5.5000000000000009 0.77550000000000019 1.0000000180025095e-35 4.1465000000000014 513.50000000000011 0.79000000000000015 0.44050000000000006
decision_type=2 2 2 2 2 2 2 2 2 2 2 2 2 2 2 2 2 2 2 2 2 2 2 2 2 2 2 2 2
left_child=1 2 11 6 5 20 14 18 17 -8 12 16 -5 -10 -3 -9 -1 -4 -7 -13 23 -12 27 -2 -24 -22 -26 28 -6
right_child=4 3 8 10 22 7 9 15 13 -11 21 19 -14 -15 -16 -17 -18 -19 -20 -21 25 -23 24 -25 26 -27 -28 -29 -30
leaf_value=-0.052831785167647 -0.019210727118819833 -0.017963148100780615 -0.049635581002075872 0.0057185357524819373 0.046616191074236792 -0.0021567918702794738 0.0054193458706687419 0.017584126248922059 -0.0098164503796471635 -0.0076147161478066928 0.024867111256454993 -0.053035996144098575 0.041102263228979204 0.0021806339369283638 0.0027408948928515026 0.048054947929805553 -0.029342287218760105 -0.01279064029568815 0.014051557262784693 -0.011575993398490162 -0.057700860999109344 0.04357648307772239 -0.015932549886497633 0.029601860039280056 0.038338034440335594 0.0084657708729586022 -0.0056157303728807196 0.023845530440546117 0.058419755795516518
leaf_weight=131.85627280920744 50.777170643210411 624.09072785079479 36.649441719055176 742.66511565446854 19.178615905344486 410.07449232041836 2167.5238575339317 1239.1943897008896 732.20921704173088 832.33138550817966 258.72598513960838 20.68273763358593 84.008435361087322 1263.4333491325378 199.00981645286083 72.043042063713074 383.40489372611046 1176.6466857343912 188.19088162481785 328.13868699967861 28.683776751160625 88.798341795802116 5.1423951089382163 7.8438344448804846 66.946219429373741 3.023293510079383 5.6445492058992377 2.7853881344199172 61.130680926144123
leaf_count=1079 218 2749 166 3075 146 1677 8955 5516 3032 3462 1101 99 453 5122 859 410 1923 5036 836 1410 192 426 25 34 392 14 32 21 475
internal_value=-3.81347e-06 -0.00349131 -0.0109043 0.00255077 0.0146363 0.0123207 -0.001375 0.0141461 -0.00663827 0.00180295 0.0153323 -0.026747 0.00931431 -0.00222114 -0.0129573 0.0192583 -0.0353533 -0.0139036 0.00294172 -0.0140343 -0.0262682 0.0296477 0.0434294 -0.0126793 0.0315561 -0.0513918 0.0349203 0.0545365 0.055601
internal_weight=11230.8 9070.17 4073.02 4997.15 2160.66 1999.83 3822.96 1909.5 3208.94 2999.86 1174.2 864.083 826.674 1995.64 823.101 1311.24 515.261 1213.3 598.265 348.821 90.3281 347.524 160.828 58.621 77.7332 31.7071 72.5908 83.0947 80.3093
internal_count=48935 38947 17867 21080 9988 8897 16025 8439 13356 12417 5055 4511 3528 8154 3608 5926 3002 5202 2513 1509 458 1527 1091 252 449 206 424 642 621
is_linear=0
shrinkage=0.05


Tree=30
num_leaves=31
num_cat=0
split_feature=24 4 13 24 4 24 4 8 3 24 16 24 4 13 13 2 24 4 5 13 4 7 18 4 21 36 5 36 14 13
split_gain=212.709 157.348 103.885 77.9186 59.2728 55.1887 43.9341 43.2294 38.4531 36.2283 32.8544 30.5925 30.3252 29.7499 27.0008 23.5382 23.3928 35.8798 20.8729 20.2749 19.0039 18.6007 15.3172 14.2423 13.3904 11.6234 11.0623 10.7778 5.66752 3.50042
threshold=2.7505000000000006 1.1130000000000002 1.4190000000000003 3.9095000000000004 1.3020000000000003 2.1010000000000004 1.8365000000000002 0.36666666666666675 0.90250000000000019 1.5465000000000002 0.52750000000000019 2.2225000000000006 0.88700000000000012 0.90250000000000019 1.2320000000000004 2.5000000000000004 4.7635000000000014 0.25650000000000006 -0.90699999999999992 0.75450000000000006 1.1015000000000004 0.057500000000000002 0.29999999999999999 0.87750000000000006 10.500000000000002 0.46900000000000003 0.62750000000000006 0.46150000000000008 1.3060000000000003 1.9650000000000001
decision_type=2 2 2 2 2 2 2 2 2 2 2 2 2 2 2 2 2 2 2 2 2 2 2 2 2 2 2 2 2 2
left_child=1 5 8 4 7 15 11 20 19 -8 -9 -4 16 22 27 29 17 -5 -10 -3 -2 -15 -6 -16 28 -17 -26 -7 -14 -1
right_child=3 2 6 12 13 14 9 10 18 -11 -12 -13 24 21 23 25 -18 -19 -20 -21 -22 -23 -24 -25 26 -27 -28 -29 -30 -31
leaf_value=-0.054531066579649401 -0.035905020558704086 -0.032519018944583977 -0.0022240766138480919 -0.047157833023205496 0.010082448172336445 -0.026394461757399582 -0.0049349762928287627 0.0022794487519078358 0.018377779619120248 0.027190345603220686 0.02225769905358305 0.010467634245589779 -0.01211409778799444 0.04331569078418146 -0.015273663923308227 -0.032749093988105549 0.045750693297088231 0.015728173803816567 -0.0046158289843889772 -0.01260812556149655 -0.0058176055360927882 0.018324390742371934 -0.012589396668126987 -0.00058392594809504009 -0.027433545256569904 -0.016030659121670447 0.028578167611289534 -0.012070172593842613 0.047070247533666169 -0.024996248807753321
leaf_weight=102.67873323708773 95.844671308994293 150.27114854753017 1140.4920610338449 29.270937651395798 268.3525348752737 331.69330388307571 114.17882165312767 2258.7318482995033 105.78998671472073 379.27201700955629 226.41527247428894 813.45872204005718 4.1330058574676505 82.582344517111778 260.31871274113655 261.29655189812183 38.936827339231968 100.76459035277367 1472.3193351179361 857.10083346068859 116.00209687650204 756.5072733014822 103.12780457735062 450.64142918586731 10.03366796672344 172.66257526725531 72.583890333771706 217.3790247887373 189.97595031559467 11.118393793702124
leaf_count=906 393 774 4676 200 1100 1508 537 9357 437 1679 951 3327 20 399 1081 1330 274 491 6184 3740 478 3284 421 1839 48 851 374 956 1267 53
internal_value=-3.69702e-06 -0.00550201 -0.000957181 0.00863629 0.00637711 -0.0181548 0.00642621 0.00225139 -0.00794626 0.0197569 0.00409962 0.00305967 0.0284431 0.0155687 -0.0123948 -0.0314049 0.0117527 0.00157256 -0.00307443 -0.0155783 -0.0194299 0.020784 0.00378845 -0.00596259 0.0386345 -0.0260972 0.0217757 -0.0207234 0.0458101 -0.0516454
internal_weight=11193.9 6840.67 5032.88 4353.26 3907.56 1807.79 2447.4 2696.99 2585.48 493.451 2485.15 1953.95 445.699 1210.57 1260.03 547.756 168.972 130.036 1578.11 1007.37 211.847 839.09 371.48 710.96 276.727 433.959 82.6176 549.072 194.109 113.797
internal_count=48935 29878 21354 19057 16383 8524 10219 11179 11135 2216 10308 8003 2674 5204 5384 3140 965 691 6621 4514 871 3683 1521 2920 1709 2181 422 2464 1287 959
is_linear=0
shrinkage=0.05


Tree=31
num_leaves=31
num_cat=0
split_feature=24 4 24 13 13 24 4 3 11 13 17 7 11 14 13 7 15 18 2 4 17 14 21 6 11 7 11 6 3 32
split_gain=195.169 151.41 84.264 63.3921 59.564 58.3913 55.632 50.978 49.2454 39.3548 32.7 31.1377 28.4352 27.2209 40.8431 35.7521 23.8131 22.441 22.1492 16.0807 14.941 14.7123 10.8036 6.52789 6.05983 6.16242 5.34878 2.24677 1.5875 1.21835
threshold=3.0015000000000005 1.4790000000000003 2.1010000000000004 1.7925000000000002 1.1405000000000001 4.2580000000000009 0.87250000000000016 0.71700000000000008 5.5000000000000009 1.4565000000000003 0.20350000000000004 0.28900000000000003 1.0000000180025095e-35 0.26150000000000007 2.8660000000000005 0.10150000000000002 -1.2829999999999997 0.78888888888888908 1.5000000000000002 1.6450000000000002 0.37700000000000006 0.98350000000000015 5.5000000000000009 0.66100000000000014 3.5000000000000004 0.19600000000000004 2.5000000000000004 0.78450000000000009 1.5690000000000002 0.44050000000000006
decision_type=2 2 2 2 2 2 2 2 2 2 2 2 2 2 2 2 2 2 2 2 2 2 2 2 2 2 2 2 2 2
left_child=1 2 8 7 16 6 12 20 26 18 -6 -9 23 14 -5 -15 -4 -10 -8 -11 -3 -14 28 -2 25 -24 -1 -26 -7 -30
right_child=5 3 4 13 10 22 9 11 17 19 -12 -13 21 15 -16 -17 -18 -19 -20 -21 -22 -23 24 -25 27 -27 -28 -29 29 -31
leaf_value=-0.056376236725105167 0.0014912077544588977 -0.010313219454114946 -0.049719562889152955 -0.05385968164278631 0.006687084036977306 0.019642306948909186 0.060077588923518825 0.0081359948547769546 -0.019922409861928187 0.023951274210759009 -0.005134737797556764 -0.006299041178436042 -0.05772712045593107 0.041479835077703642 0.049302900008264365 0.014231663097281003 -0.011786308429747823 -0.0034513400842482046 0.0096181957230996231 0.05282489377136506 -0.035175484109064084 0.00045242873580356874 0.0028285586747335044 -0.054090301142291158 0.049743077084220023 0.039434168021440952 -0.037757064894641382 0.024212022397949184 0.043102526758158045 0.057605312852709756
leaf_weight=70.000722244381905 6.3151296377181998 338.85878065228462 42.526029631495476 28.981170818209648 988.80261401832104 3.4820636808872214 22.057325929403305 1506.8049497455359 922.68031990528107 323.25401400029659 1432.2074112445116 496.74527497589588 11.08127151429653 162.30277441442013 14.342462942004202 466.09904651343822 1525.6527532190084 266.53024177253246 1549.5830120146275 56.676478855311871 73.542462229728699 560.08761252462864 31.881359234452248 32.311213091015816 28.452090695500374 17.982190370559692 85.911765217781067 12.360710904002188 19.038518369197845 60.499755561351776
leaf_count=658 26 1478 198 135 4036 22 158 6235 4262 1491 5856 2070 45 793 99 1982 6577 1158 6604 366 345 2330 184 214 172 107 604 73 154 503
internal_value=-3.62682e-06 -0.0037722 -0.00887276 0.00503958 -0.00522362 0.0116008 0.00969835 0.00126191 -0.0196949 0.0138174 -0.000306402 0.00455708 -0.00348411 0.0186265 -0.0197073 0.0212693 -0.012815 -0.0162309 0.0103264 0.0282585 -0.0147468 -0.000676315 0.0396552 -0.0450031 0.0277235 0.0160296 -0.0461166 0.0420107 0.0526872 0.0541339
internal_weight=11157.1 8421.99 5334.31 3087.68 3989.19 2735.06 2561.37 2415.95 1345.12 1951.57 2421.01 2003.55 609.795 671.725 43.3236 628.402 1568.18 1189.21 1571.64 379.93 412.401 571.169 173.697 38.6263 90.6764 49.8635 155.912 40.8128 83.0203 79.5383
internal_count=48935 36486 23349 13137 16667 12449 11234 10128 6682 8619 9892 8305 2615 3009 234 2775 6775 5420 6762 1857 1823 2375 1215 240 536 291 1262 245 679 657
is_linear=0
shrinkage=0.05


Tree=32
num_leaves=31
num_cat=0
split_feature=24 13 24 13 13 13 3 5 13 14 17 7 13 24 5 5 24 24 13 1 3 14 17 2 5 14 3 21 17 13
split_gain=183.637 121.594 80.328 69.9402 52.0513 48.4715 43.3041 71.4743 38.9425 31.1809 30.4619 28.8695 24.8018 25.1249 23.7968 21.3924 19.1767 18.3829 16.5413 15.5051 14.8959 14.1536 11.5635 10.8563 11.1234 8.55272 8.2986 6.70875 6.13196 2.8104
threshold=2.5345000000000004 1.2245000000000001 3.9095000000000004 1.4525000000000003 2.0165000000000002 0.57400000000000007 0.67300000000000015 -0.92149999999999987 0.68600000000000005 0.81350000000000011 0.26500000000000007 0.08900000000000001 0.72900000000000009 4.3335000000000008 0.30200000000000005 1.9665000000000001 1.0000000180025095e-35 3.2765000000000004 2.6835000000000004 3.5000000000000004 1.1695000000000002 0.72900000000000009 0.046500000000000007 8.5000000000000018 -0.47699999999999992 0.50950000000000017 1.5690000000000002 5.5000000000000009 0.19600000000000004 0.40350000000000003
decision_type=2 2 2 2 2 2 2 2 2 2 2 2 2 2 2 2 2 2 2 2 2 2 2 2 2 2 2 2 2 2
left_child=1 5 3 8 6 23 16 -8 20 25 -10 -11 13 15 22 -4 -3 -16 21 -14 -2 -6 -5 29 -25 -7 -21 -15 -20 -1
right_child=2 4 12 14 18 9 7 -9 10 11 -12 -13 19 27 17 -17 -18 -19 28 26 -22 -23 -24 24 -26 -27 -28 -29 -30 -31
leaf_value=-0.055613802759501743 -0.027914429223078754 -0.065283196757685638 0.0085598106804697979 0.04510751430967614 -0.0076821135063913498 -0.044002797565036979 0.021634302743004527 -0.0042081952235824916 0.0069032945088539676 0.01157230911472832 -0.0027439490545681186 -0.013644578411433878 0.056648013331106473 0.052766927813698877 0.00539808961106322 -0.048765539573229995 -0.016041203173112625 0.022833959886287284 0.046508252023199477 -0.012405528700047713 -0.0071737084101158284 0.015328208292817141 0.020274637391506534 -0.00023579312685228119 -0.044902305856821194 -0.024162359340920217 0.03093831021492734 0.016676843947940147 0.0038428392767503568 -0.040742781583095758
leaf_weight=73.213921219110489 107.76626370847225 20.806703016161919 48.262181982398033 52.33152948319912 83.507880255579948 81.777003109455109 303.67764641344547 2249.62900210917 2077.1858831942081 124.07902374863625 1350.1000826507807 1331.2396208867431 63.340935625135899 25.949882075190544 688.31023076176643 24.554458230733871 397.44849768280983 193.71478076279163 48.439212702214718 11.598703473806379 440.09732270240784 334.58365541696548 449.8854193687439 27.631368860602379 28.126803502440453 161.76505717635155 230.5253043025732 25.560024410486221 10.193690687417982 56.126370586454868
leaf_count=583 468 105 220 265 353 520 1286 9390 8621 556 5593 6089 542 213 2833 184 1734 898 295 57 1835 1394 1974 138 141 785 1313 145 47 358
internal_value=-3.3692e-06 -0.00669796 0.00616282 0.00449493 -0.00111704 -0.0169129 -0.00357755 -0.00113462 0.00112435 -0.0142657 0.00310299 -0.0114946 0.0269609 0.0081339 0.0141743 -0.0107708 -0.0184908 0.00922744 0.0142201 0.0346237 -0.0112535 0.0107322 0.0228622 -0.0412101 -0.0227675 -0.0308244 0.028862 0.0348585 0.0390906 -0.0491606
internal_weight=11121.4 5332.25 5789.18 5359.39 3448.29 1883.96 2971.56 2553.31 3975.15 1698.86 3427.29 1455.32 429.791 124.327 1384.24 72.8166 418.255 882.025 476.724 305.465 547.864 418.092 502.217 185.098 55.7582 243.542 242.124 51.5099 58.6329 129.34
internal_count=48935 23774 25161 22487 14604 9170 12515 10676 16517 7950 14214 6645 2674 762 5970 404 1839 3731 2089 1912 2303 1747 2239 1220 279 1305 1370 358 342 941
is_linear=0
shrinkage=0.05


Tree=33
num_leaves=31
num_cat=0
split_feature=24 13 24 13 13 24 1 7 7 36 14 19 13 24 15 17 13 3 16 3 14 13 24 13 30 17 40 41 8 43
split_gain=166.705 123.063 60.0669 60.0665 53.5984 48.5827 41.273 39.9992 31.7775 31.4866 27.6246 45.0003 25.2113 25.1386 23.7152 19.2181 17.1275 12.5558 10.058 9.63429 8.24561 8.64903 7.60022 8.94586 5.05442 3.32534 2.58156 4.86916 1.48346 0.969527
threshold=2.8335000000000004 1.0165000000000002 4.2580000000000009 1.8545000000000003 0.54000000000000015 1.7145000000000004 3.5000000000000004 0.28300000000000008 0.39200000000000007 0.52650000000000008 0.60350000000000004 2.6570000000000005 0.59200000000000008 1.9665000000000001 2.6335000000000002 0.24550000000000002 1.0000000180025095e-35 1.1695000000000002 0.057500000000000002 0.77100000000000013 0.40450000000000003 0.91100000000000014 4.7635000000000014 1.0410000000000001 1.6025000000000003 0.19600000000000004 0.71650000000000003 0.47850000000000004 0.70000000000000007 0.68300000000000016
decision_type=2 2 2 2 2 2 2 2 2 2 2 2 2 2 2 2 2 2 2 2 2 2 2 2 2 2 2 2 2 2
left_child=1 5 4 7 16 20 19 13 12 -8 14 -12 -7 -3 -5 -9 25 -18 -10 -6 -1 -22 23 24 -4 -2 27 -24 -25 -28
right_child=2 3 22 10 6 8 9 15 18 -11 11 -13 -14 -15 -16 -17 17 -19 -20 -21 21 -23 26 28 -26 -27 29 -29 -30 -31
leaf_value=-0.056674582199043623 -0.056901348988268187 -0.0084370749716464848 0.0080514230672272449 -0.018376602205126009 -0.025182254762133861 -0.027468524322971102 0.0035391035898547953 -0.0037297712112913796 -0.048584059764641425 0.013313730298342548 0.0094064699584102476 0.051245797008036713 -0.0074789867350397643 0.0030006579253919539 0.042830590288049815 -0.015069844902735052 -0.04823847888089243 -0.0064989703048902283 -0.024052876926822273 0.045037733327455309 -0.044496257203722869 -0.019380034649107647 0.054558943124387443 0.059238610189842722 0.051191791732864513 -0.012336689612331645 0.027646523253118494 0.0066929838078304124 0.037893633380556596 0.055917775081099699
leaf_weight=50.888598628342152 28.006997019052505 631.02654850482941 44.353118054568768 129.93081131577492 5.1676060706377021 179.97530367225409 1948.4280450344086 682.8071600496769 53.264610894024372 1427.4866379499435 975.09330014884472 68.801244407892227 1276.4635321944952 2012.541353777051 18.020539224147797 825.05095887184143 20.242956444621086 163.86992022395134 193.86660622060299 89.225814469158649 75.781941577792168 62.583697743713856 12.487218715250494 15.462879858911036 8.0168056264519674 4.9215311259031287 3.208242490887641 9.2476694285869581 17.188379250466824 55.38039480894804
leaf_count=440 204 2730 257 578 23 987 8161 2879 378 6218 4074 365 5646 8294 123 3521 86 682 903 568 492 347 106 121 49 21 27 68 118 469
internal_value=-3.27613e-06 -0.00447662 0.00839851 -0.000595716 0.00707647 -0.015432 0.00858404 -0.00343621 -0.0127621 0.00767225 0.00929827 0.012164 -0.00994914 0.000270441 -0.0109215 -0.00993469 -0.0170282 -0.0110882 -0.0293401 0.0411935 -0.0394653 -0.033136 0.0378812 0.0274617 0.0146554 -0.0502407 0.0489101 0.0341931 0.0480021 0.0543697
internal_weight=11088.8 7236.1 3852.69 5343.27 3687.35 1892.82 3470.31 4151.43 1703.57 3375.91 1191.85 1043.89 1456.44 2643.57 147.951 1507.86 217.041 184.113 247.131 94.3934 189.254 138.366 165.345 85.0212 52.3699 32.9285 80.3235 21.7349 32.6513 58.5886
internal_count=48935 31757 17178 22564 15963 9193 14970 17424 7914 14379 5140 4439 6633 11024 701 6400 993 768 1281 591 1279 839 1215 545 306 225 670 174 239 496
is_linear=0
shrinkage=0.05


Tree=34
num_leaves=31
num_cat=0
split_feature=24 4 24 3 17 24 4 7 15 4 32 13 2 3 13 2 13 43 13 17 21 4 6 30 30 21 13 20 40 32
split_gain=155.298 126.979 79.742 72.1668 62.4727 43.5874 42.8345 37.2045 35.2287 34.6461 34.3687 32.0981 29.5903 28.5504 27.2066 21.8102 19.7328 15.4734 14.4999 14.3153 8.795 8.3338 6.30632 5.65419 9.0654 5.4861 3.51638 2.11509 1.2385 0.929225
threshold=3.1680000000000006 1.2620000000000002 2.0585000000000004 0.89600000000000013 0.044000000000000004 4.3335000000000008 1.175 0.24550000000000002 -1.6199999999999999 0.79050000000000009 0.41800000000000004 2.3090000000000006 2.5000000000000004 0.33900000000000002 1.2745000000000002 1.5000000000000002 0.89600000000000013 0.70200000000000007 1.5310000000000001 0.37700000000000006 5.5000000000000009 1.8985000000000001 0.66100000000000014 1.5990000000000004 1.5790000000000004 -5.4999999999999991 1.9650000000000001 -9.4999999999999982 0.79000000000000015 0.44050000000000006
decision_type=2 2 2 2 2 2 2 2 2 2 2 2 2 2 2 2 2 2 2 2 2 2 2 2 2 2 2 2 2 2
left_child=1 2 12 11 16 6 8 -6 22 19 -11 13 26 -3 17 -10 -5 -8 -14 -4 28 -16 -2 24 -22 -13 -1 -25 29 -7
right_child=5 3 9 4 7 20 14 -9 15 10 -12 25 18 -15 21 -17 -18 -19 -20 -21 23 -23 -24 27 -26 -27 -28 -29 -30 -31
leaf_value=-0.052895364581141691 -0.015961830450736892 -0.036003648858069337 -0.013961378760308483 -0.011746703350370289 0.0097644249619816686 0.042597042407455293 -0.0069968550612682437 -0.0012730496236268991 0.058572436726670021 -0.012314267010858066 -0.00010105714434830088 0.017347632940240006 -0.027536447394670607 -0.0060194365222700765 0.030226558241399512 0.0055692483506616618 0.037100321686788694 0.017218009330237979 -0.012276046196595728 -0.03567303806615351 0.025469959061133803 0.056684150393308763 -0.049756444869115769 0.061304551418062736 -0.044891204630940325 0.047298913827883343 -0.022780266757359679 0.016558418398541167 0.016437211571113233 0.056288078023473742
leaf_weight=89.771092757582664 25.482791900634766 83.908055670559406 475.03010812401772 23.024855002760887 1719.5584548562765 16.374877735972404 78.105543404817581 1373.1533782333136 19.73960468173027 828.92191864550114 1888.073544293642 49.354067176580429 334.35621637851 1474.4348971247673 189.35748405754566 1157.6243137419224 202.61487483978271 424.69122569262981 291.24842116236687 90.361187607049942 49.715965516865253 35.314098186790943 30.122409977018833 13.219223730266096 5.0421211123466483 22.150541111826897 10.86653859913349 3.300263099372386 2.4041553959250441 50.970041424036026
leaf_count=906 109 412 2019 99 7166 146 343 5730 158 3582 7789 218 1835 6346 939 5007 972 1861 1280 403 306 265 215 90 31 137 53 22 21 475
internal_value=-3.22562e-06 -0.0028733 -0.0094876 0.00248507 0.00671689 0.0122296 0.0102982 0.00486382 0.00462117 -0.00617048 -0.00382716 -0.00613087 -0.02448 -0.00763392 0.0199201 0.0064579 0.0321158 0.0134564 -0.020432 -0.0174313 0.0390778 0.0343852 -0.034269 0.026726 0.0189911 0.0266259 -0.0496436 0.0523652 0.0517003 0.0529591
internal_weight=11058.3 8956.83 4008.63 4948.2 3318.35 2101.46 1960.44 3092.71 1232.97 3282.39 2717 1629.85 726.242 1558.34 727.468 1177.36 225.64 502.797 625.605 565.391 141.027 224.672 55.6052 71.2776 54.7581 71.5046 100.638 16.5195 69.7491 67.3449
internal_count=48935 38947 17867 21080 13967 9988 8897 12896 5489 13793 11371 7113 4074 6758 3408 5165 1071 2204 3115 2422 1091 1204 324 449 337 355 959 112 642 621
is_linear=0
shrinkage=0.05


Tree=35
num_leaves=31
num_cat=0
split_feature=24 4 24 4 4 59 16 18 3 8 4 24 4 14 24 4 16 20 33 4 23 33 15 14 11 18 14 40 1 42
split_gain=144.725 118.934 67.6455 61.11 53.5609 41.1381 40.8224 36.3002 32.8178 32.6364 27.5361 26.9425 36.6473 25.2497 25.1058 32.5989 30.5699 25.0799 22.6982 21.479 15.9434 15.3739 12.6017 10.3386 9.6518 4.35834 11.0925 2.66079 4.69476 0.994852
threshold=2.5275000000000003 1.2455000000000003 3.6010000000000004 1.1695000000000002 1.8040000000000003 2.5000000000000004 0.41900000000000004 0.74166666666666681 0.7380000000000001 0.36666666666666675 0.78050000000000008 4.7635000000000014 0.25650000000000006 0.40450000000000003 1.2565000000000002 2.5770000000000004 0.91300000000000014 -7.4999999999999991 0.27150000000000007 0.83650000000000013 0.9610000000000003 0.21300000000000002 -0.98349999999999993 0.60350000000000004 3.5000000000000004 0.36666666666666675 0.98350000000000015 0.71650000000000003 5.5000000000000009 0.31700000000000006
decision_type=2 2 2 2 2 2 2 2 2 2 2 2 2 2 2 2 2 2 2 2 2 2 2 2 2 2 2 2 2 2
left_child=1 5 3 9 7 25 18 8 -3 22 -11 12 24 -9 15 -6 -16 -14 -5 23 -8 -21 -2 -7 -4 -1 -27 28 -13 -29
right_child=2 4 11 6 14 19 20 13 -10 10 -12 27 17 -15 16 -17 -18 -19 -20 21 -22 -23 -24 -25 -26 26 -28 29 -30 -31
leaf_value=-0.055537710965132853 -0.048513966263650621 -0.018654834634791669 -0.049449121948586666 0.00039102235706043096 -0.031105723426846817 -0.048470109016674395 0.021520103329960856 -0.037005083164370386 -0.0036510773453513816 -0.010330466670845658 0.0025441126906988547 0.056500991150451846 0.011393861595250356 0.012177501669915757 0.010608026073705685 0.039990755454346855 0.052784765040122389 0.031466654865118439 0.011510932950590804 -0.018066164994599686 -0.034571115477790432 -0.0069819760446848348 -0.015609336800850266 -0.022239404763162423 0.044487847880316775 -0.053665082524114276 -0.0094679984970287862 0.054956149545565658 0.0087332069039316815 0.025581974022682266
leaf_weight=55.699168644845486 35.019508376717567 462.24903289973736 25.544586084783081 1045.7972671836615 69.825819194316864 42.569330379366875 583.26795895397663 27.890243232250214 1722.7972541898489 541.62430155277252 1780.8747612833977 10.116367638111116 448.02583633363247 405.64084450900555 723.75922152400017 20.963587321341038 45.673544362187386 238.42837928235531 817.75266993045807 531.65206950157881 12.949920877814291 760.08212760090828 172.06578525900841 319.53018099814653 3.0622933506965628 35.629671841859818 23.599766969680786 51.491516306996346 10.464676670730112 3.0534146204590789
leaf_count=577 151 2093 198 4321 331 243 2590 123 7260 2244 7374 101 2164 1671 3076 136 284 1359 3456 2518 55 3302 711 1553 14 317 144 469 73 27
internal_value=-2.96136e-06 -0.0060144 0.00545516 0.00330245 -0.000646988 -0.016571 0.00891398 -0.00420291 -0.00682514 -0.00215421 -0.000458336 0.0190477 0.0160551 0.00901345 0.0101775 -0.0146893 0.0131116 0.0183658 0.0052706 -0.0145609 0.0203018 -0.011544 -0.0211737 -0.0253232 -0.0393934 -0.0454971 -0.0360549 0.0475317 0.0322129 0.0533118
internal_weight=11027.1 5247.56 5779.54 4989.35 3478.8 1768.76 2459.77 2618.58 2185.05 2529.58 2322.5 790.187 715.061 433.531 860.222 90.7894 769.433 686.454 1863.55 1653.83 596.218 1291.73 207.085 362.1 28.6069 114.929 59.2294 75.126 20.581 54.5449
internal_count=48935 23628 25307 20902 14974 8654 10422 11147 9353 10480 9618 4405 3735 1794 3827 467 3360 3523 7777 7616 2645 5820 862 1796 212 1038 461 670 174 496
is_linear=0
shrinkage=0.05


Tree=36
num_leaves=31
num_cat=0
split_feature=24 4 4 36 13 13 24 4 24 13 7 24 4 11 32 24 4 13 13 4 6 13 42 31 24 7 4 21 40 41
split_gain=131.464 110.49 83.6512 68.1438 39.3457 36.8336 30.6972 30.6277 29.0094 27.7004 26.3564 46.5671 29.7299 23.7774 19.184 19.3955 18.9463 18.446 16.3899 12.8934 11.5469 10.3997 10.0956 9.8032 8.88325 7.95584 7.2554 3.36203 7.97319 0.517666
threshold=3.2320000000000007 1.7290000000000003 0.79050000000000009 0.46700000000000008 1.4035000000000002 1.7290000000000003 4.7635000000000014 0.91850000000000021 2.0585000000000004 0.50850000000000006 0.10400000000000001 1.2565000000000002 2.6125000000000003 2.5000000000000004 0.40300000000000008 2.3845000000000005 1.0680000000000003 1.8440000000000003 0.81950000000000001 1.0000000180025095e-35 0.6080000000000001 0.71100000000000008 0.20450000000000002 0.84550000000000003 3.9095000000000004 0.25450000000000006 0.66100000000000014 5.5000000000000009 0.71650000000000003 0.45100000000000007
decision_type=2 2 2 2 2 2 2 2 2 2 2 2 2 2 2 2 2 2 2 2 2 2 2 2 2 2 2 2 2 2
left_child=1 2 8 9 6 -5 7 13 22 -4 11 12 -3 -2 21 -16 20 -13 -9 -10 23 -12 -1 -6 25 -18 -22 -8 -29 -26
right_child=4 10 3 5 16 -7 27 18 19 -11 14 17 -14 -15 15 -17 24 -19 -20 -21 26 -23 -24 -25 29 -27 -28 28 -30 -31
leaf_value=0.031036993452615003 -0.028295113766011584 -0.038957321362916297 -0.034734296210201611 -0.0015018928708574052 0.0041693789033665557 0.0099336567150923767 0.054626650354236708 0.0024664361068322104 -0.066295864128324444 -0.0078365514201207253 -0.027428923143346901 0.021507382941055458 0.036953872082634578 0.0016460892485305344 0.004139385926749858 0.019930817019041598 0.039903783846200455 0.048196276075782557 0.016554175814723966 -0.014861100220450653 0.0037558144678531292 -0.0010119552344087449 -0.043146707816111476 -0.066421639540527475 0.043638560805421278 0.01523736713990914 0.031959396288930006 -0.014037932680929269 0.048775306368573468 0.058725461264228652
leaf_weight=4.73891308158636 80.779452368617058 45.908152014017105 98.878464318811893 2885.7704687342048 61.097017742693424 931.43864771723747 33.251483730971813 302.07495464384556 12.445908755064009 2994.8962468355894 43.950254023075104 224.93420948088169 17.937541224062443 370.13007330149412 531.97707925736904 306.46138933300972 96.04449450969696 90.906044863164425 652.25384242832661 579.25492241978645 30.920788392424583 244.59234437346458 142.32821828871965 5.3488060534000388 6.6275224462151519 49.557416588068008 86.857640713453293 7.1845351159572628 17.021105967462063 40.013552837073803
leaf_count=33 446 226 513 12225 290 3877 346 1315 64 13099 207 961 123 1583 2228 1323 504 518 3066 2480 151 1034 1043 25 58 252 425 46 121 353
internal_value=-2.94262e-06 -0.0024532 -0.00489075 -0.00318126 0.0121958 0.0012885 0.00848567 0.007021 -0.0208826 -0.00869622 0.00992292 0.0213163 -0.01763 -0.00371781 0.00608445 0.00991138 0.0266111 0.0291891 0.012095 -0.015943 0.0151528 -0.00503574 -0.0407563 -0.00151311 0.0375915 0.0315083 0.024555 0.0443073 0.0301316 0.0565817
internal_weight=10995.6 9156.42 7649.75 6910.98 1839.16 3817.21 1462.7 1405.24 738.768 3093.77 1506.67 379.686 63.8457 450.91 1126.98 838.438 376.467 315.84 954.329 591.701 184.224 288.543 147.067 66.4458 192.243 145.602 117.778 57.4571 24.2056 46.6411
internal_count=48935 39954 33334 29714 8981 16102 6923 6410 3620 13612 6620 1828 349 2029 4792 3551 2058 1479 4381 2544 891 1241 1076 315 1167 756 576 513 167 411
is_linear=0
shrinkage=0.05


Tree=37
num_leaves=31
num_cat=0
split_feature=24 4 13 13 24 13 4 4 4 5 6 7 24 8 4 13 4 3 24 24 1 5 26 13 59 13 24 13 39 21
split_gain=125.865 105.166 63.7356 56.0259 44.6422 38.4729 35.5167 34.6764 31.2592 30.0742 28.9729 24.2005 23.5501 22.1991 19.8921 18.9543 18.364 18.2457 16.3433 15.0763 14.0988 12.8747 11.0072 10.1633 8.67873 7.45517 3.80849 3.34609 2.03426 1.52207
threshold=2.5215000000000001 1.2455000000000003 1.4525000000000003 1.4190000000000003 3.7780000000000009 0.57400000000000007 1.2125000000000001 0.87250000000000016 2.0725000000000002 -1.9644999999999999 0.08900000000000001 0.29300000000000004 3.3335000000000004 0.36666666666666675 0.88700000000000012 0.75450000000000006 0.79050000000000009 0.33900000000000002 4.7635000000000014 3.4560000000000004 3.5000000000000004 1.3390000000000002 0.38100000000000006 2.2545000000000006 7.5000000000000009 2.5120000000000005 3.7545000000000006 1.1960000000000002 2.7520000000000002 12.500000000000002
decision_type=2 2 2 2 2 2 2 2 2 2 2 2 2 2 2 2 2 2 2 2 2 2 2 2 2 2 2 2 2 2
left_child=1 5 4 11 7 28 19 22 9 -5 27 17 23 -9 18 -13 -12 -3 -6 21 -16 -4 -2 -8 -21 -10 -14 -7 29 -1
right_child=2 3 6 8 14 10 12 13 25 -11 16 15 26 -15 20 -17 -18 -19 -20 24 -22 -23 -24 -25 -26 -27 -28 -29 -30 -31
leaf_value=-0.050325788220210638 -0.026571249733911659 -0.045344304670573946 0.0059348161900169656 -0.060351467546323347 -0.0038189074513654817 -0.053593588988187293 0.016929348134101987 -0.0050048613204728247 0.021148879446955985 0.0040766921481832225 -0.024540427591294309 -0.040569778685908858 0.036669762660838413 0.0048877014974335392 0.054103777623828911 -0.012554452762512582 -0.010065591361897285 -0.0023984499057340511 0.037825817429929624 0.008703162306342405 0.021214974996624208 -0.026293633449871453 -0.0073135999414784174 0.044473339458878137 0.035044868995409616 0.049152090084455348 0.056244757148121063 -0.03257031612025614 -0.0052606751721503454 -0.019407487807553463
leaf_weight=83.217692837119102 83.976496323943138 25.282959699630737 675.41856341063976 18.318795591592789 131.40035377442837 41.663049750030041 495.39828177541494 738.90947945415974 142.62620358169079 1609.9888777583838 263.41530156880617 70.537705972790718 57.767063967883587 2438.9203063547611 38.215288534760475 419.05107426643372 1303.0119665637612 1134.7590283304453 28.705828592181206 56.798147857189178 221.19323290884495 32.478556051850319 637.45178925991058 35.918610699474812 69.566340014338493 28.520014062523842 43.603479333221912 34.682317338883877 2.7615890651941291 4.1805135905742636
leaf_count=734 355 136 2776 99 708 424 2203 3074 629 6660 1327 377 325 10175 353 1829 5867 4934 249 317 1199 133 2655 186 350 234 398 182 25 22
internal_value=-2.33842e-06 -0.00566203 0.0050668 -0.000613117 0.00200829 -0.015711 0.0140712 0.000340872 0.00548837 0.00335186 -0.0139657 -0.00726875 0.023005 0.00258748 0.0175065 -0.0165908 -0.0124997 -0.00333445 0.00364768 0.007296 0.0260601 0.00445616 -0.00955525 0.0187914 0.0232048 0.0258154 0.0450897 -0.0440431 -0.0475118 -0.0488469
internal_weight=10967.7 5182.02 5785.72 3449.08 4318.77 1732.93 1466.95 3899.26 1799.45 1628.31 1642.77 1649.63 632.687 3177.83 419.515 489.589 1566.43 1160.04 160.106 834.262 259.409 707.897 721.428 531.317 126.364 171.146 101.371 76.3454 90.1598 87.3982
internal_count=48935 23479 25456 14898 18768 8581 6688 16259 7622 6759 7800 7276 3112 13249 2509 2206 7194 5070 957 3576 1552 2909 3010 2389 667 863 723 606 781 756
is_linear=0
shrinkage=0.05


Tree=38
num_leaves=31
num_cat=0
split_feature=24 4 13 24 4 12 13 4 8 6 13 4 24 7 4 3 14 7 13 24 4 6 1 5 18 17 17 3 12 40
split_gain=114.787 96.4717 65.8218 50.916 44.4997 36.1332 34.6198 31.6457 31.3783 30.1231 26.7909 26.3568 22.207 26.5819 20.2446 19.7063 18.8201 18.326 15.8472 13.8901 23.9313 13.8227 13.6264 12.9198 12.7082 11.6035 9.44536 8.17089 3.09953 3.0211
threshold=2.6935000000000007 1.5895000000000004 1.2790000000000001 3.9095000000000004 1.3170000000000004 2.5000000000000004 1.8545000000000003 0.84800000000000009 0.36666666666666675 0.21250000000000002 0.90250000000000019 0.78050000000000008 1.7835000000000003 0.12250000000000001 0.88700000000000012 0.71100000000000008 0.81350000000000011 0.28300000000000008 2.6835000000000004 4.7635000000000014 0.25650000000000006 0.60350000000000004 3.5000000000000004 0.98350000000000015 0.29999999999999999 0.21950000000000003 0.37700000000000006 1.4260000000000004 1.5000000000000002 0.71650000000000003
decision_type=2 2 2 2 2 2 2 2 2 2 2 2 2 2 2 2 2 2 2 2 2 2 2 2 2 2 2 2 2 2
left_child=1 2 5 4 8 28 15 21 25 -9 24 -10 18 -14 19 26 -7 -17 -8 20 -5 -4 -16 -12 -6 -2 -3 -24 -1 -21
right_child=3 6 7 14 10 16 12 9 11 -11 23 -13 13 -15 22 17 -18 -19 -20 29 -22 -23 27 -25 -26 -27 -28 -29 -30 -31
leaf_value=-0.054835689789992231 -0.0043399139546605762 -0.0060891982666520239 -0.025629474177023288 -0.042482120450630233 0.006898350284577995 -0.028650790763636521 -0.0035985072621856923 -0.0130549095289135 -0.0075004292125472206 0.0014415202434677661 0.017332995462344302 0.0049577594079162554 0.051459292014827962 0.016307640512129341 0.054033948563502514 0.0078756186691331023 -0.012236115918187102 -0.0063403153140673798 0.044164037849902096 0.014073834031123 0.012589506480526572 0.001925615054432986 -0.032209160238559284 -0.044549409990545102 -0.012734667843604788 -0.025834348216797299 -0.029893313519829302 0.027656391363240513 -0.036651475241446609 0.048784805345796489
leaf_weight=47.99544569849968 116.75660820305347 237.86596941947937 208.14902599900961 24.761033751070499 288.17728455364704 196.93476023525 130.69881385564804 445.41993177682161 527.38326930999756 1833.4071589559317 903.3965527266264 2177.1445465385914 77.177441649138927 177.41354285180569 55.388838350772858 899.67951829731464 1541.1802551969886 303.07193985581398 20.02798880636692 8.748416908085348 97.020555131137371 58.248798921704292 5.8891095817089072 8.5140082240104658 115.44083660840988 135.83638919889927 50.524609073996544 177.26073833554983 45.79238685965538 22.114972293376923
leaf_count=601 485 1046 963 200 1189 1065 571 1895 2184 7624 4054 9128 440 778 576 3740 7120 1273 148 71 491 254 30 42 473 561 243 1103 384 203
internal_value=-2.2576e-06 -0.00441871 -0.00849992 0.00593856 0.00435779 -0.0157272 0.00500094 -0.00329818 0.000954374 -0.00139195 0.0120082 0.00252841 0.0179585 0.0269636 0.0232043 0.00147887 -0.014096 0.00429346 0.00274799 0.00898515 0.00139216 -0.0196045 0.0323033 0.0167552 0.00128301 -0.0158989 -0.0102596 0.0257314 -0.0459572 0.0389458
internal_weight=10937.4 6273.59 4377.13 4663.83 4272.65 1831.9 1896.46 2545.22 2957.12 2278.83 1315.53 2704.53 405.318 254.591 391.184 1491.14 1738.12 1202.75 150.727 152.645 121.782 266.398 238.539 911.911 403.618 252.593 288.391 183.15 93.7878 30.8634
internal_count=48935 28145 19906 20790 18116 9170 8239 10736 12358 9519 5758 11312 1937 1218 2674 6302 8185 5013 719 965 691 1217 1709 4096 1662 1046 1289 1133 985 274
is_linear=0
shrinkage=0.05


Tree=39
num_leaves=31
num_cat=0
split_feature=32 14 16 7 3 10 14 11 11 3 5 17 3 14 5 14 6 32 18 3 3 5 20 15 44 9 30 8 3 27
split_gain=97.5107 67.9726 53.7656 42.1116 33.2221 32.328 27.2406 27.1117 24.9609 21.0431 20.6316 19.5333 19.2615 17.6796 15.8948 15.1878 13.3407 13.0722 12.207 11.4315 10.784 12.3107 9.42696 9.10246 8.74927 7.12847 4.27801 4.0519 3.42328 2.75401
threshold=0.41450000000000004 0.91850000000000021 0.62300000000000011 0.21550000000000002 0.70200000000000007 1.5000000000000002 1.8195000000000003 4.5000000000000009 6.5000000000000009 2.1130000000000009 -0.8909999999999999 0.064500000000000016 1.5895000000000004 0.40450000000000003 -2.6334999999999993 1.2545000000000002 0.6170000000000001 0.60650000000000015 0.74166666666666681 1.1960000000000002 0.33900000000000002 -2.6334999999999993 13.500000000000002 1.4900000000000002 0.47450000000000003 1.2830000000000001 1.3515000000000004 0.14999999999999999 0.49150000000000005 0.29950000000000004
decision_type=2 2 2 2 2 2 2 2 2 2 2 2 2 2 2 2 2 2 2 2 2 2 2 2 2 2 2 2 2 2
left_child=4 5 3 9 20 17 -5 14 28 -3 11 26 16 -9 -7 -14 -12 18 -2 -13 21 -1 25 -10 -19 -22 -6 -24 -4 -23
right_child=1 2 8 6 10 7 -8 13 23 -11 12 19 15 -15 -16 -17 -18 24 -20 -21 22 29 27 -25 -26 -27 -28 -29 -30 -31
leaf_value=0.055242510862565777 -0.010544797784628336 0.0070282081103625552 0.0090648791686941677 -0.0015638482256266004 0.0032823532677132014 0.053587661877493545 0.011868208438925285 -0.038031567133146808 0.015421234197914566 0.021999713306369455 -0.0083896050914793255 0.00080555158469043089 -0.0075704648646264935 -0.0079630972717723621 -0.048056401252584618 0.011563096864329537 -0.033076912161265924 -0.0019013028234455929 0.0096568963335323388 0.056600636250484539 -0.017562415791205981 -0.053477579259674141 0.052024640074060706 0.049359429000832164 0.03917430517480764 -0.04745893005244415 0.061287694210248114 -0.0048802974443810203 0.055991068391104494 -0.028088603572064538
leaf_weight=3.1271895095705977 127.80147251486778 2543.1542033031583 4.1747107207775107 2979.8862598240376 3.7709749341011074 4.087957836687564 432.20792693644762 51.713605888187885 295.49801849573851 258.56583900749683 1872.2452878430486 160.37211155891418 192.55067318677902 894.25770123302937 65.033534452319145 224.80271036922932 56.37097692489624 18.681809350848198 180.23533800989389 9.7375507056713086 300.30839675664902 40.317835837602615 6.5043300539255124 21.172609053552151 42.358850568532944 21.356573224067688 20.237493805587292 6.0267816632986069 56.282543703913689 14.530567258596419
leaf_count=25 536 11126 19 12758 21 35 2063 267 1280 1504 8308 687 816 3870 497 1103 298 78 787 43 1471 281 29 99 184 138 109 25 372 106
internal_value=-2.01076e-06 0.0028646 0.00497999 0.00386745 -0.00779858 -0.00720814 0.000137582 -0.0118157 0.0233109 0.0084099 -0.00570737 0.00995799 -0.00700361 -0.00960686 -0.042045 0.00273561 -0.00911118 0.00546425 0.00127541 0.00399942 -0.0213432 -0.0412499 -0.0178899 0.0176903 0.0266029 -0.0195474 0.0521769 0.0246565 0.0527507 -0.0467515
internal_weight=10907.4 7975.11 6590.94 6213.81 2932.26 1384.17 3412.09 1015.09 377.128 2801.72 2540.09 194.118 2345.97 945.971 69.1215 417.353 1928.62 369.077 308.037 170.11 392.172 57.9756 334.196 316.671 61.0407 321.665 24.0085 12.5311 60.4573 54.8484
internal_count=48935 35475 29221 27451 13460 6254 14821 4669 1770 12630 11385 860 10525 4137 532 1919 8606 1585 1323 730 2075 412 1663 1379 262 1609 130 54 391 387
is_linear=0
shrinkage=0.05


Tree=40
num_leaves=31
num_cat=0
split_feature=24 13 13 13 24 13 13 3 5 24 17 3 7 13 5 24 5 44 13 19 21 59 42 5 5 24 11 24 11 24
split_gain=99.0681 71.197 56.2269 37.3466 37.2544 35.6962 34.0477 28.9124 50.3961 28.0984 26.6823 23.4277 21.116 20.8763 19.318 15.2565 12.3723 12.0642 11.427 13.5905 7.20089 7.14772 8.45415 6.82182 6.69649 7.40003 5.92851 2.12402 1.63027 1.51937
threshold=2.5215000000000001 1.2245000000000001 1.4525000000000003 0.50850000000000006 4.3335000000000008 0.68600000000000005 2.0165000000000002 0.67300000000000015 -0.92149999999999987 3.4560000000000004 0.26500000000000007 0.33900000000000002 0.43100000000000005 1.0000000180025095e-35 0.30200000000000005 1.0000000180025095e-35 1.4035000000000002 0.5415000000000002 2.6835000000000004 1.8165000000000002 5.5000000000000009 6.5000000000000009 0.28200000000000008 0.24550000000000002 0.11300000000000002 4.0015000000000009 3.5000000000000004 2.1545000000000001 4.5000000000000009 4.5105000000000013
decision_type=2 2 2 2 2 2 2 2 2 2 2 2 2 2 2 2 2 2 2 2 2 2 2 2 2 2 2 2 2 2
left_child=1 3 4 21 5 13 7 15 -9 14 -7 28 -13 -2 17 -3 -16 -4 19 -8 29 27 -23 -20 -11 -26 -22 -1 -5 -6
right_child=2 6 9 11 20 10 18 8 -10 24 -12 12 -14 -15 16 -17 -18 -19 23 -21 26 22 -24 -25 25 -27 -28 -29 -30 -31
leaf_value=-0.051649486906779563 -0.049347366858688881 -0.060026831923860241 0.020602349653509572 -0.056739119499892555 0.028271764754251201 0.0062442412332592949 0.037254772901166237 0.018623279063476668 -0.0033676178586941985 0.052403949285871325 -0.0025990269036848986 -0.0083595188327964514 -0.028664835999953748 -0.0080974392322307829 0.0065057971617679417 -0.013054825126902451 -0.029101787426123866 -0.0070928941597266128 0.038477817067038636 0.0061045813485431991 0.0084752100611246335 -0.032826088658266826 0.023954039496418486 -0.038777536081211358 0.021498654218964797 0.047902785450238253 0.04105954854421235 -0.03537629873162746 -0.036508476135159403 0.052527927159203916
leaf_weight=62.381600946187973 32.399844475090504 18.092922195792198 437.21913322806358 24.102761693298817 8.0240470319986326 2194.6212205663323 38.671920135617256 295.55594439804554 2198.1330764293671 29.588529624044895 1395.2720282226801 1462.4347407147288 140.32117358595133 575.28030586242676 747.6810011267662 388.03105340152979 25.218082681298256 43.207060344517231 48.850710421800613 370.28879060596228 37.543299809098244 31.742902837693691 8.2619626969099027 3.0350081622600547 136.65815763175488 32.929828800261021 22.222086302936077 29.550497032701969 16.969045110046864 33.03465411067009
leaf_count=667 239 105 1977 236 63 9369 163 1279 9259 270 5863 6791 846 2455 3137 1732 103 197 329 1568 247 175 47 13 708 296 153 170 99 379
internal_value=-2.05254e-06 -0.00504883 0.00450548 -0.0131471 0.00163153 0.000910109 -0.000769742 -0.00277604 -0.000761222 0.0130104 0.00280716 -0.0110928 -0.0101372 -0.0102968 0.0102381 -0.0151474 0.005344 0.0181116 0.0118546 0.00905019 0.0316662 -0.0387416 -0.0210996 0.0339588 0.0304552 0.0266257 0.0205908 -0.0464187 -0.0483807 0.0477876
internal_weight=10887.3 5136.42 5750.9 1775.76 4298.4 4197.57 3360.66 2899.81 2493.69 1452.5 3589.89 1643.83 1602.76 607.68 1253.33 406.124 772.899 480.426 460.846 408.961 100.824 131.937 40.0049 51.8857 199.177 169.588 59.7654 91.9321 41.0718 41.0587
internal_count=48935 23479 25456 9031 18768 17926 14448 12375 10538 6688 15232 7972 7637 2694 5414 1837 3240 2174 2073 1731 842 1059 222 342 1274 1004 400 837 335 442
is_linear=0
shrinkage=0.05


Tree=41
num_leaves=31
num_cat=0
split_feature=24 13 24 24 13 13 9 24 17 13 24 5 17 3 9 24 13 19 21 14 13 15 29 30 30 35 40 1 32 26
split_gain=92.7683 75.7682 48.2625 36.7864 41.6026 35.9953 35.383 33.3621 38.666 25.9124 23.0014 20.1865 14.6078 14.1014 13.3978 12.7966 11.132 10.721 8.67958 8.61375 8.55848 8.24716 7.03538 5.71057 8.50811 4.8348 1.48607 1.45494 1.13698 1.00659
threshold=2.9690000000000007 1.1345000000000003 1.7145000000000004 4.3335000000000008 0.54000000000000015 2.0165000000000002 1.5475000000000001 1.9665000000000001 0.039000000000000007 0.50850000000000006 3.4560000000000004 -0.57799999999999985 0.68350000000000011 1.1695000000000002 2.2545000000000006 3.7145000000000006 2.5120000000000005 1.8165000000000002 5.5000000000000009 0.47350000000000003 1.0000000180025095e-35 -0.081499999999999989 2.9070000000000005 1.5990000000000004 1.5790000000000004 0.79600000000000015 0.79000000000000015 10.500000000000002 0.44050000000000006 0.48700000000000004
decision_type=2 2 2 2 2 2 2 2 2 2 2 2 2 2 2 2 2 2 2 2 2 2 2 2 2 2 2 2 2 2
left_child=1 2 19 4 13 7 15 11 -9 20 -8 -3 -11 25 -15 -6 17 -7 26 27 -4 -21 -18 24 -20 -2 28 -1 -5 -25
right_child=3 5 9 18 6 16 10 8 -10 12 -12 -13 -14 14 -16 -17 22 -19 23 21 -22 -23 -24 29 -26 -27 -28 -29 -30 -31
leaf_value=-0.0559026312988605 -0.077572039323018149 -0.0029195450415882007 -0.057739656513431839 0.037644772039142731 0.015262850008821114 0.028625454878888484 0.0003059607346708917 0.024005122494465823 0.00032349486380654129 -0.006199056022602404 0.011387911926525475 -0.016478817659976778 -0.045826895708762735 -0.0028650190939249142 -0.033079579251653196 0.040214117108991324 0.019012804773574088 0.0064821886177765277 0.020645565875377567 -0.045285586601888132 -0.023229079478579228 -0.019917284937755259 0.04891564108758778 0.021275167704308443 -0.048921632371611089 -0.025668195933929841 0.0063334990490304197 -0.023139349516386534 0.054439419080897403 0.055589337960753007
leaf_weight=41.238458056002855 11.398577034473421 696.60203313827515 20.832415848970413 13.382009193301199 691.16111711412668 62.780180662870407 1275.044149197638 181.96385095268488 3267.0463531315327 2239.8740840777755 739.97036436200142 452.98706408590078 23.49943358451128 126.74903103709221 51.636553801596165 55.514018215239048 63.00035385787487 422.75827976316214 45.605248123407364 47.495602868497372 130.53009694069624 98.438690185546875 28.599139265716076 2.6013298183679572 4.8637812435626975 7.3989248126745215 1.9933173507452 3.6918663382530204 40.809721760451794 11.978369355201719
leaf_count=442 50 2978 233 146 3067 270 5331 828 13563 9922 3568 2118 233 532 320 373 363 1795 306 343 705 594 161 20 31 32 21 23 475 92
internal_value=-2.08316e-06 -0.00290933 -0.00986307 0.00734255 0.00623649 0.000591366 0.00782071 -0.000885816 0.0015729 -0.00794992 0.00437557 -0.00826248 -0.00661049 -0.0159516 -0.0116111 0.0171179 0.0123615 0.00934532 0.0343375 -0.0340674 -0.0279789 -0.0281736 0.0283491 0.0219038 0.0139413 -0.0571421 0.0487326 -0.0532105 0.0502922 0.049467
internal_weight=10861.4 7781.34 2605.6 3080.11 2958.87 5175.74 2761.69 4598.6 3449.01 2414.74 2015.01 1149.59 2263.37 197.183 178.386 746.675 577.138 485.538 121.234 190.865 151.363 145.934 91.5995 65.0487 50.469 18.7975 56.185 44.9303 54.1917 14.5797
internal_count=48935 34571 12495 14364 13273 22076 12339 19487 14391 11093 8899 5096 10155 934 852 3440 2589 2065 1091 1402 938 937 524 449 337 82 642 465 621 112
is_linear=0
shrinkage=0.05


Tree=42
num_leaves=31
num_cat=0
split_feature=24 4 3 13 3 24 13 24 4 4 13 13 14 8 4 19 11 24 19 4 39 21 21 13 27 31 26 21 44 2
split_gain=84.8669 87.5174 56.0522 41.4793 37.4953 33.6341 33.3833 29.8584 30.5825 25.4738 24.7973 21.4337 21.0966 20.5293 19.5498 16.4897 13.0643 9.92651 8.36168 6.97159 5.71909 8.73887 3.63971 6.66384 5.43934 3.00261 2.79 0.870667 0.499509 0.00297968
threshold=3.1680000000000006 1.4790000000000003 0.55800000000000016 0.7380000000000001 0.89600000000000013 2.5215000000000001 1.9650000000000001 4.7635000000000014 1.0000000180025095e-35 1.1960000000000002 0.91100000000000014 1.2745000000000002 0.95350000000000013 0.78888888888888908 2.2040000000000006 1.2125000000000001 3.5000000000000004 0.97050000000000003 0.91100000000000014 0.96650000000000003 2.6480000000000001 3.5000000000000004 5.5000000000000009 0.55800000000000016 0.20700000000000002 0.81100000000000017 0.65900000000000014 -8.4999999999999982 0.44450000000000006 1.5000000000000002
decision_type=2 2 2 2 2 2 2 2 2 2 2 2 2 2 2 2 2 2 2 2 2 2 2 2 2 2 2 2 2 2
left_child=1 2 17 15 10 -5 12 8 20 13 18 -11 -6 -10 -12 -4 -8 27 -3 -19 25 -22 28 24 -24 -2 -25 -1 -9 -30
right_child=7 4 3 5 6 -7 16 22 9 11 14 -13 -14 -15 -16 -17 -18 19 -20 -21 21 -23 23 26 -26 -27 -28 -29 29 -31
leaf_value=-0.077350292575188995 -0.06613773149620622 -0.010281986958104609 -0.016303681271566638 -0.0075767836649597497 -0.0043358405012593236 0.00061825373502395558 0.058914849552604225 0.028115707917507799 -0.00014462588507054388 0.010844277533031656 -0.0018331401254979179 0.030128850547869176 0.009182253307263414 0.013195806370396003 0.022868736832200719 -0.054706109249493345 0.021962322248158223 -0.047007231080956231 -0.032876148791774217 -0.021282121479314148 -0.057406936859080375 0.055179682546041178 0.030410849696781414 0.055114017613782533 -0.059908970286844866 -0.013205812054363936 0.0063897302103147384 -0.053114916371155278 0.054328402732884098 0.055268260917979352
leaf_weight=4.1858981102704993 17.124594099819667 90.183710597455502 472.97150114178658 2521.1175345033407 366.00105173885822 2487.2647756487131 26.836889065802097 1.8603283911943425 802.46643163263798 479.51279877871275 876.35424697399139 205.97680968046188 1365.0724092870951 450.16260172426701 88.155300818383694 29.709286652505398 219.9627024307847 33.694171324372292 75.005943119525909 120.60581208765507 3.7207733094692221 3.2108947485685349 3.3843960464000729 13.720277771353723 3.2848496288061142 3.1760994717478743 3.738579995930194 32.317011475563049 21.50653176009655 13.872823059558867
leaf_count=20 135 445 2401 11324 1534 10240 206 23 3578 2183 3714 1234 5712 2106 449 182 1062 241 395 632 40 15 25 111 22 27 28 390 297 164
internal_value=-2.12336e-06 -0.00212451 -0.00580364 -0.00488121 0.00462607 -0.00350696 0.00877685 0.00922314 0.00815074 0.00889007 -0.0026411 0.0166389 0.00632412 0.00464958 0.000424589 -0.0185733 0.0259805 -0.0324466 -0.0205411 -0.0268997 -0.0444672 -0.00525444 0.0435676 0.0284398 -0.014075 -0.0578564 0.0446804 -0.0558941 0.0533691 0.0546969
internal_weight=10836.2 8809.44 5701.87 5511.06 3107.57 5008.38 1977.87 2026.72 1965.35 1938.12 1129.7 685.49 1731.07 1252.63 964.51 502.681 246.8 190.803 165.19 154.3 27.2324 6.93167 61.3678 24.1281 6.66925 20.3007 17.4589 36.5029 37.2397 35.3794
internal_count=48935 38947 25430 24147 13517 21564 8514 9988 9318 9101 5003 3417 7246 5684 4163 2583 1268 1283 840 873 217 55 670 186 47 162 139 410 484 461
is_linear=0
shrinkage=0.05


Tree=43
num_leaves=31
num_cat=0
split_feature=34 4 24 13 4 7 13 24 24 4 4 24 9 13 24 11 15 20 11 44 15 7 9 39 4 17 19 39 33 4
split_gain=81.0426 63.2323 70.7531 43.6766 29.8257 28.981 35.8302 27.5587 24.5875 22.7458 20.0584 16.2901 26.8436 17.8534 15.241 14.1849 13.3434 13.291 10.9667 10.6387 10.3763 9.49962 9.49063 9.30613 8.98308 8.72712 7.86336 7.58817 4.20214 1.64341
threshold=0.44750000000000006 1.7925000000000002 2.3485000000000005 0.81950000000000001 1.1130000000000002 0.38000000000000006 2.2890000000000001 3.4190000000000005 3.8335000000000004 0.85950000000000004 1.175 1.4495000000000002 0.25650000000000006 0.69400000000000006 2.8335000000000004 22.500000000000004 2.6335000000000002 -8.4999999999999982 3.5000000000000004 0.46650000000000008 0.71700000000000008 0.43400000000000005 1.8040000000000003 2.7025000000000006 1.0000000180025095e-35 0.070000000000000021 2.1370000000000005 2.7140000000000004 0.32000000000000006 1.2710000000000001
decision_type=2 2 2 2 2 2 2 2 2 2 2 2 2 2 2 2 2 2 2 2 2 2 2 2 2 2 2 2 2 2
left_child=5 2 3 21 -5 6 7 10 9 -4 -1 16 13 -13 -14 23 18 -9 -3 20 -17 -2 -21 25 -10 -7 29 -25 -28 -8
right_child=1 11 8 4 -6 15 26 17 24 -11 -12 12 14 -15 -16 19 -18 -19 -20 22 -22 -23 -24 27 -26 -27 28 -29 -30 -31
leaf_value=-0.001375912651475232 -0.026169997942087908 -0.060239914514467731 -0.0090499243428431957 -0.018328708537768558 -0.0053287423264761534 0.01498206411443298 0.045156107893341971 0.010441546313659476 -0.014382828637895619 0.00049012932241970699 0.0087716353592796111 -0.061571571163529015 0.006105766843708089 0.048014855777658884 0.02558054164585178 -0.053903481664361666 0.056996620222327501 0.027996496712786256 -0.008489039212612454 0.022555095011567005 0.031343745546240601 -0.052847708029496204 -0.044821868308912445 -0.0985714009694766 0.01857698822425019 -0.015632432183468405 -0.0056659331291929755 -0.028120592206184881 0.033339761064493774 0.068723741553272558
leaf_weight=747.43779734522104 223.27950779348612 12.035077951848505 767.41076647490263 592.0641253888607 1731.6580560803413 27.019379325211048 12.323708914220335 218.9593420214951 22.910074681043625 3362.1040084809065 1397.5129640549421 3.9391883611679068 604.92445170134306 65.776158332824707 120.4707689806819 11.347595423460008 6.7437304258346549 212.42024576291442 68.526662021875381 67.198378846049309 5.2078674733638755 39.232867617160082 5.6673041731119147 5.3600282967090633 211.67536418139935 168.13940926268697 7.8202418088912955 13.321219176053999 58.98930174857378 18.502870708703995
leaf_count=3186 1390 74 3261 3140 7480 141 60 1183 236 14173 5976 20 2585 388 657 47 68 1154 313 281 22 371 24 23 1318 823 45 73 320 103
internal_value=-1.96586e-06 -0.00267105 -0.00427178 -0.010825 -0.00864102 0.00702011 0.00868142 0.00755468 -0.000388251 -0.00128275 0.00523558 0.00993701 0.0121881 0.0418228 0.00934006 -0.00762828 -0.0105646 0.019086 -0.0162201 0.00909411 -0.0270872 -0.030157 0.0173147 -0.0146211 0.0153581 -0.0113939 0.0384126 -0.0483344 0.028774 0.059302
internal_weight=10810 7832.75 6950.33 2586.23 2323.72 2977.23 2673.97 2576.33 4364.1 4129.51 2144.95 882.416 795.111 69.7153 725.395 303.261 87.3055 431.38 80.5617 89.4211 16.5555 262.512 72.8657 213.84 234.585 195.159 97.6361 18.6812 66.8095 30.8266
internal_count=48935 35474 31369 12381 10620 13461 12027 11499 18988 17434 9162 4105 3650 408 3242 1434 455 2337 387 374 69 1761 305 1060 1554 964 528 96 365 163
is_linear=0
shrinkage=0.05


Tree=44
num_leaves=31
num_cat=0
split_feature=32 24 13 7 24 13 18 13 13 13 24 24 9 59 20 7 24 13 13 17 20 17 24 36 7 7 18 39 1 25
split_gain=73.3232 50.1772 45.8774 32.8804 26.6328 23.9351 22.7308 21.5831 21.5515 21.3757 18.4567 17.5697 17.5004 16.0401 14.7274 13.9633 12.6112 17.2761 11.1596 9.47646 8.18581 9.41854 7.66212 7.2457 7.08902 6.25992 4.99706 3.88077 3.61879 3.07864
threshold=0.5525000000000001 2.7655000000000007 0.60350000000000004 0.25450000000000006 3.4190000000000005 0.70200000000000007 0.74166666666666681 1.9355000000000002 1.4565000000000003 2.2890000000000001 1.2565000000000002 4.5105000000000013 1.6130000000000002 9.5000000000000018 -8.4999999999999982 0.39650000000000007 4.7635000000000014 0.34150000000000008 2.0755000000000003 0.37700000000000006 -6.4999999999999991 0.060500000000000005 3.9970000000000003 0.50300000000000011 0.39000000000000007 0.23650000000000002 0.36666666666666675 2.5555000000000003 3.5000000000000004 510.50000000000006
decision_type=2 2 2 2 2 2 2 2 2 2 2 2 2 2 2 2 2 2 2 2 2 2 2 2 2 2 2 2 2 2
left_child=1 2 13 7 5 20 -5 -4 11 10 -7 12 -3 26 16 -11 17 -6 19 -10 21 -2 24 -15 -16 -22 -1 -24 -13 -20
right_child=4 8 3 6 14 9 -8 -9 18 15 -12 28 -14 23 22 -17 -18 -19 29 -21 25 -23 27 -25 -26 -27 -28 -29 -30 -31
leaf_value=-0.035161651081846164 -0.05366528581183716 0.005791360976542835 -0.0023661924959863549 -0.01080428364415542 -0.061897625387167879 -0.032918943913884932 0.0049617786684165071 0.011648628310380906 0.01309032086252155 0.035621057986451314 0.0050712483548411482 0.05444544608846813 -0.0032267792019199932 -0.015487734815021177 0.024360752814710042 -0.014085456914683964 0.050516657834021664 0.0083123294419694804 0.023853556924083003 -0.011143727245519571 -0.017454027653534161 0.0036731314647422582 0.020292057282590162 0.050171773722524717 -0.013573786498084543 -0.058294006501037915 -0.061214893421338325 0.052234408771620368 0.022957526266576041 0.049379328438158267
leaf_weight=99.8567677102983 8.8935058489441854 896.14016514271498 2343.8953591994941 1962.5605265200138 9.1536398530006391 32.425221562385559 258.75907721370459 311.18474768847227 348.72960820421576 87.907010056078434 2280.0475428104401 13.457631319761274 1345.9753085821867 87.681051924824715 177.66148938983679 16.834331691265106 16.624131143093109 204.62198377400637 24.882097329944372 45.61662270501256 17.800639465451241 36.785154357552528 12.885057311505077 4.4131794571876517 13.232944719493387 19.841720204800367 22.563545797020197 36.288685940206051 28.339617326855659 22.488685216754675
leaf_count=803 57 3753 10296 8933 62 185 1132 1474 1633 451 9693 184 5853 449 884 76 183 1002 147 250 99 164 110 21 64 120 189 311 226 131
internal_value=-1.87393e-06 -0.00254328 -0.00547452 -0.004479 0.00668442 0.00463101 -0.00896771 -0.000723606 0.00293168 0.00553923 0.00453855 0.000976403 0.000377637 -0.0281049 0.0175983 0.0276321 0.00856812 0.00530602 0.0130415 0.010287 -0.0217172 -0.0074905 0.0262647 -0.0123413 0.0217311 -0.0389812 -0.0399636 0.0438645 0.0330958 0.0359716
internal_weight=10787.5 7816.54 5090.91 4876.4 2971 2500.54 2221.32 2655.08 2725.63 2417.21 2312.47 2283.91 2242.12 214.515 470.468 104.741 230.4 213.776 441.717 394.346 83.321 45.6787 240.068 92.0942 190.894 37.6424 122.42 49.1737 41.7972 47.3708
internal_count=48935 35474 23297 21835 13461 10845 10065 11770 12177 10405 9878 10016 9606 1462 2616 527 1247 1064 2161 1883 440 221 1369 470 948 219 992 421 410 278
is_linear=0
shrinkage=0.05


Tree=45
num_leaves=31
num_cat=0
split_feature=4 24 13 24 16 4 4 3 11 14 18 24 13 16 7 13 15 18 7 21 7 32 14 22 7 21 3 30 3 43
split_gain=71.5271 82.335 49.7709 35.4524 37.8473 37.4278 29.8161 29.5608 30.7052 25.9053 24.2021 18.9003 17.1139 14.6623 13.3294 13.1071 24.8723 12.6921 11.6126 10.1395 9.06937 8.99121 8.50747 8.43246 6.87426 4.89503 3.23338 2.94522 2.22972 0.475255
threshold=1.7290000000000003 2.3485000000000005 0.81950000000000001 4.2580000000000009 0.52750000000000019 0.34500000000000003 1.1130000000000002 0.89100000000000013 6.5000000000000009 1.3470000000000002 0.76388888888888895 1.6255000000000002 0.57400000000000007 0.078500000000000014 0.24550000000000002 2.4310000000000005 1.7640000000000002 0.56944444444444453 0.24050000000000002 5.5000000000000009 0.43400000000000005 0.59950000000000003 1.1835000000000002 0.19999999999999998 0.18350000000000002 -5.4999999999999991 1.4260000000000004 1.3935000000000002 1.5690000000000002 0.72850000000000004
decision_type=2 2 2 2 2 2 2 2 2 2 2 2 2 2 2 2 2 2 2 2 2 2 2 2 2 2 2 2 2 2
left_child=1 2 20 4 5 -3 11 13 12 -6 -8 -4 23 27 -14 16 -15 18 -10 28 21 -1 -19 -9 -21 -17 -22 -2 -5 -29
right_child=7 3 6 19 9 -7 10 8 17 -11 -12 -13 14 15 -16 25 -18 22 -20 24 26 -23 -24 -25 -26 -27 -28 29 -30 -31
leaf_value=-0.02661877367648743 -0.010517203555371866 -0.035706747958223428 -0.034484590180120255 0.0020512577216980528 0.0082781251832888762 0.00011972360600429029 -0.006107624406370033 -0.0559864663650292 0.011618323617437618 0.037248308154959893 0.0075018645313334274 -0.011821180887039772 0.049382507977946598 0.0024730437097272087 0.020734084487991047 0.018764840313793361 -0.056510553692672327 0.012972641513511771 -0.0046024116665665527 0.0048105626580842095 -0.054412035022894538 0.048380682998615823 0.030588857805695171 0.011417570648533755 0.035810702240281836 0.061234597198099039 0.0084983192943694549 -0.049917964541363623 0.049770462560932531 -0.072609837107715069
leaf_weight=219.74809529259801 3.3996467366814604 73.928937844932079 108.52343929931521 2.5954630449414244 644.83851712942123 5236.9832515865564 1641.4269042611122 6.4832589775323894 294.80625497549772 87.655445925891399 407.83499102294445 603.97470860928297 105.51931239292026 532.4521818831563 65.996978841722012 17.517229855060577 18.493609517812729 220.26773885637522 176.33712521195412 44.936531782150269 38.081381905823946 4.0701692327857009 99.492016576230526 16.320801503956318 29.703858911991119 11.073960244655611 2.1582096815109244 3.6167105734348279 43.073183987289667 6.3738468438386917
leaf_count=1421 21 435 759 20 2725 22476 7103 31 1269 418 1704 3015 725 2298 393 92 106 966 755 307 393 35 475 78 217 104 18 20 524 32
internal_value=-1.70777e-06 -0.00169048 -0.00844533 0.00162553 0.00109049 -0.000378988 -0.00646246 0.00983199 0.0151407 0.0117449 -0.00339912 -0.0152731 0.0329485 0.00101094 0.038359 0.00220609 0.00049314 0.0107654 0.00554731 0.0285015 -0.029184 -0.0252549 0.0184539 -0.00774559 0.0171474 0.0352143 -0.0510379 -0.050716 0.0470585 -0.0643951
internal_weight=10767.7 9189.53 3025.82 6163.72 6043.41 5310.91 2761.76 1578.15 985.223 732.494 2049.26 712.498 194.32 592.927 171.516 579.537 550.946 790.903 471.143 120.309 264.058 223.818 319.76 22.8041 74.6404 28.5912 40.2396 13.3902 45.6686 9.99056
internal_count=48935 41570 14448 27122 26054 22911 12581 7365 4692 3143 8807 3774 1227 2673 1118 2600 2404 3465 2024 1068 1867 1456 1441 109 524 196 411 73 544 52
is_linear=0
shrinkage=0.05


Tree=46
num_leaves=31
num_cat=0
split_feature=4 24 4 4 7 8 28 3 17 22 7 3 24 24 3 24 3 15 8 4 16 16 17 2 43 31 40 41 23 28
split_gain=65.7083 76.1087 39.9755 35.5895 38.2931 26.2949 24.993 24.5509 23.3769 25.9868 22.6267 20.4181 19.3055 14.2701 12.7744 11.7401 11.2744 22.753 12.7362 10.6369 9.55399 9.35291 9.2796 8.34724 8.891 7.75081 7.73963 5.89217 2.31709 0.603948
threshold=1.8135000000000001 2.3485000000000005 0.7400000000000001 0.95750000000000013 0.19100000000000003 0.54444444444444462 0.37900000000000006 0.96650000000000003 0.33900000000000002 0.63333333333333353 0.060500000000000005 1.9300000000000004 1.7970000000000004 4.7635000000000014 0.62750000000000006 3.6665000000000005 0.26150000000000007 2.6335000000000002 0.21111111111111114 1.9425000000000001 0.057500000000000002 0.82500000000000007 0.27900000000000008 2.5000000000000004 0.79550000000000021 0.59000000000000008 0.74700000000000011 0.42300000000000004 1.3205000000000007 0.66850000000000021
decision_type=2 2 2 2 2 2 2 2 2 2 2 2 2 2 2 2 2 2 2 2 2 2 2 2 2 2 2 2 2 2
left_child=1 2 23 8 11 -6 14 16 13 -10 19 -5 -8 -3 -4 25 17 21 20 26 -18 -2 -20 29 -25 -12 -9 -21 -17 -1
right_child=7 3 6 4 5 -7 12 10 9 -11 15 -13 -14 -15 -16 28 18 -19 22 27 -22 -23 -24 24 -26 -27 -28 -29 -30 -31
leaf_value=-0.055448651171644048 -0.011150628066344237 -0.0023017519592866214 -0.033796674823623953 0.0075992193974856945 -0.0026540394505238651 0.0072029177036680636 -0.011046209331078798 -0.028585672286402842 -0.022983327318824458 0.022075366165767989 0.056883249589716328 0.021821592904069046 -0.001043199099032673 0.036372541802717914 -0.012241585727139714 0.055270897348095628 -0.062472521045020407 0.055751191197630751 0.0025997091720806171 -0.020371358489910032 0.012619848161827513 -0.065166625522504157 -0.021689484504478818 -0.028103712679388122 0.042345644788696568 0.010334328091402891 0.034430464903688139 0.043223896178051002 0.0039169819402287568 -0.020447089745011304
leaf_weight=30.800466265529394 14.695130646228789 1449.6626707464457 77.443506475538015 1286.5779537782073 1932.6119924336672 1041.0541277751327 670.83050918951631 10.2291356921196 251.19207155704498 36.670371316373348 9.1168189942836744 313.9299955368042 1716.7247915118933 24.250833913683891 611.30776293575764 18.716855086386207 4.296512357890605 7.5589955747127524 122.14064990729094 3.7603900879621497 299.64903042465448 17.62612609565258 57.993380509316921 135.23819101601839 4.6319338902831069 468.19488598406315 9.3048207089304906 115.90193112194538 2.4885757714509955 1.2838071435689915
leaf_count=448 76 6317 481 5476 8243 4571 3213 46 1092 166 38 1778 7470 260 3000 172 26 87 519 27 1303 105 251 791 28 2078 42 796 19 16
internal_value=-1.65844e-06 -0.00136286 -0.00758571 0.00182742 0.00415306 0.000796794 -0.00627432 0.0112287 -0.00421076 -0.0172434 0.0178174 0.0103889 -0.00385374 -0.00166543 -0.0146652 0.0128407 0.00320964 -0.0223437 0.00531482 0.035641 0.0115584 -0.0406078 -0.00522009 -0.0310469 -0.0257707 0.0112234 0.00143149 0.0412254 0.0492442 -0.0540481
internal_weight=10745.9 9584.21 3248.26 6335.95 4574.17 2973.67 3076.31 1161.67 1761.78 287.862 637.713 1600.51 2387.56 1473.91 688.751 498.517 523.96 39.8803 484.08 139.196 303.946 32.3213 180.134 171.954 139.87 477.312 19.534 119.662 21.2054 32.0843
internal_count=48935 43350 15447 27903 20068 12814 14164 5585 7835 1258 3218 7254 10683 6577 3481 2307 2367 268 2099 911 1329 181 770 1283 819 2116 88 823 191 464
is_linear=0
shrinkage=0.05


Tree=47
num_leaves=30
num_cat=0
split_feature=14 13 32 4 7 17 4 11 4 7 17 4 14 15 4 13 14 6 7 4 42 15 17 27 4 17 2 3 42
split_gain=65.4314 69.6274 49.7904 36.3093 43.9133 29.7958 24.8775 20.5683 20.5103 15.9134 17.3684 15.2746 14.2497 13.3888 12.01 10.3847 10.2393 8.37691 7.59686 7.06583 2.67492 2.7083 7.61202 2.45424 2.29599 4.03661 0.435858 0.290304 0.000298723
threshold=0.60350000000000004 1.9650000000000001 0.39950000000000008 0.95750000000000013 0.081500000000000017 0.03500000000000001 2.5145000000000004 5.5000000000000009 0.34500000000000003 0.28300000000000008 0.068000000000000019 0.87250000000000016 0.40450000000000003 -1.0974999999999999 0.83050000000000013 2.2745000000000002 0.98350000000000015 0.63250000000000017 0.39650000000000007 1.4915000000000003 0.25300000000000006 2.6335000000000002 0.081500000000000017 0.28950000000000004 1.2455000000000003 0.32700000000000007 1.5000000000000002 1.9835000000000003 0.26400000000000007
decision_type=2 2 2 2 2 2 2 2 2 2 2 2 2 2 2 2 2 2 2 2 2 2 2 2 2 2 2 2 2
left_child=6 2 9 8 -5 16 7 24 -4 13 -11 23 -13 -2 17 -16 18 -7 -3 -18 26 22 -22 -9 27 -26 -8 -1 -23
right_child=1 5 3 4 -6 14 20 11 -10 10 -12 12 -14 -15 15 -17 19 -19 -20 -21 21 28 -24 -25 25 -27 -28 -29 -30
leaf_value=-0.05494957413840651 -0.019353077584960725 0.019911710637709371 -0.027456983499265616 0.017442440590453339 0.002048129356617035 -0.023726488338321347 0.054897731276517682 -0.048859969912093196 -0.0037017280913680972 0.017171721462823485 -0.014103655330041522 -0.02895646480981999 -0.004937614800286351 -0.0022133892597409402 0.0084658655264474806 0.023705150236730962 0.025884179982106417 0.013881532580138906 -0.043339528116100097 0.049963393896915516 -0.041008857591885224 0.055761088198253844 0.050608113699289449 -0.0053589136357125094 -0.056738164059265954 -0.023742981601365086 0.085791352045115857 -0.071186304447748594 0.054953593944725723
leaf_weight=29.551878355443478 124.82954675331712 35.058963179588318 96.885975189507008 509.68916496634483 5084.4255797564983 42.662159644067287 2.3496169447898891 38.093860894441605 1461.9412732571363 47.006828721612692 797.66883819550276 91.320179738104343 190.70545007288456 1306.1044028885663 509.40415941923857 143.22046231850982 51.169776551425457 22.677653171122074 5.4906510561704627 75.298574160784483 4.0935382544994336 1.7431313768029202 5.081642784178257 3.5439763814210883 16.612498462200165 20.970843590795994 2.2207699939608574 3.0357268974184981 3.3396618589758873
leaf_count=446 636 155 725 2533 22039 182 29 229 6442 226 3770 457 865 5882 2281 681 248 99 23 599 22 20 23 24 109 118 14 17 41
internal_value=-1.66518e-06 0.000779484 -0.000479155 0.00157025 0.00345073 0.0141889 -0.0195247 -0.0222089 -0.00517819 -0.00692105 -0.0123632 -0.0168885 -0.0127149 -0.00370859 0.00976398 0.0118102 0.0332107 -0.0106738 0.0113471 0.0402208 0.0366223 0.0259522 0.00973289 -0.0451574 -0.0467492 -0.0383274 0.0699091 -0.0564621 0.0552305
internal_weight=10726.2 10313.5 9428.55 7152.94 5594.11 884.982 412.663 393.834 1558.83 2275.61 844.676 323.663 282.026 1430.93 717.964 652.625 167.018 65.3398 40.5496 126.468 18.8284 14.258 9.17518 41.6378 70.1709 37.5833 4.57039 32.5876 5.08279
internal_count=48935 46521 42253 31739 24572 4268 2414 2265 7167 10514 3996 1575 1322 6518 3243 2962 1025 281 178 847 149 106 45 253 690 227 43 463 61
is_linear=0
shrinkage=0.05


Tree=48
num_leaves=31
num_cat=0
split_feature=3 4 14 16 3 7 18 4 4 28 13 4 3 3 17 14 8 2 7 13 2 44 43 19 8 13 14 31 32 26
split_gain=60.1879 63.4706 40.2599 37.2912 33.7705 30.5909 30.2799 27.4859 24.1823 19.1054 14.2365 13.6294 13.4997 13.1958 11.9542 11.4924 11.4673 10.3087 10.0312 10.6396 7.56657 7.05253 6.93025 6.69575 5.88841 5.78279 5.14722 2.95521 1.12327 1.13901
threshold=0.75450000000000006 1.7290000000000003 0.96350000000000013 0.63250000000000017 1.1695000000000002 0.057500000000000002 0.78888888888888908 1.0390000000000004 0.71700000000000008 0.37300000000000005 2.6835000000000004 1.9425000000000001 1.8440000000000003 0.26150000000000007 0.22450000000000003 0.26150000000000007 0.29999999999999999 2.5000000000000004 0.22900000000000004 1.7400000000000004 8.5000000000000018 0.47450000000000003 0.73750000000000016 2.1130000000000009 0.36666666666666675 1.7805000000000002 0.64500000000000013 0.77150000000000019 0.58750000000000002 0.37750000000000006
decision_type=2 2 2 2 2 2 2 2 2 2 2 2 2 2 2 2 2 2 2 2 2 2 2 2 2 2 2 2 2 2
left_child=7 2 6 4 -4 11 8 17 -2 18 13 25 14 -11 -7 -8 -5 28 20 -20 -9 -12 24 -24 -19 -3 -13 -14 -1 -30
right_child=1 5 3 16 -6 12 15 9 -10 10 21 26 27 -15 -16 -17 -18 22 19 -21 -22 -23 23 -25 -26 -27 -28 -29 29 -31
leaf_value=-0.056421192141713698 -0.037403266002476607 0.0027720723145401435 -0.004587967197294345 -0.0010756687486655038 0.0031640151934856954 0.013670377075133256 -0.042678795257985291 -0.02251322924608503 -0.009551504637013479 -0.031468639064036033 -0.0075816100484656247 0.014154069733491073 0.025498941021953599 -0.0036081336080767837 0.0025772117873436081 0.0066567171690406299 0.028454653065057414 -0.047807443161943269 -0.036239350149003959 0.020893046124464996 0.0082650434383462826 0.063805198328175466 -0.0064404684648032371 -0.050484724373686909 -0.017850143876728054 0.046156455861128931 0.043621864982154611 0.056182509873787638 -0.055106575097886606 0.0062981313053954088
leaf_weight=30.891168642789125 84.127570696175098 45.89638801664114 2030.0679252520204 41.199677228927612 4562.2816149443388 448.4923764243722 12.216352611780165 43.353538557887077 1058.7814273871481 44.913114167749882 4.9772459864616421 17.075179621577263 15.558897219598295 791.27979621291161 529.66736005246639 349.79459461569786 162.70046699047089 37.159693658351898 100.45706948637962 8.8683421388268453 37.020454302430153 11.348045460879801 64.223100367933512 9.9683525115251523 29.366652507334948 9.2246359512209875 112.15082621946931 15.8324017226696 1.5139333419501775 1.5068895593285558
leaf_count=442 469 203 9112 175 20333 1967 62 236 4720 242 36 86 117 3553 2274 1481 732 224 513 38 179 93 404 53 175 47 797 132 22 18
internal_value=-1.725e-06 0.00133999 -0.00021033 0.00142822 0.000776846 0.0121194 -0.00761004 -0.0104711 -0.0116016 -0.00739513 -0.00420175 0.030849 0.00869928 -0.00510456 0.0076635 0.00499185 0.0224878 -0.0288292 -0.0217463 -0.0316048 -0.00833668 0.0420408 -0.0228655 -0.0123582 -0.0345834 0.0100326 0.0397282 0.0409744 -0.0535756 -0.0244758
internal_weight=10711.9 9495.07 8301.17 6796.25 6592.35 1193.9 1504.92 1216.85 1142.91 1042.22 852.518 184.347 1009.55 836.193 978.16 362.011 203.9 174.63 189.699 109.325 80.374 16.3253 140.718 74.1915 66.5263 55.121 129.226 31.3913 33.912 3.02082
internal_count=48935 42707 37084 30352 29445 5623 6732 6228 5189 4890 3924 1133 4490 3795 4241 1543 907 1338 966 551 415 129 856 457 399 250 883 249 482 40
is_linear=0
shrinkage=0.05


Tree=49
num_leaves=31
num_cat=0
split_feature=24 4 24 3 7 23 4 16 24 15 16 4 39 13 28 18 59 2 37 5 26 3 11 3 37 1 37 42 59 23
split_gain=58.914 58.4557 40.8541 38.3437 30.2807 27.0531 25.7552 22.0666 20.9275 27.0396 18.7354 19.9896 18.5443 17.8764 16.5326 16.5299 16.4377 15.4965 15.4428 14.0636 9.94351 9.01061 8.87221 7.05507 6.50328 4.84798 5.73921 2.80162 1.55721 1.30119
threshold=3.2510000000000003 1.2365000000000002 2.1115000000000008 0.86850000000000016 0.18900000000000003 -0.95249999999999979 1.6170000000000002 0.097500000000000017 4.3335000000000008 -1.6199999999999999 0.63250000000000017 0.40350000000000003 2.7390000000000003 0.67300000000000015 0.59750000000000003 0.36666666666666675 6.5000000000000009 1.5000000000000002 0.66300000000000014 0.47500000000000003 0.37750000000000006 0.54000000000000015 7.5000000000000009 1.6325000000000001 0.51600000000000013 3.5000000000000004 0.47950000000000004 0.26600000000000007 5.5000000000000009 1.1455000000000004
decision_type=2 2 2 2 2 2 2 2 2 2 2 2 2 2 2 2 2 2 2 2 2 2 2 2 2 2 2 2 2 2
left_child=1 2 7 15 5 -5 8 28 9 24 11 -4 -6 16 -12 21 20 -11 -17 -9 -8 -3 29 -24 -2 -10 -27 -18 -1 -15
right_child=6 3 10 4 12 -7 13 19 25 17 14 -13 -14 22 -16 18 27 -19 -20 -21 -22 -23 23 -25 -26 26 -28 -29 -30 -31
leaf_value=-0.053978016185413369 -0.043289232078420004 -0.033078153943531106 -0.034347974415255618 0.035010804546614475 0.0023045306093309888 0.0085583945142316108 0.027444091350268724 -0.01286078832290611 0.051584920715627008 0.056281577758905958 0.014802954419699497 -0.0042731218642447005 -0.016802349205752489 0.052584608000328693 -0.050325239507519007 -0.00038529372673199992 0.06790736691573955 0.0062442794358613272 -0.026268599192398802 -0.040581448514961954 -0.073171733849405146 -0.010803679649820021 0.0024720480292909439 0.039461964120562569 -0.011919642610274232 0.041312207505477198 0.013141542395461898 0.01253675406205447 -0.0086746211605224274 0.028438871636126045
leaf_weight=41.37241880223155 29.468410216271877 52.725845724344254 56.309279009699821 104.91935322806239 2231.3206546753645 1227.1266753226519 3.2865025214850929 584.1574236266315 19.522510357201099 15.655770570039747 181.07078954577446 2938.7062344700098 134.65357826650143 56.199467994272709 10.298331156373022 1047.7393395602703 4.4963335096836072 1328.655489474535 60.981157071888447 49.642067320644855 9.7117990441620332 326.88104735314846 24.180448591709137 27.609090879559517 37.605519689619541 28.91005016118288 48.26311457157135 4.6440265774726868 1.9879676140844811 6.1945867314934722
leaf_count=653 188 291 269 623 9453 5235 17 3221 291 158 751 12500 584 490 42 4670 20 6092 286 324 52 1499 118 163 210 261 377 21 17 59
internal_value=-1.86636e-06 -0.00158379 -0.00623965 0.00188457 0.00461198 0.0106419 0.00870418 -0.0173928 0.00682283 0.00528114 -0.00386941 -0.00483856 0.00121711 0.0295168 0.0112981 -0.00489218 -0.0116032 0.00682701 -0.00180891 -0.015032 -0.0477319 -0.0138975 0.0374894 0.0221914 -0.0257016 0.0293256 0.0236946 0.0397747 -0.051901 0.0501874
internal_weight=10694.3 9049.89 3863.54 5186.35 3698.02 1332.05 1644.4 677.16 1508.08 1411.39 3186.38 2995.02 2365.97 136.322 191.369 1488.33 22.1387 1344.31 1108.72 633.799 12.9983 379.607 114.184 51.7895 67.0739 96.6957 77.1732 9.14036 43.3604 62.3941
internal_count=48935 40418 17777 22641 15895 5858 8517 4215 7577 6648 13562 12769 10037 940 793 6746 110 6250 4956 3545 69 1790 830 281 398 929 638 41 670 549
is_linear=0
shrinkage=0.05


Tree=50
num_leaves=30
num_cat=0
split_feature=14 13 24 13 7 17 13 17 3 2 14 15 24 15 13 13 41 3 7 15 5 41 7 5 31 5 5 21 29
split_gain=56.1517 59.0557 45.7429 40.5025 34.4471 26.5497 19.0837 18.179 17.4312 16.9412 13.7972 19.4825 12.9936 12.2549 11.8613 10.2524 11.2325 8.9114 8.77395 8.4691 8.46601 8.17756 8.15126 8.0556 5.40309 5.3053 4.72174 4.36249 3.68856
threshold=0.60350000000000004 1.9650000000000001 3.2510000000000003 0.50850000000000006 0.21550000000000002 0.060500000000000005 0.84400000000000008 0.38000000000000006 1.1130000000000002 1.5000000000000002 0.26150000000000007 2.6335000000000002 1.7475000000000003 0.71700000000000008 1.0000000180025095e-35 2.2745000000000002 0.51050000000000006 0.55800000000000016 0.26000000000000006 1.3770000000000002 -1.6604999999999996 0.42300000000000004 0.17500000000000002 -0.8909999999999999 0.80100000000000016 -1.5109999999999999 -1.4904999999999997 -5.4999999999999991 2.0985000000000005
decision_type=2 2 2 2 2 2 2 2 2 2 2 2 2 2 2 2 2 2 2 2 2 2 2 2 2 2 2 2 2
left_child=7 2 3 14 -5 12 8 10 -4 -8 11 22 23 27 -2 17 -17 -7 19 24 -15 -14 -1 -3 -9 -13 -20 -12 -28
right_child=1 5 6 4 -6 15 9 18 -10 -11 13 25 21 20 -16 16 -18 -19 26 -21 -22 -23 -24 -25 -26 -27 28 -29 -30
leaf_value=-0.055543231207600852 -0.057834415204591053 0.020988817370676531 -0.055077374722106692 0.0026448723729935769 -0.0041928857749115997 -0.026491900536876861 0.055098900298780368 -0.034763613340747748 0.00095224371477052767 0.010271827254047529 -0.0092590527893812603 0.055272537781337817 -0.036494259300374574 0.039965591775438951 -0.019370501478119306 0.02861156253755532 -0.0013280869576103073 0.0068638665584491694 -0.0020887281971867016 0.057047449301542763 -0.0042716098171778063 0.038844260487090408 -0.014813887765179369 -0.032468454016913527 0.019714051615005838 -0.022495041101820948 -0.016552318467204143 -0.043772333059774175 -0.059603766727564123
leaf_weight=41.016613662242889 22.358468841761351 18.550787709653381 14.286014571785925 3119.2188671007752 4497.8979610130191 20.816809073090553 21.513886693865061 29.999254662543535 490.07651853188872 1037.2934402488172 13.968652375042437 7.1094958409667015 3.697090156376361 11.473052702844141 193.54455755650997 111.12911626696587 43.625224892050028 525.55485505238175 4.6328900009393683 3.3179808035492888 188.68749459087849 139.86509065330029 17.536338791251183 11.364704072475432 5.3654347956180564 3.1713396161794645 5.5956033617258063 26.57443642616272 44.882827527821064
leaf_count=334 268 86 61 13316 19705 90 275 184 2434 5140 73 90 28 59 1054 524 215 2363 24 16 863 912 102 50 29 15 64 183 378
internal_value=-1.59758e-06 0.000717047 -0.000439673 -0.00199813 -0.00139282 0.0131441 0.00736972 -0.0183018 -0.000634789 0.0111827 -0.0124586 -0.0321987 0.0306575 -0.0068135 -0.0233537 0.00881083 0.0201716 0.00559301 -0.0375857 -0.0193323 -0.00173597 0.0369041 -0.043345 0.000680742 -0.0264984 0.0312835 -0.0503977 -0.0318812 -0.0548315
internal_weight=10674.1 10270.8 9396.19 7833.02 7617.12 874.604 1563.17 403.331 504.363 1058.81 309.537 68.8338 173.478 240.704 215.903 701.126 154.754 546.372 93.794 38.6827 200.161 143.562 58.553 29.9155 35.3647 10.2808 55.1113 40.5431 50.4784
internal_count=48935 46521 42253 34343 33021 4268 7910 2414 2495 5415 1719 541 1076 1178 1322 3192 739 2453 695 229 922 940 436 136 213 105 466 256 442
is_linear=0
shrinkage=0.05


Tree=51
num_leaves=31
num_cat=0
split_feature=32 4 24 13 7 13 4 16 24 24 20 13 24 5 24 22 1 1 7 13 37 15 7 20 19 13 13 13 13 13
split_gain=53.77 41.4812 43.086 30.6635 22.0136 25.6001 20.9978 20.9866 19.2847 17.3744 15.4602 14.6131 15.5936 13.9282 13.3557 13.8612 12.5337 12.0779 12.0632 11.0608 10.0455 9.18153 8.64612 11.7371 7.79891 7.42257 6.16572 5.55453 5.39434 4.12197
threshold=0.5525000000000001 1.7290000000000003 2.4285000000000005 0.81350000000000011 0.38000000000000006 2.2890000000000001 1.1015000000000004 0.64500000000000013 3.4190000000000005 3.8335000000000004 -6.4999999999999991 1.7925000000000002 1.6680000000000004 0.53450000000000009 2.7655000000000007 -0.25833333333333325 7.5000000000000009 24.500000000000004 0.097500000000000017 0.40350000000000003 0.35200000000000004 -0.67299999999999993 0.46300000000000008 -10.499999999999998 2.1370000000000005 2.4780000000000002 1.4155000000000002 1.1635000000000002 2.3090000000000006 2.6835000000000004
decision_type=2 2 2 2 2 2 2 2 2 2 2 2 2 2 2 2 2 2 2 2 2 2 2 2 2 2 2 2 2 2
left_child=1 2 3 17 5 8 -5 9 10 -4 -2 14 25 16 15 -3 21 -1 -14 -10 -18 -6 23 -15 -7 -13 -16 -24 -9 -26
right_child=4 11 7 6 13 24 -8 28 19 -11 -12 12 18 22 26 -17 20 -19 -20 -21 -22 -23 27 -25 29 -27 -28 -29 -30 -31
leaf_value=-0.029639016662061424 -0.007074641961387379 0.008464426563005523 -0.0017171046895397503 -0.014581421098704842 -0.061892181205250044 0.054974175101723567 -0.0040122011312788359 0.018321174418299127 -0.02652004623323842 0.01273604957066294 0.0059535318927022348 -0.0098342938855254334 0.052423026646420304 0.025353560685866999 0.013761003900419486 -0.0054756825424539211 0.06653231622005519 -0.0021500697164375856 0.019385711140012876 0.017712453065866503 0.0044963149069476493 -0.010755867948622377 -0.032503735406496134 -0.052633005686922169 0.015524364595690726 0.027766986764056142 0.044545453079859694 0.013855090625338573 0.053003336776942869 0.044347010839410124
leaf_weight=218.04017668217421 259.30236459895968 343.12927802652121 3625.4633244872093 634.59602629765868 9.9912975616753084 28.47549119591713 1810.9343554750085 79.398786172270775 14.650699205696581 220.58456589654088 1869.1831833645701 51.868108168244362 38.680730301886797 5.6034859567880622 135.39470148831606 371.2734010592103 6.8386397659778586 48.925564020872116 96.723464291542768 400.2082632407546 142.57941306382418 72.2860496789217 10.938144464045765 34.709448248147964 45.390657722949982 17.570794060826302 18.486023154109716 15.786963503807781 13.054995387792586 17.069111686199903
leaf_count=1622 1109 1468 15335 3423 51 163 7885 347 125 1527 8053 244 341 25 612 1601 29 255 502 2212 613 426 59 151 213 133 115 80 64 152
internal_value=-1.68083e-06 -0.00219021 -0.00366203 -0.00851129 0.00576184 0.00722055 -0.00675483 -0.000322277 0.00628853 -0.000888165 0.00436638 0.00693177 0.0189443 -0.00710133 0.0040978 0.00121978 -0.00129398 -0.0246012 0.0288234 0.0161504 0.00733561 -0.0169656 -0.0271726 -0.0417929 0.0332879 -0.00031968 0.0174592 -0.00511881 0.0232185 0.0234011
internal_weight=10657.1 7724.12 6651 2712.5 2933.01 2634.28 2445.53 3938.5 2543.34 3846.05 2128.49 1073.13 204.843 298.733 868.283 714.403 231.695 266.966 135.404 414.859 149.418 82.2773 67.038 40.3129 90.9353 69.4389 153.881 26.7251 92.4538 62.4598
internal_count=48935 35474 30458 13185 13461 12027 11308 17273 11499 16862 9162 5016 1220 1434 3796 3069 1119 1877 843 2337 642 477 315 176 528 377 727 139 411 365
is_linear=0
shrinkage=0.05


Tree=52
num_leaves=31
num_cat=0
split_feature=14 13 24 13 7 11 24 9 8 13 13 7 14 15 5 36 24 21 27 21 15 14 14 31 19 24 40 9 33 36
split_gain=50.7964 50.664 39.3208 37.5938 26.8914 21.1519 20.269 21.7924 17.2881 15.8851 12.6606 11.9498 11.8013 16.8433 10.8715 10.6522 9.53955 9.13436 6.13996 6.06032 9.97221 8.13713 5.78508 5.59253 3.84653 6.69938 3.81094 3.40851 2.81244 1.31378
threshold=0.60350000000000004 1.9650000000000001 3.0015000000000005 0.7380000000000001 0.62000000000000011 3.5000000000000004 4.7635000000000014 1.5345000000000002 0.18333333333333332 1.2405000000000002 2.3090000000000006 0.28900000000000003 0.26150000000000007 2.6335000000000002 -1.4904999999999997 0.37300000000000005 1.5465000000000002 -3.4999999999999996 0.20550000000000002 -3.4999999999999996 0.48050000000000004 0.55800000000000016 0.34850000000000009 0.64750000000000008 1.7925000000000002 1.4960000000000002 0.71650000000000003 1.3270000000000002 0.33800000000000008 0.58600000000000008
decision_type=2 2 2 2 2 2 2 2 2 2 2 2 2 2 2 2 2 2 2 2 2 2 2 2 2 2 2 2 2 2
left_child=9 2 3 8 -5 27 7 -4 -2 19 16 12 13 -11 22 -12 -7 -16 -14 20 21 -1 -13 -22 29 -26 -8 -3 -29 -21
right_child=1 5 6 4 -6 10 26 -9 -10 11 15 14 18 -15 17 -17 -18 -19 -20 24 23 -23 -24 -25 25 -27 -28 28 -30 -31
leaf_value=-0.010616715028205459 -0.041383638988418452 0.054930677524077744 0.013220877710405679 -0.0008376440000407413 -0.035706930647893195 -0.018070884913202103 0.015776142569612413 0.0018533094153546171 -0.011435283079214232 -0.041628397446091599 -0.038231106248966681 0.069177253077559356 0.021514617047369289 0.037494490897227756 -0.02306877534087701 0.024610987471265708 0.0085441178190203294 -0.063083607195262334 -0.0029891025536226963 -0.056227912465920959 0.01644624978675464 0.085389360294519767 -0.010955432200561069 -0.0416185996946472 -0.054898342200263732 -0.0060488010345911246 0.047622514980460669 0.041593255211240861 0.00085417416521340727 -0.017379510697117209
leaf_weight=5.6927957832813245 52.535090602934361 29.582247525453568 545.00634689629078 6230.091364454478 55.78773557767272 35.650970801711082 13.323146361857651 1862.1254026629031 582.39821914210916 36.280718460679054 7.0201392471790305 4.2081296518444997 32.688913755118847 8.2568007782101613 69.64365042001009 171.07200498133898 605.24223325401545 17.934565536677837 117.30227404087782 35.475549563765526 4.9279503636062172 3.6044971197843552 4.8460938781499863 26.163741741329432 13.459321387112142 14.667137436568735 31.8540616966784 12.455674242228271 6.4200226590037337 2.3185112439095965
leaf_count=38 312 350 2518 26787 410 152 149 8590 3077 208 32 21 147 97 333 863 2701 97 541 377 33 20 22 151 213 92 410 111 59 24
internal_value=-1.37357e-06 0.000679312 -0.000390571 -0.00231831 -0.00114711 0.0122399 0.00504982 0.00442708 -0.0139132 -0.0175388 0.0103407 -0.0114988 -0.00435958 -0.0269598 -0.0258708 0.0221338 0.0070636 -0.0312631 0.00235121 -0.0340809 -0.0188295 0.0266042 0.0262878 -0.0324155 -0.0434254 -0.0294247 0.0382307 0.044338 0.027737 -0.0538447
internal_weight=10638 10240.6 9373.12 6920.81 6285.88 867.443 2452.31 2407.13 634.933 397.471 818.985 291.161 194.529 44.5375 96.6324 178.092 640.893 87.5782 149.991 106.31 40.389 9.29729 9.05422 31.0917 65.9205 28.1265 45.1772 48.4579 18.8757 37.7941
internal_count=48935 46521 42253 30586 27197 4268 11667 11108 3389 2414 3748 1466 993 305 473 895 2853 430 688 948 242 58 43 184 706 305 559 520 170 401
is_linear=0
shrinkage=0.05


Tree=53
num_leaves=31
num_cat=0
split_feature=7 17 13 24 39 22 13 13 1 3 6 24 17 13 13 22 2 16 19 10 5 15 5 24 19 24 2 5 7 28
split_gain=48.1546 40.1486 32.621 30.859 25.714 25.2149 20.9129 20.3135 18.7021 18.1549 17.2085 16.8141 19.1028 16.3081 15.9019 15.5609 15.5344 15.4215 15.3979 15.1105 12.2024 11.9752 11.8112 11.5078 10.2222 10.193 8.96399 8.43675 7.05564 3.38324
threshold=0.28900000000000003 0.21550000000000002 0.86850000000000016 3.2765000000000004 2.5845000000000007 0.24999999999999997 1.8545000000000003 1.7020000000000002 5.5000000000000009 1.0975000000000004 0.40800000000000003 2.2965000000000004 0.075500000000000012 2.3090000000000006 0.6170000000000001 0.43055555555555564 5.5000000000000009 0.55400000000000016 1.6730000000000003 13.500000000000002 0.28900000000000003 -1.5109999999999999 1.1890000000000003 4.2580000000000009 1.5965000000000003 3.3335000000000004 29.500000000000004 -1.1889999999999998 0.39650000000000007 0.24850000000000003
decision_type=2 2 2 2 2 2 2 2 2 2 2 2 2 2 2 2 2 2 2 2 2 2 2 2 2 2 2 2 2 2
left_child=2 11 9 4 6 7 -4 14 29 20 19 24 15 -6 -3 -13 28 -10 -14 -11 25 -18 -9 -12 27 -1 -26 -2 -7 -5
right_child=1 5 3 8 13 16 -8 22 17 10 23 12 18 -15 -16 -17 21 -19 -20 -21 -22 -23 -24 -25 26 -27 -28 -29 -30 -31
leaf_value=-0.010767265671644141 0.031484438364989202 -0.041600142558503632 0.0041876223196989394 0.024947720959504371 -0.0017506611391509977 -0.0024146415293464299 0.017214183260562271 0.00019353436694055315 0.0095467612512824072 -0.0069649159363061354 -0.0060551283605612457 0.030183459204835311 -0.0014949261056700742 0.022280541348932283 -0.014092493485574932 -0.0065654986502679856 0.07926814428458813 0.04246783939141556 0.017424888609526741 0.019972437315462142 -0.054361373042329388 0.0033839711760918997 -0.071996878888414925 0.021263064809708895 -0.0024358155170209144 -0.073993067997930581 0.055672589458160164 -0.021844878348915599 -0.036382632213608261 0.054222103828886807
leaf_weight=362.08170515298843 7.9435534849762908 54.966022804379463 2211.3046759851277 14.743992317467926 2496.8821533247828 26.094662416726351 357.97986811026931 310.81779811158776 705.35765077546239 78.710012070834637 743.16581352055073 124.10859071090817 515.72368600964546 72.652339775115252 1189.8769974336028 37.513116110116243 5.2672878429293624 37.46205585077405 135.87172274291515 153.76404340937734 17.716875627636909 401.06710341572762 5.7711647450923911 40.65963838621974 322.23969808220863 6.4888217747211447 6.7764395028352729 111.71762633323669 36.912807784974575 29.852904196828604
leaf_count=1858 38 474 9534 178 10751 147 1699 1424 3564 342 3339 586 2235 426 5595 200 24 219 578 653 231 1762 28 364 1441 28 29 582 237 369
internal_value=-1.54314e-06 -0.00502427 0.00225505 0.00387789 0.00246554 -0.0093765 0.00600262 -0.0124311 0.0130951 -0.00460182 -0.00109474 0.0019798 0.00626686 -0.00107119 -0.0153071 0.0216539 0.000785639 0.011207 0.00245026 0.0108521 -0.0138287 0.00436765 -0.00112244 -0.00463804 -0.00579038 -0.0118804 -0.00123901 -0.0183047 -0.0223147 0.0445438
internal_weight=10621.5 3292.67 7328.82 5926.24 5138.82 2030.77 2569.28 1561.43 787.417 1402.59 1016.3 1261.89 813.217 2569.53 1244.84 161.622 469.342 742.82 651.595 232.474 386.287 406.334 316.589 783.825 448.677 368.571 329.016 119.661 63.0075 44.5969
internal_count=48935 15380 33555 26740 22410 9691 11233 7521 4330 6815 4698 5689 3599 11177 6069 786 2170 3783 2813 995 2117 1786 1452 3703 2090 1886 1470 620 384 547
is_linear=0
shrinkage=0.05


Tree=54
num_leaves=29
num_cat=0
split_feature=4 24 13 13 22 4 17 14 18 4 24 13 17 24 8 4 25 16 11 59 21 4 26 14 11 1 41 13
split_gain=46.6609 50.7154 31.6655 28.5216 27.5407 26.7107 27.2927 22.2474 34.1198 19.2432 17.7235 16.0418 13.5478 13.2212 21.1729 15.2388 12.3073 10.2242 8.68945 8.31135 7.90576 7.7111 6.65692 6.40589 4.05202 3.87796 3.64424 2.4064
threshold=1.8135000000000001 2.1010000000000004 1.1060000000000001 0.7875000000000002 0.19999999999999998 0.40350000000000003 0.039000000000000007 0.40450000000000003 0.74166666666666681 0.87250000000000016 2.8575000000000004 0.54000000000000015 0.075500000000000012 1.2565000000000002 1.0000000180025095e-35 2.5770000000000004 508.50000000000006 0.66100000000000014 24.500000000000004 22.500000000000004 7.5000000000000009 1.8835000000000002 0.38250000000000006 1.7020000000000002 6.5000000000000009 3.5000000000000004 0.47050000000000003 0.49150000000000005
decision_type=2 2 2 2 2 2 2 2 2 2 2 2 2 2 2 2 2 2 2 2 2 2 2 2 2 2 2 2
left_child=1 3 4 20 12 17 -7 18 -9 -6 13 27 -3 15 22 21 -16 -4 -5 24 25 -2 -15 -21 -13 -1 -17 -12
right_child=10 2 5 7 9 6 -8 8 -10 -11 11 19 -14 14 16 26 -18 -19 -20 23 -22 -23 -24 -25 -26 -27 -28 -29
leaf_value=-0.049217739454970127 0.04335041594010091 0.0096328643463721129 -0.046558946409494262 -0.037921293874869581 -0.0073075132333048484 0.020433919002208541 0.0029448423344125172 -0.0094906174677114128 0.0073062519993289006 0.0036834787294645665 -0.0079601622240189612 0.041001612084539257 -0.010175745872004758 0.026585488377304303 -0.0028723911457250537 0.068825940084106391 0.010405955754244219 0.027093395093449504 0.029982417889685073 0.028155230274601036 0.043052888085889904 -0.028825986507299336 0.068322132152772233 -0.037773084284961594 0.024191207099975048 -0.028803711941361609 0.015708090064889737 -0.056860033050584027
leaf_weight=33.237175609916449 3.9554917514324179 93.100099682807922 35.342935033142567 70.681353818625212 549.01569456607103 236.25989528745413 3997.4623927846551 1342.803280275315 390.18830975145102 1450.0864006914198 4.3893386721611005 67.879128314554691 1184.8758799359202 79.98412612080574 258.55181159824133 4.4963557794690123 536.85771942511201 5.436722829937934 5.0478193163871756 6.8694074153900129 3.34833039343357 57.41424734890461 10.849823169410227 7.9468518905341625 75.964146941900253 77.531793843954802 11.455754421651362 5.8945630080997944
leaf_count=542 18 441 160 516 2703 1160 17176 6465 1691 6609 19 580 5201 451 1121 36 2372 25 25 31 23 312 77 35 402 613 100 31
internal_value=-1.4248e-06 -0.00114798 0.000697951 -0.00839754 -0.00299985 0.0035329 0.00392081 -0.00686795 -0.00570875 0.00066501 0.00959054 0.0245286 -0.0087327 0.00697142 0.0087014 -0.0128571 0.00608976 -0.0367397 -0.0333951 0.0284512 -0.032641 -0.024174 0.0315708 -0.00720609 0.032124 -0.0349291 0.0306802 -0.0359888
internal_weight=10606.9 9474.42 7551.58 1922.84 3277.08 4274.5 4233.72 1808.72 1732.99 1999.1 1132.51 168.943 1277.98 963.565 886.243 77.3218 795.41 40.7797 75.7292 158.66 114.117 61.3697 90.8339 14.8163 143.843 110.769 15.9521 10.2839
internal_count=48935 43350 33475 9875 14954 18521 18336 8697 8156 9312 5585 1098 5642 4487 4021 466 3493 185 541 1048 1178 330 528 66 982 1155 136 50
is_linear=0
shrinkage=0.05


Tree=55
num_leaves=31
num_cat=0
split_feature=4 24 6 3 7 17 5 22 7 14 18 16 32 59 4 13 24 13 4 14 4 16 36 13 12 13 24 32 41 26
split_gain=44.2266 48.5312 29.0242 28.8799 27.1964 25.5834 23.6395 21.2207 24.4112 20.5173 21.9499 20.422 19.7624 16.4454 15.993 15.4767 15.0965 13.704 13.0307 19.1322 12.1573 11.7416 9.52054 8.74254 8.5407 8.34882 12.768 6.36419 5.90734 5.49174
threshold=1.413 2.5215000000000001 0.10150000000000002 0.89600000000000013 0.057500000000000002 0.26500000000000007 0.48200000000000004 0.19999999999999998 0.15900000000000003 0.95350000000000013 0.59166666666666679 0.56900000000000006 0.39650000000000007 14.500000000000002 1.9425000000000001 0.7965000000000001 4.7635000000000014 1.5400000000000003 2.2040000000000006 0.40450000000000003 0.71700000000000008 0.33900000000000002 0.56100000000000005 1.0725000000000002 9.5000000000000018 2.3090000000000006 1.3720000000000001 0.61250000000000016 0.42300000000000004 0.30150000000000005
decision_type=2 2 2 2 2 2 2 2 2 2 2 2 2 2 2 2 2 2 2 2 2 2 2 2 2 2 2 2 2 2
left_child=1 2 25 15 14 12 17 8 -7 11 -11 -6 21 -8 22 24 -14 -4 19 -17 -9 -3 -5 -20 -2 27 -27 -1 -16 -26
right_child=3 5 6 4 9 7 13 20 -10 10 -12 -13 16 -15 28 18 -18 -19 23 -21 -22 -23 -24 -25 29 26 -28 -29 -30 -31
leaf_value=-0.038159551275825154 -0.038104024326696864 -0.011815882775161591 -0.0081780831242580215 0.0048938434311874921 -0.014088641416178653 0.010128594080973229 -0.028899779722300387 -0.012178508583214788 -0.015506118598446167 0.0046124184138742969 0.016944284485738186 0.0070905758760517719 0.0050811054125771389 -0.0049344415832403704 -0.026873524724969889 -0.041746614034921935 0.040691196624658615 0.00013714285171199917 -0.016424180595017598 -0.00069024500955092453 0.0031918423802197631 0.0086784067691311664 0.031356392496204318 0.025570627577048484 -0.032684722470177459 -0.041121470603069941 0.071795988534379337 0.01613679687604503 0.039136542896946409 1.1216816029542918e-05
leaf_weight=108.08226082660258 41.118850208818913 285.22551161795855 1233.1868038959801 119.9581917822361 239.110804669559 112.03456551581621 188.10595724359155 154.32388683408499 542.89128681272268 1390.1329638659954 487.34144416823983 217.21845178306103 2252.1933550387621 115.56114181131124 3.501986499875783 29.181102782487869 30.161173306405544 828.31252619624138 14.976760715246199 1027.7951103076339 773.29368489980698 92.570441536605358 47.426940824836493 71.845406342297792 17.690978288650513 5.311359375715254 4.7354717403650284 5.6805180497467509 105.34477289766073 46.864302851259708
leaf_count=1000 279 1313 6155 561 1023 478 1167 697 2295 6126 2176 925 10020 514 27 178 393 3518 70 4391 3354 391 244 397 100 25 20 48 808 242
internal_value=-1.57302e-06 -0.00244807 -0.00799087 0.00426555 0.0072581 0.000803619 -0.00675553 -0.00423027 -0.0111209 0.00550217 0.00781344 -0.00400707 0.00379832 -0.0197797 0.0220934 -0.00198563 0.00555169 -0.00483702 -0.000294188 -0.00182373 0.000634741 -0.00679422 0.0123917 0.0183266 -0.0202935 -0.0315899 0.012101 -0.0354484 0.0370128 -0.0089489
internal_weight=10591.2 6731.67 2488.98 3859.51 2610.04 4242.69 2365.17 1582.54 654.926 2333.8 1877.47 456.329 2660.15 303.667 276.232 1249.47 2282.35 2061.5 1143.8 1056.98 927.618 377.796 167.385 86.8222 105.674 123.81 10.0468 113.763 108.847 64.5553
internal_count=48935 31388 12447 17547 11890 18941 11354 6824 2773 10250 8302 1948 12117 1681 1640 5657 10413 9673 5036 4569 4051 1704 805 467 621 1093 45 1048 835 342
is_linear=0
shrinkage=0.05


Tree=56
num_leaves=31
num_cat=0
split_feature=32 4 22 16 4 4 7 15 4 9 5 2 39 7 22 16 6 41 39 5 11 44 22 18 13 20 13 32 13 40
split_gain=41.4661 34.3628 33.2881 31.8001 24.6348 19.2215 17.5989 16.4125 16.0598 15.879 15.0126 12.5925 12.5169 12.398 12.3918 12.1232 11.1342 10.6356 10.1364 9.79549 9.07824 9.07632 8.91123 14.2207 9.35429 6.0739 7.22478 6.50922 4.97305 1.86513
threshold=0.5525000000000001 1.4790000000000003 0.24999999999999997 0.14550000000000002 1.0000000180025095e-35 1.1635000000000002 0.081500000000000017 -2.1549999999999994 2.3800000000000003 0.54000000000000015 -0.18649999999999997 1.5000000000000002 2.7270000000000008 0.37700000000000006 -0.36666666666666653 0.30900000000000005 0.12250000000000001 0.44300000000000006 2.5275000000000003 0.6170000000000001 49.500000000000007 0.43450000000000005 0.083333333333333273 0.59166666666666679 0.44600000000000006 4.5000000000000009 0.49150000000000005 0.62650000000000017 0.50850000000000006 0.70200000000000007
decision_type=2 2 2 2 2 2 2 2 2 2 2 2 2 2 2 2 2 2 2 2 2 2 2 2 2 2 2 2 2 2
left_child=1 2 3 16 7 13 25 -4 10 -5 14 -6 19 22 -3 -14 -1 29 -19 -8 -12 -10 23 -2 -24 26 -7 -27 -23 -15
right_child=5 8 4 9 11 6 12 -9 21 -11 20 -13 15 17 -16 -17 -18 18 -20 -21 -22 28 24 -25 -26 27 -28 -29 -30 -31
leaf_value=-0.058272458616701883 -0.018724662894182714 0.006869012796247265 0.035569508362892119 -0.03389686812419581 0.050772603088930661 -0.037704621949899264 0.0067556781335992985 -0.051597042545452255 0.10852091239091591 -0.0055705710662801748 0.014547554771754186 0.0015943675913271734 -0.035123697307635537 -0.039349293657845875 -0.001795809416250098 0.00051637894413158233 -0.022760923486795592 0.010734166844604374 -0.020319479100478523 0.023728604271845699 -0.048328583209132171 -0.028409891832364472 -0.026939467231526262 0.0024318516184499315 0.0066123507067305399 0.0051241837002469794 0.033110774091973758 0.032447859346523382 0.024376350171911577 -0.085994609380490902
leaf_weight=26.08721512183547 116.88167304545641 588.33603642135859 6.4297852218151084 50.255065966397524 13.108050044625996 3.7362105473875991 1360.4248592890799 33.727494707331061 3.0967874079942694 3186.1001698672771 271.43384080007672 1871.0681509561837 32.200340751558542 3.5876998305320722 1381.6116412393749 92.126971676945686 143.44603972509503 38.194540049880743 84.229621350765228 90.672321904450655 5.8648077547550193 4.7367855310440055 21.506686437875032 247.86785712465644 609.73295787349343 71.744465369731188 100.05501370877028 31.308558601886034 76.890184540301561 5.322153564542532
leaf_count=361 521 2623 90 390 186 19 5924 357 17 14378 1343 8400 160 21 6033 439 725 190 428 473 25 26 189 1088 2836 415 552 180 520 26
internal_value=-1.71533e-06 -0.00193138 -0.00414614 -0.00711621 0.0011106 0.00507992 0.00831202 -0.0376404 0.00313093 -0.00601043 0.00232526 0.0019365 0.0065117 -2.99542e-05 0.000791989 -0.00871428 -0.0282253 -0.0144697 -0.0106312 0.00781624 0.0132177 0.0245008 0.00187411 -0.00434762 0.00546922 0.0220241 0.0305616 0.0134254 0.0213132 -0.0672121
internal_weight=10571.8 7662.19 5330.22 3405.89 1924.33 2909.59 1782.27 40.1573 2331.97 3236.36 2247.25 1884.18 1575.42 1127.32 1969.95 124.327 169.533 131.334 122.424 1451.1 277.299 84.7238 995.989 364.75 631.24 206.844 103.791 103.053 81.627 8.90985
internal_count=48935 35474 24887 15854 9033 13461 8162 447 10587 14768 10024 8586 6996 5299 8656 599 1086 665 618 6397 1368 563 4634 1609 3025 1166 571 595 546 47
is_linear=0
shrinkage=0.05


Tree=57
num_leaves=29
num_cat=0
split_feature=14 4 3 13 4 7 24 13 4 39 24 4 14 13 7 18 22 24 13 9 39 13 27 4 24 3 24 30
split_gain=42.7552 41.4258 38.975 30.7516 28.3778 22.9985 21.2696 18.5628 18.177 16.4992 13.6351 13.3194 14.5035 12.3897 12.3552 10.7674 10.3419 7.4899 7.18022 6.32358 3.20599 2.8238 2.37871 4.71052 1.55468 2.52292 0.642925 0.556048
threshold=0.60350000000000004 1.7925000000000002 1.1060000000000001 0.81950000000000001 1.2245000000000001 0.10400000000000001 4.3335000000000008 2.0165000000000002 0.81350000000000011 2.7295000000000003 2.9690000000000007 2.5145000000000004 1.0000000180025095e-35 0.50850000000000006 0.28900000000000003 0.93333333333333346 -0.29999999999999988 1.5085000000000002 0.57400000000000007 0.32550000000000007 2.5310000000000001 2.6550000000000002 0.28400000000000009 0.70200000000000007 2.4445000000000006 1.7710000000000001 1.9335000000000002 1.3775000000000002
decision_type=2 2 2 2 2 2 2 2 2 2 2 2 2 2 2 2 2 2 2 2 2 2 2 2 2 2 2 2
left_child=8 2 3 13 6 15 -4 -5 22 -6 16 12 19 -2 -14 17 -7 -3 -12 -10 -13 -22 24 27 25 -1 -17 -24
right_child=1 5 4 7 9 10 -8 -9 11 -11 18 20 14 -15 -16 26 -18 -19 -20 -21 21 -23 23 -25 -26 -27 -28 -29
leaf_value=-0.051226521835989719 -0.036376690285971701 -0.0097070203867653145 -0.0013963702050214773 -0.0043626165246563129 0.0075409607724784182 0.009813863088669092 0.025803983023863254 0.011891944422596498 -0.058196430312626959 -0.0072623932243814256 -0.028590521621469175 0.072592979367912966 -0.0029352553070553997 -0.013847593044296192 -0.024824333536679705 0.072393215907193942 -0.0019876479493811917 0.022049033435160861 0.025654684778500886 -0.019109823275241022 -0.00092529064281198176 0.046101348699971165 -0.019250786542192821 0.050872688045921967 -0.077935042966110882 0.0055582919255942912 0.05095427883494999 -0.057348781924473416
leaf_weight=30.424103461205959 75.343070846050978 20.262544922530651 3678.8152141012251 2424.9948692172766 2079.8394071571529 336.76800490170717 73.302358414977789 189.35876473784447 24.823142327368259 206.95723117887974 6.4936017766594878 3.6481607630848911 184.07196055352688 321.14726648852229 99.214132450520992 4.2758534327149418 413.65619350969791 222.0147319920361 100.7335349060595 17.744930669665337 7.3336944133043271 5.6525918804109097 1.3900040071457613 1.7700096815824506 4.845321185886859 2.0904426537454119 19.197878435254097 3.0797607582062483
leaf_count=346 682 95 16113 10960 9119 1467 762 795 270 954 29 36 894 1684 512 25 1782 1186 620 128 34 79 24 12 23 13 248 43
internal_value=-1.73309e-06 0.000618083 -0.000506073 -0.00515315 0.00181084 0.00967392 -0.000864977 -0.00318529 -0.0163335 0.00620124 0.00569162 -0.0124626 -0.0146904 -0.0181287 -0.0106014 0.0225259 0.00330852 0.0193932 0.0223696 -0.0419028 0.0311785 0.0195442 -0.0467402 -0.0181632 -0.0515131 -0.0475757 0.0548595 -0.0455011
internal_weight=10559.2 10173.2 9049.76 3010.84 6038.91 1123.4 3752.12 2614.35 386.088 2286.8 857.651 342.489 325.854 396.49 283.286 265.751 750.424 242.277 107.227 42.5681 16.6344 12.9863 43.5996 6.23977 37.3599 32.5145 23.4737 4.46976
internal_count=48935 46521 41069 14121 26948 5452 16875 11755 2414 10073 3898 1953 1804 2366 1406 1554 3249 1281 649 398 149 113 461 79 382 359 273 67
is_linear=0
shrinkage=0.05


Tree=58
num_leaves=31
num_cat=0
split_feature=14 13 24 17 4 17 3 13 24 4 14 10 4 42 4 6 2 41 13 17 59 21 42 3 11 21 33 14 36 0
split_gain=39.5904 38.7174 28.8466 28.4569 25.7933 21.5783 19.1108 18.679 15.6164 19.4083 15.3579 18.1526 13.7202 11.0721 10.9141 13.2808 10.1294 7.76642 6.42588 6.18615 6.13428 7.36212 6.08546 5.70945 4.71619 4.17017 3.05498 2.67024 1.40077 3.69712
threshold=0.72900000000000009 1.6325000000000001 3.1680000000000006 0.036500000000000005 1.3170000000000004 0.7320000000000001 0.70200000000000007 1.1635000000000002 4.7635000000000014 0.25650000000000006 1.0890000000000002 1.5000000000000002 2.4045000000000001 0.26400000000000007 0.79050000000000009 0.24550000000000002 3.5000000000000004 0.42600000000000005 0.65100000000000013 0.10900000000000001 2.5000000000000004 -5.4999999999999991 0.24350000000000002 0.96650000000000003 35.500000000000007 5.5000000000000009 0.30300000000000005 0.57400000000000007 0.37950000000000006 7.5000000000000009
decision_type=2 2 2 2 2 2 2 2 2 2 2 2 2 2 2 2 2 2 2 2 2 2 2 2 2 2 2 2 2 2
left_child=7 2 4 16 5 -2 -6 18 9 -4 11 -5 14 -12 24 -16 23 -18 28 27 21 -14 -21 -3 -9 -10 -22 -20 29 -1
right_child=1 3 8 10 6 -7 -8 12 25 -11 13 -13 20 -15 15 -17 17 -19 19 22 26 -23 -24 -25 -26 -27 -28 -29 -30 -31
leaf_value=0.035490363656495889 -0.0054317428510750618 0.013763322143808107 -0.035001878469880392 0.010964879114483975 -0.0099304298876801162 -0.058000207177069822 0.0023718440786159502 -0.039087660301428524 0.051007398415811658 0.0047932947103402242 0.014953785772095119 -0.0040999189096393085 -0.035164418702938856 0.0045087352914206999 -0.018123219104839151 -0.00087732649184630793 -0.045746522461535294 0.018322357080396628 -0.059226069398286445 0.0078373911754684913 0.075569876000853187 0.033547350039034335 -0.023574638486314151 0.046341681082250077 0.011996370263192419 0.018810875021507856 0.023589957904400632 -0.019575186342345518 -0.057127478090253564 -0.055631412093157077
leaf_weight=1.5970988459885145 2987.6293362788856 17.433964170515537 31.211313739418983 282.92844462394714 360.64539268612862 19.649628881365061 2531.9457174316049 38.464245155453682 20.957480017095804 1669.2327446788549 452.42597281932831 681.93102287501097 6.3506030179560211 577.66428177058697 172.67451734095812 315.78723531961441 4.9208558723330489 121.99368224665523 14.581158380955459 19.067465715110302 6.9313345365226251 10.095548212528231 80.567680660635233 58.830249149352312 5.1195070743560782 19.336376368999481 4.7732842415571213 5.9904798790812483 19.15682016685605 3.6736946403980255
leaf_count=16 13575 90 245 1201 1732 240 10721 232 369 7839 2030 2902 38 2684 825 1405 25 599 207 123 37 108 502 578 24 179 26 35 285 63
internal_value=-1.81501e-06 0.000818242 -0.000864108 0.00666602 -0.00253289 -0.00577523 0.000838009 -0.011449 0.00479187 0.00406286 0.00485046 0.000317574 -0.00731309 0.00909631 -0.009113 -0.00697387 0.0244924 0.0158382 -0.0274681 -0.0227172 0.026705 0.00701463 -0.0175632 0.0388943 -0.0330871 0.0355568 0.0543718 -0.0476797 -0.050847 -0.0280207
internal_weight=10543.6 9838.74 7640.61 2198.13 5899.87 3007.28 2892.59 704.831 1740.74 1700.44 1994.95 964.859 560.196 1030.09 532.046 488.462 203.179 126.915 144.634 120.207 28.1508 16.4462 99.6351 76.2642 43.5838 40.2939 11.7046 20.5716 24.4276 5.27079
internal_count=48935 45009 34900 10109 26268 13815 12453 3926 8632 8084 8817 4103 2695 4714 2486 2230 1292 624 1231 867 209 146 625 668 256 548 63 242 364 79
is_linear=0
shrinkage=0.05


Tree=59
num_leaves=27
num_cat=0
split_feature=13 17 7 3 6 4 8 3 4 13 15 2 23 3 23 3 15 4 17 8 9 4 2 29 23 3
split_gain=37.4867 34.6757 38.1512 26.7892 22.4736 19.3433 22.6351 17.8872 20.7895 15.907 14.914 12.8755 11.5188 11.1753 13.4235 10.6765 10.6533 9.61405 14.8614 9.79257 8.61578 6.00298 3.43767 1.98038 1.01087 0.0111055
threshold=0.68600000000000005 0.21550000000000002 0.27450000000000008 1.9425000000000001 0.081500000000000017 1.8440000000000003 0.78888888888888908 0.26150000000000007 1.7350000000000003 2.6835000000000004 0.35150000000000003 1.5000000000000002 0.40350000000000003 1.1695000000000002 0.58100000000000018 1.1835000000000002 -2.8999999999999995 1.0680000000000003 0.7320000000000001 0.43055555555555564 0.62000000000000011 1.9665000000000001 10.500000000000002 3.0420000000000003 0.47649999999999998 2.9500000000000006
decision_type=2 2 2 2 2 2 2 2 2 2 2 2 2 2 2 2 2 2 2 2 2 2 2 2 2 2
left_child=4 3 5 7 22 6 -3 9 -9 -2 -7 25 -13 14 20 -15 -17 18 -4 -19 -6 -16 23 24 -1 -5
right_child=1 2 17 11 13 10 -8 8 -10 -11 -12 12 -14 15 21 16 -18 19 -20 -21 -22 -23 -24 -25 -26 -27
leaf_value=-0.051960085203982091 -0.038329799957849325 -0.0015531935607390453 -0.01079643011948248 0.054685477193234779 0.039565959518255985 0.0042421368661275192 0.010866824224968421 0.0017908699026721279 0.011933745891521253 0.041227222003250123 0.02523994117747665 0.030724650277336209 0.0097251455061930919 0.056043232746011501 -0.047458016216677099 0.044788381891640354 -0.0061364872134401097 -0.0079419162434703691 -0.05849201251655655 0.00065895053931813751 -0.013689252237277223 0.016790841463458869 0.0034586853880278069 -0.0056877200464194909 -0.074153824056158821 0.052255150441328793
leaf_weight=24.190553909167651 42.833945252001286 2534.8809576444328 657.21049167215824 15.064033560454847 7.8880102187395087 211.5758813098073 428.91300389170647 3219.1783968023956 599.23948656395078 7.3631208166480056 140.86731557548046 84.39979250356555 288.59651437401772 7.2117466628551474 41.040827263146639 10.465598922222851 549.0709459297359 884.6660186573863 16.748324729502201 528.73592793941498 204.24458831734955 3.9889636784791938 2.8818183168768874 2.03103258088231 6.5118094235658637 6.8325736038386813
leaf_count=336 371 11098 3098 208 45 933 1905 14012 2892 96 649 467 1579 32 377 164 2645 3994 226 2336 1200 18 17 20 49 168
internal_value=-1.87348e-06 0.000887829 -0.00177214 0.00425909 -0.0100084 0.00156104 0.000244201 0.00299281 0.00338263 -0.02666 0.0126347 0.0166643 0.0144768 -0.00832743 -0.0169721 -0.00440488 -0.00518399 -0.00706763 -0.0119817 -0.00472444 -0.011709 -0.0417665 -0.0488949 -0.0535041 -0.0566673 0.0539271
internal_weight=10526.6 9667.11 5403.6 4263.51 859.526 3316.24 2963.79 3868.61 3818.42 50.1971 352.443 394.893 372.996 823.911 257.162 566.748 559.537 2087.36 673.959 1413.4 212.133 45.0298 35.6152 32.7334 30.7024 21.8966
internal_count=48935 44032 24239 19793 4903 14585 13003 17371 16904 467 1582 2422 2046 4481 1640 2841 2809 9654 3324 6330 1245 395 422 405 385 376
is_linear=0
shrinkage=0.05


Tree=60
num_leaves=31
num_cat=0
split_feature=32 17 7 13 16 39 5 22 24 13 13 39 24 32 13 1 40 24 7 11 41 22 25 20 17 16 13 18 6 40
split_gain=34.5309 29.6272 37.3059 19.4885 18.7255 17.5494 14.8086 17.0411 15.7756 14.6198 14.1941 14.1303 13.7639 12.0241 11.3803 19.2295 15.3455 10.8356 8.8717 8.60519 7.84569 7.81372 7.52957 5.39655 6.76533 5.33194 5.15705 4.29862 1.89398 1.16143
threshold=0.41450000000000004 0.26500000000000007 0.27450000000000008 0.67300000000000015 0.11650000000000001 2.5030000000000006 0.30200000000000005 0.25833333333333336 2.5715000000000008 2.3090000000000006 0.92450000000000021 2.7140000000000004 1.4495000000000002 0.42450000000000004 0.7965000000000001 8.5000000000000018 0.72800000000000009 4.3335000000000008 0.22450000000000003 41.500000000000007 0.41900000000000004 -0.49166666666666659 511.50000000000006 4.5000000000000009 0.54000000000000015 0.45250000000000007 1.7170000000000003 0.074999999999999969 0.27900000000000008 0.76800000000000013
decision_type=2 2 2 2 2 2 2 2 2 2 2 2 2 2 2 2 2 2 2 2 2 2 2 2 2 2 2 2 2 2
left_child=11 3 5 13 18 20 7 -4 -8 -6 -7 12 23 27 16 -16 -14 -15 -5 21 -3 25 -23 29 -25 -13 -21 -2 -28 -1
right_child=1 2 6 4 9 10 8 -9 -10 -11 -12 19 14 17 15 -17 -18 -19 -20 26 -22 22 -24 24 -26 -27 28 -29 -30 -31
leaf_value=-0.058028097519389032 -0.011071152183517407 -0.01466317797748015 -0.007732477146626668 0.04088108885567443 0.0039077768713694028 -0.009895951780126722 -0.035241714386570568 0.01560759390286991 -0.011691313968308357 0.019110859641997876 0.0024793094634992449 -0.024066371655939806 0.00043545199100834407 -0.0091088383913009285 0.010398553310674387 -0.0032714867183691607 -0.01664197909133441 0.028193712544910644 0.0077290842632294111 -0.019654065621300468 0.015281944284752087 -0.022019637119777256 -0.0019211348819435519 -0.019915456387323744 0.05110500529438651 0.04173990631640731 -0.049306547537593726 -0.06120503837033682 -0.092022217379528315 -0.019205941270779341
leaf_weight=11.006647946313022 6.137120038270953 23.652994677424431 621.13904863595963 52.450974334031343 4283.6976679377258 289.97230632230639 89.198776707053185 89.469357656314969 350.65073169022799 164.19278963841498 1153.1385341137648 4.40232990682125 230.31091537326574 227.71991052478552 306.34369926527143 1605.5488582327962 306.75102340430021 21.287645328789949 32.799903273582458 8.5488524734973925 290.74734786525369 150.43853357993066 67.512087931856513 85.883174927905202 3.4894640520215026 10.233586020767687 4.8745834678411466 14.096931062638758 5.5491333156824112 2.3352586757391682
leaf_count=153 37 107 3055 473 19068 1315 470 413 1540 981 5051 20 1234 1222 1597 7145 1572 235 163 36 1273 695 314 544 24 58 20 72 23 25
internal_value=-1.96806e-06 0.00172582 -0.00225719 0.00413764 0.00491389 0.00232476 -0.00925686 -0.00479384 -0.0164672 0.00446899 -7.32077e-06 -0.0047543 -0.00363969 -0.00893188 -0.00288762 -0.00108113 -0.00931858 -0.00591984 0.028126 -0.0160603 0.0130291 -0.0134191 -0.015794 -0.0215706 -0.0171425 0.0219461 -0.048439 -0.0459991 -0.0720465 -0.051233
internal_weight=10513.6 7710.35 2907.97 4802.38 4533.14 1757.51 1150.46 710.608 439.85 4447.89 1443.11 2803.23 2551.67 269.242 2448.95 1911.89 537.062 249.008 85.2509 251.559 314.4 232.587 217.951 102.715 89.3726 14.6359 18.9726 20.2341 10.4237 13.3419
internal_count=48935 35475 13224 22251 20685 7746 5478 3468 2010 20049 6366 13460 12294 1566 11548 8742 2806 1457 636 1166 1380 1087 1009 746 568 78 79 109 43 178
is_linear=0
shrinkage=0.05


Tree=61
num_leaves=31
num_cat=0
split_feature=4 24 32 24 39 24 7 59 16 26 26 15 39 8 12 15 17 28 36 6 5 42 16 7 19 0 4 24 24 4
split_gain=35.7444 37.6804 29.3217 25.5434 24.5836 24.4011 16.408 14.4082 12.1819 12.6106 12.5743 13.427 11.177 13.1629 11.1279 9.64435 9.38992 7.72482 7.30152 6.95 7.58278 6.6453 4.13052 3.41846 1.81936 1.10082 2.57476 0.118768 0.00775725 0.00512184
threshold=0.87750000000000006 3.8575000000000004 0.41450000000000004 2.7655000000000007 2.5845000000000007 2.3485000000000005 0.081500000000000017 2.5000000000000004 0.27900000000000008 0.26750000000000007 0.38100000000000006 -0.49149999999999994 2.7140000000000004 0.59166666666666679 1.5000000000000002 -0.85449999999999993 0.37700000000000006 0.13200000000000003 0.64400000000000013 0.39650000000000007 0.62750000000000006 0.29400000000000004 0.41550000000000004 0.37250000000000005 0.20550000000000004 4.5000000000000009 0.46450000000000008 2.4825000000000004 5.9170000000000007 1.9665000000000001
decision_type=2 2 2 2 2 2 2 2 2 2 2 2 2 2 2 2 2 2 2 2 2 2 2 2 2 2 2 2 2 2
left_child=3 2 12 7 6 -6 -4 25 10 22 21 -12 13 -2 28 -14 -11 23 -19 24 -21 -5 -10 -9 -16 26 -1 -27 29 -3
right_child=1 14 4 8 5 -7 -8 17 9 16 11 -13 15 -15 19 -17 -18 18 -20 20 -22 -23 -24 -25 -26 27 -28 -29 -30 -31
leaf_value=-0.057825491128789958 -0.0049563088268503551 0.054631385467494888 0.016724945674544241 -0.038305399642790394 -0.0068887356171811569 0.0024655955644877735 0.0044025956026886841 -0.0507491130947074 0.019636282754659472 0.0041516747868844996 -0.00082158151174780726 -0.024856002026609147 0.0057803523973886332 0.0046190460091258909 0.013784549859900758 -0.020186717949554827 -0.030375584008438351 -0.011461589341761665 -0.071677301024761997 -0.0060318282136501674 0.020018528309635839 0.023645542921343837 0.068560133784055843 -0.0054464110431110199 0.057043591105130936 -0.054440819442751066 0.0034414678165437668 -0.065652146650847121 0.052119848865824971 0.052750572525871633
leaf_weight=4.2528023906052139 1705.6074491143227 12.241260930895811 297.59887275099754 41.894659526646137 1051.1830900758505 2069.9291283152997 2929.1472073569894 18.937548704445366 8.0165245011448878 412.1280680000782 368.20185306295753 68.999697215855122 45.075033262372017 454.55841983109713 2.9778608828783062 172.98221584782004 20.679511651396751 570.12141133286059 5.0790851414203635 34.809604793787003 141.43679350614548 4.8275114819407454 9.3415708541870099 5.3378194384276858 13.224347174167631 17.832842143252496 2.8735226429998875 2.7229536771774283 7.1620970852673045 5.139436896890401
leaf_count=61 8083 158 1540 244 4777 9102 12719 99 34 1795 1804 289 198 2004 20 775 87 2926 24 250 999 28 39 30 114 398 23 18 187 110
internal_value=-2.06128e-06 0.0012166 0.000704804 -0.00698274 0.00247886 -0.000684921 0.00553907 -0.0147879 -0.0017423 0.00417789 -0.0072495 -0.00461472 -0.00403044 -0.00294139 0.0217979 -0.014819 0.00250197 -0.0131593 -0.0119933 0.0177544 0.0148734 -0.0319044 0.0459655 -0.0407877 0.0490929 -0.0500552 -0.033121 -0.0559259 0.0535046 0.0540752
internal_weight=10504.3 8943.07 8726.08 1561.25 6347.86 3121.11 3226.75 627.158 934.089 450.166 483.924 437.202 2378.22 2160.17 216.991 218.057 432.808 599.476 575.2 192.449 176.246 46.7222 17.3581 24.2754 16.2022 27.6821 7.12633 20.5558 24.5428 17.3807
internal_count=48935 41036 39198 7899 28138 13879 14259 3579 4320 1955 2365 2093 11060 10087 1838 973 1882 3079 2950 1383 1249 272 73 129 134 500 84 416 455 268
is_linear=0
shrinkage=0.05


Tree=62
num_leaves=30
num_cat=0
split_feature=14 13 3 7 13 22 17 17 14 13 15 41 24 15 18 3 7 13 7 15 13 24 29 22 8 32 26 9 39
split_gain=35.487 32.0454 24.7673 22.7248 21.004 19.9839 18.1658 13.6453 12.3816 19.2554 12.333 10.522 10.0253 9.16498 8.45974 7.3571 11.3101 7.29064 7.07096 7.10956 6.66108 5.62518 4.80764 9.27415 4.47174 3.74702 2.98189 2.28168 2.07757
threshold=0.60350000000000004 1.9650000000000001 0.71700000000000008 0.20350000000000004 0.40350000000000003 0.25833333333333336 0.060500000000000005 0.38000000000000006 1.0000000180025095e-35 2.6550000000000002 -1.0409999999999997 0.42300000000000004 1.7475000000000003 0.71700000000000008 0.76388888888888895 0.55800000000000016 0.46000000000000008 1.3140000000000003 0.26000000000000006 1.3770000000000002 2.3090000000000006 1.2070000000000003 2.0985000000000005 -0.40833333333333327 0.21111111111111114 0.51400000000000012 0.34000000000000008 0.32550000000000007 2.6190000000000002
decision_type=2 2 2 2 2 2 2 2 2 2 2 2 2 2 2 2 2 2 2 2 2 2 2 2 2 2 2 2 2
left_child=7 2 10 4 -4 -5 11 8 9 27 25 -3 -13 24 -12 16 -8 -15 19 21 -17 -9 23 -20 -10 -2 -11 -1 -24
right_child=1 6 3 5 -6 -7 15 18 13 26 14 12 -14 17 -16 20 -18 -19 22 -21 -22 -23 28 -25 -26 -27 -28 -29 -30
leaf_value=-0.061742143651764274 -0.030598827511134814 -0.05320467881528608 -0.018537633050599477 -0.003711100329932028 0.0042928401952550344 0.0031080149482015668 -0.0024285046843587192 -0.05526681604713414 0.0064323148034839996 0.051108043986649601 -0.0093339726866601639 0.00039812888832630719 0.033288931442492363 0.033444258746353518 0.0096362819521689826 0.005089672113547051 -0.078749934388257892 -0.004223638215197262 0.10904337244224514 0.055131178776355511 0.018133602210664634 -0.0099412933954626335 -0.058645345272098165 -0.043416656815724264 -0.036758131327073805 -0.080506461608484542 -0.024233909447495507 -0.034328289471664379 -0.034951231800823532
leaf_weight=21.511237110942602 37.218988217413425 4.1743660271167746 103.87862509861588 3562.6773323975503 3336.8729392960668 1538.2995749004185 24.164906024932865 9.6672701463103277 7.4379279091954222 6.1666579060256472 622.46594578772783 28.385406501591206 126.04718972370028 13.728962637484072 64.896458439528942 537.77829484641552 6.0743728131055823 199.70205483585596 1.4191785529255865 3.1768903508782378 119.65013932064176 23.449685826897621 28.777744952589273 3.3568524569272986 30.848654214292765 4.1836576312780371 1.6686433106660841 11.728674374520777 13.634916817769406
leaf_count=255 213 31 859 15746 15070 6884 105 76 49 83 3172 133 912 78 287 2453 28 937 10 16 606 137 272 55 216 22 19 82 129
internal_value=-1.98049e-06 0.000558791 -0.000291439 0.000463443 0.00360357 -0.00165466 0.00987261 -0.0150792 -0.00999498 -0.0354483 -0.00913928 0.0251261 0.0272435 -0.00584151 -0.00754292 0.00635447 -0.0177597 -0.00180065 -0.0329109 -0.0163183 0.00746363 -0.0231724 -0.0456726 0.00188623 -0.0283675 -0.0356419 0.0350629 -0.0520692 -0.0510281
internal_weight=10493 10116.8 9270.49 8541.73 3440.75 5100.98 846.275 376.275 292.793 41.0752 728.765 158.607 154.433 251.718 687.362 687.668 30.2393 213.431 83.4825 36.2938 657.428 33.117 47.1887 4.77603 38.2866 41.4026 7.8353 33.2399 42.4127
internal_count=48935 46521 42253 38559 15929 22630 4268 2414 1719 439 3694 1076 1045 1280 3459 3192 133 1015 695 229 3059 213 466 65 265 235 102 337 401
is_linear=0
shrinkage=0.05


Tree=63
num_leaves=30
num_cat=0
split_feature=14 4 8 4 4 8 17 3 1 28 18 14 23 18 14 4 8 17 4 21 3 3 23 36 11 30 40 7 14
split_gain=33.9941 31.8888 42.5974 27.507 22.0542 20.9497 20.507 20.0241 23.9835 19.9783 16.9184 25.1695 16.7723 15.8927 14.1085 15.7202 13.015 13.0337 11.9648 10.7185 9.49803 8.16448 7.8726 6.4047 6.08935 4.38365 4.27025 6.29221 3.54439
threshold=0.95350000000000013 1.4190000000000003 0.36666666666666675 0.75450000000000006 0.25650000000000006 0.78888888888888908 0.070000000000000021 0.90250000000000019 3.5000000000000004 0.37300000000000005 0.74166666666666681 0.34850000000000009 2.5500000000000003 0.59166666666666679 0.55800000000000016 1.9590000000000003 1.0000000180025095e-35 0.27450000000000008 2.6125000000000003 -21.499999999999996 0.49150000000000005 1.1130000000000002 0.47649999999999998 0.35900000000000004 43.500000000000007 1.5175000000000003 0.74700000000000011 0.32700000000000007 0.81950000000000001
decision_type=2 2 2 2 2 2 2 2 2 2 2 2 2 2 2 2 2 2 2 2 2 2 2 2 2 2 2 2 2
left_child=3 2 6 24 12 -6 21 16 22 -8 14 18 -4 -10 23 -16 20 -18 -12 -13 -3 -2 -9 -5 26 -26 28 -28 -1
right_child=1 7 4 10 5 -7 9 8 13 -11 11 19 -14 -15 15 -17 17 -19 -20 -21 -22 -23 -24 -25 25 -27 27 -29 -30
leaf_value=-0.044113488618317098 0.0054392594000385631 -0.016651209116669601 -0.035948201471998439 0.012321055091951229 1.6384270439539196e-05 0.0085872231618987337 -0.019020759412230383 0.035582422508851928 0.0042321105413630055 -0.0050634742115381499 -0.032790477924782749 -0.0082639664406282589 0.04149182306285578 0.014772727234672649 -0.0072459772717921173 0.016106341120454847 0.0022290798023224738 -0.010780691761399343 0.036865709889348293 0.010836196265061007 0.027503644504577165 0.042786705997346963 0.0067564886655072584 -0.027255206626222262 0.050362050212397529 -0.020133708197325146 -0.0042721614248249313 -0.045710616941468801 -0.021133238297450584
leaf_weight=57.998308269307017 49.305569544434547 15.077244810760019 60.071844261139631 11.264086507260798 3499.0122542791069 895.42691197246313 470.73270925693214 102.33019462414086 1388.3309374116361 563.0618402287364 59.892394740134478 90.891321793198586 7.9130263961851588 481.67920296639204 1111.6374815180898 77.063137456774712 556.87446667253971 294.23645742982626 6.8723148405551902 382.80522044375539 63.361312709748745 20.809540424495935 30.819721138104796 110.58327417261899 4.0560994595289213 4.8325793743133545 28.075762927532196 13.597627922892569 23.609600603580475
leaf_count=479 243 74 557 74 15646 4254 2240 820 6139 2613 438 382 132 2182 5012 340 2428 1341 90 1681 287 103 230 684 20 21 158 152 115
internal_value=-2.25321e-06 0.00137318 -0.000849891 -0.00589678 0.0013256 0.00176281 -0.00964407 0.00559262 0.00840705 -0.0114188 -0.00432326 0.00312045 -0.0269347 0.00694717 -0.007393 -0.00573205 -0.000472425 -0.00226851 -0.0256205 0.00717132 0.0190163 0.0165236 0.0289102 -0.0235966 -0.0279336 0.0120351 -0.0308153 -0.0177931 -0.0374652
internal_weight=10482.2 8499.04 5566.33 1983.18 4462.42 4394.44 1103.91 2932.71 2003.16 1033.79 1851.01 540.461 67.9849 1870.01 1310.55 1188.7 929.549 851.111 66.7647 473.697 78.4386 70.1151 133.15 121.847 132.17 8.88868 123.281 41.6734 81.6079
internal_count=48935 39289 25788 9646 20589 19900 5199 13501 9371 4853 8701 2591 689 8321 6110 5352 4130 3769 528 2063 361 346 1050 758 945 41 904 310 594
is_linear=0
shrinkage=0.05


Tree=64
num_leaves=31
num_cat=0
split_feature=4 24 13 24 24 13 59 4 59 8 8 13 16 4 36 29 5 4 22 28 28 27 5 28 15 0 4 13 3 1
split_gain=31.9836 31.7308 26.2158 22.9762 18.0041 18.7937 16.9908 16.9234 14.7691 13.598 13.5217 12.9568 12.645 11.8059 11.258 13.3148 12.7308 10.817 10.5522 10.4 9.71023 8.9909 8.12103 7.29141 7.12385 1.15376 2.45854 0.117687 0.00629378 0.00437237
threshold=0.95750000000000013 3.3125000000000004 0.89600000000000013 2.7655000000000007 2.3485000000000005 1.7290000000000003 1.5000000000000002 2.0725000000000002 2.5000000000000004 0.18333333333333332 1.0000000180025095e-35 1.3585000000000003 0.35500000000000004 2.1275000000000004 0.46500000000000008 2.2510000000000008 0.30200000000000005 1.0680000000000003 -0.074999999999999942 0.45750000000000007 0.37900000000000006 0.31350000000000006 0.70200000000000007 0.33800000000000008 0.66100000000000014 4.5000000000000009 0.46450000000000008 1.4915000000000003 2.9500000000000006 2.5000000000000004
decision_type=2 2 2 2 2 2 2 2 2 2 2 2 2 2 2 2 2 2 2 2 2 2 2 2 2 2 2 2 2 2
left_child=3 2 9 8 7 -6 28 -4 25 10 -2 21 18 -11 15 -10 -16 -13 22 23 -20 -8 -5 -14 -21 26 -1 -27 29 -3
right_child=1 6 4 12 5 -7 11 -9 14 13 -12 17 19 -15 16 -17 -18 -19 20 24 -22 -23 -24 -25 -26 27 -28 -29 -30 -31
leaf_value=-0.057259716472850712 0.017723071318053781 0.052487218045879983 -0.0020124092219895875 -0.0080003223119123387 0.0025059919755040989 0.012485505484861685 0.0066090749446637651 0.0130778581584759 -0.0068116533647876974 -0.0052688948468185273 -0.030022159166188195 0.00027228624616071508 0.0096758441090633255 0.030139744145096875 0.011374324284643016 -0.025899069383695263 -0.0096343323671977555 0.02832889230857686 -0.0023455830030131553 0.061926454542525169 -0.022839924056047577 -0.05556845397663171 -0.076774417413470575 -0.0045435362457797645 -0.0093313718382569688 -0.053145306284665329 0.00377703910569392 -0.061879403436718418 0.051967045504652178 0.05432609429795171
leaf_weight=3.9225907772779491 17.53401242941618 4.4977923240512618 2874.3958224840462 8.3236298710107821 2553.5432425364852 578.68820603191853 662.1922180429101 198.63446480408311 167.67155423946679 1158.0369570478797 96.119799738749862 46.147622913122177 239.86626702919602 24.029202714562416 90.169865211471915 200.76096898317337 360.04760947078466 134.42338157817721 769.30815801024437 13.307376079261305 62.491369895637035 5.8655152767896643 8.8629454970359784 144.44590356200933 4.7627618908882132 13.426761189475657 2.8474054299294949 5.4112543836235991 6.5338439233601084 11.491965398192406
leaf_count=61 104 106 13042 34 10698 2687 3322 1060 935 5387 557 278 1044 108 469 1048 1647 935 3541 58 324 28 38 624 21 372 23 44 183 157
internal_value=-2.41184e-06 0.00138034 0.000331332 -0.00552659 0.00168206 0.00434973 0.0104128 -0.001037 -0.0119005 -0.00613737 -0.0226562 0.00927516 -0.00122631 -0.0045491 -0.0107309 -0.0172125 -0.0054267 0.0211586 -0.00468655 0.00607444 -0.00388528 0.00606316 -0.0434664 0.00433141 0.043145 -0.0492918 -0.0315882 -0.0556542 0.0532746 0.0538088
internal_weight=10467.8 8372.13 7500.98 2095.63 6205.26 3132.23 871.152 3073.03 844.258 1295.72 113.654 848.629 1251.37 1182.07 818.65 368.433 450.217 180.571 848.986 402.382 831.8 668.058 17.1866 384.312 18.0701 25.608 6.77 18.838 22.5236 15.9898
internal_count=48935 38652 33643 10283 27487 13385 5009 14102 4599 6156 661 4563 5684 5495 4099 1983 2116 1213 3937 1747 3865 3350 72 1668 79 500 84 416 446 263
is_linear=0
shrinkage=0.05


Tree=65
num_leaves=29
num_cat=0
split_feature=14 13 4 8 4 4 4 6 4 13 3 24 11 4 14 28 7 10 40 11 23 24 10 14 41 6 40 3
split_gain=30.0404 33.1973 23.4254 23.3185 35.138 21.187 17.7151 16.3933 19.384 16.0292 15.4027 13.2693 12.2197 12.0438 12.1108 11.6862 10.8394 10.5208 9.1467 8.90491 7.6532 7.46001 6.87683 6.8575 4.76649 5.85509 3.78568 1.66875
threshold=0.91850000000000021 1.4630000000000003 0.75450000000000006 0.36666666666666675 1.2980000000000003 1.7230000000000001 0.87750000000000006 0.60350000000000004 0.84800000000000009 1.1060000000000001 0.70200000000000007 3.7780000000000009 3.5000000000000004 2.0165000000000002 0.40450000000000003 0.19150000000000003 0.44200000000000006 7.5000000000000009 0.77150000000000019 45.500000000000007 -0.87799999999999978 2.7875000000000005 10.500000000000002 0.26150000000000007 0.52950000000000019 0.58100000000000007 0.72050000000000003 0.65100000000000013
decision_type=2 2 2 2 2 2 2 2 2 2 2 2 2 2 2 2 2 2 2 2 2 2 2 2 2 2 2 2
left_child=2 3 19 4 16 7 17 8 -3 15 -6 -8 27 14 -11 22 -2 -5 -15 24 -9 -14 -4 -17 26 -26 -1 -7
right_child=1 5 9 6 10 12 11 20 -10 13 -12 -13 21 18 -16 23 -18 -19 -20 -21 -22 -23 -24 -25 25 -27 -28 -29
leaf_value=-0.046229850522787344 -0.014193667082846027 -0.014454656927082336 0.027445882577724168 0.010269045218267148 -0.013072564895152558 0.0097923398917162015 0.0020963608095840767 0.077732148049365568 0.0037948799101408977 -0.02335019554614684 0.0012161660632478413 0.015136593874524477 0.011208295361658483 0.021507594718017171 -0.0023959474158874935 -0.053766838292923391 -0.037394645404397207 -0.0066373387434112132 -0.023328331796024879 0.029759257826985665 0.014623450553656915 0.03254925504571686 -0.024756476830974931 -0.018130194365784329 -0.042433200846623213 0.059597309248409835 -0.026297586337071521 0.050208922693930735
leaf_weight=34.852395430207253 447.68683080747724 158.32303612679243 21.894540876150135 103.15845064073801 228.39453367888927 2.8146535828709629 3085.0253181569278 4.898919701576232 1797.2958062924445 73.115491151809692 1082.5685345120728 208.25058498233557 364.36864756047726 79.346697639673948 1212.0085097253323 14.511201994493602 56.720526954159141 852.32170467078686 13.278621189296244 6.5193613469600669 247.98178765922785 46.134648434817791 8.8625119850039464 193.59454343467951 2.5287154652178279 3.1672285180538893 75.265595326200128 27.574078919366002
leaf_count=258 2131 710 121 460 1144 16 13399 23 7817 415 4674 1479 1683 431 5277 228 448 4297 72 30 1234 354 52 1108 32 17 576 449
internal_value=-2.29787e-06 0.00119516 -0.00600252 -0.000844765 -0.00558811 0.00586429 0.00118193 0.0038665 0.00231743 -0.00440613 -0.0012732 0.00292096 0.0158715 -0.00233307 -0.00358811 -0.0163634 -0.0168026 -0.00481204 0.01508 -0.0270986 0.015846 0.0136067 0.012404 -0.0206151 -0.0302992 0.0143008 -0.0326062 0.0464655
internal_weight=10452.5 8713.52 1738.95 6064.13 1815.37 2649.39 4248.76 2208.5 1955.62 1616.61 1310.96 3293.28 440.892 1377.75 1285.12 238.863 504.407 955.48 92.6253 122.333 252.881 410.503 30.7571 208.106 115.814 5.69594 110.118 30.3887
internal_count=48935 40318 8617 28032 8397 12286 19635 9784 8527 7704 5818 14878 2502 6195 5692 1509 2579 4757 503 913 1257 2037 173 1336 883 49 834 465
is_linear=0
shrinkage=0.05


Tree=66
num_leaves=27
num_cat=0
split_feature=4 8 4 3 39 3 8 15 4 13 16 36 4 23 41 9 28 9 9 3 14 32 4 2 40 29
split_gain=27.9334 28.0487 33.8155 24.7438 20.0702 13.9293 17.9204 13.0162 11.3556 11.2993 15.0144 11.1454 10.9042 9.21637 7.53923 6.93016 6.25559 5.98783 10.3155 8.57792 4.10882 4.10062 2.91869 2.4173 9.0661e-05 6.62577e-05
threshold=0.40350000000000003 0.74166666666666681 1.5895000000000004 0.55800000000000016 2.7295000000000003 0.87250000000000016 1.0000000180025095e-35 -2.8999999999999995 1.0000000180025095e-35 0.86850000000000016 0.081500000000000017 0.40350000000000008 1.1060000000000001 0.062499999999999958 0.49900000000000005 0.7875000000000002 0.32000000000000006 2.1345000000000005 2.1130000000000009 1.9835000000000003 2.3100000000000001 0.59250000000000014 0.60350000000000004 1.5000000000000002 0.71650000000000003 2.3955000000000006
decision_type=2 2 2 2 2 2 2 2 2 2 2 2 2 2 2 2 2 2 2 2 2 2 2 2 2 2
left_child=7 2 3 15 -5 11 -7 23 20 17 22 -4 -12 14 -10 -2 -15 18 -3 -19 21 -9 -11 24 -1 -26
right_child=1 9 5 4 -6 6 -8 8 13 10 12 -13 -14 16 -16 -17 -18 19 -20 -21 -22 -23 -24 -25 25 -27
leaf_value=0.053387307318322856 -0.025037828172505241 0.0032678002041366888 -0.014276167082072626 -0.00111257916317098 -0.012529478818257042 0.035499655428430935 0.0063570915665794973 -0.055526903563050123 -0.058447101551732543 0.007854286693411967 0.0054165651792889534 0.0018496882103539456 0.017967885021201824 0.0038530448765135487 -0.0072075592541877651 -0.0050291520163804242 -0.031954165137066018 -0.025291991005311022 0.078521552716023069 0.0018533222721827053 -0.00099915750658475556 -0.0037556973942255464 0.050495499262352889 -0.02368893606119259 0.053246521097829402 0.052840596578669269
leaf_weight=1.5351622775197018 149.2673231549561 136.67071254551411 128.64222330972552 6262.0501080285758 410.15513604134321 54.694930799305439 1484.3872666899115 37.251064298674464 18.077829197049144 4.7014895677566519 548.06944662705064 641.31960937008262 252.88758797571063 50.832500137388706 11.90742167085409 60.945384385064244 16.048218712210655 49.760320797562599 4.7107689976692191 70.102486167103052 4.7241206616163245 4.2625006344169369 27.403464186936617 1.2130728140473364 1.3729446083307264 3.7539160549640656
leaf_count=26 1013 595 619 28216 1868 437 6883 565 106 27 2487 2941 1178 256 64 409 90 222 20 352 28 52 372 11 24 74
internal_value=-2.3853e-06 0.000311008 -0.000589909 -0.00234654 -0.0018144 0.00464597 0.00739274 -0.021353 -0.0247969 0.00787813 0.0107233 -0.000844557 0.00937942 -0.0150658 -0.0380994 -0.0192369 -0.004739 -0.00119469 0.00577522 -0.00941589 -0.0451832 -0.0502112 0.0442511 0.0412294 0.0530502 0.0529493
internal_weight=10436.7 10285.8 9191.46 6882.42 6672.21 2309.04 1539.08 150.979 143.104 1094.31 833.062 769.962 800.957 96.866 29.9853 210.213 66.8807 261.244 141.381 119.863 46.2377 41.5136 32.105 7.8751 6.66202 5.12686
internal_count=48935 47639 42386 31506 30084 10880 7320 1296 1161 5253 4064 3560 3665 516 170 1422 346 1189 615 574 645 617 399 135 124 98
is_linear=0
shrinkage=0.05


Tree=67
num_leaves=27
num_cat=0
split_feature=13 24 4 24 13 6 39 17 5 22 1 13 24 15 27 13 41 13 21 7 30 4 8 44 18 24
split_gain=26.6696 30.4789 27.5488 20.8384 19.7896 19.768 19.6253 18.37 20.5431 17.9515 12.7023 10.1917 19.4763 9.74862 8.53392 8.06446 7.81884 6.3035 5.67454 4.54707 3.67434 3.19357 2.97111 2.05771 1.32816 0.00829541
threshold=0.68600000000000005 3.8035000000000001 0.95750000000000013 2.3485000000000005 1.7290000000000003 0.081500000000000017 2.5845000000000007 0.33900000000000002 -0.097499999999999989 0.63333333333333353 3.5000000000000004 1.0000000180025095e-35 4.3335000000000008 -0.29299999999999993 0.17300000000000001 1.0725000000000002 0.42850000000000005 0.93550000000000011 5.5000000000000009 0.39650000000000007 1.2925000000000002 1.6545000000000003 1.0000000180025095e-35 0.5445000000000001 0.12222222222222222 5.041500000000001
decision_type=2 2 2 2 2 2 2 2 2 2 2 2 2 2 2 2 2 2 2 2 2 2 2 2 2 2
left_child=5 2 7 6 -5 20 -4 8 -2 -9 23 12 19 16 17 -16 -13 -12 -14 -7 -1 -15 -22 25 -24 -3
right_child=1 10 3 4 -6 11 -8 9 -10 -11 14 13 18 21 15 -17 -18 -19 -20 -21 22 -23 24 -25 -26 -27
leaf_value=0.021446868424630283 -0.042594776176681615 0.053920872583578909 0.0020600344829264645 0.0024348435481771472 0.01209276501975691 -0.052635641585433462 -0.0057081776391201891 -0.020076922467115847 -0.0021914464736719251 0.029495928918485976 0.017708430661317439 0.018664358404649167 0.053237641738374079 -0.042471883347147438 0.0069707158290484217 0.025295348354062299 -0.0056670010685706245 -0.033170007402952159 -0.024705926002703275 0.0052231072078712543 -0.011419125026476469 0.0051085223621622584 -0.027071671675395554 -0.0030072991074295498 -0.061600922622207399 0.051803898492100278
leaf_weight=1.8449896909296502 32.196943715214729 18.529593084007509 1791.465704889968 3688.5707190558314 619.48921607807279 33.197279810905457 1488.6619223896414 276.944704182446 1376.3122586198151 19.551478490233421 9.7919438108801859 34.651318430900574 7.5725640133023244 22.816478438675407 118.01399565860629 122.22180954366922 700.44841400533915 16.092557977885008 3.3762494251132011 3.7826593704521647 4.0556263253092792 4.1713757887482634 3.1691398918628719 1.7305545900017012 22.972172040492296 6.1678330264985552
leaf_count=21 200 321 8374 15796 2986 445 6873 1356 6068 82 53 172 140 201 703 898 3437 100 22 37 37 27 20 33 344 189
internal_value=-2.33035e-06 0.000747116 0.000246882 0.00153731 0.00382363 -0.0085338 -0.00146551 -0.0054962 -0.00311502 -0.016808 0.0166377 -0.00701013 -0.0293742 -0.00560362 0.0133545 0.0162935 -0.00452006 -0.013923 0.0292024 -0.0467173 -0.0470522 -0.0351176 -0.0512374 0.049699 -0.0574149 0.0533922
internal_weight=10427.8 9585.74 9293.19 7588.19 4308.06 842.058 3280.13 1705.01 1408.51 296.496 292.548 810.016 47.9288 762.088 266.12 240.236 735.1 25.8845 10.9488 36.9799 32.0419 26.9879 30.1969 26.428 26.1413 24.6974
internal_count=48935 44032 41735 34029 18782 4903 15247 7706 6268 1438 2297 4481 644 3837 1754 1601 3609 153 162 482 422 228 401 543 364 510
is_linear=0
shrinkage=0.05


Tree=68
num_leaves=31
num_cat=0
split_feature=4 8 39 24 4 13 39 13 15 8 17 23 24 3 34 24 3 4 3 33 23 4 4 18 24 1 10 15 42 21
split_gain=24.8722 34.5562 24.3795 29.2866 19.978 19.3773 18.0994 17.6265 15.5394 15.5204 17.2191 13.6673 13.4384 13.4177 13.0819 12.2144 10.9724 9.74097 9.47237 9.42946 9.4062 9.75348 9.21063 10.2875 8.656 7.84175 7.40639 6.07293 5.9037 3.82233
threshold=1.2455000000000003 0.36666666666666675 2.7295000000000003 2.9535000000000005 0.40350000000000003 1.4260000000000004 2.5845000000000007 1.2545000000000002 -0.16349999999999998 0.76388888888888895 0.37250000000000005 -0.10149999999999994 3.9095000000000004 0.69400000000000006 0.60350000000000004 4.666500000000001 0.33900000000000002 1.0000000180025095e-35 1.9835000000000003 0.40600000000000008 0.78000000000000036 1.3470000000000002 1.9245000000000003 0.54444444444444462 3.9095000000000004 10.500000000000002 13.500000000000002 0.63800000000000012 0.28350000000000003 5.5000000000000009
decision_type=2 2 2 2 2 2 2 2 2 2 2 2 2 2 2 2 2 2 2 2 2 2 2 2 2 2 2 2 2 2
left_child=1 11 3 5 15 16 -7 8 -5 10 -6 13 -11 27 19 17 -2 -3 22 -13 -20 -22 23 -4 -9 -15 -24 -1 -16 -17
right_child=2 4 18 7 9 6 -8 24 -10 12 -12 14 -14 25 28 29 -18 -19 20 -21 21 -23 26 -25 -26 -27 -28 -29 -30 -31
leaf_value=-0.013611355820358757 -0.032896491033757962 -0.044952156916045934 -0.020657288669983953 0.0086161768678266124 -0.00036278910202892006 0.01015171097939626 0.00037738735784769161 0.019926846692096083 -0.034715859994268787 0.0035063055465637881 -0.011388873685486578 -0.011816330978145145 0.023038009656706465 0.016367401718933489 -0.043343442883103378 0.05295688415173877 -0.0011156068803710561 -0.014928005761088055 0.044298660436054946 -0.061926601903804723 -0.063319480355141664 0.015383417442648149 -0.0014747651241232805 -0.0028341539086832544 0.052852074846955747 -0.0049445147709326768 0.042596808764667871 -0.038692257386805075 -0.012441735419917032 -0.0010888261879292464
leaf_weight=73.068886881694198 27.491001766175032 38.39925878867507 222.71055860817432 566.33883485943079 2719.9916360192001 963.28994915634394 931.72398501262069 236.25990761443973 21.474291667342186 799.99469716846943 407.0778687633574 221.70943666249514 98.959859658032656 50.889648638665676 69.433193085715175 6.7681073173880559 2246.8008177913725 91.119024373590946 16.207459606230259 9.8031011596322042 5.5499194934964207 13.541795590892432 70.341707728803158 127.20409591495991 21.804031144827604 284.26595612615347 11.027485236525534 36.039366237819195 19.881870636716485 6.3323526158928871
leaf_count=490 189 497 978 2612 12237 4279 4133 1314 94 3477 2030 1183 815 244 430 133 9936 474 117 53 31 84 359 561 366 1273 51 326 122 47
internal_value=-2.32882e-06 -0.00257781 0.00231568 0.00333273 -0.000785126 0.00161172 0.00534596 0.0118155 0.00703315 -0.00013365 -0.00179815 -0.0123454 0.00565642 -0.00666639 -0.0202093 -0.0191758 -0.00149977 -0.0238295 -0.00861635 -0.0139382 0.0162856 -0.00749534 -0.0106545 -0.0141781 0.0227087 -0.00170854 0.00449799 -0.0218958 -0.0364646 0.0268329
internal_weight=10415.5 4933.73 5481.77 5015.18 4168.64 4169.31 1895.01 845.877 587.813 4026.02 3127.07 765.091 898.955 444.264 320.828 142.619 2274.29 129.518 466.583 231.513 35.2992 19.0917 431.284 349.915 258.064 335.156 81.3692 109.108 89.3151 13.1005
internal_count=48935 23831 25104 22923 19710 18537 8412 4386 2706 18559 14267 4121 4292 2333 1788 1151 10125 971 2181 1236 232 115 1949 1539 1680 1517 410 816 552 180
is_linear=0
shrinkage=0.05


Tree=69
num_leaves=31
num_cat=0
split_feature=14 16 36 21 14 11 7 3 1 24 9 39 15 36 3 22 24 21 16 14 43 43 20 8 5 36 37 3 2 19
split_gain=26.4545 29.3478 21.4767 16.3401 15.2883 14.4327 14.1927 13.9267 13.834 12.4611 11.6271 11.3085 11.025 10.3781 9.82132 9.69459 9.42677 9.38975 10.7913 9.28525 9.85419 8.42104 8.0587 7.29704 5.50315 4.09177 2.94299 2.25416 2.06909 0.366909
threshold=0.96350000000000013 0.63100000000000012 0.53450000000000009 -2.4999999999999996 0.40450000000000003 6.5000000000000009 0.26800000000000007 0.75450000000000006 8.5000000000000018 4.3335000000000008 1.3170000000000004 2.5590000000000006 2.6335000000000002 0.37050000000000005 0.81950000000000001 -0.92499999999999982 1.5085000000000002 -20.499999999999996 0.56600000000000006 0.7875000000000002 0.77150000000000019 0.74950000000000017 4.5000000000000009 0.63333333333333341 -0.60349999999999981 0.52450000000000008 0.5505000000000001 0.96650000000000003 6.5000000000000009 1.7400000000000004
decision_type=2 2 2 2 2 2 2 2 2 2 2 2 2 2 2 2 2 2 2 2 2 2 2 2 2 2 2 2 2 2
left_child=3 2 7 4 12 13 14 10 -9 11 -2 -4 15 -3 29 -1 26 23 -19 24 -21 -18 -16 -6 -8 -14 -7 -15 -11 -5
right_child=1 5 9 6 17 16 19 8 -10 28 -12 -13 25 27 22 -17 21 18 -20 20 -22 -23 -24 -25 -26 -27 -28 -29 -30 -31
leaf_value=-0.059702219260710482 -0.0063638678890858107 -0.054761079749721747 0.0087109998901439469 -0.061948240378167013 -0.010932112173093306 -0.058488847961859519 0.018701797061443315 0.0070163440905912549 -0.0010539577976686446 0.046179335274348914 -0.038778636838843354 0.0015344456590659075 0.05558918759972753 0.026339900962305166 -0.0063817860185568474 -0.018325620553079812 0.0079596766175862969 -0.0043007731421866669 0.0054223731889499784 -0.02080766271196606 0.023800045894014694 0.029163005339373951 0.058368387897686204 0.039630929697951733 -0.041322602525119843 -0.014663942841770042 -0.0041150580992597406 0.05121199343242841 0.011613409326033424 -0.038686103873178168
leaf_weight=17.155256133526564 640.29135286435485 2.7324197664856902 895.55027622543275 7.4392826743423921 258.73627869784832 5.9145361930131894 4.044312270358204 603.29477912560105 4432.2600083127618 20.758648565039042 28.914001513272524 1418.2019083760679 6.0757936947047693 11.95202052593231 338.06528652086854 80.990452606230974 181.73961690813303 534.72792961075902 611.92552763968706 90.019486449658871 14.354839131236075 63.080462671816349 4.8746152445673934 7.337799444794654 68.398039588704705 3.1457038633525372 4.2962249368429184 38.304825009778142 5.4701913967728606 2.1953457463532686
leaf_count=212 3190 21 3996 66 1098 26 36 3565 19354 324 204 6549 76 63 1603 519 861 2487 2708 431 70 288 22 31 598 37 20 405 54 21
internal_value=-2.17948e-06 0.00124682 0.000666892 -0.00509254 -0.00245785 0.0163932 -0.0126578 -0.000987678 -8.7079e-05 0.00470065 -0.0077644 0.00431217 -0.0206468 0.0401374 -0.00686016 -0.025558 0.0114598 -0.0010755 0.000888102 -0.0242183 -0.0146727 0.0134229 -0.00546141 -0.00953768 -0.0379716 0.0316239 -0.0356108 0.0452969 0.0389704 -0.0566477
internal_weight=10402.2 8352.76 8044.74 2049.49 1520.09 308.02 529.391 5704.76 5035.55 2339.98 669.205 2313.75 107.367 52.9893 352.575 98.1457 255.031 1412.73 1146.65 176.817 104.374 244.82 342.94 266.074 72.4424 9.2215 10.2108 50.2568 26.2288 9.63463
internal_count=48935 38920 37236 10015 7168 1684 2847 26313 22919 10923 3394 10545 844 489 1712 731 1195 6324 5195 1135 501 1149 1625 1129 634 113 46 468 378 87
is_linear=0
shrinkage=0.05


Tree=70
num_leaves=31
num_cat=0
split_feature=14 4 8 18 17 22 13 7 5 18 24 18 14 18 4 6 17 7 16 36 4 6 4 11 40 26 14 11 29 41
split_gain=24.6661 24.9565 25.4054 19.8299 19.1594 30.5763 19.4971 16.5995 13.6447 13.5935 15.0631 12.4432 16.2513 11.2066 10.1373 10.1136 9.53537 9.31041 11.5513 7.91181 7.8378 9.03385 7.66572 9.45412 6.33663 5.94331 5.78521 4.98688 4.00132 1.85922
threshold=0.72900000000000009 1.5895000000000004 0.23611111111111113 0.36666666666666675 0.20350000000000004 0.25833333333333336 0.83650000000000013 0.08900000000000001 -1.0000000180025095e-35 0.54444444444444462 2.8905000000000007 0.76388888888888895 0.40450000000000003 0.93333333333333346 2.5770000000000004 0.52750000000000019 0.17300000000000001 0.34900000000000003 0.69800000000000006 0.57100000000000006 1.9425000000000001 0.28300000000000008 0.79050000000000009 44.500000000000007 0.77150000000000019 0.19500000000000003 0.55800000000000016 15.500000000000002 2.7925000000000004 0.49400000000000005
decision_type=2 2 2 2 2 2 2 2 2 2 2 2 2 2 2 2 2 2 2 2 2 2 2 2 2 2 2 2 2 2
left_child=11 2 3 19 6 -6 -4 13 -5 10 -9 17 14 16 15 -13 -3 20 25 -2 26 -22 27 -24 -11 -19 -1 -14 -20 -16
right_child=1 7 4 8 5 -7 -8 9 -10 24 -12 12 22 -15 29 -17 -18 18 28 -21 21 -23 23 -25 -26 -27 -28 -29 -30 -31
leaf_value=-0.025782912287831472 -0.028097733020303602 0.003213186679427014 -0.0053953037242005161 -0.0014070118701120641 -0.0053322063130716631 0.0034326921319765176 0.0054929427030408961 -0.0022598490379678745 -0.023122018089405297 0.012168643750090729 0.011907706312902449 -0.032630095757822011 -0.066339016974685583 0.053046660468739674 0.060698705682578014 0.031629509425847628 0.021334178631464626 -0.013047672555323421 -0.012530080846414307 0.0065084377941138673 -0.0054003761964422584 0.043763936542546948 0.014399982435479106 -0.016377874187128338 -0.0014333092297074681 -0.044062024050503995 -0.0095782622560675271 -0.00030862884282590816 0.055620885723455561 0.0083594234435942685
leaf_weight=75.97692408785224 155.0019228477031 126.26377395913005 504.0508280210197 444.66731607913971 2539.4541113115847 1636.0735028833151 2230.5961199570447 957.44925889745355 86.396319806575775 488.57380237989128 233.33658641949296 62.009336147457361 5.6398424059152585 19.199852243065834 3.8134644217789164 6.7939402386546126 170.79706234484911 21.343947207555175 3.8876669704914075 18.485905297100544 34.159935891628265 12.861514464020727 151.70067347213626 29.862386479973793 103.81849006190896 55.909679341129959 200.23561760410666 5.8001742959022522 4.8290832340717316 3.0568169429898262
leaf_count=514 789 752 2763 1999 11489 7384 10249 4140 379 2177 1236 474 38 276 56 37 824 150 21 83 187 60 686 126 469 507 984 28 22 36
internal_value=-2.22532e-06 0.000641267 -0.000689444 -0.00973413 0.00023274 -0.00189791 0.00348602 0.0054678 -0.00493973 0.00359543 0.000516308 -0.0092236 -0.000863429 0.0160248 -0.020502 -0.0262848 0.013632 -0.0147127 -0.0293368 -0.0244103 -0.0108232 0.00804726 0.00683654 0.00933783 0.00978486 -0.0354933 -0.0140356 -0.0328611 0.0252256 0.0374112
internal_weight=10392 9714.16 7614.73 704.551 6910.17 4175.53 2734.65 2099.44 531.064 1783.18 1190.79 677.881 268.677 316.261 75.6736 68.8033 297.061 409.204 85.9704 173.488 323.234 47.0215 193.003 181.563 592.392 77.2536 276.213 11.44 8.71675 6.87028
internal_count=48935 45009 35135 3250 31885 18873 13012 9874 2378 8022 5376 3926 1481 1852 603 511 1576 2445 700 872 1745 247 878 812 2646 657 1498 66 43 92
is_linear=0
shrinkage=0.05


Tree=71
num_leaves=29
num_cat=0
split_feature=13 14 17 22 4 12 22 4 4 1 18 24 4 24 13 22 30 21 14 23 9 6 9 24 24 4 4 14
split_gain=24.1026 24.1038 28.7957 21.0233 29.2182 19.5524 18.7527 17.7141 13.0549 12.6955 11.8603 15.587 12.8795 9.36751 15.8988 7.07575 6.30432 6.43997 4.7023 4.55511 3.05506 2.11655 1.5596 0.290911 0.0372887 0.015791 0.00845863 0.0071328
threshold=0.50850000000000006 0.96350000000000013 0.070000000000000021 0.25833333333333336 1.4790000000000003 1.5000000000000002 0.25833333333333336 0.66100000000000014 1.1060000000000001 2.5000000000000004 0.76388888888888895 0.97050000000000003 2.0725000000000002 4.0015000000000009 1.0000000180025095e-35 -0.066666666666666638 1.5720000000000003 5.5000000000000009 0.85450000000000015 0.40350000000000003 2.4905000000000004 0.59650000000000014 1.9835000000000003 2.6650000000000005 1.7475000000000003 1.9665000000000001 1.2455000000000003 2.9615000000000005
decision_type=2 2 2 2 2 2 2 2 2 2 2 2 2 2 2 2 2 2 2 2 2 2 2 2 2 2 2 2
left_child=9 7 5 4 -4 27 -7 18 -5 23 12 -12 -9 14 21 -16 17 -15 20 -20 -2 -11 -18 24 26 -26 -1 -3
right_child=1 2 3 8 -6 6 -8 10 -10 13 11 -13 -14 16 15 -17 22 -19 19 -21 -22 -23 -24 -25 25 -27 -28 -29
leaf_value=-0.051260703060152749 -0.044319063518445515 0.053690497305667155 -0.0040034255941472138 0.0012365268022000377 0.0038587973658034029 0.015816986061063174 -0.002448570801471245 -0.0070620904509997029 0.0087565248102323186 -0.02978871945135458 -0.02799469280890823 0.0049125903164192238 0.016634972466803316 0.033793959802158983 -0.051872998551829211 -0.0080112159580349365 0.010151813660411195 -0.018903515395691607 0.010272892867689468 -0.04699008910779541 -0.010244749713252677 -0.0554589408348252 0.061487874121331568 -0.073007317145062603 -0.055558225800187599 -0.061635591527497452 -0.054545836200690118 0.051567839167565258
leaf_weight=3.8482877854257804 38.928639648482203 22.165314612910155 3144.1333733424544 1252.6202388703823 1893.2394354660064 430.91303188726306 208.51744750887156 1341.7596012931317 1070.2365093007684 12.801818959414957 38.699072962626815 513.06882466003299 59.898487489670515 9.3331140726804751 9.5523853823542577 245.58850561827421 1.8850851766765098 15.304246738553045 11.269329622387888 5.0198740661144248 7.9157928600907317 21.542050443589687 6.8760144598782063 2.7455939799547187 2.045292304828763 2.2388820499181747 3.992154847830534 4.8179282303899518
leaf_count=184 299 389 14123 5580 8474 2182 1105 6244 4813 105 405 2267 280 148 73 1300 18 89 57 22 46 374 77 14 27 16 56 168
internal_value=-2.33189e-06 0.00043949 0.00166726 0.000766114 -0.0010485 0.0116199 0.00986061 -0.00444747 0.0047013 -0.01314 -0.00360499 0.00260459 -0.00604942 -0.0110597 -0.0139525 -0.00965339 0.0140134 0.00105932 -0.0305145 -0.00737395 -0.0385612 -0.0458903 0.0504421 -0.058311 -0.0549831 -0.0587342 -0.0529334 0.0533115
internal_weight=10381 10043.2 8026.64 7360.23 5037.37 666.414 639.43 2016.56 2322.86 337.753 1953.43 551.768 1401.66 322.883 289.485 255.141 33.3985 24.6374 63.1336 16.2892 46.8444 34.3439 8.7611 14.8702 12.1246 4.28417 7.84044 26.9832
internal_count=48935 46454 36834 32990 22597 3844 3287 9620 10393 2481 9196 2672 6524 2184 1852 1373 332 237 424 79 345 479 95 297 283 43 240 557
is_linear=0
shrinkage=0.05


Tree=72
num_leaves=28
num_cat=0
split_feature=13 14 17 8 39 2 22 18 14 1 14 8 39 13 24 24 13 7 36 29 26 7 24 24 5 5 14
split_gain=21.9488 21.7903 26.0902 23.771 21.5323 18.9611 16.9695 12.3197 17.2814 12.1998 11.7452 11.6152 11.0872 10.7974 9.87593 8.52948 15.1129 7.53064 6.49092 5.70244 4.83084 4.51943 0.243588 0.0316932 0.00742553 0.00614829 0.00609674
threshold=0.50850000000000006 0.96350000000000013 0.070000000000000021 0.78888888888888908 2.7140000000000004 1.5000000000000002 0.25833333333333336 0.74166666666666681 0.26150000000000007 2.5000000000000004 0.55800000000000016 0.81666666666666676 2.5690000000000004 2.1130000000000009 0.97050000000000003 4.0015000000000009 1.0000000180025095e-35 0.58550000000000002 0.35900000000000004 2.1605000000000003 0.71750000000000014 0.39650000000000007 2.6650000000000005 1.7475000000000003 -0.84099999999999986 -0.67949999999999988 2.9615000000000005
decision_type=2 2 2 2 2 2 2 2 2 2 2 2 2 2 2 2 2 2 2 2 2 2 2 2 2 2 2
left_child=9 7 5 4 -4 26 -7 10 13 22 18 -5 -12 -9 -10 16 21 -18 -2 -17 -21 -11 23 25 -25 -1 -3
right_child=1 2 3 11 -6 6 -8 8 14 15 12 -13 -14 -15 -16 19 17 -19 -20 20 -22 -23 -24 24 -26 -27 -28
leaf_value=-0.054100788447106911 0.015667951210763593 0.053499440525683332 0.00061679721664675141 0.015812251223547274 -0.0095041077068450178 0.015052384156979015 -0.0023249622094101354 -0.04368266003184601 -0.039247951942463916 -0.051573184261716414 -0.00069028303069565726 0.0037106967012498927 -0.0098827140670761458 0.0092581037133145482 0.0055321926624136049 -0.060816708306407653 -0.0079712333339488212 -0.069518673110999601 -0.024962739093725594 0.024593717706502184 -0.055452178440406501 0.0068248819021395346 -0.071484550730080768 -0.060144392406961192 -0.055864666258263862 -0.051223215100569812 0.05148916245694684
leaf_weight=4.0558191537857047 10.765372814610599 21.157692154869441 5967.1254606731236 341.40214405953884 576.27534930594265 430.18074041046202 208.62056750245392 31.735279489308596 12.611744232475756 29.551930164918303 650.79838353022933 472.99115445837379 661.3641799017787 13.827717982232569 518.96157404780388 2.3939657025039187 249.3624907862395 5.0710189305245867 113.08869315125048 28.577781569212679 2.0179801471531382 3.7313558980822554 2.6658983826637259 2.2898669950664043 1.8183592464774845 3.4228397151455274 4.5897812359035006
leaf_count=66 76 389 26676 1529 2635 2182 1105 330 69 441 3018 2150 2976 126 2292 24 1333 40 733 290 18 38 14 19 24 174 168
internal_value=-2.37337e-06 0.000417872 0.001585 0.00072807 -0.000274548 0.0110729 0.00937727 -0.00423311 0.00193671 -0.0125931 -0.00671276 0.00878379 -0.00532351 -0.0276159 0.00446977 -0.0105814 -0.0133426 -0.00919791 -0.0214311 0.0134993 0.0193142 -0.0450262 -0.0578573 -0.0547219 -0.0582501 -0.0527838 0.0531411
internal_weight=10370.5 10035.5 8022.34 7357.79 6543.4 664.549 638.801 2013.15 577.136 334.959 1436.02 814.393 1312.16 45.563 531.573 320.707 287.717 254.434 123.854 32.9897 30.5958 33.2833 14.2528 11.5869 4.10823 7.47866 25.7475
internal_count=48935 46454 36834 32990 29311 3844 3287 9620 2817 2481 6803 3679 5994 456 2361 2184 1852 1373 809 332 308 479 297 283 43 240 557
is_linear=0
shrinkage=0.05


Tree=73
num_leaves=29
num_cat=0
split_feature=4 8 4 17 18 14 14 24 4 24 27 17 1 7 40 28 21 59 39 27 27 4 7 19 37 40 12 24
split_gain=21.8055 22.1367 21.5102 20.172 20.0781 15.432 13.1825 12.1737 18.6866 10.7115 10.58 9.46905 8.9688 8.1504 7.85401 7.65959 6.59434 6.38562 4.29588 3.52111 3.29096 5.04016 1.55516 1.9067 1.03438 0.787513 0.304625 0.141224
threshold=0.79050000000000009 0.74166666666666681 1.8135000000000001 0.14550000000000002 0.76388888888888895 0.60350000000000004 0.7875000000000002 4.0015000000000009 1.0000000180025095e-35 2.8575000000000004 0.16050000000000003 0.42600000000000005 5.5000000000000009 0.10400000000000001 0.68100000000000016 0.15450000000000003 -17.499999999999996 22.500000000000004 2.7475000000000005 0.19050000000000003 0.28400000000000009 0.70200000000000007 0.23400000000000001 1.8685000000000003 0.38250000000000006 0.74900000000000011 1.5000000000000002 2.0485000000000007
decision_type=2 2 2 2 2 2 2 2 2 2 2 2 2 2 2 2 2 2 2 2 2 2 2 2 2 2 2 2
left_child=5 2 3 6 -5 20 -2 8 18 13 -9 -10 24 -4 15 -14 -16 -11 -7 -12 22 25 23 -1 -3 -22 -26 -24
right_child=1 12 9 4 -6 7 -8 10 11 17 19 -13 14 -15 16 -17 -18 -19 -20 -21 21 -23 27 -25 26 -27 -28 -29
leaf_value=-0.060613954458028911 -0.0090135446114557646 -0.0015384384752875834 0.012581383207592424 -0.0031349131207840061 0.0074500254814497367 -0.04975302997280201 0.0057742375859622143 -0.092068408373936997 -0.0042700364865011298 0.022424259632773308 -0.01147869653380193 -0.021943582805888474 -0.082748322368727811 0.0018528401550462707 0.069427624077793876 -0.0068045622217235441 0.0084764529311147155 -0.012249439421138333 0.025957330787585976 0.025914870171927354 -0.055790973761234666 0.072886847798480717 -0.055806067900381229 -0.017079559785520143 0.052018791898305689 -0.00083197055962157458 0.081745021725034284 -0.066782251855691463
leaf_weight=4.0799348559230619 169.30664433911443 0.88938415609300037 238.01210401952267 5470.8477566186339 487.96862708032131 29.819852720946077 1371.7619073856622 2.1548303551971904 782.46879043616354 134.98555384017527 7.2699072025716296 83.915593340992928 4.2368658185005215 690.88721074908972 4.4635968208312979 15.345592290163038 761.58343074470758 14.726971410214899 1.9992326665669669 46.966161262243986 2.1475179493427272 1.4899868443608282 11.921904606744645 6.5576116815209389 10.83401043899357 0.9358578287065028 0.9363234397023924 3.8856485299766055
leaf_count=43 933 19 1425 24746 2118 440 6257 14 3596 973 58 462 18 3046 19 70 3526 67 19 421 44 11 238 56 262 23 6 25
internal_value=-2.43438e-06 0.000741182 8.76007e-08 -0.000949405 -0.00226811 -0.00707695 0.00414961 -0.00594916 -0.00736394 0.00660217 0.0165857 -0.00598185 0.00870506 0.00460182 0.0080323 -0.0232358 0.0088316 0.0190135 -0.0449961 0.0209026 -0.0417848 -0.00262176 -0.0485575 -0.0337768 0.0504548 -0.03911 0.0543835 -0.0585041
internal_weight=10362.4 9376.79 8578.5 7499.88 5958.82 985.613 1541.07 954.594 898.203 1078.61 56.3909 866.384 798.289 928.899 785.629 19.5825 766.047 149.713 31.8191 54.2361 31.0185 4.57336 26.4451 10.6375 12.6597 3.08338 11.7703 15.8076
internal_count=48935 43485 39565 34054 26864 5450 7190 5010 4517 5511 493 4058 3920 4471 3633 88 3545 1040 459 479 440 78 362 99 287 67 268 263
is_linear=0
shrinkage=0.05


Tree=74
num_leaves=31
num_cat=0
split_feature=7 17 4 13 22 14 12 39 18 8 4 24 12 14 4 14 6 17 36 6 42 22 30 36 1 11 41 44 5 28
split_gain=20.8186 25.4332 20.7117 18.0145 20.0231 17.9166 23.8845 18.0934 17.4261 13.2825 13.3694 13.2336 13.2299 11.7599 11.2388 11.1694 10.6799 10.2618 9.3669 10.344 9.60925 8.70235 13.8418 8.18876 7.62626 5.90957 5.69943 5.10877 3.47063 2.34333
threshold=0.28900000000000003 0.072500000000000009 0.95750000000000013 0.59200000000000008 0.25833333333333336 0.26150000000000007 1.5000000000000002 2.5845000000000007 0.18333333333333332 0.59166666666666679 1.0000000180025095e-35 5.9170000000000007 9.5000000000000018 1.2710000000000001 2.8450000000000006 0.91850000000000021 0.21950000000000003 0.20950000000000002 0.48400000000000004 0.38700000000000007 0.24650000000000002 0.43055555555555564 1.4910000000000003 0.36650000000000005 6.5000000000000009 18.500000000000004 0.43550000000000005 0.47850000000000004 -1.1889999999999998 0.64350000000000007
decision_type=2 2 2 2 2 2 2 2 2 2 2 2 2 2 2 2 2 2 2 2 2 2 2 2 2 2 2 2 2 2
left_child=2 13 9 16 8 14 -7 -8 -5 17 11 -11 -6 18 25 -12 28 23 20 -20 -2 26 -23 -1 -19 -4 -15 -18 -3 -16
right_child=1 3 5 4 12 6 7 -9 -10 10 15 -13 -14 21 29 -17 27 24 19 -21 -22 22 -24 -25 -26 -27 -28 -29 -30 -31
leaf_value=-0.044429928824626257 -0.048620252968414712 -0.0021398666995605733 -0.042905467269679837 -0.033537410952248589 -0.010615824431002764 0.05290869927949006 0.0057586627659983866 0.00012558538820551867 -0.0053563069929441764 -0.044218321425799324 -0.014749534973998005 0.036972325714832985 0.0076754144929167267 -0.023692058400074031 0.05900854712847993 0.0018435577256808245 -0.033421053070563964 0.035506631859802761 0.030276712566962856 -0.017336062858469854 -0.0013550326588396323 0.034607837572253226 -0.029764943901045338 0.0010964894488015467 -0.02141930063118817 0.041556215573351665 0.031680184525507575 -0.0065653286280741314 -0.055892174024448661 -0.011572161288977071
leaf_weight=10.666301684454082 15.464585999026893 3.3854398801922825 36.956302534788847 56.280524250119925 123.1639922298491 23.92602870054543 2758.3381264992058 2950.1165852770209 2167.0476223733276 30.525333883240819 114.64400678500533 6.0064126253128043 500.92402794212103 4.8769729211926451 3.8930350318551055 879.10955790057778 25.765498066321015 6.0646825842559329 34.450136672705412 17.054476240649819 35.298388523980975 15.440822560340164 18.186661601066589 133.49852521717548 196.87032425776124 2.1939286142587653 98.618284858763218 56.630534291267395 26.582493651658297 1.6849742010235784
leaf_count=56 81 33 375 269 637 557 12423 13388 10186 420 567 126 2189 25 69 3930 149 52 172 89 189 82 108 647 911 11 499 317 355 23
internal_value=-2.37082e-06 -0.00335526 0.00149689 -0.00462314 -0.00384825 0.00281049 0.00305645 0.0028475 -0.00606967 -0.00401266 -0.00116275 -0.0308693 0.00406563 0.0123205 -0.0287119 -7.06982e-05 -0.0242596 -0.0124719 -0.000511825 0.0145109 -0.0157541 0.021891 -0.00020672 -0.00227187 -0.0197181 -0.0381723 0.0290709 -0.0149632 -0.0498198 0.0376879
internal_weight=10353.7 3199.17 7154.49 2959.78 2847.42 5777.11 5732.38 5708.45 2223.33 1377.39 1030.29 36.5317 624.088 239.39 44.7282 993.754 112.364 347.1 102.268 51.5046 50.763 137.123 33.6275 144.165 202.935 39.1502 103.495 82.396 29.9679 5.57801
internal_count=48935 15380 33555 14135 13281 26846 26368 25811 10455 6709 5043 546 2826 1245 478 4497 854 1666 531 261 270 714 190 703 963 386 524 466 388 92
is_linear=0
shrinkage=0.05


Tree=75
num_leaves=31
num_cat=0
split_feature=3 4 39 17 17 13 14 18 24 44 7 24 24 22 6 6 12 15 3 13 7 5 36 22 7 35 36 24 44 23
split_gain=20.7586 22.7177 23.1008 20.657 16.9003 15.7164 14.9979 16.4775 13.8615 13.5058 12.0295 11.8911 11.6491 10.831 8.80134 11.1805 9.47067 8.55358 8.45488 10.3412 8.23602 8.48427 8.39676 7.78115 4.51445 2.67337 4.14498 2.00655 1.94311 0.0837417
threshold=0.71700000000000008 1.2245000000000001 2.5845000000000007 0.7320000000000001 0.070000000000000021 1.4310000000000003 0.81350000000000011 0.76388888888888895 2.5465000000000004 0.49550000000000005 0.25450000000000006 1.8465000000000003 4.2580000000000009 -1.0000000180025095e-35 0.37250000000000005 0.10600000000000001 22.500000000000004 0.40350000000000003 0.26150000000000007 2.6835000000000004 0.43650000000000005 -0.59649999999999992 0.36650000000000005 -0.84999999999999998 0.24550000000000002 0.71600000000000008 0.52650000000000008 3.2415000000000007 0.47350000000000003 -0.66649999999999976
decision_type=2 2 2 2 2 2 2 2 2 2 2 2 2 2 2 2 2 2 2 2 2 2 2 2 2 2 2 2 2 2
left_child=13 3 5 6 9 11 7 -2 -6 -4 -7 -3 -8 18 15 17 -17 -15 19 23 21 -20 -22 -1 -5 26 -16 -26 -21 -27
right_child=1 2 4 24 8 10 12 -9 -10 -11 -12 -13 -14 14 25 16 -18 -19 20 28 22 -23 -24 -25 27 29 -28 -29 -30 -31
leaf_value=-0.060300962387380877 -0.018521233101577685 -0.01305850986311847 -0.0014290776620124552 0.014493737010002547 -0.004993662813053047 0.017013667482807766 -0.00114833348411982 0.0053565174100743598 0.002632143516281122 0.024250819168309498 0.0048512303652842878 0.0047995200260958215 0.018491436216848064 -0.051456971563256362 0.035906445748363366 -0.0007691776842116034 -0.030715117219497635 0.053334646864197255 0.0012268144307138755 0.0031147680673854535 0.031341470285150018 -0.016519262972306117 -0.026228138488925828 -0.01790122626800875 -0.055303482775268489 -0.071669103163713666 -0.061223993254743703 -0.1127608513290016 0.060615161862540984 -0.062167793915623715
leaf_weight=14.375096106901763 247.9395744651556 100.24412107467651 88.411854419857264 2.2479435652494457 1247.2489276267588 507.65142447501421 4108.5419166963547 101.96417029201984 1141.1023468021303 121.64965076372027 339.11243389733136 1329.8112727254629 76.915760161355138 25.688761997036639 1.9264601226896072 99.656209632754326 35.918600857257843 2.1070297043770543 529.16604444757104 2.3443551510572425 7.1228082161396733 77.174618205055594 57.179706303402781 43.763100207783282 16.269022166728977 3.090124275535346 2.5552720054984093 1.6760268434882153 3.9360587410628796 9.2941537648439372
leaf_count=207 1386 496 503 10 5394 2454 18606 478 5261 725 1502 5829 852 294 16 580 177 22 2477 27 47 443 359 338 245 18 27 8 67 87
internal_value=-2.48821e-06 0.000695244 0.00306744 -0.00184342 -0.00015434 0.0067443 -0.00161876 -0.0115631 -0.00135022 0.0134425 0.0121428 0.00354771 -0.000787415 -0.00719157 -0.0181757 -0.0146256 -0.00870292 -0.0435134 -0.00449828 -0.0218005 -0.00283632 -0.00103189 -0.0198511 -0.0283849 -0.0523024 -0.0525634 -0.0194727 -0.0606699 0.0391514 -0.0645386
internal_weight=10346.1 9430.79 4875.23 4555.55 2598.41 2276.82 4535.36 349.904 2388.35 210.062 846.764 1430.06 4185.46 915.298 180.237 163.371 135.575 27.7958 735.062 64.4186 670.643 606.341 64.3025 58.1382 20.193 16.866 4.48173 17.945 6.28041 12.3843
internal_count=48935 43749 22164 21585 11883 10281 21322 1864 10655 1228 3956 6325 19458 5186 1221 1073 757 316 3965 639 3326 2920 406 545 263 148 43 253 94 105
is_linear=0
shrinkage=0.05


Tree=76
num_leaves=29
num_cat=0
split_feature=13 4 14 4 3 9 17 22 3 15 22 2 19 22 29 14 19 4 30 29 13 17 25 41 5 4 11 1
split_gain=19.8881 21.1956 20.5866 20.0582 18.4651 25.2204 18.2079 20.5599 14.9889 14.5435 13.8925 12.5426 10.8535 9.4086 8.77007 7.49514 7.29003 7.73963 7.27665 6.57073 5.66347 3.98801 3.83092 7.39399 3.5947 0.00235397 0.00195212 0.000163594
threshold=1.1060000000000001 0.40350000000000003 1.1090000000000002 2.1455000000000006 1.1520000000000001 1.6450000000000002 0.14550000000000002 0.24999999999999997 0.75450000000000006 -0.28299999999999997 0.36666666666666664 1.5000000000000002 1.2710000000000001 0.19999999999999998 3.0420000000000003 0.50950000000000017 1.8440000000000003 2.5145000000000004 1.4570000000000001 1.7185000000000001 2.1835000000000004 0.12250000000000001 507.50000000000006 0.48400000000000004 1.1130000000000002 0.96650000000000003 2.5000000000000004 2.5000000000000004
decision_type=2 2 2 2 2 2 2 2 2 2 2 2 2 2 2 2 2 2 2 2 2 2 2 2 2 2 2 2
left_child=2 20 11 6 9 13 8 -8 -3 14 -7 25 -11 -6 -4 21 18 -18 -5 -17 22 -13 23 -2 -24 27 -27 -1
right_child=1 3 4 16 5 10 7 -9 -10 12 -12 15 -14 -15 -16 19 17 -19 -20 -21 -22 -23 24 -25 -26 26 -28 -29
leaf_value=-0.050693616637965594 -0.066553926444796713 -0.0059692929471791114 -0.0089314478429659751 -0.0011545017231235956 0.0024336049495093538 -0.0099927292643980925 -0.0015286679030156846 0.0070365062497830273 0.0086049179793192109 0.024460585928435089 0.0010072094448749971 -0.060276104198777838 -0.0087133825377870688 0.012423915489437174 0.023021700106728975 -0.040646733508739395 -0.0020359354593270573 0.02944315861580964 0.034435670498753151 -0.0074178174066836427 0.024162329733654474 -0.022277809424925597 -0.06607296164634674 0.027377710542610845 -0.032384510433787164 -0.052751590948256814 -0.051350724066426406 -0.05130046999310485
leaf_weight=1.528464553877712 3.3485493808984739 206.74548118934035 991.11151043884456 17.632535712793469 453.08060375601053 470.32409483939409 3926.1714214943349 852.81787636131048 1202.5910092443228 62.841762006282806 736.56646047718823 8.587779710069297 40.574765384197235 491.13961562514305 21.949727885425091 15.276196811348198 61.371617596596479 28.63745254278183 77.426885971799493 569.58474982343614 4.1576582640409461 35.240477290935814 12.37628250569105 5.5966506190598011 21.984060570597649 9.0956084653735143 3.4226879999041566 4.0617796648293734
leaf_count=115 19 1005 4788 93 1942 2100 17288 3853 5686 299 3804 99 192 2155 98 93 341 360 434 3058 21 391 76 32 107 185 135 166
internal_value=-2.74288e-06 0.0017098 -0.00281187 0.00195771 -0.00119862 0.00150924 0.00147263 -1.99606e-07 0.00646692 -0.00641584 -0.00327946 -0.0109619 0.011445 0.0076301 -0.00823913 -0.00978022 0.0181777 0.00797951 0.0278341 -0.00828574 -0.0315794 -0.0297233 -0.036931 -0.00778469 -0.0445188 -0.0519876 -0.0523686 -0.0511345
internal_weight=10335.2 6420.86 3914.39 6373.39 3267.59 2151.11 6188.33 4778.99 1409.34 1116.48 1206.89 646.798 103.417 944.22 1013.06 628.689 185.068 90.0091 95.0594 584.861 47.4632 43.8283 43.3055 8.9452 34.3603 18.1085 12.5183 5.59024
internal_count=48935 29315 19620 29060 15378 10001 27832 21141 6691 5377 5904 4242 491 4097 4886 3641 1228 701 527 3151 255 490 234 51 183 601 320 281
is_linear=0
shrinkage=0.05


Tree=77
num_leaves=30
num_cat=0
split_feature=13 24 4 3 7 5 10 15 30 4 4 3 26 41 24 40 30 27 3 23 22 0 26 27 44 42 23 0 27
split_gain=19.1955 21.6017 19.3446 16.8023 21.8279 13.7833 11.9474 15.126 11.9156 11.8224 10.2842 10.6747 9.50009 9.03393 8.98087 9.21896 10.4569 8.8946 8.32621 9.72352 8.14727 7.13879 6.31268 4.78427 2.63731 2.49865 1.32082 3.49013 0.902839
threshold=0.68600000000000005 3.8035000000000001 0.95750000000000013 0.96250000000000002 0.18900000000000003 -0.12249999999999998 12.500000000000002 -0.49149999999999994 1.3515000000000004 0.34500000000000003 1.6325000000000001 1.5345000000000002 0.36150000000000004 0.44900000000000007 2.4010000000000007 0.72150000000000014 1.5275000000000001 0.17850000000000002 1.1695000000000002 0.58100000000000018 -0.13333333333333333 8.5000000000000018 0.64350000000000007 0.30300000000000005 0.5485000000000001 0.29150000000000004 1.1455000000000004 6.5000000000000009 0.17850000000000002
decision_type=2 2 2 2 2 2 2 2 2 2 2 2 2 2 2 2 2 2 2 2 2 2 2 2 2 2 2 2 2
left_child=6 2 5 12 -5 23 14 18 -9 -7 11 21 -4 -10 24 16 -16 -13 19 -8 -20 -3 -17 -2 25 -1 28 -28 -12
right_child=1 10 3 4 -6 9 7 8 13 -11 26 17 -14 -15 15 22 -18 -19 20 -21 -22 -23 -24 -25 -26 -27 27 -29 -30
leaf_value=-0.041340152689732873 -0.042327672587165022 -0.057633391108253863 -0.00072022801022150783 0.0073188219360233869 0.0005360095448268754 -0.027965936338061177 -0.0095463426754106625 0.11334096547515256 0.0890540115663708 -0.0032361239511145795 0.0063344163727201037 -0.011133033754266247 -0.008918339262835832 0.0028759242343203524 0.039687495842617 -0.030578500071634724 -0.032006519775474737 0.017533184197112243 -0.070625841241507462 -0.03841153048503048 -0.0017113949732967624 0.020019529584190947 0.015012953286422138 0.025125576503639582 0.025707900731617828 -0.010574275632326153 0.0575799672525006 -0.03631575374295911 0.05589904087849612
leaf_weight=50.317655090242624 30.379109846428037 8.9556811228394491 1803.932723607868 1795.2803937513381 3495.7638900615275 49.827914215624332 172.24953686725348 3.9615064337849644 3.7187456842511919 1605.9378151763231 0.97212466876954451 30.985709836706519 439.46696162223816 16.687131130136549 15.797366742044689 38.911244660615921 7.5009646266698828 213.57692805118859 4.3296364285051814 35.124589452520013 454.25389409437776 4.4206727519631377 9.4331752397119981 2.8777734339237204 1.7095259390771378 7.5956347230821839 2.6123616471886626 1.5932595171034334 16.739909565076232
leaf_count=612 211 47 8303 8221 15355 288 1008 29 24 7186 16 199 2150 115 77 194 40 1643 20 296 2312 28 46 21 24 106 39 17 308
internal_value=-2.84996e-06 0.000631043 0.000215805 0.00129997 0.00283746 -0.00462046 -0.00733508 -0.00470586 0.0339865 -0.00398033 0.0143164 0.0115224 -0.00232618 0.0185809 -0.0211621 -0.00923121 0.0166054 0.0139012 -0.00612161 -0.0144355 -0.00236204 -0.0319703 -0.0216825 -0.0364908 -0.0354983 -0.037305 0.0471977 0.0220085 0.0531787
internal_weight=10324.9 9503.32 9223.47 7534.44 5291.04 1689.02 821.591 690.325 24.3674 1655.77 279.857 257.939 2243.4 20.4059 131.266 71.6428 23.2983 244.563 665.958 207.374 458.584 13.3764 48.3444 33.2569 59.6228 57.9133 21.9177 4.20562 17.712
internal_count=48935 44032 41735 34029 23576 7706 4903 3804 168 7474 2297 1917 10453 139 1099 357 117 1842 3636 1304 2332 75 240 232 742 718 380 56 324
is_linear=0
shrinkage=0.05


Tree=78
num_leaves=29
num_cat=0
split_feature=32 4 7 8 22 4 13 39 3 8 13 14 4 7 39 20 2 7 40 13 28 26 3 41 4 40 39 40
split_gain=17.9543 16.4354 19.0023 18.7605 13.521 12.9347 11.4121 10.4308 10.4063 11.0762 10.7903 10.3878 10.1973 12.6619 10.305 9.97109 9.56582 8.43914 8.05806 7.95262 7.68216 9.40031 7.69451 6.88601 5.97859 7.24268 3.24506 2.77237
threshold=0.5525000000000001 1.4790000000000003 0.63050000000000017 0.18333333333333332 -0.19999999999999993 1.0000000180025095e-35 2.2890000000000001 2.6015000000000006 0.96250000000000002 1.0000000180025095e-35 0.81950000000000001 0.77100000000000013 0.79050000000000009 0.068000000000000019 2.7270000000000008 4.5000000000000009 28.500000000000004 0.39650000000000007 0.72550000000000014 2.3090000000000006 0.63250000000000017 0.24100000000000002 0.77100000000000013 0.50100000000000011 1.2455000000000003 0.77000000000000013 2.5030000000000006 0.75050000000000006
decision_type=2 2 2 2 2 2 2 2 2 2 2 2 2 2 2 2 2 2 2 2 2 2 2 2 2 2 2 2
left_child=1 2 3 4 -1 -5 12 8 10 -10 -3 24 16 15 -15 -14 18 26 -2 27 21 -9 -22 -19 -8 -26 -13 -4
right_child=6 7 19 5 -6 -7 11 20 9 -11 -12 17 13 14 -16 -17 -18 23 -20 -21 22 -23 -24 -25 25 -27 -28 -29
leaf_value=-0.01063382912578055 0.0051322718122154259 -0.017458640074594849 -0.029616721380635411 -0.033877222705522077 -0.0415991935765102 -0.0016554600169988447 -0.045880884920273306 0.0078266959507739802 0.052890025304653344 0.0089187787703760586 0.0031796596686480359 0.000159624345653251 0.023672032716686428 0.0035621348003004026 -0.010027839064798115 0.00088960612744423565 -0.084921415321017962 0.022918809407374535 -0.013226637542531845 0.028162378817713642 -0.029357434541835915 -0.0031540136305559865 -0.0042537517944485166 -0.05457358501383356 0.022549469335176806 -0.051038116606180156 0.042049225889699511 -0.054495136634781172
leaf_weight=193.13083976507187 102.10923576913774 71.719225876033306 34.408895380795002 31.345808028243482 43.12492589186877 4876.3331532198936 6.9426504522562054 283.220788218081 14.670806010253726 601.77952425554395 541.56782253459096 5.0671291295438996 134.35438709240407 2130.8914789985865 149.26390018686652 74.745347378775477 3.8618275225162497 7.2545265126973373 144.14167916402221 5.0335098728537551 44.950232990086079 625.03617172408849 95.1119434684515 4.7397362776100636 16.585099514573816 4.1880840733647338 52.781714392825961 16.600768970325589
leaf_count=1049 539 424 394 489 252 22520 32 1295 150 2760 2413 32 829 9554 725 420 16 38 761 24 204 2917 424 26 101 25 363 159
internal_value=-2.93694e-06 -0.00128778 -0.00283927 -0.00252378 -0.0162861 -0.00186126 0.00338387 0.0022537 0.00537754 0.00996524 0.000766168 0.0201882 0.00278541 0.00375239 0.00267251 0.0155282 -0.00683855 0.030466 -0.00561402 -0.0317966 -0.00141073 0.000270089 -0.0123103 -0.00770362 -0.0057116 0.00771347 0.03838 -0.0377132
internal_weight=10315 7478.03 5199.98 5143.93 236.256 4907.68 2836.93 2278.06 1229.74 616.45 613.287 97.5589 2739.37 2489.26 2280.16 209.1 250.113 69.8431 246.251 56.0432 1048.32 908.257 140.062 11.9943 27.7158 20.7732 57.8488 51.0097
internal_count=48935 35474 24887 24310 1301 23009 13461 10587 5747 2910 2837 617 12844 11528 10279 1249 1316 459 1300 577 4840 4212 628 64 158 126 395 553
is_linear=0
shrinkage=0.05


Tree=79
num_leaves=31
num_cat=0
split_feature=14 18 22 8 8 4 19 14 18 29 4 32 14 17 14 13 5 21 15 19 44 7 20 18 19 7 41 28 24 13
split_gain=16.8491 20.7547 23.3945 22.1244 22.719 16.2884 13.7583 13.3172 15.4636 11.1686 10.8784 10.3115 8.91509 6.98646 10.2846 13.6542 6.8653 6.81012 6.58277 5.67741 5.48431 5.72917 5.39816 3.68427 2.08828 2.53075 4.32534 1.83639 0.0784255 0.0191849
threshold=0.60350000000000004 0.59166666666666679 0.25833333333333336 1.0000000180025095e-35 0.18333333333333332 0.72900000000000009 2.6285000000000003 1.0890000000000002 0.70000000000000007 3.0510000000000006 0.81350000000000011 0.54950000000000021 2.6075000000000004 0.38000000000000006 1.0000000180025095e-35 2.6550000000000002 0.10150000000000002 -15.499999999999998 0.71700000000000008 1.0365000000000002 0.51900000000000013 0.32700000000000007 4.5000000000000009 0.63333333333333341 1.8685000000000003 0.23400000000000001 0.49900000000000005 0.32350000000000007 2.4825000000000004 0.69400000000000006
decision_type=2 2 2 2 2 2 2 2 2 2 2 2 2 2 2 2 2 2 2 2 2 2 2 2 2 2 2 2 2 2
left_child=10 2 3 19 -5 12 7 11 -9 -7 24 -3 -4 14 15 -12 17 -8 -16 -2 21 -15 -18 -22 28 26 -26 -27 29 -1
right_child=1 6 5 4 -6 9 16 8 -10 -11 13 -13 -14 20 18 -17 22 -19 -20 -21 23 -23 -24 -25 25 27 -28 -29 -30 -31
leaf_value=-0.051632531460776399 0.047924246022048082 -0.0026305496865901118 -0.0080612742016005681 -0.014768690834339607 -0.0026794551557827108 0.0028396052402955979 -0.0085129397541607015 0.010693357094956606 -0.00089320723525049153 0.014153729998985346 -0.047278308491692157 0.0060788689295746693 0.02719592603423527 -0.014620949130226253 -0.022105514451665358 0.032558947947453273 0.031449417639217207 0.047769754719517457 0.0028772286518821775 0.015772136906921815 0.052913316818785638 -0.047725941147619487 -0.04940303393049842 -0.014797269363154784 0.015326558973741992 -0.012467106008424411 -0.063075629838723404 -0.055886532250344678 -0.066354464055581028 -0.056408613727919291
leaf_weight=3.2610768759623188 18.965997498482466 1017.9375845678151 416.06399101391435 434.79477564804256 3659.8367368392646 2197.478031354025 6.3880709633231154 928.10919325985014 417.50554388947785 242.15757049713284 25.734029492363334 510.17139685153961 18.737010676413774 30.002628412097692 30.56309087574482 6.7628423161804667 3.9185099974274618 33.876558415591717 192.07342905551195 49.733471885323524 3.5878516975790244 23.155570829287171 4.3630602434277534 4.5652962569147348 5.8432534672319907 3.356215586885809 2.5168775953352451 8.8741385340690595 1.7169916667044152 5.9187467973679304
leaf_count=177 96 4539 2276 2069 16940 10170 30 4198 1872 1228 324 2213 231 185 206 102 20 377 902 241 25 178 21 31 52 42 20 88 11 71
internal_value=-2.78653e-06 0.000375036 -0.00109572 -0.00349105 -0.00396317 0.00237367 0.00391709 0.00347118 0.00709838 0.00396264 -0.0108185 0.000277159 -0.00654193 -0.00802965 -0.00438768 -0.0306636 0.030313 0.0388404 -0.000552352 0.0246484 -0.0231849 -0.0290414 -0.0111469 0.0149993 -0.0388461 -0.0294788 -0.00827698 -0.0439715 -0.0565464 -0.0547119
internal_weight=10308 9960.04 7037.77 4163.33 4094.63 2874.44 2922.27 2873.72 1345.61 2439.64 347.932 1528.11 434.801 316.445 255.133 32.4969 48.5462 40.2646 222.637 68.6995 61.3113 53.1582 8.28157 8.15315 31.4873 20.5905 8.36013 12.2304 10.8968 9.17982
internal_count=48935 46521 33251 19346 19009 13905 13270 12822 6070 11398 2414 6752 2507 1953 1534 426 448 407 1108 337 419 363 41 56 461 202 72 130 259 248
is_linear=0
shrinkage=0.05


Tree=80
num_leaves=29
num_cat=0
split_feature=13 24 39 17 7 40 8 7 12 13 14 18 13 24 8 17 39 3 9 5 13 11 30 42 5 3 5 7
split_gain=16.6494 19.3153 19.7639 14.8642 20.9841 13.7213 12.8955 9.87345 9.82185 8.78812 14.6176 8.41655 8.98485 8.54239 7.58022 11.7308 7.52881 7.22349 9.47115 6.99763 4.46088 4.82311 3.18578 2.83053 1.36646 0.00207766 0.00102449 2.75388e-05
threshold=0.68600000000000005 3.8035000000000001 2.7295000000000003 0.21550000000000002 0.28300000000000008 0.68100000000000016 0.18333333333333332 0.52300000000000013 1.5000000000000002 1.0000000180025095e-35 2.6075000000000004 0.59166666666666679 1.9650000000000001 2.7335000000000007 1.0000000180025095e-35 0.27700000000000008 2.3915000000000002 1.5345000000000002 1.5580000000000003 -0.20349999999999999 0.6170000000000001 3.5000000000000004 1.2925000000000002 0.25450000000000006 -0.59649999999999992 2.9500000000000006 -1.0000000180025095e-35 0.8660000000000001
decision_type=2 2 2 2 2 2 2 2 2 2 2 2 2 2 2 2 2 2 2 2 2 2 2 2 2 2 2 2
left_child=6 2 3 5 -5 -2 14 9 25 10 -8 12 -4 -13 15 -1 -11 19 -19 -10 23 -22 -16 -9 -24 26 -3 -27
right_child=1 8 11 4 -6 -7 7 20 17 16 -12 13 -14 -15 22 -17 -18 18 -20 -21 21 -23 24 -25 -26 27 -28 -29
leaf_value=-0.045796074002266991 -0.016006029008449583 0.050867906437199663 -0.014882546663816644 0.0015170139654392279 -0.0052717230134905306 0.0037111321513121792 -0.041964195393557203 -0.026747599229117992 0.044680232268767772 0.030770100401047148 0.036227157819424385 -0.0067928955192942137 0.014695505339681881 0.014375288750781857 0.0044720465566646713 0.09920060623447581 -0.0040615727725163203 0.047123203004130587 0.010539611156610586 -0.038718424915031566 -0.052968859099013547 0.033533459551735499 -0.057599139776691788 -0.072789665793716804 -0.033605344341563412 0.051224005066091184 0.05269538876413743 0.051598658568251056
leaf_weight=3.1966354958713046 90.460022401064634 0.82803856488317151 366.97211019694805 3095.0275029428303 1800.4560411069542 3588.6571726780385 32.276257743127644 5.3814875585958388 3.1570548862218866 15.863456029444931 7.3357049487531176 171.01583877392113 27.606567531824112 66.073617927730083 2.9104235116392401 2.4749207347631454 703.81667899340391 19.193341441452503 226.13021189905703 12.371426314115521 2.9251561462879172 3.5880353674292564 19.933229726739231 8.7911982638761383 8.4490561475977284 3.7813824955373994 10.387046173214911 0.56358692422509182
leaf_count=27 415 50 1629 13600 8419 16411 492 90 28 82 145 800 135 326 22 22 3581 196 1550 68 25 24 169 139 85 168 218 19
internal_value=-2.85336e-06 0.000587197 0.000196183 0.000824968 -0.000979741 0.00322634 -0.00685187 -0.00548432 0.0136104 -0.00455579 -0.027484 -0.00833927 -0.0128131 -0.000893609 -0.0357084 0.0174767 -0.0032938 0.0113084 0.0134018 -0.0217629 -0.0395668 -0.00531582 -0.0453478 -0.0553071 -0.0504565 0.0522008 0.0525605 0.0512726
internal_weight=10299.6 9482.68 9206.27 8574.6 4895.48 3679.12 816.942 779.978 276.412 759.292 39.612 631.668 394.579 237.089 36.9643 5.67156 719.68 260.852 245.324 15.5285 20.6859 6.51319 31.2927 14.1727 28.3823 15.5601 11.2151 4.34497
internal_count=48935 44032 41735 38845 22019 16826 4903 4578 2297 4300 637 2890 1764 1126 325 49 3663 1842 1746 96 278 49 276 229 254 455 268 187
is_linear=0
shrinkage=0.05


Tree=81
num_leaves=22
num_cat=0
split_feature=4 14 39 4 24 24 21 9 44 11 24 39 24 24 10 6 25 44 24 6 43
split_gain=16.8357 19.2994 14.9443 18.0436 15.9787 9.4116 13.444 8.22548 7.6817 7.52097 7.3907 5.75383 6.04588 10.8251 5.65536 6.18806 3.62176 3.53483 2.36095 1.45577 1.16886
threshold=2.1455000000000006 0.40450000000000003 2.7295000000000003 0.40350000000000003 3.9095000000000004 3.2225000000000006 12.500000000000002 0.49150000000000005 0.42900000000000005 41.500000000000007 5.9170000000000007 2.7950000000000004 2.7800000000000007 2.6935000000000007 4.5000000000000009 0.66100000000000014 508.50000000000006 0.53500000000000014 1.2565000000000002 0.16350000000000003 0.72450000000000003
decision_type=2 2 2 2 2 2 2 2 2 2 2 2 2 2 2 2 2 2 2 2 2
left_child=1 7 3 10 -5 9 -7 18 -2 -4 -3 12 13 -10 15 -9 -14 -16 20 -13 -1
right_child=8 2 5 4 -6 6 -8 14 11 -11 -12 19 16 -15 17 -17 -18 -19 -20 -21 -22
leaf_value=-0.033410594319789731 0.065672362009064761 -0.021190941684372522 -0.0080596511434621373 0.00035236150333474507 0.014186588435288916 0.014752655800230356 -0.013269979013782462 -0.013802492302388787 0.0083430785576526327 -0.025053144870722677 0.036395153782482405 0.033137208885122761 0.0087000429361427656 -0.048918293135120347 -0.05466745034013093 0.038965708076358054 0.03732359108126472 0.045905714061821735 0.010386960550760074 0.072799151002271814 -0.060551745719733152
leaf_weight=5.3328706901520553 6.6198495654389253 118.6605481673032 445.04888768680394 8899.2282616822049 213.73617571592331 100.76855624839664 74.402563504874706 56.124292667023838 191.5797758679837 76.268089905381203 5.8462475389242163 5.7765634562820178 18.336827200837433 8.6253034025430662 10.735952663235363 6.1662474833428851 27.814647369086742 0.95105894748121578 1.5488656014204014 3.8592618890106678 15.486603232100604
leaf_count=94 38 948 2004 40143 1837 617 360 356 1102 331 127 32 149 44 226 35 234 23 7 21 207
internal_value=-2.76649e-06 -0.000329969 -0.000113976 0.000418532 0.000676831 -0.00717659 0.00285026 -0.0226004 0.0124945 -0.0105458 -0.018487 0.0111194 0.00963686 0.00587612 -0.014567 -0.00857888 0.0259509 -0.0464831 -0.0491689 0.0490223 -0.0535996
internal_weight=10292.9 10030.3 9933.96 9237.47 9112.96 696.488 175.171 96.3459 262.612 521.317 124.507 255.992 246.357 200.205 73.9776 62.2905 46.1515 11.687 22.3683 9.63583 20.8195
internal_count=48935 47315 46367 43055 41980 3312 977 948 1620 2335 1075 1582 1529 1146 640 391 383 249 308 53 301
is_linear=0
shrinkage=0.05


Tree=82
num_leaves=30
num_cat=0
split_feature=4 8 17 13 24 40 24 11 4 8 14 21 21 43 7 5 35 13 10 36 40 4 5 1 8 5 26 10 10
split_gain=16.0751 22.4647 18.0796 14.1963 20.4974 16.6556 12.5746 12.0857 11.8634 13.2334 13.1592 11.1442 10.1015 10.279 8.15769 8.04023 7.49797 10.5772 8.09758 7.07532 6.64306 6.41549 6.39987 6.36169 6.98059 5.8103 3.57662 2.07517 1.1919
threshold=1.413 0.23611111111111113 0.7320000000000001 0.92450000000000021 3.2510000000000003 0.77150000000000019 1.8465000000000003 10.500000000000002 1.0000000180025095e-35 0.78888888888888908 2.3100000000000001 -13.499999999999998 -14.499999999999998 0.76250000000000007 0.19600000000000004 -0.24549999999999997 0.87000000000000011 0.77100000000000013 13.500000000000002 0.64400000000000013 0.72050000000000003 1.2035000000000002 -0.49149999999999994 7.5000000000000009 0.25833333333333336 -0.87249999999999994 0.45750000000000007 7.5000000000000009 6.5000000000000009
decision_type=2 2 2 2 2 2 2 2 2 2 2 2 2 2 2 2 2 2 2 2 2 2 2 2 2 2 2 2 2
left_child=1 11 8 6 5 7 20 -5 10 -10 -3 12 13 -1 -4 -7 18 -18 -8 21 27 -13 -14 26 -25 -22 -6 -2 -16
right_child=3 2 14 4 23 15 16 -9 9 -11 -12 19 22 -15 28 -17 17 -19 -20 -21 25 -23 -24 24 -26 -27 -28 -29 -30
leaf_value=-0.01164123177782099 -0.013715798977058401 -0.044499327203653904 0.068776077489497697 0.012697121884447764 0.050798859780221639 -0.0087758971591202391 -0.010602692327867033 0.0032444661750846114 -0.0014093690986181177 0.0048768525321442454 0.021189718522744851 -0.025375550460787513 0.005088056898488214 0.031604410073236132 -0.0079635902753950813 0.0099507163527709219 -0.0050870447653199825 0.042644747941182989 0.0011157676604964752 0.043910215612960879 -0.00023351452082937744 -0.01144693624012463 0.078425829841350922 -0.038051493848845624 0.019194600025448965 -0.050331292905111527 0.021061722165158406 -0.059431441374360239 -0.056462958799181041
leaf_weight=74.363695532083511 2.9583487622439888 29.76997359842062 1.4624047055840517 404.69460139423609 25.666262253187597 365.00413314811885 239.80033922940493 2056.2843287587166 5029.3509222296998 1004.404380004853 10.24871553480625 147.93874601367861 5.4462933763861656 16.854916170239449 1.3538091778755212 67.995452158153057 24.637495182454586 21.943624138832092 382.66646256297827 4.7424682043492785 21.446717655286196 187.38656765781343 6.5553348660469037 5.6619309186935416 89.554882287979126 7.9267734102904788 16.68449597992003 15.428167127072809 19.711549995467067
leaf_count=331 21 489 7 2209 368 1642 1082 8855 23153 4842 160 973 27 76 12 305 128 98 1729 23 171 883 30 31 542 55 201 110 382
internal_value=-2.63056e-06 -0.00149896 -0.00070873 0.00260795 0.00410421 0.00320782 -0.00372008 0.0047989 -0.000542901 -0.000362938 -0.0276765 -0.0123666 0.00202308 -0.00365052 -0.0454184 -0.00583519 -0.0019507 0.0173986 -0.00339867 -0.0167343 -0.0285064 -0.017592 0.0451454 0.0229614 0.0157905 -0.013753 0.0390836 -0.0520759 -0.053346
internal_weight=10287.9 6539.59 6096.3 3748.35 3031.55 2893.98 716.808 2460.98 6073.77 6033.76 40.0187 443.288 103.22 91.2186 22.5278 433 669.048 46.5811 622.467 340.068 47.76 335.325 12.0016 137.568 95.2168 29.3735 42.3508 18.3865 21.0654
internal_count=48935 31388 29045 17547 14153 13011 3394 11064 28644 27995 649 2343 464 407 401 1947 3037 226 2811 1879 357 1856 57 1142 573 226 569 131 394
is_linear=0
shrinkage=0.05


Tree=83
num_leaves=30
num_cat=0
split_feature=14 13 3 13 6 7 8 24 42 4 4 18 7 4 14 4 16 4 18 33 5 3 36 18 14 19 19 20 19
split_gain=15.4665 21.3016 14.6841 17.1165 15.5229 16.1532 16.0221 13.3225 15.119 13.2901 11.4595 10.1847 10.918 10.1054 9.75813 9.58904 9.11113 7.7726 7.6217 7.27498 5.77939 5.29684 4.65776 4.55047 7.08219 4.27296 4.096 5.29477 3.39046
threshold=0.96350000000000013 1.4105000000000001 1.1695000000000002 0.50850000000000006 0.41300000000000003 0.049000000000000009 0.36666666666666675 3.4560000000000004 0.28600000000000003 0.66100000000000014 1.6325000000000001 0.54444444444444462 0.52750000000000019 1.4790000000000003 0.26150000000000007 1.0680000000000003 0.56100000000000017 2.2890000000000001 0.59166666666666679 0.40600000000000008 -0.71699999999999986 1.0605000000000002 0.45900000000000007 0.29999999999999999 0.82700000000000007 2.3170000000000006 1.7635000000000003 -2.4999999999999996 1.5210000000000001
decision_type=2 2 2 2 2 2 2 2 2 2 2 2 2 2 2 2 2 2 2 2 2 2 2 2 2 2 2 2 2
left_child=9 2 3 20 5 -4 -6 8 10 23 -3 17 14 -5 -13 16 -9 19 -10 -11 -2 -14 -19 24 -1 -17 28 -28 -25
right_child=1 7 4 13 6 -7 -8 15 18 11 -12 12 21 -15 -16 25 -18 22 -20 -21 -22 -23 -24 26 -26 -27 27 -29 -30
leaf_value=-0.035034386813378081 -0.0077593576483135814 0.0039674258180284975 0.042535803103618097 -0.0063618051080222603 -0.017115346503739009 0.0052694979204386877 4.5369931068693239e-05 0.0018104141819586005 -0.0083697910790952543 -0.0079652356577918117 0.013627211781414076 -0.021255911622276455 -0.016108602102061043 0.00071354841762775621 0.00097799331500761106 0.033810011776952281 0.047549859284237619 0.071514085143083009 0.0025573680382767854 -0.041202261452178028 -0.035526057437076763 -0.066650129793443355 0.0040868190719978237 -0.027520832625745617 0.10015382834707004 -0.037625485353796638 0.020769260494765157 -0.028565090586412368 -0.067149593396456389
leaf_weight=2.1545785451307888 28.218510856851935 1493.6234160512686 29.951751176267862 1118.7389191295952 144.62008849158883 996.78550542518497 2286.1348039135337 83.699485085904598 321.90277121216059 652.54607325512916 386.4625274669379 51.474233638495207 13.474909672513606 919.39630337432027 1195.0336332879961 71.606175715103745 12.515577275305985 4.7194216996431333 316.46228166297078 16.88982611335814 55.792385961860418 8.4252083413302881 5.6006996594369411 10.823308632709088 1.7602942585945127 2.156385861337184 6.5817179232835761 31.314225414767861 10.766073927283285
leaf_count=39 196 6415 153 5590 635 4311 10779 502 1432 3220 1986 549 78 4003 5376 709 83 23 1471 78 587 41 33 224 10 68 36 237 71
internal_value=-2.75159e-06 0.000953873 -0.000807781 -0.00408181 0.00120176 0.00635662 -0.000975623 0.00461006 0.00369564 -0.00393474 0.00595305 -0.00320157 -0.000555026 -0.00317014 5.98497e-05 0.0181584 0.00776016 -0.00813996 -0.00295278 -0.0088038 -0.0261995 -0.0355525 0.0349215 -0.0264634 0.025752 0.0317217 -0.0298998 -0.0199968 -0.0472827
internal_weight=10279.6 8268.07 5579.64 2122.15 3457.49 1026.74 2430.75 2688.43 2518.45 2011.56 1880.09 1948.16 1268.41 2038.14 1246.51 169.978 96.2151 679.756 638.365 669.436 84.0109 21.9001 10.3201 63.4002 3.91487 73.7626 59.4853 37.8959 21.5894
internal_count=48935 38920 26254 10376 15878 4464 11414 12666 11304 10015 8401 9398 6044 9593 5925 1362 585 3354 2903 3298 783 119 56 617 49 777 568 273 295
is_linear=0
shrinkage=0.05


Tree=84
num_leaves=24
num_cat=0
split_feature=3 9 4 39 8 14 36 21 24 15 24 44 24 31 27 23 4 39 10 32 3 44 41
split_gain=14.8088 17.5582 14.24 19.2952 13.4746 14.0401 12.9664 12.81 12.7021 9.56529 9.51543 8.32949 9.85166 9.7404 9.49991 6.04708 5.62877 5.27297 5.10367 3.70955 4.34767 4.70604 2.73634
threshold=0.71700000000000008 0.34050000000000008 1.2245000000000001 2.5845000000000007 0.23611111111111113 0.81350000000000011 0.58150000000000002 -13.499999999999998 2.5465000000000004 -1.0409999999999997 1.2565000000000002 0.50450000000000006 2.6665000000000005 0.66200000000000014 0.29550000000000004 0.33400000000000002 1.1890000000000003 2.6970000000000005 4.5000000000000009 0.51400000000000012 0.63800000000000012 0.50300000000000011 0.49700000000000005
decision_type=2 2 2 2 2 2 2 2 2 2 2 2 2 2 2 2 2 2 2 2 2 2 2
left_child=9 10 4 6 7 -6 -4 -3 -5 19 -2 13 16 17 -15 18 -13 -11 -12 20 21 -1 -22
right_child=1 2 3 8 5 -7 -8 -9 -10 11 15 12 -14 14 -16 -17 -18 -19 -20 -21 22 -23 -24
leaf_value=-0.02750308192912565 -0.056787107143534236 0.020072383505167241 0.0041883848898597309 -0.0041008114790429063 -0.010968333842685229 -0.00030835318817502692 0.015292206465852108 -0.023214497924290398 0.0029623000762324064 -0.01588462926004423 0.015875734531747093 -0.015663671755361052 0.081076766012437448 -0.0051420862469032484 0.053625310460396362 -0.053653443649547029 0.0057693430453373265 -0.050562801778218314 0.045714375658424677 -0.07748264472946087 -0.069799654543764758 0.022450310899611248 -0.019445678533431064
leaf_weight=16.031305423006419 3.2589062489569178 19.974269859492779 1926.0581588316709 1308.3262990191579 334.36694930773228 4053.2958744876087 304.47580068279058 118.41469380445778 1239.6637218240649 153.33032654598355 23.892898742109537 37.177669827826321 4.0131486617028704 474.02028694376349 6.9780355747789136 2.0456769093871108 174.00749263912439 11.805851720273493 35.807215537875891 3.8110767751932135 7.0799166373908502 6.6791752688586703 4.3591910228133202
leaf_count=106 17 90 8584 5693 1831 19101 1419 563 5905 963 291 359 20 2609 46 11 884 70 244 22 40 42 25
internal_value=-2.69788e-06 0.000585548 0.000404633 0.00230829 -0.00160522 -0.00112071 0.0057041 -0.0169667 -0.000664423 -0.00613152 0.0264812 -0.00504897 0.00347095 -0.00788657 -0.00428952 0.030876 0.00199621 -0.0183638 0.0337725 -0.0306948 -0.0254733 -0.0128117 -0.0506109
internal_weight=10268.9 9369.58 9304.58 4778.52 4526.05 4387.66 2230.53 138.389 2547.99 899.293 65.0047 861.333 215.198 646.135 480.998 61.7458 211.185 165.136 59.7001 37.9607 34.1496 22.7105 11.4391
internal_count=48935 43749 43186 21601 21585 20932 10003 653 11598 5186 563 4951 1263 3688 2655 546 1243 1033 535 235 213 148 65
is_linear=0
shrinkage=0.05


Tree=85
num_leaves=28
num_cat=0
split_feature=13 7 39 41 4 17 39 19 24 7 3 22 24 24 4 3 41 7 7 59 30 20 14 10 41 4 18
split_gain=14.5675 19.6296 17.2512 17.0809 16.9559 11.4018 11.0593 13.1822 10.5431 10.3805 8.89865 8.63555 8.32273 8.10136 7.96543 7.17789 7.05557 8.03238 7.91306 6.49619 6.4389 5.68969 5.33912 8.15281 4.96795 2.81243 1.22844
threshold=1.8545000000000003 0.62000000000000011 2.7140000000000004 0.51800000000000013 0.25650000000000006 0.26000000000000006 2.5845000000000007 1.4750000000000003 3.7780000000000009 0.42600000000000005 1.9835000000000003 1.0000000180025095e-35 3.1775000000000007 1.3720000000000001 1.6860000000000002 0.76600000000000013 0.43550000000000005 0.070000000000000021 0.18900000000000003 8.5000000000000018 1.6040000000000003 12.500000000000002 1.2195000000000003 6.5000000000000009 0.50850000000000006 1.7400000000000004 0.4555555555555556
decision_type=2 2 2 2 2 2 2 2 2 2 2 2 2 2 2 2 2 2 2 2 2 2 2 2 2 2 2
left_child=1 2 3 4 -1 -5 13 19 15 12 22 -10 -9 20 -11 -4 17 -15 -18 24 21 -2 25 -24 -8 -3 -21
right_child=6 10 8 5 -6 -7 7 9 11 14 -12 -13 -14 16 -16 -17 18 -19 -20 26 -22 -23 23 -25 -26 -27 -28
leaf_value=-0.03148951053225145 -0.033324048058696869 -0.039979838737993018 -0.025630259128565876 0.01118150398215665 -0.00049343105693397046 -3.8481683768359627e-05 -0.010024505359164356 0.0001769681686637807 -0.070270075722685732 -0.0254733580459959 0.066261314549141609 0.016426584618291811 0.023048792529375892 -0.064045530160275838 0.02496425366954818 -0.008174686955258699 0.023727618054150933 0.0011533946023209835 0.0095649549799238856 0.045482061369263853 0.047051425443724898 0.0033700854490096889 0.051705739835141463 -0.024754557920565343 0.043574272241392813 -0.093062114599487572 0.079393936741414248
leaf_weight=44.392032539471984 21.781912475824356 30.694547280669212 65.745323063805699 543.59050730988383 7232.7777194604278 388.07966457307339 9.0644109509885364 610.82838430255651 3.0261065587401381 59.307640373706818 2.4970909655094138 56.500068865716457 42.544800605624914 5.4037316255271426 9.0180676747113448 565.11771913431585 146.00745534617454 37.550379261374474 303.92633879370987 4.6852616034448129 4.5530028380453578 20.512867569923401 3.8926504999399176 33.404766308143735 8.2653226209804398 2.7161066085100165 6.2101414650678635
leaf_count=596 137 502 342 2542 33460 1779 95 2900 22 274 20 403 320 47 56 2509 858 171 1385 24 33 126 19 190 83 13 29
internal_value=-2.75317e-06 -0.000716965 -0.000504853 0.000133571 -0.000682513 0.00650791 0.00496617 0.00103811 -0.00809583 -0.000272873 -0.0265025 0.0120192 0.00166628 0.0104239 -0.0188163 -0.00999382 0.0123125 -0.00704879 0.0141609 0.034559 -0.00944561 -0.0155275 -0.0297785 -0.0167746 0.0155391 -0.0442951 0.0648111
internal_weight=10262.1 8972.43 8899.23 8208.84 7277.17 931.67 1289.66 749.924 690.389 721.699 73.2052 59.5262 653.373 539.736 68.3257 630.863 492.888 42.9541 449.934 28.2251 46.8478 42.2948 70.7081 37.2974 17.3297 33.4107 10.8954
internal_count=48935 42397 41653 38377 34056 4321 6538 3781 3276 3550 744 425 3220 2757 330 2851 2461 218 2243 231 296 263 724 209 178 515 53
is_linear=0
shrinkage=0.05


Tree=86
num_leaves=25
num_cat=0
split_feature=24 7 18 22 1 24 9 28 14 24 40 11 9 40 21 41 44 36 34 21 1 1 15 29
split_gain=14.0985 13.3778 12.5892 17.1498 22.361 16.929 11.3715 10.8155 10.118 8.83424 6.31857 6.39117 5.35363 4.74519 8.80471 12.1412 2.95609 0.778518 1.93494 0.0182309 0.0152388 0.00134099 0.000208483 3.3647e-06
threshold=4.7635000000000014 0.63050000000000017 0.59166666666666679 0.25833333333333336 9.5000000000000018 1.2565000000000002 1.5475000000000001 0.39650000000000007 1.1190000000000004 3.8035000000000001 0.70850000000000002 17.500000000000004 0.7965000000000001 0.71650000000000003 5.5000000000000009 0.47850000000000004 0.45350000000000007 0.46050000000000008 0.49650000000000005 5.5000000000000009 1.5000000000000002 3.5000000000000004 -2.1549999999999994 2.5485000000000002
decision_type=2 2 2 2 2 2 2 2 2 2 2 2 2 2 2 2 2 2 2 2 2 2 2 2
left_child=1 2 3 4 -1 7 -5 -4 -7 10 12 -12 -3 14 21 -16 -15 18 -18 -19 23 22 -2 -11
right_child=13 9 5 6 -6 8 -8 -9 -10 20 11 -13 -14 16 15 -17 17 19 -20 -21 -22 -23 -24 -25
leaf_value=0.0037722645894019179 0.052241840928799993 0.042914509497397654 -0.045318909669391109 0.006590130395971768 -0.0051214282759097568 0.0010926307909798398 -0.00025920707250521983 -0.0081211786429289876 0.006994471735226381 0.051904026307358755 -0.032071890010596134 0.048512140219636346 -0.019959977309249127 -0.036071953985457809 0.038227838855013352 -0.10834609221009202 -0.021449753327190003 0.052214906731077732 0.045947644474001272 0.055607873046008553 0.058154724954476614 0.053608204586436184 0.051286625070094509 0.051771558687414079
leaf_weight=904.09967699274421 1.8642584383487704 6.0997007451951486 23.703339846804738 879.4856020109728 3237.7851954847574 1822.9524707794189 1948.6189980134368 111.29239557962865 1207.0691939517856 0.77625681459903706 67.132458871696144 2.5541051849722853 7.6089861011132598 1.1051531974226261 2.6901300773024559 2.9755456075072289 1.2879402264952684 8.0318801999092084 6.1502952240407467 7.8074070885777465 1.7860863544046877 2.2273119166493416 0.82357492297887613 1.2533548474311826
leaf_count=4782 49 37 250 3994 14427 8309 9339 768 5529 22 642 14 96 22 27 24 18 238 125 93 18 37 37 38
internal_value=-2.56048e-06 -0.000110972 5.68167e-05 -0.00113067 -0.00318009 0.00267189 0.0018708 -0.0146526 0.00344375 -0.0196102 -0.0230141 -0.0291184 0.00801612 0.0316936 0.00373147 -0.038751 0.0438277 0.0476212 0.0342777 0.0538873 0.0547864 0.052701 0.0519492 0.0518222
internal_weight=10257.2 10222.2 10135 6969.99 4141.88 3165.02 2828.1 134.996 3030.02 87.2109 83.3953 69.6866 13.7087 34.9635 10.5808 5.66568 24.3827 23.2775 7.43824 15.8393 3.8157 4.91515 2.68783 2.02961
internal_count=48935 48265 47398 32542 19209 14856 13333 1018 13838 867 789 656 133 670 174 51 496 474 143 331 78 123 86 60
is_linear=0
shrinkage=0.05


Tree=87
num_leaves=30
num_cat=0
split_feature=4 24 14 16 39 22 22 7 14 23 6 5 17 24 13 25 24 7 11 13 26 15 16 59 42 14 36 26 13
split_gain=13.9138 15.3351 13.665 15.191 20.0796 15.9439 11.9895 11.362 10.5652 11.282 8.94505 9.82039 8.37421 7.37966 11.7582 7.04864 8.57569 10.6214 8.18563 9.33818 9.31905 7.28266 6.53554 5.96643 5.86054 5.84003 4.38192 3.60717 2.56207
threshold=1.8135000000000001 1.9665000000000001 0.7965000000000001 0.41900000000000004 2.5780000000000007 0.25833333333333336 -0.25833333333333325 0.37700000000000006 0.40450000000000003 0.087000000000000008 0.12250000000000001 -0.9534999999999999 0.20750000000000002 2.8575000000000004 0.54000000000000015 508.50000000000006 1.2565000000000002 0.10400000000000001 24.500000000000004 1.8305000000000002 0.14800000000000002 2.6335000000000002 0.69100000000000006 22.500000000000004 0.27350000000000008 1.7020000000000002 0.35000000000000003 0.21800000000000003 0.49150000000000005
decision_type=2 2 2 2 2 2 2 2 2 2 2 2 2 2 2 2 2 2 2 2 2 2 2 2 2 2 2 2 2
left_child=1 6 7 5 -5 -4 8 12 26 -10 24 -12 -3 15 28 18 21 -18 19 -2 -20 -17 -9 27 -8 -25 -1 -16 -15
right_child=13 2 3 4 -6 -7 10 22 9 -11 11 -13 -14 14 23 16 17 -19 20 -21 -22 -23 -24 25 -26 -27 -28 -29 -30
leaf_value=0.025573738547580712 -0.012963986139717077 0.0034624476718846894 -0.0035179780153247798 0.008753515790863647 -0.00031274654938476997 0.002048983157330373 -0.045717550298926976 -0.048405556783613662 -0.0010342665712781876 0.060203237477398211 0.017077514779323007 -0.011890532198043435 -0.013637049451909021 -0.0075705250207927293 0.051040587513859939 -0.018879528619106214 0.021367476513802761 0.0048903204284628989 -0.023752649884151565 0.015797599292345071 0.017161488631176273 0.054969298304917424 0.0083800990026833208 0.023977220182913248 -0.0074709737424305802 -0.039838873922336947 -0.03039477866976082 0.020627277616897515 -0.058883974650699056
leaf_weight=3.8282012809067956 170.14413184300065 120.49273477122188 2772.7001871839166 1126.1944693177938 1334.2645330280066 2398.9791854918003 30.420178378932178 26.718508418649435 693.88715083897114 7.6036576740443698 31.543351769447327 403.64843679685146 176.45725795254111 4.2831634730100614 10.690144575200973 44.958079911768436 125.11698365956545 448.02895065397024 17.027099326252937 33.833043938502669 76.210920751094818 3.6062198393046847 6.2526919096708289 6.6004431992769224 14.932553350459782 7.8473426811397076 40.443274124525487 110.79137479979545 5.6302330754697323
leaf_count=33 760 541 12607 4925 5928 11655 319 158 3248 50 161 2307 836 19 132 268 738 1990 75 264 323 69 27 31 151 35 404 850 31
internal_value=-2.32201e-06 -0.00062933 0.000172312 0.000602982 0.00383704 -0.00093564 -0.00583416 -0.00979047 -0.00186556 -0.000370496 -0.0119931 -0.00979088 -0.00669862 0.00540841 0.015857 0.00375011 0.00677789 0.00848726 -0.00258335 -0.00819339 0.00968976 -0.0133958 -0.0376367 0.019691 -0.0331247 -0.0106846 -0.0255551 0.0233036 -0.0367136
internal_weight=10253.1 9188.37 7962.06 7632.14 2460.46 5171.68 1226.31 329.921 745.762 701.491 480.545 435.192 296.95 1064.77 145.843 918.925 621.71 573.146 297.215 203.977 93.238 48.5643 32.9712 135.929 45.3527 14.4478 44.2715 121.482 9.9134
internal_count=48935 43350 36677 35115 10853 24262 6673 1562 3735 3298 2938 2468 1377 5585 1098 4487 3065 2728 1422 1024 398 337 185 1048 470 66 437 982 50
is_linear=0
shrinkage=0.05


Tree=88
num_leaves=21
num_cat=0
split_feature=13 24 4 39 4 1 8 39 9 6 23 13 26 14 5 23 24 4 21 4
split_gain=13.7578 15.2712 13.8979 14.1701 14.9352 10.1243 8.21846 6.46403 6.55548 7.41178 5.71518 5.53204 2.77182 3.38852 2.57344 0.989474 0.137784 0.0199474 0.0171545 0.00991614
threshold=0.50850000000000006 4.7635000000000014 2.1890000000000005 2.7295000000000003 0.34500000000000003 2.5000000000000004 0.56944444444444453 2.8230000000000008 0.58950000000000002 0.18050000000000002 0.6665000000000002 1.1960000000000002 0.65900000000000014 2.6835000000000004 -0.50849999999999984 0.31749999999999995 2.6650000000000005 2.8450000000000006 5.5000000000000009 1.6545000000000003
decision_type=2 2 2 2 2 2 2 2 2 2 2 2 2 2 2 2 2 2 2 2
left_child=5 2 3 4 -2 16 -5 8 -7 -10 11 -4 15 -14 -12 -3 17 19 -17 -1
right_child=1 12 10 6 -6 7 -8 -9 9 -11 14 -13 13 -15 -16 18 -18 -19 -20 -21
leaf_value=-0.052052261163881001 -0.023593624061514412 0.0014393929046309232 -0.0015898258863644367 -0.011036944786809458 0.00065252869336797153 0.063628577473557393 0.00048627820477332919 0.065096889882761327 -0.052058566040211578 -0.0085315916118413795 0.075718885778113421 0.016377048103673544 -0.039179099036740717 0.054612397158199669 0.019030589799173901 0.052120225292827588 -0.067887013347325317 -0.062764933118700794 0.055352665193919209 -0.055578013794345488
leaf_weight=4.599861513357606 63.96740660443902 0.95137755107135191 60.439828626811504 442.11454471573234 8945.1063484437764 3.0541905015707007 238.04456341266632 2.9515449423342934 10.120376605540512 290.916349619627 5.0584043264389038 147.1533143883571 2.0784574132412668 1.7943509351462124 3.3133811652660352 7.5544479861855534 2.348846159875392 0.6376494765281685 8.9876357242465001 3.520573116838932
leaf_count=233 381 31 281 2039 41046 23 1158 18 80 2063 26 1046 24 34 27 251 14 4 110 46
internal_value=-2.34082e-06 0.000325688 0.000234604 -4.5011e-05 0.000480373 -0.0102371 -0.00700401 -0.00854071 -0.00925545 -0.0099949 0.0127795 0.0111461 0.0425512 0.00427641 0.0532828 0.0510247 -0.0571335 -0.0542495 0.0538765 -0.0535808
internal_weight=10244.7 9926.56 9905.2 9689.23 9009.07 318.149 680.159 307.042 304.091 301.037 215.965 207.593 21.3663 3.87281 8.37179 17.4935 11.1069 8.75808 16.5421 8.12043
internal_count=48935 46454 46004 44624 41427 2481 3197 2184 2166 2143 1380 1327 450 58 53 392 297 283 361 279
is_linear=0
shrinkage=0.05


Tree=89
num_leaves=29
num_cat=0
split_feature=24 7 39 41 32 17 21 7 11 7 12 17 24 40 11 18 9 27 7 21 32 37 28 39 27 24 6 40
split_gain=12.7315 12.4419 12.2364 14.9505 16 11.4451 7.96052 7.4667 7.21856 9.75885 6.57633 7.38038 6.33683 5.73147 5.80699 5.31125 4.7988 4.52445 3.99309 3.25499 3.21205 4.37016 7.13091 2.70467 0.750366 0.0184506 0.0102957 1.51634e-05
threshold=4.2580000000000009 0.63050000000000017 2.7295000000000003 0.52000000000000013 0.5525000000000001 0.29800000000000004 5.5000000000000009 0.18350000000000002 3.5000000000000004 0.14050000000000004 28.500000000000004 0.20350000000000004 3.8035000000000001 0.70850000000000002 17.500000000000004 0.59166666666666679 0.7965000000000001 0.19050000000000003 0.36200000000000004 6.5000000000000009 0.47650000000000003 0.53700000000000014 0.31750000000000006 2.5010000000000003 0.16650000000000004 4.7635000000000014 0.16350000000000003 0.75350000000000017
decision_type=2 2 2 2 2 2 2 2 2 2 2 2 2 2 2 2 2 2 2 2 2 2 2 2 2 2 2 2
left_child=1 2 3 4 -1 -5 20 8 9 -8 15 -12 13 16 -15 -4 -3 -10 19 -9 21 22 -2 -23 -22 -26 27 -14
right_child=6 12 10 5 -6 -7 7 18 17 -11 11 -13 26 14 -16 -17 -18 -19 -20 -21 24 23 -24 -25 25 -27 -28 -29
leaf_value=-0.0016119543795495286 -0.11173590224827573 0.040817393627114007 -0.0084782731062102417 0.0090800813455957727 0.0033028079011640705 -0.0026509237299080658 -0.01218380758698407 -0.0038707024093829765 -0.024320920133550999 -0.11635339019803477 1.717606424184147e-05 -0.046933968963145868 0.051683622906027529 -0.030517217268295007 0.045927915743101115 0.00093915672914152365 -0.018927996877604377 0.036913514555734564 -0.018668949502414028 0.046962435407479769 0.011025310027784042 -0.034964002117271901 0.031421253794858217 0.048528930344962973 0.055320514734497263 0.052144265714609651 0.058311839074479878 0.051965444674570274
leaf_weight=5995.7164402902126 1.4852540213614731 6.1013914607465249 440.50170868076384 794.48192647937685 2287.8712732279673 281.61686677578837 20.418832127004865 3.8508950620889726 4.1139483600854865 2.5265049487352362 14.208667330443857 20.368885070085526 1.2241572495549915 66.028701176866889 2.5813467949628821 226.80282478313893 7.482976202853024 11.308901786804197 3.6904622614383689 17.28174489364028 1.0976878888905073 1.1134003084152917 2.0995206292718649 7.5291727194562554 8.3235930856317299 10.144633305259047 0.86779841408133496 0.78231739439070214
leaf_count=28039 27 37 2052 3652 10554 1313 166 31 31 18 65 87 39 642 14 1099 96 100 31 159 17 20 40 144 119 312 8 23
internal_value=-2.19809e-06 -0.000172764 -1.17721e-05 0.00046572 -0.00025453 0.00601006 0.0182183 0.00795109 -0.00587336 -0.0236539 -0.00637919 -0.0276407 -0.0192142 -0.0217661 -0.0276411 -0.00527749 0.00790653 0.0205796 0.0293191 0.0376994 0.0386251 0.0185214 -0.027892 0.0377728 0.0511886 0.0535758 0.0537615 0.0517935
internal_weight=10241.6 10146.6 10061.6 9359.69 8283.59 1076.1 94.9846 63.1913 38.3682 22.9453 701.882 34.5776 85.0687 82.1944 68.61 667.305 13.5844 15.4229 24.8231 21.1326 31.7933 12.2273 3.58477 8.64257 19.5659 18.4682 2.87427 2.00647
internal_count=48935 47720 46861 43558 38593 4965 1215 536 315 184 3303 152 859 789 656 3151 133 131 221 190 679 231 67 164 448 431 70 62
is_linear=0
shrinkage=0.05


Tree=90
num_leaves=27
num_cat=0
split_feature=13 3 8 8 28 4 36 26 11 24 3 5 40 20 11 14 13 16 33 25 21 36 27 8 39 11
split_gain=13.0335 15.0822 13.4488 13.5304 21.3726 13.2126 10.2201 10.0248 8.97221 8.93624 7.02432 11.3975 9.17464 8.67793 7.60666 8.78207 6.61621 10.0362 7.39416 5.65604 3.50568 2.16665 2.02307 4.41042 1.4271 1.25005
threshold=2.2245000000000004 0.33900000000000002 1.0000000180025095e-35 0.18333333333333332 0.39850000000000008 0.72900000000000009 0.37300000000000005 0.38550000000000006 18.500000000000004 1.7145000000000004 1.8595000000000004 0.19600000000000004 0.78000000000000014 3.5000000000000004 5.5000000000000009 1.9835000000000003 1.1635000000000002 0.74550000000000016 0.24250000000000002 510.50000000000006 -8.4999999999999982 0.34200000000000003 0.30650000000000005 0.12222222222222222 2.5955000000000008 5.5000000000000009
decision_type=2 2 2 2 2 2 2 2 2 2 2 2 2 2 2 2 2 2 2 2 2 2 2 2 2 2
left_child=1 16 7 4 -4 -5 19 9 -9 -3 11 12 -8 -13 15 -12 22 18 -18 -2 -19 -21 25 -24 -16 -1
right_child=6 2 3 5 -6 -7 10 8 -10 -11 14 13 -14 -15 24 -17 17 20 -20 21 -22 -23 23 -25 -26 -27
leaf_value=-0.053615159520999822 -0.061574652324683503 -0.0095995504873001829 -0.01989464891299976 -0.0064862841549818487 -0.0012568436299089315 0.00072500650079553074 0.01984846429571601 0.074880194582553919 -0.0013185733062945062 0.019077594447804595 -0.087819332041995185 0.0062267798309519652 -0.012794507459896236 -0.032462866387717677 0.061066058008202632 0.051738677989388075 -0.020754872782717357 -0.0065017471595329689 0.023665307360998075 0.026920593182602953 -0.058966723215177756 -0.02481023039397913 0.076448366810813323 -0.055050693647490101 0.036557132947287831 -0.030941895253208215
leaf_weight=16.413100672420121 7.2365959007292977 39.54643852263689 220.90624133497477 687.84960516076535 506.48892989009619 8296.9792674379423 169.3137556090951 11.97577388584614 5.7027850896120063 86.773800164461136 2.4512369055300978 36.450645342469215 24.660472173243761 24.059768840670586 10.248122019693257 2.087062300182879 17.642751846462488 4.3959998041391364 19.975797709077597 3.7747065871953946 11.548635918647049 4.3643946312367916 1.1109507028013461 1.4966548234224317 14.12691077031195 9.6551877297461015
leaf_count=413 38 186 1086 3977 2297 38166 999 86 25 458 19 165 130 110 69 95 95 23 103 23 124 25 17 34 95 77
internal_value=-1.76742e-06 -0.000311097 -0.000133177 -0.00035807 -0.00691705 0.000172933 0.0102878 0.0150351 0.0502998 0.0100998 0.0124418 0.00978849 0.0156985 -0.00915675 0.0357955 -0.0236397 -0.0216346 -0.0112579 0.00283265 -0.0294136 -0.0445019 -0.0008188 -0.0410171 0.000973491 0.0468615 -0.0452174
internal_weight=10237.2 9938.46 9856.22 9712.22 727.395 8984.83 298.774 143.999 17.6786 126.32 283.398 254.485 193.974 60.5104 28.9133 4.5383 82.2391 53.5632 37.6185 15.3757 15.9446 8.1391 28.6759 2.60761 24.375 26.0683
internal_count=48935 47167 46281 45526 3383 42143 1768 755 111 644 1682 1404 1129 275 278 114 886 345 198 86 147 48 541 51 164 490
is_linear=0
shrinkage=0.05


Tree=91
num_leaves=31
num_cat=0
split_feature=4 8 14 39 24 18 8 16 44 16 14 29 21 2 39 32 43 32 4 14 40 11 18 4 16 3 1 24 21 24
split_gain=12.5727 18.0004 14.6201 14.0257 16.4965 12.6983 16.4281 12.145 12.054 11.5148 10.6547 9.64632 9.43549 12.0305 10.9955 9.37822 10.4239 9.37236 8.77827 8.51958 7.85039 7.72011 7.06365 9.78519 10.2915 8.53273 8.42865 6.10705 4.96532 3.70625
threshold=1.1060000000000001 0.36666666666666675 0.83650000000000013 2.7295000000000003 2.9535000000000005 0.56944444444444453 1.0000000180025095e-35 0.64850000000000019 0.47850000000000004 0.69800000000000006 1.0890000000000002 2.3380000000000005 1.0000000180025095e-35 3.5000000000000004 2.7065000000000006 0.50800000000000012 0.77300000000000013 0.58400000000000007 0.34500000000000003 1.2620000000000002 0.69900000000000007 6.5000000000000009 0.54444444444444462 1.8835000000000002 0.19100000000000003 1.9245000000000003 40.500000000000007 3.2320000000000007 9.5000000000000018 2.6650000000000005
decision_type=2 2 2 2 2 2 2 2 2 2 2 2 2 2 2 2 2 2 2 2 2 2 2 2 2 2 2 2 2 2
left_child=1 12 9 4 5 6 -2 18 -9 20 -7 -11 13 29 17 19 -17 -14 -4 -6 -3 -15 23 27 -25 26 -24 -5 -16 -1
right_child=3 2 7 22 15 10 -8 8 -10 11 -12 -13 14 21 28 16 -18 -19 -20 -21 -22 -23 25 24 -26 -27 -28 -29 -30 -31
leaf_value=-0.038942872062351634 0.024251380548316208 -0.042111886424329725 -0.016211383831877549 -0.018605077751914861 -0.0155271989985387 0.00094729693635214537 -0.0019053302648262525 -0.010418683911025389 0.030890336440815503 -0.048986183914286954 0.0085494449328998665 0.016464177854088023 -0.020539986940763415 0.047397635433361597 0.063946027130983019 0.0095256546573903658 0.035429386063419263 -0.060774232146342547 -0.00015177060660100084 0.0044859741579214522 -0.0138605018789107 -0.0034977688496496276 0.00023153783413598574 0.050005540801960624 -0.0027816864066819262 0.038217823609657836 -0.059596750430352598 -0.0019987826139936035 -0.0077371417274604828 0.040474381219508866
leaf_weight=29.475265251938257 61.270616140216589 28.46647740714252 87.913463672623038 217.41232335567474 59.73133709654212 1235.6587068550289 2962.5105035658926 25.151608552783728 59.285647712647915 6.4121555127203456 735.09099415317178 46.128205267712474 140.85498756356537 7.7418825626373282 5.1301297154277545 626.72555502969772 41.402639633975923 16.132021471858025 2649.4475733600557 484.64261598233134 180.55351743055508 198.20993022620678 172.92113912478089 11.836136223748325 41.989584846422076 14.387316268868743 6.0943512171506873 74.278913389891386 4.5657482892274857 1.5461403913795937
leaf_count=635 297 171 879 951 264 5745 13227 111 272 44 3222 236 720 57 27 3371 209 73 12321 2335 1122 1023 806 75 200 92 27 393 21 9
internal_value=-1.77503e-06 -0.00243946 -0.00113966 0.00125828 0.00193006 0.00066002 -0.00137532 -9.14311e-05 0.0185855 -0.0124483 0.0037829 0.00847645 -0.0123681 -0.00595687 -0.021483 0.00716162 0.0111309 -0.0246745 -0.000667543 0.00229003 -0.0177081 -0.00158457 -0.00647904 -0.0107618 0.00882609 0.00117209 -0.00180524 -0.0143763 0.0301907 -0.0349846
internal_weight=10233 3487.01 3083.36 6745.95 6207.03 4994.53 3023.78 2821.8 84.4373 261.56 1970.75 52.5404 403.656 236.973 166.683 1212.5 668.128 156.987 2737.36 544.374 209.02 205.952 538.92 345.517 53.8257 193.403 179.015 291.691 9.69588 31.0214
internal_count=48935 17721 15156 31214 28670 22491 13524 13583 383 1573 8967 280 2565 1724 841 6179 3580 793 13200 2599 1293 1080 2544 1619 275 925 833 1344 48 644
is_linear=0
shrinkage=0.05


Tree=92
num_leaves=24
num_cat=0
split_feature=24 4 7 3 2 14 28 29 4 14 34 40 22 2 11 39 44 3 36 34 43 2 4
split_gain=11.9327 17.2683 12.0422 13.2023 16.9592 11.7056 10.7767 8.4494 7.89827 5.12935 5.36605 4.63609 5.07216 9.67371 3.59928 3.30651 2.81498 1.89571 0.802935 1.82523 0.655893 0.00826623 0.000232451
threshold=4.7635000000000014 1.0000000180025095e-35 0.28900000000000003 0.26150000000000007 1.5000000000000002 0.62750000000000006 0.42450000000000004 2.2400000000000007 2.5770000000000004 2.4835000000000007 0.40750000000000003 0.71650000000000003 0.8500000000000002 1.5000000000000002 1.0000000180025095e-35 2.6730000000000005 0.45350000000000007 2.1835000000000004 0.46050000000000008 0.49650000000000005 0.72850000000000004 1.5000000000000002 0.96650000000000003
decision_type=2 2 2 2 2 2 2 2 2 2 2 2 2 2 2 2 2 2 2 2 2 2 2
left_child=1 9 3 8 -5 6 -4 -7 -3 10 14 12 17 22 -1 -12 -13 -2 19 -18 -19 -20 -14
right_child=11 2 5 4 -6 7 -8 -9 -10 -11 15 16 13 -15 -16 -17 18 20 21 -21 -22 -23 -24
leaf_value=-0.037963344131029621 -0.024221691207635412 -0.034098746557155661 -0.039891516429556059 0.052635080741653711 0.0012240396422453462 -0.0074620380920820822 -0.0075437725390742165 -0.00068700296268670556 0.025032774900062168 0.031787152919351587 -0.059444542266860023 -0.034386772540006202 0.052241416225995901 -0.10561168257225542 0.066230806180860649 -0.013255095033776879 -0.020510003251768192 0.011315597091033164 0.051404650145361844 0.0451421917767535 0.054788431880170567 0.0542580010768021 0.051045027053085917
leaf_weight=1.5799123812466924 1.2488788142800311 39.221739825792611 38.127048646099865 16.078058917075396 6959.182395439595 566.31326758489013 79.298781094141304 2455.9158872328699 6.5970616880804291 2.4853751361370078 20.799288342706863 1.1223143013194228 0.93315478041768052 2.3914549350738525 1.7434893222525714 4.7615895033814004 1.2995739895850444 1.1268602758646009 3.2901673521846524 5.7110358672216535 3.7716365680098534 11.106913339346645 0.71869331877678633
leaf_count=32 17 413 317 389 31655 2918 485 11359 100 12 460 22 23 18 20 105 18 14 143 125 64 188 38
internal_value=-1.81853e-06 -9.85996e-05 1.57553e-05 0.00116682 0.00134254 -0.00255832 -0.0180468 -0.00195653 -0.0255849 -0.0371385 -0.0430693 0.0301443 0.00216008 -0.0413351 0.0166979 -0.0508402 0.0428021 0.0307681 0.0468487 0.0329721 0.0447879 0.0536059 0.0517209
internal_weight=10224.8 10192.1 10160.7 7021.08 6975.26 3139.65 117.426 3022.23 45.8188 31.3697 28.8843 32.7207 10.1907 4.0433 3.3234 25.5609 22.53 6.14738 21.4077 7.01061 4.8985 14.3971 1.65185
internal_count=48935 48265 47636 32557 32044 15079 802 14277 513 629 617 670 174 79 52 565 496 95 474 143 78 331 61
is_linear=0
shrinkage=0.05


Tree=93
num_leaves=28
num_cat=0
split_feature=13 24 24 4 39 31 24 8 26 3 26 22 25 25 24 41 31 15 11 3 19 4 2 22 42 4 13
split_gain=11.9959 17.0335 14.8897 14.0028 14.4042 17.433 13.2419 8.60027 9.93699 9.37915 8.2161 7.61368 6.37714 4.94333 6.03017 5.9556 4.62536 4.74466 5.23126 3.30858 3.1562 3.08257 2.85977 2.36394 1.89989 0.119739 0.0200165
threshold=1.1060000000000001 4.0015000000000009 1.6665000000000003 0.40350000000000003 2.5845000000000007 0.66750000000000009 3.0015000000000005 1.0000000180025095e-35 0.38550000000000006 0.54000000000000015 0.23650000000000002 0.19999999999999998 507.50000000000006 507.50000000000006 3.6010000000000004 0.49400000000000005 0.7895000000000002 -0.36199999999999993 30.500000000000004 1.8165000000000002 0.59200000000000008 0.46450000000000008 17.500000000000004 -0.63333333333333319 0.25850000000000006 1.8305000000000002 0.50850000000000006
decision_type=2 2 2 2 2 2 2 2 2 2 2 2 2 2 2 2 2 2 2 2 2 2 2 2 2 2 2
left_child=2 3 16 13 5 -5 -6 8 10 12 -4 -11 -9 15 -15 -2 17 26 -19 20 -3 -21 -10 -18 -23 -25 -1
right_child=1 19 7 4 6 -7 -8 9 22 11 -12 -13 -14 14 -16 -17 23 18 -20 21 -22 24 -24 25 -26 -27 -28
leaf_value=-0.053228173527974799 -0.039170466872382473 0.03773520086102871 0.065545958386207359 -0.0070630934919636837 -0.0025913885187810464 0.0050521233068375913 0.0056850652967925519 0.00093707254501286758 0.10026526225163929 -0.0041933970216383818 -0.0074922319831398181 0.00037902409029602776 -0.039944435810533446 -0.043931143403728001 0.019143482150899511 0.045224166472066514 0.0065041494841042748 -0.010449656783864 -0.057060275079341277 -0.018235022196737054 -0.039688836485224158 0.023218314501619167 0.042504630208464067 -0.058543355315612756 0.047368081111455178 -0.070616249861124913 -0.05842721383955285
leaf_weight=3.5136741162277749 3.8349893726408464 2.3633665144443503 4.8299686685204533 332.88252464216202 2594.8280249461532 2749.0766148902476 593.89537869021297 14.756719951517878 4.0967073850333673 1639.1527851745486 18.985132530331612 2047.8303765784949 26.979796350002289 29.827904257923365 4.3407562822103491 4.5953029878437519 1.4162605609744776 74.550542613025755 6.548498570919036 2.4200315885245791 2.9710398353636265 11.753167117014526 4.4932943433523178 5.3796813208609802 26.521908452734351 3.3219780921936035 3.9130882322788239
leaf_count=87 24 21 22 1566 11509 12409 3019 100 20 7861 88 10122 189 164 21 26 28 892 40 19 24 155 20 94 358 20 37
internal_value=-1.72436e-06 0.00133289 -0.00220062 0.00111193 0.00130602 0.00374356 -0.00104991 -0.00169769 0.0239495 -0.00192058 0.00732073 -0.00165378 -0.02549 -0.0274579 -0.0359182 0.00683255 -0.0213766 -0.0177162 -0.0142133 0.0316388 -0.00538673 0.0364921 0.0700516 -0.0534021 0.0399524 -0.0631523 -0.0559675
internal_weight=10219.1 6359.31 3859.77 6313.28 6270.68 3081.96 3188.72 3761.12 32.4051 3728.72 23.8151 3686.98 41.7365 42.599 34.1687 8.43029 98.6437 88.5258 81.099 46.0295 5.33441 40.6951 8.59 10.1179 38.2751 8.70166 7.42676
internal_count=48935 29315 19620 28738 28503 13975 14528 18422 150 18272 110 17983 289 235 185 50 1198 1056 932 577 45 532 40 142 513 114 124
is_linear=0
shrinkage=0.05


Tree=94
num_leaves=29
num_cat=0
split_feature=4 3 8 18 18 26 4 24 24 24 39 11 18 24 5 8 6 7 35 5 6 6 5 23 35 9 59 1
split_gain=11.9083 13.8686 10.3044 11.6391 19.0145 12.6188 10.9867 9.18381 8.89899 8.8848 8.21266 8.94961 6.80494 7.99 7.39197 6.6525 20.3231 6.0761 5.50692 5.34879 8.27397 6.40629 4.74761 4.31345 7.69856 6.88703 3.5817 3.7131
threshold=1.7290000000000003 0.55800000000000016 0.74166666666666681 0.76388888888888895 0.70000000000000007 0.11250000000000002 1.0000000180025095e-35 3.5580000000000003 4.4055000000000009 3.3545000000000003 2.6930000000000005 58.500000000000007 0.36666666666666675 0.97050000000000003 -0.42599999999999993 0.25833333333333336 0.27100000000000007 0.26500000000000007 0.8005000000000001 -0.42599999999999993 0.27100000000000007 0.28900000000000003 -1.3954999999999997 1.1255000000000002 0.76000000000000012 0.98350000000000015 23.500000000000004 3.5000000000000004
decision_type=2 2 2 2 2 2 2 2 2 2 2 2 2 2 2 2 2 2 2 2 2 2 2 2 2 2 2 2
left_child=1 12 3 4 -3 -5 8 -8 -4 10 11 17 26 22 -15 16 18 -2 -11 21 -21 -12 -14 25 -25 -17 27 -1
right_child=9 2 6 5 -6 -7 7 -9 -10 15 19 -13 13 14 -16 23 -18 -19 -20 20 -22 -23 -24 24 -26 -27 -28 -29
leaf_value=-0.045046919354777525 0.0078480296662700195 -0.001130593174580314 -0.042692070833134463 0.036881953689241173 -0.014174749043132234 0.0036271003487399335 0.0023657941182641997 0.013151448684113123 0.018323377896116832 0.049913350510668371 -0.0062109099612415695 -0.051308719858260909 0.016262551629680575 -0.0014077871669987345 -0.042801814567826696 -0.020125982980117852 -0.17474356852676737 -0.0002218897698069007 -0.057979266958012067 -0.080859311014557039 -0.0087960077924985735 0.017453304826959747 -0.04881059650039879 0.029909871584892583 -0.075103590294433475 0.046249693867875551 -0.068344693005588694 -0.014678229973029901
leaf_weight=14.832957075443117 816.69592805020511 6384.7050552275032 21.650290265679363 29.766042415052652 292.16218048986048 684.94894078932703 852.97690730541945 256.77939655818045 8.2541672848165017 4.6930722799152127 194.24976922757924 6.9645196646451941 3.3671203721314695 147.1028365381062 11.638405358418821 4.4250281853601328 1.6445047222077844 326.50405246391892 1.5811259476467965 5.6811775714159038 13.326507210731505 33.537573892623186 16.727931605651975 5.9004851672798377 2.4782938873395324 33.446578539907932 5.1650417046621433 31.314303525723517
leaf_count=294 4051 29373 386 128 1311 3024 3729 1709 139 86 926 30 26 778 114 33 10 1494 13 26 67 158 309 58 21 392 30 220
internal_value=-1.77632e-06 -0.000696634 -0.000369897 -0.00105223 -0.00170137 0.00501208 0.00405554 0.00486142 -0.0258507 0.00419352 0.00342311 0.00519897 -0.0128082 -0.0082029 -0.00444267 0.0240617 -0.0182848 0.00554322 0.0227239 -0.00485311 -0.0303349 -0.00272678 -0.037907 0.031312 -0.00115124 0.0384942 -0.028859 -0.0244395
internal_weight=10212.5 8761.39 8531.24 7391.58 6676.87 714.715 1139.66 1109.76 29.9045 1451.13 1396.96 1150.16 230.149 178.836 158.741 54.1691 7.9187 1143.2 6.2742 246.795 19.0077 227.787 20.0951 46.2504 8.37878 37.8716 51.3123 46.1473
internal_count=48935 41570 39799 33836 30684 3152 5963 5438 525 7365 6752 5575 1771 1227 892 613 109 5545 99 1177 93 1084 335 504 79 425 544 514
is_linear=0
shrinkage=0.05


Tree=95
num_leaves=24
num_cat=0
split_feature=13 6 18 4 11 8 24 39 16 21 3 12 28 30 4 36 59 21 20 15 30 8 18
split_gain=11.6292 12.4252 12.09 13.6803 17.6742 15.1305 12.429 9.57863 9.35126 8.04723 7.63395 7.49772 6.11369 8.89431 7.41029 5.20029 6.30813 5.1591 3.96992 8.62948 3.93971 3.04405 1.72607
threshold=0.68600000000000005 0.081500000000000017 1.0000000180025095e-35 1.413 7.5000000000000009 0.23611111111111113 2.3990000000000005 2.5845000000000007 0.24550000000000002 -13.499999999999998 0.85450000000000015 28.500000000000004 0.25950000000000006 1.3240000000000003 2.1275000000000004 0.39300000000000007 14.500000000000002 24.500000000000004 -3.4999999999999996 -0.73199999999999987 1.2925000000000002 1.0000000180025095e-35 0.12222222222222222
decision_type=2 2 2 2 2 2 2 2 2 2 2 2 2 2 2 2 2 2 2 2 2 2 2
left_child=1 20 6 5 10 9 -2 -6 -7 -4 -5 12 13 -3 -14 16 -8 -17 19 -13 -1 -22 -23
right_child=2 11 3 4 7 8 15 -9 -10 -11 -12 18 14 -15 -16 17 -18 -19 -20 -21 21 22 -24
leaf_value=0.03505376099563428 -0.05191743735179969 0.048600502193690026 0.0017577350471444865 0.003095408810626768 0.0045252687716166766 -0.0045867495002820452 0.0034766202243479657 -0.001101017051840424 0.00056961871675543011 -0.014346775068453839 0.017457512075478247 0.014187895264245735 -0.012495213515509238 -0.0027941580738270431 0.029542335996576088 0.020628459617877303 0.078421999629840616 -0.013923631783340771 -0.012842469276490865 0.097416035421952735 -0.0042760333198366141 -0.017449603749852563 -0.060982663289746844
leaf_weight=1.5756914806552256 6.3210716098546973 8.5806679129600507 103.02160079032183 140.9639260713011 1391.9463944584131 1104.960200952366 4.4203898664563877 1657.0386049859226 4304.8267189078033 313.97696490772069 269.25020875688642 10.853075996041298 292.76725398376584 444.44067784026265 10.872685007750986 88.492626219056547 7.6959135681390762 12.305855341255663 5.1153536885976783 4.3679180592298517 3.5448875781148699 2.6532675754278925 16.055397282354534
leaf_count=21 30 52 464 835 6112 5263 43 7351 19653 1685 1848 47 1919 2364 52 658 33 57 27 20 37 20 344
internal_value=-1.63964e-06 -0.00578568 0.000490854 0.000287718 0.00277847 -0.00119097 0.0163109 0.00146754 -0.00048358 -0.0103681 0.0125222 -0.004695 -0.00550021 -0.00182069 -0.0109899 0.0201304 0.0510797 0.0164102 0.0252648 0.0380716 -0.0413493 -0.0467592 -0.0548088
internal_weight=10206 800.827 9405.22 9285.98 3459.2 5826.79 119.236 3048.98 5409.79 416.999 410.214 776.998 756.661 453.021 303.64 112.915 12.1163 100.798 20.3363 15.221 23.8292 22.2536 18.7087
internal_count=48935 4903 44032 43211 16146 27065 821 13463 24916 2149 2683 4481 4387 2416 1971 791 76 715 94 67 422 401 364
is_linear=0
shrinkage=0.05


Tree=96
num_leaves=26
num_cat=0
split_feature=13 7 14 11 3 1 6 37 24 17 25 24 14 11 43 39 7 7 13 43 37 10 34 28 4
split_gain=11.4173 14.0982 11.8763 13.1929 10.7543 19.7677 12.9194 9.29466 9.04768 8.04831 6.0342 5.73859 5.72927 6.29353 7.15487 5.76369 6.78907 6.44012 4.78641 2.97236 4.73465 2.72341 2.37089 2.30515 0.0118531
threshold=2.3090000000000006 0.62000000000000011 0.96350000000000013 3.5000000000000004 0.90250000000000019 3.5000000000000004 0.31700000000000006 0.62700000000000011 2.1010000000000004 0.53100000000000014 510.50000000000006 3.8035000000000001 0.64500000000000013 16.500000000000004 0.75950000000000017 2.5985000000000005 0.45250000000000007 0.49150000000000005 0.6170000000000001 0.78100000000000014 0.55150000000000021 1.5000000000000002 0.41400000000000003 0.16150000000000003 1.9665000000000001
decision_type=2 2 2 2 2 2 2 2 2 2 2 2 2 2 2 2 2 2 2 2 2 2 2 2 2
left_child=1 2 3 23 6 -6 -4 12 19 -5 -9 18 13 14 -2 17 -17 -14 -10 22 -21 -12 -3 -1 -13
right_child=7 8 4 9 5 -7 -8 10 11 -11 21 24 15 -15 -16 16 -18 -19 -20 20 -22 -23 -24 -25 -26
leaf_value=0.018395477670836761 0.018554227823181911 0.0011545639419960208 -0.0014019023618040188 -0.0036858353756830126 0.020127269515712743 0.0012294166908812651 -0.016073381991694748 -0.074046839970442646 -0.058539318781199147 0.021089021890096728 0.029764459093681323 0.057377265760357947 0.022685187876275312 -0.04004496282020642 -0.044284889784255044 0.014813630630759855 -0.027118742278548394 0.066398965288119852 -0.0070290389045954268 -0.042252077117493902 0.067527461486162246 -0.034123013985415541 -0.053296361107888983 -0.050701363176196772 0.051503267216550956
leaf_weight=1.2988545373082185 26.141479620710019 2.1799532487057212 1333.1440412187949 1823.6281189881265 141.44249645061791 6390.316578194499 169.07947851717472 4.9172643739730102 5.0523841790854922 33.381058124825358 3.4565125815570354 1.6683804653584948 66.892627716530114 8.8456938117742521 5.4792878553271285 71.365975935012102 11.162576794624327 9.6397190103307349 41.998323034495115 2.8238755296915761 1.5059456569142637 3.2239669477567077 24.100532914977521 17.075585039332509 1.7699258029460907
leaf_count=20 193 35 6301 8592 1582 28703 920 28 36 221 19 18 440 39 43 463 69 59 203 37 20 23 448 360 63
internal_value=-1.72648e-06 -0.000244888 -7.4968e-05 -0.00365764 0.00076134 0.00163864 -0.00305322 0.0115047 -0.0210071 -0.00324049 -0.0320095 -0.00800346 0.014034 -0.00276377 0.00766538 0.0183075 0.00914198 0.0281912 -0.0125603 -0.0424555 -0.0040699 -0.00106732 -0.0487797 -0.045817 0.0543535
internal_weight=10201.6 9990.47 9909.37 1875.38 8033.98 6531.76 1502.22 211.125 81.0993 1857.01 11.5977 50.489 199.527 40.4665 31.6208 159.061 82.5286 76.5323 47.0507 30.6103 4.32982 6.68048 26.2805 18.3744 3.43831
internal_count=48935 47559 46699 9193 37506 30285 7221 1376 860 8813 70 320 1306 275 236 1031 532 499 239 540 57 42 483 380 81
is_linear=0
shrinkage=0.05


Tree=97
num_leaves=30
num_cat=0
split_feature=4 8 13 24 13 17 22 8 8 2 3 28 16 13 4 9 15 22 19 9 13 24 9 34 29 21 21 3 3
split_gain=11.0932 12.8985 12.2997 17.978 11.1455 10.2401 15.7967 9.40503 8.89724 8.84383 8.48809 8.47995 8.44258 8.57023 8.0507 7.78167 7.76271 7.45683 6.8699 5.51135 5.05123 3.67584 3.09896 2.76228 3.69621 4.40678 2.13164 0.0284196 0.0013508
threshold=0.95750000000000013 0.21111111111111114 0.84400000000000008 3.2510000000000003 2.5120000000000005 0.42200000000000004 0.63333333333333353 0.18333333333333332 1.0000000180025095e-35 1.5000000000000002 0.58950000000000002 0.36500000000000005 0.11300000000000002 1.0000000180025095e-35 1.413 1.2950000000000002 -1.1959999999999997 0.8500000000000002 0.60350000000000004 1.4390000000000003 0.66100000000000014 2.4825000000000004 2.3770000000000002 0.62050000000000016 2.5945000000000005 4.5000000000000009 -5.4999999999999991 0.80400000000000016 2.9500000000000006
decision_type=2 2 2 2 2 2 2 2 2 2 2 2 2 2 2 2 2 2 2 2 2 2 2 2 2 2 2 2 2
left_child=1 23 7 4 16 10 15 8 11 28 21 -2 13 -9 -11 -7 -4 -12 -14 -6 -10 -3 -8 24 25 -1 -26 -25 -5
right_child=2 5 3 9 19 6 22 12 20 14 17 -13 18 -15 -16 -17 -18 -19 -20 -21 -22 -23 -24 27 26 -27 -28 -29 -30
leaf_value=-0.026856011938275155 0.067417943184346338 -0.047961703800617511 -0.03754777782931927 0.052124678174757404 0.013794552666264906 0.019622287294510331 0.0056984180432613192 -0.039145810525912955 -0.048334716155201594 0.0056765343258227512 -0.00091148805482346913 -0.013756935914421627 -0.021749762823219797 0.0056556896913799309 0.018989800907791635 -0.024540044742248971 0.0006819365866176793 -0.020358275868176512 -0.004037637829526191 0.049235507884367966 -0.01862753356470925 0.020374142157937713 0.046574352556693656 -0.059361573134083856 -0.02214811859444157 0.036799666675738585 -0.069676093208450696 -0.065864919161516863 0.050911600542613594
leaf_weight=11.222450142726307 5.1319308374077073 13.638171592727302 13.307091221213339 9.0511355046182853 51.518330881372094 10.833874746691434 8.5124909728765505 11.043861490674315 20.463725371286273 497.38537435047328 1769.6563918991014 8.6234907992184144 58.92206247523427 319.16082480922341 147.1491141775623 125.80988389346749 6193.2885225173086 50.706989266909659 772.35113006737083 13.937049958854912 47.57749561034143 2.2997127659618846 10.184257783927022 2.9320825086906543 3.8963372111320496 3.5881691202521315 5.9797997954301518 3.933621384203434 3.0743152899667612
leaf_count=86 32 143 56 268 434 212 37 86 199 2680 8257 57 277 1577 1064 741 27702 595 3679 82 272 16 62 32 21 18 38 25 187
internal_value=-1.81809e-06 -0.00331653 0.000818827 0.00164052 0.000816423 -0.00281403 -0.0151407 -0.00376045 -0.0201476 0.00951187 -0.00177127 0.0165281 -0.00260639 0.00415728 0.00871599 -0.0210386 0.000599971 -0.00145319 -0.0052931 0.0213408 -0.0275621 -0.0381014 0.0279638 -0.0350348 -0.0272329 -0.0114341 -0.0509253 -0.0630876 0.0518171
internal_weight=10195.2 2023.19 8171.99 6928.71 6272.05 1991.64 155.341 1243.27 81.7966 656.66 1836.3 13.7554 1161.48 330.205 644.534 136.644 6206.6 1820.36 831.273 65.4554 68.0412 15.9379 18.6967 31.5525 24.6868 14.8106 9.87614 6.8657 12.1255
internal_count=48935 10283 38652 32473 28274 10063 1052 6179 560 4199 9011 89 5619 1663 3744 953 27758 8852 3956 516 471 159 99 220 163 104 59 57 455
is_linear=0
shrinkage=0.05


Tree=98
num_leaves=25
num_cat=0
split_feature=13 24 3 4 14 16 11 44 26 14 9 24 44 23 1 9 1 26 14 23 30 24 24 21
split_gain=10.4018 12.3317 11.6321 10.9 11.9023 14.6257 10.2396 9.26604 6.87509 6.52004 8.23863 6.25748 5.36874 4.71576 5.10433 9.46276 4.48065 2.77514 3.07016 1.15874 0.767465 0.17482 0.0831962 0.0128411
threshold=0.50850000000000006 4.7635000000000014 1.1695000000000002 2.1890000000000005 0.96350000000000013 0.63250000000000017 3.5000000000000004 0.42900000000000005 0.25350000000000006 1.6940000000000002 1.6545000000000003 2.7875000000000005 0.51250000000000007 0.83350000000000013 2.5000000000000004 0.58950000000000002 3.5000000000000004 0.65900000000000014 2.6835000000000004 0.31749999999999995 1.3110000000000002 2.3325000000000005 2.9690000000000007 5.5000000000000009
decision_type=2 2 2 2 2 2 2 2 2 2 2 2 2 2 2 2 2 2 2 2 2 2 2 2
left_child=2 3 13 4 6 -6 -2 -5 16 12 -11 -9 -10 14 22 -16 -4 19 -19 -3 -15 -22 -1 -21
right_child=1 17 8 7 5 -7 -8 11 9 10 -12 -13 -14 20 15 -17 -18 18 -20 23 21 -23 -24 -25
leaf_value=-0.053922149081774944 -0.048470369603014027 -0.0087408523930493608 0.0069215520529484322 0.073796229757954968 0.00041734299786305495 0.012304504517359247 -0.0032860361021863488 0.0057009669697206293 -0.0031457196540422513 0.032402548752906581 -0.00079166998487727614 0.028792521564592097 -0.028222179237131308 -0.013579633502804929 0.073521685289425195 -0.019464766655273653 -0.076098398816772619 -0.037988560279918974 0.054173894232589441 0.05180184714771157 -0.053418613916274386 -0.067308423934683503 -0.06617439249308664 0.05482558735594787
leaf_weight=6.9312503924593312 12.62238224595785 0.78858657926321285 2.3756503500044337 5.7913365121930829 7476.0325123034418 268.03944778814912 1888.9987688893452 170.73654052987695 98.324697680771351 26.59504534304142 62.908675948157907 35.425413514487445 27.262285314500332 0.94426585920154948 2.8515300229191771 67.539453463628888 5.1451416201889515 2.0905065946280952 1.5916268229484556 6.1912721488624802 4.1880246242508274 4.9345213063061237 1.7316702976822851 8.1111904419958574
leaf_count=279 267 31 38 34 34035 1391 8931 1027 500 139 549 319 135 13 22 551 28 24 34 251 186 30 11 110
internal_value=-1.84144e-06 0.000281995 -0.00899445 0.000204893 -4.15696e-05 0.000828784 -0.00358596 0.0114211 -0.00288329 -0.00124021 0.00907163 0.00966886 -0.00858929 -0.0242593 -0.020155 -0.0156979 -0.0498742 0.0407675 0.00184928 0.0502634 -0.0564902 -0.0609318 -0.0563713 0.0535167
internal_weight=10188.2 9876.42 311.732 9857.65 9645.69 7744.07 1901.62 211.953 222.611 215.091 89.5037 206.162 125.587 89.1207 79.0539 70.391 7.52079 18.7732 3.68213 15.091 10.0668 9.12255 8.66292 14.3025
internal_count=48935 46454 2481 46004 44624 35426 9198 1380 1389 1323 688 1346 635 1092 863 573 66 450 58 392 229 216 290 361
is_linear=0
shrinkage=0.05


Tree=99
num_leaves=31
num_cat=0
split_feature=13 39 14 22 18 9 42 14 13 14 42 8 36 9 41 3 3 42 13 11 3 15 28 12 14 41 8 8 13 43
split_gain=10.1272 13.0439 15.6463 11.9724 18.9187 11.7105 13.8606 11.3615 10.6751 10.509 9.69736 11.0911 10.316 9.2483 16.4511 11.0191 10.8665 10.1607 9.21511 8.77173 8.41794 7.62097 7.49931 7.42615 6.92002 6.57387 6.30718 3.60663 7.38358 2.09399
threshold=1.5810000000000002 2.5845000000000007 1.9575000000000002 0.25833333333333336 0.18333333333333332 1.6230000000000002 0.22550000000000003 1.1090000000000002 1.3770000000000002 0.92450000000000021 0.20650000000000002 0.36666666666666675 0.47950000000000004 1.5475000000000001 0.45100000000000007 1.2545000000000002 1.1520000000000001 0.32300000000000006 1.0930000000000002 50.500000000000007 0.81950000000000001 0.23200000000000004 0.68350000000000011 15.500000000000002 0.67300000000000015 0.49400000000000005 0.74166666666666681 0.76388888888888895 1.7170000000000003 0.74850000000000005
decision_type=2 2 2 2 2 2 2 2 2 2 2 2 2 2 2 2 2 2 2 2 2 2 2 2 2 2 2 2 2 2
left_child=3 9 19 4 8 7 -7 -6 20 22 11 -11 -12 14 15 -5 21 -16 -18 26 -1 -15 25 -24 -21 -2 -3 29 -29 -4
right_child=1 2 27 13 5 6 -8 -9 -10 10 12 -13 -14 16 17 -17 18 -19 -20 24 -22 -23 23 -25 -26 -27 -28 28 -30 -31
leaf_value=-0.036927090556475139 0.00016551954318481824 -0.0010135140411941122 0.043194498076913099 -0.023062978739835305 -0.0046261001362271244 0.011314992818928138 -0.0085931815495811723 0.0013870600755668038 -0.080545163349896226 0.081648151532398766 0.00059834840484124881 0.011711098309620244 0.012564533625593288 -0.022120397102852088 0.0097359837300459873 0.0092090107547961771 -0.0020305192337711194 -0.035583297220470204 0.0056781336352627098 -0.058958343838255406 -0.0099388796844491426 0.044688579118291272 0.001134969270870069 -0.041419340165058709 -0.0097348373674933444 0.023650350277988313 0.011404020969774425 -0.074906718249623638 0.056007092805763749 -0.0098450696650752203
leaf_weight=38.199827266391367 361.94157810136676 1172.1895124092698 27.110960843972865 73.529327172785997 1156.6095437500626 96.822389263659716 901.27283408306539 2448.5631412435323 6.791105903685092 9.8580146832391637 267.73971750773489 13.340340569615362 550.30510933371261 75.119888113811612 701.02190377144143 41.311482690274715 1152.1738205738366 12.590108118951319 584.29620904661715 7.4544776231050482 118.59706787858158 4.5257213059812775 20.291222769767046 20.722060859203339 169.28738206624985 32.471236735582352 112.03330990858376 2.154529118910431 2.1536742192693055 1.9980095550417889
leaf_count=266 1688 5501 269 343 6236 448 4189 11066 31 52 1257 58 2655 574 3240 188 5785 57 2721 31 548 30 101 86 727 152 546 20 49 21
internal_value=-1.80312e-06 0.00257699 -0.000593746 -0.000965985 -0.00246281 -0.00186901 -0.00666195 -0.000542079 -0.0191721 0.00628843 0.00955211 0.0414305 0.00864809 0.00173206 0.00610991 -0.0114538 -0.000264979 0.00893643 0.000563327 -0.00136751 -0.0165139 -0.0183241 -1.6994e-05 -0.0203657 -0.0118109 0.00209898 6.97696e-05 0.0332346 -0.0094628 0.0395539
internal_weight=10182.5 2771.05 1494.38 7411.42 4766.86 4603.27 998.095 3605.17 163.588 1276.67 841.243 23.1984 818.045 2644.57 828.453 114.841 1816.12 713.612 1736.47 1460.96 156.797 79.6456 435.426 41.0133 176.742 394.413 1284.22 33.4172 4.3082 29.109
internal_count=48935 13213 7164 35722 22784 21939 4637 17302 845 6049 4022 110 3912 12938 3828 531 9110 3297 8506 6805 814 604 2027 187 758 1840 6047 359 69 290
is_linear=0
shrinkage=0.05


Tree=100
num_leaves=27
num_cat=0
split_feature=4 17 8 39 37 14 21 39 27 24 43 22 23 23 16 13 40 41 14 26 33 41 39 26 23 13
split_gain=10.1601 17.0952 14.1028 13.82 14.4085 12.0197 11.3779 10.8522 10.4453 10.2372 9.21241 9.04839 8.59383 9.81124 8.23229 8.1025 7.92744 7.79275 7.67781 7.0068 6.80821 5.44574 7.55988 4.80052 2.68242 1.25596
threshold=1.2455000000000003 0.7320000000000001 0.36666666666666675 2.5845000000000007 0.40400000000000008 0.7965000000000001 1.0000000180025095e-35 2.7065000000000006 0.25750000000000006 2.5465000000000004 0.77700000000000014 -0.13333333333333333 -0.52549999999999975 -0.41549999999999992 0.69800000000000006 1.8440000000000003 0.71350000000000013 0.45100000000000007 1.3620000000000003 0.18600000000000003 0.39300000000000007 0.41900000000000004 2.4630000000000005 0.68150000000000011 -0.66649999999999976 1.2405000000000002
decision_type=2 2 2 2 2 2 2 2 2 2 2 2 2 2 2 2 2 2 2 2 2 2 2 2 2 2
left_child=1 2 6 4 21 14 18 -8 17 11 -7 20 16 -14 -4 -13 -11 -6 -1 -10 -5 -2 -23 24 -3 -26
right_child=3 23 5 9 8 10 7 -9 19 12 -12 15 13 -15 -16 -17 -18 -19 -20 -21 -22 22 -24 -25 25 -27
leaf_value=-0.006142489064641047 -0.030245075957609953 0.024438471228513607 -0.015710608777586507 0.00043925277415784005 -0.00070370782054087822 -0.00039907889512730651 -0.018178605903945638 0.023560491634146637 -0.040711977320368443 -0.054227437382447376 0.008290274050978947 -0.010231915296385174 -0.022580836952549026 0.0023259735572405456 0.0054225934711718861 0.0090687490273876799 0.02146008638644873 0.0071883512236635243 0.010529667485128907 -0.0015036289163113494 -0.017120785990485873 0.03984838099278043 0.013757865796268401 0.062630200230795588 -0.054156556580920404 -0.089729091032836286
leaf_weight=353.7252841135487 6.0610129162669173 0.97744502499699848 197.89579691458493 936.62129493243992 419.8816375983879 3482.0984476013109 266.57532684411854 16.539250742644072 11.590306207537649 3.6183515181764951 334.31228066235781 550.59470824897289 41.038143994286656 1082.4766775132157 60.069668516516685 60.335683451965451 78.845987270586193 1226.347648197785 85.805965558625758 675.14933366049081 58.654521331191063 32.891984553076327 178.10375629924238 0.89707207959145208 13.194748991634702 3.0560427047312251
leaf_count=2005 29 7 1218 4300 1929 16497 1306 79 54 27 1568 2482 209 5167 316 267 451 5647 431 3224 280 154 884 10 378 16
internal_value=-1.70797e-06 -0.00166884 -0.00148571 0.00149534 0.00416098 -0.00034396 -0.00792302 -0.0157403 0.00301457 -0.000921811 0.000362096 -0.00353583 0.00255972 0.00141621 -0.0107895 -0.00832578 0.0181391 0.00517543 -0.00288773 -0.00216536 -0.000595612 0.0164828 0.0178251 -0.0501358 -0.0560075 -0.0608461
internal_weight=10177.4 4815.15 4797.02 5362.21 2550.03 4074.38 722.646 283.115 2332.97 2812.19 3816.41 1606.21 1205.98 1123.51 257.965 610.93 82.4643 1646.23 439.531 686.74 995.276 217.057 210.996 18.1253 17.2282 16.2508
internal_count=48935 23831 23420 25104 11921 19599 3821 1385 10854 13183 18065 7329 5854 5376 1534 2749 478 7576 2436 3278 4580 1067 1038 411 401 394
is_linear=0
shrinkage=0.05


Tree=101
num_leaves=24
num_cat=0
split_feature=24 13 7 17 5 9 14 2 4 21 13 35 7 5 26 24 26 37 43 32 1 13 13
split_gain=9.65146 16.0904 10.0446 21.4472 16.022 13.0395 10.048 15.1275 7.35748 4.37853 6.00883 7.05771 3.39758 5.96315 3.30569 2.0746 2.79742 1.97359 1.26967 0.561315 0.00148477 0.000831428 0.00037545
threshold=4.7635000000000014 1.0000000180025095e-35 0.37700000000000006 0.15200000000000002 -1.3269999999999997 1.6545000000000003 0.26150000000000007 1.5000000000000002 2.8450000000000006 5.5000000000000009 0.55800000000000016 0.72550000000000014 0.39650000000000007 1.4645000000000004 0.65900000000000014 4.3335000000000008 0.63250000000000017 0.55750000000000022 0.68300000000000016 0.40300000000000008 3.5000000000000004 0.98350000000000015 0.74550000000000016
decision_type=2 2 2 2 2 2 2 2 2 2 2 2 2 2 2 2 2 2 2 2 2 2 2
left_child=1 12 6 4 -4 -5 8 -8 -3 18 11 -11 15 17 19 16 -1 -14 -2 -12 21 -20 -22
right_child=9 2 3 5 -6 -7 7 -9 -10 10 14 -13 13 -15 -16 -17 -18 -19 20 -21 22 -23 -24
leaf_value=-0.055297557855193392 -0.015654800496324218 -0.030459684372270535 0.098968917254664182 -0.0049265135538959417 0.0072041660776388516 -0.020196229724548667 0.052321057327215086 0.00063420526735021758 0.03549501650669136 0.013204502659318313 0.01874852441912149 -0.10357452210609852 -0.061385461138766674 0.10099084450711414 -0.0150766085834016 0.0022859671966135183 -0.0083128002228468889 0.020737340017762416 0.051972243517976927 0.054469418409189264 0.053191190955025315 0.05093414254283915 0.052319893143557894
leaf_weight=19.82105115056039 0.73151122778654354 38.994054978713393 4.854755923151969 781.09352560853586 235.45066237915307 170.2907346971333 14.178821016103027 8861.2786738090217 4.7427023388445368 3.3110350370407131 1.3191488012671451 2.1236643418669701 1.9949250500649207 1.1683082794770596 2.7512480244040489 2.2672642543911925 3.7706515546888104 1.1552566625177858 4.8803208135068399 6.613086611032486 1.9417702294886101 3.1892361799255013 3.4035958517342806
leaf_count=395 23 442 27 4164 1161 869 389 40478 93 31 15 16 105 9 28 14 51 68 137 96 36 199 89
internal_value=-1.75004e-06 -8.58903e-05 2.29172e-05 -0.00428854 0.00905804 -0.00765968 0.000598968 0.000716777 -0.0233077 0.0281919 0.010375 -0.0324281 -0.0365416 0.00451222 0.032149 -0.0433976 -0.047788 -0.0312688 0.0484922 0.048529 0.0519901 0.051562 0.0526364
internal_weight=10171.3 10141.1 10110.9 1191.69 240.305 951.384 8919.19 8875.46 43.7368 30.2646 16.1182 5.4347 30.1775 4.31849 10.6835 25.859 23.5917 3.15018 14.1464 7.93224 13.4149 8.06956 5.34537
internal_count=48935 48265 47623 6221 1188 5033 41402 40867 535 670 186 47 642 182 139 460 446 173 484 111 461 336 125
is_linear=0
shrinkage=0.05


Tree=102
num_leaves=29
num_cat=0
split_feature=13 3 7 17 22 13 2 17 11 36 44 14 31 17 25 26 44 18 16 17 39 6 3 42 22 25 16 13
split_gain=9.23381 10.8102 10.9575 15.1413 13.4969 11.2149 15.2875 10.2621 9.19188 8.52936 8.2471 7.0244 10.656 7.85121 7.77157 8.14871 6.88708 8.25081 6.63618 5.76636 4.50776 4.15028 6.00539 3.66173 3.63361 5.42754 3.19706 0.0700937
threshold=2.1695000000000007 0.71700000000000008 0.19100000000000003 0.070000000000000021 0.25833333333333336 0.95350000000000013 3.5000000000000004 0.081500000000000017 3.5000000000000004 0.41350000000000003 0.49700000000000005 0.75450000000000006 0.76000000000000012 0.19100000000000003 507.50000000000006 0.17150000000000001 0.50450000000000006 0.18333333333333332 0.69800000000000006 0.36200000000000004 2.6230000000000007 0.39650000000000007 0.49150000000000005 0.24050000000000002 -0.49166666666666659 509.50000000000006 0.74550000000000016 1.4915000000000003
decision_type=2 2 2 2 2 2 2 2 2 2 2 2 2 2 2 2 2 2 2 2 2 2 2 2 2 2 2 2
left_child=1 8 5 10 -5 7 -7 -3 21 20 -4 12 23 -14 15 -13 17 -10 -18 -16 24 22 -1 -11 25 -2 -22 -23
right_child=9 2 3 4 -6 6 -8 -9 16 11 -12 14 13 -15 19 -17 18 -19 -20 -21 26 27 -24 -25 -26 -27 -28 -29
leaf_value=-0.042191258684703886 -0.071738536000485215 -0.015626081844317026 0.0032179100248717432 -0.0032470084027547462 0.002209291520766034 0.021613795451983893 0.0034709139927471782 -2.1375549353859848e-05 -0.034685831164917337 -0.02562935249599196 0.019424862070015776 -0.04258451725391784 -0.0044368707102946034 -0.048122725980089202 0.021120044651040309 0.0070116343526165793 0.0066067441906546252 -0.0057887780512729109 -0.030910655181519427 -0.010307150614987673 -0.080792397431650578 -0.058612362457024759 -0.005531520653378144 0.027329661771417685 0.02580403203316874 0.0053587655145323097 -0.020474119257786749 -0.070056687538478254
leaf_weight=18.799317423254251 3.6422426216304284 122.94575509242713 210.99437868595123 3956.2058853246272 1588.4456873359159 122.78422638308257 2135.4994042702019 736.48565142601728 25.861382365226746 3.722128780558708 124.99523936398327 10.511020404286681 36.828073026612401 14.269841998815535 183.38411036459729 39.052986038848758 171.32567149307579 550.9281616229564 12.657518927007912 15.858069103211163 4.1835154816508275 5.2901978855952612 27.531576139386743 26.517056645825505 6.0890306811779764 6.1159830456599593 4.625942649319768 1.7908791527152059
leaf_count=468 21 1039 1040 17986 7201 1164 9639 3385 146 23 630 62 224 68 1052 236 894 2899 70 96 21 80 229 146 36 44 25 11
internal_value=-1.58057e-06 -0.000288102 0.000211099 -0.00105933 -0.00168387 0.00260738 0.00445735 -0.0022537 -0.00580527 0.00792262 0.00924724 0.0100412 -0.00271461 -0.0166368 0.0142113 -0.0035062 -0.0043976 -0.00708443 0.00402565 0.0186187 -0.0204448 -0.0258555 -0.0204067 0.020811 -0.0045051 -0.0234177 -0.0491186 -0.0615068
internal_weight=10167.3 9812.54 8998.36 5880.64 5544.65 3117.72 2258.28 859.431 814.185 354.8 335.99 330.143 81.3371 51.0979 248.806 49.564 760.773 576.79 183.983 199.242 24.6567 53.412 46.3309 30.2392 15.8473 9.75823 8.80946 7.08108
internal_count=48935 46881 42084 26857 25187 15227 10803 4424 4797 2054 1670 1907 461 292 1446 298 4009 3045 964 1148 147 788 697 169 101 65 46 91
is_linear=0
shrinkage=0.05


Tree=103
num_leaves=31
num_cat=0
split_feature=4 13 39 9 30 17 22 7 30 7 4 7 3 19 40 26 25 14 18 11 39 40 3 14 14 40 13 34 43 26
split_gain=9.65312 11.26 13.6694 11.4293 11.1585 10.611 16.6211 10.3569 11.9289 9.93332 11.2027 9.28447 8.31612 7.96708 11.1841 7.16045 6.99852 6.80861 6.80509 9.06084 7.68467 6.26083 6.25377 6.97697 5.92899 5.86625 5.29461 4.28907 3.65266 2.44102
threshold=0.87750000000000006 1.9300000000000004 2.7295000000000003 2.1455000000000006 1.4705000000000001 0.33900000000000002 0.63333333333333353 0.051500000000000011 1.5230000000000004 0.093000000000000013 0.85450000000000015 0.62000000000000011 1.8985000000000001 1.8040000000000003 0.75850000000000006 0.38100000000000006 507.50000000000006 0.60350000000000004 0.54444444444444462 39.500000000000007 2.7520000000000002 0.72800000000000009 2.2890000000000001 1.0975000000000004 1.6230000000000002 0.70750000000000013 0.74550000000000016 0.49650000000000005 0.78100000000000014 0.43800000000000006
decision_type=2 2 2 2 2 2 2 2 2 2 2 2 2 2 2 2 2 2 2 2 2 2 2 2 2 2 2 2 2 2
left_child=5 2 3 11 -5 9 7 26 -9 10 15 -2 13 25 -15 -1 -8 28 19 -4 -20 -19 29 -24 -18 -3 -7 -12 -11 -14
right_child=1 12 18 4 -6 6 16 8 -10 17 27 -13 22 14 -16 -17 24 21 20 -21 -22 -23 23 -25 -26 -27 -28 -29 -30 -31
leaf_value=-0.031020332949522018 0.00042434298598166401 -0.011809987705566528 -0.0092413859886609755 -0.015492757146195333 0.018273233823569122 -0.027361308942212583 0.066551750404183665 -0.0095474161495451657 -0.033028362282045753 -0.04118281048693273 0.067843542210998253 -0.022163042240133213 0.026503496637930009 0.0064556677374087617 -0.0080524722517493555 -0.0089113613319454863 -0.008398910774464188 0.0054764942680838452 -0.016828394781557853 -0.041629446044451436 0.0093208328893174524 -0.0025578416010430555 -0.063797656360273278 0.0184466209714951 0.042942786101587978 0.019366542730071545 0.036010650735522974 0.0032719781306276017 0.026998243780739173 0.054746123079353538
leaf_weight=49.870448400266469 7066.0345849590376 17.195338577032089 363.19814802799374 29.077051416039467 154.33725597336888 4.4247645158320692 6.7070465087890652 118.09425802528858 99.797519536223263 14.123105173930528 5.6748139522969705 45.789988860953599 37.931161882355809 479.06456383131444 183.80229759961367 137.85587029997259 16.54746305663139 414.41276810038835 39.440783637575805 22.95934496819973 97.679614952765405 584.44145227316767 3.8453685883432609 7.8281521168537438 8.5176078304648382 123.14497989788651 12.919499199837444 4.7029986679553986 2.2817227076739064 9.5837203245609981
leaf_count=417 32257 83 1736 211 970 38 34 812 555 128 27 423 307 2484 920 990 79 1961 180 102 460 2707 26 169 43 613 67 20 21 95
internal_value=-1.52536e-06 0.000634878 3.68133e-05 0.000596736 0.0129202 -0.0037334 -0.0127574 -0.017342 -0.020302 -0.00174762 -0.0119891 0.000278912 0.00605696 0.0047241 0.00243279 -0.0147847 0.021187 0.000250767 -0.00776931 -0.011167 0.00179937 0.000775509 0.0241442 -0.00864543 0.00904802 0.0155466 0.0198436 0.0385811 -0.0316996 0.0322
internal_weight=10161.3 8680.91 7818.52 7295.24 183.414 1480.37 267.008 235.236 217.892 1213.36 198.104 7111.82 862.396 803.207 662.867 187.726 31.7721 1015.26 523.278 386.157 137.12 998.854 59.1884 11.6735 25.0651 140.34 17.3443 10.3778 16.4048 47.5149
internal_count=48935 41036 36339 33861 1181 7899 1628 1472 1367 6271 1454 32680 4697 4100 3404 1407 156 4817 2478 1838 640 4668 597 195 122 696 105 47 149 402
is_linear=0
shrinkage=0.05


Tree=104
num_leaves=28
num_cat=0
split_feature=4 14 37 13 17 42 22 17 11 24 8 6 40 19 21 13 33 21 22 24 9 4 44 5 40 37 4
split_gain=9.33643 9.87058 9.36241 8.86171 10.1126 7.6878 7.60435 12.4356 9.80173 6.93548 6.41343 16.8507 5.58998 7.47617 6.94259 5.21607 5.16573 4.84797 9.36562 9.03245 4.07401 2.81962 2.32652 4.13485 3.40263 0.19142 0.0558051
threshold=1.7290000000000003 1.0000000180025095e-35 0.46300000000000008 2.2890000000000001 0.36750000000000005 0.22850000000000004 0.29999999999999999 0.15600000000000003 8.5000000000000018 3.3545000000000003 0.25833333333333336 0.27100000000000007 0.77150000000000019 0.44600000000000006 -6.4999999999999991 0.69400000000000006 0.19950000000000004 -1.0000000180025095e-35 -0.29999999999999988 2.8135000000000008 0.98350000000000015 1.8910000000000002 0.49150000000000005 -1.3954999999999997 0.74700000000000011 0.40200000000000008 1.3270000000000002
decision_type=2 2 2 2 2 2 2 2 2 2 2 2 2 2 2 2 2 2 2 2 2 2 2 2 2 2 2
left_child=1 22 3 5 -5 -3 7 -4 -8 12 11 16 17 -14 -15 21 -11 19 -19 -2 -17 -12 25 -24 -25 -1 -27
right_child=9 2 6 4 -6 -7 8 -9 -10 10 15 -13 13 14 -16 20 -18 18 -20 -21 -22 -23 23 24 -26 26 -28
leaf_value=-0.084084387406398453 0.004684973968893719 0.0094917932028736815 0.0021798076383179607 0.025657908869924712 -0.051173178607634998 0.00055015357965340075 -0.004515218156546345 -0.004134761045773953 0.0037969461938034059 -0.057074233120089295 0.027957143470671755 -0.15650190743851292 0.059892324737026631 0.0027758761656816655 -0.014911575892646932 -0.016268086373948689 0.048592528750147704 -0.075158308405489746 -0.001261967333218492 0.02553470554950827 0.042782659457333456 -0.031931084166987631 0.074092899512951102 0.0065588840945978808 -0.065721511565938112 -0.054053655811374772 -0.063285163200139813
leaf_weight=0.79776102537289073 924.46470837388188 268.9958059489727 1009.2285223146901 60.344669356942177 4.6100060138851395 2260.0921585224569 510.6191073153168 3428.0534415338188 1161.1955562345684 1.5835370188578952 3.3634894788265211 1.7539349272847173 4.4746385961771002 120.29303215444088 102.96847712807357 3.2111403830349436 4.2903243782930076 4.3947831839323035 176.0782188847661 55.037651704624295 32.311197941191494 4.7282328680157661 0.98241737484931935 2.7823219946585596 3.925356122199446 3.6800219190772623 2.9489176999777555
leaf_count=10 4487 1222 4682 326 25 10553 3093 16147 5108 13 17 10 21 536 529 28 86 20 812 347 429 30 10 86 121 162 25
internal_value=-1.38745e-06 -0.000617247 -0.000547131 0.00196954 0.020205 0.00150119 -0.00161576 -0.00269856 0.00125818 0.00372995 0.0217943 -0.0205034 0.00306292 -0.00409907 -0.0053816 0.0291919 0.0201058 0.00446902 -0.00306145 0.00585651 0.0374446 -0.00703732 -0.040985 -0.0217086 -0.0357399 -0.060945 -0.0581603
internal_weight=10157.2 8718.26 8703.14 2594.04 64.9547 2529.09 6109.1 4437.28 1671.81 1438.95 51.2419 7.6278 1387.71 227.736 223.262 43.6141 5.87386 1159.98 180.473 979.502 35.5223 8.09172 15.1168 7.6901 6.70768 7.4267 6.62894
internal_count=48935 41570 41156 12126 351 11775 29030 20829 8201 7365 613 109 6752 1086 1065 504 99 5666 832 4834 457 47 414 217 207 197 187
is_linear=0
shrinkage=0.05


Tree=105
num_leaves=29
num_cat=0
split_feature=24 13 39 42 13 44 41 1 30 13 30 30 24 2 15 17 24 25 22 30 44 36 24 24 24 2 13 24
split_gain=9.18298 15.515 8.99819 12.7074 11.8406 11.0635 9.39675 7.41458 6.89377 5.73198 6.39901 6.92171 11.578 3.85033 2.40695 5.19917 1.93676 1.7552 1.46783 2.40934 5.46701 1.24916 0.231052 0.0398307 0.0261332 0.0047678 0.00126723 0.00115775
threshold=4.2580000000000009 1.0000000180025095e-35 2.5845000000000007 0.25150000000000006 1.5810000000000002 0.49900000000000005 0.47150000000000003 11.500000000000002 1.5915000000000001 1.0410000000000001 1.6025000000000003 1.5755000000000001 5.041500000000001 1.5000000000000002 -1.4914999999999998 0.19600000000000004 4.3335000000000008 512.50000000000011 0.36666666666666664 1.5790000000000004 0.50300000000000011 0.46500000000000008 2.9690000000000007 2.2405000000000004 4.7635000000000014 5.5000000000000009 1.3270000000000002 4.7635000000000014
decision_type=2 2 2 2 2 2 2 2 2 2 2 2 2 2 2 2 2 2 2 2 2 2 2 2 2 2 2 2
left_child=1 14 4 8 7 -6 -5 -3 -4 10 11 13 -13 -2 15 17 -12 -1 25 21 -21 -20 23 -16 -18 27 -27 -11
right_child=9 2 3 6 5 -7 -8 -9 -10 18 16 12 -14 -15 22 -17 24 -19 19 20 -22 -23 -24 -25 -26 26 -28 -29
leaf_value=-0.050331752977121919 0.051616495838778587 0.004182544665494438 -0.01412672840219671 -0.0078926293851892954 0.0031854015242319938 0.014585912970108729 -0.00013172210771740493 -0.0011222660537556493 0.0036062675039233564 0.053513820303583183 -0.0065509978834343953 -0.08710360487938508 0.054101591369999619 0.0038574727417264145 -0.05172068956833669 0.024770762657872269 0.058989463054906904 -0.0005019535477371141 0.020381519116793961 0.040950582349492663 -0.061470166478830468 0.055500628399830776 -0.072905299876833668 -0.059477539990437228 0.053224328279653843 0.056200894885595466 0.054340004463620355 0.051857269454430324
leaf_weight=10.79419650137425 4.6686474503949276 844.45193291967735 284.69526097178459 430.51975976442918 997.73938225675374 270.50137768685818 4146.5772010013461 2994.5007821246982 67.872680440545082 2.7939515002071875 1.4525946527719478 4.8637839406728736 2.0693131182342768 43.929049394093454 4.7983481835108233 3.7409037891775361 4.1735429205000401 2.1131814979016772 4.148554424755277 3.3406461905688039 2.1359725897200406 6.4981760755181313 2.1902230083942413 2.5262727774679661 3.7157587986439466 1.9289754591882231 1.7401856854557989 1.6943739550188182
leaf_count=183 179 4670 1280 2012 4701 1273 19454 13388 317 59 10 34 44 387 353 28 39 26 59 56 35 103 12 23 94 22 25 69
internal_value=-1.15093e-06 -0.000142694 -4.24568e-05 -0.00156627 0.00142839 0.005617 -0.00086171 4.46297e-05 -0.010713 0.0159752 0.0082189 0.00177801 -0.0449583 0.00844555 -0.0385961 -0.0271311 0.0465053 -0.0421737 0.0366982 0.0279538 0.00100478 0.0418163 -0.0586567 -0.054396 0.0562742 0.0539814 0.0553183 0.0528885
internal_weight=10152.2 10063 10036.9 4929.66 5107.19 1268.24 4577.1 3838.95 352.568 89.1535 64.8727 55.5308 6.9331 48.5977 26.1631 16.6483 9.3419 12.9074 24.2808 16.1233 5.47662 10.6467 9.51484 7.32462 7.8893 8.15749 3.66916 4.48833
internal_count=48935 47720 47095 23063 24032 5974 21466 18058 1597 1215 787 644 78 566 625 237 143 209 428 253 91 162 388 376 133 175 47 128
is_linear=0
shrinkage=0.05


Tree=106
num_leaves=28
num_cat=0
split_feature=4 17 13 24 40 7 17 16 24 16 14 14 6 3 21 16 42 44 40 40 7 29 5 5 28 24 13
split_gain=9.13785 12.9369 10.3185 12.759 13.408 11.8683 11.4289 10.2624 8.99029 8.65594 11.2652 8.63207 8.09905 7.79745 6.5783 6.16002 8.08866 6.80323 4.61627 5.59905 4.37007 2.7814 3.26494 2.64032 0.792115 0.653924 0.0385058
threshold=1.1060000000000001 0.7320000000000001 0.91850000000000021 2.9690000000000007 0.77150000000000019 0.20350000000000004 0.051500000000000011 0.27450000000000008 1.6255000000000002 0.63450000000000017 0.82700000000000007 1.3900000000000003 0.27100000000000007 0.49150000000000005 18.500000000000004 0.10150000000000002 0.22300000000000003 0.40400000000000008 0.70200000000000007 0.70950000000000013 0.24550000000000002 2.2965000000000004 -1.4904999999999997 -0.42599999999999993 0.13950000000000004 2.9690000000000007 0.77100000000000013
decision_type=2 2 2 2 2 2 2 2 2 2 2 2 2 2 2 2 2 2 2 2 2 2 2 2 2 2 2
left_child=1 8 13 4 6 14 -4 -6 18 10 -10 -7 -11 21 -5 16 -15 -17 23 -20 -3 26 -23 -1 -22 -26 -2
right_child=2 20 3 5 7 11 -8 -9 9 12 -12 -13 -14 15 -16 17 -18 -19 19 -21 24 22 -24 -25 25 -27 -28
leaf_value=-0.0099006405913503858 -0.055845045036951972 0.021576857089241824 0.012332972229704892 0.016176912160804354 -0.024811653576166791 -0.009393108347495906 0.0013559329208017207 -0.0036916176502787383 -0.015798485868901129 0.05177028457016504 -0.0014872328448260613 0.0062804275727658988 0.0061487028693043635 0.037572277667008443 -0.0085443458329691364 -0.046527569694531985 0.0022351003421078081 -0.0036705365911321505 0.037849475324058662 -0.017248042044925284 -0.014671217755426909 -0.059962598388091037 0.0070189036995244721 -0.058131934154443954 -0.054807636049084854 -0.084604532766417023 -0.062902269427868071
leaf_weight=3.9448493593372396 4.2854007072746736 2.0518195778131512 253.57193608954549 349.35816793562844 64.440692849457264 117.01550724543631 3655.2629157602787 535.37496965378523 144.09994732216001 10.232267007231711 3005.5503164902329 352.39742870349437 197.48407295718789 17.453540023416281 29.155673891305923 9.34048183262348 224.39380843937397 1074.7503331620246 5.000747716985642 59.153463914990425 1.0484030996449281 2.8341245297342539 5.0808499259874225 10.108584145084022 10.915400389349086 2.2149355560541144 3.5208754763007164
leaf_count=61 55 9 1497 2135 277 568 15864 2377 830 46 14609 1909 905 86 146 46 1120 5037 49 725 23 31 43 92 362 10 23
internal_value=-9.28361e-07 -0.00209078 0.00107604 0.00205818 0.000999924 0.0076852 0.00206803 -0.00596063 -0.00188039 -0.00149001 -0.00214199 0.00237332 0.00839606 -0.00284518 0.0142727 -0.00243012 0.0047853 -0.00403979 -0.0186388 -0.0129533 -0.046625 -0.0378512 -0.0169652 -0.0445932 -0.0564946 -0.059834 -0.0590281
internal_weight=10150 3451.8 6698.24 5356.58 4508.65 847.927 3908.83 599.816 3435.57 3357.37 3149.65 469.413 207.716 1341.66 378.514 1325.94 241.847 1084.09 78.2076 64.1542 16.2306 15.7213 7.91497 14.0534 14.1787 13.1303 7.80628
internal_count=48935 17721 31214 24773 20015 4758 17361 2654 17317 16390 15439 2477 951 6441 2281 6289 1206 5083 927 774 404 152 74 153 395 372 78
is_linear=0
shrinkage=0.05


Tree=107
num_leaves=31
num_cat=0
split_feature=14 13 37 3 42 27 25 4 19 4 19 8 19 22 31 41 18 13 0 42 24 8 41 7 43 21 39 14 8 10
split_gain=8.82921 11.6407 11.3153 10.8795 9.55811 9.5435 9.38216 12.7369 9.12852 8.57379 11.6002 9.05755 8.22519 8.04972 8.81302 9.72695 7.47325 9.57127 9.2142 9.19318 8.89599 9.65339 7.45212 7.31773 10.6918 10.0856 6.47181 6.34336 4.67669 1.80806
threshold=1.2155000000000002 0.96100000000000008 0.47350000000000003 1.8775000000000002 0.22850000000000004 0.31350000000000006 509.50000000000006 0.87250000000000016 1.0975000000000004 1.413 1.2650000000000001 0.25833333333333336 1.5275000000000001 0.5916666666666669 0.63500000000000012 0.51450000000000007 0.59166666666666679 1.4105000000000001 2.5000000000000004 0.28950000000000004 1.7475000000000003 1.0000000180025095e-35 0.52750000000000019 0.19600000000000004 0.69800000000000006 15.500000000000002 2.5060000000000007 1.5965000000000003 0.54444444444444462 8.5000000000000018
decision_type=2 2 2 2 2 2 2 2 2 2 2 2 2 2 2 2 2 2 2 2 2 2 2 2 2 2 2 2 2 2
left_child=1 13 3 6 5 8 12 -8 -3 11 -11 -6 -2 14 15 -1 20 18 -18 -19 29 -22 27 24 -15 -25 -16 -5 -24 -4
right_child=2 4 16 22 9 -7 7 -9 -10 10 -12 -13 -14 23 26 -17 17 19 -20 -21 21 -23 28 25 -26 -27 -28 -29 -30 -31
leaf_value=0.0069675695136067473 0.0051872155535237323 -0.051134630039394446 -0.076933901067144789 0.0042636036718617923 -0.014337558676050875 -0.05268063537583461 -0.014391850692633105 0.00235226866522599 0.0081095598163003525 0.023042248227307237 0.00040559386606668846 -0.0026527972070229389 0.020922570789082093 0.11118210374323988 -0.0033231085703995552 -0.040007083310648506 -0.028643546957220357 0.017256178021396049 0.0018562747144229325 -0.0049611298074572208 0.026713234743003435 -0.001149104552181895 -0.00061797546816289798 0.061593324855909543 -0.017628595361163995 -0.011197408727280634 -0.018486021501222621 0.020548271895040819 0.047334852592332943 -0.032175842398866478
leaf_weight=98.282422254560515 383.22783888876438 6.6041428185999385 3.6290307454764825 147.78437145426869 181.88632369786501 6.7606682395562521 130.97633516229689 854.79944766312838 420.50448323506862 58.957126803696156 1412.7706777658314 1880.8814559746534 106.02520344592631 1.7470305459573889 96.029977334430441 12.411929753609 27.994135450571775 201.40374893369153 214.54314319975674 60.561913605313748 31.377436187118292 3363.3975254339166 6.4619334042072323 12.506734092719855 20.685061489231884 7.6814250349998465 263.3815875176806 100.44405051413924 23.853434793651104 5.9653809359297156
leaf_count=658 1723 44 20 793 1025 38 570 3889 1953 257 6553 8749 494 18 596 87 127 938 944 294 150 15773 41 65 230 34 1621 1029 165 57
internal_value=-1.06995e-06 -0.00165931 0.00131121 0.00464827 -0.000743288 0.00626052 0.00293685 0.00012754 0.0071935 -0.00160303 0.00131241 -0.00368311 0.0085972 -0.00874904 -0.0106354 0.0017004 -0.000185843 0.00549333 -0.00166408 0.0121199 -0.00102746 -0.000891577 0.0137111 0.0120579 -0.00759671 0.0338971 -0.0144347 0.0108531 0.0371134 -0.0491053
internal_weight=10143.5 4481.09 5662.44 1753.57 3968.36 433.869 1475.03 985.776 427.109 3534.5 1471.73 2062.77 489.253 512.726 470.106 110.694 3908.87 504.503 242.537 261.966 3404.37 3394.77 278.544 42.6203 22.4321 20.1882 359.412 248.228 30.3154 9.59441
internal_count=48935 21928 27007 8704 18619 2035 6676 4459 1997 16584 6810 9774 2217 3309 2962 745 18303 2303 1071 1232 16000 15923 2028 347 248 99 2217 1822 206 77
is_linear=0
shrinkage=0.05


Tree=108
num_leaves=26
num_cat=0
split_feature=39 41 39 44 17 4 25 28 7 32 21 22 14 10 7 13 15 16 27 14 17 39 1 4 35
split_gain=8.57754 9.27223 12.6372 12.8664 9.35135 9.25644 9.6589 8.7785 8.44487 8.03284 8.7086 7.98988 7.71179 8.21189 6.96802 6.0828 6.51727 5.9939 13.7369 6.91862 4.50962 4.17296 4.9298 2.92091 2.5738
threshold=2.3915000000000002 0.45350000000000007 2.5190000000000006 0.44900000000000007 0.21550000000000002 0.57400000000000007 507.50000000000006 0.31750000000000006 0.32050000000000006 0.50800000000000012 -7.4999999999999991 -0.63333333333333319 0.7965000000000001 1.5000000000000002 0.41050000000000003 1.5740000000000001 0.71700000000000008 0.46900000000000003 0.22050000000000003 1.7875000000000003 0.12250000000000001 2.3725000000000005 18.500000000000004 1.4260000000000004 0.70350000000000013
decision_type=2 2 2 2 2 2 2 2 2 2 2 2 2 2 2 2 2 2 2 2 2 2 2 2 2
left_child=15 8 5 14 -5 7 -7 -3 12 11 -11 -10 20 -14 -4 16 17 19 -19 -1 -2 22 23 -17 -24
right_child=1 2 3 4 -6 6 -8 -9 9 10 -12 -13 13 -15 -16 21 -18 18 -20 -21 -22 -23 24 -25 -26
leaf_value=-0.00024760383543158046 -0.039623783542189317 -0.0021621626422242586 0.016385150608715638 0.0013114466251609904 -0.0023267807752258255 -0.0016171867891868735 0.0083288966109319445 -0.048490596535364215 0.041142000029026682 -0.024967306463595088 0.0050424547036344806 -0.01854002201010271 0.024261900167523023 -0.0012635686763757341 -0.023519547834598042 -0.02253694458717044 -0.051752095345658902 -0.0407900935894394 0.062341804494940693 0.040156701052173727 -0.010462361074761561 0.068401085660108191 0.021978499317521737 0.029267583615349219 0.074183631770454603
leaf_weight=86.536273169331253 16.405455330386758 32.440281515242532 151.3279474535957 3192.2772191753611 3953.5389372974169 329.72669565863907 939.9318943861872 14.93133064243011 5.766326878219842 30.908332340419292 110.96794593939558 203.99349169922061 32.660425017122179 893.83402231289074 11.792054603574796 6.317759104073053 4.5184791637584558 4.3005175571888712 12.956648752093313 12.073272764682768 69.091469660401344 6.4775423333048812 4.5765488594770414 4.7793639823794365 4.8768220245838165
leaf_count=424 122 215 730 15799 18625 1561 4471 144 28 135 555 1075 152 4191 70 30 26 22 60 61 342 31 20 24 22
internal_value=-1.10461e-06 -0.000177786 0.000427879 -0.000384506 -0.000701462 0.00493625 0.00574593 -0.0167647 -0.00400907 -0.0106842 -0.0014953 -0.0168994 -0.00168966 -0.000363755 0.0135004 0.0119719 0.00715933 0.00945671 0.0366411 0.0046993 -0.016058 0.0334073 0.0223772 -0.000225514 0.0489102
internal_weight=10137 9989.59 8625.97 7308.94 7145.82 1317.03 1269.66 47.3716 1363.63 351.636 141.876 209.76 1011.99 926.494 163.12 147.413 120.385 115.867 17.2572 98.6095 85.4969 27.028 20.5505 11.0971 9.45337
internal_count=48935 48215 41615 35224 34424 6391 6032 359 6600 1793 690 1103 4807 4343 800 720 593 567 82 485 464 127 96 54 42
is_linear=0
shrinkage=0.05


Tree=109
num_leaves=25
num_cat=0
split_feature=3 1 6 24 44 42 14 19 14 18 12 26 14 30 39 42 8 31 31 44 25 24 32 18
split_gain=8.44437 12.5639 11.9911 9.13096 12.1226 9.03229 10.5435 16.4094 8.56633 8.54235 7.99492 11.1547 7.06949 7.41958 6.92373 6.56406 6.06238 6.0882 5.90655 5.03661 2.49834 1.249 1.2161 0.687964
threshold=0.75450000000000006 3.5000000000000004 0.44200000000000006 2.8335000000000004 0.50300000000000011 0.22300000000000003 1.1775000000000002 1.2245000000000001 0.26150000000000007 0.74166666666666681 27.500000000000004 0.18800000000000003 1.8835000000000002 1.4755000000000003 2.4560000000000008 0.30900000000000005 0.074999999999999969 0.76200000000000012 0.75750000000000017 0.49700000000000005 506.50000000000006 3.0455000000000005 0.35000000000000003 0.76388888888888895
decision_type=2 2 2 2 2 2 2 2 2 2 2 2 2 2 2 2 2 2 2 2 2 2 2 2
left_child=2 8 3 10 21 12 9 -8 19 -7 15 -12 13 -3 -14 -1 18 -18 -10 -2 -4 -5 -22 -24
right_child=1 5 20 4 -6 6 7 -9 16 -11 11 -13 14 -15 -16 -17 17 -19 -20 -21 22 -23 23 -25
leaf_value=-0.00089696123154498039 -0.0057193759209643591 -0.0035371530671189314 -0.0054186136422496155 -0.058719331194877593 0.018574115285050624 -0.0038097180895749817 -0.0010588585919356678 0.0048501512167334537 0.058244217340803796 0.0029501413064612282 0.0033124296224352197 -0.039257759718714445 0.058659047785397961 0.0081580628181449587 0.012392308954954882 -0.019551733771231324 0.0036638176054811416 0.021175424189796684 0.012680516979858673 -0.084913224300643075 -0.020928939107078461 -0.094369046622562625 -0.064496128398220956 -0.031485712975102213
leaf_weight=943.01798160630278 4.8774004485458118 196.99819102883339 3.351416518911722 5.5762365013360959 5.4032905809581271 2532.4632247760892 3152.2507414463907 1873.0250093853101 13.965887300204487 573.11416515335441 27.747941702604294 34.546502627432346 11.742433611303566 435.2151161134243 25.96942394040525 49.637642178218812 128.21407154481858 80.983837131410837 14.494823377579449 3.4122859030030668 2.4377904133871189 4.3921222686767578 10.550541128031906 1.8560092970728881
leaf_count=5392 32 924 31 28 26 11585 14393 8557 172 2535 122 174 60 1925 130 277 1271 904 196 23 25 20 117 16
internal_value=-1.21383e-06 0.000499407 -0.0041619 -0.00347765 -0.0417361 0.000187913 -0.00027187 0.00114355 0.0116456 -0.00256223 -0.00292019 -0.0202956 0.00576829 0.00451382 0.0267985 -0.00182979 0.0133883 0.0104428 0.035039 -0.038318 -0.0444107 -0.0744268 -0.053214 -0.0595578
internal_weight=10135.2 9046.73 1088.52 1070.32 15.3716 8800.78 8130.85 5025.28 245.948 3105.58 1054.95 62.2944 669.925 632.213 37.7119 992.656 237.659 209.198 28.4607 8.28969 18.1958 9.96836 14.8443 12.4066
internal_count=48935 42707 6228 6039 74 40109 37070 22950 2598 14120 5965 296 3039 2849 190 5669 2543 2175 368 55 189 48 158 133
is_linear=0
shrinkage=0.05


Tree=110
num_leaves=26
num_cat=0
split_feature=14 13 16 7 1 4 32 26 3 4 24 23 8 24 36 25 8 7 6 13 28 32 21 21 13
split_gain=8.21458 10.2283 10.8851 8.47015 8.71938 7.87085 6.54371 7.50431 7.33218 7.26054 6.38395 5.49123 10.7461 10.518 4.87597 4.50114 4.34224 6.13081 5.42117 3.48015 2.8209 1.61153 1.085 0.527985 0.0226684
threshold=0.60350000000000004 2.3090000000000006 0.90450000000000019 0.62000000000000011 6.5000000000000009 0.66100000000000014 0.58600000000000008 0.22350000000000003 1.2455000000000003 0.96650000000000003 3.8035000000000001 0.33299999999999991 0.63333333333333341 1.7315000000000003 0.35900000000000004 507.50000000000006 0.36666666666666675 0.21250000000000002 0.32700000000000007 2.5120000000000005 0.32350000000000007 0.31100000000000005 5.5000000000000009 -5.4999999999999991 1.0605000000000002
decision_type=2 2 2 2 2 2 2 2 2 2 2 2 2 2 2 2 2 2 2 2 2 2 2 2 2
left_child=5 2 3 4 -2 21 7 9 -9 -3 -5 12 14 -14 -7 -8 18 -18 -13 -17 -4 -1 24 -22 -23
right_child=1 6 20 10 -6 11 15 8 -10 -11 -12 16 13 -15 -16 19 17 -19 -20 -21 23 22 -24 -25 -26
leaf_value=0.034584173943658855 0.0048613259406045176 -0.0665197889146215 0.0037654644605717002 -0.020095576247264324 -0.00036408804157132206 0.016923335971581039 -0.016814342102825116 0.040000334436039148 0.003472517861281452 -0.0013066697903364906 0.054306079478274344 -0.03403207912436465 0.094256385015585809 0.011177969181207661 -0.0088187112066189528 0.022440602021327315 -0.013289317114359531 -0.059620555046102031 0.063422053659545022 0.051643197981673876 0.074274880711893268 -0.052179360808335108 0.0041067506020555384 0.050249083809812745 -0.057097999272470057
leaf_weight=0.57313045300543208 879.23973772628233 4.6399655640125266 2.9875085018575183 69.674300114158541 8675.8019286394119 19.943327599205077 5.0477764122188082 24.042046731337905 32.054744055029005 53.262382599990815 3.0075856186449519 2.8383036018349221 4.8801994770765331 17.369095027446747 237.04613527003676 28.142673894762993 17.044487573206428 12.287703364621846 2.8699818700551987 16.003915692213923 3.670734751969575 3.4420544581953401 0.8208735045045622 6.0646612979471675 7.3325239047408104
leaf_count=30 5472 22 39 602 39120 132 36 158 251 319 81 35 36 86 1565 165 113 89 16 130 25 216 10 101 86
internal_value=-1.21531e-06 0.000258603 4.84767e-05 -1.2599e-05 0.000116746 -0.00780388 0.0126715 0.00609439 0.0191277 -0.00653248 -0.0170168 -0.00627619 -0.00393496 0.0294005 -0.00682103 0.0279129 -0.0249335 -0.0326982 0.0149654 0.0330271 0.0462659 -0.0472598 -0.0513051 0.059308 -0.0555267
internal_weight=10130.1 9803.64 9640.45 9627.72 9555.04 326.448 163.194 113.999 56.0968 57.9023 72.6819 314.279 279.239 22.2493 256.989 49.1944 35.0405 29.3322 5.70829 44.1466 12.7229 12.1686 11.5955 9.7354 10.7746
internal_count=48935 46521 45440 45275 44592 2414 1081 750 409 341 683 2072 1819 122 1697 331 253 202 51 295 165 342 312 126 302
is_linear=0
shrinkage=0.05


Tree=111
num_leaves=22
num_cat=0
split_feature=4 3 9 8 22 21 8 13 23 13 20 22 9 13 28 40 27 14 43 43 3
split_gain=8.01403 10.2754 14.0046 10.13 24.31 8.50178 6.53972 5.14507 6.57629 7.68902 4.93013 4.89111 4.54698 7.83606 6.29795 3.5797 4.07165 3.40665 1.78341 1.33131 0.749343
threshold=2.1275000000000004 0.26150000000000007 1.0000000180025095e-35 0.18333333333333332 -0.19999999999999993 -24.499999999999996 0.59166666666666679 0.34150000000000008 0.57100000000000017 1.0680000000000003 7.5000000000000009 -0.76388888888888873 0.49150000000000005 1.3920000000000001 0.46800000000000003 0.69400000000000006 0.21600000000000003 1.5400000000000003 0.71400000000000008 0.78100000000000014 1.3965000000000003
decision_type=2 2 2 2 2 2 2 2 2 2 2 2 2 2 2 2 2 2 2 2 2
left_child=1 12 10 4 -4 -5 7 -2 9 -9 18 -12 15 19 -15 -1 -17 -10 -3 -14 -8
right_child=6 2 3 5 -6 -7 20 8 17 -11 11 -13 13 14 -16 16 -18 -19 -20 -21 -22
leaf_value=0.024553535412461719 -0.053846182944995095 0.02161153322458205 -0.002101502112887709 -0.010101481128032434 -0.027310956885331972 0.00047956871078139271 0.08031712536789723 -0.0092756849985778118 0.06152005595037785 0.011332889165836428 0.045671309915297824 -0.0072746877292254753 -0.056676195251681494 0.087858188099884577 -0.004718273903476667 -0.0089109538154600876 -0.050377631215248256 0.01156570698857505 0.07249947396960249 0.020947423160398108 0.04320603467618523
leaf_weight=2.3999112276360384 3.3842109180986872 2.1643864661455181 678.57838192675263 194.02645637094975 111.31861197203398 8802.8480753232725 2.8679521568119517 59.926100362092257 8.4411565158516151 184.93432937003672 8.6064058132469672 8.8446716368198377 4.4249841377604735 3.1211357433348894 4.4656148105859756 8.1755680833011883 21.456017902120948 5.7293140795081845 8.4180941563099605 0.63115978520363558 2.5874074175953865
leaf_count=27 22 17 3111 827 590 41805 19 289 43 1261 71 53 186 24 32 75 286 43 104 23 27
internal_value=-1.24632e-06 -0.000233083 -0.000124183 -0.000225267 -0.00565422 0.000251378 0.00853196 0.00740553 0.00820577 0.00628923 0.0351652 0.0188369 -0.0241582 0.00123209 0.033367 -0.0341798 -0.0389367 0.0413228 0.0620916 -0.0469864 0.0627158
internal_weight=10127.3 9859.48 9814.81 9786.77 789.897 8996.87 267.87 262.415 259.031 244.86 28.0336 17.4511 44.6744 12.6429 7.58675 32.0315 29.6316 14.1705 10.5825 5.05614 5.45536
internal_count=48935 47231 46578 46333 3701 42632 1704 1658 1636 1550 245 124 653 265 56 388 361 86 121 209 46
is_linear=0
shrinkage=0.05


Tree=112
num_leaves=25
num_cat=0
split_feature=24 4 39 41 40 17 12 14 26 41 21 40 41 21 29 44 25 27 36 31 1 21 21 1
split_gain=8.04987 12.7672 8.62578 12.7991 10.2085 9.31131 5.57044 7.49067 6.12527 5.42157 9.51915 4.74902 7.64515 8.9046 4.10309 2.9034 2.70413 1.1268 0.822402 1.87443 0.0740301 0.0106903 0.0052037 0.000242705
threshold=4.7635000000000014 1.0000000180025095e-35 2.7295000000000003 0.52000000000000013 0.75700000000000012 0.29800000000000004 28.500000000000004 1.5635000000000001 0.45750000000000007 0.51050000000000006 3.5000000000000004 0.71650000000000003 0.47850000000000004 5.5000000000000009 3.0510000000000006 0.45350000000000007 513.50000000000011 0.17850000000000002 0.46050000000000008 0.75050000000000006 5.5000000000000009 5.5000000000000009 5.5000000000000009 3.5000000000000004
decision_type=2 2 2 2 2 2 2 2 2 2 2 2 2 2 2 2 2 2 2 2 2 2 2 2
left_child=1 9 3 4 -3 -5 8 -8 -4 14 20 12 17 23 16 -13 -1 -2 19 -17 -11 -20 -19 -14
right_child=11 2 6 5 -6 -7 7 -9 -10 10 -12 15 13 -15 -16 18 -18 22 21 -21 -22 -23 -24 -25
leaf_value=-0.058230048445959859 -0.016356321497176685 0.00054839405158216671 -0.0010857947418340494 0.008321538547053536 -0.0041167725560889504 -0.0022028652650503801 -0.040146754480542342 0.010637038237731921 -0.011375110524821277 -0.051693651877637262 0.063063721358779579 -0.039970818084609734 0.051747080240531096 -0.095751571070089997 0.034075471532568444 0.053167308254338214 0.00873169761155595 0.051879885541190267 0.051623377932961192 -0.0022392031499474936 -0.068000532602701766 0.054636828081330295 0.055555808863751693 0.053022533264597528
leaf_weight=17.848657887196179 0.67487772088498044 6866.0052358149551 463.01520123891532 794.61880926368758 1414.1781483427621 285.73452385794371 24.164600722491741 10.380466274917124 210.3535950970836 2.147877215640619 3.4387515876442194 1.0535822222009326 0.79331608209758975 3.1509262174367905 1.4691842938773323 3.7975047202780869 1.6468017483130086 1.9643182232975962 5.5889461548067612 2.5524733271449804 1.0296395551413295 6.2167980913072824 1.8882396444678304 0.70395413599908352
leaf_count=436 8 32537 2224 3678 6628 1383 106 47 1033 102 25 22 30 24 29 105 28 75 238 38 9 93 23 14
internal_value=-1.30104e-06 -7.60574e-05 1.70031e-05 0.000419468 -0.000248373 0.00553802 -0.00530467 -0.0248867 -0.00430007 -0.0340479 0.00541284 0.0265882 -0.00300319 -0.0480464 -0.0465014 0.040723 -0.0525737 0.0432414 0.0454057 0.0308958 -0.0569777 0.0532102 0.0536816 0.0523467
internal_weight=10124.4 10096 10068.5 9360.54 8280.18 1080.35 707.914 34.5451 673.369 27.5809 6.61627 28.3849 9.17563 4.6482 20.9646 19.2093 19.4955 4.52744 18.1557 6.34998 3.17752 11.8057 3.85256 1.49727
internal_count=48935 48265 47636 44226 39165 5061 3410 153 3257 629 136 670 174 68 493 496 464 106 474 143 111 331 98 44
is_linear=0
shrinkage=0.05


Tree=113
num_leaves=28
num_cat=0
split_feature=4 17 39 41 17 9 33 32 7 3 27 14 11 26 3 11 23 3 42 39 21 27 11 21 26 10 21
split_gain=7.99635 11.8823 10.2591 13.4119 10.0761 12.8515 12.6367 9.95201 8.5574 7.53806 7.14356 10.0286 7.21768 6.39294 9.87696 8.5125 6.58434 6.24433 6.01367 8.04793 5.86186 5.47652 4.95366 4.74323 4.17998 3.59508 0.435474
threshold=1.1060000000000001 0.7320000000000001 2.7295000000000003 0.51800000000000013 0.070000000000000021 1.4630000000000003 0.17350000000000002 0.57450000000000012 0.28900000000000003 0.58950000000000002 0.19050000000000003 1.3585000000000003 7.5000000000000009 0.45750000000000007 1.9245000000000003 53.500000000000007 0.89100000000000024 0.96250000000000002 0.29800000000000004 2.7950000000000004 -1.0000000180025095e-35 0.30650000000000005 37.500000000000007 -3.4999999999999996 0.68150000000000011 6.5000000000000009 5.5000000000000009
decision_type=2 2 2 2 2 2 2 2 2 2 2 2 2 2 2 2 2 2 2 2 2 2 2 2 2 2 2
left_child=1 9 3 7 6 -6 -5 8 -2 21 12 -12 -11 14 15 -4 -16 -9 20 -20 -15 22 -1 -23 25 -3 -27
right_child=2 24 13 4 5 -7 -8 17 -10 10 11 -13 -14 18 16 -17 -18 -19 19 -21 -22 23 -24 -25 -26 26 -28
leaf_value=-0.026887345965617156 0.0011538081338309779 0.054404934764975037 -0.0030223270044750835 -0.020599202394043694 0.0020562549765308883 0.017692411635461477 0.036620540102069603 -0.0031214029473817183 -0.0036305920497616447 -0.025931482555272313 -0.0033599142865983057 0.002334574166853229 -0.005123517192271828 -0.053564783738377079 0.044684267420157769 -0.043924766067463927 -0.020719018759278871 0.0071045084421192803 -0.038176717965543436 -0.0080917884738801859 0.0075764752518304966 0.10540311765768869 0.064114003098944952 -0.004749846478697731 0.059982724649804378 -0.060144783575616145 -0.022058165834583088
leaf_weight=51.076742404140532 3044.8289588834159 0.75077633559703549 369.48967051506042 11.732109336182473 517.50179489981383 176.13940315879881 54.343382380902767 182.92932981811464 1348.5306729385629 53.607086311094463 1732.4327236148529 1396.3128475416452 187.23764356225729 4.4081006385385981 17.104304473847154 13.173874229192732 4.9652538760565212 811.74431789852679 42.837634718511254 46.207203948870301 35.416995387524366 1.524872215464711 1.5405497029423703 2.7214679108001283 0.88150051189586598 12.999206469627094 0.7964978441596039
leaf_count=661 14047 10 1702 60 2330 802 340 837 6304 335 8456 6957 840 23 114 57 34 3950 213 228 173 15 9 44 10 377 7
internal_value=-1.16942e-06 -0.00195907 0.00100744 0.00158466 0.00780404 0.00602681 0.0264608 0.000707722 -0.000314751 -0.00176194 -0.00145729 -0.000818548 -0.00975494 -0.00564285 -0.00255467 -0.00443047 0.0299697 0.00522387 -0.0153417 -0.022565 0.000808963 -0.0198149 -0.024223 0.0348064 -0.0457405 -0.0521472 -0.0579458
internal_weight=10123.2 3441.88 6681.35 6147.75 759.717 693.641 66.0755 5388.03 4393.36 3426.45 3369.59 3128.75 240.845 533.603 404.733 382.664 22.0696 994.674 128.87 89.0448 39.8251 56.8636 52.6173 4.24634 15.428 14.5465 13.7957
internal_count=48935 17721 31214 28670 3532 3132 400 25138 20351 17317 16588 15413 1175 2544 1907 1759 148 4787 637 441 196 729 670 59 404 394 384
is_linear=0
shrinkage=0.05


Tree=114
num_leaves=28
num_cat=0
split_feature=24 13 4 17 39 3 42 24 21 7 30 27 7 7 7 5 32 36 40 21 39 37 27 3 41 27 24
split_gain=7.73182 13.9421 7.65605 13.3021 10.8981 11.2787 8.59105 7.7772 6.24928 6.48468 6.36353 4.72308 4.10297 3.8796 3.85191 5.02425 3.4425 4.55119 6.45689 3.22742 2.91097 2.09173 1.76384 3.70038 1.49539 1.1889 0.0142932
threshold=4.2580000000000009 1.0000000180025095e-35 1.2455000000000003 0.7320000000000001 2.5845000000000007 0.96250000000000002 0.22300000000000003 2.5465000000000004 5.5000000000000009 0.18350000000000002 1.3895000000000002 0.19050000000000003 0.24550000000000002 0.36200000000000004 0.39650000000000007 1.4645000000000004 0.47650000000000003 0.46300000000000008 0.76450000000000007 6.5000000000000009 2.5010000000000003 0.55750000000000022 0.20850000000000002 1.9835000000000003 0.42600000000000005 0.16050000000000003 4.7635000000000014
decision_type=2 2 2 2 2 2 2 2 2 2 2 2 2 2 2 2 2 2 2 2 2 2 2 2 2 2 2
left_child=1 14 3 6 5 -4 -3 -6 16 10 -10 -12 -5 19 22 21 17 20 -19 -11 -2 -16 23 -1 -24 -18 -27
right_child=8 2 4 12 7 -7 -8 -9 9 13 11 -13 -14 -15 15 -17 25 18 -20 -21 -22 -23 24 -25 -26 26 -28
leaf_value=-0.058970134396001232 -0.044103288632943487 0.0053963359115133478 -0.00050536643397177002 0.015339826560301329 -0.0031713296214782778 0.0063328590612861477 -0.0020342234555006627 0.0021748501297985346 -0.099020728253020274 -0.0064697862517189252 -0.037079247993480662 0.0073163029113922822 -0.058768520740640866 -0.02125170036824918 -0.06182363774351797 0.10044620614707525 -0.01468046189187654 0.011312844972164483 -0.14112269041072478 0.045437446908043702 0.047288046388998028 0.028499731815798832 0.0051137904184831197 0.041993420041835455 -0.05616849591456799 0.054802749962193142 0.051701142746537643
leaf_weight=2.0536020817235174 1.0073837470263258 428.13689472712576 994.25948189385235 2.1796594560146323 1597.1630633957684 1532.284195181448 4254.752889000345 1184.9592097667046 1.7844210267066944 3.694460313767201 7.6365320086479178 27.798997044563293 13.048879505600778 3.5458479709923258 1.6765106504317366 1.074574174359441 0.67373104300349851 2.2388273645192389 1.0072237309068439 15.808236643671988 6.4499334776774049 1.0377431216184048 1.059847248718145 1.6261425819247963 16.387109383940697 7.3177705649286491 7.5434950045309961
leaf_count=40 20 2044 4682 10 7317 7078 20064 5626 11 31 60 244 274 31 105 8 12 51 16 159 144 68 16 26 362 121 315
internal_value=-1.1284e-06 -0.000129479 -3.64675e-05 -0.0015066 0.00126458 0.00364184 -0.00135488 -0.000894289 0.0148829 0.00601579 -0.00689054 -0.00225116 -0.0481614 0.0268576 -0.0374854 0.00893794 0.0352504 0.0134314 -0.0359867 0.0356045 0.0349423 -0.0272902 -0.0458109 -0.0143526 -0.0524458 0.0502833 0.0532284
internal_weight=10118.2 10031.7 10006.8 4698.12 5308.67 2526.54 4682.89 2782.12 86.5069 60.2685 37.22 35.4355 15.2285 23.0485 24.9155 3.78883 26.2384 10.7034 3.24605 19.5027 7.45732 2.71425 21.1267 3.67974 17.447 15.535 14.8613
internal_count=48935 47720 47095 22392 24703 11760 22108 12943 1215 536 315 304 284 221 625 181 679 231 67 190 164 173 444 66 378 448 436
is_linear=0
shrinkage=0.05


Tree=115
num_leaves=27
num_cat=0
split_feature=13 24 4 17 41 39 1 12 23 42 39 40 21 39 44 30 22 16 23 40 41 44 23 13 26 28
split_gain=7.40287 8.73548 8.77973 9.72747 8.2946 16.5192 8.0657 7.74154 8.99494 7.63074 8.00566 7.43909 7.43909 6.94916 6.94393 6.59791 5.59498 5.33705 4.81163 4.51308 6.28703 3.33782 2.11785 1.81547 0.892531 0.684996
threshold=0.40350000000000003 3.9095000000000004 0.79050000000000009 0.42600000000000005 0.45350000000000007 2.5190000000000006 3.5000000000000004 7.5000000000000009 1.1670000000000005 0.29050000000000004 2.6900000000000008 0.72800000000000009 14.500000000000002 2.4185000000000003 0.50450000000000006 1.4615000000000002 0.19999999999999998 0.085000000000000006 1.1455000000000004 0.69400000000000006 0.46450000000000008 0.5445000000000001 1.1255000000000002 1.0000000180025095e-35 0.45750000000000007 0.16700000000000004
decision_type=2 2 2 2 2 2 2 2 2 2 2 2 2 2 2 2 2 2 2 2 2 2 2 2 2 2
left_child=7 2 3 11 13 -6 21 8 22 14 -11 -2 16 -4 -8 -14 24 -18 -5 -10 -21 25 23 -1 -9 -3
right_child=1 6 4 18 5 -7 9 12 19 10 -12 -13 15 -15 -16 -17 17 -19 -20 20 -22 -23 -24 -25 -26 -27
leaf_value=-0.055537594211131261 0.002516738731352863 0.017315794539200232 0.0052067193244955262 -0.026024580513314473 0.0063993132711756828 7.5663343260417444e-06 -0.0050003185692086482 -0.037049887097781661 0.0425071204437888 0.044041909945581319 0.0071160825200626519 -0.0076265113106340479 -0.072830117801658059 -0.0049338949160743009 0.018716225813086681 0.0048864204585085608 0.010786118391382424 0.063844282989229492 0.013618104013417398 -0.042256200934155996 -0.0019711059388675106 -0.043740745518036972 -0.086369874315301132 -0.028325601832503551 0.0021126611996395532 0.053570901919838126
leaf_weight=7.5233107539825133 318.22188705578446 1.44253446208313 200.38453850895166 70.362326850183308 1198.9487580647692 6443.5434846631251 114.65589606761932 3.0867779143154648 4.4108029920607796 24.889708124101162 35.777683977037668 418.46405289042741 4.3665239661931974 1076.7686116667464 42.231154270470142 7.2911362498998642 9.4540159702301043 9.5042956843972188 8.5886100865900499 12.039552085101603 49.520589031279087 1.0128901209682215 1.9764854609966267 33.07816092018038 2.7518731281161308 13.453153389971702
leaf_count=388 1563 55 945 511 5563 29654 866 24 38 192 262 1980 20 4977 349 31 45 45 44 118 459 33 9 263 16 485
internal_value=-1.00094e-06 0.000162148 -6.70595e-05 -0.00503254 0.000386998 0.0010103 0.00971996 -0.0112172 -0.0179123 0.00720684 0.0222655 -0.00324499 0.00871849 -0.00334284 0.00138375 -0.0242233 0.0242052 0.0373856 -0.0217121 -0.00634924 -0.00984982 0.0440876 -0.0358283 -0.0333679 -0.0185918 0.0500599
internal_weight=10113.7 9968.75 9735.28 815.637 8919.65 7642.49 233.463 145.004 108.549 217.554 60.6674 736.686 36.4546 1277.15 156.887 11.6577 24.797 18.9583 78.9509 65.9709 61.5601 15.9086 42.578 40.6015 5.83865 14.8957
internal_count=48935 47479 45237 4098 41139 35217 2242 1456 1275 1669 454 3543 181 5922 1215 51 130 90 555 615 577 573 660 651 40 540
is_linear=0
shrinkage=0.05


Tree=116
num_leaves=28
num_cat=0
split_feature=14 18 8 8 1 18 21 1 13 13 14 14 4 17 14 13 44 7 23 13 14 39 25 30 10 6 13
split_gain=7.37009 9.93118 11.2366 22.3626 16.876 9.59266 8.64305 9.22179 11.483 11.4522 8.37659 8.64073 7.18995 5.09482 6.31715 10.0147 4.96009 5.41467 4.84385 4.75126 5.77745 4.14701 3.7112 1.68969 1.20936 0.959012 0.0173232
threshold=0.60350000000000004 0.59166666666666679 1.0000000180025095e-35 0.18333333333333332 16.500000000000004 0.51666666666666672 -28.499999999999996 30.500000000000004 1.7290000000000003 0.90250000000000019 0.74550000000000016 1.2545000000000002 0.66100000000000014 0.38000000000000006 1.0000000180025095e-35 2.6550000000000002 0.51900000000000013 0.32700000000000007 0.30000000000000016 1.7400000000000004 1.1520000000000001 2.6835000000000004 511.50000000000006 1.3690000000000002 5.5000000000000009 0.87250000000000016 1.0605000000000002
decision_type=2 2 2 2 2 2 2 2 2 2 2 2 2 2 2 2 2 2 2 2 2 2 2 2 2 2 2
left_child=12 2 19 4 -4 -5 10 9 -9 -8 22 -12 23 14 15 -14 17 -15 -16 20 -2 -18 -3 -1 -21 26 -25
right_child=1 6 3 5 -6 -7 7 8 -10 -11 11 -13 13 16 18 -17 21 -19 -20 24 -22 -23 -24 25 -26 -27 -28
leaf_value=0.039520925508578504 -0.00737720834265072 -0.061962315384087946 -0.0049925957618742554 0.00044326615223896448 -0.026148065118784626 -0.0056308839488793247 -0.01875739794496406 -0.0060492850427123768 0.0069198202091257863 0.005624036143221647 -0.0016150216833420391 -0.063381274270830693 -0.042988838178898939 -0.011172526715471682 0.0020513474176624513 0.030595562525853381 0.044398497973875295 -0.044044208405254866 -0.023700035576268888 0.083035705775860932 0.025693210521158572 -0.031035406194898502 -0.0092951327371414098 -0.052111363119094693 0.039470288551469751 -0.00029843979975015039 -0.056572651055472559
leaf_weight=0.54431406618095834 19.314055006951094 10.4686032384634 278.94963334780186 5687.7928836517967 142.38506630808115 733.85601608920842 49.371878679841757 483.92523706704378 263.67430026829243 1966.2751581780612 91.51517728716135 6.0356769859790793 20.205154497176412 30.166903940960765 207.01211964618415 5.9960727225989094 5.1277391766197971 21.424861710052937 20.027959441766143 3.0916940197348586 41.765958998352289 2.826148634776473 4.9153303205966941 3.2062525395303929 3.2861749287694693 0.86640885844826776 6.7714215498417616
leaf_count=35 97 44 1417 27505 652 3340 257 2096 1155 9282 389 26 324 203 1063 102 37 193 127 16 196 23 21 211 28 12 84
internal_value=-9.66747e-07 0.000244723 -0.000782842 -0.000983026 -0.0121418 -0.000250878 0.0027136 0.00326771 -0.00147515 0.00502683 -0.0108443 -0.00543663 -0.00741817 -0.00599731 -0.00290297 -0.0261493 -0.0191572 -0.0248234 -0.000220268 0.019524 0.015236 0.0175956 -0.0451346 -0.0464426 0.0605888 -0.0507575 -0.055139
internal_weight=10110.8 9786.62 6910.44 6842.98 421.335 6421.65 2876.18 2763.25 747.6 2015.65 112.935 97.5509 324.175 312.787 253.241 26.2012 59.5457 51.5918 227.04 67.4579 61.08 7.95389 15.3839 11.3884 6.37787 10.8441 9.97767
internal_count=48935 46521 33251 32914 2069 30845 13270 12790 3251 9539 480 415 2414 2072 1616 426 456 396 1190 337 293 60 65 342 44 307 295
is_linear=0
shrinkage=0.05


Tree=117
num_leaves=28
num_cat=0
split_feature=4 8 22 0 26 21 5 13 14 4 1 11 44 22 11 41 3 21 13 19 3 15 2 17 18 37 3
split_gain=7.2083 10.5552 19.8631 12.4962 9.30939 8.89665 8.59588 8.12202 8.2717 8.23474 7.13497 7.38743 6.70359 6.3325 5.83009 7.93096 6.36677 9.58784 5.35952 4.64818 4.59434 7.23333 6.96245 6.63029 4.50567 0.00253318 0.000873279
threshold=1.8135000000000001 0.18333333333333332 -0.36666666666666653 8.5000000000000018 0.10250000000000002 -24.499999999999996 -0.24549999999999997 1.8545000000000003 0.95750000000000013 0.83650000000000013 7.5000000000000009 2.5000000000000004 0.49150000000000005 -0.19999999999999993 51.500000000000007 0.48200000000000004 0.87750000000000006 -30.499999999999996 1.5580000000000003 2.3770000000000002 0.26150000000000007 2.6335000000000002 1.5000000000000002 0.19600000000000004 0.81666666666666676 0.59200000000000008 1.9835000000000003
decision_type=2 2 2 2 2 2 2 2 2 2 2 2 2 2 2 2 2 2 2 2 2 2 2 2 2 2 2
left_child=1 2 3 18 -5 6 13 8 -7 -9 11 -4 -12 -3 20 -16 -17 -18 -1 -8 21 23 26 -2 -24 -23 -22
right_child=14 5 10 4 -6 7 19 9 -10 -11 12 -13 -14 -15 15 16 17 -19 -20 -21 22 25 24 -25 -26 -27 -28
leaf_value=-0.066872450272496969 -0.047920038113279349 -0.0018067225570749625 -0.053962559704710894 -0.059224885264423148 0.0027112693966102495 -0.0043094377197707085 -0.065646565045044764 -0.0071564623438672998 0.00038988504676909974 0.0067430290725689129 -0.014689358913300355 0.0030497784836670139 -0.035392340677207167 -0.026726501751029131 0.019024275719523077 -0.086220064251931433 0.030600158509540943 -0.068041654133053131 -0.016675923260644199 -0.0073803229618379131 0.051966186260999969 0.052127166506301274 0.0036676895264174929 0.0098513091302884111 0.016094519216807504 0.055443190480973896 0.050791702000418139
leaf_weight=8.9107547609601188 13.838480640202766 103.87502521276474 6.4390484229661515 6.1643854985013595 383.96425112662837 1099.4014439124148 10.67249822616577 124.09775279276073 6316.0715613174252 753.99590640515089 81.512806378304958 48.322722705081105 75.147564552724361 33.784944519400597 8.147195979952814 5.3188287317752829 4.9652380943298331 4.8890369832515708 13.187443405389784 5.0389409065246573 5.7731072930619112 2.4949170444160695 900.92357049463317 7.7466531470417967 79.368105200119317 0.74878106638789166 2.1804782012477517
leaf_count=44 134 442 84 30 1918 5699 46 603 29712 3508 395 294 354 144 36 22 22 22 56 21 181 70 4406 47 448 17 180
internal_value=-1.15327e-06 -0.000452511 -0.00672969 -0.000339258 0.00173262 1.0942e-05 -0.0119216 0.000231608 -0.000306826 0.00477866 -0.0191896 -0.0036539 -0.0246203 -0.00792261 0.00394915 -0.020768 -0.0421345 -0.0183394 -0.0369169 -0.0469595 0.00451813 -0.0167248 0.00505184 -0.0271866 0.00467381 0.0528926 0.0516442
internal_weight=10107 9070.59 623.649 412.227 390.129 8446.94 153.371 8293.57 7415.47 878.094 211.422 54.7618 156.66 137.66 1036.39 23.3203 15.1731 9.85428 22.0982 15.7114 1013.07 24.8288 988.245 21.5851 980.292 3.2437 7.95359
internal_count=48935 43350 3175 2048 1948 40175 653 39522 35411 4111 1127 378 749 586 5585 102 66 44 100 67 5483 268 5215 181 4854 87 361
is_linear=0
shrinkage=0.05


Tree=118
num_leaves=25
num_cat=0
split_feature=3 1 13 14 14 39 30 14 13 33 21 24 20 9 17 6 29 30 7 24 18 31 18 4
split_gain=7.01544 10.143 11.4891 12.2369 9.70877 7.58747 7.93935 7.524 10.6055 8.77741 7.43409 6.89247 6.01821 5.96163 6.13554 11.19 6.97225 5.91173 5.49707 4.99451 3.97446 4.62859 0.234442 0.093462
threshold=0.71700000000000008 3.5000000000000004 0.66100000000000014 0.7965000000000001 2.9615000000000005 2.3915000000000002 1.3690000000000002 1.1130000000000002 1.4105000000000001 0.41050000000000003 -6.4999999999999991 2.8335000000000004 -2.4999999999999996 1.4915000000000003 0.37700000000000006 0.10900000000000001 2.8945000000000003 1.4585000000000001 0.39650000000000007 1.2565000000000002 0.51666666666666672 0.70300000000000007 0.12222222222222222 1.7400000000000004
decision_type=2 2 2 2 2 2 2 2 2 2 2 2 2 2 2 2 2 2 2 2 2 2 2 2
left_child=11 2 4 19 12 6 -3 9 -9 -7 -8 13 -2 14 16 -16 -1 -13 -5 -4 23 -22 -6 -15
right_child=1 5 3 18 22 7 10 8 -10 -11 -12 17 -14 20 15 -17 -18 -19 -20 -21 21 -23 -24 -25
leaf_value=-0.0032287579608855929 -0.01340994498307066 0.065036781705910623 -0.038235444303128474 0.027585416562400135 0.052888311775660071 -0.0016674170418486643 0.032525063137263388 -0.00031786243954243427 0.004442397016617753 -0.01781190635341786 0.0025887265012553705 -0.011933144164888373 -0.063443706886006243 -0.058006584566250921 -0.028842327946792052 0.0023172564209556087 0.012908080650895458 -0.082314593145247028 0.0081140512411636886 0.0012746476039075829 -0.064663672835526917 0.042137500780850018 0.023634222807900562 -0.072276020031072599
leaf_weight=652.43871365394443 24.247909942641854 6.7567018195986739 9.4579562488943321 112.61588278738782 4.3157107401639214 2793.8904490778223 26.753511130809784 4365.7660895306617 1598.4586562803015 86.805176109075546 92.234237261116505 7.0888082906603795 7.9906473611481479 6.1876101335510594 60.403829661896452 55.092031542211771 74.591431722976267 5.1519872695207596 53.452059932053089 51.840201620012522 1.6812921650707719 2.5577974012121558 0.81404059752821911 1.4087902903556822
leaf_count=3625 426 34 53 1224 128 12870 117 19646 7545 389 420 35 73 102 601 332 404 27 520 285 19 33 19 8
internal_value=-1.15206e-06 0.000402471 0.0100481 0.0142709 -0.0156451 0.000117816 0.0123136 -5.55654e-05 0.000957924 -0.00215391 0.00931969 -0.00430257 -0.0258113 -0.00376883 -0.0032738 -0.0139791 -0.00157316 -0.0415558 0.0213182 -0.00482153 -0.0390084 -0.000221589 0.048246 -0.0606529
internal_weight=10102 9235.4 264.734 227.366 37.3683 8970.66 125.744 8844.92 5964.22 2880.7 118.988 866.602 32.2386 854.361 842.526 115.496 727.03 12.2408 166.068 61.2982 11.8355 4.23909 5.12975 7.5964
internal_count=48935 43749 2728 2082 646 41021 571 40450 27191 13259 537 5186 499 5124 4962 933 4029 62 1744 338 162 52 147 110
is_linear=0
shrinkage=0.05


Tree=119
num_leaves=26
num_cat=0
split_feature=4 14 21 39 41 13 17 23 14 4 3 39 21 13 19 36 16 42 31 34 26 3 13 0 44
split_gain=6.94708 7.91098 7.56169 7.07154 11.9791 9.46744 8.37743 9.6835 8.17193 8.00477 6.93163 5.33062 7.08354 5.19089 7.1835 6.74449 6.17966 5.82565 4.33519 4.32578 3.92187 0.929257 0.541158 0.0506228 4.47736e-05
threshold=1.0000000180025095e-35 2.3100000000000001 4.5000000000000009 2.7270000000000008 0.52000000000000013 2.2745000000000002 0.29800000000000004 1.1455000000000004 0.74550000000000016 1.8040000000000003 0.96250000000000002 2.6730000000000005 3.5000000000000004 1.9650000000000001 1.7925000000000002 0.46150000000000008 0.72900000000000009 0.27750000000000008 0.75350000000000017 0.38750000000000007 0.41350000000000003 1.9835000000000003 0.98350000000000015 1.5000000000000002 0.45750000000000007
decision_type=2 2 2 2 2 2 2 2 2 2 2 2 2 2 2 2 2 2 2 2 2 2 2 2 2
left_child=1 11 21 4 5 10 9 -8 -7 -6 -2 19 23 16 20 -16 17 -5 -18 -1 -15 -3 -21 -13 -23
right_child=3 2 -4 13 6 8 7 -9 -10 -11 -12 12 -14 14 15 -17 18 -19 -20 22 -22 24 -24 -25 -26
leaf_value=0.030388376485554387 -0.0030032281773184097 0.11102936576597355 -0.030354642388850106 -0.02937225259256911 0.0064969456948809155 -0.0058249952833099063 -0.0039856812791776311 0.038168170043340485 0.018223482036038123 0.023122510120539091 0.00040200338059150781 -0.068186697511100389 0.065601925388034554 0.042360582160742392 -0.022174819366128293 0.0072998550253620606 -0.020446307962003914 -0.004863026481453368 -0.10048930117767696 -0.050997504910825303 -0.014348332744006551 0.051975733561725385 -0.069592957982298351 -0.051484633513689051 0.051539160232575071
leaf_weight=1.5237509033177108 1976.5130548703019 0.79807730764150431 4.310234259814024 25.2553616091609 667.40039217285812 49.385829467326403 266.27908508013934 14.35841787420213 124.07940447004512 81.209100871812552 6127.4480685298331 0.63211971521377508 2.5564544657245278 16.685258907265965 26.479315928183496 72.681863983161747 4.1516344919800749 606.14580198563635 2.8548406651243567 11.169517002999784 3.7304624654352656 0.72847698628902469 6.021774908527731 1.607104127295315 3.0300480630248785
leaf_count=31 9954 4 27 126 3061 319 1299 71 830 442 28480 4 21 102 131 386 29 2879 20 414 29 21 57 90 108
internal_value=-1.18398e-06 -0.0231246 0.0171204 7.3203e-05 0.000451437 -0.000181116 0.00553857 -0.00182894 0.0113768 0.00830049 -0.000428515 -0.0383026 0.00872974 -0.00457082 0.0049898 -0.000570858 -0.00636157 -0.00584337 -0.0530604 -0.0503545 0.0319984 0.0620285 -0.0575111 -0.0561995 0.0516238
internal_weight=10097 32.3776 8.86684 10064.7 9306.67 8277.43 1029.25 280.638 173.465 748.609 8103.96 23.5107 4.79568 757.985 119.577 99.1612 638.408 631.401 7.00648 18.715 20.4157 4.5566 17.1913 2.23922 3.75853
internal_count=48935 777 160 48158 44456 39583 4873 1370 1149 3503 38434 617 115 3702 648 517 3054 3005 49 502 131 133 471 94 129
is_linear=0
shrinkage=0.05


Tree=120
num_leaves=30
num_cat=0
split_feature=13 3 24 4 8 5 40 5 16 14 17 21 20 44 29 2 5 59 3 33 40 37 41 34 21 15 3 21 21
split_gain=6.68089 9.10304 8.84665 8.04297 8.31664 11.5607 10.3778 5.79057 7.68794 5.58044 7.95836 8.23943 5.66018 5.02344 4.77191 4.53626 4.31725 4.11795 5.54956 3.68976 1.89882 2.25613 1.92906 1.2135 1.15741 1.05342 0.137313 0.00713713 0.00225403
threshold=0.50850000000000006 1.1695000000000002 4.7635000000000014 1.0000000180025095e-35 0.76388888888888895 1.0850000000000002 0.69400000000000006 -0.71699999999999986 0.24550000000000002 1.6940000000000002 0.12250000000000001 12.500000000000002 -12.499999999999998 0.51250000000000007 2.4770000000000003 10.500000000000002 -1.3954999999999997 3.5000000000000004 1.1130000000000002 0.32950000000000007 0.71350000000000013 0.51600000000000013 0.47850000000000004 0.69300000000000006 14.500000000000002 -0.67299999999999993 0.80400000000000016 5.5000000000000009 6.5000000000000009
decision_type=2 2 2 2 2 2 2 2 2 2 2 2 2 2 2 2 2 2 2 2 2 2 2 2 2 2 2 2 2
left_child=1 7 3 19 5 -5 -6 8 16 13 11 -11 -12 14 -3 -15 -1 23 -19 25 21 28 -23 -9 27 -2 -10 -22 -4
right_child=2 9 20 4 6 -7 -8 17 26 10 12 -13 -14 15 -16 -17 -18 18 -20 -21 24 22 -24 -25 -26 -27 -28 -29 -30
leaf_value=-0.04050714531130057 -0.031816223214960061 0.0081292609663865725 0.051876054744695345 3.2264868805809943e-05 -0.012436232311086065 -0.01063165557279953 0.0059691025079695141 -0.058130120578971593 -0.055224103270188889 0.00094346389415989398 -0.004217412088457803 -0.065032227243254068 0.035434808136181321 -0.01559780375559771 -0.013749471766138666 -0.061796572953992303 0.016859039607029044 -0.013863657035057318 -0.061476369410508373 0.01185186702484054 0.051358868394530466 0.019480095559191141 -0.068056240631167733 0.0039784342577994887 -0.011826416791364994 -0.069962099460949639 -0.073422444858894959 0.054009005141852952 0.055498395718822403
leaf_weight=3.896384045481688 2.6136954501271239 47.1917519653216 0.84387763775884994 8478.7200751057826 83.365963414311409 262.00429597124457 941.93135548010468 13.217923803487789 3.4254506509751073 41.75950476154685 12.957439530640839 5.3370741307735434 29.466123290359974 20.773404715582732 52.813401670195162 7.1396431326866141 20.722494767978787 32.110301436390728 7.5611139684915534 2.4108817242085925 4.2817908716388011 1.3786384575068953 1.1580431722104547 0.83621832705102939 0.73837850615382272 5.88492153212428 1.4863069951534269 6.2472945023328066 0.87450143322348595
leaf_count=40 15 248 41 39764 390 1273 4481 489 57 498 67 23 140 110 272 31 152 273 44 14 246 28 14 29 9 67 8 101 11
internal_value=-1.12547e-06 -0.00734215 0.000224294 0.000164412 0.000212344 -0.000287387 0.00447258 -0.0214013 -0.00361542 -0.00195895 0.00761612 -0.00653303 0.0233238 -0.00865981 -0.00342505 -0.0274146 0.0077798 -0.0311775 -0.0229383 -0.0427431 0.037941 0.00948386 -0.0204819 -0.0544347 0.0486876 -0.0582306 -0.060731 0.0529313 0.0537195
internal_weight=10093.1 300.695 9792.45 9776.93 9766.02 8740.72 1025.3 83.2562 29.5306 217.438 89.5201 47.0966 42.4236 127.918 100.005 27.913 24.6189 53.7256 39.6714 10.9095 15.5225 4.25506 2.53668 14.0541 11.2675 8.49862 4.91176 10.5291 1.71838
internal_count=48935 2481 46454 46004 45908 41037 4871 1092 257 1389 728 521 207 661 520 141 192 835 317 96 450 94 42 518 356 82 65 347 52
is_linear=0
shrinkage=0.05


Tree=121
num_leaves=27
num_cat=0
split_feature=4 8 17 31 9 42 24 33 21 36 13 24 23 15 3 10 36 1 9 13 19 36 7 29 30 24
split_gain=6.60078 11.1039 10.2041 8.18384 7.33495 7.25771 6.98181 6.78817 7.97415 6.77163 6.61815 9.89407 12.3146 12.0138 7.86939 6.55688 5.76105 3.48007 8.39775 3.10227 2.41622 2.36082 1.87627 0.878557 0.760854 0.695398
threshold=1.413 0.23611111111111113 0.78900000000000015 0.59000000000000008 2.0515000000000003 0.22300000000000003 3.0015000000000005 0.15700000000000003 -3.4999999999999996 0.64400000000000013 0.90250000000000019 3.2510000000000003 1.0010000000000006 -1.1959999999999997 0.49150000000000005 13.500000000000002 0.33300000000000007 12.500000000000002 0.85450000000000015 0.76350000000000018 1.2405000000000002 0.60150000000000003 0.24550000000000002 1.8520000000000001 1.6255000000000002 3.5835000000000004
decision_type=2 2 2 2 2 2 2 2 2 2 2 2 2 2 2 2 2 2 2 2 2 2 2 2 2 2
left_child=1 3 5 17 10 16 -7 8 -5 -9 14 13 -13 -12 20 -16 -3 18 -1 -6 -2 24 -4 -19 -21 -24
right_child=4 2 22 7 19 6 -8 9 -10 -11 11 12 -14 -15 15 -17 -18 23 -20 21 -22 -23 25 -25 -26 -27
leaf_value=-0.046062732328908861 -0.055278982379945933 -0.030167030440914962 0.0014953384866220306 0.034080724300794701 -0.0097612856679597047 -0.0021420862699870597 0.0016236546422646594 -0.0099530668202481905 -0.013706366640125667 0.048112602927886876 -0.072785506858484408 0.021018701630466319 -0.039138735914778504 0.0020965850425953827 -0.008558341537303598 0.0018171492783215963 0.0061698126901861047 -0.065774317080358732 0.060899073838173105 0.0688952023543805 -0.00040752264240512823 -0.0060173695808749062 -0.052046359789826413 -0.040979078973773897 0.029468843036140814 -0.10249083500931325
leaf_weight=5.8704381594434398 9.2770369071513397 11.151531446725128 1.6693743914365757 20.464144831523299 2.5345551595091811 3603.3928565052338 1869.4137869663537 361.75506297429092 15.224286175565792 5.0917194904759517 5.3662845939397803 112.92718774895184 9.2002110974863154 2880.4341070987284 251.15321413055062 386.76235087960958 499.59311319608241 6.9140692204236966 2.6694976156577468 7.1457329837139678 2.5598258357495061 1.4898890792392183 9.0724251607898587 7.3919339329004288 1.4765304075554011 0.73883576691150743
leaf_count=56 85 59 8 116 15 16908 9324 1932 111 25 23 982 78 13161 1248 1793 2390 42 18 90 31 20 352 43 21 4
internal_value=-1.15925e-06 -0.000968049 -0.000414163 -0.00877414 0.0016902 -0.000323806 -0.000855776 -0.00712194 0.0136953 -0.00914713 0.00155877 0.00254726 0.0164869 0.00195734 -0.00301733 -0.00226778 0.00537644 -0.0378851 -0.0126276 0.039703 -0.0434125 0.052101 -0.0475073 -0.0529626 0.0621436 -0.0558451
internal_weight=10090.7 6420.41 5995.03 425.381 3670.33 5983.55 5472.81 402.535 35.6884 366.847 3657.68 3007.93 122.127 2885.8 649.752 637.916 510.745 22.8459 8.53994 12.6467 11.8369 10.1122 11.4806 14.306 8.62226 9.81126
internal_count=48935 31388 29045 2343 17547 28681 26232 2184 227 1957 17401 14244 1060 13184 3157 3041 2449 159 74 146 116 131 364 85 111 356
is_linear=0
shrinkage=0.05


Tree=122
num_leaves=22
num_cat=0
split_feature=4 3 1 8 22 18 39 21 25 9 13 28 8 13 23 4 40 28 14 43 40
split_gain=6.50304 8.88457 11.3793 7.37239 20.0818 6.84621 5.99303 4.85378 5.09494 4.70498 6.97461 5.4502 4.48686 4.07588 6.147 3.65408 3.33565 2.08919 1.45822 1.38749 0.548866
threshold=2.1455000000000006 0.26150000000000007 1.0000000180025095e-35 0.18333333333333332 -0.19999999999999993 0.78888888888888908 2.7950000000000004 -3.4999999999999996 506.50000000000006 0.49150000000000005 1.3920000000000001 0.46800000000000003 0.59166666666666679 0.34150000000000008 0.6665000000000002 1.6545000000000003 0.69400000000000006 0.65450000000000019 1.3585000000000003 0.78100000000000014 0.74400000000000011
decision_type=2 2 2 2 2 2 2 2 2 2 2 2 2 2 2 2 2 2 2 2 2
left_child=1 9 7 4 -4 -5 12 8 -3 16 19 -12 13 -2 -15 -9 -1 -18 -8 -11 -14
right_child=6 2 3 5 -6 -7 18 15 -10 10 11 -13 20 14 -16 -17 17 -19 -20 -21 -22
leaf_value=0.023605838033885752 -0.050660146446571214 0.066080676748758824 -0.0016328491292170366 -0.00020859121557851266 -0.024742351442573966 0.0047188972820159606 0.068320665815498241 0.13823299599701774 0.0041002873390285034 -0.05648036118428798 0.082713601109162815 -0.0032714094535745055 0.038145497514672985 0.0047270306009296178 0.048088749535966507 0.04906121396699617 -0.04400341245796803 -0.0080280731867282198 0.028475884321461677 0.025490958594098889 0.073843391933741773
leaf_weight=2.3885750183835652 3.1805713921785346 4.2742751911282566 680.78473365306854 8207.1636638268828 109.06835643900558 771.15394421946257 4.4210619907826167 1.3705928623676316 14.783904854208229 3.9040494258515519 3.1869724187999964 4.3698907941579819 2.0409154656808814 220.71833810512908 8.4874492809176427 7.1010292768478394 23.772162742912773 4.8607859127223483 4.7777775260619819 0.59489753749221552 2.2793002533726394
leaf_count=27 22 21 3138 39199 591 3486 25 10 77 186 24 32 21 1445 59 138 326 37 28 23 20
internal_value=-1.22499e-06 -0.000201954 -0.000102316 -0.000192787 -0.00482397 0.000214634 0.00803004 0.0319985 0.0180009 -0.0228594 0.00364742 0.0329912 0.00649128 0.00555267 0.00633271 0.063488 -0.0331607 -0.0378962 0.0476257 -0.0456413 0.0569793
internal_weight=10084.7 9838.78 9795.7 9768.17 789.853 8978.32 245.905 27.5298 19.0582 43.0773 12.0558 7.55686 236.707 232.386 229.206 8.47162 31.0215 28.6329 9.19884 4.49895 4.32022
internal_count=48935 47315 46660 46414 3729 42685 1620 246 98 655 265 56 1567 1526 1504 148 390 363 53 209 41
is_linear=0
shrinkage=0.05


Tree=123
num_leaves=27
num_cat=0
split_feature=14 4 36 3 25 4 22 8 14 42 20 8 41 4 24 8 12 41 30 14 8 5 9 3 1 13
split_gain=6.31259 8.71469 8.01694 9.48647 8.29357 10.7218 7.98732 8.93315 7.98411 7.7339 7.62457 7.42105 6.95265 6.67041 5.98485 6.31825 10.4303 6.29562 5.88221 5.42915 4.40074 2.97807 2.28905 0.0757534 0.0061358 0.000572157
threshold=1.2155000000000002 1.0000000180025095e-35 0.52650000000000008 1.8775000000000002 509.50000000000006 0.87250000000000016 -0.25833333333333325 0.14999999999999999 0.40450000000000003 0.22850000000000004 4.5000000000000009 0.76388888888888895 0.52750000000000019 2.5770000000000004 1.7475000000000003 1.0000000180025095e-35 25.500000000000004 0.51450000000000007 1.5430000000000004 1.5965000000000003 0.54444444444444462 -1.5109999999999999 0.54000000000000015 1.6545000000000003 5.5000000000000009 1.4915000000000003
decision_type=2 2 2 2 2 2 2 2 2 2 2 2 2 2 2 2 2 2 2 2 2 2 2 2 2 2
left_child=1 23 14 4 10 -6 8 18 13 -10 -4 -9 19 -3 21 16 -16 -17 -8 -5 -14 -2 -23 24 25 -1
right_child=2 6 3 12 5 -7 7 11 9 -11 -12 -13 20 -15 15 17 -18 -19 -20 -21 -22 22 -24 -25 -26 -27
leaf_value=-0.050619975873022416 0.0016823122963468169 -0.018926984239542879 0.0049578213323762535 0.0036598959402132595 -0.013655314155540318 0.0017418623681925011 -0.044081324046344475 -0.0038329744261128016 0.011782715502746592 0.0008429687091758265 0.022078604060287457 0.0036381337079135663 -0.0011655392641034489 0.032667755560038092 0.027752381206078931 -0.0013298562512060223 -0.039413974993762868 0.0035694827507064828 0.0069355706013884038 0.018919742471689621 0.045756854954955933 -0.071073753027084741 -0.02283440628088685 -0.062987791306192947 -0.054519895465755447 -0.053623546421262019
leaf_weight=2.491089863935485 4.4051326587796202 70.897732582408935 408.58237410709262 146.57799860648811 130.40370716527104 850.33837482333183 21.389673702418808 2262.9002267206088 180.99658555351198 1504.1528882021084 77.338122582063079 389.60700893495232 6.3922261879779425 6.8715996220707884 40.443080036435276 2989.7559174643829 6.7438979297876349 839.89920749235898 7.6782482489943495 96.76625914289616 22.892836348619312 5.0918619181029481 4.7563536576926708 2.6494217198342085 1.9200809178873894 0.16933263093233097
leaf_count=320 23 652 1845 793 570 3889 130 10987 847 7034 372 1756 41 103 224 14017 29 3930 37 1029 165 40 40 21 37 4
internal_value=-1.27577e-06 -0.00140831 0.00111121 0.00393319 0.00234114 -0.000305413 -0.00131908 -0.0030377 0.00129512 0.00201797 0.00768273 -0.0027356 0.0124979 -0.0143681 -0.000150201 -3.13017e-05 0.0181531 -0.00025536 -0.0306053 0.009728 0.0355148 -0.0324903 -0.0477758 -0.0562583 -0.0523658 -0.0508111
internal_weight=10082.1 4451.72 5630.39 1739.29 1466.66 980.742 4444.49 2681.58 1762.92 1685.15 485.92 2652.51 272.629 77.7693 3891.1 3876.84 47.187 3829.66 29.0679 243.344 29.2851 14.2533 9.84822 7.22993 4.5805 2.66042
internal_count=48935 21928 27007 8704 6676 4459 21546 12910 8636 7881 2217 12743 2028 755 18303 18200 253 17947 167 1822 206 103 80 382 361 324
is_linear=0
shrinkage=0.05


Tree=124
num_leaves=31
num_cat=0
split_feature=40 44 26 25 24 41 4 39 2 13 44 3 8 19 14 13 14 6 14 7 27 39 36 7 14 19 6 11 15 4
split_gain=6.55517 10.5062 10.9503 11.0832 10.5388 9.48143 11.0444 12.1312 12.111 11.6704 10.4026 9.24844 12.2763 8.90841 8.46403 8.32741 8.16556 8.66446 7.80283 7.7038 15.1514 7.4617 7.1774 6.43353 5.63622 5.14903 5.02561 3.65416 6.93787 5.06959
threshold=0.75850000000000006 0.49900000000000005 0.68150000000000011 509.50000000000006 3.9970000000000003 0.45350000000000007 0.87750000000000006 2.6930000000000005 10.500000000000002 1.8870000000000002 0.43450000000000005 1.2620000000000002 0.29999999999999999 2.1370000000000005 1.6830000000000001 0.62750000000000006 0.7965000000000001 0.28300000000000008 0.7875000000000002 0.18350000000000002 0.22850000000000004 2.5810000000000008 0.48850000000000005 0.16950000000000001 1.8595000000000004 1.5810000000000002 0.57800000000000007 12.500000000000002 -0.77549999999999997 0.34500000000000003
decision_type=2 2 2 2 2 2 2 2 2 2 2 2 2 2 2 2 2 2 2 2 2 2 2 2 2 2 2 2 2 2
left_child=5 2 3 21 19 11 10 8 -8 -9 25 12 13 -1 -14 -5 17 -13 -12 20 -3 -2 -21 -18 26 -7 -4 29 -29 -6
right_child=1 4 24 15 27 6 7 9 -10 -11 18 16 14 -15 -16 -17 23 -19 -20 22 -22 -23 -24 -25 -26 -27 -28 28 -30 -31
leaf_value=0.0032346396922048218 0.01381898434512957 -0.0073226503160011072 -0.037295088743702784 0.032808679662449859 -0.01573414620835431 0.018529068622445969 0.0071569892906877403 -0.010317341999999343 0.0015658951702654453 0.013036988046623782 -0.020839453078804339 -0.091569539415749579 -0.0097249276899570025 -0.027270463532654627 -0.030521371995390841 -0.0030383566031572194 0.010510808142581658 -0.012184254623558077 -0.0029374701757274922 0.00046869359237339747 0.010542248439198865 -0.018467384133075453 -0.0077617677187616129 -0.00057411282941376108 0.0039631961196108815 0.080009532561544056 -0.099703353995546348 -0.043203846369286369 0.046629798929993228 0.036670116457407739
leaf_weight=280.64035520562902 19.619630279019475 187.8365087043494 7.7787429702002573 17.109250351088122 5.3555363137274972 13.101970259798692 1293.3562886761501 312.56456722039729 3856.830253276974 64.536893027834594 65.387154293479398 3.6967581734061232 363.87798193574417 26.164159406907856 56.526294738054276 305.21123957913369 186.89170293463394 48.948786634020507 880.71678715804592 547.70901754125953 322.37724153511226 203.61642647057306 512.97175481310114 436.87293708696961 4.0872528236359349 4.6016974151134482 5.5114691872149706 5.2112671509385109 3.6578358709812147 33.380014297552407
leaf_count=1373 92 903 36 112 72 74 7385 1490 17109 361 622 17 1848 178 254 1453 976 246 4510 2537 1524 979 2338 1956 26 25 25 35 29 350
internal_value=-1.23513e-06 -0.00242735 -0.00831105 -0.00706645 -0.000380932 0.000669139 0.0014749 0.00233613 0.00296998 -0.0063205 -0.00346414 -0.00305712 -0.00697143 0.000633177 -0.0125212 -0.00113554 0.00115116 -0.0177587 -0.00417471 -0.00108329 0.00396524 -0.0156298 -0.00351176 0.00274714 -0.0473845 0.0345096 -0.0631759 0.0227961 -0.00615425 0.0294248
internal_weight=10076.1 2181.43 562.934 545.557 1618.5 7894.71 6491.1 5527.29 5150.19 377.101 963.808 1403.62 727.209 306.805 420.404 322.32 676.41 52.6455 946.104 1570.89 510.214 223.236 1060.68 623.765 17.3775 17.7037 13.2902 47.6047 8.8691 38.7356
internal_count=48935 10511 2723 2636 7788 38424 31576 26345 24494 1851 5231 6848 3653 1551 2102 1565 3195 263 5132 7302 2427 1071 4875 2932 87 99 61 486 64 422
is_linear=0
shrinkage=0.05


Tree=125
num_leaves=23
num_cat=0
split_feature=39 13 1 8 4 17 11 4 18 10 15 36 31 43 25 3 23 11 15 31 14 43
split_gain=6.25486 7.26589 8.8806 8.63533 11.2313 12.1198 9.88322 6.9683 6.95071 5.80762 15.5355 5.70952 5.91971 5.69259 5.69225 10.3299 8.3803 5.5057 5.26415 3.45998 1.8024 0.971419
threshold=2.3915000000000002 0.68600000000000005 2.5000000000000004 0.76388888888888895 0.95750000000000013 0.37250000000000005 7.5000000000000009 1.0000000180025095e-35 1.0000000180025095e-35 12.500000000000002 -0.49149999999999994 0.62700000000000011 0.81100000000000017 0.80000000000000016 508.50000000000006 0.74550000000000016 -0.22299999999999992 20.500000000000004 -0.41549999999999992 0.83850000000000013 2.6075000000000004 0.74150000000000016
decision_type=2 2 2 2 2 2 2 2 2 2 2 2 2 2 2 2 2 2 2 2 2 2
left_child=11 2 19 4 5 -3 -6 21 -9 18 -11 12 14 17 15 -1 -16 -14 -4 20 -2 -5
right_child=1 3 9 7 6 -7 -8 8 -10 10 -12 -13 13 -15 16 -17 -18 -19 -20 -21 -22 -23
leaf_value=-0.060797844951658242 -0.05373984273092515 -0.0027254429150997384 -0.0074134668177373783 -0.028740635577365517 0.0059819919283570838 -0.017241371558652591 -0.00015035917827116164 0.031856802104959808 0.0044209972710397916 -0.0037680357895023527 0.038766439448855577 0.056247945719250493 -0.034822592601742496 -0.061618987434345934 0.041067645014234148 0.0075597399157704588 0.0078422542446972658 0.037502708605547469 -0.03152108509616864 0.048801250056294591 0.023497253608251667 -0.067492043509766494
leaf_weight=6.613173166755586 13.181077467277641 1073.3625514945015 72.277789597865194 3.4604956302791825 734.32011984568089 166.04000391904265 6242.2290884666145 23.680555473547429 918.21824351744726 620.13772419281304 22.237368469126523 6.4455125927925101 5.2989179994910973 5.5146896168589583 28.806691964855418 33.639003244228661 55.625491687329486 5.2268249243497849 32.97538721607998 0.9602587344124921 0.80124908685684282 3.0361410714685917
leaf_count=38 348 5005 485 27 4792 925 27918 379 4350 3490 155 30 30 26 143 160 271 22 303 12 4 22
internal_value=-1.13101e-06 -0.000152829 -0.00484223 0.00023738 -0.000284085 -0.00467011 0.000495104 0.00475483 0.00511077 -0.00407942 -0.0022956 0.0102312 0.00812349 -0.0204677 0.0118017 -0.00367097 0.0191781 0.00109237 -0.0149663 -0.0430086 -0.0493138 -0.0468507
internal_weight=10074.1 9926.92 762.571 9164.35 8215.95 1239.4 6976.55 948.395 941.899 747.628 642.375 147.17 140.725 16.0404 124.684 40.2522 84.4322 10.5257 105.253 14.9426 13.9823 6.49664
internal_count=48935 48215 4797 43418 38640 5930 32710 4778 4729 4433 3645 720 690 78 612 198 414 52 788 364 352 49
is_linear=0
shrinkage=0.05


Tree=126
num_leaves=31
num_cat=0
split_feature=39 42 40 40 40 7 15 4 31 1 3 17 14 9 24 3 34 9 4 35 33 4 3 24 3 30 9 30 23 31
split_gain=6.11259 11.9763 10.8949 10.9139 10.8428 9.65808 9.34757 9.1819 10.0797 8.03206 7.51245 15.0035 11.0134 7.34679 7.20846 8.77157 6.75112 7.64235 7.40619 6.72175 6.72029 6.50754 9.49958 7.77872 7.72114 6.89595 6.58982 6.28148 6.09291 4.89334
threshold=2.5845000000000007 0.25150000000000006 0.71650000000000003 0.72800000000000009 0.69900000000000007 0.38000000000000006 -0.49149999999999994 1.2455000000000003 0.83550000000000002 57.500000000000007 0.87250000000000016 0.35850000000000004 0.57400000000000007 2.1345000000000005 3.5455000000000005 1.5965000000000003 0.68350000000000011 1.4630000000000003 0.34500000000000003 0.71400000000000008 0.28250000000000003 1.4525000000000003 1.2035000000000002 1.9665000000000001 0.69400000000000006 1.6105000000000003 1.2455000000000003 1.4570000000000001 -0.53749999999999987 0.80100000000000016
decision_type=2 2 2 2 2 2 2 2 2 2 2 2 2 2 2 2 2 2 2 2 2 2 2 2 2 2 2 2 2 2
left_child=7 21 4 6 29 -5 -4 9 10 16 11 -9 -12 19 15 -10 18 -18 -1 -11 -15 22 24 27 -2 -25 -24 -23 -6 -3
right_child=1 2 3 5 28 -7 -8 8 14 13 12 -13 -14 20 -16 -17 17 -19 -20 -21 -22 23 26 25 -26 -27 -28 -29 -30 -31
leaf_value=-0.020080195457669512 0.038668248526571775 0.0029832992733651587 0.021772191667466242 0.00020236532720093451 -0.028540117490967673 -0.0075529107335262141 0.0033217113386219341 0.0012639416100585742 0.015851048616767918 0.0100780821849242 -0.018498529871322906 -0.018706547451450499 0.0050330783453938453 -0.032157647256759909 0.05932991666097337 -0.015231328414601317 -0.024919887105347108 0.0021144371387098143 -0.00033297381750255689 0.061746999259915773 0.021564520101333386 0.012214401268390672 0.05727775064167169 -0.00016373349924429494 -0.042986855423463428 0.038309088350411448 -0.011784704527048107 -0.039171577527009949 -0.0099400341394787171 0.041921389598586906
leaf_weight=48.443430237122811 3.1284350838977835 40.236360854003578 97.628436833620071 3538.7172892689705 59.909189022146165 452.82611455884762 231.25108218402602 590.64563244022429 178.81756013818085 11.693880021572115 51.363341113552451 111.86124807223678 1557.1185513995588 9.9493450820446032 8.3389670718461257 25.998130418360233 62.116117649711668 45.138550275936723 2390.7676354683936 13.632668390870093 14.030463755130766 8.316154360771181 3.5253936052322379 95.245081858243793 38.805098204873502 13.270095705986021 170.6944371657446 20.87751954048872 166.09726275876164 10.092373719438909
leaf_count=587 20 192 502 16870 294 2486 1148 2826 826 50 254 597 7207 42 73 138 399 256 11520 58 62 39 15 454 181 67 781 95 848 48
internal_value=-1.30648e-06 -0.00125404 -0.00057171 4.39061e-05 -0.0101967 -0.000677443 0.00879877 0.00121 0.00335724 -0.000877989 0.00239766 -0.00191599 0.00428165 0.0191099 0.0137609 0.0119056 -0.00126501 -0.0135424 -0.000725159 0.0378902 -0.000725081 -0.0101176 -0.0155297 -0.00162268 -0.036895 0.00454103 -0.0103872 -0.0245337 -0.0148705 0.0107915
internal_weight=10070.5 4950.62 4596.76 4320.42 276.335 3991.54 328.88 5119.92 2524.14 2595.77 2310.99 702.507 1608.48 49.3064 213.155 204.816 2546.47 107.255 2439.21 25.3265 23.9798 353.862 216.153 137.709 41.9335 108.515 174.22 29.1937 226.006 50.3287
internal_count=48935 24040 22388 21006 1382 19356 1650 24895 11921 12974 10884 3423 7461 212 1037 964 12762 655 12107 108 104 1652 997 655 201 521 796 134 1142 240
is_linear=0
shrinkage=0.05


Tree=127
num_leaves=30
num_cat=0
split_feature=24 13 7 39 41 19 21 7 39 13 44 16 7 13 7 25 7 32 36 28 21 39 26 3 3 14 41 10 24
split_gain=5.94588 11.4623 6.60034 6.68761 10.911 6.78089 5.66219 5.93597 5.65057 6.34471 5.10871 4.91402 7.77918 4.98657 3.92757 5.13974 3.65691 3.5346 4.2701 6.12141 3.16732 2.80641 1.99851 4.19678 1.71742 1.53786 1.4972 1.12773 0.0122543
threshold=4.2580000000000009 1.0000000180025095e-35 0.63050000000000017 2.7270000000000008 0.51800000000000013 0.34050000000000008 5.5000000000000009 0.18350000000000002 2.5690000000000004 2.3090000000000006 0.49700000000000005 0.044000000000000004 0.097500000000000017 0.80400000000000016 0.39650000000000007 511.50000000000006 0.36200000000000004 0.47650000000000003 0.46300000000000008 0.31750000000000006 6.5000000000000009 2.5010000000000003 0.63250000000000017 1.9835000000000003 1.9835000000000003 1.9835000000000003 0.42600000000000005 5.5000000000000009 4.7635000000000014
decision_type=2 2 2 2 2 2 2 2 2 2 2 2 2 2 2 2 2 2 2 2 2 2 2 2 2 2 2 2 2
left_child=1 14 3 4 -3 -5 17 11 9 -4 -10 12 -8 -13 22 24 20 18 21 -20 -9 -2 26 -24 -16 -17 -1 -19 -29
right_child=6 2 8 5 -6 -7 7 16 10 -11 -12 13 -14 -15 15 25 -18 27 19 -21 -22 -23 23 -25 -26 -27 -28 28 -30
leaf_value=0.0067285955172842436 -0.043958687217462947 -0.00017234038372786916 -0.006427249548799651 0.031376387871677042 0.0052403697226503527 -0.0051372672049575865 -0.012278979637558652 -0.0076381077369339426 -0.052200297787505637 0.067262272906975937 -0.015000949784641133 0.05362482467324084 -0.10460082780145336 -0.0048602741812250284 -0.061690563107048207 0.017967234789816766 -0.021153007441982542 -0.014543269525949615 -0.11265176687277666 0.02646292793662355 0.04443000269044535 0.046444244809060793 -0.059441553063995289 0.057449286610573191 0.070028894298086605 0.12076842211641037 -0.055375121101337854 0.054579306473165445 0.051554460141617867
leaf_weight=1.0368875497952199 1.0048835240304486 8096.576842752751 28.625391796929765 12.941881569102405 1052.0363872726448 725.28255357220769 15.163657039403917 3.6282390579581323 13.472941902466117 3.2530079111456862 29.30412488617003 4.9334343001246479 2.6858890876173964 13.951113285496829 1.606686933548189 0.58869217988103606 3.5420866087079039 0.64666203851811488 1.4481041254475715 1.7420216598547993 14.977404320612548 5.8920297408476472 1.7329176617786279 1.3788905050605536 0.29252265021204937 0.95228817500174046 15.151331452187149 6.6697400659322721 6.7235553429927677
leaf_count=17 20 37982 305 73 4889 3424 124 31 138 19 265 36 19 136 126 48 31 12 27 40 159 144 31 19 2 5 377 116 320
internal_value=-1.29356e-06 -0.00011209 -3.11467e-05 8.06923e-05 0.000450089 -0.00449714 0.0133253 0.00496614 -0.0148423 0.00109234 -0.0267171 -0.0073608 -0.026171 0.0104185 -0.03557 0.0136478 0.0254115 0.0337257 0.0111475 -0.0366859 0.0342763 0.0332725 -0.044343 -0.00764541 -0.0414027 0.0814959 -0.0513973 0.0499471 0.0530608
internal_weight=10067.2 9984.23 9961.49 9886.84 9148.61 738.224 83.0088 58.8818 74.6555 31.8784 42.7771 36.7341 17.8495 18.8845 22.7402 3.44019 22.1477 24.127 10.087 3.19013 18.6056 6.89691 19.3 3.11181 1.89921 1.54098 16.1882 14.04 13.3933
internal_count=48935 47720 47095 46368 42871 3497 1215 536 727 324 403 315 143 172 625 181 221 679 231 67 190 164 444 50 128 53 394 448 436
is_linear=0
shrinkage=0.05


Tree=128
num_leaves=30
num_cat=0
split_feature=18 8 8 6 7 18 17 17 7 36 0 3 28 28 31 8 18 23 6 59 37 22 2 11 37 59 27 23 7
split_gain=5.82572 10.695 14.836 11.7391 9.91454 9.64083 11.6982 8.27919 13.863 15.6597 9.23847 8.85274 9.10808 10.561 8.64377 7.82502 7.82318 7.63467 7.36334 7.19341 8.50434 5.99153 5.05283 10.5645 8.01746 6.35441 11.8257 5.56212 4.72617
threshold=0.59166666666666679 1.0000000180025095e-35 0.18333333333333332 0.20750000000000002 0.14550000000000002 0.51666666666666672 0.23900000000000002 0.37700000000000006 0.14050000000000004 0.46500000000000008 1.5000000000000002 1.9355000000000002 0.37750000000000006 0.38850000000000007 0.84150000000000003 0.12222222222222222 0.63333333333333341 0.33300000000000002 0.40800000000000003 20.500000000000004 0.40000000000000008 -0.083333333333333245 12.500000000000002 10.500000000000002 0.48250000000000004 21.500000000000004 0.26500000000000007 -0.16449999999999992 0.10400000000000001
decision_type=2 2 2 2 2 2 2 2 2 2 2 2 2 2 2 2 2 2 2 2 2 2 2 2 2 2 2 2 2
left_child=1 22 3 4 -3 18 -7 11 19 21 -11 12 14 -14 -2 -5 28 -18 -4 20 -9 -10 23 24 -1 27 -27 -24 -13
right_child=7 2 5 15 -6 6 -8 8 9 10 -12 16 13 -15 -16 -17 17 -19 -20 -21 -22 -23 25 -25 -26 26 -28 -29 -30
leaf_value=-0.018276290512354697 -0.0021640744895846413 -0.041280375146997568 0.0021523089444324202 -0.0081336352478292035 -0.0019621825566747526 -0.016429007059000075 -0.0020938375409303863 0.088523560490201547 0.010051687306938943 -0.090147295780570735 -0.021222808345538587 0.0013734699757827346 0.019325970713497755 0.0026514140871073334 -0.033174000726221689 -0.03237997906370841 0.021737021318697411 -0.0026635326699913264 -0.0014460398090802898 0.081035082763142183 0.0045343514704990684 -0.026506997535350463 0.030144142538215943 -0.042731658055331467 0.040534228660884207 0.043260897592852225 -0.050683285143168604 0.084367804738829932 0.037258592618129159
leaf_weight=8.6508973408490437 651.42707369010895 17.055545837618411 2746.8308741818182 57.535913571715355 267.5315934906248 190.84208448696882 559.70102684455924 3.329931939020752 69.625687583815306 5.0814116820693007 112.46827212721109 11.799986470490692 99.880119726993144 1927.2948780199513 23.274905448779464 78.919560141861439 51.801077509531751 84.1096096849069 2947.0082073134836 4.298246093094348 31.760100967250764 13.357218954712151 12.716366454958914 8.6049861162900907 17.555467354133725 8.5764784365892393 5.4968548640608779 7.5297706425189999 41.24993140809238
leaf_count=56 3088 85 13230 260 1423 860 2632 17 378 24 597 72 469 9014 109 375 345 429 14665 19 184 82 57 39 109 37 25 34 221
internal_value=-1.07512e-06 -0.000809326 -0.00100637 -0.0100997 -0.00431855 -0.000412255 -0.00573887 0.00178918 -0.007136 -0.0124627 -0.0242023 0.00252991 0.00179819 0.00347298 -0.00323381 -0.0221566 0.0129926 0.00663651 0.000289881 0.019983 0.0125047 0.00416707 0.0187587 0.00533693 0.0211205 0.0323729 0.00656756 0.0503105 0.0292766
internal_weight=10065.3 6934.56 6865.42 421.043 284.587 6444.38 750.543 3130.76 239.921 200.533 117.55 2890.84 2701.88 2027.17 674.702 136.455 188.961 135.911 5693.84 39.3883 35.09 82.9829 69.1308 34.8114 26.2064 34.3195 14.0733 20.2461 53.0499
internal_count=48935 33887 33530 2143 1508 31387 3492 15048 1301 1081 621 13747 12680 9483 3197 635 1067 774 27895 220 201 460 357 204 165 153 62 91 293
is_linear=0
shrinkage=0.05


Tree=129
num_leaves=28
num_cat=0
split_feature=41 39 44 5 8 36 11 23 44 41 22 16 8 30 5 30 13 4 8 5 27 29 21 28 25 11 18
split_gain=5.77766 12.0199 11.7279 7.91804 8.83563 7.58995 7.51082 7.33453 6.93429 9.71796 9.29822 6.41006 7.02073 6.68631 9.55856 7.37882 5.93229 6.54804 5.17262 4.87496 4.8097 5.29119 4.53646 4.5109 3.36902 3.1964 2.91278
threshold=0.45350000000000007 2.5190000000000006 0.44900000000000007 1.1890000000000003 0.81666666666666676 0.63300000000000012 29.500000000000004 1.5085000000000004 0.48800000000000004 0.48200000000000004 0.21111111111111114 0.79600000000000015 1.0000000180025095e-35 1.4800000000000002 0.16950000000000001 1.5160000000000002 1.9355000000000002 1.1225000000000003 0.81666666666666676 0.48200000000000004 0.22450000000000003 2.3120000000000007 -8.4999999999999982 0.32350000000000007 511.50000000000006 12.500000000000002 0.93333333333333346
decision_type=2 2 2 2 2 2 2 2 2 2 2 2 2 2 2 2 2 2 2 2 2 2 2 2 2 2 2
left_child=11 3 16 5 7 6 -2 -5 9 -4 -10 12 20 14 -14 -15 18 -18 -3 -7 -1 -22 -13 -6 25 -24 -26
right_child=1 2 8 4 23 19 -8 -9 10 -11 -12 22 13 15 -16 -17 17 -19 -20 -21 21 -23 24 -25 26 -27 -28
leaf_value=-0.0041493122623432648 0.0074180226120925622 0.007517675629037027 -0.0063144843706298944 -0.044766398472101079 0.018761172586596282 0.038554244643057844 -0.0010113517524141377 0.021975148811635078 -0.00090352800434351753 5.2287174747702673e-05 0.0040391592783679854 -0.058651390766585813 -0.01222702086393119 0.0080928080816282874 0.0026820359352096551 -0.0027564038289596693 -0.0078613735165021913 0.066081584848141875 0.045048277070771511 0.0032910662250470583 0.017618888616381525 0.086354601802909617 -0.047132153083425471 -0.027897796113911428 -0.019437145887818547 0.021253098753799226 0.06136635326205972
leaf_weight=7.0816306844353702 881.61715096316766 137.9600442093797 1082.7305775126442 23.532478763721887 20.153085230384026 28.038848409429193 377.38284524530172 4.9891492198221377 3337.79783927463 1342.4641672818689 1330.9166875532828 8.3938040882349032 343.22510819870513 201.16282877628691 156.53671470005065 709.40968551323749 4.2837966792285433 9.944391490891574 9.8352800672873837 15.067943476140497 6.2552198320627195 5.0684104450047016 6.6364699611440283 6.9721138225868335 2.0939506217837325 2.3012648299336433 2.3862796202301979
leaf_count=33 4441 662 5219 118 127 133 1649 43 16007 6527 6671 39 1721 967 782 3335 20 56 62 71 36 24 84 49 11 13 35
internal_value=-1.05875e-06 0.000490559 -0.0003174 0.00480835 -0.0136618 0.00559769 0.00489133 -0.0330916 -0.000621195 -0.00279016 0.00050549 -0.00292039 -0.00250971 -0.00291011 -0.00755717 -0.000359606 0.0129837 0.043819 0.0100152 0.026228 0.0281717 0.0483847 -0.0298212 0.0067682 -0.0117861 -0.0295245 0.0236008
internal_weight=10064.2 8613.69 7255.93 1357.75 55.6468 1302.11 1259 28.5216 7093.91 2425.19 4668.71 1450.55 1428.74 1410.33 499.762 910.573 162.024 14.2282 147.795 43.1068 18.4053 11.3236 21.8118 27.1252 13.418 8.93773 4.48023
internal_count=48935 41855 35224 6631 337 6294 6090 161 34424 11746 22678 7080 6898 6805 2503 4302 800 76 724 204 93 60 182 176 143 97 46
is_linear=0
shrinkage=0.05


Tree=130
num_leaves=27
num_cat=0
split_feature=13 2 21 24 4 14 22 9 44 30 31 39 37 17 22 16 15 15 44 24 26 21 26 2 37 4
split_gain=5.82644 6.71611 6.54649 6.43013 6.01035 7.25815 7.98813 7.60083 7.05535 5.94985 5.87293 5.83722 5.1923 5.09173 4.85415 4.78543 3.20916 3.13702 6.86439 1.42169 0.806387 0.00567429 0.000732034 0.000590352 7.89034e-05 5.95707e-06
threshold=0.40350000000000003 7.5000000000000009 14.500000000000002 5.5360000000000005 2.1455000000000006 0.40450000000000003 -0.96666666666666645 0.49150000000000005 0.42900000000000005 1.4615000000000002 0.61750000000000005 2.7950000000000004 0.55750000000000022 0.49150000000000005 0.19999999999999998 0.085000000000000006 -2.8999999999999995 -1.7099999999999997 0.49550000000000005 2.9690000000000007 0.45750000000000007 5.5000000000000009 0.62050000000000016 1.5000000000000002 0.48250000000000004 1.9665000000000001
decision_type=2 2 2 2 2 2 2 2 2 2 2 2 2 2 2 2 2 2 2 2 2 2 2 2 2 2
left_child=1 10 14 4 5 7 -7 -2 -6 -4 17 -10 16 -14 20 -16 -12 18 -1 -19 -3 23 -23 25 -25 -5
right_child=3 2 9 21 8 6 -8 -9 11 -11 12 -13 13 -15 15 -17 -18 19 -20 -21 -22 22 -24 24 -26 -27
leaf_value=-0.07735446739073884 -0.045261343324290389 -0.035460659106187224 -0.069568260498399592 0.050604063807807992 0.06152677866739386 0.042427283193795545 -5.2937499573252773e-06 -0.0072452179806130126 0.0049738104321652129 0.0047969338896442859 0.027069759027539431 0.045913716884047245 0.00060008157469064688 0.079424613364267316 0.0097723043756606995 0.059942463174494358 -0.021535908811049432 -0.050682182614815934 0.060581330464735572 -0.093341081829035513 0.0021471380649580409 0.053466300096056824 0.055147768831292257 0.051503966611364319 0.052232651697407199 0.050393266171400511
leaf_weight=1.8457491211593144 16.496073209680617 2.9789878316223648 4.2621028721332532 1.3100884077139192 5.988160910550504 11.104252355173228 9584.7939598185476 64.784819349646568 224.39867037534714 7.2907270342111588 3.5806424561887971 9.0581308146938664 20.604814047459517 2.2749130986630908 9.416603624820711 9.597204886376856 65.825117306085303 5.6363627490354684 1.7639513257890937 2.9887596517801285 2.7330798022449017 1.295150635764003 1.2939802519977091 0.68250821158289887 0.81524641253054142 0.45036590937525023
leaf_count=27 304 24 20 117 36 140 44695 495 1478 31 105 52 215 60 45 45 738 100 17 13 16 24 19 27 22 70
internal_value=-9.97403e-07 -0.0101008 0.00843469 0.000142318 0.00011141 -8.22172e-05 4.38087e-05 -0.0149606 0.00793686 -0.0226381 -0.0165344 0.00656228 -0.0122189 0.00843754 0.022953 0.0350957 -0.0190283 -0.0490854 -0.00994942 -0.0654643 -0.0174663 0.0525594 0.0543067 0.0511709 0.0519006 0.0505501
internal_weight=10063.3 140.799 36.2787 9922.47 9916.62 9677.18 9595.9 81.2809 239.445 11.5528 104.52 233.457 92.2855 22.8797 24.7259 19.0138 69.4058 12.2348 3.6097 8.62512 5.71207 5.84734 2.58913 3.25821 1.49775 1.76045
internal_count=48935 1456 181 47479 47200 45634 44835 799 1566 51 1275 1530 1118 275 130 90 843 157 44 113 40 279 43 236 49 187
is_linear=0
shrinkage=0.05


Tree=131
num_leaves=25
num_cat=0
split_feature=3 8 8 28 7 9 7 21 4 20 24 59 19 28 22 13 13 13 18 59 32 5 0 44
split_gain=5.63401 9.21276 8.00815 16.285 12.5323 10.3458 6.9784 13.9361 10.8831 6.97648 8.91019 6.59298 8.04907 8.06826 6.21208 7.67567 6.01799 5.82925 5.58164 6.71797 4.66385 1.84568 4.35385 1.64037
threshold=0.33900000000000002 1.0000000180025095e-35 0.18333333333333332 0.39850000000000008 0.17500000000000002 1.3655000000000002 0.28900000000000003 -20.499999999999996 1.2545000000000002 6.5000000000000009 1.7970000000000004 25.500000000000004 0.96500000000000008 0.36500000000000005 -0.84999999999999998 2.6835000000000004 2.1835000000000004 2.4780000000000002 0.70000000000000007 27.500000000000004 0.62650000000000017 -1.0364999999999998 15.500000000000002 0.47200000000000003
decision_type=2 2 2 2 2 2 2 2 2 2 2 2 2 2 2 2 2 2 2 2 2 2 2 2
left_child=9 11 3 5 -5 -3 8 -8 -4 20 14 12 13 -2 15 -11 -14 -16 19 -13 21 23 -23 -1
right_child=1 2 6 4 -6 -7 7 -9 -10 10 -12 18 16 -15 17 -17 -18 -19 -20 -21 -22 22 -24 -25
leaf_value=-0.024956006581846629 0.10399970601071534 -0.013080916497964452 -0.00079145586852349546 -0.018520875325311405 0.0029177534230450312 -0.050352901674467335 -0.019117851939059169 -0.0010438074240069625 0.0033522821598495748 -0.057252371424295137 0.087587397401200931 -0.039475563462418373 0.0094209244704164911 0.016520858191026763 -0.005318794462603387 0.030509941662567937 0.048999219802147637 0.053532744383169552 -0.058273168957003699 0.02640855947521379 0.062311080621294035 -0.03511077364017224 0.10031418878512427 -0.067249183180772762
leaf_weight=3.1512467805296227 5.074182376265524 195.28447530395351 3227.5885691316798 80.376783814281225 448.75511374697089 20.580267019569874 111.16624993085861 2626.6583242730703 3112.7344454848208 10.975279918871818 2.5260659530758849 6.2681155055761399 106.75478167645633 5.4850348383188248 45.230848474893719 3.2229991201311341 10.554100377252324 4.6391880996525279 5.1985732316970816 10.109513223171232 1.1199047211557616 8.5323396532330644 0.63786135241389352 8.4148099124431592
leaf_count=28 23 1019 15706 361 2098 94 480 12805 14382 179 13 27 611 25 324 73 193 40 22 44 16 295 8 69
internal_value=-1.02554e-06 0.000110405 -7.70408e-05 -0.00506052 -0.000338841 -0.0166344 0.000331927 -0.00177768 0.00124288 -0.0125645 -0.00451991 0.0124314 0.0167454 0.0585584 -0.00815149 -0.0373304 0.0129817 0.000155903 -0.0131347 0.00119311 -0.037076 -0.0424436 -0.0256909 -0.0557261
internal_weight=10061 9972.59 9823.14 744.997 529.132 215.865 9078.15 2737.82 6340.32 88.4505 66.5944 149.444 127.868 10.5592 64.0683 14.1983 117.309 49.87 21.5762 16.3776 21.8562 20.7363 9.1702 11.5661
internal_count=48935 47890 46945 3572 2459 1113 43373 13285 30088 1045 629 945 852 48 616 252 804 364 93 71 416 400 303 97
is_linear=0
shrinkage=0.05


Tree=132
num_leaves=31
num_cat=0
split_feature=14 13 13 24 8 1 11 5 42 9 22 32 3 20 7 14 40 30 4 13 17 44 44 42 7 4 4 4 7 30
split_gain=5.56372 8.22277 7.72361 8.58022 7.41494 19.967 12.1382 9.26167 8.68869 8.6857 7.39701 8.60197 10.4539 7.04349 7.15692 6.8058 6.43276 11.9002 11.1045 7.25451 6.33387 6.12662 7.67121 6.34943 5.93269 5.19088 4.5093 4.34583 5.91728 2.06255
threshold=1.2155000000000002 0.96100000000000008 1.6230000000000002 3.4560000000000004 0.36666666666666675 18.500000000000004 22.500000000000004 -1.0544999999999998 0.32650000000000007 1.1520000000000001 0.5916666666666669 0.36350000000000005 0.70200000000000007 -12.499999999999998 0.19600000000000004 1.2195000000000003 0.75700000000000012 1.6095000000000004 2.2245000000000004 2.5120000000000005 0.39000000000000007 0.45350000000000007 0.42450000000000004 0.26400000000000007 0.62000000000000011 0.60350000000000004 0.85450000000000015 1.3515000000000004 0.27100000000000007 1.6545000000000003
decision_type=2 2 2 2 2 2 2 2 2 2 2 2 2 2 2 2 2 2 2 2 2 2 2 2 2 2 2 2 2 2
left_child=1 10 4 21 5 8 9 -7 -2 -6 11 12 -1 -12 -15 -8 19 20 -19 24 -18 22 -4 -23 -3 -13 -21 28 -5 -29
right_child=2 16 3 27 6 7 15 -9 -10 -11 13 25 -14 14 -16 -17 17 18 -20 26 -22 23 -24 -25 -26 -27 -28 29 -30 -31
leaf_value=-0.037803361498416371 0.0031591705306853526 0.00045657668310559443 0.030096215643923771 0.02654249206976372 0.0074006478664837257 -0.065822918825676577 0.054493423846705108 -0.008825586243086346 -0.035931450841541153 -0.0015004002611903372 -0.047406377720981642 -0.038173800106572217 0.0078164052841606362 -0.0015929896702158405 0.04208977552038827 0.0057814671076203113 -0.00067915839268723724 -0.023046401025901879 0.05912793277318612 -0.018155152091331023 -0.015694248572020404 0.011752933898830085 -0.020039811261284117 0.0012563333281477938 -0.024510305105704143 -0.011691578180859604 0.02746508621234833 0.051918837677907316 -0.0076821976572821974 -0.0096026441502792548
leaf_weight=14.259337158408014 793.6762562324293 2962.4038792327046 9.1232331544160825 40.322828138247132 314.78041086159647 7.2117136418819419 7.2210247963666907 608.35327309370041 14.474312037229536 2119.2057760069147 4.3563687764108172 19.633337822044268 105.23465921077877 19.182197782211006 18.343015602789819 1024.3950855322182 721.99341792985797 104.03816297929734 4.280304627493023 6.3404562026262274 77.803681695368141 241.92046749591827 46.603568438440561 356.1985175255686 23.986417209729552 321.76779298135079 37.178710994310677 13.707469636341555 18.388967491686344 1.5127003779634822
leaf_count=186 3828 13727 41 310 1424 31 31 2693 67 10561 22 317 628 236 89 4455 3328 474 30 31 428 1140 221 1709 280 1831 321 354 117 25
internal_value=-1.12775e-06 -0.00132371 0.00104449 0.00585011 0.000329173 -0.00270875 0.00157719 -0.00949334 0.00245904 -0.000349253 -0.00734515 -0.00917334 0.00237255 0.0127736 0.01976 0.00612244 -0.000554944 -0.0042462 -0.0197992 0.000551388 -0.00213982 0.00402454 -0.0118319 0.00550188 0.000256045 -0.0132145 0.0208185 0.0219952 0.0158231 0.0458043
internal_weight=10057.9 4440.8 5617.1 727.778 4889.32 1423.72 3465.6 615.565 808.151 2433.99 502.777 460.895 119.494 41.8816 37.5252 1031.62 3938.03 908.116 108.318 3029.91 799.797 653.846 55.7268 598.119 2986.39 341.401 43.5192 73.932 58.7118 15.2202
internal_count=48935 21928 27007 3917 23090 6619 16471 2724 3895 11985 3309 2962 814 347 325 4486 18619 4260 504 14359 3756 3111 262 2849 14007 2148 352 806 427 379
is_linear=0
shrinkage=0.05


Tree=133
num_leaves=24
num_cat=0
split_feature=39 40 13 22 28 1 6 9 23 19 2 19 19 13 2 19 16 23 27 13 17 13 31
split_gain=5.68773 7.10573 7.23026 8.46642 11.4706 8.12597 7.94429 6.73976 8.98654 8.33168 6.02552 5.88852 5.95972 4.98301 5.08566 4.66552 4.62624 6.49058 6.19324 4.57325 4.40245 3.44797 3.16353
threshold=2.3915000000000002 0.68100000000000016 0.68600000000000005 0.36666666666666664 0.24850000000000003 2.5000000000000004 0.23650000000000002 0.87750000000000006 -0.56449999999999989 1.2710000000000001 28.500000000000004 1.3550000000000002 1.5810000000000002 1.7545000000000002 11.500000000000002 0.59200000000000008 0.15200000000000002 0.93300000000000005 0.23300000000000004 0.82700000000000007 0.17500000000000002 0.64150000000000007 0.83850000000000013
decision_type=2 2 2 2 2 2 2 2 2 2 2 2 2 2 2 2 2 2 2 2 2 2 2
left_child=13 7 5 4 -4 22 -5 11 20 -10 -7 19 -13 15 -15 21 18 -18 -17 -2 -9 -1 -3
right_child=1 2 3 6 -6 10 -8 8 9 -11 -12 12 -14 14 -16 16 17 -19 -20 -21 -22 -23 -24
leaf_value=0.012736735749581849 -0.0054989223432946842 -0.048519921516062506 -0.0043042344083017809 0.032911957194876308 0.00068836328325355006 -0.004724108585282826 0.003566462767848617 -0.076460965837859107 -0.025919742936339914 0.0022858441868281545 0.023232060347289196 -0.066350216481583804 0.00850110816229885 0.0063064759527805166 0.077920059043295464 -0.087589734002423592 0.0044698616499249501 0.053584408728582458 0.0072102103546132614 0.061748588023758967 -0.022448406477499117 0.080892372241249677 0.044982762470898323
leaf_weight=3.8233430841937652 3.8134632892906684 13.247332285623994 1409.440195246134 23.47467322461307 6261.1296799159609 717.02310709794983 1314.4820585364942 8.3248147647827846 49.110103904502466 56.079564248211682 19.806765489280224 3.4500998482108107 11.601912240032105 4.717767430469392 5.2245239317417145 3.0754391159862271 115.61556294281036 7.1422659158706656 3.9172032230999321 7.5014084950089455 6.8992203995585433 3.6057014986872673 0.97091578715480942
leaf_count=27 21 349 6656 110 29543 4295 6446 39 244 261 92 16 66 28 23 15 546 35 26 34 31 20 12
internal_value=-1.07524e-06 -0.000146007 1.82171e-05 0.000411168 -0.000229009 -0.00469508 0.00408133 -0.0110654 -0.016079 -0.0108826 -0.00397262 0.011831 -0.0086557 0.0097578 0.0439383 0.00728051 0.0050741 0.00732743 -0.0344838 0.0390841 -0.0519836 0.0458162 -0.0421349
internal_weight=10053.5 9906.36 9759.57 9008.53 7670.57 751.048 1337.96 146.781 120.414 105.19 736.83 26.3669 15.052 147.122 9.94229 137.18 129.75 122.758 6.99264 11.3149 15.224 7.42904 14.2182
internal_count=48935 48215 47503 42755 36199 4748 6556 712 575 505 4387 137 82 720 51 669 622 581 41 55 70 47 361
is_linear=0
shrinkage=0.05


Tree=134
num_leaves=31
num_cat=0
split_feature=39 42 24 7 13 44 39 36 14 5 14 4 24 14 17 42 27 21 4 7 5 13 27 26 19 42 6 42 4 24
split_gain=5.58168 10.756 9.4924 10.2903 8.21156 8.9182 7.26529 7.25021 10.9325 8.78298 7.24965 7.18795 7.81346 11.6507 7.27051 7.35749 6.65551 6.41928 5.95288 7.09036 7.47452 6.67115 6.91957 6.32323 5.55501 5.85727 4.78715 3.77792 0.881516 0.77762
threshold=2.5845000000000007 0.25150000000000006 3.9095000000000004 0.63050000000000017 1.7070000000000001 0.49900000000000005 2.5875000000000008 0.53200000000000014 0.75450000000000006 -0.87249999999999994 1.9355000000000002 1.2455000000000003 1.7725000000000002 0.57400000000000007 0.78900000000000015 0.22300000000000003 0.27700000000000008 17.500000000000004 1.7350000000000003 0.085000000000000006 0.64850000000000019 0.77100000000000013 0.28950000000000004 0.15900000000000003 1.413 0.24550000000000002 0.49150000000000005 0.30650000000000005 1.2290000000000003 3.3900000000000001
decision_type=2 2 2 2 2 2 2 2 2 2 2 2 2 2 2 2 2 2 2 2 2 2 2 2 2 2 2 2 2 2
left_child=4 18 3 6 11 7 -3 9 -9 -6 17 14 16 -14 15 -1 -13 -4 19 23 -21 -20 -23 -2 28 -26 -12 -5 -7 -16
right_child=1 2 10 27 5 24 -8 8 -10 -11 26 12 13 -15 29 -17 -18 -19 21 20 -22 22 -24 -25 25 -27 -28 -29 -30 -31
leaf_value=0.004681909977378722 -0.093447625011225541 -0.010447127029144021 0.008967985371347055 -0.03459016008789105 0.012354471395686101 0.040583104056911894 -0.00031840764519636827 -0.013543094047884825 0.013010820984996826 -0.0057355843120023391 0.048951739378712444 -0.0024855638327596959 -0.04532848782836698 0.0038564913016621303 -0.054629293510123689 -0.0029020978750866041 -0.025392521722033618 -0.028117657170553447 -0.059505391401944913 -0.014667427122699606 0.004988939583801805 0.00065549345460158429 0.045864254975165802 -0.025862193562380061 0.0032110544355399787 0.021526629724608514 0.015939627798352955 0.0061019140031997928 0.076570660115459876 -0.1139605227553348
leaf_weight=387.63927038363181 3.8448303714394561 184.79797211987898 37.809335503727198 30.605310234706849 86.956683787982911 3.2201484292745581 4220.0833896854892 45.956915007904172 247.57059786724858 293.78433383628726 12.740268200170247 195.8523216554895 12.121817991137503 1784.8689457476139 4.3213439473183817 1827.2167659190018 37.834920614957809 16.876945063471794 3.8392880894243708 186.56545829505194 65.288085706532001 48.672207832336426 10.245656637474893 34.645909714046866 76.611787199042737 101.45932619972154 79.560628295876086 7.0104642257792866 3.6084601208567619 0.63317444920539845
leaf_count=1923 18 853 288 308 522 15 19691 235 1251 1362 179 998 57 8030 192 9169 233 97 19 817 296 257 48 197 374 505 905 67 26 3
internal_value=-1.11478e-06 -0.00119907 -0.000552093 -0.000965714 0.00115767 0.00561595 -0.000743338 0.00294835 0.00885334 -0.00160403 0.0119491 0.000256498 0.00240626 0.00352471 -0.0017101 -0.00157476 -0.00619429 -0.00247716 -0.00960821 -0.0126265 -0.0095719 0.00435576 0.00851717 -0.0326133 0.0153438 0.0136467 0.0204963 -0.0270064 0.0596001 -0.0622117
internal_weight=10052.2 4942.59 4589.48 4442.5 5109.66 859.168 4404.88 674.269 293.528 380.741 146.987 4250.49 2030.68 1796.99 2219.81 2214.86 233.687 54.6863 353.101 290.344 251.854 62.7572 58.9179 38.4907 184.9 178.071 92.3009 37.6158 6.82861 4.95452
internal_count=48935 24040 22388 20919 24895 4290 20544 3370 1486 1884 1469 20605 9318 8087 11287 11092 1231 385 1652 1328 1113 324 305 215 920 879 1084 375 41 195
is_linear=0
shrinkage=0.05


Tree=135
num_leaves=30
num_cat=0
split_feature=3 1 13 24 44 24 20 25 42 41 44 6 13 22 19 39 4 6 15 24 1 9 33 22 4 30 37 5 41
split_gain=5.50189 9.04745 8.70612 9.57798 8.67523 10.6053 7.95792 7.16235 5.65244 6.13697 11.7789 10.4444 5.52254 8.4599 7.23233 5.38449 6.10701 5.20801 4.80418 4.73999 7.27365 7.44312 6.69941 12.6457 6.31161 5.64679 3.52178 1.01278 0.893158
threshold=0.71700000000000008 3.5000000000000004 0.66100000000000014 1.2565000000000002 0.50450000000000006 2.8335000000000004 -2.4999999999999996 508.50000000000006 0.22300000000000003 0.44500000000000006 0.44900000000000007 0.64150000000000007 1.9300000000000004 -1.0000000180025095e-35 2.4470000000000005 2.6970000000000005 2.2545000000000006 0.44200000000000006 -2.8999999999999995 2.1210000000000004 5.5000000000000009 0.87750000000000006 0.20950000000000002 -1.0000000180025095e-35 1.5740000000000001 1.3110000000000002 0.52850000000000008 -0.84099999999999986 0.48650000000000004
decision_type=2 2 2 2 2 2 2 2 2 2 2 2 2 2 2 2 2 2 2 2 2 2 2 2 2 2 2 2 2
left_child=4 2 6 26 5 15 18 -5 12 11 -11 -10 14 -14 -3 17 -17 -1 -2 20 25 -22 23 -21 -24 -6 -4 -7 -8
right_child=1 8 3 7 19 27 28 -9 9 10 -12 -13 13 -15 -16 16 -18 -19 -20 22 21 -23 24 -25 -26 -27 -28 -29 -30
leaf_value=-0.004141256654905813 0.051877897356170759 0.0040418543709921486 -0.06341899314984184 0.0026983430196423817 -0.063631020702459962 -0.04461292380231012 -0.07217722428340588 0.022056379391834486 -0.0075155016763161419 0.011435167885232078 -0.00024539049986802952 0.017089809413222003 0.044815102384824723 -0.024184724899525539 -0.058401873674265074 -0.027856732168274959 0.030670915233062493 -0.046934764635196566 -0.0093195446660084176 0.067369323341202034 -0.018373657528326939 0.013095536268603603 -0.023898171874143954 0.0011133719676021414 0.028771841243550495 0.01499829658833593 -0.0011546115243638725 -0.079441548381408433 -0.037167190680419147
leaf_weight=577.75721021380741 3.7176457829773453 655.26465893536806 5.2576100211590511 72.61630591400899 2.3603005770128211 4.022990308701992 4.6976229040883473 139.72420517285354 499.46809725370258 222.2424363810569 7482.9279841375537 47.204968765377998 18.204334877431396 5.8762722611427298 4.670083448290824 44.004273092141375 4.9593523219227782 7.1983605534769586 23.345573331229389 14.354627985507252 62.370976023375988 26.891080472618341 13.61477939784527 14.452479783445595 9.7692853510379773 70.037175254663453 3.997952226549387 4.3380407169461233 2.9756961450912058
leaf_count=3440 135 2987 29 665 25 18 44 1364 2275 1014 34367 242 86 27 23 251 29 106 436 66 301 157 63 84 46 576 24 24 31
internal_value=-1.00605e-06 0.000356053 0.00961774 0.0132661 -0.00383471 -0.00673896 -0.0136561 0.0154363 9.03737e-05 -0.000271683 9.15152e-05 -0.00539084 0.00445817 0.0279774 0.00359997 -0.00600108 -0.0219287 -0.00466787 -0.000912917 0.00488792 0.000658298 -0.00889325 0.017989 0.0341288 -0.00189394 0.0124348 -0.0365238 -0.0626834 -0.0586004
internal_weight=10048.3 9192.19 256.333 221.596 856.131 642.28 34.7365 212.341 8935.86 8251.84 7705.17 546.673 684.015 24.0806 659.935 633.919 48.9636 584.956 27.0632 213.851 161.66 89.2621 52.1912 28.8071 23.3841 72.3975 9.25556 8.36103 7.67332
internal_count=48935 43749 2728 2082 5186 3868 646 2029 41021 37898 35381 2517 3123 113 3010 3826 280 3546 571 1318 1059 458 259 150 109 601 53 42 75
is_linear=0
shrinkage=0.05


Tree=136
num_leaves=30
num_cat=0
split_feature=18 24 22 1 18 13 39 4 28 17 5 41 27 5 14 22 6 5 17 36 24 21 7 17 7 14 11 28 43
split_gain=5.34832 10.011 9.15811 14.3851 11.2543 9.44495 12.2377 10.8845 9.08819 8.50147 10.4233 10.6198 9.52929 9.47607 8.33562 7.71073 7.03338 11.5044 10.5557 7.98159 7.85482 7.13296 6.81004 6.60501 6.45398 5.35042 4.62162 3.21044 2.92039
threshold=0.59166666666666679 1.2565000000000002 0.25833333333333336 13.500000000000002 0.18333333333333332 1.7925000000000002 2.6930000000000005 1.4565000000000003 0.39650000000000007 0.18350000000000002 0.43100000000000005 0.45100000000000007 0.17300000000000001 0.53450000000000009 1.1090000000000002 0.19999999999999998 0.63250000000000017 0.48200000000000004 0.38000000000000006 0.47150000000000003 2.5345000000000004 17.500000000000004 0.26200000000000007 0.24050000000000002 0.27900000000000008 0.85950000000000004 30.500000000000004 0.20550000000000002 0.75650000000000006
decision_type=2 2 2 2 2 2 2 2 2 2 2 2 2 2 2 2 2 2 2 2 2 2 2 2 2 2 2 2 2
left_child=2 8 3 5 15 6 -1 -7 27 12 11 -11 22 -12 -6 -5 17 20 -19 23 -3 -21 -4 -18 -14 26 -10 -2 -29
right_child=1 16 9 4 14 7 -8 -9 25 10 13 -13 24 -15 -16 -17 19 18 -20 21 -22 -23 -24 -25 -26 -27 -28 28 -30
leaf_value=0.0023895923939853299 0.011382197601187208 0.001731814121503061 -0.036554182234049541 -0.030071383489604309 -0.0085347384463717816 -0.001244679681818622 -0.011863695098457226 0.027781947908157141 -0.006708590006901956 -0.0063619778299426905 -0.012685474658711962 0.0096012282206204575 -0.0041041985695648093 0.0017148703458675235 -0.0021266087135288869 0.0045683127010304496 0.0056102551825340545 -0.0032535065009428876 -0.03086635559564296 0.019257180346346343 0.0092664434690360366 -0.01990196185095813 0.0036271283916951081 -0.03966361909729927 0.0059275900330538088 -0.054462429422001926 0.033783433050445504 -0.061248318615292702 -0.01264709059992508
leaf_weight=1125.2389281714568 2.3952874462120262 1903.8769981777295 33.926149547100067 68.158485054969788 692.8410202357918 59.153738988563418 173.86407153669279 71.134361166041344 91.843791177612729 121.22893636208028 129.74423493538052 741.1680041704094 597.64561121538281 956.07112988829613 1896.8002571146935 21.019657582044601 23.451497802510858 437.30746109597385 37.58476529084146 148.23255253769457 422.69879410136491 12.618999488651751 15.300574894994496 12.271407157182692 219.10781853925437 5.4543995782732955 7.6324749067425719 13.714993363129908 3.9901564160827538
leaf_count=6162 38 8729 194 319 3181 285 922 508 731 565 601 3368 3602 4530 8413 95 125 1988 212 729 2092 58 75 58 1067 28 36 173 51
internal_value=-1.10256e-06 0.00171653 -0.000776021 -0.00228122 -0.00444247 0.00176916 0.000482019 0.0146032 -0.0121455 0.0014213 0.00325352 0.00735725 -0.00270066 -5.82896e-06 -0.00384106 -0.0219067 0.00229464 0.00165313 -0.00543889 0.0114371 0.00310073 0.0161851 -0.0240651 -0.00994207 -0.001413 -0.00624556 -0.00360178 -0.0429454 -0.0502952
internal_weight=10045.5 3123.07 6922.4 4108.21 2678.82 1429.39 1299.1 130.288 125.031 2814.19 1948.21 862.397 865.98 1085.82 2589.64 89.1781 2998.04 2801.47 474.892 196.574 2326.58 160.852 49.2267 35.7229 816.753 104.931 99.4763 20.1004 17.7051
internal_count=48935 15048 33887 19885 12008 7877 7084 793 1057 14002 9064 3933 4938 5131 11594 414 13991 13021 2200 970 10821 787 269 183 4669 795 767 262 224
is_linear=0
shrinkage=0.05


Tree=137
num_leaves=24
num_cat=0
split_feature=24 4 39 41 30 40 41 21 25 11 9 40 41 6 29 44 34 25 5 21 5 0 21
split_gain=5.13805 8.07675 5.59691 8.88398 7.97257 7.14736 4.86291 7.7549 4.8489 6.30394 5.23569 4.58032 6.85522 8.03911 3.87421 2.90344 2.77798 2.51501 1.1778 1.04108 1.09924 0.0568516 0.00606936
threshold=4.7635000000000014 1.0000000180025095e-35 2.7270000000000008 0.52000000000000013 1.6065000000000003 0.75700000000000012 0.51050000000000006 3.5000000000000004 510.50000000000006 53.500000000000007 2.5475000000000003 0.71650000000000003 0.47850000000000004 0.93100000000000016 3.0510000000000006 0.45350000000000007 0.50050000000000006 513.50000000000011 1.2245000000000001 15.500000000000002 0.74550000000000016 1.5000000000000002 5.5000000000000009
decision_type=2 2 2 2 2 2 2 2 2 2 2 2 2 2 2 2 2 2 2 2 2 2 2
left_child=1 6 3 5 -5 -3 14 21 10 -10 -4 12 18 -14 17 -13 -15 -1 -2 20 -17 -8 -20
right_child=11 2 8 4 -6 -7 7 -9 9 -11 -12 15 13 16 -16 19 -18 -19 22 -21 -22 -23 -24
leaf_value=-0.05551562609651739 -0.016750432171821386 0.00047194031675761917 -0.0086516227980308804 0.0065096480243675738 -0.0063020448299212876 -0.0034453059405550033 -0.068953138979949063 0.058961045868901774 0.0010510700017586419 -0.042641861414122947 0.044188041703101574 -0.044291618008035549 0.029867748911531107 -0.052847406091535425 0.037966350785350496 -0.011021268408876558 -0.15558384195289077 0.010902446456061695 0.051794428994066916 -0.016309212861116078 0.049881125841689619 -0.051997324221968066 0.056210239404821782
leaf_weight=14.790690211928458 0.71229959442280444 6815.3017736354377 384.90126542653888 881.550110663753 140.82824581023306 1404.4168858353514 0.67427033931016866 3.4226586418226361 353.35946718603373 8.4527080133557302 4.7458676770329467 0.99775913590565579 1.8810770371928809 1.2846676390618088 1.3853322332724918 0.78310471703298112 1.3488608123734591 1.5772957692388434 1.3425264582037928 0.6888366565108307 13.749506020685656 1.8528032136382533 1.8510303683578966
leaf_count=436 27 32537 1844 4143 684 6628 5 25 1728 37 35 22 27 27 29 41 14 28 56 8 425 106 23
internal_value=-1.09399e-06 -5.71864e-05 1.19578e-05 0.000349363 0.00474489 -0.000197358 -0.0292094 0.00991131 -0.00413774 3.03095e-05 -0.00800804 0.0228033 -0.00711574 -0.0490782 -0.0423201 0.0383362 -0.105468 -0.0491153 0.0413868 0.0437525 0.0465993 -0.0565215 0.0543539
internal_weight=10041.9 10017.3 9993.56 9242.1 1022.38 8219.72 23.7031 5.94973 751.459 361.812 389.647 24.6397 8.42046 4.51461 17.7533 16.2192 2.63353 16.368 3.90586 15.2214 14.5326 2.52707 3.19356
internal_count=48935 48265 47636 43992 4827 39165 629 136 3644 1765 1879 670 174 68 493 496 41 464 106 474 466 111 79
is_linear=0
shrinkage=0.05


Tree=138
num_leaves=20
num_cat=0
split_feature=13 3 8 8 7 41 20 19 44 59 19 13 18 32 41 43 42 4 22
split_gain=5.25328 5.49853 7.86905 7.32874 13.1252 6.66935 6.01919 9.77047 12.0251 5.76146 7.63701 5.26262 5.08247 4.26015 2.5377 0.97718 0.407966 0.198026 0.00702306
threshold=3.4165000000000005 0.33900000000000002 1.0000000180025095e-35 0.18333333333333332 0.23200000000000004 0.45350000000000007 6.5000000000000009 2.2155000000000005 0.52750000000000019 25.500000000000004 1.1090000000000002 2.6835000000000004 0.70000000000000007 0.62650000000000017 0.45250000000000007 0.70950000000000013 0.25300000000000006 1.7400000000000004 -0.84999999999999998
decision_type=2 2 2 2 2 2 2 2 2 2 2 2 2 2 2 2 2 2 2
left_child=1 6 9 4 -4 -5 13 8 -8 10 -3 -9 -11 14 -1 -2 -17 -18 -19
right_child=15 2 3 5 -6 -7 7 11 -10 12 -12 -13 -14 -15 -16 16 17 18 -20
leaf_value=0.0030981815687890434 0.0016657256819808657 0.046203965600821274 -0.014168649416549068 -0.0030036167406264007 -0.00011366480256673865 0.00085715416190333649 0.0022697740209896371 -0.034379255575370422 0.094038815617570923 0.0012883384350054899 0.01066930806837988 0.027580127040775809 -0.055592533956155724 0.057983986969923365 -0.0483594540990177 0.035520300838876535 0.080642325676355597 0.051636330167504491 0.058783344486643102
leaf_weight=2.7839557962725001 0.86718495842069288 17.567192144691944 251.02468560822308 1307.1872501398902 491.01729578850791 7753.6528198735323 30.75185152888298 25.732719240244482 4.0385533329099408 16.352850645780567 108.55215152446181 3.9536568876355878 5.1684084683656684 1.1449676721822459 17.191698511596769 1.2391600846312938 1.7405609730631115 0.67857549525797334 0.69657842442393314
leaf_count=61 21 84 1132 6274 2432 37074 207 300 25 71 722 68 22 16 339 37 10 30 10
internal_value=-9.67843e-07 -2.7055e-05 8.1492e-05 -9.10657e-05 -0.00486831 0.000300169 -0.0126454 -0.00505684 0.0129225 0.0115388 0.0156189 -0.0261275 -0.0123718 -0.0358117 -0.0411879 0.0501352 0.0597869 0.0694381 0.0552566
internal_weight=10041.3 10036.1 9950.52 9802.88 742.042 9060.84 85.5974 64.4768 34.7904 147.641 126.119 29.6864 21.5213 21.1206 19.9757 5.22206 4.35487 3.11571 1.37515
internal_count=48935 48827 47811 46912 3564 43348 1016 600 232 899 806 368 93 416 400 108 87 50 40
is_linear=0
shrinkage=0.05


Tree=139
num_leaves=24
num_cat=0
split_feature=13 14 25 3 9 10 13 44 8 14 21 24 6 14 25 7 29 26 25 2 1 8 30
split_gain=5.05059 6.80925 5.23606 10.1215 10.318 10.8915 9.87442 8.26258 11.6311 6.34626 6.25289 7.15751 9.61285 7.18593 3.73412 4.36536 4.37545 2.79884 1.7056 2.65283 0.0184591 0.000247454 8.43903e-06
threshold=1.0000000180025095e-35 2.6075000000000004 513.50000000000011 0.87750000000000006 0.43900000000000006 5.5000000000000009 2.2040000000000006 0.48000000000000004 0.43055555555555564 1.3205000000000002 41.500000000000007 3.8575000000000004 0.39650000000000007 2.4835000000000007 514.50000000000011 0.39650000000000007 2.5050000000000003 0.56550000000000011 511.50000000000006 1.5000000000000002 5.5000000000000009 0.8500000000000002 1.5075000000000001
decision_type=2 2 2 2 2 2 2 2 2 2 2 2 2 2 2 2 2 2 2 2 2 2 2
left_child=1 14 10 4 5 -4 -6 8 -5 -9 11 13 -13 -2 15 17 -17 -1 20 22 21 -3 -20
right_child=2 18 3 7 6 -7 -8 9 -10 -11 -12 12 -14 -15 -16 16 -18 -19 19 -21 -22 -23 -24
leaf_value=-0.058693481269922999 0.0002601328115299519 0.052544007203821942 -0.018092016134050055 0.022956142733009707 -0.025040215405345637 0.066708287420890203 0.058759279614652243 -0.01165510914746056 -0.0016801913019566139 0.00069868447437544494 -0.044034227738493442 0.051197372861568613 0.0065046777753054235 -0.029257349609919017 0.060532948991320834 0.061905689784364518 -0.055161898852704894 -0.018759822785312297 0.051370641531947925 -0.069522561618099971 0.060242269046111713 0.051349504234538094 0.051070852128342961
leaf_weight=12.951744106598211 8976.5720160473138 0.57099499925970998 8.0742777567356807 72.16834882972762 106.31506256805733 7.130217505618929 3.6355626136064521 207.87620302475989 142.51573497615755 207.95529523165897 7.9156236499547949 12.674458921188487 237.16437456896529 20.666323401033878 1.0445609367452551 2.0581479768734421 1.3037636090302838 6.6357600050978354 0.52288889326155163 0.87341117486357689 0.84520768374204625 1.8014724105596542 0.42599376104772091
leaf_count=332 42046 16 58 342 555 43 18 964 669 1008 36 256 2048 103 20 106 70 115 21 7 7 74 21
internal_value=-1.0343e-06 -0.0208248 5.93609e-05 -0.00394251 -0.0169307 0.0216755 -0.0222694 -0.00136439 0.00660158 -0.00547704 0.000386113 0.000424138 0.00877196 0.000192332 -0.0319224 -0.0361306 0.0165064 -0.0451649 0.032008 -0.00664261 0.0538974 0.051637 0.0512361
internal_weight=10039.7 29.0339 10010.7 755.671 125.155 15.2045 109.951 630.516 214.684 415.831 9254.99 9247.08 249.839 8997.24 23.994 22.9494 3.36191 19.5875 5.03997 1.82229 3.21768 2.37247 0.948883
internal_count=48935 789 48146 3657 674 101 573 2983 1011 1972 44489 44453 2304 42149 643 623 176 447 146 49 97 90 42
is_linear=0
shrinkage=0.05


Tree=140
num_leaves=31
num_cat=0
split_feature=39 43 40 40 40 1 41 13 14 43 24 16 1 13 14 41 39 23 21 16 26 21 14 30 22 13 12 6 41 15
split_gain=5.0479 9.54523 9.65118 9.6775 9.48952 9.21783 8.73162 7.39407 7.66228 7.16388 7.27049 7.0415 7.80611 9.24116 9.06662 6.93644 6.90394 10.8896 8.02439 6.79679 5.82862 5.72213 6.77786 14.9278 9.40716 6.29457 4.81741 3.8085 0.932339 0.158673
threshold=2.5845000000000007 0.74850000000000005 0.71650000000000003 0.69900000000000007 0.72800000000000009 19.500000000000004 0.47850000000000004 1.4915000000000003 0.91850000000000021 0.79350000000000021 2.8185000000000007 0.77550000000000019 11.500000000000002 0.40350000000000003 2.1130000000000009 0.52350000000000019 2.4615000000000005 0.16699999999999998 -21.499999999999996 0.075500000000000012 0.11750000000000001 16.500000000000004 1.4310000000000003 1.5790000000000004 -0.45555555555555544 0.86850000000000016 23.500000000000004 0.54000000000000015 0.47400000000000003 0.87750000000000006
decision_type=2 2 2 2 2 2 2 2 2 2 2 2 2 2 2 2 2 2 2 2 2 2 2 2 2 2 2 2 2 2
left_child=7 2 3 19 5 -4 -6 11 16 15 -11 12 13 -1 -14 -10 17 -9 -18 -2 -5 22 24 -24 -3 27 -27 -23 29 -13
right_child=1 21 4 20 6 -7 -8 8 9 10 -12 28 14 -15 -16 -17 18 -19 -20 -21 -22 25 23 -25 -26 26 -28 -29 -30 -31
leaf_value=-0.016079541332133643 0.087102994724871013 0.012408023195995377 0.017527813695274893 -0.062880785623756721 -0.0063064995042568352 0.00066923813980261952 0.0003409464144938905 -0.0091699867699150447 0.0058363495506063724 0.040264504409774013 -0.015594550406833741 -0.080349022336190332 -0.000972407174201456 0.0058802900003843486 -0.023321271687688716 -0.044055985038006569 -0.014907030853219944 -0.08173561473271658 0.0045347004626115862 0.0058372583512448185 -0.01270618757658468 -0.085144255232395327 -0.0063985710444968737 0.038100881424051658 -0.017231984447126238 0.017341776970850875 -0.033250366467311283 -0.032347751133733935 -0.019017022998681851 -0.060432446021035084
leaf_weight=51.398770552477799 2.7201902437955132 31.761870282702148 146.94907381210942 5.9450479950755826 577.92177086509764 180.8957930766046 3401.8161638851743 88.670005304738879 1063.0619877853896 27.638264190405607 7.3809466250240794 1.6310501545667637 2679.739831186831 705.41923777351622 46.162831850349903 7.0123623562976709 62.514165334403515 5.4901016056537619 351.4665203820914 47.529493859503418 219.28664560010657 5.828286111354827 93.958738124463707 23.575004268437624 170.31362482637633 8.6851662844419497 10.268273308873175 8.2517688423395139 1.2531584673561154 2.5848558568395674
leaf_count=680 18 161 842 29 2809 808 16547 417 5104 127 40 8 12100 4051 241 40 267 25 1702 222 1113 25 465 127 753 41 45 35 35 58
internal_value=-1.00787e-06 -0.00114097 -0.000531046 -0.00960409 4.91998e-05 0.00822571 -0.000624369 0.00110193 0.00390102 0.00623766 0.0284912 -0.000192612 -0.000103589 0.0043889 -0.00135088 0.0055094 -0.00118067 -0.013401 0.00159885 0.0102365 -0.0140306 -0.00906779 -0.00702018 0.00252716 -0.0125732 -0.0288791 -0.0100672 -0.0542023 -0.0568825 -0.0681378
internal_weight=10037.1 4935.71 4583.06 275.481 4307.58 327.845 3979.74 5101.42 1613.23 1105.09 35.0192 3488.19 3482.72 756.818 2725.9 1070.07 508.141 94.1601 413.981 50.2497 225.232 352.643 319.609 117.534 202.075 33.0335 18.9534 14.0801 5.46906 4.21591
internal_count=48935 24040 22388 1382 21006 1650 19356 24895 7722 5311 167 17173 17072 4731 12341 5144 2411 442 1969 240 1142 1652 1506 592 914 146 86 60 101 66
is_linear=0
shrinkage=0.05


Tree=141
num_leaves=29
num_cat=0
split_feature=14 40 11 3 1 13 42 8 5 11 39 23 8 17 5 15 17 39 6 6 8 6 22 44 5 11 29 4
split_gain=4.87647 10.121 11.4017 8.48868 9.8684 13.5392 16.9058 9.15541 11.8383 9.63839 7.19149 7.12104 6.98973 8.31447 7.73524 6.75246 6.66461 6.81639 6.597 6.55987 6.28089 5.94073 5.61628 5.48753 5.28607 4.99332 2.50771 0.140476
threshold=0.96350000000000013 0.79000000000000015 8.5000000000000018 0.54000000000000015 8.5000000000000018 0.72900000000000009 0.31950000000000006 0.59166666666666679 1.2890000000000004 5.5000000000000009 2.7950000000000004 -0.090999999999999789 0.43055555555555564 0.081500000000000017 -1.2094999999999998 0.95350000000000013 0.53100000000000014 2.5750000000000006 0.27100000000000007 0.51950000000000018 0.074999999999999969 0.28300000000000008 -0.18333333333333326 0.44700000000000006 0.10150000000000002 34.500000000000007 2.2650000000000006 1.1225000000000003
decision_type=2 2 2 2 2 2 2 2 2 2 2 2 2 2 2 2 2 2 2 2 2 2 2 2 2 2 2 2
left_child=1 11 22 12 5 10 -7 8 -6 -9 -5 16 13 14 -2 -15 21 -18 20 24 -13 -1 -3 -20 -4 -21 -14 -28
right_child=3 2 19 4 7 6 -8 9 -10 -11 -12 18 26 15 -16 -17 17 -19 23 25 -22 -23 -24 -25 -26 -27 27 -29
leaf_value=-0.0032672061252276108 -0.0083181943423598168 0.11412001065126927 -0.032198550235369279 -0.0086961342357355226 -0.0012624731510774943 0.0091623573759484576 -0.032652446306283542 -0.0078670416729257533 -0.05094727578710221 0.0031698942781156533 0.044943683774937543 0.021982963789390433 -0.012477862693702435 -0.010491239963804534 0.034099210842408578 -0.051612186540062881 0.067760627098495188 -0.0085160920736832429 -0.020512007892305228 -0.030864319735415327 -0.025858235400643977 0.0036369391449939913 -0.0021037308040343454 -0.002730889650066461 -0.07942622353591039 0.041536460824878878 -0.060050862882451851 -0.074207734653458507
leaf_weight=628.83217979688197 23.121374739333987 2.0124050765298307 26.429544895887375 181.62804279802367 4066.0291523523629 837.18009336804971 24.890827873721719 214.40117794461548 12.024455115199087 2556.1683539906517 6.4712606798857442 7.7210271639050907 3.0187683943659049 123.41840672632679 20.083977624773979 10.861969888210295 7.3290655633900297 4.8785855104215443 47.280537711456418 4.9270889386534673 61.557464509736747 617.56223232764751 2.1498929847730315 527.44589720107615 7.6369023025035849 4.6093363612890244 3.5785169820301235 3.4336514621973038
leaf_count=3325 130 19 116 1522 18131 5147 163 1135 62 11537 46 47 36 778 116 51 49 37 245 23 522 2894 23 2661 34 20 49 17
internal_value=-9.55023e-07 -0.00224506 -0.0249773 0.000540311 0.000789917 0.00530312 0.00795503 9.78612e-05 -0.00140897 0.0023158 -0.00685074 -0.00167437 -0.00997387 -0.00767894 0.0113995 -0.0138175 0.000513735 0.0372779 -0.00595066 -0.0325249 -0.0205264 0.000153653 0.0540886 -0.00419367 -0.0427859 0.00412988 -0.05058 -0.0669831
internal_weight=10036.7 1950.37 47.7652 8086.31 7898.79 1050.17 862.071 6848.62 4078.05 2770.57 188.099 1902.61 187.517 177.486 43.2054 134.28 1258.6 12.2077 644.005 43.6029 69.2785 1246.39 4.1623 574.726 34.0664 9.53643 10.0309 7.01217
internal_count=48935 10015 235 38920 37743 6878 5310 30865 18193 12672 1568 9780 1177 1075 246 829 6305 86 3475 193 569 6219 42 2906 150 43 102 66
is_linear=0
shrinkage=0.05


Tree=142
num_leaves=25
num_cat=0
split_feature=7 18 24 28 22 11 18 9 6 4 17 6 5 28 24 11 27 29 11 26 36 4 42 41
split_gain=4.99852 4.87141 7.77145 8.72941 7.73255 12.0251 11.9495 10.7175 7.77512 10.6907 6.79228 6.20343 10.6949 7.51131 4.71194 4.68327 5.07774 8.93673 4.59483 3.48152 2.03192 0.00689648 9.89583e-07 2.57775e-06
threshold=0.63050000000000017 0.59166666666666679 1.2565000000000002 0.39650000000000007 0.25833333333333336 7.5000000000000009 0.18333333333333332 1.2830000000000001 0.23900000000000002 1.2320000000000004 0.18050000000000002 0.63250000000000017 0.48200000000000004 0.18450000000000003 3.8035000000000001 17.500000000000004 0.22450000000000003 2.9570000000000003 30.500000000000004 0.59100000000000008 0.45150000000000007 1.9665000000000001 0.27750000000000008 0.48400000000000004
decision_type=2 2 2 2 2 2 2 2 2 2 2 2 2 2 2 2 2 2 2 2 2 2 2 2
left_child=1 4 3 19 5 7 -7 -1 9 -6 -10 12 -4 -13 15 16 20 -18 -5 -3 -2 -16 23 -23
right_child=14 2 11 18 8 6 -8 -9 10 -11 -12 13 -14 -15 21 -17 17 -19 -20 -21 -22 22 -24 -25
leaf_value=0.010123095490697084 -0.070634474611495759 -0.048613524703078136 0.003047786289239917 -0.0078303371881617914 0.058214731643630141 -0.019408685815798604 -0.002624557207117286 -0.0037747995373497338 -0.0030452936237971716 0.0088700484839480242 0.0024686632110335668 -0.01580971359990457 -0.0052066183176860091 0.014443709757901789 0.055982456755123033 0.05333923299473238 -0.014032563514688824 0.088440026898133114 0.032357245310527909 0.021094683340061971 -0.031118919578658824 0.050748238131839485 0.050737333810276501 0.05093914869809605
leaf_weight=350.52942471741699 4.2468538265675333 17.364189187530432 2305.4308395672124 94.872817090712488 12.466423986479638 109.49070439860225 3370.3611193820834 229.57019120641053 789.54924718872644 91.842942083254457 1908.6125306915492 23.283806998282671 472.90855481941253 172.63389404630288 1.3817013539373868 2.4056358784437171 49.407251000229735 2.2234124045353374 7.6889861524105063 1.9972090716473747 13.904170272406189 0.41065762890502788 0.47231807513162494 0.31051194481551647
leaf_count=2056 52 225 10694 732 71 516 15311 1372 4588 417 8840 119 2190 851 19 14 572 16 36 25 135 31 35 18
internal_value=-1.07533e-06 9.56211e-05 0.00174198 -0.0106304 -0.00064718 -0.00204163 -0.00315266 0.0046231 0.00137296 0.0147674 0.000855142 0.00224916 0.00164278 0.0108482 -0.0128813 -0.0152522 -0.0176168 -0.0096197 -0.0048175 -0.0414228 -0.0403645 0.0535776 0.0507936 0.0508304
internal_weight=10033.4 9958.6 3096.18 121.923 6862.42 4059.95 3479.85 580.1 2802.47 104.309 2698.16 2974.26 2778.34 195.918 74.7625 72.1873 69.7817 51.6307 102.562 19.3614 18.151 2.57519 1.19349 0.72117
internal_count=48935 48043 14872 1018 33171 19255 15827 3428 13916 488 13428 13854 12884 970 892 789 775 588 768 250 187 103 84 49
is_linear=0
shrinkage=0.05


Tree=143
num_leaves=27
num_cat=0
split_feature=7 9 33 33 42 36 13 5 1 24 16 18 3 2 26 11 24 42 39 5 2 26 14 26 40 21
split_gain=4.92306 10.7604 12.84 8.82754 7.61469 7.37577 6.38427 7.60513 6.4766 9.88663 13.8965 9.82632 9.14328 9.61229 5.70754 5.42162 8.64181 5.17865 9.2428 5.06772 4.57184 4.21082 2.93035 2.48825 2.21673 0.110921
threshold=0.37700000000000006 1.6545000000000003 0.17150000000000001 0.19850000000000004 0.21650000000000003 0.64800000000000013 1.0000000180025095e-35 2.3665000000000007 6.5000000000000009 3.0015000000000005 0.51950000000000018 0.59166666666666679 0.26150000000000007 1.5000000000000002 0.29450000000000004 4.5000000000000009 2.4825000000000004 0.24150000000000002 2.5935000000000006 -1.4904999999999997 12.500000000000002 0.35900000000000004 2.6075000000000004 0.58050000000000013 0.71500000000000008 5.5000000000000009
decision_type=2 2 2 2 2 2 2 2 2 2 2 2 2 2 2 2 2 2 2 2 2 2 2 2 2 2
left_child=6 5 17 21 -5 15 7 22 12 11 -11 -10 14 -14 -8 16 -2 -3 -19 -17 -7 -4 23 -1 -9 -26
right_child=1 2 3 4 -6 20 8 24 9 10 -12 -13 13 -15 -16 19 -18 18 -20 -21 -22 -23 -24 -25 25 -27
leaf_value=-0.055258526555151177 -0.029380992310727522 -0.034260057770933543 -0.010245385465014309 0.021746574684581615 -0.016288054219119916 0.0089320650432536154 -0.007083127140897847 -0.02693765990553609 -0.0025389647865052874 0.0020598146204234904 0.02047527054941194 0.0016753723713806273 0.051498199509348565 0.0052396767060074265 -0.049088225143854497 0.045521149616417116 -8.9719333808403295e-05 0.075471832739373176 0.0018196833277029337 -0.00012854730051145623 0.078487971227740663 -0.065967629000895159 0.042182874454024757 -0.017047412622418327 0.04908234361237588 0.069426456772939293
leaf_weight=12.762415381148466 42.102869485679548 3.1012044036760953 4.6497441707178977 14.227112766355274 175.33642121683806 4.7883506808429939 30.927795446943492 1.1061686296015967 3771.1809691227973 1947.1639045942575 108.13163653388619 2184.2973843840882 11.396224969066678 770.38068115385249 10.950199381448327 6.1247476041316977 62.650574753526598 7.9396793213672963 9.1901532718911749 825.29945196025074 4.6631161272525787 12.517876661382614 1.0790445413440455 6.3954179179854682 2.3892091512680058 0.93110831826925267
leaf_count=347 702 19 28 70 961 22 339 26 16921 9220 618 9643 557 4360 199 32 418 49 56 4033 20 66 12 108 103 6
internal_value=-1.16875e-06 -0.00304571 -0.0128225 -0.0165428 -0.0134335 -0.000699176 0.000401808 -0.0250017 0.000472727 3.86276e-05 0.00302867 -0.000993268 0.00469473 0.005914 -0.0180666 -0.00114287 -0.0118626 0.0251939 0.0359575 0.000207735 0.0432492 -0.0508756 -0.0379871 -0.0425026 0.0343645 0.0547874
internal_weight=10031.7 1172.59 226.962 206.731 189.564 945.629 8859.09 24.6634 8834.43 8010.77 2055.3 5955.48 823.655 781.777 41.878 936.178 104.753 20.231 17.1298 831.424 9.45147 17.1676 20.2369 19.1578 4.42649 3.32032
internal_count=48935 6476 1249 1125 1031 5227 42459 602 41857 36402 9838 26564 5455 4917 538 5185 1120 124 105 4065 42 94 467 455 135 109
is_linear=0
shrinkage=0.05


Tree=144
num_leaves=24
num_cat=0
split_feature=39 40 31 17 7 1 22 32 1 3 10 10 32 33 22 10 36 31 41 25 3 23 11
split_gain=4.86605 6.32515 6.36227 6.15305 14.531 12.6984 8.67237 8.52127 8.62991 6.65464 5.72631 9.92837 7.53408 5.46211 9.23624 8.62796 5.05044 5.4386 5.21056 5.08985 9.30119 7.11301 4.98293
threshold=2.3915000000000002 0.68100000000000016 0.74500000000000011 0.21550000000000002 0.27450000000000008 6.5000000000000009 0.24999999999999997 0.30700000000000005 16.500000000000004 1.9425000000000001 14.500000000000002 11.500000000000002 0.41450000000000004 0.31400000000000006 -0.29999999999999988 4.5000000000000009 0.62700000000000011 0.81100000000000017 0.43550000000000005 508.50000000000006 0.74550000000000016 -0.22299999999999992 20.500000000000004
decision_type=2 2 2 2 2 2 2 2 2 2 2 2 2 2 2 2 2 2 2 2 2 2 2
left_child=16 2 10 7 5 -5 -6 8 -3 -9 11 -2 -12 15 -15 -4 17 19 -19 20 -1 -21 -20
right_child=1 3 13 4 6 -7 -8 9 -10 -11 12 -13 -14 14 -16 -17 -18 18 22 21 -22 -23 -24
leaf_value=-0.059425143035673346 0.0092724055934477658 0.00029759718491974112 0.0054938081793727877 0.011344702408798504 -0.0062063072542886399 3.2614356402809449e-05 0.0012970709397526468 0.0011234266645709357 -0.03212350589608752 0.0079868586516785162 -0.0018437798915409355 -0.034647100125134056 0.084132345476913492 -0.060340666602332685 0.0020816740201286036 -0.050002344633071363 0.052502450973513609 -0.059979789711311508 -0.034178195812089564 0.037607793801557508 0.0063908753067618675 0.0070485410905921616 0.034875973504865897
leaf_weight=6.3875569619704029 38.405216698884033 45.174565059132874 9.6480672284960729 269.38617918733507 1575.5717668629368 3137.6494201608002 509.6598780869972 3768.0550029324368 37.61679945141077 389.69297108915634 5.9731203559786064 19.351535638794303 4.4437621962279081 7.0981697849929324 35.882015807554126 25.552092689089477 6.3914459757506838 5.4732967540621749 5.2412339393049461 28.985670410795137 33.632037045899779 55.505510793300346 5.2086052149534225
leaf_count=38 192 266 45 1517 8137 14163 2438 17865 183 2934 31 92 22 38 170 122 30 26 30 143 160 271 22
internal_value=-1.16453e-06 -0.000135452 -0.0104527 1.96898e-05 -0.00108498 0.000927034 -0.00437238 0.00145043 -0.0144331 0.00176672 0.000711201 -0.00544293 0.034833 -0.0201876 -0.00822736 -0.0347913 0.00903437 0.00705605 -0.0204588 0.0105748 -0.00411407 0.0175322 0.000241081
internal_weight=10026 9879.16 146.354 9732.81 5492.27 3407.04 2085.23 4240.54 82.7914 4157.75 68.1736 57.7568 10.4169 78.1803 42.9802 35.2002 146.825 140.434 15.9231 124.511 40.0196 84.4912 10.4498
internal_count=48935 48215 712 47503 26255 15680 10575 21248 449 20799 337 284 53 375 208 167 720 690 78 612 198 414 52
is_linear=0
shrinkage=0.05


Tree=145
num_leaves=20
num_cat=0
split_feature=13 14 19 41 4 39 14 27 5 26 39 26 34 29 21 28 4 4 4
split_gain=4.86695 5.10571 7.35911 6.51463 5.99004 5.59442 7.71947 7.6178 4.55882 4.44 9.94898 9.63954 1.8534 1.80855 1.17673 0.863274 0.209226 0.00862203 0.000186259
threshold=3.4165000000000005 0.60350000000000004 2.6285000000000003 0.45350000000000007 0.66100000000000014 2.5780000000000007 1.1775000000000002 0.25750000000000006 0.14050000000000004 0.13050000000000003 2.4980000000000007 0.18150000000000002 0.45850000000000007 1.9520000000000002 5.5000000000000009 0.49650000000000005 1.6545000000000003 2.4870000000000005 3.5835000000000004
decision_type=2 2 2 2 2 2 2 2 2 2 2 2 2 2 2 2 2 2 2
left_child=1 4 5 12 13 7 -7 -3 -5 10 -6 -11 -4 -1 -15 -2 -17 -18 -19
right_child=15 2 3 8 9 6 -8 -9 -10 11 -12 -13 -14 14 -16 16 17 18 -20
leaf_value=0.048644533562450187 0.020792002207071263 0.0026686275018916539 0.0014835258278647703 0.037225244768527517 0.029278780266026427 -0.0036651193243308075 0.00039652475832126005 -0.0018312961583074206 -0.0088550016792106299 0.015896297782380619 -0.033209650308944259 -0.0076519380477849596 -0.069451538252201503 -0.054931204102674602 0.010504228789958292 0.079774782538532443 0.058905039998585353 0.052519161045434054 0.05132836755804511
leaf_weight=0.49226256785914202 1.762445956468581 3236.932548673125 1.5631417441181832 28.583736120723188 7.9703682800754896 1815.7157180760987 3288.6539060953073 1325.6821275064722 6.6082664281129828 54.984270599205047 31.717420888133347 207.33234846917912 2.2410527588799596 8.5783049382735008 0.7468756567686804 1.2978883516043427 0.61635082028806198 0.53824281645938732 0.84224950079806149
leaf_count=30 35 15180 18 329 46 8471 15850 6546 34 341 187 1458 26 301 10 8 7 15 43
internal_value=-1.19554e-06 -2.5951e-05 0.000176372 0.0218533 -0.0063236 8.89283e-05 -0.00104827 0.00136116 0.0285724 -0.00507413 -0.0206603 -0.00271598 -0.0403044 -0.0447597 -0.0496903 0.0490371 0.0641461 0.053988 0.0517926
internal_weight=10022.9 10017.8 9705.98 38.9962 311.822 9666.98 5104.37 4562.61 35.192 302.004 39.6878 262.317 3.80419 9.81744 9.32518 5.05718 3.29473 1.99684 1.38049
internal_count=48935 48827 46454 407 2373 46047 24321 21726 363 2032 233 1799 44 341 311 108 73 65 58
is_linear=0
shrinkage=0.05


Tree=146
num_leaves=20
num_cat=0
split_feature=3 13 25 39 7 24 21 39 14 17 14 40 3 24 14 18 24 21 13
split_gain=4.72824 5.05203 4.79317 9.63283 8.86415 8.49058 5.61176 5.08115 4.36052 4.68416 4.32428 0.975711 0.104012 0.0407654 0.0057413 0.00159821 0.0014676 0.000150215 5.78421e-05
threshold=3.0625000000000004 1.0000000180025095e-35 513.50000000000011 2.5030000000000006 0.24050000000000002 2.7015000000000007 41.500000000000007 2.7270000000000008 1.4820000000000004 0.19600000000000004 2.6075000000000004 0.70200000000000007 2.6045000000000003 2.2405000000000004 3.3665000000000007 0.14999999999999999 5.041500000000001 3.5000000000000004 0.98350000000000015
decision_type=2 2 2 2 2 2 2 2 2 2 2 2 2 2 2 2 2 2 2
left_child=1 8 6 4 -4 -5 7 -3 12 10 -10 -2 13 -1 15 -13 -17 18 -16
right_child=11 2 3 5 -6 -7 -8 -9 9 -11 -12 14 -14 -15 17 16 -18 -19 -20
leaf_value=-0.051214144952524659 -0.0088751006532566609 0.00071470609208266588 0.020809404061486514 -0.011828687179627586 -0.0055202199838953114 -0.00014559434183595218 -0.041538609575170332 -0.0037319340679662968 -0.036923194015545835 0.03681345066596535 0.025019069841414571 0.056053902615912879 -0.08159877465015053 -0.059509665495924485 0.05116011474448974 0.055162111053074038 0.052351627011637605 0.051979710538835822 0.050516271770783855
leaf_weight=2.6186841911403489 0.72224348527379234 8532.0441934219562 69.254049330484122 332.81279852613807 59.369484867085703 291.90996954729781 7.9910503923892966 694.76209337217733 12.26347994618118 4.1743139582686117 3.6580574475228778 1.2111071888357403 0.42144261300563801 3.4087262749671936 0.9401951180770991 0.90513165667653062 0.95416658185422421 0.43207299336791027 0.55461573577485979
leaf_count=353 16 40923 327 1613 291 1417 36 3388 221 35 100 15 2 33 44 15 29 13 64
internal_value=-1.16864e-06 -2.71247e-05 3.07689e-05 -0.00380414 0.00865629 -0.00636961 0.000343609 0.000379882 -0.0218111 -0.0103312 -0.0226916 0.0454469 -0.0575847 -0.0559056 0.0532979 0.0546405 0.0537198 0.0511586 0.0509212
internal_weight=10020.4 10014.7 9988.14 753.346 128.624 624.723 9234.8 9226.81 26.5447 20.0959 15.9215 5.71953 6.44885 6.02741 4.99729 3.07041 1.8593 1.92688 1.49481
internal_count=48935 48739 47995 3648 618 3030 44347 44311 744 356 321 196 388 386 180 59 44 121 108
is_linear=0
shrinkage=0.05


Tree=147
num_leaves=26
num_cat=0
split_feature=3 9 1 23 24 44 17 30 9 13 20 10 1 25 5 16 14 26 11 14 34 15 40 44 39
split_gain=4.62846 9.93281 8.1531 7.6219 6.98601 7.67484 6.80533 11.177 10.3857 6.66978 7.5749 7.44006 6.60265 6.31766 6.21456 5.51114 5.58877 5.46995 4.47452 4.26673 2.27538 4.70342 2.2661 0.907335 0.751509
threshold=0.75450000000000006 1.3655000000000002 3.5000000000000004 -1.6864999999999999 2.8335000000000004 0.50300000000000011 0.33900000000000002 1.3895000000000002 1.1190000000000004 0.66100000000000014 -2.4999999999999996 10.500000000000002 21.500000000000004 504.50000000000006 0.48200000000000004 0.91300000000000014 0.96350000000000013 0.23500000000000001 14.500000000000002 2.9615000000000005 0.48050000000000004 0.48050000000000004 0.70550000000000013 0.47350000000000003 2.5650000000000008
decision_type=2 2 2 2 2 2 2 2 2 2 2 2 2 2 2 2 2 2 2 2 2 2 2 2 2
left_child=1 4 9 18 6 23 8 -8 -1 10 19 14 20 -13 -11 16 -5 -17 -4 -2 21 -3 -22 -6 -12
right_child=2 12 3 15 5 -7 7 -9 -10 11 24 13 -14 -15 -16 17 -18 -19 -20 -21 22 -23 -24 -25 -26
leaf_value=-0.001332775134329531 -0.0069937268640210097 -0.062851195696148929 0.004872882762183459 -0.0026684133204325595 -0.046583141523446191 0.011532452046635592 0.011195368232901723 -0.017669399867698152 0.022178624910216369 0.010855317245333174 -0.075005696726457904 -0.043330943228642546 0.042907260561922955 0.037281156116637758 -0.029817125894467597 0.074655584284749998 0.00062728631932351241 0.0066124946045575802 0.07871502568725619 0.051892996777114869 -0.0057267540089500323 0.031346816260969079 -0.053815717930133712 -0.078927738257606961 -0.042047525972246903
leaf_weight=789.99293075641617 21.574953278526667 2.393775833770639 3.539233095943926 1569.0433761915192 3.7299634292721731 5.0995850004255763 44.39346540835686 137.14328351884615 49.939111408777535 142.50603487459011 3.2748709991574279 2.5948786791414014 2.6630281358957282 38.368150647962466 10.054458159720523 4.8753123283386213 7139.8187236017548 7.4933300018310547 4.8805688992142677 3.5876078419387332 2.8377803601324585 2.9684790247119963 17.9174578350503 5.1784594841301441 3.6655590480659157
leaf_count=4263 425 31 19 7394 19 25 366 939 310 1315 31 26 15 497 123 29 32603 38 26 145 30 27 177 26 36
internal_value=-1.13752e-06 -0.00311845 0.000369328 0.000126786 -0.00231314 -0.0373834 -0.00183221 -0.0106107 6.51218e-05 0.00975348 -0.0113534 0.0132548 -0.0320921 0.0321746 0.00817481 8.088e-05 3.35123e-05 0.0334328 0.0476757 0.00140218 -0.0397393 -0.0107043 -0.0472407 -0.065385 -0.057599
internal_weight=10019.5 1064.26 8955.28 8729.65 1035.48 14.008 1021.47 181.537 839.932 225.627 32.103 193.524 28.7805 40.963 152.56 8721.23 8708.86 12.3686 8.4198 25.1626 26.1175 5.36225 20.7552 8.90842 6.94043
internal_count=48935 6228 42707 40109 5948 70 5878 1305 4573 2598 637 1961 280 523 1438 40064 39997 67 45 570 265 58 207 45 67
is_linear=0
shrinkage=0.05


Tree=148
num_leaves=29
num_cat=0
split_feature=41 44 27 30 36 3 22 5 0 3 19 7 20 2 22 15 5 14 40 11 6 40 44 43 15 33 22 2
split_gain=4.79115 8.45884 9.47389 8.85218 7.9318 7.91125 11.804 9.29644 8.23543 10.0001 7.55094 7.1232 10.4535 9.05169 7.14556 6.27804 6.11522 6.05893 5.6407 9.75133 6.80886 6.12681 12.2051 7.75794 5.39963 5.31669 5.298 3.16449
threshold=0.45350000000000007 0.44900000000000007 0.26250000000000007 1.4400000000000002 0.40550000000000008 1.2620000000000002 0.45555555555555566 -0.62299999999999989 12.500000000000002 0.9425 0.40350000000000003 0.16950000000000001 -13.499999999999998 9.5000000000000018 0.63333333333333353 1.2035000000000002 0.70200000000000007 1.6170000000000002 0.68100000000000016 42.500000000000007 0.47250000000000003 0.75850000000000006 0.49900000000000005 0.71400000000000008 -1.3389999999999997 0.19850000000000004 0.45555555555555566 23.500000000000004
decision_type=2 2 2 2 2 2 2 2 2 2 2 2 2 2 2 2 2 2 2 2 2 2 2 2 2 2 2 2
left_child=5 2 3 4 -2 6 8 -8 9 -1 -5 13 26 16 -14 -10 -7 -15 19 20 -3 23 -23 -20 -4 -26 -13 -9
right_child=1 18 24 10 -6 11 7 27 15 -11 -12 12 14 17 -16 -17 -18 -19 21 -21 -22 22 -24 -25 25 -27 -28 -29
leaf_value=-0.022526304512985873 0.016005730283896267 -0.0088684886221024242 -0.092548747682161814 -0.054449902381471987 0.076764725399650957 -0.018870421456047861 0.069658444162609162 -0.049529893021573762 0.002603996323696834 -0.0047031454520754679 0.011819397628485226 -0.083363258074815372 -0.0022147409780055392 0.012045455228990851 0.026765462015368915 -0.028686776273433991 0.0097215783625214658 0.04081447827177262 -0.0022194205910759436 0.049610581715180506 -0.048947606413152531 -0.0091798277360667594 -2.6872984881355184e-05 0.0020108141375439373 0.007304813592808281 -0.019894064174688576 -0.020504876938091457 -0.01232587097407054
leaf_weight=110.29395885969279 11.642709409818055 28.265293845441192 1.7966960780322541 4.3897674246691158 9.9721506023779494 38.361672785133123 2.009871616959571 25.317089506424963 309.76793514378369 274.74053389299661 206.73650859144982 5.3976551182568064 452.94718106929213 109.77837757766247 22.318346250802279 16.904701833613217 36.488852608483285 21.962980017066002 1405.9445868469193 5.0121341347694388 16.952523200307041 470.76568076788681 1609.1987249475205 4730.4433328619343 40.352530837291852 32.388079040683806 8.8457365706562978 7.3822699934244147
leaf_count=642 63 135 12 45 50 216 9 151 1516 1320 971 24 2053 481 100 107 283 105 6932 21 84 2299 7788 23076 221 158 40 33
internal_value=-1.19083e-06 0.000447355 0.00859316 0.0135616 0.0440373 -0.0026672 -0.00624304 -0.0347153 -0.00485448 -0.00980863 0.0104415 0.0011671 -0.00211875 0.00895275 -0.000853838 0.000984757 -0.00493212 0.0168416 0.000144566 -0.0165599 -0.0238945 0.000246687 -0.00209849 0.0010416 -0.00692063 -0.00480561 -0.0443256 -0.0411306
internal_weight=10016.4 8573.86 307.278 232.741 21.6149 1442.52 746.416 34.7092 711.707 385.034 211.126 696.101 489.509 206.592 475.266 326.673 74.8505 131.741 8266.58 50.23 45.2178 8216.35 2079.96 6136.39 74.5373 72.7406 14.2434 32.6994
internal_count=48935 41855 1520 1129 113 7080 3778 193 3585 1962 1016 3302 2217 1085 2153 1623 499 586 40335 240 219 40095 10087 30008 391 379 64 184
is_linear=0
shrinkage=0.05


Tree=149
num_leaves=28
num_cat=0
split_feature=4 8 17 9 25 40 13 15 40 26 6 20 30 4 10 28 8 21 15 21 42 10 10 27 22 44 24
split_gain=4.65378 9.46672 8.49342 7.09079 8.98701 7.94013 6.7862 8.08401 6.69206 6.51521 10.256 8.3968 6.37274 11.6437 6.34574 7.84984 7.06332 5.78668 5.37311 4.36918 4.30937 4.88304 3.47231 2.54687 1.75608 1.24726 0.237257
threshold=1.1060000000000001 0.23611111111111113 0.7320000000000001 2.0515000000000003 505.50000000000006 0.74150000000000016 0.84400000000000008 -1.4914999999999998 0.78800000000000014 0.16350000000000003 0.30200000000000005 3.5000000000000004 1.4615000000000002 1.2980000000000003 13.500000000000002 0.13050000000000003 0.8500000000000002 22.500000000000004 -0.93199999999999994 7.5000000000000009 0.28950000000000004 12.500000000000002 6.5000000000000009 0.25850000000000006 0.15000000000000002 0.50450000000000006 3.0785000000000005
decision_type=2 2 2 2 2 2 2 2 2 2 2 2 2 2 2 2 2 2 2 2 2 2 2 2 2 2 2
left_child=1 18 9 6 5 -5 14 24 -9 11 -11 -3 13 -6 16 -16 -2 -14 25 22 21 -20 -4 -22 -8 26 -1
right_child=3 2 19 4 12 -7 7 8 -10 10 -12 -13 17 -15 15 -17 -18 -19 20 -21 23 -23 -24 -25 -26 -27 -28
leaf_value=-0.060155717257869362 -0.0082945514123314093 0.00043504814420759351 0.056492834403535953 -0.083386944790179496 -0.046968167924382763 0.0041828528006043076 0.016827554328607015 0.0014962977286442098 -0.0077030615529898082 0.011017985988634005 -0.0012487019400188016 -0.032964604856506791 0.029776983759470368 0.055296512270511557 -0.01834307974358133 0.0012577874668377811 -0.071513839624124359 -0.010206293743916276 -0.013506327195221136 0.079504735213304673 -0.056610502449017421 0.026160151465483828 -0.056254871164366595 -0.010951457436324854 0.065901395335591348 -0.025021733755832117 -0.080825508365651291
leaf_weight=3.2819703957065931 306.24079592851922 39.633164076134562 0.72763693146407327 4.1472230595536512 8.5776370167732221 6.8875484280288219 2.6759663419797999 5357.5617155935615 205.26415645424277 180.53008582035545 3036.1240039851982 35.829863996244967 67.474781705066562 4.1205096468329421 56.049593044444919 576.09958383534104 4.482918068766593 10.45084039121866 65.122927262913436 0.69696058332920152 8.3198996627470461 8.8079566049855185 11.101387652975971 4.825626438483595 5.7190869250334799 2.2643773662857711 2.4061313010752201
leaf_count=40 1671 243 10 26 42 39 22 24828 959 1080 15031 206 455 32 255 2748 19 55 538 3 69 58 369 40 63 22 12
internal_value=-1.20126e-06 -0.00150472 -0.0010573 0.000771421 0.0138748 -0.0287287 0.000566931 0.00123084 0.00115685 -0.000900943 -0.000560252 -0.0154231 0.0190624 -0.0137836 -0.00335595 -0.000480126 -0.00920664 0.0244147 -0.0170639 -0.0421515 -0.0134709 -0.00878055 -0.0493194 -0.0398494 0.0502589 -0.0564056 -0.0688993
internal_weight=10015.4 3399.67 3304.64 6615.75 101.659 11.0348 6514.09 5571.22 5562.83 3292.12 3216.65 75.463 90.6238 12.6981 942.873 632.149 310.724 77.9256 95.0289 12.526 87.0764 73.9309 11.829 13.1455 8.39505 7.95248 5.6881
internal_count=48935 17721 16942 31214 649 65 30565 25872 25787 16560 16111 449 584 74 4693 3003 1690 510 779 382 705 596 379 109 85 74 52
is_linear=0
shrinkage=0.05


Tree=150
num_leaves=27
num_cat=0
split_feature=4 15 22 23 24 22 39 40 9 17 11 19 7 40 34 17 20 40 31 24 40 20 1 13 2 13
split_gain=4.56701 5.32592 5.70557 6.19393 5.06772 4.66723 4.57716 5.92963 6.1036 5.49692 4.59678 5.80651 5.80564 3.48439 3.14914 2.21483 3.77889 1.75495 0.968768 0.864288 0.761979 0.333146 0.00461612 0.00165594 0.000333942 0.000203945
threshold=1.0000000180025095e-35 -0.67299999999999993 0.87777777777777788 2.0500000000000003 5.3670000000000009 0.63333333333333353 2.3915000000000002 0.68100000000000016 0.87750000000000006 0.21550000000000002 26.500000000000004 0.59200000000000008 0.36200000000000004 0.74150000000000016 0.37500000000000006 0.32700000000000007 -12.499999999999998 0.71500000000000008 0.7895000000000002 4.3335000000000008 0.78500000000000014 -2.4999999999999996 5.5000000000000009 0.59200000000000008 1.5000000000000002 1.3270000000000002
decision_type=2 2 2 2 2 2 2 2 2 2 2 2 2 2 2 2 2 2 2 2 2 2 2 2 2 2
left_child=1 2 5 20 6 18 10 8 -8 -9 11 -2 -12 -7 -3 22 -17 -5 -1 21 -4 -16 24 -24 -6 -18
right_child=4 14 3 17 15 13 7 9 -10 -11 12 -13 -14 -15 19 16 25 -19 -20 -21 -22 -23 23 -25 -26 -27
leaf_value=-0.0088244275499497673 0.045951270111788151 0.047925912987439472 -0.05858238814343051 -0.03494768903310453 0.050449390891673766 0.018572697045200183 0.011693952788808784 0.0014021118987115517 -0.014956266446604388 -0.0010008238513030347 0.01298025329216479 -0.0012825022418790121 0.056724424468841905 0.10267032048701677 -0.060850912134028004 -0.11786668992244168 0.052582115423628666 0.041308208040683393 -0.079374070148824694 -0.10712496020531082 0.0078033416791623653 -0.027705771189321018 0.055466315371956801 0.053217448449036364 0.051694632001178367 0.050989063134255219
leaf_weight=1.8516932528000372 7.030321827158331 0.69928877975325843 7.0819697147235274 1.0055795889347789 1.2486891075968736 2.7506642667576671 26.223757005296648 4208.1622450312134 118.87883575353771 5478.3637812221423 42.572574302554131 87.331348003353924 9.229216128587721 2.2304160166531801 5.8249648250639439 0.55463406443595886 0.38686207495629765 3.0217440249398351 0.66004937654361118 0.96613039076328266 0.46034605707973231 0.87154604715760786 1.1163257285952566 3.0689869113266468 0.94650675822049368 0.41796510946005583
leaf_count=68 37 10 292 23 168 24 137 20419 558 26002 187 439 42 17 79 9 9 96 18 4 12 134 14 68 38 31
internal_value=-1.20855e-06 -0.0203773 -0.00578375 -0.0277974 5.47527e-05 0.0282075 2.33807e-05 -0.000107194 -0.0101399 4.30946e-05 0.0088064 0.0022366 0.0207739 0.0562297 -0.053646 0.0404973 -0.0174475 0.0222679 -0.0273638 -0.0629154 -0.0545305 -0.0565371 0.0528433 0.0538173 0.0509863 0.0517548
internal_weight=10013 27.4244 19.0625 11.5696 9985.53 7.49282 9977.79 9831.63 145.103 9686.53 146.163 94.3617 51.8018 4.98108 8.36193 7.73997 1.35946 4.02732 2.51174 7.66264 7.54232 6.69651 6.38051 4.18531 2.1952 0.804827
internal_count=48935 777 550 423 48158 127 47821 47116 695 46421 705 476 229 41 227 337 49 119 86 217 304 213 288 82 206 40
is_linear=0
shrinkage=0.05


Tree=151
num_leaves=26
num_cat=0
split_feature=4 14 8 8 18 18 9 24 18 8 24 40 9 44 40 40 44 21 16 41 18 24 23 19 18
split_gain=4.40525 6.37032 5.76111 7.69089 13.2567 10.362 9.19448 7.57941 6.48118 7.62959 6.6262 6.36803 10.1518 6.34924 4.40523 11.2708 10.2786 9.85218 8.65581 15.7912 8.43774 1.92184 2.89848 6.60693 1.15844
threshold=0.79050000000000009 0.60350000000000004 0.74166666666666681 0.70000000000000007 0.29999999999999999 0.8500000000000002 1.5345000000000002 1.8335000000000001 0.59166666666666679 1.0000000180025095e-35 1.2565000000000002 0.69400000000000006 1.8595000000000004 0.47350000000000003 0.72800000000000009 0.72150000000000014 0.51250000000000007 14.500000000000002 0.63450000000000017 0.49000000000000005 0.63333333333333341 2.3745000000000007 -0.33399999999999991 1.8685000000000003 0.93333333333333346
decision_type=2 2 2 2 2 2 2 2 2 2 2 2 2 2 2 2 2 2 2 2 2 2 2 2 2
left_child=1 21 3 8 6 -6 -5 -4 9 -2 -10 12 -9 -13 15 16 -3 -17 20 -20 -16 22 24 -24 -1
right_child=2 14 7 4 5 -7 -8 11 10 -11 -12 13 -14 -15 18 17 -18 -19 19 -21 -22 -23 23 -25 -26
leaf_value=-0.056908386263701385 0.015800548489774836 -0.0014375628877996642 0.068824013940621806 0.029853651853464776 -0.013986713789414355 -0.085080318708690719 -0.0025466247192293952 -0.031904769230427898 -0.0093398348048234197 -0.00098352438553016633 0.0027672564605386606 0.01468931000721152 0.007277167915139944 0.0030238318743074991 -0.00513567473734328 0.0098240215851441454 -0.0855168242539176 0.056679465387456024 -0.026718040556672436 0.047447615033278094 -0.027180748272219463 -0.066005493006237564 -0.053669541882936989 0.034199913281817665 -0.013135120133242688
leaf_weight=6.0246828078525176 68.596046069636941 318.40769091388211 4.5498003456741563 28.886694960296154 185.52459124196321 5.2709753513336173 90.48218630393967 30.508249763865024 118.16533135157079 5235.8860593358986 2591.4080654347781 148.26938950736076 36.084569842554629 546.8294588807039 437.46922779502347 47.921457468066365 3.6769207711331537 14.648269280791281 11.390471346676351 19.402839010581374 48.186336582526565 3.3072944581508628 3.805698481563013 4.8854960822500288 2.0176311647519469
leaf_count=105 357 1765 25 127 842 23 413 134 959 24807 12037 739 192 2830 2483 288 20 64 60 97 233 24 218 68 25
internal_value=-1.19354e-06 -0.00329602 0.000332674 -4.92187e-05 -0.00777454 -0.0159508 0.00529409 0.00448144 0.000249771 -0.000766478 0.00223926 0.0040971 -0.0106733 0.00551216 -0.00267593 0.00137492 -0.00239741 0.0207934 -0.00569302 0.0200137 -0.00732297 -0.0311775 -0.024294 -0.00427635 -0.0459267
internal_weight=10011.6 921.144 9090.46 8324.22 310.164 190.796 119.369 766.241 8014.06 5304.48 2709.57 761.692 66.5928 695.099 901.103 384.654 322.085 62.5697 516.449 30.7933 485.656 20.0408 16.7335 8.69119 8.04231
internal_count=48935 5450 43485 39565 1405 865 540 3920 38160 25164 12996 3895 326 3569 5010 2137 1785 352 2873 157 2716 440 416 286 130
is_linear=0
shrinkage=0.05


Tree=152
num_leaves=20
num_cat=0
split_feature=13 7 40 11 24 20 21 39 11 14 19 20 4 24 34 43 42 4 8
split_gain=4.55032 4.65216 5.00204 4.78422 5.62784 4.36377 12.4212 10.0254 9.11799 7.93107 9.05358 7.14102 3.77488 3.7118 1.39555 0.90116 0.376656 0.1455 0.00505312
threshold=3.4165000000000005 0.63050000000000017 0.70850000000000002 17.500000000000004 2.4825000000000004 -6.4999999999999991 12.500000000000002 2.3915000000000002 6.5000000000000009 1.5965000000000003 1.2545000000000002 -13.499999999999998 0.85450000000000015 2.4825000000000004 0.48250000000000004 0.70950000000000013 0.25150000000000006 1.7400000000000004 1.0000000180025095e-35
decision_type=2 2 2 2 2 2 2 2 2 2 2 2 2 2 2 2 2 2 2
left_child=1 5 12 4 -4 9 8 -8 -7 11 -11 -1 14 -14 -3 -2 -17 -18 -19
right_child=15 2 3 -5 -6 6 7 -9 -10 10 -12 -13 13 -15 -16 16 17 18 -20
leaf_value=-0.025058571804351937 0.001393739712096242 0.006001407130712514 -0.038002664231781176 0.050319488275352701 -0.0068129079459525775 0.0059538933760460372 0.077780813656403755 0.0099214174965240216 -0.0002874849012897572 0.00056431013320819106 0.036218797166276927 -0.0041860279670294584 0.0074847227532976492 0.071866408772195092 -0.072224596529925189 0.033451798548552493 0.077152322790338096 0.051478946499707925 0.057805509317676675
leaf_weight=42.729792326688766 0.85219333344139059 0.96694643265800495 27.126902944233734 2.4240823015570632 30.980556909926236 638.42922222893685 5.5626354217529288 252.63679818436503 7013.8006542511284 961.31158962915652 18.140580173581839 999.45164966513403 6.2944489717483503 3.4744729530066252 1.3893504726584067 1.1309408510569481 1.6618532733991744 0.63257582904770948 0.62990695238113403
leaf_count=190 21 19 489 14 241 4515 24 1129 32044 5252 131 4653 69 27 30 36 10 31 10
internal_value=-1.25048e-06 -2.48612e-05 -0.0126308 -0.0185025 -0.0213735 6.73563e-05 0.000597181 0.0113834 0.000233236 -0.00200579 0.00122467 -0.00504181 0.0166816 0.0303831 -0.0401232 0.0481332 0.0579552 0.0674315 0.0546355
internal_weight=10009.6 10004.7 72.6568 60.5315 58.1075 9932.06 7910.43 258.199 7652.23 2021.63 979.452 1042.18 12.1252 9.76892 2.3563 4.90747 4.05528 2.92434 1.26248
internal_count=48935 48827 889 744 730 47938 37712 1153 36559 10226 5383 4843 145 96 49 108 87 51 41
is_linear=0
shrinkage=0.05


Tree=153
num_leaves=24
num_cat=0
split_feature=3 6 1 23 44 24 30 34 14 13 20 13 12 5 23 21 44 11 11 25 22 29 24
split_gain=4.35175 9.11817 7.34178 6.8932 6.89026 11.1365 7.14122 6.71191 5.94038 6.71707 7.10758 5.5988 5.33727 5.12616 11.8653 7.73316 4.69269 4.26321 3.85491 2.49255 1.71523 1.67425 0.643683
threshold=0.75450000000000006 0.44200000000000006 3.5000000000000004 -1.6864999999999999 0.50450000000000006 2.8335000000000004 1.6450000000000002 0.35200000000000004 0.26150000000000007 0.66100000000000014 -2.4999999999999996 1.3920000000000001 25.500000000000004 -0.8909999999999999 0.43000000000000005 -24.499999999999996 0.49700000000000005 14.500000000000002 11.500000000000002 506.50000000000006 1.0000000180025095e-35 2.0835000000000004 1.0210000000000001
decision_type=2 2 2 2 2 2 2 2 2 2 2 2 2 2 2 2 2 2 2 2 2 2 2
left_child=1 4 8 17 5 7 12 -1 16 10 -10 -11 -6 14 -5 -15 -2 -4 -8 -3 -7 -21 -23
right_child=2 19 3 13 6 20 18 -9 9 11 -12 -13 -14 15 -16 -17 -18 -19 -20 21 -22 22 -24
leaf_value=0.053842751011634916 -0.0014486191930477466 -0.00012944766628457478 0.0040080908224227217 0.004202311103001728 0.0082660460314768636 -0.076140931882749355 -0.008988531460804668 -0.004502731102912101 0.0018470388991854358 0.024321234755089471 -0.05630170603083498 0.0067651444071727546 -0.015913585981453694 -0.011579880322029916 0.058080463028247889 2.3771258437250404e-05 -0.0809148873671173 0.076705143128807926 -0.085025508847643747 -0.005902186320009069 -0.034542007292372723 -0.032492737538347402 -0.063521432294873878
leaf_weight=4.9609544395934781 4.5540234250947824 3.0617081942036739 3.5076456815004331 389.14442652836442 230.95287861936959 5.4551712870597822 3.3757824649801469 768.78106929082423 24.620682590641085 81.072992143686861 6.6811411539092651 103.24589690635912 25.324894793331623 146.15371537208557 10.494208950549362 8168.3705022493377 3.1378641969058663 4.7445992231369019 3.2927803806960583 1.8176613906398404 4.5404523275792599 2.0566646873485288 8.9229852622374874
leaf_count=29 32 31 19 1738 1380 27 27 4421 570 857 62 1054 116 624 48 37654 23 26 15 21 24 41 96
internal_value=-1.20737e-06 -0.00302643 0.000358118 0.000128925 -0.00245629 -0.00480607 0.00454748 -0.00412864 0.00931021 0.0108505 -0.0105644 0.0144872 0.00587666 8.56702e-05 0.00561711 -0.000180199 -0.0338665 0.045805 -0.0465338 -0.0406552 -0.0572449 -0.0503509 -0.0577093
internal_weight=10008.3 1062.54 8945.73 8722.42 1046.68 783.738 262.946 773.742 223.313 215.621 31.3018 184.319 256.278 8714.16 399.639 8314.52 7.69189 8.25224 6.66856 15.859 9.99562 12.7973 10.9796
internal_count=48935 6228 42707 40109 6039 4501 1538 4450 2598 2543 632 1911 1496 40064 1786 38278 55 45 42 189 51 158 137
is_linear=0
shrinkage=0.05


Tree=154
num_leaves=31
num_cat=0
split_feature=41 39 40 31 19 44 25 3 3 8 16 20 36 0 3 20 21 22 4 15 40 15 3 4 24 2 26 4 5 3
split_gain=4.23787 8.90567 10.6269 10.2787 9.50437 8.97575 8.53962 7.61474 7.29872 13.6104 7.86981 9.18106 6.53552 6.49238 9.1405 6.37795 11.8323 9.74134 6.21641 5.77367 5.68679 5.2128 8.39916 6.15396 4.34482 4.85715 6.38151 5.60446 0.993502 0.0230773
threshold=0.45350000000000007 2.5010000000000003 0.70550000000000013 0.79800000000000015 1.5275000000000001 0.44900000000000007 509.50000000000006 0.44600000000000006 1.2620000000000002 0.63333333333333341 0.53100000000000014 5.5000000000000009 0.35000000000000003 12.500000000000002 0.75450000000000006 -6.4999999999999991 12.500000000000002 0.15000000000000002 1.1275000000000002 1.2035000000000002 0.72350000000000014 0.78050000000000008 1.8365000000000002 1.0165000000000002 4.4055000000000009 10.500000000000002 0.14400000000000002 0.54750000000000021 0.98350000000000015 2.4045000000000001
decision_type=2 2 2 2 2 2 2 2 2 2 2 2 2 2 2 2 2 2 2 2 2 2 2 2 2 2 2 2 2 2
left_child=8 2 3 4 -2 21 7 -4 9 13 12 -12 -11 14 -1 17 -17 -7 -5 -15 -8 22 -3 -23 25 26 -10 -27 -26 -30
right_child=1 5 6 18 -6 15 20 -9 24 10 11 -13 -14 19 -16 16 -18 -19 -20 -21 -22 23 -24 -25 28 27 -28 -29 29 -31
leaf_value=-0.03581632060338874 0.0022343259818612573 0.0018691293023853251 0.078326679808796762 -0.0010905997627031463 -0.0150745378247515 -0.011808416779232143 0.02810326445973646 0.00080785557082943657 0.042091167123267735 0.036450485177970317 0.068862309166765862 -0.036188561321830674 -0.037852891872909487 0.0028130700767272677 -0.0061550712369614468 -3.1257799744350194e-05 0.012339340685508925 -0.0013797287364654589 0.025085993000648583 -0.027265496381433631 0.011629383746364724 -0.011933604996481703 0.037749849501534226 0.041665890642702166 -0.0030581420415117513 -0.034078535561956384 -0.0077736607167787578 0.0041459406378007496 0.061325075665770085 0.053652716594968321
leaf_weight=28.243468714063056 225.05745452851988 110.57133418641752 3.2362418038537717 37.575313232140616 122.46668196283281 272.37875607074238 83.366613585676532 150.16372828744352 6.6508334567770353 3.1258343867957583 4.2992160432040674 4.0289793461561203 55.580314598977566 308.92794992309064 323.17348951101303 5854.7474598690751 199.89819534868002 1258.7215404103044 57.216712774476036 16.823099840432405 140.96735139511293 6.8604494198225465 19.132090141065419 24.406623612623662 0.84190571587532659 9.7801118791103345 181.83325038990006 491.74180299788713 1.4858084078878162 2.8795417856890708
leaf_count=230 1117 533 31 184 593 1254 423 726 33 16 22 18 300 1514 1572 28350 896 6527 266 106 688 38 107 122 17 44 957 2150 15 86
internal_value=-1.25339e-06 0.000420535 0.00537542 0.000115486 -0.00386528 -0.000103978 0.0115347 0.00244325 -0.00251155 -0.00595278 -0.0274439 0.0180412 -0.0338966 -0.00382532 -0.00853895 -0.000351904 0.000377166 -0.00323497 0.0147097 0.00125969 0.0177514 0.0115795 0.00716177 0.0299054 0.00117217 0.000828792 -0.00601413 0.00340053 0.0466729 0.0562641
internal_weight=10006.2 8566.77 820.05 442.316 347.524 7746.72 377.734 153.4 1439.42 744.202 67.0343 8.3282 58.7061 677.168 351.417 7585.75 6054.65 1531.1 94.792 325.751 224.334 160.97 129.703 31.2671 695.213 690.006 188.484 501.522 5.20726 4.36535
internal_count=48935 41855 4028 2160 1710 37827 1868 757 7080 3778 356 40 316 3422 1802 37027 29246 7781 450 1620 1111 800 640 160 3302 3184 990 2194 118 101
is_linear=0
shrinkage=0.05


Tree=155
num_leaves=20
num_cat=0
split_feature=13 14 11 30 15 13 17 33 33 7 17 39 3 4 30 43 40 4 4
split_gain=4.22622 4.46812 7.98959 7.06403 6.83449 6.58186 6.24905 5.98775 10.146 5.64792 6.11228 5.31211 6.02454 5.71376 3.80221 0.857727 0.395151 0.136206 0.00626521
threshold=3.4165000000000005 0.72900000000000009 42.500000000000007 1.3815000000000002 1.5095000000000003 0.71700000000000008 0.12250000000000001 0.33650000000000008 0.29950000000000004 0.13450000000000004 0.34900000000000003 2.7140000000000004 1.8545000000000003 0.40350000000000003 1.6450000000000002 0.70950000000000013 0.71350000000000013 1.7400000000000004 2.6125000000000003
decision_type=2 2 2 2 2 2 2 2 2 2 2 2 2 2 2 2 2 2 2
left_child=1 2 3 6 11 -5 -1 8 -6 -4 -11 13 -13 -3 -9 -2 -17 -18 -19
right_child=15 4 9 5 7 -7 -8 14 -10 10 -12 12 -14 -15 -16 16 17 18 -20
leaf_value=-0.062136582029937715 0.0013028859476210952 -0.011448005218763985 -0.068524397098299245 -0.034875015523598688 0.019181107375605494 0.00062774000879689399 -0.011777595000426404 0.059451325115309844 -0.057689155897270084 -0.011321738954970455 -0.066128274659170622 -0.0058125969383348167 0.0053219623337478796 0.0006552693219170825 0.0054154182750379351 0.027280081650271067 0.075287450991986263 0.058237513605203017 0.051479649909940708
leaf_weight=8.1710348855704051 0.84485273156314988 98.651244011707604 5.2513512521982184 13.421108550857751 25.91918145027012 478.07450721180066 25.033153322990984 11.456423664465548 5.1445882786065331 75.487980969250202 5.4547976255416861 652.79127389937639 149.26078668353148 8441.4202350177802 4.5477253212593487 0.87859641993418369 1.6166491555050018 0.5648998040705917 0.87299961759708822
leaf_count=88 21 982 23 349 159 2836 233 76 35 330 26 3002 910 39750 28 27 10 7 43
internal_value=-1.30034e-06 -2.3763e-05 -0.00416721 -0.00184964 0.000245824 -0.000341722 -0.0241702 0.0192509 0.00645033 -0.0182752 -0.0150152 0.000150072 -0.00374047 0.000515457 0.0440965 0.0470118 0.0568303 0.0653299 0.0541346
internal_weight=10004.9 10000.1 610.894 524.7 9389.19 491.496 33.2042 47.0679 31.0638 86.1941 80.9428 9342.12 802.052 8540.07 16.0041 4.778 3.93314 3.05455 1.4379
internal_count=48935 48827 3885 3506 44942 3185 321 298 194 379 356 44644 3912 40732 104 108 87 60 50
is_linear=0
shrinkage=0.05


Tree=156
num_leaves=30
num_cat=0
split_feature=25 3 9 10 13 39 39 3 7 19 2 11 13 24 4 28 3 6 3 39 25 17 4 1 14 30 27 8 11
split_gain=4.18353 8.82743 9.26264 9.30287 8.92303 7.65384 7.72409 6.12938 6.01733 9.53119 7.86191 5.08151 4.96332 12.8306 10.1192 8.65483 6.90254 6.8119 8.93324 8.01573 6.54041 4.79533 4.18715 5.07451 3.04789 2.95387 2.54156 4.55777 1.76367
threshold=513.50000000000011 0.87750000000000006 0.43900000000000006 5.5000000000000009 2.2040000000000006 2.5030000000000006 2.8350000000000004 2.4045000000000001 0.23200000000000004 1.9300000000000004 24.500000000000004 17.500000000000004 1.1060000000000001 3.8035000000000001 0.40350000000000003 0.18450000000000003 0.33900000000000002 0.49150000000000005 1.1520000000000001 2.4915000000000007 510.50000000000006 0.14550000000000002 1.1635000000000002 10.500000000000002 1.2830000000000001 1.4850000000000003 0.30650000000000005 0.12222222222222222 5.5000000000000009
decision_type=2 2 2 2 2 2 2 2 2 2 2 2 2 2 2 2 2 2 2 2 2 2 2 2 2 2 2 2 2
left_child=12 2 3 11 21 8 7 -7 9 -3 -10 -2 16 14 20 -16 26 18 -18 -19 -14 -4 23 -15 -5 -24 28 -28 -1
right_child=1 5 4 24 -6 6 -8 -9 10 -11 -12 -13 13 22 15 -17 17 19 -20 -21 -22 -23 25 -25 -26 -27 27 -29 -30
leaf_value=-0.051305957694896015 -0.046951970238241852 0.030133102250036337 -0.0040347601590928683 0.093275066142433388 0.056755381661719173 -0.0049491694864213327 0.055160112582215384 0.040678739518320448 -0.013084061946403828 -0.03438827303613131 0.031210030925224692 0.035444167923460904 -0.0081522092390160228 -0.012865440763968958 -0.0073179320391628493 0.0015156600322065211 -0.0024763895398600723 0.0055312083893459575 0.0038771861275414435 -0.005628616292462604 -0.052441305321474202 -0.029409950780690926 0.0014104272920406049 0.020228668890389989 0.028086811577058775 0.042716215252411198 0.1024532507428445 -0.053849321400288454 -0.018584612316008192
leaf_weight=9.7960026305518166 5.0281930468045157 48.555241888388991 24.197535961866379 3.7462897510267785 3.5761559903621665 511.30337080801837 5.5213536275550714 7.4678027885965994 37.593845663126558 6.4886266291141501 13.657237827777861 2.9802755266427994 20.611926041543484 15.155427096411584 292.49736056756228 5330.9497363595292 1127.5996006199857 189.21357620018534 1086.133140495047 1075.4600512257311 13.996222224086521 80.748655804432929 5.2829715113621232 49.144461138173938 3.4391753040254116 23.949662300758064 0.92856171401217469 0.93708300963044167 7.1048438409343353
leaf_count=378 44 230 119 26 18 2413 31 80 178 33 59 14 127 151 1347 24404 6040 1010 4838 5836 83 447 102 355 17 436 17 34 68
internal_value=-1.26465e-06 -0.00358176 -0.0157934 0.0207702 -0.0209126 -0.00118594 -0.00366625 -0.00429235 0.011048 0.0225273 -0.0012807 -0.016289 0.000290751 0.00119394 0.000890309 0.00105619 -0.00119467 -0.00103151 0.000640892 -0.00395894 -0.0260636 -0.0235592 0.0195615 0.0124284 0.062074 0.0352514 -0.0314369 0.023945 -0.0375504
internal_weight=10003.1 754.304 123.716 15.1939 108.522 630.587 524.293 518.771 106.295 55.0439 51.2511 8.00847 9248.76 5751.59 5658.06 5623.45 3497.17 3478.41 2213.73 1264.67 34.6081 104.946 93.5325 64.2999 7.18547 29.2326 18.7665 1.86564 16.9008
internal_count=48935 3709 685 101 584 3024 2524 2493 500 263 237 58 45226 27005 25961 25751 18221 17724 10878 6846 210 566 1044 506 43 538 497 51 446
is_linear=0
shrinkage=0.05


Tree=157
num_leaves=31
num_cat=0
split_feature=14 18 16 3 7 10 21 15 20 14 39 4 41 3 6 8 16 21 41 41 17 6 14 15 23 23 39 36 41 14
split_gain=4.18526 6.84501 7.36597 12.969 11.6678 10.9569 11.2584 8.34994 6.52046 6.46332 7.42246 9.83898 6.1402 5.80519 11.9231 10.1301 10.8677 9.76467 15.0656 9.75127 9.61329 8.98 7.5305 7.31272 7.11134 6.32801 6.0642 5.07457 9.74026 6.1243
threshold=1.2155000000000002 0.74166666666666681 0.57800000000000007 0.7965000000000001 0.18650000000000003 1.5000000000000002 -33.499999999999993 0.58450000000000013 11.500000000000002 0.55800000000000016 2.5650000000000008 0.40350000000000003 0.50700000000000012 1.1695000000000002 0.41300000000000003 0.56944444444444453 0.10400000000000001 3.5000000000000004 0.45100000000000007 0.51550000000000018 0.35500000000000004 0.39000000000000007 1.9835000000000003 -1.4914999999999998 -0.16699999999999993 0.58100000000000018 2.7140000000000004 0.35900000000000004 0.48650000000000004 0.50950000000000017
decision_type=2 2 2 2 2 2 2 2 2 2 2 2 2 2 2 2 2 2 2 2 2 2 2 2 2 2 2 2 2 2
left_child=1 9 3 4 -3 7 -7 -4 -5 27 11 -11 -12 17 20 16 -16 23 24 -17 21 -15 -22 -2 -19 -20 -25 28 -1 -29
right_child=13 2 5 8 -6 6 -8 -9 -10 10 12 -13 -14 14 15 19 -18 18 25 -21 22 -23 -24 26 -26 -27 -28 29 -30 -31
leaf_value=-0.030768198250383089 -0.031335645532870202 -0.01140294606067084 0.073917894227449682 0.0031152721152754217 0.053650158408514947 -0.075357020879817271 -0.0052328032000503299 0.005789313829580184 0.042732497002320242 -0.040416189886656302 -0.0061304391873668249 0.0011946059754688121 -0.00029226322087878007 0.0064033193668621953 0.016264766121716148 0.00049780269560962956 -0.0063079512460385984 -0.065341330548785673 -0.002316634571431895 0.010054583996943379 -0.0077331424848260596 0.019657402003796693 0.032981556806540739 0.0021051425436379098 -0.021346380530798677 -0.034231073785001044 -0.0079349017366854135 -0.012467594697510475 0.067154823931366223 -0.048151686642379614
leaf_weight=4.9348226268193667 17.571498781442642 9.155018635094164 4.5667642951011649 185.87462791288272 27.893793980183546 5.8324283361434928 307.19554714858532 296.242132358253 11.000722199678419 14.337488985620437 1148.7753551132046 1551.4823652477935 740.78876038594171 706.73492981516756 57.793144042603672 1294.0954248418566 689.30284703476354 10.625963069498537 419.47000780887902 336.27839459641837 146.66314354538918 156.00581619143486 12.310184997040777 1488.4487119591795 67.739848803728819 16.129441205412149 167.3030599579215 86.046780803764705 5.2316779226530343 13.977070078253744
leaf_count=55 125 41 21 812 130 24 1808 1467 48 189 5431 7365 3509 3348 359 6641 3119 52 1970 1799 664 714 152 6867 334 95 768 892 57 79
internal_value=-1.22775e-06 -0.00115208 0.00288625 0.0104361 0.0375751 9.11644e-06 -0.00653938 0.00682362 0.00532895 -0.00211225 -0.0017321 0.000813595 -0.00384163 0.000907953 0.00220088 0.000259623 -0.00456179 -0.00110134 -0.00712928 0.00246897 0.00671808 0.0088 -0.00458038 0.000750153 -0.0273118 -0.00349837 0.00109066 -0.0140332 0.019623 -0.017454
internal_weight=9999.81 4413.34 847.761 233.924 37.0488 613.837 313.028 300.809 196.875 3565.57 3455.38 1565.82 1889.56 5586.47 3399.18 2377.47 747.096 2187.29 513.965 1630.37 1021.71 862.741 158.973 1673.32 78.3658 435.599 1655.75 110.19 10.1665 100.024
internal_count=48935 21928 4351 1031 171 3320 1832 1488 860 17577 16494 7554 8940 27007 16796 11918 3478 10211 2451 8440 4878 4062 816 7760 386 2065 7635 1083 112 971
is_linear=0
shrinkage=0.05


Tree=158
num_leaves=21
num_cat=0
split_feature=3 4 7 17 9 5 13 11 15 22 22 23 34 28 40 24 24 4 21 13
split_gain=4.13784 4.916 4.22723 12.7775 9.83106 8.96967 6.41269 6.07103 4.07105 6.34962 4.46262 3.73648 3.07468 2.88805 0.941739 0.664806 0.00392256 0.00116424 0.000667486 4.22107e-05
threshold=3.0625000000000004 1.0000000180025095e-35 0.36550000000000005 0.070000000000000021 1.6545000000000003 -1.2709999999999997 1.0000000180025095e-35 6.5000000000000009 -0.67299999999999993 0.87777777777777788 0.63333333333333353 2.0500000000000003 0.37500000000000006 0.17150000000000001 0.70200000000000007 4.3335000000000008 6.1000000000000005 0.59650000000000014 5.5000000000000009 0.98350000000000015
decision_type=2 2 2 2 2 2 2 2 2 2 2 2 2 2 2 2 2 2 2 2
left_child=1 8 6 5 -5 -4 13 -8 9 10 -1 -11 -10 -3 -2 -14 17 -16 19 -18
right_child=14 2 3 4 -6 -7 7 -9 12 11 -12 -13 15 -15 16 -17 18 -19 -20 -21
leaf_value=-0.029320382931407415 -0.0091890446047630421 -0.0028110394325764876 0.083829372529673804 -0.0018852089587778984 -0.013317077363916841 0.010873719204569948 0.004478868940173973 5.0120822813904536e-05 0.0487671073854632 -0.053791034835122681 0.054331697946983275 0.012440391852454921 -0.055570127764407132 -0.050947686312254471 0.055504695328476905 -0.10022411032582511 0.051147611911423009 0.053315440670700293 0.053109569940457568 0.050628936668901336
leaf_weight=2.361983551178132 0.70383821590803464 4.8311160523444405 4.3890490531921378 1005.3353584825527 231.33999035065062 105.07598205236718 859.71256099338643 7745.3385275416076 0.69248021894600142 7.1426081992685795 4.9054980571381748 3.0340465037152171 6.2248819617670961 8.7768604177981597 1.1716329120099547 0.96238049864768971 0.94112167973071359 1.2607608260586856 0.44976240955293167 0.67259228823240846
leaf_count=81 16 37 26 5340 1169 597 5637 35114 10 304 39 80 213 88 16 4 47 32 10 75
internal_value=-1.34844e-06 -2.45578e-05 3.13563e-05 -0.00257443 -0.00402372 0.0137989 0.000438351 0.000492588 -0.0220264 -0.00855266 0.0271442 -0.0340449 -0.0518546 -0.0338582 0.0445904 -0.0615493 0.0530097 0.05437 0.0514062 0.0509314
internal_weight=9995.32 9990.12 9964.8 1346.14 1236.68 109.465 8618.66 8605.05 25.3239 17.4441 7.26748 10.1767 7.87974 13.608 5.19971 7.18726 4.49587 2.43239 2.06348 1.61371
internal_count=48935 48739 48008 7132 6509 623 40876 40751 731 504 120 384 227 125 196 217 180 48 132 122
is_linear=0
shrinkage=0.05


Tree=159
num_leaves=28
num_cat=0
split_feature=3 9 13 24 36 20 3 7 17 1 33 6 9 19 14 23 18 41 41 1 23 19 33 31 13 9 4
split_gain=3.93515 6.17558 7.98305 7.38087 6.28596 8.33139 6.71969 6.022 10.7898 10.1125 5.59797 5.16599 8.36577 6.80907 6.02212 7.50745 5.37953 5.24204 4.82465 4.46117 4.04174 3.97702 5.5924 2.89275 2.2332 1.55432 0.817023
threshold=0.71700000000000008 0.76600000000000013 0.60350000000000004 1.2565000000000002 0.31750000000000006 -9.4999999999999982 0.82700000000000007 0.36550000000000005 0.14550000000000002 9.5000000000000018 0.40600000000000008 0.37250000000000005 1.1960000000000002 1.6545000000000003 1.2745000000000002 -0.74749999999999983 0.12222222222222222 0.50300000000000011 0.54300000000000015 8.5000000000000018 -0.40649999999999992 1.8835000000000002 0.28250000000000003 0.76000000000000012 0.44600000000000006 1.2890000000000004 0.54750000000000021
decision_type=2 2 2 2 2 2 2 2 2 2 2 2 2 2 2 2 2 2 2 2 2 2 2 2 2 2 2
left_child=11 2 19 23 5 -3 -7 9 -9 -6 -5 12 16 25 15 -14 17 -1 -18 24 -16 -15 -23 -4 -2 -13 -27
right_child=1 4 3 10 7 6 -8 8 -10 -11 -12 13 14 21 20 -17 18 -19 -20 -21 -22 22 -24 -25 -26 26 -28
leaf_value=-0.044946126617373822 -0.018751478543597929 -0.053266684986308134 -0.012458382234471425 0.0077644075750691252 0.005793720816399086 -0.034730701670136692 0.028260272108459619 0.0064200728345612306 -0.0061081635278813079 -0.00027878528292230606 -0.015207494853487694 -0.014255493333645336 0.019505707532891086 0.06914344071517832 -0.026716521492291492 0.10011354412423951 -0.0022394025622229914 0.0078322579348339243 -0.028790474361094821 0.0063154079916697432 0.032906860866072071 -0.064538765171066381 0.045539922783834764 -0.066293574038161468 -0.066941625275195177 -0.027445580790925014 -0.063917735515729851
leaf_weight=14.739540075883271 3.7953189089894277 3.9210617006756356 5.6148048713803274 574.42829491221346 764.87832508783322 4.6675039529800406 45.56652573030442 214.07158485334367 871.55583249265328 6613.4498549345881 27.803830986144021 2.5680430755019215 7.3133025430142879 2.123471498489379 6.1738566718995571 4.7742096395231801 764.57158547727158 6.910343760624527 17.501331002975348 5.5395830720663062 5.2672998663037998 2.4871118408627808 2.1522646653465927 4.4912135824561119 6.5584586849436164 1.8587016989476968 8.8306937832385284
leaf_count=99 26 21 33 2899 5025 28 230 1046 4466 29714 156 14 47 13 37 63 4537 40 108 30 44 29 22 23 52 58 75
internal_value=-1.35366e-06 0.000300626 0.00508469 0.00599273 -5.22107e-05 0.0169283 0.0224075 -0.000160858 -0.00363776 0.000350724 0.00670384 -0.00326124 -0.00265387 -0.0283581 0.0267334 0.0513434 -0.00351417 -0.0281 -0.00283357 -0.0299003 0.000732997 0.0124686 -0.0134719 -0.0363833 -0.0492769 -0.0491844 -0.0575759
internal_weight=9993.61 9146.34 628.232 612.338 8518.11 54.1551 50.234 8463.96 1085.63 7378.33 602.232 847.272 827.251 20.0203 23.5287 12.0875 803.723 21.6499 782.073 15.8934 11.4412 6.76285 4.63938 10.106 10.3538 13.2574 10.6894
internal_count=48935 43749 3219 3111 40530 279 258 40251 5512 34739 3055 5186 4975 211 191 110 4784 139 4645 108 81 64 51 56 78 147 133
is_linear=0
shrinkage=0.05


Tree=160
num_leaves=21
num_cat=0
split_feature=3 4 25 3 9 44 21 13 15 22 42 23 31 40 20 14 4 18 21 13
split_gain=3.87345 4.63022 3.98533 7.9407 8.35679 6.45281 4.86785 4.21525 3.81146 5.84562 4.2491 3.52028 2.7528 0.92655 0.50314 0.00359721 0.00108832 0.000864535 9.78996e-05 3.62673e-05
threshold=3.0625000000000004 1.0000000180025095e-35 513.50000000000011 0.87750000000000006 0.43900000000000006 0.48000000000000004 41.500000000000007 1.4915000000000003 -0.67299999999999993 0.87777777777777788 0.27750000000000008 2.0500000000000003 0.82300000000000006 0.70200000000000007 -2.4999999999999996 3.3665000000000007 0.46450000000000008 0.14999999999999999 3.5000000000000004 0.98350000000000015
decision_type=2 2 2 2 2 2 2 2 2 2 2 2 2 2 2 2 2 2 2 2
left_child=1 8 6 4 -4 -5 7 -3 9 10 -1 -11 14 -2 -10 16 -15 -18 19 -17
right_child=13 2 3 5 -6 -7 -8 -9 12 11 -12 -13 -14 15 -16 18 17 -19 -20 -21
leaf_value=-0.002973726172460613 -0.0089987730872583358 -0.00042044234945751445 0.019571306657059875 0.0058549716761837588 -0.020014790676209204 -0.004842797976008454 -0.038490336739314679 0.0018364884581407699 -0.065334453426940331 -0.053189038047501927 0.076575550756812036 0.011695702542455803 0.041540755408537265 0.055487671139853902 -0.02220782038786372 0.050976474547911599 0.054685552843396261 0.052450180878224166 0.051691831002414146 0.050410779977147761
leaf_weight=4.7102565867826387 0.70542720519006152 6062.8844634175766 15.219337617512791 213.76747476076707 107.50596626894549 413.88664384651929 8.0741898715496045 3140.4543260546634 6.1755188896786422 6.9066397757269442 2.6081863259896636 2.9977281559258699 0.72881559678353358 0.82782289013266597 0.75946874258806829 0.79122402332723119 0.69952687248587597 1.1332663996145127 0.38003022782504547 0.44138356787152588
leaf_count=85 16 29203 101 1011 575 1965 36 15117 82 304 35 80 14 11 131 44 11 37 13 64
internal_value=-1.62277e-06 -2.36037e-05 3.02077e-05 -0.00347373 -0.0151057 -0.00119933 0.000315645 0.00034969 -0.0215636 -0.00851085 0.0253765 -0.0335505 -0.050897 0.0440897 -0.0606115 0.0528536 0.053983 0.0533034 0.0509902 0.0507739
internal_weight=9991.66 9986.68 9961.79 750.379 122.725 627.654 9211.41 9203.34 24.8866 17.2228 7.31844 9.90437 7.6638 4.97868 6.93499 4.27325 2.66062 1.83279 1.61264 1.23261
internal_count=48935 48739 48008 3652 676 2976 44356 44320 731 504 120 384 227 196 213 180 59 48 121 108
is_linear=0
shrinkage=0.05


Tree=161
num_leaves=28
num_cat=0
split_feature=14 15 7 3 24 6 21 9 15 19 5 42 39 14 6 8 18 16 22 15 15 14 30 21 32 20 25
split_gain=3.87403 6.41509 6.03039 5.5941 18.024 10.9037 10.2436 9.07952 11.014 12.7392 10.9069 9.04087 7.99256 7.19934 6.9715 6.41272 5.36791 6.88575 5.60663 4.57566 4.38504 4.12761 3.68729 3.02246 2.74015 1.84677 2.30972
threshold=1.2155000000000002 -0.67299999999999993 0.62000000000000011 1.5895000000000004 2.9295000000000004 0.42600000000000005 7.5000000000000009 1.6450000000000002 -1.0409999999999997 0.34050000000000008 0.64850000000000019 0.31400000000000006 2.5625000000000004 1.8305000000000002 0.46300000000000008 0.25833333333333336 0.74166666666666681 0.57800000000000007 0.5916666666666669 -0.45249999999999996 0.85950000000000004 0.88350000000000006 1.6105000000000003 19.500000000000004 0.39250000000000007 -11.499999999999998 506.50000000000006
decision_type=2 2 2 2 2 2 2 2 2 2 2 2 2 2 2 2 2 2 2 2 2 2 2 2 2 2 2
left_child=1 22 16 7 6 13 14 10 12 -10 11 -2 -9 -6 -5 -7 18 -18 -3 -12 24 -22 25 -8 -4 -1 -27
right_child=3 2 20 4 5 15 23 8 9 -11 19 -13 -14 -15 -16 -17 17 -19 -20 -21 21 -23 -24 -25 -26 26 -28
leaf_value=-0.086289115317132736 0.00133103230214251 -0.0020000713377558779 -0.0046659586888441965 -0.016005396531636067 0.0091543304218862972 -0.042523242365665681 0.047855527974954827 -0.039558257941841188 0.049393146106862129 -0.0040037640309651895 0.076018508949882588 -0.011244217240684825 -0.0091727073675127568 0.034821672832371635 0.035939421006259041 0.0012771100855467003 0.010039356890669111 -5.9147675774144008e-05 0.011526592586503598 0.01323569160274325 -0.022478536374429339 0.035311993188425317 0.04413273192671608 0.092440088949986704 -0.046948825643562557 0.01570478037813337 -0.046662029753694066
leaf_weight=2.1546999271959058 3165.8657685494982 3443.5394637498539 5.0925773715716813 12.281199149787428 121.6341393222101 8.4075000751763564 18.93846391141415 37.130476009100676 11.398031582124529 558.14734901860356 6.7112801000475883 149.68563773110509 51.880735646933317 35.232769339461811 13.625553935766218 1379.0104594345903 233.72652305662632 607.67936753900722 78.34851492755115 5.1131147444248182 7.6877706665545684 5.1660117655992508 1.3051942219026376 4.7558817863464347 15.475020780519115 1.818379446864127 8.0861608432605845
leaf_count=12 14510 16422 123 54 629 45 78 179 61 2417 31 686 245 380 57 7593 1023 3281 359 22 53 25 24 20 358 37 211
internal_value=-1.62267e-06 -0.00110916 -0.00100402 0.000873733 0.00337731 0.00242441 0.0330451 -0.000127393 -0.00549142 -0.00293516 0.000934258 0.000763303 -0.0218479 0.0149193 0.0113148 0.00101169 -0.000841958 0.00274602 -0.00169915 0.0488699 -0.022162 0.000747822 -0.0356981 0.0568045 -0.0364795 -0.0443383 -0.0352121
internal_weight=9989.9 4410.08 4396.72 5579.82 1593.89 1544.28 49.6011 3985.93 658.557 569.545 3327.38 3315.55 89.0112 156.867 25.9068 1387.42 4363.29 841.406 3521.89 11.8244 33.4214 12.8538 13.3644 23.6943 20.5676 12.0592 9.90454
internal_count=48935 21928 21644 27007 8856 8647 209 18151 2902 2478 15249 15196 424 1009 111 7638 21085 4304 16781 53 559 78 284 98 481 260 248
is_linear=0
shrinkage=0.05


Tree=162
num_leaves=31
num_cat=0
split_feature=41 39 44 25 44 36 40 40 2 4 9 10 9 30 27 26 17 14 31 1 16 44 44 1 13 13 4 30 9 27
split_gain=3.87481 7.67497 8.36507 7.66473 8.04824 7.0605 6.777 9.2791 6.78936 6.36883 6.34986 6.22974 5.94469 9.95476 10.1703 8.26497 6.6721 6.22233 7.47734 6.11592 5.84904 6.09297 5.80956 5.21716 5.01075 4.95181 5.82514 5.31494 4.71354 3.85157
threshold=0.45350000000000007 2.5190000000000006 0.44900000000000007 505.50000000000006 0.44900000000000007 0.33700000000000008 0.71500000000000008 0.72800000000000009 23.500000000000004 1.3690000000000004 2.2155000000000005 15.500000000000002 2.0375000000000001 1.4935000000000003 0.25150000000000006 0.63600000000000012 0.13700000000000004 2.1130000000000009 0.67300000000000015 11.500000000000002 0.79600000000000015 0.49050000000000005 0.42450000000000004 22.500000000000004 1.3390000000000002 1.9355000000000002 1.1225000000000003 1.4955000000000003 2.3585000000000007 0.21150000000000002
decision_type=2 2 2 2 2 2 2 2 2 2 2 2 2 2 2 2 2 2 2 2 2 2 2 2 2 2 2 2 2 2
left_child=12 3 25 4 23 9 8 -8 -4 -5 -7 -6 17 14 28 16 -15 20 -19 -20 21 -1 -17 -2 -16 27 -27 -3 -14 -22
right_child=1 2 6 5 11 10 7 -9 -10 -11 -12 -13 13 15 24 22 -18 18 19 -21 29 -23 -24 -25 -26 26 -28 -29 -30 -31
leaf_value=-0.00071346824969391429 0.060232657403142459 0.019088989115285154 -0.0073740072335507214 -0.029551107391046966 -0.016122269105671144 0.0066136716832279445 0.0049344433162876412 -0.00070724697485146217 0.0033357549179067513 0.013146950940906295 -0.0088154760220896643 0.035944216631958806 -0.022281686505538661 0.057000369430672507 -0.0012786681296677246 -0.064569555021148736 0.017884445791564819 -0.081978767178946352 0.01099831614445361 -0.042536020782991624 0.0026498211684970602 -0.0093216184735412291 0.0026119533859739613 -0.0068107320186112184 0.064194821165067958 -0.0089520975600930388 0.061234669944836263 -9.2958655198282334e-05 -0.075704736028530561 -0.043655718522717199
leaf_weight=1001.7492703670869 6.5734056610381213 64.447737801587209 616.3836418397841 26.916052609914914 96.422591925656889 1124.4737834296538 842.84334371745354 5387.9649471245939 194.73392980545759 12.92819659039378 70.887555527035147 6.1090372297912827 12.237395482137801 13.855504346778615 12.890563084045427 3.725091687403622 51.137449458241463 5.0738113010302213 11.216635485179724 10.174275770783423 6.5370342936366823 258.63951298524626 23.638572555035353 5.1950786784291267 3.7788532627746454 4.2732484750449649 9.5917394929565472 82.134941669297405 6.2312751496210685 14.345346622401847
leaf_count=4780 37 328 3128 158 458 5417 4194 26248 854 63 445 30 58 125 93 19 244 25 85 50 50 1225 120 23 22 20 56 396 54 130
internal_value=-1.61694e-06 0.000401848 -0.000246529 0.00386226 -0.00852506 0.00500853 -0.000503739 5.59062e-05 -0.0048028 -0.0156969 0.00569869 -0.01302 -0.00240568 0.00790027 -0.0147506 0.016518 0.0262234 -0.00341043 -0.0274083 -0.0144645 -0.00291475 -0.00247991 -0.00653365 0.030637 0.0135638 0.0110422 0.0396028 0.00834073 -0.0403065 -0.0291602
internal_weight=9987.11 8551.88 7202.37 1349.51 114.3 1235.21 7041.93 6230.81 811.118 39.8442 1195.36 102.532 1435.23 127.495 35.1381 92.3566 64.993 1307.74 26.4647 21.3909 1281.27 1260.39 27.3637 11.7685 16.6694 160.448 13.865 146.583 18.4687 20.8824
internal_count=48935 41855 35224 6631 548 6083 34424 30442 3982 221 5862 488 7080 735 227 508 369 6345 160 135 6185 6005 139 60 115 800 76 724 112 180
is_linear=0
shrinkage=0.05


Tree=163
num_leaves=18
num_cat=0
split_feature=13 14 2 18 18 26 21 26 18 19 4 22 42 43 42 4 22
split_gain=3.84573 4.16756 5.93941 5.26404 15.896 13.6775 8.67316 11.7262 8.11265 7.92403 4.6783 6.07272 1.83252 0.840815 0.333702 0.0958829 0.00386091
threshold=3.4165000000000005 0.40450000000000003 13.500000000000002 0.78888888888888908 0.70000000000000007 0.46950000000000003 -29.499999999999996 0.11250000000000002 0.59166666666666679 2.0850000000000004 2.5770000000000004 -0.92499999999999982 0.26250000000000007 0.70950000000000013 0.25150000000000006 1.7400000000000004 -0.81666666666666654
decision_type=2 2 2 2 2 2 2 2 2 2 2 2 2 2 2 2 2
left_child=1 2 10 4 8 -6 9 -8 -3 -5 11 -1 -12 -2 -15 -16 -17
right_child=13 3 -4 6 5 -7 7 -9 -10 -11 12 -13 -14 14 15 16 -18
leaf_value=-0.055099115754243921 0.00028719600325419724 -0.00061067852952504016 0.081883746835632293 -0.042412616376917268 -0.0073619868438477652 -0.041453276122164283 0.033224036065351591 0.0036996208838508109 0.0032274430698345162 -0.0015391237024461992 0.064703244331751411 -0.010808571202083842 0.0082016922110966176 0.03202751296813533 0.073179458327077285 0.051341825613257813 0.057150740375732173
leaf_weight=8.6049416433088464 0.83419723086990316 6872.3475576019264 1.7063737735152233 18.497065246105194 357.64579936536029 32.058303728699684 35.070823462679982 818.95707838190719 1721.7030722051859 33.03561782091856 2.3585721924901 76.932179543247912 3.6649705860763788 1.0625844353344294 1.5568808843381705 0.59716112271416943 0.54905076697468724
leaf_count=211 21 33627 11 77 1652 153 161 3913 8028 141 44 771 38 36 10 32 9
internal_value=-1.53713e-06 -2.25986e-05 -0.0105424 7.66148e-05 -0.000289634 -0.0101664 0.00371004 0.00491205 0.000158238 -0.0162102 -0.0122649 -0.0152642 0.0303254 0.0457059 0.0557673 0.0650994 0.0541244
internal_weight=9987.18 9982.58 93.267 9889.32 8983.75 389.704 905.561 854.028 8594.05 51.5327 91.5607 85.5371 6.02354 4.59987 3.76568 2.70309 1.14621
internal_count=48935 48827 1075 47752 43460 1805 4292 4074 41655 218 1064 982 82 108 87 51 41
is_linear=0
shrinkage=0.05


Tree=164
num_leaves=24
num_cat=0
split_feature=39 40 31 10 10 27 33 22 10 36 31 9 21 41 14 18 19 10 15 27 39 6 11
split_gain=3.70535 4.54076 5.86846 5.3471 8.74007 6.80842 4.90186 8.34164 7.53627 4.52433 4.95379 5.51704 5.8746 4.75788 4.41808 6.62426 7.15385 6.64469 6.09017 8.80171 4.53895 4.26772 4.26249
threshold=2.3915000000000002 0.68100000000000016 0.74500000000000011 14.500000000000002 11.500000000000002 0.26500000000000007 0.31400000000000006 -0.29999999999999988 4.5000000000000009 0.62700000000000011 0.81100000000000017 0.7380000000000001 -6.4999999999999991 0.43550000000000005 1.1775000000000002 0.74166666666666681 1.7805000000000002 14.500000000000002 0.52500000000000013 0.24600000000000002 2.7140000000000004 0.10600000000000001 20.500000000000004
decision_type=2 2 2 2 2 2 2 2 2 2 2 2 2 2 2 2 2 2 2 2 2 2 2
left_child=9 2 3 4 -2 -5 8 -8 -4 10 11 21 -13 -12 15 17 -17 -3 20 -20 -16 -1 -15
right_child=1 14 6 5 -6 -7 7 -9 -10 -11 13 12 -14 22 18 16 -18 -19 19 -21 -22 -23 -24
leaf_value=0.010730554177479111 0.0097189011399664987 -0.0025365031653706662 0.0057350958086930621 0.073164027891446576 -0.031689751251297929 -0.008162132189258306 -0.05645566552050954 0.0029326097076705689 -0.046238199933934909 0.049121676286131011 -0.058421025027080548 0.033313808618537798 0.0063151515860427505 -0.032420414501380931 0.00096005722331457283 0.015287694838176484 0.00098374353049429631 0.023975947754510094 0.0024099760594416529 0.020761211553131691 -0.0039389292586769868 -0.055223467727786461 0.031661813550287035
leaf_weight=4.3662775955162925 38.267031276482157 3076.2540249220328 9.5909103378653509 5.4844050183892232 19.105061918729916 4.8487334791570902 7.0825792821124187 35.798312142025679 25.571215886622667 6.3645233232527962 5.4027794525027266 26.102929152548313 88.318614731659181 5.2198910117149335 4955.9293653065106 100.08072248531971 690.49593677464873 23.815732180140913 233.49507232906763 90.728329342091456 522.66914986027405 5.5966880321502686 5.1602336317300797
leaf_count=32 192 15283 45 27 92 26 38 170 122 30 26 118 434 30 23725 439 3638 167 1209 473 2569 28 22
internal_value=-1.49021e-06 -0.000119029 -0.00887879 0.00189297 -0.00407029 0.0350024 -0.0182237 -0.00687647 -0.0320618 0.0078909 0.00601875 0.00936706 0.0124743 -0.0203692 1.26805e-05 -0.00129095 0.00279451 -0.00233283 0.000886735 0.00754525 0.000492684 -0.0263191 -0.000563449
internal_weight=9985.75 9839.22 145.748 67.7052 57.3721 10.3331 78.043 42.8809 35.1621 146.532 140.167 124.385 114.422 15.7829 9693.47 3890.65 790.577 3100.07 5802.82 324.223 5478.6 9.96297 10.3801
internal_count=48935 48215 712 337 284 53 375 208 167 720 690 612 552 78 47503 19527 4077 15450 27976 1682 26294 60 52
is_linear=0
shrinkage=0.05


Tree=165
num_leaves=23
num_cat=0
split_feature=3 9 9 36 41 31 5 28 26 41 5 23 30 15 14 5 3 9 44 32 24 3
split_gain=3.68042 9.54279 9.31447 7.59881 10.4889 7.45236 7.09112 6.5881 9.98059 7.89624 6.39085 6.14645 9.2807 5.93377 6.37279 5.75543 5.7191 5.62501 6.71883 2.4515 0.841476 0.0551927
threshold=0.96250000000000002 0.84800000000000009 1.7230000000000001 0.52050000000000007 0.42850000000000005 0.75450000000000006 -0.8909999999999999 0.37300000000000005 0.29650000000000004 0.51450000000000007 -0.18649999999999997 -1.0584999999999998 1.5990000000000004 -1.6199999999999999 0.93550000000000011 -0.8304999999999999 0.81950000000000001 0.88700000000000012 0.45750000000000007 0.51950000000000018 2.5665000000000004 0.87250000000000016
decision_type=2 2 2 2 2 2 2 2 2 2 2 2 2 2 2 2 2 2 2 2 2 2
left_child=2 10 3 7 16 -6 17 9 -9 -1 13 12 -8 -2 -15 -13 -5 -3 -19 20 21 -4
right_child=1 6 19 4 5 -7 11 8 -10 -11 -12 15 -14 14 -16 -17 -18 18 -20 -21 -22 -23
leaf_value=-0.008859453317889671 -0.054975669143757983 -0.023056694964919845 -0.058450847244960726 -0.016341803960065671 -0.02251708793375954 -0.0028964593670169469 0.022016895262187738 -0.00029730373257155708 0.011325317645297806 0.0085985742493746332 0.065412028654456902 -0.022974810424551951 -0.015102477644170321 -0.0035973888743716272 0.012289690590465977 -7.4407971870503272e-05 -0.068474583179164883 0.073515444784447284 0.016594696252751642 0.0035630401868601991 -0.028357478582401292 -0.066786163238316917
leaf_weight=354.95911270618672 3.7274474240839472 7.6643877625465384 4.7479027556255442 10.630375403910877 57.037627663637977 319.42324172332883 68.675907582044601 1357.3303315232624 213.8040778960567 79.225794070574921 4.8761720173060885 27.544104509055614 22.309304975904524 83.238199817016721 261.19294366729446 7035.5563707475085 10.414743959903715 5.8090011253952971 48.210640413686633 2.216972805093973 2.4183984398841849 3.4140532128512859
leaf_count=2123 23 37 65 63 283 1608 327 6696 1105 437 23 125 112 412 1541 33549 46 35 266 25 14 20
internal_value=-1.45303e-06 0.00054087 -0.0017007 -0.00147411 -0.00778952 -0.00586918 0.00014817 -0.000222236 0.00128433 -0.00567388 0.00856738 2.62541e-06 0.0129153 0.00777123 0.00845028 -0.000163713 -0.0421411 0.0170283 0.0227157 -0.0442445 -0.0542619 -0.0619374
internal_weight=9984.43 7568.8 2415.62 2402.83 397.506 376.461 7215.77 2005.32 1571.13 434.185 353.035 7154.09 90.9852 348.159 344.431 7063.1 21.0451 61.684 54.0196 12.7973 10.5804 8.16196
internal_count=48935 36450 12485 12361 2000 1891 34451 10361 7801 2560 1999 34113 439 1976 1953 33674 109 338 301 124 99 85
is_linear=0
shrinkage=0.05


Tree=166
num_leaves=23
num_cat=0
split_feature=3 39 42 40 40 40 42 41 41 7 21 19 23 39 3 19 40 14 18 24 21 23
split_gain=3.65253 3.6054 8.55198 8.62012 8.77926 7.80947 6.57984 6.76887 13.9054 7.15476 4.97604 6.28401 6.16753 4.83506 6.8543 6.22562 0.907315 0.00310944 0.000923423 0.000812266 8.2543e-05 2.07371e-05
threshold=3.0625000000000004 2.5845000000000007 0.25150000000000006 0.71650000000000003 0.69900000000000007 0.72800000000000009 0.28950000000000004 0.46950000000000003 0.47250000000000003 0.097500000000000017 15.500000000000002 1.0930000000000002 1.2540000000000002 2.5555000000000003 1.9300000000000004 0.54000000000000015 0.70200000000000007 3.3665000000000007 0.14999999999999999 5.041500000000001 3.5000000000000004 3.1665000000000005
decision_type=2 2 2 2 2 2 2 2 2 2 2 2 2 2 2 2 2 2 2 2 2 2
left_child=1 6 10 4 -4 -5 7 9 -9 -1 12 -12 -3 15 -15 -8 -2 18 -18 -20 21 -19
right_child=16 2 3 5 -6 -7 13 8 -10 -11 11 -13 -14 14 -16 -17 17 20 19 -21 -22 -23
leaf_value=0.0066059692466599448 -0.0086279321476228667 -0.0054614468521373468 0.0099141319206839298 0.0075758303813872989 -0.01324467547480372 -0.00047271697869544183 -0.10519788690950847 0.014133256712878484 0.0018292025940766987 -0.0013203150208341667 -0.033107120554905903 0.028865680371399801 -0.057356476990933991 -0.0076869108021159543 0.038638770791863022 -0.019179632459146709 0.054954886363983525 0.050387688564698531 0.05417326073423126 0.051865619135387855 0.051602506995360946 0.050863865145280088
leaf_weight=321.86266358033754 0.70720772258937259 306.48618354834616 50.081115917302668 326.23671513336012 223.78137865802273 3956.954095838184 2.2158717345446339 261.60963564051781 1878.488501852029 2466.1851490957779 33.539766307920218 4.6586463749408713 5.8343072216957799 89.278020687866956 8.7689827189315093 41.477628782799002 1.0188942952081563 0.31074730271939166 0.75704522384330608 0.76835993817076087 0.36087386310100544 0.86531705129891634
leaf_count=1992 16 1430 240 1646 1135 19271 17 1327 9094 11689 149 21 46 422 55 205 15 49 15 29 13 59
internal_value=-1.42817e-06 -2.23809e-05 -0.000988438 -0.000409564 -0.00900963 0.000140315 0.000912747 0.00121823 0.00333327 -0.000405275 -0.0085143 -0.025549 -0.00643087 -0.00970845 -0.0035437 -0.023542 0.0436567 0.0527167 0.0537894 0.0530109 0.050941 0.050738
internal_weight=9982.25 9977.46 4907.57 4557.05 273.862 4283.19 5069.89 4928.15 2140.1 2788.05 350.519 38.1984 312.32 141.741 98.047 43.6935 4.78845 4.08124 2.5443 1.52541 1.53694 1.17606
internal_count=48935 48739 23938 22292 1375 20917 24801 24102 10421 13681 1646 170 1476 699 477 222 196 180 59 44 121 108
is_linear=0
shrinkage=0.05


Tree=167
num_leaves=24
num_cat=0
split_feature=7 13 24 15 15 12 39 39 11 13 16 21 39 27 16 14 30 13 14 4 35 7 36
split_gain=3.59916 4.34274 6.12019 4.55592 5.72298 4.25038 3.63961 3.61964 6.85349 13.531 11.4498 10.673 6.69186 8.83732 6.00849 5.77102 4.86188 4.16742 6.83739 6.25247 3.22746 2.87447 2.80844
threshold=0.63050000000000017 2.3090000000000006 2.4825000000000004 -0.75449999999999984 -0.50849999999999984 6.5000000000000009 2.6505000000000005 2.4185000000000003 26.500000000000004 0.7965000000000001 0.66100000000000014 21.500000000000004 2.4340000000000006 0.23950000000000002 0.18350000000000002 1.4750000000000003 1.4705000000000001 0.84400000000000008 1.3470000000000002 0.40350000000000003 0.68300000000000016 0.23650000000000002 0.62700000000000011
decision_type=2 2 2 2 2 2 2 2 2 2 2 2 2 2 2 2 2 2 2 2 2 2 2
left_child=7 2 5 20 -5 22 -3 8 11 -10 -11 14 13 21 -1 -13 -15 18 -14 -19 -4 -9 -2
right_child=1 6 3 4 -6 -7 -8 12 9 10 -12 15 17 16 -16 -17 -18 19 -20 -21 -22 -23 -24
leaf_value=0.01261548559291184 -0.043176773677363479 0.05209899634951929 -0.076606904770241624 0.06961553544359754 0.001325714180095684 0.0077802850615832798 -0.021531338196542231 -0.058669183295467511 0.098534704286101102 0.0078234602372188183 0.08085652078830427 -0.0056441080158915269 -0.0074050781713133999 -0.022554360030045021 -0.0079758234183234297 0.063980591675462703 0.020663248542326429 -0.016598340845399177 -0.00019177858177557561 0.00057248204846203682 -0.011601101655853756 -0.022100958649036738 0.037060222462556594
leaf_weight=46.220992173301056 24.736253717564985 4.6376994168385854 2.5395548241212946 3.6716855857521287 18.658643702045087 5.7813021764159194 2.6301840986125171 12.008232822641732 4.6334519833326331 109.80522640049458 5.6423604115843764 4.3286217153072348 470.56151914014481 12.03294669557363 151.70626653893851 9.5260483324527723 14.172230947762726 53.373621381353587 1088.3383693136275 7919.0836473056115 7.6949348486959934 9.7268418353050929 1.1408740605693299
leaf_count=260 541 35 17 22 149 39 25 62 26 488 24 19 2962 61 775 41 70 342 5423 37444 52 46 12
internal_value=-1.29584e-06 -0.0111798 -0.0153254 -0.000106703 0.0125543 -0.0309798 0.0254528 7.93369e-05 0.005213 0.0147553 0.0113929 -0.00019752 -9.85127e-05 -0.0187324 -0.00316723 0.0422277 0.000818499 -4.78895e-06 -0.00236915 0.000457528 -0.0277314 -0.0423042 -0.0396393
internal_weight=9982.65 71.4911 64.2232 32.5648 22.3303 31.6584 7.26788 9911.16 331.863 120.081 115.448 211.782 9579.3 47.9403 197.927 13.8547 26.2052 9531.36 1558.9 7972.46 10.2345 21.7351 25.8771
internal_count=48935 892 832 240 171 592 60 48043 1633 538 512 1095 46410 239 1035 60 131 46171 8385 37786 69 108 553
is_linear=0
shrinkage=0.05


Tree=168
num_leaves=29
num_cat=0
split_feature=24 13 13 5 26 27 13 24 22 7 39 44 20 39 41 19 7 29 24 4 4 26 3 41 25 14 39 8
split_gain=3.63133 6.14646 4.91073 5.46393 5.75365 9.8834 4.28516 7.66448 6.21336 3.75437 4.78938 5.24779 4.84579 3.8777 7.50828 6.10078 3.57334 4.49301 3.93397 2.87294 5.0677 2.0334 3.91366 1.73569 1.72467 1.26015 0.453424 0.0421368
threshold=4.2580000000000009 1.0000000180025095e-35 1.0410000000000001 0.69400000000000006 0.51200000000000012 0.22450000000000003 0.92450000000000021 4.7635000000000014 0.8500000000000002 0.63050000000000017 2.5690000000000004 0.49700000000000005 6.5000000000000009 2.7270000000000008 0.51800000000000013 1.0000000180025095e-35 0.39650000000000007 2.5050000000000003 3.3285000000000005 0.83650000000000013 0.77550000000000019 0.63250000000000017 1.9835000000000003 0.42600000000000005 509.50000000000006 1.6325000000000001 2.7625000000000006 0.70000000000000007
decision_type=2 2 2 2 2 2 2 2 2 2 2 2 2 2 2 2 2 2 2 2 2 2 2 2 2 2 2 2
left_child=1 16 3 4 -2 -6 8 -8 -5 13 12 -12 -11 14 -3 -15 21 18 -18 20 24 23 -23 -1 -4 -21 -27 -19
right_child=2 9 19 6 5 -7 7 -9 -10 10 11 -13 -14 15 -16 -17 17 27 -20 25 -22 22 -24 -25 -26 26 -28 -29
leaf_value=0.018408974308347537 0.024888176218830219 -0.00018646663991114774 -0.0023064041788570583 0.033009477089789525 -0.0075155867686676203 -0.14902144890737773 -0.037283162918622811 0.041762349182003021 -0.012199740865554781 -0.0093019836327037277 -0.049918925763612586 -0.010738251610382925 0.035471350509758026 0.055584881993598262 0.0043178171994384396 -0.0038021697597511311 -0.051519644136714865 -0.054465611312970258 0.10809355186670011 -0.020358518363214548 -0.074479562810825364 -0.05785593386230619 0.063056235864517751 -0.052639593307274794 0.055457532345556532 0.053752017429268023 0.026184424861256675 -0.074796972540207327
leaf_weight=0.92831868538633244 2.5774868461303404 8037.830055446364 2.361347331665459 24.283918987028301 2.9419194161891937 2.1254354435950518 10.144093945622442 4.3954834938049308 11.061966550536452 20.789588815649044 12.394953627139328 27.522974965861067 8.5197134150657785 4.350395716726779 1045.5302316562738 728.255318173673 0.52773396176053156 0.61081164923962183 1.4378054589033125 0.674516960978507 1.5187699533998964 1.3842799663543692 1.2956175655126572 11.614541240967808 2.854016131721437 10.510116237914188 1.7382736383005966 0.43728121323511004
leaf_count=17 33 37982 28 261 30 18 82 197 166 265 138 265 59 32 4889 3465 104 67 6 13 18 31 19 377 46 289 34 4
internal_value=-1.36956e-06 -8.5568e-05 0.0108016 0.00342969 -0.0359323 -0.0668684 0.00946184 -0.0133868 0.0188606 -3.20664e-05 -0.0116352 -0.0229043 0.00371286 4.97646e-05 0.000331994 -0.00344951 -0.0290866 0.0206572 0.0652385 0.032377 0.00589729 -0.0389343 0.000600007 -0.0473812 0.0293039 0.0461756 0.0498397 -0.0629482
internal_weight=9980.62 9903.43 77.1873 57.5303 7.64484 5.06735 49.8855 14.5396 35.3459 9885.19 69.2272 39.9179 29.3093 9815.97 9083.36 732.606 18.2364 3.01363 1.96554 19.657 6.73413 15.2228 2.6799 12.5429 5.21536 12.9229 12.2484 1.04809
internal_count=48935 47720 1215 787 81 48 706 279 427 47095 727 403 324 46368 42871 3497 625 181 110 428 92 444 50 394 74 336 323 71
is_linear=0
shrinkage=0.05


Tree=169
num_leaves=26
num_cat=0
split_feature=4 3 21 32 41 42 23 9 6 36 59 11 11 0 25 40 3 5 24 24 15 25 35 24 21
split_gain=3.5367 5.69845 6.02502 6.45696 7.59146 6.45914 6.22451 7.20947 5.22902 4.74983 4.4986 7.22983 5.44988 4.69222 4.02639 6.23307 7.19303 5.43321 11.8812 6.58001 5.05892 3.9606 3.5132 0.103099 0.0138678
threshold=1.7290000000000003 0.55800000000000016 -22.499999999999996 0.56850000000000012 0.44700000000000006 0.22300000000000003 -0.99999999999999978 1.1835000000000002 0.53100000000000014 0.31750000000000006 26.500000000000004 35.500000000000007 24.500000000000004 15.500000000000002 508.50000000000006 0.68650000000000011 0.81950000000000001 -0.43099999999999994 2.3020000000000005 1.6980000000000002 -1.3389999999999997 511.50000000000006 0.7360000000000001 3.1775000000000007 6.5000000000000009
decision_type=2 2 2 2 2 2 2 2 2 2 2 2 2 2 2 2 2 2 2 2 2 2 2 2 2
left_child=1 10 3 4 -3 -5 7 -4 14 -8 11 12 -1 -13 15 16 -2 19 -19 -16 -17 -12 23 -10 -25
right_child=8 2 6 5 -6 -7 9 -9 22 -11 21 13 -14 -15 17 20 -18 18 -20 -21 -22 -23 -24 24 -26
leaf_value=-0.0060673377436048165 0.06761183680069531 0.017143267677336368 0.00082953231077312968 -0.043855343179497658 -0.016004413826554671 0.014173902912240377 0.013783708746235083 0.01543069319541057 0.073973104074305893 -0.00035453688033271734 -0.07046216241782742 0.061744442857201126 -0.031172273034423527 0.0015586189235223355 -0.0039952376930426558 0.034155514612871161 -0.012740771658828021 -0.068055318032288856 -0.0022101372297299335 0.0073215467568838082 -0.0033605566495464008 -0.0060842640098011536 -0.021892896601526112 0.057411669445367124 0.064220485273709202
leaf_weight=163.65498336585006 6.7900189533829671 19.32420027256012 216.91475546732545 5.3794044628739348 162.69700767099857 44.16763336956501 59.866102980915457 138.534194143489 1.8408708050847042 7721.6295744916424 5.3661137577146274 5.9710250198841077 24.907795168459415 7.0761663466691971 157.95535433199257 9.1712603159248811 4.7221145210787654 7.5505762398242942 73.937981762457639 687.53423968108837 444.70001122611575 4.306271817535162 1.5086157287005333 2.5327570409281184 1.0611525028944013
leaf_count=1531 32 84 960 23 699 189 319 652 11 36873 30 29 125 33 885 55 26 34 513 3438 2268 23 25 70 8
internal_value=-1.13843e-06 -0.000381276 -0.000176529 -0.00812926 -0.0124853 0.00787357 4.97964e-05 0.00652025 0.00232966 -0.000245766 -0.00849093 -0.00689289 -0.00938352 0.0291026 0.00211382 -0.00168091 0.0346523 0.00401895 -0.00831123 0.00520733 -0.00260248 -0.0418003 0.0456123 0.0643508 0.0594221
internal_weight=9979.1 8579.8 8368.51 231.568 182.021 49.547 8136.94 355.449 1399.3 7781.5 211.282 201.61 188.563 13.0472 1392.36 465.383 11.5121 926.978 81.4886 845.49 453.871 9.67239 6.9434 5.43478 3.59391
internal_count=48935 41570 39799 995 783 212 38804 1612 7365 37192 1771 1718 1656 62 7251 2381 58 4870 547 4323 2323 53 114 89 78
is_linear=0
shrinkage=0.05


Tree=170
num_leaves=21
num_cat=0
split_feature=13 3 8 8 26 26 13 11 39 13 18 19 36 26 6 13 4 0 4 26
split_gain=3.49029 3.7212 5.86598 6.88836 12.343 5.69564 7.41824 7.15746 5.66787 7.91913 5.4965 5.75294 5.48163 0.797432 1.03148 0.126403 0.0907719 0.0090642 0.0037046 3.19843e-05
threshold=3.4165000000000005 0.33900000000000002 1.0000000180025095e-35 0.18333333333333332 0.31250000000000006 0.38550000000000006 2.1835000000000004 18.500000000000004 2.4655000000000005 1.3270000000000002 0.29999999999999999 2.2155000000000005 0.31750000000000006 0.23500000000000001 0.49150000000000005 1.3270000000000002 1.6545000000000003 15.500000000000002 2.6125000000000003 0.18350000000000002
decision_type=2 2 2 2 2 2 2 2 2 2 2 2 2 2 2 2 2 2 2 2
left_child=1 8 5 4 -4 6 -3 -7 9 17 15 -12 -5 16 -15 -10 -2 -1 -18 -20
right_child=13 2 3 12 -6 7 -8 -9 10 -11 11 -13 -14 14 -16 -17 18 -19 19 -21
leaf_value=-0.054309028727457555 0.071732966460652636 0.00323618971598413 -0.00044357773076060737 0.015072430399359491 -0.014498290297793308 0.058960523423355594 0.052542379147455978 -0.0091343197727183807 -0.056282981882637112 0.066246699442544091 0.00095343522675553024 -0.028532353270699869 0.0001955297972482319 0.055230888250044199 -0.022132913243085583 -0.073647723872113963 0.056372801355971149 -0.061578240071190428 0.051136526183823833 0.051726173382442245
leaf_weight=1.0224511706037436 1.158055167179554 120.19582573696971 512.3191623352468 62.350665488047525 224.73810674296692 11.822455699089916 8.1454534248914552 5.7289494872093192 4.7219286155304863 4.9049187377095222 42.507127658464015 27.082322445698082 8945.2886789857876 0.88747379020787753 0.8373788595199585 1.3469375669956205 0.59609646163880803 0.73864362947642792 0.595240049646236 0.37478623352944851
leaf_count=53 8 640 2402 331 1162 118 116 25 91 35 433 391 43017 34 7 7 8 6 37 14
internal_value=-1.13189e-06 -2.0884e-05 6.72317e-05 -8.17599e-05 -0.00472904 0.0100189 0.00636551 0.0367337 -0.0106073 0.0335916 -0.0145015 -0.0105216 0.000298507 0.0442751 0.0176724 -0.060137 0.061119 -0.0573579 0.0532707 0.0513643
internal_weight=9977.36 9972.91 9890.59 9744.7 737.057 145.893 128.341 17.5514 82.3243 6.66601 75.6583 69.5895 9007.64 4.44903 1.72485 6.06887 2.72418 1.76109 1.56612 0.970026
internal_count=48935 48827 47811 46912 3564 899 756 143 1016 94 922 824 43348 108 41 98 67 59 59 51
is_linear=0
shrinkage=0.05


Tree=171
num_leaves=28
num_cat=0
split_feature=14 40 21 15 37 17 10 40 17 32 3 30 17 9 19 14 3 39 20 6 24 13 41 29 3 1 39
split_gain=3.48978 8.43247 10.5303 8.31167 8.38725 8.24966 7.48776 8.53382 7.06002 7.0585 6.64433 5.75636 5.34413 10.0443 5.25904 5.19342 4.96507 7.14133 4.6459 10.0258 7.22709 4.57239 3.49512 4.56548 3.12056 2.98972 2.20734
threshold=0.91850000000000021 0.70200000000000007 -4.4999999999999991 1.0490000000000002 0.39700000000000008 0.53100000000000014 1.5000000000000002 0.74900000000000011 0.57700000000000007 0.60650000000000015 1.5310000000000001 1.3935000000000002 0.15600000000000003 1.6545000000000003 2.8060000000000005 0.81350000000000011 0.26150000000000007 2.5350000000000006 -6.4999999999999991 0.60350000000000004 3.1255000000000002 1.3920000000000001 0.44100000000000006 1.9450000000000003 0.49150000000000005 13.500000000000002 2.6560000000000001
decision_type=2 2 2 2 2 2 2 2 2 2 2 2 2 2 2 2 2 2 2 2 2 2 2 2 2 2 2
left_child=1 2 3 4 -1 6 9 -8 25 -3 -5 -10 13 -4 16 -14 17 21 20 -20 -18 -2 -16 -24 -25 -7 -19
right_child=14 5 12 10 -6 8 7 -9 11 -11 -12 -13 15 -15 22 -17 18 26 19 -21 -22 -23 23 24 -26 -27 -28
leaf_value=0.070491958230645232 -0.028193931607417816 0.0021922899192017686 -0.041485276767822293 -0.012810925487257197 0.0020068324854084782 0.037374404372348367 0.00036381490175972989 -0.0090183192991934221 0.065458101015916773 0.022482790264781598 -0.067688599245161296 -0.0029188828751633466 -0.0458792952552576 0.034898735795539974 -0.050203659583744169 -0.018057370187021953 -0.0055194130134913616 -0.057909142082458877 0.0006113513463174259 0.009441828649237911 0.0006754717522653433 0.053636896327397522 -0.089425147386160586 -0.044432355336482557 0.055360112013844415 0.095458276666291475 -0.012404537417714127
leaf_weight=4.6863745003938666 3.0887079145759371 297.17884300928563 7.9713125075213638 41.812987493351102 97.101361036300659 5.1846537962555903 605.30411381134763 404.22823554259958 3.7504544578259837 50.085132949054241 6.3538507372140876 17.166617910232162 32.203247688652482 9.3543323096819204 1.1709574994165439 35.006945952773094 759.69468230847269 9.7890753662213665 5984.0551239482593 339.67862437595613 1238.0487447492778 3.8161901496350765 0.64090488106012244 0.84764568507671256 10.334194096270947 3.868455532938242 3.661937939003109
leaf_count=20 35 1400 89 199 458 35 3217 2139 72 238 28 249 231 50 25 168 3561 80 27911 1804 6547 20 5 4 298 24 28
internal_value=-1.12441e-06 -0.00212404 -0.0108932 -0.00293775 0.00515993 -0.000641236 -0.00121439 -0.0033929 0.0253065 0.00511874 -0.02005 0.00934119 -0.0250052 -0.000244593 0.000410827 -0.031388 0.000361317 -0.0243023 0.000421649 0.00108568 -0.0016803 0.0170322 0.0321956 0.0403566 0.0477953 0.062194 -0.0455209
internal_weight=9976.08 1621.26 234.49 149.955 101.788 1386.77 1356.8 1009.53 29.9702 347.264 48.1668 20.9171 84.5358 17.3256 8354.83 67.2102 8341.83 20.3559 8321.48 6323.73 1997.74 6.9049 12.9937 11.8227 11.1818 9.05311 13.451
internal_count=48935 8617 1243 705 478 7374 6994 5356 380 1638 227 321 538 139 40318 399 39986 163 39823 29715 10108 55 332 307 302 59 108
is_linear=0
shrinkage=0.05


Tree=172
num_leaves=26
num_cat=0
split_feature=8 5 8 39 2 0 22 3 1 40 44 27 24 40 42 31 32 3 15 34 19 26 32 15 8
split_gain=3.35819 14.0575 11.1035 11.8033 10.7262 12.0959 10.0152 11.2933 8.38446 7.18704 6.28511 8.74104 9.14986 7.10445 6.17883 6.26553 6.06429 5.94491 5.78534 5.485 8.05922 5.31672 5.25442 5.25189 3.63265
threshold=0.59166666666666679 1.2890000000000004 0.51666666666666672 2.7775000000000003 29.500000000000004 10.500000000000002 0.36666666666666664 0.84800000000000009 16.500000000000004 0.75350000000000017 0.49150000000000005 0.18550000000000003 3.9095000000000004 0.74150000000000016 0.20650000000000002 0.79800000000000015 0.56350000000000011 1.1275000000000002 -0.93199999999999994 0.53300000000000014 1.5690000000000002 0.54950000000000021 0.62650000000000017 -0.33899999999999991 0.63333333333333341
decision_type=2 2 2 2 2 2 2 2 2 2 2 2 2 2 2 2 2 2 2 2 2 2 2 2 2
left_child=1 2 6 18 10 9 8 -8 -1 17 14 13 -13 -12 22 -16 -5 -6 -4 20 23 -11 -2 -3 -7
right_child=4 19 3 16 5 24 7 -9 -10 21 11 12 -14 -15 15 -17 -18 -19 -20 -21 -22 -23 -24 -25 -26
leaf_value=0.0019879251125849754 0.018597578229696984 -0.039193178202464846 0.0078224318912451848 -0.027615829105753706 -0.031266676393650973 0.041145878471469451 -0.031470865941982756 0.021692941214159132 -0.001884410701698136 -0.030545500816372376 0.0076597866955232996 0.0029955789847695645 0.019977667529207599 -0.021469844778628271 -0.0036925694239891638 0.0035587856575372947 -0.089705942900667052 0.02490154618313805 -0.0062603285359145444 -0.09973260851319235 -0.074465667017335049 0.018993759193208563 -0.029676488441603911 0.036417192983149584 0.10172398764366908
leaf_weight=2685.2167560151429 57.812528741545975 4.5381740306038409 80.92842726688832 19.656917100772265 5.1230132877826682 5.1994457244873029 11.230972939170895 90.338616810273379 2915.7832104675472 14.567874580621721 31.391106647904962 1442.7445205068798 83.932472173823044 62.819104159716517 1233.181221923558 392.77194101561327 4.9160586781799784 58.562064804136753 737.68804837990319 3.541946447454392 6.2673613112419835 8.6213359758257848 6.2458397205919018 4.6497346784453857 4.7224996536970139
leaf_count=14520 280 55 402 90 24 23 68 446 12985 63 160 6672 912 324 6029 2009 25 254 3423 24 35 39 29 24 20
internal_value=-1.21676e-06 -0.000662279 -0.000537633 -0.00589305 0.00127229 0.0176784 0.000254225 0.0158144 -2.79456e-05 0.0117051 0.000792644 0.00301709 0.00392921 -0.0117638 -0.00134082 -0.0019409 -0.0400375 0.0203832 -0.00486811 -0.0436109 -0.0307493 -0.0121277 0.0138907 -0.000928958 0.0699789
internal_weight=9972.45 6564.76 6545.76 843.189 3407.69 96.7962 5702.57 101.57 5601 86.8743 3310.9 1620.89 1526.68 94.2102 1690.01 1625.95 24.573 63.6851 818.616 18.9972 15.4553 23.1892 64.0584 9.18791 9.92195
internal_count=48935 32097 31959 3940 16838 423 28019 514 27505 380 16415 8068 7584 484 8347 8038 115 278 3825 138 114 102 309 79 43
is_linear=0
shrinkage=0.05


Tree=173
num_leaves=15
num_cat=0
split_feature=11 11 4 25 44 3 4 14 17 11 21 13 14 24
split_gain=3.49645 7.68965 5.75945 3.39648 7.55396 8.80291 8.45105 7.62369 7.30964 5.29616 4.38117 4.07096 4.65998 4.48612
threshold=64.500000000000014 67.500000000000014 1.2980000000000003 513.50000000000011 0.42450000000000004 1.0365000000000002 1.4420000000000002 1.5635000000000001 0.22900000000000004 15.500000000000002 41.500000000000007 1.0000000180025095e-35 2.6075000000000004 3.8575000000000004
decision_type=2 2 2 2 2 2 2 2 2 2 2 2 2 2
left_child=3 2 -2 10 8 6 -6 -7 -5 -10 11 12 -1 -13
right_child=1 -3 -4 4 5 7 -8 -9 9 -11 -12 13 -14 -15
leaf_value=-0.031259498990136157 -0.09146614705512951 0.026516899337330719 -0.013479168416105389 -0.0064706133138270677 -0.024439665970110609 -0.0041926893721075742 -0.0041344373854949141 0.0093248974895030687 0.019728362424492694 0.096424058368691529 -0.036443203960585334 0.00020039148923699018 0.030078941866623889 0.0070994572212429389
leaf_weight=18.551907338289315 4.5472118705511075 4.8531938642263404 4.9386579841375351 7.4229130414314595 87.677216160576791 379.08415731787682 123.31400130223483 143.89950075233355 4.2354520661756379 4.8039581775665283 8.106574743986128 8933.7259770939127 3.7167589236050835 242.01306442043278
leaf_count=605 20 21 21 39 537 1723 609 758 21 21 36 42088 132 2304
internal_value=-1.04013e-06 -0.0246734 -0.0508635 3.44921e-05 -0.00320003 -0.00395132 -0.0125723 -0.000473311 0.0302961 0.060488 0.000298155 0.000330536 -0.0210218 0.000382357
internal_weight=9970.89 14.3391 9.48587 9956.55 750.437 733.975 210.991 522.984 16.4623 9.03941 9206.11 9198.01 22.2687 9175.74
internal_count=48935 62 41 48873 3708 3627 1146 2481 81 42 45165 45129 737 44392
is_linear=0
shrinkage=0.05


Tree=174
num_leaves=31
num_cat=0
split_feature=4 41 8 8 7 11 23 33 36 44 32 19 7 4 24 5 14 30 19 14 14 7 2 13 19 13 43 30 24 13
split_gain=3.32717 6.2312 6.78394 9.75528 11.975 9.8594 7.6618 8.23745 6.40316 6.18966 7.7411 8.88018 8.18755 6.80233 5.83642 5.59546 5.4481 5.26865 7.7179 6.24331 5.96156 5.62743 10.0123 8.01369 3.30655 8.16112 12.0959 2.22414 0.0195648 0.00398637
threshold=0.87750000000000006 0.45350000000000007 0.59166666666666679 0.51666666666666672 0.22900000000000004 8.5000000000000018 -0.95249999999999979 0.16700000000000004 0.40550000000000008 0.49050000000000005 0.5465000000000001 2.0425000000000004 0.42200000000000004 0.95750000000000013 3.5835000000000004 0.16950000000000001 0.60350000000000004 1.5430000000000004 1.9625000000000001 1.2095000000000002 1.5810000000000002 0.060500000000000005 10.500000000000002 1.8595000000000004 1.8545000000000003 1.3920000000000001 0.73750000000000016 1.5605000000000002 2.4825000000000004 1.0680000000000003
decision_type=2 2 2 2 2 2 2 2 2 2 2 2 2 2 2 2 2 2 2 2 2 2 2 2 2 2 2 2 2 2
left_child=16 9 3 5 -5 -3 8 -8 -4 13 12 -12 -11 14 -2 -15 24 21 20 -20 -19 22 -18 -23 28 26 -26 -27 29 -1
right_child=1 2 6 4 -6 -7 7 -9 -10 10 11 -13 -14 15 -16 -17 17 18 19 -21 -22 23 -24 -25 25 27 -28 -29 -30 -31
leaf_value=-0.05286096263428787 -0.018313594015818408 0.0062530261370818754 0.093401446382586892 -0.019631258215329316 -0.0023744540250266143 -0.00021179615882215361 0.013795069709621358 0.0020103608688345977 0.019625271180309822 -0.012609313928537617 0.0087804950417253239 -0.04790094654011471 -0.051260619045842976 -0.0022866419024825586 0.036234872550535688 0.0067431320257218185 -0.0058046833928907388 -0.011207034754448935 0.0050529519296990729 0.051244435094535072 -0.00040159364750015761 0.0038717652137678377 -0.066069750342843819 -0.017138660538679552 -0.036355716981911708 -0.047841999212684727 0.11597715616179449 -0.0075803189307368322 -0.060944644549000331 -0.055632366230057712
leaf_weight=2.8957886133575839 77.40010741353035 692.28126359323505 3.2330810697749248 127.22283937875181 479.13204712234437 3982.5250715594739 161.15753404586576 1856.3291805427289 32.55995179200545 152.97511696396396 68.980169463437051 7.6792952483519903 15.049345310311763 634.81058305478655 5.2353623062372199 235.09979674150236 87.456820834195241 345.45440740091726 55.695659298449755 8.4213847760111076 202.45838062372059 654.54969713836908 7.4815305471420279 48.765172202140093 2.6244333954528001 9.5601926054805499 2.5883777423296124 5.3496359158307305 1.304702593013644 2.3509238054975867
leaf_count=223 351 4608 16 574 2196 17991 773 8927 161 729 334 43 82 3099 25 1127 768 1649 260 46 1125 3292 33 229 56 89 42 45 12 30
internal_value=-1.02488e-06 0.000373857 0.000919796 -2.83748e-05 -0.0059952 0.000745564 0.00335855 0.00295173 0.0262893 -0.00297066 -0.0100641 0.00310248 -0.0160712 -0.00114855 -0.0148577 0.000153722 -0.00222682 -0.00180341 -0.00529361 0.0111199 -0.00721433 0.000872569 -0.0105538 0.00241498 -0.024613 -0.0145682 0.0392839 -0.0333961 -0.0554653 -0.0541028
internal_weight=9968.63 8531.67 7334.44 5281.16 606.355 4674.81 2053.28 2017.49 35.793 1197.23 244.684 76.6595 168.024 952.546 82.6355 869.91 1436.96 1410.28 612.03 64.117 547.913 798.253 94.9384 703.315 26.6741 20.1226 5.21281 14.9098 6.55142 5.24671
internal_count=48935 41036 35246 25369 2770 22599 9877 9700 177 5790 1188 377 811 4602 376 4226 7899 7402 3080 306 2774 4322 801 3521 497 232 98 134 265 253
is_linear=0
shrinkage=0.05


Tree=175
num_leaves=29
num_cat=0
split_feature=39 42 40 40 41 6 29 16 59 42 13 42 1 2 17 4 14 4 4 23 4 3 16 4 3 21 34 4
split_gain=3.46095 7.77298 7.75805 8.08728 7.15622 9.30674 9.04195 6.30583 6.0178 5.9196 6.27716 7.65884 7.08782 6.70528 6.67508 5.74485 4.72513 11.1838 5.32164 4.99502 4.68075 8.66328 8.83881 7.11313 6.88604 6.30906 2.25556 1.13222
threshold=2.5845000000000007 0.25150000000000006 0.71650000000000003 0.69900000000000007 0.47150000000000003 0.74550000000000016 3.0725000000000002 0.075500000000000012 23.500000000000004 0.28950000000000004 1.7070000000000001 0.28350000000000003 56.500000000000007 11.500000000000002 0.25450000000000006 1.2455000000000003 0.89600000000000013 1.3965000000000003 2.0165000000000002 0.074499999999999969 1.4525000000000003 1.2035000000000002 0.21250000000000002 1.4820000000000004 0.69400000000000006 1.0000000180025095e-35 0.45200000000000007 1.1225000000000003
decision_type=2 2 2 2 2 2 2 2 2 2 2 2 2 2 2 2 2 2 2 2 2 2 2 2 2 2 2 2
left_child=9 20 3 7 6 -6 -4 -3 -5 10 11 15 14 -13 -12 -1 17 27 19 -18 21 24 -23 -22 -2 -25 -20 -11
right_child=1 2 4 8 5 -7 -8 -9 -10 16 12 13 -14 -15 -16 -17 18 -19 26 -21 23 22 -24 25 -26 -27 -28 -29
leaf_value=-0.0015867638948529818 0.037998612968038158 0.083802889690335225 -0.0039405053274133867 -0.017446103652166239 0.00037464151891081747 0.014766067087928703 -0.031547561727256666 0.005367528120061537 0.0013368455054604857 -0.053416154622674843 0.0018958216849500082 -0.0051737173474442778 0.06414386708513628 0.040160226627295868 0.011847044634351151 0.0021709918111481887 0.0070706013082184327 0.013047110231424667 -0.014778594589062064 -0.013593341979973944 0.050061055451388205 -0.032360283651392499 -0.0026518789147302502 -0.008707226329042422 -0.039336380503588231 0.019667941231904705 -0.073816732215302924 -0.087144248927343099
leaf_weight=2125.5250055082142 3.1160402792738742 2.7092350036837152 395.48267730639782 166.1660149282543 3735.1548269922496 115.82226338260807 32.064035566989332 47.301571458112448 57.364734210073948 6.2803172515123169 567.21233563218266 12.83683282783022 5.0720992535352698 22.371826097369194 239.74435574235395 1950.3831269941293 58.810043998062611 7.5892390124499789 2.7766517951386041 58.173198846634477 6.5262600928544989 30.345711524132639 143.10312160104513 105.48073078668676 37.749841252341866 24.057647493318655 3.8763987640850246 4.120891660451889
leaf_count=10904 20 18 1928 880 17961 943 174 222 262 37 2931 75 22 102 1153 9004 278 38 17 293 28 162 634 508 181 119 23 18
internal_value=-1.14652e-06 -0.000948156 -0.000395796 -0.00855931 0.000126128 0.000807479 -0.00601091 0.00961661 -0.0126258 0.000915511 0.00120544 0.000411957 0.00522265 0.0236318 0.0048523 0.000211379 -0.00916274 -0.0331045 -0.00567895 -0.00320512 -0.00812432 -0.0127291 -0.00784951 -0.000871415 -0.0334396 -0.00343744 -0.0491772 -0.066779
internal_weight=9967.22 4902.44 4552.07 273.542 4278.52 3850.98 427.547 50.0108 223.531 5064.77 4923.15 4111.12 812.029 35.2087 806.957 4075.91 141.627 17.9904 123.636 116.983 350.379 214.315 173.449 136.065 40.8659 129.538 6.65305 10.4012
internal_count=48935 24040 22388 1382 21006 18904 2102 240 1142 24895 24191 20085 4106 177 4084 19908 704 93 611 571 1652 997 796 655 201 627 40 55
is_linear=0
shrinkage=0.05


Tree=176
num_leaves=25
num_cat=0
split_feature=13 41 1 18 24 13 14 17 15 21 5 9 20 18 24 4 13 41 1 41 8 28 29 14
split_gain=3.26729 7.09426 7.62963 6.97025 9.84336 6.82136 8.28357 6.9266 6.67998 6.32868 6.23717 12.0015 9.15085 5.07595 4.80933 4.72198 6.16463 5.71884 4.60398 9.32111 7.75927 3.00133 2.4393 2.24305
threshold=0.68600000000000005 0.42850000000000005 2.5000000000000004 1.0000000180025095e-35 2.3990000000000005 0.34150000000000008 1.4460000000000002 0.28300000000000008 -1.3964999999999999 24.500000000000004 0.74550000000000016 2.0605000000000007 -11.499999999999998 0.18333333333333332 5.041500000000001 0.40350000000000003 0.7965000000000001 0.49400000000000005 8.5000000000000018 0.42300000000000004 0.59166666666666679 0.28300000000000003 3.0420000000000003 2.6075000000000004
decision_type=2 2 2 2 2 2 2 2 2 2 2 2 2 2 2 2 2 2 2 2 2 2 2 2
left_child=1 5 22 4 -2 21 7 -7 14 -10 12 -12 -4 -8 -6 16 -5 -18 19 -17 -20 -1 23 -3
right_child=3 2 10 15 8 6 13 -9 9 -11 11 -13 -14 -15 -16 18 17 -19 20 -21 -22 -23 -24 -25
leaf_value=-0.075337289779174477 -0.049249329533373146 -0.056167911956075844 -0.029054919619444619 0.048775114116795852 -0.032039967235496167 0.043304477774875234 0.027040624348105613 -0.019876861891494249 0.02602087036098398 -0.011591982377921929 0.018293730488248679 -0.0065020712856583372 -0.0044999070049330991 0.088687871930095807 0.051925733803265234 -0.024465369147696467 -0.028964770767305595 0.0013980477342525981 -0.0014859845797541155 0.0035242442932682211 0.0018082068224181472 0.005541059394371925 0.027846600488011915 0.031290954017114958
leaf_weight=2.5046960909385225 6.0720253735780707 10.500026766327206 41.268807577900589 3.8121183812618247 10.37723211199045 7.1194116682745578 6.9594781994819623 11.103266990743576 80.441333465976641 12.989459365606306 84.235443586017936 116.00528147653677 470.67897234170232 6.418801398947835 2.0407538468716657 30.429361275397241 38.280220975866541 26.069859578739852 4837.3639469463378 1322.5571919203503 2835.3139276653528 2.1162309479550458 1.1028709901729588 0.78813998401165086
leaf_count=27 30 333 186 22 65 41 35 66 523 60 457 1032 2639 31 143 185 257 165 21683 7887 13012 33 19 4
internal_value=-1.09454e-06 -0.00315019 -0.00422971 0.00025916 0.0126609 0.0184444 0.0267417 0.00480743 0.0162124 0.0207916 -0.00355295 0.0039288 -0.00647932 0.0566185 -0.0182412 0.000106527 -0.0130042 -0.016664 0.00020554 0.00289474 -0.000268669 -0.0382977 -0.0431273 -0.0500615
internal_weight=9966.55 760.801 724.58 9205.75 111.921 36.2219 31.601 18.2227 105.849 93.4308 712.189 200.241 511.948 13.3783 12.418 9093.83 68.1622 64.3501 9025.66 1352.99 7672.68 4.62093 12.391 11.2882
internal_count=48935 4903 4670 44032 821 233 173 107 791 583 4314 1489 2825 66 208 43211 444 422 42767 8072 34695 60 356 337
is_linear=0
shrinkage=0.05


Tree=177
num_leaves=24
num_cat=0
split_feature=3 6 44 14 39 30 1 23 42 15 42 25 33 16 0 25 4 14 11 59 25 40 37
split_gain=3.29109 7.87616 6.16137 7.77835 6.72045 6.52681 5.83762 5.76092 5.45153 6.27635 6.24474 11.3831 5.30796 4.79236 4.98837 4.56268 4.27453 4.2575 4.25521 4.06382 2.32574 1.71617 0.795318
threshold=0.75450000000000006 0.44200000000000006 0.50450000000000006 2.4085000000000005 2.6970000000000005 1.6450000000000002 3.5000000000000004 -1.6864999999999999 0.25300000000000006 2.0415000000000005 0.26850000000000007 508.50000000000006 0.16150000000000003 0.91300000000000014 7.5000000000000009 513.50000000000011 1.7875000000000003 0.96350000000000013 14.500000000000002 6.5000000000000009 506.50000000000006 0.69700000000000006 0.48250000000000004
decision_type=2 2 2 2 2 2 2 2 2 2 2 2 2 2 2 2 2 2 2 2 2 2 2
left_child=1 2 3 4 -1 16 8 18 9 12 15 -12 -2 17 -15 -10 -4 -9 -8 -7 -3 -22 -23
right_child=6 20 5 -5 -6 19 7 13 10 -11 11 -13 -14 14 -16 -17 -18 -19 -20 -21 21 22 -24
leaf_value=-0.0026180661656590321 -0.040304844559561681 0.00052332171685560383 0.0020031421382972012 -0.069844756270239103 -0.019953216250387491 -0.0037603241491514349 0.00026244628579030061 -0.0023386214096999783 0.033437458615744722 -0.080784176142733574 -0.018086790232060994 0.018618616601497665 0.0046831248480695125 0.0013387214762349275 0.065568969528703086 -0.021014675473383895 0.016870908527277115 0.00054517323183784767 0.074472513974429028 -0.082240336957022597 -0.0028524597761107849 -0.021681985275025739 -0.062305064665345036
leaf_weight=712.36541404330637 7.3141065505333236 2.9968438241630784 190.39177937796921 4.5084581002593032 60.670841897197533 3.1735789470840237 3.3701117970049372 1560.7655109697953 44.123501976020634 2.4875817508436731 31.329738767119125 64.831052963039838 63.302444503759034 6.4447218738496286 5.6932717859745026 4.2145308828912666 64.796073799021542 7111.4773820559494 4.5257568582892418 3.4348010718822479 1.7352537568658579 1.3985309104900796 8.7003170686075446
leaf_count=4138 76 31 1138 24 339 27 19 7394 556 27 359 774 757 36 31 49 358 32603 26 15 23 26 109
internal_value=-1.14431e-06 -0.00264296 -0.00212669 -0.00436051 -0.0039786 0.00450785 0.000311422 0.000108925 0.00840027 -0.00272622 0.0140293 0.00665978 2.34977e-05 7.01117e-05 0.0314656 0.0286898 0.00577829 2.61694e-05 0.0427982 -0.0445514 -0.0388228 -0.0487867 -0.0566794
internal_weight=9964.05 1054.17 1039.34 777.545 773.036 261.796 8909.88 8692.28 217.603 73.1041 144.499 96.1608 70.6166 8684.38 12.138 48.338 255.188 8672.24 7.89587 6.60838 14.8309 11.8341 10.0988
internal_count=48935 6228 6039 4501 4477 1538 42707 40109 2598 860 1738 1133 833 40064 67 605 1496 39997 45 42 189 158 135
is_linear=0
shrinkage=0.05


Tree=178
num_leaves=23
num_cat=0
split_feature=3 4 15 22 41 39 41 30 40 27 14 25 24 32 25 20 14 4 24 4 29 28
split_gain=3.25301 3.86412 3.51821 5.42038 3.99446 3.3777 6.02014 7.46731 5.02175 4.6456 12.8958 6.43251 3.05018 2.76776 0.936643 0.484639 0.00256043 0.00130399 0.000392059 2.88751e-05 4.87439e-06 1.34082e-06
threshold=3.0625000000000004 1.0000000180025095e-35 -0.67299999999999993 0.87777777777777788 0.51050000000000006 2.7270000000000008 0.52000000000000013 1.6065000000000003 0.75700000000000012 0.23050000000000004 1.9425000000000001 510.50000000000006 4.4055000000000009 0.62500000000000011 512.50000000000011 -2.4999999999999996 3.5500000000000003 0.7400000000000001 5.3670000000000009 0.96650000000000003 2.3745000000000003 0.17350000000000002
decision_type=2 2 2 2 2 2 2 2 2 2 2 2 2 2 2 2 2 2 2 2 2 2
left_child=1 2 3 4 -1 6 8 -8 -3 10 -7 -11 -5 15 16 -4 17 -2 -19 21 -21 -18
right_child=14 5 13 12 -6 9 7 -9 -10 11 -12 -13 -14 -15 -16 -17 19 18 -20 20 -22 -23
leaf_value=-5.3809607550064171e-05 0.054724456378792079 0.00040202048469442723 -0.064119130979464228 -0.056134055537833176 0.080284989817162533 -0.011823371660944847 0.0056302231157635205 -0.0068133495325300485 -0.0028915832481341765 -0.005738295082241723 0.025718000342790173 0.0059479498277535438 0.0021637364410203382 0.045434475656956706 -0.01005257467447096 -0.019855922129250185 0.050905828982604574 0.053433052567120089 0.051659002187966353 0.05072236802938495 0.050311385855887181 0.051044502180136148
leaf_weight=4.9169516408583194 1.4063891302794216 6774.2257002216065 5.8276514530880377 5.5558356686960906 2.2575910445302725 249.3058323902078 876.85968954791315 139.78218845720403 1395.7720028428594 248.43887291685678 25.18640124797821 223.85130974743515 3.7635755408555269 0.69656758592464019 0.70368242170661677 0.69181745662353833 0.37910396605730035 0.59487167326733448 0.65360842226073146 0.098740661749616265 0.26786871906369925 0.32267754338681698
leaf_count=91 26 32789 83 300 29 1206 4168 690 6681 1209 177 1088 84 10 24 134 23 14 29 11 51 18
internal_value=-1.09749e-06 -2.01492e-05 -0.0201811 -0.00744164 0.0252262 2.79729e-05 0.000290848 0.00391931 -0.000160663 -0.00320582 -0.00837871 -0.000199367 -0.0325909 -0.0493003 0.0428502 -0.0594221 0.0528486 0.0536804 0.0525043 0.0507817 0.0504221 0.0509696
internal_weight=9961.56 9957.13 23.71 16.494 7.17454 9933.42 9186.64 1016.64 8170 746.782 274.492 472.29 9.31941 7.21604 4.42694 6.51947 3.72326 2.65487 1.24848 1.06839 0.366609 0.701782
internal_count=48935 48739 731 504 120 48008 44328 4858 39470 3680 1383 2297 384 227 196 217 172 69 43 103 62 41
is_linear=0
shrinkage=0.05


Tree=179
num_leaves=20
num_cat=0
split_feature=13 7 39 44 8 36 20 8 22 7 1 1 41 36 9 28 4 4 4
split_gain=3.19659 3.50944 4.02154 5.32019 7.62567 4.75055 5.3482 3.62979 13.3401 10.3575 7.867 6.17766 9.34156 7.09578 2.84727 0.798335 0.074439 0.00313908 8.24378e-05
threshold=3.4165000000000005 0.63050000000000017 2.5690000000000004 0.49700000000000005 0.48333333333333339 0.62700000000000011 6.5000000000000009 0.18333333333333332 -0.19999999999999993 0.26200000000000007 17.500000000000004 5.5000000000000009 0.45250000000000007 0.31750000000000006 1.2830000000000001 0.49650000000000005 1.6545000000000003 2.4870000000000005 3.5835000000000004
decision_type=2 2 2 2 2 2 2 2 2 2 2 2 2 2 2 2 2 2 2
left_child=1 7 5 14 -5 6 -3 8 9 -1 -10 12 -9 -13 -4 -2 -17 -18 -19
right_child=15 2 3 4 -6 -7 -8 11 10 -11 -12 13 -14 -15 -16 16 17 18 -20
leaf_value=-0.0055672156436340292 0.014852828788774405 -0.016465843707744194 -0.031135548069301102 -0.024809184844993566 0.035200038378150882 0.082999607765005701 0.031294424443157005 -0.011993627733685647 -0.010276532874616003 0.0057633215320571935 -0.038562713946051944 0.017448008220183105 0.008664508113344396 -6.1750181340364379e-05 -0.081552440289341013 0.069825745957536087 0.056272887425558887 0.051991368361279669 0.051100630863138201
leaf_weight=463.08824599604122 1.5535993520170439 19.684557242755552 7.897436927945817 20.679703793022785 7.1155423423624589 1.7356011501979072 8.3471552655100805 63.111341904383153 83.804823075421154 357.32519935164601 34.783528946340084 58.260737881064415 411.77181947731879 8415.2691558687948 4.3389320694841444 1.1059760996140542 0.48456042073667038 0.42120427126064874 0.67768650397192687
leaf_count=2603 35 319 147 266 56 15 58 500 519 1793 179 298 3175 38871 28 8 7 15 43
internal_value=-1.06599e-06 -1.95553e-05 -0.0111917 -0.021541 -0.00944691 0.00272617 -0.00224401 5.93131e-05 -0.00289808 -0.000632281 -0.0185732 0.000369647 0.00591907 5.86402e-05 -0.049013 0.0433883 0.0598724 0.0529204 0.0514421
internal_weight=9961.46 9957.21 69.7989 40.0316 27.7952 29.7673 28.0317 9887.41 939.002 820.413 118.588 8948.41 474.883 8473.53 12.2364 4.24303 2.68943 1.58345 1.09889
internal_count=48935 48827 889 497 322 392 377 47938 5094 4396 698 42844 3675 39169 175 108 73 65 58
is_linear=0
shrinkage=0.05


Tree=180
num_leaves=23
num_cat=0
split_feature=39 37 16 19 1 24 16 41 44 27 8 4 39 17 3 8 36 23 43 30 4 16
split_gain=3.18076 4.04193 4.41231 6.49935 5.45481 5.07047 5.37135 3.65198 6.05715 8.47152 6.86768 6.1696 6.84266 6.68427 5.86616 12.867 5.94392 5.7685 5.75387 5.6653 5.2989 4.92703
threshold=2.3915000000000002 0.37300000000000005 0.46900000000000003 1.7290000000000003 17.500000000000004 3.4985000000000004 0.097500000000000017 0.45350000000000007 0.44900000000000007 0.27400000000000008 0.81666666666666676 0.87750000000000006 2.5190000000000006 0.33900000000000002 1.2620000000000002 0.63333333333333341 0.33700000000000008 0.76950000000000018 0.73750000000000016 1.4255000000000002 1.1695000000000002 0.21950000000000003
decision_type=2 2 2 2 2 2 2 2 2 2 2 2 2 2 2 2 2 2 2 2 2 2
left_child=1 -1 5 -4 -5 6 -3 14 9 10 -9 13 -13 -10 15 20 21 -11 -17 -18 -2 -16
right_child=7 2 3 4 -6 -7 -8 8 11 17 -12 12 -14 -15 16 18 19 -19 -20 -21 -22 -23
leaf_value=0.046453662476385216 -0.011589655823027484 0.045737964335058709 0.070453534455771655 -0.0095083312317675635 0.02916485618932866 0.049993067005127206 -0.0058187365286943033 0.0085479346289236285 -0.0016428557558413077 -0.0066654035522052887 0.039790537091996106 0.0044474614533466014 -6.2044102888649753e-05 -0.011760569472995209 -0.0036339911412616634 -0.055216611569592539 -0.014489785147400631 -0.069834920358709029 -0.019118830239441865 0.001700092921314667 -0.0009404136809031678 0.057743823574531998
leaf_weight=6.3124727038666597 155.58565585341421 5.3605720326886503 5.3713964833877972 16.726307671517134 20.045248225331306 4.7723029740154734 87.728584470227361 236.45674445101758 926.935272249626 46.245448216854129 19.003197744954377 976.42513472295832 6074.8789880096447 198.1340772115218 5.4064074924681327 14.317371887620537 59.666822442086414 3.920364804333075 48.214204809628427 572.48448749259114 468.73047859221697 8.2728830641135556
leaf_count=30 956 41 29 90 86 29 415 1141 4914 239 113 4680 29217 1284 28 78 294 27 259 2729 2218 38
internal_value=-1.10087e-06 0.00731661 0.00555201 0.0190782 0.0115736 -0.000272894 -0.00284983 -0.000110193 0.000272112 0.0071831 0.010872 1.37851e-05 0.000562407 -0.00342467 -0.00254342 -0.00576014 0.000877596 -0.011602 -0.0273839 0.00017198 -0.00359431 0.0334857
internal_weight=9960.99 146.317 140.004 42.143 36.7716 97.8615 93.0892 9814.68 8482 305.626 255.46 8176.37 7051.3 1125.07 1332.68 686.848 645.831 50.1658 62.5316 632.151 624.316 13.6793
internal_count=48935 720 690 205 176 485 456 48215 41615 1520 1254 40095 33897 6198 6600 3511 3089 266 337 3023 3174 66
is_linear=0
shrinkage=0.05


Tree=181
num_leaves=27
num_cat=0
split_feature=14 11 30 15 13 17 22 43 29 33 33 3 17 17 3 30 22 3 8 1 36 24 43 0 20 3
split_gain=3.16599 7.53614 6.5051 6.21278 5.83437 5.69711 6.16825 5.54144 5.15613 7.12701 7.07705 5.83271 5.02101 5.32391 5.94201 4.59147 4.26134 4.60896 5.25156 4.83962 2.67185 1.75691 1.65878 3.88089 0.929968 0.123129
threshold=0.72900000000000009 42.500000000000007 1.3815000000000002 1.5095000000000003 0.65100000000000013 0.12250000000000001 -0.25833333333333325 0.7855000000000002 2.8980000000000001 0.29950000000000004 0.32000000000000006 0.65100000000000013 0.34900000000000003 0.11650000000000001 1.2320000000000004 1.6450000000000002 -0.96666666666666645 0.54000000000000015 0.43055555555555564 6.5000000000000009 0.39300000000000007 0.97050000000000003 0.74550000000000016 13.500000000000002 3.5000000000000004 0.96650000000000003
decision_type=2 2 2 2 2 2 2 2 2 2 2 2 2 2 2 2 2 2 2 2 2 2 2 2 2 2
left_child=1 2 5 16 20 21 -7 -6 9 11 -11 -5 13 -3 -15 24 22 18 -18 -19 -4 -1 25 -24 -10 -2
right_child=3 12 4 8 7 6 -8 -9 15 10 -12 -13 -14 14 -16 -17 17 19 -20 -21 -22 -23 23 -25 -26 -27
leaf_value=-0.018350003237300641 0.070991514837611 -0.052501589875628432 0.026060033295153058 0.068037808657109053 -0.00040100446342821285 0.012950631512618969 -0.037055562993172864 0.023097558787216227 0.034176193195104891 -0.09424667670394693 0.011501380208303311 0.0073015001581288805 -0.064325374516726069 -0.024991561225146685 0.003724478816430201 0.0016326190577838134 -0.0052293353501264867 0.004180444666008371 -0.039954709528212888 -6.2936309672220126e-05 -0.055259903076144035 -0.07318740424149954 0.059176108358238624 -0.070302048551112661 0.068983206460129801 0.053158085988475615
leaf_weight=1.9328830530866969 1.7957627847790711 8.1256811767816526 1.1933112830738526 4.8280790317803648 454.32070829649456 12.856124840909615 11.85161848802818 26.55525466799736 2.526679612696169 3.1253349175676695 3.2042425330728292 21.806332072708756 5.3107097446918479 34.087183222174644 38.20584399998188 4.8109625917859367 208.90682808018755 730.76862560305744 11.486292313551528 8346.0360115552321 6.5784997809678316 5.9780188691802323 1.4864530994091185 0.94771630130708207 7.9790087703149766 2.0995320359943435
leaf_count=47 11 34 33 27 2779 94 139 155 13 23 27 162 26 153 166 34 1249 5129 116 37986 256 44 62 10 75 85
internal_value=-1.14199e-06 -0.0035004 -0.00124104 0.000225984 0.000202083 -0.0228599 -0.011036 0.000896649 0.0181157 0.00697766 -0.0407135 0.0183113 -0.0172382 -0.0141286 -0.00981554 0.0420865 0.000133145 0.000105225 -0.00703913 0.000278696 -0.0427738 -0.0597889 0.0411452 0.00876525 0.0606119 0.0613794
internal_weight=9958.8 606.996 521.266 9351.81 488.648 32.6186 24.7077 480.876 48.2806 32.964 6.32958 26.6344 85.7294 80.4187 72.293 15.3167 9303.53 9297.2 220.393 9076.8 7.77181 7.9109 6.32946 2.43417 10.5057 3.89529
internal_count=48935 3926 3547 45009 3223 324 233 2934 361 239 50 189 379 353 319 122 44648 44480 1365 43115 289 91 168 72 88 96
is_linear=0
shrinkage=0.05


Tree=182
num_leaves=28
num_cat=0
split_feature=7 17 5 6 33 41 37 39 33 22 59 3 27 15 11 20 8 10 39 27 39 1 0 5 1 20 34
split_gain=3.12521 13.9323 11.4114 9.97586 8.63513 10.1285 7.35995 7.28486 8.30637 7.16148 6.6821 4.94832 4.32726 7.5553 6.00642 9.60353 7.02531 5.87217 9.8008 5.69268 8.91756 8.73142 7.63685 11.3747 6.97382 5.79553 2.2654
threshold=0.37700000000000006 0.12750000000000003 -1.2709999999999997 0.40800000000000003 0.26150000000000007 0.45250000000000007 0.35200000000000004 2.5915000000000004 0.17150000000000001 0.63333333333333353 22.500000000000004 1.3965000000000003 0.25750000000000006 -1.0974999999999999 6.5000000000000009 -5.4999999999999991 0.59166666666666679 12.500000000000002 2.8190000000000004 0.23050000000000004 2.5010000000000003 9.5000000000000018 2.5000000000000004 0.50850000000000006 42.500000000000007 -13.499999999999998 0.62450000000000017
decision_type=2 2 2 2 2 2 2 2 2 2 2 2 2 2 2 2 2 2 2 2 2 2 2 2 2 2 2
left_child=12 2 -2 6 5 -4 -3 8 -5 -8 -9 -6 19 17 15 -15 -16 26 -19 20 21 -1 23 -21 -24 -22 -14
right_child=1 3 4 7 11 -7 9 10 -10 -11 -12 -13 13 14 16 -17 -18 18 -20 22 25 -23 24 -25 -26 -27 -28
leaf_value=0.020298852465675258 0.091087390235850912 0.045635941568627734 -0.02239687528662241 0.045901486836388519 -0.012434479547628082 0.026935565132133917 -0.0033077925512703141 -0.03559390639514886 -0.01157066537541231 0.064359397514842029 0.014230835079641877 0.011582221104880823 0.010368371075036934 -0.0074621712090845484 -0.0034567503340520514 0.01591022606672755 0.0025923472235379534 -0.017368097798866871 0.064210929722025412 0.041646943017235413 -0.014307276815226847 0.0027732482880574684 0.0023869776915690522 0.0068778346829914353 -0.0074643782463804393 -0.0011162239318953941 0.072094029578413946
leaf_weight=83.7086197049357 4.2818550169467917 7.8609385248273602 12.145467004273085 6.7307669923175117 51.726562887663022 72.582093012053519 804.92825452788384 54.724817152833566 95.33274007588625 3.9291726499795905 7.6726496964693061 36.638506419956684 3.7782639469951382 67.776422470109537 1491.3739869631827 125.02445180085488 707.76882562600076 128.25903147819918 3.7904738597571841 25.094996705651283 85.894245688337833 470.65991069748998 2309.6725546956295 375.51781711727381 194.79781863093376 2722.5473137799418 2.450584220699966
leaf_count=525 26 35 68 41 268 385 4606 304 479 17 33 214 28 457 7005 930 3204 752 19 115 494 2087 11002 1852 831 13141 17
internal_value=-1.15168e-06 -0.00244227 0.0104536 -0.00477355 0.00845895 0.0198639 -0.00251117 -0.0160086 -0.00778056 -0.00297909 -0.0294673 -0.00247652 0.0003203 -0.00142497 -0.000768044 0.00769399 -0.00150992 -0.0127885 -0.0150264 0.00102483 -0.000375709 0.00541958 0.00264604 0.00905582 0.00162074 -0.00151966 0.0346528
internal_weight=9956.67 1158.55 177.374 981.179 173.093 84.7276 816.718 164.461 102.064 808.857 62.3975 88.3651 8798.12 2530.22 2391.94 192.801 2199.14 138.278 132.05 6267.89 3362.81 554.369 2905.08 400.613 2504.47 2808.44 6.22885
internal_count=48935 6476 961 5515 935 453 4658 857 520 4623 337 482 42459 12412 11596 1387 10209 816 771 30047 16247 2612 13800 1967 11833 13635 45
is_linear=0
shrinkage=0.05


Tree=183
num_leaves=17
num_cat=0
split_feature=11 11 4 10 2 15 16 32 18 18 4 16 18 24 39 42
split_gain=3.04992 6.99707 5.27433 3.30079 6.57027 7.78778 9.91979 6.63081 5.23868 12.0839 18.625 13.2588 6.42071 8.8517 6.30176 1.95692
threshold=64.500000000000014 67.500000000000014 1.2980000000000003 1.5000000000000002 29.500000000000004 0.89100000000000013 0.76600000000000013 0.50500000000000012 0.70000000000000007 0.74166666666666681 1.4750000000000003 0.57800000000000007 0.59166666666666679 2.5275000000000003 2.7315000000000005 0.27000000000000007
decision_type=2 2 2 2 2 2 2 2 2 2 2 2 2 2 2 2
left_child=3 2 -2 4 5 6 -1 -7 12 10 -10 -11 14 -14 -5 -6
right_child=1 -3 -4 8 15 7 -8 -9 9 11 -12 -13 13 -15 -16 -17
leaf_value=-0.0043740410677449663 -0.086856579611133605 0.025872337297374579 -0.012260789251076973 -6.6369193706672922e-05 0.058497685096412226 -0.0015375511755900664 -0.066338666511442393 0.011004462631336562 -0.021964209795809753 0.0070808425617738622 0.0039613351813423923 -0.0068624283153390728 8.2218580343879714e-05 0.0077377686467893034 -0.0063134865028400492 0.016869644463419077
leaf_weight=133.32456900924444 4.5477558821439725 4.8413973003625861 4.9475503265857697 6351.0828302886803 6.6940734982490522 172.04987852391787 6.7876718193292609 271.96804184513167 182.6747340564616 335.2381046108203 111.59645246062428 346.94626533903647 967.60878535886877 619.218046749942 431.08529502491001 4.8822828680276871
leaf_count=598 20 21 21 31371 29 848 33 1333 866 1492 504 2078 4600 2934 2166 21
internal_value=-1.12374e-06 -0.0230461 -0.0479883 3.21107e-05 0.00364076 0.00290154 -0.00737589 0.00614463 -0.000197915 -0.00366362 -0.0121325 -1.04453e-05 0.000206447 0.0030696 -0.000463446 0.0409412
internal_weight=9955.49 14.3367 9.49531 9941.16 595.707 584.13 140.112 444.018 9345.45 976.456 294.271 682.184 8368.99 1586.83 6782.17 11.5764
internal_count=48935 62 41 48873 2862 2812 631 2181 46011 4940 1370 3570 41071 7534 33537 50
is_linear=0
shrinkage=0.05


Tree=184
num_leaves=22
num_cat=0
split_feature=14 4 22 22 44 39 44 7 10 15 27 10 15 40 13 29 4 25 6 3 13
split_gain=3.09043 5.02424 4.78528 4.62933 4.59281 9.91009 7.67 6.60909 5.63214 5.61541 4.90287 4.40199 7.1305 4.3585 2.6425 2.07812 1.66706 4.18492 1.29682 0.213403 0.00820302
threshold=0.60350000000000004 0.66100000000000014 -0.96666666666666645 -0.92499999999999982 0.51900000000000013 2.6990000000000003 0.51150000000000018 0.28900000000000003 1.5000000000000002 1.1345000000000003 0.23150000000000004 1.5000000000000002 0.89100000000000013 0.74900000000000011 1.8595000000000004 1.9520000000000002 2.2040000000000006 507.50000000000006 0.87250000000000016 0.96650000000000003 1.0605000000000002
decision_type=2 2 2 2 2 2 2 2 2 2 2 2 2 2 2 2 2 2 2 2 2
left_child=1 15 14 -4 6 9 7 -3 -7 -6 -8 12 -5 -13 -2 -1 19 -18 20 -16 -17
right_child=2 4 3 11 5 8 10 -9 -10 -11 -12 13 -14 -15 16 18 17 -19 -20 -21 -22
leaf_value=0.065168880291355022 -0.040716876695034536 0.002052125093230113 -0.037773383846408874 -0.0046621171199925813 0.049745637761492878 0.023515039538180574 -0.064913551090959448 -0.015903343132556879 -0.065742062249242547 0.0061117852768685123 -0.01652184023041035 0.00078735344360707075 0.0086225497305628101 -0.0014472537706345732 0.072430412506142391 -0.051670008415434787 -0.099870174742649379 0.053445034725674204 0.018738348575648038 0.052614614157934392 -0.055409965859334824
leaf_weight=0.42356796644162287 0.96180862188339045 163.57046229531989 8.0519809909164888 142.28013181686401 13.392023938475178 2.6168751660734397 8.1934743998572248 74.633148326305673 5.4443605141714215 16.407101610675454 14.492011375259606 5538.2288941243896 348.21953869378194 3600.8656269424828 2.6000025868415833 2.0085037120734324 0.61780190840363536 1.5922334719216449 0.65984293608926226 2.845821488648653 5.4296946860849857
leaf_count=30 4 1116 37 632 108 15 58 511 56 103 105 26776 1600 17217 15 216 36 98 12 106 84
internal_value=-1.06616e-06 -0.00493746 0.000156177 0.000122877 -0.00385764 0.0124163 -0.00621932 -0.00357362 -0.036767 0.0257213 -0.0339998 0.000154564 0.00476904 -9.30971e-05 0.0373983 -0.0427937 0.0472119 0.0105867 -0.0484406 0.0620753 -0.0544001
internal_weight=9953.53 307.271 9646.26 9637.65 298.749 37.8604 260.889 238.204 8.06124 29.7991 22.6855 9629.59 490.5 9139.09 8.61767 8.52161 7.65586 2.21004 8.09804 5.44582 7.4382
internal_count=48935 2414 46521 46262 2072 282 1790 1627 71 211 163 46225 2232 43993 259 342 255 134 312 121 300
is_linear=0
shrinkage=0.05


Tree=185
num_leaves=30
num_cat=0
split_feature=14 23 22 22 19 40 11 22 19 17 4 20 20 17 3 6 7 17 9 3 27 23 7 8 16 22 40 43 3
split_gain=3.14029 5.90196 10.5461 7.62298 7.69897 6.97096 9.63377 9.04757 8.9192 6.82976 6.38863 8.39904 6.25678 5.7663 4.78204 10.3462 8.69836 8.59711 8.00242 9.15936 9.02355 8.43929 7.98717 7.76624 9.15362 8.10959 7.65712 6.90208 4.00689
threshold=1.2155000000000002 0.222 0.5916666666666669 -0.59166666666666645 1.7875000000000003 0.74900000000000011 7.5000000000000009 0.19999999999999998 2.0425000000000004 0.53100000000000014 0.84800000000000009 -3.4999999999999996 -12.499999999999998 0.22450000000000003 1.1695000000000002 0.41300000000000003 0.057500000000000002 0.35500000000000004 0.89100000000000013 0.90250000000000019 0.24050000000000002 0.58100000000000018 0.24550000000000002 0.56944444444444453 0.10400000000000001 0.48333333333333339 0.68100000000000016 0.73750000000000016 1.1130000000000002
decision_type=2 2 2 2 2 2 2 2 2 2 2 2 2 2 2 2 2 2 2 2 2 2 2 2 2 2 2 2 2
left_child=1 5 3 -3 -5 10 7 -7 -8 12 13 -12 -4 -1 18 16 27 -18 19 20 -2 26 -21 24 -17 -25 -20 -16 -23
right_child=14 2 9 4 -6 6 8 -9 -10 -11 11 -13 -14 -15 15 23 17 -19 21 22 -22 28 -24 25 -26 -27 -28 -29 -30
leaf_value=0.0015601685358420398 -0.0095086889090472172 -0.070343470099720681 -0.052206483540607862 -0.0072520369457537183 0.0044976207868025857 0.0094957137106899403 -0.0069784088014006223 0.08230082229847252 0.0027216475075374728 0.090739371103776181 0.026727517015252025 0.0021344866112930991 0.015301208416319996 -0.017292874184765657 0.057503797616679203 0.015187027684948732 0.0074381489271502692 -0.0053644865163350952 -0.030452830339008259 0.02147720329931703 0.0038926638448419978 -0.01681787016399074 0.0025261624642746085 0.0049057350903352372 -0.0056602432449844309 -0.0023560893222356804 -0.0023427487180537484 0.0062393359833529533 -0.060643632212609822
leaf_weight=82.172691877232864 184.52149615250528 4.5189737603068343 3.6360224746167651 820.33095823694021 167.96560671646148 79.250839967658976 812.51684581302106 4.5100979227572671 334.56407165899873 2.8396774828433982 35.36275197006762 1902.0158217393328 61.257582755060866 80.085255199490348 14.592529672197999 57.00884415442124 834.43192089442164 155.57562695397064 24.675244126468897 106.08241464942694 393.42164476169273 13.130021016113462 116.83191115036607 993.63779448042624 689.34892072714865 627.0886715099914 1330.5521703031845 11.93656277307309 8.6521539092063886
leaf_count=461 841 21 19 4072 814 816 3658 42 1534 15 164 9268 426 618 137 359 3838 798 115 510 1952 95 525 4821 3119 3619 6126 105 47
internal_value=-1.09919e-06 -0.00100064 -0.00424907 -0.00555139 -0.00525513 3.378e-05 -0.0029539 0.0134159 -0.00414924 0.01484 0.00178521 0.00258338 0.0115187 -0.00774508 0.00078808 0.00196435 0.0061834 0.00542627 -0.00103941 0.00293484 -0.000386023 -0.00335081 0.0115447 0.000152491 -0.00406787 0.002096 -0.00285456 0.0344377 -0.034226
internal_weight=9952.52 4391.03 1060.55 992.816 988.297 3330.48 1230.84 83.7609 1147.08 67.7333 2099.64 1937.38 64.8936 162.258 5561.49 3383.62 1016.54 990.008 2177.87 800.857 577.943 1377.01 222.914 2367.08 746.358 1620.73 1355.23 26.5291 21.7822
internal_count=48935 21928 5367 4907 4886 16561 6050 858 5192 460 10511 9432 445 1079 27007 16796 4878 4636 10211 3828 2793 6383 1035 11918 3478 8440 6241 242 142
is_linear=0
shrinkage=0.05


Tree=186
num_leaves=19
num_cat=0
split_feature=25 39 7 19 8 19 39 14 42 6 21 6 14 21 21 14 2 8
split_gain=3.07441 6.76299 7.11148 7.63074 7.01411 5.7674 5.7438 5.43762 5.91713 5.3666 10.8363 7.05238 5.28419 3.80838 3.80078 3.81028 5.64276 4.5412
threshold=513.50000000000011 2.5030000000000006 0.24050000000000002 1.9245000000000003 0.4555555555555556 2.0375000000000001 2.8350000000000004 1.5810000000000002 0.24150000000000002 0.31700000000000006 -3.4999999999999996 0.29500000000000004 1.768 41.500000000000007 -41.499999999999993 0.40450000000000003 13.500000000000002 1.0000000180025095e-35
decision_type=2 2 2 2 2 2 2 2 2 2 2 2 2 2 2 2 2 2
left_child=13 2 3 4 -2 -5 9 8 -4 11 -11 -3 -9 14 -1 16 -16 -17
right_child=1 6 7 5 -6 -7 -8 12 -10 10 -12 -13 -14 -15 15 17 -18 -19
leaf_value=-0.045855229900834515 0.049448621090068264 -0.0090420096307059061 -0.027416348992961827 -0.061531680148225888 0.012884197244704899 0.014593594296749422 0.042995180300057917 0.050269981602134819 0.0094089136868711863 0.015992928567472489 -0.0059937948264126703 -0.039840974632101039 -0.016084286329741279 -0.033866332941501445 -0.011986916887272511 0.0092410374058567064 0.079695953768503483 0.00026024677910488076
leaf_weight=4.4620888829231253 19.774582721292973 207.6323069932987 28.458540011197329 4.8063517585396749 38.950077620334923 5.1583499880507588 6.1120510823093346 7.5358651429414731 17.688453738694079 67.993878155946732 318.75759740150534 20.414187535643578 4.9853274542838335 8.1729779392480832 84.424306273984257 143.00794987729751 1.7122830003499974 8958.1623127016937
leaf_count=19 91 1065 141 23 189 32 36 35 89 312 1575 94 27 36 1015 925 10 43221
internal_value=-1.11547e-06 -0.00308319 0.00741255 0.0183318 0.0251967 -0.0221245 -0.00523601 -0.00537187 -0.013301 -0.0057155 -0.00212836 -0.0117991 0.023851 0.000249561 0.000279896 0.000302303 -0.0101644 0.000401363
internal_weight=9948.21 748.268 127.358 68.6894 58.7247 9.9647 620.91 58.6682 46.147 614.798 386.751 228.046 12.5212 9199.94 9191.77 9187.31 86.1366 9101.17
internal_count=48935 3709 627 335 280 55 3082 292 230 3046 1887 1159 62 45226 45190 45171 1025 44146
is_linear=0
shrinkage=0.05


Tree=187
num_leaves=26
num_cat=0
split_feature=8 9 13 26 8 26 21 9 13 4 39 40 17 36 41 1 4 2 11 8 44 39 16 36 41
split_gain=3.15473 11.3831 8.91638 7.70569 6.17514 5.23237 4.52856 9.59094 5.84719 6.63386 8.97907 5.6812 5.64298 5.94738 5.58821 5.94546 4.76263 4.56879 4.28843 3.79899 3.29271 3.08164 1.96722 1.79227 2.08011
threshold=0.18333333333333332 1.3655000000000002 0.66100000000000014 0.10250000000000002 0.12222222222222222 0.31250000000000006 -24.499999999999996 1.1405000000000001 1.8545000000000003 0.83650000000000013 2.6060000000000003 0.70200000000000007 0.7320000000000001 0.31750000000000006 0.52750000000000019 18.500000000000004 1.2455000000000003 25.500000000000004 45.500000000000007 0.36666666666666675 0.51350000000000018 2.6190000000000002 0.35500000000000004 0.34200000000000003 0.44700000000000006
decision_type=2 2 2 2 2 2 2 2 2 2 2 2 2 2 2 2 2 2 2 2 2 2 2 2 2
left_child=1 2 23 -4 -5 21 7 14 12 10 -10 -11 13 -8 15 -2 -14 -9 -16 -19 22 -3 -7 -1 -25
right_child=6 5 3 4 -6 20 8 17 9 11 -12 -13 16 -15 18 -17 -18 19 -20 -21 -22 -23 -24 24 -26
leaf_value=0.02500752810757674 0.010918807153158808 0.014670288747434541 -0.053011553682639927 0.0030726012365626348 -0.005398357664362299 -0.03626757111170454 0.015564116612040458 -0.0091954241103674086 0.0047242393191460827 -0.00661860288228815 -0.022943149281083142 0.0071744067620563446 -0.046701348200636372 -4.6017452763549393e-05 -0.071176577219021819 -0.0085811273726648252 0.002817338961561252 -0.029455127832864358 -0.01453458731637748 -0.087665306178810909 -0.0076509040486294633 -0.037277405434622622 -0.06975322948186892 0.0058575539557472311 -0.046409323831840467
leaf_weight=1.1324862325564051 63.874568179249763 7.7025320678949338 7.0542368106544009 503.8281266100239 375.47039336943999 7.8402159214019838 61.499189986847341 6.675911188125613 70.59625081717968 83.040468594525009 50.161066765896976 739.34820642636623 11.876899313007018 7785.1271090565133 4.8902667313814154 100.73851881921291 8.2137012444436532 5.1151796132326108 10.552371859550474 6.2005995661020279 4.626126527786254 4.5361922383308411 9.9554480910301191 2.1743490633089122 15.287095004692672
leaf_count=18 278 34 39 2876 1866 40 323 29 352 435 251 3799 388 37291 21 436 49 22 45 27 20 20 45 33 198
internal_value=-1.08037e-06 -0.00275805 -0.00168101 -0.000962164 -0.000544594 -0.0308785 0.000286497 -0.00719068 0.000454586 0.00417479 -0.00676844 0.00578166 8.56805e-06 7.63295e-05 -0.00371253 -0.0010146 -0.0264565 -0.041999 -0.0324716 -0.061352 -0.0452312 -0.00458374 -0.0550005 -0.0359476 -0.0399009
internal_weight=9947.52 939.607 904.947 886.353 879.299 34.6605 9007.91 198.047 8809.86 943.146 120.757 822.389 7866.72 7846.63 180.056 164.613 20.0906 17.9917 15.4426 11.3158 22.4218 12.2387 17.7957 18.5939 17.4614
internal_count=48935 5189 5030 4781 4742 159 43746 858 42888 4837 603 4234 38051 37614 780 714 437 78 66 49 105 54 85 249 231
is_linear=0
shrinkage=0.05


Tree=188
num_leaves=20
num_cat=0
split_feature=3 13 22 39 22 24 15 5 19 8 14 25 3 1 14 13 24 13 43
split_gain=3.05003 3.11091 7.84232 4.49037 4.88398 3.87116 4.08903 5.90889 5.20562 3.05734 1.7592 0.913458 0.248632 0.00309606 0.00217296 0.00111613 0.000690207 6.12174e-06 8.45891e-06
threshold=3.0625000000000004 0.50850000000000006 -0.074999999999999942 2.8230000000000008 0.8500000000000002 5.041500000000001 -1.6199999999999999 1.1455000000000002 0.44600000000000006 1.0000000180025095e-35 2.4085000000000005 512.50000000000011 1.3585000000000003 7.5000000000000009 3.5500000000000003 0.74550000000000016 5.041500000000001 0.98350000000000015 0.74950000000000017
decision_type=2 2 2 2 2 2 2 2 2 2 2 2 2 2 2 2 2 2 2
left_child=1 2 9 4 -4 6 7 -3 -8 -1 -7 14 -11 -12 15 -2 -17 -16 -19
right_child=11 5 3 -5 -6 10 8 -9 -10 12 13 -13 -14 -15 17 16 -18 18 -20
leaf_value=0.0032124327378057317 0.054563070741193535 -0.023258834228024883 -0.0023976686794656538 0.059426434776516435 -0.029078578074873573 -0.046622586370966855 0.00962241521733667 0.037718826207285075 3.0449954328137842e-05 -0.057927704422334719 0.051537431881650768 -0.0094633064663692257 -0.079615924146735101 0.054114607331668424 0.050846805721164484 0.053697562573625714 0.051389403693672148 0.050447911385389059 0.050927969840667831
leaf_weight=2.2762317759916177 1.2289953734725712 34.048950433731079 249.8490421839233 2.7993390713818362 18.41614949866198 0.4908527210354795 143.59250149317086 4.4976624846458426 9472.3267107100692 6.3899566295731329 2.2309901801636443 0.70926246233284462 1.6659720176830886 2.4398018810898066 0.58551056217402198 0.60515602072700836 0.69682963099330664 0.2937379814684391 0.13345302070956677
leaf_count=30 21 198 1781 23 430 8 868 38 44995 141 173 24 13 41 38 14 34 52 13
internal_value=-1.17544e-06 -1.92865e-05 -0.00520154 -0.0035719 -0.00422929 0.000131679 0.000108535 -0.0161439 0.000173685 -0.0479552 0.043421 0.0423323 -0.0624128 0.0528836 0.0526992 0.0534824 0.0524622 0.0507418 0.0505979
internal_weight=9945.28 9941.02 281.397 271.065 268.265 9659.63 9654.47 38.5466 9615.92 10.3322 5.16164 4.25295 8.05593 4.67079 3.54368 2.53098 1.30199 1.0127 0.427191
internal_count=48935 48739 2418 2234 2211 46321 46099 236 45863 184 222 196 154 214 172 69 48 103 65
is_linear=0
shrinkage=0.05


Tree=189
num_leaves=27
num_cat=0
split_feature=3 44 18 39 0 1 9 36 30 11 27 25 39 34 30 7 5 39 30 23 7 17 6 23 39 6
split_gain=2.97571 6.78504 6.74503 5.14496 6.19614 4.81552 4.81469 5.75766 6.69611 6.43894 7.13442 4.89529 4.26509 4.13429 3.84152 6.15599 4.53387 3.79156 6.73848 5.37794 3.74161 12.4839 10.029 3.62286 5.35944 4.73816
threshold=0.71700000000000008 0.50450000000000006 0.14999999999999999 2.6970000000000005 15.500000000000002 3.5000000000000004 0.34050000000000008 0.51650000000000007 1.5790000000000004 4.5000000000000009 0.24150000000000002 509.50000000000006 2.4980000000000007 0.52900000000000014 1.5740000000000001 0.21950000000000003 -0.9534999999999999 2.3915000000000002 1.3690000000000002 -0.23099999999999982 0.28900000000000003 0.075500000000000012 0.18900000000000003 0.12050000000000007 2.5155000000000003 0.32700000000000007
decision_type=2 2 2 2 2 2 2 2 2 2 2 2 2 2 2 2 2 2 2 2 2 2 2 2 2 2
left_child=1 2 23 5 -5 -4 7 8 11 13 -11 -2 -3 -9 15 -14 -16 18 -8 -20 22 -22 -19 24 -1 -25
right_child=6 12 3 4 -6 -7 17 9 -10 10 -12 -13 14 -15 16 -17 -18 20 19 -21 21 -23 -24 25 -26 -27
leaf_value=-0.067171367911204566 0.013441564642460392 0.052407502154685363 -0.010962342761236261 -0.033783978784073347 0.0039366584349042463 -0.00018947003972729303 0.056518960442558608 0.054987591479164988 -0.054176581904266941 -0.049540316465420876 0.019956521247978018 0.054792686961276517 -0.0044210741577994737 -0.067997376270435658 -0.00011663252229961235 0.01404816164354597 -0.048980592237459368 0.0088073597360597555 0.023126699610456151 -0.00048104474697944778 0.011268074096936698 -0.002419036950584038 0.00022576050082427374 0.058969391791170327 -0.019524848441122102 -0.043795146149090969
leaf_weight=8.7345922401873448 13.346794161945587 4.6238107421668238 138.68887147697387 30.051675001246622 17.071323227137327 411.57793175789993 6.9676763340830794 5.2814740927424308 2.2376888745930037 9.2347638290375453 6.1537418868392697 15.433311169734223 78.578322959830984 0.78489194554276753 14.489300563465806 105.94979703228455 7.060320122021948 361.3904588483274 33.173614516854286 88.430819056462497 178.4572140336968 2506.7016017866554 5877.2467498360202 2.5236274953931561 18.199148283340037 2.0190739231184125
leaf_count=59 118 33 1180 190 87 2182 34 135 26 65 41 163 468 15 93 674 50 1602 149 422 955 11986 28038 24 113 33
internal_value=-1.08669e-06 -0.00284938 -0.00545117 -0.00426254 -0.0201189 -0.00290466 0.000261557 0.0153635 0.0291382 -0.00455099 -0.0217491 0.0356161 0.00491602 0.0390753 0.00385044 0.00618334 -0.016126 0.000174018 0.00869911 0.00595913 5.11902e-05 -0.00150938 0.000722874 -0.0280101 -0.0349766 0.0132941
internal_weight=9944.41 839.568 628.866 597.39 47.123 550.267 9104.84 52.4727 31.0178 21.4549 15.3885 28.7801 210.702 6.06637 206.078 184.528 21.5496 9052.37 128.572 121.604 8923.8 2685.16 6238.64 31.4764 26.9337 4.5427
internal_count=48935 5186 3868 3639 277 3362 43749 563 307 256 106 281 1318 150 1285 1142 143 43186 605 571 42581 12941 29640 229 172 57
is_linear=0
shrinkage=0.05


Tree=190
num_leaves=27
num_cat=0
split_feature=14 33 6 14 24 19 0 22 4 0 22 7 23 39 15 36 36 29 40 3 3 29 32 4 17 37
split_gain=2.94829 10.5626 9.08914 9.00887 8.70173 6.56105 6.38211 6.00446 12.9764 11.2894 7.15968 11.2898 6.69575 5.94808 5.4607 4.9286 4.78496 6.07794 7.4467 5.67541 8.73489 5.63548 4.94199 3.00709 5.0847 0.252151
threshold=1.1130000000000002 0.41050000000000003 0.26800000000000007 1.0365000000000002 2.1830000000000003 1.6730000000000003 13.500000000000002 -0.19999999999999993 0.83650000000000013 3.5000000000000004 0.21111111111111114 0.12250000000000001 1.0010000000000006 2.4850000000000008 1.4035000000000002 0.60000000000000009 0.52650000000000008 2.6205000000000003 0.72350000000000014 1.8480000000000003 1.7070000000000001 2.8915000000000002 0.39950000000000008 1.7925000000000002 0.28300000000000008 0.43900000000000006
decision_type=2 2 2 2 2 2 2 2 2 2 2 2 2 2 2 2 2 2 2 2 2 2 2 2 2 2
left_child=1 7 3 6 5 -4 -3 8 15 -10 11 -9 -12 -6 16 -1 17 22 -19 20 -18 -21 -2 25 -25 -16
right_child=14 2 4 -5 13 -7 -8 10 9 -11 12 -13 -14 -15 23 -17 19 18 -20 21 -22 -23 -24 24 -26 -27
leaf_value=-0.018615589791493414 -0.0013696175190508093 -0.054644379391649782 -0.040136978114295285 -0.088777375677510775 -0.081973609856655555 0.02415470620388889 -0.0066611345193648757 0.0066068695698430508 0.028580576593536591 0.0016495071048642587 0.00552740403244378 -0.0063997532760805779 -0.01283205548100331 -0.015736561984538957 0.046102713479168861 -0.06964594206815819 0.0026746742849401545 0.0023683871456039629 -0.0065279347938680624 0.017143945680263669 -0.0084921527665759063 0.0037595574628505272 0.0024471268473472696 0.055543151067988183 -0.095071926211904634 0.065989130003073201
leaf_weight=40.91575605593971 1577.5781826265156 11.282699006958866 4.7211538348346975 6.8761387169361106 3.8326182588934889 24.885033249855042 17.962472646730021 195.39055859204382 39.982607126235962 1455.7661283507477 360.4306936628418 1141.7662284224934 57.597470153821632 29.304511170834303 2.809436444193123 5.3502967264212193 1508.4083610144444 348.62846798403189 723.13227821071632 120.20559720834717 198.12215182930231 227.46848473383579 1834.187250479823 1.3016066789859908 0.98397942446172226 3.6844646260142326
leaf_count=299 7662 67 30 30 19 112 97 1021 172 7314 1957 5876 301 135 19 29 6812 1634 3449 834 946 1608 8440 38 11 23
internal_value=-1.13127e-06 -0.00119656 -0.0173 -0.0372808 -0.00579708 0.0139024 -0.0251729 -0.000713704 0.00156271 0.0023694 -0.00271365 -0.00449917 0.00299777 -0.0233975 0.000619007 -0.0245168 0.000566088 -0.000349516 -0.00363409 0.00256449 0.00137825 0.00838711 0.000682289 0.0400255 -0.00929892 0.0573857
internal_weight=9942.57 3396.06 98.8646 36.1213 62.7433 29.6062 29.2452 3297.2 1542.01 1495.75 1755.18 1337.16 418.028 33.1371 6546.51 46.2661 6537.73 4483.53 1071.76 2054.2 1706.53 347.674 3411.77 8.77949 2.28559 6.4939
internal_count=48935 17459 490 194 296 142 164 16969 7814 7486 9155 6897 2258 154 31476 328 31385 21185 5083 10200 7758 2442 16102 91 49 42
is_linear=0
shrinkage=0.05


Tree=191
num_leaves=29
num_cat=0
split_feature=8 22 7 8 42 1 39 9 3 1 20 15 59 17 21 20 31 15 9 13 4 39 26 7 36 13 3 17
split_gain=2.9381 11.7248 10.0787 9.38005 10.2289 7.13981 9.77993 7.18412 7.12774 6.82027 6.68499 6.60584 4.82749 4.76939 4.12053 9.53057 8.27249 6.488 5.36989 5.29727 5.79783 8.16169 5.58899 5.41338 5.21269 5.18846 2.77059 2.76537
threshold=0.18333333333333332 -0.19999999999999993 0.26200000000000007 0.12222222222222222 0.22300000000000003 17.500000000000004 2.7775000000000003 0.87750000000000006 1.5310000000000001 23.500000000000004 -2.4999999999999996 0.95350000000000013 27.500000000000004 0.29800000000000004 -24.499999999999996 13.500000000000002 0.79800000000000015 1.4900000000000002 1.1405000000000001 1.8545000000000003 0.83650000000000013 2.6060000000000003 0.34450000000000003 0.8660000000000001 0.46300000000000008 1.8195000000000003 1.4820000000000004 0.18650000000000003
decision_type=2 2 2 2 2 2 2 2 2 2 2 2 2 2 2 2 2 2 2 2 2 2 2 2 2 2 2 2
left_child=1 2 3 9 -5 6 10 13 11 -1 -3 -4 -9 -7 15 17 24 18 -2 23 21 -21 -22 25 -17 -16 -25 -18
right_child=14 5 8 4 -6 7 -8 12 -10 -11 -12 -13 -14 -15 19 16 27 -19 -20 20 22 -23 -24 26 -26 -27 -28 -29
leaf_value=0.00068095149999311121 -0.0072626763392781447 0.042777150655559364 0.010329687126568584 0.033330445414810395 -0.023955134857644868 -0.034741579959117794 0.072486975648261301 -0.064017983345742477 -0.0483537332890632 -0.021405044315947246 -0.016880554018954066 -0.0061476821850911662 -0.014954237534394172 0.037890600844630612 0.00020805851138554896 0.014183518462583162 0.027150783445883554 -0.069599296820116646 -0.037387361960734375 0.004704707960432721 0.0031234529583845211 -0.021709125783906821 0.01269348561734663 -0.052833455899972494 -0.034928973010936379 -0.010965744403197671 0.010123723025575106 0.081098904396605748
leaf_weight=324.04530335293384 137.76863227784634 5.0107303224503985 273.78946683049435 8.5239489078521711 90.81746582663618 4.5285776108503324 3.4810470589436582 18.164655148983005 5.9859258569777003 39.18134468793869 74.708310015208554 78.199684828519821 6.9247282594442359 4.5121994763612747 7748.2275931348559 22.104661881923679 4.4731169119477254 4.7875630408525458 16.572664380073547 70.433612922206521 618.38500365929212 50.010812876746058 202.52785559056792 7.2360050299030245 7.1504993289709082 105.3025589287281 2.3039215877652168 5.0653529241681099
leaf_count=2062 597 28 1358 39 406 24 21 95 33 171 472 420 36 24 37193 95 21 21 72 352 3071 251 1163 368 30 478 12 22
internal_value=-9.80401e-07 -0.00266423 -0.000550228 -0.00542505 -0.0190398 -0.0174484 -0.00954858 -0.0367059 0.00574892 -0.00170147 -0.0131308 0.00666899 -0.0504763 0.00150872 0.000276479 -0.00685815 0.0153635 -0.0122755 -0.0104974 0.000436865 0.00398144 -0.00626282 0.00548448 1.25123e-05 0.00217952 5.82367e-05 -0.0376291 0.0557996
internal_weight=9940.22 937.873 820.543 462.568 99.3414 117.33 83.2001 34.1302 357.975 363.227 79.719 351.989 25.0894 9.04078 9002.35 197.922 38.7936 159.129 154.341 8804.43 941.357 120.444 820.913 7863.07 29.2552 7853.53 9.53993 9.53847
internal_count=48935 5189 4489 2678 445 700 521 179 1811 2233 500 1778 131 48 43746 858 168 690 669 42888 4837 603 4234 38051 125 37671 380 43
is_linear=0
shrinkage=0.05


Tree=192
num_leaves=28
num_cat=0
split_feature=41 39 40 30 11 27 5 40 18 40 40 11 25 34 9 4 11 30 3 0 4 14 9 16 24 36 4
split_gain=2.89276 5.60793 9.52798 10.8098 10.4671 8.87806 8.13223 7.10791 6.87146 5.34423 8.34884 9.01961 8.31469 9.26 7.15265 5.80337 5.17746 6.68975 5.61092 8.12038 5.99742 5.96639 6.29715 5.48083 5.35614 3.05477 2.61066
threshold=0.45350000000000007 2.5010000000000003 0.70550000000000013 1.4955000000000003 23.500000000000004 0.21150000000000002 -0.9534999999999999 0.70750000000000013 0.43055555555555564 0.71500000000000008 0.72800000000000009 6.5000000000000009 505.50000000000006 0.40750000000000003 1.2125000000000001 0.85950000000000004 55.500000000000007 1.5500000000000003 1.2620000000000002 12.500000000000002 1.9110000000000003 0.7965000000000001 1.1635000000000002 0.68300000000000016 2.1685000000000003 0.57100000000000006 1.3205000000000002
decision_type=2 2 2 2 2 2 2 2 2 2 2 2 2 2 2 2 2 2 2 2 2 2 2 2 2 2 2
left_child=16 2 5 4 -4 8 -7 -5 -2 12 11 -11 14 -14 -3 -12 18 26 19 20 -1 22 -20 -21 -23 -19 -18
right_child=1 9 3 7 -6 6 -8 -9 -10 10 15 -13 13 -15 -16 -17 17 25 21 23 -22 24 -24 -25 -26 -27 -28
leaf_value=-0.010915012052750764 0.026914816715227732 0.0024586930889460359 0.010013721052942244 0.042044193432855932 -0.016690407244668411 -0.031590033248233583 -0.0023861395382676464 0.014037332643166936 0.00075144529999715917 0.017998449808729482 -0.0045831357438740295 0.002997218755586074 0.010878091924088788 -0.0036972037826929595 -0.026538272328318475 0.00033003926498118095 0.079360984063684969 -0.033522661991826241 -0.078513963020995059 0.0020049720616517864 0.04634369707821602 0.051759134160996895 -0.010752581947593851 -0.026175371018083329 0.0017071247296661695 0.022293781987447622 0.027140492837868752
leaf_weight=396.60322837444255 44.67240876541473 31.34692085464485 99.285277412040159 25.667324314825237 58.208885185420513 25.815279275178909 311.21263130730949 192.99705250776606 57.266942342277616 113.2975218675565 684.83294353951351 866.86926326155663 123.99195187969599 899.60644770693034 66.134896423202008 4911.5793153488776 4.7982268035411852 4.8730085939168912 3.6987127959728232 303.8178557746578 4.626562235876917 5.3909759223461142 46.95303097832948 18.293038248550147 626.89372752094641 4.9325020611286163 4.7752925306558609
leaf_count=2072 220 154 548 130 267 154 1520 923 266 877 3816 4021 640 4434 305 23580 21 21 17 1486 39 24 244 131 2984 21 20
internal_value=-1.05745e-06 0.000348033 0.00429172 0.0101314 0.000144038 -0.000712399 -0.00462307 0.0173248 0.0122169 -6.95741e-05 0.000474366 0.00473121 -0.00326049 -0.00193165 -0.0172138 -0.000271186 -0.00208553 0.0235824 -0.00243924 -0.00550805 -0.0102548 0.000811131 -0.0157007 0.000404579 0.00213388 -0.00544511 0.0533133
internal_weight=9938.44 8512.79 815.126 376.159 157.494 438.967 337.028 218.664 101.939 7697.66 6576.58 980.167 1121.08 1023.6 97.4818 5596.41 1425.66 19.379 1406.28 723.341 401.23 682.936 50.6517 322.111 632.285 9.80551 9.57352
internal_count=48935 41855 4028 1868 815 2160 1674 1053 486 37827 32294 4898 5533 5074 459 27396 7080 83 6997 3728 2111 3269 261 1617 3008 42 41
is_linear=0
shrinkage=0.05


Tree=193
num_leaves=20
num_cat=0
split_feature=3 4 43 14 11 8 8 18 21 24 22 14 21 44 21 3 14 21 24
split_gain=2.85547 3.50122 3.09527 3.14445 5.01407 3.04211 7.28059 19.7001 6.58394 6.50619 6.08147 2.84414 3.47627 2.11884 0.651779 0.00789487 0.00204692 0.00141187 0.000104546
threshold=3.0625000000000004 1.0000000180025095e-35 0.73000000000000009 1.2455000000000003 1.0000000180025095e-35 0.78888888888888908 0.70000000000000007 0.29999999999999999 -16.499999999999996 3.5580000000000003 0.56944444444444453 2.3100000000000001 4.5000000000000009 0.42900000000000005 7.5000000000000009 1.6545000000000003 1.3965000000000003 5.5000000000000009 6.1000000000000005
decision_type=2 2 2 2 2 2 2 2 2 2 2 2 2 2 2 2 2 2 2
left_child=1 2 3 15 -5 6 10 -8 -7 -10 -3 13 -13 -4 16 -1 -2 18 -18
right_child=14 5 11 4 -6 8 7 -9 9 -11 -12 12 -14 -15 -16 -17 17 -19 -20
leaf_value=-0.052052334036779092 0.055293695169118966 0.0002136951020326444 0.028592596916050636 -0.013142764257726284 0.072404306243078906 0.057724939441564684 0.0070032623961959906 -0.014648625371007584 0.00024556967932815764 0.0099774416266176225 -0.011522092836154204 0.063015903598126477 -0.034369210587026265 -0.055773443073878784 0.0037500062539926656 -0.058605533505567943 0.051523245137482715 0.053316117443155633 0.050678402311816841
leaf_weight=1.110749495826896 0.48335085809230749 8314.5201165908948 0.81090661248890583 4.8038026127032936 2.6620328389108181 5.3868898823857299 168.60117723862641 278.73436342936475 812.10799197293818 217.80038800498005 111.87383528146893 1.4485060768201941 2.4943797886371613 9.0503092870931123 0.8819578532129525 0.78399337083101261 0.51819356996566091 0.95052706822752941 1.2482718875398857
leaf_count=145 6 40227 23 124 19 24 807 1320 3597 1496 537 59 15 339 14 7 24 21 131
internal_value=-1.06724e-06 -1.82513e-05 -0.0194342 0.00276093 0.0173601 2.71381e-05 -0.000272103 -0.00648801 0.00259199 0.00230362 5.78838e-05 -0.0344848 0.00140736 -0.0488359 0.0418077 -0.0547639 0.0522957 0.0517623 0.0509262
internal_weight=9936.27 9932.19 23.1647 9.36058 7.46584 9909.02 8873.73 447.336 1035.3 1029.91 8426.39 13.8041 3.94289 9.86122 4.0823 1.89474 3.20034 2.71699 1.76647
internal_count=48935 48739 731 295 143 48008 42891 2127 5117 5093 40764 436 74 362 196 152 182 176 155
is_linear=0
shrinkage=0.05


Tree=194
num_leaves=31
num_cat=0
split_feature=25 23 23 23 4 7 9 39 3 8 13 40 3 23 23 13 24 28 4 37 18 6 7 1 44 13 40 4 31 44
split_gain=2.8291 6.5485 9.2862 10.4769 8.14759 7.94448 7.90554 10.6912 6.12491 5.97962 5.84921 5.48955 5.3271 4.75046 4.17964 3.62876 9.97608 7.73265 6.71937 6.31445 8.30708 7.71259 7.08195 7.22559 6.14658 6.0593 4.28715 3.99002 5.57082 2.86256
threshold=513.50000000000011 -0.047999999999999793 -0.30799999999999988 -0.56449999999999989 1.4035000000000002 0.16350000000000003 1.6130000000000002 2.4980000000000007 2.4045000000000001 0.63333333333333341 1.9455000000000002 0.78500000000000014 0.91850000000000021 -0.27799999999999986 1.1670000000000005 1.1060000000000001 3.8035000000000001 0.18450000000000003 0.40350000000000003 0.56100000000000005 0.70000000000000007 0.64150000000000007 0.41550000000000004 39.500000000000007 0.45150000000000007 1.1130000000000002 0.73150000000000015 1.2890000000000004 0.67300000000000015 0.52350000000000019
decision_type=2 2 2 2 2 2 2 2 2 2 2 2 2 2 2 2 2 2 2 2 2 2 2 2 2 2 2 2 2 2
left_child=15 2 3 4 -2 -5 7 12 10 -9 -8 13 -3 -4 -10 19 17 25 -19 22 21 -21 24 -24 -1 -17 -22 28 -18 -29
right_child=1 6 11 5 -6 -7 8 9 14 -11 -12 -13 -14 -15 -16 16 27 18 -20 20 26 -23 23 -25 -26 -27 -28 29 -30 -31
leaf_value=0.005627175546501972 -0.02860967194587774 -0.039599083253241629 -0.05313659033666205 0.036158423536896342 -0.0023260127564092643 0.0023208419016080718 -0.0081214355737900968 -0.00045622736931284779 -0.0048509508099391155 0.02647310766637774 0.050827486749854045 0.034442188061046583 0.041937329754147726 -0.018341562486709269 0.068070500915968862 0.031985251254787968 -0.04376247456161806 -0.023007286036021368 0.0013175740278020057 0.0040682562743825463 -0.0070110557935416859 -0.011650470601868728 -0.014035141858679469 0.050562258837000273 -0.00262973736867341 -0.0084221260013100079 -0.057677707464367657 0.051839805831150998 0.015824006128419641 0.0069530974503258696
leaf_weight=254.00813326984644 44.490731557831168 2.1579172621131901 10.865864396095274 23.083674132823944 87.418525417102501 69.790935511991847 202.91739067086019 136.21337310297531 3.3835434638895077 24.289967678487301 4.2972124386578789 4.5264785811305037 27.94274220103398 100.88912215828896 4.6871174015104771 9.5881662070751172 4.1628474425524464 28.54299327172339 5302.0962456134148 946.71362942704582 8.2119221817702073 85.048497536219656 163.94308356047259 4.4463650584220877 2000.6621235478669 286.5370325515978 8.4930985835380834 12.459007913421376 67.939132497645915 4.9682747579645357
leaf_count=1283 230 18 53 113 452 339 968 692 32 107 27 22 132 467 57 42 35 184 24404 5001 61 584 1232 19 9975 1331 66 335 568 106
internal_value=-1.00911e-06 -0.00296021 -0.00806736 -0.00213342 -0.011191 0.0107311 0.00133129 0.00874735 -0.00523456 0.00361916 -0.00689895 -0.0195383 0.036092 -0.0217247 0.0374989 0.000239569 0.00101393 0.000750456 0.00118733 -0.00103552 0.00220625 0.00277256 -0.00243825 -0.0123294 -0.00169952 -0.00711379 -0.0327708 0.0175731 0.0123837 0.0390432
internal_weight=9934.78 746.955 341.065 224.784 131.909 92.8746 405.889 190.604 215.285 160.503 207.215 116.281 30.1007 111.755 8.07066 9187.82 5716.29 5626.76 5330.64 3471.53 1048.47 1031.76 2423.06 168.389 2254.67 296.125 16.705 89.5293 72.102 17.4273
internal_count=48935 3709 1676 1134 682 452 2033 949 1084 799 995 542 150 520 89 45226 27005 25961 24588 18221 5712 5585 12509 1251 11258 1373 127 1044 603 441
is_linear=0
shrinkage=0.05


Tree=195
num_leaves=18
num_cat=0
split_feature=13 14 2 4 22 18 18 28 21 26 24 24 41 4 4 4 4
split_gain=2.83183 3.42946 4.52889 4.30858 5.72385 3.73303 12.7332 13.1921 7.15202 10.3636 7.01168 5.94705 2.06304 1.87425 0.0794367 0.00961462 0.000133928
threshold=3.4165000000000005 0.40450000000000003 13.500000000000002 2.5770000000000004 -0.92499999999999982 0.78888888888888908 0.70000000000000007 0.26450000000000007 -29.499999999999996 0.11250000000000002 1.9665000000000001 1.7970000000000004 0.49400000000000005 0.96650000000000003 1.4915000000000003 2.3800000000000003 3.3665000000000007
decision_type=2 2 2 2 2 2 2 2 2 2 2 2 2 2 2 2 2
left_child=1 2 3 4 -1 6 10 -8 11 -10 -3 -7 -5 -2 -15 -16 -17
right_child=13 5 -4 12 -6 8 7 -9 9 -11 -12 -13 -14 14 15 16 -18
leaf_value=-0.054010409275411113 -0.031438896947272532 -0.0039127118638164395 0.067671955550604346 0.054762064688934999 -0.0098908578303707646 -0.027831147902156118 -0.040511336008443845 -0.0063957237636816646 0.030975674951010231 0.003095748392111063 0.00066675378056703751 0.0075612453087129375 -0.0050236091375655259 0.073583392718424637 0.057579652296862342 0.052205566732585786 0.051178078846633029
leaf_weight=8.1461821091361326 0.7139003649353971 938.95369844208471 1.8545811623334874 3.4672376848757258 75.3412115109968 32.694390863180161 30.787649419158697 355.93091531842947 34.756228626007214 813.69823151733726 7612.6325445218245 18.634022861719131 2.4715355932712555 0.64989387989044223 1.1243700268678369 0.45060186367481936 1.0708149017882531
leaf_count=211 4 5149 11 54 771 136 146 1659 161 3913 36506 82 28 3 14 15 72
internal_value=-9.03542e-07 -1.78681e-05 -0.00966477 -0.0112686 -0.0141958 7.16387e-05 -0.000237382 -0.00911175 0.0031414 0.00423783 0.000163934 -0.0149825 0.0298811 0.0420104 0.0579208 0.0540735 0.0514824
internal_weight=9933.38 9929.37 91.2807 89.4262 83.4874 9838.09 8938.3 386.719 899.783 848.454 8551.59 51.3284 5.93877 4.00958 3.29568 2.64579 1.52142
internal_count=48935 48827 1075 1064 982 47752 43460 1805 4292 4074 41655 218 82 108 104 101 87
is_linear=0
shrinkage=0.05


Tree=196
num_leaves=27
num_cat=0
split_feature=20 20 9 3 24 42 26 24 59 6 13 44 17 31 15 44 5 24 4 1 5 25 24 11 33 24
split_gain=2.77236 9.08367 10.2988 8.66818 8.13909 6.86372 6.03357 12.6804 13.4941 8.94178 9.4871 8.64023 7.56033 7.28571 6.78495 6.58541 6.23993 6.04246 5.64278 5.33003 11.873 5.28204 4.97934 4.96057 1.31109 0.423706
threshold=-6.4999999999999991 -5.4999999999999991 1.1190000000000004 0.7965000000000001 3.9095000000000004 0.21900000000000003 0.40100000000000008 2.2405000000000004 10.500000000000002 0.40800000000000003 1.3870000000000002 0.5485000000000001 0.15900000000000003 0.59000000000000008 -0.10399999999999998 0.48800000000000004 0.041000000000000009 2.5215000000000001 1.0725000000000002 59.500000000000007 1.0725000000000002 511.50000000000006 4.0015000000000009 7.5000000000000009 0.13000000000000003 2.3745000000000007
decision_type=2 2 2 2 2 2 2 2 2 2 2 2 2 2 2 2 2 2 2 2 2 2 2 2 2 2
left_child=6 2 -2 25 19 -5 7 8 21 11 16 12 -8 17 -12 -15 -11 -9 22 23 -21 -1 -6 -3 -20 -4
right_child=1 4 3 5 18 -7 9 13 -10 10 14 -13 -14 15 -16 -17 -18 -19 24 20 -22 -23 -24 -25 -26 -27
leaf_value=0.045835895614005868 -0.050890896890802076 0.0036527569279264567 -0.039989993083077408 0.032236848628234081 -0.017211774302413021 0.0075732847603358763 0.03604645218480771 0.020394699571842426 0.14745467631243228 -0.020137307311434413 0.032764079218475281 -0.042115568653391722 0.0077667095524659949 -0.017023391581927363 0.0011396242625226051 -0.00011328548384737196 -0.0019886554238771953 -0.051936443738655851 -0.026738702162806452 0.056250484811969974 -0.022146444682079356 -0.0584076712672736 0.047829812815296857 -0.00059072920204317301 0.052078948995773658 -0.067876173135502357
leaf_weight=3.3324655945179975 7.4120079576969138 767.87800288994913 2.6956638864940023 30.460048759821802 9.0853105206042546 381.71073986426927 28.974823601543903 3.4877168312668827 2.5820682840421796 48.937542116269469 33.041527069872245 7.4534250833094111 128.20646385801956 110.52905957470648 34.848844316788018 120.17200222087558 1471.1961324505974 16.774388609919697 0.54880009614862402 12.322430461645128 7.942370042204856 1.9126314581371842 4.352193195372819 6678.4411469623446 13.675373411853796 2.75357735902071
leaf_count=73 35 5416 30 143 101 1852 137 21 17 231 261 34 593 644 170 711 7253 93 9 54 35 40 61 30544 361 16
internal_value=-9.04217e-07 0.000420129 0.00753081 0.00856769 1.68508e-05 0.00939596 -0.00165855 -0.00878507 0.0538857 -0.000606282 -0.0017562 0.0104855 0.0129798 -0.0107397 0.0165309 -0.00821493 -0.00257291 -0.0394861 0.0270886 -8.34426e-05 0.0255244 0.00782334 0.00385416 -0.000153133 0.049038 -0.0540813
internal_weight=9930.73 7919.28 425.032 417.62 7494.25 412.171 2011.45 258.79 7.82717 1752.66 1588.02 164.635 157.181 250.963 67.8904 230.701 1520.13 20.2621 27.6617 7466.58 20.2648 5.2451 13.4375 7446.32 14.2242 5.44924
internal_count=48935 38657 2076 2041 36581 1995 10278 1599 130 8679 7915 764 730 1469 431 1355 7484 114 532 36049 89 113 162 35960 370 46
is_linear=0
shrinkage=0.05


Tree=197
num_leaves=18
num_cat=0
split_feature=11 11 18 8 8 1 14 24 28 1 28 13 14 2 11 27 22
split_gain=2.7007 6.48564 2.7872 5.83239 9.58103 10.8147 6.31025 5.66229 7.50452 5.08283 12.2826 7.01499 4.80367 4.7111 9.12398 5.29208 3.72811
threshold=64.500000000000014 66.500000000000014 0.59166666666666679 1.0000000180025095e-35 0.18333333333333332 16.500000000000004 0.64500000000000013 1.2565000000000002 0.38550000000000006 30.500000000000004 0.68150000000000011 0.90250000000000019 0.85950000000000004 12.500000000000002 10.500000000000002 0.22650000000000003 -0.84999999999999998
decision_type=2 2 2 2 2 2 2 2 2 2 2 2 2 2 2 2 2
left_child=2 -2 3 13 5 -5 -6 8 16 11 -11 -9 -10 14 -1 -15 -4
right_child=1 -3 7 4 6 -7 -8 9 12 10 -12 -13 -14 15 -16 -17 -18
leaf_value=0.015969746592458433 -0.054326582610638031 0.013239980733118295 -0.0036414567360865836 -0.0023543444452913745 -0.016681366929677238 -0.019585035773315298 -4.9582020796968633e-05 -0.015511842115637621 -0.0019905519145184364 -0.0026575955590074285 0.049041280251007881 0.003350170865651354 -0.050988126818007955 0.057387334056700115 -0.043855977830842753 0.01432917473302626 -0.057076779062484553
leaf_weight=25.119443646632135 7.3711912631988508 6.8541585952043533 4.6070648031309238 273.91897528897971 57.55117946054088 136.41571681201458 6306.5735311056487 50.446991561912 97.720735236594919 736.17277001962066 11.670745536684988 2156.1195049251546 5.2721067108213893 10.163914255797861 8.5396672636270505 23.953828051686287 11.198347943980478
leaf_count=165 32 30 94 1486 620 655 30754 280 793 3240 49 10375 28 46 39 107 142
internal_value=-8.47269e-07 -0.0217712 3.03859e-05 -0.000531431 -0.000677446 -0.00808269 -0.000199984 0.00128122 -0.00942165 0.00171159 -0.00185079 0.00291894 -0.00449869 0.0140631 0.000791337 0.0271565 -0.0415011
internal_weight=9929.67 14.2253 9915.44 6842.24 6774.46 410.335 6364.12 3073.21 118.798 2954.41 747.844 2206.57 102.993 67.7769 33.6591 34.1177 15.8054
internal_count=48935 62 48873 33872 33515 2141 31374 15001 1057 13944 3289 10655 821 357 204 153 236
is_linear=0
shrinkage=0.05


Tree=198
num_leaves=26
num_cat=0
split_feature=7 40 0 44 11 36 4 40 40 27 9 39 13 44 11 20 13 9 11 40 7 13 20 22 33
split_gain=2.73442 4.34358 4.69455 5.29588 4.73682 3.28526 3.0599 2.96883 8.60536 8.44527 7.36437 8.98363 7.02656 14.6213 7.35233 6.54245 6.50294 8.53828 6.41899 5.77013 13.1436 6.04051 1.71962 3.29861 1.42138
threshold=0.63050000000000017 0.70850000000000002 5.5000000000000009 0.51900000000000013 17.500000000000004 0.37050000000000005 0.85450000000000015 0.71500000000000008 0.72800000000000009 0.20550000000000002 2.1695000000000007 2.4710000000000005 0.86850000000000016 0.48200000000000004 48.500000000000007 -12.499999999999998 2.2545000000000006 0.57400000000000007 6.5000000000000009 0.68100000000000016 0.093000000000000013 0.72900000000000009 6.5000000000000009 1.0000000180025095e-35 0.29950000000000004
decision_type=2 2 2 2 2 2 2 2 2 2 2 2 2 2 2 2 2 2 2 2 2 2 2 2 2
left_child=7 6 3 -3 5 -4 24 9 16 19 15 -12 13 -10 -14 -11 18 -18 -9 20 -1 -21 23 -8 -2
right_child=1 2 4 -5 -6 -7 22 8 12 10 11 -13 14 -15 -16 -17 17 -19 -20 21 -22 -23 -24 -25 -26
leaf_value=0.055653529928395645 -0.071168085006283757 -0.010966360096975734 -0.067346583924951409 0.088563297233536786 0.048883081800234346 -0.019767935548899433 -0.0082620137387534442 0.01344379257275864 -0.0161406532928344 0.022797756989422338 0.0077456719630731299 -0.024748994903421813 0.0010102992235527309 -0.0011380004874786259 -0.0067938924377998052 -0.0025244553996125307 -0.032373827832227649 0.043358907501686882 0.0024398961524700093 -0.012043531296854136 -0.027996442133200496 0.0089552718593106477 0.060132151022010229 0.072201559108998545 0.012338950417315893
leaf_weight=5.5995516572147599 1.226187466992996 3.4252142379991701 3.9427470390801309 2.1917140209116042 2.3641671501100054 45.470068187860306 4.4112254618667048 148.68666487606242 199.71158330934122 25.884337592869997 29.45255212741904 76.559964438667521 4778.9668988942867 869.28767415205948 322.13604100048542 1754.5569866113365 4.5586611710605238 20.271330728195608 1219.6349651571363 38.132498779334128 29.10022531170398 336.11972717312165 3.1931610926985741 1.790797592140734 0.87191001235623833
leaf_count=35 31 36 77 18 14 601 62 1064 1064 117 201 503 22851 4587 1395 8460 57 116 5643 211 131 1608 20 15 18
internal_value=-9.13988e-07 -0.00992799 -0.0155464 0.0278699 -0.0202563 -0.0235643 0.0181286 6.84513e-05 0.000546453 -0.00150654 -0.00291862 -0.0157213 -0.000254955 -0.00394081 0.000517462 -0.00215632 0.00409579 0.0294548 0.00363562 0.00500725 -0.0144977 0.00681571 0.0303203 0.0149714 -0.0364649
internal_weight=9927.55 68.8872 57.3939 5.61693 51.777 49.4128 11.4933 9858.66 7563.25 2295.41 1886.45 106.013 6170.1 1069 5101.1 1780.44 1393.15 24.83 1368.32 408.952 34.6998 374.252 9.39518 6.20202 2.0981
internal_count=48935 892 746 54 692 678 146 48043 36777 11266 9281 704 29897 5651 24246 8577 6880 173 6707 1985 166 1819 97 77 49
is_linear=0
shrinkage=0.05


Tree=199
num_leaves=30
num_cat=0
split_feature=41 9 28 13 7 14 15 24 13 8 16 11 17 40 24 24 9 33 0 4 22 18 43 17 9 7 27 6 24
split_gain=2.63939 4.91519 8.66298 9.24459 7.75584 5.67339 5.57209 5.50828 6.1097 5.48077 5.15305 5.47892 4.65563 4.22432 8.96848 14.9084 8.74321 6.36668 6.21265 4.38709 6.50854 12.8115 9.11927 6.43355 12.4812 10.8302 3.3127 3.25013 2.03237
threshold=0.45350000000000007 2.0375000000000001 0.18450000000000003 1.3020000000000003 0.16950000000000001 2.1130000000000009 -1.3269999999999997 3.6010000000000004 1.3190000000000002 0.56944444444444453 0.79600000000000015 55.500000000000007 0.18650000000000003 0.68100000000000016 2.9235000000000002 2.3325000000000005 1.6230000000000002 0.32950000000000007 14.500000000000002 0.87750000000000006 0.25833333333333336 0.18333333333333332 0.70200000000000007 0.33900000000000002 2.3690000000000002 0.12750000000000003 0.21150000000000002 0.6100000000000001 4.2040000000000015
decision_type=2 2 2 2 2 2 2 2 2 2 2 2 2 2 2 2 2 2 2 2 2 2 2 2 2 2 2 2 2
left_child=1 5 3 4 -3 10 12 8 -4 -8 11 -1 -7 14 15 18 -16 -17 -2 23 21 -21 -22 25 -25 -15 -12 -18 -9
right_child=13 2 7 -5 -6 6 9 28 -10 -11 26 -13 -14 19 16 17 27 -19 -20 20 22 -23 -24 24 -26 -27 -28 -29 -30
leaf_value=-0.0024355567483006551 -0.061139926443973661 0.020989838772975802 -0.0033741399307427172 -0.077043433284172819 -0.020326032465619759 -0.032437560137132164 -0.031819398333306423 0.059313496317784965 0.027783380466911291 -0.11272270642351033 0.0025628667632423699 0.024865312790257291 0.022141022463187415 -0.010576094052982127 0.0080931943307465809 0.0074664098219939566 -0.095714006766110804 0.066577396916283116 0.010616610197743659 -0.015475354475961725 -0.0062762648375459477 0.00041666463386130098 0.0049039132056550236 -0.015602810933498521 0.01807704543168712 0.0020950916439104843 -0.040948656243346815 -0.037845356335777437 0.010164140939121517
leaf_weight=1231.9932832774648 9.9691452647675742 20.504456816473976 31.509081635158509 4.4928059224039307 25.466603055596352 8.4330323068425077 7.5417495185974968 9.7026399299502355 31.426277838647366 2.8977138549089432 6.3577418969944146 18.655583187937737 7.2805896997451773 216.31574554299004 4.9599700761027625 13.743891641497614 6.1522971317172033 6.8136113137006751 4.3251115949824444 129.86400322197005 207.29329524072818 5407.1471542775398 1518.2426002303837 176.58894371760834 32.583470973884687 764.99859953997657 14.021897328319026 4.0064169196411967 2.6854856205172828
leaf_count=5925 50 125 176 24 116 51 54 89 140 20 50 80 35 1503 28 59 29 30 21 693 1033 25926 7374 1186 178 3722 130 23 65
internal_value=-8.82147e-07 -0.00199396 0.00744283 -0.00858814 -0.00189793 -0.00290904 -0.025961 0.018183 0.0121841 -0.054276 -0.00243472 -0.00202832 -0.00714968 0.000332657 -0.0141621 -0.000210743 -0.046323 0.0270582 -0.0394281 0.000418344 0.000879523 4.39362e-05 0.00356081 -0.00239507 -0.0103564 -0.000698078 -0.0273746 -0.0728916 0.0486589
internal_weight=9925.97 1422.97 125.787 50.4639 45.9711 1297.18 26.1531 75.3235 62.9354 10.4395 1271.03 1250.65 15.7136 8503 49.9704 34.8518 15.1187 20.5575 14.2943 8453.03 7262.55 5537.01 1725.54 1190.49 209.172 981.314 20.3796 10.1587 12.3881
internal_count=48935 7080 735 265 241 6345 160 470 316 74 6185 6005 86 41855 240 160 80 89 71 41615 35026 26619 8407 6589 1364 5225 180 52 154
is_linear=0
shrinkage=0.05


Tree=200
num_leaves=29
num_cat=0
split_feature=14 14 20 36 14 9 20 6 26 11 5 17 32 44 42 22 0 10 26 4 13 11 29 42 14 22 44 5
split_gain=2.62815 11.457 9.9173 10.1832 8.26334 13.669 9.75816 8.56554 10.652 9.08956 7.157 6.89754 6.79465 6.64476 9.97973 15.7528 8.89615 8.19418 6.23065 4.7453 4.6018 10.9327 4.21288 2.98541 5.43635 1.34084 0.587662 0.144379
threshold=1.6230000000000002 1.7110000000000001 -13.499999999999998 0.35900000000000004 1.7875000000000003 1.9245000000000003 -3.4999999999999996 0.16350000000000003 0.58050000000000013 8.5000000000000018 1.1130000000000002 0.24050000000000002 0.40050000000000008 0.47200000000000003 0.24050000000000002 0.36666666666666664 15.500000000000002 4.5000000000000009 0.72750000000000015 1.0000000180025095e-35 1.0000000180025095e-35 1.0000000180025095e-35 2.8720000000000003 0.27750000000000008 1.2455000000000003 -0.14999999999999997 0.45750000000000007 2.5500000000000003
decision_type=2 2 2 2 2 2 2 2 2 2 2 2 2 2 2 2 2 2 2 2 2 2 2 2 2 2 2 2
left_child=2 13 3 -1 5 6 -3 9 -9 -6 22 -12 -7 14 15 -2 -16 25 -19 23 26 -22 -5 27 -25 -15 -21 -4
right_child=1 4 19 10 7 12 -8 8 -10 -11 11 -13 -14 17 16 -17 -18 18 -20 20 21 -23 -24 24 -26 -27 -28 -29
leaf_value=0.026982544374836853 -0.024761029878930252 -0.019605382673021664 -0.056413856339497408 -0.063513695891366656 0.00038403110128238727 -0.026684322576372488 -0.0021245128469637624 -0.0034983288749351384 0.0070835724748128511 0.031594493525983119 0.040890494704780081 -0.030306783279345124 0.020197055203090244 0.03168742926094515 0.024440660777514903 0.042811841921880506 0.096854985790203643 0.0047168663387320408 -0.044036421416153326 -0.013318825364727175 0.077100952060392247 -0.00025424787069569971 -0.010048125253785933 -0.054901208461907082 0.091251216168342156 0.07201737960601004 -0.060425041595936826 -0.084244047385055018
leaf_weight=8.2697994001209718 26.019990062341094 165.8070479631424 5.0653666196012619 17.775118168443445 46.421301993075758 8.9435374066233617 153.9632457010448 670.62605738721322 368.49223307403736 46.894121430814266 4.8794504757970598 11.233225544914601 56.897735153324902 3.7278217896819115 75.295030229724944 12.901291519403456 4.4944056272506705 386.75754593173042 6.6663374155759803 0.81433453457429905 4.5702708940953007 7821.3579666360747 4.64784350991249 1.5339873026823627 1.0872078454121945 4.6089690141379815 3.5411584633402526 0.51324841380119313
leaf_count=36 121 738 288 79 415 42 727 3917 2169 216 24 50 285 23 353 55 21 1800 30 12 24 37252 20 119 8 29 79 3
internal_value=-7.83425e-07 0.00159954 -0.000414501 -0.0233615 -0.000595304 -0.00691705 -0.0111887 0.00155735 0.000254226 0.0160683 -0.0341654 -0.0087459 0.0138289 0.00800118 0.0183944 -0.00236256 0.0285196 0.00493023 0.00389077 -0.000277479 -0.000237669 -0.000209073 -0.0524313 -0.038294 0.00571925 0.0539837 -0.0516177 -0.0589743
internal_weight=9923.81 2038.52 7885.29 46.8054 1518.05 385.612 319.77 1132.43 1039.12 93.3154 38.5356 16.1127 65.8413 520.471 118.711 38.9213 79.7894 401.761 393.424 7838.48 7830.28 7825.93 22.423 8.19981 2.6212 8.33679 4.35549 5.57862
internal_count=48935 10941 37994 209 8509 1792 1465 6717 6086 631 173 74 327 2432 550 176 374 1882 1830 37785 37367 37276 99 418 127 52 91 291
is_linear=0
shrinkage=0.05


Tree=201
num_leaves=26
num_cat=0
split_feature=39 11 16 16 21 18 39 27 33 16 19 37 6 23 44 4 17 41 5 12 4 7 12 20 26
split_gain=2.6753 6.25493 11.362 9.78133 9.402 9.36456 5.72453 8.18849 5.7027 5.18863 8.69818 7.82973 4.69793 6.99857 3.47301 7.1444 5.47837 5.40847 8.4383 5.10849 4.13872 2.67432 5.10913 3.62656 2.49937
threshold=2.4185000000000003 26.500000000000004 0.24550000000000002 0.66100000000000014 21.500000000000004 0.70000000000000007 2.4340000000000006 0.23950000000000002 0.25950000000000006 0.18350000000000002 1.3870000000000002 0.47000000000000003 0.23900000000000002 0.38500000000000012 0.44900000000000007 2.3800000000000003 0.58950000000000002 0.44500000000000006 1.1890000000000003 5.5000000000000009 0.25650000000000006 0.23650000000000002 19.500000000000004 -4.4999999999999991 0.66200000000000014
decision_type=2 2 2 2 2 2 2 2 2 2 2 2 2 2 2 2 2 2 2 2 2 2 2 2 2
left_child=1 4 -3 5 9 -4 7 21 -6 11 -11 -1 -9 -14 15 16 -8 18 -16 -17 -19 23 -23 -2 -10
right_child=6 2 3 -5 8 -7 14 12 24 10 -12 -13 13 -15 17 19 -18 20 -20 -21 -22 22 -24 -25 -26
leaf_value=0.049699574804796282 -0.022229117079330486 0.11049472975170256 0.015936842440985016 0.075423715587815021 -0.0085911856458448111 -0.018147518825643062 0.0036496544672236608 0.055924811853507089 0.088583289250927177 -0.018691428361064862 0.0054045356786942972 0.0002552142923258587 -0.027545490419437092 0.030641339461062539 -0.009542008280687235 0.0057872271989759952 -0.053294594585054839 -0.01698595509884861 0.040553891198209825 0.092945465352432727 -2.7437944538504839e-05 -0.054415870882475376 0.01873973869727643 -0.078181063989384805 0.03689550600136117
leaf_weight=10.231096880394032 4.8257830860093236 2.9474882408976546 84.897192105650902 5.625276379287242 4.2587278336286536 26.424237780272961 523.69888334558345 3.4387297271750894 4.4090336561202985 84.397744502872229 67.331456168438308 36.826607828988926 14.506996296346189 8.0272187190130335 230.59110609887284 2.9973741163266814 4.2580238303926299 36.126277208357351 8.7240490755066258 3.8285796642303467 8732.3331251435447 5.1389412190765125 4.4562937915325165 7.2422557696700114 4.9810657799243927
leaf_count=67 28 15 381 24 19 118 2588 22 19 414 376 219 69 41 1114 31 43 767 60 18 42400 26 20 34 22
internal_value=-7.71738e-07 0.00440959 0.0135404 0.0110968 -0.000743666 0.00784628 -0.000153604 -0.0174434 0.0393996 -0.00349993 -0.00799859 0.0110052 0.00148896 -0.00681797 -6.72942e-05 0.00384752 0.00319039 -0.000299713 -0.0077158 0.054673 -9.73075e-05 -0.0401421 -0.0204404 -0.0558069 0.061165
internal_weight=9922.52 332.33 119.894 116.947 212.436 111.321 9590.19 47.6362 13.6488 198.787 151.729 47.0577 25.9729 22.5342 9542.56 534.783 527.957 9007.77 239.315 6.82595 8768.46 21.6633 9.59524 12.068 9.3901
internal_count=48935 1674 538 523 1136 499 47261 240 60 1076 790 286 132 110 47021 2680 2631 44341 1174 49 43167 108 46 62 41
is_linear=0
shrinkage=0.05


Tree=202
num_leaves=21
num_cat=0
split_feature=24 4 10 31 21 39 42 40 42 41 7 39 34 21 5 43 3 4 2 40
split_gain=2.69779 3.15217 4.00964 4.66889 3.963 2.70275 6.75656 6.81335 5.35877 5.59494 4.57826 4.44651 1.83088 1.73216 2.78143 1.22491 0.000128021 9.15569e-05 6.33599e-05 4.91557e-05
threshold=5.5360000000000005 1.0000000180025095e-35 15.500000000000002 0.79550000000000021 4.5000000000000009 2.5845000000000007 0.25150000000000006 0.71650000000000003 0.28950000000000004 0.46950000000000003 0.085000000000000006 2.5555000000000003 0.49850000000000005 5.5000000000000009 2.5500000000000003 0.68050000000000022 2.9500000000000006 0.96650000000000003 1.5000000000000002 0.70950000000000013
decision_type=2 2 2 2 2 2 2 2 2 2 2 2 2 2 2 2 2 2 2 2
left_child=1 2 3 15 -5 8 10 -8 9 -3 -7 -10 -4 16 -15 -1 -2 19 -19 -18
right_child=13 5 12 4 -6 6 7 -9 11 -11 -12 -13 -14 14 -16 -17 17 18 -20 -21
leaf_value=-0.12544397866248466 0.051745983884539472 -0.00037724477812213519 -0.010475871251317784 -0.031790023316249437 0.062019236614201091 -0.021268333062672853 -0.0080000219883682947 0.0001831327149789502 -0.022099883375970002 0.0030361802671888512 -0.0051412580270659911 -0.0028564120040727916 0.076258409524204485 0.053518083026254652 -0.036729840792354918 -0.041284440900710193 0.051499027544402609 0.050318364811717933 0.051075498064563497 0.050938697967178918
leaf_weight=0.4482839020784074 0.4671525014564385 2761.9982138299383 1.0609709466807538 2.2556822843762339 2.2476536734029651 51.673712425399572 270.55973364249803 4249.8767623669701 43.395876526134089 2123.3963292669505 296.64403741527349 97.381444201804698 1.4265097528696058 1.5344379292801025 1.9245915049687026 12.165842311995219 0.48996172938495952 0.95537640672409885 0.38875610940158367 1.9458241481333969
leaf_count=13 18 13426 24 87 15 294 1357 20546 217 10229 1330 473 19 33 23 485 19 187 24 116
internal_value=-7.78433e-07 -2.37638e-05 -0.0200529 -0.0286728 0.015031 1.59202e-05 -0.000823687 -0.00030665 0.000829231 0.00110637 -0.00753375 -0.00878839 0.0392641 0.0295717 0.00330446 -0.0442753 0.0509651 0.0508686 0.0505373 0.0510514
internal_weight=9922.24 9914.53 19.6049 17.1175 4.50334 9894.93 4868.75 4520.44 5026.17 4885.39 348.318 140.777 2.48748 7.7061 3.45903 12.6141 4.24707 3.77992 1.34413 2.43579
internal_count=48935 48515 643 600 102 47872 23527 21903 24345 23655 1624 690 43 420 56 498 364 346 211 135
is_linear=0
shrinkage=0.05


Tree=203
num_leaves=28
num_cat=0
split_feature=24 13 11 21 40 27 40 7 29 24 26 59 23 13 14 30 24 29 22 44 26 23 28 21 4 8 13
split_gain=2.59485 4.61318 4.40962 5.43572 4.79948 7.71565 3.75067 3.3858 4.25554 2.9374 2.89567 6.73235 6.70723 5.06759 4.99434 8.43015 5.39527 2.78763 2.75164 2.26719 1.94536 3.49552 1.41371 3.03439 1.33339 0.0372313 0.00664346
threshold=4.2580000000000009 1.0000000180025095e-35 6.5000000000000009 5.5000000000000009 0.75500000000000012 0.19050000000000003 0.79000000000000015 0.39650000000000007 2.5050000000000003 3.3285000000000005 0.63600000000000012 29.500000000000004 0.46099999999999991 0.85450000000000015 2.4335000000000004 1.4460000000000004 3.6010000000000004 2.4900000000000007 0.45555555555555566 0.54550000000000021 0.63250000000000017 1.9705000000000001 0.17050000000000004 18.500000000000004 1.5965000000000003 0.70000000000000007 0.98350000000000015
decision_type=2 2 2 2 2 2 2 2 2 2 2 2 2 2 2 2 2 2 2 2 2 2 2 2 2 2 2
left_child=1 7 3 6 5 -5 17 20 9 -9 14 12 -12 -13 16 -16 -3 -2 -6 22 24 -22 26 -24 -1 -10 -4
right_child=2 10 19 4 18 -7 -8 8 25 -11 11 13 -14 -15 15 -17 -18 -19 -20 -21 21 -23 23 -25 -26 -27 -28
leaf_value=-0.052187323428971179 0.0072962681061824481 6.4182201191838746e-05 0.059612776364124147 -0.067615158657003183 -0.030456306424745366 -0.0043943215778249629 -0.086118583009433702 -0.051476094901049887 -0.054170689955937282 0.10089648736328385 -0.014003491713423849 0.047980985303164268 -0.0016298878998878255 0.0040238957430990931 0.015962452484369449 -0.036471592001636827 0.0068420684149876621 0.048980461914293269 0.03229339788293778 -0.014670830038632591 -0.057306990323659872 0.061439707075051281 0.044483394107434987 -0.036846075336269532 0.0010956004653516445 -0.074211082183127622 0.05636890564166544
leaf_weight=9.7854818919440749 6.8521173277404221 8746.3885583018418 3.6280863992869836 6.0254390984773663 2.1397684551775447 24.245011143386364 0.70433768862858315 0.40488279628334511 0.50045570157817554 1.4455476999282835 134.74052806355758 10.784981206059458 585.09100577235222 16.72389966994524 11.556809572502969 22.767017553560436 303.80415224947501 9.672498891130088 9.5194206573069078 2.0737189296632996 1.2166383296716949 1.2631934154778719 4.7387041766196489 1.5130731426179407 1.3342328015714873 0.43165747879538685 2.7937631011009216
leaf_count=382 187 41415 30 48 21 233 20 104 67 6 684 46 2683 75 59 136 1997 441 96 23 31 19 73 13 12 4 30
internal_value=-7.3075e-07 -7.07768e-05 0.00933317 0.00323529 -0.00648006 -0.0169787 0.0268793 -0.0265816 0.0236708 0.0675567 -2.66038e-05 -0.00301831 -0.00394602 0.0212575 0.000219509 -0.0188171 0.000291708 0.0316956 0.0207772 0.0337946 -0.0368636 0.003181 0.0417248 0.0247998 -0.045794 -0.0634513 0.0582016
internal_weight=9922.14 9848.24 73.9059 59.1586 41.9296 30.2705 17.229 16.3821 2.78254 1.85043 9831.86 747.34 719.832 27.5089 9084.52 34.3238 9050.19 16.5246 11.6592 14.7473 13.5995 2.47983 12.6736 6.25178 11.1197 0.932113 6.42185
internal_count=48935 47720 1215 1046 398 281 648 625 181 110 47095 3488 3367 121 43607 195 43412 628 117 169 444 50 146 86 394 71 60
is_linear=0
shrinkage=0.05


Tree=204
num_leaves=26
num_cat=0
split_feature=3 6 12 26 32 15 8 33 1 42 27 15 42 25 16 44 25 3 32 8 0 8 25 32 25
split_gain=2.65685 6.9914 5.89183 10.5741 5.96221 7.94906 6.62328 5.26492 4.48882 4.96299 5.74619 5.84813 5.61128 10.0731 4.53975 5.08523 4.09978 3.78138 11.8375 4.67005 3.75427 2.6678 2.19623 1.40624 0.727508
threshold=0.75450000000000006 0.44200000000000006 27.500000000000004 0.18800000000000003 0.47750000000000004 0.33900000000000002 0.36666666666666675 0.20700000000000002 3.5000000000000004 0.25300000000000006 0.16650000000000004 2.0415000000000005 0.26850000000000007 508.50000000000006 0.91300000000000014 0.48200000000000004 513.50000000000011 0.7965000000000001 0.63000000000000012 0.18333333333333332 13.500000000000002 0.4555555555555556 506.50000000000006 0.35000000000000003 513.50000000000011
decision_type=2 2 2 2 2 2 2 2 2 2 2 2 2 2 2 2 2 2 2 2 2 2 2 2 2
left_child=1 2 4 20 6 -6 -1 -5 9 10 -2 -12 16 -14 17 -16 -11 18 -10 -19 -4 -17 -3 -24 -25
right_child=8 22 3 7 5 -7 -8 -9 14 12 11 -13 13 -15 15 21 -18 19 -20 -21 -22 -23 23 24 -26
leaf_value=-0.00055059766084940363 -0.095084787650417391 0.0009373541865600499 0.040796079754104257 -0.022292933524048847 -0.015654303483913605 -0.00055080794429669081 0.012431927453240824 -0.064929373186317224 0.009412238506483173 0.031602308421484031 0.0017141726886283244 -0.075951309569582584 -0.017565255117562358 0.017285212038467553 -0.0027764246234515391 0.092435437098337944 -0.020579470858003521 -0.0050992168383893486 -0.069297652205340607 0.00018338160164752947 -0.0038774362157420004 0.029360240116902837 -0.0087383559325440383 -0.061511899194187925 -0.021959419922344112
leaf_weight=464.50712981335528 1.6642436869442452 2.9597853389568618 6.0451480969786671 22.525972992181778 133.71387580806913 249.98693735245615 124.59222849382786 10.670268699526785 174.06287464499474 42.83301717863651 67.417561718844809 2.5142161161638787 30.854861697880551 63.212702403659932 6.2523947879672033 3.2491192743182182 4.1267712092958382 441.38038240000606 4.9116263389587393 8027.1476934645325 21.18047271668911 3.4632974416017532 1.9325030427426089 7.8466215188382176 1.3648193171247838
leaf_count=2876 19 31 29 128 754 1373 739 47 806 556 814 27 359 774 35 19 49 1986 21 37221 93 21 25 117 16
internal_value=-5.32325e-07 -0.00238222 -0.00190493 -0.0170549 -0.000963947 -0.00581415 0.00219516 -0.0359976 0.000280588 0.00745793 -0.00326327 -0.00107809 0.0129008 0.005854 0.000104377 0.0296694 0.0270166 6.00513e-05 0.00725219 -9.19479e-05 0.00604182 0.0598915 -0.0373478 -0.0475162 -0.0556516
internal_weight=9920.42 1047.33 1033.22 60.4219 972.8 383.701 589.099 33.1962 8873.09 212.623 71.596 69.9318 141.027 94.0676 8660.47 12.9648 46.9598 8647.5 178.975 8468.53 27.2256 6.71242 14.1037 11.1439 9.21144
internal_count=48935 6228 6039 297 5742 2127 3615 175 42707 2598 860 841 1738 1133 40109 75 605 40034 827 39207 122 40 189 158 133
is_linear=0
shrinkage=0.05


Tree=205
num_leaves=27
num_cat=0
split_feature=7 40 25 24 30 25 13 17 4 39 16 30 17 25 41 33 14 7 22 4 40 11 14 40 3 13
split_gain=2.53062 3.94585 4.4337 5.82339 5.27398 3.84519 4.73639 3.66509 2.97627 2.82093 8.82495 8.11983 6.72536 5.89046 4.84076 6.21459 7.3253 6.60343 5.10892 15.0007 6.40709 4.03759 2.96854 2.47405 2.36912 1.81961
threshold=0.63050000000000017 0.70850000000000002 510.50000000000006 2.4825000000000004 1.4205000000000003 505.50000000000006 1.5400000000000003 0.36200000000000004 1.2195000000000003 2.7625000000000006 0.081500000000000017 1.3110000000000002 0.26500000000000007 505.50000000000006 0.51450000000000007 0.31700000000000006 0.89100000000000013 0.10600000000000001 -0.40833333333333327 0.96650000000000003 0.75700000000000012 2.5000000000000004 2.3100000000000001 0.70550000000000013 1.8305000000000002 1.5690000000000002
decision_type=2 2 2 2 2 2 2 2 2 2 2 2 2 2 2 2 2 2 2 2 2 2 2 2 2 2
left_child=9 8 5 7 -5 6 -3 -4 23 14 12 -12 22 -13 18 17 -17 -16 19 -1 -20 -14 -11 25 -7 -2
right_child=1 2 3 4 -6 24 -8 -9 -10 10 11 13 21 -15 15 16 -18 -19 20 -21 -22 -23 -24 -25 -26 -27
leaf_value=-0.030653416894743137 -0.036946548147735306 -0.037944460242395069 -0.0060016782653749103 0.063951767012859248 0.00064159176927518853 -0.04452241994585604 0.063865817750708348 -0.059418167595991847 0.046554618686834165 0.080769150453329094 -0.055280265085353442 -0.025867655333333524 -0.029538767429569686 -0.0028081486404385623 -0.0046495276141886198 -0.017451546140385962 0.00037326722913832999 0.0060810888482932335 -9.166344136082009e-05 0.004597966858055324 -0.0043064480631814618 0.031141072730718783 0.014223433854438861 0.057063154605800519 0.0036113370558066801 0.031289315468915328
leaf_weight=31.305908172857016 3.9639229620952374 2.3230997184291509 8.7732263356447238 4.595189712475988 11.577091315295545 19.464968909625899 2.2476030993275344 5.065277426634565 4.9214836761821061 6.0677625508978981 8.1633644551038724 30.354999153176323 5.1175549430772644 315.94635667011607 166.56838992441772 67.704460833687335 387.69938496081159 1029.4507112271385 5891.8180392441573 838.10484333825298 1064.6007707393728 5.9042019806802273 2.3153724173316732 1.2932112433627478 2.9428919092752031 1.296558368951082
leaf_count=182 81 32 66 34 92 273 24 178 38 46 38 143 40 1538 999 333 1951 4735 28532 4344 5105 28 29 20 47 7
internal_value=-5.82257e-07 -0.00958016 -0.0149665 -0.00174355 0.0186305 -0.0296755 0.0121199 -0.0255536 0.0171699 6.59951e-05 -0.00419396 -0.00599132 0.028638 -0.00482943 0.000234047 0.00269397 -0.00227673 0.00458665 -0.000285052 0.00332863 -0.000736688 0.00296658 0.0623896 -0.0048965 -0.0382009 -0.0201284
internal_weight=9919.59 68.4645 56.9893 30.0108 16.1723 26.9786 4.5707 13.8385 11.4752 9851.12 373.87 354.465 19.4049 346.301 9477.25 1651.42 455.404 1196.02 7825.83 869.411 6956.42 11.0218 8.38313 6.55369 22.4079 5.26048
internal_count=48935 892 746 370 126 376 56 244 146 48043 1862 1719 143 1681 46181 8018 2284 5734 38163 4526 33637 68 75 108 320 88
is_linear=0
shrinkage=0.05


Tree=206
num_leaves=28
num_cat=0
split_feature=3 9 36 5 31 6 5 31 33 20 28 26 40 18 36 9 39 28 6 8 28 23 40 32 22 8 14
split_gain=2.59924 7.88937 7.23916 7.38454 12.644 7.50402 6.73584 5.7358 5.29668 7.30846 5.23164 9.30293 5.03211 4.94893 4.78013 4.6187 12.5861 9.13228 6.53142 5.53262 9.42499 4.55425 3.57251 2.43843 1.01748 0.0859493 0.0515275
threshold=0.96250000000000002 1.7230000000000001 0.52050000000000007 -0.19599999999999998 0.83850000000000013 0.22450000000000003 -0.8909999999999999 0.79800000000000015 0.33650000000000008 9.5000000000000018 0.37300000000000005 0.28300000000000003 0.7350000000000001 0.63333333333333341 0.51650000000000007 0.90250000000000019 2.6950000000000007 0.72150000000000014 0.13150000000000003 0.25833333333333336 0.45300000000000007 -1.0584999999999998 0.71500000000000008 0.51950000000000018 0.29999999999999999 0.18333333333333332 1.0645000000000002
decision_type=2 2 2 2 2 2 2 2 2 2 2 2 2 2 2 2 2 2 2 2 2 2 2 2 2 2 2
left_child=1 2 10 5 -5 -4 7 8 12 -10 13 -12 -2 -1 25 16 17 -8 -18 20 -17 -21 -16 24 26 -9 -3
right_child=6 23 3 4 -6 -7 15 14 9 -11 11 -13 -14 -15 22 19 18 -19 -20 21 -22 -23 -24 -25 -26 -27 -28
leaf_value=-0.0031885889175171413 0.019728235880938187 -0.057827940511671588 -0.0041913305899609465 0.0053277190314080635 0.11151126424471501 -0.019316780375311579 0.011579485763508127 0.077371525972623797 0.0011560011549249043 -0.089282762917718084 -0.00046400992239836346 0.0096034732987094699 -2.5801956478997312e-05 -0.021768527095313576 -0.01144057726735888 -0.013302248177083831 0.019652616671548082 -0.041697977554582849 -0.026863126935429804 0.012319538504087568 0.0024477747635108715 0.0001415158176231114 0.028157179344795197 0.0067913429417584201 -0.028579349481598355 0.064703469079444909 -0.066888710919662545
leaf_weight=389.43738374754321 53.736638208734803 2.4974164783488941 243.47511672764085 24.080861479596937 3.1729739489965132 123.64262643316761 274.06241776887327 2.3079197087208732 6.4750013342127186 3.4104686826467514 1283.8962674524519 279.40234504577529 80.584713521180674 39.472114176605828 7.2232118949759743 202.34779715817422 9.3913467777892929 8.2864517718553525 38.41692179441452 77.682940403930843 179.02183492761105 6547.5260423502186 26.94104825949762 2.0937809366732827 3.0199466288322583 3.1891112895682454 4.2212465107440948
leaf_count=2276 391 38 1245 175 16 564 1275 22 47 24 6327 1474 491 284 62 918 51 37 175 384 799 31541 210 25 35 23 26
internal_value=-6.61381e-07 -0.00143392 -0.001232 -0.00742128 0.0176899 -0.00928547 0.000456421 0.00990873 0.00527741 -0.0300452 -6.78301e-06 0.00133531 0.007877 -0.00489848 0.026748 0.000219534 0.00599878 0.0100159 -0.0177257 -5.27902e-05 -0.0059089 0.000284307 0.0197852 -0.0421608 -0.0526854 0.0700221 -0.0635207
internal_weight=9919.02 2398.41 2386.58 394.372 27.2538 367.118 7520.6 183.868 144.207 9.88547 1992.21 1563.3 134.321 428.909 39.6613 7336.74 330.157 282.349 47.8083 7006.58 381.37 6625.21 34.1643 11.8324 9.73861 5.49703 6.71866
internal_count=48935 12485 12361 2000 191 1809 36450 1270 953 71 10361 7801 882 2560 317 35180 1538 1312 226 33642 1717 31925 272 124 99 45 64
is_linear=0
shrinkage=0.05


Tree=207
num_leaves=27
num_cat=0
split_feature=25 3 23 9 10 39 17 2 27 39 11 26 4 5 3 40 19 23 24 11 9 40 23 26 23 9
split_gain=2.50255 6.04193 7.48275 7.84421 8.25592 5.7553 5.56091 5.52462 11.1859 6.36665 3.56267 3.27156 9.91598 10.6877 7.76853 6.4309 6.34917 8.06439 5.6058 7.78163 9.70397 6.84055 5.06095 11.4354 6.89505 3.98816
threshold=513.50000000000011 0.87750000000000006 -1.5669999999999997 0.43900000000000006 5.5000000000000009 2.8350000000000004 0.14550000000000002 28.500000000000004 0.21150000000000002 2.5030000000000006 11.500000000000002 0.68150000000000011 1.1835000000000002 0.48200000000000004 1.8110000000000002 0.72350000000000014 0.96100000000000008 1.3395000000000004 3.6665000000000005 5.5000000000000009 1.7290000000000003 0.77350000000000019 1.3795000000000002 0.44750000000000006 1.1670000000000005 1.2950000000000002
decision_type=2 2 2 2 2 2 2 2 2 2 2 2 2 2 2 2 2 2 2 2 2 2 2 2 2 2
left_child=11 2 10 4 -4 7 -5 9 -9 -3 -2 18 13 15 -15 -13 17 -14 22 21 -21 -20 24 -24 -1 -18
right_child=1 5 3 6 -6 -7 -8 8 -10 -11 -12 12 16 14 -16 -17 25 -19 19 20 -22 -23 23 -25 -26 -27
leaf_value=7.1422790003122905e-05 0.0051221915899029892 0.011554347695900202 -0.030500169344651707 0.00038970860729586957 0.056011739701838419 0.050995773827841151 -0.027313479334926023 0.034395727882217647 -0.033562189730912781 -0.0024145339210158668 0.074853587837050442 -0.010010392046562913 -0.011037810689982767 0.0060895881477847514 -0.015130873454978011 -0.056063483446622597 -0.0053734333008920781 0.043918443885921449 -0.0061850986868600246 0.035800977638187736 0.0077043970097555167 0.024803343509480585 -0.059244502835247397 -0.0038124917970848039 0.012802650116019663 0.035542857588180508
leaf_weight=8331.50630050787 4.21383805386722 98.081770400633104 4.4948031362146121 23.692050809040666 7.1359199024736881 5.3139998232945791 76.945822592912009 7.5869500488042823 29.993207633495331 484.51876822730992 3.2402180805802345 12.647283842932667 40.368494657799602 75.580968280090019 100.44789200415835 18.921435163152637 7.7035476309247306 7.9979553148150435 137.52047523180954 36.775681864004582 186.98211711458862 20.457937890198082 11.454067025799302 49.566366892075166 107.7249705735594 26.245958520099521
leaf_count=39772 33 470 29 119 42 31 445 34 130 2359 17 60 189 340 525 90 43 46 1599 260 1155 227 65 237 488 130
internal_value=-6.22467e-07 -0.00278711 -0.0130777 -0.0162986 0.0225784 -0.000817439 -0.0207916 -0.0012614 -0.0198424 -6.28494e-05 0.0354339 0.000225779 -0.00500105 -0.0108239 -0.00601951 -0.0376134 0.0096839 -0.00195015 0.000396386 0.00632384 0.0123222 -0.00217215 0.000130192 -0.0142176 0.000233934 0.0262585
internal_weight=9917.12 745.217 119.723 112.269 11.6307 625.495 100.638 620.181 37.5802 582.601 7.45406 9171.9 289.914 207.598 176.029 31.5687 82.316 48.3664 8881.99 381.736 223.758 157.978 8500.25 61.0204 8439.23 33.9495
internal_count=48935 3709 685 635 71 3024 564 2993 164 2829 50 45226 1423 1015 865 150 408 235 43803 3241 1415 1826 40562 302 40260 173
is_linear=0
shrinkage=0.05


Tree=208
num_leaves=29
num_cat=0
split_feature=20 20 3 24 1 42 14 15 6 40 28 15 36 24 14 19 7 8 36 32 44 27 17 1 36 11 59 11
split_gain=2.55645 8.30882 9.29126 7.24602 6.77194 9.65876 5.94464 5.68007 5.33081 9.69034 9.25853 9.96473 8.35542 8.29806 10.0033 9.82051 8.2443 6.67891 8.25573 6.61604 6.5139 6.30835 5.75839 4.88912 8.83168 4.70818 2.9565 1.63875
threshold=-6.4999999999999991 -5.4999999999999991 0.82700000000000007 3.9095000000000004 15.500000000000002 0.23400000000000001 1.3060000000000003 -1.1959999999999997 0.40800000000000003 0.75500000000000012 0.32550000000000007 -0.49149999999999994 0.37950000000000006 3.1350000000000007 1.7290000000000003 0.71100000000000008 0.42200000000000004 0.36666666666666675 0.44850000000000007 0.46700000000000003 0.45750000000000007 0.29800000000000004 0.18650000000000003 59.500000000000007 0.51750000000000018 7.5000000000000009 3.5000000000000004 3.5000000000000004
decision_type=2 2 2 2 2 2 2 2 2 2 2 2 2 2 2 2 2 2 2 2 2 2 2 2 2 2 2 2
left_child=8 2 27 23 5 -4 -5 -6 9 10 16 -12 21 14 15 -10 -1 18 -15 -14 -16 -11 -19 25 -25 -3 -8 -2
right_child=1 3 4 6 7 -7 26 -9 13 12 11 -13 19 17 20 -17 -18 22 -20 -21 -22 -23 -24 24 -26 -27 -28 -29
leaf_value=0.023747565380316738 -0.016510776883346463 0.0035721702596292317 0.039090596041224536 -0.053787206287010128 -0.02674675001574639 -0.0091883796174979295 0.012076906022038736 0.012900303151732418 0.0097134576857358899 0.067620442983323412 -0.02882974723587169 0.050361568571169663 -0.055933806119682461 0.017047369023304271 -0.068582584554369219 -0.0078602649411008852 -0.0071782522894031425 -0.0040986196239599561 -0.037436299343196651 -0.010394765319996894 -0.020340775105515203 -0.012808326342321605 0.0034684991630696601 0.082304629288928191 0.0056013107188853722 -0.00056790248888958887 0.047372726289216072 -0.064210710799729689
leaf_weight=104.64801109582186 2.8264344061026341 765.50447557571169 11.790019364096223 2.1463553160429027 9.305187523365019 85.39120223140344 10.016831243818162 309.78818999230862 93.734643178875558 4.8285439796745759 22.273746533319358 4.8345944839529684 11.774261239916084 9.7687457557767612 8.5063860602676851 523.34267702279612 27.138924695551395 388.00452554447111 24.120414948090911 24.72220812458545 39.444102944806218 4.9243803918361664 714.13171931728721 4.9771983474493053 15.25511312484741 6672.0803918270394 14.552288545062764 4.9610721804201603
leaf_count=480 24 5416 65 17 43 517 337 1390 606 22 119 29 53 43 40 2347 138 2539 114 117 187 24 3420 22 67 30544 178 37
internal_value=-5.16304e-07 0.000403859 0.00721246 1.80938e-05 0.00822474 -0.00333118 0.0260114 0.0117441 -0.00159459 0.00604223 0.0119051 -0.0147065 -0.0141002 -0.00246445 -0.00690022 -0.0051908 0.017379 0.000132246 -0.0217311 -0.0250863 -0.0288988 0.0270109 0.000804512 -7.50198e-05 0.0244705 -0.00014179 0.0329826 -0.0468983
internal_weight=9914.79 7908.59 424.062 7484.53 416.275 97.1812 26.7155 319.093 2006.2 205.145 158.895 27.1083 46.2494 1801.05 665.028 617.077 131.787 1136.03 33.8892 36.4965 47.9505 9.75292 1102.14 7457.82 20.2323 7437.58 24.5691 7.78751
internal_count=48935 38657 2076 36581 2015 582 532 1433 10278 982 766 148 216 9296 3180 2953 618 6116 157 170 227 46 5959 36049 89 35960 515 61
is_linear=0
shrinkage=0.05


Tree=209
num_leaves=26
num_cat=0
split_feature=39 11 13 16 21 22 31 39 27 16 19 37 30 29 5 15 40 31 13 3 40 40 19 30 22
split_gain=2.45165 5.69836 11.1306 8.97552 8.55233 7.57828 6.86724 5.16901 7.37983 4.70532 7.80116 7.01677 4.24941 7.57508 4.62438 4.13694 3.4264 5.54311 5.73548 4.20489 4.09152 7.46681 4.90905 2.8806 4.01833
threshold=2.4185000000000003 26.500000000000004 0.7965000000000001 0.66100000000000014 21.500000000000004 0.36666666666666664 0.70300000000000007 2.4340000000000006 0.23950000000000002 0.18350000000000002 1.3870000000000002 0.47000000000000003 1.4705000000000001 2.7775000000000003 -0.56899999999999984 -0.90699999999999992 0.68100000000000016 0.74500000000000011 0.67300000000000015 1.2125000000000001 0.69700000000000006 0.71500000000000008 1.0850000000000002 1.4880000000000002 -0.25833333333333325
decision_type=2 2 2 2 2 2 2 2 2 2 2 2 2 2 2 2 2 2 2 2 2 2 2 2 2
left_child=1 4 -3 6 9 -6 -4 8 23 11 -11 -1 14 -14 -10 -7 17 18 -9 -19 22 -22 -18 -2 -25
right_child=7 2 3 -5 5 15 -8 16 12 10 -12 -13 13 -15 -16 -17 20 19 -20 -21 21 -23 -24 24 -26
leaf_value=0.047140292688968938 -0.073155889742247002 0.08716152055251869 0.028534412471108325 0.071377668005253303 0.090992605227970633 0.044517444987982581 -0.00051511340199132097 0.065641287763944262 0.028824886861130352 -0.017780342877566378 0.0050632812311149633 0.00030311418766330005 0.050104470572970995 -0.024908631448047017 -0.040201401002967818 -0.023021008709296253 0.010408620595731768 -0.032792757494787363 -0.00058169085462102287 -0.0083186294539179216 -0.0038879723162887933 0.00034959135366245783 0.001040757669480977 0.0089924043631991381 -0.044286830527125981
leaf_weight=10.218871929333543 4.6161551401019123 4.8457218036055556 26.99494095146656 5.6294394284486762 4.4731017649173728 4.6340349763631812 82.578723520040512 3.4472128076886284 3.3926759003661564 84.056169904768467 67.295651748194359 36.767642331746174 8.4065897772088629 5.6124220490455619 8.5194156095385569 4.4394967406988135 198.70074203338299 26.891036166809499 63.452843345003203 50.52419240726158 1206.5046179186465 7512.0056951533188 472.16158632549923 5.0112513750791612 12.045037263538683
leaf_count=67 24 26 129 24 19 21 359 24 19 414 376 219 42 28 43 20 1056 135 313 240 6003 36986 2264 23 61
internal_value=-5.18614e-07 0.00422401 0.0129274 0.00980498 -0.00070714 0.0377299 0.00664163 -0.000146873 -0.016582 -0.00333241 -0.00762337 0.0104895 0.00141571 0.0200735 -0.0205421 0.0114722 -6.48093e-05 -0.00771057 0.00283063 -0.01682 5.27066e-05 -0.000236821 0.0038154 -0.0381162 -0.028633
internal_weight=9913.23 331.934 120.049 115.203 211.885 13.5466 109.574 9581.29 47.6035 198.338 151.352 46.9865 25.9311 14.019 11.9121 9.07353 9533.69 144.315 66.9001 77.4152 9389.37 8718.51 670.862 21.6724 17.0563
internal_count=48935 1674 538 512 1136 60 488 47261 240 1076 790 286 132 70 62 41 47021 712 337 375 46309 42989 3320 108 84
is_linear=0
shrinkage=0.05


Tree=210
num_leaves=28
num_cat=0
split_feature=14 27 21 20 42 22 1 42 15 33 33 35 7 30 22 24 40 24 13 40 21 21 42 0 13 24 24
split_gain=2.57012 6.02745 5.88675 5.9853 7.52097 5.30414 12.9076 7.0344 4.91637 4.76255 8.05955 5.5923 5.34992 4.01182 3.40271 3.69175 8.14718 4.92016 2.97151 2.94933 3.91879 5.13333 1.66773 3.45405 1.39825 0.930708 0.0881727
threshold=0.72900000000000009 0.29950000000000004 -21.499999999999996 11.500000000000002 0.25050000000000006 -0.40833333333333327 7.5000000000000009 0.33300000000000007 1.5095000000000003 0.33650000000000008 0.30100000000000005 0.68000000000000016 0.49150000000000005 1.6450000000000002 -0.96666666666666645 1.9665000000000001 0.74900000000000011 2.0010000000000003 1.5400000000000003 0.72250000000000003 -7.4999999999999991 -3.4999999999999996 0.25650000000000006 13.500000000000002 2.4460000000000002 1.3720000000000001 1.9665000000000001
decision_type=2 2 2 2 2 2 2 2 2 2 2 2 2 2 2 2 2 2 2 2 2 2 2 2 2 2 2
left_child=1 2 3 18 -5 6 -4 -7 14 10 12 -12 -10 24 22 16 -16 -17 -1 25 -21 -22 23 -2 -11 -3 -24
right_child=8 19 5 4 -6 7 -8 -9 9 13 11 -13 -14 -15 15 17 -18 -19 -20 20 21 -23 26 -25 -26 -27 -28
leaf_value=-0.073619444760863156 0.058930740579256041 -0.029461007856139226 -0.0030821232189266355 -0.037287801799337515 0.013587965843551609 -0.0053473486589173964 0.023991890457057088 0.06182977983123137 0.0076241885981829507 0.026090349632453203 0.005013590894893177 -0.10388247557671676 0.077387108644995484 0.00020396796494054903 0.00036361317332326914 0.0066765452570351205 -0.0089750347488957872 0.00021682212386685078 -0.028223536122741283 -0.050334227629314499 0.049825578955746998 -0.02987233571122816 0.068437091596693603 -0.067149589794493536 0.066202063692803056 -0.071136709363602127 0.052388935669841763
leaf_weight=4.4314668774604824 1.2735145459882908 1.9271558805194242 133.82041290396592 10.988693624734877 21.432806193828583 321.26956722975592 65.605546873062849 3.9447935452917582 23.458369584986947 2.9801254495978347 2.1452002092264584 2.6175655596889555 3.1127968467771998 4.7147349324077359 718.57669489318505 306.21741147292778 346.00856403354555 7889.0880355141708 19.324569642543793 5.368218958377839 3.5584601610898972 4.6746045517502317 1.7903072088956835 0.94727902114391316 8.0179416752653179 4.3942444575950503 1.6398940290673634
leaf_count=22 62 36 1052 48 93 2097 301 26 175 15 22 19 18 34 3668 1973 1700 37139 83 31 25 80 12 10 78 32 84
internal_value=-5.79324e-07 -0.00317036 -0.00224279 -0.0176257 -0.00365548 -0.000595617 0.00582447 -0.0045325 0.000203898 0.0163262 0.00506088 -0.0548345 0.0157969 0.0387912 0.000122035 9.83649e-05 -0.00267161 0.00045819 -0.0366917 -0.0302124 -0.0170972 0.00457436 0.0389092 0.0051512 0.0553331 -0.0584314 0.0607649
internal_weight=9913.33 600.741 580.818 56.1775 32.4215 524.64 199.426 325.214 9312.59 47.0467 31.3339 4.76277 26.5712 15.7128 9265.54 9259.89 1064.59 8195.31 23.756 19.9227 13.6013 8.23306 5.65099 2.22079 10.9981 6.3214 3.4302
internal_count=48935 3926 3722 246 141 3476 1353 2123 45009 361 234 41 193 127 44648 44480 5368 39112 105 204 136 105 168 72 93 68 96
is_linear=0
shrinkage=0.05


Tree=211
num_leaves=23
num_cat=0
split_feature=24 13 15 17 44 7 17 5 5 14 2 16 21 13 24 24 30 13 40 4 32 1
split_gain=2.48469 3.26574 3.1393 4.99638 3.28254 2.57353 11.0723 10.6875 7.26231 4.65634 7.60453 4.70705 1.60067 3.6261 0.0757838 0.0156805 0.000741126 9.06085e-05 8.05152e-05 7.95352e-05 1.50387e-05 1.46433e-05
threshold=5.5360000000000005 1.0000000180025095e-35 -1.4914999999999998 0.49150000000000005 0.54550000000000021 0.37700000000000006 0.12750000000000003 -1.2709999999999997 0.30200000000000005 0.26150000000000007 1.5000000000000002 0.71100000000000008 5.5000000000000009 0.49150000000000005 4.2040000000000015 2.2405000000000004 1.5635000000000001 0.66100000000000014 0.71500000000000008 0.96650000000000003 0.45450000000000007 5.5000000000000009
decision_type=2 2 2 2 2 2 2 2 2 2 2 2 2 2 2 2 2 2 2 2 2 2
left_child=1 2 3 4 -1 9 7 -7 -8 11 -11 -3 17 -14 15 -4 -15 18 -2 -19 -20 -21
right_child=12 5 14 -5 -6 6 8 -9 -10 10 -12 -13 13 16 -16 -17 -18 19 20 21 -22 -23
leaf_value=-0.024754632318311213 0.051469612184899011 0.017716518159269952 -0.051127191195037315 0.09291285027346298 0.062441819237724842 0.088336873592170406 -0.0015223545397670306 0.0074667248721079511 -0.011040663825300858 0.051254632100932285 0.00034166231102960161 -0.026953604123547987 -0.049035041241865265 0.054123715495097952 -0.083947957017266622 -0.057391381583149298 0.052086978026887824 0.051413542447770993 0.051094260940629202 0.050312570803010687 0.050772405231284096 0.05078602800011435
leaf_weight=12.872650541830806 0.83971300907433022 7.4433076619170597 1.562377564201596 1.1064171616453684 1.178105220198632 4.1862923055887213 689.9744723449694 169.61923714680597 282.42826054315083 7.3404347461182615 8695.1468910961412 28.393270136322826 1.6630342938005926 1.0105275399982927 0.24085928499698628 2.770544683560729 0.80042555928230275 0.22988080047070969 0.52418842539191235 0.94606343121267833 1.1797946784645317 0.19738486269488931
leaf_count=242 34 77 353 14 12 26 3876 904 1449 389 40680 458 13 19 1 34 24 11 26 194 84 15
internal_value=-5.94082e-07 -2.222e-05 -0.0203436 -0.00938792 -0.0174435 1.83445e-05 -0.00220926 0.00941457 -0.00428689 0.000310541 0.000384607 -0.0176756 0.028979 0.00427126 -0.0566501 -0.0551326 0.0532235 0.0508922 0.0510689 0.0505649 0.0508714 0.0503943
internal_weight=9911.65 9904.26 19.731 15.1572 14.0508 9884.53 1146.21 173.806 972.403 8738.32 8702.49 35.8366 7.39101 3.47399 4.57378 4.33292 1.81095 3.91703 2.5437 1.37333 1.70398 1.14345
internal_count=48935 48515 656 268 254 47859 6255 930 5325 41604 41069 535 420 56 388 387 43 364 144 220 110 209
is_linear=0
shrinkage=0.05


Tree=212
num_leaves=26
num_cat=0
split_feature=13 1 18 15 11 15 44 41 25 2 13 14 16 1 28 28 22 11 28 42 23 28 31 14 41
split_gain=2.43025 6.12801 6.05221 6.55854 6.50901 6.27636 7.02306 4.97696 5.83287 7.48832 5.74471 6.50723 5.24567 4.35677 3.57717 9.24305 8.31701 7.08522 6.24871 7.77356 5.32998 2.99834 2.68678 1.94378 1.57938
threshold=0.68600000000000005 2.5000000000000004 1.0000000180025095e-35 -0.36199999999999993 24.500000000000004 -1.3964999999999999 0.50550000000000017 0.42850000000000005 505.50000000000006 23.500000000000004 0.34150000000000008 1.4460000000000002 0.15200000000000002 23.500000000000004 0.24500000000000002 0.23050000000000004 -0.18333333333333326 37.500000000000007 0.26300000000000007 0.25050000000000006 1.5085000000000004 0.28300000000000003 0.83850000000000013 2.6075000000000004 0.44300000000000006
decision_type=2 2 2 2 2 2 2 2 2 2 2 2 2 2 2 2 2 2 2 2 2 2 2 2 2
left_child=1 22 3 5 -5 13 -7 10 9 -9 21 -12 -10 -2 15 16 -4 -17 19 -16 -20 -3 23 24 -1
right_child=2 7 14 4 -6 6 -8 8 12 -11 11 -13 -14 -15 18 17 -18 -19 20 -21 -22 -23 -24 -25 -26
leaf_value=0.029393208317101828 -0.026999022456175942 -0.074795660372611872 -0.012361159381635119 -0.056807577416849733 0.014016351718107559 0.011377304644838366 0.04227894312501599 -0.026517283211515998 0.0018784728878764982 0.035895428772925168 0.0043679343551259022 0.050760380287770107 -0.0072162475233442094 0.07688627795899737 0.022632604250167384 -0.0071651573428930335 0.00073787539252411936 -0.0348475556303178 0.00031860968800420675 0.002473302854682927 0.050308165278679623 0.0076582950167324946 0.046168152265476881 0.030904099441088146 -0.055668340515688447
leaf_weight=0.57842195138800434 10.963020576746201 2.4109951371792695 130.95903703058138 6.5135246813297254 6.4630945920944214 58.57017886225367 26.799830594449304 43.846623425371945 388.37514839711366 5.3975547701120368 18.145226569846276 12.955263607203959 267.92508403863758 1.1115756854414929 70.338584735989571 326.54869455075823 1622.7040314632468 24.875359639525414 6716.4574810036574 149.36909313313663 5.3364408118650308 2.0316047433298081 0.87122246494982469 0.78255175054073411 9.6482053482613974
leaf_count=29 202 24 675 29 29 380 175 266 2543 23 104 62 1482 6 324 1557 7698 112 32061 718 66 29 12 4 325
internal_value=-5.25813e-07 -0.00273106 0.000224002 0.011859 -0.0215332 0.0163058 0.0210781 -0.00215995 -0.00307962 -0.0196764 0.0160959 0.0236932 -0.00183432 -0.0174354 8.19872e-05 -0.00172348 -0.000240327 -0.00912464 0.000629514 0.00892723 0.000358296 -0.0370894 -0.0383565 -0.0450455 -0.0508572
internal_weight=9909.98 752.968 9157.01 110.421 12.9766 97.4446 85.37 741.088 705.544 49.2442 35.5431 31.1005 656.3 12.0746 9046.59 2105.09 1753.66 351.424 6941.5 219.708 6721.79 4.4426 11.8804 11.0092 10.2266
internal_count=48935 4903 44032 821 58 763 555 4533 4314 289 219 166 4025 208 43211 10042 8373 1669 33169 1042 32127 53 370 358 354
is_linear=0
shrinkage=0.05


Tree=213
num_leaves=29
num_cat=0
split_feature=21 19 22 39 18 32 59 18 29 36 13 36 24 15 40 19 16 39 22 24 59 59 16 40 22 7 31 7
split_gain=2.4293 7.33284 8.17569 10.2238 8.53735 7.11223 6.33725 8.14197 6.70974 6.33718 8.77131 6.08933 5.08839 9.7585 10.3788 9.31593 7.7495 9.97982 9.4042 9.41531 8.21171 6.95448 5.91135 5.89461 5.82263 5.44523 5.27333 2.67538
threshold=17.500000000000004 1.2155000000000002 0.19999999999999998 2.4010000000000002 0.36666666666666675 0.39950000000000008 26.500000000000004 0.59166666666666679 3.0725000000000002 0.33300000000000007 0.72900000000000009 0.43900000000000006 3.0015000000000005 -1.0409999999999997 0.78200000000000014 0.64150000000000007 0.51950000000000018 2.4790000000000005 -0.36666666666666653 3.1775000000000007 9.5000000000000018 8.5000000000000018 0.12250000000000001 0.78800000000000014 0.16666666666666669 0.37250000000000005 0.82650000000000012 0.18050000000000002
decision_type=2 2 2 2 2 2 2 2 2 2 2 2 2 2 2 2 2 2 2 2 2 2 2 2 2 2 2 2
left_child=12 2 3 -2 -5 27 7 -7 -8 10 -4 -11 13 14 26 21 18 24 19 -14 -20 -15 -16 -17 -18 -19 -1 -3
right_child=1 5 9 4 -6 6 8 -9 -10 11 -12 -13 16 15 22 23 17 25 20 -21 -22 -23 -24 -25 -26 -27 -28 -29
leaf_value=-0.018761773304879992 0.066837785610342079 0.079216200603604042 0.0020183324122156538 -0.035695242778528209 -0.0085910395918042774 0.034730880740288059 -0.019478340414598661 -0.030014195157989039 0.048979343342535321 0.0082618250321634234 -0.062188528293490752 -0.0036317618906024345 -0.08112662938288201 0.0021840382510799573 -0.0034101676228667638 -8.8868616046505452e-05 -0.079150932358937387 0.022180830975499635 -0.0025346871714274897 -0.0035260246854283139 0.0049170824977943376 0.023705624775574367 0.072681173480407021 -0.0085165781180643867 0.016200119234206955 -0.020034733456683163 0.033132945142620586 0.025413882452434464
leaf_weight=130.41607338096946 3.688706010580062 4.8495155423879606 11.2435739338398 43.435520626604557 87.739908389747143 25.266226239502434 25.657546773552898 6.010953400284051 4.1596094220876685 144.42840462177992 10.094844810664652 422.24287312850356 6.7723552361130741 80.541879888798576 4.9976414889097196 6886.0548218613403 4.2676301032770416 99.633256522705778 585.86312277417164 9.2444183630868775 1002.0255445828661 70.300382797606289 5.2168374806642532 213.9255030209024 2.5623737815767527 8.2727926801890117 5.0862113293260327 4.4134023487567902
leaf_count=726 16 21 50 191 385 116 112 28 21 630 44 1912 32 721 24 32896 36 655 4126 61 4661 346 23 993 14 47 28 20
internal_value=-5.32291e-07 -0.00265448 -0.00415426 -0.0152574 -0.0175659 0.0127548 0.00656481 0.022288 -0.00992823 -0.00160768 -0.0283568 -0.000600425 0.000230422 -0.000339029 -0.0131501 -8.15696e-05 0.00268117 0.0152343 0.00178318 -0.0363378 0.0021677 0.0122142 0.0354519 -0.000342799 -0.0433786 0.0189443 -0.0168139 0.0535816
internal_weight=9908.41 793.231 722.874 134.864 131.175 70.3573 61.0943 31.2772 29.8172 588.01 21.3384 566.671 9115.18 7396.54 145.717 7250.82 1718.64 114.736 1603.91 16.0168 1587.89 150.842 10.2145 7099.98 6.83 107.906 135.502 9.26292
internal_count=48935 3546 3228 592 576 318 277 144 133 2636 94 2542 45389 35757 801 34956 9632 752 8880 93 8787 1067 47 33889 50 702 754 41
is_linear=0
shrinkage=0.05


Tree=214
num_leaves=31
num_cat=0
split_feature=18 18 17 44 33 3 3 40 14 23 14 31 4 3 14 44 31 26 40 33 33 14 18 18 36 40 30 36 41 44
split_gain=2.43973 5.57936 9.2691 9.48571 12.5092 9.86404 5.81504 7.1881 6.16695 5.47335 11.2397 8.7823 7.31563 6.40445 5.9393 5.10784 9.73173 7.79349 10.1625 6.51173 9.48154 6.29851 8.9074 13.9555 7.92915 6.2061 6.10011 10.6681 6.07573 5.41525
threshold=0.59166666666666679 0.51666666666666672 0.34900000000000003 0.46500000000000008 0.18450000000000003 1.6545000000000003 1.8910000000000002 0.73950000000000016 1.7170000000000003 -1.1094999999999997 1.175 0.66400000000000015 0.79050000000000009 0.33900000000000002 0.81350000000000011 0.46500000000000008 0.66750000000000009 0.24500000000000002 0.69400000000000006 0.30100000000000005 0.32450000000000007 1.1130000000000002 0.70000000000000007 0.78888888888888908 0.34200000000000003 0.77000000000000013 1.6095000000000004 0.5655 0.53150000000000019 0.46000000000000008
decision_type=2 2 2 2 2 2 2 2 2 2 2 2 2 2 2 2 2 2 2 2 2 2 2 2 2 2 2 2 2 2
left_child=1 9 3 4 -3 -5 8 -8 -4 10 11 -1 -12 -11 -15 16 17 18 -2 25 -21 26 24 -24 -23 -18 28 -28 -17 -19
right_child=15 2 6 5 -6 -7 7 -9 -10 13 12 -13 -14 14 -16 21 19 29 -20 20 -22 22 23 -25 -26 -27 27 -29 -30 -31
leaf_value=-0.024904346368114252 -0.062041745350303393 0.047246567364016917 0.0087138020001511479 -0.013956099419372592 -0.0010855560141000062 0.0033903309427074017 -0.05081468738958228 0.0063690684285461867 -0.041724112289659075 -0.030034190238877486 0.097544238297630079 0.047808508553190909 -0.0078893256741511385 -0.0095301482658480281 0.00019498325585583478 0.00041123485319234307 0.0059957338518135152 -0.026360859211057488 0.013679700781656222 -0.026130158390618771 -0.0015971076126246879 0.042503103524595867 -0.016963407031592291 0.0057678348669431253 0.007585925925983384 -0.030548132594472002 -0.025871692264897196 -0.00029031887851267772 0.013818083078866348 -0.07374603247698909
leaf_weight=4.9326415890827802 5.4942755056545165 15.647933174390344 192.52486666190089 401.12697340780869 92.674317975295708 102.9986386904493 10.163230855017902 11.965647486038504 6.2572963200509539 17.887691800293396 1.7169278673827637 26.26146944751963 39.414258185075596 161.40588471555384 5744.0630447874428 1232.7631890488119 268.6761234626174 31.614324429538101 22.896892367862165 50.236933205742389 182.29558547958732 16.667057976126671 101.6833534068428 200.9737716774689 663.76066357304808 12.143049001693724 59.150170734152198 131.04749162821099 90.724717793404125 7.4502873905003062
leaf_count=27 30 83 967 1830 430 484 51 61 32 353 11 130 192 1073 28163 6145 1305 176 115 234 899 79 472 990 3127 56 289 641 450 40
internal_value=-4.43479e-07 -0.000527192 -0.0043606 -0.0075276 0.00589637 -0.010412 0.00441948 -0.019894 0.00712611 5.62634e-06 0.0136771 0.0363106 -0.00348824 -0.000161305 -7.08201e-05 0.00116839 -0.00305496 -0.0209094 -0.000973958 -0.000708835 -0.00689729 0.00215084 0.00526702 -0.00186915 0.00844122 0.00441552 0.000126999 -0.00824595 0.00133027 -0.035398
internal_weight=9906.62 6829.04 833.359 612.448 108.322 504.126 220.911 22.1289 198.782 5995.68 72.3253 31.1941 41.1312 5923.36 5905.47 3077.58 580.807 67.4558 28.3912 513.352 232.533 2496.77 983.085 302.657 680.428 280.819 1513.69 190.198 1323.49 39.0646
internal_count=48935 33887 3938 2827 513 2314 1111 112 999 29949 360 157 203 29589 29236 15048 2855 361 145 2494 1133 12193 4668 1462 3206 1361 7525 930 6595 216
is_linear=0
shrinkage=0.05


Tree=215
num_leaves=29
num_cat=0
split_feature=39 14 30 17 13 7 42 30 39 13 21 6 7 42 42 18 1 19 27 1 2 14 4 4 19 41 19 27
split_gain=2.48284 5.91386 6.79337 7.67021 6.25851 6.33381 5.8114 7.0275 9.29986 6.31512 5.27647 5.49242 5.47558 4.88592 5.43425 10.5656 9.08184 6.3471 5.02192 5.56699 5.36281 4.15771 10.1115 5.09837 4.92441 3.02205 2.93034 1.30944
threshold=2.5845000000000007 2.0165000000000002 1.3405000000000002 0.21950000000000003 1.5690000000000002 0.5355000000000002 0.25150000000000006 1.5695000000000003 2.5875000000000008 0.50850000000000006 22.500000000000004 0.62000000000000011 0.078500000000000014 0.28950000000000004 0.27750000000000008 0.78888888888888908 15.500000000000002 1.9485000000000003 0.15400000000000003 57.500000000000007 26.500000000000004 0.89600000000000013 1.3965000000000003 2.0165000000000002 0.55800000000000016 0.47700000000000004 1.3205000000000002 0.24450000000000002
decision_type=2 2 2 2 2 2 2 2 2 2 2 2 2 2 2 2 2 2 2 2 2 2 2 2 2 2 2 2
left_child=13 6 3 -3 5 -4 10 9 -9 -8 12 -12 -2 14 18 17 -17 -16 20 -20 -1 22 27 24 -23 -6 -25 -15
right_child=1 2 4 -5 25 -7 7 8 -10 -11 11 -13 -14 21 15 16 -18 -19 19 -21 -22 23 -24 26 -26 -27 -28 -29
leaf_value=-0.0096440376063914243 -0.022454845279203915 0.0088149352556703281 0.0085667529020330736 -0.07391830149965177 -0.0065048855443898537 -0.058020209833905337 -0.013092693332076372 -0.025924516290672318 -0.0031225691315153042 0.00088356732323501561 -0.061704754890190408 0.0059578354298051471 -0.0036191266902030114 -0.082784026322384463 0.007643906422036207 -0.00083816319664868676 0.067597039427431865 -0.024279668327588665 0.00065085188434242571 0.018371255088714865 -0.062781891509614593 -0.04284345091131031 0.012655490338149028 -0.084688525124352335 -9.4202924462204586e-05 0.053021828257866423 -0.017890329751643903 -0.046681818860549978
leaf_weight=36.238153771264479 44.793057647766545 5.9322877414524537 175.0444027367048 5.3082629442214966 2.6224367480026549 3.6456821803003541 82.976148510962958 46.636096510104835 1086.6734350766346 3116.0525283683091 8.7035421133041364 4.5761276930570594 278.34423304074153 4.8080173982307333 199.27460688904102 7.6691894778050509 13.178272992372511 16.889792044647038 4567.9925909008743 44.755619063973427 5.4640870988368979 7.1788520261179647 7.5382315516471854 2.9705054300138718 109.33803366497159 11.404358368134124 3.6706334855407476 5.2587027662084438
leaf_count=170 267 36 1168 26 30 22 730 225 5312 14772 37 21 1245 23 974 46 59 89 22635 195 23 52 38 17 519 149 23 32
internal_value=-5.71822e-07 -0.000805048 0.0075289 -0.0302552 0.00973272 0.00720823 -0.00116912 -0.000677549 -0.00406088 0.000521052 -0.00749953 -0.0383885 -0.00623012 0.000778403 0.0010427 0.00842803 0.0424217 0.00514959 0.000666626 0.000822786 -0.0166065 -0.00840573 -0.031134 -0.00515682 -0.00272807 0.0418928 -0.0477684 -0.0639248
internal_weight=9904.94 4872.71 203.957 11.2406 192.717 178.69 4668.76 4332.34 1133.31 3199.03 336.417 13.2797 323.137 5032.23 4891.46 237.012 20.8475 216.164 4654.45 4612.75 41.7022 140.763 17.605 123.158 116.517 14.0268 6.64114 10.0667
internal_count=48935 24040 1431 62 1369 1190 22609 21039 5537 15502 1570 58 1512 24895 24191 1168 105 1063 23023 22830 193 704 93 611 571 179 40 55
is_linear=0
shrinkage=0.05


Tree=216
num_leaves=26
num_cat=0
split_feature=39 19 6 37 4 3 21 41 29 36 22 41 36 3 21 22 4 1 13 23 21 25 27 37 37
split_gain=2.41314 11.0442 6.00603 7.08665 6.53494 6.51698 6.19714 3.98694 9.42734 7.11959 6.99922 10.567 6.41036 6.3103 6.18112 4.30368 13.5221 8.72613 6.41153 8.11276 7.44526 5.8678 3.35674 1.54275 0.545637
threshold=2.7625000000000006 0.39650000000000007 0.081500000000000017 0.59200000000000008 2.1705000000000001 1.7350000000000003 -10.499999999999998 0.51800000000000013 2.8000000000000003 0.52650000000000008 -0.63333333333333319 0.52550000000000019 0.54350000000000021 2.3390000000000009 20.500000000000004 -0.40833333333333327 0.96650000000000003 36.500000000000007 2.0975000000000006 -0.74749999999999983 -24.499999999999996 511.50000000000006 0.24850000000000003 0.50600000000000012 0.55150000000000021
decision_type=2 2 2 2 2 2 2 2 2 2 2 2 2 2 2 2 2 2 2 2 2 2 2 2 2
left_child=7 22 3 6 5 -4 -3 15 9 13 11 -10 -11 -9 -12 16 17 -1 19 -17 -20 -18 23 -2 -24
right_child=1 2 4 -5 -6 -7 -8 8 10 12 14 -13 -14 -15 -16 18 21 -19 20 -21 -22 -23 24 -25 -26
leaf_value=-0.041658629906736272 -0.014356674211551585 0.058043807072658653 -0.012086492036787267 0.07713032982542091 0.044339488547678906 0.0035395567909796695 -0.012935511890213925 0.0042605232141661106 0.0036677902186741588 0.029710694627707725 -0.00081206864466858673 -0.081104445255282903 0.0061681570191389132 -0.049996841691853845 -0.028542866041947286 -0.0068960897937417462 0.0015436494234711683 0.01981562311896996 -0.030711835110844212 -0.00042340981182254259 0.010332932872745349 0.010472678879610203 0.058390216666733365 0.039665972497224103 0.090066584288738039
leaf_weight=26.244653338188073 2.2079662098549289 4.1538103371858606 248.11900327727199 4.4028651170083313 6.097879657521843 91.269378073513508 11.842238628392806 747.37934514705557 7.5405825736233947 54.286101386067457 335.9174564598361 7.1729659889824688 61.86678370035952 5.3975648002233347 21.373320385813713 522.21220015222207 629.12514716101578 7.4004056751728049 11.708944357931612 6634.2491983200307 195.88471787679009 260.04998349386733 2.8820289701689035 3.2918170243501663 2.5733607194852084
leaf_count=175 27 20 1122 38 36 495 106 3574 43 255 1688 42 304 67 104 2457 3288 34 54 32519 1072 1348 22 26 19
internal_value=-5.03448e-07 -0.00392478 -0.00540592 0.0209576 -0.00696253 -0.00788429 0.0054962 0.000154708 0.00279781 0.0056493 -0.00386271 -0.0376593 0.0171712 0.00387149 -0.00247094 -0.000241089 0.00297772 -0.028137 -0.00064445 -0.000895726 0.00801788 0.00415505 0.0455429 0.0179778 0.0733323
internal_weight=9904.65 376.84 365.885 20.3989 345.486 339.388 15.996 9527.81 1240.93 868.93 372.004 14.7135 116.153 752.777 357.291 8286.88 922.82 33.6451 7364.06 7156.46 207.594 889.175 10.9552 5.49978 5.45539
internal_count=48935 1911 1817 164 1653 1617 126 47024 6077 4200 1877 85 559 3641 1792 40947 4845 209 36102 34976 1126 4636 94 53 41
is_linear=0
shrinkage=0.05


Tree=217
num_leaves=27
num_cat=0
split_feature=8 22 7 8 42 26 26 24 26 39 30 40 59 36 20 59 2 43 36 24 21 13 41 3 39 13
split_gain=2.39688 10.0354 8.98306 8.17921 9.17916 6.73283 6.41877 8.19304 7.77583 5.86851 11.4629 10.5517 8.27598 3.89868 6.82372 6.09496 7.43616 5.08772 3.978 5.14165 8.77635 4.92271 4.55608 6.71653 6.56479 3.01048
threshold=0.18333333333333332 -0.19999999999999993 0.26200000000000007 0.12222222222222222 0.22300000000000003 0.58550000000000002 0.30400000000000005 2.5555000000000008 0.29650000000000004 2.5255000000000005 1.6105000000000003 0.71150000000000013 14.500000000000002 0.31750000000000006 -9.4999999999999982 22.500000000000004 3.5000000000000004 0.75350000000000017 0.33300000000000007 1.8335000000000001 13.500000000000002 1.8545000000000003 0.45350000000000007 1.268 2.5010000000000003 1.268
decision_type=2 2 2 2 2 2 2 2 2 2 2 2 2 2 2 2 2 2 2 2 2 2 2 2 2 2
left_child=1 2 3 5 -5 -1 8 -8 -4 10 25 -11 -13 14 -2 16 -16 -17 19 21 -21 -15 23 -20 -24 -3
right_child=13 9 6 4 -6 -7 7 -9 -10 11 -12 12 -14 18 15 17 -18 -19 22 20 -22 -23 24 -25 -26 -27
leaf_value=-0.0022803435635549633 -0.051739326444779576 -0.03818602331373256 0.0080155411766697476 0.031713625338998644 -0.022505277345537408 0.065863673269203782 -0.014173535727056822 0.020357744427181593 0.059724214588825431 0.050668972150151773 0.048429713746891007 0.0037014817498058402 -0.028806753629676371 -0.036968776435378957 -0.040540040576363921 0.0068533954398495786 0.034560035654477649 -0.056568894026378914 -0.0063267257454768799 0.0053156796681830985 -0.026347462789670692 0.020867189398122363 0.0053065624463544195 0.00098473865903295145 0.00028041884553088521 -0.07983181232128872
leaf_weight=357.31966878729872 3.8656189250759772 20.349197231000296 256.03129698388511 8.5446084439754468 90.334995335200801 3.661933173891156 70.62843414300005 22.697807327844203 7.4829124733805648 6.6958440276794127 3.576962709776125 34.621245163027197 45.058764860033989 22.953379158774627 3.621296292229089 14.969941772520544 36.711749857291579 4.008946254849433 598.33011977080605 79.028792869532481 30.266462370753288 4.3814540877938262 718.3671540505602 661.23504394909833 6793.3050982256245 5.5156388543546191
leaf_count=2196 21 137 1258 39 406 37 405 108 40 38 20 249 227 150 28 75 191 21 3021 414 135 20 3507 3166 32997 29
internal_value=-4.27621e-07 -0.00241305 -0.00045977 -0.00507905 -0.01782 -0.00158907 0.0054931 -0.00577521 0.00948389 -0.0161868 -0.0354648 -0.00961583 -0.0146818 0.000250359 0.0126273 0.0168223 0.0278172 -0.00654341 0.000162578 -0.00830331 -0.0034526 -0.0276983 0.000294452 -0.00248842 0.000761086 -0.0470669
internal_weight=9903.56 932.519 816.702 459.861 98.8796 360.982 356.84 93.3262 263.514 115.818 29.4418 86.3759 79.68 8971.05 63.1776 59.3119 40.333 18.9789 8907.87 136.63 109.295 27.3348 8771.24 1259.57 7511.67 25.8648
internal_count=48935 5189 4489 2678 445 2233 1811 513 1298 700 186 514 476 43746 336 315 219 96 43410 719 549 170 42691 6187 36504 166
is_linear=0
shrinkage=0.05


Tree=218
num_leaves=29
num_cat=0
split_feature=9 24 5 5 13 8 17 19 28 36 27 13 11 5 20 28 7 28 5 40 23 28 9 7 13 44 44 8
split_gain=2.43338 10.5054 15.2852 10.9674 10.695 7.78958 8.15659 7.66787 8.43669 6.7954 6.24029 5.96895 8.70302 9.80113 8.53252 8.11954 7.8575 5.73851 6.51397 8.17372 5.77163 5.62935 6.8721 5.55792 4.87681 5.40408 4.46972 1.04885
threshold=1.5475000000000001 2.9535000000000005 0.14550000000000002 0.31100000000000005 0.98350000000000015 0.36666666666666675 0.46550000000000008 1.5345000000000002 0.23850000000000002 0.44850000000000007 0.27050000000000007 1.0930000000000002 32.500000000000007 1.0165000000000002 -12.499999999999998 0.26300000000000007 0.18650000000000003 0.37300000000000005 0.48200000000000004 0.7350000000000001 0.47649999999999998 0.36650000000000005 0.96100000000000008 0.43100000000000005 2.1275000000000004 0.44000000000000006 0.48650000000000004 0.18333333333333332
decision_type=2 2 2 2 2 2 2 2 2 2 2 2 2 2 2 2 2 2 2 2 2 2 2 2 2 2 2 2
left_child=1 17 24 10 -5 6 7 9 -9 -2 -4 12 15 -14 26 -7 -16 21 20 -20 -19 23 -23 -1 25 -3 -13 -26
right_child=5 2 3 4 -6 11 -8 8 -10 -11 -12 14 13 -15 16 -17 -18 18 19 -21 -22 22 -24 -25 27 -27 -28 -29
leaf_value=-0.0012193888635425999 -0.0029624648640700865 -0.030743673566457737 0.033105500442628541 0.023121063404613451 -0.0042857545536412276 -0.0015804495988465863 0.055838193556443795 -0.062364076386861048 0.0027766786573532702 -0.027955677364917653 -0.0030087801799417984 0.075897488153003956 0.023863181663372059 -0.040762457376227329 0.0050379615376747603 -0.01058289691168933 -0.0013698975782921955 0.00081635972817275095 -0.056355004909724726 0.0099054959793002662 0.017179323851176938 -0.00039123139253764775 -0.037832497321692152 -0.011935341914308149 -0.0023335527762901168 0.001384094373448546 0.019613081144784241 0.05725557053091121
leaf_weight=1393.3726972803706 40.608424620470032 13.468459066934882 92.428915003314614 61.690828716382384 84.152889924123883 1159.8093621056178 4.5990565763786426 5.2604910880327216 90.190822422504425 82.344095035456121 13.739626005291937 5.1411314108409014 50.523284643888474 6.6376489996910086 768.11270086176228 319.45488259452395 1268.433809873648 3705.6787009626132 10.9740381911397 8.0819217436946911 54.686028056778014 24.187570731155574 24.842892298242077 132.50853954956983 0.8783241908531626 464.36637716880068 11.236976164160295 4.6369871215429157
leaf_count=6785 199 67 441 304 468 5755 23 23 402 372 61 32 224 30 3779 2079 5930 17691 56 45 293 124 124 960 69 2426 81 92
internal_value=-6.50636e-07 0.00061952 0.00622328 0.0162066 0.00730713 -0.000991285 -0.0100587 -0.0114463 -0.000813344 -0.019701 0.0284318 -0.000427936 -0.00278484 0.0163587 0.00133599 -0.00352458 0.00104692 -0.000150099 0.000906554 -0.0282529 0.00105432 -0.00268582 -0.0193621 -0.00214997 0.0010181 0.000478527 0.0372809 0.0477659
internal_weight=9902.05 6089.69 735.362 252.012 145.844 3812.35 223.003 218.404 95.4513 122.953 106.169 3589.35 1536.43 57.1609 2052.92 1479.26 2036.55 5354.33 3779.42 19.056 3760.36 1574.91 49.0305 1525.88 483.35 477.835 16.3781 5.51531
internal_count=48935 30006 3928 1274 772 18929 1019 996 425 571 502 17910 8088 254 9822 7834 9709 26078 18085 101 17984 7993 248 7745 2654 2493 113 161
is_linear=0
shrinkage=0.05


Tree=219
num_leaves=31
num_cat=0
split_feature=39 40 39 15 11 19 40 36 1 11 39 11 41 31 5 5 14 24 27 6 4 1 5 11 39 13 14 1 37 36
split_gain=2.35383 5.4788 7.63788 8.58444 12.0839 9.80102 6.60952 8.50117 8.45096 7.16795 9.50898 6.63758 5.95402 4.90314 6.62114 5.17368 4.47526 13.6835 7.56462 7.43722 5.32464 7.19861 7.04982 6.70397 5.91199 8.3055 5.72668 3.19166 5.56428 0.568636
threshold=2.5845000000000007 0.71650000000000003 2.6560000000000001 0.19600000000000004 14.500000000000002 1.7710000000000001 0.72800000000000009 0.57100000000000006 19.500000000000004 50.500000000000007 2.6865000000000006 12.500000000000002 0.48200000000000004 0.80100000000000016 1.1315000000000002 -0.6379999999999999 2.3100000000000001 4.3335000000000008 0.28950000000000004 0.45250000000000007 0.57400000000000007 57.500000000000007 1.0575000000000003 11.500000000000002 2.5750000000000006 0.98350000000000015 0.85450000000000015 7.5000000000000009 0.51600000000000013 0.57100000000000006
decision_type=2 2 2 2 2 2 2 2 2 2 2 2 2 2 2 2 2 2 2 2 2 2 2 2 2 2 2 2 2 2
left_child=16 2 3 4 -2 -5 7 8 -3 12 -11 -9 -8 14 -4 -15 20 18 19 -18 24 23 -23 -22 26 -26 -1 29 -29 -19
right_child=1 6 13 5 -6 -7 9 11 -10 10 -12 -13 -14 15 -16 -17 17 27 -20 -21 21 22 -24 -25 25 -27 -28 28 -30 -31
leaf_value=-0.040662714008550836 -0.025112106895461402 0.020154917120902852 0.0021638194291990257 -0.049156307183572362 0.0088477598152794257 -0.011677928753663332 -0.0047065485907916661 0.020309576341553157 0.0021349951601191052 -0.019964698713098313 0.0038428632206229021 -0.019051045133485121 0.00038537112774831737 -0.037886755084722258 -0.064187790728963343 0.039738919805653222 -0.0036296422999208713 0.056241937368284846 -0.091597857272182892 -0.049747013027542447 0.0045353023657547257 0.035644131002584033 -0.0053540033304576443 2.3450019548192923e-05 0.0094430190532642129 -0.089014653987174563 -0.0030075576899255972 0.055449782500021354 -0.028484657589662173 0.018791973606942486
leaf_weight=10.899392374398301 43.690789424348623 120.75774346660182 69.353749067755416 29.474469184875488 65.413861498236656 42.738365057855844 690.40485691901995 13.813089132891035 141.07435790449381 108.41353213787079 68.405151337385178 47.692164342850447 3407.9339017416787 2.5172568727284697 3.9753577616065732 14.573269864544271 23.187724792398512 6.2788225574768139 4.2273691520094863 14.032867051661013 1058.0164794145967 29.310156971216202 16.326041527092457 3711.3044903725386 3.6750874975550669 5.1343924254179001 137.1603610223392 3.2903734697028977 4.9376080762594938 1.2087425271747632
leaf_count=207 262 695 344 138 303 223 3388 100 635 466 301 220 16853 12 23 77 137 219 21 71 6088 126 73 16814 46 34 909 51 41 58
internal_value=-5.51345e-07 -0.000784022 -0.00768279 -0.0136024 -0.00475142 -0.0269751 -0.000376355 0.00651644 0.0104458 -0.000897669 -0.0107544 -0.0102113 -0.000472412 0.00418775 -0.00143327 0.0283055 0.000758186 -0.0131521 -0.0282155 -0.0210168 0.00091812 0.00121346 0.0209773 0.00102435 -0.00814722 -0.0479407 -0.00577954 0.0265757 0.00508076 0.0501963
internal_weight=9899.22 4870.23 271.737 181.317 109.105 72.2128 4598.49 323.337 261.832 4275.16 176.819 61.5053 4098.34 90.4196 73.3291 17.0905 5028.99 57.1635 41.448 37.2206 4971.83 4814.96 45.6362 4769.32 156.869 8.80948 148.06 15.7155 8.22798 7.48757
internal_count=48935 24040 1382 926 565 361 22658 1650 1330 21008 767 320 20241 456 367 89 24895 598 229 208 24297 23101 199 22902 1196 80 1116 369 92 277
is_linear=0
shrinkage=0.05


Tree=220
num_leaves=22
num_cat=0
split_feature=14 24 39 7 28 16 0 32 3 0 27 22 22 10 21 18 13 4 25 14 59
split_gain=2.35249 4.19713 5.82974 6.82039 5.23697 4.7537 7.37583 5.87228 5.31956 5.37159 4.40108 3.67134 4.20228 3.60619 6.11964 4.39546 2.41345 1.67654 3.65098 1.08795 0.192114
threshold=0.60350000000000004 1.9665000000000001 2.4615000000000005 0.11650000000000001 0.45550000000000007 0.76600000000000013 5.5000000000000009 0.50500000000000012 1.4105000000000001 15.500000000000002 0.22450000000000003 -0.96666666666666645 -0.92499999999999982 1.5000000000000002 -17.499999999999996 0.70000000000000007 1.8595000000000004 2.2040000000000006 507.50000000000006 0.50950000000000017 14.500000000000002
decision_type=2 2 2 2 2 2 2 2 2 2 2 2 2 2 2 2 2 2 2 2 2
left_child=1 5 19 4 -4 8 -7 -8 9 -1 -5 16 -13 14 -14 -15 -2 20 -19 -3 -18
right_child=11 2 3 10 -6 6 7 -9 -10 -11 -12 12 13 15 -16 -17 17 18 -20 -21 -22
leaf_value=-0.0009916911337636428 -0.039894756115794933 -0.038687843724510444 0.032359768549247402 -0.046568570213916936 -0.01983902141690971 0.065579603843537809 -0.027713316734254895 0.0012145689604665562 0.058042131690482363 0.028231975365612668 -0.011565213923979224 -0.036000531183553335 -0.0027750406605589906 0.00027191749814968529 0.0087509563243721895 -0.0034672552533920598 0.056852558709108783 -0.092130591860342392 0.053135925141820056 -0.076212993404536453 0.083763055925612992
leaf_weight=128.1662948152225 0.95046757161617179 4.3884226582013062 13.698371631093325 11.786665033083407 7.401249833405017 2.995990013703703 38.457899459637702 32.258978138212115 4.4574850765056899 17.923356773331761 37.712975010275841 8.0504809655249101 186.80455552786589 8224.7524858803954 300.27854187949561 868.98657507449389 3.9458798784762621 0.63588519045151759 1.3525308657553976 3.4500891864299774 0.79721124470233906
leaf_count=1106 4 28 77 69 39 19 388 304 33 103 226 37 821 40026 1411 3967 117 36 98 22 4
internal_value=-4.43263e-07 -0.00434041 -0.0142957 -0.0097537 0.0140497 -0.00085841 -0.0112618 -0.0145173 0.00423543 0.00259368 -0.0199001 0.000136449 0.000108769 0.00013911 0.00433054 -8.53933e-05 0.0346884 0.0452193 0.00668044 -0.0552044 0.0613756
internal_weight=9899.25 302.698 78.4378 70.5993 21.0996 224.26 73.7129 70.7169 150.547 146.09 49.4996 9596.55 9588.87 9580.82 487.083 9093.74 7.68197 6.73151 1.98842 7.83851 4.74309
internal_count=48935 2414 461 411 116 1953 711 692 1242 1209 295 46521 46262 46225 2232 43993 259 255 134 50 121
is_linear=0
shrinkage=0.05


Tree=221
num_leaves=28
num_cat=0
split_feature=20 21 14 22 24 4 1 5 8 6 31 24 33 24 59 16 30 26 6 40 13 31 40 24 5 26 24
split_gain=2.37903 8.75797 8.77527 10.1881 10.8702 10.1063 5.96457 5.33209 8.92384 8.71122 10.3336 9.72215 5.83665 4.9121 8.83059 11.7729 8.65547 6.34187 7.31178 9.99278 8.27312 6.38618 6.45815 5.0774 4.65427 3.21944 1.92297
threshold=-6.4999999999999991 12.500000000000002 1.6100000000000001 -1.0000000180025095e-35 3.4310000000000005 0.71700000000000008 29.500000000000004 1.3140000000000003 0.54444444444444462 0.63250000000000017 0.7430000000000001 3.9095000000000004 0.22750000000000004 2.1425000000000005 16.500000000000004 0.37250000000000005 1.6200000000000003 0.40100000000000008 0.40800000000000003 0.75500000000000012 1.3585000000000003 0.59000000000000008 0.70750000000000013 2.5215000000000001 1.3140000000000003 0.50150000000000017 3.3125000000000004
decision_type=2 2 2 2 2 2 2 2 2 2 2 2 2 2 2 2 2 2 2 2 2 2 2 2 2 2 2
left_child=13 7 5 25 -5 24 -7 9 26 11 -11 -2 -10 14 15 16 -1 21 19 -19 -20 23 -23 -15 -3 -4 -9
right_child=1 2 3 4 -6 6 -8 8 12 10 -12 -13 -14 17 -16 -17 -18 18 20 -21 -22 22 -24 -25 -26 -27 -28
leaf_value=-0.035621485451216933 -0.00014969821082649472 -0.035688898272786811 -0.080547461340712501 -0.0057869717096288506 0.049134588409347264 0.068451910520564638 0.017828043069438259 -0.031539567283649546 0.022472112751968181 -0.0072300766938584397 0.016600479825436842 0.037432313132346635 -0.01239141194166863 0.01113786013667557 0.15200319716538971 0.19820609783548596 0.1539327697547728 0.016111835440215723 -0.0024996435654302779 -0.013496463862942384 0.013985163632292893 -0.025632422617830643 -0.0030275540914504926 -0.048503877568894432 0.019306588631731098 -0.025546821613686429 -0.08241820920772587
leaf_weight=4.8591434251284218 7297.9712793284561 12.957107812166216 4.6973586827516538 57.655442498624325 10.67786870524287 6.0495955422520629 152.29517923295498 3.0357137192040673 14.185108643956481 63.218854835489765 162.2222839705064 17.249152150703594 78.11055000917986 4.5611114017665413 1.3980062874034045 0.75594383291900147 0.68743020342662919 126.63454770576209 1497.583368585445 36.7719382122159 80.185182824905496 37.733301737345755 194.29175838734955 16.396661104634404 5.4717722684144965 6.136289581656456 4.7834561066702008
leaf_count=185 35280 56 22 252 62 29 680 15 83 375 875 376 470 28 10 6 16 585 7318 168 496 221 1152 93 25 27 30
internal_value=-4.62756e-07 0.000389818 0.00948785 -0.00434677 0.00279516 0.0156836 0.0197621 8.50638e-05 -0.0113781 0.000237257 0.00991785 -6.10805e-05 -0.00703317 -0.00154 0.0383172 0.0130997 -0.0121285 -0.00169391 -0.000619121 0.00944898 -0.00166185 -0.00909123 -0.00670369 -0.0355238 -0.01936 -0.0493945 -0.0626651
internal_weight=9898.58 7896.72 255.941 79.167 68.3333 176.774 158.345 7640.78 100.115 7540.66 225.441 7315.22 92.2957 2001.86 7.70052 6.30252 5.54657 1994.16 1741.18 163.406 1577.77 252.983 232.025 20.9578 18.4289 10.8336 7.81917
internal_count=48935 38657 1153 363 314 790 709 37504 598 36906 1250 35656 553 10278 217 207 201 10061 8567 753 7814 1494 1373 121 81 49 45
is_linear=0
shrinkage=0.05


Tree=222
num_leaves=26
num_cat=0
split_feature=4 23 23 42 22 14 3 22 23 37 15 27 59 27 8 26 11 42 8 7 36 31 14 20 24
split_gain=2.30294 5.74595 8.33957 5.60651 4.93433 5.52916 4.05976 5.28819 7.0247 6.58892 3.47198 4.59395 3.26039 6.80291 3.14145 8.30395 8.09917 6.35924 4.42448 9.92869 3.53805 2.28765 0.469942 0.811959 0.364433
threshold=2.5770000000000004 -0.77949999999999997 -1.0000000180025095e-35 0.30450000000000005 -0.40833333333333327 1.3965000000000003 0.26150000000000007 -0.92499999999999982 -1.1654999999999998 0.56900000000000006 -0.88349999999999984 0.26950000000000007 3.5000000000000004 0.17300000000000001 1.0000000180025095e-35 0.38550000000000006 18.500000000000004 0.31700000000000006 0.18333333333333332 0.23200000000000004 0.31750000000000006 0.59000000000000008 0.26150000000000007 14.500000000000002 1.7475000000000003
decision_type=2 2 2 2 2 2 2 2 2 2 2 2 2 2 2 2 2 2 2 2 2 2 2 2 2
left_child=6 3 4 12 -3 -6 7 22 9 -9 -4 -12 13 -2 15 17 -17 -8 19 -16 -20 -10 23 -1 -14
right_child=1 2 10 -5 5 -7 14 8 21 -11 11 -13 24 -15 18 16 -18 -19 20 -21 -22 -23 -24 -25 -26
leaf_value=-0.056788408713724071 -0.092211609380552437 0.0027280231431931817 -0.026427415019122564 -0.049389779015471674 -0.10924548872637535 -0.019726184527467525 0.0053567892483042884 0.025164179626202432 0.027140897284309642 -0.029930420536455456 0.016474693045735428 0.098735409734555524 0.076249849495504618 0.034685531321835959 -0.012020931755147133 0.065203014649092811 -0.0080449256323013689 -0.051269479049294575 0.011987922863092151 0.00031761338098640286 0.00013029703304314461 -0.048431230195389446 -0.082754463862513644 0.0078612703972543215 0.053597386550872088
leaf_weight=4.5917575773783019 1.1673334341030628 5.1303182244300842 2.3122693267068826 2.016177426907233 3.2667274251580256 3.6546378945931792 115.66821817774326 16.447496462613348 1.1124746124551155 8.0988521166145784 5.1787219913676363 2.5246336234267801 3.6298837512731543 11.090186443296259 245.69694688357413 11.143704146146776 5.7064106613397589 5.18007032200694 63.357186130713671 484.66771629231516 8880.5199951383984 10.029083028275634 1.3865758925676344 0.54311542212963093 3.4755743499845266
leaf_count=189 22 34 23 30 18 28 633 107 29 56 54 19 21 260 1126 88 25 28 332 2457 43020 295 7 6 28
internal_value=-4.52066e-07 0.0114858 -0.00641176 0.0299595 -0.0344327 -0.0619773 -5.10945e-05 -0.0155244 -0.00795904 0.0069862 0.0273055 0.0434341 0.0382218 0.0226006 1.54693e-05 0.00751444 0.0403971 0.00292955 -9.12674e-05 -0.00383311 0.000214295 -0.0408854 -0.0569251 -0.0499504 0.0651696
internal_weight=9897.6 43.4465 22.0673 21.3792 12.0517 6.92137 9854.15 42.2094 35.6879 24.5463 10.0156 7.70336 19.363 12.2575 9811.94 137.698 16.8501 120.848 9674.24 730.365 8943.88 11.1416 6.52145 5.13487 7.10546
internal_count=48935 537 176 361 80 46 48398 689 487 163 96 73 331 282 47709 774 113 661 46935 3583 43352 324 202 195 49
is_linear=0
shrinkage=0.05


Tree=223
num_leaves=27
num_cat=0
split_feature=7 14 40 28 24 43 44 11 39 19 43 25 16 44 13 10 30 39 41 18 27 20 34 5 40 13
split_gain=2.31312 3.6079 4.27575 5.06312 3.93423 3.5486 4.63632 3.44281 2.4708 10.194 5.62359 5.62768 5.33522 4.12739 8.4503 9.67264 7.59722 5.18697 5.13802 5.05397 3.10115 1.75205 1.24622 1.08793 0.631884 0.101848
threshold=0.63050000000000017 0.85450000000000015 0.71500000000000008 0.28900000000000003 2.4825000000000004 0.7835000000000002 0.49700000000000005 17.500000000000004 2.7625000000000006 0.39650000000000007 0.66700000000000015 505.50000000000006 0.58100000000000007 0.51350000000000018 0.68600000000000005 15.500000000000002 1.6065000000000003 2.5845000000000007 0.48200000000000004 0.93333333333333346 0.24850000000000003 8.5000000000000018 0.50650000000000006 -1.0000000180025095e-35 0.78800000000000014 1.4915000000000003
decision_type=2 2 2 2 2 2 2 2 2 2 2 2 2 2 2 2 2 2 2 2 2 2 2 2 2 2
left_child=8 7 3 23 -5 6 -4 21 13 20 12 -12 -11 17 15 -15 -16 18 -1 -19 22 25 -10 -3 -22 -2
right_child=1 2 5 4 -6 -7 -8 -9 9 10 11 -13 -14 14 16 -17 -18 19 -20 -21 24 -23 -24 -25 -26 -27
leaf_value=-0.0001342664737764731 -0.056747595855202386 -0.0053625437598122669 -0.039371310088088647 0.0069686733416641352 0.070259437023349885 0.049269580673841462 -0.003490943460455042 0.051701405566062342 0.039063114533569997 0.0034017548125617175 -0.030200563448433155 -0.0057869543022784162 0.049306228220817094 0.00090173125930067101 0.0047746713989352089 -0.029277824970096952 -0.0050338457729481728 -0.0021437693894804455 0.0037929381672214533 0.012695793874561843 0.088109219900922409 -0.01987984887650468 -0.0089451399767195849 -0.060889262274391877 0.053940210890388252 -0.070199637142933813
leaf_weight=3571.7866609146004 3.1045100171613722 1.9416536185890438 13.359657850582151 4.8481361656449717 4.9750220905989408 2.2524318934883913 27.609975616913289 1.0188920274376858 2.9623866896145028 39.7245535380207 25.707904135808349 288.58221247175243 7.5294213625602415 68.10423315607477 1373.4000091541093 43.512573963031173 230.56044393044431 3024.9535262777354 1086.1071410676523 58.485382242826745 2.63793227635324 4.0762897129170597 2.486278435215354 1.6165894465520967 2.7778659956529737 2.5734519818797708
leaf_count=17531 191 13 179 68 41 29 286 5 34 185 122 1420 42 465 6489 225 1142 14579 5296 454 24 34 18 28 17 18
internal_value=-4.3574e-07 -0.00923318 -0.0041855 0.0205122 0.0390228 -0.0118318 -0.0151911 -0.0357543 6.28515e-05 -0.00393192 -0.00536594 -0.00778391 0.0107161 0.000220164 0.00243905 -0.0108634 0.00336475 -0.000271571 0.000781462 -0.0018623 0.0437891 -0.0448896 0.0171565 -0.0305896 0.0705833 -0.0628445
internal_weight=9896.7 67.3766 56.6035 13.3814 9.82316 43.2221 40.9696 10.7731 9829.32 372.409 361.544 314.29 47.254 9456.91 1715.58 111.617 1603.96 7741.33 4657.89 3083.44 10.8645 9.75425 5.44867 3.55824 5.4158 5.67796
internal_count=48935 892 644 150 109 494 465 248 48043 1862 1769 1542 227 46181 8321 690 7631 37860 22827 15033 93 243 52 41 41 209
is_linear=0
shrinkage=0.05


Tree=224
num_leaves=19
num_cat=0
split_feature=11 11 4 4 14 16 27 13 14 17 39 9 37 9 15 44 29 13
split_gain=2.30418 5.9963 5.24361 2.35035 5.12737 3.43369 7.22376 6.47457 6.20945 3.72533 3.59204 3.32875 7.72653 3.87014 3.29126 2.67865 3.89478 0.145924
threshold=64.500000000000014 67.500000000000014 1.2980000000000003 1.7290000000000003 1.0000000180025095e-35 0.72550000000000014 0.25150000000000006 2.4780000000000002 0.34850000000000009 0.43400000000000005 2.6970000000000005 1.0000000180025095e-35 0.55150000000000021 0.32550000000000007 1.4900000000000002 0.49150000000000005 2.6205000000000003 2.8660000000000005
decision_type=2 2 2 2 2 2 2 2 2 2 2 2 2 2 2 2 2 2
left_child=3 2 -2 4 15 8 7 -7 14 -10 -8 12 -6 -13 -5 17 -17 -1
right_child=1 -3 -4 5 11 6 10 -9 9 -11 -12 13 -14 -15 -16 16 -18 -19
leaf_value=-0.057163770357377422 -0.082538305989378669 0.025643443593836315 -0.0078307985724446992 0.017344344823168541 0.078130492824825371 -0.023824563530372295 0.029012101523918768 0.010249533099285925 0.0030853567253848633 -0.0069201052806337725 -0.033678068546412025 -0.022982063593817673 -0.023666511721945279 -0.00021801036785622978 0.076511361475302714 -0.052539985773978497 0.030848854552120178 -0.082501342233149019
leaf_weight=4.6011359912081371 4.4657690823078138 4.7522851377725592 4.9547223448753357 5.4939354807138425 4.1993138398975125 52.368548446334898 16.09715149586555 18.999109731405042 1182.3015477263834 100.97723454167135 2.6629901761189094 18.712299583479762 3.351929809898138 8462.3109931209765 4.1077960282564163 2.782882357321796 2.8183627546241041 0.64831550419330586
leaf_count=194 20 21 21 43 27 388 196 301 5734 645 30 104 25 40944 22 147 70 3
internal_value=-4.47233e-07 -0.0201465 -0.0432458 2.8445e-05 -0.000282599 0.00194 -0.007496 -0.0147535 0.00259779 0.00229806 0.0201133 -0.000238692 0.0329437 -0.000268236 0.0426571 -0.0346314 -0.0105815 -0.060293
internal_weight=9896.61 14.1728 9.42049 9882.43 8499.43 1383.01 90.1278 71.3677 1292.88 1283.28 18.7601 8488.57 7.55124 8481.02 9.60173 10.8507 5.60125 5.24945
internal_count=48935 62 41 48873 41514 7359 915 689 6444 6379 226 41100 52 41048 65 414 217 197
is_linear=0
shrinkage=0.05


Tree=225
num_leaves=23
num_cat=0
split_feature=24 11 21 41 27 13 40 3 28 9 1 5 29 15 17 10 44 17 28 15 3 24
split_gain=2.28801 4.07061 4.66336 4.234 4.05296 3.80033 3.46476 3.02843 5.87605 2.85408 5.60964 3.85498 2.71715 2.33829 4.84066 2.73973 2.1745 1.59812 1.01308 0.606633 0.0529086 0.0126673
threshold=4.2580000000000009 6.5000000000000009 5.5000000000000009 0.52550000000000019 0.19050000000000003 1.0000000180025095e-35 0.79000000000000015 2.7385000000000006 0.29950000000000004 2.5770000000000004 27.500000000000004 1.0850000000000002 2.4900000000000007 -1.4914999999999998 0.49150000000000005 15.500000000000002 0.54550000000000021 0.13150000000000003 0.20450000000000002 -0.55399999999999994 2.9500000000000006 2.3325000000000005
decision_type=2 2 2 2 2 2 2 2 2 2 2 2 2 2 2 2 2 2 2 2 2 2
left_child=5 2 6 4 -4 13 12 9 -9 11 -11 -7 -2 14 15 -1 17 -3 -5 -19 21 -15
right_child=1 16 3 18 -6 7 -8 8 -10 10 -12 -13 -14 20 -16 -17 -18 19 -20 -21 -22 -23
leaf_value=-0.050467999203321116 0.0064064092483646431 0.0098767638949765774 -0.043254273749760236 0.058764383334830687 -0.0028962933861682578 0.0001395599569241969 -0.080992711483258456 -0.06396059598465885 0.01202812946787305 0.013387657739014312 -0.021884379405661316 -0.0045395833273961092 0.048538590771498941 -0.051226125126353286 0.095693730794051191 0.0015718212545059694 -0.014485342056627347 0.05753136722605337 0.011193161574867303 0.023688052392179443 -0.079321029281708699 -0.056984178659861023
leaf_weight=4.7569550084881449 6.6659557541133845 3.0921036358922711 7.8819989655166856 2.7340475153177968 29.518677677027881 9239.4130167016992 0.72801708802580911 5.2693289928138238 4.9189541768282652 82.813846656121314 13.048454992473124 462.19954006525222 8.9842963967821543 1.5288715084316198 0.94181685312651175 5.4004474990069866 2.0739332623779765 7.4430948141962272 1.8947903867810962 1.6106230895966289 0.23300890624523152 2.5453056795522571
leaf_count=164 187 35 64 28 285 44183 20 29 32 582 62 2207 441 354 11 62 23 84 21 27 1 33
internal_value=-4.69347e-07 0.0088415 0.00300087 -0.00581857 -0.0114015 -6.58431e-05 0.0256331 -2.68646e-05 -0.0272729 1.46822e-06 0.00858655 -8.33615e-05 0.0305931 -0.0248794 -0.012745 -0.0227997 0.032832 0.0409115 0.0392914 0.0515108 -0.0561487 -0.0548234
internal_weight=9895.7 72.6275 58.4078 42.0295 37.4007 9823.07 16.3783 9807.66 10.1883 9797.47 95.8623 9701.61 15.6503 15.4064 11.0992 10.1574 14.2198 12.1458 4.62884 9.05372 4.30719 4.07418
internal_count=48935 1215 1046 398 349 47720 648 47095 61 47034 644 46390 628 625 237 226 169 146 49 111 388 387
is_linear=0
shrinkage=0.05


Tree=226
num_leaves=22
num_cat=0
split_feature=39 13 19 9 17 24 17 40 31 13 4 30 36 13 5 9 16 8 8 21 4
split_gain=2.2726 3.72927 4.05379 3.89231 3.88793 6.81675 6.42912 3.09515 5.02689 5.02946 5.3319 4.14625 3.73526 3.0884 6.53853 8.75368 7.26565 3.97476 9.7239 5.62894 1.76623
threshold=2.3915000000000002 1.7545000000000002 2.0850000000000004 0.68900000000000006 0.39000000000000007 1.8025000000000002 0.34700000000000003 0.68100000000000016 0.74500000000000011 0.67300000000000015 1.3690000000000004 1.4800000000000002 0.44750000000000006 0.68600000000000005 0.74550000000000016 2.0605000000000007 0.36550000000000005 0.76388888888888895 0.70000000000000007 -17.499999999999996 1.7925000000000002
decision_type=2 2 2 2 2 2 2 2 2 2 2 2 2 2 2 2 2 2 2 2 2
left_child=1 3 -3 20 6 -6 -5 8 9 -2 -11 -10 -13 14 16 -16 -9 18 -15 -19 -1
right_child=7 2 -4 4 5 -7 -8 13 11 10 -12 12 -14 17 15 -17 -18 19 -20 -21 -22
leaf_value=-0.05827047972526004 0.061356287925396769 0.076064647438891783 0.0098429584277234354 0.0070713378503483339 0.10913258226876948 0.016007501698629405 -0.028589940825097207 -0.0052450001800357334 -0.055780229951860272 -0.01321079470304478 0.016047819046530961 -0.05388598910837368 -0.0094941939762963543 0.0003030541839553467 0.01687066579655069 -0.0043438420500237409 -0.049607777285160665 0.060360191735484396 -0.0079628340371117618 0.0031375821580652014 -0.0088662468596180776
leaf_weight=3.3347133377101263 3.4613458900421383 3.8449672162532789 5.7926526553928852 91.900810463121161 2.1855626425676773 19.480917721986771 14.653804585337637 517.65514273771259 6.0554291037842622 35.948679709807038 27.468917945865542 5.1051416844129553 66.009895154507831 7599.7934544069867 84.018956452375278 115.43049921607599 9.3970214362489042 4.3182241320610038 373.27169268205762 902.12545233377023 3.9543017484247684
leaf_count=23 24 18 33 439 18 99 68 3114 29 180 133 24 322 36330 459 1046 129 19 1743 4663 22
internal_value=-3.18969e-07 0.00621005 0.0362624 0.0040727 0.00609313 0.0254013 0.00216706 -9.27719e-05 -0.0073676 0.00266573 -0.000537617 -0.0160629 -0.012681 1.63197e-05 -0.00311799 0.00459286 -0.00603596 0.000272762 -8.39265e-05 0.00341019 -0.0314686
internal_weight=9895.21 145.148 9.63762 135.51 128.221 21.6665 106.555 9750.06 144.049 66.8789 63.4176 77.1705 71.115 9606.01 726.502 199.449 527.052 8879.51 7973.07 906.444 7.28902
internal_count=48935 720 51 669 624 117 507 48215 712 337 313 375 346 47503 4748 1505 3243 42755 38073 4682 45
is_linear=0
shrinkage=0.05


Tree=227
num_leaves=19
num_cat=0
split_feature=22 24 6 28 1 1 23 3 9 23 8 15 14 8 13 41 40 37
split_gain=2.26311 5.44671 8.13966 4.82787 4.7545 6.19909 4.55559 9.12375 5.44842 4.31836 3.82369 11.1536 6.66 4.46757 9.57179 3.64576 1.9467 1.22989
threshold=-0.84999999999999998 1.9135000000000002 0.34550000000000003 0.23750000000000002 17.500000000000004 15.500000000000002 -1.4909999999999997 0.49150000000000005 0.85950000000000004 -2.4499999999999997 1.0000000180025095e-35 1.0930000000000002 1.1520000000000001 0.18333333333333332 0.71700000000000008 0.44500000000000006 0.74400000000000011 0.55150000000000021
decision_type=2 2 2 2 2 2 2 2 2 2 2 2 2 2 2 2 2 2
left_child=1 3 4 -1 5 -3 7 -5 -8 16 11 12 -11 14 -12 -15 -2 -13
right_child=9 2 -4 6 -6 -7 8 -9 -10 10 13 17 -14 15 -16 -17 -18 -19
leaf_value=0.06307935670348748 0.014941009307268244 0.031185458812492562 -0.074447266524164904 -0.034096517071777049 0.077008764730860865 -0.091320219282535475 -0.049919120480934463 0.032412004313193014 0.023396258064094438 -0.0081984535735659392 -0.032680706356193724 0.079556442209172074 0.015045552352157819 -0.0031908818180460905 -0.0027039251459987979 0.00051893676691858116 0.067458010765672302 0.041295943626789962
leaf_weight=1.7338354811072338 3.8491162098944178 5.9018768474925292 2.0227822363376609 12.144676219671963 4.1530165448784828 1.2516586035490034 17.170510977273814 8.9615625571459514 2.9728198349475852 55.806860502343625 27.668677250883775 4.9908140581101161 68.820518610067666 720.1244367165491 709.0394472584594 8240.3589514935884 3.258281460031867 3.6267768144607544
leaf_count=26 37 243 9 173 18 6 180 63 13 290 315 34 350 3563 3416 40146 34 19
internal_value=-3.89196e-07 -0.00999533 0.0179288 -0.0186547 0.0344552 0.00975056 -0.0220902 -0.00585746 -0.039099 5.68245e-05 2.86566e-05 0.00844111 0.00463713 -8.69353e-05 -0.00382977 0.000220791 0.0390167 0.0634542
internal_weight=9893.86 56.3127 13.3293 42.9834 11.3066 7.15354 41.2496 21.1062 20.1433 9837.54 9830.44 133.245 124.627 9697.19 736.708 8960.48 7.1074 8.61759
internal_count=48935 731 276 455 267 249 429 236 193 48204 48133 693 640 47440 3731 43709 71 53
is_linear=0
shrinkage=0.05


Tree=228
num_leaves=29
num_cat=0
split_feature=14 14 20 36 23 14 6 13 6 0 5 7 13 24 44 12 4 26 28 16 24 16 26 15 25 16 27 29
split_gain=2.24046 10.5819 8.71811 9.28546 7.30532 8.57785 12.1811 8.42504 9.30107 7.91497 6.65852 6.18596 8.85711 8.53985 8.46624 10.6632 7.53563 6.07441 5.25905 9.50496 13.6448 7.41002 5.28479 6.5788 6.1543 5.14195 4.3573 3.88571
threshold=1.6230000000000002 1.7110000000000001 -13.499999999999998 0.35900000000000004 0.88250000000000017 1.7875000000000003 0.58100000000000007 1.1015000000000004 0.44200000000000006 3.5000000000000004 1.1130000000000002 0.31100000000000005 0.70200000000000007 2.5775000000000006 0.47850000000000004 28.500000000000004 0.89100000000000013 0.60600000000000009 0.11250000000000002 0.24550000000000002 2.8755000000000006 0.46300000000000008 0.60950000000000004 -1.2124999999999997 505.50000000000006 0.044000000000000004 0.26950000000000007 2.8720000000000003
decision_type=2 2 2 2 2 2 2 2 2 2 2 2 2 2 2 2 2 2 2 2 2 2 2 2 2 2 2 2
left_child=2 11 3 -1 5 9 -7 8 -6 -3 27 14 25 -14 15 -2 -16 -12 19 20 -4 -21 23 -20 -24 -13 -9 -5
right_child=1 4 18 10 7 6 -8 26 -10 -11 17 12 13 -15 16 -17 -18 -19 22 21 -22 -23 24 -25 -26 -27 -28 -29
leaf_value=0.026047462105357855 0.018612885170321194 0.010577637021826659 0.045820161160178424 -0.060783327981094842 0.028772590629149993 0.0023207811216465987 -0.0160947253334307 0.05069680744028892 0.0009408051584296629 -0.012206119666704613 0.043654297101650717 -0.0001283810634232433 0.029954256482785199 -0.0033404689535662824 -0.013442524717660623 0.082652092756844403 0.0096857428748931065 -0.026140621203594977 -0.053889225570484249 0.033832952993231587 -0.02489633258861771 -0.026523883470255444 -0.023063456054760498 3.0778699440082881e-05 -0.0034909462753619138 -0.050737489334752452 -0.043916655257098813 -0.0093826243896441112
leaf_weight=8.2901180796325189 101.09131558891386 43.953346317633986 9.0991789193067216 17.591874007135633 34.476005227304995 793.8379644396482 101.24958106549457 14.103549058490897 232.18184708128683 287.15601206757128 4.2263815943151739 8.1569655993953365 24.670880552381277 87.800104103982449 41.407314070034772 6.9470214545726767 235.64362838445231 11.880976803600786 5.6615024735219768 42.652229752391577 27.247716650366783 5.7735259989276519 43.312159736640751 7132.3878383938718 552.37715094219311 13.046070301905273 1.3318010804941867 4.6483496129512778
leaf_count=36 468 211 52 79 195 4059 567 247 1886 1317 22 48 122 402 193 31 1100 52 45 195 117 35 197 34538 2606 68 27 20
internal_value=-3.62417e-07 0.00148186 -0.000382369 -0.021936 -0.0006368 -0.00230583 0.000237675 0.00661809 0.00453916 -0.00918167 -0.0323093 0.0076418 -0.00162535 0.00396284 0.0108587 0.0227307 0.00622905 -0.00782725 -0.000253801 0.0121321 -0.00719298 0.026637 -0.000389568 -1.19876e-05 -0.00491405 -0.0312678 0.0425333 -0.0500403
internal_weight=9892.2 2027.05 7865.15 46.6377 1508.29 1226.2 895.088 282.093 266.658 331.109 38.3476 518.763 133.674 112.471 385.089 108.038 277.051 16.1074 7818.51 84.7727 36.3469 48.4258 7733.74 7138.05 595.689 21.203 15.4354 22.2402
internal_count=48935 10941 37994 209 8509 6154 4626 2355 2081 1528 173 2432 640 524 1792 499 1293 74 37785 399 169 230 37386 34583 2803 116 274 99
is_linear=0
shrinkage=0.05


Tree=229
num_leaves=30
num_cat=0
split_feature=3 44 24 7 11 11 2 30 25 30 18 24 19 6 7 6 3 24 34 22 6 15 15 11 8 26 1 10 40
split_gain=2.24628 5.80966 7.60583 5.57834 8.01752 8.78286 7.09589 8.1489 6.72451 4.99083 4.39638 7.68338 4.6606 4.09271 8.83137 10.7793 12.6027 9.25472 9.89796 9.59436 6.54944 8.30524 7.61138 5.29509 5.12243 10.1433 4.29489 1.94053 0.709091
threshold=0.71700000000000008 0.50300000000000011 2.8335000000000004 0.24550000000000002 7.5000000000000009 6.5000000000000009 17.500000000000004 1.5740000000000001 509.50000000000006 1.4400000000000002 0.14999999999999999 2.2405000000000004 0.59200000000000008 0.18900000000000003 0.27900000000000008 0.18050000000000002 0.80400000000000016 2.5465000000000004 0.44750000000000006 -0.78888888888888886 0.20350000000000004 1.3770000000000002 -0.49149999999999994 12.500000000000002 0.18333333333333332 0.30150000000000005 3.5000000000000004 1.5000000000000002 0.72800000000000009
decision_type=2 2 2 2 2 2 2 2 2 2 2 2 2 2 2 2 2 2 2 2 2 2 2 2 2 2 2 2 2
left_child=1 2 10 4 5 -3 7 -5 -8 -6 11 -1 -12 14 15 16 -2 19 -19 -16 21 22 -15 -17 25 -22 -26 -23 -4
right_child=13 3 28 6 9 -7 8 -9 -10 -11 12 -13 -14 20 17 23 -18 18 -20 -21 24 27 -24 -25 26 -27 -28 -29 -30
leaf_value=-0.050157973715757233 0.01978690397363481 0.0071089325913923631 -0.073288367517732711 0.0098708529842216619 0.0053394670939885891 0.083906752129276327 0.0051040515944933036 -0.036476409696139349 0.051841269560747451 -0.020372172417875128 0.041514344344932043 0.0028195381770663146 -0.0040056504038617812 -0.02205685766689218 0.040848253001386073 0.065443001318750638 -0.0017350913262863994 -0.014166981722255818 0.020027720305024536 -0.0057074341195970033 0.001240424835225698 -0.031874587629436089 -0.0012397909188601184 0.022437787281335095 0.010368221596057934 -0.018624607660010405 0.00022107931858203722 -0.081820067073245961 -0.041496231937931533
leaf_weight=13.894336237106474 101.91342255286872 23.311975896242078 3.3896218463778487 81.51019962700957 28.60550244897604 4.4303955603390923 13.389717973768713 10.732775832919286 18.099357388913631 55.475748784840107 5.6806171549833371 13.487660026177762 555.58314333796443 59.012035447172821 11.39121802523732 8.1973352879285795 204.53118774114409 27.959378848783672 87.054047899087891 388.22572031343589 161.38696275651455 3.5915222428739062 171.5823932159692 56.434449374675751 105.7389762083767 106.77468445524573 7561.7361520978156 4.2414690256118774 3.6344786304980516
leaf_count=118 455 254 19 583 146 22 65 75 88 251 79 89 3376 281 55 36 1231 171 473 2018 713 21 799 247 1452 513 35262 22 21
internal_value=-2.95479e-07 -0.0024879 -0.00511653 0.00415935 -0.00393441 0.0193734 0.0114741 0.0044782 0.0319678 -0.0116247 -0.00449936 -0.0240626 -0.00354494 0.00022794 0.00345637 0.00933606 0.00542242 -0.000783217 0.0117151 -0.00438035 -0.000121878 -0.00828706 -0.00656714 0.0278922 0.000123446 -0.00666929 0.000361014 -0.0589195 -0.0568382
internal_weight=9891 831.226 595.67 235.556 111.824 27.7424 123.732 92.243 31.4891 84.0813 588.646 27.382 561.264 9059.77 885.707 371.076 306.445 514.63 115.013 399.617 8174.06 238.427 230.594 64.6318 7935.64 268.162 7667.48 7.83299 7.0241
internal_count=48935 5186 3702 1484 673 276 811 658 153 397 3662 207 3455 43749 4686 1969 1686 2717 644 2073 39063 1123 1080 283 37940 1226 36714 43 40
is_linear=0
shrinkage=0.05


Tree=230
num_leaves=30
num_cat=0
split_feature=22 24 44 14 26 6 30 30 8 8 44 7 30 14 30 43 16 5 19 24 36 10 16 9 36 5 59 2 21
split_gain=2.18981 6.69352 5.34683 8.21394 5.34217 5.94614 5.48117 8.68251 5.07237 9.51991 10.8599 11.6528 8.59597 5.74313 6.80482 6.38198 5.5655 5.36719 5.11433 5.10558 4.51856 6.1362 4.48258 3.92997 3.58287 3.44276 6.15531 4.26062 2.68256
threshold=-0.45555555555555544 1.2565000000000002 0.51900000000000013 0.47350000000000003 0.59100000000000008 0.34550000000000003 1.6580000000000001 1.6500000000000001 0.18333333333333332 0.12222222222222222 0.48800000000000004 0.39650000000000007 1.6330000000000002 0.72900000000000009 1.4800000000000002 0.66700000000000015 0.15200000000000002 -1.0974999999999999 1.0785000000000002 1.7970000000000004 0.31750000000000006 10.500000000000002 0.6170000000000001 0.50850000000000006 0.35900000000000004 -2.0499999999999994 2.5000000000000004 11.500000000000002 -8.4999999999999982
decision_type=2 2 2 2 2 2 2 2 2 2 2 2 2 2 2 2 2 2 2 2 2 2 2 2 2 2 2 2 2
left_child=1 2 25 24 6 -6 7 -3 9 16 12 -12 -11 14 19 -16 17 -2 -18 -10 21 -15 -22 -8 -4 26 -1 -27 -5
right_child=8 4 3 28 5 -7 23 -9 13 10 11 -13 -14 20 15 -17 18 -19 -20 -21 22 -23 -24 -25 -26 27 -28 -29 -30
leaf_value=-0.015218986332396184 0.010409637319281599 0.0039947228443211443 0.049496878030800918 0.023589000705057341 -0.076890274688781068 0.0072346153799220589 -0.019032897209453975 -0.024618772800743968 -0.0061332088006132643 -0.0039120204923825388 -0.031731376742502808 0.0055143693010452034 0.068090626908399496 0.036256220790919599 0.05964789483899903 -0.0027290083391484261 0.018672022380803035 -0.044871871033593254 -0.00040270419915146868 -0.027995580823814054 -0.00010341157453393053 0.0023847804814830431 0.0052467125568467663 0.037457697289232421 -0.040521523245334062 -0.022854514449010137 0.062728140223648671 0.010983006792760678 0.082574462038809748
leaf_weight=7.42889765370637 7.2319051204249289 920.18081972320215 1.3922416474670152 3.7964436560869217 4.3501212635310349 4.0618244204670191 3.6838507046923068 27.298569225240499 54.89539885566046 100.33756415860262 90.35201987135224 27.358539210748859 4.3237490832107133 20.376583526842296 4.1705992072820655 244.33780406994629 52.43443257175386 11.17550353403203 106.54754066187888 52.002467512153089 7579.8775572615559 38.89326317445375 412.83087705564685 18.744216007180512 5.3646495509019587 67.594799787533702 3.8428916223347187 10.787498012185095 3.9154958878643811
leaf_count=96 50 4470 12 18 31 22 24 137 537 565 435 196 20 104 21 1443 274 66 519 310 36515 199 1991 91 87 602 24 53 23
internal_value=-4.45062e-07 0.00212182 -0.00993026 0.0182739 0.00340453 -0.0362694 0.00374862 0.00317032 -0.000261282 -0.00576414 -0.0126556 -0.0230746 -0.00093746 3.72412e-07 -0.0062198 -0.00168217 0.00287484 -0.0231529 0.0058884 -0.0167686 0.000274925 0.0140296 0.000172927 0.028179 -0.0219734 -0.014482 0.0113555 -0.0181976 0.053537
internal_weight=9889.59 1082.44 104.123 14.4688 978.319 8.41195 969.907 947.479 8807.15 399.761 222.372 117.711 104.661 8407.38 355.406 248.508 177.389 18.4074 158.982 106.898 8051.98 59.2698 7992.71 22.4281 6.75689 89.6541 11.2718 78.3823 7.71194
internal_count=48935 5690 915 140 4775 53 4722 4607 43245 2125 1216 631 585 41120 2311 1464 909 116 793 847 38809 303 38506 115 99 775 120 655 41
is_linear=0
shrinkage=0.05


Tree=231
num_leaves=25
num_cat=0
split_feature=39 41 30 4 25 33 17 6 7 4 26 11 28 13 20 4 17 2 41 22 24 41 4 36
split_gain=2.20473 4.14347 6.13246 9.41467 9.87213 7.45183 7.42178 14.1749 7.37407 4.09201 4.10124 5.20694 3.9457 6.29155 4.73821 4.22304 4.06826 5.97851 5.90512 3.63616 3.31046 2.89386 2.56296 1.04766
threshold=2.7270000000000008 0.52000000000000013 1.6065000000000003 1.6380000000000001 509.50000000000006 0.41050000000000003 0.26500000000000007 0.62750000000000006 0.037500000000000006 1.0000000180025095e-35 0.7320000000000001 9.5000000000000018 0.11600000000000002 1.0975000000000004 -13.499999999999998 1.1560000000000001 0.11300000000000002 28.500000000000004 0.49700000000000005 -0.45555555555555544 3.6665000000000005 0.47700000000000004 0.94850000000000001 0.64000000000000012
decision_type=2 2 2 2 2 2 2 2 2 2 2 2 2 2 2 2 2 2 2 2 2 2 2 2
left_child=1 9 6 4 -4 -5 8 -8 -3 20 19 -12 13 15 22 -2 18 -18 -16 -11 23 -22 -14 -1
right_child=12 2 3 5 -6 -7 7 -9 -10 10 11 -13 14 -15 16 -17 17 -19 -20 -21 21 -23 -24 -25
leaf_value=-0.055698593895923347 -0.021100994620687315 -0.012868548018160966 0.0023848422994346211 0.026988623209530507 -0.028229208072747921 -0.037159814079681878 -0.0046992493425258844 0.029201160082477459 0.0099508528128749319 0.0028431181285097189 -0.010988266678541638 0.029961191833458297 0.0098836092876151381 0.025596559239950134 0.031116418792561374 -0.085571825310340605 -0.0031675194189026163 -0.024970727165773841 0.001071994783163691 -0.00055733446644303344 0.02548168253121404 -0.027826727203917479 0.069477090203102262 0.02525016142745666
leaf_weight=6.6113225440203705 5.8541736248880607 38.059897693747189 49.702275295858271 28.000288869254291 56.008012704085559 5.4003645931370547 294.61724434320058 34.440059283748269 507.12514827540144 882.59580344666028 11.432282264344392 24.186456739902496 3.8039417285472146 3.879238072782754 18.666152302874252 4.4867578521370888 537.79351580423827 33.392931342124939 132.06863188091666 7194.7708621827769 4.2321648960933071 6.3890983862802386 3.4319832648616284 0.42542562959715713
leaf_count=369 32 340 245 152 270 32 1435 167 2304 4636 58 107 28 25 106 23 2604 149 762 34782 135 142 27 5
internal_value=-5.85033e-07 0.000212299 0.00322715 -0.00652369 -0.0138353 0.0166168 0.00477872 -0.00115114 0.00835781 -0.000163453 -0.000111123 0.0168179 -0.00261919 -0.0287039 -0.00211049 -0.0490738 -0.00251401 -0.00444219 0.00479253 -0.000185775 -0.0242068 -0.00658538 0.0381487 -0.0508046
internal_weight=9887.37 9144 1013.35 139.111 105.71 33.4007 874.242 329.057 545.185 8130.64 8112.99 35.6187 743.377 14.2202 729.157 10.3409 721.921 571.186 150.735 8077.37 17.658 10.6213 7.23592 7.03675
internal_count=48935 45179 4945 699 515 184 4246 1602 2644 40234 39583 165 3756 80 3676 55 3621 2753 868 39418 651 277 55 374
is_linear=0
shrinkage=0.05


Tree=232
num_leaves=28
num_cat=0
split_feature=14 23 22 41 10 41 18 26 40 30 9 25 8 7 22 18 21 18 18 41 36 18 19 29 30 4 19
split_gain=2.21561 4.97151 9.73138 9.04757 7.25631 7.18768 6.42388 5.94143 5.88971 9.9283 9.7929 8.98676 6.01434 9.62779 6.41462 3.8447 6.25308 6.15157 12.6174 12.7131 9.8323 8.86057 13.2522 5.69646 4.23796 2.9207 1.24357
threshold=1.2155000000000002 0.222 0.5916666666666669 0.52950000000000019 9.5000000000000018 0.47050000000000003 0.81666666666666676 0.60950000000000004 0.74900000000000011 1.6095000000000004 1.1015000000000004 511.50000000000006 0.70000000000000007 0.14050000000000004 0.45555555555555566 0.93333333333333346 -17.499999999999996 0.70000000000000007 0.78888888888888908 0.47250000000000003 0.50300000000000011 0.59166666666666679 1.3870000000000002 3.0510000000000006 1.5740000000000001 1.4690000000000003 1.8195000000000003
decision_type=2 2 2 2 2 2 2 2 2 2 2 2 2 2 2 2 2 2 2 2 2 2 2 2 2 2 2
left_child=1 8 4 7 6 -6 -3 -4 12 10 -10 -11 14 -14 -1 17 -17 21 20 -20 -19 23 -23 -2 26 -26 -18
right_child=15 2 3 -5 5 -7 -8 -9 9 11 -12 -13 13 -15 -16 16 24 18 19 -21 -22 22 -24 -25 25 -27 -28
leaf_value=0.0026261619777240069 -0.00033957151793840304 -0.0011813134459588706 0.0013427785543578795 0.10119765693170651 -0.0018843337222706525 -0.017345955084016217 -0.027104771512257927 0.03539128446719713 -0.0061208211072640859 -0.022809292021279477 0.0034267405993514107 0.0051602857533130288 0.01748101458109064 -0.014868169760104525 -0.043792176476131692 -0.033121269334360846 0.09164418868390814 -0.0056632872831464346 -0.020005878160474805 0.012244671999330719 -0.040892963735227793 -0.0022492706300116087 0.012811054761403923 0.005797572626529743 -0.041951571304664211 0.044182792824493507 0.047122811820985593
leaf_weight=1937.3891927248915 4275.5841821557842 644.77188813657267 46.687827518442646 2.8848050476517519 123.01303535257466 193.24571723211557 24.817265264689922 17.658579358831048 501.3660361495713 103.20694938712404 578.43752446724102 39.791910463056411 28.927808932960033 112.25583491454017 7.4714194939006111 3.2620368525385848 3.4981869459152204 39.010915298014879 45.825244656763971 91.715232787653804 40.228372561978176 247.53530240722466 356.35088170180097 414.78586509672459 1.7720237970352175 2.2136126175755635 2.8433002302481327
leaf_count=9825 20701 3048 330 23 681 1060 118 107 2680 494 2686 190 138 510 38 14 15 180 213 442 198 1123 1782 2244 9 34 52
internal_value=-5.04617e-07 -0.000842881 -0.00383503 0.0145704 -0.00509021 -0.011332 -0.00214213 0.0106867 0.000109404 -0.00264585 -0.00100631 -0.0150263 0.00172449 -0.00823999 0.00244784 0.000664588 0.0272272 0.000599089 -0.00765634 0.00149955 -0.0235488 0.000937118 0.00663777 0.000203158 0.0462895 0.00588724 0.0716824
internal_weight=9886.55 4361.93 1053.08 67.2312 985.848 316.259 669.589 64.3464 3308.85 1222.8 1079.8 142.999 2086.04 141.184 1944.86 5524.63 13.5892 5511.04 216.78 137.54 79.2393 5294.26 603.886 4690.37 10.3271 3.98564 6.34149
internal_count=48935 21928 5367 460 4907 1741 3166 437 16561 6050 5366 684 10511 648 9863 27007 124 26883 1033 655 378 25850 2905 22945 110 43 67
is_linear=0
shrinkage=0.05


Tree=233
num_leaves=28
num_cat=0
split_feature=30 7 17 17 23 17 17 23 13 43 33 7 41 21 42 30 19 11 9 22 2 13 40 17 44 36 41
split_gain=2.16008 7.63027 12.251 7.93082 7.21694 6.87603 6.68785 8.57869 7.31528 5.67577 4.57452 8.61369 11.2929 9.16702 7.12214 7.14053 6.76616 4.71574 11.6942 10.092 6.89419 4.52851 6.99917 5.58384 4.3445 4.42596 2.21363
threshold=1.5430000000000004 0.068000000000000019 0.24550000000000002 0.20750000000000002 -2.4499999999999997 0.12750000000000003 0.21550000000000002 1.2540000000000002 2.4460000000000002 0.72000000000000008 0.29950000000000004 0.049000000000000009 0.52550000000000019 31.500000000000004 0.29400000000000004 1.5415000000000003 2.0850000000000004 38.500000000000007 1.9835000000000003 -0.29999999999999988 22.500000000000004 1.0545000000000002 0.81300000000000006 0.76400000000000012 0.5465000000000001 0.62700000000000011 0.51300000000000012
decision_type=2 2 2 2 2 2 2 2 2 2 2 2 2 2 2 2 2 2 2 2 2 2 2 2 2 2 2
left_child=10 2 3 5 -3 -2 8 -8 -6 -5 17 14 13 -13 15 -12 -14 21 19 -19 -20 23 -23 -1 25 -4 -16
right_child=1 4 24 9 6 -7 7 -9 -10 -11 11 12 16 -15 26 -17 -18 18 20 -21 -22 22 -24 -25 -26 -27 -28
leaf_value=-0.00077018149720788119 -0.0048596281883720891 0.078287811837509352 0.013369407807942123 -0.086104507144786846 0.00031616909167412059 0.01529881700714188 -0.0030342236094289504 -0.023270486560408001 0.027047528704218882 -0.017244362490130349 -0.047032292971016375 0.010180678449102892 -0.025559064232144681 -0.054766494884335618 -0.0024875775855596818 0.0047177687574040013 0.038326335302443407 0.0024923311319395708 -0.032825309727970195 -0.010788040755747855 0.029736634533952529 0.0019988097648151039 0.038838877333499826 -0.050225859566484524 0.063202049869565083 0.046537230401464513 0.05630079752132236
leaf_weight=2265.1764097752166 137.53313001239439 2.8259906210005274 118.87895647855476 4.1605304181575766 1589.5643271873705 61.093226688914001 1946.2618331234116 53.820379879907705 26.01228057499975 10.658867515623568 19.081296184158418 423.21380868193228 36.026294277980924 5.5037522166967383 2.9792219822993493 10.244496080558749 4.6833545267581931 234.68871514871716 5.0207422971725455 366.37297152727842 35.822118774056435 2486.4882530656178 12.959950488060711 5.7218427443440296 5.1043362878262988 10.987687827087937 3.4620142972562462
leaf_count=11955 1440 18 662 20 7441 321 9057 298 159 49 155 1943 167 25 22 81 21 1031 22 1625 153 11823 58 255 35 66 33
internal_value=-4.40066e-07 -0.000903201 0.00616368 -0.0012919 -0.00158366 0.00134068 -0.00164608 -0.00357876 0.000746569 -0.0365768 0.000604747 0.005155 0.00695716 0.00934691 -0.0184976 -0.0289542 -0.0182095 0.000180014 -0.00384341 -0.00560263 0.022046 0.000721412 0.00218983 -0.000894792 0.0179541 0.0161757 0.0291098
internal_weight=9884.35 3966.9 348.417 213.446 3618.48 198.626 3615.66 2000.08 1615.58 14.8194 5917.45 505.194 469.427 428.718 35.767 29.3258 40.7096 5412.25 641.905 601.062 40.8429 4770.35 2499.45 2270.9 134.971 129.867 6.44124
internal_count=48935 19566 2593 1830 16973 1761 16955 9355 7600 69 29369 2447 2156 1968 291 236 188 26922 2831 2656 175 24091 11881 12210 763 728 55
is_linear=0
shrinkage=0.05


Tree=234
num_leaves=29
num_cat=0
split_feature=3 9 1 59 17 40 24 26 9 5 25 22 19 15 26 15 21 22 19 24 15 10 42 24 26 34 15 40
split_gain=2.24151 6.23273 5.37223 5.30606 6.37745 7.00729 5.8443 5.92587 5.0231 3.90164 6.57999 6.49858 6.12043 9.74714 7.77674 5.20673 4.53989 10.3556 7.27132 5.45089 4.18372 4.0193 7.76167 6.12533 3.319 2.13842 4.28091 2.53454
threshold=0.75450000000000006 1.3655000000000002 21.500000000000004 27.500000000000004 0.39650000000000007 0.72150000000000014 1.651 0.15900000000000003 1.1960000000000002 -0.8909999999999999 508.50000000000006 0.25833333333333336 1.8480000000000003 0.66100000000000014 0.23750000000000002 -0.7659999999999999 -24.499999999999996 -0.19999999999999993 1.9625000000000001 1.7970000000000004 -1.0409999999999997 1.5000000000000002 0.28800000000000003 1.3335000000000004 0.15900000000000003 0.48050000000000004 0.48050000000000004 0.70550000000000013
decision_type=2 2 2 2 2 2 2 2 2 2 2 2 2 2 2 2 2 2 2 2 2 2 2 2 2 2 2 2
left_child=1 3 25 4 8 -6 7 -5 -1 10 12 15 13 -2 -14 -12 17 19 -19 -11 -13 22 -18 -23 -8 26 -3 -27
right_child=9 2 -4 6 5 -7 24 -9 -10 16 11 20 14 -15 -16 -17 21 18 -20 -21 -22 23 -24 -25 -26 27 -28 -29
leaf_value=0.00014754550408413856 -0.0020166511330190792 -0.061834328987826259 0.04004166549603777 -0.016056563122049911 -0.0290169144160973 -0.0029455525040377635 -0.0019585897739259148 0.043911533708015066 0.020281040889927687 -0.018229018632852586 0.03126247382202154 -0.0025670184990858251 -0.03692056502324869 0.05927209120980035 0.023596237841524509 0.0054958392334912322 0.0082230513894140864 -0.0032071986762088282 -0.058316484175097709 0.0046879229647516403 0.058008480899588238 -0.040928877064615489 -0.009714261019221215 -4.1300532261177672e-05 -0.030532670616508686 0.0051304852794549329 0.034376800098732167 -0.0504161295017483
leaf_weight=796.85153074958362 122.6441395948641 1.9636670690961242 2.6810862869024268 9.1667089238762873 38.502435104426695 77.95373992039822 13.744342587888239 7.4820362180471411 32.232541905716062 38.01706799864769 21.108839045278728 3.9045728482305995 24.038659582962286 6.849475134164094 6.813315867795608 275.39051761236624 335.27075650170445 9.5752317160367983 15.966006353497503 81.72932057082653 10.557931538671253 9.1705688292277028 73.536540610715747 7808.7144349356531 38.996551774442196 2.3741931486874845 2.8116323226131499 15.210191292630041
leaf_count=4403 570 31 15 43 327 658 59 38 217 164 109 20 144 33 90 1529 1548 41 70 353 49 95 348 37544 203 30 27 177
internal_value=-3.06053e-07 -0.00219608 -0.026839 -0.00158807 -0.000608707 -0.0115652 -0.0149334 0.0108934 0.000930281 0.000257916 0.00468429 0.00892663 -0.00354297 0.00122517 -0.0235561 0.00733026 8.72986e-06 -0.00875274 -0.0376564 -0.00258774 0.0416544 0.000163462 0.00499648 -8.92627e-05 -0.0230862 -0.0348585 -0.0051865 -0.0429164
internal_weight=9883.26 1039.97 25.0408 1014.93 945.54 116.456 69.3896 16.6487 829.084 8843.29 471.307 310.962 160.346 129.494 30.852 296.499 8371.98 145.288 25.5412 119.746 14.4625 8226.69 408.807 7817.89 52.7409 22.3597 4.7753 17.5844
internal_count=48935 6228 280 5948 5605 985 343 81 4620 42707 2544 1707 837 603 234 1638 40163 628 111 517 69 39535 1896 37639 262 265 58 207
is_linear=0
shrinkage=0.05


Tree=235
num_leaves=19
num_cat=0
split_feature=24 4 10 35 24 39 11 33 15 39 31 44 34 28 14 28 30 24
split_gain=2.16773 2.37585 3.52848 4.18368 3.0184 2.31774 4.998 7.82793 6.98295 4.55832 6.57631 3.19792 1.62814 1.4187 1.3136 1.55049 0.867205 0.00218007
threshold=5.5360000000000005 1.0000000180025095e-35 15.500000000000002 0.67050000000000021 3.4985000000000004 2.4185000000000003 26.500000000000004 0.19850000000000004 -1.0604999999999998 2.4340000000000006 0.79800000000000015 0.44900000000000007 0.49850000000000005 0.11900000000000001 2.3100000000000001 0.11750000000000001 1.3775000000000002 5.9170000000000007
decision_type=2 2 2 2 2 2 2 2 2 2 2 2 2 2 2 2 2 2
left_child=1 2 3 4 -1 6 8 -8 -3 10 -7 -11 -4 -5 -2 -16 -17 -18
right_child=14 5 12 13 -6 9 7 -9 -10 11 -12 -13 -14 -15 15 16 17 -19
leaf_value=-0.057045291724504878 -0.063688517936399597 0.031262960011677991 -0.0092013411437931857 0.022368995591014632 0.039675995771457861 -0.0058007944679753475 0.041132551462997408 0.0066224482819652363 -0.0031524968918674847 0.0037168833752893441 -0.050990116317044414 -0.00027558977362606048 0.07372285550329942 -0.046820101667818977 -0.018505517589024106 -0.011490643289434981 0.0538894908966484 0.051232021006004637
leaf_weight=1.0744562577892818 0.37013842351734538 15.955399839207528 1.0335604872088873 0.79520107334246759 3.235967144370079 37.174573296681046 19.644599810242653 100.48475816845894 193.35419004387222 531.34498786821496 10.276655998080967 8947.9085924046231 1.3852985708508638 10.848060697477193 1.1902199080213902 0.6112799192778765 0.96914055012166489 3.7889461748709437
leaf_count=64 8 82 24 14 48 186 99 439 1010 2616 49 43391 19 474 21 28 19 344
internal_value=-4.64279e-07 -2.00826e-05 -0.0179836 -0.0265156 0.0155663 1.34026e-05 0.00413658 0.0122658 -0.000529051 -0.000129179 -0.0155876 -5.17978e-05 0.03829 -0.0420947 0.0279547 0.0331259 0.044571 0.0517733
internal_weight=9881.45 9874.52 18.3725 15.9537 4.31042 9856.14 329.439 120.129 209.31 9526.7 47.4512 9479.25 2.41886 11.6433 6.92972 6.55959 5.36937 4.75809
internal_count=48935 48515 643 600 112 47872 1630 538 1092 46242 235 46007 43 488 420 412 391 363
is_linear=0
shrinkage=0.05


Tree=236
num_leaves=22
num_cat=0
split_feature=22 26 1 15 24 9 8 20 24 23 41 8 15 19 8 7 41 4 7 4 21
split_gain=2.09918 5.51629 6.99213 6.85914 6.76113 6.10844 5.08238 4.67844 4.02263 3.80136 3.58793 3.1968 10.1986 6.25219 3.79453 8.57119 3.47214 2.2049 1.56475 1.52672 1.33506
threshold=-0.84999999999999998 0.19150000000000003 17.500000000000004 1.6285000000000001 0.97050000000000003 1.2125000000000001 0.12222222222222222 14.500000000000002 0.61250000000000016 -2.4499999999999997 0.46050000000000008 1.0000000180025095e-35 1.0930000000000002 1.0365000000000002 0.18333333333333332 0.23200000000000004 0.44500000000000006 1.3270000000000002 0.24550000000000002 1.7545000000000002 -3.4999999999999996
decision_type=2 2 2 2 2 2 2 2 2 2 2 2 2 2 2 2 2 2 2 2 2
left_child=1 2 3 10 7 6 -6 20 -5 17 -1 12 13 -11 15 -13 -16 -2 -19 -14 -3
right_child=9 4 -4 8 5 -7 -8 -9 -10 11 -12 14 19 -15 16 -17 -18 18 -20 -21 -22
leaf_value=-0.10539474449706066 -0.0023516326070776817 -0.071329241112878375 0.022063235766528813 -0.041272437331355168 0.021023136077979235 -0.063085251646394905 0.094178793411423323 0.067192169405319038 0.023393806918074949 0.029936950279920584 -0.044717025230716308 -0.011161990043476171 0.085648172232400843 -0.00075355769568833709 -0.0031250475295229157 0.00029295223913047402 0.0004970925517197378 0.020973110640083444 0.080482598549209888 0.042652461654123258 -0.02321457139506676
leaf_weight=3.0734739539912033 2.3651328831911078 3.3686468433588739 6.6249578148126593 4.1216874960809928 12.839542442467065 1.7833253443241108 2.9127691388130179 0.98111908696591843 5.7736436524428427 19.727157924324274 11.751088940422049 245.20866651693359 3.5827875733375532 104.49952596193179 719.43703113813535 488.89901002102124 8232.3705904089584 1.824578092433512 2.7994330413639545 4.8726151771843433 2.5204457188956471
leaf_count=27 14 25 28 68 223 8 13 21 66 102 106 1141 17 538 3563 2590 40146 36 21 36 146
internal_value=-4.75216e-07 -0.00967525 -0.0235534 -0.0357787 0.00814872 0.0246211 0.0345504 -0.0338957 -0.00354153 5.44198e-05 -0.0572969 2.81807e-05 0.00773663 0.00412009 -7.74132e-05 -0.00353326 0.000205989 0.0369159 0.0570009 0.0608709 -0.0507369
internal_weight=9881.34 55.7507 31.3449 24.7199 24.4058 17.5356 15.7523 6.87021 9.89533 9825.59 14.8246 9818.6 132.682 124.227 9685.92 734.108 8951.81 6.98914 4.62401 8.4554 5.88909
internal_count=48935 731 295 267 436 244 236 192 134 48204 133 48133 693 640 47440 3731 43709 71 57 53 171
is_linear=0
shrinkage=0.05


Tree=237
num_leaves=17
num_cat=0
split_feature=25 44 17 24 40 9 28 19 21 22 7 21 21 17 4 17
split_gain=2.15229 6.07061 6.62548 6.32288 8.75187 7.93713 5.82099 5.64724 4.70552 4.61168 4.4647 3.22963 3.10736 2.7365 5.47578 3.9795
threshold=513.50000000000011 0.42450000000000004 0.22900000000000004 2.9095000000000009 0.69100000000000006 1.7635000000000003 0.35200000000000004 1.6730000000000003 10.500000000000002 -1.0000000180025095e-35 0.16950000000000001 41.500000000000007 -42.499999999999993 0.7320000000000001 1.2455000000000003 0.50850000000000006
decision_type=2 2 2 2 2 2 2 2 2 2 2 2 2 2 2 2
left_child=11 2 -2 6 8 -6 10 -8 -5 -4 -3 12 -1 15 -15 -14
right_child=1 3 9 4 5 -7 7 -9 -10 -11 -12 -13 13 14 -16 -17
leaf_value=-0.046213596485309635 -0.0076964326066421389 0.0010922460343121992 0.095340263996654503 -0.0092690975359525137 0.015433271878050143 -0.0029065059144189956 0.002663855137906972 -0.010041834234788986 -0.079925586073285967 0.023556853854525016 -0.021220548566668013 -0.031233842589288886 0.00017349147756963589 -0.042226498138985213 0.006803992555644971 0.0089739679333472495
leaf_weight=3.5988401919603339 7.3609804543666568 29.345941335428506 4.1061505377292642 4.7814348554238659 103.91158074780833 136.48111313662957 184.37145071697887 166.3687283094041 4.6459913551807404 4.916347092832436 94.985256899148226 8.1590879410505277 8974.3372563132434 11.088201582795593 11.706459200941024 130.32204565295251
leaf_count=15 39 164 19 28 534 705 884 802 21 23 490 36 43878 389 154 754
internal_value=-4.38927e-07 -0.00259161 0.0275059 -0.00327185 0.00316772 0.005021 -0.00665815 -0.00336291 -0.0440898 0.0562256 -0.0159541 0.000209729 0.000237825 0.000256141 -0.0170463 0.00029946
internal_weight=9880.49 741.275 16.3835 724.891 249.82 240.393 475.071 350.74 9.42743 9.0225 124.331 9139.21 9131.05 9127.45 22.7947 9104.66
internal_count=48935 3709 81 3628 1288 1239 2340 1686 49 42 654 45226 45190 45175 543 44632
is_linear=0
shrinkage=0.05


Tree=238
num_leaves=28
num_cat=0
split_feature=3 9 9 4 31 33 17 5 8 14 17 4 28 39 5 9 42 25 0 1 19 9 7 1 22 4 13
split_gain=2.0824 4.20022 5.55942 10.7001 6.81481 5.80404 8.05295 5.17534 4.91248 2.90999 5.50497 6.43642 5.38928 5.99521 5.52847 4.78678 6.39669 6.297 5.1983 4.77911 4.75607 3.59335 8.97597 3.39346 1.24465 0.0724851 0.00268122
threshold=0.54000000000000015 1.3725000000000003 0.7875000000000002 1.5400000000000003 0.66850000000000021 0.22750000000000004 0.44900000000000007 -0.85449999999999993 0.14999999999999999 0.96350000000000013 0.53100000000000014 0.66100000000000014 0.36250000000000004 2.5110000000000006 0.42200000000000004 0.55800000000000016 0.31950000000000006 507.50000000000006 15.500000000000002 60.500000000000007 1.7635000000000003 0.60350000000000004 0.35500000000000004 8.5000000000000018 -0.21111111111111108 1.1225000000000003 1.1225000000000003
decision_type=2 2 2 2 2 2 2 2 2 2 2 2 2 2 2 2 2 2 2 2 2 2 2 2 2 2 2
left_child=1 2 3 8 -5 6 -4 -7 -1 10 11 20 14 -14 -12 16 17 -11 -18 -13 -2 22 -17 -23 -3 26 -26
right_child=9 24 5 4 -6 7 -8 -9 -10 15 12 19 13 -15 -16 21 18 -19 -20 -21 -22 23 -24 -25 25 -27 -28
leaf_value=-0.0066502463186907963 -0.042131063335098251 0.0054327468761339367 0.019059923638746146 -0.017184832228050728 0.0087985385248971881 0.023314511464918603 0.1181435612851314 -0.031630508129050015 -0.028825975657757422 -0.0036600736836326581 -0.031813967806016405 -0.0017227433648136043 -0.0065246281071702069 0.054991063404784636 0.031757806993043168 -0.017573965100346291 -0.071313444732692646 0.015004446152420213 0.0080127977063077123 0.042998678445044493 -0.0086015505522228416 0.0035193914360380622 0.029988896319173043 7.4033660543883968e-05 -0.052076416153146544 -0.066615036507513839 -0.055519788931215321
leaf_weight=45.594241310842335 16.369253546348773 0.88160363025963295 25.276405930053446 33.13907376723364 105.8010536711663 7.1697350181639221 2.2317034358275114 10.654298900022694 55.220189540996216 64.508642219356261 8.0510145701118727 1715.7411644710228 5.6994735387852442 12.982744507608002 5.945429320796392 65.67088470980525 4.5416805706918222 150.89503267846885 3.7875089040026069 5.99474212527275 29.885650498326868 800.19917830335908 11.684274077415465 6687.6360526797362 1.246506231662351 2.0370722990483046 1.0345249148085711
leaf_count=416 152 14 179 230 664 35 105 143 497 385 69 8138 44 101 58 301 33 951 20 26 219 5533 55 30465 69 17 16
internal_value=-4.53764e-07 -0.00417263 -0.00336037 -0.00639647 0.00260116 0.0126971 0.0270985 -0.00952882 -0.0187968 0.000125842 -0.00168565 -0.00206151 0.0186491 0.0362242 -0.00480986 0.00054463 0.00775235 0.00941483 -0.0352416 -0.00156703 -0.0204674 0.000331469 -0.0103897 0.000442227 -0.0487066 -0.05976 -0.0536381
internal_weight=9879.88 290.286 285.087 239.755 138.94 45.3321 27.5081 17.824 100.814 9589.59 1800.67 1767.99 32.6787 18.6822 13.9964 7788.92 223.733 215.404 8.32919 1721.74 46.2549 7565.19 77.3552 7487.84 5.19971 4.3181 2.28103
internal_count=48935 2385 2269 1807 894 462 284 178 913 46550 8807 8535 272 145 127 37743 1389 1336 53 8164 371 36354 356 35998 116 102 85
is_linear=0
shrinkage=0.05


Tree=239
num_leaves=25
num_cat=0
split_feature=7 40 25 42 24 34 44 4 24 10 17 1 26 7 3 17 7 34 34 17 13 14 30 35
split_gain=2.09433 3.38484 4.01761 6.42479 7.0294 3.48112 3.8765 2.46711 2.75351 7.37404 2.32378 5.81044 6.82242 11.7586 7.61668 3.38393 10.958 12.0903 10.8646 3.42757 4.33458 3.3016 2.8565 1.27052
threshold=0.63050000000000017 0.70850000000000002 510.50000000000006 0.21400000000000002 2.4825000000000004 0.39350000000000007 0.55550000000000022 0.85450000000000015 2.4825000000000004 6.5000000000000009 0.50850000000000006 26.500000000000004 0.38400000000000006 0.18050000000000002 0.72900000000000009 0.46300000000000008 0.070000000000000021 0.69150000000000011 0.48450000000000004 0.45650000000000007 1.0725000000000002 1.0000000180025095e-35 1.5115000000000001 0.70050000000000001
decision_type=2 2 2 2 2 2 2 2 2 2 2 2 2 2 2 2 2 2 2 2 2 2 2 2
left_child=10 7 5 -4 -5 -3 -7 23 9 -9 15 12 14 -14 -12 19 18 -18 -17 21 -21 -1 -13 -2
right_child=1 2 3 4 -6 6 -8 8 -10 -11 11 22 13 -15 -16 16 17 -19 -20 20 -22 -23 -24 -25
leaf_value=-0.02015858377551015 0.012272203190743024 0.035282240668879694 0.097797822966235126 -0.034992542455951868 0.015784224974946633 -0.038474633434204708 0.046322178877679254 0.051292262442277053 0.064082128272401867 -0.063976351781231858 -0.022000158441356141 0.014566240773606449 0.028638890495232952 -0.020502331291306325 0.02047758224865338 0.04416158522706394 -0.012795268744473762 0.045971592730938204 -0.0033831603113123132 -0.0097500238590589559 0.03546149127895714 0.00011691161012699441 0.064799003344221173 -0.068817831916814287
leaf_weight=20.121286432258785 0.84092324563243792 1.9959993836819219 1.5527259240043374 12.245395108795494 15.372597127687184 22.65600515687402 1.4330362814653188 3.5938612688332778 3.2681324791628867 2.2599650358315557 12.622650122910271 5.4591667354106885 16.140079012140632 49.52844781044405 64.368218567338772 19.959629041375592 211.03529777133372 9.1307586516486463 30.190084544126876 8.2361672744154948 14.877783115953205 9344.0549885939399 5.876541942358017 1.1350315754098117
leaf_count=437 18 24 20 227 123 339 13 21 28 48 111 26 85 314 358 141 1216 61 218 41 70 44939 26 31
internal_value=-7.15786e-07 -0.00885385 -0.0139149 -0.00116554 -0.00672942 -0.0281723 -0.0334301 0.0163446 0.0273167 0.00679094 5.9156e-05 0.00615282 0.00341506 -0.00842435 0.0135134 -3.80104e-05 -0.00555346 -0.0103581 0.0155397 0.000120812 0.0193513 7.33446e-05 0.0406074 -0.0343077
internal_weight=9877.95 66.3537 55.2558 29.1707 27.618 26.085 24.089 11.0979 9.12196 5.85383 9811.6 153.995 142.659 65.6685 76.9909 9657.61 270.316 220.166 50.1497 9387.29 23.114 9364.18 11.3357 1.97595
internal_count=48935 892 746 370 350 376 352 146 97 69 48043 920 868 399 469 47123 1636 1277 359 45487 111 45376 52 49
is_linear=0
shrinkage=0.05


Tree=240
num_leaves=28
num_cat=0
split_feature=27 15 39 19 19 17 17 19 36 23 39 41 6 28 30 39 59 31 39 2 41 4 4 59 2 13 40
split_gain=2.03907 6.00998 6.54716 7.70249 7.20232 4.97303 11.0084 7.22188 8.77918 5.4106 4.17304 9.65623 9.6536 8.26006 8.04638 5.67296 8.40798 9.43435 7.52096 7.16086 5.51004 5.44311 8.48231 7.08411 4.02914 2.65639 2.50096
threshold=0.25750000000000006 -1.0974999999999999 2.8190000000000004 0.93000000000000016 0.88700000000000012 0.068000000000000019 0.072500000000000009 0.48050000000000004 0.40800000000000008 -0.45400000000000001 2.5935000000000006 0.47850000000000004 0.19100000000000003 0.63900000000000012 1.4880000000000002 2.5875000000000008 27.500000000000004 0.70450000000000002 2.5845000000000007 27.500000000000004 0.48200000000000004 0.54750000000000021 0.66100000000000014 13.500000000000002 28.500000000000004 0.98350000000000015 0.74900000000000011
decision_type=2 2 2 2 2 2 2 2 2 2 2 2 2 2 2 2 2 2 2 2 2 2 2 2 2 2 2
left_child=10 2 3 4 -2 7 26 25 -9 -8 15 12 14 -14 -12 18 17 -17 20 -20 -1 23 -23 -13 -18 -3 -7
right_child=1 5 -4 -5 -6 6 9 8 -10 -11 11 21 13 -15 -16 16 24 -19 19 -21 -22 22 -24 -25 -26 -27 -28
leaf_value=0.00040677790917688068 -0.013052922501842344 0.10157070971989346 0.047871449392222994 0.040044272517214916 -0.088452329785300696 -0.0726405144290969 -0.0058372639922607142 -0.013063784223318262 0.011473812111268312 0.0001480152504187393 0.040230678338781925 0.0084471541487319401 -0.01038220841008783 -0.043472937457600259 -0.0043939817713268105 0.04558467494769898 -0.042154507972341354 0.0095602639548715198 -0.013978343767196892 0.029321496765991786 0.004865546306920307 -0.023007372717651239 1.9576318789275228e-05 0.060672498587972135 0.0016772213175857077 0.024576255138286332 -0.025198130511134828
leaf_weight=2626.6998005125206 144.49674500897527 2.6459916855674228 4.6531130084767929 6.7160270577296606 3.2381854504346839 6.0042188465595228 462.65862800407922 48.11490434082225 150.39370815281291 2053.4823866565857 16.34010800611577 56.362666506858659 240.60700724530034 20.462482769042253 26.458576745673781 21.226045875257114 9.9463449865579623 126.40997546794824 121.51876478339545 10.362696871161459 941.15558158110071 40.591625591740012 2710.7934611803503 7.3387100137770167 11.087312966585158 1.9427592543652279 5.1696584820747375
leaf_count=12831 881 67 24 38 15 27 2273 302 925 10045 94 526 1157 93 140 107 42 615 601 46 4602 200 13117 37 49 58 23
internal_value=-8.15481e-07 -0.00111799 -0.0105644 -0.0123249 -0.0147056 -0.000567534 -0.00117244 0.00695985 0.00552634 -0.000952536 0.000461174 -0.000899647 -0.00936749 -0.0129758 0.0126433 0.00155835 0.0105259 0.0147396 0.00114952 -0.010576 0.00158295 1.43948e-05 -0.000320144 0.0144638 -0.0190498 0.0689732 -0.050691
internal_weight=9876.88 2889.52 159.104 154.451 147.735 2730.41 2527.31 203.097 198.509 2516.14 6987.36 3118.95 303.868 261.069 42.7987 3868.41 168.67 147.636 3699.74 131.881 3567.86 2815.09 2751.39 63.7014 21.0337 4.58875 11.1739
internal_count=48935 14678 958 934 896 13720 12368 1352 1227 12318 34257 15364 1484 1250 234 18893 813 722 18080 647 17433 13880 13317 563 91 125 50
is_linear=0
shrinkage=0.05


Tree=241
num_leaves=30
num_cat=0
split_feature=4 6 29 32 3 41 3 1 19 20 27 33 7 7 13 3 31 24 1 18 41 27 43 41 28 44 39 24 40
split_gain=2.04929 5.98429 5.30194 6.36962 6.11072 9.7858 8.69852 5.92561 5.47219 11.6537 8.59504 5.29332 7.89312 4.93162 11.5834 12.0612 5.25278 5.09055 6.61859 5.91058 4.35377 3.26759 3.2468 6.34555 1.38767 1.19386 1.18273 0.172152 0.086621
threshold=1.2620000000000002 0.68100000000000016 2.8945000000000003 0.58050000000000013 1.9025000000000001 0.45100000000000007 1.3770000000000002 1.5000000000000002 0.74550000000000016 -8.4999999999999982 0.17300000000000001 0.20950000000000002 0.46900000000000003 0.28900000000000003 0.67300000000000015 1.0000000180025095e-35 0.59450000000000014 1.7145000000000004 13.500000000000002 0.93333333333333346 0.46750000000000008 0.30650000000000005 0.73150000000000015 0.48650000000000004 0.20750000000000002 0.44250000000000006 2.5110000000000006 3.1990000000000003 0.72050000000000003
decision_type=2 2 2 2 2 2 2 2 2 2 2 2 2 2 2 2 2 2 2 2 2 2 2 2 2 2 2 2 2
left_child=2 13 7 4 6 -6 -4 21 10 -10 -5 12 -9 17 16 -16 -15 18 -2 -19 -13 25 24 26 -3 -1 -24 -26 -23
right_child=1 22 3 8 5 -7 -8 11 9 -11 -12 20 -14 14 15 -17 -18 19 -20 -21 -22 28 23 -25 27 -27 -28 -29 -30
leaf_value=0.012807575587376416 -3.5603923382766385e-05 0.023479687614008808 -0.024200035263367298 -0.021313332945879171 0.04124874993190096 -0.039158061376671667 0.00010289022539502994 -0.0034711948515279904 -0.017613245125183759 -0.00043851114161536287 0.019981201966955811 -0.0014561719532550103 0.01323615707768709 -0.063971167960468367 0.090062792842372341 -0.0010809711098699612 -0.017027235781849059 0.0019611097911523762 -0.015420989353023704 0.01891154980445714 0.0028837870470332285 0.035292238676852182 0.072669838030094733 -0.057994859754722107 0.083386024457508076 -0.055473482230117402 0.01606633702684266 0.064201164222831772 0.0659760810222835
leaf_weight=0.69873907292639703 272.4616500758566 2.1867192222271097 54.375325641507516 16.103690976742655 4.2683396642096332 33.347013171063736 114.03259913995862 1181.2321462322725 118.35440513677895 596.87146314748679 57.932036003330722 856.22712039522594 75.192520602518925 6.5379988374188533 3.6398710235953322 1303.7187467287295 67.282431674888358 3168.4933661778923 94.024400018155575 52.277536950365175 1777.5775294665218 0.51162908854894418 2.0699060339247812 2.3098111088038422 1.8316197246313093 7.6370143053209176 1.6653633404057471 3.2338225652929395 0.41786334456992336
leaf_count=31 1551 27 282 89 26 203 500 6182 599 2844 450 4115 534 52 19 6168 434 14710 427 491 8586 17 23 20 8 445 26 51 25
internal_value=-8.44234e-07 0.000713071 -0.000727442 -0.00398469 -0.0118137 -0.030034 -0.00774401 0.00010392 -0.00194107 -0.00328056 0.0109991 0.000199041 -0.00247132 0.00062342 -0.00191528 -0.000827214 -0.0211849 0.00160088 -0.00398283 0.00223624 0.0014729 -0.0398346 0.0342108 0.00714943 0.0567679 -0.0497499 0.0474333 0.0711382 0.0490865
internal_weight=9876.51 4981.73 4894.78 995.285 206.023 37.6154 168.408 3899.49 789.262 715.226 74.0357 3890.23 1256.42 4968.44 1381.18 1307.36 73.8204 3587.26 366.486 3220.77 2633.8 9.26525 13.2972 6.04508 7.25216 8.33575 3.73527 5.06544 0.929492
internal_count=48935 24007 24928 4993 1011 229 782 19935 3982 3443 539 19417 6716 23852 6673 6187 486 17179 1978 15201 12701 518 155 69 86 476 49 59 42
is_linear=0
shrinkage=0.05


Tree=242
num_leaves=25
num_cat=0
split_feature=39 15 25 22 34 30 30 5 17 13 39 27 37 37 44 4 17 2 41 36 25 30 22 9
split_gain=2.10536 4.37696 4.91276 8.77028 7.01793 5.05042 5.81096 5.33532 4.53408 4.19546 3.96398 6.44535 4.01109 6.87123 3.16585 6.20173 4.84715 4.49928 4.15602 8.09711 3.85901 2.777 3.56891 1.90694
threshold=2.4185000000000003 -1.0604999999999998 509.50000000000006 -0.63333333333333319 0.35200000000000004 1.4825000000000002 1.4985000000000002 -0.35499999999999993 0.20350000000000004 0.6170000000000001 2.4340000000000006 0.23950000000000002 0.57950000000000002 0.53700000000000014 0.44900000000000007 2.3800000000000003 0.58950000000000002 5.5000000000000009 0.44500000000000006 0.44400000000000006 505.50000000000006 1.4880000000000002 -0.25833333333333325 0.82700000000000007
decision_type=2 2 2 2 2 2 2 2 2 2 2 2 2 2 2 2 2 2 2 2 2 2 2 2
left_child=1 8 5 23 -5 7 -7 -3 -1 -10 11 21 13 -13 15 16 -12 -17 19 -16 -20 -2 -23 -4
right_child=10 2 3 4 -6 6 -8 -9 9 -11 14 12 -14 -15 18 17 -18 -19 20 -21 -22 22 -24 -25
leaf_value=-0.012369736085355576 -0.06976943521499511 0.0015633309711153565 0.038064980260645732 0.065080233545496025 0.0040925377189508392 0.044380235392578488 -0.0016300205856644477 -0.032370343178116899 0.01649287349758204 0.076624946198115329 0.0035042220318313162 -0.0058128644942295835 -0.03258018963151596 0.058936758283539982 -0.022950449648404155 0.0053193499719135298 -0.050474240407146403 0.087987504508059977 -0.0035640184656784142 -0.0015332289472264797 0.00021064990353167334 0.010016112458857697 -0.040205077295185895 0.092267940166019663
leaf_weight=4.6761957388371256 4.4787975922226932 20.210920713841915 3.277487024664878 4.8479991853237143 174.54796265621553 7.5708274701901237 73.34222300699912 27.135761900208308 5.9225090965628606 5.6852654963731766 521.36491513130022 13.827215160010388 6.2616159180179229 5.8227242289576671 58.562122266070219 2.9423161220038301 4.1924075275674104 3.7355495914816856 739.83304674176907 179.08578687727277 7986.510381559805 4.9957605674862924 12.119391615968192 3.2138378992676735
leaf_count=37 24 102 26 26 868 39 355 147 31 28 2588 70 34 28 304 31 43 18 3560 870 39607 23 61 15
internal_value=-8.07853e-07 0.00392294 0.00261277 0.00780658 0.00574067 -0.00491465 0.00267504 -0.017885 0.0291986 0.0459444 -0.000136659 -0.0145439 0.00226895 0.0133739 -6.45862e-05 0.00368202 0.00307363 0.0515633 -0.00028704 -0.00681094 -0.000109372 -0.0347183 -0.025546 0.0649007
internal_weight=9874.16 330.431 314.147 185.887 179.396 128.26 80.9131 47.3467 16.284 11.6078 9543.73 47.5055 25.9116 19.6499 9496.23 532.235 525.557 6.67787 8963.99 237.648 8726.34 21.5939 17.1152 6.49132
internal_count=48935 1674 1578 935 894 643 394 249 96 59 47261 240 132 98 47021 2680 2631 49 44341 1174 43167 108 84 41
is_linear=0
shrinkage=0.05


Tree=243
num_leaves=30
num_cat=0
split_feature=22 18 17 14 14 7 27 26 7 3 29 5 5 42 20 14 11 5 13 6 3 26 7 20 22 36 11 13 3
split_gain=2.07709 10.7409 7.51598 8.75636 8.2481 8.21666 9.75997 7.71729 7.4525 9.06879 10.987 6.9157 12.1143 7.2458 6.76893 6.20846 6.04274 10.0307 5.44214 4.84555 5.83228 4.64926 5.71933 5.57846 3.60924 3.38691 3.0433 2.80102 1.54983
threshold=0.25833333333333336 0.18333333333333332 0.18050000000000002 0.85950000000000004 0.91100000000000014 0.27900000000000008 0.17300000000000001 0.35900000000000004 0.28900000000000003 0.87250000000000016 2.6405000000000003 0.43100000000000005 0.62750000000000006 0.32300000000000006 -13.499999999999998 1.9575000000000002 8.5000000000000018 0.84800000000000009 0.85950000000000004 0.27700000000000008 1.2455000000000003 0.72750000000000015 0.32700000000000007 -7.4999999999999991 0.29999999999999999 0.44750000000000006 12.500000000000002 1.3830000000000002 1.3390000000000002
decision_type=2 2 2 2 2 2 2 2 2 2 2 2 2 2 2 2 2 2 2 2 2 2 2 2 2 2 2 2 2
left_child=1 8 3 7 16 6 -5 24 9 26 -11 13 -13 -6 25 -7 17 -4 -18 20 -10 23 -23 -16 -2 -3 -1 -9 -21
right_child=2 14 4 5 11 15 -8 27 19 10 -12 12 -14 -15 21 -17 18 -19 -20 28 -22 22 -24 -25 -26 -27 -28 -29 -30
leaf_value=-0.010836657968930232 -0.046905186014205763 -0.0033766068767362685 0.089036108948974596 -0.03252469280885114 0.0074839161541888971 0.00019865698396172925 -0.0051473303521108226 0.08256460054203256 -0.027119322892812936 0.018233378215890814 -0.024380335426170477 -0.0087902331124310572 0.0038358391306129204 -0.031049068990288604 -0.0065071431767722123 0.020728527831644257 -0.05211270243499673 -0.012052300181762057 -0.011655747254240274 -0.038887014595919693 0.026483015039120997 0.035152266526889027 -0.029000779173665749 0.00013796891468644416 0.017807511415544881 -0.066917942506330624 -0.043283206072655137 0.033108113183232049 -0.07391138458779252
leaf_weight=13.233840223401787 3.2548021981492656 3.3228614628314954 3.7924071927991445 34.585688875056803 828.59099004953168 172.37620251090266 554.18880899541546 5.4601049865595979 38.383186912746169 47.476014299318194 22.198208579793572 249.39725992665626 797.36078683752567 12.382341053336857 331.84199826861732 46.830384775064886 9.3703876696526986 6.9531242995290086 73.616698656231165 6.8389667049050313 5.8478605402633539 17.924776465166364 4.3094141604378811 6544.3511115295696 6.3745114449411631 5.6853406112641096 15.921203643083571 6.0187932848930359 5.8691182732582092
leaf_count=85 17 17 55 199 3792 799 3483 36 270 221 105 1138 3840 55 1539 289 56 62 350 37 31 85 23 32141 38 30 86 30 26
internal_value=-8.12639e-07 -0.000458271 0.00114883 -0.00284841 0.00282136 -0.00367894 -0.00675553 0.0289427 -0.0134423 -0.00514102 0.00465665 0.00354019 0.000827591 0.00691656 -0.000165471 0.00458457 -0.0116556 0.0236247 -0.0162239 -0.0278508 -0.0200325 -0.00010891 0.0227182 -0.000182721 -0.00406601 -0.0434794 -0.0285553 0.0566328 -0.0550627
internal_weight=9873.76 7063.2 2810.55 829.089 1981.46 807.981 588.774 21.1082 155.768 98.8293 69.6742 1887.73 1046.76 840.973 6907.44 219.207 93.7326 10.7455 82.9871 56.9391 44.231 6898.43 22.2342 6876.19 9.62931 9.0082 29.155 11.4789 12.7081
internal_count=48935 34696 14239 4891 9348 4770 3682 121 861 497 326 8825 4978 3847 33835 1088 523 117 406 364 301 33788 108 33680 55 47 171 66 63
is_linear=0
shrinkage=0.05


Tree=244
num_leaves=15
num_cat=0
split_feature=11 11 39 37 31 23 9 40 31 18 7 40 14 40
split_gain=2.01769 5.59507 2.03274 3.37795 4.43633 4.77464 4.58702 2.76838 4.58983 4.54328 4.36915 2.51168 11.2449 6.28062
threshold=64.500000000000014 66.500000000000014 2.3915000000000002 0.37300000000000005 0.81100000000000017 -0.66149999999999987 0.7380000000000001 0.68100000000000016 0.74500000000000011 0.074999999999999969 0.057500000000000002 0.69700000000000006 0.85450000000000015 0.71500000000000008
decision_type=2 2 2 2 2 2 2 2 2 2 2 2 2 2
left_child=2 -2 3 -1 6 -6 -5 8 10 -10 -4 12 -9 -13
right_child=1 -3 7 4 5 -7 -8 11 9 -11 -12 13 -14 -15
leaf_value=0.042193089621160952 -0.049314137241236317 0.013751866965760097 -0.036129060992414017 -0.025715308130592536 0.039255506287730314 -0.033962368930263907 0.010275408037812411 -0.012942086478241067 -0.065725949104486356 -0.012342621638291003 0.0068694327361510489 -0.0034115978938669619 0.0051539977605973841 0.00035835889587054536
leaf_weight=6.1433231751434496 7.2951836287975294 6.7903490364551544 6.5508669536793596 9.602914007380603 2.7031016759574404 12.631693776696919 113.36430392244074 98.673883459836361 4.2164853145368388 72.800329367863014 60.189347074672696 1295.1116217351519 660.41833055089228 7516.7443144115459
leaf_count=30 32 30 51 60 14 64 551 575 25 350 286 6474 3213 37180
internal_value=-9.10198e-07 -0.0189113 2.61066e-05 0.00591392 0.00430241 -0.0210561 0.00746477 -6.14376e-05 -0.00694846 -0.0152652 0.00264893 4.20064e-05 0.0028017 -0.000195726
internal_weight=9873.24 14.0855 9859.15 144.445 138.302 15.3348 122.967 9714.71 143.757 77.0168 66.7402 9570.95 759.092 8811.86
internal_count=48935 62 48873 719 689 78 611 48154 712 375 337 47442 3788 43654
is_linear=0
shrinkage=0.05


Tree=245
num_leaves=27
num_cat=0
split_feature=39 44 2 26 23 13 9 4 35 41 17 23 19 3 5 21 4 26 11 9 11 5 16 14 21 29
split_gain=2.02123 3.7277 4.71843 4.14833 7.48671 5.58037 5.36872 5.01786 4.27208 3.68858 5.5908 11.6283 7.55047 6.7107 7.18726 6.34824 3.59986 3.51045 4.60341 3.30443 3.30433 4.2286 3.42902 3.16374 4.20113 3.34773
threshold=2.7270000000000008 0.55200000000000016 26.500000000000004 0.70100000000000018 0.72750000000000026 0.92450000000000021 2.5475000000000003 0.83650000000000013 0.76000000000000012 0.52000000000000013 0.36750000000000005 1.2320000000000004 1.5085000000000002 2.4890000000000003 1.5100000000000002 34.500000000000007 1.0000000180025095e-35 0.7320000000000001 9.5000000000000018 1.5475000000000001 23.500000000000004 -1.2709999999999997 0.52100000000000013 2.3100000000000001 4.5000000000000009 3.0510000000000006
decision_type=2 2 2 2 2 2 2 2 2 2 2 2 2 2 2 2 2 2 2 2 2 2 2 2 2 2
left_child=9 3 20 6 -5 -6 7 -2 -8 16 13 12 -12 15 -15 -11 23 19 -19 -18 21 -3 -22 25 -25 -1
right_child=1 2 -4 4 5 -7 8 -9 -10 10 11 -13 -14 14 -16 -17 17 18 -20 -21 22 -23 -24 24 -26 -27
leaf_value=-0.047697530777911445 -0.019685654451576176 0.072049078486069965 -0.026662676094245216 0.038528664176394271 -0.086468979737181151 -0.012241108364504335 0.052305165197499205 -0.0023220433959639099 -0.015461248772625145 0.0045088837964261689 -0.0028450459798916652 0.055179157656530177 -0.031095274515491114 -0.12074681071771032 -0.0074439296571281359 0.061358671616420037 0.00062212460616668244 -0.010505629425782625 0.028024974381542 -0.0014613735792331818 0.01830723589196993 0.00023072061196454551 0.067663538895217146 0.060866323914256663 -0.027042193443957405 0.040447120592580516
leaf_weight=10.155922335317884 44.575361768555013 2.2446129051968446 7.1248637512326232 2.9725961014628401 5.4021527320146543 4.7658020928502083 7.6622451333096233 625.05700320622418 3.3392128472914919 872.55021009105258 88.723364578821929 7.1652312548831096 32.249186252593063 2.1731765085132784 3.9322828909498639 4.9384045749902716 4990.7079822179803 11.44486302603036 24.02396298199892 3075.9859964759089 9.9714396297931653 23.589041769388135 5.4382858574390402 2.2291848165914407 3.4819168392568827 1.205017056694486
leaf_count=487 244 16 32 15 28 30 92 3064 43 4137 486 39 178 28 54 23 24638 58 107 14780 44 124 24 111 23 30
internal_value=-8.79539e-07 -0.00251025 0.0109105 -0.00344591 -0.0312717 -0.0516778 -0.0029087 -0.00347789 0.0317364 0.000203076 0.00304994 -0.00671034 -0.0103761 0.00446536 -0.0477729 0.00482883 -0.000151669 -0.000103341 0.0155922 -0.000172353 0.0174013 0.00647081 0.0357257 -0.0230874 0.00727068 -0.0383483
internal_weight=9873.11 742.143 48.3682 693.774 13.1406 10.168 680.634 669.632 11.0015 9130.97 1011.73 128.138 120.973 883.594 6.10546 877.489 8119.23 8102.16 35.4688 8066.69 41.2434 25.8337 15.4097 17.072 5.7111 11.3609
internal_count=48935 3756 240 3516 73 58 3443 3308 135 45179 4945 703 664 4242 82 4160 40234 39583 165 39418 208 140 68 651 134 517
is_linear=0
shrinkage=0.05


Tree=246
num_leaves=29
num_cat=0
split_feature=24 22 30 30 26 7 10 13 14 39 1 39 15 15 22 7 32 26 3 19 24 24 43 8 24 59 24 3
split_gain=2.15023 4.24648 4.05572 5.75726 6.6096 4.82538 3.78445 3.5518 2.95736 7.16559 5.93154 5.79185 3.50669 8.07095 7.88126 2.89602 3.79293 2.79602 3.35369 2.14992 3.85217 2.10087 0.95774 0.0315016 0.0133285 0.0103953 0.00777832 0.00123073
threshold=4.3335000000000008 0.36666666666666664 1.6025000000000003 1.5885000000000002 0.63600000000000012 0.18350000000000002 10.500000000000002 1.0000000180025095e-35 2.4835000000000007 2.5955000000000008 7.5000000000000009 2.6730000000000005 -1.7099999999999997 -1.6199999999999999 0.54444444444444462 0.39650000000000007 0.47250000000000003 0.63250000000000017 1.9835000000000003 0.48050000000000004 4.5105000000000013 3.3285000000000005 0.7835000000000002 0.70000000000000007 4.7635000000000014 7.5000000000000009 4.7635000000000014 1.7455000000000003
decision_type=2 2 2 2 2 2 2 2 2 2 2 2 2 2 2 2 2 2 2 2 2 2 2 2 2 2 2 2
left_child=7 19 3 5 -5 -3 -4 15 12 10 -10 -11 14 -14 -9 17 21 22 -19 20 -2 -17 -1 -18 -22 27 -8 -21
right_child=1 2 6 4 -6 -7 26 8 9 11 -12 -13 13 -15 -16 16 23 18 -20 25 24 -23 -24 -25 -26 -27 -28 -29
leaf_value=-0.049347361742720183 -0.064098362989706781 -0.0094878315480366737 -0.057412592912102857 -0.15274569634640628 -0.0014438603041807331 0.028134912734104289 0.056225360728429367 0.040221634142709295 -0.057204332687869591 0.040144727766085103 -0.0035117724259356936 -0.016854784593708306 -0.034557078531717793 5.0774456519745121e-05 -0.026549367050968043 -0.05135875842994328 -0.053652045647492146 -0.056092069809613482 0.060449747644946851 0.054609178747564546 0.062257889977167129 0.091393772605151774 0.019926259234721425 -0.073032092622743974 0.052408254198854032 0.05653049299539286 0.052339896645867849 0.052243105171057104
leaf_weight=9.6136576464632491 1.2138347458094343 25.93040539813228 0.86420050170272489 1.3201740880031132 1.5925669997232033 12.695085365790872 3.7230279981158674 14.864785777404906 11.744973834604027 8.2599256709218043 9.1517862528562528 9.6792436912655813 16.875954278744757 9722.7926324404834 6.2891554087400428 0.31392722399323192 0.4155168245997628 1.0445123463869086 1.5092962011694908 0.64529176056385029 0.76589109376072861 1.4398385137319563 0.52625674195587713 0.42328618344618008 0.62272212456446141 2.7287924457341433 1.9694503719802012 3.7061297059699427
leaf_count=376 12 445 22 21 32 161 48 73 69 55 45 56 85 46806 28 106 65 31 20 12 6 6 19 4 40 34 101 157
internal_value=-7.63482e-07 0.00961666 0.00353457 -0.00223405 -0.0700201 0.00287768 0.0400803 -5.73783e-05 -1.98122e-05 -0.0137901 -0.0336895 0.00939012 3.49764e-05 -9.19068e-06 0.0203703 -0.0241401 0.0240158 -0.0339754 0.0127839 0.0398271 0.000965907 0.0658408 -0.0457521 -0.0634318 0.0578408 0.0541112 0.0548811 0.052594
internal_weight=9872.72 57.7776 48.0949 41.5382 2.91274 38.6255 6.55668 9814.94 9799.66 38.8359 20.8968 17.9392 9760.82 9739.67 21.1539 15.2863 2.59257 12.6937 2.55381 9.68266 2.60245 1.75377 10.1399 0.838803 1.38861 7.08021 5.69248 4.35142
internal_count=48935 1091 830 659 53 606 171 47844 47217 225 114 111 46992 46891 101 627 181 446 51 261 58 112 395 69 46 203 149 169
is_linear=0
shrinkage=0.05


Tree=247
num_leaves=23
num_cat=0
split_feature=24 16 32 14 25 4 44 10 13 7 32 5 40 3 4 3 26 24 4 17 24 10
split_gain=2.00433 4.07522 5.85698 5.7058 4.9653 5.64623 5.60569 3.88669 3.49167 2.90422 3.51245 2.75319 4.82019 2.89057 5.60331 3.36796 2.505 1.91588 1.68622 1.77379 0.0470131 0.0242299
threshold=4.2040000000000015 0.18350000000000002 0.39250000000000007 1.5965000000000003 505.50000000000006 0.83050000000000013 0.45350000000000007 13.500000000000002 1.0000000180025095e-35 0.39650000000000007 0.47250000000000003 2.0415000000000005 0.74150000000000016 2.5580000000000003 0.96650000000000003 2.3265000000000007 0.46950000000000003 3.3285000000000005 1.5965000000000003 0.49150000000000005 4.2580000000000009 15.500000000000002
decision_type=2 2 2 2 2 2 2 2 2 2 2 2 2 2 2 2 2 2 2 2 2 2
left_child=8 3 -3 -2 5 -5 -6 16 9 18 17 13 -13 15 -15 -10 -4 -11 19 -1 -9 -12
right_child=1 2 7 4 6 -7 -8 20 11 10 21 12 -14 14 -16 -17 -18 -19 -20 -21 -22 -23
leaf_value=-0.050312883853996529 -0.08886011060404278 -0.057048417558386612 -0.0095674981756718649 0.035517960162513011 -0.045095102285833209 -0.075181895298622903 0.012940282225917235 0.065085127959731204 4.6751878064311128e-05 -0.051294064074227853 -0.053552575916991488 0.0065796106155158393 -0.065973362878878006 0.059062169840534612 0.0012768221266148125 -0.0094932212431415482 0.029292320834551629 0.087948475214531363 0.025201325874981625 0.0090499141769349537 0.056791065351729446 -0.070889073908221592
leaf_weight=8.8958178614266199 1.7574078142642964 2.1276422543451217 5.9892479568079642 1.6375968176871527 4.5807858946500337 3.88348096574191 45.389068696531467 2.632685884833335 9649.2978912000544 0.29898394553310881 0.38522514450596634 4.8909513391554338 4.3035831339657307 6.0755243599414852 13.554814904928206 93.410587623831816 13.483315376332028 1.421874865889549 1.0287271821871389 1.4657233446487214 4.8672098275274038 0.42268678080290556
leaf_count=404 12 27 129 21 67 57 727 16 46297 106 66 27 22 33 90 527 200 6 11 27 60 3
internal_value=-5.73183e-07 0.0075838 0.0228192 -0.000160537 0.00264859 -0.0423474 0.00762012 0.0291193 -6.74989e-05 -0.0250924 0.0233797 -3.18522e-05 -0.0273794 -6.09524e-06 0.0191612 -4.47149e-05 0.0173401 0.0637563 -0.0358538 -0.0419155 0.0597025 -0.0626228
internal_weight=9871.8 86.3484 29.1001 57.2483 55.4909 5.52108 49.9699 26.9725 9785.45 13.919 2.52877 9771.53 9.19453 9762.34 19.6303 9742.71 19.4726 1.72086 11.3903 10.3615 7.4999 0.807912
internal_count=48935 1316 432 884 872 78 794 405 47619 623 181 46996 49 46947 123 46824 329 112 442 431 76 69
is_linear=0
shrinkage=0.05


Tree=248
num_leaves=31
num_cat=0
split_feature=22 18 17 14 30 6 14 44 14 15 37 44 26 3 22 29 27 18 29 32 13 5 8 4 8 42 21 11 16 8
split_gain=1.97466 9.72007 6.66698 7.87877 7.69077 9.41876 9.34496 9.39161 7.88888 7.88015 7.49186 7.41608 9.23292 6.28526 7.46004 8.85862 6.26146 6.28989 6.20674 5.65658 4.55138 7.21519 4.38891 7.69359 5.70013 4.17622 4.0861 5.14821 3.30101 1.14638
threshold=0.25833333333333336 0.18333333333333332 0.18050000000000002 0.85950000000000004 1.3600000000000001 0.51950000000000018 1.6230000000000002 0.49150000000000005 1.7230000000000001 -0.98349999999999993 0.62050000000000016 0.45550000000000007 0.35900000000000004 0.87250000000000016 0.19999999999999998 2.0835000000000004 0.17300000000000001 0.23611111111111113 2.7000000000000006 0.59250000000000014 0.44600000000000006 0.71700000000000008 0.8500000000000002 0.91850000000000021 0.78888888888888908 0.26400000000000007 -7.4999999999999991 23.500000000000004 0.19600000000000004 0.25833333333333336
decision_type=2 2 2 2 2 2 2 2 2 2 2 2 2 2 2 2 2 2 2 2 2 2 2 2 2 2 2 2 2 2
left_child=1 13 3 11 5 9 7 -6 -8 -4 -7 -2 -13 26 18 -16 17 -5 -15 -18 21 25 24 -24 -22 -3 29 -28 -23 -1
right_child=2 20 4 16 6 10 8 -9 -10 -11 -12 12 -14 14 15 -17 19 -19 -20 -21 22 28 23 -25 -26 -27 27 -29 -30 -31
leaf_value=-0.07778276370377632 0.086582889284827463 -0.047238261569308014 -0.0024082558845676155 -0.0069894473379239945 -0.0045126533716691704 0.026097450685135033 0.01659404353645208 0.0039874254154739419 0.0035699280218936496 0.029478733625329989 -0.057557622762213351 -0.027798516728166845 0.046182536243868304 -0.0051242622712928849 -0.056930013135266723 0.026328003591459953 -0.0039601706959684659 -0.04467506928131109 -0.035100148692476595 0.009132435766733454 -0.00015984967544900927 -0.0013461566866539484 0.0030239176764467611 -0.035888692889859526 0.011814361157074418 -0.0013143166122236919 -0.026703861299379402 0.045470958098372705 0.11401554815790582 -0.041237891959963406
leaf_weight=4.342372037470339 4.2381621380336609 14.056373071965941 26.732434811070561 29.590344010852277 670.71601934620412 4.21232329495251 162.56870442815125 630.38687632681103 408.22924641822465 70.400313561083749 7.3398423623293638 7.7108365688473013 9.3084786855615658 57.734994625439867 3.6673610769212273 24.798227606341243 665.85265026643174 17.692229536361992 24.638004247099161 94.16451194579713 6730.6542854928703 1.1878608979750418 27.931057251989841 23.297865495085716 100.8769539790228 7.6417912393371799 33.004942016239511 2.6706509590148917 1.2973735593259332 4.2424933537840843
leaf_count=23 22 188 134 172 3066 22 743 2877 2119 349 38 45 54 286 19 119 3877 90 111 631 32752 38 128 110 480 131 266 16 8 21
internal_value=-4.05053e-07 -0.000446424 0.00112086 -0.00264516 0.00269634 0.0156268 0.00194558 -0.000394349 0.00727932 0.0207029 -0.0270541 0.0274017 0.0126644 -0.0128252 -0.00646473 0.0156015 -0.00343635 -0.0210907 -0.0140901 -0.00233802 -0.000168452 -0.0218216 -9.23706e-05 -0.0146727 1.6966e-05 -0.0310645 -0.0287533 -0.0213009 0.0588764 -0.0597229
internal_weight=9871.19 7062.04 2809.14 828.557 1980.59 108.685 1871.9 1301.1 570.798 97.1327 11.5522 21.2575 17.0193 155.099 110.839 28.4656 807.3 47.2826 82.373 760.017 6906.94 24.1834 6882.76 51.2289 6831.53 21.6982 44.2605 35.6756 2.48523 8.58487
internal_count=48935 34696 14239 4891 9348 543 8805 5943 2862 483 60 121 99 861 535 138 4770 262 397 4508 33835 365 33470 238 33232 319 326 282 46 44
is_linear=0
shrinkage=0.05


Tree=249
num_leaves=29
num_cat=0
split_feature=39 42 30 24 20 39 18 40 44 30 3 6 20 22 27 19 42 42 22 24 24 1 27 11 34 1 6 33
split_gain=2.09404 5.06522 5.47835 8.35562 9.01918 7.52515 5.89691 6.46671 6.09486 4.48841 5.39228 9.81503 6.48048 4.53505 6.66854 6.24133 4.48485 4.80656 9.56141 9.0446 7.11187 4.29747 9.49992 5.10058 4.0099 4.66879 6.65583 5.41856
threshold=2.5845000000000007 0.25150000000000006 1.5740000000000001 3.2865000000000006 -3.4999999999999996 2.5875000000000008 0.93333333333333346 0.75500000000000012 0.49250000000000005 1.5915000000000001 1.4820000000000004 0.40350000000000003 -6.4999999999999991 -0.5166666666666665 0.25850000000000006 1.8960000000000001 0.28950000000000004 0.27750000000000008 -0.066666666666666638 1.4495000000000002 2.3085000000000004 11.500000000000002 0.16050000000000003 1.5000000000000002 0.68350000000000011 24.500000000000004 0.41300000000000003 0.15300000000000002
decision_type=2 2 2 2 2 2 2 2 2 2 2 2 2 2 2 2 2 2 2 2 2 2 2 2 2 2 2 2
left_child=16 9 6 5 -5 -4 8 -8 -3 13 11 -11 -12 14 -2 -15 17 21 19 -19 -20 22 -1 -23 25 27 -27 -18
right_child=1 2 3 4 -6 -7 7 -9 -10 10 12 -13 -14 15 -16 -17 24 18 20 -21 -22 23 -24 -25 -26 26 -28 -29
leaf_value=-0.029822431309463139 -0.0036420299385713263 -0.0023786895664173013 -0.028400586755735216 0.00039424203939984075 0.026276628838373263 -0.0047314379832201509 0.029794959003268978 -0.004726026030504522 0.0020226992063573129 0.0057221231193068421 -0.011951252418366825 -0.057493011870673828 0.037011941835706386 -0.0077604007551690243 0.062999424877279428 -0.029188390948731859 -0.075484895185435372 -0.038169975375019823 -0.024082490324969855 0.024743095456839979 0.0050393037979365746 -0.043086358121852159 0.0040273279210549778 -0.00014240290861798873 0.032446400966638596 0.023372949899313759 -0.012509992062392431 -0.01462901035529994
leaf_weight=21.139144036220387 14.076715367147701 1242.3604828507014 35.042267159093171 184.27354362636106 41.180735029978678 805.13794894626335 35.409084954881109 21.991832305444404 2143.8025761266545 28.498945581639418 10.149622566066684 7.8265943466685703 20.222273534163833 221.39005936642207 5.11899828352034 40.144396852701902 3.842490844661369 6.1210220414213827 25.447593135184434 85.655629083979875 119.00625180033967 6.9279342219233504 1064.6419765395913 3544.1477689836174 5.8431477574631563 21.138165205717087 33.252342395484447 76.095267682205304
leaf_count=118 76 6033 160 1150 338 3757 278 178 10494 136 56 35 101 1036 29 183 23 47 160 401 560 35 6771 16099 35 93 149 404
internal_value=-5.11323e-07 -0.000740457 -0.000292244 -0.00342513 0.00512183 -0.00571863 0.000677251 0.016569 0.000407859 -0.00655773 0.00510162 -0.00789802 0.0206495 -0.00932782 0.0141295 -0.0110495 0.000716315 0.000969952 0.00792706 0.0205471 -9.09132e-05 0.000615513 0.0033683 -0.000226184 -0.0081014 -0.00986519 0.00143545 -0.0175543
internal_weight=9869.88 4856.63 4509.2 1065.63 225.454 840.18 3443.56 57.4009 3386.16 347.428 66.6974 36.3255 30.3719 280.73 19.1957 261.534 5013.26 4873.09 236.23 91.7767 144.454 4636.86 1085.78 3551.08 140.171 134.328 54.3905 79.9378
internal_count=48935 24040 22388 5405 1488 3917 16983 456 16527 1652 328 171 157 1324 105 1219 24895 24191 1168 448 720 23023 6889 16134 704 669 242 427
is_linear=0
shrinkage=0.05


Tree=250
num_leaves=22
num_cat=0
split_feature=22 26 1 13 24 6 44 20 27 23 22 4 1 30 18 18 24 4 4 44 7
split_gain=2.03145 4.9213 6.23604 6.33543 6.00881 5.53476 4.40142 4.26925 3.37628 3.3729 2.27638 10.6757 8.3451 5.6328 4.51733 11.9287 5.44854 1.94671 1.36356 0.993253 0.633062
threshold=-0.84999999999999998 0.19150000000000003 17.500000000000004 2.6835000000000004 0.97050000000000003 0.35150000000000003 0.51250000000000007 14.500000000000002 0.21000000000000002 -2.4499999999999997 -0.45555555555555544 0.96650000000000003 43.500000000000007 1.6580000000000001 0.70000000000000007 0.74166666666666681 1.9665000000000001 1.4915000000000003 2.8450000000000006 0.46500000000000008 0.24550000000000002
decision_type=2 2 2 2 2 2 2 2 2 2 2 2 2 2 2 2 2 2 2 2 2
left_child=1 2 3 8 7 6 -6 18 -1 17 11 12 -11 -13 16 -16 -12 -2 -3 -5 -19
right_child=9 4 -4 19 5 -7 -8 -9 -10 10 14 13 -14 -15 15 -17 -18 20 -20 -21 -22
leaf_value=-0.026370207691218103 0.0050079761091146998 -0.060149337958030381 0.02053338610002356 -0.021693268111236289 0.045087533969064196 -0.06035023797460231 -0.023972170818098163 0.064090293602358989 -0.066033872920434916 -0.031633896840315041 -0.0039167482294285658 0.0026676465025558893 0.052598351720723482 0.027663469253863506 -0.013522185620748176 0.00085136625483282335 0.00050077494921757797 0.034505281450729584 0.0056801017192470559 0.057261306110382215 0.075802337843711085
leaf_weight=13.03024460771122 2.9991726279258719 4.770630041370171 6.5959306359291068 0.49804906122153569 12.726885015494192 1.7868618220090855 2.8180632595904163 0.97136392444372166 9.1208594287745637 33.43519649351947 770.8049953449663 959.04965575039387 3.2239889800548545 23.081184511072934 225.50837365468033 401.05967059090472 7391.2478511761874 1.5777832106687131 0.94195900298655022 1.9895171775715423 2.253338610753417
leaf_count=92 17 149 28 18 197 8 39 21 91 211 4622 4572 14 114 1049 1876 35675 35 22 66 19
internal_value=-4.86085e-07 -0.00956111 -0.0226461 -0.0342055 0.00745704 0.0229884 0.0325681 -0.0328166 -0.042702 5.33365e-05 2.88748e-05 0.00226622 -0.0242261 0.00325508 -0.000230482 -0.00432182 8.35945e-05 0.0351771 -0.0492946 0.0414534 0.0587948
internal_weight=9869.49 55.2504 31.2346 24.6387 24.0158 17.3318 15.5449 6.68395 22.1511 9814.24 9807.41 1018.79 36.6592 982.131 8788.62 626.568 8162.05 6.83029 5.71259 2.48757 3.83112
internal_count=48935 731 295 267 436 244 236 192 183 48204 48133 4911 225 4686 43222 2925 40297 71 171 84 54
is_linear=0
shrinkage=0.05


Tree=251
num_leaves=27
num_cat=0
split_feature=39 19 14 4 2 3 26 26 43 27 44 25 24 26 39 8 5 44 4 5 42 41 5 41 37 40
split_gain=1.98704 9.00289 5.23878 5.90184 6.73216 4.5535 7.75488 5.30118 4.02654 2.76825 2.73239 4.96394 8.78059 6.33121 4.85632 5.03716 8.46148 7.5556 4.62972 6.22862 4.1365 5.19436 4.26072 3.31778 1.49276 0.566601
threshold=2.7625000000000006 0.39650000000000007 1.3585000000000003 2.0725000000000002 3.5000000000000004 1.7070000000000001 0.71750000000000014 0.63250000000000017 0.68900000000000006 0.24850000000000003 0.51350000000000018 513.50000000000011 1.2070000000000003 0.70100000000000018 2.5845000000000007 0.78888888888888908 1.2890000000000004 0.46250000000000008 0.25650000000000006 1.2035000000000002 0.28950000000000004 0.46950000000000003 1.1695000000000002 0.51050000000000006 0.50600000000000012 0.78800000000000014
decision_type=2 2 2 2 2 2 2 2 2 2 2 2 2 2 2 2 2 2 2 2 2 2 2 2 2 2
left_child=10 9 3 4 -3 7 -7 -4 -5 24 14 18 -13 -14 20 16 -16 -17 23 -20 21 -1 -22 -12 -2 -11
right_child=1 2 5 8 -6 6 -8 -9 -10 25 11 12 13 -15 15 17 -18 -19 19 -21 22 -23 -24 -25 -26 -27
leaf_value=-0.00040334738674290232 -0.015825693021385496 0.038823748489546672 -0.017381488850182075 0.078625338447557425 -0.0032503285791907056 0.0069144611818969959 -0.063984059949322644 0.034707901523716105 0.0090673145858206402 0.084042203690944575 -0.06723905597298882 0.09362091467422809 -0.01177079182068864 0.036178451085863178 -0.0021480364363662039 0.029246614135499362 -0.023998074326712766 0.0017509274139525062 0.0022525827331993822 0.018318899425621617 -0.0096771066172142341 0.0030332431627834774 0.030783515033389403 0.0014923670832015263 0.038077539350753475 0.051324188184508526
leaf_weight=2656.970645487716 2.1500088358297926 10.134568748413583 131.93187491036952 4.0042605586349946 153.65092377178371 51.031148624024354 4.1722609214484683 5.0722152963280669 4.3307112064212561 2.6007974376552738 4.0496148803358656 2.1160269845859139 121.87610183563083 7.2965123429894438 2706.7613258644778 27.162690333789214 45.045321824378334 311.6441983069526 1527.1624291561311 62.806169984105509 133.32292815524852 1875.8499684079652 6.8404969763942054 3.0998083905433305 3.1901936819776893 2.6938549964688718
leaf_count=13259 27 104 595 24 711 313 23 22 25 24 88 18 591 36 13088 146 289 1735 7353 380 655 9278 49 59 26 17
internal_value=-4.94378e-07 -0.00357048 -0.00489417 0.00144172 -0.000646907 -0.0105679 0.00155597 -0.015453 0.0424842 0.0417764 0.000140531 0.00193845 -0.00740732 -0.00906231 -0.00025974 -0.00179742 -0.00250571 0.0039553 0.00270671 0.00288723 0.000757251 0.00101884 -0.00770248 -0.0374389 0.0163757 0.0673957
internal_weight=9866.97 374.963 364.328 172.12 163.785 192.207 55.2034 137.004 8.33497 10.6349 9492 1728.41 131.289 129.173 7763.6 3090.61 2751.81 338.807 1597.12 1589.97 4672.98 4532.82 140.163 7.14942 5.3402 5.29465
internal_count=48935 1911 1817 864 815 953 336 617 49 94 47024 8525 645 627 38499 15258 13377 1881 7880 7733 23241 22537 704 147 53 41
is_linear=0
shrinkage=0.05


Tree=252
num_leaves=25
num_cat=0
split_feature=7 24 11 27 34 39 19 15 25 13 41 4 3 33 22 4 5 27 36 37 36 4 4 25
split_gain=1.94409 3.13647 3.2561 4.63607 6.08508 2.04715 8.23909 4.79165 9.76175 6.78036 2.84429 5.5445 8.01314 7.92908 3.43066 11.9989 4.16693 2.53411 1.82301 1.36179 0.473339 0.00472419 0.00067348 5.06483e-07
threshold=0.63050000000000017 3.8035000000000001 17.500000000000004 0.22450000000000003 0.41250000000000003 2.7625000000000006 0.39650000000000007 -0.33899999999999991 505.50000000000006 1.2195000000000003 0.51450000000000007 1.1060000000000001 1.9575000000000002 0.28600000000000003 -0.40833333333333327 0.96650000000000003 -0.22899999999999998 0.24850000000000003 0.45150000000000007 0.50600000000000012 0.45900000000000007 1.4915000000000003 1.9665000000000001 509.50000000000006
decision_type=2 2 2 2 2 2 2 2 2 2 2 2 2 2 2 2 2 2 2 2 2 2 2 2
left_child=5 2 3 18 -5 10 17 8 -8 -9 14 13 -13 -12 15 -1 -16 19 -2 -7 -19 -3 -23 -24
right_child=1 21 -4 4 -6 6 7 9 -10 -11 11 12 -14 -15 16 -17 -18 20 -20 -21 -22 22 23 -25
leaf_value=-0.028117022324140317 -0.068189751690629935 0.056314972638363006 0.047535563577618706 0.072194187571100965 -0.0090123731193763844 -0.014945588879814495 -0.065579670603705759 0.020813228985855983 -0.0090075517610336726 -0.0039812551077301151 0.0034065215976297305 0.0031022586765205723 0.02251208605091513 -0.0089840465413883464 -0.0022739973987757575 0.003902824610048255 0.00031345941256772302 0.080367624840862517 -0.027102721209369254 0.036632208017153313 0.050301792964875247 0.053246756423020236 0.050625699132761798 0.050547167395884912
leaf_weight=30.324732543667778 3.4762057840925982 0.82229025289416213 2.3283649906516066 2.436517944042861 43.355139159750252 2.1624568859115225 8.1373940110206586 32.00386183639057 121.19611433008686 199.15400128357578 286.96415441151476 1066.1136383877601 55.965375843283255 234.73024352965876 2361.2186686552013 831.54801648814464 4562.8214818086126 2.4956836953060701 12.086267795340971 3.1350956596434116 2.7532693665125407 0.33510048687458016 0.41693050821777433 0.40450607403181493
leaf_count=182 52 12 14 21 567 27 35 178 580 976 1489 4947 386 1196 11369 4344 22268 19 135 25 22 7 40 44
internal_value=-4.04757e-07 -0.00857519 -0.0105015 -0.012704 -0.00469147 5.70432e-05 -0.00358593 -0.00486033 -0.012567 -0.000548453 0.000200386 0.0020903 0.00407035 -0.00216847 -0.000198615 0.00277622 -0.000568909 0.0399746 -0.0362804 0.0155782 0.064597 0.0534176 0.0513577 0.050587
internal_weight=9866.39 65.6613 63.6825 61.3541 45.7917 9800.72 371.038 360.491 129.334 231.158 9429.69 1643.77 1122.08 521.694 7785.91 861.873 6924.04 10.5465 15.5625 5.29755 5.24895 1.97883 1.15654 0.821437
internal_count=48935 892 789 775 588 48043 1862 1769 615 1154 46181 8018 5333 2685 38163 4526 33637 93 187 52 41 103 91 84
is_linear=0
shrinkage=0.05


Tree=253
num_leaves=22
num_cat=0
split_feature=22 26 9 24 28 6 24 0 23 4 15 7 17 11 14 27 23 27 4 43 7
split_gain=1.94411 4.43016 5.78352 5.53593 5.04303 5.01166 4.4862 4.43121 3.13129 2.52568 2.48092 2.11826 7.50147 8.0762 7.85135 2.94709 5.73907 4.70192 1.80409 0.97286 0.607571
threshold=-0.84999999999999998 0.19150000000000003 0.86850000000000016 0.97050000000000003 0.62400000000000011 0.35150000000000003 1.9335000000000002 15.500000000000002 -2.4499999999999997 2.8450000000000006 1.8515000000000004 0.36550000000000005 0.075500000000000012 4.5000000000000009 1.2710000000000001 0.25750000000000006 -0.3329999999999998 0.23050000000000004 1.4915000000000003 0.72000000000000008 0.24550000000000002
decision_type=2 2 2 2 2 2 2 2 2 2 2 2 2 2 2 2 2 2 2 2 2
left_child=1 2 4 9 10 7 -6 -5 18 19 -1 15 14 -14 -13 17 -17 -10 -2 -3 -20
right_child=8 3 -4 5 6 -7 -8 -9 11 -11 -12 12 13 -15 -16 16 -18 -19 20 -21 -22
leaf_value=-0.086816914589636862 0.0053251037135215624 -0.0054917662761409941 0.023590893026832177 0.049167196493744209 -0.027113666541249692 -0.057479500854156096 0.049420614236974789 -0.0086509049957825459 -0.00038772879562555605 0.024581214878681257 -0.023757667531795604 -0.0045920425062218094 -0.014929669740115803 -0.0015725710387730144 0.022506979842524324 -0.005388664484420113 0.0002371499892654472 0.0024085060679214535 0.033416795678980253 -0.060561633815885946 0.074467206059925017
leaf_weight=5.0126592110609698 2.9960880801081649 1.0036873195786054 5.7254265323281279 10.543969777005261 15.917189275845887 1.7865564823150624 2.1765510789409737 4.8327504164772099 3238.283393444668 1.4952333625406025 2.2643268654355779 47.251586446189322 126.40594284277904 1080.5898194755428 61.539426224073395 601.30014001950622 1842.1127470516367 2806.1252313441946 1.5381862930953505 3.9905669318977743 2.1771819852292538
leaf_count=47 17 40 26 199 132 8 52 37 15601 38 38 287 1360 5275 362 2942 9025 13281 35 114 19
internal_value=-3.76903e-07 -0.00939618 -0.0218007 0.00691195 -0.0320442 0.021786 -0.0179071 0.0309955 5.20587e-05 -0.0324267 -0.0671952 2.86862e-05 -0.001838 -0.00297143 0.010737 0.000318061 -0.00114731 0.000910427 0.0341929 -0.0494943 0.0574721
internal_weight=9865.07 54.7489 31.0962 23.6528 25.3707 17.1633 18.0937 15.3767 9810.32 6.48949 7.27699 9803.61 1315.79 1207 108.791 8487.82 2443.41 6044.41 6.71146 4.99425 3.71537
internal_count=48935 731 295 436 269 244 184 236 48204 192 85 48133 7284 6635 649 40849 11967 28882 71 154 54
is_linear=0
shrinkage=0.05


Tree=254
num_leaves=22
num_cat=0
split_feature=24 20 21 39 23 24 15 27 24 15 9 11 7 18 35 21 41 28 40 36 4
split_gain=1.91273 2.02403 7.92347 7.83789 6.96833 4.66569 6.99125 7.36481 4.74942 8.92361 4.75601 4.15902 9.3261 4.14335 2.62557 1.46112 2.17303 6.91154e-05 4.18334e-05 2.29634e-05 2.17437e-05
threshold=5.5360000000000005 -6.4999999999999991 12.500000000000002 2.3915000000000002 0.72750000000000026 2.1425000000000005 -0.38699999999999996 0.25000000000000006 3.1255000000000002 -1.0409999999999997 1.5540000000000003 6.5000000000000009 0.39650000000000007 0.59166666666666679 0.69150000000000011 5.5000000000000009 0.48200000000000004 0.10650000000000001 0.71500000000000008 0.52650000000000008 0.96650000000000003
decision_type=2 2 2 2 2 2 2 2 2 2 2 2 2 2 2 2 2 2 2 2 2
left_child=1 5 11 -4 -5 6 14 -8 9 -7 -10 12 -3 -13 -1 17 -17 -2 19 -19 -20
right_child=15 2 3 4 -6 8 7 -9 10 -11 -12 13 -14 -15 -16 16 -18 18 20 -21 -22
leaf_value=0.12062083961137847 0.051772146192586216 0.0073438817346028048 0.067838038389386027 0.0034828960236487094 0.02424032256083376 -0.025061157220561261 -0.0037530719391851448 0.12475792346397202 0.010398208491931094 -0.0032508514703597051 -0.00062606216378993586 -0.0013114793726978101 -0.0065258491227328207 0.0011724389104963246 -0.038199242528769689 0.054565337771730331 -0.028494217745773799 0.051124227188360905 0.050703585310923227 0.05057127657929851 0.050370144594728578
leaf_weight=0.28830329875927452 0.16050743032246773 485.95802665420342 5.5389716923236838 198.83057832345366 50.751978382468224 50.1952172992751 1.8118489322951052 2.8981347596272826 107.29216242395341 714.02051393035799 1109.6186575540341 4142.7455486003309 161.47244094863709 2822.8414682140574 2.6721652037231252 1.283852859400213 2.0366268297657371 0.71804617415182326 1.358833928126842 0.25424037472112104 0.76370562950614829
leaf_count=35 6 3650 24 892 237 279 27 29 535 3228 5641 19136 1585 13091 126 27 29 49 109 36 164
internal_value=-3.42464e-07 -1.83264e-05 0.000341893 0.00900945 0.00770387 -0.00144344 0.0374771 0.075322 -0.00159413 -0.0046834 0.000345922 5.14326e-05 0.0038847 -0.000304858 -0.0227327 0.026957 0.00362049 0.0507605 0.050708 0.0509796 0.0505836
internal_weight=9863.51 9856.94 7868.14 255.122 249.583 1988.8 7.67045 4.70998 1981.13 764.216 1216.91 7613.02 647.43 6965.59 2.96047 6.57581 3.32048 3.25533 3.09483 0.972287 2.12254
internal_count=48935 48515 38615 1153 1129 9900 217 56 9683 3507 6176 37462 5235 32227 161 420 56 364 358 85 273
is_linear=0
shrinkage=0.05


Tree=255
num_leaves=31
num_cat=0
split_feature=40 6 37 39 42 22 26 21 18 30 4 14 13 22 44 42 39 17 15 59 41 5 5 42 7 25 5 29 30 26
split_gain=1.90981 6.08462 14.0971 7.6977 7.4909 7.21455 6.17757 11.7073 6.19242 5.84405 12.4194 8.90254 8.67093 4.67815 9.01232 5.10672 3.84978 7.47957 6.47241 6.85232 6.29651 7.7268 7.80777 7.51957 7.23209 5.78436 5.52117 5.21542 5.88354 4.54771
threshold=0.75850000000000006 0.6130000000000001 0.47150000000000003 2.6520000000000006 0.27750000000000008 0.45555555555555566 0.68450000000000022 9.5000000000000018 0.12222222222222222 1.5430000000000004 1.1835000000000002 0.96350000000000013 1.3585000000000003 0.70000000000000018 0.52150000000000019 0.25150000000000006 2.6900000000000008 0.31100000000000005 -0.27099999999999996 12.500000000000002 0.50700000000000012 -0.59649999999999992 -0.38699999999999996 0.28800000000000003 0.36200000000000004 506.50000000000006 1.3390000000000002 3.0725000000000002 1.6040000000000003 0.7320000000000001
decision_type=2 2 2 2 2 2 2 2 2 2 2 2 2 2 2 2 2 2 2 2 2 2 2 2 2 2 2 2 2 2
left_child=16 9 3 5 -5 -3 8 -8 -4 13 12 -12 -11 15 -15 -2 20 18 26 -20 23 25 -23 29 -25 -22 -18 28 -19 -1
right_child=1 2 6 4 -6 -7 7 -9 -10 10 11 -13 -14 14 -16 -17 17 27 19 -21 21 22 -24 24 -26 -27 -28 -29 -30 -31
leaf_value=0.00051088148310464421 -0.0070300072525435828 0.052550289068146544 0.025957407691634779 -0.0088607265207663877 0.026577812137756368 0.00023138457829403942 0.059039392925526318 -0.053486665988900707 -0.0043272446409871879 -0.025236788233642268 -0.01404235244882341 0.0020713743583484169 -0.0054945869935071872 0.068179089789415392 -0.021027714037452377 0.0012592900987366945 -0.0097683068034910073 -0.015341845632540341 -0.0092000282913825872 0.0093880064083369606 -0.0051463004509525664 -0.01091238378646167 0.0039359005460551273 -0.0032440570683277877 -0.019965993869283417 0.016182027913292568 0.039613727414183876 0.031089601659600199 -0.059079378546858699 0.021828742286357866
leaf_weight=5646.2950177974926 232.87824451537745 26.64143596123904 19.705178397940472 27.711490034474991 32.282977809372824 8.7544102084357274 2.8208935111761084 12.800149671733378 117.70251232979354 114.48006122976221 109.72859923262149 391.6894408314256 108.17041424103081 6.8640096038579923 4.8190071880817413 919.09330765253981 175.59915547363926 78.73095634571655 68.515329835296143 179.40542062697932 38.359647326171398 101.91155977314338 674.51054166029644 456.37147436238592 75.332389452727512 185.59770559851313 5.8487437391886479 5.3848207332193843 8.52120728115551 25.128926742821932
leaf_count=28102 1082 143 189 164 201 72 25 62 594 572 511 1923 490 30 21 4432 859 448 387 823 185 486 3339 2197 402 950 51 29 48 118
internal_value=-3.93566e-07 -0.00132363 0.00603248 0.0211186 0.0102087 0.0396103 -0.00337143 -0.0331664 1.57763e-05 -0.00229168 -0.00581847 -0.0014549 -0.0156454 -9.71778e-05 0.0313831 -0.000416443 0.000365489 -0.00378079 -0.00100077 0.00425102 0.000665951 0.004347 0.00198695 7.23086e-05 -0.00561324 0.0125289 -0.00817654 -0.0166661 -0.0196133 0.000605337
internal_weight=9861.66 2136.14 248.419 95.3903 59.9945 35.3958 153.029 15.621 137.408 1887.72 724.069 501.418 222.65 1163.65 11.683 1151.97 7725.51 522.006 429.369 247.921 7203.51 1000.38 776.422 6203.13 531.704 223.957 181.448 92.637 87.2522 5671.42
internal_count=48935 10511 1450 580 365 215 870 87 783 9061 3496 2434 1062 5565 51 5514 38424 2645 2120 1210 35779 4960 3825 30819 2599 1135 910 525 496 28220
is_linear=0
shrinkage=0.05


Tree=256
num_leaves=26
num_cat=0
split_feature=3 20 24 36 29 4 31 44 8 19 13 41 26 42 8 7 26 7 1 2 36 41 7 24 13
split_gain=1.87714 5.2397 6.45326 4.8307 6.20263 4.09759 4.66976 5.05247 2.48916 4.54311 5.26911 5.5336 4.53705 4.11115 3.10114 8.91084 8.19235 6.26797 3.05809 8.00073 4.59841 1.78507 1.31448 1.02928 0.314984
threshold=0.33900000000000002 6.5000000000000009 1.7970000000000004 0.34200000000000003 2.0985000000000005 1.3965000000000003 0.72750000000000015 0.49700000000000005 1.0000000180025095e-35 0.96100000000000008 2.1835000000000004 0.44900000000000007 0.38100000000000006 0.24050000000000002 0.18333333333333332 0.27100000000000007 0.36250000000000004 0.27900000000000008 5.5000000000000009 7.5000000000000009 0.31750000000000006 0.47050000000000003 0.24550000000000002 2.6650000000000005 1.2405000000000002
decision_type=2 2 2 2 2 2 2 2 2 2 2 2 2 2 2 2 2 2 2 2 2 2 2 2 2
left_child=1 5 3 22 -5 6 23 -8 9 12 11 -11 -2 -12 15 16 -10 -17 19 -16 -20 -7 -3 -1 -23
right_child=8 2 -4 4 -6 21 7 -9 14 10 13 -13 -14 -15 18 17 -18 -19 20 -21 -22 24 -24 -25 -26
leaf_value=-0.054612538978929828 0.011575357218865488 -0.074767514720153597 0.078547765520779272 0.068456106851614129 -0.0039433268745092103 -0.018630918637721327 0.066741197572771929 -0.057387969710966075 -0.004856732089767786 0.0356982211481413 -0.057082192071869868 -0.0021039731057111897 0.073190565537137028 0.055481121214171696 0.0020280690364204192 0.025987133318399455 -0.023334775391556099 0.00051889364809205982 0.013877554799234216 0.02416477102675358 -0.00010059192921089094 -0.059304613905991205 -0.023475725087913388 0.019394355721421008 -0.081865403766710892
leaf_weight=3.3538612141564985 7.7690032944083196 2.6875333888456217 2.4643862247467032 3.1477337239775798 49.162578094634227 2.6683982107788307 2.9499523218109971 1.1352604886415063 284.61074515478685 10.61368813831359 0.91399182251188715 110.14890212658793 4.8546495325863361 7.2102762603899464 441.42615328298416 26.020932987332344 76.002313008531928 337.52008584444411 59.253172791562974 44.976055677980185 8371.9661326193018 4.752175266854465 2.3337912906426936 0.54635285958647717 2.2938986867666245
leaf_count=187 35 27 13 46 523 27 87 43 1300 64 30 629 23 164 3872 118 378 1776 298 211 38992 57 20 4 11
internal_value=-2.70936e-07 -0.00775142 -0.00067794 -0.00408344 0.000413255 -0.0316479 -0.00511352 0.0322463 6.11279e-05 0.00664434 0.00384059 0.00121842 0.0352706 0.0428176 -3.54927e-05 -0.00318224 -0.00875114 0.00234182 0.000220038 0.00407498 -2.3559e-06 -0.0534596 -0.0509283 -0.0442454 -0.0666494
internal_weight=9860.78 77.4959 59.796 57.3316 52.3103 17.6999 7.98543 4.08521 9783.29 141.511 128.887 120.763 12.6237 8.12427 9641.78 724.154 360.613 363.541 8917.62 486.402 8431.22 9.71447 5.02132 3.90021 7.04607
internal_count=48935 1045 629 616 569 416 321 130 47890 945 887 693 58 194 46945 3572 1678 1894 43373 4083 39290 95 47 191 68
is_linear=0
shrinkage=0.05


Tree=257
num_leaves=29
num_cat=0
split_feature=14 14 20 17 1 7 5 14 6 6 11 3 42 25 39 42 21 3 31 6 9 3 4 11 3 32 30 24
split_gain=1.88773 9.15563 7.72355 7.60783 8.54732 7.01501 7.15414 6.49582 10.9492 8.98472 9.07501 8.45077 6.9615 6.20643 6.05163 7.6254 8.05621 6.09205 5.4163 5.28191 11.6301 7.4809 5.17034 4.65243 3.29826 1.89655 1.88594 0.0851866
threshold=1.6230000000000002 1.7110000000000001 -12.499999999999998 0.23900000000000002 12.500000000000002 0.30200000000000005 0.83650000000000013 1.768 0.68600000000000005 0.16350000000000003 8.5000000000000018 1.1775000000000002 0.32300000000000006 509.50000000000006 2.6230000000000007 0.24050000000000002 -1.0000000180025095e-35 1.1455000000000002 0.79550000000000021 0.55100000000000016 2.1130000000000009 1.6730000000000003 1.0000000180025095e-35 1.0000000180025095e-35 0.96250000000000002 0.62500000000000011 1.4060000000000004 3.9970000000000003
decision_type=2 2 2 2 2 2 2 2 2 2 2 2 2 2 2 2 2 2 2 2 2 2 2 2 2 2 2 2
left_child=2 14 3 5 -5 6 -1 8 12 10 -9 -11 -3 -6 15 17 -17 -2 -10 21 -21 -16 25 26 -25 27 -24 -4
right_child=1 7 22 4 13 -7 -8 9 18 11 -12 -13 -14 -15 19 16 -18 -19 -20 20 -22 -23 23 24 -26 -27 -28 -29
leaf_value=-0.036008347839523384 -0.020464936744129723 -0.010947275903760455 -0.055074752122558371 0.036951725854384602 -0.0095370452074548372 0.063401052253877807 0.013265974473230097 -0.0008404720112475929 0.011664171200126717 -0.0067071890233078336 0.029439756727046313 0.0027067294490138753 0.037658872568551799 -0.041709166223779875 0.00025047178598649425 0.033844123446501694 0.011081377689853237 0.0078586842450760995 0.070160325895873191 -0.041090680746132445 0.013910934484826498 0.037497912743412756 0.076110275033207372 -0.0019302833986342229 0.00043994070255893729 0.031112780823319933 0.016002208059634402 -0.078088648302882785
leaf_weight=11.206233143806456 29.130359185859561 273.42986394651234 4.8198816104195421 5.3418688643723717 24.859413601458073 4.4339348077774039 21.498385493643582 46.087947827210883 12.34960742108524 348.65863548964262 53.429391473531723 753.80772195378086 7.5704456344246855 37.761851213872433 127.01438894495368 48.01451094634831 204.10884938761592 54.509932218119502 5.8231016360223284 21.574866352602839 17.332229244057089 15.080908272415398 2.697406356688588 1970.1221379227354 5755.7043896603282 0.69103418415761542 2.5280007356777787 0.43869522213935841
leaf_count=49 141 1267 388 31 110 19 101 420 67 1598 247 4836 35 163 578 232 950 242 39 108 98 83 16 10334 26738 18 25 2
internal_value=-3.78241e-07 0.00136347 -0.000351321 -0.0138144 -0.0237586 0.00438346 -0.00361787 -0.000612576 -0.00720526 0.00102834 0.0154165 -0.000270453 -0.00963777 -0.0289375 0.00710368 0.0110764 0.0154163 -0.00200591 0.0304082 -0.000265755 -0.0165887 0.00420363 -0.000168435 -0.000132579 -0.000164478 -0.0467612 0.0470306 -0.0569947
internal_weight=9860.03 2017.92 7842.1 105.102 67.9631 37.1386 32.7046 1501.16 299.173 1201.98 99.5173 1102.47 281 62.6213 516.766 335.764 252.123 83.6403 18.1727 181.002 38.9071 142.095 7737 7731.05 7725.83 5.94961 5.22541 5.25858
internal_count=48935 10941 37994 473 304 169 150 8509 1408 7101 667 6434 1302 273 2432 1565 1182 383 106 867 206 661 37521 37113 37072 408 41 390
is_linear=0
shrinkage=0.05


Tree=258
num_leaves=24
num_cat=0
split_feature=39 11 30 42 11 33 10 8 14 39 27 30 37 13 8 21 40 9 23 19 40 14 40
split_gain=1.85558 5.07241 4.20097 7.63291 12.243 7.01977 5.99532 7.93612 6.14198 3.5878 5.82786 5.42526 5.18256 3.64168 3.58714 7.28106 2.49093 4.49122 7.25341 4.87664 3.23794 9.46611 6.14284
threshold=2.4185000000000003 54.500000000000007 1.4720000000000002 0.22300000000000003 21.500000000000004 0.18450000000000003 13.500000000000002 0.59166666666666679 1.5580000000000003 2.4340000000000006 0.24450000000000002 1.4705000000000001 0.43150000000000005 0.98350000000000015 0.29999999999999999 -6.4999999999999991 0.68100000000000016 0.87750000000000006 -0.56449999999999989 1.3550000000000002 0.69700000000000006 0.85450000000000015 0.71500000000000008
decision_type=2 2 2 2 2 2 2 2 2 2 2 2 2 2 2 2 2 2 2 2 2 2 2
left_child=1 2 3 5 -5 -1 8 -8 -4 10 14 13 -13 -12 -2 -16 17 19 -19 -11 21 -18 -22
right_child=9 -3 6 4 -6 -7 7 -9 -10 16 11 12 -14 -15 15 -17 20 18 -20 -21 22 -23 -24
leaf_value=0.013917534599637306 -0.063559920055055161 0.054319272361726782 0.0060044320771615338 -0.074413620083300075 0.01871477311589503 -0.014414380347645091 0.048479286285076133 0.0030482122101926612 -0.025021411992213517 0.037207616970664235 0.0082791221849042793 -0.021973329911859227 0.0527313856917365 -0.04720805706523247 0.045924296525029155 -0.034682799917633539 -0.011944330777133088 -0.043460848232290905 -0.0060241435094409261 -0.006734804610668315 -0.0035384206600518235 0.005710456942955181 0.00031624803682594489
leaf_weight=45.089454530680086 6.2100615836679962 4.8734031170606604 166.31343525704142 9.1596182035282236 5.7410652525722972 42.442882725030358 18.379725150763988 20.152323917020112 17.643743938999251 11.160924587398769 6.002409756183626 3.3487036451697332 7.5692675035679713 5.8282889248803258 3.445103704929358 14.995524396654213 87.368804847501451 14.793085450306533 103.2096743209986 14.538248925702645 1199.5211117350336 579.67479659197852 7470.2118134591801
leaf_count=259 31 21 805 50 30 225 88 101 95 55 31 18 36 31 16 77 506 70 505 82 6003 2814 36986
internal_value=-3.23767e-07 0.00368689 0.00292747 -0.00545148 -0.0385323 0.00017989 0.0067851 0.0247188 0.00302867 -0.000127952 -0.0138499 0.00440062 0.0298183 -0.0190561 -0.0306922 -0.0196237 -5.93467e-05 -0.00659219 -0.0107173 0.012349 4.12e-05 0.00339805 -0.000217074
internal_weight=9857.67 329.796 324.922 102.433 14.9007 87.5323 222.489 38.532 183.957 9527.88 47.3994 22.7487 10.918 11.8307 24.6507 18.4406 9480.48 143.702 118.003 25.6992 9336.78 667.044 8669.73
internal_count=48935 1674 1653 564 80 484 1089 189 900 47261 240 116 54 62 124 93 47021 712 575 137 46309 3320 42989
is_linear=0
shrinkage=0.05


Tree=259
num_leaves=17
num_cat=0
split_feature=11 11 27 10 2 15 26 15 18 33 7 30 21 34 14 42
split_gain=1.8507 5.11076 2.41906 1.93918 5.9178 6.39909 6.65819 5.4719 4.31416 9.08134 9.5672 7.81243 4.91811 6.23115 4.17751 1.60244
threshold=64.500000000000014 67.500000000000014 0.23150000000000004 1.5000000000000002 29.500000000000004 0.89100000000000013 0.24850000000000003 1.1455000000000002 0.70000000000000007 0.38650000000000007 0.15900000000000003 1.3745000000000001 -34.499999999999993 0.49850000000000005 0.91850000000000021 0.27000000000000007
decision_type=2 2 2 2 2 2 2 2 2 2 2 2 2 2 2 2
left_child=3 2 -2 4 5 6 -1 -7 12 11 -11 -10 13 -5 -14 -6
right_child=1 -3 -4 8 15 7 -8 -9 9 10 -12 -13 14 -15 -16 -17
leaf_value=-0.017157040014553451 -0.013867574431388939 0.024340350891941889 -0.064767867828525991 0.066035789583776441 0.054431564771586984 0.011626189330601838 0.0048293442598234069 0.00029153433957791822 -0.025170720899567307 0.0058707863854364547 -0.030089730060842292 -0.0008470907735140757 -0.003173981425300074 -0.0039332529815326268 0.00054646875350600405 0.016585187822083066
leaf_weight=76.311848811805248 4.6257947832345945 4.7077522575855246 4.7119893282651901 6.4045544266700727 6.6020801067352277 184.38153025484644 62.747631907463074 252.0132866584463 34.355553570436314 26.93228072184138 59.045121602714062 844.02274931834108 839.66826643984678 6.3238356709480286 7439.8296279520146 4.8525931835174561
leaf_count=344 20 21 21 28 29 840 287 1341 198 175 273 4294 4755 27 36261 21
internal_value=-3.74327e-07 -0.0181371 -0.0395526 2.55047e-05 0.00281255 0.0021042 -0.00723615 0.00508055 -0.000151207 -0.00331647 -0.0188252 -0.00179845 0.000216902 0.0312731 0.000169158 0.0383985
internal_weight=9857.54 14.0455 9.33778 9843.49 586.909 575.454 139.059 436.395 9256.58 964.356 85.9774 878.378 8292.23 12.7284 8279.5 11.4547
internal_count=48935 62 41 48873 2862 2812 631 2181 46011 4940 448 4492 41071 55 41016 50
is_linear=0
shrinkage=0.05


Tree=260
num_leaves=31
num_cat=0
split_feature=30 4 16 30 15 6 21 1 15 2 29 4 24 42 2 33 41 14 17 1 44 21 11 1 17 24 13 28 40 5
split_gain=1.83311 5.80483 11.0998 8.89767 12.9805 8.61525 8.99734 8.75916 8.5817 8.1427 7.67532 7.62341 7.38518 8.25613 4.58218 3.75339 6.52296 9.43253 8.09876 7.39153 6.40135 5.64087 4.10751 8.20845 6.79841 5.96705 4.3437 7.10872 6.15167 3.71161
threshold=1.5430000000000004 1.1275000000000002 0.53100000000000014 1.6040000000000003 0.71100000000000008 0.53100000000000014 15.500000000000002 47.500000000000007 -0.77549999999999997 27.500000000000004 3.2000000000000006 1.1695000000000002 3.4560000000000004 0.31950000000000006 3.5000000000000004 0.29950000000000004 0.52150000000000019 0.91850000000000021 0.039000000000000007 6.5000000000000009 0.52950000000000019 31.500000000000004 38.500000000000007 57.500000000000007 0.42600000000000005 2.8265000000000007 1.0545000000000002 0.13400000000000004 0.81300000000000006 -0.50849999999999984
decision_type=2 2 2 2 2 2 2 2 2 2 2 2 2 2 2 2 2 2 2 2 2 2 2 2 2 2 2 2 2 2
left_child=15 2 3 8 -5 7 10 14 -2 -8 -7 -9 13 -4 -3 22 19 29 -19 20 -17 -21 26 24 -24 -25 27 -1 -28 -18
right_child=1 5 12 4 -6 6 9 11 -10 -11 -12 -13 -14 -15 -16 16 17 18 -20 21 -22 -23 23 25 -26 -27 28 -29 -30 -31
leaf_value=0.010151542218239074 0.00069792363084480535 0.011767633023275921 0.0050673845141952197 0.0026326171916534781 -0.040537473122536673 0.011213861564665391 -0.019460426509302648 0.016669791932146422 -0.011340618992580875 0.026107387207479911 0.042629716789313349 -0.049308884049230992 0.045783025981967887 -0.048518728754840541 -0.0004245865084256428 -0.015828272813222882 0.075309506095016854 0.058119650581707483 -0.024580531775371339 0.0099140910248961336 0.039972284532011793 -0.042340234307266342 -0.0040883183691602706 0.062057971713012139 -0.06144264654536629 0.0048238930418813769 0.0019387424600954108 -0.001616541659346377 0.03640054448851459 0.0091532341504168072
leaf_weight=136.56542610391625 195.09209820907563 79.998873755132081 289.6910617579706 383.02420384538709 18.242008038796484 161.0678338885773 40.22422906011343 5.994128584861758 613.73958370312175 12.963245317339895 22.110800181282684 16.238644823431969 10.824566221795974 7.3709623597096643 2099.9729877584614 50.647474292163679 3.6699609570205212 3.1602797158993772 46.798882192932069 383.14441876579076 5.7201405141968271 5.2352267503738394 615.98558201640844 7.9084811359643963 5.2104205787181845 10.73629270493984 2479.7753138713306 2127.3710338744495 13.017604710534213 5.0203439341858012
leaf_count=676 1160 816 1367 2013 88 929 209 26 2945 66 141 73 82 36 9615 362 18 29 220 1729 41 24 2726 34 25 46 11823 11534 58 24
internal_value=-3.39483e-07 -0.000833001 -0.00326039 -0.00541705 0.000670057 0.000678026 0.00974939 -0.000295618 -0.00843689 -0.0083543 0.015006 -0.0315205 0.00521597 0.00373776 2.28339e-05 0.000558049 0.0046872 -0.0109861 -0.0193491 0.00675407 -0.0101657 0.00920972 0.000172878 -0.00358826 -0.00456939 0.0291006 0.000678798 -0.000906666 0.00211871 0.0370914
internal_weight=9856.52 3956.56 1517.98 1210.1 401.266 2438.57 236.366 2202.2 808.832 53.1875 183.179 22.2328 307.887 297.062 2179.97 5899.97 503.397 58.6495 49.9592 444.747 56.3676 388.38 5396.57 639.841 621.196 18.6448 4756.73 2263.94 2492.79 8.6903
internal_count=48935 19566 7691 6206 2101 11875 1345 10530 4105 275 1070 99 1485 1403 10431 29369 2447 291 249 2156 403 1753 26922 2831 2751 80 24091 12210 11881 42
is_linear=0
shrinkage=0.05


Tree=261
num_leaves=20
num_cat=0
split_feature=22 24 1 10 41 6 1 41 28 23 8 15 7 8 13 41 14 21 37
split_gain=1.87036 4.00828 7.88578 5.14235 3.87565 4.31377 6.18408 3.78123 3.73355 2.87446 2.33955 9.25597 5.54462 3.11102 8.28755 2.91835 1.76362 3.53225 1.25268
threshold=-0.84999999999999998 1.7510000000000001 11.500000000000002 1.5000000000000002 0.44500000000000006 0.34550000000000003 17.500000000000004 0.48400000000000004 0.48700000000000004 -2.4499999999999997 1.0000000180025095e-35 1.0930000000000002 0.15200000000000002 0.18333333333333332 0.71700000000000008 0.44500000000000006 0.82700000000000007 -5.4999999999999991 0.55150000000000021
decision_type=2 2 2 2 2 2 2 2 2 2 2 2 2 2 2 2 2 2 2
left_child=1 2 3 8 -3 6 -6 -5 -1 16 11 12 -11 14 -12 -15 17 -2 -13
right_child=9 4 -4 7 5 -7 -8 -9 -10 10 13 18 -14 15 -16 -17 -18 -19 -20
leaf_value=0.051845495207787064 -0.036827143439896043 -0.074950539363256449 -0.073536843280312611 -0.0074800024763921717 0.0014671357777990193 -0.048738894794016017 0.06847694251455512 -0.05925488587935878 -0.0036471230331198965 -0.005680563392487523 -0.030680642314027631 0.074861515035659423 0.01578797488809245 -0.0028637236526572393 -0.0021661811740854341 0.00046220559737532026 0.067359540104612217 0.05528498625767906 0.035529642017756789
leaf_weight=4.0956736654043224 1.9028715733438728 1.2618245749035875 5.6011325120925894 7.8754095365293306 9.5838081846013683 2.2484301328659049 5.3734335303306571 6.3858658911194652 11.660432307980953 72.533825353719294 26.438106827030424 4.6953740753233415 51.378428686410189 717.14500546588533 704.7306771769654 8213.3636666747334 2.389299119822681 2.2972772615030399 3.558655072003603
leaf_count=34 13 23 24 133 245 10 24 140 98 412 315 34 228 3563 3416 40146 26 32 19
internal_value=-1.76152e-07 -0.00927263 -0.0190737 -0.00891106 0.00963079 0.0158338 0.0255406 -0.0306636 0.0107777 5.09961e-05 2.87848e-05 0.0066361 0.00322106 -6.15995e-05 -0.00319723 0.000195124 0.0330634 0.0135537 0.0579039
internal_weight=9854.52 54.086 35.6185 30.0174 18.4675 17.2057 14.9572 14.2613 15.7561 9800.43 9793.84 132.166 123.912 9661.68 731.169 8930.51 6.58945 4.20015 8.25403
internal_count=48935 731 429 405 302 279 269 273 132 48204 48133 693 640 47440 3731 43709 71 45 53
is_linear=0
shrinkage=0.05


Tree=262
num_leaves=31
num_cat=0
split_feature=9 24 5 5 27 8 15 23 17 36 15 41 17 15 16 27 42 28 31 14 17 29 42 4 32 25 23 1 5 27
split_gain=1.857 8.42531 13.1166 10.358 9.62687 6.45432 9.89475 7.83726 7.63417 7.52728 6.04841 6.12127 12.2371 5.7185 9.84045 5.6064 5.57292 9.25849 6.79944 5.50131 14.5483 5.48601 5.19677 10.0276 9.70001 5.22822 5.16527 5.05735 9.33744 6.62948
threshold=1.5475000000000001 2.9535000000000005 0.14550000000000002 0.31100000000000005 0.28000000000000008 0.36666666666666675 0.41550000000000004 0.36600000000000005 0.21250000000000002 0.59600000000000009 -1.0409999999999997 0.52950000000000019 0.19600000000000004 -0.37249999999999994 0.35500000000000004 0.27050000000000007 0.27350000000000008 0.36650000000000005 0.68500000000000016 1.8835000000000002 0.11300000000000002 2.8980000000000001 0.22850000000000004 1.1060000000000001 0.62650000000000017 511.50000000000006 -0.29399999999999987 16.500000000000004 0.28300000000000008 0.29300000000000004
decision_type=2 2 2 2 2 2 2 2 2 2 2 2 2 2 2 2 2 2 2 2 2 2 2 2 2 2 2 2 2 2
left_child=1 10 13 15 -5 6 7 9 -9 -2 11 26 -13 14 -3 -4 18 -18 -8 -12 -21 -15 23 25 -25 -7 -1 29 -29 -24
right_child=5 2 3 4 -6 22 16 8 -10 -11 19 12 -14 21 -16 -17 17 -19 -20 20 -22 -23 27 24 -26 -27 -28 28 -30 -31
leaf_value=-0.062154301986290461 -0.023565265128798963 0.00023174703985205634 0.031357423811372957 0.0098221103304233833 -0.039983312308089602 -0.003894087219508964 0.060731824950958115 0.014919959466970887 -0.017498576160764539 -0.076109385928605111 -9.8398004517377658e-05 0.085579895953806356 -0.024392498656745969 0.025708744825845217 -0.035366539984495821 -0.0029846214024580597 -0.014206111688987924 0.046855468333173951 -0.0095605396229757333 0.053696323558209538 0.00093761957203004507 -0.0019884321319872159 -0.0059449793381225087 0.026807484709645703 -0.022604420500242795 0.011470045675049848 -0.013130367264340116 -0.0083081129041552518 0.0011945642302292161 0.013305158695464489
leaf_weight=5.7240247447043648 55.9521404504776 386.3906528709922 90.993806255050004 133.90080355736427 10.460161680355666 188.54126826697029 3.7131409570574752 27.439177741995081 53.700144477188587 7.7614936381578437 5155.1144209411723 4.5608537606894952 5.6798217380419374 41.110233170678839 20.440152193652466 13.669564276933668 9.9412533491849917 16.530473306775093 46.820472544059157 17.365869745612144 52.780624948441982 31.636580346414121 674.68360462487908 74.694243127480149 11.455556347966192 78.392501923604868 87.615977461682633 292.83426232635975 2205.3926786929369 47.900461687706411
leaf_count=36 249 1868 441 716 56 942 19 141 246 34 25188 22 28 400 127 61 45 73 212 79 232 259 4505 341 56 384 493 1296 10047 339
internal_value=-1.64034e-07 0.000543201 0.00558621 0.0148961 0.00621329 -0.000867292 -0.00914251 -0.0168415 -0.00653548 -0.0299661 -0.000146319 -0.0121107 0.0245855 0.00075198 -0.0015568 0.0268722 0.0053398 0.0239243 -0.00439555 9.08507e-05 0.0139989 0.0136636 -0.000353588 0.00540492 0.0202371 0.000618016 -0.0161367 -0.000984868 8.06905e-05 -0.00466888
internal_weight=9853.2 6057.44 728.602 249.024 144.361 3795.75 221.858 144.853 81.1393 63.7136 5328.84 103.581 10.2407 479.578 406.831 104.663 77.0053 26.4717 50.5336 5225.26 70.1465 72.7468 3573.89 353.084 86.1498 266.934 93.34 3220.81 2498.23 722.584
internal_count=48935 30006 3928 1274 772 18929 1019 670 387 283 26078 579 50 2654 1995 502 349 118 231 25499 311 659 17910 1723 397 1326 529 16187 11343 4844
is_linear=0
shrinkage=0.05


Tree=263
num_leaves=29
num_cat=0
split_feature=40 40 27 22 3 8 59 30 31 4 17 27 25 3 3 44 59 3 3 1 27 0 16 16 21 25 3 4
split_gain=1.81422 6.50427 6.65214 6.65629 10.8773 8.14846 5.42695 6.44473 11.444 10.2624 6.19749 5.37865 5.52375 7.08619 5.63347 4.96192 8.48115 7.89735 7.1997 5.95367 6.25868 4.82853 4.80133 6.22539 5.02159 4.44577 4.238 3.91673
threshold=0.73950000000000016 0.72050000000000003 0.33300000000000007 -0.23611111111111102 1.7110000000000001 0.36666666666666675 27.500000000000004 1.6500000000000001 0.83550000000000002 1.7290000000000003 0.14550000000000002 0.20250000000000004 503.50000000000006 1.6170000000000002 1.2035000000000002 0.49050000000000005 25.500000000000004 1.8685000000000003 1.6035000000000001 62.500000000000007 0.20550000000000002 12.500000000000002 0.11650000000000001 0.085000000000000006 23.500000000000004 506.50000000000006 0.78050000000000008 1.0365000000000002
decision_type=2 2 2 2 2 2 2 2 2 2 2 2 2 2 2 2 2 2 2 2 2 2 2 2 2 2 2 2
left_child=1 15 3 4 -3 -5 11 8 10 -10 -8 22 13 -13 -14 19 17 -17 -18 20 -1 -4 23 -2 -24 -9 -23 -27
right_child=6 2 21 5 -6 -7 7 25 9 -11 -12 12 14 -15 -16 16 18 -19 -20 -21 -22 26 24 -25 -26 27 -28 -29
leaf_value=0.0057935684213012983 0.00017295101288991853 0.0084810148339475554 -0.0012882496312184135 -0.0062266842293630317 -0.024992608164838039 0.0024933062244027917 0.0088914946500948198 0.012365955923641736 0.036247047968409982 -0.046758431728958702 -0.0085041716903718773 -0.0063690511966430791 -0.0013893120960425831 -0.059247993081095587 0.0026406308511857067 -0.011132531824917016 0.016203892566068231 0.0086861410505159557 -0.016708852174840177 -0.043475147386586033 -0.0010497283801286855 0.03213645000384862 -0.0044844641555489553 0.03998444437464304 -0.025390319434012151 -0.0078940350979204345 0.10095659089381991 -0.057785401110596803
leaf_weight=406.88175213942304 38.365014573646476 555.06996919459198 5.6925417450256637 330.8899671916879 25.378802731574979 1407.4822810026672 58.598162904381752 4.6426435858011272 27.136651143431667 4.3159432113170615 405.56465917080641 25.852623083163053 1559.9798080726687 8.3922505963128042 1952.7214114572271 364.55561254910572 69.866408880800009 58.304988461197354 21.800761431455612 7.839047670364379 1868.1452545470966 6.2770971581339818 571.60534256877145 13.197353893890975 30.243817247450352 5.6912273466587093 3.475671298801899 12.739202506840227
leaf_count=2000 325 2766 36 1744 140 6887 260 20 127 20 1768 123 7986 48 9524 1792 319 376 97 34 9395 42 2795 66 144 25 18 58
internal_value=-6.96452e-08 0.000650628 0.00259931 0.00238147 0.00701746 0.000833502 -0.000707662 -0.00553281 -0.00433027 0.024857 -0.00630806 -0.00011182 0.000656124 -0.0193279 0.000850946 -0.00097544 -0.00541106 -0.00839989 0.00837641 2.4289e-05 0.000174175 0.0353041 -0.00428049 0.0103627 -0.00553501 -0.0313637 0.0566624 -0.0423792
internal_weight=9850.71 5131.66 2334.27 2318.82 580.449 1738.37 4719.05 518.688 495.615 31.4526 464.163 4200.36 3546.95 34.2449 3512.7 2797.39 514.528 422.861 91.6672 2282.87 2275.03 15.4453 653.412 51.5624 601.849 23.0731 9.75277 18.4304
internal_count=48935 25646 11633 11537 2906 8631 23289 2278 2175 147 2028 21011 17681 171 17510 14013 2584 2168 416 11429 11395 96 3330 391 2939 103 60 83
is_linear=0
shrinkage=0.05


Tree=264
num_leaves=28
num_cat=0
split_feature=14 4 44 39 44 7 15 7 30 40 40 43 1 3 16 25 41 43 13 18 8 44 41 30 23 6 13
split_gain=1.79886 4.01944 3.89359 8.56649 7.352 5.60895 5.01712 4.74521 2.69422 2.22066 6.11582 19.8292 9.70087 7.84132 5.31136 6.72099 9.88873 6.44087 8.6132 5.71964 5.25977 8.92809 6.69021 4.69554 1.95407 1.41641 0.0057057
threshold=0.60350000000000004 0.66100000000000014 0.51900000000000013 2.6990000000000003 0.51150000000000018 0.28900000000000003 1.1225000000000003 0.24050000000000002 1.3690000000000002 0.73950000000000016 0.73750000000000016 0.73750000000000016 37.500000000000007 1.5690000000000002 0.68100000000000016 508.50000000000006 0.51650000000000007 0.75350000000000017 0.76350000000000018 0.70000000000000007 0.8500000000000002 0.44900000000000007 0.51650000000000007 1.5740000000000001 -1.1654999999999998 0.87250000000000016 1.0605000000000002
decision_type=2 2 2 2 2 2 2 2 2 2 2 2 2 2 2 2 2 2 2 2 2 2 2 2 2 2 2
left_child=1 8 4 6 5 -3 -4 -6 -1 10 20 13 -13 -12 17 16 -16 23 -19 -17 22 -22 -2 -11 -5 26 -10
right_child=9 2 3 24 7 -7 -8 -9 25 14 11 12 -14 -15 15 19 -18 18 -20 -21 21 -23 -24 -25 -26 -27 -28
leaf_value=0.099290835294179522 0.00016684465280397115 0.0027253863000211167 0.047597365624325497 0.0046147430121616598 -0.054968271516270942 -0.014106101322969434 0.00608656184681823 -0.0083216904487435368 -0.051486484960687896 0.00088337592424458608 -0.0087100498624976385 0.024366875956750619 -0.006138879971869883 0.011650259854539092 0.0092462979047926146 0.03118324232864858 -0.034889806778244735 -0.020104045366250198 -0.0032835469235459637 0.0074741034161953344 0.016037787835709316 -0.0098468026992246556 0.0073798727828979357 -0.0033922504030424309 -0.051349332333218756 0.026402224448286528 -0.054996875983899553
leaf_weight=0.32870602521870651 3920.901674852561 159.21239315229468 13.019558840664105 2.1941241323947906 11.493476837407799 71.826539329485968 16.508796740323305 10.372044903691856 1.5244784059323135 2754.0914963759133 167.73488540481776 149.88986124063376 31.545451764017344 65.855452946620062 34.330334806232713 34.846168352756649 20.133751211687922 85.03530156344641 724.895836447482 94.212997789145447 38.607092761900276 242.94333819835447 350.18418919015676 837.37379944359418 5.3949967355001709 0.59714894520584483 4.8091860665008426
leaf_count=35 18897 1116 106 20 87 511 105 76 211 13227 806 768 140 352 198 169 102 462 3367 527 244 1436 1671 4155 51 12 84
internal_value=5.88522e-10 -0.00383027 -0.00291044 0.0122119 -0.00512987 -0.00250727 0.0243894 -0.0328412 -0.040578 0.000119201 0.000851588 0.00666211 0.019063 -0.00296993 -0.000674325 0.00765974 -0.00706951 -0.00102183 -0.00504954 0.0138756 0.000321891 -0.00629743 0.000758237 -0.000113515 -0.0351693 -0.0472115 -0.0541519
internal_weight=9849.86 297.281 290.022 37.1175 252.904 231.039 29.5284 21.8655 7.25952 9552.58 4967.66 415.026 181.435 233.59 4584.92 183.523 54.4641 4401.4 809.931 129.059 4552.64 281.55 4271.09 3591.47 7.58912 6.93081 6.33366
internal_count=48935 2414 2072 282 1790 1627 211 163 342 46521 24314 2066 908 1158 22207 996 300 21211 3829 696 22248 1680 20568 17382 71 307 295
is_linear=0
shrinkage=0.05


Tree=265
num_leaves=27
num_cat=0
split_feature=3 9 9 4 34 29 17 5 34 6 30 6 36 36 24 4 6 41 30 36 23 18 21 22 4 13
split_gain=1.76692 3.97231 5.06406 9.58478 5.8487 5.84549 6.66303 5.71346 5.11408 2.59629 8.1381 9.67453 8.04546 7.38959 6.90989 6.79773 5.61981 6.42352 8.83322 6.51383 4.27795 8.41401 4.9623 1.19285 0.0614585 0.00229727
threshold=0.54000000000000015 1.3725000000000003 0.7875000000000002 1.5400000000000003 0.60350000000000004 2.5485000000000002 0.44900000000000007 -0.85449999999999993 0.50650000000000006 0.18900000000000003 1.4985000000000002 0.18650000000000003 0.46700000000000008 0.57100000000000006 2.2145000000000006 1.175 0.20750000000000002 0.52350000000000019 1.5605000000000002 0.31750000000000006 -0.99999999999999978 0.36666666666666675 -22.499999999999996 -0.21111111111111108 1.1225000000000003 1.1225000000000003
decision_type=2 2 2 2 2 2 2 2 2 2 2 2 2 2 2 2 2 2 2 2 2 2 2 2 2 2
left_child=1 2 3 8 -5 6 -4 -7 -1 10 13 14 -13 15 -12 -2 17 19 -19 -11 21 -18 -22 -3 25 -25
right_child=9 23 5 4 -6 7 -8 -9 -10 16 11 12 -14 -15 -16 -17 20 18 -20 -21 22 -23 -24 24 -26 -27
leaf_value=-0.0027896089536216615 -0.014892736918135627 0.0050693639380093129 0.017766481489679745 0.0085923789175303775 -0.015004436440226008 0.025575786710157939 0.10453116295248997 -0.039012759413275193 -0.026490294870149068 0.058189667177975274 -0.0070175773854192691 -0.0036849068983916718 0.066859495039267469 -0.056288758244291394 0.0047809468037337309 0.0080125129787146938 -0.037685419033804991 -0.039119110895162623 0.025860101244924834 -0.0052575692249908178 -0.011351428553213474 0.006987136766886501 -4.3901869843412399e-05 -0.051982308541699412 -0.065701727467696147 -0.055262796826958241
leaf_weight=35.65289815037977 34.29989246907644 0.87138057313859452 28.457850702572618 101.93837695941329 35.371816688682884 5.5831663757562628 2.3992682308089561 8.8534696394781331 62.943964504927862 4.1092959195375434 373.58324532851111 7.2109258621931103 9.1961372494697553 4.6859247378306454 185.82049495173851 582.23927236918826 10.8904472887516 28.354181844741106 6.4130236636847249 259.77006330899894 98.275493115186691 328.02427840023302 7630.8452127173659 1.1707613850594492 1.9694820614531634 0.98071891162544478
leaf_count=301 305 14 196 647 247 27 117 122 612 20 1942 32 40 24 1013 2910 49 132 33 1238 429 1579 36804 69 17 16
internal_value=-1.3546e-07 -0.00387134 -0.00308645 -0.00602654 0.00251372 0.0122266 0.0245128 -0.014034 -0.0179201 0.00011571 0.0022937 -0.00198846 0.0358551 0.00626281 -0.00309839 0.00673823 -0.000195899 -0.00693123 -0.0271333 -0.00426953 5.34162e-05 0.00555166 -0.000187677 -0.0480811 -0.0593198 -0.0534777
internal_weight=9849.91 286.193 281.201 235.907 137.31 45.2938 30.8571 14.4366 98.5969 9563.72 1197.04 575.811 16.4071 621.225 559.404 616.539 8366.68 298.647 34.7672 263.879 8068.04 338.915 7729.12 4.99234 4.12096 2.15148
internal_count=48935 2385 2269 1807 894 462 313 149 913 46550 6266 3027 72 3239 2955 3215 40284 1423 165 1258 38861 1628 37233 116 102 85
is_linear=0
shrinkage=0.05


Tree=266
num_leaves=21
num_cat=0
split_feature=24 13 25 7 30 28 25 23 23 9 39 19 44 13 1 28 24 2 31 40
split_gain=1.76589 2.1778 2.83772 2.85031 2.72276 2.44907 1.88468 5.30162 8.46369 7.1969 2.68416 13.3254 3.06001 1.48361 2.86631 0.00229895 0.000678254 0.000193911 2.88484e-05 4.02538e-06
threshold=5.5360000000000005 1.0000000180025095e-35 514.50000000000011 0.39650000000000007 1.5635000000000001 0.16700000000000004 513.50000000000011 -0.044499999999999942 -0.30799999999999988 1.6545000000000003 2.8350000000000004 0.50850000000000006 0.51350000000000018 0.49150000000000005 5.5000000000000009 0.11600000000000002 5.9170000000000007 1.5000000000000002 0.66400000000000015 0.71650000000000003
decision_type=2 2 2 2 2 2 2 2 2 2 2 2 2 2 2 2 2 2 2 2
left_child=1 2 3 5 -5 -1 10 8 -8 -9 12 -12 -3 14 18 -15 -17 -18 -2 -20
right_child=13 6 -4 4 -6 -7 7 9 -10 -11 11 -13 -14 15 -16 16 17 -19 19 -21
leaf_value=-0.0021157941864809143 0.051154306766013513 -0.00016016546577797352 0.061171090165761624 0.05444267346986114 -0.063525169746951604 -0.04640155662413456 -0.0013064608053109713 0.0082101327623223044 -0.017990946642819059 -0.0052265289839289984 0.06381458128026489 -0.014016308009478853 0.0021621243797904774 0.055631708111353012 -0.041440093631419025 0.05277779067107289 0.050247317911170986 0.051295119320191165 0.050809526786532257 0.050605371036655161
leaf_weight=4.6933648444246563 0.38034481089562122 7239.6162229105248 1.0757760105771002 1.973686396966513 0.65028332244401088 9.3234871597960574 221.38834074776969 199.06624598964117 115.75264075957239 199.55772543791682 5.9090761002153149 79.320761308539659 1764.1633461330202 0.36663366993889246 1.7263345532119272 0.67066419078037176 0.67225523130036879 1.2866802827920762 0.32474114838987567 0.94134840695187449
leaf_count=88 19 35238 22 143 37 366 1134 981 545 975 35 387 8564 8 14 18 183 70 22 86
internal_value=-3.29199e-07 -1.73603e-05 -0.0175318 -0.0226197 0.0252074 -0.031573 1.42229e-05 -0.00241975 -0.00703485 0.00148352 0.000211256 -0.00862021 0.000294854 0.0263191 0.00357393 0.0519225 0.0514054 0.0509355 0.0507724 0.0506577
internal_weight=9848.86 9842.49 17.7166 16.6408 2.62397 14.0169 9824.77 735.765 337.141 398.624 9089.01 85.2298 9003.78 6.369 3.37277 2.99623 2.6296 1.95894 1.64643 1.26609
internal_count=48935 48515 656 634 180 454 47859 3635 1679 1956 44224 422 43802 420 141 279 271 253 127 108
is_linear=0
shrinkage=0.05


Tree=267
num_leaves=27
num_cat=0
split_feature=39 3 0 18 8 7 3 3 17 18 18 35 41 6 26 23 28 14 18 44 27 4 26 24 5 23
split_gain=1.74355 5.36781 7.29313 6.05937 7.11217 5.28216 6.87261 5.85471 5.27377 3.07298 4.63407 2.90665 2.57814 6.4185 7.68855 7.02743 6.23939 4.59869 5.35687 4.22902 7.00823 5.23183 4.97898 2.7989 5.43082 5.09972
threshold=2.4030000000000005 1.6730000000000003 2.5000000000000004 0.56944444444444453 0.63333333333333341 0.25450000000000006 0.62750000000000006 1.2195000000000003 0.29800000000000004 0.29999999999999999 0.51666666666666672 0.65300000000000014 0.44500000000000006 0.65300000000000014 0.37300000000000005 0.43000000000000005 0.63600000000000012 0.93000000000000016 0.48333333333333339 0.44900000000000007 0.26250000000000007 1.5635000000000001 0.26100000000000007 2.2515000000000005 0.63800000000000012 -0.51749999999999974
decision_type=2 2 2 2 2 2 2 2 2 2 2 2 2 2 2 2 2 2 2 2 2 2 2 2 2 2
left_child=1 2 9 4 11 7 -7 -4 -6 -1 -11 -3 13 14 16 -16 -2 -15 -19 20 21 -14 -22 24 -21 -25
right_child=12 3 5 -5 8 6 -8 -9 -10 10 -12 -13 19 17 15 -17 -18 18 -20 23 22 -23 -24 25 -26 -27
leaf_value=-0.0032450240475866347 0.0042336695041050526 0.033053385559200649 0.003180993416696152 -0.021023408660816895 0.036723665792646784 0.035430091036219927 -0.0069816085326379982 0.027879865982896469 -0.015446438961640472 -0.078728889265814408 -0.010889798155855154 0.092902722688940606 0.0063850923255886318 -0.028047840540551983 -0.018831518984149427 -0.0017721935697110149 -0.015810969451726817 0.011576931712913819 0.057915577774218852 -0.0012574688339899822 0.018662234628173242 0.025120507487030465 -0.013978482401812745 0.0052700958317610722 -0.023308252725511097 3.5216715858967301e-05
leaf_weight=6.1913792358245727 229.58487514256558 3.278589531779291 69.027321762638167 6.6249465551227322 12.064699901267888 10.425079289176209 114.04474695585668 36.776618264615536 8.0940051376819593 5.5459263585507852 4.6097454596310854 5.3213656763546169 181.18387848679413 5.1334214042872182 137.14735855077743 107.83530991710722 46.723640251904726 25.968069624039344 8.2082392680458707 2531.0391062298513 14.569719420513136 46.909448801656254 58.970181974742445 507.08015499584144 28.2341749148909 5637.7717005900922
leaf_count=29 1149 17 357 34 70 80 562 166 42 26 22 29 887 28 686 505 221 175 50 13439 78 242 313 2502 405 26821
internal_value=-2.97239e-07 0.00387451 0.00126159 0.0220864 0.0320173 0.0035525 -0.00342938 0.0117661 0.0157766 -0.0310096 -0.0479362 0.0700862 -0.000114522 -0.00340442 -0.00487359 -0.0113224 0.00084413 0.0160783 0.0227062 9.0272e-05 0.00591067 0.0102382 -0.00751171 -0.000111428 -0.00150074 0.000467205
internal_weight=9848.36 282.004 246.621 35.3836 28.7587 230.274 124.47 105.804 20.1587 16.3471 10.1557 8.59996 9566.36 560.601 521.291 244.983 276.309 39.3097 34.1763 9005.76 301.633 228.093 73.5399 8704.13 2559.27 6144.85
internal_count=48935 1434 1242 192 158 1165 642 523 112 77 48 46 47501 2814 2561 1191 1370 253 225 44687 1520 1129 391 43167 13844 29323
is_linear=0
shrinkage=0.05


Tree=268
num_leaves=29
num_cat=0
split_feature=39 11 26 11 6 40 39 15 21 40 15 7 32 23 44 42 7 3 21 17 24 15 23 7 24 25 3 15
split_gain=1.70742 4.4515 5.8156 5.85904 8.13069 5.11602 8.59183 11.3883 5.98471 4.40512 7.80601 5.11491 4.19947 3.95279 9.96418 9.49592 10.6472 8.4652 10.1062 8.57902 6.7484 5.74487 8.06558 5.7005 4.78647 3.72671 3.22969 2.40544
threshold=2.5845000000000007 50.500000000000007 0.44750000000000006 60.500000000000007 0.15900000000000003 0.71650000000000003 2.6560000000000001 0.19600000000000004 -10.499999999999998 0.72800000000000009 -0.49149999999999994 0.36900000000000005 0.61250000000000016 -0.12450000000000004 0.49900000000000005 0.25650000000000006 0.12250000000000001 0.96250000000000002 3.5000000000000004 0.27450000000000008 1.651 0.96350000000000013 0.12050000000000007 0.42600000000000005 1.7510000000000001 507.50000000000006 1.0605000000000002 -0.23399999999999996
decision_type=2 2 2 2 2 2 2 2 2 2 2 2 2 2 2 2 2 2 2 2 2 2 2 2 2 2 2 2
left_child=13 5 3 4 -3 6 7 -2 -8 10 -7 -11 -5 14 17 16 -16 18 -1 -19 25 24 -23 -17 -22 26 -15 -27
right_child=1 2 -4 12 -6 9 8 -9 -10 11 -12 -13 -14 20 15 23 -18 19 -20 -21 21 22 -24 -25 -26 27 -28 -29
leaf_value=-0.0020778175412543751 -0.0036126109660130699 0.024053077926977251 0.043809014553724851 0.0022286837479838233 -0.016410060745085272 0.017704604026450074 0.034778725167007411 -0.030030193070234697 -0.00024348133380780988 0.0002770383194406925 0.00052149823873537708 -0.0050858858448639636 0.051226096209335631 -0.018639633931633131 0.028521902481612373 0.015935298527553484 0.0004277822969866463 0.00074140592523811951 -0.036008590856462429 0.011798413739769684 0.029806755409747261 0.00093831626393314099 -0.046575266718379804 0.045965428791966086 -0.00026351918163278789 0.0062577291460195741 0.082033705501178653 -0.059350174635965904
leaf_weight=821.44771564778057 108.34701287327334 13.530631765723227 5.2708064317703238 23.41099447011948 150.57878096401691 95.24569142179098 14.762355670332907 65.433173957746476 70.227741849870654 3568.6115157221793 215.95161110188201 507.88111022991507 5.3776027560234061 3.4020505070002391 38.710277363075875 118.43643830635119 261.84642265271395 570.71332165136118 22.54765722900629 253.28597602806985 13.295836573932318 20.10069187823683 16.074648552574217 18.236217220895924 2831.1746102942852 1.6463569394545619 1.040254909545183 9.227285985798515
leaf_count=4200 564 57 24 103 657 502 65 332 370 17404 1102 2837 23 77 247 576 1209 2745 123 1171 122 104 85 103 13908 48 9 168
internal_value=-3.15557e-07 -0.000669307 -0.0080083 -0.00942417 -0.0130739 -0.000356303 -0.00718811 -0.0135596 0.0058397 4.66128e-05 0.0057806 -0.000391116 0.0113812 0.000647734 0.0022964 0.00901508 0.00404617 0.000535239 -0.00298429 0.00414018 -0.000550767 -0.000374771 -0.0201745 0.0199422 -0.000122962 -0.0336522 0.00493505 -0.0494166
internal_weight=9845.81 4844.63 198.169 192.898 164.109 4646.46 258.77 173.78 84.9901 4387.69 311.197 4076.49 28.7886 5001.19 2105.22 437.229 300.557 1667.99 843.995 823.999 2895.96 2880.65 36.1753 136.673 2844.47 15.3159 4.44231 10.8736
internal_count=48935 24040 864 840 714 23176 1331 896 435 21845 1604 20241 126 24895 10374 2135 1456 8239 4323 3916 14521 14219 189 679 14030 302 86 216
is_linear=0
shrinkage=0.05


Tree=269
num_leaves=25
num_cat=0
split_feature=7 40 17 14 16 29 4 17 1 40 14 33 17 7 29 32 17 37 14 30 5 13 0 30
split_gain=1.6708 3.90161 3.31158 2.21182 3.3701 5.95996 2.23839 2.01449 5.27305 6.94997 12.5151 6.33806 3.35651 9.5157 10.7487 9.51201 3.11146 4.09837 2.98586 2.60406 0.155965 0.0395905 0.0324852 0.0190345
threshold=0.73850000000000005 0.70850000000000002 0.58950000000000002 0.85450000000000015 0.28300000000000008 2.4155000000000002 1.4915000000000003 0.50850000000000006 26.500000000000004 0.72650000000000003 0.98350000000000015 0.19950000000000004 0.46300000000000008 0.070000000000000021 1.9410000000000003 0.51750000000000018 0.45650000000000007 0.5525000000000001 1.0000000180025095e-35 1.5115000000000001 -0.40799999999999992 1.9650000000000001 9.5000000000000018 1.4985000000000002
decision_type=2 2 2 2 2 2 2 2 2 2 2 2 2 2 2 2 2 2 2 2 2 2 2 2
left_child=7 2 -2 20 6 -6 -5 12 9 11 -11 -9 16 15 -15 -14 18 -18 -1 -10 -3 -22 23 -4
right_child=1 3 22 4 5 -7 -8 8 19 10 -12 -13 13 14 -16 -17 17 -19 -20 -21 21 -23 -24 -25
leaf_value=-0.019589467962624767 0.051724562915420491 -0.031416729910575134 -0.050854452662611474 -0.051007769208058377 0.05742539112490274 -0.027094537444948087 0.0011818580959495656 0.048719428507533705 0.013625667008678441 0.031021799771244203 -0.014275561367248203 0.0079477413191097728 -0.003552820004115843 0.042665202294573212 -0.012313924203889444 0.041128202171411492 0.0055869410092637848 0.052921558385148421 9.5287767650911409e-05 0.061574628064235686 -0.056756570434694613 -0.068227431218069359 -0.057294257893997703 -0.031975321466134153
leaf_weight=19.303898637648672 3.6124524534679976 0.49574817251414094 0.22958458375069291 6.6034235924016702 3.5951505750417692 4.9680027682334185 2.9824227982899174 12.5132485118811 5.4624527841806394 19.150154198927339 74.84299602592364 40.006845842697658 29.96744360786397 9.2801425579236803 211.42722925689304 19.769495330750942 16.887396976351742 6.2710431553423396 9347.7405975273577 5.8792789578437805 1.76827758621221 1.3090836768969891 0.52267031138035236 0.31904801715427311
leaf_count=439 29 5 24 204 22 33 85 94 26 171 402 257 218 61 1229 141 78 34 45167 26 137 10 15 28
internal_value=-4.19868e-07 -0.0125607 0.0288293 -0.0214853 -0.014406 0.00839027 -0.0347701 3.33597e-05 0.00563614 0.00309357 -0.00504668 0.0176619 -5.81897e-05 -0.00554992 -0.0100022 0.014207 9.9976e-05 0.0184046 5.47208e-05 0.0384812 -0.0574434 -0.0616362 -0.0483739 -0.0398756
internal_weight=9844.91 26.4059 4.68376 21.7221 18.149 8.56315 9.58585 9818.5 157.855 146.513 93.9932 52.5201 9660.65 270.444 220.707 49.7369 9390.2 23.1584 9367.04 11.3417 3.57311 3.07736 1.0713 0.548633
internal_count=48935 592 96 496 344 55 289 48343 976 924 573 351 47367 1649 1290 359 45718 112 45606 52 152 147 67 52
is_linear=0
shrinkage=0.05


Tree=270
num_leaves=17
num_cat=0
split_feature=11 11 9 6 36 23 1 4 8 7 16 40 8 3 11 23
split_gain=1.71204 4.6911 1.79373 6.57549 7.86017 6.13826 6.13285 7.40159 6.29655 5.44453 5.32868 7.79816 6.06228 4.93891 5.58497 4.9169
threshold=64.500000000000014 66.500000000000014 1.6130000000000002 0.44900000000000007 0.59450000000000014 -0.058499999999999948 45.500000000000007 1.2405000000000002 0.59166666666666679 0.36750000000000005 0.52750000000000019 0.7965000000000001 0.36666666666666675 2.2545000000000006 7.5000000000000009 0.4210000000000001
decision_type=2 2 2 2 2 2 2 2 2 2 2 2 2 2 2 2
left_child=2 -2 6 4 5 -4 13 8 -8 -6 12 -12 -5 15 -15 -1
right_child=1 -3 3 10 9 -7 7 -9 -10 -11 11 -13 -14 14 -16 -17
leaf_value=-7.1288371773380106e-05 -0.045377351094875028 0.012576632211363259 0.011435866439780513 -0.012544743392214489 -0.062332165424813984 -0.011235398874299673 -0.016809226351652322 0.060990351219718908 0.037057567710426058 -0.016839271574341463 0.0050765559113712172 -0.035805428214897399 -0.00078083333977338411 -0.013897567303993663 -0.12935175684575215 0.0041596284081200042
leaf_weight=5621.6140670572058 7.2541975080966932 6.7324184030294418 39.392789198085666 114.43268103175797 10.782844658941032 123.32617829740047 12.224249020218855 8.9710832238197309 9.7535359412431699 16.860514707863331 525.93858227180317 11.929124837741254 2548.2559879084001 3.3638559796090695 1.5211369711905716 782.24558476835955
leaf_count=27690 32 30 195 536 49 617 53 39 43 81 2509 60 13059 90 12 3840
internal_value=-5.52282e-07 -0.0174814 2.43187e-05 -0.000906429 -0.00993455 -0.00574689 0.000514418 0.0227185 0.00709635 -0.0345847 -0.000369455 0.00416985 -0.0012864 0.000407191 -0.0498488 0.000445527
internal_weight=9844.6 13.9866 9830.61 3390.92 190.362 162.719 6439.69 30.9489 21.9778 27.6434 3200.56 537.868 2662.69 6408.74 4.88499 6403.86
internal_count=48935 62 48873 17106 942 812 31767 135 96 130 16164 2569 13595 31632 102 31530
is_linear=0
shrinkage=0.05


Tree=271
num_leaves=26
num_cat=0
split_feature=22 18 17 14 14 44 20 41 44 26 1 11 20 11 27 18 41 27 13 1 2 8 4 8 36
split_gain=1.62937 8.50222 6.28992 7.21956 7.08157 6.92033 11.3844 9.14685 6.49958 8.12355 6.19047 8.0566 5.86228 5.8613 5.39476 5.35794 5.08225 4.79548 4.62025 9.11232 4.62412 4.07676 6.86637 4.69842 2.92529
threshold=0.25833333333333336 0.18333333333333332 0.18050000000000002 0.91100000000000014 0.85950000000000004 0.49150000000000005 -2.4999999999999996 0.48800000000000004 0.45550000000000007 0.35900000000000004 10.500000000000002 4.5000000000000009 -13.499999999999998 35.500000000000007 0.17300000000000001 0.23611111111111113 0.55100000000000016 0.22550000000000003 0.25850000000000006 3.5000000000000004 27.500000000000004 0.8500000000000002 0.91100000000000014 0.78888888888888908 0.44750000000000006
decision_type=2 2 2 2 2 2 2 2 2 2 2 2 2 2 2 2 2 2 2 2 2 2 2 2 2
left_child=1 13 4 10 8 7 -7 -5 -2 -10 11 -4 24 18 15 -6 -16 -12 19 -1 -20 23 -23 -14 -3
right_child=2 12 3 5 14 6 -8 -9 9 -11 17 -13 21 -15 16 -17 -18 -19 20 -21 -22 22 -24 -25 -26
leaf_value=-0.034369754481244061 0.080710911203578678 -0.0028614364109013409 -0.0071423905012110191 -0.002186294243165905 -0.0066830842158113139 0.0036802437796651412 0.017993102229969356 0.010512691668027228 -0.02644326195233156 0.043026094317604159 -0.040049915807935481 0.11951115269224333 -0.0001488572960339893 -0.069611282479062384 -0.0030114681389184776 -0.041358050231200781 0.023905355793151818 -0.0089235150934316165 -0.01390545705812285 0.1533643844785206 0.021873923221548602 0.0037842969265293098 -0.032861897009338434 0.010750761879111956 -0.062064018285696215
leaf_weight=1.3453748976316995 4.3014442510902908 3.285060463473199 3.2773931696792706 762.33938676316757 29.550704885274172 777.4617834771052 169.15920868515968 174.20153195410967 7.6206028489396003 9.3979304363019747 14.899153104051946 2.0354112572968006 6727.4148879981585 4.2970465496182433 739.59028281393694 17.881972628645599 17.962630357360467 73.014184109866619 137.13309756200761 1.244074899703264 9.6668923534452897 26.10864320024848 25.042834520339966 100.34589426033199 5.7191054280847311
leaf_count=30 22 17 67 3540 172 3706 756 823 45 54 71 14 33070 21 4398 90 110 371 749 12 49 121 117 480 30
internal_value=-4.93882e-07 -0.00040632 0.00101912 0.0025507 -0.00264416 0.00322308 0.00623792 0.000175784 0.0257982 0.0119189 -0.0110313 0.0413804 -0.000146798 -0.0120376 -0.00339746 -0.0197554 -0.00237323 -0.0141987 -0.0103815 0.0558252 -0.0115494 -9.40239e-05 -0.014157 1.13317e-05 -0.0404647
internal_weight=9844.3 7041.6 2802.69 1976.39 826.306 1883.16 946.621 936.541 21.32 17.0185 93.2261 5.3128 6887.92 153.686 804.986 47.4327 757.553 87.9133 149.389 2.58945 146.8 6878.91 51.1515 6827.76 9.00417
internal_count=48935 34696 14239 9348 4891 8825 4462 4363 121 99 523 81 33835 861 4770 262 4508 442 840 42 798 33788 238 33550 47
is_linear=0
shrinkage=0.05


Tree=272
num_leaves=26
num_cat=0
split_feature=24 16 34 44 27 25 5 10 9 13 6 5 8 18 28 3 16 3 26 6 5 2 41 24 2
split_gain=1.70048 3.83679 5.34653 4.52154 9.99423 5.93619 4.9473 3.80185 3.80172 3.07763 2.97369 2.5063 5.95633 7.54324 4.9228 4.02923 10.5808 5.48607 2.43123 2.37087 5.87516 2.69696 1.28388 0.0416256 0.0330079
threshold=4.2040000000000015 0.18350000000000002 0.60750000000000004 0.45350000000000007 0.19550000000000003 505.50000000000006 1.6200000000000003 13.500000000000002 2.6275000000000004 1.0000000180025095e-35 0.59650000000000014 1.0850000000000002 0.78888888888888908 0.29999999999999999 0.13050000000000003 2.3265000000000007 0.23400000000000001 1.9425000000000001 0.46950000000000003 0.59650000000000014 0.98350000000000015 4.5000000000000009 0.52750000000000019 4.2580000000000009 2.5000000000000004
decision_type=2 2 2 2 2 2 2 2 2 2 2 2 2 2 2 2 2 2 2 2 2 2 2 2 2
left_child=9 3 7 4 -2 6 -5 18 -7 19 -6 15 13 -13 -14 17 -17 -11 -3 20 21 -1 24 -9 -21
right_child=1 2 -4 5 10 8 -8 23 -10 11 -12 12 14 -15 -16 16 -18 -19 -20 22 -22 -23 -24 -25 -26
leaf_value=-0.049499237005989273 -0.12394308520460283 -0.0099061464003223701 -0.052967780052727259 -0.076411195332712303 -0.040487763497860367 0.01954072671002097 0.031288533367569087 0.064416144365867942 -0.011507891005980535 -3.6403102117561291e-05 0.057876529275738164 0.0048586140649842201 -0.012228330848056666 -0.013907957242212341 0.0050588177759930356 0.038613208677176117 -0.045222332095204862 0.0062108663199669746 0.02861139662299976 -0.051392595818329348 0.06173813803987032 0.060912964039936818 0.02496266780044271 0.056458330029545145 -0.0592354975044318
leaf_weight=4.3342708364434639 2.2673755488358429 5.9521088095207331 2.1944757942110291 3.7936436836607745 1.3849289851495998 31.60647492215503 1.4831840239930896 2.5449240505695334 14.328621201508211 8821.6722737852542 1.7258404695894567 74.295658563263714 50.564833849668503 191.72652515291702 221.92866951413453 5.1433319095522192 14.029609029879792 365.99496649723733 13.143625313183291 2.8921475114766508 2.2661457788199186 0.6339674126356839 0.55302517372183491 4.6382652348838747 2.5022104097297415
leaf_count=224 17 129 27 41 18 387 33 16 350 42051 38 342 240 921 1108 31 106 2197 200 319 18 7 26 60 29
internal_value=-5.47267e-07 0.00703827 0.0220087 -0.000494105 -0.0441068 0.00408598 -0.0461395 0.0282697 0.00985567 -6.19034e-05 0.0140843 -2.92466e-05 -0.00334471 -0.00866676 0.00185095 0.000164677 -0.0227326 0.00021246 0.0166055 -0.0242053 -0.00497881 -0.0354102 -0.0475923 0.0592777 -0.0550306
internal_weight=9843.6 85.0635 28.4734 56.5901 5.37815 51.2119 5.27683 26.2789 45.9351 9758.54 3.11077 9745.36 538.516 266.022 272.494 9206.84 19.1729 9187.67 19.0957 13.1818 7.23438 4.96824 5.94738 7.18319 5.39436
internal_count=48935 1316 432 884 73 811 74 405 737 47619 56 46996 2611 1263 1348 44385 137 44248 329 623 249 231 374 76 348
is_linear=0
shrinkage=0.05


Tree=273
num_leaves=22
num_cat=0
split_feature=24 13 15 17 7 18 15 39 9 24 42 40 13 1 3 24 28 24 2 29 40
split_gain=1.69628 1.83586 2.64115 4.04586 1.89384 1.74255 9.03351 8.6715 6.04267 2.27437 2.57727 2.23308 1.39768 2.56416 0.0309477 0.00582203 0.00240096 0.000578666 0.000160994 2.14593e-05 4.18291e-06
threshold=5.5360000000000005 1.0000000180025095e-35 -1.4914999999999998 0.19600000000000004 0.39650000000000007 1.0000000180025095e-35 -1.0409999999999997 2.7475000000000005 1.2455000000000003 4.7635000000000014 0.30650000000000005 0.75850000000000006 0.49150000000000005 5.5000000000000009 2.9500000000000006 2.2405000000000004 0.11600000000000002 5.9170000000000007 1.5000000000000002 2.3540000000000005 0.71650000000000003
decision_type=2 2 2 2 2 2 2 2 2 2 2 2 2 2 2 2 2 2 2 2 2
left_child=1 2 3 4 -1 6 8 -8 -3 11 -11 -7 13 19 15 -4 -14 -18 -19 -2 -21
right_child=12 5 14 -5 -6 9 7 -9 -10 10 -12 -13 16 -15 -16 -17 17 18 -20 20 -22
leaf_value=-0.033064000005389428 0.050987290301237213 0.019604435337579863 -0.051073584799009919 0.037573124460314522 0.026758746355609844 0.00029973531356675462 0.012507591418368873 0.083241469496862341 -0.012735422773987044 0.039790626955310091 -0.048897572917025039 -0.0015489906168793558 0.055669334674773675 -0.037099038111073124 -0.073477773921605746 -0.0555190318879678 0.05262737179592783 0.050238123409665061 0.051215978455275424 0.050763307784282133 0.050536129456359304
leaf_weight=8.1919919953215885 0.53200289513915722 18.045484907925129 1.1198529478861017 3.7702152349520466 1.5777714317664493 7546.791665738303 85.427215530071408 4.5644163731485596 72.376726739807054 6.2128870631568125 0.94356520101428021 2084.6142749407445 0.36387549061328206 1.7672656849026678 0.21742773056030262 2.1516210492700338 0.6321660517714921 0.64551809799741011 1.2097829591948537 0.27621775260195114 0.76046383520588279
leaf_count=218 30 90 353 36 14 36627 520 27 412 158 17 10008 8 14 1 34 18 183 70 20 77
internal_value=-3.20017e-07 -1.67832e-05 -0.0164197 -0.00642409 -0.0234029 1.16641e-05 0.00488023 0.0160952 -0.00628138 -7.94653e-05 0.0280972 -0.000100402 0.0261714 0.00420095 -0.0552113 -0.0539973 0.0518758 0.0513209 0.0508758 0.0507291 0.0505967
internal_weight=9842.19 9836.01 17.0289 13.54 9.76976 9818.98 180.414 89.9916 90.4222 9638.56 7.15645 9631.41 6.18729 3.33595 3.4889 3.27147 2.85134 2.48747 1.8553 1.56868 1.03668
internal_count=48935 48515 656 268 232 47859 1049 547 502 46810 175 46635 420 141 388 387 279 271 253 127 97
is_linear=0
shrinkage=0.05


Tree=274
num_leaves=27
num_cat=0
split_feature=27 15 19 39 19 11 20 25 39 41 6 6 30 4 4 6 39 59 31 39 9 7 5 30 24 21
split_gain=1.63341 5.07672 5.55844 7.00741 6.59497 5.31209 4.46876 4.25704 3.53584 8.44695 8.62122 7.64615 7.2591 5.23689 7.44575 7.07218 5.1352 7.52337 8.27258 6.07729 6.75375 4.71144 4.62265 2.58379 1.78008 0.481339
threshold=0.25750000000000006 -1.0974999999999999 0.93000000000000016 2.8190000000000004 0.88700000000000012 1.0000000180025095e-35 -13.499999999999998 508.50000000000006 2.5935000000000006 0.47850000000000004 0.19100000000000003 0.55400000000000016 1.4880000000000002 0.54750000000000021 0.66100000000000014 0.32700000000000007 2.5875000000000008 27.500000000000004 0.70450000000000002 2.5845000000000007 1.4565000000000003 0.17750000000000002 0.30200000000000005 1.4080000000000001 3.9970000000000003 3.5000000000000004
decision_type=2 2 2 2 2 2 2 2 2 2 2 2 2 2 2 2 2 2 2 2 2 2 2 2 2 2
left_child=8 2 3 4 -2 23 -7 -8 16 10 12 -12 -10 15 -15 -11 19 18 -18 22 -21 -19 -1 25 -25 -3
right_child=1 5 -4 -5 -6 6 7 -9 9 13 11 -13 -14 14 -16 -17 17 21 -20 20 -22 -23 -24 24 -26 -27
leaf_value=0.0028452844023023039 -0.012047873915526504 0.062511221800540751 0.034043134367884434 0.051292238578422022 -0.085340171049169203 0.046595052888717292 -0.0032869548599545606 0.00082893327309839244 0.038247904929848808 0.1085755761787433 -0.016921972125907309 0.0032859380856602319 -0.0041739485278954906 -0.021652258911463024 6.9051118324413032e-06 0.011294860121694391 0.042718841308742678 0.025084448919600835 0.0090750274392875103 -0.020936236554241466 0.0017180586616256965 -0.031084182617609653 -0.00086445244988875725 -0.071815383975634459 0.053049572330480022 0.10318402645382477
leaf_weight=2195.447275046703 142.47217333427398 1.5534597334917628 6.925687985494732 4.2788917878642669 3.1368538439273825 5.0099769830703726 988.31598185686744 1724.297930088258 16.336684395791963 1.927249285239667 199.44714946765453 61.165737888542935 26.348618491887464 40.270864417776465 2701.5505700557842 61.048335408559069 21.373859953229839 4.8605944477021721 125.87507087690756 65.257659639697522 66.347774963011034 16.099058419466019 1359.8854381145211 0.55078122299164511 0.59245614783139899 1.3679811689071355
leaf_count=10688 881 57 39 23 15 23 4859 8715 94 50 928 322 140 200 13117 513 107 22 615 321 326 69 6745 32 27 7
internal_value=-2.58729e-07 -0.00100211 -0.00975005 -0.0117735 -0.0136268 -0.00049809 -0.000583518 -0.000670653 0.000413893 -0.000840934 -0.00876756 -0.0121792 0.0120619 1.62165e-05 -0.000311217 0.014272 0.00142556 0.00996908 0.0139586 0.00103578 -0.00951526 -0.0180585 0.00142634 0.0566189 -0.00710703 0.0815565
internal_weight=9841.74 2878.5 156.814 149.888 145.609 2721.69 2717.62 2712.61 6963.24 3108.1 303.298 260.613 42.6853 2804.8 2741.82 62.9756 3855.15 168.209 147.249 3686.94 131.605 20.9597 3555.33 4.06468 1.14324 2.92144
internal_count=48935 14678 958 919 896 13720 13597 13574 34257 15364 1484 1250 234 13880 13317 563 18893 813 722 18080 647 91 17433 123 59 64
is_linear=0
shrinkage=0.05


Tree=275
num_leaves=22
num_cat=0
split_feature=39 28 9 21 27 29 6 10 6 7 36 11 41 21 31 7 9 21 9 5 8
split_gain=1.57719 3.7569 12.4299 5.36459 5.32615 6.1552 8.53368 8.21194 5.56793 6.31278 4.96162 3.23953 2.4879 5.22964 5.12071 5.96227 5.16694 3.38331 2.90063 6.99262 6.92134
threshold=2.7270000000000008 0.68450000000000022 0.91100000000000014 -8.4999999999999982 0.23050000000000004 3.0725000000000002 0.53100000000000014 12.500000000000002 0.11300000000000002 0.50950000000000017 0.43100000000000005 37.500000000000007 0.52000000000000013 34.500000000000007 0.7875000000000002 0.11650000000000001 1.8835000000000002 -41.499999999999993 1.5475000000000001 -0.10899999999999999 0.36666666666666675
decision_type=2 2 2 2 2 2 2 2 2 2 2 2 2 2 2 2 2 2 2 2 2
left_child=12 4 11 -4 5 7 -7 -2 10 -10 -6 -3 17 14 15 -14 -16 -1 19 -19 -20
right_child=1 2 3 -5 8 6 -8 -9 9 -11 -12 -13 13 -15 16 -17 -18 18 20 -21 -22
leaf_value=-0.047144146249359684 -0.01890054434546494 0.0050719656090183378 0.091587000330149174 0.019151934413149236 0.043022772966881909 -0.0081615820924970019 0.034893477849360185 0.0033588480494217755 -0.00048440717221237577 -0.057740402503828905 0.0034427158272632707 -0.055138951166490438 -0.0060419951468498826 0.052979689961113324 0.00060250298331034806 0.0064222166968084934 -0.014835844142881447 -0.0005185671730258642 -0.010652270200142798 0.0036402123515914112 -0.00069344868342313877
leaf_weight=3.8219154626131049 144.76514136385231 4.7221532739349659 5.3849337287247181 4.8657873762422224 13.839032795571255 32.717565147671849 17.75385358184576 58.048779230332002 429.66756638005609 4.868693195283412 18.506033316676621 4.2395983934402466 113.76002794736996 5.1091816574335089 202.90360814573069 612.66687020429526 73.948682694812305 3570.8617592930095 185.53769218944944 1409.8212903757158 2924.0980078452267
leaf_count=16 721 28 24 26 94 179 119 301 2086 25 135 18 662 24 993 2867 399 17643 857 7134 14584
internal_value=-3.1224e-07 -0.00222117 0.0195999 0.0572037 -0.0028033 -0.00864123 0.00698349 -0.0125295 0.000363797 -0.00112592 0.0203773 -0.0234124 0.000180083 0.00252203 0.00226507 0.00447029 -0.00352116 -0.000111682 -8.9464e-05 0.000658608 -0.00128765
internal_weight=9841.91 739.379 19.2125 10.2507 720.167 253.285 50.4714 202.814 466.881 434.536 32.3451 8.96175 9102.53 1008.39 1003.28 726.427 276.852 8094.14 8090.32 4980.68 3109.64
internal_count=48935 3756 96 50 3660 1320 298 1022 2340 2111 229 46 45179 4945 4921 3529 1392 40234 40218 24777 15441
is_linear=0
shrinkage=0.05


Tree=276
num_leaves=29
num_cat=0
split_feature=14 14 20 24 9 27 9 11 23 7 21 4 44 2 22 40 40 23 4 44 11 11 13 9 32 30 27 24
split_gain=1.62876 8.27791 6.90917 6.33212 6.08833 6.42701 5.89278 7.95002 6.45905 5.63564 7.84046 8.08528 7.51119 9.76197 7.49779 7.07584 5.15175 11.3894 4.71473 4.62444 4.55672 4.1509 4.12289 2.00976 1.81584 0.717387 0.681286 0.0615734
threshold=1.6230000000000002 1.7110000000000001 -12.499999999999998 2.4300000000000006 0.87750000000000006 0.25650000000000006 0.64150000000000007 8.5000000000000018 0.88250000000000017 0.31100000000000005 -1.4999999999999998 1.6275000000000002 0.47850000000000004 28.500000000000004 -0.23611111111111102 0.71500000000000008 0.76800000000000013 1.2540000000000002 1.0000000180025095e-35 0.52350000000000019 1.5000000000000002 1.0000000180025095e-35 0.50850000000000006 2.0725000000000002 0.62500000000000011 1.4305000000000001 0.26000000000000006 3.9970000000000003
decision_type=2 2 2 2 2 2 2 2 2 2 2 2 2 2 2 2 2 2 2 2 2 2 2 2 2 2 2 2
left_child=2 9 16 4 5 -3 7 -5 -8 12 14 -12 13 -2 -11 -14 19 -18 24 20 -1 26 -23 -21 27 -6 -20 -4
right_child=1 3 18 6 25 -7 8 -9 -10 10 11 -13 15 -15 -16 -17 17 -19 21 23 -22 22 -24 -25 -26 -27 -28 -29
leaf_value=0.037158600915867535 0.017094876378222091 -0.03685106465509156 -0.054869226515210756 -0.0021543539210726131 -0.042049570288080429 0.008889025298458867 -0.0024284841424138479 0.034241950597752681 0.0061054129995756568 -0.01279282225097849 -0.0039191823804418293 -0.052761164609558334 -0.021107827827327952 0.078782275598172191 0.042588280326064543 0.0078589015305156901 -0.081565508390805355 0.01164036221602939 0.027099443118597966 0.00037852602420752505 -0.015235110752801501 -0.0091323437839963065 -1.165017895601799e-06 0.048702327184980423 0.03022618338022387 -0.072493079548302017 0.063488578582649322 -0.074923841998087673
leaf_weight=4.3817881718277922 100.48585504386574 13.346771533135326 4.5092580689270099 31.381887287134305 3.3610178623348466 18.087820836342871 1120.2472517868737 28.747667040675879 276.43882405885961 9.6452277973294276 97.338604857213795 9.2811324838548881 23.003726057708263 6.8505676239728919 16.681446112692356 252.40831312700175 7.7226841896772367 5.6942736469209194 2.6508919124025843 4.060476213693617 78.404898561537266 125.66667676478392 7589.1164322795812 4.5768225602805614 0.68651426816359151 4.5612287223339081 2.498618193436414 0.41824035346508015
leaf_count=31 468 71 388 250 21 105 5553 131 2352 49 461 47 111 31 83 1182 34 27 25 19 341 1014 36058 21 18 26 16 2
internal_value=-2.45786e-07 0.0012687 -0.000326277 -0.000614239 -0.0204042 -0.0105317 -7.95989e-05 0.0152466 -0.000739414 0.00673162 -0.00213715 -0.00817082 0.00981216 0.021032 0.0222985 0.00543946 -0.0130757 -0.0420081 -0.000153259 -0.00882971 -0.012462 -0.000119949 -0.000149903 0.0259848 -0.0459573 -0.0595774 0.044756 -0.0565714
internal_weight=9842.25 2011.87 7830.39 1496.17 39.3568 31.4346 1456.82 60.1296 1396.69 515.695 132.946 106.62 382.748 107.336 26.3267 275.412 104.841 13.417 7725.55 91.424 82.7867 7719.93 7714.78 8.6373 5.61401 7.92225 5.14951 4.9275
internal_count=48935 10941 37994 8509 223 176 8286 381 7905 2432 640 508 1792 499 132 1293 473 61 37521 412 372 37113 37072 40 408 47 41 390
is_linear=0
shrinkage=0.05


Tree=277
num_leaves=22
num_cat=0
split_feature=3 6 29 30 15 12 3 29 6 44 25 3 42 41 5 23 6 3 25 40 37
split_gain=1.65226 5.19244 5.24534 5.35416 8.3593 6.65624 3.50097 10.7586 10.4526 7.88886 7.04546 3.87221 10.548 13.9783 4.34679 6.599 5.38259 3.20821 2.11444 2.3546 0.911309
threshold=0.75450000000000006 0.44200000000000006 3.2000000000000006 1.4825000000000002 0.33900000000000002 24.500000000000004 0.7965000000000001 3.0510000000000006 0.22900000000000004 0.48800000000000004 511.50000000000006 0.82700000000000007 0.21000000000000002 0.45750000000000007 -0.8909999999999999 -1.6864999999999999 0.25450000000000006 0.58950000000000002 506.50000000000006 0.69400000000000006 0.48250000000000004
decision_type=2 2 2 2 2 2 2 2 2 2 2 2 2 2 2 2 2 2 2 2 2
left_child=1 2 3 5 -5 -1 7 8 9 -2 -10 12 -8 -14 16 -16 -13 -4 -3 -20 -21
right_child=6 18 17 4 -6 -7 11 -9 10 -11 -12 14 13 -15 15 -17 -18 -19 19 20 -22
leaf_value=0.0038808781470572361 0.032584367283580662 0.0044795327630344087 -7.0594571211637732e-05 -0.014017448854230058 -0.00040021100937937383 -0.012140828487304585 0.054782268172642749 -0.055970181401779562 -0.019450913146807719 0.0063969613180258319 0.019437553419947767 0.0028172432670924602 -0.034794763236774627 -0.0022427461120688033 0.045486561757831917 -3.2766657535924239e-05 0.018998761103529042 0.066477626107371457 0.020710277968739685 -0.011472684439074787 -0.060006468301613242
leaf_weight=459.5375897889644 51.905657641589642 2.8188809503335497 3.0080043374327934 183.9208051039459 291.0507863642415 75.473173279315233 6.8233916759490958 6.5089522898197165 40.04590105265379 64.489731639623642 16.423345722258091 289.89694480257458 40.606841463595629 175.56334489025176 7.9699588213115922 8047.6333029393863 62.465291029773653 4.5512257236987352 1.2094932039035473 1.1096843056147898 7.5328205826226622
leaf_count=2937 235 31 30 1062 1584 402 35 28 197 295 79 1684 205 832 50 38726 341 24 16 26 116
internal_value=-2.95611e-07 -0.00189496 -0.00149885 -0.00180942 -0.00567314 0.00162072 0.000221252 0.00713508 0.00951121 0.018075 -0.00814071 7.75646e-05 -0.00642551 -0.00835753 0.000250037 1.22687e-05 0.00568583 0.0399964 -0.0337051 -0.0446305 -0.0537748
internal_weight=9840.55 1030.21 1017.54 1009.98 474.972 535.011 8810.33 179.374 172.865 116.395 56.4692 8630.96 222.994 216.17 8407.97 8055.6 352.362 7.55923 12.6709 9.852 8.6425
internal_count=48935 6228 6039 5985 2646 3339 42707 834 806 530 276 41873 1072 1037 40801 38776 2025 54 189 158 142
is_linear=0
shrinkage=0.05


Tree=278
num_leaves=21
num_cat=0
split_feature=22 26 9 13 24 28 6 8 20 23 8 15 43 8 13 8 40 13 37 40
split_gain=1.61417 3.83076 4.92005 5.35191 4.82324 4.44167 4.29288 4.40441 3.86566 2.64903 2.03099 8.57131 5.69698 2.7959 7.65109 2.98082 1.78824 1.4598 1.20473 0.740902
threshold=-0.84999999999999998 0.19150000000000003 0.86850000000000016 2.6835000000000004 0.97050000000000003 0.62850000000000017 0.35150000000000003 0.12222222222222222 14.500000000000002 -2.4499999999999997 1.0000000180025095e-35 1.0930000000000002 0.68600000000000005 0.18333333333333332 0.71700000000000008 0.29999999999999999 0.74400000000000011 2.8660000000000005 0.55150000000000021 0.77450000000000008
decision_type=2 2 2 2 2 2 2 2 2 2 2 2 2 2 2 2 2 2 2 2
left_child=1 2 3 5 8 -1 7 -6 17 16 11 12 -11 14 -12 -15 -2 -3 -13 -5
right_child=9 4 -4 19 6 -7 -8 -9 -10 10 13 18 -14 15 -16 -17 -18 -19 -20 -21
leaf_value=-0.071639266296838741 0.0075850720102540684 -0.061886340491356322 0.022028133259263338 0.056498933926245325 0.016407532839459948 -0.022994922061535181 -0.053012736390867336 0.085905260491666635 0.062433235124349673 -0.042850572344258375 -0.029749489634493614 0.07301340636203682 0.0054428274033055295 0.0021620217690296339 -0.0020529655134110358 -0.0002375779254851411 0.060456427455974182 0.001567299128361419 0.034122943979580309 -0.0079108835057290303
leaf_weight=6.627474855398769 3.4450519625097504 4.0676315512973842 5.6399768888950339 1.8406712081341532 12.230387295363473 16.074438518611714 1.7675948292016972 2.8020457848906508 0.93888674210757006 6.4420642852783194 25.85140827504074 4.5609279200434667 117.31675545219332 1570.9281810793 703.56535713234916 7346.6526760610759 2.9849757724441588 1.1662894971668718 3.5345453806221485 0.58945289498660702
leaf_count=67 37 148 26 75 223 118 8 13 21 35 315 34 605 7453 3416 36256 34 23 19 9
internal_value=-4.31007e-07 -0.00864187 -0.0201757 -0.0296468 0.00680764 -0.0371959 0.020695 0.0293619 -0.0309884 4.70314e-05 2.59359e-05 0.00618946 0.00292899 -5.83066e-05 -0.00303456 0.000185137 0.0321292 -0.0477468 0.0560335 0.0408756
internal_weight=9839.03 53.7449 30.772 25.132 22.9728 22.7019 16.8 15.0324 6.17281 9785.28 9778.85 131.854 123.759 9647 729.417 8917.58 6.43003 5.23392 8.09547 2.43012
internal_count=48935 731 295 269 436 185 244 236 192 48204 48133 693 640 47440 3731 43709 71 171 53 84
is_linear=0
shrinkage=0.05


Tree=279
num_leaves=31
num_cat=0
split_feature=14 23 22 39 43 10 29 18 24 24 36 10 11 9 22 5 3 24 21 14 3 6 6 3 10 43 1 9 6 21
split_gain=1.61045 4.57406 8.78298 7.40705 7.40669 6.57009 6.71355 5.89737 5.55402 9.92574 6.52801 7.43917 7.04861 5.786 5.7609 4.66257 3.57065 16.5962 9.45896 7.61872 9.09827 7.83058 6.24976 6.1246 10.2216 13.7535 7.42207 7.42182 5.48376 2.62556
threshold=1.2155000000000002 0.222 0.5916666666666669 2.6600000000000006 0.71200000000000008 9.5000000000000018 2.1425000000000005 0.81666666666666676 2.5215000000000001 2.5465000000000004 0.50600000000000012 2.5000000000000004 16.500000000000004 1.9300000000000004 -0.066666666666666638 1.0440000000000003 1.5895000000000004 2.9295000000000004 7.5000000000000009 1.2620000000000002 1.9185000000000001 0.42600000000000005 0.46300000000000008 1.5400000000000003 9.5000000000000018 0.73000000000000009 54.500000000000007 2.0515000000000003 0.49150000000000005 19.500000000000004
decision_type=2 2 2 2 2 2 2 2 2 2 2 2 2 2 2 2 2 2 2 2 2 2 2 2 2 2 2 2 2 2
left_child=1 8 5 4 -4 7 -7 -3 10 14 12 -12 -1 -11 -10 -5 23 18 22 20 -19 -21 -18 26 27 -26 28 -25 -2 -20
right_child=16 2 3 15 -6 6 -8 -9 9 13 11 -13 -14 -15 -16 -17 17 19 29 21 -22 -23 -24 24 25 -27 -28 -29 -30 -31
leaf_value=0.0068249453808936619 0.0008577089481453296 -0.0010644366346724587 -0.05548781538732464 0.075059017943625198 0.011616845105512596 0.0058048808552861242 -0.013982733065405629 -0.025959378485689574 0.011241026156703388 0.0067138519237130781 0.0016965294948673446 -0.0069181090263716943 -0.00053627917413911574 -0.0065951996185676714 0.048398774733290927 0.011337404210091743 -0.015761663969542709 -0.024412512367912378 0.045510826934768621 0.013571951333168845 0.0059970127611835428 0.0013434226558689923 0.033625552246398661 0.003622254769286409 -0.035853152690296271 -0.003302488326238702 0.045695255918314588 0.068903562936913521 -0.0047361607601779376 0.086899380418245659
leaf_weight=428.81529790797504 3232.3959148961585 642.54631003752002 4.4755077441222957 7.1776126767508668 50.635555244982243 51.216990306682419 262.86991448348272 24.703594237565994 22.407794490456581 291.10839216504246 400.00085795717314 670.98759512423567 1345.7594864368439 113.50297084636986 19.516201511025429 4.7841850221157074 12.231539726257326 58.433285087347031 18.874692872166637 146.03603643926908 42.477180412039161 1264.2426939959405 13.449495345354078 48.917597040534019 54.177544187754393 80.922973591834307 8.9465266913175565 4.7792102992534629 506.81510372483172 4.8078439533710471
leaf_count=3069 14939 3048 34 61 343 317 1424 118 97 1322 1919 3350 6221 501 82 22 54 253 78 983 210 7201 57 221 239 351 37 20 2344 20
internal_value=-4.22607e-07 -0.000720372 -0.00359659 0.0139084 0.00616735 -0.00479302 -0.010756 -0.00198612 0.000195595 0.00537993 -0.000617949 -0.00370065 0.00124252 0.00298035 0.0285385 0.0495732 0.000568007 0.00259196 0.0311213 0.00166004 -0.0116119 0.0026097 0.0101031 -0.000234261 -0.00902124 -0.0163558 0.000208345 0.00943253 9.95122e-05 0.0539132
internal_weight=9838.02 4340.51 1048.41 67.0729 55.1111 981.337 314.087 667.25 3292.1 446.535 2845.56 1070.99 1774.57 404.611 41.924 11.9618 5497.51 1560.55 49.3636 1511.19 100.91 1410.28 25.681 3936.95 188.797 135.101 3748.16 53.6968 3739.21 23.6825
internal_count=48935 21928 5367 460 377 4907 1741 3166 16561 2002 14559 5269 9290 1823 179 83 27007 8856 209 8647 463 8184 111 18151 831 590 17320 241 17283 98
is_linear=0
shrinkage=0.05


Tree=280
num_leaves=29
num_cat=0
split_feature=27 22 5 8 27 24 40 27 23 4 27 11 9 39 0 9 0 5 41 3 40 17 8 37 39 59 41 5
split_gain=1.63462 4.28864 7.15111 6.78753 3.74978 4.16428 3.62394 7.79633 7.66316 7.07586 9.73276 8.13055 6.14333 4.30111 5.17259 5.6353 4.17158 3.76721 8.24067 3.87119 3.01629 5.29597 5.63342 5.6239 4.60214 6.54802 5.61641 2.67283
threshold=0.25550000000000006 0.70000000000000018 1.4645000000000004 0.93333333333333346 0.25750000000000006 3.6010000000000004 0.75850000000000006 0.24850000000000003 0.63650000000000018 1.6860000000000002 0.22550000000000003 52.500000000000007 1.4190000000000003 2.7775000000000003 15.500000000000002 0.58950000000000002 2.5000000000000004 0.98350000000000015 0.52750000000000019 0.96250000000000002 0.78200000000000014 0.12250000000000001 0.70000000000000007 0.54100000000000015 2.6820000000000004 15.500000000000002 0.50300000000000011 1.5750000000000002
decision_type=2 2 2 2 2 2 2 2 2 2 2 2 2 2 2 2 2 2 2 2 2 2 2 2 2 2 2 2
left_child=6 20 4 -4 -3 -6 13 9 12 11 -11 -8 -9 17 15 -15 -10 19 -19 -1 24 23 -23 -22 26 -26 -2 -5
right_child=1 2 3 27 5 -7 7 8 16 10 -12 -13 -14 14 -16 -17 -18 18 -20 -21 21 22 -24 -25 25 -27 -28 -29
leaf_value=-0.00085301243910285228 -0.0017606452260220209 0.08178968886651343 0.077925939937099786 -0.089896039597701427 0.011865245905036475 0.062406295178198873 -0.0042456529017391243 0.013051295622388395 0.059839042523358456 -0.0033759538273290244 0.017260295591787076 -0.029692447748577766 -0.0068733354644093213 -0.086413623901039127 0.045848270903292229 -0.012006431801288015 0.018166556395771017 -0.0037685565784614395 0.030977655432568332 0.002519696400848594 0.0034753643779725472 -0.0019232858606305647 0.032274144796338264 0.047851636008077097 -0.012791157881293392 -0.00076839079530639581 0.0043465345360153519 -0.023444815536892635
leaf_weight=1128.2626290609696 2084.496787367556 2.8634612065507126 1.3203204814344625 2.2931228457018733 21.288180024246689 5.040618290717247 963.57838698596606 82.024169538068236 9.2627576860832068 150.75465771876043 92.008047730079852 32.447205945849419 73.222232408821583 2.6612625339766955 3.6714766900986424 58.068842864595354 17.07717310206499 538.45247086294694 17.622744634049013 3459.653271490999 14.713385958224537 125.0976597449262 13.325541023164986 13.870017210952936 203.42050788706547 255.49091687781038 459.43202255743381 4.4493867916753516
leaf_count=5699 10560 23 9 16 145 68 4719 402 48 787 473 141 334 18 18 314 93 3225 112 16240 78 614 65 77 1108 1163 2258 128
internal_value=-4.21979e-07 -0.000927107 0.0159384 -0.0257441 0.027451 0.0215413 0.000447923 -0.00179077 0.00788467 -0.00320903 0.00444527 -0.00507462 0.00365381 0.00105843 -0.0117829 -0.015267 0.0328212 0.0012192 -0.0026674 0.00169028 -0.00112533 0.00541481 0.00136879 0.0250088 -0.00148906 -0.00609769 -0.000657692 -0.0460448
internal_weight=9835.87 3207.1 37.2551 8.06283 29.1923 26.3288 6628.77 1420.37 181.586 1238.79 242.763 996.026 155.246 5208.39 64.4016 60.7301 26.3399 5143.99 556.075 4587.92 3169.85 167.007 138.423 28.5834 3002.84 458.911 2543.93 6.74251
internal_count=48935 16312 389 153 236 213 32623 6997 877 6120 1260 4860 736 25626 350 332 141 25276 3337 21939 15923 834 679 155 15089 2271 12818 144
is_linear=0
shrinkage=0.05


Tree=281
num_leaves=25
num_cat=0
split_feature=39 3 0 13 25 19 24 1 11 4 25 8 11 31 8 4 16 16 19 11 11 13 20 24
split_gain=1.59592 5.01685 6.52159 5.50393 5.47374 4.89257 4.3885 7.35089 7.04786 4.18635 4.74427 4.71655 2.72464 2.47116 7.91725 9.34331 6.56044 4.7018 2.60843 2.24951 4.40969 2.11214 8.13167 5.67281
threshold=2.4030000000000005 1.6730000000000003 2.5000000000000004 1.3920000000000001 509.50000000000006 1.9110000000000003 3.0455000000000005 13.500000000000002 26.500000000000004 0.84800000000000009 510.50000000000006 0.63333333333333341 16.500000000000004 0.85350000000000004 0.23611111111111113 1.1635000000000002 0.64500000000000013 0.41050000000000003 1.9575000000000002 64.500000000000014 67.500000000000014 1.1060000000000001 -12.499999999999998 1.7145000000000004
decision_type=2 2 2 2 2 2 2 2 2 2 2 2 2 2 2 2 2 2 2 2 2 2 2 2
left_child=1 2 4 9 -1 -5 8 -8 -4 10 -3 -11 -6 19 18 16 -16 -17 -15 21 -21 23 -23 -2
right_child=13 3 6 5 12 -7 7 -9 -10 11 -12 -13 -14 14 15 17 -18 -19 -20 20 -22 22 -24 -25
leaf_value=-0.064125636096799374 -0.013085384222120711 0.039814226757870073 -0.0061070414735634989 -0.056395762525657547 0.021738614085877937 0.027404168153476322 -0.019196187205710848 0.049908664049972892 0.012463666133617296 0.090716986883656439 -0.014892459166457256 0.02746617514465946 -0.03170986694592641 -0.022356172599267091 -0.021134985021200772 0.034846858860641899 0.024906253859104027 0.0031939550646043059 -0.068033875547879666 -0.04165815468757042 0.019783695311512289 0.039600400696026439 0.00051540523831879658 -0.00061269448242546286
leaf_weight=6.6886314060539034 93.628887284503435 8.5273547042161244 126.95478972743877 3.8229731071041888 4.7434145249426347 3.1994469934143126 5.7071040421724346 11.814979836344717 85.497333906590939 4.9840276669710857 7.4040199746377757 7.2125949915498495 4.794443778693676 6.4213385581970197 62.369930811866652 15.565218343050217 8.8328460901975614 47.641192908864468 6.08923007681733 8.5939081162214261 4.423296943306922 13.338063581148161 5825.109280728444 3461.1646523310337
leaf_count=33 1285 44 699 26 23 18 28 52 386 26 41 37 21 30 332 100 41 252 39 38 20 97 27717 17550
internal_value=-3.19244e-07 0.00371117 0.00118837 0.0213813 -0.0294474 -0.0182161 0.00334997 0.0274006 0.00136639 0.0312672 0.0143896 0.053313 -0.00512861 -0.000109626 -0.00654413 -0.00300301 -0.0154235 0.0109888 -0.0445887 -9.12362e-06 -0.02078 1.96607e-05 0.000604696 -0.00094121
internal_weight=9834.53 281.351 246.201 35.1504 16.2265 7.02242 229.974 17.5221 212.452 28.128 15.9314 12.1966 9.53786 9553.18 146.92 134.409 71.2028 63.2064 12.5106 9406.26 13.0172 9393.24 5838.45 3554.79
internal_count=48935 1434 1242 192 77 44 1165 80 1085 148 85 63 44 47501 794 725 373 352 69 46707 58 46649 27814 18835
is_linear=0
shrinkage=0.05


Tree=282
num_leaves=23
num_cat=0
split_feature=7 25 4 30 43 17 1 40 14 17 28 17 7 29 32 17 22 14 40 17 24 8
split_gain=1.6281 5.30533 2.72367 2.97186 6.55716 1.87783 4.78854 6.3114 11.3918 6.06263 4.04951 2.96977 8.46882 9.51301 8.55519 2.77169 4.43462 2.72567 1.85273 1.71618 2.24594 1.28234
threshold=0.73850000000000005 505.50000000000006 1.7110000000000001 1.4525000000000003 0.77150000000000019 0.50850000000000006 26.500000000000004 0.72650000000000003 0.98350000000000015 0.63950000000000007 0.19800000000000004 0.46300000000000008 0.070000000000000021 1.9410000000000003 0.51750000000000018 0.45650000000000007 0.25833333333333336 1.0000000180025095e-35 0.70550000000000013 0.49150000000000005 2.9690000000000007 0.4555555555555556
decision_type=2 2 2 2 2 2 2 2 2 2 2 2 2 2 2 2 2 2 2 2 2 2
left_child=5 21 3 4 -3 11 7 9 -9 -7 -8 15 14 -14 -13 17 -17 -1 -5 -4 -21 -2
right_child=1 2 19 18 -6 6 10 8 -10 -11 -12 12 13 -15 -16 16 -18 -19 -20 20 -22 -23
leaf_value=-0.018945269777336397 0.018149634406045081 -0.016434692292500122 0.11598766705579262 0.0073828664857155356 0.13669813249881455 0.031486157435619271 0.0017855187056313928 0.029457061592026795 -0.013619761532404392 -0.0028317693740147649 0.062286949213353496 -0.003416873215200315 0.03968984866368775 -0.011630576283813841 0.039098189682529386 0.0045567689176221607 0.054661933347028138 8.8637809908051471e-05 -0.043831184941660863 -0.0828195686952648 0.052114288619913823 0.085022181814997669
leaf_weight=18.846581457881257 1.4297821954969578 5.0557386150394512 0.50343751907348533 2.0343913468750534 0.81123891967581574 30.232985662296414 4.7860651314258558 19.326698125863913 74.548186948988587 22.407896667078603 6.551913395524025 29.782059685676359 9.4342101211659593 210.64151730149752 19.633158645126969 17.309244599193338 5.9285438247025004 9337.4565863195749 13.382425766398226 0.45601233094930627 0.95261005591601133 1.4377693182541404
leaf_count=439 36 137 3 41 11 168 22 171 402 183 30 218 61 1229 141 84 28 45167 276 3 73 12
internal_value=-2.27016e-07 -0.0124803 -0.0204119 -0.0255473 0.00473929 3.29409e-05 0.00544232 0.00301978 -0.00475123 0.0168779 0.0367477 -5.5554e-05 -0.00523053 -0.00943057 0.0134748 9.31323e-05 0.0173399 5.02974e-05 -0.037073 0.0367511 0.00843225 0.051679
internal_weight=9832.95 26.0634 23.1959 21.2838 5.86698 9806.89 157.854 146.516 93.8749 52.6409 11.338 9649.03 269.491 220.076 49.4152 9379.54 23.2378 9356.3 15.4168 1.91206 1.40862 2.86755
internal_count=48935 592 544 465 148 48343 976 924 573 351 52 47367 1649 1290 359 45718 112 45606 317 79 76 48
is_linear=0
shrinkage=0.05


Tree=283
num_leaves=26
num_cat=0
split_feature=40 2 4 23 9 15 4 17 5 8 30 39 9 4 29 9 16 40 14 1 4 40 27 44 9
split_gain=1.58379 5.20124 3.75045 7.97283 7.9727 6.88011 8.08105 5.93195 3.12674 3.4543 2.15316 2.02432 4.03647 5.22827 9.81818 6.54776 3.08093 2.05393 9.78163 9.09286 6.87233 4.84986 8.04392 4.61806 0.960548
threshold=0.68100000000000016 3.5000000000000004 1.6100000000000001 -0.54549999999999976 0.87750000000000006 0.31100000000000005 1.6810000000000003 0.26000000000000006 0.66100000000000014 0.43055555555555564 1.5360000000000003 2.3915000000000002 0.75450000000000006 1.2365000000000002 2.6780000000000004 1.3770000000000002 0.35150000000000003 0.69700000000000006 0.85450000000000015 13.500000000000002 1.0975000000000004 0.71500000000000008 0.21300000000000002 0.44900000000000007 0.98350000000000015
decision_type=2 2 2 2 2 2 2 2 2 2 2 2 2 2 2 2 2 2 2 2 2 2 2 2 2
left_child=1 8 3 7 -5 6 -4 -3 9 24 -7 12 16 15 -15 -14 -2 18 20 -20 -13 22 -19 -23 -1
right_child=11 2 5 4 -6 10 -8 -9 -10 -11 -12 17 13 14 -16 -17 -18 21 19 -21 -22 23 -24 -25 -26
leaf_value=0.018167637100248542 -0.054495754193709972 -0.049519338379316449 0.049531716272167681 0.056111838664117175 -0.0069431661615675577 0.072963335321278786 -0.024752905501959216 0.0070695665623871336 0.079793075908791478 -0.041304810366084098 0.025454243906497816 -0.031906774089401263 -0.027278504319374921 0.053824472551413066 -0.0040206018433817875 0.011698835379592327 0.0039757647985403368 0.0040924027654556036 0.014684253312644805 0.0012500161533101099 -0.0033201321487529635 0.0081831954543065532 -0.0052153016822413982 9.3899881208016391e-05 0.071762332253531111
leaf_weight=1.7783890595892438 4.390971818007527 18.544609053060416 4.8093283548951211 5.2250793054699889 123.56760404631495 3.8472111597657186 15.334220498800276 6.1723802015185347 2.6300752275856212 1.8792267404496668 6.2742131650447845 30.520062310832145 14.455317403699153 16.235649477690462 13.381882607936857 42.317887676646933 4.6265890160575509 303.40872459176899 169.63693083496764 489.13646994531155 67.571662790142 180.79188040761073 988.01327270670299 7316.3943982228047 1.5776848847599465
leaf_count=25 27 86 21 28 568 19 74 29 36 18 31 236 82 74 62 205 30 1521 1011 2205 342 904 4962 36322 17
internal_value=-3.1165e-07 -0.00450123 -0.00620534 -0.00937688 -0.00438504 0.00988134 -0.00701725 -0.0353878 0.0353153 0.0129709 0.0435127 8.91569e-05 0.00733613 0.0106588 0.0276887 0.00177461 -0.0244961 1.67225e-05 0.00251601 0.00470939 -0.0122145 -0.000198513 -0.00302853 0.00028897 0.0433624
internal_weight=9832.52 191.64 183.775 153.51 128.793 30.265 20.1435 24.717 7.86538 5.2353 10.1214 9640.88 95.4083 86.3907 29.6175 56.7732 9.01756 9545.47 756.865 658.773 98.0917 8788.61 1291.42 7497.19 3.35607
internal_count=48935 952 856 711 596 145 95 115 96 60 50 47983 480 423 136 287 57 47503 3794 3216 578 43709 6483 37226 42
is_linear=0
shrinkage=0.05


Tree=284
num_leaves=21
num_cat=0
split_feature=24 13 25 26 24 25 44 3 44 14 13 15 9 13 1 28 24 2 29 40
split_gain=1.5634 1.72086 2.61779 2.20784 2.03626 1.72293 5.2589 6.1966 6.08913 2.64962 7.33462 2.97341 1.42692 1.34336 2.37482 0.00201433 0.000460868 0.000131641 1.95657e-05 3.38938e-06
threshold=5.5360000000000005 1.0000000180025095e-35 514.50000000000011 0.50550000000000017 3.3285000000000005 513.50000000000011 0.42450000000000004 1.0365000000000002 0.41650000000000004 2.5190000000000006 0.83650000000000013 -1.7099999999999997 1.4915000000000003 0.49150000000000005 5.5000000000000009 0.11600000000000002 5.9170000000000007 1.5000000000000002 2.3540000000000005 0.71650000000000003
decision_type=2 2 2 2 2 2 2 2 2 2 2 2 2 2 2 2 2 2 2 2
left_child=1 2 3 12 -5 9 8 -8 -7 11 -11 -3 -1 14 18 -15 -17 -18 -2 -20
right_child=13 5 -4 4 -6 6 7 -9 -10 10 -12 -13 -14 15 -16 16 17 -19 19 -21
leaf_value=0.0041001868184465228 0.050945070785537144 0.015853143809524243 0.060316781186451368 -0.054406958308930942 0.0081718815753557047 -0.00091273628576981247 -0.010328857814607 -3.0205668477036617e-05 0.060900312144526451 -0.037533574533423673 0.010029926371249942 0.00019846166431180731 -0.052112276156785653 0.055320348988969585 -0.03468965781338882 0.052430089632428373 0.050229222640381245 0.051139197233662004 0.050718043127331941 0.050507672767612179
leaf_weight=1.3972915373851744 0.51091835834085875 30.434840863570571 1.0525658465121512 1.6052740911545678 6.8339455709792674 9.2100197696127015 203.93697060385603 514.66700670623686 7.0215941965579978 16.428332032635808 15.998615272343157 9011.0519433225272 5.8785691892844625 0.34546749526634846 1.7922070212662218 0.59722286416217718 0.61081498287967395 1.1377453892491756 0.26069836737588048 0.72097204672172666
leaf_count=126 30 164 22 122 97 45 1120 2437 33 121 176 43763 289 8 14 18 183 70 20 77
internal_value=-3.98945e-07 -1.59487e-05 -0.0160202 -0.0211331 -0.00373161 1.14098e-05 -0.00231721 -0.00295292 0.0258268 0.000199989 -0.014067 0.000251157 -0.041317 0.0255658 0.00410816 0.0517559 0.0512309 0.0508213 0.0506941 0.0505635
internal_weight=9831.49 9825.52 16.7676 15.7151 8.43922 9808.75 734.836 718.604 16.2316 9073.91 32.4269 9041.49 7.27586 5.97605 3.2848 2.69125 2.34578 1.74856 1.49259 0.98167
internal_count=48935 48515 656 634 219 47859 3635 3557 78 44224 297 43927 415 420 141 279 271 253 127 97
is_linear=0
shrinkage=0.05


Tree=285
num_leaves=31
num_cat=0
split_feature=30 7 17 26 4 17 17 23 14 43 17 3 12 7 21 40 24 17 17 19 8 30 8 9 28 30 24 14 22 9
split_gain=1.57313 5.25584 9.93179 8.22775 6.14858 5.93916 5.74582 7.41729 6.16287 6.15249 6.15128 9.64896 6.88219 4.48751 10.6767 6.89301 6.84288 7.01747 6.07771 9.12497 7.18655 8.19568 7.15355 7.02178 5.90637 4.72305 4.37075 4.2367 9.50624 6.8371
threshold=1.5430000000000004 0.068000000000000019 0.24550000000000002 0.12200000000000001 2.1890000000000005 0.20750000000000002 0.21550000000000002 1.2540000000000002 1.5965000000000003 0.73000000000000009 0.17500000000000002 1.2245000000000001 7.5000000000000009 0.054500000000000007 10.500000000000002 0.75700000000000012 1.6665000000000003 0.36750000000000005 0.070000000000000021 2.2545000000000006 0.78888888888888908 1.5275000000000001 0.78888888888888908 2.3140000000000005 0.23650000000000002 1.4800000000000002 1.4040000000000001 1.0575000000000003 -0.21111111111111108 0.98350000000000015
decision_type=2 2 2 2 2 2 2 2 2 2 2 2 2 2 2 2 2 2 2 2 2 2 2 2 2 2 2 2 2 2
left_child=13 2 3 4 -2 -5 10 8 -8 -9 12 -12 -3 14 16 -16 24 -18 19 22 23 -22 -15 -20 -1 -17 -21 28 -4 -29
right_child=1 6 27 5 -6 -7 7 9 -10 -11 11 -13 -14 18 15 25 17 -19 20 26 21 -23 -24 -25 -26 -27 -28 29 -30 -31
leaf_value=0.047993996276277158 -0.058883701273465254 0.0075531839896590932 0.0031717183488396438 0.0033462245345734277 0.019665831398417963 -0.030619287161562883 -0.00397742164533515 -0.0031230781510501993 0.0032484419770963074 -0.037085449957932011 -0.0038598022783166326 0.010033688179964187 -0.0031625781320730366 0.012881999793436362 -0.013047644504009089 -0.081526968685123838 -0.001949361745807705 0.01908773874663286 9.0732630104690211e-05 -0.043485341866326778 0.0038728919019485625 0.023683489127933343 -0.015115942507364361 -0.02320902178326955 -0.02050344788176749 -0.023627647944702741 -0.00515286845270564 0.046188943256152748 0.046026041899310623 0.0030013316007637906
leaf_weight=3.319404548732563 10.10683596646413 180.56151790823787 23.369134839624166 182.6712093319511 3.3063034090155261 13.845821261405943 1575.1328786346821 24.692151277558878 363.10637704178225 28.992613522219472 192.11525663547218 357.54431142099202 880.57931767776608 265.84344160615001 23.727957788854837 8.2778483331203443 295.26993296621367 45.788763675140217 4663.1938265367971 10.365533558186142 357.36029309727019 61.138991519808769 24.956110678613186 32.56167178042233 60.632213958888315 6.1308947578072539 26.315694484859705 10.540670013055204 28.999106313101947 70.17621974973008
leaf_count=42 68 1037 131 1660 38 64 7231 139 1833 159 847 1655 4072 1350 112 37 2214 274 22325 73 1615 282 128 170 584 31 132 62 158 412
internal_value=-3.79563e-07 -0.000772824 0.00514123 -0.00163291 -0.0395214 0.000953147 -0.0013359 -0.00313152 -0.00262374 -0.0214646 0.000884576 0.00517768 -0.00133921 0.000517534 -0.00432083 -0.0296124 -0.00193931 0.00087497 0.000911546 0.00751498 0.000488709 0.00676704 0.0104792 -7.08343e-05 -0.0169481 -0.0568909 -0.015985 0.0158269 0.0269025 0.00864112
internal_weight=9830.62 3945.74 343.015 209.93 13.4131 196.517 3602.72 1991.92 1938.24 53.6848 1610.8 549.66 1061.14 5884.88 443.147 38.1367 405.01 341.059 5441.74 327.481 5114.25 418.499 290.8 4695.76 63.9516 14.4087 36.6812 133.085 52.3682 80.7169
internal_count=48935 19566 2593 1830 106 1724 16973 9362 9064 298 7611 2502 5109 29369 3294 180 3114 2488 26075 1683 24392 1897 1478 22495 626 68 205 763 289 474
is_linear=0
shrinkage=0.05


Tree=286
num_leaves=31
num_cat=0
split_feature=18 18 30 24 5 10 42 11 23 15 13 23 3 44 31 33 33 32 15 25 18 31 44 3 4 9 5 27 24 24
split_gain=1.60496 4.71857 5.5712 7.65644 7.34018 6.43256 13.1019 7.62958 5.27267 9.00064 7.98474 6.17598 4.82227 4.50378 8.73083 5.95493 8.08721 6.04084 5.57021 10.7933 5.17835 8.35429 9.23464 6.09025 4.47045 4.16266 13.2442 6.85908 3.11547 2.83908
threshold=0.59166666666666679 0.51666666666666672 1.3690000000000002 1.7970000000000004 -0.50849999999999984 10.500000000000002 0.22700000000000004 39.500000000000007 -1.1094999999999997 0.72900000000000009 1.8040000000000003 -1.1654999999999998 0.33900000000000002 0.46500000000000008 0.66750000000000009 0.30100000000000005 0.32450000000000007 0.46350000000000008 0.42200000000000004 510.50000000000006 0.63333333333333341 0.79800000000000015 0.51550000000000018 1.9185000000000001 1.7110000000000001 1.1015000000000004 -0.45249999999999996 0.22050000000000003 1.5085000000000002 1.8745000000000003
decision_type=2 2 2 2 2 2 2 2 2 2 2 2 2 2 2 2 2 2 2 2 2 2 2 2 2 2 2 2 2 2
left_child=1 8 3 28 -5 7 -7 -4 9 11 -11 -1 -10 14 18 17 -17 -16 24 -20 21 22 -15 -23 -2 27 -27 -22 -3 -14
right_child=13 2 5 4 -6 6 -8 -9 12 10 -12 -13 29 20 15 16 -18 -19 19 -21 25 23 -24 -25 -26 26 -28 -29 -30 -31
leaf_value=-0.017042646669691384 -0.025903238579127952 0.010066725664926043 -0.00042714488798236664 0.047471266204097924 0.0039279522767677304 0.033198954868783902 -0.021931061553871596 -0.013744774614301451 -0.027180235716039575 0.10760571285315185 0.023430270774234725 0.034187546641267871 -0.0052499179256729643 -0.0013848014473994974 -0.0050841157492032118 -0.024541879760474561 -0.0018214192095554475 0.010005146774002882 -0.035813901970779376 0.028011123811633482 -0.0076755585402490251 0.012363725291817656 0.014532836462761165 0.04231035526892421 -0.07868450324077142 0.024271286715594451 0.0011539542521072285 0.0018326869174425287 -0.057062115509691549 0.00020660327806477439
leaf_weight=25.791619956493378 35.364949841983616 2.6622274532564907 532.53588494949508 16.05062397569418 24.378421489149332 12.069042946532134 100.67234674156134 134.7582236751914 16.394659398614749 3.064594253897666 34.910543263657019 7.6213222295045844 248.96372752767638 354.91355380287132 108.85736879240721 50.028250562492758 180.37810252458439 169.77644975075964 12.628751786425712 13.930668197688645 331.73000637028599 119.74139923881739 122.59072136126633 19.782616959419101 4.5250399708747855 65.967480561695993 1019.1511762649752 442.92141762756364 4.9274994321167469 5612.3878441532142
leaf_count=131 179 25 2559 77 125 58 470 594 353 16 179 34 1648 1664 544 234 899 817 70 91 1686 558 568 114 21 320 4803 2480 30 27588
internal_value=-3.03887e-07 -0.000429075 -0.00396536 0.0125644 0.021215 -0.00498293 -0.0160294 -0.0031166 6.31379e-05 0.0135699 0.0302232 -0.0053573 -0.000100908 0.000951723 -0.00303277 -0.00080767 -0.00675472 0.00411004 -0.0200783 -0.00233707 0.00187753 0.00584668 0.00270177 0.0166098 -0.0318906 0.000560657 0.00255932 -0.00223904 -0.0335155 -2.51651e-05
internal_weight=9829.48 6777.19 828.054 48.0188 40.429 780.035 112.741 667.294 5949.13 71.3881 37.9751 33.4129 5877.75 3052.29 575.49 509.04 230.406 278.634 66.4494 26.5594 2476.8 617.028 477.504 139.524 39.89 1859.77 1085.12 774.651 7.58973 5861.35
internal_count=48935 33887 3938 257 202 3681 528 3153 29949 360 195 165 29589 15048 2855 2494 1133 1361 361 161 12193 2904 2232 672 200 9289 5123 4166 55 29236
is_linear=0
shrinkage=0.05


Tree=287
num_leaves=29
num_cat=0
split_feature=22 4 1 14 3 24 39 16 17 3 14 23 18 18 36 19 33 20 28 30 18 14 32 16 18 17 24 30
split_gain=1.59013 9.11328 7.92624 7.01389 9.91302 4.92093 5.78413 8.91796 7.58187 4.58065 4.54455 4.49814 4.06223 10.3648 10.9011 10.4358 6.04871 10.9194 5.99763 5.6293 4.52973 8.75611 10.7237 9.89858 5.2426 9.90847 3.65166 2.61515
threshold=-0.45555555555555544 0.96650000000000003 43.500000000000007 0.91100000000000014 0.96650000000000003 1.2565000000000002 2.6190000000000002 0.27450000000000008 0.24550000000000002 1.3965000000000003 0.87250000000000016 -1.4909999999999997 0.70000000000000007 0.74166666666666681 0.48400000000000004 1.8545000000000003 0.20050000000000004 1.0000000180025095e-35 0.24850000000000003 1.5160000000000002 0.59166666666666679 1.0890000000000002 0.54950000000000021 0.68300000000000016 0.51666666666666672 0.23900000000000002 1.2070000000000003 1.5360000000000003
decision_type=2 2 2 2 2 2 2 2 2 2 2 2 2 2 2 2 2 2 2 2 2 2 2 2 2 2 2 2
left_child=1 2 3 4 -1 10 8 -8 -7 -5 11 -3 20 14 19 -16 17 -15 -18 -14 24 22 -22 -23 26 -26 -2 -12
right_child=12 5 -4 9 -6 6 7 -9 -10 -11 27 -13 13 16 15 -17 18 -19 -20 -21 21 23 -24 -25 25 -27 -28 -29
leaf_value=-0.056432532892204658 0.030240344547337334 0.007289097013101928 0.052140348072971576 -0.036559105322617046 0.030017184883453243 0.0022450663460952727 -0.052349660442074425 -0.0002676438382045833 0.013649648255533393 -0.095088127359460206 -0.075263339922551242 -0.015088793693398474 0.010012332123619717 0.039599246510778854 -0.035533508929360344 -0.0083777906473217409 -0.020789244024138606 -0.027811191093252932 0.0046477840501943325 -0.018878948699469923 -0.0058643616656114247 0.0057618672623117248 0.0075598837847460553 0.062018197474290153 -0.013985889647866324 -0.0010352534548842447 -1.2563385547335961e-05 -0.016256791743532888
leaf_weight=5.3883497013448496 9.9914735050006112 41.301475638523698 3.2151479870080939 14.750788521720098 8.6222146898508054 378.52026249154005 8.4401348298415524 313.99953110422939 236.96690533624496 4.3224951177835456 3.7038247101008883 49.214743731427006 58.932485254481435 7.1812521368265143 66.560812752111815 75.519282510969788 24.913705591112375 36.749775388278067 331.71412373764178 23.616669088602066 456.39030367552914 742.13707943249028 220.70980156678706 7.9026039724703869 197.94448502338491 581.79677406244082 5913.35589670029 3.8086223900318146
leaf_count=68 287 368 14 80 49 1925 41 1549 1080 18 25 454 292 33 296 353 122 178 1549 108 2244 3501 1012 45 908 2799 29518 19
internal_value=-3.85819e-07 0.00181702 -0.0228083 -0.0300919 -0.00323068 0.00267987 0.00379394 -0.00163094 0.00663591 -0.0498233 -0.00797949 -0.00487803 -0.000222958 -0.00410679 -0.0127037 -0.0210995 0.000714291 -0.0167918 0.00287078 0.00174676 7.56953e-05 0.00263345 -0.00148855 0.0063546 -0.000468871 -0.00432289 3.84671e-05 -0.0453485
internal_weight=9827.67 1072.25 36.299 33.0838 14.0106 1035.96 937.927 322.44 615.487 19.0733 98.0287 90.5162 8755.42 625.188 224.629 142.08 400.559 43.931 356.628 82.5492 8130.23 1427.14 677.1 750.04 6703.09 779.741 5923.35 7.51245
internal_count=48935 5690 229 215 117 5461 4595 1590 3005 98 866 822 43245 2931 1049 649 1882 211 1671 400 40314 6802 3256 3546 33512 3707 29805 44
is_linear=0
shrinkage=0.05


Tree=288
num_leaves=27
num_cat=0
split_feature=20 21 14 29 22 4 17 5 8 24 29 0 4 24 59 27 24 42 14 4 33 14 17 4 12 4
split_gain=1.5453 7.13499 8.06054 9.51986 9.86917 8.60613 6.10199 4.47143 7.17604 7.12502 5.66163 5.33673 4.57143 4.40384 6.19753 4.48396 5.55283 4.34896 4.25826 7.92111 5.87049 4.10331 3.25157 3.05942 0.000967964 1.09787e-05
threshold=-6.4999999999999991 12.500000000000002 1.6100000000000001 2.0835000000000004 -1.0000000180025095e-35 0.71700000000000008 0.15200000000000002 1.3140000000000003 0.54444444444444462 3.9095000000000004 2.4625000000000004 2.5000000000000004 1.0975000000000004 2.1425000000000005 4.5000000000000009 0.32050000000000006 2.5215000000000001 0.27750000000000008 1.5690000000000002 1.5810000000000002 0.34950000000000003 1.0645000000000002 0.19600000000000004 0.7400000000000001 2.5000000000000004 0.46450000000000008
decision_type=2 2 2 2 2 2 2 2 2 2 2 2 2 2 2 2 2 2 2 2 2 2 2 2 2 2
left_child=13 7 5 -4 -5 17 -7 9 22 11 -10 -2 -11 14 24 18 -17 -3 20 -20 -15 -16 -9 -18 25 -1
right_child=1 2 3 4 -6 6 -8 8 10 12 -12 -13 -14 15 21 16 23 -19 19 -21 -22 -23 -24 -25 -26 -27
leaf_value=-0.050185756101317182 0.0060406753782120967 -0.0012689027361172294 -0.070716237969628185 -0.045116564857718061 0.0073208246483383466 0.047218280851671041 0.014922950593869728 -0.021114851233865306 0.022148760366728835 -0.0057498994517162219 -0.01195624041888976 -0.00020207139090381047 0.045880958751681127 -0.0021180884354982882 0.094803231343612238 0.019087407460513232 0.0046240781908185183 -0.053558380631051707 0.001901808309578255 -0.022885785439082349 -0.014248163884764992 0.011942671053547996 -0.085468179533047112 -0.053307984252270874 -0.05317650838288919 -0.050842700492101704
leaf_weight=0.31793490494601329 359.67193270195276 12.458405494689943 5.1173734515905371 10.470109507441519 62.754136566072702 16.315781474113464 141.24162655323744 3.6024508033879092 14.462129255407488 6.2047403762117055 76.736201253952459 7106.2208796588748 13.872400735184781 829.63850564649329 3.4884963645599782 5.1431258562952307 2.8567457650788119 5.8406823948025695 982.80162593605928 33.322561259265058 113.37481096945703 2.6133953779935837 4.3127623191103339 11.268487476976587 1.1595149410422889 0.079498653416521847
leaf_count=124 1658 55 26 47 290 73 636 22 86 104 467 34759 385 3770 31 31 22 26 5401 256 521 21 23 60 35 6
internal_value=-4.92933e-07 0.000315124 0.00855504 -0.00478475 -0.000177036 0.0144977 0.0182673 3.89808e-05 -0.0105115 0.000178668 -0.00654791 9.86751e-05 0.0299247 -0.00124628 0.036595 -0.00139277 -0.0253951 -0.0179586 -0.0011567 0.00108893 -0.00357644 0.0593147 -0.0561791 -0.0415916 -0.0524466 -0.0503172
internal_weight=9825.35 7839.28 254.198 78.3416 73.2242 175.856 157.557 7585.08 99.1135 7485.97 91.1983 7465.89 20.0771 1986.06 7.65884 1978.41 19.2684 18.2991 1959.14 1016.12 943.013 6.10189 7.91521 14.1252 1.55695 0.397434
internal_count=48935 38657 1153 363 337 790 709 37504 598 36906 553 36417 489 10278 217 10061 113 81 9948 5657 4291 52 45 82 165 130
is_linear=0
shrinkage=0.05


Tree=289
num_leaves=29
num_cat=0
split_feature=26 23 42 42 3 15 14 17 24 16 16 17 31 3 24 15 31 40 19 1 16 15 39 20 4 15 37 28
split_gain=1.51247 6.45224 6.33631 7.51768 9.30696 5.53045 6.03121 5.2129 5.47484 6.84582 5.03159 4.56353 11.2317 6.16892 2.71704 7.45508 10.7084 7.87072 7.15263 6.34714 6.20843 7.37418 6.19716 5.7459 5.47566 5.39585 4.88511 4.80194
threshold=0.63600000000000012 0.46099999999999991 0.31100000000000005 0.29800000000000004 1.8985000000000001 -0.37249999999999994 1.6380000000000001 0.08900000000000001 3.2415000000000007 0.44200000000000006 0.22900000000000004 0.14050000000000004 0.79550000000000021 1.2830000000000001 3.0015000000000005 -1.0409999999999997 0.82650000000000012 0.78000000000000014 0.70200000000000007 2.5000000000000004 0.51950000000000018 0.96350000000000013 2.4790000000000005 -6.4999999999999991 0.93550000000000011 0.46300000000000008 0.41650000000000004 0.35900000000000004
decision_type=2 2 2 2 2 2 2 2 2 2 2 2 2 2 2 2 2 2 2 2 2 2 2 2 2 2 2 2
left_child=14 7 3 10 -5 6 -4 8 9 -2 -3 12 -9 -13 15 16 17 -1 19 -17 21 27 24 -20 -22 -24 -23 -16
right_child=1 2 5 4 -6 -7 -8 11 -10 -11 -12 13 -14 -15 20 18 -18 -19 23 -21 22 26 25 -25 -26 -27 -28 -29
leaf_value=-0.017887990129075822 -0.086297264084654615 -0.003802123945628455 -0.014214484701675974 9.4330474548856848e-05 -0.053446103689798921 0.0763156831692441 0.036083790383881605 -0.026655791824137187 0.011116854131588789 -0.014092671117560405 0.0056809868421610699 0.0051172869465950623 0.072213209725952229 -0.020068328388405901 0.0027308626590316879 -0.033396308390374212 0.064725778077144039 0.021987819218456897 -0.0061983148915394541 0.010333804886366871 0.0084828892814705539 -0.10254119469646411 0.032877883332324651 4.6112953944177078e-05 -0.0849325439378531 0.0084145653142539464 -0.011926454022977095 -0.004023313652163892
leaf_weight=125.6047304449603 7.2038314491510409 327.22197871713433 10.64794332766906 17.744020723272115 14.960112213506362 4.1654852032661429 13.53667672537267 5.8701262623071653 4.3763726581819347 6.0310421958565712 244.3101965978276 37.039535104326205 5.6252607181668282 70.763618182390928 1320.93610340741 8.6230183434236078 4.4624249218031755 13.727139972150324 390.42412575229537 219.92933574257768 3.4099316662177435 2.7915604561567298 33.78516183141619 6528.9311150273134 2.9051994118490256 67.726652216137154 3.1836065109819174 328.62280090997228
leaf_count=714 32 1655 50 83 93 24 74 27 32 41 1179 228 26 327 6823 112 24 67 1819 1354 17 15 216 31323 30 463 27 2060
internal_value=-4.5709e-07 -0.00212859 1.40694e-06 -0.00108253 -0.0243971 0.0231037 0.0139386 -0.0119702 -0.0373632 -0.0533941 0.000251577 -0.00822156 0.0217257 -0.0114149 0.000180391 -0.000245529 -0.0115175 -0.0139594 -1.8771e-05 0.00868392 0.00194162 0.00118447 0.0135667 -0.000306228 -0.0344917 0.0165564 -0.0542611 0.00138531
internal_weight=9824.56 769.496 632.586 604.236 32.7041 28.3501 24.1846 136.91 17.6112 13.2349 571.532 119.299 11.4954 107.803 9055.06 7291.7 143.794 139.332 7147.91 228.552 1763.36 1655.53 107.827 6919.36 6.31513 101.512 5.97517 1649.56
internal_count=48935 3871 3158 3010 176 148 124 713 105 73 2834 608 53 555 45064 35413 805 781 34608 1466 9651 8925 726 33142 47 679 42 8883
is_linear=0
shrinkage=0.05


Tree=290
num_leaves=24
num_cat=0
split_feature=4 23 23 42 22 14 59 27 5 28 7 12 44 44 32 14 37 17 32 9 28 22 24
split_gain=1.51622 4.91919 7.59753 4.85657 4.16077 4.95103 3.24676 5.4943 3.17058 3.51163 6.93349 3.6605 3.10329 3.28724 2.59541 2.21291 5.86793 8.08316 5.1428 2.99672 5.57302 1.99755 0.321129
threshold=2.5770000000000004 -0.77949999999999997 -1.0000000180025095e-35 0.30450000000000005 -0.40833333333333327 1.3965000000000003 3.5000000000000004 0.17300000000000001 -1.9644999999999999 0.62400000000000011 0.16350000000000003 2.5000000000000004 0.51550000000000018 0.49150000000000005 0.47100000000000003 0.40450000000000003 0.65000000000000013 0.12250000000000001 0.50500000000000012 1.0000000180025095e-35 0.32350000000000007 -0.92499999999999982 1.5715000000000001
decision_type=2 2 2 2 2 2 2 2 2 2 2 2 2 2 2 2 2 2 2 2 2 2 2
left_child=8 3 4 6 -3 -6 7 -2 9 10 14 -11 13 -4 -1 16 18 -18 -10 20 -17 -21 -8
right_child=1 2 12 -5 5 -7 22 -9 15 11 -12 -13 -14 -15 -16 19 17 -19 -20 21 -22 -23 -24
leaf_value=-0.058695472732391799 -0.0818794345454609 0.0011211685805446823 0.014846243361267681 -0.045725932448159354 -0.1033585425498655 -0.018736592848272018 0.07708245842685503 0.031514795539124812 -0.024777212104384411 -0.016965429912917381 0.044095271967032446 -0.10749255964160738 -0.026129765542623182 0.082875683802910272 -0.011008162921338112 0.062272364192133715 -0.050749541820275627 0.086098310206521797 0.0024017674849190142 -0.021242365086537207 0.0057250958520491399 4.3736176009868358e-05 0.054625845603570346
leaf_weight=4.4603418260812813 1.196991071163217 4.996350210160017 4.5560181869659555 2.0318584355409248 3.2772904112935084 3.657561388798058 2.6125547941774121 9.9316856843943224 37.894221001653932 2.4318642430007449 4.5317250732332459 2.0647641085088253 2.2066405792720616 2.9098722505732439 7.9189673811197281 5.3342526266351369 1.565547548001631 3.4724783834972186 32.189957423932356 11.034236710518597 23.788338778540492 9644.6487077535421 4.0751330740749836
leaf_count=51 22 34 45 30 18 28 16 260 506 32 33 13 22 29 86 62 19 47 317 54 239 46939 33
internal_value=-3.1494e-07 0.00954216 -0.00696759 0.0275121 -0.033665 -0.0587275 0.0358645 0.0193182 -4.07546e-05 -0.0192619 -0.00881954 -0.0585337 0.0259641 0.0413611 -0.0281902 1.40546e-06 -0.0085471 0.0435734 -0.0122938 6.77137e-05 0.0160826 1.9411e-05 0.0633986
internal_weight=9822.79 41.452 21.6037 19.8482 11.9312 6.93485 17.8164 11.1287 9781.34 21.4077 16.911 4.49663 9.67253 7.46589 12.3793 9759.93 75.1222 5.03803 70.0842 9684.81 29.1226 9655.68 6.68769
internal_count=48935 537 176 361 80 46 331 282 48398 215 170 45 96 74 137 48183 889 66 823 47294 301 46993 49
is_linear=0
shrinkage=0.05


Tree=291
num_leaves=25
num_cat=0
split_feature=7 25 3 15 44 18 44 15 17 30 17 30 7 26 5 11 17 7 28 32 17 22 22 11
split_gain=1.50488 4.74747 2.51664 4.7363 3.81771 5.50923 3.13434 1.73093 1.70226 4.53729 6.85849 5.56719 5.13147 6.99716 6.69223 4.02736 2.73817 7.10899 8.68171 7.64503 2.52429 4.02884 2.42606 0.883232
threshold=0.73850000000000005 505.50000000000006 1.2455000000000003 0.66100000000000014 0.46250000000000008 0.63333333333333341 0.52950000000000019 1.6745000000000003 0.50850000000000006 1.5500000000000003 0.56650000000000011 1.6040000000000003 0.17300000000000001 0.38400000000000006 -0.55799999999999994 16.500000000000004 0.46300000000000008 0.070000000000000021 0.64750000000000008 0.51750000000000018 0.45650000000000007 0.25833333333333336 0.56944444444444453 4.5000000000000009
decision_type=2 2 2 2 2 2 2 2 2 2 2 2 2 2 2 2 2 2 2 2 2 2 2 2
left_child=8 23 4 6 5 -3 -4 -6 16 12 15 -12 14 -14 -10 -11 20 19 -19 -18 22 -22 -1 -2
right_child=1 2 3 -5 7 -7 -8 -9 9 10 11 -13 13 -15 -16 -17 17 18 -20 -21 21 -23 -24 -25
leaf_value=0.00025288818607498235 0.076684355558803652 -0.048375092115091355 0.0029905382682811378 -0.056876909667145086 -0.053799855447981375 0.11231856031293921 0.08326193928503231 0.016588824068046185 -0.014090512013261834 0.00099261292028582446 -0.034167560779814941 0.0037537531257698549 0.018673845982433452 -0.010028951201871172 0.046639440797474035 0.065235353794043868 -0.0038213985471177315 -0.010977523189464657 0.038193812084941436 0.036498506526652839 0.004365449377004527 0.052129496396718891 -0.0031310022699787021 0.021147958439389301
leaf_weight=8782.6183395796834 1.4155798253341374 1.1526718190907588 5.9728426979854685 2.7996961437165737 9.4275858255241438 0.99275171943008889 1.5269828189630059 0.96257700771093446 6.0734366625547436 5.4469651803374273 21.251357977860607 17.77282516163541 44.876711526711006 40.301462463743519 17.92406990006566 4.418504536151886 29.65693406551145 210.1680530908925 9.3773228292702679 19.477995423367247 17.305705022066835 5.9268761314451686 563.66897195141064 1.4484432935714719
leaf_count=42186 39 49 90 19 354 8 18 6 35 29 125 108 304 261 95 19 218 1237 53 141 84 28 3420 9
internal_value=-2.80389e-07 -0.0120838 -0.0196946 -0.00138225 -0.0347404 0.0259827 0.019334 -0.0472788 3.1419e-05 0.00517816 -0.00748099 -0.016897 0.010847 0.00509332 0.0312695 0.0297654 -5.29869e-05 -0.0050297 -0.00887729 0.0121622 8.97254e-05 0.0165506 4.88078e-05 0.0485975
internal_weight=9821.96 25.6991 22.8351 10.2995 12.5356 2.14542 7.49983 10.3902 9796.27 158.065 48.8897 39.0242 109.176 85.1782 23.9975 9.86547 9638.2 268.68 219.545 49.1349 9369.52 23.2326 9346.29 2.86402
internal_count=48935 592 544 127 417 57 108 360 48343 976 281 233 695 565 130 48 47367 1649 1290 359 45718 112 45606 48
is_linear=0
shrinkage=0.05


Tree=292
num_leaves=27
num_cat=0
split_feature=39 31 18 59 6 13 23 41 39 23 39 9 40 26 2 36 25 40 36 1 5 4 9 4 33 31
split_gain=1.4835 4.35352 7.50748 5.98626 8.01275 4.74217 4.40474 7.68854 7.10874 5.87611 5.80405 4.45274 4.32097 6.21438 6.92932 11.3499 5.83519 4.39942 7.63496 7.84592 4.98719 4.60335 9.60316 5.79059 4.23784 1.92741
threshold=2.5780000000000007 0.65600000000000014 0.93333333333333346 25.500000000000004 0.53450000000000009 1.8545000000000003 -0.24999999999999992 0.49400000000000005 2.5425000000000004 -0.71499999999999986 2.5750000000000006 0.83650000000000013 0.71650000000000003 0.11250000000000002 23.500000000000004 0.44250000000000006 514.50000000000011 0.72800000000000009 0.57100000000000006 19.500000000000004 0.37700000000000006 0.83650000000000013 2.1805000000000003 0.83050000000000013 0.28400000000000003 0.64250000000000018
decision_type=2 2 2 2 2 2 2 2 2 2 2 2 2 2 2 2 2 2 2 2 2 2 2 2 2 2
left_child=1 2 3 5 -5 -1 7 9 -9 -3 11 -8 13 -2 16 -16 -15 18 19 -14 -20 23 -23 -19 -12 -4
right_child=12 6 25 4 -6 -7 10 8 -10 -11 24 -13 17 14 15 -17 -18 21 20 -21 -22 22 -24 -25 -26 -27
leaf_value=-0.0012314340441852256 -0.060343265027481198 -0.0017821791344987343 -0.082543375350184744 -0.010499766848539227 -0.075203890455146333 0.029898891452513034 0.009889454719693028 -0.006503353964345213 0.022242599197713025 0.0049592884624222195 0.0016274243880165129 -0.00066177031629864656 0.018585053371249473 -0.010867896298098693 0.044556797973591071 -0.0026397587182156322 0.030850787135639896 -0.0038160157242981274 -0.026186178068638995 0.0011608272533231998 0.0025517811560062612 -0.00045043865388723445 0.01536827458943941 -0.026299756153822754 0.046733395082353912 -0.026353267743013727
leaf_weight=474.35112669116643 5.2185018984600893 528.99599483124621 3.4999837127979836 99.738921836018562 5.0258364081382743 12.557330240146255 104.25094965985045 28.057865077164024 92.115601446013898 831.02538180880947 9.5711511336776329 2447.0908099514345 119.62800413267541 232.86529384605819 16.622422061860561 54.514247544109821 8.6946961759822425 447.16458086745479 27.643804824496328 140.46820266544819 33.261437131557614 3956.2660179226659 98.327207361639012 30.59628352150321 11.42130987998098 2.7061130749061704
leaf_count=2636 27 2763 37 504 22 74 550 139 456 3905 53 11998 695 1229 82 241 43 2628 144 635 176 18929 740 151 56 22
internal_value=-3.6417e-07 0.000647633 -0.00333528 -0.00276146 -0.0136038 -0.000428585 0.00123524 0.0034083 0.0155311 0.00233712 -1.51979e-05 -0.000230634 -0.000583094 -0.00623022 -0.00532714 0.00838861 -0.00936628 -0.000213183 0.00544341 0.00917488 -0.0104919 -0.000613809 -6.68219e-05 -0.0052559 0.0261681 -0.0580422
internal_weight=9821.68 4650.41 597.879 591.673 104.765 486.908 4052.53 1480.19 120.173 1360.02 2572.33 2551.34 5171.27 317.915 312.697 71.1367 241.56 4853.36 321.001 260.096 60.9052 4532.35 4054.59 477.761 20.9925 6.2061
internal_count=48935 23215 3295 3236 526 2710 19920 7263 595 6668 12657 12548 25720 1622 1595 323 1272 24098 1650 1330 320 22448 19669 2779 109 59
is_linear=0
shrinkage=0.05


Tree=293
num_leaves=31
num_cat=0
split_feature=30 4 16 30 15 23 6 21 59 29 24 42 30 13 4 7 21 16 17 23 40 36 35 39 16 21 5 14 11 24
split_gain=1.5032 4.71732 9.02393 7.80751 10.9988 7.85903 7.65114 7.919 7.91112 7.06348 6.88686 7.14065 4.50552 8.72791 5.9853 4.09526 9.52842 7.79143 6.88455 6.82079 7.18026 5.8038 5.5497 9.13945 7.24192 7.19627 4.88965 8.36936 6.26906 2.92045
threshold=1.5430000000000004 1.1275000000000002 0.53100000000000014 1.6040000000000003 0.71100000000000008 0.79249999999999998 0.53100000000000014 15.500000000000002 27.500000000000004 3.2000000000000006 3.4560000000000004 0.31950000000000006 1.6065000000000003 0.71100000000000008 1.1405000000000001 0.054500000000000007 10.500000000000002 0.29300000000000004 0.14050000000000004 1.4025000000000001 0.75700000000000012 0.40250000000000008 0.70200000000000007 2.7270000000000008 0.15900000000000003 20.500000000000004 0.69400000000000006 1.3020000000000003 38.500000000000007 3.8575000000000004
decision_type=2 2 2 2 2 2 2 2 2 2 2 2 2 2 2 2 2 2 2 2 2 2 2 2 2 2 2 2 2 2
left_child=15 2 3 5 -5 -2 12 9 -9 -8 11 -4 14 -14 -3 16 17 18 -1 20 -18 -19 23 25 -25 -17 28 -28 -24 -12
right_child=1 6 10 4 -6 -7 7 8 -10 -11 29 -13 13 -15 -16 22 19 21 -20 -21 -22 -23 26 24 -26 -27 27 -29 -30 -31
leaf_value=-0.0086877863744289751 -0.0109204668431642 0.033469326095211201 0.0045471789486965022 0.0026231523294138336 -0.037343094055789949 -9.6670510511339699e-05 0.010545155539385367 -0.018715094869354038 0.026146648706023595 0.041056574931772546 0.059339304042465263 -0.045344972424856161 -0.035073727247970178 -0.0024306314684690339 0.0010811088222077274 0.0098305359527919179 -0.019680436982861371 -0.021913535698504627 0.015011353594055372 0.014259279137718501 -0.069692486945999207 -0.0032704238743562065 0.00052175932640304305 0.043643330007978653 -0.028133735853373851 -0.015184582624168792 -0.0010916891127636973 0.010162365540719354 -0.0051211011231752307 -0.0031276348933670312
leaf_weight=44.700813503004611 568.45031144910899 14.41395729780197 288.66461425623856 381.55607833444446 18.028039180673659 237.8893729178526 159.97445553989382 40.258213030174375 13.000570863485335 21.52023884782102 7.9702010750770551 7.3542597352061412 21.025389905786142 785.17628816672368 1374.2114332413912 401.09040986566106 19.000663422048095 52.119143201736733 97.451645374589134 7.6379367783665648 11.532944716513155 209.75102270283969 3744.2486932369975 4.0036099392455062 28.745749473571777 30.970256477594376 338.68790967599489 322.51407338026911 566.69851097092032 2.4450703244656324
leaf_count=741 2726 62 1367 2013 88 1379 929 208 67 141 55 36 116 3813 6539 1856 88 359 563 39 53 1451 18275 25 130 140 1590 1537 2522 27
internal_value=-3.99166e-07 -0.000755841 -0.00294815 -0.00489507 0.000819995 -0.00772719 0.000608818 0.00918831 -0.00776426 0.014163 0.00471367 0.00330766 -0.000308824 -0.00328195 0.0014173 0.000506121 -0.00412115 -0.00186514 0.007559 -0.0279996 -0.0385706 -0.0069809 0.000882462 0.00610716 -0.019359 0.00803744 0.000394043 0.00439769 -0.000220027 0.0446747
internal_weight=9821.09 3941.94 1512.36 1205.92 399.584 806.34 2429.58 234.753 53.2588 181.495 306.434 296.019 2194.83 806.202 1388.63 5879.15 442.194 404.023 142.152 38.1715 30.5336 261.87 5436.96 464.81 32.7494 432.061 4972.15 661.202 4310.95 10.4153
internal_count=48935 19566 7691 6206 2101 4105 11875 1345 275 1070 1485 1403 10530 3929 6601 29369 3294 3114 1304 180 141 1810 26075 2151 155 1996 23924 3127 20797 82
is_linear=0
shrinkage=0.05


Tree=294
num_leaves=20
num_cat=0
split_feature=25 3 5 5 13 7 44 1 21 13 19 1 1 44 3 39 19 44 14
split_gain=1.47422 5.10935 5.2209 9.51135 6.25447 6.10778 5.43463 4.93575 2.76599 2.51656 3.95868 2.465 4.01895 4.88603 4.20184 2.44253 11.7797 2.65302 0.073921
threshold=513.50000000000011 2.4045000000000001 1.0850000000000002 1.0165000000000002 1.5690000000000002 0.19600000000000004 0.42450000000000004 20.500000000000004 41.500000000000007 1.3020000000000003 1.6890000000000003 58.500000000000007 64.500000000000014 0.48650000000000004 1.5475000000000001 2.8350000000000004 0.50850000000000006 0.51350000000000018 1.6610000000000003
decision_type=2 2 2 2 2 2 2 2 2 2 2 2 2 2 2 2 2 2 2
left_child=8 2 3 6 5 -4 -2 -6 11 18 -11 15 14 -14 -13 17 -17 -1 -3
right_child=1 9 4 -5 7 -7 -8 -9 -10 10 -12 12 13 -15 -16 16 -18 -19 -20
leaf_value=-0.00021784786052934073 0.027317328914824843 0.073471829385135509 -0.012882124997481523 0.0723085500618042 0.060860246707775623 -0.057345016666822859 -0.0026936662284925555 -0.014644736836998355 -0.029010458273355407 -0.033222760177573731 0.064863341915242803 0.067127434407496869 -0.055999535431159458 0.016737670058816375 0.010936573170311265 0.060462629364346591 -0.013422708333786849 0.0019555534339889334 0.059255279194984328
leaf_weight=7174.9755569188164 15.434479466872288 2.1761024519801135 20.190711897797883 4.3319832906126967 3.7673438973724824 12.508905704133211 666.46808789997158 5.087030716240406 8.1113885343074781 2.2809442559955642 1.8736580293625591 3.5315119922161093 4.8223212212324125 4.4294803477823734 57.439656611531973 5.7926969813997848 78.488241360202665 1745.7453133341405 1.5769909087102858
leaf_count=35781 75 11 103 23 21 60 3307 26 36 28 17 15 22 21 257 40 384 8670 38
internal_value=-2.38449e-07 -0.00215297 -0.00258731 -0.00154521 -0.0197969 -0.029891 -0.00201438 0.017481 0.00017412 0.0378213 0.0110125 0.000200205 0.00953172 -0.0211752 0.0141912 0.000127436 -0.00834451 0.000207477 0.0674983
internal_weight=9819.03 735.696 727.789 686.235 41.554 32.6996 681.903 8.85437 9083.34 7.9077 4.1546 9075.22 70.223 9.2518 60.9712 9005 84.2809 8920.72 3.75309
internal_count=48935 3709 3615 3405 210 163 3382 47 45226 94 45 45190 315 43 272 44875 424 44451 49
is_linear=0
shrinkage=0.05


Tree=295
num_leaves=24
num_cat=0
split_feature=24 40 41 6 43 13 25 7 29 17 14 19 23 19 15 7 3 1 44 8 21 14 26
split_gain=1.46674 3.29385 4.45877 5.03884 2.79029 1.7894 2.33655 2.26854 2.61961 1.82783 1.77729 5.67045 3.16368 2.99124 8.49689 1.72003 1.45474 1.43647 1.23249 4.15638 1.76753 0.953194 0.00532333
threshold=4.7635000000000014 0.71650000000000003 0.47850000000000004 0.93100000000000016 0.68300000000000016 1.0000000180025095e-35 514.50000000000011 0.39650000000000007 2.5050000000000003 0.19600000000000004 2.6075000000000004 0.71100000000000008 0.16699999999999998 1.0000000180025095e-35 -1.2124999999999997 0.63050000000000017 2.1835000000000004 6.5000000000000009 0.47200000000000003 0.74166666666666681 15.500000000000002 2.4835000000000007 0.71750000000000014
decision_type=2 2 2 2 2 2 2 2 2 2 2 2 2 2 2 2 2 2 2 2 2 2 2
left_child=5 2 16 -4 -3 6 7 9 -9 -1 13 12 -12 14 -7 -15 -2 -13 19 -6 -20 -5 -18
right_child=1 4 3 21 18 10 -8 8 -10 -11 11 17 -14 15 -16 -17 22 -19 20 -21 -22 -23 -24
leaf_value=-0.04561326095739901 -0.039335016585115928 -0.052501650848963313 0.026687108087876041 -0.11709467977806989 -0.1125196957136671 -0.0023936824062277453 0.058832612116508844 0.059884751963949136 -0.0510887051642566 -0.0054462573837594612 0.0064648748398181636 0.0057935087006254103 -0.037437519387832942 3.1193026509897492e-05 0.046633438749711653 -0.0083615979693794414 0.052917315181813342 0.062752839333928667 0.053219748414891889 0.053165399880508717 -0.044618358610764519 -0.057577974897331276 0.058921496585131454
leaf_weight=7.6478840959025494 0.50970194488764109 0.90471848484594275 1.5747724701650438 1.2823150902986529 0.55132915759168 26.994906227104366 0.95299482313566919 1.5831829719973041 0.80076011220444332 4.4980876841000281 5.7588856788352194 1.9949178816750635 14.275740990415214 9659.1455658621271 13.138752058381213 61.435083990727435 1.8040512445732022 2.4866204205900431 7.706245946523266 1.2076272149570284 0.49104060232639302 1.4151635615853591 0.46413682680577029
leaf_count=385 10 27 27 9 12 158 21 106 70 60 41 23 89 46352 217 722 89 21 397 54 6 32 7
internal_value=-1.28738e-07 0.014295 -0.0123181 -0.0443814 0.0315704 -2.62536e-05 -0.0170108 -0.0219853 0.0226091 -0.030738 6.20596e-07 -0.0134449 -0.0248179 3.4392e-05 0.0136566 -2.18503e-05 0.0369936 0.0373979 0.0392099 0.00123289 0.047359 -0.0858708 0.0541459
internal_weight=9818.62 17.9111 7.05014 4.27225 10.861 9800.71 15.4829 14.5299 2.38394 12.146 9785.23 24.5162 20.0346 9760.71 40.1337 9720.58 2.77789 4.48154 9.95624 1.75896 8.19729 2.69748 2.26819
internal_count=48935 670 174 68 496 48265 642 621 176 445 47623 174 130 47449 375 47074 106 44 469 66 403 41 96
is_linear=0
shrinkage=0.05


Tree=296
num_leaves=27
num_cat=0
split_feature=22 59 44 13 6 11 5 21 26 31 6 18 18 7 36 7 9 44 19 3 42 19 15 21 5 28
split_gain=1.46129 4.66255 8.02206 5.67208 10.3674 5.40328 4.14513 4.15429 6.92777 5.13213 4.06644 3.77763 9.27345 9.99992 12.4108 7.16272 7.11762 5.15642 4.37733 8.1093 6.47575 5.08369 10.79 6.02851 4.36047 2.81734
threshold=-0.45555555555555544 10.500000000000002 0.55550000000000022 1.1405000000000001 0.22450000000000003 17.500000000000004 0.83050000000000013 -7.4999999999999991 0.46350000000000008 0.68500000000000016 0.24550000000000002 0.70000000000000007 0.74166666666666681 0.081500000000000017 0.48400000000000004 0.078500000000000014 1.5690000000000002 0.42450000000000004 2.2245000000000004 0.78050000000000008 0.26750000000000007 2.1275000000000004 0.66100000000000014 -35.499999999999993 -0.23399999999999996 0.65900000000000014
decision_type=2 2 2 2 2 2 2 2 2 2 2 2 2 2 2 2 2 2 2 2 2 2 2 2 2 2
left_child=1 6 3 4 -3 -5 7 8 -1 -9 -4 18 13 24 -15 16 -14 -17 21 25 -21 23 -23 -2 -13 -20
right_child=11 2 10 5 -6 -7 -8 9 -10 -11 -12 12 15 14 -16 17 -18 -19 19 20 -22 22 -24 -25 -26 -27
leaf_value=-0.0062374422678283994 0.05411159152490902 0.0099168841313582914 -0.0079286646988552673 0.036962422087615104 -0.030030007305451946 0.0052566957635928353 -0.064309077213948809 -0.012431939593084371 -0.065880262692386699 0.0086950418979208407 -0.073705741377141559 -0.0075710904877920359 -0.037217174238308393 0.0012976323792370488 -0.023618872141009044 0.044669831795372726 0.0016578774667409734 0.0021721557162425599 -0.064941432282255823 0.032349399417387598 0.0014386766262447896 0.052799659657999459 -0.016201020666521248 6.3765278999191056e-05 0.060735158874305417 0.0061317471615938528
leaf_weight=169.74119235295802 5.1626787781715384 33.306656475178897 4.5457087606191617 13.720020588487385 31.701437152922153 652.85281859710813 2.7521664337255052 38.475346664490644 5.0125232227146617 113.66239337094157 4.8636798411607742 3.6347481468692422 23.463929476682097 79.363117627799511 134.968197107577 7.288289211690425 23.633613776881248 345.449348857921 4.2895449562929562 34.636695599416271 33.17036792030558 6.0625880919396868 86.545999612659216 7950.8707030414334 6.5410033911466581 2.0658552614040673
leaf_count=871 22 166 20 64 150 2876 20 363 28 1112 20 20 127 385 613 32 130 1593 55 177 171 30 404 39444 31 11
internal_value=1.7748e-08 0.00174361 0.00394439 0.0045344 -0.00956337 0.00590929 -0.00320343 -0.00268897 -0.0079482 0.00335207 -0.0419286 -0.000213394 -0.0039613 -0.0120934 -0.0143927 0.000604892 -0.0177096 0.00305025 7.46805e-05 0.0121665 0.0172283 -3.67367e-05 -0.0116839 9.8837e-05 0.0363364 -0.0418387
internal_weight=9817.78 1070.63 740.99 731.581 65.0081 666.573 329.644 326.891 174.754 152.138 9.40939 8747.15 624.342 224.507 214.331 399.835 47.0975 352.738 8122.8 74.1625 67.8071 8048.64 92.6086 7956.03 10.1758 6.3554
internal_count=48935 5690 3296 3256 316 2940 2394 2374 899 1475 40 43245 2931 1049 998 1882 257 1625 40314 414 348 39900 434 39466 51 66
is_linear=0
shrinkage=0.05


Tree=297
num_leaves=25
num_cat=0
split_feature=24 7 13 23 19 7 36 27 3 24 44 15 8 22 15 30 23 13 18 24 15 26 5 13
split_gain=1.4695 3.57969 3.54514 3.13494 4.15224 2.65542 3.74277 6.6072 2.65518 4.23324 4.47828 2.43268 2.43066 3.4332 2.41333 8.95215 6.0544 5.75864 2.75151 5.39785 3.72071 1.25111 0.627779 0.0127621
threshold=4.2580000000000009 0.18350000000000002 1.2830000000000001 1.5085000000000004 0.90250000000000019 0.36200000000000004 0.46300000000000008 0.25650000000000006 2.7385000000000006 3.8575000000000004 0.48650000000000004 -0.50849999999999984 0.70000000000000007 0.70000000000000018 -1.6199999999999999 1.4985000000000002 0.24999999999999997 0.66100000000000014 1.0000000180025095e-35 2.4125000000000005 -1.3964999999999999 0.6775000000000001 2.3665000000000007 0.71100000000000008
decision_type=2 2 2 2 2 2 2 2 2 2 2 2 2 2 2 2 2 2 2 2 2 2 2 2
left_child=8 2 3 4 -2 12 -7 -8 14 -10 -11 -5 23 -14 15 17 -17 -1 19 -16 -20 22 -4 -3
right_child=1 5 21 11 -6 6 7 -9 9 10 -12 -13 13 -15 18 16 -18 -19 20 -21 -22 -23 -24 -25
leaf_value=0.020074680963024082 -0.013502877624741559 0.060378403042446141 0.05314214403510005 0.0094237020827769285 -0.090673802487849134 0.056181269059386765 0.0027054653600713562 -0.14607441185083264 0.020865508161129392 -0.08542922518273216 -0.0054259397316674422 -0.070424463389124309 -0.00050719426490452863 0.058460174810535406 -0.031047299689679883 0.032144912469005305 -0.038384845329920286 -0.023802570579045088 0.010751042517177602 0.0091751527381429485 -0.00015551064304941285 -0.033534260992528951 0.00054017529156867301 0.055372351216253217
leaf_weight=25.334139136364684 14.772209277143704 1.7235841415822566 4.0607926914235568 21.687707733130082 1.9762635603547085 1.7222444212529797 3.2716365638189018 0.96672187617514271 3.3535595405846816 3.6829208601266146 3.3314240239560604 0.99776912294328468 7.6640145843848568 3.6411192528903484 8.8688834002241475 3.4478939343243864 25.894755084998906 10.609563410282133 78.849947426002473 140.16483892919496 9444.9362328414718 0.55551163456402708 0.65929940092610184 4.8713501421734691
leaf_count=217 155 17 170 443 25 34 76 18 19 21 22 9 104 47 199 19 211 53 396 790 45773 11 25 81
internal_value=-6.70601e-09 0.00729398 -0.00105178 -0.00620155 -0.0226088 0.0229321 -0.00597325 -0.0312296 -5.13122e-05 -0.0253408 -0.0474321 0.00591176 0.0325573 0.0184848 -2.43871e-05 -0.00960529 -0.0300973 0.00712336 4.02788e-05 0.00678155 -6.52124e-05 0.0374415 0.0457947 0.0566807
internal_weight=9817.04 68.5702 44.7096 39.4339 16.7485 23.8607 5.9606 4.23836 9748.47 10.3679 7.01434 22.6855 17.9001 11.3051 9738.11 65.2864 29.3426 35.9437 9672.82 149.034 9523.79 5.2756 4.72009 6.59493
internal_count=48935 1215 838 632 180 377 128 94 47720 62 43 452 249 151 47658 500 230 270 47158 989 46169 206 195 98
is_linear=0
shrinkage=0.05


Tree=298
num_leaves=27
num_cat=0
split_feature=13 16 22 33 17 39 30 44 28 23 32 23 43 7 30 14 23 25 27 12 11 7 9 18 8 27
split_gain=1.45788 5.11434 8.33035 6.89346 7.99813 7.63417 5.98641 4.96841 4.77403 4.75192 6.12447 6.00405 5.15048 5.68114 4.92307 7.43592 4.80196 4.46161 7.07054 5.35475 3.82806 8.32997 3.56015 3.01746 2.97082 1.49774
threshold=1.4915000000000003 0.46900000000000003 -0.54444444444444429 0.17150000000000001 0.21950000000000003 2.5135000000000001 1.5360000000000003 0.51350000000000018 0.12450000000000001 -0.71499999999999986 0.56850000000000012 -0.66649999999999976 0.71650000000000003 0.075500000000000012 1.5475000000000001 1.0815000000000003 -1.1654999999999998 507.50000000000006 0.29950000000000004 17.500000000000004 38.500000000000007 0.14900000000000002 0.40350000000000003 0.48333333333333339 0.12222222222222222 0.24250000000000002
decision_type=2 2 2 2 2 2 2 2 2 2 2 2 2 2 2 2 2 2 2 2 2 2 2 2 2 2
left_child=9 2 6 4 -4 -5 7 -2 -3 10 14 12 -11 -14 16 -16 -1 18 -10 -19 22 -22 -13 -12 -8 -25
right_child=1 8 3 5 -6 -7 24 -9 17 11 23 20 13 -15 15 -17 -18 19 -20 -21 21 -23 -24 25 -26 -27
leaf_value=0.056822809356134818 0.027662928836807349 -0.05176095557685232 -0.01675808406631854 0.012892458146546524 0.038175771095051068 6.1368585330505283e-05 0.0340579742346757 -0.031404622070079095 -0.0037233926096826675 0.06625239714632089 -0.07294847124092374 0.010505758948108812 -0.051426840699389742 0.018788149737517836 0.056310584197369652 -0.032326568149555819 -0.012639915812619033 0.0033284247352744984 -0.056843226393177126 -0.0019249163368391519 0.01291059768338477 -0.0083783416330952508 -0.00021393507212680727 -0.044812060817021299 0.08024708604066072 0.010655547121912379
leaf_weight=2.5604011565446845 11.340988188982015 4.5030256576137608 8.7848530272021872 139.70727545942646 26.9618450331036 680.97338031459367 8.3658345714211446 5.1889615207910529 506.52356006857008 5.0727650653570882 5.4439951926469785 78.490879447199404 3.1761524043977252 30.981633222429082 6.823548084124921 3.6222013421356678 88.018290775595233 1032.9240438576671 6.3428421765565863 914.56625828146935 53.708774521946907 318.03009229153395 5863.4508136331206 2.5978325796313584 5.9623793177306643 2.2896647623274475
leaf_count=16 49 36 46 680 138 3391 41 22 2481 30 27 467 16 167 56 22 588 5575 38 4023 234 1425 29296 29 27 15
internal_value=1.98459e-07 0.000846359 0.00410148 0.00318186 0.0246756 0.00224565 0.0296244 0.00912087 -0.000325401 -0.000438591 -0.010678 -0.000259112 0.0192409 0.0122592 -0.00692813 0.0255745 -0.0106764 -0.000231262 -0.00438035 0.000861389 -0.000380276 -0.00530252 -7.23318e-05 -0.0473453 0.0532786 -0.0188269
internal_weight=9816.41 3352.15 887.286 856.427 35.7467 820.681 30.8582 16.5299 2464.86 6464.27 111.356 6352.91 39.2306 34.1578 101.024 10.4457 90.5787 2460.36 512.866 1947.49 6313.68 371.739 5941.94 10.3315 14.3282 4.8875
internal_count=48935 16547 4394 4255 184 4071 139 71 12153 32388 753 31635 213 183 682 78 604 12117 2519 9598 31422 1659 29763 71 68 44
is_linear=0
shrinkage=0.05


Tree=299
num_leaves=28
num_cat=0
split_feature=40 2 4 23 9 26 4 17 9 26 9 8 8 18 18 8 17 24 36 24 9 21 31 22 4 8 14
split_gain=1.43184 4.69523 3.36722 7.26689 7.02927 7.01862 5.82875 5.44507 3.59716 2.91683 3.60758 1.84726 6.76143 16.2543 9.8389 6.23891 11.2288 7.63145 5.89959 5.72045 8.03713 6.25179 5.41985 5.03368 10.2604 5.34376 0.248586
threshold=0.68100000000000016 3.5000000000000004 1.6100000000000001 -0.54549999999999976 0.87750000000000006 0.18600000000000003 1.6810000000000003 0.26000000000000006 0.71700000000000008 0.42450000000000004 1.4915000000000003 0.78888888888888908 0.70000000000000007 0.29999999999999999 0.8500000000000002 0.81666666666666676 0.17500000000000002 2.8405000000000005 0.64000000000000012 2.8185000000000007 1.6130000000000002 14.500000000000002 0.7945000000000001 0.56944444444444453 1.3550000000000002 0.59166666666666679 1.4820000000000004
decision_type=2 2 2 2 2 2 2 2 2 2 2 2 2 2 2 2 2 2 2 2 2 2 2 2 2 2 2
left_child=1 9 3 7 -5 8 -7 -3 -4 10 -1 12 23 22 -15 16 17 -13 -18 21 -21 -17 -14 25 -25 -2 -11
right_child=11 2 5 4 -6 6 -8 -9 -10 26 -12 15 13 14 -16 19 18 -19 -20 20 -22 -23 -24 24 -26 -27 -28
leaf_value=0.044538864412917087 -0.00035548035887517115 -0.047461414226979616 0.014340377010774303 0.052145994222171158 -0.0065739352749878549 0.037195919522881975 -0.022140231315709909 0.006848562306890342 0.077675870058183549 0.084502152215540804 -0.046143319670786172 0.011320642949101489 0.0013636630850848231 -0.012193259208917916 -0.072411043222836688 -0.013273163124166688 0.013789424200043877 -0.01398948087362685 -0.025655262917160568 0.034395352649992404 0.0002525933289093556 0.021155390124609985 0.02327807118170231 -0.0027888638475224515 -0.040968593733466549 0.0027831257375006031 0.056556062114539424
leaf_weight=2.7390030939714043 6340.0292127270623 18.390143643133346 4.4223607853055018 5.3164201043546191 123.25393113866448 5.6426341384649303 15.529788540676234 6.1613697335124007 4.5467300266027451 1.5967353609157728 1.8292234726250169 45.498188681667671 129.11454094888177 264.60194552136818 6.9617020003497592 130.60129414768016 273.50621635559946 86.221099756425247 9.8198404982686025 17.947505071759224 434.95119781495305 14.666585266590117 36.103551678126678 87.299135079956613 22.039444983412977 1725.1960367477659 1.586286910343915
leaf_count=34 31471 86 20 28 568 25 80 29 20 17 21 203 614 1286 32 772 1275 448 49 81 2727 66 194 434 110 8221 24
internal_value=9.46436e-08 -0.00428654 -0.00589872 -0.00890571 -0.00414585 0.00937708 -0.00632663 -0.033832 0.0464472 0.0338303 0.00822762 8.51698e-05 -0.000152436 -0.00621357 -0.013737 0.0021046 0.00681478 -0.00524691 0.0124223 -0.00116362 0.00160561 -0.00979718 0.00615241 0.000171421 -0.0104848 0.000315885 0.070575
internal_weight=9815.57 191.015 183.263 153.122 128.57 30.1415 21.1724 24.5515 8.96909 7.75125 4.56823 9624.56 8611.35 436.782 271.564 1013.21 415.045 131.719 283.326 598.167 452.899 145.268 165.218 8174.56 109.339 8065.23 3.18302
internal_count=48935 952 856 711 596 145 105 115 40 96 55 47983 42362 2126 1318 5621 1975 651 1324 3646 2808 838 808 40236 544 39692 41
is_linear=0
shrinkage=0.05


end of trees

feature_importances:
Column_24=627
Column_13=604
Column_4=592
Column_14=365
Column_3=345
Column_7=284
Column_17=242
Column_39=231
Column_5=220
Column_21=214
Column_8=210
Column_40=209
Column_11=199
Column_22=191
Column_15=183
Column_9=173
Column_1=165
Column_18=161
Column_41=160
Column_44=160
Column_6=154
Column_23=149
Column_30=149
Column_16=138
Column_26=137
Column_19=132
Column_36=130
Column_2=120
Column_27=118
Column_42=116
Column_25=110
Column_28=103
Column_20=100
Column_32=87
Column_31=74
Column_29=73
Column_10=67
Column_33=64
Column_59=62
Column_43=59
Column_37=54
Column_0=42
Column_34=41
Column_12=33
Column_35=17

parameters:
[boosting: gbdt]
[objective: binary]
[metric: binary_logloss]
[tree_learner: serial]
[device_type: cpu]
[data_sample_strategy: bagging]
[data: ]
[valid: ]
[num_iterations: 300]
[learning_rate: 0.05]
[num_leaves: 31]
[num_threads: 4]
[seed: 0]
[deterministic: 0]
[force_col_wise: 0]
[force_row_wise: 0]
[histogram_pool_size: -1]
[max_depth: 5]
[min_data_in_leaf: 20]
[min_sum_hessian_in_leaf: 0.001]
[bagging_fraction: 0.8]
[pos_bagging_fraction: 1]
[neg_bagging_fraction: 1]
[bagging_freq: 0]
[bagging_seed: 3]
[bagging_by_query: 0]
[feature_fraction: 0.8]
[feature_fraction_bynode: 1]
[feature_fraction_seed: 2]
[extra_trees: 0]
[extra_seed: 6]
[early_stopping_round: 0]
[early_stopping_min_delta: 0]
[first_metric_only: 0]
[max_delta_step: 0]
[lambda_l1: 0]
[lambda_l2: 0]
[linear_lambda: 0]
[min_gain_to_split: 0]
[drop_rate: 0.1]
[max_drop: 50]
[skip_drop: 0.5]
[xgboost_dart_mode: 0]
[uniform_drop: 0]
[drop_seed: 4]
[top_rate: 0.2]
[other_rate: 0.1]
[min_data_per_group: 100]
[max_cat_threshold: 32]
[cat_l2: 10]
[cat_smooth: 10]
[max_cat_to_onehot: 4]
[top_k: 20]
[monotone_constraints: ]
[monotone_constraints_method: basic]
[monotone_penalty: 0]
[feature_contri: ]
[forcedsplits_filename: ]
[refit_decay_rate: 0.9]
[cegb_tradeoff: 1]
[cegb_penalty_split: 0]
[cegb_penalty_feature_lazy: ]
[cegb_penalty_feature_coupled: ]
[path_smooth: 0]
[interaction_constraints: ]
[verbosity: -1]
[saved_feature_importance_type: 0]
[use_quantized_grad: 0]
[num_grad_quant_bins: 4]
[quant_train_renew_leaf: 0]
[stochastic_rounding: 1]
[linear_tree: 0]
[max_bin: 255]
[max_bin_by_feature: ]
[min_data_in_bin: 3]
[bin_construct_sample_cnt: 200000]
[data_random_seed: 1]
[is_enable_sparse: 1]
[enable_bundle: 1]
[use_missing: 1]
[zero_as_missing: 0]
[feature_pre_filter: 1]
[pre_partition: 0]
[two_round: 0]
[header: 0]
[label_column: ]
[weight_column: ]
[group_column: ]
[ignore_column: ]
[categorical_feature: ]
[forcedbins_filename: ]
[precise_float_parser: 0]
[parser_config_file: ]
[objective_seed: 5]
[num_class: 1]
[is_unbalance: 0]
[scale_pos_weight: 1]
[sigmoid: 1]
[boost_from_average: 1]
[reg_sqrt: 0]
[alpha: 0.9]
[fair_c: 1]
[poisson_max_delta_step: 0.7]
[tweedie_variance_power: 1.5]
[lambdarank_truncation_level: 30]
[lambdarank_norm: 1]
[label_gain: ]
[lambdarank_position_bias_regularization: 0]
[eval_at: ]
[multi_error_top_k: 1]
[auc_mu_weights: ]
[num_machines: 1]
[local_listen_port: 12400]
[time_out: 120]
[machine_list_filename: ]
[machines: ]
[gpu_platform_id: -1]
[gpu_device_id: -1]
[gpu_use_dp: 0]
[num_gpu: 1]

end of parameters

pandas_categorical:null
