tree
version=v4
num_class=1
num_tree_per_iteration=1
label_index=0
max_feature_idx=59
objective=binary sigmoid:1
feature_names=Column_0 Column_1 Column_2 Column_3 Column_4 Column_5 Column_6 Column_7 Column_8 Column_9 Column_10 Column_11 Column_12 Column_13 Column_14 Column_15 Column_16 Column_17 Column_18 Column_19 Column_20 Column_21 Column_22 Column_23 Column_24 Column_25 Column_26 Column_27 Column_28 Column_29 Column_30 Column_31 Column_32 Column_33 Column_34 Column_35 Column_36 Column_37 Column_38 Column_39 Column_40 Column_41 Column_42 Column_43 Column_44 Column_45 Column_46 Column_47 Column_48 Column_49 Column_50 Column_51 Column_52 Column_53 Column_54 Column_55 Column_56 Column_57 Column_58 Column_59
feature_infos=[1:16] [0:76] [1:30] [0:6] [0:5] [-5:6] [0:1] [0:1] [0:1] [0:3] [1:16] [0:74] [1:30] [0:5] [0:6] [-6:5] [0:1] [0:1] [0:1] [0:3] [-15:15] [-51:53] [-1:1] [-5:6] [0:12] [503:516] [0.10000000000000001:0.73399999999999999] [0.151:0.33500000000000002] [0.10000000000000001:0.73399999999999999] [1.6499999999999999:3.5169999999999999] [1.2370000000000001:1.702] [0.498:0.91600000000000004] [0.23400000000000001:0.69499999999999995] [0.083000000000000004:0.48499999999999999] [0.30499999999999999:0.76600000000000001] [0.51500000000000001:0.91700000000000004] [0.316:0.65000000000000002] [0.34999999999999998:0.68400000000000005] none [2.2829999999999999:2.8490000000000002] [0.65000000000000002:0.81399999999999995] [0.39700000000000002:0.56899999999999995] [0.19600000000000001:0.33800000000000002] [0.66200000000000003:0.80400000000000005] [0.38200000000000001:0.57099999999999995] none none none none none none none none none none none none none none [1:30]
tree_sizes=3346 3258 3460 3373 3258 3380 3472 3470 3468 3493 3481 3483 3362 3481 3478 3490 3468 3480 3488 3477 3474 3489 3478 3375 3474 3488 3471 3478 3378 3493 3483 3361 3483 3485 3485 3480 3476 3490 3470 3478 3478 3504 3473 3483 3474 3391 3483 3463 3383 3495 3495 3289 3484 3488 3385 3459 3272 2618 3480 3481 3498 3480 2510 3493 3373 2513 2847 3161 2959 3048 3481 3060 3487 2848 3477 3373 3070 3267 3371 2967 3086 3094 3517 2737 3458 3484 3083 3390 3502 2973 3512 3086 2846 3482 3479 3477 3061 2970 3100 2866 3293 2731 3268 3271 3504 2655 2742 3041 3514 2751 3468 2760 3498 2773 2948 3241 3486 2766 3273 2625 2730 2769 3278 2763 3041 3108 3487 2839 3492 3280 3362 2664 3171 2881 3052 3149 3491 2318 2720 3063 2673 3154 3350 3127 3478 3103 2415 3154 3033 2830 2990 3050 3038 3487 2881 3354 3293 2902 2792 2883 3148 2989 3294 3154 3154 2715 3474 3019 2680 3036 3000 2507 3018 3006 3000 3252 3110 2802 3132 2607 3044 2927 3133 3367 2980 2867 2651 2876 3479 2979 2932 3252 3476 2607 3090 3378 3337 3156 2487 2908 3247 2412 3477 3368 2865 3372 2872 2997 3219 2997 3147 3154 3380 3486 3238 2609 2808 3166 2781 3162 3159 2182 3256 3364 3374 2944 2456 2697 3031 3474 2722 3376 2785 2803 2851 2968 2725 3386 3463 2797 2810 3461 2836 2611 2714 2887 2764 3031 3263 3353 3479 2801 2280 3363 2177 2931 3380 3349 3154 3056 2600 3233 3031 2415 2564 2606 3144 2865 2429 2942 2885 2069 3028 2592 3364 3481 3261 2802 3474 3136 3502 2946 2257 2841 2262 2825 2617 2718 2588 2834 3349 2843 3474 3013 2606 3050 3042 3045 2074 3351

Tree=0
num_leaves=30
num_cat=0
split_feature=13 24 1 13 13 24 24 2 24 19 17 6 37 29 13 13 7 24 17 3 13 19 25 24 6 26 0 25 0
split_gain=1264.67 1143.88 751.07 440.513 338.477 270.316 197.539 177.032 117.042 115.643 84.2289 68.3832 59.0133 55.0787 34.768 25.6782 23.4846 14.2855 12.0259 11.0481 9.50382 7.23396 5.49125 3.40641 2.47739 1.02222 1.13687e-13 1.13687e-13 5.68434e-14
threshold=0.7875000000000002 1.9665000000000001 5.5000000000000009 1.2245000000000001 0.25850000000000006 0.97050000000000003 2.5275000000000003 1.5000000000000002 2.6935000000000007 0.96500000000000008 0.32700000000000007 0.45650000000000007 0.5505000000000001 2.4485000000000006 0.6170000000000001 0.40350000000000003 0.53100000000000014 1.5715000000000001 0.9285000000000001 0.96650000000000003 1.0000000180025095e-35 0.25650000000000006 510.50000000000006 0.61250000000000016 0.12250000000000001 0.38100000000000006 10.500000000000002 508.50000000000006 15.500000000000002
decision_type=2 2 2 2 2 2 2 2 2 2 2 2 2 2 2 2 2 2 2 2 2 2 2 2 2 2 2 2 2
left_child=4 5 7 8 20 23 -5 27 -4 12 -9 13 15 -7 18 -6 -14 -16 -11 -13 26 22 -22 28 -25 -23 -1 -3 -2
right_child=1 2 3 6 9 11 -8 10 -10 14 -12 19 16 -15 17 -17 -18 -19 -20 -21 21 25 -24 24 -26 -27 -28 -29 -30
leaf_value=-0.13377539715650522 -0.13377539715650522 0.066287696376288452 -0.050307982236124524 -0.026941145735218046 -0.078202315619618087 -0.066715921205791798 -0.005615453571407001 -0.0037195228316950768 -0.031378111267139346 -0.11562908481792983 0.03646608501635324 -0.12816615154343622 -0.070443596365048808 -0.048243139883476657 -0.11453856123989045 -0.043350885605269847 -0.0070687712524025656 -0.075642389414711908 -0.048034071356736499 -0.089761516579290601 -0.048034071356736499 -0.10376593312658611 -0.10673984397639796 -0.10321020231121728 -0.13377539715650522 -0.12895459972198006 -0.13377539715650522 0.066287696376288452 -0.13377539715650522
leaf_weight=183.44212993979454 88.72201107442379 64.979501068592072 1391.5610074996948 1966.1297496408224 58.481550961732864 717.27372333407402 2425.4848379641771 336.39387860894203 1976.1265959590673 110.2152306586504 212.9328265786171 26.741563901305199 581.06669224798679 922.45899401605129 25.991800427436829 549.076784029603 14.995269477367399 257.16887153685093 6.997792422771453 62.480289489030838 6.9977924227714565 4.9984231591224697 9.2470828443765622 17.994323372840885 10.496688634157179 20.743456110358238 13.745663687586783 140.2057696133852 26.741563901305199
leaf_count=734 355 260 5568 7867 234 2870 9705 1346 7907 441 852 107 2325 3691 104 2197 60 1029 28 250 28 20 37 72 42 83 55 561 107
internal_value=-0.0355202 -0.0287471 -0.0209646 -0.0255956 -0.0736887 -0.0641244 -0.015163 0.0266594 -0.0392001 -0.0654148 0.0118574 -0.0586433 -0.0576717 -0.0563237 -0.0886925 -0.0467056 -0.0688493 -0.0792127 -0.111594 -0.101272 -0.129176 -0.107577 -0.0814512 -0.129955 -0.114471 -0.124064 -0.133775 0.0662877 -0.133775
internal_weight=12229.9 10386.7 8513.81 7759.3 1843.17 1872.91 4391.61 754.512 3367.69 1603.99 549.327 1728.95 1203.62 1639.73 400.374 607.558 596.062 283.161 117.213 89.2219 239.175 41.9868 16.2449 143.955 28.491 25.7419 197.188 205.185 115.464
internal_count=48935 41560 34066 31047 7375 7494 17572 3019 13475 6418 2198 6918 4816 6561 1602 2431 2385 1133 469 357 957 168 65 576 114 103 789 821 462
is_linear=0
shrinkage=1


Tree=1
num_leaves=29
num_cat=0
split_feature=13 24 1 13 4 24 24 2 4 13 16 17 9 4 13 24 32 4 16 3 22 13 19 4 21 44 37 20
split_gain=1145.39 1101.58 629.824 384.665 343.724 259.37 256.69 150.022 140.41 124.454 112.786 76.5879 59.4966 58.2937 49.9981 47.9123 45.8097 26.1992 25.3471 22.6741 20.5423 8.69037 6.58966 7.33607 2.89289 1.02519 0.926334 2.27374e-13
threshold=0.89600000000000013 1.9665000000000001 5.5000000000000009 0.25850000000000006 1.1130000000000002 2.6830000000000007 1.2565000000000002 1.5000000000000002 0.85950000000000004 1.4915000000000003 0.23400000000000001 0.32700000000000007 0.55800000000000016 1.4915000000000003 0.6170000000000001 0.97050000000000003 0.46700000000000003 0.25650000000000006 0.28300000000000008 0.44600000000000006 -0.96666666666666645 1.0000000180025095e-35 0.25650000000000006 1.1405000000000001 -9.4999999999999982 0.51550000000000018 0.43300000000000005 10.500000000000002
decision_type=2 2 2 2 2 2 2 2 2 2 2 2 2 2 2 2 2 2 2 2 2 2 2 2 2 2 2 2
left_child=3 6 7 21 9 -6 15 27 17 -4 13 -9 19 -10 -12 24 -14 26 -19 -8 -17 -1 23 -23 -2 -24 -5 -3
right_child=1 2 4 8 5 -7 12 11 10 -11 14 -13 16 -15 -16 20 -18 18 -20 -21 -22 22 25 -25 -26 -27 -28 -29
leaf_value=-0.093739323003028494 -0.068108094997964719 0.096793081652211482 -0.010581584675351705 -0.073536108549251508 0.010377633673545593 0.035424326726411264 -0.028860830946040202 0.031134764119208055 -0.015791015830220252 0.011609022257162281 -0.072179369603500063 0.070147005962218303 -0.03294098627819908 0.0065775132536356031 -0.029150300136623043 0.038660582610007765 -0.014058043790979163 -0.037720319542145532 -0.066607247128397898 0.013409508776164895 -0.053920620280872779 -0.07388400131708428 -0.089329092555977652 -0.0062374763398458793 -0.092674594478464503 -0.064059108780956178 -0.095002922123976624 0.096793081652211482
leaf_weight=196.37014017999172 13.206215873360632 189.04225294291973 1678.0882486850023 6.2457532435655621 2538.4982845932245 1743.5494037270546 38.719375029206276 321.49888855218887 936.77361784875393 1013.4301053285599 76.774152562022209 206.68128550052643 590.30629563331604 422.68663915991783 559.48482939600945 6.24556940793991 704.51771070063114 351.68740992248058 96.852273359894753 175.61556403338909 147.34466932713985 8.9834787249565142 20.669809684157375 7.2361875623464575 129.43633812665939 4.9807297587394705 25.720495581626892 15.982436180114744
leaf_count=789 53 757 6714 25 10157 6975 155 1286 3750 4054 308 827 2364 1692 2240 25 2820 1408 388 703 590 36 83 29 520 20 103 64
internal_value=-5.20017e-07 0.00817462 0.0164101 -0.0286482 0.0117753 0.0205761 -0.0269805 0.0604917 -0.02281 -0.00222622 -0.0169678 0.0464006 -0.0186276 -0.00883614 -0.0343424 -0.0695344 -0.0226667 -0.0470746 -0.0439578 0.00577342 -0.0501559 -0.0893298 -0.068649 -0.0437044 -0.0904002 -0.0844223 -0.0908086 0.0967931
internal_weight=12226.6 9512.16 7706.77 2714.47 6973.57 4282.05 1805.39 733.205 2476.23 2691.52 1995.72 528.18 1509.16 1359.46 636.259 296.233 1294.82 480.506 448.54 214.335 153.59 238.24 41.8702 16.2197 142.643 25.6505 31.9662 205.025
internal_count=48935 38064 30834 10871 27900 17132 7230 2934 9914 10768 7990 2113 6042 5442 2548 1188 5184 1924 1796 858 615 957 168 65 573 103 128 821
is_linear=0
shrinkage=0.05


Tree=2
num_leaves=31
num_cat=0
split_feature=13 24 1 13 13 24 4 4 2 16 4 6 17 3 24 24 7 6 3 13 4 13 19 4 1 24 4 26 0 4
split_gain=1047.59 936.064 613.329 378.155 279.457 230.232 172.75 165.691 146.514 121.157 74.2005 69.7686 69.0371 47.9005 44.45 44.305 34.3195 25.9353 25.7637 24.2592 10.4478 8.07337 6.06682 6.67103 5.38211 3.01392 0.983558 2.27374e-13 1.13687e-13 1.13687e-13
threshold=0.7875000000000002 1.9665000000000001 5.5000000000000009 1.2245000000000001 0.25850000000000006 1.2565000000000002 1.1130000000000002 1.1275000000000002 1.5000000000000002 0.26000000000000006 1.3550000000000002 0.10150000000000002 0.32700000000000007 0.58950000000000002 2.9235000000000002 0.97050000000000003 0.59400000000000008 0.13450000000000004 0.44600000000000006 0.6170000000000001 1.2545000000000002 1.0000000180025095e-35 0.25650000000000006 1.1405000000000001 13.500000000000002 0.61250000000000016 1.1225000000000003 0.49150000000000005 9.5000000000000018 1.1960000000000002
decision_type=2 2 2 2 2 2 2 2 2 2 2 2 2 2 2 2 2 2 2 2 2 2 2 2 2 2 2 2 2 2
left_child=4 5 8 7 21 15 -5 -4 27 10 16 18 -10 -13 -12 25 -6 -17 -7 24 -21 28 23 -23 -11 -2 -24 -3 29 -1
right_child=1 2 3 6 9 11 -8 -9 12 19 14 13 -14 -15 -16 17 -18 -19 -20 20 -22 22 26 -25 -26 -27 -28 -29 -30 -31
leaf_value=-0.089825531582422041 -0.089885173569500362 0.092476125274208343 -0.016750252266531072 0.0059059366176208239 -0.031232947901107051 -0.028112011941669648 0.026375401276568053 0.0057568526658753668 0.028748711606463452 -0.088961311767240064 -0.01603288496313145 -0.052451687813083986 0.06515666448910068 -0.019795405035134765 0.016804920007887688 -0.029448496129035058 0.031048266729260723 -0.070242142144667688 0.013040405352602697 -0.058001385617052897 -0.03483070460672455 -0.07050198645001432 -0.090512888387474164 -0.0059272230124251092 -0.057225496070445685 -0.07163614036418868 -0.070861328640751994 0.092476125274208343 -0.089825531582422041 -0.089825531582422041
leaf_weight=165.5977843105793 114.03704848885536 152.23556876182556 1398.9734109044075 1652.1306323558092 846.47601951658726 46.416362255811691 2740.4333085715771 1968.0513131767511 336.43748618662357 57.999608546495438 298.63250482082367 124.01387365162373 212.41199357807636 1187.938844114542 157.35430417954922 86.756818547844887 22.712543234229088 70.724809601902962 210.56931355595589 117.05288036167622 83.252911940217018 8.94461238384247 12.856452822685243 7.2342591583728781 17.357762292027473 28.225150406360626 12.614507928490637 51.655788421630859 22.951704829931259 6.1698131263256064
leaf_count=671 462 613 5600 6609 3393 186 10963 7875 1346 234 1196 497 852 4760 630 348 91 284 843 470 334 36 52 29 70 114 51 208 93 25
internal_value=-1.08027e-06 0.00615807 0.0131928 0.0090126 -0.0348029 -0.0258869 0.0186764 -0.00359468 0.056284 -0.0273097 -0.021036 -0.0182158 0.0428391 -0.0228823 -0.00470104 -0.0660394 -0.0296055 -0.0477689 0.00560752 -0.0574687 -0.048371 -0.0855518 -0.0655716 -0.0416279 -0.0816513 -0.0862645 -0.0807804 0.0924761 -0.0898255 -0.0898255
internal_weight=12218.2 10381 8512.33 7759.59 1837.21 1868.68 4392.56 3367.02 752.741 1600.84 1325.18 1568.94 548.849 1311.95 455.987 299.744 869.189 157.482 256.986 275.663 200.306 236.369 41.6498 16.1789 75.3574 142.262 25.471 203.891 194.719 171.768
internal_count=48935 41560 34066 31047 7375 7494 17572 13475 3019 6418 5310 6286 2198 5257 1826 1208 3484 632 1029 1108 804 957 168 65 304 576 103 821 789 696
is_linear=0
shrinkage=0.05


Tree=3
num_leaves=30
num_cat=0
split_feature=13 24 1 13 24 24 13 2 16 13 17 13 36 6 13 24 13 24 24 3 6 16 7 26 19 21 6 1 3
split_gain=953.118 932.481 490.936 366.513 206.122 197.327 164.426 126.367 125.936 99.6596 64.4128 63.8972 63.1536 54.6214 47.5626 43.173 39.8506 33.6818 29.9327 22.9338 20.1057 18.8503 16.7522 8.9552 5.02329 2.63065 0.896621 1.13687e-13 1.13687e-13
threshold=0.96500000000000008 1.9335000000000002 5.5000000000000009 0.40350000000000003 1.2070000000000003 2.5275000000000003 1.5085000000000002 1.5000000000000002 0.24050000000000002 1.4105000000000001 0.32700000000000007 0.6170000000000001 0.47450000000000003 0.10150000000000002 0.7380000000000001 1.6255000000000002 1.0000000180025095e-35 0.97050000000000003 1.5715000000000001 0.49150000000000005 0.17300000000000001 0.14900000000000002 0.23900000000000002 0.39350000000000007 1.3725000000000003 -9.4999999999999982 0.16350000000000003 6.5000000000000009 4.166500000000001
decision_type=2 2 2 2 2 2 2 2 2 2 2 2 2 2 2 2 2 2 2 2 2 2 2 2 2 2 2 2 2
left_child=3 4 7 16 17 9 -7 28 12 -4 -9 24 14 19 -5 -15 27 25 -13 -6 -19 23 -14 -18 -10 -2 -23 -1 -3
right_child=1 2 5 8 13 6 -8 10 11 -11 -12 18 22 15 -16 -17 21 20 -20 -21 -22 26 -24 -25 -26 -27 -28 -29 -30
leaf_value=-0.08640414614047498 -0.061835334193362602 0.088724254210967329 -0.0095502681866426985 -0.026386102408386215 -0.024600297588853327 0.011914506282174039 0.03396796391924109 0.028152227703282129 -0.063058557016536426 0.0098115849241057849 0.064057718327143617 -0.067488716240978838 -0.0044198679585547964 -0.037262922586984014 -0.0061673299930558425 -0.016159284958279247 -0.021343312902232212 -0.030952800321076859 -0.025452596523207922 0.011540927560500673 -0.074384492042082917 -0.065419934044654932 0.011323701085643838 -0.051505015157744284 -0.088022640216900733 -0.085424394398065068 -0.086176648972941902 -0.08640414614047498 0.088724254210967329
leaf_weight=183.10138686001301 13.03302465379238 197.01571230590343 1168.7081522345543 596.20123679935932 56.82831759750843 2606.3690356314182 1250.804782807827 319.74777221679688 57.032239153981209 1540.8280623108149 204.98427480459213 44.40887488424778 377.54586207866669 345.79504503309727 567.95569241046906 810.09302346408367 33.578271821141243 73.388798609375954 912.89700731635094 192.86407817900181 41.837722927331924 6.1569500118494025 305.85077162086964 92.136413127183914 31.161022916436195 126.88397499918938 33.569919988512993 9.2647838890552503 4.9192437529563895
leaf_count=751 53 801 4677 2392 228 10430 5005 1280 231 6164 826 179 1512 1388 2275 3249 135 295 3661 772 169 25 1225 371 127 520 136 38 20
internal_value=-1.70702e-06 0.00841735 0.0161169 -0.023191 -0.0253965 0.0118016 0.019066 0.0551132 -0.0172868 0.00146021 0.0421786 -0.0311544 -0.00943926 -0.0178916 -0.016522 -0.0224726 -0.0709295 -0.0667411 -0.0274026 0.00331543 -0.0467225 -0.0529365 0.00262609 -0.0434489 -0.071879 -0.0832271 -0.0829597 -0.0864041 0.0887243
internal_weight=12205 8954.1 7293.38 3250.86 1660.72 6566.71 3857.17 726.667 2893.05 2709.54 524.732 1045.5 1847.55 1405.58 1164.16 1155.89 357.808 255.144 957.306 249.692 115.227 165.442 683.397 125.715 88.1933 139.917 39.7269 192.366 201.935
internal_count=48935 35877 29203 13058 6674 26276 15435 2927 11602 10841 2106 4198 7404 5637 4667 4637 1456 1037 3840 1000 464 667 2737 506 358 573 161 789 821
is_linear=0
shrinkage=0.05


Tree=4
num_leaves=29
num_cat=0
split_feature=13 16 36 13 14 14 4 4 16 4 4 14 16 4 13 4 2 9 13 4 13 19 4 14 2 44 2 1
split_gain=866.296 494.432 456.997 238.764 218.595 186.596 179.387 170.322 104.29 69.1706 68.6047 67.0049 58.9167 23.1443 20.7962 14.8615 14.0133 13.6988 8.38606 7.63921 6.99783 5.53374 6.08489 4.55163 2.05263 0.958411 0.547226 1.13687e-13
threshold=0.7875000000000002 0.081500000000000017 0.49100000000000005 0.25850000000000006 0.26150000000000007 0.74550000000000016 0.87750000000000006 1.1275000000000002 0.26000000000000006 0.96650000000000003 0.96650000000000003 0.26150000000000007 0.10400000000000001 0.25650000000000006 0.54000000000000015 0.34500000000000003 2.5000000000000004 2.0725000000000002 1.0440000000000003 0.96650000000000003 1.0000000180025095e-35 0.25650000000000006 1.1405000000000001 1.0000000180025095e-35 1.5000000000000002 0.51550000000000018 7.5000000000000009 7.5000000000000009
decision_type=2 2 2 2 2 2 2 2 2 2 2 2 2 2 2 2 2 2 2 2 2 2 2 2 2 2 2 2
left_child=3 9 5 20 23 11 -6 -7 10 15 13 -3 -12 -5 26 -2 24 -17 -18 -16 27 22 -22 -4 -11 -23 -10 -1
right_child=1 2 4 8 6 7 -8 -9 14 16 12 -13 -14 -15 19 17 18 -19 -20 -21 21 25 -24 -25 -26 -27 -28 -29
leaf_value=-0.083390736894894762 -0.049924625167223818 -0.07960132796357744 -0.085058521068721582 -0.084820954372994473 -0.008339400233432142 -0.017459601872844756 0.018967494014142546 0.0030715154467978473 -0.085009515762596577 0.085436483093699681 0.0054279112220086828 -0.028812461075562797 -0.020868386786019214 -0.034050375578582343 -0.061576568395394472 0.0012574450760271872 0.051421048133582836 0.056010430126726053 0.084919701759154476 -0.040999929706916002 -0.065528158909934894 -0.080153793567195625 -0.0036403897301402061 -0.050962558757852064 0.073040129295347395 -0.055434879433758688 -0.068061053053583759 -0.083390736894894762
leaf_weight=184.14323359727859 7.9688917994499198 77.636196181178093 50.911086216568947 24.003000929951668 697.94353497028351 1556.567548558116 4349.3647604584694 2877.5797429531813 42.143824607133865 142.72866976261139 321.83061255514622 397.08850164711475 629.91829572618008 346.29118064045906 62.366357296705246 27.614959731698036 77.534333273768425 19.483675867319107 24.613888517022133 162.98768162727356 8.8352978974580783 20.109555080533031 7.2152564227581015 12.117945015430449 43.592625752091408 4.8711989521980277 5.3694118559360495 5.2818137407302848
leaf_count=767 32 321 211 97 2795 6236 17422 11532 174 588 1291 1599 2529 1393 253 111 311 78 99 659 36 83 29 49 176 20 22 22
internal_value=-2.29704e-06 0.00559235 0.00357 -0.0317635 0.0140359 -0.00732542 0.0151915 -0.00413575 -0.0248896 0.0645739 -0.0190809 -0.0371184 -0.0119764 -0.0373414 -0.0530326 0.0132232 0.0743765 0.0239076 0.059493 -0.0466945 -0.0793357 -0.0606151 -0.0377076 -0.0785032 0.0825362 -0.0753337 -0.0830942 -0.0833907
internal_weight=12188.1 10362.7 10019.2 1825.37 5110.34 4908.87 5047.31 4434.15 1594.91 343.537 1322.04 474.725 951.749 370.294 272.867 55.0675 288.47 47.0986 102.148 225.354 230.456 41.0313 16.0506 63.029 186.321 24.9808 47.5132 189.425
internal_count=48935 41560 40165 7375 20477 19688 20217 17768 6418 1395 5310 1920 3820 1490 1108 221 1174 189 410 912 957 168 65 260 764 103 196 789
is_linear=0
shrinkage=0.05


Tree=5
num_leaves=30
num_cat=0
split_feature=13 3 4 11 13 3 14 4 16 14 6 14 4 13 59 13 4 16 6 7 16 4 3 4 25 16 4 14 21
split_gain=799.169 682.261 409.032 407.232 313.213 210.327 116.979 113.817 108.782 79.2034 85.7481 72.7442 70.4025 46.6478 46.298 34.513 26.995 27.2507 25.3227 20.7027 16.421 16.0888 9.01759 8.59947 4.43537 0.992335 0.903488 0.661081 1.13687e-13
threshold=0.96500000000000008 0.95350000000000013 0.96650000000000003 5.5000000000000009 0.40350000000000003 0.26150000000000007 0.98350000000000015 0.96650000000000003 0.036500000000000005 0.96350000000000013 0.064500000000000016 1.2155000000000002 0.46450000000000008 1.4915000000000003 1.5000000000000002 1.0000000180025095e-35 0.25650000000000006 0.27100000000000007 0.44200000000000006 0.26200000000000007 0.14900000000000002 1.0000000180025095e-35 1.0000000180025095e-35 1.6545000000000003 508.50000000000006 0.16350000000000003 1.5965000000000003 0.98350000000000015 5.5000000000000009
decision_type=2 2 2 2 2 2 2 2 2 2 2 2 2 2 2 2 2 2 2 2 2 2 2 2 2 2 2 2 2
left_child=4 5 12 14 15 22 -5 16 19 18 -11 -10 21 -14 -4 28 25 -18 -7 -9 23 -3 27 -17 -24 -6 -22 -2 -1
right_child=1 2 3 6 7 9 -8 8 11 10 -12 -13 13 -15 -16 20 17 -19 -20 -21 26 -23 24 -25 -26 -27 -28 -29 -30
leaf_value=-0.080719199119392404 -0.081190776606071741 -0.09821348737614595 0.083241972345042381 0.0037905435250706943 -0.088457662851372354 -0.024942943309982483 0.022327306100432133 0.014047584505067295 -0.030137838735912966 0.027108080848233941 -0.010007062832160791 -0.0079121068334986853 -0.011784134313625716 0.0067352499716503075 0.052717647320127049 -0.045813815555112769 -0.02519568837718953 -0.047691715437167853 -0.080208231107048639 0.049985288840424399 -0.081774889191204458 -0.040130098426413477 -0.025303159789137542 -0.0085793763185773985 -0.06516361149825603 -0.069220394620411838 -0.063677505075949339 -0.094169693227711293 -0.080719199119392404
leaf_weight=170.20150858163834 95.307576313614845 13.968921244144438 193.49587318301201 1129.7107639461756 17.193632006645206 608.28241176903248 3451.0043335705996 97.328409016132355 487.33281780779362 175.58558864891529 1368.5032008737326 1505.3720458745956 835.17008759081364 573.54219871759415 347.00275269150734 106.6890182197094 517.72529710829258 181.92204694449902 21.458641469478607 68.123731583356857 29.940551817417145 81.372374787926674 10.358856663107874 18.143938183784485 21.388612687587738 10.987642303109167 8.960498780012129 10.936972409486769 15.794322818517683
leaf_count=722 403 56 807 4527 70 2451 13819 390 1965 705 5484 6039 3344 2296 1398 433 2083 737 88 273 124 326 42 73 87 45 37 44 67
internal_value=-3.11788e-06 0.00770558 0.0158662 0.0225989 -0.0212946 -0.0156813 0.0177557 -0.0158793 -0.010113 -0.0118815 -0.00578653 -0.0133476 -0.00705841 -0.00424416 0.0636452 -0.0659821 -0.0329777 -0.0310451 -0.0268261 0.0288447 -0.0492412 -0.0486402 -0.0755399 -0.0404019 -0.0521576 -0.0809572 -0.0776063 -0.0825268 -0.0807192
internal_weight=12172.8 8937.09 6625.27 5121.21 3235.72 2311.82 4580.72 2885.99 2158.16 2173.83 1544.09 1992.7 1504.05 1408.71 540.499 349.73 727.829 699.647 629.741 165.452 163.734 95.3413 137.992 124.833 31.7475 28.1813 38.9011 106.245 185.996
internal_count=48935 35877 26573 20551 13058 9304 18346 11602 8667 8728 6189 8004 6022 5640 2205 1456 2935 2820 2539 663 667 382 576 506 129 115 161 447 789
is_linear=0
shrinkage=0.05


Tree=6
num_leaves=31
num_cat=0
split_feature=24 6 36 24 24 22 3 28 20 24 20 36 3 6 7 24 17 22 17 9 41 28 17 23 14 11 21 30 23 36
split_gain=661.996 456.992 457.487 186.187 111.294 118.245 87.9879 84.7322 83.14 71.3871 62.785 33.4567 31.1352 26.7325 25.2379 21.7044 21.4593 18.4017 12.5593 11.9183 10.5469 9.88068 9.76956 7.31996 13.0171 5.28074 2.16297 2.32595 1.24124 0.304699
threshold=1.8895000000000002 0.064500000000000016 0.47950000000000004 1.0210000000000001 2.2735000000000007 0.16666666666666669 0.80400000000000016 0.53700000000000014 3.5000000000000004 2.6525000000000003 4.5000000000000009 0.40350000000000008 0.81350000000000011 0.10150000000000002 0.14900000000000002 0.97050000000000003 0.12750000000000003 -0.96666666666666645 0.31700000000000006 0.68900000000000006 0.51550000000000018 0.37300000000000005 0.32700000000000007 0.24999999999999997 1.3870000000000002 12.500000000000002 -9.4999999999999982 1.5275000000000001 -0.51749999999999974 0.33700000000000008
decision_type=2 2 2 2 2 2 2 2 2 2 2 2 2 2 2 2 2 2 2 2 2 2 2 2 2 2 2 2 2 2
left_child=3 6 7 15 8 -6 16 9 -4 -3 14 18 -9 -13 25 26 21 -17 -12 -16 -18 -2 -19 28 -25 -5 27 -1 -8 -28
right_child=1 2 4 10 5 -7 23 12 -10 -11 11 13 -14 -15 19 17 20 22 -20 -21 -22 -23 -24 24 -26 -27 29 -29 -30 -31
leaf_value=-0.076674418314288326 -0.068393800207897357 -0.01956578018427101 -0.023902824917330426 -0.074464823499585137 0.022755349824393402 0.0067736362316685415 0.083747079918613035 -0.018793991114035069 0.0073772681651414528 -0.0057307417142616248 -0.037913958968851191 0.00461410361019759 0.011631195299251454 -0.015988713299916833 -0.006886034376455419 0.042095419132649622 0.045275353999604126 -0.068910344959438749 -0.013954633141487184 -0.037618788678491666 -0.00050180529830554717 0.0019495323596818331 -0.035241911778388799 0.0039706781441697335 0.083496057853533964 -0.045059173841725544 -0.069660649748264095 -0.034256992645451317 0.076300317103946386 -0.078743782400958903
leaf_weight=6.975817456841467 6.4427869170904186 1731.9115900546312 323.41667176783085 53.882112994790077 2542.4902075231075 2124.4786979854107 107.02114360034466 98.546781867742538 619.01556631922722 2019.7424732148647 197.41173784434795 204.15773420035839 573.03936000168324 688.09636810421944 36.904023572802544 5.4815220832824698 65.472171232104301 43.893018394708633 75.658507660031319 217.30614744126797 15.575896397233008 22.170347034931183 42.320197075605392 9.0990427881479281 11.843182057142256 21.304345905780792 9.8148595690727216 6.0216582715511322 117.27992704510689 155.72555561363697
leaf_count=29 26 6963 1304 220 10193 8546 441 395 2479 8138 796 819 2298 2767 149 22 264 180 305 880 63 89 173 37 48 86 42 25 489 669
internal_value=-3.6908e-06 0.00480664 0.00283415 -0.0283147 0.0123154 0.0154802 0.0605662 -0.00918959 -0.00335719 -0.0121175 -0.0214096 -0.0159614 0.00716668 -0.0112746 -0.0406841 -0.0665081 0.0233358 -0.0467353 -0.0312756 -0.0331573 0.0364779 -0.0138896 -0.0523832 0.0772139 0.0489436 -0.0661326 -0.0766632 -0.0570227 0.0798534 -0.0782052
internal_weight=12152.5 10387.5 10032.6 1764.95 5609.4 4666.97 354.904 4423.24 942.432 3751.65 1494.72 1165.32 671.586 892.254 329.397 270.233 109.661 91.6947 273.07 254.21 81.0481 28.6131 86.2132 245.243 20.9422 75.1865 178.538 12.9975 224.301 165.54
internal_count=48935 41773 40316 7162 22522 18739 1457 17794 3783 15101 6022 4687 2693 3586 1335 1140 442 375 1101 1029 327 115 353 1015 85 306 765 54 930 711
is_linear=0
shrinkage=0.05


Tree=7
num_leaves=31
num_cat=0
split_feature=13 24 1 13 13 24 24 4 2 16 4 17 6 10 24 24 4 6 13 59 24 13 14 41 24 2 17 24 24 24
split_gain=706.242 627.904 429.9 277.148 204.259 157.323 146.232 130.382 104.005 89.1104 60.5973 53.6645 50.6504 45.8525 36.2406 31.3706 27.2309 21.2033 18.5828 17.3759 7.74839 6.27759 4.39545 2.60939 2.24312 0.472 0.0660044 0.0373985 0.00390476 0.00236811
threshold=0.7875000000000002 1.9665000000000001 5.5000000000000009 1.2245000000000001 0.25850000000000006 1.2565000000000002 2.5275000000000003 0.88700000000000012 1.5000000000000002 0.26000000000000006 1.3550000000000002 0.32700000000000007 0.10150000000000002 4.5000000000000009 2.9235000000000002 0.97050000000000003 0.25650000000000006 0.13450000000000004 0.54000000000000015 4.5000000000000009 2.0585000000000004 1.0000000180025095e-35 1.8685000000000003 0.47700000000000004 0.61250000000000016 7.5000000000000009 0.9285000000000001 1.8335000000000001 2.4825000000000004 0.97050000000000003
decision_type=2 2 2 2 2 2 2 2 2 2 2 2 2 2 2 2 2 2 2 2 2 2 2 2 2 2 2 2 2 2
left_child=4 5 8 7 21 15 -5 -4 26 10 16 -10 19 -14 -12 24 -6 -17 25 -7 -20 27 23 -23 -2 -11 -3 29 -29 -1
right_child=1 2 3 6 9 12 -8 -9 11 18 14 -13 13 -15 -16 17 -18 -19 20 -21 -22 22 -24 -25 -26 -27 -28 28 -30 -31
leaf_value=-0.076211359124711331 -0.076681431858693916 0.079760509730210996 -0.025050891915026213 0.0054816853198688545 -0.078163887092894929 0.027203483857034878 0.023841079448424396 0.0010238378436887932 0.023831564436970237 -0.079613389815695684 -0.012702728814534828 0.056183945564269699 -0.0111761218964421 -0.030178495817118556 0.016976607805686224 -0.023583772452107701 -0.023511466749320805 -0.060835332722905144 -0.057175755485726544 -0.0025027903351378844 -0.036774212327633789 -0.078548427882563568 -0.024640782850818777 -0.049660553096301845 -0.060492372357622948 -0.063692293548917464 0.077763152035194127 -0.077801030644747624 -0.078362372345696374 -0.077141988980398229
leaf_weight=29.559032186865807 104.77869126200676 130.27964220941067 579.16356788575649 1965.4959089607 23.428361251950264 66.390401616692543 2419.9548312574625 2783.8076296746731 334.8820007443428 40.613206669688225 297.40234166383743 207.66258858144283 759.8431724011898 545.27064599096775 157.23403130471706 85.80426025390625 839.15869705379009 68.850812688469887 66.235704317688942 190.3971454501152 156.51070302724838 16.307948604226116 8.7628002166748029 15.014001756906508 26.887484505772591 5.2578392177820197 60.60242760181427 45.46822951734066 97.222879618406296 8.8921903818845731
leaf_count=131 462 557 2325 7867 97 266 9705 11150 1346 174 1196 852 3059 2198 630 348 3387 284 273 763 639 69 36 63 114 22 264 198 421 39
internal_value=-3.87008e-06 0.0050407 0.0107951 0.00733184 -0.0288411 -0.0213671 0.0156127 -0.0034667 0.0473829 -0.0225625 -0.0172102 0.0362147 -0.0151213 -0.0191152 -0.00243826 -0.0554385 -0.0249959 -0.0401678 -0.0488087 0.00517753 -0.0428408 -0.0738484 -0.0559437 -0.0647012 -0.0733755 -0.0777885 0.0791264 -0.0778106 -0.0781835 -0.0764266
internal_weight=12137.1 10330.1 8481.85 7748.42 1807.07 1848.22 4385.45 3362.97 733.427 1585.84 1317.22 542.545 1561.9 1305.11 454.636 286.321 862.587 154.655 268.617 256.788 222.746 221.227 40.0848 31.322 131.666 45.871 190.882 181.142 142.691 38.4512
internal_count=48935 41560 34066 31047 7375 7494 17572 13475 3019 6418 5310 2198 6286 5257 1826 1208 3484 632 1108 1029 912 957 168 132 576 196 821 789 619 170
is_linear=0
shrinkage=0.05


Tree=8
num_leaves=31
num_cat=0
split_feature=4 24 2 36 4 24 4 2 4 20 4 24 36 7 17 9 17 9 7 23 4 37 23 21 4 1 36 19 7 24
split_gain=578.804 556.355 399.216 310.467 183.995 147.828 138.654 84.3626 82.6124 53.461 43.5799 43.3869 37.7769 27.3143 23.1459 21.706 28.3219 15.5758 9.46882 6.98021 6.33947 7.12077 4.74673 2.20207 2.47959 0.994483 0.552754 0.323177 0.0519811 0.0271356
threshold=0.79050000000000009 1.9665000000000001 3.5000000000000004 0.51200000000000012 0.25650000000000006 0.97050000000000003 1.4790000000000003 1.5000000000000002 1.1635000000000002 4.5000000000000009 1.4915000000000003 1.4960000000000002 0.51650000000000007 0.19600000000000004 0.49150000000000005 2.7820000000000005 0.14900000000000002 2.4905000000000004 0.16350000000000003 0.6665000000000002 1.0000000180025095e-35 0.43300000000000005 -0.29399999999999987 -9.4999999999999982 1.7110000000000001 3.5000000000000004 0.33700000000000008 0.96500000000000008 0.8660000000000001 1.0000000180025095e-35
decision_type=2 2 2 2 2 2 2 2 2 2 2 2 2 2 2 2 2 2 2 2 2 2 2 2 2 2 2 2 2 2
left_child=4 5 7 6 20 23 -4 28 -5 13 -9 -11 15 -7 17 16 -6 -14 -16 -17 25 -22 -23 24 -2 29 -25 -27 -3 -1
right_child=1 2 3 8 12 9 -8 10 -10 11 -12 -13 14 -15 18 19 -18 -19 -20 -21 21 22 -24 26 -26 27 -28 -29 -30 -31
leaf_value=-0.0743005771806967 -0.072349776966795412 0.077479072671181259 -0.0080535672224530796 0.0071967388122888311 -0.050914936003903025 -0.056810285703725871 0.010943600406772362 0.018389589382156499 0.022654348043137151 -0.029613162489666361 0.051850786341657462 -0.0082128198225865628 -0.019636147642104876 -0.025658215713218985 -0.022692587156870583 0.051392743548140142 -0.026630692855726515 0.0061287055178501871 0.040085468730487607 -0.0036622195235023478 -0.0053148392110267889 -0.028847712963208368 -0.079299213244889963 -0.059089403624755892 -0.027484376084109016 -0.08074713791857234 -0.074846921838501584 -0.089032512119843782 0.075686036337828069 -0.076110378763102546
leaf_weight=25.970515191555023 6.7741550803184492 127.48071174323559 3239.6495198309422 1363.7377166002989 161.94271090626717 100.69561706483364 1365.2679493576288 184.42672730982304 2360.5461046099663 301.41675418615341 205.99124431610107 1105.4920645803213 360.66459834575653 233.60599504411221 7.657526656985282 7.4902618527412406 464.28339339792728 70.052641734480858 27.857969880104065 24.883565112948418 6.1751806288957622 6.3956706374883714 17.200553864240643 5.8523049503564826 5.646649181842804 28.761367112398148 113.52318744361401 19.921544805169106 59.188082695007324 102.286995023489
leaf_count=118 29 557 13015 5468 659 413 5480 752 9478 1227 843 4450 1451 949 31 30 1883 282 113 102 25 26 71 26 24 123 510 82 264 454
internal_value=-4.51436e-06 0.00383726 0.00904647 0.00626006 -0.0311049 -0.0209329 -0.00242128 0.0492632 0.0169942 -0.0170683 0.0360443 -0.0127976 -0.0231372 -0.0350416 -0.0122467 -0.0308468 -0.0329106 -0.0154457 0.0265498 0.00907573 -0.0744616 -0.0531151 -0.0656245 -0.0719897 -0.0519534 -0.0780533 -0.0740744 -0.0841376 0.0769105 -0.0757439
internal_weight=12110.8 10779.3 8906.29 8329.2 1331.54 1873.01 4604.92 577.087 3724.28 1741.21 390.418 1406.91 1124.83 334.302 466.233 658.6 626.226 430.717 35.5155 32.3738 206.712 29.7714 23.5962 131.796 12.4208 176.94 119.375 48.6829 186.669 128.258
internal_count=48935 43485 35857 33441 5450 7628 18495 2416 14946 7039 1595 5677 4551 1362 1877 2674 2542 1733 144 132 899 122 97 589 53 777 536 205 821 572
is_linear=0
shrinkage=0.05


Tree=9
num_leaves=31
num_cat=0
split_feature=13 24 2 13 13 24 16 24 2 16 6 13 13 24 36 36 7 40 16 16 13 19 31 24 28 26 7 24 24 2
split_gain=617.093 518.222 360.109 284.517 157.475 126.589 123.913 123.852 82.8571 70.891 47.7964 40.6958 38.82 31.4256 26.9881 24.8586 23.1364 21.3026 14.106 6.68312 5.59114 4.96272 3.41783 2.22425 2.97885 0.945154 0.0412165 0.0362956 0.0233916 0.0194883
threshold=0.7380000000000001 1.8895000000000002 3.5000000000000004 1.2245000000000001 0.25850000000000006 2.7085000000000004 0.21250000000000002 0.97050000000000003 1.5000000000000002 0.16350000000000003 0.24050000000000002 1.9650000000000001 0.59200000000000008 1.6255000000000002 0.35000000000000003 0.46500000000000008 0.47500000000000003 0.71500000000000008 0.26000000000000006 0.29800000000000004 1.0000000180025095e-35 0.25650000000000006 0.67500000000000016 0.61250000000000016 0.65450000000000019 0.38100000000000006 0.8660000000000001 0.97050000000000003 1.0000000180025095e-35 1.5000000000000002
decision_type=2 2 2 2 2 2 2 2 2 2 2 2 2 2 2 2 2 2 2 2 2 2 2 2 2 2 2 2 2 2
left_child=4 7 8 6 20 -5 -4 23 26 15 14 -10 19 -12 -9 16 -6 -17 -14 -11 27 22 -22 28 -25 -23 -3 -1 -2 -29
right_child=1 2 3 5 9 -7 -8 10 11 12 13 -13 18 -15 -16 17 -18 -19 -20 -21 21 25 -24 24 -26 -27 -28 29 -30 -31
leaf_value=-0.072578319073988137 -0.072603109084530354 0.075430474962212071 0.0097378637128342563 0.0079153205456430533 -0.024034543088309115 0.024809667445679418 -0.0099239487447088104 -0.034895960294122806 0.02305907106629751 -0.050770547682530753 -0.045072554378390604 0.057448789860677973 -0.021195535814550082 -0.02061679976225653 -0.0076619792705224623 -0.024756097784751782 0.018688889404858043 0.0077831585861016343 -0.041055793473434923 -0.073058199376153085 -0.060261602060183307 -0.047636881090385268 -0.012597589568428999 -0.065368036785931477 -0.024116392499419492 -0.072737872468400896 0.073813730606763786 -0.074139729931309614 -0.074356753406396331 -0.075375759452674496
leaf_weight=28.073859438300133 74.610061168670654 124.47188712656498 1148.3872961401939 2872.7434010058641 378.96955566108227 1805.792966529727 2651.5071529895067 102.91285192966461 267.00731845200062 124.76885379850864 204.49189758300781 126.91772799193859 253.11638177931309 367.30581916868687 783.78310316801071 68.140630170702934 34.580205351114273 192.09721347689629 138.23609600961208 46.048673838376999 6.2450388669967642 4.6696495711803463 9.4557287096977216 20.975008517503742 5.5301081389188758 19.047727510333061 57.692793011665344 97.927232667803764 25.520256459712982 47.290118992328644
leaf_count=131 348 557 4609 11520 1534 7259 10644 418 1089 511 839 519 1023 1485 3165 275 140 774 571 202 26 20 39 92 24 83 264 446 116 212
internal_value=-4.88579e-06 0.00416365 0.00878069 0.00618148 -0.0306204 0.0144361 -0.00398184 -0.0222097 0.0470338 -0.0237816 -0.0180914 0.034139 -0.0368912 -0.0293629 -0.0108228 -0.0128436 -0.0204621 -0.000736914 -0.0282107 -0.0567788 -0.0703579 -0.0533611 -0.0315561 -0.0696408 -0.0567612 -0.0677958 0.0749184 -0.0742241 -0.0730501 -0.0745422
internal_weight=12088.3 10639.6 9054.52 8478.43 1448.67 4678.54 3799.89 1585.13 576.09 1235.96 1458.49 393.925 562.17 571.798 886.696 673.788 413.55 260.238 391.352 170.818 212.709 39.4181 15.7008 126.635 26.5051 23.7174 182.165 173.291 100.13 145.217
internal_count=48935 42948 36461 34032 5987 18779 15253 6487 2429 5030 5907 1608 2307 2324 3583 2723 1674 1049 1594 713 957 168 65 580 116 103 821 789 464 658
is_linear=0
shrinkage=0.05


Tree=10
num_leaves=31
num_cat=0
split_feature=13 24 1 13 4 24 24 4 24 3 4 2 16 9 17 16 10 24 13 4 17 3 22 16 1 26 21 4 4 24
split_gain=569.534 524.472 304.977 240.139 203.244 191.61 127.954 91.8186 92.791 82.446 63.6293 46.6266 45.9772 37.0156 33.302 31.984 30.9869 27.5361 26.7504 26.7474 23.371 16.9954 16.1329 13.5453 12.7616 7.62571 2.18582 0.835765 0.0309055 0.0165064
threshold=0.96500000000000008 1.9335000000000002 5.5000000000000009 0.40350000000000003 1.1130000000000002 2.9605000000000006 1.2565000000000002 1.1275000000000002 2.6650000000000005 0.82700000000000007 0.46450000000000008 1.5000000000000002 0.28300000000000008 0.55800000000000016 0.27900000000000008 1.0000000180025095e-35 4.5000000000000009 0.97050000000000003 1.0000000180025095e-35 0.25650000000000006 0.24550000000000002 0.44600000000000006 -0.96666666666666645 0.14900000000000002 19.500000000000004 0.39350000000000007 -9.4999999999999982 1.5965000000000003 0.25650000000000006 1.9665000000000001
decision_type=2 2 2 2 2 2 2 2 2 2 2 2 2 2 2 2 2 2 2 2 2 2 2 2 2 2 2 2 2 2
left_child=3 6 9 18 10 -6 17 12 14 20 -4 -11 19 21 -9 -10 -15 26 28 -5 -3 -8 -19 25 -14 -20 -2 -25 29 -1
right_child=1 2 4 7 5 -7 13 8 15 11 -12 -13 24 16 -16 -17 -18 22 23 -21 -22 -23 -24 27 -26 -27 -28 -29 -30 -31
leaf_value=-0.071007333970570338 -0.047990341181969626 -0.015670477086657388 -0.043837043825222917 -0.07318344249164721 0.0098909744547240833 0.035659485290174077 -0.023584625414155094 -0.027501608076146669 0.035746637229185883 0.073119822888698463 -0.00074052099420869372 0.042228302836259175 -0.054290181500187211 -0.01003065900565903 -0.0071998594650630413 0.0025865463225798174 -0.026970265274967681 0.042707653916898965 -0.015422404723091946 -0.017366210115417644 0.028181742516199017 0.013584444567958657 -0.039556609328118345 -0.074658775268893904 -0.032495871425438382 -0.043518466995184024 -0.07042651082035202 -0.056817260744980808 -0.073729967432223306 -0.072406909376659251
leaf_weight=26.455975994467735 12.047449395060537 60.120331212878227 88.806361958384514 21.979636445641518 3112.5337252467871 939.05461898446083 37.713816687464714 428.40526415407658 80.319367259740829 177.43313844501972 2407.4929777383804 392.04935011267662 119.08978173136711 722.36405421793461 382.21135629713535 768.36457686126232 431.0711275935173 6.2219862788915625 33.038154631853104 912.70138980448246 61.426516100764275 166.66361522674561 141.42405731976032 28.31127767264843 154.05567988753319 89.77726349234581 109.73787058889866 8.545021325349806 38.80158032476902 103.4200187921524
leaf_count=127 53 242 357 94 12486 3781 152 1734 322 821 9652 1612 501 2920 1547 3086 1748 25 135 3692 252 668 588 124 626 371 520 37 178 484
internal_value=-5.51188e-06 0.00651718 0.0122829 -0.0181034 0.0089489 0.0158635 -0.019132 -0.0134648 -0.00583086 0.0438743 -0.00227369 0.0518531 -0.0239524 -0.0128864 -0.0179292 0.00572481 -0.0163615 -0.0506071 -0.0586065 -0.0186788 0.00649126 0.00672563 -0.0360899 -0.0439382 -0.0419981 -0.0359604 -0.068207 -0.0705223 -0.0724917 -0.0721218
internal_weight=12061.6 8866.16 7238.92 3195.48 6547.89 4051.59 1627.24 2867.13 1659.3 691.029 2496.3 569.482 1207.83 1357.81 810.617 848.684 1153.44 269.431 328.349 934.681 121.547 204.377 147.646 159.672 273.145 122.815 121.785 36.8563 168.678 129.876
internal_count=48935 35877 29203 13058 26276 16267 6674 11602 6689 2927 10009 2433 4913 5488 3281 3408 4668 1186 1456 3786 494 820 613 667 1127 506 573 161 789 611
is_linear=0
shrinkage=0.05


Tree=11
num_leaves=31
num_cat=0
split_feature=13 24 4 12 13 24 24 16 12 13 4 6 17 10 16 14 7 24 13 36 6 4 13 19 25 12 4 24 4 24
split_gain=521.409 432.296 310.567 329.005 160.218 148.072 121.471 71.6802 67.4531 52.8858 47.9115 46.813 44.1378 42.7445 34.2725 32.6633 31.288 28.7742 16.6866 15.258 14.0057 8.08014 5.48839 4.72382 5.31237 4.0847 0.956157 0.340694 0.0248622 0.0132868
threshold=0.7875000000000002 1.9665000000000001 0.96650000000000003 5.5000000000000009 0.25850000000000006 2.4285000000000005 1.3335000000000004 0.26000000000000006 1.5000000000000002 1.1275000000000002 1.3550000000000002 0.097500000000000017 0.32700000000000007 4.5000000000000009 0.16350000000000003 1.0000000180025095e-35 0.59400000000000008 2.9235000000000002 0.6170000000000001 0.36650000000000005 0.17500000000000002 1.2545000000000002 1.0000000180025095e-35 0.25650000000000006 510.50000000000006 7.5000000000000009 1.1225000000000003 0.97050000000000003 0.25650000000000006 1.9665000000000001
decision_type=2 2 2 2 2 2 2 2 2 2 2 2 2 2 2 2 2 2 2 2 2 2 2 2 2 2 2 2 2 2
left_child=4 6 9 8 22 -5 15 10 -4 14 16 19 -11 -13 -3 27 -6 -12 25 -8 -17 -20 28 24 -24 -9 -25 -2 29 -1
right_child=1 2 3 5 7 -7 11 18 -10 12 17 13 -14 -15 -16 20 -18 -19 21 -21 -22 -23 23 26 -26 -27 -28 -29 -30 -31
leaf_value=-0.069567426009112129 -0.069801259622188846 0.0046023742848786253 0.071490258319616931 -0.00077366725314440324 -0.0234211960924374 0.015909119930077039 -0.026875393804342597 -0.072616579385338095 0.036331683926236424 -0.0077431093900930644 -0.010918620547582393 -0.0075949640741313044 0.016139088854932981 -0.026061942718540149 -0.025612134279070664 -0.026585507708903527 0.03642019580576774 0.015548473266247649 -0.044782719536371418 0.014384811514551421 -0.052637800144791358 -0.024055057771466631 0.0049109154831258961 -0.074561885587486096 -0.054176816357202832 -0.045419939636870132 -0.054116814620456012 -0.080914127484927018 -0.07204517163585504 -0.070841938460686107
leaf_weight=25.673229604959488 85.105718731880188 113.25058941543102 172.52801603078842 2073.8112728595734 832.59697584807873 3708.7527813464403 25.344985634088516 48.644272118806839 651.83952671289444 924.21773689985275 296.29772987961769 738.48361487686634 244.6839287430048 544.30615898966789 547.99422587454319 150.5504408031702 22.431565552949905 157.15815956890583 112.02300119400024 193.25957758724689 78.480988353490829 81.024166435003281 6.7081348598003379 11.450367227196695 8.7863925844430906 19.277291297912598 11.42417438328266 7.5050785988569251 37.750158980488777 100.49361199140549
leaf_count=127 419 456 821 8314 3393 14911 102 221 2668 3704 1196 2986 982 2214 2210 632 91 630 470 775 334 334 28 52 37 83 51 32 178 484
internal_value=-5.97999e-06 0.00431932 0.00909007 0.0141389 -0.0250538 0.00992614 -0.0177599 -0.0196557 0.0436899 -0.00913666 -0.0148837 -0.0117861 -0.00274389 -0.0154308 -0.0204373 -0.0456448 -0.0218513 -0.00174569 -0.0435826 0.00960111 -0.0355127 -0.0360831 -0.0669348 -0.049912 -0.0285956 -0.0648977 -0.0643511 -0.0707018 -0.0709194 -0.0705826
internal_weight=12031.9 10260.1 8437.08 6606.93 1771.74 5782.56 1823.04 1569.45 824.368 1830.15 1308.48 1501.39 1168.9 1282.79 661.245 321.642 855.029 453.456 260.969 218.605 229.031 193.047 202.286 38.3691 15.4945 67.9216 22.8745 92.6108 163.917 126.167
internal_count=48935 41560 34066 26714 7375 23225 7494 6418 3489 7352 5310 6077 4686 5200 2666 1417 3484 1826 1108 877 966 804 957 168 65 304 103 451 789 611
is_linear=0
shrinkage=0.05


Tree=12
num_leaves=30
num_cat=0
split_feature=4 3 6 36 4 24 24 4 6 36 3 3 24 7 17 9 9 7 4 6 4 36 23 21 4 1 36 19 24
split_gain=448.725 465.929 271.817 199.261 179.557 134.461 101.938 88.9893 73.1693 55.6786 52.7391 37.0954 29.0176 26.6754 26.8889 24.3286 22.6967 25.3088 20.6543 12.7217 5.67317 6.47312 4.33313 2.17275 2.42709 1.22722 0.581181 0.337828 0.0124188
threshold=0.87750000000000006 0.9425 0.12250000000000001 0.51750000000000018 0.25650000000000006 0.97050000000000003 2.9605000000000006 1.4915000000000003 0.22450000000000003 0.51650000000000007 0.71700000000000008 0.71100000000000008 1.3335000000000004 0.18350000000000002 0.40800000000000003 2.4035000000000006 1.9245000000000003 0.41300000000000003 0.46450000000000008 0.070000000000000021 1.0000000180025095e-35 0.56700000000000006 -0.29399999999999987 -9.4999999999999982 1.7110000000000001 3.5000000000000004 0.33700000000000008 0.96500000000000008 1.0000000180025095e-35
decision_type=2 2 2 2 2 2 2 2 2 2 2 2 2 2 2 2 2 2 2 2 2 2 2 2 2 2 2 2 2
left_child=4 5 12 7 20 23 -5 -4 10 16 -7 -10 -3 15 -15 -11 17 -6 -18 -14 25 22 -22 24 -2 28 -25 -27 -1
right_child=1 2 3 6 9 8 -8 -9 11 13 -12 -13 19 14 -16 -17 18 -19 -20 -21 21 -23 -24 26 -26 27 -28 -29 -30
leaf_value=-0.068234017411659562 -0.066238874088721228 -0.042428204425633137 -0.0035596851886115187 0.011014100999974873 -0.038686933583020749 -0.014206569522350034 0.029374358824677656 0.013101856038217678 -0.043060934448094106 -0.029132518240478574 0.0038215557037273684 -0.017662428277034382 0.066171022492683515 -0.0035008842762817185 0.034783270047022245 0.0041278252606698736 -0.045690403747132229 -0.012262533939599104 -0.013729781376656598 0.037620625883707376 -0.024979707770757954 -0.0023574969691857184 -0.07363990561874087 -0.051861994628293252 -0.020650565023778166 -0.075303302367125208 -0.068776258474366955 -0.083977469477014913 -0.069531164255036734
leaf_weight=23.105997890233994 6.3534050285816175 6.9125927537679663 2814.0365283042192 1996.0593935102224 376.85854257643223 789.04906684160233 1216.8735475242138 1120.4981534779072 178.3837388753891 183.50934112071991 834.92089159786701 740.70913845300674 228.32252761721611 401.07582274079323 51.786327227950096 78.498301431536674 56.91551510989666 119.30092780292034 451.96415124833584 47.059725806117058 6.3154449462890687 6.122694954276084 16.601434081792831 5.3450043201446524 5.4018866717815399 26.885894387960434 101.89977377653122 19.270030647516251 91.609373316168785
leaf_count=118 29 29 11379 8042 1544 3209 4947 4524 734 741 3367 2995 1032 1616 210 317 236 494 1842 189 26 25 71 26 24 123 510 82 454
internal_value=-6.61246e-06 0.00419921 0.01063 0.00872941 -0.0222309 -0.0137491 0.0179679 0.00118528 -0.0113183 -0.0171365 -0.00493789 -0.0225919 0.0587523 -0.00646955 0.000877039 -0.0191676 -0.0247237 -0.0323332 -0.0173044 0.0612921 -0.0683683 -0.0480283 -0.0602301 -0.0656965 -0.0452898 -0.07204 -0.0679333 -0.0789248 -0.0692699
internal_weight=12001.6 10091.8 7429.76 7147.47 1909.82 2662.06 3212.93 3934.53 2543.06 1719.91 1623.97 919.093 282.295 714.87 452.862 262.008 1005.04 496.159 508.88 275.382 189.911 29.0396 22.9169 119 11.7553 160.871 107.245 46.1559 114.715
internal_count=48935 41036 30142 28892 7899 10894 12989 15903 10305 7000 6576 3729 1250 2884 1826 1058 4116 2038 2078 1221 899 122 97 589 53 777 536 205 572
is_linear=0
shrinkage=0.05


Tree=13
num_leaves=31
num_cat=0
split_feature=13 24 4 13 24 6 59 16 13 16 3 13 24 13 13 4 4 24 13 4 7 4 6 16 16 4 24 6 4 24
split_gain=464.553 401.378 253.818 182.803 159.46 193.783 124.819 107.394 111.661 86.5842 74.4516 66.8188 62.7757 59.1838 45.8498 44.8011 40.8117 31.4339 23.7703 22.5799 22.4533 18.7779 17.1156 12.6136 9.51106 6.26718 2.00709 0.991635 0.0636707 0.0118117
threshold=0.89600000000000013 2.2515000000000005 1.2980000000000003 0.40350000000000003 1.3335000000000004 0.064500000000000016 9.5000000000000018 0.078500000000000014 1.5210000000000001 0.10400000000000001 0.86850000000000016 1.3550000000000002 2.8335000000000004 0.59200000000000008 1.4155000000000002 0.95750000000000013 1.3390000000000002 0.97050000000000003 1.0000000180025095e-35 0.25650000000000006 0.31900000000000006 0.66100000000000014 0.14550000000000002 0.14900000000000002 0.14900000000000002 1.6545000000000003 0.61250000000000016 0.16350000000000003 0.25650000000000006 1.8335000000000001
decision_type=2 2 2 2 2 2 2 2 2 2 2 2 2 2 2 2 2 2 2 2 2 2 2 2 2 2 2 2 2 2
left_child=3 4 7 18 17 10 12 21 -9 15 -6 -7 -4 24 -8 19 -15 26 28 -5 -17 -3 -19 25 -11 -20 -2 -25 -1 -30
right_child=1 2 6 9 5 11 14 8 -10 13 -12 -13 -14 16 -16 20 -18 22 23 -21 -22 -23 -24 27 -26 -27 -28 -29 29 -31
leaf_value=-0.067887562745084909 -0.067555576862895678 0.0053706808660199399 0.026695663322013199 -0.075129709454934981 0.011316806858993682 -0.020046418792726745 0.012074114711847472 -0.0033765330235499278 0.015847927543116178 -0.028003417456942504 0.061501235281373051 -0.0036697319463119974 0.058463141653662315 -0.021484227392038369 0.028395719717600798 0.007370725517367116 -0.0051669306117599683 -0.017919548154549474 -0.037906501655000334 -0.010860760881829964 0.03636667223856354 0.056693759705778418 -0.047879512592040631 -0.047404933871923023 -0.050266786281434307 -0.0059276491236617997 -0.051141628194725369 -0.070665258142479412 -0.06864355146034827 -0.070773136853479149
leaf_weight=118.52441374957561 88.685526490211487 21.18914021551609 276.52376721799374 15.335701152682303 172.50503498315811 957.89111618697643 1059.7018652707338 2346.7820635885 1113.8095508664846 71.094717308878899 129.30109138786793 1780.7804594784975 355.36413978040218 1014.3045216649771 724.42527359724045 224.72174350917339 615.88140906393528 110.25638243556023 103.16856953501701 125.56837496161461 94.984269648790359 112.1589766740799 83.979848772287369 5.4101565033197394 147.49728654325008 17.993013083934784 23.575265914201736 29.935447990894318 8.487944543361662 27.959149584174156
leaf_count=611 462 86 1129 69 696 3875 4258 9431 4487 289 604 7180 1500 4142 2926 904 2487 455 433 513 382 503 361 25 629 73 111 136 43 135
internal_value=-7.03795e-06 0.00520437 0.0129324 -0.0186126 -0.00867244 -0.00520737 0.0254648 0.00450762 0.00281096 -0.013763 0.032817 -0.00939772 0.0445612 -0.0185955 0.0187013 0.00563316 -0.0153196 -0.0430462 -0.0545688 -0.0178557 0.0159854 0.0485385 -0.030873 -0.0408242 -0.0430259 -0.0331575 -0.0641086 -0.0671049 -0.0684496 -0.0702772
internal_weight=11977.8 9356.93 6009.95 2620.87 3346.97 3040.48 2416.02 3593.94 3460.59 2309.39 301.806 2738.67 631.888 1848.78 1784.13 460.61 1630.19 306.497 311.479 140.904 319.706 133.348 194.236 156.507 218.592 121.162 112.261 35.3456 154.972 36.4471
internal_count=48935 38064 24320 10871 13744 12355 9813 14507 13918 9415 1300 11055 2629 7547 7184 1868 6629 1389 1456 582 1286 589 816 667 918 506 573 161 789 178
is_linear=0
shrinkage=0.05


Tree=14
num_leaves=31
num_cat=0
split_feature=13 24 1 13 13 16 24 24 3 16 2 20 4 13 17 17 36 17 4 14 16 13 19 4 24 36 44 4 14 24
split_gain=422.434 344.65 271.224 210.081 120.347 111.855 110.244 93.0921 83.4926 55.8142 45.2923 31.7601 31.7441 31.1226 27.4019 21.9616 19.5379 15.749 14.9128 12.8666 6.07725 5.13316 4.53299 5.1563 2.37834 2.77867 0.994322 0.0517705 0.0322212 0.00955894
threshold=0.7380000000000001 1.8895000000000002 5.5000000000000009 1.2195000000000003 0.25850000000000006 0.18350000000000002 2.5275000000000003 0.97050000000000003 0.82700000000000007 0.16350000000000003 1.5000000000000002 4.5000000000000009 0.95750000000000013 0.59200000000000008 0.36550000000000005 0.18050000000000002 0.52050000000000007 0.075500000000000012 0.25650000000000006 1.2195000000000003 0.29800000000000004 1.0000000180025095e-35 0.25650000000000006 1.1405000000000001 0.61250000000000016 0.35900000000000004 0.51550000000000018 0.25650000000000006 1.0000000180025095e-35 1.8335000000000001
decision_type=2 2 2 2 2 2 2 2 2 2 2 2 2 2 2 2 2 2 2 2 2 2 2 2 2 2 2 2 2 2
left_child=4 7 8 5 21 -4 -5 24 15 12 -10 17 18 20 -13 -3 -14 -9 -6 -15 -11 27 23 -23 28 -26 -24 -1 -2 -29
right_child=1 2 3 6 9 -7 -8 11 10 13 -12 14 16 19 -16 -17 -18 -19 -20 -21 -22 22 26 -25 25 -27 -28 29 -30 -31
leaf_value=-0.066713837285108407 -0.066083904824927861 -0.022741580533642843 0.012617758932852337 0.0035695715805101093 -0.073342534077633234 -0.0088052981146468992 0.01904794428526433 -0.063608473172916652 0.068064411378542355 -0.044476191576091201 0.036631944585430801 -0.014867352388847297 -0.0075095562324606503 -0.037358572286144393 0.0059556237917489981 0.017812063273974908 0.021149440333347626 -0.02644116640598837 -0.023041436493254037 -0.017805222800013471 -0.066547366388454682 -0.052524118896653163 -0.066364336452531772 0.0058417909376625426 -0.011659728113945684 -0.056461679698054393 -0.039689499119491538 -0.067408672187050878 -0.068968296168121335 -0.069355178589725355
leaf_weight=114.6767368465662 75.108071893453598 53.093599021434784 771.79879640042782 2179.8117334097624 16.032514348626137 2893.9357322603464 2435.949424430728 33.078260198235512 159.80926764011383 121.17221297323704 405.17187459766865 1016.9280546605587 399.55940146744251 124.10991813242435 187.05279086530209 89.932964786887169 69.868735015392303 206.00802372395992 182.0339262932539 261.18529307842255 41.99866458773613 8.1734816431999189 17.500449270009998 7.0463050007820121 4.1835432201623943 20.034526467323303 4.3648559153079978 8.218107655644415 11.115008696913717 27.1253712028265
leaf_count=611 408 214 3105 8744 74 11652 9852 141 821 511 1704 4148 1617 523 764 369 281 854 751 1071 202 36 83 29 20 96 20 43 56 135
internal_value=-7.34085e-06 0.00342266 0.00718074 0.00464134 -0.0257813 -0.0042948 0.0117382 -0.0183238 0.0368838 -0.020037 0.0455229 -0.0149377 -0.0103267 -0.0318547 -0.0116323 0.00275794 -0.00324401 -0.0315834 -0.0271131 -0.0241037 -0.0501571 -0.0631119 -0.046455 -0.0255025 -0.0625671 -0.0487224 -0.0610394 -0.0672295 -0.0664557 -0.0689026
internal_weight=11946.1 10543 8989.5 8281.5 1403.07 3665.73 4615.76 1553.51 708.008 1215.96 564.981 1443.07 667.495 548.466 1203.98 143.027 469.428 239.086 198.066 385.295 163.171 187.105 37.0851 15.2198 110.441 24.2181 21.8653 150.02 86.2231 35.3435
internal_count=48935 42948 36461 33353 5987 14757 18596 6487 3108 5030 2525 5907 2723 2307 4912 583 1898 995 825 1594 713 957 168 65 580 116 103 789 464 178
is_linear=0
shrinkage=0.05


Tree=15
num_leaves=31
num_cat=0
split_feature=13 3 1 13 14 3 13 16 16 14 6 6 14 3 16 13 13 3 7 13 16 16 26 3 7 25 14 6 2 1
split_gain=389.479 319.651 214.499 177.303 118.874 114.105 83.1811 85.0665 76.6048 71.1759 61.2351 60.2471 39.817 39.5471 38.7833 51.888 35.7942 30.7767 24.2656 23.1947 15.7168 11.4257 6.706 6.23096 4.19937 3.79717 1.40458 0.978931 0.0294473 0.00601694
threshold=0.96500000000000008 0.91850000000000021 8.5000000000000018 0.40350000000000003 0.7965000000000001 0.26150000000000007 1.4915000000000003 0.32050000000000006 0.24050000000000002 1.2245000000000001 0.075500000000000012 0.22450000000000003 0.26150000000000007 0.70200000000000007 0.036500000000000005 0.68600000000000005 0.6170000000000001 0.58950000000000002 0.26200000000000007 1.0000000180025095e-35 0.40350000000000003 0.14900000000000002 0.39350000000000007 1.0000000180025095e-35 0.14550000000000002 508.50000000000006 0.98350000000000015 0.16350000000000003 1.5000000000000002 2.5000000000000004
decision_type=2 2 2 2 2 2 2 2 2 2 2 2 2 2 2 2 2 2 2 2 2 2 2 2 2 2 2 2 2 2
left_child=3 5 4 19 12 23 7 -4 14 -8 -6 13 -3 -7 18 -16 24 -13 -5 28 -18 22 -21 26 -10 -25 -2 -23 29 -1
right_child=1 2 6 8 10 11 9 -9 16 -11 -12 17 -14 -15 15 -17 20 -19 -20 21 -22 27 -24 25 -26 -27 -28 -29 -30 -31
leaf_value=-0.064875582331121492 -0.065370151590889644 -0.067868932181980576 0.011340820283165463 -0.00038408598648729641 0.065870757626566412 -0.011842077942384704 0.0077374670335870824 -0.0052182539829712868 -0.069923326552189996 0.025729978646252497 0.032635635050460979 -0.055218607956512157 0.0036176161754320683 0.0059903833395620063 -0.022032179952199926 -0.0021637813356585179 -0.01753370986120522 -0.017541879203325641 0.030428239300777333 -0.011594151031650976 -0.040132914072633905 -0.043941664701335294 -0.038202581469701499 -0.015682600642676858 -0.045907409279782881 -0.053740392691667874 -0.084920378451746326 -0.067519425815143641 -0.067202422012028459 -0.065837256463898597
leaf_weight=20.32252199947834 72.254302948713303 22.175887763500214 1312.679318934679 150.83225557208061 173.92679218947887 587.60363431274891 1639.6596702933311 1895.5289087891579 28.990844085812569 826.82618260383606 682.24187654256821 59.198688045144081 160.15023715794086 660.2573373913765 469.54098854959011 1094.8384115546942 852.83334527909756 642.17541374266148 110.86182224750519 32.509017944335938 84.562499791383743 5.2030276656150809 87.178855150938034 9.8077051937580126 48.912779480218887 19.756726279854774 10.525547385215758 28.60881033539772 43.265795156359673 81.470631301403046
leaf_count=115 403 94 5281 617 861 2413 6607 7630 136 3352 2872 256 655 2666 1920 4415 3489 2614 452 135 351 25 371 42 222 87 44 136 228 446
internal_value=-7.76614e-06 0.00539994 0.0106884 -0.01512 0.0315807 -0.0118209 0.00686496 0.0015571 -0.0112686 0.013769 0.0393872 -0.00899691 -0.00507712 -0.00240672 -0.00514689 -0.00812719 -0.0222788 -0.0207219 0.012669 -0.0517736 -0.0195724 -0.0382258 -0.0309753 -0.0608189 -0.0548446 -0.0411151 -0.067856 -0.0638912 -0.0661097 -0.0656453
internal_weight=11914.7 8774.77 6713.19 3139.93 1038.49 2061.58 5674.69 3208.21 2841.37 2466.49 856.169 1949.24 182.326 1247.86 1826.07 1564.38 1015.3 701.374 261.694 298.559 937.396 153.5 119.688 112.344 77.9036 29.5644 82.7799 33.8118 145.059 101.793
internal_count=48935 35877 27352 13058 4482 8525 22870 12911 11602 9959 3733 7949 749 5079 7404 6335 4198 2870 1069 1456 3840 667 506 576 358 129 447 161 789 561
is_linear=0
shrinkage=0.05


Tree=16
num_leaves=31
num_cat=0
split_feature=4 3 13 2 11 4 4 3 6 7 13 3 17 16 17 16 6 13 3 4 7 7 37 7 26 13 19 3 13 1
split_gain=371.759 332.065 237.712 145.255 132.973 128.434 118.541 95.7255 58.9272 51.6661 46.3289 44.2103 30.3458 30.2846 22.4189 19.905 23.1468 17.7335 8.13448 4.94567 6.07228 4.9067 4.63646 4.42852 2.75554 1.99359 0.865219 0.296871 0.275853 0.0538418
threshold=0.79050000000000009 0.87250000000000016 1.4915000000000003 1.5000000000000002 8.5000000000000018 1.3830000000000002 0.25650000000000006 0.26150000000000007 0.16950000000000001 0.43400000000000005 1.2095000000000002 0.67300000000000015 0.17750000000000002 0.17500000000000002 0.30200000000000005 0.38700000000000007 0.87250000000000016 1.8305000000000002 1.0000000180025095e-35 1.0000000180025095e-35 0.49150000000000005 0.39650000000000007 0.42900000000000005 0.14900000000000002 0.56000000000000016 0.7965000000000001 1.7925000000000002 0.74550000000000016 1.0000000180025095e-35 2.5000000000000004
decision_type=2 2 2 2 2 2 2 2 2 2 2 2 2 2 2 2 2 2 2 2 2 2 2 2 2 2 2 2 2 2
left_child=6 7 3 29 17 -5 19 18 12 -6 15 -10 -9 24 -15 16 -8 -4 26 25 22 -20 -21 -17 -12 28 -2 -27 -1 -3
right_child=1 2 4 5 9 -7 10 8 11 -11 13 -13 -14 14 -16 23 -18 -19 21 20 -22 -23 -24 -25 -26 27 -28 -29 -30 -31
leaf_value=-0.064640754324662944 -0.078373182278023479 0.064726127170386602 0.035418279687651641 -0.0052085938354821861 0.013540920688761726 0.010735214844034627 -0.027775942966040502 -0.01636254434265505 -0.037593802013977912 0.046650348475881245 0.078602559249502768 -0.014174436866489221 0.0029226377797579479 -0.016677274887710279 0.0080041738187714082 -0.06495667625942779 0.012938040535164567 0.058060853306356325 -0.047933441194450178 -0.012978078749672377 0.0034174804596946496 -0.0014121126348488535 -0.067781823485286483 -0.042066475821992445 0.032662738197519123 -0.072493803835721043 -0.064781015156397379 -0.086715406208562412 -0.071344958418871784 0.067315031111217491
leaf_weight=106.64728802442551 14.114417746663092 32.513848438858986 155.38140349090099 3542.344318985939 2412.3985804915428 1963.0743379443884 479.64621798694134 295.05032332241535 270.50438962876797 123.87682302296162 9.6074496358633024 790.17021402716637 660.87463603913784 352.24060751497746 124.53317591547966 31.740222319960594 37.649741917848587 194.98983378708363 26.275561898946762 4.9037441015243592 5.2637167125940314 7.2268608063459387 18.119201019406319 63.210030242800713 4.943797916173934 4.9697758555412319 68.676619902253151 14.025589421391485 17.921878173947334 52.528417259454727
leaf_count=609 65 185 654 14362 9764 7956 2004 1212 1134 502 39 3215 2701 1423 504 136 159 918 115 20 23 32 79 266 20 24 395 58 86 275
internal_value=-8.17103e-06 0.00305776 0.00749471 0.0014782 0.0191467 0.000476511 -0.0255131 -0.0145767 -0.012033 0.0151581 -0.0194978 -0.0201471 -0.00302982 -0.00806183 -0.0102305 -0.0286752 -0.0248127 0.0480194 -0.0586862 -0.064141 -0.045032 -0.0378983 -0.056109 -0.0497183 0.0629945 -0.0679061 -0.0670982 -0.0829946 -0.0656053 0.0663252
internal_weight=11885.4 10610 8477.11 5590.46 2886.65 5505.42 1275.42 2132.89 2016.6 2536.28 1103.57 1060.67 955.925 491.325 476.774 612.246 517.296 350.371 116.293 171.851 28.2867 33.5024 23.0229 94.9503 14.5512 143.565 82.791 18.9954 124.569 85.0423
internal_count=48935 43485 34616 22778 11838 22318 5450 8869 8262 10266 4551 4349 3913 1986 1927 2565 2163 1572 607 899 122 147 99 402 59 777 460 82 695 460
is_linear=0
shrinkage=0.05


Tree=17
num_leaves=31
num_cat=0
split_feature=13 24 4 2 24 6 13 13 13 3 16 13 14 24 16 4 4 7 3 13 4 16 13 19 25 44 26 3 4 24
split_gain=342.079 282.077 258.106 178.47 135.95 169.531 127.117 96.6806 76.8016 62.9133 45.6991 45.5559 28.1133 27.6433 26.5671 23.9443 22.5021 25.7047 13.2039 10.9721 8.02449 5.52637 5.00363 4.40235 5.142 0.985419 0.909082 0.387293 0.0650578 0.00870087
threshold=0.65100000000000013 2.4190000000000005 0.96650000000000003 5.5000000000000009 1.3335000000000004 0.064500000000000016 1.2890000000000004 1.3390000000000002 0.25850000000000006 0.85950000000000004 0.15600000000000003 1.1190000000000004 1.0000000180025095e-35 3.9970000000000003 0.21950000000000003 0.66100000000000014 0.40350000000000003 0.44900000000000007 1.0000000180025095e-35 0.54000000000000015 0.87750000000000006 0.27100000000000007 1.0000000180025095e-35 0.25650000000000006 510.50000000000006 0.51550000000000018 0.61650000000000016 0.96650000000000003 0.25650000000000006 1.8335000000000001
decision_type=2 2 2 2 2 2 2 2 2 2 2 2 2 2 2 2 2 2 2 2 2 2 2 2 2 2 2 2 2 2
left_child=8 4 11 13 12 9 -5 -7 22 -6 16 15 27 -4 -13 -3 26 -18 -14 21 -21 -12 28 24 -24 -25 -10 -2 -1 -30
right_child=1 2 3 6 5 7 -8 -9 10 -11 19 14 18 -15 -16 -17 17 -19 -20 20 -22 -23 23 25 -26 -27 -28 -29 29 -31
leaf_value=-0.06372552455162496 -0.063617306339262394 -0.033972319044331283 0.033671516986144234 0.0043734128948157624 0.012086096951601304 -0.016643188256241212 0.022208581945479887 -0.00089971040895448656 -0.053716573610336341 0.056146934204043444 -0.043327607127166219 0.031008947733058456 -0.070652156758235829 0.057067877405954072 -0.0026083114525131549 -0.01219646773916922 -0.014761183022628178 0.02432064969813208 -0.026646382572828732 -0.0550041867395391 -0.024806594312790489 -0.066845194694247281 0.010808127756159452 -0.063642069217696051 -0.048408298230537342 -0.036593900703276443 -0.074353021221218271 -0.075260850636720791 -0.064790807187719263 -0.066724697422810189
leaf_weight=103.20950527489185 70.694976195693016 162.02405136823654 353.98182500898838 2431.639650836587 209.3247486948967 1691.067878305912 1695.7644593417645 2303.4816227406263 13.955686867237093 132.1737654954195 77.658320754766464 63.092827513813972 18.533896446228027 196.24192073941231 857.87416189908981 571.56450861692429 377.22945764660835 47.354487910866737 212.33942356705666 26.873551040887833 121.29627890884876 36.825701683759689 6.503039836883544 16.617642641067508 8.4029770493507367 4.2230729013681403 8.6410833299159986 7.9443917423486701 7.5521437525749198 25.303012937307358
leaf_count=611 422 670 1492 9788 848 6882 6905 9300 64 662 335 254 93 935 3447 2329 1544 192 924 117 509 190 28 83 37 20 40 36 43 135
internal_value=-8.25427e-06 0.00239828 0.00926327 0.015267 -0.00695912 -0.00467388 0.0117011 -0.00756461 -0.029973 0.0291394 -0.0227127 -0.00770996 -0.0389737 0.042016 -0.000305289 -0.017006 -0.0129898 -0.0104023 -0.030179 -0.0392664 -0.0302835 -0.0508924 -0.0599689 -0.0433217 -0.022574 -0.0581611 -0.061608 -0.0647936 -0.0643424 -0.0662802
internal_weight=11859.4 10977.7 6332.18 4677.63 4645.56 4336.05 4127.4 3994.55 881.646 341.499 709.835 1654.56 309.513 550.224 920.967 733.589 447.181 424.584 230.873 262.654 148.17 114.484 171.811 35.7467 14.906 20.8407 22.5968 78.6394 136.065 32.8552
internal_count=48935 44987 25820 19120 19167 17692 16693 16182 3948 1510 2991 6700 1475 2427 3701 2999 1840 1736 1017 1151 626 525 957 168 65 103 104 458 789 178
is_linear=0
shrinkage=0.05


Tree=18
num_leaves=31
num_cat=0
split_feature=13 3 4 11 16 13 4 16 13 4 3 17 14 13 3 6 4 4 26 3 4 6 7 13 16 4 21 13 14 14
split_gain=315.975 197.922 194.777 166.341 156.882 147.839 111.473 88.2866 71.5933 70.4512 70.3398 50.6598 49.0178 45.3893 43.7068 38.8066 37.1925 35.6055 19.2679 18.7842 17.6979 15.5868 17.7635 10.6057 9.9303 1.12127 2.94085 0.790318 0.547067 0.0152666
threshold=1.1060000000000001 0.7380000000000001 0.66100000000000014 8.5000000000000018 0.036500000000000005 0.40350000000000003 1.1405000000000001 0.40350000000000003 0.68600000000000005 1.2980000000000003 1.4260000000000004 0.22900000000000004 0.47350000000000003 0.85950000000000004 1.0000000180025095e-35 0.064500000000000016 0.46450000000000008 0.25650000000000006 0.17350000000000002 0.58950000000000002 1.0605000000000002 0.87250000000000016 0.15900000000000003 1.0000000180025095e-35 0.32700000000000007 1.0000000180025095e-35 6.5000000000000009 0.7965000000000001 0.98350000000000015 1.0000000180025095e-35
decision_type=2 2 2 2 2 2 2 2 2 2 2 2 2 2 2 2 2 2 2 2 2 2 2 2 2 2 2 2 2 2
left_child=2 14 17 9 5 23 11 8 -6 16 -8 -5 -11 -7 28 18 -3 25 -16 -17 -9 22 -19 -4 -23 27 -27 -1 29 -2
right_child=1 3 4 6 7 13 10 20 -10 12 -12 -13 -14 -15 15 19 -18 21 -20 -21 -22 24 -24 -25 -26 26 -28 -29 -30 -31
leaf_value=-0.06375236487201591 -0.062303646007875781 -0.038979036280448437 -0.065436753257100591 -0.010433708921563593 -0.023360862342364255 0.019990477479460839 0.0075496844230706524 -0.050836600354481058 -0.0046047052407791255 -0.068114773643574947 0.023056171513339475 0.0052435598657161533 0.049770707787903691 0.056011223591122761 -0.013227776002825188 -0.033452751225315817 0.020641631766329428 -0.060268701268587015 0.018696024870383167 -0.014124016091061295 -0.026478214887110482 0.017662658452268876 -0.028826367438327029 -0.025503985379326573 -0.04469493560310818 -0.022095215875584294 -0.068394201650745709 -0.078252423032547772 -0.079096763672793516 -0.064931508112209338
leaf_weight=116.1182898581028 32.008763328194618 28.569396793842316 21.529232293367386 1031.220129057765 618.42742921411991 199.86697793006897 2547.3868061006069 116.15623980760574 2869.4001756906509 9.0326234400272352 1025.8410823345184 1029.9924404323101 371.23927836120129 155.495710298419 81.451549515128136 189.48747098445892 309.88889400660992 60.17380852997303 112.61493089795113 373.37957502901554 208.28653888404369 23.089929684996608 177.19981488585472 73.024703726172447 8.8244493007659894 5.6525147408246985 8.7222936153411847 10.224766716361044 5.9046617597341529 6.6802953630685797
leaf_count=695 202 116 120 4159 2603 808 10296 541 11615 38 4190 4151 1694 784 341 799 1269 265 470 1526 872 98 757 311 38 26 41 46 26 38
internal_value=-8.56314e-06 0.00659572 -0.0101219 0.00954955 -0.0069556 0.0209677 0.00665999 -0.0102511 -0.00793036 0.0322021 0.0120015 -0.00259974 0.0469706 0.035752 -0.0168173 -0.0139834 0.015609 -0.0430374 0.0052973 -0.020631 -0.0351989 -0.0323862 -0.0367969 -0.0345964 0.000420542 -0.0634203 -0.0501883 -0.0649258 -0.0649209 -0.0627574
internal_weight=11826.9 7154.7 4672.19 6353.17 4262.19 449.917 5634.44 3812.27 3487.83 718.73 3573.23 2061.21 380.272 355.363 801.527 756.934 338.458 410.006 194.066 562.867 324.443 269.288 237.374 94.5539 31.9144 140.718 14.3748 126.343 44.5937 38.6891
internal_count=48935 29315 19620 25913 17654 2023 22796 15631 14218 3117 14486 8310 1732 1592 3402 3136 1385 1966 811 2325 1413 1158 1022 431 136 808 67 741 266 240
is_linear=0
shrinkage=0.05


Tree=19
num_leaves=31
num_cat=0
split_feature=13 24 13 14 2 11 13 13 13 1 24 19 1 2 21 36 42 17 41 6 3 21 2 24 1 1 9 3 26 36
split_gain=290.765 244.13 199.272 116.832 114.344 102.998 105.65 92.3013 58.0691 42.504 24.8566 22.7661 18.587 12.2135 10.12 8.93118 6.92915 5.95067 5.34208 5.24044 3.06186 3.06171 0.0373435 0.00596137 0.00528982 0.00300363 0.00266196 0.000450656 0.000404419 2.78481e-06
threshold=0.59200000000000008 2.3645000000000005 1.7290000000000003 0.26150000000000007 1.5000000000000002 2.5000000000000004 1.0930000000000002 1.4105000000000001 1.0000000180025095e-35 5.5000000000000009 3.0015000000000005 0.7875000000000002 3.5000000000000004 2.5000000000000004 -9.4999999999999982 0.46500000000000008 0.28950000000000004 0.21950000000000003 0.51050000000000006 0.12250000000000001 1.6545000000000003 8.5000000000000018 1.5000000000000002 1.7475000000000003 1.0000000180025095e-35 2.5000000000000004 1.9835000000000003 1.9835000000000003 0.32000000000000006 0.37300000000000005
decision_type=2 2 2 2 2 2 2 2 2 2 2 2 2 2 2 2 2 2 2 2 2 2 2 2 2 2 2 2 2 2
left_child=8 3 5 14 24 12 -7 -6 22 19 -11 13 -3 16 -2 -15 -10 21 -19 -4 -16 -13 25 28 -5 29 -25 -27 -24 -1
right_child=1 2 9 4 7 6 -8 -9 11 10 -12 17 -14 15 20 -17 -18 18 -20 -21 -22 -23 23 26 -26 27 -28 -29 -30 -31
leaf_value=-0.06154780107025884 -0.0024022186549647602 0.05691569750791186 0.068604533442629137 0.063282550858655737 -0.014949442239326797 -0.0043041049819008007 0.0094658867615377406 -3.8721324576520938e-05 -0.0057713028067698947 0.019476818237845701 0.038309135336906316 -0.063375086517711843 0.026809159426712234 -0.028608611497740129 -0.061296631568282078 -0.011851591630280064 0.039140049456739795 -0.030516149889995077 -0.06517103439190329 0.047404394515586007 -0.098426234474944252 -0.028214370669420358 -0.062330065886532227 -0.064786682773020202 0.062338684969608697 -0.062071176447651637 -0.063846073715069507 -0.06233324468636782 -0.063046547485462331 -0.061495208058650011
leaf_weight=3.0483742058277157 7.2722796350717536 79.912160143256187 51.343401819467545 30.015112996101379 1961.0624179393053 2646.484318241477 2940.9255143553019 2204.7441062033176 44.83398862183094 632.61933249235153 242.33539579808712 37.225706681609154 143.01092346012592 216.7733461111784 92.43230214715004 125.58166319131851 10.62328192591667 80.163928925991058 12.911527231335638 67.434345453977585 5.9073149859905234 7.4265765249729148 3.1582037508487684 14.052179202437403 29.369226887822151 26.003506243228912 16.185655742883682 44.437685862183571 5.2328194975852966 14.438692927360533
leaf_count=20 33 422 271 181 8045 10736 11932 8975 189 2577 1000 188 595 917 542 524 45 363 60 308 24 34 20 80 185 166 96 280 32 95
internal_value=-8.63771e-06 0.0019055 0.00781211 -0.00737429 -0.00607591 0.00427342 0.00294371 -0.00705798 -0.0321999 0.0285028 0.0246928 -0.0250016 0.0376016 -0.0189358 -0.0593181 -0.0224619 0.00283182 -0.0425221 -0.0353235 0.0565685 -0.063527 -0.0575271 -0.0626602 -0.063956 0.0628158 -0.0620909 -0.0642832 -0.0622365 -0.0627769 -0.0615044
internal_weight=11797 11134.9 6804.07 4330.8 4225.19 5810.33 5587.41 4165.81 662.097 993.732 874.955 535.54 222.923 397.812 105.612 342.355 55.4573 137.728 93.0755 118.778 98.3396 44.6523 126.557 38.6289 59.3843 87.9283 30.2378 70.4412 8.39102 17.4871
internal_count=48935 45826 27841 17985 17386 23685 22668 17020 3109 4156 3577 2320 1017 1675 599 1441 234 645 423 579 566 222 789 228 366 561 176 446 52 115
is_linear=0
shrinkage=0.05


Tree=20
num_leaves=31
num_cat=0
split_feature=4 24 7 13 13 4 24 17 11 4 37 13 15 24 17 24 4 9 4 7 24 13 7 7 4 7 37 13 24 13
split_gain=293.267 264.362 159.867 133.124 123.047 119.417 93.5014 90.9321 81.6674 75.3179 47.3013 44.8411 42.0444 41.0203 26.8409 27.3225 21.5067 21.2191 21.101 20.2454 18.8917 15.8462 14.3843 10.4453 4.87656 5.78118 4.14803 1.62583 0.273049 0.2209
threshold=0.87750000000000006 2.9605000000000006 0.32700000000000007 0.96500000000000008 1.3550000000000002 0.25650000000000006 1.7970000000000004 0.27900000000000008 7.5000000000000009 1.3830000000000002 0.58200000000000007 1.2195000000000003 0.11300000000000002 1.7315000000000003 0.30200000000000005 2.7655000000000007 1.4915000000000003 2.2680000000000002 1.2980000000000003 0.15600000000000003 2.2965000000000004 0.49150000000000005 0.40800000000000003 0.27700000000000008 1.0000000180025095e-35 0.49150000000000005 0.42900000000000005 0.7965000000000001 1.9665000000000001 1.0000000180025095e-35
decision_type=2 2 2 2 2 2 2 2 2 2 2 2 2 2 2 2 2 2 2 2 2 2 2 2 2 2 2 2 2 2
left_child=5 2 4 16 9 24 -6 10 18 -2 -4 20 -10 -9 15 -13 17 -3 -5 -18 23 -22 -16 -7 27 26 -26 29 -29 -1
right_child=1 3 7 8 6 11 -8 13 12 -11 -12 14 -14 -15 22 -17 19 -19 -20 -21 21 -23 -24 -25 25 -27 -28 28 -30 -31
leaf_value=-0.061353512042187142 -0.021906581906987188 -0.0040679127958096872 0.0070307551948551247 0.032074297402095386 -0.017617662892422749 -0.055768855629934701 0.0061550025437050997 -0.00087730448942113185 0.013359538219360884 -0.0053900091593384403 -0.019922512023426622 -0.021843559598604408 0.03378402957873549 0.02920175255177972 0.003804777493682561 0.00015538744527357929 -0.0046803179464699057 0.03553540467524454 0.054350083221641893 0.029216603460879977 -0.043969416291434152 -0.016736131619077034 0.038078356582682757 -0.028171102297462336 -0.011662775137138566 0.0063118467714013545 -0.06385969336761943 -0.068146480744209467 -0.082101526327715779 -0.067646786436347806
leaf_weight=91.798251613974571 1296.7711174190044 696.45735703408718 767.51506002247334 195.04603691399097 506.50615578889847 53.945548474788666 2255.4836124479771 136.70266874134541 918.01883241534233 1475.726945117116 206.59006854891777 287.30583599209785 347.28811055421829 663.43693724274635 159.57103310525417 277.43620045483112 69.657747596502304 35.548736765980721 233.67829304933548 119.82397842407227 57.673896864056587 723.3657408952713 37.880533814430237 94.078867435455322 4.873566195368773 5.1601352244615546 17.379192933440208 4.7407272458076504 13.450112253427504 16.441187366843224
leaf_count=609 5365 2839 3134 892 2181 244 9211 587 3723 6024 850 1168 1437 2793 644 1114 284 147 1085 484 274 2987 156 413 20 23 79 25 57 86
internal_value=-8.53153e-06 0.00339466 -0.00148712 0.0170362 -0.00567405 -0.0183133 0.00179546 0.0115734 0.0253558 -0.0131152 0.00131446 -0.0144769 0.0189654 0.0240628 -0.00548825 -0.0110363 0.00174168 -0.00214464 0.0442158 0.0167553 -0.021851 -0.0187471 0.0103801 -0.0382287 -0.0604887 -0.041371 -0.0524281 -0.0646339 -0.0784647 -0.0623094
internal_weight=11769.4 9924.25 7308.73 2615.52 5534.49 1845.1 2761.99 1774.24 1694.03 2772.5 974.105 1691.26 1265.31 800.14 762.194 564.742 921.488 732.006 428.724 189.482 929.064 781.04 197.452 148.024 153.843 27.4129 22.2528 126.43 18.1908 108.239
internal_count=48935 41036 30145 10891 22781 7899 11392 7364 7137 11389 3984 7000 5160 3380 3082 2282 3754 2986 1977 768 3918 3261 800 657 899 122 99 777 82 695
is_linear=0
shrinkage=0.05


Tree=21
num_leaves=31
num_cat=0
split_feature=13 24 13 16 36 24 24 13 6 6 16 13 22 7 7 36 17 24 7 24 16 24 28 24 2 24 9 1 36 3
split_gain=252.748 215.256 196.167 167.147 122.447 63.188 57.257 55.3333 43.6248 41.9829 41.5523 29.1925 24.9564 24.3629 16.0035 12.856 11.0681 9.15894 5.18235 3.20889 2.22829 1.96962 3.42109 0.0498949 0.0442902 0.0044815 0.00420444 0.00211878 0.000390387 0.000317823
threshold=0.59200000000000008 1.7475000000000003 1.8545000000000003 0.036500000000000005 0.45900000000000007 2.9460000000000006 0.97050000000000003 1.0000000180025095e-35 0.070000000000000021 0.16950000000000001 0.14550000000000002 0.85950000000000004 -0.96666666666666645 0.15600000000000003 0.46550000000000008 0.51650000000000007 0.26500000000000007 2.3335000000000004 0.046500000000000007 2.3325000000000005 0.18050000000000002 0.61250000000000016 0.65450000000000019 1.0000000180025095e-35 1.5000000000000002 1.7475000000000003 1.9835000000000003 2.5000000000000004 0.45900000000000007 1.9835000000000003
decision_type=2 2 2 2 2 2 2 2 2 2 2 2 2 2 2 2 2 2 2 2 2 2 2 2 2 2 2 2 2 2
left_child=7 6 3 11 -5 8 21 24 -4 12 14 -3 -8 -11 15 -9 -7 -16 20 -20 -12 23 -23 -2 27 28 -27 -1 -26 -29
right_child=1 2 5 4 -6 16 9 10 -10 13 18 -13 -14 -15 17 -17 -18 -19 19 -21 -22 22 -24 -25 25 26 -28 29 -30 -31
leaf_value=-0.060174348508804647 -0.060770843283152132 0.017869112386550784 0.052271891413804422 -0.0086361159087298463 0.0041512645290006549 0.037609189945249311 0.060731814301159197 -0.023040577021397609 0.013536232140736699 -0.044312922713421181 -0.02755270698989943 0.048318706019819947 -0.0075154919634188751 -0.01943524378928288 -0.011893304800944388 0.0030839468323517875 0.060240655687442447 0.03089436977822831 -0.05011340200517711 -0.034097800592447623 -0.067369915063821673 -0.054547547270788782 -0.0072515312735850022 -0.063722932539100982 -0.06127956408319829 -0.063716098313816236 -0.062502701048408896 -0.060669594677512442 -0.062002716045883748 -0.060898373271901368
leaf_weight=16.156590804457664 50.837098360061646 130.22208400070667 78.927047714591026 2783.3587704151869 5717.9905664622784 191.15932288765907 13.8328620493412 253.09338328242302 919.25328116118908 140.56901587545872 4.027996793389323 199.00008700788021 423.43601101636887 328.14909762144089 22.307163864374161 57.857504338026047 75.306874006986618 28.467691600322723 48.569942563772202 87.836557820439339 27.522263780236244 18.772858873009685 4.801335632801055 19.922354862093925 2.9886304289102545 13.455314457416536 15.208180248737333 24.058425977826118 4.9695740044116974 41.139896795153618
leaf_count=115 349 533 405 11339 23220 842 56 1071 3732 604 18 1013 1749 1383 94 242 360 119 235 392 149 98 24 119 20 80 96 166 32 280
internal_value=-8.4604e-06 0.00176377 0.003956 0.00131836 -3.53494e-05 0.0223737 -0.0203601 -0.0303699 0.0165991 -0.0165001 -0.0234725 0.0362745 -0.00535651 -0.0268961 -0.0139299 -0.0181797 0.0440051 0.0120963 -0.0440244 -0.0398004 -0.0622865 -0.0574318 -0.0449148 -0.061602 -0.0613369 -0.0627809 -0.0630723 -0.0606869 -0.0617311 -0.060814
internal_weight=11743.2 11095.5 10095.2 8830.57 8501.35 1264.65 1000.32 647.659 998.18 905.987 529.683 329.222 437.269 468.718 361.726 310.951 266.466 50.7749 167.957 136.407 31.5503 94.3336 23.5742 70.7595 117.977 36.6217 28.6635 81.3549 7.9582 65.1983
internal_count=48935 45826 41444 36105 34559 5339 4382 3109 4137 3792 2320 1546 1805 1987 1526 1313 1202 213 794 627 167 590 122 468 789 228 176 561 52 446
is_linear=0
shrinkage=0.05


Tree=22
num_leaves=31
num_cat=0
split_feature=13 24 13 16 17 16 13 14 2 17 2 24 13 8 6 13 13 1 8 16 16 14 5 11 20 20 24 2 1 24
split_gain=234.353 212.531 139.714 167.912 103.128 91.2526 80.1018 64.9774 62.8871 59.4102 53.5295 39.5587 38.7665 32.7811 30.0653 28.5141 28.2798 25.1614 19.3483 15.6822 15.0286 13.0743 7.75807 6.44605 6.05026 2.04418 1.74655 0.0368827 0.0235111 0.00371906
threshold=1.1060000000000001 2.2515000000000005 0.49150000000000005 0.10400000000000001 0.32700000000000007 0.40350000000000003 1.7290000000000003 0.26150000000000007 1.5000000000000002 0.36200000000000004 1.5000000000000002 2.7015000000000007 0.7875000000000002 0.78888888888888908 0.31100000000000005 0.74550000000000016 1.0000000180025095e-35 5.5000000000000009 0.074999999999999969 0.22900000000000004 0.15600000000000003 0.34850000000000009 -0.75449999999999984 11.500000000000002 11.500000000000002 -1.4999999999999998 1.4960000000000002 1.5000000000000002 2.5000000000000004 1.7475000000000003
decision_type=2 2 2 2 2 2 2 2 2 2 2 2 2 2 2 2 2 2 2 2 2 2 2 2 2 2 2 2 2 2
left_child=2 7 16 8 6 12 11 23 28 10 -9 -3 -5 17 -8 -10 27 -6 -11 -15 22 -7 -18 26 -25 -22 -2 -1 -4 -29
right_child=1 4 3 5 13 21 14 9 15 18 -12 -13 -14 19 -16 -17 20 -19 -20 -21 25 -23 -24 24 -26 -27 -28 29 -30 -31
leaf_value=-0.06005766523848835 -0.060207561624113032 -0.0034553190849098145 0.060728256016395088 -0.016408195805238217 0.05604010570041254 -0.059660015882269983 0.03866208773922708 0.061760480293154285 0.0020736025607106696 -0.019891645571951794 -0.0079193443082685496 0.0092666839176516833 -0.004443119793970253 0.035448369660421523 0.016558830865534651 0.025094726418801255 0.0077446522076452034 0.028127259791971244 0.017741507198364231 -0.0095246140193174476 -0.061688596886717018 -0.030800684515254702 -0.02649283264495535 -0.050746361593185185 0.015641726531523677 -0.037675607446079541 -0.089029986058001775 -0.061030453867117501 0.062602842886638713 -0.062276017498659686
leaf_weight=78.177406296133995 43.223225876688957 1040.27108040452 26.908295810222626 949.10595099627972 91.60138575732708 44.839873567223549 192.48043698072433 27.901601195335388 314.36191508173943 37.841932043433189 2268.2578057944775 1480.9106054902077 2360.9350297152996 25.734026595950127 766.53673203289509 235.10115195810795 18.688515529036522 680.64467298984528 350.46383121609688 78.555211454629898 32.854067176580429 314.54215690493584 144.31767213344574 9.1864765882492048 5.478584572672843 12.136681631207464 5.9836901873350135 7.6547781080007544 44.203711748123169 27.605301156640053
leaf_count=561 285 4199 185 3987 465 274 820 181 1297 158 9259 6038 9563 105 3177 981 78 2775 1441 319 166 1337 626 42 26 62 25 52 275 176
internal_value=-8.74581e-06 0.00568818 -0.00878629 -0.00640403 0.0125565 -0.010472 0.00869586 -0.00519967 0.0176498 -0.00401379 -0.00707264 0.00401743 -0.00787393 0.0278848 0.0209951 0.0119238 -0.0405809 0.0314382 0.014074 0.00157275 -0.0296284 -0.0344014 -0.0225675 -0.055041 -0.025945 -0.0552109 -0.0637124 -0.0606632 0.0618935 -0.0620056
internal_weight=11716.5 7105.07 4611.43 4290 4356.73 3669.42 3480.2 2748.34 620.575 2684.47 2296.16 2521.18 3310.04 876.535 959.017 549.463 321.434 772.246 388.306 104.289 207.997 359.382 163.006 63.872 14.6651 44.9907 49.2069 113.437 71.112 35.2601
internal_count=48935 29315 19620 17899 17898 15161 14234 11417 2738 11039 9440 10237 13550 3664 3997 2278 1721 3240 1599 424 932 1611 704 378 68 228 310 789 460 228
is_linear=0
shrinkage=0.05


Tree=23
num_leaves=30
num_cat=0
split_feature=4 3 6 24 4 13 13 3 6 13 17 14 3 9 7 16 17 14 3 16 7 11 4 7 37 13 14 13 24
split_gain=259.03 231.912 155.899 123.421 104.99 102.272 87.041 83.353 64.8896 35.2481 33.4093 23.8454 23.7605 18.418 36.0566 17.9573 17.5131 17.46 14.8899 11.5929 10.2252 8.69257 4.70383 5.47529 3.79838 1.53747 1.03322 0.251952 0.249251
threshold=0.87750000000000006 0.96650000000000003 0.12250000000000001 3.1010000000000004 0.25650000000000006 1.1560000000000001 0.96100000000000008 0.33900000000000002 0.22450000000000003 1.2245000000000001 0.32700000000000007 1.1695000000000002 0.81950000000000001 2.4905000000000004 0.11900000000000001 0.17500000000000002 0.43650000000000005 1.0000000180025095e-35 1.0000000180025095e-35 0.26200000000000007 0.32700000000000007 3.5000000000000004 1.0000000180025095e-35 0.49150000000000005 0.42900000000000005 0.7965000000000001 0.98350000000000015 1.0000000180025095e-35 1.9665000000000001
decision_type=2 2 2 2 2 2 2 2 2 2 2 2 2 2 2 2 2 2 2 2 2 2 2 2 2 2 2 2 2
left_child=4 7 17 5 22 -4 -5 18 10 13 -9 16 -10 14 -6 -13 -11 -3 26 -15 -20 -19 25 24 -24 27 -2 -1 -27
right_child=1 2 3 6 9 -7 -8 8 12 11 -12 15 -14 19 -16 -17 -18 21 20 -21 -22 -23 23 -25 -26 28 -28 -29 -30
leaf_value=-0.059461002658090012 -0.060084296522503133 -0.070814500108465586 -0.0069544212019298059 0.003142818547280055 -0.049009320557608205 0.0079374720239641493 0.025441370788695294 -0.0049490845284556198 -0.026133418799607372 -0.017691109539537026 0.011660437427976841 0.054219724625402956 -0.010586532638261701 0.012114980893218188 -0.018630314096405306 0.00073891744572797576 0.024964653339573834 0.060794413106414695 -0.045951938309816587 -0.025205904972619639 -0.0093618819648489705 0.041202764347293599 -0.011793649015606499 0.0066626626835368788 -0.061928879562497811 -0.066416436540292431 -0.07618560044111948 -0.066365458653361131 -0.080067341279079954
leaf_weight=81.441467061638832 55.501104027032852 3.0421752929687491 1823.412615776062 682.45762817561626 113.03700651228428 3135.3591106981039 1219.9233978241682 1200.3380741328001 413.34748741984367 348.36517144739628 404.87670516967773 16.408186510205269 606.1500201523304 65.924875780940056 718.64802169799805 361.5316528826952 25.848295256495476 100.51394067704678 46.780732065439224 30.404493495821953 32.260567590594292 129.63962018489838 4.8606421500444474 5.1263212561607352 16.960088923573494 4.4780379533767727 12.143514931201933 15.77168197929859 13.203271165490149
leaf_count=609 403 15 7462 2786 497 12778 5176 4913 1741 1420 1675 68 2465 281 3043 1455 106 640 209 130 142 574 20 23 79 25 57 86 57
internal_value=-8.60588e-06 0.00319021 0.00798159 0.00661513 -0.0173295 0.00246151 0.017442 -0.00907496 -0.00702505 -0.0138421 -0.000759733 -0.00579786 -0.0168899 -0.020362 -0.0227592 0.00306078 -0.0147447 0.048186 -0.0457548 0.000335369 -0.0310178 0.0497589 -0.0586383 -0.039837 -0.0507611 -0.0630479 -0.0629748 -0.0605812 -0.0766101
internal_weight=11687.8 9865.75 7094.35 6861.15 1822.01 4958.77 1902.38 2771.4 2624.71 1680.17 1605.21 752.153 1019.5 928.014 831.685 377.94 374.213 233.196 146.686 96.3294 79.0413 230.154 141.842 26.9471 21.8207 114.894 67.6446 97.2131 17.6813
internal_count=48935 41036 29431 28202 7899 20240 7962 11605 10794 7000 6588 3049 4206 3951 3540 1523 1526 1229 811 411 351 1214 899 122 99 777 460 695 82
is_linear=0
shrinkage=0.05


Tree=24
num_leaves=31
num_cat=0
split_feature=4 24 13 4 24 6 13 9 4 24 3 5 13 4 17 24 6 4 7 23 19 13 7 25 7 3 21 13 13 24
split_gain=239.635 228.03 140.11 113.359 93.024 109.365 67.0707 65.1264 76.5214 50.7444 48.0767 40.0917 38.4561 33.7184 29.6465 25.6922 25.6917 22.6218 21.0501 12.6471 11.7997 9.21365 9.70892 3.50576 5.76561 3.50479 2.17254 1.26074 0.209324 0.199384
threshold=0.96650000000000003 2.4285000000000005 1.4915000000000003 0.46450000000000008 1.3335000000000004 0.064500000000000016 1.2245000000000001 2.3585000000000007 1.4790000000000003 2.9690000000000007 0.85950000000000004 -0.14049999999999999 1.0785000000000002 1.3900000000000003 0.32700000000000007 0.97050000000000003 0.31400000000000006 1.0000000180025095e-35 0.46000000000000008 -0.33399999999999991 0.96100000000000008 2.0975000000000006 0.44200000000000006 510.50000000000006 0.56350000000000011 0.65100000000000013 -9.4999999999999982 0.7965000000000001 1.0000000180025095e-35 1.9665000000000001
decision_type=2 2 2 2 2 2 2 2 2 2 2 2 2 2 2 2 2 2 2 2 2 2 2 2 2 2 2 2 2 2
left_child=3 4 7 17 15 10 -7 8 -3 16 -6 23 18 -11 -14 26 -4 27 -13 -17 -9 22 -19 25 -25 -5 -2 28 -1 -29
right_child=1 2 9 11 5 6 -8 20 -10 13 -12 12 14 -15 -16 19 -18 21 -20 -21 -22 -23 -24 24 -26 -27 -28 29 -30 -31
leaf_value=-0.058914935226355852 -0.034230173031457874 9.2280435055411107e-05 0.032017628235737172 -0.069946001711667691 0.010221857304737701 -0.014685716781802563 -0.00042273559812943068 0.058662598208175556 0.016106412285319928 0.026776524207861474 0.049569695920976285 -0.019124206893257362 -0.0073514124387781656 0.053429473766814617 0.011359909242761604 -0.017531671281100749 0.011996773146248616 -0.040297013422125286 0.0090490363622685761 -0.056073041791455225 0.017994762426664167 0.035170407339879119 -0.0044351150153030565 -0.047618796373628723 0.0076511053190128483 -0.031755655038012524 -0.058740124929667827 -0.065383069011506506 -0.065321274720734512 -0.077785901532939572
leaf_weight=78.169325761497021 10.275210946798323 2466.9618584215641 220.52473700046539 24.789899468421936 214.64699256420135 1259.0060251653194 2386.8314637690783 66.633427888154984 1069.2953491061926 284.44378438591957 121.61461363732815 830.92016519606113 992.47492215037346 203.6008975058794 269.08806329965591 160.18055158853531 586.14707481861115 119.76104673743248 72.050297036767006 24.546958029270172 24.356227874755859 4.888148605823516 22.40376977622509 25.014778748154644 5.815522000193595 7.9290054291486731 75.277402728796005 4.3252456188201931 15.236183524131773 12.918193653225897
leaf_count=609 53 10049 928 112 880 5205 9668 379 4385 1209 682 3520 4010 989 1091 701 2419 523 311 118 100 20 98 113 25 34 536 25 86 57
internal_value=-8.71346e-06 0.00372239 0.0110494 -0.0137792 -0.0047583 -0.00283165 -0.00534813 0.00600933 0.00493464 0.0251694 0.0244527 -0.0101479 -0.0089987 0.0378955 -0.00336034 -0.0331441 0.01747 -0.045175 -0.0168762 -0.0226531 0.0477766 -0.0323248 -0.0346455 -0.0492913 -0.0371932 -0.0606911 -0.0557964 -0.0622531 -0.0599599 -0.0746748
internal_weight=11660.1 9174.34 4921.96 2485.78 4252.38 3982.1 3645.84 3627.25 3536.26 1294.72 336.262 2228.08 2164.53 488.045 1261.56 270.28 806.672 257.702 902.97 184.728 90.9897 147.053 142.165 63.5492 30.8303 32.7189 85.5526 110.649 93.4055 17.2434
internal_count=48935 38301 20458 10634 17843 16435 14873 14913 14434 5545 1562 9216 8932 2198 5101 1408 3347 1418 3831 819 479 641 621 284 138 146 589 777 695 82
is_linear=0
shrinkage=0.05


Tree=25
num_leaves=31
num_cat=0
split_feature=4 36 7 4 7 14 13 17 4 17 9 14 17 9 7 36 13 13 36 4 2 4 4 4 13 13 5 13 19 14
split_gain=220.581 173.392 91.0394 79.6521 71.0818 68.1445 68.2521 57.9245 51.5471 51.5305 48.296 31.4613 26.523 34.2678 31.7554 28.8929 24.6058 23.1748 21.6186 15.8488 15.6004 8.5012 8.03489 5.96959 1.03731 0.17429 0.116315 0.0347634 0.00278546 0.00111611
threshold=0.79050000000000009 0.47950000000000004 0.32700000000000007 1.0000000180025095e-35 0.32700000000000007 0.40450000000000003 1.9300000000000004 0.27700000000000008 1.7925000000000002 0.32700000000000007 2.0850000000000004 0.67300000000000015 0.14900000000000002 2.4905000000000004 0.31700000000000006 0.56700000000000006 1.2245000000000001 0.44600000000000006 0.41800000000000004 0.54750000000000021 9.5000000000000018 0.59650000000000014 0.25650000000000006 0.96650000000000003 0.7965000000000001 1.0000000180025095e-35 0.98350000000000015 1.3270000000000002 0.65100000000000013 0.64500000000000013
decision_type=2 2 2 2 2 2 2 2 2 2 2 2 2 2 2 2 2 2 2 2 2 2 2 2 2 2 2 2 2 2
left_child=3 4 5 24 8 23 -7 18 10 16 -2 -10 13 21 19 -16 -4 -9 -6 -14 -11 -5 -15 -3 25 29 -26 -28 -27 -1
right_child=1 2 9 12 7 6 -8 17 11 20 -12 -13 14 22 15 -17 -18 -19 -20 -21 -22 -23 -24 -25 26 28 27 -29 -30 -31
leaf_value=-0.058015383580014339 -0.011924883857460059 0.023123808952484819 0.0011768478175599166 -0.048907180971386639 -0.015539620436364083 0.0034522352830584587 0.022791201773907165 -0.033512307257216878 -0.027562158300524477 0.044633540913926573 0.013773761445314323 0.011235855307046887 -0.034543432682389429 -0.054790024059781707 -0.0053828736627034284 0.036074316207296835 0.01983486434674896 0.019643643740998307 0.0029947020857226878 -0.01370161821341765 0.024029421472812691 -0.02988156369154743 0.0071009944232189775 -0.054397267312332888 -0.065845425020756479 -0.064754532494286143 -0.073024972626246396 -0.078340962650399262 -0.063163023509785407 -0.058500477727678135
leaf_weight=14.764421083033083 2975.1919740065932 2.6091708689928046 266.13056211173534 94.243980512022972 254.86156579852104 3762.9554966241121 519.18418337404728 21.305161319673061 59.070635437965393 219.57391092926264 194.79282553493977 452.61847074329853 118.25898659229279 5.6973180621862403 212.14227537810802 52.410153955221176 525.86601990461349 545.72945880889893 411.12659558653831 398.86225055158138 157.95760442316532 155.74105164408684 65.910522758960724 51.514600783586502 4.3128790184855488 11.043885022401808 6.9686445891857129 5.5045741200447083 3.6605347171425811 60.225307136774063
leaf_count=124 12288 11 1086 422 1058 15455 2245 99 307 1042 847 1907 508 26 912 216 2172 2328 1690 1653 643 656 280 307 25 63 33 24 23 485
internal_value=-8.51499e-06 0.00233768 0.00843134 -0.0202181 -0.00448888 0.00509229 0.00579697 0.00590166 -0.00796875 0.0208115 -0.0103457 0.00675692 -0.0162323 -0.0283188 -0.0112597 0.00283016 0.0135653 0.0176464 -0.00409805 -0.0184679 0.0360129 -0.0370542 0.00217677 -0.0506602 -0.0615159 -0.059381 -0.0729236 -0.075371 -0.0643583 -0.058405
internal_weight=11630.2 10420.5 5505.79 1209.75 4914.7 4336.26 4282.14 1233.02 3681.67 1169.53 3169.98 511.689 1103.27 321.593 781.674 264.552 791.997 567.035 665.988 517.121 377.532 249.985 71.6078 54.1238 106.48 89.6941 16.7861 12.4732 14.7044 74.9897
internal_count=48935 43485 22961 5450 20524 18018 17700 5175 15349 4943 13135 2214 4673 1384 3289 1128 3258 2427 2748 2161 1685 1078 306 318 777 695 82 57 86 609
is_linear=0
shrinkage=0.05


Tree=26
num_leaves=31
num_cat=0
split_feature=4 24 24 6 4 4 17 9 15 14 36 3 3 17 6 7 9 14 17 5 7 23 4 39 37 7 1 3 39 10
split_gain=203.914 207.604 100.965 113.123 100.337 76.5825 71.9423 60.2901 45.5947 43.3722 42.1358 36.2733 29.3942 31.3654 29.3336 23.9704 22.7768 22.6664 21.5458 19.703 22.6159 16.0012 5.14872 5.52815 7.05141 2.92796 0.637487 0.376868 0.375525 0.130127
threshold=0.96650000000000003 2.7085000000000004 1.6035000000000001 0.064500000000000016 0.25650000000000006 1.4915000000000003 0.32700000000000007 2.2545000000000006 0.070000000000000021 1.0000000180025095e-35 0.48150000000000004 0.80400000000000016 1.8775000000000002 0.29800000000000004 0.17500000000000002 0.18900000000000003 2.4320000000000004 1.2710000000000001 0.49150000000000005 -0.24549999999999997 0.43100000000000005 1.2540000000000002 1.0000000180025095e-35 2.6060000000000003 0.43300000000000005 0.56350000000000011 3.5000000000000004 0.96650000000000003 2.6505000000000005 11.500000000000002
decision_type=2 2 2 2 2 2 2 2 2 2 2 2 2 2 2 2 2 2 2 2 2 2 2 2 2 2 2 2 2 2
left_child=4 2 9 11 22 7 -5 8 -3 27 19 -4 13 -7 -11 16 -12 -9 -17 25 -21 -14 26 24 -24 -6 -1 -2 -25 -28
right_child=1 5 3 6 10 12 -8 17 -10 14 15 -13 21 -15 -16 18 -18 -19 -20 20 -22 -23 23 28 -26 -27 29 -29 -30 -31
leaf_value=-0.058016177948432106 -0.058920589373751789 0.0029094787015860805 0.013488278397026833 -0.005222542102278808 -0.0632593858207426 0.015126437568921855 0.0090847040617446275 0.0063541272802807199 0.019795218367693157 -0.007419949569301313 -0.019675730099702596 0.049132287142816262 0.052296775416940222 0.038589698406590149 -0.030783215289498084 -0.00059266808708272631 0.0083605312865011449 0.050851126441560569 0.034982586016612638 -0.018377553149052619 0.0056125702485901041 0.017299026183611718 0.034737959511372617 -0.077144752095227545 -0.038419397262920117 -0.025824168035542546 -0.069695308290628186 -0.070091529655855508 -0.057036854514230011 -0.063536683769217187
leaf_weight=67.849995546042919 54.97452525049448 1792.2702927142382 149.35569304227829 3707.8179259896278 25.754035711288452 549.65839757025242 1151.5183595865965 38.527243569493294 514.54482716321945 330.75934683531523 323.33554950356483 136.70856262743473 134.97464736551046 192.2527202218771 226.25062730908394 718.51588867604733 93.359417393803596 111.28965976834297 45.240217551589012 1018.6716514676809 108.7254131436348 43.084793537855148 4.4973177611827913 4.5588476657867414 12.308593317866324 6.552161529660224 15.837944030761717 8.7520157694816572 4.7320355772972107 18.708879381418228
leaf_count=572 435 7327 616 15098 121 2284 4717 159 2156 1423 1330 776 675 828 999 2930 385 575 191 4289 461 189 19 21 60 28 84 44 22 121
internal_value=-8.80596e-06 0.00343424 -0.0023314 -3.3365e-05 -0.0127603 0.0132801 -0.00183215 0.00867208 0.00667591 -0.0213803 -0.0103982 0.0305224 0.025585 0.0212065 -0.0169098 -0.00374819 -0.0133943 0.0394082 0.00151459 -0.0171672 -0.016064 0.0438284 -0.0557785 -0.0359528 -0.0188422 -0.055667 -0.0608313 -0.0604548 -0.0669034 -0.0663601
internal_weight=11611.4 9142.74 5766.14 5145.4 2468.65 3376.6 4859.34 2456.63 2306.82 620.737 2340.15 286.064 919.971 741.911 557.01 1180.45 416.695 149.817 763.756 1159.7 1127.4 178.059 128.494 26.0968 16.8059 32.3062 102.397 63.7265 9.29088 34.5468
internal_count=48935 38301 24108 21207 10634 14193 19815 10217 9483 2901 9735 1392 3976 3112 2422 4836 1715 734 3121 4899 4750 864 899 122 79 149 777 479 43 205
is_linear=0
shrinkage=0.05


Tree=27
num_leaves=31
num_cat=0
split_feature=4 3 4 1 3 7 3 3 13 7 2 3 14 17 6 6 13 3 4 13 36 13 7 3 7 13 14 13 3 36
split_gain=191.372 179.832 116.132 90.9335 89.9083 74.9876 61.6764 58.5311 55.9115 49.4126 42.6241 41.7402 37.2056 32.7931 32.4018 32.0213 25.9842 25.0019 22.1633 16.867 15.8676 8.28817 8.23301 7.94575 6.09347 0.719988 0.572212 0.121416 0.0785374 0.000446038
threshold=1.1275000000000002 0.9425 0.46450000000000008 15.500000000000002 1.9185000000000001 0.46300000000000008 0.85450000000000015 0.33900000000000002 1.3725000000000003 0.15600000000000003 1.5000000000000002 1.4310000000000003 0.93000000000000016 0.16350000000000003 0.12750000000000003 0.32050000000000006 0.67300000000000015 0.70200000000000007 1.0000000180025095e-35 2.1275000000000004 0.37050000000000005 2.0975000000000006 0.44200000000000006 1.0000000180025095e-35 0.41550000000000004 0.7965000000000001 0.82700000000000007 1.0000000180025095e-35 0.96650000000000003 0.51750000000000018
decision_type=2 2 2 2 2 2 2 2 2 2 2 2 2 2 2 2 2 2 2 2 2 2 2 2 2 2 2 2 2 2
left_child=2 7 18 8 5 6 -4 23 9 -3 29 15 -10 -7 20 -5 -13 -16 25 -12 -9 22 -20 26 -25 27 -2 -1 -27 -6
right_child=1 3 4 11 10 13 -8 14 12 -11 19 16 -14 -15 17 -17 -18 -19 21 -21 -22 -23 -24 24 -26 28 -28 -29 -30 -31
leaf_value=-0.057478075716948032 -0.058364980663472447 -0.0053570482980253194 -0.034446394625274983 0.0069881477213644952 0.060409516191776473 -0.019071068115167733 -0.0098517125098394054 -0.016981473356952683 0.011876197282157951 0.019207869822353545 0.0051143826873976854 -0.016576430813060743 0.035592414398217302 0.023513456351429041 -0.020198182977999642 -0.0058948770356132985 0.013800715205833321 -0.0052829007715691247 -0.036967915810759047 0.049211833532145449 0.0081019552184778739 0.034678207985383083 -0.003822508203436339 -0.037451804923514291 0.020324070026905131 -0.0639169131917878 -0.072727088675002022 -0.062638878778326343 -0.072016071472364857 0.06006704159356685
leaf_weight=68.887628592550755 29.262614972889423 307.40263347327709 280.61282773315907 974.14953085780144 22.248734712600708 56.655516020953655 2782.3006512075663 71.927754685282707 229.65561361610889 612.81833936274052 694.71575149893761 74.556909739971161 590.77510996907949 223.74948260933161 368.35666740685701 955.34959277510643 1261.7659927904606 1184.2521547079086 117.31995967775583 22.383283764123917 510.76324234902859 4.8704410642385474 22.295282766222954 58.914286561310291 4.9468347281217566 4.0060772225260726 9.0894085019826871 13.655976697802542 11.838626921176909 16.601272687315941
leaf_count=609 243 1292 1296 3946 156 251 11439 300 947 2552 2877 309 2747 1055 1557 3874 5189 4836 523 94 2105 20 98 266 22 25 45 86 57 119
internal_value=-8.60171e-06 0.00496652 -0.00830858 0.0102331 -0.00631823 -0.00983929 -0.012105 -0.00681763 0.0194632 0.0110019 0.00925431 0.00531358 0.0289538 0.0149093 -0.00504832 0.000609398 0.0121059 -0.00882155 -0.0419022 0.00649083 0.00500564 -0.0294382 -0.0316749 -0.0437797 -0.0329763 -0.0602058 -0.0617688 -0.0583319 -0.0699683 0.0602632
internal_weight=11586.1 7243.99 4342.14 5006.47 4099.27 3343.32 3062.91 2237.51 1740.65 920.221 755.949 3265.82 820.431 280.405 2135.3 1929.5 1336.32 1552.61 242.874 717.099 582.691 144.486 139.615 102.213 63.8611 98.3883 38.352 82.5436 15.8447 38.85
internal_count=48935 30230 18705 20856 17287 14041 12735 9374 7538 3844 3246 13318 3694 1306 8798 7820 5498 6393 1418 2971 2405 641 621 576 288 777 288 695 82 275
is_linear=0
shrinkage=0.05


Tree=28
num_leaves=30
num_cat=0
split_feature=24 6 36 17 17 3 24 3 6 8 24 8 14 2 17 3 23 22 24 14 17 5 23 14 14 5 3 18 2
split_gain=161.471 138.288 135.623 65.3336 59.7737 47.6631 47.3004 46.7432 42.8417 35.3689 33.4479 31.1509 16.1378 25.1707 12.8265 10.4191 16.8056 10.1208 9.79888 5.37592 6.45526 2.84346 2.78799 0.6448 0.0939349 0.0465925 0.0403763 0.0298497 0.00398568
threshold=1.6255000000000002 0.064500000000000016 0.48150000000000004 0.32700000000000007 0.17500000000000002 1.0000000180025095e-35 2.1115000000000008 0.86850000000000016 0.17500000000000002 0.56944444444444453 2.7875000000000005 0.78888888888888908 1.0000000180025095e-35 3.5000000000000004 0.14900000000000002 0.58950000000000002 -0.58399999999999985 -0.54444444444444429 2.3335000000000004 0.82700000000000007 0.39650000000000007 -0.84099999999999986 0.5880000000000003 0.82700000000000007 1.0000000180025095e-35 -1.0364999999999998 0.74550000000000016 0.4555555555555556 1.5000000000000002
decision_type=2 2 2 2 2 2 2 2 2 2 2 2 2 2 2 2 2 2 2 2 2 2 2 2 2 2 2 2 2
left_child=5 7 4 6 10 23 -4 14 12 -6 -3 -5 26 -14 17 21 -17 -2 -16 20 -9 -10 -21 24 28 -25 -7 -26 -1
right_child=1 2 3 11 9 8 -8 19 15 -11 -12 -13 13 -15 18 16 -18 -19 -20 22 -22 -23 -24 25 27 -27 -28 -29 -30
leaf_value=-0.057159773197557044 0.03295019242492167 -0.020828006820480614 -0.010942443718022006 0.01924248219603418 0.001470430881011362 -0.060821883996303332 0.0049802840697320992 0.0011014975075312311 -0.036473732772721278 -0.0091854502616802083 -0.0050078616435196115 -0.0070303592009409834 0.021042570550979654 -0.011600277565327942 0.016318884441625849 -0.015987102227935063 -0.042353617218805435 -0.022388455864964265 0.051502107336919012 0.056122601079627077 0.06939425436739774 -0.058430628032444212 0.015351249634099579 -0.068818788988125143 -0.066753309136257891 -0.075567501071096221 -0.067353246176985862 -0.060846727619789501 -0.058345066111123972
leaf_weight=45.182293936610222 11.043613791465758 817.51273274421692 529.89911842346191 1037.5422556102276 2334.199789583683 9.30538561940193 3892.9595081284642 10.310288950800894 23.72675434499979 1168.5752256438136 565.03177081793547 126.58803494274616 75.115019336342812 276.21730169653893 108.35723777115345 140.97374258935452 105.78416392207146 32.805349782109261 24.211968675255775 144.87816512584686 5.2081187218427649 38.951326221227646 4.3179312646388999 7.2523801475763321 2.9514803439378721 3.9506615921854955 3.1731229126453391 7.7700558602809906 8.4129610657691938
leaf_count=413 45 3429 2199 4315 9577 64 16170 45 117 4853 2511 526 319 1174 448 610 489 135 103 927 24 206 20 38 18 19 17 54 70
internal_value=-8.54268e-06 0.0015463 0.000525788 0.00584654 -0.00555918 -0.0224631 0.00307259 0.0328748 -0.0182381 -0.00208452 -0.0143625 0.0163856 -0.00660584 -0.00462122 0.0149909 -0.0319144 -0.0272903 -0.0084511 0.0227446 0.0520294 0.0240212 -0.0501189 0.0549426 -0.0601287 -0.0582005 -0.0711987 -0.0624827 -0.0624727 -0.0573458
internal_weight=11562.2 10813.4 10472.3 5586.99 4885.32 748.767 4422.86 341.133 673.247 3502.78 1382.54 1164.13 363.811 351.332 176.418 309.436 246.758 43.849 132.569 164.715 15.5184 62.6781 149.196 75.5198 64.3168 11.203 12.4785 10.7215 53.5953
internal_count=48935 45327 43580 23210 20370 3608 18369 1747 2996 14430 5940 4841 1574 1493 731 1422 1099 180 551 1016 69 323 947 612 555 57 81 72 483
is_linear=0
shrinkage=0.05


Tree=29
num_leaves=31
num_cat=0
split_feature=13 24 4 4 7 24 13 2 7 13 13 13 7 13 16 14 24 4 7 7 4 16 13 4 23 4 24 24 14 31
split_gain=177.032 143.716 142.209 106.067 96.7459 78.3708 70.9875 54.0902 50.5741 46.2388 44.135 44.0104 40.9596 39.2945 35.7397 28.3015 24.3456 13.1599 15.8286 4.99318 2.9377 2.23407 0.87287 0.142125 0.00939672 0.00518106 0.00219542 0.000661594 0.000310418 0.000302652
threshold=0.59200000000000008 2.6935000000000007 1.1560000000000001 1.413 0.32700000000000007 1.8025000000000002 1.4190000000000003 1.5000000000000002 0.30200000000000005 1.9650000000000001 1.3550000000000002 1.0000000180025095e-35 0.57500000000000007 1.1060000000000001 0.14550000000000002 1.0000000180025095e-35 3.1010000000000004 0.40350000000000003 0.46550000000000008 0.046500000000000007 0.66100000000000014 0.18050000000000002 0.34150000000000008 0.25650000000000006 0.6665000000000002 0.96650000000000003 1.4960000000000002 1.4960000000000002 1.9835000000000003 0.7430000000000001
decision_type=2 2 2 2 2 2 2 2 2 2 2 2 2 2 2 2 2 2 2 2 2 2 2 2 2 2 2 2 2 2
left_child=11 3 7 4 10 15 8 29 -4 -7 -2 23 -6 -9 17 -5 -8 22 -19 21 -21 -16 -13 26 27 -26 -1 -25 -28 -3
right_child=1 2 6 5 12 9 16 13 -10 -11 -12 14 -14 -15 19 -17 -18 18 -20 20 -22 -23 -24 24 25 -27 28 -29 -30 -31
leaf_value=-0.056362191297654185 -0.022662496079266844 0.059825308472614427 0.0072374844978725416 -0.059087925729615944 -0.00069234208666373422 0.0053400833285827537 0.023581013434324866 -0.0079619970507294399 0.029240466995708311 0.026974839760629771 -0.0087284256042143484 -0.042126546863820453 0.031161892932714305 0.0049183589401921388 -0.024073532123566832 -0.0092641053272111938 0.044035394351566837 -0.013835275829469171 0.017896944459277593 -0.058859594159650142 -0.033685395286021984 -0.064797109263732999 -0.064054137420022375 -0.058915542631658227 -0.060887232210758507 -0.062491058952733852 -0.056951878196407651 -0.060001260590807161 -0.057200351618657733 0.059536322726056218
leaf_weight=12.216467835009096 1081.6022439002991 15.509470477700232 1218.4502883702517 29.845209881663322 1059.1125751510262 1976.5824627280235 342.76068972051144 1099.6495865434408 332.4062352180481 282.23376350104809 1197.4273396357894 8.9456344991922396 111.54484302550554 1282.9690200686455 3.9004301428794887 633.29204218089581 252.74602533876896 291.12506783008575 45.431814312934875 12.851948551833628 117.90314599871635 24.661905698478222 9.2120759189128858 2.5361333340406444 8.7210226356983203 11.915553644299505 20.34314352273941 3.1407801061868668 32.895390309393406 21.787449195981026
leaf_count=122 4577 113 4979 254 4397 8048 1490 4546 1377 1276 4897 46 574 5232 18 2672 1232 1236 188 73 554 149 56 20 60 75 190 23 299 162
internal_value=-8.34603e-06 0.00144886 0.00821902 -0.00340302 -0.0093402 0.00360647 0.0175882 -9.10367e-05 0.0119535 0.0080433 -0.0153414 -0.0263187 0.00234285 -0.00102631 -0.0206244 -0.0115065 0.0322623 -0.0117887 -0.00955174 -0.0402969 -0.0361598 -0.059236 -0.0532512 -0.0582143 -0.0613177 -0.0618133 -0.0569667 -0.0595162 -0.0571054 0.0596565
internal_weight=11543.7 10937.9 4566.28 6371.64 3449.69 2921.95 2146.36 2419.92 1550.86 2258.82 2279.03 605.801 1170.66 2382.62 514.032 663.137 595.507 354.715 336.557 159.317 130.755 28.5623 18.1577 91.7685 26.3135 20.6366 65.455 5.67691 53.2385 37.2969
internal_count=48935 45826 19131 26695 14445 12250 9078 10053 6356 9324 9474 3109 4971 9778 2320 2926 2722 1526 1424 794 627 167 102 789 178 135 611 43 489 275
is_linear=0
shrinkage=0.05


Tree=30
num_leaves=31
num_cat=0
split_feature=4 3 4 7 9 6 3 24 4 6 13 6 14 3 17 14 13 14 13 6 39 9 8 14 13 24 13 13 13 24
split_gain=169.053 144.739 142.971 104.308 83.973 59.6193 57.1741 54.5413 48.1832 43.0304 38.2078 26.728 16.0043 13.5411 13.3054 14.4398 12.3085 11.9722 10.9117 10.2567 6.97914 6.59007 5.97133 0.785864 0.625073 0.0960931 0.0932134 0.0191904 0.00248249 0.00187647
threshold=0.66100000000000014 0.87250000000000016 1.4260000000000004 0.32700000000000007 2.3690000000000002 0.064500000000000016 0.33900000000000002 3.1010000000000004 1.0000000180025095e-35 0.064500000000000016 1.4915000000000003 0.30200000000000005 1.0000000180025095e-35 1.0000000180025095e-35 0.46000000000000008 0.91850000000000021 1.1225000000000003 0.7965000000000001 1.1520000000000001 0.070000000000000021 2.6535000000000006 1.9835000000000003 0.74166666666666681 0.98350000000000015 0.7965000000000001 1.9665000000000001 1.0000000180025095e-35 1.3270000000000002 0.59200000000000008 1.9665000000000001
decision_type=2 2 2 2 2 2 2 2 2 2 2 2 2 2 2 2 2 2 2 2 2 2 2 2 2 2 2 2 2 2
left_child=8 6 3 4 -3 17 13 -7 24 12 -5 -11 -8 23 15 20 -17 -4 21 -15 -10 -16 -20 -2 26 -26 29 -27 -28 -1
right_child=1 2 5 10 -6 7 9 -9 14 11 -12 -13 -14 19 18 16 -18 -19 22 -21 -22 -23 -24 -25 25 27 28 -29 -30 -31
leaf_value=-0.056014039879334579 -0.057342045297575854 -0.0053644588901739258 0.017426468399615012 0.0059381051529424148 0.027075796077593708 0.0086931564963709709 -0.059897260918387756 0.028035477998641034 -0.050583131418779029 -0.0086012580643465546 0.023358150347963735 -0.02678653880070685 0.012131521196541775 -0.017655281482156875 -0.035056098480016229 -0.027092162306281944 -0.0091826869178365089 0.052384011479527405 0.047650417328263639 -0.055860420112104126 -0.010004135515048406 0.0037380476977404058 -0.0095022964487084388 -0.072099475717400996 -0.061355440921781884 -0.068949626714703463 -0.060857042252699917 -0.073062837029099645 -0.062446377472988451 -0.056708049614711431
leaf_weight=12.075283102691172 43.935706205666065 4316.0717740952969 31.266408488154411 966.02763810753822 209.15234698355198 2253.2192317247391 7.9380271434783927 434.78522938489914 59.03384618461132 1456.6831754520535 466.9067704230547 234.59354286640882 270.76370851695538 61.107832096517086 19.158983878791332 209.84348563104868 176.73365364968777 113.04892283678055 15.101252287626268 24.655114509165287 12.913824290037153 25.540291294455528 6.5535914152860633 11.352144174277781 3.6059068366885176 6.6610454916954023 9.3601058796048147 4.9378411024808884 3.331424579024314 50.358398787677288
leaf_count=126 406 17742 137 4080 997 9247 58 1899 269 6043 1942 1019 1127 276 96 951 717 716 65 118 56 112 27 58 25 34 65 23 21 483
internal_value=-8.27568e-06 0.00143081 0.00425413 -0.000142321 -0.0038651 0.0135026 -0.0103257 0.0118218 -0.0255088 -0.00812392 0.0116142 -0.0111237 0.01008 -0.0410772 -0.0197039 -0.0227323 -0.0189044 0.0448103 0.00122281 -0.0286385 -0.0432996 -0.0128899 0.0303538 -0.0603722 -0.0592391 -0.0684844 -0.0573679 -0.0707007 -0.0612742 -0.0565738
internal_weight=11516.7 10901.5 8790.48 5958.16 4525.22 2832.32 2111.03 2688 615.209 1969.98 1432.93 1691.28 278.702 141.051 524.879 458.525 386.577 144.315 66.3541 85.7629 71.9477 44.6993 21.6548 55.2879 90.33 15.2048 75.1252 11.5989 12.6915 62.4337
internal_count=48935 45865 36760 24761 18739 11999 9105 11146 3070 8247 6022 7062 1185 858 2293 1993 1668 853 300 394 325 208 92 464 777 82 695 57 86 609
is_linear=0
shrinkage=0.05


Tree=31
num_leaves=30
num_cat=0
split_feature=13 16 4 24 13 3 24 13 7 13 16 4 36 4 9 7 7 3 22 16 18 1 4 14 22 11 11 13 19
split_gain=158.258 134.559 129.477 129.533 74.2615 60.1177 57.7173 49.9667 45.9307 45.6143 32.2445 25.6587 15.2306 13.3199 15.9791 12.6349 11.3778 18.9657 10.0832 9.42292 6.67963 5.37233 4.30621 4.16638 2.87349 1.7592 0.24433 0.795795 0.0241773
threshold=0.65100000000000013 0.036500000000000005 1.1275000000000002 2.5465000000000004 1.3585000000000003 0.44600000000000006 2.3645000000000005 0.25850000000000006 0.24550000000000002 1.7660000000000002 0.15600000000000003 0.91850000000000021 0.51650000000000007 0.25650000000000006 2.1225000000000005 0.44200000000000006 0.35500000000000004 1.8685000000000003 0.51666666666666683 0.27450000000000008 0.12222222222222222 13.500000000000002 1.1225000000000003 1.8685000000000003 0.48333333333333339 2.5000000000000004 1.5000000000000002 1.0000000180025095e-35 0.65100000000000013
decision_type=2 2 2 2 2 2 2 2 2 2 2 2 2 2 2 2 2 2 2 2 2 2 2 2 2 2 2 2 2
left_child=7 11 6 5 -5 -4 8 22 -3 -8 12 13 15 -2 -15 -9 17 -13 -14 20 -12 -21 26 24 -24 -18 27 -1 -28
right_child=1 2 3 4 -6 -7 9 10 -10 -11 19 16 18 14 -16 -17 25 -19 -20 21 -22 -23 23 -25 -26 -27 28 -29 -30
leaf_value=-0.057085961374476024 -0.060861366052698221 -0.03239538590471349 -0.033221622056350555 0.0071839466190701962 0.024568785100613694 0.00021509905685012341 -0.0056229391766360144 -0.015929005725588443 -0.0093854424822118511 0.013866545085913793 -0.051601549273488867 0.01717573734606398 0.024848987732963131 -0.0054816528931753809 0.043837460321915322 0.013918454232160527 0.056345182092526383 0.051866877301314313 -0.013060228409846476 -0.059363950451033314 -0.022206413178617684 -0.024852780123846251 -0.055899135995534734 0.0017122943749242683 -0.006808959827088081 0.078773052509812203 -0.065621588102246248 -0.039044809604690485 -0.061003779337162535
leaf_weight=75.174385145306587 6.2672245800495139 334.7018848285079 139.30170160531998 1771.0573804676533 940.46612413227558 3843.5389253124595 2414.1836991161108 314.924585968256 616.07119787484407 342.85719707608223 21.888728991150856 75.017544507980347 51.162609651684761 38.884644493460655 28.431993693113327 39.955050840973854 59.491278737783432 82.973826363682747 26.691853895783424 38.571120955049992 165.06460477411747 15.935719497501848 13.893012903630739 6.3999548852443686 3.7953511029481879 10.249790310859678 6.0009938850998861 6.6534008979797354 5.3717954829335213
leaf_count=718 34 1504 752 7211 4124 15876 9878 1342 2612 1413 96 324 212 162 117 169 425 510 117 237 740 78 81 32 19 45 34 34 39
internal_value=-8.39017e-06 0.00158697 0.000632824 0.00478435 0.0132137 -0.000954366 -0.00686266 -0.0215829 -0.0174857 -0.00319929 -0.016343 0.0345263 -0.00817496 0.00885795 0.0153489 -0.0125686 0.0428201 0.0353948 0.0118521 -0.0309814 -0.025648 -0.0492742 -0.0517028 -0.0328579 -0.045366 0.0596414 -0.0565734 -0.055619 -0.0634404
internal_weight=11495 10703.5 10402.2 6694.36 2711.52 3982.84 3707.81 791.483 950.773 2757.04 674.194 301.316 432.734 73.5839 67.3166 354.88 227.732 157.991 77.8545 241.46 186.953 54.5068 117.289 24.0883 17.6884 69.7411 93.2006 81.8278 11.3728
internal_count=48935 44987 43370 27963 11335 16628 15407 3948 4116 11291 2991 1617 1840 313 279 1511 1304 834 329 1151 836 315 957 132 100 470 825 752 73
is_linear=0
shrinkage=0.05


Tree=32
num_leaves=31
num_cat=0
split_feature=13 24 13 11 17 19 13 17 3 6 17 19 2 6 7 7 8 6 13 59 14 13 24 19 5 1 42 2 1 3
split_gain=148.808 122.913 92.8069 95.8523 78.8362 59.0769 55.3694 48.378 42.3958 53.4117 36.8235 35.9353 28.4128 28.2442 26.9156 25.8172 18.3824 18.2022 17.4555 14.6519 13.369 11.067 10.6723 8.74983 6.70083 4.09903 0.978042 0.0925145 0.00978856 0.00751865
threshold=1.1060000000000001 2.2515000000000005 0.40350000000000003 1.5000000000000002 0.32700000000000007 1.4460000000000002 1.7020000000000002 0.36200000000000004 0.58950000000000002 0.26800000000000007 0.19600000000000004 0.65100000000000013 1.5000000000000002 0.31400000000000006 0.44900000000000007 0.26000000000000006 0.78888888888888908 0.17750000000000002 1.0000000180025095e-35 5.5000000000000009 0.26150000000000007 1.4190000000000003 2.1365000000000003 0.77550000000000019 -0.75449999999999984 14.500000000000002 0.23400000000000001 1.5000000000000002 2.5000000000000004 0.74550000000000016
decision_type=2 2 2 2 2 2 2 2 2 2 2 2 2 2 2 2 2 2 2 2 2 2 2 2 2 2 2 2 2 2
left_child=2 7 18 12 6 10 11 8 17 -10 -5 -3 28 -8 16 21 -6 -2 27 -17 -7 -9 -14 24 -20 -16 -25 -1 -4 -29
right_child=1 4 3 5 14 20 13 15 9 -11 -12 -13 22 -15 25 19 -18 -19 23 -21 -22 -23 -24 26 -26 -27 -28 29 -30 -31
leaf_value=-0.055876582386947538 -0.018444194752151033 0.055472854462656124 0.057010726416868995 -0.0131362496493933 0.023640633331417797 -0.057143866862805093 0.033112531626627799 -0.015233811315984905 0.0035624075246479259 -0.012628703300309217 -0.0021432516651986254 0.0016955136301780823 -0.023432144370823037 0.012146093581085492 0.056396610997545199 0.048054785912318917 0.00089199091058183807 -0.050279231468625223 0.0094210027992748437 0.017034402177327466 -0.023525968745450862 0.0098958018743906268 0.020173776629033906 -0.037780140027235468 -0.027016278006386354 0.026035272584783328 -0.062776384859204878 -0.057965494098500076 0.058406822467101931 -0.05984957111829723
leaf_weight=52.702292427420616 213.19761189073324 31.471115827560425 19.949553184211254 1076.9361124709249 667.87772089242935 32.496861673891544 201.34070555865765 80.442697331309319 1080.4490728378296 963.65607047080994 2603.1877311989665 2403.6635312587023 15.405913189053534 794.35743592679501 65.648579433560371 49.837474122643471 102.42194497585297 56.879974097013474 14.400736585259436 161.16710318624973 328.69630720466375 96.216216921806335 157.29764486849308 5.1015983298420933 101.9004312902689 13.383046165108679 16.801390618085861 6.9777475371956852 33.874212026596069 21.959895439445972
leaf_count=561 1051 133 185 4473 2811 259 893 333 4522 3949 10765 9846 68 3362 376 226 421 273 62 658 1443 405 696 29 475 56 101 61 275 167
internal_value=-8.23963e-06 0.00455769 -0.00711197 -0.00548004 0.00982852 -0.00725409 0.00645222 -0.00379217 -0.00653054 -0.0040706 -0.0053602 0.00239052 0.0261695 0.0163857 0.0234669 0.0125547 0.0206159 -0.0251488 -0.0387927 0.0243612 -0.0265506 -0.00154712 0.0162839 -0.0279642 -0.0225045 0.0512553 -0.0569543 -0.0571238 0.0578894 -0.0593953
internal_weight=11469.7 6982.01 4487.69 4267.84 4280.16 4041.32 3430.83 2701.85 2314.18 2044.11 3680.12 2435.13 226.527 995.698 849.331 387.663 770.3 270.078 219.844 211.005 361.193 176.659 172.704 138.204 116.301 79.0316 21.903 81.6399 53.8238 28.9376
internal_count=48935 29315 19620 18164 17898 16940 14234 11417 9795 8471 15238 9979 1224 4255 3664 1622 3232 1324 1456 884 1702 738 764 667 537 432 130 789 460 228
is_linear=0
shrinkage=0.05


Tree=33
num_leaves=31
num_cat=0
split_feature=13 16 13 24 24 13 7 17 14 16 8 2 13 7 3 8 7 13 36 3 13 19 25 26 40 2 1 3 13 1
split_gain=139.367 137.873 103.771 78.2531 65.8153 63.1721 57.5813 49.1823 43.512 42.873 40.6346 29.8086 27.6199 22.8553 19.3725 14.2103 13.5321 10.1311 7.74701 6.36396 4.55141 4.3597 5.16672 1.47675 0.247389 0.0781477 0.0175982 0.00631565 0.00251659 0.00108596
threshold=0.7965000000000001 0.16350000000000003 1.4915000000000003 2.1115000000000008 2.3895000000000004 0.25850000000000006 0.43400000000000005 0.18650000000000003 1.0000000180025095e-35 0.26000000000000006 0.59166666666666679 1.5000000000000002 1.1015000000000004 0.30200000000000005 1.2950000000000002 0.23611111111111113 0.62000000000000011 0.50850000000000006 0.46050000000000008 1.3655000000000002 1.0000000180025095e-35 0.25650000000000006 510.50000000000006 0.37300000000000005 0.77000000000000013 1.5000000000000002 2.5000000000000004 0.74550000000000016 1.9650000000000001 2.5000000000000004
decision_type=2 2 2 2 2 2 2 2 2 2 2 2 2 2 2 2 2 2 2 2 2 2 2 2 2 2 2 2 2 2
left_child=5 11 4 8 7 20 -5 -3 -4 13 -6 26 15 14 -7 -13 -15 24 -14 -19 25 22 -22 -23 -11 29 -2 -27 -28 -1
right_child=1 2 3 6 10 9 -8 -9 -10 17 -12 12 18 16 -16 -17 -18 19 -20 -21 21 23 -24 -25 -26 27 28 -29 -30 -31
leaf_value=-0.055079711057002281 0.056438896211924085 -0.024798759270540816 -0.060862997397601606 0.010509299856092698 0.0056098172256567836 -0.020147642328026929 0.043112427312959854 -0.0064846041316968424 -0.0010999491832082331 -0.061260879910660662 -0.0052787595597451366 0.044182710966547238 0.024302904880047237 0.0005845316847799618 -0.0052589444741507046 0.012845853898069727 0.041291599031933926 -0.034045876413391428 0.053144510341633144 -0.016418985572792383 0.021693624264213965 -0.019765834953725279 -0.040235181918547108 -0.057537828065738261 -0.046536442918686367 -0.057521638385279919 0.057929918562116815 -0.059285144042016374 0.059018951777312992 -0.055670096099562451
leaf_weight=9.6276726946234685 26.633513003587723 486.88862898945808 31.15667013078928 2292.1330352351069 1808.8724009394646 385.27001003175974 143.93020664155483 1483.6390798091888 1355.8263564184308 23.411264665424827 1627.9652599394321 39.992734491825104 33.843566223978996 364.12385849654675 504.67263158410788 379.16716213524342 21.628470450639725 123.81291006505489 74.613135047256947 87.317403793334961 6.016458064317705 3.1605963408947018 7.6509178280830383 14.275053136050699 3.2484256327152243 6.6873563453555134 32.480680614709854 21.082720994949341 6.3403432518243781 40.785065487027168
leaf_count=115 264 2133 277 9620 7383 1629 650 6153 5744 164 6643 175 149 1538 2143 1574 92 570 342 389 28 17 37 86 22 61 275 167 49 446
internal_value=-8.01806e-06 0.00223439 0.000732906 0.00703791 -0.00372478 -0.0135825 0.0124356 -0.0110098 -0.00244244 -0.0109316 0.000452104 0.0256031 0.0216549 -0.00729831 -0.0117045 0.0158358 0.00286691 -0.0304233 0.0441446 -0.0267559 -0.0502947 -0.0341171 -0.0129738 -0.0506908 -0.0594667 -0.0567306 0.0574287 -0.0588605 0.0581078 -0.0555573
internal_weight=11446.3 9823.48 9230.41 3823.05 5407.37 1622.77 2436.06 1970.53 1386.98 1513.48 3436.84 593.071 527.617 1275.69 889.943 419.16 385.752 237.79 108.457 211.13 109.286 31.103 13.6674 17.4356 26.6597 78.1828 65.4545 27.7701 38.821 50.4127
internal_count=48935 41431 38603 16291 22312 7504 10270 8286 6021 6547 14026 2828 2240 5402 3772 1749 1630 1145 491 959 957 168 65 103 186 789 588 228 324 561
is_linear=0
shrinkage=0.05


Tree=34
num_leaves=31
num_cat=0
split_feature=4 24 7 4 13 17 3 4 4 9 13 36 4 17 9 7 36 24 13 3 13 1 23 1 13 13 24 13 36 24
split_gain=142.065 130.946 97.5072 86.5738 74.4232 64.0454 61.4811 58.4943 39.5616 45.0331 38.9303 35.5579 28.8966 22.0499 29.5921 24.4228 22.3211 20.1627 16.9734 15.2232 12.5149 9.27443 6.47531 6.28822 0.546948 0.106396 0.0781935 0.0212596 0.00130934 0.000976181
threshold=0.79050000000000009 2.9690000000000007 0.32700000000000007 1.4260000000000004 1.5085000000000002 0.18650000000000003 0.49150000000000005 1.0000000180025095e-35 1.4915000000000003 2.2680000000000002 1.0165000000000002 0.44150000000000006 1.3900000000000003 0.14900000000000002 2.2680000000000002 0.31700000000000006 0.56700000000000006 1.6035000000000001 0.57400000000000007 1.0680000000000003 2.1455000000000006 33.500000000000007 0.2639999999999999 9.5000000000000018 0.7965000000000001 1.0000000180025095e-35 1.9665000000000001 1.3270000000000002 0.50300000000000011 1.9665000000000001
decision_type=2 2 2 2 2 2 2 2 2 2 2 2 2 2 2 2 2 2 2 2 2 2 2 2 2 2 2 2 2 2
left_child=7 2 3 10 8 17 -5 24 9 -3 -2 -7 20 14 22 19 -17 -4 -10 -15 -6 -16 -9 -14 25 29 -26 -28 -27 -1
right_child=1 4 5 6 12 11 -8 13 18 -11 -12 -13 23 15 21 16 -18 -19 -20 -21 -22 -23 -24 -25 26 28 27 -29 -30 -31
leaf_value=-0.054804123742395121 -0.020274572622259169 0.0018543998579741349 -0.034927232020415776 -0.036415741090332895 0.017507274216316454 0.001914518524030337 0.0030392341558314597 -0.029071248966126957 -0.0080865144625143579 0.029673282911769988 -0.0072799632708676109 0.019343302855777674 0.056054771641760807 -0.041943912339440753 -0.00016287144853843744 -0.0038647771090644014 0.032790946954669109 -0.0034688771918625055 0.024578200271460786 -0.012571376271515111 0.050622898537719598 -0.044503120137502385 -0.047612993591910985 0.035592728093902536 -0.060298559904655526 -0.060065122071905223 -0.067094255330416561 -0.071508124427890438 -0.061147180561810455 -0.055351906721688084
leaf_weight=10.076486773788927 790.50864185392857 1683.6290624365211 57.868583992123604 102.56496100127697 293.79186993837357 424.11413642019033 2645.2614004537463 112.53302218019962 44.401319682598114 159.23521350324154 2127.7210112065077 944.06291478872299 85.766231924295425 48.800023324787617 105.45594399422407 208.19781433045864 51.879942357540131 425.11112122237682 381.23645547777414 459.23956938832998 31.598469719290733 13.278080746531485 80.964543908834457 66.782281756401062 3.366660311818122 7.5989053696393949 6.3338194787502271 4.7921207994222641 4.4229496195912361 42.168878667056561
leaf_count=126 3454 6925 268 596 1267 1803 11013 490 188 807 8725 4040 541 226 462 912 216 1759 1649 1935 143 55 377 307 25 56 34 23 30 483
internal_value=-7.97225e-06 0.0018659 -0.00154777 -0.0048027 0.0112094 0.00841497 0.00156654 -0.0166007 0.00743143 0.00425813 -0.0108 0.0139406 0.0291411 -0.0135679 -0.0247718 -0.0090137 0.00344725 -0.00723808 0.0211707 -0.0153928 0.0207231 -0.00512146 -0.0368296 0.047097 -0.0582008 -0.0562221 -0.0669751 -0.0689954 -0.0604632 -0.0552463
internal_weight=11422.8 10263.7 7517.21 5666.06 2746.44 1851.16 2747.83 1159.11 2268.5 1842.86 2918.23 1368.18 477.939 1080.35 312.232 768.117 260.078 482.98 425.638 508.04 325.39 118.734 193.498 152.549 78.7598 64.2672 14.4926 11.1259 12.0219 52.2454
internal_count=48935 43485 31658 23788 11827 7870 11609 5450 9569 7732 12179 5843 2258 4673 1384 3289 1128 2027 1837 2161 1410 517 867 848 777 695 82 57 86 609
is_linear=0
shrinkage=0.05


Tree=35
num_leaves=31
num_cat=0
split_feature=4 36 24 17 8 3 4 17 24 4 4 26 24 15 24 6 17 14 14 4 9 11 36 40 1 10 24 14 59 1
split_gain=131.798 116.983 74.7325 88.5431 44.6482 42.0042 41.7986 33.3406 26.2182 22.5256 19.6116 18.8133 16.2507 14.5416 13.482 11.4573 12.8307 8.9848 8.21165 8.08141 7.16006 5.27351 4.97935 2.6713 0.363981 0.0625903 0.0523134 0.0169567 0.00204159 0.000751265
threshold=0.66100000000000014 0.42050000000000004 3.9970000000000003 0.18050000000000002 0.59166666666666679 0.33900000000000002 1.0000000180025095e-35 0.26200000000000007 1.6680000000000004 1.8250000000000004 1.5895000000000004 0.45050000000000007 3.0850000000000004 -1.0409999999999997 1.2565000000000002 0.93100000000000016 0.15600000000000003 1.3270000000000002 0.47350000000000003 1.1345000000000003 1.9355000000000002 1.0000000180025095e-35 0.45900000000000007 0.7350000000000001 3.5000000000000004 11.500000000000002 1.9665000000000001 2.3780000000000006 1.5000000000000002 2.5000000000000004
decision_type=2 2 2 2 2 2 2 2 2 2 2 2 2 2 2 2 2 2 2 2 2 2 2 2 2 2 2 2 2 2
left_child=6 7 3 5 -5 -3 24 9 19 12 -10 17 -2 -13 -11 16 20 -4 -18 -9 -8 23 -23 -17 28 26 -26 -27 29 -1
right_child=1 2 11 4 -6 -7 15 8 10 14 -12 13 -14 -15 -16 21 18 -19 -20 -21 -22 22 -24 -25 25 27 -28 -29 -30 -31
leaf_value=-0.0545504885130383 -0.020298612311516809 -0.049360278649223176 -0.046668250859395674 0.0093048249069327699 -5.8683539531234177e-05 -0.003909993113313929 -0.049816621062284482 -0.047867234655007904 -0.0031024272828562034 -0.048491106967178017 0.016451117252140136 0.0072399323794655 -0.0028955038744051067 0.031685104399546873 0.012204414538202802 0.0076881994792195752 -0.058388901508866636 0.047586607380308385 -0.013289091774236867 -0.017108706508802644 -0.025451228766944972 0.030587675821436722 -0.013202773224660604 0.058864486437751634 -0.059489677310805872 -0.058985182058108765 -0.066587264977907262 -0.062815916585887963 -0.056354429137840861 -0.055073501774380432
leaf_weight=8.4869540408253652 859.75136785954237 51.86365082859993 2.5967883616685858 3926.6232382133603 1883.9292672351003 2561.9606227055192 42.794974237680435 27.750578850507736 637.15399651229382 10.099115811288355 160.54538834840059 124.22527428716421 158.93782902508974 119.22483057528734 97.267845064401627 4.4645362347364408 10.429355286061762 95.965535566210747 312.966871522367 92.656724147498608 102.05588131397963 8.3784446120262128 28.826283939182758 5.9458895325660706 3.5265764743089703 10.921938829123972 9.8402670174837095 3.9276359826326361 2.8485337644815436 35.950634069740772
leaf_count=111 3664 404 12 16440 7773 10774 210 132 2681 77 676 569 690 567 423 21 60 568 1360 415 453 37 125 27 28 93 56 28 31 430
internal_value=-7.82543e-06 0.00124948 0.0037611 0.00283092 0.00626894 -0.00481182 -0.0229921 -0.00952162 -0.00244977 -0.0152875 0.000832929 0.0266731 -0.0175833 0.0192115 0.00649529 -0.0179066 -0.0202828 0.0451033 -0.0147435 -0.0241977 -0.0326498 0.00546079 -0.00334124 0.0369174 -0.0577385 -0.0622326 -0.0647147 -0.0599984 -0.0550568 -0.0549736
internal_weight=11401.9 10810.6 8766.39 8424.38 5810.55 2613.82 591.365 2044.16 918.107 1126.06 797.699 342.012 1018.69 243.45 107.367 515.862 468.247 98.5623 323.396 120.407 144.851 47.6152 37.2047 10.4104 75.5025 28.2164 13.3668 14.8496 47.2861 44.4376
internal_count=48935 45865 37107 35391 24213 11178 3070 8758 3904 4854 3357 1716 4354 1136 500 2293 2083 580 1420 547 663 210 162 48 777 205 84 121 572 541
is_linear=0
shrinkage=0.05


Tree=36
num_leaves=31
num_cat=0
split_feature=4 24 13 4 9 7 24 6 7 4 31 7 11 13 22 24 22 7 4 4 10 7 2 13 7 24 21 13 13 13
split_gain=125.949 114.726 84.3892 82.5223 68.7808 73.0886 43.5037 42.0904 41.7889 38.1375 37.7172 35.8919 31.205 30.4082 27.0662 25.7788 24.6279 24.2689 23.8591 19.4259 16.9722 15.2432 10.1234 8.33405 7.38478 3.27276 2.58398 0.386154 0.0666731 0.0087308
threshold=1.2195000000000003 2.4445000000000006 1.2950000000000002 0.46450000000000008 1.9110000000000003 0.26000000000000006 1.7475000000000003 0.064500000000000016 0.057500000000000002 0.93550000000000011 0.67000000000000015 0.38700000000000007 6.5000000000000009 1.1060000000000001 0.87777777777777788 0.97050000000000003 -0.96666666666666645 0.18350000000000002 1.5085000000000002 1.0000000180025095e-35 8.5000000000000018 0.21550000000000002 24.500000000000004 2.1015000000000006 0.44200000000000006 3.8035000000000001 -10.499999999999998 0.49150000000000005 0.7965000000000001 1.0000000180025095e-35
decision_type=2 2 2 2 2 2 2 2 2 2 2 2 2 2 2 2 2 2 2 2 2 2 2 2 2 2 2 2 2 2
left_child=3 6 11 19 5 8 15 20 -5 17 -7 18 25 -9 -11 26 -17 -6 -3 27 -8 -14 -13 24 -21 -4 -2 29 -29 -1
right_child=1 2 12 4 9 10 7 13 -10 14 -12 22 21 -15 -16 16 -18 -19 -20 23 -22 -23 -24 -25 -26 -27 -28 28 -30 -31
leaf_value=-0.054696864116571965 -0.02322730072034615 -0.0019589251422586526 0.040116313089370047 -0.041443395238892289 -0.010461515097366076 -0.01429707151114417 0.038953600374073513 -0.0092317542676703147 -0.013720687212554967 0.011205401457683232 0.0024370271912293414 0.033793919019573092 0.013533213332125605 0.0032622081654146116 0.0584051751382672 0.055608775290427827 -0.011541154503597835 0.0051237070039045944 0.010379148774334537 -0.032757108023683666 0.0071409691086629107 0.026189993786644966 -0.010520284991379443 0.040993720858891761 -0.00088798174425224093 0.056547199611041335 -0.05627389201781903 -0.059439995071708288 -0.064917435804873247 -0.058381541430510109
leaf_weight=47.717524230480194 7.133941911160945 919.83976393938065 83.460811510682106 150.29482982307673 463.7887197136879 445.79973716288805 98.689208596944809 672.32976342737675 1422.68268032372 603.61354392766953 1376.2184582799673 129.40172588825226 461.35031612217426 1766.7238485515118 31.98226822167635 13.950201362371443 644.251280836761 541.32678257673979 682.60475921630859 112.86851812899113 72.89155574887991 491.12346598505974 14.313430145382879 4.5755314081907263 21.667155846953392 47.585498653352261 34.627806179225445 9.4230962246656436 13.53645173460245 1.6637170016765583
leaf_count=609 41 3770 443 786 1942 1924 537 2790 5911 2539 5807 554 1986 7164 261 57 2765 2260 2806 524 309 2123 58 19 98 348 336 72 82 14
internal_value=-8.11163e-06 0.00485285 0.0122453 -0.00569646 -0.00441156 -0.00847384 -0.00146576 0.00150211 -0.0163695 0.0039942 -0.00165736 0.00544359 0.0232068 -0.000181776 0.0135804 -0.0125349 -0.010118 -0.00206776 0.00329681 -0.0362962 0.0254388 0.0200594 0.0293804 -0.0253676 -0.0276245 0.0460827 -0.0506287 -0.0573119 -0.0626694 -0.054821
internal_weight=11387.4 6140.28 2829.68 5247.16 5035.71 3395 3310.6 2610.63 1572.98 1640.71 1822.02 1746.16 1083.52 2439.05 635.596 699.963 658.201 1005.12 1602.44 211.452 171.581 952.474 143.715 139.111 134.536 131.046 41.7617 72.3408 22.9595 49.3812
internal_count=48935 26087 12088 22848 21430 14428 13999 10800 6697 7002 7731 7188 4900 9954 2800 3199 2822 4202 6576 1418 846 4109 612 641 622 791 377 777 154 623
is_linear=0
shrinkage=0.05


Tree=37
num_leaves=31
num_cat=0
split_feature=13 24 4 7 4 4 13 24 7 11 3 13 7 4 7 3 19 13 7 37 24 11 37 4 3 4 24 27 24 8
split_gain=117.672 98.0996 89.0546 84.2881 62.2832 58.5085 54.7657 40.1438 39.411 39.2984 35.1059 32.2041 28.3292 28.0411 19.762 20.4282 15.1862 14.8185 12.9001 8.52484 7.22532 3.46492 3.11002 0.114021 0.00623318 0.00538627 0.000599738 0.000297083 9.93169e-05 2.1481e-07
threshold=0.55800000000000016 2.9690000000000007 0.96350000000000013 0.21550000000000002 1.5845000000000002 1.2830000000000001 1.2365000000000002 1.7725000000000002 0.57500000000000007 2.5000000000000004 0.71100000000000008 1.0000000180025095e-35 0.097500000000000017 1.9590000000000003 0.18900000000000003 2.2545000000000006 0.95600000000000007 1.651 0.42600000000000005 0.53500000000000014 2.3335000000000004 2.5000000000000004 0.53700000000000014 1.0000000180025095e-35 0.65100000000000013 0.96650000000000003 1.9665000000000001 0.26700000000000007 3.9970000000000003 0.36666666666666675
decision_type=2 2 2 2 2 2 2 2 2 2 2 2 2 2 2 2 2 2 2 2 2 2 2 2 2 2 2 2 2 2
left_child=11 3 14 4 12 8 9 -7 -5 -4 -6 23 -2 -8 15 -3 18 -16 19 -13 -20 -18 -23 26 27 -26 29 -25 -28 -1
right_child=1 2 6 5 10 7 13 -9 -10 -11 -12 16 -14 -15 17 -17 21 -19 20 -21 -22 22 -24 24 25 -27 28 -29 -30 -31
leaf_value=-0.054079008703302671 -0.024629773785753234 -0.017680248906012792 0.037091008752792975 -0.0045770339507189188 -0.01748301532260178 -0.0068762878561280955 0.021820992223065445 0.010882090841436204 0.027619710159426741 0.0055716626026343467 0.0052730123373181288 -0.0086363865950263782 -0.010311622609415311 0.053388760376049151 -0.00063069769967695228 0.0096593119018777464 -0.0046533107355638597 0.024852831107490789 -0.016629928382773936 -0.025471908653012895 0.022057345714334865 -0.060496083865627027 -0.036111064437486469 -0.056785676961741749 -0.058209738883876219 -0.059982188524516915 -0.054431918249893768 -0.057590758754252708 -0.054600614888986959 -0.054057572674346258
leaf_weight=7.3921117410063726 441.72820790857077 331.93077259510756 107.92171248793602 2232.0465616509318 206.88818722218275 380.11328949779272 705.12437684834003 1955.0094546228647 99.273239701986313 1181.9200046062469 937.42551887780428 124.63412017375231 1585.2031069025397 78.143183976411819 475.79930898547173 86.036288157105446 5.5889178216457358 64.817235633730888 18.925831913948059 189.5464224666357 33.309917539358139 21.996601164340973 32.239798031747341 2.3761811107397106 7.355439797043803 10.27233664691448 14.209167435765265 2.2131249457597733 22.603932395577431 1.3881832882761953
leaf_count=106 1986 1383 640 9294 1026 1622 3129 8071 540 4816 3968 547 6553 515 1966 361 25 268 83 869 145 142 197 23 62 75 190 20 293 20
internal_value=-7.72133e-06 0.00107705 0.00871457 -0.00187722 -0.00816703 0.00239724 0.0145418 0.00799137 -0.00320602 0.0082089 0.0011588 -0.0238731 -0.013432 0.0249704 -0.00388778 -0.0120525 -0.0187814 0.00242465 -0.014968 -0.0187933 0.00804034 -0.0421382 -0.0460009 -0.0558782 -0.0588153 -0.0592426 -0.0544469 -0.0571739 -0.0545355 -0.0540756
internal_weight=11363.4 10869.4 3031.69 7837.69 3171.25 4666.44 2073.11 2335.12 2331.32 1289.84 1144.31 494.052 2026.93 783.268 958.584 417.967 426.242 540.617 366.416 314.181 52.2357 59.8253 54.2364 67.8105 22.2171 17.6278 45.5934 4.58931 36.8131 8.7803
internal_count=48935 46138 13078 33060 13533 19527 9100 9693 9834 5456 4994 2797 8539 3644 3978 1744 2008 2234 1644 1416 228 364 339 789 180 137 609 43 483 126
is_linear=0
shrinkage=0.05


Tree=38
num_leaves=31
num_cat=0
split_feature=13 16 24 4 13 14 22 13 16 17 13 12 13 13 3 4 7 21 24 8 16 4 14 9 34 13 13 1 3 4
split_gain=110.468 117.158 84.2685 86.7322 58.8749 52.1172 49.0727 47.7966 40.1453 39.2042 25.678 22.5703 21.8941 18.2039 16.396 15.05 13.6195 9.96404 7.50079 6.51086 5.04915 4.56359 3.98572 3.10031 0.310526 1.56927 0.201948 0.00487194 0.00342595 0.0003818
threshold=0.89600000000000013 0.17300000000000001 2.1010000000000004 1.2195000000000003 0.25850000000000006 0.26150000000000007 -0.96666666666666645 1.5310000000000001 0.15600000000000003 0.18050000000000002 0.59200000000000008 1.5000000000000002 1.0930000000000002 0.77100000000000013 1.5085000000000002 1.7875000000000003 0.34700000000000003 -9.4999999999999982 1.8185000000000002 0.18333333333333332 0.29800000000000004 1.1225000000000003 1.8685000000000003 1.3920000000000001 0.50650000000000006 1.0000000180025095e-35 1.0000000180025095e-35 2.5000000000000004 1.9835000000000003 1.9665000000000001
decision_type=2 2 2 2 2 2 2 2 2 2 2 2 2 2 2 2 2 2 2 2 2 2 2 2 2 2 2 2 2 2
left_child=4 11 5 9 21 17 -7 -5 13 -4 20 27 16 15 -12 -6 -13 -3 -14 -15 -10 24 23 -23 25 -1 -26 28 -2 -29
right_child=1 2 3 7 8 6 -8 -9 10 -11 14 12 18 19 -16 -17 -18 -19 -20 -21 -22 22 -24 -25 26 -27 -28 29 -30 -31
leaf_value=-0.055197698063672002 0.055970050197711833 0.0087866184980474049 -0.0096842425407334329 0.0055010097347432526 -0.00598396574582577 0.052069613994964216 -0.0065183401517111064 0.01851756825433247 -0.029115755898725622 0.0023242288989071755 -0.014992566566940646 0.0085129052635151779 -0.086719965201456584 0.055461102202675333 -0.0028867115379677941 0.018858074378679916 0.035883062568706978 -0.056277321972244436 0.039082225384005798 0.01138979311953923 -0.053264698340399652 -0.060057439197489432 0.0060851816940074195 -0.015666332960270053 -0.055152889235963579 -0.023913435637127826 -0.063509354035762453 0.056481951573051858 0.054594051958712392 0.056946999553682077
leaf_weight=26.171096011996273 17.617680072784427 6.5081942006945601 1014.4552407264709 1922.7928496748209 634.50239792466164 36.320519402623177 2238.8537471219897 1113.7644932568073 107.96833289414644 2059.501831382513 853.06718714535236 217.07731808722019 1.1944722682237614 8.7483074665069562 416.13449156284332 67.449115127325058 57.488147243857384 61.382356569170952 147.38708042353392 199.29592737555504 27.07269087433815 9.3282533437013679 6.1079920306801787 6.8008334338665 32.343969456851482 4.7335718050599089 9.3113354668021184 27.904517523944378 6.0863821357488623 5.2426744103431693
leaf_count=329 185 32 4164 7920 2707 239 9427 4874 523 8426 3614 914 5 36 1745 276 260 545 670 811 202 60 32 40 410 27 59 275 79 49
internal_value=-7.41213e-06 0.00255495 0.00119055 0.00428181 -0.00950957 -0.0068712 -0.00558305 0.0102753 -0.00792756 -0.00163876 -0.0132289 0.0265843 0.0226102 0.000253023 -0.0110234 -0.00359694 0.0142436 -0.0500401 0.0380709 0.013243 -0.0339571 -0.0481303 -0.0283134 -0.0413399 -0.0542034 -0.050406 -0.0570208 0.0561641 0.0556167 0.0565555
internal_weight=11342.6 8933.58 8453.58 6110.51 2409.04 2343.06 2275.17 3036.56 2314.24 3073.96 1404.24 479.998 423.147 909.996 1269.2 701.952 274.565 67.8906 148.582 208.044 135.041 94.7971 22.2371 16.1291 72.56 30.9047 41.6553 56.8513 23.7041 33.1472
internal_count=48935 38064 35627 25384 10871 10243 9666 12794 9914 12590 6084 2437 1849 3830 5359 2983 1174 577 675 847 725 957 132 100 825 356 469 588 264 324
is_linear=0
shrinkage=0.05


Tree=39
num_leaves=31
num_cat=0
split_feature=37 7 17 59 14 19 3 17 21 3 3 14 19 7 31 14 37 3 3 8 5 14 7 1 3 44 5 5 3 3
split_gain=95.435 75.7138 78.3982 46.6271 45.0469 52.4833 39.2313 38.7817 30.1317 28.9298 25.1838 23.6084 23.9966 21.9399 20.9781 17.7102 16.9975 16.7835 16.2826 12.5835 11.8482 10.3721 10.2916 8.21589 9.03986 7.83554 7.40433 5.62504 0.586009 0.147239
threshold=0.43900000000000006 0.20950000000000002 0.18350000000000002 9.5000000000000018 0.93550000000000011 2.3170000000000006 1.0000000180025095e-35 0.31700000000000006 -5.4999999999999991 0.57400000000000007 1.7230000000000001 0.26150000000000007 2.3170000000000006 0.28300000000000008 0.67000000000000015 1.1805000000000001 0.56100000000000005 0.87750000000000006 2.2890000000000001 0.36666666666666675 -0.80399999999999994 0.62750000000000006 0.12250000000000001 15.500000000000002 0.50850000000000006 0.47650000000000003 -0.88099999999999989 -0.19599999999999998 1.6545000000000003 0.74550000000000016
decision_type=2 2 2 2 2 2 2 2 2 2 2 2 2 2 2 2 2 2 2 2 2 2 2 2 2 2 2 2 2 2
left_child=7 4 10 6 8 14 -4 11 19 -5 16 28 15 17 -6 -13 -3 22 -10 -2 -19 -12 -9 24 -15 -14 -7 -25 29 -1
right_child=1 2 3 9 5 26 -8 13 18 -11 21 12 25 23 -16 -17 -18 20 -20 -21 -22 -23 -24 27 -26 -27 -28 -29 -30 -31
leaf_value=-0.055321521747049809 -0.0024135701692402306 -0.0073517037244000515 -0.060463913598992614 -0.025351129917564365 -0.013780131319103271 0.058602417622839575 0.01755321281203084 -0.073237758045480869 -0.034555853919947248 0.0030986849705447075 -0.080772629910921739 -0.0019094087796622729 0.0091318102392239833 -0.0044392958587344718 -0.0039565570378062931 0.0077750930382527589 -0.02009545930444839 0.054705777297299009 0.029003750496965137 -0.022302415795507624 0.012530052573302919 0.011195959218557957 -0.0056136229497306669 0.048589974061233415 0.043447348615013308 0.037964756332251576 0.017264074082057542 0.015563266083804797 -0.087280675048553247 -0.068741702604532801
leaf_weight=6.8689017370343191 202.76632972806692 866.91242706775665 16.458077177405357 92.291955254971981 735.48929703235626 33.718487083911896 769.86696241796017 8.2119460850954074 279.01217045634985 2809.3767848685384 3.1240990161895743 753.479417540133 35.109383478760719 10.723454281687735 2081.4725491851568 1263.995051920414 374.76984829455614 17.56546339392662 10.453845486044882 130.85061447322369 320.21013983339071 163.99214459210634 17.868562310934067 15.204255923628805 121.74409127235413 71.648867502808571 15.959289342164992 84.790494963526726 2.3170605897903434 2.9095736816525459
leaf_count=84 899 3619 174 395 3232 243 3572 40 1413 11547 13 3148 159 62 9021 5443 1612 78 45 549 1352 701 75 63 614 332 70 354 10 16
internal_value=-7.28498e-06 -0.00259729 0.00128776 0.00512045 -0.00827145 -0.00562299 0.0159203 0.00813101 -0.0204563 0.0021938 -0.00874557 0.00498401 0.00538064 0.0194052 -0.00652142 0.00415816 -0.0111981 0.0117394 -0.0322604 -0.0102143 0.0147233 0.00947668 -0.0269064 0.031404 0.0395709 0.0284825 0.0453222 0.020585 -0.0646719 -0.0593147
internal_weight=11319.2 8586.51 5096.79 3687.99 3489.72 2866.64 786.325 2732.65 623.083 2901.67 1408.8 2136.33 2124.23 596.318 2816.96 2017.47 1241.68 363.856 289.466 333.617 337.776 167.116 26.0805 232.462 132.468 106.758 49.6778 99.9948 12.0955 9.77848
internal_count=48935 37105 21633 15688 15472 12566 3746 11830 2906 11942 5945 9192 9082 2638 12253 8591 5231 1545 1458 1448 1430 714 115 1093 676 491 313 417 110 100
is_linear=0
shrinkage=0.05


Tree=40
num_leaves=31
num_cat=0
split_feature=13 17 24 13 11 13 7 19 13 24 19 7 2 24 11 6 13 24 24 8 13 24 3 24 19 5 42 2 3 1
split_gain=101.593 89.7261 70.9023 66.0979 70.8457 51.3855 45.9989 44.4934 29.333 29.3002 28.1537 27.3506 22.7939 22.1745 21.1748 18.9275 15.6641 15.03 14.5996 13.8481 12.7289 10.4732 10.0074 8.80277 7.84309 5.90548 1.00357 0.070173 0.00474496 0.00160337
threshold=1.1060000000000001 0.32700000000000007 2.1115000000000008 0.40350000000000003 1.5000000000000002 1.9300000000000004 0.28300000000000008 1.4460000000000002 1.7610000000000003 2.2225000000000006 0.65100000000000013 0.23650000000000002 1.5000000000000002 0.61250000000000016 8.5000000000000018 0.25450000000000006 1.0000000180025095e-35 1.7315000000000003 3.0640000000000005 0.74166666666666681 1.4190000000000003 1.6035000000000001 0.26150000000000007 2.1365000000000003 0.77550000000000019 -0.75449999999999984 0.23400000000000001 1.5000000000000002 0.65100000000000013 2.5000000000000004
decision_type=2 2 2 2 2 2 2 2 2 2 2 2 2 2 2 2 2 2 2 2 2 2 2 2 2 2 2 2 2 2
left_child=3 2 8 16 12 10 9 11 15 20 -4 -6 29 -10 22 -2 27 -16 -7 -11 -3 -9 -8 -14 25 -18 -26 -1 -29 -5
right_child=1 6 5 4 7 18 14 21 13 19 -12 -13 23 -15 17 -17 24 -19 -20 -21 -22 -23 -24 -25 26 -27 -28 28 -30 -31
leaf_value=-0.053950810769340773 -0.0077249977474007255 -0.017375778503635992 0.049981863355107667 0.055518571323628585 -0.0088401239967803615 0.014395436622105188 -0.044439641439308959 -0.037831630753427672 -0.055163556855747732 0.017998728037109449 0.0016789365123561753 -0.00018599286663162221 -0.021322397635736092 0.001940282608335577 -0.0030577082975737921 -0.022019647528559616 0.01040660788932906 0.023504438690271308 0.034473363267813709 -0.003648848613380648 0.0035843591234606025 -0.018056239149576204 0.042909643212630334 0.018809270167222284 -0.033787432873761909 -0.024047991481651182 -0.060301455845378805 -0.056012262834688659 -0.057772739383809571 0.056144695054648509
leaf_weight=37.93451464548707 571.398128926754 126.00993863493204 30.446756795048714 16.546255201101303 1815.2538633197546 458.63673208653927 3.349543184041976 90.414748042821884 17.485081806778908 436.43864463269711 3280.3725147396326 1836.7864726036787 14.998616069555281 613.49712777137756 61.825402557849884 389.37499960511923 14.234202802181242 384.25361835956573 112.81081865727901 88.930880710482597 170.36441871523857 258.017150208354 155.7257414534688 153.58665941655636 4.691159754991534 98.477479167282581 14.918407037854193 4.7966807670891312 18.942503094673157 26.763106271624565
leaf_count=561 2408 527 134 185 7577 1942 20 588 222 1852 13538 7661 68 2672 260 1636 62 1600 585 369 713 1114 837 696 29 475 101 53 175 275
internal_value=-7.00926e-06 0.00378012 0.000869276 -0.00593813 -0.00462395 0.00451297 0.014947 -0.00611629 -0.00801765 0.0072431 0.00212314 -0.00448755 0.0235507 0.000357884 0.0254082 -0.0135182 -0.034474 0.019823 0.0183591 0.0143344 -0.00532729 -0.0231878 0.0410704 0.0152389 -0.0247743 -0.0196968 -0.0539586 -0.055285 -0.057417 0.0559055
internal_weight=11307.3 6900.92 5474.02 4406.36 4212.37 3882.27 1426.9 4000.47 1591.76 821.744 3310.82 3652.04 211.895 630.982 605.154 960.773 193.995 446.079 571.448 525.37 296.374 348.432 159.075 168.585 132.321 112.712 19.6096 61.6737 23.7392 43.3094
internal_count=48935 29315 23137 19620 18164 16199 6178 16940 6938 3461 13672 15238 1224 2894 2717 4044 1456 1860 2527 2221 1240 1702 857 764 667 537 130 789 228 460
is_linear=0
shrinkage=0.05


Tree=41
num_leaves=31
num_cat=0
split_feature=13 24 17 13 1 8 13 17 13 17 14 24 6 19 13 37 6 8 3 41 19 42 13 13 2 3 22 6 1 3
split_gain=94.5013 86.9239 67.9139 69.8668 52.4821 45.056 43.3808 35.0847 30.2144 30.6488 28.3941 25.4454 27.6407 22.9157 16.8726 16.0752 14.4887 13.4257 10.9817 10.9487 8.52451 10.074 4.75194 1.3907 0.0596105 0.00401138 0.00466077 0.00104763 0.000679031 6.68662e-05
threshold=0.7380000000000001 2.6935000000000007 0.32700000000000007 1.7610000000000003 22.500000000000004 0.78888888888888908 1.0000000180025095e-35 0.17500000000000002 1.9650000000000001 0.22900000000000004 1.0000000180025095e-35 1.6665000000000003 0.22900000000000004 0.93000000000000016 1.2365000000000002 0.55150000000000021 0.14550000000000002 0.25833333333333336 2.2245000000000004 0.42600000000000005 1.3920000000000001 0.22550000000000003 2.2545000000000006 0.6170000000000001 1.5000000000000002 0.65100000000000013 0.76388888888888895 0.32700000000000007 2.5000000000000004 1.9835000000000003
decision_type=2 2 2 2 2 2 2 2 2 2 2 2 2 2 2 2 2 2 2 2 2 2 2 2 2 2 2 2 2 2
left_child=6 2 3 7 8 14 24 -2 9 -3 -5 16 -13 15 -6 19 -4 -17 -7 -8 21 -15 -10 -22 28 27 -27 -26 -1 -30
right_child=1 4 11 10 5 18 13 -9 22 -11 -12 12 -14 20 -16 17 -18 -19 -20 -21 23 -23 -24 -25 25 26 -28 -29 29 -31
leaf_value=-0.053287078738897757 -0.016299645534952702 0.0053124970122436187 0.0034888750844376858 -0.057167383644561032 0.0021438552134957936 -0.012358687516295361 0.038615534294472752 -0.005391824472331639 0.027896198732903877 0.019605081495828913 0.0059058461379498982 0.020729702707896702 0.0047679419993500562 0.0071838737696391002 0.011882436207075043 0.012542742457952652 -0.023125774159571736 -0.017196641649861063 0.0096296201014857523 -0.0024399585014269962 -0.060465424067276556 -0.025237184647368124 0.04547821565973819 -0.035947168238134569 -0.056284842243511359 -0.057767532250321232 -0.055829343613308213 -0.054731142683035389 -0.053746746938110837 -0.053903017151691983
leaf_weight=6.6542547494173041 1110.9455421119928 839.8920384645462 106.60464686900377 18.113640353083611 1049.3247013539076 502.48989269137383 16.836245983839035 2191.2461236566305 115.73668282479048 677.77323626726866 1196.1388746798038 392.96185922622681 875.48506824672222 27.254829868674278 771.97078421711922 42.032663702964783 98.278062738478184 390.70896100997925 64.018373548984528 457.79859469085932 16.497835628688339 198.20529913902283 57.534554600715637 8.9055395200848562 2.8284508883953121 14.179912615567448 3.9701892770826808 1.7601190619170664 10.764584377408029 18.801315680146217
leaf_count=115 4777 3721 484 224 4268 2066 73 9025 630 2949 5089 1795 3619 132 3249 178 451 1734 264 1956 131 947 337 47 30 128 47 23 166 280
internal_value=-6.77368e-06 0.00158405 -0.00224962 -0.00529047 0.00721393 0.00244109 -0.0131659 -0.00906151 0.0139538 0.0116954 0.00496495 0.00707202 0.00971286 -0.0110362 0.00627163 -0.00733824 -0.00927763 -0.014308 -0.00987389 -0.000983638 -0.0244118 -0.021318 0.0337343 -0.0518702 -0.0550031 -0.0570097 -0.0573436 -0.0556889 -0.0537434 -0.0538461
internal_weight=11285.7 10068.5 5989.77 4516.44 4078.74 2387.8 1217.2 3302.19 1690.94 1517.67 1214.25 1473.33 1268.45 1158.24 1821.3 907.376 204.883 432.742 566.508 474.635 250.864 225.46 173.271 25.4034 58.9588 22.7387 18.1501 4.58857 36.2202 29.5659
internal_count=48935 42948 25464 19115 17484 9847 5987 13802 7637 6670 5313 6349 5414 5198 7517 3941 935 1912 2330 2029 1257 1079 967 178 789 228 175 53 561 446
is_linear=0
shrinkage=0.05


Tree=42
num_leaves=31
num_cat=0
split_feature=4 24 4 7 9 7 13 7 17 13 14 3 2 7 13 24 17 4 8 17 24 7 36 7 5 8 24 13 13 13
split_gain=103.423 88.8976 64.7652 63.8158 62.4015 51.8962 49.5026 45.8345 44.5358 40.4866 31.8729 29.7021 28.6901 24.4402 21.2919 19.4826 18.9674 17.7493 15.2536 15.2423 13.6663 12.2293 7.57645 6.17335 3.87809 3.05004 1.76179 0.38096 0.0582969 0.00881787
threshold=1.1275000000000002 3.1010000000000004 0.46450000000000008 0.32700000000000007 1.9110000000000003 0.53100000000000014 1.4310000000000003 0.097500000000000017 0.19600000000000004 1.2890000000000004 0.34850000000000009 0.70200000000000007 1.5000000000000002 0.17750000000000002 0.6170000000000001 2.1115000000000008 0.23650000000000002 1.0000000180025095e-35 0.18333333333333332 0.24550000000000002 3.9415000000000004 0.39650000000000007 0.40250000000000008 0.44200000000000006 -0.54349999999999998 0.81666666666666676 2.8265000000000007 0.49150000000000005 0.7965000000000001 1.0000000180025095e-35
decision_type=2 2 2 2 2 2 2 2 2 2 2 2 2 2 2 2 2 2 2 2 2 2 2 2 2 2 2 2 2 2
left_child=2 3 17 6 5 7 11 -4 15 18 -8 -2 -6 -14 -10 -5 20 27 24 -7 -11 -20 26 -24 -3 -18 -19 29 -29 -1
right_child=1 9 4 8 12 19 10 -9 14 16 -12 -13 13 -15 -16 -17 25 22 21 -21 -22 -23 23 -25 -26 -27 -28 28 -30 -31
leaf_value=-0.053539687844098176 -0.02017985428824556 0.031661578655440475 -0.037004309185120411 -0.017554985541973826 0.055778558896344414 -0.0066505749826125914 -0.043886661543875466 -0.0094245125968342915 -0.014817999531736398 0.0155580346706137 0.0053647308700122765 -0.0039304482200842603 -0.0047688008303072085 0.0081395783444569818 0.018738165770823531 0.0056703671416230284 0.049016545192766624 -0.041200463846359496 0.0078248065917093344 0.03383639865127655 0.049488984445309456 0.03216210346092762 -0.024477146737605843 0.0068849463462705585 0.086714303992477787 0.020073449887280673 -0.072699953547815208 -0.058826466189974329 -0.064083608668422901 -0.057434680722525701
leaf_weight=37.466192040592432 319.14760883897543 5.4626317098736763 161.63966622948647 147.96104307472706 25.499397322535515 31.971588239073753 33.409194923937321 2214.3874068930745 49.952873878180981 157.98896941542625 1959.6989126130939 2366.6682817786932 670.80772021412849 808.83685259521008 881.03938725590706 231.68037927150726 117.21104583144188 10.890786342322828 691.25815106928349 85.18469525128603 36.538742490112782 55.782883562147617 99.575963355600834 18.626083001494408 7.719299450516699 9.8687732219696027 7.4932153522968283 8.9040520451962966 12.932465732097624 1.5117126628756512
leaf_count=609 1420 27 855 630 275 136 298 9307 224 736 8318 9768 2827 3391 3751 973 647 55 2870 496 245 245 464 84 33 45 38 72 82 14
internal_value=-6.86115e-06 0.00368312 -0.00622587 0.00130055 -0.00484558 -0.00969891 -0.00143097 -0.0113007 0.011052 0.0168742 0.00453916 -0.00586132 0.00319369 0.00228747 0.0169377 -0.00338146 0.0317457 -0.0341836 0.0105829 0.0227876 0.0219314 0.00964212 -0.0241793 -0.0195352 0.0639003 0.0467689 -0.0540395 -0.0566528 -0.06194 -0.0536908
internal_weight=11267.1 7071.39 4195.73 5989.56 3998.33 2493.18 4678.92 2376.03 1310.63 1081.83 1993.11 2685.82 1505.14 1479.64 930.992 379.641 321.608 197.4 760.223 117.156 194.528 747.041 136.586 118.202 13.1819 127.08 18.384 60.8144 21.8365 38.9779
internal_count=48935 30230 18705 25382 17287 10794 19804 10162 5578 4848 8616 11188 6493 6218 3975 1603 1673 1418 3175 632 981 3115 641 548 60 692 93 777 154 623
is_linear=0
shrinkage=0.05


Tree=43
num_leaves=31
num_cat=0
split_feature=4 3 7 4 9 4 3 24 9 17 13 17 9 7 17 13 4 11 11 9 4 24 13 24 13 24 24 13 15 24
split_gain=97.3134 84.4979 86.4382 80.0518 69.5987 39.9498 34.3288 32.547 26.0782 20.1338 17.5355 17.1181 15.0961 27.141 19.4015 12.3038 10.8968 9.51549 8.18783 6.94807 6.80554 0.509374 0.321972 0.0583516 0.0489483 0.0393075 0.0329446 0.00748919 0.000804231 0.000505077
threshold=0.72900000000000009 0.71700000000000008 0.46900000000000003 1.5085000000000002 2.2680000000000002 1.0000000180025095e-35 1.0000000180025095e-35 2.8905000000000007 0.57400000000000007 0.39000000000000007 1.3490000000000004 0.11650000000000001 2.5770000000000004 0.21250000000000002 0.15600000000000003 1.4525000000000003 0.50850000000000006 9.5000000000000018 16.500000000000004 2.7205000000000004 0.25650000000000006 0.97050000000000003 0.49150000000000005 1.4960000000000002 0.7965000000000001 1.9665000000000001 1.0000000180025095e-35 1.0000000180025095e-35 -1.1959999999999997 1.9665000000000001
decision_type=2 2 2 2 2 2 2 2 2 2 2 2 2 2 2 2 2 2 2 2 2 2 2 2 2 2 2 2 2 2
left_child=5 6 3 4 -3 22 21 -5 15 10 -4 -10 13 16 -15 -8 -7 20 -11 -19 -14 26 27 -23 28 -26 -2 29 -24 -1
right_child=1 2 9 7 -6 12 8 -9 11 18 -12 -13 17 14 -16 -17 -18 19 -20 -21 -22 23 24 -25 25 -27 -28 -29 -30 -31
leaf_value=-0.052962083878200762 -0.054041874391864753 -0.0021356894603922622 0.0054221125428550749 0.0066966013600121086 0.024361979596566219 -0.04772167758560876 -0.0083042366390765586 0.021325214475972881 -0.035618645314217823 0.045460274270833739 0.031498398343697546 -0.013054933700450969 -0.040055877711045872 -0.025947114628677825 -0.002337418412039141 0.010503034487487036 -0.023298917686149917 -0.0066602431267945988 -0.017597948815530038 -0.070285406664905001 0.01705404063113625 -0.065193227606274703 -0.058954076143176576 -0.073324181676740444 -0.057986697383689972 -0.064740816583320579 -0.058326575192531843 -0.057023060783702145 -0.057951024178257197 -0.053445054573203248
leaf_weight=6.649842493236064 24.229668803513054 6275.5043195337057 131.94916699826717 2006.115958891809 258.00232988595963 60.892306454479694 188.42209404706955 469.14869103580713 100.14976784586906 118.11751592159271 126.07064724713564 523.12169190496206 5.6219426766037932 118.70311330258846 325.95667196810246 161.49526836723089 182.72005445510149 14.814409673213961 5.3824227005243293 6.0404440462589255 72.333351045846939 6.4113086536526662 3.1893941462039948 3.3644422069191933 2.7697759568691245 9.6919599175453168 5.5056490004062644 1.4481024630367745 5.3512896113097685 29.109189704060555
leaf_count=126 356 26121 566 8423 1271 314 830 2167 464 778 566 2274 29 539 1428 703 793 62 23 25 320 39 25 18 25 57 49 14 47 483
internal_value=-6.54224e-06 0.00131913 0.00279897 0.00181176 -0.00108932 -0.0163216 -0.0124027 0.00946923 -0.0105478 0.0261098 0.0181632 -0.0166806 -0.0133656 -0.0159893 -0.00864009 0.000375771 -0.0294035 0.00491004 0.042712 -0.0250888 0.0129354 -0.0580903 -0.0562918 -0.0679916 -0.0612413 -0.0632396 -0.0548352 -0.053498 -0.0583256 -0.0533552
internal_weight=11248.3 10403 9390.29 9008.77 6533.51 845.292 1012.7 2475.26 973.189 381.52 258.02 623.271 787.082 688.272 444.66 349.917 243.612 98.8101 123.5 20.8549 77.9553 39.5111 58.2096 9.77575 21.0024 12.4617 29.7353 37.2071 8.54068 35.759
internal_count=48935 44648 39915 37982 27392 4287 4733 10590 4271 1933 1132 2738 3510 3074 1967 1533 1107 436 801 87 349 462 777 57 154 82 405 623 72 609
is_linear=0
shrinkage=0.05


Tree=44
num_leaves=31
num_cat=0
split_feature=13 17 24 13 11 7 14 22 7 13 13 7 3 18 15 18 11 7 30 24 11 25 40 30 2 3 22 6 1 3
split_gain=83.4513 77.4267 75.4807 69.3314 45.7669 43.9901 37.3997 43.5165 30.8987 27.2739 16.1867 15.1908 14.3353 12.6226 9.39152 8.09382 7.56265 7.09926 9.64275 8.59432 6.23679 5.61016 3.92413 1.99235 0.0583985 0.00383716 0.00400549 0.00106618 0.00042227 4.1846e-05
threshold=0.55800000000000016 0.44200000000000006 2.1115000000000008 1.5085000000000002 1.5000000000000002 0.14550000000000002 0.26150000000000007 -0.96666666666666645 0.43400000000000005 1.0000000180025095e-35 1.1405000000000001 0.70700000000000007 2.0575000000000006 0.70000000000000007 -1.2454999999999998 0.29999999999999999 11.500000000000002 0.42600000000000005 1.5635000000000001 2.3335000000000004 2.5000000000000004 506.50000000000006 0.74150000000000016 1.4755000000000003 1.5000000000000002 0.65100000000000013 0.76388888888888895 0.32700000000000007 2.5000000000000004 1.9835000000000003
decision_type=2 2 2 2 2 2 2 2 2 2 2 2 2 2 2 2 2 2 2 2 2 2 2 2 2 2 2 2 2 2
left_child=9 2 6 4 -4 12 16 -8 -5 24 11 -7 14 -12 -3 17 -2 18 -11 -19 23 -22 -14 -17 28 27 -27 -26 -1 -30
right_child=1 5 3 8 -6 10 7 -9 -10 15 13 -13 22 -15 -16 20 -18 19 -20 -21 21 -23 -24 -25 25 26 -28 -29 29 -31
leaf_value=-0.052801672281857032 -0.059613421499158936 -0.10573601427254015 0.030457031823561149 0.0085908160095363503 -0.001339932161745121 0.011155931885197605 0.048560601640139769 -0.0078267771974306777 0.036983228675836262 -0.020115844218905637 0.035762021304993556 0.054033471879133245 0.060394718310862031 -0.003473347579136918 -0.013032655934304841 0.029880761109682293 -0.017711770149538762 -0.024358079402910408 0.0043464564675176993 0.020227489645102043 -0.003141726035473324 -0.040756038181453583 0.0096159644070320811 -0.013023113796254813 -0.055843974009043756 -0.057312566903787013 -0.055442198601119132 -0.054202088193918065 -0.053190436513345096 -0.053323001940972538
leaf_weight=5.7763383500278023 40.781295448541641 2.8038388714194289 115.54450214654207 2009.493378855288 5500.2398253157735 233.41748981177807 34.733020484447479 2298.8169718533754 100.62251750379801 229.94807688891888 247.06861422583461 22.66217952594161 8.0256543457508069 22.353707883507013 106.6680531129241 4.6947442516684514 14.632046617567537 16.424603186547756 48.842062249779701 31.609516590833664 11.708852980285881 64.635561678558588 7.2341579347848883 6.3874483332037926 2.6428074650466469 13.409022685140373 3.639382228255271 1.5797910019755361 9.3590066470205802 16.357342056930065
leaf_count=115 465 14 692 8601 22737 1014 240 9755 463 1070 1206 226 36 95 484 21 77 74 222 139 69 383 33 30 30 128 47 23 166 280
internal_value=-6.63701e-06 0.000891024 -0.000184107 0.0022177 -0.000685711 0.0176155 -0.00795154 -0.0069875 0.00994473 -0.0206985 0.0239515 0.0149504 -0.0090784 0.0325067 -0.015407 -0.0163862 -0.0485492 -0.0127714 -0.0158302 0.00498207 -0.0298991 -0.0349872 0.0363222 0.00515224 -0.0545551 -0.0565791 -0.0569133 -0.0552297 -0.053188 -0.0532748
internal_weight=11232.1 10765.1 10114.9 7725.9 5615.78 650.234 2388.96 2333.55 2110.12 467.015 525.502 256.08 124.732 269.422 109.472 414.251 55.4133 326.824 278.79 48.0341 87.4266 76.3444 15.2598 11.0822 52.7637 21.271 17.0484 4.2226 31.4927 25.7163
internal_count=48935 46138 43030 32493 23429 3108 10537 9995 9064 2797 2541 1240 567 1301 498 2008 542 1505 1292 213 503 452 69 51 789 228 175 53 561 446
is_linear=0
shrinkage=0.05


Tree=45
num_leaves=30
num_cat=0
split_feature=4 24 7 4 17 4 13 3 3 4 7 9 9 7 4 7 17 24 13 19 9 17 4 13 13 24 13 14 24
split_gain=91.1771 86.6373 72.6336 61.7801 47.1962 44.3966 41.9513 41.6378 31.2548 29.8952 28.3092 22.6632 21.0451 26.6028 18.8945 20.168 16.6999 15.1693 12.1792 11.5406 11.4151 10.8693 10.4885 0.2802 0.0398942 0.0326435 0.00655161 0.000778084 0.00036692
threshold=0.85450000000000015 3.1010000000000004 0.32700000000000007 1.4260000000000004 0.18350000000000002 1.0000000180025095e-35 0.96100000000000008 0.49150000000000005 0.58950000000000002 1.4460000000000002 0.56350000000000011 2.0440000000000005 1.9025000000000001 0.26200000000000007 0.66100000000000014 0.31900000000000006 0.15900000000000003 1.2070000000000003 1.6830000000000001 1.3490000000000004 2.2680000000000002 0.46000000000000008 0.50850000000000006 0.49150000000000005 0.7965000000000001 1.9665000000000001 1.0000000180025095e-35 1.9835000000000003 1.9665000000000001
decision_type=2 2 2 2 2 2 2 2 2 2 2 2 2 2 2 2 2 2 2 2 2 2 2 2 2 2 2 2 2
left_child=5 2 3 8 17 23 19 -5 -2 11 -6 -8 13 22 21 -16 -15 -4 -11 20 -3 -14 -7 26 27 -26 28 -25 -1
right_child=1 6 4 7 10 12 9 -9 -10 18 -12 -13 14 16 15 -17 -18 -19 -20 -21 -22 -23 -24 24 25 -27 -28 -29 -30
leaf_value=-0.052664222864202914 -0.036954813655324929 0.00088946909589538478 -0.053041874955364846 -0.030970495509290642 0.010774856366866014 -0.063325629838974759 0.0080779105883205509 0.0031194750753768333 -0.0073106078130447663 0.026314676403352208 0.038763865395545882 0.025252069485615238 -0.016639622551476194 -0.029653014002481732 -0.0028766066619248204 0.025112218005778272 -0.0035061267857665109 -0.0037107050915001884 0.052351913104700415 -0.070057007788723327 0.030968109219951964 0.011238635394220672 -0.027566439436388153 -0.057531109186481813 -0.057547353502114623 -0.063825388811996078 -0.056543818128574501 -0.058537084579361298 -0.053095796226482729
leaf_weight=6.0490230731666079 91.645961165428162 674.99219530075788 16.115047067403793 92.56977566704154 1285.5081331916153 23.060509242117405 673.61484660953283 2766.4055271968246 2984.3694912567735 192.03286022692919 97.171472311019897 268.72303469479084 325.35353151708841 77.70915099978447 436.44824586063623 75.496001027524471 285.16909144073725 472.34884410351515 58.623319815844297 5.5546840578317633 33.089324086904526 39.172749407589436 185.1084846034646 5.1233565211296099 2.6604209020733824 9.3389446884393674 1.371183831244706 3.0763499885797501 26.502902571111917
leaf_count=126 543 2792 97 596 5458 137 2855 11663 12428 915 579 1321 1451 348 1830 319 1237 1985 452 24 138 176 814 47 25 57 14 25 483
internal_value=-6.53637e-06 0.00176617 -0.000567647 -0.00327574 0.00802204 -0.0114726 0.0113213 0.00201569 -0.00819382 0.0170575 0.0127419 0.0129754 -0.00981016 -0.0172792 -0.00494384 0.00125088 -0.00910539 -0.0053382 0.0324042 0.00173191 0.00229507 -0.0136438 -0.0315278 -0.0559343 -0.0605966 -0.0624335 -0.0531582 -0.0579085 -0.0530156
internal_weight=11214.4 9712.76 7806.13 5934.99 1871.14 1501.64 1906.63 2858.98 3076.02 1192.99 1382.68 942.338 1447.52 571.047 876.471 511.944 362.878 488.464 250.656 713.636 708.082 364.526 208.169 54.1222 20.1991 11.9994 33.9231 8.19971 32.5519
internal_count=48935 41846 33349 25230 8119 7089 8497 12259 12971 5543 6037 4176 6312 2536 3776 2149 1585 2082 1367 2954 2930 1627 951 777 154 82 623 72 609
is_linear=0
shrinkage=0.05


Tree=46
num_leaves=31
num_cat=0
split_feature=4 3 4 6 3 7 17 7 24 3 19 36 6 4 32 6 24 36 24 3 36 30 7 23 7 17 1 24 2 19
split_gain=85.5124 74.0562 54.567 53.8544 51.3663 49.3757 47.657 39.5681 37.553 26.4315 21.6763 19.4805 18.2687 16.9112 15.2092 14.719 11.8739 8.69712 8.08993 7.24908 7.20137 5.9959 5.58272 5.36973 5.31445 4.69144 2.09401 0.221336 0.193865 0.0240581
threshold=1.2195000000000003 0.87250000000000016 0.46450000000000008 0.097500000000000017 1.9245000000000003 0.093000000000000013 0.18050000000000002 0.39650000000000007 3.1010000000000004 0.33900000000000002 0.39650000000000007 0.35000000000000003 0.10150000000000002 1.0000000180025095e-35 0.5525000000000001 0.84400000000000008 1.7145000000000004 0.56850000000000012 1.7835000000000003 1.0000000180025095e-35 0.40250000000000008 1.4400000000000002 0.10400000000000001 0.20749999999999999 0.44200000000000006 0.49150000000000005 12.500000000000002 0.97050000000000003 1.5000000000000002 0.96500000000000008
decision_type=2 2 2 2 2 2 2 2 2 2 2 2 2 2 2 2 2 2 2 2 2 2 2 2 2 2 2 2 2 2
left_child=2 9 13 18 5 16 -7 8 -5 19 15 22 -13 28 -12 -6 -4 -9 25 27 26 -21 -11 -20 -22 -3 -15 -2 -1 -30
right_child=1 3 4 7 10 6 -8 17 -10 11 14 12 -14 20 -16 -17 -18 -19 23 21 24 -23 -24 -25 -26 -27 -28 -29 29 -31
leaf_value=-0.052866776955166762 -0.05416623286058591 -0.00079134680196219604 -0.053106172747771199 0.0026296510860712029 0.009259612722744847 -0.013377412886833924 -0.00093906168675559211 0.018895561269738983 0.015114489631814854 -0.052567247613539071 -0.0011639712535751114 0.0077700114073448821 -0.0054319694018547882 -0.031524409606702802 0.013134578386543689 0.055303671329589681 -0.021520366425045137 0.03884185168340621 0.046100893492109912 -0.045624692113280928 -0.022102843970661697 -0.011759819764997397 -0.019088675107961459 0.016635583448302762 0.0070860066461931118 0.043950930187657423 -0.066368778421921557 -0.064948741457260581 -0.05743843311640822 -0.060665726974744795
leaf_weight=28.664680898189545 15.57578317821026 20.059289515018467 33.146790962666273 3248.9389037266374 31.930259674787521 1069.3356140032411 2751.8575978577137 244.64088376611471 739.37922396510839 14.086405523121355 418.31959534436464 350.98328795284033 1034.0611375570297 7.4496672824025181 334.84729815274477 38.028913170099258 290.72774709016085 70.370003312826157 107.36378613114357 20.368606857955456 97.759087786078453 36.479884102940559 107.3467678129673 18.063637927174568 18.55391326546669 8.2760436534881574 10.236461661756037 6.8536279723048201 11.770961035043003 11.335749745368956
leaf_count=561 244 87 300 13494 151 4529 11669 1057 3298 65 1762 1488 4339 40 1407 345 1267 323 776 103 464 178 464 91 84 36 53 44 127 89
internal_value=-6.47578e-06 0.00402893 -0.00473785 0.00733051 -0.00374301 -0.00600858 -0.00441985 0.0062916 0.00494417 -0.00525085 0.00766586 -0.00377001 -0.00208646 -0.0313436 0.00519296 0.0342886 -0.024753 0.0233513 0.0364063 -0.0333904 -0.0219666 -0.0238935 -0.0229722 0.0418574 -0.0174467 0.0122768 -0.0516918 -0.057461 -0.0556138 -0.0590217
internal_weight=11196.8 6042.85 5153.96 4457.09 4968.19 4145.07 3821.19 4303.33 3988.32 1585.76 823.126 1506.48 1385.04 185.771 753.167 69.9592 323.875 315.011 153.763 79.2779 133.999 56.8485 121.433 125.427 116.313 28.3353 17.6861 22.4294 51.7714 23.1067
internal_count=48935 26087 22848 19162 21430 17765 16198 18172 16792 6925 3665 6356 5827 1418 3169 496 1567 1380 990 569 641 281 529 867 548 123 93 288 777 216
is_linear=0
shrinkage=0.05


Tree=47
num_leaves=31
num_cat=0
split_feature=13 17 7 4 6 4 3 3 36 3 11 36 17 4 7 59 3 36 14 18 4 25 42 4 15 4 31 13 14 14
split_gain=79.4045 78.7023 57.7763 40.3698 44.6189 38.8795 32.2083 32.196 30.6405 30.1851 28.9872 25.943 25.6904 21.282 17.4268 16.8087 13.8657 14.4009 12.6164 12.1024 11.5668 10.0126 7.91333 4.46678 4.02324 3.95182 6.01292 0.598769 0.108114 0.0119717
threshold=1.8545000000000003 0.17500000000000002 0.29800000000000004 0.46450000000000008 0.87250000000000016 1.413 0.7380000000000001 1.1775000000000002 0.40250000000000008 0.93550000000000011 6.5000000000000009 0.46500000000000008 0.23900000000000002 1.6450000000000002 0.17500000000000002 27.500000000000004 1.0000000180025095e-35 0.46500000000000008 1.5540000000000003 0.25833333333333336 0.7400000000000001 510.50000000000006 0.25450000000000006 1.4690000000000003 1.2245000000000001 0.25650000000000006 0.79550000000000021 0.71100000000000008 0.82700000000000007 0.26150000000000007
decision_type=2 2 2 2 2 2 2 2 2 2 2 2 2 2 2 2 2 2 2 2 2 2 2 2 2 2 2 2 2 2
left_child=1 3 5 25 11 7 16 -3 18 -7 20 -5 15 -10 -14 -12 28 23 -4 -6 21 -8 -19 -18 -22 27 -27 -1 29 -2
right_child=6 2 8 4 19 9 10 -9 13 -11 12 -13 14 -15 -16 -17 17 22 -20 -21 24 -23 -24 -25 -26 26 -28 -29 -30 -31
leaf_value=-0.051947404577185996 -0.053004883810871518 -0.01421406166594082 -0.0098919781687125136 -0.014810275009556159 0.052863293269110448 -0.0047944826508110111 0.033847222258193956 -0.0023585555253159735 0.0083047232267384769 0.0086709321765117246 0.0088569659317828797 -0.0046089000515087295 0.004982906897562896 0.023955649500918663 0.029939113097509181 -0.016250291001527136 -0.028056667360276268 0.032758115551542101 0.014671288344033986 0.0085366277449569709 0.051263599028669504 -0.040634794390737285 -5.3201050249849747e-05 -0.0066881615878861544 0.029935140006279323 -0.0453822492154013 0.0002832193395359114 -0.065726399973863966 -0.066216947599537321 -0.057129694255707963
leaf_weight=28.758494697511196 10.011187758296726 767.68918348476291 295.37425689399242 1064.1050228327513 35.826343223452568 645.65831293165684 10.246841415762903 2254.239092733711 1617.6007874980569 1171.0529425218701 676.63274299353361 1504.193446803838 97.57916758954525 250.89562873542309 247.07185982912779 73.946688368916512 47.208771869540215 28.464422017335892 63.517397552728653 27.00602100789547 67.391946896910667 8.0623891055583936 51.848120003938675 50.742943696677685 32.906642258167267 26.333019576966763 9.9257133454084379 10.862275846302508 2.02192099392414 2.1340681537985793
leaf_count=521 189 3304 1316 4665 323 2722 45 9419 7035 4904 2861 6418 421 1115 1073 307 214 123 273 135 569 35 229 223 217 133 45 69 12 20
internal_value=-6.36271e-06 -0.00160483 0.00117236 -0.00885406 -0.00781714 -0.0018952 0.0111024 -0.00537032 0.00783615 0.00388533 0.0141152 -0.00883556 0.0115725 0.0104063 0.0228734 0.00638341 -0.00790235 -0.00411869 -0.00554472 0.0338112 0.0375948 0.00104939 0.0115758 -0.0169869 0.044266 -0.0448093 -0.0328815 -0.055725 -0.0555118 -0.0537297
internal_weight=11179.3 9773.04 7066.03 2707.01 2631.13 4838.64 1406.27 3021.93 2227.39 1816.71 1213.84 2568.3 1095.23 1868.5 344.651 750.579 192.431 178.264 358.892 62.8324 118.608 18.3092 80.3125 97.9517 100.299 75.8795 36.2587 39.6208 14.1672 12.1453
internal_count=48935 42397 30088 12309 11541 20349 6538 12723 9739 7626 5528 11083 4662 8150 1494 3168 1010 789 1589 458 866 80 352 437 786 768 178 590 221 209
is_linear=0
shrinkage=0.05


Tree=48
num_leaves=30
num_cat=0
split_feature=4 3 6 4 9 17 4 7 7 14 3 9 12 6 7 36 33 2 14 13 3 30 44 13 14 13 13 13 3
split_gain=76.1926 63.7254 50.7407 48.2363 39.1855 42.4539 37.1965 36.0019 34.9785 26.5173 24.9388 24.2282 22.5744 19.9752 17.3504 15.4492 11.3505 10.9316 7.83064 12.6166 7.29002 5.56029 2.41712 0.189061 0.177658 0.0271673 0.00804724 0.00451321 0.00010108
threshold=1.1275000000000002 0.9425 0.12250000000000001 1.0000000180025095e-35 1.9110000000000003 0.22900000000000004 0.7400000000000001 0.27100000000000007 0.53100000000000014 0.64500000000000013 0.33900000000000002 2.4630000000000005 14.500000000000002 0.30900000000000005 0.093000000000000013 0.35000000000000003 0.13000000000000003 3.5000000000000004 1.3470000000000002 1.5085000000000002 1.0000000180025095e-35 1.4400000000000002 0.5465000000000001 0.49150000000000005 0.82700000000000007 1.2405000000000002 0.7965000000000001 1.0000000180025095e-35 0.65100000000000013
decision_type=2 2 2 2 2 2 2 2 2 2 2 2 2 2 2 2 2 2 2 2 2 2 2 2 2 2 2 2 2
left_child=3 10 18 23 5 14 17 9 -7 -4 20 -8 -9 15 -5 -12 -15 -6 19 -3 24 -22 -20 27 -2 26 -25 28 -1
right_child=1 2 7 4 6 8 11 12 -10 -11 13 -13 -14 16 -16 -17 -18 -19 22 -21 21 -23 -24 25 -26 -27 -28 -29 -30
leaf_value=-0.052406312404132377 -0.053764333889993403 0.0057397190223566598 -0.021829543521197314 -0.035453871756218135 0.0045125891879061021 -0.0049264023334742125 0.0044343675132778098 0.018902382962693962 0.026702226326829188 0.0032246229242395203 -0.016920998010162471 0.030766548768458919 0.0065985738935114687 -0.054935893806601792 -0.013887124290924502 -0.00013390900015904396 -0.014559368242559174 -0.012800680096224606 0.052428461525075236 0.040977346431726416 -0.043065728796319466 -0.010768540188211434 0.014301309809575875 -0.056884531480278666 -0.063658012380702886 -0.06224782230759917 -0.059386494202303158 -0.055694725139024286 -0.052645318772384077
leaf_weight=5.4724804423749509 14.200914498418571 44.127727963030338 109.41190145909786 102.47703013941646 115.22677989304066 1267.1924579925835 951.15481340140104 635.88340140879154 93.890749871730804 3040.1012795642018 148.56863083690405 96.189081236720085 901.07614555954933 19.601640768349171 1036.4561168029904 1768.5051537007093 155.38510026037693 436.75121727585793 50.792003139853477 59.860570818185806 20.871131859719753 36.863934561610222 4.5274329632520667 7.3876352421939391 6.6679368019103995 5.1923880204558364 5.6885375156998634 1.2283922247588623 23.082406558096409
leaf_count=125 243 208 469 600 540 5377 3963 2792 550 12837 646 598 3726 89 4400 7393 670 1900 385 406 107 181 33 72 45 35 47 14 484
internal_value=-5.99302e-06 0.00316977 0.00635898 -0.00537867 -0.00479487 -0.00870483 0.00131708 0.00541565 -0.00274458 0.00235426 -0.00394979 0.00685274 0.011689 -0.00291095 -0.0158276 -0.00143487 -0.0190823 -0.00918649 0.0341095 0.0260242 -0.0315986 -0.0224439 0.0493081 -0.0551835 -0.0569255 -0.059188 -0.057973 -0.0527272 -0.0525995
internal_weight=11163.8 7016.44 4845.78 4147.39 4099.34 2500.02 1599.32 4686.47 1361.08 3149.51 2170.66 1047.34 1536.96 2092.06 1138.93 1917.07 174.987 551.978 159.308 103.988 78.6039 57.7351 55.3194 48.0518 20.8689 18.2686 13.0762 29.7833 28.5549
internal_count=48935 30230 20856 18705 17928 10927 7001 19824 5927 13306 9374 4561 6518 8798 5000 8039 759 2440 1032 614 576 288 418 777 288 154 119 623 609
is_linear=0
shrinkage=0.05


Tree=49
num_leaves=31
num_cat=0
split_feature=13 24 13 16 4 24 24 7 4 4 39 2 24 9 3 4 11 3 13 16 16 3 5 28 9 20 44 4 3 37
split_gain=75.6073 52.2563 50.4024 71.2644 41.9346 36.6061 31.9245 30.9154 29.2381 28.2961 25.4957 23.8044 23.7368 27.1945 26.0699 19.3874 17.2059 16.9065 16.3184 15.2842 11.0703 8.70437 5.82272 3.9156 5.13113 2.35099 0.672014 0.0786295 0.00416959 0.000207686
threshold=1.2245000000000001 2.2515000000000005 0.49150000000000005 0.10400000000000001 1.2155000000000002 2.3895000000000004 2.9535000000000005 0.31100000000000005 1.3725000000000003 0.85950000000000004 2.7270000000000008 1.5000000000000002 0.97050000000000003 0.50850000000000006 0.57400000000000007 0.25650000000000006 8.5000000000000018 0.49150000000000005 1.0000000180025095e-35 0.32050000000000006 0.15600000000000003 1.8870000000000002 -0.75449999999999984 0.65450000000000019 0.20700000000000005 -1.4999999999999998 0.51150000000000018 1.0000000180025095e-35 0.65100000000000013 0.52550000000000019
decision_type=2 2 2 2 2 2 2 2 2 2 2 2 2 2 2 2 2 2 2 2 2 2 2 2 2 2 2 2 2 2
left_child=2 12 18 11 7 8 10 19 -5 -7 -6 29 23 17 -15 -13 -8 -14 27 -3 22 -9 -20 26 -25 -22 -2 -1 -29 -4
right_child=1 4 3 5 6 9 16 21 -10 -11 -12 15 13 14 -16 -17 -18 -19 20 -21 25 -23 -24 24 -26 -27 -28 28 -30 -31
leaf_value=-0.052466323388442253 -0.057579338759524951 0.011895278840507431 0.054208404399289867 -0.019727186154345964 0.012112766642689158 -0.013045379046515496 0.041158827657335459 0.011297602765961305 -0.0051561742353102525 -0.00029807794503426319 -0.011410754088380911 -0.059204121578496333 -0.012324136820355713 -0.026066924595871649 -0.0016972233605537753 0.01221977710559493 0.019027972958240987 0.020275087934248631 0.012014832463345129 -0.0033469019708431769 -0.053511138048792421 0.031784846406367022 -0.018290616625489101 -0.056560458259588914 0.039221939529921784 -0.024538163298243799 -0.037188667896807311 -0.055182685845732687 -0.057124064437598321 0.054458601786192773
leaf_weight=27.229460522532463 20.366340331733234 192.01292970776558 18.660090431571007 660.24633992835879 1074.6294912174344 520.30812467634678 124.79459498077631 384.3574171513319 719.40171804651618 2665.911534525454 129.01565212756395 9.6773416548967344 49.045147553086281 116.21485502272844 1970.8364982381463 521.65657643228769 296.47112186253071 210.3568350225687 17.990844011306763 1146.6031787693501 25.955630552023649 59.929183214902878 133.18599716573954 2.7207809649407855 2.8765155002474785 9.5882110297679883 5.0407832600176325 3.4311180002987411 14.262173246592281 14.931176610291002
leaf_count=609 242 793 261 3095 4585 2282 859 1610 3064 10944 554 82 221 533 8153 2239 1380 1014 78 4715 166 264 626 40 18 62 67 43 137 199
internal_value=-5.92519e-06 0.00395848 -0.00428293 -0.00325294 0.00792762 -0.0053257 0.0137375 0.00263258 -0.0121293 -0.00237971 0.00959134 0.0134996 -0.00173082 -0.00115653 -0.00305422 0.0109189 0.025584 0.0141116 -0.0270967 -0.00116054 -0.0205874 0.0140611 -0.0146841 -0.0451938 -0.00733677 -0.0456955 -0.0535338 -0.0541525 -0.0567476 0.0543196
internal_weight=11147.7 5785.27 5362.44 5130.79 3407.81 4565.87 1624.91 1782.9 1379.65 3186.22 1203.65 564.925 2377.46 2346.45 2087.05 531.334 421.266 259.402 231.643 1338.62 186.721 444.287 151.177 31.0044 5.5973 35.5438 25.4071 44.9228 17.6933 33.5913
internal_count=48935 25048 23887 22166 14760 19385 7378 7382 6159 13226 5139 2781 10288 9921 8686 2321 2239 1235 1721 5508 932 1874 704 367 58 228 309 789 180 460
is_linear=0
shrinkage=0.05


Tree=50
num_leaves=31
num_cat=0
split_feature=13 17 24 13 11 13 7 7 24 19 3 13 14 2 11 6 7 13 24 15 14 24 19 5 3 5 39 2 3 36
split_gain=69.9088 64.3244 44.8932 43.8767 49.0652 35.7178 34.5431 31.3009 28.5131 24.5517 23.5822 21.3754 17.9925 17.3155 16.5635 15.1963 13.8827 13.2625 12.9368 12.8374 12.7834 11.222 7.23909 6.4745 6.03134 5.25218 0.729773 0.0549115 0.00325666 0.000176433
threshold=1.1060000000000001 0.32700000000000007 2.1115000000000008 0.40350000000000003 1.5000000000000002 1.9300000000000004 0.097500000000000017 0.28300000000000008 2.5465000000000004 0.65100000000000013 0.70200000000000007 1.7805000000000002 1.0000000180025095e-35 1.5000000000000002 7.5000000000000009 0.25450000000000006 0.21950000000000003 1.0000000180025095e-35 1.6035000000000001 -1.4914999999999998 0.75450000000000006 1.7315000000000003 0.77550000000000019 -0.46899999999999992 0.49150000000000005 -0.75449999999999984 2.5030000000000006 1.5000000000000002 0.65100000000000013 0.47450000000000003
decision_type=2 2 2 2 2 2 2 2 2 2 2 2 2 2 2 2 2 2 2 2 2 2 2 2 2 2 2 2 2 2
left_child=3 2 11 17 13 9 18 10 -8 -4 23 15 -13 29 24 -2 -7 27 -6 -15 -12 -16 25 -3 -9 -19 -24 -1 -29 -5
right_child=1 7 5 4 6 16 8 14 -10 -11 20 12 -14 19 21 -17 -18 22 -20 -21 -22 -23 26 -25 -26 -27 -28 28 -30 -31
leaf_value=-0.052344125847079717 -0.005842967304543604 -0.016453982007812434 0.047102118337488327 0.054222361090625504 -0.046462552545022837 0.0077062480398582744 -0.0093475064209135369 -0.0040341558914489938 -2.494462959808818e-05 0.0011965051789279539 -0.010285160104928699 -0.056332575847707234 0.002380107042183173 -0.00084196401883096278 -0.0019703462567062595 -0.018554773260768622 0.023520225544286177 0.011586505997436415 -0.015687025233588218 0.027253562119063685 0.011260532335972974 0.020404296897570465 -0.036327742936902323 -0.070969933102878677 0.04116317907165809 -0.021174821413082009 -0.058249433080964731 -0.054612099371035838 -0.05626848499010513 0.053986405983042066
leaf_weight=23.952967673540115 579.29352013766766 66.117421843111515 29.389448881149292 14.263289906084536 37.245682764798403 288.60729398950934 1307.485248580575 7.9056421443819991 2200.692672945559 3257.1245945990086 76.827817663550377 13.350588880479334 577.09953484684229 77.445584818720818 65.142672955989838 395.70181785523891 267.33173839002848 14.042573362588881 410.48162873461843 85.591655373573303 662.49369568377733 401.046909481287 5.5129929110407856 5.9351651519536963 111.27242956310511 94.970494877547026 12.193177402019499 3.6836913488805321 15.263022318482397 17.821171343326569
leaf_count=561 2468 295 134 199 333 1352 5673 40 9156 13538 325 224 2558 357 276 1688 1175 62 1778 407 2813 1714 39 28 687 475 91 53 175 261
internal_value=-5.78337e-06 0.00315251 0.000681926 -0.00497982 -0.00396129 0.0035897 -0.00516857 0.0127181 -0.00349943 0.00160701 0.00636048 -0.00645533 0.00105256 0.0205152 0.0215303 -0.0110021 0.0153106 -0.0299058 -0.0182472 0.0139077 0.00902158 0.0172778 -0.021771 -0.0209446 0.038165 -0.0169547 -0.0514239 -0.0539351 -0.0559464 0.0540913
internal_weight=11125.3 6804.64 5407.9 4320.65 4151.03 3842.45 3955.91 1396.74 3508.18 3286.51 811.374 1565.45 590.45 195.122 585.368 974.995 555.939 169.619 447.727 163.037 739.322 466.19 126.719 72.0526 119.178 109.013 17.7062 42.8997 18.9467 32.0845
internal_count=48935 29315 23137 19620 18164 16199 16940 6178 14829 13672 3461 6938 2782 1224 2717 4156 2527 1456 2111 764 3138 1990 667 323 727 537 130 789 228 460
is_linear=0
shrinkage=0.05


Tree=51
num_leaves=29
num_cat=0
split_feature=4 24 17 13 7 4 13 4 39 4 17 9 7 9 36 4 23 25 17 19 22 4 19 13 13 13 13 24
split_gain=67.0708 66.3104 60.5324 55.4089 47.3137 35.6939 33.1407 32.5127 26.4502 24.348 23.7531 17.9888 22.4213 16.8319 15.9917 15.0091 17.5652 13.9196 13.3157 10.4619 10.1985 10.0026 5.47195 0.156598 0.0278086 0.00630476 0.00377245 6.56362e-05
threshold=0.85450000000000015 3.1010000000000004 0.30200000000000005 1.7610000000000003 0.16350000000000003 1.0000000180025095e-35 0.96100000000000008 1.3870000000000002 2.5985000000000005 1.8365000000000002 0.44200000000000006 1.9025000000000001 0.26200000000000007 2.3585000000000007 0.37300000000000005 0.66100000000000014 0.21400000000000008 506.50000000000006 0.15900000000000003 1.3490000000000004 0.56944444444444453 0.50850000000000006 1.0725000000000002 0.49150000000000005 1.2405000000000002 0.7965000000000001 1.0000000180025095e-35 1.9665000000000001
decision_type=2 2 2 2 2 2 2 2 2 2 2 2 2 2 2 2 2 2 2 2 2 2 2 2 2 2 2 2
left_child=5 2 3 7 14 23 19 -2 -5 13 -6 12 21 -8 -4 17 -17 -13 -14 20 -3 -7 -11 26 25 -25 27 -1
right_child=1 6 4 8 10 11 9 -9 -10 22 -12 15 18 -15 -16 16 -18 -19 -20 -21 -22 -23 -24 24 -26 -27 -28 -29
leaf_value=-0.052053776525113352 -0.010237054513860706 0.0051998300651113294 -0.036822760152019678 0.013306291612311425 0.006992320913112378 -0.060895978190196889 0.011548784677267793 -0.0015033899915100454 -0.0011370571400112629 0.055833010279849965 0.020899269212227255 0.012440259763904685 -0.026613729675634648 0.035961124424891425 -0.0050909609724594787 0.017352360958435977 -0.0039739241264197273 -0.015881109733021339 -0.0030502679931825281 -0.067405892398146913 -0.0091928228002925178 -0.024976638727480807 0.028601755480684967 -0.056212102529044433 -0.061645085207852925 -0.058508455695096523 -0.055173120119265395 -0.05226016615747292
leaf_weight=4.7727632373571458 2221.6944775022566 547.41981948167086 44.19266814365983 614.07479741796851 1382.373873911798 21.692482318729162 1019.3085844516754 2047.836532227695 655.18151513487101 38.782202433794737 394.71044221892953 50.477373369038105 76.048784922808409 75.863216876983643 391.00682995095849 129.42847917973995 380.11570031940937 308.77598229423165 283.30645851045847 5.4772916734218589 158.78277063369751 181.97072567045689 35.184413902461529 6.8287856318056601 5.0082843229174605 5.3158463351428509 1.1311476193368424 19.971927613019943
leaf_count=126 9453 2268 203 2778 5819 137 4462 8573 2901 304 1928 230 348 538 1694 531 1618 1397 1237 24 662 814 239 72 35 47 14 483
internal_value=-5.62648e-06 0.00151478 -0.000528825 -0.00332135 0.00646267 -0.0099351 0.00993673 -0.00604804 0.00585073 0.015115 0.0100812 -0.00858666 -0.0155485 0.0132398 -0.00831319 -0.00407507 0.00144313 -0.0119018 -0.0080369 0.00142989 0.00196378 -0.0288025 0.0428797 -0.0548053 -0.0585101 -0.0572172 -0.0523494 -0.0522204
internal_weight=11106.7 9631.89 7751.07 5538.79 2212.28 1474.84 1880.82 4269.53 1269.26 1169.14 1777.08 1431.82 563.018 1095.17 435.199 868.798 509.544 359.253 359.355 711.68 706.203 203.663 73.9666 43.0288 17.1529 12.1446 25.8758 24.7447
internal_count=48935 41846 33349 23705 9644 7089 8497 18026 5679 5543 7747 6312 2536 5000 1897 3776 2149 1627 1585 2954 2930 951 543 777 154 119 623 609
is_linear=0
shrinkage=0.05


Tree=52
num_leaves=31
num_cat=0
split_feature=13 16 13 24 8 13 3 6 16 14 3 2 36 8 40 13 44 6 3 13 7 2 3 22 1 3 6 13 1 3
split_gain=63.0774 68.5865 49.6561 49.1237 41.8525 30.0427 24.6553 23.6676 21.5559 20.853 13.2309 11.4875 10.5292 12.1852 12.0469 8.2536 6.88123 6.54433 14.0191 4.05156 3.99766 0.04859 0.00264758 0.00241749 0.00110156 0.00157729 0.00108095 0.000637006 5.44002e-05 1.22749e-05
threshold=0.7380000000000001 0.081500000000000017 1.8545000000000003 2.1010000000000004 0.59166666666666679 1.0000000180025095e-35 0.83650000000000013 0.064500000000000016 0.24050000000000002 0.26150000000000007 1.0000000180025095e-35 1.5000000000000002 0.44400000000000006 0.25833333333333336 0.71500000000000008 0.6170000000000001 0.50700000000000012 0.19600000000000004 0.69400000000000006 0.85450000000000015 0.14550000000000002 1.5000000000000002 0.65100000000000013 0.76388888888888895 2.5000000000000004 1.9835000000000003 0.24550000000000002 1.9650000000000001 2.5000000000000004 1.9835000000000003
decision_type=2 2 2 2 2 2 2 2 2 2 2 2 2 2 2 2 2 2 2 2 2 2 2 2 2 2 2 2 2 2
left_child=5 11 3 9 -5 21 10 -8 12 -3 -4 24 13 -7 -14 20 -17 19 -19 -13 -10 28 26 -24 25 -2 -23 -26 -1 -30
right_child=1 2 6 4 -6 8 7 -9 15 -11 -12 17 14 -15 -16 16 -18 18 -20 -21 -22 22 23 -25 27 -27 -28 -29 29 -31
leaf_value=-0.051948558040514028 0.053667601226343044 -0.046906141831670536 -0.054871037561552573 0.0046454621092965149 -0.0035370975921902243 0.012027292452879125 0.045130687923528028 0.011177865920961316 -0.05660864813012062 -0.0072315296634664367 -0.0013999334148166842 0.010184176707959104 -0.014408752733162439 -0.015534291311722218 0.0027225412037639942 -0.022956019041281583 0.0058836963295582018 -0.049860937044287179 0.022760484719115723 0.057708900006349421 -0.03019296400504767 -0.055081986626376769 -0.056246221626931325 -0.054632435846667673 0.05382012289222108 0.052462676098111984 -0.053273680782604041 0.054537591418475487 -0.05209456190230341 -0.052181323907528825
leaf_weight=4.1501073017716434 11.764126114547251 33.728643015027046 12.082144718617199 3779.1552936285734 2664.5493651852012 45.195283278822899 53.99415210261941 1038.9425760880113 21.9897081553936 1833.6541632413864 272.3052094168961 5.8014571368694332 138.45595170557499 355.82324080914259 396.49226787686348 108.93201287835836 25.531259335577488 6.9315876066684714 161.05225549638271 19.756992682814598 41.078183367848396 2.1586512401700051 11.570811562240122 2.9028769098222247 18.095160990953449 3.5312973335385314 1.3390689603984354 3.7316992133855811 6.405513163655999 11.212338782846926
leaf_count=115 185 321 221 15756 11084 194 465 4513 178 7867 1187 25 607 1612 1717 515 117 31 758 132 258 28 128 47 275 79 25 49 166 280
internal_value=-5.49131e-06 0.00129125 0.000649718 -0.000807482 0.00126188 -0.0109687 0.00944279 0.0128552 -0.0094706 -0.00794813 -0.00367164 0.028237 -0.006303 -0.0124281 -0.0017114 -0.0244797 -0.0174801 0.0233502 0.0197639 0.0469214 -0.0394032 -0.0537 -0.0556242 -0.0559226 0.0537148 0.0533894 -0.0543897 0.0539428 -0.0521114 -0.0521498
internal_weight=11092.3 9919.08 9688.41 8311.09 6443.7 1173.24 1377.32 1092.94 1133.5 1867.38 284.387 230.665 935.967 401.019 534.948 197.531 134.463 193.542 167.984 25.5584 63.0679 39.7394 17.9714 14.4737 37.1223 15.2954 3.49772 21.8269 21.768 17.6179
internal_count=48935 42948 41414 35028 26840 5987 6386 4978 5198 8188 1408 1534 4130 1806 2324 1068 632 946 789 157 436 789 228 175 588 264 53 324 561 446
is_linear=0
shrinkage=0.05


Tree=53
num_leaves=31
num_cat=0
split_feature=13 24 17 17 13 16 6 24 7 7 24 13 7 6 24 13 16 20 3 21 23 32 5 7 21 0 16 24 16 24
split_gain=59.3425 48.2457 48.9625 43.8544 35.7057 39.5078 29.5095 28.6202 27.5486 24.8143 23.3865 22.6726 18.1826 17.9187 18.108 16.5199 20.5398 15.0119 14.226 13.1593 12.1767 12.1453 12.0375 11.4775 8.41476 7.68526 8.29634 6.89478 5.88072 5.50446
threshold=1.4915000000000003 2.5775000000000006 0.18650000000000003 0.28300000000000008 0.71700000000000008 0.10400000000000001 0.24550000000000002 1.8025000000000002 0.093000000000000013 0.43400000000000005 2.4190000000000005 2.2745000000000002 0.13150000000000003 0.43400000000000005 0.97050000000000003 1.0000000180025095e-35 0.036500000000000005 5.5000000000000009 0.91850000000000021 -4.4999999999999991 1.6670000000000005 0.61250000000000016 1.1315000000000002 0.11650000000000001 -16.499999999999996 14.500000000000002 0.43650000000000005 1.4040000000000001 0.55400000000000016 0.61250000000000016
decision_type=2 2 2 2 2 2 2 2 2 2 2 2 2 2 2 2 2 2 2 2 2 2 2 2 2 2 2 2 2 2
left_child=1 2 19 10 15 20 7 -4 -7 18 13 17 -8 14 -2 -3 -17 -12 23 21 -6 -1 -20 -5 -15 29 -27 -21 -13 -11
right_child=3 4 6 9 5 8 12 -9 -10 25 11 28 -14 24 -16 16 -18 -19 22 27 -22 -23 -24 -25 -26 26 -28 -29 -30 -31
leaf_value=-0.013003991865981709 -0.046897443108033426 -0.053797684581379804 -0.01077981971636368 -0.027887822787459493 0.019827633321587705 -0.011910438758279004 -0.021480820696867051 0.0079854374126006912 0.0031223370614582788 -0.059821747710971124 0.0029835508704338029 0.0056935249350786171 -0.0060199567512163937 0.034962206760886905 0.00069352206897623598 0.0056267046857493225 -0.01369139307127747 0.019283347648717735 0.017035589806039739 -0.057185241082248928 0.0660866521790862 0.034956413548128014 -0.010073930798509205 0.005000859950146817 -0.017763081280804439 0.056899895039910733 -0.038068403403875677 -0.023159454653823509 0.040438332975010378 0.041375322134297843
leaf_weight=305.88358009979129 20.297327850013971 20.395100489258766 282.5387867167592 30.911221541464329 218.27213954180479 340.35700286179781 225.81354244798422 723.50854006782174 2914.1586201414466 1.3613542765378941 977.69447089731693 15.215759590268133 1204.5366664975882 7.8631328940391532 1310.124865449965 193.38523135334253 476.9644281566143 165.11313182115555 588.40412531793118 15.462837792932985 15.217569276690481 13.795663956552742 44.010786503553391 187.05483194813132 201.17160789296031 3.5053120478987676 6.6862892881035805 400.66427329927683 61.008316438645124 103.92559861019254
leaf_count=1310 296 401 1409 139 1098 1434 1018 3144 12059 11 4272 80 5133 32 5575 875 2128 738 2571 207 155 58 192 789 854 18 33 1959 331 616
internal_value=-5.38005e-06 -0.0026105 -0.00725961 0.0051365 0.000918765 0.00297554 -0.00384588 0.00271539 0.00155021 0.0143057 0.00192599 0.0070996 -0.00846081 -0.00217077 -3.25403e-05 -0.00946717 -0.00811843 0.00533855 0.0113524 -0.0185631 0.0228425 -0.0109343 0.015149 0.000336696 -0.0157797 0.0360537 -0.00540489 -0.0244238 0.0335026 0.0400668
internal_weight=11075.3 7350.95 3172.2 3724.35 4178.75 3488.01 2436.4 1006.05 3254.52 965.86 2758.49 1219.03 1430.35 1539.46 1330.42 690.745 670.35 1142.81 850.381 735.806 233.49 319.679 632.415 217.966 209.035 115.479 10.1916 416.127 76.2241 105.287
internal_count=48935 32388 14238 16547 18150 14746 10704 4553 13493 4369 12178 5421 6151 6757 5871 3404 3003 5010 3691 3534 1253 1368 2763 928 886 678 51 2166 411 627
is_linear=0
shrinkage=0.05


Tree=54
num_leaves=30
num_cat=0
split_feature=4 24 4 17 37 13 13 24 2 14 42 24 17 4 17 13 24 8 17 16 24 32 25 5 13 13 13 59 24
split_gain=61.3533 54.1258 39.0331 35.4826 33.397 32.5731 27.8608 24.2377 26.4508 21.7098 18.1727 17.8723 17.8633 17.0974 16.7901 16.6008 15.0798 13.1743 12.697 12.5828 12.172 7.99651 4.44575 3.89735 0.135324 0.0255454 0.00633908 0.000255167 1.94605e-05
threshold=1.1275000000000002 3.1010000000000004 1.0000000180025095e-35 0.27900000000000008 0.47150000000000003 1.3585000000000003 1.2890000000000004 1.9575000000000002 1.5000000000000002 0.47350000000000003 0.25850000000000006 2.3755000000000002 0.23650000000000002 1.3870000000000002 0.49150000000000005 1.2195000000000003 3.4985000000000004 0.18333333333333332 0.08900000000000001 0.33900000000000002 3.9415000000000004 0.53400000000000014 505.50000000000006 -0.54349999999999998 0.25850000000000006 1.2405000000000002 0.7965000000000001 3.5000000000000004 1.9665000000000001
decision_type=2 2 2 2 2 2 2 2 2 2 2 2 2 2 2 2 2 2 2 2 2 2 2 2 2 2 2 2 2
left_child=2 3 24 5 14 13 17 18 -9 -7 15 -12 20 -2 16 -5 -4 23 -6 -19 -8 -16 -14 -3 27 26 -26 28 -1
right_child=1 6 4 10 7 9 12 8 -10 -11 11 -13 22 -15 21 -17 -18 19 -20 -21 -22 -23 -24 -25 25 -27 -28 -29 -30
leaf_value=-0.051829932363481393 -0.013118037994289867 0.02519351957436804 -0.0018842993464823427 0.0051020589422195242 -0.048947645968656958 -0.031742469945834101 0.010661221365086406 0.053531728251713165 -0.0065585434943532684 0.0032446860017298004 -0.0029586554771515528 0.009213517996853134 0.013428006495553597 -0.0030166471866232766 -0.0049597724180191439 0.019068896365237585 0.011830307039655343 0.009464888963741468 -0.017503083932325116 -0.01270738728306217 0.044888852149765096 0.035890642717944864 0.045152341471057039 0.082218265337697827 -0.055737845134666536 -0.060981451925704679 -0.058042520247769951 -0.0528802452816911 -0.051950580648791322
leaf_weight=4.1530868671834531 666.30078787729144 5.0234751179814339 1132.809637684375 439.08024837076664 37.009711105376482 45.345677580684423 150.82412546128035 18.45924923568964 2318.9074842520058 1995.5707225501537 689.95648849382997 535.72320890426636 12.377122841775416 1128.1648791655898 15.673174425959585 412.74100936949253 243.51946463063359 666.70087946206331 242.15469444170594 70.781323947012424 31.378427110612392 50.836336951702833 102.47874153032899 7.4249222353100759 7.289046812802555 4.7957011610269538 5.0513080842792988 0.72603171691298385 17.121443547308445
leaf_count=122 2803 27 4746 1869 301 386 736 300 9954 8555 2934 2326 76 4728 79 1781 1109 2817 1172 298 245 267 616 33 82 35 47 17 474
internal_value=-5.20836e-06 0.00285275 -0.00485844 0.000997324 -0.00437933 -0.00185333 0.0133313 -0.00774709 -0.00608398 0.00246733 0.00626006 0.00236159 0.0262907 -0.00676738 0.00172796 0.0118695 0.000542281 0.00819786 -0.0216718 0.00733686 0.0165558 0.0262641 0.0417337 0.0592063 -0.0545533 -0.0578847 -0.0566812 -0.0519585 -0.051927
internal_weight=11058.4 6959.87 4098.51 5912.88 4059.37 3835.38 1046.99 2616.53 2337.37 2040.92 2077.5 1225.68 297.058 1794.47 1442.84 851.821 1376.33 749.931 279.164 737.482 182.203 66.5095 114.856 12.4484 39.1366 17.1361 12.3404 22.0006 21.2745
internal_count=48935 30230 18705 25382 17928 16472 4848 11727 10254 8941 8910 5260 1673 7531 6201 3650 5855 3175 1473 3115 981 346 692 60 777 164 129 613 596
is_linear=0
shrinkage=0.05


Tree=55
num_leaves=31
num_cat=0
split_feature=4 7 3 24 6 13 18 16 4 6 13 0 3 24 23 13 7 13 6 31 22 24 6 14 13 3 41 39 12 29
split_gain=57.3621 46.0568 44.981 36.3703 31.8822 31.6991 30.1344 25.4936 25.2264 28.9857 24.3005 22.0832 20.4362 20.2334 20.575 17.117 16.5648 15.2102 14.5125 13.5393 10.9011 10.5227 10.369 6.57044 11.0935 5.75101 5.57279 4.0292 3.55891 1.93593
threshold=1.413 0.22900000000000004 0.9425 2.5275000000000003 0.12250000000000001 1.2790000000000001 0.78888888888888908 0.31100000000000005 0.25650000000000006 0.93100000000000016 2.0975000000000006 4.5000000000000009 0.33900000000000002 2.2145000000000006 0.27650000000000002 0.49150000000000005 0.11650000000000001 0.49150000000000005 0.31700000000000006 0.75850000000000006 -0.29999999999999988 1.7145000000000004 0.064500000000000016 1.3830000000000002 1.5085000000000002 1.0000000180025095e-35 0.50100000000000011 2.8190000000000004 5.5000000000000009 3.2075000000000005
decision_type=2 2 2 2 2 2 2 2 2 2 2 2 2 2 2 2 2 2 2 2 2 2 2 2 2 2 2 2 2 2
left_child=1 3 12 16 23 7 10 15 29 -10 -7 -8 25 14 -6 -3 21 -15 22 -18 -9 -1 -14 24 -4 -2 -20 -25 -27 -5
right_child=2 5 4 8 13 6 11 20 9 -11 -12 -13 18 17 -16 -17 19 -19 26 -21 -22 -23 -24 27 -26 28 -28 -29 -30 -31
leaf_value=-0.048267410052126099 -0.056095253243732095 -0.023041304891450596 0.0045152147835866149 -0.055393140217797815 0.0015834570943245266 0.0068886092836223586 0.018293676286676556 -0.029206999526963724 -0.0042701137277652941 0.025043366508479527 0.03261313211644476 -0.016352986395530601 0.010083804481805736 -0.024138632422931381 -0.03862493703598064 0.0016506413195298668 -0.01602266752240071 0.010692808218628683 -0.036227744556964654 -0.00088597963636081198 -0.0090894906195931775 -0.021570663273122279 -0.0017893816372601412 0.050710660785383069 0.039163418537243658 -0.0076616026838350103 -0.002880748515232109 -0.017057394446656566 -0.036569893260421586 0.007609940271942138
leaf_weight=44.570202142000198 16.389581125229597 73.881355032324791 40.218303941190243 25.038996834307913 510.45504905283451 1428.8735988736153 57.85939134657383 76.164657391607761 2074.6882888823748 87.9044832251966 98.1072106808424 224.22383332997561 219.43329169601202 31.907208509743214 33.93093279004097 1403.6309869326651 477.64131601899862 1770.8179073780775 39.014660246670246 213.88466889411211 581.05967534705997 214.77303311228752 1134.9972673505545 44.309771351516247 54.281743422150612 22.637050420045853 18.454764142632484 2.3075788915157309 20.100097134709358 1.2816974595189083
leaf_count=394 278 519 192 407 2089 6042 241 361 8770 601 440 965 958 147 152 6061 2075 7737 173 884 2500 1113 4728 382 394 118 83 17 99 15
internal_value=-4.88599e-06 -0.00269904 0.00481528 -0.00721758 0.008913 0.000898311 0.00576777 -0.00322827 -0.00367076 -0.00307859 0.00854139 -0.00924645 -0.00211598 0.00752522 -0.000922684 0.000415948 -0.0153824 0.0100763 -0.000909978 -0.011341 -0.0114209 -0.0261587 0.000134211 0.0319951 0.0244175 -0.0309145 -0.0255193 0.0473561 -0.0212577 -0.0523252
internal_weight=11042.8 7083.58 3959.26 3139.78 2488.23 3943.8 1809.06 2134.74 2188.91 2162.59 1526.98 282.083 1471.03 2347.11 544.386 1477.51 950.869 1802.73 1411.9 691.526 657.224 259.343 1354.43 141.117 94.5 59.1267 57.4694 46.6174 42.7371 26.3207
internal_count=48935 31388 17547 14259 11110 17129 7688 9441 9793 9371 6482 1206 6437 10125 2241 6580 4466 7884 5942 2959 2861 1507 5686 985 586 495 256 399 217 422
is_linear=0
shrinkage=0.05


Tree=56
num_leaves=29
num_cat=0
split_feature=4 7 13 9 4 4 37 7 22 9 9 7 6 13 39 5 16 4 4 11 13 26 30 13 13 13 13 21
split_gain=54.2228 48.368 38.3916 31.6085 34.5612 28.4789 24.4342 26.102 17.1417 15.7008 15.5689 29.5511 15.4865 15.2215 14.9008 11.2024 10.5231 10.0347 9.52663 9.42299 5.04897 3.33399 2.64805 0.107245 0.0185464 0.00443043 0.00275623 7.7044e-06
threshold=0.79050000000000009 0.32700000000000007 1.9025000000000001 2.0850000000000004 1.4260000000000004 1.0000000180025095e-35 0.55850000000000011 0.56350000000000011 0.96666666666666667 2.2455000000000003 2.4905000000000004 0.093000000000000013 0.56600000000000006 1.2245000000000001 2.5985000000000005 -0.13149999999999998 0.19100000000000003 0.54750000000000021 0.7400000000000001 9.5000000000000018 0.59200000000000008 0.47700000000000004 1.4720000000000002 0.49150000000000005 1.2405000000000002 0.7965000000000001 1.0000000180025095e-35 2.5000000000000004
decision_type=2 2 2 2 2 2 2 2 2 2 2 2 2 2 2 2 2 2 2 2 2 2 2 2 2 2 2 2
left_child=5 2 3 4 -2 23 7 13 -5 14 11 17 16 -3 -4 -13 -8 -7 19 -12 -9 -20 -11 26 25 -25 27 -1
right_child=1 6 9 8 -6 10 12 20 -10 22 18 15 -14 -15 -16 -17 -18 -19 21 -21 -22 -23 -24 24 -26 -27 -28 -29
leaf_value=-0.051697398742805351 -0.0059781847753360767 0.0032784487653277211 0.015921705333371821 0.0088127078335881251 0.0014369211316904882 -0.063227028451384185 0.01007757457541031 -0.01025828730482399 0.058691935342906801 0.0083206030223826263 0.010383511825642205 -0.045650121379002498 0.071514811263209951 0.013365314743283663 0.0019882737231801946 -0.0075598379876375861 -0.0053110639299489316 -0.027525237793987974 0.077630884027173261 -0.018987019606522271 0.038865389199797373 0.026977509969876259 0.057538450355307039 -0.055363896024150497 -0.060070472628366414 -0.057405381829429551 -0.054460432447028688 -0.05177668497824725
leaf_weight=3.777282612398273 3719.7713661678135 637.11546827107668 358.23445258662105 438.33352222293615 2720.8661263771355 27.959221512079239 145.2036357820034 5.5507139265537253 17.929372247308493 3.1777101084589985 93.081559222191572 19.796380806714296 7.3088363558053961 905.68422159552574 413.20963041856885 774.33759582415223 472.89025121927261 66.481222681701183 5.0151466876268378 38.647719949483871 90.73208025097847 9.2221135646104795 19.522661194205284 6.0426029469817859 4.5422260686755171 4.7441819906234741 0.99307712912559409 16.224773064255714
leaf_count=119 15810 2709 1762 1876 11563 178 675 30 256 21 429 116 32 4018 1953 3419 2036 307 21 164 618 39 126 72 35 47 14 490
internal_value=-4.88184e-06 0.00114507 -0.000746007 -0.00194473 -0.00284565 -0.0106956 0.00756788 0.0107761 0.0107728 0.00966452 -0.00916777 -0.0116538 -0.000840354 0.00919984 0.00845852 -0.00850936 -0.00169594 -0.0380948 0.00596595 0.00176657 0.0360334 0.0448204 0.0506487 -0.0542108 -0.0573903 -0.0562618 -0.0518894 -0.0517617
internal_weight=11026.4 9955.53 7691.04 6896.9 6440.64 1070.87 2264.49 1639.08 456.263 794.144 1034.54 888.574 625.403 1542.8 771.444 794.134 618.094 94.4404 145.967 131.729 96.2828 14.2373 22.7004 36.3241 15.329 10.7868 20.9951 20.0021
internal_count=48935 43485 33367 29505 27373 5450 10118 7375 2132 3862 4673 4020 2743 6727 3715 3535 2711 485 653 593 648 60 147 777 154 119 623 609
is_linear=0
shrinkage=0.05


Tree=57
num_leaves=23
num_cat=0
split_feature=14 4 13 16 24 24 16 7 13 4 3 13 2 7 11 20 23 3 24 4 30 4
split_gain=50.8873 50.8384 42.0088 40.672 38.3232 30.8539 27.8477 34.6868 20.4853 17.6538 16.9604 13.9832 13.8477 7.93622 6.80038 5.99249 5.3824 0.985509 1.14184 0.781356 0.574058 0.0321131
threshold=0.26150000000000007 1.4915000000000003 0.85950000000000004 0.16350000000000003 2.8405000000000005 2.2515000000000005 0.90450000000000019 0.17500000000000002 1.0000000180025095e-35 1.9665000000000001 1.9245000000000003 0.49150000000000005 1.5000000000000002 0.12250000000000001 11.500000000000002 10.500000000000002 0.31749999999999995 1.7455000000000003 1.7475000000000003 1.2455000000000003 1.6545000000000003 1.0000000180025095e-35
decision_type=2 2 2 2 2 2 2 2 2 2 2 2 2 2 2 2 2 2 2 2 2 2
left_child=14 2 8 12 6 -5 7 -3 21 11 -10 -6 -4 -8 17 19 -11 18 20 -16 -1 -2
right_child=1 4 3 5 9 -7 13 -9 10 16 -12 -13 -14 -15 15 -17 -18 -19 -20 -21 -22 -23
leaf_value=-0.05532289176072195 -0.05168656287011042 -0.0057435071661015025 0.053141514932840299 -0.0068505416607464731 -0.034854813726612602 0.0012061287165188608 0.047158799699998977 0.0062828865476936974 -0.011059582410381361 0.043834351191534615 0.0036341742066692568 0.013809428162347282 0.014607830169320005 0.0038398579189563979 -0.029179008798820252 0.019725230954383905 0.023228525514779552 -0.078229374320319248 -0.0092833881843605165 -0.060824527130655552 -0.020779106672148578 -0.055227491216269367
leaf_weight=39.441091578453779 15.518283484503629 923.35050984472036 25.520658649504185 1659.4329367727041 15.225755140185354 4185.8668212220073 44.735566414892673 1709.7722808457911 1236.2527050562203 61.472698736935854 233.47429758310318 483.97728057578206 269.7741446569562 13.845229163765906 3.8587433286011201 6.5355368554592133 65.413620680570602 4.1562388688325873 1.4612055867910374 3.9445365890860558 1.2405240274965752 10.900944437831638
leaf_count=645 492 3937 460 7112 71 17483 328 7233 5572 469 1047 2220 1173 66 22 37 363 20 8 21 19 137
internal_value=-4.69717e-06 0.000248148 -0.00199697 -0.000166482 0.00541586 -0.00108109 0.00282419 0.00206562 -0.00950981 0.0165581 -0.0087254 0.0123252 0.0179381 0.0369206 -0.0456824 -0.0155943 0.0332114 -0.0550006 -0.0527097 -0.0451757 -0.0542695 -0.0531476
internal_weight=11015.2 10954.5 7636.74 6140.59 3317.79 5845.3 2691.7 2633.12 1496.15 626.089 1469.73 499.203 295.295 58.5808 60.6379 14.3388 126.886 46.2991 42.1428 7.80328 40.6816 26.4192
internal_count=48935 48163 33476 26228 14687 24595 11564 11170 7248 3123 6619 2291 1633 394 772 80 832 692 672 43 664 629
is_linear=0
shrinkage=0.05


Tree=58
num_leaves=31
num_cat=0
split_feature=17 7 24 13 13 4 24 4 13 24 59 3 7 13 13 14 3 1 2 14 18 42 30 13 41 25 4 3 21 18
split_gain=54.5209 59.4894 35.62 34.4596 33.0767 29.725 33.643 28.5472 23.2936 22.1298 21.0129 19.4633 19.1637 17.752 17.4832 16.4531 16.3234 28.7025 13.8803 12.8232 12.7328 9.69463 8.63825 8.49674 8.07134 6.58037 8.74435 5.58309 4.67139 4.28969
threshold=0.18650000000000003 0.29800000000000004 3.5025000000000004 1.7545000000000002 1.7350000000000003 1.0165000000000002 3.1010000000000004 0.60350000000000004 1.4155000000000002 2.6650000000000005 8.5000000000000018 0.88350000000000006 0.15600000000000003 0.71100000000000008 0.96500000000000008 0.7965000000000001 0.40450000000000003 1.0000000180025095e-35 1.5000000000000002 0.91850000000000021 0.78888888888888908 0.25150000000000006 1.5615000000000003 1.6610000000000003 0.47850000000000004 510.50000000000006 0.25650000000000006 3.0625000000000004 -8.4999999999999982 0.21111111111111114
decision_type=2 2 2 2 2 2 2 2 2 2 2 2 2 2 2 2 2 2 2 2 2 2 2 2 2 2 2 2 2 2
left_child=2 5 4 9 13 11 12 25 -8 14 -11 29 -7 22 -3 -15 28 -18 -9 -13 21 -5 -1 -20 -22 26 -4 -27 -6 -2
right_child=1 3 7 20 16 6 8 18 -10 10 -12 19 -14 15 -16 -17 17 -19 23 -21 24 -23 -24 -25 -26 27 -28 -29 -30 -31
leaf_value=-0.020003900080124457 -0.065992685912467555 -0.0066606821112951027 -0.055619462364016395 0.046075731411262463 -0.010153240175229847 -0.0065649685465180574 0.007893762932308113 0.053052317216909776 0.033564067829437154 0.030225640301755653 0.0092711127852805313 -0.01850755716543313 0.0020928307338804043 -0.023561213997196975 0.0062856749796174373 -0.0074125007144898482 0.046394331385686972 0.0005549344786263073 0.0079968319517026518 -0.0037575598021625982 -0.017980044766571841 0.02358667286456945 -0.049105328015698238 0.03207088440489303 0.018849962928444881 -0.047289657885428021 0.0056810684827221297 0.022115853857346764 -0.056165791501193933 -0.029295045223506563
leaf_weight=164.90231362730265 9.4934316650032979 362.60638055205345 7.4804189149290314 63.361140970140696 8.6582206413149851 903.28041986376047 495.12672871351242 20.16677737608552 107.57191789150238 149.47910403832793 599.29320812225342 170.92885711602867 2185.8194538392127 171.79754553735256 928.58151273801923 1926.1762037798762 35.631929650902748 820.71864264458418 350.32822121679783 1068.20873997733 25.187094449996948 196.6565955504775 30.164310194551945 40.93426313996315 36.336989179253578 27.444099983200434 26.170007303357124 3.239547384902834 15.199899699538944 49.404098186641932
leaf_count=982 48 1733 174 311 47 3869 2091 376 545 756 2520 750 9149 937 4081 8109 300 3538 1520 4548 107 977 198 215 158 241 124 35 240 256
internal_value=-4.52214e-06 0.00247549 -0.00500077 0.00901365 -0.00691358 -0.000618782 0.00166951 0.00775732 0.0124755 0.0066157 0.0134543 -0.00712702 -0.000438787 -0.0100763 0.00264993 -0.00873488 0.00132576 0.00246227 0.0126005 -0.0057922 0.0242269 0.0290668 -0.024504 0.0105155 0.00377228 -0.0232157 -0.00794591 -0.0399619 -0.0394676 -0.0352102
internal_weight=11000.3 7351.34 3649.01 2361.5 3173.25 4989.83 3691.8 475.763 602.699 2039.96 748.772 1298.04 3089.1 2293.04 1291.19 2097.97 880.209 856.351 411.429 1239.14 321.542 260.018 195.067 391.262 61.5241 64.3341 33.6504 30.6836 23.8581 58.8975
internal_count=48935 31899 17036 10643 14351 21256 15654 2685 2636 9090 3276 5602 13018 10226 5814 9046 4125 3838 2111 5298 1553 1288 1180 1735 265 574 298 276 287 304
is_linear=0
shrinkage=0.05


Tree=59
num_leaves=31
num_cat=0
split_feature=17 7 13 32 4 4 9 3 4 4 7 4 3 13 7 3 4 18 13 18 23 4 7 3 29 1 13 41 41 41
split_gain=49.2935 53.7895 31.3883 28.1653 26.8656 25.9977 32.5739 24.7865 21.5312 21.0629 19.382 19.5925 17.9121 13.728 12.6028 12.3667 16.566 11.6312 11.4008 11.1444 10.5472 10.0337 9.87501 9.68138 9.58517 8.89432 8.50248 7.29237 6.50839 4.15539
threshold=0.18650000000000003 0.29800000000000004 1.7545000000000002 0.40050000000000008 1.0165000000000002 0.59650000000000014 2.2745000000000002 1.3655000000000002 1.1635000000000002 1.8685000000000003 0.52300000000000013 1.4820000000000004 0.88350000000000006 0.25850000000000006 0.13700000000000004 1.6325000000000001 1.2245000000000001 0.78888888888888908 2.1015000000000006 0.18333333333333332 0.5505000000000001 0.83650000000000013 0.43400000000000005 0.82700000000000007 2.6360000000000006 4.5000000000000009 1.0000000180025095e-35 0.47850000000000004 0.51800000000000013 0.48400000000000004
decision_type=2 2 2 2 2 2 2 2 2 2 2 2 2 2 2 2 2 2 2 2 2 2 2 2 2 2 2 2 2 2
left_child=3 4 10 15 12 25 8 9 -7 -6 11 -3 29 -12 -9 16 22 24 -14 26 -21 -8 -1 -18 -4 -5 -17 -19 -27 -2
right_child=1 2 17 5 7 6 21 14 -10 -11 13 -13 18 -15 -16 19 23 27 -20 20 -22 -23 -24 -25 -26 28 -28 -29 -30 -31
leaf_value=-0.028574795908341662 -0.024497816151889173 0.0021289776054833928 0.016351961885830709 -0.050090349384034186 -0.0035851292797947571 -0.0088351669539967325 0.0078516184369687436 -0.0012412120042299671 0.00069222627103925148 0.0093481506059398221 -0.054376897140179542 0.014215626725333282 -0.0061771387466900253 0.026557752060644049 0.0098383244171286743 -0.052393021757062258 -0.01985336421571797 -0.017076677909428819 0.028820517163745785 0.026417823836296251 -0.015513349051999737 0.035626637654587026 0.0026816566042511501 -0.0036372056366206608 0.035895785518935346 -0.022106255729431964 0.052437230932318182 0.017941861382790764 0.01517123453411731 -0.052901866634773656
leaf_weight=239.94007381983101 38.871808391064405 1452.4831965044141 107.22066218033433 26.039151659235358 1969.3864482231438 912.91187431290746 59.988581217825413 345.23024073243141 1692.2677001208067 374.70053637772799 5.4369915463030329 435.91237084195018 1214.5564117729664 144.15186297893524 1000.4652870893478 2.2097608949989107 141.02176450192928 25.193351745605469 23.724702909588814 20.294251378625631 57.454628046602011 70.99993809312582 28.2441664673388 264.99743493646383 151.2146658077836 96.757717493921518 15.513802904635666 36.269087694585323 13.32102984562516 19.254274014383554
leaf_count=1198 203 6199 528 449 8272 3965 256 1511 7585 1614 138 1937 5197 816 4257 66 673 107 101 93 267 526 141 1146 760 493 110 158 68 101
internal_value=-4.18133e-06 0.00235436 0.00857699 -0.00476022 -0.000588212 -0.00248407 -0.00142309 0.00158726 -0.00264638 -0.00151775 0.0062914 0.00491903 -0.00677996 0.0236161 0.00699593 -0.0132544 -0.0156394 0.0231379 -0.00550661 0.00358785 -0.00456835 0.0229066 -0.025283 -0.00926953 0.0277874 -0.0238115 0.0393671 0.00358782 -0.0175952 -0.0339067
internal_weight=10986 7344.07 2357.88 3641.96 4986.19 2872.29 2736.17 3689.78 2605.18 2344.09 2037.98 1888.4 1296.41 149.589 1345.7 769.676 674.203 319.898 1238.28 95.4724 77.7489 130.989 268.184 406.019 258.435 136.118 17.7236 61.4624 110.079 58.1261
internal_count=48935 31899 10643 17036 21256 13342 12332 15654 11550 9886 9090 8136 5602 954 5768 3694 3158 1553 5298 536 360 782 1339 1819 1288 1010 176 265 561 304
is_linear=0
shrinkage=0.05


Tree=60
num_leaves=31
num_cat=0
split_feature=13 17 24 13 22 11 7 24 7 17 13 16 18 13 40 33 22 23 15 40 36 16 59 1 2 23 22 1 5 1
split_gain=45.7585 49.7455 42.5942 39.1826 35.0475 32.7575 30.5932 24.046 21.1323 20.1368 18.2381 16.2214 11.8937 13.3715 7.75462 7.32004 6.72717 6.72356 8.55567 4.67241 4.53277 4.40725 3.27921 1.17924 0.0342741 0.00160494 0.00147969 0.000730147 1.92823e-06 4.84355e-06
threshold=0.55800000000000016 0.44200000000000006 2.6935000000000007 1.3390000000000002 0.15000000000000002 5.5000000000000009 0.14550000000000002 1.3720000000000001 0.23400000000000001 0.18350000000000002 1.0000000180025095e-35 0.14550000000000002 0.70000000000000007 1.1405000000000001 0.71350000000000013 0.31400000000000006 0.96666666666666667 1.0010000000000006 -1.2454999999999998 0.74150000000000016 0.51650000000000007 0.27100000000000007 18.500000000000004 10.500000000000002 1.5000000000000002 0.6665000000000002 0.76388888888888895 2.5000000000000004 1.9665000000000001 2.5000000000000004
decision_type=2 2 2 2 2 2 2 2 2 2 2 2 2 2 2 2 2 2 2 2 2 2 2 2 2 2 2 2 2 2
left_child=10 2 3 9 8 -6 17 -5 -4 -2 24 14 13 -8 20 -14 -16 18 -3 -19 -12 22 -13 -23 28 27 -27 -26 29 -1
right_child=1 6 4 7 5 -7 12 -9 -10 -11 11 21 15 -15 16 -17 -18 19 -20 -21 -22 23 -24 -25 25 26 -28 -29 -30 -31
leaf_value=-0.051436312789228472 -0.015171037256331397 -0.10005199843362514 0.0037970681160593464 -0.019795039355580576 0.013672595386481355 -0.0025938556188969471 0.013428432530663932 0.0016225220705975317 0.014891672574743107 -0.0050117025413582705 -0.02996036823709762 -0.019902875355256158 -0.028690456558675154 0.030230797109433424 -0.0041369260106085453 0.034313330521265575 0.051725396316582434 0.053403423722547576 -0.010332915738357385 -0.0028398966229343132 0.0006323069367377128 -0.057128543108709497 -0.04441970634589195 -0.028600317415501692 -0.054384949121240735 -0.055320708175020161 -0.053927356233041825 -0.052777619014413801 -0.05144944237574104 -0.051516528486246743
leaf_weight=3.1201628576964158 655.18838213384151 2.7276107668876639 897.8705902248621 136.95127321779728 362.93909689411521 2102.1722292527556 242.58725607767701 3042.1506134420633 822.26599038392305 1908.6097882017493 48.830356247723103 65.572638969868422 19.210914030671123 231.31217226758599 220.97957434505224 6.0658858679234973 5.5240453630685797 6.8960032463073713 102.93509799614549 7.9493854194879532 16.100046694278717 16.15893699601293 17.220837995409966 4.6690395586192599 1.8168836869299405 9.9628612771630269 2.356009315699338 1.1561441309750078 7.6585690304636955 4.7416670769453049
leaf_count=115 3021 15 3943 880 1887 8799 1221 12823 3598 8079 229 365 86 1206 1018 28 31 32 484 36 73 172 86 34 27 128 47 26 280 166
internal_value=-4.08232e-06 0.000644679 -0.000213181 -0.00300898 0.00362315 -0.000198941 0.0143887 0.000699883 0.00910055 -0.00760796 -0.0160725 -0.0131828 0.0198473 0.0216297 -0.00714137 -0.0135709 -0.00277454 -0.00822209 -0.012649 0.0232863 -0.0223747 -0.0301743 -0.0250023 -0.0507333 -0.0531226 -0.0548026 -0.0550542 -0.0537599 -0.0514673 -0.0514847
internal_weight=10973.7 10547.8 9928.15 5742.9 4185.25 2465.11 619.684 3179.1 1720.14 2563.8 425.868 395.055 499.176 473.899 291.434 25.2768 226.504 120.508 105.663 14.8454 64.9304 103.621 82.7935 20.828 30.8123 15.2919 12.3189 2.97303 15.5204 7.86183
internal_count=48935 46138 43030 24803 18227 10686 3108 13703 7541 11100 2797 2008 2541 2427 1351 114 1049 567 499 68 302 657 451 206 789 228 175 53 561 281
is_linear=0
shrinkage=0.05


Tree=61
num_leaves=31
num_cat=0
split_feature=4 17 24 7 31 4 8 6 22 24 24 12 5 7 0 15 17 4 18 20 25 44 37 12 19 24 24 5 5 33
split_gain=44.3922 45.8025 44.2906 37.4548 28.8422 26.8865 26.6617 20.3051 24.1974 15.6831 15.4957 12.6902 12.599 16.3515 14.4398 9.98184 9.85606 9.26783 8.7381 7.85755 5.243 6.5433 0.712464 0.0747276 0.00916102 0.00901128 0.00227145 1.65196e-06 4.14986e-06 1.52957e-06
threshold=0.85450000000000015 0.42600000000000005 3.1680000000000006 0.14050000000000004 0.67500000000000016 1.0000000180025095e-35 0.59166666666666679 0.69100000000000006 0.19999999999999998 1.8465000000000003 1.4495000000000002 14.500000000000002 -0.14049999999999999 0.43400000000000005 4.5000000000000009 -1.5109999999999999 0.12250000000000001 1.3270000000000002 0.70000000000000007 -10.499999999999998 510.50000000000006 0.48800000000000004 0.54100000000000015 1.5000000000000002 0.96500000000000008 1.6665000000000003 3.9970000000000003 1.9665000000000001 0.98350000000000015 0.38650000000000007
decision_type=2 2 2 2 2 2 2 2 2 2 2 2 2 2 2 2 2 2 2 2 2 2 2 2 2 2 2 2 2 2
left_child=5 2 4 15 10 23 -6 8 -4 18 -2 -11 20 14 -14 -3 -15 -9 -5 -17 22 -22 -7 27 26 -26 -25 28 -1 -29
right_child=1 3 7 9 6 12 -8 17 -10 11 -12 -13 13 16 -16 19 -18 -19 -20 -21 21 -23 -24 24 25 -27 -28 29 -30 -31
leaf_value=-0.051364304981057346 -0.02792902598558112 -0.12843896351134426 0.01511145202433541 0.0079549954561267452 0.0026666192835912259 -0.046110691695372602 -0.0055931848851217972 0.021317328773194377 0.0012141129602609253 0.029352789814039326 -0.0054823847405399886 0.011069372864598028 -0.0054175915086736061 -0.01710921355302444 -0.018356543288248008 0.044390019230747951 0.015767205450011489 0.063701116437957714 -0.034648490713963448 -0.012886337052252823 0.020144891475204086 -0.049676968275919747 -0.067074124258885079 -0.054392666316441185 -0.054699816464223165 -0.058407439294552083 -0.056098107104175836 -0.051369726062513589 -0.051440381168728566 -0.051451285537891439
leaf_weight=2.9720465969294327 79.986458599567413 1.800442263484 482.13888001814485 104.50154208764434 3951.4348556641489 7.1011804156005445 1297.8890556246042 139.78808210045099 893.9900641143322 300.24824453517795 1983.765874478966 138.77046374976635 955.14524502679706 28.295548032969236 278.49933329224586 6.3272844254970542 117.30897852033377 14.208903960883616 13.602142333984373 111.64357672631741 6.4759759940206987 6.9636274725198746 9.4421389549970609 4.82877907715738 2.2222819887101632 6.2421367093920708 3.2776492573320866 6.6659923959523439 4.5169214904308319 0.62910988740622986
leaf_count=115 515 10 2236 486 17075 39 5432 827 3806 1682 8457 578 4165 134 1318 29 524 111 61 541 38 39 55 83 33 56 44 257 166 23
internal_value=-4.16898e-06 0.00123364 0.000274129 0.0137691 -0.00134445 -0.00818421 0.000624393 0.00800996 0.00608317 0.0192224 -0.00635237 0.0235735 -0.00716531 -0.00646827 -0.0083386 -0.0115976 0.00937828 0.025228 0.0030483 -0.00981436 -0.0392303 -0.0160328 -0.0580756 -0.0539779 -0.0562835 -0.057434 -0.0550822 -0.0513937 -0.0514102 -0.0513768
internal_weight=10960.7 9520.1 8843.2 676.894 7313.08 1440.59 5249.32 1530.13 1376.13 557.122 2063.75 439.019 1409.23 1379.25 1233.64 119.771 145.605 153.997 118.104 117.971 29.9829 13.4396 16.5433 31.3549 16.5708 8.46442 8.10643 14.7841 7.48897 7.2951
internal_count=48935 41846 38459 3387 31479 7089 22507 6980 6042 2807 8972 2260 6312 6141 5483 580 658 938 547 570 171 77 94 777 216 89 127 561 281 280
is_linear=0
shrinkage=0.05


Tree=62
num_leaves=22
num_cat=0
split_feature=14 13 17 7 17 24 22 17 39 13 13 24 13 21 0 14 21 30 24 24 24
split_gain=45.0932 43.4603 46.6599 38.9345 40.4019 30.6261 21.2469 24.0899 18.3496 15.7014 13.7779 13.4399 12.9136 9.26145 2.24565 3.21371 1.59753 4.25184 1.38021 1.08264 1.62837
threshold=0.26150000000000007 1.8545000000000003 0.17500000000000002 0.13700000000000004 0.44200000000000006 3.5025000000000004 -0.96666666666666645 0.23900000000000002 2.5935000000000006 0.70200000000000007 1.0000000180025095e-35 2.6335000000000006 0.50850000000000006 -9.4999999999999982 15.500000000000002 0.77100000000000013 -6.4999999999999991 1.5360000000000003 1.8465000000000003 1.8780000000000001 1.7475000000000003
decision_type=2 2 2 2 2 2 2 2 2 2 2 2 2 2 2 2 2 2 2 2 2
left_child=13 2 5 12 -5 9 14 8 -8 -2 -7 -9 -4 -1 18 -16 17 -15 -3 20 -18
right_child=1 6 3 4 -6 10 7 11 -10 -11 -12 -13 -14 16 15 -17 19 -19 -20 -21 -22
leaf_value=0.012861315621245316 -0.023516513076667377 0.075795827292326465 -0.029885813934351198 0.00153256970649182 0.016117087221667794 -0.052395479936966131 0.01107361136849608 0.01193781945964071 -0.0033286800334929225 -0.0077443524378245756 0.0074391955564063403 0.031796878061417115 -0.0060349289139016576 -0.063992249975481919 -0.0093486028604036885 0.059704905075600084 -0.054849198889633237 0.013135384096816813 0.049506129986305124 -0.076434458147551454 -0.011219745627690764
leaf_weight=6.2744087502360335 171.03742314688861 7.3176958635449472 59.928608559072018 5285.8149979151785 521.71976229734719 9.860729478299616 399.27188970148563 295.03067249804735 495.76641811430454 2038.2756120786071 395.61122142896056 119.78606276027858 1070.5594478622079 4.0316271521151057 3.3827978223562232 3.3569110184907913 35.76095518656075 3.2093043960630894 15.711762338876722 5.2635732516646376 2.2746579796075812
leaf_count=33 1092 33 342 22320 2555 325 1777 1293 2206 8689 1978 707 4593 28 17 26 651 22 210 26 12
internal_value=-4.05693e-06 0.000227683 -0.000955032 0.00119021 0.00284277 -0.00664718 0.00866158 0.00771229 0.00309611 -0.00896538 0.00598407 0.0176725 -0.00729929 -0.044433 0.0504307 0.0250455 -0.0515459 -0.029808 0.0578598 -0.0551812 -0.05224
internal_weight=10949.2 10892.4 9552.81 6938.02 5807.53 2614.78 1339.62 1309.86 895.038 2209.31 405.472 414.817 1130.49 56.8145 29.7692 6.73971 50.5401 7.24093 23.0295 43.2992 38.0356
internal_count=48935 48163 41894 29810 24875 12084 6269 5983 3983 9781 2303 2000 4935 772 286 43 739 50 243 689 663
is_linear=0
shrinkage=0.05


Tree=63
num_leaves=31
num_cat=0
split_feature=4 3 7 4 9 17 4 7 3 7 6 4 3 9 1 4 31 2 11 17 21 17 36 44 1 14 2 10 14 28
split_gain=42.623 38.1929 30.2479 29.9977 34.8014 31.0299 27.7458 24.7101 20.6554 16.8466 21.4367 15.3765 15.3109 14.0456 13.4598 12.0211 11.3349 12.0553 11.2235 11.2679 11.0443 7.49258 6.4479 6.26282 2.22987 0.112589 0.0642053 0.00760907 0.0075389 0.00705506
threshold=1.2195000000000003 0.74550000000000016 0.37250000000000005 0.46450000000000008 1.9110000000000003 0.22900000000000004 1.8440000000000003 0.57500000000000007 1.2195000000000003 0.18050000000000002 0.83650000000000013 0.7400000000000001 1.0000000180025095e-35 0.20700000000000005 4.5000000000000009 1.0000000180025095e-35 0.79800000000000015 25.500000000000004 19.500000000000004 0.15200000000000002 -22.499999999999996 0.15600000000000003 0.40250000000000008 0.45350000000000007 12.500000000000002 0.82700000000000007 1.5000000000000002 11.500000000000002 1.0000000180025095e-35 0.48700000000000004
decision_type=2 2 2 2 2 2 2 2 2 2 2 2 2 2 2 2 2 2 2 2 2 2 2 2 2 2 2 2 2 2
left_child=3 12 6 15 5 14 8 -7 -3 10 -6 -11 25 -8 -5 26 17 -4 19 -14 -20 -18 24 -24 -17 28 -1 -28 -2 -27
right_child=1 2 16 4 9 7 13 -9 -10 11 -12 -13 18 -15 -16 22 21 -19 20 -21 -22 -23 23 -25 -26 29 27 -29 -30 -31
leaf_value=-0.05126792042737599 -0.051906970537647312 -0.0021413573909302161 0.014631653247725416 -0.032313677783835128 -0.0056386874548027119 -0.0023401523397710562 0.039470686596777625 0.027993127349470889 0.0052465897396114037 -0.0024655730483394318 0.018847230298620302 0.012425335728329186 -0.012385840247276531 0.010317502030336441 -0.0098573801000435644 -0.02597641149640649 0.010161904318044132 -0.015173738841853588 0.0012004413420597384 0.0048238972801839426 -0.017419747430468414 0.039022760982034929 0.014513555796691509 -0.018930159960029926 -0.063614480626197803 -0.063183248357539454 -0.057040181162255656 -0.054844620722611918 -0.054966973662218588 -0.059697608561958763
leaf_weight=13.505555601790549 6.8206657376140338 1945.2888622879982 399.24281838536263 69.964782102033496 629.64926806464791 1699.2761259637773 43.934387922286987 69.900823257863522 1841.838814638555 242.54916959255934 104.17343809455633 607.76276630908251 138.349774107337 693.00034542381763 1441.8994494229555 6.7859988920390633 32.246428579092026 37.076176330447197 110.95741660892963 304.32823109254241 282.11378842592239 74.312105091288686 16.419552832841873 94.937097903341055 9.3671446517109853 3.1863870769739142 8.0482846051454526 7.7424938064068547 2.8554848805069923 2.666565366089344
leaf_count=561 207 8095 1901 520 2689 7268 399 478 7965 1060 683 2570 656 3066 6162 40 151 153 468 1354 1207 384 82 466 53 25 90 126 36 20
internal_value=-4.03979e-06 0.00287085 0.00451723 -0.00339199 -0.00269823 -0.00563662 0.00317899 -0.00114167 0.00145171 0.00338773 -0.00216267 0.00817774 -0.00692863 0.0120555 -0.0108966 -0.024917 0.0156694 0.0120989 -0.00601458 -0.000554647 -0.0121636 0.030289 -0.0182812 -0.0139989 -0.0478026 -0.0561212 -0.0537989 -0.0559637 -0.05281 -0.0615952
internal_weight=10940.2 5918.22 5066.94 5021.98 4865.18 3281.04 4524.06 1769.18 3787.13 1584.13 733.823 850.312 851.278 736.935 1511.86 156.806 542.878 436.319 835.749 442.678 393.071 106.559 127.51 111.357 16.1531 15.5291 29.2963 15.7908 9.67615 5.85295
internal_count=48935 26087 22114 22848 21430 14428 19525 7746 16060 7002 3372 3630 3973 3465 6682 1418 2589 2054 3685 2010 1675 535 641 548 93 288 777 216 243 45
is_linear=0
shrinkage=0.05


Tree=64
num_leaves=30
num_cat=0
split_feature=13 16 16 17 13 16 36 13 8 8 4 8 4 13 13 4 22 16 36 15 59 17 24 27 36 28 30 5 4
split_gain=41.4866 42.7302 33.0398 31.633 30.256 40.0633 27.0308 24.2925 17.8411 16.0052 15.8876 13.737 12.8521 10.4165 10.184 9.48924 7.61452 6.81405 6.67119 5.15945 6.29684 5.0696 4.36856 4.7843 4.12944 4.0994 3.3104 3.19935 0.0341673
threshold=1.1060000000000001 0.17300000000000001 0.40350000000000003 0.32700000000000007 0.40350000000000003 0.036500000000000005 0.44750000000000006 2.2245000000000004 0.074999999999999969 0.59166666666666679 0.25650000000000006 0.78888888888888908 1.8775000000000002 1.0000000180025095e-35 1.4565000000000003 1.0605000000000002 0.51666666666666683 0.14900000000000002 0.44400000000000006 0.43100000000000005 18.500000000000004 0.18050000000000002 2.1425000000000005 0.28000000000000008 0.52050000000000007 0.32550000000000007 1.4400000000000002 -0.25449999999999995 1.0000000180025095e-35
decision_type=2 2 2 2 2 2 2 2 2 2 2 2 2 2 2 2 2 2 2 2 2 2 2 2 2 2 2 2 2
left_child=2 18 4 6 13 10 12 -8 14 -7 -6 -10 -3 28 -5 16 24 -15 25 20 -17 -21 -20 -24 -4 27 -27 -2 -1
right_child=1 3 15 8 5 9 7 -9 11 -11 -12 -13 -14 17 -16 19 -18 -19 22 21 -22 -23 23 -25 -26 26 -28 -29 -30
leaf_value=-0.05120816749482561 -0.049907800903148052 -0.008597419290713686 -0.028062201581945986 -0.038185248163620261 -0.057442660069269069 -0.00070998040241079796 0.0010319501610633742 0.017325915304975788 0.011915853372919269 -0.0077250856648706408 0.016533030152373337 -0.0079190240689888773 0.010855975039539532 -0.013372464457351147 0.00046026791020813943 -0.004056798332968509 0.030748396452265521 -0.045662093079507936 -0.037740839551642757 -0.074950049108852515 -0.026070604272476768 -0.021160969899400917 0.033609691380502696 0.068813007999331141 -0.050020736012757187 0.0079491795095626549 0.070507321012094407 0.0042065289331882976 -0.054767950584927318
leaf_weight=13.993936007842423 3.3893443346023604 981.34566956758499 78.430486289784312 29.123062148690224 7.4254129976034156 2133.8503499291837 3972.9102669171989 242.72425821609795 1112.1814299747348 1313.6208924688399 322.0728558152914 94.726538829505444 92.944016803056002 101.44063027948141 41.114192351698875 121.4981582313776 4.7316004484891883 19.475661292672157 1.9831840395927418 5.974459175020459 44.338797107338905 16.419153194874525 95.811172340065241 10.732557147741316 29.449725735932589 4.7239481247961503 3.8286490757018328 14.069216929376125 13.005032250657676
leaf_count=609 16 4195 526 125 81 9033 16933 1250 4937 5625 1814 401 499 506 189 547 22 161 9 39 190 96 573 66 191 29 23 70 180
internal_value=-4.01475e-06 0.00244239 -0.00388378 0.00187093 -0.00265975 -0.00179099 0.000165829 0.00197011 0.00893344 -0.00338301 0.0148659 0.0103591 -0.00691438 -0.0248431 -0.0155636 -0.0198529 -0.0313337 -0.0185733 0.0303364 -0.0129844 -0.00994249 -0.0355115 0.0357872 0.0371559 -0.0340566 0.00759394 0.0359539 -0.00629904 -0.0529229
internal_weight=10927.3 6701.61 4225.73 6567.07 3924.88 3776.97 5289.92 4215.63 1277.15 3447.47 329.498 1206.91 1074.29 147.915 70.2373 300.842 112.612 120.916 134.538 188.231 165.837 22.3936 108.527 106.544 107.88 26.0112 8.5526 17.4586 26.999
internal_count=48935 29315 19620 28529 18009 16553 22877 18183 5652 14658 1895 5338 4694 1456 314 1611 739 667 786 872 737 135 648 639 717 138 52 86 789
is_linear=0
shrinkage=0.05


Tree=65
num_leaves=22
num_cat=0
split_feature=14 36 7 16 14 4 24 31 7 8 3 4 14 4 21 31 11 21 30 24 24
split_gain=40.8925 39.5134 35.9215 29.3357 28.6894 25.4713 22.0508 20.2895 17.3125 18.5632 14.8318 13.346 13.0111 11.3652 8.74015 8.69562 8.64662 1.60822 3.99213 0.930306 1.61465
threshold=0.26150000000000007 0.56100000000000005 0.19100000000000003 0.91300000000000014 1.1225000000000003 1.4820000000000004 2.5465000000000004 0.65600000000000014 0.27100000000000007 0.78888888888888908 2.2390000000000003 1.5895000000000004 0.57400000000000007 1.1560000000000001 -9.4999999999999982 0.84750000000000003 41.500000000000007 -6.4999999999999991 1.5360000000000003 1.8780000000000001 1.7475000000000003
decision_type=2 2 2 2 2 2 2 2 2 2 2 2 2 2 2 2 2 2 2 2 2
left_child=14 2 3 4 -2 7 -7 -4 10 13 11 -3 -5 -10 -1 -11 -12 18 -16 20 -19
right_child=1 8 5 12 -6 6 -8 -9 9 15 16 -13 -14 -15 17 -17 -18 19 -20 -21 -22
leaf_value=0.011904635854015577 -0.014162404973757937 -0.0010767662665799921 -0.0086086377712780125 0.00022532182426886427 -0.003200271678899426 0.0026173641197568646 0.016100790183468914 0.00049102480826275561 0.0065220684439083274 -0.022366780097605503 0.022827549695595587 0.0095287133908484086 0.059184325548937905 0.018422309236419233 -0.063120681841067824 0.046039652562802513 -0.048955352885613618 -0.054523683281792801 0.012202301330740052 -0.074593588951441442 -0.010821662239306279
leaf_weight=6.2992012426257125 883.68181844055653 1238.2527067698538 756.15006511472166 15.170009225606917 1838.8760236743838 1078.9573553390801 421.75096589326859 3226.2125521339476 355.40410579741001 51.981474053114653 110.01969398371875 390.09160217642784 24.421103585511446 460.72575841844082 3.8608974069356909 5.1015873253345481 4.3614242374896994 33.167483912780881 3.2313668504357338 5.0926885902881613 2.2574105933308592
leaf_count=33 4063 5368 3373 77 8360 4567 1961 13829 1563 221 583 1771 246 2139 28 22 20 651 22 26 12
internal_value=-4.06609e-06 0.000211545 -0.00148716 -0.00613696 -0.00675834 0.000855228 0.00640667 -0.00123677 0.00556571 0.011312 0.00268644 0.00146392 0.0365932 0.0132401 -0.0434437 -0.0162532 0.0200904 -0.0507667 -0.0288021 -0.0546115 -0.0517388
internal_weight=10915.1 10861.2 8245.22 2762.15 2722.56 5483.07 1500.71 3982.36 2615.94 873.213 1742.73 1628.34 39.5911 816.13 53.909 57.0831 114.381 47.6098 7.09226 40.5176 35.4249
internal_count=48935 48163 36476 12746 12423 23730 6528 17202 11687 3945 7742 7139 323 3702 772 243 603 739 50 689 663
is_linear=0
shrinkage=0.05


Tree=66
num_leaves=25
num_cat=0
split_feature=3 13 16 13 4 13 16 8 14 13 2 13 4 14 34 14 22 14 14 2 2 21 4 10
split_gain=38.8961 37.0003 48.1367 29.3259 29.8344 20.7197 23.4354 15.5188 14.9123 14.2012 13.2598 12.5964 4.32428 4.0409 0.699228 0.288062 0.113544 0.0325874 0.00592805 0.00280053 0.00105799 0.000653761 0.000303299 0.000129663
threshold=1.0000000180025095e-35 0.89600000000000013 0.17500000000000002 2.2245000000000004 1.0605000000000002 0.25850000000000006 0.12250000000000001 0.29999999999999999 0.93000000000000016 0.54000000000000015 1.5000000000000002 1.0930000000000002 1.1225000000000003 1.8685000000000003 0.50650000000000006 0.47350000000000003 -0.29999999999999988 1.3270000000000002 0.64500000000000013 2.5000000000000004 1.5000000000000002 -3.4999999999999996 0.96650000000000003 8.5000000000000018
decision_type=2 2 2 2 2 2 2 2 2 2 2 2 2 2 2 2 2 2 2 2 2 2 2 2
left_child=15 5 10 4 -4 12 7 -7 -5 -8 23 -12 14 -14 -2 19 17 18 -17 20 22 -22 -1 -3
right_child=1 2 3 8 -6 6 9 -9 -10 -11 11 -13 13 -15 -16 16 -18 -19 -20 -21 21 -23 -24 -25
leaf_value=-0.051048579365583983 -0.040546648687010904 0.0522978366061181 -0.0046041933132469444 0.0022760464306152937 0.0021709115225734756 0.021973937523797948 -0.02532864856263773 0.00010359476477249128 0.024163477787463049 -0.0066792789622157223 0.0095120148875269799 0.02827638546878505 -0.033582598665369431 0.018490576347619483 -0.055907872912002735 -0.055422216785448834 -0.067852948396981944 -0.064133813520136584 -0.058242467217187281 -0.054688953319514094 -0.05198629127393533 -0.053540504831738438 -0.051688524076500444 0.052571571464423233
leaf_weight=2.3125923778861752 12.853262841701509 5.4752289578318623 2298.4155237488449 128.77612087130547 5545.0181156881154 96.587613478302956 109.45217736810446 506.257652875036 196.67200892046094 1515.3301239199936 269.77295196801424 133.79328786581755 12.895319331437351 5.2391768395900717 17.486783299595118 3.1138338781893236 5.0067069046199313 2.0981403291225433 4.6394518278539181 0.87188562378287393 1.5864648763090374 1.1797637101262815 9.2863345611840469 20.612103562802076
leaf_count=115 316 139 9747 577 23765 410 653 2220 1053 6585 1205 682 95 31 384 40 38 14 41 12 45 21 298 449
internal_value=-3.86641e-06 0.000153226 0.00165377 0.000795797 0.000185556 -0.00551545 -0.00481173 0.00360765 0.0155029 -0.00793558 0.0179662 0.0157329 -0.0378547 -0.0185383 -0.0494002 -0.056768 -0.0617218 -0.0586058 -0.0571098 -0.0519375 -0.0517705 -0.0526491 -0.0515609 0.0525141
internal_weight=10904.7 10874.6 8598.54 8168.88 7843.43 2276.1 2227.63 602.845 325.448 1624.78 429.654 403.566 48.4745 18.1345 30.34 30.0952 14.8581 9.85143 7.75329 15.237 14.3652 2.76623 11.5989 26.0873
internal_count=48935 48311 37617 35142 33512 10694 9868 2630 1630 7238 2475 1887 826 126 700 624 133 95 81 491 479 66 413 588
is_linear=0
shrinkage=0.05


Tree=67
num_leaves=28
num_cat=0
split_feature=24 6 13 17 24 8 17 24 6 13 7 12 44 29 7 22 40 13 41 30 20 24 17 7 12 22 4
split_gain=37.3437 44.2541 32.7897 39.6551 23.5746 28.9233 21.2584 19.1641 20.2314 18.6305 18.5801 12.0281 11.5249 9.80952 9.05733 8.53101 7.22421 8.46414 6.38021 2.69723 1.89114 0.0574116 0.0308879 0.00587091 0.0012041 0.000652423 0.000259979
threshold=1.6255000000000002 0.064500000000000016 1.2035000000000002 0.23900000000000002 2.6650000000000005 0.36666666666666675 0.18350000000000002 0.61250000000000016 0.17500000000000002 2.2745000000000002 0.13700000000000004 2.5000000000000004 0.55200000000000016 3.177 0.18050000000000002 -0.96666666666666645 0.71350000000000013 1.3655000000000002 0.46750000000000008 1.6500000000000001 5.5000000000000009 1.0000000180025095e-35 0.63950000000000007 0.16350000000000003 1.5000000000000002 -0.5166666666666665 0.96650000000000003
decision_type=2 2 2 2 2 2 2 2 2 2 2 2 2 2 2 2 2 2 2 2 2 2 2 2 2 2 2
left_child=7 11 4 9 6 -6 -3 21 12 -4 -5 19 15 14 -10 -9 17 -13 -18 20 -2 24 23 -23 26 -26 -1
right_child=1 2 3 10 5 -7 -8 8 13 -11 -12 16 -14 -15 -16 -17 18 -19 -20 -21 -22 22 -24 -25 25 -27 -28
leaf_value=-0.050996396527983018 0.053151306108153273 -0.016990450202353426 -0.0018704085713208926 -0.0022656838921185328 0.012133693425944905 -0.0020253858299592456 -0.0042952940243549901 0.037753136802771994 -0.033789599995379303 0.016676587651850993 0.0097966603674228894 -0.021438583082967293 0.076687970119177093 0.051551634797983963 -0.014493097565157577 -0.0045685737972347594 0.041701018820039085 0.024726484725121511 0.015641591763961002 -0.017249676343480697 0.034385103935731846 -0.053831583069065575 -0.062947554242377649 -0.056321689501134635 -0.05193355176631155 -0.053446534786106441 -0.051603539452182837
leaf_weight=2.20200016722083 26.472237264737487 422.40327817201614 2765.6804099306464 382.3465975150466 423.81878633052111 2420.90467498824 1503.4884723965079 12.360608696937559 96.457479828968644 142.36925382167101 1934.3643511272967 25.197745978832245 4.5972127541899672 4.661655329167842 164.55240122415125 324.69916895590723 28.251282453536987 16.385059293359518 139.3066706135869 1.8828465472906817 27.238352548331022 3.6410612165927869 1.5828092265874154 6.7650021594017744 1.5422505196183922 1.3244109675288207 8.8476150482892972
leaf_count=115 407 2087 11714 1648 1796 10908 6453 54 555 643 8331 115 21 25 824 1496 132 83 665 24 321 58 15 77 45 25 298
internal_value=-3.8059e-06 0.000723478 0.000189066 0.00292555 -0.00280792 8.4093e-05 -0.00707971 -0.0117878 -0.00999134 -0.000962404 0.00780591 0.0209009 -0.00194408 -0.0203402 -0.0216242 -0.00301656 0.015406 -0.00324795 0.0200354 0.0415723 0.0436344 -0.0539042 -0.0564402 -0.0554504 -0.0517194 -0.0526326 -0.0514825
internal_weight=10893.3 10260.1 9995.38 5224.76 4770.62 2844.72 1925.89 633.234 607.329 2908.05 2316.71 264.734 341.657 265.672 261.01 337.06 209.141 41.5828 167.558 55.5934 53.7106 25.9051 11.9889 10.4061 13.9163 2.86666 11.0496
internal_count=48935 45327 43580 22336 21244 12704 8540 3608 2975 12357 9979 1747 1571 1404 1379 1550 995 198 797 752 728 633 150 135 483 70 413
is_linear=0
shrinkage=0.05


Tree=68
num_leaves=26
num_cat=0
split_feature=3 4 37 24 24 4 4 17 17 22 1 4 9 24 11 23 24 22 24 16 13 9 2 22 1
split_gain=35.6596 33.7514 27.9849 27.8451 24.3827 21.3826 16.1203 16.0851 15.5686 16.4082 15.5437 14.8107 13.264 9.56005 8.19986 5.13877 0.235999 0.052151 0.0480168 0.0205786 0.00366373 0.00326635 0.00103254 0.000558632 0.000222895
threshold=1.0000000180025095e-35 1.4915000000000003 0.42900000000000005 2.8405000000000005 2.1010000000000004 0.46450000000000008 0.62750000000000006 0.41550000000000004 0.38000000000000006 -0.96666666666666645 2.5000000000000004 1.9665000000000001 1.8685000000000003 1.8465000000000003 25.500000000000004 0.31749999999999995 0.97050000000000003 -0.29999999999999988 1.0000000180025095e-35 0.49150000000000005 1.4915000000000003 0.32550000000000007 1.5000000000000002 -0.5166666666666665 1.0000000180025095e-35
decision_type=2 2 2 2 2 2 2 2 2 2 2 2 2 2 2 2 2 2 2 2 2 2 2 2 2
left_child=16 2 6 8 10 -6 14 -8 9 -3 -4 12 -5 -10 -2 -13 18 20 22 -20 -18 -21 24 -24 -1
right_child=1 3 4 11 5 -7 7 -9 13 -11 -12 15 -14 -15 -16 -17 17 -19 19 21 -22 -23 23 -25 -26
leaf_value=-0.051522958831296088 -0.0096455562041465326 0.038810701022253834 0.017433552793237706 0.0079493003937528613 -0.025656396241699672 -0.0011942833264441935 0.0043161389149347059 0.026807925799404539 -0.00014659286151669354 0.00026596477905324459 -0.01084049003101409 0.040777283469988566 0.040545444438077623 0.017902137362526927 -0.052327689681479155 0.019974362246112799 -0.058733313489290707 -0.068012269580777107 -0.061809843416272339 -0.053945628723470175 -0.061346331455737119 -0.056738147395850175 -0.0518360355155872 -0.053269636641324496 -0.050946857120607161
leaf_weight=8.4289422370493465 86.139353109523654 27.944236382842064 50.768756207078695 455.81260818243027 91.051960190758109 4731.8496740423143 1367.9748140275478 84.394865904003382 107.33957155793905 2309.9341652467847 1142.8311382718384 56.490649729967117 33.503008358180523 231.82012981921434 12.943483054637907 62.562656223773956 2.5248718410730362 3.4255639743059856 1.6449504662305106 2.299307145178318 2.8620892986655235 1.9228724278509615 1.4697242397814991 1.2638965882360924 2.0965926423668853
leaf_count=298 484 252 385 2102 741 20279 5882 413 479 9832 5342 469 189 1046 53 363 23 24 17 35 21 21 45 25 115
internal_value=-3.71433e-06 0.00014151 -0.00169562 0.00437334 -0.00323959 -0.00165611 0.00429189 0.0056231 0.00217899 0.000726683 -0.00963788 0.0140293 0.0101811 0.01219 -0.0152212 0.0298453 -0.0564189 -0.0631888 -0.0532996 -0.0570657 -0.0601216 -0.0552174 -0.0516331 -0.0524989 -0.0514082
internal_weight=10881.3 10853.4 7567.95 3285.41 6016.5 4822.9 1551.45 1452.37 2677.04 2337.88 1193.6 608.369 489.316 339.16 99.0828 119.053 27.9388 8.81253 19.1263 5.86713 5.38696 4.22218 13.2592 2.73362 10.5255
internal_count=48935 48311 33579 14732 26747 21020 6832 6295 11609 10084 5727 3123 2291 1525 537 832 624 68 556 73 44 56 483 70 413
is_linear=0
shrinkage=0.05


Tree=69
num_leaves=27
num_cat=0
split_feature=14 7 17 3 8 24 9 36 2 3 3 19 14 9 24 22 3 33 3 8 16 2 23 39 22 1
split_gain=35.5446 34.0368 32.0072 27.5223 26.8799 25.5043 18.512 18.2685 15.9513 17.6241 14.8984 14.6406 14.38 13.3485 12.0021 8.88508 0.255335 0.0484086 0.0202391 0.00224211 0.00146676 0.00088559 0.000591243 0.000510412 0.000478454 0.000191137
threshold=1.0000000180025095e-35 0.31700000000000006 0.27900000000000008 0.71700000000000008 0.36666666666666675 3.1010000000000004 0.20700000000000005 0.37050000000000005 4.5000000000000009 0.26150000000000007 1.3920000000000001 2.302 1.2545000000000002 0.76600000000000013 1.4040000000000001 0.5916666666666669 0.82700000000000007 0.30100000000000005 1.0000000180025095e-35 0.48333333333333339 0.93100000000000016 1.5000000000000002 -1.4909999999999997 2.5810000000000008 -0.5166666666666665 1.0000000180025095e-35
decision_type=2 2 2 2 2 2 2 2 2 2 2 2 2 2 2 2 2 2 2 2 2 2 2 2 2 2
left_child=16 3 7 11 6 -6 -5 15 9 -4 -9 14 -10 -13 -2 -3 18 19 21 -18 23 25 -22 -20 -23 -1
right_child=1 2 8 4 5 -7 -8 10 12 -11 -12 13 -14 -15 -16 -17 17 -19 20 -21 22 24 -24 -25 -26 -27
leaf_value=-0.051446539191103716 -0.030690371669836992 -0.020241591764263916 -0.059854717939577209 0.038247376721502885 -0.0049268526633672637 0.0023736497977407834 0.0035003898156576877 -0.0015742051309448068 0.0030293837068062703 0.026673868121689065 0.0093541052316016178 0.035347751259564623 0.015569720006508329 -0.028448224930402374 -0.010448810823657208 0.044150482725441663 -0.06063573652027137 -0.0669607817677004 -0.055093796233770913 -0.058539619254930342 -0.054965219274906413 -0.051743592816242773 -0.053549555085146576 -0.056304837772836548 -0.053102251276803639 -0.050899827090546163
leaf_weight=8.0294670872390306 85.146483248099685 125.48823959380388 6.0651371199637643 39.044619675725698 3586.2572475466877 1795.1625101286918 2099.7509608976543 948.31784356199205 510.04852318763733 197.84545108675957 464.69241029769182 29.52531560882926 414.28294458240271 11.35203182697296 523.41987670212984 5.5960820168256751 2.684436943382023 4.0418166741728783 1.7745983935892575 2.431103290989995 1.3254179097712042 1.4004795812070372 1.6628419794142244 1.7069055959582327 1.2059495244175185 1.9961368944495923
leaf_count=298 494 568 50 379 15456 8399 8895 4093 2184 1348 2052 148 1819 64 2319 26 20 26 23 23 18 45 28 20 25 115
internal_value=-3.51932e-06 0.00014245 0.00504076 -0.00145981 -0.000606974 -0.00249151 0.00413471 0.00036327 0.0114423 0.0241002 0.00201976 -0.0113352 0.00864993 0.017631 -0.0132809 -0.0174926 -0.0560066 -0.062871 -0.0527159 -0.0596396 -0.0549901 -0.0515511 -0.0541775 -0.0556875 -0.0523722 -0.0513377
internal_weight=10870.3 10842 2672.34 8169.66 7520.22 5381.42 2138.8 1544.09 1128.24 203.911 1413.01 649.444 924.331 40.8773 608.566 131.084 28.2592 9.15736 19.1018 5.11554 6.46976 12.632 2.98826 3.4815 2.60643 10.0256
internal_count=48935 48294 12140 36154 33129 23855 9274 6739 5401 1398 6145 3025 4003 212 2813 594 641 69 572 43 89 483 46 43 70 413
is_linear=0
shrinkage=0.05


Tree=70
num_leaves=31
num_cat=0
split_feature=13 16 4 24 17 13 13 17 13 16 6 0 4 4 17 36 11 59 1 17 4 24 13 4 4 8 24 24 24 36
split_gain=34.6956 37.3861 31.4685 34.1926 31.2324 22.687 21.2322 20.0099 14.0599 12.34 11.7426 14.8389 14.2002 11.5063 8.76575 6.563 8.56714 6.04184 8.61022 5.26735 5.19357 2.81563 0.627085 0.0267817 0.00154352 0.00098039 0.00060638 2.98804e-05 3.60502e-06 1.70773e-07
threshold=0.50850000000000006 0.036500000000000005 1.0605000000000002 2.9605000000000006 0.27900000000000008 1.2365000000000002 2.1130000000000009 0.56650000000000011 1.0000000180025095e-35 0.060500000000000005 0.097500000000000017 4.5000000000000009 1.2455000000000003 0.34500000000000003 0.28900000000000003 0.44600000000000006 4.5000000000000009 10.500000000000002 16.500000000000004 0.49150000000000005 0.40350000000000003 1.7475000000000003 0.74550000000000016 1.0000000180025095e-35 1.2455000000000003 0.54444444444444462 2.5995000000000004 0.61250000000000016 2.9690000000000007 0.52650000000000008
decision_type=2 2 2 2 2 2 2 2 2 2 2 2 2 2 2 2 2 2 2 2 2 2 2 2 2 2 2 2 2 2
left_child=8 10 6 4 -4 -5 7 -3 23 17 21 13 -13 -12 -8 19 -17 20 -19 -11 -10 -2 -23 27 25 -25 -26 29 -29 -1
right_child=1 2 3 5 -6 -7 14 -9 9 15 11 12 -14 -15 -16 16 -18 18 -20 -21 -22 22 -24 24 26 -27 -28 28 -30 -31
leaf_value=-0.05084865904670275 0.0097038689435056825 -0.0054856283059896999 -0.0026014218074574915 0.0038883915476001854 0.0051508991579639644 0.01675952551080942 0.010761223303717609 0.033027205659273952 -0.041433571210428843 -0.039416704737584719 -0.022262946772609385 -0.010416437254239283 0.021594360679577915 0.036509436584540665 0.047745569035741481 -0.035795410255864572 -0.001187521163597509 0.07966854102702603 0.00015478919078105104 0.012823116829558995 -0.0044991697186506146 0.073898199481827451 0.051793589215123503 -0.053397652200149394 -0.05461546455019848 -0.054495406273677709 -0.0559050640527523 -0.051107028146109026 -0.051045923290165642 -0.050886856594877787
leaf_weight=1.5753364395350242 3.9518945664167431 2906.0666379407048 3747.2559692151845 929.24862184375525 1988.7305934987962 542.074597209692 91.901364076882601 34.122716099023819 10.173372931778429 61.125423651188612 9.2352218776941282 71.914113573729992 66.850718755275011 84.756923753768206 19.403795540332794 28.192367769777775 48.89892952144146 5.0196155160665503 10.582098722457884 5.2389198038727036 147.73707918822765 3.7676864415407207 21.617702392861247 3.6751998327672464 1.8805114049464458 4.5542882792651653 1.7690466046333311 4.0165085699409229 6.0489722937345505 0.35935846343636502
leaf_count=96 18 12669 16196 3855 8514 2781 402 153 95 355 55 388 350 583 96 212 243 21 48 44 674 19 375 69 27 65 19 190 302 21
internal_value=-3.52092e-06 0.00050512 2.87115e-05 0.00183061 8.63944e-05 0.00863046 -0.00422718 -0.00503866 -0.0157037 -0.0129164 0.0191525 0.0153952 0.00500494 0.0307347 0.0172087 -0.0237663 -0.0138437 -0.00394595 0.0257371 -0.0352928 -0.00687867 0.0489627 0.0550743 -0.0527017 -0.0543847 -0.0540052 -0.0552406 -0.0510357 -0.0510703 -0.0508558
internal_weight=10861.7 10520.9 10258.8 7207.31 5735.99 1471.32 3051.49 2940.19 340.847 316.968 262.094 232.757 138.765 93.9921 111.305 143.456 77.0913 173.512 15.6017 66.3643 157.91 29.3373 25.3854 23.8792 11.879 8.22949 3.64956 12.0002 10.0655 1.93469
internal_count=48935 46454 44666 31346 24710 6636 13320 12822 2481 1692 1788 1376 738 638 498 854 455 838 69 399 769 412 394 789 180 134 46 609 492 117
is_linear=0
shrinkage=0.05


Tree=71
num_leaves=27
num_cat=0
split_feature=14 13 17 4 24 17 9 24 42 24 26 14 24 13 4 26 24 35 24 0 18 13 12 22 1 26
split_gain=33.3993 33.369 27.8935 31.793 31.8205 25.1205 18.0805 21.3288 15.4233 11.7299 10.0515 9.75393 7.19289 6.79506 6.12605 2.01727 0.214653 0.0397305 0.0181423 0.00287856 0.00201255 0.0026813 0.000756824 0.000407493 0.000180302 9.61794e-05
threshold=1.0000000180025095e-35 1.4915000000000003 0.55300000000000016 0.71700000000000008 2.7085000000000004 0.30900000000000005 0.20700000000000005 2.1115000000000008 0.28000000000000008 2.0585000000000004 0.18350000000000002 0.85950000000000004 1.4960000000000002 1.2980000000000003 0.46450000000000008 0.33800000000000008 0.97050000000000003 0.70050000000000001 1.0000000180025095e-35 9.5000000000000018 0.93333333333333346 1.2405000000000002 1.5000000000000002 -0.5166666666666665 1.0000000180025095e-35 0.26450000000000007
decision_type=2 2 2 2 2 2 2 2 2 2 2 2 2 2 2 2 2 2 2 2 2 2 2 2 2 2
left_child=16 2 3 9 -5 6 10 -8 11 -2 -3 -7 -10 14 -4 -15 18 -18 22 -19 21 -20 24 -24 -1 -22
right_child=1 5 13 4 -6 8 7 -9 12 -11 -12 -13 -14 15 -16 -17 17 19 20 -21 25 -23 23 -25 -26 -27
leaf_value=-0.051368025824408262 -0.036298202112928245 0.0031160179961929792 -0.028685120399247102 -0.0047487624855608434 0.0022305078865322045 0.0052164412047912443 -0.0044705568755057266 0.0045888556696188553 -0.036162924245133093 -0.011765314393030676 0.047138378087219684 0.021768124070844341 0.0036484262428719107 0.029771511574225647 0.017946922515083463 0.063624141783003338 -0.065925536526012199 -0.057937753851507637 -0.05449018405062183 -0.060393973396292905 -0.053967871578748931 -0.05724560532061345 -0.051649259491982208 -0.052936909720461389 -0.050812769817456527 -0.053344789615039627
leaf_weight=7.6190220173448377 54.707723239436746 20.90464848652482 7.449029851704835 3372.5314237549901 3166.571277435869 118.5515176281333 986.48155585303903 1902.9774308353662 12.037464477121828 445.39930107071996 34.147040084004402 357.18939303420484 197.41350067406893 8.0480459928512591 129.17977512255311 9.7102443575859052 3.890838358551262 2.4783759918063879 2.3727764226496215 2.2996597364544868 1.3751101307570937 1.4060968495905397 1.3293642532080414 1.1424472332000721 1.8091945126652715 1.1268899478018282
leaf_count=298 509 155 48 14526 13654 523 4203 8313 56 2450 312 1734 973 41 746 51 26 25 35 17 21 14 45 25 115 20
internal_value=-3.31125e-06 0.000134858 -0.00183722 -0.00229832 -0.00136904 0.00404326 0.00203672 0.00149591 0.0126661 -0.014449 0.0304219 0.0176436 0.00136041 0.0191863 0.0154045 0.0482822 -0.0557002 -0.0621745 -0.0526131 -0.0591199 -0.0547872 -0.0555155 -0.0514656 -0.0522444 -0.0512615 -0.0536872
internal_weight=10850.1 10823.3 7193.6 7039.21 6539.1 3629.7 2944.51 2889.46 685.192 500.107 55.0517 475.741 209.451 154.387 136.629 17.7583 26.8498 8.66887 18.1809 4.77804 6.28087 3.77887 11.9 2.47181 9.42822 2.502
internal_count=48935 48294 32025 31139 28180 16269 12983 12516 3286 2959 467 2257 1029 886 794 92 641 68 573 42 90 49 483 70 413 41
is_linear=0
shrinkage=0.05


Tree=72
num_leaves=31
num_cat=0
split_feature=13 17 7 59 19 22 14 19 13 19 36 20 24 7 9 17 36 26 10 1 17 26 15 2 2 24 23 1 36 36
split_gain=32.041 29.6383 31.4444 34.9145 24.4621 20.7225 19.3929 30.0831 18.9376 16.0672 12.4071 12.5024 11.2442 10.3493 10.973 9.98006 7.34678 7.09561 7.0701 6.65878 6.02321 4.98196 2.69552 0.0192855 0.00106323 0.000590641 0.000526327 2.76057e-05 1.41861e-06 1.31384e-07
threshold=0.7875000000000002 0.23900000000000002 0.13700000000000004 9.5000000000000018 0.40350000000000003 -0.36666666666666653 0.47350000000000003 2.6570000000000005 1.0000000180025095e-35 1.0850000000000002 0.37300000000000005 10.500000000000002 1.3335000000000004 0.62000000000000011 2.0725000000000002 0.28300000000000008 0.63300000000000012 0.40250000000000008 1.5000000000000002 26.500000000000004 0.34900000000000003 0.47050000000000003 -1.4914999999999998 1.5000000000000002 2.5000000000000004 3.3335000000000004 1.4915000000000005 2.5000000000000004 0.56700000000000006 0.52650000000000008
decision_type=2 2 2 2 2 2 2 2 2 2 2 2 2 2 2 2 2 2 2 2 2 2 2 2 2 2 2 2 2 2
left_child=8 4 10 12 16 -5 18 -8 23 13 19 -12 -4 14 -10 17 22 -11 -6 -3 -17 -15 -2 27 26 -26 -25 29 -29 -1
right_child=1 2 3 5 6 -7 7 -9 9 15 11 -13 -14 21 -16 20 -18 -19 -20 -21 -22 -23 -24 24 25 -27 -28 28 -30 -31
leaf_value=-0.05076583496285051 0.025354967512204077 -0.040292913380625989 -0.0057282803848625902 -0.0069987141609217061 -0.01373194571120062 0.0051108035866015734 -0.0021310719398847837 0.027613301320594197 -0.0067769331461538553 -0.051792797621998191 -0.0056225478592883855 0.022797595909067284 0.017488045719185538 0.014037145145240282 0.0072147001564151622 0.0098270106784490493 -0.051540231183756308 -0.021432443810012799 -0.046514646633648772 0.0062097791557586017 -0.019777728737618284 0.067136004221894988 0.049302533671192805 -0.052950709870204393 -0.053961746225991106 -0.054972911455737433 -0.05387233177551673 -0.050980869026447176 -0.051029416445774148 -0.050801100346072686
leaf_weight=1.396583775989712 22.722076639533039 36.807352975010872 56.554367354139686 408.39381152391434 35.671627148985863 2618.2379302550107 4731.5514192208648 86.561780210584402 1082.2945676632226 32.460579603910446 626.33291398361325 41.245736084878445 670.16474518924952 13.81133968010545 160.97124560549855 28.359983507543802 2.4229085855185977 47.26984278857708 30.51634312979877 9.7337536960840207 43.585796939209104 6.4947101809084407 24.335698731243614 2.9012946421280486 3.5182162411510944 2.4497637301683426 3.32394640147686 6.541570320725441 1.9543245919048784 0.3257056614384054
leaf_count=94 213 175 301 1718 251 10965 20168 606 4832 193 2725 191 3485 65 803 151 23 262 428 42 250 30 269 69 58 33 68 347 99 21
internal_value=-3.24074e-06 0.00105984 0.00401011 0.00583984 -0.0016116 0.00347682 -0.00196596 -0.00159669 -0.006955 -0.00623286 -0.00560678 -0.00386664 0.0156813 -0.00438707 -0.00496537 -0.0216096 0.0333676 -0.033793 -0.0288466 -0.0305672 -0.00810797 0.0310203 0.0377393 -0.0525573 -0.0539 -0.0543768 -0.0534428 -0.050955 -0.050992 -0.0507725
internal_weight=10838.9 9401.25 4467.47 3753.35 4933.78 3026.63 4884.3 4818.11 1437.66 1415.25 714.12 667.579 726.719 1263.57 1243.27 151.676 49.4807 79.7304 66.188 46.5411 71.9458 20.306 47.0578 22.4114 12.1932 5.96798 6.22524 10.2182 8.49589 1.72229
internal_count=48935 41560 19602 16469 21958 12683 21453 20774 7375 6586 3133 2916 3786 5730 5635 856 505 455 679 217 401 95 482 789 228 91 137 561 446 115
is_linear=0
shrinkage=0.05


Tree=73
num_leaves=25
num_cat=0
split_feature=3 4 7 24 24 42 37 24 4 39 6 6 31 6 3 3 14 22 14 14 12 12 21 4
split_gain=31.1212 30.5222 28.7252 25.8993 21.3211 20.2135 19.7702 19.8316 17.457 17.4109 16.0433 15.5669 14.486 9.84315 9.42533 8.61089 0.18201 0.0679222 0.0260928 0.00466698 0.00167824 0.000491693 0.00029272 0.000138653
threshold=1.0000000180025095e-35 1.413 0.22900000000000004 2.2145000000000006 3.0715000000000008 0.22850000000000004 0.65000000000000013 2.6895000000000007 0.96350000000000013 2.5985000000000005 0.064500000000000016 0.31400000000000006 0.67300000000000015 0.064500000000000016 1.4525000000000003 0.71700000000000008 0.47350000000000003 -0.29999999999999988 1.3270000000000002 0.64500000000000013 2.5000000000000004 1.5000000000000002 -3.4999999999999996 0.96650000000000003
decision_type=2 2 2 2 2 2 2 2 2 2 2 2 2 2 2 2 2 2 2 2 2 2 2 2
left_child=16 2 4 9 5 -2 7 -4 -6 11 15 -3 -12 -11 -8 -5 20 18 19 -18 21 23 -23 -1
right_child=1 3 6 10 8 -7 14 -9 -10 13 12 -13 -14 -15 -16 -17 17 -19 -20 -21 -22 22 -24 -25
leaf_value=-0.050734260404487974 0.0048276991389088605 0.0056110633294826247 -0.0014398440492204697 0.0027890611901556892 -0.0072675320797895892 -0.010721010330905173 -0.0076161555603767132 0.0059738043436626332 0.0050451297469548788 0.0064964644194706938 -0.0014504146604033344 -0.013917210392886299 0.0085648723109165489 -0.0098083194984692409 -0.031609940511562892 0.040970110652658952 -0.054456718200538004 -0.065124077623660195 -0.062665292613786214 -0.05713195615857411 -0.053796504544309211 -0.05148811237040845 -0.052675032893863299 -0.051245264663795823
leaf_weight=1.6394961811602096 239.26287631131709 847.9052499383688 2011.3599408268929 20.536992691457272 500.67947705090046 1653.8087888471782 165.01184415630996 1635.592942846939 677.30947195738554 110.40709854662418 459.24663790687919 116.013308390975 1688.4690495021641 572.77166672796011 54.430822443217039 52.559818997979164 2.6753984540700895 4.4381786566227666 1.932754799723625 4.1730785816907883 0.7280708849430092 1.2090700156986716 0.91074150614440519 6.9744908045977354
leaf_count=115 1076 3728 8868 92 2489 7404 765 7054 3142 571 1942 505 7528 2408 244 495 40 38 14 41 12 45 21 298
internal_value=-3.26912e-06 0.00012483 -0.00185942 0.00368377 -0.00546945 -0.00875583 0.00100801 0.00188504 -0.000188109 -0.00106709 0.00720731 0.00326072 0.0064233 -0.00717334 -0.0135676 0.0302429 -0.0560846 -0.0600827 -0.0575348 -0.0560869 -0.0514735 -0.0513159 -0.0519981 -0.051148
internal_weight=10830 10805.4 6937.46 3867.91 3071.06 1893.07 3866.4 3646.95 1177.99 1647.1 2220.81 963.919 2147.72 683.179 219.443 73.0968 24.6813 13.2194 8.78123 6.84848 11.4619 10.7338 2.11981 8.61399
internal_count=48935 48311 31042 17269 14111 8480 16931 15922 5631 7212 10057 4233 9470 2979 1009 587 624 133 95 81 491 479 66 413
is_linear=0
shrinkage=0.05


Tree=74
num_leaves=31
num_cat=0
split_feature=17 7 59 13 24 8 13 4 24 14 14 13 4 13 24 9 14 14 20 22 13 13 39 39 22 4 44 17 6 21
split_gain=30.3072 39.7639 30.4318 24.6959 22.9419 22.1405 20.4652 19.1098 18.8335 17.2474 15.1646 16.6041 14.1892 13.5989 13.3325 12.5865 11.3722 11.3659 11.0417 10.5128 9.67595 9.05218 8.32436 8.04059 7.2817 8.42204 5.66753 5.59154 4.7721 3.76627
threshold=0.18050000000000002 0.15600000000000003 9.5000000000000018 1.5085000000000002 3.5455000000000005 0.59166666666666679 1.0410000000000001 0.60350000000000004 2.6680000000000006 0.26150000000000007 0.91850000000000021 0.50850000000000006 1.3270000000000002 0.49150000000000005 1.651 2.1695000000000007 0.57400000000000007 1.3725000000000003 10.500000000000002 0.15000000000000002 2.1590000000000003 0.40350000000000003 2.7140000000000004 2.6900000000000008 0.56944444444444453 0.25650000000000006 0.49700000000000005 0.23400000000000001 0.31100000000000005 -9.4999999999999982
decision_type=2 2 2 2 2 2 2 2 2 2 2 2 2 2 2 2 2 2 2 2 2 2 2 2 2 2 2 2 2 2
left_child=4 10 9 5 6 -4 16 24 -5 29 18 28 20 -11 -14 19 -1 -17 23 -9 -8 -18 -13 -2 26 -26 -6 -20 -12 -3
right_child=1 2 3 8 7 -7 12 15 -10 13 11 22 14 -15 -16 17 21 -19 27 -21 -22 -23 -24 -25 25 -27 -28 -29 -30 -31
leaf_value=-0.054144710530237894 -0.016830350750642122 0.042527548926055848 0.0025858176531550667 0.0045680893113497455 -0.051269834224059833 -0.0058429108526909038 -0.0084310723690446693 0.022924296699341318 0.018837560664767074 -0.011858355404495894 0.01015224061063669 -0.00043872199526643718 -0.013385378722940551 0.013477347443520341 0.0031720012548240302 -0.01912038180759339 -0.041872319181318451 0.031420762605433993 -0.021233931045884443 -0.00071633350665786224 0.009301948969622267 -0.01065270697752442 -0.013903177694747262 -0.044736743666616702 -0.047085208613914908 0.014231229193712631 -0.0018067976218181455 0.018276375580811619 -0.033692104084941658 -0.046983189024245121
leaf_weight=16.082579923793674 196.71117087267339 1.2758514583110834 2351.2874851301312 1009.2527668699622 20.795268915593628 1165.2271722406149 1002.0308505315334 62.567385813221335 299.96196447499096 55.960376949980855 7.0195977240800849 1127.516213491559 139.66711553744972 988.97383438050747 938.90891290456057 12.587790086865423 23.9859314635396 95.648902378976345 12.557311579585074 189.32478625327349 83.321647819131613 725.89694542251527 127.80409007519484 29.710453107953072 7.6085516586899784 21.216063093394041 8.0265646390616876 31.212453315034509 53.555705852806568 14.892074036411939
leaf_count=252 918 6 9864 4210 114 4885 4271 347 1363 334 32 4838 850 4956 4198 56 353 700 56 838 367 3285 558 135 288 106 61 151 306 237
internal_value=-3.17606e-06 0.00176793 0.00366111 0.00197537 -0.00395676 -0.000207114 -0.00551976 0.00700467 0.00783745 0.0113276 -0.00525869 -0.00304332 -0.00303357 0.0121205 0.00102795 0.0112831 -0.0125435 0.0255429 -0.0160481 0.00515575 -0.00706972 -0.0116513 -0.00180954 -0.0204922 -0.0197235 -0.00195387 -0.0374949 0.00694108 -0.0286113 -0.0399197
internal_weight=10820.6 7472.92 5886.83 4825.73 3347.67 3516.51 2929.89 417.775 1309.21 1061.1 1586.09 1315.9 2163.93 1044.93 1078.58 360.129 765.965 108.237 270.191 251.892 1085.35 749.883 1255.32 226.422 57.6464 28.8246 28.8218 43.7698 60.5753 16.1679
internal_count=48935 32849 25855 20322 16086 14749 13576 2510 5573 5533 6994 5734 9686 5290 5048 1941 3890 756 1260 1185 4638 3638 5396 1053 569 394 175 207 338 243
is_linear=0
shrinkage=0.05


Tree=75
num_leaves=30
num_cat=0
split_feature=3 4 7 13 24 3 6 13 3 13 17 14 6 3 23 0 39 59 2 13 42 3 4 24 14 22 14 2 2
split_gain=29.8651 35.1415 37.338 24.0438 26.709 21.2586 20.5069 18.5249 15.194 14.1756 12.8485 12.8411 18.4532 11.0626 10.9516 14.8459 10.1792 10.1538 9.85929 8.7889 8.72309 8.60824 5.46439 5.02187 0.156482 0.0601373 0.0218324 0.00140174 0.000384381
threshold=0.70200000000000007 1.5895000000000004 0.43400000000000005 0.85950000000000004 2.6935000000000007 1.0000000180025095e-35 0.17500000000000002 1.4915000000000003 1.8775000000000002 0.40350000000000003 0.070000000000000021 0.7965000000000001 0.064500000000000016 0.58950000000000002 1.2860000000000005 6.5000000000000009 2.7025000000000006 26.500000000000004 5.5000000000000009 0.49150000000000005 0.28800000000000003 0.33900000000000002 1.7400000000000004 2.6935000000000007 0.47350000000000003 -0.29999999999999988 1.3270000000000002 2.5000000000000004 1.5000000000000002
decision_type=2 2 2 2 2 2 2 2 2 2 2 2 2 2 2 2 2 2 2 2 2 2 2 2 2 2 2 2 2
left_child=5 2 3 9 -5 24 18 17 11 -2 -9 16 -13 22 23 -16 -3 -4 19 -7 -15 -20 -8 -10 27 26 -26 28 -1
right_child=1 8 7 4 -6 6 13 10 14 -11 -12 12 -14 20 15 -17 -18 -19 21 -21 -22 -23 -24 -25 25 -27 -28 -29 -30
leaf_value=-0.051050044829403687 -0.027151666531047933 -0.001989207704909843 0.0073257010868446257 -0.0034553744155461003 0.0032432906869556211 -0.056362459952089883 -0.035515377458558518 -0.0084260075777702961 -0.01650627735365055 -0.0062367088205574905 0.031574109462214471 0.028806602535769523 0.0059438251747597655 -0.007383550274859276 0.025557762457812806 -0.066186421317855057 -0.036459495642986665 -0.040057829351322877 -0.031417194601988267 0.011590587624617697 -0.037392467601752154 -0.0036937350314460585 0.0011131221791720167 0.042334847454801178 -0.055771980723990866 -0.064412609455894138 -0.061924798893478052 -0.053545789263123748 -0.05183041083596527
leaf_weight=7.9230626439675689 86.364195921458304 178.79116610437632 326.70218509994447 3099.1366121359169 2862.4949677623808 4.9221315495669833 89.140019407495856 23.319185562431812 3.874258115887641 1308.0867749135941 144.33498075976968 93.233673708513379 1653.7136480435729 187.77058929949999 13.712230000644924 6.4996197894215575 24.332039132714272 11.711366996169088 30.111777596175671 143.00729421526194 27.801983080804348 399.27087167650461 11.495335239917038 56.61825799010694 6.5273799877613765 4.2861558031290761 1.8504922986030576 0.684053039178253 1.9704343266785143
leaf_count=413 1004 779 1638 13003 12461 38 533 111 18 5839 732 687 7076 875 78 31 107 49 155 695 129 1715 67 491 81 38 14 12 66
internal_value=-3.24057e-06 0.000796799 -0.000717731 -0.0016215 -0.000238991 -0.0086366 -0.00740863 0.0124192 0.00666031 -0.00753206 0.0260105 0.00578048 0.007164 -0.0176436 0.0279197 -0.00394485 -0.00611839 0.00568591 -0.00180269 0.00932955 -0.0112537 -0.00563793 -0.0313314 0.0385664 -0.055846 -0.0595955 -0.057131 -0.0513568 -0.0512055
internal_weight=10809.7 9892.93 7862.15 7356.08 5961.63 916.762 893.52 506.068 2030.77 1394.45 167.654 1950.07 1746.95 316.208 80.7044 20.2118 203.123 338.414 577.312 147.929 215.573 429.383 100.635 60.4925 23.2416 12.664 8.37787 10.5776 9.8935
internal_count=48935 44104 34837 32307 25464 4831 4207 2530 9267 6843 843 8649 7763 1604 618 109 886 1687 2603 733 1004 1870 600 509 624 133 95 491 479
is_linear=0
shrinkage=0.05


Tree=76
num_leaves=27
num_cat=0
split_feature=14 13 17 4 17 9 4 9 17 16 59 40 3 14 13 4 3 33 3 0 18 11 33 22 4 26
split_gain=28.6227 28.6073 29.9705 23.1868 21.7408 19.8657 18.817 25.2858 13.3011 15.344 13.2158 12.1599 9.94527 9.46717 5.12885 4.01533 0.153918 0.0292389 0.0138065 0.00229738 0.0013485 0.000437345 0.000433009 0.000241925 9.56342e-05 9.28416e-05
threshold=1.0000000180025095e-35 1.8545000000000003 0.17500000000000002 1.0390000000000004 0.52500000000000013 2.0440000000000005 0.46450000000000008 2.2745000000000002 0.23900000000000002 0.91300000000000014 27.500000000000004 0.78500000000000014 0.91850000000000021 0.75450000000000006 2.0410000000000004 0.25650000000000006 0.82700000000000007 0.30100000000000005 1.0000000180025095e-35 9.5000000000000018 0.93333333333333346 3.5000000000000004 0.26650000000000007 -0.5166666666666665 0.46450000000000008 0.26450000000000007
decision_type=2 2 2 2 2 2 2 2 2 2 2 2 2 2 2 2 2 2 2 2 2 2 2 2 2 2
left_child=16 2 6 4 -4 -5 15 -8 9 10 -3 12 -10 -11 -13 -2 18 19 21 -18 22 24 -20 -23 -1 -22
right_child=1 8 3 5 -6 -7 7 -9 11 13 -12 14 -14 -15 -16 -17 17 -19 20 -21 25 23 -24 -25 -26 -27
leaf_value=-0.050633074563483232 -0.053555784512632348 0.0038261431911038417 -0.0047757202036318907 0.0022562870396682592 0.020669914752181221 0.023929767637298285 -0.0060764373298905815 0.01527460696392321 0.0040968254513928997 0.010172936696657392 -0.017942700183009714 -0.043911923941920672 0.021835810940732506 0.048247029297702873 0.0035304195169293846 -0.024664601209259389 -0.05709019038827895 -0.06419036118636208 -0.054471610215155591 -0.059351220794396913 -0.053642818961855333 -0.051359449640916446 -0.05563498402308751 -0.05248767979492891 -0.051087882119744202 -0.053002382631195603
leaf_weight=1.4191589457914249 19.040864314883947 770.59111395850778 1910.6851913714781 4769.2835103236139 87.801466643810272 108.12404479831457 2379.3401176072657 147.25052273645997 111.51263618841767 37.329831104725599 76.656469359993935 11.752072071656587 271.11056875251234 29.018513642251492 11.056174261495469 32.644826032221317 2.3766404688358289 3.6259213164448738 2.0196663513779636 2.1306536793708801 1.2707344628870489 1.1057767905294893 1.3242725282907484 0.83313543908298004 6.2294186893850565 1.0202144440263508
leaf_count=115 590 3443 8362 20459 571 481 10459 887 487 187 322 60 1409 343 56 178 26 26 31 17 21 45 17 21 302 20
internal_value=-3.18178e-06 0.000116687 -0.000845704 0.00087817 -0.00365779 0.00273675 -0.00544303 -0.00483209 0.00701466 0.00366987 0.00185656 0.0145518 0.0166659 0.0268253 -0.0209145 -0.035308 -0.0552949 -0.0608479 -0.0523279 -0.058159 -0.0542921 -0.0511735 -0.0549323 -0.0518442 -0.0510035 -0.0533576
internal_weight=10796.6 10773.2 9454.17 6875.89 1998.49 4877.41 2578.28 2526.59 1319.03 913.596 847.248 405.431 382.623 66.3483 22.8082 51.6857 23.3556 8.13322 15.2224 4.50729 5.63489 9.58749 3.34394 1.93891 7.64858 2.29095
internal_count=48935 48294 41987 29873 8933 20940 12114 11346 6307 4295 3765 2012 1896 530 116 768 641 69 572 43 89 483 48 66 417 41
is_linear=0
shrinkage=0.05


Tree=77
num_leaves=29
num_cat=0
split_feature=24 7 4 0 4 24 16 13 13 24 29 7 24 23 0 21 43 23 4 26 44 30 24 16 7 11 22 4
split_gain=27.5143 28.2406 29.3063 22.1391 22.2246 21.7278 21.9616 16.7916 14.298 9.36309 8.83246 7.41586 6.44014 6.25839 5.40516 9.99161 3.55878 3.54732 2.58162 2.17179 1.56347 1.1458 0.0324004 0.01424 0.00336105 0.000375402 0.000207399 8.20951e-05
threshold=1.2565000000000002 0.46900000000000003 1.1275000000000002 5.5000000000000009 0.46450000000000008 3.1010000000000004 0.91300000000000014 1.2320000000000004 1.2890000000000004 0.61250000000000016 1.7185000000000001 0.8660000000000001 2.0405000000000002 -0.33399999999999991 12.500000000000002 -7.4999999999999991 0.72450000000000003 -0.92899999999999983 0.96650000000000003 0.26450000000000007 0.49550000000000005 1.4585000000000001 1.0000000180025095e-35 0.32700000000000007 0.16350000000000003 3.5000000000000004 -0.5166666666666665 0.46450000000000008
decision_type=2 2 2 2 2 2 2 2 2 2 2 2 2 2 2 2 2 2 2 2 2 2 2 2 2 2 2 2
left_child=9 2 3 4 -2 6 -4 -5 -7 22 16 12 -12 14 17 -16 -3 -11 20 -13 -15 -20 25 -24 -25 27 -27 -1
right_child=1 10 5 7 -6 8 -8 -9 -10 13 11 19 -14 18 15 -17 -18 -19 21 -21 -22 -23 23 24 -26 26 -28 -29
leaf_value=-0.050601819185989806 -0.022607258117855203 -0.0045885619344563861 0.00027993445810723983 -0.015300215721054975 -5.4117274037512596e-05 0.0050283623565705229 0.036250527198937323 -0.0035112711215023458 0.018759454311243602 -0.045042035584667989 0.003194418047464254 0.020918935744555597 0.015957731178466491 -0.040818444580893273 -0.019317296998020178 0.013156989277210552 -0.070411220989018794 -0.010106484224506534 -0.039265855420105689 0.056103784839605736 0.020434305564249963 -0.069248732741095109 -0.060105123263695041 -0.053172413714419303 -0.055241906014221312 -0.051291564784233738 -0.052361623318806144 -0.051033724959929
leaf_weight=1.350758542306721 114.53652641177177 3.9120847731828672 5446.6779934279621 598.93491822946817 2359.8466464951634 716.0520069077611 42.766632582992315 609.36429818719625 257.85648386366665 17.795116394758228 146.56618330441415 6.8084497954696444 303.48361653089523 2.0888201156631139 60.410687800496817 38.963213250041008 4.3222538232803345 12.280661348253487 5.8630369622260314 12.325386602431534 2.0783441383391619 6.9796611778438091 1.3088734392076737 3.0463964603841287 5.5114467162638903 1.053204422816634 0.79436265397816885 5.9317360334098339
leaf_count=115 1002 18 23148 2898 10265 3070 358 2579 1493 111 695 107 1550 21 312 213 23 83 47 237 19 53 18 59 73 45 21 302
internal_value=-3.06568e-06 0.00031205 -0.000247161 -0.00380715 -0.00109808 0.00178125 0.000560171 -0.00935487 0.00866387 -0.0202357 0.0121963 0.0130973 0.0118011 -0.015952 -0.0122053 -0.00658455 -0.0391393 -0.030777 -0.044465 0.0435839 -0.0102691 -0.0555607 -0.0532617 -0.0552481 -0.0545052 -0.0511151 -0.0517516 -0.0509536
internal_weight=10788.9 10623.5 10146 3682.68 2474.38 6463.35 5489.44 1208.3 973.908 165.456 477.418 469.184 450.05 146.46 129.45 99.3739 8.23434 30.0758 17.0099 19.1338 4.16716 12.8427 18.9968 9.86672 8.55784 9.13006 1.84757 7.28249
internal_count=48935 47443 44813 16744 11267 28069 23506 5477 4563 1492 2630 2589 2245 859 719 525 41 194 140 344 40 100 633 150 132 483 66 417
is_linear=0
shrinkage=0.05


Tree=78
num_leaves=30
num_cat=0
split_feature=4 9 7 2 4 22 4 14 3 9 7 3 8 22 7 1 4 33 11 4 9 1 42 13 13 13 10 8 1
split_gain=26.4109 27.4399 28.0609 24.8293 19.9788 18.7507 18.3173 14.9024 14.7917 14.1593 22.4334 13.3704 12.6667 12.3438 9.42164 13.1715 9.00306 7.85407 7.59348 8.78209 4.39878 1.49284 0.601212 0.0490402 0.00989821 0.00480138 0.00182079 0.000332501 2.66095e-05
threshold=0.79050000000000009 2.0850000000000004 0.21950000000000003 11.500000000000002 1.5895000000000004 -0.40833333333333327 1.0000000180025095e-35 0.85450000000000015 1.1275000000000002 2.4905000000000004 0.093000000000000013 0.71100000000000008 0.8500000000000002 0.96666666666666667 0.17300000000000001 62.500000000000007 0.50850000000000006 0.29950000000000004 13.500000000000002 0.72900000000000009 2.5085000000000002 17.500000000000004 0.31700000000000006 0.7965000000000001 1.0000000180025095e-35 1.2405000000000002 9.5000000000000018 0.81666666666666676 2.5000000000000004
decision_type=2 2 2 2 2 2 2 2 2 2 2 2 2 2 2 2 2 2 2 2 2 2 2 2 2 2 2 2 2
left_child=6 2 4 7 8 -5 23 -4 -2 10 16 -6 -12 14 17 -16 -8 -3 19 -11 -20 22 -15 24 28 26 -25 -26 -1
right_child=1 13 3 5 11 -7 9 -9 -10 18 12 -13 -14 21 15 -17 -18 -19 20 -21 -22 -23 -24 25 27 -27 -28 -29 -30
leaf_value=-0.050573741403661748 -0.01108538971268206 -0.0029327395739281586 -0.0017333222743507318 -0.00945815617391094 -0.010083876988647718 0.0017098662868020812 -0.060053181910818487 0.010928959612665178 -0.0030085041650033126 0.0092159602135899275 -0.0036385003469660568 0.0041861794520455364 -0.021434873293540987 0.055011587321301583 0.020943157185634706 -0.041634951475398807 -0.023548300838708611 0.013646587168894329 0.017205495078557762 0.05743389740782006 -0.028034184028321425 0.1103874602474781 0.012415003055772273 -0.054434858910914298 -0.054035142884715441 -0.05806423722790624 -0.056702140184737064 -0.053207420980557099 -0.050817301625615409
leaf_weight=1.3111041551455871 819.23345498740673 155.43051259964705 294.26129744574428 421.71649771183729 192.74859338067472 3454.9917251765728 22.80800586566329 1104.7189886923879 1840.015997570008 104.56625649519265 653.55501532927155 1106.1766733210534 118.04599571973085 12.718904659152027 210.59701729938388 8.7584494203329069 65.093247629702091 132.18197788670659 7.365863814949992 10.380700454115866 19.86200912296772 1.2011495083570469 0.88606585562229234 1.8849178813397878 2.1156354798004022 3.752398643642664 1.6700702384114263 2.8446678388863802 7.7506740521639585
leaf_count=117 3815 692 1409 1773 1081 14531 172 5455 7842 493 3012 5027 523 279 925 36 313 603 31 45 84 5 12 30 33 35 17 53 492
internal_value=-3.03963e-06 0.000798437 0.000168085 0.00255555 -0.00301407 0.000494985 -0.00764611 0.00826558 -0.00549675 -0.0066698 -0.00908757 0.00206863 -0.00636114 0.0119538 0.0106395 0.0184445 -0.0330203 0.00468685 0.00794656 0.0135705 -0.0157956 0.0569548 0.0522374 -0.0534957 -0.0517649 -0.0568167 -0.0555 -0.0535605 -0.0507821
internal_weight=10778.6 9755.64 9233.86 5275.69 3958.17 3876.71 1023.01 1398.98 2659.25 1001.68 859.502 1298.93 771.601 521.774 506.968 219.355 87.9013 287.612 142.175 114.947 27.2279 14.8061 13.605 21.3295 14.0221 7.30739 3.55499 4.9603 9.06178
internal_count=48935 43485 40933 23168 17765 16304 5450 6864 11657 4673 4020 6108 3535 2552 2256 961 485 1295 653 538 115 296 291 777 695 82 47 86 609
is_linear=0
shrinkage=0.05


Tree=79
num_leaves=26
num_cat=0
split_feature=3 13 17 7 11 24 24 43 4 4 22 13 4 4 26 2 14 22 14 19 13 1 11 1 4
split_gain=26.0839 25.0952 27.2192 25.6001 25.6209 20.0115 15.4625 14.287 11.8617 11.3458 10.7425 9.38343 8.7138 7.837 5.98244 2.95664 0.130228 0.0282002 0.0256455 0.0114801 0.00288128 0.00144969 0.000419728 0.000195274 7.36275e-05
threshold=1.0000000180025095e-35 1.8545000000000003 0.17500000000000002 0.13700000000000004 19.500000000000004 3.5455000000000005 3.0015000000000005 0.71650000000000003 0.64500000000000013 1.3205000000000002 -0.96666666666666645 0.50850000000000006 1.3550000000000002 1.5740000000000001 0.60250000000000015 21.500000000000004 0.98350000000000015 -0.29999999999999988 0.26150000000000007 1.4915000000000003 1.4915000000000003 1.0000000180025095e-35 3.5000000000000004 1.0000000180025095e-35 0.46450000000000008
decision_type=2 2 2 2 2 2 2 2 2 2 2 2 2 2 2 2 2 2 2 2 2 2 2 2 2
left_child=16 2 5 11 -5 9 7 13 -7 -2 -9 -4 14 -3 -8 -14 18 20 22 -20 -18 -21 24 -24 -1
right_child=1 6 3 4 -6 8 12 10 -10 -11 -12 -13 15 -15 -16 -17 17 -19 19 21 -22 -23 23 -25 -26
leaf_value=-0.050543909872252359 -0.010383074063029699 -0.0097493443159006755 -0.025926927720874505 0.0060190274354988017 -0.0007198890244188989 -0.016665676384768107 0.012224545821631259 0.046655489548917066 0.0089975968338042635 -0.0031752240725799888 0.0073476049832489239 -0.0050200084491685828 0.048105431509367774 0.0062713462119137978 0.065431205735390921 -0.0051506977391029629 -0.057096987122468759 -0.064679668720934655 -0.059725743698719996 -0.053075593836705265 -0.059587848972204704 -0.05513889882721628 -0.05111606068947077 -0.052162058802783101 -0.050972108050088352
leaf_weight=1.2235799198970214 1168.2939982414246 214.79936270415783 56.529018423520029 2484.8543147221208 3262.0060456544161 52.257073316723108 99.210011765360832 17.756332319229841 325.39806474372745 1024.9302388355136 823.35609788820148 1060.6809678897262 32.352452488616109 118.41993322595954 5.5802284404635421 2.834482178092002 2.1374660078436136 2.9694912740960708 1.2704071383923281 1.6226994805037978 2.5413341894745827 1.7908278089016674 0.74445919878780831 1.1136817736551163 5.5915583875030279
leaf_count=115 5439 940 352 11247 13669 554 491 193 1684 4441 3668 4608 407 573 29 16 23 24 16 31 21 24 36 32 302
internal_value=-3.07427e-06 0.000105698 -0.000795986 0.000847583 0.00219392 -0.0051842 0.00657857 0.00470619 0.00544651 -0.00701473 0.00817742 -0.00607786 0.0222868 -0.00405589 0.0150579 0.0438154 -0.0556659 -0.0608687 -0.0526869 -0.0556682 -0.0584499 -0.0541581 -0.0510769 -0.051743 -0.0508952
internal_weight=10770.3 10749.3 9434.95 6864.07 5746.86 2570.88 1314.31 1174.33 377.655 2193.22 841.112 1117.21 139.977 333.219 104.79 35.1869 21.0055 7.64829 13.3572 4.68393 4.6788 3.41353 8.67328 1.85814 6.81514
internal_count=48935 48311 41994 29876 24916 12118 6317 5374 2238 9880 3861 4960 943 1513 520 423 624 68 556 71 44 55 485 68 417
is_linear=0
shrinkage=0.05


Tree=80
num_leaves=27
num_cat=0
split_feature=14 13 16 7 17 16 13 7 3 17 24 14 36 20 13 28 3 33 3 13 18 39 12 22 23 5
split_gain=25.6162 25.4005 28.8012 21.401 20.9375 19.3014 19.0255 18.3054 17.4304 10.2528 8.62064 6.63659 6.40967 4.65171 3.8095 3.6904 0.131842 0.0279027 0.0106 0.00138344 0.00106439 0.000592259 0.000277851 0.000130738 8.32549e-05 6.15241e-05
threshold=1.0000000180025095e-35 1.1060000000000001 0.17300000000000001 0.37250000000000005 0.044000000000000004 0.29300000000000004 0.25850000000000006 0.57500000000000007 0.71700000000000008 0.16950000000000001 2.4190000000000005 0.57400000000000007 0.44400000000000006 -13.499999999999998 1.0000000180025095e-35 0.32550000000000007 0.82700000000000007 0.30100000000000005 1.0000000180025095e-35 1.4915000000000003 0.93333333333333346 2.5810000000000008 1.5000000000000002 -0.5166666666666665 -1.0004999999999997 -1.0000000180025095e-35
decision_type=2 2 2 2 2 2 2 2 2 2 2 2 2 2 2 2 2 2 2 2 2 2 2 2 2 2
left_child=16 5 12 8 -5 6 14 -8 -4 11 -11 -7 15 -14 -2 -3 18 19 22 -18 21 -20 25 -24 -22 -1
right_child=1 2 3 4 -6 9 7 -9 -10 10 -12 -13 13 -15 -16 -17 17 -19 20 -21 24 -23 23 -25 -26 -27
leaf_value=-0.050918934675990374 -0.052538297375523936 -0.010259584664503711 -0.0083699194280386028 -0.017588835323769186 0.011531597412228688 -0.053375536535593265 -0.0008998158102757613 0.029248446821643653 0.0013486405347705912 -0.009919508855772495 0.0010522354569291428 -0.013591735278391599 0.077993863017934872 0.028847928601155166 -0.021773362429652207 0.030985936600277843 -0.056770334598461793 -0.063652160500553265 -0.05379024796440534 -0.058576602726530175 -0.053337346378536092 -0.055182170897244746 -0.051157596125119109 -0.05202331101441391 -0.052704146125872237 -0.050517100756151768
leaf_weight=5.2336727501824489 17.120505217462778 16.892138188704852 506.76105793938041 67.263125970959663 749.86022320389748 10.75198473036289 2900.8197311833501 51.238896906375885 5150.0308587606996 385.56972195208073 334.21765105426311 418.53178612701595 5.0691290758550158 95.962159348651767 24.407178331166506 7.9877291321754447 2.2650839155539861 3.4781759269535542 1.5150628145784133 1.9926465749740598 1.0541595667600634 1.5420764209702609 0.94790451228618622 0.80771038774400927 1.0227943025529382 1.1645073127001548
leaf_count=298 663 86 2315 328 3397 96 12813 401 22199 1761 1406 1962 27 621 167 52 26 26 26 17 19 22 45 25 22 115
internal_value=-2.90784e-06 0.000105 0.00203125 0.00157061 0.00913449 -0.00296378 -0.0008493 -0.000376532 0.000478008 -0.00847245 -0.00482502 -0.0145882 0.0257155 0.0313138 -0.0344567 0.00298237 -0.0551404 -0.0603298 -0.0521193 -0.0576157 -0.053899 -0.0544924 -0.0509987 -0.0515559 -0.0530255 -0.0508458
internal_weight=10763.5 10742.5 6599.83 6473.92 817.123 4142.66 2993.59 2952.06 5656.79 1149.07 719.787 429.284 125.911 101.031 41.5277 24.8799 21.0238 7.73591 13.2879 4.25773 5.13409 3.05714 8.15379 1.75561 2.07695 6.39818
internal_count=48935 48294 29025 28239 3725 19269 14044 13214 24514 5225 3167 2058 786 648 830 138 641 69 572 43 89 48 483 70 41 413
is_linear=0
shrinkage=0.05


Tree=81
num_leaves=27
num_cat=0
split_feature=14 4 12 17 9 7 4 9 7 21 24 1 33 24 10 1 15 14 16 23 23 10 1 11 7 4
split_gain=24.2444 24.0712 31.6346 25.0134 22.9596 21.1268 16.8604 13.6595 15.3309 9.81315 0.11188 0.0302497 0.0232539 0.00958794 0.00657304 0.00150437 0.00114694 0.000936161 0.000679148 0.000502458 0.000364883 0.000306014 0.00024376 0.000238661 0.000116072 5.42893e-05
threshold=1.0000000180025095e-35 0.85450000000000015 1.5000000000000002 0.37700000000000006 2.0850000000000004 0.11650000000000001 1.0000000180025095e-35 1.9025000000000001 0.43400000000000005 1.0000000180025095e-35 0.97050000000000003 3.5000000000000004 0.30100000000000005 1.0000000180025095e-35 11.500000000000002 1.0000000180025095e-35 1.4900000000000002 1.9835000000000003 0.93100000000000016 -1.0000000180025095e-35 -1.4909999999999997 4.5000000000000009 2.5000000000000004 3.5000000000000004 0.32700000000000007 0.46450000000000008
decision_type=2 2 2 2 2 2 2 2 2 2 2 2 2 2 2 2 2 2 2 2 2 2 2 2 2 2
left_child=10 6 15 4 -4 -5 11 8 -8 -9 13 19 16 23 -13 17 -12 -3 21 -2 -20 -15 -17 25 -25 -1
right_child=1 2 3 5 -6 -7 7 9 -10 -11 12 14 -14 18 -16 22 -18 -19 20 -21 -22 -23 -24 24 -26 -27
leaf_value=-0.050491627518821094 -0.052852226103296152 0.052813670555076048 -0.00065078352490487092 -0.0098535479658362415 0.012234343017830066 0.010796782225147128 -0.016069426537388218 0.020756767594791812 0.0045520863738396679 -0.0027356150803335721 -0.0563991266296342 -0.056154639080606 -0.062870984783196512 -0.054773004261616368 -0.053798593674827005 0.051665140850450111 -0.058098769553902099 0.05142219126788139 -0.0537999426166091 -0.050719226254787565 -0.052524722880207847 -0.053714471139658507 0.052025637390424123 -0.051013215877266961 -0.051874829146843937 -0.050877947379849714
leaf_weight=1.1082583349198118 0.28885298594832498 9.0400086008012313 7879.0182058885694 142.94596811942756 361.58751904964447 927.48036665841937 419.82602389529347 47.091030113399029 114.76837671734393 793.30839254334569 2.0657081576064225 6.2996921427547914 3.3486064970493317 1.477591682225466 5.5846195947378874 7.6800966188311586 1.9106577858328817 1.3953217193484295 1.0417342446744444 6.2508402680978197 1.215427618473768 1.2692710626870392 12.041141465306282 0.69743220694363095 0.88928147684782743 5.0685098767280579
leaf_count=115 6 181 34000 686 1593 4257 1971 209 541 3561 25 80 26 21 121 264 17 52 18 448 28 23 324 37 29 302
internal_value=-2.95547e-06 9.97516e-05 0.00101421 0.00084862 -8.54002e-05 0.00803911 -0.00603061 -0.00539396 -0.0116423 -0.00141924 -0.0548752 -0.0535446 -0.0598011 -0.0520492 -0.0550475 0.0521421 -0.0572158 0.0526276 -0.0537559 -0.0508134 -0.0531133 -0.0542839 0.0518852 -0.0509491 -0.0514961 -0.0508086
internal_weight=10754.7 10734.6 9341.19 9311.03 8240.61 1070.43 1393.42 1374.99 534.594 840.399 20.0925 18.424 7.32497 12.7675 11.8843 30.1566 3.97637 10.4353 5.00402 6.53969 2.25716 2.74686 19.7212 7.76348 1.58671 6.17677
internal_count=48935 48294 41357 40536 35593 4943 6937 6282 2512 3770 641 655 68 573 201 821 42 233 90 454 46 44 588 483 66 417
is_linear=0
shrinkage=0.05


Tree=82
num_leaves=31
num_cat=0
split_feature=13 36 7 14 19 17 11 24 13 4 7 36 18 19 1 27 19 25 13 22 17 26 13 4 4 8 24 24 11 36
split_gain=24.5732 23.4384 25.4004 19.3654 24.3029 19.3057 22.7073 14.3651 13.0756 12.4697 15.725 10.0557 10.043 9.43305 9.3325 6.59272 9.00183 5.8934 5.53965 5.10582 4.35479 0.607813 0.0759425 0.0148699 0.000940161 0.000724789 0.000351593 1.83233e-05 3.40175e-06 2.52244e-08
threshold=0.65100000000000013 0.40450000000000008 0.27100000000000007 0.47350000000000003 2.6570000000000005 0.29500000000000004 7.5000000000000009 2.1115000000000008 1.0000000180025095e-35 1.7400000000000004 0.093000000000000013 0.35000000000000003 0.74166666666666681 1.3770000000000002 44.500000000000007 0.22650000000000003 1.9485000000000003 508.50000000000006 1.7925000000000002 0.51666666666666683 0.49150000000000005 0.61150000000000004 0.59200000000000008 1.0000000180025095e-35 1.2455000000000003 0.54444444444444462 2.6665000000000005 0.61250000000000016 1.0000000180025095e-35 0.52650000000000008
decision_type=2 2 2 2 2 2 2 2 2 2 2 2 2 2 2 2 2 2 2 2 2 2 2 2 2 2 2 2 2 2
left_child=8 9 3 20 -5 7 -7 -4 23 10 11 -2 -12 14 17 18 -17 -10 -11 -16 -3 22 -15 27 25 -25 -26 29 -29 -1
right_child=1 2 5 4 -6 6 -8 -9 13 15 12 -13 -14 21 19 16 -18 -19 -20 -21 -22 -23 -24 24 26 -27 -28 28 -30 -31
leaf_value=-0.050464773257920592 -0.0052369165515641783 -0.032883718068761413 -0.0047610242923970224 -0.00050867235877709825 0.032778499085540855 0.026105443326601238 0.0071622547940176336 0.0047488989950802809 0.00060390096143185241 -0.034281705783334192 -0.0041456951481377378 -0.037380148476113942 -0.022826217214947302 -0.054981341674521733 -0.017476675102987803 0.0071723218032426058 0.04535895126414019 -0.0098500386167422061 0.0092339376561712712 -0.062375194382003854 0.012120823870704246 -0.024387972861147619 -0.064075540206790196 -0.052670038670609702 -0.053830379917424322 -0.053727109483008101 -0.054906478736112388 -0.050683135553801474 -0.05085397600950789 -0.050484475799792719
leaf_weight=0.87562854867428785 38.258825932629406 55.0817447360605 526.09118133224547 5427.7052133232355 55.393006375059485 194.96081799827516 838.94783945381641 1619.4993975013494 207.97887875512242 15.607033997774126 1034.2498898189515 66.840870279818773 77.328455485403538 5.8073735469952208 14.641149468719961 115.34438475780189 17.816779964603484 383.25027740933001 13.763145882636307 11.157328739762304 5.9564660042524329 1.5035808607935894 3.7961979135870934 2.8352740332484228 1.6160955382511022 3.7882300298660994 1.4313413947820661 6.2782477652654052 0.30556210689246643 0.19945100974291563
leaf_count=96 200 561 2285 23481 455 1331 3632 6935 1002 72 4569 355 360 97 69 515 125 1898 76 52 35 17 24 69 28 65 18 473 19 21
internal_value=-2.8856e-06 0.000601404 0.00155899 -0.000484173 -0.000172389 0.00512169 0.0107343 0.0024171 -0.00946126 -0.00545544 -0.0071931 -0.0256792 -0.00544523 -0.00827921 -0.00745712 0.00755233 0.0122816 -0.00617262 -0.0138899 -0.0368944 -0.0284919 -0.0539481 -0.0585762 -0.0523056 -0.053609 -0.0532746 -0.0543358 -0.0506598 -0.0506911 -0.0504684
internal_weight=10748.3 10102.8 8723.64 5544.14 5483.1 3179.5 1033.91 2145.59 645.465 1379.21 1216.68 105.1 1111.58 628.135 617.028 162.531 133.161 591.229 29.3702 25.7985 61.0382 11.1072 9.60357 17.3298 9.67094 6.6235 3.04744 7.65889 6.58381 1.07508
internal_count=48935 44987 38715 24532 23936 14183 4963 9220 3948 6272 5484 555 4929 3159 3021 788 640 2900 148 121 596 138 121 789 180 134 46 609 492 117
is_linear=0
shrinkage=0.05


Tree=83
num_leaves=24
num_cat=0
split_feature=3 13 24 6 8 7 14 19 11 18 13 10 5 24 3 30 14 18 14 18 1 2 11
split_gain=23.568 23.0863 20.9492 21.5217 21.3556 19.3425 17.3732 17.3157 16.942 14.9096 14.2022 14.0607 13.6955 12.9884 9.46144 8.33429 0.106888 0.0233368 0.0225997 0.00902882 0.00121152 0.000877415 0.000155481
threshold=1.0000000180025095e-35 1.4915000000000003 2.3485000000000005 0.29500000000000004 0.36666666666666675 0.43400000000000005 0.91850000000000021 2.6035000000000008 25.500000000000004 0.74166666666666681 0.71700000000000008 4.5000000000000009 -0.8304999999999999 1.8335000000000001 0.57400000000000007 1.506 0.98350000000000015 0.4555555555555556 0.47350000000000003 0.4555555555555556 1.0000000180025095e-35 2.5000000000000004 3.5000000000000004
decision_type=2 2 2 2 2 2 2 2 2 2 2 2 2 2 2 2 2 2 2 2 2 2 2
left_child=16 2 3 13 8 6 11 -8 -4 12 -6 -3 -7 -2 -5 -11 18 -18 21 -20 -21 22 -1
right_child=1 5 4 14 10 9 7 -9 -10 15 -12 -13 -14 -15 -16 -17 17 -19 19 20 -22 -23 -24
leaf_value=-0.050746827358909688 -0.0092041489209404009 -0.0014347771339231069 0.010104940675770654 -0.056451856756038837 -0.0083959749845551497 -0.014669032065609329 0.0041747272217309301 0.045167213259172355 -0.0047557710375094285 -0.03037867330787233 -0.0001896197705551772 -0.022436596738349676 0.028166971713298419 0.0013900675550659208 -0.011812222004750281 0.01033546234886093 -0.063388844526479207 -0.057716449441905127 -0.059131118915670015 -0.052917288012716536 -0.054987259037329143 -0.052909346092282997 -0.051341828165109307
leaf_weight=5.7044126559048909 422.92624721862376 846.21207469329238 798.47507426142693 12.063699728809295 625.29109777230769 20.964377921074629 2389.996125664562 26.04227514192462 252.41959527134895 21.755799446254969 3361.6717457100749 87.98113514482975 169.72175708692521 915.69487187452614 739.81155015900731 29.768219541758299 3.3613509396091095 3.9368854500353336 1.2622139463201163 1.2887636832892897 1.5655723810195921 0.5647958256304263 1.3596426239237187
leaf_count=417 2007 3661 3464 115 3312 119 10551 335 1049 109 14429 387 984 4042 3601 146 30 38 17 26 22 12 62
internal_value=-2.96119e-06 9.57563e-05 -0.0015514 -0.00575922 0.000194671 0.00336414 0.00237766 0.00461658 0.00653547 0.0170091 -0.00147665 -0.0034127 0.0234575 -0.00195709 -0.0125285 -0.00685591 -0.0555769 -0.060329 -0.0526241 -0.0556098 -0.0540526 -0.051013 -0.0508613
internal_weight=10739.8 10720.8 7128.35 2090.5 5037.86 3592.44 3350.23 2416.04 1050.89 242.21 3986.96 934.193 190.686 1338.62 751.875 51.524 19.0436 7.29824 11.7454 4.11655 2.85434 7.62885 7.06406
internal_count=48935 48311 32019 9765 22254 16292 14934 10886 4513 1358 17741 4048 1103 6049 3716 255 624 68 556 65 48 491 479
is_linear=0
shrinkage=0.05


Tree=84
num_leaves=31
num_cat=0
split_feature=36 7 3 4 9 4 14 26 9 2 1 22 3 20 14 19 24 8 42 24 4 3 1 44 23 4 24 29 24 14
split_gain=22.6329 22.95 20.159 19.0926 18.3916 17.8774 17.8065 16.753 13.4392 13.0932 11.2568 12.238 14.6132 12.4733 11.7287 11.5194 9.93989 8.61639 8.19813 10.8474 8.32248 8.13554 7.97952 7.87719 3.43541 4.63336 1.62332 0.830567 0.187281 0.0388425
threshold=0.56100000000000005 0.19100000000000003 0.69400000000000006 1.2890000000000004 1.9185000000000001 0.46450000000000008 1.1225000000000003 0.32550000000000007 0.55800000000000016 11.500000000000002 25.500000000000004 0.5916666666666669 1.8870000000000002 -11.499999999999998 0.26150000000000007 2.302 1.651 0.70000000000000007 0.25050000000000006 3.0930000000000004 1.7545000000000002 1.0000000180025095e-35 3.5000000000000004 0.47650000000000003 1.1015000000000004 0.25650000000000006 3.7780000000000009 2.7775000000000003 1.2070000000000003 0.47350000000000003
decision_type=2 2 2 2 2 2 2 2 2 2 2 2 2 2 2 2 2 2 2 2 2 2 2 2 2 2 2 2 2 2
left_child=1 5 21 4 -4 24 8 -8 -7 -5 14 18 17 -14 27 16 -16 -13 20 -20 -12 29 -23 -17 26 -26 -1 -2 -29 -3
right_child=10 2 3 9 -6 6 7 -9 -10 -11 11 12 13 -15 15 23 -18 -19 19 -21 -22 22 -24 -25 25 -27 -28 28 -30 -31
leaf_value=-0.057453437624935447 -0.015213739395501245 -0.051256881160963476 -0.0032436900325643545 0.012088877675257365 0.0066993738898840655 0.0080078510033781483 0.0054832630903936651 -0.0049552423190378997 -0.012351318795669135 0.0029469731053279819 0.0071260213789652305 -0.082252042414153737 0.061668458652353986 -0.012114351067862968 -0.018830134282021297 0.0023216875305218537 0.0069558725779262408 -0.026587909065129808 -0.0052554222925945424 0.0077415617547845553 0.066976199136780948 0.0033992311038751077 -0.010912505503404328 0.034171124912299608 -0.054222123740053009 0.0037512199796165958 -0.014945508125718904 -0.054219264815053847 -0.071676750178252438 -0.059588956018054397
leaf_weight=19.285347529686991 1.0405851369723667 1.7878105863928775 2171.4500419888645 520.24305117502809 591.8253178820014 90.082204529084265 559.75823647156358 1226.7920907940716 809.09320839866996 1584.6686651855707 336.64466355741024 8.6576521843671781 7.9334626495838192 20.606208860874176 38.49699311517179 27.862723307684064 1279.5748433899134 35.289318695664406 512.53311124444008 233.75754648447037 5.9104482978582373 126.13556791841984 427.42334934417158 64.021072594448924 5.9864485673606387 8.1231483910232765 2.54200854897499 2.8885408081114292 3.2816194836050272 6.427556935697794
leaf_count=270 21 133 9446 2537 2639 823 2507 5512 3663 6592 1404 36 33 86 194 145 6087 146 2157 1035 25 616 1965 339 265 50 16 101 21 71
internal_value=-2.89747e-06 -0.00129441 0.000583859 0.00161877 -0.00111413 -0.00504173 -0.00457297 -0.00168467 -0.0103117 0.00520646 0.00408007 0.000430628 -0.0194624 0.00839581 0.0070707 0.00739599 0.00620274 -0.0375539 0.00175495 -0.00118443 0.00815868 -0.00838441 -0.00765139 0.0245131 -0.0400737 -0.0208458 -0.052503 -0.0565353 -0.0635041 -0.0577757
internal_weight=10730.1 8151.62 5429.96 4868.19 2763.28 2721.66 2685.73 1786.55 899.175 2104.91 2578.5 1161.33 72.4866 28.5397 1417.17 1409.96 1318.07 43.947 1088.85 746.291 342.555 561.774 553.559 91.8838 35.937 14.1096 21.8274 7.21075 6.17016 8.21537
internal_count=48935 37105 23999 21214 12085 13106 12505 8019 4486 9129 11830 4922 301 119 6908 6765 6281 182 4621 3192 1429 2785 2581 484 601 315 286 143 122 204
is_linear=0
shrinkage=0.05


Tree=85
num_leaves=31
num_cat=0
split_feature=17 7 13 11 4 24 3 3 19 14 24 18 4 14 13 8 13 22 29 20 23 22 14 7 4 4 25 39 11 25
split_gain=21.7662 28.5655 22.6851 24.7874 19.6098 17.2271 16.8492 14.8124 14.722 15.4079 14.6984 13.1973 13.137 12.3119 13.6598 11.0088 10.7933 10.1026 10.0098 9.51848 7.8598 7.73024 6.95985 6.60178 6.41596 6.2955 5.15332 3.20442 2.18555 0.626401
threshold=0.18050000000000002 0.15600000000000003 1.5085000000000002 19.500000000000004 1.5400000000000003 3.5455000000000005 0.74550000000000016 0.26150000000000007 2.6570000000000005 0.75450000000000006 2.6680000000000006 0.78888888888888908 0.60350000000000004 1.1960000000000002 1.0490000000000002 0.81666666666666676 0.71700000000000008 0.90277777777777779 2.8455000000000008 6.5000000000000009 -0.082499999999999934 0.56944444444444453 1.2320000000000004 0.13700000000000004 2.2245000000000004 0.25650000000000006 512.50000000000011 2.7295000000000003 11.500000000000002 513.50000000000011
decision_type=2 2 2 2 2 2 2 2 2 2 2 2 2 2 2 2 2 2 2 2 2 2 2 2 2 2 2 2 2 2
left_child=5 13 3 4 -3 7 -5 28 16 -10 11 -4 21 18 22 -12 -9 20 19 -2 -14 26 -15 -16 -20 -23 -7 -19 29 -1
right_child=1 2 10 6 -6 12 -8 8 9 -11 15 -13 17 14 23 -17 -18 27 24 -21 -22 25 -24 -25 -26 -27 -28 -29 -30 -31
leaf_value=-0.059423415709718375 -0.018365474428438163 0.0025586743970051505 0.0081641995456903788 -0.017765413796835494 0.014284959707420454 -0.026232362974197978 -0.0012549895907286992 -0.016922878757355875 0.0006744600334396305 0.042429906000543971 0.019901099507055185 -0.0050661014370957658 0.048227877199773506 0.021259958193297325 0.0019154651306540354 -0.0088823892291588994 -0.0042939360982948063 0.057632163453286346 0.0024642426794980366 -0.0028906703197636983 0.0064497924125589082 -0.044425244550841708 -0.0084757907188990518 0.01590584516229707 -0.034912903046871689 0.015266577947387712 -0.087528424990954271 -0.0036973035888167357 -0.015110850759045648 -0.022889669472328244
leaf_weight=14.361553383991124 324.57287656050175 1657.3653162815608 964.04943357780576 167.47153585404158 454.24169991724193 23.842548307031397 1999.0767409577966 180.9801491284743 67.223292168229818 32.908711396157742 330.53025761339813 234.29820262640715 11.660323938354848 20.64529986679554 366.722706399858 36.93117544054985 2595.695773916319 13.80291870608926 175.98182067088783 143.21755292825401 326.13546561077237 5.5987963322550085 420.01451558899134 109.49999941140413 12.28259447775781 20.928628724068403 4.0049369437620035 2.5184709280729285 4.021624978631734 1.2776676816865791
leaf_count=396 1490 7673 4151 736 2072 155 8328 1195 370 326 1737 993 114 91 1613 165 11225 277 761 658 1518 288 1853 469 59 106 20 32 28 36
internal_value=-2.92324e-06 0.0015009 0.00311074 0.0012261 0.00508119 -0.00337777 -0.00253123 -0.00473343 -0.00443784 0.0143975 0.00826001 0.00557744 0.00623471 -0.00448015 -0.000738265 0.0170083 -0.00511707 0.0097483 -0.00970969 -0.0136277 0.00789192 -0.0166476 -0.00708264 0.00513234 2.57132e-05 0.00266821 -0.0350478 0.0481687 -0.0479851 -0.0564387
internal_weight=10721.9 7416.9 5843.96 4278.16 2111.61 3304.96 2166.55 2896.47 2876.81 100.132 1565.81 1198.35 408.492 1572.94 916.883 367.461 2776.68 354.117 656.055 467.79 337.796 54.3749 440.66 476.223 188.264 26.5274 27.8475 16.3214 19.6608 15.6392
internal_count=48935 32849 25855 18809 9745 16086 9064 13576 13116 696 7046 5144 2510 6994 4026 1902 12420 1941 2968 2148 1632 569 1944 2082 820 394 175 309 460 432
is_linear=0
shrinkage=0.05


Tree=86
num_leaves=27
num_cat=0
split_feature=14 36 7 16 42 18 14 21 7 8 3 26 14 18 11 11 3 35 3 0 18 15 11 22 15 7
split_gain=21.4049 19.7112 18.9546 15.7454 15.6258 15.8236 15.0751 12.3182 10.7941 15.8505 11.7157 10.932 9.14236 8.71769 8.11962 5.23861 0.0798798 0.0149387 0.00777344 0.00098288 0.000859965 0.00119118 0.000157437 8.93267e-05 6.63147e-05 3.18119e-05
threshold=1.0000000180025095e-35 0.56100000000000005 0.20350000000000004 0.91300000000000014 0.28800000000000003 0.78888888888888908 1.1225000000000003 -28.499999999999996 0.27100000000000007 0.78888888888888908 2.2390000000000003 0.30750000000000005 0.57400000000000007 1.0000000180025095e-35 41.500000000000007 13.500000000000002 0.82700000000000007 0.70050000000000001 1.0000000180025095e-35 9.5000000000000018 0.93333333333333346 1.1910000000000001 3.5000000000000004 -0.5166666666666665 1.8515000000000004 0.8660000000000001
decision_type=2 2 2 2 2 2 2 2 2 2 2 2 2 2 2 2 2 2 2 2 2 2 2 2 2 2
left_child=16 2 3 6 5 -4 -2 -6 10 13 11 -3 -5 -10 -12 -11 18 -18 22 -19 21 -20 25 -24 -22 -1
right_child=1 8 4 12 7 -7 -8 -9 9 15 14 -13 -14 -15 -16 -17 17 19 20 -21 24 -23 23 -25 -26 -27
leaf_value=-0.050728348446500184 -0.0095386619371243195 0.0073483188689647538 0.0031041537775059326 0.0020657791816912447 0.035110433986990458 -0.0082888338912501108 -0.0021157224735043698 -0.0058084172452650875 -0.036137245762137636 0.013869935135318584 0.020192756215654983 -0.0019519805375693663 0.053320212573408445 0.010915743854886219 -0.049762662584676647 -0.024616637921185333 -0.061360057307223097 -0.055921651350009122 -0.053203789912819502 -0.057528653678907637 -0.052357054420427498 -0.055332540513748078 -0.050920144337904476 -0.051740748085233185 -0.052958868481288057 -0.050402512045853276
leaf_weight=4.224867017008366 1011.6674741115421 432.02621258143336 3692.788078578189 16.41142587736249 18.766720324754715 332.18300361558795 2111.7381430733949 922.36624688003212 9.9688847921788675 10.982006430625914 105.33367290720344 1176.2018618108705 18.516793297603726 785.09646058268845 4.3179840147495261 45.368191584944725 3.0764185208827248 2.0208411747589712 1.6583519093692305 1.7981351166963575 0.94407554343342759 1.0884865205734966 0.76141481194645166 0.58752309158444382 0.88859126158058643 0.91052174102514971
leaf_count=302 4740 1924 16276 88 78 1438 9670 4047 49 52 583 5233 249 3656 20 191 26 26 34 17 23 14 45 21 18 115
internal_value=-2.71924e-06 8.88768e-05 -0.0011183 -0.00414668 0.000807674 0.00216388 -0.00452 -0.00499247 0.00390614 0.00850956 0.00162459 0.000546405 0.0292377 0.0103258 0.017438 -0.017116 -0.0545431 -0.0587671 -0.0519106 -0.0566783 -0.0534877 -0.0540473 -0.0507968 -0.0512776 -0.0526489 -0.0506706
internal_weight=10711.7 10693.7 8124.44 3158.33 4966.1 4024.97 3123.41 941.133 2569.3 851.416 1717.88 1608.23 34.9282 795.065 109.652 56.3502 17.9592 6.89539 11.0638 3.81898 4.57951 2.74684 6.48433 1.34894 1.83267 5.13539
internal_count=48935 48294 36586 14747 21839 17714 14410 4125 11708 3948 7760 7157 337 3705 603 243 641 69 572 43 89 48 483 66 41 417
is_linear=0
shrinkage=0.05


Tree=87
num_leaves=30
num_cat=0
split_feature=4 17 24 13 39 7 24 4 11 14 22 13 31 13 13 6 7 17 6 21 44 44 16 13 13 36 14 6 24
split_gain=21.1264 21.9002 21.9981 20.7851 19.5242 19.2952 17.636 14.5051 13.5167 12.0148 11.5987 11.2639 11.4852 10.7485 8.67836 8.20807 11.2667 10.1143 8.94051 6.95479 5.56022 4.1773 3.22667 0.0337256 0.00623048 0.00376445 0.00101057 0.000310586 1.53874e-05
threshold=0.72900000000000009 0.37700000000000006 3.9970000000000003 1.5540000000000003 2.5985000000000005 0.13150000000000003 2.3895000000000004 1.0000000180025095e-35 18.500000000000004 1.5810000000000002 0.78888888888888908 1.3140000000000003 0.67300000000000015 0.40350000000000003 1.0975000000000004 0.93100000000000016 0.15900000000000003 0.54000000000000015 0.53700000000000014 19.500000000000004 0.44000000000000006 0.52950000000000019 0.32700000000000007 0.7965000000000001 1.0000000180025095e-35 0.51750000000000018 1.2455000000000003 0.74550000000000016 0.61250000000000016
decision_type=2 2 2 2 2 2 2 2 2 2 2 2 2 2 2 2 2 2 2 2 2 2 2 2 2 2 2 2 2
left_child=7 2 3 6 -5 11 -2 23 13 -10 14 20 -13 -7 -4 16 18 -18 -9 -12 -3 22 -17 24 28 26 -25 -26 -1
right_child=1 5 10 4 -6 8 -8 15 9 -11 19 12 -14 -15 -16 21 17 -19 -20 -21 -22 -23 -24 25 27 -27 -28 -29 -30
leaf_value=-0.050383865881753157 -0.0062500319552648495 -0.074312337222995503 0.002448383012640336 0.0071352067594876757 -0.0014705093286394143 -0.024901847119133184 -0.00042320230846524013 -0.065526128208912987 0.00036455104978678576 0.038350064297064668 0.06081890886577556 -0.043354398403443038 0.017928417764758904 0.015593696089931228 0.022297639211007719 0.020053037138547329 -0.0066209319039856624 0.023909637632367906 -0.016997771291931023 0.001526059686894502 -0.015565730759407934 0.053340920755573097 -0.0056058677768025256 -0.053836190466357729 -0.053586965202885667 -0.057283521917204955 -0.055622875853709987 -0.052700920791278139 -0.050607867448294409
leaf_weight=0.88376162620261478 1929.1569370757788 4.183910494670271 133.38802088797092 1374.6088552195579 1266.1676328023896 16.859816282056272 3973.0319985300303 10.12199260573834 368.94056855142117 22.061851844191551 19.530834421515468 8.9606683328747732 52.08761247806251 583.06804248783737 93.783521171659231 24.15524472668767 483.50812763534486 28.739744398742914 152.24354947544634 6.6225698739290229 107.93892202712595 5.408438839018344 24.864290192723274 1.3574232263490551 1.5788623047992585 3.2494638338685036 1.8980463072657583 2.6474499823525548 5.7860871348530054
leaf_count=117 8679 24 636 6215 5736 107 16808 99 1565 94 325 46 252 3060 556 120 2272 138 741 27 518 25 115 25 28 35 22 58 492
internal_value=-2.57161e-06 0.00060544 -0.000247467 -0.000678041 0.00300904 0.00705026 -0.00232773 -0.00811577 0.00974127 0.00250784 0.0142729 -0.00834839 0.00893332 0.0144556 0.0106428 -0.00703895 -0.00854589 -0.00490801 -0.0200231 0.0458048 -0.0177579 0.0116391 0.00703801 -0.0532307 -0.0515299 -0.0560796 -0.0548779 -0.0530319 -0.0505782
internal_weight=10706.8 9960.39 8796.29 8542.97 2640.78 1164.1 5902.19 746.442 990.93 391.002 253.325 173.171 61.0483 599.928 227.172 729.041 674.613 512.248 162.366 26.1534 112.123 54.428 49.0195 17.4011 10.8962 6.50493 3.25547 4.22631 6.66985
internal_count=48935 44648 38982 37438 11951 5666 25487 4287 4826 1659 1544 840 298 3167 1192 3510 3250 2410 840 352 542 260 235 777 695 82 47 86 609
is_linear=0
shrinkage=0.05


Tree=88
num_leaves=31
num_cat=0
split_feature=4 24 19 24 9 7 4 39 1 8 9 9 17 13 14 7 24 24 16 8 19 39 32 24 31 21 5 40 13 13
split_gain=20.5672 21.3202 18.7426 19.0465 18.6495 25.3639 17.3527 15.981 14.8724 14.4353 24.0719 13.6605 13.2265 17.7959 13.0981 12.8206 9.32503 8.11245 7.06453 6.86258 6.77913 6.62123 8.39181 6.10047 5.77531 2.55509 2.47992 1.15302 0.0271067 0.00489764
threshold=1.2195000000000003 1.7970000000000004 1.7545000000000002 2.6830000000000007 1.5250000000000001 0.12250000000000001 1.0000000180025095e-35 2.6015000000000006 20.500000000000004 0.78888888888888908 2.5770000000000004 2.1015000000000006 0.32700000000000007 1.3585000000000003 0.98350000000000015 0.38700000000000007 2.4705000000000008 0.97050000000000003 0.44900000000000007 0.36666666666666675 2.3585000000000007 2.6520000000000006 0.39650000000000007 1.6035000000000001 0.64350000000000007 -10.499999999999998 -1.4904999999999997 0.78000000000000014 0.7965000000000001 1.0000000180025095e-35
decision_type=2 2 2 2 2 2 2 2 2 2 2 2 2 2 2 2 2 2 2 2 2 2 2 2 2 2 2 2 2 2
left_child=4 17 3 8 5 21 28 18 -3 11 -11 -8 13 -7 -14 -5 -9 25 -4 20 -19 22 -1 -21 -23 26 -2 -27 29 -6
right_child=1 2 7 15 6 12 9 16 -10 10 -12 -13 14 -15 -16 -17 -18 19 -20 23 -22 24 -24 -25 -26 27 -28 -29 -30 -31
leaf_value=-0.047324012207708537 0.021312086420341075 0.0018583703537742452 0.072135853158341576 0.0044333522213100586 -0.050577866835410171 -0.014404691773753307 0.00031036313989234719 -0.0017903609318157987 -0.0063719328000062664 -0.0089062731674390758 0.013824489110585836 0.010712553947397887 -0.012100949583433246 -0.00083617969618346032 0.0082548410680667178 0.020904647673225182 0.013453184065118971 -0.0046913377814399825 0.014120623797136576 -0.027291968095913877 0.011197527328112982 0.0081748176392922485 -0.014037725814998485 -0.0061781279948941994 -0.062880084060791069 -0.055236954781611204 -0.044137882062164895 0.0073590039733964635 -0.055811004116190568 -0.052911699292007446
leaf_weight=26.319999044761062 2.91624815762043 1419.7894335836172 5.2954646050930014 1509.8207676876336 5.5068675978109223 534.30481539852917 2119.6458380389959 360.03632584959269 894.84946542978287 775.41594359651208 137.05930891260505 370.83062503673136 109.4893525512889 441.20016975142062 284.03379176463932 128.1675210930407 139.08404946699739 522.34655056707561 577.43249217048287 58.319699361920357 77.031947396695614 3.3253410961478975 67.483749122358859 82.758848190307617 20.424618134275079 11.766010473482307 2.8732688948512104 0.78474016580730754 6.1384651865810147 3.7985676163807511
leaf_count=189 20 6084 24 6778 492 2405 9166 1580 3718 3340 844 1674 650 1903 1433 770 730 2348 2676 295 347 24 432 360 138 313 21 23 79 79
internal_value=-2.49831e-06 0.00201474 0.00319232 0.00159626 -0.00238507 -0.00706029 -0.000351918 0.00902366 -0.0013235 -0.000111929 -0.00549198 0.00185924 -0.00514649 -0.00826794 0.00259128 0.00572218 0.00245738 -0.00579826 0.0146478 -0.00498461 -0.00264931 -0.0293483 -0.0233774 -0.0149063 -0.0529314 -0.0386479 -0.01117 -0.0513231 -0.0532319 -0.0515306
internal_weight=10698.3 5793.27 5034.48 3952.63 4904.98 1486.58 3418.4 1081.85 2314.64 3402.95 912.475 2490.48 1369.03 975.505 393.523 1637.99 499.12 758.797 582.728 740.457 599.378 117.554 93.8037 141.079 23.75 18.3403 5.78952 12.5508 15.4439 9.30544
internal_count=48935 26087 22360 17350 22848 7174 15674 5010 9802 15024 4184 10840 6391 4308 2083 7548 2310 3727 2700 3350 2695 783 621 655 162 377 41 336 650 571
is_linear=0
shrinkage=0.05


Tree=89
num_leaves=26
num_cat=0
split_feature=3 17 7 36 24 9 3 17 3 9 11 0 30 11 5 5 24 16 24 24 16 7 11 7 5
split_gain=20.3573 19.041 24.7402 17.4387 14.5486 13.1152 13.0265 13.4818 10.8315 10.6732 10.419 9.18356 8.69409 8.44243 6.9267 4.03782 0.076556 0.0202679 0.0166414 0.00823581 0.00730718 0.000979831 0.000129304 6.41744e-05 2.49839e-05
threshold=1.0000000180025095e-35 0.18650000000000003 0.29800000000000004 0.52650000000000008 3.9095000000000004 0.20700000000000005 0.71700000000000008 0.53100000000000014 0.75450000000000006 1.0545000000000002 53.500000000000007 15.500000000000002 1.6200000000000003 7.5000000000000009 1.4645000000000004 1.1130000000000002 0.97050000000000003 0.32700000000000007 1.0000000180025095e-35 1.2565000000000002 0.49150000000000005 0.16350000000000003 3.5000000000000004 0.32700000000000007 -1.0000000180025095e-35
decision_type=2 2 2 2 2 2 2 2 2 2 2 2 2 2 2 2 2 2 2 2 2 2 2 2 2
left_child=16 4 6 9 5 11 10 -8 -7 -4 -3 -2 14 -5 -6 -14 18 -18 22 -19 -20 -22 24 -24 -1
right_child=1 2 3 13 12 8 7 -9 -10 -11 -12 -13 15 -15 -16 -17 17 19 20 -21 21 -23 23 -25 -26
leaf_value=-0.050664261467862431 0.043672853279143206 -0.010687309757580785 0.0084617545676576224 0.02614616226669882 0.012536184747599939 -0.01243662540088921 -8.6476079316720404e-05 0.020421453659849625 -0.0031645019517656161 9.0414658128327354e-05 0.059807413373639741 0.0025268704175392038 0.052330736713883989 0.010402592328580521 -0.0076880110391733579 0.017969083981169948 -0.063301680571011543 -0.055456233669404643 -0.058248116813720135 -0.059750046881092637 -0.052525416650846694 -0.054364888299832083 -0.050774000389236087 -0.051499535225667997 -0.050359544249000576
leaf_weight=3.8584583345800643 23.976862218230963 351.71860358398408 600.53559135366231 101.44382226001471 116.61373790167272 353.68269262742251 4455.5290031507611 81.606871925294399 2877.7681228220463 1040.3692710036412 5.3207400888204566 31.217560596764088 14.701873240992425 530.26187965273857 66.469561011530459 20.429912439547479 2.1769819576293221 2.4360775258392096 1.1551165739074347 2.0620626229792833 1.2947032805532219 1.6421866212040184 0.53770507499575593 0.70357711892575026 0.81471319403499487
leaf_count=302 285 1640 2860 675 750 1745 19181 376 12758 4567 23 164 101 2354 696 136 20 30 17 18 30 26 37 29 115
internal_value=-2.62393e-06 8.36498e-05 0.00156062 0.00587171 -0.00293648 -0.00376655 -0.000441233 0.000282388 -0.00417934 0.00315414 -0.00963677 0.020401 0.00956551 0.0129308 0.00519366 0.0323487 -0.0551942 -0.0593413 -0.0524277 -0.0574246 -0.0548791 -0.053554 -0.0507316 -0.0511852 -0.0506111
internal_weight=10688.3 10671.6 7166.79 2272.61 3504.86 3286.65 4894.18 4537.14 3231.45 1640.9 357.039 55.1944 218.215 631.706 183.083 35.1318 16.6816 6.67512 10.0065 4.49814 4.09201 2.93689 5.91445 1.24128 4.67317
internal_count=48935 48311 31676 10456 16635 14952 21220 19557 14503 7427 1663 449 1683 3029 1446 237 624 68 556 48 73 56 483 66 417
is_linear=0
shrinkage=0.05


Tree=90
num_leaves=31
num_cat=0
split_feature=13 16 13 17 18 14 13 9 36 4 6 13 16 3 28 25 4 33 13 4 21 36 35 4 4 3 24 24 11 36
split_gain=20.2913 21.0312 22.2582 24.5342 15.5662 14.4838 14.361 13.4673 13.4499 13.3888 13.2639 10.898 14.0044 8.7408 8.21578 8.1111 7.03375 6.67884 6.4928 5.58427 5.16288 3.66461 1.46172 0.0121839 0.000769683 0.000754513 0.000389809 1.15068e-05 3.00795e-06 1.03601e-08
threshold=0.59200000000000008 0.16350000000000003 1.2245000000000001 0.23900000000000002 0.40833333333333338 0.62750000000000006 1.0680000000000003 2.1960000000000006 0.56100000000000005 1.2455000000000003 0.064500000000000016 1.0000000180025095e-35 0.081500000000000017 0.40450000000000003 0.18350000000000002 506.50000000000006 0.46450000000000008 0.41050000000000003 0.50850000000000006 0.66100000000000014 29.500000000000004 0.57800000000000007 0.65300000000000014 1.0000000180025095e-35 1.2455000000000003 1.4820000000000004 2.9690000000000007 0.61250000000000016 1.0000000180025095e-35 0.52650000000000008
decision_type=2 2 2 2 2 2 2 2 2 2 2 2 2 2 2 2 2 2 2 2 2 2 2 2 2 2 2 2 2 2
left_child=11 6 5 8 -5 15 7 10 -4 -7 -2 23 13 -13 17 -3 -9 -8 -15 22 -21 -16 -14 27 25 -25 -26 29 -29 -1
right_child=1 2 3 4 -6 9 14 16 -10 -11 -12 12 19 18 21 -17 -18 -19 -20 20 -22 -23 -24 24 26 -27 -28 28 -30 -31
leaf_value=-0.050340197042211203 0.040061468389174661 0.008615260454338634 -0.0035171935772031955 0.012183431899461517 0.0031252485112916737 -0.0056986229894308059 -0.0090884781815300329 -0.0098592970227193277 0.0034493594709542694 0.00030715022223002676 0.0021444906463071148 -0.071541796483135509 -0.0037834388178128956 -0.0019953079590792427 0.029224892810176185 -0.028957484191244959 0.031743738527155736 0.053318363303335482 0.022534067397220164 -0.014100927530080227 -0.05905666366711302 0.058890176753331913 -0.053219785666784904 -0.052475804887901448 -0.053567152273092847 -0.053594300953113821 -0.054741747504350194 -0.050539022980211339 -0.050715604223628488 -0.050354914548626228
leaf_weight=0.64393535861745377 23.844842964783311 17.506944375112653 2052.4388286983594 648.35293487645686 1766.5756893754005 1853.0956158936024 22.949171705171469 12.022525630891321 1045.8716839943081 1858.8763393163681 704.84100264310837 4.1444037295877925 1.6914252825081337 174.51624111458659 60.375496854074299 80.009608500637114 65.566195083782077 5.2721387185156336 31.910123229026794 205.38396453298628 6.591449722647666 12.579539915546773 12.891746747307478 2.6438915776088816 1.5327015426009896 3.5088102333247662 1.3100987300276754 4.9674513358622789 0.25347546022385348 0.14684129739180207
leaf_count=96 303 114 9185 2841 7884 8069 121 69 4721 7837 3018 24 13 865 420 578 531 29 136 1123 31 106 128 71 29 63 17 473 19 21
internal_value=-2.50351e-06 0.000455623 -0.000251673 0.00177916 0.00555716 -0.00319077 0.00772204 0.00549387 -0.00116555 -0.00269106 0.00338525 -0.0103682 -0.00892989 0.000353103 0.0254784 -0.0222121 0.0252973 0.00257 0.00179653 -0.0175578 -0.0154988 0.03434 -0.0474859 -0.0522634 -0.053428 -0.0531137 -0.0541085 -0.0505207 -0.0505476 -0.0503429
internal_weight=10682.3 10230.2 9322.73 5513.24 2414.93 3809.49 907.451 806.275 3098.31 3711.97 728.686 452.137 437.129 210.571 101.176 97.5166 77.5887 28.2213 206.426 226.559 211.975 72.955 14.5832 15.0072 8.9955 6.1527 2.8428 6.0117 5.22093 0.790777
internal_count=48935 45826 41229 24631 10725 16598 4597 3921 13906 15906 3321 3109 2320 1025 676 692 600 150 1001 1295 1154 526 141 789 180 134 46 609 492 117
is_linear=0
shrinkage=0.05


Tree=91
num_leaves=27
num_cat=0
split_feature=14 4 2 24 6 43 4 9 7 28 3 1 33 3 19 18 15 15 1 3 11 11 1 22 15 4
split_gain=19.2642 19.3769 25.4953 18.8554 21.7572 17.6663 13.6545 12.0737 19.9248 7.48049 0.0660926 0.0174933 0.013574 0.00616801 0.00449195 0.000749683 0.00106126 0.00062726 0.000385869 0.00041665 0.000249459 0.000104263 9.94219e-05 5.94935e-05 4.96166e-05 2.15924e-05
threshold=1.0000000180025095e-35 0.87750000000000006 1.5000000000000002 2.3485000000000005 0.13150000000000003 0.73750000000000016 1.0000000180025095e-35 2.4905000000000004 0.08900000000000001 0.16350000000000003 0.82700000000000007 3.5000000000000004 0.30100000000000005 1.0000000180025095e-35 0.96500000000000008 0.93333333333333346 1.1910000000000001 1.4900000000000002 1.0000000180025095e-35 1.9835000000000003 1.5000000000000002 3.5000000000000004 2.5000000000000004 -0.5166666666666665 1.8515000000000004 0.46450000000000008
decision_type=2 2 2 2 2 2 2 2 2 2 2 2 2 2 2 2 2 2 2 2 2 2 2 2 2 2
left_child=10 6 18 5 -5 -4 11 8 -8 -9 13 20 17 21 -13 16 -15 -12 19 -3 -2 25 -20 -23 -17 -1
right_child=1 2 3 4 -6 -7 7 9 -10 -11 12 14 -14 15 -16 24 -18 -19 22 -21 -22 23 -24 -25 -26 -27
leaf_value=-0.050325100484547351 -0.050512613368983043 0.052139135881834199 -0.0055274083983158822 0.022698270106322666 0.0021810732425907435 0.0014767095603906175 -0.025860915328015561 -0.010624816849548191 -0.0042909368791062014 0.014478554253048496 -0.055598686049120077 -0.05313949046885056 -0.060805659599594664 -0.052924142789074528 -0.055272346544841845 -0.05214010702667881 -0.055011444375909248 -0.056923764098965726 0.051426683457970218 0.051082599340990457 -0.052218429328089934 -0.050789199688543396 0.051677206987930359 -0.051509618794129242 -0.05268443645203761 -0.050621853925989252
leaf_weight=0.73767398716882038 4.4782041278667739 7.0368696525692958 1778.3296798020601 132.42190331965685 5332.2418448664248 1823.3629058133811 116.89301351178437 39.241763383150101 1272.9484174381942 121.74097406864166 1.9007739853113883 4.5561205055564624 2.9376364704221487 1.5051971510984006 5.387866323813796 0.86068954318761803 1.0227366536855695 1.6846879571676252 6.5501529974862942 1.0757867079228161 0.2250989582389592 0.65547469258308411 10.016051029786468 0.50919856596738078 0.81512006372213364 3.6264939680695534
leaf_count=115 448 181 7748 746 23238 7994 624 190 5730 548 26 123 26 34 78 23 14 17 264 52 6 45 324 21 18 302
internal_value=-2.4699e-06 8.04964e-05 0.000965246 0.0008271 0.00267825 -0.00198156 -0.00505744 -0.00460362 -0.00610509 0.00835926 -0.0543915 -0.0531068 -0.0582858 -0.0517814 -0.0542951 -0.053225 -0.0537686 -0.0562213 0.0517165 0.051999 -0.0505943 -0.0506839 0.0515782 -0.0511042 -0.0524049 -0.0505717
internal_weight=10672.8 10656.5 9091.04 9066.36 5464.66 3601.69 1565.47 1550.82 1389.84 160.983 16.2557 14.6473 6.5231 9.73258 9.94399 4.20374 2.52793 3.58546 24.6789 8.11266 4.7033 5.52884 16.5662 1.16467 1.67581 4.36417
internal_count=48935 48294 40547 39726 23984 15742 7747 7092 6354 738 641 655 69 572 201 89 48 43 821 233 454 483 588 66 41 417
is_linear=0
shrinkage=0.05


Tree=92
num_leaves=25
num_cat=0
split_feature=3 4 7 8 24 6 4 4 28 24 4 33 15 3 23 6 14 22 14 18 23 7 2 11
split_gain=18.6704 18.3646 20.5473 18.9742 22.8118 13.3125 17.1388 15.214 11.5264 10.2904 10.9071 8.15832 10.952 9.76376 6.72366 3.47458 0.0626517 0.0165416 0.0129218 0.00461871 0.0017048 0.000803972 0.000499068 6.68131e-05
threshold=1.0000000180025095e-35 1.9025000000000001 0.11300000000000002 0.78888888888888908 2.7085000000000004 0.7875000000000002 0.25650000000000006 0.54750000000000021 0.63600000000000012 2.8905000000000007 1.9590000000000003 0.33250000000000007 -0.38699999999999996 0.81950000000000001 0.31749999999999995 0.27700000000000008 0.98350000000000015 -0.25833333333333325 0.47350000000000003 0.4555555555555556 -1.4909999999999997 0.16350000000000003 2.5000000000000004 3.5000000000000004
decision_type=2 2 2 2 2 2 2 2 2 2 2 2 2 2 2 2 2 2 2 2 2 2 2 2
left_child=16 2 5 4 -4 7 -7 -2 -5 11 15 13 -13 -3 -12 -11 18 20 22 -20 -18 -21 23 -1
right_child=1 9 3 8 -6 6 -8 -9 -10 10 14 12 -14 -15 -16 -17 17 -19 19 21 -22 -23 -24 -25
leaf_value=-0.050543506623008508 -0.049827934093235132 -0.00043950116029941141 -0.00093745946359698412 -0.0073227683508990116 0.0046788197548780349 -0.046403857216505452 0.011653820742142381 -0.0073538885440545231 0.071737188517414008 -0.060455466315377293 0.041267423901274525 -0.04212054256593413 3.6167503149600097e-05 0.014164387734915719 0.015249632542354364 -0.0019862326768979063 -0.057718631914909717 -0.062037443933937522 -0.057407499824751851 -0.052431746190447062 -0.05564507964662594 -0.054263389839166488 -0.05235203954169642 -0.050996754096318188
leaf_weight=4.1535816672258061 21.474990022368729 186.49447034113109 4826.9636277002282 806.90225910861045 2890.8074668869376 13.848200573585926 154.87707958929241 1155.6616417337209 4.6366849541664115 4.4875808507204038 43.911023683845997 17.00165007263422 164.19146421179175 296.27288970351219 57.149645604193211 5.8574119061231613 2.1429610773921017 2.3650452457368365 1.0566575368866327 1.0814262758940461 1.8443903140723703 1.3432419914752243 0.4593509817495941 1.0109774973243473
leaf_count=417 174 839 21102 3489 12725 596 964 5247 20 20 443 76 785 1447 358 26 21 23 17 26 24 22 12 62
internal_value=-2.41825e-06 7.72768e-05 -0.000504499 0.00040148 0.0011662 -0.00624608 0.00688871 -0.00812876 -0.00687106 0.00748685 0.0215489 0.00512738 -0.00391947 0.00852286 0.0265544 -0.0273498 -0.0549135 -0.0587245 -0.0522547 -0.0546487 -0.0567595 -0.0534465 -0.0507727 -0.0506322
internal_weight=10666 10650.5 9875.17 8529.31 7717.77 1345.86 168.725 1177.14 811.539 775.366 111.406 663.96 181.193 482.767 101.061 10.345 15.4576 6.3524 9.10524 3.48133 3.98735 2.42467 5.62391 5.16456
internal_count=48935 48311 44317 37336 33827 6981 1560 5421 3509 3994 847 3147 861 2286 801 46 624 68 556 65 45 48 491 479
is_linear=0
shrinkage=0.05


Tree=93
num_leaves=31
num_cat=0
split_feature=13 19 42 17 24 13 26 3 13 13 19 4 3 24 39 26 40 3 7 4 1 40 26 4 4 3 24 1 7 29
split_gain=18.781 20.2801 17.729 17.7456 15.6959 15.5772 13.1123 13.0229 12.8679 12.6248 12.9415 10.5835 11.7082 9.79812 9.20681 13.4392 9.51925 7.89134 12.5306 4.94658 4.98399 4.83221 1.61448 0.0102402 0.000644657 0.000676316 0.000336591 7.60682e-06 2.65391e-06 5.26335e-09
threshold=0.85950000000000004 0.62300000000000011 0.28600000000000003 0.37700000000000006 2.8575000000000004 1.7610000000000003 0.63250000000000017 0.44600000000000006 2.1455000000000006 1.0000000180025095e-35 0.93000000000000016 1.8985000000000001 2.2745000000000002 1.8185000000000002 2.5085000000000002 0.66200000000000014 0.68400000000000016 0.74550000000000016 0.20950000000000002 1.8545000000000003 48.500000000000007 0.72250000000000003 0.23850000000000002 1.0000000180025095e-35 1.2455000000000003 1.4820000000000004 2.9690000000000007 2.5000000000000004 0.32700000000000007 2.7270000000000008
decision_type=2 2 2 2 2 2 2 2 2 2 2 2 2 2 2 2 2 2 2 2 2 2 2 2 2 2 2 2 2 2
left_child=9 17 3 5 6 -3 -4 -5 -6 23 11 12 -11 -13 16 -16 -12 18 -2 20 -19 -20 -21 27 25 -25 -26 29 -29 -1
right_child=1 2 4 7 8 -7 -8 -9 -10 10 14 13 -14 -15 15 -17 -18 19 21 22 -22 -23 -24 24 26 -27 -28 28 -30 -31
leaf_value=-0.050292484957623541 -0.089637156081760691 -0.00030126338798308437 -0.0062235927888823752 -0.03597294567596318 0.0014474996329035968 0.0061296553172980692 -0.054750946669185799 0.010331986029725751 0.039153849636495382 -0.0035341259723873247 0.042788126091687709 -0.057843141986225789 0.02048518121001729 0.020252224522092348 -0.016394318733349327 0.01626954334331282 -0.00318082825355107 0.017052706887941107 -0.02703413508390741 0.0039228527920557683 0.083261039458447761 0.052047470707415694 0.055996704931064151 -0.052341572151899433 -0.053383909613674521 -0.05343137484606645 -0.054502376256207408 -0.050465473935845197 -0.050645121427586863 -0.050303102040132386
leaf_weight=0.53153424290940066 4.2698601931333524 4725.6326661771163 1271.5016248663887 15.521569832228122 615.3581583565101 1175.9612330337986 14.07434327341616 698.56567594967782 23.490395527333021 1226.7670930288732 12.390105345286427 4.2394332811236373 52.924003432504833 76.328266456723213 407.51221036398783 34.127603163942695 123.6854667859152 139.5882731359452 3.4801374524831772 1.6951413452625264 2.9015273153781882 4.3414160832762718 12.206974847242234 2.4763006754219514 1.4517794661223891 3.3488832954317331 1.2534124851226804 4.3107674191705883 0.21587631851434697 0.14958327170461416
leaf_count=92 19 20364 5615 93 2766 5593 70 3382 167 5482 66 19 247 328 2015 165 623 934 17 20 12 23 126 71 29 63 17 474 18 25
internal_value=-2.3604e-06 0.000991165 0.00065226 0.00188095 -0.00357168 0.000980172 -0.00675486 0.00932549 0.00283396 -0.0044355 -0.00409691 -0.00143414 -0.00254076 0.0161429 -0.0103666 -0.0138702 0.00100479 0.0181696 -0.020747 0.0211785 0.0184009 0.0168607 0.0496471 -0.0521977 -0.0532643 -0.0529681 -0.0539021 -0.0504506 -0.050474 -0.0502948
internal_weight=10660.3 8708.59 8540.11 6615.68 1924.42 5901.59 1285.58 714.087 638.849 1951.71 1937.97 1360.26 1279.69 80.5677 577.715 441.64 136.076 168.483 12.0914 156.392 142.49 7.82155 13.9021 13.7381 8.53038 5.82518 2.70519 5.20776 4.52664 0.681118
internal_count=48935 39201 38050 29432 8618 25957 5685 3475 2933 9734 8945 6076 5729 347 2869 2180 689 1151 59 1092 946 40 146 789 180 134 46 609 492 117
is_linear=0
shrinkage=0.05


Tree=94
num_leaves=31
num_cat=0
split_feature=4 9 4 24 39 7 3 18 19 24 24 19 15 8 9 23 19 18 24 39 40 11 59 1 6 3 25 4 4 11
split_gain=17.7576 18.4175 18.4128 17.6896 20.8302 15.2313 16.6418 15.0659 14.5577 17.2823 16.2646 11.2623 12.9481 11.628 10.3098 12.5455 9.96755 9.03025 8.69091 8.52563 8.25404 7.44444 7.79847 7.42944 6.09062 9.58111 5.84732 5.23467 4.31212 4.23414
threshold=1.1275000000000002 1.9110000000000003 0.46450000000000008 3.1010000000000004 2.7295000000000003 0.46300000000000008 0.62000000000000011 0.074999999999999969 1.7710000000000001 2.1365000000000003 1.7970000000000004 0.39650000000000007 -1.0409999999999997 0.74166666666666681 2.0850000000000004 0.75150000000000017 1.2790000000000001 0.29999999999999999 1.2070000000000003 2.5955000000000008 0.77000000000000013 23.500000000000004 24.500000000000004 6.5000000000000009 0.56350000000000011 1.8545000000000003 507.50000000000006 1.3620000000000003 0.96650000000000003 28.500000000000004
decision_type=2 2 2 2 2 2 2 2 2 2 2 2 2 2 2 2 2 2 2 2 2 2 2 2 2 2 2 2 2 2
left_child=1 5 19 4 8 6 28 -8 9 -2 -10 12 -4 -13 15 17 -17 -5 -7 23 -20 27 -23 -3 25 -6 -21 -16 -1 -26
right_child=3 2 11 14 24 18 7 -9 10 -11 -12 13 -14 -15 21 16 -18 -19 20 26 -22 22 -24 -25 29 -27 -28 -29 -30 -31
leaf_value=-0.049122416547461079 -0.0058920936964788236 -0.05478072907405173 0.008553295371022767 0.003999089037095809 -0.010229167770749253 -0.024247589791409518 -0.022540943872611248 -0.0048540574930294464 -0.0021856395612924475 0.0017226711505465302 0.0089251293841652 0.0059772431931124602 0.053811605337939418 -0.0033978623128633799 0.024181983451975558 0.0018459603904309532 -0.025481831405750079 0.016937063893118165 0.014507815981908173 0.00075469985345129732 -0.015933685854144921 0.022649033100171356 -0.049039871211948825 -0.00087051303070355347 -0.076150731002196492 0.049815915137119388 -0.045024023312115496 0.056883209211480379 -0.022041012144700427 -0.012865568993045912
leaf_weight=23.160258621908724 1018.4047845145687 7.1946093328297129 54.252624470740557 247.4705326538533 403.73867868538946 19.838045916054398 128.22625886835158 1973.1665213089436 479.12650831881911 2776.7798226736486 1053.8699661791325 784.49742094799876 22.298741798847914 571.82823552191257 45.373864352703094 325.99057901650667 37.171937264502048 296.40149928070605 168.85699329990894 8.7674714326858503 25.650236798450351 9.733193174004553 6.2164248675107947 57.200221763923764 5.8398025631904584 6.7547090500593177 34.126270280219615 16.757333353161812 40.234403648413718 4.8282298147678375
leaf_count=165 4505 359 383 1150 1783 283 585 8586 2398 11881 4735 3390 244 2476 224 1418 175 1661 929 99 148 48 28 330 26 33 365 144 363 21
internal_value=-2.30239e-06 -0.00267813 0.00158185 0.00155497 0.000494218 -0.00543588 -0.00669474 -0.00593331 0.00134036 -0.000320685 0.00545254 0.0030778 0.0217366 0.00202469 0.00774571 0.00624495 -0.000951209 0.0110501 0.00727806 -0.0183972 0.0104934 0.0251795 -0.00529199 -0.00689371 -0.0102104 -0.00924112 -0.0356669 0.0330018 -0.0319348 -0.0475086
internal_weight=10653.8 3919.3 1540.17 6734.46 5749.34 2379.13 2164.79 2101.39 5328.18 3795.18 1533 1432.88 76.5514 1356.33 985.115 907.035 363.163 543.872 214.345 107.289 194.507 78.0808 15.9496 64.3948 421.161 410.493 42.8937 62.1312 63.3947 10.668
internal_count=48935 18705 7646 30230 25382 11059 9699 9171 23519 16386 7133 6493 627 5866 4848 4404 1593 2811 1360 1153 1077 444 76 689 1863 1816 464 368 528 47
is_linear=0
shrinkage=0.05


Tree=95
num_leaves=31
num_cat=0
split_feature=13 4 16 24 43 6 36 24 22 39 16 13 5 30 11 24 26 15 22 35 4 42 22 13 18 31 43 16 4 3
split_gain=17.4948 17.4454 17.9756 15.4837 21.5655 17.3468 13.5361 13.2275 12.9216 10.2225 10.035 11.7569 9.40544 6.38054 6.36656 6.29463 8.79469 5.43932 5.12723 3.83425 3.64969 3.57191 5.04542 3.44207 3.32003 3.12204 0.704153 0.181147 0.00874474 0.000560953
threshold=0.59200000000000008 1.5895000000000004 0.10400000000000001 2.3645000000000005 0.73750000000000016 0.13150000000000003 0.40350000000000008 1.7970000000000004 0.29999999999999999 2.5555000000000003 0.14900000000000002 1.0000000180025095e-35 -1.1164999999999998 1.6450000000000002 3.5000000000000004 2.8745000000000007 0.32550000000000007 -0.46899999999999992 -0.29999999999999988 0.70950000000000013 1.7545000000000002 0.24650000000000002 0.15000000000000002 0.49150000000000005 0.29999999999999999 0.7875000000000002 0.73950000000000016 0.24550000000000002 1.0000000180025095e-35 1.4820000000000004
decision_type=2 2 2 2 2 2 2 2 2 2 2 2 2 2 2 2 2 2 2 2 2 2 2 2 2 2 2 2 2 2
left_child=10 3 15 4 12 18 -6 14 -7 -9 11 28 -2 17 -4 16 -3 -13 -5 24 -17 22 -21 -23 25 -12 -15 -26 -1 -30
right_child=1 2 7 5 6 8 -8 9 -10 -11 19 13 -14 26 -16 20 -18 -19 -20 21 -22 23 -24 -25 27 -27 -28 -29 29 -31
leaf_value=-0.050409803800800485 -0.057588569427297912 -0.033865379077344028 -0.05272414877800502 0.00052439319506316934 -0.0099617355372789446 0.0025170948355575356 0.002757996920989843 0.011369649551678712 -0.002629120330882528 0.0029553617398903349 -0.053094472021462363 -0.0062600011398223484 -0.0082538384409155917 0.04702085930250828 -0.004057301693405276 0.023157179979690717 0.028098018220978432 0.023274300035110312 0.048714232330299867 0.015124723051313488 0.05259162324941026 -0.047380389863632862 -0.023571343895755187 -0.019090311773630016 -0.074177726721128878 0.00169856478179212 0.0207819113924206 -0.059484134270776139 -0.052670377119896063 -0.053502399539269531
leaf_weight=4.7504035974852732 9.7378283273428661 8.011121332645418 6.8417575880885115 7.1303322575986412 256.0213959403336 3365.78251921013 1142.69313528575 499.5342767983675 1913.092149598524 1301.2247909698635 4.8136114403605479 291.98617631942034 1221.4900921005756 5.7006976902484876 378.03929401002824 17.619562834501266 20.080375038087368 16.468735493719578 24.43506189621985 16.005129890050739 26.17842018045485 13.886620510369537 17.783331349492073 47.633325165137649 3.3267694637179357 5.6525384820997715 4.6364807784557343 5.6768848551437259 3.8335920795798284 4.2958950325846672
leaf_count=609 65 39 200 43 1223 14530 5138 2273 8482 5908 25 1403 5567 24 1743 95 92 82 133 118 295 119 117 294 17 35 21 65 101 79
internal_value=-2.18172e-06 0.000421945 0.0043004 -0.000680738 -0.0038182 0.000873057 0.000429771 0.00349123 0.000652079 0.0052895 -0.00969017 -0.00528038 -0.00864403 -0.00338819 -0.00492242 0.0289014 0.0104273 -0.00468313 0.0378286 -0.022433 0.0407504 -0.0183026 -0.00524155 -0.0254761 -0.0426523 -0.023502 0.035252 -0.0649133 -0.0521141 -0.05311
internal_weight=10644.4 10197.9 2257.53 7940.38 2629.94 5310.44 1398.71 2185.64 5278.87 1800.76 446.45 331.672 1231.23 318.792 384.881 71.8895 28.0915 308.455 31.5654 114.778 43.798 95.3084 33.7885 61.5199 19.4698 10.4661 10.3372 9.00365 12.8799 8.12949
internal_count=48935 45826 10645 35181 11993 23188 6361 10124 23012 8181 3109 2319 5632 1530 1943 521 131 1485 176 790 390 648 235 413 142 60 45 82 789 180
is_linear=0
shrinkage=0.05


Tree=96
num_leaves=27
num_cat=0
split_feature=14 13 17 7 17 4 59 37 13 24 5 0 3 43 39 28 3 33 3 0 18 13 11 13 22 4
split_gain=17.5625 17.051 19.8201 21.248 17.3289 12.6891 15.784 12.3377 8.65237 7.69169 7.28321 12.1229 7.20697 6.29656 3.05789 2.75301 0.05562 0.0124378 0.00508815 0.000811659 0.00060882 0.000905687 6.52166e-05 4.72319e-05 3.43175e-05 1.56268e-05
threshold=1.0000000180025095e-35 2.2245000000000004 0.18050000000000002 0.15600000000000003 0.54000000000000015 0.25650000000000006 1.5000000000000002 0.57550000000000001 0.50850000000000006 1.7475000000000003 -0.54349999999999998 11.500000000000002 1.1405000000000001 0.71400000000000008 2.4010000000000002 0.61150000000000004 0.82700000000000007 0.30100000000000005 1.0000000180025095e-35 9.5000000000000018 0.93333333333333346 1.1960000000000002 3.5000000000000004 1.9650000000000001 -0.5166666666666665 0.46450000000000008
decision_type=2 2 2 2 2 2 2 2 2 2 2 2 2 2 2 2 2 2 2 2 2 2 2 2 2 2
left_child=16 2 5 8 -5 14 -7 10 -4 15 11 -3 -12 -11 -2 -9 18 19 22 -18 21 -20 25 -22 -24 -1
right_child=1 7 3 4 -6 6 -8 9 -10 13 12 -13 -14 -15 -16 -17 17 -19 20 -21 23 -23 24 -25 -26 -27
leaf_value=-0.050259383707631645 0.036881887471297919 -0.036939236883551413 -0.022610947183154737 0.0021058048384960185 0.019322117125733038 0.051639303638487545 -0.0036453719179597461 -0.018923081753099685 -0.0033231550138830648 -0.04946819147427689 0.038395356937981705 0.01149263975062923 0.015162148181517796 0.019187594160309553 -0.05726761800033997 -0.070351376419853437 -0.055108517578595244 -0.060354539334427797 -0.052712618208426133 -0.056657304190559622 -0.051990827172697845 -0.054703683071959323 -0.050694650405586739 -0.052539057926060062 -0.051280780794002272 -0.050539728649716176
leaf_weight=0.59010145068168496 0.92318423697724838 15.16178293712437 60.554309098981321 5560.6824753638357 150.10619451571256 12.965405516326426 3055.5555984824896 4.0789926908910292 1461.1780284959823 4.5139782764017609 44.860677804797888 87.408796412870288 130.41788861714303 12.835868408903478 13.106088179163633 7.1875862926244736 1.759523527696728 2.804643664509058 1.3910915548913183 1.6291805393993852 0.80016217939555667 0.96898779086768616 0.58064774610102177 0.77182795107364655 0.43818500731140353 3.153209401294589
leaf_count=115 19 95 384 24182 993 436 13654 22 6396 24 206 502 686 77 583 35 26 26 34 17 23 14 45 18 21 302
internal_value=-2.24764e-06 7.3817e-05 -0.000271491 0.00115937 0.00255833 -0.00362869 -0.00341178 0.0116962 -0.00409067 -0.019564 0.0149158 0.00433353 0.0211084 0.00132515 -0.0510722 -0.0517321 -0.0542706 -0.0578916 -0.0516912 -0.0558531 -0.0530223 -0.0535301 -0.0505921 -0.05226 -0.0509467 -0.0504955
internal_weight=10636.4 10621.5 10315.1 7232.52 5710.79 3082.55 3068.52 306.466 1521.73 28.6164 277.849 102.571 175.279 17.3498 14.0293 11.2666 14.8876 6.19335 8.69421 3.3887 3.93207 2.36008 4.76214 1.57199 1.01883 3.74331
internal_count=48935 48294 46647 31955 25175 14692 14090 1647 6780 158 1489 597 892 101 602 57 641 69 572 43 89 48 483 41 66 417
is_linear=0
shrinkage=0.05


Tree=97
num_leaves=26
num_cat=0
split_feature=3 4 7 3 13 17 24 2 4 7 41 24 1 22 21 28 24 22 24 16 13 1 11 22 5
split_gain=16.887 16.3629 14.6237 18.1451 15.1009 14.243 13.1539 14.941 11.5962 11.3013 11.086 9.12732 7.21998 10.3478 6.91133 4.5867 0.0496277 0.01408 0.0105534 0.00444148 0.00143013 0.000620826 5.60583e-05 2.94807e-05 1.34329e-05
threshold=1.0000000180025095e-35 1.413 0.39200000000000007 1.1695000000000002 1.8595000000000004 0.044000000000000004 1.7970000000000004 2.5000000000000004 0.87750000000000006 0.17500000000000002 0.50100000000000011 2.1775000000000007 5.5000000000000009 -0.36666666666666653 -2.4999999999999996 0.23850000000000002 0.97050000000000003 -0.25833333333333325 1.0000000180025095e-35 0.49150000000000005 1.4915000000000003 1.0000000180025095e-35 3.5000000000000004 -0.5166666666666665 -1.0000000180025095e-35
decision_type=2 2 2 2 2 2 2 2 2 2 2 2 2 2 2 2 2 2 2 2 2 2 2 2 2
left_child=16 2 3 4 -2 11 12 15 -5 -9 -7 -4 14 -14 -3 -8 18 20 22 -20 -18 -21 24 -24 -1
right_child=1 6 5 8 -6 10 7 9 -10 -11 -12 -13 13 -15 -16 -17 17 -19 19 21 -22 -23 23 -25 -26
leaf_value=-0.050513135034798845 -0.0083006776472963392 0.0053912985999976411 -0.046903450692269977 -0.0049478774967561577 0.0067422839756413906 0.010428243140088259 0.0022778280101837917 -0.00073264632023299419 0.0010060965998306432 0.0055849453922724212 -0.0028447780294689907 -0.0060428564934796557 -0.016693177467506048 0.00045682615925378292 -0.02709780594175118 0.033067378364273391 -0.055236372448306349 -0.061308435020371602 -0.057017955476036976 -0.052222630380015171 -0.057199572567448231 -0.053784325621026752 -0.050660358668619676 -0.051217096602416967 -0.05024667117075482
leaf_weight=3.0009648455306879 1510.7330266479403 204.82756368629634 18.51256386237219 1102.0744776441716 187.54091012105346 559.60149744711816 15.388583009131251 1074.259297631681 3170.2978813387454 2075.674301577732 218.83635618770495 52.215390662662685 188.73014765232801 164.71956619620323 17.79095720499754 56.528230304829776 1.7254848759621384 2.2372358040884128 1.0025533749721947 1.1368289683014157 2.0062603130936623 1.4456160217523573 0.55269366130232811 0.41731966752558936 0.56146031012758557
leaf_count=302 7047 989 116 5285 813 2655 152 4667 13795 9114 1071 260 818 731 100 698 24 23 17 30 21 26 45 21 115
internal_value=-2.22485e-06 7.03569e-05 -0.00139442 -0.00226759 -0.00663948 0.00474499 0.00270061 0.00394487 -0.000529753 0.00343038 0.0066969 -0.0167378 -0.00425829 -0.00870069 0.00279487 0.0264791 -0.0547112 -0.0581721 -0.0521663 -0.0541934 -0.0562918 -0.0530968 -0.0505629 -0.0508999 -0.0504711
internal_weight=10631.8 10617.7 6819.81 5970.65 1698.27 849.166 3797.92 3221.85 4272.37 3149.93 778.438 70.728 576.068 353.45 222.619 71.9168 14.0864 5.96898 8.11744 3.585 3.73175 2.58244 4.53244 0.970013 3.56243
internal_count=48935 48311 31042 26940 7860 4102 17269 14631 19080 13781 3726 376 2638 1549 1089 850 624 68 556 73 45 56 483 66 417
is_linear=0
shrinkage=0.05


Tree=98
num_leaves=27
num_cat=0
split_feature=14 13 2 16 43 19 22 9 43 17 7 17 26 3 33 3 0 16 3 28 1 23 1 11 22 21
split_gain=16.4292 16.1308 21.8355 16.14 15.8964 11.258 13.6818 11.5993 9.02574 9.28852 8.88029 7.68859 5.18425 0.0479074 0.0113461 0.00435383 0.000650821 0.000352589 0.000315267 0.000259806 0.000240008 0.000193266 0.000185714 4.81894e-05 2.53281e-05 1.15481e-05
threshold=1.0000000180025095e-35 0.89600000000000013 1.5000000000000002 0.20350000000000004 0.71400000000000008 0.90250000000000019 -1.0000000180025095e-35 1.9245000000000003 0.69800000000000006 0.44200000000000006 0.18900000000000003 0.12750000000000003 0.28300000000000003 0.82700000000000007 0.30100000000000005 1.0000000180025095e-35 9.5000000000000018 0.93100000000000016 1.9835000000000003 0.45300000000000007 2.5000000000000004 -1.4909999999999997 1.0000000180025095e-35 3.5000000000000004 -0.5166666666666665 -1.0000000180025095e-35
decision_type=2 2 2 2 2 2 2 2 2 2 2 2 2 2 2 2 2 2 2 2 2 2 2 2 2 2
left_child=13 5 18 10 -5 6 11 -8 12 -10 -4 -2 -7 15 16 23 -15 19 22 -17 -20 -19 -3 25 -25 -1
right_child=1 2 3 4 -6 8 7 -9 9 -11 -12 -13 -14 14 -16 17 -18 21 20 -21 -22 -23 -24 24 -26 -27
leaf_value=-0.050487864602266841 -0.01571149348811994 0.051852155476322159 0.00014495515015281466 -0.0038993285359332033 0.0015259589458492425 0.0061271030627736856 -0.0054640430842890142 0.0057962556050480361 -0.0090838095879143006 0.010083712224040961 0.012570402370803405 0.017129866744192267 -0.03891184141673612 -0.05485659476886956 -0.059923190304074073 -0.052690212404225473 -0.056275178097610012 -0.052892019572999507 0.050766929339935589 -0.053822954464266284 0.051397184211104147 -0.051823688316893692 0.051442039492806804 -0.050627779295268661 -0.051156637825340072 -0.050234581421032591
leaf_weight=2.8559988387860349 20.501566103193909 6.151252696290614 214.03184202313423 1743.4471667446196 5985.7892838157713 7.7965178843587628 972.44382697762921 299.02960196929052 666.15500367525965 69.831084653735161 438.1829702463001 136.32832934334874 35.39740046299994 1.6836886778473847 2.7079883068799973 0.92679344862699542 1.5554733760654924 0.80998315103352092 1.8406527638435335 1.1154628163203595 8.4226568602025509 0.88683366496115923 5.0075676757842302 0.5260682599619031 0.39742405992001284 0.53420284483581726
leaf_count=302 102 181 984 7659 26066 38 4355 1937 3188 332 2064 587 161 26 26 22 17 18 131 21 324 28 185 45 21 115
internal_value=-2.23056e-06 6.91903e-05 0.00106843 0.00093957 0.000302203 -0.00373444 -0.00109714 -0.00281581 -0.00856885 -0.00726518 0.00849285 0.0128367 -0.0307823 -0.0541312 -0.0575347 -0.0516176 -0.0555378 -0.0528663 0.0514842 -0.0533089 0.0512842 -0.0523337 0.0516681 -0.0505352 -0.0508554 -0.050448
internal_weight=10624.4 10610.4 8402.87 8381.45 7729.24 2207.48 1428.3 1271.47 779.18 735.986 652.215 156.83 43.1939 13.9999 5.94715 8.05277 3.23916 3.73907 21.4221 2.04226 10.2633 1.69682 11.1588 4.31369 0.923492 3.3902
internal_count=48935 48294 37594 36773 33725 10700 6981 6292 3719 3520 3048 689 199 641 69 572 43 89 821 43 455 46 366 483 66 417
is_linear=0
shrinkage=0.05


Tree=99
num_leaves=25
num_cat=0
split_feature=3 13 11 36 3 8 16 13 16 5 24 14 24 14 1 13 14 22 14 18 13 1 14 11
split_gain=15.7987 15.2296 20.1225 16.4779 14.4696 15.7349 13.9814 12.1413 20.5722 11.5681 8.78961 7.40519 7.21234 7.18441 6.96814 6.06929 0.0417571 0.0121998 0.00920501 0.00378243 0.00151233 0.000525224 0.000367835 4.14277e-05
threshold=1.0000000180025095e-35 1.1060000000000001 7.5000000000000009 0.44750000000000006 0.58950000000000002 0.78888888888888908 0.40350000000000003 0.40350000000000003 0.036500000000000005 -0.57799999999999985 3.2145000000000006 1.1635000000000002 2.9690000000000007 0.47350000000000003 18.500000000000004 1.0000000180025095e-35 0.98350000000000015 -0.29999999999999988 0.47350000000000003 0.4555555555555556 1.4915000000000003 1.0000000180025095e-35 1.0000000180025095e-35 3.5000000000000004
decision_type=2 2 2 2 2 2 2 2 2 2 2 2 2 2 2 2 2 2 2 2 2 2 2 2
left_child=16 6 3 12 9 -6 7 15 -9 -4 14 -12 -3 -5 -8 -2 18 20 22 -20 -18 -21 23 -1
right_child=1 2 4 13 5 -7 10 8 -10 -11 11 -13 -14 -15 -16 -17 17 -19 19 21 -22 -23 -24 -25
leaf_value=-0.050425920550990447 -0.052138435094924544 -0.014601029150408089 -0.0078032988635109782 -0.023505957120589591 0.002071969999128192 -0.006715072658661109 -0.0043586268567618568 0.011478751408079683 -0.0021486399359957587 -0.044211612346399837 0.021620649368472682 -0.054715102785842309 0.011107083984791434 0.016707093011095169 -0.021881023765208896 -0.013513220882136634 -0.054718119223597816 -0.060608186193948178 -0.056803826595409383 -0.052149681650679271 -0.056824989924177151 -0.053722778274170283 -0.052260924559000367 -0.050813097685304676
leaf_weight=3.2262331666424853 11.196022364310918 77.042714582756162 193.26758870854974 11.422454688698052 5212.3138552326709 564.66291667521 161.707469150424 301.6432357467711 3382.5262190587819 24.5936592631042 3.7849321849644211 19.780614908784628 42.239643860608339 402.18271164875478 87.404756613075733 111.01715821772814 1.5293620917946102 2.2741755363531411 0.95604215096682343 0.95530701056122813 1.9223885983228681 1.1935371216386554 0.32313551753759373 0.87916545802727331
leaf_count=417 659 424 908 85 22377 2384 903 1882 14643 134 19 96 253 2484 398 662 23 24 17 26 21 22 8 66
internal_value=-2.1383e-06 6.60464e-05 0.00156373 0.0108748 0.000736059 0.00121309 -0.0023307 -0.00154721 -0.00103289 -0.0119133 -0.0132677 -0.0424546 -0.00549741 0.0155965 -0.0105066 -0.0170517 -0.0545464 -0.0577648 -0.0521001 -0.0541875 -0.0558915 -0.0530234 -0.0506367 -0.0505088
internal_weight=10620 10606.8 6527.73 532.888 5994.84 5776.98 4079.06 3806.38 3684.17 217.861 272.678 23.5655 119.282 413.605 249.112 122.213 13.2593 5.72593 7.53342 3.10489 3.45175 2.14884 4.42853 4.1054
internal_count=48935 48311 29049 3246 25803 24761 19262 17846 16525 1042 1416 115 677 2569 1301 1321 624 68 556 65 44 48 491 483
is_linear=0
shrinkage=0.05


Tree=100
num_leaves=29
num_cat=0
split_feature=4 17 13 24 18 16 13 7 13 3 8 4 6 11 37 14 30 7 25 6 7 14 13 13 17 37 8 24
split_gain=15.7114 15.0343 20.8478 18.5966 15.2139 14.1009 11.7712 11.3412 11.1731 11.906 10.8135 9.30177 7.2753 9.85212 9.78518 7.06823 6.8201 6.52284 6.51139 8.68922 6.88581 0.0333488 0.0163993 0.00310513 0.00246272 0.00148646 0.000245431 4.24559e-06
threshold=0.57400000000000007 0.23900000000000002 1.2365000000000002 3.9970000000000003 0.40833333333333338 0.21950000000000003 1.8480000000000003 0.18900000000000003 0.71100000000000008 0.75450000000000006 0.93333333333333346 1.0000000180025095e-35 0.68600000000000005 9.5000000000000018 0.57700000000000007 0.47350000000000003 1.3935000000000002 0.078500000000000014 506.50000000000006 0.6130000000000001 0.36200000000000004 0.26150000000000007 0.7965000000000001 1.0000000180025095e-35 0.24550000000000002 0.43450000000000005 0.81666666666666676 0.61250000000000016
decision_type=2 2 2 2 2 2 2 2 2 2 2 2 2 2 2 2 2 2 2 2 2 2 2 2 2 2 2 2
left_child=11 3 5 8 10 7 -6 -3 16 -10 -4 22 13 -5 -14 21 -2 -7 19 -17 -20 -13 23 27 25 -24 -25 -1
right_child=1 2 4 12 6 17 -8 -9 9 -11 -12 15 14 -15 -16 18 -18 -19 20 -21 -22 -23 24 26 -26 -27 -28 -29
leaf_value=-0.050213197332664411 -0.024709066149641357 -0.0041040414844199678 0.013175567581420276 0.014901062422129047 0.0011497483903600031 -0.017097512873471343 0.011457910416834916 0.0060779797855837307 -0.0085412234733791698 -0.00062420942888451506 -0.034934835708459094 -0.057232259724588778 0.033130680278623668 -0.015319069243322353 -0.027065012744927869 -0.015384436268686453 -0.0072201957641090282 -0.0033269671465929644 -0.016090604848974545 0.02916911344251414 0.0019080133600436065 -0.06517720638878019 -0.05541939793241684 -0.05288441762877704 -0.056191977276645245 -0.053143727406138645 -0.052024241675868978 -0.050369707717551629
leaf_weight=0.49388660583644917 72.415017569437623 391.20528889074922 632.07373828999698 97.366712331771851 1351.4188395980746 92.182360819540918 348.33143747504801 908.83282983861864 535.16506791301072 4215.5966339167207 11.89944403618574 1.9476928561925877 61.331863259896636 37.30211666226387 7.5862151850014916 19.478421465493739 242.16082872822881 1281.2413546405733 189.43086436484009 24.975294776260853 73.858164098113775 4.1036112383008003 1.1575657650828364 1.5056246551685035 2.2427658224478364 1.8879508171230552 1.8460129033774137 3.5323778064921498
leaf_count=117 393 1743 2949 544 5916 451 1715 4164 2853 18214 51 38 534 161 83 103 1215 5521 983 124 374 29 14 33 29 39 53 492
internal_value=-2.20514e-06 0.000340529 0.00229945 -0.0015248 0.00574179 -0.000718317 0.00326221 0.00301402 -0.00212032 -0.00151605 0.0122866 -0.0108011 0.013292 0.00653034 0.0265046 -0.00910541 -0.0112461 -0.00425123 -0.00805313 0.00964695 -0.0110416 -0.06262 -0.0528096 -0.0512864 -0.0549346 -0.0540087 -0.0524107 -0.0503505
internal_weight=10612.6 10286.1 5017.19 5268.92 2343.72 2673.46 1699.75 1300.04 5065.34 4750.76 643.973 326.46 203.587 134.669 68.9181 313.794 314.576 1373.42 307.743 44.4537 263.289 6.0513 12.6662 7.3779 5.28828 3.04552 3.35164 4.02626
internal_count=48935 46507 22510 23997 10631 11879 7631 5907 22675 21067 3000 2428 1322 705 617 1651 1608 5972 1584 227 1357 67 777 695 82 53 86 609
is_linear=0
shrinkage=0.05


Tree=101
num_leaves=24
num_cat=0
split_feature=14 4 13 9 22 4 24 39 21 4 7 16 24 7 14 5 24 24 24 4 39 17 11
split_gain=15.0995 14.793 13.7147 13.5459 18.383 17.4077 12.0585 13.2197 13.0784 10.6562 10.9247 9.33971 9.30961 7.74192 11.2637 7.04006 0.0387441 0.0169596 0.00274702 0.00264439 0.000531772 0.00036376 3.38209e-05
threshold=1.0000000180025095e-35 1.413 2.2040000000000006 1.9110000000000003 0.43055555555555564 0.46450000000000008 2.2145000000000006 2.5985000000000005 -2.4999999999999996 1.7545000000000002 0.11650000000000001 0.11650000000000001 2.0675000000000003 0.054500000000000007 1.1225000000000003 -0.53699999999999992 1.9665000000000001 0.61250000000000016 1.0000000180025095e-35 1.7400000000000004 2.5555000000000003 0.24550000000000002 3.5000000000000004
decision_type=2 2 2 2 2 2 2 2 2 2 2 2 2 2 2 2 2 2 2 2 2 2 2
left_child=16 2 3 4 -2 -5 7 8 -3 10 -8 -11 -9 14 -4 -15 17 18 22 20 -19 -20 -1
right_child=1 6 13 5 -6 -7 9 12 -10 11 -12 -13 -14 15 -16 -17 -18 19 21 -21 -22 -23 -24
leaf_value=-0.050401442533140176 -0.0019539421531374192 0.0050175846304625123 -0.047280403879031006 -0.018087584360592896 -0.011855608598299937 0.0033922164129133259 -0.0073546431157274217 -0.0025638776304810046 -0.014960285673407032 0.027524763996199034 0.0044557798100231649 0.0081723063705746914 -0.015966266287179131 -0.02393206517391426 0.026281188523292604 0.020886897284159673 -0.061963217451090319 -0.055160373352031236 -0.051909764409497405 -0.056911105450442381 -0.053887371528991347 -0.053043906008082946 -0.050762705048967495
leaf_weight=3.0249314359389232 4401.4344164254144 855.89882567152381 11.792451888322832 100.14743130933493 524.61960554216057 1622.0123292114586 232.52556164562702 495.29807411227375 90.59214423596859 69.202920796349645 1239.8007521256804 629.11044876929373 175.47549194097519 9.4210567548871023 9.3137927204370481 125.20876217633486 1.3410793794319023 1.4177578501403334 1.2997691417112949 1.5658264197409151 1.94692948134616 1.5502512282691894 0.82442739838734258
leaf_count=417 19490 3804 55 1129 2302 7363 1061 2258 427 493 5506 2998 727 47 46 588 10 21 40 16 35 36 66
internal_value=-2.21584e-06 6.38079e-05 -0.00133041 -0.00167399 -0.00300846 0.00214312 0.00256815 -0.00070014 0.00310543 0.00500323 0.00259055 0.0100901 -0.00606997 0.0133366 -0.014819 0.0177506 -0.053916 -0.052988 -0.05135 -0.0552137 -0.0544238 -0.0525267 -0.0504788
internal_weight=10604.8 10591.9 6803.95 6648.21 4926.05 1722.16 3787.9 1617.26 946.491 2170.64 1472.33 698.313 670.774 155.736 21.1062 134.63 12.971 11.6299 6.69938 4.93051 3.36469 2.85002 3.84936
internal_count=48935 48294 31020 30284 21792 8492 17274 7216 4231 10058 6567 3491 2985 736 101 635 641 631 559 72 56 76 483
is_linear=0
shrinkage=0.05


Tree=102
num_leaves=29
num_cat=0
split_feature=17 7 13 14 22 8 3 7 7 14 19 14 14 59 20 18 39 36 31 10 59 3 5 32 39 39 39 13
split_gain=14.6589 19.361 18.0713 13.7168 12.7167 11.8498 11.3146 11.0958 11.1773 11.0369 10.8505 11.8551 11.365 10.4301 8.8891 8.34412 9.71951 8.66639 7.75255 7.48673 7.47194 6.57984 5.43016 2.49342 2.36426 5.50995 1.20896 0.996538
threshold=0.18050000000000002 0.29800000000000004 1.7545000000000002 0.55800000000000016 -0.36666666666666653 0.25833333333333336 0.26150000000000007 0.28900000000000003 0.13700000000000004 1.8250000000000004 2.6570000000000005 0.75450000000000006 0.7965000000000001 25.500000000000004 10.500000000000002 0.78888888888888908 2.5135000000000001 0.42300000000000004 0.66200000000000014 3.5000000000000004 29.500000000000004 0.76600000000000013 0.83650000000000013 0.58600000000000008 2.4790000000000005 2.4630000000000005 2.7315000000000005 2.6835000000000004
decision_type=2 2 2 2 2 2 2 2 2 2 2 2 2 2 2 2 2 2 2 2 2 2 2 2 2 2 2 2
left_child=6 3 4 14 20 -6 24 8 -5 -9 12 18 19 -14 22 16 -4 -17 -12 -8 -3 -16 -2 -13 25 -1 27 -26
right_child=1 2 15 7 5 -7 10 9 -10 -11 11 23 13 -15 21 17 -18 -19 -20 -21 -22 -23 -24 -25 26 -27 -28 -29
leaf_value=-0.06007793075101471 -0.033951903908838649 -0.006596655930294619 0.042163095014334413 -0.0040130585189324056 0.015601315773549149 0.0031536976155254492 -0.0086239709412995504 -0.010850059549528931 0.0016020634012718421 -0.071164207208961175 -0.061179483792704936 0.033156037852626656 -0.00097692991836953349 -0.0094617783355438329 -0.018923143700520839 -0.046710185630455821 0.015903976452519942 0.007430915140944138 0.0066513073558612515 -0.029307345082829284 -0.061089498571557092 0.038028598048058339 0.0057274920517407409 0.070939400296477467 -0.061295045193346082 0.095596205091923056 0.007024506213580143 -0.010187958400086444
leaf_weight=1.4555534664541476 59.981981005519629 206.29488773620687 42.675059971399605 1170.3852894450538 217.78555582929403 1565.9666237006895 188.64663738384843 120.34992392361164 3650.6401436217129 8.0950877368450147 4.5280277738347641 25.315193641930822 2474.4123010784388 424.30043228389695 10.220572416670622 8.5645712763071042 202.23623706586659 53.957685515284538 60.433944811113179 56.961819746531546 6.4884867072105399 10.066818460822104 10.069807053077964 5.2766572255641213 11.516525898594404 0.93257603095844377 0.78170518996194083 1.039963917341084
leaf_count=36 347 944 222 5240 1041 7235 843 509 15704 34 31 314 11898 1798 72 39 1102 239 339 336 27 44 50 67 296 14 32 82
internal_value=-2.15364e-06 0.00123589 0.00503291 -0.000499931 0.00329525 0.00467348 -0.00279486 -0.000147521 0.000238898 -0.0146513 -0.00258949 0.014009 -0.00309391 -0.0022189 -0.0198076 0.0163176 0.0204795 1.44312e-05 0.00192332 -0.0134209 -0.00825833 0.00933691 -0.0282481 0.0396731 -0.0451031 0.000713566 -0.0533063 -0.0570622
internal_weight=10599.4 7343.78 2303.97 5039.81 1996.54 1783.75 3255.6 4949.47 4821.03 128.445 3239.88 95.5538 3144.32 2898.71 90.3392 307.434 244.911 62.5223 64.962 245.608 212.783 20.2874 70.0518 30.5919 15.7263 2.38813 13.3382 12.5565
internal_count=48935 32849 10849 22000 9247 8276 16086 21487 20944 543 15626 751 14875 13696 513 1602 1324 278 370 1179 971 116 397 381 460 50 410 378
is_linear=0
shrinkage=0.05


Tree=103
num_leaves=29
num_cat=0
split_feature=4 9 17 13 18 7 4 3 4 14 9 7 1 31 11 19 15 21 1 9 8 43 13 13 17 30 8 1
split_gain=14.506 21.8907 16.8408 18.7127 15.7064 15.3116 11.2476 12.736 10.1206 9.61118 9.0116 9.29941 9.58228 7.44876 6.10497 5.96788 5.91697 5.44899 5.29869 4.45156 4.1175 3.6932 0.0133621 0.00253256 0.00214387 0.000792068 0.000206816 3.6168e-06
threshold=0.72900000000000009 2.2680000000000002 0.23900000000000002 1.2365000000000002 0.40833333333333338 0.59400000000000008 1.4260000000000004 1.1695000000000002 1.0000000180025095e-35 0.7965000000000001 2.5770000000000004 0.21250000000000002 44.500000000000007 0.83550000000000002 18.500000000000004 0.25650000000000006 -0.87249999999999994 27.500000000000004 5.5000000000000009 2.4320000000000004 0.93333333333333346 0.70600000000000007 0.7965000000000001 1.0000000180025095e-35 0.24550000000000002 1.5545000000000002 0.81666666666666676 2.5000000000000004
decision_type=2 2 2 2 2 2 2 2 2 2 2 2 2 2 2 2 2 2 2 2 2 2 2 2 2 2 2 2
left_child=8 2 6 5 -5 -4 7 -2 22 -8 11 18 -13 15 20 21 -17 19 -10 -15 -12 -3 23 27 25 -24 -25 -1
right_child=1 13 3 4 -6 -7 9 -9 10 -11 14 12 -14 17 -16 16 -18 -19 -20 -21 -22 -23 24 26 -26 -27 -28 -29
leaf_value=-0.050193747345108355 -0.0084306869832120185 -0.0063131667299225758 -0.001173448935945386 0.012547723293909525 0.0030602660363174029 0.030955039909760562 -0.0092190699650094715 -0.0015214423764460163 -0.063967821170419534 0.0022958814249952257 0.025658481542381647 -0.0064593316941886003 0.018167191744696384 0.052408877384778431 -0.042001787773803853 -0.012067085406224091 0.013601162456096161 0.090577548108161987 -0.015351642013375294 0.0071217390785326311 0.0032265452008282676 0.053402224766317785 -0.052996763320536038 -0.052698593450680176 -0.055811330243099526 -0.054685658866134336 -0.051883698617070498 -0.050345025423056244
leaf_weight=0.44886734010651563 997.72288626013324 3.2296227533370283 2457.892730247695 598.26937975082546 1610.6297316821292 37.651605654507875 202.54355273256078 2012.0062274932861 5.7597181107848874 1720.8209637738764 33.146589135751128 366.14478084445 44.277241103351116 11.172292247414594 5.6114137768745413 26.11665116995573 159.98673022165895 4.5519946962594977 208.14505286701024 10.550650695338843 53.43530684709549 13.057973124086855 1.6426341738551857 1.4180951882153749 2.1189056667499244 1.2023750301450489 1.7266173041425645 3.2987517840228975
leaf_count=117 4655 58 10703 2801 7246 364 1150 8594 77 7792 152 1776 191 53 24 121 724 19 1030 76 260 292 36 33 29 17 53 492
internal_value=-2.11483e-06 0.000500581 0.000137801 0.0022781 0.0056299 -0.000688709 -0.00190329 -0.00381185 -0.00681136 0.00108328 -0.00605321 -0.00820798 -0.00380257 0.0157906 0.00853872 0.012539 0.00999903 0.0408364 -0.0166607 0.0304133 0.0118143 0.0415614 -0.0526294 -0.0512049 -0.0546073 -0.0537105 -0.0522512 -0.0503269
internal_weight=10594.6 9866.2 9637.54 4704.44 2208.9 2495.54 4933.09 3009.73 728.376 1923.36 716.52 624.327 410.422 228.666 92.1933 202.391 186.103 26.2749 213.905 21.7229 86.5819 16.2876 11.8562 6.89233 4.96391 2.84501 3.14471 3.74762
internal_count=48935 44648 43305 21114 10047 11067 22191 13249 4287 8942 3510 3074 1967 1343 436 1195 845 148 1107 129 412 350 777 695 82 53 86 609
is_linear=0
shrinkage=0.05


Tree=104
num_leaves=31
num_cat=0
split_feature=13 11 15 4 24 17 9 44 22 13 13 23 4 17 19 1 25 23 17 37 41 1 20 34 4 23 37 4 24 11
split_gain=14.0752 14.1567 19.2478 13.96 18.1339 16.1645 15.8842 13.1279 11.9491 11.5571 7.73699 7.49043 7.42005 7.23782 5.84675 6.23905 8.70534 5.60449 5.21177 5.68186 4.9846 4.70773 3.6875 1.33795 0.00604967 0.000452246 0.000465001 0.000356222 3.11921e-06 1.50909e-06
threshold=0.50850000000000006 1.5000000000000002 -1.4914999999999998 1.0605000000000002 2.9605000000000006 0.27900000000000008 2.0440000000000005 0.46650000000000008 -0.36666666666666653 2.1015000000000006 1.0000000180025095e-35 1.6670000000000005 1.7925000000000002 0.32700000000000007 0.96500000000000008 15.500000000000002 510.50000000000006 -0.25900000000000001 0.49150000000000005 0.63350000000000006 0.51300000000000012 14.500000000000002 -2.4999999999999996 0.55350000000000021 1.0000000180025095e-35 1.4915000000000005 0.47950000000000004 1.4915000000000003 0.61250000000000016 1.0000000180025095e-35
decision_type=2 2 2 2 2 2 2 2 2 2 2 2 2 2 2 2 2 2 2 2 2 2 2 2 2 2 2 2 2 2
left_child=10 2 11 7 5 -5 -6 8 -3 -9 24 12 -2 -13 15 20 -17 22 23 -20 -12 -19 -4 -16 28 27 -27 -26 -1 -30
right_child=1 3 17 4 6 -7 -8 9 -10 -11 14 13 -14 -15 18 16 -18 21 19 -21 -22 -23 -24 -25 25 26 -28 -29 29 -31
leaf_value=-0.050184030157301412 -0.022567836349156694 -0.035930611316383053 -0.055523950023900814 -0.0019111449534242608 0.0046490441273660619 0.0036913749155908283 0.022831441979265302 -0.001616774058897659 -0.0071876153224874704 0.01714144527264377 -0.0057647153972576939 0.057027230196596945 0.050741604921077946 -0.089332908262405558 -0.055678286748791384 -0.0011193412480279752 -0.036235210526974738 0.043361512369813719 -0.019320300076643 0.068268949482236982 0.014773056336636246 -0.037145257356218618 0.027037221417584745 -0.030525284080666133 -0.052059783725864311 -0.054051058423806357 -0.05284469580211635 -0.053172206708469255 -0.050319906398071317 -0.050474664795630259
leaf_weight=0.42672862275503431 34.728967117145658 38.285534247756004 2.5915428176522255 3683.2352890996262 1334.8277680948377 1979.3341640764847 131.99398030340672 2266.5615078425035 650.87213119491935 85.197987526655197 156.4730746941641 6.7456714678555718 3.8325633741915217 0.96561524644494046 11.097431447356941 34.177866943180561 36.493840735405684 55.78879258222878 9.4802874503657204 2.3008919572457662 36.420041903853416 1.8769714385271061 2.8286136370152226 10.097330894321201 2.347232936881483 1.1196290478110316 2.7876534815877676 1.0378461242653427 2.9728875611908738 0.16633733641356219
leaf_count=117 180 214 14 16204 6223 8645 629 10092 2901 395 821 152 29 7 117 170 184 733 82 20 190 8 28 108 78 18 61 23 473 19
internal_value=-2.05103e-06 0.000313211 0.018207 0.000120804 0.00133063 4.71991e-05 0.00628521 -0.00271561 -0.00878441 -0.000937214 -0.0105446 -0.0062858 -0.0152817 0.0386999 -0.00902675 -0.00654338 -0.0192527 0.0361721 -0.0288754 -0.00221391 -0.00188699 0.0407411 -0.0124378 -0.0436952 -0.0519986 -0.0528239 -0.0531904 -0.0524008 -0.0503109 -0.0503281
internal_weight=10587.1 10279.7 109.359 10170.3 7129.39 5662.57 1466.82 3040.92 689.158 2351.76 307.399 46.2728 38.5615 7.71129 296.541 263.565 70.6717 63.0859 32.9759 11.7812 192.893 57.6658 5.42016 21.1948 10.8583 7.29236 3.90728 3.38508 3.56595 3.13922
internal_count=48935 46454 1151 45303 31701 24849 6852 13602 3115 10487 2481 368 209 159 1692 1365 354 783 327 102 1011 741 42 225 789 180 79 101 609 492
is_linear=0
shrinkage=0.05


Tree=105
num_leaves=23
num_cat=0
split_feature=3 17 13 18 24 23 8 39 23 15 20 13 34 22 24 18 24 19 1 11 22 11
split_gain=14.2049 13.2723 14.0702 13.8727 13.351 17.1057 14.5947 12.2289 6.23619 5.3809 5.78489 8.00055 6.12384 5.53426 0.0328389 0.0109622 0.00730529 0.0037918 0.000439649 3.03592e-05 1.71044e-05 6.54615e-06
threshold=1.0000000180025095e-35 0.54000000000000015 1.4915000000000003 0.36666666666666675 2.1365000000000003 0.21400000000000008 0.36666666666666675 2.5935000000000006 -0.95249999999999979 -0.79649999999999987 -5.4999999999999991 0.71100000000000008 0.52900000000000014 0.21111111111111114 0.97050000000000003 0.4555555555555556 1.0000000180025095e-35 1.4915000000000003 1.0000000180025095e-35 3.5000000000000004 -0.5166666666666665 1.5000000000000002
decision_type=2 2 2 2 2 2 2 2 2 2 2 2 2 2 2 2 2 2 2 2 2 2
left_child=14 2 4 8 5 -2 -6 -5 -4 13 12 -12 -11 -3 16 -16 19 -18 -19 21 -21 -1
right_child=1 9 3 7 6 -7 -8 -9 -10 10 11 -13 -14 -15 15 -17 17 18 -20 20 -22 -23
leaf_value=-0.050174020963946214 -0.0044170309485592708 0.020615450596924875 -0.010883680429733937 0.0043915423720850364 0.0039602598881151264 -0.025472466312738876 -0.0019233020378839382 -0.0018283543675762905 0.01384251704999815 0.014691904180518448 -0.016300982189762728 0.016370433180673636 0.050641993752164528 -0.047020159729999317 -0.059657285916025427 -0.055127033168743483 -0.056576654429043818 -0.051928744486018391 -0.053318140197324851 -0.050508883329768807 -0.050985813259745209 -0.050393715235242914
leaf_weight=0.39724197215400536 1103.6203621216118 5.2598008811473829 27.704825753346086 1621.0375798353925 1399.6724132518284 105.69967483729124 4268.3433663062751 1541.9162396760657 320.46258222125471 26.880734700709581 23.290264536626637 95.868171843700111 21.17885391227901 7.1166530027985573 2.5501104351133108 2.803249953314662 0.86723571037873659 1.0285910824313762 1.2753061102703211 0.42766982316970825 0.33544152602553357 2.3153941188938916
leaf_count=115 5095 29 131 7338 6031 796 19168 7050 1523 138 125 745 106 36 30 38 16 31 26 45 21 302
internal_value=-1.95407e-06 5.97826e-05 -0.000173196 0.00240213 -0.00148799 -0.00625736 -0.000470402 0.00135939 0.011875 0.0135362 0.0158907 0.0099846 0.0305344 -0.0182761 -0.0543705 -0.0572851 -0.0520232 -0.0537586 -0.0526978 -0.0504399 -0.0507185 -0.0503615
internal_weight=10580.1 10568.1 10388.5 3511.12 6877.34 1209.32 5668.02 3162.95 348.167 179.594 167.218 119.158 48.0596 12.3765 12.0002 5.35336 6.64688 3.17113 2.3039 3.47575 0.763111 2.71264
internal_count=48935 48311 47132 16042 31090 5891 25199 14388 1654 1179 1114 870 244 65 624 68 556 73 57 483 66 417
is_linear=0
shrinkage=0.05


Tree=106
num_leaves=24
num_cat=0
split_feature=14 7 17 59 4 24 3 3 42 9 36 31 31 3 9 44 3 3 3 4 2 16 2
split_gain=13.7788 13.478 17.2499 15.6972 14.3467 14.1994 11.9608 11.3844 14.9226 10.5594 10.4634 10.1149 9.55037 9.44984 8.5026 7.28527 0.0321523 0.0138545 0.00246994 0.00196815 0.000464884 0.000380812 2.54312e-05
threshold=1.0000000180025095e-35 0.31700000000000006 0.075500000000000012 5.5000000000000009 1.8440000000000003 2.1665000000000005 0.89100000000000013 2.2390000000000003 0.28800000000000003 0.58950000000000002 0.49400000000000005 0.77150000000000019 0.59000000000000008 2.0755000000000003 1.9355000000000002 0.49400000000000005 1.9835000000000003 0.74550000000000016 1.0000000180025095e-35 1.6545000000000003 2.5000000000000004 0.79600000000000015 1.5000000000000002
decision_type=2 2 2 2 2 2 2 2 2 2 2 2 2 2 2 2 2 2 2 2 2 2 2
left_child=16 4 5 11 7 10 9 8 -2 -6 -3 -4 -8 -5 -9 -7 17 18 22 20 -19 -20 -1
right_child=1 2 3 13 6 15 12 14 -10 -11 -12 -13 -14 -15 -16 -17 -18 19 21 -21 -22 -23 -24
leaf_value=-0.050342598366893913 -0.0010101547826384893 -0.046056952902962078 0.0086932092061351458 0.0024657172875467708 0.0053270191713163991 -0.011147477803085944 0.056311449717941303 -0.01472457987116112 -0.0071442760311937253 -0.013335117984434632 -0.005499191834444403 0.028298276674240626 0.0090599485202831256 0.028601298810010146 0.011287866983477661 0.010541026782264941 -0.06124041058464718 -0.053506811340326532 -0.052929932748473123 -0.056499934872294134 -0.054797900739955052 -0.051788925852394779 -0.050672201820841214
leaf_weight=2.5478865096811192 5671.6866708961315 39.088910961057991 197.66352711291984 2028.5027662375942 184.01210578717291 91.209340597968549 10.930670453235505 35.873600851744413 1201.5111853578128 128.88922790065408 26.809102702885866 98.614151211455464 493.30670761596411 35.185888469219208 252.7279600482434 67.28035192610696 1.2843970181420434 1.1928451401181521 1.6010788781568408 1.4924280010163782 1.6780536659061907 1.3460486466065049 0.75972835021093477
leaf_count=413 25243 212 1299 8844 832 450 52 180 5299 564 138 695 2540 164 1444 338 10 25 39 16 24 44 70
internal_value=-1.94702e-06 5.86359e-05 0.00319682 0.00445643 -0.000957814 -0.0100509 0.00531897 -0.00167397 -0.00208247 -0.00236022 -0.029557 0.0152186 0.0100842 0.00291133 0.00805448 -0.00194051 -0.0537685 -0.0528647 -0.0513562 -0.0550271 -0.0542615 -0.0524088 -0.0504183
internal_weight=10575.2 10563.3 2584.35 2359.97 7978.94 224.388 817.139 7161.8 6873.2 312.901 65.898 296.278 504.237 2063.69 288.602 158.49 11.9025 10.6181 6.25474 4.36333 2.8709 2.94713 3.30761
internal_count=48935 48294 12140 11002 36154 1138 3988 32166 30542 1396 350 1994 2592 9008 1624 788 641 631 566 65 49 83 483
is_linear=0
shrinkage=0.05


Tree=107
num_leaves=27
num_cat=0
split_feature=3 13 17 4 9 37 14 5 25 18 7 33 3 9 2 27 31 44 24 30 25 14 18 14 16 14
split_gain=13.5256 13.6025 13.851 15.3128 17.1685 10.3716 8.95453 6.74928 10.5952 6.27951 6.16218 8.83761 6.15715 5.50605 5.76787 7.09693 5.45541 4.72872 3.79515 2.49643 1.06523 0.0276182 0.0100546 0.0062336 0.00338871 0.000271258
threshold=0.33900000000000002 2.2245000000000004 0.54000000000000015 0.72900000000000009 2.2680000000000002 0.62700000000000011 0.91850000000000021 -0.54349999999999998 512.50000000000011 0.74166666666666681 0.08900000000000001 0.17350000000000002 1.0000000180025095e-35 0.68900000000000006 5.5000000000000009 0.29300000000000004 0.59450000000000014 0.51550000000000018 1.9475000000000002 1.5475000000000001 511.50000000000006 0.82700000000000007 0.4555555555555556 0.47350000000000003 0.49150000000000005 1.0000000180025095e-35
decision_type=2 2 2 2 2 2 2 2 2 2 2 2 2 2 2 2 2 2 2 2 2 2 2 2 2 2
left_child=12 2 3 6 -5 7 -2 8 -3 -9 11 -4 21 14 15 -14 -12 -16 -7 20 -15 23 -23 25 -25 -1
right_child=1 5 10 4 -6 18 -8 9 -10 -11 16 -13 13 19 17 -17 -18 -19 -20 -21 -22 22 -24 24 -26 -27
leaf_value=-0.050397789359058878 -0.02221116070646853 -0.0031978849675516675 0.06456900300669334 -0.00019671492307028919 0.014058633576550246 -0.061079156634345336 -0.005397253300462943 0.027302452511784515 0.047681083720219709 0.0085090923261921629 -0.017853918098151414 -0.033103661864600141 -0.0056090684663583018 -0.07025045597604386 -0.036619374551070859 0.053667098762421733 0.019442323851489161 0.02183928080909749 -0.0055395796428654668 -0.0089340169148951331 -0.032837671538527582 -0.059224312579594277 -0.054819688327324527 -0.056503183332448928 -0.052601040061594974 -0.052004934051200227
leaf_weight=3.1475490338634686 91.895047198981047 91.136954233981669 2.815591348335146 9139.6597207253799 216.20793861337006 6.3430710490792972 572.54099968355149 95.987475079484284 11.526434971950946 82.781999513506889 10.512051587458698 13.050853192806242 30.13467519171536 6.237511898390947 20.830367349088196 6.0659633204340926 145.72175622265786 4.1481661200523368 5.971487682312727 3.4767174944281569 2.7376087177544832 2.4548553791828454 2.7437685132026672 0.78861216409131918 1.8892915844917295 0.28644346259534348
leaf_count=483 525 535 17 40063 1275 31 3300 530 77 399 59 64 161 47 115 33 978 20 37 24 21 30 39 15 49 8
internal_value=-1.86084e-06 0.000159107 -0.00014661 -0.000388168 0.000132717 0.0107668 -0.00772271 0.0127321 0.0025145 0.0185999 0.0139178 -0.0157711 -0.0198736 -0.0145976 -0.00842912 0.00432355 0.0169329 -0.0269112 -0.0341473 -0.0449047 -0.0588387 -0.0542206 -0.0568996 -0.0519419 -0.0537502 -0.0505318
internal_weight=10571.1 10486.2 10192.4 10020.3 9355.87 293.747 664.436 281.433 102.663 178.769 172.1 15.8664 84.9415 73.631 61.1792 36.2006 156.234 24.9785 12.3146 12.4518 8.97512 11.3105 5.19862 6.1119 2.6779 3.43399
internal_count=48935 47890 46281 45163 41338 1609 3825 1541 612 929 1118 81 1045 421 329 194 1037 135 68 92 68 624 69 555 64 491
is_linear=0
shrinkage=0.05


Tree=108
num_leaves=31
num_cat=0
split_feature=13 16 8 24 43 11 28 17 1 13 28 2 13 16 41 41 25 18 20 13 13 44 41 2 4 4 1 6 24 11
split_gain=13.0042 16.7265 14.4037 15.5322 18.5848 13.3356 13.2265 12.0976 11.5163 9.57599 9.34482 9.19811 8.9759 8.61479 10.2044 7.67325 7.36174 7.27283 7.21457 5.64597 5.30628 6.02904 3.11886 0.602563 0.00512953 0.000309984 0.000534531 0.000173189 3.09349e-06 1.40271e-06
threshold=0.7380000000000001 0.16350000000000003 0.74166666666666681 2.7015000000000007 0.71400000000000008 13.500000000000002 0.64350000000000007 0.23400000000000001 46.500000000000007 1.0725000000000002 0.18150000000000002 1.5000000000000002 1.0000000180025095e-35 0.26000000000000006 0.42600000000000005 0.45350000000000007 512.50000000000011 0.18333333333333332 -12.499999999999998 0.60350000000000004 0.50850000000000006 0.51250000000000007 0.49150000000000005 7.5000000000000009 1.0000000180025095e-35 0.96650000000000003 3.5000000000000004 0.93100000000000016 0.61250000000000016 1.0000000180025095e-35
decision_type=2 2 2 2 2 2 2 2 2 2 2 2 2 2 2 2 2 2 2 2 2 2 2 2 2 2 2 2 2 2
left_child=12 8 3 4 -3 16 -7 -5 9 11 -11 -2 24 14 19 -16 -4 22 -19 -14 23 -22 -10 -15 28 27 -27 -26 -1 -30
right_child=1 2 5 7 -6 6 -8 -9 17 10 -12 -13 13 20 15 -17 -18 18 -20 -21 21 -23 -24 -25 25 26 -28 -29 29 -31
leaf_value=-0.050150799640760836 0.051177110207110299 -0.0065657447567537041 0.0067540017162139006 0.00099802864298686382 0.00069701056635639567 -0.010198770293402822 0.067205602298557196 0.0079007368189176527 -0.025715491166238693 -0.0051199523207206693 0.03146611230894774 0.0031678596131938653 0.0067981200221151382 -0.054853836713490638 -0.016173636073380911 -0.0023694666208407735 -0.019620655329077738 0.029966063429310071 0.089050384257749901 0.047448876881446278 -0.018414094068829791 0.014516566663185196 0.029290916587408629 -0.018214604037269901 -0.052018598845323422 -0.052404679712139635 -0.053523233973744505 -0.052938308658202052 -0.050299867834201234 -0.050453469208999117
leaf_weight=0.34988368651829516 10.196488996967672 1110.7454406381585 231.86718668555841 1510.2751754401252 4255.4903334770352 666.83663302659988 5.5649567544460288 1094.9324461966753 4.807235389947893 23.595457819290459 67.049128256272525 462.93606565520167 21.203704565763474 9.5091803609393519 115.65986152179539 776.73588365875185 29.865149995312095 12.248481780290605 8.9359346479177457 14.303699430078266 100.73517948389053 16.123848276212811 5.5545303076505661 1.2722851186990727 1.9353622905910017 2.1842216635122895 2.0901204645633698 0.69593198411166657 2.7891059326939289 0.15700053330510844
leaf_count=117 460 4914 1087 6673 19008 2822 24 4969 20 131 523 2068 108 174 542 3655 138 51 37 64 558 85 23 12 66 63 37 14 473 19
internal_value=-1.88294e-06 0.00058559 4.31709e-05 0.000731526 -0.000806291 -0.00583092 -0.00955815 0.00389914 0.00869977 0.00705476 0.0219425 0.00420251 -0.00523909 -0.00478798 -0.00311266 -0.00415857 0.0037445 0.0380986 0.0548888 0.0231738 -0.016967 -0.0138704 0.00377126 -0.0505302 -0.0519142 -0.0526888 -0.0529516 -0.0522618 -0.0502914 -0.0503081
internal_weight=10566.6 9500.9 8905.58 7971.44 5366.24 934.134 672.402 2605.21 595.323 563.777 90.6446 473.133 1065.75 1055.54 927.903 892.396 261.732 31.5462 21.1844 35.5074 127.64 116.859 10.3618 10.7815 10.2016 6.90564 4.27434 2.63129 3.29599 2.94611
internal_count=48935 42948 39635 35564 23922 4071 2846 11642 3313 3182 654 2528 5987 5198 4369 4197 1225 131 88 172 829 643 43 186 789 180 100 80 609 492
is_linear=0
shrinkage=0.05


Tree=109
num_leaves=24
num_cat=0
split_feature=14 4 3 42 10 19 44 6 5 6 7 4 24 7 24 30 3 3 3 4 39 16 11
split_gain=12.8082 12.4744 12.9074 13.6432 12.2649 12.2339 10.9577 11.2209 13.2117 10.1684 9.71632 8.83233 8.80049 7.63211 5.01272 2.36562 0.0269726 0.0115698 0.00206933 0.00172444 0.000423313 0.0003155 1.84246e-05
threshold=1.0000000180025095e-35 1.2950000000000002 1.4260000000000004 0.29800000000000004 14.500000000000002 2.6570000000000005 0.46650000000000008 0.14050000000000004 -1.0000000180025095e-35 0.68100000000000016 0.39650000000000007 0.96650000000000003 1.3335000000000004 0.46550000000000008 3.1350000000000007 1.4705000000000001 1.9835000000000003 0.74550000000000016 1.0000000180025095e-35 1.6545000000000003 2.5555000000000003 0.79600000000000015 3.5000000000000004
decision_type=2 2 2 2 2 2 2 2 2 2 2 2 2 2 2 2 2 2 2 2 2 2 2
left_child=16 6 3 5 -5 -3 12 11 -9 10 -4 -8 15 -14 -11 -2 17 18 22 20 -19 -20 -1
right_child=1 2 9 4 -6 -7 7 8 -10 14 -12 -13 13 -15 -16 -17 -18 19 21 -21 -22 -23 -24
leaf_value=-0.050310434399854026 -0.026550628240840042 0.0012293857080240009 0.0048444453933698924 -0.0051041461249349768 -0.033308184873320781 0.026431943956529681 -0.012484103943369533 -0.0069751958928502278 0.00046582062038674803 -0.024457537897153509 0.023148595126848512 0.025738426191339866 -0.0062336649417705989 0.012314141382523536 0.059557140364890029 -0.068642272462497239 -0.060586891268029276 -0.054778772730749895 -0.052765428504501145 -0.056166267908536766 -0.053506323097394809 -0.051697272091156536 -0.050611614734876055
leaf_weight=2.317165068350731 7.2114758528768999 3426.9132207101211 945.09119816776365 364.00031598471105 43.111674465239048 48.838375017046928 19.399953623767942 714.16663358733058 3621.5916446866468 2.0613186210393897 78.52461364865303 68.409912414848804 1133.4006119915284 58.316209213342518 12.801151234656571 6.2147251451388001 1.2336751976981748 1.0967229073867204 1.5036711257416755 1.429217994213104 1.6177284959703682 1.2795867063105106 0.65029886015690852
leaf_count=417 60 14947 4469 1603 186 401 114 3187 16583 9 574 480 5195 315 125 46 10 17 39 16 32 44 66
internal_value=-1.84842e-06 5.47027e-05 0.00189342 0.00056917 -0.00809085 0.00158351 -0.00155294 -0.000401456 -0.00075983 0.00684479 0.00624861 0.0172939 -0.00577955 -0.00532604 0.0479049 -0.046034 -0.0536156 -0.0527463 -0.051295 -0.0547606 -0.0540204 -0.0522743 -0.0503764
internal_weight=10561.2 10550.1 4921.34 3882.86 407.112 3475.75 5628.71 4423.57 4335.76 1038.48 1023.62 87.8099 1205.14 1191.72 14.8625 13.4262 11.1281 9.89439 5.75072 4.14367 2.71445 2.78326 2.96746
internal_count=48935 48294 22314 17137 1789 15348 25980 20364 19770 5177 5043 594 5616 5510 134 106 641 631 566 65 49 83 483
is_linear=0
shrinkage=0.05


Tree=110
num_leaves=31
num_cat=0
split_feature=43 3 13 7 4 8 9 24 12 4 40 39 9 26 29 9 28 41 3 14 16 8 23 20 36 29 21 5 1 39
split_gain=12.4491 16.0962 15.4307 13.1337 25.5056 12.58 20.6575 14.33 11.8589 11.5682 11.4594 11.1338 11.0907 10.7974 10.7183 10.5461 12.737 10.332 10.0432 9.29084 8.90364 7.57432 7.10334 7.57691 6.19064 6.05107 5.51454 5.10559 4.46598 4.16769
threshold=0.74950000000000017 1.9245000000000003 1.7545000000000002 0.093000000000000013 1.7290000000000003 0.54444444444444462 1.5965000000000003 1.2565000000000002 25.500000000000004 1.5540000000000003 0.72050000000000003 2.7625000000000006 1.2455000000000003 0.63050000000000017 2.8280000000000007 1.5345000000000002 0.26600000000000007 0.44100000000000006 0.54000000000000015 0.9425 0.35500000000000004 0.14999999999999999 1.1255000000000002 -9.4999999999999982 0.64000000000000012 3.0510000000000006 -2.4999999999999996 -0.13149999999999998 2.5000000000000004 2.4030000000000005
decision_type=2 2 2 2 2 2 2 2 2 2 2 2 2 2 2 2 2 2 2 2 2 2 2 2 2 2 2 2 2 2
left_child=1 3 5 4 14 7 17 28 -9 15 18 -12 -6 -8 -1 16 -3 -7 -5 21 -17 25 27 -24 29 -4 -23 -11 -2 -21
right_child=2 9 19 10 12 6 13 8 -10 22 11 -13 -14 -15 -16 20 -18 -19 -20 24 -22 26 23 -25 -26 -27 -28 -29 -30 -31
leaf_value=-0.021650073801169553 -0.0061826839367147288 -0.064031005313043274 -0.013529431310004725 -0.030522863163238753 0.0092391139690281895 -0.037722016620778481 0.0040971068023797136 0.0061395641864149843 -0.0047118005165433172 -0.01271436116777136 0.00063489804578388401 -0.0094995752328965542 -0.026108748911081055 -0.010253034280486682 -0.0034305850286379691 0.0096193291896238941 0.013553210297406238 -0.010938205706192418 -0.0045089263855631048 -0.018214065077974111 -0.0013492599608054001 0.010312615554257235 0.046390567931431891 -0.017767890142003709 0.047161917535221809 -0.088606292955566962 -0.019681867717549404 0.046301659947516186 -0.04392281268910906 0.016640522160047265
leaf_weight=283.86090091988444 12.944293756736441 12.306986276060345 23.677540053147826 38.143388924654573 186.34255931572989 43.138584904372692 594.38655995810404 1487.9301584046334 303.05700185894966 4.1155538288876405 4147.9968131738715 289.95218783593737 25.19063563644886 168.17060006782413 112.80002445541322 418.18018000014126 9.2782729631289822 217.78813376021571 1359.4931563008577 8.9043064368888718 331.82191072776914 133.02893574954942 6.8708697501570013 13.934145506471394 16.333518916741014 3.0269691986031821 17.318783950060606 33.457807918079197 19.874315193854272 233.04198947874829
leaf_count=1603 177 66 157 227 1132 187 2861 6641 1279 73 18370 1308 125 811 570 2290 53 945 5967 50 1530 600 43 74 82 16 79 303 143 1173
internal_value=-1.76256e-06 -0.00115525 0.00255417 -0.00199939 -0.0089916 0.00121373 -0.0032228 0.00370343 0.00430338 0.00539855 -0.00127065 -2.7235e-05 0.00502968 0.000932397 -0.0164689 0.00377484 -0.030682 -0.0153663 -0.00521888 0.0113213 0.00476652 0.00249903 0.0268591 0.00342048 0.0173691 -0.0220394 0.00685751 0.0398374 -0.0290374 0.0153578
internal_weight=10556.4 7273.75 3282.62 6443.78 608.194 2847.29 1023.48 1823.81 1790.99 829.966 5835.59 4437.95 211.533 762.557 396.661 771.587 21.5853 260.927 1397.64 435.332 750.002 177.052 58.3784 20.805 258.28 26.7045 150.348 37.5734 32.8186 241.946
internal_count=48935 33734 15201 29302 3430 13044 4804 8240 7920 4432 25872 19678 1257 3672 2173 3939 119 1132 6194 2157 3820 852 493 117 1305 173 679 376 320 1223
is_linear=0
shrinkage=0.05


Tree=111
num_leaves=24
num_cat=0
split_feature=3 7 4 22 13 16 3 13 3 9 31 8 37 19 39 7 14 18 14 19 7 12 12
split_gain=12.3499 12.0167 12.5645 11.2193 17.7464 14.4165 10.1329 11.6819 9.897 10.008 8.84445 8.81071 8.62972 8.36557 6.99058 3.55244 0.0239366 0.00866539 0.00494745 0.00240954 0.000320759 4.68234e-05 1.12084e-05
threshold=1.0000000180025095e-35 0.31700000000000006 1.8440000000000003 -0.36666666666666653 1.2195000000000003 0.22450000000000003 0.60350000000000004 0.85450000000000015 0.89100000000000013 0.58950000000000002 0.59000000000000008 0.4555555555555556 0.55750000000000022 1.7755000000000003 2.6780000000000004 0.37250000000000005 0.98350000000000015 0.4555555555555556 0.26150000000000007 1.4915000000000003 0.16350000000000003 2.5000000000000004 1.5000000000000002
decision_type=2 2 2 2 2 2 2 2 2 2 2 2 2 2 2 2 2 2 2 2 2 2 2
left_child=16 2 6 11 5 -5 14 -8 9 -4 -10 13 -6 -3 -2 -13 18 -18 21 -20 -21 22 -1
right_child=1 3 8 4 12 -7 7 -9 10 -11 -12 15 -14 -15 -16 -17 17 -19 19 20 -22 -23 -24
leaf_value=-0.050292164148674157 -0.0086389792895065522 -0.013793061714861124 0.0055045766868432097 0.0059019154587913927 0.011498723285997527 -0.0051527055741248523 -0.0057393445548271638 -0.00030861884454760148 0.053990993677123747 -0.012709241807594538 0.0083298045825666699 -0.066466089053479185 -0.00039898629067971483 0.0019344793279315712 -0.034687292911759586 -0.011501630060293103 -0.05881420934433227 -0.054601195287813868 -0.055716528713418381 -0.051759939794416149 -0.053022794030979314 -0.051347997792470394 -0.050538560547148795
leaf_weight=2.1632969251368186 185.74361223727465 128.31362930685282 182.21825261227787 577.02747770608403 819.95728992996737 603.2574795037508 1196.6867242082953 5739.8491525640711 10.83869265951216 128.68141472712159 492.15920238383114 7.8867427855730039 187.20552072208375 247.89835650473833 29.903662003576756 4.6865755170583725 2.3428591818083078 2.5477770362049341 0.77311444375664029 0.94157570507377419 1.0790544701740143 0.12143357377499331 0.58672841079533089
leaf_count=413 998 570 805 2848 3961 2684 6129 24912 52 565 2550 35 837 1191 153 21 30 38 16 31 24 6 66
internal_value=-1.63338e-06 5.24912e-05 -0.000907493 0.0030209 0.00441196 0.000251769 -0.00157736 -0.00124552 0.00497897 -0.00203413 0.00931372 -0.00480571 0.00928725 -0.00342967 -0.0122511 -0.0459787 -0.0540568 -0.0566194 -0.0518446 -0.0533426 -0.0524343 -0.0503872 -0.0503447
internal_weight=10552.9 10542.3 7966.08 2576.23 2187.45 1180.28 7152.18 6936.54 813.898 310.9 502.998 388.785 1007.16 376.212 215.647 12.5733 10.5558 4.89064 5.6652 2.79374 2.02063 2.87146 2.75003
internal_count=48935 48311 36164 12147 10330 5532 32192 31041 3972 1370 2602 1817 4798 1761 1151 56 624 68 556 71 55 485 479
is_linear=0
shrinkage=0.05


Tree=112
num_leaves=31
num_cat=0
split_feature=4 24 22 39 17 7 19 12 21 4 17 1 23 5 4 7 24 29 25 1 15 20 14 36 1 19 30 14 23 1
split_gain=12.1836 14.1422 14.5424 13.5132 15.8001 11.9196 11.9093 11.0532 17.3893 10.0534 8.83439 11.761 10.6791 7.93198 7.79065 6.89355 8.37151 8.08134 5.63367 8.072 5.23559 8.9729 5.93383 0.839629 0.00855131 0.00228139 0.00217321 0.000609154 4.84203e-05 2.55737e-06
threshold=0.85450000000000015 3.0850000000000004 0.19999999999999998 2.7295000000000003 0.40800000000000003 0.13150000000000003 1.7070000000000001 13.500000000000002 16.500000000000004 1.0000000180025095e-35 0.10150000000000002 45.500000000000007 1.4445000000000003 -0.14049999999999999 1.8545000000000003 0.43400000000000005 3.5455000000000005 1.9410000000000003 510.50000000000006 6.5000000000000009 1.4035000000000002 13.500000000000002 0.81950000000000001 0.45900000000000007 3.5000000000000004 0.96500000000000008 1.5545000000000002 2.4835000000000007 -1.0000000180025095e-35 2.5000000000000004
decision_type=2 2 2 2 2 2 2 2 2 2 2 2 2 2 2 2 2 2 2 2 2 2 2 2 2 2 2 2 2 2
left_child=9 3 10 4 6 -6 -2 14 -9 24 11 -3 -12 18 -4 17 -17 -15 23 -20 21 -5 -22 -11 28 27 -27 -26 -1 -30
right_child=1 2 7 20 5 -7 -8 8 -10 13 12 -13 -14 15 -16 16 -18 -19 19 -21 22 -23 -24 -25 25 26 -28 -29 29 -31
leaf_value=-0.051191854949149587 -0.0020787608939286796 0.0012397405418352941 0.0055233352481635356 -0.008788974697106244 -0.0092755152686431076 0.010956117662583812 0.0024829501431300289 -0.012056624644583243 0.0041063971269507211 -0.064705057564607441 0.014265907609619486 -0.085779458245324666 -0.046666832173683281 -0.037160362241357367 0.034017266448691491 0.010818657766151402 -0.033135765966396634 -0.0042287984160326716 -0.036152448974728815 0.05437111529586694 -0.0071593561671398735 -0.06011060795530309 0.039158894780986088 -0.039664214707388276 -0.052088370198450487 -0.053338957020226632 -0.055634277607088105 -0.053519807783452611 -0.050129131953374095 -0.050283755439688299
leaf_weight=0.14913491439074311 4115.4552083192393 113.78066180739552 468.20058109611273 439.53726516943425 85.010026349220425 506.93427870096639 2193.2860057051294 292.16589270532131 386.6135153695941 7.6233719270676392 518.0805441243574 4.0200738757848731 7.2919559851288787 18.933144432958215 25.284296935424209 126.28407554142177 11.84918171726167 1161.1452216245234 7.294825535733251 3.7176421955227852 16.398878591600809 8.6849994361400586 11.955945931375025 5.9684191951528192 2.4172667958773677 2.603631763253361 1.7075440436601637 1.0732013401575384 0.29958781506866072 2.4899570611305535
leaf_count=9 17849 639 2429 1968 429 2567 10104 1253 1610 55 2564 17 34 107 199 600 58 5376 56 21 88 36 60 39 95 58 24 28 117 446
internal_value=-1.6089e-06 0.000650508 0.00460385 -0.000322352 0.000240019 0.00805062 -0.000492844 0.00128912 -0.00285063 -0.00443047 0.0106454 -0.00172988 0.0134202 -0.00404509 0.00698326 -0.00352009 0.00704821 -0.00475715 -0.0321732 -0.00559307 -0.0084653 -0.00978341 0.012371 -0.0537091 -0.0526128 -0.0534787 -0.0542481 -0.0525285 -0.0503141 -0.0502671
internal_weight=10546.3 9192.7 1815.44 7377.26 6900.69 591.944 6308.74 1172.26 678.779 1353.56 643.173 117.801 525.373 1342.82 493.485 1318.21 138.133 1180.08 24.6043 11.0125 476.577 448.222 28.3548 13.5918 10.7403 7.80164 4.31118 3.49047 2.93868 2.78954
internal_count=48935 41846 8745 33101 30949 2996 27953 5491 2863 7089 3254 656 2598 6312 2628 6141 658 5483 171 77 2152 2004 148 94 777 205 82 123 572 563
is_linear=0
shrinkage=0.05


Tree=113
num_leaves=24
num_cat=0
split_feature=14 12 4 9 7 17 4 42 18 4 3 3 3 4 39 1 16 3 4 11 37 3 18
split_gain=11.9708 11.6749 11.7782 15.0145 12.1025 13.4523 10.8975 10.7755 10.395 8.56471 0.0232262 0.00966461 0.00178326 0.00138551 0.000398078 0.000301262 0.00028252 0.000169331 9.12064e-05 1.34868e-05 2.32567e-07 3.02027e-08 1.20712e-08
threshold=1.0000000180025095e-35 1.5000000000000002 1.1275000000000002 1.9110000000000003 0.37250000000000005 0.085000000000000006 0.57400000000000007 0.29800000000000004 0.074999999999999969 0.96650000000000003 1.9835000000000003 0.74550000000000016 1.0000000180025095e-35 1.6545000000000003 2.5555000000000003 1.0000000180025095e-35 0.79600000000000015 1.9835000000000003 1.9665000000000001 3.5000000000000004 0.43900000000000006 2.9500000000000006 0.25833333333333336
decision_type=2 2 2 2 2 2 2 2 2 2 2 2 2 2 2 2 2 2 2 2 2 2 2
left_child=10 9 3 8 7 -6 -5 -4 -3 20 11 12 19 14 -13 17 -14 -11 -17 -1 21 -2 -22
right_child=1 2 4 6 5 -7 -8 -9 -10 15 -12 13 16 -15 -16 18 -18 -19 -20 -21 22 -23 -24
leaf_value=-0.050279124330228797 -0.050288403753266819 -0.018147385390185816 0.0012430960855064248 -0.0080936114105632558 -0.013879629229595037 0.0093971928641890315 0.0035120412674592254 -0.0056100524498312807 -0.0038996994051600183 0.051578567539283415 -0.060076155859884586 -0.054590679372708319 -0.052647299134461971 -0.055808924999951784 -0.053328621499584908 0.051093358096307377 -0.051610782387204769 0.050798630174852123 0.050666230958625762 -0.050551180265623268 -0.050258892491630562 -0.050311888658349874 -0.050271429799711734
leaf_weight=2.0725566758774208 0.42148216161877217 135.90229104086757 5268.5010069664568 240.54302459955215 68.343422163277864 676.29821891523898 1271.1744361184537 643.66146600805223 2206.9729684859049 5.2885442245751646 1.1876751016825426 1.0511643430218107 1.4349237603601068 1.364693261682987 1.5404616263695059 9.5020742118358594 1.2132670674473047 0.80136871431022871 1.4391215411014844 0.5838850971776991 1.5252793808467684 0.20276008965447545 0.21963786985725153
leaf_count=417 74 640 23162 1379 337 3229 5533 2852 9895 181 10 17 39 16 32 460 44 52 128 66 298 33 41
internal_value=-1.55421e-06 5.15202e-05 -2.00017e-05 -0.00221949 0.0012536 0.00726084 0.00166536 0.000496989 -0.00472616 0.0388033 -0.0534934 -0.0526492 -0.0512542 -0.0545195 -0.0538405 0.0511941 -0.0521724 0.0514759 0.0510372 -0.0503389 -0.0502698 -0.050296 -0.0502605
internal_weight=10541.2 10530.8 10511.4 3854.59 6656.8 744.642 1511.72 5912.16 2342.88 19.4003 10.4486 9.26095 5.30463 3.95632 2.59163 17.0311 2.64819 6.08991 10.9412 2.65644 2.36916 0.624242 1.74492
internal_count=48935 48294 47027 17447 29580 3566 6912 26014 10535 1267 641 631 566 65 49 821 83 233 588 483 446 107 339
is_linear=0
shrinkage=0.05


Tree=114
num_leaves=26
num_cat=0
split_feature=14 19 19 39 17 7 22 24 14 14 9 59 6 4 4 27 7 17 36 15 40 17 16 3 3
split_gain=11.7454 21.5479 16.0932 13.588 13.0425 14.7485 15.5763 11.6068 10.8492 10.4736 10.1204 9.99447 9.53264 9.11652 8.96971 7.58505 7.38066 17.6244 6.52146 7.79849 6.30568 5.66484 5.61746 0.0192887 0.00718335
threshold=0.64500000000000013 1.9665000000000001 2.4045000000000001 2.6990000000000003 0.18050000000000002 0.19100000000000003 0.45555555555555566 2.7085000000000004 1.1960000000000002 1.0000000180025095e-35 2.2745000000000002 16.500000000000004 0.19100000000000003 1.1805000000000001 0.25650000000000006 0.22550000000000003 0.27100000000000007 0.12250000000000001 0.37050000000000005 0.96350000000000013 0.71150000000000013 0.42600000000000005 0.91300000000000014 1.9835000000000003 0.74550000000000016
decision_type=2 2 2 2 2 2 2 2 2 2 2 2 2 2 2 2 2 2 2 2 2 2 2 2 2
left_child=1 7 4 18 10 8 -7 12 -6 23 13 15 20 -2 -12 -5 22 -18 -4 -20 -1 -14 -11 24 -3
right_child=2 9 3 11 5 6 -8 -9 -10 16 14 -13 21 -15 -16 -17 17 -19 19 -21 -22 -23 -24 -25 -26
leaf_value=-0.052649859745254574 -0.0069641108849944101 -0.051256159814291019 -0.026939823437776369 -0.058579145125741652 -0.0064498377256725081 0.0038287566252662325 -0.0052735318629707033 0.054273534731475274 0.00074035668609057732 -0.010341090467911668 -0.039053926154638111 0.041737845793771162 -0.045415776718045114 -0.0011233481103853384 0.010932444703442089 0.00020746301541955663 -0.028728863047432447 0.020057899838373291 -0.021283853443045737 0.033627107524337493 0.011015740322013981 -0.017904641524340868 0.014496805174814515 -0.059505815262537731 -0.054265001825977169
leaf_weight=4.8629972520284381 1100.1434611263685 4.5808278208132815 5.3919283691793671 10.808019692078238 870.30467285588384 4291.8727925762068 527.80447252606973 4.2931054569780818 1320.8802151763812 134.75389139913023 9.4402494519017619 6.526979148387908 61.827159766107798 1701.1143173305318 181.94578016735613 11.145520594902335 23.103015532717109 93.153177094645798 6.9791937619447699 87.924945520237088 19.422524119960144 26.83218530123122 27.391363918781281 1.1403047218918789 3.4987538428977132
leaf_count=50 4995 438 34 60 3834 19183 2333 21 5825 668 561 28 344 7526 1169 67 119 443 31 606 222 159 150 10 59
internal_value=-1.46544e-06 -0.00835258 0.000332223 0.0178951 0.000106134 0.00128568 0.00283196 -0.02642 -0.00211548 -0.000988075 -0.00265719 -0.0125837 -0.0294872 -0.0034172 0.00846683 -0.028734 0.000748268 0.0103627 0.02655 0.029589 -0.00173283 -0.0370897 -0.0061452 -0.0534183 -0.0525591
internal_weight=10537.1 404.859 10132.3 128.777 10003.5 7010.86 4819.68 117.238 2191.18 287.621 2992.64 28.4805 112.945 2801.26 191.386 21.9535 278.401 116.256 100.296 94.9041 24.2855 88.6593 162.145 9.21989 8.07958
internal_count=48935 2683 46252 826 45426 31175 21516 796 9659 1887 14251 155 775 12521 1730 127 1380 562 671 637 272 503 818 507 497
is_linear=0
shrinkage=0.05


Tree=115
num_leaves=29
num_cat=0
split_feature=13 16 13 11 3 36 15 3 42 16 26 8 11 28 17 1 26 17 25 8 21 11 24 27 0 4 0 4
split_gain=11.5449 14.4745 13.0173 13.2692 14.1226 12.7724 11.0922 13.8858 9.91859 9.92888 9.55243 9.06347 8.55763 6.68291 11.6143 5.5384 6.12489 5.51773 5.29603 6.47047 4.91852 4.52537 3.24434 3.60438 3.23182 2.42103 1.29156 0.485573
threshold=0.40350000000000003 0.036500000000000005 1.0410000000000001 7.5000000000000009 0.57400000000000007 0.44750000000000006 -1.4914999999999998 0.88350000000000006 0.30650000000000005 0.40350000000000003 0.58050000000000013 0.40833333333333338 1.5000000000000002 0.29450000000000004 0.29800000000000004 3.5000000000000004 0.39350000000000007 0.32700000000000007 512.50000000000011 0.29999999999999999 19.500000000000004 6.5000000000000009 2.6650000000000005 0.27200000000000008 10.500000000000002 2.3270000000000004 15.500000000000002 2.6125000000000003
decision_type=2 2 2 2 2 2 2 2 2 2 2 2 2 2 2 2 2 2 2 2 2 2 2 2 2 2 2 2
left_child=15 6 8 5 -5 -4 13 11 9 -3 -10 -8 -9 14 -2 22 18 -15 19 -17 21 -18 26 25 -25 -24 27 -1
right_child=1 2 3 4 -6 -7 7 12 10 -11 -12 -13 -14 17 -16 16 20 -19 -20 -21 -22 -23 23 24 -26 -27 -28 -29
leaf_value=-0.064893738637155113 -0.0012044105264964347 -0.0013037012104523214 -0.0059161764775143106 -0.012376287908590409 0.00086593100476109626 0.013146855296003322 0.0051996133954428049 0.035958624194823312 -0.020325333897042396 -0.013035153526209781 0.002968010260322472 -0.046405050292081695 0.013769129438526576 0.0017520275024377387 -0.052298880255091801 0.078106073329930317 -0.018175337529535891 0.047216287617580802 -0.032057001144904 0.0075502589132469891 0.036214342335449505 -0.068041464495187151 -0.052740642466439315 -0.057444412819774353 0.066571246397167036 0.072904036427167612 0.0032158773732928504 -0.11078701044395725
leaf_weight=7.5946252883877605 45.566684573888779 2732.8250070977956 113.34922690223902 208.04404211696237 6249.7238387148827 390.85242965398356 31.900383295491338 73.974632899276912 146.71982222702354 193.10268112737685 62.875798691995442 11.603495439514516 105.3037022203207 24.510189502499998 14.713291985914109 4.0091516710817876 65.376772500574589 9.1705360580235702 6.0712762828916302 17.14829358831048 3.8755607008934012 4.8900104314088813 4.7350346250459543 0.74295694148168001 1.7934516593813894 0.4171798676252364 0.68227034900337535 0.62369582429528225
leaf_count=382 299 12007 701 1024 26873 2490 161 854 653 1243 270 64 538 173 77 21 494 52 38 123 22 30 267 57 8 2 8 4
internal_value=-1.57169e-06 0.00017461 -0.000155536 0.00104926 0.000439318 0.00886131 0.0106994 0.0167759 -0.0028306 -0.00207794 -0.0133377 -0.00856455 0.0229251 -0.00370824 -0.0136757 -0.0155559 -0.0111731 0.014131 0.00910752 0.02092 -0.0186212 -0.0216456 -0.0423376 -0.018547 0.030245 -0.0425671 -0.0628887 -0.0683766
internal_weight=10532.2 10414.2 10097.5 6961.97 6457.77 504.202 316.743 222.782 3135.52 2925.93 209.596 43.5039 179.278 93.9607 60.28 117.96 101.371 33.6807 27.2287 21.1574 74.1423 70.2668 16.5892 7.68862 2.53641 5.15221 8.90059 8.21832
internal_count=48935 47479 45261 31088 27897 3191 2218 1617 14173 13250 923 225 1392 601 376 1456 728 225 182 144 546 524 728 334 65 269 394 386
is_linear=0
shrinkage=0.05


Tree=116
num_leaves=31
num_cat=0
split_feature=42 44 10 17 3 24 4 7 17 14 4 3 23 39 13 14 39 4 24 12 3 13 5 1 9 42 3 7 20 26
split_gain=11.3474 14.604 15.0105 15.6811 13.9413 11.8981 11.4983 14.2252 10.9138 13.622 11.9814 10.7959 10.6253 10.1944 11.3291 9.88404 9.75307 9.99108 9.48353 8.92534 8.87268 8.83272 8.57059 8.11682 8.08531 7.84009 7.2039 6.69921 4.86203 0.556831
threshold=0.25050000000000006 0.47850000000000004 4.5000000000000009 0.40800000000000003 1.9245000000000003 2.0585000000000004 1.1835000000000002 0.085000000000000006 0.34700000000000003 0.7965000000000001 1.2710000000000001 0.49150000000000005 -0.16449999999999992 2.7295000000000003 1.2830000000000001 0.82700000000000007 2.5955000000000008 1.0890000000000002 2.8665000000000007 14.500000000000002 0.62000000000000011 1.7545000000000002 1.1130000000000002 34.500000000000007 2.3270000000000004 0.22850000000000004 1.8365000000000002 0.049000000000000009 8.5000000000000018 0.43500000000000005
decision_type=2 2 2 2 2 2 2 2 2 2 2 2 2 2 2 2 2 2 2 2 2 2 2 2 2 2 2 2 2 2
left_child=1 8 3 5 6 -3 7 15 9 25 27 -12 24 14 -8 -2 19 -18 23 -4 -9 -11 -20 -14 29 -1 -15 -10 -5 -6
right_child=4 2 16 28 12 -7 13 20 10 21 11 -13 18 26 -16 -17 17 -19 22 -21 -22 -23 -24 -25 -26 -27 -28 -29 -30 -31
leaf_value=-0.00083031768964953985 -0.052795665666284235 0.0022315001112790437 0.01021850228818888 0.075160452764714197 0.066814417393039296 0.019444753712045782 -0.0022634284197088146 -0.020757979748578695 -0.044691616122234823 -0.0030195235246584773 -0.062871770463411011 0.024054008506110891 -0.0074486504684296365 -0.0083676978914885621 0.0033590110007631203 -0.014663891402365823 -0.021775116331832645 0.00052664067594993859 0.010526544031830327 0.0010240226385736463 -0.003085389961101736 0.010120340693566224 -4.0779553846193392e-05 -0.061326749468118752 -0.031263886732757311 -0.028187717260759748 0.030461860233449101 0.0017004113708551092 0.021038385556729634 0.044904314309184137
leaf_weight=39.087427664548159 19.686809719074517 183.20194524852559 461.65986166358925 13.064953949069606 9.7435748362913746 222.09077821020037 1741.650066295173 73.426788407028653 8.2354328171350044 1010.7497974685393 3.6996702295728019 103.43966256408021 31.626220702193677 442.30333848902956 1845.1628172905184 124.25168023305014 72.012058344203979 165.94963228004053 398.46039788145572 616.29657854884863 2168.8141431892291 146.42211616970599 370.09102680115029 8.9739025831222516 2.9186042957007876 79.359139135107398 12.276445433497427 141.25339770480059 6.0810666587203732 4.1285743629559866
leaf_count=206 257 891 2376 63 87 960 7589 540 47 4580 21 504 147 1992 8506 758 344 735 2089 2620 9604 701 2016 37 17 429 56 692 32 39
internal_value=-1.58634e-06 0.00244247 0.00557651 0.0137528 -0.00110428 0.011664 -0.00189006 -0.00464224 -0.00111724 -0.00300995 0.00829086 0.0210523 0.00501071 -0.000265076 0.000628921 -0.0198793 0.00293932 -0.00622233 0.00419378 0.00496177 -0.00366412 -0.00135688 0.00543792 -0.0193574 0.0443789 -0.0191598 -0.00731906 -0.000855354 0.0579705 0.0602936
internal_weight=10526.1 3272.6 1740.36 424.439 7253.51 405.293 6427.57 2386.18 1532.25 1275.62 256.628 107.139 825.942 4041.39 3586.81 143.938 1315.92 237.962 809.152 1077.96 2242.24 1157.17 768.551 40.6001 16.7908 118.447 454.58 149.489 19.146 13.8721
internal_count=48935 15201 8021 1946 33734 1851 29302 11159 7180 5916 1264 525 4432 18143 16095 1015 6075 1079 4289 4996 10144 5281 4105 184 143 635 2048 739 95 126
is_linear=0
shrinkage=0.05


Tree=117
num_leaves=24
num_cat=0
split_feature=3 2 42 17 15 44 3 4 13 4 14 18 14 19 1 1 3 4 2 11 37 3 18
split_gain=11.2079 10.9346 10.3756 13.1338 15.5535 13.1659 11.6137 10.2948 9.77157 7.41502 0.0191065 0.0069296 0.00374723 0.00175253 0.000243539 0.000229511 0.000135857 7.12774e-05 3.91711e-05 6.98648e-06 1.62218e-07 2.24802e-08 8.57887e-09
threshold=1.0000000180025095e-35 1.5000000000000002 0.25050000000000006 0.35150000000000003 -0.19599999999999998 0.47850000000000004 1.9245000000000003 1.1275000000000002 2.1275000000000004 0.96650000000000003 0.98350000000000015 0.4555555555555556 0.26150000000000007 1.4915000000000003 1.0000000180025095e-35 1.0000000180025095e-35 1.9835000000000003 1.9665000000000001 2.5000000000000004 3.5000000000000004 0.43900000000000006 2.9500000000000006 0.25833333333333336
decision_type=2 2 2 2 2 2 2 2 2 2 2 2 2 2 2 2 2 2 2 2 2 2 2
left_child=10 9 3 5 -5 -3 7 -4 -8 20 12 -12 18 -14 -15 16 -11 -17 19 -1 21 -2 -22
right_child=1 2 6 4 -6 -7 8 -9 -10 15 11 -13 13 14 -16 17 -18 -19 -20 -21 22 -23 -24
leaf_value=-0.05024568978661649 -0.050248712835224231 -0.0027472490118395513 -0.00473309069150658 -0.00093598841316511303 0.016851185203843336 0.0041867696151992343 0.0034986505737320548 -0.00042636682534002507 0.033355527473790676 0.051445300705648095 -0.05823034359211237 -0.05435635690499252 -0.055190341139758826 -0.051673553968547128 -0.052810819198657488 0.051002171919826235 0.050704165188335731 0.05060629598064699 -0.05125222482812887 -0.05046121007031739 -0.050222420567867389 -0.05027047390867953 -0.050233804884224131
leaf_weight=1.8318897401913989 0.36395842442289295 1281.9682362284511 2030.5854485405143 205.82073046360165 305.05750568304211 1469.050743852742 790.24421249562874 4382.1334713576362 28.388556979596615 4.8565722182393065 2.2102309197653085 2.4162906929850578 0.70856152777560089 0.89101793710142352 0.99801903683692217 8.7347800694406015 0.70854918938130129 1.307196165435015 0.11083725607022632 0.47315318137407292 1.3123492626473305 0.17610607063397765 0.18936224561184634
leaf_count=417 74 5744 9186 962 1404 6501 3722 19332 193 181 30 38 16 31 24 460 52 128 6 62 298 33 41
internal_value=-1.48796e-06 4.79354e-05 -1.82033e-05 0.00232277 0.00968515 0.000955534 -0.00107416 -0.00179009 0.00453403 0.0393711 -0.0538899 -0.0562071 -0.0517515 -0.0530698 -0.0522744 0.0510934 0.0513509 0.0509506 -0.0503341 -0.0502899 -0.0502323 -0.0502558 -0.0502239
internal_weight=10520.5 10510.9 10493.2 3261.9 510.878 2751.02 7231.35 6412.72 818.633 17.6489 9.64 4.62652 5.01348 2.5976 1.88904 15.6071 5.56512 10.042 2.41588 2.30504 2.04178 0.540064 1.50171
internal_count=48935 48311 47044 14611 2366 12245 32433 28518 3915 1267 624 68 556 71 55 821 233 588 485 479 446 107 339
is_linear=0
shrinkage=0.05


Tree=118
num_leaves=29
num_cat=0
split_feature=13 16 8 3 13 14 19 19 4 26 28 6 16 13 59 2 42 3 43 17 59 1 4 24 4 24 3 1
split_gain=10.7101 14.046 11.8908 11.1613 10.415 11.1908 14.3178 12.7417 9.52628 9.49474 8.16454 7.69915 6.85171 7.00566 6.04642 5.52695 6.03338 5.46078 5.16977 3.79871 2.89912 0.725267 0.00697924 0.00569675 0.00377167 0.00163053 0.000343805 1.47429e-06
threshold=0.50850000000000006 0.10400000000000001 0.21111111111111114 0.82700000000000007 0.81350000000000011 0.7965000000000001 2.6570000000000005 1.9485000000000003 1.7545000000000002 0.27500000000000008 0.28900000000000003 0.59650000000000014 0.25450000000000006 1.0000000180025095e-35 8.5000000000000018 2.5000000000000004 0.26250000000000007 0.7965000000000001 0.70600000000000007 0.28300000000000008 12.500000000000002 13.500000000000002 1.3270000000000002 1.9665000000000001 1.0000000180025095e-35 1.8185000000000002 1.4820000000000004 2.5000000000000004
decision_type=2 2 2 2 2 2 2 2 2 2 2 2 2 2 2 2 2 2 2 2 2 2 2 2 2 2 2 2
left_child=12 2 17 10 9 7 -7 -6 -5 14 -4 -11 13 24 -3 18 -17 20 -15 -19 -2 22 25 -24 27 -14 -26 -1
right_child=1 4 3 8 5 6 -8 -9 -10 11 -12 -13 21 15 -16 16 -18 19 -20 -21 -22 -23 23 -25 26 -27 -28 -29
leaf_value=-0.050103237318846944 0.031564503982308596 -0.0055583746250548044 0.016675492611217351 0.0069573945194122411 -0.013327886855283147 0.00089813059567316967 0.037078733239187638 -0.00060969297954353461 0.036573928774707214 -0.0056370851369226009 -0.034026187199078184 0.0069501398802947036 -0.052062705678255952 0.052662510193811352 -0.03652838618968747 -0.0013332941339633843 -0.017447964817194191 0.025912586870601429 0.002750288625848031 0.074474513087978353 -0.013143205518979221 -0.012112637704387336 -0.053558372569267688 -0.057514828988197576 -0.052124906398281504 -0.054057410875585167 -0.05286534490022983 -0.050233874854805974
leaf_weight=0.23933684627991025 10.97425325214863 27.20401019975543 11.26682987064123 332.67245101835579 298.05538080167025 7885.7571575567126 27.439334974624217 580.44768384005874 29.564522521570325 783.00699684768915 26.891455337405205 143.79518882930279 1.4969573458656649 5.9131535626947871 37.463555827736855 111.49990496784449 121.24482638761401 6.2963054217398193 42.302555702626705 11.173313293606041 5.415502503514289 1.1239329017698754 1.3451590007171033 2.8112448677420616 2.857293208129704 3.2460670694708824 3.4736819416284561 2.2117256859783083
leaf_count=117 58 144 54 1993 1386 34329 378 3140 298 3540 126 688 58 31 174 607 639 29 228 94 23 12 34 28 101 55 79 492
internal_value=-1.35847e-06 0.00027194 0.00907115 0.00666514 -0.000118639 0.000429213 0.00102359 -0.00492468 0.00937459 -0.00497663 -0.0190557 -0.00368415 -0.00931666 -0.00791068 -0.0235001 -0.00653612 -0.00972799 0.0375229 0.0088715 0.0569721 0.0167922 -0.0499589 -0.0547386 -0.0562344 -0.0518864 -0.0534279 -0.0525312 -0.0502211
internal_weight=10517.2 10217.4 434.255 400.395 9783.17 8791.7 7913.2 878.503 362.237 991.47 38.1583 926.802 299.766 289.742 64.6676 280.96 232.745 33.8594 48.2157 17.4696 16.3898 10.0234 8.89943 4.1564 8.78204 4.74302 6.33098 2.45106
internal_count=48935 46454 2675 2471 43779 39233 34707 4526 2291 4546 180 4228 2481 2294 318 1505 1246 204 259 123 81 187 175 62 789 113 180 609
is_linear=0
shrinkage=0.05


Tree=119
num_leaves=23
num_cat=0
split_feature=3 7 4 17 2 14 34 3 1 44 14 36 2 14 20 14 14 19 1 3 2 11
split_gain=10.6076 10.4223 11.5576 11.4161 11.1922 10.1222 8.27998 7.56751 7.00071 5.41481 4.49714 1.32227 0.101199 0.0167482 0.00623702 0.00321557 0.0020356 0.00152738 0.000209547 0.0001919 3.357e-05 5.65426e-06
threshold=1.0000000180025095e-35 0.57500000000000007 0.40350000000000003 0.075500000000000012 1.5000000000000002 0.64500000000000013 0.74900000000000011 0.58950000000000002 6.5000000000000009 0.44450000000000006 1.7925000000000002 0.44750000000000006 2.5000000000000004 0.98350000000000015 2.5000000000000004 0.26150000000000007 1.3270000000000002 1.4915000000000003 1.0000000180025095e-35 1.9835000000000003 2.5000000000000004 3.5000000000000004
decision_type=2 2 2 2 2 2 2 2 2 2 2 2 2 2 2 2 2 2 2 2 2 2
left_child=13 2 8 10 19 -6 7 -5 12 -10 11 -3 -2 15 -15 20 -16 -17 -19 -4 21 -1
right_child=1 3 4 6 5 -7 -8 -9 9 -11 -12 -13 -14 14 16 17 -18 18 -20 -21 -22 -23
leaf_value=-0.050233545905157932 -0.052206805212017052 -0.072655630775961516 0.051322983347880873 -0.0072031169322755509 -0.0080491234666388214 0.00027733857954979245 -0.068842629954804016 0.026476175229424942 0.037003124497376048 -0.016341273113956025 0.015030618533312209 -0.033825874606953125 -0.062152964127775982 -0.058800178591941449 -0.053599866360241159 -0.054948897815301524 -0.056192454867258636 -0.051586284619479186 -0.052668252409732177 0.050893961424329018 -0.051188165311332183 -0.050433486377055352
leaf_weight=1.7296201889403153 6.0029098396189493 3.8010984659194929 4.4663536380976421 20.129052460193634 378.98880935413763 9890.2533095572144 2.6395443323999634 97.308802224230021 5.0827539274469009 74.257640864234418 3.7339672446250907 5.1805701218545437 4.4557294156402349 1.3360711976420132 1.7653263807296755 0.67468820651993189 1.3256914149969814 0.84596974682062842 0.95006183255463839 6.2593009024858475 0.1053905109874903 0.44446868007071305
leaf_count=417 579 18 181 103 1998 43650 14 811 32 457 23 26 43 19 32 16 17 31 24 376 6 62
internal_value=-1.35627e-06 4.55953e-05 -0.000132646 0.0139644 2.33666e-05 -2.99515e-05 0.0187351 0.0207035 -0.0179926 -0.0129239 -0.0310865 -0.0502589 -0.0564442 -0.0537331 -0.0559456 -0.051671 -0.0547118 -0.0529206 -0.0521586 0.0510726 -0.0503167 -0.0502744
internal_weight=10511.7 10502.6 10369.8 132.793 10280 10269.2 120.077 117.438 89.799 79.3404 12.7156 8.98167 10.4586 9.17729 4.42709 4.7502 3.09102 2.47072 1.79603 10.7257 2.27948 2.17409
internal_count=48935 48311 47316 995 46205 45648 928 914 1111 489 67 44 622 624 68 556 49 71 55 557 485 479
is_linear=0
shrinkage=0.05


Tree=120
num_leaves=24
num_cat=0
split_feature=14 13 17 7 8 16 37 20 39 37 24 5 0 5 42 27 3 3 3 4 39 16 11
split_gain=10.327 9.93791 11.2828 14.2884 14.3894 9.71357 9.50741 8.95989 8.28081 7.25084 5.93628 5.71175 11.4567 7.11187 5.22088 2.94577 0.0155925 0.00683169 0.00123135 0.0010201 0.00035215 0.000202421 7.20664e-06
threshold=1.0000000180025095e-35 2.2245000000000004 0.18050000000000002 0.13700000000000004 0.54444444444444462 0.91300000000000014 0.57550000000000001 -12.499999999999998 2.669 0.40550000000000008 1.7475000000000003 -0.54349999999999998 11.500000000000002 0.10150000000000002 0.28600000000000003 0.24600000000000002 1.9835000000000003 0.74550000000000016 1.0000000180025095e-35 1.6545000000000003 2.5555000000000003 0.79600000000000015 3.5000000000000004
decision_type=2 2 2 2 2 2 2 2 2 2 2 2 2 2 2 2 2 2 2 2 2 2 2
left_child=16 2 5 8 -5 7 11 -2 -4 -7 15 12 -3 -13 -12 -8 17 18 22 20 -19 -20 -1
right_child=1 6 3 4 -6 9 10 -9 -10 -11 14 13 -14 -15 -16 -17 -18 19 21 -21 -22 -23 -24
leaf_value=-0.050222109344423463 0.012136297540478753 -0.038088388315992552 -0.002001706722496025 0.0035177382879586516 -0.0017506614220266616 0.10831932978220984 -0.067073493733218442 -0.0035266649352183143 -0.012281399303583893 0.018800191022237952 0.016302740581885741 0.028532465194172033 0.0095286962778963601 0.0079834098079275152 -0.046762237915513233 -0.011723431977328183 -0.058847929481232603 -0.054196913798027435 -0.052363972466745692 -0.055235346291473003 -0.052946141321364396 -0.051432542658764069 -0.050444368866468081
leaf_weight=1.6456308235647141 94.252358993515372 14.843260803259907 918.58268188918009 4098.7387048273813 1895.4012789009139 2.4908223934471634 7.0141630619764346 2919.8946039970033 249.01648636953905 24.625331323593855 12.365088095888497 78.594302607234567 84.797535253688693 90.692867417819798 4.4674472231417885 3.6571797449141741 1.0807670215144742 0.95798792876303274 1.2661642890889198 1.2465738765895364 1.3639785181730983 1.0815722988918424 0.4685579459182917
leaf_count=417 691 95 4185 18302 8343 25 36 13741 1125 235 77 413 502 479 24 21 10 17 39 16 32 44 66
internal_value=-1.3376e-06 4.48357e-05 -0.000217364 0.000866142 0.00185182 -0.00276887 0.0090696 -0.00303688 -0.00419408 0.0270232 -0.0189305 0.0119332 0.00243529 0.0175236 -0.000435051 -0.0481045 -0.0532097 -0.0524509 -0.0511467 -0.0540816 -0.0534622 -0.0519349 -0.0502714
internal_weight=10508.5 10499.4 10203 7161.74 5994.14 3041.26 296.432 3014.15 1167.6 27.1162 27.5039 268.928 99.6408 169.287 16.8325 10.6713 9.11123 8.03047 4.46193 3.56854 2.32197 2.34774 2.11419
internal_count=48935 48294 46647 31955 26645 14692 1647 14432 5310 260 158 1489 597 892 101 57 641 631 566 65 49 83 483
is_linear=0
shrinkage=0.05


Tree=121
num_leaves=24
num_cat=0
split_feature=4 3 4 7 17 14 26 19 8 19 13 14 21 17 13 36 14 13 8 37 24 17 40
split_gain=10.0587 9.64842 9.71207 12.1167 15.3199 11.7474 7.06454 7.2138 5.46857 0.0163745 0.00776903 0.00441135 0.00309175 0.00203089 0.00145958 0.000750976 0.000733845 0.000267992 0.000158043 1.76007e-05 1.13443e-06 1.33721e-06 6.25286e-10
threshold=1.0000000180025095e-35 1.0000000180025095e-35 1.9025000000000001 0.20950000000000002 0.29500000000000004 0.91850000000000021 0.11250000000000002 1.651 1.0000000180025095e-35 1.4915000000000003 0.7965000000000001 0.64500000000000013 -1.4999999999999998 0.24550000000000002 1.0000000180025095e-35 0.56700000000000006 1.0000000180025095e-35 1.7400000000000004 0.81666666666666676 0.49700000000000005 0.61250000000000016 0.32700000000000007 0.71650000000000003
decision_type=2 2 2 2 2 2 2 2 2 2 2 2 2 2 2 2 2 2 2 2 2 2 2
left_child=10 9 3 5 -5 -3 8 -8 -4 12 14 16 -2 15 20 -12 -11 -13 -16 -20 22 -22 -1
right_child=1 2 6 4 -6 -7 7 -9 -10 11 13 17 -14 -15 18 -17 -18 -19 19 -21 21 -23 -24
leaf_value=-0.050083190100306554 -0.05508219948122911 -0.008978277607876315 0.031222849762253854 -0.0006522795302184867 0.0048289469937480532 -0.0013353384599470493 0.0025944729383000995 0.012855808150912369 -0.026629574343336394 -0.050277977387794763 -0.052383156055593585 -0.053295200511966158 -0.05850575515038238 -0.055302857938422961 -0.0523625135368357 -0.054209385248173592 -0.051822526620440117 -0.054330164465689369 -0.051796658005797913 -0.051443124187207291 -0.050201595581530693 -0.050370420979398402 -0.050090283666403862
leaf_weight=0.038109843968412327 1.2069954993203285 594.06318249879405 4.8303216220811036 3998.6313326405361 1871.4099391708151 3271.2647826564498 442.69921528734267 279.35616455879062 26.465835288167 1.7829021639190616 1.4328473852947357 1.4339268784970047 1.4537272003944943 1.881535666529089 1.2061322359368205 0.92721051722764958 1.3523314008489249 1.1093936637043951 0.59763764403760433 0.85672812815755606 1.8781087433453652 0.12510327249765385 0.16808733041398227
leaf_count=23 20 2809 31 17485 8642 14730 2248 1595 120 361 39 28 24 29 33 14 47 18 19 34 473 19 94
internal_value=-1.30003e-06 4.42805e-05 8.70237e-05 -0.000336217 0.00109517 -0.00250998 0.00555645 0.00656448 -0.0177005 -0.053716 -0.0525131 -0.0521994 -0.0569527 -0.0540775 -0.0511505 -0.0531006 -0.0509442 -0.0537467 -0.0519393 -0.0515884 -0.0502006 -0.0502121 -0.050089
internal_weight=10506.2 10497.1 10488.7 9735.37 5870.04 3865.33 753.352 722.055 31.2962 8.33928 9.1115 5.67855 2.66072 4.24159 4.86991 2.36006 3.13523 2.54332 2.6605 1.45437 2.20941 2.00321 0.206197
internal_count=48935 48158 47660 43666 26127 17539 3994 3843 151 498 777 454 44 82 695 53 408 46 86 53 609 492 117
is_linear=0
shrinkage=0.05


Tree=122
num_leaves=29
num_cat=0
split_feature=13 11 22 24 42 9 4 8 1 14 1 21 4 22 13 1 16 13 9 14 2 26 22 1 26 0 1 4
split_gain=9.84309 12.8794 13.5572 13.6399 12.1445 12.0738 15.5593 14.5526 11.4796 10.6908 11.697 10.3575 9.63245 12.7549 8.28907 7.40618 7.48122 7.66651 5.86685 5.40593 5.26125 6.08632 4.75706 7.67589 1.77664 1.72596 1.66673 0.00308925
threshold=0.65100000000000013 18.500000000000004 0.45555555555555566 2.1115000000000008 0.24350000000000002 2.0850000000000004 0.83650000000000013 0.36666666666666675 15.500000000000002 1.2890000000000004 35.500000000000007 -5.4999999999999991 1.0680000000000003 -0.18333333333333326 1.5540000000000003 44.500000000000007 0.26000000000000006 1.0000000180025095e-35 1.4460000000000002 1.2455000000000003 7.5000000000000009 0.45300000000000007 0.51666666666666683 52.500000000000007 0.62850000000000017 3.5000000000000004 12.500000000000002 1.0000000180025095e-35
decision_type=2 2 2 2 2 2 2 2 2 2 2 2 2 2 2 2 2 2 2 2 2 2 2 2 2 2 2 2
left_child=15 4 3 11 12 7 -7 -6 -5 19 -11 -3 14 -14 -2 16 17 27 -19 -4 26 -22 23 25 -24 -17 -18 -1
right_child=1 2 9 8 5 6 -8 -9 -10 10 -12 -13 13 -15 -16 22 20 18 -20 -21 21 -23 24 -25 -26 -27 -28 -29
leaf_value=-0.050190822222127111 -0.0022985153970190297 -0.0030368178728165107 -0.0027946423289726663 0.011534328599169721 0.0045683286833465321 0.00080273915745938625 0.020507617937417136 -0.0028640553422217612 0.00044373058368640599 -0.031378150270361359 -0.0090280072242859798 -0.016621349921086385 0.00089202005608522293 0.017349804770506672 0.019108098400768728 -0.062591926192204911 -0.057068352737751238 -0.0082332401566396641 0.0021766388586520321 0.022686840106630825 -0.045980399878581518 0.010770333490780737 -0.030424020544084253 0.035722188941825737 -0.07359126402230011 -0.019153752639213689 -0.0055828254594071976 -0.05241724998165237
leaf_weight=2.1020559405442309 281.83263429068029 1351.9987266436219 138.99087443947792 249.56932801753283 1057.4153244248591 237.38733032438904 173.325559633784 1746.2218536562286 3584.2801128029823 79.06226658821106 225.52799324691296 156.56480586528778 175.27960581588559 358.5362027650699 53.865035071969032 4.6701880618929881 12.634777783183379 264.23061094246805 277.4883006894961 24.480270847678185 7.6728325411677387 12.294914670288561 3.6606281548738462 4.9988467022776595 6.8325594142079353 4.4809256494045258 1.7952932883054007 6.0200950589496642
leaf_count=609 1443 5781 594 1080 5696 1111 1067 8093 15203 333 949 705 941 1635 253 23 205 1261 1431 103 49 76 19 25 33 21 16 180
internal_value=-1.33042e-06 0.000378376 -0.00113398 -0.000419103 0.00253014 0.00111201 0.00911842 -6.08692e-05 0.00116569 -0.00929354 -0.0148294 -0.00444668 0.00777256 0.0119459 0.00113633 -0.00617156 -0.00503902 -0.00362385 -0.00290092 0.00102128 -0.0276601 -0.0110368 -0.0330218 -0.0141041 -0.058532 -0.041322 -0.0506629 -0.051841
internal_weight=10503.2 9894.34 5810.47 5342.41 4083.86 3214.35 410.713 2803.64 3833.85 468.061 304.59 1508.56 869.513 533.816 335.698 608.882 584.239 549.841 541.719 163.471 34.3978 19.9677 24.6431 14.15 10.4932 9.15111 14.4301 8.12215
internal_count=48935 44987 24748 22769 20239 15967 2178 13789 16283 1979 1282 6486 4272 2576 1696 3948 3827 3481 2692 697 346 125 121 69 52 44 221 789
is_linear=0
shrinkage=0.05


Tree=123
num_leaves=24
num_cat=0
split_feature=14 2 42 13 24 22 19 4 35 4 3 3 3 4 39 19 3 20 4 11 36 3 20
split_gain=9.6731 9.98655 9.07391 11.9307 11.6058 13.8535 11.0257 10.777 8.54238 5.83139 0.0130335 0.00581169 0.00106562 0.00093689 0.000331694 0.000181639 0.000107233 6.72631e-05 5.79377e-05 5.17262e-06 7.99736e-08 1.3519e-08 4.29452e-09
threshold=1.0000000180025095e-35 1.5000000000000002 0.25050000000000006 1.7545000000000002 2.9690000000000007 0.11111111111111106 2.1775000000000007 0.54750000000000021 0.64750000000000008 0.96650000000000003 1.9835000000000003 0.74550000000000016 1.0000000180025095e-35 1.7400000000000004 2.5555000000000003 2.5740000000000003 1.9835000000000003 3.5000000000000004 1.9665000000000001 3.5000000000000004 0.56100000000000005 2.9500000000000006 -12.499999999999998
decision_type=2 2 2 2 2 2 2 2 2 2 2 2 2 2 2 2 2 2 2 2 2 2 2
left_child=10 9 3 7 6 -6 -4 -3 -5 20 11 12 19 14 -13 -14 17 -11 -18 -1 22 -22 -2
right_child=1 2 4 8 5 -7 -8 -9 -10 16 -12 13 15 -15 -16 -17 18 -19 -20 -21 21 -23 -24
leaf_value=-0.050201592310505555 -0.050178775340658843 -0.016499029631297884 -0.0030113944557618247 0.023171490402562001 0.0089828593012860579 -0.00025292785279789693 0.0055390490363982393 0.0015420311032313765 0.0061781435690579679 0.05090777473165619 -0.058360910088081357 -0.054010976857819443 -0.052273249372344205 -0.055081416481753354 -0.052790994525440206 -0.05136934858051731 0.050889604177221617 0.051213032793870822 0.050551981155869202 -0.050400244559597143 -0.050193146611069432 -0.050212209925408216 -0.050172081939278967
leaf_weight=1.4833075992064531 0.33643016428686667 85.353118601022288 4644.041702987859 95.128224117681384 541.58981698937714 1622.1019065422006 410.33799954690039 2743.5527764321305 332.24679543823004 3.245284663513301 1.0332374903373418 0.98250739090144712 1.2014071648009121 1.1296248212456701 1.2869171551428733 1.0342356413602829 4.6371558643877506 4.065077742561698 1.750306920148432 0.4206114972475915 0.28324022307060648 0.13846620218828321 0.83296869229525228
leaf_count=417 95 536 20467 443 2691 7367 1894 12105 1524 187 10 18 39 15 32 44 275 179 180 66 74 33 244
internal_value=-1.4459e-06 4.19404e-05 -1.70013e-05 0.00217405 -0.00100545 0.00205887 -0.00231723 0.0009977 0.00996065 0.0404225 -0.0530946 -0.0523728 -0.0511148 -0.0539048 -0.0533192 -0.0518551 0.0509468 0.0510775 0.0507971 -0.0502455 -0.0501807 -0.0501994 -0.050174
internal_weight=10498.2 10489.6 10474.4 3256.28 7218.07 2163.69 5054.38 2828.91 427.375 15.2889 8.57185 7.53861 4.13956 3.39905 2.26942 2.23564 13.6978 7.31036 6.38746 1.90392 1.59111 0.421706 1.1694
internal_count=48935 48294 47027 14608 32419 10058 22361 12641 1967 1267 641 631 566 65 50 83 821 366 455 483 446 107 339
is_linear=0
shrinkage=0.05


Tree=124
num_leaves=27
num_cat=0
split_feature=3 6 24 3 8 18 9 28 26 6 40 7 6 3 12 25 11 26 36 37 25 24 14 30 18 14
split_gain=9.58966 11.7412 10.5184 9.91981 10.4597 15.6468 11.8283 7.63467 7.26201 7.25214 7.33037 5.73276 5.42033 5.90885 5.98145 6.0235 5.40252 7.11417 4.06671 3.97265 2.03485 0.027049 0.0118267 0.00600476 0.00455492 0.00226964
threshold=0.33900000000000002 0.064500000000000016 2.1010000000000004 0.71700000000000008 0.36666666666666675 0.54444444444444462 1.8910000000000002 0.24100000000000002 0.47700000000000004 0.49150000000000005 0.71650000000000003 0.24550000000000002 0.19600000000000004 1.0000000180025095e-35 4.5000000000000009 506.50000000000006 12.500000000000002 0.16150000000000003 0.44150000000000006 0.50350000000000017 506.50000000000006 1.651 0.98350000000000015 1.4935000000000003 0.4555555555555556 0.26150000000000007
decision_type=2 2 2 2 2 2 2 2 2 2 2 2 2 2 2 2 2 2 2 2 2 2 2 2 2 2
left_child=12 2 7 9 5 -5 -6 11 -9 10 -3 -2 13 22 15 -15 17 -4 -16 -18 -11 23 25 -14 -24 -1
right_child=1 3 16 4 6 -7 -8 8 -10 20 -12 -13 21 14 18 -17 19 -19 -20 -21 -22 -23 24 -25 -26 -27
leaf_value=-0.050266944883977233 0.090473787747365975 -0.014048838972788838 -0.035189370555540431 0.0059289668988661169 -0.0021248443462853045 -0.0018071513657085378 0.0025766222543520995 0.0030258295617867793 -0.07525628371788623 -0.0011709121795232215 -0.0022024194151806192 0.020486657863588303 -0.056062695864186711 0.052057246759795964 -0.04586051967321049 -0.0033713370417005994 0.021616323606098685 0.022812581285418444 -0.0096659067238925381 0.066236100057724415 -0.061447003324352323 -0.064748938905609982 -0.057113263322408903 -0.059953910663382785 -0.053756302870699074 -0.052625233355575556
leaf_weight=1.8646892078686486 3.9334015976637593 180.20868871361017 5.8226272328756741 1642.0938702463172 4835.6869966657832 1085.7957388157956 1849.4795448416844 235.76506737060845 3.0002942951396099 1.7226611953228692 474.2131951097399 11.423874323256312 1.8266502562910312 6.0169692561030379 12.460282642394302 26.436751676723361 8.7395796254277247 57.430129908490926 20.57570019364357 11.622377783060072 7.4793882737867534 2.5718199424445629 1.9378657743800429 2.168323939666152 2.1115073300898075 2.2528743722941726
leaf_count=485 34 857 63 7154 21319 4655 9256 1432 36 21 2197 100 25 29 73 145 42 557 110 51 116 19 30 20 38 71
internal_value=-1.31871e-06 0.000131336 0.00930153 -0.000176019 0.000240522 0.00284972 -0.000824164 0.00424008 0.00204215 -0.00608438 -0.00546458 0.0384122 -0.0172222 -0.0133415 -0.00834052 0.00690521 0.0246843 0.0174733 -0.0233175 0.0470848 -0.0501631 -0.0607494 -0.0534441 -0.0581747 -0.0553628 -0.0515573
internal_weight=10494.6 10414.4 337.737 10076.7 9413.06 2727.89 6685.17 254.123 238.765 663.624 654.422 15.3573 80.2234 73.6566 65.4897 32.4537 83.6147 63.2528 33.036 20.362 9.20205 6.56679 8.16694 3.99497 4.04937 4.11756
internal_count=48935 47890 2315 45575 42384 11809 30575 1602 1468 3191 3054 134 1045 981 357 174 713 620 183 93 137 64 624 45 68 556
is_linear=0
shrinkage=0.05


Tree=125
num_leaves=27
num_cat=0
split_feature=4 2 17 7 13 14 12 26 13 3 13 30 13 17 31 8 3 4 4 37 1 1 11 4 36 43
split_gain=9.26291 10.2455 9.27591 13.3861 15.3552 11.5542 7.57334 8.30323 7.58951 4.36382 0.00628284 0.00187456 0.00118696 0.000683606 0.000228382 0.000127544 8.90394e-05 5.48572e-05 4.98458e-05 1.49107e-05 8.16425e-07 6.00698e-07 3.21248e-07 3.00998e-08 1.51397e-08 5.2179e-09
threshold=1.0000000180025095e-35 1.5000000000000002 0.18050000000000002 0.19100000000000003 1.7875000000000003 1.1960000000000002 25.500000000000004 0.11600000000000002 1.6325000000000001 0.96650000000000003 0.7965000000000001 1.5720000000000003 1.0000000180025095e-35 0.24550000000000002 0.76000000000000012 0.81666666666666676 1.9835000000000003 1.9665000000000001 1.9665000000000001 0.49700000000000005 3.5000000000000004 2.5000000000000004 1.0000000180025095e-35 1.9665000000000001 0.56100000000000005 0.74950000000000017
decision_type=2 2 2 2 2 2 2 2 2 2 2 2 2 2 2 2 2 2 2 2 2 2 2 2 2 2
left_child=10 9 6 5 -5 -4 8 -8 -3 23 12 13 20 14 -12 -14 17 -11 -18 -17 21 -1 -22 25 -25 -2
right_child=1 2 3 4 -6 -7 7 -9 -10 16 11 -13 15 -15 -16 19 18 -19 -20 -21 22 -23 -24 24 -26 -27
leaf_value=-0.050072974237147849 -0.050203525662904119 -0.0030957335103836297 -0.0064237950260079626 0.0014158271267158129 0.010096887790621872 0.00081158932565559942 -0.057173568105097675 -0.0076069425531365368 0.0025230145430145019 0.050859126392001346 -0.05219795918929198 -0.055872329132658695 -0.052222728536141384 -0.054189062241731201 -0.053310652103784717 -0.051703250971844666 0.050843229224686537 0.051142714389999434 0.050520935619836643 -0.051369532108865017 -0.050203913281951035 -0.050172348517569236 -0.050325296705391112 -0.050194976121694761 -0.05017725660866762 -0.050214815224862847
leaf_weight=0.16900514776352582 0.41498705302365013 1920.0226726909168 948.95969868125394 4428.2530945802573 575.60394334979355 1318.2825535358861 8.6340467482805234 394.3457120731473 874.84002808714285 3.0441782316192967 1.0797949545085432 0.89098417758941639 1.1311381630366668 1.228479800513014 0.80492896027863015 0.56858335761353374 4.4034392274916172 3.8772440422326326 1.6489106588996945 0.81377004226669669 0.10795039427466679 1.517742401920259 0.11010331241413951 0.44733802601695061 0.16501245135441422 0.13585442211478949
leaf_count=117 103 8885 4286 19525 2750 5811 37 1671 4074 185 32 12 33 23 15 19 275 181 180 34 27 446 19 116 47 32
internal_value=-1.35068e-06 4.07608e-05 -1.66796e-05 0.000970339 0.00241443 -0.0022168 -0.00226091 -0.00866893 -0.00133697 0.0425775 -0.0524156 -0.0538501 -0.0511156 -0.0532713 -0.0526732 -0.051829 0.0508955 0.051018 0.0507554 -0.0515068 -0.0501742 -0.0501624 -0.0502652 -0.0501978 -0.0501902 -0.0502063
internal_weight=10491.5 10483.1 10468.9 7271.1 5003.86 2267.24 3197.84 402.98 2794.86 14.137 8.42248 4.00419 4.41829 3.1132 1.88472 2.51349 12.9738 6.92142 6.05235 1.38235 1.9048 1.68675 0.218054 1.16319 0.61235 0.550841
internal_count=48935 48158 47039 32372 22275 10097 14667 1708 12959 1119 777 82 695 70 47 86 821 366 455 53 609 563 46 298 163 135
is_linear=0
shrinkage=0.05


Tree=126
num_leaves=31
num_cat=0
split_feature=44 42 10 17 24 4 17 3 1 23 24 31 22 44 27 2 7 14 14 21 34 21 11 3 9 7 7 22 24 24
split_gain=9.01347 14.4258 11.6365 12.0198 12.4224 10.6858 13.535 10.1695 13.9333 12.7195 10.4857 9.80268 9.68953 9.69644 8.92367 9.39453 8.67093 8.45485 8.11359 7.98174 7.96776 7.82781 7.71596 7.34534 7.22479 6.92681 5.79999 5.1389 4.41857 8.0107
threshold=0.46650000000000008 0.25050000000000006 4.5000000000000009 0.40800000000000003 2.0585000000000004 1.0390000000000004 0.24550000000000002 0.70200000000000007 7.5000000000000009 0.28500000000000009 3.1990000000000003 0.67300000000000015 -0.36666666666666653 0.38900000000000007 0.19250000000000003 24.500000000000004 0.5355000000000002 2.7640000000000007 0.88350000000000006 -26.499999999999996 0.60050000000000014 -16.499999999999996 19.500000000000004 0.62750000000000006 1.2125000000000001 0.46550000000000008 0.19600000000000004 -0.36666666666666653 1.9575000000000002 1.6255000000000002
decision_type=2 2 2 2 2 2 2 2 2 2 2 2 2 2 2 2 2 2 2 2 2 2 2 2 2 2 2 2 2 2
left_child=5 2 3 4 -2 12 14 19 9 -9 -10 24 28 26 15 -7 17 -4 -13 23 -18 -16 -21 -3 -8 -15 -14 -5 29 -1
right_child=1 7 16 27 -6 6 11 8 10 -11 -12 18 13 25 21 -17 20 -19 -20 22 -22 -23 -24 -25 -26 -27 -28 -29 -30 -31
leaf_value=-0.041486983908514907 0.0005952320570318647 0.041483139327022342 0.0014781975742184966 0.0082421159140101206 0.016788121870065072 -0.011548470147873443 -0.013147533292709396 0.01196780300464953 -0.0019017854136365742 -0.0030972332373753984 0.0035395973118682398 -0.0048031236408418269 -0.011598064354886863 -0.0088220321671860866 0.010367524616968306 -0.052537592710830396 0.051442693622805583 0.049845252504414267 0.011789512302964565 -0.0044619228590794717 -0.010269648305171155 -0.0051068265645656556 -0.018236441026753741 -0.0063595299207625652 0.0084605657377674372 0.011635313442329469 0.073464691717109287 0.061636584777672691 -0.050176975351604231 0.032565777338142497
leaf_weight=9.9365909714251739 219.23234763811342 15.501857310533522 1506.4328251632396 6.2426304239779737 257.61389909125865 64.55559470015578 108.39202937670052 433.34841969469562 4072.3715042416006 207.05414924654178 1131.3171369824558 91.199724527541548 3.0170968752354366 597.05206708493643 94.362529829144478 17.842793330550194 16.548676535836425 9.0899035816546512 383.41984726535156 304.66584340378176 7.6474037222797042 610.23479877598584 152.58282946050167 16.628477722406387 60.151635106652975 44.459739334299229 5.9677066737785935 16.201201811200008 18.845420494675636 5.7741320505738249
leaf_count=98 1063 69 6850 35 1118 298 496 2547 17512 1674 5058 411 22 2910 404 74 149 93 1724 1932 55 2806 690 71 267 287 32 82 81 27
internal_value=-1.25834e-06 0.000735501 0.00439334 0.0110264 0.00934336 -0.00291752 -0.000457903 -0.000442109 0.000137671 0.00709699 -0.000718792 0.00492273 -0.00805236 -0.0066818 -0.00485516 -0.0204244 0.0022424 0.0017683 0.00860118 -0.00736576 0.0319379 -0.00303444 -0.00905845 0.016723 -0.00543581 -0.00740424 0.0449006 0.0467852 -0.0338523 -0.0142705
internal_weight=10487.7 8372.48 2039.01 499.29 476.846 2115.21 1430.16 6333.47 5844.09 640.403 5203.69 643.163 685.053 650.497 786.996 82.3984 1539.72 1515.52 474.62 489.379 24.1961 704.597 457.249 32.1303 168.544 641.512 8.9848 22.4438 34.5561 15.7107
internal_count=48935 38998 9445 2298 2181 9937 6480 29553 26791 4221 22570 2898 3457 3251 3582 372 7147 6943 2135 2762 204 3210 2622 140 763 3197 54 117 206 125
is_linear=0
shrinkage=0.05


Tree=127
num_leaves=25
num_cat=0
split_feature=14 19 18 7 19 14 36 44 59 7 17 24 19 39 39 21 2 14 20 26 5 3 33 3
split_gain=9.01516 11.1601 14.0615 13.4487 15.8168 15.1899 10.3116 7.7289 7.53299 7.27991 11.5054 8.43478 7.51099 6.24153 9.28499 5.85512 4.81877 4.39438 4.43259 4.76097 2.84559 0.0106207 0.00271047 0.00107666
threshold=0.40450000000000003 2.3170000000000006 0.74166666666666681 0.21550000000000002 1.6730000000000003 0.55800000000000016 0.48650000000000004 0.47050000000000003 23.500000000000004 0.20950000000000002 0.14050000000000004 1.3335000000000004 2.4045000000000001 2.6035000000000008 2.4850000000000008 -16.499999999999996 3.5000000000000004 1.0000000180025095e-35 10.500000000000002 0.25950000000000006 -0.11299999999999999 0.96650000000000003 0.30100000000000005 1.0000000180025095e-35
decision_type=2 2 2 2 2 2 2 2 2 2 2 2 2 2 2 2 2 2 2 2 2 2 2 2
left_child=15 2 3 5 -5 -2 7 -4 -8 13 12 -12 -11 14 -3 -1 -15 21 20 -20 -19 23 -23 -17
right_child=1 9 6 4 -6 -7 8 -9 -10 10 11 -13 -14 16 -16 17 -18 18 19 -21 -22 22 -24 -25
leaf_value=0.078501076208317033 -0.038660527348520907 -0.014327298991126339 -0.02827603986308343 0.00054260812383780425 0.0070417152476933741 -0.0015455005566420712 0.0029822682792225073 -0.009437590819182419 -0.01179057310591735 -0.035570971540884552 -0.025611012298204464 0.021466440850421514 -0.0014919991746743782 0.032384412072594682 0.033411216031446526 -0.05021564686034205 -0.0012821866881033137 -0.034260232442211068 -0.0092438045098699791 0.045115612758757688 -0.011873923744154635 -0.053604537889476549 -0.056233343552857244 -0.05187263702667904
leaf_weight=1.6114680990576733 27.758059374755248 11.883678331971167 68.739768370985985 4097.1096711761784 1213.4258092446253 4011.4523003478535 285.58361267391592 261.83832236658782 123.65956057608128 23.205780178308487 10.990726202726362 70.83936170861125 53.314222913235426 13.465510860085486 71.27842347510159 1.6506113975774486 50.450081117451191 23.851349571719766 13.87256400473416 5.6760313976556054 35.06421942031011 2.0798387518152599 1.855175581295043 2.4141997850965708
leaf_count=8 199 88 307 18579 5415 18741 1245 1139 518 103 55 340 252 162 461 483 222 143 82 35 200 42 26 90
internal_value=-1.19576e-06 0.000133771 -0.000151271 0.000373794 0.00202762 -0.00180056 -0.00678697 -0.0133548 -0.00148159 0.00954993 0.00211044 0.0151434 -0.0118269 0.0175596 0.0265895 -0.0159305 0.00581057 -0.0176905 -0.0140913 0.00653972 -0.0209368 -0.0529923 -0.0548439 -0.0511998
internal_weight=10483.1 10395 10089.6 9349.75 5310.54 4039.21 739.821 330.578 409.243 305.428 158.35 81.8301 76.52 147.078 83.1621 88.0755 63.9156 86.464 78.4642 19.5486 58.9156 7.99983 3.93501 4.06481
internal_count=48935 47826 46143 42934 23994 18940 3209 1446 1763 1683 750 395 355 933 549 1109 384 1101 460 117 343 641 68 573
is_linear=0
shrinkage=0.05


Tree=128
num_leaves=31
num_cat=0
split_feature=4 6 17 13 18 15 39 5 4 6 7 41 8 11 25 42 42 28 4 44 31 11 5 13 13 30 13 17 8 2
split_gain=8.92454 10.9989 12.166 9.10453 11.6888 10.3335 7.97859 9.22978 7.53812 7.2864 14.559 10.7936 7.19025 11.9481 6.97492 6.93384 9.68283 6.98905 6.71691 7.08364 6.04052 5.4257 4.40082 1.08732 0.00540393 0.00161946 0.00101095 0.000603991 0.000109764 6.67057e-07
threshold=0.83650000000000013 0.69100000000000006 0.40800000000000003 1.5085000000000002 0.56944444444444453 0.6170000000000001 2.5865000000000005 0.53450000000000009 1.0000000180025095e-35 0.87750000000000006 0.13150000000000003 0.53850000000000009 0.93333333333333346 9.5000000000000018 508.50000000000006 0.27550000000000008 0.30200000000000005 0.36500000000000005 1.2980000000000003 0.45750000000000007 0.76000000000000012 18.500000000000004 1.6200000000000003 1.1225000000000003 0.7965000000000001 1.5720000000000003 1.0000000180025095e-35 0.24550000000000002 0.81666666666666676 1.5000000000000002
decision_type=2 2 2 2 2 2 2 2 2 2 2 2 2 2 2 2 2 2 2 2 2 2 2 2 2 2 2 2 2 2
left_child=8 2 3 5 -5 -2 14 -8 24 10 20 -12 22 -14 -4 18 21 -18 19 -3 -10 -17 -11 -20 26 27 29 -26 -28 -1
right_child=1 15 6 4 -6 -7 7 -9 9 12 11 -13 13 -15 -16 16 17 -19 23 -21 -22 -23 -24 -25 25 -27 28 -29 -30 -31
leaf_value=-0.05015423481700796 -0.0010304196647313803 -0.027095332487460405 0.020850856223307748 0.0064636632380206758 -0.00036849596426355777 -0.013824048932805928 -0.0031001409336312183 0.020366806505353642 -0.026019440597921453 0.081694898555151912 -0.0014807789241694728 -0.045224536324022457 0.013528786935481072 -0.061280036024556186 0.0066522530588215781 0.047927314026155854 -0.014862379058394824 0.045471290151726344 0.023899562702617529 0.0069557014928315637 -0.0082790803557396247 0.014650484509692417 0.015858548989410817 0.064066151070768046 -0.052529844799446661 -0.055581809074394528 -0.052108351307209144 -0.05398959182499205 -0.051427282787439466 -0.050248863826778803
leaf_weight=1.5895411509554813 5444.6103487219661 18.112677756696939 129.58303938363679 987.88327603717335 1709.0741617565509 162.54606261570007 262.40890901512466 49.862226761877537 95.784976955503225 5.4703097343444806 990.36143709346652 14.305457778275011 49.690867131575942 5.9797638505697241 260.11957056308165 33.889453452080488 20.727864810265604 6.2464711470529428 2.5521960705518714 97.434201145544648 96.148687046021223 19.182995945215225 4.7357406541705132 4.9579690024256706 1.7874482208862907 0.85236264392733563 1.0768538059201092 1.1740796042140571 1.3127866457216442 0.21094682998955239
leaf_count=561 23673 108 679 4505 8016 943 1463 244 547 23 4620 68 245 26 1378 250 110 42 16 576 459 82 22 63 47 12 33 23 53 48
internal_value=-1.25124e-06 0.000540703 0.000281211 -0.000253094 0.00213409 -0.00140129 0.00660185 0.000646969 -0.00392965 -0.00362299 -0.00451425 -0.00210365 0.0125661 0.00549333 0.0113735 0.0120472 0.0235018 -0.000890857 0.00459615 0.00161799 -0.0171325 0.0358994 0.051146 0.0504163 -0.0522995 -0.0536613 -0.0510601 -0.0531086 -0.0517342 -0.0501653
internal_weight=10479.7 9209.19 9006.09 8304.11 2696.96 5607.16 701.974 312.271 1270.48 1262.48 1196.6 1004.67 65.8767 55.6706 389.703 203.104 80.0468 26.9743 123.057 115.547 191.934 53.0724 10.2061 7.51017 8.00402 3.81389 4.19013 2.96153 2.38964 1.80049
internal_count=48935 42148 40901 37137 12521 24616 3764 1707 6787 6010 5694 4688 316 271 2057 1247 484 152 763 684 1006 332 45 79 777 82 695 70 86 609
is_linear=0
shrinkage=0.05


Tree=129
num_leaves=29
num_cat=0
split_feature=13 16 22 43 8 8 6 4 23 5 14 19 6 26 16 13 8 1 25 41 15 1 4 29 4 15 23 1
split_gain=8.8316 11.8812 11.2868 9.12155 10.9284 14.5293 11.0222 8.56889 7.87004 7.84493 7.22513 10.5653 7.54784 6.73362 6.08857 6.05073 5.34251 5.10736 7.38701 4.57852 2.64157 0.726669 0.00532747 0.00402276 0.0024521 0.000964376 0.000261039 6.00688e-07
threshold=0.50850000000000006 0.10400000000000001 1.0000000180025095e-35 0.71400000000000008 0.56944444444444453 0.51666666666666672 0.59650000000000014 1.7545000000000002 1.6035000000000001 -0.33899999999999991 0.72900000000000009 2.1130000000000009 0.69100000000000006 0.32550000000000007 0.25450000000000006 1.0000000180025095e-35 0.21111111111111114 15.500000000000002 510.50000000000006 0.51450000000000007 -0.81649999999999989 13.500000000000002 1.3270000000000002 2.5815000000000006 1.0000000180025095e-35 -0.25449999999999995 1.4915000000000005 3.5000000000000004
decision_type=2 2 2 2 2 2 2 2 2 2 2 2 2 2 2 2 2 2 2 2 2 2 2 2 2 2 2 2
left_child=14 2 9 10 5 -5 -6 8 -4 16 11 -3 -12 -9 15 24 -2 19 -19 -17 -11 22 25 -24 27 -16 -26 -1
right_child=1 3 7 4 6 -7 -8 13 -10 20 12 -13 -14 -15 21 17 -18 18 -20 -21 -22 -23 23 -25 26 -27 -28 -29
leaf_value=-0.050146576672303877 0.03054177135087446 -0.030393546264660787 0.0014322341020610971 0.0010337618250026042 -0.0042770490776919507 0.0091220132345505977 0.0027062650281734421 -0.014621145776775223 0.034104841866510839 0.079237924324359194 -0.0029797240600694533 -0.00061212137444619191 0.010905391697421007 0.043216162543804032 -0.053571016170119494 -0.0055820104709070686 -0.01254998801098843 -0.001041837414755103 -0.033387699872141102 0.01377885440207207 0.038553052339808824 -0.010936965959145936 -0.05425281017615894 -0.057566142122454679 -0.0519363355781607 -0.051885796191800872 -0.052616858425470037 -0.050239481418729241
leaf_weight=1.5164112226339046 23.050023012794554 57.385590656660497 330.5439149979502 4402.2042536607478 1705.2629246136639 635.36936881067231 845.06711053289473 6.3790890718810287 19.519416458904743 8.2945782663300616 1939.7194450311363 61.907121091615409 103.07401317358017 23.837066031061113 2.9864943781867619 170.98078456893563 10.455388916656373 34.31150771677494 36.351668078452349 37.175649769604206 7.687181922607123 1.0996264517307279 2.1077843522652988 1.6202871934510765 2.5370892826467752 1.1860863914480417 3.1696653803810477 0.19653505343012501
leaf_count=563 151 296 1714 20063 7427 2778 3801 55 213 45 8570 374 470 175 58 940 50 173 189 203 272 12 42 20 101 55 79 46
internal_value=-1.19702e-06 0.00024605 0.00838218 -0.00011258 0.000703773 0.0020539 -0.00196309 0.00545914 0.00325405 0.030844 -0.00297759 -0.0149384 -0.00227912 0.0310058 -0.00852619 -0.00725297 0.017095 -0.00606709 -0.0176817 -0.00212426 0.0596686 -0.0490189 -0.0543192 -0.0556928 -0.0518163 -0.053092 -0.0523143 -0.0501572
internal_weight=10475 10179.8 429.767 9749.99 7587.9 5037.57 2550.33 380.279 350.063 49.4872 2162.09 119.293 2042.79 30.2162 295.24 286.239 33.5054 278.82 70.6632 208.156 15.9818 9.00028 7.90065 3.72807 7.4197 4.17258 5.70675 1.71295
internal_count=48935 46454 2675 43779 34069 22841 11228 2157 1927 518 9710 670 9040 230 2481 2294 201 1505 362 1143 317 187 175 62 789 113 180 609
is_linear=0
shrinkage=0.05


Tree=130
num_leaves=30
num_cat=0
split_feature=4 44 13 9 7 14 27 33 37 18 19 40 24 2 0 18 21 7 7 29 26 4 42 1 40 59 4 33 30
split_gain=8.50849 10.0442 11.357 13.6917 15.6884 12.3942 12.3608 11.4011 11.3299 10.7995 11.4023 11.7246 9.37177 9.05152 8.4835 8.98098 8.39649 13.5702 10.479 7.7545 5.788 8.1753 10.5695 8.27561 6.97932 5.63552 4.91137 4.73594 4.49466
threshold=1.413 0.50300000000000011 0.77100000000000013 1.9590000000000003 0.62000000000000011 1.1805000000000001 0.29950000000000004 0.15300000000000002 0.65800000000000014 0.74166666666666681 2.2155000000000005 0.75700000000000012 1.7970000000000004 2.5000000000000004 2.5000000000000004 0.81666666666666676 -18.499999999999996 0.12750000000000003 0.11650000000000001 2.9490000000000003 0.11900000000000001 1.4790000000000003 0.24850000000000003 15.500000000000002 0.69400000000000006 27.500000000000004 1.6730000000000003 0.41050000000000003 1.4985000000000002
decision_type=2 2 2 2 2 2 2 2 2 2 2 2 2 2 2 2 2 2 2 2 2 2 2 2 2 2 2 2 2
left_child=1 9 3 4 -3 7 -7 -4 -5 10 11 -1 20 27 19 -16 17 -15 -18 -11 24 22 -22 -23 -2 -12 -26 28 -14
right_child=12 2 5 8 -6 6 -8 -9 -10 14 25 -13 13 16 15 -17 18 -19 -20 -21 21 23 -24 -25 26 -27 -28 -29 -30
leaf_value=-0.0009710784155354305 0.055290282452439957 -0.019919581396576635 -0.027540438167590636 0.016219014309585233 0.049213712599163482 0.0050167670250745051 0.027226358678339887 -0.00053150684613611089 -0.045694379790105842 -0.0023238597233351923 0.025049891323690555 -0.0090852986203715375 0.0089018673949735633 0.038377771832781134 -0.021877770276854468 -0.0053546336549911552 -0.0048347036588474021 0.0064907850484493372 0.0031344396057043991 0.044887878105183014 0.010587209522035311 -0.00050011448299119756 -0.039300438292752225 -0.018059661122410559 0.018113175571515906 -0.03488020209378398 -0.0080614232773358451 -0.052056029585825517 0.036413301014399956
leaf_weight=3681.5106197253335 7.2474822902586302 158.658584095072 41.534984873374924 66.719919727067463 8.6538226496195403 1096.7113903062418 66.443398620001972 659.08083244180307 8.3094815518707019 34.445161730051041 52.647330943029374 506.42822011420503 26.379463970195502 37.605477809906006 158.55759081547149 170.85849823756143 503.79998284205794 295.93774323165417 2276.5502940546721 11.635479807853697 14.945689693093298 355.70113563514315 36.659624993801117 82.698625952005386 32.827518600970507 4.2384954392909995 39.470244902186096 2.0966668389737597 33.956087026745081
leaf_count=17204 32 789 206 477 90 4839 291 3022 56 150 252 2352 319 156 713 879 2255 1233 10138 50 69 1942 166 358 147 18 197 29 506
internal_value=-1.19707e-06 -0.00106475 0.00179699 -0.00838523 -0.0163438 0.00312096 0.00628546 -0.00213269 0.00936213 -0.00236924 -0.00165027 -0.00195229 0.00190862 0.00296764 -0.0104968 -0.0133077 0.00258971 0.0100859 0.00169043 0.00959722 -0.00399748 -0.00602832 -0.0248522 -0.0038125 0.00851263 0.0205846 0.00382341 0.0218178 0.024385
internal_weight=10472.3 6726.43 2106.11 242.342 167.312 1863.77 1163.15 700.616 75.0294 4620.32 4244.82 4187.94 3745.88 3176.33 375.497 329.416 3113.89 333.543 2780.35 46.0806 569.55 490.005 51.6053 438.4 79.5452 56.8858 72.2978 62.4322 60.3356
internal_count=48935 31388 9770 1412 879 8358 5130 3228 533 21618 19826 19556 17547 14636 1792 1592 13782 1389 12393 200 2911 2535 235 2300 376 270 344 854 825
is_linear=0
shrinkage=0.05


Tree=131
num_leaves=23
num_cat=0
split_feature=3 2 17 7 59 20 13 14 14 4 14 14 16 14 14 3 4 20 2 37 3 20
split_gain=8.64127 8.67179 8.08679 11.6877 12.3518 6.95684 9.14197 6.51273 6.06557 4.79119 0.0100479 0.00391774 0.00294678 0.000407644 0.000111399 5.83817e-05 4.3743e-05 3.89019e-05 3.12578e-06 4.43095e-08 8.41512e-09 3.44429e-09
threshold=1.0000000180025095e-35 1.5000000000000002 0.18050000000000002 0.15600000000000003 9.5000000000000018 -12.499999999999998 0.49150000000000005 0.91850000000000021 1.4260000000000004 0.96650000000000003 1.3270000000000002 0.47350000000000003 0.24550000000000002 0.64500000000000013 1.0000000180025095e-35 1.9835000000000003 1.9665000000000001 3.5000000000000004 1.5000000000000002 0.43900000000000006 2.9500000000000006 -12.499999999999998
decision_type=2 2 2 2 2 2 2 2 2 2 2 2 2 2 2 2 2 2 2 2 2 2
left_child=10 9 5 7 -5 8 -7 -4 -3 19 11 14 -13 -14 18 17 -17 -11 -1 20 -2 -21
right_child=1 2 3 4 -6 6 -8 -9 -10 15 -12 12 13 -15 -16 16 -18 -19 -20 21 -22 -23
leaf_value=-0.050162847317609428 -0.050158049068040028 0.069127720962503608 -0.010252938671910494 0.0070650717615937638 0.00089374062110295766 -0.029442536607064019 -0.0022395562337630911 -0.0015092690204557722 0.0085795754304938132 0.050776127808234595 -0.056499935001899183 -0.055728769874359957 -0.051657117602681019 -0.052875523185289292 -0.051427569083127282 0.050776215623261893 0.050456398200957736 0.051027115973367704 -0.050329930590894439 -0.05014734189202829 -0.050174635921231094 -0.050140734451112459
leaf_weight=1.1767909575719375 0.23205728479660936 4.3410069225355974 255.45551533554681 978.01638816727791 4742.0473441109061 31.199017819948494 3068.0607163726818 1280.4884097760078 87.705941751133651 2.7833817042410356 1.9174772705882785 0.88629516924265805 1.0551456129178407 1.9648753106594083 0.21095004491507996 4.0698361890390515 1.4501171028241513 3.4667266355827451 0.36728405463509251 0.27749045775271952 0.11404701648280025 0.6819016330409795
leaf_count=413 74 26 1238 5073 20320 279 13924 5731 453 187 28 19 42 44 8 275 180 179 70 95 33 244
internal_value=-1.23057e-06 3.74377e-05 -1.34928e-05 0.00090906 0.00194891 -0.00211108 -0.0025134 -0.0029635 0.0114351 0.0407307 -0.0533717 -0.0523122 -0.0531938 -0.0524498 -0.0503498 0.0508107 0.0506922 0.0509153 -0.0502026 -0.0501482 -0.0501635 -0.0501426
internal_weight=10468 10460.4 10447.3 7256.01 5720.06 3191.31 3099.26 1535.94 92.0469 13.0756 7.57882 5.66134 3.90632 3.02002 1.75503 11.7701 5.51995 6.25011 1.54408 1.3055 0.346104 0.959392
internal_count=48935 48311 47044 32362 25393 14682 14203 6969 479 1267 624 596 105 86 491 821 455 366 483 446 107 339
is_linear=0
shrinkage=0.05


Tree=132
num_leaves=28
num_cat=0
split_feature=4 9 18 19 8 42 8 24 33 32 44 4 8 14 4 25 9 3 25 13 32 32 14 13 17 13 11
split_gain=8.4458 11.0323 13.4442 11.8953 12.4915 10.8473 13.6235 11.8741 10.5006 9.37517 8.55418 8.50717 7.55722 6.14929 6.07277 5.90591 8.33829 5.4998 4.06878 4.69795 3.76973 0.0373203 0.0137202 0.00434457 0.00140229 0.000798463 0.000537631
threshold=0.57400000000000007 2.0850000000000004 1.0000000180025095e-35 0.39650000000000007 0.74166666666666681 0.28600000000000003 0.59166666666666679 2.8545000000000007 0.21600000000000003 0.60650000000000015 0.50450000000000006 1.6450000000000002 0.70000000000000007 0.47350000000000003 1.0000000180025095e-35 506.50000000000006 1.9185000000000001 1.5250000000000001 505.50000000000006 0.59200000000000008 0.57050000000000012 0.56350000000000011 1.0000000180025095e-35 0.7965000000000001 0.24550000000000002 1.0000000180025095e-35 7.5000000000000009
decision_type=2 2 2 2 2 2 2 2 2 2 2 2 2 2 2 2 2 2 2 2 2 2 2 2 2 2 2
left_child=13 2 10 18 8 6 -4 -7 -5 -6 12 -12 -2 21 23 16 -16 -17 19 -3 -20 22 26 25 -25 -15 -1
right_child=1 3 5 4 9 7 -8 -9 -10 -11 11 -13 -14 14 15 17 -18 -19 20 -21 -22 -23 -24 24 -26 -27 -28
leaf_value=-0.050470451961315679 -0.025958352753058907 -0.083500006144710523 0.0022911990831392419 0.032868784813513741 -0.0048787243864840532 -0.0058350494595924762 -0.0025708194793816965 0.0023052898965630845 0.0080115892004835234 0.015020813151970461 -0.0048337576484434415 0.056932241571050805 0.01440196485958109 -0.050151025748708312 -0.03099636579429163 -0.0016434728928518124 0.022418026640532385 -0.016327045314512536 0.045274937521920605 0.03180257465484107 0.006312817597624836 -0.069365201840046964 -0.060337319213021948 -0.052636235289451418 -0.054616259160157422 -0.051666092229427696 -0.05359250997126818
leaf_weight=0.30175069579854508 105.20187868643552 1.569909464567899 5200.451131321257 50.638891760259867 328.81817899644375 1376.6127354505006 1992.8987127614673 664.08071574894711 263.90055599808693 72.180631913244724 38.753420118242502 6.5114409625530234 13.03537532687187 1.4164716751547524 9.3001621919684094 127.47689789626747 34.08061252720654 127.60750822909176 29.60405264236033 2.0203003557398915 7.8555679204873732 1.1561155680101363 3.6068293713033199 1.9958923803642394 1.6200095508247612 2.252545164199546 0.25393595080822706
leaf_count=124 491 9 24014 225 1479 6201 8731 3096 1150 324 177 33 57 490 57 711 170 646 369 37 114 27 37 52 26 83 5
internal_value=-1.205e-06 0.000247408 -0.000220224 0.00605584 0.00455419 3.14252e-05 0.00094419 -0.00318603 0.0120134 -0.00129677 -0.0144325 0.00405141 -0.0215087 -0.0081166 -0.00718941 -0.00608851 0.0109668 -0.00898902 0.032231 -0.0186164 0.0371043 -0.0614179 -0.0592106 -0.0522934 -0.0535233 -0.0510812 -0.0518972
internal_weight=10465.2 10154.1 9397.55 756.588 715.538 9234.04 7193.35 2040.69 314.539 400.999 163.502 45.2649 118.237 311.069 305.75 298.465 43.3808 255.084 41.0498 3.59021 37.4596 5.31863 4.16252 7.28492 3.6159 3.66902 0.555687
internal_count=48935 46507 42800 3707 3178 42042 32745 9297 1375 1803 758 210 548 2428 2235 1584 227 1357 529 46 483 193 166 651 78 573 129
is_linear=0
shrinkage=0.05


Tree=133
num_leaves=25
num_cat=0
split_feature=14 2 4 9 19 9 22 27 17 4 1 31 11 41 39 11 14 20 4 2 1 31 29 5
split_gain=8.34026 8.22755 8.03303 11.1117 14.1941 8.97449 17.4925 9.31963 8.95498 4.34664 0.00468171 0.00316477 0.00158091 0.00105195 0.000485784 0.000195449 6.02621e-05 3.33087e-05 3.25527e-05 2.80968e-06 5.69887e-07 2.18543e-08 7.5146e-09 2.1788e-09
threshold=1.0000000180025095e-35 1.5000000000000002 1.0605000000000002 2.0440000000000005 2.0575000000000006 1.9110000000000003 0.16666666666666669 0.26950000000000007 0.24550000000000002 0.96650000000000003 2.5000000000000004 0.80100000000000016 3.5000000000000004 0.53150000000000019 2.5780000000000007 6.5000000000000009 1.9835000000000003 3.5000000000000004 1.9665000000000001 1.5000000000000002 1.0000000180025095e-35 0.77150000000000019 3.1895000000000002 3.1000000000000005
decision_type=2 2 2 2 2 2 2 2 2 2 2 2 2 2 2 2 2 2 2 2 2 2 2 2
left_child=10 9 5 8 -5 6 -3 -7 -4 21 12 14 19 15 -12 -14 17 -11 -18 20 -1 23 -23 -2
right_child=1 2 3 4 -6 7 -8 -9 -10 16 11 -13 13 -15 -16 -17 18 -19 -20 -21 -22 22 -24 -25
leaf_value=-0.050167919289924902 -0.050127907145314655 -0.00030021368704053966 -0.001057263940441492 0.018370305532651923 -0.040035061814374141 -0.0007005609995167127 -0.010324611852409397 0.011297037203720668 0.0025015860727059351 0.050737701109617339 -0.053791182516941163 -0.056572911107018557 -0.051725079424260634 -0.054614062213456417 -0.052322513932548047 -0.05286289779310626 0.050711732617525068 0.050975767767724604 0.050426272950907826 -0.050510360978094207 -0.050054378225600965 -0.050140321975351454 -0.050159802890154537 -0.050137294825856819
leaf_weight=0.98882040940225013 0.67062401305884012 1053.6826140258927 3751.7361558116972 143.89021955430508 11.213295787572859 1212.2249005462509 741.39575649704784 186.80769309098832 3342.3122304626741 2.6492661060765368 1.5222948845475919 1.0169431325048206 1.9431310314685113 0.43630904064048071 0.8935082823736592 0.46840220876038063 3.741705765016377 3.2987194731831551 1.3623279891908167 0.058628423837944754 0.12442138296319172 0.38608558150008321 0.056782986735925078 0.068082296755164862
leaf_count=298 264 4880 16527 705 57 5567 3375 908 15008 187 34 16 114 12 31 13 275 179 180 8 115 139 18 25
internal_value=-1.2626e-06 3.6426e-05 -1.15796e-05 0.000908919 0.0141479 -0.00210068 -0.00444045 0.000901434 0.000619464 0.0410166 -0.0528769 -0.054233 -0.0517188 -0.0523548 -0.053248 -0.0519461 0.0507616 0.0508697 0.0506355 -0.050173 -0.0501552 -0.050134 -0.0501428 -0.0501288
internal_weight=10462.9 10455.5 10443.3 7249.15 155.104 3194.11 1795.08 1399.03 7094.05 12.2336 7.45246 3.43275 4.01971 2.84784 2.4158 2.41153 11.052 5.94799 5.10403 1.17187 1.11324 1.18157 0.442869 0.738706
internal_count=48935 48294 47027 32297 762 14730 8255 6475 31535 1267 641 81 560 139 65 127 821 366 455 421 413 446 157 289
is_linear=0
shrinkage=0.05


Tree=134
num_leaves=27
num_cat=0
split_feature=24 6 23 18 1 18 42 8 7 6 1 26 27 44 13 17 20 44 25 9 42 13 35 19 26 12
split_gain=8.5292 16.3488 12.7593 10.5625 9.35899 10.4451 9.38717 8.68269 15.063 14.3066 12.1804 10.5631 9.87012 8.60368 8.38679 7.83172 7.77773 6.91333 6.75377 5.91135 5.2388 4.29882 2.04956 0.729234 2.37005 0.166881
threshold=2.3485000000000005 0.12250000000000001 0.24999999999999997 1.0000000180025095e-35 30.500000000000004 0.78888888888888908 0.26250000000000007 0.78888888888888908 0.08900000000000001 0.6100000000000001 25.500000000000004 0.72750000000000015 0.21750000000000003 0.54300000000000015 1.6940000000000002 0.31100000000000005 -1.4999999999999998 0.52550000000000019 504.50000000000006 0.85450000000000015 0.28350000000000003 0.81950000000000001 0.77250000000000008 2.4900000000000007 0.16150000000000003 7.5000000000000009
decision_type=2 2 2 2 2 2 2 2 2 2 2 2 2 2 2 2 2 2 2 2 2 2 2 2 2 2
left_child=2 14 3 -1 6 -6 -5 8 12 -10 18 -12 -3 15 16 17 22 -4 -9 -17 -18 -15 -2 25 -25 -16
right_child=1 7 13 4 5 -7 -8 10 9 -11 11 -13 -14 21 23 19 20 -19 -20 -21 -22 -23 -24 24 -26 -27
leaf_value=-0.063353137441258991 0.030376504015592429 0.0054024212918154157 -0.023740644464460753 0.0027807633218500894 -0.0044054221754209165 -0.025775952707905565 -0.0026232125672632713 0.039593445563815444 0.0016138044243196089 0.011441332446895732 -0.0084779862342506413 0.033394007114079631 -0.010779479896620136 -0.018962615462932694 0.056664174729474673 -0.029975826054502698 0.018691582732546164 0.021960206378354368 0.0024148798541680601 0.0014244361905787839 -0.008631963461268868 -0.080555169468855353 0.084046610398193555 -0.090627622597881263 0.054567390310986341 0.068911922346622717
leaf_weight=6.7982550114393225 2.8668313324451438 126.04715136764571 105.95925052207895 1501.074183897581 294.57055729627609 70.948593392968178 1729.5415792859276 12.621665971353648 4528.2387178421486 403.31236396171153 648.08592793345451 15.420365475118158 373.35132052074187 4.9024110306054336 7.8861371576786006 17.120750222355127 60.25764025747776 8.9762261935975385 379.31547352089547 120.35259884607513 24.747460404410958 6.7108245305716991 4.6871819123625755 0.34637314919382411 1.4904442010447381 4.2964674904942513
leaf_count=33 23 641 756 7184 1245 295 8243 78 19974 1800 2772 66 1842 38 189 94 322 59 2364 628 131 32 28 13 62 23
internal_value=-1.18289e-06 0.00109228 -0.00186548 -0.001088 -0.000970291 -0.00855352 -0.000112308 0.000773122 0.00157957 0.00241752 -0.00337657 -0.00750485 -0.0066952 -0.0124753 0.0205163 -0.0105392 0.0150576 -0.0201715 0.00361215 -0.00248611 0.0107369 -0.0545545 0.0636782 0.0565557 0.0271876 0.0609836
internal_weight=10459.9 6592.97 3866.96 3602.93 3596.13 365.519 3230.62 6486.39 5430.95 4931.55 1055.44 663.506 499.398 264.022 106.579 252.409 92.5591 114.935 391.937 137.473 85.0051 11.6132 7.55401 14.0194 1.83682 12.1826
internal_count=48935 30328 18607 17000 16967 1540 15427 29537 24257 21774 5280 2838 2483 1607 791 1537 504 815 2442 722 453 70 51 287 75 212
is_linear=0
shrinkage=0.05


Tree=135
num_leaves=28
num_cat=0
split_feature=3 6 6 8 22 9 5 41 8 37 42 21 20 4 24 23 19 5 28 41 2 2 27 44 10 24 13
split_gain=8.38784 13.7686 12.693 9.70273 15.1773 9.71121 15.6283 9.57974 9.52938 9.39747 10.6853 9.09634 8.23619 7.49345 5.04105 6.46271 8.0552 5.42506 7.57114 4.27765 3.78851 8.35108 3.22044 2.74358 2.2676 4.01914 0.138529
threshold=0.82700000000000007 0.075500000000000012 0.40350000000000003 0.36666666666666675 -0.40833333333333327 1.5085000000000002 0.43100000000000005 0.55100000000000016 0.78888888888888908 0.66700000000000015 0.28450000000000003 -31.499999999999996 1.0000000180025095e-35 1.6810000000000003 1.8575000000000002 0.20749999999999999 0.55800000000000016 -0.50849999999999984 0.63050000000000017 0.44700000000000006 19.500000000000004 14.500000000000002 0.24050000000000002 0.44700000000000006 12.500000000000002 2.0885000000000002 0.75450000000000006
decision_type=2 2 2 2 2 2 2 2 2 2 2 2 2 2 2 2 2 2 2 2 2 2 2 2 2 2 2
left_child=2 14 7 4 13 6 -5 9 -7 12 -11 -6 -1 -3 17 19 -17 18 -2 -16 21 -9 -19 -4 25 -25 -26
right_child=1 3 23 5 11 8 -8 20 -10 10 -12 -13 -14 -15 15 16 -18 22 -20 -21 -22 -23 -24 24 26 -27 -28
leaf_value=-0.011176762221853169 -0.025152310548104337 -0.0080829071500916408 0.0073309382602432032 -0.0021623937994951093 0.064240198496890263 0.002419206926775132 -0.020997101019291756 -0.039676985200581251 -0.003172314805995237 -0.030284620663032492 0.016620313238490638 0.0052789669070939941 4.141978275614265e-05 0.004009098360012015 -0.015235776388734794 0.052655043510612981 -0.033767320581734359 0.078860371329650292 0.037500165609789637 0.038805704514262275 -0.062094064539165876 0.038048696907953844 0.012994877925970094 -0.047133404628750541 -0.060569050837621145 0.0070150665338704205 -0.075153402791886897
leaf_weight=187.31956316711148 18.000187087804083 371.99207645305432 3.1146027985960272 2401.650231459178 6.5663006752729407 2901.3951815899927 115.4308446594514 13.950027819606481 1033.3721202684101 55.405565853579901 15.549561632447874 1728.1557837321889 1292.8909568911768 195.43442272394896 3.9560535845812401 4.0070014148950568 8.2427253648638708 3.1242974130436769 6.5863558053970328 49.225324921309948 7.7265306413173667 4.5938784480094901 4.5710145924240351 13.476250338484538 3.2961060842499128 4.5954849347472182 3.2176208645105362
leaf_count=1000 87 1578 27 10573 27 13073 592 79 5369 296 82 7559 6371 844 84 36 52 16 29 855 33 20 27 144 42 23 17
internal_value=-1.11731e-06 0.00060191 -0.00332658 0.000393569 0.00318026 -0.000600779 -0.00302613 -0.00273738 0.000950728 -0.00223031 -0.0200056 0.00550215 -0.00137823 -0.00391815 0.0192669 0.027244 -0.00549775 0.00309853 -0.00836868 0.0347857 -0.0326784 -0.020422 0.0397363 -0.0368796 -0.0424804 -0.0333639 -0.0677734
internal_weight=10456.8 8851.71 1605.14 8754 2302.15 6451.85 2517.08 1577.44 3934.77 1551.17 70.9551 1734.72 1480.21 567.426 97.713 65.4311 12.2497 32.2819 24.5865 53.1814 26.2704 18.5439 7.69531 27.7001 24.5855 18.0717 6.51373
internal_count=48935 40801 8134 39615 10008 29607 11165 7881 18442 7749 378 7586 7371 2422 1186 1027 88 159 116 939 132 99 43 253 226 167 59
is_linear=0
shrinkage=0.05


Tree=136
num_leaves=31
num_cat=0
split_feature=4 9 22 24 18 14 39 40 4 7 1 4 6 16 30 9 7 17 17 7 4 24 16 36 39 4 1 39 36 27
split_gain=7.99552 9.80389 11.9245 16.5332 12.4684 10.1968 14.1637 15.1492 11.9104 9.91269 9.6043 9.57291 16.2426 8.89653 8.83966 7.74145 11.8772 8.47083 9.96235 6.7389 6.58944 7.52736 6.97602 9.68145 8.65063 6.14251 9.58436 4.61466 3.72649 1.58856
threshold=0.79050000000000009 1.8985000000000001 0.15000000000000002 2.5345000000000004 0.59166666666666679 1.2455000000000003 2.5190000000000006 0.72050000000000003 1.0680000000000003 0.26000000000000006 38.500000000000007 1.0605000000000002 0.35850000000000004 0.26000000000000006 1.5115000000000001 2.4905000000000004 0.075500000000000012 0.14900000000000002 0.18900000000000003 0.046500000000000007 0.25650000000000006 1.9665000000000001 0.26200000000000007 0.40250000000000008 2.7025000000000006 0.54750000000000021 8.5000000000000018 2.6845000000000003 0.57500000000000007 0.22650000000000003
decision_type=2 2 2 2 2 2 2 2 2 2 2 2 2 2 2 2 2 2 2 2 2 2 2 2 2 2 2 2 2 2
left_child=15 2 3 4 -2 6 7 -3 14 -5 -10 13 -13 -4 -7 16 25 27 -19 -8 21 -17 23 -22 -24 29 -27 -18 -23 -1
right_child=1 5 11 9 -6 8 19 -9 10 -11 -12 12 -14 -15 -16 20 17 18 -20 -21 22 28 24 -25 -26 26 -28 -29 -30 -31
leaf_value=-0.034265319213228694 0.0019813657880632758 3.6206314421958933e-05 -0.0026813122611166525 0.0017948075423943591 -0.0035435679674473315 0.013418227116690948 -0.025233066605011317 0.037848491385873033 0.024236280759984356 0.009074456877647628 0.0021025539126618155 -0.0073097246178832221 0.0026835573553431256 -0.015043994861199207 -0.00075081088331407583 0.18929561682978929 -0.017694117240493717 0.015761887440348142 -0.0040429920572610592 -0.0034512454795377224 -0.037262037069010691 -0.052526027845345095 -0.0064961068471638258 0.030242070846149823 0.048569646381923889 0.014498478716212971 -0.033771954852993787 0.0047065744192878777 0.0036332223139385863 -0.065706163300331522
leaf_weight=6.7237126133404699 2022.500935808057 69.343306090682745 294.56088253716007 1129.0321839745156 2062.5512624774128 165.09015524294227 39.892557434737682 42.862150344997644 164.68694403301924 798.28407548763789 69.777293980121613 682.24921735958196 1006.4270757259801 287.61852010339499 330.32875108812004 0.39133931882679363 146.24136451841332 72.446216687560081 514.06346229929477 323.16342575661838 5.9374348856508723 8.6029699943028373 64.025760056450963 50.386242963373661 8.0263138264417631 15.425723928958176 30.848585644736886 27.279642741195858 4.4985248662997028 9.9816865355242026
leaf_count=59 9173 305 1370 5118 9670 851 185 185 886 3849 302 2998 4375 1242 1566 5 777 333 2560 1410 32 518 289 240 35 92 154 134 112 110
internal_value=-1.05326e-06 0.000439916 -0.00017313 0.000992772 -0.000808185 0.00465352 -0.00104605 0.0144804 0.00836478 0.00481 0.0176492 -0.00326 -0.00135387 -0.00878894 0.00397079 -0.00433743 -0.00619688 -0.00446782 -0.00159668 -0.00584463 0.00644966 -0.0267888 0.00994316 0.023126 -0.000362001 -0.0270629 -0.0176808 -0.0141725 -0.0332432 -0.0530516
internal_weight=10453.2 9488.37 8283.22 6012.37 4085.05 1205.14 475.261 112.205 729.883 1927.32 234.464 2270.86 1688.68 582.179 495.419 964.879 823.01 760.031 586.51 363.056 141.869 13.4928 128.376 56.3237 72.0521 62.9797 46.2743 173.521 13.1015 16.7054
internal_count=48935 43485 37795 27810 18843 5690 2085 490 3605 8967 1188 9985 7373 2612 2417 5450 4219 3804 2893 1595 1231 635 596 272 324 415 246 911 630 169
is_linear=0
shrinkage=0.05


Tree=137
num_leaves=20
num_cat=0
split_feature=14 7 4 9 42 11 23 29 26 31 14 5 24 24 4 24 26 11 11
split_gain=7.82411 7.88906 8.72214 11.8962 9.94236 7.71714 7.51186 6.79966 7.19042 6.55145 5.11087 4.03408 0.0073686 0.00317096 0.000702202 0.000569274 0.000163578 0.000106667 2.29366e-06
threshold=1.0000000180025095e-35 0.57500000000000007 0.72900000000000009 2.2680000000000002 0.22850000000000004 52.500000000000007 -1.1374999999999997 1.7185000000000001 0.17050000000000004 0.83550000000000002 0.62750000000000006 0.19600000000000004 1.9665000000000001 0.61250000000000016 1.9665000000000001 1.0000000180025095e-35 0.32350000000000007 4.5000000000000009 3.5000000000000004
decision_type=2 2 2 2 2 2 2 2 2 2 2 2 2 2 2 2 2 2 2
left_child=12 2 5 4 -4 6 -2 -3 10 -5 -9 -10 13 15 16 18 -15 -17 -1
right_child=1 7 3 9 -6 -7 -8 8 11 -11 -12 -13 -14 14 -16 17 -18 -19 -20
leaf_value=-0.050147102020911397 0.034645024959345523 -0.067511121303049398 0.0049682254100261525 0.0086814859377090207 -0.00053381464373621925 0.065562752644695715 -0.0067215661557065449 0.042833886515413831 0.026520845575569038 0.03588831821348077 -0.026443890528940635 0.0065213901039783244 -0.05694538046742479 -0.052303680828441113 -0.05438420070764502 -0.052011963550975107 -0.053169438417702802 -0.051209100305936853 -0.050300483087467422
leaf_weight=1.0647903595818196 11.161028064787386 2.6121701411902896 908.72469033999369 194.09881798736751 8512.4630531142466 3.7853445112705222 656.96216222690418 3.212591182440522 66.876377931796014 24.973946474958211 15.540347036439924 40.474407200235873 0.88740596454590548 1.1290717911906547 0.89598791301250447 0.7191822532331571 1.0557712474837897 0.97395429108291864 0.31609664321877073
leaf_count=417 66 15 4012 1195 37990 16 3873 16 624 148 117 222 10 33 13 28 26 48 66
internal_value=-1.15838e-06 3.43769e-05 -0.000119175 0.000264724 -3.11302e-06 -0.0056272 -0.00603054 0.0123363 0.0139903 0.011783 -0.0145758 0.0189805 -0.0526859 -0.0520718 -0.0532054 -0.0509356 -0.052722 -0.0515501 -0.0501822
internal_weight=10447.9 10440.9 10312.2 9640.26 9421.19 671.909 668.123 128.716 126.104 219.073 18.7529 107.351 7.04226 6.15485 3.08083 3.07402 2.18484 1.69314 1.38089
internal_count=48935 48294 47300 43345 42002 3955 3939 994 979 1343 133 846 641 631 72 559 59 76 483
is_linear=0
shrinkage=0.05


Tree=138
num_leaves=24
num_cat=0
split_feature=3 17 4 9 23 24 8 19 8 15 21 8 41 6 3 2 34 25 36 24 14 14 14
split_gain=8.22519 8.62083 8.8459 11.637 11.7767 8.36654 10.6957 9.10861 8.00358 6.61977 5.26152 6.01966 5.97456 5.18938 5.23996 5.352 6.23166 5.03099 3.79943 0.0208371 0.00843544 0.00488531 0.00312859
threshold=0.33900000000000002 0.54000000000000015 1.2620000000000002 1.5250000000000001 -0.082499999999999934 2.2225000000000006 0.36666666666666675 1.9485000000000003 0.78888888888888908 -0.79649999999999987 4.5000000000000009 0.70000000000000007 0.43150000000000005 0.19600000000000004 1.0000000180025095e-35 5.5000000000000009 0.60050000000000014 506.50000000000006 0.44400000000000006 1.651 1.3270000000000002 0.89600000000000013 0.47350000000000003
decision_type=2 2 2 2 2 2 2 2 2 2 2 2 2 2 2 2 2 2 2 2 2 2 2
left_child=13 2 3 4 -2 7 -7 -4 -5 18 12 -12 -11 14 20 17 -17 -16 -3 21 22 -15 -1
right_child=1 9 5 8 -6 6 -8 -9 -10 10 11 -13 -14 19 15 16 -18 -19 -20 -21 -22 -23 -24
leaf_value=-0.050329953255695864 -0.0014728181967959481 0.0049516320018632848 -0.003330584480270789 0.0015627282161293549 -0.010034278182561555 0.0066901552165864108 0.00066233416572437421 0.0039953745160589355 -0.0038919815846657035 0.061882473151709916 0.048055266447434485 0.0075114107500099461 0.0064799650258558425 -0.056011015348737092 0.04345339282081849 -0.0078107702673968346 -0.058419458693652504 -0.0042367045686598137 -0.055226004986193469 -0.063641825104646277 -0.056184840449199747 -0.059616638063973507 -0.053026260741803638
leaf_weight=1.514453253650571 984.20004415651783 4.9467217400670034 1392.9289102274925 2547.0262196171097 678.6267002299428 1219.8120226911269 1855.0950105311349 610.14106905180961 913.73277214029804 5.0841541313566259 21.022988386452198 16.217421168461442 113.49645137833431 1.9965504286810749 6.7394454702734938 18.14933625608683 9.148864680901168 30.81977915763855 5.5835616365075111 2.4341631475836039 1.8359342720359562 1.7743264334276316 3.7147400846006349
leaf_count=491 4434 25 6031 11390 3166 5602 8430 2906 4784 38 97 86 869 29 32 100 55 170 32 19 28 16 105
internal_value=-1.11415e-06 0.000120679 -6.34314e-05 -0.0015292 -0.00496689 0.0014155 0.00305356 -0.00109908 0.000122539 0.0114113 0.0140042 0.0303993 0.00885535 -0.0161637 -0.0123787 -0.00792437 -0.024772 0.00432058 -0.0269569 -0.0600355 -0.0532691 -0.0577076 -0.0522454
internal_weight=10446 10367.9 10201.6 5123.59 1662.83 5077.98 3074.91 2003.07 3460.76 166.351 155.821 37.2404 118.581 78.1276 71.9226 64.8574 27.2982 37.5592 10.5303 6.20504 7.06513 3.77088 5.22919
internal_count=48935 47890 46743 23774 7600 22969 14032 8937 16174 1147 1090 183 907 1045 981 357 155 202 57 64 624 45 596
is_linear=0
shrinkage=0.05


Tree=139
num_leaves=27
num_cat=0
split_feature=13 16 13 18 18 14 3 12 42 26 7 22 17 26 17 44 42 27 40 17 1 44 44 5 30 7
split_gain=7.78482 10.2096 9.50569 10.7824 13.5049 9.04161 9.53862 8.64196 8.62508 8.01444 7.82398 7.53635 7.03775 6.64926 14.9068 7.57514 5.16256 7.0655 6.47907 5.71086 4.04804 2.40789 2.67622 5.02215 3.64562 0.101918
threshold=0.40350000000000003 0.036500000000000005 1.0410000000000001 0.36666666666666675 0.29999999999999999 2.0930000000000004 0.88350000000000006 9.5000000000000018 0.30650000000000005 0.58050000000000013 0.16350000000000003 0.12222222222222222 0.38300000000000006 0.47300000000000003 0.32700000000000007 0.50300000000000011 0.28450000000000003 0.33300000000000007 0.78000000000000014 0.19600000000000004 4.5000000000000009 0.47050000000000003 0.48650000000000004 -1.0000000180025095e-35 1.5885000000000002 0.28300000000000008
decision_type=2 2 2 2 2 2 2 2 2 2 2 2 2 2 2 2 2 2 2 2 2 2 2 2 2 2
left_child=16 5 8 4 -4 6 11 -5 10 -10 -3 -2 -8 15 -15 -7 17 18 20 -20 -1 25 23 -23 -24 -18
right_child=1 2 3 7 -6 13 12 -9 9 -11 -12 -13 -14 14 -16 -17 21 -19 19 -21 -22 22 24 -25 -26 -27
leaf_value=-0.033271305712818097 0.016255554378217945 -0.0063595435256122062 0.0012682286840993888 0.0034781793995835824 0.011187775884901998 -0.003292573763723149 0.032057875300106044 -0.0012645014609071062 -0.018716271927476991 0.0026858335399132811 -0.00027096600701029922 -0.027061185903869762 0.011364126346824301 0.00038188766077210508 -0.059496429159362485 0.041214611367970146 -0.063034392982576071 0.090082184115096275 -0.031457762267962056 0.098737949197024749 -0.0066603448049520316 0.053324220290232843 -0.049508862783603183 -0.044756373443113777 0.016783164743511377 -0.07956288260746297
leaf_weight=18.331467296753544 18.878884200006723 693.03359686490148 1025.9263445977122 1252.7120793797076 515.54406507685781 29.442408699775115 72.332324494607747 4117.9441095590591 145.19960850919597 62.601033642422408 2210.8876123110531 21.450227688997984 95.111177322454751 40.312046095263213 14.005119757493956 14.157322138082234 2.018858738243583 1.8138787769712497 1.274390944046899 2.4839258037391119 64.838167300680652 2.5806659907102585 11.978674594720358 2.6406569663668078 2.5081493398174635 1.7334954931866375
leaf_count=618 106 3419 4412 6754 2288 233 503 17634 653 270 9831 111 771 282 82 130 28 17 30 28 470 14 172 35 30 14
internal_value=-1.16058e-06 0.000141127 -0.000133382 0.00089971 0.00458582 0.00914255 0.0150457 -0.000158265 -0.00242821 -0.0122688 -0.00172403 -0.00678373 0.0203034 -0.00338361 -0.0150571 0.0111594 -0.0131004 -0.00758594 -0.00962393 0.0545905 -0.0125257 -0.0339596 -0.0269701 0.00372047 -0.0380315 -0.0706701
internal_weight=10441.7 10329.5 10023.8 6912.13 1541.47 305.69 207.773 5370.66 3111.72 207.801 2903.92 40.3291 167.444 97.9169 54.3172 43.5997 112.202 88.7418 86.928 3.75832 83.1696 23.4605 19.7081 5.22132 14.4868 3.75235
internal_count=48935 47479 45261 31088 6700 2218 1491 24388 14173 923 13250 217 1274 727 364 363 1456 1163 1146 58 1088 293 251 49 202 42
is_linear=0
shrinkage=0.05


Tree=140
num_leaves=23
num_cat=0
split_feature=3 12 7 17 24 59 41 41 27 13 14 14 16 14 14 1 3 13 11 36 29 10
split_gain=7.62219 7.54552 7.41522 12.7043 12.1192 9.59712 7.72304 8.98177 8.50263 3.77722 0.00743823 0.00270576 0.00217368 0.000308033 8.42415e-05 4.22787e-05 3.16647e-05 2.47757e-05 1.71405e-06 4.04542e-08 5.05068e-09 2.20221e-09
threshold=1.0000000180025095e-35 1.5000000000000002 0.31700000000000006 0.075500000000000012 2.1665000000000005 5.5000000000000009 0.41550000000000004 0.44500000000000006 0.22550000000000003 0.98350000000000015 1.3270000000000002 0.47350000000000003 0.24550000000000002 0.82700000000000007 1.0000000180025095e-35 1.0000000180025095e-35 1.9835000000000003 1.9650000000000001 3.5000000000000004 0.56100000000000005 3.1895000000000002 14.500000000000002
decision_type=2 2 2 2 2 2 2 2 2 2 2 2 2 2 2 2 2 2 2 2 2 2
left_child=10 9 6 4 -4 -5 8 -8 -3 19 11 14 -13 -14 18 16 -11 -17 -1 21 -21 -2
right_child=1 2 3 5 -6 -7 7 -9 -10 15 -12 12 13 -15 -16 17 -18 -19 -20 20 -22 -23
leaf_value=-0.050132877731794562 -0.050108216250287989 0.03641777322764287 -0.027643098735888213 0.012152055834885976 -0.0016701724365243292 0.0022402613861612075 -0.0072083734677716492 -0.00046831969721082247 0.0025299196430793058 0.050891143172725743 -0.055925061405137588 -0.05516680989878036 -0.051668180433114844 -0.052729038365212859 -0.051291020486340093 0.050653740031199712 0.050437706958076402 0.050349136186510761 -0.050272245980383524 -0.050129531152686937 -0.050146779950275333 -0.05011376254692064
leaf_weight=0.95895415951963403 0.44311942427884676 28.785700952634215 63.215353450039402 277.39731829578523 155.1290666225832 2041.7531145717949 530.32959539699368 7271.9185666993726 51.852312922477722 3.0547959357500063 1.7616934478282926 0.807433555950411 1.3277475321665408 1.4118872629478572 0.19163868948817242 5.7677153749391437 0.44054490607231844 0.75494566978886712 0.28653509204741567 0.22870855033397675 0.05210915906354785 0.30024278117343783
leaf_count=417 206 130 353 1735 788 9007 2385 32402 244 181 28 19 53 33 8 460 52 128 66 89 18 133
internal_value=-1.18409e-06 3.31753e-05 -1.05999e-05 0.00234028 -0.00918989 0.00342583 -0.000767346 -0.00092645 0.014627 0.0413434 -0.0531324 -0.0521453 -0.0528869 -0.0522149 -0.0503151 0.0506937 0.050834 0.0506185 -0.0501649 -0.0501166 -0.0501327 -0.0501105
internal_weight=10438.2 10431.4 10420.4 2537.49 218.344 2319.15 7882.89 7802.25 80.638 11.0422 6.74589 4.9842 3.54707 2.73963 1.43713 10.018 3.49534 6.52266 1.24549 1.02418 0.280818 0.743362
internal_count=48935 48311 47044 11883 1141 10742 35161 34787 374 1267 624 596 105 86 491 821 233 588 483 446 107 339
is_linear=0
shrinkage=0.05


Tree=141
num_leaves=28
num_cat=0
split_feature=13 11 41 27 22 13 24 1 42 8 4 4 1 13 27 14 12 24 24 17 22 1 27 26 4 1 1
split_gain=7.5272 9.36153 11.3505 12.3074 11.729 10.9722 10.8114 10.6538 10.0958 8.83864 8.45446 7.9828 6.91821 5.9034 5.85873 7.87725 5.31364 4.96351 13.0684 5.94537 4.35953 7.14325 3.87249 1.75587 0.00170182 0.000258139 6.63305e-07
threshold=0.65100000000000013 18.500000000000004 0.41550000000000004 0.22550000000000003 0.45555555555555566 0.90250000000000019 2.1115000000000008 46.500000000000007 0.24350000000000002 0.29999999999999999 1.0815000000000003 0.66100000000000014 44.500000000000007 1.0000000180025095e-35 0.21000000000000002 1.8250000000000004 23.500000000000004 1.8465000000000003 1.8745000000000003 0.49150000000000005 0.51666666666666683 50.500000000000007 0.21600000000000003 0.62850000000000017 1.0000000180025095e-35 3.5000000000000004 3.5000000000000004
decision_type=2 2 2 2 2 2 2 2 2 2 2 2 2 2 2 2 2 2 2 2 2 2 2 2 2 2 2
left_child=12 7 3 22 6 -6 -4 8 10 -5 -2 -10 13 24 16 -16 -9 19 -19 -15 21 -14 -3 -22 26 -26 -1
right_child=1 2 4 9 5 -7 -8 14 11 -11 -12 -13 20 17 15 -17 -18 18 -20 -21 23 -23 -24 -25 25 -27 -28
leaf_value=-0.05010458985361893 0.0005096535820422654 0.041462423612405888 -0.0041256925562961656 -0.038806809855611184 -0.02373661471277631 -0.0048283031720541643 0.0009101139062837291 0.09057998446920161 -0.008722227760455217 0.019318519777002632 0.010724251946270877 0.0013207402386959813 -0.047095623896631467 -0.040828510142220838 0.040417215246440909 -0.035745500863296552 0.031425334359736323 0.1161284494325342 -0.0030432787850962133 -0.0019968876374263792 -0.028299732437638964 0.024359322233688863 0.094116078271969744 -0.071880014686357907 -0.051687258543551579 -0.052428113631264539 -0.050211059742797527
leaf_weight=1.0748992378939863 330.34053499647416 14.647823408246042 1481.865378536284 8.9188601076602918 97.312657192349434 362.62850384414196 3796.2764375060797 5.6441123783588472 212.09935384150594 24.523473709821701 523.75397732108831 2948.4978947162163 7.4588118493556994 19.213118309620768 7.7540980428457242 6.0388780683279037 11.595249280333517 2.3105445876717559 527.03475820319727 20.241985843051225 3.5595227330923063 6.5858856365084648 4.5850497782230368 6.5908890068531036 1.7817547288723288 3.4571908125653863 0.16932923183776427
leaf_count=563 1687 62 6395 41 429 1523 16169 24 1126 109 2554 14741 36 180 34 25 48 12 2692 154 19 33 20 33 86 94 46
internal_value=-1.13185e-06 0.000330371 -0.000958929 0.0221453 -0.00117102 -0.00882885 -0.000503715 0.00217578 0.0019502 0.00381686 0.00677352 0.000646783 -0.00544056 -0.00433902 0.0313597 0.00707145 0.0507924 -0.00379827 -0.0025231 -0.0209064 -0.0316319 -0.0135887 0.0540149 -0.0565974 -0.0517814 -0.0521762 -0.0501191
internal_weight=10436 9836.48 5790.76 52.6752 5738.08 459.941 5278.14 4045.72 4014.69 33.4423 854.095 3160.6 599.479 575.284 31.0323 13.793 17.2394 568.8 529.345 39.4551 24.1951 14.0447 19.2329 10.1504 6.48317 5.23895 1.24423
internal_count=48935 44987 24748 232 24516 1952 22564 20239 20108 150 4241 15867 3948 3827 131 59 72 3038 2704 334 121 69 82 52 789 180 609
is_linear=0
shrinkage=0.05


Tree=142
num_leaves=30
num_cat=0
split_feature=24 19 23 18 19 5 24 24 24 36 4 26 7 28 23 23 4 11 20 21 7 36 19 27 4 4 0 42 16
split_gain=7.36618 8.31237 10.898 10.1225 9.87785 12.0196 10.0444 9.38649 8.73152 7.77831 7.68533 7.00587 5.63862 5.18601 4.25715 4.95979 5.17532 6.21867 5.12773 5.4802 4.14714 4.11125 4.05599 3.51794 2.94374 2.83549 3.18565 1.16633 0.603393
threshold=1.2565000000000002 2.3170000000000006 0.16000000000000006 0.78888888888888908 1.7635000000000003 0.63800000000000012 2.1010000000000004 3.0385000000000004 2.4190000000000005 0.56850000000000012 1.5400000000000003 0.42450000000000004 0.19600000000000004 0.26450000000000007 -0.33399999999999991 -0.66649999999999976 1.5690000000000002 11.500000000000002 9.5000000000000018 -7.4999999999999991 0.24550000000000002 0.34200000000000003 2.6570000000000005 0.25150000000000006 0.96650000000000003 0.7400000000000001 9.5000000000000018 0.24050000000000002 0.19600000000000004
decision_type=2 2 2 2 2 2 2 2 2 2 2 2 2 2 2 2 2 2 2 2 2 2 2 2 2 2 2 2 2
left_child=14 3 8 4 6 -6 -2 10 13 23 -5 -9 -11 -3 15 18 20 -18 21 -20 -17 -1 -10 -4 25 26 -16 -26 -29
right_child=1 2 9 7 5 -7 -8 11 22 12 -12 -13 -14 -15 24 16 17 -19 19 -21 -22 -23 -24 -25 27 -27 -28 28 -30
leaf_value=0.035193820995087097 -0.0048343770357263567 -0.028270060586740305 -0.085082375184874978 -0.011092712493599983 0.0059898468483701485 -0.0052041813360328704 0.00033589941675909784 0.037149599583811165 0.02358452036023764 0.054439250946524444 0.00038471858831337809 -0.0031061193219983131 -0.029312182800413457 0.008617295749483193 -0.063729470464033544 -0.058679150330802836 0.06940482152891525 -0.0096963959711624526 -0.015709447405931689 0.014768352905932466 0.0066596225804750157 -0.039041636981959969 0.06112585410710189 -0.029434407342759785 -0.016249038625617478 0.10014326238260809 0.049432469562038284 -0.085685416480354826 -0.053004390505868415
leaf_weight=2.0275962594896582 1095.231838930049 9.9419457614421827 5.1099946722388285 446.13480704370886 1299.84071718622 294.05353751545772 6600.7144237780012 21.278555162250996 34.202295964583755 3.7767181359231454 216.69494859874249 21.96450733486563 4.2953507527709007 229.05002006795257 1.6016148555208927 3.1775863061193403 6.298557441448791 4.103417843580246 51.099255146691576 20.733824997907504 10.302478863042777 23.265190740348771 9.1114544756710512 6.3935252726078033 1.8357528904452909 0.60711652785539616 1.0167321709450332 1.8261592768831159 6.2331780688837171
leaf_count=25 5475 70 27 1916 5768 1333 30158 106 180 21 920 102 22 1194 106 43 41 23 302 353 89 335 121 30 27 4 53 19 72
internal_value=-1.33056e-06 0.000150304 0.00832466 -9.65656e-05 0.000342089 0.00392469 -0.000399897 -0.00586797 0.0108263 -0.0277521 -0.00734046 0.0167025 0.00987301 0.0070828 -0.0116431 -0.00870996 0.011704 0.0382006 -0.0137295 -0.00691237 -0.00874235 -0.0330906 0.0314817 -0.0541539 -0.0386952 0.00278662 -0.0197875 -0.0522168 -0.0604096
internal_weight=10431.9 10297.8 301.881 9995.91 9289.84 1593.89 7695.95 706.073 282.306 19.5756 662.83 43.2431 8.07207 238.992 134.128 121.008 23.882 10.402 97.1259 71.8331 13.4801 25.2928 43.3138 11.5035 13.1206 3.22546 2.61835 9.89509 8.05934
internal_count=48935 47443 1665 45778 42734 7101 35633 3044 1565 100 2836 208 43 1264 1492 1211 196 64 1015 655 132 360 301 57 281 163 159 118 91
is_linear=0
shrinkage=0.05


Tree=143
num_leaves=27
num_cat=0
split_feature=14 2 40 40 18 7 24 13 36 13 3 33 3 0 18 13 3 13 1 23 11 22 5 36 3 10
split_gain=7.23216 7.241 7.27633 14.088 10.7573 10.6799 10.2512 8.94899 8.83723 3.4247 0.00586559 0.00163576 0.000623069 0.000138261 0.000115629 0.000200001 3.54041e-05 2.38987e-05 2.34506e-05 1.15521e-05 1.40601e-06 7.1446e-07 2.99009e-07 3.01287e-08 3.79381e-09 1.82028e-09
threshold=1.0000000180025095e-35 1.5000000000000002 0.72050000000000003 0.72800000000000009 1.0000000180025095e-35 0.48200000000000004 1.6665000000000003 1.8040000000000003 0.57350000000000001 0.98350000000000015 0.96650000000000003 0.30100000000000005 1.0000000180025095e-35 9.5000000000000018 0.93333333333333346 1.2405000000000002 1.9835000000000003 1.9650000000000001 1.0000000180025095e-35 -1.4909999999999997 3.5000000000000004 -0.5166666666666665 -1.0000000180025095e-35 0.56100000000000005 2.9500000000000006 14.500000000000002
decision_type=2 2 2 2 2 2 2 2 2 2 2 2 2 2 2 2 2 2 2 2 2 2 2 2 2 2
left_child=10 9 4 7 8 -5 -6 -4 -3 23 12 13 20 -12 15 -14 18 -18 -11 -16 22 -22 -1 25 -25 -2
right_child=1 2 3 5 6 -7 -8 -9 -10 16 11 -13 14 -15 19 -17 17 -19 -20 -21 21 -23 -24 24 -26 -27
leaf_value=-0.050135611011398629 -0.050097614817400271 -0.031808063467539546 0.0047678122253773233 -0.00042304579208940263 -0.012795076169572825 0.0097200096367755975 -0.00089958584772747627 0.019906489633670654 0.028592770936718272 0.050840145478851198 -0.052554805602840017 -0.055236309356520644 -0.051321415505355628 -0.053444591236412098 -0.051317554463430337 -0.052593278630322197 0.050620427017385908 0.050351893126422513 0.050624020408555903 -0.050933123155733256 -0.050187165411836744 -0.050351562698345155 -0.050039758969804699 -0.050115682675098076 -0.050128672837161742 -0.050102918375499989
leaf_weight=0.80994534119963668 0.39986719377338786 47.548804476391524 826.3651565866312 6237.7079462404363 194.04503555479459 270.78406664822251 2717.6018479915801 110.69665520451963 6.9396105585619798 2.8863322893157584 0.83951005060225747 1.5819561397656796 0.67542135412804805 0.90964853577315807 0.39558388758450747 0.56989638786762953 3.2725033983588219 1.1094356367830185 2.220851412974298 0.38619886385276903 0.15845908829942346 0.11337411298882216 0.090447913389652079 0.169942413456738 0.083982750773429871 0.27173005859367549
leaf_count=302 206 253 3752 27770 1036 1513 12151 518 34 181 25 26 35 17 17 14 275 180 185 24 45 21 115 74 33 133
internal_value=-1.34545e-06 3.16143e-05 -1.00682e-05 0.000824213 -0.00210427 -1.04669e-06 -0.00169235 0.00655617 -0.0241155 0.0417022 -0.0526027 -0.0540712 -0.0510736 -0.0530175 -0.0516043 -0.0519035 0.0506567 0.0505524 0.0507462 -0.0511276 -0.0501561 -0.0502557 -0.050126 -0.0501053 -0.05012 -0.0500998
internal_weight=10428.6 10422.1 10411.7 7445.55 2966.14 6508.49 2911.65 937.062 54.4884 10.4146 6.53044 3.33111 3.19933 1.74916 2.0271 1.24532 9.48912 4.38194 5.10718 0.781783 1.17223 0.271833 0.900393 0.925522 0.253925 0.671597
internal_count=48935 48294 47027 33553 13474 29283 13187 4270 287 1267 641 68 573 42 90 49 821 455 366 41 483 66 417 446 107 339
is_linear=0
shrinkage=0.05


Tree=144
num_leaves=31
num_cat=0
split_feature=39 40 14 36 41 40 7 17 3 5 6 14 25 41 59 30 25 6 5 36 21 32 15 20 7 6 40 17 35 43
split_gain=7.1228 8.84045 10.5999 9.76808 10.5725 9.20277 11.0798 10.9241 8.01873 7.75523 7.61274 7.61242 6.9569 7.3428 6.78468 7.61353 6.34589 11.4198 8.02308 8.03142 6.32465 6.27383 5.98556 5.68912 5.49482 5.41652 4.88896 4.43477 3.77156 2.32345
threshold=2.7295000000000003 0.72050000000000003 0.47350000000000003 0.60300000000000009 0.41550000000000004 0.72800000000000009 0.5415000000000002 0.081500000000000017 1.8365000000000002 0.70200000000000007 0.65450000000000019 1.1960000000000002 505.50000000000006 0.52000000000000013 7.5000000000000009 1.6610000000000003 510.50000000000006 0.54000000000000015 0.47500000000000003 0.57800000000000007 5.5000000000000009 0.44050000000000006 -1.7099999999999997 -3.4999999999999996 0.30200000000000005 0.45250000000000007 0.70200000000000007 0.14050000000000004 0.76650000000000007 0.79550000000000021
decision_type=2 2 2 2 2 2 2 2 2 2 2 2 2 2 2 2 2 2 2 2 2 2 2 2 2 2 2 2 2 2
left_child=1 2 26 4 -4 14 11 -8 16 10 28 -7 13 -11 20 -16 17 23 19 -18 -3 -19 -5 -2 -14 -20 27 -1 -10 -28
right_child=8 5 3 22 -6 6 7 -9 9 12 -12 -13 24 -15 15 -17 18 21 25 -21 -22 -23 -24 -25 -26 -27 29 -29 -30 -31
leaf_value=-0.047340513848319332 0.0052709456273697074 0.011592088687685742 0.014544553093982303 -0.13470063959996711 -0.0030070681802075805 -0.0018427023758844344 -0.032627939301949793 0.023750498637673895 0.025700752798368132 -0.083057214982073579 -0.040185139772884571 0.0018595764664578942 -0.0020254142624518087 -0.0048917716081778272 0.0034862848754694271 0.04351743987160861 -0.0025506608394248293 -0.076682497448507636 -0.030410633947151735 -0.035006898642663889 0.041322352815800691 -0.026734331154778898 0.0096764003774309007 -0.01295084826760164 0.026171123203167109 0.027451270702347059 -0.062039721919395246 0.013125415968961843 0.070389915548433268 -0.00064526632101068702
leaf_weight=5.0519313067197817 53.487866326700896 128.55791528016562 88.711382451234385 0.72053046594373782 2613.3601855970919 2356.0166488284012 9.5957732647657377 82.146087373723276 25.79419722547755 4.9977625859901291 3.8976359348744145 3380.7588731707074 93.862465766840614 7.5332720421720296 772.62406692653894 12.063080340623854 222.03219929750776 9.0727782278554532 4.6448470279574385 20.850506405113265 20.780257269274443 20.474083282286301 194.73067356063984 215.08458130329382 21.176561575382948 31.297689798637293 11.970276481821198 7.5857859890093096 5.7789985421113661 1.7687480918830267
leaf_count=87 238 893 424 13 12151 10983 48 675 145 24 21 15486 480 40 3363 53 1017 44 23 104 121 92 897 1006 108 145 155 57 29 13
internal_value=-1.28921e-06 0.000359919 -0.00193728 -0.00165005 -0.00243083 0.00135315 0.000614781 0.0178536 -0.00472952 0.00506155 0.0257419 0.0003391 -0.00068862 -0.0360666 0.00596074 0.00410169 -0.00749641 -0.0125677 -0.00207417 -0.0053369 0.015729 -0.0420716 0.00914415 -0.00932187 0.00316505 0.0199738 -0.0334904 -0.0110459 0.0338804 -0.0541359
internal_weight=10426.4 9686.44 2923.9 2897.52 2702.07 6762.54 5828.52 91.7419 739.985 163.041 35.4708 5736.78 127.57 12.531 934.025 784.687 576.945 298.119 278.825 242.883 149.338 29.5469 195.451 268.572 115.039 35.9425 26.3767 12.6377 31.5732 13.739
internal_count=48935 45419 13797 13485 12575 31622 27192 723 3516 847 195 26469 652 64 4430 3416 2669 1380 1289 1121 1014 136 910 1244 588 168 312 144 174 168
is_linear=0
shrinkage=0.05


Tree=145
num_leaves=27
num_cat=0
split_feature=4 2 4 9 23 7 30 24 25 14 13 30 13 17 32 8 20 14 4 37 1 11 1 37 42 4
split_gain=7.18582 7.17598 6.76549 8.98009 10.3041 7.71264 8.50989 8.4397 6.93615 2.81548 0.00306193 0.00111185 0.000644062 0.000438299 0.000122045 0.000113525 2.97986e-05 2.45591e-05 1.64608e-05 1.12224e-05 5.94836e-07 1.62044e-07 1.21101e-07 5.38959e-09 1.7803e-09 5.37729e-10
threshold=1.0000000180025095e-35 1.5000000000000002 1.5085000000000002 1.8685000000000003 1.2540000000000002 0.43400000000000005 1.2925000000000002 2.3485000000000005 508.50000000000006 0.98350000000000015 0.7965000000000001 1.5720000000000003 1.0000000180025095e-35 0.24550000000000002 0.50150000000000017 0.81666666666666676 3.5000000000000004 1.9835000000000003 1.9665000000000001 0.49700000000000005 3.5000000000000004 1.0000000180025095e-35 1.5000000000000002 0.44850000000000007 0.24350000000000002 2.8450000000000006
decision_type=2 2 2 2 2 2 2 2 2 2 2 2 2 2 2 2 2 2 2 2 2 2 2 2 2 2
left_child=10 9 5 4 -4 7 -7 -3 -5 23 12 13 20 14 -12 -14 18 -18 -11 -17 22 -22 -1 25 -25 -2
right_child=1 2 3 8 -6 6 -8 -9 -10 16 11 -13 15 -15 -16 19 17 -19 -20 -21 21 -23 -24 24 -26 -27
leaf_value=-0.0500381857118831 -0.050117231258671582 -0.0039347219351043234 0.0021107470583398465 -0.00438754178714937 -0.032833703324890814 -0.033434168302246117 0.0059254293176832784 -0.0001227060839868096 0.053423929726343827 0.050589143478913613 -0.051765653316481135 -0.054906533456871368 -0.05198071750065069 -0.053529542237783993 -0.052655236857076161 -0.051432335758534113 0.050801591481104129 0.050368740845605331 0.050333303549949207 -0.051115623153726378 -0.050146981406408303 -0.050247730262434509 -0.05010011372969362 -0.050134814627772195 -0.050128159413286313 -0.050123643952145774
leaf_weight=0.086685726360882898 0.10931830503977735 2041.1375235025771 2741.9518029710744 7.9577342625707415 21.259270332753658 14.09339679405093 536.90309893770609 5030.2711070254445 14.908668389543889 5.1987320072948915 0.79211261216551132 0.76176733896136273 0.98175829544197779 1.0324865754228083 0.7511930214241147 0.48179931426420808 2.7275619022548203 0.37244716426357616 0.71520969877019513 0.6668006437830627 0.077746521448716521 0.082011882797814906 0.88380461581982672 0.12802102603018284 0.46722008148208261 0.046636856161057949
leaf_count=115 47 9400 12481 52 100 68 2748 22093 97 459 29 12 33 23 18 19 179 52 131 34 27 19 448 48 184 19
internal_value=-1.22599e-06 3.181e-05 -8.38376e-06 0.00210012 0.0018419 -0.000779068 0.00491869 -0.00122303 0.033305 0.0428736 -0.0521638 -0.0532284 -0.0510741 -0.0527321 -0.0521987 -0.0515859 0.050624 0.0507496 0.0505582 -0.0512485 -0.0501093 -0.0501987 -0.0500946 -0.0501274 -0.0501296 -0.0501191
internal_weight=10424.8 10418.2 10408.5 2786.08 2763.21 7622.41 550.996 7071.41 22.8664 9.76515 6.59817 3.33756 3.26061 2.57579 1.54331 2.13036 9.01395 3.10001 5.91394 1.1486 1.13025 0.159758 0.97049 0.751196 0.595241 0.155955
internal_count=48935 48158 47039 12730 12581 34309 2816 31493 149 1119 777 82 695 70 47 86 821 231 590 53 609 46 563 298 232 66
is_linear=0
shrinkage=0.05


Tree=146
num_leaves=21
num_cat=0
split_feature=3 17 13 43 44 9 36 5 34 28 33 25 3 22 10 7 16 23 14 16
split_gain=7.1643 7.31275 7.7289 7.6068 10.9689 7.86256 7.37689 6.16104 5.62809 6.32045 5.00624 3.98055 3.48335 3.50281 5.55598 4.72697 3.41699 3.38281 0.00623708 0.00235516
threshold=0.33900000000000002 0.54000000000000015 2.2245000000000004 0.69350000000000012 0.53500000000000014 0.55800000000000016 0.37300000000000005 -0.54349999999999998 0.37500000000000006 0.11750000000000001 0.26050000000000006 503.50000000000006 1.0000000180025095e-35 -0.49166666666666659 4.5000000000000009 0.32700000000000007 0.80400000000000016 0.24999999999999997 1.3270000000000002 0.24550000000000002
decision_type=2 2 2 2 2 2 2 2 2 2 2 2 2 2 2 2 2 2 2 2
left_child=11 2 3 4 -2 -5 16 -8 17 -10 -11 -1 18 14 -14 -15 -4 -3 19 -13
right_child=1 8 6 5 -6 -7 7 -9 9 10 -12 12 13 15 -16 -17 -18 -19 -20 -21
leaf_value=0.059079165907570279 -0.0098898552945341379 0.015000004675788416 -0.011182359193808276 0.007424175035742735 0.0035110212388158972 -0.00020298037749514106 -0.00021014848392948384 0.015498633216159276 -0.066085737325476832 0.01720813524114392 -0.0011769924875445936 -0.054431218177520169 -0.012113701457844831 -0.040270066165522374 0.044900051432016946 -0.0078468776850213993 -0.068497580447991743 0.081355958658194394 -0.055675017391748807 -0.051518849479018941
leaf_weight=1.7594884643331159 453.55481893976685 3.4403329980559638 7.4419772624969465 351.28324576281011 230.20250140246935 8864.1487241745926 98.096850328613073 171.61400927603245 2.7898260829970232 92.519294191268273 61.73298220243305 0.85604384978068893 16.816289397887889 19.615383443422616 5.7287980914115897 26.330737176816911 3.9971184292808175 4.3482666537165642 1.6318802940659223 3.6710727110039443
leaf_count=13 2064 33 40 1801 1058 40240 610 904 15 600 473 138 106 129 30 147 26 26 27 455
internal_value=-1.11995e-06 0.000111547 -5.76061e-05 -0.000289782 -0.00537814 8.77593e-05 0.00811722 0.00978517 0.0105588 0.00850127 0.00985026 -0.0152552 -0.0170072 -0.0137684 0.00237372 -0.021689 -0.0312098 0.0520456 -0.0530249 -0.0520696
internal_weight=10421.6 10345.2 10180.3 9899.19 683.757 9215.43 281.15 269.711 164.831 157.042 154.252 76.4097 74.6502 68.4912 22.5451 45.9461 11.4391 7.7886 6.159 4.52712
internal_count=48935 47890 46743 45163 3122 42041 1580 1514 1147 1088 1073 1045 1032 412 136 276 66 59 620 593
is_linear=0
shrinkage=0.05


Tree=147
num_leaves=28
num_cat=0
split_feature=13 16 1 8 21 11 24 42 7 13 23 39 7 19 39 18 26 13 15 17 25 32 3 37 26 23 16
split_gain=7.05107 10.0964 11.0442 8.12866 10.147 10.0495 9.59386 10.3227 8.61959 8.04822 7.55519 6.89962 10.436 7.46316 7.94677 9.01877 6.81535 6.46067 5.81056 5.79288 5.57983 5.05152 4.30681 3.11929 3.03509 2.67377 0.0445162
threshold=0.7380000000000001 0.16350000000000003 45.500000000000007 0.74166666666666681 -17.499999999999996 13.500000000000002 2.7015000000000007 0.28600000000000003 0.08900000000000001 1.0680000000000003 1.6670000000000005 2.4010000000000002 0.075500000000000012 0.93000000000000016 2.4595000000000007 0.074999999999999969 0.61650000000000016 0.44600000000000006 -0.46899999999999992 0.56650000000000011 507.50000000000006 0.51750000000000018 1.5400000000000003 0.53700000000000014 0.44950000000000007 0.87050000000000016 0.28300000000000008
decision_type=2 2 2 2 2 2 2 2 2 2 2 2 2 2 2 2 2 2 2 2 2 2 2 2 2 2 2
left_child=11 2 9 6 -5 -6 7 -3 -8 10 -2 12 -1 14 15 -13 -11 26 -16 -19 23 22 -4 -14 -22 -23 -15
right_child=1 3 21 4 5 -7 8 -9 -10 16 -12 13 20 17 18 -17 -18 19 -20 -21 24 25 -24 -25 -26 -27 -28
leaf_value=-0.060708699866487331 0.0015908637397448692 0.00044224533338490932 0.060674485258343971 0.069687456557049346 0.0036179029749849735 -0.0080468135598354435 -0.0063813720642630417 -0.0050023525059349058 0.0039219566773437574 0.026729699817103228 0.051173294235998472 -0.062626068931349088 0.091229088536025196 -0.061686566872760341 -0.0022044876419616759 -0.010348269850035875 -0.0060295362483790971 -0.013882520042902961 0.02013398835904525 0.021880728179267363 0.04096389396705908 0.081286566497785262 0.0061000156631395436 0.031380852034221939 0.00011980056988631185 0.036872360546744851 -0.05362716006556241
leaf_weight=3.6604343515355131 448.47355160303414 4205.404238527175 4.7050372213125256 4.5951987802982321 255.93301335116848 662.90048146992922 222.13482829555869 1097.8352580268402 2355.0767495157197 67.018061397131532 7.8168981736525884 10.850870675756594 4.5066559463739413 4.8756173898582338 734.05310952523723 34.418651206418872 20.805607947520912 176.31559684150852 30.312701701652259 12.100031168200074 6.9903491722652715 6.5010122209787351 15.605029016733168 4.2119960687123239 13.019788982695898 7.0778769999742508 2.641715117264539
leaf_count=39 2354 19008 20 19 1225 2827 1130 4914 10512 542 156 79 19 166 4075 162 120 1038 151 68 42 27 65 21 69 29 58
internal_value=-1.10534e-06 0.00043152 0.00683299 1.12425e-05 -0.00442705 -0.00479771 0.000531321 -0.000684853 0.00303389 0.00510812 0.00244028 -0.00391151 0.0188027 -0.00464314 -0.00252412 -0.022879 0.018969 -0.0133994 -0.0013186 -0.0115858 0.0289335 0.0345272 0.0187428 0.0623163 0.0143883 0.0581361 -0.0588544
internal_weight=10419.8 9381.88 578.003 8803.88 923.429 918.833 7880.45 5303.24 2577.21 544.114 456.29 1037.96 32.3892 1005.57 809.635 45.2695 87.8237 195.933 764.366 188.416 28.7288 33.889 20.3101 8.71865 20.0101 13.5789 7.51733
internal_count=48935 42948 3313 39635 4071 4052 35564 23922 11642 3172 2510 5987 190 5797 4467 241 662 1330 4226 1106 151 141 85 40 111 56 224
is_linear=0
shrinkage=0.05


Tree=148
num_leaves=27
num_cat=0
split_feature=3 9 13 7 17 13 11 3 41 34 13 41 27 36 30 15 19 43 36 17 41 27 3 25 44 40
split_gain=6.88253 11.3929 8.9851 8.72496 8.70361 7.39293 11.0594 9.22064 6.66615 6.54694 7.83468 6.75515 6.28736 6.0166 6.41179 5.96318 6.87492 5.7876 5.58565 5.2 4.81307 6.5795 4.45696 3.40226 1.75288 0.325231
threshold=0.57400000000000007 0.62750000000000006 2.2745000000000002 0.57500000000000007 0.075500000000000012 1.0410000000000001 7.5000000000000009 1.1405000000000001 0.42300000000000004 0.48050000000000004 1.4915000000000003 0.52350000000000019 0.32600000000000007 0.35000000000000003 1.2925000000000002 1.2890000000000004 1.7925000000000002 0.7835000000000002 0.37300000000000005 0.37250000000000005 0.51800000000000013 0.24450000000000002 0.74550000000000016 508.50000000000006 0.49050000000000005 0.73750000000000016
decision_type=2 2 2 2 2 2 2 2 2 2 2 2 2 2 2 2 2 2 2 2 2 2 2 2 2 2
left_child=1 8 3 5 23 7 -7 -2 -1 10 -10 -11 -6 19 -15 20 -17 -16 -18 25 22 -22 -4 -5 -21 -3
right_child=2 13 15 4 12 6 -8 -9 9 11 -12 -13 -14 14 17 16 18 -19 -20 24 21 -23 -24 -25 -26 -27
leaf_value=0.057962968145805052 -0.0057552278137839464 -0.066185934878332311 -0.021873460745686035 -0.066714499172797773 0.022045031353626742 0.009092040265068024 0.00035320633682040073 -0.00016593802134696553 -0.039831882860070902 0.0073357011533179686 -0.0011790014077638733 -0.024975971789985417 -0.050190205803403387 -0.076074418748161829 -0.014305108433368539 -0.060386399833363517 -0.035355963109289797 0.02475692078721527 0.0092537907816306244 0.03234557219119439 -0.024398219522751258 0.058207202696882579 0.035981151708262514 -0.0067527286703107474 -0.027888171180556642 -0.050874514716527985
leaf_weight=4.9452209093142292 1106.5065845622448 7.269553095102312 3.6103510111570349 3.8088468015193921 87.628357143141329 385.28361185174435 6002.5642723888159 2214.9270718995249 20.897489571594633 158.19743176107295 35.179205826716498 18.017713632201776 3.1196261113509527 3.943093449342995 128.0802589529776 3.8898360431194297 7.3950874209403983 10.24083095527021 137.26329520111904 2.3444414867553851 9.4382081716321391 3.2373886676505199 42.704780999338254 6.2436716072261333 2.4914226555847563 6.6323454738594592
leaf_count=35 5335 47 17 21 747 2286 25877 10634 157 1061 269 129 21 22 863 21 42 69 772 20 62 23 306 32 22 45
internal_value=-1.11668e-06 -0.00644736 0.000255146 3.7344e-05 0.0146718 -0.000114589 0.00088029 -0.00202796 0.000519549 -0.000703355 -0.0155833 0.00403188 0.0195618 -0.0167131 -0.0132053 0.0105504 0.00520943 -0.0114131 0.00697329 -0.0433461 0.0239997 -0.00330053 0.0314713 -0.0294719 0.00131333 -0.0588811
internal_weight=10415.9 398.239 10017.6 9810.08 100.801 9709.28 6387.85 3321.43 237.237 232.292 56.0767 176.215 90.748 161.002 142.264 207.539 148.548 138.321 144.658 18.7378 58.9907 12.6756 46.3151 10.0525 4.83586 13.9019
internal_count=48935 2739 46196 44953 821 44132 28163 15969 1651 1616 426 1190 768 1088 954 1243 835 932 814 134 408 85 323 53 42 92
is_linear=0
shrinkage=0.05


Tree=149
num_leaves=25
num_cat=0
split_feature=4 9 17 1 13 15 40 7 7 28 7 19 15 30 11 9 30 25 20 17 22 13 24 42
split_gain=6.91249 11.0476 9.0311 8.66425 8.33127 10.2056 9.48524 8.18053 7.57331 7.33714 6.93081 8.67763 7.63392 6.66308 7.61843 7.90299 10.5786 9.26741 6.63527 5.36027 6.73513 6.20074 7.0026 5.17062
threshold=0.83650000000000013 2.0850000000000004 0.40800000000000003 62.500000000000007 1.5345000000000002 0.6170000000000001 0.75500000000000012 0.18350000000000002 0.17300000000000001 0.45550000000000007 0.11650000000000001 1.6035000000000001 -1.2454999999999998 1.6105000000000003 56.500000000000007 1.9245000000000003 1.5720000000000003 506.50000000000006 -1.4999999999999998 0.46000000000000008 0.48333333333333339 0.78050000000000008 4.4055000000000009 0.22300000000000003
decision_type=2 2 2 2 2 2 2 2 2 2 2 2 2 2 2 2 2 2 2 2 2 2 2 2
left_child=13 2 4 8 5 -2 -6 -5 18 -10 12 -12 -4 14 15 16 -1 -17 -3 21 -21 22 -15 -23
right_child=1 3 10 7 6 -7 -8 -9 9 -11 11 -13 -14 19 -16 17 -18 -19 -20 20 -22 23 -24 -25
leaf_value=-0.0073130977258760721 -0.0010643861997539355 0.006554747863652218 -0.079717927114396459 0.0028574611783803842 0.0039172929884635976 -0.013251877771483038 -0.0028614763954273332 -0.072296625288241406 0.020382399076835006 -0.035245073988416968 0.0045199817555411654 0.019563897535209481 -0.0044862730951450731 -0.054954868391045533 0.064102756750228959 0.011778127443128762 -0.030897833344331629 -0.0041807724955457218 -0.02554357033233064 0.074517059224175355 -0.013602214598381594 -0.021854590805355161 0.033762965671898335 0.011030610578446717
leaf_weight=392.38684631802607 5342.8482533628121 215.16245177667588 3.5135087724775067 8.5391913652420026 1825.9754129081266 177.47698834713083 719.33833578589838 6.2866423130035392 155.01696684397757 6.1634111888706675 471.13254769181367 120.34032004140317 83.718374316114932 8.3164343341486511 3.9999502450227729 108.75625748408493 54.100308179797139 556.20190444460604 17.402517317794263 6.0792298276210186 3.3707513026893139 13.43326226621866 3.0362657750956705 108.4822806417942
leaf_count=2109 23343 1298 21 36 8539 1014 3372 26 718 34 2541 676 451 81 17 581 271 3104 79 39 19 59 32 475
internal_value=-1.09906e-06 0.000476571 0.000101084 0.00851283 -0.000365036 -0.00145621 0.00200153 -0.0290103 0.00992571 0.0182552 0.0056404 0.0075808 -0.00751644 -0.00347606 -0.0047776 -0.00502549 -0.0101708 -0.00157064 0.00415287 0.00669633 0.0430854 0.004116 -0.0312274 0.00740716
internal_weight=10411.1 9152.91 8744.34 408.571 8065.64 5520.33 2545.31 14.8258 393.745 161.18 678.705 591.473 87.2319 1258.16 1115.45 1111.45 446.487 664.958 232.565 142.718 9.44998 133.268 11.3527 121.916
internal_count=48935 42148 39957 2191 36268 24357 11911 62 2129 752 3689 3217 472 6787 6082 6065 2380 3685 1377 705 58 647 113 534
is_linear=0
shrinkage=0.05


Tree=150
num_leaves=26
num_cat=0
split_feature=4 2 17 7 4 19 22 12 36 24 13 17 13 37 8 20 24 4 37 1 11 1 36 42 4
split_gain=6.79624 6.70197 6.46712 9.68513 9.82147 9.45393 7.13163 6.00256 5.1619 2.53106 0.00267021 0.000982245 0.000545111 0.00034118 9.9946e-05 2.74876e-05 2.04342e-05 1.28851e-05 9.63838e-06 4.90355e-07 1.29787e-07 1.02657e-07 4.7967e-09 2.08588e-09 7.70676e-10
threshold=1.0000000180025095e-35 1.5000000000000002 0.18050000000000002 0.075500000000000012 1.6730000000000003 2.1835000000000004 0.8500000000000002 25.500000000000004 0.53450000000000009 1.9665000000000001 0.7965000000000001 0.24550000000000002 1.0000000180025095e-35 0.43450000000000005 0.81666666666666676 3.5000000000000004 3.9970000000000003 1.9665000000000001 0.49700000000000005 3.5000000000000004 1.0000000180025095e-35 1.5000000000000002 0.55150000000000021 0.24350000000000002 2.8450000000000006
decision_type=2 2 2 2 2 2 2 2 2 2 2 2 2 2 2 2 2 2 2 2 2 2 2 2 2
left_child=10 9 6 4 -4 -5 7 -3 -8 22 12 13 19 -12 -14 17 -17 -11 -16 21 -21 -1 23 -2 -24
right_child=1 2 3 5 -6 -7 8 -9 -10 15 11 -13 14 -15 18 16 -18 -19 -20 20 -22 -23 24 -25 -26
leaf_value=-0.05003194056001245 -0.050122477881037603 -0.0012466464446080087 -0.010554105996352314 0.0009905175708056289 0.0048686264545635544 0.012131796877267318 0.013295520272459747 -0.0078001633129826213 0.07197365469850614 0.050543142701765943 -0.053132131592943714 -0.054054359601937642 -0.051886524845649866 -0.051709726839771243 -0.051355713711043027 0.050753957678779507 0.05034612659699466 0.05030586512992568 -0.051054030329426896 -0.050139025756501088 -0.050231960292834665 -0.050093990923762592 -0.050103674926392519 -0.050114912277148066 -0.05011177253131225
leaf_weight=0.072483030788134117 0.11642199335619707 2751.9468565271236 345.54385934351012 6530.6973457458662 147.20198548655026 196.12492375588045 15.269082877784969 400.21787944436073 4.9672507531940928 4.80059950891882 0.71382320113480124 1.4468156270449979 0.9321093556354757 1.0297215543687341 0.45670468476600923 2.5645284252241258 0.34893008042126883 0.64957362203858782 0.62992059905081987 0.073482056614011526 0.076865633600391448 0.82919772621244192 0.096805121516808867 0.41895550780463964 0.04218863626010716
leaf_count=115 48 12853 1709 29013 727 923 84 1703 27 459 14 29 33 39 19 179 52 131 34 27 19 448 47 184 19
internal_value=-1.04608e-06 3.0303e-05 -7.12712e-06 0.0008197 -0.00594675 0.00131535 -0.00188877 -0.00207872 0.0276988 0.0430677 -0.0520782 -0.0530913 -0.0510258 -0.0522921 -0.0515067 0.0505811 0.0507051 0.0505149 -0.0511808 -0.0501029 -0.0501865 -0.050089 -0.0501144 -0.0501166 -0.0501061
internal_weight=10407.3 10401 10392 7219.57 492.746 6726.82 3172.4 3152.16 20.2363 9.038 6.26112 3.19036 3.07076 1.74354 2.01873 8.36363 2.91346 5.45017 1.08663 1.05203 0.150348 0.901681 0.674371 0.535378 0.138994
internal_count=48935 48158 47039 32372 2436 29936 14667 14556 111 1119 777 82 695 53 86 821 231 590 53 609 46 563 298 232 66
is_linear=0
shrinkage=0.05


Tree=151
num_leaves=27
num_cat=0
split_feature=14 19 24 19 18 18 5 36 21 6 24 31 14 28 40 21 7 17 7 28 33 9 9 28 24 24
split_gain=6.88218 17.7581 10.2971 9.89855 9.75816 10.553 11.7478 9.4114 8.77568 8.53137 7.82721 7.46207 6.45935 6.43935 6.05645 5.77016 5.39165 14.5935 5.82028 5.35421 5.32014 4.65442 5.03302 4.81057 0.00454141 0.00190467
threshold=0.64500000000000013 1.9665000000000001 2.7085000000000004 2.3170000000000006 0.78888888888888908 0.70000000000000007 -0.74549999999999994 0.43100000000000005 -26.499999999999996 0.19100000000000003 3.0015000000000005 0.7380000000000001 1.0000000180025095e-35 0.20750000000000002 0.71150000000000013 -31.499999999999996 0.27100000000000007 0.12250000000000001 0.22450000000000003 0.23250000000000004 0.15700000000000003 0.20700000000000005 0.40350000000000003 0.58350000000000002 1.9665000000000001 0.61250000000000016
decision_type=2 2 2 2 2 2 2 2 2 2 2 2 2 2 2 2 2 2 2 2 2 2 2 2 2 2
left_child=1 2 9 4 5 8 -7 13 -2 14 -9 21 24 -6 -1 -13 18 -18 -14 -17 -11 23 -23 -5 25 -3
right_child=3 12 -4 11 7 6 -8 10 -10 20 -12 15 16 -15 -16 19 17 -19 -20 -21 -22 22 -24 -25 -26 -27
leaf_value=-0.051495658276476265 0.014469417982155123 -0.050963292180252723 0.05342207819716191 0.07089333086856274 0.040400296790605833 -0.0099440761998936325 0.013924285467479631 -0.0049229550792929079 -5.1329133538855053e-05 0.0074811571256696956 0.017287617489671104 -0.021863423881913556 0.00010555773591158771 -0.022083354479557692 0.013385464296395231 -0.035197630213448898 -0.026507739269701458 0.018492918315044137 -0.024059653258334146 0.020133143730827082 -0.037495857004606524 -0.071711235352930294 -0.0063351966210936465 -0.053076559128066983 -0.056079971323504244 -0.052942044709485117
leaf_weight=4.4690802918921717 105.30974949896336 2.3177086007781318 4.2030166219919911 3.4350826721638432 4.2991009950637809 64.077672880142927 263.74252271349542 524.70632955944166 8699.2805481149117 7.1846061889082184 42.910795758478343 9.4019337296485883 127.3478929810226 100.8569748327136 18.429137100058142 4.5054356399923554 22.429477760568261 91.562921559903771 30.978842712938786 147.86762073077261 77.461766474414617 3.1693035513162604 41.404528804123402 1.0133935976773498 0.7936656402889638 2.5586893127765507
leaf_count=50 443 432 21 81 20 280 1158 2222 40212 57 207 39 664 455 222 40 119 443 154 860 446 17 199 19 10 65
internal_value=-9.86458e-07 -0.00651964 -0.0233532 0.000252664 2.21945e-05 0.000450317 0.00925883 -0.00578926 0.00012235 -0.0263537 -0.00324388 0.0109729 0.000247219 -0.0195288 0.000722516 0.0161515 0.001347 0.00963846 -0.0046227 0.0184971 -0.0336783 -0.00611647 -0.0109836 0.0426521 -0.0525724 -0.0520016
internal_weight=10405.7 389.737 111.748 10016 9805.18 9132.41 327.82 672.773 8804.59 107.545 567.617 210.797 277.989 105.156 22.8982 161.775 272.319 113.992 158.327 152.373 84.6464 49.0223 44.5738 4.44848 5.67006 4.8764
internal_count=48935 2683 796 46252 44997 42093 1438 2904 40655 775 2429 1255 1887 475 272 939 1380 562 818 900 503 316 216 100 507 497
is_linear=0
shrinkage=0.05


Tree=152
num_leaves=27
num_cat=0
split_feature=4 8 18 24 7 39 4 36 9 5 41 17 18 26 14 14 9 27 19 13 11 21 6 40 41 37
split_gain=6.63989 8.71372 9.62943 7.68141 7.62361 9.41658 10.993 10.2997 8.10835 12.2912 9.44691 7.31507 8.52639 10.3905 6.38183 6.16553 6.08982 10.111 7.12729 5.82474 5.19326 5.23664 4.08452 3.05281 1.49953 1.4767
threshold=1.413 0.12222222222222222 0.14999999999999999 1.3335000000000004 0.39200000000000007 2.7625000000000006 1.2950000000000002 0.52350000000000019 1.9110000000000003 0.95100000000000007 0.49150000000000005 0.38300000000000006 0.18333333333333332 0.31350000000000006 1.0390000000000004 2.7640000000000007 0.25650000000000006 0.27400000000000008 1.3490000000000004 0.68600000000000005 37.500000000000007 -11.499999999999998 0.15600000000000003 0.72050000000000003 0.48400000000000004 0.62950000000000006
decision_type=2 2 2 2 2 2 2 2 2 2 2 2 2 2 2 2 2 2 2 2 2 2 2 2 2 2
left_child=3 2 24 20 8 6 -6 -7 9 -5 -10 15 13 -13 -14 19 18 -18 -4 -3 21 25 -23 -17 -2 -1
right_child=1 11 16 4 5 7 -8 -9 10 -11 -12 12 14 -15 -16 23 17 -19 -20 -21 -22 22 -24 -25 -26 -27
leaf_value=-0.067721315873607635 0.023776094673475481 -0.0069777564296325994 -0.019229469611455836 -0.0020834441358429613 0.0024888973420192726 -0.0084264104504292552 0.020136268368070878 -0.083457762562919632 0.0050127020596107191 -0.018125084935231316 -0.0026545265866067067 -0.058382731079051953 0.0036502056561838144 0.0020807099022022695 0.017852925838777393 -0.0049198767212976589 -0.0053123444923778955 -0.028938007476115309 0.011782315707277228 0.002224098982983029 0.039970163475634833 -0.00066651066654179381 -0.027382732734188665 0.068918046849029871 0.067721819420229673 -0.029003595616215051
leaf_weight=6.4675961546599847 3.312359154224394 183.59399075619876 24.016352477483451 4072.9453830723651 660.77418424747884 19.416510089300576 101.84828725457191 5.9832836110144845 903.75410352065228 123.01545696775429 723.25823378970381 9.5283335503190738 136.24945489992388 27.943437455687672 188.54626937722787 1.9320834670215834 283.05887718265876 53.911279682070017 81.061918942141347 2717.4323226243723 3.7576476186513892 27.664052391774021 29.629055223893374 5.0816208925098181 4.6892214193940163 3.9770682528614998
leaf_count=40 16 860 125 17907 3273 95 478 36 4577 568 3585 55 681 167 1053 26 1245 238 853 12133 22 499 283 70 25 25
internal_value=-1.05172e-06 0.00169193 -0.00483101 -0.000943587 -0.000767297 0.00384822 0.00484571 -0.0261011 -0.00139191 -0.00255375 0.00160438 0.00258959 0.00928953 -0.013294 0.011895 0.00175495 -0.00581501 -0.00909217 0.00469436 0.00164175 -0.0172446 -0.0204185 -0.0144828 0.0485777 0.0495299 -0.0529786
internal_weight=10402.8 3720.36 450.05 6682.49 6611 788.022 762.622 25.3998 5822.97 4195.96 1627.01 3270.31 362.267 37.4718 324.796 2908.04 442.048 336.97 105.078 2901.03 71.4954 67.7378 57.2931 7.0137 8.00158 10.4447
internal_count=48935 17547 2502 31388 30519 3882 3751 131 26637 18475 8162 15045 1956 222 1734 13089 2461 1483 978 12993 869 847 782 96 41 65
is_linear=0
shrinkage=0.05


Tree=153
num_leaves=31
num_cat=0
split_feature=44 40 17 30 37 44 12 13 4 14 4 20 3 17 24 59 37 21 22 4 44 19 22 23 40 5 23 19 11 30
split_gain=6.64789 11.7395 11.1783 13.1483 11.4828 10.4483 10.0911 12.8352 13.9634 11.9673 9.18123 9.16997 11.7822 9.47103 9.10692 10.0229 8.73919 8.10901 6.95142 6.88341 6.48819 5.36344 5.91349 5.74317 5.26612 5.1843 5.14587 4.91229 2.9726 2.83891
threshold=0.50300000000000011 0.75700000000000012 0.26800000000000007 1.4400000000000002 0.43300000000000005 0.49550000000000005 3.5000000000000004 0.71100000000000008 2.0575000000000006 1.1960000000000002 0.77550000000000019 6.5000000000000009 0.81950000000000001 0.53100000000000014 1.651 9.5000000000000018 0.59750000000000003 -19.499999999999996 0.19999999999999998 0.92450000000000021 0.55200000000000016 0.55800000000000016 1.0000000180025095e-35 0.094499999999999959 0.76050000000000006 -1.0364999999999998 -0.34449999999999997 0.50850000000000006 1.5000000000000002 1.4720000000000002
decision_type=2 2 2 2 2 2 2 2 2 2 2 2 2 2 2 2 2 2 2 2 2 2 2 2 2 2 2 2 2 2
left_child=1 11 21 5 -5 -4 16 8 27 10 -9 12 18 -14 19 -16 20 -11 -1 -13 25 23 -23 -3 28 -2 -26 -8 -18 -22
right_child=6 2 3 4 -6 -7 7 9 -10 17 -12 14 13 -15 15 -17 24 -19 -20 -21 29 22 -24 -25 26 -27 -28 -29 -30 -31
leaf_value=-0.00563584558263352 -0.0090827416654107769 0.066134941567883604 0.0062268786650837927 0.016144268899603752 -0.010640299948575176 0.044902479899735163 -0.024538326169876799 -0.018933700580669531 0.059048620174646904 0.027666203524705703 -0.00069176271234732702 -0.04651495271216663 -0.00049675621893871221 0.017674973059775331 0.01764191543905623 0.0038933132371789464 0.0019757393900741954 0.0041433035881276612 -0.021379050518246484 -0.0023885261333996149 0.016189840702152691 -0.0065730563662218678 -0.016597488830666609 0.0019149422321360614 0.060630124221527248 0.01981870488541564 -0.014836348325948904 -0.0078310395623877715 -0.056083498025084937 0.074411110593205015
leaf_weight=421.20535761010251 18.096090198494494 3.9080746509134761 50.286456687550526 52.379076543089468 169.51373224920826 26.753122171445284 63.837713684886694 73.451005162671208 6.9476858898997298 37.413454726338387 1132.1867312304676 9.1245312015525979 4340.439691786305 72.908697266830131 162.66578617505729 716.25913777947426 3.0601552209118399 1766.5781845021993 84.121237118844874 281.28543074429035 2.9627451705746335 333.11637238319963 263.48151317797601 31.885483748628758 3.3709442567778751 108.8446721174987 6.8470967831672152 141.54930491466075 7.8857201325008646 7.1385822019074112
leaf_count=2154 195 19 234 270 798 124 310 344 32 159 4930 66 19938 542 917 3018 50 7776 435 1633 26 1537 1164 229 31 1104 72 690 62 76
internal_value=-9.66094e-07 -0.000878223 -0.0061062 0.00186114 -0.00431765 0.0196575 0.00182076 0.00121539 -0.0106657 0.00205363 -0.00180312 -7.84639e-05 -0.00102462 -0.000196559 0.00390143 0.00643782 0.0141495 0.00463115 -0.0082566 -0.00377496 0.0187676 -0.00987237 -0.0110002 0.00892672 -0.0157541 0.0156986 0.0100601 -0.0130239 -0.0398518 0.0573347
internal_weight=10399.5 7019.33 931.324 298.932 221.893 77.0396 3380.17 3221.96 212.335 3009.63 1205.64 6088.01 4918.67 4413.35 1169.33 878.925 158.206 1803.99 505.327 290.41 137.042 632.391 596.598 35.7936 21.1639 126.941 10.218 205.387 10.9459 10.1013
internal_count=48935 33078 4375 1426 1068 358 15857 14241 1032 13209 5274 28703 23069 20480 5634 3935 1616 7935 2589 1699 1401 2949 2701 248 215 1299 103 1000 112 102
is_linear=0
shrinkage=0.05


Tree=154
num_leaves=25
num_cat=0
split_feature=3 42 17 15 3 44 19 20 26 4 41 5 24 19 29 0 19 24 24 24 4 24 9 19
split_gain=6.64078 6.57597 9.02787 13.7155 10.2807 8.82162 10.0272 8.37325 11.6607 8.81783 9.0925 7.99656 7.63446 7.21123 6.50821 4.06629 0.00535808 0.00164 0.00158331 0.000932261 0.000667199 0.000235424 0.000107001 6.41635e-05
threshold=1.0000000180025095e-35 0.25050000000000006 0.35150000000000003 -0.19599999999999998 0.49150000000000005 0.47850000000000004 2.3170000000000006 -10.499999999999998 0.53150000000000019 1.1835000000000002 0.43900000000000006 0.35500000000000004 3.1010000000000004 1.1560000000000001 3.2450000000000006 4.5000000000000009 1.4915000000000003 1.9665000000000001 1.4960000000000002 0.61250000000000016 0.46450000000000008 1.0000000180025095e-35 0.98350000000000015 1.9665000000000001
decision_type=2 2 2 2 2 2 2 2 2 2 2 2 2 2 2 2 2 2 2 2 2 2 2 2
left_child=16 2 5 11 -5 14 -7 8 15 10 -9 -4 -11 -10 -2 -3 18 19 20 21 22 -18 -1 -21
right_child=1 7 3 4 -6 6 -8 9 13 12 -12 -13 -14 -15 -16 -17 17 -19 -20 23 -22 -23 -24 -25
leaf_value=-0.052959229328038482 -0.0017962588310328983 0.022969730703208593 0.0059083723069191345 -0.046460683531576966 0.016230744492731621 0.0026192405049833413 0.02489541897129257 -0.024030014231533926 0.0022593434501509703 -0.00071816073022656251 -0.0031933982788534699 -0.014460754729853918 0.0055833095989381194 -0.058725953874398634 -0.028697544090397195 -0.015888594339541835 -0.050137859118620544 -0.055664003288314313 -0.056659759283905022 -0.052082120003304248 -0.054322530125723738 -0.051283836949653883 -0.050286243143485301 -0.052697588767599092
leaf_weight=0.052755162119864862 1246.2424588819267 97.174802194815129 124.29382002376951 6.6883602961897841 293.83022846933454 1404.8779136693338 52.401358689879999 53.506987381726503 394.28039703459945 3613.2042182339355 2434.5230772093637 78.687212529126555 554.40810097241774 4.9076264277100554 22.896116561838426 7.2335509916301808 0.84753034700406782 0.25851585716009129 0.83021271880716074 0.88165097357705213 1.1497848490253089 0.9510930054821074 0.12896667106542736 0.81483465805649757
leaf_count=1 5795 610 581 34 1445 6354 314 253 1904 16126 11409 381 2943 22 105 35 364 3 14 26 29 47 122 18
internal_value=-9.30848e-07 2.92246e-05 0.00190205 0.0080533 0.0148355 0.000766071 0.00342026 -0.000815708 0.00540067 -0.00128607 -0.00364151 -0.00198788 0.00012011 0.00150959 -0.00228158 0.0202776 -0.0529631 -0.0518212 -0.0549461 -0.0515369 -0.0538776 -0.0507438 -0.0510622 -0.0523777
internal_weight=10395.1 10389.2 3229.92 503.5 300.519 2726.42 1457.28 7159.24 503.596 6655.64 2488.03 202.981 4167.61 399.188 1269.14 104.408 5.91534 3.75362 2.16172 3.49511 1.33151 1.79862 0.181722 1.69649
internal_count=48935 48311 15009 2441 1479 12568 6668 33302 2571 30731 11662 962 19069 1926 5900 645 624 458 166 455 152 411 123 44
is_linear=0
shrinkage=0.05


Tree=155
num_leaves=30
num_cat=0
split_feature=4 9 22 29 39 42 24 11 28 4 31 8 30 40 8 26 4 23 8 44 12 16 40 23 19 40 23 22 4
split_gain=6.60327 7.22001 10.1331 9.31302 8.79877 10.4632 8.1232 8.11908 9.39606 11.3813 7.67911 6.77334 6.10535 5.0658 8.35239 7.009 6.45635 6.2456 6.0392 7.55289 5.37758 4.76488 4.56513 7.19788 4.49082 4.15661 3.70495 4.36925 2.59622
threshold=0.40350000000000003 2.2890000000000001 0.5916666666666669 2.3745000000000003 2.7625000000000006 0.33300000000000007 2.6935000000000007 18.500000000000004 0.34450000000000003 0.87750000000000006 0.66400000000000015 0.70000000000000007 1.6130000000000002 0.73150000000000015 0.70000000000000007 0.44400000000000006 0.25650000000000006 -1.0000000180025095e-35 0.63333333333333341 0.46250000000000008 5.5000000000000009 0.66100000000000014 0.72050000000000003 1.6670000000000005 0.39650000000000007 0.74900000000000011 -0.34449999999999997 -1.0000000180025095e-35 0.25650000000000006
decision_type=2 2 2 2 2 2 2 2 2 2 2 2 2 2 2 2 2 2 2 2 2 2 2 2 2 2 2 2 2
left_child=13 2 4 10 6 -6 -2 22 12 -10 -4 -5 -9 14 26 17 -17 -16 20 -20 25 -21 23 -3 -24 -15 27 -1 -28
right_child=1 7 3 11 5 -7 -8 8 9 -11 -12 -13 -14 18 15 16 -18 -19 19 21 -22 -23 24 -25 -26 -27 28 -29 -30
leaf_value=-0.048324672082327436 -0.00063042469783613272 0.0077822780582805524 -0.0071764335177274237 -0.023959967336953502 -0.010689274630423504 0.015291020988734702 0.0024559549600265168 -0.0032905004774600012 -0.05143780815400311 0.016781132285218568 0.019892246267635055 -0.0074907051036973912 0.032272441776851846 -0.067325960608024316 0.069468764932187094 -0.023784406578358952 0.050870953707637494 -0.042963125869107277 0.058767429914626169 -0.04165341168727995 0.06897237015076739 0.01099813011950884 0.034355752719625619 -0.035002044706069615 0.012522691554680325 0.013913143393858976 0.0097235579447483428 0.036702927831228901 -0.065564635938832327
leaf_weight=2.714259959757328 5712.7319987656083 62.347572002094239 54.925250664353371 80.557908557355404 313.26312595966738 44.225300281541422 3401.1764693846926 54.782279498875141 19.145806118845943 8.98231692612171 50.100183185189962 277.43461957573891 15.478451907634733 2.2786478409543616 1.5293547697365282 3.6613175070378956 13.855650302022694 6.421843164018358 2.2299682525917879 37.605547766841482 2.9207260459661484 4.8513920363038769 27.500825691968203 11.670636953786014 164.04691610485315 5.0953800065908581 1.3828803307551405 3.4077861942350856 6.6581954518333077
leaf_count=22 26342 350 263 365 1472 210 15525 238 80 42 228 1202 66 48 8 157 76 125 26 523 14 28 375 101 780 101 94 26 48
internal_value=-9.28917e-07 0.000119872 -0.000133528 -0.00735589 0.000219543 -0.00747522 0.000521367 0.00703662 -0.00523249 -0.0296531 0.00573611 -0.0111967 0.00454402 -0.0131498 0.000477455 0.0175948 0.0352668 -0.0213377 -0.0229725 -0.0309261 0.0115525 -0.0356371 0.0115822 0.00103637 0.0156573 -0.0111905 -0.030303 -0.000994764 -0.0526168
internal_weight=10393 10298.4 9934.41 463.018 9471.4 357.488 9113.91 363.955 98.3889 28.1281 105.025 357.993 70.2607 94.6129 39.6313 25.4682 17.517 7.9512 54.9817 44.6869 10.2948 42.4569 265.566 74.0182 191.548 7.37403 14.1631 6.12205 8.04108
internal_count=48935 47639 45607 2058 43549 1682 41867 2032 426 122 491 1567 304 1296 556 366 233 133 740 577 163 551 1606 451 1155 149 190 48 142
is_linear=0
shrinkage=0.05


Tree=156
num_leaves=29
num_cat=0
split_feature=13 2 42 17 13 44 18 6 8 26 6 13 19 25 4 3 36 2 3 13 36 3 3 4 1 36 4 10
split_gain=6.37861 6.22265 6.15334 8.27619 12.3052 8.0247 7.75518 13.3998 7.71216 4.81347 6.0783 11.6557 3.76235 3.61795 6.1175 2.19695 2.14152 1.70243 0.0695775 0.04379 0.00329628 0.000203909 1.91352e-05 1.35416e-05 1.33036e-05 2.96064e-09 1.47488e-09 5.57233e-10
threshold=0.25850000000000006 1.5000000000000002 0.25050000000000006 0.35150000000000003 1.1405000000000001 0.47850000000000004 0.36666666666666675 0.17750000000000002 0.074999999999999969 0.31500000000000006 0.24550000000000002 1.0000000180025095e-35 0.25650000000000006 510.50000000000006 1.1960000000000002 0.96650000000000003 0.52650000000000008 7.5000000000000009 1.1960000000000002 1.0000000180025095e-35 0.31750000000000006 2.9500000000000006 1.9835000000000003 1.9665000000000001 1.0000000180025095e-35 0.55150000000000021 2.8450000000000006 3.5000000000000004
decision_type=2 2 2 2 2 2 2 2 2 2 2 2 2 2 2 2 2 2 2 2 2 2 2 2 2 2 2 2
left_child=9 15 3 5 -5 -3 7 -4 -8 10 18 21 13 14 -11 25 19 -15 20 -14 -1 -12 24 -24 -17 26 -2 -27
right_child=1 2 6 4 -6 -7 8 -9 -10 12 11 -13 16 17 -16 22 -18 -19 -20 -21 -22 -23 23 -25 -26 27 -28 -29
leaf_value=-0.06179783995037455 -0.050099056045820989 -0.0021543040859554456 0.012352496897945356 0.00038492898526055726 0.016095200659726857 0.0032912502467172737 -0.010006765592992607 0.00020221012875852519 -0.0015208140069243809 -0.026661494793842024 -0.051189933857857986 0.1896847543037937 -0.05193815320324302 -0.04577050571438334 0.081363208124625566 0.050685504732713188 0.0008167886908697962 0.021540142194660248 -0.083050656618963034 -0.060928233766716092 -0.052927832055807693 -0.053224678697256722 0.050504452564471995 0.050276701236782712 0.050504775986550988 -0.050095395375076429 -0.050105341636302772 -0.050088593982075151
leaf_weight=0.1553168271202624 0.33349020744208058 1266.2138505699113 250.42445906205103 265.81256278289948 234.68867278005928 1452.6782054624055 286.05645318166353 2417.3249450838193 4181.6786131132976 3.0995472752256337 0.73974207282299187 1.1495078112930059 1.5996455752174341 6.0358774333726615 2.2707356922328472 2.3486526282504201 1.7097225483739737 1.1125266328454015 0.46134850382804871 8.8396783601492643 0.32165558211272582 0.14771446504164487 2.6719328365288679 0.86361451679840673 1.7975939363241193 0.060607241583056748 0.12959219957701862 0.059856979874894023
leaf_count=2 170 5731 1193 1234 1113 6465 1367 10821 18935 229 117 8 124 263 16 181 38 6 2 83 56 13 275 180 185 32 62 34
internal_value=-1.05905e-06 6.29227e-05 2.83072e-05 0.00184289 0.00775159 0.000755204 -0.000790399 0.00134277 -0.00206415 -0.0239873 0.0360895 0.0845939 -0.0312334 -0.0119969 0.019015 0.0434294 -0.0510552 -0.0352948 -0.0692067 -0.0595507 -0.0558162 -0.0515286 0.0505343 0.0504488 0.0506072 -0.050099 -0.0501008 -0.050092
internal_weight=10390.8 10363.1 10354.9 3219.39 500.501 2718.89 7135.48 2667.75 4467.74 27.643 2.97529 2.03696 24.6677 12.5187 5.37028 8.26534 12.149 7.1484 0.938321 10.4393 0.476972 0.887457 7.68179 3.53555 4.14625 0.583547 0.463082 0.120464
internal_count=48935 47978 46859 14543 2347 12196 32316 12014 20302 957 198 138 759 514 245 1119 245 269 60 207 58 130 821 455 366 298 232 66
is_linear=0
shrinkage=0.05


Tree=157
num_leaves=25
num_cat=0
split_feature=4 14 2 44 42 4 3 13 33 17 13 3 36 20 18 8 3 20 4 37 7 2 22 3
split_gain=6.2744 6.19294 7.44877 5.75798 8.96984 8.3408 0.0038626 0.00211752 0.00107248 0.000813288 0.000437404 0.000390577 0.000263007 9.79696e-05 9.54437e-05 8.81279e-05 1.64455e-05 1.17176e-05 1.16402e-05 7.91241e-06 1.26149e-06 3.15983e-07 8.30376e-08 7.39691e-08
threshold=1.0000000180025095e-35 1.0000000180025095e-35 1.5000000000000002 0.46650000000000008 0.25050000000000006 1.0390000000000004 0.96650000000000003 0.7965000000000001 0.30300000000000005 0.24550000000000002 1.0000000180025095e-35 1.0000000180025095e-35 0.56700000000000006 7.5000000000000009 0.93333333333333346 0.81666666666666676 1.9835000000000003 3.5000000000000004 1.9665000000000001 0.49700000000000005 0.32700000000000007 1.5000000000000002 0.63333333333333353 0.96650000000000003
decision_type=2 2 2 2 2 2 2 2 2 2 2 2 2 2 2 2 2 2 2 2 2 2 2 2
left_child=7 6 16 5 -5 -4 11 10 13 12 21 20 -9 -8 -13 -12 17 -3 -18 -17 -2 23 -23 -1
right_child=1 2 3 4 -6 -7 8 9 -10 -11 15 14 -14 -15 -16 19 18 -19 -20 -21 -22 22 -24 -25
leaf_value=-0.050027917392173875 -0.050100483181185956 0.050479647127378617 -0.0069050833661614009 0.0035125466791240097 -0.00032119115376316959 -0.00014623458808665616 -0.052475012044101245 -0.05160148910221643 -0.054726863654591576 -0.053787726674212034 -0.051780051665532234 -0.051751394758019986 -0.052894138969462351 -0.053248584728333631 -0.051004826476138632 -0.051258461376667765 0.050479617504017374 0.050653295268660331 0.050263148925566131 -0.050974878189005313 -0.050272397772470029 -0.05021030193004819 -0.050130494736320336 -0.050084367811247546
leaf_weight=0.062970642902654972 0.6525347798597062 1.7291231867857271 673.50108098285273 2017.0992512765806 6263.3489316469058 1416.4374816277996 0.8815496386960151 0.96183307422325037 1.3729085687082259 1.3573934528976677 0.87562840833561484 1.1217767656780777 0.665950583294034 0.76399987190961838 0.69230856606736768 0.42531055328436174 2.5428400342352693 2.2171844765543938 0.82171144802123297 0.58334122318774462 0.12757011957000941 0.054303678742144257 0.081525949761271477 0.7396902289474383
leaf_count=115 335 187 3154 9048 28277 6339 26 39 25 29 33 47 14 15 41 19 275 179 180 34 30 16 32 446
internal_value=-1.09108e-06 2.79699e-05 5.63676e-05 2.08005e-05 0.000612699 -0.00232433 -0.052479 -0.0519556 -0.053695 -0.052884 -0.0509738 -0.0510642 -0.0521303 -0.0528342 -0.0514665 -0.0514131 0.050508 0.0505772 0.0504268 -0.0510945 -0.0501286 -0.0500919 -0.0501624 -0.0500799
internal_weight=10389.1 10383.3 10377.7 10370.4 8280.45 2089.94 5.61265 5.80795 3.01846 2.98518 2.82277 2.59419 1.62778 1.64555 1.81409 1.88428 7.31086 3.94631 3.36455 1.00865 0.780105 0.938491 0.13583 0.802661
internal_count=48935 48158 47639 46818 37325 9493 519 777 66 82 695 453 53 41 88 86 821 366 455 53 365 609 48 561
is_linear=0
shrinkage=0.05


Tree=158
num_leaves=24
num_cat=0
split_feature=3 4 2 7 22 9 11 13 24 13 13 24 17 13 37 24 0 8 10 3 20 4 11
split_gain=6.21149 5.83955 7.08222 5.82446 10.9971 7.14711 0.00449311 0.00240039 0.00215703 0.00172859 0.000893529 0.00073168 0.000712211 0.000365818 0.000225099 0.00019507 0.000160676 9.16409e-05 8.25321e-05 1.41347e-05 1.00698e-05 1.00064e-05 2.77397e-07
threshold=1.0000000180025095e-35 1.0000000180025095e-35 1.5000000000000002 0.21550000000000002 -0.36666666666666653 0.55800000000000016 2.5000000000000004 0.74550000000000016 1.0210000000000001 0.7965000000000001 0.49150000000000005 0.61250000000000016 0.24550000000000002 1.0000000180025095e-35 0.43450000000000005 1.0000000180025095e-35 15.500000000000002 0.81666666666666676 5.5000000000000009 1.9835000000000003 3.5000000000000004 1.9665000000000001 1.0000000180025095e-35
decision_type=2 2 2 2 2 2 2 2 2 2 2 2 2 2 2 2 2 2 2 2 2 2 2
left_child=6 9 19 5 -5 -4 7 10 11 13 16 15 14 22 -11 -8 -1 -15 -13 20 -3 -21 -2
right_child=1 2 3 4 -6 -7 8 -9 -10 12 -12 18 -14 17 -16 -17 -18 -19 -20 21 -22 -23 -24
leaf_value=-0.050152398310214577 -0.050083553596298416 0.05045604487468576 0.0077718278561256281 -0.0041641227355439731 0.0019582213922238281 -0.0017654553725682293 -0.050122387653762715 -0.059719435884858479 -0.053964238175858881 -0.052746389557605036 -0.055141001705375281 -0.05261548101980347 -0.053613356265222435 -0.051769284734232215 -0.051521610981095194 -0.051209607132555603 -0.053342738364681723 -0.05104003714430462 -0.051882088570192032 0.050456015868131414 0.050621053042452194 0.050250263071129335 -0.050192497366569402
leaf_weight=0.12028076188289449 0.76721466018352602 1.6455428516492241 205.82933015748858 859.56983843352646 4999.9255463075824 4304.3778090346605 0.73898080078652129 0.27189068496227264 1.165460957214236 0.63520140759646915 0.73006117809563875 0.75120667926967144 1.2888610456138847 0.78120670095086076 0.9163066023029387 0.93403802486136556 0.058738317340612411 0.9604563876055181 0.78393110120669007 2.419927170965821 2.1103605423122644 0.78183149243704964 0.063247011508792639
leaf_count=130 473 187 1017 3907 22480 19435 364 2 22 14 12 17 27 26 39 49 1 53 27 275 179 180 19
internal_value=-1.07485e-06 2.72061e-05 5.42885e-05 2.04529e-05 0.00106009 -0.00133021 -0.0528609 -0.0555976 -0.052122 -0.0518944 -0.0543648 -0.0514527 -0.0527447 -0.0509554 -0.052023 -0.0507294 -0.0511992 -0.0513671 -0.052241 0.050483 0.0505488 0.0504058 -0.0500919
internal_weight=10387.6 10382.1 10376.7 10369.7 5859.5 4510.21 5.55459 1.18097 4.37362 5.41249 0.90908 3.20816 2.84037 2.57212 1.55151 1.67302 0.179019 1.74166 1.53514 6.95766 3.7559 3.20176 0.830462
internal_count=48935 48311 47660 46839 26387 20452 624 145 479 651 143 457 80 571 53 413 131 79 44 821 366 455 492
is_linear=0
shrinkage=0.05


Tree=159
num_leaves=25
num_cat=0
split_feature=13 14 19 24 19 18 18 36 6 31 14 27 15 13 3 4 32 3 4 1 17 1 36 0
split_gain=6.03564 5.88589 16.1645 9.24356 8.85779 8.29231 9.55696 8.48358 8.05022 6.78263 5.71599 5.24161 5.05407 4.39826 0.00328193 0.00110741 0.000315207 0.000144631 9.91044e-05 2.41237e-07 5.70608e-08 5.46596e-08 1.22882e-08 7.36501e-11
threshold=1.0000000180025095e-35 0.64500000000000013 1.9665000000000001 2.7085000000000004 2.3170000000000006 0.78888888888888908 0.70000000000000007 0.43100000000000005 0.19100000000000003 0.7380000000000001 1.0000000180025095e-35 0.22050000000000003 0.96350000000000013 2.7640000000000007 1.9835000000000003 1.0000000180025095e-35 0.62650000000000017 2.3265000000000007 1.4915000000000003 3.5000000000000004 0.32700000000000007 1.5000000000000002 0.56700000000000006 9.5000000000000018
decision_type=2 2 2 2 2 2 2 2 2 2 2 2 2 2 2 2 2 2 2 2 2 2 2 2
left_child=15 2 3 8 5 6 -3 -7 -2 13 14 -12 -11 -6 -4 19 17 18 -17 21 -21 23 -23 -1
right_child=1 4 10 -5 9 7 -8 -9 -10 12 11 -13 -14 -15 -16 16 -18 -19 -20 20 -22 22 -24 -25
leaf_value=-0.050023901191968992 0.0013744811069712169 0.00012616070062365046 -0.051834848540123005 0.050709132001079196 -0.010046575003289175 -0.018414469066559171 0.0088300721861061214 -0.0029070167923142794 -0.032315546335356708 -0.010685895830142437 -0.0088255686558799291 0.0061235640908652621 0.01840874335014037 0.049017211292486013 -0.055473474025980241 -0.051602945313870774 -0.053233296778048236 -0.05252488452263885 -0.052194826607918444 -0.050114303715275046 -0.050183081558049097 -0.050072304490410592 -0.050087813781026391 -0.050027641591464257
leaf_weight=0.036341565370093032 22.535890515195206 8786.4671333320439 4.3128200763021587 4.17622261121869 45.199835029430687 104.43002101033926 327.11890914640389 567.25824196916074 83.172455849125981 16.652886735275388 85.7200639359653 185.59189211577177 143.97372840577736 3.3882167539559296 0.72371017956174899 2.534647572669201 0.49775646463967849 0.76951157115399826 0.98094531602691848 0.060453183832578361 0.060173421923536807 0.50021418498363346 0.1715038976399228 0.020632416970329359
leaf_count=77 141 40020 497 21 268 475 1438 2428 481 80 423 957 859 48 10 115 14 20 31 27 19 349 99 38
internal_value=-1.0465e-06 2.70288e-05 -0.00602942 -0.0222508 0.000261078 4.34263e-05 0.000438575 -0.00531802 -0.0251332 0.010441 0.000420681 0.00140044 0.0153924 -0.00592785 -0.0523577 -0.0517469 -0.0520423 -0.051904 -0.0517681 -0.0500831 -0.0501486 -0.0500723 -0.0500763 -0.0500253
internal_weight=10386.4 10380.7 386.233 109.885 9994.49 9785.27 9113.59 671.688 105.708 209.215 276.348 271.312 160.627 48.5881 5.03653 5.63218 4.78286 4.2851 3.51559 0.849319 0.120627 0.728692 0.671718 0.056974
internal_count=48935 48146 2530 643 45616 44361 41458 2903 622 1255 1887 1380 939 316 507 789 180 166 146 609 46 563 448 115
is_linear=0
shrinkage=0.05


Tree=160
num_leaves=28
num_cat=0
split_feature=3 6 13 4 9 6 40 6 16 4 15 19 23 26 4 42 36 33 19 21 2 3 44 31 59 31 26
split_gain=5.89983 10.2711 7.15722 6.62262 9.0499 9.65261 8.33447 9.83153 8.8034 7.33049 5.77306 5.98064 5.64997 6.76238 6.09127 5.627 7.35276 8.21084 7.31749 7.50045 5.55077 5.21343 3.96089 5.92947 3.69293 3.68678 2.69837
threshold=0.57400000000000007 0.17500000000000002 2.2745000000000002 1.2890000000000004 1.5250000000000001 0.15600000000000003 0.77450000000000008 0.68100000000000016 0.39200000000000007 1.2830000000000001 1.2890000000000004 1.7925000000000002 -0.87799999999999978 0.11750000000000001 1.7400000000000004 0.28600000000000003 0.44150000000000006 0.30300000000000005 0.57400000000000007 -4.4999999999999991 20.500000000000004 0.62000000000000011 0.5445000000000001 0.79550000000000021 24.500000000000004 0.7945000000000001 0.18600000000000003
decision_type=2 2 2 2 2 2 2 2 2 2 2 2 2 2 2 2 2 2 2 2 2 2 2 2 2 2 2
left_child=1 15 3 4 5 -2 7 -5 -8 -6 22 -12 13 -3 24 16 20 -18 -17 -20 -1 -13 23 -4 -14 -24 -15
right_child=2 12 10 6 9 -7 8 -9 -10 -11 11 21 14 26 -16 18 17 -19 19 -21 -22 -23 25 -25 -26 -27 -28
leaf_value=-0.0046278417835006209 0.014652755719286601 0.028165940576064082 0.042654381392634298 0.0020827149152377461 0.00052701212498150972 -0.0048183270044591508 0.0014863968178114495 0.049128509943684409 -0.011914954445788425 -0.022659910133491834 -0.056715024464150644 0.086326994252315659 -0.01375849073517019 -0.061086474360491784 0.035571964373486774 0.052612600894792277 0.015261641611269179 -0.0097352255341847729 -0.0069067879917416716 -0.043543740398319257 -0.038818835541893859 0.0047438024516738208 -0.055764334588680201 0.0087382649859186132 -0.070679939789190377 0.022205933601609384 -0.030183304348321519
leaf_weight=77.912085889780428 66.137837408110499 3.3910027211532023 28.445965509628877 3980.1005103983916 3506.5139253322268 1692.7428401883226 266.55895707802847 11.136095032095907 226.81946185603738 34.421447917819023 3.9210296720266333 1.98580802977085 35.884285591950174 15.012165414169433 6.0689623691141596 3.7895057168789199 112.10663993420894 46.468757156049833 42.626938197528943 20.779707826703088 14.004165187478064 140.97367365984246 2.927554936381056 23.560087522258982 3.095214602071791 3.1446295890491456 13.341308522969483
leaf_count=566 501 20 214 17897 16425 7604 1222 118 1031 155 21 9 283 98 39 21 737 358 219 214 67 805 21 152 18 21 99
internal_value=-1.12113e-06 -0.00599857 0.000235718 4.20142e-05 -0.00115459 -0.00408617 0.00145613 0.00221398 -0.00467457 0.000301612 0.00948286 0.00420613 -0.0224085 -0.0385646 -0.0110236 -0.0020319 0.00141465 0.00793659 -0.0148798 -0.0189135 -0.00983711 0.00587705 0.0228278 0.0272895 -0.0182784 -0.0153855 -0.0465454
internal_weight=10383.9 394.481 9989.39 9784.43 5299.82 1758.88 4484.62 3991.24 493.378 3540.94 204.959 146.881 76.7929 31.7445 45.0485 317.688 250.492 158.575 67.1962 63.4066 91.9163 142.959 58.0782 52.0061 38.9795 6.07218 28.3535
internal_count=48935 2739 46196 44953 24685 8105 20268 18015 2253 16580 1243 835 557 217 340 2182 1728 1095 454 433 633 814 408 366 301 42 197
is_linear=0
shrinkage=0.05


Tree=161
num_leaves=26
num_cat=0
split_feature=3 4 9 8 18 4 11 28 15 36 44 30 27 5 28 11 14 28 21 14 43 34 14 17 29
split_gain=5.86119 5.64531 7.06784 9.53983 14.1989 9.52276 7.00922 8.75477 5.0657 4.92138 6.27935 8.05329 7.45014 0.861816 0.0732924 0.00405393 0.00183309 0.00109899 0.000997727 0.000657718 0.000498991 0.000258177 0.000167337 9.07399e-05 7.43604e-05
threshold=1.0000000180025095e-35 0.46450000000000008 2.2890000000000001 0.74166666666666681 1.0000000180025095e-35 1.0680000000000003 18.500000000000004 0.34450000000000003 -0.8304999999999999 0.36650000000000005 0.45350000000000007 1.5500000000000003 0.28950000000000004 0.84800000000000009 0.26900000000000007 2.5000000000000004 1.3270000000000002 0.28300000000000003 -1.0000000180025095e-35 0.64500000000000013 0.71400000000000008 0.6100000000000001 1.0000000180025095e-35 0.19600000000000004 1.8520000000000001
decision_type=2 2 2 2 2 2 2 2 2 2 2 2 2 2 2 2 2 2 2 2 2 2 2 2 2
left_child=15 9 3 4 -3 -5 8 -8 -4 13 11 -11 -12 -2 -15 17 19 18 -1 22 -19 -22 -17 -21 -20
right_child=1 2 6 5 -6 -7 7 -9 -10 10 12 -13 -14 14 -16 16 -18 20 24 23 21 -23 -24 -25 -26
leaf_value=-0.059298336524427619 -0.025581231808535523 -0.014550905750838658 0.00045672728321866345 -0.0099800691229074839 0.00063181923953302605 0.00082519671371283345 0.0049984377461584299 -0.028459560828491871 0.015884089059587818 -0.011761816506246692 -0.017584158849284003 0.059332691824556943 0.033937019522688634 -0.05916616932703575 -0.073249329648192571 -0.050110157181508796 -0.05386688821890051 -0.056850756665739501 -0.055724166612130824 -0.051766565493442711 -0.051499791108217091 -0.054048653416646157 -0.051153574267609338 -0.052538705742943018 -0.053830899052550001
leaf_weight=0.26380951702594757 2.2929813931696108 156.6962446635589 75.063187289750203 464.50029755476862 8920.5341611263575 363.45813227817416 69.758032433688641 27.165700420737267 182.77446767315269 8.7634132276289183 84.696887043770403 7.3025484834797671 7.6505010253749779 3.7034685877151787 1.2308961168164385 0.6635756994946862 1.0279189390130339 0.13127324767992832 0.093871416756882153 0.72689035395160295 0.13290991107351147 0.39345218852395192 0.9128507524728775 0.7984341299161315 0.11589232672122307
leaf_count=2 20 754 701 2040 40660 1575 302 118 871 108 923 57 97 65 20 364 20 24 3 26 54 22 50 19 40
internal_value=-1.12562e-06 2.56272e-05 0.000149447 -9.89106e-05 0.000369727 -0.00523676 0.00708377 -0.00437914 0.0113928 -0.01096 -0.00829678 0.0205532 -0.0133159 -0.0509094 -0.0626793 -0.0527634 -0.052037 -0.0554154 -0.0572519 -0.0514306 -0.0540929 -0.053405 -0.0507144 -0.0521707 -0.0546782
internal_weight=10380.9 10375.6 10260 9905.19 9077.23 827.958 354.761 96.9237 257.838 115.641 108.413 16.066 92.3474 7.22735 4.93436 5.26088 4.12967 1.13121 0.473573 3.10175 0.657635 0.526362 1.57643 1.52532 0.209764
internal_count=48935 48311 47021 45029 41414 3615 1992 420 1572 1290 1185 165 1020 105 85 624 479 145 45 459 100 76 414 45 43
is_linear=0
shrinkage=0.05


Tree=162
num_leaves=29
num_cat=0
split_feature=13 16 22 4 5 13 30 9 20 31 26 15 23 26 16 13 1 9 40 0 44 1 4 29 4 14 32 1
split_gain=5.71181 8.33591 9.05658 7.49378 7.33081 6.8373 10.3971 9.82792 9.53927 11.5662 9.36705 6.89746 6.5252 6.30066 5.43418 4.58408 4.85285 7.11632 4.35312 3.40277 2.57893 0.764977 0.0043226 0.00354868 0.000942272 0.000624952 0.000271178 1.94746e-07
threshold=0.50850000000000006 0.10400000000000001 1.0000000180025095e-35 1.7545000000000002 -0.33899999999999991 0.89600000000000013 1.5740000000000001 1.7070000000000001 -11.499999999999998 0.66200000000000014 0.70100000000000018 -0.98349999999999993 0.46099999999999991 0.31500000000000006 0.25450000000000006 1.0000000180025095e-35 15.500000000000002 1.6325000000000001 0.71500000000000008 11.500000000000002 0.46250000000000008 13.500000000000002 1.3270000000000002 2.5815000000000006 1.0000000180025095e-35 0.7965000000000001 0.62650000000000017 3.5000000000000004
decision_type=2 2 2 2 2 2 2 2 2 2 2 2 2 2 2 2 2 2 2 2 2 2 2 2 2 2 2 2
left_child=14 2 4 12 19 6 11 -8 9 -7 -10 -3 -4 -5 15 24 18 -18 -17 -2 -6 22 25 -24 27 -16 -26 -1
right_child=1 5 3 13 20 8 7 -9 10 -11 -12 -13 -14 -15 21 16 17 -19 -20 -21 -22 -23 23 -25 26 -27 -28 -29
leaf_value=-0.050067982103088493 -0.028675734963497474 -0.0085464216312903015 -0.0071402581835517641 -0.019704276750427366 0.10846805670244911 -0.058354889674971488 -0.024577754375611188 -0.00066188914753148879 0.00043922183607294162 0.016654633982019187 -0.015895815041459687 0.00013649138899912415 0.007405185328401823 0.040081730202674581 -0.051872152307220309 -0.013944816872261871 -0.036076516757226507 -0.0033402476343417763 0.0031340362833462555 0.020833320581688561 0.048922568927739329 -0.0079937418872486343 -0.053822465844845561 -0.057118222538923846 -0.051812358190457944 -0.053275978064943046 -0.05307608827115249 -0.050138838537749912
leaf_weight=0.68174433597596262 3.95154970511794 289.06540243141353 117.09551497362554 5.4197660807985839 2.1438796453876412 5.3518487513065329 102.57687453739345 73.906774641945958 7890.3738392000087 129.3604968264699 88.748283971799538 1095.5426432825625 225.76625157706439 23.57909451238811 1.199152383313048 49.268987281247973 27.523534394800663 41.833341453224421 153.70782385254279 28.513966712169349 11.976030690362675 1.0404932890087364 1.8014052389189603 1.4942716738441957 4.0771054305369034 2.3395162303932011 0.47384465089999128 0.11305376654490829
leaf_count=563 26 1281 592 50 38 23 440 333 35757 549 387 5009 1335 180 62 279 137 225 864 175 279 12 42 20 166 51 14 46
internal_value=-1.19304e-06 0.000196098 0.00710537 0.00450181 0.0278879 -0.000102732 -0.00313304 -0.0145624 0.000480296 0.0136747 0.000257534 -0.00167625 0.00243757 0.028908 -0.00697475 -0.00581319 -0.00491312 -0.0163313 -0.00101155 0.0148073 0.0579636 -0.0479332 -0.0540138 -0.0553168 -0.0516665 -0.0528003 -0.0519439 -0.0500781
internal_weight=10378.9 10093.4 418.446 371.861 46.5854 9674.93 1561.09 176.484 8113.83 134.712 7979.12 1384.61 342.862 28.9989 285.554 277.679 272.334 69.3569 202.977 32.4655 14.1199 7.87484 6.83435 3.29568 5.34575 3.53867 4.55095 0.794798
internal_count=48935 46454 2675 2157 518 43779 7063 773 36716 572 36144 6290 1927 230 2481 2294 1505 362 1143 201 317 187 175 62 789 113 180 609
is_linear=0
shrinkage=0.05


Tree=163
num_leaves=28
num_cat=0
split_feature=4 9 18 19 8 35 31 42 8 4 15 4 10 29 8 14 25 0 30 5 1 9 26 32 32 2 36
split_gain=5.60178 6.99331 9.03992 8.75621 9.13488 9.17487 8.25669 7.78722 9.75794 9.69912 7.29694 7.16398 7.29859 5.69575 5.64788 5.33291 4.65669 6.16772 6.49574 5.64834 7.36913 6.17854 5.33841 3.90192 0.0308151 0.00551509 0.00488041
threshold=0.57400000000000007 2.0850000000000004 1.0000000180025095e-35 0.39650000000000007 0.74166666666666681 0.78400000000000014 0.80100000000000016 0.28600000000000003 0.59166666666666679 0.87250000000000016 -1.1959999999999997 1.8545000000000003 15.500000000000002 2.6270000000000002 0.70000000000000007 0.47350000000000003 506.50000000000006 4.5000000000000009 1.5935000000000004 0.91500000000000015 36.500000000000007 2.4220000000000002 0.41800000000000004 0.49350000000000005 0.56350000000000011 4.5000000000000009 0.34200000000000003
decision_type=2 2 2 2 2 2 2 2 2 2 2 2 2 2 2 2 2 2 2 2 2 2 2 2 2 2 2
left_child=15 2 11 10 5 -5 -6 8 -4 -9 13 14 -13 -3 -2 24 17 22 -19 20 -18 -21 -17 -12 25 26 -1
right_child=1 3 7 4 6 -7 -8 9 -10 -11 23 12 -14 -15 -16 16 19 18 -20 21 -22 -23 -24 -25 -26 -27 -28
leaf_value=-0.060843679699906929 -0.018553988505038192 0.040348204186420926 0.0019551309593790803 0.0062161327283359064 -0.006261063479307551 0.029423029458644313 0.0093393232412767851 -0.016120943403822394 -0.0021725905902165808 -0.0018109428646953568 0.022402249825203419 0.06483282428156438 -0.019353462285191542 -0.0075618148963945454 0.0096769413022419568 0.048922684269388644 -0.0017585302923928731 -0.052731799169634656 0.046780707227244214 -0.023141880841036858 0.061477968637968554 -0.0038100624702555397 0.005988012248410144 0.080117003495152814 -0.067867608069434912 -0.059848706031657643 -0.054075274171623583
leaf_weight=0.35642226107302066 129.92521313671023 10.769505848176779 5158.4248149917694 261.76061169803143 274.17025879584253 50.86597878485918 122.80602480098605 126.28523563407362 1981.8779600915732 1899.1113590563182 4.5931117669679216 5.8967153355479223 4.5696339830756187 14.631844213930888 20.513588711619377 10.278420200920662 83.402813516790047 6.6373194947373104 2.1780065306229517 86.679242309182882 4.8763913214206687 79.002170654479414 24.491072887321934 8.0805092542432231 1.0799603548366574 2.0495287114754319 1.0536881147127131
leaf_count=17 612 121 24014 1150 1243 225 560 582 8731 8715 102 34 23 150 89 73 523 70 15 492 23 884 155 156 27 19 130
internal_value=-1.20022e-06 0.000199972 -0.00017302 0.00485271 0.00359933 0.00999202 -0.00143503 3.3229e-05 0.000809432 -0.00270318 0.0282119 -0.0119217 0.0280769 0.0127508 -0.0147045 -0.00671013 -0.00588955 0.00920944 -0.0281452 -0.00848084 0.00173455 -0.0139239 0.0186802 0.0592003 -0.0604944 -0.0581928 -0.0557861
internal_weight=10376.4 10074.3 9326.6 747.678 709.603 312.627 396.976 9165.7 7140.3 2025.4 38.075 160.905 10.4663 25.4014 150.439 302.085 297.545 43.5848 8.81533 253.961 88.2792 165.681 34.7695 12.6736 4.5396 3.45964 1.41011
internal_count=48935 46507 42800 3707 3178 1375 1803 42042 32745 9297 529 758 57 271 701 2428 2235 313 85 1922 546 1376 228 258 193 166 147
is_linear=0
shrinkage=0.05


Tree=164
num_leaves=28
num_cat=0
split_feature=14 41 26 44 5 44 19 22 15 6 26 43 22 25 17 11 23 19 14 41 22 16 19 21 2 10 5
split_gain=5.62228 9.40103 9.602 9.19075 11.6531 9.20777 8.59075 14.8152 10.7639 9.38037 10.4485 9.9996 8.49593 7.34214 6.56516 6.50206 6.38298 11.1479 7.40266 5.66522 6.27102 5.18088 5.91879 4.41405 5.43107 4.33414 4.12984
threshold=0.7965000000000001 0.41550000000000004 0.18350000000000002 0.47850000000000004 -1.5109999999999999 0.54300000000000015 1.7755000000000003 -0.29999999999999988 0.75450000000000006 0.30600000000000005 0.20550000000000002 0.74950000000000017 0.097222222222222168 509.50000000000006 0.14050000000000004 23.500000000000004 0.6665000000000002 1.6450000000000002 0.55800000000000016 0.49700000000000005 -0.56944444444444431 0.19600000000000004 1.9485000000000003 -24.499999999999996 22.500000000000004 11.500000000000002 -0.58449999999999991
decision_type=2 2 2 2 2 2 2 2 2 2 2 2 2 2 2 2 2 2 2 2 2 2 2 2 2 2 2
left_child=3 2 26 4 19 16 7 8 -3 10 -8 -11 -9 15 -15 -4 17 -5 -18 20 -1 25 -23 -7 -25 -6 -2
right_child=1 6 13 5 21 23 9 12 -10 11 -12 -13 -14 14 -16 -17 18 -19 -20 -21 -22 22 -24 24 -26 -27 -28
leaf_value=0.050852251890556338 0.028267136771249337 -0.0056562071530316706 -0.027411585251424314 -0.019302230039726132 0.080025527226710261 -0.072236494122529984 0.0038742735798109628 0.0023467638519861934 -0.035583965186995789 -0.002845946038175401 0.017121336633417875 0.0083013587662966442 -0.0012301189807614806 -0.0080669753191358745 0.035460022903917358 0.01966554058100644 -0.015113091973200356 0.0025396976341015144 0.033489965118038985 0.11606710167634282 -0.041859839642223978 -0.023383956105987383 -0.0082967042618039468 -0.0250726900656707 0.040362204114710865 -0.012271390384205799 0.094316168959423269
leaf_weight=6.0266542925965032 4.3477349961176515 809.62688870041166 17.813935820362534 66.626949124329258 2.7271278835542025 4.2483826577663413 505.31754840211943 2855.682726147701 31.202227341011167 718.14160506427288 211.01064336509444 279.46910260803998 3965.357815321302 11.795779651845804 32.618488907814026 12.467909127473829 10.682406879495828 474.18568566528847 29.384297601878643 2.0057841882808125 2.6154720843769601 102.55575253837742 177.54357548325788 29.885826814483153 3.5474867969751349 2.3837238363630604 5.1940786931663734
leaf_count=71 21 3591 91 458 47 18 2297 13036 138 3215 1183 1239 18728 59 148 55 74 2529 141 24 23 542 951 192 15 24 25
internal_value=-1.21988e-06 0.000360664 0.0169895 -0.00374506 -0.0109931 -0.000278303 0.000211261 -0.000504572 -0.00676679 0.00341127 0.0077765 0.000276842 0.000267371 0.0109561 0.0238999 -0.00802857 0.00127544 -0.000151181 0.0205316 0.0403639 0.0227937 -0.0129105 -0.0138208 -0.0242299 -0.0181296 0.0369778 0.0642209
internal_weight=10374.5 9460.05 84.2379 914.419 295.858 618.561 9375.81 7661.87 840.829 1713.94 716.328 997.611 6821.04 74.6961 44.4143 30.2818 580.879 540.813 40.0667 10.6479 8.64213 285.21 280.099 37.6817 33.4333 5.11085 9.54181
internal_count=48935 43826 399 5109 1682 3427 43427 35493 3729 7934 3480 4454 31764 353 207 146 3202 2987 215 118 94 1564 1493 225 207 71 46
is_linear=0
shrinkage=0.05


Tree=165
num_leaves=24
num_cat=0
split_feature=3 6 8 24 10 8 44 18 24 16 28 26 11 26 7 6 25 37 3 21 24 11 14
split_gain=5.61878 5.63464 8.09699 9.92961 8.46983 8.16235 9.73556 9.22155 7.83566 6.73815 6.11218 7.42815 5.80351 6.6899 5.62343 4.73789 3.96888 3.84409 3.49196 3.72655 0.0150835 0.00335524 0.00303756
threshold=0.33900000000000002 0.064500000000000016 0.12222222222222222 2.6680000000000006 15.500000000000002 0.36666666666666675 0.49150000000000005 0.54444444444444462 2.1010000000000004 0.18050000000000002 0.24100000000000002 0.36500000000000005 12.500000000000002 0.16150000000000003 0.24550000000000002 0.19600000000000004 503.50000000000006 0.52250000000000008 1.0000000180025095e-35 -7.4999999999999991 1.651 2.5000000000000004 0.89600000000000013
decision_type=2 2 2 2 2 2 2 2 2 2 2 2 2 2 2 2 2 2 2 2 2 2 2
left_child=15 8 3 9 -5 7 -7 -4 10 -3 14 -12 13 -10 -2 16 -1 -14 21 -20 22 -18 -17
right_child=1 2 5 4 -6 6 -8 -9 12 -11 11 -13 17 -15 -16 20 18 -19 19 -21 -22 -23 -24
leaf_value=0.068153443065974928 0.087577988866342327 0.021500333144797854 0.0047036160448173485 0.024688446123492015 -0.042921576545457751 -0.0026396848209287484 0.0011488224912070434 -0.0011664752122136832 -0.040049438141845077 -0.011811014461129338 0.0038342830730912175 -0.02215531105309089 0.024742023713044556 0.017933868709133865 0.015610060745304938 -0.055015405774289344 -0.055090789461128942 0.06930499748339658 -0.025430143791606664 0.0002165618582577872 -0.061873335520541375 -0.051923299112514025 -0.058083187776121453
leaf_weight=1.5802639682078723 3.6395309744402757 15.947354093194006 1726.6619229534408 35.604721799492836 5.3250596374273291 3439.675539437565 3344.6991386283189 1092.2757173047867 5.4937891447916618 315.84146963059902 198.58978436281905 31.910723464097828 11.306256331503393 52.632697038468905 10.677617287263272 1.6605056487023824 1.0687559344514728 8.460702143609522 21.851164706982672 40.261215602047741 2.2009752714075148 3.8398085915250704 1.5696232088375834
leaf_count=11 34 67 7653 161 23 15998 15497 4814 63 1362 1195 273 55 557 100 29 145 38 135 215 19 475 16
internal_value=-1.26927e-06 9.73955e-05 -0.000112953 -0.00734353 0.0158922 0.000167676 -0.000771949 0.00242909 0.00659993 -0.0102099 0.00220523 0.000236257 0.0204124 0.0124536 0.0339049 -0.0137267 -0.0101676 0.043816 -0.0120144 -0.00880596 -0.0586812 -0.052613 -0.0565061
internal_weight=10372.8 10298.7 9976.03 372.719 40.9298 9603.31 6784.37 2818.94 322.711 331.789 244.818 230.501 77.8934 58.1265 14.3171 74.0323 68.6012 19.767 67.0209 62.1124 5.4311 4.90856 3.23013
internal_count=48935 47890 45575 1613 184 43962 31495 12467 2315 1429 1602 1468 713 620 134 1045 981 93 970 350 64 620 45
is_linear=0
shrinkage=0.05


Tree=166
num_leaves=31
num_cat=0
split_feature=3 20 9 41 41 7 39 5 8 9 40 19 23 30 40 28 31 8 42 40 25 28 18 28 24 26 32 21 11 0
split_gain=5.51821 9.708 9.70722 8.63307 8.38166 7.76846 9.23368 9.41172 9.12576 11.6927 8.14199 7.12472 8.51097 7.17909 6.80825 6.48899 6.18985 5.69466 7.49167 6.01441 5.30034 8.52638 7.55042 7.05 7.24014 6.37081 6.09027 3.45598 6.1579 2.64241
threshold=0.82700000000000007 1.0000000180025095e-35 0.64150000000000007 0.55100000000000016 0.47700000000000004 0.11300000000000002 2.5155000000000003 -0.8909999999999999 0.78888888888888908 2.1015000000000006 0.72050000000000003 0.95100000000000007 -0.27249999999999991 1.4585000000000001 0.69100000000000006 0.26450000000000007 0.65600000000000014 0.18333333333333332 0.30900000000000005 0.74900000000000011 508.50000000000006 0.60950000000000004 0.63333333333333341 0.36650000000000005 2.6185000000000005 0.23250000000000004 0.56850000000000012 -8.4999999999999982 35.500000000000007 13.500000000000002
decision_type=2 2 2 2 2 2 2 2 2 2 2 2 2 2 2 2 2 2 2 2 2 2 2 2 2 2 2 2 2 2
left_child=1 4 20 11 14 6 10 -8 9 -7 -4 13 -13 -3 -1 -16 -10 19 -19 -6 21 25 -23 24 -22 -2 -25 28 -5 -29
right_child=2 3 5 27 17 8 7 -9 16 -11 -12 12 -14 -15 15 -17 -18 18 -20 -21 23 22 -24 26 -26 -27 -28 29 -30 -31
leaf_value=-0.056191873905319933 0.070978847877016069 0.020867996492937801 -0.0011556691382641081 0.0093323256547977584 0.065141112301487711 0.0010235689527021785 0.01361480564456187 -0.0067933992224196412 -0.021298080149846813 0.011192950609366165 0.017438311019109792 -0.00035595606036948496 -0.014050003599632621 -0.0053871053400836562 0.0088355560985703546 -0.025800920973572603 -0.0030570722713669334 -0.0037489939771235474 -0.055518693869777883 -0.0089101908537871817 -0.026024095731320276 0.00096518089038707337 -0.065132423485367685 0.030841912590435467 0.04663954895398293 0.0055733772790558522 0.0036550939701811241 -0.027016244695330489 -0.062118452529002624 -0.078711384228387901
leaf_weight=13.892329370020887 4.0795235987752667 71.988111778860912 181.86468660237733 8.9177889078855532 5.8426589958544337 6241.7776292511262 60.095762398093939 942.49842135247309 49.61830201279372 296.06820666743442 87.056864893529564 1109.8352674689959 126.38407176724286 40.788899077801034 17.29408976790728 62.000886080699274 741.79885956272483 99.937186980736442 7.5136354701244263 5.166826706379652 15.130188200622799 9.2989451158791798 8.0702024269849044 73.358586753252894 4.4323435327969483 42.615328579442576 28.642779394984245 4.7820146083249693 4.5561207681894293 5.1171470378758386
leaf_count=74 27 327 992 40 31 27819 281 5111 241 1378 473 5614 671 186 111 363 3251 567 50 25 114 49 55 474 58 294 184 26 20 29
internal_value=-1.20862e-06 -0.00271763 0.000488508 -0.00118044 -0.0126851 0.000244354 -0.00336341 -0.00557013 0.000870246 0.00148409 0.00486368 -0.000658442 -0.00175596 0.0113721 -0.0239036 -0.0182468 -0.0042007 -0.00385995 -0.00736906 0.0303883 0.011801 0.000162564 -0.0297457 0.0179345 -0.00956047 0.0112876 0.0232076 -0.031308 -0.0148283 -0.0537389
internal_weight=10370.4 1584.02 8786.41 1372.37 211.648 8600.78 1271.52 1002.59 7329.26 6537.85 268.922 1349 1236.22 112.777 93.1873 79.295 791.417 118.46 107.451 11.0095 185.628 64.064 17.3691 121.564 19.5625 46.6949 102.001 23.3731 13.4739 9.89916
internal_count=48935 8134 40801 6913 1221 39546 6857 5392 32689 29197 1465 6798 6285 513 548 474 3492 673 617 56 1255 425 104 830 172 321 658 115 60 55
is_linear=0
shrinkage=0.05


Tree=167
num_leaves=26
num_cat=0
split_feature=14 4 2 7 17 3 3 13 35 17 3 13 36 0 18 13 9 20 3 23 4 11 22 11 4
split_gain=5.48344 5.36999 6.38894 5.19939 10.727 7.43622 0.00281906 0.0013954 0.000761915 0.000612805 0.000274447 0.000268477 0.000186661 8.15856e-05 6.46282e-05 0.000112928 4.46233e-05 1.11837e-05 8.89477e-06 6.96368e-06 6.51149e-06 4.82745e-07 2.14437e-07 1.56631e-07 4.5618e-08
threshold=1.0000000180025095e-35 1.0000000180025095e-35 1.5000000000000002 0.31700000000000006 0.075500000000000012 0.49150000000000005 0.96650000000000003 0.7965000000000001 0.69700000000000006 0.24550000000000002 1.0000000180025095e-35 1.0000000180025095e-35 0.56700000000000006 9.5000000000000018 0.93333333333333346 1.2405000000000002 2.4905000000000004 3.5000000000000004 1.9835000000000003 -1.4909999999999997 1.9665000000000001 3.5000000000000004 -0.5166666666666665 1.0000000180025095e-35 0.46450000000000008
decision_type=2 2 2 2 2 2 2 2 2 2 2 2 2 2 2 2 2 2 2 2 2 2 2 2 2
left_child=6 7 17 5 -5 -4 10 11 -8 12 21 23 -9 -10 15 -12 -13 20 -19 -16 -3 24 -23 -2 -1
right_child=1 2 3 4 -6 -7 8 9 13 -11 14 16 -14 -15 19 -17 -18 18 -20 -21 -22 22 -24 -25 -26
leaf_value=-0.050019040783001567 -0.050070349919490734 0.050412931562113433 -0.015097057072924925 -0.0086938161536952302 0.0029950784060705504 -0.00045233032293987783 -0.054260344313809397 -0.051391739253685065 -0.052207283567455721 -0.053402758481144091 -0.051061929352857874 -0.051573462155615361 -0.05255062971944411 -0.052944958004816745 -0.051071316749282628 -0.052125405614124577 -0.051040957252094746 0.050567274734336934 0.050250433381302889 -0.050736823806246827 0.050212441365825394 -0.050119545274788936 -0.050233413051019131 -0.050160256868540622 -0.050073054426643587
leaf_weight=0.042945643712300252 0.64570605766493772 3.6533824256621292 87.662648108089343 214.59917336003855 2299.1349038130138 7750.0833833904471 1.2406736444681885 0.83634316362440608 0.73094411543570437 1.2074867603369055 0.53479874046752207 0.63868520548567165 0.59441436268389225 0.76932165026664734 0.32255500555038452 0.46813029143959284 1.0244790534488855 1.9274440379813316 0.25027096830308426 0.30061076721176494 0.45546974416356523 0.10121331945993006 0.069901821145322174 0.05237204598961398 0.43543723656330258
leaf_count=115 473 459 549 1106 10693 34470 25 39 26 26 35 26 14 17 17 14 58 179 52 24 131 45 21 19 302
internal_value=-1.21753e-06 2.40823e-05 4.90885e-05 1.8486e-05 0.00199719 -0.000616127 -0.0522637 -0.051783 -0.0533436 -0.0525733 -0.0509628 -0.0509 -0.0518732 -0.0525856 -0.0513099 -0.0515583 -0.0512454 0.0504393 0.0505309 -0.05091 0.0503907 -0.050094 -0.0501661 -0.0500771 -0.0500682
internal_weight=10367.8 10362.8 10357.8 10351.5 2513.73 7837.75 5.01653 4.99949 2.74094 2.63824 2.27559 2.36124 1.43076 1.50027 1.62609 1.00293 1.66316 6.28657 2.17772 0.623166 4.10885 0.649498 0.171115 0.698078 0.478383
internal_count=48935 48294 47639 46818 11799 35019 641 655 68 79 573 576 53 43 90 49 84 821 231 41 590 483 66 492 417
is_linear=0
shrinkage=0.05


Tree=168
num_leaves=23
num_cat=0
split_feature=13 3 2 41 25 40 16 14 4 14 3 7 4 3 20 3 4 1 14 17 37 10
split_gain=5.33752 5.12742 6.07493 5.08937 11.5468 6.75153 0.00362101 0.00132896 0.000768072 0.000470306 0.000176647 0.000139846 0.000115837 4.61417e-05 9.61406e-06 7.64624e-06 5.59817e-06 1.36317e-07 3.24642e-08 3.21364e-08 7.63516e-09 3.90588e-11
threshold=1.0000000180025095e-35 1.0000000180025095e-35 1.5000000000000002 0.41550000000000004 508.50000000000006 0.72050000000000003 0.16350000000000003 1.3270000000000002 1.0000000180025095e-35 0.60350000000000004 2.3265000000000007 0.19600000000000004 0.96650000000000003 1.1960000000000002 3.5000000000000004 1.9835000000000003 1.9665000000000001 3.5000000000000004 0.98350000000000015 0.32700000000000007 0.43300000000000005 10.500000000000002
decision_type=2 2 2 2 2 2 2 2 2 2 2 2 2 2 2 2 2 2 2 2 2 2
left_child=8 6 14 4 -4 -5 -2 9 17 -8 11 13 -13 -10 16 -16 -3 18 21 -19 -20 -1
right_child=1 2 3 5 -6 -7 7 -9 10 -11 -12 12 -14 -15 15 -17 -18 19 20 -21 -22 -23
leaf_value=-0.050017491877010246 -0.055331245053213733 0.050392638125601547 -0.014309846035337649 -0.002157119691471547 0.023158176352804753 0.00070687175541379876 -0.050638309888072323 -0.053477840585390235 -0.050943467728713027 -0.051942527936210285 -0.052513105950934162 -0.051534450822439862 -0.052318950176878799 -0.051527490996719418 0.050539323564101936 0.050238164054927481 0.050202054729362226 -0.05009596174171356 -0.050074160278869954 -0.050152486789763487 -0.050060851089985731 -0.050020793663081313
leaf_weight=0.028606794017831727 0.93491931678727169 3.4765690630301829 29.868041639216244 2849.7191262501292 66.000847984105349 7404.7376841509249 1.3675619625137194 0.93527599377557624 0.49223405634984407 1.3976727649569509 0.81162124313414086 0.82716525672003616 1.0914186810841782 1.0807543778792021 1.8344299187883737 0.23812178545631457 0.43334360199514765 0.05073194473516196 0.14501549059059471 0.049856451281812042 0.41944129148032516 0.013039830228080973
leaf_count=83 15 459 142 12966 306 33417 413 20 39 46 22 38 38 43 179 52 131 27 99 19 348 33
internal_value=-1.19686e-06 2.37519e-05 4.72841e-05 1.81701e-05 0.011485 -8.9033e-05 -0.052551 -0.0518486 -0.0515978 -0.0512975 -0.0518487 -0.0516942 -0.0519807 -0.0513447 0.0504177 0.0505047 0.0503715 -0.0500701 -0.0500611 -0.050124 -0.0500643 -0.0500185
internal_weight=10366 10360.9 10356.3 10350.3 95.8689 10254.5 4.63543 3.70051 5.00989 2.76523 4.30319 3.49157 1.91858 1.57299 5.98246 2.07255 3.90991 0.706692 0.606103 0.100588 0.564457 0.0416466
internal_count=48935 48146 47652 46831 448 46383 494 479 789 459 180 158 76 82 821 231 590 609 563 46 447 116
is_linear=0
shrinkage=0.05


Tree=169
num_leaves=27
num_cat=0
split_feature=13 19 15 3 11 40 15 19 13 24 6 19 21 6 42 39 40 31 42 3 5 12 28 30 42 8
split_gain=5.22239 8.43464 9.21002 9.44571 12.2234 8.85082 6.78932 13.4843 11.9346 6.81095 14.3651 9.68029 6.31139 5.9346 4.94625 5.43836 4.9638 4.7129 3.89493 3.84071 4.95622 3.50507 2.3001 2.24336 1.20424 0.0772754
threshold=0.40350000000000003 0.44600000000000006 -1.4914999999999998 0.80400000000000016 1.5000000000000002 0.72550000000000014 -0.98349999999999993 1.0365000000000002 0.85950000000000004 2.7085000000000004 0.14050000000000004 1.6545000000000003 22.500000000000004 0.87250000000000016 0.28450000000000003 2.7625000000000006 0.78000000000000014 0.82650000000000012 0.26250000000000007 0.40450000000000003 -0.75449999999999984 3.5000000000000004 0.40800000000000008 1.5200000000000002 0.29400000000000004 0.25833333333333336
decision_type=2 2 2 2 2 2 2 2 2 2 2 2 2 2 2 2 2 2 2 2 2 2 2 2 2 2
left_child=14 2 12 5 -5 -4 7 8 -3 11 -11 -8 13 -2 16 22 19 -9 -18 25 -21 -17 24 -24 -16 -1
right_child=1 6 3 4 -6 -7 9 17 -10 10 -12 -13 -14 -15 15 21 18 -19 -20 20 -22 -23 23 -25 -26 -27
leaf_value=-0.075199897450868802 -0.0099485170627830882 -0.0080978677143296561 -0.072429749201623539 0.043057077142875919 0.010827508954863478 0.0061133249009713659 -0.0026071047782922517 -0.025939953856897263 0.0068797731139345125 0.046593961511755794 0.001771010782152947 0.0014547857413331996 0.059990240148684718 0.031053614067548363 -0.036747965505471318 0.089209491068701519 0.089102835102669739 -0.071433909131240161 -0.016060247866660809 0.026222976623853003 -0.01102078974590396 -0.017982222827001442 -0.039910049694250251 0.059975728526308829 -0.063787048174124172 -0.055967635489863422
leaf_weight=1.729853137454483 81.543236963450909 418.28963716328144 5.2194426655769375 43.886036837939173 89.240285042673349 11.466780707240103 3284.4351927433163 27.88057710789144 195.01100304536521 17.969170572818257 3411.3472902551293 2650.4917314583727 3.8317179232835761 9.8960840753279609 9.5879617748141843 1.3694940917484921 2.3957220792071889 7.153312735259532 1.3920757255400529 10.2683416781947 68.675091983983293 1.7210074365139005 1.2427534282032859 1.0263739327783694 7.2176673751964691 0.74821045240969386
leaf_count=30 399 1888 27 438 400 54 14824 147 901 310 15335 12513 17 192 106 32 35 34 24 65 918 11 25 18 101 91
internal_value=-1.17213e-06 0.000113655 0.00927786 0.0170073 0.0214522 -0.0184549 -0.000110662 -0.00505886 -0.00333543 0.000231927 0.00200588 -0.000793096 -0.00287663 -0.00551103 -0.0109708 -0.0320117 -0.00549751 -0.035229 0.0504537 -0.00810041 -0.00617641 0.0295176 -0.0419808 0.00527038 -0.0483607 -0.069393
internal_weight=10365 10257.7 245.084 149.813 133.126 16.6862 10012.6 648.335 613.301 9364.24 3429.32 5934.93 95.271 91.4393 107.375 22.1653 85.2093 35.0339 3.7878 81.4215 78.9434 3.0905 19.0748 2.26913 16.8056 2.47806
internal_count=48935 47479 1527 919 838 81 45952 2970 2789 42982 15645 27337 608 591 1456 293 1163 181 59 1104 983 43 250 43 207 121
is_linear=0
shrinkage=0.05


Tree=170
num_leaves=26
num_cat=0
split_feature=4 39 25 23 24 13 18 44 7 19 10 42 39 15 16 7 13 17 13 36 8 36 1 11 15
split_gain=5.10605 4.96944 6.88884 8.85958 7.00354 6.72027 12.2497 9.3867 9.3343 8.61545 10.9155 10.653 5.88476 5.70477 6.15275 3.20771 0.00115909 0.000485995 0.00023781 0.000157972 4.77716e-05 5.97775e-06 1.17488e-07 2.7854e-08 2.69536e-08
threshold=1.0000000180025095e-35 2.7295000000000003 510.50000000000006 0.54100000000000015 2.0675000000000003 1.4105000000000001 0.36666666666666675 0.47650000000000003 0.44900000000000007 0.96100000000000008 11.500000000000002 0.25450000000000006 2.8350000000000004 1.4900000000000002 0.69100000000000006 0.18650000000000003 0.7965000000000001 0.24550000000000002 1.0000000180025095e-35 0.56700000000000006 0.81666666666666676 0.50300000000000011 3.5000000000000004 1.0000000180025095e-35 -0.50849999999999984
decision_type=2 2 2 2 2 2 2 2 2 2 2 2 2 2 2 2 2 2 2 2 2 2 2 2 2
left_child=16 5 13 4 -4 9 8 -8 -7 10 -2 -11 -5 14 -3 -15 18 19 22 -18 -20 -22 24 -24 -1
right_child=1 2 3 12 -6 6 7 -9 -10 11 -12 -13 -14 15 -16 -17 17 -19 20 -21 21 -23 23 -25 -26
leaf_value=-0.050060516711535288 0.033432213474587982 -0.0086093190931220108 0.012590103138744627 0.0095331825361422047 -0.0074548614983351554 0.0084450267473903922 -0.0034113678256731169 0.0026460298842639444 0.044758584285823994 0.00087634179375023578 0.0014482411531136958 -0.0044115475472888783 0.04595840390450473 0.046004812606319563 -0.044163668784347916 -0.00041242847626990411 -0.051328764804419148 -0.053174948750902812 -0.051490841282435633 -0.052420626134839936 -0.050827312185959095 -0.051093318533650817 -0.050090757376586519 -0.050144874720841365 -0.050017171968934682
leaf_weight=0.53069000848336156 27.018778179073706 354.12670019967481 54.729634433984756 72.114371942356229 213.82167094573379 402.96502124122344 883.96892551495694 2313.1250388310291 18.509209620533511 1689.2601861691801 2102.6155129601248 2183.710813859303 13.103004702366887 7.110722264624199 12.601120607694609 7.810082171112299 0.79834575066342972 1.1566895095165817 0.72800498295691773 0.56622546911239624 0.4945121977943927 0.36864216695539653 0.047896682168357074 0.047215734841302037 0.038465699966763411
leaf_count=447 219 1636 278 349 986 1876 4119 10827 199 7689 9785 9979 60 48 70 38 39 29 33 14 34 19 27 19 116
internal_value=-1.13818e-06 2.26992e-05 -0.00393883 0.00108747 -0.00336978 0.000325508 0.00202747 0.000971212 0.0100398 -0.000700493 0.00185402 -0.00210515 0.0151339 -0.00859795 -0.009831 0.0217084 -0.0516843 -0.052421 -0.0508608 -0.0517818 -0.0511925 -0.0509409 -0.0500662 -0.0501176 -0.0500576
internal_weight=10361.4 10356.6 735.417 353.769 268.551 9621.17 3618.57 3197.09 421.474 6002.61 2129.63 3872.97 85.2174 381.649 366.728 14.9208 4.77669 2.52126 2.25543 1.36457 1.59116 0.863154 0.664268 0.0951124 0.569156
internal_count=48935 48158 3465 1673 1264 44693 17021 14946 2075 27672 10004 17668 409 1792 1706 86 777 82 695 53 86 53 609 46 563
is_linear=0
shrinkage=0.05


Tree=171
num_leaves=22
num_cat=0
split_feature=14 19 7 24 22 9 36 15 23 24 39 13 1 25 21 19 3 6 23 22 44
split_gain=5.20695 7.00887 6.74608 10.4833 10.3907 10.3753 9.74595 9.13812 5.96769 7.36963 6.64778 5.91738 10.0007 5.33951 4.83815 4.03339 3.64133 5.74095 3.66445 3.72753 2.31444
threshold=0.40450000000000003 2.3170000000000006 0.21550000000000002 1.6255000000000002 -0.43055555555555552 1.7230000000000001 0.35000000000000003 1.1345000000000003 0.16000000000000006 2.4190000000000005 2.6970000000000005 1.8545000000000003 10.500000000000002 504.50000000000006 -16.499999999999996 2.6570000000000005 1.6940000000000002 0.66100000000000014 0.6665000000000002 -0.5166666666666665 0.48650000000000004
decision_type=2 2 2 2 2 2 2 2 2 2 2 2 2 2 2 2 2 2 2 2 2
left_child=14 2 3 13 5 -4 -6 -5 9 10 -3 12 -10 -2 -1 -11 18 20 19 -16 -18
right_child=1 8 4 7 6 -7 -8 -9 11 15 -12 -13 -14 -15 16 -17 17 -19 -20 -21 -22
leaf_value=0.072234235243315334 0.047468566489039812 0.0097351492350595155 -0.006669439286553969 -0.00080303768962635899 -0.0078917544236835058 0.051001669616473934 0.0021806105238622738 -0.015908170632471231 0.0079510047790849522 0.020920424588219799 -0.012241290361737829 0.026015500827557908 -0.090172657821558089 -0.016974119829254796 0.0032028009055744405 0.059787162901098569 -0.084139666839435565 0.012719897368195399 0.059317025300725024 -0.021219518366880057 -0.033610140383621492
leaf_weight=1.6484562382102002 3.2954879365861407 198.79749426292256 504.72203108726535 4086.0317034917534 252.55522005469538 7.9210992455482474 4893.4128101028618 102.64136005938053 4.9297116398811323 33.208625299856067 41.614783910103142 4.2942411601543418 5.4868664741516113 130.56220022856724 25.764895099331625 8.3542835712432844 4.7922877967357618 3.8321633934974662 1.8733447386184696 39.694700440959423 4.2991963720414788
leaf_count=8 23 1107 2262 19109 1204 34 22268 453 23 180 204 24 24 790 503 121 28 18 24 504 24
internal_value=-1.04347e-06 9.90238e-05 -0.00012609 -0.00161337 0.00101002 -0.00577833 0.00168628 -0.00117318 0.00767232 0.00929203 0.00593108 -0.0233741 -0.043735 -0.0153876 -0.012558 0.0287328 -0.0142996 -0.0386093 -0.00963364 -0.0116069 -0.0602452
internal_weight=10359.7 10277.8 9981.14 4322.53 5658.61 512.643 5145.97 4188.67 296.686 281.975 240.412 14.7108 10.4166 133.858 81.905 41.5629 80.2566 12.9236 67.3329 65.4596 9.09148
internal_count=48935 47826 46143 20375 25768 2296 23472 19562 1683 1612 1311 71 47 813 1109 301 1101 70 1031 1007 52
is_linear=0
shrinkage=0.05


Tree=172
num_leaves=27
num_cat=0
split_feature=4 24 15 19 18 1 3 1 19 18 18 5 1 32 44 40 21 26 5 1 13 20 41 44 5 22
split_gain=5.18528 7.62119 11.5424 13.7605 10.5531 8.45963 9.95863 8.80621 10.8664 10.144 8.19051 6.76925 14.4478 5.49262 5.17504 6.84035 6.73315 9.47557 5.08766 4.96391 4.95533 4.13604 4.044 3.44455 2.90033 1.13521
threshold=0.85450000000000015 3.0850000000000004 0.11300000000000002 1.2790000000000001 0.29999999999999999 57.500000000000007 1.8250000000000004 29.500000000000004 1.6545000000000003 0.78888888888888908 0.18333333333333332 0.46550000000000008 11.500000000000002 0.30700000000000005 0.42150000000000004 0.68400000000000016 18.500000000000004 0.60950000000000004 -0.14049999999999999 8.5000000000000018 0.82700000000000007 -6.4999999999999991 0.47250000000000003 0.51250000000000007 0.76600000000000013 0.25833333333333336
decision_type=2 2 2 2 2 2 2 2 2 2 2 2 2 2 2 2 2 2 2 2 2 2 2 2 2 2
left_child=13 5 3 4 -3 7 24 8 -2 -9 -5 23 -13 19 16 20 17 -15 -17 21 -16 -1 -23 -4 -7 -21
right_child=1 2 11 10 -6 6 -8 9 -10 -11 -12 12 -14 14 15 18 -18 -19 -20 25 -22 22 -24 -25 -26 -27
leaf_value=0.067029702453990925 -0.001140446502208507 0.00050933085664966191 0.050699476779781621 -0.056483771949412724 0.009699852631264376 0.084314881715198145 -0.0069478555358699892 -0.0021996821930882204 0.0034365589826857385 -0.014800174012904666 -0.0074908018117371428 -0.035422640596883999 0.015683864029055552 0.021468224025774738 0.053811576148804302 -0.029163129428952397 0.075519915193956982 -0.059412480467700479 -0.0032238738992177588 -0.03568147529643128 0.0081466588618718805 0.027979005283790787 -0.068287797613651155 0.008284283080459651 0.033953536977918246 -0.067846001792897265
leaf_weight=1.8631796832196421 3425.017392194306 858.00263257627375 17.895936165470633 8.8734333962202054 491.14778666559141 6.5473659038543719 9.3718045055866224 1552.032038487494 2086.907014345401 178.04828929156065 220.84224471077323 15.140922892838715 159.6006315946579 22.138875672986622 8.1412609691033158 19.20138791424688 4.3263281956315032 4.3293773795012376 1218.632435948035 5.6826506033539754 21.980146261397749 2.1037287234794366 2.266030916624004 6.5343894972465923 5.0746853202581406 5.3034010864794254
leaf_count=23 15546 4178 181 38 2311 27 39 6597 10119 752 1055 122 796 130 62 148 21 30 6467 32 100 21 23 64 21 32
internal_value=-1.02655e-06 0.000425801 0.0033598 0.00192897 0.00385507 -0.000292464 0.0314011 -0.00038434 0.000592485 -0.00349644 -0.0093833 0.0147022 0.0112556 -0.00293344 -0.0025615 -0.00305337 0.017691 0.00823867 -0.00362625 -0.0309875 0.020489 0.00465372 -0.0219422 0.0393547 0.062325 -0.0512086
internal_weight=10357 9041.04 1778.04 1578.87 1349.15 7263 20.9939 7242 5511.92 1730.08 229.716 199.172 174.742 1315.97 1298.75 1267.96 30.7946 26.4683 1237.83 17.219 30.1214 6.23294 4.36976 24.4303 11.6221 10.9861
internal_count=48935 41846 8745 7582 6489 33101 87 33014 25665 7349 1093 1163 918 7089 6958 6777 181 160 6615 131 162 67 44 245 48 64
is_linear=0
shrinkage=0.05


Tree=173
num_leaves=26
num_cat=0
split_feature=14 17 7 2 4 43 14 22 19 10 43 1 18 20 32 3 35 3 8 18 13 23 11 22 4
split_gain=5.08852 4.92216 8.91129 8.99355 9.83871 8.92159 7.33561 7.02455 6.00556 10.0088 9.97238 7.8952 7.61747 7.56157 7.25603 0.00211256 0.000512374 0.000225361 8.34299e-05 5.18993e-05 9.49618e-05 6.23324e-06 3.40399e-07 1.45387e-07 3.3167e-08
threshold=1.0000000180025095e-35 0.18050000000000002 0.046500000000000007 3.5000000000000004 1.0165000000000002 0.68600000000000005 2.6835000000000004 0.48333333333333339 0.96100000000000008 15.500000000000002 0.69800000000000006 27.500000000000004 0.4555555555555556 10.500000000000002 0.30700000000000005 0.96650000000000003 0.69700000000000006 1.0000000180025095e-35 0.4555555555555556 0.93333333333333346 1.2405000000000002 -1.4909999999999997 3.5000000000000004 -0.5166666666666665 0.46450000000000008
decision_type=2 2 2 2 2 2 2 2 2 2 2 2 2 2 2 2 2 2 2 2 2 2 2 2 2
left_child=15 8 6 5 -5 -4 7 -3 9 10 -2 -11 13 -10 -14 17 -17 22 -18 20 -19 -21 24 -24 -1
right_child=1 2 3 4 -6 -7 -8 -9 12 11 -12 -13 14 -15 -16 16 18 19 -20 21 -22 -23 23 -25 -26
leaf_value=-0.050015636053224656 -0.015823658788710847 -0.0092489976835894976 -0.040163617164071595 -0.0022749598172519671 0.0020567633227000265 0.016861345893338823 -0.077855437909375991 0.0091647344824518275 -0.0075185254309652061 -0.012622289123074682 0.0094529998829343213 0.0089209322210613146 -0.027254630929559778 0.030987799064790263 -0.00050451192173972873 -0.05383936607480605 -0.052772137937585978 -0.050998112736719427 -0.052002110643765975 -0.051028778560071902 -0.052002882122949137 -0.050705416295795183 -0.050108997578817198 -0.050208029683912796 -0.050066330851745944
leaf_weight=0.035132620716466945 43.295844168111216 304.10363045637496 7.2420879348646841 1790.7744003226981 4891.4177843076177 129.61789390566992 3.5980274342000476 62.425442558713257 756.67775815469213 146.93330769386375 395.21667324833106 59.852467685937881 25.729792170226574 12.967834084294735 1719.9815786068793 1.1456514252349737 0.762843331787735 0.50207466905703746 0.65276643459219486 0.30958371516317129 0.44232897646725178 0.28736494644545019 0.092275397037155926 0.061936033627716824 0.39515175606356934
leaf_count=115 237 1560 67 7939 21504 1185 22 347 3445 912 2460 264 138 59 8155 25 19 35 24 17 14 24 45 21 302
internal_value=-9.33131e-07 2.26546e-05 0.000745641 0.00115576 0.000895896 0.0138438 -0.00681027 -0.00611286 -0.00162184 0.00268122 0.00695735 -0.00638678 -0.00272576 -0.00686973 -0.000898778 -0.0520862 -0.0530533 -0.050921 -0.0524171 -0.051238 -0.0514687 -0.0508731 -0.050085 -0.0501488 -0.0500622
internal_weight=10354.5 10349.8 7189.18 6819.05 6682.19 136.86 370.127 366.529 3160.66 645.298 438.513 206.786 2515.36 769.646 1745.71 4.68711 2.56126 2.12585 1.41561 1.54135 0.944404 0.596949 0.584496 0.154211 0.430284
internal_count=48935 48294 32624 30695 29443 1252 1929 1907 15670 3873 2697 1176 11797 3504 8293 641 68 573 43 90 49 41 483 66 417
is_linear=0
shrinkage=0.05


Tree=174
num_leaves=26
num_cat=0
split_feature=13 42 3 9 7 7 4 44 13 22 11 32 3 14 32 8 4 33 3 7 1 11 14 36 0
split_gain=4.97355 4.92173 6.66387 10.4383 8.11581 7.17221 6.78302 5.97413 9.88297 10.0025 9.59407 13.4337 9.41722 9.22765 5.84242 5.12624 0.000617716 0.000143894 7.68777e-05 5.30465e-05 1.12971e-07 3.06024e-08 2.29258e-08 5.59917e-09 2.85564e-11
threshold=1.0000000180025095e-35 0.22850000000000004 0.57400000000000007 0.62750000000000006 0.46900000000000003 0.47250000000000003 0.46450000000000008 0.47850000000000004 1.0850000000000002 -0.36666666666666653 17.500000000000004 0.62500000000000011 1.6545000000000003 1.3390000000000002 0.51950000000000018 0.43055555555555564 1.0000000180025095e-35 0.37450000000000006 2.3265000000000007 0.19600000000000004 3.5000000000000004 1.0000000180025095e-35 0.98350000000000015 0.56700000000000006 9.5000000000000018
decision_type=2 2 2 2 2 2 2 2 2 2 2 2 2 2 2 2 2 2 2 2 2 2 2 2 2
left_child=16 7 3 14 6 -6 -4 10 9 -9 11 -2 -10 -12 -3 -5 20 18 19 -18 22 -22 24 -24 -1
right_child=1 2 4 15 5 -7 -8 8 12 -11 13 -13 -14 -15 -16 -17 17 -19 -20 -21 21 -23 23 -25 -26
leaf_value=-0.050014163136360902 0.011661558489874366 0.0045917872330310831 -0.014596103765765603 -0.014150949017950422 0.052298193452873079 0.006252349712519114 -0.00023734297471878104 0.062438950517335758 0.0092235677820301284 -0.0035757487427070115 -0.00067920752692735161 -0.036640069105256245 0.034440400957960755 -0.020151688000836797 -0.01489292256643337 -0.043191048875632132 -0.051293096133622589 -0.052548767919634837 -0.052109581269889495 -0.051723408437067832 -0.050085740576290817 -0.050143508414408136 -0.05005452604518823 -0.050066559793682242 -0.050017158803535848
leaf_weight=0.021473757515194758 185.1835646382533 159.44526291044895 83.046851183753461 120.52907344818232 8.6719526350498182 341.04476874950342 8558.6764788974542 5.9152604113332918 268.62405838770792 191.55963194975629 213.53594875335693 15.608280718559397 42.942535363836214 85.080894991755486 50.706944277044386 17.388880366110243 1.3529151603579528 0.48946027003694315 0.68714537471532811 1.5217707204865289 0.045310836052522063 0.04640509095042944 0.375496587716043 0.13017375662457198 0.012636836545425467
leaf_count=77 955 1081 570 670 39 2131 38444 35 1199 911 923 79 197 359 396 157 73 19 21 67 27 19 348 99 39
internal_value=-9.16434e-07 2.23968e-05 -0.00033592 -0.00712408 -7.31411e-05 0.00739415 -0.00037533 0.00334085 0.00715267 -0.00159831 -0.000544481 0.0079069 0.0126991 -0.00622724 -0.000109615 -0.0178124 -0.0515182 -0.0517449 -0.0516345 -0.0515209 -0.0500637 -0.050115 -0.0500549 -0.0500576 -0.0500153
internal_weight=10352.6 10348 9339.51 348.07 8991.44 349.717 8641.72 1008.45 509.041 197.475 499.409 200.792 311.567 298.617 210.152 137.918 4.68279 4.05129 3.56183 2.87469 0.631497 0.0917159 0.539781 0.50567 0.0341106
internal_count=48935 48146 43488 2304 41184 2170 39014 4658 2342 946 2316 1034 1396 1282 1477 827 789 180 161 140 609 46 563 447 116
is_linear=0
shrinkage=0.05


Tree=175
num_leaves=29
num_cat=0
split_feature=14 41 26 10 17 8 10 18 15 15 15 23 13 40 1 22 8 8 40 25 1 17 23 18 16 5 32 5
split_gain=4.97689 7.91401 8.4431 7.89224 9.39045 7.68664 7.64088 9.7777 9.74366 7.33567 7.62592 7.53497 7.14047 6.8187 6.61656 6.35819 13.9353 10.0223 5.91883 5.9037 7.22184 5.87292 5.2607 4.20457 12.0958 5.19845 4.01447 3.58723
threshold=0.7965000000000001 0.41550000000000004 0.18350000000000002 3.5000000000000004 0.27700000000000008 0.76388888888888895 4.5000000000000009 0.59166666666666679 0.08900000000000001 0.6170000000000001 0.63800000000000012 0.35999999999999999 2.2245000000000004 0.72450000000000003 16.500000000000004 -0.29999999999999988 0.36666666666666675 0.59166666666666679 0.68100000000000016 509.50000000000006 21.500000000000004 0.14050000000000004 1.0785000000000002 0.76388888888888895 0.70200000000000007 -0.52749999999999997 0.41800000000000004 -0.58449999999999991
decision_type=2 2 2 2 2 2 2 2 2 2 2 2 2 2 2 2 2 2 2 2 2 2 2 2 2 2 2 2
left_child=3 2 27 9 5 22 7 -6 -8 11 -11 13 15 -1 -7 17 -17 -3 -12 20 -4 -21 -5 25 -25 -14 -13 -2
right_child=1 12 19 4 6 14 8 -9 -10 10 18 26 23 -15 -16 16 -18 -19 -20 21 -22 -23 -24 24 -26 -27 -28 -29
leaf_value=-0.024461753564802645 0.025897979759862268 -0.0026444959766296957 -0.031787551406741152 -0.026732210842476813 0.041135615318304355 0.051166432807873863 0.013687270916118714 -0.0031646497616594181 -0.015780250694835466 -0.059539967582111122 -0.042277423421127745 0.09769368544132756 0.00058267362033323424 0.027734693814030514 -0.020572736741396924 0.0044990874638281084 -0.00058348299237520542 -0.051275226815649583 -0.00019661239648781763 -0.0087726542844961067 0.017189395976708138 0.032400287975151078 0.045072123274334193 -0.025248225408671832 0.0147741341239886 0.022376564121192998 0.033390719796512057 0.087408153608446948
leaf_weight=10.222945755347611 4.3021319354884326 1480.4638139333692 14.975469779164998 106.56068245804636 19.607492623617873 6.5301307277986762 36.659380949058686 34.147917909314856 119.48819628125057 5.5950701162219039 8.4906320807058346 3.9273249506950361 40.754198753274977 16.127938311547041 6.3294124603271484 1747.2940722531057 5910.6550227819243 10.671009011566637 527.6602772930637 11.780315925600005 15.132139235734938 32.709442995488644 2.6133940890431395 29.164241025224328 53.528477860847488 83.26399643404875 6.3544252067804337 5.2786412541754526
leaf_count=54 21 6674 80 777 91 49 366 187 646 26 43 21 225 80 30 8098 27348 46 2696 59 66 148 14 147 385 504 29 25
internal_value=-9.63576e-07 0.00033951 0.0156019 -0.00353168 -0.00967711 -0.0207066 -0.00326478 0.012994 -0.00886204 -4.75633e-06 -0.00146902 0.0216497 0.000202187 0.00748484 0.0158567 -5.44064e-06 0.000576194 -0.00299251 -0.000863016 0.00992702 -0.00717165 0.0214982 -0.0250134 0.00939186 0.000658965 0.0152148 0.0579526 0.0597877
internal_weight=10350.3 9439.97 84.1781 910.315 331.937 122.034 209.903 53.7554 156.148 578.379 541.746 36.6326 9355.79 26.3509 12.8595 9149.08 7657.95 1491.13 536.151 74.5974 30.1076 44.4898 109.174 206.711 82.6927 124.018 10.2818 9.58077
internal_count=48935 43826 399 5109 2160 870 1290 278 1012 2949 2765 184 43427 134 79 42166 35446 6720 2739 353 146 207 791 1261 532 729 50 46
is_linear=0
shrinkage=0.05


Tree=176
num_leaves=27
num_cat=0
split_feature=14 4 7 41 20 9 59 24 15 22 29 19 42 41 36 26 24 33 24 8 18 13 23 11 22 4
split_gain=4.80978 4.8555 7.1004 11.1939 11.393 8.49053 7.67313 9.41045 6.99207 6.82029 5.70782 10.6979 7.80811 2.3038 4.43847 2.83429 0.00181572 0.000448859 0.000190531 7.05662e-05 4.40475e-05 8.14138e-05 5.53384e-06 2.86978e-07 1.20119e-07 2.72986e-08
threshold=1.0000000180025095e-35 1.9025000000000001 0.11300000000000002 0.47550000000000003 -11.499999999999998 0.83650000000000013 9.5000000000000018 2.1115000000000008 -0.78449999999999986 0.40833333333333338 2.8575000000000004 1.6545000000000003 0.23850000000000002 0.50500000000000012 0.49400000000000005 0.39850000000000008 0.97050000000000003 0.30300000000000005 1.0000000180025095e-35 0.4555555555555556 0.93333333333333346 1.2405000000000002 -1.4909999999999997 3.5000000000000004 -0.5166666666666665 0.46450000000000008
decision_type=2 2 2 2 2 2 2 2 2 2 2 2 2 2 2 2 2 2 2 2 2 2 2 2 2 2
left_child=16 2 3 5 -5 -2 8 -8 -4 10 11 -3 -12 15 -15 -11 18 19 23 -18 21 -20 -22 25 -25 -1
right_child=1 9 6 4 -6 -7 7 -9 -10 13 12 -13 -14 14 -16 -17 17 -19 20 -21 22 -23 -24 24 -26 -27
leaf_value=-0.050014342775088177 0.021893649527381473 0.00085039964591843457 -0.0034481068869803102 0.013785078810358462 -0.0091444971269797441 -1.9901868945725038e-05 -0.0041042256797535898 0.00048388422471975259 0.0050405812269319027 0.086658879578441608 -0.033407618899573464 0.016147999058672934 -0.00040587177015527205 -0.033716324656020751 0.061306056457554804 0.020562280914544338 -0.052628331816446577 -0.053657101075509389 -0.050941460169038846 -0.051902349494539146 -0.050977010871248285 -0.051897074678922121 -0.050663114380553501 -0.050103230987606065 -0.050195806998642289 -0.050062319635516821
leaf_weight=0.032228082025539506 49.066129176877439 320.2187156357104 300.20014531997731 58.518770154449157 729.52959827333689 445.95493985473877 1412.6643760502338 5350.4713870026171 1263.9868262523669 4.1215269193053228 19.644923041923903 177.70984966680408 204.4856734694913 2.3613969434518367 2.5624685816001147 2.6743021584115922 0.7262952921446415 1.0939940796233711 0.47337182238697983 0.62084847677033395 0.29335052566602826 0.42119461158290505 0.26931135938502848 0.087455398519523442 0.058462392480578274 0.37056762259453535
leaf_count=115 242 1609 1588 476 3769 2461 6194 23012 6545 32 112 1052 1122 16 27 37 19 25 35 24 17 14 24 45 21 302
internal_value=-1.04269e-06 2.13075e-05 -0.000278023 -0.00374035 -0.0074418 0.00215215 0.000255451 -0.000474467 0.00341142 0.00394168 0.00332755 0.00631009 -0.00329846 0.0417787 0.015735 0.0606485 -0.0519889 -0.0529047 -0.0508744 -0.0522938 -0.0511734 -0.0513914 -0.0508268 -0.0500802 -0.0501403 -0.0500585
internal_weight=10348.6 10344.2 9610.39 1283.07 788.048 495.021 8327.32 6763.14 1564.19 733.779 722.059 497.929 224.131 11.7197 4.92387 6.79583 4.44708 2.44114 2.00594 1.34714 1.45723 0.894566 0.562662 0.548713 0.145918 0.402796
internal_count=48935 48294 44287 6948 4245 2703 37339 29206 8133 4007 3895 2661 1234 112 43 69 641 68 573 43 90 49 41 483 66 417
is_linear=0
shrinkage=0.05


Tree=177
num_leaves=24
num_cat=0
split_feature=3 4 59 17 7 59 11 23 14 19 23 17 14 1 36 14 0 10 23 1 3 4 36
split_gain=4.86704 4.72247 5.45529 4.59681 7.60292 5.47921 0.00274136 0.00112782 0.00112417 0.000641117 0.000430247 0.000414333 0.000352798 0.000237905 0.000153207 9.51622e-05 6.16048e-05 5.04541e-05 4.58712e-05 8.08155e-06 6.43835e-06 4.54863e-06 4.97865e-09
threshold=1.0000000180025095e-35 1.0000000180025095e-35 1.5000000000000002 0.18050000000000002 0.046500000000000007 26.500000000000004 2.5000000000000004 -0.68299999999999983 1.1960000000000002 0.96500000000000008 -0.33399999999999991 0.24550000000000002 0.60350000000000004 3.5000000000000004 0.56700000000000006 1.0000000180025095e-35 15.500000000000002 5.5000000000000009 0.66500000000000015 1.0000000180025095e-35 1.9835000000000003 1.9665000000000001 0.56700000000000006
decision_type=2 2 2 2 2 2 2 2 2 2 2 2 2 2 2 2 2 2 2 2 2 2 2
left_child=6 9 19 5 -5 -4 7 -1 12 13 -9 14 15 22 -11 -8 -12 -14 -15 20 -3 -21 -2
right_child=1 2 3 4 -6 -7 8 10 -10 11 16 -13 17 18 -16 -17 -18 -19 -20 21 -22 -23 -24
leaf_value=-0.057817346687027038 -0.050051850222486739 0.050500135103005141 -0.00082933899885229655 -0.0062733512277096497 0.0010948719385531186 -0.007407180909156561 -0.050080492312582714 -0.05435286773500704 -0.053231262842538977 -0.05109763560700601 -0.050116189820531468 -0.053004910831168733 -0.052135074080151583 -0.051665912784887594 -0.052230877625643435 -0.050977145716727838 -0.052481037349963844 -0.051498264775606352 -0.051127027520510529 0.05035932258218772 0.050192289002878657 0.050166628107707757 -0.050063481524356274
leaf_weight=0.23371278494596481 0.35588914877735023 1.6902370462194074 2795.4266206582543 369.07365037524141 6810.9406680276152 357.01826458331198 0.4879510022292386 0.62240674765780568 0.96611324883997429 0.64520585676655196 0.070873315795323744 0.98597095508011978 0.62080053053796269 0.59952096955385048 0.5546165257692337 0.75184922106564045 0.045040048658847809 0.62336791213601828 1.157021166407503 3.1604433963075285 0.18881592736579467 0.33911557740066189 0.12407694704597816
leaf_count=2 347 178 13042 1893 30390 1528 364 12 22 39 130 28 17 30 15 49 1 27 93 456 51 122 99
internal_value=-9.99465e-07 2.14243e-05 4.35225e-05 1.73167e-05 0.000716124 -0.00157429 -0.0524448 -0.0547902 -0.0517841 -0.0516365 -0.053832 -0.0522455 -0.0512212 -0.0510414 -0.0516215 -0.0506242 -0.0510351 -0.051816 -0.051311 0.0503856 0.0504692 0.0503407 -0.0500549
internal_weight=10346.7 10342.3 10337.8 10332.5 7180.01 3152.44 4.42211 0.972033 3.45008 4.4223 0.73832 2.18579 2.48397 2.23651 1.19982 1.2398 0.115913 1.24417 1.75654 5.37861 1.87905 3.49956 0.479966
internal_count=48935 48311 47660 46853 32283 14570 624 145 479 651 143 82 457 569 54 413 131 44 123 807 229 578 446
is_linear=0
shrinkage=0.05


Tree=178
num_leaves=28
num_cat=0
split_feature=13 16 17 7 3 43 7 11 7 43 5 3 22 21 29 1 21 24 7 5 17 15 13 31 3 40 1
split_gain=4.69175 9.41717 6.85479 11.274 7.05759 8.87982 7.14447 6.47936 8.16704 8.04278 8.47226 7.55448 7.49608 7.62794 6.52359 8.23126 10.7777 7.85971 6.31287 6.07934 5.19689 8.72667 6.02762 4.36029 3.80691 0.603599 0.1274
threshold=1.0410000000000001 0.17300000000000001 0.53100000000000014 0.12250000000000001 0.57400000000000007 0.71650000000000003 0.41300000000000003 19.500000000000004 0.15600000000000003 0.69350000000000012 -1.5109999999999999 1.1455000000000002 0.74166666666666681 29.500000000000004 3.0615000000000006 62.500000000000007 36.500000000000007 2.8545000000000007 0.23900000000000002 -0.92149999999999987 0.13150000000000003 -1.3964999999999999 1.0605000000000002 0.61350000000000005 1.9835000000000003 0.71500000000000008 12.500000000000002
decision_type=2 2 2 2 2 2 2 2 2 2 2 2 2 2 2 2 2 2 2 2 2 2 2 2 2 2 2
left_child=7 20 4 -4 5 -3 -6 8 12 10 -10 -11 19 -14 15 16 -9 -16 -19 -1 25 -22 -23 -5 -17 -2 -27
right_child=1 2 3 23 6 -7 -8 14 9 11 -12 -13 13 -15 17 24 -18 18 -20 -21 21 22 -24 -25 -26 26 -28
leaf_value=0.0070516722922761236 0.028683585034556699 -0.025092139342805766 -0.045141613360710486 -0.031352619597155802 0.00022606844638950872 -0.0027963678143264619 0.0069242451748725694 -0.0041039257951320214 0.12162133996035657 -0.0015569258250746436 -0.012023011819498074 0.0053413686609911316 0.020756785864922061 -0.047822152532766421 -0.086154628508209541 -0.017575529509787437 0.06751400225254732 -0.034225895428744435 0.018623610394319739 -0.0079510960477023034 -0.069002607024617357 -0.027005041783865699 0.016513346845230637 0.030072581580500982 -0.079674126028298833 0.062388774743907 0.080161559083321246
leaf_weight=76.676017481542658 1.227466333657502 57.469249391113408 6.2509955763816825 3.0843547210097304 5998.0175188214052 200.32824099197751 426.40574948862195 957.46123972535133 1.1976188276894379 660.96067466869135 120.9082866628014 993.35069745825604 43.398579495085869 4.472649782896041 4.8386766165494945 4.78887030482292 5.2821439504623404 16.97521269321442 8.4697785377502424 565.67323104594834 3.2737197633832684 8.516029939055441 121.17548612272367 45.637713434174657 5.0925587266683578 3.114682539831847 1.491004481911659
leaf_count=571 21 337 28 16 26490 1255 2119 4174 7 3546 579 4546 894 19 20 21 23 70 35 2997 25 36 771 246 22 60 7
internal_value=-9.74365e-07 0.000755387 0.000489795 0.0180736 0.000345137 -0.00776663 0.000670644 -0.00149994 -0.000122168 0.00167121 -0.0107122 0.00258524 -0.00473777 0.0143494 -0.00488855 -0.00417699 -0.00371099 -0.027742 -0.0166341 -0.00616024 0.0136471 0.0116206 0.0136558 0.0261841 -0.0495791 0.0598391 0.0681424
internal_weight=10345.5 6875.99 6737.19 54.9731 6682.22 257.797 6424.42 3469.55 2466.64 1776.42 122.106 1654.31 690.22 47.8712 1002.91 972.625 962.743 30.2837 25.445 642.349 138.798 132.965 129.692 48.7221 9.88143 5.83315 4.60569
internal_count=48935 31411 30491 290 30201 1592 28609 17524 13159 8678 586 8092 4481 913 4365 4240 4197 125 105 3568 920 832 807 262 43 88 67
is_linear=0
shrinkage=0.05


Tree=179
num_leaves=23
num_cat=0
split_feature=13 11 34 1 44 39 3 59 27 8 13 30 42 27 39 23 39 2 28 22 27 41
split_gain=4.71461 5.72034 8.33584 8.30851 6.92856 5.46038 10.9163 12.9262 7.84544 6.2618 6.33671 6.11244 4.56625 6.23098 5.04368 4.04124 3.85008 3.11074 2.12988 2.56158 1.17599 0.0556214
threshold=0.40350000000000003 1.5000000000000002 0.31550000000000006 15.500000000000002 0.49250000000000005 2.7625000000000006 1.7545000000000002 9.5000000000000018 0.17000000000000004 0.93333333333333346 1.3550000000000002 1.4220000000000004 0.28450000000000003 0.33300000000000007 2.7625000000000006 0.14299999999999993 2.5215000000000001 3.5000000000000004 0.40800000000000008 0.25833333333333336 0.21150000000000002 0.46650000000000008
decision_type=2 2 2 2 2 2 2 2 2 2 2 2 2 2 2 2 2 2 2 2 2 2
left_child=12 2 -2 4 -4 9 8 -8 -7 10 -3 -11 13 15 18 21 -17 -16 20 -20 -14 -1
right_child=1 5 3 -5 -6 6 7 -9 -10 11 -12 -13 14 -15 17 16 -18 -19 19 -21 -22 -23
leaf_value=-0.085428637891146089 -0.097368658329331226 -0.00074555439637538591 0.0019957244308410542 -0.065618048893622202 0.024047759639682587 0.038107480727959941 -0.025279899765975552 0.017936096379943613 -0.012240157533520389 0.019982239415040532 0.0018608351465450761 -0.011601753637834991 -0.070018968357016723 0.085980587750950133 0.084048561701517921 -0.020108158947825479 0.002774114186173605 -0.01692930047262544 -0.04405185184471596 0.062872442681541851 -0.039239423893336033 -0.066990446424065472
leaf_weight=0.52166804674197864 1.7899486868409429 5418.1435610802728 71.087556935381144 3.437748283147811 71.390339619480073 7.9588997681858009 22.241672980366275 77.924813069403172 278.10738014912931 16.809130826964974 4094.0836096981075 172.75967902992852 4.1690990673960284 1.8316706103505556 1.3797809766401763 28.479314639000222 51.852306323533412 1.7053659409284589 1.2283902805938844 1.0296567104523999 12.13869930023793 1.8941738889407131
leaf_count=41 21 24331 721 15 692 37 128 355 1271 84 19023 801 45 17 32 327 699 11 22 21 162 79
internal_value=-9.12502e-07 0.000107844 0.00987631 0.0111919 0.0130452 -3.51825e-05 -0.00586534 0.00834011 -0.0108394 0.000196918 0.000376241 -0.00880119 -0.0104801 -0.00523523 -0.030969 -0.00725435 -0.00533815 0.0282314 -0.0408065 0.00470502 -0.0471082 -0.0709719
internal_weight=10342 10235.7 147.706 145.916 142.478 10088 386.233 100.166 286.066 9701.8 9512.23 189.569 106.23 84.5791 21.651 82.7475 80.3316 3.08515 18.5658 2.25805 16.3078 2.41584
internal_count=48935 47479 1449 1428 1413 46030 1791 483 1308 44239 43354 885 1456 1163 293 1146 1026 43 250 43 207 120
is_linear=0
shrinkage=0.05


Tree=180
num_leaves=27
num_cat=0
split_feature=4 20 23 3 44 24 43 44 39 19 10 23 39 24 26 23 9 4 15 8 41 39 25 9 9 15
split_gain=4.70419 8.3522 8.21357 9.01078 8.48556 5.39214 10.8779 11.5772 10.825 9.76935 9.59828 9.59214 11.0092 9.38624 7.56278 7.02901 6.6568 6.61267 6.0801 5.47376 5.31755 5.13425 2.60249 3.01814 6.05427 1.30661
threshold=1.5085000000000002 -9.4999999999999982 1.3795000000000002 1.8775000000000002 0.48200000000000004 2.3645000000000005 0.73750000000000016 0.47450000000000003 2.6335000000000002 1.6450000000000002 14.500000000000002 -0.16699999999999993 2.7625000000000006 2.1210000000000004 0.18450000000000003 -1.2459999999999996 1.5085000000000002 1.1405000000000001 0.20350000000000004 0.12222222222222222 0.45100000000000007 2.5985000000000005 506.50000000000006 1.7755000000000003 1.8595000000000004 -1.1404999999999996
decision_type=2 2 2 2 2 2 2 2 2 2 2 2 2 2 2 2 2 2 2 2 2 2 2 2 2 2
left_child=5 22 3 21 -4 6 7 13 9 -8 -9 12 15 -1 18 -7 -16 -14 -13 -10 -5 -3 -2 25 -25 -24
right_child=1 2 4 20 -6 11 8 10 19 -11 -12 14 17 -15 16 -17 -18 -19 -20 -21 -22 -23 23 24 -26 -27
leaf_value=-0.0083537899438398035 -0.00094051381899823471 0.0034285577531055242 -0.094655245625887119 -0.015653584459261873 -0.0042516559275340348 0.045648423309190729 -0.0052818303734699958 -0.0046823311596696868 -0.035456836610484509 0.0037821223473583259 0.031001965612191693 -0.0075127087851793537 0.010521202854228057 -0.031021105792095407 -0.0038402646767738504 0.005813122603641115 0.00068607674922660034 -0.033014860586418913 -0.042387920690620161 0.022198626960871298 0.027184380278092814 -0.00095183707696370817 0.083110481231576855 -0.02900647730917635 0.058143776457346676 0.044246774165089368
leaf_weight=113.08417987475696 4.4635372459888485 1355.3550687225652 4.4824404437094909 8.458631035522556 6.1665837846230716 11.228168644942341 580.07752297166735 886.2468251214741 4.3689752625068641 609.7972712929477 19.253659273032099 38.742181113513652 12.440610870718954 76.609479306265712 1087.6101927906275 805.66457686433569 3208.8274222285836 29.179949248209596 18.448340207338333 71.282589268565062 50.459261606796645 1320.872058950481 4.0772169716656208 3.5393080469220859 4.560703307390213 4.6057889424264449
leaf_count=626 20 6363 23 78 34 69 3010 4418 26 2873 114 215 57 339 4811 3624 14911 136 84 368 494 6140 20 18 42 22
internal_value=-9.10574e-07 0.00176341 0.00152176 0.0016924 -0.0423048 -0.000645572 -0.00262804 -0.00627651 0.000529363 -0.000636658 -0.00392358 0.000252341 0.00508262 -0.0175082 -0.000700164 0.00636066 -0.000459732 -0.0200017 -0.0187626 0.0188689 0.0210343 0.00126658 0.032992 0.0420165 0.0200634 0.0624957
internal_weight=10339.9 2767.04 2745.79 2735.15 10.649 7572.86 2360.72 1095.19 1265.53 1189.87 905.5 5212.14 858.513 189.694 4353.63 816.893 4296.44 41.6206 57.1905 75.6516 58.9179 2676.23 21.2466 16.783 8.10001 8.68301
internal_count=48935 13254 13132 13075 57 35681 11774 5497 6277 5883 4532 23907 3886 965 20021 3693 19722 193 299 394 572 12503 122 102 60 42
is_linear=0
shrinkage=0.05


Tree=181
num_leaves=26
num_cat=0
split_feature=14 19 24 19 17 40 41 27 40 2 17 33 27 28 3 16 41 14 13 11 22 15 39 40 36
split_gain=4.77557 13.7156 8.14374 7.11174 6.86293 9.41548 5.73912 5.49303 5.44278 6.0257 5.41575 6.32742 6.32279 6.81452 6.60715 5.60395 4.86496 7.96041 9.0717 5.32432 8.33945 6.08425 4.63063 4.26425 1.69133
threshold=0.64500000000000013 1.9665000000000001 2.7085000000000004 2.6570000000000005 0.46000000000000008 0.71350000000000013 0.44700000000000006 0.25850000000000006 0.76450000000000007 3.5000000000000004 0.12250000000000001 0.36350000000000005 0.22050000000000003 0.68150000000000011 0.49150000000000005 0.74550000000000016 0.41550000000000004 0.81350000000000011 1.6610000000000003 18.500000000000004 0.45555555555555566 -0.21249999999999997 2.5810000000000008 0.73150000000000015 0.50300000000000011
decision_type=2 2 2 2 2 2 2 2 2 2 2 2 2 2 2 2 2 2 2 2 2 2 2 2 2
left_child=1 2 4 16 7 -6 24 -1 23 -10 11 15 13 -12 -14 -3 17 -2 -19 21 -21 -18 -13 -8 -5
right_child=3 10 -4 6 5 -7 8 -9 9 -11 12 22 14 -15 -16 -17 19 18 -20 20 -22 -23 -24 -25 -26
leaf_value=-0.041666698106604005 -0.034772181069304152 -0.050055946239648999 0.048086901771625772 -0.082589730278666826 -0.055278692688518816 0.012860975135589892 0.019436233299409043 -0.013566896646448024 0.061755377408754045 -0.034675316292968932 -0.020023596182311768 -0.019886103441284407 -0.050310756897367581 0.019888968461243457 0.012475157667531458 -0.01028322511406159 -8.9548401756955534e-05 0.010130117221394208 0.060575673320475643 -0.00041191116631393094 -0.0074076204527564159 0.0038335816161937397 0.046674879980028568 0.059858292555964636 -0.0063605869114631008
leaf_weight=47.303600277169608 8.403576508164404 10.501100220251827 4.1497858203947535 1.4890707759186619 6.5616290707985199 22.296984894244815 13.566529503557833 27.504114353563637 2.2385554206557554 5.862886905670166 40.416297909454443 4.0011825164547172 4.3232567817613008 14.542400628328322 136.09760168066714 56.55194273852976 2684.8845922995242 72.951965895248577 10.152426323853431 5113.0345063060522 464.72400864958763 1563.9689340153709 7.5315348203876056 12.569438146427272 1.4230469528120009
leaf_count=281 39 58 21 23 66 251 168 177 57 28 210 43 76 69 696 677 13548 347 45 21947 1993 7881 58 154 22
internal_value=-7.86792e-07 -0.00548865 -0.0205956 0.000209671 -0.023345 -0.00263205 0.0220455 -0.0313354 0.027777 -0.00803001 0.000456529 -0.010628 0.00491498 -0.00946249 0.0105421 -0.016512 0.000127882 0.0116033 0.0162928 2.10205e-05 -0.000994775 0.00135452 0.0235821 0.0388762 -0.0453393
internal_weight=10337.1 381.781 107.816 9955.27 103.666 28.8586 37.1495 74.8077 34.2374 8.10144 273.965 78.5858 195.38 54.9587 140.421 67.053 9918.12 91.508 83.1044 9826.61 5577.76 4248.85 11.5327 26.136 2.91212
internal_count=48935 2683 796 46252 775 317 452 458 407 85 1887 836 1051 279 772 735 45800 431 392 45369 23940 21429 101 322 45
is_linear=0
shrinkage=0.05


Tree=182
num_leaves=28
num_cat=0
split_feature=4 22 18 41 3 11 18 18 3 11 6 7 17 17 44 5 41 4 16 26 27 30 15 30 3 1 39
split_gain=4.69463 5.72628 6.28323 11.4709 7.84646 6.28379 5.78791 17.6361 7.98261 4.66075 4.53838 10.1966 5.88458 8.46167 6.64802 5.45577 5.56744 5.14457 4.23909 7.92039 7.9694 4.9248 5.73202 4.69321 3.0752 2.54081 2.38993
threshold=0.79050000000000009 0.96666666666666667 1.0000000180025095e-35 0.52550000000000019 1.6100000000000001 21.500000000000004 0.36666666666666675 0.29999999999999999 1.4820000000000004 27.500000000000004 0.82500000000000007 0.075500000000000012 0.14900000000000002 0.18900000000000003 0.42150000000000004 0.80400000000000016 0.53150000000000019 0.66100000000000014 0.27100000000000007 0.26900000000000007 0.20850000000000002 1.5580000000000001 -0.25449999999999995 1.6065000000000003 2.4890000000000003 31.500000000000004 2.7475000000000005
decision_type=2 2 2 2 2 2 2 2 2 2 2 2 2 2 2 2 2 2 2 2 2 2 2 2 2 2 2
left_child=10 2 3 5 -5 -2 7 -4 -8 25 11 15 14 -14 -13 17 -17 -1 19 24 -21 22 -20 -23 -12 26 -3
right_child=1 9 6 4 -6 -7 8 -9 -10 -11 18 12 13 -15 -16 16 -18 -19 21 20 -22 23 -24 -25 -26 -27 -28
leaf_value=-0.03938163488093431 -0.010023734576625412 0.053306035432696811 5.7364071297648159e-07 -0.001148463931010513 0.06201498804708161 -0.039367648009216133 -0.0016213303035597544 0.0083755973850329294 0.0024307805708134551 -0.10097060535306863 -0.097869820294031795 0.044053869199728125 0.015382608419969355 -0.0027918669946562927 -0.012460302259025842 -0.040987899318798371 0.021342790613468901 0.014384766244900088 -0.028567795725873958 -0.0066142441864536702 0.042219879338356331 -0.040151210408587573 0.023985746799363768 0.0046776383425877147 0.00097571142710162597 0.10547755900151008 -0.044660720750140631
leaf_weight=6.5907641302328583 120.1321623979602 3.675553278066217 2439.4329545033397 11.481737885624172 8.599213343113659 21.511062651872635 4229.54894862941 846.79656930489 1705.5045832574833 0.49992766976356495 1.8558490192517632 5.3596925316378465 72.762636391445994 534.42627075962082 178.8650042314548 36.464966930449009 3.9728634350467464 13.691157769411801 6.7913234776351628 12.608309230068697 24.762459331890568 12.540670933201911 21.984577917261049 10.92432666197419 1.3660616502747869 1.9289046823978422 0.74948354018852104
leaf_count=100 575 277 10933 51 40 92 19478 4057 7954 2 64 29 336 2699 957 206 23 89 46 154 493 64 118 53 19 8 18
internal_value=-8.31862e-07 0.000337231 0.00030386 -0.00946624 0.0258999 -0.0144801 0.000475209 0.00215865 -0.000456911 0.0460229 -0.00336007 -0.00450376 -0.00298878 -0.000613924 -0.0108161 -0.0242498 -0.0348641 -0.00308703 0.0071381 0.019259 0.025744 -0.0022802 0.0115827 -0.0192808 -0.0559602 0.0575883 0.0367131
internal_weight=10334.8 9389.86 9383.01 161.724 20.081 141.643 9221.28 3286.23 5935.05 6.85387 944.967 852.133 791.414 607.189 184.225 60.7198 40.4378 20.2819 92.8336 40.5927 37.3708 52.2409 28.7759 23.465 3.22191 6.35394 4.42504
internal_count=48935 43485 43180 758 91 667 42422 14990 27432 305 5450 4439 4021 3035 986 418 229 189 1011 730 647 281 164 117 83 303 295
is_linear=0
shrinkage=0.05


Tree=183
num_leaves=30
num_cat=0
split_feature=44 40 27 21 7 18 22 2 18 33 15 36 4 27 30 41 4 11 44 3 16 40 26 20 21 7 18 44 30
split_gain=4.45194 10.3883 11.4768 12.0393 10.6528 9.08508 9.84095 8.8594 9.12602 13.2786 8.30061 7.97018 7.32333 9.24262 6.97366 6.95301 6.75139 8.69909 6.24747 6.20029 5.1538 4.98591 4.95265 7.39412 6.77884 4.5943 4.0439 3.13299 2.6606
threshold=0.50300000000000011 0.75350000000000017 0.24350000000000002 -25.499999999999996 0.037500000000000006 1.0000000180025095e-35 0.76388888888888895 3.5000000000000004 0.93333333333333346 0.35250000000000004 0.68600000000000005 0.40250000000000008 0.79050000000000009 0.19950000000000004 1.5740000000000001 0.52150000000000019 1.5195000000000001 11.500000000000002 0.55200000000000016 0.9425 0.34550000000000003 0.76050000000000006 0.70100000000000018 -11.499999999999998 4.5000000000000009 0.63950000000000007 0.18333333333333332 0.51250000000000007 1.4705000000000001
decision_type=2 2 2 2 2 2 2 2 2 2 2 2 2 2 2 2 2 2 2 2 2 2 2 2 2 2 2 2 2
left_child=1 5 22 -4 -5 6 20 11 12 10 -10 21 13 -9 -14 -8 17 -7 25 -18 -1 26 24 -24 -3 -13 -2 -23 -20
right_child=7 2 3 4 -6 16 15 8 9 -11 -12 18 14 -15 -16 -17 19 -19 28 -21 -22 27 23 -25 -26 -27 -28 -29 -30
leaf_value=-0.01891457219230501 0.01365116326933697 -0.012917354487839431 0.084295804827117016 -0.023853712281366443 0.0014255034469996953 0.0034956231253220355 0.007583322767062921 0.019425753661672839 0.034164088121067367 -0.078221358944383673 -0.021239253228671977 0.011589353756801313 0.0032880264151330624 -0.011129516632554933 -0.0024554342980622852 0.11703163163034845 -0.00038843650132929365 -0.0018255631914810598 0.014078803090463511 0.0062784527755119432 -0.072286357307195376 0.066197918769041658 0.01311495491301564 -0.049012049594071599 -0.0016106442985900843 0.044967659822466914 -0.057303410954162561 -0.0042300670344665925 0.072368123905602197
leaf_weight=81.374046701064799 2.6837445083074289 372.91368425748078 4.2093701064586631 45.255289352789987 526.80711525373044 1004.8558091708546 21.239698246994525 28.234503571875393 8.7623461782932264 8.3321238458156568 29.591395694762468 111.05383154068841 2237.6545652300119 200.49966047611088 691.93957520462573 1.5575003306730639 612.66330131242285 3259.3664187258109 2.7075805268250388 809.5704789852025 4.78940625488758 1.9764354714425261 6.5911720679141608 17.518090290948749 205.67717498284765 11.364307790165183 7.9759916073380737 7.8547352853347547 7.0683444282913115
leaf_count=410 33 1799 18 326 2391 5529 502 135 38 38 132 1105 9815 945 3138 27 2846 14220 23 3964 21 19 33 81 911 194 79 84 79
internal_value=-9.14261e-07 -0.000721056 -0.00499944 4.56225e-05 -0.00057431 0.000149302 -0.0141521 0.00149492 0.000934341 -0.0210105 -0.00858173 0.013262 0.00125873 -0.00735783 0.00193148 0.0150608 0.000423337 -0.000571636 0.0177596 0.00340652 -0.0218812 -0.0157536 -0.00982327 -0.0320273 -0.00889805 0.0146879 -0.0394396 0.00992861 0.0562241
internal_weight=10332.1 6974.39 1178.97 576.272 572.062 5795.42 108.961 3357.7 3205.01 46.6859 38.3537 152.685 3158.33 228.734 2929.59 22.7972 5686.46 4264.22 132.194 1422.23 86.1635 20.4909 602.7 24.1093 578.591 122.418 10.6597 9.83117 9.77592
internal_count=48935 33078 5559 2735 2717 27519 960 15857 14241 208 170 1616 14033 1080 12953 529 26559 19749 1401 6810 431 215 2824 114 2710 1299 112 103 102
is_linear=0
shrinkage=0.05


Tree=184
num_leaves=26
num_cat=0
split_feature=13 14 2 4 7 22 20 17 32 4 14 41 27 4 34 3 7 3 20 4 1 11 1 32 0
split_gain=4.69605 4.48629 4.96845 4.53072 6.11377 6.07266 4.28929 4.11751 5.66193 3.97092 3.42898 3.88015 3.39507 0.000525587 0.000145014 7.44469e-05 5.80437e-05 6.93572e-06 4.29049e-06 4.2821e-06 9.11012e-08 2.30754e-08 1.85578e-08 2.89802e-09 4.0643e-11
threshold=1.0000000180025095e-35 0.40450000000000003 1.5000000000000002 1.9025000000000001 0.11300000000000002 0.40833333333333338 10.500000000000002 0.28300000000000008 0.62650000000000017 1.7400000000000004 0.26150000000000007 0.51050000000000006 0.28400000000000009 1.0000000180025095e-35 0.37500000000000006 2.3265000000000007 0.19600000000000004 1.9835000000000003 3.5000000000000004 1.9665000000000001 3.5000000000000004 1.0000000180025095e-35 2.5000000000000004 0.51550000000000018 9.5000000000000018
decision_type=2 2 2 2 2 2 2 2 2 2 2 2 2 2 2 2 2 2 2 2 2 2 2 2 2
left_child=13 6 17 4 -4 -5 10 8 -8 -9 12 -12 -2 20 -15 16 -16 18 -3 -19 22 -22 24 -24 -1
right_child=1 2 3 5 -6 -7 7 9 -10 -11 11 -13 -14 14 15 -17 -18 19 -20 -21 21 -23 23 -25 -26
leaf_value=-0.050011838372938801 -0.050774255869888374 0.050332361525607341 -0.0034401557390645252 0.003348579694496227 0.00029666158221350043 0.040278382428815318 -0.014957961657356637 0.085473045216573812 0.10475684209923608 0.0055661446067458232 -0.019045769222627573 0.018494101653564153 0.015070967677932515 -0.052567770433238993 -0.051201161253167642 -0.052048953877745788 -0.051657205991866989 0.050321147855569265 0.050458217762814277 0.050150901636077765 -0.050081791773226747 -0.050133562646625267 -0.050051223161178243 -0.050059168754054917 -0.050015676329259628
leaf_weight=0.017802056565414115 11.976911012257913 1.1970134405419224 1261.6343249427155 701.46648584329523 8266.2627076026984 11.311288038268684 14.251353077706883 2.8188286726362994 1.0612084676977236 3.4670365245547146 36.100932742469013 8.5050765443593246 2.3401856335403854 0.39770664309617165 1.2833466562442488 0.63381505012512196 1.5289817492594009 1.690334717743099 1.5592817300930617 0.47262681007850904 0.042898877523839474 0.043197107966989279 0.27952492627082393 0.1946902311174199 0.011261856023338623
leaf_count=77 316 187 6008 3479 36795 68 280 21 19 23 206 47 63 14 75 20 71 275 179 180 27 19 277 169 40
internal_value=-8.43947e-07 2.12445e-05 0.000113636 8.95039e-05 -0.000198148 0.00393463 -0.0117347 0.00732598 -0.00666135 0.0413995 -0.0187215 -0.011888 -0.0400116 -0.0514506 -0.0516638 -0.0515594 -0.0514491 0.050351 0.0504036 0.0502839 -0.0500602 -0.0501078 -0.0500521 -0.0500545 -0.0500133
internal_weight=10330.5 10326.1 10245.6 10240.7 9527.9 712.778 80.5215 21.5984 15.3126 6.28587 58.9231 44.606 14.3171 4.43323 3.84385 3.44614 2.81233 4.91926 2.7563 2.16296 0.589375 0.086096 0.503279 0.474215 0.0290639
internal_count=48935 48146 47171 46350 42803 3547 975 343 299 44 632 253 379 789 180 166 146 821 366 455 609 46 563 446 117
is_linear=0
shrinkage=0.05


Tree=185
num_leaves=25
num_cat=0
split_feature=4 9 4 7 24 16 13 3 40 8 9 17 3 4 3 13 17 13 36 8 36 2 11 3
split_gain=4.59762 4.83909 7.86458 12.5903 7.95874 6.42905 8.2968 6.76041 6.66001 6.0304 6.86008 5.98643 5.62688 4.13385 3.2151 0.000837562 0.00039146 0.000178874 0.000107357 3.68098e-05 5.09831e-06 7.60988e-08 1.79478e-08 1.59493e-08
threshold=1.0000000180025095e-35 2.3770000000000002 0.57400000000000007 0.14050000000000004 3.9970000000000003 0.44900000000000007 1.3390000000000002 1.7455000000000003 0.72050000000000003 0.93333333333333346 1.8985000000000001 0.32700000000000007 1.5895000000000004 0.85450000000000015 1.2455000000000003 0.7965000000000001 0.24550000000000002 1.0000000180025095e-35 0.56700000000000006 0.81666666666666676 0.50300000000000011 1.5000000000000002 1.0000000180025095e-35 0.96650000000000003
decision_type=2 2 2 2 2 2 2 2 2 2 2 2 2 2 2 2 2 2 2 2 2 2 2 2
left_child=15 2 3 14 -5 6 8 -8 -3 10 -4 -11 -7 -14 -2 17 18 21 -17 -19 -21 23 -23 -1
right_child=1 5 9 4 -6 12 7 -9 -10 11 -12 -13 13 -15 -16 16 -18 19 -20 20 -22 22 -24 -25
leaf_value=-0.050011868633914158 -0.012088806761317013 -0.009789937629059272 -0.00035201177313675395 -0.0024637118912543676 -0.045079833267862301 0.039151101494019312 0.092197574610658611 0.025294056209439954 0.013208914779386367 -0.0064325441485038257 0.0035147249629664361 -0.037809980667415075 -0.015159318411872534 0.011479788175425124 -0.055019982219127177 -0.051212115081846643 -0.052918285086760088 -0.051380855896979431 -0.052160339948273696 -0.050770855816479478 -0.051024569535223566 -0.050077796875773573 -0.050124273987232071 -0.05005182536731026
leaf_weight=0.026438490822328631 5.7866129111498621 44.155314590781927 8406.1357149056275 158.98783067514887 11.766414379701017 6.6942835822701445 4.2814946174621573 31.971864826162346 109.63462494546548 102.75784143805504 1328.2936361385509 17.840139836072922 59.183340337127447 19.316297423094511 17.701991256326437 0.71937292721122525 1.055400304845534 0.66830617588129804 0.51021712273359299 0.46285011433064938 0.3460411304840818 0.040809847763739526 0.042303883499698713 0.45111077977344394
leaf_count=115 91 290 38860 872 64 33 19 202 745 445 5971 76 263 107 120 39 29 33 14 34 19 27 21 446
internal_value=-8.65019e-07 2.07204e-05 -0.000158424 -0.0101216 -0.00540032 0.00656152 0.011678 0.0331953 0.00660561 3.795e-05 0.000175617 -0.0110742 -0.0048518 -0.00860427 -0.0444435 -0.0515546 -0.0522119 -0.0508177 -0.0516056 -0.0511063 -0.0508794 -0.0500573 -0.0501015 -0.0500496
internal_weight=10328.8 10324.5 10049.3 194.243 170.754 275.237 190.043 36.2534 153.79 9855.03 9734.43 120.598 85.1939 78.4996 23.4886 4.32285 2.28499 2.03786 1.22959 1.4772 0.808891 0.560663 0.0831137 0.477549
internal_count=48935 48158 46499 1147 936 1659 1256 221 1035 45352 44831 521 403 370 211 777 82 695 53 86 53 609 48 561
is_linear=0
shrinkage=0.05


Tree=186
num_leaves=23
num_cat=0
split_feature=14 40 40 7 17 4 14 36 12 18 41 19 7 40 36 37 39 39 36 11 44 2
split_gain=4.39474 4.36642 11.6128 7.63368 9.85892 8.79816 7.44967 7.49507 7.34935 7.59218 6.94547 6.35899 5.75705 4.92607 4.47946 2.47528 0.000668133 0.000626357 0.000341926 0.00026232 0.000100949 5.69987e-07
threshold=1.0000000180025095e-35 0.72050000000000003 0.72800000000000009 0.5415000000000002 0.081500000000000017 0.40350000000000003 0.47350000000000003 0.60300000000000009 7.5000000000000009 0.29999999999999999 0.41550000000000004 0.20550000000000004 0.63950000000000007 0.70200000000000007 0.53450000000000009 0.49700000000000005 2.7560000000000007 2.4615000000000005 0.52450000000000008 3.5000000000000004 0.52150000000000019 1.5000000000000002
decision_type=2 2 2 2 2 2 2 2 2 2 2 2 2 2 2 2 2 2 2 2 2 2
left_child=16 6 8 5 -5 -4 13 10 12 -10 -8 -9 -3 14 -2 -15 17 18 -1 21 -21 -19
right_child=1 2 3 4 -6 -7 7 11 9 -11 -12 -13 -14 15 -16 -17 -18 19 -20 20 -22 -23
leaf_value=-0.051729441961047375 -0.025960564008304245 0.017988748323148875 -0.021615481883858353 -0.033443952392744107 0.018913243662631918 -0.00013696505279200765 0.011734359846179057 -0.14208733932281886 -0.0040788895906022282 0.0069744212084510886 -0.0025273469226423369 0.008602024932084425 -0.027545803480762989 -0.084820515001690966 0.0427284713163536 -0.036356017667123257 -0.054538173023832563 -0.050052106364282305 -0.054014710139321423 -0.051446508704724461 -0.05232957676418834 -0.050292161456654133
leaf_weight=0.27665270694706068 8.2241509128361958 147.39066216250649 48.041671558283269 9.9948344957083446 89.537725089641754 6308.5681281321449 88.232815319672227 0.70262484566774119 215.02822405844927 559.7942745834589 2629.9163476607646 195.21148352755699 7.284647630294784 3.8564963210374108 3.3364052567630997 8.3153341664001328 0.21925307104538649 0.3026406471472004 0.40083302569109946 2.4863916256581438 0.37206170067656774 0.026927857135888189
leaf_count=36 57 918 654 51 692 28666 424 14 950 2440 12352 908 74 19 19 56 29 355 18 173 21 9
internal_value=-9.28406e-07 1.95884e-05 0.000668129 -8.41548e-05 0.0136557 -0.000299294 -0.00161085 -0.00138363 0.00589337 0.00390691 -0.0020644 0.00806159 0.0158442 -0.029511 -0.00613674 -0.0517114 -0.0518531 -0.0517009 -0.0530815 -0.0514074 -0.0515615 -0.0500717
internal_weight=10327.5 10323.4 7385.64 6456.14 99.5326 6356.61 2937.8 2914.06 929.498 774.822 2718.15 195.914 154.675 23.7324 11.5606 12.1718 4.08476 3.86551 0.677486 3.18802 2.85845 0.329569
internal_count=48935 48294 34445 30063 743 29320 13849 13698 4382 3390 12776 922 992 151 76 75 641 612 54 558 194 364
is_linear=0
shrinkage=0.05


Tree=187
num_leaves=25
num_cat=0
split_feature=3 13 16 16 1 13 31 13 26 42 4 17 4 21 3 17 11 13 14 25 14 13 14 10
split_gain=4.54085 4.35997 7.02396 6.04183 6.89555 7.026 6.7978 5.77663 7.44286 5.59776 8.0741 6.62003 4.55628 5.21626 4.20028 1.65151 0.00244522 0.000971337 0.000927651 0.000390207 0.000308206 0.000237498 7.35614e-05 5.1254e-05
threshold=1.0000000180025095e-35 0.59200000000000008 0.081500000000000017 0.16350000000000003 47.500000000000007 1.0680000000000003 0.6715000000000001 0.50850000000000006 0.45300000000000007 0.28800000000000003 1.5845000000000002 0.11650000000000001 0.66100000000000014 29.500000000000004 0.40450000000000003 0.22900000000000004 2.5000000000000004 0.74550000000000016 1.1960000000000002 515.50000000000011 0.64500000000000013 0.49150000000000005 1.0000000180025095e-35 5.5000000000000009
decision_type=2 2 2 2 2 2 2 2 2 2 2 2 2 2 2 2 2 2 2 2 2 2 2 2
left_child=16 2 7 4 5 -3 -6 14 -9 11 -11 -5 15 -14 -2 -4 17 19 20 21 22 -1 -18 -22
right_child=1 3 12 9 6 -7 -8 8 -10 10 -12 -13 13 -15 -16 -17 18 -19 -20 -21 23 -23 -24 -25
leaf_value=-0.050971500832642617 -0.069809347116436951 0.0015854811599095434 -0.022272487465978465 -0.0030782624431134041 -0.020330798681818706 0.016793479597529609 0.031724563698150132 -0.014405371909441078 0.038043004651088209 -0.0048449985974758887 0.0029017901813303878 0.0010841278642548906 -0.0082691143124952113 -0.055071346163070772 -0.0011131963073410182 -0.060687094326367069 -0.050070678945169103 -0.05747715800044402 -0.053054984186703194 -0.056529405541530069 -0.052082476956383184 -0.053656705885894954 -0.050900394740170718 -0.051419124624745141
leaf_weight=0.098960428891586072 2.2551563244778654 724.07312915008515 5.3130966449389216 1128.1291141579859 7.5067105889320365 84.845028376439586 38.116933584213257 9.913177356123926 21.294039525091648 1236.6618001947645 462.00672784028575 6233.2697931523435 189.23713900707662 6.1467901319265357 167.06301502295537 5.9101333504077047 0.42766853855573639 0.22619861364364624 0.91560459975153197 0.10388086557213683 0.57323809340596177 0.49050022987648845 0.71166111738421023 0.59182656370103359
leaf_count=126 23 3734 72 5557 34 664 161 43 93 5497 2150 27571 1108 31 1514 59 364 2 22 6 16 11 50 27
internal_value=-9.41122e-07 2.00567e-05 -0.00505108 0.000228297 0.00424727 0.0031806 0.0231596 0.00161516 0.0213824 -0.000150771 -0.00273801 0.000446245 -0.0115211 -0.00974152 -0.00202816 -0.0425016 -0.052358 -0.0546321 -0.0517086 -0.0537039 -0.0511737 -0.0532059 -0.0505889 -0.0517455
internal_weight=10325.9 10321.7 407.133 9914.61 854.542 808.918 45.6236 200.525 31.2072 9060.07 1698.67 7361.4 206.607 195.384 169.318 11.2232 4.13954 0.91954 3.22 0.693342 2.30439 0.589461 1.13933 1.16506
internal_count=48935 48311 2943 45368 4593 4398 195 1673 136 40775 7647 33128 1270 1139 1537 131 624 145 479 143 457 137 414 43
is_linear=0
shrinkage=0.05


Tree=188
num_leaves=31
num_cat=0
split_feature=14 15 19 16 8 1 19 14 7 44 22 36 20 21 26 13 16 22 3 15 42 3 39 1 14 36 9 21 15 44
split_gain=4.30968 11.8436 8.84482 10.3579 10.0996 8.80178 11.0643 8.12622 7.39066 7.21578 7.0864 13.1912 10.8303 6.92674 11.0565 8.04552 6.1209 5.84 5.59866 6.3356 5.76108 9.07856 5.82234 5.65818 5.27028 11.7998 7.18618 5.09139 3.94228 3.17056
threshold=1.2155000000000002 0.46300000000000008 1.6450000000000002 0.47700000000000004 1.0000000180025095e-35 30.500000000000004 1.9185000000000001 0.60350000000000004 0.32700000000000007 0.38900000000000007 0.15000000000000002 0.33300000000000007 -7.4999999999999991 -9.4999999999999982 0.20350000000000004 1.6100000000000001 0.43650000000000005 0.29999999999999999 0.55800000000000016 0.87750000000000006 0.31700000000000006 1.8685000000000003 2.4340000000000006 2.5000000000000004 1.2790000000000001 0.36650000000000005 1.9110000000000003 -10.499999999999998 0.48050000000000004 0.49150000000000005
decision_type=2 2 2 2 2 2 2 2 2 2 2 2 2 2 2 2 2 2 2 2 2 2 2 2 2 2 2 2 2 2
left_child=2 8 4 13 16 17 -7 28 24 -9 11 -10 -12 14 -4 -15 29 -5 19 23 22 -22 -20 -3 25 -2 -26 -18 -6 -1
right_child=1 18 3 5 7 6 -8 9 10 -11 12 -13 -14 15 -16 -17 27 -19 20 -21 21 -23 -24 -25 26 -27 -28 -29 -30 -31
leaf_value=-0.0747168508491593 0.033798939756075043 0.045014949229868345 0.012313586706915985 0.00093479471787605902 -0.015182164520187473 -0.012486991984321114 0.0011105650541851024 0.067372870188633444 -0.033391601980229106 -0.0030340659960784336 0.0084433218931010811 0.008643167557727342 -0.0061176604427043675 0.023090913819567557 -0.023522974632513034 -0.00023568974908306641 0.049109099327072948 0.01975980119260598 -0.034674100878271427 -0.063434286383481711 -0.028661681488585663 0.055301951485255407 0.014264090346798859 -0.029306302556622772 -0.0023426627337866288 0.0022816989202069579 0.0029051578826734506 -0.030956004130026627 -0.050283487507792414 -0.03279108797476326
leaf_weight=7.7048866301775041 32.212523303925991 4.5987420957535488 57.761789962649345 1795.8214562790527 23.987041655185749 296.00554564595222 302.4804118797183 3.6465138503699555 19.239752311259508 1787.1289365536068 210.23487996903714 623.74413792369887 325.29538386850618 120.32387922471389 34.306206658482552 53.356989543884993 3.3479165732860565 42.165946501889266 6.2066443238873026 5.3310364931821814 17.75796048715711 3.9322938283439717 292.62695802981034 5.779059574007988 3007.7311008940451 380.34122802503407 833.02426126546925 4.8795892018824798 12.001174390781669 10.872653309255837
leaf_count=38 150 23 248 8921 322 1254 1284 19 89 8517 1020 3066 1518 547 150 245 15 188 34 25 83 28 1549 27 13258 1659 4478 41 88 51
internal_value=-9.97993e-07 0.000906904 -0.00115049 0.00067415 -0.00381053 -0.0003482 -0.00561466 -0.00336345 0.00034321 -0.0028907 0.00384697 0.00738538 -0.000401408 0.0100474 -0.00103977 0.0159247 -0.034279 0.00136667 0.0100134 -0.0191307 0.0114417 -0.0134397 0.0132477 0.00362787 -0.000627619 0.00474259 -0.00120446 0.00162389 -0.0268876 -0.0501795
internal_weight=10323.8 5768.06 4555.79 2702.22 1853.57 2436.47 598.486 1826.76 5431.82 1790.78 1178.51 642.984 535.53 265.749 92.068 173.681 26.805 1837.99 336.233 15.7088 320.524 21.6903 298.834 10.3778 4253.31 412.554 3840.76 8.22751 35.9882 18.5775
internal_count=48935 27007 21928 12837 9091 11647 2538 8946 25238 8536 5693 3155 2538 1190 398 792 145 9109 1769 75 1694 111 1583 50 19545 1809 17736 56 410 89
is_linear=0
shrinkage=0.05


Tree=189
num_leaves=26
num_cat=0
split_feature=3 42 26 6 7 9 9 17 25 19 6 5 18 22 18 2 11 23 19 25 23 23 2 30 20
split_gain=4.30436 4.16779 8.02431 12.515 11.3703 8.5508 6.61023 6.55967 4.94607 7.76818 7.76524 5.89309 4.73867 7.56386 7.06729 4.28067 0.00204065 0.000850599 0.00043651 0.000335298 0.000193606 0.0001729 0.000154197 5.46445e-05 9.65097e-10
threshold=1.0000000180025095e-35 0.22850000000000004 0.63600000000000012 0.52300000000000013 0.36200000000000004 1.7170000000000003 0.55800000000000016 0.18050000000000002 514.50000000000011 0.70200000000000007 0.16950000000000001 -0.28899999999999992 0.074999999999999969 0.74166666666666681 0.36666666666666675 11.500000000000002 2.5000000000000004 -0.68299999999999983 1.6545000000000003 515.50000000000011 -0.33399999999999991 -1.0004999999999997 1.5000000000000002 1.5580000000000001 11.500000000000002
decision_type=2 2 2 2 2 2 2 2 2 2 2 2 2 2 2 2 2 2 2 2 2 2 2 2 2
left_child=16 2 3 6 7 -5 -2 -4 12 11 -11 -10 13 -3 -14 -6 17 -1 21 20 -19 -18 24 -24 -20
right_child=1 8 4 5 15 -7 -8 -9 9 10 -12 -13 14 -15 -16 -17 18 19 22 -21 -22 -23 23 -25 -26
leaf_value=-0.057084833844430333 0.019899169045784315 -0.0073149384977023255 -0.045084665128305224 0.061844395964033128 0.071510685103806537 0.013742953695623148 0.00038227949482211792 -0.010261930127295598 -0.025784518283702054 0.0093530928917994176 -0.013234516097214761 0.023894405895864387 0.002212149490901327 0.010283115756836369 -0.00084209856214220052 0.0077723332027013065 -0.052969772087833523 -0.053417273999857254 -0.050047564615454482 -0.05615330882440938 -0.050925235991713239 -0.051830106641020425 -0.051078257169483027 -0.051729572269048868 -0.050053455716381617
leaf_weight=0.21722837537527084 46.227415552129969 430.48716220527422 18.495440943166614 9.7872361019253713 4.7017131550237519 164.97537559142802 705.48250173521228 50.310018079355359 7.3707827352918676 45.673876419430599 227.9525200156495 31.399909702828154 2849.656898096553 71.151624690217432 5647.8597125356901 5.990448459982872 0.56072047119960189 0.4630219885148108 0.17809558898443345 0.099182215461041778 0.093711962530505288 0.81872640782967232 0.89349620928987838 0.50351274316199124 0.11403664952376857
leaf_count=2 255 2011 99 42 25 823 3192 225 37 226 1025 181 13261 952 25932 25 15 11 190 6 126 39 90 37 108
internal_value=-9.77923e-07 1.89797e-05 0.00307639 0.00438449 -0.0121684 0.0164368 0.0015825 -0.0196226 -0.000311327 -0.00649628 -0.00946418 0.0144498 -9.66218e-05 -0.00481886 0.000182149 0.0358003 -0.0522403 -0.054373 -0.0516335 -0.053475 -0.0529978 -0.0522934 -0.0510945 -0.051313 -0.0500499
internal_weight=10321.5 10317.5 1005.97 926.473 79.4976 174.763 751.71 68.8055 9311.55 312.397 273.626 38.7707 8999.16 501.639 8497.52 10.6922 3.94173 0.873145 3.06859 0.655916 0.556734 1.37945 1.68914 1.39701 0.292132
internal_count=48935 48311 4686 4312 374 865 3447 324 43625 1469 1251 218 42156 2963 39193 50 624 145 479 143 137 54 425 127 298
is_linear=0
shrinkage=0.05


Tree=190
num_leaves=26
num_cat=0
split_feature=4 30 39 21 24 11 33 1 14 15 21 15 30 23 17 3 5 11 18 41 28 19 21 39 4
split_gain=4.55451 8.51939 8.5266 8.66589 12.0901 7.93885 9.48054 7.44834 7.42341 8.43509 7.21301 15.185 7.75687 8.83886 7.13902 7.08546 11.2413 9.23272 6.65322 6.27422 5.6931 4.89239 3.36522 2.01834 0.169862
threshold=1.1275000000000002 1.6065000000000003 2.6190000000000002 3.5000000000000004 3.3285000000000005 32.500000000000007 0.41050000000000003 35.500000000000007 2.7640000000000007 -2.1549999999999994 -11.499999999999998 1.2545000000000002 1.5430000000000004 -0.42099999999999999 0.20750000000000002 1.2195000000000003 0.041000000000000009 1.5000000000000002 0.78888888888888908 0.55100000000000016 0.22350000000000003 2.4645000000000006 4.5000000000000009 2.6900000000000008 1.7925000000000002
decision_type=2 2 2 2 2 2 2 2 2 2 2 2 2 2 2 2 2 2 2 2 2 2 2 2 2
left_child=1 10 3 14 -5 6 -4 -7 9 -2 11 18 19 -14 -3 16 -11 -17 -1 -12 22 -13 -10 24 -22
right_child=8 2 5 4 -6 7 -8 -9 20 15 12 21 13 -15 -16 17 -18 -19 -20 -21 23 -23 -24 -25 -26
leaf_value=-0.014129317930469752 -0.079796640933294194 0.01009629683735285 -0.019239162929575424 0.02442714976937432 0.00012793136742547361 0.066819689482118083 0.015717264335526664 0.0050731822599130406 -0.049984077676673989 -0.00078349586640452076 0.00017682504567560225 0.0092259386877479883 0.0072980709831465349 -0.007000252036257178 -0.01133747111952145 0.028066915880717882 0.050539445087951398 0.0023669354957888277 -0.044242672144642975 -0.024066832162739211 0.081121925901885564 0.069745033199709192 0.037114994175558927 0.012553282768242411 0.063180782456850312
leaf_weight=58.78795014321804 3.2509507015347472 79.399042393139098 91.32454116732697 133.14689248148352 83.162976695224643 5.8247209042310706 24.626742031658068 30.240070730447769 2.2135749921435481 3776.426669752982 2053.6212260907341 8.7054951786994916 121.95984988781856 950.07940304635849 76.068804567330517 35.403628321015276 10.699440538883207 2706.6844304082915 26.660593964159489 27.038601637861575 4.7552075739949924 5.4177180603146544 2.2223920822143555 1.5397261314792556 1.8258310403907669
leaf_count=263 20 441 461 572 368 25 113 129 28 17244 10521 37 610 4514 361 286 44 12477 122 143 29 25 16 25 61
internal_value=-1.00628e-06 -0.00138382 0.00453408 0.00861334 0.015085 -0.00544234 -0.0118148 0.0150457 0.00079679 0.000722963 -0.00233693 -0.0155867 -0.00191846 -0.00537361 -0.000391023 0.000763055 -0.000638498 0.00269875 -0.0235249 -0.000138226 0.0392043 0.0324413 -0.00634798 0.0640873 0.0761444
internal_weight=10321.1 3776.06 523.794 371.778 216.31 152.016 115.951 36.0648 6545.02 6532.47 3252.27 99.5718 3152.7 1072.04 155.468 6529.21 3787.13 2742.09 85.4485 2080.66 12.5567 14.1232 4.43597 8.12076 6.58104
internal_count=48935 18705 2470 1742 940 728 574 154 30230 30071 16235 447 15788 5124 802 30051 17288 12763 385 10664 159 62 44 115 90
is_linear=0
shrinkage=0.05


Tree=191
num_leaves=29
num_cat=0
split_feature=13 26 6 13 17 21 16 16 27 1 21 30 4 9 23 19 44 44 11 19 29 34 36 3 9 13 2 3
split_gain=4.29127 4.88619 6.12031 7.61036 4.3672 5.96161 6.88111 10.8541 6.52615 6.5233 5.70833 5.36779 5.07582 7.57615 11.9038 9.5419 6.95565 6.74749 5.92265 4.05943 3.5539 6.55076 2.24678 0.0537671 0.0485147 0.027585 0.00207274 8.28401e-05
threshold=0.25850000000000006 0.31500000000000006 0.24550000000000002 1.0000000180025095e-35 0.58550000000000002 4.5000000000000009 0.14050000000000004 0.12250000000000001 0.23300000000000004 10.500000000000002 8.5000000000000018 1.4935000000000003 0.72900000000000009 1.8985000000000001 1.0010000000000006 0.81950000000000001 0.42150000000000004 0.41650000000000004 51.500000000000007 0.25650000000000006 2.7670000000000008 0.48050000000000004 0.52650000000000008 1.1960000000000002 0.65450000000000019 1.0000000180025095e-35 8.5000000000000018 2.9500000000000006
decision_type=2 2 2 2 2 2 2 2 2 2 2 2 2 2 2 2 2 2 2 2 2 2 2 2 2 2 2 2
left_child=1 2 23 27 12 6 7 -6 10 -10 -7 -8 16 14 -14 -15 17 -2 -18 20 21 -3 24 26 -21 -22 -1 -4
right_child=4 19 3 -5 5 8 11 -9 9 -11 -12 -13 13 15 -16 -17 18 -19 -20 22 25 -23 -24 -25 -26 -27 -28 -29
leaf_value=-0.052893992323812249 0.0065415681846311292 0.15753143193736246 -0.050934836312305769 0.16392078885673356 -0.0036210191285484163 0.035967184547283065 0.034260555356519826 -0.10073390605162974 0.010100720229982273 0.077216415596111435 -0.047415051076719415 0.00097373204600866405 -3.8210631735499207e-05 0.012614546235150518 -0.012766072678541147 0.0017062969950894036 -0.0055459069793076729 0.077396841194111665 0.047860128373370579 -0.070011280427736938 -0.0514050929114232 -0.0051542942987683124 0.0049832481081925253 -0.081255228980578076 -0.058078274769934893 -0.065157057202954866 -0.060512540389327477 -0.052458893069048551
leaf_weight=0.23614903680573052 10.789717726875095 0.66889898688532667 0.50398821389535409 1.2511494476348162 39.640222127200104 4.3112011048942822 23.142018495127559 3.1024638414382926 5.8724936060607424 9.4405849091708642 3.9179486483335495 25.40901421289891 8024.71756270068 247.17452564463019 188.00564039498568 1061.1473733875901 636.99889888937469 4.8794985050335518 5.2339415848255149 0.94695262861205165 0.4533897699438959 8.2574901686166395 1.5897704266244534 0.45524370670318604 8.4724424524465558 1.8632305366918445 0.14354458451271057 0.10832593881059438
leaf_count=57 59 18 117 8 521 26 133 16 31 45 17 144 36600 1459 850 4710 3318 27 22 19 143 341 38 2 188 12 1 13
internal_value=-9.4497e-07 -0.0207117 0.0428284 0.0932329 4.92549e-05 0.00974534 0.00396017 -0.0106699 0.0321795 0.0514779 -0.00373161 0.01684 -6.01335e-05 0.000233368 -0.000329577 0.00376714 -0.00430763 0.0286064 -0.00511067 -0.0284169 -0.00728436 0.00703656 -0.0499983 -0.0696676 -0.0592779 -0.0624656 -0.0557742 -0.0512045
internal_weight=10318.7 24.9506 2.6984 1.86346 10293.8 114.836 91.2937 42.7427 23.5422 15.3131 8.22915 48.551 10178.9 9521.05 8212.72 1308.32 657.902 15.6692 642.233 22.2522 11.243 8.92639 11.0092 0.834937 9.4194 2.31662 0.379694 0.612314
internal_count=48935 957 198 138 47978 933 814 537 119 76 43 277 47045 43619 37450 6169 3426 86 3340 759 514 359 245 60 207 155 58 130
is_linear=0
shrinkage=0.05


Tree=192
num_leaves=31
num_cat=0
split_feature=4 9 5 59 5 26 26 24 21 13 0 7 2 14 21 21 13 27 7 3 7 16 18 2 4 15 28 18 9 17
split_gain=4.25903 8.36544 10.166 9.45336 11.2031 8.29481 6.68746 6.46587 8.65736 12.1533 10.0215 9.98109 6.67473 9.59881 6.58752 5.95905 7.54945 5.70101 6.34267 5.67143 5.57362 7.28244 5.43212 10.9875 8.69998 4.59598 4.33669 3.58851 8.69039 0.630745
threshold=1.2620000000000002 1.5250000000000001 0.18350000000000002 23.500000000000004 -1.0000000180025095e-35 0.13950000000000004 0.13650000000000004 1.7475000000000003 -18.499999999999996 1.3655000000000002 15.500000000000002 0.12750000000000003 2.5000000000000004 0.55800000000000016 -1.4999999999999998 13.500000000000002 1.5310000000000001 0.26850000000000007 0.22900000000000004 1.268 0.10900000000000001 0.66100000000000014 0.59166666666666679 10.500000000000002 1.2790000000000001 -0.69799999999999984 0.23850000000000002 0.36666666666666675 0.91100000000000014 0.39650000000000007
decision_type=2 2 2 2 2 2 2 2 2 2 2 2 2 2 2 2 2 2 2 2 2 2 2 2 2 2 2 2 2 2
left_child=1 2 3 4 -1 -5 20 14 9 10 -9 -11 26 -14 22 16 -4 18 -8 -19 -3 -22 24 -24 -2 -17 -10 28 -16 -29
right_child=7 6 15 5 -6 -7 17 8 12 11 -12 -13 13 -15 27 25 -18 19 -20 -21 21 -23 23 -25 -26 -27 -28 29 -30 -31
leaf_value=-0.0034211425620433778 0.071078650035706889 -0.030777921850342935 -0.016739547119908146 0.014492445450271616 0.0076414381990457291 -0.011988498562265483 -0.0029414247607065947 0.058907647822179166 -0.0075065246886378036 0.029547690505445753 0.010400291524627774 0.0028767470925780674 -0.028525964332925931 0.00092061433626893212 -0.044509590396291349 0.023698763103348883 -0.00091393892939968698 -0.0044876330892457839 0.001784836226245267 0.0071891535150870114 0.05457793157150307 -0.015747472853014508 0.0024470471073443647 -0.014812777861257734 0.0022213628690705123 -0.025407583621218241 0.025966974572722946 -0.049207722382147101 0.049934562999530391 -0.081036526214412097
leaf_weight=613.41540032200282 4.7069624513387671 3.5402810769737725 274.93001221190207 33.010468891821802 365.05733588407747 283.89251663653704 1513.307406748645 20.55097921192646 12.554146852227857 39.107455678284168 22.095854923129082 340.49573251605034 27.864956893026829 4059.6304866522551 8.5305074212665222 20.237623110413555 103.81467091105878 133.35778158152243 1337.0567641077214 472.18438271153718 14.998025725362824 4.8786892741918555 177.45668448501965 191.94155476242304 180.4670114699984 6.2320770770311347 42.205561144510284 3.2768584806472054 3.4091484090313307 2.9647969920188189
leaf_count=3161 22 34 1276 146 2056 1244 7382 85 152 163 93 1426 128 18198 51 87 470 712 5999 2239 72 23 1141 868 908 27 702 30 23 17
internal_value=-1.02839e-06 -0.00101272 -0.00388682 -0.00172464 0.000706184 -0.00923009 0.000392049 0.00101907 0.00164742 0.00846766 0.0337754 0.00562444 0.000952185 0.000719873 -0.00398855 -0.0107988 -0.0124017 0.000211607 -0.000724417 0.00461759 0.0270219 0.0373167 -0.00301763 -0.00652126 0.00397166 0.0121371 0.0182929 -0.0336037 -0.0175428 -0.0643265
internal_weight=10317.2 5179.91 1700.59 1295.38 978.473 316.903 3479.32 5137.26 4564.51 422.25 42.6468 379.603 4142.26 4087.5 572.754 405.214 378.745 3455.91 2850.36 605.542 23.417 19.8767 554.572 369.398 185.174 26.4697 54.7597 18.1813 11.9397 6.24166
internal_count=48935 24928 8467 6607 5217 1390 16461 24007 20947 1767 178 1589 19180 18326 3060 1860 1746 16332 13381 2951 129 95 2939 2009 930 114 854 121 74 47
is_linear=0
shrinkage=0.05


Tree=193
num_leaves=23
num_cat=0
split_feature=4 11 9 7 42 24 1 22 6 13 21 19 16 14 3 26 28 10 1 9 7 16
split_gain=4.13408 7.01259 6.43336 9.01271 7.1847 6.34969 11.1755 10.772 7.87563 7.69947 9.47994 7.31658 11.8924 8.3508 6.96112 6.57234 5.96358 6.66315 5.90987 5.42029 4.72685 3.57145
threshold=0.87750000000000006 56.500000000000007 2.4905000000000004 0.08900000000000001 0.30200000000000005 3.0535000000000005 57.500000000000007 0.5916666666666669 0.37700000000000006 2.1275000000000004 2.5000000000000004 1.7070000000000001 0.47900000000000004 0.62750000000000006 1.8250000000000004 0.39650000000000007 0.15450000000000003 3.5000000000000004 21.500000000000004 1.768 0.085000000000000006 0.71100000000000008
decision_type=2 2 2 2 2 2 2 2 2 2 2 2 2 2 2 2 2 2 2 2 2 2
left_child=1 2 3 4 -1 6 11 9 18 10 -7 13 -13 -2 -8 -10 20 -18 -9 -5 -4 -11
right_child=5 -3 16 19 -6 7 14 8 15 21 -12 12 -14 -15 -16 -17 17 -19 -20 -21 -22 -23
leaf_value=-0.022238447130498135 -0.025654986294407062 0.046837646498918396 0.0073748089273825484 -0.0073554730367465532 0.02150775797312942 -0.0047230813999216371 0.070700029034390863 -0.0092559547551604483 0.022393285043457296 0.040627780824008496 0.0059405459061576222 0.017344998678680178 0.0010771590211627136 -0.0013405578906322728 0.0046587273039152164 -0.0069426954678817035 -0.025150232155097596 0.015849342872355742 -0.082621278586129013 -0.00026868137980185029 -0.029120522333473137 -0.02313703457533698
leaf_weight=94.301344810868613 35.587697363836924 7.1859562247991553 17.500985492952168 402.15121088168235 10.423123614629729 248.95941599004436 8.9541767984628695 5.2350782454013807 20.8173903565621 20.063231104169976 1279.8757112366147 118.2252608910203 2258.2365329828463 4582.0039351782762 7.197454407811164 230.39909601409454 10.886066157370804 110.49089148704661 5.770842969417572 819.91327285987791 17.995199170894921 2.4658425662200889
leaf_count=575 253 30 201 2129 60 1460 37 23 218 201 5761 527 10805 20440 30 1181 48 976 24 3789 91 76
internal_value=-1.09197e-06 -0.00243634 -0.00267499 -0.00380712 -0.0178844 0.000410362 -0.000271854 0.00304739 -0.00632544 0.00463165 0.00420405 -0.000367791 0.00188646 -0.00152795 0.0412708 -0.00451173 0.00690021 0.0121722 -0.0477243 -0.00260077 -0.0111269 0.0336486
internal_weight=10314.6 1490.85 1483.66 1326.79 104.724 8823.79 7010.21 1813.59 262.222 1551.36 1528.84 6994.05 2376.46 4617.59 16.1516 251.216 156.873 121.377 11.0059 1222.06 35.4962 22.5291
internal_count=48935 7899 7869 6553 635 41036 32092 8944 1446 7498 7221 32025 11332 20693 67 1399 1316 1024 47 5918 292 277
is_linear=0
shrinkage=0.05


Tree=194
num_leaves=27
num_cat=0
split_feature=14 19 23 24 37 18 59 2 24 18 8 7 3 19 5 22 3 33 3 0 18 13 23 11 22 1
split_gain=4.11792 3.97619 7.06317 7.34731 6.88596 6.05985 8.0729 7.63589 7.02796 6.68912 10.7589 5.9244 4.59128 3.73825 2.57982 1.80137 0.00114635 0.00030185 0.000121904 5.08476e-05 3.315e-05 5.75223e-05 4.0098e-06 1.22865e-07 5.49651e-08 1.11327e-08
threshold=1.0000000180025095e-35 2.3170000000000006 0.16000000000000006 2.4190000000000005 0.43900000000000006 0.74166666666666681 25.500000000000004 25.500000000000004 3.0015000000000005 0.70000000000000007 0.8500000000000002 0.20950000000000002 1.6940000000000002 2.6570000000000005 0.98350000000000015 -0.13333333333333333 0.96650000000000003 0.30300000000000005 1.0000000180025095e-35 9.5000000000000018 0.93333333333333346 1.2405000000000002 -1.4909999999999997 3.5000000000000004 -0.5166666666666665 1.0000000180025095e-35
decision_type=2 2 2 2 2 2 2 2 2 2 2 2 2 2 2 2 2 2 2 2 2 2 2 2 2 2
left_child=16 5 3 12 15 9 8 -8 -7 11 -11 -2 -3 -5 -6 -4 18 19 23 -18 21 -20 -22 25 -25 -1
right_child=1 2 4 13 14 6 7 -9 -10 10 -12 -13 -14 -15 -16 -17 17 -19 20 -21 22 -23 -24 24 -26 -27
leaf_value=-0.050047489695570185 -0.001622604800487825 0.0053214933571545543 0.037590741305844819 0.019641472651214967 -0.070636075398862533 -0.0032418891887855128 -0.050828646243185643 -0.011224975065315827 0.019260946275678849 0.0059533043532710821 0.078308585335873468 0.00099966592299722775 -0.033645712985854621 0.058261392931412297 -0.021198482150756204 -0.011059544076360135 -0.051673883042660497 -0.05320986257512908 -0.050845571928827743 -0.052330388755910284 -0.050864766519498977 -0.051699063910199995 -0.050578984934355413 -0.050077836316392302 -0.050150203592926504 -0.050010795674380597
leaf_weight=0.27820896968478281 3655.5225186859025 267.60759420134127 3.5824807658791542 32.648043155670166 6.3774706721305829 539.01167239318602 13.293228551745413 144.17978618294001 37.084416531026363 335.47400876402389 5.2176029197871676 5243.5242222274246 7.7789183706045142 7.7541347283404312 4.5014497861266136 4.0579415559768703 0.56435665045864902 0.96175579458940763 0.41465101772337198 0.61781989317387342 0.25909184478223324 0.37681320519186556 0.23323521879501641 0.065968464070465416 0.04356748890131712 0.022329492901917547
leaf_count=298 17583 1484 19 180 31 2374 56 613 188 1482 23 24065 33 121 21 21 26 25 35 17 17 14 24 45 21 119
internal_value=-1.03226e-06 1.82479e-05 0.00538202 0.00714201 -0.0246291 -0.000161547 -0.00453567 -0.0145682 -0.00179334 0.000185727 0.00706141 -7.75022e-05 0.00422078 0.0270535 -0.0501799 0.0117519 -0.051784 -0.0525521 -0.0508118 -0.052017 -0.0510515 -0.0512519 -0.0507294 -0.0500613 -0.0501066 -0.0500448
internal_weight=10311.5 10307.6 334.308 315.789 18.5193 9973.31 733.569 157.473 576.096 9239.74 340.692 8899.05 275.387 40.4022 10.8789 7.64042 3.8378 2.14393 1.69387 1.18218 1.28379 0.791464 0.492327 0.410074 0.109536 0.300538
internal_count=48935 48294 1910 1818 92 46384 3231 669 2562 43153 1505 41648 1517 301 52 40 641 68 573 43 90 49 41 483 66 417
is_linear=0
shrinkage=0.05


Tree=195
num_leaves=30
num_cat=0
split_feature=3 8 22 16 13 24 44 41 40 14 24 40 41 26 24 39 36 29 1 25 41 4 8 39 14 22 37 8 2
split_gain=3.9762 4.64537 13.0272 9.72215 12.1791 7.73052 7.35684 14.322 8.14621 6.53794 5.43669 8.94092 6.98149 4.86547 5.66951 5.19477 3.35658 3.77785 5.45991 5.73087 3.40056 3.36195 3.2134 3.03947 2.61435 2.16059 0.137205 0.0208185 0.0108893
threshold=0.33900000000000002 0.36666666666666675 -0.29999999999999988 0.43100000000000005 1.6380000000000001 1.6255000000000002 0.49150000000000005 0.47400000000000003 0.76050000000000006 1.2155000000000002 2.9535000000000005 0.74550000000000016 0.45750000000000007 0.12200000000000001 1.4040000000000001 2.5235000000000003 0.44150000000000006 2.0195000000000003 1.5000000000000002 510.50000000000006 0.45350000000000007 2.6125000000000003 0.36666666666666675 2.5955000000000008 1.3965000000000003 -0.63333333333333319 0.43300000000000005 0.40833333333333338 3.5000000000000004
decision_type=2 2 2 2 2 2 2 2 2 2 2 2 2 2 2 2 2 2 2 2 2 2 2 2 2 2 2 2 2
left_child=16 2 3 4 -2 13 8 -8 -7 -5 12 -12 -4 14 -3 -15 17 18 19 -1 -19 22 23 -18 -20 -22 -23 -24 -28
right_child=1 5 10 9 -6 6 7 -9 -10 -11 11 -13 -14 15 -16 -17 21 20 24 -21 25 26 27 -25 -26 -27 28 -29 -30
leaf_value=-0.060449992203830731 -0.0054589192697201382 -0.0002258061479696733 0.010223107956675598 -0.00098618355740455747 -0.036547792621145457 -0.0013636576168335271 0.008305472830063448 -0.00031905969204386493 -0.01027010585380924 0.0085475748958790936 0.0022246334671473167 0.020955590196062159 0.0017539172365890945 -0.026711178304439004 -0.063088855003179276 -0.0019497062361952305 -0.009108752465530506 0.016247654791492025 -0.070893279541614798 0.089463781774975951 -0.0058018162285836178 -0.089455742355485285 -0.067773656949879663 0.018378976500477578 0.00060140177590804853 -0.057014973148853489 -0.056348344807124931 -0.057587328063465476 -0.065555882495804657
leaf_weight=0.85821138881147119 441.43983432068489 5.7088764850050202 301.2676973452908 970.62002516817302 33.923457915661857 3076.9352144069271 586.19763903645799 2691.6534528011107 280.10787904093741 220.71826942823827 132.17909210448852 122.98879592458252 1265.4108530619997 30.461320970207453 9.6485600033774954 69.527090391900856 24.330181858567812 2.3472927325783557 2.2971370258310344 2.478788723325124 2.4695877325721112 0.55981089372653414 0.88952707679709364 17.142667853535386 2.8839917667210102 12.40052335998916 0.81159004010260083 1.1501647642144233 0.53133386373519897
leaf_count=27 1952 32 1385 4595 166 14293 2720 12490 1309 1109 706 657 5731 201 49 495 312 30 28 54 88 20 12 221 18 140 60 32 3
internal_value=-9.4035e-07 8.0914e-05 0.00156239 -0.0016321 -0.00767752 -0.000684716 -0.000461616 0.00122332 -0.0021068 0.000780128 0.00448483 0.0112528 0.00338252 -0.0135178 -0.0397205 -0.00949325 -0.01178 -0.0262066 0.00102908 0.0509089 -0.0396811 -0.00360488 -0.00076011 0.00225321 -0.0310969 -0.0485096 -0.0686602 -0.0620297 -0.0599913
internal_weight=10309.9 10238.8 3488.55 1666.7 475.363 6750.24 6634.89 3277.85 3357.04 1191.34 1821.85 255.168 1566.68 115.346 15.3574 99.9884 71.1508 25.7355 8.51813 3.337 17.2174 45.4153 43.5125 41.4728 5.18113 14.8701 1.90273 2.03969 1.34292
internal_count=48935 47890 16301 7822 2118 31589 30812 15210 15602 5704 8479 1363 7116 777 81 696 1045 385 127 81 258 660 577 533 46 228 83 44 63
is_linear=0
shrinkage=0.05


Tree=196
num_leaves=30
num_cat=0
split_feature=13 41 36 26 28 16 1 13 5 5 4 20 4 11 7 36 8 28 9 6 15 19 13 26 27 41 1 30 11
split_gain=3.96386 6.4313 9.18883 6.32374 6.97004 6.06914 8.65962 7.32868 5.88489 13.0245 5.88049 5.61467 7.29392 9.13953 5.25945 5.12523 5.08542 7.66488 8.23409 6.78933 8.26251 6.84544 4.92269 4.79228 4.72083 4.6242 4.31946 3.55249 3.02368
threshold=0.7380000000000001 0.42600000000000005 0.49100000000000005 0.48400000000000004 0.32550000000000007 0.18350000000000002 48.500000000000007 1.0605000000000002 0.95100000000000007 1.0850000000000002 2.3405000000000005 3.5000000000000004 2.1275000000000004 3.5000000000000004 0.28900000000000003 0.57800000000000007 0.74166666666666681 0.63600000000000012 2.3585000000000007 0.6100000000000001 0.68600000000000005 1.7545000000000002 0.50850000000000006 0.39850000000000008 0.24600000000000002 0.44100000000000006 5.5000000000000009 1.4910000000000003 24.500000000000004
decision_type=2 2 2 2 2 2 2 2 2 2 2 2 2 2 2 2 2 2 2 2 2 2 2 2 2 2 2 2 2
left_child=1 2 3 4 -1 6 7 10 14 -10 -2 12 25 -14 -8 -9 19 18 -18 21 -21 -7 -4 27 -5 -3 -25 -13 -19
right_child=5 11 22 24 -6 16 8 15 9 -11 -12 23 13 -15 -16 -17 17 28 -20 20 -22 -23 -24 26 -26 -27 -28 -29 -30
leaf_value=0.073143292671724452 0.00048785755804864046 -0.019116728416216547 0.0058287619770326857 -0.0015005461471827698 0.00058259725780697999 -0.0010448011362125019 0.029827910407300741 0.0095581360098694907 -0.048250749005787248 0.047904246594624514 0.058535813707830411 -0.028171895717011959 -0.0052456466268796225 0.063440693166122553 0.086174596670962153 0.036811959337320295 -0.0066044222047610072 0.010996992905707412 0.0054517752566542836 0.0099202178600996897 -0.0086100228327525806 0.0023029079002063872 0.080600118746496308 -0.032141778914370103 -0.060976731637496187 -0.0029862741724051185 0.051884928761287585 -0.08060347960152027 0.06961161499804297
leaf_weight=5.2068829906056662 630.85431588767096 46.776083946184372 3.1934887808311014 11.657184872150539 9.0826349872077099 4967.9718545018695 21.722871378064159 131.30065442190971 6.9224013090133649 7.1688276827335358 4.3933298029005519 14.583496606384875 10.2674097341951 9.1672464199364168 5.1168743371963492 19.859531924594194 693.68468941305764 4.0794898867607099 177.95492394082248 336.15492627117783 73.269712139386684 2204.687754235696 7.0848045647144318 2.9675908754579714 4.6741132571332846 886.1330003244293 3.1560043841600418 4.1499558731738935 4.7761397212743759
leaf_count=30 3261 265 35 62 55 21934 90 822 29 31 40 112 55 42 21 164 3023 20 859 1490 338 10805 34 39 29 5178 16 35 21
internal_value=-1.01679e-06 -0.00296279 0.0164621 0.00273134 0.0270226 0.00032357 0.00441088 0.00324385 0.0268329 0.000667525 0.000889313 -0.00377579 -0.00316348 0.0271534 0.0405701 0.0131388 -7.60233e-05 -0.0036728 -0.00414302 0.000341664 0.00660409 -1.5803e-05 0.0573685 -0.0272349 -0.018523 -0.00379506 0.0111643 -0.0397869 0.0426098
internal_weight=10308 1018.1 40.8991 30.6208 14.2895 9289.92 827.339 786.408 40.931 14.0912 635.248 977.201 952.344 19.4347 26.8397 151.16 8462.58 880.495 871.64 7582.08 409.425 7172.66 10.2783 24.857 16.3313 932.909 6.1236 18.7335 8.85563
internal_count=48935 5987 245 176 85 42948 4458 4287 171 60 3301 5742 5540 97 111 986 38490 3923 3882 34567 1828 32739 69 202 91 5443 55 147 41
is_linear=0
shrinkage=0.05


Tree=197
num_leaves=28
num_cat=0
split_feature=4 30 1 39 35 13 14 30 3 24 18 30 13 24 13 39 14 6 28 8 41 44 39 32 31 13 13
split_gain=3.94165 7.62717 8.04733 9.32319 7.05296 6.8391 6.7084 6.47156 6.8683 6.70167 6.33531 6.1391 7.66012 8.01695 6.84922 7.34182 5.92317 5.73934 5.23638 7.94058 5.16156 5.08902 1.96195 1.71753 4.51047 0.303845 0.0237381
threshold=1.1275000000000002 1.6065000000000003 56.500000000000007 2.6190000000000002 0.59400000000000008 0.25850000000000006 2.7640000000000007 1.5430000000000004 2.0165000000000002 2.1010000000000004 0.51666666666666672 1.6065000000000003 0.89600000000000013 2.0010000000000003 0.59200000000000008 2.7625000000000006 2.4335000000000004 0.47900000000000004 0.22350000000000003 0.51666666666666672 0.47850000000000004 0.46000000000000008 2.6900000000000008 0.49350000000000005 0.75650000000000006 0.88350000000000006 1.0000000180025095e-35
decision_type=2 2 2 2 2 2 2 2 2 2 2 2 2 2 2 2 2 2 2 2 2 2 2 2 2 2 2
left_child=1 5 3 21 -5 23 11 9 -9 -7 20 14 17 -14 16 -16 -2 -13 19 -8 -4 -3 25 26 -25 -20 -1
right_child=6 2 10 4 -6 7 18 8 -10 -11 -12 12 13 -15 15 -17 -18 -19 22 -21 -22 -23 -24 24 -26 -27 -28
leaf_value=-0.051164998281815338 -0.0064354980765763932 -0.0031780923780678283 -0.016001693125459241 0.015866807467404011 -0.012797240032620116 -0.0069510633224228614 -0.075850400346676949 -0.0068524061890777649 0.0043094614835652032 0.00073763327108380527 0.077332678327527105 -0.024980580939231722 -0.013399128496289398 0.00032765443208270851 0.0020436221198389562 -0.0067931186116097428 -0.067932569388521255 0.007060499210911831 0.084668783872937581 0.058153897399462744 0.045644513402272789 0.010762665227834631 0.011170041581101549 0.066251505932416008 -0.056122696181537361 0.062688052908671896 -0.058136259073217261
leaf_weight=1.5685340850541232 203.43799263329129 86.192259083036333 6.4511878341436404 26.193583804590162 118.76014557498274 336.06145924162411 2.1138153683859837 929.178680358571 161.82354966783896 1809.0042706602253 6.224762722849845 62.590971015393734 124.7371683109086 722.30464974988718 5142.587131011649 246.30731986602768 3.9923214986920348 17.994131246581674 3.3930305242538452 2.3175056101754308 7.1687541455030441 272.20983941097802 1.5171829448081551 1.1641619557340166 2.1318626796855824 2.929712783137802 5.5135328052565455
leaf_count=410 1082 402 27 120 579 2120 13 4265 767 8339 27 279 618 3447 23411 1132 21 81 16 31 30 1285 25 60 213 74 61
internal_value=-1.03967e-06 -0.00128864 0.00431373 0.00308248 -0.00761756 -0.00219152 0.000741558 -0.00206156 -0.00519682 -0.000466933 0.0355441 0.000672087 -0.00309523 -0.00169378 0.00129654 0.00163973 -0.00761911 -0.017826 0.0376756 -0.00576843 0.0164453 0.00741005 0.0622313 -0.0427158 -0.0128999 0.0744838 -0.0565923
internal_weight=10305.9 3769.65 523.201 503.356 144.954 3246.45 6536.22 3236.07 1091 2145.07 19.8447 6523.95 927.627 847.042 5596.32 5388.89 207.43 80.5851 12.2712 4.43132 13.6199 358.402 7.83993 10.3781 3.29602 6.32274 7.08207
internal_count=48935 18705 2470 2386 699 16235 30230 15491 5032 10459 84 30071 4425 4065 25646 24543 1103 360 159 44 57 1687 115 744 273 90 471
is_linear=0
shrinkage=0.05


Tree=198
num_leaves=22
num_cat=0
split_feature=7 17 32 26 19 3 4 9 16 23 22 32 21 36 33 21 33 23 11 25 59
split_gain=3.99582 7.42124 5.78204 5.47202 5.73054 5.36123 4.77874 4.65963 6.31791 7.78234 5.72616 7.44139 6.19204 5.08439 4.546 5.8091 4.22316 3.84755 3.78798 2.79456 3.77466
threshold=0.57500000000000007 0.075500000000000012 0.25100000000000006 0.17050000000000004 2.1130000000000009 1.268 0.34500000000000003 2.3770000000000002 0.44900000000000007 0.4210000000000001 0.5916666666666669 0.42900000000000005 13.500000000000002 0.41800000000000004 0.33650000000000008 9.5000000000000018 0.34950000000000003 -0.80749999999999977 10.500000000000002 508.50000000000006 3.5000000000000004
decision_type=2 2 2 2 2 2 2 2 2 2 2 2 2 2 2 2 2 2 2 2 2
left_child=6 19 -3 4 -4 -5 14 10 9 -9 12 -12 -8 -10 17 16 -16 -1 -19 -2 -21
right_child=1 2 3 5 -6 -7 7 8 13 -11 11 -13 -14 -15 15 -17 -18 18 -20 20 -22
leaf_value=0.045989513872364246 -0.060804497778974315 -0.061430629754306701 -0.028140910348111964 0.027329150095283757 0.043545491745792253 0.00029896142742744921 -0.0003564990254791711 0.04962771917934071 0.048448539741077969 0.0090163853135044828 0.0058295036695906882 -0.0088083760107341893 0.0038728569139794239 -0.0083772673837670172 0.03027911825092866 0.085492918008421459 -0.025633858790590037 -0.019680195662165542 -0.060917603846204552 0.025033385282387733 -0.044767104287429034
leaf_weight=1.9046416133642186 4.2598511874675733 2.5388487366290056 12.406229277119566 64.885531043531955 3.5958192944526663 25.575157953950111 8419.4441978315299 12.732730582356451 4.1637596525251857 160.44594057032373 112.60853011533618 379.17775737214833 964.56138793379068 72.055464167147875 5.5642971377819803 2.0981446951627722 8.5918843300314602 32.306533160241088 6.7286946382373563 3.8165379501879215 3.932696133852005
leaf_count=17 26 19 122 640 19 257 38938 60 19 1096 537 1694 4140 338 67 10 135 720 40 23 18
internal_value=-1.00695e-06 0.00903123 0.0131412 0.0149195 -0.0120323 0.0196871 -0.000108349 -2.69392e-05 0.00672275 0.0120023 -0.000197392 -0.00545661 7.82272e-05 -0.00527295 -0.0145205 0.00785116 -0.00365643 -0.0234026 -0.0267885 -0.028273 -0.01039
internal_weight=10303.4 121.011 109.002 106.463 16.002 90.4607 10182.4 10125.2 249.398 173.179 9875.79 491.786 9384.01 76.2192 57.1942 16.2543 14.1562 40.9399 39.0352 12.0091 7.74923
internal_count=48935 1124 1057 1038 141 897 47811 46822 1513 1156 45309 2231 43078 357 989 212 202 777 760 67 41
is_linear=0
shrinkage=0.05


Tree=199
num_leaves=25
num_cat=0
split_feature=14 13 2 8 18 8 3 4 33 34 3 3 0 18 13 3 2 4 23 20 11 22 1 1
split_gain=3.8769 4.09465 4.54971 3.97645 9.38076 6.64869 0.000965921 0.000357742 0.000258638 0.00012684 0.000102503 5.83409e-05 5.09385e-05 2.75155e-05 4.89074e-05 5.57247e-06 5.13267e-06 3.53954e-06 3.49902e-06 3.21659e-06 1.06589e-07 4.76369e-08 4.38592e-08 9.07717e-09
threshold=1.0000000180025095e-35 1.0000000180025095e-35 1.5000000000000002 0.074999999999999969 0.18333333333333332 0.36666666666666675 0.96650000000000003 0.25650000000000006 0.30300000000000005 0.37500000000000006 1.0000000180025095e-35 2.3265000000000007 9.5000000000000018 0.93333333333333346 1.2405000000000002 1.9835000000000003 3.5000000000000004 1.9665000000000001 -1.4909999999999997 3.5000000000000004 3.5000000000000004 -0.5166666666666665 3.5000000000000004 1.0000000180025095e-35
decision_type=2 2 2 2 2 2 2 2 2 2 2 2 2 2 2 2 2 2 2 2 2 2 2 2
left_child=6 7 15 4 -4 -5 10 16 12 -9 20 -11 -8 14 -12 19 22 -17 -15 -3 23 -22 -2 -1
right_child=1 2 3 5 -6 -7 8 9 -10 11 13 -13 -14 18 -16 17 -18 -19 -20 -21 21 -23 -24 -25
leaf_value=-0.050044520411519813 -0.050045750837287434 0.050309498912999677 0.047203375686348407 0.0021696119078788187 -0.0052897038592337048 -0.0006418893089094387 -0.051547285218510888 -0.052412569804294457 -0.05303745450424855 -0.051317671540968016 -0.050794393759238193 -0.051878030291543246 -0.052223197443301186 -0.050823996489755767 -0.05160644750271496 0.050295191567447453 -0.050768370086902929 0.050127710102004175 -0.050550263875650904 0.050422726578664312 -0.050073884120233482 -0.050143223465515141 -0.050088762113373958 -0.050009953134742206
leaf_weight=0.26072921033482943 0.39841024763882105 1.110997257754206 8.6631071865558607 3055.9927905143704 484.29995005321689 6741.7896300626453 0.52966316498350374 0.36354610091075334 0.91239487740676839 2.4473064154153694 0.38648517106776104 0.57330797053873528 0.58839770779013634 0.24701308831572533 0.35639347601681948 1.5480245910584924 0.026426761411130428 0.3962084658560342 0.22136653563939035 1.4404975576326249 0.062563994899392128 0.041003819671459496 0.069628502358682454 0.020483557367697358
leaf_count=298 448 187 41 13919 2265 30585 26 13 25 136 35 20 17 17 14 275 2 180 24 179 45 21 44 119
internal_value=-1.00929e-06 1.7191e-05 3.65418e-05 1.45723e-05 -0.00436721 0.000235036 -0.0516893 -0.0513467 -0.0524128 -0.0515302 -0.0507689 -0.051424 -0.051903 -0.0509947 -0.051184 0.0503248 -0.0500904 0.0502611 -0.0506946 0.0503734 -0.050058 -0.0501013 -0.0500521 -0.050042
internal_weight=10302.7 10299.1 10295.2 10290.7 492.963 9797.78 3.62649 3.87863 2.03046 3.38416 1.59604 3.02061 1.11806 1.21126 0.742879 4.49573 0.494466 1.94423 0.46838 2.55149 0.384781 0.103568 0.468039 0.281213
internal_count=48935 48294 47631 46810 2306 44504 641 663 68 169 573 156 43 90 49 821 494 455 41 366 483 66 492 417
is_linear=0
shrinkage=0.05


Tree=200
num_leaves=29
num_cat=0
split_feature=40 40 14 7 17 12 4 44 11 13 20 22 36 9 41 14 8 14 59 21 8 16 40 0 26 9 43 42
split_gain=3.87822 10.5334 7.32869 6.83184 8.39902 9.49485 7.61405 7.94836 6.72292 8.1712 9.70119 7.448 6.47527 6.41964 6.32808 7.03035 6.33274 5.95161 5.02368 4.76171 7.70227 7.44186 4.46591 4.41502 4.13854 3.0723 2.42578 1.49676
threshold=0.72050000000000003 0.72800000000000009 0.47350000000000003 0.5415000000000002 0.081500000000000017 14.500000000000002 0.40350000000000003 0.46250000000000008 5.5000000000000009 1.8040000000000003 12.500000000000002 -0.56944444444444431 0.60300000000000009 2.3770000000000002 0.41550000000000004 0.81350000000000011 0.59166666666666679 1.3270000000000002 15.500000000000002 -7.4999999999999991 0.29999999999999999 0.74550000000000016 0.70200000000000007 5.5000000000000009 0.26450000000000007 1.3920000000000001 0.79550000000000021 0.28200000000000008
decision_type=2 2 2 2 2 2 2 2 2 2 2 2 2 2 2 2 2 2 2 2 2 2 2 2 2 2 2 2
left_child=2 8 22 6 17 -6 7 -3 18 11 -11 -10 14 -8 15 -4 -16 -5 24 20 -14 -21 23 -1 -2 -25 27 -24
right_child=1 3 12 4 5 -7 13 -9 9 10 -12 -13 19 -15 16 -17 -18 -19 -20 21 -22 -23 26 25 -26 -27 -28 -29
leaf_value=0.048182674596580835 -0.012854309098631637 0.06740667169835117 -0.026126492366074189 -0.080909341147643962 0.021523247888318817 -0.054903150558359218 -0.0004126668726590183 -0.025104879881164895 -0.022492057280741749 0.011922321469691074 0.059640985327715418 0.0034919499556524667 -0.0042316927042559257 0.0099042594799949452 -0.00066056064905347951 0.016571296524414459 -0.0058822106733022123 -0.00080384601013021783 0.077296998532636427 0.00584937319334703 0.04054620832379921 -0.047805152365368773 -0.07225150590719201 -0.0083468600767330828 0.021943215903789254 -0.078877468122093702 0.0065030757461401953 -0.033276453585472723
leaf_weight=2.7821116503328112 9.940185676168765 2.4487504066200918 11.017971586203201 3.6983393821865302 84.348283726583759 4.2695919424295417 6142.4531878367416 44.786932508286554 28.678056530188769 93.651181983761489 12.017723265220409 719.13927085394971 15.891370788216589 154.57658457441721 1756.2962401207187 77.120539716212079 867.43733142415294 6.2158552091568708 3.6388826855400103 148.20816627622116 24.271241664886475 6.7572755906730881 6.9728353635218774 7.00083043851191 60.858565994189121 1.9808793189004061 1.6566468931996503 3.8088977406077902
leaf_count=20 109 32 56 19 752 20 28024 627 136 433 64 3193 70 945 8180 368 4172 33 32 703 110 39 113 109 503 15 13 45
internal_value=-9.74941e-07 0.000610805 -0.00153934 -0.000106525 0.0129583 0.017841 -0.000309434 -0.020309 0.0055914 0.00433453 0.0173494 0.00249549 -0.00131122 -0.000159412 -0.00194422 0.0112338 -0.0023869 -0.030686 0.0200024 0.00748612 0.0228287 0.00350977 -0.0289397 -0.00685425 0.0170576 -0.0239021 -0.0498273 -0.0584827
internal_weight=10301.9 7370.72 2931.2 6442.8 98.5321 88.6179 6344.27 47.2357 927.924 853.486 105.669 747.817 2907 6297.03 2711.87 88.1385 2623.73 9.91419 74.4376 195.128 40.1626 154.965 24.2022 11.7638 70.7988 8.98171 12.4384 10.7817
internal_count=48935 34922 14013 30452 824 772 29628 659 4470 3826 497 3329 13698 28969 12776 424 12352 52 644 922 180 742 315 144 612 124 171 158
is_linear=0
shrinkage=0.05


Tree=201
num_leaves=21
num_cat=0
split_feature=17 10 0 1 21 4 24 6 22 27 15 22 27 44 44 22 43 15 27 5
split_gain=3.70609 5.35086 5.72286 7.14212 4.94421 4.66595 8.04752 9.1403 12.7379 7.27423 6.71169 14.0918 6.63243 6.35525 6.20634 7.52291 7.47606 4.50456 5.02787 4.35354
threshold=0.54000000000000015 4.5000000000000009 8.5000000000000018 15.500000000000002 3.5000000000000004 1.0425000000000002 3.0455000000000005 0.36200000000000004 0.16666666666666669 0.22550000000000003 -1.0974999999999999 0.29999999999999999 0.31350000000000006 0.38900000000000007 0.46650000000000008 -0.36666666666666653 0.66700000000000015 -0.79649999999999987 0.18950000000000003 0.89100000000000013
decision_type=2 2 2 2 2 2 2 2 2 2 2 2 2 2 2 2 2 2 2 2
left_child=5 -2 17 4 -4 13 10 8 -8 -9 11 -7 -12 19 15 -15 -16 -3 -19 -1
right_child=1 2 3 -5 -6 6 7 9 -10 -11 12 -13 -14 14 16 -17 -18 18 -20 -21
leaf_value=0.010848113655295599 0.050010160597464597 -0.026829525722948822 -0.0037476159590815322 -0.078140079544067959 0.063980377607261898 -0.0018836038127490453 0.0064137348813486511 0.001947936601344827 -0.016433848944287288 0.010338126976863598 -0.00034237916651228342 -0.044920772404847105 0.0081882555487224912 -0.029655269568167265 0.033830502702666562 -0.0049996976104208129 -0.00093578289414376382 0.082836348777546365 0.015566998943687927 0.080775393056970735
leaf_weight=5.3894926571520028 7.0720607028342775 6.0084217861294738 69.756104005282396 3.1411779820919028 2.8029129207134238 72.5375249045901 127.30696581501979 507.7578570159385 117.13250497169793 525.90165419678669 5598.8351750468137 25.780429415404797 237.51638271339471 32.559722252422944 15.570327944878953 621.2580773900263 2245.2939575230412 2.889692181008285 71.691027743916493 3.7917989608831704
leaf_count=31 37 32 570 13 14 343 783 2337 547 2533 25179 125 1106 203 85 3116 11210 24 620 27
internal_value=-9.95411e-07 0.00747005 0.00554512 -0.0043268 -0.00113132 -0.000121398 0.000561602 0.00416047 -0.00453456 0.00621667 -0.000213456 -0.0131686 4.78387e-06 -0.00180627 -0.0019371 -0.00622753 -0.000696351 0.0148182 0.0181734 0.0397275
internal_weight=10300 163.361 156.289 75.7002 72.559 10136.6 7212.77 1278.1 244.439 1033.66 5934.67 98.318 5836.35 2923.86 2914.68 653.818 2260.86 80.5891 74.5807 9.18129
internal_count=48935 1310 1273 597 584 47625 32953 6200 1330 4870 26753 468 26285 14672 14614 3319 11295 676 644 58
is_linear=0
shrinkage=0.05


Tree=202
num_leaves=31
num_cat=0
split_feature=42 17 15 3 16 27 24 20 26 7 28 23 23 1 24 19 59 42 19 11 22 41 7 5 33 3 22 21 7 34
split_gain=3.81254 6.90286 11.6771 9.05833 9.966 7.53816 7.21618 6.12402 9.58566 9.69839 9.96058 6.48703 10.1321 5.99536 9.61611 9.48094 9.25356 7.95749 7.44753 7.36941 5.88865 5.81621 5.77492 13.7332 14.0716 10.4646 5.67421 6.17669 4.69939 4.46263
threshold=0.25050000000000006 0.35150000000000003 -0.19599999999999998 0.49150000000000005 0.18650000000000003 0.25850000000000006 2.1775000000000007 -10.499999999999998 0.53150000000000019 0.10400000000000001 0.23050000000000004 0.38500000000000012 0.63650000000000018 11.500000000000002 2.0405000000000002 1.7925000000000002 17.500000000000004 0.22700000000000004 1.4915000000000003 27.500000000000004 0.56944444444444453 0.48200000000000004 0.093000000000000013 -0.8304999999999999 0.32000000000000006 0.49150000000000005 -0.84999999999999998 -26.499999999999996 0.23400000000000001 0.50500000000000012
decision_type=2 2 2 2 2 2 2 2 2 2 2 2 2 2 2 2 2 2 2 2 2 2 2 2 2 2 2 2 2 2
left_child=1 13 5 -4 -5 21 -7 8 11 20 -11 28 -13 16 17 -16 18 -15 -1 -18 -10 -3 23 25 -25 -9 29 -28 -2 -24
right_child=7 2 3 4 -6 6 -8 22 9 10 -12 12 -14 14 15 -17 19 -19 -20 -21 -22 -23 26 24 -26 -27 27 -29 -30 -31
leaf_value=0.0094954494300146536 0.02805712204665585 -0.014041016269402304 -0.044595388174354683 0.057533234919646806 0.012487361771838644 -0.015209790186729258 0.020672527379669584 -0.037305897893619162 0.037166646502768783 -0.00091846175448744591 -0.064737197491520668 -0.021063783064469793 0.021669934175937489 0.0026052846677823397 -0.00095246373175962486 0.0090385924554986855 0.0054983670174782728 -0.01412282734266305 -0.0018411534572429695 0.073366527734466183 0.0053231438017293329 0.015305631802861545 -0.0079507130445081453 -0.015229477427877076 0.0020950368470313016 0.01088429113896559 0.009830820383032679 -0.0007084947915907664 0.089038261915361558 -0.05482794375484415
leaf_weight=289.75387634430081 8.5802268180996162 110.63454516290221 6.6359947445307617 12.849348498973994 276.45816633431241 19.356418663053773 50.742779965279624 12.17555270338198 26.876304858771618 330.22011389955878 6.2293746620416632 17.194104235619307 71.76138245902257 104.98922676593065 1501.9778428804129 282.03511980362236 7.3873502612113979 220.19454812631011 289.73703989683418 8.7226059734821302 31.574210158316419 19.92404230684042 12.970978064462544 345.11979435250396 177.48631590412697 150.70482035342138 142.46244871616364 5749.6366599620887 5.0005244463682166 8.3422459326684457
leaf_count=1738 40 542 84 151 1294 101 234 344 141 1484 27 80 503 473 6515 1218 31 989 1699 36 274 96 59 1982 952 927 604 26253 22 42
internal_value=-9.57665e-07 0.00143141 0.00684989 0.0131632 0.014488 -0.00246139 0.0107644 -0.000647146 0.00470266 0.00116589 -0.00210007 0.0183239 0.01341 0.000436571 -0.000814349 0.000627025 0.00486644 -0.00872197 0.00382731 0.042245 0.0199652 -0.00956254 -0.00105042 -0.00539479 -0.00934576 0.007282 -0.000546822 -0.000453669 0.0505108 -0.026299
internal_weight=10297.7 3201.4 496.601 295.944 289.308 200.658 70.0992 7096.34 497.436 394.9 336.449 102.536 88.9555 2704.8 2109.2 1784.01 595.601 325.184 579.491 16.11 58.4505 130.559 6598.9 685.486 522.606 162.88 5913.41 5892.1 13.5808 21.3132
internal_count=48935 15201 2502 1529 1445 973 335 33734 2571 1926 1511 645 583 12699 9195 7733 3504 1462 3437 67 415 638 31163 4205 2934 1271 26958 26857 62 101
is_linear=0
shrinkage=0.05


Tree=203
num_leaves=30
num_cat=0
split_feature=14 15 19 8 15 27 7 4 11 12 18 9 4 24 30 7 4 43 24 24 40 32 11 19 7 44 28 19 9
split_gain=3.65477 10.0582 7.66439 8.74289 7.68609 9.89586 8.26504 7.12471 8.35828 8.05363 7.29185 8.35891 6.96177 9.33523 6.87196 6.86058 8.79364 6.4291 5.94731 5.57581 5.4774 6.01602 5.61399 5.38079 5.06827 4.8812 9.876 4.29553 3.87928
threshold=1.2155000000000002 0.46300000000000008 1.6450000000000002 1.0000000180025095e-35 0.28300000000000008 0.16050000000000003 0.37250000000000005 0.83650000000000013 45.500000000000007 17.500000000000004 0.36666666666666675 1.7170000000000003 2.1705000000000001 2.3020000000000005 1.5200000000000002 0.32700000000000007 1.7805000000000002 0.73750000000000016 2.7015000000000007 1.8745000000000003 0.78200000000000014 0.63000000000000012 11.500000000000002 2.0375000000000001 0.23400000000000001 0.45350000000000007 0.54500000000000015 1.5085000000000002 0.62750000000000006
decision_type=2 2 2 2 2 2 2 2 2 2 2 2 2 2 2 2 2 2 2 2 2 2 2 2 2 2 2 2 2
left_child=2 12 3 24 6 -6 -5 8 9 -4 11 -9 15 14 -14 19 -17 -12 -15 -2 25 22 -22 -10 28 26 -3 -27 -1
right_child=1 20 7 4 5 -7 -8 10 23 -11 17 -13 13 18 -16 16 -18 -19 -20 -21 21 -23 -24 -25 -26 27 -28 -29 -30
leaf_value=-0.024869849401405845 0.023782162864963333 0.018478563191984997 -0.0060478497756253731 0.00069336124478643687 0.043064231143071237 -0.0091379606155913354 -0.0101713980945628 0.0209421308436912 0.0014991247798255255 -0.030278065196461913 -0.0017067336527850437 -0.010190188363101441 0.0091361552721695247 0.041738601689841281 -0.047662346325207328 0.0025327032672503285 0.023450582905214033 0.0035589234088919636 0.011416695463109016 -0.00099948105334026773 -0.065382207063953229 -0.069544160455544943 0.0062586908143027718 0.045870433821753709 0.012571553892878016 -0.0063711565217124556 -0.04480650615477131 0.01510647087286437 -0.068207177107998535
leaf_weight=12.434252065606421 22.823069049976766 13.718846106203275 184.13425425848982 1086.6792815245572 9.2407500036060792 517.18575665308163 208.65290427597211 90.719777513178997 18.634194433689121 42.142742857336998 1192.5438282823889 28.282676354050636 12.971075836569073 26.58305593393743 9.0344749223440868 1111.3215966193238 52.621749805635773 1127.9547341144062 41.288813489605673 4142.1468749257037 3.1185112542007181 3.8634469881653777 22.211248144507408 10.788213327527044 5.1140403002500525 25.630413673818111 11.195821715751661 253.86860145139508 8.8312563225626928
leaf_count=82 126 82 964 5255 41 2324 1326 398 78 180 5677 121 62 135 43 5214 363 5373 291 19004 27 21 106 46 23 148 59 1326 40
internal_value=-9.80567e-07 0.00083623 -0.00106099 -0.00354097 -0.00312715 -0.00822162 -0.00105674 0.000639577 -0.00730085 -0.0105606 0.00147186 0.0135431 0.000317463 0.0141173 -0.0141827 8.47158e-05 0.0034784 0.000852812 0.0232927 -0.000863683 0.00926258 -0.011426 -0.00256149 0.0177686 -0.0321196 0.0112466 -0.00995964 0.0131369 -0.0428672
internal_weight=10295.7 5752.4 4543.34 1848.14 1821.76 526.427 1295.33 2695.2 255.699 226.277 2439.5 119.002 5418.79 89.8774 22.0056 5328.91 1163.94 2320.5 67.8719 4164.97 333.607 29.1932 25.3298 29.4224 26.3795 304.414 24.9147 279.499 21.2655
internal_count=48935 27007 21928 9091 8946 2365 6581 12837 1268 1144 11569 519 25238 531 105 24707 5577 11050 426 19130 1769 154 133 124 145 1615 141 1474 122
is_linear=0
shrinkage=0.05


Tree=204
num_leaves=25
num_cat=0
split_feature=4 3 9 11 28 6 0 8 32 9 39 5 24 20 24 27 13 36 22 13 8 36 21 2
split_gain=4.16876 3.71047 10.6449 8.39131 8.15297 7.00158 10.5148 6.52695 9.7576 8.44742 6.50778 6.45696 6.13176 6.12235 5.31741 3.53756 0.000629165 0.000181157 0.000153781 0.000133989 2.60786e-05 4.24888e-06 3.3141e-06 7.70667e-08
threshold=1.0000000180025095e-35 0.87250000000000016 0.64150000000000007 17.500000000000004 0.72150000000000014 0.43400000000000005 7.5000000000000009 0.36666666666666675 0.66300000000000014 1.5085000000000002 2.5155000000000003 -1.2094999999999998 2.1545000000000001 1.0000000180025095e-35 2.2965000000000004 0.28950000000000004 0.7965000000000001 0.47750000000000004 0.36666666666666664 0.25850000000000006 0.81666666666666676 0.50300000000000011 9.5000000000000018 2.5000000000000004
decision_type=2 2 2 2 2 2 2 2 2 2 2 2 2 2 2 2 2 2 2 2 2 2 2 2
left_child=16 5 3 4 -3 6 10 8 -4 -9 -2 -5 15 -8 -14 -7 19 -18 -19 22 -21 -22 23 -1
right_child=1 2 7 11 -6 12 13 9 -10 -11 -12 -13 14 -15 -16 -17 17 18 -20 20 21 -23 -24 -25
leaf_value=-0.050045574980157763 -0.01197704680001339 0.0072507655433763241 0.0031646430385716298 -0.011079452726163199 -0.090219899130382544 -0.058586270971428982 -0.0094455906028941081 -0.0029099954869239806 -0.023687868979323165 0.00087891726142914634 0.048337000984765406 0.037836770947559717 0.058053428376941989 -0.00093291669260127461 -0.023811032394427403 0.010530313774572204 -0.051394865824821924 -0.052940281544749272 -0.051892831107317322 -0.051284947527753394 -0.050730033728025252 -0.050973871153388785 -0.050646240316374158 -0.050145332285395888
leaf_weight=0.4478547195103596 6.1151497550308731 87.050909944693558 1985.5996173066087 7.9901499003171912 2.1996081129182121 12.734330739593135 243.37572085438296 2374.6668352496345 34.417290955665521 3866.0289235722739 16.647881269454956 43.33434097468853 3.0056557953357679 1598.4041103095515 5.8331558753270656 2.1662402511574319 0.70026669686194543 0.65372677473351337 0.75522335339337587 0.61124285042751558 0.39281415939331055 0.32768938352819532 0.024517172947525978 0.020235304953530431
leaf_count=603 31 827 9015 35 22 141 1187 10709 173 17806 83 192 16 7859 37 25 36 21 25 33 30 19 2 8
internal_value=-8.44442e-07 1.88293e-05 0.000468968 0.0141123 0.00484857 -0.00198391 -0.00164037 0.000236795 0.00270713 -0.000562814 0.032134 0.0302215 -0.0289667 -0.00205779 0.00402714 -0.0485381 -0.051464 -0.0520521 -0.0523788 -0.0507841 -0.0510447 -0.0508409 -0.0500796 -0.0500499
internal_weight=10293.5 10289.6 8401.29 140.575 89.2505 1888.28 1864.54 8260.71 2020.02 6240.7 22.763 51.3245 23.7394 1841.78 8.83881 14.9006 3.93357 2.10922 1.40895 1.82435 1.33175 0.720504 0.492607 0.46809
internal_count=48935 48158 38779 1076 849 9379 9160 37703 9188 28515 114 227 219 9046 53 166 777 82 46 695 82 49 613 611
is_linear=0
shrinkage=0.05


Tree=205
num_leaves=30
num_cat=0
split_feature=17 44 24 40 27 3 24 15 7 22 2 16 41 25 17 15 16 33 4 41 23 40 15 3 37 41 27 31 44
split_gain=3.60171 10.7682 9.0628 8.40814 11.4721 11.7485 9.20403 8.79612 8.12817 8.0176 7.24555 6.8058 6.42948 10.6307 6.11315 6.07787 6.0745 5.99311 5.96547 5.79796 5.70907 11.4371 5.37278 5.29619 4.42397 3.67276 3.65005 3.48624 3.43496
threshold=0.11650000000000001 0.50300000000000011 3.9095000000000004 0.74400000000000011 0.23550000000000001 0.71700000000000008 4.0015000000000009 -1.5109999999999999 0.072500000000000009 -0.74166666666666659 3.5000000000000004 0.91300000000000014 0.41550000000000004 508.50000000000006 0.13700000000000004 -1.9689999999999996 0.36200000000000004 0.19600000000000004 1.3270000000000002 0.49150000000000005 0.63650000000000018 0.76450000000000007 -0.37999999999999995 1.8305000000000002 0.53700000000000014 0.44700000000000006 0.22550000000000003 0.7380000000000001 0.55550000000000022
decision_type=2 2 2 2 2 2 2 2 2 2 2 2 2 2 2 2 2 2 2 2 2 2 2 2 2 2 2 2 2
left_child=1 3 20 4 7 -6 11 -1 9 24 25 -5 13 -12 -14 26 17 -4 -18 -17 22 -22 -3 -8 -2 27 -11 -10 -27
right_child=8 2 16 6 5 -7 23 -9 10 15 12 -13 14 -15 -16 19 18 -19 -20 -21 21 -23 -24 -25 -26 28 -28 -29 -30
leaf_value=-0.030289594147277606 0.072257352260926541 0.014755920506675591 -0.026480018340353496 -0.01528614786459149 -0.033304102250146121 -0.0049764673386532392 0.083388946357035393 0.0062016848746642775 0.005507103417450001 -0.095064364230316681 -0.013822814771810278 0.024290767074891109 0.0067790760852592565 0.030261195831948935 0.00017712146860031868 -0.00098898621666220973 -0.022184021366032355 0.047086578173595725 0.059299645250964789 -0.011075411945608425 -0.030630519549354397 0.015291271129391246 0.00067029276153333136 0.010428094113641262 0.002453964323436717 0.0083010318986049113 -0.018473184562705025 0.056062828619219789 0.070804992232325156
leaf_weight=17.350614685739856 5.0833460688590986 92.727944359183311 3.1010923071298775 294.0501964201103 40.749543994897977 359.59840968943899 2.8896419834345606 342.49890758801484 5.6031665704722391 2.9811326689086846 19.916116908192635 11.279311770456841 367.58347401767969 43.642365865409374 7606.4294118175749 321.15295621333644 9.3947044676169735 25.806151496712118 2.9519576936727381 256.08412335987668 34.587428686732892 22.301113518129569 250.82276372256456 17.862614486890379 4.1011315211653709 117.17239455415256 3.2528806868940592 8.7120859409988025 2.2401175484410478
leaf_count=224 26 433 52 1493 367 2013 18 1894 69 21 90 182 1621 201 33682 1615 47 303 47 1265 204 124 1376 165 21 1258 20 79 25
internal_value=-8.82394e-07 -0.00224099 0.00434156 -0.00491752 -0.00203648 -0.0078598 -0.0116341 0.00444221 0.000389674 -0.00526439 0.000799757 -0.0138241 0.00060771 0.0164474 0.000481456 -0.00599403 0.0266555 0.0391945 -0.00270213 -0.0054637 0.00204274 -0.0126285 0.00447215 0.0205875 0.0410881 0.0123426 -0.0550994 0.0362747 0.00947357
internal_weight=10291.9 1527.97 441.693 1086.28 760.197 400.348 326.082 359.85 8763.95 592.656 8171.3 305.33 8037.57 63.5585 7974.01 583.471 41.2539 28.9072 12.3467 577.237 400.439 56.8885 343.551 20.7523 9.18448 133.728 6.23401 14.3153 119.413
internal_count=48935 8942 2586 6356 4498 2380 1858 2118 39993 2968 37025 1675 35594 291 35303 2921 449 355 94 2880 2137 328 1809 183 47 1431 41 148 1283
is_linear=0
shrinkage=0.05


Tree=206
num_leaves=25
num_cat=0
split_feature=13 2 30 3 14 3 17 2 4 9 23 14 23 26 6 22 4 35 3 7 2 2 3 11
split_gain=3.89957 3.62694 10.4297 7.6023 9.76154 9.15843 6.2629 6.10435 4.79063 6.35976 11.2393 9.55176 5.58637 6.64239 5.26971 1.6706 0.000306069 9.80983e-05 5.31748e-05 2.92853e-05 3.86408e-06 3.33235e-08 7.27904e-09 5.83616e-09
threshold=1.0000000180025095e-35 26.500000000000004 1.6610000000000003 1.8305000000000002 1.9245000000000003 1.2195000000000003 0.21950000000000003 28.500000000000004 0.72900000000000009 1.8985000000000001 1.2540000000000002 0.91850000000000021 -1.0004999999999997 0.17750000000000002 0.62300000000000011 0.12222222222222222 0.25650000000000006 0.61350000000000005 2.3265000000000007 0.19600000000000004 3.5000000000000004 1.5000000000000002 0.96650000000000003 1.0000000180025095e-35
decision_type=2 2 2 2 2 2 2 2 2 2 2 2 2 2 2 2 2 2 2 2 2 2 2 2
left_child=16 8 3 5 -5 -3 15 -8 12 10 -10 -11 13 -2 -14 -4 20 -18 19 -19 21 22 -1 -23
right_child=1 2 6 4 -6 -7 7 -9 9 11 -12 -13 14 -15 -16 -17 17 18 -20 -21 -22 23 -24 -25
leaf_value=-0.050007638564571077 -0.041240105920540816 -0.0049726266743250645 -0.087735150482079888 -0.016109374131882164 0.04529691561139907 0.0037861228276038156 0.025545270254384706 -0.052281189302825937 0.00035447595475004582 -0.0075786479181852856 -0.018842953325188767 0.0058725915610560245 -0.0092056355938070974 0.038613240393777636 -0.0001055271091098398 -0.046345328491904099 -0.052252965827764987 -0.051066111814939565 -0.051792538176178085 -0.05142136190914668 -0.050695437639362212 -0.050064066835586153 -0.050041364716385643 -0.050094165880992352
leaf_weight=0.01674951575841932 3.181973239406946 595.51094783097506 4.8540876656770724 129.59799142181873 6.8120941072702399 598.31014563888311 5.3949477672576887 4.7273342311382294 7036.1823069393868 151.66218041162938 77.077159333974123 1016.8092321751174 307.73558686861361 14.342783330823293 329.34307368681766 4.8978953808546066 0.34415519126923788 1.0964097192045308 0.57092629931867112 1.2319816189701667 0.024134800769388676 0.032939740514848381 0.35682884644484147 0.031512030982412398
leaf_count=115 19 2542 21 558 29 2535 25 21 32921 683 365 4944 1644 84 1734 21 16 74 21 67 2 27 446 21
internal_value=-8.50099e-07 1.76242e-05 -0.00239786 -0.00186069 -0.0130428 -0.000582983 -0.0383513 -0.0108014 0.000382556 0.000708029 0.000146458 0.00412668 -0.00373518 0.0241143 -0.00450126 -0.0669473 -0.0512833 -0.0514548 -0.0513601 -0.0512541 -0.0500795 -0.0500456 -0.0500399 -0.0500788
internal_weight=10290.1 10286.4 1350.11 1330.23 136.41 1193.82 19.8743 10.1223 8936.33 8281.73 7113.26 1168.47 654.603 17.5248 637.079 9.75198 3.70564 3.24347 2.89932 2.32839 0.462165 0.43803 0.373578 0.0644518
internal_count=48935 48146 5752 5664 587 5077 88 46 42394 38913 33286 5627 3481 103 3378 42 789 178 162 141 611 609 561 48
is_linear=0
shrinkage=0.05


Tree=207
num_leaves=26
num_cat=0
split_feature=4 19 15 3 11 15 19 13 7 40 9 22 16 5 9 11 13 17 13 36 8 36 2 3 11
split_gain=3.94068 3.74629 7.55306 9.05661 8.10458 6.60249 11.4358 9.98637 7.52652 6.13539 5.44062 8.85695 7.79457 4.4264 5.04095 3.93285 0.000547493 0.000291678 0.000110844 7.23578e-05 2.40158e-05 4.18163e-06 2.86792e-08 6.26455e-09 5.02276e-09
threshold=1.0000000180025095e-35 0.44600000000000006 -1.4914999999999998 0.80400000000000016 1.5000000000000002 -0.98349999999999993 1.0365000000000002 0.85950000000000004 0.15600000000000003 0.72250000000000003 2.3770000000000002 0.5916666666666669 0.44900000000000007 -0.67949999999999988 1.4390000000000003 1.5000000000000002 0.7965000000000001 0.24550000000000002 1.0000000180025095e-35 0.56700000000000006 0.81666666666666676 0.50300000000000011 1.5000000000000002 0.96650000000000003 1.0000000180025095e-35
decision_type=2 2 2 2 2 2 2 2 2 2 2 2 2 2 2 2 2 2 2 2 2 2 2 2 2
left_child=16 2 13 9 -5 6 7 -3 -8 -4 11 -7 -12 15 -15 -2 18 19 22 -18 -20 -22 23 -1 -24
right_child=1 5 3 4 -6 10 8 -9 -10 -11 12 -13 -14 14 -16 -17 17 -19 20 -21 21 -23 24 -25 -26
leaf_value=-0.050007266003268915 0.002411123917958999 -0.0076077484547656966 -0.057648301825618822 0.031890305921032959 0.007997476652865005 0.00031724427961520106 -0.065876495534668428 0.0060458623727562832 -0.016447294018909788 -0.00040531212387372412 0.015673966652816004 -0.0079241878111072448 -0.0039795173992964658 -0.025028166385484621 -0.00067230946489176273 0.068813038428012327 -0.05105336837419161 -0.052608922194835685 -0.051219430982580652 -0.051887798846977612 -0.050680774308883271 -0.050924428655128973 -0.050060938755985787 -0.050039345700790439 -0.050089567432084037
leaf_weight=0.015932747824990101 5.5365285109728557 437.06768472841941 6.7515893101226565 54.353692057193257 102.28034664876759 8767.5350526674592 11.553036883473395 193.08569562528282 23.100047159474343 15.263275585602967 130.83619990106672 338.59070865064859 82.109773837029934 28.36099910386838 84.663774588843808 3.7336957231163979 0.62071208772249542 0.94444144173758093 0.58139672888501059 0.44682588428258896 0.40431768470443785 0.31195579969789833 0.031335158855654299 0.33943944785278291 0.029977853555465117
leaf_count=115 34 2064 43 521 479 40569 65 895 116 82 618 1490 389 151 624 18 39 29 33 14 34 19 27 446 21
internal_value=-8.24166e-07 1.78019e-05 0.00551421 0.012068 0.0162885 -0.000147876 -0.00496195 -0.00342414 -0.0329266 -0.0179608 0.000195552 1.08053e-05 0.00809579 -0.00405959 -0.00678386 0.0291553 -0.0514094 -0.0519689 -0.0507529 -0.0514026 -0.0509807 -0.0507869 -0.0500434 -0.0500379 -0.0500749
internal_weight=10288.5 10284.8 300.944 178.649 156.634 9983.88 664.806 630.153 34.6531 22.0149 9319.07 9106.13 212.946 122.295 113.025 9.27022 3.72633 2.01198 1.71436 1.06754 1.29767 0.716273 0.416685 0.355372 0.061313
internal_count=48935 48158 1952 1125 1000 46206 3140 2959 181 125 43066 42059 1007 827 775 52 777 82 695 53 86 53 609 561 48
is_linear=0
shrinkage=0.05


Tree=208
num_leaves=28
num_cat=0
split_feature=4 11 7 17 42 3 40 29 40 3 22 26 18 14 19 1 19 17 3 39 1 36 36 29 8 59 36
split_gain=3.74321 3.53964 6.22677 7.74928 9.50048 8.59875 6.86947 8.44089 6.50419 5.94851 6.86627 8.36688 5.93462 7.91212 7.88698 2.57658 0.000287887 0.000202849 0.000211743 0.000211447 0.00011696 7.42751e-05 2.75661e-05 2.91774e-05 1.21906e-05 2.61807e-07 1.52521e-09
threshold=1.0000000180025095e-35 18.500000000000004 0.15600000000000003 0.085000000000000006 0.30650000000000005 0.77100000000000013 0.74900000000000011 2.3120000000000007 0.73750000000000016 0.57400000000000007 -1.0000000180025095e-35 0.20150000000000004 0.93333333333333346 1.2890000000000004 2.2245000000000004 16.500000000000004 0.96500000000000008 0.24550000000000002 2.4890000000000003 2.4630000000000005 3.5000000000000004 0.56700000000000006 0.47450000000000003 2.7035000000000005 0.78888888888888908 2.5000000000000004 0.56700000000000006
decision_type=2 2 2 2 2 2 2 2 2 2 2 2 2 2 2 2 2 2 2 2 2 2 2 2 2 2 2
left_child=16 2 6 5 -5 -4 8 -8 -2 10 11 -3 14 -14 -11 -12 20 21 19 -19 25 -18 24 -24 -22 26 -1
right_child=1 9 3 4 -6 -7 7 -9 -10 12 15 -13 13 -15 -16 -17 17 18 -20 -21 22 -23 23 -25 -26 -27 -28
leaf_value=-0.05003502846475763 -0.0010093101685815667 -0.018313398140118092 -0.020628493700786541 0.0041016259609885355 -0.0073349110402631135 -0.00093044167182309515 -0.016521853367893975 -0.0024175940700604578 0.010262557815798637 -0.00072774291214590956 -0.025980817181970196 0.012189377042585268 -0.015406189652553108 0.038431913468063905 0.0089059786178631722 -0.071252319799284522 -0.05086913786155705 -0.053988731517513489 -0.054134153753248072 -0.051620201004366484 -0.051097301502271091 -0.051758292691928977 -0.0516649838859123 -0.051035911011764912 -0.050663299495970829 -0.050211773882617855 -0.050043030346469286
leaf_weight=0.2339699901058333 652.26023726549465 65.185361508280039 65.978456864482723 2513.4577041135635 195.73316881526262 345.6284794039093 142.14279219793389 418.09561421454418 159.22034645976964 5344.662278726697 6.79808561503887 34.316858127713203 105.56699405610561 7.2958558201789847 221.24765328317881 5.845413938164711 0.50276086363010086 0.11217210809991229 0.13916978612542152 0.58907202377304202 0.28195863211294614 0.4407911179587245 0.30818693933542818 0.4586274647153914 0.37968027824535966 0.023015833226963878 0.079882371064741164
leaf_count=342 3783 326 411 12273 957 1702 805 2319 920 22977 32 164 459 33 966 31 39 17 2 131 25 15 16 34 48 13 95
internal_value=-8.28787e-07 1.68906e-05 0.00107009 0.0023042 0.00327536 -0.00408794 -0.00173765 -0.0059961 0.00120234 -0.000800165 -0.0122036 -0.00779344 -0.000574967 -0.0119259 -0.000344798 -0.046911 -0.0513398 -0.0517877 -0.0523526 -0.0519991 -0.0508871 -0.0512845 -0.0510847 -0.0512887 -0.0508483 -0.050049 -0.0500371
internal_weight=10287 10283.4 4492.52 3120.8 2709.19 411.607 1371.72 560.238 811.481 5790.92 112.146 99.5022 5678.77 112.863 5565.91 12.6435 3.54929 1.78397 0.840414 0.701244 1.76532 0.943552 1.42845 0.766814 0.661639 0.336868 0.313852
internal_count=48935 48158 23170 15343 13230 2113 7827 3124 4703 24988 553 490 24435 492 23943 63 777 204 150 148 573 54 123 50 73 450 437
is_linear=0
shrinkage=0.05


Tree=209
num_leaves=26
num_cat=0
split_feature=13 19 15 3 11 21 13 40 21 39 3 8 25 5 44 2 35 3 7 3 37 0 20 40 40
split_gain=3.66978 3.72415 6.55416 8.12264 7.72118 6.57381 6.05214 5.67656 5.55269 5.14725 10.2081 4.84508 4.76953 4.58759 3.96008 0.000205153 0.000118487 5.08824e-05 2.25239e-05 4.63556e-09 1.58725e-09 4.81377e-10 4.50471e-10 4.13134e-12 1.19162e-12
threshold=1.0000000180025095e-35 0.44600000000000006 -1.4914999999999998 0.80400000000000016 1.5000000000000002 22.500000000000004 0.59200000000000008 0.72250000000000003 29.500000000000004 2.7625000000000006 1.7545000000000002 0.93333333333333346 508.50000000000006 -0.67949999999999988 0.47850000000000004 1.5000000000000002 0.6070000000000001 2.3265000000000007 0.19600000000000004 0.96650000000000003 0.43300000000000005 1.5000000000000002 -10.499999999999998 0.75700000000000012 0.71650000000000003
decision_type=2 2 2 2 2 2 2 2 2 2 2 2 2 2 2 2 2 2 2 2 2 2 2 2 2
left_child=15 2 5 7 -5 13 8 -4 12 11 -11 -8 -3 -2 -10 19 -17 18 -18 23 21 -21 -22 24 -1
right_child=1 6 3 4 -6 -7 9 -9 14 10 -12 -13 -14 -15 -16 16 17 -19 -20 20 22 -23 -24 -25 -26
leaf_value=-0.050005028004063305 0.028262793244230085 0.0028122347386799864 -0.055829206198350717 0.030938547156689783 0.0075453873321235992 0.058531380811590775 0.00044604385968445885 -0.00020208643156673515 -0.071090151799799231 -0.010557261371680204 0.0083806627408338514 -0.007762771246078915 -0.011385931603999894 -0.0085311951825018939 -0.0059784667537397399 -0.052310363898674953 -0.050990851889194645 -0.051689458536749777 -0.051303500583104983 -0.050047866402470678 -0.050035719819784101 -0.05003923294293449 -0.0500312635465964 -0.050007939199212981 -0.050006322847432554
leaf_weight=0.0022709130935248964 9.1937962397932989 93.232300508636399 6.5692170276306596 53.839976011891849 102.28609582968056 4.1316284015774718 9161.409850276541 15.192793469876049 5.7724033594131452 277.58375743660145 95.686474514659494 183.35213489504531 161.80109640206501 107.86205826618243 3.9217403680086136 0.29707434566807966 1.0768927381723195 0.55937160796020169 1.2386682540236504 0.022391751408576965 0.11185989825753528 0.057880824955645949 0.11502593784825843 0.0039524623716715732 0.0081662886077538133
leaf_count=23 49 547 38 512 478 19 42044 76 30 1278 472 861 1015 705 22 13 94 31 90 24 160 75 187 26 66
internal_value=-8.98152e-07 1.65111e-05 0.00551424 0.0116236 0.0156125 -0.00345349 -0.000148197 -0.016994 -0.00760734 5.49969e-05 -0.00570259 0.00028498 -0.00619552 -0.00564132 -0.0447494 -0.0512377 -0.0513597 -0.0512615 -0.0511581 -0.0500343 -0.0500356 -0.0500416 -0.0500335 -0.0500066 -0.050006
internal_weight=10285.3 10281.8 299.076 177.888 156.126 121.187 9982.76 21.762 264.728 9718.03 373.27 9344.76 255.033 117.056 9.69414 3.49356 3.17201 2.87493 2.31556 0.321548 0.307158 0.0802726 0.226886 0.0143897 0.0104372
internal_count=48935 48146 1877 1104 990 773 46269 114 1614 44655 1750 42905 1562 754 52 789 228 215 184 561 446 99 347 115 89
is_linear=0
shrinkage=0.05


Tree=210
num_leaves=28
num_cat=0
split_feature=14 44 44 19 17 36 24 21 44 39 30 22 8 8 30 1 19 10 25 7 42 21 32 24 30 24 2
split_gain=3.59259 7.04575 8.08315 6.07991 5.93517 7.52431 7.13178 5.69705 7.94629 7.78976 7.50795 6.40707 8.39007 7.88908 5.24248 6.28102 6.21153 5.25909 7.92379 6.29331 4.29709 4.6943 3.5222 4.44788 3.19619 0.308143 0.0193533
threshold=0.7965000000000001 0.47850000000000004 0.54300000000000015 2.6570000000000005 0.17300000000000001 0.44600000000000006 1.6665000000000003 -23.499999999999996 0.52350000000000019 2.7315000000000005 1.6025000000000003 -0.29999999999999988 0.36666666666666675 0.59166666666666679 1.5500000000000003 38.500000000000007 1.6380000000000001 3.5000000000000004 510.50000000000006 0.046500000000000007 0.33300000000000007 -24.499999999999996 0.58600000000000008 1.4960000000000002 1.3545000000000003 1.9665000000000001 2.5000000000000004
decision_type=2 2 2 2 2 2 2 2 2 2 2 2 2 2 2 2 2 2 2 2 2 2 2 2 2 2 2
left_child=1 14 4 7 5 -3 -6 8 9 -2 -10 13 -13 -9 17 16 -16 19 -19 -1 21 -4 23 -5 -25 -24 -27
right_child=3 2 20 22 6 -7 -8 11 10 -11 -12 12 -14 -15 15 -17 -18 18 -20 -21 -22 -23 25 24 -26 26 -28
leaf_value=0.035820310938620564 0.0054345302830978003 -0.025492981879092304 -0.079289482772619338 -0.078775965382052435 -0.0040300835756729783 -0.00063841582319691984 0.0099510526478361287 -0.0027772862418586645 0.032174374609046048 -0.038781746523137539 -0.034805601425088921 0.0036510304974970904 -0.00030832438334555583 -0.046274309444748127 -0.048110065189862689 -0.057431443198430999 -0.0099595383503674143 0.0015841005221450548 -0.032277353590939674 -0.001492106606530252 0.030405140399703181 -0.021271448809301572 0.087281133749970097 -0.087653956348307249 0.029008407329125199 0.052857753510384214 0.062913313603022047
leaf_weight=12.874207150831351 216.38403640687466 39.023956934397575 3.953412488102912 1.114148672670132 142.74232830462279 138.60227446048521 252.66437624651007 1383.4111086898774 43.604251220822334 10.441587463021277 4.6278424859046927 1724.5271949938033 5969.6537821517268 10.50346067547798 12.030783584719755 9.1580281108617765 94.282209791126661 35.983943249280856 33.232399399021233 92.472636295948178 3.4601136386627322 29.517713479253871 1.7257783412933343 0.6104225586168458 15.365807026391847 0.9061781228519975 1.0138608776032922
leaf_count=125 915 317 17 6 911 831 1143 6270 185 43 20 8080 27889 46 82 38 487 246 251 453 26 182 8 12 293 52 7
internal_value=-9.24616e-07 -0.00301855 3.20458e-05 0.000288493 0.00149327 -0.00609889 0.00490384 0.000228599 0.00731798 0.0033991 0.0257477 1.4034e-05 0.000579101 -0.00310505 -0.0094342 -0.0176994 -0.0142768 -0.00396689 -0.0146736 0.00306776 -0.0226405 -0.0281242 0.0273327 0.0178149 0.024551 0.0719487 0.0581675
internal_weight=10283.9 899.998 609.964 9383.89 573.033 177.626 395.407 9363.15 275.058 226.826 48.2321 9088.1 7694.18 1393.91 290.034 115.471 106.313 174.563 69.2163 105.347 36.9312 33.4711 20.7362 17.0904 15.9762 3.64582 1.92004
internal_count=48935 5109 3427 43826 3202 1148 2054 43448 1163 958 205 42285 35969 6316 1682 607 569 1075 497 578 225 199 378 311 305 67 59
is_linear=0
shrinkage=0.05


Tree=211
num_leaves=28
num_cat=0
split_feature=4 26 5 17 43 37 8 14 19 30 40 10 2 8 24 43 21 40 2 43 17 14 28 21 15 27 14
split_gain=3.5305 5.79419 8.16198 7.22225 7.05127 5.69041 12.4637 6.38978 7.22298 6.09962 9.4913 9.22413 8.91936 10.9825 8.60762 8.18875 5.56928 5.5129 5.28579 5.16036 5.12707 6.6101 4.96596 4.70912 9.6792 9.54931 4.62636
threshold=1.2620000000000002 0.72750000000000015 0.21550000000000002 0.30900000000000005 0.76250000000000007 0.40000000000000008 0.21111111111111114 1.1275000000000002 1.3770000000000002 1.4910000000000003 0.78200000000000014 12.500000000000002 25.500000000000004 1.0000000180025095e-35 1.8895000000000002 0.73950000000000016 -11.499999999999998 0.72450000000000003 25.500000000000004 0.75950000000000017 0.52500000000000013 1.8960000000000001 0.13850000000000004 7.5000000000000009 0.52500000000000013 0.17850000000000002 1.6940000000000002
decision_type=2 2 2 2 2 2 2 2 2 2 2 2 2 2 2 2 2 2 2 2 2 2 2 2 2 2 2
left_child=1 20 -3 4 -4 6 7 8 -2 12 14 -12 15 -14 -11 -7 19 -9 -18 -8 23 22 -22 24 -1 -25 -5
right_child=5 2 3 26 -6 9 16 17 -10 10 11 -13 13 -15 -16 -17 18 -19 -20 -21 21 -23 -24 25 -26 -27 -28
leaf_value=-0.0046456100177291243 -0.12643379080452594 -0.073402690798337722 0.033862843875818303 -0.038400043150417097 -0.01833535795894746 0.001010034724747968 0.018642428218774654 0.029406112570822714 -0.024552618865197221 -0.0065321446896254159 -0.019209938771810618 0.014176200334713854 -0.05648165534730043 -0.0031595171499995398 0.0010432491125866967 0.0077345078014564445 0.010722397332211534 -0.014561566093681602 -0.01087626642734995 0.059783501839516077 -0.023413903184664915 -0.054646561884009619 0.016008988169885278 -0.014064094451716589 0.0012769318457051448 0.0014030384110895388 0.020749194373129075
leaf_weight=1974.1099947061011 1.8637732863426233 2.5852499418106154 42.822481737413909 8.3027673345059139 7.6213659902568898 1092.0928491281811 49.941563405096531 11.325496075442063 26.127826235082466 467.55012266273843 122.07242937141564 24.910500474274158 9.9080476313829404 380.56287643313408 1894.0346605344093 773.31183754384983 206.92196608433733 19.242623896570876 32.819566458463669 8.9947669655084592 8.771673522598574 3.8087983578443518 89.428007178321423 105.47495072241873 1060.4399234132725 1851.8753641851945 5.4928905069828025
leaf_count=10132 8 15 198 38 35 5098 221 57 157 2240 592 116 43 1616 8857 3625 1080 106 151 40 59 24 759 462 5005 8177 24
internal_value=-9.45918e-07 -0.000923924 0.0137035 0.017209 0.0259764 0.00092907 0.0070155 -0.0140765 -0.0313362 0.000472709 -0.00122381 -0.0135517 0.00235927 -0.00451255 -0.000456539 0.0037977 0.0111509 0.00172847 0.00776563 0.0249213 -0.00111581 0.00998089 0.0124875 -0.00134257 -0.00257595 0.000569567 -0.0148491
internal_weight=10282.4 5160.73 66.8248 64.2395 50.4438 5121.68 357.238 58.5597 27.9916 4764.44 2508.57 146.983 2255.88 390.471 2361.58 1865.4 298.678 30.5681 239.742 58.9363 5093.91 102.008 98.1997 4991.9 3034.55 1957.35 13.7957
internal_count=48935 24928 310 295 233 24007 1820 328 165 22187 11805 708 10382 1659 11097 8723 1492 163 1231 261 24618 842 818 23776 15137 8639 62
is_linear=0
shrinkage=0.05


Tree=212
num_leaves=30
num_cat=0
split_feature=13 18 37 23 23 14 8 11 8 4 9 14 22 14 19 17 7 9 22 19 42 18 23 7 9 16 6 2 4
split_gain=3.51158 7.67431 9.48613 13.2552 10.4983 9.83426 9.90657 7.1388 7.26042 10.2558 11.3108 6.98338 6.70058 6.99775 10.9611 5.9913 5.82413 5.76437 5.61788 10.0852 10.212 7.0409 6.24605 7.74288 5.74682 5.50592 5.26877 3.95277 2.8158
threshold=1.1060000000000001 0.36666666666666675 0.5445000000000001 0.88250000000000017 0.21400000000000008 1.0725000000000002 0.43055555555555564 29.500000000000004 0.4555555555555556 1.4790000000000003 1.5310000000000001 1.0465000000000002 0.56944444444444453 1.2155000000000002 1.7545000000000002 0.17750000000000002 0.36750000000000005 2.4220000000000002 -1.0000000180025095e-35 0.89850000000000019 0.25450000000000006 0.51666666666666672 -0.46149999999999991 0.41550000000000004 0.58950000000000002 0.31900000000000006 0.53100000000000014 27.500000000000004 0.85450000000000015
decision_type=2 2 2 2 2 2 2 2 2 2 2 2 2 2 2 2 2 2 2 2 2 2 2 2 2 2 2 2 2
left_child=7 2 3 4 -2 11 -7 18 15 10 -10 -4 13 14 -3 27 -17 -15 19 21 -21 -1 23 -20 -24 -11 -5 -9 -14
right_child=1 12 5 26 -6 6 -8 8 9 25 -12 -13 28 17 -16 16 -18 -19 22 20 -22 -23 24 -25 -26 -27 -28 -29 -30
leaf_value=0.016616524638979658 0.0091108009930458735 -0.0053681980800250493 0.0090506090013183545 -0.012235982191341104 -0.002026196250934665 0.0040401158058546204 -0.016211978831631817 -0.058356238146159027 -0.027672971674859423 0.0013292555644603679 0.0024557000926332742 0.066257555603212726 -0.069657046234753051 0.0019373274006895887 0.00071605936673972822 -0.0084962124014406493 -0.046180753738558816 0.019600992883142695 -0.05916865512294122 0.0078180981878541549 -0.0056060804099762763 -0.0090264844943586855 0.019471955521329229 0.0234908339197759 -0.0016707983766837604 0.049842278808853668 0.041906590230350024 -0.017658054954111848 -0.016751311045044924
leaf_weight=174.56283087827615 629.12553167779697 1158.1797501347028 53.975673012435436 5.1657309290021649 318.84408100415021 102.76839137740899 146.41300667379983 12.936938658356668 44.128891743719578 10.29139779508114 105.92271238565445 5.9197532683610907 4.6018099784851056 1782.3065715011326 2051.4201318233972 105.39331808686256 11.357752650976179 47.416871843161061 9.7689134783577156 238.14131862886279 349.70958802367386 31.617344925820362 32.515917867945973 3.9902855609543613 2779.3265155813133 13.547922521829603 34.522053081542253 11.072349905967711 5.5460001863539219
leaf_count=787 2907 5073 234 34 1435 473 660 61 197 43 464 25 20 8273 9712 456 50 238 65 1198 1829 145 177 37 14002 58 207 51 24
internal_value=-8.52208e-07 0.000726743 0.00415782 0.00655014 0.00536494 -0.00348686 -0.00785953 -0.0011745 -0.00839833 -0.00156491 -0.00640488 0.0147046 -0.000154377 -7.26428e-05 -0.00147944 -0.0168401 -0.0121622 0.00239508 -0.000546541 0.00316933 -0.000167879 0.0126842 -0.00159075 -0.0351967 -0.00142631 0.0288993 0.0348594 -0.0395875 -0.0407429
internal_weight=10280.5 6346.21 1296.73 987.657 947.97 309.077 249.181 3934.28 314.651 173.891 150.052 59.8954 5049.47 5039.32 3209.6 140.76 116.751 1829.72 3619.63 794.031 587.851 206.18 2825.6 13.7592 2811.84 23.8393 39.6878 24.0093 10.1478
internal_count=48935 29315 5975 4583 4342 1392 1133 19620 1380 762 661 259 23340 23296 14785 618 506 8511 18240 3959 3027 932 14281 102 14179 101 241 112 44
is_linear=0
shrinkage=0.05


Tree=213
num_leaves=31
num_cat=0
split_feature=40 40 40 5 17 16 3 18 36 18 13 19 15 40 24 7 17 12 4 44 22 11 11 44 42 0 30 28 13 24
split_gain=3.41215 9.46361 6.62606 7.38051 8.30136 13.6167 6.63264 6.53805 7.70846 6.50746 15.2563 9.01134 6.47289 7.35147 6.61265 6.20589 7.45907 8.47942 6.89822 7.21017 5.64107 5.44644 5.67236 5.16923 4.86126 8.2663 5.71964 4.507 3.4495 3.27218
threshold=0.72050000000000003 0.72800000000000009 0.71850000000000003 0.52300000000000013 0.18650000000000003 0.28900000000000003 0.71700000000000008 0.21111111111111114 0.36650000000000005 0.29999999999999999 1.4915000000000003 0.93000000000000016 -1.9689999999999996 0.71350000000000013 3.4025000000000003 0.5415000000000002 0.081500000000000017 14.500000000000002 0.40350000000000003 0.46250000000000008 0.29999999999999999 57.500000000000007 5.5000000000000009 0.50300000000000011 0.24850000000000003 2.5000000000000004 1.4825000000000002 0.38100000000000006 1.8685000000000003 2.6650000000000005
decision_type=2 2 2 2 2 2 2 2 2 2 2 2 2 2 2 2 2 2 2 2 2 2 2 2 2 2 2 2 2 2
left_child=2 9 6 4 28 -6 7 27 -9 10 11 -2 13 -8 -14 18 29 -18 19 -3 -12 22 -11 -20 25 -5 -26 -1 -4 -17
right_child=1 15 3 24 5 -7 12 8 -10 21 20 -13 14 -15 -16 16 17 -19 23 -21 -22 -23 -24 -25 26 -27 -28 -29 -30 -31
leaf_value=-0.050691227417986345 0.0033631146814846568 0.063263283807113407 -0.036601376264714436 0.035318031370767278 -0.019302096174084422 0.024072599377979592 -0.046406031331203107 -0.030791885753382153 -0.0024310394874406511 0.029712948143904495 0.013669603881651091 -0.016376811187897484 -0.00078373322245402709 0.035152307993802111 0.0076568871501451813 -0.058370097055416674 0.020548656390351992 -0.051384525998293774 -0.0015604812048008584 -0.024195680305611048 0.076093253263802618 0.044029588101840614 0.0063688840936210571 0.0013082732764322024 0.0083050040840018675 -0.043521558716178854 -0.059747959656289679 -0.011250473042933719 0.00027860934327326238 -0.00062174213999876984
leaf_weight=14.403247768073927 145.42108932705014 2.4901326167164362 23.501411370933056 5.9327281888108683 33.90079403809068 38.806783035863191 14.084551041596571 27.067269789979036 208.64013450744824 27.13964686311374 6.5624084237497291 95.968722696357872 2242.9248295652505 3.4372703825938506 258.8179700539331 4.8127884082496148 83.53084309179394 4.3081230223178855 3212.4858119661803 43.929276765353279 8.0692753402981889 10.266769036650656 632.24304789444432 3071.8165208021528 3.7718803505413261 7.5634016536641866 17.017957538075279 14.570959781063719 8.6829056316637416 5.0029022321105003
leaf_count=82 781 32 108 29 163 177 166 166 1200 288 31 430 10269 49 1340 24 752 20 14796 627 42 43 2855 14173 20 35 80 77 52 28
internal_value=-8.72719e-07 0.000573518 -0.00144594 -0.0120927 -0.00550987 0.00384862 -0.00091367 -0.00844302 -0.00568783 0.00530021 -0.00147984 -0.00448484 -0.000122613 -0.0304067 8.94917e-05 -0.000107114 0.0124013 0.0170206 -0.000300063 -0.019504 0.0480958 0.00789237 0.00732971 -0.000158211 -0.0322319 -0.00886467 -0.0474012 -0.0308567 -0.0266516 -0.0289367
internal_weight=10277.2 7354.05 2923.12 139.178 104.892 72.7076 2783.95 264.682 235.707 925.671 256.021 241.39 2519.26 17.5218 2501.74 6428.38 97.6547 87.839 6330.72 46.4194 14.6317 669.649 659.383 6284.3 34.286 13.4961 20.7898 28.9742 32.1843 9.81569
internal_count=48935 34922 14013 664 500 340 13349 1525 1366 4470 1284 1211 11824 215 11609 30452 824 772 29628 659 73 3186 3143 28969 164 64 100 159 160 52
is_linear=0
shrinkage=0.05


Tree=214
num_leaves=29
num_cat=0
split_feature=14 19 7 17 24 27 33 7 31 18 59 27 18 8 24 7 20 34 17 42 14 41 19 28 27 42 4 40
split_gain=3.37455 5.15058 5.99372 8.05429 8.31349 5.82036 7.61794 5.55853 5.06189 4.95968 7.41239 8.08668 6.08009 9.86604 6.02308 4.99713 3.65551 3.68948 4.83509 4.48998 3.00625 3.60473 6.42366 4.07451 3.27997 2.63159 2.15459 1.2386
threshold=0.40450000000000003 2.3170000000000006 0.20950000000000002 0.18650000000000003 1.3335000000000004 0.25750000000000006 0.22450000000000003 0.14900000000000002 0.66200000000000014 0.74166666666666681 25.500000000000004 0.27400000000000008 0.70000000000000007 0.8500000000000002 3.0015000000000005 0.20950000000000002 10.500000000000002 0.37350000000000005 0.28300000000000008 0.28350000000000003 0.26150000000000007 0.51050000000000006 2.7205000000000004 0.39350000000000007 0.28400000000000009 0.24150000000000002 1.8545000000000003 0.68100000000000016
decision_type=2 2 2 2 2 2 2 2 2 2 2 2 2 2 2 2 2 2 2 2 2 2 2 2 2 2 2 2
left_child=16 9 5 8 -5 6 -3 -7 -4 12 14 -12 15 -14 -11 -2 20 -18 19 -19 24 22 -22 -23 27 -26 -20 -1
right_child=1 2 3 4 -6 7 -8 -9 -10 10 11 -13 13 -15 -16 -17 17 18 26 -21 21 23 -24 -25 25 -27 -28 -29
leaf_value=0.028824750432506964 -0.0014722026436419032 -0.037190659145350073 -0.054912110745558851 -0.028412783172023056 0.024392701601717956 0.018246988676249 0.012669937756181415 0.064714350739397006 -0.0058775288951801227 -0.0027859975830328947 -0.017728613593970478 0.018303270175985108 0.0057577299554064593 0.075435837453163776 0.018159376184628706 0.00094367784606736761 0.097264969315889779 -0.00045117215879280969 0.069031531921216693 -0.07398417069741639 -0.024442460310133515 -0.01783150213894278 0.048194106469176254 0.051723534195082854 0.10689706107038305 -0.015330487645009813 0.010380343831469813 -0.052556331862552388
leaf_weight=0.48922451669204647 3632.3389946623356 8.2793158453423512 5.5763068860396734 8.9660002402961236 44.186787785962224 18.640831388533119 102.51015353691764 9.8294788748025876 93.727806906215847 534.47743870867998 139.50681868195534 17.528212621808052 327.26600769686047 5.1604198627173892 36.678175364620984 5211.5331867198111 1.0834555432666118 11.376895640278237 3.0603392106131642 2.5393221687409087 32.19299378269352 4.0017585158348066 3.3616017680615178 4.4433977163862437 0.60048240624746485 1.6515984278521498 3.2064811340533197 10.551532304270948
leaf_count=13 17500 62 28 47 237 161 665 45 438 2352 593 76 1443 23 188 23968 20 231 22 49 192 20 19 28 21 66 21 407
internal_value=-9.05777e-07 7.86315e-05 0.00662671 -0.00022307 0.0154853 0.0141256 0.00894385 0.03429 -0.00863101 -0.000114229 -0.00408607 -0.0137067 0.000200959 0.00683938 -0.00144094 -4.85682e-05 -0.0103241 0.00737893 0.00255371 -0.0138689 -0.0168953 -0.0106 -0.0175748 0.0187647 -0.037733 0.0172596 0.0390221 -0.0489503
internal_weight=10274.8 10196.2 291.717 152.457 53.1528 139.26 110.789 28.4703 99.3041 9904.49 728.191 157.035 9176.3 332.426 571.156 8843.87 78.5591 21.2665 20.183 13.9162 57.2926 43.9998 35.5546 8.44516 13.2928 2.25208 6.26682 11.0408
internal_count=48935 47826 1683 750 284 933 727 206 466 46143 3209 669 42934 1466 2540 41468 1109 343 323 280 766 259 211 48 507 87 43 420
is_linear=0
shrinkage=0.05


Tree=215
num_leaves=23
num_cat=0
split_feature=14 3 21 36 32 11 21 19 22 8 8 19 15 19 17 7 7 41 13 41 29 21
split_gain=3.32013 6.37479 6.26747 7.18747 9.05326 7.62802 6.3769 5.90484 6.73779 7.66643 7.00695 5.30691 11.7089 8.49374 6.35602 8.42889 7.0762 4.13214 4.04087 3.93274 3.89068 2.94835
threshold=0.80400000000000016 2.5085000000000002 -23.499999999999996 0.36650000000000005 0.39650000000000007 55.500000000000007 -25.499999999999996 2.6285000000000003 -0.29999999999999988 0.36666666666666675 0.59166666666666679 1.9485000000000003 1.0165000000000002 1.9245000000000003 0.15600000000000003 0.28300000000000008 0.5415000000000002 0.44100000000000006 1.9025000000000001 0.49150000000000005 1.9410000000000003 -25.499999999999996
decision_type=2 2 2 2 2 2 2 2 2 2 2 2 2 2 2 2 2 2 2 2 2 2
left_child=1 11 3 5 21 18 -6 8 10 -10 -4 12 13 -1 16 -16 -13 -9 -2 -14 -19 -5
right_child=2 -3 7 4 6 -7 -8 17 9 -11 -12 14 19 -15 15 -17 -18 20 -20 -21 -22 -23
leaf_value=-0.0038812143197491803 -0.041867906594408866 0.050891313212926642 -0.0029123323276157454 0.067067050158811134 0.0030363095708989324 0.033841792523651271 0.02165800301391211 -0.073969057754435075 0.003533871873466655 -0.00026437914545281898 -0.043966613498478434 -0.0056762739909925926 -0.059368589391839283 -0.041957471469075365 -0.0024635766390100813 0.01268981961097012 -0.072251427344958069 -0.093330399315576129 0.0063278884326520447 -0.015803324742408007 0.038334446571911956 0.017480355077124865
leaf_weight=348.28590185104258 16.663497537374504 5.5058355825021854 1353.3873786981858 8.9496873319149 164.07282856106758 6.0736986696720114 63.870810300111771 0.9349280705209847 1712.7698519531405 5921.6664051704283 10.47370310127735 212.69613869104069 13.774490689393135 15.28934024274349 221.54778938757954 156.65707485495659 4.0676436033099881 0.58046798780560749 5.8850260823965064 8.3027896145358664 16.799558789702132 4.5074975937604895
leaf_count=1974 76 29 6139 38 688 27 269 25 8032 27688 46 1466 67 67 1064 793 21 5 25 38 338 20
internal_value=-9.42772e-07 -0.0027594 0.000291972 0.00779797 0.0106069 -0.0158926 0.00825419 6.7188e-05 9.46146e-06 0.000587751 -0.00322761 -0.00306063 -0.0076293 -0.00548243 -9.92734e-05 0.00381315 -0.00692558 0.0284287 -0.0292891 -0.0429846 0.033937 0.0504579
internal_weight=10272.8 986.127 9286.64 270.023 241.401 28.6222 227.944 9016.61 8998.3 7634.44 1363.86 980.621 385.653 363.575 594.969 378.205 216.764 18.315 22.5485 22.0773 17.38 13.4572
internal_count=48935 5519 43416 1143 1015 128 957 42273 41905 35720 6185 5490 2146 2041 3344 1857 1487 368 101 105 343 58
is_linear=0
shrinkage=0.05


Tree=216
num_leaves=25
num_cat=0
split_feature=3 6 6 1 44 14 8 31 15 44 4 29 14 1 14 36 27 1 5 27 39 30 14 14
split_gain=3.31442 4.4336 3.56905 7.08365 6.68582 6.52064 5.85921 7.60389 8.36362 6.92307 5.04195 6.04214 4.29223 4.08754 3.80581 3.32023 4.71934 6.45552 4.31116 7.50981 3.61341 3.04347 0.0101803 0.00245354
threshold=0.33900000000000002 0.19600000000000004 0.064500000000000016 10.500000000000002 0.55200000000000016 1.0890000000000002 0.12222222222222222 0.66400000000000015 -0.54349999999999998 0.46350000000000008 1.413 1.9280000000000002 0.60350000000000004 12.500000000000002 1.1225000000000003 0.44250000000000006 0.29800000000000004 1.5000000000000002 -1.0974999999999999 0.20250000000000004 2.5690000000000004 1.4400000000000002 1.3270000000000002 0.89600000000000013
decision_type=2 2 2 2 2 2 2 2 2 2 2 2 2 2 2 2 2 2 2 2 2 2 2 2
left_child=1 15 3 4 5 -2 7 9 -9 -4 12 -12 -8 -5 -6 16 21 -18 20 -20 -17 -1 23 -3
right_child=2 22 6 13 14 -7 10 8 -10 -11 11 -13 -14 -15 -16 18 17 -19 19 -21 -22 -23 -24 -25
leaf_value=-0.055490309697717566 -0.0042593352463109859 -0.054131063831834407 -0.059494606796294917 0.07371178666338539 0.070952805108449993 0.010762494642275246 -0.0088547326289713565 0.019095363768913409 -0.0059903171795137235 -0.014664556436900062 0.016650465095601797 0.0014770120782535928 -0.00044770953414910469 0.011131855461578424 0.010864779559861364 -0.035766011717229665 0.072434160233111874 -0.025605487160412527 -0.056721832418746114 0.035520109953455288 0.0040630957366398377 -0.014254565841781783 -0.060312596522192369 -0.05718184235207599
leaf_weight=9.194860668969346 160.32708610757254 1.3401044870261096 10.053550176322458 5.8108762204647046 5.6550430904608202 131.48766615241766 155.58895625988953 38.068848770111799 261.20423694700003 60.057380795478821 67.063866335665807 3023.7773578740889 6272.7850241562119 4.73604466766119 4.9346997781540267 9.6782892480259779 2.7647421146029947 4.2758468729734886 2.6203222593176205 13.973163191905767 13.83431856750394 8.7165839349399885 2.0755938980728388 1.2967636142857371
leaf_count=148 1262 29 49 25 34 938 945 166 1127 271 308 13708 29001 22 34 152 70 31 42 245 173 120 20 15
internal_value=-9.30312e-07 -0.0108616 7.33483e-05 0.0053304 0.00392555 0.00250929 -9.30252e-05 -0.00627153 -0.00279931 -0.021093 0.000146726 0.00180624 -0.000651189 0.0456106 0.0429525 -0.0074694 -0.0217898 0.0128933 0.00144006 0.0209539 -0.0123314 -0.035423 -0.0576932 -0.0556314
internal_weight=10271.3 69.7706 10201.6 312.951 302.404 291.815 9888.6 369.384 299.273 70.1109 9519.22 3090.84 6428.37 10.5469 10.5897 65.0581 24.952 7.04059 40.1061 16.5935 23.5126 17.9114 4.71246 2.63687
internal_count=48935 1045 47890 2315 2268 2200 45575 1613 1293 320 43962 14016 29946 47 68 981 369 101 612 287 325 268 64 44
is_linear=0
shrinkage=0.05


Tree=217
num_leaves=28
num_cat=0
split_feature=13 19 26 17 18 18 8 27 22 17 3 22 27 40 26 24 30 21 19 41 25 41 23 40 36 34 18
split_gain=3.31824 7.41557 7.6631 6.46656 5.3922 10.4627 10.8556 7.2593 5.55303 5.35499 4.67568 8.83286 11.0672 10.9058 10.0584 7.4262 6.88847 8.05464 7.36837 8.35442 6.02514 5.68591 5.48419 4.37378 5.57284 2.76375 0.441128
threshold=1.0410000000000001 0.65100000000000013 0.61650000000000016 0.18050000000000002 0.36666666666666675 0.29999999999999999 0.18333333333333332 0.27700000000000008 0.56944444444444453 0.43400000000000005 1.1405000000000001 -0.12222222222222219 0.32050000000000006 0.77450000000000008 0.18600000000000003 2.3895000000000004 1.4985000000000002 17.500000000000004 1.3090000000000004 0.55100000000000016 505.50000000000006 0.50100000000000011 0.074499999999999969 0.75850000000000006 0.57100000000000006 0.42550000000000004 0.18333333333333332
decision_type=2 2 2 2 2 2 2 2 2 2 2 2 2 2 2 2 2 2 2 2 2 2 2 2 2 2 2
left_child=10 2 23 -4 5 6 -3 -7 9 -6 16 12 14 15 -12 -13 18 21 19 -1 -15 -18 -20 24 -2 -10 -25
right_child=1 4 3 -5 8 7 -8 -9 25 -11 11 13 -14 20 -16 -17 17 -19 22 -21 -22 -23 -24 26 -26 -27 -28
leaf_value=-0.0026489250930874508 0.0086450572510934891 0.023200968531833378 0.039827288193662776 -0.047767648892009046 -0.00051855098683375913 0.0066376723402582528 -0.0010139308548163099 0.024142410754816823 -0.0049086109492169419 0.0070286637589889334 -0.065216927558103974 -0.012249377668387046 0.082791770706119622 -0.044399499931321314 0.01075450957283784 0.0011173293694889347 -0.0058113766049302656 -0.084433652102275977 0.0039361538005075313 -0.039156265433216327 -0.0099887813516867773 -0.022939359472925854 0.029076622420625992 0.050383998256371701 0.068243575508084908 -0.055366915006290054 0.072916606990020047
leaf_weight=814.26434604514361 17.514546905178584 48.66992846224457 3.2012631560210121 6.1636461038142443 5031.9696292467997 437.69602184358519 944.02475032152142 68.496138028975111 4.5161151625215989 246.54652154061478 4.4761124700307837 110.49602978932671 5.200299620628356 13.796918227162676 163.44765125395497 1743.3610009144468 220.27299606770976 3.6400863230228415 91.022513886317029 15.97847768752399 163.11793220450636 62.117953083063185 28.479498983360827 3.7651089595165086 5.0542323722038409 6.7998716682195663 5.1338618213776499
leaf_count=4152 144 219 25 37 23001 2056 4104 317 20 1342 21 580 23 70 729 8518 1301 16 650 77 805 412 170 37 50 29 30
internal_value=-1.01119e-06 0.000636838 0.0218808 -0.0178245 0.00050906 0.00315631 0.00017328 0.00900635 -0.000241047 -0.000166039 -0.00126748 0.000112936 0.0109541 -0.00081128 0.00872944 0.000320629 -0.00372932 -0.0105317 -0.00168068 -0.00335153 -0.0126723 -0.00957904 0.00992758 0.0336973 0.021992 -0.0352294 0.0633832
internal_weight=10269.2 6829.55 40.8327 9.36491 6788.72 1498.89 992.695 506.192 5289.83 5278.52 3439.67 2203.9 173.124 2030.77 167.924 1853.86 1235.78 286.031 949.745 830.243 176.915 282.391 119.502 31.4678 22.5688 11.316 8.89897
internal_count=48935 31411 323 62 31088 6696 4323 2373 24392 24343 17524 10746 773 9973 750 9098 6778 1729 5049 4229 875 1713 820 261 194 49 67
is_linear=0
shrinkage=0.05


Tree=218
num_leaves=24
num_cat=0
split_feature=13 19 13 18 27 24 7 29 18 42 24 17 11 2 35 3 7 3 36 0 20 40 40
split_gain=3.45328 3.52958 5.56083 6.05147 5.37491 6.10045 7.39656 4.82547 4.35098 4.1056 5.65568 5.57481 2.31008 0.000171522 0.000120803 4.56859e-05 2.16207e-05 3.69316e-09 1.33e-09 4.12906e-10 3.40787e-10 3.7247e-12 1.14231e-12
threshold=1.0000000180025095e-35 0.44600000000000006 0.59200000000000008 1.0000000180025095e-35 0.33300000000000007 2.4445000000000006 0.54750000000000021 2.3120000000000007 0.21111111111111114 0.28800000000000003 2.8575000000000004 0.11650000000000001 11.500000000000002 1.5000000000000002 0.59400000000000008 2.3265000000000007 0.19600000000000004 0.96650000000000003 0.56700000000000006 1.5000000000000002 -10.499999999999998 0.75700000000000012 0.72050000000000003
decision_type=2 2 2 2 2 2 2 2 2 2 2 2 2 2 2 2 2 2 2 2 2 2 2
left_child=13 4 3 12 5 7 -7 -2 -5 11 -11 -4 -3 17 -15 16 -16 21 20 -20 -19 22 -1
right_child=1 2 9 8 -6 6 -8 -9 -10 10 -12 -13 -14 14 15 -17 -18 18 19 -21 -22 -23 -24
leaf_value=-0.050004763375454966 -0.053374765739339108 -0.061040965084692561 -0.0027079515234621292 0.0013434565034792408 0.06054737198070255 0.0049755617490067098 0.052861451772638617 -0.0014913987824171113 -0.011819294678319846 -0.0041921539524451676 0.0015727410113362814 0.0010905141946366921 -0.014633936255238858 -0.052397050969932427 -0.050932499333720044 -0.051615864677008128 -0.051244036797116199 -0.050033058829080823 -0.050044758339045071 -0.05003646856804779 -0.050029030974696125 -0.050007506357722567 -0.050005979393770487
leaf_weight=0.0026691937746358141 7.7375290468335178 6.9343986213207227 1127.4942325164448 117.23101061675698 4.3502026470378032 267.03214065695647 8.3151893578469736 10.649709717836229 135.17158785460924 1161.8630400807015 671.23107319982955 6741.6987445207778 4.3725867569446564 0.227503801492276 1.0376429638126872 0.53018103889189649 1.2020882844517471 0.10342143068555776 0.020846814790274948 0.053753860935103148 0.10668531586998109 0.0037145259993849331 0.0069858100032433867
leaf_count=29 46 36 5916 620 24 1699 52 56 935 5295 3138 30306 23 10 96 31 91 160 24 75 187 26 60
internal_value=-9.4143e-07 1.54893e-05 -0.000144865 -0.00730883 0.00537669 0.00455961 0.00642166 -0.0233244 -0.00570572 4.98524e-05 -0.0020812 0.000546272 -0.0430946 -0.0511757 -0.0512895 -0.0511985 -0.0510997 -0.0500318 -0.050033 -0.0500388 -0.050031 -0.0500062 -0.0500056
internal_weight=10267.4 10264.1 9966 263.71 298.085 293.735 275.347 18.3872 252.403 9702.29 1833.09 7869.19 11.307 3.29549 2.99742 2.76991 2.23973 0.298077 0.284707 0.0746007 0.210107 0.0133695 0.009655
internal_count=48935 48146 46269 1614 1877 1853 1751 102 1555 44655 8433 36222 59 789 228 218 187 561 446 99 347 115 89
is_linear=0
shrinkage=0.05


Tree=219
num_leaves=28
num_cat=0
split_feature=19 14 22 24 4 8 9 40 39 31 24 5 10 14 4 10 9 6 6 35 42 42 2 31 28 24 41
split_gain=3.40007 9.75926 7.74583 9.87771 13.675 7.2091 10.3496 6.98654 6.97081 6.34936 5.85418 5.78664 6.29704 6.23984 7.31195 6.99262 5.75503 8.47631 8.26536 5.44958 4.74103 4.67608 6.8221 4.19986 4.13813 2.01437 1.83206
threshold=1.7755000000000003 0.62750000000000006 -0.29999999999999988 2.1115000000000008 2.6835000000000004 0.36666666666666675 1.5310000000000001 0.71350000000000013 2.5135000000000001 0.84550000000000003 2.5775000000000006 -1.6604999999999996 5.5000000000000009 0.87750000000000006 1.1560000000000001 3.5000000000000004 1.0930000000000002 0.44900000000000007 0.30600000000000005 0.83650000000000013 0.25050000000000006 0.25150000000000006 4.5000000000000009 0.70700000000000007 0.34000000000000008 1.9135000000000002 0.45550000000000007
decision_type=2 2 2 2 2 2 2 2 2 2 2 2 2 2 2 2 2 2 2 2 2 2 2 2 2 2 2
left_child=1 7 3 4 -3 10 -7 25 23 -5 -4 12 21 16 15 -15 18 -18 -13 -10 -16 22 -2 -9 -23 26 -1
right_child=11 2 5 9 -6 6 -8 8 19 -11 -12 13 -14 14 20 -17 17 -19 -20 -21 -22 24 -24 -25 -26 -27 -28
leaf_value=-0.011475919116268454 0.020776627546823943 -0.0099153716186940188 0.00080226488559195655 0.00081306266417642569 -0.092159116500959024 -0.0033018380658270661 0.0011832197276668323 0.084419950151835454 -0.02803685691444037 -0.029449247933064016 0.0069486696544116995 -0.0048940922728829585 0.092499364318744462 -0.0056361987218272059 0.012125376407185624 0.0072223336782412002 0.0069165909149635262 -0.0049437566532809013 -0.039187479916770851 0.02283079310006764 0.0039546707859636696 -0.033558103118234366 -0.070595140932935396 -0.00031710600937512887 0.032484668616335699 -0.07941778156247993 -0.056814599841924079
leaf_weight=3.702136247949964 4.9260744515340757 359.65864293996128 1047.7932366308814 485.64063094265293 5.1263540582731357 2217.8577626327169 3062.1888085956743 2.7520756645244537 30.509800953193917 17.974189769476652 614.66515804972732 355.95647607541468 2.8591602333472101 325.93996419943869 243.33843799086753 156.49377743899822 318.22142277471721 286.06619939464144 18.482690878212452 6.363428848941111 656.57308778434526 2.6403252161107984 3.4902361854910851 3.1200656172295567 23.329213784425519 4.5319232107140115 5.5962586996356549
leaf_count=49 128 1654 4865 2136 28 10065 14795 22 284 84 2964 1927 28 1427 1176 701 1431 1361 105 83 3160 52 18 29 273 28 62
internal_value=-9.63965e-07 -0.000503368 -0.000353494 -0.00480546 -0.0110711 0.000203377 -0.000700707 -0.0211951 -0.0112007 -0.00026701 0.00307479 0.00164713 0.0212018 0.00133866 0.0035015 -0.0014651 -0.00171612 0.00130197 -0.00658685 -0.0192583 0.00616405 0.0152735 -0.0171152 0.0393963 0.0257701 -0.0520848 -0.0387631
internal_weight=10265.8 7867.48 7810.9 868.4 364.785 6942.5 5280.05 56.5757 42.7454 503.615 1662.46 2398.32 37.245 2361.07 1382.35 482.434 978.727 604.288 374.439 36.8732 899.912 34.3858 8.41631 5.87214 25.9695 13.8303 9.29839
internal_count=48935 37148 36591 3902 1682 32689 24860 557 418 2220 7829 11787 499 11288 6464 2128 4824 2792 2032 367 4336 471 146 51 325 139 111
is_linear=0
shrinkage=0.05


Tree=220
num_leaves=28
num_cat=0
split_feature=19 41 28 59 39 14 23 44 28 18 2 36 3 21 9 36 40 18 23 41 18 22 11 6 41 2 27
split_gain=3.10999 7.11861 6.65782 6.90169 5.76996 5.55428 7.2352 8.77757 6.74663 6.62284 5.76229 6.63365 5.52392 5.18819 5.65693 4.36169 4.31066 10.0217 10.1562 9.53681 7.77097 9.47679 5.73214 4.04917 4.01285 3.76799 2.24291
threshold=2.1835000000000004 0.45250000000000007 0.24500000000000002 27.500000000000004 2.4850000000000008 0.7965000000000001 -0.7699999999999998 0.47850000000000004 0.20750000000000002 0.8500000000000002 27.500000000000004 0.45150000000000007 0.96650000000000003 -30.499999999999996 1.7070000000000001 0.41350000000000003 0.75850000000000006 0.93333333333333346 -0.60149999999999981 0.51800000000000013 1.0000000180025095e-35 0.76388888888888895 18.500000000000004 0.49150000000000005 0.43550000000000005 7.5000000000000009 0.24600000000000002
decision_type=2 2 2 2 2 2 2 2 2 2 2 2 2 2 2 2 2 2 2 2 2 2 2 2 2 2 2
left_child=5 13 12 4 -4 6 10 8 -8 -9 11 -1 26 -2 15 -15 20 19 -19 -18 21 -7 -22 -5 -16 -14 -3
right_child=1 2 3 23 -6 16 7 9 -10 -11 -12 -13 25 14 24 -17 17 18 -20 -21 22 -23 -24 -25 -26 -27 -28
leaf_value=-0.038643710919029961 0.043830483421180982 0.089681632016891208 -0.016553238245306072 -0.037694708782873482 0.0092014435730158432 -0.017019539304876149 0.031829724001867343 -0.00024491881737328082 -0.014809648252428543 0.026322536904910106 0.04123946428804956 -0.0082695736365770781 -0.023993177542537828 -0.070510527012621463 0.048803806752473367 -0.018365001136412276 -0.0043229540084082857 -0.080021052085306493 -0.00042187993185409107 0.0028683230075547258 0.002569049184645217 0.013931745864048703 -0.00032935515918246336 0.0073779688713286181 -0.01405892783317169 -0.087408375083616319 -0.001236940728603918
leaf_weight=33.754832559556235 3.8610647767782202 1.2751164699438988 22.86827748187352 13.526131892576815 443.54167541692732 118.98813509012689 8.1689452042119211 320.63761141808209 152.62061312863807 25.309256251479383 3.7328386902809134 38.453481847420335 12.413430041517129 4.4106471270206375 5.1689265461172891 44.163655176584143 1238.9525641531218 8.2436666637659091 7.7979800999164572 734.26095536147477 2976.6031237105199 31.220087903901003 3995.7332214191556 7.8891397267580023 4.9889563117176294 2.8872276395559302 1.4493898602086117
leaf_count=206 16 19 143 59 2647 607 65 1724 833 113 17 212 95 34 25 286 5744 35 34 3424 14582 715 17203 35 26 13 23
internal_value=-1.00411e-06 0.00359345 0.00556168 0.00666432 0.00793868 -0.000211768 -0.00494447 -0.00278758 -0.0124401 0.00169874 -0.0193369 -0.0224684 -0.0242796 -0.0123129 -0.0160038 -0.0230999 9.08775e-05 -0.00196696 -0.0413272 -0.00164698 0.000665612 -0.0105865 0.000908021 -0.0210905 0.0179293 -0.0359596 0.0413145
internal_weight=10262.9 568.444 505.85 487.825 466.41 9694.48 582.678 506.736 160.79 345.947 75.9412 72.2083 18.0252 62.5932 58.7322 48.5743 9111.8 1989.26 16.0416 1973.21 7122.54 150.208 6972.34 21.4153 10.1579 15.3007 2.72451
internal_count=48935 3421 3034 2884 2790 45514 3170 2735 898 1837 435 418 150 387 371 320 42344 9237 69 9168 33107 1322 31785 94 51 108 42
is_linear=0
shrinkage=0.05


Tree=221
num_leaves=19
num_cat=0
split_feature=4 11 1 1 7 31 0 24 22 19 5 5 19 0 25 42 35 33
split_gain=3.21014 6.03346 5.16445 6.57965 5.69293 5.37725 6.03218 5.16168 8.48641 6.46318 4.99459 5.25832 9.31282 6.32746 4.68279 4.21106 4.08384 1.24362
threshold=0.87750000000000006 56.500000000000007 62.500000000000007 57.500000000000007 0.14550000000000002 0.77150000000000019 1.5000000000000002 3.1010000000000004 0.5916666666666669 1.6545000000000003 -0.14049999999999999 0.16950000000000001 0.85950000000000004 7.5000000000000009 510.50000000000006 0.25650000000000006 0.73100000000000009 0.17150000000000001
decision_type=2 2 2 2 2 2 2 2 2 2 2 2 2 2 2 2 2 2
left_child=1 10 3 7 -4 15 -7 9 -9 -2 14 12 -12 -13 17 -5 -16 -1
right_child=2 -3 4 5 -6 6 -8 8 -10 -11 11 13 -14 -15 16 -17 -18 -19
leaf_value=-0.011989296901698809 -0.0014332502603660493 0.043659944638665862 0.0076167212087646392 0.0044310386630736351 -0.061792642585527482 0.024994937683602014 -0.023910541630451251 0.0043832400028899739 -0.0058647700425673334 0.0016807904535834405 -0.019589059275749277 -0.0021416325262180232 0.017480155950509488 -0.020899784681203876 -0.056928435424834369 0.05429571360002005 0.010650092941419173 -0.051567033228559461
leaf_weight=2.4173677881481153 4458.6684860070818 7.1513083577156058 5.1374562829732877 6.1236182749271419 6.9515682011842728 14.898537322878839 10.931523516774176 1367.7184467120678 237.02483135682996 2660.4859731075121 21.803562162182061 1301.2425959935208 76.006208940376382 46.564906368614174 2.8056605602614573 13.720459073781965 11.002603769826235 11.093049088551195
leaf_count=21 20058 30 22 26 29 64 47 6735 1344 12654 138 6723 534 266 21 57 80 86
internal_value=-1.05951e-06 -0.00215516 0.000361999 0.000407019 -0.0322958 0.0193349 0.00429768 0.000307921 0.00286958 -0.000269508 -0.0023776 -0.00197735 0.00921676 -0.0027897 -0.0235576 0.0389081 -0.00308099 -0.0444855
internal_weight=10261.7 1480.09 8781.66 8769.57 12.089 45.6741 25.8301 8723.9 1604.74 7119.15 1472.94 1445.62 97.8098 1347.81 27.3187 19.8441 13.8083 13.5104
internal_count=48935 7899 41036 40985 51 194 111 40791 8079 32712 7869 7661 672 6989 208 83 101 107
is_linear=0
shrinkage=0.05


Tree=222
num_leaves=29
num_cat=0
split_feature=17 0 28 14 27 0 7 37 15 27 40 4 4 24 15 19 2 15 22 30 39 5 24 27 44 44 5 44
split_gain=3.23402 5.32505 6.76968 5.09869 5.42498 4.77286 5.39134 5.34675 4.7151 4.3037 4.07119 3.96748 3.85777 6.47301 7.14297 11.6524 9.63289 6.33272 12.4269 5.82668 9.37965 7.62682 6.12785 5.80323 5.0277 6.18209 3.80918 1.47883
threshold=0.58550000000000002 8.5000000000000018 0.13850000000000004 1.4820000000000004 0.25750000000000006 10.500000000000002 0.63950000000000007 0.65000000000000013 0.7400000000000001 0.30650000000000005 0.74150000000000016 0.85450000000000015 1.0390000000000004 3.0455000000000005 0.11300000000000002 1.0515000000000001 26.500000000000004 -1.0974999999999999 0.29999999999999999 1.6065000000000003 2.6085000000000007 0.60350000000000004 3.2415000000000007 0.31350000000000006 0.38900000000000007 0.46650000000000008 0.89100000000000013 0.46350000000000008
decision_type=2 2 2 2 2 2 2 2 2 2 2 2 2 2 2 2 2 2 2 2 2 2 2 2 2 2 2 2
left_child=12 2 11 9 -5 6 10 8 -7 -4 -3 -2 19 17 15 -15 -16 18 -14 24 22 -22 -21 -19 26 -26 -1 -8
right_child=1 5 3 4 -6 7 27 -9 -10 -11 -12 -13 13 14 16 -17 -18 23 -20 20 21 -23 -24 -25 25 -27 -28 -29
leaf_value=0.0068467501690985012 -0.06584962040425088 -0.010016335831061015 0.035169379170922131 -0.030448406877563242 0.069161277680386532 -0.0044342837888562804 -0.049465389755496116 0.071973169533668224 0.056653718562925018 -0.031419294544798637 -0.060619393656657999 0.014923288586552742 -0.0022302536102360433 0.0060016373708370258 0.018691152133526897 -0.0046874094384650108 -0.024120022302006567 -0.00028764542037481135 -0.04289550073733208 0.014684057087186434 -0.028725351612421401 -0.00031707648024597375 -0.0014283341663701196 0.0076606624732434656 -0.0073212855511146525 -0.0013304007155079155 0.075683028568421101 0.064955020549431836
leaf_weight=4.654219606483819 3.4983437531482187 8.3697176594287175 41.972207473416347 6.9013765894924273 1.7044892252888528 30.522164603033161 0.33049220880638985 2.9577054488545391 3.5234246812760821 2.5753940981376209 7.5693818666040888 2.6887188260443509 72.270798916695639 761.32059440971352 127.87268600531388 383.34439430572093 14.644398823380468 5627.0017088411259 25.386190570890903 178.85414434829727 30.741756983741652 102.07364443142433 88.06662946601864 239.41800795326708 554.16195886072819 1931.5819061473449 3.537054568529129 1.9402175234063177
leaf_count=28 22 50 370 99 41 227 25 21 19 25 42 23 344 3548 846 1806 74 25392 126 825 148 493 453 1116 2864 9764 25 119
internal_value=-1.06409e-06 0.00835302 0.0187516 0.0245133 -0.0107196 -0.00282288 -0.0237787 0.00748978 0.0018878 0.0313197 -0.0340474 -0.030748 -9.5396e-05 0.000520534 0.00373618 0.00242191 0.0142921 -0.000173475 -0.0128013 -0.00163886 0.00396532 -0.00689252 0.00936801 3.67378e-05 -0.00253711 -0.00266599 0.0365708 0.0483016
internal_weight=10259.5 114.554 59.3405 53.1535 8.60587 55.2131 18.2098 37.0033 34.0456 44.5476 15.9391 6.18706 10144.9 7251.26 1287.18 1144.66 142.517 5964.08 97.657 2893.67 399.736 132.815 266.921 5866.42 2493.94 2485.74 8.19127 2.27071
internal_count=48935 1083 580 535 140 503 236 267 246 395 92 45 47852 33252 6274 5354 920 26978 470 14600 1919 641 1278 26508 12681 12628 53 144
is_linear=0
shrinkage=0.05


Tree=223
num_leaves=30
num_cat=0
split_feature=43 28 7 32 41 29 39 22 18 5 13 18 21 5 2 6 36 6 16 13 11 5 7 19 9 24 28 28 41
split_gain=3.22251 6.09297 10.2992 8.43982 7.00122 5.40073 5.47608 7.17064 6.78477 5.16938 13.4355 5.08201 9.47954 11.2055 8.6096 8.23016 9.24083 6.16522 5.9675 7.3639 8.75121 6.0412 5.22334 4.76846 5.28557 4.69342 4.68621 4.61232 2.54119
threshold=0.74950000000000017 0.16350000000000003 0.19600000000000004 0.39250000000000007 0.44900000000000007 3.2450000000000006 2.5955000000000008 0.63333333333333353 0.74166666666666681 -0.53699999999999992 1.6610000000000003 0.36666666666666675 -8.4999999999999982 -0.18049999999999997 18.500000000000004 0.67300000000000015 0.40350000000000008 0.17750000000000002 0.10150000000000002 0.6170000000000001 20.500000000000004 1.1315000000000002 0.37250000000000005 0.31400000000000006 1.2245000000000001 2.4125000000000005 0.14400000000000002 0.30400000000000005 0.51800000000000013
decision_type=2 2 2 2 2 2 2 2 2 2 2 2 2 2 2 2 2 2 2 2 2 2 2 2 2 2 2 2 2
left_child=11 2 23 -4 -5 6 8 -8 -3 -7 -11 12 13 14 -1 17 -17 -14 22 20 -20 -21 28 26 -25 -15 -2 -24 -13
right_child=1 5 3 4 -6 9 7 -9 -10 10 -12 18 15 25 -16 16 -18 -19 19 21 -22 -23 27 24 -26 -27 -28 -29 -30
leaf_value=0.030339852695046389 0.040165537922090155 0.0039627543067512162 -0.047632354401570404 -0.011547193039037276 0.0098427759297017858 -0.05276930404959889 -0.0030978734908152263 -0.054623222427025275 -0.0044449050386809073 -0.028097032246263198 0.028498303170085029 0.067551610124337857 0.0084158844415209589 0.077657633330845313 0.0018049385321895761 -0.021107667205104128 0.015040115950903699 -0.001144755974418608 -0.035750944941754452 -0.0011391949107540211 0.058011389454239698 -0.0096518568146297043 -0.075015892272146667 0.030327555763373884 -0.021197090744108575 0.015004432261952845 -0.053829617692326075 0.040707021389088126 0.004721771201261174
leaf_weight=35.359080269932747 6.4222861423040722 2270.5580733418392 8.2544990032911283 52.640175605556578 139.99416115513304 7.3289717428851864 262.42169047312927 6.9306989024044006 268.30680236329499 28.825908620492555 16.482885937206447 6.9176703253760916 183.03835837763472 8.9703541547059995 104.73207071423531 19.975381591240875 153.87509044155013 2140.9589327244757 26.228168083835047 4157.2781322998344 2.7494509294629088 219.41672342550009 1.7920227011200034 5.2077266321866764 112.53346588858403 4.482926905155181 1.6710483275819568 1.6573751824471399 2.0972309378848877
leaf_count=156 71 10725 39 242 642 35 1191 51 1397 137 79 62 1186 38 449 176 1221 9753 227 19311 15 1042 17 26 547 20 19 36 25
internal_value=-9.43725e-07 0.00131889 -0.00514973 0.00187618 0.00399765 0.00205764 0.00235507 -0.00442367 0.00307423 -0.0138101 -0.00750822 -0.000596044 0.00113447 0.013193 0.00900717 0.000393226 0.0108867 -0.000391759 -0.00163455 -0.00173229 -0.0268546 -0.00156596 0.0329131 -0.0163663 -0.0189181 0.0567802 0.0207582 -0.0194131 0.0529348
internal_weight=10257.1 3187.58 326.723 200.889 192.634 2860.86 2808.22 269.352 2538.86 52.6378 45.3088 7069.53 2651.39 153.544 140.091 2497.85 173.85 2324 4418.14 4405.67 28.9776 4376.69 12.4643 125.835 117.741 13.4533 8.09333 3.4494 9.0149
internal_count=48935 15201 1586 923 884 13615 13364 1242 12122 251 216 33734 12999 663 605 12336 1397 10939 20735 20595 242 20353 140 663 573 58 90 53 87
is_linear=0
shrinkage=0.05


Tree=224
num_leaves=30
num_cat=0
split_feature=40 40 4 26 10 22 18 15 11 7 12 17 4 44 18 40 14 11 9 18 11 16 21 20 8 21 23 36 42
split_gain=3.12157 8.44994 6.45525 8.70446 7.88373 7.44773 5.92281 13.7874 12.1399 5.44986 6.66142 7.65886 6.17758 6.48269 5.443 5.33273 6.43139 6.04628 5.30517 4.99503 4.8431 6.71572 5.64312 4.75548 4.35292 3.97647 3.97641 6.14115 0.713525
threshold=0.72050000000000003 0.72800000000000009 0.54750000000000021 0.44400000000000006 9.5000000000000018 0.43055555555555564 0.29999999999999999 0.22450000000000003 17.500000000000004 0.5415000000000002 14.500000000000002 0.081500000000000017 0.40350000000000003 0.46250000000000008 1.0000000180025095e-35 0.71850000000000003 0.60350000000000004 11.500000000000002 2.3770000000000002 0.29999999999999999 5.5000000000000009 0.12750000000000003 4.5000000000000009 -3.4999999999999996 0.48333333333333339 -12.499999999999998 0.57100000000000017 0.59450000000000014 0.23600000000000002
decision_type=2 2 2 2 2 2 2 2 2 2 2 2 2 2 2 2 2 2 2 2 2 2 2 2 2 2 2 2 2
left_child=2 6 3 26 5 -5 7 8 -2 12 11 -11 13 -3 23 17 -17 -16 -14 -6 22 -22 -8 24 -4 -9 27 -1 -28
right_child=1 9 14 4 19 -7 20 25 -10 10 -12 -13 18 -15 15 16 -18 -19 -20 -21 21 -23 -24 -25 -26 -27 28 -29 -30
leaf_value=-0.039263033522515318 0.0045794981944417591 0.059135415133123197 -0.037578897028559349 0.008825002805885206 -0.0037617846856942065 0.094081668507939073 0.019798526811148368 0.086917583717868452 -0.018486536129255143 -0.027562225258793968 -0.048915187385207851 0.019455632795612566 -0.00037161635434576536 -0.023106384166545688 0.0041998278272155545 -0.086550616066030484 -0.0088958483141177713 -0.0015163480831703233 0.0090415421173308166 -0.049601389033195678 -0.036683366403486926 0.007226072322017503 0.090142479262719344 -0.053730881100126783 -0.00048712834614545255 0.029190173566807805 -0.039235769288793992 0.030741755785133947 -0.080405336595370677
leaf_weight=18.580709888956342 147.91602265738766 2.5363936541834837 10.967308176215736 12.876624764503505 18.720208926752097 3.1977015307638785 23.746165862685306 4.1850710660219184 92.852823525667191 9.6748567912727577 4.3313516676425925 82.667779263247212 6120.3418907404412 43.329120690876152 595.97183506190777 2.7218108560773535 130.72754587465897 2067.3728139591403 153.43400464497972 8.7069699968415062 8.8295203223824483 632.56660166324582 3.2400744073092929 7.72756473859772 28.372598721063696 10.387140703329349 1.3231971153290931 3.7681429167278102 5.1432495466433465
leaf_count=143 815 32 57 80 199 22 269 19 403 52 20 752 28024 627 3347 18 611 9086 945 66 39 2859 19 36 224 47 35 21 68
internal_value=-9.68807e-07 0.000548852 -0.00138487 -0.016137 -0.00201873 0.0257853 0.00502 -0.00145761 -0.00431595 -9.48369e-05 0.011687 0.0145295 -0.000275067 -0.0185584 -0.00100974 -0.000725969 -0.0104797 -0.00023725 -0.000141404 -0.0183139 0.00749464 0.00662161 0.0282443 -0.0178716 -0.0108277 0.0457692 -0.0374508 -0.0274598 -0.071981
internal_weight=10256.2 7340.04 2916.18 72.3168 43.5015 16.0743 923.723 255.341 240.769 6416.32 96.674 92.3426 6319.64 45.8655 2843.86 2796.79 133.449 2663.34 6273.78 27.4272 668.382 641.396 26.9862 47.0675 39.3399 14.5722 28.8153 22.3489 6.46645
internal_count=48935 34922 14013 634 367 102 4470 1284 1218 30452 824 804 29628 659 13379 13062 629 12433 28969 265 3186 2898 288 317 281 66 267 164 103
is_linear=0
shrinkage=0.05


Tree=225
num_leaves=26
num_cat=0
split_feature=13 26 6 13 59 19 15 3 11 1 15 19 13 28 15 40 28 28 43 29 30 5 3 11 3
split_gain=3.03725 4.70702 5.75654 5.14312 4.10844 3.52457 7.37852 7.34842 6.51204 6.09337 5.75654 10.4294 8.13134 4.78163 4.73278 9.84398 4.72818 4.22498 4.2137 3.50046 5.89063 0.484125 0.0398136 0.00131251 5.76854e-05
threshold=0.25850000000000006 0.31500000000000006 0.24550000000000002 1.0000000180025095e-35 7.5000000000000009 0.44600000000000006 -1.4914999999999998 0.80400000000000016 1.5000000000000002 27.500000000000004 -0.98349999999999993 1.0365000000000002 0.85950000000000004 0.35200000000000004 -0.93199999999999994 0.71650000000000003 0.24850000000000003 0.31250000000000006 0.74550000000000016 2.5815000000000006 1.5045000000000002 -1.3954999999999997 1.1960000000000002 8.5000000000000018 2.9500000000000006
decision_type=2 2 2 2 2 2 2 2 2 2 2 2 2 2 2 2 2 2 2 2 2 2 2 2 2
left_child=1 2 22 24 19 6 9 13 -9 16 11 12 -7 -8 15 -12 -2 -13 -16 21 -21 -3 23 -1 -4
right_child=5 4 3 -5 -6 10 7 8 -10 -11 14 17 -14 -15 18 -17 -18 -19 -20 20 -22 -23 -24 -25 -26
leaf_value=-0.052718658280695031 -0.016093956499368824 -0.0084576538234005117 -0.050736040784131298 0.1442171730566556 0.015104565578034355 -0.0069645101466398324 0.0048823025454774443 0.03051041635877105 0.0084898309495286713 0.055008945427251488 -0.024660342862687475 -0.019542049223822709 0.0053989150800656336 -0.044089910405565473 -0.0007424922096221163 0.022190190925638009 0.0048736218565297983 -0.057206495432700788 0.0014538717021107084 0.11647626504231889 -0.027919898114748098 -0.060063911157482733 -0.078327141665224753 -0.059184708230012144 -0.052151508032487762
leaf_weight=0.19552758783175095 59.729550291784108 0.47857703478075819 0.36111657884612181 1.3382121194154024 4.6723445036623152 431.45494494796731 11.641844668891283 50.69589925755281 99.405852653086185 4.1595491766929618 13.935075476765631 23.709848186932504 192.25104157207534 8.7163278833031637 5665.2096275419899 57.375258453190327 48.897437587729655 10.854171036276965 3553.4068229148979 0.80958570545044395 5.5363383574076579 9.0172388532955647 0.44261853396892548 0.13110412657260895 0.089897862664656714
leaf_count=57 374 10 117 8 35 2014 61 495 458 19 61 120 901 44 26355 249 328 64 16435 36 282 396 2 1 13
internal_value=-1.06253e-06 -0.0181217 0.0458268 0.0950038 -0.0260972 3.98007e-05 0.00553957 0.0121039 0.0159271 -0.00438142 -0.00011679 -0.00463517 -0.00315361 -0.0160851 0.000203376 0.0130349 -0.00665559 -0.0313699 0.000104118 -0.0382493 -0.00949846 -0.057463 -0.0685555 -0.055314 -0.0510182
internal_weight=10254.5 23.0726 2.55848 1.78923 20.5141 10231.4 283.246 170.46 150.102 112.787 9948.2 658.27 623.706 20.3582 9289.93 71.3103 108.627 34.564 9218.62 15.8417 6.34592 9.49582 0.76925 0.326632 0.451014
internal_count=48935 957 198 138 759 47978 1779 1058 953 721 46199 3099 2915 105 43100 310 702 184 42790 724 318 406 60 58 130
is_linear=0
shrinkage=0.05


Tree=226
num_leaves=21
num_cat=0
split_feature=4 24 2 19 16 24 2 13 17 17 13 24 36 8 11 3 36 4 21 2
split_gain=3.41484 3.37936 3.91485 3.00806 7.96509 7.75743 0.00544449 0.000351926 0.000342399 0.000189734 7.05462e-05 6.47244e-05 5.05277e-05 1.6074e-05 3.18503e-06 2.60286e-06 2.57717e-06 2.1243e-06 1.89379e-06 3.87006e-08
threshold=1.0000000180025095e-35 0.61250000000000016 1.5000000000000002 1.7755000000000003 0.47900000000000004 2.1115000000000008 3.5000000000000004 0.7965000000000001 0.9285000000000001 0.24550000000000002 0.25850000000000006 1.0000000180025095e-35 0.56700000000000006 0.81666666666666676 2.5000000000000004 1.9835000000000003 0.50300000000000011 1.9665000000000001 9.5000000000000018 2.5000000000000004
decision_type=2 2 2 2 2 2 2 2 2 2 2 2 2 2 2 2 2 2 2 2
left_child=7 6 14 5 -5 -4 8 10 11 12 18 -2 -9 -12 17 -16 -15 -3 19 -1
right_child=1 2 3 4 -6 -7 -8 9 -10 -11 13 -13 -14 16 15 -17 -18 -19 -20 -21
leaf_value=-0.050031724779223366 -0.050056331619489615 0.050263888828196913 -0.0041409930164276396 0.022411383137678272 0.0011650545674832117 0.0002101080268091506 -0.055261746880652544 -0.050930781007485139 -0.052797970672561846 -0.052278566597978596 -0.051086349304647873 -0.050844629075403859 -0.051674739467276271 -0.050612546523907481 0.05036655282223737 0.050126032114380804 -0.050819248375582153 0.050091398599823478 -0.050531867306894851 -0.050112876568746259
leaf_weight=0.31071282720586113 0.32549381320131865 2.2963794230017807 1211.1997279132484 44.958037793636322 2345.8665743215242 6641.1529215826886 1.200879647163674 0.54173115594312526 0.21779112811782386 0.84222699661040679 0.51516058594279435 1.3019045205437578 0.39438076317310333 0.33091247291304171 1.2605659519322219 0.1235030103707685 0.27705052809324116 0.19353923422750074 0.020424691960215569 0.015420471201650798
leaf_count=603 360 460 5836 211 10849 29932 28 39 11 29 33 110 14 30 181 52 19 128 2 8
internal_value=-1.1334e-06 1.51097e-05 3.07625e-05 1.17565e-05 0.00156458 -0.000461035 -0.0526415 -0.0512609 -0.0509361 -0.0517341 -0.0506884 -0.050687 -0.0512442 -0.0508809 0.0502843 0.0503451 -0.0507067 0.0502505 -0.0500648 -0.0500356
internal_weight=10253.3 10250.1 10247.1 10243.2 2390.82 7852.35 3.04607 3.24802 1.84519 1.77834 1.46968 1.6274 0.936112 1.12312 3.87399 1.38407 0.607963 2.48992 0.346558 0.326133
internal_count=48935 48158 47649 46828 11060 35768 509 777 481 82 695 470 53 82 821 233 49 588 613 611
is_linear=0
shrinkage=0.05


Tree=227
num_leaves=24
num_cat=0
split_feature=3 6 9 22 42 19 15 19 35 3 6 5 42 8 24 14 0 25 39 11 0 24 14
split_gain=2.88165 4.14712 3.93507 7.64514 7.79683 9.23448 6.36289 6.73154 6.67147 5.94363 6.55715 5.62955 4.96074 6.90442 4.7314 3.93563 3.89802 3.20057 2.92148 4.93265 4.21279 0.00764831 0.00222088
threshold=0.33900000000000002 0.19600000000000004 0.55800000000000016 -0.13333333333333333 0.23600000000000002 1.3770000000000002 -0.19599999999999998 1.0575000000000003 0.8005000000000001 0.55800000000000016 0.068000000000000019 -1.4904999999999997 0.26850000000000007 0.12222222222222222 1.2565000000000002 1.9185000000000001 15.500000000000002 503.50000000000006 2.6015000000000006 13.500000000000002 12.500000000000002 1.651 0.89600000000000013
decision_type=2 2 2 2 2 2 2 2 2 2 2 2 2 2 2 2 2 2 2 2 2 2 2
left_child=1 17 3 4 11 -6 7 -5 -8 12 14 -2 13 -4 -11 -14 -12 -1 19 -19 -20 22 -3
right_child=2 21 9 6 5 -7 8 -9 -10 10 16 -13 15 -15 -16 -17 -18 18 20 -21 -22 -23 -24
leaf_value=0.063726805726483857 -0.0076937687654657985 -0.05379238386162441 -0.044900983828012775 0.018765177448507316 -0.015050143588156621 0.0042727840329585083 0.024381116850327976 -0.031781886707279626 0.090015539312092968 0.090382261001278871 0.00010334563763921784 0.033007611675239447 -0.027644180121913067 0.0012789539780444722 0.015978443071404634 0.024345435997376402 -0.0057629996675413395 -0.0090232347452203088 0.074772893128166609 -0.056268967298059407 -0.00097065931816256489 -0.059546336101697829 -0.056730525486513916
leaf_weight=1.5614816601737391 11.695049379719419 1.2338164378888898 9.0158076435327512 43.708696790039539 84.30168618215248 231.96800989995245 11.731981644406916 7.7552927285432807 5.7786898687481871 2.264428528957068 9286.0814223795023 31.054491214919835 44.346334606467281 79.159406433289405 37.873327676847111 3.9656861685216418 292.07797631248832 34.53341914799239 2.0241186669700282 6.5766399167478076 19.728316119115334 1.8368635128717867 1.3434993792325256
leaf_count=11 72 29 47 241 417 1400 67 33 28 17 42842 176 276 475 534 19 1246 557 102 48 263 19 16
internal_value=-1.09568e-06 -0.0101967 6.78292e-05 0.00476032 0.00183125 -0.000877742 0.0200064 0.0111481 0.0460411 -0.000138055 8.96746e-06 0.0218729 -0.0104988 -0.00344289 0.020176 -0.0233766 -7.55437e-05 -0.00698429 -0.00874073 -0.0165814 0.00607747 -0.057081 -0.055324
internal_weight=10251.6 68.8382 10182.8 427.994 359.019 316.27 68.9747 51.464 17.5107 9754.78 9618.3 42.7495 136.487 88.1752 40.1378 48.312 9578.16 64.424 62.8625 41.1101 21.7524 4.41418 2.57732
internal_count=48935 1045 47890 2434 2065 1817 369 274 95 45456 44639 248 817 522 551 295 44088 981 970 605 365 64 45
is_linear=0
shrinkage=0.05


Tree=228
num_leaves=27
num_cat=0
split_feature=4 5 13 29 4 6 42 22 28 36 28 12 14 26 3 16 6 3 26 13 20 14 42 15 40 24
split_gain=2.96783 5.56962 8.58869 7.92766 8.51362 7.45757 7.64956 6.69787 5.84578 6.05946 5.26932 5.22111 5.20971 4.29567 7.79649 5.83762 8.94851 5.95704 5.29777 6.30814 6.84278 5.57605 4.51913 9.50945 5.38652 4.15704
threshold=1.413 -0.14049999999999999 0.44600000000000006 3.2000000000000006 1.5740000000000001 0.40800000000000003 0.29150000000000004 0.48333333333333339 0.18150000000000002 0.61750000000000005 0.22850000000000004 7.5000000000000009 1.3020000000000003 0.72750000000000015 1.2890000000000004 0.25450000000000006 0.49150000000000005 1.6230000000000002 0.71750000000000014 1.3190000000000002 -5.4999999999999991 1.9245000000000003 0.22700000000000004 -0.15199999999999997 0.72050000000000003 2.2225000000000006
decision_type=2 2 2 2 2 2 2 2 2 2 2 2 2 2 2 2 2 2 2 2 2 2 2 2 2 2
left_child=13 5 11 10 -5 8 7 -7 12 -10 -4 -3 -2 18 -15 17 -17 -16 22 21 -21 -20 23 -1 -24 -8
right_child=1 2 3 4 -6 6 25 -9 9 -11 -12 -13 -14 14 15 16 -18 -19 19 20 -22 -23 24 -25 -26 -27
leaf_value=-0.003721881446399069 -0.0029348776530899383 -0.0017617145708948196 -0.00091662170251450995 -0.035496541169289644 0.024088210983239242 -0.021142970472519718 -0.024516181213577633 0.028197423768861835 0.00020514000621988193 0.014278292483845507 0.011065187733241708 -0.075788234183065351 0.033086680872036985 -0.051980814164203505 0.041332528030714119 -0.026969370660889391 0.053074788438697763 -0.0020495629389126555 -0.016620041591862682 -0.096284795771556408 -0.012914097909849482 0.015668520961013854 -0.0034706943953073961 0.0085074438845701445 -9.4446824602903277e-05 0.021137548939810791
leaf_weight=275.62726563974866 16.284976053517312 4.479795682244001 121.06328096822836 21.058781713247303 8.3807203369215113 96.404099869076163 6.3624152471311417 7.4065795876085749 2871.4010027064651 78.580807187652681 379.08366105827736 5.086368627846241 26.16474881907925 4.6318677040799221 9.6945554664125648 4.38261850178242 17.17531261802651 43.064241667161696 51.786329626629595 4.5198642462491989 5.4036073088645917 18.02525399820297 1656.4438898375229 375.54944354637701 4118.8790117956378 23.052428502589464
leaf_count=1362 90 33 606 114 60 459 31 43 13417 401 2025 25 137 27 44 19 77 194 230 20 25 93 7968 1725 19604 106
internal_value=-1.13551e-06 0.00113934 0.00583257 0.00668073 -0.0185342 0.000329792 -0.0112451 -0.0176227 0.000845115 0.000580017 0.00816493 -0.0411219 0.0192677 -0.000635837 0.0109571 0.0148798 0.0368022 0.005922 -0.000776509 -0.0135855 -0.0508871 -0.00828318 -0.000617585 0.00333107 -0.0010628 0.0112627
internal_weight=10250 3664.81 539.153 529.586 29.4395 3125.66 133.226 103.811 2992.43 2949.98 500.147 9.56616 42.4497 6585.18 78.9486 74.3167 21.5579 52.7588 6506.23 79.7351 9.92347 69.8116 6426.5 651.177 5775.32 29.4148
internal_count=48935 17547 2863 2805 174 14684 639 502 14045 13818 2631 58 227 31388 361 334 96 238 31027 368 45 323 30659 3087 27572 137
is_linear=0
shrinkage=0.05


Tree=229
num_leaves=31
num_cat=0
split_feature=17 7 27 8 40 0 3 43 5 15 26 13 18 44 18 24 18 16 24 42 29 40 24 40 11 27 42 39 15 25
split_gain=2.89961 6.69942 6.9945 7.11184 8.35795 7.34752 7.03625 8.92057 8.32783 5.85561 7.18129 6.95346 5.90458 5.65481 4.97686 9.68244 7.73112 10.6193 6.69717 7.55846 8.31712 6.23584 10.971 8.00127 5.81953 6.36344 4.2671 4.23604 2.84771 2.53174
threshold=0.18050000000000002 0.046500000000000007 0.24350000000000002 0.54444444444444462 0.78200000000000014 5.5000000000000009 1.4310000000000003 0.73750000000000016 0.18350000000000002 -1.4914999999999998 0.50550000000000017 1.5965000000000003 0.12222222222222222 0.5465000000000001 0.8500000000000002 2.7975000000000008 0.93333333333333346 0.91300000000000014 1.3720000000000001 0.29150000000000004 2.7925000000000004 0.74250000000000005 4.666500000000001 0.72050000000000003 16.500000000000004 0.25150000000000006 0.26750000000000007 2.5310000000000001 -1.6199999999999999 507.50000000000006
decision_type=2 2 2 2 2 2 2 2 2 2 2 2 2 2 2 2 2 2 2 2 2 2 2 2 2 2 2 2 2 2
left_child=14 9 3 4 -3 -5 7 -4 -8 12 13 -12 27 -11 18 16 26 -18 19 29 -21 23 -23 -20 25 -17 -16 -2 -14 -1
right_child=1 2 6 5 -6 -7 8 -9 -10 10 11 -13 28 -15 15 24 17 -19 21 20 -22 22 -24 -25 -26 -27 -28 -29 -30 -31
leaf_value=-0.058405462198188755 0.043922997944802047 0.0017547662147688382 -0.0018958855642927019 -0.0012736170986353209 -0.012809713157209569 -0.0098117224419414038 0.017353989880571945 0.0041701842226628183 0.0041874617295372119 -0.010257082006766076 0.0034409823533861727 0.053896388706889876 -0.10241720479423669 0.029314480651011596 0.02219948081071348 0.037760053591523485 -0.017999355359665445 0.012257399057492527 -0.0028825187510606743 -0.034216458644236551 0.10909469846797293 -0.0047578637132807515 0.031309339570782517 0.0042781535115899985 0.058870654568524174 -0.11202169893659966 0.0016692861014412864 -0.02975859480377779 -0.041445021456223724 -0.024549266970203331
leaf_weight=7.4624745442415614 2.8043768070638198 2003.706537357888 1252.3323393122992 866.79048909194535 103.59595264132804 355.2442497893062 139.47998625604669 1174.42059272591 864.1737323863199 249.57901293702889 79.846213447977789 7.4670984372496596 3.2196705142268911 9.3668294199742359 57.056922551710159 1.8912858150433742 70.801814511418343 49.117729830992175 816.84109216870274 1.9658536094939325 2.087398180476157 1268.9485750517924 21.440691983298166 746.75644862078479 12.518551521003245 1.1344611137174068 45.487223785195965 6.4077756563201547 4.7259398523019618 21.233499949215911
leaf_count=75 16 9219 5735 3895 488 1580 725 5356 3893 1335 422 39 22 51 260 59 314 780 4069 34 13 6011 259 3692 61 21 209 40 33 229
internal_value=-1.01863e-06 0.00055603 0.000911571 -0.000721019 0.00103877 -0.00375564 0.00249606 0.00103977 0.00601724 -0.00605722 -0.00464441 0.00775597 -0.034569 -0.00882566 -0.00127087 0.00567855 0.00301278 -0.00560652 -0.00184384 -0.024326 0.0395879 -0.00158586 -0.00415858 0.000537337 0.04383 -0.0183985 0.0130926 -0.00732834 -0.0661518 -0.0333537
internal_weight=10247.9 7123.16 6759.74 3329.34 2107.3 1222.03 3430.41 2426.75 1003.65 363.417 346.259 87.3133 17.1578 258.946 3124.74 238.008 222.464 119.92 2886.74 32.7492 4.05325 2853.99 1290.39 1563.6 15.5443 3.02575 102.544 9.21215 7.94561 28.696
internal_count=48935 32849 30891 15182 9707 5475 15709 11091 4618 1958 1847 461 111 1386 16086 1704 1563 1094 14382 351 47 14031 6270 7761 141 80 469 56 55 304
is_linear=0
shrinkage=0.05


Tree=230
num_leaves=24
num_cat=0
split_feature=14 21 19 36 23 23 24 42 26 18 19 59 18 8 21 30 7 25 16 41 8 34 14
split_gain=2.85849 5.21542 3.54485 5.90723 8.55175 8.17545 7.3869 6.83118 6.15946 4.19127 6.77029 8.35207 5.67378 8.99662 5.71771 3.56321 3.50331 3.03704 1.46683 4.97051 0.821588 0.098843 0.0444825
threshold=0.26150000000000007 -6.4999999999999991 2.3170000000000006 0.57100000000000006 -0.71499999999999986 0.16000000000000006 1.9135000000000002 0.28200000000000008 0.11900000000000001 0.74166666666666681 1.1225000000000003 25.500000000000004 0.70000000000000007 0.8500000000000002 -26.499999999999996 1.4755000000000003 0.14050000000000004 508.50000000000006 0.66100000000000014 0.44900000000000007 0.25833333333333336 0.37500000000000006 1.0000000180025095e-35
decision_type=2 2 2 2 2 2 2 2 2 2 2 2 2 2 2 2 2 2 2 2 2 2 2
left_child=1 16 9 5 7 8 -6 -5 -4 12 -11 -12 14 -14 -2 -7 -1 -18 19 -3 -21 -20 -23
right_child=2 18 3 4 6 15 -8 -9 -10 10 11 -13 13 -15 -16 -17 17 -19 21 20 -22 22 -24
leaf_value=-0.038390694571406751 0.011437177288097636 0.12572521485540877 0.026306156996423004 0.013152826094763648 0.089504779743397322 -0.011480237974310394 0.024657404244623954 -0.031581370057494361 0.00011070273386655236 0.044984721268087079 -0.0014679016878251234 -0.014633872668895551 0.0055077490318823996 0.072448717077356506 -0.00022412071758647859 -0.071716251913965592 -0.01208173144397278 0.053315690785585526 -0.078673983504132572 -0.0069073042643068242 -0.058050069490362524 -0.05167860900058148 -0.061183272633245966
leaf_weight=3.0763907791115361 106.39620075374842 0.50484755627257794 25.311414272990078 29.91493223188445 4.960194155573844 4.6261703968048078 38.306552746333182 11.940407355781643 197.83887436543591 7.0483917667297638 568.44833703991026 152.84401159733534 332.89826885185903 5.0960463471710673 8734.8195807666925 5.2313971593976021 3.1066971067339182 4.1424648388056085 0.63321869220817451 1.152508736260643 2.4645411019337189 1.9160624653450211 3.4429467990994453
leaf_count=25 452 31 137 188 23 21 188 81 1175 36 2532 652 1475 23 41155 25 21 37 31 51 151 395 30
internal_value=-9.37492e-07 -0.0186805 3.64004e-05 0.00523162 0.0165042 0.00111353 0.0320916 0.000391144 0.00308199 -0.000130417 -0.00378127 -0.00425781 0.000159266 0.00651704 -8.37873e-05 -0.0434474 0.0063163 0.025289 -0.0441999 -0.0212415 -0.0417543 -0.0599924 -0.057785
internal_weight=10246.1 20.4397 10225.7 318.13 85.1221 233.008 43.2667 41.8553 223.15 9907.55 728.341 721.292 9179.21 337.994 8841.22 9.85757 10.3256 7.24916 10.1141 4.1219 3.61705 5.99223 5.35901
internal_count=48935 772 48163 1838 480 1358 211 269 1312 46325 3220 3184 43105 1498 41607 46 83 58 689 233 202 456 425
is_linear=0
shrinkage=0.05


Tree=231
num_leaves=30
num_cat=0
split_feature=14 15 4 24 17 30 7 4 8 28 17 5 43 1 44 25 23 11 24 15 11 13 17 27 41 43 17 44 41
split_gain=2.8715 8.62125 6.03485 7.96918 6.52416 6.12236 5.89291 7.36415 5.59466 7.10798 6.36627 5.91921 5.88102 6.20208 8.7298 6.13983 8.00049 6.29515 5.58437 5.18576 4.77627 4.67726 17.1472 9.04079 10.5635 5.2752 4.48438 3.95655 4.43355
threshold=1.2155000000000002 0.46300000000000008 2.1705000000000001 2.3020000000000005 0.16350000000000003 1.5200000000000002 0.32700000000000007 1.7805000000000002 0.074999999999999969 0.27500000000000008 0.08900000000000001 1.0000000180025095e-35 0.77300000000000013 30.500000000000004 0.41650000000000004 509.50000000000006 1.1015000000000004 34.500000000000007 1.8745000000000003 -0.46899999999999992 32.500000000000007 1.8870000000000002 0.051500000000000011 0.22350000000000003 0.43900000000000006 0.72450000000000003 0.036500000000000005 0.50300000000000011 0.47950000000000004
decision_type=2 2 2 2 2 2 2 2 2 2 2 2 2 2 2 2 2 2 2 2 2 2 2 2 2 2 2 2 2
left_child=8 2 6 5 -5 -4 18 -8 9 27 20 -12 13 19 -15 17 -17 -14 -2 -10 -11 22 -3 24 -23 -24 -25 28 -1
right_child=1 21 3 4 -6 -7 7 -9 12 10 11 -13 15 14 -16 16 -18 -19 -20 -21 -22 23 25 26 -26 -27 -28 -29 -30
leaf_value=0.00096955379778211289 0.023894172375633568 -0.061974876705115922 0.0092073681322353395 0.0024422924071016983 0.034442476427764816 -0.044430576966038388 0.0023405633943420164 0.021674696596208534 -0.013778992528117831 0.0014735868179113383 -0.011009155305967716 -0.05873396476730406 -0.0084750121747914405 -0.053161463641869834 -0.0040416122939467758 0.0083343498338470604 0.071401607464568806 0.012019220311388341 -0.00096975029846777482 0.00041813419213291799 0.047938588428717663 -0.078033842409471935 0.0086343489178989895 0.034887952100917684 -0.0029962322021313357 0.033087144394161765 0.0093315524343204597 -0.017993087522859601 0.097110689845961995
leaf_weight=1.8415398695506144 22.7069350797683 6.3112450391054145 12.891528362408282 26.320256171457004 40.340112384292297 9.0581160802394134 1104.9931586319581 51.54836839606287 65.886498096369905 31.007999751833268 219.70293261534243 6.6950260475277892 125.77884213344078 9.1272552013397199 1009.2718382105231 273.77201392297138 5.122713482938706 53.368572980165482 4126.1843665413908 2706.7230044329845 6.731271192431449 4.9364010207355014 36.949418567121029 20.21542910579592 94.037450844305567 54.717695578932762 113.75202927505597 2.0695720135117881 3.4375989823020063
leaf_count=37 126 30 62 149 277 43 5214 363 612 589 1026 30 622 39 4341 1281 30 228 19004 13007 29 24 167 163 507 254 624 24 33
internal_value=-9.53315e-07 0.000742865 0.000262277 0.0132032 0.0218075 -0.0129278 4.61408e-05 0.00320231 -0.00094295 -0.00790175 -0.00925121 -0.0124205 -0.000498329 -0.00114491 -0.00448184 0.00485316 0.00949276 -0.00236972 -0.00083367 8.07629e-05 0.0097612 0.00857653 0.0177422 0.00472133 -0.00673879 0.0232306 0.013188 0.0406024 0.0635735
internal_weight=10245.5 5724.96 5394.04 88.61 66.6604 21.9496 5305.43 1156.54 4520.54 271.486 264.137 226.398 4249.05 3791.01 1018.4 458.042 278.895 179.147 4148.89 2772.61 37.7393 330.92 97.9784 232.941 98.9739 91.6671 133.967 7.34871 5.27914
internal_count=48935 27007 25238 531 426 105 24707 5577 21928 1768 1674 1056 20160 17999 4380 2161 1311 850 19130 13619 618 1769 451 1318 531 421 787 94 70
is_linear=0
shrinkage=0.05


Tree=232
num_leaves=24
num_cat=0
split_feature=14 13 2 44 42 7 22 8 29 3 4 35 3 36 9 18 13 6 3 2 26 11 11
split_gain=3.3381 3.08984 3.48843 8.06571 7.30757 4.5799 7.71182 6.53316 3.27999 0.000610645 0.000150201 0.00012447 7.44548e-05 7.28742e-05 5.84893e-05 2.64453e-05 4.72807e-05 2.37514e-05 1.98109e-06 1.44376e-06 1.00499e-06 7.26665e-08 1.16664e-08
threshold=1.0000000180025095e-35 1.0000000180025095e-35 3.5000000000000004 0.55200000000000016 0.32300000000000006 0.044000000000000004 0.63333333333333353 0.93333333333333346 2.3120000000000007 0.96650000000000003 0.25650000000000006 0.69700000000000006 0.26150000000000007 0.52450000000000008 1.4915000000000003 0.93333333333333346 1.3270000000000002 0.93100000000000016 1.0000000180025095e-35 3.5000000000000004 0.23500000000000001 3.5000000000000004 1.0000000180025095e-35
decision_type=2 2 2 2 2 2 2 2 2 2 2 2 2 2 2 2 2 2 2 2 2 2 2
left_child=9 10 3 4 -3 6 -4 -7 -5 12 19 -11 18 17 -13 16 -14 -12 21 22 -17 -1 -2
right_child=1 2 5 8 -6 7 -8 -9 -10 11 13 14 15 -15 -16 20 -18 -19 -20 -21 -22 -23 -24
leaf_value=-0.050035097967759873 -0.050030324173619016 0.0041883427230413666 -0.0064599947617188071 -0.0056637152797972051 -0.045498762884541639 0.00024889976091763453 0.019122613086277437 -0.010538522538652293 0.062589591371468287 -0.05260140236675253 -0.050997109722552385 -0.052115812317943294 -0.050768236574924588 -0.051669753039047299 -0.051342782300982714 -0.05069742796274377 -0.051633156071108077 -0.051484310874127484 -0.05049709781576589 -0.050497020756231373 -0.050536267798011306 -0.050088741456626562 -0.050068968126493932
leaf_weight=0.22659949412263758 0.27009997653658446 425.0436006707605 465.75414854101837 2.2442170730791977 7.5310095520690075 9154.3451718429569 31.44726497749798 142.54041915945709 8.1617481301655044 0.7821305264951659 1.6691288273432294 0.52611931785941124 0.37510265148011945 0.68295890046283592 0.45745220367098227 0.18047710927203298 0.27300370344892144 0.29425784852355708 0.026903790421783924 0.017797074746340513 0.20848027640022337 0.087511254736455157 0.021052743453765288
leaf_count=417 473 3630 2287 18 62 40775 161 632 66 25 122 18 36 35 25 16 11 12 3 2 24 66 19
internal_value=-8.13871e-07 1.50015e-05 2.97585e-05 0.00436973 0.0033233 -0.000166536 -0.00484193 8.35063e-05 0.0478696 -0.051515 -0.0511031 -0.0521306 -0.0507262 -0.0512249 -0.0517563 -0.050937 -0.0511326 -0.0510701 -0.0500853 -0.0500598 -0.050611 -0.05005 -0.0500331
internal_weight=10243.2 10240 10237.1 442.981 432.575 9794.09 497.201 9296.89 10.406 3.14378 2.9553 1.7657 1.37808 2.64635 0.983572 1.03706 0.648106 1.96339 0.341015 0.30895 0.388957 0.314111 0.291153
internal_count=48935 48294 47631 3776 3692 43855 2448 41407 84 641 663 68 573 169 43 87 47 134 486 494 40 483 492
is_linear=0
shrinkage=0.05


Tree=233
num_leaves=24
num_cat=0
split_feature=14 13 2 59 44 4 30 4 24 4 33 24 36 9 18 13 6 2 27 11 22 11 1
split_gain=3.17052 2.93581 3.15087 7.90788 6.42334 4.50638 7.8585 4.97691 0.000524613 0.000129103 0.000106921 6.39648e-05 6.26686e-05 5.02298e-05 2.19704e-05 3.92142e-05 2.03854e-05 1.24208e-06 1.05604e-06 6.25464e-08 2.97773e-08 1.00412e-08 3.91429e-09
threshold=1.0000000180025095e-35 1.0000000180025095e-35 3.5000000000000004 5.5000000000000009 0.50300000000000011 2.6835000000000004 1.4910000000000003 2.5770000000000004 0.97050000000000003 0.25650000000000006 0.30300000000000005 1.0000000180025095e-35 0.52450000000000008 1.4915000000000003 0.93333333333333346 1.4915000000000003 0.93100000000000016 3.5000000000000004 0.22650000000000003 3.5000000000000004 -0.5166666666666665 1.0000000180025095e-35 1.0000000180025095e-35
decision_type=2 2 2 2 2 2 2 2 2 2 2 2 2 2 2 2 2 2 2 2 2 2 2
left_child=8 9 3 4 -3 7 -7 -4 11 17 13 19 16 -10 15 -13 -11 21 -16 22 -21 -2 -1
right_child=1 2 5 -5 -6 6 -8 -9 10 12 -12 14 -14 -15 18 -17 -18 -19 -20 20 -22 -23 -24
leaf_value=-0.050035095891299203 -0.050028844411507817 -0.00065946550084332604 -0.00014249156015556596 0.079090453177564524 0.01222620026617359 0.018669966153013008 -0.048994027053793791 0.04079555534396706 -0.052009984465451069 -0.050947853856272457 -0.052471050785691947 -0.050743539154980359 -0.051586920649616556 -0.051276064088691779 -0.050666498632209636 -0.051546516837737394 -0.051410331840940932 -0.05047257888038096 -0.050498351871156894 -0.050059763272295922 -0.050120690333700452 -0.050065602305201275 -0.05000684685657622
leaf_weight=0.20250216216663774 0.25693445251090397 295.47420846082969 9767.7367188429926 3.4928126415470606 143.77279175969306 6.6928123254328993 11.957611912861465 7.4297799952328196 0.50145278498530366 1.5892207287251952 0.74578714673407376 0.38733715249691136 0.65066742408089329 0.43569389582262374 0.17461488721892238 0.25030004035215825 0.28029934689402569 0.016937092412263155 0.2007122611394152 0.049571175419259816 0.03367912040266674 0.020027301245136186 0.013053136284725042
leaf_count=298 473 2534 43717 23 1219 36 65 37 18 122 25 38 35 25 16 11 12 2 25 45 21 19 119
internal_value=-7.93756e-07 1.42507e-05 2.82881e-05 0.00415411 0.00355823 -0.000158224 -0.0247124 -0.000111376 -0.05144 -0.0510486 -0.0520243 -0.0506905 -0.0511643 -0.0516688 -0.0508801 -0.0510587 -0.0510172 -0.0500569 -0.0505766 -0.0500476 -0.0500844 -0.0500315 -0.0500334
internal_weight=10242.4 10239.4 10236.6 442.74 439.247 9793.82 18.6504 9775.17 2.9947 2.81409 1.68293 1.31177 2.52019 0.937147 1.01296 0.637637 1.86952 0.293899 0.375327 0.298806 0.0832503 0.276962 0.215555
internal_count=48935 48294 47631 3776 3753 43855 101 43754 641 663 68 573 169 43 90 49 134 494 41 483 66 492 417
is_linear=0
shrinkage=0.05


Tree=234
num_leaves=25
num_cat=0
split_feature=14 19 24 5 18 23 30 8 18 36 18 24 8 3 5 3 33 3 9 18 15 3 26 2
split_gain=3.01157 2.82508 5.99912 7.71853 4.16883 12.848 7.9217 6.7901 4.25022 11.1675 7.94601 3.85994 3.46584 3.05227 0.118991 0.000450736 9.18566e-05 5.50324e-05 4.31417e-05 1.95232e-05 3.48368e-05 1.4629e-06 7.43702e-07 5.18677e-08
threshold=1.0000000180025095e-35 2.6570000000000005 2.4285000000000005 0.10150000000000002 0.93333333333333346 -0.3329999999999998 1.5635000000000001 0.59166666666666679 0.8500000000000002 0.60300000000000009 0.74166666666666681 2.0980000000000003 0.51666666666666672 2.2390000000000003 0.66100000000000014 0.96650000000000003 0.30300000000000005 0.26150000000000007 1.4915000000000003 0.93333333333333346 1.3140000000000003 1.0000000180025095e-35 0.23500000000000001 1.5000000000000002
decision_type=2 2 2 2 2 2 2 2 2 2 2 2 2 2 2 2 2 2 2 2 2 2 2 2
left_child=15 4 3 11 8 6 -6 -7 10 -10 -2 -3 -5 14 -4 17 18 21 -17 20 -19 23 -21 -1
right_child=1 2 13 12 5 7 -8 -9 9 -11 -12 -13 -14 -15 -16 16 -18 19 -20 22 -22 -23 -24 -25
leaf_value=-0.050031851963576103 0.00018492246943638271 0.014252165695558393 0.058946931178283861 -0.071453897953381418 -0.0083433285254241787 0.040256088206079989 -0.040540290702951301 -0.016068005734106893 0.0028988908344235948 0.036644645544449503 -0.006423703843905006 -0.035528167257024956 -0.0083436809917902914 -0.014421854225008753 0.072718746992575703 -0.051909575638472732 -0.052347399261787622 -0.050694423145743212 -0.051212718191319409 -0.050630459949155895 -0.051473988163440947 -0.05044906971307174 -0.050484799965209874 -0.050079254553932473
leaf_weight=0.20373258560357432 9243.3782692527748 57.792016337160021 4.3430005630943906 4.2811194509267789 60.565092705190182 16.800634339451793 27.906941473484039 7.8516117408871642 298.40856723487377 26.710906676948071 478.38898874286679 4.1754195466637603 4.4230012111365795 1.5215515245217828 2.45509934425354 0.47789600398391463 0.711048100492917 0.33988423668779433 0.41494455299107358 0.1635178760625422 0.24778517847880721 0.024352430365979671 0.18882447690702975 0.080512947475654073
leaf_count=413 43444 507 100 20 271 74 121 35 1328 124 2198 22 22 16 12 18 25 36 25 16 11 3 24 70
internal_value=-7.59862e-07 1.35508e-05 0.00943275 0.004705 -5.96808e-05 -0.0096045 -0.0184993 0.0223172 4.77904e-05 0.00567135 -0.000140275 0.0108979 -0.0393844 0.0495928 0.0639206 -0.0513688 -0.0519234 -0.0506565 -0.0515857 -0.0508467 -0.0510231 -0.0500771 -0.0505524 -0.0500453
internal_weight=10241.9 10239 78.9912 70.6716 10160 113.124 88.472 24.6522 10046.9 325.119 9721.77 61.9674 8.70412 8.31965 6.7981 2.8525 1.60389 1.24861 0.892841 0.940012 0.587669 0.308598 0.352342 0.284246
internal_count=48935 48294 699 571 47595 501 392 109 47094 1452 45642 529 42 128 112 641 68 573 43 87 47 486 40 483
is_linear=0
shrinkage=0.05


Tree=235
num_leaves=26
num_cat=0
split_feature=14 25 39 3 19 7 14 7 20 28 26 22 25 7 25 22 3 33 3 9 18 15 3 28 11
split_gain=2.8608 2.826 8.52349 7.74257 9.7595 8.2914 7.13823 6.48232 3.99559 10.223 10.5963 7.68971 7.87261 6.4979 6.33859 0.751737 0.000387306 7.89226e-05 4.73141e-05 3.7058e-05 1.67756e-05 2.99067e-05 1.25851e-06 7.40483e-07 4.63351e-08
threshold=1.0000000180025095e-35 513.50000000000011 2.5010000000000003 0.87750000000000006 0.63100000000000012 0.22900000000000004 2.6075000000000004 0.62000000000000011 11.500000000000002 0.49150000000000005 0.38400000000000006 -0.40833333333333327 505.50000000000006 0.22450000000000003 512.50000000000011 0.43055555555555564 0.96650000000000003 0.30300000000000005 0.26150000000000007 1.4915000000000003 0.93333333333333346 1.3140000000000003 1.0000000180025095e-35 0.52900000000000014 3.5000000000000004
decision_type=2 2 2 2 2 2 2 2 2 2 2 2 2 2 2 2 2 2 2 2 2 2 2 2 2
left_child=16 8 3 5 -5 -3 7 -4 11 10 -10 12 -2 -13 -11 -8 18 19 22 -18 21 -20 24 -22 -1
right_child=1 2 6 4 -6 -7 15 -9 9 14 -12 13 -14 -15 -16 -17 17 -19 20 -21 23 -23 -24 -25 -26
leaf_value=-0.05003020642184125 0.011640998903463907 0.024229709685655583 -0.0061930460545401127 0.071891475086246326 0.010602523764434173 -0.037716172319644942 0.08105846240742702 0.047478575470646572 0.038590567876414059 0.00041282286886394436 -0.020429799273180383 -0.0010193490041241822 -0.0063550042195722259 0.001784697375670949 0.026497879581529601 0.039750821559790879 -0.0518142977013109 -0.052230088842399429 -0.050660247559760653 -0.051152569722880736 -0.050454821838892931 -0.051400431617605262 -0.050426996574283872 -0.050603635998989219 -0.05007637359562174
leaf_weight=0.19505450239739663 66.602571919560432 8.1650736313313264 629.5999381900474 6.9543808140151659 98.407264659646899 15.962018229067324 1.9342867622035544 5.6764823216944924 38.194330775528215 337.40788058075123 9.4954554282594454 3883.8919651348551 694.25446184995235 4414.240825087938 25.015576606034301 2.5578804303659126 0.45540355890989281 0.67785068252123892 0.32352048698521685 0.39515988258062862 0.1766584999859333 0.23602934216614813 0.023174632340669632 0.15867553651332855 0.075339846662245691
leaf_count=417 332 41 2963 43 442 75 11 45 206 1561 61 18528 3364 20462 123 37 18 25 36 25 24 11 3 16 66
internal_value=-6.76702e-07 1.29365e-05 -0.00290153 0.00879719 0.0146479 -0.0167525 -0.00526935 -0.00571347 0.000249704 0.00507689 0.0268391 3.11705e-05 -0.0047797 0.00047228 0.00221329 0.0575375 -0.0513012 -0.0518276 -0.0506242 -0.0515069 -0.0508049 -0.0509725 -0.0500734 -0.0505252 -0.0500431
internal_weight=10241.1 10238.4 769.257 129.489 105.362 24.1271 639.769 635.276 9469.1 410.113 47.6898 9058.99 760.857 8298.13 362.423 4.49217 2.71687 1.52841 1.18845 0.850563 0.894884 0.55955 0.293569 0.335334 0.270394
internal_count=48935 48294 3657 601 485 116 3056 3008 44637 1951 267 42686 3696 38990 1684 48 641 68 573 43 87 47 486 40 483
is_linear=0
shrinkage=0.05


Tree=236
num_leaves=24
num_cat=0
split_feature=13 19 26 16 1 23 7 32 4 21 13 15 1 11 23 8 14 19 11 37 30 9 59
split_gain=2.85001 6.55065 6.99196 7.47337 5.53141 5.4023 4.76619 7.42361 6.93882 4.61244 10.5609 10.3299 7.97027 5.81536 7.5162 6.61258 4.29238 12.2309 4.99002 3.66863 4.46933 3.31576 0.119453
threshold=1.0410000000000001 0.65100000000000013 0.61650000000000016 0.093000000000000013 62.500000000000007 1.0555000000000003 0.41300000000000003 0.30700000000000005 1.6035000000000001 16.500000000000004 0.84400000000000008 -0.90699999999999992 60.500000000000007 29.500000000000004 -0.19999999999999993 0.29999999999999999 0.91850000000000021 1.6275000000000002 7.5000000000000009 0.42900000000000005 1.5415000000000003 0.83650000000000013 9.5000000000000018
decision_type=2 2 2 2 2 2 2 2 2 2 2 2 2 2 2 2 2 2 2 2 2 2 2
left_child=4 2 19 -4 9 -6 16 21 -9 13 12 -12 -11 15 -15 -1 17 -3 -18 22 -21 -8 -2
right_child=1 6 3 -5 5 -7 7 8 -10 10 11 -13 -14 14 -16 -17 18 -19 -20 20 -22 -23 -24
leaf_value=0.0031443449917843182 0.060607160381233094 -0.016491296439197087 -0.062752357056681238 0.026426961271502583 0.0042235511534447342 -0.063393476858904022 -0.073952304055376075 0.0083281288296049652 -0.01046881354613363 -0.0037242424329375712 0.027121844995554235 0.0046528722041229284 0.057489469624676021 -0.044328567045773204 -0.0075351693651177377 -0.0027658110172687667 0.0068829921945137333 -0.0007829443614512726 0.00036404290762179887 0.037913869587985066 -0.008250791046448349 -0.01449257876279752 0.074638116147185643
leaf_weight=623.61890678735654 3.8145657209097434 138.50696214521304 4.5784364191349578 4.825009860098362 5.1051421463489515 7.010340079665184 3.8480109646916372 420.33188685087953 55.589708229235839 362.72006619535387 67.355630323290825 212.64826264977455 5.3967167139053336 15.152785561978815 165.28544502705336 1963.111994572766 313.29414459213149 1176.562747389602 4658.8852077964693 16.763358398107815 7.6287078846944487 6.0013375182170421 2.5183993428945541
leaf_count=3171 52 624 39 23 22 31 19 2140 434 1651 284 897 24 76 729 10639 2000 5556 20284 126 70 31 13
internal_value=-6.7821e-07 0.000590938 0.020733 -0.0169935 -0.00117672 -0.0349015 0.000471602 0.00524337 0.00613256 -0.00105708 0.00273966 0.0100578 -0.00282683 -0.00194635 -0.010625 -0.00134097 0.000102921 -0.00243739 0.000774798 0.0322792 0.0234757 -0.0377227 0.0661868
internal_weight=10240.6 6813.15 40.1285 9.40345 3427.41 12.1155 6773.02 485.771 475.922 3415.29 648.121 280.004 368.117 2767.17 180.438 2586.73 6287.25 1315.07 4972.18 30.725 24.3921 9.84935 6.33297
internal_count=48935 31411 323 62 17524 53 31088 2624 2574 17471 2856 1181 1675 14615 805 13810 28464 6180 22284 261 196 50 65
is_linear=0
shrinkage=0.05


Tree=237
num_leaves=30
num_cat=0
split_feature=4 23 28 9 32 26 42 9 9 22 23 10 15 22 17 19 15 40 32 21 32 1 32 19 5 44 44 41 18
split_gain=2.82888 5.42433 10.1622 9.20865 9.58148 8.58316 11.769 7.4053 11.3293 8.56812 7.50468 7.10682 6.5502 6.53053 4.62217 7.88282 17.1945 10.4131 7.05425 6.02925 13.6933 11.0394 9.19162 8.71676 7.88152 5.76802 5.5929 5.16907 4.60553
threshold=0.87750000000000006 0.21400000000000008 0.32350000000000007 2.1865000000000006 0.51400000000000012 0.32000000000000006 0.28600000000000003 1.768 1.7805000000000002 0.16666666666666669 -0.63149999999999984 7.5000000000000009 -0.39649999999999996 -0.19999999999999993 0.23900000000000002 1.6130000000000002 0.6170000000000001 0.72950000000000015 0.30700000000000005 12.500000000000002 0.63000000000000012 29.500000000000004 0.47450000000000003 1.1090000000000002 0.85950000000000004 0.56550000000000011 0.52350000000000019 0.55700000000000016 0.29999999999999999
decision_type=2 2 2 2 2 2 2 2 2 2 2 2 2 2 2 2 2 2 2 2 2 2 2 2 2 2 2 2 2
left_child=1 7 3 12 -5 6 -4 9 -9 13 -11 -10 -3 -1 19 16 18 -18 -16 21 22 26 -21 -23 -22 27 -2 -17 -7
right_child=14 2 5 4 -6 28 -8 8 11 10 -12 -13 -14 -15 15 25 17 -19 -20 20 24 23 -24 -25 -26 -27 -28 -29 -30
leaf_value=-0.011670618156954915 -0.00095141458668537545 -0.011421297865904255 -0.012418803918584633 -0.0035568555302974213 0.015544061115368808 -0.0070455573214875285 0.043864863037122087 0.069879858882126458 0.00050867065472725388 0.039468971163777157 -0.022768991552571425 0.016841012954017891 0.0012997038126175105 0.0066916587184886857 0.012698465015157491 0.0049278561014136444 0.00040304172991962494 -0.048970968873985131 0.00015750979194232483 -0.0026484952864693221 -0.036442974429244171 -0.022218443004002927 0.012266196828688264 -0.0048730571082479125 0.0022417617660868837 -0.051297428465551999 0.0049648537331294365 0.045380705714431292 -0.030851910464822774
leaf_weight=71.303063725481479 2702.349706472276 264.22506300883833 41.54682641493855 141.19946212266223 122.71319004628458 27.723770876880735 11.961998395781846 6.9464997500181189 225.33543542493135 5.1944002136588088 71.703628516417666 94.556737405713648 164.00371258455561 150.88708103305544 116.65170814096928 1174.3156587002741 17.14976875949651 28.30163917131722 2894.1292471745546 157.42952009662986 30.211597070097923 80.100803032517433 300.44281124323606 756.49361691623926 23.336985051631927 4.5349622108042231 468.76053723908262 7.9503257907927027 76.030545756046195
leaf_count=411 13224 1348 321 952 697 228 84 31 1025 25 354 456 753 856 553 5538 86 145 13374 692 127 344 1271 3249 100 22 2272 39 358
internal_value=-6.21749e-07 -0.00202616 -0.00462874 -0.00202184 0.00532462 -0.0161021 0.000163516 0.00150562 0.00670812 -0.0041796 -0.0185649 0.00533634 -0.00654939 0.000799018 0.00034043 0.00152559 0.000182612 -0.0303411 0.000643405 -0.000772323 0.00434017 -0.00142473 0.0071381 -0.00653381 -0.0195838 0.004984 -7.68587e-05 0.00519989 -0.0244907
internal_weight=10237.5 1475.33 849.405 692.141 263.913 157.263 53.5088 625.927 326.839 299.088 76.898 319.892 428.229 222.19 8762.16 4243.03 3056.23 45.4514 3010.78 4519.13 511.421 4007.7 457.872 836.594 53.5486 1186.8 3171.11 1182.27 103.754
internal_count=48935 7899 4741 3750 1649 991 405 3158 1512 1646 379 1481 2101 1267 41036 19757 14158 231 13927 21279 2190 19089 1963 3593 227 5599 15496 5577 586
is_linear=0
shrinkage=0.05


Tree=238
num_leaves=31
num_cat=0
split_feature=42 39 33 42 36 36 31 12 3 17 20 26 28 22 1 16 39 39 14 28 4 5 4 17 44 26 33 3 11 7
split_gain=2.84348 6.26723 8.86815 7.8974 6.60779 8.87272 6.53762 6.47456 6.96083 6.15855 5.91228 8.9571 8.91535 7.09513 5.82473 5.56249 9.53383 5.51534 7.22399 7.14945 6.70736 9.72321 9.2933 5.15578 7.65824 7.05415 5.09296 4.00169 3.67738 3.15411
threshold=0.28600000000000003 2.7315000000000005 0.32950000000000007 0.27750000000000008 0.40250000000000008 0.41350000000000003 0.84150000000000003 29.500000000000004 1.5965000000000003 0.26200000000000007 -9.4999999999999982 0.52900000000000014 0.21300000000000002 0.63333333333333353 25.500000000000004 0.054500000000000007 2.7560000000000007 2.5780000000000007 0.89600000000000013 0.29450000000000004 1.9245000000000003 -1.1404999999999996 1.9425000000000001 0.11650000000000001 0.50550000000000017 0.62850000000000017 0.26400000000000007 1.6545000000000003 14.500000000000002 0.21950000000000003
decision_type=2 2 2 2 2 2 2 2 2 2 2 2 2 2 2 2 2 2 2 2 2 2 2 2 2 2 2 2 2 2
left_child=1 3 4 23 9 -6 14 26 -9 -3 11 15 13 -13 -4 27 -17 18 28 -20 21 -19 -22 24 -1 -25 -5 -2 -12 -14
right_child=10 2 6 7 5 -7 -8 8 -10 -11 17 12 29 -15 -16 16 -18 20 19 -21 22 -23 -24 25 -26 -27 -28 -29 -30 -31
leaf_value=-0.0053674850265664036 0.093264390366612937 -0.05492084879928627 -0.025326295971794546 0.0017569392357023935 0.055633365466731047 -0.0024476714905113826 0.013196722650235483 -0.0039873307250253487 -0.059416690655004371 0.0091785745481019494 -0.08747945353435814 0.0097013809144032813 -0.017382150432114475 -0.014092995804865574 -0.074154963086213749 0.025845051551103046 -0.051934687146282736 -0.0333697932034282 -0.032684308375624728 0.0010362146276910521 0.053896143606808181 -0.00237752514633356 0.0043719403542309054 0.0011893714896914784 0.0053998393795775604 -0.004707083773970719 0.0094298665706653469 0.032226325546348911 -0.029872447698101681 -0.075656762701934596
leaf_weight=822.89050033752574 4.434424040548036 10.615493017510746 15.658021182054659 406.80894233769868 7.1554315636167294 81.129982020851457 6.1041629865940186 23.157402694225315 7.4978409558534613 5.7916595749557009 4.3421612642050587 123.81059647124493 4.621710000705205 41.942656619328773 10.013302043080328 30.932935409247875 4.514837682247161 25.679555574839469 22.333948214305565 53.071467069210485 9.9722028076648694 1744.9955388003327 189.12648559929221 5331.6029532754692 206.60188863010262 560.55676168355421 461.72733750619227 6.8073991134006064 7.6528225690126419 4.666423924267292
leaf_count=4855 32 57 89 1968 33 379 32 99 32 26 28 553 26 238 44 143 20 128 104 247 43 8122 1062 24429 1242 2574 2184 92 33 21
internal_value=-6.5921e-07 0.00044531 -0.0101774 0.000630669 -0.00315544 0.00225973 -0.0333131 0.0050389 -0.0175446 -0.032294 -0.00155786 0.00619937 0.00100921 0.00368039 -0.0443723 0.0256575 0.0159386 -0.00239397 -0.0146845 -0.0089513 -0.00184863 -0.002827 0.00685245 5.79968e-05 -0.00320666 0.000628406 0.00583599 0.0563033 -0.0507261 -0.0466597
internal_weight=10236.2 7957.31 136.468 7820.84 104.693 88.2854 31.7755 899.192 30.6552 16.4072 2278.91 221.731 175.041 165.753 25.6713 46.6896 35.4478 2057.17 87.4004 75.4054 1969.77 1770.68 199.099 6921.65 1029.49 5892.16 868.536 11.2418 11.995 9.28813
internal_count=48935 38043 660 37383 495 412 165 4283 131 83 10892 1125 838 791 133 287 163 9767 412 351 9355 8250 1105 33100 6097 27003 4152 124 61 47
is_linear=0
shrinkage=0.05


Tree=239
num_leaves=25
num_cat=0
split_feature=41 25 1 26 30 36 41 30 4 39 9 8 30 44 4 26 4 40 3 23 4 3 26 26
split_gain=2.77557 8.59424 9.15784 5.34629 6.33157 8.70281 4.5155 7.58163 8.52334 8.52558 7.97768 17.388 9.43043 4.63182 7.87701 12.2813 4.7458 5.22946 4.85747 3.93171 3.42859 3.35057 2.51995 5.48069
threshold=0.41550000000000004 508.50000000000006 21.500000000000004 0.64350000000000007 1.3745000000000001 0.40250000000000008 0.44500000000000006 1.3515000000000004 1.7020000000000002 2.5085000000000002 1.9355000000000002 0.63333333333333341 1.4195000000000002 0.43450000000000005 0.7400000000000001 0.46800000000000003 0.66100000000000014 0.72250000000000003 0.70200000000000007 0.17800000000000002 0.50850000000000006 0.83650000000000013 0.45300000000000007 0.30950000000000005
decision_type=2 2 2 2 2 2 2 2 2 2 2 2 2 2 2 2 2 2 2 2 2 2 2 2
left_child=1 2 19 4 -3 -6 7 8 9 -2 11 -9 -12 14 20 -16 17 -15 -18 21 -8 -1 23 -4
right_child=6 3 22 -5 5 -7 13 10 -10 -11 12 -13 -14 16 15 -17 18 -19 -20 -21 -22 -23 -24 -25
leaf_value=-0.01751572295428885 0.044968150315477941 -0.029964180413464721 0.037574161989317151 -0.029990987299064711 0.093154156510626127 0.021717338449498864 0.017999312090388405 -0.0035421614631306535 -0.045706816373592571 -0.012158070582027544 0.069120713923573704 -0.026865436214165012 0.0038592809518796997 -0.014654338312040813 0.020163050148669589 -0.030652095790016449 -0.0036134361348513378 -0.0016413400803916131 0.00069290484828501238 0.0010356014384605072 0.080695267337487303 -0.075773770928525774 0.044335553714757302 -0.03946885231396724
leaf_weight=3.7016041944007174 21.877759116239762 5.1996479928493491 4.7026158273220044 5.2150669395923606 4.6569847984355865 50.444307240599301 3.5741509688668867 495.16547675248876 4.4984322243835768 9.3107550783315656 5.8418393596366505 95.289966090087546 105.56797823336092 108.23417164307466 44.272998324770015 16.256463703117333 711.33889226592146 269.295008634439 8244.1691228733398 4.07996489125071 5.5927870385348797 7.405640980694443 4.8263862729072562 4.5340092405676842
leaf_count=21 105 28 21 24 24 240 34 2350 25 49 38 421 554 767 234 80 3988 1963 37833 30 28 37 21 20
internal_value=-6.55131e-07 0.0085166 -0.0140183 0.0185775 0.0227779 0.0277549 -8.02533e-05 -0.00384754 0.0186341 0.0279142 -0.00499064 -0.00730616 0.0072813 0.000215253 0.013057 0.00651557 0.000119355 -0.00537205 0.000350851 -0.04094 0.0562504 -0.0563587 0.0150555 -0.000244168
internal_weight=10235.1 94.7662 29.2502 65.516 60.3009 55.1013 10140.3 737.552 35.6869 31.1885 701.865 590.455 111.41 9402.73 69.6964 60.5295 9333.04 377.529 8955.51 15.1872 9.16694 11.1072 14.063 9.23663
internal_count=48935 466 150 316 292 264 48469 3542 179 154 3363 2771 592 44927 376 314 44551 2730 41821 88 62 58 62 41
is_linear=0
shrinkage=0.05


Tree=240
num_leaves=25
num_cat=0
split_feature=17 10 0 14 22 13 0 27 4 44 24 36 40 9 59 9 23 30 41 28 27 42 4 44
split_gain=2.72331 4.6854 4.70901 4.7567 6.73553 4.64748 5.45227 3.83418 3.45066 5.87726 7.86553 7.3048 6.08044 9.4988 7.07331 5.70534 10.8167 8.80033 10.8989 7.16524 7.03626 5.30452 5.01774 1.94254
threshold=0.54000000000000015 4.5000000000000009 8.5000000000000018 1.4525000000000003 0.29999999999999999 0.34150000000000008 10.500000000000002 0.31350000000000006 0.72900000000000009 0.44900000000000007 2.3335000000000004 0.41350000000000003 0.72250000000000003 2.1225000000000005 25.500000000000004 1.8985000000000001 1.0010000000000006 1.429 0.44300000000000006 0.10650000000000001 0.19050000000000003 0.23400000000000001 1.0390000000000004 0.51550000000000018
decision_type=2 2 2 2 2 2 2 2 2 2 2 2 2 2 2 2 2 2 2 2 2 2 2 2
left_child=8 -2 3 7 -5 23 -7 -3 9 10 11 -1 13 -11 -14 16 22 18 -17 -19 -18 -12 -10 -4
right_child=1 2 5 4 -6 6 -8 -9 15 12 21 -13 14 -15 -16 17 20 19 -20 -21 -22 -23 -24 -25
leaf_value=-0.027080862893963477 0.046614690985377107 0.021423383856410946 -0.087298825824028259 0.032957196030912489 -0.038219614060130705 -0.022289115730340467 0.0074503418932437594 -0.041634681852908278 -0.0029013617490127649 -0.022456063232380568 -0.020286750375681069 0.06947608041958335 -0.0031645517813341422 -0.00035012490865571686 0.025714825739272862 0.074131212305652602 -0.033057289479772038 0.025941345389357634 0.011996432416668562 0.0012111859665647345 -0.0077148009456771867 0.015905607276699048 0.00048779401251632191 0.014069620854868271
leaf_weight=2.4977090581669463 6.9505895609036079 61.959005798700673 2.3004074528762426 5.1752963004400945 9.2906546391895954 22.432697094860487 49.241954920580611 2.5082174289491368 1307.3634671945474 105.76413402127218 16.285119093372487 9.0776885685336293 372.88013813730504 89.901576960284729 22.4807904351037 7.4918036428280166 33.156462918967009 30.063894622493535 121.75340462243184 1137.5661574783153 157.47086664522067 26.759879796794849 6632.923304763448 0.59481441283423908
leaf_count=24 37 485 97 111 60 186 292 20 6201 584 96 78 2359 593 102 39 150 132 604 5409 764 156 30334 22
internal_value=-7.98056e-07 0.00646187 0.00464376 0.0131557 -0.0127556 -0.00436624 -0.0018575 0.01897 -0.000103738 -0.00363996 0.0120523 0.0486413 -0.00509018 -0.0122992 -0.00152243 0.000138435 -0.000352796 0.00321826 0.0155981 0.00184793 -0.0121227 0.00221303 -7.02285e-05 -0.066473
internal_weight=10233.9 160.454 153.503 78.9332 14.466 74.5699 71.6747 64.4672 10073.4 645.647 54.6204 11.5754 591.027 195.666 395.361 9427.79 8130.91 1296.88 129.245 1167.63 190.627 43.045 7940.29 2.89522
internal_count=48935 1310 1273 676 171 597 478 505 47625 3992 354 102 3638 1177 2461 43633 37449 6184 643 5541 914 252 36535 119
is_linear=0
shrinkage=0.05


Tree=241
num_leaves=31
num_cat=0
split_feature=42 6 4 7 43 39 33 27 42 36 36 12 3 25 7 3 3 5 3 21 27 4 27 23 27 40 13 13 30 6
split_gain=2.63357 6.44146 5.79425 6.87031 9.07626 5.70886 7.9495 10.382 7.14289 6.01618 7.99584 5.89327 6.28471 5.70008 5.33641 4.86023 9.35475 8.67016 6.21654 5.92536 4.68589 6.53879 5.64671 4.61371 4.48526 6.74877 5.54844 4.42999 3.51663 2.51606
threshold=0.28600000000000003 0.69100000000000006 0.87250000000000016 0.32700000000000007 0.67700000000000016 2.7315000000000005 0.32950000000000007 0.18950000000000003 0.27750000000000008 0.40250000000000008 0.41350000000000003 29.500000000000004 1.5965000000000003 509.50000000000006 0.21950000000000003 2.4045000000000001 2.2545000000000006 1.5100000000000002 2.5085000000000002 3.5000000000000004 0.17000000000000004 1.6810000000000003 0.20250000000000004 1.6035000000000001 0.19250000000000003 0.7965000000000001 1.3550000000000002 1.9650000000000001 1.5315000000000001 0.82700000000000007
decision_type=2 2 2 2 2 2 2 2 2 2 2 2 2 2 2 2 2 2 2 2 2 2 2 2 2 2 2 2 2 2
left_child=5 2 3 13 -5 8 9 -8 24 14 -11 23 -13 -2 -7 16 17 -3 29 -20 21 -4 -22 -10 25 -1 -26 -9 -18 -17
right_child=1 15 20 4 -6 6 7 27 11 10 -12 12 -14 -15 -16 18 28 -19 19 -21 22 -23 -24 -25 26 -27 -28 -29 -30 -31
leaf_value=-0.0034944219565151424 -0.031464451915822443 0.012049344525950297 0.024082957859484926 -0.061024916704823552 0.0047707556498064454 -0.06657302532430924 0.028476385762595272 -0.058635361582723866 0.0052573893182830678 0.052748325125895903 -0.0023668852178715225 -0.0038493698150913686 -0.056479695268629129 -0.0088770253501680146 -0.0079468760715681094 -0.016365314456186542 0.010191360567336178 -0.057969519329899612 -0.055630294006547946 0.020315259970050591 -0.0087670258272201929 -0.0087916850939839062 -0.00068198859850485344 0.04945839806268558 -0.00075954992274602411 -0.049893411933150431 0.0022618233966908365 -0.01363310946278417 0.061661317318944864 -0.071689405011352764
leaf_weight=578.35779338742941 47.475131381303072 69.580752413341543 40.885324612783734 5.6063675254627006 80.529325127030461 6.3936831330065642 5.8744019533041891 18.203183245845143 862.0552788485038 7.1614023909205562 81.129481578420382 23.154798999428753 7.5125768631696692 67.84834359830711 9.8790944106876832 3.9598632678389567 4.4720110520720509 4.72114946367219 3.0983274033642401 15.014078259468077 248.59410783357453 24.007291341258679 1645.0450112433464 5.9444314108404788 3801.7510777714742 7.9446130816359064 2531.1851906814554 7.8169216406531623 12.86739327572286 4.2723858058452606
leaf_count=2727 232 402 180 32 442 37 33 90 4072 33 379 99 32 324 46 21 22 60 83 80 1149 113 7665 80 18333 37 12003 42 63 24
internal_value=-8.56828e-07 -0.00149979 -0.0021212 -0.0101957 0.000488272 0.000428409 -0.00971041 -0.0315615 0.000605378 -0.00304529 0.00210359 0.00479902 -0.0167422 -0.0181756 -0.0309815 0.00987644 0.0153175 0.00760034 -0.00905061 0.00732393 -0.00129064 0.0119208 -0.00174338 0.0055601 6.07096e-05 -0.00412315 0.00044805 -0.0451159 0.0483867 -0.0450775
internal_weight=10232.3 2277.98 2159.99 201.459 86.1357 7954.36 136.458 31.8945 7817.91 104.564 88.2909 898.667 30.6674 115.323 16.2728 117.986 91.6413 74.3019 26.3447 18.1124 1958.53 64.8926 1893.64 868 6919.24 586.302 6332.94 26.0201 17.3394 8.23225
internal_count=48935 10892 10137 1030 474 38043 660 165 37383 495 412 4283 131 556 83 755 547 462 208 163 9107 293 8814 4152 33100 2764 30336 132 85 45
is_linear=0
shrinkage=0.05


Tree=242
num_leaves=25
num_cat=0
split_feature=13 19 15 2 41 13 15 19 13 7 1 19 34 44 3 15 40 23 17 27 10 24 39 35
split_gain=2.64573 5.12653 5.91069 6.38742 7.08966 6.74686 5.13803 9.20153 7.17339 6.71613 4.36368 4.35916 4.86216 4.52738 4.31662 4.10594 9.2368 3.99567 3.92236 2.00688 1.14159 0.846494 2.46342 0.224716
threshold=0.40350000000000003 0.44600000000000006 -1.4914999999999998 3.5000000000000004 0.45350000000000007 1.0440000000000003 -0.98349999999999993 1.0365000000000002 0.85950000000000004 0.15600000000000003 27.500000000000004 0.77550000000000019 0.35900000000000004 0.5415000000000002 2.9500000000000006 -0.93199999999999994 0.71650000000000003 0.14299999999999993 0.44200000000000006 0.30300000000000005 14.500000000000002 1.3720000000000001 2.4010000000000002 0.67050000000000021
decision_type=2 2 2 2 2 2 2 2 2 2 2 2 2 2 2 2 2 2 2 2 2 2 2 2
left_child=11 2 10 4 -4 -5 7 8 -3 -9 14 12 -1 17 -2 16 -8 -14 -17 21 -15 22 -13 -23
right_child=1 6 3 5 -6 -7 15 9 -10 -11 -12 19 13 20 -16 18 -18 -19 -20 -21 -22 23 -24 -25
leaf_value=0.084090863084691519 -0.0073467163970593989 -0.0067255189432357341 -0.029093376102893909 0.0061682905217057106 0.046180842510636359 0.065445940724990881 -0.025324990591204594 -0.060959227885210576 0.0049846950140312735 -0.014018169361002067 0.049789884024804928 0.13805011930176722 -0.068182775145093646 -0.023738944374213759 0.043148605261316843 -0.00014534356673574344 0.020899932067611229 -0.0017695515854717727 0.0042618586175652839 0.019513683805854817 -0.07570020646989141 -0.036485500976990062 -0.056371193125840935 -0.057820178176749115
leaf_weight=1.5173468520515587 83.931054239161313 411.38315684907138 3.624629870173524 113.01914863660932 22.831934308982454 5.0131221637129775 13.311560571193693 11.408435584045945 191.72820436768234 22.946491461247206 3.818839654326438 0.23112265260715315 2.3287129093660033 1.7353238575451531 4.4571041865274301 8649.8911398217897 57.441386125981808 82.456686659250408 536.14037008958985 1.2419725823201577 2.7043452623474877 1.5425603836774824 0.5521658641337126 6.1751896056812257
leaf_count=30 431 1888 50 514 319 36 58 65 901 116 17 4 26 31 160 39513 249 1081 3162 22 31 15 129 87
internal_value=-8.14908e-07 7.92608e-05 0.00735124 0.0136631 0.035868 0.00868596 -9.47036e-05 -0.00443659 -0.00300286 -0.0296062 -0.00253951 -0.00807405 -0.00466164 -0.00617095 -0.00480041 0.000204299 0.0122031 -0.00359365 0.000111882 -0.0398558 -0.0553902 -0.0485295 0.000996135 -0.053556
internal_weight=10231.4 10130.9 236.696 144.489 26.4566 118.032 9894.25 637.466 603.111 34.3549 92.207 100.485 90.7424 89.2251 88.3882 9256.78 70.7529 84.7854 9186.03 9.74301 4.43967 8.50104 0.783289 7.71775
internal_count=48935 47479 1527 919 369 550 45952 2970 2789 181 608 1456 1199 1169 591 42982 307 1107 42675 257 62 235 133 102
is_linear=0
shrinkage=0.05


Tree=243
num_leaves=23
num_cat=0
split_feature=14 19 7 17 24 27 21 33 40 21 18 24 19 23 4 16 18 22 4 4 10 32
split_gain=2.75752 4.02347 5.44487 6.85304 7.30532 5.23932 8.70742 6.77065 4.87538 3.81076 3.74364 7.93753 9.40229 7.79299 12.3175 6.23311 5.63835 3.38546 3.04681 7.81426 0.406232 0.0156717
threshold=0.40450000000000003 2.3170000000000006 0.20950000000000002 0.18650000000000003 1.3335000000000004 0.25750000000000006 -8.4999999999999982 0.22450000000000003 0.74400000000000011 -16.499999999999996 0.56944444444444453 2.7505000000000006 1.651 -0.22199999999999984 2.6835000000000004 0.46900000000000003 0.8500000000000002 0.15000000000000002 0.59650000000000014 0.96650000000000003 5.5000000000000009 0.56350000000000011
decision_type=2 2 2 2 2 2 2 2 2 2 2 2 2 2 2 2 2 2 2 2 2 2
left_child=9 10 5 8 -5 7 -7 -3 -4 -1 13 12 -12 14 -2 -15 -13 18 21 -20 -19 -11
right_child=1 2 3 4 -6 6 -8 -9 -10 17 11 16 -14 15 -16 -17 -18 20 19 -21 -22 -23
leaf_value=0.065020161321618197 0.0036416019063473847 -0.035783382815151185 -0.017918749313703491 -0.027627413182419937 0.022359917905290797 0.067281673136506265 0.010119951679170567 0.011670475333936538 0.0046114972638240078 -0.057931787494661879 -0.0081265782382739359 0.0023245678050164086 -0.00094866318151620417 5.3956127555512373e-05 -0.060563571944336973 -0.0063118958863199286 0.022970252767416967 -0.085816224046863052 0.036204344502793306 -0.01351931397677515 -0.047184582637298959 -0.066195117122430633
leaf_weight=1.6799366623163212 1777.483076941804 8.118792678229509 57.03932814206928 8.7849881183356029 43.503556023351848 10.912016198039057 17.106288466253318 101.35796725179534 41.467677107080817 1.9775518347414611 636.70209348245407 544.78496452700347 1609.4804765202571 4835.8158645793155 7.5015517538413397 417.74993410368916 35.207144156098366 1.3153657047660083 9.0935737136751396 60.267339760117466 1.4099122953448384 0.80831009021130729
leaf_count=8 8137 62 269 47 237 51 155 665 197 146 2805 2575 7195 23242 53 1967 169 11 58 834 29 23
internal_value=-8.017e-07 7.04806e-05 0.00589286 -0.00066856 0.0139616 0.013089 0.0323822 0.0081513 -0.00843438 -0.0094549 -9.96748e-05 -0.00163683 -0.00298331 0.000517535 0.00337177 -0.00045224 0.00357782 -0.0111259 -0.00905952 -0.00700029 -0.0658303 -0.0603294
internal_weight=10229.6 10153 288.291 150.796 52.2885 137.495 28.0183 109.477 98.507 76.552 9864.73 2826.17 2246.18 7038.55 1784.98 5253.57 579.992 74.8721 72.1468 69.3609 2.72528 2.78586
internal_count=48935 47826 1683 750 284 933 206 727 466 1109 46143 12744 10000 33399 8190 25209 2744 1101 1061 892 40 169
is_linear=0
shrinkage=0.05


Tree=244
num_leaves=24
num_cat=0
split_feature=14 3 21 44 36 11 32 15 30 7 11 30 27 19 15 26 44 5 5 23 30 30 5
split_gain=2.71128 5.72155 5.35613 7.05575 6.76212 9.20733 9.18501 4.86949 4.80258 5.56795 4.35484 10.5338 5.60706 4.31367 10.4842 7.89431 5.67315 5.54551 7.42921 6.42195 4.12103 8.35416 1.82882
threshold=0.80400000000000016 2.5085000000000002 -23.499999999999996 0.52350000000000019 0.37050000000000005 55.500000000000007 0.39650000000000007 1.7640000000000002 1.5955000000000001 0.12250000000000001 30.500000000000004 1.3815000000000002 0.30650000000000005 1.9485000000000003 1.0165000000000002 0.59750000000000003 0.49150000000000005 -1.6604999999999996 -1.2454999999999998 -1.5669999999999997 1.5415000000000003 1.5115000000000001 -1.4904999999999997
decision_type=2 2 2 2 2 2 2 2 2 2 2 2 2 2 2 2 2 2 2 2 2 2 2
left_child=1 13 3 4 5 -2 -6 10 9 -5 12 -12 -4 14 15 -1 -16 19 -19 -15 21 -9 -22
right_child=2 -3 7 8 6 -7 -8 20 -10 -11 11 -13 -14 17 16 -17 -18 18 -20 -21 22 -23 -24
leaf_value=-0.0065266201141743448 -0.036862909082342826 0.048966777801964644 0.0003252514110682538 0.081227699547836374 0.056915420247958551 0.039576780020320002 0.0042639672799100114 0.054119552347587085 -0.019073306933344806 0.024055955570275858 -0.015867212943350147 -0.0010564188161469098 0.0070988456248961265 -0.0070218313763397563 -0.063895495939740421 0.028587514921955944 -0.012667863195483096 -0.02283194499992804 0.00050031655813103401 0.05210584125131882 0.011543243774686435 -0.10902035221660465 0.073740332760736008
leaf_weight=343.57662843789512 19.414914265275005 5.3695138189941636 6443.5874618833768 4.8248087912797919 8.6614210009574872 4.9422874748706809 189.69896224141121 1.9924092642031594 5.4778573811054221 36.292491406202316 127.40937145799398 2078.9916078671813 320.72470558746136 8.0615859791287239 11.885285805910828 16.788407359672419 9.9114671978168172 36.439303697145078 535.28999174956698 10.670853340358006 1.5597276838961986 1.2946443557739256 4.8785835849121213
leaf_count=1928 89 29 31058 21 37 22 796 47 24 154 568 8908 1585 238 57 113 48 223 2812 71 56 13 38
internal_value=-7.77478e-07 -0.00250437 0.000263932 0.00721179 0.00351004 -0.0213526 0.006563 5.55743e-05 0.0249055 0.0307646 1.72387e-05 -0.00191167 0.000646416 -0.00278853 -0.00692751 -0.00489075 -0.0406012 -0.000109675 -0.000986771 0.02666 0.0354165 -0.010135 0.0586726
internal_weight=10227.7 977.993 9249.75 269.313 222.718 24.3572 198.36 8980.44 46.5952 41.1173 8970.71 2206.4 6764.31 972.624 382.162 360.365 21.7968 590.462 571.729 18.7324 9.72536 3.28705 6.43831
internal_count=48935 5519 43416 1143 944 111 833 42273 199 175 42119 9476 32643 5490 2146 2041 105 3344 3035 309 154 60 94
is_linear=0
shrinkage=0.05


Tree=245
num_leaves=25
num_cat=0
split_feature=3 2 39 19 14 3 13 39 19 4 16 13 14 25 14 36 10 14 20 3 4 36 0 20
split_gain=3.70129 2.90836 2.6237 8.14736 8.9183 8.65559 3.52532 6.35126 5.28041 0.84139 0.0019538 0.0009546 0.000607723 0.000390174 0.000156494 6.46803e-05 4.36347e-05 3.61e-05 2.15934e-06 1.90098e-06 1.40875e-06 1.02779e-09 3.74819e-10 2.16244e-10
threshold=1.0000000180025095e-35 1.5000000000000002 2.7625000000000006 0.39650000000000007 2.2790000000000004 1.7545000000000002 0.7380000000000001 2.4010000000000002 0.91100000000000014 0.96650000000000003 0.19600000000000004 0.74550000000000016 1.1960000000000002 515.50000000000011 0.64500000000000013 0.44850000000000007 5.5000000000000009 1.0000000180025095e-35 3.5000000000000004 1.9835000000000003 1.9665000000000001 0.56700000000000006 1.5000000000000002 -10.499999999999998
decision_type=2 2 2 2 2 2 2 2 2 2 2 2 2 2 2 2 2 2 2 2 2 2 2 2
left_child=10 9 6 4 -4 -5 7 -3 -8 21 11 13 14 15 17 -1 -16 -12 20 -20 -11 23 -23 -2
right_child=1 2 3 5 -6 -7 8 -9 -10 18 12 -13 -14 -15 16 -17 -18 -19 19 -21 -22 22 -24 -25
leaf_value=-0.053076153414736794 -0.0500259552736146 0.019465790937484739 0.071804537710978694 -0.0096646317845736421 -0.021181602262465439 0.0075825134645543142 0.0035900920581509207 -0.0034463097437954209 -4.6110156725498528e-06 0.050240607968107136 -0.050041735521609114 -0.057180435987319991 -0.052750385838639606 -0.056218990427314014 -0.051821406920173944 -0.051695319908734549 -0.051147762975737948 -0.050768576083960827 0.050330297179890265 0.050106617582443315 0.050096643599886609 -0.050037933244014537 -0.050029247761996298 -0.050022302566808098
leaf_weight=0.41258525953526204 0.080631505697965622 31.256342305568978 7.1147634733351861 283.55881579290144 4.044437799602747 97.846681609051302 1178.30220852606 935.86149894732807 7681.8618089533411 2.084659045562149 0.24026247180881932 0.21924176067113876 0.75696656666696061 0.09889029928308446 0.49618089944124222 0.10674865767578012 0.46629556710831821 0.5911570944590494 1.1185875977389512 0.10380159353371698 0.18500754993874569 0.017479602247476578 0.042925812536850572 0.081446895695989396
leaf_count=66 160 169 40 1289 28 476 5354 5023 34665 459 364 2 21 6 16 72 27 50 179 52 131 24 75 187
internal_value=-7.89915e-07 1.65268e-05 4.49117e-07 -0.00400791 0.0381035 -0.00524001 0.000160569 -0.00270581 0.000473444 0.0442512 -0.0522503 -0.0543457 -0.0515623 -0.0533404 -0.051061 -0.0527923 -0.051495 -0.0505585 0.0502577 0.0503113 0.0502289 -0.0500262 -0.0500318 -0.0500241
internal_weight=10226.9 10223.6 10219.8 392.565 11.1592 381.405 9827.28 967.118 8860.16 3.71454 3.38833 0.837466 2.55086 0.618224 1.7939 0.519334 0.962476 0.83142 3.49206 1.22239 2.26967 0.222484 0.0604054 0.162078
internal_count=48935 48311 47044 1833 68 1765 45211 5192 40019 1267 624 146 478 144 457 138 43 414 821 231 590 446 99 347
is_linear=0
shrinkage=0.05


Tree=246
num_leaves=24
num_cat=0
split_feature=3 41 14 13 7 41 28 1 21 44 32 21 36 5 28 16 13 14 44 14 30 10 14
split_gain=3.51287 2.52957 7.33611 8.05962 4.76158 4.14138 8.24152 16.0436 12.3915 4.18916 7.37748 4.02496 5.07065 3.84552 3.66989 0.00166725 0.000808832 0.000521944 0.000294919 0.000134366 5.33998e-05 3.74045e-05 3.10436e-05
threshold=1.0000000180025095e-35 0.41550000000000004 0.81350000000000011 1.6610000000000003 0.14050000000000004 0.44500000000000006 0.63600000000000012 22.500000000000004 -13.499999999999998 0.43450000000000005 0.62500000000000011 -1.4999999999999998 0.46500000000000008 0.95100000000000007 0.26900000000000007 0.19600000000000004 0.74550000000000016 1.1960000000000002 0.53150000000000019 0.64500000000000013 1.2925000000000002 5.5000000000000009 1.0000000180025095e-35
decision_type=2 2 2 2 2 2 2 2 2 2 2 2 2 2 2 2 2 2 2 2 2 2 2
left_child=15 2 11 14 -5 6 8 -8 -3 10 -7 12 -2 -11 -4 16 18 19 20 22 -1 -21 -17
right_child=1 5 3 4 -6 9 7 -9 -10 13 -12 -13 -14 -15 -16 17 -18 -19 -20 21 -22 -23 -24
leaf_value=-0.053564881680789739 -0.0036710124973270402 0.019965269337001219 0.022334885971465573 0.011092767609719337 0.082365531266760841 0.017779790035226933 -0.0071545203505043288 -0.068466253733354895 -0.0041754444519312367 0.00047878988498918553 -0.03701316520488495 0.01093773294969274 -0.083987384306145232 -0.0028385882039036201 -0.00095511200981976863 -0.050039700232032941 -0.056781556040495146 -0.052612037069076772 -0.055670119100489295 -0.051729938424357219 -0.052365656229703163 -0.051090894127153001 -0.050730698864155932
leaf_weight=0.12419208068604293 3.490910466760397 58.150049336254597 26.956851014430868 3.7509950082749111 6.2446698690764606 62.935919716052013 45.562750786106335 13.932398796081541 619.1121634268784 8345.461780724756 6.8077695765532544 4.3395311459898931 4.4962132293730974 975.72270543119521 45.402471082896227 0.22855379385873698 0.20997708290815353 0.72189449635334302 0.098171463254402624 0.47279535792768002 0.36756802737727412 0.44403532450087368 0.56273528607562184
leaf_count=4 19 253 129 19 29 335 218 61 2960 38510 31 25 22 5482 218 364 2 21 16 16 124 27 50
internal_value=-7.44455e-07 1.57287e-05 0.00815039 0.0135349 0.0556196 -6.03206e-05 -0.00367009 -0.0215123 -0.00210271 0.000222881 0.0124314 -0.0278239 -0.0488837 0.000131533 0.00772138 -0.0521366 -0.0541166 -0.0514848 -0.053168 -0.0510085 -0.0526685 -0.0514204 -0.0505311
internal_weight=10225.6 10222.4 94.6816 82.355 9.99566 10127.7 736.757 59.4951 677.262 9390.93 69.7437 12.3267 7.98712 9321.18 72.3593 3.22992 0.799909 2.43001 0.589932 1.70812 0.49176 0.916831 0.791289
internal_count=48935 48311 461 395 48 47850 3492 279 3213 44358 366 66 41 43992 347 624 146 478 144 457 128 43 414
is_linear=0
shrinkage=0.05


Tree=247
num_leaves=27
num_cat=0
split_feature=3 9 11 41 28 6 24 30 27 5 43 28 4 41 14 4 10 40 27 13 1 12 12 27 17 7
split_gain=2.59502 8.74982 8.09801 7.93384 7.32868 5.9081 6.00799 6.12626 5.85963 5.71202 6.17034 5.17009 5.09029 4.56709 10.6981 12.9295 8.67003 5.05364 9.04228 5.65105 3.99182 4.17688 5.70137 3.44653 2.69939 1.98524
threshold=0.87250000000000016 0.64150000000000007 17.500000000000004 0.55100000000000016 0.72150000000000014 0.43400000000000005 2.1545000000000001 1.4400000000000002 0.19450000000000003 -1.2094999999999998 0.73750000000000016 0.13650000000000004 2.6835000000000004 0.55700000000000016 1.6940000000000002 1.1520000000000001 13.500000000000002 0.75850000000000006 0.24850000000000003 1.8545000000000003 19.500000000000004 14.500000000000002 19.500000000000004 0.28950000000000004 0.29800000000000004 0.42600000000000005
decision_type=2 2 2 2 2 2 2 2 2 2 2 2 2 2 2 2 2 2 2 2 2 2 2 2 2 2
left_child=3 2 4 5 8 11 23 -8 -2 -4 -11 25 -13 17 15 -15 -16 19 -19 -3 21 24 -23 -7 -5 -1
right_child=1 13 9 20 -6 6 7 -9 -10 10 -12 12 -14 14 16 -17 -18 18 -20 -21 -22 22 -24 -25 -26 -27
leaf_value=0.018326490941016474 0.049577928999856739 0.00017552360149118124 -0.010138013833288002 -0.049879153142556261 -0.086313200990633707 -0.057339908551599206 -0.030967229546819509 0.054393683776605209 0.0020077685077125604 0.051328105887977205 0.012492598610746702 -0.00085606806841726434 -0.030597662447561687 -0.0092577721375755855 -0.048277920267721625 0.030912195673548387 0.0078619703184641329 -0.0053557309462051892 0.0019783503194011065 0.0051117682082352407 -0.069821370484703396 0.041410908903897564 -0.027957905881488967 0.011581364747641635 -0.0059599009610034849 0.07389604533613485
leaf_weight=3.5272804153501047 7.0598267777822903 5711.2110386831628 7.9641811400651923 10.910805386287398 2.2078290765639386 11.880381635914093 4.8043258760590088 3.7368053860263899 77.949794168234803 25.877952471375465 16.912512332201004 1794.7857930788232 14.502724536403546 29.453822362265782 12.474688615300694 62.620650177821517 15.327131485741118 1030.4014385316696 709.75412436650367 645.30792269151425 4.5090253651142111 5.3806027770042402 6.589666873216629 2.1407620101526836 5.1499952794401898 2.9526069718667713
leaf_count=29 69 26411 35 61 22 162 33 23 758 117 75 8909 166 136 64 276 76 4816 3300 3237 20 24 29 29 34 24
internal_value=-7.53486e-07 0.000376177 0.0128632 -0.00168397 0.00362258 -0.00125077 -0.0266793 0.00637877 0.00595835 0.0287423 0.0359788 -0.0009348 -0.00109447 0.000166496 0.00985445 0.0180622 -0.017328 2.30596e-05 -0.00236439 0.000676647 -0.0261572 -0.0191335 0.00322318 -0.0468169 -0.0357962 0.0436472
internal_weight=10225.4 8354.52 137.972 1870.87 87.2175 1838.33 22.5623 8.54113 85.0096 50.7546 42.7905 1815.77 1809.29 8216.55 119.876 92.0745 27.8018 8096.67 1740.16 6356.52 32.5401 28.0311 11.9703 14.0211 16.0608 6.47989
internal_count=48935 39392 1076 9543 849 9375 247 56 827 227 192 9128 9075 38316 552 412 140 37764 8116 29648 168 148 53 191 95 53
is_linear=0
shrinkage=0.05


Tree=248
num_leaves=29
num_cat=0
split_feature=14 15 4 44 25 26 8 28 31 17 42 3 2 22 15 5 16 22 9 17 3 15 3 5 32 15 44 41
split_gain=2.58675 7.56496 5.49439 6.88746 7.52583 5.64053 5.14304 6.41124 6.2961 5.82323 5.43465 5.96933 6.46907 6.16876 5.45523 8.0022 7.87407 4.96848 12.6292 6.43816 4.52917 5.85803 5.26585 5.16656 4.50332 4.36718 3.67194 4.05179
threshold=1.2155000000000002 0.46300000000000008 2.1705000000000001 0.47650000000000003 507.50000000000006 0.45300000000000007 0.074999999999999969 0.27500000000000008 0.61350000000000005 0.08900000000000001 0.22700000000000004 1.6450000000000002 24.500000000000004 0.36666666666666664 -0.46899999999999992 1.1455000000000002 0.16350000000000003 0.15000000000000002 1.6170000000000002 0.08900000000000001 0.55800000000000016 0.87750000000000006 0.65100000000000013 -1.3269999999999997 0.60650000000000015 0.59650000000000014 0.50300000000000011 0.47950000000000004
decision_type=2 2 2 2 2 2 2 2 2 2 2 2 2 2 2 2 2 2 2 2 2 2 2 2 2 2 2 2
left_child=6 2 17 4 -4 -5 7 26 25 -10 11 13 -13 -8 15 -12 -16 19 -19 -2 21 23 -22 -3 -24 -9 27 -1
right_child=1 20 3 5 -6 -7 10 8 9 -11 14 12 -14 -15 16 -17 -18 18 -20 -21 22 -23 24 -25 -26 -27 -28 -29
leaf_value=0.00089303238847394408 -0.0056748864064765162 0.044420667136037859 0.027315585400503731 0.014734529618907623 -0.027767591919507228 0.05391890213136076 0.0038592456503773638 -0.050629628381046982 0.011833329256700775 -0.010047201818286734 -0.019451410173723115 0.010925637005645044 0.050542553124524416 -0.023437896248126228 0.019379853544136277 0.035696837484387865 -0.0010809522353531164 -0.0054598667282777175 0.00145314672780092 0.0024750522206911534 0.057120431279065353 -0.061622782938751022 0.011758855573461 -0.027660812693147758 -0.0026631741051620379 0.020676695671440832 -0.017861427471690554 0.093099357408834307
leaf_weight=1.8316404000215687 270.70720296300715 4.3985727690160266 9.5922153356368671 49.501819362281822 17.539252883114386 11.276103017153217 368.95485914516394 13.457533089735081 35.520001632161438 211.28680328345217 69.828162020450691 53.468684962950647 12.764228761196135 21.926801821886329 47.633346648428414 7.2619627151871091 3658.8636161527684 1137.1454805382527 1576.6975263052154 2311.0252160503296 5.6669313460588446 5.1988829374313346 238.17082182900049 5.7171477675437918 70.047039211611263 2.5549175786436527 2.0643370774632785 3.4086073102080263
leaf_count=37 1307 21 52 296 106 77 1730 76 580 977 615 250 56 125 519 59 16806 5122 7913 10365 24 25 1285 29 385 41 24 33
internal_value=-7.2461e-07 0.000706009 0.000256072 0.0126537 -0.00829317 0.0220044 -0.000895759 -0.00758519 -0.00886938 -0.00689819 -0.000469656 0.00467998 0.0185605 0.00232799 -0.00109181 -0.0142564 -0.000818004 5.02657e-05 -0.00144352 0.00162049 0.00806394 -0.0184871 0.00935938 0.00368205 0.00848124 -0.0392521 0.03862 0.0608702
internal_weight=10223.5 5712.68 5383.48 87.9094 27.1315 60.7779 4510.83 270.124 262.819 246.807 4240.7 457.115 66.2329 390.882 3783.59 77.0901 3706.5 5295.58 2713.84 2581.73 329.199 15.3146 313.885 10.1157 308.218 16.0125 7.30458 5.24025
internal_count=48935 27007 25238 531 158 373 21928 1768 1674 1557 20160 2161 306 1855 17999 674 17325 24707 13035 11672 1769 75 1694 50 1670 117 94 70
is_linear=0
shrinkage=0.05


Tree=249
num_leaves=30
num_cat=0
split_feature=18 18 20 23 3 42 4 10 27 17 7 23 13 24 4 27 28 9 23 4 13 15 22 25 13 16 1 21 39
split_gain=2.58645 9.77264 9.0846 8.51181 9.47824 10.376 8.1411 7.86613 8.8279 8.63071 5.43621 6.69023 6.14511 5.33117 10.3721 6.08577 5.21161 8.33541 6.98143 8.9142 6.13238 5.99506 6.52346 5.94473 7.70034 5.18113 4.9918 4.56283 3.61318
threshold=0.36666666666666675 0.29999999999999999 7.5000000000000009 0.93300000000000005 0.93550000000000011 0.28950000000000004 0.7400000000000001 11.500000000000002 0.26850000000000007 0.30900000000000005 0.45250000000000007 -0.92899999999999983 1.4915000000000003 1.9575000000000002 1.6860000000000002 0.20550000000000002 0.11250000000000002 1.5895000000000004 0.16000000000000006 1.1960000000000002 1.3725000000000003 -0.98349999999999993 0.56944444444444453 513.50000000000011 0.93000000000000016 0.18350000000000002 27.500000000000004 26.500000000000004 2.6230000000000007
decision_type=2 2 2 2 2 2 2 2 2 2 2 2 2 2 2 2 2 2 2 2 2 2 2 2 2 2 2 2 2
left_child=1 2 10 4 5 -3 -6 8 -5 -9 11 -1 -12 14 -4 -15 17 18 -2 -20 26 23 27 24 -18 -25 -19 -23 -24
right_child=16 3 13 7 6 -7 -8 9 -10 -11 12 -13 -14 15 -16 -17 21 20 19 -21 -22 22 28 25 -26 -27 -28 -29 -30
leaf_value=-0.044704125931209371 0.035113069547874423 0.0029274980317831214 -0.026869339081034074 -0.0019334866442843981 -0.0091640251673197268 -0.026729842763698504 0.011756038848268908 -0.0042897323262706131 0.059803258206630773 -0.042405118192774954 0.0066216888823811817 -0.001114777909954516 0.057685419300487421 -0.0032421682400160657 0.051733418507308872 0.051871513586240217 -0.018721860662746528 0.060553518306505419 -0.086379318231519175 0.00015486560655624253 -0.0245320921106984 -0.00057142544502421266 -0.049625574409146007 0.0031027024455185432 0.010938895549492639 -0.07332181422871889 0.02084283688044871 0.017727638182061696 0.0027024662800076817
leaf_weight=8.8316297074197774 4.9747370529803474 166.58671938640509 11.605722088483164 31.088675499748206 50.509955320507288 35.836425931745907 586.47277169395238 37.832693598611513 7.1157623101025811 24.450671036727726 132.56744067329055 2695.1142784200783 6.1657870814669868 6.8579471036791828 6.5743996649980536 18.576679361518472 64.458428068086505 11.725879225879906 5.01791989430785 7.3139575719833374 5.1583109981147564 6178.7471576817225 10.484686394222079 3.2649777829647046 33.128009096486494 6.9136920161545277 24.342264518141747 34.254466280341148 4.8132451921701422
leaf_count=44 26 861 54 156 250 191 2874 203 35 122 760 13099 61 30 28 84 340 59 23 32 26 29024 48 18 179 36 103 147 22
internal_value=-6.86744e-07 0.00102757 -0.000414415 0.00545574 0.00710205 -0.00232295 0.0100972 -0.00829642 0.00956528 -0.0192527 -0.000761876 -0.00125715 0.00889114 0.022232 0.00155544 0.0370112 -0.000615943 0.0142352 -0.0148864 -0.0350564 0.0264602 -0.000753139 -0.000550831 -0.0124455 -0.00865282 -0.0488074 0.0337529 -0.000470536 -0.0331614
internal_weight=10220.8 3826.19 2886.29 939.894 839.406 202.423 636.983 100.488 38.2044 62.2834 2842.68 2703.95 138.733 43.6147 18.1801 25.4346 6394.6 58.5331 17.3066 12.3319 41.2265 6336.06 6228.3 107.765 97.5864 10.1787 36.0681 6213 15.2979
internal_count=48935 18852 14160 4692 4176 1052 3124 516 191 325 13964 13143 821 196 82 114 30083 269 81 55 188 29814 29241 573 519 54 162 29171 70
is_linear=0
shrinkage=0.05


Tree=250
num_leaves=31
num_cat=0
split_feature=11 23 40 19 3 9 15 34 6 30 9 7 3 23 22 7 6 4 42 41 27 26 3 40 29 27 40 10 39 34
split_gain=2.55107 5.54882 9.11878 8.47979 8.5315 8.13218 7.46818 7.309 6.35487 8.61259 8.19146 6.76955 5.78034 5.22113 4.9172 4.8986 6.83141 8.46774 10.6575 8.36989 8.34584 8.96146 7.92022 6.01086 7.54364 6.12501 5.85074 7.57625 7.31795 5.71552
threshold=18.500000000000004 0.79249999999999998 0.77450000000000008 1.1775000000000002 1.7805000000000002 1.9635000000000002 -0.80399999999999994 0.48800000000000004 0.68300000000000016 1.6130000000000002 2.2455000000000003 0.042500000000000003 2.2745000000000002 0.35999999999999999 -0.066666666666666638 0.15600000000000003 0.6100000000000001 0.75450000000000006 0.28800000000000003 0.47050000000000003 0.25400000000000006 0.31250000000000006 1.4390000000000003 0.74900000000000011 2.3120000000000007 0.22850000000000004 0.73750000000000016 1.5000000000000002 2.5135000000000001 0.60050000000000014
decision_type=2 2 2 2 2 2 2 2 2 2 2 2 2 2 2 2 2 2 2 2 2 2 2 2 2 2 2 2 2 2
left_child=15 8 5 4 -4 6 -3 -5 10 12 11 -2 -10 -11 -7 23 17 19 -19 -17 21 -18 -22 26 29 -26 27 -1 -28 -25
right_child=1 2 3 7 -6 14 -8 -9 9 13 -12 -13 -14 -15 -16 16 20 18 -20 -21 22 -23 -24 24 25 -27 28 -29 -30 -31
leaf_value=0.030255096835036563 -0.017757035014892456 0.013162122834615479 0.013698443508948211 0.054350300237881434 -0.060014655932606048 0.04896874876996573 -0.016202879746175694 -0.024160038387793098 -0.023574240779765679 0.038944574446318991 0.052888100414757104 4.9387970657903839e-05 0.027284820894971806 -0.011002169679897561 0.0026173679127457963 -0.019249274060301427 -0.034942493020499531 0.003719173562955216 -0.0044717656711377859 -0.00059380560148604346 0.074645003569984311 0.0077556999391837807 0.019412734180560942 -0.035642362626633291 -0.0086498278347786253 0.0035267745539155656 0.041445413751776287 -0.0018891611546708376 0.0061262168271907606 -0.010540185624878516
leaf_weight=18.882665805256693 53.924471154808998 25.649402290582657 4.8288770914077785 4.5533334612846366 20.978371307253838 5.9572697877883902 138.92336645722389 8.4953690469264966 76.428687125444412 11.373529359698297 7.2949482947587958 5247.9650187268853 6.0272959917783728 9.6900888830423337 144.75747964531183 93.819395675718624 13.128620074130593 2079.1115086816135 490.89180538669461 167.40513386829844 7.4726273650303474 192.04141670861281 49.395179528743029 28.448752996948315 195.47466435524984 218.95502648310503 16.361106138065225 627.49714147200575 141.5437416540517 111.75824668235146
leaf_count=174 235 112 21 20 88 26 602 36 331 50 31 22731 29 42 634 574 72 10231 2419 1017 49 948 241 171 1179 1305 103 3881 899 684
internal_value=-6.80193e-07 -0.000694816 -0.00675825 -0.0296128 -0.046222 -0.00394165 -0.0116262 0.00323608 -0.000298096 -0.0125674 -5.88671e-05 -0.000131718 -0.0198566 0.0159671 0.00444949 0.000898422 0.0019977 0.00128286 0.00215464 -0.00729396 0.00972134 0.00502349 0.0266704 -0.00160383 -0.00560827 -0.00221658 0.00115764 -0.000950132 0.00978577 -0.0156336
internal_weight=10219 5766.85 354.143 38.856 25.8072 315.288 164.573 13.0487 5412.7 103.52 5309.18 5301.89 82.456 21.0636 150.715 4452.19 3093.27 2831.23 2570 261.225 262.038 205.17 56.8678 1358.92 554.637 414.43 804.285 646.38 157.905 140.207
internal_count=48935 24988 1539 165 109 1374 714 56 23449 452 22997 22966 360 92 660 23947 15551 14241 12650 1591 1310 1020 290 8396 3339 2484 5057 4055 1002 855
is_linear=0
shrinkage=0.05


Tree=251
num_leaves=25
num_cat=0
split_feature=4 20 23 44 3 23 41 5 19 27 18 23 20 1 41 0 43 25 9 5 36 9 11 24
split_gain=2.52766 7.23026 6.48601 9.74864 8.58851 5.64344 5.16598 4.33704 4.16147 8.15876 5.98935 12.3563 5.5794 4.70284 4.03449 3.82646 3.58112 2.4887 2.78289 4.74009 1.99282 1.67763 1.3173 0.431228
threshold=1.5085000000000002 -9.4999999999999982 1.2540000000000002 0.48200000000000004 1.8775000000000002 0.5880000000000003 0.46450000000000008 -1.0974999999999999 2.4045000000000001 0.29550000000000004 0.93333333333333346 -0.29999999999999988 12.500000000000002 1.5000000000000002 0.46050000000000008 5.5000000000000009 0.74950000000000017 506.50000000000006 1.7755000000000003 0.59650000000000014 0.48150000000000004 0.49150000000000005 8.5000000000000018 1.2565000000000002
decision_type=2 2 2 2 2 2 2 2 2 2 2 2 2 2 2 2 2 2 2 2 2 2 2 2
left_child=7 17 4 20 5 -3 -6 14 10 12 13 -12 -10 -9 -1 -5 -11 -2 22 -20 -4 23 -19 -16
right_child=1 2 3 15 6 -7 -8 8 9 16 11 -13 -14 -15 21 -17 -18 18 19 -21 -22 -23 -24 -25
leaf_value=0.03882025673383363 -0.002292883015911744 0.00034389528534192211 -0.042932324982127297 0.046434616716819442 -0.013117374498263921 0.010662204612690202 0.029110980307727487 0.019235227744222243 0.0079689588279328212 -0.099581448578371146 -0.030929247434235769 0.020654734880357583 0.048047166816555888 -0.00053765733866789752 -0.042233758355744923 -0.018167314910323681 -0.010802271089650298 0.079859959248172685 -0.01832678374277761 0.061003315825857912 -0.093266587510512755 -0.013719021034411633 0.040103863634240733 -0.068887041828542564
leaf_weight=1.7234724684967648 4.391785696148875 2502.9029760254489 3.6132404562085894 3.4437827307265234 8.7722982930135895 139.92382590798661 41.528288093453739 30.196913452748049 110.91898741445038 2.3731430119660208 41.803682863712311 16.072616368532181 9.4214162602438574 7261.9779432670693 2.4447113017085922 6.8544719181954861 2.1787255728850141 4.2049584370106441 4.0792611353099337 3.4974176688701846 4.3145375326275826 3.0397286850347882 4.1301887780427933 4.0014872197061777
leaf_count=16 20 11846 19 23 108 646 434 538 727 28 184 70 55 33945 43 34 20 23 23 37 22 32 19 23
internal_value=-7.09117e-07 0.00130116 0.00107856 -0.0286482 0.00127974 0.000890196 0.0217465 -0.000475754 -0.000429149 0.00862123 -0.000582934 -0.016604 0.0111067 -0.000455778 -0.0315536 0.00343586 -0.0570878 0.0310274 0.0402241 0.0182922 -0.0703258 -0.0443396 0.0601602 -0.0587788
internal_weight=10217.8 2731.66 2711.35 18.226 2693.13 2642.83 50.3006 7486.15 7474.94 124.892 7350.05 57.8763 120.34 7292.17 11.2094 10.2983 4.55187 20.3036 15.9118 7.57668 7.92778 9.48593 8.33515 6.4462
internal_count=48935 13254 13132 98 13034 12492 542 35681 35567 830 34737 254 782 34483 114 57 48 122 102 60 41 98 42 66
is_linear=0
shrinkage=0.05


Tree=252
num_leaves=20
num_cat=0
split_feature=14 21 19 23 8 21 59 27 15 15 26 13 19 15 22 4 4 10 34
split_gain=2.54932 3.39429 3.27279 4.9388 5.07317 4.75079 7.74143 4.43036 3.64059 6.01476 4.29371 4.23183 5.58359 4.51892 3.12798 2.86381 7.06309 0.383236 0.0125862
threshold=0.40450000000000003 -16.499999999999996 2.3170000000000006 0.16000000000000006 0.8500000000000002 -5.4999999999999991 5.5000000000000009 0.29950000000000004 1.6285000000000001 1.8515000000000004 0.13850000000000004 2.2745000000000002 1.5810000000000002 1.1345000000000003 0.15000000000000002 0.59650000000000014 0.96650000000000003 5.5000000000000009 0.43650000000000005
decision_type=2 2 2 2 2 2 2 2 2 2 2 2 2 2 2 2 2 2 2
left_child=1 -1 8 4 7 -5 -7 -4 11 10 -10 13 -13 -2 15 18 -17 -16 -3
right_child=2 14 3 5 -6 6 -8 -9 9 -11 -12 12 -14 -15 17 16 -18 -19 -20
leaf_value=0.060649720619670611 1.2457203387841999e-06 -0.0650087883471622 0.0068488374668871158 0.020134477815744289 0.063704574134936229 0.0090275413411175977 -0.080447987344710314 -0.043444215950321802 0.0021928716357063178 0.018257832649078761 -0.062137271868961542 -0.029123261964560873 0.013824155757226378 -0.0078948899768953151 -0.083653589770447623 0.033996310835341347 -0.013046678345584928 -0.045678769202544899 -0.057443012472567612
leaf_weight=1.7043923065066326 9551.262118527331 0.77623902501545616 264.22580591135193 4.3597696274518958 3.8657566905021659 4.1970746479928476 5.7011726945638657 4.4526676745153955 3.7300880402326611 6.0914130313321939 8.515089098364113 8.2566451005404797 90.732949712313712 184.69836786435917 1.2799373957677738 9.2051046052947623 59.899263945786515 1.3814471475525349 1.8836080418404888
leaf_count=8 44633 23 1565 21 17 24 26 30 17 38 43 90 494 828 11 58 834 29 146
internal_value=-6.52301e-07 -0.00911615 6.77853e-05 0.0053329 0.00683362 -0.0233537 -0.0425084 0.00601536 -8.54677e-05 -0.0223438 -0.0425412 -4.39686e-05 0.0102419 -0.00014855 -0.0107138 -0.00873986 -0.00678028 -0.063942 -0.059651
internal_weight=10216.2 76.13 10140.1 286.802 272.544 14.258 9.89825 268.678 9853.29 18.3366 12.2452 9834.95 98.9896 9735.96 74.4256 71.7642 69.1044 2.66138 2.65985
internal_count=48935 1109 47826 1683 1612 71 50 1595 46143 98 60 46045 584 45461 1101 1061 892 40 169
is_linear=0
shrinkage=0.05


Tree=253
num_leaves=30
num_cat=0
split_feature=9 4 24 7 42 0 25 44 27 5 42 19 23 16 28 40 40 42 17 15 1 25 4 19 32 2 41 40 40
split_gain=2.48201 4.52329 8.49631 8.77925 5.25711 4.29709 3.64085 6.51218 6.39931 7.79573 6.32068 5.74106 4.92309 5.26887 4.86937 5.70483 3.93917 3.35568 6.79207 6.61676 6.41347 4.32617 6.74555 4.14079 3.16716 2.82527 4.02536 1.94705 0.37601
threshold=2.5770000000000004 0.50850000000000006 3.6980000000000008 0.060500000000000005 0.26400000000000007 1.5000000000000002 511.50000000000006 0.45750000000000007 0.25850000000000006 1.4035000000000002 0.24350000000000002 0.82700000000000007 1.6670000000000005 0.26500000000000007 0.18350000000000002 0.70750000000000013 0.74400000000000011 0.25050000000000006 0.35150000000000003 -0.19599999999999998 11.500000000000002 514.50000000000011 1.9110000000000003 0.96100000000000008 0.58750000000000002 7.5000000000000009 0.50700000000000012 0.70750000000000013 0.70750000000000013
decision_type=2 2 2 2 2 2 2 2 2 2 2 2 2 2 2 2 2 2 2 2 2 2 2 2 2 2 2 2 2
left_child=1 2 3 5 -5 -1 10 24 11 -10 14 -9 13 -12 27 -16 -14 18 20 -20 -3 23 -23 -19 28 26 -4 -2 -8
right_child=6 17 25 4 -6 -7 7 8 9 -11 12 -13 16 -15 15 -17 -18 21 19 -21 -22 22 -24 -25 -26 -27 -28 -29 -30
leaf_value=0.029738233004281436 -0.013310325205212409 0.0051996454471312879 -0.043187063349256267 -0.0095038413387895024 0.010303427151820123 -0.060836413323277695 0.068741731049031252 0.024190734180779747 0.024055567730101382 -0.083338963780091188 0.042443106789484653 -0.023541118111640363 -0.029569851298918828 0.012393764156278013 -0.048443737801084269 0.019725633584341991 0.023056819102249118 0.0020157734191890218 -0.00034954956681232884 0.011814071223556828 -0.00086028128492388663 -0.01004573106288157 0.01972287803412277 -0.0010010057596570045 0.00027678446415369478 -0.072368061052215285 0.0051428428151840061 -0.083587715853283145 0.10664847516651162
leaf_weight=1.5330000966787327 1.4951851434889274 554.31275915520382 13.444824334525043 71.236349795661226 63.237322752285763 8.9813085269415733 1.6446431147924152 11.721543306717651 2.3784194880863634 5.8362538990040775 25.277446707594208 13.619080804754047 8.4075627697748114 34.494775297003798 4.2975459273438892 10.736197974998502 6.1616998342215075 1460.063663312234 185.6639718117658 281.04864789239946 2056.288377288729 208.12470394273987 20.945225906849373 5148.012693898665 1.9406024779600555 4.3114058226346961 6.3400114460382602 2.8915715880866628 1.0862898701452648
leaf_count=11 14 2994 85 517 457 135 29 201 40 69 348 73 175 185 59 128 165 6720 887 1423 8977 958 114 24031 13 24 40 40 23
internal_value=-6.16063e-07 -8.97828e-05 -0.0081989 -0.00362968 -0.000189315 -0.0476305 0.00681145 -0.00619421 -0.0138943 -0.0522447 0.0121139 -0.0014623 0.0187491 0.0251015 -0.0132856 0.000238738 -0.00731274 4.85126e-05 0.00141964 0.00697523 0.000426432 -0.000568614 -0.00732381 -0.000334444 0.0491153 -0.0356921 -0.0276998 -0.0596343 0.08382
internal_weight=10215.5 10083.5 169.084 144.988 134.474 10.5143 131.989 38.2268 33.5553 8.21467 93.762 25.3406 74.3415 59.7722 19.4205 15.0337 14.5693 9914.46 3077.31 466.713 2610.6 6837.15 229.07 6608.08 4.67154 24.0962 19.7848 4.38676 2.73093
internal_count=48935 47373 1269 1120 974 146 1562 448 383 109 1114 274 873 533 241 187 340 46104 14281 2310 11971 31823 1072 30751 65 149 125 54 52
is_linear=0
shrinkage=0.05


Tree=254
num_leaves=19
num_cat=0
split_feature=1 35 1 39 31 27 43 9 15 33 28 2 30 23 17 43 15 39
split_gain=2.46267 11.1234 5.10137 6.47624 4.82739 5.59557 5.1426 4.38934 6.71467 4.59097 3.80971 3.02269 10.0325 6.11997 5.88671 4.65858 5.97541 5.73147
threshold=62.500000000000007 0.61350000000000005 57.500000000000007 2.4615000000000005 0.76000000000000012 0.25850000000000006 0.74350000000000016 2.2455000000000003 -0.56099999999999994 0.26400000000000007 0.23750000000000002 26.500000000000004 1.6610000000000003 0.80000000000000027 0.24050000000000002 0.66700000000000015 -1.9689999999999996 2.7625000000000006
decision_type=2 2 2 2 2 2 2 2 2 2 2 2 2 2 2 2 2 2
left_child=2 -2 11 -4 6 -6 -5 9 -9 -3 -10 15 13 -13 -14 16 -1 -17
right_child=1 7 3 4 5 -7 -8 8 10 -11 -12 12 14 -15 -16 17 -18 -19
leaf_value=-0.094411817880894672 0.062186078357257757 -0.0080588675597591791 0.05732869812549022 0.032977994273067246 0.0039144891971599188 -0.050014733507896453 -0.011726615929204556 0.043943909471369641 -0.061942672735363059 -0.070385453934317818 -0.0020820292837339825 -0.00087351119504518117 -0.064264485969588822 -0.01519503766925458 -0.0083093820242041341 0.00039941733064532129 0.013774432375105712 -0.0066068562871125364
leaf_weight=1.2966551508579858 4.1846283078193656 4.7215670049190539 7.3877298086881629 25.422067187726498 30.760631501674652 5.7013965398073188 8.6124522387981397 4.5179964005947104 4.78402031958103 7.8950285762548447 5.980901300907135 1149.9159798622131 10.205086708068849 79.769802525639534 8.7139705866575223 8470.7921875395932 81.432711169421964 302.31611872725261
leaf_count=10 18 20 31 108 131 25 39 20 21 33 25 4912 44 347 40 41216 403 1492
internal_value=-6.96862e-07 -0.0138314 4.28832e-05 0.0127903 0.00812284 -0.00451817 0.0216655 -0.0252332 -0.00721387 -0.0470607 -0.0286846 -5.53727e-05 -0.00235847 -0.00180255 -0.038492 0.000269347 0.0120788 0.000157985
internal_weight=10214.4 32.0841 10182.3 77.8843 70.4965 36.462 34.0345 27.8995 15.2829 12.6166 10.7649 10104.4 1248.6 1229.69 18.9191 8855.84 82.7294 8773.11
internal_count=48935 137 48798 334 303 156 147 119 66 53 46 48464 5343 5259 84 43121 413 42708
is_linear=0
shrinkage=0.05


Tree=255
num_leaves=26
num_cat=0
split_feature=14 19 24 6 40 37 26 16 41 24 59 19 41 39 15 37 5 26 24 19 40 24 17 41 37
split_gain=2.51605 9.94981 6.58081 7.29045 5.27352 5.19299 4.80305 7.16382 8.73289 7.67969 7.01427 4.04673 4.83533 5.18986 4.71456 3.93979 3.88604 3.04961 7.75267 6.21836 6.06707 4.83268 5.20298 2.52362 1.37488
threshold=0.64500000000000013 1.9665000000000001 2.7085000000000004 0.19100000000000003 0.71150000000000013 0.65000000000000013 0.23850000000000002 0.64500000000000013 0.52350000000000019 1.8575000000000002 26.500000000000004 2.6570000000000005 0.44700000000000006 2.5610000000000004 2.0415000000000005 0.55400000000000016 -1.5109999999999999 0.30750000000000005 2.9005000000000005 1.7710000000000001 0.68100000000000016 1.3335000000000004 0.58550000000000002 0.46450000000000008 0.50600000000000012
decision_type=2 2 2 2 2 2 2 2 2 2 2 2 2 2 2 2 2 2 2 2 2 2 2 2 2
left_child=1 2 3 4 -1 -5 10 8 -8 -9 16 17 24 14 -14 -15 -3 18 19 -2 -20 23 -23 -19 -13
right_child=11 6 -4 5 -6 -7 7 9 -10 -11 -12 12 13 15 -16 -17 -18 21 20 -21 -22 22 -24 -25 -26
leaf_value=-0.046232963436210001 -0.001013195710814741 0.023903545721379146 0.045538831470780375 -0.030072725888855747 0.018052741731427898 0.027620219872622462 0.029403860654598147 0.014190527546930605 -0.047173194715965899 -0.016421767073999297 -0.08070550176088459 -0.0091876703393942716 0.069311065690608326 0.019583996896979237 -0.021408618183712091 -0.034725802972063506 -0.0064618500613421344 0.0022730195628510126 -0.048903192899672189 0.0034424157892903248 0.011548045011221702 -0.00065808044177708401 0.014102804284342125 -0.050302501806046812 -0.080000539315608465
leaf_weight=3.9152414243108096 2081.6932685804204 11.535987413430119 4.0023208418861023 73.062077810711344 17.225816471196595 4.1203947095200411 44.76140702952398 40.85700201135478 4.0608255098195505 41.094268020242453 3.0348820617655283 1.3087798529304557 8.0303837701212633 17.528905477141965 1.742946465499698 4.125167408026754 121.58946505715721 3.2969339413684775 4.2324532931670538 1255.2639692081138 214.55365309288027 6184.2347361333377 60.280949346080888 7.4174220217391849 1.4392450266750527
leaf_count=50 9381 184 21 466 222 37 274 463 30 196 16 22 114 231 16 46 724 29 25 5567 1347 28852 540 59 23
internal_value=-6.73007e-07 -0.00405266 -0.0173089 -0.0198672 0.00614728 -0.0269928 0.00102896 0.00787268 0.0230345 -0.00115993 -0.005544 0.000151304 0.0173268 0.0228882 0.0531324 0.00923781 -0.00383054 9.14749e-05 0.00126069 0.000662873 0.0103786 -0.000573155 -0.000515587 -0.0341244 -0.0462751
internal_weight=10214.4 369.26 102.326 98.3235 21.1411 77.1825 266.934 130.774 48.8222 81.9513 136.16 9845.15 34.1754 31.4274 9.77333 21.6541 133.125 9810.97 3555.74 3336.96 218.786 6255.23 6244.52 10.7144 2.74802
internal_count=48935 2683 796 775 272 503 1887 963 304 659 924 46252 452 407 130 277 908 45800 16320 14948 1372 29480 29392 88 45
is_linear=0
shrinkage=0.05


Tree=256
num_leaves=30
num_cat=0
split_feature=24 24 44 41 13 23 23 18 18 6 13 20 11 1 42 4 22 6 4 23 17 44 18 41 43 29 19 26 2
split_gain=2.50489 9.06399 7.76095 9.86507 8.06992 6.99331 8.54369 7.83496 6.8825 6.78774 7.60766 6.67455 5.86874 5.82183 5.05032 4.90009 4.89318 9.23793 12.2016 10.6958 7.56584 8.64739 7.3245 4.5814 4.31062 2.09573 1.16059 3.36598 0.100288
threshold=2.3485000000000005 2.3335000000000004 0.46250000000000008 0.47550000000000003 1.4460000000000002 0.33400000000000002 0.40350000000000003 1.0000000180025095e-35 0.59166666666666679 0.12250000000000001 1.6940000000000002 -1.4999999999999998 14.500000000000002 26.500000000000004 0.25150000000000006 1.4750000000000003 0.074999999999999969 0.35850000000000004 1.0725000000000002 -0.11649999999999998 0.47900000000000004 0.51250000000000007 0.36666666666666675 0.47250000000000003 0.74550000000000016 2.4900000000000007 2.4900000000000007 0.16150000000000003 7.5000000000000009
decision_type=2 2 2 2 2 2 2 2 2 2 2 2 2 2 2 2 2 2 2 2 2 2 2 2 2 2 2 2 2
left_child=1 5 13 4 -4 7 14 -1 -9 10 11 25 -13 24 -7 -5 20 19 -19 -18 22 -22 -11 -8 -3 -2 28 -28 -12
right_child=9 2 3 15 -6 6 23 8 -10 16 26 12 -14 -15 -16 -17 17 18 -20 -21 21 -23 -24 -25 -26 -27 27 -29 -30
leaf_value=-0.05641417411997645 0.080327048320827141 -0.061345735913410276 -0.0061419989283927404 -0.0094140338638352642 0.052796423012046269 -0.0058934689921785674 0.0067469955193186189 0.0020857668637120365 -0.0023346954067312623 0.0076900756775928518 0.055404566148846882 -0.0055550198414225233 0.022424114553328912 -0.082696716313921587 -0.044498225312256556 -0.041125933108894015 0.0051899999347505901 -0.0023485011638458651 0.0040179376108058886 -0.0095657488524588316 0.033412917313297284 -0.0083443827269948003 0.00046821919227338458 -0.014356360875099703 0.007248634337456746 0.021403194053766526 -0.16745759522599046 0.053674329285113467 0.065946633584801906
leaf_weight=6.1881942288018754 3.9796338109299532 4.0114407837390917 15.433172881370412 29.444625029806048 9.3121569119393808 12.661726012825964 50.259388607984874 1777.6288347165919 1744.8523650893585 420.21157567959744 5.5866476789815316 49.884314206428826 30.021297164261341 6.912928342819213 25.601645325310528 20.777093581855297 161.22617087606341 1740.0378842627688 1326.2045814467128 515.39289744035341 38.803553216159344 18.219672430306673 2134.4403276472294 52.668613709538477 5.3382600508630276 2.4306859262287617 0.22463539778255004 0.73565118783153594 3.7840750142931938
leaf_count=35 27 19 74 135 43 65 380 8529 8596 1878 189 317 136 30 128 92 735 8603 6029 2320 246 104 9622 455 26 24 13 62 23
internal_value=-6.83877e-07 -0.00102626 -0.0165941 -0.0098018 0.0160377 -0.000639251 -0.0115508 -0.000202649 -0.000103898 0.000597232 0.0137483 0.00889511 0.00495701 -0.0479053 -0.0317235 -0.0225335 0.000397216 -0.000761778 0.000405097 -0.00604972 0.0020582 0.0200709 0.00165613 -0.00405166 -0.0221814 0.0579841 0.0542969 0.00194596 0.0596617
internal_weight=10212.3 3761.09 91.2297 74.967 24.7453 3669.86 141.191 3528.67 3522.48 6451.18 96.6469 86.3159 79.9056 16.2626 38.2634 50.2217 6354.54 3742.86 3066.24 676.619 2611.68 57.0232 2554.65 102.928 9.3497 6.41032 10.331 0.960287 9.37072
internal_count=48935 18607 419 344 117 18188 1028 17160 17125 30328 791 504 453 75 193 227 29537 17687 14632 3055 11850 350 11500 835 45 51 287 75 212
is_linear=0
shrinkage=0.05


Tree=257
num_leaves=30
num_cat=0
split_feature=3 6 17 25 5 36 17 20 17 17 44 23 21 7 44 42 9 29 16 39 17 31 33 21 6 14 30 43 2
split_gain=2.52105 5.80039 5.32679 7.43911 7.81895 7.082 4.91952 8.98722 5.89303 4.91172 9.08385 8.32405 8.08037 5.52975 7.82124 5.79147 4.21539 7.65873 4.55348 4.25162 3.49123 5.79873 6.35302 3.37874 6.78914 4.53946 3.1744 4.082 0.272134
threshold=0.67300000000000015 0.17500000000000002 0.11900000000000001 512.50000000000011 -1.3954999999999997 0.59100000000000008 0.23200000000000004 2.5000000000000004 0.23900000000000002 0.17300000000000001 0.48200000000000004 -0.86499999999999977 -17.499999999999996 0.26200000000000007 0.44700000000000006 0.23100000000000004 0.20700000000000005 2.7000000000000006 0.49150000000000005 2.5110000000000006 0.58550000000000002 0.59000000000000008 0.26050000000000006 -13.499999999999998 0.064500000000000016 0.60350000000000004 1.4460000000000004 0.74550000000000016 3.5000000000000004
decision_type=2 2 2 2 2 2 2 2 2 2 2 2 2 2 2 2 2 2 2 2 2 2 2 2 2 2 2 2 2
left_child=1 2 3 5 -5 -1 7 -4 -8 10 12 -12 -3 15 -15 -11 17 26 -19 -20 23 -22 -23 24 -18 -25 27 -2 -28
right_child=16 9 6 4 -6 -7 8 -9 -10 13 11 -13 -14 14 -16 -17 20 18 19 -21 21 22 -24 25 -26 -27 28 -29 -30
leaf_value=-0.021384656090412135 -0.0083432654177426572 0.056190093051643034 0.044285043624920181 0.063958742213770778 -0.0073750944346757724 0.040558494462207911 -0.045001594345209624 0.0055180794542186822 0.00010802647266898772 -0.057659593257611365 -0.0082939747152224862 0.038205213281092672 -0.029932209831091586 0.052334337506976442 -0.0083205992485782428 -0.017536890014022304 0.030106446873065951 -0.075136430896538015 -0.057110419500556203 0.025923561628150994 -0.042171315210495476 0.025249866291328263 -0.0020644840854079378 -0.0078006818170802544 0.0021234588168706748 -9.2598720983456785e-05 0.05786132408368188 0.079571199111994589 0.079862458730790203
leaf_weight=70.346264758671168 3.8387596823740768 3.0693640112876919 17.295271892100573 6.231445366167466 10.015968977328155 4.938257977977627 7.4437334835529319 110.25000424962491 264.55645547517088 10.018996353261171 17.410673345206305 21.521984623919707 24.175990848103538 5.8906184136867514 54.365854574702098 87.904026339121629 22.127538926899433 2.1053731739521018 2.0025873839622346 6.6976660223444924 5.0490225443500085 47.32317729544593 38.695016881421907 195.62018732883735 1060.7325281128287 8100.9200173197023 2.0730883314972743 2.0126086052041501 4.3646104857325554
leaf_count=690 41 17 83 68 80 56 33 520 1498 57 113 155 188 32 299 499 104 12 38 156 31 396 396 1097 4522 37593 109 31 21
internal_value=-5.7021e-07 -0.00286276 0.000180285 -0.0106996 0.0199839 -0.0173215 0.00267276 0.0107749 -0.00112647 -0.00952343 0.00191416 0.0174108 -0.02023 -0.0143086 -0.00239103 -0.021642 0.000215125 0.0215507 -0.00915555 0.00681115 0.000163096 0.00990581 0.0129626 6.85009e-05 0.00269527 -0.000274344 0.0485503 0.0218954 0.0727776
internal_weight=10209 715.435 491.077 91.5319 16.2474 75.2845 399.545 127.545 272 224.358 66.178 38.9327 27.2454 158.179 60.2565 97.923 9493.56 23.0947 10.8056 8.70025 9470.47 91.0672 86.0182 9379.4 1082.86 8296.54 12.2891 5.85137 6.4377
internal_count=48935 4388 3028 894 148 746 2134 603 1531 1360 473 268 205 887 331 556 44547 408 206 194 44139 823 792 43316 4626 38690 202 72 130
is_linear=0
shrinkage=0.05


Tree=258
num_leaves=28
num_cat=0
split_feature=21 8 39 24 13 11 15 40 6 14 21 4 13 21 27 23 4 0 42 31 19 7 7 17 14 7 7
split_gain=2.52083 6.57854 11.4886 7.39521 8.32013 8.13984 7.19734 7.13883 6.93671 6.54607 5.94557 4.70115 4.53977 8.15406 11.8752 6.11935 6.88391 8.59033 6.6629 6.22286 5.93408 5.93052 4.85862 8.52818 5.28824 3.28637 2.175
threshold=13.500000000000002 0.59166666666666679 2.4030000000000005 4.0015000000000009 0.68600000000000005 19.500000000000004 -1.2454999999999998 0.79000000000000015 0.46900000000000003 1.6450000000000002 22.500000000000004 1.0680000000000003 1.3550000000000002 9.5000000000000018 0.19250000000000003 -0.80749999999999977 1.2290000000000003 7.5000000000000009 0.25050000000000006 0.7400000000000001 0.31400000000000006 0.34550000000000003 0.43400000000000005 0.064500000000000016 1.3725000000000003 0.27900000000000008 0.39650000000000007
decision_type=2 2 2 2 2 2 2 2 2 2 2 2 2 2 2 2 2 2 2 2 2 2 2 2 2 2 2
left_child=12 2 25 4 9 -6 10 11 -8 -3 -4 -5 15 22 -15 18 17 -17 19 -1 -18 -16 24 -24 -14 -2 -20
right_child=1 3 6 7 5 -7 8 -9 -10 -11 -12 -13 13 14 21 16 20 -19 26 -21 -22 -23 23 -25 -26 -27 -28
leaf_value=-0.02940741977025349 0.088351217358519266 -0.0045115020164810185 -0.035261565821031446 0.011926007609041108 0.0069801122848733611 -0.0038292314856441289 0.016522384957934833 -0.044736617627925433 0.0024133351939339721 -0.028367774029710902 0.017759839175355393 0.043577769017165507 -0.00084627218293413921 -0.049121177462051933 0.01482984126163475 -0.0011660936521033199 0.016857047707101686 -0.0082741253125047844 -0.056958303235054852 0.056014891798081751 2.1518348521397668e-05 0.059046206975383514 -0.015187666488429424 0.011114189005264993 0.0037691919650266904 0.031127308042420129 0.0039352309739889204
leaf_weight=5.0690577079076338 5.0935572832822782 75.369727917015553 18.01096443831921 38.959429677575827 290.82852915674448 434.16436809301376 140.42551121115685 4.3942861557006827 229.47689593583345 46.49329642765224 7.4843511730432501 16.78586184233427 3076.8036252789898 6.9709805250167838 98.377872914075851 1260.2671381980435 53.374945482239127 641.38682216912639 11.887801962700904 3.6796162507089321 2701.1951836789667 8.216842368245123 36.049506862415001 212.42716512130573 777.42335995141184 4.9446799755096436 1.6727568306378078
leaf_count=58 22 386 80 175 1249 1851 606 19 982 228 32 79 14102 31 432 6921 298 3463 190 38 12130 36 231 1332 3921 21 22
internal_value=-6.58359e-07 0.00204493 0.00733958 -0.000321839 -0.00152498 0.000506901 0.0059985 0.0166203 0.00776953 -0.0136132 -0.0196967 0.0214569 -0.000302485 0.000887413 0.0141035 -0.00137481 -0.00124965 -0.00356348 -0.027499 0.00652046 0.000347738 0.0182383 0.000521581 0.00729826 8.46978e-05 0.0601636 -0.0494468
internal_weight=10207.2 1312.43 405.436 906.995 846.856 724.993 395.398 60.1396 369.902 121.863 25.4953 55.7453 8894.8 4216.27 113.566 4678.53 4656.22 1901.65 22.3092 8.74867 2754.57 106.595 4102.7 248.477 3854.23 10.0382 13.5606
internal_count=48935 5730 1743 3987 3714 3100 1700 273 1588 614 112 254 43205 20085 499 23120 22812 10384 308 96 12428 468 19586 1563 18023 43 212
is_linear=0
shrinkage=0.05


Tree=259
num_leaves=27
num_cat=0
split_feature=13 26 6 18 17 59 32 19 15 40 41 37 21 25 15 19 8 7 9 22 24 8 21 13 20 9
split_gain=2.42785 4.49057 5.24472 4.09398 3.94138 3.45028 4.58116 2.84798 6.17793 5.95793 6.02314 5.76617 4.99928 4.29239 4.16586 8.08396 7.50013 5.92164 4.36518 6.40677 5.33987 0.0827234 0.0382618 0.00918245 0.00701687 0.00132457
threshold=0.25850000000000006 0.31500000000000006 0.24550000000000002 0.14999999999999999 0.14050000000000004 7.5000000000000009 0.49000000000000005 0.44600000000000006 -1.4914999999999998 0.70950000000000013 0.48800000000000004 0.59850000000000014 22.500000000000004 513.50000000000011 -0.98349999999999993 1.0365000000000002 1.0000000180025095e-35 0.15600000000000003 2.3770000000000002 0.5916666666666669 2.4445000000000006 0.18333333333333332 3.5000000000000004 1.0000000180025095e-35 -4.4999999999999991 0.98350000000000015
decision_type=2 2 2 2 2 2 2 2 2 2 2 2 2 2 2 2 2 2 2 2 2 2 2 2 2 2
left_child=1 2 22 5 25 6 -3 8 12 11 -11 -10 13 -2 15 16 -9 -17 19 -16 -20 -5 24 -23 -1 -4
right_child=7 3 4 21 -6 -7 -8 14 9 10 -12 -13 -14 -15 18 17 -18 -19 20 -21 -22 23 -24 -25 -26 -27
leaf_value=-0.067019914021060153 -0.0091796920053550373 -0.055102798402054176 -0.057561633578257936 -0.075088868893066624 0.13105176158179249 0.03106839857837361 0.014319418522078218 0.063070412422155581 -0.020616790533342436 0.026182851904129063 0.0055711731184349108 0.048828042761643292 0.049865882617219096 0.02722578882482514 0.0002624028692065537 -0.057052569253422752 -0.003118383766247115 -0.012916762299394159 0.046818387403566558 -0.0067784457691870918 0.0056731173088070339 -0.05121152527715337 -0.084085569468350052 -0.057567068772396174 -0.054566663879742919 -0.051070336868851665
leaf_weight=0.18946094810962677 98.594032985623926 5.5117574066971446 0.11410887539386738 0.69907681205950112 1.4021204491873502 3.7953802805859587 4.1775447034870012 4.309984808554872 22.043697710148994 65.550677048158832 77.168938048009295 3.4580688122659913 4.1303920596837989 8.8210516247199831 8701.9916471917968 11.400221964344381 614.43357857689261 22.796948600094765 8.2039865549886581 335.55262506753206 203.14401426631957 0.64689062431352784 0.24104471504688263 4.6791224733460695 0.28070358186778621 0.25244892167393118
leaf_count=1 645 265 1 18 26 26 234 24 141 406 487 24 19 57 40556 67 2891 117 64 1488 992 158 1 58 58 111
internal_value=-6.77106e-07 -0.0165967 0.0467789 -0.0246523 0.0928882 -0.00934222 -0.0251714 3.5166e-05 0.00501013 0.0110605 0.0150381 -0.0112 -0.00411435 -0.00619003 -0.000105397 -0.00396526 -0.00265733 -0.0276302 0.000167097 9.85036e-07 0.00727027 -0.0589177 -0.0678887 -0.0567951 -0.0595849 -0.0530911
internal_weight=10203.6 21.9897 2.47989 19.5098 1.76868 13.4847 9.6893 10181.6 279.767 168.221 142.72 25.5018 111.545 107.415 9901.83 652.941 618.744 34.1972 9248.89 9037.54 211.348 6.02509 0.711209 5.32601 0.470165 0.366558
internal_count=48935 957 198 759 138 525 499 47978 1779 1058 893 165 721 702 46199 3099 2915 184 43100 42044 1056 234 60 216 59 112
is_linear=0
shrinkage=0.05


Tree=260
num_leaves=23
num_cat=0
split_feature=8 18 24 17 15 11 2 14 5 28 18 31 24 14 27 15 11 11 41 28 41 8
split_gain=2.37202 7.16198 6.79759 6.03036 5.84372 7.3738 5.6106 5.25445 3.95594 7.2061 6.661 8.59276 5.82597 3.55612 3.38765 9.19126 9.95367 5.97189 3.58555 8.24881 4.8009 3.25936
threshold=0.074999999999999969 0.18333333333333332 2.8575000000000004 0.060500000000000005 -0.90699999999999992 26.500000000000004 11.500000000000002 1.8835000000000002 -1.6604999999999996 0.63050000000000017 0.51666666666666672 0.75350000000000017 1.7725000000000002 1.5810000000000002 0.31350000000000006 -0.69799999999999984 36.500000000000007 20.500000000000004 0.44500000000000006 0.13050000000000003 0.47400000000000003 0.25833333333333336
decision_type=2 2 2 2 2 2 2 2 2 2 2 2 2 2 2 2 2 2 2 2 2 2
left_child=1 13 3 6 -4 -6 -3 -5 9 10 11 -2 -11 -1 18 17 -17 -16 19 -10 -20 -12
right_child=8 2 4 7 5 -7 -8 -9 14 12 21 -13 -14 -15 15 16 -18 -19 20 -21 -22 -23
leaf_value=0.0082624044579095012 0.030046398616935123 0.0039530794623904072 -0.011819388446092732 -0.0083865835136904699 0.063040485726954115 -0.02938658298761106 0.051226005623807691 0.028376849713302954 -0.024312724938019264 0.0060301159983993761 0.065269101832653581 -0.05010099057811114 -0.080598829644930425 0.073267121237044291 -0.013501103823998337 0.013421763728467921 -0.038049675612326687 0.022443904593241266 0.001973475034314338 -0.0020573622448022749 -0.00056968312326216336 0.013108902369954163
leaf_weight=4.0218388698995096 10.379029569128763 42.807991301815491 7.3233158290386227 397.54043909186657 10.427050524274817 2.7210359275341025 7.3550025820732108 9.9628841355442983 44.191782854206394 5.4782500448345655 10.971106831828363 4.9339866979862554 3.0056215231306851 4.4118315391242504 76.344004547456279 201.48144828892691 9.8519860878586751 13.615996360778807 2705.969299096867 719.72258696269637 5906.0983622692256 4.1195715248177285
leaf_count=18 70 719 36 1813 115 12 32 43 218 38 72 33 18 23 412 989 46 64 12803 3418 27899 44
internal_value=-7.70239e-07 -0.00340756 -0.00421321 -0.00547408 0.0239753 0.0439124 0.0108843 -0.00748777 0.000169837 0.0160853 0.027455 0.00422221 -0.0246603 0.0422677 0.000105882 0.00532451 0.0110223 -0.00806061 -6.18169e-05 -0.00334482 0.000229394 0.05103
internal_weight=10202.7 486.571 478.138 457.666 20.4714 13.1481 50.163 407.503 9716.16 38.8876 30.4037 15.313 8.48387 8.43367 9677.28 301.293 211.333 89.96 9375.98 763.914 8612.07 15.0907
internal_count=48935 2811 2770 2607 163 127 751 1856 46124 275 219 103 56 41 45849 1511 1035 476 44338 3636 40702 116
is_linear=0
shrinkage=0.05


Tree=261
num_leaves=29
num_cat=0
split_feature=21 22 13 5 29 24 26 16 9 30 24 41 22 41 30 23 9 5 9 28 6 28 33 19 30 28 3 7
split_gain=2.38089 7.24813 6.5484 7.5516 11.4381 9.90072 6.42494 5.81917 8.983 8.544 5.53393 5.13013 4.72368 8.71218 9.34125 7.47319 6.10552 5.71699 7.96815 6.27748 11.2226 7.28032 5.90951 5.68967 4.33199 9.38435 3.00012 1.63248
threshold=13.500000000000002 0.5916666666666669 0.68600000000000005 0.81950000000000001 3.0725000000000002 3.4190000000000005 0.30750000000000005 0.31100000000000005 2.1695000000000007 1.6500000000000001 4.0930000000000009 0.50100000000000011 0.70000000000000018 0.52350000000000019 1.5045000000000002 0.19999999999999998 2.4220000000000002 1.1315000000000002 2.0850000000000004 0.47700000000000004 0.82700000000000007 0.43500000000000005 0.29550000000000004 1.6450000000000002 1.5160000000000002 0.28300000000000003 1.3140000000000003 0.064500000000000016
decision_type=2 2 2 2 2 2 2 2 2 2 2 2 2 2 2 2 2 2 2 2 2 2 2 2 2 2 2 2
left_child=12 6 10 4 -4 -5 26 8 -8 -9 11 -3 17 14 15 -14 -16 18 23 21 -21 -19 -20 -1 25 -15 -2 -26
right_child=1 2 3 5 -6 -7 7 9 -10 -11 -12 -13 13 24 16 -17 -18 19 22 20 -22 -23 -24 -25 27 -27 -28 -29
leaf_value=-0.0014047272684266229 0.016452424204749811 -0.013864572877877174 0.01338461054047003 -0.030975082585806335 -0.039470814338200225 -0.00034025905778059008 0.0037607786908272719 -0.0079817863027927122 0.02155022550849614 0.027444080824083179 0.029446639203241115 -0.046180988551252751 0.10858455695580105 -0.056667778415445402 -0.022877869597000777 0.019754786618112648 0.013851608599094066 -0.0072006937727483334 0.0016038479686721176 -0.073017649907180057 0.026079143697192893 0.024031412278785629 0.017072902669001015 0.0013378548312666121 0.045444808704328682 0.10684711755002714 0.072621725087656339 0.092908000476741942
leaf_weight=5250.2549910240868 4.6852869838476163 43.03381035849452 105.40743171423674 37.395292922854424 11.336495056748388 89.486967772245407 729.34481111913919 165.77545474469662 78.612555852159858 18.967386558651924 5.4682705644518128 17.184733211994171 2.6085065118968513 2.2240636318456368 28.649066963233054 25.649249895708635 18.699471123487456 316.40420568861009 135.25666143844137 8.7752490593120438 4.2362359050021032 19.828287697251653 113.5886474349827 2955.6602824123402 3.0082761594385374 1.4492342839657792 4.8259100317955017 4.5544093251228333
leaf_count=24570 21 223 452 170 48 387 3153 706 351 81 28 90 12 35 133 439 443 1662 705 49 29 116 572 14333 59 28 20 20
internal_value=-7.16835e-07 0.001988 -0.00470276 -0.000925165 0.00825205 -0.00936909 0.00405297 0.00366111 0.00549165 -0.00434464 -0.0187135 -0.0230868 -0.00029408 0.0113101 0.00520495 0.0279548 -0.00837221 -0.000408543 -0.000149586 -0.00667756 -0.040754 -0.00535888 0.0086649 -0.000416886 0.0523911 0.00784411 0.0449523 0.0740281
internal_weight=10202.4 1311.52 309.313 243.626 116.744 126.882 1002.21 992.7 807.957 184.743 65.6868 60.2185 8890.85 86.8423 75.6063 28.2578 47.3485 8804 8454.76 349.244 13.0115 336.232 248.845 8205.92 11.236 3.6733 9.5112 7.56269
internal_count=48935 5730 1398 1057 500 557 4332 4291 3504 787 341 313 43205 1169 1027 451 576 42036 40180 1856 78 1778 1277 38903 142 63 41 79
is_linear=0
shrinkage=0.05


Tree=262
num_leaves=27
num_cat=0
split_feature=41 25 1 28 30 36 22 41 28 1 21 17 17 10 8 24 18 9 25 5 12 5 24 26 42 41
split_gain=2.36933 7.51663 8.21223 6.52748 5.77644 6.60445 4.17397 3.50672 7.53449 14.5014 11.0786 7.9757 7.30994 6.42212 3.47163 6.70741 6.11205 3.69183 12.9806 3.56437 3.4796 2.89925 2.45795 2.75395 2.37264 0.769095
threshold=0.41550000000000004 508.50000000000006 21.500000000000004 0.13650000000000004 1.3745000000000001 0.40250000000000008 1.0000000180025095e-35 0.44500000000000006 0.63600000000000012 22.500000000000004 -13.499999999999998 0.29500000000000004 0.33900000000000002 2.5000000000000004 0.074999999999999969 2.8575000000000004 0.18333333333333332 0.62750000000000006 507.50000000000006 -1.0754999999999997 25.500000000000004 -0.21949999999999997 2.2405000000000004 0.43800000000000006 0.24850000000000003 0.40550000000000003
decision_type=2 2 2 2 2 2 2 2 2 2 2 2 2 2 2 2 2 2 2 2 2 2 2 2 2 2
left_child=1 2 6 -3 -5 -6 25 8 10 13 12 -12 -2 -10 15 16 -9 18 -16 -19 -17 -8 -4 -24 -11 -1
right_child=7 3 22 4 5 -7 21 14 9 24 11 -13 -14 -15 17 20 -18 19 -20 -21 -22 -23 23 -25 -26 -27
leaf_value=-0.045048393756538387 0.026115983183621003 -0.03703818854942538 0.04569870227337286 -0.02891929524170906 0.079956246553269869 0.021000118711368192 0.02453551797858286 0.04114175530332366 0.021759036404150368 -0.084884601884371344 -0.0082624980369597669 0.0034778492943908623 -0.025022157258718692 -0.019203193559219414 -0.0083777037338701836 0.033545560357998064 -0.0061992070910420957 -0.0070416204639532536 0.011120834399957336 0.0003263381968606077 -0.023210936936142693 -0.042006337507356294 -0.026320071018577862 0.026847709821873234 -0.04335911829617374 -0.075453548194313408
leaf_weight=3.6881508768419753 49.998337149620056 5.0954528599977484 4.299612157046794 5.1164464950561515 5.2508482633857048 49.828509631421184 3.2459746822714806 6.9303127825260153 13.69471658405382 7.3187576830387098 386.22357294426183 231.28823764700064 8.1236003190278989 31.759215772995958 123.50778729912417 16.604738639551218 420.44756741249876 167.4338174010627 276.31478633580264 8357.7277665372785 3.2249423861503592 3.3023213674896388 4.8622317016124708 4.8800370097160339 6.4904315918684006 4.7693418618291616
leaf_count=20 218 24 21 28 26 238 17 31 65 32 1886 1120 35 157 655 145 2392 800 1549 39341 14 25 20 21 29 26
internal_value=-7.29539e-07 0.00788642 -0.0132732 0.0173002 0.0218998 0.0266205 -0.0389907 -7.43477e-05 -0.00340029 -0.0204944 -0.00190088 -0.00386517 0.0189685 -0.00686177 0.000186448 -0.00411253 -0.00543153 0.000401858 0.00509761 0.000181632 0.0243151 -0.0090217 0.0142097 0.000312405 -0.0653673 -0.0621944
internal_weight=10201.4 94.3389 29.0477 65.2913 60.1958 55.0794 15.0058 10107.1 734.897 59.2631 675.634 617.512 58.1219 45.4539 9372.19 447.208 427.378 8924.98 399.823 8525.16 19.8297 6.5483 14.0419 9.74227 13.8092 8.45749
internal_count=48935 466 150 316 292 264 88 48469 3542 283 3259 3006 253 222 44927 2582 2423 42345 2204 40141 159 42 62 41 61 46
is_linear=0
shrinkage=0.05


Tree=263
num_leaves=21
num_cat=0
split_feature=24 42 27 32 31 22 23 17 31 30 21 19 21 4 2 44 18 32 11 1
split_gain=2.34026 4.07881 4.00237 4.03064 4.53005 3.73159 4.37112 2.64965 4.55873 5.98728 6.17382 4.00364 3.73062 2.82943 2.84093 6.41478 4.60847 1.56212 0.000162539 9.35127e-05
threshold=1.0210000000000001 0.21000000000000002 0.29300000000000004 0.39950000000000008 0.7895000000000002 -0.23611111111111102 -0.75649999999999984 0.58550000000000002 0.59450000000000014 1.4645000000000004 6.5000000000000009 0.63100000000000012 1.0000000180025095e-35 1.0000000180025095e-35 3.5000000000000004 0.49900000000000005 0.93333333333333346 0.35000000000000003 6.5000000000000009 3.5000000000000004
decision_type=2 2 2 2 2 2 2 2 2 2 2 2 2 2 2 2 2 2 2 2
left_child=1 -1 3 17 -5 6 -4 13 12 10 -10 -11 -9 18 15 -15 -16 -3 19 -2
right_child=7 2 5 4 -6 -7 -8 8 9 11 -12 -13 -14 14 16 -17 -18 -19 -20 -21
leaf_value=0.057880082649367351 -0.050024708296132404 -0.0073354589759850354 -0.019777806391358468 0.0011260909464070347 -0.034705906715427497 -0.046596502848257698 0.085444589301383517 0.011693007792866885 0.019790879199532201 -0.045005871415824156 0.084829851757250607 0.0051365485979251507 -0.058738932185968276 -0.00095040740124936447 -4.8224075035839498e-05 0.012523417661105646 -0.009406525654155666 -0.054499896196616375 -0.052473947399704235 -0.051132653853261614
leaf_weight=2.1440473189031755 0.20778193254955102 2.2315051315345036 1.4983754709828638 29.094155189795856 12.658356487749186 1.3109708379161009 2.8919785714315371 3.241973267926368 30.072880736435764 4.2579222433269015 4.1526094228029242 61.19500055158278 4.4756431058049202 227.78233860002365 9524.9519669865258 144.2961898050271 133.39584910497069 8.2319668387644906 0.21472367644309986 2.2827336582413409
leaf_count=38 446 48 51 521 232 40 36 27 240 24 20 577 23 1844 42640 1173 601 174 6 174
internal_value=-7.69721e-07 -0.00984139 -0.0123484 -0.0166916 -0.00973731 0.0274292 0.0495334 5.75153e-05 0.00786945 0.0107359 0.0276821 0.00187462 -0.0291523 -2.61047e-05 -1.23153e-05 0.00427489 -0.000177476 -0.0444413 -0.051154 -0.0510402
internal_weight=10200.6 60.0614 57.9173 52.216 41.7525 5.70132 4.39035 10140.5 107.396 99.6784 34.2255 65.4529 7.71762 10033.1 10030.4 372.079 9658.35 10.4635 2.70524 2.49052
internal_count=48935 1140 1102 975 753 127 87 47795 911 861 260 601 50 46884 46258 3017 43241 222 626 620
is_linear=0
shrinkage=0.05


Tree=264
num_leaves=22
num_cat=0
split_feature=3 13 43 27 40 39 16 14 23 39 16 13 41 16 13 14 25 14 30 14 18
split_gain=3.29019 2.31965 4.08351 4.96706 5.16208 4.37589 3.74786 5.794 7.22779 5.78843 3.73348 3.57074 2.19317 0.00150511 0.000796033 0.000444557 0.000221224 0.000111123 6.00424e-05 2.56927e-05 1.63047e-05
threshold=1.0000000180025095e-35 0.40350000000000003 0.71550000000000014 0.33300000000000007 0.78000000000000014 2.7625000000000006 0.036500000000000005 2.0930000000000004 0.63650000000000018 2.7065000000000006 0.044000000000000004 0.50850000000000006 0.47700000000000004 0.19600000000000004 0.74550000000000016 1.1960000000000002 515.50000000000011 0.64500000000000013 1.2925000000000002 1.0000000180025095e-35 0.63333333333333341
decision_type=2 2 2 2 2 2 2 2 2 2 2 2 2 2 2 2 2 2 2 2 2
left_child=13 2 5 4 -4 12 7 8 -3 -9 -8 -12 -2 14 16 17 18 19 -1 -15 -19
right_child=1 6 3 -5 -6 -7 10 9 -10 -11 11 -13 -14 15 -16 -17 -18 20 -20 -21 -22
leaf_value=-0.053518254508472023 -0.0018296232447890109 0.00087593827562959146 -0.0072465933092936479 0.078863107152486595 0.055085901659105499 0.028417137784541052 -0.040759034329420296 0.00054023062711785759 0.020328913309001662 -0.035494430796616475 -0.010105842500992179 4.0222170926313707e-05 -0.046738436068471417 -0.050037465369913818 -0.05663209573437742 -0.052481622045074297 -0.055310049900408997 -0.051110146921566249 -0.052234037773372238 -0.050690624108640274 -0.051547312366795509
leaf_weight=0.12315464566927348 3.4049300244369141 94.438690011331346 73.928613648487953 1.8315135911980167 3.4777655560174017 2.9391335489344774 5.6354313194751731 77.112867965246551 96.58534818328917 13.027188792708328 87.497194768919144 9723.2936396099976 13.487804884745854 0.21159172089392109 0.20607832074165344 0.67975261900573958 0.087225386352656642 0.40411732951179147 0.34878275920345914 0.5219927920261398 0.45166698284447193
leaf_count=5 32 807 995 16 50 35 25 620 670 107 573 44188 193 364 2 21 6 25 133 50 18
internal_value=-7.9983e-07 1.46916e-05 -0.00759892 -0.00252046 -0.00444608 -0.0278898 8.93904e-05 0.00578119 0.0107117 -0.00466756 -7.36353e-05 -5.02652e-05 -0.0376865 -0.0520582 -0.0539757 -0.0514115 -0.0529967 -0.0509538 -0.0525692 -0.0505022 -0.0513409
internal_weight=10199.7 10196.7 99.0698 79.2379 77.4064 19.8319 10097.6 281.164 191.024 90.1401 9816.43 9810.79 16.8927 3.03436 0.765241 2.26912 0.559163 1.58937 0.471937 0.733585 0.855784
internal_count=48935 48311 1321 1061 1045 260 46990 2204 1477 727 44786 44761 225 624 146 478 144 457 138 414 43
is_linear=0
shrinkage=0.05


Tree=265
num_leaves=23
num_cat=0
split_feature=4 36 18 59 37 3 27 3 19 13 18 25 20 15 17 1 44 5 40 43 36 13
split_gain=2.33061 4.35011 4.29387 8.20202 3.99928 3.77814 3.67048 2.87178 6.46746 4.97513 3.19762 5.75791 4.82486 2.81646 4.07939 2.16962 2.0093 0.925124 0.908805 0.392997 0.0647548 0.00817811
threshold=0.46450000000000008 0.36650000000000005 1.0000000180025095e-35 4.5000000000000009 0.36000000000000004 3.0625000000000004 0.28950000000000004 2.8090000000000006 0.25650000000000006 1.4260000000000004 0.074999999999999969 505.50000000000006 -7.4999999999999991 -1.5109999999999999 0.32700000000000007 8.5000000000000018 0.45150000000000007 0.84800000000000009 0.74900000000000011 0.68900000000000006 0.33300000000000007 0.98350000000000015
decision_type=2 2 2 2 2 2 2 2 2 2 2 2 2 2 2 2 2 2 2 2 2 2
left_child=1 17 3 15 -4 7 -6 10 19 -10 11 -2 -12 14 16 -3 -7 -1 -15 -9 -19 -22
right_child=5 2 4 -5 6 13 -8 8 9 -11 12 -13 -14 18 -16 -17 -18 20 -20 -21 21 -23
leaf_value=-0.02000929299970107 -0.022256755548289531 -0.040460591347628666 0.055080941906588778 0.11754131415799168 -0.01207841378430451 -0.054574987770337563 0.022685526702020401 0.0021294881059566468 -0.056977058891038317 0.0002688985080500287 0.0031058315861379636 -0.0022158563777677641 -0.00015417023140979521 0.068311655786264774 -0.070455582957671611 0.043825782850174903 0.05854420561360521 -0.072798347088524284 0.030104206348586727 0.059270986064747323 -0.056062662653283149 -0.061246482098653944
leaf_weight=1.9600012206828967 38.510114383185282 2.1076112768787421 2.502589232986792 2.0416051705251448 84.887862699160905 0.49034811719320748 8.3387073318517633 0.34545270353555979 8.7861276995390636 6.6816821624524882 1317.5740232393146 516.94348467304371 8189.9841944996879 3.4729641899466497 1.4199148043990137 1.1971956891939042 1.9685988000710493 0.99740664029377502 2.8202417470747605 2.333271681854967 1.8632687431672823 1.2859323062002657
leaf_count=39 189 409 17 13 753 5 87 8 48 64 5952 2558 38451 24 7 15 82 22 23 106 53 10
internal_value=-8.27228e-07 -0.00733497 -0.00485906 0.0387486 -0.00729452 7.70703e-05 -0.00896893 4.63388e-05 -0.0198264 -0.0322483 8.21751e-05 -0.00360531 0.000297607 0.030534 -0.00297809 -0.0099271 0.0359867 -0.0483159 0.0511893 0.0519019 -0.0616958 -0.0581794
internal_weight=10198.5 107.182 101.076 5.34641 95.7292 10091.3 93.2266 10081.2 18.1465 15.4678 10063 555.454 9507.56 10.1721 3.87886 3.30481 2.45895 6.10661 6.29321 2.67872 4.14661 3.1492
internal_count=48935 1418 1294 437 857 47517 840 47376 226 112 47150 2747 44403 141 94 424 87 124 47 114 85 63
is_linear=0
shrinkage=0.05


Tree=266
num_leaves=28
num_cat=0
split_feature=42 23 5 13 18 36 33 24 30 42 18 20 28 1 23 43 23 19 59 28 14 14 19 39 40 10 19
split_gain=2.27672 5.07788 4.74054 4.25346 8.18532 10.6789 6.88004 7.91347 6.3301 5.59304 4.20409 6.96682 8.25253 8.96356 7.18173 6.049 7.81669 5.02966 8.7013 6.82134 6.21245 6.82045 6.67165 3.24306 2.93029 4.59374 3.36802
threshold=0.25050000000000006 1.6035000000000001 1.1315000000000002 1.7545000000000002 0.76388888888888895 0.5655 0.35250000000000004 2.0010000000000003 1.4880000000000002 0.24850000000000003 0.36666666666666675 6.5000000000000009 0.68350000000000011 9.5000000000000018 -0.91299999999999981 0.68050000000000022 -1.1094999999999997 2.1775000000000007 27.500000000000004 0.24500000000000002 1.2155000000000002 1.6890000000000003 1.4460000000000002 2.5970000000000004 0.71850000000000003 14.500000000000002 0.96500000000000008
decision_type=2 2 2 2 2 2 2 2 2 2 2 2 2 2 2 2 2 2 2 2 2 2 2 2 2 2 2
left_child=1 3 -3 4 8 -6 9 -8 -1 -5 11 12 14 -14 -2 -13 -17 20 19 -19 22 -22 -12 -20 26 -26 -4
right_child=10 2 24 6 5 -7 7 -9 -10 -11 17 15 13 -15 -16 16 -18 18 23 -21 21 -23 -24 -25 25 -27 -28
leaf_value=0.004057249388959871 -0.037725850231199287 -0.070040758924595825 -0.058510422473088033 -0.00025762253538788951 -0.018242601282094203 0.010575212289901974 -0.0032456055044412426 0.028381921660093037 -0.00093851390982462512 0.017937489918399354 -0.0097863309471480867 0.064556468635910719 0.0048152530908611262 -0.10086179555411592 0.0009477931306632614 -0.048505510689768938 0.015556244829781109 -0.029410762261095742 -0.067838225110521386 0.0065878427798567582 0.0016245209797430245 -0.0058792682563038254 -0.0025214795275031636 -0.01822768317364697 -0.020336430389584728 0.036982028935667287 0.014556440168106539
leaf_weight=1136.0845106366469 12.06165146754938 4.1078132996335652 5.340368971781575 269.40379708143882 117.17575888714055 44.301308466594492 29.162508995679673 61.457768255844712 1435.0065398277711 50.088069584482582 387.02922950579159 5.7588953152298918 3.8698197609191975 4.167578712105751 2527.3216997278432 5.0826805121032512 75.410257767187431 13.629846666299271 4.3662345260381725 381.31146923018969 1492.8608385939151 379.88371211168123 1722.5533182095023 13.416426084935663 9.2766029500635323 5.6092043995449776 2.2381328940391541
leaf_count=5389 67 27 81 1431 574 202 149 319 6579 258 1826 25 31 18 12497 23 338 116 18 2276 6773 1839 7827 60 92 87 13
internal_value=-8.31453e-07 0.00111174 -0.0206538 0.00129577 0.000583155 -0.0103364 0.00604393 0.0182039 0.00126896 0.0025949 -0.00050249 0.00107719 0.000603994 -0.0499808 0.0007641 0.0150529 0.0115111 -0.00144909 0.00380498 0.00534549 -0.00199362 0.000102387 -0.00385431 -0.0304087 -0.0116229 0.00126206 -0.0369318
internal_weight=10198 3169.25 26.5721 3142.68 2732.57 161.477 410.112 90.6203 2571.09 319.492 7028.72 2633.67 2547.42 8.0374 2539.38 86.2518 80.4929 4395.05 412.724 394.941 3982.33 1872.74 2109.58 17.7827 22.4643 14.8858 7.5785
internal_count=48935 15201 300 14901 12744 776 2157 468 11968 1689 33734 12999 12613 49 12564 386 361 20735 2470 2392 18265 8612 9653 78 273 179 94
is_linear=0
shrinkage=0.05


Tree=267
num_leaves=25
num_cat=0
split_feature=4 9 8 17 33 27 8 4 22 3 42 14 13 5 31 29 13 17 13 36 8 36 1 2
split_gain=3.03935 2.4882 4.34637 9.49711 8.69186 7.20145 6.80049 7.65146 6.84699 3.25769 4.63324 5.99227 5.05389 3.99523 4.72937 2.33978 0.000251781 0.000161157 4.80618e-05 3.20738e-05 1.02102e-05 2.9848e-06 1.19518e-06 1.19839e-08
threshold=1.0000000180025095e-35 2.5770000000000004 0.78888888888888908 0.32700000000000007 0.17600000000000002 0.30300000000000005 0.70000000000000007 0.57400000000000007 0.51666666666666683 2.4045000000000001 0.25450000000000006 1.8960000000000001 1.1225000000000003 2.5500000000000003 0.7895000000000002 2.6500000000000004 0.7965000000000001 0.24550000000000002 0.25850000000000006 0.56700000000000006 0.81666666666666676 0.50300000000000011 9.5000000000000018 2.5000000000000004
decision_type=2 2 2 2 2 2 2 2 2 2 2 2 2 2 2 2 2 2 2 2 2 2 2 2
left_child=16 2 6 5 -5 -4 8 -8 -2 10 12 -12 -3 14 -11 -15 18 19 22 -18 -20 -22 23 -1
right_child=1 9 3 4 -6 -7 7 -9 -10 13 11 -13 -14 15 -16 -17 17 -19 20 -21 21 -23 -24 -25
leaf_value=-0.050024065040177972 0.00018049741355729651 -0.022170129600828564 -0.00030123967380699714 -0.044997046043967051 -0.0097756973485199888 -0.040182621701290173 -0.013985091920577432 0.0082875631562422565 -0.0086095412962877062 0.0049570673818635528 0.014386641428735612 0.059653579997603151 0.022642619947732531 -0.011739305667853849 -0.02812722938356256 0.04650888623498662 -0.050873703246773441 -0.052134408949876414 -0.051000796048812094 -0.051499452117034598 -0.050577474360081455 -0.05080791805187284 -0.050404930030409349 -0.050084756344082132
leaf_weight=0.22392511673024218 8418.1014116238366 15.218393148155885 771.03689416006091 19.661934087052941 160.50830968422815 11.487944506108759 42.522825237829238 413.79655076796189 227.53115785017144 26.521952274080832 41.471957971341908 8.8754745423793775 10.725973799824713 2.4475150888320041 18.224285194417462 5.832522596931085 0.49157305550761499 0.7719871731242165 0.46315144625987137 0.35100342705845833 0.30359444092027843 0.26159146556165069 0.022891767672263086 0.0084402345237322152
leaf_count=603 39644 140 3450 94 723 57 232 1887 1081 221 201 145 50 41 130 62 39 29 33 14 30 19 4 6
internal_value=-7.75955e-07 1.37792e-05 -7.47673e-05 -0.00326967 -0.0136194 -0.000886723 0.000263151 0.00621205 -5.08341e-05 0.00690523 0.0135213 0.0223665 -0.00364355 -0.00261371 -0.00851753 0.0292912 -0.051197 -0.0516125 -0.0506743 -0.0511344 -0.0508268 -0.0506841 -0.0500602 -0.0500263
internal_weight=10196.9 10194 10064.6 962.695 180.17 782.525 9101.95 456.319 8645.63 129.318 76.2918 50.3474 25.9444 53.0263 44.7462 8.28004 2.89816 1.61456 1.28359 0.842576 1.02834 0.565186 0.255257 0.232365
internal_count=48935 48158 47168 4324 817 3507 42844 2119 40725 990 536 346 190 454 351 103 777 82 695 53 82 49 613 609
is_linear=0
shrinkage=0.05


Tree=268
num_leaves=21
num_cat=0
split_feature=3 7 7 26 44 25 20 7 17 27 39 13 16 13 24 25 24 30 24 20
split_gain=3.1167 2.261 5.29029 3.65869 3.26972 2.90464 2.81238 2.65479 4.39234 2.84464 1.93734 0.541845 0.00124514 0.000612929 0.000384106 0.00018705 9.33806e-05 5.14053e-05 2.17591e-05 1.79046e-05
threshold=1.0000000180025095e-35 0.8660000000000001 0.78900000000000015 0.27500000000000008 0.47050000000000003 511.50000000000006 5.5000000000000009 0.57500000000000007 0.075500000000000012 0.30650000000000005 2.6950000000000007 0.98350000000000015 0.19600000000000004 0.74550000000000016 1.0210000000000001 515.50000000000011 0.61250000000000016 1.2925000000000002 1.0000000180025095e-35 9.5000000000000018
decision_type=2 2 2 2 2 2 2 2 2 2 2 2 2 2 2 2 2 2 2 2
left_child=12 2 7 5 11 6 -3 9 -9 -2 -6 -5 13 15 16 17 18 -1 -14 -18
right_child=1 3 -4 4 10 -7 -8 8 -10 -11 -12 -13 14 -15 -16 -17 19 -19 -20 -21
leaf_value=-0.053349051403862868 -0.00023598545667547052 -0.0071195301315525213 -0.050845060581271445 -0.078586903158319094 0.069501661173779636 0.045973635612653524 -0.10789687899750633 -0.021577624537681424 0.011894033387270742 0.0040774099991032079 -0.024811810229690461 -0.0037149261516012302 -0.050035608318172879 -0.056136077992912106 -0.052359952841340679 -0.05503019808323073 -0.051001302096586792 -0.052133672360856378 -0.050654310719382672 -0.051469069929379857
leaf_weight=0.11794610129072625 9679.0854477621178 2.2483822884387323 5.1155784344300619 0.46283905208110798 5.236762622371316 1.4998803042690267 1.0002833921462295 11.030658374540506 87.939965403522365 397.94941659996402 0.60768395836930711 0.50562906288541853 0.20148358144797407 0.1943754181265831 0.6473657963797449 0.083443680792697705 0.36791942536365241 0.33160098200460197 0.48222366604022682 0.4607649352401495
leaf_count=5 45366 72 31 2 161 36 9 65 534 1950 42 43 364 2 21 6 25 133 49 19
internal_value=-7.83597e-07 1.39294e-05 -1.11655e-05 0.0221127 0.0455949 -0.0115783 -0.0381495 1.43892e-05 0.00816349 -6.56463e-05 0.0596953 -0.0394969 -0.0519434 -0.0537326 -0.0513408 -0.0528561 -0.0509045 -0.0524525 -0.050472 -0.0512614
internal_weight=10195.6 10192.7 10181.1 11.5615 6.81291 4.74855 3.24867 10176 98.9706 10077 5.84445 0.968468 2.88712 0.727366 2.15976 0.532991 1.51239 0.449547 0.683707 0.828684
internal_count=48935 48311 47946 365 248 117 81 47915 599 47316 203 45 624 146 478 144 457 138 413 44
is_linear=0
shrinkage=0.05


Tree=269
num_leaves=26
num_cat=0
split_feature=14 4 36 7 16 44 17 19 7 17 1 27 21 27 40 15 15 43 13 18 15 34 35 40 27
split_gain=2.25536 3.09805 3.32398 4.90927 3.34373 4.23679 4.05981 2.78331 4.99331 6.09551 5.49815 4.95459 7.74264 6.41449 4.51557 3.26542 5.34882 4.40168 3.67029 5.14723 4.15017 0.0121366 0.00346474 0.00211653 2.05901e-05
threshold=0.40450000000000003 0.59650000000000014 0.35000000000000003 0.24550000000000002 0.86050000000000015 0.52950000000000019 0.19600000000000004 2.3170000000000006 0.20950000000000002 0.18650000000000003 1.5000000000000002 0.25750000000000006 -8.4999999999999982 0.25250000000000006 0.74400000000000011 1.6285000000000001 1.8515000000000004 0.71050000000000002 2.2745000000000002 0.78888888888888908 1.1345000000000003 0.43650000000000005 0.74050000000000005 0.7350000000000001 0.22050000000000003
decision_type=2 2 2 2 2 2 2 2 2 2 2 2 2 2 2 2 2 2 2 2 2 2 2 2 2
left_child=1 21 3 -3 6 -6 -4 15 11 14 -11 13 -13 -9 -10 18 17 -17 20 -20 -2 -1 24 -24 -23
right_child=7 2 4 -5 5 -7 -8 8 9 10 -12 12 -14 -15 -16 16 -18 -19 19 -21 -22 22 23 -25 -26
leaf_value=-0.064277182766200772 7.9439770533883639e-06 -0.032148660577708058 -0.040443275842332455 0.074267134186129069 0.026660410604817903 -0.052420741196895354 -0.0075367672862568964 0.009335901123666274 -0.017828258703411145 -0.036458814648416535 0.017995433997956761 0.063785410649415619 0.0095856388515048116 -0.057293429280135005 0.0039113702763639525 0.0039695348032640788 0.017354473723110466 -0.060478914279684395 0.015130382338365365 -0.013958644829974248 -0.007565400698407939 -0.052350720033882914 -0.055978797620526023 -0.059424245605531972 -0.053067086235910603
leaf_weight=0.75282304381835219 9533.2015747618861 1.7321460271195963 11.955821982119231 2.8954434869810939 10.530383161007192 2.0182930329756337 43.389237181894714 104.68028857005993 56.850497879087925 5.1505373101681462 46.352835526689887 10.805161850526931 16.887731255032122 3.7412959105567998 41.194511200301349 3.8709313049912479 6.0359332012012592 8.3948827702552062 79.570997584378347 18.800506092607975 184.39546465314925 0.1868049934782906 0.81532384106503719 0.98329091668347246 0.21662512980947213
leaf_count=26 44633 36 83 19 392 57 335 697 269 34 250 51 155 30 197 19 38 41 495 89 828 13 50 68 30
internal_value=-7.26585e-07 -0.00861185 -0.00656708 0.0344348 -0.00936174 0.0139412 -0.0146453 6.34967e-05 0.00492876 -0.00137789 0.0125498 0.0118578 0.0307332 0.00703673 -0.00869415 -7.7828e-05 -0.0211782 -0.0401398 -3.84867e-05 0.00957096 -0.000135763 -0.0587967 -0.0569231 -0.0578624 -0.0527354
internal_weight=10195.4 75.4762 72.5213 4.62759 67.8937 12.5487 55.3451 10119.9 285.663 149.548 51.5034 136.114 27.6929 108.422 98.045 9834.27 18.3017 12.2658 9815.97 98.3715 9717.6 2.95487 2.20204 1.79861 0.40343
internal_count=48935 1109 922 55 867 449 418 47826 1683 750 284 933 206 727 466 46143 98 60 46045 584 45461 187 161 118 43
is_linear=0
shrinkage=0.05


Tree=270
num_leaves=25
num_cat=0
split_feature=4 9 8 21 15 9 7 18 25 44 18 42 23 28 23 41 3 1 10 11 36 36 20 20
split_gain=2.8837 2.24228 3.90878 7.63312 7.26494 6.34686 8.52127 5.18044 3.42005 6.17094 6.44216 5.53321 4.29035 4.20483 0.000160282 0.000179485 6.38891e-05 5.67556e-05 3.85329e-05 2.38783e-05 1.45607e-05 8.36283e-10 2.28764e-10 1.24662e-10
threshold=1.0000000180025095e-35 2.5770000000000004 0.78888888888888908 -17.499999999999996 -1.2829999999999997 2.1015000000000006 0.18350000000000002 1.0000000180025095e-35 511.50000000000006 0.45750000000000007 1.0000000180025095e-35 0.24350000000000002 1.6670000000000005 0.18350000000000002 0.31749999999999995 0.44300000000000006 1.4820000000000004 3.5000000000000004 3.5000000000000004 3.5000000000000004 0.47450000000000003 0.56700000000000006 -13.499999999999998 -10.499999999999998
decision_type=2 2 2 2 2 2 2 2 2 2 2 2 2 2 2 2 2 2 2 2 2 2 2 2
left_child=14 2 5 -4 -5 7 -7 -2 11 -10 -11 13 -13 -3 15 -1 18 21 -17 20 -19 23 -23 -16
right_child=1 8 3 4 -6 6 -8 -9 9 10 -12 12 -14 -15 17 16 -18 19 -20 -21 -22 22 -24 -25
leaf_value=-0.053224779283197715 -0.0093494668415906486 -0.05610915064726283 0.061750718299259905 0.022217307091525109 -0.0041474946224562539 -0.001086199985750172 0.014094776868939743 0.00013677108161864811 0.04824180607780211 0.047227740489381678 -0.021772131612506917 0.024001171804708087 -0.0066667717796643627 0.00035921713057807467 -0.050020955977706762 -0.052105526356843679 -0.052078531706948143 -0.050694329935759036 -0.050911599749902038 -0.051427268912344809 -0.051019588660618426 -0.0500315471095511 -0.050024506747489497 -0.050017849579438195
leaf_weight=0.15485263800292104 146.37331147026271 4.2495830054394927 4.5159454196691504 26.883695037104189 930.78306566464016 181.05393288843334 188.85780808748677 8584.0002696887968 4.574449725332669 3.8285088040865949 29.056519491365179 58.5738476178376 14.161350383306852 14.702096876979338 0.064452151011209935 0.078549577796366066 0.22294791974127293 0.6036011603719087 0.48390438525348145 0.23204275546595443 0.80029308541270439 0.017791957507142797 0.032826257287524641 0.064735414402093627
leaf_count=16 743 33 19 145 4160 844 914 40343 35 85 164 396 164 113 160 3 7 82 149 11 63 30 69 187
internal_value=-7.15295e-07 1.31135e-05 -7.09064e-05 -0.00310156 -0.00340738 0.000249528 0.00666442 -2.2275e-05 0.00655954 -0.00617016 -0.0137391 0.0117604 0.0180302 -0.0123028 -0.0511391 -0.051669 -0.0513623 -0.0508647 -0.0510783 -0.0509574 -0.0508797 -0.0500215 -0.050027 -0.0500194
internal_weight=10194.4 10191.6 10062.5 962.183 957.667 9100.29 369.912 8730.37 129.146 37.4595 32.885 91.6869 72.7352 18.9517 2.756 0.940255 0.785402 1.81574 0.562454 1.63594 1.40389 0.179806 0.0506182 0.129188
internal_count=48935 48158 47168 4324 4305 42844 1758 41086 990 284 249 706 560 146 777 175 159 602 152 156 145 446 99 347
is_linear=0
shrinkage=0.05


Tree=271
num_leaves=18
num_cat=0
split_feature=1 29 1 39 14 31 27 15 42 4 14 30 21 15 23 28 4
split_gain=2.25125 9.86782 4.65705 5.87621 5.1193 4.0619 3.80271 5.4121 3.61576 2.70389 6.24541 5.95664 5.71014 13.2584 6.36138 4.20756 0.963247
threshold=62.500000000000007 3.0865000000000005 57.500000000000007 2.4615000000000005 0.89600000000000013 0.77150000000000019 0.23800000000000002 -0.59649999999999992 0.26250000000000007 1.1275000000000002 2.7640000000000007 1.6065000000000003 -11.499999999999998 1.3390000000000002 -0.31599999999999989 0.22350000000000003 0.83050000000000013
decision_type=2 2 2 2 2 2 2 2 2 2 2 2 2 2 2 2 2
left_child=2 6 9 -4 -5 -6 7 -2 -8 12 11 -11 13 -1 -14 -12 -9
right_child=1 -3 3 4 5 -7 8 16 -10 10 15 -13 14 -15 -16 -17 -18
leaf_value=-0.018459250173577465 -0.0037924865016358993 0.054409294996448657 0.05465807672657455 -0.043534603929152205 0.023578615264832466 -0.0012620367106989528 0.028691010531712354 -0.048773134962596096 -0.026931768953016119 0.0011121161159136431 -0.002227168659697095 -0.0032440743547572427 0.003822454709312962 0.03737379391502154 -0.0017751657097179571 0.060110461215156813 -0.080829428234680478
leaf_weight=97.702551417052746 5.9198614656925228 4.6088566929101935 7.3855665922164908 4.5468542277812949 33.350308254361153 32.487812876701355 5.0295721441507322 4.6703742891550082 6.971407949924469 5532.7962363106926 4.2843636721954663 914.44361743482295 615.2304170442294 11.93132511526346 2900.0957209742573 7.3517736208741553 4.7034393846988678
leaf_count=443 26 20 31 20 144 139 21 21 29 25607 44 4411 3163 53 14628 115 20
internal_value=-6.96856e-07 -0.0132619 4.09381e-05 0.0122294 0.00777734 0.011321 -0.0246885 -0.0412207 -0.00362044 -5.30643e-05 0.000560309 0.000494256 -0.00114596 -0.012383 -0.000795505 0.0371581 -0.0648578
internal_weight=10193.5 31.9035 10161.6 77.7705 70.385 65.8381 27.2947 15.2937 12.001 10083.8 6458.88 6447.24 3624.96 109.634 3515.33 11.6361 9.37381
internal_count=48935 137 48798 334 303 283 117 67 50 48464 30177 30018 18287 496 17791 159 41
is_linear=0
shrinkage=0.05


Tree=272
num_leaves=27
num_cat=0
split_feature=3 41 9 31 41 44 27 2 23 18 23 10 16 28 29 41 22 3 1 40 27 13 1 2 2 31
split_gain=2.29366 7.11528 6.99817 5.89083 7.20824 7.26091 6.80067 5.74429 5.55976 5.40718 4.89984 4.60292 10.333 6.15252 4.35928 4.24439 7.12182 6.92473 6.12083 4.48473 8.19339 4.50171 3.71639 3.77777 5.13884 2.58455
threshold=0.87250000000000016 0.55100000000000016 0.64150000000000007 0.83850000000000013 0.52150000000000019 0.49400000000000005 0.19750000000000004 16.500000000000004 -0.076499999999999943 0.48333333333333339 -0.8334999999999998 9.5000000000000018 0.19600000000000004 0.72750000000000015 2.7115000000000005 0.55700000000000016 1.0000000180025095e-35 1.0975000000000004 35.500000000000007 0.75850000000000006 0.24850000000000003 1.8545000000000003 19.500000000000004 14.500000000000002 19.500000000000004 0.62350000000000005
decision_type=2 2 2 2 2 2 2 2 2 2 2 2 2 2 2 2 2 2 2 2 2 2 2 2 2 2
left_child=1 3 7 6 5 -5 9 11 -8 -1 -9 13 -13 -2 -12 19 18 -18 -17 21 -21 -4 23 25 -25 -3
right_child=2 22 15 4 -6 -7 8 10 -10 -11 14 12 -14 -15 -16 16 17 -19 -20 20 -22 -23 -24 24 -26 -27
leaf_value=0.0019494631041556548 0.014451339087494736 0.0080448939680630664 0.00019840559809840733 0.021834619383078332 0.064445556021587219 -0.01246453282556431 0.00040899048009591612 -0.010735622640254183 -0.0083094603054890085 -0.01750304364735715 0.025531897090989155 0.03176365352665269 -0.033618124493375305 -0.074641558554957937 0.069075537900947823 0.031260936014873494 -0.044628718449145538 0.0046927121793438773 -0.013611438818497378 -0.0050730644617133711 0.0019170849635267034 0.0046153767562570397 -0.067538483045090164 0.039419138584720757 -0.026616343547635632 -0.04378595784831503
leaf_weight=52.11465772824522 73.519947858119849 2.9569929895224076 5696.4058330028201 38.338027590409183 6.2100942382458006 25.822918254525575 1384.5435466734561 6.1335223615169516 210.68504877974738 113.58509689595667 18.954948358237747 9.0535806147381681 18.173066884279251 1.9902499034069467 8.2493693456053716 43.103344842384104 8.0955396053323039 58.850706144599826 9.2263305485248548 1028.055199200011 707.84762052960286 641.85558231928735 4.4101304262876502 5.3663284629583341 6.532431572675705 12.888805826958558
leaf_count=250 724 17 26411 189 31 126 6939 28 1275 565 82 90 98 15 39 197 39 275 41 4816 3300 3237 20 24 29 78
internal_value=-6.64732e-07 -0.00158642 0.000354095 -0.00117701 0.0130087 0.00803021 -0.00174391 0.0116001 -0.000742473 -0.011385 0.0296341 0.00574805 -0.011877 0.0121031 0.038736 0.000167324 0.00953037 -0.00127153 0.0233494 2.90083e-05 -0.0022227 0.000645698 -0.024903 -0.0181258 0.00316559 -0.0341138
internal_weight=10193 1863.45 8329.51 1831.3 70.371 64.1609 1760.93 136.075 1595.23 165.7 33.3378 102.737 27.2266 75.5102 27.2043 8193.44 119.276 66.9462 52.3297 8074.16 1735.9 6338.26 32.1547 27.7446 11.8988 15.8458
internal_count=48935 9543 39392 9375 346 315 9029 1076 8214 815 149 927 188 739 121 38316 552 314 238 37764 8116 29648 168 148 53 95
is_linear=0
shrinkage=0.05


Tree=273
num_leaves=23
num_cat=0
split_feature=14 3 41 26 1 37 15 44 3 2 9 17 7 19 30 30 7 44 14 40 5 5
split_gain=2.28347 5.3009 4.59148 6.14063 4.31379 6.2527 4.09612 4.03471 6.54914 8.97062 8.49504 4.35992 6.46106 5.91909 3.84879 7.2699 3.73878 3.60052 7.20981 6.32592 2.83993 1.74192
threshold=0.80400000000000016 2.5085000000000002 0.41550000000000004 0.18350000000000002 41.500000000000007 0.35600000000000004 1.7640000000000002 0.54300000000000015 1.0785000000000002 15.500000000000002 1.1190000000000004 0.15600000000000003 0.5415000000000002 1.9485000000000003 1.5415000000000003 1.5115000000000001 0.20350000000000004 0.50300000000000011 2.2545000000000006 0.75350000000000017 -0.58449999999999991 -1.4904999999999997
decision_type=2 2 2 2 2 2 2 2 2 2 2 2 2 2 2 2 2 2 2 2 2 2
left_child=1 7 3 20 5 -5 17 11 9 -9 -10 12 -1 -13 15 -8 -6 19 -19 -4 -2 -16
right_child=2 -3 6 4 16 -7 14 8 10 -11 -12 13 -14 -15 21 -17 -18 18 -20 -21 -22 -23
leaf_value=-0.0066110544335669114 0.018710025916810678 0.047572928209313227 0.00014328234085848979 -0.10223574160717085 0.0073637831508154596 0.0045572912734853192 0.052139016357899429 0.021713866457660359 -0.090713998796963749 -0.051150912569344786 -0.018708076447919501 -0.0047139837281869254 -0.069034100872599105 0.0045821863916329173 0.009716056712391315 -0.10105135916200313 0.067748266322679704 0.0011615321055048178 0.01840073466789395 -0.0040999127710096353 0.074039571010156222 0.071768666638551026
leaf_weight=233.21347275207518 4.1076920595951378 5.2977703772485247 5044.2282643483632 1.4019387662410725 5.196878567337988 61.382634123874595 1.873613274423404 15.668862126782189 5.4792386218905476 5.7830277830362311 16.226287132594734 327.93803761659001 4.2202955884858957 358.33986769427429 1.4985063585336318 1.3201750069856641 5.0586395263671875 2957.4851157852099 61.919646898924839 1063.5737807282712 5.3264689922798407 4.6110071558505297
leaf_count=1640 21 29 23720 6 22 301 45 126 25 27 78 1795 23 1776 56 13 22 13700 462 4985 25 38
internal_value=-5.92801e-07 -0.00230536 0.000242451 0.011987 0.00708369 0.00217267 0.000136435 -0.00257866 -0.0175215 0.00207089 -0.0368849 -0.00188051 -0.0077206 0.00014001 0.0332966 -0.0111833 0.037149 0.000102635 0.00151506 -0.000595601 0.0499487 0.0565488
internal_weight=10191.2 972.167 9218.98 82.4743 73.0401 62.7846 9136.51 966.869 43.1574 21.4519 21.7055 923.712 237.434 686.278 9.3033 3.19379 10.2555 9127.21 3019.4 6107.8 9.43416 6.10951
internal_count=48935 5519 43416 397 351 307 43019 5490 256 153 103 5234 1663 3571 152 58 44 42867 14162 28705 46 94
is_linear=0
shrinkage=0.05


Tree=274
num_leaves=30
num_cat=0
split_feature=42 6 4 7 43 11 39 33 27 42 36 36 12 23 59 27 26 41 11 22 5 39 24 30 12 42 9 8 27
split_gain=2.24315 5.431 5.11339 6.18525 8.15133 5.52792 4.70912 7.01709 9.32468 6.33941 5.43359 7.03283 5.26935 5.32373 5.01489 4.90515 4.75232 4.32044 5.94601 4.68586 3.85538 9.41988 8.0866 5.62949 5.26115 4.58448 3.83127 5.22909 3.5415
threshold=0.28600000000000003 0.69100000000000006 0.87250000000000016 0.32700000000000007 0.67700000000000016 44.500000000000007 2.7315000000000005 0.32950000000000007 0.19050000000000003 0.27750000000000008 0.40250000000000008 0.41350000000000003 29.500000000000004 0.52500000000000024 13.500000000000002 0.29950000000000004 0.13650000000000004 0.52000000000000013 2.5000000000000004 0.63333333333333353 1.2545000000000002 2.7025000000000006 3.0535000000000005 1.5075000000000001 12.500000000000002 0.31950000000000006 1.0000000180025095e-35 0.097222222222222224 0.16050000000000003
decision_type=2 2 2 2 2 2 2 2 2 2 2 2 2 2 2 2 2 2 2 2 2 2 2 2 2 2 2 2 2
left_child=6 2 3 5 -5 -2 9 10 -9 26 15 -12 16 -14 -10 -8 -11 18 -4 -19 21 23 -22 -3 -23 -24 28 -28 -1
right_child=1 20 17 4 -6 -7 7 8 14 12 11 -13 13 -15 -16 -17 -18 19 -20 -21 22 24 25 -25 -26 -27 27 -29 -30
leaf_value=-0.077339071339237703 -0.019892125493325502 0.0090275022746464824 -0.027084269600577721 -0.058302636120204754 0.0046433229777989851 0.027441788075663678 -0.049227194105986458 0.022663484044038396 -0.013047921586597936 0.018873824674643436 0.049929580840292483 -0.0018537507648027911 -0.005516599611957951 -0.057860862518189199 -0.059764057553981391 0.0091217182200894649 0.0042288090668144316 0.0016311538193684136 -0.002298674334052619 0.029788573443570467 -0.071311555759074371 0.0078484155866749249 0.011836426203277933 0.051921980023178563 -0.05103041125169553 -0.023217923345594627 -0.0064692670015023199 0.0002567186743910659 0.01958044762602142
leaf_weight=0.97031420990242523 107.77259934111498 12.319957844549206 24.648328540555667 5.4965440074265635 80.004159162963333 6.542635664343833 10.554445986475914 6.7972965710796442 8.8627853184880241 59.484618492831942 7.1345117538585319 80.969314629794098 24.541296496987346 6.0563116371631613 16.328611448407173 5.4678334982600054 805.61687208803778 588.50783376957406 1322.3249666531046 15.156056996434925 3.6419368133647358 13.291220088780394 50.442215542105259 20.174953350418946 5.3097330629825583 11.442975099518661 302.29797397619586 6554.8895337437589 32.942901519010775
leaf_count=16 528 91 206 32 442 28 54 38 55 275 33 379 104 27 72 29 3877 2760 6073 68 25 91 329 127 24 68 1381 31062 641
internal_value=-5.36626e-07 -0.00138736 -0.00195727 -0.00957512 0.000596745 -0.0171831 0.000396292 -0.00882357 -0.0293058 0.000557457 -0.00253119 0.00233958 0.00451457 -0.0158773 -0.0433285 -0.0293148 0.0052358 -0.00117692 -0.00275223 0.0023381 0.00912136 0.0194164 0.00109361 0.0356592 -0.00895883 0.00535465 4.3115e-05 -3.97953e-05 0.0168074
internal_weight=10190 2267.08 2150.45 199.816 85.5007 114.315 7922.91 136.115 31.9887 7786.8 104.126 88.1038 895.699 30.5976 25.1914 16.0223 865.101 1950.64 1346.97 603.664 116.623 51.0959 65.5271 32.4949 18.601 61.8852 6891.1 6857.19 33.9132
internal_count=48935 10892 10137 1030 474 556 38043 660 165 37383 495 412 4283 131 127 83 4152 9107 6279 2828 755 333 422 218 115 397 33100 32443 657
is_linear=0
shrinkage=0.05


Tree=275
num_leaves=31
num_cat=0
split_feature=40 40 8 2 13 20 7 0 8 9 27 42 6 6 44 9 31 29 33 19 1 29 0 27 32 44 13 1 23 8
split_gain=2.25631 7.40452 6.64174 5.76165 6.83342 6.24867 5.67266 7.57607 11.1844 6.00406 5.55528 7.933 7.90735 5.43285 7.93819 7.00189 7.76792 7.8084 7.16757 6.24623 8.19085 6.11194 6.43866 6.06239 5.76467 7.47772 6.64401 4.71545 3.00876 2.60375
threshold=0.72050000000000003 0.72550000000000014 1.0000000180025095e-35 7.5000000000000009 1.8040000000000003 10.500000000000002 0.085000000000000006 12.500000000000002 0.63333333333333341 1.0165000000000002 0.24450000000000002 0.32650000000000007 0.74550000000000016 0.15200000000000002 0.44450000000000006 0.89850000000000019 0.68500000000000016 2.8655000000000004 0.19850000000000004 1.3205000000000002 19.500000000000004 2.8350000000000004 15.500000000000002 0.27400000000000008 0.63750000000000007 0.51250000000000007 1.3390000000000002 21.500000000000004 -0.35149999999999992 0.14999999999999999
decision_type=2 2 2 2 2 2 2 2 2 2 2 2 2 2 2 2 2 2 2 2 2 2 2 2 2 2 2 2 2 2
left_child=13 2 27 5 -5 -4 7 8 -3 -9 11 -8 -12 14 21 16 18 -18 -15 20 -16 22 -1 -21 25 -17 -26 28 -2 -23
right_child=1 6 3 4 -6 -7 10 9 -10 -11 12 -13 -14 15 19 24 17 -19 -20 23 -22 29 -24 -25 26 -27 -28 -29 -30 -31
leaf_value=0.0024218284565072634 0.037922147914749751 -0.013266714150391937 0.016808790984369892 0.00075306111770285936 0.016981904310123228 -0.024497618702648122 -0.0014120016378809811 0.0070116567711595778 0.0022011822555679235 -0.047225934347698825 0.0017109085698120384 0.020987671470937084 0.027754742558627754 0.0027746230196867795 -0.018691160420801958 -0.0015886379976205588 0.021104287222830653 -0.0016356451342126267 -0.031850769955689522 -0.0091954297014727304 -0.085857256693928061 -0.059781284311641106 0.046731875618160695 0.022419532393212888 -0.0036351385758895947 -0.025957731091765288 0.01923042304506024 -0.019898241065110032 0.096855423150853853 -0.001231309266778987
leaf_weight=19.173482146161405 7.0891916187538291 313.77140552736819 125.25497139605432 607.50406187027693 72.617301024496555 9.877761229494352 2941.1842133119499 149.33416405931348 186.22852939560835 5.2830252647399893 2800.471943618224 40.065471661742777 29.45129984151572 68.825653214007616 78.520763187274497 2212.9857470609422 113.74592407094315 56.503120422363281 19.091838404536247 122.30567338169203 4.81758227944374 3.5182970586174624 14.322745387849862 17.309487463760888 57.684440176410135 31.933958525100024 70.714732998982072 2.5658351927995673 3.1184061765670767 4.1252052481540886
leaf_count=137 86 1781 854 2681 325 71 13430 1008 1466 23 12840 187 145 328 485 10429 506 251 90 751 21 28 74 124 270 157 337 11 14 25
internal_value=-5.42521e-07 0.000468255 0.00491999 0.00435946 0.00248583 0.0137894 -0.000101847 -0.00451441 -0.00750559 0.00515844 0.000395219 -0.00111097 0.00198195 -0.00118142 -0.00801798 -0.00049531 0.00732466 0.0135572 -0.0047445 -0.0117417 -0.0225739 0.0121624 0.0213685 -0.00527581 -0.00134596 -0.00193529 0.00895787 0.0406951 0.0559262 -0.0281818
internal_weight=10189.4 7293.82 828.028 815.254 680.121 135.133 6465.79 654.617 500 154.617 5811.17 2981.25 2829.92 2895.58 264.093 2631.49 258.167 170.249 87.9175 222.954 83.3383 41.1397 33.4962 139.615 2373.32 2244.92 128.399 12.7734 10.2076 7.6435
internal_count=48935 34922 4042 3931 3006 925 30880 4278 3247 1031 26602 13617 12985 14013 1645 12368 1175 757 418 1381 506 264 211 875 11193 10586 607 111 100 53
is_linear=0
shrinkage=0.05


Tree=276
num_leaves=29
num_cat=0
split_feature=21 22 13 5 24 32 26 16 9 30 24 41 4 23 11 5 9 4 7 40 7 30 1 16 23 23 40 43
split_gain=2.28058 6.28201 5.96712 6.98409 8.97979 8.38571 5.74034 5.26652 7.84922 7.50424 4.78501 4.72503 4.30546 6.13826 7.08573 6.69995 6.67065 5.3163 8.0488 9.14476 5.29711 4.99839 4.88135 4.86165 4.76179 4.58929 3.18184 2.75462
threshold=13.500000000000002 0.5916666666666669 0.68600000000000005 0.81950000000000001 3.4190000000000005 0.63000000000000012 0.30750000000000005 0.31100000000000005 2.1695000000000007 1.6500000000000001 4.0930000000000009 0.50100000000000011 1.2155000000000002 1.4915000000000005 3.5000000000000004 -0.069999999999999993 1.0785000000000002 1.2035000000000002 0.32700000000000007 0.69400000000000006 0.28300000000000008 1.6065000000000003 57.500000000000007 0.56600000000000006 -0.062499999999999944 1.6670000000000005 0.75350000000000017 0.73150000000000015
decision_type=2 2 2 2 2 2 2 2 2 2 2 2 2 2 2 2 2 2 2 2 2 2 2 2 2 2 2 2
left_child=12 6 10 5 -5 -4 27 8 -8 -9 11 -3 17 15 25 21 -17 22 19 -19 -16 -14 24 -24 -1 -15 -20 -2
right_child=1 2 3 4 -6 -7 7 9 -10 -11 -12 -13 13 14 20 16 -18 18 26 -21 -22 -23 23 -25 -26 -27 -28 -29
leaf_value=0.00076126082926628947 0.06953851740127763 -0.013056998871233065 0.012306458477593752 -0.029556963011967436 -0.00026960281820488099 -0.034679610319459993 0.0036183619034796306 -0.0075326871647533756 0.020241274897666542 0.025746116569185729 0.027048282462228224 -0.044405474844770323 0.00045427783812194565 -0.024107976054827028 -0.069479905244359527 -0.020373422145582444 0.0047016357959963001 0.044758558860196418 0.030386956644252533 -0.026859212768744419 -0.0042629671235507732 -0.0048766121187753314 0.042904746836386461 -0.0065510382816147588 -0.0030099102102117414 0.024697162721017393 -0.016226418523020422 0.015672469988921828
leaf_weight=1412.9480265293314 4.7391667366027814 42.670651633292437 106.35375835746527 37.018988072872162 89.327002253383398 10.427015736699103 729.22662544250488 165.54176664352417 78.67731025442481 18.870984852313995 5.4539580950513473 16.734164666384459 3616.1779457744269 10.231750395148994 9.3695911951363069 27.160838436189806 1129.6038513931562 4.7974884063005439 12.158651232719423 62.856388911604881 4.6631611026823512 500.58402907350683 12.29583114385605 8.3395883440971357 2053.7480162633565 9.1013602940947731 5.2382002323865882 4.7544577866792679
leaf_count=6733 21 223 456 170 387 44 3153 706 351 81 28 90 16819 67 48 246 5436 22 52 274 25 2400 53 35 10898 75 22 20
internal_value=-5.2346e-07 0.00194713 -0.00429805 -0.000703412 -0.00885071 0.00811121 0.00386708 0.00349688 0.00523718 -0.00412726 -0.0177728 -0.0218878 -0.000287825 0.000615512 -0.0207627 0.000750773 0.00411287 -0.00162976 -0.0139808 -0.0217806 -0.047808 -0.00019394 -0.00132854 0.0229177 -0.00147286 -0.0011322 0.0163516 0.0425621
internal_weight=10189.1 1309.8 307.986 243.127 126.346 116.781 1001.81 992.317 807.904 184.413 64.8588 59.4048 8879.27 5306.89 33.3659 5273.53 1156.76 3572.38 85.0507 67.6539 14.0328 4116.76 3487.33 20.6354 3466.7 19.3331 17.3969 9.49362
internal_count=48935 5730 1398 1057 557 500 4332 4291 3504 787 341 313 43205 25116 215 24901 5682 18089 370 296 73 19219 17719 88 17631 142 74 41
is_linear=0
shrinkage=0.05


Tree=277
num_leaves=25
num_cat=0
split_feature=39 19 3 2 27 3 15 9 42 39 17 19 15 3 37 3 9 44 6 9 8 7 4 40
split_gain=2.27196 7.13835 7.87459 10.4549 7.45896 7.82335 7.30627 7.08636 6.43136 3.16255 8.19805 7.55017 5.59355 5.38928 4.16181 2.74418 6.68626 5.72211 4.7526 5.38537 4.71786 4.55991 2.35225 1.07972
threshold=2.7625000000000006 0.39650000000000007 1.7545000000000002 9.5000000000000018 0.17000000000000004 1.5540000000000003 -1.5109999999999999 2.3270000000000004 0.32650000000000007 2.7560000000000007 0.26000000000000006 1.0365000000000002 -0.088999999999999982 1.1405000000000001 0.40000000000000008 0.87250000000000016 0.64150000000000007 0.49400000000000005 0.43400000000000005 1.4310000000000003 0.59166666666666679 0.32700000000000007 1.2980000000000003 0.78800000000000014
decision_type=2 2 2 2 2 2 2 2 2 2 2 2 2 2 2 2 2 2 2 2 2 2 2 2
left_child=9 6 4 7 -3 -6 -2 -4 -5 15 11 13 22 -11 -13 18 17 -17 19 -1 -18 -20 -12 -8
right_child=1 2 3 8 5 -7 23 -9 -10 10 12 14 -14 -15 -16 16 20 -19 21 -21 -22 -23 -24 -25
leaf_value=-0.0017075675368122996 -0.019802233358330611 0.038981098870973167 -0.042297113299636022 0.0076189153916274583 -0.0069576509371309901 -0.030673532322127991 0.083961065254459386 0.016695673822183756 0.040903650107719437 0.13337402893521452 -0.054320365494446271 -0.03931570161618235 0.031759997041465669 0.043154972842956663 0.02180603273585717 0.00038189324158318869 0.0013342411011953667 0.02177639923784767 -0.033607998895633436 0.023623405593887228 -0.0011565132583801307 0.042695347463790917 -0.010545237595382711 0.045030766059636601
leaf_weight=1751.4559081469652 3.8227598858502461 7.8387100843247017 15.022905521327631 54.793073885142803 233.8903689297149 40.846952192485332 3.8209778785239887 7.699588186107575 19.741790294647217 2.3534918370132791 6.3107714951038378 3.2074526712531251 4.5701232780702403 5.579625999671407 21.147128314361908 57.954114900669083 4575.9212030092167 67.833732909755781 18.475312218302864 21.236663685296662 3252.5188846657547 2.1900845127820494 5.9736874401569366 3.3360785322729498
leaf_count=8834 39 37 104 255 1102 190 32 41 88 14 27 15 23 31 104 511 20935 497 195 112 15657 43 26 23
internal_value=-5.43112e-07 -0.00373899 -0.0048879 0.0073835 -0.00911148 -0.0104836 0.0360061 -0.0223072 0.0164349 0.000148592 0.0128009 0.0275559 -0.0154647 0.06992 0.0137564 8.48055e-05 0.000483153 0.0119193 -0.00168202 -0.00140411 0.000299396 -0.0255215 -0.0330334 0.0658147
internal_weight=10187.5 390.813 379.833 97.2574 282.576 274.737 10.9798 22.7225 74.5349 9796.73 49.1423 32.2877 16.8546 7.93312 24.3546 9747.59 7954.23 125.788 1793.36 1772.69 7828.44 20.6654 12.2845 7.15706
internal_count=48935 1911 1817 488 1329 1292 94 145 343 47024 240 164 76 45 119 46784 37600 1008 9184 8946 36592 238 53 55
is_linear=0
shrinkage=0.05


Tree=278
num_leaves=31
num_cat=0
split_feature=18 18 8 23 3 42 27 6 9 10 27 17 4 15 5 9 5 24 26 31 30 9 14 9 24 40 15 36 26 20
split_gain=2.28056 8.28037 12.7043 7.61777 8.49926 9.39069 7.5406 8.23584 7.97573 7.3974 7.82471 7.80104 7.19424 6.46219 9.13733 6.92842 4.83467 7.4894 7.15694 7.24352 7.56627 7.18618 7.706 6.7799 9.72426 7.06851 5.87264 6.04198 5.21296 4.412
threshold=0.36666666666666675 0.29999999999999999 0.18333333333333332 0.93300000000000005 0.93550000000000011 0.28950000000000004 0.25850000000000006 0.29500000000000004 0.25650000000000006 11.500000000000002 0.27400000000000008 0.30900000000000005 1.1090000000000002 0.31100000000000005 -0.90699999999999992 1.9110000000000003 1.1315000000000002 3.8765000000000005 0.39350000000000007 0.84750000000000003 1.6130000000000002 2.2455000000000003 1.2830000000000001 1.3725000000000003 4.2040000000000015 0.76450000000000007 -0.98349999999999993 0.46900000000000003 0.7320000000000001 -7.4999999999999991
decision_type=2 2 2 2 2 2 2 2 2 2 2 2 2 2 2 2 2 2 2 2 2 2 2 2 2 2 2 2 2 2
left_child=1 2 6 4 5 -3 8 -8 -1 10 -5 -11 -6 15 -15 -4 17 26 19 20 -18 22 -20 24 -19 -25 27 -2 -28 -23
right_child=16 3 13 9 12 -7 7 -9 -10 11 -12 -13 -14 14 -16 -17 18 23 21 -21 -22 29 -24 25 -26 -27 28 -29 -30 -31
leaf_value=-0.057505147778743049 0.00023656187035705725 0.0026621582923951797 -0.0029719641672006172 0.00019546737204149858 0.0029190017458302826 -0.025641706883283894 0.007954643502803227 -0.057755852055081908 0.030212400846131599 -0.0043985963346309257 0.065467314677107466 -0.040739715539052139 0.013789781043979685 0.078883827458830214 0.0075633780116562636 0.0031898388518908798 -0.018337009976286827 0.0086458353087068233 0.00179803516250082 0.040390785722086806 -0.07201718153827677 0.018433295902263291 -0.025956933049696138 0.044893852864789148 -0.17202984004236044 -0.0043859956516036341 -0.00027496183586427336 -0.026140355567897861 0.037260055568642647 -0.00099460721966846332
leaf_weight=2.7007968667894593 42.27733289275784 166.13460366721847 2041.0830565950309 32.637348882839433 253.26789784664288 35.58170160609734 56.907227202435024 5.2045765593647948 63.987011672346853 37.663530240854016 5.3432227261364451 24.291248905472457 381.37690199806821 4.6779255432193159 112.31363772857003 587.52095039654523 65.380752892495366 2.6382913499837737 48.824583180248737 4.6891181468963614 7.2970228199847034 43.255500976607436 51.269086201209575 22.817704942077398 1.0376233982970005 10.683638928574508 5931.0122326976907 44.628609200852225 9.2646436686627549 90.079718891880475
leaf_count=15 212 861 9346 165 1288 191 282 23 321 203 26 122 1836 28 495 3650 338 75 222 25 38 227 239 143 13 62 27800 208 41 440
internal_value=-4.82388e-07 0.000967206 -0.000363023 0.00505096 0.00660994 -0.0023305 0.0149843 0.00244852 0.0266599 -0.00799616 0.00937811 -0.0186472 0.00945158 -0.00108299 0.0104151 -0.00159474 -0.000578909 -0.000267198 -0.00666114 -0.0198405 -0.0237266 -0.002293 -0.0124184 0.0221056 -0.0423546 0.0291784 -0.000405199 -0.0133087 -0.000216421 0.00530803
internal_weight=10185.8 3810.69 2874.4 936.296 836.361 201.716 128.8 62.1118 66.6878 99.9354 37.9806 61.9548 634.645 2745.6 116.992 2628.6 6375.16 6064.36 310.796 77.3669 72.6778 233.429 100.094 37.1773 3.67591 33.5013 6027.18 86.9059 5940.28 133.335
internal_count=48935 18852 14160 4692 4176 1052 641 305 336 516 191 325 3124 13519 523 12996 30083 28554 1529 401 376 1128 461 293 88 205 28261 420 27841 667
is_linear=0
shrinkage=0.05


Tree=279
num_leaves=28
num_cat=0
split_feature=24 24 44 36 39 23 44 44 18 18 4 21 37 14 1 23 6 9 3 43 4 39 4 22 37 43 32
split_gain=2.24384 8.21092 7.01346 6.45668 6.88383 6.10971 7.48164 8.06823 6.6646 6.26776 6.08593 5.52164 10.0994 6.74194 5.39788 4.40588 3.99938 7.87497 6.11047 3.8348 3.80331 3.6668 4.9189 5.42117 2.94109 1.22145 0.540624
threshold=2.3485000000000005 2.3335000000000004 0.46250000000000008 0.45900000000000007 2.5350000000000006 0.27650000000000002 0.53500000000000014 0.51900000000000013 1.0000000180025095e-35 0.59166666666666679 2.5770000000000004 -19.499999999999996 0.47950000000000004 1.0725000000000002 26.500000000000004 -0.60149999999999981 0.12250000000000001 0.58950000000000002 1.1775000000000002 0.74550000000000016 1.2195000000000003 2.5810000000000008 2.6835000000000004 -0.29999999999999988 0.52050000000000007 0.76100000000000012 0.41000000000000003
decision_type=2 2 2 2 2 2 2 2 2 2 2 2 2 2 2 2 2 2 2 2 2 2 2 2 2 2 2
left_child=1 5 14 15 -5 8 7 -7 -1 -10 11 12 13 -2 19 -4 18 -18 -13 -3 -8 25 -23 -24 -14 26 -12
right_child=10 2 3 4 -6 6 20 -9 9 -11 21 16 24 -15 -16 -17 17 -19 -20 -21 -22 22 23 -25 -26 -27 -28
leaf_value=-0.05431071618961153 -0.043816086269866605 -0.058179779851502057 -0.080458657247010026 0.034040398485352667 -0.0094567606211816216 -0.0096822006509484811 -0.0069623586868003788 0.028634694477113705 0.002101771078967145 -0.0021561564679239988 0.099137786179999077 0.015646787423966833 0.076578741310642962 0.019601681331774336 -0.079571680484327001 -0.021049119434200979 -0.039357826727028783 0.00032436784156809586 -0.026832915226626827 0.0068038037470942898 -0.064518792196611649 0.065744584145146043 0.059169995925748731 -0.058771364672536977 0.030223655832073478 0.025799509100905695 0.063037710435956532
leaf_weight=5.6636193143203846 6.5335649102926316 3.9631974734365958 3.6071742922067669 12.194320474518461 35.799271205440164 169.19662392322789 4.2603375450707963 14.952572173395309 1728.3206567576453 1728.8091712136174 1.5835327200184091 77.772639211267233 6.9316833913326246 11.687880195677279 6.8106134831905356 23.143187099602073 12.527425229549406 6288.3463622372365 9.4994993098662217 5.3147036284208298 8.7964053759351355 2.5029035527259111 1.4220320493914185 3.0946403406269383 6.7577059268951416 1.6925022396608254 3.0054255877039395
leaf_count=32 29 19 17 57 160 1146 47 98 8281 8540 14 457 33 56 30 110 57 29287 177 26 44 24 47 42 30 26 49
internal_value=-3.48261e-07 -0.000972328 -0.0158222 -0.00937625 0.0015951 -0.00060379 -0.00916417 -0.00657094 -0.000116277 -2.74935e-05 0.000566344 0.000496346 0.0212432 -0.00313768 -0.0457687 -0.0290602 0.000392708 0.000245472 0.0110229 -0.0209549 -0.0457385 0.0343527 0.00951877 -0.0216386 0.0536958 0.0621048 0.0754949
internal_weight=10184.2 3750.83 90.8325 74.744 47.9936 3660 197.206 184.149 3462.79 3457.13 6433.36 6420.06 31.9108 18.2214 16.0885 26.7504 6388.15 6300.87 87.2721 9.2779 13.0567 13.301 7.01958 4.51667 13.6894 6.28146 4.58896
internal_count=48935 18607 419 344 217 18188 1335 1244 16853 16821 30328 30126 148 85 75 127 29978 29344 634 45 91 202 113 89 63 89 63
is_linear=0
shrinkage=0.05


Tree=280
num_leaves=31
num_cat=0
split_feature=11 23 40 15 21 39 29 24 8 5 21 20 23 0 42 40 41 33 4 3 17 39 25 40 39 19 25 1 42 23
split_gain=2.203 4.59621 8.15194 8.08078 7.3146 5.99951 5.72883 5.39885 8.15718 6.84402 9.56386 6.18202 6.03707 4.62969 4.40488 8.63876 6.94837 7.71487 6.85401 6.37204 6.35054 6.24405 7.34821 11.194 5.71213 5.30026 5.2864 13.0054 5.23567 4.1231
threshold=18.500000000000004 0.79249999999999998 0.77450000000000008 -0.66099999999999992 7.5000000000000009 2.6505000000000005 3.0275000000000003 2.1115000000000008 0.78888888888888908 0.42200000000000004 -5.4999999999999991 10.500000000000002 -0.082499999999999934 5.5000000000000009 0.24350000000000002 0.74400000000000011 0.42300000000000004 0.29550000000000004 1.2980000000000003 1.6830000000000001 0.10400000000000001 2.5410000000000004 507.50000000000006 0.68900000000000006 2.4915000000000007 1.1225000000000003 511.50000000000006 33.500000000000007 0.29800000000000004 1.1255000000000002
decision_type=2 2 2 2 2 2 2 2 2 2 2 2 2 2 2 2 2 2 2 2 2 2 2 2 2 2 2 2 2 2
left_child=14 7 4 -4 6 -6 -3 9 11 10 -2 -9 -10 -11 15 16 20 -18 19 -17 -1 22 23 -16 -24 -20 28 -28 -23 -5
right_child=1 2 3 29 5 -7 -8 8 12 13 -12 -13 -14 -15 21 18 17 -19 25 -21 -22 26 24 -25 -26 -27 27 -29 -30 -31
leaf_value=-0.034560305763012826 -0.0018804631068768309 -0.016830401084098241 -0.06148546581501927 -0.00075208278145528487 -0.0046930778812467634 0.01338705640333385 -0.073993904154039697 0.0011889701125099325 0.0051381888538682254 0.039213046113838489 -0.01522951163008323 0.015960983368363449 -0.0089749020375338683 -0.020454576225148593 0.021215037763267358 -0.018011814262006043 0.013154498723596746 0.0011985313876131355 0.015050634712086494 0.0039031026800315696 0.00030295817490779147 0.0034881770728840814 0.0098121896454257916 -0.018226989426534831 -0.0039752022013385289 -0.0049325586330172515 -0.0040994623380349099 0.02119645035064377 -0.0034623804248394489 -0.045921548558741324
leaf_weight=16.423902566297329 1319.7891924865544 24.510012857615951 12.206514179706572 19.722019478678707 226.66329915821552 57.528459146618843 5.3374247699975959 3407.1806346401572 97.928578801453114 15.36519840359688 149.35986862331629 72.329248808324337 334.94517905265093 4.1234161183238021 20.485553747012091 100.58089681485217 375.25719367748025 210.67839701260891 64.751022337935865 49.490358232462313 63.815424227825133 1706.6849189088316 93.604913179928189 147.60473001774699 380.47765237779277 68.060944887110963 754.40556577771713 54.480955667793751 322.06882210666663 6.7920189946889868
leaf_count=125 5772 108 52 84 991 252 23 14696 419 76 699 326 1441 20 112 512 2087 1116 306 291 318 9214 511 775 2057 368 4184 241 1730 29
internal_value=-2.69096e-07 -0.000645502 -0.00617507 -0.0278213 -0.00350613 -0.00103315 -0.0270526 -0.000284347 0.00069077 -0.00284711 -0.00323758 0.00149604 -0.00578211 0.0265885 0.000837988 0.0038574 0.00696595 0.00885562 -0.00346309 -0.0107847 -0.00683308 1.44966e-05 -0.00443774 -0.0134201 -0.00125296 0.00481003 0.00102206 -0.00239571 0.00238476 -0.012323
internal_weight=10182.7 5753.78 352.76 38.7206 314.039 284.192 29.8474 5401.02 3912.38 1488.64 1469.15 3479.51 432.874 19.4886 4428.87 949.058 666.175 585.936 282.883 150.071 80.2393 3479.81 642.173 168.09 474.083 132.812 2837.64 808.887 2028.75 26.514
internal_count=48935 24988 1539 165 1374 1243 131 23449 16882 6567 6471 15022 1860 96 23947 5123 3646 3203 1477 803 443 18824 3455 887 2568 674 15369 4425 10944 113
is_linear=0
shrinkage=0.05


Tree=281
num_leaves=26
num_cat=0
split_feature=24 28 41 36 13 4 11 3 22 14 17 23 28 32 13 44 33 14 27 42 13 22 44 28 32
split_gain=2.1773 4.32988 4.33944 3.68204 3.51227 2.71008 2.16038 4.90168 4.71659 7.43035 9.89521 5.00788 6.62952 5.14477 4.42874 6.30488 6.25103 4.42776 4.27038 4.15628 2.0965 1.38946 4.85127 0.0253619 0.00252568
threshold=0.97050000000000003 0.65450000000000019 0.46650000000000008 0.33700000000000008 1.2405000000000002 1.2830000000000001 18.500000000000004 0.50850000000000006 -0.49166666666666659 0.55800000000000016 0.37250000000000005 -0.91299999999999981 0.31250000000000006 0.50150000000000017 1.0165000000000002 0.41650000000000004 0.36850000000000005 1.7290000000000003 0.27050000000000007 0.24150000000000002 1.0545000000000002 -0.78888888888888886 0.51150000000000018 0.64750000000000008 0.50350000000000017
decision_type=2 2 2 2 2 2 2 2 2 2 2 2 2 2 2 2 2 2 2 2 2 2 2 2 2
left_child=1 3 -3 4 -1 -4 8 18 11 10 -10 13 -13 -2 16 -16 -9 -11 19 -8 -20 22 -5 -23 -7
right_child=6 2 5 21 -6 24 7 14 9 17 -12 12 -14 -15 15 -17 -18 -19 20 -21 -22 23 -24 -25 -26
leaf_value=0.10119411987458692 0.02581024689822797 0.11558555262590012 0.066837606769951083 -0.05559374697200567 -0.054470367148650556 -0.054770595618594112 0.020964152769958683 -0.0026544701209745753 -0.028037186940729306 0.0018242349719507914 0.005433175758402852 0.030681236729155272 -0.0059302894636315846 0.0054409968913966197 -0.017103771327223762 0.00038306720339205744 -0.022845807525764057 -0.0018220942497524921 -0.012524491000132599 -0.016301134351556626 -0.060110504789506074 -0.056588016891837206 0.12277223096287521 -0.068472388496507011 -0.059363494921268661
leaf_weight=0.88712095603841479 56.10844793258002 1.0424085910617571 0.69871398613940972 1.5013890091504412 0.61259982996853068 0.59564779934589729 9.3875436931848508 988.04078429192305 51.603844273369759 2942.7580816078407 38.599984510059585 14.508153564296661 83.695507466909476 69.2717826985172 52.128349229693413 4613.4158864244819 39.879175513982773 1161.0260711590381 3.4774218052625638 36.867206111550331 6.921803817152977 6.5843245083451629 0.51095094779157069 0.48176804758259084 0.60168773503392003
leaf_count=27 411 18 23 223 19 26 48 4365 360 14655 263 80 456 508 224 19930 166 6465 20 183 36 346 57 6 20
internal_value=-3.40299e-07 -0.0200546 0.0336386 -0.0349698 0.0376089 -0.0114142 2.63192e-05 -0.000612499 0.000857835 0.000480611 -0.0137146 0.0079338 -0.000521472 0.0145564 -0.000466876 0.000187686 -0.00343781 0.00079263 -0.015247 -0.00873803 -0.0441981 -0.0469595 -0.010305 -0.0573983 -0.0570786
internal_weight=10181.2 13.5166 2.93846 10.5782 1.49972 1.89605 10167.7 5750.12 4417.57 4193.99 90.2038 223.584 98.2037 125.38 5693.46 4665.54 1027.92 4103.78 56.654 46.2547 10.3992 9.07843 2.01234 7.06609 1.19734
internal_count=48935 765 87 678 46 69 48170 24972 23198 21743 623 1455 536 919 24685 20154 4531 21120 287 231 56 632 280 352 46
is_linear=0
shrinkage=0.05


Tree=282
num_leaves=20
num_cat=0
split_feature=4 20 40 8 11 44 18 2 3 59 24 42 7 7 40 20 41 24 40
split_gain=2.18252 3.78822 4.11611 6.85161 6.01418 5.70713 4.22853 5.21508 3.31672 2.8795 2.616 3.0147 2.60798 4.58219 2.85344 3.81496 3.2974 2.61837 2.51486
threshold=0.40350000000000003 2.5000000000000004 0.73150000000000015 0.63333333333333341 7.5000000000000009 0.46250000000000008 1.0000000180025095e-35 5.5000000000000009 3.0625000000000004 5.5000000000000009 5.5360000000000005 0.24350000000000002 0.8660000000000001 0.78900000000000015 0.71500000000000008 5.5000000000000009 0.52550000000000019 1.0210000000000001 0.74250000000000005
decision_type=2 2 2 2 2 2 2 2 2 2 2 2 2 2 2 2 2 2 2
left_child=1 2 6 4 -4 -5 9 -8 12 -1 -10 -12 13 17 15 -14 -16 -2 -13
right_child=8 -3 3 5 -6 -7 7 -9 10 -11 11 18 14 -15 16 -17 -18 -19 -20
leaf_value=0.016049884257072433 -0.010736936320260708 -0.068961493437075347 -0.005384379462028765 0.052757935804247369 0.085770473036361206 -0.029118499469463523 0.017970357797392419 -0.023306567974158369 0.062496743740340227 0.12667447353978101 -0.04551191735222939 -0.0044170750699563189 0.017032130946646688 -0.047870161036711732 0.060493909648915267 -0.11967707627455382 -0.021555417004608869 9.7052628404813434e-05 0.070890122011959669
leaf_weight=1.1713636639178724 56.081580689293332 2.4744724521915478 5.1727608286455498 2.2586424141773014 2.7830257341265678 36.891056343956734 20.009579224672052 12.390771411359308 3.6675195433199388 1.181639617483597 1.7898595640435813 2.3348850436741486 1.9739428668108288 4.9938194351270786 5.543665583798429 0.68823632784187783 1.5716625782661138 10014.539949225844 2.110857639927417
leaf_count=195 970 31 136 25 14 551 263 74 26 7 18 47 74 29 236 6 40 46143 50
internal_value=-4.93319e-07 -0.00801069 -0.00616824 -0.0157986 0.0265026 -0.0243948 0.006885 0.00218494 6.64217e-05 0.0716037 0.0289882 0.00927988 3.80226e-05 1.29757e-05 0.0258486 -0.0183104 0.0423705 3.672e-05 0.0313391
internal_weight=10179.6 84.3333 81.8588 47.1055 7.95579 39.1497 34.7534 32.4004 10095.3 2.353 9.90312 6.2356 10085.4 10075.6 9.77751 2.66218 7.11533 10070.6 4.44574
internal_count=48935 1296 1265 726 150 576 539 337 47639 202 141 115 47498 47142 356 80 276 47113 97
is_linear=0
shrinkage=0.05


Tree=283
num_leaves=25
num_cat=0
split_feature=21 24 1 15 27 42 24 8 15 17 5 9 9 36 39 20 40 13 22 42 15 9 44 25
split_gain=2.16463 5.08648 5.06314 8.02417 10.5236 7.9344 7.68357 10.1701 9.0219 7.37116 5.72309 10.0165 6.6734 8.25335 5.53185 5.04424 7.12411 8.82332 6.29532 7.75978 7.51192 6.04834 4.96832 4.04547
threshold=12.500000000000002 2.2320000000000007 29.500000000000004 -0.11649999999999998 0.30300000000000005 0.31400000000000006 2.3645000000000005 0.78888888888888908 -0.064499999999999988 0.18900000000000003 1.1015000000000004 2.1015000000000006 2.5770000000000004 0.47950000000000004 2.6400000000000001 -6.4999999999999991 0.77450000000000008 1.1060000000000001 0.25833333333333336 0.22300000000000003 -1.0784999999999998 1.2890000000000004 0.50300000000000011 511.50000000000006
decision_type=2 2 2 2 2 2 2 2 2 2 2 2 2 2 2 2 2 2 2 2 2 2 2 2
left_child=2 -2 10 4 5 -4 8 -8 -5 -6 11 22 13 -12 -13 16 21 -18 19 -17 -20 -3 -1 -14
right_child=1 15 3 6 9 -7 7 -9 -10 -11 12 14 23 -15 -16 18 17 -19 20 -21 -22 -23 -24 -25
leaf_value=-0.00063853318134116197 0.055967660766514493 -0.056005130499554745 -0.0092097670987030256 0.048141879265251986 -0.029326535878629986 -0.046401649774094257 0.0041186793388910351 -0.0090066097134386229 -0.007404219310801468 0.033653096505940623 -0.024059094263853747 0.0071420700556522167 0.012832265428387704 -0.0040513033929781726 0.027648433090571418 0.057946515764178155 -0.019478308990112658 0.01263536368486616 -0.033785105522140167 0.012453254787847657 0.004588220805896371 0.0017316644077197759 0.0023379875561330243 -0.011114620669247181
leaf_weight=4314.9969860664878 4.3170194029808036 4.5551115423440924 397.06677837669849 7.4419380649924269 5.8365648761391666 14.877593412995337 790.59414323419333 181.46147424727678 413.05683881044388 22.77540622651577 76.324527776509058 117.9665294510196 60.047948335675756 158.74966301118548 45.600591892391094 10.251961499452589 86.980439215898514 28.363966882228851 14.110160961747168 109.37293496727943 132.65349599719048 1079.6720771323889 2076.6523515770132 24.97036923187261
leaf_count=21057 22 20 1703 35 30 64 3444 774 1761 102 423 892 678 803 347 43 381 123 64 471 570 4744 10102 282
internal_value=-4.95839e-07 0.00177404 -0.000300098 -0.00263497 -0.00851637 -0.010553 -0.000774292 0.00166848 -0.00642117 0.0208059 0.000322429 0.000641204 -0.00620579 -0.0105475 0.012859 0.00161445 0.000232314 -0.0115813 0.00783834 0.0163521 0.00089893 0.0014891 0.000328541 0.00579893
internal_weight=10178.7 1470.28 8708.42 1833.11 440.556 411.944 1392.55 972.056 420.499 28.612 6875.31 6555.22 320.093 235.074 163.567 1465.96 1199.57 115.344 266.389 119.625 146.764 1084.23 6391.65 85.0183
internal_count=48935 6438 42497 7913 1899 1767 6014 4218 1796 132 34584 32398 2186 1226 1239 6416 5268 504 1148 514 634 4764 31159 960
is_linear=0
shrinkage=0.05


Tree=284
num_leaves=20
num_cat=0
split_feature=1 29 1 3 36 39 3 42 11 27 15 36 1 29 9 9 23 14 5
split_gain=2.16247 8.78614 3.93252 6.52786 7.29073 6.45022 5.91441 8.16616 5.59166 3.49673 4.8646 3.473 2.54548 5.38029 5.36911 2.39652 7.89617 7.81136 0.390918
threshold=62.500000000000007 3.0865000000000005 57.500000000000007 1.8250000000000004 0.43100000000000005 2.6625000000000001 1.9245000000000003 0.27000000000000007 31.500000000000004 0.23800000000000002 -0.59649999999999992 0.53450000000000009 55.500000000000007 3.0420000000000003 2.2745000000000002 1.8985000000000001 1.0010000000000006 0.91850000000000021 1.2245000000000001
decision_type=2 2 2 2 2 2 2 2 2 2 2 2 2 2 2 2 2 2 2
left_child=2 9 12 4 -4 -6 8 -8 -5 10 -2 -11 15 14 -14 16 -1 -17 -12
right_child=1 -3 3 6 5 -7 7 -9 -10 11 18 -13 13 -15 -16 17 -18 -19 -20
leaf_value=-9.0174660248555137e-05 -0.0044054838478267229 0.051350291473078048 -0.017100829509766432 0.016873837965470592 0.054561411791692882 -0.010627723092604421 -0.019152150715933264 0.031709652136902793 -0.050083350860268376 0.024333672910426415 -0.073218192258415915 -0.029527814218724826 -0.021956598485678089 0.028342695252243269 0.033699656029861233 -0.0071121646788203279 -0.010274273396364409 0.0031213815495291716 -0.052622342061749483
leaf_weight=8188.8415015217524 5.9253889024257687 4.5387454628944388 6.692458443343642 4.6824377551674834 19.481519982218746 4.7124687731266013 13.267833068966864 19.47646202147007 9.3329916745424253 5.7649355381727201 4.4072919785976428 6.2241490483283997 44.856728792190552 7.6986073553562155 4.7966193407773963 214.84225860247534 194.8608243947383 1412.1372136258287 4.8274780064821243
leaf_count=38606 26 20 30 21 82 20 58 84 39 24 19 26 191 34 22 1077 957 7577 22
internal_value=-5.40703e-07 -0.0130418 4.01911e-05 0.0112495 0.0290875 0.041864 -0.000533205 0.0111007 -0.0277135 -0.0238067 -0.0397642 -0.00362859 -4.62564e-05 -0.0105499 -0.0165801 1.39197e-05 -0.000326882 0.00177004 -0.0624517
internal_weight=10177.4 31.688 10145.7 77.6462 30.8864 24.194 46.7597 32.7443 14.0154 27.1492 15.1602 11.9891 10068 57.352 49.6533 10010.7 8383.7 1626.98 9.23477
internal_count=48935 137 48798 334 132 102 202 142 60 117 67 50 48464 247 213 48217 39563 8654 41
is_linear=0
shrinkage=0.05


Tree=285
num_leaves=25
num_cat=0
split_feature=4 11 44 41 7 23 21 28 9 30 39 24 23 26 43 26 8 27 4 33 8 41 21 11
split_gain=2.13081 5.36023 5.34813 5.56542 6.24021 5.17787 6.14375 4.90059 4.14488 8.03601 7.24858 7.84014 6.99305 6.46284 10.8622 5.87377 5.84884 5.77761 7.31937 5.86649 4.70235 12.8498 6.42973 3.1482
threshold=0.72900000000000009 52.500000000000007 0.42150000000000004 0.45350000000000007 0.33900000000000002 -1.0584999999999998 -6.4999999999999991 0.60100000000000009 1.8985000000000001 1.4525000000000003 2.5895000000000006 2.5400000000000005 1.2540000000000002 0.72750000000000015 0.73750000000000016 0.68450000000000022 0.78888888888888908 0.25550000000000006 1.3900000000000003 0.19850000000000004 0.59166666666666679 0.45250000000000007 13.500000000000002 14.500000000000002
decision_type=2 2 2 2 2 2 2 2 2 2 2 2 2 2 2 2 2 2 2 2 2 2 2 2
left_child=1 2 3 4 -1 7 -7 -4 12 10 16 -12 20 15 -15 -11 -10 18 -14 -19 22 -22 -2 -5
right_child=8 -3 5 23 -6 6 -8 -9 9 13 11 -13 17 14 -16 -17 -18 19 -20 -21 21 -23 -24 -25
leaf_value=-0.056270290342069734 0.0002182869371914792 0.056322822647242657 0.039085631016531591 0.022189071483818008 0.038905862059177287 -0.062035078066752541 -0.0040587632863059711 -0.030222269481788328 0.033408680053243385 0.0015623651989539117 -0.054460881439156818 0.0070540994404750387 -0.0090958224470209584 0.053332897406130265 -0.0057504909251327252 -0.015258175455177811 0.0039040389862417114 -0.024549785019409975 -0.044338604052937478 0.037945008186252877 -0.01267336400157691 -0.00061807502194444316 0.0078599812636902782 0.080273814408552802
leaf_weight=3.4537388397147906 5999.2377381818806 3.820722594857215 12.319565109617541 4.7977652995250519 3.435102145142082 4.6030426844954482 627.75496375773582 3.2163570988923302 53.832681387662888 1067.3109524053289 5.5858748788014045 71.227979125455022 41.798802334815264 15.586619585752489 15.529613463906569 54.553995668422431 24.414824955863878 6.344896398484706 22.751337625086308 9.2003136202692968 257.11491685319925 1575.7104033210198 288.50412367284298 4.5405462458729744
leaf_count=29 28590 16 77 40 21 25 4037 20 258 5129 30 355 214 66 70 251 139 38 111 48 1150 6962 1237 22
internal_value=-5.3095e-07 -0.00273034 -0.00307007 0.0252816 -0.00881096 -0.00378017 -0.00448078 0.024737 0.000191225 0.00280507 0.0134916 0.00258075 -0.000225694 0.00136786 0.0238453 0.000744417 0.0242026 -0.0149274 -0.0215175 0.0124373 -8.06872e-05 -0.00230923 0.000568915 0.0504315
internal_weight=10176.6 667.942 664.121 16.2272 6.88884 647.894 632.358 15.5359 9508.71 1308.04 155.061 76.8139 8200.66 1152.98 31.1162 1121.86 78.2475 80.0953 64.5501 15.5452 8120.57 1832.83 6287.74 9.33831
internal_count=48935 4287 4271 112 50 4159 4062 97 44648 6298 782 385 38350 5516 136 5380 397 411 325 86 37939 8112 29827 62
is_linear=0
shrinkage=0.05


Tree=286
num_leaves=23
num_cat=0
split_feature=19 27 24 15 40 41 19 15 19 8 13 7 31 22 15 30 3 9 16 22 29 44
split_gain=2.1549 4.36343 5.24853 7.11885 8.89725 5.82761 5.45917 3.79274 6.81837 6.64583 6.31745 5.19089 5.3647 4.18185 3.53859 8.44961 8.97137 3.13485 5.26703 4.19841 2.8925 2.44467
threshold=0.44600000000000006 0.33300000000000007 2.4445000000000006 -1.0409999999999997 0.72150000000000014 0.42600000000000005 0.40350000000000003 -0.98349999999999993 1.0365000000000002 1.0000000180025095e-35 0.85950000000000004 0.15600000000000003 0.82650000000000012 0.16666666666666669 -0.93199999999999994 1.3895000000000002 1.1560000000000001 2.3770000000000002 0.44900000000000007 0.5916666666666669 2.3120000000000007 0.48650000000000004
decision_type=2 2 2 2 2 2 2 2 2 2 2 2 2 2 2 2 2 2 2 2 2 2
left_child=1 2 6 5 -5 -4 20 8 9 -2 -11 13 -13 -10 15 21 -17 19 -19 -16 -1 -9
right_child=7 -3 3 4 -6 -7 -8 14 11 10 -12 12 -14 -15 17 16 -18 18 -20 -21 -22 -23
leaf_value=-0.056697664789150552 0.059317810101330685 0.054211204198910658 0.049896126062324346 -0.013668373742111609 0.032210362803125066 -0.000369615792732179 0.062544413521106887 0.022236650613889158 -0.08186863403598342 -0.0064207085190150469 0.0045525263171618448 1.8274148952237688e-05 -0.06170867836430062 -0.020850674189785159 0.00011633234533132866 -0.028438912606130479 0.015379391508170678 0.012380867205850209 -0.0038925728712604136 -0.0056967712436523134 -0.013935839357033726 0.069623582235600084
leaf_weight=6.7141056590335273 4.3021582958754143 4.3023909558542064 5.9312540234823237 14.014546715305185 42.964288226037752 207.15100504503062 1.7036504745483387 4.5202702879905683 6.0056270081549865 426.14407013749587 189.48503906233236 18.329611835535619 4.3565568663179866 5.2737676091492176 8626.0655549581334 15.909209609031675 43.954297795891762 128.65525247121695 81.042736480128951 322.20721229814808 9.6217439119791361 6.8404562398791313
leaf_count=105 24 28 48 137 381 1582 8 21 35 2068 893 96 21 32 40482 69 190 643 417 1440 185 30
internal_value=-5.92813e-07 0.00422961 0.0034832 0.00522741 0.020926 0.00102956 -0.0226285 -0.000125748 -0.00380557 -0.00261048 -0.00304325 -0.0256182 -0.0118355 -0.0533392 0.000134971 0.0112367 0.00373432 4.86296e-05 0.00609161 -9.29845e-05 -0.0315111 0.050769
internal_weight=10175.5 292.403 288.101 270.061 56.9788 213.082 18.0395 9883.09 653.897 619.931 615.629 33.9656 22.6862 11.2794 9229.19 71.2242 59.8635 9157.97 209.698 8948.27 16.3358 11.3607
internal_count=48935 2474 2446 2148 518 1630 298 46461 3169 2985 2961 184 117 67 43292 310 259 42982 1060 41922 290 51
is_linear=0
shrinkage=0.05


Tree=287
num_leaves=24
num_cat=0
split_feature=41 14 13 37 21 36 36 26 15 41 36 37 17 0 21 4 3 40 21 36 4 29 16
split_gain=2.10466 6.42873 7.12586 3.71088 3.68855 4.62251 3.32006 4.94796 4.27509 3.16975 7.32316 7.34806 5.91246 5.38276 5.36951 3.55887 2.41804 4.64115 5.94903 5.84281 3.53988 5.61703 3.61772
threshold=0.41550000000000004 0.81350000000000011 1.6610000000000003 0.42900000000000005 -1.4999999999999998 0.46500000000000008 0.40250000000000008 0.45300000000000007 -0.43399999999999994 0.41900000000000004 0.46150000000000008 0.55150000000000021 0.30600000000000005 6.5000000000000009 -9.4999999999999982 1.0815000000000003 0.67300000000000015 0.72050000000000003 -26.499999999999996 0.36650000000000005 1.9025000000000001 2.8575000000000004 0.70500000000000007
decision_type=2 2 2 2 2 2 2 2 2 2 2 2 2 2 2 2 2 2 2 2 2 2 2
left_child=1 4 6 -4 5 -1 8 -8 -3 10 11 -2 -13 15 -15 -12 17 19 -19 -11 22 -22 -18
right_child=9 2 3 -5 -6 -7 7 -9 -10 16 13 12 -14 14 -16 -17 20 18 -20 -21 21 -23 -24
leaf_value=-0.0035669274366464825 0.071914936894048112 -0.005232384977521526 0.010784719083619087 0.075106144377424341 0.010905478323256806 -0.080655836659306313 -0.0087938138041931922 0.019558830770930586 0.065746117473145974 -0.032939059469125995 -0.030395933188193287 -0.02914465611719004 0.033381371228044555 0.0066834391383711056 -0.05931568357735803 0.022552145240038523 -0.00022812885414287478 0.022202331226677759 -0.0015705503144989941 -0.0061773627924132995 0.0074182530227791602 -0.0030655009948309972 0.0056057861171842065
leaf_weight=3.4734305326710455 3.9855126691982177 3.6538660997757688 3.4628736749291402 6.3621159540489316 4.2833754000785103 4.4181354019092396 36.821357959503075 26.435448634147178 5.0583085864782316 22.995194514518516 6.0761327900545457 9.4337399132200499 6.3095514029264441 3.926764294505122 14.320971196633762 6.643554762005806 8475.2071183440858 27.882496982812881 468.45108202645315 180.40582815767812 390.40382452314952 189.91912737494567 274.34022510470822
leaf_count=22 20 23 16 32 26 23 176 124 24 151 29 46 28 17 68 32 39274 124 2933 1113 2206 1113 1315
internal_value=-6.00134e-07 0.00744764 0.0124932 0.0524357 -0.0264499 -0.0467256 0.00704042 0.00305495 0.0359779 -7.00329e-05 -0.012541 0.0112676 -0.00408565 -0.027709 -0.0451132 -0.00274089 -6.99643e-06 -0.00284185 -0.000235063 -0.00920287 0.000205616 0.00398729 -4.52077e-05
internal_weight=10174.3 93.9689 81.794 9.82499 12.1749 7.89157 71.969 63.2568 8.71217 10080.3 50.6962 19.7288 15.7433 30.9674 18.2477 12.7197 10029.6 699.735 496.334 203.401 9329.87 580.323 8749.55
internal_count=48935 466 395 48 71 45 347 300 47 48469 240 94 74 146 85 61 48229 4321 3057 1264 43908 3319 40589
is_linear=0
shrinkage=0.05


Tree=288
num_leaves=23
num_cat=0
split_feature=7 29 15 36 17 10 21 25 4 31 24 8 42 31 25 39 11 41 9 5 30 14
split_gain=2.17223 4.60706 4.62922 4.5651 6.04021 5.21123 4.53887 3.46345 2.89742 4.14281 4.11279 3.72455 4.44331 3.4934 2.74535 7.22121 6.74674 5.19302 3.07388 9.0144 6.64305 2.29124
threshold=0.57500000000000007 1.7185000000000001 -0.95099999999999985 0.44750000000000006 0.39650000000000007 13.500000000000002 5.5000000000000009 508.50000000000006 0.34500000000000003 0.77400000000000013 2.5715000000000008 0.59166666666666679 0.27750000000000008 0.66850000000000021 513.50000000000011 2.5010000000000003 4.5000000000000009 0.48050000000000004 1.9110000000000003 0.93550000000000011 1.429 1.6610000000000003
decision_type=2 2 2 2 2 2 2 2 2 2 2 2 2 2 2 2 2 2 2 2 2 2
left_child=8 -2 6 4 -4 -5 7 -3 9 10 13 -11 -13 -1 18 16 -16 -17 19 -10 -20 -12
right_child=1 2 3 5 -6 -7 -8 -9 14 11 21 12 -14 -15 15 17 -18 -19 20 -21 -22 -23
leaf_value=-0.050021248778170241 -0.060585202540520799 -0.025553396523476424 -0.024926246058502053 0.016664246108570254 0.017302688074889903 -0.042017003582654575 0.079919406442114149 0.034919621335955435 3.6152463520428957e-05 -0.068490209061036783 -0.058618077814368535 0.021451869671579821 -0.026557636720846531 0.017880030384943981 0.052078020709168941 -0.011349477848106833 0.0049499805437242667 -0.0017857559298781378 0.011804394952351648 -0.0132378262986382 0.0011286635529056766 -0.022607497479260087
leaf_weight=2.5418469054784527 2.4795520412262695 3.2938204401871181 23.428301252890378 56.158462185268945 13.260716646505896 4.0566962603479615 3.9458202496170989 8.4208523432171187 7588.3036118508608 1.7086576500150865 8.3426491090795043 17.114055217680292 6.7085442047682582 7.4346741579065565 8.115767502516972 218.35029134395882 118.13815855950816 405.61147088755388 163.0141166934045 130.09388620749814 1373.3444762318977 9.387891828271675
leaf_count=82 19 25 124 644 200 30 19 63 35182 22 91 236 98 176 55 1035 533 1945 833 621 6618 284
internal_value=-6.12076e-07 0.00683096 0.00831599 0.0042398 -0.00966321 0.0127109 0.0335387 0.0179164 -7.87506e-05 -0.0117123 -0.0251012 0.00281769 0.00793219 0.000579946 -1.68464e-05 -0.00292589 0.00797943 -0.0051325 0.000218969 -0.000187581 0.0022614 -0.0395513
internal_weight=10173.3 115.044 112.565 96.9042 36.689 60.2152 15.6605 11.7147 10058.2 53.2383 27.7071 25.5313 23.8226 9.97652 10005 750.216 126.254 623.962 9254.76 7718.4 1536.36 17.7305
internal_count=48935 1124 1105 998 324 674 107 88 47811 989 633 356 334 258 46822 3568 588 2980 43254 35803 7451 375
is_linear=0
shrinkage=0.05


Tree=289
num_leaves=25
num_cat=0
split_feature=4 11 40 23 20 32 11 23 24 9 15 19 16 15 18 42 19 15 4 39 16 11 11 0
split_gain=2.15404 6.1364 5.68091 7.1894 5.04106 4.72169 4.91604 4.74598 4.29596 8.23665 7.98996 9.99375 7.86351 12.7787 8.84654 7.82946 4.57981 10.8407 14.8664 8.4903 11.3744 6.02085 5.52397 1.21465
threshold=0.85450000000000015 56.500000000000007 0.68400000000000016 1.0555000000000003 -10.499999999999998 0.30700000000000005 3.5000000000000004 0.21400000000000008 3.1680000000000006 1.0785000000000002 -0.98349999999999993 1.1130000000000002 0.32050000000000006 0.11300000000000002 0.29999999999999999 0.28200000000000008 1.6545000000000003 0.6170000000000001 1.8910000000000002 2.5985000000000005 0.43900000000000006 47.500000000000007 18.500000000000004 1.5000000000000002
decision_type=2 2 2 2 2 2 2 2 2 2 2 2 2 2 2 2 2 2 2 2 2 2 2 2
left_child=1 2 3 4 -1 6 -4 -7 16 10 15 -12 14 -14 -11 -10 17 21 -19 20 -18 -2 -21 -5
right_child=8 -3 5 23 -6 7 -8 -9 9 12 11 -13 13 -15 -16 -17 19 18 -20 22 -22 -23 -24 -25
leaf_value=-0.047137803004571904 -0.00072637641217818398 0.051413291771178704 0.016348079715731125 0.041376400837217442 0.014179962459689411 0.0012789193637623682 -0.046415897773324666 -0.0050419751061077855 -0.012362241905704272 0.0026886251161299091 0.054774418261892499 -0.022824040952366877 -0.0080652593371152367 0.010468287781996986 0.0128302059662535 -0.058556764678037047 0.034494268196659586 -0.0090879377603861663 -0.062264131241524745 0.0044719084581491958 0.0033068444211509906 -0.040267352503986803 -0.003560442180160505 0.083980558513653658
leaf_weight=3.8074709363281753 4607.5046938107116 5.3706794679164878 4.2494245250163649 3.1794946249574414 28.012728408177281 512.8903212803616 11.736822473445498 705.39881949427217 28.536583821289241 663.01667915150756 7.8404284588759792 8.8131112037808617 291.17194268666208 136.65636670123786 318.2462366282125 13.517538387328385 29.825321983313188 80.633524880744517 15.703125795582308 278.31885653825884 1478.1664487853122 9.6474286019802076 926.86519700288773 3.5307363832835108
leaf_count=21 20831 23 56 18 153 2642 74 4079 165 3343 145 132 1363 805 1475 75 153 377 85 1716 7109 41 4031 23
internal_value=-6.3403e-07 -0.00191994 -0.00214499 0.0167611 0.00684294 -0.00273518 -0.0297321 -0.00238093 0.00027518 0.00274693 -0.015603 0.013709 0.00351145 -0.0021453 0.00597777 -0.0272106 -0.000213334 -0.00115536 -0.0177558 0.00142322 0.00392367 -0.000808996 -0.00170549 0.0637935
internal_weight=10172.6 1278.18 1272.81 38.5304 31.8202 1234.28 15.9862 1218.29 8894.46 1467.8 58.7077 16.6535 1409.09 427.828 981.263 42.0541 7426.66 4713.49 96.3367 2713.18 1507.99 4617.15 1205.18 6.71023
internal_count=48935 7089 7066 215 174 6851 130 6721 41846 7503 517 277 6986 2168 4818 240 34343 21334 462 13009 7262 20872 5747 41
is_linear=0
shrinkage=0.05


Tree=290
num_leaves=30
num_cat=0
split_feature=7 21 7 17 9 8 59 5 20 21 32 37 40 17 44 37 15 44 33 44 15 37 12 43 44 44 27 42 4
split_gain=2.10417 8.42229 10.7699 9.37811 8.4256 9.87898 7.56446 6.2241 11.3512 8.18991 6.06279 8.1012 6.50585 5.33109 7.61835 7.29543 9.2536 6.49504 6.27906 5.90092 5.35778 4.98397 4.61452 7.00607 4.86019 4.39359 3.75486 4.09289 2.8982
threshold=0.11300000000000002 -13.499999999999998 0.054500000000000007 0.081500000000000017 0.89100000000000013 0.12222222222222222 27.500000000000004 -0.8909999999999999 4.5000000000000009 2.5000000000000004 0.35000000000000003 0.66700000000000015 0.77150000000000019 0.075500000000000012 0.49900000000000005 0.59750000000000003 -0.57799999999999985 0.43450000000000005 0.35650000000000004 0.38900000000000007 0.36900000000000005 0.42650000000000005 3.5000000000000004 0.68600000000000005 0.41650000000000004 0.55200000000000016 0.21600000000000003 0.25150000000000006 1.8440000000000003
decision_type=2 2 2 2 2 2 2 2 2 2 2 2 2 2 2 2 2 2 2 2 2 2 2 2 2 2 2 2 2
left_child=1 2 26 10 5 -4 -6 9 -9 -5 12 -12 -3 14 17 25 -17 21 -19 20 -15 -2 23 -21 -24 -16 28 -28 -1
right_child=13 3 4 7 6 -7 -8 8 -10 -11 11 -13 -14 19 15 16 -18 18 -20 22 -22 -23 24 -25 -26 -27 27 -29 -30
leaf_value=-0.056451640681700256 -0.030080060530170323 -0.033318638807357963 -0.0012977358240973131 0.0023763809561306599 0.013509468715552942 0.050077524429556076 -0.04657332785956525 -0.004357277099272347 -0.020650824937090435 0.064355051033353164 0.0058299214252128442 0.10382903340492688 0.041978280399609519 0.062421309633889865 0.0049249540345173157 0.021956353194533592 -0.04995610082466035 -0.012829704844287202 0.0061498572046679474 -0.038193808480729202 -0.0081781556832510351 0.032798275415540055 -0.011776012590805171 0.012924741000698134 0.00055289346750010953 0.04967420902152847 -0.032382877363865872 0.02942786427687101 -0.011461895485531531
leaf_weight=6.9683772921562213 3.9760422892868545 17.759432662875046 13.207854092121122 130.30814666734659 28.145267724990845 32.094973176717758 6.4366814643144599 791.79872715240344 123.57663144625258 5.557411700487136 297.15788773198437 2.1239204855955895 3.421399970771744 7.2795811138930713 187.03314874623902 6.774599830532682 13.169871489517389 304.95601303878357 50.842779957980383 7.101593957442673 4.259938046336174 15.196271518245338 80.754740469157696 119.36718844919233 7887.2796477869269 5.6508621222455977 4.3980508744716627 6.8487469255924225 7.3609903603792191
leaf_count=30 23 219 62 680 123 140 27 3780 577 25 3053 26 34 35 912 40 74 1549 253 79 22 81 361 1350 35267 32 20 29 32
internal_value=-5.26274e-07 -0.00174522 0.011871 -0.00279208 0.0209119 0.0350993 0.00232636 -0.0050747 -0.00655692 0.00491154 0.00469582 0.00652539 -0.0211557 0.00029592 -0.00430284 0.00325762 -0.0255294 -0.00859002 -0.0101176 0.00062928 0.0363588 0.0197583 0.000578344 0.0100543 0.000427942 0.00623732 -0.0163678 0.00525683 -0.0333404
internal_weight=10170.8 1477.16 105.461 1371.7 79.8848 45.3028 34.5819 1051.24 915.375 135.866 320.463 299.282 21.1808 8693.64 587.6 212.628 19.9445 374.971 355.799 8106.04 11.5395 19.1723 8094.5 126.469 7968.03 192.684 25.5762 11.2468 14.3294
internal_count=48935 8857 463 8394 352 202 150 5062 4357 705 3332 3079 253 40078 2964 1058 114 1906 1802 37114 57 104 37057 1429 35628 944 111 49 62
is_linear=0
shrinkage=0.05


Tree=291
num_leaves=25
num_cat=0
split_feature=36 23 2 40 42 21 22 15 36 11 23 20 30 14 23 23 26 16 32 39 40 33 18 17
split_gain=2.07927 5.44885 5.54977 5.56851 5.68507 4.52301 6.9687 10.4326 6.48374 5.20631 8.1749 8.15304 3.83859 3.54682 6.75858 6.42527 5.70787 3.53233 5.45543 3.66975 3.16616 10.2306 6.40643 2.37884
threshold=0.56700000000000006 1.0555000000000003 19.500000000000004 0.68650000000000011 0.24350000000000002 -8.4999999999999982 -0.69999999999999984 0.59650000000000014 0.64000000000000012 18.500000000000004 0.41400000000000009 4.5000000000000009 1.6065000000000003 0.55800000000000016 0.76950000000000018 0.6665000000000002 0.11600000000000002 0.90450000000000019 0.31100000000000005 2.4520000000000004 0.75850000000000006 0.26050000000000006 1.0000000180025095e-35 0.49150000000000005
decision_type=2 2 2 2 2 2 2 2 2 2 2 2 2 2 2 2 2 2 2 2 2 2 2 2
left_child=13 5 3 -3 -5 6 7 -2 -8 10 -7 -11 -4 14 15 16 -1 20 -19 -20 22 -22 -15 -16
right_child=1 2 12 4 -6 9 8 -9 -10 11 -12 -13 -14 17 23 -17 -18 18 19 -21 21 -23 -24 -25
leaf_value=0.030803561991324738 0.046459978306970469 0.074481694716156496 0.011333899619103366 -0.023378570889501068 0.012122226758965605 0.0067362002369266236 0.0052640048226477729 -0.040983255318506787 0.029445794212808796 -0.0013949209618892577 -0.0049002347239832256 -0.019652021316629083 0.066387276653748814 -0.011020398629974743 -0.074304967629017102 0.066309775767784671 -0.0086063592496238538 -0.1022071843241293 -0.059933386471991618 0.036679953635186814 0.0010932702430725397 -0.0067885379895361716 0.00050572244131745535 -0.019246708659553365
leaf_weight=9.7275395897413528 4.3148120939731625 3.0535347210243335 5.4153034836053831 13.813304140203398 61.422001194092445 475.33141722590699 346.09288313984871 16.284096521325409 30.133196517825127 936.07274597883224 221.15625528839882 65.423833444714546 7.6236697733402252 123.0448780599836 4.8009246615692955 3.0903790352167553 165.52702791606862 0.82261941814795392 1.0560782304964949 14.181623806536662 994.46446075885615 702.5693969562999 5960.844705923344 3.3174412684020353
leaf_count=83 19 16 23 96 414 2690 1526 76 138 4120 1166 294 33 1079 32 21 1508 6 20 270 4614 3247 27406 38
internal_value=-5.83227e-07 0.00136567 0.0133208 0.00829069 0.00560423 0.000844456 0.0056504 -0.0226667 0.0072008 -0.000278712 0.00304127 -0.00258759 0.0435227 -0.000374708 -0.00718963 -0.00515865 -0.0064189 -0.000211731 0.0232131 0.029984 -0.000260081 -0.00216979 0.00027261 -0.0518063
internal_weight=10169.6 2186.14 91.3278 78.2888 75.2353 2094.81 396.825 20.5989 376.226 1697.98 696.488 1001.5 13.039 7983.45 186.463 178.345 175.255 7796.98 16.0603 15.2377 7780.92 1697.03 6083.89 8.11837
internal_count=48935 10611 582 526 510 10029 1759 95 1664 8270 3856 4414 56 38324 1682 1612 1591 36642 296 290 36346 7861 28485 70
is_linear=0
shrinkage=0.05


Tree=292
num_leaves=31
num_cat=0
split_feature=18 18 8 23 1 10 44 6 14 15 5 16 42 5 59 26 28 14 20 15 14 15 14 16 44 5 5 24 15 40
split_gain=2.06413 6.97378 11.2339 7.0579 8.0726 6.71611 7.32274 6.45243 6.12096 5.84313 8.04653 6.12808 5.67763 7.93089 5.65037 5.34114 4.47745 7.93103 10.4976 9.34872 7.77961 4.99074 8.42603 7.64584 6.38472 4.5886 4.25367 7.32442 7.27652 3.89005
threshold=0.36666666666666675 0.29999999999999999 0.18333333333333332 0.93300000000000005 31.500000000000004 11.500000000000002 0.49150000000000005 0.76700000000000013 1.8835000000000002 0.31100000000000005 -0.90699999999999992 0.43400000000000005 0.26750000000000007 -0.31399999999999995 9.5000000000000018 0.34250000000000008 0.11900000000000001 1.4750000000000003 -7.4999999999999991 0.26800000000000007 1.6380000000000001 -0.98349999999999993 2.2545000000000006 0.24550000000000002 0.47200000000000003 0.31100000000000005 1.1315000000000002 3.3335000000000004 -0.71699999999999986 0.75500000000000012
decision_type=2 2 2 2 2 2 2 2 2 2 2 2 2 2 2 2 2 2 2 2 2 2 2 2 2 2 2 2 2 2
left_child=1 2 12 4 7 15 -7 -3 -6 11 -11 -4 13 -1 -14 -5 17 19 20 25 -19 22 24 -24 -18 -2 27 -23 -28 -20
right_child=16 3 9 5 8 6 -8 -9 -10 10 -12 -13 14 -15 -16 -17 21 18 29 -21 -22 26 23 -25 -26 -27 28 -29 -30 -31
leaf_value=-0.0030010826451649921 0.0037054213769019228 0.0028273757874797442 -0.0010589046898589088 0.074190933472377291 0.012948534840544977 -0.00187131715655562 -0.036393367696877954 0.062200311496032612 0.060178757307110933 0.07424958950362924 0.0072866174654385831 -0.015862516886844279 -0.003152534939346105 0.03959479988860324 0.034721761891023932 0.0032790662050713767 0.0037680372796627566 -0.017234843338669207 -0.020437667222466194 -0.043882379298851887 0.036697999635585135 -0.00059256428968088872 0.075023174704254125 -0.00062561612907602554 -0.026177367445089684 0.043492597727562032 -0.048510244589223234 0.0084782759756671655 -0.0049592763717380651 -0.07421671538868832
leaf_weight=58.904630240926053 9.6261442117392999 613.83178521439368 2552.3344998771081 2.8731574956327668 208.77554580569267 32.699283425696194 28.9703176531184 4.6103727519512168 7.0929837226867667 4.6732330213999367 112.0970019500237 71.87709220033139 12.747930712183004 13.416625276207922 43.282377727329731 35.042767008635565 24.84347290234291 11.220363020896913 12.528487578034403 4.3183350460894863 16.546972082287539 5654.2734618504419 4.7404984910390366 11.306776439771054 62.78419096962898 29.315070826094598 9.9343817904591543 231.66313897751388 277.55911376670701 4.5961196011630809
leaf_count=297 45 3218 12681 16 901 173 152 26 31 28 495 315 92 61 191 175 123 48 56 27 74 26489 39 64 330 138 47 1252 1327 24
internal_value=-5.12383e-07 0.000921086 -0.000300395 0.00467401 0.00617574 -0.00790726 -0.0180886 0.00326999 0.0145004 -0.0009774 0.00996653 -0.00146438 0.0141572 0.00490106 0.0261047 0.00865256 -0.000551166 0.0106391 -0.00408319 0.025917 0.0149045 -0.000708315 -0.0115876 0.0217217 -0.0176875 0.0336573 -0.000525612 -0.000235547 -0.00646419 -0.0348716
internal_weight=10168.5 3803.23 2869.33 933.896 834.311 99.5855 61.6696 618.442 215.869 2740.98 116.77 2624.21 128.352 72.3213 56.0303 37.9159 6365.26 88.1515 44.8919 43.2596 27.7673 6277.11 103.675 16.0473 87.6277 38.9412 6173.43 5885.94 287.493 17.1246
internal_count=48935 18852 14160 4692 4176 516 325 3244 932 13519 523 12996 641 358 283 191 30083 412 202 210 122 29671 556 103 453 183 29115 27741 1374 80
is_linear=0
shrinkage=0.05


Tree=293
num_leaves=27
num_cat=0
split_feature=19 39 39 24 19 36 19 30 25 30 15 19 13 42 24 34 25 4 9 16 13 24 6 31 5 24
split_gain=2.0696 4.63777 5.20099 5.24152 5.79719 5.77034 5.07657 8.87654 4.23805 4.16994 3.26046 5.93933 7.14691 8.21825 6.3848 4.53564 5.05794 4.7262 3.1858 4.95642 5.25647 4.83119 3.92655 11.2956 3.76724 1.60393
threshold=0.44600000000000006 2.7950000000000004 2.6535000000000006 2.4445000000000006 0.40350000000000003 0.40350000000000008 0.39650000000000007 1.506 508.50000000000006 1.6450000000000002 -0.98349999999999993 0.90250000000000019 0.85950000000000004 0.30650000000000005 4.2040000000000015 0.44950000000000007 509.50000000000006 0.85950000000000004 2.3770000000000002 0.44900000000000007 1.3390000000000002 2.3755000000000002 0.72550000000000014 0.7945000000000001 1.5100000000000002 3.8035000000000001
decision_type=2 2 2 2 2 2 2 2 2 2 2 2 2 2 2 2 2 2 2 2 2 2 2 2 2 2
left_child=1 2 3 4 -1 -5 9 -8 -3 -4 11 12 14 -14 -2 16 -13 -17 22 20 -20 -21 24 -24 -12 -10
right_child=10 8 6 5 -6 -7 7 -9 25 -11 18 15 13 -15 -16 17 -18 -19 19 21 -22 -23 23 -25 -26 -27
leaf_value=-0.030293968213337897 -0.0065119242777328936 -0.0062047121199525932 -0.01985388436968499 0.029307602915952448 0.068810876537382715 0.0053674145551886356 0.053924365294970827 -0.02578718508954389 0.081536510258509234 0.050173950423577376 1.8921583091443985e-05 -0.0016353155511754755 0.011387693485974681 -0.026279223362810574 0.023171558186680992 -0.036297187694111409 -0.047400780875906073 -0.0020999702982722255 0.0065395647251181733 0.045679991780029475 0.030001932554911532 -0.0065291487855229065 -0.023848928617225547 0.016288668868037121 0.018558518022248227 0.031739480878150227
leaf_weight=14.835105040678172 380.74469252221752 3.6503220495069382 48.718110808986239 29.537227745153359 1.6385814845561988 170.2421709051705 7.5694967471063119 6.4844288006424904 3.8893818439682946 2.2228235137881702 8904.9948838147448 9.020988658070566 140.40799730550498 16.146271083503962 19.020827874657698 12.28951424313709 18.252723407000303 56.799822624074295 97.29362756642513 4.7046121151652178 31.633794059976935 76.185843058861792 54.804257087409496 25.771385446190834 27.485323245869949 2.7677381394023541
leaf_count=239 1827 28 471 228 8 1358 39 33 26 16 41701 47 663 79 90 90 89 284 491 34 154 383 271 119 139 28
internal_value=-4.7554e-07 0.00415131 0.00294407 0.00667164 -0.0204363 0.00890695 -0.00945845 0.0171458 0.037092 -0.0167982 -0.000123048 -0.0035382 -0.00155311 0.0075029 -0.00509959 -0.0149985 -0.0322635 -0.00818292 0.000118635 0.00620925 0.0122963 -0.00349265 -2.31506e-05 -0.0110113 7.59681e-05 0.0608331
internal_weight=10167.1 291.555 281.248 216.253 16.4737 199.779 64.9949 14.0539 10.3074 50.9409 9875.56 652.683 556.32 156.554 399.766 96.363 27.2737 69.0893 9222.87 209.818 128.927 80.8905 9013.06 80.5756 8932.48 6.65712
internal_count=48935 2474 2392 1833 247 1586 559 72 82 487 46461 3169 2659 742 1917 510 136 374 43292 1062 645 417 42230 390 41840 54
is_linear=0
shrinkage=0.05


Tree=294
num_leaves=23
num_cat=0
split_feature=8 18 17 59 4 15 26 27 14 5 28 18 31 4 39 7 6 39 17 5 1 17
split_gain=2.10585 5.56074 4.66866 5.97512 6.46656 4.91653 4.83432 5.28665 3.4512 3.3782 6.1946 5.89453 7.81239 4.49853 3.01153 2.83196 8.99272 7.67023 6.17438 7.51496 5.4174 4.97444
threshold=0.074999999999999969 0.18333333333333332 0.060500000000000005 11.500000000000002 1.6940000000000002 -0.10399999999999998 0.10250000000000002 0.26850000000000007 1.5810000000000002 -1.6604999999999996 0.63050000000000017 0.51666666666666672 0.75350000000000017 2.6125000000000003 2.6950000000000007 0.093000000000000013 0.12250000000000001 2.5135000000000001 0.08900000000000001 -1.1889999999999998 17.500000000000004 0.19100000000000003
decision_type=2 2 2 2 2 2 2 2 2 2 2 2 2 2 2 2 2 2 2 2 2 2
left_child=1 8 3 5 -5 -3 -4 -8 -1 10 11 12 -2 -12 -13 16 21 -18 19 -17 -20 -11
right_child=9 2 6 4 -6 -7 7 -9 -10 15 13 14 -14 -15 -16 18 17 -19 20 -21 -22 -23
leaf_value=0.0042181111179278542 0.028517915219083007 -0.025650450611378408 -0.066135898776719215 -0.0040029319206896534 0.08568529213322397 0.012540582229962625 -0.0021792719855751991 -0.015627582939879852 0.069012688808820263 -0.00017882836029723206 0.0073517839279219474 0.037527059351343872 -0.048256269166011598 -0.066820762520851881 0.09642182459789983 -0.033286474249529505 0.0056209160237513369 -0.0049901810549142223 0.002650283990882565 -0.003175108718803252 -0.00012701484168155228 0.080880395548419637
leaf_weight=3.9968556873500329 10.231856488477208 11.304907839512451 3.2808625996112815 3.4005974133615364 4.9138058649259619 33.103561341238674 324.79438476840005 94.293381938128732 4.2301568500697613 3.0412275833077711 5.0287375022016914 12.212078459822804 4.9005852838163255 3.4443425261415541 2.6397565425431813 21.370033173996489 215.2317035189626 815.88680737862887 2633.6775440793317 682.01629475553636 5267.8835603967309 5.0116621502675116
leaf_count=18 70 71 15 19 22 715 1489 439 23 65 35 99 33 21 17 116 1293 4832 13272 3340 22908 23
internal_value=-4.71311e-07 -0.00322146 -0.00392721 0.0101017 0.0490027 0.00281843 -0.00567839 -0.0052051 0.0375341 0.000160309 0.01495 0.0256175 0.00365488 -0.0227997 0.047995 0.000101333 -0.00236421 -0.00277526 0.000399083 -0.00408994 0.00079869 0.0502678
internal_weight=10165.9 483.319 475.092 52.7229 8.3144 44.4085 422.369 419.088 8.22701 9682.58 38.4574 29.9843 15.1324 8.47308 14.8518 9644.12 1039.17 1031.12 8604.95 703.386 7901.56 8.05289
internal_count=48935 2811 2770 827 41 786 1943 1928 41 46124 275 219 103 56 116 45849 6213 6125 39636 3456 36180 88
is_linear=0
shrinkage=0.05


Tree=295
num_leaves=27
num_cat=0
split_feature=3 41 26 19 12 25 19 26 41 14 17 25 41 6 2 15 7 10 19 28 16 14 13 40 41 21
split_gain=2.06775 5.24759 5.05333 6.62285 9.33619 9.19753 4.57419 3.87974 5.81266 4.51794 2.87763 5.09303 5.68945 7.16822 5.21313 5.25607 4.41817 2.76648 7.35961 7.01037 6.63812 4.1443 6.50091 4.56763 2.13769 1.11447
threshold=0.70200000000000007 0.55100000000000016 0.14400000000000002 1.7400000000000004 27.500000000000004 509.50000000000006 1.8960000000000001 0.11900000000000001 0.48550000000000004 1.0725000000000002 0.58550000000000002 507.50000000000006 0.49900000000000005 0.19600000000000004 5.5000000000000009 -0.60349999999999981 0.36200000000000004 1.5000000000000002 1.8960000000000001 0.47700000000000004 0.56600000000000006 1.2155000000000002 1.2405000000000002 0.69900000000000007 0.47850000000000004 -3.4999999999999996
decision_type=2 2 2 2 2 2 2 2 2 2 2 2 2 2 2 2 2 2 2 2 2 2 2 2 2 2
left_child=1 2 7 5 -5 -4 25 9 -9 -1 17 14 16 -14 15 -12 -13 18 19 -2 -20 23 -23 -19 -16 -3
right_child=10 6 3 4 -6 -7 -8 8 -10 -11 11 12 13 -15 24 -17 -18 21 20 -21 -22 22 -24 -25 -26 -27
leaf_value=0.010436788173842075 -0.074967259766823391 -0.075176519537022576 -0.010580321178991561 0.0074692565728526408 0.095042061828450694 0.0035235079528988995 0.012577669262716019 -0.0051206275385819282 -0.02864211897999655 -0.01493687406577858 -0.06744601228584618 0.023472149186681918 0.067589706810429348 -0.030231318170595513 0.029731737773705993 0.021176629031616909 -0.0094569131934067741 0.0036418974120229217 0.029116727061509601 -0.002933644103910801 0.0032432571918440027 -0.00051987887538365314 0.0031538781008669638 -0.0020798775139273143 0.077463169894694761 -0.036347818276743105
leaf_weight=41.155755521769606 5.6915863305330268 4.2889152616262436 208.57196305787329 148.34012350202102 3.1072353124618521 259.30773812840198 3.242329546061228 60.008810627310595 46.710282738793467 30.577713415026665 1.9062662227079261 28.555486106313765 2.0867447223281514 18.264744038096978 4.0796089544892293 13.675979555235246 15.835332570713943 393.29031168627262 26.060964856296778 8.3078098744153959 508.29328115127282 3367.3028136191278 1874.5445615394274 3082.9426691451663 5.5191611051559448 3.2471018440664903
leaf_count=242 26 21 1150 1193 14 1416 26 336 273 135 15 164 91 111 19 155 239 1844 118 36 2339 15721 8984 14213 29 25
internal_value=-4.53441e-07 -0.00242631 -0.00195811 0.000177972 0.00926598 -0.00276371 -0.0370808 -0.00937149 -0.0154158 -0.000379203 0.000209184 0.00911051 0.00168947 -0.0202012 0.0281905 0.0103349 0.0117255 0.000122804 0.00356755 -0.0322196 0.00450513 -9.38652e-05 0.000793899 -0.00143253 0.0571767 -0.0584461
internal_weight=10164.9 808.558 797.78 619.327 151.447 467.88 10.7783 178.453 106.719 71.7335 9356.36 89.9233 64.7423 20.3515 25.181 15.5822 44.3908 9266.43 548.354 13.9994 534.354 8718.08 5241.85 3476.23 9.59877 7.53602
internal_count=48935 4831 4759 3773 1207 2566 72 986 609 377 44104 823 605 202 218 170 403 43281 2519 62 2457 40762 24705 16057 48 46
is_linear=0
shrinkage=0.05


Tree=296
num_leaves=27
num_cat=0
split_feature=19 29 21 15 42 22 16 36 22 39 29 9 15 15 6 19 7 41 15 41 41 13 42 21 29 11
split_gain=2.01844 7.0436 8.22762 6.97528 6.72424 7.00823 6.20573 5.98101 5.99657 5.34717 8.32879 6.06902 4.74768 5.15106 6.72862 5.05718 4.63463 3.64685 2.9729 6.58166 10.5897 9.0782 2.85353 4.55228 4.22928 2.12134
threshold=0.64150000000000007 2.2965000000000004 31.500000000000004 -1.2454999999999998 0.26850000000000007 0.15000000000000002 0.17750000000000002 0.44150000000000006 0.29999999999999999 2.6650000000000005 1.9450000000000003 1.6130000000000002 -0.98349999999999993 -1.7099999999999997 0.82700000000000007 1.0365000000000002 0.18050000000000002 0.47700000000000004 -0.93199999999999994 0.47050000000000003 0.51050000000000006 0.87750000000000006 0.25050000000000006 9.5000000000000018 3.2450000000000006 3.5000000000000004
decision_type=2 2 2 2 2 2 2 2 2 2 2 2 2 2 2 2 2 2 2 2 2 2 2 2 2 2
left_child=1 2 9 7 6 -6 -5 16 -9 11 -11 -1 13 25 15 -15 -3 -16 19 21 -21 -14 24 -24 -20 -2
right_child=12 3 -4 4 5 -7 -8 8 -10 10 -12 -13 18 14 17 -17 -18 -19 22 20 -22 -23 23 -25 -26 -27
leaf_value=-0.0050507416529222927 0.053234286712913283 0.066336618826348087 -0.06813093785233014 0.0015005959513323458 0.045957175965996362 0.014213094561283371 0.03954648619565615 0.012396224867806591 -0.0087612854575132779 0.022721096621130064 -0.026627730919170475 0.01597111008254264 -0.045034219598059103 -0.0037881373601186792 -0.012354056070438964 -0.02501623842164007 0.0072358477919279981 -0.080137080981143777 0.0015455673784672346 0.042587694112551602 -0.013484368913077915 0.037963371061898066 -0.0012445837921827862 0.0023744722052474539 -0.013204417135302286 0.0056214180764672297
leaf_weight=117.0106313356664 4.9909689091145975 5.4234266817802554 5.0126468911766997 156.03432965670072 20.691035536990967 108.88063984180917 11.508629053831099 43.897317603972624 141.25702332999208 10.632078280730637 43.661419971482246 48.590965474315453 9.5728456974029523 334.5711077011656 3.4322938122786564 30.624076219741255 8.5414922599447873 4.7037788080051541 2765.8795818574799 24.292418465018272 12.887457750737665 5.02359515428543 5146.176255243503 1045.435281066224 49.467693414073437 4.4033179730176926
leaf_count=614 28 64 24 972 118 663 53 255 1062 63 264 428 43 1578 20 162 51 28 12946 105 57 21 24530 4532 232 22
internal_value=-4.41833e-07 0.00254924 -0.0047908 0.00587595 0.0107289 0.0192822 0.00411399 -0.00136529 -0.00374516 -0.00334692 -0.0169639 0.00111751 -0.000195187 -0.00565002 -0.00657017 -0.00556826 0.0301883 -0.051542 3.52761e-05 0.011982 0.0231517 -0.0164693 -3.33997e-05 -0.000633517 0.0012864 0.030917
internal_weight=10162.6 721.142 224.908 496.234 297.115 129.572 167.543 199.119 185.154 219.895 54.2935 165.602 9441.46 382.726 373.331 365.195 13.9649 8.13607 9058.74 51.7763 37.1799 14.5964 9006.96 6191.61 2815.35 9.39429
internal_count=48935 4631 1393 3238 1806 781 1025 1432 1317 1369 327 1042 44304 1838 1788 1740 115 48 42466 226 162 64 42240 29062 13178 50
is_linear=0
shrinkage=0.05


Tree=297
num_leaves=27
num_cat=0
split_feature=13 26 6 19 13 29 31 36 19 15 3 13 1 25 44 25 7 39 21 39 34 9 21 13 1 3
split_gain=2.03351 4.0225 4.67029 3.99808 3.61793 3.49253 4.37079 2.44088 2.34304 4.7943 5.85868 5.71358 4.63928 3.90702 3.8106 2.97423 6.49627 5.59061 3.27741 3.14979 1.73037 0.0772619 0.0327221 0.0123831 0.00544574 6.47761e-05
threshold=0.25850000000000006 0.31500000000000006 0.24550000000000002 0.25650000000000006 1.0000000180025095e-35 2.7670000000000008 0.67500000000000016 0.52650000000000008 0.44600000000000006 -1.4914999999999998 0.80400000000000016 1.0440000000000003 27.500000000000004 513.50000000000011 0.46250000000000008 513.50000000000011 0.60750000000000004 2.5010000000000003 -41.499999999999993 2.7625000000000006 0.60350000000000004 0.58950000000000002 3.5000000000000004 1.0000000180025095e-35 5.5000000000000009 2.9500000000000006
decision_type=2 2 2 2 2 2 2 2 2 2 2 2 2 2 2 2 2 2 2 2 2 2 2 2 2 2
left_child=1 2 22 5 25 6 -3 21 9 12 14 -12 13 -2 -11 18 17 -17 -10 -20 -18 -5 24 -7 -1 -4
right_child=8 3 4 7 -6 23 -8 -9 15 10 11 -13 -14 -15 -16 16 20 -19 19 -21 -22 -23 -24 -25 -26 -27
leaf_value=-0.05426884956052036 -0.0083825725565289944 -0.030819080163538168 -0.0506782427136842 -0.074431765168899655 0.12313497893218486 -0.051122332213921234 0.045228657747628978 0.013282728663447402 -0.043259593441537021 -0.065978960366751313 0.01135483801979425 0.061398514262658799 0.048678285818010383 0.026548528525516913 -0.0060500826053563952 0.0061276881762615705 0.077007673718692063 -0.0055222494629155105 0.00035705158166348696 -0.0045019111760916516 0.020699634307148225 -0.056925965518076174 -0.081763645904669544 -0.062855553003953846 -0.065508730373009152 -0.052251319346997629
leaf_weight=0.2669954950306449 97.531217624025885 3.2214260987238976 0.29302228511369288 0.69341101832105589 1.4222284350544214 0.25975300002028201 4.5694956251827534 1.4013592677092672 4.3456907123327246 3.1627542437054244 140.27257107873447 5.945357344695366 4.101472705602645 8.7207611713092756 16.442504934966564 123.92958384432131 2.9581988830468608 609.18119460943853 8775.448008378451 346.70658608939266 2.5323719889856875 6.9241464576971339 0.23756358027458191 1.6745659206062555 0.18069574236869812 0.084259878378361464
leaf_count=58 645 149 117 18 8 143 210 38 19 20 858 95 19 57 85 575 31 2884 41024 1649 17 189 1 12 1 13
internal_value=-4.80966e-07 -0.0154592 0.0443192 -0.0233836 0.08662 -0.0011459 0.0137841 -0.0473629 3.18791e-05 0.00457413 0.00994828 0.0133897 -0.00350135 -0.00551556 -0.0157179 -9.52826e-05 -0.00314706 -0.00355287 0.000151696 0.000172377 0.0510372 -0.0585195 -0.0667646 -0.0612799 -0.0588055 -0.0510296
internal_weight=10162.5 21.2289 2.48477 18.7442 1.79951 9.72524 7.79092 9.01892 10141.3 276.177 165.823 146.218 110.353 106.252 19.6053 9865.1 738.601 733.111 9126.5 9122.15 5.49057 7.61756 0.685255 1.93432 0.447691 0.377282
internal_count=48935 957 198 759 138 514 359 245 47978 1779 1058 953 721 702 105 46199 3507 3459 42692 42673 48 207 60 155 59 130
is_linear=0
shrinkage=0.05


Tree=298
num_leaves=18
num_cat=0
split_feature=4 11 5 23 28 14 25 44 1 7 1 29 0 22 25 17 35
split_gain=2.06156 4.50914 4.19092 5.26576 9.21934 5.57757 4.31753 4.20751 3.76454 4.84436 4.59218 4.45039 4.54815 3.56047 5.02087 3.41104 1.21511
threshold=0.87750000000000006 56.500000000000007 -0.14049999999999999 0.21400000000000008 0.32350000000000007 1.1775000000000002 510.50000000000006 0.48800000000000004 62.500000000000007 0.14550000000000002 57.500000000000007 2.4155000000000002 1.5000000000000002 0.87777777777777788 514.50000000000011 0.23900000000000002 0.82850000000000013
decision_type=2 2 2 2 2 2 2 2 2 2 2 2 2 2 2 2 2
left_child=1 2 6 5 -5 -4 16 -8 10 -10 13 -12 -13 15 -15 -2 -1
right_child=8 -3 3 4 -6 -7 7 -9 9 -11 11 12 -14 14 -16 -17 -18
leaf_value=-0.049854307945832357 -0.00075471515717013312 0.038142254792606196 -0.002926818391429675 -0.0016255085275106666 -0.015169347987880466 0.0068217534062057416 0.023374221266045606 -0.032860672904319946 0.0094258828335128456 -0.055241692245993415 0.054462644727777725 0.025743009650345657 -0.0086383881570327951 0.039073406328911847 -0.054955193882757603 0.0012338360221191421 -0.0095286660004405329
leaf_weight=10.446885166253198 4456.631878524684 7.052508905529975 286.89425451660827 682.81396721993224 153.98357695223967 300.31070285616443 7.372047881362958 6.0608954448834993 5.0231594592332822 6.8389032632112503 6.5133362561464301 20.727350294589996 17.9481330960989 10.923724749009123 1.6317851728526864 4178.4078534727159 2.2748464266187503
leaf_count=86 20857 30 1550 3744 987 1380 53 48 22 29 27 90 77 320 16 19598 21
internal_value=-5.09423e-07 -0.0017411 -0.00193506 -0.00157078 -0.00411778 0.00205884 -0.0217685 -0.00199876 0.000290875 -0.0278573 0.000329286 0.0162269 0.00978763 0.000246211 0.0268529 0.000207525 -0.0426434
internal_weight=10161.9 1457.21 1450.16 1424 836.798 587.205 26.1547 13.4329 8704.65 11.8621 8692.78 45.1888 38.6755 8647.6 12.5555 8635.04 12.7217
internal_count=48935 7899 7869 7661 4731 2930 208 101 41036 51 40985 194 167 40791 336 40455 107
is_linear=0
shrinkage=0.05


Tree=299
num_leaves=30
num_cat=0
split_feature=40 40 8 40 2 24 31 13 16 16 30 4 2 21 23 36 44 36 41 19 4 4 44 22 6 1 24 9 5
split_gain=2.14744 6.41083 5.9851 5.26166 6.66999 8.40528 6.58443 5.8888 7.07016 6.07834 5.11996 8.31445 5.78326 5.08143 6.0963 8.08028 6.13351 5.30159 6.74542 6.31376 4.81037 4.18785 4.59744 4.28275 8.37605 4.5055 4.04614 3.68821 2.73073
threshold=0.72050000000000003 0.72550000000000014 1.0000000180025095e-35 0.71850000000000003 11.500000000000002 2.8575000000000004 0.64750000000000008 1.8870000000000002 0.18050000000000002 0.63450000000000017 1.5840000000000003 0.81950000000000001 7.5000000000000009 16.500000000000004 1.2540000000000002 0.44850000000000007 0.47050000000000003 0.60000000000000009 0.51650000000000007 2.2455000000000003 1.6100000000000001 0.40350000000000003 0.46000000000000008 -0.19999999999999993 0.17750000000000002 31.500000000000004 3.2415000000000007 1.9425000000000001 -1.1889999999999998
decision_type=2 2 2 2 2 2 2 2 2 2 2 2 2 2 2 2 2 2 2 2 2 2 2 2 2 2 2 2 2
left_child=3 2 20 13 7 6 -6 8 -5 -9 12 -12 -4 17 16 -16 -15 18 -1 -19 -2 22 -3 25 -25 -23 -7 -24 -22
right_child=1 21 10 4 5 26 -8 9 -10 -11 11 -13 -14 14 15 -17 -18 19 -20 -21 28 23 27 24 -26 -27 -28 -29 -30
leaf_value=-0.002679011874388175 -0.0103924292220839 0.049358487450488535 0.012628764095301726 0.012024252360198365 -0.035033166986074164 -0.042723339463806735 0.012894358756487912 0.061743249621133103 -0.043250388703616346 -0.028349357064363478 -0.016923674658457021 0.01572461356326137 -0.00015224910378319062 0.013209244026579395 -0.012030703450369298 0.05022850118903488 -0.003939184421487372 0.0086806065197753204 0.0093379183643464824 -0.023472354429886405 0.026841077250462669 -0.0010706253953426837 0.010341496711098252 0.009323591820457262 0.00031928272431460027 -0.008613426736824947 -0.0010907876106354395 -0.024736998036332454 0.082045886628085998
leaf_weight=2178.0548900122594 3.5848195211437988 2.6787843009533381 106.25327704843221 7.0203511574472932 8.2068605422973615 15.758349142968656 56.513277426362038 3.58977465936914 32.881376938894391 3.9128383462084457 22.319183112886094 154.43079625882092 529.9551842417568 93.452868916094303 7.6704809144139317 16.256223089993 117.96282114833593 197.40331913125556 123.39418752841084 16.548032286256785 3.9713542682584366 1617.4354233649501 9.2918919899511803 274.86511782447633 4278.4594437023043 225.59135852009058 9.2685442045330984 38.712267226612312 5.138516806298866
leaf_count=10663 36 38 732 53 40 71 247 24 156 31 124 725 2350 418 36 73 521 947 599 92 42 7938 139 1523 19658 970 42 614 33
internal_value=-5.29325e-07 0.000457522 0.00460573 -0.00115406 -0.010712 -0.00269835 0.00681689 -0.0258837 -0.0335253 0.0147572 0.00407377 0.0116019 0.00198231 -0.000677498 0.00634824 0.0302693 0.003641 -0.00133483 -0.00203471 0.00619374 0.0386724 -7.37279e-05 -0.0143897 3.9708e-05 0.000862835 -0.00199388 -0.027305 -0.0179471 0.0579799
internal_weight=10160.6 7272.69 825.653 2887.89 137.151 89.747 64.7201 47.4043 39.9017 7.50261 812.958 176.75 636.208 2750.74 235.342 23.9267 211.416 2515.4 2301.45 213.951 12.6947 6447.03 50.6829 6396.35 4553.32 1843.03 25.0269 48.0042 9.10987
internal_count=48935 34922 4042 14013 664 400 287 264 209 55 3931 849 3082 13349 1048 109 939 12301 11262 1039 111 30880 791 30089 21181 8908 113 753 75
is_linear=0
shrinkage=0.05


end of trees

feature_importances:
Column_13=615
Column_4=591
Column_24=512
Column_3=457
Column_7=367
Column_14=356
Column_17=312
Column_19=233
Column_1=232
Column_9=219
Column_11=209
Column_16=209
Column_36=199
Column_22=185
Column_6=184
Column_8=177
Column_2=174
Column_23=169
Column_18=167
Column_15=162
Column_5=149
Column_21=146
Column_44=144
Column_40=141
Column_26=133
Column_39=132
Column_41=129
Column_42=126
Column_27=109
Column_30=106
Column_25=98
Column_28=98
Column_20=94
Column_37=71
Column_31=65
Column_0=63
Column_10=59
Column_59=58
Column_33=56
Column_29=55
Column_32=54
Column_43=52
Column_12=46
Column_34=25
Column_35=22

parameters:
[boosting: gbdt]
[objective: binary]
[metric: binary_logloss]
[tree_learner: serial]
[device_type: cpu]
[data_sample_strategy: bagging]
[data: ]
[valid: ]
[num_iterations: 300]
[learning_rate: 0.05]
[num_leaves: 31]
[num_threads: 4]
[seed: 0]
[deterministic: 0]
[force_col_wise: 0]
[force_row_wise: 0]
[histogram_pool_size: -1]
[max_depth: 5]
[min_data_in_leaf: 20]
[min_sum_hessian_in_leaf: 0.001]
[bagging_fraction: 0.8]
[pos_bagging_fraction: 1]
[neg_bagging_fraction: 1]
[bagging_freq: 0]
[bagging_seed: 3]
[bagging_by_query: 0]
[feature_fraction: 0.8]
[feature_fraction_bynode: 1]
[feature_fraction_seed: 2]
[extra_trees: 0]
[extra_seed: 6]
[early_stopping_round: 0]
[early_stopping_min_delta: 0]
[first_metric_only: 0]
[max_delta_step: 0]
[lambda_l1: 0]
[lambda_l2: 0]
[linear_lambda: 0]
[min_gain_to_split: 0]
[drop_rate: 0.1]
[max_drop: 50]
[skip_drop: 0.5]
[xgboost_dart_mode: 0]
[uniform_drop: 0]
[drop_seed: 4]
[top_rate: 0.2]
[other_rate: 0.1]
[min_data_per_group: 100]
[max_cat_threshold: 32]
[cat_l2: 10]
[cat_smooth: 10]
[max_cat_to_onehot: 4]
[top_k: 20]
[monotone_constraints: ]
[monotone_constraints_method: basic]
[monotone_penalty: 0]
[feature_contri: ]
[forcedsplits_filename: ]
[refit_decay_rate: 0.9]
[cegb_tradeoff: 1]
[cegb_penalty_split: 0]
[cegb_penalty_feature_lazy: ]
[cegb_penalty_feature_coupled: ]
[path_smooth: 0]
[interaction_constraints: ]
[verbosity: -1]
[saved_feature_importance_type: 0]
[use_quantized_grad: 0]
[num_grad_quant_bins: 4]
[quant_train_renew_leaf: 0]
[stochastic_rounding: 1]
[linear_tree: 0]
[max_bin: 255]
[max_bin_by_feature: ]
[min_data_in_bin: 3]
[bin_construct_sample_cnt: 200000]
[data_random_seed: 1]
[is_enable_sparse: 1]
[enable_bundle: 1]
[use_missing: 1]
[zero_as_missing: 0]
[feature_pre_filter: 1]
[pre_partition: 0]
[two_round: 0]
[header: 0]
[label_column: ]
[weight_column: ]
[group_column: ]
[ignore_column: ]
[categorical_feature: ]
[forcedbins_filename: ]
[precise_float_parser: 0]
[parser_config_file: ]
[objective_seed: 5]
[num_class: 1]
[is_unbalance: 0]
[scale_pos_weight: 1]
[sigmoid: 1]
[boost_from_average: 1]
[reg_sqrt: 0]
[alpha: 0.9]
[fair_c: 1]
[poisson_max_delta_step: 0.7]
[tweedie_variance_power: 1.5]
[lambdarank_truncation_level: 30]
[lambdarank_norm: 1]
[label_gain: ]
[lambdarank_position_bias_regularization: 0]
[eval_at: ]
[multi_error_top_k: 1]
[auc_mu_weights: ]
[num_machines: 1]
[local_listen_port: 12400]
[time_out: 120]
[machine_list_filename: ]
[machines: ]
[gpu_platform_id: -1]
[gpu_device_id: -1]
[gpu_use_dp: 0]
[num_gpu: 1]

end of parameters

pandas_categorical:null
